WARNING[Main]: /!\ You are using the old mod storage files backend. This backend is deprecated and may be removed in a future release /!\
WARNING[Main]: Switching to SQLite3 is advised, please read https://docs.luanti.org/for-server-hosts/database-backends.
[MOD] Mobs Redo loaded
WARNING[Main]: No craft recipe matches input (type: fuel, items: ['default:pick_mese'])
WARNING[Main]: No craft recipe matches input (type: fuel, items: ['default:shovel_mese'])
WARNING[Main]: No craft recipe matches input (type: fuel, items: ['default:axe_mese'])
WARNING[Main]: No craft recipe matches input (type: fuel, items: ['default:sword_mese'])
WARNING[Main]: No craft recipe matches input (type: fuel, items: ['default:pick_diamond'])
WARNING[Main]: No craft recipe matches input (type: fuel, items: ['default:shovel_diamond'])
WARNING[Main]: No craft recipe matches input (type: fuel, items: ['default:axe_diamond'])
WARNING[Main]: No craft recipe matches input (type: fuel, items: ['default:sword_diamond'])
WARNING[Main]: No craft recipe matches input (type: fuel, items: ['default:copper_ingot'])
WARNING[Main]: No craft recipe matches input (type: fuel, items: ['default:copperblock'])
WARNING[Main]: No craft recipe matches input (type: fuel, items: ['default:tin_ingot'])
WARNING[Main]: No craft recipe matches input (type: fuel, items: ['default:tinblock'])
WARNING[Main]: No craft recipe matches input (type: fuel, items: ['default:bronze_ingot'])
WARNING[Main]: No craft recipe matches input (type: fuel, items: ['default:bronzeblock'])
WARNING[Main]: No craft recipe matches input (type: fuel, items: ['default:steel_ingot'])
WARNING[Main]: No craft recipe matches input (type: fuel, items: ['default:steelblock'])
WARNING[Main]: No craft recipe matches input (type: fuel, items: ['default:gold_ingot'])
WARNING[Main]: No craft recipe matches input (type: fuel, items: ['default:goldblock'])
WARNING[Main]: No craft recipe known for output 'default:stone_with_mese'
WARNING[Main]: No craft recipe matches input (type: fuel, items: ['default:stone_with_mese'])
WARNING[Main]: No craft recipe matches input (type: fuel, items: ['default:mese'])
WARNING[Main]: No craft recipe matches input (type: fuel, items: ['default:mese_crystal'])
WARNING[Main]: No craft recipe matches input (type: fuel, items: ['default:mese_crystal_fragment'])
WARNING[Main]: No craft recipe matches input (type: fuel, items: ['default:meselamp'])
WARNING[Main]: No craft recipe matches input (type: fuel, items: ['default:mese_post_light'])
WARNING[Main]: No craft recipe matches input (type: fuel, items: ['default:mese_post_light_acacia_wood'])
WARNING[Main]: No craft recipe matches input (type: fuel, items: ['default:mese_post_light_junglewood'])
WARNING[Main]: No craft recipe matches input (type: fuel, items: ['default:mese_post_light_pine_wood'])
WARNING[Main]: No craft recipe matches input (type: fuel, items: ['default:mese_post_light_aspen_wood'])
WARNING[Main]: No craft recipe known for output 'default:stone_with_diamond'
WARNING[Main]: No craft recipe matches input (type: fuel, items: ['default:stone_with_diamond'])
WARNING[Main]: No craft recipe matches input (type: fuel, items: ['default:diamond'])
WARNING[Main]: No craft recipe matches input (type: fuel, items: ['default:diamondblock'])
WARNING[Main]: No craft recipe matches input (type: fuel, items: ['default:sign_wall_steel'])
WARNING[Main]: No craft recipe matches input (type: fuel, items: ['default:ladder_steel'])
WARNING[Main]: No craft recipe matches input (type: fuel, items: ['stairs:stair_steelblock'])
WARNING[Main]: No craft recipe matches input (type: fuel, items: ['stairs:stair_inner_steelblock'])
WARNING[Main]: No craft recipe matches input (type: fuel, items: ['stairs:stair_outer_steelblock'])
WARNING[Main]: No craft recipe matches input (type: fuel, items: ['stairs:slab_steelblock'])
WARNING[Main]: No craft recipe matches input (type: fuel, items: ['stairs:stair_tinblock'])
WARNING[Main]: No craft recipe matches input (type: fuel, items: ['stairs:stair_inner_tinblock'])
WARNING[Main]: No craft recipe matches input (type: fuel, items: ['stairs:stair_outer_tinblock'])
WARNING[Main]: No craft recipe matches input (type: fuel, items: ['stairs:slab_tinblock'])
WARNING[Main]: No craft recipe matches input (type: fuel, items: ['stairs:stair_copperblock'])
WARNING[Main]: No craft recipe matches input (type: fuel, items: ['stairs:stair_inner_copperblock'])
WARNING[Main]: No craft recipe matches input (type: fuel, items: ['stairs:stair_outer_copperblock'])
WARNING[Main]: No craft recipe matches input (type: fuel, items: ['stairs:slab_copperblock'])
WARNING[Main]: No craft recipe matches input (type: fuel, items: ['stairs:stair_bronzeblock'])
WARNING[Main]: No craft recipe matches input (type: fuel, items: ['stairs:stair_inner_bronzeblock'])
WARNING[Main]: No craft recipe matches input (type: fuel, items: ['stairs:stair_outer_bronzeblock'])
WARNING[Main]: No craft recipe matches input (type: fuel, items: ['stairs:slab_bronzeblock'])
WARNING[Main]: No craft recipe matches input (type: fuel, items: ['stairs:stair_goldblock'])
WARNING[Main]: No craft recipe matches input (type: fuel, items: ['stairs:stair_inner_goldblock'])
WARNING[Main]: No craft recipe matches input (type: fuel, items: ['stairs:stair_outer_goldblock'])
WARNING[Main]: No craft recipe matches input (type: fuel, items: ['stairs:slab_goldblock'])
ACTION[Main]: [grug_gear] 6 bracket catalogs: 24 weapons + 48 armor pieces
ACTION[Main]: [grug_materials] registry audit passed: 6 tiers, 15 resources, 12 processed forms, 6 race regions
ACTION[Main]: GRUG_WP40_PROFILE_PROBE phase=cold event=start engine=5.17.0 lua=LuaJIT_2.1.1784272936 seed=0 cases=10 manifest=1def39eb4797c00c7b134a8c493e1bd819c08840d0f5a4010cabda62d28f439a full_digest=true
ACTION[Main]: [grug_traders] drop audit: 1 mob(s) use a `drops` FUNCTION and cannot be walked statically (grug_mobs:bandit); their items are audited from the hardcoded FUNCTION_DROPS list
 _                   _   _ 
| |_   _  __ _ _ __ | |_(_)
| | | | |/ _` | '_ \| __| |
| | |_| | (_| | | | | |_| |
|_|\__,_|\__,_|_| |_|\__|_|  ___ 5.17.0
ACTION[Main]: World at [/tmp/grudgelands-wp40-profile-run.6tT0HPwd/world]
ACTION[Main]: Server for gameid="grudgelands" listening on 127.0.0.1:32710.
ACTION[Emerge-0]: GRUG_WP40_PROFILE_CALLBACK callback=1 minp=-1872,-32,-2592 maxp=-1793,47,-2513 blockseed=3799390529 plan_us=384031 writer_us=195061 total_us=579092 columns=6400 candidate_cells=49 candidates=0 r5_runs=25600 result=applied_clq vm_get_emerged_area_calls=1 vm_get_emerged_area_us=2 vm_get_data_calls=1 vm_get_data_us=4124 vm_get_param2_data_calls=1 vm_get_param2_data_us=4141 vm_get_light_data_calls=2 vm_get_light_data_us=8127 vm_set_data_calls=1 vm_set_data_us=7291 vm_set_param2_data_calls=0 vm_set_param2_data_us=0 vm_set_lighting_calls=81 vm_set_lighting_us=181 vm_calc_lighting_calls=1 vm_calc_lighting_us=4206 vm_set_light_data_calls=1 vm_set_light_data_us=7263 vm_update_liquids_calls=1 vm_update_liquids_us=893
ACTION[Emerge-0]: GRUG_WP40_PROFILE_PROBE phase=cold event=emerge case=pine_hearthpine_center mapchunk=-1872,-32,-2592 elapsed_us=8121512 generated=1 disk=0 memory=124 cancelled=0 errored=0
ACTION[Emerge-0]: GRUG_WP40_PROFILE_CALLBACK callback=2 minp=-1792,-32,-2592 maxp=-1713,47,-2513 blockseed=3693650209 plan_us=260184 writer_us=208940 total_us=469124 columns=6400 candidate_cells=49 candidates=0 r5_runs=25600 result=applied_clq vm_get_emerged_area_calls=1 vm_get_emerged_area_us=2 vm_get_data_calls=1 vm_get_data_us=4211 vm_get_param2_data_calls=1 vm_get_param2_data_us=4196 vm_get_light_data_calls=2 vm_get_light_data_us=8082 vm_set_data_calls=1 vm_set_data_us=7389 vm_set_param2_data_calls=0 vm_set_param2_data_us=0 vm_set_lighting_calls=81 vm_set_lighting_us=199 vm_calc_lighting_calls=1 vm_calc_lighting_us=4885 vm_set_light_data_calls=1 vm_set_light_data_us=7118 vm_update_liquids_calls=1 vm_update_liquids_us=913
ACTION[Emerge-0]: GRUG_WP40_PROFILE_PROBE phase=cold event=emerge case=pine_hearthpine_east mapchunk=-1792,-32,-2592 elapsed_us=503691 generated=1 disk=0 memory=124 cancelled=0 errored=0
ACTION[Emerge-0]: GRUG_WP40_PROFILE_CALLBACK callback=3 minp=-1872,-32,-2512 maxp=-1793,47,-2433 blockseed=1181963239 plan_us=282796 writer_us=260521 total_us=543317 columns=6400 candidate_cells=49 candidates=64 r5_runs=25600 result=applied_clq vm_get_emerged_area_calls=1 vm_get_emerged_area_us=1 vm_get_data_calls=1 vm_get_data_us=4101 vm_get_param2_data_calls=1 vm_get_param2_data_us=4084 vm_get_light_data_calls=2 vm_get_light_data_us=8212 vm_set_data_calls=1 vm_set_data_us=7301 vm_set_param2_data_calls=0 vm_set_param2_data_us=0 vm_set_lighting_calls=1 vm_set_lighting_us=235 vm_calc_lighting_calls=1 vm_calc_lighting_us=4633 vm_set_light_data_calls=1 vm_set_light_data_us=7082 vm_update_liquids_calls=1 vm_update_liquids_us=917
ACTION[Emerge-0]: GRUG_WP40_PROFILE_PROBE phase=cold event=emerge case=pine_hearthpine_south mapchunk=-1872,-32,-2512 elapsed_us=580229 generated=1 disk=0 memory=124 cancelled=0 errored=0
ACTION[Emerge-0]: GRUG_WP40_PROFILE_CALLBACK callback=4 minp=-32,-32,-1552 maxp=47,47,-1473 blockseed=893986625 plan_us=361163 writer_us=210498 total_us=571661 columns=6400 candidate_cells=49 candidates=0 r5_runs=19200 result=applied_clq vm_get_emerged_area_calls=1 vm_get_emerged_area_us=2 vm_get_data_calls=1 vm_get_data_us=4103 vm_get_param2_data_calls=1 vm_get_param2_data_us=4098 vm_get_light_data_calls=2 vm_get_light_data_us=8712 vm_set_data_calls=1 vm_set_data_us=7271 vm_set_param2_data_calls=0 vm_set_param2_data_us=0 vm_set_lighting_calls=1 vm_set_lighting_us=152 vm_calc_lighting_calls=1 vm_calc_lighting_us=1412 vm_set_light_data_calls=1 vm_set_light_data_us=7303 vm_update_liquids_calls=1 vm_update_liquids_us=946
ACTION[Emerge-0]: GRUG_WP40_PROFILE_PROBE phase=cold event=emerge case=human_capital mapchunk=-32,-32,-1552 elapsed_us=602094 generated=1 disk=0 memory=124 cancelled=0 errored=0
ACTION[Emerge-0]: GRUG_WP40_PROFILE_CALLBACK callback=5 minp=-32,48,-272 maxp=47,127,-193 blockseed=1667303045 plan_us=394327 writer_us=528129 total_us=922456 columns=6400 candidate_cells=49 candidates=1350 r5_runs=19200 result=applied_cplq vm_get_emerged_area_calls=1 vm_get_emerged_area_us=2 vm_get_data_calls=1 vm_get_data_us=4114 vm_get_param2_data_calls=1 vm_get_param2_data_us=4072 vm_get_light_data_calls=2 vm_get_light_data_us=8128 vm_set_data_calls=1 vm_set_data_us=7214 vm_set_param2_data_calls=1 vm_set_param2_data_us=7101 vm_set_lighting_calls=81 vm_set_lighting_us=163 vm_calc_lighting_calls=1 vm_calc_lighting_us=5319 vm_set_light_data_calls=1 vm_set_light_data_us=7029 vm_update_liquids_calls=1 vm_update_liquids_us=955
ACTION[Emerge-0]: GRUG_WP40_PROFILE_PROBE phase=cold event=emerge case=elandor_front mapchunk=-32,48,-272 elapsed_us=949881 generated=1 disk=0 memory=124 cancelled=0 errored=0
ACTION[Emerge-0]: GRUG_RESOURCE_AUDIT	coal	-47	-2	-2	1	ordinary	2831	22	3	3	0	0	22
ACTION[Emerge-0]: GRUG_RESOURCE_AUDIT	coal	-46	-2	-2	1	ordinary	2847	22	3	3	0	0	22
ACTION[Emerge-0]: GRUG_RESOURCE_AUDIT	coal	-45	-2	-2	1	ordinary	3231	26	4	4	0	0	26
ACTION[Emerge-0]: GRUG_RESOURCE_AUDIT	coal	-44	-2	-2	1	ordinary	2974	24	3	3	0	0	24
ACTION[Emerge-0]: GRUG_RESOURCE_AUDIT	coal	-43	-2	-2	1	ordinary	2395	19	3	3	0	0	19
ACTION[Emerge-0]: GRUG_RESOURCE_AUDIT	coal	-47	-2	-1	1	ordinary	1933	15	2	2	0	0	15
ACTION[Emerge-0]: GRUG_RESOURCE_AUDIT	coal	-46	-2	-1	1	ordinary	1556	12	2	2	0	0	12
ACTION[Emerge-0]: GRUG_RESOURCE_AUDIT	coal	-45	-2	-1	1	ordinary	1207	9	2	2	0	0	9
ACTION[Emerge-0]: GRUG_RESOURCE_AUDIT	coal	-44	-2	-1	1	ordinary	1490	12	2	2	0	0	12
ACTION[Emerge-0]: GRUG_RESOURCE_AUDIT	coal	-43	-2	-1	1	ordinary	1856	15	2	2	0	0	15
ACTION[Emerge-0]: GRUG_RESOURCE_AUDIT	coal	-47	-2	0	1	ordinary	1934	15	2	2	0	0	15
ACTION[Emerge-0]: GRUG_RESOURCE_AUDIT	coal	-46	-2	0	1	ordinary	1246	10	2	2	0	0	10
ACTION[Emerge-0]: GRUG_RESOURCE_AUDIT	coal	-45	-2	0	1	ordinary	994	8	1	1	0	0	8
ACTION[Emerge-0]: GRUG_RESOURCE_AUDIT	coal	-44	-2	0	1	ordinary	1469	11	2	2	0	0	11
ACTION[Emerge-0]: GRUG_RESOURCE_AUDIT	coal	-43	-2	0	1	ordinary	1585	13	2	2	0	0	13
ACTION[Emerge-0]: GRUG_RESOURCE_AUDIT	coal	-47	-2	1	1	ordinary	924	8	1	1	0	0	8
ACTION[Emerge-0]: GRUG_RESOURCE_AUDIT	coal	-46	-2	1	1	ordinary	1900	14	2	2	0	0	14
ACTION[Emerge-0]: GRUG_RESOURCE_AUDIT	coal	-45	-2	1	1	ordinary	1879	15	2	2	0	0	15
ACTION[Emerge-0]: GRUG_RESOURCE_AUDIT	coal	-44	-2	1	1	ordinary	2574	20	3	3	0	0	20
ACTION[Emerge-0]: GRUG_RESOURCE_AUDIT	coal	-43	-2	1	1	ordinary	3205	25	4	4	0	0	25
ACTION[Emerge-0]: GRUG_RESOURCE_AUDIT	coal	-47	-2	2	1	ordinary	889	7	1	1	0	0	7
ACTION[Emerge-0]: GRUG_RESOURCE_AUDIT	coal	-47	-1	2	1	ordinary	29	0	0	0	0	0	0
ACTION[Emerge-0]: GRUG_RESOURCE_AUDIT	coal	-46	-2	2	1	ordinary	2710	22	3	3	0	0	22
ACTION[Emerge-0]: GRUG_RESOURCE_AUDIT	coal	-45	-2	2	1	ordinary	2192	17	3	3	0	0	17
ACTION[Emerge-0]: GRUG_RESOURCE_AUDIT	coal	-44	-2	2	1	ordinary	2608	21	3	3	0	0	21
ACTION[Emerge-0]: GRUG_RESOURCE_AUDIT	coal	-43	-2	2	1	ordinary	2912	23	3	3	0	0	23
ACTION[Emerge-0]: GRUG_RESOURCE_AUDIT	copper	-47	-2	-2	1	ordinary	2831	11	2	2	0	0	11
ACTION[Emerge-0]: GRUG_RESOURCE_AUDIT	copper	-46	-2	-2	1	ordinary	2847	11	2	2	0	0	11
ACTION[Emerge-0]: GRUG_RESOURCE_AUDIT	copper	-45	-2	-2	1	ordinary	3231	13	2	2	0	0	13
ACTION[Emerge-0]: GRUG_RESOURCE_AUDIT	copper	-44	-2	-2	1	ordinary	2974	11	2	2	0	0	11
ACTION[Emerge-0]: GRUG_RESOURCE_AUDIT	copper	-43	-2	-2	1	ordinary	2395	9	2	2	0	0	9
ACTION[Emerge-0]: GRUG_RESOURCE_AUDIT	copper	-47	-2	-1	1	ordinary	1933	8	1	1	0	0	8
ACTION[Emerge-0]: GRUG_RESOURCE_AUDIT	copper	-46	-2	-1	1	ordinary	1556	6	1	1	0	0	6
ACTION[Emerge-0]: GRUG_RESOURCE_AUDIT	copper	-45	-2	-1	1	ordinary	1207	4	1	1	0	0	4
ACTION[Emerge-0]: GRUG_RESOURCE_AUDIT	copper	-44	-2	-1	1	ordinary	1490	6	1	1	0	0	6
ACTION[Emerge-0]: GRUG_RESOURCE_AUDIT	copper	-43	-2	-1	1	ordinary	1856	7	1	1	0	0	7
ACTION[Emerge-0]: GRUG_RESOURCE_AUDIT	copper	-47	-2	0	1	ordinary	1934	8	1	1	0	0	8
ACTION[Emerge-0]: GRUG_RESOURCE_AUDIT	copper	-46	-2	0	1	ordinary	1246	4	1	1	0	0	4
ACTION[Emerge-0]: GRUG_RESOURCE_AUDIT	copper	-45	-2	0	1	ordinary	994	4	1	1	0	0	4
ACTION[Emerge-0]: GRUG_RESOURCE_AUDIT	copper	-44	-2	0	1	ordinary	1469	6	1	1	0	0	6
ACTION[Emerge-0]: GRUG_RESOURCE_AUDIT	copper	-43	-2	0	1	ordinary	1585	7	1	1	0	0	7
ACTION[Emerge-0]: GRUG_RESOURCE_AUDIT	copper	-47	-2	1	1	ordinary	924	3	1	1	0	0	3
ACTION[Emerge-0]: GRUG_RESOURCE_AUDIT	copper	-46	-2	1	1	ordinary	1900	7	1	1	0	0	7
ACTION[Emerge-0]: GRUG_RESOURCE_AUDIT	copper	-45	-2	1	1	ordinary	1879	7	1	1	0	0	7
ACTION[Emerge-0]: GRUG_RESOURCE_AUDIT	copper	-44	-2	1	1	ordinary	2574	10	2	2	0	0	10
ACTION[Emerge-0]: GRUG_RESOURCE_AUDIT	copper	-43	-2	1	1	ordinary	3205	13	2	2	0	0	13
ACTION[Emerge-0]: GRUG_RESOURCE_AUDIT	copper	-47	-2	2	1	ordinary	889	3	1	1	0	0	3
ACTION[Emerge-0]: GRUG_RESOURCE_AUDIT	copper	-47	-1	2	1	ordinary	29	0	0	0	0	0	0
ACTION[Emerge-0]: GRUG_RESOURCE_AUDIT	copper	-46	-2	2	1	ordinary	2710	10	2	2	0	0	10
ACTION[Emerge-0]: GRUG_RESOURCE_AUDIT	copper	-45	-2	2	1	ordinary	2192	9	2	2	0	0	9
ACTION[Emerge-0]: GRUG_RESOURCE_AUDIT	copper	-44	-2	2	1	ordinary	2608	10	2	2	0	0	10
ACTION[Emerge-0]: GRUG_RESOURCE_AUDIT	copper	-43	-2	2	1	ordinary	2912	11	2	2	0	0	11
ACTION[Emerge-0]: GRUG_RESOURCE_AUDIT	iron	-47	-2	-2	1	ordinary	2831	22	3	3	0	0	22
ACTION[Emerge-0]: GRUG_RESOURCE_AUDIT	iron	-46	-2	-2	1	ordinary	2847	22	3	3	0	0	22
ACTION[Emerge-0]: GRUG_RESOURCE_AUDIT	iron	-45	-2	-2	1	ordinary	3231	25	4	4	0	0	25
ACTION[Emerge-0]: GRUG_RESOURCE_AUDIT	iron	-44	-2	-2	1	ordinary	2974	23	3	3	0	0	23
ACTION[Emerge-0]: GRUG_RESOURCE_AUDIT	iron	-43	-2	-2	1	ordinary	2395	18	3	3	0	0	18
ACTION[Emerge-0]: GRUG_RESOURCE_AUDIT	iron	-47	-2	-1	1	ordinary	1933	15	2	2	0	0	15
ACTION[Emerge-0]: GRUG_RESOURCE_AUDIT	iron	-46	-2	-1	1	ordinary	1556	12	2	2	0	0	12
ACTION[Emerge-0]: GRUG_RESOURCE_AUDIT	iron	-45	-2	-1	1	ordinary	1207	10	2	2	0	0	10
ACTION[Emerge-0]: GRUG_RESOURCE_AUDIT	iron	-44	-2	-1	1	ordinary	1490	12	2	2	0	0	12
ACTION[Emerge-0]: GRUG_RESOURCE_AUDIT	iron	-43	-2	-1	1	ordinary	1856	14	2	2	0	0	14
ACTION[Emerge-0]: GRUG_RESOURCE_AUDIT	iron	-47	-2	0	1	ordinary	1934	15	2	2	0	0	15
ACTION[Emerge-0]: GRUG_RESOURCE_AUDIT	iron	-46	-2	0	1	ordinary	1246	10	2	2	0	0	10
ACTION[Emerge-0]: GRUG_RESOURCE_AUDIT	iron	-45	-2	0	1	ordinary	994	7	1	1	0	0	7
ACTION[Emerge-0]: GRUG_RESOURCE_AUDIT	iron	-44	-2	0	1	ordinary	1469	11	2	2	0	0	11
ACTION[Emerge-0]: GRUG_RESOURCE_AUDIT	iron	-43	-2	0	1	ordinary	1585	13	2	2	0	0	13
ACTION[Emerge-0]: GRUG_RESOURCE_AUDIT	iron	-47	-2	1	1	ordinary	924	8	1	1	0	0	8
ACTION[Emerge-0]: GRUG_RESOURCE_AUDIT	iron	-46	-2	1	1	ordinary	1900	15	2	2	0	0	15
ACTION[Emerge-0]: GRUG_RESOURCE_AUDIT	iron	-45	-2	1	1	ordinary	1879	15	2	2	0	0	15
ACTION[Emerge-0]: GRUG_RESOURCE_AUDIT	iron	-44	-2	1	1	ordinary	2574	20	3	3	0	0	20
ACTION[Emerge-0]: GRUG_RESOURCE_AUDIT	iron	-43	-2	1	1	ordinary	3205	25	4	4	0	0	25
ACTION[Emerge-0]: GRUG_RESOURCE_AUDIT	iron	-47	-2	2	1	ordinary	889	7	1	1	0	0	7
ACTION[Emerge-0]: GRUG_RESOURCE_AUDIT	iron	-47	-1	2	1	ordinary	29	0	0	0	0	0	0
ACTION[Emerge-0]: GRUG_RESOURCE_AUDIT	iron	-46	-2	2	1	ordinary	2710	22	3	3	0	0	22
ACTION[Emerge-0]: GRUG_RESOURCE_AUDIT	iron	-45	-2	2	1	ordinary	2192	17	3	3	0	0	17
ACTION[Emerge-0]: GRUG_RESOURCE_AUDIT	iron	-44	-2	2	1	ordinary	2608	20	3	3	1	0	20
ACTION[Emerge-0]: GRUG_RESOURCE_AUDIT	iron	-43	-2	2	1	ordinary	2912	23	3	3	0	0	23
ACTION[Emerge-0]: GRUG_RESOURCE_AUDIT	quartz	-47	-2	-2	1	ordinary	2831	11	2	2	0	0	11
ACTION[Emerge-0]: GRUG_RESOURCE_AUDIT	quartz	-46	-2	-2	1	ordinary	2847	11	2	2	0	0	11
ACTION[Emerge-0]: GRUG_RESOURCE_AUDIT	quartz	-45	-2	-2	1	ordinary	3231	13	2	2	0	0	13
ACTION[Emerge-0]: GRUG_RESOURCE_AUDIT	quartz	-44	-2	-2	1	ordinary	2974	12	2	2	0	0	12
ACTION[Emerge-0]: GRUG_RESOURCE_AUDIT	quartz	-43	-2	-2	1	ordinary	2395	9	2	2	0	0	9
ACTION[Emerge-0]: GRUG_RESOURCE_AUDIT	quartz	-47	-2	-1	1	ordinary	1933	8	1	1	0	0	8
ACTION[Emerge-0]: GRUG_RESOURCE_AUDIT	quartz	-46	-2	-1	1	ordinary	1556	6	1	1	0	0	6
ACTION[Emerge-0]: GRUG_RESOURCE_AUDIT	quartz	-45	-2	-1	1	ordinary	1207	5	1	1	0	0	5
ACTION[Emerge-0]: GRUG_RESOURCE_AUDIT	quartz	-44	-2	-1	1	ordinary	1490	6	1	1	0	0	6
ACTION[Emerge-0]: GRUG_RESOURCE_AUDIT	quartz	-43	-2	-1	1	ordinary	1856	7	1	1	0	0	7
ACTION[Emerge-0]: GRUG_RESOURCE_AUDIT	quartz	-47	-2	0	1	ordinary	1934	7	1	1	0	0	7
ACTION[Emerge-0]: GRUG_RESOURCE_AUDIT	quartz	-46	-2	0	1	ordinary	1246	5	1	1	0	0	5
ACTION[Emerge-0]: GRUG_RESOURCE_AUDIT	quartz	-45	-2	0	1	ordinary	994	4	1	1	0	0	4
ACTION[Emerge-0]: GRUG_RESOURCE_AUDIT	quartz	-44	-2	0	1	ordinary	1469	6	1	1	0	0	6
ACTION[Emerge-0]: GRUG_RESOURCE_AUDIT	quartz	-43	-2	0	1	ordinary	1585	7	1	1	0	0	7
ACTION[Emerge-0]: GRUG_RESOURCE_AUDIT	quartz	-47	-2	1	1	ordinary	924	3	1	1	0	0	3
ACTION[Emerge-0]: GRUG_RESOURCE_AUDIT	quartz	-46	-2	1	1	ordinary	1900	7	1	1	0	0	7
ACTION[Emerge-0]: GRUG_RESOURCE_AUDIT	quartz	-45	-2	1	1	ordinary	1879	8	1	1	0	0	8
ACTION[Emerge-0]: GRUG_RESOURCE_AUDIT	quartz	-44	-2	1	1	ordinary	2574	10	2	2	0	0	10
ACTION[Emerge-0]: GRUG_RESOURCE_AUDIT	quartz	-43	-2	1	1	ordinary	3205	13	2	2	0	0	13
ACTION[Emerge-0]: GRUG_RESOURCE_AUDIT	quartz	-47	-2	2	1	ordinary	889	3	1	1	0	0	3
ACTION[Emerge-0]: GRUG_RESOURCE_AUDIT	quartz	-47	-1	2	1	ordinary	29	0	0	0	0	0	0
ACTION[Emerge-0]: GRUG_RESOURCE_AUDIT	quartz	-46	-2	2	1	ordinary	2710	10	2	2	0	0	10
ACTION[Emerge-0]: GRUG_RESOURCE_AUDIT	quartz	-45	-2	2	1	ordinary	2192	9	2	2	0	0	9
ACTION[Emerge-0]: GRUG_RESOURCE_AUDIT	quartz	-44	-2	2	1	ordinary	2608	10	2	2	0	0	10
ACTION[Emerge-0]: GRUG_RESOURCE_AUDIT	quartz	-43	-2	2	1	ordinary	2912	11	2	2	0	0	11
ACTION[Emerge-0]: GRUG_RESOURCE_AUDIT	tin	-47	-2	-2	1	ordinary	2831	8	1	1	0	0	8
ACTION[Emerge-0]: GRUG_RESOURCE_AUDIT	tin	-46	-2	-2	1	ordinary	2847	7	1	1	0	0	7
ACTION[Emerge-0]: GRUG_RESOURCE_AUDIT	tin	-45	-2	-2	1	ordinary	3231	9	2	2	1	0	9
ACTION[Emerge-0]: GRUG_RESOURCE_AUDIT	tin	-44	-2	-2	1	ordinary	2974	8	1	1	0	0	8
ACTION[Emerge-0]: GRUG_RESOURCE_AUDIT	tin	-43	-2	-2	1	ordinary	2395	6	1	1	2	0	6
ACTION[Emerge-0]: GRUG_RESOURCE_AUDIT	tin	-47	-2	-1	1	ordinary	1933	5	1	1	0	0	5
ACTION[Emerge-0]: GRUG_RESOURCE_AUDIT	tin	-46	-2	-1	1	ordinary	1556	4	1	1	0	0	4
ACTION[Emerge-0]: GRUG_RESOURCE_AUDIT	tin	-45	-2	-1	1	ordinary	1207	4	1	1	0	0	4
ACTION[Emerge-0]: GRUG_RESOURCE_AUDIT	tin	-44	-2	-1	1	ordinary	1490	3	1	1	0	0	3
ACTION[Emerge-0]: GRUG_RESOURCE_AUDIT	tin	-43	-2	-1	1	ordinary	1856	5	1	1	0	0	5
ACTION[Emerge-0]: GRUG_RESOURCE_AUDIT	tin	-47	-2	0	1	ordinary	1934	5	1	1	0	0	5
ACTION[Emerge-0]: GRUG_RESOURCE_AUDIT	tin	-46	-2	0	1	ordinary	1246	3	1	1	0	0	3
ACTION[Emerge-0]: GRUG_RESOURCE_AUDIT	tin	-45	-2	0	1	ordinary	994	2	1	1	0	0	2
ACTION[Emerge-0]: GRUG_RESOURCE_AUDIT	tin	-44	-2	0	1	ordinary	1469	4	1	1	0	0	4
ACTION[Emerge-0]: GRUG_RESOURCE_AUDIT	tin	-43	-2	0	1	ordinary	1585	4	1	1	0	0	4
ACTION[Emerge-0]: GRUG_RESOURCE_AUDIT	tin	-47	-2	1	1	ordinary	924	3	1	1	0	0	3
ACTION[Emerge-0]: GRUG_RESOURCE_AUDIT	tin	-46	-2	1	1	ordinary	1900	5	1	1	0	0	5
ACTION[Emerge-0]: GRUG_RESOURCE_AUDIT	tin	-45	-2	1	1	ordinary	1879	5	1	1	0	0	5
ACTION[Emerge-0]: GRUG_RESOURCE_AUDIT	tin	-44	-2	1	1	ordinary	2574	6	1	1	0	0	6
ACTION[Emerge-0]: GRUG_RESOURCE_AUDIT	tin	-43	-2	1	1	ordinary	3205	8	1	1	0	0	8
ACTION[Emerge-0]: GRUG_RESOURCE_AUDIT	tin	-47	-2	2	1	ordinary	889	2	1	1	0	0	2
ACTION[Emerge-0]: GRUG_RESOURCE_AUDIT	tin	-47	-1	2	1	ordinary	29	0	0	0	0	0	0
ACTION[Emerge-0]: GRUG_RESOURCE_AUDIT	tin	-46	-2	2	1	ordinary	2710	7	1	1	0	0	7
ACTION[Emerge-0]: GRUG_RESOURCE_AUDIT	tin	-45	-2	2	1	ordinary	2192	6	1	1	0	0	6
ACTION[Emerge-0]: GRUG_RESOURCE_AUDIT	tin	-44	-2	2	1	ordinary	2608	7	1	1	1	0	7
ACTION[Emerge-0]: GRUG_RESOURCE_AUDIT	tin	-43	-2	2	1	ordinary	2912	7	1	1	0	0	7
ACTION[Emerge-0]: GRUG_WP40_PROFILE_CALLBACK callback=6 minp=-752,-32,-32 maxp=-673,47,47 blockseed=3068557649 plan_us=470781 writer_us=738723 total_us=1209504 columns=6400 candidate_cells=49 candidates=937 r5_runs=23043 result=applied_cplq vm_get_emerged_area_calls=1 vm_get_emerged_area_us=9 vm_get_data_calls=1 vm_get_data_us=4031 vm_get_param2_data_calls=1 vm_get_param2_data_us=4155 vm_get_light_data_calls=2 vm_get_light_data_us=8414 vm_set_data_calls=1 vm_set_data_us=7430 vm_set_param2_data_calls=1 vm_set_param2_data_us=7389 vm_set_lighting_calls=81 vm_set_lighting_us=159 vm_calc_lighting_calls=1 vm_calc_lighting_us=4173 vm_set_light_data_calls=1 vm_set_light_data_us=7042 vm_update_liquids_calls=1 vm_update_liquids_us=1150
ACTION[Emerge-0]: GRUG_WP40_PROFILE_PROBE phase=cold event=emerge case=broken_causeway mapchunk=-752,-32,-32 elapsed_us=1244378 generated=1 disk=0 memory=124 cancelled=0 errored=0
ACTION[Emerge-0]: GRUG_RESOURCE_AUDIT	coal	-27	-2	-97	1	ordinary	4096	32	4	4	0	0	32
ACTION[Emerge-0]: GRUG_RESOURCE_AUDIT	coal	-27	-1	-97	1	ordinary	3977	31	4	4	0	0	31
ACTION[Emerge-0]: GRUG_RESOURCE_AUDIT	coal	-27	0	-97	1	ordinary	2728	22	3	3	0	0	22
ACTION[Emerge-0]: GRUG_RESOURCE_AUDIT	coal	-27	1	-97	1	ordinary	443	4	1	1	0	0	4
ACTION[Emerge-0]: GRUG_RESOURCE_AUDIT	coal	-26	-2	-97	1	ordinary	3961	31	4	4	0	0	31
ACTION[Emerge-0]: GRUG_RESOURCE_AUDIT	coal	-26	-1	-97	1	ordinary	4096	32	4	4	0	0	32
ACTION[Emerge-0]: GRUG_RESOURCE_AUDIT	coal	-26	0	-97	1	ordinary	3220	25	4	4	0	0	25
ACTION[Emerge-0]: GRUG_RESOURCE_AUDIT	coal	-26	1	-97	1	ordinary	1023	8	1	1	0	0	8
ACTION[Emerge-0]: GRUG_RESOURCE_AUDIT	coal	-25	-2	-97	1	ordinary	4063	31	4	4	0	0	31
ACTION[Emerge-0]: GRUG_RESOURCE_AUDIT	coal	-25	-1	-97	1	ordinary	3955	31	4	4	0	0	31
ACTION[Emerge-0]: GRUG_RESOURCE_AUDIT	coal	-25	0	-97	1	ordinary	3674	29	4	4	0	0	29
ACTION[Emerge-0]: GRUG_RESOURCE_AUDIT	coal	-25	1	-97	1	ordinary	1530	12	2	2	0	0	12
ACTION[Emerge-0]: GRUG_RESOURCE_AUDIT	coal	-24	-2	-97	1	ordinary	4045	32	4	4	0	0	32
ACTION[Emerge-0]: GRUG_RESOURCE_AUDIT	coal	-24	-1	-97	1	ordinary	4046	32	4	4	0	0	32
ACTION[Emerge-0]: GRUG_RESOURCE_AUDIT	coal	-24	0	-97	1	ordinary	3287	26	4	4	0	0	26
ACTION[Emerge-0]: GRUG_RESOURCE_AUDIT	coal	-24	1	-97	1	ordinary	1655	13	2	2	0	0	13
ACTION[Emerge-0]: GRUG_RESOURCE_AUDIT	coal	-23	-2	-97	1	ordinary	4068	32	4	4	0	0	32
ACTION[Emerge-0]: GRUG_RESOURCE_AUDIT	coal	-23	-1	-97	1	ordinary	4080	32	4	4	0	0	32
ACTION[Emerge-0]: GRUG_RESOURCE_AUDIT	coal	-23	0	-97	1	ordinary	4001	31	4	4	0	0	31
ACTION[Emerge-0]: GRUG_RESOURCE_AUDIT	coal	-23	1	-97	1	ordinary	2012	16	2	2	0	0	16
ACTION[Emerge-0]: GRUG_RESOURCE_AUDIT	coal	-27	-2	-96	1	ordinary	4096	32	4	4	0	0	32
ACTION[Emerge-0]: GRUG_RESOURCE_AUDIT	coal	-27	-1	-96	1	ordinary	3256	25	4	4	0	0	25
ACTION[Emerge-0]: GRUG_RESOURCE_AUDIT	coal	-27	0	-96	1	ordinary	95	1	1	1	0	0	1
ACTION[Emerge-0]: GRUG_RESOURCE_AUDIT	coal	-26	-2	-96	1	ordinary	4002	31	4	4	0	0	31
ACTION[Emerge-0]: GRUG_RESOURCE_AUDIT	coal	-26	-1	-96	1	ordinary	3944	31	4	4	0	0	31
ACTION[Emerge-0]: GRUG_RESOURCE_AUDIT	coal	-26	0	-96	1	ordinary	585	5	1	1	0	0	5
ACTION[Emerge-0]: GRUG_RESOURCE_AUDIT	coal	-25	-2	-96	1	ordinary	3912	31	4	4	0	0	31
ACTION[Emerge-0]: GRUG_RESOURCE_AUDIT	coal	-25	-1	-96	1	ordinary	3974	31	4	4	0	0	31
ACTION[Emerge-0]: GRUG_RESOURCE_AUDIT	coal	-25	0	-96	1	ordinary	1356	11	2	2	0	0	11
ACTION[Emerge-0]: GRUG_RESOURCE_AUDIT	coal	-25	1	-96	1	ordinary	69	0	0	0	0	0	0
ACTION[Emerge-0]: GRUG_RESOURCE_AUDIT	coal	-24	-2	-96	1	ordinary	3987	31	4	4	0	0	31
ACTION[Emerge-0]: GRUG_RESOURCE_AUDIT	coal	-24	-1	-96	1	ordinary	4045	31	4	4	0	0	31
ACTION[Emerge-0]: GRUG_RESOURCE_AUDIT	coal	-24	0	-96	1	ordinary	3540	28	4	4	0	0	28
ACTION[Emerge-0]: GRUG_RESOURCE_AUDIT	coal	-24	1	-96	1	ordinary	1455	11	2	2	0	0	11
ACTION[Emerge-0]: GRUG_RESOURCE_AUDIT	coal	-23	-2	-96	1	ordinary	4033	31	4	4	0	0	31
ACTION[Emerge-0]: GRUG_RESOURCE_AUDIT	coal	-23	-1	-96	1	ordinary	4067	31	4	4	0	0	31
ACTION[Emerge-0]: GRUG_RESOURCE_AUDIT	coal	-23	0	-96	1	ordinary	4096	32	4	4	0	0	32
ACTION[Emerge-0]: GRUG_RESOURCE_AUDIT	coal	-23	1	-96	1	ordinary	2401	18	3	3	0	0	18
ACTION[Emerge-0]: GRUG_RESOURCE_AUDIT	coal	-27	-2	-95	1	ordinary	4072	32	4	4	0	0	32
ACTION[Emerge-0]: GRUG_RESOURCE_AUDIT	coal	-27	-1	-95	1	ordinary	2236	17	3	3	0	0	17
ACTION[Emerge-0]: GRUG_RESOURCE_AUDIT	coal	-26	-2	-95	1	ordinary	3983	31	4	4	0	0	31
ACTION[Emerge-0]: GRUG_RESOURCE_AUDIT	coal	-26	-1	-95	1	ordinary	3148	24	3	3	0	0	24
ACTION[Emerge-0]: GRUG_RESOURCE_AUDIT	coal	-26	0	-95	1	ordinary	77	1	1	1	0	0	1
ACTION[Emerge-0]: GRUG_RESOURCE_AUDIT	coal	-25	-2	-95	1	ordinary	4081	32	4	4	0	0	32
ACTION[Emerge-0]: GRUG_RESOURCE_AUDIT	coal	-25	-1	-95	1	ordinary	4047	31	4	4	0	0	31
ACTION[Emerge-0]: GRUG_RESOURCE_AUDIT	coal	-25	0	-95	1	ordinary	1030	8	1	1	0	0	8
ACTION[Emerge-0]: GRUG_RESOURCE_AUDIT	coal	-24	-2	-95	1	ordinary	4053	32	4	4	0	0	32
ACTION[Emerge-0]: GRUG_RESOURCE_AUDIT	coal	-24	-1	-95	1	ordinary	4096	32	4	4	0	0	32
ACTION[Emerge-0]: GRUG_RESOURCE_AUDIT	coal	-24	0	-95	1	ordinary	2086	16	2	2	0	0	16
ACTION[Emerge-0]: GRUG_RESOURCE_AUDIT	coal	-24	1	-95	1	ordinary	381	3	1	1	0	0	3
ACTION[Emerge-0]: GRUG_RESOURCE_AUDIT	coal	-23	-2	-95	1	ordinary	4096	32	4	4	0	0	32
ACTION[Emerge-0]: GRUG_RESOURCE_AUDIT	coal	-23	-1	-95	1	ordinary	4028	32	4	4	0	0	32
ACTION[Emerge-0]: GRUG_RESOURCE_AUDIT	coal	-23	0	-95	1	ordinary	3729	29	4	4	0	0	29
ACTION[Emerge-0]: GRUG_RESOURCE_AUDIT	coal	-23	1	-95	1	ordinary	1876	15	2	2	0	0	15
ACTION[Emerge-0]: GRUG_RESOURCE_AUDIT	coal	-27	-2	-94	1	ordinary	3919	31	4	4	0	0	31
ACTION[Emerge-0]: GRUG_RESOURCE_AUDIT	coal	-27	-1	-94	1	ordinary	2990	23	3	3	0	0	23
ACTION[Emerge-0]: GRUG_RESOURCE_AUDIT	coal	-27	0	-94	1	ordinary	29	0	0	0	0	0	0
ACTION[Emerge-0]: GRUG_RESOURCE_AUDIT	coal	-26	-2	-94	1	ordinary	3780	30	4	4	0	0	30
ACTION[Emerge-0]: GRUG_RESOURCE_AUDIT	coal	-26	-1	-94	1	ordinary	2131	17	3	3	0	0	17
ACTION[Emerge-0]: GRUG_RESOURCE_AUDIT	coal	-25	-2	-94	1	ordinary	4073	32	4	4	0	0	32
ACTION[Emerge-0]: GRUG_RESOURCE_AUDIT	coal	-25	-1	-94	1	ordinary	3538	28	4	4	0	0	28
ACTION[Emerge-0]: GRUG_RESOURCE_AUDIT	coal	-25	0	-94	1	ordinary	158	1	1	1	0	0	1
ACTION[Emerge-0]: GRUG_RESOURCE_AUDIT	coal	-24	-2	-94	1	ordinary	1852	14	2	2	0	0	14
ACTION[Emerge-0]: GRUG_RESOURCE_AUDIT	coal	-24	-1	-94	1	ordinary	1878	15	2	2	0	0	15
ACTION[Emerge-0]: GRUG_RESOURCE_AUDIT	coal	-24	0	-94	1	ordinary	371	3	1	1	0	0	3
ACTION[Emerge-0]: GRUG_RESOURCE_AUDIT	coal	-23	-2	-94	1	ordinary	2228	18	3	3	0	0	18
ACTION[Emerge-0]: GRUG_RESOURCE_AUDIT	coal	-23	-1	-94	1	ordinary	2640	20	3	3	0	0	20
ACTION[Emerge-0]: GRUG_RESOURCE_AUDIT	coal	-23	0	-94	1	ordinary	1149	9	2	2	0	0	9
ACTION[Emerge-0]: GRUG_RESOURCE_AUDIT	coal	-23	1	-94	1	ordinary	67	1	1	1	0	0	1
ACTION[Emerge-0]: GRUG_RESOURCE_AUDIT	coal	-27	-2	-93	1	ordinary	4014	32	4	4	0	0	32
ACTION[Emerge-0]: GRUG_RESOURCE_AUDIT	coal	-27	-1	-93	1	ordinary	4006	32	4	4	0	0	32
ACTION[Emerge-0]: GRUG_RESOURCE_AUDIT	coal	-27	0	-93	1	ordinary	1236	10	2	2	0	0	10
ACTION[Emerge-0]: GRUG_RESOURCE_AUDIT	coal	-26	-2	-93	1	ordinary	3919	30	4	4	0	0	30
ACTION[Emerge-0]: GRUG_RESOURCE_AUDIT	coal	-26	-1	-93	1	ordinary	2757	21	3	3	0	0	21
ACTION[Emerge-0]: GRUG_RESOURCE_AUDIT	coal	-26	0	-93	1	ordinary	40	0	0	0	0	0	0
ACTION[Emerge-0]: GRUG_RESOURCE_AUDIT	coal	-25	-2	-93	1	ordinary	4042	32	4	4	0	0	32
ACTION[Emerge-0]: GRUG_RESOURCE_AUDIT	coal	-25	-1	-93	1	ordinary	2388	19	3	3	0	0	19
ACTION[Emerge-0]: GRUG_RESOURCE_AUDIT	coal	-24	-2	-93	1	ordinary	2704	21	3	3	0	0	21
ACTION[Emerge-0]: GRUG_RESOURCE_AUDIT	coal	-24	-1	-93	1	ordinary	1746	14	2	2	0	0	14
ACTION[Emerge-0]: GRUG_RESOURCE_AUDIT	coal	-23	-2	-93	1	ordinary	1200	9	2	2	0	0	9
ACTION[Emerge-0]: GRUG_RESOURCE_AUDIT	coal	-23	-1	-93	1	ordinary	829	6	1	1	0	0	6
ACTION[Emerge-0]: GRUG_RESOURCE_AUDIT	copper	-27	-2	-97	1	ordinary	4096	16	2	2	0	0	16
ACTION[Emerge-0]: GRUG_RESOURCE_AUDIT	copper	-27	-1	-97	1	ordinary	3977	15	2	2	0	0	15
ACTION[Emerge-0]: GRUG_RESOURCE_AUDIT	copper	-27	0	-97	1	ordinary	2728	11	2	2	0	0	11
ACTION[Emerge-0]: GRUG_RESOURCE_AUDIT	copper	-27	1	-97	1	ordinary	443	2	1	1	0	0	2
ACTION[Emerge-0]: GRUG_RESOURCE_AUDIT	copper	-26	-2	-97	1	ordinary	3961	15	2	2	0	0	15
ACTION[Emerge-0]: GRUG_RESOURCE_AUDIT	copper	-26	-1	-97	1	ordinary	4096	16	2	2	0	0	16
ACTION[Emerge-0]: GRUG_RESOURCE_AUDIT	copper	-26	0	-97	1	ordinary	3220	13	2	2	0	0	13
ACTION[Emerge-0]: GRUG_RESOURCE_AUDIT	copper	-26	1	-97	1	ordinary	1023	4	1	1	0	0	4
ACTION[Emerge-0]: GRUG_RESOURCE_AUDIT	copper	-25	-2	-97	1	ordinary	4063	16	2	2	0	0	16
ACTION[Emerge-0]: GRUG_RESOURCE_AUDIT	copper	-25	-1	-97	1	ordinary	3955	15	2	2	0	0	15
ACTION[Emerge-0]: GRUG_RESOURCE_AUDIT	copper	-25	0	-97	1	ordinary	3674	14	2	2	0	0	14
ACTION[Emerge-0]: GRUG_RESOURCE_AUDIT	copper	-25	1	-97	1	ordinary	1530	6	1	1	0	0	6
ACTION[Emerge-0]: GRUG_RESOURCE_AUDIT	copper	-24	-2	-97	1	ordinary	4045	16	2	2	0	0	16
ACTION[Emerge-0]: GRUG_RESOURCE_AUDIT	copper	-24	-1	-97	1	ordinary	4046	16	2	2	0	0	16
ACTION[Emerge-0]: GRUG_RESOURCE_AUDIT	copper	-24	0	-97	1	ordinary	3287	13	2	2	0	0	13
ACTION[Emerge-0]: GRUG_RESOURCE_AUDIT	copper	-24	1	-97	1	ordinary	1655	7	1	1	0	0	7
ACTION[Emerge-0]: GRUG_RESOURCE_AUDIT	copper	-23	-2	-97	1	ordinary	4068	16	2	2	0	0	16
ACTION[Emerge-0]: GRUG_RESOURCE_AUDIT	copper	-23	-1	-97	1	ordinary	4080	16	2	2	0	0	16
ACTION[Emerge-0]: GRUG_RESOURCE_AUDIT	copper	-23	0	-97	1	ordinary	4001	15	2	2	0	0	15
ACTION[Emerge-0]: GRUG_RESOURCE_AUDIT	copper	-23	1	-97	1	ordinary	2012	8	1	1	0	0	8
ACTION[Emerge-0]: GRUG_RESOURCE_AUDIT	copper	-27	-2	-96	1	ordinary	4096	16	2	2	0	0	16
ACTION[Emerge-0]: GRUG_RESOURCE_AUDIT	copper	-27	-1	-96	1	ordinary	3256	13	2	2	0	0	13
ACTION[Emerge-0]: GRUG_RESOURCE_AUDIT	copper	-27	0	-96	1	ordinary	95	1	1	1	0	0	1
ACTION[Emerge-0]: GRUG_RESOURCE_AUDIT	copper	-26	-2	-96	1	ordinary	4002	15	2	2	0	0	15
ACTION[Emerge-0]: GRUG_RESOURCE_AUDIT	copper	-26	-1	-96	1	ordinary	3944	15	2	2	0	0	15
ACTION[Emerge-0]: GRUG_RESOURCE_AUDIT	copper	-26	0	-96	1	ordinary	585	3	1	1	0	0	3
ACTION[Emerge-0]: GRUG_RESOURCE_AUDIT	copper	-25	-2	-96	1	ordinary	3912	15	2	2	0	0	15
ACTION[Emerge-0]: GRUG_RESOURCE_AUDIT	copper	-25	-1	-96	1	ordinary	3974	16	2	2	0	0	16
ACTION[Emerge-0]: GRUG_RESOURCE_AUDIT	copper	-25	0	-96	1	ordinary	1356	6	1	1	0	0	6
ACTION[Emerge-0]: GRUG_RESOURCE_AUDIT	copper	-25	1	-96	1	ordinary	69	0	0	0	0	0	0
ACTION[Emerge-0]: GRUG_RESOURCE_AUDIT	copper	-24	-2	-96	1	ordinary	3987	15	2	2	0	0	15
ACTION[Emerge-0]: GRUG_RESOURCE_AUDIT	copper	-24	-1	-96	1	ordinary	4045	15	2	2	0	0	15
ACTION[Emerge-0]: GRUG_RESOURCE_AUDIT	copper	-24	0	-96	1	ordinary	3540	14	2	2	0	0	14
ACTION[Emerge-0]: GRUG_RESOURCE_AUDIT	copper	-24	1	-96	1	ordinary	1455	6	1	1	0	0	6
ACTION[Emerge-0]: GRUG_RESOURCE_AUDIT	copper	-23	-2	-96	1	ordinary	4033	16	2	2	0	0	16
ACTION[Emerge-0]: GRUG_RESOURCE_AUDIT	copper	-23	-1	-96	1	ordinary	4067	16	2	2	0	0	16
ACTION[Emerge-0]: GRUG_RESOURCE_AUDIT	copper	-23	0	-96	1	ordinary	4096	16	2	2	0	0	16
ACTION[Emerge-0]: GRUG_RESOURCE_AUDIT	copper	-23	1	-96	1	ordinary	2401	10	2	2	0	0	10
ACTION[Emerge-0]: GRUG_RESOURCE_AUDIT	copper	-27	-2	-95	1	ordinary	4072	16	2	2	0	0	16
ACTION[Emerge-0]: GRUG_RESOURCE_AUDIT	copper	-27	-1	-95	1	ordinary	2236	9	2	2	0	0	9
ACTION[Emerge-0]: GRUG_RESOURCE_AUDIT	copper	-26	-2	-95	1	ordinary	3983	16	2	2	0	0	16
ACTION[Emerge-0]: GRUG_RESOURCE_AUDIT	copper	-26	-1	-95	1	ordinary	3148	12	2	2	0	0	12
ACTION[Emerge-0]: GRUG_RESOURCE_AUDIT	copper	-26	0	-95	1	ordinary	77	0	0	0	0	0	0
ACTION[Emerge-0]: GRUG_RESOURCE_AUDIT	copper	-25	-2	-95	1	ordinary	4081	16	2	2	0	0	16
ACTION[Emerge-0]: GRUG_RESOURCE_AUDIT	copper	-25	-1	-95	1	ordinary	4047	16	2	2	0	0	16
ACTION[Emerge-0]: GRUG_RESOURCE_AUDIT	copper	-25	0	-95	1	ordinary	1030	5	1	1	0	0	5
ACTION[Emerge-0]: GRUG_RESOURCE_AUDIT	copper	-24	-2	-95	1	ordinary	4053	16	2	2	0	0	16
ACTION[Emerge-0]: GRUG_RESOURCE_AUDIT	copper	-24	-1	-95	1	ordinary	4096	16	2	2	0	0	16
ACTION[Emerge-0]: GRUG_RESOURCE_AUDIT	copper	-24	0	-95	1	ordinary	2086	9	2	2	0	0	9
ACTION[Emerge-0]: GRUG_RESOURCE_AUDIT	copper	-24	1	-95	1	ordinary	381	2	1	1	0	0	2
ACTION[Emerge-0]: GRUG_RESOURCE_AUDIT	copper	-23	-2	-95	1	ordinary	4096	16	2	2	0	0	16
ACTION[Emerge-0]: GRUG_RESOURCE_AUDIT	copper	-23	-1	-95	1	ordinary	4028	15	2	2	0	0	15
ACTION[Emerge-0]: GRUG_RESOURCE_AUDIT	copper	-23	0	-95	1	ordinary	3729	15	2	2	1	0	15
ACTION[Emerge-0]: GRUG_RESOURCE_AUDIT	copper	-23	1	-95	1	ordinary	1876	7	1	1	0	0	7
ACTION[Emerge-0]: GRUG_RESOURCE_AUDIT	copper	-27	-2	-94	1	ordinary	3919	16	2	2	0	0	16
ACTION[Emerge-0]: GRUG_RESOURCE_AUDIT	copper	-27	-1	-94	1	ordinary	2990	12	2	2	0	0	12
ACTION[Emerge-0]: GRUG_RESOURCE_AUDIT	copper	-27	0	-94	1	ordinary	29	1	1	1	0	0	1
ACTION[Emerge-0]: GRUG_RESOURCE_AUDIT	copper	-26	-2	-94	1	ordinary	3780	15	2	2	0	0	15
ACTION[Emerge-0]: GRUG_RESOURCE_AUDIT	copper	-26	-1	-94	1	ordinary	2131	9	2	2	0	0	9
ACTION[Emerge-0]: GRUG_RESOURCE_AUDIT	copper	-25	-2	-94	1	ordinary	4073	16	2	2	0	0	16
ACTION[Emerge-0]: GRUG_RESOURCE_AUDIT	copper	-25	-1	-94	1	ordinary	3538	14	2	2	0	0	14
ACTION[Emerge-0]: GRUG_RESOURCE_AUDIT	copper	-25	0	-94	1	ordinary	158	0	0	0	0	0	0
ACTION[Emerge-0]: GRUG_RESOURCE_AUDIT	copper	-24	-2	-94	1	ordinary	1852	8	1	1	0	0	8
ACTION[Emerge-0]: GRUG_RESOURCE_AUDIT	copper	-24	-1	-94	1	ordinary	1878	7	1	1	0	0	7
ACTION[Emerge-0]: GRUG_RESOURCE_AUDIT	copper	-24	0	-94	1	ordinary	371	2	1	1	0	0	2
ACTION[Emerge-0]: GRUG_RESOURCE_AUDIT	copper	-23	-2	-94	1	ordinary	2228	9	2	2	0	0	9
ACTION[Emerge-0]: GRUG_RESOURCE_AUDIT	copper	-23	-1	-94	1	ordinary	2640	10	2	2	0	0	10
ACTION[Emerge-0]: GRUG_RESOURCE_AUDIT	copper	-23	0	-94	1	ordinary	1149	5	1	1	0	0	5
ACTION[Emerge-0]: GRUG_RESOURCE_AUDIT	copper	-23	1	-94	1	ordinary	67	0	0	0	0	0	0
ACTION[Emerge-0]: GRUG_RESOURCE_AUDIT	copper	-27	-2	-93	1	ordinary	4014	16	2	2	0	0	16
ACTION[Emerge-0]: GRUG_RESOURCE_AUDIT	copper	-27	-1	-93	1	ordinary	4006	15	2	2	0	0	15
ACTION[Emerge-0]: GRUG_RESOURCE_AUDIT	copper	-27	0	-93	1	ordinary	1236	4	1	1	0	0	4
ACTION[Emerge-0]: GRUG_RESOURCE_AUDIT	copper	-26	-2	-93	1	ordinary	3919	15	2	2	0	0	15
ACTION[Emerge-0]: GRUG_RESOURCE_AUDIT	copper	-26	-1	-93	1	ordinary	2757	10	2	2	0	0	10
ACTION[Emerge-0]: GRUG_RESOURCE_AUDIT	copper	-26	0	-93	1	ordinary	40	0	0	0	0	0	0
ACTION[Emerge-0]: GRUG_RESOURCE_AUDIT	copper	-25	-2	-93	1	ordinary	4042	16	2	2	0	0	16
ACTION[Emerge-0]: GRUG_RESOURCE_AUDIT	copper	-25	-1	-93	1	ordinary	2388	10	2	2	0	0	10
ACTION[Emerge-0]: GRUG_RESOURCE_AUDIT	copper	-24	-2	-93	1	ordinary	2704	11	2	2	0	0	11
ACTION[Emerge-0]: GRUG_RESOURCE_AUDIT	copper	-24	-1	-93	1	ordinary	1746	7	1	1	0	0	7
ACTION[Emerge-0]: GRUG_RESOURCE_AUDIT	copper	-23	-2	-93	1	ordinary	1200	5	1	1	0	0	5
ACTION[Emerge-0]: GRUG_RESOURCE_AUDIT	copper	-23	-1	-93	1	ordinary	829	3	1	1	0	0	3
ACTION[Emerge-0]: GRUG_RESOURCE_AUDIT	iron	-27	-2	-97	1	ordinary	4096	32	4	4	1	0	32
ACTION[Emerge-0]: GRUG_RESOURCE_AUDIT	iron	-27	-1	-97	1	ordinary	3977	31	4	4	0	0	31
ACTION[Emerge-0]: GRUG_RESOURCE_AUDIT	iron	-27	0	-97	1	ordinary	2728	22	3	3	0	0	22
ACTION[Emerge-0]: GRUG_RESOURCE_AUDIT	iron	-27	1	-97	1	ordinary	443	3	1	1	0	0	3
ACTION[Emerge-0]: GRUG_RESOURCE_AUDIT	iron	-26	-2	-97	1	ordinary	3961	31	4	4	0	0	31
ACTION[Emerge-0]: GRUG_RESOURCE_AUDIT	iron	-26	-1	-97	1	ordinary	4096	32	4	4	0	0	32
ACTION[Emerge-0]: GRUG_RESOURCE_AUDIT	iron	-26	0	-97	1	ordinary	3220	25	4	4	0	0	25
ACTION[Emerge-0]: GRUG_RESOURCE_AUDIT	iron	-26	1	-97	1	ordinary	1023	8	1	1	0	0	8
ACTION[Emerge-0]: GRUG_RESOURCE_AUDIT	iron	-25	-2	-97	1	ordinary	4063	31	4	4	0	0	31
ACTION[Emerge-0]: GRUG_RESOURCE_AUDIT	iron	-25	-1	-97	1	ordinary	3955	31	4	4	0	0	31
ACTION[Emerge-0]: GRUG_RESOURCE_AUDIT	iron	-25	0	-97	1	ordinary	3674	29	4	4	0	0	29
ACTION[Emerge-0]: GRUG_RESOURCE_AUDIT	iron	-25	1	-97	1	ordinary	1530	11	2	2	0	0	11
ACTION[Emerge-0]: GRUG_RESOURCE_AUDIT	iron	-24	-2	-97	1	ordinary	4045	32	4	4	0	0	32
ACTION[Emerge-0]: GRUG_RESOURCE_AUDIT	iron	-24	-1	-97	1	ordinary	4046	32	4	4	0	0	32
ACTION[Emerge-0]: GRUG_RESOURCE_AUDIT	iron	-24	0	-97	1	ordinary	3287	26	4	4	1	0	26
ACTION[Emerge-0]: GRUG_RESOURCE_AUDIT	iron	-24	1	-97	1	ordinary	1655	13	2	2	0	0	13
ACTION[Emerge-0]: GRUG_RESOURCE_AUDIT	iron	-23	-2	-97	1	ordinary	4068	31	4	4	0	0	31
ACTION[Emerge-0]: GRUG_RESOURCE_AUDIT	iron	-23	-1	-97	1	ordinary	4080	31	4	4	0	0	31
ACTION[Emerge-0]: GRUG_RESOURCE_AUDIT	iron	-23	0	-97	1	ordinary	4001	31	4	4	0	0	31
ACTION[Emerge-0]: GRUG_RESOURCE_AUDIT	iron	-23	1	-97	1	ordinary	2012	16	2	2	0	0	16
ACTION[Emerge-0]: GRUG_RESOURCE_AUDIT	iron	-27	-2	-96	1	ordinary	4096	32	4	4	0	0	32
ACTION[Emerge-0]: GRUG_RESOURCE_AUDIT	iron	-27	-1	-96	1	ordinary	3256	25	4	4	0	0	25
ACTION[Emerge-0]: GRUG_RESOURCE_AUDIT	iron	-27	0	-96	1	ordinary	95	1	1	1	0	0	1
ACTION[Emerge-0]: GRUG_RESOURCE_AUDIT	iron	-26	-2	-96	1	ordinary	4002	32	4	4	0	0	32
ACTION[Emerge-0]: GRUG_RESOURCE_AUDIT	iron	-26	-1	-96	1	ordinary	3944	31	4	4	0	0	31
ACTION[Emerge-0]: GRUG_RESOURCE_AUDIT	iron	-26	0	-96	1	ordinary	585	5	1	1	0	0	5
ACTION[Emerge-0]: GRUG_RESOURCE_AUDIT	iron	-25	-2	-96	1	ordinary	3912	30	4	4	0	0	30
ACTION[Emerge-0]: GRUG_RESOURCE_AUDIT	iron	-25	-1	-96	1	ordinary	3974	31	4	4	0	0	31
ACTION[Emerge-0]: GRUG_RESOURCE_AUDIT	iron	-25	0	-96	1	ordinary	1356	10	2	2	0	0	10
ACTION[Emerge-0]: GRUG_RESOURCE_AUDIT	iron	-25	1	-96	1	ordinary	69	0	0	0	0	0	0
ACTION[Emerge-0]: GRUG_RESOURCE_AUDIT	iron	-24	-2	-96	1	ordinary	3987	31	4	4	0	0	31
ACTION[Emerge-0]: GRUG_RESOURCE_AUDIT	iron	-24	-1	-96	1	ordinary	4045	32	4	4	0	0	32
ACTION[Emerge-0]: GRUG_RESOURCE_AUDIT	iron	-24	0	-96	1	ordinary	3540	28	4	4	0	0	28
ACTION[Emerge-0]: GRUG_RESOURCE_AUDIT	iron	-24	1	-96	1	ordinary	1455	11	2	2	0	0	11
ACTION[Emerge-0]: GRUG_RESOURCE_AUDIT	iron	-23	-2	-96	1	ordinary	4033	32	4	4	0	0	32
ACTION[Emerge-0]: GRUG_RESOURCE_AUDIT	iron	-23	-1	-96	1	ordinary	4067	32	4	4	0	0	32
ACTION[Emerge-0]: GRUG_RESOURCE_AUDIT	iron	-23	0	-96	1	ordinary	4096	32	4	4	0	0	32
ACTION[Emerge-0]: GRUG_RESOURCE_AUDIT	iron	-23	1	-96	1	ordinary	2401	18	3	3	0	0	18
ACTION[Emerge-0]: GRUG_RESOURCE_AUDIT	iron	-27	-2	-95	1	ordinary	4072	32	4	4	0	0	32
ACTION[Emerge-0]: GRUG_RESOURCE_AUDIT	iron	-27	-1	-95	1	ordinary	2236	17	3	3	0	0	17
ACTION[Emerge-0]: GRUG_RESOURCE_AUDIT	iron	-26	-2	-95	1	ordinary	3983	31	4	4	0	0	31
ACTION[Emerge-0]: GRUG_RESOURCE_AUDIT	iron	-26	-1	-95	1	ordinary	3148	25	4	4	0	0	25
ACTION[Emerge-0]: GRUG_RESOURCE_AUDIT	iron	-26	0	-95	1	ordinary	77	1	1	1	0	0	1
ACTION[Emerge-0]: GRUG_RESOURCE_AUDIT	iron	-25	-2	-95	1	ordinary	4081	32	4	4	0	0	32
ACTION[Emerge-0]: GRUG_RESOURCE_AUDIT	iron	-25	-1	-95	1	ordinary	4047	32	4	4	0	0	32
ACTION[Emerge-0]: GRUG_RESOURCE_AUDIT	iron	-25	0	-95	1	ordinary	1030	8	1	1	0	0	8
ACTION[Emerge-0]: GRUG_RESOURCE_AUDIT	iron	-24	-2	-95	1	ordinary	4053	32	4	4	0	0	32
ACTION[Emerge-0]: GRUG_RESOURCE_AUDIT	iron	-24	-1	-95	1	ordinary	4096	32	4	4	0	0	32
ACTION[Emerge-0]: GRUG_RESOURCE_AUDIT	iron	-24	0	-95	1	ordinary	2086	17	3	3	0	0	17
ACTION[Emerge-0]: GRUG_RESOURCE_AUDIT	iron	-24	1	-95	1	ordinary	381	3	1	1	0	0	3
ACTION[Emerge-0]: GRUG_RESOURCE_AUDIT	iron	-23	-2	-95	1	ordinary	4096	32	4	4	0	0	32
ACTION[Emerge-0]: GRUG_RESOURCE_AUDIT	iron	-23	-1	-95	1	ordinary	4028	32	4	4	0	0	32
ACTION[Emerge-0]: GRUG_RESOURCE_AUDIT	iron	-23	0	-95	1	ordinary	3729	29	4	4	0	0	29
ACTION[Emerge-0]: GRUG_RESOURCE_AUDIT	iron	-23	1	-95	1	ordinary	1876	15	2	2	0	0	15
ACTION[Emerge-0]: GRUG_RESOURCE_AUDIT	iron	-27	-2	-94	1	ordinary	3919	31	4	4	0	0	31
ACTION[Emerge-0]: GRUG_RESOURCE_AUDIT	iron	-27	-1	-94	1	ordinary	2990	23	3	3	1	0	23
ACTION[Emerge-0]: GRUG_RESOURCE_AUDIT	iron	-27	0	-94	1	ordinary	29	0	0	0	0	0	0
ACTION[Emerge-0]: GRUG_RESOURCE_AUDIT	iron	-26	-2	-94	1	ordinary	3780	30	4	4	0	0	30
ACTION[Emerge-0]: GRUG_RESOURCE_AUDIT	iron	-26	-1	-94	1	ordinary	2131	17	3	3	0	0	17
ACTION[Emerge-0]: GRUG_RESOURCE_AUDIT	iron	-25	-2	-94	1	ordinary	4073	32	4	4	0	0	32
ACTION[Emerge-0]: GRUG_RESOURCE_AUDIT	iron	-25	-1	-94	1	ordinary	3538	28	4	4	0	0	28
ACTION[Emerge-0]: GRUG_RESOURCE_AUDIT	iron	-25	0	-94	1	ordinary	158	1	1	1	0	0	1
ACTION[Emerge-0]: GRUG_RESOURCE_AUDIT	iron	-24	-2	-94	1	ordinary	1852	15	2	2	0	0	15
ACTION[Emerge-0]: GRUG_RESOURCE_AUDIT	iron	-24	-1	-94	1	ordinary	1878	15	2	2	0	0	15
ACTION[Emerge-0]: GRUG_RESOURCE_AUDIT	iron	-24	0	-94	1	ordinary	371	3	1	1	0	0	3
ACTION[Emerge-0]: GRUG_RESOURCE_AUDIT	iron	-23	-2	-94	1	ordinary	2228	17	3	3	0	0	17
ACTION[Emerge-0]: GRUG_RESOURCE_AUDIT	iron	-23	-1	-94	1	ordinary	2640	20	3	3	1	0	20
ACTION[Emerge-0]: GRUG_RESOURCE_AUDIT	iron	-23	0	-94	1	ordinary	1149	9	2	2	0	0	9
ACTION[Emerge-0]: GRUG_RESOURCE_AUDIT	iron	-23	1	-94	1	ordinary	67	0	0	0	0	0	0
ACTION[Emerge-0]: GRUG_RESOURCE_AUDIT	iron	-27	-2	-93	1	ordinary	4014	32	4	4	1	0	32
ACTION[Emerge-0]: GRUG_RESOURCE_AUDIT	iron	-27	-1	-93	1	ordinary	4006	31	4	4	0	0	31
ACTION[Emerge-0]: GRUG_RESOURCE_AUDIT	iron	-27	0	-93	1	ordinary	1236	10	2	2	0	0	10
ACTION[Emerge-0]: GRUG_RESOURCE_AUDIT	iron	-26	-2	-93	1	ordinary	3919	31	4	4	0	0	31
ACTION[Emerge-0]: GRUG_RESOURCE_AUDIT	iron	-26	-1	-93	1	ordinary	2757	22	3	3	0	0	22
ACTION[Emerge-0]: GRUG_RESOURCE_AUDIT	iron	-26	0	-93	1	ordinary	40	0	0	0	0	0	0
ACTION[Emerge-0]: GRUG_RESOURCE_AUDIT	iron	-25	-2	-93	1	ordinary	4042	31	4	4	0	0	31
ACTION[Emerge-0]: GRUG_RESOURCE_AUDIT	iron	-25	-1	-93	1	ordinary	2388	19	3	3	0	0	19
ACTION[Emerge-0]: GRUG_RESOURCE_AUDIT	iron	-24	-2	-93	1	ordinary	2704	21	3	3	0	0	21
ACTION[Emerge-0]: GRUG_RESOURCE_AUDIT	iron	-24	-1	-93	1	ordinary	1746	14	2	2	0	0	14
ACTION[Emerge-0]: GRUG_RESOURCE_AUDIT	iron	-23	-2	-93	1	ordinary	1200	9	2	2	0	0	9
ACTION[Emerge-0]: GRUG_RESOURCE_AUDIT	iron	-23	-1	-93	1	ordinary	829	7	1	1	0	0	7
ACTION[Emerge-0]: GRUG_RESOURCE_AUDIT	quartz	-27	-2	-97	1	ordinary	4096	16	2	2	0	0	16
ACTION[Emerge-0]: GRUG_RESOURCE_AUDIT	quartz	-27	-1	-97	1	ordinary	3977	16	2	2	0	0	16
ACTION[Emerge-0]: GRUG_RESOURCE_AUDIT	quartz	-27	0	-97	1	ordinary	2728	10	2	2	0	0	10
ACTION[Emerge-0]: GRUG_RESOURCE_AUDIT	quartz	-27	1	-97	1	ordinary	443	2	1	1	0	0	2
ACTION[Emerge-0]: GRUG_RESOURCE_AUDIT	quartz	-26	-2	-97	1	ordinary	3961	16	2	2	0	0	16
ACTION[Emerge-0]: GRUG_RESOURCE_AUDIT	quartz	-26	-1	-97	1	ordinary	4096	16	2	2	0	0	16
ACTION[Emerge-0]: GRUG_RESOURCE_AUDIT	quartz	-26	0	-97	1	ordinary	3220	13	2	2	0	0	13
ACTION[Emerge-0]: GRUG_RESOURCE_AUDIT	quartz	-26	1	-97	1	ordinary	1023	4	1	1	0	0	4
ACTION[Emerge-0]: GRUG_RESOURCE_AUDIT	quartz	-25	-2	-97	1	ordinary	4063	16	2	2	0	0	16
ACTION[Emerge-0]: GRUG_RESOURCE_AUDIT	quartz	-25	-1	-97	1	ordinary	3955	15	2	2	0	0	15
ACTION[Emerge-0]: GRUG_RESOURCE_AUDIT	quartz	-25	0	-97	1	ordinary	3674	15	2	2	0	0	15
ACTION[Emerge-0]: GRUG_RESOURCE_AUDIT	quartz	-25	1	-97	1	ordinary	1530	6	1	1	0	0	6
ACTION[Emerge-0]: GRUG_RESOURCE_AUDIT	quartz	-24	-2	-97	1	ordinary	4045	16	2	2	1	0	16
ACTION[Emerge-0]: GRUG_RESOURCE_AUDIT	quartz	-24	-1	-97	1	ordinary	4046	15	2	2	0	0	15
ACTION[Emerge-0]: GRUG_RESOURCE_AUDIT	quartz	-24	0	-97	1	ordinary	3287	13	2	2	0	0	13
ACTION[Emerge-0]: GRUG_RESOURCE_AUDIT	quartz	-24	1	-97	1	ordinary	1655	7	1	1	0	0	7
ACTION[Emerge-0]: GRUG_RESOURCE_AUDIT	quartz	-23	-2	-97	1	ordinary	4068	16	2	2	0	0	16
ACTION[Emerge-0]: GRUG_RESOURCE_AUDIT	quartz	-23	-1	-97	1	ordinary	4080	16	2	2	0	0	16
ACTION[Emerge-0]: GRUG_RESOURCE_AUDIT	quartz	-23	0	-97	1	ordinary	4001	15	2	2	0	0	15
ACTION[Emerge-0]: GRUG_RESOURCE_AUDIT	quartz	-23	1	-97	1	ordinary	2012	8	1	1	0	0	8
ACTION[Emerge-0]: GRUG_RESOURCE_AUDIT	quartz	-27	-2	-96	1	ordinary	4096	16	2	2	0	0	16
ACTION[Emerge-0]: GRUG_RESOURCE_AUDIT	quartz	-27	-1	-96	1	ordinary	3256	12	2	2	0	0	12
ACTION[Emerge-0]: GRUG_RESOURCE_AUDIT	quartz	-27	0	-96	1	ordinary	95	1	1	1	0	0	1
ACTION[Emerge-0]: GRUG_RESOURCE_AUDIT	quartz	-26	-2	-96	1	ordinary	4002	16	2	2	0	0	16
ACTION[Emerge-0]: GRUG_RESOURCE_AUDIT	quartz	-26	-1	-96	1	ordinary	3944	15	2	2	0	0	15
ACTION[Emerge-0]: GRUG_RESOURCE_AUDIT	quartz	-26	0	-96	1	ordinary	585	2	1	1	0	0	2
ACTION[Emerge-0]: GRUG_RESOURCE_AUDIT	quartz	-25	-2	-96	1	ordinary	3912	16	2	2	0	0	16
ACTION[Emerge-0]: GRUG_RESOURCE_AUDIT	quartz	-25	-1	-96	1	ordinary	3974	16	2	2	0	0	16
ACTION[Emerge-0]: GRUG_RESOURCE_AUDIT	quartz	-25	0	-96	1	ordinary	1356	5	1	1	0	0	5
ACTION[Emerge-0]: GRUG_RESOURCE_AUDIT	quartz	-25	1	-96	1	ordinary	69	0	0	0	0	0	0
ACTION[Emerge-0]: GRUG_RESOURCE_AUDIT	quartz	-24	-2	-96	1	ordinary	3987	16	2	2	0	0	16
ACTION[Emerge-0]: GRUG_RESOURCE_AUDIT	quartz	-24	-1	-96	1	ordinary	4045	16	2	2	0	0	16
ACTION[Emerge-0]: GRUG_RESOURCE_AUDIT	quartz	-24	0	-96	1	ordinary	3540	13	2	2	0	0	13
ACTION[Emerge-0]: GRUG_RESOURCE_AUDIT	quartz	-24	1	-96	1	ordinary	1455	5	1	1	0	0	5
ACTION[Emerge-0]: GRUG_RESOURCE_AUDIT	quartz	-23	-2	-96	1	ordinary	4033	16	2	2	0	0	16
ACTION[Emerge-0]: GRUG_RESOURCE_AUDIT	quartz	-23	-1	-96	1	ordinary	4067	16	2	2	0	0	16
ACTION[Emerge-0]: GRUG_RESOURCE_AUDIT	quartz	-23	0	-96	1	ordinary	4096	16	2	2	0	0	16
ACTION[Emerge-0]: GRUG_RESOURCE_AUDIT	quartz	-23	1	-96	1	ordinary	2401	9	2	2	0	0	9
ACTION[Emerge-0]: GRUG_RESOURCE_AUDIT	quartz	-27	-2	-95	1	ordinary	4072	16	2	2	0	0	16
ACTION[Emerge-0]: GRUG_RESOURCE_AUDIT	quartz	-27	-1	-95	1	ordinary	2236	9	2	2	0	0	9
ACTION[Emerge-0]: GRUG_RESOURCE_AUDIT	quartz	-26	-2	-95	1	ordinary	3983	15	2	2	1	0	15
ACTION[Emerge-0]: GRUG_RESOURCE_AUDIT	quartz	-26	-1	-95	1	ordinary	3148	12	2	2	0	0	12
ACTION[Emerge-0]: GRUG_RESOURCE_AUDIT	quartz	-26	0	-95	1	ordinary	77	0	0	0	0	0	0
ACTION[Emerge-0]: GRUG_RESOURCE_AUDIT	quartz	-25	-2	-95	1	ordinary	4081	16	2	2	0	0	16
ACTION[Emerge-0]: GRUG_RESOURCE_AUDIT	quartz	-25	-1	-95	1	ordinary	4047	16	2	2	0	0	16
ACTION[Emerge-0]: GRUG_RESOURCE_AUDIT	quartz	-25	0	-95	1	ordinary	1030	4	1	1	0	0	4
ACTION[Emerge-0]: GRUG_RESOURCE_AUDIT	quartz	-24	-2	-95	1	ordinary	4053	16	2	2	0	0	16
ACTION[Emerge-0]: GRUG_RESOURCE_AUDIT	quartz	-24	-1	-95	1	ordinary	4096	16	2	2	0	0	16
ACTION[Emerge-0]: GRUG_RESOURCE_AUDIT	quartz	-24	0	-95	1	ordinary	2086	8	1	1	0	0	8
ACTION[Emerge-0]: GRUG_RESOURCE_AUDIT	quartz	-24	1	-95	1	ordinary	381	2	1	1	0	0	2
ACTION[Emerge-0]: GRUG_RESOURCE_AUDIT	quartz	-23	-2	-95	1	ordinary	4096	16	2	2	0	0	16
ACTION[Emerge-0]: GRUG_RESOURCE_AUDIT	quartz	-23	-1	-95	1	ordinary	4028	16	2	2	0	0	16
ACTION[Emerge-0]: GRUG_RESOURCE_AUDIT	quartz	-23	0	-95	1	ordinary	3729	14	2	2	0	0	14
ACTION[Emerge-0]: GRUG_RESOURCE_AUDIT	quartz	-23	1	-95	1	ordinary	1876	8	1	1	0	0	8
ACTION[Emerge-0]: GRUG_RESOURCE_AUDIT	quartz	-27	-2	-94	1	ordinary	3919	15	2	2	0	0	15
ACTION[Emerge-0]: GRUG_RESOURCE_AUDIT	quartz	-27	-1	-94	1	ordinary	2990	12	2	2	0	0	12
ACTION[Emerge-0]: GRUG_RESOURCE_AUDIT	quartz	-27	0	-94	1	ordinary	29	0	0	0	0	0	0
ACTION[Emerge-0]: GRUG_RESOURCE_AUDIT	quartz	-26	-2	-94	1	ordinary	3780	15	2	2	0	0	15
ACTION[Emerge-0]: GRUG_RESOURCE_AUDIT	quartz	-26	-1	-94	1	ordinary	2131	8	1	1	0	0	8
ACTION[Emerge-0]: GRUG_RESOURCE_AUDIT	quartz	-25	-2	-94	1	ordinary	4073	16	2	2	0	0	16
ACTION[Emerge-0]: GRUG_RESOURCE_AUDIT	quartz	-25	-1	-94	1	ordinary	3538	14	2	2	0	0	14
ACTION[Emerge-0]: GRUG_RESOURCE_AUDIT	quartz	-25	0	-94	1	ordinary	158	1	1	1	0	0	1
ACTION[Emerge-0]: GRUG_RESOURCE_AUDIT	quartz	-24	-2	-94	1	ordinary	1852	8	1	1	0	0	8
ACTION[Emerge-0]: GRUG_RESOURCE_AUDIT	quartz	-24	-1	-94	1	ordinary	1878	8	1	1	0	0	8
ACTION[Emerge-0]: GRUG_RESOURCE_AUDIT	quartz	-24	0	-94	1	ordinary	371	2	1	1	0	0	2
ACTION[Emerge-0]: GRUG_RESOURCE_AUDIT	quartz	-23	-2	-94	1	ordinary	2228	8	1	1	0	0	8
ACTION[Emerge-0]: GRUG_RESOURCE_AUDIT	quartz	-23	-1	-94	1	ordinary	2640	10	2	2	0	0	10
ACTION[Emerge-0]: GRUG_RESOURCE_AUDIT	quartz	-23	0	-94	1	ordinary	1149	5	1	1	0	0	5
ACTION[Emerge-0]: GRUG_RESOURCE_AUDIT	quartz	-23	1	-94	1	ordinary	67	0	0	0	0	0	0
ACTION[Emerge-0]: GRUG_RESOURCE_AUDIT	quartz	-27	-2	-93	1	ordinary	4014	16	2	2	0	0	16
ACTION[Emerge-0]: GRUG_RESOURCE_AUDIT	quartz	-27	-1	-93	1	ordinary	4006	16	2	2	0	0	16
ACTION[Emerge-0]: GRUG_RESOURCE_AUDIT	quartz	-27	0	-93	1	ordinary	1236	5	1	1	0	0	5
ACTION[Emerge-0]: GRUG_RESOURCE_AUDIT	quartz	-26	-2	-93	1	ordinary	3919	15	2	2	0	0	15
ACTION[Emerge-0]: GRUG_RESOURCE_AUDIT	quartz	-26	-1	-93	1	ordinary	2757	11	2	2	0	0	11
ACTION[Emerge-0]: GRUG_RESOURCE_AUDIT	quartz	-26	0	-93	1	ordinary	40	0	0	0	0	0	0
ACTION[Emerge-0]: GRUG_RESOURCE_AUDIT	quartz	-25	-2	-93	1	ordinary	4042	15	2	2	0	0	15
ACTION[Emerge-0]: GRUG_RESOURCE_AUDIT	quartz	-25	-1	-93	1	ordinary	2388	9	2	2	0	0	9
ACTION[Emerge-0]: GRUG_RESOURCE_AUDIT	quartz	-24	-2	-93	1	ordinary	2704	10	2	2	0	0	10
ACTION[Emerge-0]: GRUG_RESOURCE_AUDIT	quartz	-24	-1	-93	1	ordinary	1746	6	1	1	0	0	6
ACTION[Emerge-0]: GRUG_RESOURCE_AUDIT	quartz	-23	-2	-93	1	ordinary	1200	4	1	1	0	0	4
ACTION[Emerge-0]: GRUG_RESOURCE_AUDIT	quartz	-23	-1	-93	1	ordinary	829	3	1	1	0	0	3
ACTION[Emerge-0]: GRUG_RESOURCE_AUDIT	tin	-27	-2	-97	1	ordinary	4096	11	2	2	0	0	11
ACTION[Emerge-0]: GRUG_RESOURCE_AUDIT	tin	-27	-1	-97	1	ordinary	3977	10	2	2	0	0	10
ACTION[Emerge-0]: GRUG_RESOURCE_AUDIT	tin	-27	0	-97	1	ordinary	2728	7	1	1	0	0	7
ACTION[Emerge-0]: GRUG_RESOURCE_AUDIT	tin	-27	1	-97	1	ordinary	443	1	1	1	0	0	1
ACTION[Emerge-0]: GRUG_RESOURCE_AUDIT	tin	-26	-2	-97	1	ordinary	3961	11	2	2	0	0	11
ACTION[Emerge-0]: GRUG_RESOURCE_AUDIT	tin	-26	-1	-97	1	ordinary	4096	11	2	2	0	0	11
ACTION[Emerge-0]: GRUG_RESOURCE_AUDIT	tin	-26	0	-97	1	ordinary	3220	8	1	1	0	0	8
ACTION[Emerge-0]: GRUG_RESOURCE_AUDIT	tin	-26	1	-97	1	ordinary	1023	3	1	1	0	0	3
ACTION[Emerge-0]: GRUG_RESOURCE_AUDIT	tin	-25	-2	-97	1	ordinary	4063	11	2	2	0	0	11
ACTION[Emerge-0]: GRUG_RESOURCE_AUDIT	tin	-25	-1	-97	1	ordinary	3955	10	2	2	1	0	10
ACTION[Emerge-0]: GRUG_RESOURCE_AUDIT	tin	-25	0	-97	1	ordinary	3674	10	2	2	0	0	10
ACTION[Emerge-0]: GRUG_RESOURCE_AUDIT	tin	-25	1	-97	1	ordinary	1530	4	1	1	0	0	4
ACTION[Emerge-0]: GRUG_RESOURCE_AUDIT	tin	-24	-2	-97	1	ordinary	4045	11	2	2	0	0	11
ACTION[Emerge-0]: GRUG_RESOURCE_AUDIT	tin	-24	-1	-97	1	ordinary	4046	10	2	2	0	0	10
ACTION[Emerge-0]: GRUG_RESOURCE_AUDIT	tin	-24	0	-97	1	ordinary	3287	8	1	1	0	0	8
ACTION[Emerge-0]: GRUG_RESOURCE_AUDIT	tin	-24	1	-97	1	ordinary	1655	5	1	1	0	0	5
ACTION[Emerge-0]: GRUG_RESOURCE_AUDIT	tin	-23	-2	-97	1	ordinary	4068	10	2	2	0	0	10
ACTION[Emerge-0]: GRUG_RESOURCE_AUDIT	tin	-23	-1	-97	1	ordinary	4080	10	2	2	0	0	10
ACTION[Emerge-0]: GRUG_RESOURCE_AUDIT	tin	-23	0	-97	1	ordinary	4001	11	2	2	0	0	11
ACTION[Emerge-0]: GRUG_RESOURCE_AUDIT	tin	-23	1	-97	1	ordinary	2012	5	1	1	0	0	5
ACTION[Emerge-0]: GRUG_RESOURCE_AUDIT	tin	-27	-2	-96	1	ordinary	4096	11	2	2	0	0	11
ACTION[Emerge-0]: GRUG_RESOURCE_AUDIT	tin	-27	-1	-96	1	ordinary	3256	8	1	1	0	0	8
ACTION[Emerge-0]: GRUG_RESOURCE_AUDIT	tin	-27	0	-96	1	ordinary	95	0	0	0	0	0	0
ACTION[Emerge-0]: GRUG_RESOURCE_AUDIT	tin	-26	-2	-96	1	ordinary	4002	11	2	2	0	0	11
ACTION[Emerge-0]: GRUG_RESOURCE_AUDIT	tin	-26	-1	-96	1	ordinary	3944	10	2	2	0	0	10
ACTION[Emerge-0]: GRUG_RESOURCE_AUDIT	tin	-26	0	-96	1	ordinary	585	1	1	1	0	0	1
ACTION[Emerge-0]: GRUG_RESOURCE_AUDIT	tin	-25	-2	-96	1	ordinary	3912	10	2	2	0	0	10
ACTION[Emerge-0]: GRUG_RESOURCE_AUDIT	tin	-25	-1	-96	1	ordinary	3974	10	2	2	0	0	10
ACTION[Emerge-0]: GRUG_RESOURCE_AUDIT	tin	-25	0	-96	1	ordinary	1356	4	1	1	0	0	4
ACTION[Emerge-0]: GRUG_RESOURCE_AUDIT	tin	-25	1	-96	1	ordinary	69	0	0	0	0	0	0
ACTION[Emerge-0]: GRUG_RESOURCE_AUDIT	tin	-24	-2	-96	1	ordinary	3987	10	2	2	0	0	10
ACTION[Emerge-0]: GRUG_RESOURCE_AUDIT	tin	-24	-1	-96	1	ordinary	4045	10	2	2	0	0	10
ACTION[Emerge-0]: GRUG_RESOURCE_AUDIT	tin	-24	0	-96	1	ordinary	3540	10	2	2	0	0	10
ACTION[Emerge-0]: GRUG_RESOURCE_AUDIT	tin	-24	1	-96	1	ordinary	1455	4	1	1	0	0	4
ACTION[Emerge-0]: GRUG_RESOURCE_AUDIT	tin	-23	-2	-96	1	ordinary	4033	11	2	2	0	0	11
ACTION[Emerge-0]: GRUG_RESOURCE_AUDIT	tin	-23	-1	-96	1	ordinary	4067	10	2	2	0	0	10
ACTION[Emerge-0]: GRUG_RESOURCE_AUDIT	tin	-23	0	-96	1	ordinary	4096	11	2	2	0	0	11
ACTION[Emerge-0]: GRUG_RESOURCE_AUDIT	tin	-23	1	-96	1	ordinary	2401	6	1	1	0	0	6
ACTION[Emerge-0]: GRUG_RESOURCE_AUDIT	tin	-27	-2	-95	1	ordinary	4072	10	2	2	0	0	10
ACTION[Emerge-0]: GRUG_RESOURCE_AUDIT	tin	-27	-1	-95	1	ordinary	2236	6	1	1	0	0	6
ACTION[Emerge-0]: GRUG_RESOURCE_AUDIT	tin	-26	-2	-95	1	ordinary	3983	10	2	2	0	0	10
ACTION[Emerge-0]: GRUG_RESOURCE_AUDIT	tin	-26	-1	-95	1	ordinary	3148	8	1	1	0	0	8
ACTION[Emerge-0]: GRUG_RESOURCE_AUDIT	tin	-26	0	-95	1	ordinary	77	0	0	0	0	0	0
ACTION[Emerge-0]: GRUG_RESOURCE_AUDIT	tin	-25	-2	-95	1	ordinary	4081	11	2	2	0	0	11
ACTION[Emerge-0]: GRUG_RESOURCE_AUDIT	tin	-25	-1	-95	1	ordinary	4047	11	2	2	0	0	11
ACTION[Emerge-0]: GRUG_RESOURCE_AUDIT	tin	-25	0	-95	1	ordinary	1030	3	1	1	0	0	3
ACTION[Emerge-0]: GRUG_RESOURCE_AUDIT	tin	-24	-2	-95	1	ordinary	4053	10	2	2	0	0	10
ACTION[Emerge-0]: GRUG_RESOURCE_AUDIT	tin	-24	-1	-95	1	ordinary	4096	11	2	2	0	0	11
ACTION[Emerge-0]: GRUG_RESOURCE_AUDIT	tin	-24	0	-95	1	ordinary	2086	5	1	1	0	0	5
ACTION[Emerge-0]: GRUG_RESOURCE_AUDIT	tin	-24	1	-95	1	ordinary	381	1	1	1	0	0	1
ACTION[Emerge-0]: GRUG_RESOURCE_AUDIT	tin	-23	-2	-95	1	ordinary	4096	11	2	2	0	0	11
ACTION[Emerge-0]: GRUG_RESOURCE_AUDIT	tin	-23	-1	-95	1	ordinary	4028	11	2	2	0	0	11
ACTION[Emerge-0]: GRUG_RESOURCE_AUDIT	tin	-23	0	-95	1	ordinary	3729	10	2	2	0	0	10
ACTION[Emerge-0]: GRUG_RESOURCE_AUDIT	tin	-23	1	-95	1	ordinary	1876	4	1	1	0	0	4
ACTION[Emerge-0]: GRUG_RESOURCE_AUDIT	tin	-27	-2	-94	1	ordinary	3919	11	2	2	0	0	11
ACTION[Emerge-0]: GRUG_RESOURCE_AUDIT	tin	-27	-1	-94	1	ordinary	2990	8	1	1	0	0	8
ACTION[Emerge-0]: GRUG_RESOURCE_AUDIT	tin	-27	0	-94	1	ordinary	29	0	0	0	0	0	0
ACTION[Emerge-0]: GRUG_RESOURCE_AUDIT	tin	-26	-2	-94	1	ordinary	3780	10	2	2	0	0	10
ACTION[Emerge-0]: GRUG_RESOURCE_AUDIT	tin	-26	-1	-94	1	ordinary	2131	5	1	1	0	0	5
ACTION[Emerge-0]: GRUG_RESOURCE_AUDIT	tin	-25	-2	-94	1	ordinary	4073	10	2	2	0	0	10
ACTION[Emerge-0]: GRUG_RESOURCE_AUDIT	tin	-25	-1	-94	1	ordinary	3538	9	2	2	0	0	9
ACTION[Emerge-0]: GRUG_RESOURCE_AUDIT	tin	-25	0	-94	1	ordinary	158	1	1	1	0	0	1
ACTION[Emerge-0]: GRUG_RESOURCE_AUDIT	tin	-24	-2	-94	1	ordinary	1852	5	1	1	0	0	5
ACTION[Emerge-0]: GRUG_RESOURCE_AUDIT	tin	-24	-1	-94	1	ordinary	1878	5	1	1	1	0	5
ACTION[Emerge-0]: GRUG_RESOURCE_AUDIT	tin	-24	0	-94	1	ordinary	371	1	1	1	0	0	1
ACTION[Emerge-0]: GRUG_RESOURCE_AUDIT	tin	-23	-2	-94	1	ordinary	2228	5	1	1	0	0	5
ACTION[Emerge-0]: GRUG_RESOURCE_AUDIT	tin	-23	-1	-94	1	ordinary	2640	7	1	1	0	0	7
ACTION[Emerge-0]: GRUG_RESOURCE_AUDIT	tin	-23	0	-94	1	ordinary	1149	3	1	1	0	0	3
ACTION[Emerge-0]: GRUG_RESOURCE_AUDIT	tin	-23	1	-94	1	ordinary	67	0	0	0	0	0	0
ACTION[Emerge-0]: GRUG_RESOURCE_AUDIT	tin	-27	-2	-93	1	ordinary	4014	10	2	2	0	0	10
ACTION[Emerge-0]: GRUG_RESOURCE_AUDIT	tin	-27	-1	-93	1	ordinary	4006	11	2	2	0	0	11
ACTION[Emerge-0]: GRUG_RESOURCE_AUDIT	tin	-27	0	-93	1	ordinary	1236	3	1	1	0	0	3
ACTION[Emerge-0]: GRUG_RESOURCE_AUDIT	tin	-26	-2	-93	1	ordinary	3919	10	2	2	0	0	10
ACTION[Emerge-0]: GRUG_RESOURCE_AUDIT	tin	-26	-1	-93	1	ordinary	2757	7	1	1	0	0	7
ACTION[Emerge-0]: GRUG_RESOURCE_AUDIT	tin	-26	0	-93	1	ordinary	40	0	0	0	0	0	0
ACTION[Emerge-0]: GRUG_RESOURCE_AUDIT	tin	-25	-2	-93	1	ordinary	4042	11	2	2	0	0	11
ACTION[Emerge-0]: GRUG_RESOURCE_AUDIT	tin	-25	-1	-93	1	ordinary	2388	6	1	1	0	0	6
ACTION[Emerge-0]: GRUG_RESOURCE_AUDIT	tin	-24	-2	-93	1	ordinary	2704	7	1	1	0	0	7
ACTION[Emerge-0]: GRUG_RESOURCE_AUDIT	tin	-24	-1	-93	1	ordinary	1746	5	1	1	0	0	5
ACTION[Emerge-0]: GRUG_RESOURCE_AUDIT	tin	-23	-2	-93	1	ordinary	1200	3	1	1	0	0	3
ACTION[Emerge-0]: GRUG_RESOURCE_AUDIT	tin	-23	-1	-93	1	ordinary	829	2	1	1	0	0	2
ACTION[Emerge-0]: GRUG_WP40_PROFILE_CALLBACK callback=7 minp=-432,-32,-1552 maxp=-353,47,-1473 blockseed=3635851569 plan_us=476510 writer_us=1738171 total_us=2214681 columns=6400 candidate_cells=49 candidates=1431 r5_runs=14781 result=applied_clq vm_get_emerged_area_calls=1 vm_get_emerged_area_us=2 vm_get_data_calls=1 vm_get_data_us=4070 vm_get_param2_data_calls=1 vm_get_param2_data_us=4066 vm_get_light_data_calls=2 vm_get_light_data_us=8201 vm_set_data_calls=1 vm_set_data_us=7284 vm_set_param2_data_calls=0 vm_set_param2_data_us=0 vm_set_lighting_calls=1 vm_set_lighting_us=166 vm_calc_lighting_calls=1 vm_calc_lighting_us=2267 vm_set_light_data_calls=1 vm_set_light_data_us=7075 vm_update_liquids_calls=1 vm_update_liquids_us=1153
ACTION[Emerge-0]: GRUG_WP40_PROFILE_PROBE phase=cold event=emerge case=whitebridge mapchunk=-432,-32,-1552 elapsed_us=2248707 generated=1 disk=0 memory=124 cancelled=0 errored=0
ACTION[Emerge-0]: GRUG_WP40_PROFILE_CALLBACK callback=8 minp=-2752,-32,-32 maxp=-2673,47,47 blockseed=2525044665 plan_us=133142 writer_us=301058 total_us=434200 columns=6400 candidate_cells=49 candidates=0 r5_runs=25600 result=applied_clq vm_get_emerged_area_calls=1 vm_get_emerged_area_us=2 vm_get_data_calls=1 vm_get_data_us=4114 vm_get_param2_data_calls=1 vm_get_param2_data_us=4114 vm_get_light_data_calls=2 vm_get_light_data_us=7854 vm_set_data_calls=1 vm_set_data_us=7265 vm_set_param2_data_calls=0 vm_set_param2_data_us=0 vm_set_lighting_calls=1 vm_set_lighting_us=259 vm_calc_lighting_calls=1 vm_calc_lighting_us=6635 vm_set_light_data_calls=1 vm_set_light_data_us=7077 vm_update_liquids_calls=1 vm_update_liquids_us=1144
ACTION[Emerge-0]: GRUG_WP40_PROFILE_PROBE phase=cold event=emerge case=wyrmglass_channel mapchunk=-2752,-32,-32 elapsed_us=468671 generated=1 disk=0 memory=124 cancelled=0 errored=0
ACTION[Emerge-0]: GRUG_WP40_PROFILE_CALLBACK callback=9 minp=-3312,208,-112 maxp=-3233,287,-33 blockseed=2857651185 plan_us=504766 writer_us=448094 total_us=952860 columns=6400 candidate_cells=49 candidates=1 r5_runs=21161 result=applied_clq vm_get_emerged_area_calls=1 vm_get_emerged_area_us=3 vm_get_data_calls=1 vm_get_data_us=4127 vm_get_param2_data_calls=1 vm_get_param2_data_us=4120 vm_get_light_data_calls=2 vm_get_light_data_us=8223 vm_set_data_calls=1 vm_set_data_us=7281 vm_set_param2_data_calls=0 vm_set_param2_data_us=0 vm_set_lighting_calls=1 vm_set_lighting_us=183 vm_calc_lighting_calls=1 vm_calc_lighting_us=2225 vm_set_light_data_calls=1 vm_set_light_data_us=6830 vm_update_liquids_calls=1 vm_update_liquids_us=915
ACTION[Emerge-0]: GRUG_WP40_PROFILE_PROBE phase=cold event=emerge case=wyrmglass_island mapchunk=-3312,208,-112 elapsed_us=981641 generated=1 disk=0 memory=124 cancelled=0 errored=0
ACTION[Emerge-0]: GRUG_RESOURCE_AUDIT	abyssal_crystal	-107	-57	8	5	ordinary	4000	2	1	1	0	0	2
ACTION[Emerge-0]: GRUG_RESOURCE_AUDIT	abyssal_crystal	-107	-56	8	5	ordinary	4069	2	1	1	0	0	2
ACTION[Emerge-0]: GRUG_RESOURCE_AUDIT	abyssal_crystal	-107	-55	8	5	ordinary	2827	1	1	1	0	0	1
ACTION[Emerge-0]: GRUG_RESOURCE_AUDIT	abyssal_crystal	-107	-54	8	5	ordinary	4034	2	1	1	0	0	2
ACTION[Emerge-0]: GRUG_RESOURCE_AUDIT	abyssal_crystal	-107	-53	8	5	ordinary	4094	2	1	1	0	0	2
ACTION[Emerge-0]: GRUG_RESOURCE_AUDIT	abyssal_crystal	-106	-57	8	5	ordinary	4027	2	1	1	0	0	2
ACTION[Emerge-0]: GRUG_RESOURCE_AUDIT	abyssal_crystal	-106	-56	8	5	ordinary	4096	2	1	1	0	0	2
ACTION[Emerge-0]: GRUG_RESOURCE_AUDIT	abyssal_crystal	-106	-55	8	5	ordinary	3386	2	1	1	0	0	2
ACTION[Emerge-0]: GRUG_RESOURCE_AUDIT	abyssal_crystal	-106	-54	8	5	ordinary	4096	2	1	1	0	0	2
ACTION[Emerge-0]: GRUG_RESOURCE_AUDIT	abyssal_crystal	-106	-53	8	5	ordinary	3924	2	1	1	0	0	2
ACTION[Emerge-0]: GRUG_RESOURCE_AUDIT	abyssal_crystal	-105	-57	8	5	ordinary	4087	2	1	1	0	0	2
ACTION[Emerge-0]: GRUG_RESOURCE_AUDIT	abyssal_crystal	-105	-56	8	5	ordinary	4073	2	1	1	0	0	2
ACTION[Emerge-0]: GRUG_RESOURCE_AUDIT	abyssal_crystal	-105	-55	8	5	ordinary	3976	2	1	1	0	0	2
ACTION[Emerge-0]: GRUG_RESOURCE_AUDIT	abyssal_crystal	-105	-54	8	5	ordinary	3897	2	1	1	0	0	2
ACTION[Emerge-0]: GRUG_RESOURCE_AUDIT	abyssal_crystal	-105	-53	8	5	ordinary	3965	2	1	1	0	0	2
ACTION[Emerge-0]: GRUG_RESOURCE_AUDIT	abyssal_crystal	-104	-57	8	5	ordinary	4096	2	1	1	0	0	2
ACTION[Emerge-0]: GRUG_RESOURCE_AUDIT	abyssal_crystal	-104	-56	8	5	ordinary	4065	2	1	1	0	0	2
ACTION[Emerge-0]: GRUG_RESOURCE_AUDIT	abyssal_crystal	-104	-55	8	5	ordinary	3999	2	1	1	0	0	2
ACTION[Emerge-0]: GRUG_RESOURCE_AUDIT	abyssal_crystal	-104	-54	8	5	ordinary	3988	2	1	1	0	0	2
ACTION[Emerge-0]: GRUG_RESOURCE_AUDIT	abyssal_crystal	-104	-53	8	5	ordinary	3586	2	1	1	0	0	2
ACTION[Emerge-0]: GRUG_RESOURCE_AUDIT	abyssal_crystal	-103	-57	8	5	ordinary	3898	2	1	1	0	0	2
ACTION[Emerge-0]: GRUG_RESOURCE_AUDIT	abyssal_crystal	-103	-56	8	5	ordinary	4085	2	1	1	0	0	2
ACTION[Emerge-0]: GRUG_RESOURCE_AUDIT	abyssal_crystal	-103	-55	8	5	ordinary	2899	2	1	1	0	0	2
ACTION[Emerge-0]: GRUG_RESOURCE_AUDIT	abyssal_crystal	-103	-54	8	5	ordinary	3144	1	1	1	0	0	1
ACTION[Emerge-0]: GRUG_RESOURCE_AUDIT	abyssal_crystal	-103	-53	8	5	ordinary	3411	2	1	1	0	0	2
ACTION[Emerge-0]: GRUG_RESOURCE_AUDIT	abyssal_crystal	-107	-57	9	5	ordinary	4068	2	1	1	0	0	2
ACTION[Emerge-0]: GRUG_RESOURCE_AUDIT	abyssal_crystal	-107	-56	9	5	ordinary	4055	2	1	1	0	0	2
ACTION[Emerge-0]: GRUG_RESOURCE_AUDIT	abyssal_crystal	-107	-55	9	5	ordinary	3819	2	1	1	0	0	2
ACTION[Emerge-0]: GRUG_RESOURCE_AUDIT	abyssal_crystal	-107	-54	9	5	ordinary	4068	2	1	1	0	0	2
ACTION[Emerge-0]: GRUG_RESOURCE_AUDIT	abyssal_crystal	-107	-53	9	5	ordinary	4047	2	1	1	0	0	2
ACTION[Emerge-0]: GRUG_RESOURCE_AUDIT	abyssal_crystal	-106	-57	9	5	ordinary	3981	2	1	1	0	0	2
ACTION[Emerge-0]: GRUG_RESOURCE_AUDIT	abyssal_crystal	-106	-56	9	5	ordinary	4026	2	1	1	0	0	2
ACTION[Emerge-0]: GRUG_RESOURCE_AUDIT	abyssal_crystal	-106	-55	9	5	ordinary	3666	2	1	1	0	0	2
ACTION[Emerge-0]: GRUG_RESOURCE_AUDIT	abyssal_crystal	-106	-54	9	5	ordinary	4012	2	1	1	0	0	2
ACTION[Emerge-0]: GRUG_RESOURCE_AUDIT	abyssal_crystal	-106	-53	9	5	ordinary	3957	2	1	1	0	0	2
ACTION[Emerge-0]: GRUG_RESOURCE_AUDIT	abyssal_crystal	-105	-57	9	5	ordinary	4001	2	1	1	0	0	2
ACTION[Emerge-0]: GRUG_RESOURCE_AUDIT	abyssal_crystal	-105	-56	9	5	ordinary	4053	2	1	1	0	0	2
ACTION[Emerge-0]: GRUG_RESOURCE_AUDIT	abyssal_crystal	-105	-55	9	5	ordinary	3848	2	1	1	0	0	2
ACTION[Emerge-0]: GRUG_RESOURCE_AUDIT	abyssal_crystal	-105	-54	9	5	ordinary	3989	2	1	1	0	0	2
ACTION[Emerge-0]: GRUG_RESOURCE_AUDIT	abyssal_crystal	-105	-53	9	5	ordinary	3866	2	1	1	0	0	2
ACTION[Emerge-0]: GRUG_RESOURCE_AUDIT	abyssal_crystal	-104	-57	9	5	ordinary	4028	2	1	1	0	0	2
ACTION[Emerge-0]: GRUG_RESOURCE_AUDIT	abyssal_crystal	-104	-56	9	5	ordinary	3973	2	1	1	0	0	2
ACTION[Emerge-0]: GRUG_RESOURCE_AUDIT	abyssal_crystal	-104	-55	9	5	ordinary	3992	2	1	1	0	0	2
ACTION[Emerge-0]: GRUG_RESOURCE_AUDIT	abyssal_crystal	-104	-54	9	5	ordinary	4096	2	1	1	0	0	2
ACTION[Emerge-0]: GRUG_RESOURCE_AUDIT	abyssal_crystal	-104	-53	9	5	ordinary	3701	2	1	1	0	0	2
ACTION[Emerge-0]: GRUG_RESOURCE_AUDIT	abyssal_crystal	-103	-57	9	5	ordinary	4068	2	1	1	0	0	2
ACTION[Emerge-0]: GRUG_RESOURCE_AUDIT	abyssal_crystal	-103	-56	9	5	ordinary	4042	2	1	1	0	0	2
ACTION[Emerge-0]: GRUG_RESOURCE_AUDIT	abyssal_crystal	-103	-55	9	5	ordinary	3151	2	1	1	0	0	2
ACTION[Emerge-0]: GRUG_RESOURCE_AUDIT	abyssal_crystal	-103	-54	9	5	ordinary	3423	1	1	1	0	0	1
ACTION[Emerge-0]: GRUG_RESOURCE_AUDIT	abyssal_crystal	-103	-53	9	5	ordinary	4047	2	1	1	0	0	2
ACTION[Emerge-0]: GRUG_RESOURCE_AUDIT	abyssal_crystal	-107	-57	10	5	ordinary	3928	2	1	1	0	0	2
ACTION[Emerge-0]: GRUG_RESOURCE_AUDIT	abyssal_crystal	-107	-56	10	5	ordinary	3019	1	1	1	0	0	1
ACTION[Emerge-0]: GRUG_RESOURCE_AUDIT	abyssal_crystal	-107	-55	10	5	ordinary	3825	2	1	1	0	0	2
ACTION[Emerge-0]: GRUG_RESOURCE_AUDIT	abyssal_crystal	-107	-54	10	5	ordinary	4065	2	1	1	0	0	2
ACTION[Emerge-0]: GRUG_RESOURCE_AUDIT	abyssal_crystal	-107	-53	10	5	ordinary	3969	2	1	1	0	0	2
ACTION[Emerge-0]: GRUG_RESOURCE_AUDIT	abyssal_crystal	-106	-57	10	5	ordinary	4087	2	1	1	0	0	2
ACTION[Emerge-0]: GRUG_RESOURCE_AUDIT	abyssal_crystal	-106	-56	10	5	ordinary	4062	2	1	1	0	0	2
ACTION[Emerge-0]: GRUG_RESOURCE_AUDIT	abyssal_crystal	-106	-55	10	5	ordinary	4045	2	1	1	0	0	2
ACTION[Emerge-0]: GRUG_RESOURCE_AUDIT	abyssal_crystal	-106	-54	10	5	ordinary	4090	2	1	1	0	0	2
ACTION[Emerge-0]: GRUG_RESOURCE_AUDIT	abyssal_crystal	-106	-53	10	5	ordinary	4033	2	1	1	0	0	2
ACTION[Emerge-0]: GRUG_RESOURCE_AUDIT	abyssal_crystal	-105	-57	10	5	ordinary	4090	2	1	1	0	0	2
ACTION[Emerge-0]: GRUG_RESOURCE_AUDIT	abyssal_crystal	-105	-56	10	5	ordinary	4048	2	1	1	0	0	2
ACTION[Emerge-0]: GRUG_RESOURCE_AUDIT	abyssal_crystal	-105	-55	10	5	ordinary	3976	2	1	1	0	0	2
ACTION[Emerge-0]: GRUG_RESOURCE_AUDIT	abyssal_crystal	-105	-54	10	5	ordinary	4096	2	1	1	0	0	2
ACTION[Emerge-0]: GRUG_RESOURCE_AUDIT	abyssal_crystal	-105	-53	10	5	ordinary	4003	2	1	1	0	0	2
ACTION[Emerge-0]: GRUG_RESOURCE_AUDIT	abyssal_crystal	-104	-57	10	5	ordinary	4033	2	1	1	0	0	2
ACTION[Emerge-0]: GRUG_RESOURCE_AUDIT	abyssal_crystal	-104	-56	10	5	ordinary	4075	2	1	1	0	0	2
ACTION[Emerge-0]: GRUG_RESOURCE_AUDIT	abyssal_crystal	-104	-55	10	5	ordinary	4040	2	1	1	0	0	2
ACTION[Emerge-0]: GRUG_RESOURCE_AUDIT	abyssal_crystal	-104	-54	10	5	ordinary	3380	2	1	1	0	0	2
ACTION[Emerge-0]: GRUG_RESOURCE_AUDIT	abyssal_crystal	-104	-53	10	5	ordinary	3746	2	1	1	0	0	2
ACTION[Emerge-0]: GRUG_RESOURCE_AUDIT	abyssal_crystal	-103	-57	10	5	ordinary	4086	2	1	1	0	0	2
ACTION[Emerge-0]: GRUG_RESOURCE_AUDIT	abyssal_crystal	-103	-56	10	5	ordinary	4096	2	1	1	0	0	2
ACTION[Emerge-0]: GRUG_RESOURCE_AUDIT	abyssal_crystal	-103	-55	10	5	ordinary	3921	2	1	1	0	0	2
ACTION[Emerge-0]: GRUG_RESOURCE_AUDIT	abyssal_crystal	-103	-54	10	5	ordinary	3341	2	1	1	0	0	2
ACTION[Emerge-0]: GRUG_RESOURCE_AUDIT	abyssal_crystal	-103	-53	10	5	ordinary	3815	2	1	1	0	0	2
ACTION[Emerge-0]: GRUG_RESOURCE_AUDIT	abyssal_crystal	-107	-57	11	5	ordinary	3995	2	1	1	0	0	2
ACTION[Emerge-0]: GRUG_RESOURCE_AUDIT	abyssal_crystal	-107	-56	11	5	ordinary	3382	2	1	1	0	0	2
ACTION[Emerge-0]: GRUG_RESOURCE_AUDIT	abyssal_crystal	-107	-55	11	5	ordinary	4095	2	1	1	0	0	2
ACTION[Emerge-0]: GRUG_RESOURCE_AUDIT	abyssal_crystal	-107	-54	11	5	ordinary	3981	2	1	1	0	0	2
ACTION[Emerge-0]: GRUG_RESOURCE_AUDIT	abyssal_crystal	-107	-53	11	5	ordinary	3804	2	1	1	0	0	2
ACTION[Emerge-0]: GRUG_RESOURCE_AUDIT	abyssal_crystal	-106	-57	11	5	ordinary	4096	2	1	1	0	0	2
ACTION[Emerge-0]: GRUG_RESOURCE_AUDIT	abyssal_crystal	-106	-56	11	5	ordinary	4001	2	1	1	0	0	2
ACTION[Emerge-0]: GRUG_RESOURCE_AUDIT	abyssal_crystal	-106	-55	11	5	ordinary	4023	2	1	1	0	0	2
ACTION[Emerge-0]: GRUG_RESOURCE_AUDIT	abyssal_crystal	-106	-54	11	5	ordinary	4002	2	1	1	0	0	2
ACTION[Emerge-0]: GRUG_RESOURCE_AUDIT	abyssal_crystal	-106	-53	11	5	ordinary	4043	2	1	1	0	0	2
ACTION[Emerge-0]: GRUG_RESOURCE_AUDIT	abyssal_crystal	-105	-57	11	5	ordinary	4028	2	1	1	0	0	2
ACTION[Emerge-0]: GRUG_RESOURCE_AUDIT	abyssal_crystal	-105	-56	11	5	ordinary	3982	2	1	1	0	0	2
ACTION[Emerge-0]: GRUG_RESOURCE_AUDIT	abyssal_crystal	-105	-55	11	5	ordinary	3913	2	1	1	0	0	2
ACTION[Emerge-0]: GRUG_RESOURCE_AUDIT	abyssal_crystal	-105	-54	11	5	ordinary	4096	2	1	1	0	0	2
ACTION[Emerge-0]: GRUG_RESOURCE_AUDIT	abyssal_crystal	-105	-53	11	5	ordinary	4024	2	1	1	0	0	2
ACTION[Emerge-0]: GRUG_RESOURCE_AUDIT	abyssal_crystal	-104	-57	11	5	ordinary	3936	2	1	1	0	0	2
ACTION[Emerge-0]: GRUG_RESOURCE_AUDIT	abyssal_crystal	-104	-56	11	5	ordinary	3995	1	1	1	0	0	1
ACTION[Emerge-0]: GRUG_RESOURCE_AUDIT	abyssal_crystal	-104	-55	11	5	ordinary	3750	1	1	1	0	0	1
ACTION[Emerge-0]: GRUG_RESOURCE_AUDIT	abyssal_crystal	-104	-54	11	5	ordinary	3653	1	1	1	0	0	1
ACTION[Emerge-0]: GRUG_RESOURCE_AUDIT	abyssal_crystal	-104	-53	11	5	ordinary	3978	2	1	1	0	0	2
ACTION[Emerge-0]: GRUG_RESOURCE_AUDIT	abyssal_crystal	-103	-57	11	5	ordinary	4009	2	1	1	0	0	2
ACTION[Emerge-0]: GRUG_RESOURCE_AUDIT	abyssal_crystal	-103	-56	11	5	ordinary	4096	2	1	1	0	0	2
ACTION[Emerge-0]: GRUG_RESOURCE_AUDIT	abyssal_crystal	-103	-55	11	5	ordinary	3944	2	1	1	0	0	2
ACTION[Emerge-0]: GRUG_RESOURCE_AUDIT	abyssal_crystal	-103	-54	11	5	ordinary	3245	2	1	1	0	0	2
ACTION[Emerge-0]: GRUG_RESOURCE_AUDIT	abyssal_crystal	-103	-53	11	5	ordinary	3960	2	1	1	0	0	2
ACTION[Emerge-0]: GRUG_RESOURCE_AUDIT	abyssal_crystal	-107	-57	12	5	ordinary	4091	2	1	1	0	0	2
ACTION[Emerge-0]: GRUG_RESOURCE_AUDIT	abyssal_crystal	-107	-56	12	5	ordinary	4052	2	1	1	0	0	2
ACTION[Emerge-0]: GRUG_RESOURCE_AUDIT	abyssal_crystal	-107	-55	12	5	ordinary	4065	2	1	1	0	0	2
ACTION[Emerge-0]: GRUG_RESOURCE_AUDIT	abyssal_crystal	-107	-54	12	5	ordinary	4096	2	1	1	0	0	2
ACTION[Emerge-0]: GRUG_RESOURCE_AUDIT	abyssal_crystal	-107	-53	12	5	ordinary	4071	2	1	1	0	0	2
ACTION[Emerge-0]: GRUG_RESOURCE_AUDIT	abyssal_crystal	-106	-57	12	5	ordinary	4027	2	1	1	0	0	2
ACTION[Emerge-0]: GRUG_RESOURCE_AUDIT	abyssal_crystal	-106	-56	12	5	ordinary	3825	1	1	1	0	0	1
ACTION[Emerge-0]: GRUG_RESOURCE_AUDIT	abyssal_crystal	-106	-55	12	5	ordinary	3957	2	1	1	0	0	2
ACTION[Emerge-0]: GRUG_RESOURCE_AUDIT	abyssal_crystal	-106	-54	12	5	ordinary	4096	2	1	1	0	0	2
ACTION[Emerge-0]: GRUG_RESOURCE_AUDIT	abyssal_crystal	-106	-53	12	5	ordinary	4002	2	1	1	0	0	2
ACTION[Emerge-0]: GRUG_RESOURCE_AUDIT	abyssal_crystal	-105	-57	12	5	ordinary	4017	2	1	1	0	0	2
ACTION[Emerge-0]: GRUG_RESOURCE_AUDIT	abyssal_crystal	-105	-56	12	5	ordinary	3670	1	1	1	0	0	1
ACTION[Emerge-0]: GRUG_RESOURCE_AUDIT	abyssal_crystal	-105	-55	12	5	ordinary	4004	2	1	1	0	0	2
ACTION[Emerge-0]: GRUG_RESOURCE_AUDIT	abyssal_crystal	-105	-54	12	5	ordinary	4021	2	1	1	0	0	2
ACTION[Emerge-0]: GRUG_RESOURCE_AUDIT	abyssal_crystal	-105	-53	12	5	ordinary	4077	2	1	1	0	0	2
ACTION[Emerge-0]: GRUG_RESOURCE_AUDIT	abyssal_crystal	-104	-57	12	5	ordinary	4007	2	1	1	0	0	2
ACTION[Emerge-0]: GRUG_RESOURCE_AUDIT	abyssal_crystal	-104	-56	12	5	ordinary	3994	2	1	1	0	0	2
ACTION[Emerge-0]: GRUG_RESOURCE_AUDIT	abyssal_crystal	-104	-55	12	5	ordinary	4096	2	1	1	0	0	2
ACTION[Emerge-0]: GRUG_RESOURCE_AUDIT	abyssal_crystal	-104	-54	12	5	ordinary	3942	2	1	1	0	0	2
ACTION[Emerge-0]: GRUG_RESOURCE_AUDIT	abyssal_crystal	-104	-53	12	5	ordinary	4096	2	1	1	0	0	2
ACTION[Emerge-0]: GRUG_RESOURCE_AUDIT	abyssal_crystal	-103	-57	12	5	ordinary	4020	2	1	1	0	0	2
ACTION[Emerge-0]: GRUG_RESOURCE_AUDIT	abyssal_crystal	-103	-56	12	5	ordinary	3933	2	1	1	0	0	2
ACTION[Emerge-0]: GRUG_RESOURCE_AUDIT	abyssal_crystal	-103	-55	12	5	ordinary	4096	2	1	1	0	0	2
ACTION[Emerge-0]: GRUG_RESOURCE_AUDIT	abyssal_crystal	-103	-54	12	5	ordinary	4096	2	1	1	0	0	2
ACTION[Emerge-0]: GRUG_RESOURCE_AUDIT	abyssal_crystal	-103	-53	12	5	ordinary	4096	2	1	1	0	0	2
ACTION[Emerge-0]: GRUG_RESOURCE_AUDIT	citrine	-107	-57	8	5	ordinary	4000	1	1	1	0	0	1
ACTION[Emerge-0]: GRUG_RESOURCE_AUDIT	citrine	-107	-56	8	5	ordinary	4069	1	1	1	0	0	1
ACTION[Emerge-0]: GRUG_RESOURCE_AUDIT	citrine	-107	-55	8	5	ordinary	2827	1	1	1	0	0	1
ACTION[Emerge-0]: GRUG_RESOURCE_AUDIT	citrine	-107	-54	8	5	ordinary	4034	2	1	1	0	0	2
ACTION[Emerge-0]: GRUG_RESOURCE_AUDIT	citrine	-107	-53	8	5	ordinary	4094	1	1	1	0	0	1
ACTION[Emerge-0]: GRUG_RESOURCE_AUDIT	citrine	-106	-57	8	5	ordinary	4027	1	1	1	0	0	1
ACTION[Emerge-0]: GRUG_RESOURCE_AUDIT	citrine	-106	-56	8	5	ordinary	4096	2	1	1	0	0	2
ACTION[Emerge-0]: GRUG_RESOURCE_AUDIT	citrine	-106	-55	8	5	ordinary	3386	2	1	1	0	0	2
ACTION[Emerge-0]: GRUG_RESOURCE_AUDIT	citrine	-106	-54	8	5	ordinary	4096	2	1	1	0	0	2
ACTION[Emerge-0]: GRUG_RESOURCE_AUDIT	citrine	-106	-53	8	5	ordinary	3924	1	1	1	0	0	1
ACTION[Emerge-0]: GRUG_RESOURCE_AUDIT	citrine	-105	-57	8	5	ordinary	4087	2	1	1	0	0	2
ACTION[Emerge-0]: GRUG_RESOURCE_AUDIT	citrine	-105	-56	8	5	ordinary	4073	2	1	1	0	0	2
ACTION[Emerge-0]: GRUG_RESOURCE_AUDIT	citrine	-105	-55	8	5	ordinary	3976	2	1	1	0	0	2
ACTION[Emerge-0]: GRUG_RESOURCE_AUDIT	citrine	-105	-54	8	5	ordinary	3897	1	1	1	0	0	1
ACTION[Emerge-0]: GRUG_RESOURCE_AUDIT	citrine	-105	-53	8	5	ordinary	3965	2	1	1	0	0	2
ACTION[Emerge-0]: GRUG_RESOURCE_AUDIT	citrine	-104	-57	8	5	ordinary	4096	2	1	1	0	0	2
ACTION[Emerge-0]: GRUG_RESOURCE_AUDIT	citrine	-104	-56	8	5	ordinary	4065	1	1	1	0	0	1
ACTION[Emerge-0]: GRUG_RESOURCE_AUDIT	citrine	-104	-55	8	5	ordinary	3999	1	1	1	0	0	1
ACTION[Emerge-0]: GRUG_RESOURCE_AUDIT	citrine	-104	-54	8	5	ordinary	3988	1	1	1	0	0	1
ACTION[Emerge-0]: GRUG_RESOURCE_AUDIT	citrine	-104	-53	8	5	ordinary	3586	1	1	1	0	0	1
ACTION[Emerge-0]: GRUG_RESOURCE_AUDIT	citrine	-103	-57	8	5	ordinary	3898	1	1	1	0	0	1
ACTION[Emerge-0]: GRUG_RESOURCE_AUDIT	citrine	-103	-56	8	5	ordinary	4085	1	1	1	0	0	1
ACTION[Emerge-0]: GRUG_RESOURCE_AUDIT	citrine	-103	-55	8	5	ordinary	2899	1	1	1	0	0	1
ACTION[Emerge-0]: GRUG_RESOURCE_AUDIT	citrine	-103	-54	8	5	ordinary	3144	1	1	1	0	0	1
ACTION[Emerge-0]: GRUG_RESOURCE_AUDIT	citrine	-103	-53	8	5	ordinary	3411	1	1	1	0	0	1
ACTION[Emerge-0]: GRUG_RESOURCE_AUDIT	citrine	-107	-57	9	5	ordinary	4068	1	1	1	0	0	1
ACTION[Emerge-0]: GRUG_RESOURCE_AUDIT	citrine	-107	-56	9	5	ordinary	4055	1	1	1	0	0	1
ACTION[Emerge-0]: GRUG_RESOURCE_AUDIT	citrine	-107	-55	9	5	ordinary	3819	2	1	1	0	0	2
ACTION[Emerge-0]: GRUG_RESOURCE_AUDIT	citrine	-107	-54	9	5	ordinary	4068	1	1	1	0	0	1
ACTION[Emerge-0]: GRUG_RESOURCE_AUDIT	citrine	-107	-53	9	5	ordinary	4047	2	1	1	0	0	2
ACTION[Emerge-0]: GRUG_RESOURCE_AUDIT	citrine	-106	-57	9	5	ordinary	3981	1	1	1	0	0	1
ACTION[Emerge-0]: GRUG_RESOURCE_AUDIT	citrine	-106	-56	9	5	ordinary	4026	1	1	1	0	0	1
ACTION[Emerge-0]: GRUG_RESOURCE_AUDIT	citrine	-106	-55	9	5	ordinary	3666	1	1	1	0	0	1
ACTION[Emerge-0]: GRUG_RESOURCE_AUDIT	citrine	-106	-54	9	5	ordinary	4012	2	1	1	0	0	2
ACTION[Emerge-0]: GRUG_RESOURCE_AUDIT	citrine	-106	-53	9	5	ordinary	3957	1	1	1	0	0	1
ACTION[Emerge-0]: GRUG_RESOURCE_AUDIT	citrine	-105	-57	9	5	ordinary	4001	1	1	1	0	0	1
ACTION[Emerge-0]: GRUG_RESOURCE_AUDIT	citrine	-105	-56	9	5	ordinary	4053	1	1	1	0	0	1
ACTION[Emerge-0]: GRUG_RESOURCE_AUDIT	citrine	-105	-55	9	5	ordinary	3848	1	1	1	0	0	1
ACTION[Emerge-0]: GRUG_RESOURCE_AUDIT	citrine	-105	-54	9	5	ordinary	3989	1	1	1	0	0	1
ACTION[Emerge-0]: GRUG_RESOURCE_AUDIT	citrine	-105	-53	9	5	ordinary	3866	1	1	1	0	0	1
ACTION[Emerge-0]: GRUG_RESOURCE_AUDIT	citrine	-104	-57	9	5	ordinary	4028	1	1	1	0	0	1
ACTION[Emerge-0]: GRUG_RESOURCE_AUDIT	citrine	-104	-56	9	5	ordinary	3973	1	1	1	0	0	1
ACTION[Emerge-0]: GRUG_RESOURCE_AUDIT	citrine	-104	-55	9	5	ordinary	3992	1	1	1	0	0	1
ACTION[Emerge-0]: GRUG_RESOURCE_AUDIT	citrine	-104	-54	9	5	ordinary	4096	1	1	1	0	0	1
ACTION[Emerge-0]: GRUG_RESOURCE_AUDIT	citrine	-104	-53	9	5	ordinary	3701	1	1	1	0	0	1
ACTION[Emerge-0]: GRUG_RESOURCE_AUDIT	citrine	-103	-57	9	5	ordinary	4068	2	1	1	0	0	2
ACTION[Emerge-0]: GRUG_RESOURCE_AUDIT	citrine	-103	-56	9	5	ordinary	4042	1	1	1	0	0	1
ACTION[Emerge-0]: GRUG_RESOURCE_AUDIT	citrine	-103	-55	9	5	ordinary	3151	1	1	1	0	0	1
ACTION[Emerge-0]: GRUG_RESOURCE_AUDIT	citrine	-103	-54	9	5	ordinary	3423	1	1	1	0	0	1
ACTION[Emerge-0]: GRUG_RESOURCE_AUDIT	citrine	-103	-53	9	5	ordinary	4047	2	1	1	0	0	2
ACTION[Emerge-0]: GRUG_RESOURCE_AUDIT	citrine	-107	-57	10	5	ordinary	3928	2	1	1	0	0	2
ACTION[Emerge-0]: GRUG_RESOURCE_AUDIT	citrine	-107	-56	10	5	ordinary	3019	1	1	1	0	0	1
ACTION[Emerge-0]: GRUG_RESOURCE_AUDIT	citrine	-107	-55	10	5	ordinary	3825	1	1	1	0	0	1
ACTION[Emerge-0]: GRUG_RESOURCE_AUDIT	citrine	-107	-54	10	5	ordinary	4065	1	1	1	0	0	1
ACTION[Emerge-0]: GRUG_RESOURCE_AUDIT	citrine	-107	-53	10	5	ordinary	3969	1	1	1	0	0	1
ACTION[Emerge-0]: GRUG_RESOURCE_AUDIT	citrine	-106	-57	10	5	ordinary	4087	1	1	1	0	0	1
ACTION[Emerge-0]: GRUG_RESOURCE_AUDIT	citrine	-106	-56	10	5	ordinary	4062	1	1	1	0	0	1
ACTION[Emerge-0]: GRUG_RESOURCE_AUDIT	citrine	-106	-55	10	5	ordinary	4045	2	1	1	0	0	2
ACTION[Emerge-0]: GRUG_RESOURCE_AUDIT	citrine	-106	-54	10	5	ordinary	4090	1	1	1	0	0	1
ACTION[Emerge-0]: GRUG_RESOURCE_AUDIT	citrine	-106	-53	10	5	ordinary	4033	1	1	1	0	0	1
ACTION[Emerge-0]: GRUG_RESOURCE_AUDIT	citrine	-105	-57	10	5	ordinary	4090	1	1	1	0	0	1
ACTION[Emerge-0]: GRUG_RESOURCE_AUDIT	citrine	-105	-56	10	5	ordinary	4048	2	1	1	0	0	2
ACTION[Emerge-0]: GRUG_RESOURCE_AUDIT	citrine	-105	-55	10	5	ordinary	3976	2	1	1	0	0	2
ACTION[Emerge-0]: GRUG_RESOURCE_AUDIT	citrine	-105	-54	10	5	ordinary	4096	1	1	1	0	0	1
ACTION[Emerge-0]: GRUG_RESOURCE_AUDIT	citrine	-105	-53	10	5	ordinary	4003	2	1	1	0	0	2
ACTION[Emerge-0]: GRUG_RESOURCE_AUDIT	citrine	-104	-57	10	5	ordinary	4033	2	1	1	0	0	2
ACTION[Emerge-0]: GRUG_RESOURCE_AUDIT	citrine	-104	-56	10	5	ordinary	4075	1	1	1	0	0	1
ACTION[Emerge-0]: GRUG_RESOURCE_AUDIT	citrine	-104	-55	10	5	ordinary	4040	1	1	1	0	0	1
ACTION[Emerge-0]: GRUG_RESOURCE_AUDIT	citrine	-104	-54	10	5	ordinary	3380	1	1	1	0	0	1
ACTION[Emerge-0]: GRUG_RESOURCE_AUDIT	citrine	-104	-53	10	5	ordinary	3746	1	1	1	0	0	1
ACTION[Emerge-0]: GRUG_RESOURCE_AUDIT	citrine	-103	-57	10	5	ordinary	4086	2	1	1	0	0	2
ACTION[Emerge-0]: GRUG_RESOURCE_AUDIT	citrine	-103	-56	10	5	ordinary	4096	2	1	1	0	0	2
ACTION[Emerge-0]: GRUG_RESOURCE_AUDIT	citrine	-103	-55	10	5	ordinary	3921	1	1	1	0	0	1
ACTION[Emerge-0]: GRUG_RESOURCE_AUDIT	citrine	-103	-54	10	5	ordinary	3341	1	1	1	0	0	1
ACTION[Emerge-0]: GRUG_RESOURCE_AUDIT	citrine	-103	-53	10	5	ordinary	3815	1	1	1	0	0	1
ACTION[Emerge-0]: GRUG_RESOURCE_AUDIT	citrine	-107	-57	11	5	ordinary	3995	1	1	1	0	0	1
ACTION[Emerge-0]: GRUG_RESOURCE_AUDIT	citrine	-107	-56	11	5	ordinary	3382	1	1	1	0	0	1
ACTION[Emerge-0]: GRUG_RESOURCE_AUDIT	citrine	-107	-55	11	5	ordinary	4095	2	1	1	0	0	2
ACTION[Emerge-0]: GRUG_RESOURCE_AUDIT	citrine	-107	-54	11	5	ordinary	3981	1	1	1	0	0	1
ACTION[Emerge-0]: GRUG_RESOURCE_AUDIT	citrine	-107	-53	11	5	ordinary	3804	1	1	1	0	0	1
ACTION[Emerge-0]: GRUG_RESOURCE_AUDIT	citrine	-106	-57	11	5	ordinary	4096	1	1	1	0	0	1
ACTION[Emerge-0]: GRUG_RESOURCE_AUDIT	citrine	-106	-56	11	5	ordinary	4001	2	1	1	0	0	2
ACTION[Emerge-0]: GRUG_RESOURCE_AUDIT	citrine	-106	-55	11	5	ordinary	4023	1	1	1	0	0	1
ACTION[Emerge-0]: GRUG_RESOURCE_AUDIT	citrine	-106	-54	11	5	ordinary	4002	1	1	1	0	0	1
ACTION[Emerge-0]: GRUG_RESOURCE_AUDIT	citrine	-106	-53	11	5	ordinary	4043	2	1	1	0	0	2
ACTION[Emerge-0]: GRUG_RESOURCE_AUDIT	citrine	-105	-57	11	5	ordinary	4028	2	1	1	0	0	2
ACTION[Emerge-0]: GRUG_RESOURCE_AUDIT	citrine	-105	-56	11	5	ordinary	3982	1	1	1	0	0	1
ACTION[Emerge-0]: GRUG_RESOURCE_AUDIT	citrine	-105	-55	11	5	ordinary	3913	1	1	1	0	0	1
ACTION[Emerge-0]: GRUG_RESOURCE_AUDIT	citrine	-105	-54	11	5	ordinary	4096	2	1	1	0	0	2
ACTION[Emerge-0]: GRUG_RESOURCE_AUDIT	citrine	-105	-53	11	5	ordinary	4024	2	1	1	0	0	2
ACTION[Emerge-0]: GRUG_RESOURCE_AUDIT	citrine	-104	-57	11	5	ordinary	3936	2	1	1	0	0	2
ACTION[Emerge-0]: GRUG_RESOURCE_AUDIT	citrine	-104	-56	11	5	ordinary	3995	1	1	1	0	0	1
ACTION[Emerge-0]: GRUG_RESOURCE_AUDIT	citrine	-104	-55	11	5	ordinary	3750	2	1	1	0	0	2
ACTION[Emerge-0]: GRUG_RESOURCE_AUDIT	citrine	-104	-54	11	5	ordinary	3653	2	1	1	0	0	2
ACTION[Emerge-0]: GRUG_RESOURCE_AUDIT	citrine	-104	-53	11	5	ordinary	3978	1	1	1	0	0	1
ACTION[Emerge-0]: GRUG_RESOURCE_AUDIT	citrine	-103	-57	11	5	ordinary	4009	1	1	1	0	0	1
ACTION[Emerge-0]: GRUG_RESOURCE_AUDIT	citrine	-103	-56	11	5	ordinary	4096	1	1	1	0	0	1
ACTION[Emerge-0]: GRUG_RESOURCE_AUDIT	citrine	-103	-55	11	5	ordinary	3944	1	1	1	0	0	1
ACTION[Emerge-0]: GRUG_RESOURCE_AUDIT	citrine	-103	-54	11	5	ordinary	3245	1	1	1	0	0	1
ACTION[Emerge-0]: GRUG_RESOURCE_AUDIT	citrine	-103	-53	11	5	ordinary	3960	1	1	1	0	0	1
ACTION[Emerge-0]: GRUG_RESOURCE_AUDIT	citrine	-107	-57	12	5	ordinary	4091	2	1	1	0	0	2
ACTION[Emerge-0]: GRUG_RESOURCE_AUDIT	citrine	-107	-56	12	5	ordinary	4052	1	1	1	0	0	1
ACTION[Emerge-0]: GRUG_RESOURCE_AUDIT	citrine	-107	-55	12	5	ordinary	4065	1	1	1	0	0	1
ACTION[Emerge-0]: GRUG_RESOURCE_AUDIT	citrine	-107	-54	12	5	ordinary	4096	1	1	1	0	0	1
ACTION[Emerge-0]: GRUG_RESOURCE_AUDIT	citrine	-107	-53	12	5	ordinary	4071	2	1	1	0	0	2
ACTION[Emerge-0]: GRUG_RESOURCE_AUDIT	citrine	-106	-57	12	5	ordinary	4027	1	1	1	0	0	1
ACTION[Emerge-0]: GRUG_RESOURCE_AUDIT	citrine	-106	-56	12	5	ordinary	3825	1	1	1	0	0	1
ACTION[Emerge-0]: GRUG_RESOURCE_AUDIT	citrine	-106	-55	12	5	ordinary	3957	1	1	1	0	0	1
ACTION[Emerge-0]: GRUG_RESOURCE_AUDIT	citrine	-106	-54	12	5	ordinary	4096	2	1	1	0	0	2
ACTION[Emerge-0]: GRUG_RESOURCE_AUDIT	citrine	-106	-53	12	5	ordinary	4002	1	1	1	0	0	1
ACTION[Emerge-0]: GRUG_RESOURCE_AUDIT	citrine	-105	-57	12	5	ordinary	4017	1	1	1	0	0	1
ACTION[Emerge-0]: GRUG_RESOURCE_AUDIT	citrine	-105	-56	12	5	ordinary	3670	1	1	1	0	0	1
ACTION[Emerge-0]: GRUG_RESOURCE_AUDIT	citrine	-105	-55	12	5	ordinary	4004	2	1	1	0	0	2
ACTION[Emerge-0]: GRUG_RESOURCE_AUDIT	citrine	-105	-54	12	5	ordinary	4021	1	1	1	0	0	1
ACTION[Emerge-0]: GRUG_RESOURCE_AUDIT	citrine	-105	-53	12	5	ordinary	4077	1	1	1	0	0	1
ACTION[Emerge-0]: GRUG_RESOURCE_AUDIT	citrine	-104	-57	12	5	ordinary	4007	1	1	1	0	0	1
ACTION[Emerge-0]: GRUG_RESOURCE_AUDIT	citrine	-104	-56	12	5	ordinary	3994	2	1	1	0	0	2
ACTION[Emerge-0]: GRUG_RESOURCE_AUDIT	citrine	-104	-55	12	5	ordinary	4096	1	1	1	0	0	1
ACTION[Emerge-0]: GRUG_RESOURCE_AUDIT	citrine	-104	-54	12	5	ordinary	3942	1	1	1	0	0	1
ACTION[Emerge-0]: GRUG_RESOURCE_AUDIT	citrine	-104	-53	12	5	ordinary	4096	1	1	1	0	0	1
ACTION[Emerge-0]: GRUG_RESOURCE_AUDIT	citrine	-103	-57	12	5	ordinary	4020	1	1	1	0	0	1
ACTION[Emerge-0]: GRUG_RESOURCE_AUDIT	citrine	-103	-56	12	5	ordinary	3933	1	1	1	0	0	1
ACTION[Emerge-0]: GRUG_RESOURCE_AUDIT	citrine	-103	-55	12	5	ordinary	4096	1	1	1	0	0	1
ACTION[Emerge-0]: GRUG_RESOURCE_AUDIT	citrine	-103	-54	12	5	ordinary	4096	2	1	1	0	0	2
ACTION[Emerge-0]: GRUG_RESOURCE_AUDIT	citrine	-103	-53	12	5	ordinary	4096	1	1	1	0	0	1
ACTION[Emerge-0]: GRUG_RESOURCE_AUDIT	coal	-107	-57	8	5	ordinary	4000	31	4	4	1	0	31
ACTION[Emerge-0]: GRUG_RESOURCE_AUDIT	coal	-107	-56	8	5	ordinary	4069	31	4	4	0	0	31
ACTION[Emerge-0]: GRUG_RESOURCE_AUDIT	coal	-107	-55	8	5	ordinary	2827	22	3	3	0	0	22
ACTION[Emerge-0]: GRUG_RESOURCE_AUDIT	coal	-107	-54	8	5	ordinary	4034	32	4	4	0	0	32
ACTION[Emerge-0]: GRUG_RESOURCE_AUDIT	coal	-107	-53	8	5	ordinary	4094	32	4	4	0	0	32
ACTION[Emerge-0]: GRUG_RESOURCE_AUDIT	coal	-106	-57	8	5	ordinary	4027	31	4	4	0	0	31
ACTION[Emerge-0]: GRUG_RESOURCE_AUDIT	coal	-106	-56	8	5	ordinary	4096	32	4	4	0	0	32
ACTION[Emerge-0]: GRUG_RESOURCE_AUDIT	coal	-106	-55	8	5	ordinary	3386	26	4	4	0	0	26
ACTION[Emerge-0]: GRUG_RESOURCE_AUDIT	coal	-106	-54	8	5	ordinary	4096	32	4	4	0	0	32
ACTION[Emerge-0]: GRUG_RESOURCE_AUDIT	coal	-106	-53	8	5	ordinary	3924	31	4	4	0	0	31
ACTION[Emerge-0]: GRUG_RESOURCE_AUDIT	coal	-105	-57	8	5	ordinary	4087	32	4	4	0	0	32
ACTION[Emerge-0]: GRUG_RESOURCE_AUDIT	coal	-105	-56	8	5	ordinary	4073	32	4	4	0	0	32
ACTION[Emerge-0]: GRUG_RESOURCE_AUDIT	coal	-105	-55	8	5	ordinary	3976	31	4	4	0	0	31
ACTION[Emerge-0]: GRUG_RESOURCE_AUDIT	coal	-105	-54	8	5	ordinary	3897	31	4	4	0	0	31
ACTION[Emerge-0]: GRUG_RESOURCE_AUDIT	coal	-105	-53	8	5	ordinary	3965	31	4	4	0	0	31
ACTION[Emerge-0]: GRUG_RESOURCE_AUDIT	coal	-104	-57	8	5	ordinary	4096	32	4	4	0	0	32
ACTION[Emerge-0]: GRUG_RESOURCE_AUDIT	coal	-104	-56	8	5	ordinary	4065	31	4	4	0	0	31
ACTION[Emerge-0]: GRUG_RESOURCE_AUDIT	coal	-104	-55	8	5	ordinary	3999	31	4	4	0	0	31
ACTION[Emerge-0]: GRUG_RESOURCE_AUDIT	coal	-104	-54	8	5	ordinary	3988	31	4	4	0	0	31
ACTION[Emerge-0]: GRUG_RESOURCE_AUDIT	coal	-104	-53	8	5	ordinary	3586	28	4	4	0	0	28
ACTION[Emerge-0]: GRUG_RESOURCE_AUDIT	coal	-103	-57	8	5	ordinary	3898	30	4	4	0	0	30
ACTION[Emerge-0]: GRUG_RESOURCE_AUDIT	coal	-103	-56	8	5	ordinary	4085	32	4	4	0	0	32
ACTION[Emerge-0]: GRUG_RESOURCE_AUDIT	coal	-103	-55	8	5	ordinary	2899	23	3	3	0	0	23
ACTION[Emerge-0]: GRUG_RESOURCE_AUDIT	coal	-103	-54	8	5	ordinary	3144	24	3	3	0	0	24
ACTION[Emerge-0]: GRUG_RESOURCE_AUDIT	coal	-103	-53	8	5	ordinary	3411	26	4	4	0	0	26
ACTION[Emerge-0]: GRUG_RESOURCE_AUDIT	coal	-107	-57	9	5	ordinary	4068	32	4	4	0	0	32
ACTION[Emerge-0]: GRUG_RESOURCE_AUDIT	coal	-107	-56	9	5	ordinary	4055	32	4	4	0	0	32
ACTION[Emerge-0]: GRUG_RESOURCE_AUDIT	coal	-107	-55	9	5	ordinary	3819	30	4	4	0	0	30
ACTION[Emerge-0]: GRUG_RESOURCE_AUDIT	coal	-107	-54	9	5	ordinary	4068	31	4	4	0	0	31
ACTION[Emerge-0]: GRUG_RESOURCE_AUDIT	coal	-107	-53	9	5	ordinary	4047	32	4	4	0	0	32
ACTION[Emerge-0]: GRUG_RESOURCE_AUDIT	coal	-106	-57	9	5	ordinary	3981	31	4	4	0	0	31
ACTION[Emerge-0]: GRUG_RESOURCE_AUDIT	coal	-106	-56	9	5	ordinary	4026	32	4	4	0	0	32
ACTION[Emerge-0]: GRUG_RESOURCE_AUDIT	coal	-106	-55	9	5	ordinary	3666	29	4	4	0	0	29
ACTION[Emerge-0]: GRUG_RESOURCE_AUDIT	coal	-106	-54	9	5	ordinary	4012	31	4	4	0	0	31
ACTION[Emerge-0]: GRUG_RESOURCE_AUDIT	coal	-106	-53	9	5	ordinary	3957	31	4	4	0	0	31
ACTION[Emerge-0]: GRUG_RESOURCE_AUDIT	coal	-105	-57	9	5	ordinary	4001	31	4	4	0	0	31
ACTION[Emerge-0]: GRUG_RESOURCE_AUDIT	coal	-105	-56	9	5	ordinary	4053	32	4	4	0	0	32
ACTION[Emerge-0]: GRUG_RESOURCE_AUDIT	coal	-105	-55	9	5	ordinary	3848	30	4	4	0	0	30
ACTION[Emerge-0]: GRUG_RESOURCE_AUDIT	coal	-105	-54	9	5	ordinary	3989	32	4	4	0	0	32
ACTION[Emerge-0]: GRUG_RESOURCE_AUDIT	coal	-105	-53	9	5	ordinary	3866	30	4	4	0	0	30
ACTION[Emerge-0]: GRUG_RESOURCE_AUDIT	coal	-104	-57	9	5	ordinary	4028	32	4	4	0	0	32
ACTION[Emerge-0]: GRUG_RESOURCE_AUDIT	coal	-104	-56	9	5	ordinary	3973	31	4	4	0	0	31
ACTION[Emerge-0]: GRUG_RESOURCE_AUDIT	coal	-104	-55	9	5	ordinary	3992	31	4	4	0	0	31
ACTION[Emerge-0]: GRUG_RESOURCE_AUDIT	coal	-104	-54	9	5	ordinary	4096	32	4	4	0	0	32
ACTION[Emerge-0]: GRUG_RESOURCE_AUDIT	coal	-104	-53	9	5	ordinary	3701	29	4	4	0	0	29
ACTION[Emerge-0]: GRUG_RESOURCE_AUDIT	coal	-103	-57	9	5	ordinary	4068	32	4	4	0	0	32
ACTION[Emerge-0]: GRUG_RESOURCE_AUDIT	coal	-103	-56	9	5	ordinary	4042	32	4	4	0	0	32
ACTION[Emerge-0]: GRUG_RESOURCE_AUDIT	coal	-103	-55	9	5	ordinary	3151	25	4	4	0	0	25
ACTION[Emerge-0]: GRUG_RESOURCE_AUDIT	coal	-103	-54	9	5	ordinary	3423	27	4	4	0	0	27
ACTION[Emerge-0]: GRUG_RESOURCE_AUDIT	coal	-103	-53	9	5	ordinary	4047	32	4	4	0	0	32
ACTION[Emerge-0]: GRUG_RESOURCE_AUDIT	coal	-107	-57	10	5	ordinary	3928	30	4	4	0	0	30
ACTION[Emerge-0]: GRUG_RESOURCE_AUDIT	coal	-107	-56	10	5	ordinary	3019	24	3	3	0	0	24
ACTION[Emerge-0]: GRUG_RESOURCE_AUDIT	coal	-107	-55	10	5	ordinary	3825	30	4	4	0	0	30
ACTION[Emerge-0]: GRUG_RESOURCE_AUDIT	coal	-107	-54	10	5	ordinary	4065	32	4	4	0	0	32
ACTION[Emerge-0]: GRUG_RESOURCE_AUDIT	coal	-107	-53	10	5	ordinary	3969	31	4	4	0	0	31
ACTION[Emerge-0]: GRUG_RESOURCE_AUDIT	coal	-106	-57	10	5	ordinary	4087	32	4	4	0	0	32
ACTION[Emerge-0]: GRUG_RESOURCE_AUDIT	coal	-106	-56	10	5	ordinary	4062	32	4	4	0	0	32
ACTION[Emerge-0]: GRUG_RESOURCE_AUDIT	coal	-106	-55	10	5	ordinary	4045	32	4	4	0	0	32
ACTION[Emerge-0]: GRUG_RESOURCE_AUDIT	coal	-106	-54	10	5	ordinary	4090	32	4	4	0	0	32
ACTION[Emerge-0]: GRUG_RESOURCE_AUDIT	coal	-106	-53	10	5	ordinary	4033	31	4	4	0	0	31
ACTION[Emerge-0]: GRUG_RESOURCE_AUDIT	coal	-105	-57	10	5	ordinary	4090	32	4	4	0	0	32
ACTION[Emerge-0]: GRUG_RESOURCE_AUDIT	coal	-105	-56	10	5	ordinary	4048	32	4	4	0	0	32
ACTION[Emerge-0]: GRUG_RESOURCE_AUDIT	coal	-105	-55	10	5	ordinary	3976	31	4	4	0	0	31
ACTION[Emerge-0]: GRUG_RESOURCE_AUDIT	coal	-105	-54	10	5	ordinary	4096	32	4	4	0	0	32
ACTION[Emerge-0]: GRUG_RESOURCE_AUDIT	coal	-105	-53	10	5	ordinary	4003	31	4	4	0	0	31
ACTION[Emerge-0]: GRUG_RESOURCE_AUDIT	coal	-104	-57	10	5	ordinary	4033	32	4	4	0	0	32
ACTION[Emerge-0]: GRUG_RESOURCE_AUDIT	coal	-104	-56	10	5	ordinary	4075	32	4	4	0	0	32
ACTION[Emerge-0]: GRUG_RESOURCE_AUDIT	coal	-104	-55	10	5	ordinary	4040	32	4	4	0	0	32
ACTION[Emerge-0]: GRUG_RESOURCE_AUDIT	coal	-104	-54	10	5	ordinary	3380	26	4	4	0	0	26
ACTION[Emerge-0]: GRUG_RESOURCE_AUDIT	coal	-104	-53	10	5	ordinary	3746	29	4	4	0	0	29
ACTION[Emerge-0]: GRUG_RESOURCE_AUDIT	coal	-103	-57	10	5	ordinary	4086	32	4	4	0	0	32
ACTION[Emerge-0]: GRUG_RESOURCE_AUDIT	coal	-103	-56	10	5	ordinary	4096	32	4	4	0	0	32
ACTION[Emerge-0]: GRUG_RESOURCE_AUDIT	coal	-103	-55	10	5	ordinary	3921	30	4	4	0	0	30
ACTION[Emerge-0]: GRUG_RESOURCE_AUDIT	coal	-103	-54	10	5	ordinary	3341	26	4	4	0	0	26
ACTION[Emerge-0]: GRUG_RESOURCE_AUDIT	coal	-103	-53	10	5	ordinary	3815	29	4	4	0	0	29
ACTION[Emerge-0]: GRUG_RESOURCE_AUDIT	coal	-107	-57	11	5	ordinary	3995	31	4	4	0	0	31
ACTION[Emerge-0]: GRUG_RESOURCE_AUDIT	coal	-107	-56	11	5	ordinary	3382	26	4	4	0	0	26
ACTION[Emerge-0]: GRUG_RESOURCE_AUDIT	coal	-107	-55	11	5	ordinary	4095	32	4	4	0	0	32
ACTION[Emerge-0]: GRUG_RESOURCE_AUDIT	coal	-107	-54	11	5	ordinary	3981	32	4	4	0	0	32
ACTION[Emerge-0]: GRUG_RESOURCE_AUDIT	coal	-107	-53	11	5	ordinary	3804	30	4	4	0	0	30
ACTION[Emerge-0]: GRUG_RESOURCE_AUDIT	coal	-106	-57	11	5	ordinary	4096	32	4	4	0	0	32
ACTION[Emerge-0]: GRUG_RESOURCE_AUDIT	coal	-106	-56	11	5	ordinary	4001	32	4	4	0	0	32
ACTION[Emerge-0]: GRUG_RESOURCE_AUDIT	coal	-106	-55	11	5	ordinary	4023	32	4	4	0	0	32
ACTION[Emerge-0]: GRUG_RESOURCE_AUDIT	coal	-106	-54	11	5	ordinary	4002	31	4	4	0	0	31
ACTION[Emerge-0]: GRUG_RESOURCE_AUDIT	coal	-106	-53	11	5	ordinary	4043	32	4	4	0	0	32
ACTION[Emerge-0]: GRUG_RESOURCE_AUDIT	coal	-105	-57	11	5	ordinary	4028	31	4	4	0	0	31
ACTION[Emerge-0]: GRUG_RESOURCE_AUDIT	coal	-105	-56	11	5	ordinary	3982	31	4	4	0	0	31
ACTION[Emerge-0]: GRUG_RESOURCE_AUDIT	coal	-105	-55	11	5	ordinary	3913	30	4	4	0	0	30
ACTION[Emerge-0]: GRUG_RESOURCE_AUDIT	coal	-105	-54	11	5	ordinary	4096	32	4	4	0	0	32
ACTION[Emerge-0]: GRUG_RESOURCE_AUDIT	coal	-105	-53	11	5	ordinary	4024	31	4	4	0	0	31
ACTION[Emerge-0]: GRUG_RESOURCE_AUDIT	coal	-104	-57	11	5	ordinary	3936	31	4	4	0	0	31
ACTION[Emerge-0]: GRUG_RESOURCE_AUDIT	coal	-104	-56	11	5	ordinary	3995	31	4	4	0	0	31
ACTION[Emerge-0]: GRUG_RESOURCE_AUDIT	coal	-104	-55	11	5	ordinary	3750	30	4	4	0	0	30
ACTION[Emerge-0]: GRUG_RESOURCE_AUDIT	coal	-104	-54	11	5	ordinary	3653	28	4	4	0	0	28
ACTION[Emerge-0]: GRUG_RESOURCE_AUDIT	coal	-104	-53	11	5	ordinary	3978	31	4	4	0	0	31
ACTION[Emerge-0]: GRUG_RESOURCE_AUDIT	coal	-103	-57	11	5	ordinary	4009	31	4	4	0	0	31
ACTION[Emerge-0]: GRUG_RESOURCE_AUDIT	coal	-103	-56	11	5	ordinary	4096	32	4	4	0	0	32
ACTION[Emerge-0]: GRUG_RESOURCE_AUDIT	coal	-103	-55	11	5	ordinary	3944	31	4	4	0	0	31
ACTION[Emerge-0]: GRUG_RESOURCE_AUDIT	coal	-103	-54	11	5	ordinary	3245	25	4	4	0	0	25
ACTION[Emerge-0]: GRUG_RESOURCE_AUDIT	coal	-103	-53	11	5	ordinary	3960	31	4	4	0	0	31
ACTION[Emerge-0]: GRUG_RESOURCE_AUDIT	coal	-107	-57	12	5	ordinary	4091	32	4	4	0	0	32
ACTION[Emerge-0]: GRUG_RESOURCE_AUDIT	coal	-107	-56	12	5	ordinary	4052	32	4	4	0	0	32
ACTION[Emerge-0]: GRUG_RESOURCE_AUDIT	coal	-107	-55	12	5	ordinary	4065	31	4	4	0	0	31
ACTION[Emerge-0]: GRUG_RESOURCE_AUDIT	coal	-107	-54	12	5	ordinary	4096	32	4	4	0	0	32
ACTION[Emerge-0]: GRUG_RESOURCE_AUDIT	coal	-107	-53	12	5	ordinary	4071	32	4	4	0	0	32
ACTION[Emerge-0]: GRUG_RESOURCE_AUDIT	coal	-106	-57	12	5	ordinary	4027	32	4	4	0	0	32
ACTION[Emerge-0]: GRUG_RESOURCE_AUDIT	coal	-106	-56	12	5	ordinary	3825	30	4	4	0	0	30
ACTION[Emerge-0]: GRUG_RESOURCE_AUDIT	coal	-106	-55	12	5	ordinary	3957	31	4	4	0	0	31
ACTION[Emerge-0]: GRUG_RESOURCE_AUDIT	coal	-106	-54	12	5	ordinary	4096	32	4	4	0	0	32
ACTION[Emerge-0]: GRUG_RESOURCE_AUDIT	coal	-106	-53	12	5	ordinary	4002	31	4	4	0	0	31
ACTION[Emerge-0]: GRUG_RESOURCE_AUDIT	coal	-105	-57	12	5	ordinary	4017	31	4	4	0	0	31
ACTION[Emerge-0]: GRUG_RESOURCE_AUDIT	coal	-105	-56	12	5	ordinary	3670	28	4	4	0	0	28
ACTION[Emerge-0]: GRUG_RESOURCE_AUDIT	coal	-105	-55	12	5	ordinary	4004	31	4	4	0	0	31
ACTION[Emerge-0]: GRUG_RESOURCE_AUDIT	coal	-105	-54	12	5	ordinary	4021	32	4	4	0	0	32
ACTION[Emerge-0]: GRUG_RESOURCE_AUDIT	coal	-105	-53	12	5	ordinary	4077	32	4	4	0	0	32
ACTION[Emerge-0]: GRUG_RESOURCE_AUDIT	coal	-104	-57	12	5	ordinary	4007	31	4	4	0	0	31
ACTION[Emerge-0]: GRUG_RESOURCE_AUDIT	coal	-104	-56	12	5	ordinary	3994	32	4	4	0	0	32
ACTION[Emerge-0]: GRUG_RESOURCE_AUDIT	coal	-104	-55	12	5	ordinary	4096	32	4	4	0	0	32
ACTION[Emerge-0]: GRUG_RESOURCE_AUDIT	coal	-104	-54	12	5	ordinary	3942	31	4	4	0	0	31
ACTION[Emerge-0]: GRUG_RESOURCE_AUDIT	coal	-104	-53	12	5	ordinary	4096	32	4	4	0	0	32
ACTION[Emerge-0]: GRUG_RESOURCE_AUDIT	coal	-103	-57	12	5	ordinary	4020	31	4	4	0	0	31
ACTION[Emerge-0]: GRUG_RESOURCE_AUDIT	coal	-103	-56	12	5	ordinary	3933	31	4	4	0	0	31
ACTION[Emerge-0]: GRUG_RESOURCE_AUDIT	coal	-103	-55	12	5	ordinary	4096	32	4	4	0	0	32
ACTION[Emerge-0]: GRUG_RESOURCE_AUDIT	coal	-103	-54	12	5	ordinary	4096	32	4	4	0	0	32
ACTION[Emerge-0]: GRUG_RESOURCE_AUDIT	coal	-103	-53	12	5	ordinary	4096	32	4	4	0	0	32
ACTION[Emerge-0]: GRUG_RESOURCE_AUDIT	copper	-107	-57	8	5	ordinary	4000	16	2	2	0	0	16
ACTION[Emerge-0]: GRUG_RESOURCE_AUDIT	copper	-107	-56	8	5	ordinary	4069	16	2	2	0	0	16
ACTION[Emerge-0]: GRUG_RESOURCE_AUDIT	copper	-107	-55	8	5	ordinary	2827	11	2	2	0	0	11
ACTION[Emerge-0]: GRUG_RESOURCE_AUDIT	copper	-107	-54	8	5	ordinary	4034	15	2	2	0	0	15
ACTION[Emerge-0]: GRUG_RESOURCE_AUDIT	copper	-107	-53	8	5	ordinary	4094	16	2	2	0	0	16
ACTION[Emerge-0]: GRUG_RESOURCE_AUDIT	copper	-106	-57	8	5	ordinary	4027	16	2	2	0	0	16
ACTION[Emerge-0]: GRUG_RESOURCE_AUDIT	copper	-106	-56	8	5	ordinary	4096	16	2	2	0	0	16
ACTION[Emerge-0]: GRUG_RESOURCE_AUDIT	copper	-106	-55	8	5	ordinary	3386	13	2	2	0	0	13
ACTION[Emerge-0]: GRUG_RESOURCE_AUDIT	copper	-106	-54	8	5	ordinary	4096	16	2	2	0	0	16
ACTION[Emerge-0]: GRUG_RESOURCE_AUDIT	copper	-106	-53	8	5	ordinary	3924	15	2	2	0	0	15
ACTION[Emerge-0]: GRUG_RESOURCE_AUDIT	copper	-105	-57	8	5	ordinary	4087	16	2	2	0	0	16
ACTION[Emerge-0]: GRUG_RESOURCE_AUDIT	copper	-105	-56	8	5	ordinary	4073	15	2	2	0	0	15
ACTION[Emerge-0]: GRUG_RESOURCE_AUDIT	copper	-105	-55	8	5	ordinary	3976	16	2	2	0	0	16
ACTION[Emerge-0]: GRUG_RESOURCE_AUDIT	copper	-105	-54	8	5	ordinary	3897	15	2	2	0	0	15
ACTION[Emerge-0]: GRUG_RESOURCE_AUDIT	copper	-105	-53	8	5	ordinary	3965	15	2	2	0	0	15
ACTION[Emerge-0]: GRUG_RESOURCE_AUDIT	copper	-104	-57	8	5	ordinary	4096	16	2	2	0	0	16
ACTION[Emerge-0]: GRUG_RESOURCE_AUDIT	copper	-104	-56	8	5	ordinary	4065	16	2	2	0	0	16
ACTION[Emerge-0]: GRUG_RESOURCE_AUDIT	copper	-104	-55	8	5	ordinary	3999	16	2	2	0	0	16
ACTION[Emerge-0]: GRUG_RESOURCE_AUDIT	copper	-104	-54	8	5	ordinary	3988	16	2	2	0	0	16
ACTION[Emerge-0]: GRUG_RESOURCE_AUDIT	copper	-104	-53	8	5	ordinary	3586	14	2	2	0	0	14
ACTION[Emerge-0]: GRUG_RESOURCE_AUDIT	copper	-103	-57	8	5	ordinary	3898	15	2	2	0	0	15
ACTION[Emerge-0]: GRUG_RESOURCE_AUDIT	copper	-103	-56	8	5	ordinary	4085	16	2	2	0	0	16
ACTION[Emerge-0]: GRUG_RESOURCE_AUDIT	copper	-103	-55	8	5	ordinary	2899	12	2	2	0	0	12
ACTION[Emerge-0]: GRUG_RESOURCE_AUDIT	copper	-103	-54	8	5	ordinary	3144	13	2	2	0	0	13
ACTION[Emerge-0]: GRUG_RESOURCE_AUDIT	copper	-103	-53	8	5	ordinary	3411	14	2	2	0	0	14
ACTION[Emerge-0]: GRUG_RESOURCE_AUDIT	copper	-107	-57	9	5	ordinary	4068	16	2	2	0	0	16
ACTION[Emerge-0]: GRUG_RESOURCE_AUDIT	copper	-107	-56	9	5	ordinary	4055	15	2	2	0	0	15
ACTION[Emerge-0]: GRUG_RESOURCE_AUDIT	copper	-107	-55	9	5	ordinary	3819	15	2	2	0	0	15
ACTION[Emerge-0]: GRUG_RESOURCE_AUDIT	copper	-107	-54	9	5	ordinary	4068	16	2	2	1	0	16
ACTION[Emerge-0]: GRUG_RESOURCE_AUDIT	copper	-107	-53	9	5	ordinary	4047	16	2	2	0	0	16
ACTION[Emerge-0]: GRUG_RESOURCE_AUDIT	copper	-106	-57	9	5	ordinary	3981	16	2	2	0	0	16
ACTION[Emerge-0]: GRUG_RESOURCE_AUDIT	copper	-106	-56	9	5	ordinary	4026	16	2	2	0	0	16
ACTION[Emerge-0]: GRUG_RESOURCE_AUDIT	copper	-106	-55	9	5	ordinary	3666	15	2	2	0	0	15
ACTION[Emerge-0]: GRUG_RESOURCE_AUDIT	copper	-106	-54	9	5	ordinary	4012	15	2	2	0	0	15
ACTION[Emerge-0]: GRUG_RESOURCE_AUDIT	copper	-106	-53	9	5	ordinary	3957	15	2	2	0	0	15
ACTION[Emerge-0]: GRUG_RESOURCE_AUDIT	copper	-105	-57	9	5	ordinary	4001	16	2	2	0	0	16
ACTION[Emerge-0]: GRUG_RESOURCE_AUDIT	copper	-105	-56	9	5	ordinary	4053	16	2	2	0	0	16
ACTION[Emerge-0]: GRUG_RESOURCE_AUDIT	copper	-105	-55	9	5	ordinary	3848	15	2	2	2	0	15
ACTION[Emerge-0]: GRUG_RESOURCE_AUDIT	copper	-105	-54	9	5	ordinary	3989	15	2	2	0	0	15
ACTION[Emerge-0]: GRUG_RESOURCE_AUDIT	copper	-105	-53	9	5	ordinary	3866	15	2	2	0	0	15
ACTION[Emerge-0]: GRUG_RESOURCE_AUDIT	copper	-104	-57	9	5	ordinary	4028	16	2	2	0	0	16
ACTION[Emerge-0]: GRUG_RESOURCE_AUDIT	copper	-104	-56	9	5	ordinary	3973	16	2	2	0	0	16
ACTION[Emerge-0]: GRUG_RESOURCE_AUDIT	copper	-104	-55	9	5	ordinary	3992	16	2	2	0	0	16
ACTION[Emerge-0]: GRUG_RESOURCE_AUDIT	copper	-104	-54	9	5	ordinary	4096	16	2	2	0	0	16
ACTION[Emerge-0]: GRUG_RESOURCE_AUDIT	copper	-104	-53	9	5	ordinary	3701	15	2	2	0	0	15
ACTION[Emerge-0]: GRUG_RESOURCE_AUDIT	copper	-103	-57	9	5	ordinary	4068	16	2	2	0	0	16
ACTION[Emerge-0]: GRUG_RESOURCE_AUDIT	copper	-103	-56	9	5	ordinary	4042	16	2	2	0	0	16
ACTION[Emerge-0]: GRUG_RESOURCE_AUDIT	copper	-103	-55	9	5	ordinary	3151	13	2	2	0	0	13
ACTION[Emerge-0]: GRUG_RESOURCE_AUDIT	copper	-103	-54	9	5	ordinary	3423	13	2	2	0	0	13
ACTION[Emerge-0]: GRUG_RESOURCE_AUDIT	copper	-103	-53	9	5	ordinary	4047	16	2	2	0	0	16
ACTION[Emerge-0]: GRUG_RESOURCE_AUDIT	copper	-107	-57	10	5	ordinary	3928	16	2	2	0	0	16
ACTION[Emerge-0]: GRUG_RESOURCE_AUDIT	copper	-107	-56	10	5	ordinary	3019	12	2	2	0	0	12
ACTION[Emerge-0]: GRUG_RESOURCE_AUDIT	copper	-107	-55	10	5	ordinary	3825	15	2	2	0	0	15
ACTION[Emerge-0]: GRUG_RESOURCE_AUDIT	copper	-107	-54	10	5	ordinary	4065	16	2	2	0	0	16
ACTION[Emerge-0]: GRUG_RESOURCE_AUDIT	copper	-107	-53	10	5	ordinary	3969	16	2	2	0	0	16
ACTION[Emerge-0]: GRUG_RESOURCE_AUDIT	copper	-106	-57	10	5	ordinary	4087	16	2	2	0	0	16
ACTION[Emerge-0]: GRUG_RESOURCE_AUDIT	copper	-106	-56	10	5	ordinary	4062	15	2	2	0	0	15
ACTION[Emerge-0]: GRUG_RESOURCE_AUDIT	copper	-106	-55	10	5	ordinary	4045	16	2	2	0	0	16
ACTION[Emerge-0]: GRUG_RESOURCE_AUDIT	copper	-106	-54	10	5	ordinary	4090	16	2	2	0	0	16
ACTION[Emerge-0]: GRUG_RESOURCE_AUDIT	copper	-106	-53	10	5	ordinary	4033	16	2	2	0	0	16
ACTION[Emerge-0]: GRUG_RESOURCE_AUDIT	copper	-105	-57	10	5	ordinary	4090	16	2	2	0	0	16
ACTION[Emerge-0]: GRUG_RESOURCE_AUDIT	copper	-105	-56	10	5	ordinary	4048	16	2	2	0	0	16
ACTION[Emerge-0]: GRUG_RESOURCE_AUDIT	copper	-105	-55	10	5	ordinary	3976	16	2	2	1	0	16
ACTION[Emerge-0]: GRUG_RESOURCE_AUDIT	copper	-105	-54	10	5	ordinary	4096	16	2	2	0	0	16
ACTION[Emerge-0]: GRUG_RESOURCE_AUDIT	copper	-105	-53	10	5	ordinary	4003	15	2	2	0	0	15
ACTION[Emerge-0]: GRUG_RESOURCE_AUDIT	copper	-104	-57	10	5	ordinary	4033	16	2	2	0	0	16
ACTION[Emerge-0]: GRUG_RESOURCE_AUDIT	copper	-104	-56	10	5	ordinary	4075	16	2	2	0	0	16
ACTION[Emerge-0]: GRUG_RESOURCE_AUDIT	copper	-104	-55	10	5	ordinary	4040	16	2	2	0	0	16
ACTION[Emerge-0]: GRUG_RESOURCE_AUDIT	copper	-104	-54	10	5	ordinary	3380	13	2	2	0	0	13
ACTION[Emerge-0]: GRUG_RESOURCE_AUDIT	copper	-104	-53	10	5	ordinary	3746	14	2	2	0	0	14
ACTION[Emerge-0]: GRUG_RESOURCE_AUDIT	copper	-103	-57	10	5	ordinary	4086	16	2	2	0	0	16
ACTION[Emerge-0]: GRUG_RESOURCE_AUDIT	copper	-103	-56	10	5	ordinary	4096	16	2	2	0	0	16
ACTION[Emerge-0]: GRUG_RESOURCE_AUDIT	copper	-103	-55	10	5	ordinary	3921	15	2	2	0	0	15
ACTION[Emerge-0]: GRUG_RESOURCE_AUDIT	copper	-103	-54	10	5	ordinary	3341	13	2	2	0	0	13
ACTION[Emerge-0]: GRUG_RESOURCE_AUDIT	copper	-103	-53	10	5	ordinary	3815	15	2	2	0	0	15
ACTION[Emerge-0]: GRUG_RESOURCE_AUDIT	copper	-107	-57	11	5	ordinary	3995	15	2	2	0	0	15
ACTION[Emerge-0]: GRUG_RESOURCE_AUDIT	copper	-107	-56	11	5	ordinary	3382	13	2	2	0	0	13
ACTION[Emerge-0]: GRUG_RESOURCE_AUDIT	copper	-107	-55	11	5	ordinary	4095	16	2	2	0	0	16
ACTION[Emerge-0]: GRUG_RESOURCE_AUDIT	copper	-107	-54	11	5	ordinary	3981	16	2	2	0	0	16
ACTION[Emerge-0]: GRUG_RESOURCE_AUDIT	copper	-107	-53	11	5	ordinary	3804	15	2	2	0	0	15
ACTION[Emerge-0]: GRUG_RESOURCE_AUDIT	copper	-106	-57	11	5	ordinary	4096	16	2	2	0	0	16
ACTION[Emerge-0]: GRUG_RESOURCE_AUDIT	copper	-106	-56	11	5	ordinary	4001	16	2	2	0	0	16
ACTION[Emerge-0]: GRUG_RESOURCE_AUDIT	copper	-106	-55	11	5	ordinary	4023	15	2	2	0	0	15
ACTION[Emerge-0]: GRUG_RESOURCE_AUDIT	copper	-106	-54	11	5	ordinary	4002	16	2	2	0	0	16
ACTION[Emerge-0]: GRUG_RESOURCE_AUDIT	copper	-106	-53	11	5	ordinary	4043	16	2	2	1	0	16
ACTION[Emerge-0]: GRUG_RESOURCE_AUDIT	copper	-105	-57	11	5	ordinary	4028	15	2	2	0	0	15
ACTION[Emerge-0]: GRUG_RESOURCE_AUDIT	copper	-105	-56	11	5	ordinary	3982	15	2	2	0	0	15
ACTION[Emerge-0]: GRUG_RESOURCE_AUDIT	copper	-105	-55	11	5	ordinary	3913	16	2	2	0	0	16
ACTION[Emerge-0]: GRUG_RESOURCE_AUDIT	copper	-105	-54	11	5	ordinary	4096	16	2	2	0	0	16
ACTION[Emerge-0]: GRUG_RESOURCE_AUDIT	copper	-105	-53	11	5	ordinary	4024	15	2	2	0	0	15
ACTION[Emerge-0]: GRUG_RESOURCE_AUDIT	copper	-104	-57	11	5	ordinary	3936	15	2	2	0	0	15
ACTION[Emerge-0]: GRUG_RESOURCE_AUDIT	copper	-104	-56	11	5	ordinary	3995	16	2	2	0	0	16
ACTION[Emerge-0]: GRUG_RESOURCE_AUDIT	copper	-104	-55	11	5	ordinary	3750	14	2	2	0	0	14
ACTION[Emerge-0]: GRUG_RESOURCE_AUDIT	copper	-104	-54	11	5	ordinary	3653	14	2	2	0	0	14
ACTION[Emerge-0]: GRUG_RESOURCE_AUDIT	copper	-104	-53	11	5	ordinary	3978	16	2	2	0	0	16
ACTION[Emerge-0]: GRUG_RESOURCE_AUDIT	copper	-103	-57	11	5	ordinary	4009	16	2	2	0	0	16
ACTION[Emerge-0]: GRUG_RESOURCE_AUDIT	copper	-103	-56	11	5	ordinary	4096	16	2	2	0	0	16
ACTION[Emerge-0]: GRUG_RESOURCE_AUDIT	copper	-103	-55	11	5	ordinary	3944	16	2	2	0	0	16
ACTION[Emerge-0]: GRUG_RESOURCE_AUDIT	copper	-103	-54	11	5	ordinary	3245	12	2	2	0	0	12
ACTION[Emerge-0]: GRUG_RESOURCE_AUDIT	copper	-103	-53	11	5	ordinary	3960	15	2	2	0	0	15
ACTION[Emerge-0]: GRUG_RESOURCE_AUDIT	copper	-107	-57	12	5	ordinary	4091	16	2	2	0	0	16
ACTION[Emerge-0]: GRUG_RESOURCE_AUDIT	copper	-107	-56	12	5	ordinary	4052	16	2	2	0	0	16
ACTION[Emerge-0]: GRUG_RESOURCE_AUDIT	copper	-107	-55	12	5	ordinary	4065	16	2	2	0	0	16
ACTION[Emerge-0]: GRUG_RESOURCE_AUDIT	copper	-107	-54	12	5	ordinary	4096	16	2	2	0	0	16
ACTION[Emerge-0]: GRUG_RESOURCE_AUDIT	copper	-107	-53	12	5	ordinary	4071	16	2	2	0	0	16
ACTION[Emerge-0]: GRUG_RESOURCE_AUDIT	copper	-106	-57	12	5	ordinary	4027	16	2	2	0	0	16
ACTION[Emerge-0]: GRUG_RESOURCE_AUDIT	copper	-106	-56	12	5	ordinary	3825	15	2	2	0	0	15
ACTION[Emerge-0]: GRUG_RESOURCE_AUDIT	copper	-106	-55	12	5	ordinary	3957	16	2	2	0	0	16
ACTION[Emerge-0]: GRUG_RESOURCE_AUDIT	copper	-106	-54	12	5	ordinary	4096	16	2	2	0	0	16
ACTION[Emerge-0]: GRUG_RESOURCE_AUDIT	copper	-106	-53	12	5	ordinary	4002	16	2	2	0	0	16
ACTION[Emerge-0]: GRUG_RESOURCE_AUDIT	copper	-105	-57	12	5	ordinary	4017	16	2	2	0	0	16
ACTION[Emerge-0]: GRUG_RESOURCE_AUDIT	copper	-105	-56	12	5	ordinary	3670	14	2	2	0	0	14
ACTION[Emerge-0]: GRUG_RESOURCE_AUDIT	copper	-105	-55	12	5	ordinary	4004	15	2	2	0	0	15
ACTION[Emerge-0]: GRUG_RESOURCE_AUDIT	copper	-105	-54	12	5	ordinary	4021	16	2	2	0	0	16
ACTION[Emerge-0]: GRUG_RESOURCE_AUDIT	copper	-105	-53	12	5	ordinary	4077	16	2	2	0	0	16
ACTION[Emerge-0]: GRUG_RESOURCE_AUDIT	copper	-104	-57	12	5	ordinary	4007	16	2	2	0	0	16
ACTION[Emerge-0]: GRUG_RESOURCE_AUDIT	copper	-104	-56	12	5	ordinary	3994	15	2	2	0	0	15
ACTION[Emerge-0]: GRUG_RESOURCE_AUDIT	copper	-104	-55	12	5	ordinary	4096	16	2	2	0	0	16
ACTION[Emerge-0]: GRUG_RESOURCE_AUDIT	copper	-104	-54	12	5	ordinary	3942	16	2	2	0	0	16
ACTION[Emerge-0]: GRUG_RESOURCE_AUDIT	copper	-104	-53	12	5	ordinary	4096	16	2	2	0	0	16
ACTION[Emerge-0]: GRUG_RESOURCE_AUDIT	copper	-103	-57	12	5	ordinary	4020	15	2	2	0	0	15
ACTION[Emerge-0]: GRUG_RESOURCE_AUDIT	copper	-103	-56	12	5	ordinary	3933	15	2	2	0	0	15
ACTION[Emerge-0]: GRUG_RESOURCE_AUDIT	copper	-103	-55	12	5	ordinary	4096	16	2	2	0	0	16
ACTION[Emerge-0]: GRUG_RESOURCE_AUDIT	copper	-103	-54	12	5	ordinary	4096	16	2	2	0	0	16
ACTION[Emerge-0]: GRUG_RESOURCE_AUDIT	copper	-103	-53	12	5	ordinary	4096	16	2	2	0	0	16
ACTION[Emerge-0]: GRUG_RESOURCE_AUDIT	emberglass	-107	-57	8	5	ordinary	4000	2	1	1	0	0	2
ACTION[Emerge-0]: GRUG_RESOURCE_AUDIT	emberglass	-107	-56	8	5	ordinary	4069	2	1	1	0	0	2
ACTION[Emerge-0]: GRUG_RESOURCE_AUDIT	emberglass	-107	-55	8	5	ordinary	2827	1	1	1	0	0	1
ACTION[Emerge-0]: GRUG_RESOURCE_AUDIT	emberglass	-107	-54	8	5	ordinary	4034	2	1	1	0	0	2
ACTION[Emerge-0]: GRUG_RESOURCE_AUDIT	emberglass	-107	-53	8	5	ordinary	4094	2	1	1	0	0	2
ACTION[Emerge-0]: GRUG_RESOURCE_AUDIT	emberglass	-106	-57	8	5	ordinary	4027	2	1	1	0	0	2
ACTION[Emerge-0]: GRUG_RESOURCE_AUDIT	emberglass	-106	-56	8	5	ordinary	4096	2	1	1	0	0	2
ACTION[Emerge-0]: GRUG_RESOURCE_AUDIT	emberglass	-106	-55	8	5	ordinary	3386	1	1	1	0	0	1
ACTION[Emerge-0]: GRUG_RESOURCE_AUDIT	emberglass	-106	-54	8	5	ordinary	4096	2	1	1	0	0	2
ACTION[Emerge-0]: GRUG_RESOURCE_AUDIT	emberglass	-106	-53	8	5	ordinary	3924	2	1	1	0	0	2
ACTION[Emerge-0]: GRUG_RESOURCE_AUDIT	emberglass	-105	-57	8	5	ordinary	4087	2	1	1	0	0	2
ACTION[Emerge-0]: GRUG_RESOURCE_AUDIT	emberglass	-105	-56	8	5	ordinary	4073	2	1	1	0	0	2
ACTION[Emerge-0]: GRUG_RESOURCE_AUDIT	emberglass	-105	-55	8	5	ordinary	3976	2	1	1	0	0	2
ACTION[Emerge-0]: GRUG_RESOURCE_AUDIT	emberglass	-105	-54	8	5	ordinary	3897	2	1	1	0	0	2
ACTION[Emerge-0]: GRUG_RESOURCE_AUDIT	emberglass	-105	-53	8	5	ordinary	3965	2	1	1	0	0	2
ACTION[Emerge-0]: GRUG_RESOURCE_AUDIT	emberglass	-104	-57	8	5	ordinary	4096	2	1	1	0	0	2
ACTION[Emerge-0]: GRUG_RESOURCE_AUDIT	emberglass	-104	-56	8	5	ordinary	4065	2	1	1	0	0	2
ACTION[Emerge-0]: GRUG_RESOURCE_AUDIT	emberglass	-104	-55	8	5	ordinary	3999	2	1	1	0	0	2
ACTION[Emerge-0]: GRUG_RESOURCE_AUDIT	emberglass	-104	-54	8	5	ordinary	3988	1	1	1	0	0	1
ACTION[Emerge-0]: GRUG_RESOURCE_AUDIT	emberglass	-104	-53	8	5	ordinary	3586	2	1	1	0	0	2
ACTION[Emerge-0]: GRUG_RESOURCE_AUDIT	emberglass	-103	-57	8	5	ordinary	3898	2	1	1	0	0	2
ACTION[Emerge-0]: GRUG_RESOURCE_AUDIT	emberglass	-103	-56	8	5	ordinary	4085	2	1	1	0	0	2
ACTION[Emerge-0]: GRUG_RESOURCE_AUDIT	emberglass	-103	-55	8	5	ordinary	2899	1	1	1	0	0	1
ACTION[Emerge-0]: GRUG_RESOURCE_AUDIT	emberglass	-103	-54	8	5	ordinary	3144	2	1	1	0	0	2
ACTION[Emerge-0]: GRUG_RESOURCE_AUDIT	emberglass	-103	-53	8	5	ordinary	3411	1	1	1	0	0	1
ACTION[Emerge-0]: GRUG_RESOURCE_AUDIT	emberglass	-107	-57	9	5	ordinary	4068	2	1	1	0	0	2
ACTION[Emerge-0]: GRUG_RESOURCE_AUDIT	emberglass	-107	-56	9	5	ordinary	4055	2	1	1	0	0	2
ACTION[Emerge-0]: GRUG_RESOURCE_AUDIT	emberglass	-107	-55	9	5	ordinary	3819	2	1	1	0	0	2
ACTION[Emerge-0]: GRUG_RESOURCE_AUDIT	emberglass	-107	-54	9	5	ordinary	4068	2	1	1	0	0	2
ACTION[Emerge-0]: GRUG_RESOURCE_AUDIT	emberglass	-107	-53	9	5	ordinary	4047	2	1	1	0	0	2
ACTION[Emerge-0]: GRUG_RESOURCE_AUDIT	emberglass	-106	-57	9	5	ordinary	3981	2	1	1	1	0	2
ACTION[Emerge-0]: GRUG_RESOURCE_AUDIT	emberglass	-106	-56	9	5	ordinary	4026	2	1	1	0	0	2
ACTION[Emerge-0]: GRUG_RESOURCE_AUDIT	emberglass	-106	-55	9	5	ordinary	3666	2	1	1	0	0	2
ACTION[Emerge-0]: GRUG_RESOURCE_AUDIT	emberglass	-106	-54	9	5	ordinary	4012	1	1	1	0	0	1
ACTION[Emerge-0]: GRUG_RESOURCE_AUDIT	emberglass	-106	-53	9	5	ordinary	3957	2	1	1	0	0	2
ACTION[Emerge-0]: GRUG_RESOURCE_AUDIT	emberglass	-105	-57	9	5	ordinary	4001	2	1	1	0	0	2
ACTION[Emerge-0]: GRUG_RESOURCE_AUDIT	emberglass	-105	-56	9	5	ordinary	4053	2	1	1	0	0	2
ACTION[Emerge-0]: GRUG_RESOURCE_AUDIT	emberglass	-105	-55	9	5	ordinary	3848	2	1	1	0	0	2
ACTION[Emerge-0]: GRUG_RESOURCE_AUDIT	emberglass	-105	-54	9	5	ordinary	3989	2	1	1	0	0	2
ACTION[Emerge-0]: GRUG_RESOURCE_AUDIT	emberglass	-105	-53	9	5	ordinary	3866	2	1	1	0	0	2
ACTION[Emerge-0]: GRUG_RESOURCE_AUDIT	emberglass	-104	-57	9	5	ordinary	4028	2	1	1	0	0	2
ACTION[Emerge-0]: GRUG_RESOURCE_AUDIT	emberglass	-104	-56	9	5	ordinary	3973	2	1	1	0	0	2
ACTION[Emerge-0]: GRUG_RESOURCE_AUDIT	emberglass	-104	-55	9	5	ordinary	3992	2	1	1	0	0	2
ACTION[Emerge-0]: GRUG_RESOURCE_AUDIT	emberglass	-104	-54	9	5	ordinary	4096	2	1	1	0	0	2
ACTION[Emerge-0]: GRUG_RESOURCE_AUDIT	emberglass	-104	-53	9	5	ordinary	3701	1	1	1	0	0	1
ACTION[Emerge-0]: GRUG_RESOURCE_AUDIT	emberglass	-103	-57	9	5	ordinary	4068	2	1	1	0	0	2
ACTION[Emerge-0]: GRUG_RESOURCE_AUDIT	emberglass	-103	-56	9	5	ordinary	4042	2	1	1	0	0	2
ACTION[Emerge-0]: GRUG_RESOURCE_AUDIT	emberglass	-103	-55	9	5	ordinary	3151	1	1	1	0	0	1
ACTION[Emerge-0]: GRUG_RESOURCE_AUDIT	emberglass	-103	-54	9	5	ordinary	3423	1	1	1	0	0	1
ACTION[Emerge-0]: GRUG_RESOURCE_AUDIT	emberglass	-103	-53	9	5	ordinary	4047	2	1	1	0	0	2
ACTION[Emerge-0]: GRUG_RESOURCE_AUDIT	emberglass	-107	-57	10	5	ordinary	3928	2	1	1	0	0	2
ACTION[Emerge-0]: GRUG_RESOURCE_AUDIT	emberglass	-107	-56	10	5	ordinary	3019	2	1	1	0	0	2
ACTION[Emerge-0]: GRUG_RESOURCE_AUDIT	emberglass	-107	-55	10	5	ordinary	3825	2	1	1	0	0	2
ACTION[Emerge-0]: GRUG_RESOURCE_AUDIT	emberglass	-107	-54	10	5	ordinary	4065	2	1	1	0	0	2
ACTION[Emerge-0]: GRUG_RESOURCE_AUDIT	emberglass	-107	-53	10	5	ordinary	3969	2	1	1	0	0	2
ACTION[Emerge-0]: GRUG_RESOURCE_AUDIT	emberglass	-106	-57	10	5	ordinary	4087	2	1	1	0	0	2
ACTION[Emerge-0]: GRUG_RESOURCE_AUDIT	emberglass	-106	-56	10	5	ordinary	4062	2	1	1	0	0	2
ACTION[Emerge-0]: GRUG_RESOURCE_AUDIT	emberglass	-106	-55	10	5	ordinary	4045	2	1	1	0	0	2
ACTION[Emerge-0]: GRUG_RESOURCE_AUDIT	emberglass	-106	-54	10	5	ordinary	4090	2	1	1	0	0	2
ACTION[Emerge-0]: GRUG_RESOURCE_AUDIT	emberglass	-106	-53	10	5	ordinary	4033	2	1	1	0	0	2
ACTION[Emerge-0]: GRUG_RESOURCE_AUDIT	emberglass	-105	-57	10	5	ordinary	4090	2	1	1	0	0	2
ACTION[Emerge-0]: GRUG_RESOURCE_AUDIT	emberglass	-105	-56	10	5	ordinary	4048	2	1	1	0	0	2
ACTION[Emerge-0]: GRUG_RESOURCE_AUDIT	emberglass	-105	-55	10	5	ordinary	3976	2	1	1	0	0	2
ACTION[Emerge-0]: GRUG_RESOURCE_AUDIT	emberglass	-105	-54	10	5	ordinary	4096	2	1	1	0	0	2
ACTION[Emerge-0]: GRUG_RESOURCE_AUDIT	emberglass	-105	-53	10	5	ordinary	4003	2	1	1	0	0	2
ACTION[Emerge-0]: GRUG_RESOURCE_AUDIT	emberglass	-104	-57	10	5	ordinary	4033	2	1	1	0	0	2
ACTION[Emerge-0]: GRUG_RESOURCE_AUDIT	emberglass	-104	-56	10	5	ordinary	4075	2	1	1	0	0	2
ACTION[Emerge-0]: GRUG_RESOURCE_AUDIT	emberglass	-104	-55	10	5	ordinary	4040	2	1	1	0	0	2
ACTION[Emerge-0]: GRUG_RESOURCE_AUDIT	emberglass	-104	-54	10	5	ordinary	3380	1	1	1	0	0	1
ACTION[Emerge-0]: GRUG_RESOURCE_AUDIT	emberglass	-104	-53	10	5	ordinary	3746	2	1	1	0	0	2
ACTION[Emerge-0]: GRUG_RESOURCE_AUDIT	emberglass	-103	-57	10	5	ordinary	4086	2	1	1	0	0	2
ACTION[Emerge-0]: GRUG_RESOURCE_AUDIT	emberglass	-103	-56	10	5	ordinary	4096	2	1	1	0	0	2
ACTION[Emerge-0]: GRUG_RESOURCE_AUDIT	emberglass	-103	-55	10	5	ordinary	3921	2	1	1	0	0	2
ACTION[Emerge-0]: GRUG_RESOURCE_AUDIT	emberglass	-103	-54	10	5	ordinary	3341	1	1	1	0	0	1
ACTION[Emerge-0]: GRUG_RESOURCE_AUDIT	emberglass	-103	-53	10	5	ordinary	3815	2	1	1	0	0	2
ACTION[Emerge-0]: GRUG_RESOURCE_AUDIT	emberglass	-107	-57	11	5	ordinary	3995	2	1	1	0	0	2
ACTION[Emerge-0]: GRUG_RESOURCE_AUDIT	emberglass	-107	-56	11	5	ordinary	3382	2	1	1	0	0	2
ACTION[Emerge-0]: GRUG_RESOURCE_AUDIT	emberglass	-107	-55	11	5	ordinary	4095	2	1	1	0	0	2
ACTION[Emerge-0]: GRUG_RESOURCE_AUDIT	emberglass	-107	-54	11	5	ordinary	3981	2	1	1	0	0	2
ACTION[Emerge-0]: GRUG_RESOURCE_AUDIT	emberglass	-107	-53	11	5	ordinary	3804	1	1	1	1	0	1
ACTION[Emerge-0]: GRUG_RESOURCE_AUDIT	emberglass	-106	-57	11	5	ordinary	4096	2	1	1	0	0	2
ACTION[Emerge-0]: GRUG_RESOURCE_AUDIT	emberglass	-106	-56	11	5	ordinary	4001	2	1	1	0	0	2
ACTION[Emerge-0]: GRUG_RESOURCE_AUDIT	emberglass	-106	-55	11	5	ordinary	4023	1	1	1	0	0	1
ACTION[Emerge-0]: GRUG_RESOURCE_AUDIT	emberglass	-106	-54	11	5	ordinary	4002	2	1	1	0	0	2
ACTION[Emerge-0]: GRUG_RESOURCE_AUDIT	emberglass	-106	-53	11	5	ordinary	4043	2	1	1	0	0	2
ACTION[Emerge-0]: GRUG_RESOURCE_AUDIT	emberglass	-105	-57	11	5	ordinary	4028	2	1	1	0	0	2
ACTION[Emerge-0]: GRUG_RESOURCE_AUDIT	emberglass	-105	-56	11	5	ordinary	3982	2	1	1	0	0	2
ACTION[Emerge-0]: GRUG_RESOURCE_AUDIT	emberglass	-105	-55	11	5	ordinary	3913	2	1	1	0	0	2
ACTION[Emerge-0]: GRUG_RESOURCE_AUDIT	emberglass	-105	-54	11	5	ordinary	4096	2	1	1	0	0	2
ACTION[Emerge-0]: GRUG_RESOURCE_AUDIT	emberglass	-105	-53	11	5	ordinary	4024	2	1	1	0	0	2
ACTION[Emerge-0]: GRUG_RESOURCE_AUDIT	emberglass	-104	-57	11	5	ordinary	3936	2	1	1	0	0	2
ACTION[Emerge-0]: GRUG_RESOURCE_AUDIT	emberglass	-104	-56	11	5	ordinary	3995	2	1	1	0	0	2
ACTION[Emerge-0]: GRUG_RESOURCE_AUDIT	emberglass	-104	-55	11	5	ordinary	3750	2	1	1	0	0	2
ACTION[Emerge-0]: GRUG_RESOURCE_AUDIT	emberglass	-104	-54	11	5	ordinary	3653	2	1	1	0	0	2
ACTION[Emerge-0]: GRUG_RESOURCE_AUDIT	emberglass	-104	-53	11	5	ordinary	3978	2	1	1	0	0	2
ACTION[Emerge-0]: GRUG_RESOURCE_AUDIT	emberglass	-103	-57	11	5	ordinary	4009	2	1	1	0	0	2
ACTION[Emerge-0]: GRUG_RESOURCE_AUDIT	emberglass	-103	-56	11	5	ordinary	4096	2	1	1	0	0	2
ACTION[Emerge-0]: GRUG_RESOURCE_AUDIT	emberglass	-103	-55	11	5	ordinary	3944	1	1	1	0	0	1
ACTION[Emerge-0]: GRUG_RESOURCE_AUDIT	emberglass	-103	-54	11	5	ordinary	3245	2	1	1	0	0	2
ACTION[Emerge-0]: GRUG_RESOURCE_AUDIT	emberglass	-103	-53	11	5	ordinary	3960	2	1	1	0	0	2
ACTION[Emerge-0]: GRUG_RESOURCE_AUDIT	emberglass	-107	-57	12	5	ordinary	4091	2	1	1	0	0	2
ACTION[Emerge-0]: GRUG_RESOURCE_AUDIT	emberglass	-107	-56	12	5	ordinary	4052	2	1	1	0	0	2
ACTION[Emerge-0]: GRUG_RESOURCE_AUDIT	emberglass	-107	-55	12	5	ordinary	4065	2	1	1	0	0	2
ACTION[Emerge-0]: GRUG_RESOURCE_AUDIT	emberglass	-107	-54	12	5	ordinary	4096	2	1	1	0	0	2
ACTION[Emerge-0]: GRUG_RESOURCE_AUDIT	emberglass	-107	-53	12	5	ordinary	4071	2	1	1	0	0	2
ACTION[Emerge-0]: GRUG_RESOURCE_AUDIT	emberglass	-106	-57	12	5	ordinary	4027	2	1	1	0	0	2
ACTION[Emerge-0]: GRUG_RESOURCE_AUDIT	emberglass	-106	-56	12	5	ordinary	3825	2	1	1	0	0	2
ACTION[Emerge-0]: GRUG_RESOURCE_AUDIT	emberglass	-106	-55	12	5	ordinary	3957	2	1	1	0	0	2
ACTION[Emerge-0]: GRUG_RESOURCE_AUDIT	emberglass	-106	-54	12	5	ordinary	4096	2	1	1	0	0	2
ACTION[Emerge-0]: GRUG_RESOURCE_AUDIT	emberglass	-106	-53	12	5	ordinary	4002	2	1	1	0	0	2
ACTION[Emerge-0]: GRUG_RESOURCE_AUDIT	emberglass	-105	-57	12	5	ordinary	4017	2	1	1	0	0	2
ACTION[Emerge-0]: GRUG_RESOURCE_AUDIT	emberglass	-105	-56	12	5	ordinary	3670	2	1	1	0	0	2
ACTION[Emerge-0]: GRUG_RESOURCE_AUDIT	emberglass	-105	-55	12	5	ordinary	4004	2	1	1	0	0	2
ACTION[Emerge-0]: GRUG_RESOURCE_AUDIT	emberglass	-105	-54	12	5	ordinary	4021	2	1	1	0	0	2
ACTION[Emerge-0]: GRUG_RESOURCE_AUDIT	emberglass	-105	-53	12	5	ordinary	4077	2	1	1	0	0	2
ACTION[Emerge-0]: GRUG_RESOURCE_AUDIT	emberglass	-104	-57	12	5	ordinary	4007	2	1	1	0	0	2
ACTION[Emerge-0]: GRUG_RESOURCE_AUDIT	emberglass	-104	-56	12	5	ordinary	3994	2	1	1	0	0	2
ACTION[Emerge-0]: GRUG_RESOURCE_AUDIT	emberglass	-104	-55	12	5	ordinary	4096	2	1	1	0	0	2
ACTION[Emerge-0]: GRUG_RESOURCE_AUDIT	emberglass	-104	-54	12	5	ordinary	3942	2	1	1	0	0	2
ACTION[Emerge-0]: GRUG_RESOURCE_AUDIT	emberglass	-104	-53	12	5	ordinary	4096	2	1	1	0	0	2
ACTION[Emerge-0]: GRUG_RESOURCE_AUDIT	emberglass	-103	-57	12	5	ordinary	4020	2	1	1	0	0	2
ACTION[Emerge-0]: GRUG_RESOURCE_AUDIT	emberglass	-103	-56	12	5	ordinary	3933	2	1	1	0	0	2
ACTION[Emerge-0]: GRUG_RESOURCE_AUDIT	emberglass	-103	-55	12	5	ordinary	4096	2	1	1	0	0	2
ACTION[Emerge-0]: GRUG_RESOURCE_AUDIT	emberglass	-103	-54	12	5	ordinary	4096	2	1	1	0	0	2
ACTION[Emerge-0]: GRUG_RESOURCE_AUDIT	emberglass	-103	-53	12	5	ordinary	4096	2	1	1	0	0	2
ACTION[Emerge-0]: GRUG_RESOURCE_AUDIT	gold	-107	-57	8	5	ordinary	4000	4	1	1	0	0	4
ACTION[Emerge-0]: GRUG_RESOURCE_AUDIT	gold	-107	-56	8	5	ordinary	4069	4	1	1	0	0	4
ACTION[Emerge-0]: GRUG_RESOURCE_AUDIT	gold	-107	-55	8	5	ordinary	2827	3	1	1	0	0	3
ACTION[Emerge-0]: GRUG_RESOURCE_AUDIT	gold	-107	-54	8	5	ordinary	4034	4	1	1	0	0	4
ACTION[Emerge-0]: GRUG_RESOURCE_AUDIT	gold	-107	-53	8	5	ordinary	4094	4	1	1	0	0	4
ACTION[Emerge-0]: GRUG_RESOURCE_AUDIT	gold	-106	-57	8	5	ordinary	4027	4	1	1	0	0	4
ACTION[Emerge-0]: GRUG_RESOURCE_AUDIT	gold	-106	-56	8	5	ordinary	4096	4	1	1	0	0	4
ACTION[Emerge-0]: GRUG_RESOURCE_AUDIT	gold	-106	-55	8	5	ordinary	3386	4	1	1	0	0	4
ACTION[Emerge-0]: GRUG_RESOURCE_AUDIT	gold	-106	-54	8	5	ordinary	4096	4	1	1	0	0	4
ACTION[Emerge-0]: GRUG_RESOURCE_AUDIT	gold	-106	-53	8	5	ordinary	3924	4	1	1	0	0	4
ACTION[Emerge-0]: GRUG_RESOURCE_AUDIT	gold	-105	-57	8	5	ordinary	4087	4	1	1	0	0	4
ACTION[Emerge-0]: GRUG_RESOURCE_AUDIT	gold	-105	-56	8	5	ordinary	4073	4	1	1	0	0	4
ACTION[Emerge-0]: GRUG_RESOURCE_AUDIT	gold	-105	-55	8	5	ordinary	3976	3	1	1	0	0	3
ACTION[Emerge-0]: GRUG_RESOURCE_AUDIT	gold	-105	-54	8	5	ordinary	3897	4	1	1	0	0	4
ACTION[Emerge-0]: GRUG_RESOURCE_AUDIT	gold	-105	-53	8	5	ordinary	3965	4	1	1	0	0	4
ACTION[Emerge-0]: GRUG_RESOURCE_AUDIT	gold	-104	-57	8	5	ordinary	4096	4	1	1	0	0	4
ACTION[Emerge-0]: GRUG_RESOURCE_AUDIT	gold	-104	-56	8	5	ordinary	4065	4	1	1	0	0	4
ACTION[Emerge-0]: GRUG_RESOURCE_AUDIT	gold	-104	-55	8	5	ordinary	3999	4	1	1	0	0	4
ACTION[Emerge-0]: GRUG_RESOURCE_AUDIT	gold	-104	-54	8	5	ordinary	3988	4	1	1	0	0	4
ACTION[Emerge-0]: GRUG_RESOURCE_AUDIT	gold	-104	-53	8	5	ordinary	3586	3	1	1	0	0	3
ACTION[Emerge-0]: GRUG_RESOURCE_AUDIT	gold	-103	-57	8	5	ordinary	3898	4	1	1	0	0	4
ACTION[Emerge-0]: GRUG_RESOURCE_AUDIT	gold	-103	-56	8	5	ordinary	4085	4	1	1	0	0	4
ACTION[Emerge-0]: GRUG_RESOURCE_AUDIT	gold	-103	-55	8	5	ordinary	2899	3	1	1	0	0	3
ACTION[Emerge-0]: GRUG_RESOURCE_AUDIT	gold	-103	-54	8	5	ordinary	3144	3	1	1	0	0	3
ACTION[Emerge-0]: GRUG_RESOURCE_AUDIT	gold	-103	-53	8	5	ordinary	3411	3	1	1	0	0	3
ACTION[Emerge-0]: GRUG_RESOURCE_AUDIT	gold	-107	-57	9	5	ordinary	4068	4	1	1	1	0	4
ACTION[Emerge-0]: GRUG_RESOURCE_AUDIT	gold	-107	-56	9	5	ordinary	4055	4	1	1	0	0	4
ACTION[Emerge-0]: GRUG_RESOURCE_AUDIT	gold	-107	-55	9	5	ordinary	3819	4	1	1	0	0	4
ACTION[Emerge-0]: GRUG_RESOURCE_AUDIT	gold	-107	-54	9	5	ordinary	4068	4	1	1	0	0	4
ACTION[Emerge-0]: GRUG_RESOURCE_AUDIT	gold	-107	-53	9	5	ordinary	4047	4	1	1	0	0	4
ACTION[Emerge-0]: GRUG_RESOURCE_AUDIT	gold	-106	-57	9	5	ordinary	3981	4	1	1	0	0	4
ACTION[Emerge-0]: GRUG_RESOURCE_AUDIT	gold	-106	-56	9	5	ordinary	4026	4	1	1	0	0	4
ACTION[Emerge-0]: GRUG_RESOURCE_AUDIT	gold	-106	-55	9	5	ordinary	3666	4	1	1	0	0	4
ACTION[Emerge-0]: GRUG_RESOURCE_AUDIT	gold	-106	-54	9	5	ordinary	4012	4	1	1	0	0	4
ACTION[Emerge-0]: GRUG_RESOURCE_AUDIT	gold	-106	-53	9	5	ordinary	3957	3	1	1	0	0	3
ACTION[Emerge-0]: GRUG_RESOURCE_AUDIT	gold	-105	-57	9	5	ordinary	4001	4	1	1	0	0	4
ACTION[Emerge-0]: GRUG_RESOURCE_AUDIT	gold	-105	-56	9	5	ordinary	4053	4	1	1	1	0	4
ACTION[Emerge-0]: GRUG_RESOURCE_AUDIT	gold	-105	-55	9	5	ordinary	3848	4	1	1	0	0	4
ACTION[Emerge-0]: GRUG_RESOURCE_AUDIT	gold	-105	-54	9	5	ordinary	3989	4	1	1	1	0	4
ACTION[Emerge-0]: GRUG_RESOURCE_AUDIT	gold	-105	-53	9	5	ordinary	3866	3	1	1	0	0	3
ACTION[Emerge-0]: GRUG_RESOURCE_AUDIT	gold	-104	-57	9	5	ordinary	4028	4	1	1	0	0	4
ACTION[Emerge-0]: GRUG_RESOURCE_AUDIT	gold	-104	-56	9	5	ordinary	3973	4	1	1	0	0	4
ACTION[Emerge-0]: GRUG_RESOURCE_AUDIT	gold	-104	-55	9	5	ordinary	3992	4	1	1	0	0	4
ACTION[Emerge-0]: GRUG_RESOURCE_AUDIT	gold	-104	-54	9	5	ordinary	4096	4	1	1	0	0	4
ACTION[Emerge-0]: GRUG_RESOURCE_AUDIT	gold	-104	-53	9	5	ordinary	3701	4	1	1	0	0	4
ACTION[Emerge-0]: GRUG_RESOURCE_AUDIT	gold	-103	-57	9	5	ordinary	4068	4	1	1	0	0	4
ACTION[Emerge-0]: GRUG_RESOURCE_AUDIT	gold	-103	-56	9	5	ordinary	4042	4	1	1	0	0	4
ACTION[Emerge-0]: GRUG_RESOURCE_AUDIT	gold	-103	-55	9	5	ordinary	3151	3	1	1	0	0	3
ACTION[Emerge-0]: GRUG_RESOURCE_AUDIT	gold	-103	-54	9	5	ordinary	3423	3	1	1	0	0	3
ACTION[Emerge-0]: GRUG_RESOURCE_AUDIT	gold	-103	-53	9	5	ordinary	4047	4	1	1	0	0	4
ACTION[Emerge-0]: GRUG_RESOURCE_AUDIT	gold	-107	-57	10	5	ordinary	3928	4	1	1	0	0	4
ACTION[Emerge-0]: GRUG_RESOURCE_AUDIT	gold	-107	-56	10	5	ordinary	3019	3	1	1	0	0	3
ACTION[Emerge-0]: GRUG_RESOURCE_AUDIT	gold	-107	-55	10	5	ordinary	3825	4	1	1	0	0	4
ACTION[Emerge-0]: GRUG_RESOURCE_AUDIT	gold	-107	-54	10	5	ordinary	4065	4	1	1	0	0	4
ACTION[Emerge-0]: GRUG_RESOURCE_AUDIT	gold	-107	-53	10	5	ordinary	3969	4	1	1	1	0	4
ACTION[Emerge-0]: GRUG_RESOURCE_AUDIT	gold	-106	-57	10	5	ordinary	4087	4	1	1	0	0	4
ACTION[Emerge-0]: GRUG_RESOURCE_AUDIT	gold	-106	-56	10	5	ordinary	4062	4	1	1	0	0	4
ACTION[Emerge-0]: GRUG_RESOURCE_AUDIT	gold	-106	-55	10	5	ordinary	4045	4	1	1	0	0	4
ACTION[Emerge-0]: GRUG_RESOURCE_AUDIT	gold	-106	-54	10	5	ordinary	4090	4	1	1	0	0	4
ACTION[Emerge-0]: GRUG_RESOURCE_AUDIT	gold	-106	-53	10	5	ordinary	4033	4	1	1	0	0	4
ACTION[Emerge-0]: GRUG_RESOURCE_AUDIT	gold	-105	-57	10	5	ordinary	4090	4	1	1	0	0	4
ACTION[Emerge-0]: GRUG_RESOURCE_AUDIT	gold	-105	-56	10	5	ordinary	4048	4	1	1	0	0	4
ACTION[Emerge-0]: GRUG_RESOURCE_AUDIT	gold	-105	-55	10	5	ordinary	3976	4	1	1	0	0	4
ACTION[Emerge-0]: GRUG_RESOURCE_AUDIT	gold	-105	-54	10	5	ordinary	4096	4	1	1	0	0	4
ACTION[Emerge-0]: GRUG_RESOURCE_AUDIT	gold	-105	-53	10	5	ordinary	4003	4	1	1	0	0	4
ACTION[Emerge-0]: GRUG_RESOURCE_AUDIT	gold	-104	-57	10	5	ordinary	4033	4	1	1	0	0	4
ACTION[Emerge-0]: GRUG_RESOURCE_AUDIT	gold	-104	-56	10	5	ordinary	4075	4	1	1	0	0	4
ACTION[Emerge-0]: GRUG_RESOURCE_AUDIT	gold	-104	-55	10	5	ordinary	4040	4	1	1	0	0	4
ACTION[Emerge-0]: GRUG_RESOURCE_AUDIT	gold	-104	-54	10	5	ordinary	3380	3	1	1	0	0	3
ACTION[Emerge-0]: GRUG_RESOURCE_AUDIT	gold	-104	-53	10	5	ordinary	3746	4	1	1	0	0	4
ACTION[Emerge-0]: GRUG_RESOURCE_AUDIT	gold	-103	-57	10	5	ordinary	4086	4	1	1	0	0	4
ACTION[Emerge-0]: GRUG_RESOURCE_AUDIT	gold	-103	-56	10	5	ordinary	4096	4	1	1	0	0	4
ACTION[Emerge-0]: GRUG_RESOURCE_AUDIT	gold	-103	-55	10	5	ordinary	3921	4	1	1	0	0	4
ACTION[Emerge-0]: GRUG_RESOURCE_AUDIT	gold	-103	-54	10	5	ordinary	3341	3	1	1	0	0	3
ACTION[Emerge-0]: GRUG_RESOURCE_AUDIT	gold	-103	-53	10	5	ordinary	3815	4	1	1	0	0	4
ACTION[Emerge-0]: GRUG_RESOURCE_AUDIT	gold	-107	-57	11	5	ordinary	3995	4	1	1	0	0	4
ACTION[Emerge-0]: GRUG_RESOURCE_AUDIT	gold	-107	-56	11	5	ordinary	3382	3	1	1	0	0	3
ACTION[Emerge-0]: GRUG_RESOURCE_AUDIT	gold	-107	-55	11	5	ordinary	4095	4	1	1	0	0	4
ACTION[Emerge-0]: GRUG_RESOURCE_AUDIT	gold	-107	-54	11	5	ordinary	3981	4	1	1	0	0	4
ACTION[Emerge-0]: GRUG_RESOURCE_AUDIT	gold	-107	-53	11	5	ordinary	3804	4	1	1	0	0	4
ACTION[Emerge-0]: GRUG_RESOURCE_AUDIT	gold	-106	-57	11	5	ordinary	4096	4	1	1	0	0	4
ACTION[Emerge-0]: GRUG_RESOURCE_AUDIT	gold	-106	-56	11	5	ordinary	4001	4	1	1	0	0	4
ACTION[Emerge-0]: GRUG_RESOURCE_AUDIT	gold	-106	-55	11	5	ordinary	4023	4	1	1	0	0	4
ACTION[Emerge-0]: GRUG_RESOURCE_AUDIT	gold	-106	-54	11	5	ordinary	4002	4	1	1	0	0	4
ACTION[Emerge-0]: GRUG_RESOURCE_AUDIT	gold	-106	-53	11	5	ordinary	4043	3	1	1	0	0	3
ACTION[Emerge-0]: GRUG_RESOURCE_AUDIT	gold	-105	-57	11	5	ordinary	4028	4	1	1	0	0	4
ACTION[Emerge-0]: GRUG_RESOURCE_AUDIT	gold	-105	-56	11	5	ordinary	3982	4	1	1	0	0	4
ACTION[Emerge-0]: GRUG_RESOURCE_AUDIT	gold	-105	-55	11	5	ordinary	3913	4	1	1	0	0	4
ACTION[Emerge-0]: GRUG_RESOURCE_AUDIT	gold	-105	-54	11	5	ordinary	4096	4	1	1	0	0	4
ACTION[Emerge-0]: GRUG_RESOURCE_AUDIT	gold	-105	-53	11	5	ordinary	4024	4	1	1	0	0	4
ACTION[Emerge-0]: GRUG_RESOURCE_AUDIT	gold	-104	-57	11	5	ordinary	3936	4	1	1	0	0	4
ACTION[Emerge-0]: GRUG_RESOURCE_AUDIT	gold	-104	-56	11	5	ordinary	3995	4	1	1	0	0	4
ACTION[Emerge-0]: GRUG_RESOURCE_AUDIT	gold	-104	-55	11	5	ordinary	3750	3	1	1	0	0	3
ACTION[Emerge-0]: GRUG_RESOURCE_AUDIT	gold	-104	-54	11	5	ordinary	3653	3	1	1	0	0	3
ACTION[Emerge-0]: GRUG_RESOURCE_AUDIT	gold	-104	-53	11	5	ordinary	3978	3	1	1	0	0	3
ACTION[Emerge-0]: GRUG_RESOURCE_AUDIT	gold	-103	-57	11	5	ordinary	4009	4	1	1	0	0	4
ACTION[Emerge-0]: GRUG_RESOURCE_AUDIT	gold	-103	-56	11	5	ordinary	4096	4	1	1	0	0	4
ACTION[Emerge-0]: GRUG_RESOURCE_AUDIT	gold	-103	-55	11	5	ordinary	3944	3	1	1	0	0	3
ACTION[Emerge-0]: GRUG_RESOURCE_AUDIT	gold	-103	-54	11	5	ordinary	3245	3	1	1	0	0	3
ACTION[Emerge-0]: GRUG_RESOURCE_AUDIT	gold	-103	-53	11	5	ordinary	3960	4	1	1	0	0	4
ACTION[Emerge-0]: GRUG_RESOURCE_AUDIT	gold	-107	-57	12	5	ordinary	4091	4	1	1	0	0	4
ACTION[Emerge-0]: GRUG_RESOURCE_AUDIT	gold	-107	-56	12	5	ordinary	4052	4	1	1	0	0	4
ACTION[Emerge-0]: GRUG_RESOURCE_AUDIT	gold	-107	-55	12	5	ordinary	4065	4	1	1	0	0	4
ACTION[Emerge-0]: GRUG_RESOURCE_AUDIT	gold	-107	-54	12	5	ordinary	4096	4	1	1	0	0	4
ACTION[Emerge-0]: GRUG_RESOURCE_AUDIT	gold	-107	-53	12	5	ordinary	4071	4	1	1	0	0	4
ACTION[Emerge-0]: GRUG_RESOURCE_AUDIT	gold	-106	-57	12	5	ordinary	4027	4	1	1	0	0	4
ACTION[Emerge-0]: GRUG_RESOURCE_AUDIT	gold	-106	-56	12	5	ordinary	3825	4	1	1	0	0	4
ACTION[Emerge-0]: GRUG_RESOURCE_AUDIT	gold	-106	-55	12	5	ordinary	3957	4	1	1	0	0	4
ACTION[Emerge-0]: GRUG_RESOURCE_AUDIT	gold	-106	-54	12	5	ordinary	4096	4	1	1	0	0	4
ACTION[Emerge-0]: GRUG_RESOURCE_AUDIT	gold	-106	-53	12	5	ordinary	4002	4	1	1	0	0	4
ACTION[Emerge-0]: GRUG_RESOURCE_AUDIT	gold	-105	-57	12	5	ordinary	4017	4	1	1	0	0	4
ACTION[Emerge-0]: GRUG_RESOURCE_AUDIT	gold	-105	-56	12	5	ordinary	3670	4	1	1	0	0	4
ACTION[Emerge-0]: GRUG_RESOURCE_AUDIT	gold	-105	-55	12	5	ordinary	4004	3	1	1	0	0	3
ACTION[Emerge-0]: GRUG_RESOURCE_AUDIT	gold	-105	-54	12	5	ordinary	4021	4	1	1	0	0	4
ACTION[Emerge-0]: GRUG_RESOURCE_AUDIT	gold	-105	-53	12	5	ordinary	4077	4	1	1	0	0	4
ACTION[Emerge-0]: GRUG_RESOURCE_AUDIT	gold	-104	-57	12	5	ordinary	4007	4	1	1	0	0	4
ACTION[Emerge-0]: GRUG_RESOURCE_AUDIT	gold	-104	-56	12	5	ordinary	3994	3	1	1	0	0	3
ACTION[Emerge-0]: GRUG_RESOURCE_AUDIT	gold	-104	-55	12	5	ordinary	4096	4	1	1	0	0	4
ACTION[Emerge-0]: GRUG_RESOURCE_AUDIT	gold	-104	-54	12	5	ordinary	3942	4	1	1	1	0	4
ACTION[Emerge-0]: GRUG_RESOURCE_AUDIT	gold	-104	-53	12	5	ordinary	4096	4	1	1	0	0	4
ACTION[Emerge-0]: GRUG_RESOURCE_AUDIT	gold	-103	-57	12	5	ordinary	4020	4	1	1	0	0	4
ACTION[Emerge-0]: GRUG_RESOURCE_AUDIT	gold	-103	-56	12	5	ordinary	3933	3	1	1	0	0	3
ACTION[Emerge-0]: GRUG_RESOURCE_AUDIT	gold	-103	-55	12	5	ordinary	4096	4	1	1	0	0	4
ACTION[Emerge-0]: GRUG_RESOURCE_AUDIT	gold	-103	-54	12	5	ordinary	4096	4	1	1	0	0	4
ACTION[Emerge-0]: GRUG_RESOURCE_AUDIT	gold	-103	-53	12	5	ordinary	4096	4	1	1	0	0	4
ACTION[Emerge-0]: GRUG_RESOURCE_AUDIT	iron	-107	-57	8	5	ordinary	4000	31	4	4	0	0	31
ACTION[Emerge-0]: GRUG_RESOURCE_AUDIT	iron	-107	-56	8	5	ordinary	4069	32	4	4	0	0	32
ACTION[Emerge-0]: GRUG_RESOURCE_AUDIT	iron	-107	-55	8	5	ordinary	2827	22	3	3	0	0	22
ACTION[Emerge-0]: GRUG_RESOURCE_AUDIT	iron	-107	-54	8	5	ordinary	4034	32	4	4	0	0	32
ACTION[Emerge-0]: GRUG_RESOURCE_AUDIT	iron	-107	-53	8	5	ordinary	4094	32	4	4	0	0	32
ACTION[Emerge-0]: GRUG_RESOURCE_AUDIT	iron	-106	-57	8	5	ordinary	4027	31	4	4	0	0	31
ACTION[Emerge-0]: GRUG_RESOURCE_AUDIT	iron	-106	-56	8	5	ordinary	4096	32	4	4	0	0	32
ACTION[Emerge-0]: GRUG_RESOURCE_AUDIT	iron	-106	-55	8	5	ordinary	3386	27	4	4	0	0	27
ACTION[Emerge-0]: GRUG_RESOURCE_AUDIT	iron	-106	-54	8	5	ordinary	4096	32	4	4	0	0	32
ACTION[Emerge-0]: GRUG_RESOURCE_AUDIT	iron	-106	-53	8	5	ordinary	3924	31	4	4	0	0	31
ACTION[Emerge-0]: GRUG_RESOURCE_AUDIT	iron	-105	-57	8	5	ordinary	4087	32	4	4	0	0	32
ACTION[Emerge-0]: GRUG_RESOURCE_AUDIT	iron	-105	-56	8	5	ordinary	4073	32	4	4	0	0	32
ACTION[Emerge-0]: GRUG_RESOURCE_AUDIT	iron	-105	-55	8	5	ordinary	3976	31	4	4	0	0	31
ACTION[Emerge-0]: GRUG_RESOURCE_AUDIT	iron	-105	-54	8	5	ordinary	3897	30	4	4	0	0	30
ACTION[Emerge-0]: GRUG_RESOURCE_AUDIT	iron	-105	-53	8	5	ordinary	3965	31	4	4	0	0	31
ACTION[Emerge-0]: GRUG_RESOURCE_AUDIT	iron	-104	-57	8	5	ordinary	4096	32	4	4	0	0	32
ACTION[Emerge-0]: GRUG_RESOURCE_AUDIT	iron	-104	-56	8	5	ordinary	4065	32	4	4	0	0	32
ACTION[Emerge-0]: GRUG_RESOURCE_AUDIT	iron	-104	-55	8	5	ordinary	3999	31	4	4	0	0	31
ACTION[Emerge-0]: GRUG_RESOURCE_AUDIT	iron	-104	-54	8	5	ordinary	3988	31	4	4	0	0	31
ACTION[Emerge-0]: GRUG_RESOURCE_AUDIT	iron	-104	-53	8	5	ordinary	3586	28	4	4	0	0	28
ACTION[Emerge-0]: GRUG_RESOURCE_AUDIT	iron	-103	-57	8	5	ordinary	3898	30	4	4	0	0	30
ACTION[Emerge-0]: GRUG_RESOURCE_AUDIT	iron	-103	-56	8	5	ordinary	4085	32	4	4	0	0	32
ACTION[Emerge-0]: GRUG_RESOURCE_AUDIT	iron	-103	-55	8	5	ordinary	2899	23	3	3	0	0	23
ACTION[Emerge-0]: GRUG_RESOURCE_AUDIT	iron	-103	-54	8	5	ordinary	3144	25	4	4	0	0	25
ACTION[Emerge-0]: GRUG_RESOURCE_AUDIT	iron	-103	-53	8	5	ordinary	3411	27	4	4	0	0	27
ACTION[Emerge-0]: GRUG_RESOURCE_AUDIT	iron	-107	-57	9	5	ordinary	4068	31	4	4	0	0	31
ACTION[Emerge-0]: GRUG_RESOURCE_AUDIT	iron	-107	-56	9	5	ordinary	4055	31	4	4	0	0	31
ACTION[Emerge-0]: GRUG_RESOURCE_AUDIT	iron	-107	-55	9	5	ordinary	3819	30	4	4	0	0	30
ACTION[Emerge-0]: GRUG_RESOURCE_AUDIT	iron	-107	-54	9	5	ordinary	4068	32	4	4	0	0	32
ACTION[Emerge-0]: GRUG_RESOURCE_AUDIT	iron	-107	-53	9	5	ordinary	4047	32	4	4	1	0	32
ACTION[Emerge-0]: GRUG_RESOURCE_AUDIT	iron	-106	-57	9	5	ordinary	3981	31	4	4	0	0	31
ACTION[Emerge-0]: GRUG_RESOURCE_AUDIT	iron	-106	-56	9	5	ordinary	4026	31	4	4	0	0	31
ACTION[Emerge-0]: GRUG_RESOURCE_AUDIT	iron	-106	-55	9	5	ordinary	3666	28	4	4	0	0	28
ACTION[Emerge-0]: GRUG_RESOURCE_AUDIT	iron	-106	-54	9	5	ordinary	4012	31	4	4	0	0	31
ACTION[Emerge-0]: GRUG_RESOURCE_AUDIT	iron	-106	-53	9	5	ordinary	3957	31	4	4	0	0	31
ACTION[Emerge-0]: GRUG_RESOURCE_AUDIT	iron	-105	-57	9	5	ordinary	4001	31	4	4	0	0	31
ACTION[Emerge-0]: GRUG_RESOURCE_AUDIT	iron	-105	-56	9	5	ordinary	4053	32	4	4	0	0	32
ACTION[Emerge-0]: GRUG_RESOURCE_AUDIT	iron	-105	-55	9	5	ordinary	3848	30	4	4	0	0	30
ACTION[Emerge-0]: GRUG_RESOURCE_AUDIT	iron	-105	-54	9	5	ordinary	3989	31	4	4	0	0	31
ACTION[Emerge-0]: GRUG_RESOURCE_AUDIT	iron	-105	-53	9	5	ordinary	3866	31	4	4	1	0	31
ACTION[Emerge-0]: GRUG_RESOURCE_AUDIT	iron	-104	-57	9	5	ordinary	4028	32	4	4	0	0	32
ACTION[Emerge-0]: GRUG_RESOURCE_AUDIT	iron	-104	-56	9	5	ordinary	3973	31	4	4	0	0	31
ACTION[Emerge-0]: GRUG_RESOURCE_AUDIT	iron	-104	-55	9	5	ordinary	3992	32	4	4	0	0	32
ACTION[Emerge-0]: GRUG_RESOURCE_AUDIT	iron	-104	-54	9	5	ordinary	4096	32	4	4	0	0	32
ACTION[Emerge-0]: GRUG_RESOURCE_AUDIT	iron	-104	-53	9	5	ordinary	3701	29	4	4	0	0	29
ACTION[Emerge-0]: GRUG_RESOURCE_AUDIT	iron	-103	-57	9	5	ordinary	4068	32	4	4	0	0	32
ACTION[Emerge-0]: GRUG_RESOURCE_AUDIT	iron	-103	-56	9	5	ordinary	4042	32	4	4	1	0	32
ACTION[Emerge-0]: GRUG_RESOURCE_AUDIT	iron	-103	-55	9	5	ordinary	3151	25	4	4	0	0	25
ACTION[Emerge-0]: GRUG_RESOURCE_AUDIT	iron	-103	-54	9	5	ordinary	3423	26	4	4	0	0	26
ACTION[Emerge-0]: GRUG_RESOURCE_AUDIT	iron	-103	-53	9	5	ordinary	4047	32	4	4	0	0	32
ACTION[Emerge-0]: GRUG_RESOURCE_AUDIT	iron	-107	-57	10	5	ordinary	3928	31	4	4	0	0	31
ACTION[Emerge-0]: GRUG_RESOURCE_AUDIT	iron	-107	-56	10	5	ordinary	3019	24	3	3	0	0	24
ACTION[Emerge-0]: GRUG_RESOURCE_AUDIT	iron	-107	-55	10	5	ordinary	3825	30	4	4	0	0	30
ACTION[Emerge-0]: GRUG_RESOURCE_AUDIT	iron	-107	-54	10	5	ordinary	4065	31	4	4	0	0	31
ACTION[Emerge-0]: GRUG_RESOURCE_AUDIT	iron	-107	-53	10	5	ordinary	3969	31	4	4	0	0	31
ACTION[Emerge-0]: GRUG_RESOURCE_AUDIT	iron	-106	-57	10	5	ordinary	4087	32	4	4	0	0	32
ACTION[Emerge-0]: GRUG_RESOURCE_AUDIT	iron	-106	-56	10	5	ordinary	4062	32	4	4	0	0	32
ACTION[Emerge-0]: GRUG_RESOURCE_AUDIT	iron	-106	-55	10	5	ordinary	4045	32	4	4	0	0	32
ACTION[Emerge-0]: GRUG_RESOURCE_AUDIT	iron	-106	-54	10	5	ordinary	4090	32	4	4	0	0	32
ACTION[Emerge-0]: GRUG_RESOURCE_AUDIT	iron	-106	-53	10	5	ordinary	4033	32	4	4	0	0	32
ACTION[Emerge-0]: GRUG_RESOURCE_AUDIT	iron	-105	-57	10	5	ordinary	4090	32	4	4	0	0	32
ACTION[Emerge-0]: GRUG_RESOURCE_AUDIT	iron	-105	-56	10	5	ordinary	4048	32	4	4	0	0	32
ACTION[Emerge-0]: GRUG_RESOURCE_AUDIT	iron	-105	-55	10	5	ordinary	3976	31	4	4	0	0	31
ACTION[Emerge-0]: GRUG_RESOURCE_AUDIT	iron	-105	-54	10	5	ordinary	4096	32	4	4	0	0	32
ACTION[Emerge-0]: GRUG_RESOURCE_AUDIT	iron	-105	-53	10	5	ordinary	4003	31	4	4	0	0	31
ACTION[Emerge-0]: GRUG_RESOURCE_AUDIT	iron	-104	-57	10	5	ordinary	4033	32	4	4	0	0	32
ACTION[Emerge-0]: GRUG_RESOURCE_AUDIT	iron	-104	-56	10	5	ordinary	4075	32	4	4	0	0	32
ACTION[Emerge-0]: GRUG_RESOURCE_AUDIT	iron	-104	-55	10	5	ordinary	4040	31	4	4	0	0	31
ACTION[Emerge-0]: GRUG_RESOURCE_AUDIT	iron	-104	-54	10	5	ordinary	3380	26	4	4	0	0	26
ACTION[Emerge-0]: GRUG_RESOURCE_AUDIT	iron	-104	-53	10	5	ordinary	3746	30	4	4	0	0	30
ACTION[Emerge-0]: GRUG_RESOURCE_AUDIT	iron	-103	-57	10	5	ordinary	4086	32	4	4	0	0	32
ACTION[Emerge-0]: GRUG_RESOURCE_AUDIT	iron	-103	-56	10	5	ordinary	4096	32	4	4	0	0	32
ACTION[Emerge-0]: GRUG_RESOURCE_AUDIT	iron	-103	-55	10	5	ordinary	3921	31	4	4	0	0	31
ACTION[Emerge-0]: GRUG_RESOURCE_AUDIT	iron	-103	-54	10	5	ordinary	3341	26	4	4	1	0	26
ACTION[Emerge-0]: GRUG_RESOURCE_AUDIT	iron	-103	-53	10	5	ordinary	3815	29	4	4	0	0	29
ACTION[Emerge-0]: GRUG_RESOURCE_AUDIT	iron	-107	-57	11	5	ordinary	3995	31	4	4	0	0	31
ACTION[Emerge-0]: GRUG_RESOURCE_AUDIT	iron	-107	-56	11	5	ordinary	3382	27	4	4	0	0	27
ACTION[Emerge-0]: GRUG_RESOURCE_AUDIT	iron	-107	-55	11	5	ordinary	4095	32	4	4	0	0	32
ACTION[Emerge-0]: GRUG_RESOURCE_AUDIT	iron	-107	-54	11	5	ordinary	3981	31	4	4	0	0	31
ACTION[Emerge-0]: GRUG_RESOURCE_AUDIT	iron	-107	-53	11	5	ordinary	3804	30	4	4	0	0	30
ACTION[Emerge-0]: GRUG_RESOURCE_AUDIT	iron	-106	-57	11	5	ordinary	4096	32	4	4	0	0	32
ACTION[Emerge-0]: GRUG_RESOURCE_AUDIT	iron	-106	-56	11	5	ordinary	4001	31	4	4	0	0	31
ACTION[Emerge-0]: GRUG_RESOURCE_AUDIT	iron	-106	-55	11	5	ordinary	4023	31	4	4	0	0	31
ACTION[Emerge-0]: GRUG_RESOURCE_AUDIT	iron	-106	-54	11	5	ordinary	4002	32	4	4	0	0	32
ACTION[Emerge-0]: GRUG_RESOURCE_AUDIT	iron	-106	-53	11	5	ordinary	4043	31	4	4	0	0	31
ACTION[Emerge-0]: GRUG_RESOURCE_AUDIT	iron	-105	-57	11	5	ordinary	4028	32	4	4	0	0	32
ACTION[Emerge-0]: GRUG_RESOURCE_AUDIT	iron	-105	-56	11	5	ordinary	3982	32	4	4	0	0	32
ACTION[Emerge-0]: GRUG_RESOURCE_AUDIT	iron	-105	-55	11	5	ordinary	3913	31	4	4	0	0	31
ACTION[Emerge-0]: GRUG_RESOURCE_AUDIT	iron	-105	-54	11	5	ordinary	4096	32	4	4	0	0	32
ACTION[Emerge-0]: GRUG_RESOURCE_AUDIT	iron	-105	-53	11	5	ordinary	4024	31	4	4	0	0	31
ACTION[Emerge-0]: GRUG_RESOURCE_AUDIT	iron	-104	-57	11	5	ordinary	3936	31	4	4	0	0	31
ACTION[Emerge-0]: GRUG_RESOURCE_AUDIT	iron	-104	-56	11	5	ordinary	3995	31	4	4	0	0	31
ACTION[Emerge-0]: GRUG_RESOURCE_AUDIT	iron	-104	-55	11	5	ordinary	3750	29	4	4	0	0	29
ACTION[Emerge-0]: GRUG_RESOURCE_AUDIT	iron	-104	-54	11	5	ordinary	3653	29	4	4	0	0	29
ACTION[Emerge-0]: GRUG_RESOURCE_AUDIT	iron	-104	-53	11	5	ordinary	3978	31	4	4	0	0	31
ACTION[Emerge-0]: GRUG_RESOURCE_AUDIT	iron	-103	-57	11	5	ordinary	4009	31	4	4	0	0	31
ACTION[Emerge-0]: GRUG_RESOURCE_AUDIT	iron	-103	-56	11	5	ordinary	4096	32	4	4	0	0	32
ACTION[Emerge-0]: GRUG_RESOURCE_AUDIT	iron	-103	-55	11	5	ordinary	3944	30	4	4	0	0	30
ACTION[Emerge-0]: GRUG_RESOURCE_AUDIT	iron	-103	-54	11	5	ordinary	3245	25	4	4	0	0	25
ACTION[Emerge-0]: GRUG_RESOURCE_AUDIT	iron	-103	-53	11	5	ordinary	3960	31	4	4	0	0	31
ACTION[Emerge-0]: GRUG_RESOURCE_AUDIT	iron	-107	-57	12	5	ordinary	4091	32	4	4	0	0	32
ACTION[Emerge-0]: GRUG_RESOURCE_AUDIT	iron	-107	-56	12	5	ordinary	4052	32	4	4	0	0	32
ACTION[Emerge-0]: GRUG_RESOURCE_AUDIT	iron	-107	-55	12	5	ordinary	4065	32	4	4	0	0	32
ACTION[Emerge-0]: GRUG_RESOURCE_AUDIT	iron	-107	-54	12	5	ordinary	4096	32	4	4	0	0	32
ACTION[Emerge-0]: GRUG_RESOURCE_AUDIT	iron	-107	-53	12	5	ordinary	4071	31	4	4	0	0	31
ACTION[Emerge-0]: GRUG_RESOURCE_AUDIT	iron	-106	-57	12	5	ordinary	4027	31	4	4	0	0	31
ACTION[Emerge-0]: GRUG_RESOURCE_AUDIT	iron	-106	-56	12	5	ordinary	3825	30	4	4	0	0	30
ACTION[Emerge-0]: GRUG_RESOURCE_AUDIT	iron	-106	-55	12	5	ordinary	3957	31	4	4	0	0	31
ACTION[Emerge-0]: GRUG_RESOURCE_AUDIT	iron	-106	-54	12	5	ordinary	4096	32	4	4	0	0	32
ACTION[Emerge-0]: GRUG_RESOURCE_AUDIT	iron	-106	-53	12	5	ordinary	4002	32	4	4	0	0	32
ACTION[Emerge-0]: GRUG_RESOURCE_AUDIT	iron	-105	-57	12	5	ordinary	4017	32	4	4	0	0	32
ACTION[Emerge-0]: GRUG_RESOURCE_AUDIT	iron	-105	-56	12	5	ordinary	3670	29	4	4	0	0	29
ACTION[Emerge-0]: GRUG_RESOURCE_AUDIT	iron	-105	-55	12	5	ordinary	4004	31	4	4	0	0	31
ACTION[Emerge-0]: GRUG_RESOURCE_AUDIT	iron	-105	-54	12	5	ordinary	4021	32	4	4	0	0	32
ACTION[Emerge-0]: GRUG_RESOURCE_AUDIT	iron	-105	-53	12	5	ordinary	4077	31	4	4	0	0	31
ACTION[Emerge-0]: GRUG_RESOURCE_AUDIT	iron	-104	-57	12	5	ordinary	4007	32	4	4	0	0	32
ACTION[Emerge-0]: GRUG_RESOURCE_AUDIT	iron	-104	-56	12	5	ordinary	3994	31	4	4	0	0	31
ACTION[Emerge-0]: GRUG_RESOURCE_AUDIT	iron	-104	-55	12	5	ordinary	4096	32	4	4	0	0	32
ACTION[Emerge-0]: GRUG_RESOURCE_AUDIT	iron	-104	-54	12	5	ordinary	3942	31	4	4	0	0	31
ACTION[Emerge-0]: GRUG_RESOURCE_AUDIT	iron	-104	-53	12	5	ordinary	4096	32	4	4	0	0	32
ACTION[Emerge-0]: GRUG_RESOURCE_AUDIT	iron	-103	-57	12	5	ordinary	4020	31	4	4	0	0	31
ACTION[Emerge-0]: GRUG_RESOURCE_AUDIT	iron	-103	-56	12	5	ordinary	3933	30	4	4	1	0	30
ACTION[Emerge-0]: GRUG_RESOURCE_AUDIT	iron	-103	-55	12	5	ordinary	4096	32	4	4	1	0	32
ACTION[Emerge-0]: GRUG_RESOURCE_AUDIT	iron	-103	-54	12	5	ordinary	4096	32	4	4	0	0	32
ACTION[Emerge-0]: GRUG_RESOURCE_AUDIT	iron	-103	-53	12	5	ordinary	4096	32	4	4	0	0	32
ACTION[Emerge-0]: GRUG_RESOURCE_AUDIT	quartz	-107	-57	8	5	ordinary	4000	16	2	2	0	0	16
ACTION[Emerge-0]: GRUG_RESOURCE_AUDIT	quartz	-107	-56	8	5	ordinary	4069	16	2	2	0	0	16
ACTION[Emerge-0]: GRUG_RESOURCE_AUDIT	quartz	-107	-55	8	5	ordinary	2827	11	2	2	0	0	11
ACTION[Emerge-0]: GRUG_RESOURCE_AUDIT	quartz	-107	-54	8	5	ordinary	4034	16	2	2	0	0	16
ACTION[Emerge-0]: GRUG_RESOURCE_AUDIT	quartz	-107	-53	8	5	ordinary	4094	16	2	2	0	0	16
ACTION[Emerge-0]: GRUG_RESOURCE_AUDIT	quartz	-106	-57	8	5	ordinary	4027	16	2	2	0	0	16
ACTION[Emerge-0]: GRUG_RESOURCE_AUDIT	quartz	-106	-56	8	5	ordinary	4096	16	2	2	0	0	16
ACTION[Emerge-0]: GRUG_RESOURCE_AUDIT	quartz	-106	-55	8	5	ordinary	3386	13	2	2	0	0	13
ACTION[Emerge-0]: GRUG_RESOURCE_AUDIT	quartz	-106	-54	8	5	ordinary	4096	16	2	2	0	0	16
ACTION[Emerge-0]: GRUG_RESOURCE_AUDIT	quartz	-106	-53	8	5	ordinary	3924	15	2	2	0	0	15
ACTION[Emerge-0]: GRUG_RESOURCE_AUDIT	quartz	-105	-57	8	5	ordinary	4087	16	2	2	0	0	16
ACTION[Emerge-0]: GRUG_RESOURCE_AUDIT	quartz	-105	-56	8	5	ordinary	4073	16	2	2	0	0	16
ACTION[Emerge-0]: GRUG_RESOURCE_AUDIT	quartz	-105	-55	8	5	ordinary	3976	15	2	2	1	0	15
ACTION[Emerge-0]: GRUG_RESOURCE_AUDIT	quartz	-105	-54	8	5	ordinary	3897	16	2	2	0	0	16
ACTION[Emerge-0]: GRUG_RESOURCE_AUDIT	quartz	-105	-53	8	5	ordinary	3965	16	2	2	0	0	16
ACTION[Emerge-0]: GRUG_RESOURCE_AUDIT	quartz	-104	-57	8	5	ordinary	4096	16	2	2	0	0	16
ACTION[Emerge-0]: GRUG_RESOURCE_AUDIT	quartz	-104	-56	8	5	ordinary	4065	16	2	2	0	0	16
ACTION[Emerge-0]: GRUG_RESOURCE_AUDIT	quartz	-104	-55	8	5	ordinary	3999	15	2	2	0	0	15
ACTION[Emerge-0]: GRUG_RESOURCE_AUDIT	quartz	-104	-54	8	5	ordinary	3988	15	2	2	0	0	15
ACTION[Emerge-0]: GRUG_RESOURCE_AUDIT	quartz	-104	-53	8	5	ordinary	3586	14	2	2	0	0	14
ACTION[Emerge-0]: GRUG_RESOURCE_AUDIT	quartz	-103	-57	8	5	ordinary	3898	15	2	2	0	0	15
ACTION[Emerge-0]: GRUG_RESOURCE_AUDIT	quartz	-103	-56	8	5	ordinary	4085	16	2	2	0	0	16
ACTION[Emerge-0]: GRUG_RESOURCE_AUDIT	quartz	-103	-55	8	5	ordinary	2899	11	2	2	0	0	11
ACTION[Emerge-0]: GRUG_RESOURCE_AUDIT	quartz	-103	-54	8	5	ordinary	3144	12	2	2	0	0	12
ACTION[Emerge-0]: GRUG_RESOURCE_AUDIT	quartz	-103	-53	8	5	ordinary	3411	13	2	2	1	0	13
ACTION[Emerge-0]: GRUG_RESOURCE_AUDIT	quartz	-107	-57	9	5	ordinary	4068	16	2	2	0	0	16
ACTION[Emerge-0]: GRUG_RESOURCE_AUDIT	quartz	-107	-56	9	5	ordinary	4055	16	2	2	0	0	16
ACTION[Emerge-0]: GRUG_RESOURCE_AUDIT	quartz	-107	-55	9	5	ordinary	3819	15	2	2	0	0	15
ACTION[Emerge-0]: GRUG_RESOURCE_AUDIT	quartz	-107	-54	9	5	ordinary	4068	16	2	2	0	0	16
ACTION[Emerge-0]: GRUG_RESOURCE_AUDIT	quartz	-107	-53	9	5	ordinary	4047	15	2	2	0	0	15
ACTION[Emerge-0]: GRUG_RESOURCE_AUDIT	quartz	-106	-57	9	5	ordinary	3981	16	2	2	0	0	16
ACTION[Emerge-0]: GRUG_RESOURCE_AUDIT	quartz	-106	-56	9	5	ordinary	4026	16	2	2	0	0	16
ACTION[Emerge-0]: GRUG_RESOURCE_AUDIT	quartz	-106	-55	9	5	ordinary	3666	14	2	2	0	0	14
ACTION[Emerge-0]: GRUG_RESOURCE_AUDIT	quartz	-106	-54	9	5	ordinary	4012	15	2	2	0	0	15
ACTION[Emerge-0]: GRUG_RESOURCE_AUDIT	quartz	-106	-53	9	5	ordinary	3957	15	2	2	0	0	15
ACTION[Emerge-0]: GRUG_RESOURCE_AUDIT	quartz	-105	-57	9	5	ordinary	4001	16	2	2	0	0	16
ACTION[Emerge-0]: GRUG_RESOURCE_AUDIT	quartz	-105	-56	9	5	ordinary	4053	16	2	2	0	0	16
ACTION[Emerge-0]: GRUG_RESOURCE_AUDIT	quartz	-105	-55	9	5	ordinary	3848	15	2	2	0	0	15
ACTION[Emerge-0]: GRUG_RESOURCE_AUDIT	quartz	-105	-54	9	5	ordinary	3989	16	2	2	1	0	16
ACTION[Emerge-0]: GRUG_RESOURCE_AUDIT	quartz	-105	-53	9	5	ordinary	3866	15	2	2	0	0	15
ACTION[Emerge-0]: GRUG_RESOURCE_AUDIT	quartz	-104	-57	9	5	ordinary	4028	15	2	2	0	0	15
ACTION[Emerge-0]: GRUG_RESOURCE_AUDIT	quartz	-104	-56	9	5	ordinary	3973	15	2	2	0	0	15
ACTION[Emerge-0]: GRUG_RESOURCE_AUDIT	quartz	-104	-55	9	5	ordinary	3992	15	2	2	0	0	15
ACTION[Emerge-0]: GRUG_RESOURCE_AUDIT	quartz	-104	-54	9	5	ordinary	4096	16	2	2	0	0	16
ACTION[Emerge-0]: GRUG_RESOURCE_AUDIT	quartz	-104	-53	9	5	ordinary	3701	15	2	2	0	0	15
ACTION[Emerge-0]: GRUG_RESOURCE_AUDIT	quartz	-103	-57	9	5	ordinary	4068	16	2	2	0	0	16
ACTION[Emerge-0]: GRUG_RESOURCE_AUDIT	quartz	-103	-56	9	5	ordinary	4042	15	2	2	0	0	15
ACTION[Emerge-0]: GRUG_RESOURCE_AUDIT	quartz	-103	-55	9	5	ordinary	3151	12	2	2	0	0	12
ACTION[Emerge-0]: GRUG_RESOURCE_AUDIT	quartz	-103	-54	9	5	ordinary	3423	13	2	2	0	0	13
ACTION[Emerge-0]: GRUG_RESOURCE_AUDIT	quartz	-103	-53	9	5	ordinary	4047	15	2	2	0	0	15
ACTION[Emerge-0]: GRUG_RESOURCE_AUDIT	quartz	-107	-57	10	5	ordinary	3928	15	2	2	0	0	15
ACTION[Emerge-0]: GRUG_RESOURCE_AUDIT	quartz	-107	-56	10	5	ordinary	3019	12	2	2	0	0	12
ACTION[Emerge-0]: GRUG_RESOURCE_AUDIT	quartz	-107	-55	10	5	ordinary	3825	15	2	2	0	0	15
ACTION[Emerge-0]: GRUG_RESOURCE_AUDIT	quartz	-107	-54	10	5	ordinary	4065	16	2	2	0	0	16
ACTION[Emerge-0]: GRUG_RESOURCE_AUDIT	quartz	-107	-53	10	5	ordinary	3969	15	2	2	0	0	15
ACTION[Emerge-0]: GRUG_RESOURCE_AUDIT	quartz	-106	-57	10	5	ordinary	4087	16	2	2	0	0	16
ACTION[Emerge-0]: GRUG_RESOURCE_AUDIT	quartz	-106	-56	10	5	ordinary	4062	15	2	2	0	0	15
ACTION[Emerge-0]: GRUG_RESOURCE_AUDIT	quartz	-106	-55	10	5	ordinary	4045	16	2	2	0	0	16
ACTION[Emerge-0]: GRUG_RESOURCE_AUDIT	quartz	-106	-54	10	5	ordinary	4090	16	2	2	0	0	16
ACTION[Emerge-0]: GRUG_RESOURCE_AUDIT	quartz	-106	-53	10	5	ordinary	4033	16	2	2	0	0	16
ACTION[Emerge-0]: GRUG_RESOURCE_AUDIT	quartz	-105	-57	10	5	ordinary	4090	16	2	2	0	0	16
ACTION[Emerge-0]: GRUG_RESOURCE_AUDIT	quartz	-105	-56	10	5	ordinary	4048	16	2	2	1	0	16
ACTION[Emerge-0]: GRUG_RESOURCE_AUDIT	quartz	-105	-55	10	5	ordinary	3976	16	2	2	0	0	16
ACTION[Emerge-0]: GRUG_RESOURCE_AUDIT	quartz	-105	-54	10	5	ordinary	4096	16	2	2	0	0	16
ACTION[Emerge-0]: GRUG_RESOURCE_AUDIT	quartz	-105	-53	10	5	ordinary	4003	16	2	2	0	0	16
ACTION[Emerge-0]: GRUG_RESOURCE_AUDIT	quartz	-104	-57	10	5	ordinary	4033	16	2	2	0	0	16
ACTION[Emerge-0]: GRUG_RESOURCE_AUDIT	quartz	-104	-56	10	5	ordinary	4075	16	2	2	0	0	16
ACTION[Emerge-0]: GRUG_RESOURCE_AUDIT	quartz	-104	-55	10	5	ordinary	4040	15	2	2	0	0	15
ACTION[Emerge-0]: GRUG_RESOURCE_AUDIT	quartz	-104	-54	10	5	ordinary	3380	13	2	2	0	0	13
ACTION[Emerge-0]: GRUG_RESOURCE_AUDIT	quartz	-104	-53	10	5	ordinary	3746	14	2	2	0	0	14
ACTION[Emerge-0]: GRUG_RESOURCE_AUDIT	quartz	-103	-57	10	5	ordinary	4086	16	2	2	0	0	16
ACTION[Emerge-0]: GRUG_RESOURCE_AUDIT	quartz	-103	-56	10	5	ordinary	4096	16	2	2	0	0	16
ACTION[Emerge-0]: GRUG_RESOURCE_AUDIT	quartz	-103	-55	10	5	ordinary	3921	15	2	2	0	0	15
ACTION[Emerge-0]: GRUG_RESOURCE_AUDIT	quartz	-103	-54	10	5	ordinary	3341	13	2	2	0	0	13
ACTION[Emerge-0]: GRUG_RESOURCE_AUDIT	quartz	-103	-53	10	5	ordinary	3815	14	2	2	0	0	14
ACTION[Emerge-0]: GRUG_RESOURCE_AUDIT	quartz	-107	-57	11	5	ordinary	3995	15	2	2	0	0	15
ACTION[Emerge-0]: GRUG_RESOURCE_AUDIT	quartz	-107	-56	11	5	ordinary	3382	14	2	2	0	0	14
ACTION[Emerge-0]: GRUG_RESOURCE_AUDIT	quartz	-107	-55	11	5	ordinary	4095	16	2	2	0	0	16
ACTION[Emerge-0]: GRUG_RESOURCE_AUDIT	quartz	-107	-54	11	5	ordinary	3981	16	2	2	0	0	16
ACTION[Emerge-0]: GRUG_RESOURCE_AUDIT	quartz	-107	-53	11	5	ordinary	3804	14	2	2	0	0	14
ACTION[Emerge-0]: GRUG_RESOURCE_AUDIT	quartz	-106	-57	11	5	ordinary	4096	16	2	2	0	0	16
ACTION[Emerge-0]: GRUG_RESOURCE_AUDIT	quartz	-106	-56	11	5	ordinary	4001	16	2	2	0	0	16
ACTION[Emerge-0]: GRUG_RESOURCE_AUDIT	quartz	-106	-55	11	5	ordinary	4023	16	2	2	0	0	16
ACTION[Emerge-0]: GRUG_RESOURCE_AUDIT	quartz	-106	-54	11	5	ordinary	4002	16	2	2	1	0	16
ACTION[Emerge-0]: GRUG_RESOURCE_AUDIT	quartz	-106	-53	11	5	ordinary	4043	16	2	2	0	0	16
ACTION[Emerge-0]: GRUG_RESOURCE_AUDIT	quartz	-105	-57	11	5	ordinary	4028	16	2	2	0	0	16
ACTION[Emerge-0]: GRUG_RESOURCE_AUDIT	quartz	-105	-56	11	5	ordinary	3982	16	2	2	1	0	16
ACTION[Emerge-0]: GRUG_RESOURCE_AUDIT	quartz	-105	-55	11	5	ordinary	3913	16	2	2	0	0	16
ACTION[Emerge-0]: GRUG_RESOURCE_AUDIT	quartz	-105	-54	11	5	ordinary	4096	16	2	2	0	0	16
ACTION[Emerge-0]: GRUG_RESOURCE_AUDIT	quartz	-105	-53	11	5	ordinary	4024	16	2	2	0	0	16
ACTION[Emerge-0]: GRUG_RESOURCE_AUDIT	quartz	-104	-57	11	5	ordinary	3936	16	2	2	0	0	16
ACTION[Emerge-0]: GRUG_RESOURCE_AUDIT	quartz	-104	-56	11	5	ordinary	3995	16	2	2	0	0	16
ACTION[Emerge-0]: GRUG_RESOURCE_AUDIT	quartz	-104	-55	11	5	ordinary	3750	14	2	2	0	0	14
ACTION[Emerge-0]: GRUG_RESOURCE_AUDIT	quartz	-104	-54	11	5	ordinary	3653	15	2	2	0	0	15
ACTION[Emerge-0]: GRUG_RESOURCE_AUDIT	quartz	-104	-53	11	5	ordinary	3978	16	2	2	0	0	16
ACTION[Emerge-0]: GRUG_RESOURCE_AUDIT	quartz	-103	-57	11	5	ordinary	4009	16	2	2	0	0	16
ACTION[Emerge-0]: GRUG_RESOURCE_AUDIT	quartz	-103	-56	11	5	ordinary	4096	16	2	2	0	0	16
ACTION[Emerge-0]: GRUG_RESOURCE_AUDIT	quartz	-103	-55	11	5	ordinary	3944	16	2	2	0	0	16
ACTION[Emerge-0]: GRUG_RESOURCE_AUDIT	quartz	-103	-54	11	5	ordinary	3245	13	2	2	0	0	13
ACTION[Emerge-0]: GRUG_RESOURCE_AUDIT	quartz	-103	-53	11	5	ordinary	3960	16	2	2	0	0	16
ACTION[Emerge-0]: GRUG_RESOURCE_AUDIT	quartz	-107	-57	12	5	ordinary	4091	16	2	2	0	0	16
ACTION[Emerge-0]: GRUG_RESOURCE_AUDIT	quartz	-107	-56	12	5	ordinary	4052	16	2	2	0	0	16
ACTION[Emerge-0]: GRUG_RESOURCE_AUDIT	quartz	-107	-55	12	5	ordinary	4065	16	2	2	0	0	16
ACTION[Emerge-0]: GRUG_RESOURCE_AUDIT	quartz	-107	-54	12	5	ordinary	4096	16	2	2	0	0	16
ACTION[Emerge-0]: GRUG_RESOURCE_AUDIT	quartz	-107	-53	12	5	ordinary	4071	16	2	2	0	0	16
ACTION[Emerge-0]: GRUG_RESOURCE_AUDIT	quartz	-106	-57	12	5	ordinary	4027	15	2	2	0	0	15
ACTION[Emerge-0]: GRUG_RESOURCE_AUDIT	quartz	-106	-56	12	5	ordinary	3825	15	2	2	0	0	15
ACTION[Emerge-0]: GRUG_RESOURCE_AUDIT	quartz	-106	-55	12	5	ordinary	3957	15	2	2	0	0	15
ACTION[Emerge-0]: GRUG_RESOURCE_AUDIT	quartz	-106	-54	12	5	ordinary	4096	16	2	2	0	0	16
ACTION[Emerge-0]: GRUG_RESOURCE_AUDIT	quartz	-106	-53	12	5	ordinary	4002	16	2	2	0	0	16
ACTION[Emerge-0]: GRUG_RESOURCE_AUDIT	quartz	-105	-57	12	5	ordinary	4017	16	2	2	0	0	16
ACTION[Emerge-0]: GRUG_RESOURCE_AUDIT	quartz	-105	-56	12	5	ordinary	3670	14	2	2	0	0	14
ACTION[Emerge-0]: GRUG_RESOURCE_AUDIT	quartz	-105	-55	12	5	ordinary	4004	15	2	2	0	0	15
ACTION[Emerge-0]: GRUG_RESOURCE_AUDIT	quartz	-105	-54	12	5	ordinary	4021	16	2	2	0	0	16
ACTION[Emerge-0]: GRUG_RESOURCE_AUDIT	quartz	-105	-53	12	5	ordinary	4077	16	2	2	0	0	16
ACTION[Emerge-0]: GRUG_RESOURCE_AUDIT	quartz	-104	-57	12	5	ordinary	4007	16	2	2	0	0	16
ACTION[Emerge-0]: GRUG_RESOURCE_AUDIT	quartz	-104	-56	12	5	ordinary	3994	16	2	2	0	0	16
ACTION[Emerge-0]: GRUG_RESOURCE_AUDIT	quartz	-104	-55	12	5	ordinary	4096	16	2	2	0	0	16
ACTION[Emerge-0]: GRUG_RESOURCE_AUDIT	quartz	-104	-54	12	5	ordinary	3942	16	2	2	0	0	16
ACTION[Emerge-0]: GRUG_RESOURCE_AUDIT	quartz	-104	-53	12	5	ordinary	4096	16	2	2	0	0	16
ACTION[Emerge-0]: GRUG_RESOURCE_AUDIT	quartz	-103	-57	12	5	ordinary	4020	16	2	2	0	0	16
ACTION[Emerge-0]: GRUG_RESOURCE_AUDIT	quartz	-103	-56	12	5	ordinary	3933	15	2	2	0	0	15
ACTION[Emerge-0]: GRUG_RESOURCE_AUDIT	quartz	-103	-55	12	5	ordinary	4096	16	2	2	0	0	16
ACTION[Emerge-0]: GRUG_RESOURCE_AUDIT	quartz	-103	-54	12	5	ordinary	4096	16	2	2	0	0	16
ACTION[Emerge-0]: GRUG_RESOURCE_AUDIT	quartz	-103	-53	12	5	ordinary	4096	16	2	2	0	0	16
ACTION[Emerge-0]: GRUG_RESOURCE_AUDIT	ruby	-107	-57	8	5	ordinary	4000	1	1	1	0	0	1
ACTION[Emerge-0]: GRUG_RESOURCE_AUDIT	ruby	-107	-56	8	5	ordinary	4069	1	1	1	0	0	1
ACTION[Emerge-0]: GRUG_RESOURCE_AUDIT	ruby	-107	-55	8	5	ordinary	2827	0	0	0	0	0	0
ACTION[Emerge-0]: GRUG_RESOURCE_AUDIT	ruby	-107	-54	8	5	ordinary	4034	0	0	0	0	0	0
ACTION[Emerge-0]: GRUG_RESOURCE_AUDIT	ruby	-107	-53	8	5	ordinary	4094	0	0	0	0	0	0
ACTION[Emerge-0]: GRUG_RESOURCE_AUDIT	ruby	-106	-57	8	5	ordinary	4027	1	1	1	0	0	1
ACTION[Emerge-0]: GRUG_RESOURCE_AUDIT	ruby	-106	-56	8	5	ordinary	4096	1	1	1	0	0	1
ACTION[Emerge-0]: GRUG_RESOURCE_AUDIT	ruby	-106	-55	8	5	ordinary	3386	0	0	0	0	0	0
ACTION[Emerge-0]: GRUG_RESOURCE_AUDIT	ruby	-106	-54	8	5	ordinary	4096	1	1	1	0	0	1
ACTION[Emerge-0]: GRUG_RESOURCE_AUDIT	ruby	-106	-53	8	5	ordinary	3924	0	0	0	0	0	0
ACTION[Emerge-0]: GRUG_RESOURCE_AUDIT	ruby	-105	-57	8	5	ordinary	4087	1	1	1	0	0	1
ACTION[Emerge-0]: GRUG_RESOURCE_AUDIT	ruby	-105	-56	8	5	ordinary	4073	0	0	0	0	0	0
ACTION[Emerge-0]: GRUG_RESOURCE_AUDIT	ruby	-105	-55	8	5	ordinary	3976	1	1	1	0	0	1
ACTION[Emerge-0]: GRUG_RESOURCE_AUDIT	ruby	-105	-54	8	5	ordinary	3897	1	1	1	0	0	1
ACTION[Emerge-0]: GRUG_RESOURCE_AUDIT	ruby	-105	-53	8	5	ordinary	3965	1	1	1	0	0	1
ACTION[Emerge-0]: GRUG_RESOURCE_AUDIT	ruby	-104	-57	8	5	ordinary	4096	1	1	1	0	0	1
ACTION[Emerge-0]: GRUG_RESOURCE_AUDIT	ruby	-104	-56	8	5	ordinary	4065	0	0	0	0	0	0
ACTION[Emerge-0]: GRUG_RESOURCE_AUDIT	ruby	-104	-55	8	5	ordinary	3999	0	0	0	0	0	0
ACTION[Emerge-0]: GRUG_RESOURCE_AUDIT	ruby	-104	-54	8	5	ordinary	3988	1	1	1	0	0	1
ACTION[Emerge-0]: GRUG_RESOURCE_AUDIT	ruby	-104	-53	8	5	ordinary	3586	0	0	0	0	0	0
ACTION[Emerge-0]: GRUG_RESOURCE_AUDIT	ruby	-103	-57	8	5	ordinary	3898	1	1	1	0	0	1
ACTION[Emerge-0]: GRUG_RESOURCE_AUDIT	ruby	-103	-56	8	5	ordinary	4085	0	0	0	0	0	0
ACTION[Emerge-0]: GRUG_RESOURCE_AUDIT	ruby	-103	-55	8	5	ordinary	2899	0	0	0	0	0	0
ACTION[Emerge-0]: GRUG_RESOURCE_AUDIT	ruby	-103	-54	8	5	ordinary	3144	1	1	1	0	0	1
ACTION[Emerge-0]: GRUG_RESOURCE_AUDIT	ruby	-103	-53	8	5	ordinary	3411	1	1	1	0	0	1
ACTION[Emerge-0]: GRUG_RESOURCE_AUDIT	ruby	-107	-57	9	5	ordinary	4068	1	1	1	0	0	1
ACTION[Emerge-0]: GRUG_RESOURCE_AUDIT	ruby	-107	-56	9	5	ordinary	4055	1	1	1	0	0	1
ACTION[Emerge-0]: GRUG_RESOURCE_AUDIT	ruby	-107	-55	9	5	ordinary	3819	0	0	0	0	0	0
ACTION[Emerge-0]: GRUG_RESOURCE_AUDIT	ruby	-107	-54	9	5	ordinary	4068	1	1	1	0	0	1
ACTION[Emerge-0]: GRUG_RESOURCE_AUDIT	ruby	-107	-53	9	5	ordinary	4047	0	0	0	0	0	0
ACTION[Emerge-0]: GRUG_RESOURCE_AUDIT	ruby	-106	-57	9	5	ordinary	3981	0	0	0	0	0	0
ACTION[Emerge-0]: GRUG_RESOURCE_AUDIT	ruby	-106	-56	9	5	ordinary	4026	1	1	1	0	0	1
ACTION[Emerge-0]: GRUG_RESOURCE_AUDIT	ruby	-106	-55	9	5	ordinary	3666	0	0	0	0	0	0
ACTION[Emerge-0]: GRUG_RESOURCE_AUDIT	ruby	-106	-54	9	5	ordinary	4012	1	1	1	0	0	1
ACTION[Emerge-0]: GRUG_RESOURCE_AUDIT	ruby	-106	-53	9	5	ordinary	3957	0	0	0	0	0	0
ACTION[Emerge-0]: GRUG_RESOURCE_AUDIT	ruby	-105	-57	9	5	ordinary	4001	0	0	0	0	0	0
ACTION[Emerge-0]: GRUG_RESOURCE_AUDIT	ruby	-105	-56	9	5	ordinary	4053	1	1	1	0	0	1
ACTION[Emerge-0]: GRUG_RESOURCE_AUDIT	ruby	-105	-55	9	5	ordinary	3848	1	1	1	0	0	1
ACTION[Emerge-0]: GRUG_RESOURCE_AUDIT	ruby	-105	-54	9	5	ordinary	3989	1	1	1	0	0	1
ACTION[Emerge-0]: GRUG_RESOURCE_AUDIT	ruby	-105	-53	9	5	ordinary	3866	1	1	1	0	0	1
ACTION[Emerge-0]: GRUG_RESOURCE_AUDIT	ruby	-104	-57	9	5	ordinary	4028	1	1	1	0	0	1
ACTION[Emerge-0]: GRUG_RESOURCE_AUDIT	ruby	-104	-56	9	5	ordinary	3973	0	0	0	0	0	0
ACTION[Emerge-0]: GRUG_RESOURCE_AUDIT	ruby	-104	-55	9	5	ordinary	3992	0	0	0	0	0	0
ACTION[Emerge-0]: GRUG_RESOURCE_AUDIT	ruby	-104	-54	9	5	ordinary	4096	0	0	0	0	0	0
ACTION[Emerge-0]: GRUG_RESOURCE_AUDIT	ruby	-104	-53	9	5	ordinary	3701	1	1	1	0	0	1
ACTION[Emerge-0]: GRUG_RESOURCE_AUDIT	ruby	-103	-57	9	5	ordinary	4068	1	1	1	0	0	1
ACTION[Emerge-0]: GRUG_RESOURCE_AUDIT	ruby	-103	-56	9	5	ordinary	4042	0	0	0	0	0	0
ACTION[Emerge-0]: GRUG_RESOURCE_AUDIT	ruby	-103	-55	9	5	ordinary	3151	0	0	0	0	0	0
ACTION[Emerge-0]: GRUG_RESOURCE_AUDIT	ruby	-103	-54	9	5	ordinary	3423	0	0	0	0	0	0
ACTION[Emerge-0]: GRUG_RESOURCE_AUDIT	ruby	-103	-53	9	5	ordinary	4047	1	1	1	0	0	1
ACTION[Emerge-0]: GRUG_RESOURCE_AUDIT	ruby	-107	-57	10	5	ordinary	3928	1	1	1	0	0	1
ACTION[Emerge-0]: GRUG_RESOURCE_AUDIT	ruby	-107	-56	10	5	ordinary	3019	0	0	0	0	0	0
ACTION[Emerge-0]: GRUG_RESOURCE_AUDIT	ruby	-107	-55	10	5	ordinary	3825	1	1	1	0	0	1
ACTION[Emerge-0]: GRUG_RESOURCE_AUDIT	ruby	-107	-54	10	5	ordinary	4065	1	1	1	0	0	1
ACTION[Emerge-0]: GRUG_RESOURCE_AUDIT	ruby	-107	-53	10	5	ordinary	3969	0	0	0	0	0	0
ACTION[Emerge-0]: GRUG_RESOURCE_AUDIT	ruby	-106	-57	10	5	ordinary	4087	1	1	1	0	0	1
ACTION[Emerge-0]: GRUG_RESOURCE_AUDIT	ruby	-106	-56	10	5	ordinary	4062	1	1	1	0	0	1
ACTION[Emerge-0]: GRUG_RESOURCE_AUDIT	ruby	-106	-55	10	5	ordinary	4045	1	1	1	0	0	1
ACTION[Emerge-0]: GRUG_RESOURCE_AUDIT	ruby	-106	-54	10	5	ordinary	4090	0	0	0	0	0	0
ACTION[Emerge-0]: GRUG_RESOURCE_AUDIT	ruby	-106	-53	10	5	ordinary	4033	1	1	1	0	0	1
ACTION[Emerge-0]: GRUG_RESOURCE_AUDIT	ruby	-105	-57	10	5	ordinary	4090	1	1	1	0	0	1
ACTION[Emerge-0]: GRUG_RESOURCE_AUDIT	ruby	-105	-56	10	5	ordinary	4048	1	1	1	0	0	1
ACTION[Emerge-0]: GRUG_RESOURCE_AUDIT	ruby	-105	-55	10	5	ordinary	3976	0	0	0	0	0	0
ACTION[Emerge-0]: GRUG_RESOURCE_AUDIT	ruby	-105	-54	10	5	ordinary	4096	1	1	1	0	0	1
ACTION[Emerge-0]: GRUG_RESOURCE_AUDIT	ruby	-105	-53	10	5	ordinary	4003	1	1	1	0	0	1
ACTION[Emerge-0]: GRUG_RESOURCE_AUDIT	ruby	-104	-57	10	5	ordinary	4033	1	1	1	0	0	1
ACTION[Emerge-0]: GRUG_RESOURCE_AUDIT	ruby	-104	-56	10	5	ordinary	4075	0	0	0	0	0	0
ACTION[Emerge-0]: GRUG_RESOURCE_AUDIT	ruby	-104	-55	10	5	ordinary	4040	1	1	1	0	0	1
ACTION[Emerge-0]: GRUG_RESOURCE_AUDIT	ruby	-104	-54	10	5	ordinary	3380	1	1	1	0	0	1
ACTION[Emerge-0]: GRUG_RESOURCE_AUDIT	ruby	-104	-53	10	5	ordinary	3746	1	1	1	0	0	1
ACTION[Emerge-0]: GRUG_RESOURCE_AUDIT	ruby	-103	-57	10	5	ordinary	4086	1	1	1	0	0	1
ACTION[Emerge-0]: GRUG_RESOURCE_AUDIT	ruby	-103	-56	10	5	ordinary	4096	1	1	1	0	0	1
ACTION[Emerge-0]: GRUG_RESOURCE_AUDIT	ruby	-103	-55	10	5	ordinary	3921	1	1	1	0	0	1
ACTION[Emerge-0]: GRUG_RESOURCE_AUDIT	ruby	-103	-54	10	5	ordinary	3341	1	1	1	0	0	1
ACTION[Emerge-0]: GRUG_RESOURCE_AUDIT	ruby	-103	-53	10	5	ordinary	3815	1	1	1	0	0	1
ACTION[Emerge-0]: GRUG_RESOURCE_AUDIT	ruby	-107	-57	11	5	ordinary	3995	0	0	0	0	0	0
ACTION[Emerge-0]: GRUG_RESOURCE_AUDIT	ruby	-107	-56	11	5	ordinary	3382	0	0	0	0	0	0
ACTION[Emerge-0]: GRUG_RESOURCE_AUDIT	ruby	-107	-55	11	5	ordinary	4095	1	1	1	0	0	1
ACTION[Emerge-0]: GRUG_RESOURCE_AUDIT	ruby	-107	-54	11	5	ordinary	3981	1	1	1	0	0	1
ACTION[Emerge-0]: GRUG_RESOURCE_AUDIT	ruby	-107	-53	11	5	ordinary	3804	0	0	0	0	0	0
ACTION[Emerge-0]: GRUG_RESOURCE_AUDIT	ruby	-106	-57	11	5	ordinary	4096	1	1	1	0	0	1
ACTION[Emerge-0]: GRUG_RESOURCE_AUDIT	ruby	-106	-56	11	5	ordinary	4001	0	0	0	0	0	0
ACTION[Emerge-0]: GRUG_RESOURCE_AUDIT	ruby	-106	-55	11	5	ordinary	4023	0	0	0	0	0	0
ACTION[Emerge-0]: GRUG_RESOURCE_AUDIT	ruby	-106	-54	11	5	ordinary	4002	0	0	0	0	0	0
ACTION[Emerge-0]: GRUG_RESOURCE_AUDIT	ruby	-106	-53	11	5	ordinary	4043	1	1	1	0	0	1
ACTION[Emerge-0]: GRUG_RESOURCE_AUDIT	ruby	-105	-57	11	5	ordinary	4028	1	1	1	0	0	1
ACTION[Emerge-0]: GRUG_RESOURCE_AUDIT	ruby	-105	-56	11	5	ordinary	3982	1	1	1	0	0	1
ACTION[Emerge-0]: GRUG_RESOURCE_AUDIT	ruby	-105	-55	11	5	ordinary	3913	1	1	1	0	0	1
ACTION[Emerge-0]: GRUG_RESOURCE_AUDIT	ruby	-105	-54	11	5	ordinary	4096	1	1	1	0	0	1
ACTION[Emerge-0]: GRUG_RESOURCE_AUDIT	ruby	-105	-53	11	5	ordinary	4024	1	1	1	0	0	1
ACTION[Emerge-0]: GRUG_RESOURCE_AUDIT	ruby	-104	-57	11	5	ordinary	3936	0	0	0	0	0	0
ACTION[Emerge-0]: GRUG_RESOURCE_AUDIT	ruby	-104	-56	11	5	ordinary	3995	0	0	0	0	0	0
ACTION[Emerge-0]: GRUG_RESOURCE_AUDIT	ruby	-104	-55	11	5	ordinary	3750	1	1	1	0	0	1
ACTION[Emerge-0]: GRUG_RESOURCE_AUDIT	ruby	-104	-54	11	5	ordinary	3653	1	1	1	0	0	1
ACTION[Emerge-0]: GRUG_RESOURCE_AUDIT	ruby	-104	-53	11	5	ordinary	3978	0	0	0	0	0	0
ACTION[Emerge-0]: GRUG_RESOURCE_AUDIT	ruby	-103	-57	11	5	ordinary	4009	1	1	1	0	0	1
ACTION[Emerge-0]: GRUG_RESOURCE_AUDIT	ruby	-103	-56	11	5	ordinary	4096	0	0	0	0	0	0
ACTION[Emerge-0]: GRUG_RESOURCE_AUDIT	ruby	-103	-55	11	5	ordinary	3944	0	0	0	0	0	0
ACTION[Emerge-0]: GRUG_RESOURCE_AUDIT	ruby	-103	-54	11	5	ordinary	3245	0	0	0	0	0	0
ACTION[Emerge-0]: GRUG_RESOURCE_AUDIT	ruby	-103	-53	11	5	ordinary	3960	1	1	1	0	0	1
ACTION[Emerge-0]: GRUG_RESOURCE_AUDIT	ruby	-107	-57	12	5	ordinary	4091	1	1	1	0	0	1
ACTION[Emerge-0]: GRUG_RESOURCE_AUDIT	ruby	-107	-56	12	5	ordinary	4052	1	1	1	0	0	1
ACTION[Emerge-0]: GRUG_RESOURCE_AUDIT	ruby	-107	-55	12	5	ordinary	4065	1	1	1	0	0	1
ACTION[Emerge-0]: GRUG_RESOURCE_AUDIT	ruby	-107	-54	12	5	ordinary	4096	0	0	0	0	0	0
ACTION[Emerge-0]: GRUG_RESOURCE_AUDIT	ruby	-107	-53	12	5	ordinary	4071	1	1	1	0	0	1
ACTION[Emerge-0]: GRUG_RESOURCE_AUDIT	ruby	-106	-57	12	5	ordinary	4027	1	1	1	0	0	1
ACTION[Emerge-0]: GRUG_RESOURCE_AUDIT	ruby	-106	-56	12	5	ordinary	3825	1	1	1	0	0	1
ACTION[Emerge-0]: GRUG_RESOURCE_AUDIT	ruby	-106	-55	12	5	ordinary	3957	1	1	1	0	0	1
ACTION[Emerge-0]: GRUG_RESOURCE_AUDIT	ruby	-106	-54	12	5	ordinary	4096	1	1	1	0	0	1
ACTION[Emerge-0]: GRUG_RESOURCE_AUDIT	ruby	-106	-53	12	5	ordinary	4002	0	0	0	0	0	0
ACTION[Emerge-0]: GRUG_RESOURCE_AUDIT	ruby	-105	-57	12	5	ordinary	4017	1	1	1	0	0	1
ACTION[Emerge-0]: GRUG_RESOURCE_AUDIT	ruby	-105	-56	12	5	ordinary	3670	1	1	1	0	0	1
ACTION[Emerge-0]: GRUG_RESOURCE_AUDIT	ruby	-105	-55	12	5	ordinary	4004	1	1	1	0	0	1
ACTION[Emerge-0]: GRUG_RESOURCE_AUDIT	ruby	-105	-54	12	5	ordinary	4021	1	1	1	0	0	1
ACTION[Emerge-0]: GRUG_RESOURCE_AUDIT	ruby	-105	-53	12	5	ordinary	4077	1	1	1	0	0	1
ACTION[Emerge-0]: GRUG_RESOURCE_AUDIT	ruby	-104	-57	12	5	ordinary	4007	1	1	1	0	0	1
ACTION[Emerge-0]: GRUG_RESOURCE_AUDIT	ruby	-104	-56	12	5	ordinary	3994	1	1	1	0	0	1
ACTION[Emerge-0]: GRUG_RESOURCE_AUDIT	ruby	-104	-55	12	5	ordinary	4096	1	1	1	0	0	1
ACTION[Emerge-0]: GRUG_RESOURCE_AUDIT	ruby	-104	-54	12	5	ordinary	3942	0	0	0	0	0	0
ACTION[Emerge-0]: GRUG_RESOURCE_AUDIT	ruby	-104	-53	12	5	ordinary	4096	0	0	0	0	0	0
ACTION[Emerge-0]: GRUG_RESOURCE_AUDIT	ruby	-103	-57	12	5	ordinary	4020	0	0	0	0	0	0
ACTION[Emerge-0]: GRUG_RESOURCE_AUDIT	ruby	-103	-56	12	5	ordinary	3933	1	1	1	0	0	1
ACTION[Emerge-0]: GRUG_RESOURCE_AUDIT	ruby	-103	-55	12	5	ordinary	4096	1	1	1	0	0	1
ACTION[Emerge-0]: GRUG_RESOURCE_AUDIT	ruby	-103	-54	12	5	ordinary	4096	1	1	1	0	0	1
ACTION[Emerge-0]: GRUG_RESOURCE_AUDIT	ruby	-103	-53	12	5	ordinary	4096	1	1	1	0	0	1
ACTION[Emerge-0]: GRUG_RESOURCE_AUDIT	silver	-107	-57	8	5	ordinary	4000	3	1	1	0	0	3
ACTION[Emerge-0]: GRUG_RESOURCE_AUDIT	silver	-107	-56	8	5	ordinary	4069	4	1	1	0	0	4
ACTION[Emerge-0]: GRUG_RESOURCE_AUDIT	silver	-107	-55	8	5	ordinary	2827	2	1	1	0	0	2
ACTION[Emerge-0]: GRUG_RESOURCE_AUDIT	silver	-107	-54	8	5	ordinary	4034	4	1	1	0	0	4
ACTION[Emerge-0]: GRUG_RESOURCE_AUDIT	silver	-107	-53	8	5	ordinary	4094	4	1	1	0	0	4
ACTION[Emerge-0]: GRUG_RESOURCE_AUDIT	silver	-106	-57	8	5	ordinary	4027	4	1	1	0	0	4
ACTION[Emerge-0]: GRUG_RESOURCE_AUDIT	silver	-106	-56	8	5	ordinary	4096	4	1	1	0	0	4
ACTION[Emerge-0]: GRUG_RESOURCE_AUDIT	silver	-106	-55	8	5	ordinary	3386	3	1	1	0	0	3
ACTION[Emerge-0]: GRUG_RESOURCE_AUDIT	silver	-106	-54	8	5	ordinary	4096	4	1	1	0	0	4
ACTION[Emerge-0]: GRUG_RESOURCE_AUDIT	silver	-106	-53	8	5	ordinary	3924	4	1	1	0	0	4
ACTION[Emerge-0]: GRUG_RESOURCE_AUDIT	silver	-105	-57	8	5	ordinary	4087	4	1	1	0	0	4
ACTION[Emerge-0]: GRUG_RESOURCE_AUDIT	silver	-105	-56	8	5	ordinary	4073	4	1	1	0	0	4
ACTION[Emerge-0]: GRUG_RESOURCE_AUDIT	silver	-105	-55	8	5	ordinary	3976	4	1	1	0	0	4
ACTION[Emerge-0]: GRUG_RESOURCE_AUDIT	silver	-105	-54	8	5	ordinary	3897	4	1	1	0	0	4
ACTION[Emerge-0]: GRUG_RESOURCE_AUDIT	silver	-105	-53	8	5	ordinary	3965	4	1	1	0	0	4
ACTION[Emerge-0]: GRUG_RESOURCE_AUDIT	silver	-104	-57	8	5	ordinary	4096	4	1	1	0	0	4
ACTION[Emerge-0]: GRUG_RESOURCE_AUDIT	silver	-104	-56	8	5	ordinary	4065	4	1	1	0	0	4
ACTION[Emerge-0]: GRUG_RESOURCE_AUDIT	silver	-104	-55	8	5	ordinary	3999	4	1	1	0	0	4
ACTION[Emerge-0]: GRUG_RESOURCE_AUDIT	silver	-104	-54	8	5	ordinary	3988	4	1	1	0	0	4
ACTION[Emerge-0]: GRUG_RESOURCE_AUDIT	silver	-104	-53	8	5	ordinary	3586	3	1	1	0	0	3
ACTION[Emerge-0]: GRUG_RESOURCE_AUDIT	silver	-103	-57	8	5	ordinary	3898	4	1	1	0	0	4
ACTION[Emerge-0]: GRUG_RESOURCE_AUDIT	silver	-103	-56	8	5	ordinary	4085	4	1	1	0	0	4
ACTION[Emerge-0]: GRUG_RESOURCE_AUDIT	silver	-103	-55	8	5	ordinary	2899	3	1	1	0	0	3
ACTION[Emerge-0]: GRUG_RESOURCE_AUDIT	silver	-103	-54	8	5	ordinary	3144	3	1	1	0	0	3
ACTION[Emerge-0]: GRUG_RESOURCE_AUDIT	silver	-103	-53	8	5	ordinary	3411	4	1	1	0	0	4
ACTION[Emerge-0]: GRUG_RESOURCE_AUDIT	silver	-107	-57	9	5	ordinary	4068	4	1	1	0	0	4
ACTION[Emerge-0]: GRUG_RESOURCE_AUDIT	silver	-107	-56	9	5	ordinary	4055	4	1	1	0	0	4
ACTION[Emerge-0]: GRUG_RESOURCE_AUDIT	silver	-107	-55	9	5	ordinary	3819	4	1	1	0	0	4
ACTION[Emerge-0]: GRUG_RESOURCE_AUDIT	silver	-107	-54	9	5	ordinary	4068	4	1	1	0	0	4
ACTION[Emerge-0]: GRUG_RESOURCE_AUDIT	silver	-107	-53	9	5	ordinary	4047	4	1	1	0	0	4
ACTION[Emerge-0]: GRUG_RESOURCE_AUDIT	silver	-106	-57	9	5	ordinary	3981	4	1	1	0	0	4
ACTION[Emerge-0]: GRUG_RESOURCE_AUDIT	silver	-106	-56	9	5	ordinary	4026	4	1	1	0	0	4
ACTION[Emerge-0]: GRUG_RESOURCE_AUDIT	silver	-106	-55	9	5	ordinary	3666	4	1	1	0	0	4
ACTION[Emerge-0]: GRUG_RESOURCE_AUDIT	silver	-106	-54	9	5	ordinary	4012	4	1	1	0	0	4
ACTION[Emerge-0]: GRUG_RESOURCE_AUDIT	silver	-106	-53	9	5	ordinary	3957	4	1	1	0	0	4
ACTION[Emerge-0]: GRUG_RESOURCE_AUDIT	silver	-105	-57	9	5	ordinary	4001	4	1	1	0	0	4
ACTION[Emerge-0]: GRUG_RESOURCE_AUDIT	silver	-105	-56	9	5	ordinary	4053	4	1	1	0	0	4
ACTION[Emerge-0]: GRUG_RESOURCE_AUDIT	silver	-105	-55	9	5	ordinary	3848	4	1	1	0	0	4
ACTION[Emerge-0]: GRUG_RESOURCE_AUDIT	silver	-105	-54	9	5	ordinary	3989	4	1	1	0	0	4
ACTION[Emerge-0]: GRUG_RESOURCE_AUDIT	silver	-105	-53	9	5	ordinary	3866	4	1	1	0	0	4
ACTION[Emerge-0]: GRUG_RESOURCE_AUDIT	silver	-104	-57	9	5	ordinary	4028	4	1	1	0	0	4
ACTION[Emerge-0]: GRUG_RESOURCE_AUDIT	silver	-104	-56	9	5	ordinary	3973	4	1	1	0	0	4
ACTION[Emerge-0]: GRUG_RESOURCE_AUDIT	silver	-104	-55	9	5	ordinary	3992	4	1	1	0	0	4
ACTION[Emerge-0]: GRUG_RESOURCE_AUDIT	silver	-104	-54	9	5	ordinary	4096	4	1	1	0	0	4
ACTION[Emerge-0]: GRUG_RESOURCE_AUDIT	silver	-104	-53	9	5	ordinary	3701	4	1	1	0	0	4
ACTION[Emerge-0]: GRUG_RESOURCE_AUDIT	silver	-103	-57	9	5	ordinary	4068	4	1	1	0	0	4
ACTION[Emerge-0]: GRUG_RESOURCE_AUDIT	silver	-103	-56	9	5	ordinary	4042	4	1	1	0	0	4
ACTION[Emerge-0]: GRUG_RESOURCE_AUDIT	silver	-103	-55	9	5	ordinary	3151	3	1	1	0	0	3
ACTION[Emerge-0]: GRUG_RESOURCE_AUDIT	silver	-103	-54	9	5	ordinary	3423	4	1	1	0	0	4
ACTION[Emerge-0]: GRUG_RESOURCE_AUDIT	silver	-103	-53	9	5	ordinary	4047	4	1	1	0	0	4
ACTION[Emerge-0]: GRUG_RESOURCE_AUDIT	silver	-107	-57	10	5	ordinary	3928	4	1	1	0	0	4
ACTION[Emerge-0]: GRUG_RESOURCE_AUDIT	silver	-107	-56	10	5	ordinary	3019	3	1	1	0	0	3
ACTION[Emerge-0]: GRUG_RESOURCE_AUDIT	silver	-107	-55	10	5	ordinary	3825	4	1	1	0	0	4
ACTION[Emerge-0]: GRUG_RESOURCE_AUDIT	silver	-107	-54	10	5	ordinary	4065	4	1	1	0	0	4
ACTION[Emerge-0]: GRUG_RESOURCE_AUDIT	silver	-107	-53	10	5	ordinary	3969	4	1	1	0	0	4
ACTION[Emerge-0]: GRUG_RESOURCE_AUDIT	silver	-106	-57	10	5	ordinary	4087	4	1	1	0	0	4
ACTION[Emerge-0]: GRUG_RESOURCE_AUDIT	silver	-106	-56	10	5	ordinary	4062	4	1	1	0	0	4
ACTION[Emerge-0]: GRUG_RESOURCE_AUDIT	silver	-106	-55	10	5	ordinary	4045	4	1	1	0	0	4
ACTION[Emerge-0]: GRUG_RESOURCE_AUDIT	silver	-106	-54	10	5	ordinary	4090	4	1	1	0	0	4
ACTION[Emerge-0]: GRUG_RESOURCE_AUDIT	silver	-106	-53	10	5	ordinary	4033	4	1	1	0	0	4
ACTION[Emerge-0]: GRUG_RESOURCE_AUDIT	silver	-105	-57	10	5	ordinary	4090	4	1	1	0	0	4
ACTION[Emerge-0]: GRUG_RESOURCE_AUDIT	silver	-105	-56	10	5	ordinary	4048	4	1	1	0	0	4
ACTION[Emerge-0]: GRUG_RESOURCE_AUDIT	silver	-105	-55	10	5	ordinary	3976	4	1	1	0	0	4
ACTION[Emerge-0]: GRUG_RESOURCE_AUDIT	silver	-105	-54	10	5	ordinary	4096	4	1	1	0	0	4
ACTION[Emerge-0]: GRUG_RESOURCE_AUDIT	silver	-105	-53	10	5	ordinary	4003	4	1	1	0	0	4
ACTION[Emerge-0]: GRUG_RESOURCE_AUDIT	silver	-104	-57	10	5	ordinary	4033	4	1	1	0	0	4
ACTION[Emerge-0]: GRUG_RESOURCE_AUDIT	silver	-104	-56	10	5	ordinary	4075	4	1	1	0	0	4
ACTION[Emerge-0]: GRUG_RESOURCE_AUDIT	silver	-104	-55	10	5	ordinary	4040	4	1	1	0	0	4
ACTION[Emerge-0]: GRUG_RESOURCE_AUDIT	silver	-104	-54	10	5	ordinary	3380	4	1	1	0	0	4
ACTION[Emerge-0]: GRUG_RESOURCE_AUDIT	silver	-104	-53	10	5	ordinary	3746	4	1	1	0	0	4
ACTION[Emerge-0]: GRUG_RESOURCE_AUDIT	silver	-103	-57	10	5	ordinary	4086	4	1	1	0	0	4
ACTION[Emerge-0]: GRUG_RESOURCE_AUDIT	silver	-103	-56	10	5	ordinary	4096	4	1	1	0	0	4
ACTION[Emerge-0]: GRUG_RESOURCE_AUDIT	silver	-103	-55	10	5	ordinary	3921	4	1	1	0	0	4
ACTION[Emerge-0]: GRUG_RESOURCE_AUDIT	silver	-103	-54	10	5	ordinary	3341	3	1	1	0	0	3
ACTION[Emerge-0]: GRUG_RESOURCE_AUDIT	silver	-103	-53	10	5	ordinary	3815	3	1	1	1	0	3
ACTION[Emerge-0]: GRUG_RESOURCE_AUDIT	silver	-107	-57	11	5	ordinary	3995	4	1	1	1	0	4
ACTION[Emerge-0]: GRUG_RESOURCE_AUDIT	silver	-107	-56	11	5	ordinary	3382	3	1	1	0	0	3
ACTION[Emerge-0]: GRUG_RESOURCE_AUDIT	silver	-107	-55	11	5	ordinary	4095	4	1	1	0	0	4
ACTION[Emerge-0]: GRUG_RESOURCE_AUDIT	silver	-107	-54	11	5	ordinary	3981	4	1	1	0	0	4
ACTION[Emerge-0]: GRUG_RESOURCE_AUDIT	silver	-107	-53	11	5	ordinary	3804	4	1	1	0	0	4
ACTION[Emerge-0]: GRUG_RESOURCE_AUDIT	silver	-106	-57	11	5	ordinary	4096	4	1	1	0	0	4
ACTION[Emerge-0]: GRUG_RESOURCE_AUDIT	silver	-106	-56	11	5	ordinary	4001	4	1	1	0	0	4
ACTION[Emerge-0]: GRUG_RESOURCE_AUDIT	silver	-106	-55	11	5	ordinary	4023	4	1	1	0	0	4
ACTION[Emerge-0]: GRUG_RESOURCE_AUDIT	silver	-106	-54	11	5	ordinary	4002	4	1	1	0	0	4
ACTION[Emerge-0]: GRUG_RESOURCE_AUDIT	silver	-106	-53	11	5	ordinary	4043	4	1	1	0	0	4
ACTION[Emerge-0]: GRUG_RESOURCE_AUDIT	silver	-105	-57	11	5	ordinary	4028	4	1	1	0	0	4
ACTION[Emerge-0]: GRUG_RESOURCE_AUDIT	silver	-105	-56	11	5	ordinary	3982	4	1	1	0	0	4
ACTION[Emerge-0]: GRUG_RESOURCE_AUDIT	silver	-105	-55	11	5	ordinary	3913	4	1	1	0	0	4
ACTION[Emerge-0]: GRUG_RESOURCE_AUDIT	silver	-105	-54	11	5	ordinary	4096	4	1	1	0	0	4
ACTION[Emerge-0]: GRUG_RESOURCE_AUDIT	silver	-105	-53	11	5	ordinary	4024	3	1	1	0	0	3
ACTION[Emerge-0]: GRUG_RESOURCE_AUDIT	silver	-104	-57	11	5	ordinary	3936	4	1	1	0	0	4
ACTION[Emerge-0]: GRUG_RESOURCE_AUDIT	silver	-104	-56	11	5	ordinary	3995	3	1	1	0	0	3
ACTION[Emerge-0]: GRUG_RESOURCE_AUDIT	silver	-104	-55	11	5	ordinary	3750	4	1	1	0	0	4
ACTION[Emerge-0]: GRUG_RESOURCE_AUDIT	silver	-104	-54	11	5	ordinary	3653	3	1	1	0	0	3
ACTION[Emerge-0]: GRUG_RESOURCE_AUDIT	silver	-104	-53	11	5	ordinary	3978	4	1	1	0	0	4
ACTION[Emerge-0]: GRUG_RESOURCE_AUDIT	silver	-103	-57	11	5	ordinary	4009	4	1	1	0	0	4
ACTION[Emerge-0]: GRUG_RESOURCE_AUDIT	silver	-103	-56	11	5	ordinary	4096	4	1	1	0	0	4
ACTION[Emerge-0]: GRUG_RESOURCE_AUDIT	silver	-103	-55	11	5	ordinary	3944	4	1	1	0	0	4
ACTION[Emerge-0]: GRUG_RESOURCE_AUDIT	silver	-103	-54	11	5	ordinary	3245	3	1	1	0	0	3
ACTION[Emerge-0]: GRUG_RESOURCE_AUDIT	silver	-103	-53	11	5	ordinary	3960	4	1	1	0	0	4
ACTION[Emerge-0]: GRUG_RESOURCE_AUDIT	silver	-107	-57	12	5	ordinary	4091	4	1	1	0	0	4
ACTION[Emerge-0]: GRUG_RESOURCE_AUDIT	silver	-107	-56	12	5	ordinary	4052	4	1	1	0	0	4
ACTION[Emerge-0]: GRUG_RESOURCE_AUDIT	silver	-107	-55	12	5	ordinary	4065	3	1	1	0	0	3
ACTION[Emerge-0]: GRUG_RESOURCE_AUDIT	silver	-107	-54	12	5	ordinary	4096	4	1	1	0	0	4
ACTION[Emerge-0]: GRUG_RESOURCE_AUDIT	silver	-107	-53	12	5	ordinary	4071	4	1	1	0	0	4
ACTION[Emerge-0]: GRUG_RESOURCE_AUDIT	silver	-106	-57	12	5	ordinary	4027	4	1	1	0	0	4
ACTION[Emerge-0]: GRUG_RESOURCE_AUDIT	silver	-106	-56	12	5	ordinary	3825	3	1	1	0	0	3
ACTION[Emerge-0]: GRUG_RESOURCE_AUDIT	silver	-106	-55	12	5	ordinary	3957	4	1	1	0	0	4
ACTION[Emerge-0]: GRUG_RESOURCE_AUDIT	silver	-106	-54	12	5	ordinary	4096	4	1	1	0	0	4
ACTION[Emerge-0]: GRUG_RESOURCE_AUDIT	silver	-106	-53	12	5	ordinary	4002	4	1	1	0	0	4
ACTION[Emerge-0]: GRUG_RESOURCE_AUDIT	silver	-105	-57	12	5	ordinary	4017	4	1	1	0	0	4
ACTION[Emerge-0]: GRUG_RESOURCE_AUDIT	silver	-105	-56	12	5	ordinary	3670	3	1	1	0	0	3
ACTION[Emerge-0]: GRUG_RESOURCE_AUDIT	silver	-105	-55	12	5	ordinary	4004	4	1	1	0	0	4
ACTION[Emerge-0]: GRUG_RESOURCE_AUDIT	silver	-105	-54	12	5	ordinary	4021	4	1	1	0	0	4
ACTION[Emerge-0]: GRUG_RESOURCE_AUDIT	silver	-105	-53	12	5	ordinary	4077	4	1	1	0	0	4
ACTION[Emerge-0]: GRUG_RESOURCE_AUDIT	silver	-104	-57	12	5	ordinary	4007	4	1	1	0	0	4
ACTION[Emerge-0]: GRUG_RESOURCE_AUDIT	silver	-104	-56	12	5	ordinary	3994	4	1	1	0	0	4
ACTION[Emerge-0]: GRUG_RESOURCE_AUDIT	silver	-104	-55	12	5	ordinary	4096	4	1	1	0	0	4
ACTION[Emerge-0]: GRUG_RESOURCE_AUDIT	silver	-104	-54	12	5	ordinary	3942	4	1	1	0	0	4
ACTION[Emerge-0]: GRUG_RESOURCE_AUDIT	silver	-104	-53	12	5	ordinary	4096	4	1	1	0	0	4
ACTION[Emerge-0]: GRUG_RESOURCE_AUDIT	silver	-103	-57	12	5	ordinary	4020	4	1	1	0	0	4
ACTION[Emerge-0]: GRUG_RESOURCE_AUDIT	silver	-103	-56	12	5	ordinary	3933	3	1	1	0	0	3
ACTION[Emerge-0]: GRUG_RESOURCE_AUDIT	silver	-103	-55	12	5	ordinary	4096	4	1	1	0	0	4
ACTION[Emerge-0]: GRUG_RESOURCE_AUDIT	silver	-103	-54	12	5	ordinary	4096	4	1	1	0	0	4
ACTION[Emerge-0]: GRUG_RESOURCE_AUDIT	silver	-103	-53	12	5	ordinary	4096	4	1	1	0	0	4
ACTION[Emerge-0]: GRUG_RESOURCE_AUDIT	tin	-107	-57	8	5	ordinary	4000	11	2	2	0	0	11
ACTION[Emerge-0]: GRUG_RESOURCE_AUDIT	tin	-107	-56	8	5	ordinary	4069	11	2	2	0	0	11
ACTION[Emerge-0]: GRUG_RESOURCE_AUDIT	tin	-107	-55	8	5	ordinary	2827	7	1	1	0	0	7
ACTION[Emerge-0]: GRUG_RESOURCE_AUDIT	tin	-107	-54	8	5	ordinary	4034	11	2	2	0	0	11
ACTION[Emerge-0]: GRUG_RESOURCE_AUDIT	tin	-107	-53	8	5	ordinary	4094	10	2	2	0	0	10
ACTION[Emerge-0]: GRUG_RESOURCE_AUDIT	tin	-106	-57	8	5	ordinary	4027	11	2	2	0	0	11
ACTION[Emerge-0]: GRUG_RESOURCE_AUDIT	tin	-106	-56	8	5	ordinary	4096	11	2	2	0	0	11
ACTION[Emerge-0]: GRUG_RESOURCE_AUDIT	tin	-106	-55	8	5	ordinary	3386	8	1	1	0	0	8
ACTION[Emerge-0]: GRUG_RESOURCE_AUDIT	tin	-106	-54	8	5	ordinary	4096	11	2	2	0	0	11
ACTION[Emerge-0]: GRUG_RESOURCE_AUDIT	tin	-106	-53	8	5	ordinary	3924	10	2	2	0	0	10
ACTION[Emerge-0]: GRUG_RESOURCE_AUDIT	tin	-105	-57	8	5	ordinary	4087	10	2	2	0	0	10
ACTION[Emerge-0]: GRUG_RESOURCE_AUDIT	tin	-105	-56	8	5	ordinary	4073	11	2	2	0	0	11
ACTION[Emerge-0]: GRUG_RESOURCE_AUDIT	tin	-105	-55	8	5	ordinary	3976	10	2	2	0	0	10
ACTION[Emerge-0]: GRUG_RESOURCE_AUDIT	tin	-105	-54	8	5	ordinary	3897	10	2	2	0	0	10
ACTION[Emerge-0]: GRUG_RESOURCE_AUDIT	tin	-105	-53	8	5	ordinary	3965	10	2	2	0	0	10
ACTION[Emerge-0]: GRUG_RESOURCE_AUDIT	tin	-104	-57	8	5	ordinary	4096	11	2	2	0	0	11
ACTION[Emerge-0]: GRUG_RESOURCE_AUDIT	tin	-104	-56	8	5	ordinary	4065	10	2	2	0	0	10
ACTION[Emerge-0]: GRUG_RESOURCE_AUDIT	tin	-104	-55	8	5	ordinary	3999	10	2	2	0	0	10
ACTION[Emerge-0]: GRUG_RESOURCE_AUDIT	tin	-104	-54	8	5	ordinary	3988	10	2	2	0	0	10
ACTION[Emerge-0]: GRUG_RESOURCE_AUDIT	tin	-104	-53	8	5	ordinary	3586	9	2	2	0	0	9
ACTION[Emerge-0]: GRUG_RESOURCE_AUDIT	tin	-103	-57	8	5	ordinary	3898	10	2	2	0	0	10
ACTION[Emerge-0]: GRUG_RESOURCE_AUDIT	tin	-103	-56	8	5	ordinary	4085	11	2	2	0	0	11
ACTION[Emerge-0]: GRUG_RESOURCE_AUDIT	tin	-103	-55	8	5	ordinary	2899	7	1	1	0	0	7
ACTION[Emerge-0]: GRUG_RESOURCE_AUDIT	tin	-103	-54	8	5	ordinary	3144	8	1	1	0	0	8
ACTION[Emerge-0]: GRUG_RESOURCE_AUDIT	tin	-103	-53	8	5	ordinary	3411	9	2	2	0	0	9
ACTION[Emerge-0]: GRUG_RESOURCE_AUDIT	tin	-107	-57	9	5	ordinary	4068	10	2	2	0	0	10
ACTION[Emerge-0]: GRUG_RESOURCE_AUDIT	tin	-107	-56	9	5	ordinary	4055	10	2	2	0	0	10
ACTION[Emerge-0]: GRUG_RESOURCE_AUDIT	tin	-107	-55	9	5	ordinary	3819	10	2	2	0	0	10
ACTION[Emerge-0]: GRUG_RESOURCE_AUDIT	tin	-107	-54	9	5	ordinary	4068	10	2	2	0	0	10
ACTION[Emerge-0]: GRUG_RESOURCE_AUDIT	tin	-107	-53	9	5	ordinary	4047	11	2	2	0	0	11
ACTION[Emerge-0]: GRUG_RESOURCE_AUDIT	tin	-106	-57	9	5	ordinary	3981	10	2	2	0	0	10
ACTION[Emerge-0]: GRUG_RESOURCE_AUDIT	tin	-106	-56	9	5	ordinary	4026	10	2	2	0	0	10
ACTION[Emerge-0]: GRUG_RESOURCE_AUDIT	tin	-106	-55	9	5	ordinary	3666	9	2	2	0	0	9
ACTION[Emerge-0]: GRUG_RESOURCE_AUDIT	tin	-106	-54	9	5	ordinary	4012	10	2	2	0	0	10
ACTION[Emerge-0]: GRUG_RESOURCE_AUDIT	tin	-106	-53	9	5	ordinary	3957	11	2	2	0	0	11
ACTION[Emerge-0]: GRUG_RESOURCE_AUDIT	tin	-105	-57	9	5	ordinary	4001	10	2	2	0	0	10
ACTION[Emerge-0]: GRUG_RESOURCE_AUDIT	tin	-105	-56	9	5	ordinary	4053	10	2	2	0	0	10
ACTION[Emerge-0]: GRUG_RESOURCE_AUDIT	tin	-105	-55	9	5	ordinary	3848	10	2	2	0	0	10
ACTION[Emerge-0]: GRUG_RESOURCE_AUDIT	tin	-105	-54	9	5	ordinary	3989	10	2	2	0	0	10
ACTION[Emerge-0]: GRUG_RESOURCE_AUDIT	tin	-105	-53	9	5	ordinary	3866	10	2	2	0	0	10
ACTION[Emerge-0]: GRUG_RESOURCE_AUDIT	tin	-104	-57	9	5	ordinary	4028	10	2	2	0	0	10
ACTION[Emerge-0]: GRUG_RESOURCE_AUDIT	tin	-104	-56	9	5	ordinary	3973	10	2	2	0	0	10
ACTION[Emerge-0]: GRUG_RESOURCE_AUDIT	tin	-104	-55	9	5	ordinary	3992	10	2	2	0	0	10
ACTION[Emerge-0]: GRUG_RESOURCE_AUDIT	tin	-104	-54	9	5	ordinary	4096	11	2	2	0	0	11
ACTION[Emerge-0]: GRUG_RESOURCE_AUDIT	tin	-104	-53	9	5	ordinary	3701	9	2	2	0	0	9
ACTION[Emerge-0]: GRUG_RESOURCE_AUDIT	tin	-103	-57	9	5	ordinary	4068	11	2	2	0	0	11
ACTION[Emerge-0]: GRUG_RESOURCE_AUDIT	tin	-103	-56	9	5	ordinary	4042	10	2	2	0	0	10
ACTION[Emerge-0]: GRUG_RESOURCE_AUDIT	tin	-103	-55	9	5	ordinary	3151	8	1	1	0	0	8
ACTION[Emerge-0]: GRUG_RESOURCE_AUDIT	tin	-103	-54	9	5	ordinary	3423	9	2	2	0	0	9
ACTION[Emerge-0]: GRUG_RESOURCE_AUDIT	tin	-103	-53	9	5	ordinary	4047	11	2	2	0	0	11
ACTION[Emerge-0]: GRUG_RESOURCE_AUDIT	tin	-107	-57	10	5	ordinary	3928	10	2	2	0	0	10
ACTION[Emerge-0]: GRUG_RESOURCE_AUDIT	tin	-107	-56	10	5	ordinary	3019	7	1	1	0	0	7
ACTION[Emerge-0]: GRUG_RESOURCE_AUDIT	tin	-107	-55	10	5	ordinary	3825	10	2	2	0	0	10
ACTION[Emerge-0]: GRUG_RESOURCE_AUDIT	tin	-107	-54	10	5	ordinary	4065	10	2	2	0	0	10
ACTION[Emerge-0]: GRUG_RESOURCE_AUDIT	tin	-107	-53	10	5	ordinary	3969	10	2	2	1	0	10
ACTION[Emerge-0]: GRUG_RESOURCE_AUDIT	tin	-106	-57	10	5	ordinary	4087	10	2	2	0	0	10
ACTION[Emerge-0]: GRUG_RESOURCE_AUDIT	tin	-106	-56	10	5	ordinary	4062	10	2	2	0	0	10
ACTION[Emerge-0]: GRUG_RESOURCE_AUDIT	tin	-106	-55	10	5	ordinary	4045	11	2	2	0	0	11
ACTION[Emerge-0]: GRUG_RESOURCE_AUDIT	tin	-106	-54	10	5	ordinary	4090	11	2	2	0	0	11
ACTION[Emerge-0]: GRUG_RESOURCE_AUDIT	tin	-106	-53	10	5	ordinary	4033	11	2	2	0	0	11
ACTION[Emerge-0]: GRUG_RESOURCE_AUDIT	tin	-105	-57	10	5	ordinary	4090	11	2	2	0	0	11
ACTION[Emerge-0]: GRUG_RESOURCE_AUDIT	tin	-105	-56	10	5	ordinary	4048	11	2	2	0	0	11
ACTION[Emerge-0]: GRUG_RESOURCE_AUDIT	tin	-105	-55	10	5	ordinary	3976	10	2	2	0	0	10
ACTION[Emerge-0]: GRUG_RESOURCE_AUDIT	tin	-105	-54	10	5	ordinary	4096	11	2	2	0	0	11
ACTION[Emerge-0]: GRUG_RESOURCE_AUDIT	tin	-105	-53	10	5	ordinary	4003	11	2	2	0	0	11
ACTION[Emerge-0]: GRUG_RESOURCE_AUDIT	tin	-104	-57	10	5	ordinary	4033	11	2	2	0	0	11
ACTION[Emerge-0]: GRUG_RESOURCE_AUDIT	tin	-104	-56	10	5	ordinary	4075	10	2	2	0	0	10
ACTION[Emerge-0]: GRUG_RESOURCE_AUDIT	tin	-104	-55	10	5	ordinary	4040	10	2	2	0	0	10
ACTION[Emerge-0]: GRUG_RESOURCE_AUDIT	tin	-104	-54	10	5	ordinary	3380	9	2	2	0	0	9
ACTION[Emerge-0]: GRUG_RESOURCE_AUDIT	tin	-104	-53	10	5	ordinary	3746	9	2	2	0	0	9
ACTION[Emerge-0]: GRUG_RESOURCE_AUDIT	tin	-103	-57	10	5	ordinary	4086	10	2	2	0	0	10
ACTION[Emerge-0]: GRUG_RESOURCE_AUDIT	tin	-103	-56	10	5	ordinary	4096	10	2	2	0	0	10
ACTION[Emerge-0]: GRUG_RESOURCE_AUDIT	tin	-103	-55	10	5	ordinary	3921	10	2	2	0	0	10
ACTION[Emerge-0]: GRUG_RESOURCE_AUDIT	tin	-103	-54	10	5	ordinary	3341	8	1	1	0	0	8
ACTION[Emerge-0]: GRUG_RESOURCE_AUDIT	tin	-103	-53	10	5	ordinary	3815	9	2	2	0	0	9
ACTION[Emerge-0]: GRUG_RESOURCE_AUDIT	tin	-107	-57	11	5	ordinary	3995	10	2	2	0	0	10
ACTION[Emerge-0]: GRUG_RESOURCE_AUDIT	tin	-107	-56	11	5	ordinary	3382	9	2	2	0	0	9
ACTION[Emerge-0]: GRUG_RESOURCE_AUDIT	tin	-107	-55	11	5	ordinary	4095	11	2	2	0	0	11
ACTION[Emerge-0]: GRUG_RESOURCE_AUDIT	tin	-107	-54	11	5	ordinary	3981	11	2	2	0	0	11
ACTION[Emerge-0]: GRUG_RESOURCE_AUDIT	tin	-107	-53	11	5	ordinary	3804	10	2	2	0	0	10
ACTION[Emerge-0]: GRUG_RESOURCE_AUDIT	tin	-106	-57	11	5	ordinary	4096	11	2	2	0	0	11
ACTION[Emerge-0]: GRUG_RESOURCE_AUDIT	tin	-106	-56	11	5	ordinary	4001	10	2	2	1	0	10
ACTION[Emerge-0]: GRUG_RESOURCE_AUDIT	tin	-106	-55	11	5	ordinary	4023	10	2	2	0	0	10
ACTION[Emerge-0]: GRUG_RESOURCE_AUDIT	tin	-106	-54	11	5	ordinary	4002	11	2	2	0	0	11
ACTION[Emerge-0]: GRUG_RESOURCE_AUDIT	tin	-106	-53	11	5	ordinary	4043	10	2	2	0	0	10
ACTION[Emerge-0]: GRUG_RESOURCE_AUDIT	tin	-105	-57	11	5	ordinary	4028	10	2	2	0	0	10
ACTION[Emerge-0]: GRUG_RESOURCE_AUDIT	tin	-105	-56	11	5	ordinary	3982	10	2	2	0	0	10
ACTION[Emerge-0]: GRUG_RESOURCE_AUDIT	tin	-105	-55	11	5	ordinary	3913	10	2	2	1	0	10
ACTION[Emerge-0]: GRUG_RESOURCE_AUDIT	tin	-105	-54	11	5	ordinary	4096	11	2	2	0	0	11
ACTION[Emerge-0]: GRUG_RESOURCE_AUDIT	tin	-105	-53	11	5	ordinary	4024	10	2	2	1	0	10
ACTION[Emerge-0]: GRUG_RESOURCE_AUDIT	tin	-104	-57	11	5	ordinary	3936	10	2	2	0	0	10
ACTION[Emerge-0]: GRUG_RESOURCE_AUDIT	tin	-104	-56	11	5	ordinary	3995	10	2	2	0	0	10
ACTION[Emerge-0]: GRUG_RESOURCE_AUDIT	tin	-104	-55	11	5	ordinary	3750	10	2	2	0	0	10
ACTION[Emerge-0]: GRUG_RESOURCE_AUDIT	tin	-104	-54	11	5	ordinary	3653	10	2	2	0	0	10
ACTION[Emerge-0]: GRUG_RESOURCE_AUDIT	tin	-104	-53	11	5	ordinary	3978	11	2	2	0	0	11
ACTION[Emerge-0]: GRUG_RESOURCE_AUDIT	tin	-103	-57	11	5	ordinary	4009	10	2	2	0	0	10
ACTION[Emerge-0]: GRUG_RESOURCE_AUDIT	tin	-103	-56	11	5	ordinary	4096	11	2	2	0	0	11
ACTION[Emerge-0]: GRUG_RESOURCE_AUDIT	tin	-103	-55	11	5	ordinary	3944	10	2	2	0	0	10
ACTION[Emerge-0]: GRUG_RESOURCE_AUDIT	tin	-103	-54	11	5	ordinary	3245	9	2	2	0	0	9
ACTION[Emerge-0]: GRUG_RESOURCE_AUDIT	tin	-103	-53	11	5	ordinary	3960	10	2	2	0	0	10
ACTION[Emerge-0]: GRUG_RESOURCE_AUDIT	tin	-107	-57	12	5	ordinary	4091	10	2	2	0	0	10
ACTION[Emerge-0]: GRUG_RESOURCE_AUDIT	tin	-107	-56	12	5	ordinary	4052	11	2	2	1	0	11
ACTION[Emerge-0]: GRUG_RESOURCE_AUDIT	tin	-107	-55	12	5	ordinary	4065	11	2	2	0	0	11
ACTION[Emerge-0]: GRUG_RESOURCE_AUDIT	tin	-107	-54	12	5	ordinary	4096	10	2	2	0	0	10
ACTION[Emerge-0]: GRUG_RESOURCE_AUDIT	tin	-107	-53	12	5	ordinary	4071	10	2	2	0	0	10
ACTION[Emerge-0]: GRUG_RESOURCE_AUDIT	tin	-106	-57	12	5	ordinary	4027	10	2	2	0	0	10
ACTION[Emerge-0]: GRUG_RESOURCE_AUDIT	tin	-106	-56	12	5	ordinary	3825	10	2	2	0	0	10
ACTION[Emerge-0]: GRUG_RESOURCE_AUDIT	tin	-106	-55	12	5	ordinary	3957	10	2	2	0	0	10
ACTION[Emerge-0]: GRUG_RESOURCE_AUDIT	tin	-106	-54	12	5	ordinary	4096	11	2	2	1	0	11
ACTION[Emerge-0]: GRUG_RESOURCE_AUDIT	tin	-106	-53	12	5	ordinary	4002	10	2	2	0	0	10
ACTION[Emerge-0]: GRUG_RESOURCE_AUDIT	tin	-105	-57	12	5	ordinary	4017	11	2	2	0	0	11
ACTION[Emerge-0]: GRUG_RESOURCE_AUDIT	tin	-105	-56	12	5	ordinary	3670	10	2	2	0	0	10
ACTION[Emerge-0]: GRUG_RESOURCE_AUDIT	tin	-105	-55	12	5	ordinary	4004	10	2	2	0	0	10
ACTION[Emerge-0]: GRUG_RESOURCE_AUDIT	tin	-105	-54	12	5	ordinary	4021	10	2	2	0	0	10
ACTION[Emerge-0]: GRUG_RESOURCE_AUDIT	tin	-105	-53	12	5	ordinary	4077	11	2	2	0	0	11
ACTION[Emerge-0]: GRUG_RESOURCE_AUDIT	tin	-104	-57	12	5	ordinary	4007	11	2	2	0	0	11
ACTION[Emerge-0]: GRUG_RESOURCE_AUDIT	tin	-104	-56	12	5	ordinary	3994	11	2	2	0	0	11
ACTION[Emerge-0]: GRUG_RESOURCE_AUDIT	tin	-104	-55	12	5	ordinary	4096	10	2	2	0	0	10
ACTION[Emerge-0]: GRUG_RESOURCE_AUDIT	tin	-104	-54	12	5	ordinary	3942	11	2	2	0	0	11
ACTION[Emerge-0]: GRUG_RESOURCE_AUDIT	tin	-104	-53	12	5	ordinary	4096	10	2	2	0	0	10
ACTION[Emerge-0]: GRUG_RESOURCE_AUDIT	tin	-103	-57	12	5	ordinary	4020	11	2	2	0	0	11
ACTION[Emerge-0]: GRUG_RESOURCE_AUDIT	tin	-103	-56	12	5	ordinary	3933	10	2	2	1	0	10
ACTION[Emerge-0]: GRUG_RESOURCE_AUDIT	tin	-103	-55	12	5	ordinary	4096	11	2	2	0	0	11
ACTION[Emerge-0]: GRUG_RESOURCE_AUDIT	tin	-103	-54	12	5	ordinary	4096	11	2	2	0	0	11
ACTION[Emerge-0]: GRUG_RESOURCE_AUDIT	tin	-103	-53	12	5	ordinary	4096	10	2	2	0	0	10
ACTION[Emerge-0]: GRUG_WP40_PROFILE_CALLBACK callback=10 minp=-1712,-912,128 maxp=-1633,-833,207 blockseed=3960536441 plan_us=529899 writer_us=6288637 total_us=6818536 columns=6400 candidate_cells=49 candidates=213 r5_runs=0 result=applied_c vm_get_emerged_area_calls=1 vm_get_emerged_area_us=3 vm_get_data_calls=1 vm_get_data_us=4135 vm_get_param2_data_calls=1 vm_get_param2_data_us=4088 vm_get_light_data_calls=0 vm_get_light_data_us=0 vm_set_data_calls=1 vm_set_data_us=7292 vm_set_param2_data_calls=0 vm_set_param2_data_us=0 vm_set_lighting_calls=0 vm_set_lighting_us=0 vm_calc_lighting_calls=0 vm_calc_lighting_us=0 vm_set_light_data_calls=0 vm_set_light_data_us=0 vm_update_liquids_calls=0 vm_update_liquids_us=0
ACTION[Emerge-0]: GRUG_WP40_PROFILE_PROBE phase=cold event=emerge case=deep_cross_border mapchunk=-1712,-912,128 elapsed_us=6855805 generated=1 disk=0 memory=124 cancelled=0 errored=0
ACTION[Server]: GRUG_WP40_PROFILE_PROBE phase=cold event=normalized_owner case=pine_hearthpine_center normalized=28ce071c3dc0fac024d080c1f7cb86bcf0ace778bb3e86232b7b74fe8eb28256 param2=a3e59e9470b32c661d8e641ab11759a5667037f4d3d8256be466615875d4f918 light=dde920cbf67f21c2b96e5f22b206c310651d010b92d5fd743067a280dd07e0f7
ACTION[Server]: GRUG_WP40_PROFILE_PROBE phase=cold event=normalized_owner case=pine_hearthpine_east normalized=e68f724a534136755c247c45caa194fa84d0dd6883b443458f45bf25cc501a8b param2=a3e59e9470b32c661d8e641ab11759a5667037f4d3d8256be466615875d4f918 light=729c95b834fc7008e776e9a3b0ccd5fe09dc1083b5f303b74547cbeb2d551e7b
ACTION[Server]: GRUG_WP40_PROFILE_PROBE phase=cold event=normalized_owner case=pine_hearthpine_south normalized=5ccd6401ed4ff361dc28eb24beb6dea284cf8b241ba90a9b304fc138ef2892f7 param2=a3e59e9470b32c661d8e641ab11759a5667037f4d3d8256be466615875d4f918 light=ba2708132e6a23a61c00764b276d98effe63afd96e501332bfdb8287cc69aa56
ACTION[Server]: GRUG_WP40_PROFILE_PROBE phase=cold event=normalized_owner case=human_capital normalized=f1bdce7ae97dcdadd63f25b0eb48409fda537ffcf019948351b40c670d715c56 param2=a3e59e9470b32c661d8e641ab11759a5667037f4d3d8256be466615875d4f918 light=8bbdd32c48a21459cbe9018251dfbab609447fa5be194a90f75bd6ef015c4fdc
ACTION[Server]: GRUG_WP40_PROFILE_PROBE phase=cold event=normalized_owner case=elandor_front normalized=5226a6c3d93660c0d50b5ed25301fde56e9c5faf6db0ec3372934ece81555de2 param2=cab4eaf19dd5e8f853f2f55ca9c80f757efd7769e4f4e3ed21a49bb3a834e60d light=229de656dfd6c63a3c5d6e2dc07429d420e4a70409504c46b61ed32a40417421
ACTION[Server]: GRUG_WP40_PROFILE_PROBE phase=cold event=ore_count case=broken_causeway resource=coal nodes=405
ACTION[Server]: GRUG_WP40_PROFILE_PROBE phase=cold event=ore_count case=broken_causeway resource=copper nodes=198
ACTION[Server]: GRUG_WP40_PROFILE_PROBE phase=cold event=ore_count case=broken_causeway resource=iron nodes=401
ACTION[Server]: GRUG_WP40_PROFILE_PROBE phase=cold event=ore_count case=broken_causeway resource=quartz nodes=201
ACTION[Server]: GRUG_WP40_PROFILE_PROBE phase=cold event=ore_count case=broken_causeway resource=tin nodes=133
ACTION[Server]: GRUG_WP40_PROFILE_PROBE phase=cold event=normalized_owner case=broken_causeway normalized=93d25e9c80bc3c74dbb648aedf35c92a5ba9c9004bd7e4207bbceea065b3cd6e param2=bd0c7b68379ccc537108dcead462919ec7a4c0108dbed31fb80562e738fb9e65 light=89a1a204b84c1490fb821ca74a686176b78370f64a195f9c6d292bbf88703b39
ACTION[Server]: GRUG_WP40_PROFILE_PROBE phase=cold event=ore_count case=whitebridge resource=coal nodes=1748
ACTION[Server]: GRUG_WP40_PROFILE_PROBE phase=cold event=ore_count case=whitebridge resource=copper nodes=880
ACTION[Server]: GRUG_WP40_PROFILE_PROBE phase=cold event=ore_count case=whitebridge resource=iron nodes=1749
ACTION[Server]: GRUG_WP40_PROFILE_PROBE phase=cold event=ore_count case=whitebridge resource=quartz nodes=873
ACTION[Server]: GRUG_WP40_PROFILE_PROBE phase=cold event=ore_count case=whitebridge resource=tin nodes=581
ACTION[Server]: GRUG_WP40_PROFILE_PROBE phase=cold event=normalized_owner case=whitebridge normalized=1e74f58150bd16af82c9920b2a1bcd2473130eb553d6c970e9f3416250c18620 param2=a3e59e9470b32c661d8e641ab11759a5667037f4d3d8256be466615875d4f918 light=89d2ca1757916e39999572e54581a4e2705e7b5aa80bfe94f272f3c474d09b82
ACTION[Server]: GRUG_WP40_PROFILE_PROBE phase=cold event=normalized_owner case=wyrmglass_channel normalized=7f7b9e9ce831ca2648851028a0ff39a321cf01c7fb15cedcb9958c1275609a8a param2=a3e59e9470b32c661d8e641ab11759a5667037f4d3d8256be466615875d4f918 light=001b3a607b566ede3a972efd036bb726cc264e5554654f6b8d65d8bcd4ef631a
ACTION[Server]: GRUG_WP40_PROFILE_PROBE phase=cold event=normalized_owner case=wyrmglass_island normalized=0e34b0dbc645fd4385f967885292322e1814d9117aea3046f14cbc0e6548c535 param2=a3e59e9470b32c661d8e641ab11759a5667037f4d3d8256be466615875d4f918 light=af4429cddeef432df121fbedef8d57465fb147fe9174f4cf9bc34313a0b934f3
ACTION[Server]: GRUG_WP40_PROFILE_PROBE phase=cold event=ore_count case=deep_cross_border resource=abyssal_crystal nodes=241
ACTION[Server]: GRUG_WP40_PROFILE_PROBE phase=cold event=ore_count case=deep_cross_border resource=citrine nodes=162
ACTION[Server]: GRUG_WP40_PROFILE_PROBE phase=cold event=ore_count case=deep_cross_border resource=coal nodes=3829
ACTION[Server]: GRUG_WP40_PROFILE_PROBE phase=cold event=ore_count case=deep_cross_border resource=copper nodes=1917
ACTION[Server]: GRUG_WP40_PROFILE_PROBE phase=cold event=ore_count case=deep_cross_border resource=emberglass nodes=236
ACTION[Server]: GRUG_WP40_PROFILE_PROBE phase=cold event=ore_count case=deep_cross_border resource=gold nodes=477
ACTION[Server]: GRUG_WP40_PROFILE_PROBE phase=cold event=ore_count case=deep_cross_border resource=iron nodes=3832
ACTION[Server]: GRUG_WP40_PROFILE_PROBE phase=cold event=ore_count case=deep_cross_border resource=quartz nodes=1914
ACTION[Server]: GRUG_WP40_PROFILE_PROBE phase=cold event=ore_count case=deep_cross_border resource=ruby nodes=80
ACTION[Server]: GRUG_WP40_PROFILE_PROBE phase=cold event=ore_count case=deep_cross_border resource=silver nodes=480
ACTION[Server]: GRUG_WP40_PROFILE_PROBE phase=cold event=ore_count case=deep_cross_border resource=tin nodes=1263
ACTION[Server]: GRUG_WP40_PROFILE_PROBE phase=cold event=normalized_owner case=deep_cross_border normalized=2d159f05ee85573f8ff256890fe89a4ed5290028ca469e196eada202f1da1f48 param2=bd7c6e544012fb5d9e547186f372c0f60a9f5e65bc9b37959e30986d42b982ec light=cce37d5a4ca03740e032a9ed5d125d13ec539ead957cc606594d5956725d49d9
ACTION[Server]: GRUG_WP40_PROFILE_PROBE phase=cold event=complete requested=10 completed=10 callbacks=10 generated=10 disk=0 memory=1240 cancelled=0 errored=0 samples=370 expected_nodes=0 digest=b0c8d9527473a99e356139f5bb7bd84d510f67f1daf7f916e7cabe4add4fbe64 full_digest=0104d96f7464b82c1862e5d178b9b5a93dd2747faa0b5da319df166d4eb2f6fe full_vocabulary_digest=b91b8197fb574561aa33c8cc7c56d3e935d9d4842f99019afc713a8bc5f56c22 full_voxels=5120000 measured_elapsed_us=22808367 diagnostic_us=819260
ACTION[Main]: Server: Shutting down
