

-------------
  Separator
-------------

INFO[Main]: Gettext: domainname="luanti" path="/app/share/locale"
INFO[Main]: Message locale is now set to: C
INFO[Main]: Using commanded gameid [grudgelands]
INFO[Main]: Server created for gameid "grudgelands"
INFO[Main]: - world:  /tmp/grudgelands-wp40-profile-run.XXfVFBBb/world
INFO[Main]: - game:   /tmp/grudgelands-wp40-profile-run.XXfVFBBb/user/games/grudgelands
INFO[Main]: Initializing world at /tmp/grudgelands-wp40-profile-run.XXfVFBBb/world
INFO[Main]: ObjDefManager: added biome: name="default" index=0 uid=54
INFO[Main]: BanManager: loading from /tmp/grudgelands-wp40-profile-run.XXfVFBBb/world/ipban.txt
INFO[Main]: BanManager: creating /tmp/grudgelands-wp40-profile-run.XXfVFBBb/world/ipban.txt
WARNING[Main]: /!\ You are using the old mod storage files backend. This backend is deprecated and may be removed in a future release /!\
WARNING[Main]: Switching to SQLite3 is advised, please read https://docs.luanti.org/for-server-hosts/database-backends.
INFO[Main]: Creating map database with backend "sqlite3"
INFO[Main]: MapDatabaseSQLite3: split column format = yes
INFO[Main]: ServerMap: Metadata loaded from /tmp/grudgelands-wp40-profile-run.XXfVFBBb/world
INFO[Main]: Server: Initializing Lua
INFO[Main]: SCRIPTAPI: Initialized game modules
INFO[Main]: Server: Loading mods: sfinv creative player_api default walls vessels grug_brewing stairs mobs grug_trees grug_materials grug_smelting grug_nodes grug_gear grug_decor doors xpanes grug_core grug_xp grug_money grug_gathering dye wool beds grug_mapgen grug_w
INFO[Main]: p40_profile_probe grug_factions grug_classes grug_visuals grug_mobs grug_projectiles grug_abilities grug_fishing grug_food grug_inventory grug_trinkets grug_traders grug_jobs grug_quality grug_professions grug_artisans grug_mounts grug_cooking grug_farming
INFO[Main]:  grug_alchemy 
INFO[Main]: Mod "sfinv" loaded after 1 ms
INFO[Main]: Server creating detached inventory "trash"
INFO[Main]: Mod "creative" loaded after 0 ms
INFO[Main]: Mod "player_api" loaded after 0 ms
INFO[Main]: Mod "default" loaded after 4 ms
INFO[Main]: Mod "walls" loaded after 1 ms
INFO[Main]: Mod "vessels" loaded after 0 ms
INFO[Main]: Mod "grug_brewing" loaded after 0 ms
INFO[Main]: Mod "stairs" loaded after 5 ms
INFO[Main]: Mod "mobs" loaded after 2 ms
INFO[Main]: ObjDefManager: added schematic: name="" index=0 uid=3
INFO[Main]: ObjDefManager: added schematic: name="" index=1 uid=124
INFO[Main]: ObjDefManager: added schematic: name="" index=2 uid=88
INFO[Main]: Mod "grug_trees" loaded after 1 ms
ACTION[Main]: [grug_materials] 12 tools completing the six-tier pick/axe/shovel ladder
WARNING[Main]: No craft recipe matches input (type: fuel, items: ['default:pick_mese'])
WARNING[Main]: No craft recipe matches input (type: fuel, items: ['default:shovel_mese'])
WARNING[Main]: No craft recipe matches input (type: fuel, items: ['default:axe_mese'])
WARNING[Main]: No craft recipe matches input (type: fuel, items: ['default:sword_mese'])
WARNING[Main]: No craft recipe matches input (type: fuel, items: ['default:pick_diamond'])
WARNING[Main]: No craft recipe matches input (type: fuel, items: ['default:shovel_diamond'])
WARNING[Main]: No craft recipe matches input (type: fuel, items: ['default:axe_diamond'])
WARNING[Main]: No craft recipe matches input (type: fuel, items: ['default:sword_diamond'])
WARNING[Main]: No craft recipe matches input (type: fuel, items: ['default:sword_bronze'])
WARNING[Main]: No craft recipe matches input (type: fuel, items: ['default:sword_steel'])
WARNING[Main]: No craft recipe matches input (type: fuel, items: ['default:copper_ingot'])
WARNING[Main]: No craft recipe matches input (type: fuel, items: ['default:copperblock'])
WARNING[Main]: No craft recipe matches input (type: fuel, items: ['default:tin_ingot'])
WARNING[Main]: No craft recipe matches input (type: fuel, items: ['default:tinblock'])
WARNING[Main]: No craft recipe matches input (type: fuel, items: ['default:bronze_ingot'])
WARNING[Main]: No craft recipe matches input (type: fuel, items: ['default:bronzeblock'])
WARNING[Main]: No craft recipe matches input (type: fuel, items: ['default:steel_ingot'])
WARNING[Main]: No craft recipe matches input (type: fuel, items: ['default:steelblock'])
WARNING[Main]: No craft recipe matches input (type: fuel, items: ['default:gold_ingot'])
WARNING[Main]: No craft recipe matches input (type: fuel, items: ['default:goldblock'])
WARNING[Main]: No craft recipe known for output 'default:stone_with_mese'
WARNING[Main]: No craft recipe matches input (type: fuel, items: ['default:stone_with_mese'])
WARNING[Main]: No craft recipe matches input (type: fuel, items: ['default:mese'])
WARNING[Main]: No craft recipe matches input (type: fuel, items: ['default:mese_crystal'])
WARNING[Main]: No craft recipe matches input (type: fuel, items: ['default:mese_crystal_fragment'])
WARNING[Main]: No craft recipe matches input (type: fuel, items: ['default:meselamp'])
WARNING[Main]: No craft recipe matches input (type: fuel, items: ['default:mese_post_light'])
WARNING[Main]: No craft recipe matches input (type: fuel, items: ['default:mese_post_light_acacia_wood'])
WARNING[Main]: No craft recipe matches input (type: fuel, items: ['default:mese_post_light_junglewood'])
WARNING[Main]: No craft recipe matches input (type: fuel, items: ['default:mese_post_light_pine_wood'])
WARNING[Main]: No craft recipe matches input (type: fuel, items: ['default:mese_post_light_aspen_wood'])
WARNING[Main]: No craft recipe known for output 'default:stone_with_diamond'
WARNING[Main]: No craft recipe matches input (type: fuel, items: ['default:stone_with_diamond'])
WARNING[Main]: No craft recipe matches input (type: fuel, items: ['default:diamond'])
WARNING[Main]: No craft recipe matches input (type: fuel, items: ['default:diamondblock'])
WARNING[Main]: No craft recipe matches input (type: fuel, items: ['default:sign_wall_steel'])
WARNING[Main]: No craft recipe matches input (type: fuel, items: ['default:ladder_steel'])
WARNING[Main]: No craft recipe matches input (type: fuel, items: ['stairs:stair_steelblock'])
WARNING[Main]: No craft recipe matches input (type: fuel, items: ['stairs:stair_inner_steelblock'])
WARNING[Main]: No craft recipe matches input (type: fuel, items: ['stairs:stair_outer_steelblock'])
WARNING[Main]: No craft recipe matches input (type: fuel, items: ['stairs:slab_steelblock'])
WARNING[Main]: No craft recipe matches input (type: fuel, items: ['stairs:stair_tinblock'])
WARNING[Main]: No craft recipe matches input (type: fuel, items: ['stairs:stair_inner_tinblock'])
WARNING[Main]: No craft recipe matches input (type: fuel, items: ['stairs:stair_outer_tinblock'])
WARNING[Main]: No craft recipe matches input (type: fuel, items: ['stairs:slab_tinblock'])
WARNING[Main]: No craft recipe matches input (type: fuel, items: ['stairs:stair_copperblock'])
WARNING[Main]: No craft recipe matches input (type: fuel, items: ['stairs:stair_inner_copperblock'])
WARNING[Main]: No craft recipe matches input (type: fuel, items: ['stairs:stair_outer_copperblock'])
WARNING[Main]: No craft recipe matches input (type: fuel, items: ['stairs:slab_copperblock'])
WARNING[Main]: No craft recipe matches input (type: fuel, items: ['stairs:stair_bronzeblock'])
WARNING[Main]: No craft recipe matches input (type: fuel, items: ['stairs:stair_inner_bronzeblock'])
WARNING[Main]: No craft recipe matches input (type: fuel, items: ['stairs:stair_outer_bronzeblock'])
WARNING[Main]: No craft recipe matches input (type: fuel, items: ['stairs:slab_bronzeblock'])
WARNING[Main]: No craft recipe matches input (type: fuel, items: ['stairs:stair_goldblock'])
WARNING[Main]: No craft recipe matches input (type: fuel, items: ['stairs:stair_inner_goldblock'])
WARNING[Main]: No craft recipe matches input (type: fuel, items: ['stairs:stair_outer_goldblock'])
WARNING[Main]: No craft recipe matches input (type: fuel, items: ['stairs:slab_goldblock'])
INFO[Main]: Mod "grug_materials" loaded after 4 ms
INFO[Main]: Mod "grug_smelting" loaded after 0 ms
INFO[Main]: Mod "grug_nodes" loaded after 0 ms
ACTION[Main]: [grug_gear] 6 bracket catalogs: 42 weapons + 48 armor pieces
INFO[Main]: Mod "grug_gear" loaded after 2 ms
INFO[Main]: Mod "grug_decor" loaded after 3 ms
INFO[Main]: Mod "doors" loaded after 1 ms
INFO[Main]: Mod "xpanes" loaded after 1 ms
INFO[Main]: Mod "grug_core" loaded after 1 ms
INFO[Main]: Mod "grug_xp" loaded after 0 ms
INFO[Main]: Mod "grug_money" loaded after 0 ms
INFO[Main]: Mod "grug_gathering" loaded after 2 ms
INFO[Main]: Mod "dye" loaded after 0 ms
INFO[Main]: Mod "wool" loaded after 1 ms
INFO[Main]: Mod "beds" loaded after 0 ms
INFO[Main]: ObjDefManager: added ore: name="grug_mapgen:native_gravel_blob_v1" index=0 uid=106
INFO[Main]: ObjDefManager: added ore: name="grug_mapgen:native_stratum_iron_v1" index=1 uid=49
INFO[Main]: ObjDefManager: added ore: name="grug_mapgen:native_stratum_steel_v1" index=2 uid=98
INFO[Main]: ObjDefManager: added ore: name="grug_mapgen:native_stratum_silversteel_v1" index=3 uid=93
INFO[Main]: ObjDefManager: added ore: name="grug_mapgen:native_stratum_embersteel_v1" index=4 uid=99
INFO[Main]: ObjDefManager: added ore: name="grug_mapgen:native_stratum_abyssal_steel_v1" index=5 uid=28
INFO[Main]: Mod "grug_mapgen" loaded after 17715 ms
INFO[Main]: Mod "grug_wp40_profile_probe" loaded after 21 ms
INFO[Main]: Mod "grug_factions" loaded after 0 ms
INFO[Main]: Mod "grug_classes" loaded after 1 ms
INFO[Main]: Mod "grug_visuals" loaded after 1 ms
INFO[Main]: Mod "grug_mobs" loaded after 5 ms
INFO[Main]: Mod "grug_projectiles" loaded after 1 ms
INFO[Main]: Mod "grug_abilities" loaded after 1 ms
INFO[Main]: Mod "grug_fishing" loaded after 0 ms
INFO[Main]: Mod "grug_food" loaded after 1 ms
INFO[Main]: Mod "grug_inventory" loaded after 0 ms
INFO[Main]: Mod "grug_trinkets" loaded after 0 ms
INFO[Main]: Mod "grug_traders" loaded after 1 ms
INFO[Main]: Mod "grug_jobs" loaded after 4 ms
ACTION[Main]: [grug_quality] deterministic PcgRandom quality rolls enabled
INFO[Main]: Mod "grug_quality" loaded after 0 ms
ACTION[Main]: [grug_professions] registered Blacksmith, Leatherworker and Tailor catalogs
INFO[Main]: Mod "grug_professions" loaded after 62 ms
ACTION[Main]: [grug_artisans] registered Woodcarver and Goldsmith catalogs
INFO[Main]: Mod "grug_artisans" loaded after 42 ms
INFO[Main]: Mod "grug_mounts" loaded after 0 ms
INFO[Main]: Mod "grug_cooking" loaded after 21 ms
INFO[Main]: Mod "grug_farming" loaded after 2 ms
INFO[Main]: Mod "grug_alchemy" loaded after 3 ms
ACTION[Main]: [grug_materials] registry audit passed: 6 tiers, 15 resources, 12 processed forms, 6 race regions
ACTION[Main]: [grug_smelting] recipe audit passed: 5 cooking, 5 dualfurn, 12 storage pairs, 1 station
ACTION[Main]: GRUG_WP40_PROFILE_PROBE phase=cold event=start engine=5.17.0 lua=LuaJIT_2.1.1784272936 seed=0 cases=10 manifest=28ae1f9918252578deeea311283c7253ffcf3df3658a3e9a5c1fddc2281242c1 full_digest=true
ACTION[Main]: [grug_visuals] 48 armor pieces indexed for overlays, 2 art lines x 4 slots
ACTION[Main]: [grug_mobs] settlement work activities: tools 7, weapon families 1, all registered
ACTION[Main]: [grug_fishing] tables=6 entries=18 weight=100 bite=3..10s rod_uses=64
ACTION[Main]: [grug_inventory] starter weapons: mage=grug_gear:staff_wood (2H), priest=grug_gear:staff_wood (2H), warrior=default:sword_stone
ACTION[Main]: [grug_traders] 12 profession shelves, 122 offers, all registered
ACTION[Main]: [grug_traders] dwarf capital vendors come from the sockets of dur_brannoc
ACTION[Main]: [grug_traders] elf capital vendors come from the sockets of lethariel
ACTION[Main]: [grug_traders] human capital vendors come from the sockets of highcourt
ACTION[Main]: [grug_traders] orc capital vendors come from the sockets of gor_drazhak
ACTION[Main]: [grug_traders] troll capital vendors come from the sockets of kezamba
ACTION[Main]: [grug_traders] undead capital vendors come from the sockets of nhal_veyr
ACTION[Main]: [grug_traders] 12 settlements indexed for profession vendor appearance
ACTION[Main]: [grug_traders] drop audit: 3 mob(s) use a `drops` FUNCTION and cannot be walked statically (grug_mobs:bandit, grug_mobs:bandit_archer, grug_mobs:poacher); their items are audited from the hardcoded FUNCTION_DROPS list
WARNING[Main]: [grug_traders] no vendor price for dropped item 'default:apple' (dropped by grug_mobs:ashen_treant, grug_mobs:gravewood_treant) — add a _grug_sell_price to its def or a grug_traders.set_price override; traders must buy every mob drop (economy.md §3)
WARNING[Main]: [grug_traders] no vendor price for dropped item 'default:stick' (dropped by grug_mobs:ashen_treant, grug_mobs:gravewood_treant) — add a _grug_sell_price to its def or a grug_traders.set_price override; traders must buy every mob drop (economy.md §3)
INFO[Main]: All mods loaded after 17921 ms
INFO[Main]: Server: Calculating media file checksums
INFO[Main]: Server: ignoring unsupported file extension: "template.txt"
INFO[Main]: Server: ignoring unsupported file extension: "template.txt"
INFO[Main]: Server: ignoring unsupported file extension: "template.txt"
INFO[Main]: Server: ignoring unsupported file extension: "template.txt"
INFO[Main]: Server: ignoring unsupported file extension: "template.txt"
INFO[Main]: Server: ignoring unsupported file extension: "template.txt"
INFO[Main]: Server: ignoring unsupported file extension: "template.txt"
INFO[Main]: Server: ignoring unsupported file extension: "template.txt"
INFO[Main]: Server: ignoring unsupported file extension: "template.txt"
INFO[Main]: Server: ignoring unsupported file extension: "template.txt"
INFO[Main]: Server: ignoring unsupported file extension: "template.txt"
INFO[Main]: Server: ignoring unsupported file extension: "character.blend"
INFO[Main]: Server: ignoring unsupported file extension: "template.txt"
INFO[Main]: Server: ignoring unsupported file extension: "template.txt"
INFO[Main]: Server: 1151 media files collected
INFO[Main]: EmergeManager: initializing for mapgen=v7 and chunksize=(5,5,5)
INFO[Main]: EmergeManager: using 1 thread(s)
INFO[Main]: SCRIPTAPI: Initializing async engine
INFO[Main]: AsyncEngine: using at most 14 threads with automatic scaling
INFO[Main]: Initializing asynchronous environment (game)
INFO[Main]: ServerEnvironment: 91 ABMs are registered
INFO[Main]: ServerEnvironment: Using default environment metadata
INFO[Main]: LBMManager: 1 unique times in lookup table
INFO[Main]: Starting server thread...
ACTION[Main]: World at [/tmp/grudgelands-wp40-profile-run.XXfVFBBb/world]
ACTION[Main]: Server for gameid="grudgelands" listening on 127.0.0.1:32620.
ACTION[Server]: [grug_core] start preload: emerging 6 start areas (128 x 128 nodes each, 2 at a time)
INFO[Emerge-0]: Initialized emerge Lua environment
INFO[Main]: Profiler:
INFO[Main]:   ActiveObjectMgr: SAO count [#] 
INFO[Main]:   Server: send SAO messages [ms] __________________    1x        1
INFO[Main]:   Server: update objects within range [ms] 
INFO[Main]:   Server::AsyncRunStep() [ms] _____________________   20x      1.5
INFO[Main]:   Server::RunStep() (max) [ms] ____________________    1x       51
INFO[Main]:   Server::SendBlocks(): Collect list [ms] 
INFO[Main]:   Server::SendBlocks(): Send to clients [ms] 
INFO[Main]:   ServerEnv: Run SAO::step() [ms] 
INFO[Main]:   ServerEnv: Run node timers [ms] 
INFO[Main]:   ServerEnv::step() [ms] __________________________   20x      1.4
INFO[Main]:   ServerEnvironment::removeRemovedObjects() [ms] 
INFO[Main]: Profiler:
INFO[Main]:   ActiveObjectMgr: SAO count [#] 
INFO[Main]:   SEnv: modify in blocks avg per interval [ms] 
INFO[Main]:   Server: map saving (sum) [ms] 
INFO[Main]:   Server: send SAO messages [ms] 
INFO[Main]:   Server: update objects within range [ms] 
INFO[Main]:   Server::AsyncRunStep() [ms] 
INFO[Main]:   Server::RunStep() (max) [ms] ____________________    1x       50
INFO[Main]:   Server::SendBlocks(): Collect list [ms] 
INFO[Main]:   Server::SendBlocks(): Send to clients [ms] 
INFO[Main]:   ServerEnv: ABMs run 
INFO[Main]:   ServerEnv: Run SAO::step() [ms] 
INFO[Main]:   ServerEnv: Run node timers [ms] 
INFO[Main]:   ServerEnv: active blocks 
INFO[Main]:   ServerEnv: active blocks cached 
INFO[Main]:   ServerEnv: active blocks scanned for ABMs 
INFO[Main]:   ServerEnv::step() [ms] 
INFO[Main]:   ServerEnvironment::removeRemovedObjects() [ms] 
INFO[Main]: Profiler:
INFO[Main]:   ActiveObjectMgr: SAO count [#] 
INFO[Main]:   SEnv: modify in blocks avg per interval [ms] 
INFO[Main]:   Server: map saving (sum) [ms] 
INFO[Main]:   Server: map timer and unload [ms] 
INFO[Main]:   Server: send SAO messages [ms] 
INFO[Main]:   Server: update objects within range [ms] 
INFO[Main]:   Server::AsyncRunStep() [ms] _____________________   20x      0.1
INFO[Main]:   Server::RunStep() (max) [ms] ____________________    1x       51
INFO[Main]:   Server::SendBlocks(): Collect list [ms] 
INFO[Main]:   Server::SendBlocks(): Send to clients [ms] 
INFO[Main]:   ServerEnv: ABMs run 
INFO[Main]:   ServerEnv: Run SAO::step() [ms] 
INFO[Main]:   ServerEnv: Run node timers [ms] 
INFO[Main]:   ServerEnv: active blocks 
INFO[Main]:   ServerEnv: active blocks cached 
INFO[Main]:   ServerEnv: active blocks scanned for ABMs 
INFO[Main]:   ServerEnv: update active blocks [ms] 
INFO[Main]:   ServerEnv::step() [ms] __________________________   20x      0.1
INFO[Main]:   ServerEnvironment::removeRemovedObjects() [ms] 
INFO[Main]: Profiler:
INFO[Main]:   ActiveObjectMgr: SAO count [#] 
INFO[Main]:   SEnv: modify in blocks avg per interval [ms] 
INFO[Main]:   Server: map saving (sum) [ms] 
INFO[Main]:   Server: map timer and unload [ms] 
INFO[Main]:   Server: send SAO messages [ms] 
INFO[Main]:   Server: update objects within range [ms] 
INFO[Main]:   Server::AsyncRunStep() [ms] 
INFO[Main]:   Server::RunStep() (max) [ms] ____________________    1x       51
INFO[Main]:   Server::SendBlocks(): Collect list [ms] 
INFO[Main]:   Server::SendBlocks(): Send to clients [ms] 
INFO[Main]:   ServerEnv: ABMs run 
INFO[Main]:   ServerEnv: Run SAO::step() [ms] 
INFO[Main]:   ServerEnv: Run node timers [ms] 
INFO[Main]:   ServerEnv: active blocks 
INFO[Main]:   ServerEnv: active blocks cached 
INFO[Main]:   ServerEnv: active blocks scanned for ABMs 
INFO[Main]:   ServerEnv: update active blocks [ms] 
INFO[Main]:   ServerEnv::step() [ms] 
INFO[Main]:   ServerEnvironment::removeRemovedObjects() [ms] 
INFO[Main]: Profiler:
INFO[Main]:   ActiveObjectMgr: SAO count [#] 
INFO[Main]:   SEnv: modify in blocks avg per interval [ms] 
INFO[Main]:   Server: map saving (sum) [ms] 
INFO[Main]:   Server: map timer and unload [ms] 
INFO[Main]:   Server: send SAO messages [ms] 
INFO[Main]:   Server: update objects within range [ms] 
INFO[Main]:   Server::AsyncRunStep() [ms] _____________________   20x      0.1
INFO[Main]:   Server::RunStep() (max) [ms] ____________________    1x       51
INFO[Main]:   Server::SendBlocks(): Collect list [ms] 
INFO[Main]:   Server::SendBlocks(): Send to clients [ms] 
INFO[Main]:   ServerEnv: ABMs run 
INFO[Main]:   ServerEnv: Run SAO::step() [ms] 
INFO[Main]:   ServerEnv: Run node timers [ms] 
INFO[Main]:   ServerEnv: active blocks 
INFO[Main]:   ServerEnv: active blocks cached 
INFO[Main]:   ServerEnv: active blocks scanned for ABMs 
INFO[Main]:   ServerEnv: update active blocks [ms] 
INFO[Main]:   ServerEnv::step() [ms] __________________________   20x      0.1
INFO[Main]:   ServerEnvironment::removeRemovedObjects() [ms] 
INFO[Main]: Profiler:
INFO[Main]:   ActiveObjectMgr: SAO count [#] 
INFO[Main]:   SEnv: modify in blocks avg per interval [ms] 
INFO[Main]:   Server: map saving (sum) [ms] 
INFO[Main]:   Server: map timer and unload [ms] 
INFO[Main]:   Server: send SAO messages [ms] 
INFO[Main]:   Server: update objects within range [ms] 
INFO[Main]:   Server::AsyncRunStep() [ms] _____________________   20x     0.05
INFO[Main]:   Server::RunStep() (max) [ms] ____________________    1x       51
INFO[Main]:   Server::SendBlocks(): Collect list [ms] 
INFO[Main]:   Server::SendBlocks(): Send to clients [ms] 
INFO[Main]:   ServerEnv: ABMs run 
INFO[Main]:   ServerEnv: Run SAO::step() [ms] 
INFO[Main]:   ServerEnv: Run node timers [ms] 
INFO[Main]:   ServerEnv: active blocks 
INFO[Main]:   ServerEnv: active blocks cached 
INFO[Main]:   ServerEnv: active blocks scanned for ABMs 
INFO[Main]:   ServerEnv: update active blocks [ms] 
INFO[Main]:   ServerEnv::step() [ms] __________________________   20x     0.05
INFO[Main]:   ServerEnvironment::removeRemovedObjects() [ms] 
INFO[Main]: Profiler:
INFO[Main]:   ActiveObjectMgr: SAO count [#] 
INFO[Main]:   SEnv: modify in blocks avg per interval [ms] 
INFO[Main]:   Server: map saving (sum) [ms] 
INFO[Main]:   Server: map timer and unload [ms] 
INFO[Main]:   Server: send SAO messages [ms] 
INFO[Main]:   Server: update objects within range [ms] 
INFO[Main]:   Server::AsyncRunStep() [ms] 
INFO[Main]:   Server::RunStep() (max) [ms] ____________________    1x       51
INFO[Main]:   Server::SendBlocks(): Collect list [ms] 
INFO[Main]:   Server::SendBlocks(): Send to clients [ms] 
INFO[Main]:   ServerEnv: ABMs run 
INFO[Main]:   ServerEnv: Run SAO::step() [ms] 
INFO[Main]:   ServerEnv: Run node timers [ms] 
INFO[Main]:   ServerEnv: active blocks 
INFO[Main]:   ServerEnv: active blocks cached 
INFO[Main]:   ServerEnv: active blocks scanned for ABMs 
INFO[Main]:   ServerEnv: update active blocks [ms] 
INFO[Main]:   ServerEnv::step() [ms] 
INFO[Main]:   ServerEnvironment::removeRemovedObjects() [ms] 
INFO[Main]: Profiler:
INFO[Main]:   ActiveObjectMgr: SAO count [#] 
INFO[Main]:   SEnv: modify in blocks avg per interval [ms] 
INFO[Main]:   Server: map saving (sum) [ms] 
INFO[Main]:   Server: map timer and unload [ms] 
INFO[Main]:   Server: send SAO messages [ms] 
INFO[Main]:   Server: update objects within range [ms] 
INFO[Main]:   Server::AsyncRunStep() [ms] 
INFO[Main]:   Server::RunStep() (max) [ms] ____________________    1x       51
INFO[Main]:   Server::SendBlocks(): Collect list [ms] 
INFO[Main]:   Server::SendBlocks(): Send to clients [ms] 
INFO[Main]:   ServerEnv: ABMs run 
INFO[Main]:   ServerEnv: Run SAO::step() [ms] 
INFO[Main]:   ServerEnv: Run node timers [ms] 
INFO[Main]:   ServerEnv: active blocks 
INFO[Main]:   ServerEnv: active blocks cached 
INFO[Main]:   ServerEnv: active blocks scanned for ABMs 
INFO[Main]:   ServerEnv: update active blocks [ms] 
INFO[Main]:   ServerEnv::step() [ms] 
INFO[Main]:   ServerEnvironment::removeRemovedObjects() [ms] 
INFO[Main]: Profiler:
INFO[Main]:   ActiveObjectMgr: SAO count [#] 
INFO[Main]:   SEnv: modify in blocks avg per interval [ms] 
INFO[Main]:   Server: map saving (sum) [ms] 
INFO[Main]:   Server: map timer and unload [ms] 
INFO[Main]:   Server: send SAO messages [ms] 
INFO[Main]:   Server: update objects within range [ms] 
INFO[Main]:   Server::AsyncRunStep() [ms] 
INFO[Main]:   Server::RunStep() (max) [ms] ____________________    1x       50
INFO[Main]:   Server::SendBlocks(): Collect list [ms] 
INFO[Main]:   Server::SendBlocks(): Send to clients [ms] 
INFO[Main]:   ServerEnv: ABMs run 
INFO[Main]:   ServerEnv: Run SAO::step() [ms] 
INFO[Main]:   ServerEnv: Run node timers [ms] 
INFO[Main]:   ServerEnv: active blocks 
INFO[Main]:   ServerEnv: active blocks cached 
INFO[Main]:   ServerEnv: active blocks scanned for ABMs 
INFO[Main]:   ServerEnv: update active blocks [ms] 
INFO[Main]:   ServerEnv::step() [ms] 
INFO[Main]:   ServerEnvironment::removeRemovedObjects() [ms] 
INFO[Main]: Profiler:
INFO[Main]:   ActiveObjectMgr: SAO count [#] 
INFO[Main]:   SEnv: modify in blocks avg per interval [ms] 
INFO[Main]:   Server: map saving (sum) [ms] ___________________    1x        1
INFO[Main]:   Server: map timer and unload [ms] 
INFO[Main]:   Server: send SAO messages [ms] 
INFO[Main]:   Server: update objects within range [ms] 
INFO[Main]:   Server::AsyncRunStep() [ms] _____________________   20x     0.05
INFO[Main]:   Server::RunStep() (max) [ms] ____________________    1x       51
INFO[Main]:   Server::SendBlocks(): Collect list [ms] 
INFO[Main]:   Server::SendBlocks(): Send to clients [ms] 
INFO[Main]:   ServerEnv: ABMs run 
INFO[Main]:   ServerEnv: Run SAO::step() [ms] 
INFO[Main]:   ServerEnv: Run node timers [ms] 
INFO[Main]:   ServerEnv: active blocks 
INFO[Main]:   ServerEnv: active blocks cached 
INFO[Main]:   ServerEnv: active blocks scanned for ABMs 
INFO[Main]:   ServerEnv: update active blocks [ms] 
INFO[Main]:   ServerEnv::step() [ms] 
INFO[Main]:   ServerEnvironment::removeRemovedObjects() [ms] 
INFO[Main]: Profiler:
INFO[Main]:   ActiveObjectMgr: SAO count [#] 
INFO[Main]:   SEnv: modify in blocks avg per interval [ms] 
INFO[Main]:   Server: map saving (sum) [ms] 
INFO[Main]:   Server: map timer and unload [ms] 
INFO[Main]:   Server: send SAO messages [ms] 
INFO[Main]:   Server: update objects within range [ms] 
INFO[Main]:   Server::AsyncRunStep() [ms] _____________________   20x      0.1
INFO[Main]:   Server::RunStep() (max) [ms] ____________________    1x       51
INFO[Main]:   Server::SendBlocks(): Collect list [ms] 
INFO[Main]:   Server::SendBlocks(): Send to clients [ms] 
INFO[Main]:   ServerEnv: ABMs run 
INFO[Main]:   ServerEnv: Run SAO::step() [ms] 
INFO[Main]:   ServerEnv: Run node timers [ms] 
INFO[Main]:   ServerEnv: active blocks 
INFO[Main]:   ServerEnv: active blocks cached 
INFO[Main]:   ServerEnv: active blocks scanned for ABMs 
INFO[Main]:   ServerEnv: update active blocks [ms] 
INFO[Main]:   ServerEnv::step() [ms] __________________________   20x      0.1
INFO[Main]:   ServerEnvironment::removeRemovedObjects() [ms] 
INFO[Main]: Profiler:
INFO[Main]:   ActiveObjectMgr: SAO count [#] 
INFO[Main]:   SEnv: modify in blocks avg per interval [ms] 
INFO[Main]:   Server: map saving (sum) [ms] 
INFO[Main]:   Server: map timer and unload [ms] 
INFO[Main]:   Server: send SAO messages [ms] __________________    1x        1
INFO[Main]:   Server: update objects within range [ms] 
INFO[Main]:   Server::AsyncRunStep() [ms] _____________________   20x     0.05
INFO[Main]:   Server::RunStep() (max) [ms] ____________________    1x       51
INFO[Main]:   Server::SendBlocks(): Collect list [ms] 
INFO[Main]:   Server::SendBlocks(): Send to clients [ms] 
INFO[Main]:   ServerEnv: ABMs run 
INFO[Main]:   ServerEnv: Run SAO::step() [ms] 
INFO[Main]:   ServerEnv: Run node timers [ms] 
INFO[Main]:   ServerEnv: active blocks 
INFO[Main]:   ServerEnv: active blocks cached 
INFO[Main]:   ServerEnv: active blocks scanned for ABMs 
INFO[Main]:   ServerEnv: update active blocks [ms] 
INFO[Main]:   ServerEnv::step() [ms] 
INFO[Main]:   ServerEnvironment::removeRemovedObjects() [ms] 
INFO[Main]: Profiler:
INFO[Main]:   ActiveObjectMgr: SAO count [#] 
INFO[Main]:   SEnv: modify in blocks avg per interval [ms] 
INFO[Main]:   Server: map saving (sum) [ms] 
INFO[Main]:   Server: map timer and unload [ms] 
INFO[Main]:   Server: send SAO messages [ms] 
INFO[Main]:   Server: update objects within range [ms] 
INFO[Main]:   Server::AsyncRunStep() [ms] _____________________   20x     0.05
INFO[Main]:   Server::RunStep() (max) [ms] ____________________    1x       51
INFO[Main]:   Server::SendBlocks(): Collect list [ms] 
INFO[Main]:   Server::SendBlocks(): Send to clients [ms] 
INFO[Main]:   ServerEnv: ABMs run 
INFO[Main]:   ServerEnv: Run SAO::step() [ms] 
INFO[Main]:   ServerEnv: Run node timers [ms] 
INFO[Main]:   ServerEnv: active blocks 
INFO[Main]:   ServerEnv: active blocks cached 
INFO[Main]:   ServerEnv: active blocks scanned for ABMs 
INFO[Main]:   ServerEnv: update active blocks [ms] 
INFO[Main]:   ServerEnv::step() [ms] __________________________   20x     0.05
INFO[Main]:   ServerEnvironment::removeRemovedObjects() [ms] 
INFO[Main]: Profiler:
INFO[Main]:   ActiveObjectMgr: SAO count [#] 
INFO[Main]:   SEnv: modify in blocks avg per interval [ms] 
INFO[Main]:   Server: map saving (sum) [ms] 
INFO[Main]:   Server: map timer and unload [ms] 
INFO[Main]:   Server: send SAO messages [ms] 
INFO[Main]:   Server: update objects within range [ms] 
INFO[Main]:   Server::AsyncRunStep() [ms] 
INFO[Main]:   Server::RunStep() (max) [ms] ____________________    1x       51
INFO[Main]:   Server::SendBlocks(): Collect list [ms] 
INFO[Main]:   Server::SendBlocks(): Send to clients [ms] 
INFO[Main]:   ServerEnv: ABMs run 
INFO[Main]:   ServerEnv: Run SAO::step() [ms] 
INFO[Main]:   ServerEnv: Run node timers [ms] 
INFO[Main]:   ServerEnv: active blocks 
INFO[Main]:   ServerEnv: active blocks cached 
INFO[Main]:   ServerEnv: active blocks scanned for ABMs 
INFO[Main]:   ServerEnv: update active blocks [ms] 
INFO[Main]:   ServerEnv::step() [ms] 
INFO[Main]:   ServerEnvironment::removeRemovedObjects() [ms] 
INFO[Main]: Profiler:
INFO[Main]:   ActiveObjectMgr: SAO count [#] 
INFO[Main]:   SEnv: modify in blocks avg per interval [ms] 
INFO[Main]:   Server: map saving (sum) [ms] 
INFO[Main]:   Server: map timer and unload [ms] 
INFO[Main]:   Server: send SAO messages [ms] 
INFO[Main]:   Server: update objects within range [ms] 
INFO[Main]:   Server::AsyncRunStep() [ms] 
INFO[Main]:   Server::RunStep() (max) [ms] ____________________    1x       51
INFO[Main]:   Server::SendBlocks(): Collect list [ms] 
INFO[Main]:   Server::SendBlocks(): Send to clients [ms] 
INFO[Main]:   ServerEnv: ABMs run 
INFO[Main]:   ServerEnv: Run SAO::step() [ms] 
INFO[Main]:   ServerEnv: Run node timers [ms] 
INFO[Main]:   ServerEnv: active blocks 
INFO[Main]:   ServerEnv: active blocks cached 
INFO[Main]:   ServerEnv: active blocks scanned for ABMs 
INFO[Main]:   ServerEnv: update active blocks [ms] 
INFO[Main]:   ServerEnv::step() [ms] 
INFO[Main]:   ServerEnvironment::removeRemovedObjects() [ms] 
INFO[Emerge-0]: initialEmerge: area: (-1888,-48,-2688)(-1777,63,-2577)=112x112x112=1404928 (5MB)
INFO[Main]: Profiler:
INFO[Main]:   ActiveObjectMgr: SAO count [#] 
INFO[Main]:   Emerge-0: processed [#] _________________________    1x        1
INFO[Main]:   EmergeThread: Mapgen::makeChunk [ms] ____________    1x       30
INFO[Main]:   EmergeThread: load block - async (sum) [ms] _____    1x        1
INFO[Main]:   EmergeThread: update lighting [ms] ______________    1x        4
INFO[Main]:   SEnv: modify in blocks avg per interval [ms] 
INFO[Main]:   Server: map saving (sum) [ms] 
INFO[Main]:   Server: map timer and unload [ms] 
INFO[Main]:   Server: send SAO messages [ms] 
INFO[Main]:   Server: update objects within range [ms] 
INFO[Main]:   Server::AsyncRunStep() [ms] _____________________   20x     0.05
INFO[Main]:   Server::RunStep() (max) [ms] ____________________    1x       51
INFO[Main]:   Server::SendBlocks(): Collect list [ms] 
INFO[Main]:   Server::SendBlocks(): Send to clients [ms] 
INFO[Main]:   ServerEnv: ABMs run 
INFO[Main]:   ServerEnv: Run SAO::step() [ms] 
INFO[Main]:   ServerEnv: Run node timers [ms] 
INFO[Main]:   ServerEnv: active blocks 
INFO[Main]:   ServerEnv: active blocks cached 
INFO[Main]:   ServerEnv: active blocks scanned for ABMs 
INFO[Main]:   ServerEnv: update active blocks [ms] 
INFO[Main]:   ServerEnv::step() [ms] __________________________   20x     0.05
INFO[Main]:   ServerEnvironment::removeRemovedObjects() [ms] 
INFO[Main]:   ServerMap: load block - sync (sum) [ms] _________    1x        1
INFO[Server]: ServerMap: Written: 343 blocks, 343 blocks in memory.
INFO[Server]: ServerMap: Blocks modified by: 
INFO[Server]:   setIsUnderground ________________________________    1x      343
ACTION[Emerge-0]: GRUG_WP40_PROFILE_CALLBACK callback=1 minp=-1872,-32,-2672 maxp=-1793,47,-2593 blockseed=150073595 plan_us=572424 writer_us=329719 total_us=902143 columns=6400 candidate_cells=49 candidates=655 r5_runs=21010 result=applied_clq vm_get_emerged_area_calls=1 vm_get_emerged_area_us=2 vm_get_data_calls=1 vm_get_data_us=4060 vm_get_param2_data_calls=1 vm_get_param2_data_us=3878 vm_get_light_data_calls=2 vm_get_light_data_us=8149 vm_set_data_calls=1 vm_set_data_us=7208 vm_set_param2_data_calls=0 vm_set_param2_data_us=0 vm_set_lighting_calls=1 vm_set_lighting_us=89 vm_calc_lighting_calls=1 vm_calc_lighting_us=1502 vm_set_light_data_calls=1 vm_set_light_data_us=7022 vm_update_liquids_calls=1 vm_update_liquids_us=967
INFO[Emerge-0]: initialEmerge: area: (-1808,-48,-2688)(-1697,63,-2577)=112x112x112=1404928 (5MB)
INFO[Main]: Profiler:
INFO[Main]:   ActiveObjectMgr: SAO count [#] 
INFO[Main]:   Emerge-0: processed [#] _________________________    1x        5
INFO[Main]:   EmergeThread: Lua on_generated [ms] _____________    1x      902
INFO[Main]:   EmergeThread: Mapgen::makeChunk [ms] ____________    1x       30
INFO[Main]:   EmergeThread: after Mapgen::makeChunk [ms] 
INFO[Main]:   EmergeThread: load block - async (sum) [ms] 
INFO[Main]:   EmergeThread: update lighting [ms] ______________    3x        2
INFO[Main]:   SEnv: modify in blocks avg per interval [ms] 
INFO[Main]:   Server: map saving (sum) [ms] ___________________    1x        5
INFO[Main]:   Server: map timer and unload [ms] 
INFO[Main]:   Server: send SAO messages [ms] 
INFO[Main]:   Server: update objects within range [ms] 
INFO[Main]:   Server::AsyncRunStep() [ms] _____________________   20x     0.25
INFO[Main]:   Server::RunStep() (max) [ms] ____________________    1x       51
INFO[Main]:   Server::SendBlocks(): Collect list [ms] 
INFO[Main]:   Server::SendBlocks(): Send to clients [ms] 
INFO[Main]:   ServerEnv: ABMs run 
INFO[Main]:   ServerEnv: Run SAO::step() [ms] 
INFO[Main]:   ServerEnv: Run node timers [ms] 
INFO[Main]:   ServerEnv: active blocks 
INFO[Main]:   ServerEnv: active blocks cached 
INFO[Main]:   ServerEnv: active blocks scanned for ABMs 
INFO[Main]:   ServerEnv: update active blocks [ms] 
INFO[Main]:   ServerEnv::step() [ms] 
INFO[Main]:   ServerEnvironment::removeRemovedObjects() [ms] 
INFO[Main]:   ServerMap: load block - sync (sum) [ms] _________    1x        1
INFO[Server]: ServerMap: Written: 588 blocks, 588 blocks in memory.
INFO[Server]: ServerMap: Blocks modified by: 
INFO[Server]:   finishBlockMake: expireIsAir, MMVManip::blitBackAll     1x      218
INFO[Server]:   setGenerated, finishBlockMake: expireIsAir, MMVManip::blitBackAll     1x      125
INFO[Server]:   setIsUnderground ________________________________    1x      245
ACTION[Emerge-0]: GRUG_WP40_PROFILE_CALLBACK callback=2 minp=-1792,-32,-2672 maxp=-1713,47,-2593 blockseed=813787899 plan_us=407888 writer_us=325116 total_us=733004 columns=6400 candidate_cells=49 candidates=683 r5_runs=19758 result=applied_clq vm_get_emerged_area_calls=1 vm_get_emerged_area_us=2 vm_get_data_calls=1 vm_get_data_us=4061 vm_get_param2_data_calls=1 vm_get_param2_data_us=4058 vm_get_light_data_calls=2 vm_get_light_data_us=8126 vm_set_data_calls=1 vm_set_data_us=7209 vm_set_param2_data_calls=0 vm_set_param2_data_us=0 vm_set_lighting_calls=1 vm_set_lighting_us=116 vm_calc_lighting_calls=1 vm_calc_lighting_us=1541 vm_set_light_data_calls=1 vm_set_light_data_us=7016 vm_update_liquids_calls=1 vm_update_liquids_us=973
INFO[Emerge-0]: initialEmerge: area: (-1888,32,-2688)(-1777,143,-2577)=112x112x112=1404928 (5MB)
ACTION[Emerge-0]: GRUG_WP40_PROFILE_CALLBACK callback=3 minp=-1872,48,-2672 maxp=-1793,127,-2593 blockseed=363482929 plan_us=125668 writer_us=146091 total_us=271759 columns=6400 candidate_cells=49 candidates=655 r5_runs=10403 result=applied_clq vm_get_emerged_area_calls=1 vm_get_emerged_area_us=3 vm_get_data_calls=1 vm_get_data_us=4063 vm_get_param2_data_calls=1 vm_get_param2_data_us=4052 vm_get_light_data_calls=2 vm_get_light_data_us=8124 vm_set_data_calls=1 vm_set_data_us=7205 vm_set_param2_data_calls=0 vm_set_param2_data_us=0 vm_set_lighting_calls=36 vm_set_lighting_us=47 vm_calc_lighting_calls=1 vm_calc_lighting_us=8271 vm_set_light_data_calls=1 vm_set_light_data_us=7021 vm_update_liquids_calls=1 vm_update_liquids_us=946
INFO[Emerge-0]: initialEmerge: area: (-1808,32,-2688)(-1697,143,-2577)=112x112x112=1404928 (5MB)
INFO[Main]: Profiler:
INFO[Main]:   ActiveObjectMgr: SAO count [#] 
INFO[Main]:   Emerge-0: processed [#] _________________________    1x       18
INFO[Main]:   EmergeThread: Lua on_generated [ms] _____________    2x    502.5
INFO[Main]:   EmergeThread: Mapgen::makeChunk [ms] ____________    2x     24.5
INFO[Main]:   EmergeThread: after Mapgen::makeChunk [ms] ______    2x      0.5
INFO[Main]:   EmergeThread: load block - async (sum) [ms] 
INFO[Main]:   EmergeThread: update lighting [ms] ______________   41x    0.682
INFO[Main]:   SEnv: modify in blocks avg per interval [ms] 
INFO[Main]:   Server: map saving (sum) [ms] ___________________    1x        8
INFO[Main]:   Server: map timer and unload [ms] 
INFO[Main]:   Server: send SAO messages [ms] 
INFO[Main]:   Server: update objects within range [ms] 
INFO[Main]:   Server::AsyncRunStep() [ms] _____________________   20x     0.45
INFO[Main]:   Server::RunStep() (max) [ms] ____________________    1x       51
INFO[Main]:   Server::SendBlocks(): Collect list [ms] 
INFO[Main]:   Server::SendBlocks(): Send to clients [ms] 
INFO[Main]:   ServerEnv: ABMs run 
INFO[Main]:   ServerEnv: Run SAO::step() [ms] 
INFO[Main]:   ServerEnv: Run node timers [ms] 
INFO[Main]:   ServerEnv: active blocks 
INFO[Main]:   ServerEnv: active blocks cached 
INFO[Main]:   ServerEnv: active blocks scanned for ABMs 
INFO[Main]:   ServerEnv: update active blocks [ms] 
INFO[Main]:   ServerEnv::step() [ms] __________________________   20x     0.05
INFO[Main]:   ServerEnvironment::removeRemovedObjects() [ms] 
INFO[Main]:   ServerMap: load block - sync (sum) [ms] _________    1x        1
INFO[Server]: ServerMap: Written: 833 blocks, 1008 blocks in memory.
INFO[Server]: ServerMap: Blocks modified by: 
INFO[Server]:   finishBlockMake: expireIsAir, MMVManip::blitBackAll     1x      263
INFO[Server]:   setGenerated, finishBlockMake: expireIsAir, MMVManip::blitBackAll     1x      150
INFO[Server]:   setIsUnderground ________________________________    1x      175
INFO[Server]:   setIsUnderground, finishBlockMake: expireIsAir, MMVManip::blitBackAll     1x      145
INFO[Server]:   setIsUnderground, setGenerated, finishBlockMake: expireIsAir, MMVManip::blitBackAll     1x      100
ACTION[Emerge-0]: GRUG_WP40_PROFILE_CALLBACK callback=4 minp=-1792,48,-2672 maxp=-1713,127,-2593 blockseed=1600015473 plan_us=144317 writer_us=143682 total_us=287999 columns=6400 candidate_cells=49 candidates=683 r5_runs=11940 result=applied_clq vm_get_emerged_area_calls=1 vm_get_emerged_area_us=2 vm_get_data_calls=1 vm_get_data_us=4066 vm_get_param2_data_calls=1 vm_get_param2_data_us=4056 vm_get_light_data_calls=2 vm_get_light_data_us=8128 vm_set_data_calls=1 vm_set_data_us=6940 vm_set_param2_data_calls=0 vm_set_param2_data_us=0 vm_set_lighting_calls=35 vm_set_lighting_us=37 vm_calc_lighting_calls=1 vm_calc_lighting_us=9440 vm_set_light_data_calls=1 vm_set_light_data_us=6748 vm_update_liquids_calls=1 vm_update_liquids_us=929
INFO[Emerge-0]: initialEmerge: area: (-1888,-48,-2608)(-1777,63,-2497)=112x112x112=1404928 (5MB)
ACTION[Emerge-0]: GRUG_WP40_PROFILE_CALLBACK callback=5 minp=-1872,-32,-2592 maxp=-1793,47,-2513 blockseed=3799390529 plan_us=319024 writer_us=380544 total_us=699568 columns=6400 candidate_cells=49 candidates=176 r5_runs=19200 result=applied_cplq vm_get_emerged_area_calls=1 vm_get_emerged_area_us=2 vm_get_data_calls=1 vm_get_data_us=4056 vm_get_param2_data_calls=1 vm_get_param2_data_us=4105 vm_get_light_data_calls=2 vm_get_light_data_us=7870 vm_set_data_calls=1 vm_set_data_us=7202 vm_set_param2_data_calls=1 vm_set_param2_data_us=7116 vm_set_lighting_calls=16 vm_set_lighting_us=116 vm_calc_lighting_calls=1 vm_calc_lighting_us=2501 vm_set_light_data_calls=1 vm_set_light_data_us=7019 vm_update_liquids_calls=1 vm_update_liquids_us=972
INFO[Emerge-0]: initialEmerge: area: (-1808,-48,-2608)(-1697,63,-2497)=112x112x112=1404928 (5MB)
INFO[Main]: Profiler:
INFO[Main]:   ActiveObjectMgr: SAO count [#] 
INFO[Main]:   Emerge-0: processed [#] _________________________    1x      108
INFO[Main]:   EmergeThread: Lua on_generated [ms] _____________    2x      494
INFO[Main]:   EmergeThread: Mapgen::makeChunk [ms] ____________    2x     29.5
INFO[Main]:   EmergeThread: after Mapgen::makeChunk [ms] ______    2x        1
INFO[Main]:   EmergeThread: load block - async (sum) [ms] 
INFO[Main]:   EmergeThread: update lighting [ms] ______________   55x    0.363
INFO[Main]:   SEnv: modify in blocks avg per interval [ms] 
INFO[Main]:   Server: map saving (sum) [ms] ___________________    1x       10
INFO[Main]:   Server: map timer and unload [ms] 
INFO[Main]:   Server: send SAO messages [ms] 
INFO[Main]:   Server: update objects within range [ms] 
INFO[Main]:   Server::AsyncRunStep() [ms] _____________________   20x      0.5
INFO[Main]:   Server::RunStep() (max) [ms] ____________________    1x       51
INFO[Main]:   Server::SendBlocks(): Collect list [ms] 
INFO[Main]:   Server::SendBlocks(): Send to clients [ms] 
INFO[Main]:   ServerEnv: ABMs run 
INFO[Main]:   ServerEnv: Run SAO::step() [ms] 
INFO[Main]:   ServerEnv: Run node timers [ms] 
INFO[Main]:   ServerEnv: active blocks 
INFO[Main]:   ServerEnv: active blocks cached 
INFO[Main]:   ServerEnv: active blocks scanned for ABMs 
INFO[Main]:   ServerEnv: update active blocks [ms] 
INFO[Main]:   ServerEnv::step() [ms] 
INFO[Main]:   ServerEnvironment::removeRemovedObjects() [ms] 
INFO[Main]:   ServerMap: load block - sync (sum) [ms] 
INFO[Server]: ServerMap: Written: 853 blocks, 1428 blocks in memory.
INFO[Server]: ServerMap: Blocks modified by: 
INFO[Server]:   finishBlockMake: expireIsAir, MMVManip::blitBackAll     1x      283
INFO[Server]:   setGenerated, finishBlockMake: expireIsAir, MMVManip::blitBackAll     1x      150
INFO[Server]:   setIsUnderground ________________________________    1x      175
INFO[Server]:   setIsUnderground, finishBlockMake: expireIsAir, MMVManip::blitBackAll     1x      145
INFO[Server]:   setIsUnderground, setGenerated, finishBlockMake: expireIsAir, MMVManip::blitBackAll     1x      100
ACTION[Emerge-0]: GRUG_WP40_PROFILE_CALLBACK callback=6 minp=-1792,-32,-2592 maxp=-1713,47,-2513 blockseed=3693650209 plan_us=269073 writer_us=387724 total_us=656797 columns=6400 candidate_cells=49 candidates=300 r5_runs=19200 result=applied_cplq vm_get_emerged_area_calls=1 vm_get_emerged_area_us=2 vm_get_data_calls=1 vm_get_data_us=4105 vm_get_param2_data_calls=1 vm_get_param2_data_us=4069 vm_get_light_data_calls=2 vm_get_light_data_us=8110 vm_set_data_calls=1 vm_set_data_us=7217 vm_set_param2_data_calls=1 vm_set_param2_data_us=7093 vm_set_lighting_calls=16 vm_set_lighting_us=117 vm_calc_lighting_calls=1 vm_calc_lighting_us=2604 vm_set_light_data_calls=1 vm_set_light_data_us=7014 vm_update_liquids_calls=1 vm_update_liquids_us=1036
INFO[Emerge-0]: initialEmerge: area: (-1888,32,-2608)(-1777,143,-2497)=112x112x112=1404928 (5MB)
ACTION[Emerge-0]: GRUG_WP40_PROFILE_CALLBACK callback=7 minp=-1872,48,-2592 maxp=-1793,127,-2513 blockseed=1285824503 plan_us=65621 writer_us=154707 total_us=220328 columns=6400 candidate_cells=49 candidates=176 r5_runs=12800 result=applied_cplq vm_get_emerged_area_calls=1 vm_get_emerged_area_us=1 vm_get_data_calls=1 vm_get_data_us=3791 vm_get_param2_data_calls=1 vm_get_param2_data_us=3821 vm_get_light_data_calls=2 vm_get_light_data_us=8126 vm_set_data_calls=1 vm_set_data_us=6935 vm_set_param2_data_calls=1 vm_set_param2_data_us=6816 vm_set_lighting_calls=96 vm_set_lighting_us=75 vm_calc_lighting_calls=1 vm_calc_lighting_us=11047 vm_set_light_data_calls=1 vm_set_light_data_us=6747 vm_update_liquids_calls=1 vm_update_liquids_us=979
INFO[Emerge-0]: initialEmerge: area: (-1808,32,-2608)(-1697,143,-2497)=112x112x112=1404928 (5MB)
INFO[Main]: Profiler:
INFO[Main]:   ActiveObjectMgr: SAO count [#] 
INFO[Main]:   Emerge-0: processed [#] _________________________    1x       18
INFO[Main]:   EmergeThread: Lua on_generated [ms] _____________    2x    438.5
INFO[Main]:   EmergeThread: Mapgen::makeChunk [ms] ____________    2x     26.5
INFO[Main]:   EmergeThread: after Mapgen::makeChunk [ms] ______    2x        1
INFO[Main]:   EmergeThread: load block - async (sum) [ms] 
INFO[Main]:   EmergeThread: update lighting [ms] ______________  213x     0.22
INFO[Main]:   SEnv: modify in blocks avg per interval [ms] 
INFO[Main]:   Server: map saving (sum) [ms] ___________________    1x       11
INFO[Main]:   Server: map timer and unload [ms] 
INFO[Main]:   Server: send SAO messages [ms] 
INFO[Main]:   Server: update objects within range [ms] 
INFO[Main]:   Server::AsyncRunStep() [ms] _____________________   20x     0.55
INFO[Main]:   Server::RunStep() (max) [ms] ____________________    1x       51
INFO[Main]:   Server::SendBlocks(): Collect list [ms] 
INFO[Main]:   Server::SendBlocks(): Send to clients [ms] 
INFO[Main]:   ServerEnv: ABMs run 
INFO[Main]:   ServerEnv: Run SAO::step() [ms] 
INFO[Main]:   ServerEnv: Run node timers [ms] 
INFO[Main]:   ServerEnv: active blocks 
INFO[Main]:   ServerEnv: active blocks cached 
INFO[Main]:   ServerEnv: active blocks scanned for ABMs 
INFO[Main]:   ServerEnv: update active blocks [ms] 
INFO[Main]:   ServerEnv::step() [ms] 
INFO[Main]:   ServerEnvironment::removeRemovedObjects() [ms] 
INFO[Main]:   ServerMap: load block - sync (sum) [ms] _________    1x        2
ACTION[Emerge-0]: GRUG_WP40_PROFILE_CALLBACK callback=8 minp=-1792,48,-2592 maxp=-1713,127,-2513 blockseed=152063639 plan_us=94839 writer_us=155522 total_us=250361 columns=6400 candidate_cells=49 candidates=300 r5_runs=12800 result=applied_cplq vm_get_emerged_area_calls=1 vm_get_emerged_area_us=2 vm_get_data_calls=1 vm_get_data_us=3812 vm_get_param2_data_calls=1 vm_get_param2_data_us=3790 vm_get_light_data_calls=2 vm_get_light_data_us=7566 vm_set_data_calls=1 vm_set_data_us=6929 vm_set_param2_data_calls=1 vm_set_param2_data_us=6810 vm_set_lighting_calls=96 vm_set_lighting_us=74 vm_calc_lighting_calls=1 vm_calc_lighting_us=12209 vm_set_light_data_calls=1 vm_set_light_data_us=7015 vm_update_liquids_calls=1 vm_update_liquids_us=964
INFO[Emerge-0]: initialEmerge: area: (-1888,-48,-2528)(-1777,63,-2417)=112x112x112=1404928 (5MB)
INFO[Server]: ServerMap: Written: 1078 blocks, 1973 blocks in memory.
INFO[Server]: ServerMap: Blocks modified by: 
INFO[Server]:   finishBlockMake: expireIsAir, MMVManip::blitBackAll     1x      314
INFO[Server]:   setGenerated, finishBlockMake: expireIsAir, MMVManip::blitBackAll     1x      209
INFO[Server]:   setGenerated, setNode, finishBlockMake: expireIsAir, MMVManip::blitBackAll     1x        6
INFO[Server]:   setIsUnderground ________________________________    1x      245
INFO[Server]:   setIsUnderground, finishBlockMake: expireIsAir, MMVManip::blitBackAll     1x      140
INFO[Server]:   setIsUnderground, setGenerated, finishBlockMake: expireIsAir, MMVManip::blitBackAll     1x      160
INFO[Server]:   setNode, finishBlockMake: expireIsAir, MMVManip::blitBackAll     1x        4
ACTION[Emerge-0]: GRUG_WP40_PROFILE_CALLBACK callback=9 minp=-1872,-32,-2512 maxp=-1793,47,-2433 blockseed=1181963239 plan_us=373194 writer_us=314739 total_us=687933 columns=6400 candidate_cells=49 candidates=521 r5_runs=20740 result=applied_cplq vm_get_emerged_area_calls=1 vm_get_emerged_area_us=2 vm_get_data_calls=1 vm_get_data_us=4058 vm_get_param2_data_calls=1 vm_get_param2_data_us=4056 vm_get_light_data_calls=2 vm_get_light_data_us=8109 vm_set_data_calls=1 vm_set_data_us=7221 vm_set_param2_data_calls=1 vm_set_param2_data_us=7088 vm_set_lighting_calls=16 vm_set_lighting_us=146 vm_calc_lighting_calls=1 vm_calc_lighting_us=2784 vm_set_light_data_calls=1 vm_set_light_data_us=7020 vm_update_liquids_calls=1 vm_update_liquids_us=992
INFO[Emerge-0]: initialEmerge: area: (-1808,-48,-2528)(-1697,63,-2417)=112x112x112=1404928 (5MB)
INFO[Main]: Profiler:
INFO[Main]:   ActiveObjectMgr: SAO count [#] 
INFO[Main]:   Emerge-0: processed [#] _________________________    1x      297
INFO[Main]:   EmergeThread: Lua on_generated [ms] _____________    2x      469
INFO[Main]:   EmergeThread: Mapgen::makeChunk [ms] ____________    2x       31
INFO[Main]:   EmergeThread: after Mapgen::makeChunk [ms] ______    2x        1
INFO[Main]:   EmergeThread: load block - async (sum) [ms] 
INFO[Main]:   EmergeThread: update lighting [ms] ______________   19x    0.736
INFO[Main]:   SEnv: modify in blocks avg per interval [ms] 
INFO[Main]:   Server: map saving (sum) [ms] ___________________    1x       14
INFO[Main]:   Server: map timer and unload [ms] 
INFO[Main]:   Server: send SAO messages [ms] 
INFO[Main]:   Server: update objects within range [ms] 
INFO[Main]:   Server::AsyncRunStep() [ms] _____________________   20x     0.75
INFO[Main]:   Server::RunStep() (max) [ms] ____________________    1x       51
INFO[Main]:   Server::SendBlocks(): Collect list [ms] 
INFO[Main]:   Server::SendBlocks(): Send to clients [ms] 
INFO[Main]:   ServerEnv: ABMs run 
INFO[Main]:   ServerEnv: Run SAO::step() [ms] 
INFO[Main]:   ServerEnv: Run node timers [ms] 
INFO[Main]:   ServerEnv: active blocks 
INFO[Main]:   ServerEnv: active blocks cached 
INFO[Main]:   ServerEnv: active blocks scanned for ABMs 
INFO[Main]:   ServerEnv: update active blocks [ms] 
INFO[Main]:   ServerEnv::step() [ms] __________________________   20x     0.05
INFO[Main]:   ServerEnvironment::removeRemovedObjects() [ms] 
INFO[Main]:   ServerMap: load block - sync (sum) [ms] 
INFO[Server]: ServerMap: Written: 518 blocks, 2148 blocks in memory.
INFO[Server]: ServerMap: Blocks modified by: 
INFO[Server]:   finishBlockMake: expireIsAir, MMVManip::blitBackAll     1x      218
INFO[Server]:   setGenerated, finishBlockMake: expireIsAir, MMVManip::blitBackAll     1x      125
INFO[Server]:   setIsUnderground ________________________________    1x      175
ACTION[Emerge-0]: GRUG_WP40_PROFILE_CALLBACK callback=10 minp=-1792,-32,-2512 maxp=-1713,47,-2433 blockseed=4234293905 plan_us=341908 writer_us=371299 total_us=713207 columns=6400 candidate_cells=49 candidates=580 r5_runs=19902 result=applied_clq vm_get_emerged_area_calls=1 vm_get_emerged_area_us=2 vm_get_data_calls=1 vm_get_data_us=4055 vm_get_param2_data_calls=1 vm_get_param2_data_us=4054 vm_get_light_data_calls=2 vm_get_light_data_us=8115 vm_set_data_calls=1 vm_set_data_us=7211 vm_set_param2_data_calls=0 vm_set_param2_data_us=0 vm_set_lighting_calls=16 vm_set_lighting_us=113 vm_calc_lighting_calls=1 vm_calc_lighting_us=2652 vm_set_light_data_calls=1 vm_set_light_data_us=7019 vm_update_liquids_calls=1 vm_update_liquids_us=996
INFO[Emerge-0]: initialEmerge: area: (-1888,32,-2528)(-1777,143,-2417)=112x112x112=1404928 (5MB)
ACTION[Emerge-0]: GRUG_WP40_PROFILE_CALLBACK callback=11 minp=-1872,48,-2512 maxp=-1793,127,-2433 blockseed=1904985549 plan_us=114050 writer_us=150921 total_us=264971 columns=6400 candidate_cells=49 candidates=521 r5_runs=10747 result=applied_cplq vm_get_emerged_area_calls=1 vm_get_emerged_area_us=2 vm_get_data_calls=1 vm_get_data_us=4063 vm_get_param2_data_calls=1 vm_get_param2_data_us=4055 vm_get_light_data_calls=2 vm_get_light_data_us=7610 vm_set_data_calls=1 vm_set_data_us=6935 vm_set_param2_data_calls=1 vm_set_param2_data_us=6814 vm_set_lighting_calls=54 vm_set_lighting_us=42 vm_calc_lighting_calls=1 vm_calc_lighting_us=10660 vm_set_light_data_calls=1 vm_set_light_data_us=6746 vm_update_liquids_calls=1 vm_update_liquids_us=975
INFO[Emerge-0]: initialEmerge: area: (-1808,32,-2528)(-1697,143,-2417)=112x112x112=1404928 (5MB)
INFO[Main]: Profiler:
INFO[Main]:   ActiveObjectMgr: SAO count [#] 
INFO[Main]:   Emerge-0: processed [#] _________________________    1x       18
INFO[Main]:   EmergeThread: Lua on_generated [ms] _____________    2x      489
INFO[Main]:   EmergeThread: Mapgen::makeChunk [ms] ____________    2x     26.5
INFO[Main]:   EmergeThread: after Mapgen::makeChunk [ms] ______    2x        1
INFO[Main]:   EmergeThread: load block - async (sum) [ms] 
INFO[Main]:   EmergeThread: update lighting [ms] ______________   74x    0.472
INFO[Main]:   SEnv: modify in blocks avg per interval [ms] ____    1x        1
INFO[Main]:   Server: map saving (sum) [ms] ___________________    1x        7
INFO[Main]:   Server: map timer and unload [ms] 
INFO[Main]:   Server: send SAO messages [ms] 
INFO[Main]:   Server: update objects within range [ms] 
INFO[Main]:   Server::AsyncRunStep() [ms] _____________________   20x      0.4
INFO[Main]:   Server::RunStep() (max) [ms] ____________________    1x       51
INFO[Main]:   Server::SendBlocks(): Collect list [ms] 
INFO[Main]:   Server::SendBlocks(): Send to clients [ms] 
INFO[Main]:   ServerEnv: ABMs run 
INFO[Main]:   ServerEnv: Run SAO::step() [ms] 
INFO[Main]:   ServerEnv: Run node timers [ms] 
INFO[Main]:   ServerEnv: active blocks 
INFO[Main]:   ServerEnv: active blocks cached 
INFO[Main]:   ServerEnv: active blocks scanned for ABMs 
INFO[Main]:   ServerEnv: update active blocks [ms] 
INFO[Main]:   ServerEnv::step() [ms] __________________________   20x     0.05
INFO[Main]:   ServerEnvironment::removeRemovedObjects() [ms] 
INFO[Main]:   ServerMap: load block - sync (sum) [ms] 
INFO[Server]: ServerMap: Written: 783 blocks, 2448 blocks in memory.
INFO[Server]: ServerMap: Blocks modified by: 
INFO[Server]:   finishBlockMake: expireIsAir, MMVManip::blitBackAll     1x      313
INFO[Server]:   setGenerated, finishBlockMake: expireIsAir, MMVManip::blitBackAll     1x      170
INFO[Server]:   setIsUnderground ________________________________    1x      125
INFO[Server]:   setIsUnderground, finishBlockMake: expireIsAir, MMVManip::blitBackAll     1x       95
INFO[Server]:   setIsUnderground, setGenerated, finishBlockMake: expireIsAir, MMVManip::blitBackAll     1x       80
ACTION[Emerge-0]: GRUG_WP40_PROFILE_CALLBACK callback=12 minp=-1792,48,-2512 maxp=-1713,127,-2433 blockseed=3384461985 plan_us=133263 writer_us=145500 total_us=278763 columns=6400 candidate_cells=49 candidates=580 r5_runs=11687 result=applied_clq vm_get_emerged_area_calls=1 vm_get_emerged_area_us=2 vm_get_data_calls=1 vm_get_data_us=3794 vm_get_param2_data_calls=1 vm_get_param2_data_us=3791 vm_get_light_data_calls=2 vm_get_light_data_us=7573 vm_set_data_calls=1 vm_set_data_us=7217 vm_set_param2_data_calls=0 vm_set_param2_data_us=0 vm_set_lighting_calls=56 vm_set_lighting_us=54 vm_calc_lighting_calls=1 vm_calc_lighting_us=11692 vm_set_light_data_calls=1 vm_set_light_data_us=7011 vm_update_liquids_calls=1 vm_update_liquids_us=955
ACTION[Emerge-0]: [grug_core] start area ready: dwarf (1/6, 22.1 s)
INFO[Emerge-0]: initialEmerge: area: (-128,-48,-2688)(-17,63,-2577)=112x112x112=1404928 (5MB)
ACTION[Server]: [grug_mobs] start npcs hearthpine: grug_mobs:guard_accord placed at socket gate_west (-1804,46,-2491)
ACTION[Server]: [grug_mobs] start npcs hearthpine: grug_mobs:guard_accord placed at socket gate_east (-1796,46,-2491)
ACTION[Server]: [grug_mobs] start npcs hearthpine: grug_mobs:guard_accord placed at socket watch_gate (-1800,46,-2498)
ACTION[Server]: [grug_mobs] start npcs hearthpine: grug_traders:vendor_race_dwarf placed at socket plaza_vendor (-1793,46,-2555)
ACTION[Server]: [grug_mobs] start npcs hearthpine: grug_mobs:villager_dwarf placed at socket idle_west_door (-1816,46,-2546)
ACTION[Server]: [grug_mobs] start npcs hearthpine: grug_mobs:villager_dwarf placed at socket idle_plaza_bench (-1793,46,-2549)
ACTION[Server]: [grug_mobs] start npcs hearthpine: grug_mobs:villager_dwarf placed at socket idle_workyard (-1819,46,-2533)
ACTION[Server]: [grug_mobs] start npcs hearthpine: grug_mobs:villager_dwarf placed at socket idle_forge_door (-1798,46,-2560)
ACTION[Server]: [grug_mobs] start npcs hearthpine: grug_mobs:villager_dwarf placed at socket work_woodpile (-1812,46,-2563)
ACTION[Server]: [grug_mobs] start npcs hearthpine: grug_mobs:villager_dwarf placed at socket work_garden (-1819,46,-2529)
ACTION[Server]: [grug_mobs] start npcs hearthpine: grug_mobs:elder_dwarf placed at socket hall_quest (-1828,46,-2524)
ACTION[Server]: [grug_mobs] start npcs hearthpine: grug_mobs:villager_dwarf placed at socket trainer_cooking (-1798,46,-2540)
ACTION[Server]: [grug_mobs] start npcs dwarf hearthpine: guards 3/3 flair 7/7 vendor 1/1 quest 1/1 royal 0/0 new 12 pending 0 spare 3 residents 6 walkers 1
ACTION[Emerge-0]: GRUG_WP40_PROFILE_CALLBACK callback=13 minp=-112,-32,-2672 maxp=-33,47,-2593 blockseed=1529979887 plan_us=490158 writer_us=353718 total_us=843876 columns=6400 candidate_cells=49 candidates=2606 r5_runs=25600 result=applied_cplq vm_get_emerged_area_calls=1 vm_get_emerged_area_us=1 vm_get_data_calls=1 vm_get_data_us=4055 vm_get_param2_data_calls=1 vm_get_param2_data_us=4053 vm_get_light_data_calls=2 vm_get_light_data_us=7894 vm_set_data_calls=1 vm_set_data_us=7453 vm_set_param2_data_calls=1 vm_set_param2_data_us=7428 vm_set_lighting_calls=1 vm_set_lighting_us=111 vm_calc_lighting_calls=1 vm_calc_lighting_us=3137 vm_set_light_data_calls=1 vm_set_light_data_us=7101 vm_update_liquids_calls=1 vm_update_liquids_us=966
INFO[Emerge-0]: initialEmerge: area: (-48,-48,-2688)(63,63,-2577)=112x112x112=1404928 (5MB)
INFO[Main]: Profiler:
INFO[Main]:   ActiveObjectMgr: SAO count [#] __________________   20x    25.65
INFO[Main]:   Emerge-0: processed [#] _________________________    1x      105
INFO[Main]:   EmergeThread: Lua on_generated [ms] _____________    2x    561.5
INFO[Main]:   EmergeThread: Mapgen::makeChunk [ms] ____________    2x     30.5
INFO[Main]:   EmergeThread: after Mapgen::makeChunk [ms] ______    2x      0.5
INFO[Main]:   EmergeThread: load block - async (sum) [ms] 
INFO[Main]:   EmergeThread: update lighting [ms] ______________   61x    0.409
INFO[Main]:   SEnv: modify in blocks avg per interval [ms] 
INFO[Main]:   Server: collisionMoveSimple() [us] ______________  228x      2.1
INFO[Main]:   Server: map saving (sum) [ms] ___________________    1x       10
INFO[Main]:   Server: map timer and unload [ms] 
INFO[Main]:   Server: send SAO messages [ms] 
INFO[Main]:   Server: update objects within range [ms] 
INFO[Main]:   Server::AsyncRunStep() [ms] _____________________   20x      0.8
INFO[Main]:   Server::RunStep() (max) [ms] ____________________    1x       51
INFO[Main]:   Server::SendBlocks(): Collect list [ms] 
INFO[Main]:   Server::SendBlocks(): Send to clients [ms] 
INFO[Main]:   ServerEnv: ABMs run 
INFO[Main]:   ServerEnv: Run SAO::step() [ms] _________________   20x     0.15
INFO[Main]:   ServerEnv: Run node timers [ms] 
INFO[Main]:   ServerEnv: active blocks 
INFO[Main]:   ServerEnv: active blocks cached 
INFO[Main]:   ServerEnv: active blocks scanned for ABMs 
INFO[Main]:   ServerEnv: update active blocks [ms] 
INFO[Main]:   ServerEnv::step() [ms] __________________________   20x     0.25
INFO[Main]:   ServerEnvironment::removeRemovedObjects() [ms] 
INFO[Main]:   ServerMap: load block - sync (sum) [ms] _________    1x        2
INFO[Server]: ServerMap: Written: 937 blocks, 3036 blocks in memory.
INFO[Server]: ServerMap: Blocks modified by: 
INFO[Server]:   addActiveObjectRaw ______________________________    1x        6
INFO[Server]:   addActiveObjectRaw, finishBlockMake: expireIsAir, MMVManip::blitBackAll     1x        2
INFO[Server]:   finishBlockMake: expireIsAir, MMVManip::blitBackAll     1x      216
INFO[Server]:   setGenerated, finishBlockMake: expireIsAir, MMVManip::blitBackAll     1x      125
INFO[Server]:   setIsUnderground ________________________________    1x      245
INFO[Server]:   setIsUnderground, finishBlockMake: expireIsAir, MMVManip::blitBackAll     1x      218
INFO[Server]:   setIsUnderground, setGenerated, finishBlockMake: expireIsAir, MMVManip::blitBackAll     1x      125
ACTION[Emerge-0]: GRUG_WP40_PROFILE_CALLBACK callback=14 minp=-32,-32,-2672 maxp=47,47,-2593 blockseed=563529199 plan_us=345635 writer_us=346854 total_us=692489 columns=6400 candidate_cells=49 candidates=2336 r5_runs=25600 result=applied_cplq vm_get_emerged_area_calls=1 vm_get_emerged_area_us=2 vm_get_data_calls=1 vm_get_data_us=4027 vm_get_param2_data_calls=1 vm_get_param2_data_us=3797 vm_get_light_data_calls=2 vm_get_light_data_us=8108 vm_set_data_calls=1 vm_set_data_us=7210 vm_set_param2_data_calls=1 vm_set_param2_data_us=7102 vm_set_lighting_calls=1 vm_set_lighting_us=102 vm_calc_lighting_calls=1 vm_calc_lighting_us=3547 vm_set_light_data_calls=1 vm_set_light_data_us=7023 vm_update_liquids_calls=1 vm_update_liquids_us=955
INFO[Emerge-0]: initialEmerge: area: (32,-48,-2688)(143,63,-2577)=112x112x112=1404928 (5MB)
INFO[Main]: Profiler:
INFO[Main]:   ActiveObjectMgr: SAO count [#] __________________   20x       27
INFO[Main]:   Emerge-0: processed [#] _________________________    1x        5
INFO[Main]:   EmergeThread: Lua on_generated [ms] _____________    1x      693
INFO[Main]:   EmergeThread: Mapgen::makeChunk [ms] ____________    1x       31
INFO[Main]:   EmergeThread: after Mapgen::makeChunk [ms] ______    1x        1
INFO[Main]:   EmergeThread: load block - async (sum) [ms] 
INFO[Main]:   EmergeThread: update lighting [ms] ______________    3x    3.333
INFO[Main]:   SEnv: modify in blocks avg per interval [ms] 
INFO[Main]:   Server: collisionMoveSimple() [us] ______________  240x    2.004
INFO[Main]:   Server: map saving (sum) [ms] ___________________    1x       12
INFO[Main]:   Server: map timer and unload [ms] 
INFO[Main]:   Server: send SAO messages [ms] __________________    1x        1
INFO[Main]:   Server: update objects within range [ms] 
INFO[Main]:   Server::AsyncRunStep() [ms] _____________________   20x     0.75
INFO[Main]:   Server::RunStep() (max) [ms] ____________________    1x       51
INFO[Main]:   Server::SendBlocks(): Collect list [ms] 
INFO[Main]:   Server::SendBlocks(): Send to clients [ms] 
INFO[Main]:   ServerEnv: ABMs run 
INFO[Main]:   ServerEnv: Run SAO::step() [ms] _________________   20x      0.1
INFO[Main]:   ServerEnv: Run node timers [ms] 
INFO[Main]:   ServerEnv: active blocks 
INFO[Main]:   ServerEnv: active blocks cached 
INFO[Main]:   ServerEnv: active blocks scanned for ABMs 
INFO[Main]:   ServerEnv: update active blocks [ms] 
INFO[Main]:   ServerEnv::step() [ms] __________________________   20x      0.1
INFO[Main]:   ServerEnvironment::removeRemovedObjects() [ms] 
INFO[Main]:   ServerMap: load block - sync (sum) [ms] _________    1x        1
INFO[Server]: ServerMap: Written: 596 blocks, 3281 blocks in memory.
INFO[Server]: ServerMap: Blocks modified by: 
INFO[Server]:   deactivateFarObjects: static data changed _______    1x        8
INFO[Server]:   finishBlockMake: expireIsAir, MMVManip::blitBackAll     1x      218
INFO[Server]:   setGenerated, finishBlockMake: expireIsAir, MMVManip::blitBackAll     1x      125
INFO[Server]:   setIsUnderground ________________________________    1x      245
ACTION[Emerge-0]: GRUG_WP40_PROFILE_CALLBACK callback=15 minp=48,-32,-2672 maxp=127,47,-2593 blockseed=3307873967 plan_us=410626 writer_us=298644 total_us=709270 columns=6400 candidate_cells=49 candidates=3302 r5_runs=25520 result=applied_cplq vm_get_emerged_area_calls=1 vm_get_emerged_area_us=1 vm_get_data_calls=1 vm_get_data_us=4075 vm_get_param2_data_calls=1 vm_get_param2_data_us=4292 vm_get_light_data_calls=2 vm_get_light_data_us=8108 vm_set_data_calls=1 vm_set_data_us=7200 vm_set_param2_data_calls=1 vm_set_param2_data_us=7081 vm_set_lighting_calls=1 vm_set_lighting_us=112 vm_calc_lighting_calls=1 vm_calc_lighting_us=3536 vm_set_light_data_calls=1 vm_set_light_data_us=7020 vm_update_liquids_calls=1 vm_update_liquids_us=964
INFO[Emerge-0]: initialEmerge: area: (-128,32,-2688)(-17,143,-2577)=112x112x112=1404928 (5MB)
ACTION[Emerge-0]: GRUG_WP40_PROFILE_CALLBACK callback=16 minp=-112,48,-2672 maxp=-33,127,-2593 blockseed=4258235189 plan_us=129217 writer_us=139071 total_us=268288 columns=6400 candidate_cells=49 candidates=2606 r5_runs=6400 result=applied_clq vm_get_emerged_area_calls=1 vm_get_emerged_area_us=2 vm_get_data_calls=1 vm_get_data_us=3789 vm_get_param2_data_calls=1 vm_get_param2_data_us=3791 vm_get_light_data_calls=2 vm_get_light_data_us=8120 vm_set_data_calls=1 vm_set_data_us=7203 vm_set_param2_data_calls=0 vm_set_param2_data_us=0 vm_set_lighting_calls=26 vm_set_lighting_us=21 vm_calc_lighting_calls=1 vm_calc_lighting_us=9306 vm_set_light_data_calls=1 vm_set_light_data_us=7039 vm_update_liquids_calls=1 vm_update_liquids_us=886
INFO[Emerge-0]: initialEmerge: area: (-48,32,-2688)(63,143,-2577)=112x112x112=1404928 (5MB)
ACTION[Emerge-0]: GRUG_WP40_PROFILE_CALLBACK callback=17 minp=-32,48,-2672 maxp=47,127,-2593 blockseed=990410997 plan_us=110841 writer_us=93370 total_us=204211 columns=6400 candidate_cells=49 candidates=2336 r5_runs=6400 result=noop_equal_content vm_get_emerged_area_calls=1 vm_get_emerged_area_us=2 vm_get_data_calls=1 vm_get_data_us=4055 vm_get_param2_data_calls=1 vm_get_param2_data_us=4055 vm_get_light_data_calls=0 vm_get_light_data_us=0 vm_set_data_calls=0 vm_set_data_us=0 vm_set_param2_data_calls=0 vm_set_param2_data_us=0 vm_set_lighting_calls=0 vm_set_lighting_us=0 vm_calc_lighting_calls=0 vm_calc_lighting_us=0 vm_set_light_data_calls=0 vm_set_light_data_us=0 vm_update_liquids_calls=0 vm_update_liquids_us=0
INFO[Emerge-0]: initialEmerge: area: (32,32,-2688)(143,143,-2577)=112x112x112=1404928 (5MB)
INFO[Main]: Profiler:
INFO[Main]:   ActiveObjectMgr: SAO count [#] __________________   20x     0.75
INFO[Main]:   Emerge-0: processed [#] _________________________    1x       24
INFO[Main]:   EmergeThread: Lua on_generated [ms] _____________    3x  394.333
INFO[Main]:   EmergeThread: Mapgen::makeChunk [ms] ____________    3x   29.333
INFO[Main]:   EmergeThread: after Mapgen::makeChunk [ms] ______    3x    0.666
INFO[Main]:   EmergeThread: load block - async (sum) [ms] 
INFO[Main]:   EmergeThread: update lighting [ms] ______________   32x    1.406
INFO[Main]:   SEnv: modify in blocks avg per interval [ms] 
INFO[Main]:   Server: collisionMoveSimple() [us] 
INFO[Main]:   Server: map saving (sum) [ms] ___________________    1x        8
INFO[Main]:   Server: map timer and unload [ms] 
INFO[Main]:   Server: send SAO messages [ms] 
INFO[Main]:   Server: update objects within range [ms] 
INFO[Main]:   Server::AsyncRunStep() [ms] _____________________   20x     0.45
INFO[Main]:   Server::RunStep() (max) [ms] ____________________    1x       51
INFO[Main]:   Server::SendBlocks(): Collect list [ms] 
INFO[Main]:   Server::SendBlocks(): Send to clients [ms] 
INFO[Main]:   ServerEnv: ABMs run 
INFO[Main]:   ServerEnv: Run SAO::step() [ms] 
INFO[Main]:   ServerEnv: Run node timers [ms] 
INFO[Main]:   ServerEnv: active blocks 
INFO[Main]:   ServerEnv: active blocks cached 
INFO[Main]:   ServerEnv: active blocks scanned for ABMs 
INFO[Main]:   ServerEnv: update active blocks [ms] ____________    1x        1
INFO[Main]:   ServerEnv::step() [ms] __________________________   20x     0.05
INFO[Main]:   ServerEnvironment::removeRemovedObjects() [ms] 
INFO[Main]:   ServerMap: load block - sync (sum) [ms] _________    1x        2
INFO[Server]: ServerMap: Written: 1078 blocks, 3876 blocks in memory.
INFO[Server]: ServerMap: Blocks modified by: 
INFO[Server]:   finishBlockMake: expireIsAir, MMVManip::blitBackAll     1x      308
INFO[Server]:   setGenerated, finishBlockMake: expireIsAir, MMVManip::blitBackAll     1x      175
INFO[Server]:   setIsUnderground ________________________________    1x      175
INFO[Server]:   setIsUnderground, finishBlockMake: expireIsAir, MMVManip::blitBackAll     1x      220
INFO[Server]:   setIsUnderground, setGenerated, finishBlockMake: expireIsAir, MMVManip::blitBackAll     1x      200
ACTION[Emerge-0]: GRUG_WP40_PROFILE_CALLBACK callback=18 minp=48,48,-2672 maxp=127,127,-2593 blockseed=2820615925 plan_us=153408 writer_us=91329 total_us=244737 columns=6400 candidate_cells=49 candidates=3302 r5_runs=6400 result=noop_equal_content vm_get_emerged_area_calls=1 vm_get_emerged_area_us=2 vm_get_data_calls=1 vm_get_data_us=3857 vm_get_param2_data_calls=1 vm_get_param2_data_us=3794 vm_get_light_data_calls=0 vm_get_light_data_us=0 vm_set_data_calls=0 vm_set_data_us=0 vm_set_param2_data_calls=0 vm_set_param2_data_us=0 vm_set_lighting_calls=0 vm_set_lighting_us=0 vm_calc_lighting_calls=0 vm_calc_lighting_us=0 vm_set_light_data_calls=0 vm_set_light_data_us=0 vm_update_liquids_calls=0 vm_update_liquids_us=0
INFO[Emerge-0]: initialEmerge: area: (-128,-48,-2608)(-17,63,-2497)=112x112x112=1404928 (5MB)
ACTION[Emerge-0]: GRUG_WP40_PROFILE_CALLBACK callback=19 minp=-112,-32,-2592 maxp=-33,47,-2513 blockseed=475103813 plan_us=361534 writer_us=324209 total_us=685743 columns=6400 candidate_cells=49 candidates=2096 r5_runs=25600 result=applied_cplq vm_get_emerged_area_calls=1 vm_get_emerged_area_us=2 vm_get_data_calls=1 vm_get_data_us=4089 vm_get_param2_data_calls=1 vm_get_param2_data_us=4080 vm_get_light_data_calls=2 vm_get_light_data_us=8114 vm_set_data_calls=1 vm_set_data_us=7201 vm_set_param2_data_calls=1 vm_set_param2_data_us=7085 vm_set_lighting_calls=16 vm_set_lighting_us=111 vm_calc_lighting_calls=1 vm_calc_lighting_us=4227 vm_set_light_data_calls=1 vm_set_light_data_us=7014 vm_update_liquids_calls=1 vm_update_liquids_us=954
INFO[Emerge-0]: initialEmerge: area: (-48,-48,-2608)(63,63,-2497)=112x112x112=1404928 (5MB)
INFO[Main]: Profiler:
INFO[Main]:   ActiveObjectMgr: SAO count [#] 
INFO[Main]:   Emerge-0: processed [#] _________________________    1x       83
INFO[Main]:   EmergeThread: Lua on_generated [ms] _____________    2x    465.5
INFO[Main]:   EmergeThread: Mapgen::makeChunk [ms] ____________    2x       31
INFO[Main]:   EmergeThread: after Mapgen::makeChunk [ms] ______    2x        1
INFO[Main]:   EmergeThread: load block - async (sum) [ms] 
INFO[Main]:   EmergeThread: update lighting [ms] ______________   19x    0.842
INFO[Main]:   SEnv: modify in blocks avg per interval [ms] 
INFO[Main]:   Server: collisionMoveSimple() [us] 
INFO[Main]:   Server: map saving (sum) [ms] ___________________    1x       12
INFO[Main]:   Server: map timer and unload [ms] 
INFO[Main]:   Server: send SAO messages [ms] 
INFO[Main]:   Server: update objects within range [ms] 
INFO[Main]:   Server::AsyncRunStep() [ms] _____________________   20x     0.65
INFO[Main]:   Server::RunStep() (max) [ms] ____________________    1x       51
INFO[Main]:   Server::SendBlocks(): Collect list [ms] 
INFO[Main]:   Server::SendBlocks(): Send to clients [ms] 
INFO[Main]:   ServerEnv: ABMs run 
INFO[Main]:   ServerEnv: Run SAO::step() [ms] _________________   20x     0.05
INFO[Main]:   ServerEnv: Run node timers [ms] 
INFO[Main]:   ServerEnv: active blocks 
INFO[Main]:   ServerEnv: active blocks cached 
INFO[Main]:   ServerEnv: active blocks scanned for ABMs 
INFO[Main]:   ServerEnv: update active blocks [ms] 
INFO[Main]:   ServerEnv::step() [ms] __________________________   20x     0.05
INFO[Main]:   ServerEnvironment::removeRemovedObjects() [ms] 
INFO[Main]:   ServerMap: load block - sync (sum) [ms] 
INFO[Server]: ServerMap: Written: 861 blocks, 4296 blocks in memory.
INFO[Server]: ServerMap: Blocks modified by: 
INFO[Server]:   finishBlockMake: expireIsAir, MMVManip::blitBackAll     1x      291
INFO[Server]:   setGenerated, finishBlockMake: expireIsAir, MMVManip::blitBackAll     1x      150
INFO[Server]:   setIsUnderground ________________________________    1x      175
INFO[Server]:   setIsUnderground, finishBlockMake: expireIsAir, MMVManip::blitBackAll     1x      145
INFO[Server]:   setIsUnderground, setGenerated, finishBlockMake: expireIsAir, MMVManip::blitBackAll     1x      100
ACTION[Emerge-0]: GRUG_WP40_PROFILE_CALLBACK callback=20 minp=-32,-32,-2592 maxp=47,47,-2513 blockseed=3224694757 plan_us=200981 writer_us=389734 total_us=590715 columns=6400 candidate_cells=49 candidates=0 r5_runs=25600 result=applied_cplq vm_get_emerged_area_calls=1 vm_get_emerged_area_us=2 vm_get_data_calls=1 vm_get_data_us=4059 vm_get_param2_data_calls=1 vm_get_param2_data_us=4065 vm_get_light_data_calls=2 vm_get_light_data_us=8060 vm_set_data_calls=1 vm_set_data_us=7313 vm_set_param2_data_calls=1 vm_set_param2_data_us=7085 vm_set_lighting_calls=16 vm_set_lighting_us=128 vm_calc_lighting_calls=1 vm_calc_lighting_us=6821 vm_set_light_data_calls=1 vm_set_light_data_us=7020 vm_update_liquids_calls=1 vm_update_liquids_us=956
INFO[Emerge-0]: initialEmerge: area: (32,-48,-2608)(143,63,-2497)=112x112x112=1404928 (5MB)
INFO[Main]: Profiler:
INFO[Main]:   ActiveObjectMgr: SAO count [#] 
INFO[Main]:   Emerge-0: processed [#] _________________________    1x        5
INFO[Main]:   EmergeThread: Lua on_generated [ms] _____________    1x      591
INFO[Main]:   EmergeThread: Mapgen::makeChunk [ms] ____________    1x       32
INFO[Main]:   EmergeThread: after Mapgen::makeChunk [ms] ______    1x        1
INFO[Main]:   EmergeThread: load block - async (sum) [ms] 
INFO[Main]:   EmergeThread: update lighting [ms] ______________   18x    0.722
INFO[Main]:   SEnv: modify in blocks avg per interval [ms] 
INFO[Main]:   Server: collisionMoveSimple() [us] 
INFO[Main]:   Server: map saving (sum) [ms] ___________________    1x       10
INFO[Main]:   Server: map timer and unload [ms] 
INFO[Main]:   Server: send SAO messages [ms] 
INFO[Main]:   Server: update objects within range [ms] 
INFO[Main]:   Server::AsyncRunStep() [ms] _____________________   20x      0.5
INFO[Main]:   Server::RunStep() (max) [ms] ____________________    1x       51
INFO[Main]:   Server::SendBlocks(): Collect list [ms] 
INFO[Main]:   Server::SendBlocks(): Send to clients [ms] 
INFO[Main]:   ServerEnv: ABMs run 
INFO[Main]:   ServerEnv: Run SAO::step() [ms] 
INFO[Main]:   ServerEnv: Run node timers [ms] 
INFO[Main]:   ServerEnv: active blocks 
INFO[Main]:   ServerEnv: active blocks cached 
INFO[Main]:   ServerEnv: active blocks scanned for ABMs 
INFO[Main]:   ServerEnv: update active blocks [ms] 
INFO[Main]:   ServerEnv::step() [ms] 
INFO[Main]:   ServerEnvironment::removeRemovedObjects() [ms] 
INFO[Main]:   ServerMap: load block - sync (sum) [ms] 
INFO[Server]: ServerMap: Written: 518 blocks, 4471 blocks in memory.
INFO[Server]: ServerMap: Blocks modified by: 
INFO[Server]:   finishBlockMake: expireIsAir, MMVManip::blitBackAll     1x      218
INFO[Server]:   setGenerated, finishBlockMake: expireIsAir, MMVManip::blitBackAll     1x      125
INFO[Server]:   setIsUnderground ________________________________    1x      175
ACTION[Emerge-0]: GRUG_WP40_PROFILE_CALLBACK callback=21 minp=48,-32,-2592 maxp=127,47,-2513 blockseed=368324113 plan_us=309824 writer_us=310510 total_us=620334 columns=6400 candidate_cells=49 candidates=2605 r5_runs=25520 result=applied_cplq vm_get_emerged_area_calls=1 vm_get_emerged_area_us=2 vm_get_data_calls=1 vm_get_data_us=4059 vm_get_param2_data_calls=1 vm_get_param2_data_us=4059 vm_get_light_data_calls=2 vm_get_light_data_us=8649 vm_set_data_calls=1 vm_set_data_us=7197 vm_set_param2_data_calls=1 vm_set_param2_data_us=7081 vm_set_lighting_calls=16 vm_set_lighting_us=113 vm_calc_lighting_calls=1 vm_calc_lighting_us=4726 vm_set_light_data_calls=1 vm_set_light_data_us=7296 vm_update_liquids_calls=1 vm_update_liquids_us=1037
INFO[Emerge-0]: initialEmerge: area: (-128,32,-2608)(-17,143,-2497)=112x112x112=1404928 (5MB)
ACTION[Emerge-0]: GRUG_WP40_PROFILE_CALLBACK callback=22 minp=-112,48,-2592 maxp=-33,127,-2513 blockseed=3885852267 plan_us=115828 writer_us=93071 total_us=208899 columns=6400 candidate_cells=49 candidates=2096 r5_runs=6400 result=noop_equal_content vm_get_emerged_area_calls=1 vm_get_emerged_area_us=4 vm_get_data_calls=1 vm_get_data_us=4072 vm_get_param2_data_calls=1 vm_get_param2_data_us=4084 vm_get_light_data_calls=0 vm_get_light_data_us=0 vm_set_data_calls=0 vm_set_data_us=0 vm_set_param2_data_calls=0 vm_set_param2_data_us=0 vm_set_lighting_calls=0 vm_set_lighting_us=0 vm_calc_lighting_calls=0 vm_calc_lighting_us=0 vm_set_light_data_calls=0 vm_set_light_data_us=0 vm_update_liquids_calls=0 vm_update_liquids_us=0
INFO[Emerge-0]: initialEmerge: area: (-48,32,-2608)(63,143,-2497)=112x112x112=1404928 (5MB)
ACTION[Emerge-0]: GRUG_WP40_PROFILE_CALLBACK callback=23 minp=-32,48,-2592 maxp=47,127,-2513 blockseed=2691073099 plan_us=36853 writer_us=93149 total_us=130002 columns=6400 candidate_cells=49 candidates=0 r5_runs=6400 result=noop_equal_content vm_get_emerged_area_calls=1 vm_get_emerged_area_us=2 vm_get_data_calls=1 vm_get_data_us=4061 vm_get_param2_data_calls=1 vm_get_param2_data_us=4076 vm_get_light_data_calls=0 vm_get_light_data_us=0 vm_set_data_calls=0 vm_set_data_us=0 vm_set_param2_data_calls=0 vm_set_param2_data_us=0 vm_set_lighting_calls=0 vm_set_lighting_us=0 vm_calc_lighting_calls=0 vm_calc_lighting_us=0 vm_set_light_data_calls=0 vm_set_light_data_us=0 vm_update_liquids_calls=0 vm_update_liquids_us=0
INFO[Emerge-0]: initialEmerge: area: (32,32,-2608)(143,143,-2497)=112x112x112=1404928 (5MB)
ACTION[Emerge-0]: GRUG_WP40_PROFILE_CALLBACK callback=24 minp=48,48,-2592 maxp=127,127,-2513 blockseed=2356093993 plan_us=132537 writer_us=91462 total_us=223999 columns=6400 candidate_cells=49 candidates=2605 r5_runs=6400 result=noop_equal_content vm_get_emerged_area_calls=1 vm_get_emerged_area_us=2 vm_get_data_calls=1 vm_get_data_us=3788 vm_get_param2_data_calls=1 vm_get_param2_data_us=3786 vm_get_light_data_calls=0 vm_get_light_data_us=0 vm_set_data_calls=0 vm_set_data_us=0 vm_set_param2_data_calls=0 vm_set_param2_data_us=0 vm_set_lighting_calls=0 vm_set_lighting_us=0 vm_calc_lighting_calls=0 vm_calc_lighting_us=0 vm_set_light_data_calls=0 vm_set_light_data_us=0 vm_update_liquids_calls=0 vm_update_liquids_us=0
INFO[Emerge-0]: initialEmerge: area: (-128,-48,-2528)(-17,63,-2417)=112x112x112=1404928 (5MB)
INFO[Main]: Profiler:
INFO[Main]:   ActiveObjectMgr: SAO count [#] 
INFO[Main]:   Emerge-0: processed [#] _________________________    1x      273
INFO[Main]:   EmergeThread: Lua on_generated [ms] _____________    4x      296
INFO[Main]:   EmergeThread: Mapgen::makeChunk [ms] ____________    4x       29
INFO[Main]:   EmergeThread: after Mapgen::makeChunk [ms] ______    4x      1.5
INFO[Main]:   EmergeThread: load block - async (sum) [ms] 
INFO[Main]:   EmergeThread: update lighting [ms] ______________   21x    2.333
INFO[Main]:   SEnv: modify in blocks avg per interval [ms] 
INFO[Main]:   Server: collisionMoveSimple() [us] 
INFO[Main]:   Server: map saving (sum) [ms] ___________________    1x        8
INFO[Main]:   Server: map timer and unload [ms] 
INFO[Main]:   Server: send SAO messages [ms] 
INFO[Main]:   Server: update objects within range [ms] 
INFO[Main]:   Server::AsyncRunStep() [ms] _____________________   20x      0.4
INFO[Main]:   Server::RunStep() (max) [ms] ____________________    1x       51
INFO[Main]:   Server::SendBlocks(): Collect list [ms] 
INFO[Main]:   Server::SendBlocks(): Send to clients [ms] 
INFO[Main]:   ServerEnv: ABMs run 
INFO[Main]:   ServerEnv: Run SAO::step() [ms] 
INFO[Main]:   ServerEnv: Run node timers [ms] 
INFO[Main]:   ServerEnv: active blocks 
INFO[Main]:   ServerEnv: active blocks cached 
INFO[Main]:   ServerEnv: active blocks scanned for ABMs 
INFO[Main]:   ServerEnv: update active blocks [ms] 
INFO[Main]:   ServerEnv::step() [ms] 
INFO[Main]:   ServerEnvironment::removeRemovedObjects() [ms] 
INFO[Main]:   ServerMap: load block - sync (sum) [ms] _________    1x        1
INFO[Server]: ServerMap: Written: 1323 blocks, 5141 blocks in memory.
INFO[Server]: ServerMap: Blocks modified by: 
INFO[Server]:   finishBlockMake: expireIsAir, MMVManip::blitBackAll     1x      393
INFO[Server]:   setGenerated, finishBlockMake: expireIsAir, MMVManip::blitBackAll     1x      260
INFO[Server]:   setIsUnderground ________________________________    1x      245
INFO[Server]:   setIsUnderground, finishBlockMake: expireIsAir, MMVManip::blitBackAll     1x      185
INFO[Server]:   setIsUnderground, setGenerated, finishBlockMake: expireIsAir, MMVManip::blitBackAll     1x      240
ACTION[Emerge-0]: GRUG_WP40_PROFILE_CALLBACK callback=25 minp=-112,-32,-2512 maxp=-33,47,-2433 blockseed=2192713993 plan_us=406682 writer_us=326737 total_us=733419 columns=6400 candidate_cells=49 candidates=3032 r5_runs=25600 result=applied_cplq vm_get_emerged_area_calls=1 vm_get_emerged_area_us=2 vm_get_data_calls=1 vm_get_data_us=4140 vm_get_param2_data_calls=1 vm_get_param2_data_us=4067 vm_get_light_data_calls=2 vm_get_light_data_us=8118 vm_set_data_calls=1 vm_set_data_us=7221 vm_set_param2_data_calls=1 vm_set_param2_data_us=7106 vm_set_lighting_calls=16 vm_set_lighting_us=128 vm_calc_lighting_calls=1 vm_calc_lighting_us=4763 vm_set_light_data_calls=1 vm_set_light_data_us=7019 vm_update_liquids_calls=1 vm_update_liquids_us=1001
INFO[Emerge-0]: initialEmerge: area: (-48,-48,-2528)(63,63,-2417)=112x112x112=1404928 (5MB)
INFO[Main]: Profiler:
INFO[Main]:   ActiveObjectMgr: SAO count [#] 
INFO[Main]:   Emerge-0: processed [#] _________________________    1x        2
INFO[Main]:   EmergeThread: Lua on_generated [ms] _____________    1x      734
INFO[Main]:   EmergeThread: Mapgen::makeChunk [ms] ____________    1x       32
INFO[Main]:   EmergeThread: after Mapgen::makeChunk [ms] ______    1x        1
INFO[Main]:   EmergeThread: load block - async (sum) [ms] 
INFO[Main]:   EmergeThread: update lighting [ms] ______________   18x    0.611
INFO[Main]:   SEnv: modify in blocks avg per interval [ms] 
INFO[Main]:   Server: collisionMoveSimple() [us] 
INFO[Main]:   Server: map saving (sum) [ms] ___________________    1x       15
INFO[Main]:   Server: map timer and unload [ms] 
INFO[Main]:   Server: send SAO messages [ms] 
INFO[Main]:   Server: update objects within range [ms] 
INFO[Main]:   Server::AsyncRunStep() [ms] _____________________   20x     0.75
INFO[Main]:   Server::RunStep() (max) [ms] ____________________    1x       51
INFO[Main]:   Server::SendBlocks(): Collect list [ms] 
INFO[Main]:   Server::SendBlocks(): Send to clients [ms] 
INFO[Main]:   ServerEnv: ABMs run 
INFO[Main]:   ServerEnv: Run SAO::step() [ms] 
INFO[Main]:   ServerEnv: Run node timers [ms] 
INFO[Main]:   ServerEnv: active blocks 
INFO[Main]:   ServerEnv: active blocks cached 
INFO[Main]:   ServerEnv: active blocks scanned for ABMs 
INFO[Main]:   ServerEnv: update active blocks [ms] 
INFO[Main]:   ServerEnv::step() [ms] 
INFO[Main]:   ServerEnvironment::removeRemovedObjects() [ms] 
INFO[Main]:   ServerMap: load block - sync (sum) [ms] 
INFO[Server]: ServerMap: Written: 518 blocks, 5316 blocks in memory.
INFO[Server]: ServerMap: Blocks modified by: 
INFO[Server]:   finishBlockMake: expireIsAir, MMVManip::blitBackAll     1x      218
INFO[Server]:   setGenerated, finishBlockMake: expireIsAir, MMVManip::blitBackAll     1x      125
INFO[Server]:   setIsUnderground ________________________________    1x      175
ACTION[Emerge-0]: GRUG_WP40_PROFILE_CALLBACK callback=26 minp=-32,-32,-2512 maxp=47,47,-2433 blockseed=1686908169 plan_us=255238 writer_us=280479 total_us=535717 columns=6400 candidate_cells=49 candidates=829 r5_runs=25650 result=applied_cplq vm_get_emerged_area_calls=1 vm_get_emerged_area_us=2 vm_get_data_calls=1 vm_get_data_us=4057 vm_get_param2_data_calls=1 vm_get_param2_data_us=4146 vm_get_light_data_calls=2 vm_get_light_data_us=8115 vm_set_data_calls=1 vm_set_data_us=7336 vm_set_param2_data_calls=1 vm_set_param2_data_us=7089 vm_set_lighting_calls=16 vm_set_lighting_us=129 vm_calc_lighting_calls=1 vm_calc_lighting_us=6051 vm_set_light_data_calls=1 vm_set_light_data_us=7019 vm_update_liquids_calls=1 vm_update_liquids_us=987
INFO[Emerge-0]: initialEmerge: area: (32,-48,-2528)(143,63,-2417)=112x112x112=1404928 (5MB)
ACTION[Emerge-0]: GRUG_WP40_PROFILE_CALLBACK callback=27 minp=48,-32,-2512 maxp=127,47,-2433 blockseed=4087230729 plan_us=279129 writer_us=268155 total_us=547284 columns=6400 candidate_cells=49 candidates=1422 r5_runs=25662 result=applied_cplq vm_get_emerged_area_calls=1 vm_get_emerged_area_us=2 vm_get_data_calls=1 vm_get_data_us=4063 vm_get_param2_data_calls=1 vm_get_param2_data_us=4066 vm_get_light_data_calls=2 vm_get_light_data_us=7844 vm_set_data_calls=1 vm_set_data_us=7204 vm_set_param2_data_calls=1 vm_set_param2_data_us=7106 vm_set_lighting_calls=16 vm_set_lighting_us=126 vm_calc_lighting_calls=1 vm_calc_lighting_us=5384 vm_set_light_data_calls=1 vm_set_light_data_us=7020 vm_update_liquids_calls=1 vm_update_liquids_us=965
INFO[Emerge-0]: initialEmerge: area: (-128,32,-2528)(-17,143,-2417)=112x112x112=1404928 (5MB)
INFO[Main]: Profiler:
INFO[Main]:   ActiveObjectMgr: SAO count [#] 
INFO[Main]:   Emerge-0: processed [#] _________________________    1x       22
INFO[Main]:   EmergeThread: Lua on_generated [ms] _____________    2x    541.5
INFO[Main]:   EmergeThread: Mapgen::makeChunk [ms] ____________    2x     34.5
INFO[Main]:   EmergeThread: after Mapgen::makeChunk [ms] ______    2x        1
INFO[Main]:   EmergeThread: load block - async (sum) [ms] 
INFO[Main]:   EmergeThread: update lighting [ms] ______________   36x    0.833
INFO[Main]:   SEnv: modify in blocks avg per interval [ms] 
INFO[Main]:   Server: collisionMoveSimple() [us] 
INFO[Main]:   Server: map saving (sum) [ms] ___________________    1x        7
INFO[Main]:   Server: map timer and unload [ms] 
INFO[Main]:   Server: send SAO messages [ms] 
INFO[Main]:   Server: update objects within range [ms] 
INFO[Main]:   Server::AsyncRunStep() [ms] _____________________   20x      0.4
INFO[Main]:   Server::RunStep() (max) [ms] ____________________    1x       51
INFO[Main]:   Server::SendBlocks(): Collect list [ms] 
INFO[Main]:   Server::SendBlocks(): Send to clients [ms] 
INFO[Main]:   ServerEnv: ABMs run 
INFO[Main]:   ServerEnv: Run SAO::step() [ms] 
INFO[Main]:   ServerEnv: Run node timers [ms] 
INFO[Main]:   ServerEnv: active blocks 
INFO[Main]:   ServerEnv: active blocks cached 
INFO[Main]:   ServerEnv: active blocks scanned for ABMs 
INFO[Main]:   ServerEnv: update active blocks [ms] 
INFO[Main]:   ServerEnv::step() [ms] __________________________   20x     0.05
INFO[Main]:   ServerEnvironment::removeRemovedObjects() [ms] 
INFO[Main]:   ServerMap: load block - sync (sum) [ms] _________    1x        2
INFO[Server]: ServerMap: Written: 763 blocks, 5666 blocks in memory.
INFO[Server]: ServerMap: Blocks modified by: 
INFO[Server]:   finishBlockMake: expireIsAir, MMVManip::blitBackAll     1x      241
INFO[Server]:   setGenerated, finishBlockMake: expireIsAir, MMVManip::blitBackAll     1x      164
INFO[Server]:   setGenerated, setNode, finishBlockMake: expireIsAir, MMVManip::blitBackAll     1x        6
INFO[Server]:   setIsUnderground ________________________________    1x      175
INFO[Server]:   setIsUnderground, finishBlockMake: expireIsAir, MMVManip::blitBackAll     1x       95
INFO[Server]:   setIsUnderground, setGenerated, finishBlockMake: expireIsAir, MMVManip::blitBackAll     1x       80
INFO[Server]:   setNode, finishBlockMake: expireIsAir, MMVManip::blitBackAll     1x        2
ACTION[Emerge-0]: GRUG_WP40_PROFILE_CALLBACK callback=28 minp=-112,48,-2512 maxp=-33,127,-2433 blockseed=1951303897 plan_us=150661 writer_us=96984 total_us=247645 columns=6400 candidate_cells=49 candidates=3032 r5_runs=6400 result=applied_clq vm_get_emerged_area_calls=1 vm_get_emerged_area_us=1 vm_get_data_calls=1 vm_get_data_us=4075 vm_get_param2_data_calls=1 vm_get_param2_data_us=4091 vm_get_light_data_calls=2 vm_get_light_data_us=8236 vm_set_data_calls=1 vm_set_data_us=7287 vm_set_param2_data_calls=0 vm_set_param2_data_us=0 vm_set_lighting_calls=38 vm_set_lighting_us=29 vm_calc_lighting_calls=1 vm_calc_lighting_us=11783 vm_set_light_data_calls=1 vm_set_light_data_us=7018 vm_update_liquids_calls=1 vm_update_liquids_us=982
INFO[Emerge-0]: initialEmerge: area: (-48,32,-2528)(63,143,-2417)=112x112x112=1404928 (5MB)
ACTION[Emerge-0]: GRUG_WP40_PROFILE_CALLBACK callback=29 minp=-32,48,-2512 maxp=47,127,-2433 blockseed=2708915929 plan_us=91687 writer_us=112822 total_us=204509 columns=6400 candidate_cells=49 candidates=829 r5_runs=6400 result=applied_clq vm_get_emerged_area_calls=1 vm_get_emerged_area_us=2 vm_get_data_calls=1 vm_get_data_us=4328 vm_get_param2_data_calls=1 vm_get_param2_data_us=4323 vm_get_light_data_calls=2 vm_get_light_data_us=8663 vm_set_data_calls=1 vm_set_data_us=7205 vm_set_param2_data_calls=0 vm_set_param2_data_us=0 vm_set_lighting_calls=93 vm_set_lighting_us=125 vm_calc_lighting_calls=1 vm_calc_lighting_us=13683 vm_set_light_data_calls=1 vm_set_light_data_us=7023 vm_update_liquids_calls=1 vm_update_liquids_us=894
INFO[Emerge-0]: initialEmerge: area: (32,32,-2528)(143,143,-2417)=112x112x112=1404928 (5MB)
ACTION[Emerge-0]: GRUG_WP40_PROFILE_CALLBACK callback=30 minp=48,48,-2512 maxp=127,127,-2433 blockseed=3288773337 plan_us=106044 writer_us=45757 total_us=151801 columns=6400 candidate_cells=49 candidates=1422 r5_runs=6400 result=noop_equal_content vm_get_emerged_area_calls=1 vm_get_emerged_area_us=2 vm_get_data_calls=1 vm_get_data_us=4066 vm_get_param2_data_calls=1 vm_get_param2_data_us=4057 vm_get_light_data_calls=0 vm_get_light_data_us=0 vm_set_data_calls=0 vm_set_data_us=0 vm_set_param2_data_calls=0 vm_set_param2_data_us=0 vm_set_lighting_calls=0 vm_set_lighting_us=0 vm_calc_lighting_calls=0 vm_calc_lighting_us=0 vm_set_light_data_calls=0 vm_set_light_data_us=0 vm_update_liquids_calls=0 vm_update_liquids_us=0
ACTION[Emerge-0]: [grug_core] start area ready: human (2/6, 30.6 s)
ACTION[Emerge-0]: GRUG_WP40_PROFILE_PROBE phase=cold event=emerge case=pine_hearthpine_center mapchunk=-1872,-32,-2592 elapsed_us=30556451 generated=1 disk=0 memory=124 cancelled=0 errored=0
INFO[Emerge-0]: initialEmerge: area: (1712,-48,-2688)(1823,63,-2577)=112x112x112=1404928 (5MB)
ACTION[Server]: [grug_mobs] start npcs dawnmere: grug_mobs:guard_accord placed at socket gate_west (-4,26,-2493)
ACTION[Server]: [grug_mobs] start npcs dawnmere: grug_mobs:guard_accord placed at socket gate_east (4,26,-2493)
ACTION[Server]: [grug_mobs] start npcs dawnmere: grug_mobs:guard_accord placed at socket watch_gate (0,26,-2498)
ACTION[Server]: [grug_mobs] start npcs dawnmere: grug_traders:vendor_race_human placed at socket green_vendor (6,26,-2554)
ACTION[Server]: [grug_mobs] start npcs dawnmere: grug_mobs:villager_human placed at socket idle_cottage_door (10,26,-2566)
ACTION[Server]: [grug_mobs] start npcs dawnmere: grug_mobs:villager_human placed at socket idle_green_bench (-6,26,-2543)
ACTION[Server]: [grug_mobs] start npcs dawnmere: grug_mobs:villager_human placed at socket idle_barn (-19,26,-2550)
ACTION[Server]: [grug_mobs] start npcs dawnmere: grug_mobs:villager_human placed at socket idle_smithy (22,26,-2551)
ACTION[Server]: [grug_mobs] start npcs dawnmere: grug_mobs:villager_human placed at socket work_field (18,26,-2519)
ACTION[Server]: [grug_mobs] start npcs dawnmere: grug_mobs:villager_human placed at socket work_green_seat (-5,26,-2535)
ACTION[Server]: [grug_mobs] start npcs dawnmere: grug_mobs:elder_human placed at socket hall_quest (-11,26,-2542)
ACTION[Server]: [grug_mobs] start npcs dawnmere: grug_mobs:villager_human placed at socket trainer_cooking (2,26,-2540)
ACTION[Server]: [grug_mobs] start npcs human dawnmere: guards 3/3 flair 7/7 vendor 1/1 quest 1/1 royal 0/0 new 12 pending 0 spare 3 residents 6 walkers 1
INFO[Main]: Profiler:
INFO[Main]:   ActiveObjectMgr: SAO count [#] __________________   20x     13.5
INFO[Main]:   Emerge-0: processed [#] _________________________    1x      163
INFO[Main]:   EmergeThread: Lua on_generated [ms] _____________    3x  201.333
INFO[Main]:   EmergeThread: Mapgen::makeChunk [ms] ____________    3x       33
INFO[Main]:   EmergeThread: after Mapgen::makeChunk [ms] ______    3x    0.666
INFO[Main]:   EmergeThread: load block - async (sum) [ms] 
INFO[Main]:   EmergeThread: update lighting [ms] ______________  136x    0.419
INFO[Main]:   SEnv: modify in blocks avg per interval [ms] 
INFO[Main]:   Server: collisionMoveSimple() [us] ______________  120x    1.533
INFO[Main]:   Server: map saving (sum) [ms] ___________________    1x       11
INFO[Main]:   Server: map timer and unload [ms] 
INFO[Main]:   Server: send SAO messages [ms] 
INFO[Main]:   Server: update objects within range [ms] 
INFO[Main]:   Server::AsyncRunStep() [ms] _____________________   20x      0.8
INFO[Main]:   Server::RunStep() (max) [ms] ____________________    1x       51
INFO[Main]:   Server::SendBlocks(): Collect list [ms] 
INFO[Main]:   Server::SendBlocks(): Send to clients [ms] 
INFO[Main]:   ServerEnv: ABMs run 
INFO[Main]:   ServerEnv: Run SAO::step() [ms] _________________   20x      0.1
INFO[Main]:   ServerEnv: Run node timers [ms] 
INFO[Main]:   ServerEnv: active blocks 
INFO[Main]:   ServerEnv: active blocks cached 
INFO[Main]:   ServerEnv: active blocks scanned for ABMs 
INFO[Main]:   ServerEnv: update active blocks [ms] 
INFO[Main]:   ServerEnv::step() [ms] __________________________   20x     0.25
INFO[Main]:   ServerEnvironment::removeRemovedObjects() [ms] 
INFO[Main]:   ServerMap: load block - sync (sum) [ms] _________    1x        2
INFO[Server]: ServerMap: Written: 1186 blocks, 6259 blocks in memory.
INFO[Server]: ServerMap: Blocks modified by: 
INFO[Server]:   addActiveObjectRaw ______________________________    1x       10
INFO[Server]:   finishBlockMake: expireIsAir, MMVManip::blitBackAll     1x      352
INFO[Server]:   setGenerated, finishBlockMake: expireIsAir, MMVManip::blitBackAll     1x      231
INFO[Server]:   setIsUnderground ________________________________    1x      343
INFO[Server]:   setIsUnderground, finishBlockMake: expireIsAir, MMVManip::blitBackAll     1x      106
INFO[Server]:   setIsUnderground, setGenerated, finishBlockMake: expireIsAir, MMVManip::blitBackAll     1x      144
ACTION[Emerge-0]: GRUG_WP40_PROFILE_CALLBACK callback=31 minp=1728,-32,-2672 maxp=1807,47,-2593 blockseed=3617476515 plan_us=520623 writer_us=289768 total_us=810391 columns=6400 candidate_cells=49 candidates=579 r5_runs=25600 result=applied_cplq vm_get_emerged_area_calls=1 vm_get_emerged_area_us=2 vm_get_data_calls=1 vm_get_data_us=4057 vm_get_param2_data_calls=1 vm_get_param2_data_us=4059 vm_get_light_data_calls=2 vm_get_light_data_us=8115 vm_set_data_calls=1 vm_set_data_us=7215 vm_set_param2_data_calls=1 vm_set_param2_data_us=7093 vm_set_lighting_calls=1 vm_set_lighting_us=124 vm_calc_lighting_calls=1 vm_calc_lighting_us=3656 vm_set_light_data_calls=1 vm_set_light_data_us=7017 vm_update_liquids_calls=1 vm_update_liquids_us=951
INFO[Emerge-0]: initialEmerge: area: (1792,-48,-2688)(1903,63,-2577)=112x112x112=1404928 (5MB)
ACTION[Emerge-0]: GRUG_WP40_PROFILE_CALLBACK callback=32 minp=1808,-32,-2672 maxp=1887,47,-2593 blockseed=3311722211 plan_us=369582 writer_us=224966 total_us=594548 columns=6400 candidate_cells=49 candidates=631 r5_runs=25600 result=applied_cplq vm_get_emerged_area_calls=1 vm_get_emerged_area_us=2 vm_get_data_calls=1 vm_get_data_us=4060 vm_get_param2_data_calls=1 vm_get_param2_data_us=4055 vm_get_light_data_calls=2 vm_get_light_data_us=8127 vm_set_data_calls=1 vm_set_data_us=7204 vm_set_param2_data_calls=1 vm_set_param2_data_us=7084 vm_set_lighting_calls=1 vm_set_lighting_us=120 vm_calc_lighting_calls=1 vm_calc_lighting_us=4303 vm_set_light_data_calls=1 vm_set_light_data_us=7022 vm_update_liquids_calls=1 vm_update_liquids_us=979
INFO[Emerge-0]: initialEmerge: area: (1712,32,-2688)(1823,143,-2577)=112x112x112=1404928 (5MB)
INFO[Main]: Profiler:
INFO[Main]:   ActiveObjectMgr: SAO count [#] __________________   20x     26.4
INFO[Main]:   Emerge-0: processed [#] _________________________    1x       36
INFO[Main]:   EmergeThread: Lua on_generated [ms] _____________    2x      702
INFO[Main]:   EmergeThread: Mapgen::makeChunk [ms] ____________    1x       32
INFO[Main]:   EmergeThread: after Mapgen::makeChunk [ms] ______    2x        1
INFO[Main]:   EmergeThread: load block - async (sum) [ms] 
INFO[Main]:   EmergeThread: update lighting [ms] ______________    5x        3
INFO[Main]:   SEnv: modify in blocks avg per interval [ms] 
INFO[Main]:   Server: collisionMoveSimple() [us] ______________  228x    1.899
INFO[Main]:   Server: map saving (sum) [ms] ___________________    1x       14
INFO[Main]:   Server: map timer and unload [ms] 
INFO[Main]:   Server: send SAO messages [ms] 
INFO[Main]:   Server: update objects within range [ms] 
INFO[Main]:   Server::AsyncRunStep() [ms] _____________________   20x     0.85
INFO[Main]:   Server::RunStep() (max) [ms] ____________________    1x       51
INFO[Main]:   Server::SendBlocks(): Collect list [ms] 
INFO[Main]:   Server::SendBlocks(): Send to clients [ms] 
INFO[Main]:   ServerEnv: ABMs run 
INFO[Main]:   ServerEnv: Run SAO::step() [ms] _________________   20x      0.1
INFO[Main]:   ServerEnv: Run node timers [ms] 
INFO[Main]:   ServerEnv: active blocks 
INFO[Main]:   ServerEnv: active blocks cached 
INFO[Main]:   ServerEnv: active blocks scanned for ABMs 
INFO[Main]:   ServerEnv: update active blocks [ms] ____________    1x        1
INFO[Main]:   ServerEnv::step() [ms] __________________________   20x     0.15
INFO[Main]:   ServerEnvironment::removeRemovedObjects() [ms] 
INFO[Main]:   ServerMap: load block - sync (sum) [ms] _________    1x        2
INFO[Server]: ServerMap: Written: 843 blocks, 6749 blocks in memory.
INFO[Server]: ServerMap: Blocks modified by: 
INFO[Server]:   deactivateFarObjects: static data changed _______    1x       10
INFO[Server]:   finishBlockMake: expireIsAir, MMVManip::blitBackAll     1x      193
INFO[Server]:   setGenerated, finishBlockMake: expireIsAir, MMVManip::blitBackAll     1x      150
INFO[Server]:   setIsUnderground ________________________________    1x      245
INFO[Server]:   setIsUnderground, finishBlockMake: expireIsAir, MMVManip::blitBackAll     1x      145
INFO[Server]:   setIsUnderground, setGenerated, finishBlockMake: expireIsAir, MMVManip::blitBackAll     1x      100
ACTION[Emerge-0]: GRUG_WP40_PROFILE_CALLBACK callback=33 minp=1728,48,-2672 maxp=1807,127,-2593 blockseed=3618416889 plan_us=126929 writer_us=93458 total_us=220387 columns=6400 candidate_cells=49 candidates=579 r5_runs=6400 result=applied_clq vm_get_emerged_area_calls=1 vm_get_emerged_area_us=2 vm_get_data_calls=1 vm_get_data_us=4064 vm_get_param2_data_calls=1 vm_get_param2_data_us=4056 vm_get_light_data_calls=2 vm_get_light_data_us=7855 vm_set_data_calls=1 vm_set_data_us=7189 vm_set_param2_data_calls=0 vm_set_param2_data_us=0 vm_set_lighting_calls=81 vm_set_lighting_us=78 vm_calc_lighting_calls=1 vm_calc_lighting_us=9387 vm_set_light_data_calls=1 vm_set_light_data_us=6745 vm_update_liquids_calls=1 vm_update_liquids_us=892
INFO[Emerge-0]: initialEmerge: area: (1792,32,-2688)(1903,143,-2577)=112x112x112=1404928 (5MB)
ACTION[Emerge-0]: GRUG_WP40_PROFILE_CALLBACK callback=34 minp=1808,48,-2672 maxp=1887,127,-2593 blockseed=363528953 plan_us=109949 writer_us=45938 total_us=155887 columns=6400 candidate_cells=49 candidates=631 r5_runs=6400 result=noop_equal_content vm_get_emerged_area_calls=1 vm_get_emerged_area_us=2 vm_get_data_calls=1 vm_get_data_us=4057 vm_get_param2_data_calls=1 vm_get_param2_data_us=4082 vm_get_light_data_calls=0 vm_get_light_data_us=0 vm_set_data_calls=0 vm_set_data_us=0 vm_set_param2_data_calls=0 vm_set_param2_data_us=0 vm_set_lighting_calls=0 vm_set_lighting_us=0 vm_calc_lighting_calls=0 vm_calc_lighting_us=0 vm_set_light_data_calls=0 vm_set_light_data_us=0 vm_update_liquids_calls=0 vm_update_liquids_us=0
INFO[Emerge-0]: initialEmerge: area: (1712,-48,-2608)(1823,63,-2497)=112x112x112=1404928 (5MB)
INFO[Main]: Profiler:
INFO[Main]:   ActiveObjectMgr: SAO count [#] __________________   20x      1.5
INFO[Main]:   Emerge-0: processed [#] _________________________    1x      108
INFO[Main]:   EmergeThread: Lua on_generated [ms] _____________    2x      188
INFO[Main]:   EmergeThread: Mapgen::makeChunk [ms] ____________    3x   31.333
INFO[Main]:   EmergeThread: after Mapgen::makeChunk [ms] ______    2x        1
INFO[Main]:   EmergeThread: load block - async (sum) [ms] 
INFO[Main]:   EmergeThread: update lighting [ms] ______________   85x    0.435
INFO[Main]:   SEnv: modify in blocks avg per interval [ms] 
INFO[Main]:   Server: collisionMoveSimple() [us] 
INFO[Main]:   Server: map saving (sum) [ms] ___________________    1x       11
INFO[Main]:   Server: map timer and unload [ms] 
INFO[Main]:   Server: send SAO messages [ms] 
INFO[Main]:   Server: update objects within range [ms] 
INFO[Main]:   Server::AsyncRunStep() [ms] _____________________   20x      0.6
INFO[Main]:   Server::RunStep() (max) [ms] ____________________    1x       51
INFO[Main]:   Server::SendBlocks(): Collect list [ms] 
INFO[Main]:   Server::SendBlocks(): Send to clients [ms] 
INFO[Main]:   ServerEnv: ABMs run 
INFO[Main]:   ServerEnv: Run SAO::step() [ms] _________________   20x     0.05
INFO[Main]:   ServerEnv: Run node timers [ms] 
INFO[Main]:   ServerEnv: active blocks 
INFO[Main]:   ServerEnv: active blocks cached 
INFO[Main]:   ServerEnv: active blocks scanned for ABMs 
INFO[Main]:   ServerEnv: update active blocks [ms] 
INFO[Main]:   ServerEnv::step() [ms] __________________________   20x     0.05
INFO[Main]:   ServerEnvironment::removeRemovedObjects() [ms] 
INFO[Main]:   ServerMap: load block - sync (sum) [ms] _________    1x        2
ACTION[Emerge-0]: GRUG_WP40_PROFILE_CALLBACK callback=35 minp=1728,-32,-2592 maxp=1807,47,-2513 blockseed=3645248329 plan_us=333899 writer_us=234726 total_us=568625 columns=6400 candidate_cells=49 candidates=155 r5_runs=25600 result=applied_cplq vm_get_emerged_area_calls=1 vm_get_emerged_area_us=3 vm_get_data_calls=1 vm_get_data_us=4065 vm_get_param2_data_calls=1 vm_get_param2_data_us=4056 vm_get_light_data_calls=2 vm_get_light_data_us=8277 vm_set_data_calls=1 vm_set_data_us=7686 vm_set_param2_data_calls=1 vm_set_param2_data_us=7565 vm_set_lighting_calls=16 vm_set_lighting_us=154 vm_calc_lighting_calls=1 vm_calc_lighting_us=6650 vm_set_light_data_calls=1 vm_set_light_data_us=7038 vm_update_liquids_calls=1 vm_update_liquids_us=986
INFO[Emerge-0]: initialEmerge: area: (1792,-48,-2608)(1903,63,-2497)=112x112x112=1404928 (5MB)
INFO[Server]: ServerMap: Written: 1078 blocks, 7344 blocks in memory.
INFO[Server]: ServerMap: Blocks modified by: 
INFO[Server]:   finishBlockMake: expireIsAir, MMVManip::blitBackAll     1x      287
INFO[Server]:   setGenerated, finishBlockMake: expireIsAir, MMVManip::blitBackAll     1x      192
INFO[Server]:   setGenerated, setNode, finishBlockMake: expireIsAir, MMVManip::blitBackAll     1x        3
INFO[Server]:   setIsUnderground ________________________________    1x      175
INFO[Server]:   setIsUnderground, finishBlockMake: expireIsAir, MMVManip::blitBackAll     1x      240
INFO[Server]:   setIsUnderground, setGenerated, finishBlockMake: expireIsAir, MMVManip::blitBackAll     1x      180
INFO[Server]:   setNode, finishBlockMake: expireIsAir, MMVManip::blitBackAll     1x        1
ACTION[Emerge-0]: GRUG_WP40_PROFILE_CALLBACK callback=36 minp=1808,-32,-2592 maxp=1887,47,-2513 blockseed=3253422857 plan_us=249841 writer_us=199430 total_us=449271 columns=6400 candidate_cells=49 candidates=280 r5_runs=25600 result=applied_cplq vm_get_emerged_area_calls=1 vm_get_emerged_area_us=10 vm_get_data_calls=1 vm_get_data_us=4036 vm_get_param2_data_calls=1 vm_get_param2_data_us=3794 vm_get_light_data_calls=2 vm_get_light_data_us=8162 vm_set_data_calls=1 vm_set_data_us=7209 vm_set_param2_data_calls=1 vm_set_param2_data_us=7131 vm_set_lighting_calls=16 vm_set_lighting_us=123 vm_calc_lighting_calls=1 vm_calc_lighting_us=6824 vm_set_light_data_calls=1 vm_set_light_data_us=6751 vm_update_liquids_calls=1 vm_update_liquids_us=967
INFO[Emerge-0]: initialEmerge: area: (1712,32,-2608)(1823,143,-2497)=112x112x112=1404928 (5MB)
ACTION[Emerge-0]: GRUG_WP40_PROFILE_CALLBACK callback=37 minp=1728,48,-2592 maxp=1807,127,-2513 blockseed=3885520961 plan_us=81691 writer_us=96584 total_us=178275 columns=6400 candidate_cells=49 candidates=155 r5_runs=6400 result=applied_clq vm_get_emerged_area_calls=1 vm_get_emerged_area_us=2 vm_get_data_calls=1 vm_get_data_us=4066 vm_get_param2_data_calls=1 vm_get_param2_data_us=4058 vm_get_light_data_calls=2 vm_get_light_data_us=7642 vm_set_data_calls=1 vm_set_data_us=7248 vm_set_param2_data_calls=0 vm_set_param2_data_us=0 vm_set_lighting_calls=96 vm_set_lighting_us=76 vm_calc_lighting_calls=1 vm_calc_lighting_us=11683 vm_set_light_data_calls=1 vm_set_light_data_us=7412 vm_update_liquids_calls=1 vm_update_liquids_us=902
INFO[Emerge-0]: initialEmerge: area: (1792,32,-2608)(1903,143,-2497)=112x112x112=1404928 (5MB)
ACTION[Emerge-0]: GRUG_WP40_PROFILE_CALLBACK callback=38 minp=1808,48,-2592 maxp=1887,127,-2513 blockseed=3023586817 plan_us=77307 writer_us=46667 total_us=123974 columns=6400 candidate_cells=49 candidates=280 r5_runs=6400 result=noop_equal_content vm_get_emerged_area_calls=1 vm_get_emerged_area_us=2 vm_get_data_calls=1 vm_get_data_us=4060 vm_get_param2_data_calls=1 vm_get_param2_data_us=4059 vm_get_light_data_calls=0 vm_get_light_data_us=0 vm_set_data_calls=0 vm_set_data_us=0 vm_set_param2_data_calls=0 vm_set_param2_data_us=0 vm_set_lighting_calls=0 vm_set_lighting_us=0 vm_calc_lighting_calls=0 vm_calc_lighting_us=0 vm_set_light_data_calls=0 vm_set_light_data_us=0 vm_update_liquids_calls=0 vm_update_liquids_us=0
INFO[Emerge-0]: initialEmerge: area: (1712,-48,-2528)(1823,63,-2417)=112x112x112=1404928 (5MB)
INFO[Main]: Profiler:
INFO[Main]:   ActiveObjectMgr: SAO count [#] 
INFO[Main]:   Emerge-0: processed [#] _________________________    1x      360
INFO[Main]:   EmergeThread: Lua on_generated [ms] _____________    4x   330.25
INFO[Main]:   EmergeThread: Mapgen::makeChunk [ms] ____________    4x       32
INFO[Main]:   EmergeThread: after Mapgen::makeChunk [ms] ______    4x        1
INFO[Main]:   EmergeThread: load block - async (sum) [ms] 
INFO[Main]:   EmergeThread: update lighting [ms] ______________  135x    0.466
INFO[Main]:   SEnv: modify in blocks avg per interval [ms] 
INFO[Main]:   Server: collisionMoveSimple() [us] 
INFO[Main]:   Server: map saving (sum) [ms] ___________________    1x       13
INFO[Main]:   Server: map timer and unload [ms] 
INFO[Main]:   Server: send SAO messages [ms] 
INFO[Main]:   Server: update objects within range [ms] 
INFO[Main]:   Server::AsyncRunStep() [ms] _____________________   20x     0.75
INFO[Main]:   Server::RunStep() (max) [ms] ____________________    1x       51
INFO[Main]:   Server::SendBlocks(): Collect list [ms] 
INFO[Main]:   Server::SendBlocks(): Send to clients [ms] 
INFO[Main]:   ServerEnv: ABMs run 
INFO[Main]:   ServerEnv: Run SAO::step() [ms] 
INFO[Main]:   ServerEnv: Run node timers [ms] 
INFO[Main]:   ServerEnv: active blocks 
INFO[Main]:   ServerEnv: active blocks cached 
INFO[Main]:   ServerEnv: active blocks scanned for ABMs 
INFO[Main]:   ServerEnv: update active blocks [ms] 
INFO[Main]:   ServerEnv::step() [ms] __________________________   20x     0.05
INFO[Main]:   ServerEnvironment::removeRemovedObjects() [ms] 
INFO[Main]:   ServerMap: load block - sync (sum) [ms] _________    1x        2
INFO[Server]: ServerMap: Written: 1078 blocks, 7889 blocks in memory.
INFO[Server]: ServerMap: Blocks modified by: 
INFO[Server]:   finishBlockMake: expireIsAir, MMVManip::blitBackAll     1x      318
INFO[Server]:   setGenerated, finishBlockMake: expireIsAir, MMVManip::blitBackAll     1x      215
INFO[Server]:   setIsUnderground ________________________________    1x      245
INFO[Server]:   setIsUnderground, finishBlockMake: expireIsAir, MMVManip::blitBackAll     1x      140
INFO[Server]:   setIsUnderground, setGenerated, finishBlockMake: expireIsAir, MMVManip::blitBackAll     1x      160
ACTION[Emerge-0]: GRUG_WP40_PROFILE_CALLBACK callback=39 minp=1728,-32,-2512 maxp=1807,47,-2433 blockseed=2223465825 plan_us=385638 writer_us=226099 total_us=611737 columns=6400 candidate_cells=49 candidates=492 r5_runs=25600 result=applied_cplq vm_get_emerged_area_calls=1 vm_get_emerged_area_us=2 vm_get_data_calls=1 vm_get_data_us=4062 vm_get_param2_data_calls=1 vm_get_param2_data_us=4062 vm_get_light_data_calls=2 vm_get_light_data_us=8030 vm_set_data_calls=1 vm_set_data_us=7213 vm_set_param2_data_calls=1 vm_set_param2_data_us=7267 vm_set_lighting_calls=16 vm_set_lighting_us=172 vm_calc_lighting_calls=1 vm_calc_lighting_us=6176 vm_set_light_data_calls=1 vm_set_light_data_us=7057 vm_update_liquids_calls=1 vm_update_liquids_us=1001
INFO[Emerge-0]: initialEmerge: area: (1792,-48,-2528)(1903,63,-2417)=112x112x112=1404928 (5MB)
INFO[Main]: Profiler:
INFO[Main]:   ActiveObjectMgr: SAO count [#] 
INFO[Main]:   Emerge-0: processed [#] _________________________    1x        5
INFO[Main]:   EmergeThread: Lua on_generated [ms] _____________    1x      612
INFO[Main]:   EmergeThread: Mapgen::makeChunk [ms] ____________    1x       34
INFO[Main]:   EmergeThread: after Mapgen::makeChunk [ms] ______    1x        1
INFO[Main]:   EmergeThread: load block - async (sum) [ms] 
INFO[Main]:   EmergeThread: update lighting [ms] ______________   18x    0.777
INFO[Main]:   SEnv: modify in blocks avg per interval [ms] 
INFO[Main]:   Server: collisionMoveSimple() [us] 
INFO[Main]:   Server: map saving (sum) [ms] ___________________    1x       15
INFO[Main]:   Server: map timer and unload [ms] 
INFO[Main]:   Server: send SAO messages [ms] 
INFO[Main]:   Server: update objects within range [ms] 
INFO[Main]:   Server::AsyncRunStep() [ms] _____________________   20x      0.8
INFO[Main]:   Server::RunStep() (max) [ms] ____________________    1x       51
INFO[Main]:   Server::SendBlocks(): Collect list [ms] 
INFO[Main]:   Server::SendBlocks(): Send to clients [ms] 
INFO[Main]:   ServerEnv: ABMs run 
INFO[Main]:   ServerEnv: Run SAO::step() [ms] 
INFO[Main]:   ServerEnv: Run node timers [ms] 
INFO[Main]:   ServerEnv: active blocks 
INFO[Main]:   ServerEnv: active blocks cached 
INFO[Main]:   ServerEnv: active blocks scanned for ABMs 
INFO[Main]:   ServerEnv: update active blocks [ms] 
INFO[Main]:   ServerEnv::step() [ms] __________________________   20x     0.05
INFO[Main]:   ServerEnvironment::removeRemovedObjects() [ms] 
INFO[Main]:   ServerMap: load block - sync (sum) [ms] _________    1x        1
INFO[Server]: ServerMap: Written: 518 blocks, 8064 blocks in memory.
INFO[Server]: ServerMap: Blocks modified by: 
INFO[Server]:   finishBlockMake: expireIsAir, MMVManip::blitBackAll     1x      218
INFO[Server]:   setGenerated, finishBlockMake: expireIsAir, MMVManip::blitBackAll     1x      125
INFO[Server]:   setIsUnderground ________________________________    1x      175
ACTION[Emerge-0]: GRUG_WP40_PROFILE_CALLBACK callback=40 minp=1808,-32,-2512 maxp=1887,47,-2433 blockseed=3657142625 plan_us=289894 writer_us=208817 total_us=498711 columns=6400 candidate_cells=49 candidates=544 r5_runs=25600 result=applied_cplq vm_get_emerged_area_calls=1 vm_get_emerged_area_us=2 vm_get_data_calls=1 vm_get_data_us=3917 vm_get_param2_data_calls=1 vm_get_param2_data_us=3899 vm_get_light_data_calls=2 vm_get_light_data_us=8121 vm_set_data_calls=1 vm_set_data_us=7214 vm_set_param2_data_calls=1 vm_set_param2_data_us=7090 vm_set_lighting_calls=16 vm_set_lighting_us=130 vm_calc_lighting_calls=1 vm_calc_lighting_us=5998 vm_set_light_data_calls=1 vm_set_light_data_us=6974 vm_update_liquids_calls=1 vm_update_liquids_us=958
INFO[Emerge-0]: initialEmerge: area: (1712,32,-2528)(1823,143,-2417)=112x112x112=1404928 (5MB)
ACTION[Emerge-0]: GRUG_WP40_PROFILE_CALLBACK callback=41 minp=1728,48,-2512 maxp=1807,127,-2433 blockseed=3521879217 plan_us=112414 writer_us=93197 total_us=205611 columns=6400 candidate_cells=49 candidates=492 r5_runs=6400 result=applied_clq vm_get_emerged_area_calls=1 vm_get_emerged_area_us=2 vm_get_data_calls=1 vm_get_data_us=4331 vm_get_param2_data_calls=1 vm_get_param2_data_us=4324 vm_get_light_data_calls=2 vm_get_light_data_us=8683 vm_set_data_calls=1 vm_set_data_us=7203 vm_set_param2_data_calls=0 vm_set_param2_data_us=0 vm_set_lighting_calls=35 vm_set_lighting_us=23 vm_calc_lighting_calls=1 vm_calc_lighting_us=11323 vm_set_light_data_calls=1 vm_set_light_data_us=7285 vm_update_liquids_calls=1 vm_update_liquids_us=896
INFO[Emerge-0]: initialEmerge: area: (1792,32,-2528)(1903,143,-2417)=112x112x112=1404928 (5MB)
ACTION[Emerge-0]: GRUG_WP40_PROFILE_CALLBACK callback=42 minp=1808,48,-2512 maxp=1887,127,-2433 blockseed=2632417457 plan_us=102137 writer_us=45795 total_us=147932 columns=6400 candidate_cells=49 candidates=544 r5_runs=6400 result=noop_equal_content vm_get_emerged_area_calls=1 vm_get_emerged_area_us=2 vm_get_data_calls=1 vm_get_data_us=4055 vm_get_param2_data_calls=1 vm_get_param2_data_us=4051 vm_get_light_data_calls=0 vm_get_light_data_us=0 vm_set_data_calls=0 vm_set_data_us=0 vm_set_param2_data_calls=0 vm_set_param2_data_us=0 vm_set_lighting_calls=0 vm_set_lighting_us=0 vm_calc_lighting_calls=0 vm_calc_lighting_us=0 vm_set_light_data_calls=0 vm_set_light_data_us=0 vm_update_liquids_calls=0 vm_update_liquids_us=0
ACTION[Emerge-0]: [grug_core] start area ready: elf (3/6, 35.5 s)
INFO[Emerge-0]: initialEmerge: area: (-1888,-48,2432)(-1777,63,2543)=112x112x112=1404928 (5MB)
ACTION[Server]: [grug_mobs] start npcs silverleaf: grug_mobs:guard_accord placed at socket gate_west (1796,22,-2493)
ACTION[Server]: [grug_mobs] start npcs silverleaf: grug_mobs:guard_accord placed at socket gate_east (1804,22,-2493)
ACTION[Server]: [grug_mobs] start npcs silverleaf: grug_mobs:guard_accord placed at socket watch_gate (1800,22,-2498)
ACTION[Server]: [grug_mobs] start npcs silverleaf: grug_traders:vendor_race_elf placed at socket court_vendor (1807,22,-2554)
ACTION[Server]: [grug_mobs] start npcs silverleaf: grug_mobs:villager_elf placed at socket idle_shrine_door (1779,22,-2534)
ACTION[Server]: [grug_mobs] start npcs silverleaf: grug_mobs:villager_elf placed at socket idle_court_bench (1793,22,-2545)
ACTION[Server]: [grug_mobs] start npcs silverleaf: grug_mobs:villager_elf placed at socket idle_bowyer (1828,22,-2551)
ACTION[Server]: [grug_mobs] start npcs silverleaf: grug_mobs:villager_elf placed at socket idle_market (1769,22,-2550)
ACTION[Server]: [grug_mobs] start npcs silverleaf: grug_mobs:villager_elf placed at socket work_planters (1804,22,-2539)
ACTION[Server]: [grug_mobs] start npcs silverleaf: grug_mobs:villager_elf placed at socket work_market (1767,22,-2545)
ACTION[Server]: [grug_mobs] start npcs silverleaf: grug_mobs:elder_elf placed at socket hall_quest (1820,22,-2536)
ACTION[Server]: [grug_mobs] start npcs silverleaf: grug_mobs:villager_elf placed at socket trainer_cooking (1802,22,-2540)
ACTION[Server]: [grug_mobs] start npcs elf silverleaf: guards 3/3 flair 7/7 vendor 1/1 quest 1/1 royal 0/0 new 12 pending 0 spare 3 residents 6 walkers 1
INFO[Main]: Profiler:
INFO[Main]:   ActiveObjectMgr: SAO count [#] __________________   20x    14.25
INFO[Main]:   Emerge-0: processed [#] _________________________    1x      139
INFO[Main]:   EmergeThread: Lua on_generated [ms] _____________    3x  284.333
INFO[Main]:   EmergeThread: Mapgen::makeChunk [ms] ____________    3x       32
INFO[Main]:   EmergeThread: after Mapgen::makeChunk [ms] ______    3x        1
INFO[Main]:   EmergeThread: load block - async (sum) [ms] _____    1x        1
INFO[Main]:   EmergeThread: update lighting [ms] ______________   56x    0.839
INFO[Main]:   SEnv: modify in blocks avg per interval [ms] 
INFO[Main]:   Server: collisionMoveSimple() [us] ______________  120x    1.125
INFO[Main]:   Server: map saving (sum) [ms] ___________________    1x        7
INFO[Main]:   Server: map timer and unload [ms] 
INFO[Main]:   Server: send SAO messages [ms] 
INFO[Main]:   Server: update objects within range [ms] 
INFO[Main]:   Server::AsyncRunStep() [ms] _____________________   20x     0.65
INFO[Main]:   Server::RunStep() (max) [ms] ____________________    1x       51
INFO[Main]:   Server::SendBlocks(): Collect list [ms] 
INFO[Main]:   Server::SendBlocks(): Send to clients [ms] 
INFO[Main]:   ServerEnv: ABMs run 
INFO[Main]:   ServerEnv: Run SAO::step() [ms] _________________   20x      0.1
INFO[Main]:   ServerEnv: Run node timers [ms] 
INFO[Main]:   ServerEnv: active blocks 
INFO[Main]:   ServerEnv: active blocks cached 
INFO[Main]:   ServerEnv: active blocks scanned for ABMs 
INFO[Main]:   ServerEnv: update active blocks [ms] ____________    1x        1
INFO[Main]:   ServerEnv::step() [ms] __________________________   20x      0.3
INFO[Main]:   ServerEnvironment::removeRemovedObjects() [ms] 
INFO[Main]:   ServerMap: load block - sync (sum) [ms] _________    1x        1
INFO[Server]: ServerMap: Written: 1182 blocks, 8707 blocks in memory.
INFO[Server]: ServerMap: Blocks modified by: 
INFO[Server]:   addActiveObjectRaw, deactivateFarObjects: static data changed     1x        6
INFO[Server]:   addActiveObjectRaw, deactivateFarObjects: static data changed, finishBlockMake: expireIsAir, MMVManip::blitBackAll     1x        2
INFO[Server]:   finishBlockMake: expireIsAir, MMVManip::blitBackAll     1x      316
INFO[Server]:   setGenerated, finishBlockMake: expireIsAir, MMVManip::blitBackAll     1x      215
INFO[Server]:   setIsUnderground ________________________________    1x      343
INFO[Server]:   setIsUnderground, finishBlockMake: expireIsAir, MMVManip::blitBackAll     1x      140
INFO[Server]:   setIsUnderground, setGenerated, finishBlockMake: expireIsAir, MMVManip::blitBackAll     1x      160
ACTION[Emerge-0]: GRUG_WP40_PROFILE_CALLBACK callback=43 minp=-1872,-32,2448 maxp=-1793,47,2527 blockseed=4045163693 plan_us=574713 writer_us=279854 total_us=854567 columns=6400 candidate_cells=49 candidates=108 r5_runs=6400 result=applied_clq vm_get_emerged_area_calls=1 vm_get_emerged_area_us=2 vm_get_data_calls=1 vm_get_data_us=4059 vm_get_param2_data_calls=1 vm_get_param2_data_us=4026 vm_get_light_data_calls=2 vm_get_light_data_us=8113 vm_set_data_calls=1 vm_set_data_us=7230 vm_set_param2_data_calls=0 vm_set_param2_data_us=0 vm_set_lighting_calls=1 vm_set_lighting_us=128 vm_calc_lighting_calls=1 vm_calc_lighting_us=833 vm_set_light_data_calls=1 vm_set_light_data_us=7015 vm_update_liquids_calls=1 vm_update_liquids_us=954
INFO[Emerge-0]: initialEmerge: area: (-1808,-48,2432)(-1697,63,2543)=112x112x112=1404928 (5MB)
INFO[Main]: Profiler:
INFO[Main]:   ActiveObjectMgr: SAO count [#] __________________   20x      1.5
INFO[Main]:   Emerge-0: processed [#] _________________________    1x        5
INFO[Main]:   EmergeThread: Lua on_generated [ms] _____________    1x      855
INFO[Main]:   EmergeThread: Mapgen::makeChunk [ms] ____________    1x       31
INFO[Main]:   EmergeThread: after Mapgen::makeChunk [ms] ______    1x        1
INFO[Main]:   EmergeThread: load block - async (sum) [ms] 
INFO[Main]:   EmergeThread: update lighting [ms] ______________    3x    2.333
INFO[Main]:   SEnv: modify in blocks avg per interval [ms] 
INFO[Main]:   Server: collisionMoveSimple() [us] 
INFO[Main]:   Server: map saving (sum) [ms] ___________________    1x       15
INFO[Main]:   Server: map timer and unload [ms] 
INFO[Main]:   Server: send SAO messages [ms] 
INFO[Main]:   Server: update objects within range [ms] 
INFO[Main]:   Server::AsyncRunStep() [ms] _____________________   20x      0.8
INFO[Main]:   Server::RunStep() (max) [ms] ____________________    1x       51
INFO[Main]:   Server::SendBlocks(): Collect list [ms] 
INFO[Main]:   Server::SendBlocks(): Send to clients [ms] 
INFO[Main]:   ServerEnv: ABMs run 
INFO[Main]:   ServerEnv: Run SAO::step() [ms] 
INFO[Main]:   ServerEnv: Run node timers [ms] 
INFO[Main]:   ServerEnv: active blocks 
INFO[Main]:   ServerEnv: active blocks cached 
INFO[Main]:   ServerEnv: active blocks scanned for ABMs 
INFO[Main]:   ServerEnv: update active blocks [ms] 
INFO[Main]:   ServerEnv::step() [ms] __________________________   20x     0.05
INFO[Main]:   ServerEnvironment::removeRemovedObjects() [ms] 
INFO[Main]:   ServerMap: load block - sync (sum) [ms] _________    1x        1
ACTION[Emerge-0]: GRUG_WP40_PROFILE_CALLBACK callback=44 minp=-1792,-32,2448 maxp=-1713,47,2527 blockseed=3214912205 plan_us=420597 writer_us=188107 total_us=608704 columns=6400 candidate_cells=49 candidates=129 r5_runs=6400 result=applied_clq vm_get_emerged_area_calls=1 vm_get_emerged_area_us=1 vm_get_data_calls=1 vm_get_data_us=4054 vm_get_param2_data_calls=1 vm_get_param2_data_us=4055 vm_get_light_data_calls=2 vm_get_light_data_us=8111 vm_set_data_calls=1 vm_set_data_us=6933 vm_set_param2_data_calls=0 vm_set_param2_data_us=0 vm_set_lighting_calls=1 vm_set_lighting_us=132 vm_calc_lighting_calls=1 vm_calc_lighting_us=883 vm_set_light_data_calls=1 vm_set_light_data_us=6744 vm_update_liquids_calls=1 vm_update_liquids_us=935
INFO[Emerge-0]: initialEmerge: area: (-1888,32,2432)(-1777,143,2543)=112x112x112=1404928 (5MB)
INFO[Server]: ServerMap: Written: 833 blocks, 9197 blocks in memory.
INFO[Server]: ServerMap: Blocks modified by: 
INFO[Server]:   finishBlockMake: expireIsAir, MMVManip::blitBackAll     1x      190
INFO[Server]:   setGenerated, finishBlockMake: expireIsAir, MMVManip::blitBackAll     1x      144
INFO[Server]:   setGenerated, setNode, finishBlockMake: expireIsAir, MMVManip::blitBackAll     1x        6
INFO[Server]:   setIsUnderground ________________________________    1x      245
INFO[Server]:   setIsUnderground, finishBlockMake: expireIsAir, MMVManip::blitBackAll     1x      145
INFO[Server]:   setIsUnderground, setGenerated, finishBlockMake: expireIsAir, MMVManip::blitBackAll     1x       93
INFO[Server]:   setIsUnderground, setGenerated, setNode, finishBlockMake: expireIsAir, MMVManip::blitBackAll     1x        7
INFO[Server]:   setNode, finishBlockMake: expireIsAir, MMVManip::blitBackAll     1x        3
ACTION[Emerge-0]: GRUG_WP40_PROFILE_CALLBACK callback=45 minp=-1872,48,2448 maxp=-1793,127,2527 blockseed=3435332659 plan_us=88318 writer_us=168385 total_us=256703 columns=6400 candidate_cells=49 candidates=108 r5_runs=25600 result=applied_cplq vm_get_emerged_area_calls=1 vm_get_emerged_area_us=2 vm_get_data_calls=1 vm_get_data_us=4059 vm_get_param2_data_calls=1 vm_get_param2_data_us=4053 vm_get_light_data_calls=2 vm_get_light_data_us=8123 vm_set_data_calls=1 vm_set_data_us=7470 vm_set_param2_data_calls=1 vm_set_param2_data_us=7351 vm_set_lighting_calls=81 vm_set_lighting_us=91 vm_calc_lighting_calls=1 vm_calc_lighting_us=7477 vm_set_light_data_calls=1 vm_set_light_data_us=7282 vm_update_liquids_calls=1 vm_update_liquids_us=929
INFO[Emerge-0]: initialEmerge: area: (-1808,32,2432)(-1697,143,2543)=112x112x112=1404928 (5MB)
ACTION[Emerge-0]: GRUG_WP40_PROFILE_CALLBACK callback=46 minp=-1792,48,2448 maxp=-1713,127,2527 blockseed=3037371091 plan_us=103408 writer_us=157512 total_us=260920 columns=6400 candidate_cells=49 candidates=129 r5_runs=25600 result=applied_cplq vm_get_emerged_area_calls=1 vm_get_emerged_area_us=2 vm_get_data_calls=1 vm_get_data_us=3789 vm_get_param2_data_calls=1 vm_get_param2_data_us=3783 vm_get_light_data_calls=2 vm_get_light_data_us=8110 vm_set_data_calls=1 vm_set_data_us=7203 vm_set_param2_data_calls=1 vm_set_param2_data_us=7097 vm_set_lighting_calls=81 vm_set_lighting_us=90 vm_calc_lighting_calls=1 vm_calc_lighting_us=8881 vm_set_light_data_calls=1 vm_set_light_data_us=7019 vm_update_liquids_calls=1 vm_update_liquids_us=937
INFO[Emerge-0]: initialEmerge: area: (-1888,112,2432)(-1777,223,2543)=112x112x112=1404928 (5MB)
ACTION[Emerge-0]: GRUG_WP40_PROFILE_CALLBACK callback=47 minp=-1872,128,2448 maxp=-1793,207,2527 blockseed=85110121 plan_us=84967 writer_us=46962 total_us=131929 columns=6400 candidate_cells=49 candidates=108 r5_runs=6400 result=noop_equal_content vm_get_emerged_area_calls=1 vm_get_emerged_area_us=1 vm_get_data_calls=1 vm_get_data_us=4050 vm_get_param2_data_calls=1 vm_get_param2_data_us=3789 vm_get_light_data_calls=0 vm_get_light_data_us=0 vm_set_data_calls=0 vm_set_data_us=0 vm_set_param2_data_calls=0 vm_set_param2_data_us=0 vm_set_lighting_calls=0 vm_set_lighting_us=0 vm_calc_lighting_calls=0 vm_calc_lighting_us=0 vm_set_light_data_calls=0 vm_set_light_data_us=0 vm_update_liquids_calls=0 vm_update_liquids_us=0
INFO[Emerge-0]: initialEmerge: area: (-1808,112,2432)(-1697,223,2543)=112x112x112=1404928 (5MB)
ACTION[Emerge-0]: GRUG_WP40_PROFILE_CALLBACK callback=48 minp=-1792,128,2448 maxp=-1713,207,2527 blockseed=2773597641 plan_us=98968 writer_us=47312 total_us=146280 columns=6400 candidate_cells=49 candidates=129 r5_runs=6400 result=noop_equal_content vm_get_emerged_area_calls=1 vm_get_emerged_area_us=2 vm_get_data_calls=1 vm_get_data_us=4063 vm_get_param2_data_calls=1 vm_get_param2_data_us=4053 vm_get_light_data_calls=0 vm_get_light_data_us=0 vm_set_data_calls=0 vm_set_data_us=0 vm_set_param2_data_calls=0 vm_set_param2_data_us=0 vm_set_lighting_calls=0 vm_set_lighting_us=0 vm_calc_lighting_calls=0 vm_calc_lighting_us=0 vm_set_light_data_calls=0 vm_set_light_data_us=0 vm_update_liquids_calls=0 vm_update_liquids_us=0
INFO[Emerge-0]: initialEmerge: area: (-1888,-48,2512)(-1777,63,2623)=112x112x112=1404928 (5MB)
INFO[Main]: Profiler:
INFO[Main]:   ActiveObjectMgr: SAO count [#] 
INFO[Main]:   Emerge-0: processed [#] _________________________    1x      211
INFO[Main]:   EmergeThread: Lua on_generated [ms] _____________    5x    281.2
INFO[Main]:   EmergeThread: Mapgen::makeChunk [ms] ____________    5x     26.4
INFO[Main]:   EmergeThread: after Mapgen::makeChunk [ms] ______    5x        1
INFO[Main]:   EmergeThread: load block - async (sum) [ms] 
INFO[Main]:   EmergeThread: update lighting [ms] ______________  171x    0.368
INFO[Main]:   SEnv: modify in blocks avg per interval [ms] 
INFO[Main]:   Server: collisionMoveSimple() [us] 
INFO[Main]:   Server: map saving (sum) [ms] ___________________    1x       10
INFO[Main]:   Server: map timer and unload [ms] 
INFO[Main]:   Server: send SAO messages [ms] 
INFO[Main]:   Server: update objects within range [ms] 
INFO[Main]:   Server::AsyncRunStep() [ms] _____________________   20x      0.5
INFO[Main]:   Server::RunStep() (max) [ms] ____________________    1x       51
INFO[Main]:   Server::SendBlocks(): Collect list [ms] 
INFO[Main]:   Server::SendBlocks(): Send to clients [ms] 
INFO[Main]:   ServerEnv: ABMs run 
INFO[Main]:   ServerEnv: Run SAO::step() [ms] 
INFO[Main]:   ServerEnv: Run node timers [ms] 
INFO[Main]:   ServerEnv: active blocks 
INFO[Main]:   ServerEnv: active blocks cached 
INFO[Main]:   ServerEnv: active blocks scanned for ABMs 
INFO[Main]:   ServerEnv: update active blocks [ms] 
INFO[Main]:   ServerEnv::step() [ms] 
INFO[Main]:   ServerEnvironment::removeRemovedObjects() [ms] 
INFO[Main]:   ServerMap: load block - sync (sum) [ms] _________    1x        3
INFO[Server]: ServerMap: Written: 1253 blocks, 10037 blocks in memory.
INFO[Server]: ServerMap: Blocks modified by: 
INFO[Server]:   finishBlockMake: expireIsAir, MMVManip::blitBackAll     1x      213
INFO[Server]:   setGenerated, finishBlockMake: expireIsAir, MMVManip::blitBackAll     1x      200
INFO[Server]:   setIsUnderground ________________________________    1x      245
INFO[Server]:   setIsUnderground, finishBlockMake: expireIsAir, MMVManip::blitBackAll     1x      295
INFO[Server]:   setIsUnderground, setGenerated, finishBlockMake: expireIsAir, MMVManip::blitBackAll     1x      300
ACTION[Emerge-0]: GRUG_WP40_PROFILE_CALLBACK callback=49 minp=-1872,-32,2528 maxp=-1793,47,2607 blockseed=830730649 plan_us=478888 writer_us=191333 total_us=670221 columns=6400 candidate_cells=49 candidates=51 r5_runs=6400 result=applied_clq vm_get_emerged_area_calls=1 vm_get_emerged_area_us=3 vm_get_data_calls=1 vm_get_data_us=4057 vm_get_param2_data_calls=1 vm_get_param2_data_us=4066 vm_get_light_data_calls=2 vm_get_light_data_us=8214 vm_set_data_calls=1 vm_set_data_us=6969 vm_set_param2_data_calls=0 vm_set_param2_data_us=0 vm_set_lighting_calls=39 vm_set_lighting_us=234 vm_calc_lighting_calls=1 vm_calc_lighting_us=1440 vm_set_light_data_calls=1 vm_set_light_data_us=6751 vm_update_liquids_calls=1 vm_update_liquids_us=929
INFO[Emerge-0]: initialEmerge: area: (-1808,-48,2512)(-1697,63,2623)=112x112x112=1404928 (5MB)
INFO[Main]: Profiler:
INFO[Main]:   ActiveObjectMgr: SAO count [#] 
INFO[Main]:   Emerge-0: processed [#] _________________________    1x        5
INFO[Main]:   EmergeThread: Lua on_generated [ms] _____________    1x      670
INFO[Main]:   EmergeThread: Mapgen::makeChunk [ms] ____________    1x       32
INFO[Main]:   EmergeThread: after Mapgen::makeChunk [ms] ______    1x        1
INFO[Main]:   EmergeThread: load block - async (sum) [ms] 
INFO[Main]:   EmergeThread: update lighting [ms] ______________   41x    0.219
INFO[Main]:   SEnv: modify in blocks avg per interval [ms] 
INFO[Main]:   Server: collisionMoveSimple() [us] 
INFO[Main]:   Server: map saving (sum) [ms] ___________________    1x       15
INFO[Main]:   Server: map timer and unload [ms] 
INFO[Main]:   Server: send SAO messages [ms] 
INFO[Main]:   Server: update objects within range [ms] 
INFO[Main]:   Server::AsyncRunStep() [ms] _____________________   20x     0.75
INFO[Main]:   Server::RunStep() (max) [ms] ____________________    1x       51
INFO[Main]:   Server::SendBlocks(): Collect list [ms] 
INFO[Main]:   Server::SendBlocks(): Send to clients [ms] 
INFO[Main]:   ServerEnv: ABMs run 
INFO[Main]:   ServerEnv: Run SAO::step() [ms] 
INFO[Main]:   ServerEnv: Run node timers [ms] 
INFO[Main]:   ServerEnv: active blocks 
INFO[Main]:   ServerEnv: active blocks cached 
INFO[Main]:   ServerEnv: active blocks scanned for ABMs 
INFO[Main]:   ServerEnv: update active blocks [ms] 
INFO[Main]:   ServerEnv::step() [ms] 
INFO[Main]:   ServerEnvironment::removeRemovedObjects() [ms] 
INFO[Main]:   ServerMap: load block - sync (sum) [ms] 
INFO[Server]: ServerMap: Written: 518 blocks, 10212 blocks in memory.
INFO[Server]: ServerMap: Blocks modified by: 
INFO[Server]:   finishBlockMake: expireIsAir, MMVManip::blitBackAll     1x      218
INFO[Server]:   setGenerated, finishBlockMake: expireIsAir, MMVManip::blitBackAll     1x      125
INFO[Server]:   setIsUnderground ________________________________    1x      175
ACTION[Emerge-0]: GRUG_WP40_PROFILE_CALLBACK callback=50 minp=-1792,-32,2528 maxp=-1713,47,2607 blockseed=1962831257 plan_us=406072 writer_us=173059 total_us=579131 columns=6400 candidate_cells=49 candidates=87 r5_runs=6400 result=applied_clq vm_get_emerged_area_calls=1 vm_get_emerged_area_us=2 vm_get_data_calls=1 vm_get_data_us=4070 vm_get_param2_data_calls=1 vm_get_param2_data_us=4062 vm_get_light_data_calls=2 vm_get_light_data_us=8121 vm_set_data_calls=1 vm_set_data_us=7220 vm_set_param2_data_calls=0 vm_set_param2_data_us=0 vm_set_lighting_calls=37 vm_set_lighting_us=196 vm_calc_lighting_calls=1 vm_calc_lighting_us=1523 vm_set_light_data_calls=1 vm_set_light_data_us=7021 vm_update_liquids_calls=1 vm_update_liquids_us=944
INFO[Emerge-0]: initialEmerge: area: (-1888,32,2512)(-1777,143,2623)=112x112x112=1404928 (5MB)
ACTION[Emerge-0]: GRUG_WP40_PROFILE_CALLBACK callback=51 minp=-1872,48,2528 maxp=-1793,127,2607 blockseed=1137229609 plan_us=90543 writer_us=157993 total_us=248536 columns=6400 candidate_cells=49 candidates=51 r5_runs=25600 result=applied_cplq vm_get_emerged_area_calls=1 vm_get_emerged_area_us=2 vm_get_data_calls=1 vm_get_data_us=4075 vm_get_param2_data_calls=1 vm_get_param2_data_us=4329 vm_get_light_data_calls=2 vm_get_light_data_us=7886 vm_set_data_calls=1 vm_set_data_us=7226 vm_set_param2_data_calls=1 vm_set_param2_data_us=7103 vm_set_lighting_calls=96 vm_set_lighting_us=157 vm_calc_lighting_calls=1 vm_calc_lighting_us=10060 vm_set_light_data_calls=1 vm_set_light_data_us=7027 vm_update_liquids_calls=1 vm_update_liquids_us=950
INFO[Emerge-0]: initialEmerge: area: (-1808,32,2512)(-1697,143,2623)=112x112x112=1404928 (5MB)
ACTION[Emerge-0]: GRUG_WP40_PROFILE_CALLBACK callback=52 minp=-1792,48,2528 maxp=-1713,127,2607 blockseed=3459085097 plan_us=114364 writer_us=160603 total_us=274967 columns=6400 candidate_cells=49 candidates=87 r5_runs=25600 result=applied_cplq vm_get_emerged_area_calls=1 vm_get_emerged_area_us=2 vm_get_data_calls=1 vm_get_data_us=4081 vm_get_param2_data_calls=1 vm_get_param2_data_us=4062 vm_get_light_data_calls=2 vm_get_light_data_us=8134 vm_set_data_calls=1 vm_set_data_us=7199 vm_set_param2_data_calls=1 vm_set_param2_data_us=7273 vm_set_lighting_calls=96 vm_set_lighting_us=184 vm_calc_lighting_calls=1 vm_calc_lighting_us=11385 vm_set_light_data_calls=1 vm_set_light_data_us=7294 vm_update_liquids_calls=1 vm_update_liquids_us=977
INFO[Emerge-0]: initialEmerge: area: (-1888,112,2512)(-1777,223,2623)=112x112x112=1404928 (5MB)
ACTION[Emerge-0]: GRUG_WP40_PROFILE_CALLBACK callback=53 minp=-1872,128,2528 maxp=-1793,207,2607 blockseed=2070836705 plan_us=87111 writer_us=47590 total_us=134701 columns=6400 candidate_cells=49 candidates=51 r5_runs=6400 result=noop_equal_content vm_get_emerged_area_calls=1 vm_get_emerged_area_us=2 vm_get_data_calls=1 vm_get_data_us=3792 vm_get_param2_data_calls=1 vm_get_param2_data_us=3791 vm_get_light_data_calls=0 vm_get_light_data_us=0 vm_set_data_calls=0 vm_set_data_us=0 vm_set_param2_data_calls=0 vm_set_param2_data_us=0 vm_set_lighting_calls=0 vm_set_lighting_us=0 vm_calc_lighting_calls=0 vm_calc_lighting_us=0 vm_set_light_data_calls=0 vm_set_light_data_us=0 vm_update_liquids_calls=0 vm_update_liquids_us=0
INFO[Emerge-0]: initialEmerge: area: (-1808,112,2512)(-1697,223,2623)=112x112x112=1404928 (5MB)
INFO[Main]: Profiler:
INFO[Main]:   ActiveObjectMgr: SAO count [#] 
INFO[Main]:   Emerge-0: processed [#] _________________________    1x       63
INFO[Main]:   EmergeThread: Lua on_generated [ms] _____________    4x   309.75
INFO[Main]:   EmergeThread: Mapgen::makeChunk [ms] ____________    3x   26.333
INFO[Main]:   EmergeThread: after Mapgen::makeChunk [ms] ______    4x        1
INFO[Main]:   EmergeThread: load block - async (sum) [ms] 
INFO[Main]:   EmergeThread: update lighting [ms] ______________  235x    0.229
INFO[Main]:   SEnv: modify in blocks avg per interval [ms] 
INFO[Main]:   Server: collisionMoveSimple() [us] 
INFO[Main]:   Server: map saving (sum) [ms] ___________________    1x        7
INFO[Main]:   Server: map timer and unload [ms] 
INFO[Main]:   Server: send SAO messages [ms] 
INFO[Main]:   Server: update objects within range [ms] 
INFO[Main]:   Server::AsyncRunStep() [ms] _____________________   20x      0.4
INFO[Main]:   Server::RunStep() (max) [ms] ____________________    1x       51
INFO[Main]:   Server::SendBlocks(): Collect list [ms] 
INFO[Main]:   Server::SendBlocks(): Send to clients [ms] 
INFO[Main]:   ServerEnv: ABMs run 
INFO[Main]:   ServerEnv: Run SAO::step() [ms] 
INFO[Main]:   ServerEnv: Run node timers [ms] 
INFO[Main]:   ServerEnv: active blocks 
INFO[Main]:   ServerEnv: active blocks cached 
INFO[Main]:   ServerEnv: active blocks scanned for ABMs 
INFO[Main]:   ServerEnv: update active blocks [ms] 
INFO[Main]:   ServerEnv::step() [ms] __________________________   20x     0.05
INFO[Main]:   ServerEnvironment::removeRemovedObjects() [ms] 
INFO[Main]:   ServerMap: load block - sync (sum) [ms] _________    1x        2
INFO[Server]: ServerMap: Written: 1203 blocks, 10812 blocks in memory.
INFO[Server]: ServerMap: Blocks modified by: 
INFO[Server]:   finishBlockMake: expireIsAir, MMVManip::blitBackAll     1x      363
INFO[Server]:   setGenerated, finishBlockMake: expireIsAir, MMVManip::blitBackAll     1x      240
INFO[Server]:   setIsUnderground ________________________________    1x      125
INFO[Server]:   setIsUnderground, finishBlockMake: expireIsAir, MMVManip::blitBackAll     1x      215
INFO[Server]:   setIsUnderground, setGenerated, finishBlockMake: expireIsAir, MMVManip::blitBackAll     1x      260
ACTION[Emerge-0]: GRUG_WP40_PROFILE_CALLBACK callback=54 minp=-1792,128,2528 maxp=-1713,207,2607 blockseed=2554380001 plan_us=112347 writer_us=48021 total_us=160368 columns=6400 candidate_cells=49 candidates=87 r5_runs=6400 result=noop_equal_content vm_get_emerged_area_calls=1 vm_get_emerged_area_us=1 vm_get_data_calls=1 vm_get_data_us=4082 vm_get_param2_data_calls=1 vm_get_param2_data_us=4062 vm_get_light_data_calls=0 vm_get_light_data_us=0 vm_set_data_calls=0 vm_set_data_us=0 vm_set_param2_data_calls=0 vm_set_param2_data_us=0 vm_set_lighting_calls=0 vm_set_lighting_us=0 vm_calc_lighting_calls=0 vm_calc_lighting_us=0 vm_set_light_data_calls=0 vm_set_light_data_us=0 vm_update_liquids_calls=0 vm_update_liquids_us=0
INFO[Emerge-0]: initialEmerge: area: (-1888,-48,2592)(-1777,63,2703)=112x112x112=1404928 (5MB)
INFO[Main]: Profiler:
INFO[Main]:   ActiveObjectMgr: SAO count [#] 
INFO[Main]:   Emerge-0: processed [#] _________________________    1x      292
INFO[Main]:   EmergeThread: Lua on_generated [ms] _____________    1x      161
INFO[Main]:   EmergeThread: Mapgen::makeChunk [ms] ____________    2x       29
INFO[Main]:   EmergeThread: after Mapgen::makeChunk [ms] ______    1x        1
INFO[Main]:   EmergeThread: load block - async (sum) [ms] 
INFO[Main]:   EmergeThread: update lighting [ms] ______________    2x      8.5
INFO[Main]:   SEnv: modify in blocks avg per interval [ms] 
INFO[Main]:   Server: collisionMoveSimple() [us] 
INFO[Main]:   Server: map saving (sum) [ms] ___________________    1x       15
INFO[Main]:   Server: map timer and unload [ms] 
INFO[Main]:   Server: send SAO messages [ms] 
INFO[Main]:   Server: update objects within range [ms] 
INFO[Main]:   Server::AsyncRunStep() [ms] _____________________   19x    0.789
INFO[Main]:   Server::RunStep() (max) [ms] ____________________    1x       51
INFO[Main]:   Server::SendBlocks(): Collect list [ms] 
INFO[Main]:   Server::SendBlocks(): Send to clients [ms] 
INFO[Main]:   ServerEnv: ABMs run 
INFO[Main]:   ServerEnv: Run SAO::step() [ms] 
INFO[Main]:   ServerEnv: Run node timers [ms] 
INFO[Main]:   ServerEnv: active blocks 
INFO[Main]:   ServerEnv: active blocks cached 
INFO[Main]:   ServerEnv: active blocks scanned for ABMs 
INFO[Main]:   ServerEnv: update active blocks [ms] 
INFO[Main]:   ServerEnv::step() [ms] 
INFO[Main]:   ServerEnvironment::removeRemovedObjects() [ms] 
INFO[Main]:   ServerMap: load block - sync (sum) [ms] _________    1x        1
INFO[Server]: ServerMap: Written: 588 blocks, 11057 blocks in memory.
INFO[Server]: ServerMap: Blocks modified by: 
INFO[Server]:   finishBlockMake: expireIsAir, MMVManip::blitBackAll     1x      218
INFO[Server]:   setGenerated, finishBlockMake: expireIsAir, MMVManip::blitBackAll     1x      125
INFO[Server]:   setIsUnderground ________________________________    1x      245
ACTION[Emerge-0]: GRUG_WP40_PROFILE_CALLBACK callback=55 minp=-1872,-32,2608 maxp=-1793,47,2687 blockseed=4035836169 plan_us=559203 writer_us=472831 total_us=1032034 columns=6400 candidate_cells=49 candidates=183 r5_runs=6400 result=applied_clq vm_get_emerged_area_calls=1 vm_get_emerged_area_us=2 vm_get_data_calls=1 vm_get_data_us=4076 vm_get_param2_data_calls=1 vm_get_param2_data_us=4063 vm_get_light_data_calls=2 vm_get_light_data_us=8136 vm_set_data_calls=1 vm_set_data_us=6957 vm_set_param2_data_calls=0 vm_set_param2_data_us=0 vm_set_lighting_calls=16 vm_set_lighting_us=130 vm_calc_lighting_calls=1 vm_calc_lighting_us=1430 vm_set_light_data_calls=1 vm_set_light_data_us=6747 vm_update_liquids_calls=1 vm_update_liquids_us=959
INFO[Emerge-0]: initialEmerge: area: (-1808,-48,2592)(-1697,63,2703)=112x112x112=1404928 (5MB)
INFO[Main]: Profiler:
INFO[Main]:   ActiveObjectMgr: SAO count [#] 
INFO[Main]:   Emerge-0: processed [#] _________________________    1x        5
INFO[Main]:   EmergeThread: Lua on_generated [ms] _____________    1x     1032
INFO[Main]:   EmergeThread: Mapgen::makeChunk [ms] ____________    1x       32
INFO[Main]:   EmergeThread: after Mapgen::makeChunk [ms] ______    1x        1
INFO[Main]:   EmergeThread: load block - async (sum) [ms] 
INFO[Main]:   EmergeThread: update lighting [ms] ______________   18x    0.333
INFO[Main]:   SEnv: modify in blocks avg per interval [ms] 
INFO[Main]:   Server: collisionMoveSimple() [us] 
INFO[Main]:   Server: map saving (sum) [ms] ___________________    1x        8
INFO[Main]:   Server: map timer and unload [ms] 
INFO[Main]:   Server: send SAO messages [ms] 
INFO[Main]:   Server: update objects within range [ms] 
INFO[Main]:   Server::AsyncRunStep() [ms] _____________________   20x      0.4
INFO[Main]:   Server::RunStep() (max) [ms] ____________________    1x       51
INFO[Main]:   Server::SendBlocks(): Collect list [ms] 
INFO[Main]:   Server::SendBlocks(): Send to clients [ms] 
INFO[Main]:   ServerEnv: ABMs run 
INFO[Main]:   ServerEnv: Run SAO::step() [ms] 
INFO[Main]:   ServerEnv: Run node timers [ms] 
INFO[Main]:   ServerEnv: active blocks 
INFO[Main]:   ServerEnv: active blocks cached 
INFO[Main]:   ServerEnv: active blocks scanned for ABMs 
INFO[Main]:   ServerEnv: update active blocks [ms] 
INFO[Main]:   ServerEnv::step() [ms] 
INFO[Main]:   ServerEnvironment::removeRemovedObjects() [ms] 
INFO[Main]:   ServerMap: load block - sync (sum) [ms] 
ACTION[Emerge-0]: GRUG_WP40_PROFILE_CALLBACK callback=56 minp=-1792,-32,2608 maxp=-1713,47,2687 blockseed=3689486537 plan_us=396494 writer_us=374960 total_us=771454 columns=6400 candidate_cells=49 candidates=191 r5_runs=7532 result=applied_clq vm_get_emerged_area_calls=1 vm_get_emerged_area_us=2 vm_get_data_calls=1 vm_get_data_us=4063 vm_get_param2_data_calls=1 vm_get_param2_data_us=4055 vm_get_light_data_calls=2 vm_get_light_data_us=7619 vm_set_data_calls=1 vm_set_data_us=7195 vm_set_param2_data_calls=0 vm_set_param2_data_us=0 vm_set_lighting_calls=16 vm_set_lighting_us=120 vm_calc_lighting_calls=1 vm_calc_lighting_us=1507 vm_set_light_data_calls=1 vm_set_light_data_us=6967 vm_update_liquids_calls=1 vm_update_liquids_us=976
INFO[Server]: ServerMap: Written: 588 blocks, 11232 blocks in memory.
INFO[Server]: ServerMap: Blocks modified by: 
INFO[Server]:   finishBlockMake: expireIsAir, MMVManip::blitBackAll     1x      243
INFO[Server]:   setGenerated, finishBlockMake: expireIsAir, MMVManip::blitBackAll     1x      170
INFO[Server]:   setIsUnderground, finishBlockMake: expireIsAir, MMVManip::blitBackAll     1x       95
INFO[Server]:   setIsUnderground, setGenerated, finishBlockMake: expireIsAir, MMVManip::blitBackAll     1x       80
INFO[Emerge-0]: initialEmerge: area: (-1888,32,2592)(-1777,143,2703)=112x112x112=1404928 (5MB)
ACTION[Emerge-0]: GRUG_WP40_PROFILE_CALLBACK callback=57 minp=-1872,48,2608 maxp=-1793,127,2687 blockseed=2024279681 plan_us=115938 writer_us=160904 total_us=276842 columns=6400 candidate_cells=49 candidates=183 r5_runs=24539 result=applied_cplq vm_get_emerged_area_calls=1 vm_get_emerged_area_us=2 vm_get_data_calls=1 vm_get_data_us=4063 vm_get_param2_data_calls=1 vm_get_param2_data_us=4057 vm_get_light_data_calls=2 vm_get_light_data_us=8140 vm_set_data_calls=1 vm_set_data_us=7091 vm_set_param2_data_calls=1 vm_set_param2_data_us=6828 vm_set_lighting_calls=96 vm_set_lighting_us=93 vm_calc_lighting_calls=1 vm_calc_lighting_us=9321 vm_set_light_data_calls=1 vm_set_light_data_us=7176 vm_update_liquids_calls=1 vm_update_liquids_us=941
INFO[Emerge-0]: initialEmerge: area: (-1808,32,2592)(-1697,143,2703)=112x112x112=1404928 (5MB)
ACTION[Emerge-0]: GRUG_WP40_PROFILE_CALLBACK callback=58 minp=-1792,48,2608 maxp=-1713,127,2687 blockseed=1742579905 plan_us=135342 writer_us=163090 total_us=298432 columns=6400 candidate_cells=49 candidates=191 r5_runs=21699 result=applied_cplq vm_get_emerged_area_calls=1 vm_get_emerged_area_us=2 vm_get_data_calls=1 vm_get_data_us=4054 vm_get_param2_data_calls=1 vm_get_param2_data_us=4055 vm_get_light_data_calls=2 vm_get_light_data_us=8112 vm_set_data_calls=1 vm_set_data_us=6933 vm_set_param2_data_calls=1 vm_set_param2_data_us=6841 vm_set_lighting_calls=96 vm_set_lighting_us=86 vm_calc_lighting_calls=1 vm_calc_lighting_us=10692 vm_set_light_data_calls=1 vm_set_light_data_us=6778 vm_update_liquids_calls=1 vm_update_liquids_us=980
INFO[Emerge-0]: initialEmerge: area: (-1888,112,2592)(-1777,223,2703)=112x112x112=1404928 (5MB)
ACTION[Emerge-0]: GRUG_WP40_PROFILE_CALLBACK callback=59 minp=-1872,128,2608 maxp=-1793,207,2687 blockseed=4128922897 plan_us=116746 writer_us=53063 total_us=169809 columns=6400 candidate_cells=49 candidates=183 r5_runs=6400 result=noop_equal_content vm_get_emerged_area_calls=1 vm_get_emerged_area_us=2 vm_get_data_calls=1 vm_get_data_us=4061 vm_get_param2_data_calls=1 vm_get_param2_data_us=4055 vm_get_light_data_calls=0 vm_get_light_data_us=0 vm_set_data_calls=0 vm_set_data_us=0 vm_set_param2_data_calls=0 vm_set_param2_data_us=0 vm_set_lighting_calls=0 vm_set_lighting_us=0 vm_calc_lighting_calls=0 vm_calc_lighting_us=0 vm_set_light_data_calls=0 vm_set_light_data_us=0 vm_update_liquids_calls=0 vm_update_liquids_us=0
INFO[Emerge-0]: initialEmerge: area: (-1808,112,2592)(-1697,223,2703)=112x112x112=1404928 (5MB)
INFO[Main]: Profiler:
INFO[Main]:   ActiveObjectMgr: SAO count [#] 
INFO[Main]:   Emerge-0: processed [#] _________________________    1x       63
INFO[Main]:   EmergeThread: Lua on_generated [ms] _____________    4x      379
INFO[Main]:   EmergeThread: Mapgen::makeChunk [ms] ____________    4x       27
INFO[Main]:   EmergeThread: after Mapgen::makeChunk [ms] ______    4x     0.75
INFO[Main]:   EmergeThread: load block - async (sum) [ms] 
INFO[Main]:   EmergeThread: update lighting [ms] ______________  215x    0.306
INFO[Main]:   SEnv: modify in blocks avg per interval [ms] 
INFO[Main]:   Server: collisionMoveSimple() [us] 
INFO[Main]:   Server: map saving (sum) [ms] ___________________    1x        8
INFO[Main]:   Server: map timer and unload [ms] 
INFO[Main]:   Server: send SAO messages [ms] 
INFO[Main]:   Server: update objects within range [ms] 
INFO[Main]:   Server::AsyncRunStep() [ms] _____________________   20x      0.5
INFO[Main]:   Server::RunStep() (max) [ms] ____________________    1x       51
INFO[Main]:   Server::SendBlocks(): Collect list [ms] 
INFO[Main]:   Server::SendBlocks(): Send to clients [ms] 
INFO[Main]:   ServerEnv: ABMs run 
INFO[Main]:   ServerEnv: Run SAO::step() [ms] 
INFO[Main]:   ServerEnv: Run node timers [ms] 
INFO[Main]:   ServerEnv: active blocks 
INFO[Main]:   ServerEnv: active blocks cached 
INFO[Main]:   ServerEnv: active blocks scanned for ABMs 
INFO[Main]:   ServerEnv: update active blocks [ms] 
INFO[Main]:   ServerEnv::step() [ms] __________________________   20x      0.1
INFO[Main]:   ServerEnvironment::removeRemovedObjects() [ms] 
INFO[Main]:   ServerMap: load block - sync (sum) [ms] _________    1x        3
INFO[Server]: ServerMap: Written: 958 blocks, 11832 blocks in memory.
INFO[Server]: ServerMap: Blocks modified by: 
INFO[Server]:   finishBlockMake: expireIsAir, MMVManip::blitBackAll     1x      243
INFO[Server]:   setGenerated, finishBlockMake: expireIsAir, MMVManip::blitBackAll     1x      115
INFO[Server]:   setIsUnderground ________________________________    1x      125
INFO[Server]:   setIsUnderground, finishBlockMake: expireIsAir, MMVManip::blitBackAll     1x      215
INFO[Server]:   setIsUnderground, setGenerated, finishBlockMake: expireIsAir, MMVManip::blitBackAll     1x      260
ACTION[Emerge-0]: GRUG_WP40_PROFILE_CALLBACK callback=60 minp=-1792,128,2608 maxp=-1713,207,2687 blockseed=3479231825 plan_us=133361 writer_us=54795 total_us=188156 columns=6400 candidate_cells=49 candidates=191 r5_runs=6400 result=noop_equal_content vm_get_emerged_area_calls=1 vm_get_emerged_area_us=2 vm_get_data_calls=1 vm_get_data_us=4311 vm_get_param2_data_calls=1 vm_get_param2_data_us=3792 vm_get_light_data_calls=0 vm_get_light_data_us=0 vm_set_data_calls=0 vm_set_data_us=0 vm_set_param2_data_calls=0 vm_set_param2_data_us=0 vm_set_lighting_calls=0 vm_set_lighting_us=0 vm_calc_lighting_calls=0 vm_calc_lighting_us=0 vm_set_light_data_calls=0 vm_set_light_data_us=0 vm_update_liquids_calls=0 vm_update_liquids_us=0
ACTION[Emerge-0]: [grug_core] start area ready: undead (4/6, 43.2 s)
ACTION[Emerge-0]: GRUG_WP40_PROFILE_PROBE phase=cold event=emerge case=pine_hearthpine_east mapchunk=-1792,-32,-2592 elapsed_us=12581284 generated=0 disk=0 memory=125 cancelled=0 errored=0
INFO[Emerge-0]: initialEmerge: area: (-128,-48,2432)(-17,63,2543)=112x112x112=1404928 (5MB)
ACTION[Server]: [grug_mobs] start npcs stillgrave: grug_mobs:guard_throng placed at socket gate_west (-1804,54,2494)
ACTION[Server]: [grug_mobs] start npcs stillgrave: grug_mobs:guard_throng placed at socket gate_east (-1796,54,2494)
ACTION[Server]: [grug_mobs] start npcs stillgrave: grug_mobs:guard_throng placed at socket watch_gate (-1800,54,2498)
ACTION[Server]: [grug_mobs] start npcs stillgrave: grug_traders:vendor_race_undead placed at socket court_vendor (-1793,54,2545)
ACTION[Server]: [grug_mobs] start npcs stillgrave: grug_mobs:villager_undead placed at socket idle_warden_door (-1813,54,2582)
ACTION[Server]: [grug_mobs] start npcs stillgrave: grug_mobs:villager_undead placed at socket idle_court_settle (-1810,54,2554)
ACTION[Server]: [grug_mobs] start npcs stillgrave: grug_mobs:villager_undead placed at socket idle_bone_works (-1778,54,2549)
ACTION[Server]: [grug_mobs] start npcs stillgrave: grug_mobs:villager_undead placed at socket idle_gate_brazier (-1805,54,2493)
ACTION[Server]: [grug_mobs] start npcs stillgrave: grug_mobs:villager_undead placed at socket work_gravewood (-1790,54,2544)
ACTION[Server]: [grug_mobs] start npcs stillgrave: grug_mobs:villager_undead placed at socket work_blightbed (-1822,54,2542)
ACTION[Server]: [grug_mobs] start npcs stillgrave: grug_mobs:elder_undead placed at socket hall_quest (-1798,54,2560)
ACTION[Server]: [grug_mobs] start npcs stillgrave: grug_mobs:villager_undead placed at socket trainer_cooking (-1798,54,2540)
ACTION[Server]: [grug_mobs] start npcs undead stillgrave: guards 3/3 flair 7/7 vendor 1/1 quest 1/1 royal 0/0 new 12 pending 0 spare 3 residents 6 walkers 1
INFO[Main]: Profiler:
INFO[Main]:   ActiveObjectMgr: SAO count [#] __________________   20x    22.95
INFO[Main]:   Emerge-0: processed [#] _________________________    1x      129
INFO[Main]:   EmergeThread: Lua on_generated [ms] _____________    1x      189
INFO[Main]:   EmergeThread: Mapgen::makeChunk [ms] ____________    1x       30
INFO[Main]:   EmergeThread: after Mapgen::makeChunk [ms] ______    1x        1
INFO[Main]:   EmergeThread: load block - async (sum) [ms] 
INFO[Main]:   EmergeThread: update lighting [ms] ______________    1x        5
INFO[Main]:   SEnv: modify in blocks avg per interval [ms] 
INFO[Main]:   Server: collisionMoveSimple() [us] ______________  204x    1.426
INFO[Main]:   Server: map saving (sum) [ms] ___________________    1x       12
INFO[Main]:   Server: map timer and unload [ms] _______________    1x        1
INFO[Main]:   Server: send SAO messages [ms] 
INFO[Main]:   Server: update objects within range [ms] 
INFO[Main]:   Server::AsyncRunStep() [ms] _____________________   20x     0.75
INFO[Main]:   Server::RunStep() (max) [ms] ____________________    1x       51
INFO[Main]:   Server::SendBlocks(): Collect list [ms] _________    1x        1
INFO[Main]:   Server::SendBlocks(): Send to clients [ms] 
INFO[Main]:   ServerEnv: ABMs run 
INFO[Main]:   ServerEnv: Run SAO::step() [ms] _________________   20x     0.05
INFO[Main]:   ServerEnv: Run node timers [ms] 
INFO[Main]:   ServerEnv: active blocks 
INFO[Main]:   ServerEnv: active blocks cached 
INFO[Main]:   ServerEnv: active blocks scanned for ABMs 
INFO[Main]:   ServerEnv: update active blocks [ms] 
INFO[Main]:   ServerEnv::step() [ms] __________________________   20x      0.1
INFO[Main]:   ServerEnvironment::removeRemovedObjects() [ms] 
INFO[Main]:   ServerMap: load block - sync (sum) [ms] _________    1x        1
INFO[Server]: ServerMap: Written: 695 blocks, 12175 blocks in memory.
INFO[Server]: ServerMap: Blocks modified by: 
INFO[Server]:   addActiveObjectRaw, deactivateFarObjects: static data changed     1x        9
INFO[Server]:   finishBlockMake: expireIsAir, MMVManip::blitBackAll     1x      218
INFO[Server]:   setGenerated, finishBlockMake: expireIsAir, MMVManip::blitBackAll     1x      125
INFO[Server]:   setIsUnderground ________________________________    1x      343
ACTION[Emerge-0]: GRUG_WP40_PROFILE_CALLBACK callback=61 minp=-112,-32,2448 maxp=-33,47,2527 blockseed=1736116177 plan_us=538127 writer_us=466189 total_us=1004316 columns=6400 candidate_cells=49 candidates=2929 r5_runs=25600 result=applied_cplq vm_get_emerged_area_calls=1 vm_get_emerged_area_us=2 vm_get_data_calls=1 vm_get_data_us=4059 vm_get_param2_data_calls=1 vm_get_param2_data_us=4053 vm_get_light_data_calls=2 vm_get_light_data_us=7886 vm_set_data_calls=1 vm_set_data_us=7296 vm_set_param2_data_calls=1 vm_set_param2_data_us=7111 vm_set_lighting_calls=1 vm_set_lighting_us=104 vm_calc_lighting_calls=1 vm_calc_lighting_us=2485 vm_set_light_data_calls=1 vm_set_light_data_us=7369 vm_update_liquids_calls=1 vm_update_liquids_us=956
INFO[Emerge-0]: initialEmerge: area: (-48,-48,2432)(63,63,2543)=112x112x112=1404928 (5MB)
ACTION[Emerge-0]: GRUG_WP40_PROFILE_CALLBACK callback=62 minp=-32,-32,2448 maxp=47,47,2527 blockseed=2735845593 plan_us=363406 writer_us=296076 total_us=659482 columns=6400 candidate_cells=49 candidates=1523 r5_runs=25600 result=applied_cplq vm_get_emerged_area_calls=1 vm_get_emerged_area_us=2 vm_get_data_calls=1 vm_get_data_us=4075 vm_get_param2_data_calls=1 vm_get_param2_data_us=4117 vm_get_light_data_calls=2 vm_get_light_data_us=8286 vm_set_data_calls=1 vm_set_data_us=7163 vm_set_param2_data_calls=1 vm_set_param2_data_us=7218 vm_set_lighting_calls=1 vm_set_lighting_us=112 vm_calc_lighting_calls=1 vm_calc_lighting_us=3213 vm_set_light_data_calls=1 vm_set_light_data_us=7018 vm_update_liquids_calls=1 vm_update_liquids_us=997
INFO[Emerge-0]: initialEmerge: area: (32,-48,2432)(143,63,2543)=112x112x112=1404928 (5MB)
INFO[Main]: Profiler:
INFO[Main]:   ActiveObjectMgr: SAO count [#] __________________   20x     2.25
INFO[Main]:   Emerge-0: processed [#] _________________________    1x        7
INFO[Main]:   EmergeThread: Lua on_generated [ms] _____________    2x    831.5
INFO[Main]:   EmergeThread: Mapgen::makeChunk [ms] ____________    2x     27.5
INFO[Main]:   EmergeThread: after Mapgen::makeChunk [ms] ______    2x        1
INFO[Main]:   EmergeThread: load block - async (sum) [ms] 
INFO[Main]:   EmergeThread: update lighting [ms] ______________    6x    1.666
INFO[Main]:   SEnv: modify in blocks avg per interval [ms] 
INFO[Main]:   Server: collisionMoveSimple() [us] 
INFO[Main]:   Server: map saving (sum) [ms] ___________________    1x        9
INFO[Main]:   Server: map timer and unload [ms] 
INFO[Main]:   Server: send SAO messages [ms] 
INFO[Main]:   Server: update objects within range [ms] 
INFO[Main]:   Server::AsyncRunStep() [ms] _____________________   20x      0.5
INFO[Main]:   Server::RunStep() (max) [ms] ____________________    1x       51
INFO[Main]:   Server::SendBlocks(): Collect list [ms] 
INFO[Main]:   Server::SendBlocks(): Send to clients [ms] 
INFO[Main]:   ServerEnv: ABMs run 
INFO[Main]:   ServerEnv: Run SAO::step() [ms] 
INFO[Main]:   ServerEnv: Run node timers [ms] 
INFO[Main]:   ServerEnv: active blocks 
INFO[Main]:   ServerEnv: active blocks cached 
INFO[Main]:   ServerEnv: active blocks scanned for ABMs 
INFO[Main]:   ServerEnv: update active blocks [ms] 
INFO[Main]:   ServerEnv::step() [ms] __________________________   20x     0.05
INFO[Main]:   ServerEnvironment::removeRemovedObjects() [ms] 
INFO[Main]:   ServerMap: load block - sync (sum) [ms] _________    1x        2
INFO[Server]: ServerMap: Written: 833 blocks, 12665 blocks in memory.
INFO[Server]: ServerMap: Blocks modified by: 
INFO[Server]:   finishBlockMake: expireIsAir, MMVManip::blitBackAll     1x      193
INFO[Server]:   setGenerated, finishBlockMake: expireIsAir, MMVManip::blitBackAll     1x      150
INFO[Server]:   setIsUnderground ________________________________    1x      245
INFO[Server]:   setIsUnderground, finishBlockMake: expireIsAir, MMVManip::blitBackAll     1x      145
INFO[Server]:   setIsUnderground, setGenerated, finishBlockMake: expireIsAir, MMVManip::blitBackAll     1x      100
ACTION[Emerge-0]: GRUG_WP40_PROFILE_CALLBACK callback=63 minp=48,-32,2448 maxp=127,47,2527 blockseed=101387481 plan_us=497009 writer_us=301484 total_us=798493 columns=6400 candidate_cells=49 candidates=3036 r5_runs=25477 result=applied_cplq vm_get_emerged_area_calls=1 vm_get_emerged_area_us=3 vm_get_data_calls=1 vm_get_data_us=4325 vm_get_param2_data_calls=1 vm_get_param2_data_us=4325 vm_get_light_data_calls=2 vm_get_light_data_us=8120 vm_set_data_calls=1 vm_set_data_us=7222 vm_set_param2_data_calls=1 vm_set_param2_data_us=7088 vm_set_lighting_calls=1 vm_set_lighting_us=112 vm_calc_lighting_calls=1 vm_calc_lighting_us=3028 vm_set_light_data_calls=1 vm_set_light_data_us=7038 vm_update_liquids_calls=1 vm_update_liquids_us=1017
INFO[Emerge-0]: initialEmerge: area: (-128,32,2432)(-17,143,2543)=112x112x112=1404928 (5MB)
ACTION[Emerge-0]: GRUG_WP40_PROFILE_CALLBACK callback=64 minp=-112,48,2448 maxp=-33,127,2527 blockseed=1076006631 plan_us=166032 writer_us=47283 total_us=213315 columns=6400 candidate_cells=49 candidates=2929 r5_runs=6400 result=noop_equal_content vm_get_emerged_area_calls=1 vm_get_emerged_area_us=2 vm_get_data_calls=1 vm_get_data_us=4077 vm_get_param2_data_calls=1 vm_get_param2_data_us=4058 vm_get_light_data_calls=0 vm_get_light_data_us=0 vm_set_data_calls=0 vm_set_data_us=0 vm_set_param2_data_calls=0 vm_set_param2_data_us=0 vm_set_lighting_calls=0 vm_set_lighting_us=0 vm_calc_lighting_calls=0 vm_calc_lighting_us=0 vm_set_light_data_calls=0 vm_set_light_data_us=0 vm_update_liquids_calls=0 vm_update_liquids_us=0
INFO[Emerge-0]: initialEmerge: area: (-48,32,2432)(63,143,2543)=112x112x112=1404928 (5MB)
INFO[Main]: Profiler:
INFO[Main]:   ActiveObjectMgr: SAO count [#] 
INFO[Main]:   Emerge-0: processed [#] _________________________    1x       19
INFO[Main]:   EmergeThread: Lua on_generated [ms] _____________    2x      506
INFO[Main]:   EmergeThread: Mapgen::makeChunk [ms] ____________    2x     29.5
INFO[Main]:   EmergeThread: after Mapgen::makeChunk [ms] ______    2x        1
INFO[Main]:   EmergeThread: load block - async (sum) [ms] 
INFO[Main]:   EmergeThread: update lighting [ms] ______________    4x     5.25
INFO[Main]:   SEnv: modify in blocks avg per interval [ms] 
INFO[Main]:   Server: collisionMoveSimple() [us] 
INFO[Main]:   Server: map saving (sum) [ms] ___________________    1x       12
INFO[Main]:   Server: map timer and unload [ms] 
INFO[Main]:   Server: send SAO messages [ms] 
INFO[Main]:   Server: update objects within range [ms] 
INFO[Main]:   Server::AsyncRunStep() [ms] _____________________   20x      0.6
INFO[Main]:   Server::RunStep() (max) [ms] ____________________    1x       51
INFO[Main]:   Server::SendBlocks(): Collect list [ms] 
INFO[Main]:   Server::SendBlocks(): Send to clients [ms] 
INFO[Main]:   ServerEnv: ABMs run 
INFO[Main]:   ServerEnv: Run SAO::step() [ms] 
INFO[Main]:   ServerEnv: Run node timers [ms] 
INFO[Main]:   ServerEnv: active blocks 
INFO[Main]:   ServerEnv: active blocks cached 
INFO[Main]:   ServerEnv: active blocks scanned for ABMs 
INFO[Main]:   ServerEnv: update active blocks [ms] 
INFO[Main]:   ServerEnv::step() [ms] 
INFO[Main]:   ServerEnvironment::removeRemovedObjects() [ms] 
INFO[Main]:   ServerMap: load block - sync (sum) [ms] 
INFO[Server]: ServerMap: Written: 861 blocks, 13085 blocks in memory.
INFO[Server]: ServerMap: Blocks modified by: 
INFO[Server]:   finishBlockMake: expireIsAir, MMVManip::blitBackAll     1x      291
INFO[Server]:   setGenerated, finishBlockMake: expireIsAir, MMVManip::blitBackAll     1x      150
INFO[Server]:   setIsUnderground ________________________________    1x      175
INFO[Server]:   setIsUnderground, finishBlockMake: expireIsAir, MMVManip::blitBackAll     1x      145
INFO[Server]:   setIsUnderground, setGenerated, finishBlockMake: expireIsAir, MMVManip::blitBackAll     1x      100
ACTION[Emerge-0]: GRUG_WP40_PROFILE_CALLBACK callback=65 minp=-32,48,2448 maxp=47,127,2527 blockseed=2048358545 plan_us=110360 writer_us=119252 total_us=229612 columns=6400 candidate_cells=49 candidates=1523 r5_runs=6400 result=applied_clq vm_get_emerged_area_calls=1 vm_get_emerged_area_us=3 vm_get_data_calls=1 vm_get_data_us=4066 vm_get_param2_data_calls=1 vm_get_param2_data_us=4056 vm_get_light_data_calls=2 vm_get_light_data_us=8304 vm_set_data_calls=1 vm_set_data_us=7212 vm_set_param2_data_calls=0 vm_set_param2_data_us=0 vm_set_lighting_calls=1 vm_set_lighting_us=130 vm_calc_lighting_calls=1 vm_calc_lighting_us=12398 vm_set_light_data_calls=1 vm_set_light_data_us=7031 vm_update_liquids_calls=1 vm_update_liquids_us=959
INFO[Emerge-0]: initialEmerge: area: (32,32,2432)(143,143,2543)=112x112x112=1404928 (5MB)
ACTION[Emerge-0]: GRUG_WP40_PROFILE_CALLBACK callback=66 minp=48,48,2448 maxp=127,127,2527 blockseed=1336534161 plan_us=168927 writer_us=119633 total_us=288560 columns=6400 candidate_cells=49 candidates=3036 r5_runs=6400 result=applied_clq vm_get_emerged_area_calls=1 vm_get_emerged_area_us=2 vm_get_data_calls=1 vm_get_data_us=3841 vm_get_param2_data_calls=1 vm_get_param2_data_us=3822 vm_get_light_data_calls=2 vm_get_light_data_us=8124 vm_set_data_calls=1 vm_set_data_us=7640 vm_set_param2_data_calls=0 vm_set_param2_data_us=0 vm_set_lighting_calls=1 vm_set_lighting_us=136 vm_calc_lighting_calls=1 vm_calc_lighting_us=11163 vm_set_light_data_calls=1 vm_set_light_data_us=7187 vm_update_liquids_calls=1 vm_update_liquids_us=935
INFO[Emerge-0]: initialEmerge: area: (-128,-48,2512)(-17,63,2623)=112x112x112=1404928 (5MB)
INFO[Main]: Profiler:
INFO[Main]:   ActiveObjectMgr: SAO count [#] 
INFO[Main]:   Emerge-0: processed [#] _________________________    1x      166
INFO[Main]:   EmergeThread: Lua on_generated [ms] _____________    2x    259.5
INFO[Main]:   EmergeThread: Mapgen::makeChunk [ms] ____________    2x       32
INFO[Main]:   EmergeThread: after Mapgen::makeChunk [ms] ______    2x        1
INFO[Main]:   EmergeThread: load block - async (sum) [ms] 
INFO[Main]:   EmergeThread: update lighting [ms] ______________    6x    6.166
INFO[Main]:   SEnv: modify in blocks avg per interval [ms] 
INFO[Main]:   Server: collisionMoveSimple() [us] 
INFO[Main]:   Server: map saving (sum) [ms] ___________________    1x       13
INFO[Main]:   Server: map timer and unload [ms] 
INFO[Main]:   Server: send SAO messages [ms] 
INFO[Main]:   Server: update objects within range [ms] 
INFO[Main]:   Server::AsyncRunStep() [ms] _____________________   20x      0.7
INFO[Main]:   Server::RunStep() (max) [ms] ____________________    1x       51
INFO[Main]:   Server::SendBlocks(): Collect list [ms] 
INFO[Main]:   Server::SendBlocks(): Send to clients [ms] 
INFO[Main]:   ServerEnv: ABMs run 
INFO[Main]:   ServerEnv: Run SAO::step() [ms] 
INFO[Main]:   ServerEnv: Run node timers [ms] 
INFO[Main]:   ServerEnv: active blocks 
INFO[Main]:   ServerEnv: active blocks cached 
INFO[Main]:   ServerEnv: active blocks scanned for ABMs 
INFO[Main]:   ServerEnv: update active blocks [ms] 
INFO[Main]:   ServerEnv::step() [ms] __________________________   20x     0.05
INFO[Main]:   ServerEnvironment::removeRemovedObjects() [ms] 
INFO[Main]:   ServerMap: load block - sync (sum) [ms] _________    1x        2
INFO[Server]: ServerMap: Written: 833 blocks, 13505 blocks in memory.
INFO[Server]: ServerMap: Blocks modified by: 
INFO[Server]:   finishBlockMake: expireIsAir, MMVManip::blitBackAll     1x      243
INFO[Server]:   setGenerated, finishBlockMake: expireIsAir, MMVManip::blitBackAll     1x      170
INFO[Server]:   setIsUnderground ________________________________    1x      245
INFO[Server]:   setIsUnderground, finishBlockMake: expireIsAir, MMVManip::blitBackAll     1x       95
INFO[Server]:   setIsUnderground, setGenerated, finishBlockMake: expireIsAir, MMVManip::blitBackAll     1x       80
ACTION[Emerge-0]: GRUG_WP40_PROFILE_CALLBACK callback=67 minp=-112,-32,2528 maxp=-33,47,2607 blockseed=2077799985 plan_us=401294 writer_us=417056 total_us=818350 columns=6400 candidate_cells=49 candidates=2192 r5_runs=25600 result=applied_cplq vm_get_emerged_area_calls=1 vm_get_emerged_area_us=2 vm_get_data_calls=1 vm_get_data_us=4056 vm_get_param2_data_calls=1 vm_get_param2_data_us=4054 vm_get_light_data_calls=2 vm_get_light_data_us=8650 vm_set_data_calls=1 vm_set_data_us=6949 vm_set_param2_data_calls=1 vm_set_param2_data_us=6812 vm_set_lighting_calls=16 vm_set_lighting_us=115 vm_calc_lighting_calls=1 vm_calc_lighting_us=3708 vm_set_light_data_calls=1 vm_set_light_data_us=6747 vm_update_liquids_calls=1 vm_update_liquids_us=969
INFO[Emerge-0]: initialEmerge: area: (-48,-48,2512)(63,63,2623)=112x112x112=1404928 (5MB)
ACTION[Emerge-0]: GRUG_WP40_PROFILE_CALLBACK callback=68 minp=-32,-32,2528 maxp=47,47,2607 blockseed=2302954225 plan_us=228724 writer_us=265996 total_us=494720 columns=6400 candidate_cells=49 candidates=237 r5_runs=25600 result=applied_cplq vm_get_emerged_area_calls=1 vm_get_emerged_area_us=2 vm_get_data_calls=1 vm_get_data_us=4111 vm_get_param2_data_calls=1 vm_get_param2_data_us=4061 vm_get_light_data_calls=2 vm_get_light_data_us=7852 vm_set_data_calls=1 vm_set_data_us=7246 vm_set_param2_data_calls=1 vm_set_param2_data_us=7151 vm_set_lighting_calls=16 vm_set_lighting_us=116 vm_calc_lighting_calls=1 vm_calc_lighting_us=5617 vm_set_light_data_calls=1 vm_set_light_data_us=7054 vm_update_liquids_calls=1 vm_update_liquids_us=968
INFO[Emerge-0]: initialEmerge: area: (32,-48,2512)(143,63,2623)=112x112x112=1404928 (5MB)
INFO[Main]: Profiler:
INFO[Main]:   ActiveObjectMgr: SAO count [#] 
INFO[Main]:   Emerge-0: processed [#] _________________________    1x        7
INFO[Main]:   EmergeThread: Lua on_generated [ms] _____________    2x      656
INFO[Main]:   EmergeThread: Mapgen::makeChunk [ms] ____________    2x     31.5
INFO[Main]:   EmergeThread: after Mapgen::makeChunk [ms] ______    2x        1
INFO[Main]:   EmergeThread: load block - async (sum) [ms] 
INFO[Main]:   EmergeThread: update lighting [ms] ______________   36x    0.611
INFO[Main]:   SEnv: modify in blocks avg per interval [ms] 
INFO[Main]:   Server: collisionMoveSimple() [us] 
INFO[Main]:   Server: map saving (sum) [ms] ___________________    1x       11
INFO[Main]:   Server: map timer and unload [ms] 
INFO[Main]:   Server: send SAO messages [ms] 
INFO[Main]:   Server: update objects within range [ms] 
INFO[Main]:   Server::AsyncRunStep() [ms] _____________________   20x      0.6
INFO[Main]:   Server::RunStep() (max) [ms] ____________________    1x       51
INFO[Main]:   Server::SendBlocks(): Collect list [ms] 
INFO[Main]:   Server::SendBlocks(): Send to clients [ms] 
INFO[Main]:   ServerEnv: ABMs run 
INFO[Main]:   ServerEnv: Run SAO::step() [ms] 
INFO[Main]:   ServerEnv: Run node timers [ms] 
INFO[Main]:   ServerEnv: active blocks 
INFO[Main]:   ServerEnv: active blocks cached 
INFO[Main]:   ServerEnv: active blocks scanned for ABMs 
INFO[Main]:   ServerEnv: update active blocks [ms] 
INFO[Main]:   ServerEnv::step() [ms] __________________________   20x     0.05
INFO[Main]:   ServerEnvironment::removeRemovedObjects() [ms] 
INFO[Main]:   ServerMap: load block - sync (sum) [ms] _________    1x        1
INFO[Server]: ServerMap: Written: 763 blocks, 13855 blocks in memory.
INFO[Server]: ServerMap: Blocks modified by: 
INFO[Server]:   finishBlockMake: expireIsAir, MMVManip::blitBackAll     1x      243
INFO[Server]:   setGenerated, finishBlockMake: expireIsAir, MMVManip::blitBackAll     1x      170
INFO[Server]:   setIsUnderground ________________________________    1x      175
INFO[Server]:   setIsUnderground, finishBlockMake: expireIsAir, MMVManip::blitBackAll     1x       95
INFO[Server]:   setIsUnderground, setGenerated, finishBlockMake: expireIsAir, MMVManip::blitBackAll     1x       80
ACTION[Emerge-0]: GRUG_WP40_PROFILE_CALLBACK callback=69 minp=48,-32,2528 maxp=127,47,2607 blockseed=2205689649 plan_us=343285 writer_us=322235 total_us=665520 columns=6400 candidate_cells=49 candidates=2696 r5_runs=25479 result=applied_cplq vm_get_emerged_area_calls=1 vm_get_emerged_area_us=1 vm_get_data_calls=1 vm_get_data_us=4060 vm_get_param2_data_calls=1 vm_get_param2_data_us=4055 vm_get_light_data_calls=2 vm_get_light_data_us=8866 vm_set_data_calls=1 vm_set_data_us=7201 vm_set_param2_data_calls=1 vm_set_param2_data_us=7091 vm_set_lighting_calls=16 vm_set_lighting_us=113 vm_calc_lighting_calls=1 vm_calc_lighting_us=3957 vm_set_light_data_calls=1 vm_set_light_data_us=7122 vm_update_liquids_calls=1 vm_update_liquids_us=1020
INFO[Emerge-0]: initialEmerge: area: (-128,32,2512)(-17,143,2623)=112x112x112=1404928 (5MB)
ACTION[Emerge-0]: GRUG_WP40_PROFILE_CALLBACK callback=70 minp=-112,48,2528 maxp=-33,127,2607 blockseed=4046915585 plan_us=140822 writer_us=47279 total_us=188101 columns=6400 candidate_cells=49 candidates=2192 r5_runs=6400 result=noop_equal_content vm_get_emerged_area_calls=1 vm_get_emerged_area_us=2 vm_get_data_calls=1 vm_get_data_us=4067 vm_get_param2_data_calls=1 vm_get_param2_data_us=4053 vm_get_light_data_calls=0 vm_get_light_data_us=0 vm_set_data_calls=0 vm_set_data_us=0 vm_set_param2_data_calls=0 vm_set_param2_data_us=0 vm_set_lighting_calls=0 vm_set_lighting_us=0 vm_calc_lighting_calls=0 vm_calc_lighting_us=0 vm_set_light_data_calls=0 vm_set_light_data_us=0 vm_update_liquids_calls=0 vm_update_liquids_us=0
INFO[Emerge-0]: initialEmerge: area: (-48,32,2512)(63,143,2623)=112x112x112=1404928 (5MB)
ACTION[Emerge-0]: GRUG_WP40_PROFILE_CALLBACK callback=71 minp=-32,48,2528 maxp=47,127,2607 blockseed=3569267905 plan_us=68235 writer_us=95555 total_us=163790 columns=6400 candidate_cells=49 candidates=237 r5_runs=6400 result=applied_clq vm_get_emerged_area_calls=1 vm_get_emerged_area_us=2 vm_get_data_calls=1 vm_get_data_us=4524 vm_get_param2_data_calls=1 vm_get_param2_data_us=3836 vm_get_light_data_calls=2 vm_get_light_data_us=8112 vm_set_data_calls=1 vm_set_data_us=7206 vm_set_param2_data_calls=0 vm_set_param2_data_us=0 vm_set_lighting_calls=35 vm_set_lighting_us=23 vm_calc_lighting_calls=1 vm_calc_lighting_us=13339 vm_set_light_data_calls=1 vm_set_light_data_us=7015 vm_update_liquids_calls=1 vm_update_liquids_us=998
INFO[Emerge-0]: initialEmerge: area: (32,32,2512)(143,143,2623)=112x112x112=1404928 (5MB)
INFO[Main]: Profiler:
INFO[Main]:   ActiveObjectMgr: SAO count [#] 
INFO[Main]:   Emerge-0: processed [#] _________________________    1x       24
INFO[Main]:   EmergeThread: Lua on_generated [ms] _____________    3x  339.666
INFO[Main]:   EmergeThread: Mapgen::makeChunk [ms] ____________    2x     32.5
INFO[Main]:   EmergeThread: after Mapgen::makeChunk [ms] ______    3x        1
INFO[Main]:   EmergeThread: load block - async (sum) [ms] 
INFO[Main]:   EmergeThread: update lighting [ms] ______________   55x    0.745
INFO[Main]:   SEnv: modify in blocks avg per interval [ms] 
INFO[Main]:   Server: collisionMoveSimple() [us] 
INFO[Main]:   Server: map saving (sum) [ms] ___________________    1x       11
INFO[Main]:   Server: map timer and unload [ms] 
INFO[Main]:   Server: send SAO messages [ms] 
INFO[Main]:   Server: update objects within range [ms] 
INFO[Main]:   Server::AsyncRunStep() [ms] _____________________   20x     0.55
INFO[Main]:   Server::RunStep() (max) [ms] ____________________    1x       51
INFO[Main]:   Server::SendBlocks(): Collect list [ms] 
INFO[Main]:   Server::SendBlocks(): Send to clients [ms] 
INFO[Main]:   ServerEnv: ABMs run 
INFO[Main]:   ServerEnv: Run SAO::step() [ms] 
INFO[Main]:   ServerEnv: Run node timers [ms] 
INFO[Main]:   ServerEnv: active blocks 
INFO[Main]:   ServerEnv: active blocks cached 
INFO[Main]:   ServerEnv: active blocks scanned for ABMs 
INFO[Main]:   ServerEnv: update active blocks [ms] 
INFO[Main]:   ServerEnv::step() [ms] 
INFO[Main]:   ServerEnvironment::removeRemovedObjects() [ms] 
INFO[Main]:   ServerMap: load block - sync (sum) [ms] 
INFO[Server]: ServerMap: Written: 1028 blocks, 14280 blocks in memory.
INFO[Server]: ServerMap: Blocks modified by: 
INFO[Server]:   finishBlockMake: expireIsAir, MMVManip::blitBackAll     1x      388
INFO[Server]:   setGenerated, finishBlockMake: expireIsAir, MMVManip::blitBackAll     1x      215
INFO[Server]:   setIsUnderground ________________________________    1x      125
INFO[Server]:   setIsUnderground, finishBlockMake: expireIsAir, MMVManip::blitBackAll     1x      140
INFO[Server]:   setIsUnderground, setGenerated, finishBlockMake: expireIsAir, MMVManip::blitBackAll     1x      160
ACTION[Emerge-0]: GRUG_WP40_PROFILE_CALLBACK callback=72 minp=48,48,2528 maxp=127,127,2607 blockseed=2802887041 plan_us=151251 writer_us=45781 total_us=197032 columns=6400 candidate_cells=49 candidates=2696 r5_runs=6400 result=noop_equal_content vm_get_emerged_area_calls=1 vm_get_emerged_area_us=2 vm_get_data_calls=1 vm_get_data_us=4065 vm_get_param2_data_calls=1 vm_get_param2_data_us=4056 vm_get_light_data_calls=0 vm_get_light_data_us=0 vm_set_data_calls=0 vm_set_data_us=0 vm_set_param2_data_calls=0 vm_set_param2_data_us=0 vm_set_lighting_calls=0 vm_set_lighting_us=0 vm_calc_lighting_calls=0 vm_calc_lighting_us=0 vm_set_light_data_calls=0 vm_set_light_data_us=0 vm_update_liquids_calls=0 vm_update_liquids_us=0
INFO[Emerge-0]: initialEmerge: area: (-128,-48,2592)(-17,63,2703)=112x112x112=1404928 (5MB)
INFO[Main]: Profiler:
INFO[Main]:   ActiveObjectMgr: SAO count [#] 
INFO[Main]:   Emerge-0: processed [#] _________________________    1x      289
INFO[Main]:   EmergeThread: Lua on_generated [ms] _____________    1x      197
INFO[Main]:   EmergeThread: Mapgen::makeChunk [ms] ____________    2x       30
INFO[Main]:   EmergeThread: after Mapgen::makeChunk [ms] ______    1x        1
INFO[Main]:   EmergeThread: load block - async (sum) [ms] 
INFO[Main]:   EmergeThread: update lighting [ms] ______________    2x        9
INFO[Main]:   SEnv: modify in blocks avg per interval [ms] 
INFO[Main]:   Server: collisionMoveSimple() [us] 
INFO[Main]:   Server: map saving (sum) [ms] ___________________    1x       14
INFO[Main]:   Server: map timer and unload [ms] _______________    1x        1
INFO[Main]:   Server: send SAO messages [ms] 
INFO[Main]:   Server: update objects within range [ms] 
INFO[Main]:   Server::AsyncRunStep() [ms] _____________________   20x     0.75
INFO[Main]:   Server::RunStep() (max) [ms] ____________________    1x       51
INFO[Main]:   Server::SendBlocks(): Collect list [ms] 
INFO[Main]:   Server::SendBlocks(): Send to clients [ms] 
INFO[Main]:   ServerEnv: ABMs run 
INFO[Main]:   ServerEnv: Run SAO::step() [ms] 
INFO[Main]:   ServerEnv: Run node timers [ms] 
INFO[Main]:   ServerEnv: active blocks 
INFO[Main]:   ServerEnv: active blocks cached 
INFO[Main]:   ServerEnv: active blocks scanned for ABMs 
INFO[Main]:   ServerEnv: update active blocks [ms] 
INFO[Main]:   ServerEnv::step() [ms] 
INFO[Main]:   ServerEnvironment::removeRemovedObjects() [ms] 
INFO[Main]:   ServerMap: load block - sync (sum) [ms] _________    1x        1
INFO[Server]: ServerMap: Written: 588 blocks, 14525 blocks in memory.
INFO[Server]: ServerMap: Blocks modified by: 
INFO[Server]:   finishBlockMake: expireIsAir, MMVManip::blitBackAll     1x      218
INFO[Server]:   setGenerated, finishBlockMake: expireIsAir, MMVManip::blitBackAll     1x      125
INFO[Server]:   setIsUnderground ________________________________    1x      245
ACTION[Emerge-0]: GRUG_WP40_PROFILE_CALLBACK callback=73 minp=-112,-32,2608 maxp=-33,47,2687 blockseed=1106384225 plan_us=450467 writer_us=420380 total_us=870847 columns=6400 candidate_cells=49 candidates=3332 r5_runs=24689 result=applied_cplq vm_get_emerged_area_calls=1 vm_get_emerged_area_us=2 vm_get_data_calls=1 vm_get_data_us=4053 vm_get_param2_data_calls=1 vm_get_param2_data_us=4095 vm_get_light_data_calls=2 vm_get_light_data_us=7843 vm_set_data_calls=1 vm_set_data_us=7205 vm_set_param2_data_calls=1 vm_set_param2_data_us=7101 vm_set_lighting_calls=16 vm_set_lighting_us=119 vm_calc_lighting_calls=1 vm_calc_lighting_us=3671 vm_set_light_data_calls=1 vm_set_light_data_us=7025 vm_update_liquids_calls=1 vm_update_liquids_us=972
INFO[Emerge-0]: initialEmerge: area: (-48,-48,2592)(63,63,2703)=112x112x112=1404928 (5MB)
ACTION[Emerge-0]: GRUG_WP40_PROFILE_CALLBACK callback=74 minp=-32,-32,2608 maxp=47,47,2687 blockseed=613314913 plan_us=317878 writer_us=356034 total_us=673912 columns=6400 candidate_cells=49 candidates=2841 r5_runs=24687 result=applied_cplq vm_get_emerged_area_calls=1 vm_get_emerged_area_us=3 vm_get_data_calls=1 vm_get_data_us=4057 vm_get_param2_data_calls=1 vm_get_param2_data_us=4066 vm_get_light_data_calls=2 vm_get_light_data_us=8129 vm_set_data_calls=1 vm_set_data_us=7203 vm_set_param2_data_calls=1 vm_set_param2_data_us=7501 vm_set_lighting_calls=16 vm_set_lighting_us=120 vm_calc_lighting_calls=1 vm_calc_lighting_us=4231 vm_set_light_data_calls=1 vm_set_light_data_us=7076 vm_update_liquids_calls=1 vm_update_liquids_us=965
INFO[Emerge-0]: initialEmerge: area: (32,-48,2592)(143,63,2703)=112x112x112=1404928 (5MB)
INFO[Main]: Profiler:
INFO[Main]:   ActiveObjectMgr: SAO count [#] 
INFO[Main]:   Emerge-0: processed [#] _________________________    1x        7
INFO[Main]:   EmergeThread: Lua on_generated [ms] _____________    2x    772.5
INFO[Main]:   EmergeThread: Mapgen::makeChunk [ms] ____________    2x       31
INFO[Main]:   EmergeThread: after Mapgen::makeChunk [ms] ______    2x        1
INFO[Main]:   EmergeThread: load block - async (sum) [ms] 
INFO[Main]:   EmergeThread: update lighting [ms] ______________   36x    0.583
INFO[Main]:   SEnv: modify in blocks avg per interval [ms] 
INFO[Main]:   Server: collisionMoveSimple() [us] 
INFO[Main]:   Server: map saving (sum) [ms] ___________________    1x        8
INFO[Main]:   Server: map timer and unload [ms] 
INFO[Main]:   Server: send SAO messages [ms] 
INFO[Main]:   Server: update objects within range [ms] 
INFO[Main]:   Server::AsyncRunStep() [ms] _____________________   20x     0.45
INFO[Main]:   Server::RunStep() (max) [ms] ____________________    1x       51
INFO[Main]:   Server::SendBlocks(): Collect list [ms] 
INFO[Main]:   Server::SendBlocks(): Send to clients [ms] 
INFO[Main]:   ServerEnv: ABMs run 
INFO[Main]:   ServerEnv: Run SAO::step() [ms] 
INFO[Main]:   ServerEnv: Run node timers [ms] 
INFO[Main]:   ServerEnv: active blocks 
INFO[Main]:   ServerEnv: active blocks cached 
INFO[Main]:   ServerEnv: active blocks scanned for ABMs 
INFO[Main]:   ServerEnv: update active blocks [ms] 
INFO[Main]:   ServerEnv::step() [ms] __________________________   20x     0.05
INFO[Main]:   ServerEnvironment::removeRemovedObjects() [ms] 
INFO[Main]:   ServerMap: load block - sync (sum) [ms] 
INFO[Server]: ServerMap: Written: 763 blocks, 14875 blocks in memory.
INFO[Server]: ServerMap: Blocks modified by: 
INFO[Server]:   finishBlockMake: expireIsAir, MMVManip::blitBackAll     1x      243
INFO[Server]:   setGenerated, finishBlockMake: expireIsAir, MMVManip::blitBackAll     1x      170
INFO[Server]:   setIsUnderground ________________________________    1x      175
INFO[Server]:   setIsUnderground, finishBlockMake: expireIsAir, MMVManip::blitBackAll     1x       95
INFO[Server]:   setIsUnderground, setGenerated, finishBlockMake: expireIsAir, MMVManip::blitBackAll     1x       80
ACTION[Emerge-0]: GRUG_WP40_PROFILE_CALLBACK callback=75 minp=48,-32,2608 maxp=127,47,2687 blockseed=1123358215 plan_us=362011 writer_us=289559 total_us=651570 columns=6400 candidate_cells=49 candidates=3550 r5_runs=24607 result=applied_cplq vm_get_emerged_area_calls=1 vm_get_emerged_area_us=2 vm_get_data_calls=1 vm_get_data_us=4091 vm_get_param2_data_calls=1 vm_get_param2_data_us=4056 vm_get_light_data_calls=2 vm_get_light_data_us=8651 vm_set_data_calls=1 vm_set_data_us=6936 vm_set_param2_data_calls=1 vm_set_param2_data_us=6846 vm_set_lighting_calls=16 vm_set_lighting_us=117 vm_calc_lighting_calls=1 vm_calc_lighting_us=3952 vm_set_light_data_calls=1 vm_set_light_data_us=6765 vm_update_liquids_calls=1 vm_update_liquids_us=981
INFO[Emerge-0]: initialEmerge: area: (-128,32,2592)(-17,143,2703)=112x112x112=1404928 (5MB)
ACTION[Emerge-0]: GRUG_WP40_PROFILE_CALLBACK callback=76 minp=-112,48,2608 maxp=-33,127,2687 blockseed=3211498937 plan_us=179387 writer_us=53409 total_us=232796 columns=6400 candidate_cells=49 candidates=3332 r5_runs=6400 result=noop_equal_content vm_get_emerged_area_calls=1 vm_get_emerged_area_us=3 vm_get_data_calls=1 vm_get_data_us=4327 vm_get_param2_data_calls=1 vm_get_param2_data_us=4325 vm_get_light_data_calls=0 vm_get_light_data_us=0 vm_set_data_calls=0 vm_set_data_us=0 vm_set_param2_data_calls=0 vm_set_param2_data_us=0 vm_set_lighting_calls=0 vm_set_lighting_us=0 vm_calc_lighting_calls=0 vm_calc_lighting_us=0 vm_set_light_data_calls=0 vm_set_light_data_us=0 vm_update_liquids_calls=0 vm_update_liquids_us=0
INFO[Emerge-0]: initialEmerge: area: (-48,32,2592)(63,143,2703)=112x112x112=1404928 (5MB)
INFO[Main]: Profiler:
INFO[Main]:   ActiveObjectMgr: SAO count [#] 
INFO[Main]:   Emerge-0: processed [#] _________________________    1x       19
INFO[Main]:   EmergeThread: Lua on_generated [ms] _____________    2x    442.5
INFO[Main]:   EmergeThread: Mapgen::makeChunk [ms] ____________    2x       28
INFO[Main]:   EmergeThread: after Mapgen::makeChunk [ms] ______    2x        1
INFO[Main]:   EmergeThread: load block - async (sum) [ms] 
INFO[Main]:   EmergeThread: update lighting [ms] ______________   19x    1.473
INFO[Main]:   SEnv: modify in blocks avg per interval [ms] 
INFO[Main]:   Server: collisionMoveSimple() [us] 
INFO[Main]:   Server: map saving (sum) [ms] ___________________    1x       11
INFO[Main]:   Server: map timer and unload [ms] 
INFO[Main]:   Server: send SAO messages [ms] 
INFO[Main]:   Server: update objects within range [ms] 
INFO[Main]:   Server::AsyncRunStep() [ms] _____________________   20x     0.55
INFO[Main]:   Server::RunStep() (max) [ms] ____________________    1x       51
INFO[Main]:   Server::SendBlocks(): Collect list [ms] 
INFO[Main]:   Server::SendBlocks(): Send to clients [ms] 
INFO[Main]:   ServerEnv: ABMs run 
INFO[Main]:   ServerEnv: Run SAO::step() [ms] 
INFO[Main]:   ServerEnv: Run node timers [ms] 
INFO[Main]:   ServerEnv: active blocks 
INFO[Main]:   ServerEnv: active blocks cached 
INFO[Main]:   ServerEnv: active blocks scanned for ABMs 
INFO[Main]:   ServerEnv: update active blocks [ms] 
INFO[Main]:   ServerEnv::step() [ms] 
INFO[Main]:   ServerEnvironment::removeRemovedObjects() [ms] 
INFO[Main]:   ServerMap: load block - sync (sum) [ms] 
ACTION[Emerge-0]: GRUG_WP40_PROFILE_CALLBACK callback=77 minp=-32,48,2608 maxp=47,127,2687 blockseed=2496729209 plan_us=155354 writer_us=50779 total_us=206133 columns=6400 candidate_cells=49 candidates=2841 r5_runs=6400 result=noop_equal_content vm_get_emerged_area_calls=1 vm_get_emerged_area_us=2 vm_get_data_calls=1 vm_get_data_us=4061 vm_get_param2_data_calls=1 vm_get_param2_data_us=4054 vm_get_light_data_calls=0 vm_get_light_data_us=0 vm_set_data_calls=0 vm_set_data_us=0 vm_set_param2_data_calls=0 vm_set_param2_data_us=0 vm_set_lighting_calls=0 vm_set_lighting_us=0 vm_calc_lighting_calls=0 vm_calc_lighting_us=0 vm_set_light_data_calls=0 vm_set_light_data_us=0 vm_update_liquids_calls=0 vm_update_liquids_us=0
INFO[Emerge-0]: initialEmerge: area: (32,32,2592)(143,143,2703)=112x112x112=1404928 (5MB)
INFO[Server]: ServerMap: Written: 1028 blocks, 15300 blocks in memory.
INFO[Server]: ServerMap: Blocks modified by: 
INFO[Server]:   finishBlockMake: expireIsAir, MMVManip::blitBackAll     1x      388
INFO[Server]:   setGenerated, finishBlockMake: expireIsAir, MMVManip::blitBackAll     1x      215
INFO[Server]:   setIsUnderground ________________________________    1x      125
INFO[Server]:   setIsUnderground, finishBlockMake: expireIsAir, MMVManip::blitBackAll     1x      140
INFO[Server]:   setIsUnderground, setGenerated, finishBlockMake: expireIsAir, MMVManip::blitBackAll     1x      160
ACTION[Emerge-0]: GRUG_WP40_PROFILE_CALLBACK callback=78 minp=48,48,2608 maxp=127,127,2687 blockseed=648904237 plan_us=179540 writer_us=51577 total_us=231117 columns=6400 candidate_cells=49 candidates=3550 r5_runs=6400 result=noop_equal_content vm_get_emerged_area_calls=1 vm_get_emerged_area_us=2 vm_get_data_calls=1 vm_get_data_us=4059 vm_get_param2_data_calls=1 vm_get_param2_data_us=4055 vm_get_light_data_calls=0 vm_get_light_data_us=0 vm_set_data_calls=0 vm_set_data_us=0 vm_set_param2_data_calls=0 vm_set_param2_data_us=0 vm_set_lighting_calls=0 vm_set_lighting_us=0 vm_calc_lighting_calls=0 vm_calc_lighting_us=0 vm_set_light_data_calls=0 vm_set_light_data_us=0 vm_update_liquids_calls=0 vm_update_liquids_us=0
ACTION[Emerge-0]: [grug_core] start area ready: orc (5/6, 52.3 s)
INFO[Emerge-0]: initialEmerge: area: (1712,-48,2432)(1823,63,2543)=112x112x112=1404928 (5MB)
ACTION[Server]: [grug_mobs] start npcs sunscar: grug_mobs:guard_throng placed at socket gate_west (-4,36,2499)
ACTION[Server]: [grug_mobs] start npcs sunscar: grug_mobs:guard_throng placed at socket gate_east (4,36,2499)
ACTION[Server]: [grug_mobs] start npcs sunscar: grug_mobs:guard_throng placed at socket watch_gate (0,36,2510)
ACTION[Server]: [grug_mobs] start npcs sunscar: grug_traders:vendor_race_orc placed at socket yard_vendor (8,36,2545)
ACTION[Server]: [grug_mobs] start npcs sunscar: grug_mobs:villager_orc placed at socket idle_tusk_door (-11,36,2528)
ACTION[Server]: [grug_mobs] start npcs sunscar: grug_mobs:villager_orc placed at socket idle_council_seat (-3,36,2558)
ACTION[Server]: [grug_mobs] start npcs sunscar: grug_mobs:villager_orc placed at socket idle_beast_pen (-25,36,2548)
ACTION[Server]: [grug_mobs] start npcs sunscar: grug_mobs:villager_orc placed at socket idle_armoury_forge (20,36,2548)
ACTION[Server]: [grug_mobs] start npcs sunscar: grug_mobs:villager_orc placed at socket work_forge (-34,36,2552)
ACTION[Server]: [grug_mobs] start npcs sunscar: grug_mobs:villager_orc placed at socket work_acacia (-14,36,2549)
ACTION[Server]: [grug_mobs] start npcs sunscar: grug_mobs:elder_orc placed at socket hall_quest (3,36,2562)
ACTION[Server]: [grug_mobs] start npcs sunscar: grug_mobs:villager_orc placed at socket trainer_cooking (2,36,2540)
ACTION[Server]: [grug_mobs] start npcs orc sunscar: guards 3/3 flair 7/7 vendor 1/1 quest 1/1 royal 0/0 new 12 pending 0 spare 3 residents 6 walkers 1
INFO[Main]: Profiler:
INFO[Main]:   ActiveObjectMgr: SAO count [#] __________________   20x     18.9
INFO[Main]:   Emerge-0: processed [#] _________________________    1x       38
INFO[Main]:   EmergeThread: Lua on_generated [ms] _____________    2x      219
INFO[Main]:   EmergeThread: Mapgen::makeChunk [ms] ____________    2x       28
INFO[Main]:   EmergeThread: after Mapgen::makeChunk [ms] ______    2x      1.5
INFO[Main]:   EmergeThread: load block - async (sum) [ms] 
INFO[Main]:   EmergeThread: update lighting [ms] ______________    4x      4.5
INFO[Main]:   SEnv: modify in blocks avg per interval [ms] 
INFO[Main]:   Server: collisionMoveSimple() [us] ______________  168x    1.315
INFO[Main]:   Server: map saving (sum) [ms] ___________________    1x       13
INFO[Main]:   Server: map timer and unload [ms] _______________    1x        1
INFO[Main]:   Server: send SAO messages [ms] 
INFO[Main]:   Server: update objects within range [ms] 
INFO[Main]:   Server::AsyncRunStep() [ms] _____________________   20x     0.85
INFO[Main]:   Server::RunStep() (max) [ms] ____________________    1x       51
INFO[Main]:   Server::SendBlocks(): Collect list [ms] 
INFO[Main]:   Server::SendBlocks(): Send to clients [ms] 
INFO[Main]:   ServerEnv: ABMs run 
INFO[Main]:   ServerEnv: Run SAO::step() [ms] _________________   20x      0.1
INFO[Main]:   ServerEnv: Run node timers [ms] 
INFO[Main]:   ServerEnv: active blocks 
INFO[Main]:   ServerEnv: active blocks cached 
INFO[Main]:   ServerEnv: active blocks scanned for ABMs 
INFO[Main]:   ServerEnv: update active blocks [ms] 
INFO[Main]:   ServerEnv::step() [ms] __________________________   20x     0.15
INFO[Main]:   ServerEnvironment::removeRemovedObjects() [ms] 
INFO[Main]:   ServerMap: load block - sync (sum) [ms] _________    1x        1
ACTION[Emerge-0]: GRUG_WP40_PROFILE_CALLBACK callback=79 minp=1728,-32,2448 maxp=1807,47,2527 blockseed=3645849777 plan_us=443140 writer_us=269294 total_us=712434 columns=6400 candidate_cells=49 candidates=298 r5_runs=25600 result=applied_cplq vm_get_emerged_area_calls=1 vm_get_emerged_area_us=2 vm_get_data_calls=1 vm_get_data_us=4062 vm_get_param2_data_calls=1 vm_get_param2_data_us=4056 vm_get_light_data_calls=2 vm_get_light_data_us=8112 vm_set_data_calls=1 vm_set_data_us=7201 vm_set_param2_data_calls=1 vm_set_param2_data_us=7083 vm_set_lighting_calls=1 vm_set_lighting_us=141 vm_calc_lighting_calls=1 vm_calc_lighting_us=3922 vm_set_light_data_calls=1 vm_set_light_data_us=7294 vm_update_liquids_calls=1 vm_update_liquids_us=958
INFO[Emerge-0]: initialEmerge: area: (1792,-48,2432)(1903,63,2543)=112x112x112=1404928 (5MB)
INFO[Server]: ServerMap: Written: 941 blocks, 15888 blocks in memory.
INFO[Server]: ServerMap: Blocks modified by: 
INFO[Server]:   addActiveObjectRaw ______________________________    1x       10
INFO[Server]:   finishBlockMake: expireIsAir, MMVManip::blitBackAll     1x      218
INFO[Server]:   setGenerated, finishBlockMake: expireIsAir, MMVManip::blitBackAll     1x      125
INFO[Server]:   setIsUnderground ________________________________    1x      245
INFO[Server]:   setIsUnderground, finishBlockMake: expireIsAir, MMVManip::blitBackAll     1x      218
INFO[Server]:   setIsUnderground, setGenerated, finishBlockMake: expireIsAir, MMVManip::blitBackAll     1x      125
ACTION[Emerge-0]: GRUG_WP40_PROFILE_CALLBACK callback=80 minp=1808,-32,2448 maxp=1887,47,2527 blockseed=4275264689 plan_us=317563 writer_us=250743 total_us=568306 columns=6400 candidate_cells=49 candidates=331 r5_runs=25600 result=applied_cplq vm_get_emerged_area_calls=1 vm_get_emerged_area_us=2 vm_get_data_calls=1 vm_get_data_us=4056 vm_get_param2_data_calls=1 vm_get_param2_data_us=4053 vm_get_light_data_calls=2 vm_get_light_data_us=7568 vm_set_data_calls=1 vm_set_data_us=7480 vm_set_param2_data_calls=1 vm_set_param2_data_us=7354 vm_set_lighting_calls=1 vm_set_lighting_us=76 vm_calc_lighting_calls=1 vm_calc_lighting_us=4641 vm_set_light_data_calls=1 vm_set_light_data_us=7311 vm_update_liquids_calls=1 vm_update_liquids_us=1011
INFO[Emerge-0]: initialEmerge: area: (1712,32,2432)(1823,143,2543)=112x112x112=1404928 (5MB)
ACTION[Emerge-0]: GRUG_WP40_PROFILE_CALLBACK callback=81 minp=1728,48,2448 maxp=1807,127,2527 blockseed=3954518793 plan_us=77718 writer_us=44862 total_us=122580 columns=6400 candidate_cells=49 candidates=298 r5_runs=6400 result=noop_equal_content vm_get_emerged_area_calls=1 vm_get_emerged_area_us=1 vm_get_data_calls=1 vm_get_data_us=3788 vm_get_param2_data_calls=1 vm_get_param2_data_us=3783 vm_get_light_data_calls=0 vm_get_light_data_us=0 vm_set_data_calls=0 vm_set_data_us=0 vm_set_param2_data_calls=0 vm_set_param2_data_us=0 vm_set_lighting_calls=0 vm_set_lighting_us=0 vm_calc_lighting_calls=0 vm_calc_lighting_us=0 vm_set_light_data_calls=0 vm_set_light_data_us=0 vm_update_liquids_calls=0 vm_update_liquids_us=0
INFO[Emerge-0]: initialEmerge: area: (1792,32,2432)(1903,143,2543)=112x112x112=1404928 (5MB)
ACTION[Emerge-0]: GRUG_WP40_PROFILE_CALLBACK callback=82 minp=1808,48,2448 maxp=1887,127,2527 blockseed=696463113 plan_us=69307 writer_us=45116 total_us=114423 columns=6400 candidate_cells=49 candidates=331 r5_runs=6400 result=noop_equal_content vm_get_emerged_area_calls=1 vm_get_emerged_area_us=1 vm_get_data_calls=1 vm_get_data_us=3966 vm_get_param2_data_calls=1 vm_get_param2_data_us=3786 vm_get_light_data_calls=0 vm_get_light_data_us=0 vm_set_data_calls=0 vm_set_data_us=0 vm_set_param2_data_calls=0 vm_set_param2_data_us=0 vm_set_lighting_calls=0 vm_set_lighting_us=0 vm_calc_lighting_calls=0 vm_calc_lighting_us=0 vm_set_light_data_calls=0 vm_set_light_data_us=0 vm_update_liquids_calls=0 vm_update_liquids_us=0
INFO[Emerge-0]: initialEmerge: area: (1712,-48,2512)(1823,63,2623)=112x112x112=1404928 (5MB)
INFO[Main]: Profiler:
INFO[Main]:   ActiveObjectMgr: SAO count [#] __________________   20x       27
INFO[Main]:   Emerge-0: processed [#] _________________________    1x      189
INFO[Main]:   EmergeThread: Lua on_generated [ms] _____________    4x   379.75
INFO[Main]:   EmergeThread: Mapgen::makeChunk [ms] ____________    4x    26.75
INFO[Main]:   EmergeThread: after Mapgen::makeChunk [ms] ______    4x     0.75
INFO[Main]:   EmergeThread: load block - async (sum) [ms] 
INFO[Main]:   EmergeThread: update lighting [ms] ______________    6x    5.166
INFO[Main]:   SEnv: modify in blocks avg per interval [ms] 
INFO[Main]:   Server: collisionMoveSimple() [us] ______________  240x    1.954
INFO[Main]:   Server: map saving (sum) [ms] ___________________    1x       13
INFO[Main]:   Server: map timer and unload [ms] 
INFO[Main]:   Server: send SAO messages [ms] 
INFO[Main]:   Server: update objects within range [ms] 
INFO[Main]:   Server::AsyncRunStep() [ms] _____________________   20x      0.8
INFO[Main]:   Server::RunStep() (max) [ms] ____________________    1x       51
INFO[Main]:   Server::SendBlocks(): Collect list [ms] 
INFO[Main]:   Server::SendBlocks(): Send to clients [ms] 
INFO[Main]:   ServerEnv: ABMs run 
INFO[Main]:   ServerEnv: Run SAO::step() [ms] _________________   20x     0.15
INFO[Main]:   ServerEnv: Run node timers [ms] 
INFO[Main]:   ServerEnv: active blocks 
INFO[Main]:   ServerEnv: active blocks cached 
INFO[Main]:   ServerEnv: active blocks scanned for ABMs 
INFO[Main]:   ServerEnv: update active blocks [ms] 
INFO[Main]:   ServerEnv::step() [ms] __________________________   20x     0.15
INFO[Main]:   ServerEnvironment::removeRemovedObjects() [ms] 
INFO[Main]:   ServerMap: load block - sync (sum) [ms] _________    1x        2
INFO[Server]: ServerMap: Written: 1088 blocks, 16553 blocks in memory.
INFO[Server]: ServerMap: Blocks modified by: 
INFO[Server]:   deactivateFarObjects: static data changed _______    1x       10
INFO[Server]:   finishBlockMake: expireIsAir, MMVManip::blitBackAll     1x      238
INFO[Server]:   setGenerated, finishBlockMake: expireIsAir, MMVManip::blitBackAll     1x      175
INFO[Server]:   setIsUnderground ________________________________    1x      245
INFO[Server]:   setIsUnderground, finishBlockMake: expireIsAir, MMVManip::blitBackAll     1x      220
INFO[Server]:   setIsUnderground, setGenerated, finishBlockMake: expireIsAir, MMVManip::blitBackAll     1x      200
ACTION[Emerge-0]: GRUG_WP40_PROFILE_CALLBACK callback=83 minp=1728,-32,2528 maxp=1807,47,2607 blockseed=1950670441 plan_us=321235 writer_us=250088 total_us=571323 columns=6400 candidate_cells=49 candidates=143 r5_runs=25600 result=applied_cplq vm_get_emerged_area_calls=1 vm_get_emerged_area_us=2 vm_get_data_calls=1 vm_get_data_us=4054 vm_get_param2_data_calls=1 vm_get_param2_data_us=3958 vm_get_light_data_calls=2 vm_get_light_data_us=7863 vm_set_data_calls=1 vm_set_data_us=7040 vm_set_param2_data_calls=1 vm_set_param2_data_us=6821 vm_set_lighting_calls=16 vm_set_lighting_us=117 vm_calc_lighting_calls=1 vm_calc_lighting_us=6340 vm_set_light_data_calls=1 vm_set_light_data_us=7081 vm_update_liquids_calls=1 vm_update_liquids_us=997
INFO[Emerge-0]: initialEmerge: area: (1792,-48,2512)(1903,63,2623)=112x112x112=1404928 (5MB)
INFO[Main]: Profiler:
INFO[Main]:   ActiveObjectMgr: SAO count [#] __________________   20x      2.1
INFO[Main]:   Emerge-0: processed [#] _________________________    1x        5
INFO[Main]:   EmergeThread: Lua on_generated [ms] _____________    1x      571
INFO[Main]:   EmergeThread: Mapgen::makeChunk [ms] ____________    1x       29
INFO[Main]:   EmergeThread: after Mapgen::makeChunk [ms] ______    1x        1
INFO[Main]:   EmergeThread: load block - async (sum) [ms] 
INFO[Main]:   EmergeThread: update lighting [ms] ______________   35x    0.514
INFO[Main]:   SEnv: modify in blocks avg per interval [ms] 
INFO[Main]:   Server: collisionMoveSimple() [us] 
INFO[Main]:   Server: map saving (sum) [ms] ___________________    1x       16
INFO[Main]:   Server: map timer and unload [ms] 
INFO[Main]:   Server: send SAO messages [ms] 
INFO[Main]:   Server: update objects within range [ms] 
INFO[Main]:   Server::AsyncRunStep() [ms] _____________________   20x      0.9
INFO[Main]:   Server::RunStep() (max) [ms] ____________________    1x       51
INFO[Main]:   Server::SendBlocks(): Collect list [ms] 
INFO[Main]:   Server::SendBlocks(): Send to clients [ms] 
INFO[Main]:   ServerEnv: ABMs run 
INFO[Main]:   ServerEnv: Run SAO::step() [ms] 
INFO[Main]:   ServerEnv: Run node timers [ms] 
INFO[Main]:   ServerEnv: active blocks 
INFO[Main]:   ServerEnv: active blocks cached 
INFO[Main]:   ServerEnv: active blocks scanned for ABMs 
INFO[Main]:   ServerEnv: update active blocks [ms] ____________    1x        1
INFO[Main]:   ServerEnv::step() [ms] __________________________   20x      0.1
INFO[Main]:   ServerEnvironment::removeRemovedObjects() [ms] 
INFO[Main]:   ServerMap: load block - sync (sum) [ms] 
ACTION[Emerge-0]: GRUG_WP40_PROFILE_CALLBACK callback=84 minp=1808,-32,2528 maxp=1887,47,2607 blockseed=2946524457 plan_us=228784 writer_us=236017 total_us=464801 columns=6400 candidate_cells=49 candidates=228 r5_runs=25600 result=applied_cplq vm_get_emerged_area_calls=1 vm_get_emerged_area_us=2 vm_get_data_calls=1 vm_get_data_us=3786 vm_get_param2_data_calls=1 vm_get_param2_data_us=4000 vm_get_light_data_calls=2 vm_get_light_data_us=7590 vm_set_data_calls=1 vm_set_data_us=7199 vm_set_param2_data_calls=1 vm_set_param2_data_us=7081 vm_set_lighting_calls=16 vm_set_lighting_us=71 vm_calc_lighting_calls=1 vm_calc_lighting_us=6975 vm_set_light_data_calls=1 vm_set_light_data_us=7058 vm_update_liquids_calls=1 vm_update_liquids_us=1043
INFO[Emerge-0]: initialEmerge: area: (1712,32,2512)(1823,143,2623)=112x112x112=1404928 (5MB)
INFO[Server]: ServerMap: Written: 763 blocks, 16903 blocks in memory.
INFO[Server]: ServerMap: Blocks modified by: 
INFO[Server]:   finishBlockMake: expireIsAir, MMVManip::blitBackAll     1x      243
INFO[Server]:   setGenerated, finishBlockMake: expireIsAir, MMVManip::blitBackAll     1x      170
INFO[Server]:   setIsUnderground ________________________________    1x      175
INFO[Server]:   setIsUnderground, finishBlockMake: expireIsAir, MMVManip::blitBackAll     1x       95
INFO[Server]:   setIsUnderground, setGenerated, finishBlockMake: expireIsAir, MMVManip::blitBackAll     1x       80
ACTION[Emerge-0]: GRUG_WP40_PROFILE_CALLBACK callback=85 minp=1728,48,2528 maxp=1807,127,2607 blockseed=646627961 plan_us=71611 writer_us=91971 total_us=163582 columns=6400 candidate_cells=49 candidates=143 r5_runs=6400 result=applied_clq vm_get_emerged_area_calls=1 vm_get_emerged_area_us=2 vm_get_data_calls=1 vm_get_data_us=4251 vm_get_param2_data_calls=1 vm_get_param2_data_us=3945 vm_get_light_data_calls=2 vm_get_light_data_us=8017 vm_set_data_calls=1 vm_set_data_us=7204 vm_set_param2_data_calls=0 vm_set_param2_data_us=0 vm_set_lighting_calls=47 vm_set_lighting_us=25 vm_calc_lighting_calls=1 vm_calc_lighting_us=11488 vm_set_light_data_calls=1 vm_set_light_data_us=7013 vm_update_liquids_calls=1 vm_update_liquids_us=910
INFO[Emerge-0]: initialEmerge: area: (1792,32,2512)(1903,143,2623)=112x112x112=1404928 (5MB)
ACTION[Emerge-0]: GRUG_WP40_PROFILE_CALLBACK callback=86 minp=1808,48,2528 maxp=1887,127,2607 blockseed=1172361401 plan_us=64051 writer_us=45431 total_us=109482 columns=6400 candidate_cells=49 candidates=228 r5_runs=6400 result=noop_equal_content vm_get_emerged_area_calls=1 vm_get_emerged_area_us=2 vm_get_data_calls=1 vm_get_data_us=4069 vm_get_param2_data_calls=1 vm_get_param2_data_us=4057 vm_get_light_data_calls=0 vm_get_light_data_us=0 vm_set_data_calls=0 vm_set_data_us=0 vm_set_param2_data_calls=0 vm_set_param2_data_us=0 vm_set_lighting_calls=0 vm_set_lighting_us=0 vm_calc_lighting_calls=0 vm_calc_lighting_us=0 vm_set_light_data_calls=0 vm_set_light_data_us=0 vm_update_liquids_calls=0 vm_update_liquids_us=0
INFO[Emerge-0]: initialEmerge: area: (1712,-48,2592)(1823,63,2703)=112x112x112=1404928 (5MB)
INFO[Main]: Profiler:
INFO[Main]:   ActiveObjectMgr: SAO count [#] 
INFO[Main]:   Emerge-0: processed [#] _________________________    1x      310
INFO[Main]:   EmergeThread: Lua on_generated [ms] _____________    3x      246
INFO[Main]:   EmergeThread: Mapgen::makeChunk [ms] ____________    3x   31.333
INFO[Main]:   EmergeThread: after Mapgen::makeChunk [ms] ______    3x        1
INFO[Main]:   EmergeThread: load block - async (sum) [ms] 
INFO[Main]:   EmergeThread: update lighting [ms] ______________   51x    0.784
INFO[Main]:   SEnv: modify in blocks avg per interval [ms] 
INFO[Main]:   Server: collisionMoveSimple() [us] 
INFO[Main]:   Server: map saving (sum) [ms] ___________________    1x       11
INFO[Main]:   Server: map timer and unload [ms] _______________    1x        1
INFO[Main]:   Server: send SAO messages [ms] 
INFO[Main]:   Server: update objects within range [ms] 
INFO[Main]:   Server::AsyncRunStep() [ms] _____________________   20x     0.65
INFO[Main]:   Server::RunStep() (max) [ms] ____________________    1x       51
INFO[Main]:   Server::SendBlocks(): Collect list [ms] 
INFO[Main]:   Server::SendBlocks(): Send to clients [ms] 
INFO[Main]:   ServerEnv: ABMs run 
INFO[Main]:   ServerEnv: Run SAO::step() [ms] 
INFO[Main]:   ServerEnv: Run node timers [ms] 
INFO[Main]:   ServerEnv: active blocks 
INFO[Main]:   ServerEnv: active blocks cached 
INFO[Main]:   ServerEnv: active blocks scanned for ABMs 
INFO[Main]:   ServerEnv: update active blocks [ms] 
INFO[Main]:   ServerEnv::step() [ms] __________________________   20x     0.05
INFO[Main]:   ServerEnvironment::removeRemovedObjects() [ms] 
INFO[Main]:   ServerMap: load block - sync (sum) [ms] _________    1x        1
ACTION[Emerge-0]: GRUG_WP40_PROFILE_CALLBACK callback=87 minp=1728,-32,2608 maxp=1807,47,2687 blockseed=65801979 plan_us=356125 writer_us=289692 total_us=645817 columns=6400 candidate_cells=49 candidates=496 r5_runs=24720 result=applied_cplq vm_get_emerged_area_calls=1 vm_get_emerged_area_us=3 vm_get_data_calls=1 vm_get_data_us=4225 vm_get_param2_data_calls=1 vm_get_param2_data_us=3784 vm_get_light_data_calls=2 vm_get_light_data_us=7842 vm_set_data_calls=1 vm_set_data_us=7369 vm_set_param2_data_calls=1 vm_set_param2_data_us=7089 vm_set_lighting_calls=16 vm_set_lighting_us=102 vm_calc_lighting_calls=1 vm_calc_lighting_us=5760 vm_set_light_data_calls=1 vm_set_light_data_us=7017 vm_update_liquids_calls=1 vm_update_liquids_us=1080
INFO[Emerge-0]: initialEmerge: area: (1792,-48,2592)(1903,63,2703)=112x112x112=1404928 (5MB)
INFO[Server]: ServerMap: Written: 1078 blocks, 17448 blocks in memory.
INFO[Server]: ServerMap: Blocks modified by: 
INFO[Server]:   finishBlockMake: expireIsAir, MMVManip::blitBackAll     1x      322
INFO[Server]:   setGenerated, finishBlockMake: expireIsAir, MMVManip::blitBackAll     1x      211
INFO[Server]:   setIsUnderground ________________________________    1x      175
INFO[Server]:   setIsUnderground, finishBlockMake: expireIsAir, MMVManip::blitBackAll     1x      206
INFO[Server]:   setIsUnderground, setGenerated, finishBlockMake: expireIsAir, MMVManip::blitBackAll     1x      164
ACTION[Emerge-0]: GRUG_WP40_PROFILE_CALLBACK callback=88 minp=1808,-32,2608 maxp=1887,47,2687 blockseed=2936161851 plan_us=253257 writer_us=268014 total_us=521271 columns=6400 candidate_cells=49 candidates=505 r5_runs=24676 result=applied_cplq vm_get_emerged_area_calls=1 vm_get_emerged_area_us=3 vm_get_data_calls=1 vm_get_data_us=4058 vm_get_param2_data_calls=1 vm_get_param2_data_us=4325 vm_get_light_data_calls=2 vm_get_light_data_us=8113 vm_set_data_calls=1 vm_set_data_us=7202 vm_set_param2_data_calls=1 vm_set_param2_data_us=7089 vm_set_lighting_calls=16 vm_set_lighting_us=88 vm_calc_lighting_calls=1 vm_calc_lighting_us=6047 vm_set_light_data_calls=1 vm_set_light_data_us=7289 vm_update_liquids_calls=1 vm_update_liquids_us=1051
INFO[Emerge-0]: initialEmerge: area: (1712,32,2592)(1823,143,2703)=112x112x112=1404928 (5MB)
ACTION[Emerge-0]: GRUG_WP40_PROFILE_CALLBACK callback=89 minp=1728,48,2608 maxp=1807,127,2687 blockseed=1808374897 plan_us=99294 writer_us=97598 total_us=196892 columns=6400 candidate_cells=49 candidates=496 r5_runs=6400 result=applied_clq vm_get_emerged_area_calls=1 vm_get_emerged_area_us=2 vm_get_data_calls=1 vm_get_data_us=3823 vm_get_param2_data_calls=1 vm_get_param2_data_us=3919 vm_get_light_data_calls=2 vm_get_light_data_us=7571 vm_set_data_calls=1 vm_set_data_us=6931 vm_set_param2_data_calls=0 vm_set_param2_data_us=0 vm_set_lighting_calls=46 vm_set_lighting_us=25 vm_calc_lighting_calls=1 vm_calc_lighting_us=11350 vm_set_light_data_calls=1 vm_set_light_data_us=6772 vm_update_liquids_calls=1 vm_update_liquids_us=916
INFO[Emerge-0]: initialEmerge: area: (1792,32,2592)(1903,143,2703)=112x112x112=1404928 (5MB)
INFO[Main]: Profiler:
INFO[Main]:   ActiveObjectMgr: SAO count [#] 
INFO[Main]:   Emerge-0: processed [#] _________________________    1x       32
INFO[Main]:   EmergeThread: Lua on_generated [ms] _____________    3x  454.666
INFO[Main]:   EmergeThread: Mapgen::makeChunk [ms] ____________    3x   34.333
INFO[Main]:   EmergeThread: after Mapgen::makeChunk [ms] ______    3x        1
INFO[Main]:   EmergeThread: load block - async (sum) [ms] 
INFO[Main]:   EmergeThread: update lighting [ms] ______________   84x    0.619
INFO[Main]:   SEnv: modify in blocks avg per interval [ms] 
INFO[Main]:   Server: collisionMoveSimple() [us] 
INFO[Main]:   Server: map saving (sum) [ms] ___________________    1x       14
INFO[Main]:   Server: map timer and unload [ms] 
INFO[Main]:   Server: send SAO messages [ms] 
INFO[Main]:   Server: update objects within range [ms] 
INFO[Main]:   Server::AsyncRunStep() [ms] _____________________   20x      0.7
INFO[Main]:   Server::RunStep() (max) [ms] ____________________    1x       51
INFO[Main]:   Server::SendBlocks(): Collect list [ms] 
INFO[Main]:   Server::SendBlocks(): Send to clients [ms] 
INFO[Main]:   ServerEnv: ABMs run 
INFO[Main]:   ServerEnv: Run SAO::step() [ms] 
INFO[Main]:   ServerEnv: Run node timers [ms] 
INFO[Main]:   ServerEnv: active blocks 
INFO[Main]:   ServerEnv: active blocks cached 
INFO[Main]:   ServerEnv: active blocks scanned for ABMs 
INFO[Main]:   ServerEnv: update active blocks [ms] 
INFO[Main]:   ServerEnv::step() [ms] 
INFO[Main]:   ServerEnvironment::removeRemovedObjects() [ms] 
INFO[Main]:   ServerMap: load block - sync (sum) [ms] _________    1x        2
ACTION[Emerge-0]: GRUG_WP40_PROFILE_CALLBACK callback=90 minp=1808,48,2608 maxp=1887,127,2687 blockseed=944899697 plan_us=82415 writer_us=97951 total_us=180366 columns=6400 candidate_cells=49 candidates=505 r5_runs=6400 result=applied_clq vm_get_emerged_area_calls=1 vm_get_emerged_area_us=1 vm_get_data_calls=1 vm_get_data_us=3879 vm_get_param2_data_calls=1 vm_get_param2_data_us=4056 vm_get_light_data_calls=2 vm_get_light_data_us=8120 vm_set_data_calls=1 vm_set_data_us=7470 vm_set_param2_data_calls=0 vm_set_param2_data_us=0 vm_set_lighting_calls=36 vm_set_lighting_us=20 vm_calc_lighting_calls=1 vm_calc_lighting_us=12823 vm_set_light_data_calls=1 vm_set_light_data_us=7281 vm_update_liquids_calls=1 vm_update_liquids_us=908
ACTION[Emerge-0]: [grug_core] start area ready: troll (6/6, 57.1 s)
ACTION[Emerge-0]: [grug_core] all 6 start areas ready after 57.1 s
ACTION[Emerge-0]: GRUG_WP40_PROFILE_PROBE phase=cold event=emerge case=pine_hearthpine_south mapchunk=-1872,-32,-2512 elapsed_us=13899984 generated=0 disk=0 memory=125 cancelled=0 errored=0
ACTION[Server]: [grug_mobs] start npcs kapok: grug_mobs:guard_throng placed at socket gate_west (1796,25,2505)
ACTION[Server]: [grug_mobs] start npcs kapok: grug_mobs:guard_throng placed at socket gate_east (1804,25,2505)
ACTION[Server]: [grug_mobs] start npcs kapok: grug_mobs:guard_throng placed at socket watch_gate (1800,25,2514)
ACTION[Server]: [grug_mobs] start npcs kapok: grug_traders:vendor_race_troll placed at socket clearing_vendor (1807,25,2546)
ACTION[Server]: [grug_mobs] start npcs kapok: grug_mobs:villager_troll placed at socket idle_lodge_door (1798,25,2567)
ACTION[Server]: [grug_mobs] start npcs kapok: grug_mobs:villager_troll placed at socket idle_terrace_settle (1788,25,2577)
ACTION[Server]: [grug_mobs] start npcs kapok: grug_mobs:villager_troll placed at socket idle_drying_shed (1783,25,2574)
ACTION[Server]: [grug_mobs] start npcs kapok: grug_mobs:villager_troll placed at socket idle_smoker (1813,25,2570)
ACTION[Server]: [grug_mobs] start npcs kapok: grug_mobs:villager_troll placed at socket work_jungle (1771,25,2563)
ACTION[Server]: [grug_mobs] start npcs kapok: grug_mobs:villager_troll placed at socket work_terrace (1784,25,2574)
ACTION[Server]: [grug_mobs] start npcs kapok: grug_mobs:elder_troll placed at socket hall_quest (1803,25,2567)
ACTION[Server]: [grug_mobs] start npcs kapok: grug_mobs:villager_troll placed at socket trainer_cooking (1802,25,2540)
ACTION[Server]: [grug_mobs] start npcs troll kapok: guards 3/3 flair 7/7 vendor 1/1 quest 1/1 royal 0/0 new 12 pending 0 spare 3 residents 6 walkers 1
INFO[Server]: ServerMap: Written: 842 blocks, 17748 blocks in memory.
INFO[Server]: ServerMap: Blocks modified by: 
INFO[Server]:   addActiveObjectRaw ______________________________    1x        9
INFO[Server]:   finishBlockMake: expireIsAir, MMVManip::blitBackAll     1x      318
INFO[Server]:   setGenerated, finishBlockMake: expireIsAir, MMVManip::blitBackAll     1x      215
INFO[Server]:   setIsUnderground, finishBlockMake: expireIsAir, MMVManip::blitBackAll     1x      140
INFO[Server]:   setIsUnderground, setGenerated, finishBlockMake: expireIsAir, MMVManip::blitBackAll     1x      160
INFO[Emerge-0]: initialEmerge: area: (-48,-48,-1568)(63,63,-1457)=112x112x112=1404928 (5MB)
INFO[Main]: Profiler:
INFO[Main]:   ActiveObjectMgr: SAO count [#] __________________   20x    25.05
INFO[Main]:   Emerge-0: processed [#] _________________________    1x      156
INFO[Main]:   EmergeThread: Lua on_generated [ms] _____________    1x      181
INFO[Main]:   EmergeThread: Mapgen::makeChunk [ms] ____________    1x       27
INFO[Main]:   EmergeThread: after Mapgen::makeChunk [ms] ______    1x        1
INFO[Main]:   EmergeThread: load block - async (sum) [ms] 
INFO[Main]:   EmergeThread: update lighting [ms] ______________   38x    0.394
INFO[Main]:   SEnv: modify in blocks avg per interval [ms] 
INFO[Main]:   Server: collisionMoveSimple() [us] ______________  216x    1.504
INFO[Main]:   Server: map saving (sum) [ms] ___________________    1x       12
INFO[Main]:   Server: map timer and unload [ms] 
INFO[Main]:   Server: send SAO messages [ms] 
INFO[Main]:   Server: update objects within range [ms] 
INFO[Main]:   Server::AsyncRunStep() [ms] _____________________   20x     0.75
INFO[Main]:   Server::RunStep() (max) [ms] ____________________    1x       51
INFO[Main]:   Server::SendBlocks(): Collect list [ms] 
INFO[Main]:   Server::SendBlocks(): Send to clients [ms] 
INFO[Main]:   ServerEnv: ABMs run 
INFO[Main]:   ServerEnv: Run SAO::step() [ms] _________________   20x     0.05
INFO[Main]:   ServerEnv: Run node timers [ms] 
INFO[Main]:   ServerEnv: active blocks 
INFO[Main]:   ServerEnv: active blocks cached 
INFO[Main]:   ServerEnv: active blocks scanned for ABMs 
INFO[Main]:   ServerEnv: update active blocks [ms] ____________    1x        1
INFO[Main]:   ServerEnv::step() [ms] __________________________   20x     0.15
INFO[Main]:   ServerEnvironment::removeRemovedObjects() [ms] 
INFO[Main]:   ServerMap: load block - sync (sum) [ms] _________    1x        1
INFO[Server]: ServerMap: Written: 352 blocks, 18091 blocks in memory.
INFO[Server]: ServerMap: Blocks modified by: 
INFO[Server]:   deactivateFarObjects: static data changed _______    1x        9
INFO[Server]:   setIsUnderground ________________________________    1x      343
ACTION[Emerge-0]: GRUG_WP40_PROFILE_CALLBACK callback=91 minp=-32,-32,-1552 maxp=47,47,-1473 blockseed=893986625 plan_us=501657 writer_us=496596 total_us=998253 columns=6400 candidate_cells=49 candidates=0 r5_runs=19200 result=applied_cplq vm_get_emerged_area_calls=1 vm_get_emerged_area_us=2 vm_get_data_calls=1 vm_get_data_us=4054 vm_get_param2_data_calls=1 vm_get_param2_data_us=4054 vm_get_light_data_calls=2 vm_get_light_data_us=8673 vm_set_data_calls=1 vm_set_data_us=7207 vm_set_param2_data_calls=1 vm_set_param2_data_us=7089 vm_set_lighting_calls=1 vm_set_lighting_us=61 vm_calc_lighting_calls=1 vm_calc_lighting_us=2131 vm_set_light_data_calls=1 vm_set_light_data_us=7016 vm_update_liquids_calls=1 vm_update_liquids_us=978
ACTION[Emerge-0]: GRUG_WP40_PROFILE_PROBE phase=cold event=emerge case=human_capital mapchunk=-32,-32,-1552 elapsed_us=1039915 generated=1 disk=0 memory=124 cancelled=0 errored=0
INFO[Emerge-0]: initialEmerge: area: (-48,32,-288)(63,143,-177)=112x112x112=1404928 (5MB)
INFO[Main]: Profiler:
INFO[Main]:   ActiveObjectMgr: SAO count [#] __________________   20x      1.5
INFO[Main]:   Emerge-0: processed [#] _________________________    1x      125
INFO[Main]:   EmergeThread: Lua on_generated [ms] _____________    1x      998
INFO[Main]:   EmergeThread: Mapgen::makeChunk [ms] ____________    1x       24
INFO[Main]:   EmergeThread: after Mapgen::makeChunk [ms] ______    1x        1
INFO[Main]:   EmergeThread: load block - async (sum) [ms] 
INFO[Main]:   EmergeThread: update lighting [ms] ______________    3x    3.333
INFO[Main]:   SEnv: modify in blocks avg per interval [ms] 
INFO[Main]:   Server: collisionMoveSimple() [us] 
INFO[Main]:   Server: map saving (sum) [ms] ___________________    1x        5
INFO[Main]:   Server: map timer and unload [ms] _______________    1x        1
INFO[Main]:   Server: send SAO messages [ms] 
INFO[Main]:   Server: update objects within range [ms] 
INFO[Main]:   Server::AsyncRunStep() [ms] _____________________   20x     0.35
INFO[Main]:   Server::RunStep() (max) [ms] ____________________    1x       51
INFO[Main]:   Server::SendBlocks(): Collect list [ms] 
INFO[Main]:   Server::SendBlocks(): Send to clients [ms] 
INFO[Main]:   ServerEnv: ABMs run 
INFO[Main]:   ServerEnv: Run SAO::step() [ms] 
INFO[Main]:   ServerEnv: Run node timers [ms] 
INFO[Main]:   ServerEnv: active blocks 
INFO[Main]:   ServerEnv: active blocks cached 
INFO[Main]:   ServerEnv: active blocks scanned for ABMs 
INFO[Main]:   ServerEnv: update active blocks [ms] 
INFO[Main]:   ServerEnv::step() [ms] 
INFO[Main]:   ServerEnvironment::removeRemovedObjects() [ms] 
INFO[Main]:   ServerMap: load block - sync (sum) [ms] 
INFO[Server]: ServerMap: Written: 686 blocks, 18434 blocks in memory.
INFO[Server]: ServerMap: Blocks modified by: 
INFO[Server]:   finishBlockMake: expireIsAir, MMVManip::blitBackAll     1x      218
INFO[Server]:   setGenerated, finishBlockMake: expireIsAir, MMVManip::blitBackAll     1x      125
INFO[Server]:   setIsUnderground ________________________________    1x      343
ACTION[Emerge-0]: GRUG_WP40_PROFILE_CALLBACK callback=92 minp=-32,48,-272 maxp=47,127,-193 blockseed=1667303045 plan_us=708581 writer_us=327850 total_us=1036431 columns=6400 candidate_cells=49 candidates=1350 r5_runs=19200 result=applied_cplq vm_get_emerged_area_calls=1 vm_get_emerged_area_us=2 vm_get_data_calls=1 vm_get_data_us=4056 vm_get_param2_data_calls=1 vm_get_param2_data_us=4054 vm_get_light_data_calls=2 vm_get_light_data_us=7842 vm_set_data_calls=1 vm_set_data_us=7471 vm_set_param2_data_calls=1 vm_set_param2_data_us=7353 vm_set_lighting_calls=81 vm_set_lighting_us=143 vm_calc_lighting_calls=1 vm_calc_lighting_us=4717 vm_set_light_data_calls=1 vm_set_light_data_us=7660 vm_update_liquids_calls=1 vm_update_liquids_us=947
ACTION[Emerge-0]: GRUG_WP40_PROFILE_PROBE phase=cold event=emerge case=elandor_front mapchunk=-32,48,-272 elapsed_us=1062561 generated=1 disk=0 memory=124 cancelled=0 errored=0
INFO[Emerge-0]: initialEmerge: area: (-768,-48,-48)(-657,63,63)=112x112x112=1404928 (5MB)
INFO[Main]: Profiler:
INFO[Main]:   ActiveObjectMgr: SAO count [#] 
INFO[Main]:   Emerge-0: processed [#] _________________________    1x      125
INFO[Main]:   EmergeThread: Lua on_generated [ms] _____________    1x     1036
INFO[Main]:   EmergeThread: Mapgen::makeChunk [ms] ____________    1x       31
INFO[Main]:   EmergeThread: after Mapgen::makeChunk [ms] ______    1x        1
INFO[Main]:   EmergeThread: load block - async (sum) [ms] 
INFO[Main]:   EmergeThread: update lighting [ms] ______________   83x    0.132
INFO[Main]:   SEnv: modify in blocks avg per interval [ms] 
INFO[Main]:   Server: collisionMoveSimple() [us] 
INFO[Main]:   Server: map saving (sum) [ms] ___________________    1x       10
INFO[Main]:   Server: map timer and unload [ms] 
INFO[Main]:   Server: send SAO messages [ms] 
INFO[Main]:   Server: update objects within range [ms] 
INFO[Main]:   Server::AsyncRunStep() [ms] _____________________   20x     0.55
INFO[Main]:   Server::RunStep() (max) [ms] ____________________    1x       51
INFO[Main]:   Server::SendBlocks(): Collect list [ms] 
INFO[Main]:   Server::SendBlocks(): Send to clients [ms] 
INFO[Main]:   ServerEnv: ABMs run 
INFO[Main]:   ServerEnv: Run SAO::step() [ms] 
INFO[Main]:   ServerEnv: Run node timers [ms] 
INFO[Main]:   ServerEnv: active blocks 
INFO[Main]:   ServerEnv: active blocks cached 
INFO[Main]:   ServerEnv: active blocks scanned for ABMs 
INFO[Main]:   ServerEnv: update active blocks [ms] 
INFO[Main]:   ServerEnv::step() [ms] __________________________   20x     0.05
INFO[Main]:   ServerEnvironment::removeRemovedObjects() [ms] 
INFO[Main]:   ServerMap: load block - sync (sum) [ms] _________    1x        1
ACTION[Server]: [grug_mobs] start npcs highcourt: grug_mobs:guard_accord placed at socket door_guard_west (-3,47,-1489)
ACTION[Server]: [grug_mobs] start npcs highcourt: grug_mobs:guard_accord placed at socket door_guard_east (4,47,-1489)
ACTION[Server]: [grug_mobs] start npcs highcourt: grug_mobs:villager_human placed at socket hall_idle_west (-13,47,-1481)
ACTION[Server]: [grug_mobs] start npcs highcourt: grug_mobs:villager_human placed at socket hall_idle_east (13,47,-1481)
ACTION[Server]: [grug_mobs] start npcs highcourt: grug_mobs:guard_accord placed at socket gate_south_post_west (-2,45,-1546)
ACTION[Server]: [grug_mobs] start npcs highcourt: grug_mobs:guard_accord placed at socket gate_south_post_east (2,45,-1546)
ACTION[Server]: [grug_mobs] start npcs highcourt: grug_mobs:villager_human placed at socket gate_south_idle_west (-5,45,-1543)
ACTION[Server]: [grug_mobs] start npcs highcourt: grug_mobs:villager_human placed at socket gate_south_idle_east (5,45,-1543)
ACTION[Server]: [grug_mobs] start npcs highcourt: grug_mobs:guard_accord placed at socket gate_east_post_west (46,45,-1502)
ACTION[Server]: [grug_mobs] start npcs highcourt: grug_mobs:guard_accord placed at socket gate_east_post_east (46,45,-1498)
ACTION[Server]: [grug_mobs] start npcs highcourt: grug_mobs:villager_human placed at socket gate_east_idle_west (43,45,-1505)
ACTION[Server]: [grug_mobs] start npcs highcourt: grug_mobs:villager_human placed at socket gate_east_idle_east (43,45,-1495)
ACTION[Server]: [grug_mobs] start npcs highcourt: grug_mobs:villager_human placed at socket market_booth_1 (-31,45,-1528)
ACTION[Server]: [grug_mobs] start npcs highcourt: grug_mobs:villager_human placed at socket market_booth_2 (-17,45,-1528)
ACTION[Server]: [grug_mobs] start npcs highcourt: grug_mobs:villager_human placed at socket market_booth_3 (-31,45,-1510)
ACTION[Server]: [grug_mobs] start npcs highcourt: grug_mobs:villager_human placed at socket market_booth_4 (-17,45,-1510)
ACTION[Server]: [grug_mobs] start npcs highcourt: grug_mobs:villager_human placed at socket market_idle_east (-15,45,-1512)
ACTION[Server]: [grug_mobs] start npcs highcourt: grug_mobs:villager_human placed at socket colonnade_west_idle_a (-8,45,-1509)
ACTION[Server]: [grug_mobs] start npcs highcourt: grug_mobs:villager_human placed at socket colonnade_west_idle_b (-6,45,-1519)
ACTION[Server]: [grug_mobs] start npcs highcourt: grug_mobs:villager_human placed at socket colonnade_east_idle_a (7,45,-1519)
ACTION[Server]: [grug_mobs] start npcs highcourt: grug_mobs:villager_human placed at socket colonnade_east_idle_b (5,45,-1509)
ACTION[Server]: [grug_mobs] start npcs highcourt: grug_mobs:villager_human placed at socket statue_idle (16,45,-1511)
ACTION[Server]: [grug_mobs] start npcs highcourt: grug_mobs:villager_human placed at socket orchard_east_work (18,45,-1540)
ACTION[Server]: [grug_mobs] start npcs highcourt: grug_mobs:guard_accord placed at socket orchard_east_street_a (26,45,-1535)
ACTION[Server]: [grug_mobs] start npcs highcourt: grug_traders:vendor_race_human placed at socket vendor_race (42,45,-1493)
ACTION[Server]: [grug_mobs] start npcs highcourt: grug_traders:vendor_general_accord placed at socket vendor_general (42,45,-1487)
ACTION[Server]: [grug_mobs] start npcs highcourt: grug_mobs:elder_human placed at socket chapel_quest (-22,45,-1473)
ACTION[Server]: [grug_mobs] start npcs highcourt: grug_mobs:villager_human placed at socket court_idle_well (44,45,-1473)
ACTION[Server]: [grug_mobs] start npcs highcourt: grug_mobs:villager_human placed at socket court_idle_yard (34,45,-1480)
ACTION[Server]: [grug_mobs] start npcs highcourt: grug_mobs:villager_human placed at socket forecourt_idle_west (-6,45,-1497)
ACTION[Server]: [grug_mobs] start npcs highcourt: grug_mobs:villager_human placed at socket forecourt_idle_east (7,45,-1497)
ACTION[Server]: [grug_mobs] start npcs highcourt: grug_mobs:villager_human placed at socket trainer_blacksmith (-1,45,-1508)
ACTION[Server]: [grug_mobs] start npcs highcourt: grug_mobs:villager_human placed at socket trainer_alchemist (1,45,-1512)
ACTION[Server]: [grug_mobs] start npcs highcourt: grug_mobs:villager_human placed at socket trainer_tailor (-1,45,-1516)
ACTION[Server]: [grug_mobs] start npcs highcourt: grug_mobs:villager_human placed at socket trainer_leatherworker (1,45,-1520)
ACTION[Server]: [grug_mobs] start npcs highcourt: grug_mobs:villager_human placed at socket trainer_woodcarver (-1,45,-1524)
ACTION[Server]: [grug_mobs] start npcs highcourt: grug_mobs:villager_human placed at socket trainer_goldsmith (1,45,-1528)
ACTION[Server]: [grug_mobs] start npcs highcourt: grug_mobs:villager_human placed at socket trainer_cooking (-1,45,-1532)
ACTION[Server]: [grug_mobs] start npcs human highcourt: guards 7/28 flair 28/151 vendor 2/7 quest 1/2 royal 0/1 new 38 pending 151 spare 26 residents 144 walkers 22
INFO[Server]: ServerMap: Written: 705 blocks, 18777 blocks in memory.
INFO[Server]: ServerMap: Blocks modified by: 
INFO[Server]:   addActiveObjectRaw ______________________________    1x       19
INFO[Server]:   finishBlockMake: expireIsAir, MMVManip::blitBackAll     1x      218
INFO[Server]:   setGenerated, finishBlockMake: expireIsAir, MMVManip::blitBackAll     1x      125
INFO[Server]:   setIsUnderground ________________________________    1x      343
ACTION[Emerge-0]: GRUG_WP40_PROFILE_CALLBACK callback=93 minp=-752,-32,-32 maxp=-673,47,47 blockseed=3068557649 plan_us=585572 writer_us=327019 total_us=912591 columns=6400 candidate_cells=49 candidates=907 r5_runs=22940 result=applied_cplq vm_get_emerged_area_calls=1 vm_get_emerged_area_us=3 vm_get_data_calls=1 vm_get_data_us=4054 vm_get_param2_data_calls=1 vm_get_param2_data_us=4053 vm_get_light_data_calls=2 vm_get_light_data_us=8140 vm_set_data_calls=1 vm_set_data_us=7211 vm_set_param2_data_calls=1 vm_set_param2_data_us=7105 vm_set_lighting_calls=81 vm_set_lighting_us=153 vm_calc_lighting_calls=1 vm_calc_lighting_us=4244 vm_set_light_data_calls=1 vm_set_light_data_us=7023 vm_update_liquids_calls=1 vm_update_liquids_us=954
ACTION[Emerge-0]: GRUG_WP40_PROFILE_PROBE phase=cold event=emerge case=broken_causeway mapchunk=-752,-32,-32 elapsed_us=947317 generated=1 disk=0 memory=124 cancelled=0 errored=0
INFO[Emerge-0]: initialEmerge: area: (-448,-48,-1568)(-337,63,-1457)=112x112x112=1404928 (5MB)
INFO[Main]: Profiler:
INFO[Main]:   ActiveObjectMgr: SAO count [#] __________________   20x    78.85
INFO[Main]:   Emerge-0: processed [#] _________________________    1x      125
INFO[Main]:   EmergeThread: Lua on_generated [ms] _____________    1x      913
INFO[Main]:   EmergeThread: Mapgen::makeChunk [ms] ____________    1x       31
INFO[Main]:   EmergeThread: after Mapgen::makeChunk [ms] ______    1x        1
INFO[Main]:   EmergeThread: load block - async (sum) [ms] 
INFO[Main]:   EmergeThread: update lighting [ms] ______________   83x    0.108
INFO[Main]:   SEnv: modify in blocks avg per interval [ms] 
INFO[Main]:   Server: collisionMoveSimple() [us] ______________  722x     1.44
INFO[Main]:   Server: map saving (sum) [ms] ___________________    1x        9
INFO[Main]:   Server: map timer and unload [ms] 
INFO[Main]:   Server: send SAO messages [ms] 
INFO[Main]:   Server: update objects within range [ms] 
INFO[Main]:   Server::AsyncRunStep() [ms] _____________________   20x     0.95
INFO[Main]:   Server::RunStep() (max) [ms] ____________________    1x       51
INFO[Main]:   Server::SendBlocks(): Collect list [ms] 
INFO[Main]:   Server::SendBlocks(): Send to clients [ms] 
INFO[Main]:   ServerEnv: ABMs run 
INFO[Main]:   ServerEnv: Run SAO::step() [ms] _________________   20x     0.35
INFO[Main]:   ServerEnv: Run node timers [ms] 
INFO[Main]:   ServerEnv: active blocks 
INFO[Main]:   ServerEnv: active blocks cached 
INFO[Main]:   ServerEnv: active blocks scanned for ABMs 
INFO[Main]:   ServerEnv: update active blocks [ms] 
INFO[Main]:   ServerEnv::step() [ms] __________________________   20x      0.5
INFO[Main]:   ServerEnvironment::removeRemovedObjects() [ms] 
INFO[Main]:   ServerMap: load block - sync (sum) [ms] 
INFO[Server]: ServerMap: Written: 686 blocks, 19120 blocks in memory.
INFO[Server]: ServerMap: Blocks modified by: 
INFO[Server]:   finishBlockMake: expireIsAir, MMVManip::blitBackAll     1x      218
INFO[Server]:   setGenerated, finishBlockMake: expireIsAir, MMVManip::blitBackAll     1x      125
INFO[Server]:   setIsUnderground ________________________________    1x      343
ACTION[Emerge-0]: GRUG_WP40_PROFILE_CALLBACK callback=94 minp=-432,-32,-1552 maxp=-353,47,-1473 blockseed=3635851569 plan_us=767434 writer_us=527403 total_us=1294837 columns=6400 candidate_cells=49 candidates=1567 r5_runs=15044 result=applied_clq vm_get_emerged_area_calls=1 vm_get_emerged_area_us=1 vm_get_data_calls=1 vm_get_data_us=4060 vm_get_param2_data_calls=1 vm_get_param2_data_us=4088 vm_get_light_data_calls=2 vm_get_light_data_us=7892 vm_set_data_calls=1 vm_set_data_us=7353 vm_set_param2_data_calls=0 vm_set_param2_data_us=0 vm_set_lighting_calls=1 vm_set_lighting_us=145 vm_calc_lighting_calls=1 vm_calc_lighting_us=2465 vm_set_light_data_calls=1 vm_set_light_data_us=7297 vm_update_liquids_calls=1 vm_update_liquids_us=1017
ACTION[Emerge-0]: GRUG_WP40_PROFILE_PROBE phase=cold event=emerge case=whitebridge mapchunk=-432,-32,-1552 elapsed_us=1328817 generated=1 disk=0 memory=124 cancelled=0 errored=0
INFO[Emerge-0]: initialEmerge: area: (-2768,-48,-48)(-2657,63,63)=112x112x112=1404928 (5MB)
ACTION[Emerge-0]: GRUG_WP40_PROFILE_CALLBACK callback=95 minp=-2752,-32,-32 maxp=-2673,47,47 blockseed=2525044665 plan_us=98054 writer_us=133052 total_us=231106 columns=6400 candidate_cells=49 candidates=0 r5_runs=25600 result=applied_clq vm_get_emerged_area_calls=1 vm_get_emerged_area_us=10 vm_get_data_calls=1 vm_get_data_us=3787 vm_get_param2_data_calls=1 vm_get_param2_data_us=3838 vm_get_light_data_calls=2 vm_get_light_data_us=7787 vm_set_data_calls=1 vm_set_data_us=7209 vm_set_param2_data_calls=0 vm_set_param2_data_us=0 vm_set_lighting_calls=1 vm_set_lighting_us=136 vm_calc_lighting_calls=1 vm_calc_lighting_us=6535 vm_set_light_data_calls=1 vm_set_light_data_us=7069 vm_update_liquids_calls=1 vm_update_liquids_us=913
ACTION[Emerge-0]: GRUG_WP40_PROFILE_PROBE phase=cold event=emerge case=wyrmglass_channel mapchunk=-2752,-32,-32 elapsed_us=263987 generated=1 disk=0 memory=124 cancelled=0 errored=0
INFO[Emerge-0]: initialEmerge: area: (-3328,192,-128)(-3217,303,-17)=112x112x112=1404928 (5MB)
INFO[Main]: Profiler:
INFO[Main]:   ActiveObjectMgr: SAO count [#] __________________   20x     81.1
INFO[Main]:   Emerge-0: processed [#] _________________________    1x      250
INFO[Main]:   EmergeThread: Lua on_generated [ms] _____________    2x      763
INFO[Main]:   EmergeThread: Mapgen::makeChunk [ms] ____________    2x       27
INFO[Main]:   EmergeThread: after Mapgen::makeChunk [ms] ______    2x        1
INFO[Main]:   EmergeThread: load block - async (sum) [ms] 
INFO[Main]:   EmergeThread: update lighting [ms] ______________    6x    3.666
INFO[Main]:   SEnv: modify in blocks avg per interval [ms] 
INFO[Main]:   Server: collisionMoveSimple() [us] ______________  722x    1.977
INFO[Main]:   Server: map saving (sum) [ms] ___________________    1x        9
INFO[Main]:   Server: map timer and unload [ms] _______________    1x        1
INFO[Main]:   Server: send SAO messages [ms] 
INFO[Main]:   Server: update objects within range [ms] 
INFO[Main]:   Server::AsyncRunStep() [ms] _____________________   20x        1
INFO[Main]:   Server::RunStep() (max) [ms] ____________________    1x       51
INFO[Main]:   Server::SendBlocks(): Collect list [ms] 
INFO[Main]:   Server::SendBlocks(): Send to clients [ms] 
INFO[Main]:   ServerEnv: ABMs run 
INFO[Main]:   ServerEnv: Run SAO::step() [ms] _________________   20x      0.3
INFO[Main]:   ServerEnv: Run node timers [ms] 
INFO[Main]:   ServerEnv: active blocks 
INFO[Main]:   ServerEnv: active blocks cached 
INFO[Main]:   ServerEnv: active blocks scanned for ABMs 
INFO[Main]:   ServerEnv: update active blocks [ms] ____________    1x        4
INFO[Main]:   ServerEnv::step() [ms] __________________________   20x      0.5
INFO[Main]:   ServerEnvironment::removeRemovedObjects() [ms] 
INFO[Main]:   ServerMap: load block - sync (sum) [ms] _________    1x        2
INFO[Server]: ServerMap: Written: 1048 blocks, 19806 blocks in memory.
INFO[Server]: ServerMap: Blocks modified by: 
INFO[Server]:   deactivateFarObjects: static data changed _______    1x       19
INFO[Server]:   finishBlockMake: expireIsAir, MMVManip::blitBackAll     1x      218
INFO[Server]:   setGenerated, finishBlockMake: expireIsAir, MMVManip::blitBackAll     1x      125
INFO[Server]:   setIsUnderground ________________________________    1x      343
INFO[Server]:   setIsUnderground, finishBlockMake: expireIsAir, MMVManip::blitBackAll     1x      218
INFO[Server]:   setIsUnderground, setGenerated, finishBlockMake: expireIsAir, MMVManip::blitBackAll     1x      125
ACTION[Emerge-0]: GRUG_WP40_PROFILE_CALLBACK callback=96 minp=-3312,208,-112 maxp=-3233,287,-33 blockseed=2857651185 plan_us=589425 writer_us=245134 total_us=834559 columns=6400 candidate_cells=49 candidates=1 r5_runs=21161 result=applied_clq vm_get_emerged_area_calls=1 vm_get_emerged_area_us=2 vm_get_data_calls=1 vm_get_data_us=4056 vm_get_param2_data_calls=1 vm_get_param2_data_us=4054 vm_get_light_data_calls=2 vm_get_light_data_us=8124 vm_set_data_calls=1 vm_set_data_us=6965 vm_set_param2_data_calls=0 vm_set_param2_data_us=0 vm_set_lighting_calls=1 vm_set_lighting_us=143 vm_calc_lighting_calls=1 vm_calc_lighting_us=2153 vm_set_light_data_calls=1 vm_set_light_data_us=6749 vm_update_liquids_calls=1 vm_update_liquids_us=895
ACTION[Emerge-0]: GRUG_WP40_PROFILE_PROBE phase=cold event=emerge case=wyrmglass_island mapchunk=-3312,208,-112 elapsed_us=861837 generated=1 disk=0 memory=124 cancelled=0 errored=0
INFO[Emerge-0]: initialEmerge: area: (-1728,-928,112)(-1617,-817,223)=112x112x112=1404928 (5MB)
INFO[Main]: Profiler:
INFO[Main]:   ActiveObjectMgr: SAO count [#] __________________   20x      3.5
INFO[Main]:   Emerge-0: processed [#] _________________________    1x      125
INFO[Main]:   EmergeThread: Lua on_generated [ms] _____________    1x      834
INFO[Main]:   EmergeThread: Mapgen::makeChunk [ms] ____________    1x       29
INFO[Main]:   EmergeThread: after Mapgen::makeChunk [ms] ______    1x        1
INFO[Main]:   EmergeThread: load block - async (sum) [ms] 
INFO[Main]:   EmergeThread: update lighting [ms] ______________    3x        1
INFO[Main]:   SEnv: modify in blocks avg per interval [ms] 
INFO[Main]:   Server: collisionMoveSimple() [us] 
INFO[Main]:   Server: map saving (sum) [ms] ___________________    1x       14
INFO[Main]:   Server: map timer and unload [ms] 
INFO[Main]:   Server: send SAO messages [ms] 
INFO[Main]:   Server: update objects within range [ms] 
INFO[Main]:   Server::AsyncRunStep() [ms] _____________________   20x      0.7
INFO[Main]:   Server::RunStep() (max) [ms] ____________________    1x       51
INFO[Main]:   Server::SendBlocks(): Collect list [ms] 
INFO[Main]:   Server::SendBlocks(): Send to clients [ms] 
INFO[Main]:   ServerEnv: ABMs run 
INFO[Main]:   ServerEnv: Run SAO::step() [ms] 
INFO[Main]:   ServerEnv: Run node timers [ms] 
INFO[Main]:   ServerEnv: active blocks 
INFO[Main]:   ServerEnv: active blocks cached 
INFO[Main]:   ServerEnv: active blocks scanned for ABMs 
INFO[Main]:   ServerEnv: update active blocks [ms] 
INFO[Main]:   ServerEnv::step() [ms] 
INFO[Main]:   ServerEnvironment::removeRemovedObjects() [ms] 
INFO[Main]:   ServerMap: load block - sync (sum) [ms] _________    1x        1
INFO[Server]: ServerMap: Written: 686 blocks, 20149 blocks in memory.
INFO[Server]: ServerMap: Blocks modified by: 
INFO[Server]:   finishBlockMake: expireIsAir, MMVManip::blitBackAll     1x      218
INFO[Server]:   setGenerated, finishBlockMake: expireIsAir, MMVManip::blitBackAll     1x      125
INFO[Server]:   setIsUnderground ________________________________    1x      343
ACTION[Emerge-0]: GRUG_WP40_PROFILE_CALLBACK callback=97 minp=-1712,-912,128 maxp=-1633,-833,207 blockseed=3960536441 plan_us=608717 writer_us=554198 total_us=1162915 columns=6400 candidate_cells=49 candidates=210 r5_runs=0 result=applied_c vm_get_emerged_area_calls=1 vm_get_emerged_area_us=2 vm_get_data_calls=1 vm_get_data_us=4331 vm_get_param2_data_calls=1 vm_get_param2_data_us=4323 vm_get_light_data_calls=0 vm_get_light_data_us=0 vm_set_data_calls=1 vm_set_data_us=7207 vm_set_param2_data_calls=0 vm_set_param2_data_us=0 vm_set_lighting_calls=0 vm_set_lighting_us=0 vm_calc_lighting_calls=0 vm_calc_lighting_us=0 vm_set_light_data_calls=0 vm_set_light_data_us=0 vm_update_liquids_calls=0 vm_update_liquids_us=0
ACTION[Emerge-0]: GRUG_WP40_PROFILE_PROBE phase=cold event=emerge case=deep_cross_border mapchunk=-1712,-912,128 elapsed_us=1198810 generated=1 disk=0 memory=124 cancelled=0 errored=0
INFO[Main]: Profiler:
INFO[Main]:   ActiveObjectMgr: SAO count [#] 
INFO[Main]:   Emerge-0: processed [#] _________________________    1x      124
INFO[Main]:   EmergeThread: Lua on_generated [ms] _____________    1x     1163
INFO[Main]:   EmergeThread: Mapgen::makeChunk [ms] 
INFO[Main]:   EmergeThread: after Mapgen::makeChunk [ms] ______    1x        4
INFO[Main]:   EmergeThread: load block - async (sum) [ms] 
INFO[Main]:   EmergeThread: update lighting [ms] 
INFO[Main]:   SEnv: modify in blocks avg per interval [ms] 
INFO[Main]:   Server: collisionMoveSimple() [us] 
INFO[Main]:   Server: map saving (sum) [ms] ___________________    1x        8
INFO[Main]:   Server: map timer and unload [ms] 
INFO[Main]:   Server: send SAO messages [ms] 
INFO[Main]:   Server: update objects within range [ms] 
INFO[Main]:   Server::AsyncRunStep() [ms] _____________________   18x      0.5
INFO[Main]:   Server::RunStep() (max) [ms] ____________________    1x       51
INFO[Main]:   Server::SendBlocks(): Collect list [ms] 
INFO[Main]:   Server::SendBlocks(): Send to clients [ms] 
INFO[Main]:   ServerEnv: ABMs run 
INFO[Main]:   ServerEnv: Run SAO::step() [ms] 
INFO[Main]:   ServerEnv: Run node timers [ms] 
INFO[Main]:   ServerEnv: active blocks 
INFO[Main]:   ServerEnv: active blocks cached 
INFO[Main]:   ServerEnv: active blocks scanned for ABMs 
INFO[Main]:   ServerEnv: update active blocks [ms] 
INFO[Main]:   ServerEnv::step() [ms] __________________________   18x    0.055
INFO[Main]:   ServerEnvironment::removeRemovedObjects() [ms] 
INFO[Main]:   ServerMap: load block - sync (sum) [ms] 
INFO[Main]: Profiler:
INFO[Main]:   ActiveObjectMgr: SAO count [#] 
INFO[Main]:   Emerge-0: processed [#] 
INFO[Main]:   EmergeThread: Lua on_generated [ms] 
INFO[Main]:   EmergeThread: Mapgen::makeChunk [ms] 
INFO[Main]:   EmergeThread: after Mapgen::makeChunk [ms] 
INFO[Main]:   EmergeThread: load block - async (sum) [ms] 
INFO[Main]:   EmergeThread: update lighting [ms] 
INFO[Main]:   SEnv: modify in blocks avg per interval [ms] 
INFO[Main]:   Server: collisionMoveSimple() [us] 
INFO[Main]:   Server: map saving (sum) [ms] 
INFO[Main]:   Server: map timer and unload [ms] 
INFO[Main]:   Server: send SAO messages [ms] 
INFO[Main]:   Server: update objects within range [ms] 
INFO[Main]:   Server::AsyncRunStep() [ms] 
INFO[Main]:   Server::RunStep() (max) [ms] 
INFO[Main]:   Server::SendBlocks(): Collect list [ms] 
INFO[Main]:   Server::SendBlocks(): Send to clients [ms] 
INFO[Main]:   ServerEnv: ABMs run 
INFO[Main]:   ServerEnv: Run SAO::step() [ms] 
INFO[Main]:   ServerEnv: Run node timers [ms] 
INFO[Main]:   ServerEnv: active blocks 
INFO[Main]:   ServerEnv: active blocks cached 
INFO[Main]:   ServerEnv: active blocks scanned for ABMs 
INFO[Main]:   ServerEnv: update active blocks [ms] 
INFO[Main]:   ServerEnv::step() [ms] 
INFO[Main]:   ServerEnvironment::removeRemovedObjects() [ms] 
INFO[Main]:   ServerMap: load block - sync (sum) [ms] 
INFO[Main]: Profiler:
INFO[Main]:   ActiveObjectMgr: SAO count [#] 
INFO[Main]:   Emerge-0: processed [#] 
INFO[Main]:   EmergeThread: Lua on_generated [ms] 
INFO[Main]:   EmergeThread: Mapgen::makeChunk [ms] 
INFO[Main]:   EmergeThread: after Mapgen::makeChunk [ms] 
INFO[Main]:   EmergeThread: load block - async (sum) [ms] 
INFO[Main]:   EmergeThread: update lighting [ms] 
INFO[Main]:   SEnv: modify in blocks avg per interval [ms] 
INFO[Main]:   Server: collisionMoveSimple() [us] 
INFO[Main]:   Server: map saving (sum) [ms] 
INFO[Main]:   Server: map timer and unload [ms] 
INFO[Main]:   Server: send SAO messages [ms] 
INFO[Main]:   Server: update objects within range [ms] 
INFO[Main]:   Server::AsyncRunStep() [ms] 
INFO[Main]:   Server::RunStep() (max) [ms] 
INFO[Main]:   Server::SendBlocks(): Collect list [ms] 
INFO[Main]:   Server::SendBlocks(): Send to clients [ms] 
INFO[Main]:   ServerEnv: ABMs run 
INFO[Main]:   ServerEnv: Run SAO::step() [ms] 
INFO[Main]:   ServerEnv: Run node timers [ms] 
INFO[Main]:   ServerEnv: active blocks 
INFO[Main]:   ServerEnv: active blocks cached 
INFO[Main]:   ServerEnv: active blocks scanned for ABMs 
INFO[Main]:   ServerEnv: update active blocks [ms] 
INFO[Main]:   ServerEnv::step() [ms] 
INFO[Main]:   ServerEnvironment::removeRemovedObjects() [ms] 
INFO[Main]:   ServerMap: load block - sync (sum) [ms] 
INFO[Main]: Profiler:
INFO[Main]:   ActiveObjectMgr: SAO count [#] 
INFO[Main]:   Emerge-0: processed [#] 
INFO[Main]:   EmergeThread: Lua on_generated [ms] 
INFO[Main]:   EmergeThread: Mapgen::makeChunk [ms] 
INFO[Main]:   EmergeThread: after Mapgen::makeChunk [ms] 
INFO[Main]:   EmergeThread: load block - async (sum) [ms] 
INFO[Main]:   EmergeThread: update lighting [ms] 
INFO[Main]:   SEnv: modify in blocks avg per interval [ms] 
INFO[Main]:   Server: collisionMoveSimple() [us] 
INFO[Main]:   Server: map saving (sum) [ms] 
INFO[Main]:   Server: map timer and unload [ms] 
INFO[Main]:   Server: send SAO messages [ms] 
INFO[Main]:   Server: update objects within range [ms] 
INFO[Main]:   Server::AsyncRunStep() [ms] 
INFO[Main]:   Server::RunStep() (max) [ms] 
INFO[Main]:   Server::SendBlocks(): Collect list [ms] 
INFO[Main]:   Server::SendBlocks(): Send to clients [ms] 
INFO[Main]:   ServerEnv: ABMs run 
INFO[Main]:   ServerEnv: Run SAO::step() [ms] 
INFO[Main]:   ServerEnv: Run node timers [ms] 
INFO[Main]:   ServerEnv: active blocks 
INFO[Main]:   ServerEnv: active blocks cached 
INFO[Main]:   ServerEnv: active blocks scanned for ABMs 
INFO[Main]:   ServerEnv: update active blocks [ms] 
INFO[Main]:   ServerEnv::step() [ms] 
INFO[Main]:   ServerEnvironment::removeRemovedObjects() [ms] 
INFO[Main]:   ServerMap: load block - sync (sum) [ms] 
INFO[Main]: Profiler:
INFO[Main]:   ActiveObjectMgr: SAO count [#] 
INFO[Main]:   Emerge-0: processed [#] 
INFO[Main]:   EmergeThread: Lua on_generated [ms] 
INFO[Main]:   EmergeThread: Mapgen::makeChunk [ms] 
INFO[Main]:   EmergeThread: after Mapgen::makeChunk [ms] 
INFO[Main]:   EmergeThread: load block - async (sum) [ms] 
INFO[Main]:   EmergeThread: update lighting [ms] 
INFO[Main]:   SEnv: modify in blocks avg per interval [ms] 
INFO[Main]:   Server: collisionMoveSimple() [us] 
INFO[Main]:   Server: map saving (sum) [ms] 
INFO[Main]:   Server: map timer and unload [ms] 
INFO[Main]:   Server: send SAO messages [ms] 
INFO[Main]:   Server: update objects within range [ms] 
INFO[Main]:   Server::AsyncRunStep() [ms] 
INFO[Main]:   Server::RunStep() (max) [ms] 
INFO[Main]:   Server::SendBlocks(): Collect list [ms] 
INFO[Main]:   Server::SendBlocks(): Send to clients [ms] 
INFO[Main]:   ServerEnv: ABMs run 
INFO[Main]:   ServerEnv: Run SAO::step() [ms] 
INFO[Main]:   ServerEnv: Run node timers [ms] 
INFO[Main]:   ServerEnv: active blocks 
INFO[Main]:   ServerEnv: active blocks cached 
INFO[Main]:   ServerEnv: active blocks scanned for ABMs 
INFO[Main]:   ServerEnv: update active blocks [ms] 
INFO[Main]:   ServerEnv::step() [ms] 
INFO[Main]:   ServerEnvironment::removeRemovedObjects() [ms] 
INFO[Main]:   ServerMap: load block - sync (sum) [ms] 
INFO[Main]: Profiler:
INFO[Main]:   ActiveObjectMgr: SAO count [#] 
INFO[Main]:   Emerge-0: processed [#] 
INFO[Main]:   EmergeThread: Lua on_generated [ms] 
INFO[Main]:   EmergeThread: Mapgen::makeChunk [ms] 
INFO[Main]:   EmergeThread: after Mapgen::makeChunk [ms] 
INFO[Main]:   EmergeThread: load block - async (sum) [ms] 
INFO[Main]:   EmergeThread: update lighting [ms] 
INFO[Main]:   SEnv: modify in blocks avg per interval [ms] 
INFO[Main]:   Server: collisionMoveSimple() [us] 
INFO[Main]:   Server: map saving (sum) [ms] 
INFO[Main]:   Server: map timer and unload [ms] 
INFO[Main]:   Server: send SAO messages [ms] 
INFO[Main]:   Server: update objects within range [ms] 
INFO[Main]:   Server::AsyncRunStep() [ms] 
INFO[Main]:   Server::RunStep() (max) [ms] 
INFO[Main]:   Server::SendBlocks(): Collect list [ms] 
INFO[Main]:   Server::SendBlocks(): Send to clients [ms] 
INFO[Main]:   ServerEnv: ABMs run 
INFO[Main]:   ServerEnv: Run SAO::step() [ms] 
INFO[Main]:   ServerEnv: Run node timers [ms] 
INFO[Main]:   ServerEnv: active blocks 
INFO[Main]:   ServerEnv: active blocks cached 
INFO[Main]:   ServerEnv: active blocks scanned for ABMs 
INFO[Main]:   ServerEnv: update active blocks [ms] 
INFO[Main]:   ServerEnv::step() [ms] 
INFO[Main]:   ServerEnvironment::removeRemovedObjects() [ms] 
INFO[Main]:   ServerMap: load block - sync (sum) [ms] 
INFO[Main]: Profiler:
INFO[Main]:   ActiveObjectMgr: SAO count [#] 
INFO[Main]:   Emerge-0: processed [#] 
INFO[Main]:   EmergeThread: Lua on_generated [ms] 
INFO[Main]:   EmergeThread: Mapgen::makeChunk [ms] 
INFO[Main]:   EmergeThread: after Mapgen::makeChunk [ms] 
INFO[Main]:   EmergeThread: load block - async (sum) [ms] 
INFO[Main]:   EmergeThread: update lighting [ms] 
INFO[Main]:   SEnv: modify in blocks avg per interval [ms] 
INFO[Main]:   Server: collisionMoveSimple() [us] 
INFO[Main]:   Server: map saving (sum) [ms] 
INFO[Main]:   Server: map timer and unload [ms] 
INFO[Main]:   Server: send SAO messages [ms] 
INFO[Main]:   Server: update objects within range [ms] 
INFO[Main]:   Server::AsyncRunStep() [ms] 
INFO[Main]:   Server::RunStep() (max) [ms] 
INFO[Main]:   Server::SendBlocks(): Collect list [ms] 
INFO[Main]:   Server::SendBlocks(): Send to clients [ms] 
INFO[Main]:   ServerEnv: ABMs run 
INFO[Main]:   ServerEnv: Run SAO::step() [ms] 
INFO[Main]:   ServerEnv: Run node timers [ms] 
INFO[Main]:   ServerEnv: active blocks 
INFO[Main]:   ServerEnv: active blocks cached 
INFO[Main]:   ServerEnv: active blocks scanned for ABMs 
INFO[Main]:   ServerEnv: update active blocks [ms] 
INFO[Main]:   ServerEnv::step() [ms] 
INFO[Main]:   ServerEnvironment::removeRemovedObjects() [ms] 
INFO[Main]:   ServerMap: load block - sync (sum) [ms] 
INFO[Main]: Profiler:
INFO[Main]:   ActiveObjectMgr: SAO count [#] 
INFO[Main]:   Emerge-0: processed [#] 
INFO[Main]:   EmergeThread: Lua on_generated [ms] 
INFO[Main]:   EmergeThread: Mapgen::makeChunk [ms] 
INFO[Main]:   EmergeThread: after Mapgen::makeChunk [ms] 
INFO[Main]:   EmergeThread: load block - async (sum) [ms] 
INFO[Main]:   EmergeThread: update lighting [ms] 
INFO[Main]:   SEnv: modify in blocks avg per interval [ms] 
INFO[Main]:   Server: collisionMoveSimple() [us] 
INFO[Main]:   Server: map saving (sum) [ms] 
INFO[Main]:   Server: map timer and unload [ms] 
INFO[Main]:   Server: send SAO messages [ms] 
INFO[Main]:   Server: update objects within range [ms] 
INFO[Main]:   Server::AsyncRunStep() [ms] 
INFO[Main]:   Server::RunStep() (max) [ms] 
INFO[Main]:   Server::SendBlocks(): Collect list [ms] 
INFO[Main]:   Server::SendBlocks(): Send to clients [ms] 
INFO[Main]:   ServerEnv: ABMs run 
INFO[Main]:   ServerEnv: Run SAO::step() [ms] 
INFO[Main]:   ServerEnv: Run node timers [ms] 
INFO[Main]:   ServerEnv: active blocks 
INFO[Main]:   ServerEnv: active blocks cached 
INFO[Main]:   ServerEnv: active blocks scanned for ABMs 
INFO[Main]:   ServerEnv: update active blocks [ms] 
INFO[Main]:   ServerEnv::step() [ms] 
INFO[Main]:   ServerEnvironment::removeRemovedObjects() [ms] 
INFO[Main]:   ServerMap: load block - sync (sum) [ms] 
ACTION[Server]: GRUG_WP40_PROFILE_PROBE phase=cold event=complete requested=10 completed=10 callbacks=97 generated=8 disk=0 memory=1242 cancelled=0 errored=0 samples=370 expected_nodes=0 digest=0bf5fe5a9b7cc0e3a27f59bc115c8e48454e28d587705587d9af46b716841ddc full_digest=4bc7438edfe1ecfa871fdc39c2ada49d7c59b57769e037fd7d6c3fa627812a9a full_vocabulary_digest=4e8a007fcfbf1bd61a7aea8bcdb73a285172bdb3c85955948fd799a42aa8c02b full_voxels=49664000 full_owners=97 measured_elapsed_us=64187408 diagnostic_us=7198641
INFO[Server]: *** Server shutting down in 0s.
WARNING[Server]: Server: Maximum lag peaked at 7.19886 (steplen=0.05)
INFO[Server]: ServerMap: Written: 344 blocks, 20149 blocks in memory.
INFO[Server]: ServerMap: Blocks modified by: 
INFO[Server]:   addActiveObjectRaw ______________________________    1x        1
INFO[Server]:   finishBlockMake: expireIsAir, MMVManip::blitBackAll     1x      209
INFO[Server]:   setGenerated, finishBlockMake: expireIsAir, MMVManip::blitBackAll     1x      119
INFO[Server]:   setGenerated, setNode, finishBlockMake: expireIsAir, MMVManip::blitBackAll     1x        6
INFO[Server]:   setNode, finishBlockMake: expireIsAir, MMVManip::blitBackAll     1x        9
INFO[Main]: Dedicated server quitting
INFO[Main]: Profiler:
INFO[Main]:   ActiveObjectMgr: SAO count [#] __________________    2x        1
INFO[Main]:   Emerge-0: processed [#] 
INFO[Main]:   EmergeThread: Lua on_generated [ms] 
INFO[Main]:   EmergeThread: Mapgen::makeChunk [ms] 
INFO[Main]:   EmergeThread: after Mapgen::makeChunk [ms] 
INFO[Main]:   EmergeThread: load block - async (sum) [ms] 
INFO[Main]:   EmergeThread: update lighting [ms] 
INFO[Main]:   SEnv: modify in blocks avg per interval [ms] 
INFO[Main]:   Server: collisionMoveSimple() [us] 
INFO[Main]:   Server: map saving (sum) [ms] ___________________    1x        6
INFO[Main]:   Server: map timer and unload [ms] _______________    1x        1
INFO[Main]:   Server: send SAO messages [ms] 
INFO[Main]:   Server: update objects within range [ms] 
INFO[Main]:   Server::AsyncRunStep() [ms] _____________________    2x   3603.5
INFO[Main]:   Server::RunStep() (max) [ms] ____________________    1x     7199
INFO[Main]:   Server::SendBlocks(): Collect list [ms] 
INFO[Main]:   Server::SendBlocks(): Send to clients [ms] 
INFO[Main]:   ServerEnv: ABMs run 
INFO[Main]:   ServerEnv: Run SAO::step() [ms] 
INFO[Main]:   ServerEnv: Run node timers [ms] 
INFO[Main]:   ServerEnv: active blocks 
INFO[Main]:   ServerEnv: active blocks cached 
INFO[Main]:   ServerEnv: active blocks scanned for ABMs 
INFO[Main]:   ServerEnv: update active blocks [ms] 
INFO[Main]:   ServerEnv::step() [ms] __________________________    2x     3600
INFO[Main]:   ServerEnvironment::removeRemovedObjects() [ms] 
INFO[Main]:   ServerMap: load block - sync (sum) [ms] 
ACTION[Main]: Server: Shutting down
INFO[Main]: Server: Stopping and waiting for threads
INFO[Main]: Server: Threads stopped
INFO[Main]: Server: Executing shutdown hooks
INFO[Main]: Server: Saving players
INFO[Main]: Server: Kicking players
INFO[Main]: Server: Saving environment metadata
INFO[Main]: AsyncEngine: Waiting for 1 threads
INFO[Main]: ServerMap: Written: 1 blocks, 20149 blocks in memory.
INFO[Main]: ServerMap: Blocks modified by: 
INFO[Main]:   deactivateFarObjects: static data changed _______    1x        1
INFO[Main]: ServerMap: Saved map to /tmp/grudgelands-wp40-profile-run.XXfVFBBb/world
INFO[Main]: BanManager: saving to /tmp/grudgelands-wp40-profile-run.XXfVFBBb/world/ipban.txt
