

-------------
  Separator
-------------

INFO[Main]: Gettext: domainname="luanti" path="/app/share/locale"
INFO[Main]: Message locale is now set to: C
INFO[Main]: Using commanded gameid [grudgelands]
INFO[Main]: Server created for gameid "grudgelands"
INFO[Main]: - world:  /tmp/grudgelands-wp40-profile-run.2cxKR2pE/world
INFO[Main]: - game:   /tmp/grudgelands-wp40-profile-run.2cxKR2pE/user/games/grudgelands
INFO[Main]: Initializing world at /tmp/grudgelands-wp40-profile-run.2cxKR2pE/world
INFO[Main]: ObjDefManager: added biome: name="default" index=0 uid=20
INFO[Main]: BanManager: loading from /tmp/grudgelands-wp40-profile-run.2cxKR2pE/world/ipban.txt
INFO[Main]: BanManager: creating /tmp/grudgelands-wp40-profile-run.2cxKR2pE/world/ipban.txt
WARNING[Main]: /!\ You are using the old mod storage files backend. This backend is deprecated and may be removed in a future release /!\
WARNING[Main]: Switching to SQLite3 is advised, please read https://docs.luanti.org/for-server-hosts/database-backends.
INFO[Main]: Creating map database with backend "sqlite3"
INFO[Main]: MapDatabaseSQLite3: split column format = yes
INFO[Main]: ServerMap: Metadata loaded from /tmp/grudgelands-wp40-profile-run.2cxKR2pE/world
INFO[Main]: Server: Initializing Lua
INFO[Main]: SCRIPTAPI: Initialized game modules
INFO[Main]: Server: Loading mods: sfinv creative player_api default walls vessels grug_brewing stairs mobs grug_trees grug_materials grug_smelting grug_nodes grug_gear grug_decor doors xpanes grug_core grug_xp grug_money grug_gathering dye wool beds grug_mapgen grug_w
INFO[Main]: p40_profile_probe grug_factions grug_classes grug_visuals grug_mobs grug_projectiles grug_abilities grug_fishing grug_food grug_inventory grug_trinkets grug_traders grug_jobs grug_quality grug_professions grug_artisans grug_mounts grug_cooking grug_farming
INFO[Main]:  grug_alchemy 
INFO[Main]: Mod "sfinv" loaded after 0 ms
INFO[Main]: Server creating detached inventory "trash"
INFO[Main]: Mod "creative" loaded after 0 ms
INFO[Main]: Mod "player_api" loaded after 0 ms
INFO[Main]: Mod "default" loaded after 5 ms
INFO[Main]: Mod "walls" loaded after 0 ms
INFO[Main]: Mod "vessels" loaded after 0 ms
INFO[Main]: Mod "grug_brewing" loaded after 1 ms
INFO[Main]: Mod "stairs" loaded after 4 ms
INFO[Main]: Mod "mobs" loaded after 2 ms
INFO[Main]: ObjDefManager: added schematic: name="" index=0 uid=86
INFO[Main]: ObjDefManager: added schematic: name="" index=1 uid=81
INFO[Main]: ObjDefManager: added schematic: name="" index=2 uid=103
INFO[Main]: Mod "grug_trees" loaded after 1 ms
ACTION[Main]: [grug_materials] 12 tools completing the six-tier pick/axe/shovel ladder
WARNING[Main]: No craft recipe matches input (type: fuel, items: ['default:pick_mese'])
WARNING[Main]: No craft recipe matches input (type: fuel, items: ['default:shovel_mese'])
WARNING[Main]: No craft recipe matches input (type: fuel, items: ['default:axe_mese'])
WARNING[Main]: No craft recipe matches input (type: fuel, items: ['default:sword_mese'])
WARNING[Main]: No craft recipe matches input (type: fuel, items: ['default:pick_diamond'])
WARNING[Main]: No craft recipe matches input (type: fuel, items: ['default:shovel_diamond'])
WARNING[Main]: No craft recipe matches input (type: fuel, items: ['default:axe_diamond'])
WARNING[Main]: No craft recipe matches input (type: fuel, items: ['default:sword_diamond'])
WARNING[Main]: No craft recipe matches input (type: fuel, items: ['default:sword_bronze'])
WARNING[Main]: No craft recipe matches input (type: fuel, items: ['default:sword_steel'])
WARNING[Main]: No craft recipe matches input (type: fuel, items: ['default:copper_ingot'])
WARNING[Main]: No craft recipe matches input (type: fuel, items: ['default:copperblock'])
WARNING[Main]: No craft recipe matches input (type: fuel, items: ['default:tin_ingot'])
WARNING[Main]: No craft recipe matches input (type: fuel, items: ['default:tinblock'])
WARNING[Main]: No craft recipe matches input (type: fuel, items: ['default:bronze_ingot'])
WARNING[Main]: No craft recipe matches input (type: fuel, items: ['default:bronzeblock'])
WARNING[Main]: No craft recipe matches input (type: fuel, items: ['default:steel_ingot'])
WARNING[Main]: No craft recipe matches input (type: fuel, items: ['default:steelblock'])
WARNING[Main]: No craft recipe matches input (type: fuel, items: ['default:gold_ingot'])
WARNING[Main]: No craft recipe matches input (type: fuel, items: ['default:goldblock'])
WARNING[Main]: No craft recipe known for output 'default:stone_with_mese'
WARNING[Main]: No craft recipe matches input (type: fuel, items: ['default:stone_with_mese'])
WARNING[Main]: No craft recipe matches input (type: fuel, items: ['default:mese'])
WARNING[Main]: No craft recipe matches input (type: fuel, items: ['default:mese_crystal'])
WARNING[Main]: No craft recipe matches input (type: fuel, items: ['default:mese_crystal_fragment'])
WARNING[Main]: No craft recipe matches input (type: fuel, items: ['default:meselamp'])
WARNING[Main]: No craft recipe matches input (type: fuel, items: ['default:mese_post_light'])
WARNING[Main]: No craft recipe matches input (type: fuel, items: ['default:mese_post_light_acacia_wood'])
WARNING[Main]: No craft recipe matches input (type: fuel, items: ['default:mese_post_light_junglewood'])
WARNING[Main]: No craft recipe matches input (type: fuel, items: ['default:mese_post_light_pine_wood'])
WARNING[Main]: No craft recipe matches input (type: fuel, items: ['default:mese_post_light_aspen_wood'])
WARNING[Main]: No craft recipe known for output 'default:stone_with_diamond'
WARNING[Main]: No craft recipe matches input (type: fuel, items: ['default:stone_with_diamond'])
WARNING[Main]: No craft recipe matches input (type: fuel, items: ['default:diamond'])
WARNING[Main]: No craft recipe matches input (type: fuel, items: ['default:diamondblock'])
WARNING[Main]: No craft recipe matches input (type: fuel, items: ['default:sign_wall_steel'])
WARNING[Main]: No craft recipe matches input (type: fuel, items: ['default:ladder_steel'])
WARNING[Main]: No craft recipe matches input (type: fuel, items: ['stairs:stair_steelblock'])
WARNING[Main]: No craft recipe matches input (type: fuel, items: ['stairs:stair_inner_steelblock'])
WARNING[Main]: No craft recipe matches input (type: fuel, items: ['stairs:stair_outer_steelblock'])
WARNING[Main]: No craft recipe matches input (type: fuel, items: ['stairs:slab_steelblock'])
WARNING[Main]: No craft recipe matches input (type: fuel, items: ['stairs:stair_tinblock'])
WARNING[Main]: No craft recipe matches input (type: fuel, items: ['stairs:stair_inner_tinblock'])
WARNING[Main]: No craft recipe matches input (type: fuel, items: ['stairs:stair_outer_tinblock'])
WARNING[Main]: No craft recipe matches input (type: fuel, items: ['stairs:slab_tinblock'])
WARNING[Main]: No craft recipe matches input (type: fuel, items: ['stairs:stair_copperblock'])
WARNING[Main]: No craft recipe matches input (type: fuel, items: ['stairs:stair_inner_copperblock'])
WARNING[Main]: No craft recipe matches input (type: fuel, items: ['stairs:stair_outer_copperblock'])
WARNING[Main]: No craft recipe matches input (type: fuel, items: ['stairs:slab_copperblock'])
WARNING[Main]: No craft recipe matches input (type: fuel, items: ['stairs:stair_bronzeblock'])
WARNING[Main]: No craft recipe matches input (type: fuel, items: ['stairs:stair_inner_bronzeblock'])
WARNING[Main]: No craft recipe matches input (type: fuel, items: ['stairs:stair_outer_bronzeblock'])
WARNING[Main]: No craft recipe matches input (type: fuel, items: ['stairs:slab_bronzeblock'])
WARNING[Main]: No craft recipe matches input (type: fuel, items: ['stairs:stair_goldblock'])
WARNING[Main]: No craft recipe matches input (type: fuel, items: ['stairs:stair_inner_goldblock'])
WARNING[Main]: No craft recipe matches input (type: fuel, items: ['stairs:stair_outer_goldblock'])
WARNING[Main]: No craft recipe matches input (type: fuel, items: ['stairs:slab_goldblock'])
INFO[Main]: Mod "grug_materials" loaded after 4 ms
INFO[Main]: Mod "grug_smelting" loaded after 0 ms
INFO[Main]: Mod "grug_nodes" loaded after 0 ms
ACTION[Main]: [grug_gear] 6 bracket catalogs: 42 weapons + 48 armor pieces
INFO[Main]: Mod "grug_gear" loaded after 1 ms
INFO[Main]: Mod "grug_decor" loaded after 4 ms
INFO[Main]: Mod "doors" loaded after 1 ms
INFO[Main]: Mod "xpanes" loaded after 0 ms
INFO[Main]: Mod "grug_core" loaded after 2 ms
INFO[Main]: Mod "grug_xp" loaded after 0 ms
INFO[Main]: Mod "grug_money" loaded after 0 ms
INFO[Main]: Mod "grug_gathering" loaded after 2 ms
INFO[Main]: Mod "dye" loaded after 0 ms
INFO[Main]: Mod "wool" loaded after 0 ms
INFO[Main]: Mod "beds" loaded after 0 ms
INFO[Main]: ObjDefManager: added ore: name="grug_mapgen:native_gravel_blob_v1" index=0 uid=112
INFO[Main]: ObjDefManager: added ore: name="grug_mapgen:native_stratum_iron_v1" index=1 uid=93
INFO[Main]: ObjDefManager: added ore: name="grug_mapgen:native_stratum_steel_v1" index=2 uid=126
INFO[Main]: ObjDefManager: added ore: name="grug_mapgen:native_stratum_silversteel_v1" index=3 uid=109
INFO[Main]: ObjDefManager: added ore: name="grug_mapgen:native_stratum_embersteel_v1" index=4 uid=1
INFO[Main]: ObjDefManager: added ore: name="grug_mapgen:native_stratum_abyssal_steel_v1" index=5 uid=37
INFO[Main]: Mod "grug_mapgen" loaded after 18970 ms
INFO[Main]: Mod "grug_wp40_profile_probe" loaded after 23 ms
INFO[Main]: Mod "grug_factions" loaded after 0 ms
INFO[Main]: Mod "grug_classes" loaded after 2 ms
INFO[Main]: Mod "grug_visuals" loaded after 0 ms
INFO[Main]: Mod "grug_mobs" loaded after 7 ms
INFO[Main]: Mod "grug_projectiles" loaded after 0 ms
INFO[Main]: Mod "grug_abilities" loaded after 2 ms
INFO[Main]: Mod "grug_fishing" loaded after 0 ms
INFO[Main]: Mod "grug_food" loaded after 1 ms
INFO[Main]: Mod "grug_inventory" loaded after 0 ms
INFO[Main]: Mod "grug_trinkets" loaded after 0 ms
INFO[Main]: Mod "grug_traders" loaded after 1 ms
INFO[Main]: Mod "grug_jobs" loaded after 4 ms
ACTION[Main]: [grug_quality] deterministic PcgRandom quality rolls enabled
INFO[Main]: Mod "grug_quality" loaded after 1 ms
ACTION[Main]: [grug_professions] registered Blacksmith, Leatherworker and Tailor catalogs
INFO[Main]: Mod "grug_professions" loaded after 68 ms
ACTION[Main]: [grug_artisans] registered Woodcarver and Goldsmith catalogs
INFO[Main]: Mod "grug_artisans" loaded after 50 ms
INFO[Main]: Mod "grug_mounts" loaded after 1 ms
INFO[Main]: Mod "grug_cooking" loaded after 22 ms
INFO[Main]: Mod "grug_farming" loaded after 1 ms
INFO[Main]: Mod "grug_alchemy" loaded after 3 ms
ACTION[Main]: [grug_materials] registry audit passed: 6 tiers, 15 resources, 12 processed forms, 6 race regions
ACTION[Main]: [grug_smelting] recipe audit passed: 5 cooking, 5 dualfurn, 12 storage pairs, 1 station
ACTION[Main]: GRUG_WP40_PROFILE_PROBE phase=cold event=start engine=5.17.0 lua=LuaJIT_2.1.1784272936 seed=0 cases=10 manifest=28ae1f9918252578deeea311283c7253ffcf3df3658a3e9a5c1fddc2281242c1 full_digest=true
ACTION[Main]: [grug_visuals] 48 armor pieces indexed for overlays, 2 art lines x 4 slots
ACTION[Main]: [grug_mobs] settlement work activities: tools 7, weapon families 1, all registered
ACTION[Main]: [grug_fishing] tables=6 entries=18 weight=100 bite=3..10s rod_uses=64
ACTION[Main]: [grug_inventory] starter weapons: mage=grug_gear:staff_wood (2H), priest=grug_gear:staff_wood (2H), warrior=default:sword_stone
ACTION[Main]: [grug_traders] 12 profession shelves, 122 offers, all registered
ACTION[Main]: [grug_traders] dwarf capital vendors come from the sockets of dur_brannoc
ACTION[Main]: [grug_traders] elf capital vendors come from the sockets of lethariel
ACTION[Main]: [grug_traders] human capital vendors come from the sockets of highcourt
ACTION[Main]: [grug_traders] orc capital vendors come from the sockets of gor_drazhak
ACTION[Main]: [grug_traders] troll capital vendors come from the sockets of kezamba
ACTION[Main]: [grug_traders] undead capital vendors come from the sockets of nhal_veyr
ACTION[Main]: [grug_traders] 12 settlements indexed for profession vendor appearance
ACTION[Main]: [grug_traders] drop audit: 3 mob(s) use a `drops` FUNCTION and cannot be walked statically (grug_mobs:bandit, grug_mobs:bandit_archer, grug_mobs:poacher); their items are audited from the hardcoded FUNCTION_DROPS list
WARNING[Main]: [grug_traders] no vendor price for dropped item 'default:apple' (dropped by grug_mobs:gravewood_treant, grug_mobs:ashen_treant) — add a _grug_sell_price to its def or a grug_traders.set_price override; traders must buy every mob drop (economy.md §3)
WARNING[Main]: [grug_traders] no vendor price for dropped item 'default:stick' (dropped by grug_mobs:gravewood_treant, grug_mobs:ashen_treant) — add a _grug_sell_price to its def or a grug_traders.set_price override; traders must buy every mob drop (economy.md §3)
INFO[Main]: All mods loaded after 19202 ms
INFO[Main]: Server: Calculating media file checksums
INFO[Main]: Server: ignoring unsupported file extension: "template.txt"
INFO[Main]: Server: ignoring unsupported file extension: "template.txt"
INFO[Main]: Server: ignoring unsupported file extension: "template.txt"
INFO[Main]: Server: ignoring unsupported file extension: "template.txt"
INFO[Main]: Server: ignoring unsupported file extension: "template.txt"
INFO[Main]: Server: ignoring unsupported file extension: "template.txt"
INFO[Main]: Server: ignoring unsupported file extension: "template.txt"
INFO[Main]: Server: ignoring unsupported file extension: "template.txt"
INFO[Main]: Server: ignoring unsupported file extension: "template.txt"
INFO[Main]: Server: ignoring unsupported file extension: "template.txt"
INFO[Main]: Server: ignoring unsupported file extension: "template.txt"
INFO[Main]: Server: ignoring unsupported file extension: "character.blend"
INFO[Main]: Server: ignoring unsupported file extension: "template.txt"
INFO[Main]: Server: ignoring unsupported file extension: "template.txt"
INFO[Main]: Server: 1151 media files collected
INFO[Main]: EmergeManager: initializing for mapgen=v7 and chunksize=(5,5,5)
INFO[Main]: EmergeManager: using 1 thread(s)
INFO[Main]: SCRIPTAPI: Initializing async engine
INFO[Main]: AsyncEngine: using at most 14 threads with automatic scaling
INFO[Main]: Initializing asynchronous environment (game)
INFO[Main]: ServerEnvironment: 91 ABMs are registered
INFO[Main]: ServerEnvironment: Using default environment metadata
INFO[Main]: LBMManager: 1 unique times in lookup table
INFO[Main]: Starting server thread...
ACTION[Main]: World at [/tmp/grudgelands-wp40-profile-run.2cxKR2pE/world]
ACTION[Main]: Server for gameid="grudgelands" listening on 127.0.0.1:32614.
ACTION[Server]: [grug_core] start preload: emerging 6 start areas (128 x 128 nodes each, 2 at a time)
INFO[Emerge-0]: Initialized emerge Lua environment
INFO[Main]: Profiler:
INFO[Main]:   ActiveObjectMgr: SAO count [#] 
INFO[Main]:   Server: send SAO messages [ms] 
INFO[Main]:   Server: update objects within range [ms] 
INFO[Main]:   Server::AsyncRunStep() [ms] _____________________   20x      1.8
INFO[Main]:   Server::RunStep() (max) [ms] ____________________    1x       51
INFO[Main]:   Server::SendBlocks(): Collect list [ms] 
INFO[Main]:   Server::SendBlocks(): Send to clients [ms] 
INFO[Main]:   ServerEnv: Run SAO::step() [ms] 
INFO[Main]:   ServerEnv: Run node timers [ms] 
INFO[Main]:   ServerEnv::step() [ms] __________________________   20x     1.75
INFO[Main]:   ServerEnvironment::removeRemovedObjects() [ms] 
INFO[Main]: Profiler:
INFO[Main]:   ActiveObjectMgr: SAO count [#] 
INFO[Main]:   SEnv: modify in blocks avg per interval [ms] 
INFO[Main]:   Server: map saving (sum) [ms] 
INFO[Main]:   Server: send SAO messages [ms] 
INFO[Main]:   Server: update objects within range [ms] 
INFO[Main]:   Server::AsyncRunStep() [ms] _____________________   20x     0.05
INFO[Main]:   Server::RunStep() (max) [ms] ____________________    1x       51
INFO[Main]:   Server::SendBlocks(): Collect list [ms] 
INFO[Main]:   Server::SendBlocks(): Send to clients [ms] 
INFO[Main]:   ServerEnv: ABMs run 
INFO[Main]:   ServerEnv: Run SAO::step() [ms] 
INFO[Main]:   ServerEnv: Run node timers [ms] 
INFO[Main]:   ServerEnv: active blocks 
INFO[Main]:   ServerEnv: active blocks cached 
INFO[Main]:   ServerEnv: active blocks scanned for ABMs 
INFO[Main]:   ServerEnv::step() [ms] __________________________   20x     0.05
INFO[Main]:   ServerEnvironment::removeRemovedObjects() [ms] 
INFO[Main]: Profiler:
INFO[Main]:   ActiveObjectMgr: SAO count [#] 
INFO[Main]:   SEnv: modify in blocks avg per interval [ms] 
INFO[Main]:   Server: map saving (sum) [ms] 
INFO[Main]:   Server: map timer and unload [ms] 
INFO[Main]:   Server: send SAO messages [ms] 
INFO[Main]:   Server: update objects within range [ms] 
INFO[Main]:   Server::AsyncRunStep() [ms] _____________________   20x     0.05
INFO[Main]:   Server::RunStep() (max) [ms] ____________________    1x       51
INFO[Main]:   Server::SendBlocks(): Collect list [ms] 
INFO[Main]:   Server::SendBlocks(): Send to clients [ms] 
INFO[Main]:   ServerEnv: ABMs run 
INFO[Main]:   ServerEnv: Run SAO::step() [ms] 
INFO[Main]:   ServerEnv: Run node timers [ms] 
INFO[Main]:   ServerEnv: active blocks 
INFO[Main]:   ServerEnv: active blocks cached 
INFO[Main]:   ServerEnv: active blocks scanned for ABMs 
INFO[Main]:   ServerEnv: update active blocks [ms] 
INFO[Main]:   ServerEnv::step() [ms] __________________________   20x     0.05
INFO[Main]:   ServerEnvironment::removeRemovedObjects() [ms] 
INFO[Main]: Profiler:
INFO[Main]:   ActiveObjectMgr: SAO count [#] 
INFO[Main]:   SEnv: modify in blocks avg per interval [ms] 
INFO[Main]:   Server: map saving (sum) [ms] 
INFO[Main]:   Server: map timer and unload [ms] 
INFO[Main]:   Server: send SAO messages [ms] 
INFO[Main]:   Server: update objects within range [ms] 
INFO[Main]:   Server::AsyncRunStep() [ms] _____________________   20x      0.1
INFO[Main]:   Server::RunStep() (max) [ms] ____________________    1x       51
INFO[Main]:   Server::SendBlocks(): Collect list [ms] 
INFO[Main]:   Server::SendBlocks(): Send to clients [ms] 
INFO[Main]:   ServerEnv: ABMs run 
INFO[Main]:   ServerEnv: Run SAO::step() [ms] 
INFO[Main]:   ServerEnv: Run node timers [ms] 
INFO[Main]:   ServerEnv: active blocks 
INFO[Main]:   ServerEnv: active blocks cached 
INFO[Main]:   ServerEnv: active blocks scanned for ABMs 
INFO[Main]:   ServerEnv: update active blocks [ms] 
INFO[Main]:   ServerEnv::step() [ms] __________________________   20x      0.1
INFO[Main]:   ServerEnvironment::removeRemovedObjects() [ms] 
INFO[Main]: Profiler:
INFO[Main]:   ActiveObjectMgr: SAO count [#] 
INFO[Main]:   SEnv: modify in blocks avg per interval [ms] 
INFO[Main]:   Server: map saving (sum) [ms] 
INFO[Main]:   Server: map timer and unload [ms] 
INFO[Main]:   Server: send SAO messages [ms] 
INFO[Main]:   Server: update objects within range [ms] 
INFO[Main]:   Server::AsyncRunStep() [ms] _____________________   20x     0.05
INFO[Main]:   Server::RunStep() (max) [ms] ____________________    1x       51
INFO[Main]:   Server::SendBlocks(): Collect list [ms] 
INFO[Main]:   Server::SendBlocks(): Send to clients [ms] 
INFO[Main]:   ServerEnv: ABMs run 
INFO[Main]:   ServerEnv: Run SAO::step() [ms] 
INFO[Main]:   ServerEnv: Run node timers [ms] 
INFO[Main]:   ServerEnv: active blocks 
INFO[Main]:   ServerEnv: active blocks cached 
INFO[Main]:   ServerEnv: active blocks scanned for ABMs 
INFO[Main]:   ServerEnv: update active blocks [ms] 
INFO[Main]:   ServerEnv::step() [ms] __________________________   20x     0.05
INFO[Main]:   ServerEnvironment::removeRemovedObjects() [ms] 
INFO[Main]: Profiler:
INFO[Main]:   ActiveObjectMgr: SAO count [#] 
INFO[Main]:   SEnv: modify in blocks avg per interval [ms] 
INFO[Main]:   Server: map saving (sum) [ms] 
INFO[Main]:   Server: map timer and unload [ms] 
INFO[Main]:   Server: send SAO messages [ms] 
INFO[Main]:   Server: update objects within range [ms] 
INFO[Main]:   Server::AsyncRunStep() [ms] _____________________   20x     0.05
INFO[Main]:   Server::RunStep() (max) [ms] ____________________    1x       51
INFO[Main]:   Server::SendBlocks(): Collect list [ms] 
INFO[Main]:   Server::SendBlocks(): Send to clients [ms] 
INFO[Main]:   ServerEnv: ABMs run 
INFO[Main]:   ServerEnv: Run SAO::step() [ms] 
INFO[Main]:   ServerEnv: Run node timers [ms] 
INFO[Main]:   ServerEnv: active blocks 
INFO[Main]:   ServerEnv: active blocks cached 
INFO[Main]:   ServerEnv: active blocks scanned for ABMs 
INFO[Main]:   ServerEnv: update active blocks [ms] 
INFO[Main]:   ServerEnv::step() [ms] __________________________   20x     0.05
INFO[Main]:   ServerEnvironment::removeRemovedObjects() [ms] 
INFO[Main]: Profiler:
INFO[Main]:   ActiveObjectMgr: SAO count [#] 
INFO[Main]:   SEnv: modify in blocks avg per interval [ms] 
INFO[Main]:   Server: map saving (sum) [ms] 
INFO[Main]:   Server: map timer and unload [ms] 
INFO[Main]:   Server: send SAO messages [ms] 
INFO[Main]:   Server: update objects within range [ms] 
INFO[Main]:   Server::AsyncRunStep() [ms] 
INFO[Main]:   Server::RunStep() (max) [ms] ____________________    1x       51
INFO[Main]:   Server::SendBlocks(): Collect list [ms] 
INFO[Main]:   Server::SendBlocks(): Send to clients [ms] 
INFO[Main]:   ServerEnv: ABMs run 
INFO[Main]:   ServerEnv: Run SAO::step() [ms] 
INFO[Main]:   ServerEnv: Run node timers [ms] 
INFO[Main]:   ServerEnv: active blocks 
INFO[Main]:   ServerEnv: active blocks cached 
INFO[Main]:   ServerEnv: active blocks scanned for ABMs 
INFO[Main]:   ServerEnv: update active blocks [ms] 
INFO[Main]:   ServerEnv::step() [ms] 
INFO[Main]:   ServerEnvironment::removeRemovedObjects() [ms] 
INFO[Main]: Profiler:
INFO[Main]:   ActiveObjectMgr: SAO count [#] 
INFO[Main]:   SEnv: modify in blocks avg per interval [ms] 
INFO[Main]:   Server: map saving (sum) [ms] 
INFO[Main]:   Server: map timer and unload [ms] 
INFO[Main]:   Server: send SAO messages [ms] 
INFO[Main]:   Server: update objects within range [ms] 
INFO[Main]:   Server::AsyncRunStep() [ms] 
INFO[Main]:   Server::RunStep() (max) [ms] ____________________    1x       51
INFO[Main]:   Server::SendBlocks(): Collect list [ms] 
INFO[Main]:   Server::SendBlocks(): Send to clients [ms] 
INFO[Main]:   ServerEnv: ABMs run 
INFO[Main]:   ServerEnv: Run SAO::step() [ms] 
INFO[Main]:   ServerEnv: Run node timers [ms] 
INFO[Main]:   ServerEnv: active blocks 
INFO[Main]:   ServerEnv: active blocks cached 
INFO[Main]:   ServerEnv: active blocks scanned for ABMs 
INFO[Main]:   ServerEnv: update active blocks [ms] 
INFO[Main]:   ServerEnv::step() [ms] 
INFO[Main]:   ServerEnvironment::removeRemovedObjects() [ms] 
INFO[Main]: Profiler:
INFO[Main]:   ActiveObjectMgr: SAO count [#] 
INFO[Main]:   SEnv: modify in blocks avg per interval [ms] 
INFO[Main]:   Server: map saving (sum) [ms] 
INFO[Main]:   Server: map timer and unload [ms] 
INFO[Main]:   Server: send SAO messages [ms] 
INFO[Main]:   Server: update objects within range [ms] 
INFO[Main]:   Server::AsyncRunStep() [ms] 
INFO[Main]:   Server::RunStep() (max) [ms] ____________________    1x       50
INFO[Main]:   Server::SendBlocks(): Collect list [ms] 
INFO[Main]:   Server::SendBlocks(): Send to clients [ms] 
INFO[Main]:   ServerEnv: ABMs run 
INFO[Main]:   ServerEnv: Run SAO::step() [ms] 
INFO[Main]:   ServerEnv: Run node timers [ms] 
INFO[Main]:   ServerEnv: active blocks 
INFO[Main]:   ServerEnv: active blocks cached 
INFO[Main]:   ServerEnv: active blocks scanned for ABMs 
INFO[Main]:   ServerEnv: update active blocks [ms] 
INFO[Main]:   ServerEnv::step() [ms] 
INFO[Main]:   ServerEnvironment::removeRemovedObjects() [ms] 
INFO[Main]: Profiler:
INFO[Main]:   ActiveObjectMgr: SAO count [#] 
INFO[Main]:   SEnv: modify in blocks avg per interval [ms] 
INFO[Main]:   Server: map saving (sum) [ms] 
INFO[Main]:   Server: map timer and unload [ms] 
INFO[Main]:   Server: send SAO messages [ms] 
INFO[Main]:   Server: update objects within range [ms] 
INFO[Main]:   Server::AsyncRunStep() [ms] 
INFO[Main]:   Server::RunStep() (max) [ms] ____________________    1x       51
INFO[Main]:   Server::SendBlocks(): Collect list [ms] 
INFO[Main]:   Server::SendBlocks(): Send to clients [ms] 
INFO[Main]:   ServerEnv: ABMs run 
INFO[Main]:   ServerEnv: Run SAO::step() [ms] 
INFO[Main]:   ServerEnv: Run node timers [ms] 
INFO[Main]:   ServerEnv: active blocks 
INFO[Main]:   ServerEnv: active blocks cached 
INFO[Main]:   ServerEnv: active blocks scanned for ABMs 
INFO[Main]:   ServerEnv: update active blocks [ms] 
INFO[Main]:   ServerEnv::step() [ms] 
INFO[Main]:   ServerEnvironment::removeRemovedObjects() [ms] 
INFO[Main]: Profiler:
INFO[Main]:   ActiveObjectMgr: SAO count [#] 
INFO[Main]:   SEnv: modify in blocks avg per interval [ms] 
INFO[Main]:   Server: map saving (sum) [ms] 
INFO[Main]:   Server: map timer and unload [ms] 
INFO[Main]:   Server: send SAO messages [ms] 
INFO[Main]:   Server: update objects within range [ms] 
INFO[Main]:   Server::AsyncRunStep() [ms] _____________________   20x      0.1
INFO[Main]:   Server::RunStep() (max) [ms] ____________________    1x       51
INFO[Main]:   Server::SendBlocks(): Collect list [ms] 
INFO[Main]:   Server::SendBlocks(): Send to clients [ms] 
INFO[Main]:   ServerEnv: ABMs run 
INFO[Main]:   ServerEnv: Run SAO::step() [ms] 
INFO[Main]:   ServerEnv: Run node timers [ms] 
INFO[Main]:   ServerEnv: active blocks 
INFO[Main]:   ServerEnv: active blocks cached 
INFO[Main]:   ServerEnv: active blocks scanned for ABMs 
INFO[Main]:   ServerEnv: update active blocks [ms] 
INFO[Main]:   ServerEnv::step() [ms] __________________________   20x      0.1
INFO[Main]:   ServerEnvironment::removeRemovedObjects() [ms] 
INFO[Main]: Profiler:
INFO[Main]:   ActiveObjectMgr: SAO count [#] 
INFO[Main]:   SEnv: modify in blocks avg per interval [ms] 
INFO[Main]:   Server: map saving (sum) [ms] 
INFO[Main]:   Server: map timer and unload [ms] 
INFO[Main]:   Server: send SAO messages [ms] 
INFO[Main]:   Server: update objects within range [ms] 
INFO[Main]:   Server::AsyncRunStep() [ms] 
INFO[Main]:   Server::RunStep() (max) [ms] ____________________    1x       50
INFO[Main]:   Server::SendBlocks(): Collect list [ms] 
INFO[Main]:   Server::SendBlocks(): Send to clients [ms] 
INFO[Main]:   ServerEnv: ABMs run 
INFO[Main]:   ServerEnv: Run SAO::step() [ms] 
INFO[Main]:   ServerEnv: Run node timers [ms] 
INFO[Main]:   ServerEnv: active blocks 
INFO[Main]:   ServerEnv: active blocks cached 
INFO[Main]:   ServerEnv: active blocks scanned for ABMs 
INFO[Main]:   ServerEnv: update active blocks [ms] 
INFO[Main]:   ServerEnv::step() [ms] 
INFO[Main]:   ServerEnvironment::removeRemovedObjects() [ms] 
INFO[Main]: Profiler:
INFO[Main]:   ActiveObjectMgr: SAO count [#] 
INFO[Main]:   SEnv: modify in blocks avg per interval [ms] 
INFO[Main]:   Server: map saving (sum) [ms] 
INFO[Main]:   Server: map timer and unload [ms] 
INFO[Main]:   Server: send SAO messages [ms] 
INFO[Main]:   Server: update objects within range [ms] 
INFO[Main]:   Server::AsyncRunStep() [ms] _____________________   20x     0.05
INFO[Main]:   Server::RunStep() (max) [ms] ____________________    1x       51
INFO[Main]:   Server::SendBlocks(): Collect list [ms] 
INFO[Main]:   Server::SendBlocks(): Send to clients [ms] 
INFO[Main]:   ServerEnv: ABMs run 
INFO[Main]:   ServerEnv: Run SAO::step() [ms] 
INFO[Main]:   ServerEnv: Run node timers [ms] 
INFO[Main]:   ServerEnv: active blocks 
INFO[Main]:   ServerEnv: active blocks cached 
INFO[Main]:   ServerEnv: active blocks scanned for ABMs 
INFO[Main]:   ServerEnv: update active blocks [ms] 
INFO[Main]:   ServerEnv::step() [ms] __________________________   20x     0.05
INFO[Main]:   ServerEnvironment::removeRemovedObjects() [ms] 
INFO[Main]: Profiler:
INFO[Main]:   ActiveObjectMgr: SAO count [#] 
INFO[Main]:   SEnv: modify in blocks avg per interval [ms] 
INFO[Main]:   Server: map saving (sum) [ms] 
INFO[Main]:   Server: map timer and unload [ms] 
INFO[Main]:   Server: send SAO messages [ms] 
INFO[Main]:   Server: update objects within range [ms] 
INFO[Main]:   Server::AsyncRunStep() [ms] 
INFO[Main]:   Server::RunStep() (max) [ms] ____________________    1x       51
INFO[Main]:   Server::SendBlocks(): Collect list [ms] 
INFO[Main]:   Server::SendBlocks(): Send to clients [ms] 
INFO[Main]:   ServerEnv: ABMs run 
INFO[Main]:   ServerEnv: Run SAO::step() [ms] 
INFO[Main]:   ServerEnv: Run node timers [ms] 
INFO[Main]:   ServerEnv: active blocks 
INFO[Main]:   ServerEnv: active blocks cached 
INFO[Main]:   ServerEnv: active blocks scanned for ABMs 
INFO[Main]:   ServerEnv: update active blocks [ms] 
INFO[Main]:   ServerEnv::step() [ms] 
INFO[Main]:   ServerEnvironment::removeRemovedObjects() [ms] 
INFO[Main]: Profiler:
INFO[Main]:   ActiveObjectMgr: SAO count [#] 
INFO[Main]:   SEnv: modify in blocks avg per interval [ms] 
INFO[Main]:   Server: map saving (sum) [ms] 
INFO[Main]:   Server: map timer and unload [ms] 
INFO[Main]:   Server: send SAO messages [ms] 
INFO[Main]:   Server: update objects within range [ms] 
INFO[Main]:   Server::AsyncRunStep() [ms] 
INFO[Main]:   Server::RunStep() (max) [ms] ____________________    1x       51
INFO[Main]:   Server::SendBlocks(): Collect list [ms] 
INFO[Main]:   Server::SendBlocks(): Send to clients [ms] 
INFO[Main]:   ServerEnv: ABMs run 
INFO[Main]:   ServerEnv: Run SAO::step() [ms] 
INFO[Main]:   ServerEnv: Run node timers [ms] 
INFO[Main]:   ServerEnv: active blocks 
INFO[Main]:   ServerEnv: active blocks cached 
INFO[Main]:   ServerEnv: active blocks scanned for ABMs 
INFO[Main]:   ServerEnv: update active blocks [ms] 
INFO[Main]:   ServerEnv::step() [ms] 
INFO[Main]:   ServerEnvironment::removeRemovedObjects() [ms] 
INFO[Emerge-0]: initialEmerge: area: (-1888,-48,-2688)(-1777,63,-2577)=112x112x112=1404928 (5MB)
INFO[Main]: Profiler:
INFO[Main]:   ActiveObjectMgr: SAO count [#] 
INFO[Main]:   Emerge-0: processed [#] _________________________    1x        1
INFO[Main]:   EmergeThread: Mapgen::makeChunk [ms] ____________    1x       30
INFO[Main]:   EmergeThread: load block - async (sum) [ms] 
INFO[Main]:   EmergeThread: update lighting [ms] ______________    1x        4
INFO[Main]:   SEnv: modify in blocks avg per interval [ms] 
INFO[Main]:   Server: map saving (sum) [ms] 
INFO[Main]:   Server: map timer and unload [ms] 
INFO[Main]:   Server: send SAO messages [ms] 
INFO[Main]:   Server: update objects within range [ms] 
INFO[Main]:   Server::AsyncRunStep() [ms] 
INFO[Main]:   Server::RunStep() (max) [ms] ____________________    1x       51
INFO[Main]:   Server::SendBlocks(): Collect list [ms] 
INFO[Main]:   Server::SendBlocks(): Send to clients [ms] 
INFO[Main]:   ServerEnv: ABMs run 
INFO[Main]:   ServerEnv: Run SAO::step() [ms] 
INFO[Main]:   ServerEnv: Run node timers [ms] 
INFO[Main]:   ServerEnv: active blocks 
INFO[Main]:   ServerEnv: active blocks cached 
INFO[Main]:   ServerEnv: active blocks scanned for ABMs 
INFO[Main]:   ServerEnv: update active blocks [ms] 
INFO[Main]:   ServerEnv::step() [ms] 
INFO[Main]:   ServerEnvironment::removeRemovedObjects() [ms] 
INFO[Main]:   ServerMap: load block - sync (sum) [ms] _________    1x        1
INFO[Server]: ServerMap: Written: 343 blocks, 343 blocks in memory.
INFO[Server]: ServerMap: Blocks modified by: 
INFO[Server]:   setIsUnderground ________________________________    1x      343
ACTION[Emerge-0]: GRUG_WP40_PROFILE_CALLBACK callback=1 minp=-1872,-32,-2672 maxp=-1793,47,-2593 blockseed=150073595 plan_us=537592 writer_us=363606 total_us=901198 columns=6400 candidate_cells=49 candidates=655 r5_runs=21010 result=applied_clq vm_get_emerged_area_calls=1 vm_get_emerged_area_us=2 vm_get_data_calls=1 vm_get_data_us=4060 vm_get_param2_data_calls=1 vm_get_param2_data_us=4056 vm_get_light_data_calls=2 vm_get_light_data_us=8112 vm_set_data_calls=1 vm_set_data_us=7208 vm_set_param2_data_calls=0 vm_set_param2_data_us=0 vm_set_lighting_calls=1 vm_set_lighting_us=90 vm_calc_lighting_calls=1 vm_calc_lighting_us=1475 vm_set_light_data_calls=1 vm_set_light_data_us=7018 vm_update_liquids_calls=1 vm_update_liquids_us=962
INFO[Emerge-0]: initialEmerge: area: (-1808,-48,-2688)(-1697,63,-2577)=112x112x112=1404928 (5MB)
INFO[Main]: Profiler:
INFO[Main]:   ActiveObjectMgr: SAO count [#] 
INFO[Main]:   Emerge-0: processed [#] _________________________    1x        5
INFO[Main]:   EmergeThread: Lua on_generated [ms] _____________    1x      901
INFO[Main]:   EmergeThread: Mapgen::makeChunk [ms] ____________    1x       29
INFO[Main]:   EmergeThread: after Mapgen::makeChunk [ms] ______    1x        1
INFO[Main]:   EmergeThread: load block - async (sum) [ms] 
INFO[Main]:   EmergeThread: update lighting [ms] ______________    5x      1.6
INFO[Main]:   SEnv: modify in blocks avg per interval [ms] 
INFO[Main]:   Server: map saving (sum) [ms] ___________________    1x        4
INFO[Main]:   Server: map timer and unload [ms] 
INFO[Main]:   Server: send SAO messages [ms] 
INFO[Main]:   Server: update objects within range [ms] 
INFO[Main]:   Server::AsyncRunStep() [ms] _____________________   20x      0.2
INFO[Main]:   Server::RunStep() (max) [ms] ____________________    1x       51
INFO[Main]:   Server::SendBlocks(): Collect list [ms] 
INFO[Main]:   Server::SendBlocks(): Send to clients [ms] 
INFO[Main]:   ServerEnv: ABMs run 
INFO[Main]:   ServerEnv: Run SAO::step() [ms] 
INFO[Main]:   ServerEnv: Run node timers [ms] 
INFO[Main]:   ServerEnv: active blocks 
INFO[Main]:   ServerEnv: active blocks cached 
INFO[Main]:   ServerEnv: active blocks scanned for ABMs 
INFO[Main]:   ServerEnv: update active blocks [ms] 
INFO[Main]:   ServerEnv::step() [ms] 
INFO[Main]:   ServerEnvironment::removeRemovedObjects() [ms] 
INFO[Main]:   ServerMap: load block - sync (sum) [ms] _________    1x        1
ACTION[Emerge-0]: GRUG_WP40_PROFILE_CALLBACK callback=2 minp=-1792,-32,-2672 maxp=-1713,47,-2593 blockseed=813787899 plan_us=389097 writer_us=378735 total_us=767832 columns=6400 candidate_cells=49 candidates=683 r5_runs=19758 result=applied_clq vm_get_emerged_area_calls=1 vm_get_emerged_area_us=2 vm_get_data_calls=1 vm_get_data_us=4059 vm_get_param2_data_calls=1 vm_get_param2_data_us=4055 vm_get_light_data_calls=2 vm_get_light_data_us=8114 vm_set_data_calls=1 vm_set_data_us=7209 vm_set_param2_data_calls=0 vm_set_param2_data_us=0 vm_set_lighting_calls=1 vm_set_lighting_us=113 vm_calc_lighting_calls=1 vm_calc_lighting_us=1506 vm_set_light_data_calls=1 vm_set_light_data_us=7013 vm_update_liquids_calls=1 vm_update_liquids_us=970
INFO[Emerge-0]: initialEmerge: area: (-1888,32,-2688)(-1777,143,-2577)=112x112x112=1404928 (5MB)
INFO[Server]: ServerMap: Written: 833 blocks, 833 blocks in memory.
INFO[Server]: ServerMap: Blocks modified by: 
INFO[Server]:   finishBlockMake: expireIsAir, MMVManip::blitBackAll     1x      193
INFO[Server]:   setGenerated, finishBlockMake: expireIsAir, MMVManip::blitBackAll     1x      150
INFO[Server]:   setIsUnderground ________________________________    1x      245
INFO[Server]:   setIsUnderground, finishBlockMake: expireIsAir, MMVManip::blitBackAll     1x      145
INFO[Server]:   setIsUnderground, setGenerated, finishBlockMake: expireIsAir, MMVManip::blitBackAll     1x      100
ACTION[Emerge-0]: GRUG_WP40_PROFILE_CALLBACK callback=3 minp=-1872,48,-2672 maxp=-1793,127,-2593 blockseed=363482929 plan_us=120039 writer_us=119135 total_us=239174 columns=6400 candidate_cells=49 candidates=655 r5_runs=10403 result=applied_clq vm_get_emerged_area_calls=1 vm_get_emerged_area_us=1 vm_get_data_calls=1 vm_get_data_us=4061 vm_get_param2_data_calls=1 vm_get_param2_data_us=4052 vm_get_light_data_calls=2 vm_get_light_data_us=8194 vm_set_data_calls=1 vm_set_data_us=6939 vm_set_param2_data_calls=0 vm_set_param2_data_us=0 vm_set_lighting_calls=36 vm_set_lighting_us=33 vm_calc_lighting_calls=1 vm_calc_lighting_us=8238 vm_set_light_data_calls=1 vm_set_light_data_us=7105 vm_update_liquids_calls=1 vm_update_liquids_us=949
INFO[Emerge-0]: initialEmerge: area: (-1808,32,-2688)(-1697,143,-2577)=112x112x112=1404928 (5MB)
ACTION[Emerge-0]: GRUG_WP40_PROFILE_CALLBACK callback=4 minp=-1792,48,-2672 maxp=-1713,127,-2593 blockseed=1600015473 plan_us=138279 writer_us=119104 total_us=257383 columns=6400 candidate_cells=49 candidates=683 r5_runs=11940 result=applied_clq vm_get_emerged_area_calls=1 vm_get_emerged_area_us=1 vm_get_data_calls=1 vm_get_data_us=4160 vm_get_param2_data_calls=1 vm_get_param2_data_us=4051 vm_get_light_data_calls=2 vm_get_light_data_us=8120 vm_set_data_calls=1 vm_set_data_us=7208 vm_set_param2_data_calls=0 vm_set_param2_data_us=0 vm_set_lighting_calls=35 vm_set_lighting_us=40 vm_calc_lighting_calls=1 vm_calc_lighting_us=9699 vm_set_light_data_calls=1 vm_set_light_data_us=7015 vm_update_liquids_calls=1 vm_update_liquids_us=933
INFO[Emerge-0]: initialEmerge: area: (-1888,-48,-2608)(-1777,63,-2497)=112x112x112=1404928 (5MB)
INFO[Main]: Profiler:
INFO[Main]:   ActiveObjectMgr: SAO count [#] 
INFO[Main]:   Emerge-0: processed [#] _________________________    1x      121
INFO[Main]:   EmergeThread: Lua on_generated [ms] _____________    3x  421.333
INFO[Main]:   EmergeThread: Mapgen::makeChunk [ms] ____________    3x       27
INFO[Main]:   EmergeThread: after Mapgen::makeChunk [ms] ______    3x        1
INFO[Main]:   EmergeThread: load block - async (sum) [ms] 
INFO[Main]:   EmergeThread: update lighting [ms] ______________   76x    0.539
INFO[Main]:   SEnv: modify in blocks avg per interval [ms] 
INFO[Main]:   Server: map saving (sum) [ms] ___________________    1x       10
INFO[Main]:   Server: map timer and unload [ms] _______________    1x        1
INFO[Main]:   Server: send SAO messages [ms] 
INFO[Main]:   Server: update objects within range [ms] 
INFO[Main]:   Server::AsyncRunStep() [ms] _____________________   20x     0.55
INFO[Main]:   Server::RunStep() (max) [ms] ____________________    1x       51
INFO[Main]:   Server::SendBlocks(): Collect list [ms] 
INFO[Main]:   Server::SendBlocks(): Send to clients [ms] 
INFO[Main]:   ServerEnv: ABMs run 
INFO[Main]:   ServerEnv: Run SAO::step() [ms] 
INFO[Main]:   ServerEnv: Run node timers [ms] 
INFO[Main]:   ServerEnv: active blocks 
INFO[Main]:   ServerEnv: active blocks cached 
INFO[Main]:   ServerEnv: active blocks scanned for ABMs 
INFO[Main]:   ServerEnv: update active blocks [ms] 
INFO[Main]:   ServerEnv::step() [ms] 
INFO[Main]:   ServerEnvironment::removeRemovedObjects() [ms] 
INFO[Main]:   ServerMap: load block - sync (sum) [ms] _________    1x        2
INFO[Server]: ServerMap: Written: 833 blocks, 1253 blocks in memory.
INFO[Server]: ServerMap: Blocks modified by: 
INFO[Server]:   finishBlockMake: expireIsAir, MMVManip::blitBackAll     1x      243
INFO[Server]:   setGenerated, finishBlockMake: expireIsAir, MMVManip::blitBackAll     1x      170
INFO[Server]:   setIsUnderground ________________________________    1x      245
INFO[Server]:   setIsUnderground, finishBlockMake: expireIsAir, MMVManip::blitBackAll     1x       95
INFO[Server]:   setIsUnderground, setGenerated, finishBlockMake: expireIsAir, MMVManip::blitBackAll     1x       80
ACTION[Emerge-0]: GRUG_WP40_PROFILE_CALLBACK callback=5 minp=-1872,-32,-2592 maxp=-1793,47,-2513 blockseed=3799390529 plan_us=299216 writer_us=415922 total_us=715138 columns=6400 candidate_cells=49 candidates=176 r5_runs=19200 result=applied_cplq vm_get_emerged_area_calls=1 vm_get_emerged_area_us=3 vm_get_data_calls=1 vm_get_data_us=4073 vm_get_param2_data_calls=1 vm_get_param2_data_us=4057 vm_get_light_data_calls=2 vm_get_light_data_us=8114 vm_set_data_calls=1 vm_set_data_us=7341 vm_set_param2_data_calls=1 vm_set_param2_data_us=7085 vm_set_lighting_calls=16 vm_set_lighting_us=119 vm_calc_lighting_calls=1 vm_calc_lighting_us=2443 vm_set_light_data_calls=1 vm_set_light_data_us=7012 vm_update_liquids_calls=1 vm_update_liquids_us=975
INFO[Emerge-0]: initialEmerge: area: (-1808,-48,-2608)(-1697,63,-2497)=112x112x112=1404928 (5MB)
INFO[Main]: Profiler:
INFO[Main]:   ActiveObjectMgr: SAO count [#] 
INFO[Main]:   Emerge-0: processed [#] _________________________    1x        5
INFO[Main]:   EmergeThread: Lua on_generated [ms] _____________    1x      715
INFO[Main]:   EmergeThread: Mapgen::makeChunk [ms] ____________    1x       29
INFO[Main]:   EmergeThread: after Mapgen::makeChunk [ms] ______    1x        1
INFO[Main]:   EmergeThread: load block - async (sum) [ms] 
INFO[Main]:   EmergeThread: update lighting [ms] ______________   35x    0.257
INFO[Main]:   SEnv: modify in blocks avg per interval [ms] 
INFO[Main]:   Server: map saving (sum) [ms] ___________________    1x       10
INFO[Main]:   Server: map timer and unload [ms] 
INFO[Main]:   Server: send SAO messages [ms] 
INFO[Main]:   Server: update objects within range [ms] 
INFO[Main]:   Server::AsyncRunStep() [ms] _____________________   20x      0.5
INFO[Main]:   Server::RunStep() (max) [ms] ____________________    1x       51
INFO[Main]:   Server::SendBlocks(): Collect list [ms] 
INFO[Main]:   Server::SendBlocks(): Send to clients [ms] 
INFO[Main]:   ServerEnv: ABMs run 
INFO[Main]:   ServerEnv: Run SAO::step() [ms] 
INFO[Main]:   ServerEnv: Run node timers [ms] 
INFO[Main]:   ServerEnv: active blocks 
INFO[Main]:   ServerEnv: active blocks cached 
INFO[Main]:   ServerEnv: active blocks scanned for ABMs 
INFO[Main]:   ServerEnv: update active blocks [ms] 
INFO[Main]:   ServerEnv::step() [ms] 
INFO[Main]:   ServerEnvironment::removeRemovedObjects() [ms] 
INFO[Main]:   ServerMap: load block - sync (sum) [ms] 
ACTION[Emerge-0]: GRUG_WP40_PROFILE_CALLBACK callback=6 minp=-1792,-32,-2592 maxp=-1713,47,-2513 blockseed=3693650209 plan_us=250524 writer_us=420678 total_us=671202 columns=6400 candidate_cells=49 candidates=300 r5_runs=19200 result=applied_cplq vm_get_emerged_area_calls=1 vm_get_emerged_area_us=2 vm_get_data_calls=1 vm_get_data_us=4054 vm_get_param2_data_calls=1 vm_get_param2_data_us=4335 vm_get_light_data_calls=2 vm_get_light_data_us=8109 vm_set_data_calls=1 vm_set_data_us=7202 vm_set_param2_data_calls=1 vm_set_param2_data_us=7105 vm_set_lighting_calls=16 vm_set_lighting_us=119 vm_calc_lighting_calls=1 vm_calc_lighting_us=2575 vm_set_light_data_calls=1 vm_set_light_data_us=7281 vm_update_liquids_calls=1 vm_update_liquids_us=1012
INFO[Emerge-0]: initialEmerge: area: (-1888,32,-2608)(-1777,143,-2497)=112x112x112=1404928 (5MB)
INFO[Server]: ServerMap: Written: 763 blocks, 1603 blocks in memory.
INFO[Server]: ServerMap: Blocks modified by: 
INFO[Server]:   finishBlockMake: expireIsAir, MMVManip::blitBackAll     1x      239
INFO[Server]:   setGenerated, finishBlockMake: expireIsAir, MMVManip::blitBackAll     1x      165
INFO[Server]:   setGenerated, setNode, finishBlockMake: expireIsAir, MMVManip::blitBackAll     1x        5
INFO[Server]:   setIsUnderground ________________________________    1x      175
INFO[Server]:   setIsUnderground, finishBlockMake: expireIsAir, MMVManip::blitBackAll     1x       95
INFO[Server]:   setIsUnderground, setGenerated, finishBlockMake: expireIsAir, MMVManip::blitBackAll     1x       79
INFO[Server]:   setIsUnderground, setGenerated, setNode, finishBlockMake: expireIsAir, MMVManip::blitBackAll     1x        1
INFO[Server]:   setNode, finishBlockMake: expireIsAir, MMVManip::blitBackAll     1x        4
ACTION[Emerge-0]: GRUG_WP40_PROFILE_CALLBACK callback=7 minp=-1872,48,-2592 maxp=-1793,127,-2513 blockseed=1285824503 plan_us=62468 writer_us=128064 total_us=190532 columns=6400 candidate_cells=49 candidates=176 r5_runs=12800 result=applied_cplq vm_get_emerged_area_calls=1 vm_get_emerged_area_us=1 vm_get_data_calls=1 vm_get_data_us=3787 vm_get_param2_data_calls=1 vm_get_param2_data_us=3791 vm_get_light_data_calls=2 vm_get_light_data_us=7574 vm_set_data_calls=1 vm_set_data_us=7200 vm_set_param2_data_calls=1 vm_set_param2_data_us=7081 vm_set_lighting_calls=96 vm_set_lighting_us=76 vm_calc_lighting_calls=1 vm_calc_lighting_us=11057 vm_set_light_data_calls=1 vm_set_light_data_us=7011 vm_update_liquids_calls=1 vm_update_liquids_us=981
INFO[Emerge-0]: initialEmerge: area: (-1808,32,-2608)(-1697,143,-2497)=112x112x112=1404928 (5MB)
ACTION[Emerge-0]: GRUG_WP40_PROFILE_CALLBACK callback=8 minp=-1792,48,-2592 maxp=-1713,127,-2513 blockseed=152063639 plan_us=90604 writer_us=129874 total_us=220478 columns=6400 candidate_cells=49 candidates=300 r5_runs=12800 result=applied_cplq vm_get_emerged_area_calls=1 vm_get_emerged_area_us=2 vm_get_data_calls=1 vm_get_data_us=3787 vm_get_param2_data_calls=1 vm_get_param2_data_us=3782 vm_get_light_data_calls=2 vm_get_light_data_us=8108 vm_set_data_calls=1 vm_set_data_us=7493 vm_set_param2_data_calls=1 vm_set_param2_data_us=7358 vm_set_lighting_calls=96 vm_set_lighting_us=75 vm_calc_lighting_calls=1 vm_calc_lighting_us=12250 vm_set_light_data_calls=1 vm_set_light_data_us=7285 vm_update_liquids_calls=1 vm_update_liquids_us=962
INFO[Emerge-0]: initialEmerge: area: (-1888,-48,-2528)(-1777,63,-2417)=112x112x112=1404928 (5MB)
INFO[Main]: Profiler:
INFO[Main]:   ActiveObjectMgr: SAO count [#] 
INFO[Main]:   Emerge-0: processed [#] _________________________    1x      310
INFO[Main]:   EmergeThread: Lua on_generated [ms] _____________    3x  360.666
INFO[Main]:   EmergeThread: Mapgen::makeChunk [ms] ____________    3x   28.333
INFO[Main]:   EmergeThread: after Mapgen::makeChunk [ms] ______    3x        1
INFO[Main]:   EmergeThread: load block - async (sum) [ms] 
INFO[Main]:   EmergeThread: update lighting [ms] ______________  197x    0.258
INFO[Main]:   SEnv: modify in blocks avg per interval [ms] 
INFO[Main]:   Server: map saving (sum) [ms] ___________________    1x       10
INFO[Main]:   Server: map timer and unload [ms] 
INFO[Main]:   Server: send SAO messages [ms] 
INFO[Main]:   Server: update objects within range [ms] 
INFO[Main]:   Server::AsyncRunStep() [ms] _____________________   20x     0.55
INFO[Main]:   Server::RunStep() (max) [ms] ____________________    1x       51
INFO[Main]:   Server::SendBlocks(): Collect list [ms] 
INFO[Main]:   Server::SendBlocks(): Send to clients [ms] 
INFO[Main]:   ServerEnv: ABMs run 
INFO[Main]:   ServerEnv: Run SAO::step() [ms] 
INFO[Main]:   ServerEnv: Run node timers [ms] 
INFO[Main]:   ServerEnv: active blocks 
INFO[Main]:   ServerEnv: active blocks cached 
INFO[Main]:   ServerEnv: active blocks scanned for ABMs 
INFO[Main]:   ServerEnv: update active blocks [ms] 
INFO[Main]:   ServerEnv::step() [ms] __________________________   20x     0.05
INFO[Main]:   ServerEnvironment::removeRemovedObjects() [ms] 
INFO[Main]:   ServerMap: load block - sync (sum) [ms] _________    1x        1
INFO[Server]: ServerMap: Written: 833 blocks, 1973 blocks in memory.
INFO[Server]: ServerMap: Blocks modified by: 
INFO[Server]:   finishBlockMake: expireIsAir, MMVManip::blitBackAll     1x      277
INFO[Server]:   setGenerated, finishBlockMake: expireIsAir, MMVManip::blitBackAll     1x      186
INFO[Server]:   setIsUnderground ________________________________    1x      245
INFO[Server]:   setIsUnderground, finishBlockMake: expireIsAir, MMVManip::blitBackAll     1x       61
INFO[Server]:   setIsUnderground, setGenerated, finishBlockMake: expireIsAir, MMVManip::blitBackAll     1x       64
ACTION[Emerge-0]: GRUG_WP40_PROFILE_CALLBACK callback=9 minp=-1872,-32,-2512 maxp=-1793,47,-2433 blockseed=1181963239 plan_us=352237 writer_us=361541 total_us=713778 columns=6400 candidate_cells=49 candidates=521 r5_runs=20740 result=applied_cplq vm_get_emerged_area_calls=1 vm_get_emerged_area_us=2 vm_get_data_calls=1 vm_get_data_us=4057 vm_get_param2_data_calls=1 vm_get_param2_data_us=4053 vm_get_light_data_calls=2 vm_get_light_data_us=9190 vm_set_data_calls=1 vm_set_data_us=7199 vm_set_param2_data_calls=1 vm_set_param2_data_us=7131 vm_set_lighting_calls=16 vm_set_lighting_us=148 vm_calc_lighting_calls=1 vm_calc_lighting_us=2732 vm_set_light_data_calls=1 vm_set_light_data_us=7014 vm_update_liquids_calls=1 vm_update_liquids_us=988
INFO[Emerge-0]: initialEmerge: area: (-1808,-48,-2528)(-1697,63,-2417)=112x112x112=1404928 (5MB)
ACTION[Emerge-0]: GRUG_WP40_PROFILE_CALLBACK callback=10 minp=-1792,-32,-2512 maxp=-1713,47,-2433 blockseed=4234293905 plan_us=327585 writer_us=404437 total_us=732022 columns=6400 candidate_cells=49 candidates=580 r5_runs=19902 result=applied_clq vm_get_emerged_area_calls=1 vm_get_emerged_area_us=2 vm_get_data_calls=1 vm_get_data_us=4059 vm_get_param2_data_calls=1 vm_get_param2_data_us=4057 vm_get_light_data_calls=2 vm_get_light_data_us=8653 vm_set_data_calls=1 vm_set_data_us=7205 vm_set_param2_data_calls=0 vm_set_param2_data_us=0 vm_set_lighting_calls=16 vm_set_lighting_us=111 vm_calc_lighting_calls=1 vm_calc_lighting_us=2654 vm_set_light_data_calls=1 vm_set_light_data_us=7014 vm_update_liquids_calls=1 vm_update_liquids_us=986
INFO[Emerge-0]: initialEmerge: area: (-1888,32,-2528)(-1777,143,-2417)=112x112x112=1404928 (5MB)
INFO[Main]: Profiler:
INFO[Main]:   ActiveObjectMgr: SAO count [#] 
INFO[Main]:   Emerge-0: processed [#] _________________________    1x       18
INFO[Main]:   EmergeThread: Lua on_generated [ms] _____________    2x      723
INFO[Main]:   EmergeThread: Mapgen::makeChunk [ms] ____________    1x       29
INFO[Main]:   EmergeThread: after Mapgen::makeChunk [ms] ______    2x        1
INFO[Main]:   EmergeThread: load block - async (sum) [ms] 
INFO[Main]:   EmergeThread: update lighting [ms] ______________   35x    0.285
INFO[Main]:   SEnv: modify in blocks avg per interval [ms] 
INFO[Main]:   Server: map saving (sum) [ms] ___________________    1x       11
INFO[Main]:   Server: map timer and unload [ms] 
INFO[Main]:   Server: send SAO messages [ms] 
INFO[Main]:   Server: update objects within range [ms] 
INFO[Main]:   Server::AsyncRunStep() [ms] _____________________   20x     0.55
INFO[Main]:   Server::RunStep() (max) [ms] ____________________    1x       51
INFO[Main]:   Server::SendBlocks(): Collect list [ms] 
INFO[Main]:   Server::SendBlocks(): Send to clients [ms] 
INFO[Main]:   ServerEnv: ABMs run 
INFO[Main]:   ServerEnv: Run SAO::step() [ms] 
INFO[Main]:   ServerEnv: Run node timers [ms] 
INFO[Main]:   ServerEnv: active blocks 
INFO[Main]:   ServerEnv: active blocks cached 
INFO[Main]:   ServerEnv: active blocks scanned for ABMs 
INFO[Main]:   ServerEnv: update active blocks [ms] 
INFO[Main]:   ServerEnv::step() [ms] 
INFO[Main]:   ServerEnvironment::removeRemovedObjects() [ms] 
INFO[Main]:   ServerMap: load block - sync (sum) [ms] _________    1x        1
INFO[Server]: ServerMap: Written: 763 blocks, 2323 blocks in memory.
INFO[Server]: ServerMap: Blocks modified by: 
INFO[Server]:   finishBlockMake: expireIsAir, MMVManip::blitBackAll     1x      243
INFO[Server]:   setGenerated, finishBlockMake: expireIsAir, MMVManip::blitBackAll     1x      170
INFO[Server]:   setIsUnderground ________________________________    1x      175
INFO[Server]:   setIsUnderground, finishBlockMake: expireIsAir, MMVManip::blitBackAll     1x       95
INFO[Server]:   setIsUnderground, setGenerated, finishBlockMake: expireIsAir, MMVManip::blitBackAll     1x       80
ACTION[Emerge-0]: GRUG_WP40_PROFILE_CALLBACK callback=11 minp=-1872,48,-2512 maxp=-1793,127,-2433 blockseed=1904985549 plan_us=111622 writer_us=128296 total_us=239918 columns=6400 candidate_cells=49 candidates=521 r5_runs=10747 result=applied_cplq vm_get_emerged_area_calls=1 vm_get_emerged_area_us=2 vm_get_data_calls=1 vm_get_data_us=4063 vm_get_param2_data_calls=1 vm_get_param2_data_us=4056 vm_get_light_data_calls=2 vm_get_light_data_us=8698 vm_set_data_calls=1 vm_set_data_us=7199 vm_set_param2_data_calls=1 vm_set_param2_data_us=7092 vm_set_lighting_calls=54 vm_set_lighting_us=43 vm_calc_lighting_calls=1 vm_calc_lighting_us=10704 vm_set_light_data_calls=1 vm_set_light_data_us=7280 vm_update_liquids_calls=1 vm_update_liquids_us=980
INFO[Emerge-0]: initialEmerge: area: (-1808,32,-2528)(-1697,143,-2417)=112x112x112=1404928 (5MB)
ACTION[Emerge-0]: GRUG_WP40_PROFILE_CALLBACK callback=12 minp=-1792,48,-2512 maxp=-1713,127,-2433 blockseed=3384461985 plan_us=130426 writer_us=120209 total_us=250635 columns=6400 candidate_cells=49 candidates=580 r5_runs=11687 result=applied_clq vm_get_emerged_area_calls=1 vm_get_emerged_area_us=2 vm_get_data_calls=1 vm_get_data_us=3790 vm_get_param2_data_calls=1 vm_get_param2_data_us=3784 vm_get_light_data_calls=2 vm_get_light_data_us=7845 vm_set_data_calls=1 vm_set_data_us=7208 vm_set_param2_data_calls=0 vm_set_param2_data_us=0 vm_set_lighting_calls=56 vm_set_lighting_us=42 vm_calc_lighting_calls=1 vm_calc_lighting_us=11638 vm_set_light_data_calls=1 vm_set_light_data_us=7027 vm_update_liquids_calls=1 vm_update_liquids_us=955
ACTION[Emerge-0]: [grug_core] start area ready: dwarf (1/6, 21.6 s)
INFO[Emerge-0]: initialEmerge: area: (-128,-48,-2688)(-17,63,-2577)=112x112x112=1404928 (5MB)
ACTION[Server]: [grug_mobs] start npcs hearthpine: grug_mobs:guard_accord placed at socket gate_west (-1804,46,-2491)
ACTION[Server]: [grug_mobs] start npcs hearthpine: grug_mobs:guard_accord placed at socket gate_east (-1796,46,-2491)
ACTION[Server]: [grug_mobs] start npcs hearthpine: grug_mobs:guard_accord placed at socket watch_gate (-1800,46,-2498)
ACTION[Server]: [grug_mobs] start npcs hearthpine: grug_traders:vendor_race_dwarf placed at socket plaza_vendor (-1793,46,-2555)
ACTION[Server]: [grug_mobs] start npcs hearthpine: grug_mobs:villager_dwarf placed at socket idle_west_door (-1816,46,-2546)
ACTION[Server]: [grug_mobs] start npcs hearthpine: grug_mobs:villager_dwarf placed at socket idle_plaza_bench (-1793,46,-2549)
ACTION[Server]: [grug_mobs] start npcs hearthpine: grug_mobs:villager_dwarf placed at socket idle_workyard (-1819,46,-2533)
ACTION[Server]: [grug_mobs] start npcs hearthpine: grug_mobs:villager_dwarf placed at socket idle_forge_door (-1798,46,-2560)
ACTION[Server]: [grug_mobs] start npcs hearthpine: grug_mobs:villager_dwarf placed at socket work_woodpile (-1812,46,-2563)
ACTION[Server]: [grug_mobs] start npcs hearthpine: grug_mobs:villager_dwarf placed at socket work_garden (-1819,46,-2529)
ACTION[Server]: [grug_mobs] start npcs hearthpine: grug_mobs:elder_dwarf placed at socket hall_quest (-1828,46,-2524)
ACTION[Server]: [grug_mobs] start npcs hearthpine: grug_mobs:villager_dwarf placed at socket trainer_cooking (-1798,46,-2540)
ACTION[Server]: [grug_mobs] start npcs dwarf hearthpine: guards 3/3 flair 7/7 vendor 1/1 quest 1/1 royal 0/0 new 12 pending 0 spare 3 residents 6 walkers 1
INFO[Main]: Profiler:
INFO[Main]:   ActiveObjectMgr: SAO count [#] __________________   20x    12.15
INFO[Main]:   Emerge-0: processed [#] _________________________    1x      108
INFO[Main]:   EmergeThread: Lua on_generated [ms] _____________    2x    245.5
INFO[Main]:   EmergeThread: Mapgen::makeChunk [ms] ____________    3x   27.333
INFO[Main]:   EmergeThread: after Mapgen::makeChunk [ms] ______    2x        1
INFO[Main]:   EmergeThread: load block - async (sum) [ms] 
INFO[Main]:   EmergeThread: update lighting [ms] ______________  115x    0.426
INFO[Main]:   SEnv: modify in blocks avg per interval [ms] 
INFO[Main]:   Server: collisionMoveSimple() [us] ______________  108x    1.861
INFO[Main]:   Server: map saving (sum) [ms] ___________________    1x       10
INFO[Main]:   Server: map timer and unload [ms] 
INFO[Main]:   Server: send SAO messages [ms] 
INFO[Main]:   Server: update objects within range [ms] 
INFO[Main]:   Server::AsyncRunStep() [ms] _____________________   20x      0.7
INFO[Main]:   Server::RunStep() (max) [ms] ____________________    1x       51
INFO[Main]:   Server::SendBlocks(): Collect list [ms] 
INFO[Main]:   Server::SendBlocks(): Send to clients [ms] 
INFO[Main]:   ServerEnv: ABMs run 
INFO[Main]:   ServerEnv: Run SAO::step() [ms] _________________   20x      0.1
INFO[Main]:   ServerEnv: Run node timers [ms] 
INFO[Main]:   ServerEnv: active blocks 
INFO[Main]:   ServerEnv: active blocks cached 
INFO[Main]:   ServerEnv: active blocks scanned for ABMs 
INFO[Main]:   ServerEnv: update active blocks [ms] 
INFO[Main]:   ServerEnv::step() [ms] __________________________   20x      0.2
INFO[Main]:   ServerEnvironment::removeRemovedObjects() [ms] 
INFO[Main]:   ServerMap: load block - sync (sum) [ms] 
INFO[Server]: ServerMap: Written: 936 blocks, 2791 blocks in memory.
INFO[Server]: ServerMap: Blocks modified by: 
INFO[Server]:   addActiveObjectRaw, deactivateFarObjects: static data changed     1x        5
INFO[Server]:   addActiveObjectRaw, deactivateFarObjects: static data changed, finishBlockMake: expireIsAir, MMVManip::blitBackAll     1x        3
INFO[Server]:   finishBlockMake: expireIsAir, MMVManip::blitBackAll     1x      274
INFO[Server]:   setGenerated, finishBlockMake: expireIsAir, MMVManip::blitBackAll     1x      186
INFO[Server]:   setIsUnderground ________________________________    1x      343
INFO[Server]:   setIsUnderground, finishBlockMake: expireIsAir, MMVManip::blitBackAll     1x       61
INFO[Server]:   setIsUnderground, setGenerated, finishBlockMake: expireIsAir, MMVManip::blitBackAll     1x       64
ACTION[Emerge-0]: GRUG_WP40_PROFILE_CALLBACK callback=13 minp=-112,-32,-2672 maxp=-33,47,-2593 blockseed=1529979887 plan_us=459145 writer_us=376740 total_us=835885 columns=6400 candidate_cells=49 candidates=2606 r5_runs=25600 result=applied_cplq vm_get_emerged_area_calls=1 vm_get_emerged_area_us=2 vm_get_data_calls=1 vm_get_data_us=4056 vm_get_param2_data_calls=1 vm_get_param2_data_us=4052 vm_get_light_data_calls=2 vm_get_light_data_us=8659 vm_set_data_calls=1 vm_set_data_us=7202 vm_set_param2_data_calls=1 vm_set_param2_data_us=7095 vm_set_lighting_calls=1 vm_set_lighting_us=109 vm_calc_lighting_calls=1 vm_calc_lighting_us=3116 vm_set_light_data_calls=1 vm_set_light_data_us=7023 vm_update_liquids_calls=1 vm_update_liquids_us=954
INFO[Emerge-0]: initialEmerge: area: (-48,-48,-2688)(63,63,-2577)=112x112x112=1404928 (5MB)
INFO[Main]: Profiler:
INFO[Main]:   ActiveObjectMgr: SAO count [#] __________________   20x     2.25
INFO[Main]:   Emerge-0: processed [#] _________________________    1x        2
INFO[Main]:   EmergeThread: Lua on_generated [ms] _____________    1x      836
INFO[Main]:   EmergeThread: Mapgen::makeChunk [ms] ____________    1x       31
INFO[Main]:   EmergeThread: after Mapgen::makeChunk [ms] ______    1x        1
INFO[Main]:   EmergeThread: load block - async (sum) [ms] 
INFO[Main]:   EmergeThread: update lighting [ms] ______________    3x    2.666
INFO[Main]:   SEnv: modify in blocks avg per interval [ms] 
INFO[Main]:   Server: collisionMoveSimple() [us] 
INFO[Main]:   Server: map saving (sum) [ms] ___________________    1x       12
INFO[Main]:   Server: map timer and unload [ms] 
INFO[Main]:   Server: send SAO messages [ms] 
INFO[Main]:   Server: update objects within range [ms] 
INFO[Main]:   Server::AsyncRunStep() [ms] _____________________   20x     0.65
INFO[Main]:   Server::RunStep() (max) [ms] ____________________    1x       51
INFO[Main]:   Server::SendBlocks(): Collect list [ms] 
INFO[Main]:   Server::SendBlocks(): Send to clients [ms] 
INFO[Main]:   ServerEnv: ABMs run 
INFO[Main]:   ServerEnv: Run SAO::step() [ms] 
INFO[Main]:   ServerEnv: Run node timers [ms] 
INFO[Main]:   ServerEnv: active blocks 
INFO[Main]:   ServerEnv: active blocks cached 
INFO[Main]:   ServerEnv: active blocks scanned for ABMs 
INFO[Main]:   ServerEnv: update active blocks [ms] ____________    1x        1
INFO[Main]:   ServerEnv::step() [ms] __________________________   20x     0.05
INFO[Main]:   ServerEnvironment::removeRemovedObjects() [ms] 
INFO[Main]:   ServerMap: load block - sync (sum) [ms] _________    1x        1
INFO[Server]: ServerMap: Written: 588 blocks, 3036 blocks in memory.
INFO[Server]: ServerMap: Blocks modified by: 
INFO[Server]:   finishBlockMake: expireIsAir, MMVManip::blitBackAll     1x      218
INFO[Server]:   setGenerated, finishBlockMake: expireIsAir, MMVManip::blitBackAll     1x      125
INFO[Server]:   setIsUnderground ________________________________    1x      245
ACTION[Emerge-0]: GRUG_WP40_PROFILE_CALLBACK callback=14 minp=-32,-32,-2672 maxp=47,47,-2593 blockseed=563529199 plan_us=331175 writer_us=393914 total_us=725089 columns=6400 candidate_cells=49 candidates=2336 r5_runs=25600 result=applied_cplq vm_get_emerged_area_calls=1 vm_get_emerged_area_us=2 vm_get_data_calls=1 vm_get_data_us=3929 vm_get_param2_data_calls=1 vm_get_param2_data_us=3840 vm_get_light_data_calls=2 vm_get_light_data_us=8114 vm_set_data_calls=1 vm_set_data_us=7202 vm_set_param2_data_calls=1 vm_set_param2_data_us=7084 vm_set_lighting_calls=1 vm_set_lighting_us=104 vm_calc_lighting_calls=1 vm_calc_lighting_us=3548 vm_set_light_data_calls=1 vm_set_light_data_us=7015 vm_update_liquids_calls=1 vm_update_liquids_us=955
INFO[Emerge-0]: initialEmerge: area: (32,-48,-2688)(143,63,-2577)=112x112x112=1404928 (5MB)
ACTION[Emerge-0]: GRUG_WP40_PROFILE_CALLBACK callback=15 minp=48,-32,-2672 maxp=127,47,-2593 blockseed=3307873967 plan_us=404686 writer_us=371493 total_us=776179 columns=6400 candidate_cells=49 candidates=3302 r5_runs=25520 result=applied_cplq vm_get_emerged_area_calls=1 vm_get_emerged_area_us=3 vm_get_data_calls=1 vm_get_data_us=4077 vm_get_param2_data_calls=1 vm_get_param2_data_us=4063 vm_get_light_data_calls=2 vm_get_light_data_us=8680 vm_set_data_calls=1 vm_set_data_us=7199 vm_set_param2_data_calls=1 vm_set_param2_data_us=7184 vm_set_lighting_calls=1 vm_set_lighting_us=99 vm_calc_lighting_calls=1 vm_calc_lighting_us=3539 vm_set_light_data_calls=1 vm_set_light_data_us=7015 vm_update_liquids_calls=1 vm_update_liquids_us=967
INFO[Emerge-0]: initialEmerge: area: (-128,32,-2688)(-17,143,-2577)=112x112x112=1404928 (5MB)
INFO[Main]: Profiler:
INFO[Main]:   ActiveObjectMgr: SAO count [#] 
INFO[Main]:   Emerge-0: processed [#] _________________________    1x       22
INFO[Main]:   EmergeThread: Lua on_generated [ms] _____________    2x    750.5
INFO[Main]:   EmergeThread: Mapgen::makeChunk [ms] ____________    1x       32
INFO[Main]:   EmergeThread: after Mapgen::makeChunk [ms] ______    2x        1
INFO[Main]:   EmergeThread: load block - async (sum) [ms] 
INFO[Main]:   EmergeThread: update lighting [ms] ______________    5x      2.6
INFO[Main]:   SEnv: modify in blocks avg per interval [ms] 
INFO[Main]:   Server: collisionMoveSimple() [us] 
INFO[Main]:   Server: map saving (sum) [ms] ___________________    1x        8
INFO[Main]:   Server: map timer and unload [ms] 
INFO[Main]:   Server: send SAO messages [ms] 
INFO[Main]:   Server: update objects within range [ms] 
INFO[Main]:   Server::AsyncRunStep() [ms] _____________________   20x      0.4
INFO[Main]:   Server::RunStep() (max) [ms] ____________________    1x       51
INFO[Main]:   Server::SendBlocks(): Collect list [ms] 
INFO[Main]:   Server::SendBlocks(): Send to clients [ms] 
INFO[Main]:   ServerEnv: ABMs run 
INFO[Main]:   ServerEnv: Run SAO::step() [ms] 
INFO[Main]:   ServerEnv: Run node timers [ms] 
INFO[Main]:   ServerEnv: active blocks 
INFO[Main]:   ServerEnv: active blocks cached 
INFO[Main]:   ServerEnv: active blocks scanned for ABMs 
INFO[Main]:   ServerEnv: update active blocks [ms] 
INFO[Main]:   ServerEnv::step() [ms] 
INFO[Main]:   ServerEnvironment::removeRemovedObjects() [ms] 
INFO[Main]:   ServerMap: load block - sync (sum) [ms] _________    1x        1
INFO[Server]: ServerMap: Written: 833 blocks, 3526 blocks in memory.
INFO[Server]: ServerMap: Blocks modified by: 
INFO[Server]:   finishBlockMake: expireIsAir, MMVManip::blitBackAll     1x      193
INFO[Server]:   setGenerated, finishBlockMake: expireIsAir, MMVManip::blitBackAll     1x      150
INFO[Server]:   setIsUnderground ________________________________    1x      245
INFO[Server]:   setIsUnderground, finishBlockMake: expireIsAir, MMVManip::blitBackAll     1x      145
INFO[Server]:   setIsUnderground, setGenerated, finishBlockMake: expireIsAir, MMVManip::blitBackAll     1x      100
ACTION[Emerge-0]: GRUG_WP40_PROFILE_CALLBACK callback=16 minp=-112,48,-2672 maxp=-33,127,-2593 blockseed=4258235189 plan_us=125405 writer_us=128428 total_us=253833 columns=6400 candidate_cells=49 candidates=2606 r5_runs=6400 result=applied_clq vm_get_emerged_area_calls=1 vm_get_emerged_area_us=4 vm_get_data_calls=1 vm_get_data_us=4062 vm_get_param2_data_calls=1 vm_get_param2_data_us=4058 vm_get_light_data_calls=2 vm_get_light_data_us=8647 vm_set_data_calls=1 vm_set_data_us=7473 vm_set_param2_data_calls=0 vm_set_param2_data_us=0 vm_set_lighting_calls=26 vm_set_lighting_us=22 vm_calc_lighting_calls=1 vm_calc_lighting_us=9309 vm_set_light_data_calls=1 vm_set_light_data_us=7291 vm_update_liquids_calls=1 vm_update_liquids_us=886
INFO[Emerge-0]: initialEmerge: area: (-48,32,-2688)(63,143,-2577)=112x112x112=1404928 (5MB)
ACTION[Emerge-0]: GRUG_WP40_PROFILE_CALLBACK callback=17 minp=-32,48,-2672 maxp=47,127,-2593 blockseed=990410997 plan_us=107811 writer_us=72083 total_us=179894 columns=6400 candidate_cells=49 candidates=2336 r5_runs=6400 result=noop_equal_content vm_get_emerged_area_calls=1 vm_get_emerged_area_us=1 vm_get_data_calls=1 vm_get_data_us=3793 vm_get_param2_data_calls=1 vm_get_param2_data_us=3785 vm_get_light_data_calls=0 vm_get_light_data_us=0 vm_set_data_calls=0 vm_set_data_us=0 vm_set_param2_data_calls=0 vm_set_param2_data_us=0 vm_set_lighting_calls=0 vm_set_lighting_us=0 vm_calc_lighting_calls=0 vm_calc_lighting_us=0 vm_set_light_data_calls=0 vm_set_light_data_us=0 vm_update_liquids_calls=0 vm_update_liquids_us=0
INFO[Emerge-0]: initialEmerge: area: (32,32,-2688)(143,143,-2577)=112x112x112=1404928 (5MB)
ACTION[Emerge-0]: GRUG_WP40_PROFILE_CALLBACK callback=18 minp=48,48,-2672 maxp=127,127,-2593 blockseed=2820615925 plan_us=154004 writer_us=70964 total_us=224968 columns=6400 candidate_cells=49 candidates=3302 r5_runs=6400 result=noop_equal_content vm_get_emerged_area_calls=1 vm_get_emerged_area_us=2 vm_get_data_calls=1 vm_get_data_us=4061 vm_get_param2_data_calls=1 vm_get_param2_data_us=4057 vm_get_light_data_calls=0 vm_get_light_data_us=0 vm_set_data_calls=0 vm_set_data_us=0 vm_set_param2_data_calls=0 vm_set_param2_data_us=0 vm_set_lighting_calls=0 vm_set_lighting_us=0 vm_calc_lighting_calls=0 vm_calc_lighting_us=0 vm_set_light_data_calls=0 vm_set_light_data_us=0 vm_update_liquids_calls=0 vm_update_liquids_us=0
INFO[Emerge-0]: initialEmerge: area: (-128,-48,-2608)(-17,63,-2497)=112x112x112=1404928 (5MB)
INFO[Main]: Profiler:
INFO[Main]:   ActiveObjectMgr: SAO count [#] 
INFO[Main]:   Emerge-0: processed [#] _________________________    1x       88
INFO[Main]:   EmergeThread: Lua on_generated [ms] _____________    3x  219.666
INFO[Main]:   EmergeThread: Mapgen::makeChunk [ms] ____________    4x     29.5
INFO[Main]:   EmergeThread: after Mapgen::makeChunk [ms] ______    3x    1.333
INFO[Main]:   EmergeThread: load block - async (sum) [ms] 
INFO[Main]:   EmergeThread: update lighting [ms] ______________   31x    1.451
INFO[Main]:   SEnv: modify in blocks avg per interval [ms] 
INFO[Main]:   Server: collisionMoveSimple() [us] 
INFO[Main]:   Server: map saving (sum) [ms] ___________________    1x       11
INFO[Main]:   Server: map timer and unload [ms] 
INFO[Main]:   Server: send SAO messages [ms] 
INFO[Main]:   Server: update objects within range [ms] 
INFO[Main]:   Server::AsyncRunStep() [ms] _____________________   20x     0.55
INFO[Main]:   Server::RunStep() (max) [ms] ____________________    1x       51
INFO[Main]:   Server::SendBlocks(): Collect list [ms] 
INFO[Main]:   Server::SendBlocks(): Send to clients [ms] 
INFO[Main]:   ServerEnv: ABMs run 
INFO[Main]:   ServerEnv: Run SAO::step() [ms] 
INFO[Main]:   ServerEnv: Run node timers [ms] 
INFO[Main]:   ServerEnv: active blocks 
INFO[Main]:   ServerEnv: active blocks cached 
INFO[Main]:   ServerEnv: active blocks scanned for ABMs 
INFO[Main]:   ServerEnv: update active blocks [ms] 
INFO[Main]:   ServerEnv::step() [ms] 
INFO[Main]:   ServerEnvironment::removeRemovedObjects() [ms] 
INFO[Main]:   ServerMap: load block - sync (sum) [ms] 
INFO[Server]: ServerMap: Written: 1078 blocks, 4121 blocks in memory.
INFO[Server]: ServerMap: Blocks modified by: 
INFO[Server]:   finishBlockMake: expireIsAir, MMVManip::blitBackAll     1x      288
INFO[Server]:   setGenerated, finishBlockMake: expireIsAir, MMVManip::blitBackAll     1x      195
INFO[Server]:   setIsUnderground ________________________________    1x      245
INFO[Server]:   setIsUnderground, finishBlockMake: expireIsAir, MMVManip::blitBackAll     1x      170
INFO[Server]:   setIsUnderground, setGenerated, finishBlockMake: expireIsAir, MMVManip::blitBackAll     1x      180
ACTION[Emerge-0]: GRUG_WP40_PROFILE_CALLBACK callback=19 minp=-112,-32,-2592 maxp=-33,47,-2513 blockseed=475103813 plan_us=342079 writer_us=348670 total_us=690749 columns=6400 candidate_cells=49 candidates=2096 r5_runs=25600 result=applied_cplq vm_get_emerged_area_calls=1 vm_get_emerged_area_us=1 vm_get_data_calls=1 vm_get_data_us=4057 vm_get_param2_data_calls=1 vm_get_param2_data_us=4056 vm_get_light_data_calls=2 vm_get_light_data_us=9872 vm_set_data_calls=1 vm_set_data_us=6941 vm_set_param2_data_calls=1 vm_set_param2_data_us=6822 vm_set_lighting_calls=16 vm_set_lighting_us=109 vm_calc_lighting_calls=1 vm_calc_lighting_us=5011 vm_set_light_data_calls=1 vm_set_light_data_us=6742 vm_update_liquids_calls=1 vm_update_liquids_us=963
INFO[Emerge-0]: initialEmerge: area: (-48,-48,-2608)(63,63,-2497)=112x112x112=1404928 (5MB)
INFO[Main]: Profiler:
INFO[Main]:   ActiveObjectMgr: SAO count [#] 
INFO[Main]:   Emerge-0: processed [#] _________________________    1x        2
INFO[Main]:   EmergeThread: Lua on_generated [ms] _____________    1x      691
INFO[Main]:   EmergeThread: Mapgen::makeChunk [ms] ____________    1x       32
INFO[Main]:   EmergeThread: after Mapgen::makeChunk [ms] ______    1x        1
INFO[Main]:   EmergeThread: load block - async (sum) [ms] 
INFO[Main]:   EmergeThread: update lighting [ms] ______________   18x    0.666
INFO[Main]:   SEnv: modify in blocks avg per interval [ms] 
INFO[Main]:   Server: collisionMoveSimple() [us] 
INFO[Main]:   Server: map saving (sum) [ms] ___________________    1x       11
INFO[Main]:   Server: map timer and unload [ms] 
INFO[Main]:   Server: send SAO messages [ms] 
INFO[Main]:   Server: update objects within range [ms] 
INFO[Main]:   Server::AsyncRunStep() [ms] _____________________   20x      0.6
INFO[Main]:   Server::RunStep() (max) [ms] ____________________    1x       51
INFO[Main]:   Server::SendBlocks(): Collect list [ms] 
INFO[Main]:   Server::SendBlocks(): Send to clients [ms] 
INFO[Main]:   ServerEnv: ABMs run 
INFO[Main]:   ServerEnv: Run SAO::step() [ms] 
INFO[Main]:   ServerEnv: Run node timers [ms] 
INFO[Main]:   ServerEnv: active blocks 
INFO[Main]:   ServerEnv: active blocks cached 
INFO[Main]:   ServerEnv: active blocks scanned for ABMs 
INFO[Main]:   ServerEnv: update active blocks [ms] 
INFO[Main]:   ServerEnv::step() [ms] __________________________   20x     0.05
INFO[Main]:   ServerEnvironment::removeRemovedObjects() [ms] 
INFO[Main]:   ServerMap: load block - sync (sum) [ms] 
INFO[Server]: ServerMap: Written: 518 blocks, 4296 blocks in memory.
INFO[Server]: ServerMap: Blocks modified by: 
INFO[Server]:   finishBlockMake: expireIsAir, MMVManip::blitBackAll     1x      218
INFO[Server]:   setGenerated, finishBlockMake: expireIsAir, MMVManip::blitBackAll     1x      125
INFO[Server]:   setIsUnderground ________________________________    1x      175
ACTION[Emerge-0]: GRUG_WP40_PROFILE_CALLBACK callback=20 minp=-32,-32,-2592 maxp=47,47,-2513 blockseed=3224694757 plan_us=191323 writer_us=436880 total_us=628203 columns=6400 candidate_cells=49 candidates=0 r5_runs=25600 result=applied_cplq vm_get_emerged_area_calls=1 vm_get_emerged_area_us=2 vm_get_data_calls=1 vm_get_data_us=4054 vm_get_param2_data_calls=1 vm_get_param2_data_us=3984 vm_get_light_data_calls=2 vm_get_light_data_us=8659 vm_set_data_calls=1 vm_set_data_us=7203 vm_set_param2_data_calls=1 vm_set_param2_data_us=7103 vm_set_lighting_calls=16 vm_set_lighting_us=137 vm_calc_lighting_calls=1 vm_calc_lighting_us=6823 vm_set_light_data_calls=1 vm_set_light_data_us=7050 vm_update_liquids_calls=1 vm_update_liquids_us=954
INFO[Emerge-0]: initialEmerge: area: (32,-48,-2608)(143,63,-2497)=112x112x112=1404928 (5MB)
ACTION[Emerge-0]: GRUG_WP40_PROFILE_CALLBACK callback=21 minp=48,-32,-2592 maxp=127,47,-2513 blockseed=368324113 plan_us=312161 writer_us=381100 total_us=693261 columns=6400 candidate_cells=49 candidates=2605 r5_runs=25520 result=applied_cplq vm_get_emerged_area_calls=1 vm_get_emerged_area_us=2 vm_get_data_calls=1 vm_get_data_us=4066 vm_get_param2_data_calls=1 vm_get_param2_data_us=4056 vm_get_light_data_calls=2 vm_get_light_data_us=8094 vm_set_data_calls=1 vm_set_data_us=7204 vm_set_param2_data_calls=1 vm_set_param2_data_us=7088 vm_set_lighting_calls=16 vm_set_lighting_us=117 vm_calc_lighting_calls=1 vm_calc_lighting_us=4762 vm_set_light_data_calls=1 vm_set_light_data_us=7044 vm_update_liquids_calls=1 vm_update_liquids_us=965
INFO[Emerge-0]: initialEmerge: area: (-128,32,-2608)(-17,143,-2497)=112x112x112=1404928 (5MB)
INFO[Main]: Profiler:
INFO[Main]:   ActiveObjectMgr: SAO count [#] 
INFO[Main]:   Emerge-0: processed [#] _________________________    1x       22
INFO[Main]:   EmergeThread: Lua on_generated [ms] _____________    2x    660.5
INFO[Main]:   EmergeThread: Mapgen::makeChunk [ms] ____________    2x     29.5
INFO[Main]:   EmergeThread: after Mapgen::makeChunk [ms] ______    2x        1
INFO[Main]:   EmergeThread: load block - async (sum) [ms] 
INFO[Main]:   EmergeThread: update lighting [ms] ______________   36x    0.833
INFO[Main]:   SEnv: modify in blocks avg per interval [ms] 
INFO[Main]:   Server: collisionMoveSimple() [us] 
INFO[Main]:   Server: map saving (sum) [ms] ___________________    1x        7
INFO[Main]:   Server: map timer and unload [ms] _______________    1x        1
INFO[Main]:   Server: send SAO messages [ms] 
INFO[Main]:   Server: update objects within range [ms] 
INFO[Main]:   Server::AsyncRunStep() [ms] _____________________   20x      0.4
INFO[Main]:   Server::RunStep() (max) [ms] ____________________    1x       51
INFO[Main]:   Server::SendBlocks(): Collect list [ms] 
INFO[Main]:   Server::SendBlocks(): Send to clients [ms] 
INFO[Main]:   ServerEnv: ABMs run 
INFO[Main]:   ServerEnv: Run SAO::step() [ms] 
INFO[Main]:   ServerEnv: Run node timers [ms] 
INFO[Main]:   ServerEnv: active blocks 
INFO[Main]:   ServerEnv: active blocks cached 
INFO[Main]:   ServerEnv: active blocks scanned for ABMs 
INFO[Main]:   ServerEnv: update active blocks [ms] 
INFO[Main]:   ServerEnv::step() [ms] 
INFO[Main]:   ServerEnvironment::removeRemovedObjects() [ms] 
INFO[Main]:   ServerMap: load block - sync (sum) [ms] 
INFO[Server]: ServerMap: Written: 763 blocks, 4646 blocks in memory.
INFO[Server]: ServerMap: Blocks modified by: 
INFO[Server]:   finishBlockMake: expireIsAir, MMVManip::blitBackAll     1x      243
INFO[Server]:   setGenerated, finishBlockMake: expireIsAir, MMVManip::blitBackAll     1x      170
INFO[Server]:   setIsUnderground ________________________________    1x      175
INFO[Server]:   setIsUnderground, finishBlockMake: expireIsAir, MMVManip::blitBackAll     1x       95
INFO[Server]:   setIsUnderground, setGenerated, finishBlockMake: expireIsAir, MMVManip::blitBackAll     1x       80
ACTION[Emerge-0]: GRUG_WP40_PROFILE_CALLBACK callback=22 minp=-112,48,-2592 maxp=-33,127,-2513 blockseed=3885852267 plan_us=113386 writer_us=70458 total_us=183844 columns=6400 candidate_cells=49 candidates=2096 r5_runs=6400 result=noop_equal_content vm_get_emerged_area_calls=1 vm_get_emerged_area_us=2 vm_get_data_calls=1 vm_get_data_us=3872 vm_get_param2_data_calls=1 vm_get_param2_data_us=3795 vm_get_light_data_calls=0 vm_get_light_data_us=0 vm_set_data_calls=0 vm_set_data_us=0 vm_set_param2_data_calls=0 vm_set_param2_data_us=0 vm_set_lighting_calls=0 vm_set_lighting_us=0 vm_calc_lighting_calls=0 vm_calc_lighting_us=0 vm_set_light_data_calls=0 vm_set_light_data_us=0 vm_update_liquids_calls=0 vm_update_liquids_us=0
INFO[Emerge-0]: initialEmerge: area: (-48,32,-2608)(63,143,-2497)=112x112x112=1404928 (5MB)
ACTION[Emerge-0]: GRUG_WP40_PROFILE_CALLBACK callback=23 minp=-32,48,-2592 maxp=47,127,-2513 blockseed=2691073099 plan_us=37753 writer_us=70856 total_us=108609 columns=6400 candidate_cells=49 candidates=0 r5_runs=6400 result=noop_equal_content vm_get_emerged_area_calls=1 vm_get_emerged_area_us=1 vm_get_data_calls=1 vm_get_data_us=4095 vm_get_param2_data_calls=1 vm_get_param2_data_us=4057 vm_get_light_data_calls=0 vm_get_light_data_us=0 vm_set_data_calls=0 vm_set_data_us=0 vm_set_param2_data_calls=0 vm_set_param2_data_us=0 vm_set_lighting_calls=0 vm_set_lighting_us=0 vm_calc_lighting_calls=0 vm_calc_lighting_us=0 vm_set_light_data_calls=0 vm_set_light_data_us=0 vm_update_liquids_calls=0 vm_update_liquids_us=0
INFO[Emerge-0]: initialEmerge: area: (32,32,-2608)(143,143,-2497)=112x112x112=1404928 (5MB)
ACTION[Emerge-0]: GRUG_WP40_PROFILE_CALLBACK callback=24 minp=48,48,-2592 maxp=127,127,-2513 blockseed=2356093993 plan_us=140019 writer_us=72405 total_us=212424 columns=6400 candidate_cells=49 candidates=2605 r5_runs=6400 result=noop_equal_content vm_get_emerged_area_calls=1 vm_get_emerged_area_us=2 vm_get_data_calls=1 vm_get_data_us=4057 vm_get_param2_data_calls=1 vm_get_param2_data_us=4234 vm_get_light_data_calls=0 vm_get_light_data_us=0 vm_set_data_calls=0 vm_set_data_us=0 vm_set_param2_data_calls=0 vm_set_param2_data_us=0 vm_set_lighting_calls=0 vm_set_lighting_us=0 vm_calc_lighting_calls=0 vm_calc_lighting_us=0 vm_set_light_data_calls=0 vm_set_light_data_us=0 vm_update_liquids_calls=0 vm_update_liquids_us=0
INFO[Emerge-0]: initialEmerge: area: (-128,-48,-2528)(-17,63,-2417)=112x112x112=1404928 (5MB)
INFO[Main]: Profiler:
INFO[Main]:   ActiveObjectMgr: SAO count [#] 
INFO[Main]:   Emerge-0: processed [#] _________________________    1x      256
INFO[Main]:   EmergeThread: Lua on_generated [ms] _____________    3x  168.333
INFO[Main]:   EmergeThread: Mapgen::makeChunk [ms] ____________    3x       30
INFO[Main]:   EmergeThread: after Mapgen::makeChunk [ms] ______    3x    1.666
INFO[Main]:   EmergeThread: load block - async (sum) [ms] 
INFO[Main]:   EmergeThread: update lighting [ms] ______________    3x   11.333
INFO[Main]:   SEnv: modify in blocks avg per interval [ms] 
INFO[Main]:   Server: collisionMoveSimple() [us] 
INFO[Main]:   Server: map saving (sum) [ms] ___________________    1x       11
INFO[Main]:   Server: map timer and unload [ms] 
INFO[Main]:   Server: send SAO messages [ms] 
INFO[Main]:   Server: update objects within range [ms] 
INFO[Main]:   Server::AsyncRunStep() [ms] _____________________   20x     0.55
INFO[Main]:   Server::RunStep() (max) [ms] ____________________    1x       51
INFO[Main]:   Server::SendBlocks(): Collect list [ms] 
INFO[Main]:   Server::SendBlocks(): Send to clients [ms] 
INFO[Main]:   ServerEnv: ABMs run 
INFO[Main]:   ServerEnv: Run SAO::step() [ms] 
INFO[Main]:   ServerEnv: Run node timers [ms] 
INFO[Main]:   ServerEnv: active blocks 
INFO[Main]:   ServerEnv: active blocks cached 
INFO[Main]:   ServerEnv: active blocks scanned for ABMs 
INFO[Main]:   ServerEnv: update active blocks [ms] 
INFO[Main]:   ServerEnv::step() [ms] 
INFO[Main]:   ServerEnvironment::removeRemovedObjects() [ms] 
INFO[Main]:   ServerMap: load block - sync (sum) [ms] _________    1x        1
INFO[Server]: ServerMap: Written: 1078 blocks, 5141 blocks in memory.
INFO[Server]: ServerMap: Blocks modified by: 
INFO[Server]:   finishBlockMake: expireIsAir, MMVManip::blitBackAll     1x      352
INFO[Server]:   setGenerated, finishBlockMake: expireIsAir, MMVManip::blitBackAll     1x      231
INFO[Server]:   setIsUnderground ________________________________    1x      245
INFO[Server]:   setIsUnderground, finishBlockMake: expireIsAir, MMVManip::blitBackAll     1x      106
INFO[Server]:   setIsUnderground, setGenerated, finishBlockMake: expireIsAir, MMVManip::blitBackAll     1x      144
ACTION[Emerge-0]: GRUG_WP40_PROFILE_CALLBACK callback=25 minp=-112,-32,-2512 maxp=-33,47,-2433 blockseed=2192713993 plan_us=384913 writer_us=355226 total_us=740139 columns=6400 candidate_cells=49 candidates=3032 r5_runs=25600 result=applied_cplq vm_get_emerged_area_calls=1 vm_get_emerged_area_us=3 vm_get_data_calls=1 vm_get_data_us=4053 vm_get_param2_data_calls=1 vm_get_param2_data_us=4069 vm_get_light_data_calls=2 vm_get_light_data_us=8099 vm_set_data_calls=1 vm_set_data_us=6938 vm_set_param2_data_calls=1 vm_set_param2_data_us=6821 vm_set_lighting_calls=16 vm_set_lighting_us=125 vm_calc_lighting_calls=1 vm_calc_lighting_us=4894 vm_set_light_data_calls=1 vm_set_light_data_us=7023 vm_update_liquids_calls=1 vm_update_liquids_us=957
INFO[Emerge-0]: initialEmerge: area: (-48,-48,-2528)(63,63,-2417)=112x112x112=1404928 (5MB)
ACTION[Emerge-0]: GRUG_WP40_PROFILE_CALLBACK callback=26 minp=-32,-32,-2512 maxp=47,47,-2433 blockseed=1686908169 plan_us=252120 writer_us=354797 total_us=606917 columns=6400 candidate_cells=49 candidates=829 r5_runs=25650 result=applied_cplq vm_get_emerged_area_calls=1 vm_get_emerged_area_us=2 vm_get_data_calls=1 vm_get_data_us=4057 vm_get_param2_data_calls=1 vm_get_param2_data_us=4065 vm_get_light_data_calls=2 vm_get_light_data_us=8576 vm_set_data_calls=1 vm_set_data_us=6933 vm_set_param2_data_calls=1 vm_set_param2_data_us=6822 vm_set_lighting_calls=16 vm_set_lighting_us=124 vm_calc_lighting_calls=1 vm_calc_lighting_us=6036 vm_set_light_data_calls=1 vm_set_light_data_us=7141 vm_update_liquids_calls=1 vm_update_liquids_us=985
INFO[Emerge-0]: initialEmerge: area: (32,-48,-2528)(143,63,-2417)=112x112x112=1404928 (5MB)
INFO[Main]: Profiler:
INFO[Main]:   ActiveObjectMgr: SAO count [#] 
INFO[Main]:   Emerge-0: processed [#] _________________________    1x        7
INFO[Main]:   EmergeThread: Lua on_generated [ms] _____________    2x    673.5
INFO[Main]:   EmergeThread: Mapgen::makeChunk [ms] ____________    2x       32
INFO[Main]:   EmergeThread: after Mapgen::makeChunk [ms] ______    2x        1
INFO[Main]:   EmergeThread: load block - async (sum) [ms] 
INFO[Main]:   EmergeThread: update lighting [ms] ______________   36x    0.666
INFO[Main]:   SEnv: modify in blocks avg per interval [ms] 
INFO[Main]:   Server: collisionMoveSimple() [us] 
INFO[Main]:   Server: map saving (sum) [ms] ___________________    1x       12
INFO[Main]:   Server: map timer and unload [ms] 
INFO[Main]:   Server: send SAO messages [ms] 
INFO[Main]:   Server: update objects within range [ms] 
INFO[Main]:   Server::AsyncRunStep() [ms] _____________________   20x      0.6
INFO[Main]:   Server::RunStep() (max) [ms] ____________________    1x       51
INFO[Main]:   Server::SendBlocks(): Collect list [ms] 
INFO[Main]:   Server::SendBlocks(): Send to clients [ms] 
INFO[Main]:   ServerEnv: ABMs run 
INFO[Main]:   ServerEnv: Run SAO::step() [ms] 
INFO[Main]:   ServerEnv: Run node timers [ms] 
INFO[Main]:   ServerEnv: active blocks 
INFO[Main]:   ServerEnv: active blocks cached 
INFO[Main]:   ServerEnv: active blocks scanned for ABMs 
INFO[Main]:   ServerEnv: update active blocks [ms] 
INFO[Main]:   ServerEnv::step() [ms] 
INFO[Main]:   ServerEnvironment::removeRemovedObjects() [ms] 
INFO[Main]:   ServerMap: load block - sync (sum) [ms] _________    1x        2
INFO[Server]: ServerMap: Written: 763 blocks, 5491 blocks in memory.
INFO[Server]: ServerMap: Blocks modified by: 
INFO[Server]:   finishBlockMake: expireIsAir, MMVManip::blitBackAll     1x      241
INFO[Server]:   setGenerated, finishBlockMake: expireIsAir, MMVManip::blitBackAll     1x      168
INFO[Server]:   setGenerated, setNode, finishBlockMake: expireIsAir, MMVManip::blitBackAll     1x        2
INFO[Server]:   setIsUnderground ________________________________    1x      175
INFO[Server]:   setIsUnderground, finishBlockMake: expireIsAir, MMVManip::blitBackAll     1x       95
INFO[Server]:   setIsUnderground, setGenerated, finishBlockMake: expireIsAir, MMVManip::blitBackAll     1x       76
INFO[Server]:   setIsUnderground, setGenerated, setNode, finishBlockMake: expireIsAir, MMVManip::blitBackAll     1x        4
INFO[Server]:   setNode, finishBlockMake: expireIsAir, MMVManip::blitBackAll     1x        2
ACTION[Emerge-0]: GRUG_WP40_PROFILE_CALLBACK callback=27 minp=48,-32,-2512 maxp=127,47,-2433 blockseed=4087230729 plan_us=258808 writer_us=315624 total_us=574432 columns=6400 candidate_cells=49 candidates=1422 r5_runs=25662 result=applied_cplq vm_get_emerged_area_calls=1 vm_get_emerged_area_us=2 vm_get_data_calls=1 vm_get_data_us=4056 vm_get_param2_data_calls=1 vm_get_param2_data_us=4055 vm_get_light_data_calls=2 vm_get_light_data_us=8655 vm_set_data_calls=1 vm_set_data_us=7208 vm_set_param2_data_calls=1 vm_set_param2_data_us=7116 vm_set_lighting_calls=16 vm_set_lighting_us=113 vm_calc_lighting_calls=1 vm_calc_lighting_us=5377 vm_set_light_data_calls=1 vm_set_light_data_us=7010 vm_update_liquids_calls=1 vm_update_liquids_us=962
INFO[Emerge-0]: initialEmerge: area: (-128,32,-2528)(-17,143,-2417)=112x112x112=1404928 (5MB)
ACTION[Emerge-0]: GRUG_WP40_PROFILE_CALLBACK callback=28 minp=-112,48,-2512 maxp=-33,127,-2433 blockseed=1951303897 plan_us=139783 writer_us=129742 total_us=269525 columns=6400 candidate_cells=49 candidates=3032 r5_runs=6400 result=applied_clq vm_get_emerged_area_calls=1 vm_get_emerged_area_us=2 vm_get_data_calls=1 vm_get_data_us=4094 vm_get_param2_data_calls=1 vm_get_param2_data_us=4056 vm_get_light_data_calls=2 vm_get_light_data_us=8108 vm_set_data_calls=1 vm_set_data_us=7194 vm_set_param2_data_calls=0 vm_set_param2_data_us=0 vm_set_lighting_calls=38 vm_set_lighting_us=26 vm_calc_lighting_calls=1 vm_calc_lighting_us=11714 vm_set_light_data_calls=1 vm_set_light_data_us=6753 vm_update_liquids_calls=1 vm_update_liquids_us=891
INFO[Emerge-0]: initialEmerge: area: (-48,32,-2528)(63,143,-2417)=112x112x112=1404928 (5MB)
INFO[Main]: Profiler:
INFO[Main]:   ActiveObjectMgr: SAO count [#] 
INFO[Main]:   Emerge-0: processed [#] _________________________    1x       19
INFO[Main]:   EmergeThread: Lua on_generated [ms] _____________    2x    422.5
INFO[Main]:   EmergeThread: Mapgen::makeChunk [ms] ____________    2x     37.5
INFO[Main]:   EmergeThread: after Mapgen::makeChunk [ms] ______    2x        1
INFO[Main]:   EmergeThread: load block - async (sum) [ms] 
INFO[Main]:   EmergeThread: update lighting [ms] ______________   58x    0.741
INFO[Main]:   SEnv: modify in blocks avg per interval [ms] 
INFO[Main]:   Server: collisionMoveSimple() [us] 
INFO[Main]:   Server: map saving (sum) [ms] ___________________    1x       14
INFO[Main]:   Server: map timer and unload [ms] 
INFO[Main]:   Server: send SAO messages [ms] 
INFO[Main]:   Server: update objects within range [ms] 
INFO[Main]:   Server::AsyncRunStep() [ms] _____________________   20x     0.75
INFO[Main]:   Server::RunStep() (max) [ms] ____________________    1x       51
INFO[Main]:   Server::SendBlocks(): Collect list [ms] 
INFO[Main]:   Server::SendBlocks(): Send to clients [ms] 
INFO[Main]:   ServerEnv: ABMs run 
INFO[Main]:   ServerEnv: Run SAO::step() [ms] 
INFO[Main]:   ServerEnv: Run node timers [ms] 
INFO[Main]:   ServerEnv: active blocks 
INFO[Main]:   ServerEnv: active blocks cached 
INFO[Main]:   ServerEnv: active blocks scanned for ABMs 
INFO[Main]:   ServerEnv: update active blocks [ms] 
INFO[Main]:   ServerEnv::step() [ms] __________________________   20x     0.05
INFO[Main]:   ServerEnvironment::removeRemovedObjects() [ms] 
INFO[Main]:   ServerMap: load block - sync (sum) [ms] 
INFO[Server]: ServerMap: Written: 811 blocks, 5791 blocks in memory.
INFO[Server]: ServerMap: Blocks modified by: 
INFO[Server]:   finishBlockMake: expireIsAir, MMVManip::blitBackAll     1x      341
INFO[Server]:   setGenerated, finishBlockMake: expireIsAir, MMVManip::blitBackAll     1x      170
INFO[Server]:   setIsUnderground ________________________________    1x      125
INFO[Server]:   setIsUnderground, finishBlockMake: expireIsAir, MMVManip::blitBackAll     1x       95
INFO[Server]:   setIsUnderground, setGenerated, finishBlockMake: expireIsAir, MMVManip::blitBackAll     1x       80
ACTION[Emerge-0]: GRUG_WP40_PROFILE_CALLBACK callback=29 minp=-32,48,-2512 maxp=47,127,-2433 blockseed=2708915929 plan_us=83928 writer_us=177942 total_us=261870 columns=6400 candidate_cells=49 candidates=829 r5_runs=6400 result=applied_clq vm_get_emerged_area_calls=1 vm_get_emerged_area_us=2 vm_get_data_calls=1 vm_get_data_us=4061 vm_get_param2_data_calls=1 vm_get_param2_data_us=4077 vm_get_light_data_calls=2 vm_get_light_data_us=8117 vm_set_data_calls=1 vm_set_data_us=7210 vm_set_param2_data_calls=0 vm_set_param2_data_us=0 vm_set_lighting_calls=93 vm_set_lighting_us=120 vm_calc_lighting_calls=1 vm_calc_lighting_us=13920 vm_set_light_data_calls=1 vm_set_light_data_us=7295 vm_update_liquids_calls=1 vm_update_liquids_us=888
INFO[Emerge-0]: initialEmerge: area: (32,32,-2528)(143,143,-2417)=112x112x112=1404928 (5MB)
ACTION[Emerge-0]: GRUG_WP40_PROFILE_CALLBACK callback=30 minp=48,48,-2512 maxp=127,127,-2433 blockseed=3288773337 plan_us=103033 writer_us=71908 total_us=174941 columns=6400 candidate_cells=49 candidates=1422 r5_runs=6400 result=noop_equal_content vm_get_emerged_area_calls=1 vm_get_emerged_area_us=2 vm_get_data_calls=1 vm_get_data_us=4243 vm_get_param2_data_calls=1 vm_get_param2_data_us=4057 vm_get_light_data_calls=0 vm_get_light_data_us=0 vm_set_data_calls=0 vm_set_data_us=0 vm_set_param2_data_calls=0 vm_set_param2_data_us=0 vm_set_lighting_calls=0 vm_set_lighting_us=0 vm_calc_lighting_calls=0 vm_calc_lighting_us=0 vm_set_light_data_calls=0 vm_set_light_data_us=0 vm_update_liquids_calls=0 vm_update_liquids_us=0
ACTION[Emerge-0]: [grug_core] start area ready: human (2/6, 30.3 s)
ACTION[Emerge-0]: GRUG_WP40_PROFILE_PROBE phase=cold event=emerge case=pine_hearthpine_center mapchunk=-1872,-32,-2592 elapsed_us=30315137 generated=1 disk=0 memory=124 cancelled=0 errored=0
INFO[Emerge-0]: initialEmerge: area: (1712,-48,-2688)(1823,63,-2577)=112x112x112=1404928 (5MB)
ACTION[Server]: [grug_mobs] start npcs dawnmere: grug_mobs:guard_accord placed at socket gate_west (-4,26,-2493)
ACTION[Server]: [grug_mobs] start npcs dawnmere: grug_mobs:guard_accord placed at socket gate_east (4,26,-2493)
ACTION[Server]: [grug_mobs] start npcs dawnmere: grug_mobs:guard_accord placed at socket watch_gate (0,26,-2498)
ACTION[Server]: [grug_mobs] start npcs dawnmere: grug_traders:vendor_race_human placed at socket green_vendor (6,26,-2554)
ACTION[Server]: [grug_mobs] start npcs dawnmere: grug_mobs:villager_human placed at socket idle_cottage_door (10,26,-2566)
ACTION[Server]: [grug_mobs] start npcs dawnmere: grug_mobs:villager_human placed at socket idle_green_bench (-6,26,-2543)
ACTION[Server]: [grug_mobs] start npcs dawnmere: grug_mobs:villager_human placed at socket idle_barn (-19,26,-2550)
ACTION[Server]: [grug_mobs] start npcs dawnmere: grug_mobs:villager_human placed at socket idle_smithy (22,26,-2551)
ACTION[Server]: [grug_mobs] start npcs dawnmere: grug_mobs:villager_human placed at socket work_field (18,26,-2519)
ACTION[Server]: [grug_mobs] start npcs dawnmere: grug_mobs:villager_human placed at socket work_green_seat (-5,26,-2535)
ACTION[Server]: [grug_mobs] start npcs dawnmere: grug_mobs:elder_human placed at socket hall_quest (-11,26,-2542)
ACTION[Server]: [grug_mobs] start npcs dawnmere: grug_mobs:villager_human placed at socket trainer_cooking (2,26,-2540)
ACTION[Server]: [grug_mobs] start npcs human dawnmere: guards 3/3 flair 7/7 vendor 1/1 quest 1/1 royal 0/0 new 12 pending 0 spare 3 residents 6 walkers 1
INFO[Main]: Profiler:
INFO[Main]:   ActiveObjectMgr: SAO count [#] __________________   20x    20.25
INFO[Main]:   Emerge-0: processed [#] _________________________    1x      161
INFO[Main]:   EmergeThread: Lua on_generated [ms] _____________    2x    218.5
INFO[Main]:   EmergeThread: Mapgen::makeChunk [ms] ____________    2x       30
INFO[Main]:   EmergeThread: after Mapgen::makeChunk [ms] ______    2x        1
INFO[Main]:   EmergeThread: load block - async (sum) [ms] 
INFO[Main]:   EmergeThread: update lighting [ms] ______________   96x    0.333
INFO[Main]:   SEnv: modify in blocks avg per interval [ms] 
INFO[Main]:   Server: collisionMoveSimple() [us] ______________  180x    1.888
INFO[Main]:   Server: map saving (sum) [ms] ___________________    1x       10
INFO[Main]:   Server: map timer and unload [ms] 
INFO[Main]:   Server: send SAO messages [ms] 
INFO[Main]:   Server: update objects within range [ms] 
INFO[Main]:   Server::AsyncRunStep() [ms] _____________________   20x     0.85
INFO[Main]:   Server::RunStep() (max) [ms] ____________________    1x       51
INFO[Main]:   Server::SendBlocks(): Collect list [ms] 
INFO[Main]:   Server::SendBlocks(): Send to clients [ms] 
INFO[Main]:   ServerEnv: ABMs run 
INFO[Main]:   ServerEnv: Run SAO::step() [ms] _________________   20x     0.15
INFO[Main]:   ServerEnv: Run node timers [ms] 
INFO[Main]:   ServerEnv: active blocks 
INFO[Main]:   ServerEnv: active blocks cached 
INFO[Main]:   ServerEnv: active blocks scanned for ABMs 
INFO[Main]:   ServerEnv: update active blocks [ms] 
INFO[Main]:   ServerEnv::step() [ms] __________________________   20x     0.35
INFO[Main]:   ServerEnvironment::removeRemovedObjects() [ms] 
INFO[Main]:   ServerMap: load block - sync (sum) [ms] _________    1x        1
INFO[Server]: ServerMap: Written: 941 blocks, 6259 blocks in memory.
INFO[Server]: ServerMap: Blocks modified by: 
INFO[Server]:   addActiveObjectRaw ______________________________    1x       10
INFO[Server]:   finishBlockMake: expireIsAir, MMVManip::blitBackAll     1x      277
INFO[Server]:   setGenerated, finishBlockMake: expireIsAir, MMVManip::blitBackAll     1x      186
INFO[Server]:   setIsUnderground ________________________________    1x      343
INFO[Server]:   setIsUnderground, finishBlockMake: expireIsAir, MMVManip::blitBackAll     1x       61
INFO[Server]:   setIsUnderground, setGenerated, finishBlockMake: expireIsAir, MMVManip::blitBackAll     1x       64
ACTION[Emerge-0]: GRUG_WP40_PROFILE_CALLBACK callback=31 minp=1728,-32,-2672 maxp=1807,47,-2593 blockseed=3617476515 plan_us=454387 writer_us=356272 total_us=810659 columns=6400 candidate_cells=49 candidates=579 r5_runs=25600 result=applied_cplq vm_get_emerged_area_calls=1 vm_get_emerged_area_us=2 vm_get_data_calls=1 vm_get_data_us=4055 vm_get_param2_data_calls=1 vm_get_param2_data_us=4054 vm_get_light_data_calls=2 vm_get_light_data_us=7837 vm_set_data_calls=1 vm_set_data_us=7201 vm_set_param2_data_calls=1 vm_set_param2_data_us=7279 vm_set_lighting_calls=1 vm_set_lighting_us=126 vm_calc_lighting_calls=1 vm_calc_lighting_us=3832 vm_set_light_data_calls=1 vm_set_light_data_us=7158 vm_update_liquids_calls=1 vm_update_liquids_us=951
INFO[Emerge-0]: initialEmerge: area: (1792,-48,-2688)(1903,63,-2577)=112x112x112=1404928 (5MB)
ACTION[Emerge-0]: GRUG_WP40_PROFILE_CALLBACK callback=32 minp=1808,-32,-2672 maxp=1887,47,-2593 blockseed=3311722211 plan_us=347332 writer_us=309392 total_us=656724 columns=6400 candidate_cells=49 candidates=631 r5_runs=25600 result=applied_cplq vm_get_emerged_area_calls=1 vm_get_emerged_area_us=2 vm_get_data_calls=1 vm_get_data_us=4053 vm_get_param2_data_calls=1 vm_get_param2_data_us=4203 vm_get_light_data_calls=2 vm_get_light_data_us=8074 vm_set_data_calls=1 vm_set_data_us=7216 vm_set_param2_data_calls=1 vm_set_param2_data_us=7101 vm_set_lighting_calls=1 vm_set_lighting_us=120 vm_calc_lighting_calls=1 vm_calc_lighting_us=4241 vm_set_light_data_calls=1 vm_set_light_data_us=7020 vm_update_liquids_calls=1 vm_update_liquids_us=974
INFO[Emerge-0]: initialEmerge: area: (1712,32,-2688)(1823,143,-2577)=112x112x112=1404928 (5MB)
INFO[Main]: Profiler:
INFO[Main]:   ActiveObjectMgr: SAO count [#] __________________   20x       27
INFO[Main]:   Emerge-0: processed [#] _________________________    1x       36
INFO[Main]:   EmergeThread: Lua on_generated [ms] _____________    2x    733.5
INFO[Main]:   EmergeThread: Mapgen::makeChunk [ms] ____________    2x     33.5
INFO[Main]:   EmergeThread: after Mapgen::makeChunk [ms] ______    2x      0.5
INFO[Main]:   EmergeThread: load block - async (sum) [ms] 
INFO[Main]:   EmergeThread: update lighting [ms] ______________    6x        4
INFO[Main]:   SEnv: modify in blocks avg per interval [ms] 
INFO[Main]:   Server: collisionMoveSimple() [us] ______________  240x    2.358
INFO[Main]:   Server: map saving (sum) [ms] ___________________    1x       11
INFO[Main]:   Server: map timer and unload [ms] 
INFO[Main]:   Server: send SAO messages [ms] 
INFO[Main]:   Server: update objects within range [ms] 
INFO[Main]:   Server::AsyncRunStep() [ms] _____________________   20x     0.85
INFO[Main]:   Server::RunStep() (max) [ms] ____________________    1x       51
INFO[Main]:   Server::SendBlocks(): Collect list [ms] 
INFO[Main]:   Server::SendBlocks(): Send to clients [ms] 
INFO[Main]:   ServerEnv: ABMs run 
INFO[Main]:   ServerEnv: Run SAO::step() [ms] _________________   20x      0.3
INFO[Main]:   ServerEnv: Run node timers [ms] 
INFO[Main]:   ServerEnv: active blocks 
INFO[Main]:   ServerEnv: active blocks cached 
INFO[Main]:   ServerEnv: active blocks scanned for ABMs 
INFO[Main]:   ServerEnv: update active blocks [ms] 
INFO[Main]:   ServerEnv::step() [ms] __________________________   20x      0.3
INFO[Main]:   ServerEnvironment::removeRemovedObjects() [ms] 
INFO[Main]:   ServerMap: load block - sync (sum) [ms] _________    1x        2
INFO[Server]: ServerMap: Written: 843 blocks, 6749 blocks in memory.
INFO[Server]: ServerMap: Blocks modified by: 
INFO[Server]:   deactivateFarObjects: static data changed _______    1x       10
INFO[Server]:   finishBlockMake: expireIsAir, MMVManip::blitBackAll     1x      193
INFO[Server]:   setGenerated, finishBlockMake: expireIsAir, MMVManip::blitBackAll     1x      150
INFO[Server]:   setIsUnderground ________________________________    1x      245
INFO[Server]:   setIsUnderground, finishBlockMake: expireIsAir, MMVManip::blitBackAll     1x      145
INFO[Server]:   setIsUnderground, setGenerated, finishBlockMake: expireIsAir, MMVManip::blitBackAll     1x      100
ACTION[Emerge-0]: GRUG_WP40_PROFILE_CALLBACK callback=33 minp=1728,48,-2672 maxp=1807,127,-2593 blockseed=3618416889 plan_us=121482 writer_us=143776 total_us=265258 columns=6400 candidate_cells=49 candidates=579 r5_runs=6400 result=applied_clq vm_get_emerged_area_calls=1 vm_get_emerged_area_us=2 vm_get_data_calls=1 vm_get_data_us=4055 vm_get_param2_data_calls=1 vm_get_param2_data_us=4055 vm_get_light_data_calls=2 vm_get_light_data_us=8111 vm_set_data_calls=1 vm_set_data_us=7200 vm_set_param2_data_calls=0 vm_set_param2_data_us=0 vm_set_lighting_calls=81 vm_set_lighting_us=76 vm_calc_lighting_calls=1 vm_calc_lighting_us=9431 vm_set_light_data_calls=1 vm_set_light_data_us=7010 vm_update_liquids_calls=1 vm_update_liquids_us=897
INFO[Emerge-0]: initialEmerge: area: (1792,32,-2688)(1903,143,-2577)=112x112x112=1404928 (5MB)
ACTION[Emerge-0]: GRUG_WP40_PROFILE_CALLBACK callback=34 minp=1808,48,-2672 maxp=1887,127,-2593 blockseed=363528953 plan_us=108944 writer_us=71864 total_us=180808 columns=6400 candidate_cells=49 candidates=631 r5_runs=6400 result=noop_equal_content vm_get_emerged_area_calls=1 vm_get_emerged_area_us=2 vm_get_data_calls=1 vm_get_data_us=4056 vm_get_param2_data_calls=1 vm_get_param2_data_us=4053 vm_get_light_data_calls=0 vm_get_light_data_us=0 vm_set_data_calls=0 vm_set_data_us=0 vm_set_param2_data_calls=0 vm_set_param2_data_us=0 vm_set_lighting_calls=0 vm_set_lighting_us=0 vm_calc_lighting_calls=0 vm_calc_lighting_us=0 vm_set_light_data_calls=0 vm_set_light_data_us=0 vm_update_liquids_calls=0 vm_update_liquids_us=0
INFO[Emerge-0]: initialEmerge: area: (1712,-48,-2608)(1823,63,-2497)=112x112x112=1404928 (5MB)
INFO[Main]: Profiler:
INFO[Main]:   ActiveObjectMgr: SAO count [#] __________________   20x      2.1
INFO[Main]:   Emerge-0: processed [#] _________________________    1x      108
INFO[Main]:   EmergeThread: Lua on_generated [ms] _____________    2x      223
INFO[Main]:   EmergeThread: Mapgen::makeChunk [ms] ____________    2x       29
INFO[Main]:   EmergeThread: after Mapgen::makeChunk [ms] ______    2x        1
INFO[Main]:   EmergeThread: load block - async (sum) [ms] 
INFO[Main]:   EmergeThread: update lighting [ms] ______________  101x    0.306
INFO[Main]:   SEnv: modify in blocks avg per interval [ms] 
INFO[Main]:   Server: collisionMoveSimple() [us] 
INFO[Main]:   Server: map saving (sum) [ms] ___________________    1x       11
INFO[Main]:   Server: map timer and unload [ms] 
INFO[Main]:   Server: send SAO messages [ms] 
INFO[Main]:   Server: update objects within range [ms] 
INFO[Main]:   Server::AsyncRunStep() [ms] _____________________   20x      0.6
INFO[Main]:   Server::RunStep() (max) [ms] ____________________    1x       51
INFO[Main]:   Server::SendBlocks(): Collect list [ms] 
INFO[Main]:   Server::SendBlocks(): Send to clients [ms] 
INFO[Main]:   ServerEnv: ABMs run 
INFO[Main]:   ServerEnv: Run SAO::step() [ms] 
INFO[Main]:   ServerEnv: Run node timers [ms] 
INFO[Main]:   ServerEnv: active blocks 
INFO[Main]:   ServerEnv: active blocks cached 
INFO[Main]:   ServerEnv: active blocks scanned for ABMs 
INFO[Main]:   ServerEnv: update active blocks [ms] ____________    1x        1
INFO[Main]:   ServerEnv::step() [ms] __________________________   20x     0.05
INFO[Main]:   ServerEnvironment::removeRemovedObjects() [ms] 
INFO[Main]:   ServerMap: load block - sync (sum) [ms] _________    1x        1
ACTION[Emerge-0]: GRUG_WP40_PROFILE_CALLBACK callback=35 minp=1728,-32,-2592 maxp=1807,47,-2513 blockseed=3645248329 plan_us=298304 writer_us=359788 total_us=658092 columns=6400 candidate_cells=49 candidates=155 r5_runs=25600 result=applied_cplq vm_get_emerged_area_calls=1 vm_get_emerged_area_us=2 vm_get_data_calls=1 vm_get_data_us=3980 vm_get_param2_data_calls=1 vm_get_param2_data_us=3795 vm_get_light_data_calls=2 vm_get_light_data_us=8116 vm_set_data_calls=1 vm_set_data_us=6982 vm_set_param2_data_calls=1 vm_set_param2_data_us=7075 vm_set_lighting_calls=16 vm_set_lighting_us=146 vm_calc_lighting_calls=1 vm_calc_lighting_us=6560 vm_set_light_data_calls=1 vm_set_light_data_us=7269 vm_update_liquids_calls=1 vm_update_liquids_us=982
INFO[Emerge-0]: initialEmerge: area: (1792,-48,-2608)(1903,63,-2497)=112x112x112=1404928 (5MB)
INFO[Server]: ServerMap: Written: 1078 blocks, 7344 blocks in memory.
INFO[Server]: ServerMap: Blocks modified by: 
INFO[Server]:   finishBlockMake: expireIsAir, MMVManip::blitBackAll     1x      287
INFO[Server]:   setGenerated, finishBlockMake: expireIsAir, MMVManip::blitBackAll     1x      192
INFO[Server]:   setGenerated, setNode, finishBlockMake: expireIsAir, MMVManip::blitBackAll     1x        3
INFO[Server]:   setIsUnderground ________________________________    1x      175
INFO[Server]:   setIsUnderground, finishBlockMake: expireIsAir, MMVManip::blitBackAll     1x      240
INFO[Server]:   setIsUnderground, setGenerated, finishBlockMake: expireIsAir, MMVManip::blitBackAll     1x      180
INFO[Server]:   setNode, finishBlockMake: expireIsAir, MMVManip::blitBackAll     1x        1
ACTION[Emerge-0]: GRUG_WP40_PROFILE_CALLBACK callback=36 minp=1808,-32,-2592 maxp=1887,47,-2513 blockseed=3253422857 plan_us=223330 writer_us=279014 total_us=502344 columns=6400 candidate_cells=49 candidates=280 r5_runs=25600 result=applied_cplq vm_get_emerged_area_calls=1 vm_get_emerged_area_us=2 vm_get_data_calls=1 vm_get_data_us=4056 vm_get_param2_data_calls=1 vm_get_param2_data_us=4328 vm_get_light_data_calls=2 vm_get_light_data_us=7685 vm_set_data_calls=1 vm_set_data_us=7469 vm_set_param2_data_calls=1 vm_set_param2_data_us=6823 vm_set_lighting_calls=16 vm_set_lighting_us=118 vm_calc_lighting_calls=1 vm_calc_lighting_us=6726 vm_set_light_data_calls=1 vm_set_light_data_us=7016 vm_update_liquids_calls=1 vm_update_liquids_us=962
INFO[Emerge-0]: initialEmerge: area: (1712,32,-2608)(1823,143,-2497)=112x112x112=1404928 (5MB)
ACTION[Emerge-0]: GRUG_WP40_PROFILE_CALLBACK callback=37 minp=1728,48,-2592 maxp=1807,127,-2513 blockseed=3885520961 plan_us=72702 writer_us=149648 total_us=222350 columns=6400 candidate_cells=49 candidates=155 r5_runs=6400 result=applied_clq vm_get_emerged_area_calls=1 vm_get_emerged_area_us=2 vm_get_data_calls=1 vm_get_data_us=4067 vm_get_param2_data_calls=1 vm_get_param2_data_us=4100 vm_get_light_data_calls=2 vm_get_light_data_us=7828 vm_set_data_calls=1 vm_set_data_us=7208 vm_set_param2_data_calls=0 vm_set_param2_data_us=0 vm_set_lighting_calls=96 vm_set_lighting_us=80 vm_calc_lighting_calls=1 vm_calc_lighting_us=11712 vm_set_light_data_calls=1 vm_set_light_data_us=7087 vm_update_liquids_calls=1 vm_update_liquids_us=900
INFO[Emerge-0]: initialEmerge: area: (1792,32,-2608)(1903,143,-2497)=112x112x112=1404928 (5MB)
ACTION[Emerge-0]: GRUG_WP40_PROFILE_CALLBACK callback=38 minp=1808,48,-2592 maxp=1887,127,-2513 blockseed=3023586817 plan_us=67058 writer_us=71421 total_us=138479 columns=6400 candidate_cells=49 candidates=280 r5_runs=6400 result=noop_equal_content vm_get_emerged_area_calls=1 vm_get_emerged_area_us=2 vm_get_data_calls=1 vm_get_data_us=3823 vm_get_param2_data_calls=1 vm_get_param2_data_us=3790 vm_get_light_data_calls=0 vm_get_light_data_us=0 vm_set_data_calls=0 vm_set_data_us=0 vm_set_param2_data_calls=0 vm_set_param2_data_us=0 vm_set_lighting_calls=0 vm_set_lighting_us=0 vm_calc_lighting_calls=0 vm_calc_lighting_us=0 vm_set_light_data_calls=0 vm_set_light_data_us=0 vm_update_liquids_calls=0 vm_update_liquids_us=0
INFO[Emerge-0]: initialEmerge: area: (1712,-48,-2528)(1823,63,-2417)=112x112x112=1404928 (5MB)
INFO[Main]: Profiler:
INFO[Main]:   ActiveObjectMgr: SAO count [#] 
INFO[Main]:   Emerge-0: processed [#] _________________________    1x      360
INFO[Main]:   EmergeThread: Lua on_generated [ms] _____________    4x   380.25
INFO[Main]:   EmergeThread: Mapgen::makeChunk [ms] ____________    3x   32.666
INFO[Main]:   EmergeThread: after Mapgen::makeChunk [ms] ______    4x      1.5
INFO[Main]:   EmergeThread: load block - async (sum) [ms] 
INFO[Main]:   EmergeThread: update lighting [ms] ______________  117x    0.435
INFO[Main]:   SEnv: modify in blocks avg per interval [ms] 
INFO[Main]:   Server: collisionMoveSimple() [us] 
INFO[Main]:   Server: map saving (sum) [ms] ___________________    1x       12
INFO[Main]:   Server: map timer and unload [ms] 
INFO[Main]:   Server: send SAO messages [ms] 
INFO[Main]:   Server: update objects within range [ms] 
INFO[Main]:   Server::AsyncRunStep() [ms] _____________________   20x      0.6
INFO[Main]:   Server::RunStep() (max) [ms] ____________________    1x       51
INFO[Main]:   Server::SendBlocks(): Collect list [ms] 
INFO[Main]:   Server::SendBlocks(): Send to clients [ms] 
INFO[Main]:   ServerEnv: ABMs run 
INFO[Main]:   ServerEnv: Run SAO::step() [ms] 
INFO[Main]:   ServerEnv: Run node timers [ms] 
INFO[Main]:   ServerEnv: active blocks 
INFO[Main]:   ServerEnv: active blocks cached 
INFO[Main]:   ServerEnv: active blocks scanned for ABMs 
INFO[Main]:   ServerEnv: update active blocks [ms] 
INFO[Main]:   ServerEnv::step() [ms] 
INFO[Main]:   ServerEnvironment::removeRemovedObjects() [ms] 
INFO[Main]:   ServerMap: load block - sync (sum) [ms] _________    1x        1
INFO[Server]: ServerMap: Written: 1078 blocks, 7889 blocks in memory.
INFO[Server]: ServerMap: Blocks modified by: 
INFO[Server]:   finishBlockMake: expireIsAir, MMVManip::blitBackAll     1x      318
INFO[Server]:   setGenerated, finishBlockMake: expireIsAir, MMVManip::blitBackAll     1x      215
INFO[Server]:   setIsUnderground ________________________________    1x      245
INFO[Server]:   setIsUnderground, finishBlockMake: expireIsAir, MMVManip::blitBackAll     1x      140
INFO[Server]:   setIsUnderground, setGenerated, finishBlockMake: expireIsAir, MMVManip::blitBackAll     1x      160
ACTION[Emerge-0]: GRUG_WP40_PROFILE_CALLBACK callback=39 minp=1728,-32,-2512 maxp=1807,47,-2433 blockseed=2223465825 plan_us=352740 writer_us=306510 total_us=659250 columns=6400 candidate_cells=49 candidates=492 r5_runs=25600 result=applied_cplq vm_get_emerged_area_calls=1 vm_get_emerged_area_us=3 vm_get_data_calls=1 vm_get_data_us=4053 vm_get_param2_data_calls=1 vm_get_param2_data_us=4054 vm_get_light_data_calls=2 vm_get_light_data_us=7880 vm_set_data_calls=1 vm_set_data_us=7026 vm_set_param2_data_calls=1 vm_set_param2_data_us=6840 vm_set_lighting_calls=16 vm_set_lighting_us=148 vm_calc_lighting_calls=1 vm_calc_lighting_us=6039 vm_set_light_data_calls=1 vm_set_light_data_us=7024 vm_update_liquids_calls=1 vm_update_liquids_us=946
INFO[Emerge-0]: initialEmerge: area: (1792,-48,-2528)(1903,63,-2417)=112x112x112=1404928 (5MB)
INFO[Main]: Profiler:
INFO[Main]:   ActiveObjectMgr: SAO count [#] 
INFO[Main]:   Emerge-0: processed [#] _________________________    1x        5
INFO[Main]:   EmergeThread: Lua on_generated [ms] _____________    1x      660
INFO[Main]:   EmergeThread: Mapgen::makeChunk [ms] ____________    2x     33.5
INFO[Main]:   EmergeThread: after Mapgen::makeChunk [ms] ______    1x        1
INFO[Main]:   EmergeThread: load block - async (sum) [ms] 
INFO[Main]:   EmergeThread: update lighting [ms] ______________   19x    1.105
INFO[Main]:   SEnv: modify in blocks avg per interval [ms] 
INFO[Main]:   Server: collisionMoveSimple() [us] 
INFO[Main]:   Server: map saving (sum) [ms] ___________________    1x       13
INFO[Main]:   Server: map timer and unload [ms] 
INFO[Main]:   Server: send SAO messages [ms] 
INFO[Main]:   Server: update objects within range [ms] 
INFO[Main]:   Server::AsyncRunStep() [ms] _____________________   20x      0.7
INFO[Main]:   Server::RunStep() (max) [ms] ____________________    1x       51
INFO[Main]:   Server::SendBlocks(): Collect list [ms] 
INFO[Main]:   Server::SendBlocks(): Send to clients [ms] 
INFO[Main]:   ServerEnv: ABMs run 
INFO[Main]:   ServerEnv: Run SAO::step() [ms] 
INFO[Main]:   ServerEnv: Run node timers [ms] 
INFO[Main]:   ServerEnv: active blocks 
INFO[Main]:   ServerEnv: active blocks cached 
INFO[Main]:   ServerEnv: active blocks scanned for ABMs 
INFO[Main]:   ServerEnv: update active blocks [ms] 
INFO[Main]:   ServerEnv::step() [ms] __________________________   20x     0.05
INFO[Main]:   ServerEnvironment::removeRemovedObjects() [ms] 
INFO[Main]:   ServerMap: load block - sync (sum) [ms] 
INFO[Server]: ServerMap: Written: 518 blocks, 8064 blocks in memory.
INFO[Server]: ServerMap: Blocks modified by: 
INFO[Server]:   finishBlockMake: expireIsAir, MMVManip::blitBackAll     1x      218
INFO[Server]:   setGenerated, finishBlockMake: expireIsAir, MMVManip::blitBackAll     1x      125
INFO[Server]:   setIsUnderground ________________________________    1x      175
ACTION[Emerge-0]: GRUG_WP40_PROFILE_CALLBACK callback=40 minp=1808,-32,-2512 maxp=1887,47,-2433 blockseed=3657142625 plan_us=262681 writer_us=295738 total_us=558419 columns=6400 candidate_cells=49 candidates=544 r5_runs=25600 result=applied_cplq vm_get_emerged_area_calls=1 vm_get_emerged_area_us=2 vm_get_data_calls=1 vm_get_data_us=4055 vm_get_param2_data_calls=1 vm_get_param2_data_us=4054 vm_get_light_data_calls=2 vm_get_light_data_us=8189 vm_set_data_calls=1 vm_set_data_us=7211 vm_set_param2_data_calls=1 vm_set_param2_data_us=7083 vm_set_lighting_calls=16 vm_set_lighting_us=130 vm_calc_lighting_calls=1 vm_calc_lighting_us=5996 vm_set_light_data_calls=1 vm_set_light_data_us=7050 vm_update_liquids_calls=1 vm_update_liquids_us=959
INFO[Emerge-0]: initialEmerge: area: (1712,32,-2528)(1823,143,-2417)=112x112x112=1404928 (5MB)
ACTION[Emerge-0]: GRUG_WP40_PROFILE_CALLBACK callback=41 minp=1728,48,-2512 maxp=1807,127,-2433 blockseed=3521879217 plan_us=109212 writer_us=130658 total_us=239870 columns=6400 candidate_cells=49 candidates=492 r5_runs=6400 result=applied_clq vm_get_emerged_area_calls=1 vm_get_emerged_area_us=2 vm_get_data_calls=1 vm_get_data_us=4062 vm_get_param2_data_calls=1 vm_get_param2_data_us=4055 vm_get_light_data_calls=2 vm_get_light_data_us=8112 vm_set_data_calls=1 vm_set_data_us=7290 vm_set_param2_data_calls=0 vm_set_param2_data_us=0 vm_set_lighting_calls=35 vm_set_lighting_us=26 vm_calc_lighting_calls=1 vm_calc_lighting_us=11363 vm_set_light_data_calls=1 vm_set_light_data_us=7068 vm_update_liquids_calls=1 vm_update_liquids_us=896
INFO[Emerge-0]: initialEmerge: area: (1792,32,-2528)(1903,143,-2417)=112x112x112=1404928 (5MB)
ACTION[Emerge-0]: GRUG_WP40_PROFILE_CALLBACK callback=42 minp=1808,48,-2512 maxp=1887,127,-2433 blockseed=2632417457 plan_us=97977 writer_us=71250 total_us=169227 columns=6400 candidate_cells=49 candidates=544 r5_runs=6400 result=noop_equal_content vm_get_emerged_area_calls=1 vm_get_emerged_area_us=2 vm_get_data_calls=1 vm_get_data_us=4072 vm_get_param2_data_calls=1 vm_get_param2_data_us=4054 vm_get_light_data_calls=0 vm_get_light_data_us=0 vm_set_data_calls=0 vm_set_data_us=0 vm_set_param2_data_calls=0 vm_set_param2_data_us=0 vm_set_lighting_calls=0 vm_set_lighting_us=0 vm_calc_lighting_calls=0 vm_calc_lighting_us=0 vm_set_light_data_calls=0 vm_set_light_data_us=0 vm_update_liquids_calls=0 vm_update_liquids_us=0
ACTION[Emerge-0]: [grug_core] start area ready: elf (3/6, 35.8 s)
INFO[Emerge-0]: initialEmerge: area: (-1888,-48,2432)(-1777,63,2543)=112x112x112=1404928 (5MB)
ACTION[Server]: [grug_mobs] start npcs silverleaf: grug_mobs:guard_accord placed at socket gate_west (1796,22,-2493)
ACTION[Server]: [grug_mobs] start npcs silverleaf: grug_mobs:guard_accord placed at socket gate_east (1804,22,-2493)
ACTION[Server]: [grug_mobs] start npcs silverleaf: grug_mobs:guard_accord placed at socket watch_gate (1800,22,-2498)
ACTION[Server]: [grug_mobs] start npcs silverleaf: grug_traders:vendor_race_elf placed at socket court_vendor (1807,22,-2554)
ACTION[Server]: [grug_mobs] start npcs silverleaf: grug_mobs:villager_elf placed at socket idle_shrine_door (1779,22,-2534)
ACTION[Server]: [grug_mobs] start npcs silverleaf: grug_mobs:villager_elf placed at socket idle_court_bench (1793,22,-2545)
ACTION[Server]: [grug_mobs] start npcs silverleaf: grug_mobs:villager_elf placed at socket idle_bowyer (1828,22,-2551)
ACTION[Server]: [grug_mobs] start npcs silverleaf: grug_mobs:villager_elf placed at socket idle_market (1769,22,-2550)
ACTION[Server]: [grug_mobs] start npcs silverleaf: grug_mobs:villager_elf placed at socket work_planters (1804,22,-2539)
ACTION[Server]: [grug_mobs] start npcs silverleaf: grug_mobs:villager_elf placed at socket work_market (1767,22,-2545)
ACTION[Server]: [grug_mobs] start npcs silverleaf: grug_mobs:elder_elf placed at socket hall_quest (1820,22,-2536)
ACTION[Server]: [grug_mobs] start npcs silverleaf: grug_mobs:villager_elf placed at socket trainer_cooking (1802,22,-2540)
ACTION[Server]: [grug_mobs] start npcs elf silverleaf: guards 3/3 flair 7/7 vendor 1/1 quest 1/1 royal 0/0 new 12 pending 0 spare 3 residents 6 walkers 1
INFO[Main]: Profiler:
INFO[Main]:   ActiveObjectMgr: SAO count [#] __________________   19x    5.684
INFO[Main]:   Emerge-0: processed [#] _________________________    1x      139
INFO[Main]:   EmergeThread: Lua on_generated [ms] _____________    3x  322.333
INFO[Main]:   EmergeThread: Mapgen::makeChunk [ms] ____________    3x   34.333
INFO[Main]:   EmergeThread: after Mapgen::makeChunk [ms] ______    3x        1
INFO[Main]:   EmergeThread: load block - async (sum) [ms] 
INFO[Main]:   EmergeThread: update lighting [ms] ______________   56x    0.964
INFO[Main]:   SEnv: modify in blocks avg per interval [ms] 
INFO[Main]:   Server: collisionMoveSimple() [us] ______________   48x    1.041
INFO[Main]:   Server: map saving (sum) [ms] ___________________    1x        8
INFO[Main]:   Server: map timer and unload [ms] _______________    1x        1
INFO[Main]:   Server: send SAO messages [ms] 
INFO[Main]:   Server: update objects within range [ms] 
INFO[Main]:   Server::AsyncRunStep() [ms] _____________________   19x    0.631
INFO[Main]:   Server::RunStep() (max) [ms] ____________________    1x       51
INFO[Main]:   Server::SendBlocks(): Collect list [ms] 
INFO[Main]:   Server::SendBlocks(): Send to clients [ms] 
INFO[Main]:   ServerEnv: ABMs run 
INFO[Main]:   ServerEnv: Run SAO::step() [ms] 
INFO[Main]:   ServerEnv: Run node timers [ms] 
INFO[Main]:   ServerEnv: active blocks 
INFO[Main]:   ServerEnv: active blocks cached 
INFO[Main]:   ServerEnv: active blocks scanned for ABMs 
INFO[Main]:   ServerEnv: update active blocks [ms] 
INFO[Main]:   ServerEnv::step() [ms] __________________________   19x    0.105
INFO[Main]:   ServerEnvironment::removeRemovedObjects() [ms] 
INFO[Main]:   ServerMap: load block - sync (sum) [ms] _________    1x        1
INFO[Server]: ServerMap: Written: 1182 blocks, 8707 blocks in memory.
INFO[Server]: ServerMap: Blocks modified by: 
INFO[Server]:   addActiveObjectRaw, deactivateFarObjects: static data changed     1x        6
INFO[Server]:   addActiveObjectRaw, deactivateFarObjects: static data changed, finishBlockMake: expireIsAir, MMVManip::blitBackAll     1x        2
INFO[Server]:   finishBlockMake: expireIsAir, MMVManip::blitBackAll     1x      316
INFO[Server]:   setGenerated, finishBlockMake: expireIsAir, MMVManip::blitBackAll     1x      215
INFO[Server]:   setIsUnderground ________________________________    1x      343
INFO[Server]:   setIsUnderground, finishBlockMake: expireIsAir, MMVManip::blitBackAll     1x      140
INFO[Server]:   setIsUnderground, setGenerated, finishBlockMake: expireIsAir, MMVManip::blitBackAll     1x      160
ACTION[Emerge-0]: GRUG_WP40_PROFILE_CALLBACK callback=43 minp=-1872,-32,2448 maxp=-1793,47,2527 blockseed=4045163693 plan_us=503102 writer_us=313354 total_us=816456 columns=6400 candidate_cells=49 candidates=108 r5_runs=6400 result=applied_clq vm_get_emerged_area_calls=1 vm_get_emerged_area_us=2 vm_get_data_calls=1 vm_get_data_us=4077 vm_get_param2_data_calls=1 vm_get_param2_data_us=4076 vm_get_light_data_calls=2 vm_get_light_data_us=7860 vm_set_data_calls=1 vm_set_data_us=7107 vm_set_param2_data_calls=0 vm_set_param2_data_us=0 vm_set_lighting_calls=1 vm_set_lighting_us=139 vm_calc_lighting_calls=1 vm_calc_lighting_us=837 vm_set_light_data_calls=1 vm_set_light_data_us=7196 vm_update_liquids_calls=1 vm_update_liquids_us=951
INFO[Emerge-0]: initialEmerge: area: (-1808,-48,2432)(-1697,63,2543)=112x112x112=1404928 (5MB)
INFO[Main]: Profiler:
INFO[Main]:   ActiveObjectMgr: SAO count [#] __________________   20x      3.6
INFO[Main]:   Emerge-0: processed [#] _________________________    1x        5
INFO[Main]:   EmergeThread: Lua on_generated [ms] _____________    1x      817
INFO[Main]:   EmergeThread: Mapgen::makeChunk [ms] ____________    1x       31
INFO[Main]:   EmergeThread: after Mapgen::makeChunk [ms] ______    1x        1
INFO[Main]:   EmergeThread: load block - async (sum) [ms] 
INFO[Main]:   EmergeThread: update lighting [ms] ______________    3x    2.333
INFO[Main]:   SEnv: modify in blocks avg per interval [ms] 
INFO[Main]:   Server: collisionMoveSimple() [us] 
INFO[Main]:   Server: map saving (sum) [ms] ___________________    1x       15
INFO[Main]:   Server: map timer and unload [ms] 
INFO[Main]:   Server: send SAO messages [ms] 
INFO[Main]:   Server: update objects within range [ms] 
INFO[Main]:   Server::AsyncRunStep() [ms] _____________________   20x     0.85
INFO[Main]:   Server::RunStep() (max) [ms] ____________________    1x       51
INFO[Main]:   Server::SendBlocks(): Collect list [ms] 
INFO[Main]:   Server::SendBlocks(): Send to clients [ms] 
INFO[Main]:   ServerEnv: ABMs run 
INFO[Main]:   ServerEnv: Run SAO::step() [ms] 
INFO[Main]:   ServerEnv: Run node timers [ms] 
INFO[Main]:   ServerEnv: active blocks 
INFO[Main]:   ServerEnv: active blocks cached 
INFO[Main]:   ServerEnv: active blocks scanned for ABMs 
INFO[Main]:   ServerEnv: update active blocks [ms] ____________    1x        1
INFO[Main]:   ServerEnv::step() [ms] __________________________   20x      0.1
INFO[Main]:   ServerEnvironment::removeRemovedObjects() [ms] 
INFO[Main]:   ServerMap: load block - sync (sum) [ms] _________    1x        1
INFO[Server]: ServerMap: Written: 588 blocks, 8952 blocks in memory.
INFO[Server]: ServerMap: Blocks modified by: 
INFO[Server]:   finishBlockMake: expireIsAir, MMVManip::blitBackAll     1x      215
INFO[Server]:   setGenerated, finishBlockMake: expireIsAir, MMVManip::blitBackAll     1x      119
INFO[Server]:   setGenerated, setNode, finishBlockMake: expireIsAir, MMVManip::blitBackAll     1x        6
INFO[Server]:   setIsUnderground ________________________________    1x      245
INFO[Server]:   setNode, finishBlockMake: expireIsAir, MMVManip::blitBackAll     1x        3
ACTION[Emerge-0]: GRUG_WP40_PROFILE_CALLBACK callback=44 minp=-1792,-32,2448 maxp=-1713,47,2527 blockseed=3214912205 plan_us=370896 writer_us=266231 total_us=637127 columns=6400 candidate_cells=49 candidates=129 r5_runs=6400 result=applied_clq vm_get_emerged_area_calls=1 vm_get_emerged_area_us=2 vm_get_data_calls=1 vm_get_data_us=4125 vm_get_param2_data_calls=1 vm_get_param2_data_us=4057 vm_get_light_data_calls=2 vm_get_light_data_us=8112 vm_set_data_calls=1 vm_set_data_us=7202 vm_set_param2_data_calls=0 vm_set_param2_data_us=0 vm_set_lighting_calls=1 vm_set_lighting_us=131 vm_calc_lighting_calls=1 vm_calc_lighting_us=873 vm_set_light_data_calls=1 vm_set_light_data_us=7014 vm_update_liquids_calls=1 vm_update_liquids_us=930
INFO[Emerge-0]: initialEmerge: area: (-1888,32,2432)(-1777,143,2543)=112x112x112=1404928 (5MB)
ACTION[Emerge-0]: GRUG_WP40_PROFILE_CALLBACK callback=45 minp=-1872,48,2448 maxp=-1793,127,2527 blockseed=3435332659 plan_us=73739 writer_us=213279 total_us=287018 columns=6400 candidate_cells=49 candidates=108 r5_runs=25600 result=applied_cplq vm_get_emerged_area_calls=1 vm_get_emerged_area_us=3 vm_get_data_calls=1 vm_get_data_us=4070 vm_get_param2_data_calls=1 vm_get_param2_data_us=3957 vm_get_light_data_calls=2 vm_get_light_data_us=7964 vm_set_data_calls=1 vm_set_data_us=7227 vm_set_param2_data_calls=1 vm_set_param2_data_us=7126 vm_set_lighting_calls=81 vm_set_lighting_us=91 vm_calc_lighting_calls=1 vm_calc_lighting_us=7818 vm_set_light_data_calls=1 vm_set_light_data_us=7040 vm_update_liquids_calls=1 vm_update_liquids_us=931
INFO[Emerge-0]: initialEmerge: area: (-1808,32,2432)(-1697,143,2543)=112x112x112=1404928 (5MB)
ACTION[Emerge-0]: GRUG_WP40_PROFILE_CALLBACK callback=46 minp=-1792,48,2448 maxp=-1713,127,2527 blockseed=3037371091 plan_us=89610 writer_us=200912 total_us=290522 columns=6400 candidate_cells=49 candidates=129 r5_runs=25600 result=applied_cplq vm_get_emerged_area_calls=1 vm_get_emerged_area_us=2 vm_get_data_calls=1 vm_get_data_us=3859 vm_get_param2_data_calls=1 vm_get_param2_data_us=3818 vm_get_light_data_calls=2 vm_get_light_data_us=8110 vm_set_data_calls=1 vm_set_data_us=6930 vm_set_param2_data_calls=1 vm_set_param2_data_us=6813 vm_set_lighting_calls=81 vm_set_lighting_us=92 vm_calc_lighting_calls=1 vm_calc_lighting_us=8891 vm_set_light_data_calls=1 vm_set_light_data_us=6745 vm_update_liquids_calls=1 vm_update_liquids_us=951
INFO[Emerge-0]: initialEmerge: area: (-1888,112,2432)(-1777,223,2543)=112x112x112=1404928 (5MB)
INFO[Main]: Profiler:
INFO[Main]:   ActiveObjectMgr: SAO count [#] __________________   20x     0.15
INFO[Main]:   Emerge-0: processed [#] _________________________    1x       58
INFO[Main]:   EmergeThread: Lua on_generated [ms] _____________    3x  404.666
INFO[Main]:   EmergeThread: Mapgen::makeChunk [ms] ____________    3x   24.666
INFO[Main]:   EmergeThread: after Mapgen::makeChunk [ms] ______    3x        1
INFO[Main]:   EmergeThread: load block - async (sum) [ms] 
INFO[Main]:   EmergeThread: update lighting [ms] ______________  169x     0.26
INFO[Main]:   SEnv: modify in blocks avg per interval [ms] 
INFO[Main]:   Server: collisionMoveSimple() [us] 
INFO[Main]:   Server: map saving (sum) [ms] ___________________    1x        9
INFO[Main]:   Server: map timer and unload [ms] _______________    1x        1
INFO[Main]:   Server: send SAO messages [ms] 
INFO[Main]:   Server: update objects within range [ms] 
INFO[Main]:   Server::AsyncRunStep() [ms] _____________________   20x     0.55
INFO[Main]:   Server::RunStep() (max) [ms] ____________________    1x       51
INFO[Main]:   Server::SendBlocks(): Collect list [ms] 
INFO[Main]:   Server::SendBlocks(): Send to clients [ms] 
INFO[Main]:   ServerEnv: ABMs run 
INFO[Main]:   ServerEnv: Run SAO::step() [ms] 
INFO[Main]:   ServerEnv: Run node timers [ms] 
INFO[Main]:   ServerEnv: active blocks 
INFO[Main]:   ServerEnv: active blocks cached 
INFO[Main]:   ServerEnv: active blocks scanned for ABMs 
INFO[Main]:   ServerEnv: update active blocks [ms] 
INFO[Main]:   ServerEnv::step() [ms] __________________________   20x     0.05
INFO[Main]:   ServerEnvironment::removeRemovedObjects() [ms] 
INFO[Main]:   ServerMap: load block - sync (sum) [ms] _________    1x        2
INFO[Server]: ServerMap: Written: 1078 blocks, 9617 blocks in memory.
INFO[Server]: ServerMap: Blocks modified by: 
INFO[Server]:   finishBlockMake: expireIsAir, MMVManip::blitBackAll     1x      238
INFO[Server]:   setGenerated, finishBlockMake: expireIsAir, MMVManip::blitBackAll     1x      168
INFO[Server]:   setGenerated, setNode, finishBlockMake: expireIsAir, MMVManip::blitBackAll     1x        7
INFO[Server]:   setIsUnderground ________________________________    1x      245
INFO[Server]:   setIsUnderground, finishBlockMake: expireIsAir, MMVManip::blitBackAll     1x      220
INFO[Server]:   setIsUnderground, setGenerated, finishBlockMake: expireIsAir, MMVManip::blitBackAll     1x      200
ACTION[Emerge-0]: GRUG_WP40_PROFILE_CALLBACK callback=47 minp=-1872,128,2448 maxp=-1793,207,2527 blockseed=85110121 plan_us=70946 writer_us=71171 total_us=142117 columns=6400 candidate_cells=49 candidates=108 r5_runs=6400 result=noop_equal_content vm_get_emerged_area_calls=1 vm_get_emerged_area_us=2 vm_get_data_calls=1 vm_get_data_us=4380 vm_get_param2_data_calls=1 vm_get_param2_data_us=3880 vm_get_light_data_calls=0 vm_get_light_data_us=0 vm_set_data_calls=0 vm_set_data_us=0 vm_set_param2_data_calls=0 vm_set_param2_data_us=0 vm_set_lighting_calls=0 vm_set_lighting_us=0 vm_calc_lighting_calls=0 vm_calc_lighting_us=0 vm_set_light_data_calls=0 vm_set_light_data_us=0 vm_update_liquids_calls=0 vm_update_liquids_us=0
INFO[Emerge-0]: initialEmerge: area: (-1808,112,2432)(-1697,223,2543)=112x112x112=1404928 (5MB)
ACTION[Emerge-0]: GRUG_WP40_PROFILE_CALLBACK callback=48 minp=-1792,128,2448 maxp=-1713,207,2527 blockseed=2773597641 plan_us=87640 writer_us=72306 total_us=159946 columns=6400 candidate_cells=49 candidates=129 r5_runs=6400 result=noop_equal_content vm_get_emerged_area_calls=1 vm_get_emerged_area_us=2 vm_get_data_calls=1 vm_get_data_us=4058 vm_get_param2_data_calls=1 vm_get_param2_data_us=4046 vm_get_light_data_calls=0 vm_get_light_data_us=0 vm_set_data_calls=0 vm_set_data_us=0 vm_set_param2_data_calls=0 vm_set_param2_data_us=0 vm_set_lighting_calls=0 vm_set_lighting_us=0 vm_calc_lighting_calls=0 vm_calc_lighting_us=0 vm_set_light_data_calls=0 vm_set_light_data_us=0 vm_update_liquids_calls=0 vm_update_liquids_us=0
INFO[Emerge-0]: initialEmerge: area: (-1888,-48,2512)(-1777,63,2623)=112x112x112=1404928 (5MB)
ACTION[Emerge-0]: GRUG_WP40_PROFILE_CALLBACK callback=49 minp=-1872,-32,2528 maxp=-1793,47,2607 blockseed=830730649 plan_us=333092 writer_us=264884 total_us=597976 columns=6400 candidate_cells=49 candidates=51 r5_runs=6400 result=applied_clq vm_get_emerged_area_calls=1 vm_get_emerged_area_us=3 vm_get_data_calls=1 vm_get_data_us=4056 vm_get_param2_data_calls=1 vm_get_param2_data_us=4055 vm_get_light_data_calls=2 vm_get_light_data_us=8129 vm_set_data_calls=1 vm_set_data_us=7203 vm_set_param2_data_calls=0 vm_set_param2_data_us=0 vm_set_lighting_calls=39 vm_set_lighting_us=146 vm_calc_lighting_calls=1 vm_calc_lighting_us=1444 vm_set_light_data_calls=1 vm_set_light_data_us=7290 vm_update_liquids_calls=1 vm_update_liquids_us=926
INFO[Emerge-0]: initialEmerge: area: (-1808,-48,2512)(-1697,63,2623)=112x112x112=1404928 (5MB)
INFO[Main]: Profiler:
INFO[Main]:   ActiveObjectMgr: SAO count [#] 
INFO[Main]:   Emerge-0: processed [#] _________________________    1x      158
INFO[Main]:   EmergeThread: Lua on_generated [ms] _____________    3x  300.333
INFO[Main]:   EmergeThread: Mapgen::makeChunk [ms] ____________    3x   30.333
INFO[Main]:   EmergeThread: after Mapgen::makeChunk [ms] ______    3x        1
INFO[Main]:   EmergeThread: load block - async (sum) [ms] 
INFO[Main]:   EmergeThread: update lighting [ms] ______________   43x    0.558
INFO[Main]:   SEnv: modify in blocks avg per interval [ms] 
INFO[Main]:   Server: collisionMoveSimple() [us] 
INFO[Main]:   Server: map saving (sum) [ms] ___________________    1x       13
INFO[Main]:   Server: map timer and unload [ms] 
INFO[Main]:   Server: send SAO messages [ms] 
INFO[Main]:   Server: update objects within range [ms] 
INFO[Main]:   Server::AsyncRunStep() [ms] _____________________   20x     0.65
INFO[Main]:   Server::RunStep() (max) [ms] ____________________    1x       51
INFO[Main]:   Server::SendBlocks(): Collect list [ms] 
INFO[Main]:   Server::SendBlocks(): Send to clients [ms] 
INFO[Main]:   ServerEnv: ABMs run 
INFO[Main]:   ServerEnv: Run SAO::step() [ms] 
INFO[Main]:   ServerEnv: Run node timers [ms] 
INFO[Main]:   ServerEnv: active blocks 
INFO[Main]:   ServerEnv: active blocks cached 
INFO[Main]:   ServerEnv: active blocks scanned for ABMs 
INFO[Main]:   ServerEnv: update active blocks [ms] 
INFO[Main]:   ServerEnv::step() [ms] 
INFO[Main]:   ServerEnvironment::removeRemovedObjects() [ms] 
INFO[Main]:   ServerMap: load block - sync (sum) [ms] _________    1x        2
INFO[Server]: ServerMap: Written: 1106 blocks, 10212 blocks in memory.
INFO[Server]: ServerMap: Blocks modified by: 
INFO[Server]:   finishBlockMake: expireIsAir, MMVManip::blitBackAll     1x      316
INFO[Server]:   setGenerated, finishBlockMake: expireIsAir, MMVManip::blitBackAll     1x      195
INFO[Server]:   setIsUnderground ________________________________    1x      175
INFO[Server]:   setIsUnderground, finishBlockMake: expireIsAir, MMVManip::blitBackAll     1x      240
INFO[Server]:   setIsUnderground, setGenerated, finishBlockMake: expireIsAir, MMVManip::blitBackAll     1x      180
ACTION[Emerge-0]: GRUG_WP40_PROFILE_CALLBACK callback=50 minp=-1792,-32,2528 maxp=-1713,47,2607 blockseed=1962831257 plan_us=271002 writer_us=259784 total_us=530786 columns=6400 candidate_cells=49 candidates=87 r5_runs=6400 result=applied_clq vm_get_emerged_area_calls=1 vm_get_emerged_area_us=2 vm_get_data_calls=1 vm_get_data_us=4056 vm_get_param2_data_calls=1 vm_get_param2_data_us=4056 vm_get_light_data_calls=2 vm_get_light_data_us=8214 vm_set_data_calls=1 vm_set_data_us=7201 vm_set_param2_data_calls=0 vm_set_param2_data_us=0 vm_set_lighting_calls=37 vm_set_lighting_us=142 vm_calc_lighting_calls=1 vm_calc_lighting_us=1510 vm_set_light_data_calls=1 vm_set_light_data_us=6889 vm_update_liquids_calls=1 vm_update_liquids_us=939
INFO[Emerge-0]: initialEmerge: area: (-1888,32,2512)(-1777,143,2623)=112x112x112=1404928 (5MB)
ACTION[Emerge-0]: GRUG_WP40_PROFILE_CALLBACK callback=51 minp=-1872,48,2528 maxp=-1793,127,2607 blockseed=1137229609 plan_us=59350 writer_us=198269 total_us=257619 columns=6400 candidate_cells=49 candidates=51 r5_runs=25600 result=applied_cplq vm_get_emerged_area_calls=1 vm_get_emerged_area_us=1 vm_get_data_calls=1 vm_get_data_us=4121 vm_get_param2_data_calls=1 vm_get_param2_data_us=4267 vm_get_light_data_calls=2 vm_get_light_data_us=8133 vm_set_data_calls=1 vm_set_data_us=7205 vm_set_param2_data_calls=1 vm_set_param2_data_us=7102 vm_set_lighting_calls=96 vm_set_lighting_us=94 vm_calc_lighting_calls=1 vm_calc_lighting_us=10171 vm_set_light_data_calls=1 vm_set_light_data_us=7014 vm_update_liquids_calls=1 vm_update_liquids_us=952
INFO[Emerge-0]: initialEmerge: area: (-1808,32,2512)(-1697,143,2623)=112x112x112=1404928 (5MB)
INFO[Main]: Profiler:
INFO[Main]:   ActiveObjectMgr: SAO count [#] 
INFO[Main]:   Emerge-0: processed [#] _________________________    1x       18
INFO[Main]:   EmergeThread: Lua on_generated [ms] _____________    2x    394.5
INFO[Main]:   EmergeThread: Mapgen::makeChunk [ms] ____________    2x     26.5
INFO[Main]:   EmergeThread: after Mapgen::makeChunk [ms] ______    2x        1
INFO[Main]:   EmergeThread: load block - async (sum) [ms] 
INFO[Main]:   EmergeThread: update lighting [ms] ______________  137x     0.24
INFO[Main]:   SEnv: modify in blocks avg per interval [ms] 
INFO[Main]:   Server: collisionMoveSimple() [us] 
INFO[Main]:   Server: map saving (sum) [ms] ___________________    1x       12
INFO[Main]:   Server: map timer and unload [ms] 
INFO[Main]:   Server: send SAO messages [ms] 
INFO[Main]:   Server: update objects within range [ms] 
INFO[Main]:   Server::AsyncRunStep() [ms] _____________________   20x     0.65
INFO[Main]:   Server::RunStep() (max) [ms] ____________________    1x       51
INFO[Main]:   Server::SendBlocks(): Collect list [ms] 
INFO[Main]:   Server::SendBlocks(): Send to clients [ms] 
INFO[Main]:   ServerEnv: ABMs run 
INFO[Main]:   ServerEnv: Run SAO::step() [ms] 
INFO[Main]:   ServerEnv: Run node timers [ms] 
INFO[Main]:   ServerEnv: active blocks 
INFO[Main]:   ServerEnv: active blocks cached 
INFO[Main]:   ServerEnv: active blocks scanned for ABMs 
INFO[Main]:   ServerEnv: update active blocks [ms] 
INFO[Main]:   ServerEnv::step() [ms] __________________________   20x     0.05
INFO[Main]:   ServerEnvironment::removeRemovedObjects() [ms] 
INFO[Main]:   ServerMap: load block - sync (sum) [ms] _________    1x        1
ACTION[Emerge-0]: GRUG_WP40_PROFILE_CALLBACK callback=52 minp=-1792,48,2528 maxp=-1713,127,2607 blockseed=3459085097 plan_us=79455 writer_us=197413 total_us=276868 columns=6400 candidate_cells=49 candidates=87 r5_runs=25600 result=applied_cplq vm_get_emerged_area_calls=1 vm_get_emerged_area_us=1 vm_get_data_calls=1 vm_get_data_us=4054 vm_get_param2_data_calls=1 vm_get_param2_data_us=4053 vm_get_light_data_calls=2 vm_get_light_data_us=7863 vm_set_data_calls=1 vm_set_data_us=7074 vm_set_param2_data_calls=1 vm_set_param2_data_us=7032 vm_set_lighting_calls=96 vm_set_lighting_us=98 vm_calc_lighting_calls=1 vm_calc_lighting_us=11405 vm_set_light_data_calls=1 vm_set_light_data_us=7020 vm_update_liquids_calls=1 vm_update_liquids_us=953
INFO[Emerge-0]: initialEmerge: area: (-1888,112,2512)(-1777,223,2623)=112x112x112=1404928 (5MB)
INFO[Server]: ServerMap: Written: 1008 blocks, 10687 blocks in memory.
INFO[Server]: ServerMap: Blocks modified by: 
INFO[Server]:   finishBlockMake: expireIsAir, MMVManip::blitBackAll     1x      318
INFO[Server]:   setGenerated, finishBlockMake: expireIsAir, MMVManip::blitBackAll     1x      215
INFO[Server]:   setIsUnderground ________________________________    1x      175
INFO[Server]:   setIsUnderground, finishBlockMake: expireIsAir, MMVManip::blitBackAll     1x      140
INFO[Server]:   setIsUnderground, setGenerated, finishBlockMake: expireIsAir, MMVManip::blitBackAll     1x      160
ACTION[Emerge-0]: GRUG_WP40_PROFILE_CALLBACK callback=53 minp=-1872,128,2528 maxp=-1793,207,2607 blockseed=2070836705 plan_us=57036 writer_us=70936 total_us=127972 columns=6400 candidate_cells=49 candidates=51 r5_runs=6400 result=noop_equal_content vm_get_emerged_area_calls=1 vm_get_emerged_area_us=2 vm_get_data_calls=1 vm_get_data_us=4054 vm_get_param2_data_calls=1 vm_get_param2_data_us=4051 vm_get_light_data_calls=0 vm_get_light_data_us=0 vm_set_data_calls=0 vm_set_data_us=0 vm_set_param2_data_calls=0 vm_set_param2_data_us=0 vm_set_lighting_calls=0 vm_set_lighting_us=0 vm_calc_lighting_calls=0 vm_calc_lighting_us=0 vm_set_light_data_calls=0 vm_set_light_data_us=0 vm_update_liquids_calls=0 vm_update_liquids_us=0
INFO[Emerge-0]: initialEmerge: area: (-1808,112,2512)(-1697,223,2623)=112x112x112=1404928 (5MB)
ACTION[Emerge-0]: GRUG_WP40_PROFILE_CALLBACK callback=54 minp=-1792,128,2528 maxp=-1713,207,2607 blockseed=2554380001 plan_us=98934 writer_us=72215 total_us=171149 columns=6400 candidate_cells=49 candidates=87 r5_runs=6400 result=noop_equal_content vm_get_emerged_area_calls=1 vm_get_emerged_area_us=3 vm_get_data_calls=1 vm_get_data_us=3896 vm_get_param2_data_calls=1 vm_get_param2_data_us=3787 vm_get_light_data_calls=0 vm_get_light_data_us=0 vm_set_data_calls=0 vm_set_data_us=0 vm_set_param2_data_calls=0 vm_set_param2_data_us=0 vm_set_lighting_calls=0 vm_set_lighting_us=0 vm_calc_lighting_calls=0 vm_calc_lighting_us=0 vm_set_light_data_calls=0 vm_set_light_data_us=0 vm_update_liquids_calls=0 vm_update_liquids_us=0
INFO[Emerge-0]: initialEmerge: area: (-1888,-48,2592)(-1777,63,2703)=112x112x112=1404928 (5MB)
INFO[Main]: Profiler:
INFO[Main]:   ActiveObjectMgr: SAO count [#] 
INFO[Main]:   Emerge-0: processed [#] _________________________    1x      337
INFO[Main]:   EmergeThread: Lua on_generated [ms] _____________    3x      192
INFO[Main]:   EmergeThread: Mapgen::makeChunk [ms] ____________    3x       29
INFO[Main]:   EmergeThread: after Mapgen::makeChunk [ms] ______    3x    1.666
INFO[Main]:   EmergeThread: load block - async (sum) [ms] 
INFO[Main]:   EmergeThread: update lighting [ms] ______________  100x      0.4
INFO[Main]:   SEnv: modify in blocks avg per interval [ms] 
INFO[Main]:   Server: collisionMoveSimple() [us] 
INFO[Main]:   Server: map saving (sum) [ms] ___________________    1x       12
INFO[Main]:   Server: map timer and unload [ms] 
INFO[Main]:   Server: send SAO messages [ms] 
INFO[Main]:   Server: update objects within range [ms] 
INFO[Main]:   Server::AsyncRunStep() [ms] _____________________   20x     0.65
INFO[Main]:   Server::RunStep() (max) [ms] ____________________    1x       51
INFO[Main]:   Server::SendBlocks(): Collect list [ms] 
INFO[Main]:   Server::SendBlocks(): Send to clients [ms] 
INFO[Main]:   ServerEnv: ABMs run 
INFO[Main]:   ServerEnv: Run SAO::step() [ms] 
INFO[Main]:   ServerEnv: Run node timers [ms] 
INFO[Main]:   ServerEnv: active blocks 
INFO[Main]:   ServerEnv: active blocks cached 
INFO[Main]:   ServerEnv: active blocks scanned for ABMs 
INFO[Main]:   ServerEnv: update active blocks [ms] 
INFO[Main]:   ServerEnv::step() [ms] 
INFO[Main]:   ServerEnvironment::removeRemovedObjects() [ms] 
INFO[Main]:   ServerMap: load block - sync (sum) [ms] _________    1x        1
INFO[Server]: ServerMap: Written: 833 blocks, 11057 blocks in memory.
INFO[Server]: ServerMap: Blocks modified by: 
INFO[Server]:   finishBlockMake: expireIsAir, MMVManip::blitBackAll     1x      277
INFO[Server]:   setGenerated, finishBlockMake: expireIsAir, MMVManip::blitBackAll     1x      186
INFO[Server]:   setIsUnderground ________________________________    1x      245
INFO[Server]:   setIsUnderground, finishBlockMake: expireIsAir, MMVManip::blitBackAll     1x       61
INFO[Server]:   setIsUnderground, setGenerated, finishBlockMake: expireIsAir, MMVManip::blitBackAll     1x       64
ACTION[Emerge-0]: GRUG_WP40_PROFILE_CALLBACK callback=55 minp=-1872,-32,2608 maxp=-1793,47,2687 blockseed=4035836169 plan_us=548013 writer_us=432996 total_us=981009 columns=6400 candidate_cells=49 candidates=183 r5_runs=6400 result=applied_clq vm_get_emerged_area_calls=1 vm_get_emerged_area_us=3 vm_get_data_calls=1 vm_get_data_us=4088 vm_get_param2_data_calls=1 vm_get_param2_data_us=4055 vm_get_light_data_calls=2 vm_get_light_data_us=8696 vm_set_data_calls=1 vm_set_data_us=7228 vm_set_param2_data_calls=0 vm_set_param2_data_us=0 vm_set_lighting_calls=16 vm_set_lighting_us=155 vm_calc_lighting_calls=1 vm_calc_lighting_us=1473 vm_set_light_data_calls=1 vm_set_light_data_us=6933 vm_update_liquids_calls=1 vm_update_liquids_us=962
INFO[Emerge-0]: initialEmerge: area: (-1808,-48,2592)(-1697,63,2703)=112x112x112=1404928 (5MB)
INFO[Main]: Profiler:
INFO[Main]:   ActiveObjectMgr: SAO count [#] 
INFO[Main]:   Emerge-0: processed [#] _________________________    1x        5
INFO[Main]:   EmergeThread: Lua on_generated [ms] _____________    1x      981
INFO[Main]:   EmergeThread: Mapgen::makeChunk [ms] ____________    1x       32
INFO[Main]:   EmergeThread: after Mapgen::makeChunk [ms] ______    1x        1
INFO[Main]:   EmergeThread: load block - async (sum) [ms] 
INFO[Main]:   EmergeThread: update lighting [ms] ______________   18x    0.444
INFO[Main]:   SEnv: modify in blocks avg per interval [ms] 
INFO[Main]:   Server: collisionMoveSimple() [us] 
INFO[Main]:   Server: map saving (sum) [ms] ___________________    1x        9
INFO[Main]:   Server: map timer and unload [ms] 
INFO[Main]:   Server: send SAO messages [ms] 
INFO[Main]:   Server: update objects within range [ms] 
INFO[Main]:   Server::AsyncRunStep() [ms] _____________________   20x     0.55
INFO[Main]:   Server::RunStep() (max) [ms] ____________________    1x       51
INFO[Main]:   Server::SendBlocks(): Collect list [ms] 
INFO[Main]:   Server::SendBlocks(): Send to clients [ms] 
INFO[Main]:   ServerEnv: ABMs run 
INFO[Main]:   ServerEnv: Run SAO::step() [ms] 
INFO[Main]:   ServerEnv: Run node timers [ms] 
INFO[Main]:   ServerEnv: active blocks 
INFO[Main]:   ServerEnv: active blocks cached 
INFO[Main]:   ServerEnv: active blocks scanned for ABMs 
INFO[Main]:   ServerEnv: update active blocks [ms] 
INFO[Main]:   ServerEnv::step() [ms] __________________________   20x     0.05
INFO[Main]:   ServerEnvironment::removeRemovedObjects() [ms] 
INFO[Main]:   ServerMap: load block - sync (sum) [ms] 
INFO[Server]: ServerMap: Written: 518 blocks, 11232 blocks in memory.
INFO[Server]: ServerMap: Blocks modified by: 
INFO[Server]:   finishBlockMake: expireIsAir, MMVManip::blitBackAll     1x      218
INFO[Server]:   setGenerated, finishBlockMake: expireIsAir, MMVManip::blitBackAll     1x      125
INFO[Server]:   setIsUnderground ________________________________    1x      175
ACTION[Emerge-0]: GRUG_WP40_PROFILE_CALLBACK callback=56 minp=-1792,-32,2608 maxp=-1713,47,2687 blockseed=3689486537 plan_us=399778 writer_us=399063 total_us=798841 columns=6400 candidate_cells=49 candidates=191 r5_runs=7532 result=applied_clq vm_get_emerged_area_calls=1 vm_get_emerged_area_us=2 vm_get_data_calls=1 vm_get_data_us=4067 vm_get_param2_data_calls=1 vm_get_param2_data_us=4055 vm_get_light_data_calls=2 vm_get_light_data_us=8108 vm_set_data_calls=1 vm_set_data_us=7200 vm_set_param2_data_calls=0 vm_set_param2_data_us=0 vm_set_lighting_calls=16 vm_set_lighting_us=147 vm_calc_lighting_calls=1 vm_calc_lighting_us=1513 vm_set_light_data_calls=1 vm_set_light_data_us=7032 vm_update_liquids_calls=1 vm_update_liquids_us=969
INFO[Emerge-0]: initialEmerge: area: (-1888,32,2592)(-1777,143,2703)=112x112x112=1404928 (5MB)
ACTION[Emerge-0]: GRUG_WP40_PROFILE_CALLBACK callback=57 minp=-1872,48,2608 maxp=-1793,127,2687 blockseed=2024279681 plan_us=151082 writer_us=216443 total_us=367525 columns=6400 candidate_cells=49 candidates=183 r5_runs=24539 result=applied_cplq vm_get_emerged_area_calls=1 vm_get_emerged_area_us=2 vm_get_data_calls=1 vm_get_data_us=4061 vm_get_param2_data_calls=1 vm_get_param2_data_us=4108 vm_get_light_data_calls=2 vm_get_light_data_us=8113 vm_set_data_calls=1 vm_set_data_us=7205 vm_set_param2_data_calls=1 vm_set_param2_data_us=7089 vm_set_lighting_calls=96 vm_set_lighting_us=195 vm_calc_lighting_calls=1 vm_calc_lighting_us=9304 vm_set_light_data_calls=1 vm_set_light_data_us=7059 vm_update_liquids_calls=1 vm_update_liquids_us=938
INFO[Emerge-0]: initialEmerge: area: (-1808,32,2592)(-1697,143,2703)=112x112x112=1404928 (5MB)
INFO[Main]: Profiler:
INFO[Main]:   ActiveObjectMgr: SAO count [#] 
INFO[Main]:   Emerge-0: processed [#] _________________________    1x       18
INFO[Main]:   EmergeThread: Lua on_generated [ms] _____________    2x      583
INFO[Main]:   EmergeThread: Mapgen::makeChunk [ms] ____________    2x       26
INFO[Main]:   EmergeThread: after Mapgen::makeChunk [ms] ______    2x      0.5
INFO[Main]:   EmergeThread: load block - async (sum) [ms] 
INFO[Main]:   EmergeThread: update lighting [ms] ______________  116x    0.275
INFO[Main]:   SEnv: modify in blocks avg per interval [ms] 
INFO[Main]:   Server: collisionMoveSimple() [us] 
INFO[Main]:   Server: map saving (sum) [ms] ___________________    1x        7
INFO[Main]:   Server: map timer and unload [ms] 
INFO[Main]:   Server: send SAO messages [ms] 
INFO[Main]:   Server: update objects within range [ms] 
INFO[Main]:   Server::AsyncRunStep() [ms] _____________________   20x      0.4
INFO[Main]:   Server::RunStep() (max) [ms] ____________________    1x       51
INFO[Main]:   Server::SendBlocks(): Collect list [ms] 
INFO[Main]:   Server::SendBlocks(): Send to clients [ms] 
INFO[Main]:   ServerEnv: ABMs run 
INFO[Main]:   ServerEnv: Run SAO::step() [ms] 
INFO[Main]:   ServerEnv: Run node timers [ms] 
INFO[Main]:   ServerEnv: active blocks 
INFO[Main]:   ServerEnv: active blocks cached 
INFO[Main]:   ServerEnv: active blocks scanned for ABMs 
INFO[Main]:   ServerEnv: update active blocks [ms] 
INFO[Main]:   ServerEnv::step() [ms] 
INFO[Main]:   ServerEnvironment::removeRemovedObjects() [ms] 
INFO[Main]:   ServerMap: load block - sync (sum) [ms] _________    1x        1
ACTION[Emerge-0]: GRUG_WP40_PROFILE_CALLBACK callback=58 minp=-1792,48,2608 maxp=-1713,127,2687 blockseed=1742579905 plan_us=165179 writer_us=210654 total_us=375833 columns=6400 candidate_cells=49 candidates=191 r5_runs=21699 result=applied_cplq vm_get_emerged_area_calls=1 vm_get_emerged_area_us=2 vm_get_data_calls=1 vm_get_data_us=4058 vm_get_param2_data_calls=1 vm_get_param2_data_us=4122 vm_get_light_data_calls=2 vm_get_light_data_us=8372 vm_set_data_calls=1 vm_set_data_us=6966 vm_set_param2_data_calls=1 vm_set_param2_data_us=6936 vm_set_lighting_calls=96 vm_set_lighting_us=113 vm_calc_lighting_calls=1 vm_calc_lighting_us=10772 vm_set_light_data_calls=1 vm_set_light_data_us=7025 vm_update_liquids_calls=1 vm_update_liquids_us=941
INFO[Emerge-0]: initialEmerge: area: (-1888,112,2592)(-1777,223,2703)=112x112x112=1404928 (5MB)
INFO[Server]: ServerMap: Written: 1008 blocks, 11707 blocks in memory.
INFO[Server]: ServerMap: Blocks modified by: 
INFO[Server]:   finishBlockMake: expireIsAir, MMVManip::blitBackAll     1x      318
INFO[Server]:   setGenerated, finishBlockMake: expireIsAir, MMVManip::blitBackAll     1x      215
INFO[Server]:   setIsUnderground ________________________________    1x      175
INFO[Server]:   setIsUnderground, finishBlockMake: expireIsAir, MMVManip::blitBackAll     1x      140
INFO[Server]:   setIsUnderground, setGenerated, finishBlockMake: expireIsAir, MMVManip::blitBackAll     1x      160
ACTION[Emerge-0]: GRUG_WP40_PROFILE_CALLBACK callback=59 minp=-1872,128,2608 maxp=-1793,207,2687 blockseed=4128922897 plan_us=130073 writer_us=77157 total_us=207230 columns=6400 candidate_cells=49 candidates=183 r5_runs=6400 result=noop_equal_content vm_get_emerged_area_calls=1 vm_get_emerged_area_us=2 vm_get_data_calls=1 vm_get_data_us=3969 vm_get_param2_data_calls=1 vm_get_param2_data_us=3892 vm_get_light_data_calls=0 vm_get_light_data_us=0 vm_set_data_calls=0 vm_set_data_us=0 vm_set_param2_data_calls=0 vm_set_param2_data_us=0 vm_set_lighting_calls=0 vm_set_lighting_us=0 vm_calc_lighting_calls=0 vm_calc_lighting_us=0 vm_set_light_data_calls=0 vm_set_light_data_us=0 vm_update_liquids_calls=0 vm_update_liquids_us=0
INFO[Emerge-0]: initialEmerge: area: (-1808,112,2592)(-1697,223,2703)=112x112x112=1404928 (5MB)
ACTION[Emerge-0]: GRUG_WP40_PROFILE_CALLBACK callback=60 minp=-1792,128,2608 maxp=-1713,207,2687 blockseed=3479231825 plan_us=120394 writer_us=79478 total_us=199872 columns=6400 candidate_cells=49 candidates=191 r5_runs=6400 result=noop_equal_content vm_get_emerged_area_calls=1 vm_get_emerged_area_us=1 vm_get_data_calls=1 vm_get_data_us=4056 vm_get_param2_data_calls=1 vm_get_param2_data_us=4051 vm_get_light_data_calls=0 vm_get_light_data_us=0 vm_set_data_calls=0 vm_set_data_us=0 vm_set_param2_data_calls=0 vm_set_param2_data_us=0 vm_set_lighting_calls=0 vm_set_lighting_us=0 vm_calc_lighting_calls=0 vm_calc_lighting_us=0 vm_set_light_data_calls=0 vm_set_light_data_us=0 vm_update_liquids_calls=0 vm_update_liquids_us=0
ACTION[Emerge-0]: [grug_core] start area ready: undead (4/6, 43.6 s)
ACTION[Emerge-0]: GRUG_WP40_PROFILE_PROBE phase=cold event=emerge case=pine_hearthpine_east mapchunk=-1792,-32,-2592 elapsed_us=13244555 generated=0 disk=0 memory=125 cancelled=0 errored=0
INFO[Emerge-0]: initialEmerge: area: (-128,-48,2432)(-17,63,2543)=112x112x112=1404928 (5MB)
ACTION[Server]: [grug_mobs] start npcs stillgrave: grug_mobs:guard_throng placed at socket gate_west (-1804,54,2494)
ACTION[Server]: [grug_mobs] start npcs stillgrave: grug_mobs:guard_throng placed at socket gate_east (-1796,54,2494)
ACTION[Server]: [grug_mobs] start npcs stillgrave: grug_mobs:guard_throng placed at socket watch_gate (-1800,54,2498)
ACTION[Server]: [grug_mobs] start npcs stillgrave: grug_traders:vendor_race_undead placed at socket court_vendor (-1793,54,2545)
ACTION[Server]: [grug_mobs] start npcs stillgrave: grug_mobs:villager_undead placed at socket idle_warden_door (-1813,54,2582)
ACTION[Server]: [grug_mobs] start npcs stillgrave: grug_mobs:villager_undead placed at socket idle_court_settle (-1810,54,2554)
ACTION[Server]: [grug_mobs] start npcs stillgrave: grug_mobs:villager_undead placed at socket idle_bone_works (-1778,54,2549)
ACTION[Server]: [grug_mobs] start npcs stillgrave: grug_mobs:villager_undead placed at socket idle_gate_brazier (-1805,54,2493)
ACTION[Server]: [grug_mobs] start npcs stillgrave: grug_mobs:villager_undead placed at socket work_gravewood (-1790,54,2544)
ACTION[Server]: [grug_mobs] start npcs stillgrave: grug_mobs:villager_undead placed at socket work_blightbed (-1822,54,2542)
ACTION[Server]: [grug_mobs] start npcs stillgrave: grug_mobs:elder_undead placed at socket hall_quest (-1798,54,2560)
ACTION[Server]: [grug_mobs] start npcs stillgrave: grug_mobs:villager_undead placed at socket trainer_cooking (-1798,54,2540)
ACTION[Server]: [grug_mobs] start npcs undead stillgrave: guards 3/3 flair 7/7 vendor 1/1 quest 1/1 royal 0/0 new 12 pending 0 spare 3 residents 6 walkers 1
INFO[Main]: Profiler:
INFO[Main]:   ActiveObjectMgr: SAO count [#] __________________   20x    12.15
INFO[Main]:   Emerge-0: processed [#] _________________________    1x      174
INFO[Main]:   EmergeThread: Lua on_generated [ms] _____________    3x  261.333
INFO[Main]:   EmergeThread: Mapgen::makeChunk [ms] ____________    3x   28.333
INFO[Main]:   EmergeThread: after Mapgen::makeChunk [ms] ______    3x        1
INFO[Main]:   EmergeThread: load block - async (sum) [ms] 
INFO[Main]:   EmergeThread: update lighting [ms] ______________  100x      0.4
INFO[Main]:   SEnv: modify in blocks avg per interval [ms] 
INFO[Main]:   Server: collisionMoveSimple() [us] ______________  108x     1.24
INFO[Main]:   Server: map saving (sum) [ms] ___________________    1x       12
INFO[Main]:   Server: map timer and unload [ms] _______________    1x        1
INFO[Main]:   Server: send SAO messages [ms] 
INFO[Main]:   Server: update objects within range [ms] 
INFO[Main]:   Server::AsyncRunStep() [ms] _____________________   20x      0.8
INFO[Main]:   Server::RunStep() (max) [ms] ____________________    1x       51
INFO[Main]:   Server::SendBlocks(): Collect list [ms] 
INFO[Main]:   Server::SendBlocks(): Send to clients [ms] 
INFO[Main]:   ServerEnv: ABMs run 
INFO[Main]:   ServerEnv: Run SAO::step() [ms] _________________   20x     0.05
INFO[Main]:   ServerEnv: Run node timers [ms] 
INFO[Main]:   ServerEnv: active blocks 
INFO[Main]:   ServerEnv: active blocks cached 
INFO[Main]:   ServerEnv: active blocks scanned for ABMs 
INFO[Main]:   ServerEnv: update active blocks [ms] 
INFO[Main]:   ServerEnv::step() [ms] __________________________   20x     0.15
INFO[Main]:   ServerEnvironment::removeRemovedObjects() [ms] 
INFO[Main]:   ServerMap: load block - sync (sum) [ms] _________    1x        1
INFO[Server]: ServerMap: Written: 940 blocks, 12175 blocks in memory.
INFO[Server]: ServerMap: Blocks modified by: 
INFO[Server]:   addActiveObjectRaw, deactivateFarObjects: static data changed     1x        9
INFO[Server]:   finishBlockMake: expireIsAir, MMVManip::blitBackAll     1x      277
INFO[Server]:   setGenerated, finishBlockMake: expireIsAir, MMVManip::blitBackAll     1x      186
INFO[Server]:   setIsUnderground ________________________________    1x      343
INFO[Server]:   setIsUnderground, finishBlockMake: expireIsAir, MMVManip::blitBackAll     1x       61
INFO[Server]:   setIsUnderground, setGenerated, finishBlockMake: expireIsAir, MMVManip::blitBackAll     1x       64
ACTION[Emerge-0]: GRUG_WP40_PROFILE_CALLBACK callback=61 minp=-112,-32,2448 maxp=-33,47,2527 blockseed=1736116177 plan_us=488204 writer_us=435625 total_us=923829 columns=6400 candidate_cells=49 candidates=2929 r5_runs=25600 result=applied_cplq vm_get_emerged_area_calls=1 vm_get_emerged_area_us=2 vm_get_data_calls=1 vm_get_data_us=4057 vm_get_param2_data_calls=1 vm_get_param2_data_us=4057 vm_get_light_data_calls=2 vm_get_light_data_us=8655 vm_set_data_calls=1 vm_set_data_us=7203 vm_set_param2_data_calls=1 vm_set_param2_data_us=7088 vm_set_lighting_calls=1 vm_set_lighting_us=103 vm_calc_lighting_calls=1 vm_calc_lighting_us=2524 vm_set_light_data_calls=1 vm_set_light_data_us=7015 vm_update_liquids_calls=1 vm_update_liquids_us=952
INFO[Emerge-0]: initialEmerge: area: (-48,-48,2432)(63,63,2543)=112x112x112=1404928 (5MB)
INFO[Main]: Profiler:
INFO[Main]:   ActiveObjectMgr: SAO count [#] __________________   20x     2.25
INFO[Main]:   Emerge-0: processed [#] _________________________    1x        2
INFO[Main]:   EmergeThread: Lua on_generated [ms] _____________    1x      924
INFO[Main]:   EmergeThread: Mapgen::makeChunk [ms] ____________    1x       27
INFO[Main]:   EmergeThread: after Mapgen::makeChunk [ms] ______    1x        1
INFO[Main]:   EmergeThread: load block - async (sum) [ms] 
INFO[Main]:   EmergeThread: update lighting [ms] ______________    3x    1.666
INFO[Main]:   SEnv: modify in blocks avg per interval [ms] 
INFO[Main]:   Server: collisionMoveSimple() [us] 
INFO[Main]:   Server: map saving (sum) [ms] ___________________    1x       11
INFO[Main]:   Server: map timer and unload [ms] 
INFO[Main]:   Server: send SAO messages [ms] 
INFO[Main]:   Server: update objects within range [ms] 
INFO[Main]:   Server::AsyncRunStep() [ms] _____________________   20x      0.6
INFO[Main]:   Server::RunStep() (max) [ms] ____________________    1x       51
INFO[Main]:   Server::SendBlocks(): Collect list [ms] 
INFO[Main]:   Server::SendBlocks(): Send to clients [ms] 
INFO[Main]:   ServerEnv: ABMs run 
INFO[Main]:   ServerEnv: Run SAO::step() [ms] 
INFO[Main]:   ServerEnv: Run node timers [ms] 
INFO[Main]:   ServerEnv: active blocks 
INFO[Main]:   ServerEnv: active blocks cached 
INFO[Main]:   ServerEnv: active blocks scanned for ABMs 
INFO[Main]:   ServerEnv: update active blocks [ms] ____________    1x        1
INFO[Main]:   ServerEnv::step() [ms] __________________________   20x     0.05
INFO[Main]:   ServerEnvironment::removeRemovedObjects() [ms] 
INFO[Main]:   ServerMap: load block - sync (sum) [ms] 
INFO[Server]: ServerMap: Written: 588 blocks, 12420 blocks in memory.
INFO[Server]: ServerMap: Blocks modified by: 
INFO[Server]:   finishBlockMake: expireIsAir, MMVManip::blitBackAll     1x      218
INFO[Server]:   setGenerated, finishBlockMake: expireIsAir, MMVManip::blitBackAll     1x      125
INFO[Server]:   setIsUnderground ________________________________    1x      245
ACTION[Emerge-0]: GRUG_WP40_PROFILE_CALLBACK callback=62 minp=-32,-32,2448 maxp=47,47,2527 blockseed=2735845593 plan_us=318854 writer_us=401489 total_us=720343 columns=6400 candidate_cells=49 candidates=1523 r5_runs=25600 result=applied_cplq vm_get_emerged_area_calls=1 vm_get_emerged_area_us=2 vm_get_data_calls=1 vm_get_data_us=4058 vm_get_param2_data_calls=1 vm_get_param2_data_us=3988 vm_get_light_data_calls=2 vm_get_light_data_us=8659 vm_set_data_calls=1 vm_set_data_us=7211 vm_set_param2_data_calls=1 vm_set_param2_data_us=7085 vm_set_lighting_calls=1 vm_set_lighting_us=108 vm_calc_lighting_calls=1 vm_calc_lighting_us=3199 vm_set_light_data_calls=1 vm_set_light_data_us=7013 vm_update_liquids_calls=1 vm_update_liquids_us=996
INFO[Emerge-0]: initialEmerge: area: (32,-48,2432)(143,63,2543)=112x112x112=1404928 (5MB)
INFO[Main]: Profiler:
INFO[Main]:   ActiveObjectMgr: SAO count [#] 
INFO[Main]:   Emerge-0: processed [#] _________________________    1x        5
INFO[Main]:   EmergeThread: Lua on_generated [ms] _____________    1x      721
INFO[Main]:   EmergeThread: Mapgen::makeChunk [ms] ____________    1x       27
INFO[Main]:   EmergeThread: after Mapgen::makeChunk [ms] ______    1x        1
INFO[Main]:   EmergeThread: load block - async (sum) [ms] 
INFO[Main]:   EmergeThread: update lighting [ms] ______________    3x    1.333
INFO[Main]:   SEnv: modify in blocks avg per interval [ms] 
INFO[Main]:   Server: collisionMoveSimple() [us] 
INFO[Main]:   Server: map saving (sum) [ms] ___________________    1x        8
INFO[Main]:   Server: map timer and unload [ms] 
INFO[Main]:   Server: send SAO messages [ms] 
INFO[Main]:   Server: update objects within range [ms] 
INFO[Main]:   Server::AsyncRunStep() [ms] _____________________   20x      0.4
INFO[Main]:   Server::RunStep() (max) [ms] ____________________    1x       51
INFO[Main]:   Server::SendBlocks(): Collect list [ms] 
INFO[Main]:   Server::SendBlocks(): Send to clients [ms] 
INFO[Main]:   ServerEnv: ABMs run 
INFO[Main]:   ServerEnv: Run SAO::step() [ms] 
INFO[Main]:   ServerEnv: Run node timers [ms] 
INFO[Main]:   ServerEnv: active blocks 
INFO[Main]:   ServerEnv: active blocks cached 
INFO[Main]:   ServerEnv: active blocks scanned for ABMs 
INFO[Main]:   ServerEnv: update active blocks [ms] 
INFO[Main]:   ServerEnv::step() [ms] 
INFO[Main]:   ServerEnvironment::removeRemovedObjects() [ms] 
INFO[Main]:   ServerMap: load block - sync (sum) [ms] 
INFO[Server]: ServerMap: Written: 588 blocks, 12665 blocks in memory.
INFO[Server]: ServerMap: Blocks modified by: 
INFO[Server]:   finishBlockMake: expireIsAir, MMVManip::blitBackAll     1x      218
INFO[Server]:   setGenerated, finishBlockMake: expireIsAir, MMVManip::blitBackAll     1x      125
INFO[Server]:   setIsUnderground ________________________________    1x      245
ACTION[Emerge-0]: GRUG_WP40_PROFILE_CALLBACK callback=63 minp=48,-32,2448 maxp=127,47,2527 blockseed=101387481 plan_us=452447 writer_us=480342 total_us=932789 columns=6400 candidate_cells=49 candidates=3036 r5_runs=25477 result=applied_cplq vm_get_emerged_area_calls=1 vm_get_emerged_area_us=2 vm_get_data_calls=1 vm_get_data_us=4060 vm_get_param2_data_calls=1 vm_get_param2_data_us=4056 vm_get_light_data_calls=2 vm_get_light_data_us=8201 vm_set_data_calls=1 vm_set_data_us=7206 vm_set_param2_data_calls=1 vm_set_param2_data_us=7094 vm_set_lighting_calls=1 vm_set_lighting_us=109 vm_calc_lighting_calls=1 vm_calc_lighting_us=3037 vm_set_light_data_calls=1 vm_set_light_data_us=7017 vm_update_liquids_calls=1 vm_update_liquids_us=1025
INFO[Emerge-0]: initialEmerge: area: (-128,32,2432)(-17,143,2543)=112x112x112=1404928 (5MB)
ACTION[Emerge-0]: GRUG_WP40_PROFILE_CALLBACK callback=64 minp=-112,48,2448 maxp=-33,127,2527 blockseed=1076006631 plan_us=166515 writer_us=70849 total_us=237364 columns=6400 candidate_cells=49 candidates=2929 r5_runs=6400 result=noop_equal_content vm_get_emerged_area_calls=1 vm_get_emerged_area_us=2 vm_get_data_calls=1 vm_get_data_us=4055 vm_get_param2_data_calls=1 vm_get_param2_data_us=4054 vm_get_light_data_calls=0 vm_get_light_data_us=0 vm_set_data_calls=0 vm_set_data_us=0 vm_set_param2_data_calls=0 vm_set_param2_data_us=0 vm_set_lighting_calls=0 vm_set_lighting_us=0 vm_calc_lighting_calls=0 vm_calc_lighting_us=0 vm_set_light_data_calls=0 vm_set_light_data_us=0 vm_update_liquids_calls=0 vm_update_liquids_us=0
INFO[Emerge-0]: initialEmerge: area: (-48,32,2432)(63,143,2543)=112x112x112=1404928 (5MB)
ACTION[Emerge-0]: GRUG_WP40_PROFILE_CALLBACK callback=65 minp=-32,48,2448 maxp=47,127,2527 blockseed=2048358545 plan_us=104485 writer_us=253174 total_us=357659 columns=6400 candidate_cells=49 candidates=1523 r5_runs=6400 result=applied_clq vm_get_emerged_area_calls=1 vm_get_emerged_area_us=2 vm_get_data_calls=1 vm_get_data_us=4055 vm_get_param2_data_calls=1 vm_get_param2_data_us=4079 vm_get_light_data_calls=2 vm_get_light_data_us=8485 vm_set_data_calls=1 vm_set_data_us=7204 vm_set_param2_data_calls=0 vm_set_param2_data_us=0 vm_set_lighting_calls=1 vm_set_lighting_us=131 vm_calc_lighting_calls=1 vm_calc_lighting_us=12337 vm_set_light_data_calls=1 vm_set_light_data_us=7018 vm_update_liquids_calls=1 vm_update_liquids_us=967
INFO[Emerge-0]: initialEmerge: area: (32,32,2432)(143,143,2543)=112x112x112=1404928 (5MB)
INFO[Main]: Profiler:
INFO[Main]:   ActiveObjectMgr: SAO count [#] 
INFO[Main]:   Emerge-0: processed [#] _________________________    1x       24
INFO[Main]:   EmergeThread: Lua on_generated [ms] _____________    3x  509.666
INFO[Main]:   EmergeThread: Mapgen::makeChunk [ms] ____________    3x       31
INFO[Main]:   EmergeThread: after Mapgen::makeChunk [ms] ______    3x        1
INFO[Main]:   EmergeThread: load block - async (sum) [ms] 
INFO[Main]:   EmergeThread: update lighting [ms] ______________    7x    5.857
INFO[Main]:   SEnv: modify in blocks avg per interval [ms] 
INFO[Main]:   Server: collisionMoveSimple() [us] 
INFO[Main]:   Server: map saving (sum) [ms] ___________________    1x        9
INFO[Main]:   Server: map timer and unload [ms] _______________    1x        1
INFO[Main]:   Server: send SAO messages [ms] 
INFO[Main]:   Server: update objects within range [ms] 
INFO[Main]:   Server::AsyncRunStep() [ms] _____________________   20x      0.5
INFO[Main]:   Server::RunStep() (max) [ms] ____________________    1x       51
INFO[Main]:   Server::SendBlocks(): Collect list [ms] 
INFO[Main]:   Server::SendBlocks(): Send to clients [ms] 
INFO[Main]:   ServerEnv: ABMs run 
INFO[Main]:   ServerEnv: Run SAO::step() [ms] 
INFO[Main]:   ServerEnv: Run node timers [ms] 
INFO[Main]:   ServerEnv: active blocks 
INFO[Main]:   ServerEnv: active blocks cached 
INFO[Main]:   ServerEnv: active blocks scanned for ABMs 
INFO[Main]:   ServerEnv: update active blocks [ms] 
INFO[Main]:   ServerEnv::step() [ms] 
INFO[Main]:   ServerEnvironment::removeRemovedObjects() [ms] 
INFO[Main]:   ServerMap: load block - sync (sum) [ms] _________    1x        1
INFO[Server]: ServerMap: Written: 1078 blocks, 13260 blocks in memory.
INFO[Server]: ServerMap: Blocks modified by: 
INFO[Server]:   finishBlockMake: expireIsAir, MMVManip::blitBackAll     1x      308
INFO[Server]:   setGenerated, finishBlockMake: expireIsAir, MMVManip::blitBackAll     1x      175
INFO[Server]:   setIsUnderground ________________________________    1x      175
INFO[Server]:   setIsUnderground, finishBlockMake: expireIsAir, MMVManip::blitBackAll     1x      220
INFO[Server]:   setIsUnderground, setGenerated, finishBlockMake: expireIsAir, MMVManip::blitBackAll     1x      200
ACTION[Emerge-0]: GRUG_WP40_PROFILE_CALLBACK callback=66 minp=48,48,2448 maxp=127,127,2527 blockseed=1336534161 plan_us=170503 writer_us=278662 total_us=449165 columns=6400 candidate_cells=49 candidates=3036 r5_runs=6400 result=applied_clq vm_get_emerged_area_calls=1 vm_get_emerged_area_us=1 vm_get_data_calls=1 vm_get_data_us=4059 vm_get_param2_data_calls=1 vm_get_param2_data_us=4052 vm_get_light_data_calls=2 vm_get_light_data_us=8121 vm_set_data_calls=1 vm_set_data_us=7208 vm_set_param2_data_calls=0 vm_set_param2_data_us=0 vm_set_lighting_calls=1 vm_set_lighting_us=134 vm_calc_lighting_calls=1 vm_calc_lighting_us=11119 vm_set_light_data_calls=1 vm_set_light_data_us=7016 vm_update_liquids_calls=1 vm_update_liquids_us=928
INFO[Emerge-0]: initialEmerge: area: (-128,-48,2512)(-17,63,2623)=112x112x112=1404928 (5MB)
INFO[Main]: Profiler:
INFO[Main]:   ActiveObjectMgr: SAO count [#] 
INFO[Main]:   Emerge-0: processed [#] _________________________    1x      161
INFO[Main]:   EmergeThread: Lua on_generated [ms] _____________    1x      449
INFO[Main]:   EmergeThread: Mapgen::makeChunk [ms] ____________    1x       31
INFO[Main]:   EmergeThread: after Mapgen::makeChunk [ms] ______    1x        1
INFO[Main]:   EmergeThread: load block - async (sum) [ms] 
INFO[Main]:   EmergeThread: update lighting [ms] ______________    3x    5.666
INFO[Main]:   SEnv: modify in blocks avg per interval [ms] 
INFO[Main]:   Server: collisionMoveSimple() [us] 
INFO[Main]:   Server: map saving (sum) [ms] ___________________    1x       14
INFO[Main]:   Server: map timer and unload [ms] 
INFO[Main]:   Server: send SAO messages [ms] 
INFO[Main]:   Server: update objects within range [ms] 
INFO[Main]:   Server::AsyncRunStep() [ms] _____________________   20x      0.7
INFO[Main]:   Server::RunStep() (max) [ms] ____________________    1x       51
INFO[Main]:   Server::SendBlocks(): Collect list [ms] 
INFO[Main]:   Server::SendBlocks(): Send to clients [ms] 
INFO[Main]:   ServerEnv: ABMs run 
INFO[Main]:   ServerEnv: Run SAO::step() [ms] 
INFO[Main]:   ServerEnv: Run node timers [ms] 
INFO[Main]:   ServerEnv: active blocks 
INFO[Main]:   ServerEnv: active blocks cached 
INFO[Main]:   ServerEnv: active blocks scanned for ABMs 
INFO[Main]:   ServerEnv: update active blocks [ms] 
INFO[Main]:   ServerEnv::step() [ms] 
INFO[Main]:   ServerEnvironment::removeRemovedObjects() [ms] 
INFO[Main]:   ServerMap: load block - sync (sum) [ms] _________    1x        1
INFO[Server]: ServerMap: Written: 588 blocks, 13505 blocks in memory.
INFO[Server]: ServerMap: Blocks modified by: 
INFO[Server]:   finishBlockMake: expireIsAir, MMVManip::blitBackAll     1x      218
INFO[Server]:   setGenerated, finishBlockMake: expireIsAir, MMVManip::blitBackAll     1x      125
INFO[Server]:   setIsUnderground ________________________________    1x      245
ACTION[Emerge-0]: GRUG_WP40_PROFILE_CALLBACK callback=67 minp=-112,-32,2528 maxp=-33,47,2607 blockseed=2077799985 plan_us=353564 writer_us=407600 total_us=761164 columns=6400 candidate_cells=49 candidates=2192 r5_runs=25600 result=applied_cplq vm_get_emerged_area_calls=1 vm_get_emerged_area_us=2 vm_get_data_calls=1 vm_get_data_us=4054 vm_get_param2_data_calls=1 vm_get_param2_data_us=4053 vm_get_light_data_calls=2 vm_get_light_data_us=8120 vm_set_data_calls=1 vm_set_data_us=7276 vm_set_param2_data_calls=1 vm_set_param2_data_us=7092 vm_set_lighting_calls=16 vm_set_lighting_us=110 vm_calc_lighting_calls=1 vm_calc_lighting_us=3744 vm_set_light_data_calls=1 vm_set_light_data_us=7018 vm_update_liquids_calls=1 vm_update_liquids_us=969
INFO[Emerge-0]: initialEmerge: area: (-48,-48,2512)(63,63,2623)=112x112x112=1404928 (5MB)
ACTION[Emerge-0]: GRUG_WP40_PROFILE_CALLBACK callback=68 minp=-32,-32,2528 maxp=47,47,2607 blockseed=2302954225 plan_us=190230 writer_us=326109 total_us=516339 columns=6400 candidate_cells=49 candidates=237 r5_runs=25600 result=applied_cplq vm_get_emerged_area_calls=1 vm_get_emerged_area_us=3 vm_get_data_calls=1 vm_get_data_us=4064 vm_get_param2_data_calls=1 vm_get_param2_data_us=4057 vm_get_light_data_calls=2 vm_get_light_data_us=8115 vm_set_data_calls=1 vm_set_data_us=7199 vm_set_param2_data_calls=1 vm_set_param2_data_us=7109 vm_set_lighting_calls=16 vm_set_lighting_us=115 vm_calc_lighting_calls=1 vm_calc_lighting_us=5644 vm_set_light_data_calls=1 vm_set_light_data_us=7016 vm_update_liquids_calls=1 vm_update_liquids_us=962
INFO[Emerge-0]: initialEmerge: area: (32,-48,2512)(143,63,2623)=112x112x112=1404928 (5MB)
INFO[Main]: Profiler:
INFO[Main]:   ActiveObjectMgr: SAO count [#] 
INFO[Main]:   Emerge-0: processed [#] _________________________    1x        7
INFO[Main]:   EmergeThread: Lua on_generated [ms] _____________    2x      639
INFO[Main]:   EmergeThread: Mapgen::makeChunk [ms] ____________    2x       31
INFO[Main]:   EmergeThread: after Mapgen::makeChunk [ms] ______    2x        1
INFO[Main]:   EmergeThread: load block - async (sum) [ms] 
INFO[Main]:   EmergeThread: update lighting [ms] ______________   36x    0.583
INFO[Main]:   SEnv: modify in blocks avg per interval [ms] 
INFO[Main]:   Server: collisionMoveSimple() [us] 
INFO[Main]:   Server: map saving (sum) [ms] ___________________    1x        7
INFO[Main]:   Server: map timer and unload [ms] 
INFO[Main]:   Server: send SAO messages [ms] 
INFO[Main]:   Server: update objects within range [ms] 
INFO[Main]:   Server::AsyncRunStep() [ms] _____________________   20x      0.4
INFO[Main]:   Server::RunStep() (max) [ms] ____________________    1x       51
INFO[Main]:   Server::SendBlocks(): Collect list [ms] 
INFO[Main]:   Server::SendBlocks(): Send to clients [ms] 
INFO[Main]:   ServerEnv: ABMs run 
INFO[Main]:   ServerEnv: Run SAO::step() [ms] 
INFO[Main]:   ServerEnv: Run node timers [ms] 
INFO[Main]:   ServerEnv: active blocks 
INFO[Main]:   ServerEnv: active blocks cached 
INFO[Main]:   ServerEnv: active blocks scanned for ABMs 
INFO[Main]:   ServerEnv: update active blocks [ms] 
INFO[Main]:   ServerEnv::step() [ms] 
INFO[Main]:   ServerEnvironment::removeRemovedObjects() [ms] 
INFO[Main]:   ServerMap: load block - sync (sum) [ms] 
INFO[Server]: ServerMap: Written: 763 blocks, 13855 blocks in memory.
INFO[Server]: ServerMap: Blocks modified by: 
INFO[Server]:   finishBlockMake: expireIsAir, MMVManip::blitBackAll     1x      243
INFO[Server]:   setGenerated, finishBlockMake: expireIsAir, MMVManip::blitBackAll     1x      170
INFO[Server]:   setIsUnderground ________________________________    1x      175
INFO[Server]:   setIsUnderground, finishBlockMake: expireIsAir, MMVManip::blitBackAll     1x       95
INFO[Server]:   setIsUnderground, setGenerated, finishBlockMake: expireIsAir, MMVManip::blitBackAll     1x       80
ACTION[Emerge-0]: GRUG_WP40_PROFILE_CALLBACK callback=69 minp=48,-32,2528 maxp=127,47,2607 blockseed=2205689649 plan_us=314958 writer_us=372925 total_us=687883 columns=6400 candidate_cells=49 candidates=2696 r5_runs=25479 result=applied_cplq vm_get_emerged_area_calls=1 vm_get_emerged_area_us=4 vm_get_data_calls=1 vm_get_data_us=4059 vm_get_param2_data_calls=1 vm_get_param2_data_us=4057 vm_get_light_data_calls=2 vm_get_light_data_us=8109 vm_set_data_calls=1 vm_set_data_us=6930 vm_set_param2_data_calls=1 vm_set_param2_data_us=6820 vm_set_lighting_calls=16 vm_set_lighting_us=114 vm_calc_lighting_calls=1 vm_calc_lighting_us=3960 vm_set_light_data_calls=1 vm_set_light_data_us=6754 vm_update_liquids_calls=1 vm_update_liquids_us=1004
INFO[Emerge-0]: initialEmerge: area: (-128,32,2512)(-17,143,2623)=112x112x112=1404928 (5MB)
ACTION[Emerge-0]: GRUG_WP40_PROFILE_CALLBACK callback=70 minp=-112,48,2528 maxp=-33,127,2607 blockseed=4046915585 plan_us=133248 writer_us=70754 total_us=204002 columns=6400 candidate_cells=49 candidates=2192 r5_runs=6400 result=noop_equal_content vm_get_emerged_area_calls=1 vm_get_emerged_area_us=2 vm_get_data_calls=1 vm_get_data_us=4063 vm_get_param2_data_calls=1 vm_get_param2_data_us=4056 vm_get_light_data_calls=0 vm_get_light_data_us=0 vm_set_data_calls=0 vm_set_data_us=0 vm_set_param2_data_calls=0 vm_set_param2_data_us=0 vm_set_lighting_calls=0 vm_set_lighting_us=0 vm_calc_lighting_calls=0 vm_calc_lighting_us=0 vm_set_light_data_calls=0 vm_set_light_data_us=0 vm_update_liquids_calls=0 vm_update_liquids_us=0
INFO[Emerge-0]: initialEmerge: area: (-48,32,2512)(63,143,2623)=112x112x112=1404928 (5MB)
ACTION[Emerge-0]: GRUG_WP40_PROFILE_CALLBACK callback=71 minp=-32,48,2528 maxp=47,127,2607 blockseed=3569267905 plan_us=51749 writer_us=130996 total_us=182745 columns=6400 candidate_cells=49 candidates=237 r5_runs=6400 result=applied_clq vm_get_emerged_area_calls=1 vm_get_emerged_area_us=2 vm_get_data_calls=1 vm_get_data_us=3791 vm_get_param2_data_calls=1 vm_get_param2_data_us=3791 vm_get_light_data_calls=2 vm_get_light_data_us=7571 vm_set_data_calls=1 vm_set_data_us=7478 vm_set_param2_data_calls=0 vm_set_param2_data_us=0 vm_set_lighting_calls=35 vm_set_lighting_us=23 vm_calc_lighting_calls=1 vm_calc_lighting_us=13209 vm_set_light_data_calls=1 vm_set_light_data_us=7281 vm_update_liquids_calls=1 vm_update_liquids_us=1006
INFO[Emerge-0]: initialEmerge: area: (32,32,2512)(143,143,2623)=112x112x112=1404928 (5MB)
INFO[Main]: Profiler:
INFO[Main]:   ActiveObjectMgr: SAO count [#] 
INFO[Main]:   Emerge-0: processed [#] _________________________    1x       24
INFO[Main]:   EmergeThread: Lua on_generated [ms] _____________    3x  358.333
INFO[Main]:   EmergeThread: Mapgen::makeChunk [ms] ____________    3x       31
INFO[Main]:   EmergeThread: after Mapgen::makeChunk [ms] ______    3x        1
INFO[Main]:   EmergeThread: load block - async (sum) [ms] 
INFO[Main]:   EmergeThread: update lighting [ms] ______________   56x    0.946
INFO[Main]:   SEnv: modify in blocks avg per interval [ms] 
INFO[Main]:   Server: collisionMoveSimple() [us] 
INFO[Main]:   Server: map saving (sum) [ms] ___________________    1x       11
INFO[Main]:   Server: map timer and unload [ms] _______________    1x        1
INFO[Main]:   Server: send SAO messages [ms] 
INFO[Main]:   Server: update objects within range [ms] 
INFO[Main]:   Server::AsyncRunStep() [ms] _____________________   20x      0.6
INFO[Main]:   Server::RunStep() (max) [ms] ____________________    1x       51
INFO[Main]:   Server::SendBlocks(): Collect list [ms] 
INFO[Main]:   Server::SendBlocks(): Send to clients [ms] 
INFO[Main]:   ServerEnv: ABMs run 
INFO[Main]:   ServerEnv: Run SAO::step() [ms] 
INFO[Main]:   ServerEnv: Run node timers [ms] 
INFO[Main]:   ServerEnv: active blocks 
INFO[Main]:   ServerEnv: active blocks cached 
INFO[Main]:   ServerEnv: active blocks scanned for ABMs 
INFO[Main]:   ServerEnv: update active blocks [ms] 
INFO[Main]:   ServerEnv::step() [ms] 
INFO[Main]:   ServerEnvironment::removeRemovedObjects() [ms] 
INFO[Main]:   ServerMap: load block - sync (sum) [ms] _________    1x        1
INFO[Server]: ServerMap: Written: 1028 blocks, 14280 blocks in memory.
INFO[Server]: ServerMap: Blocks modified by: 
INFO[Server]:   finishBlockMake: expireIsAir, MMVManip::blitBackAll     1x      388
INFO[Server]:   setGenerated, finishBlockMake: expireIsAir, MMVManip::blitBackAll     1x      215
INFO[Server]:   setIsUnderground ________________________________    1x      125
INFO[Server]:   setIsUnderground, finishBlockMake: expireIsAir, MMVManip::blitBackAll     1x      140
INFO[Server]:   setIsUnderground, setGenerated, finishBlockMake: expireIsAir, MMVManip::blitBackAll     1x      160
ACTION[Emerge-0]: GRUG_WP40_PROFILE_CALLBACK callback=72 minp=48,48,2528 maxp=127,127,2607 blockseed=2802887041 plan_us=150728 writer_us=71626 total_us=222354 columns=6400 candidate_cells=49 candidates=2696 r5_runs=6400 result=noop_equal_content vm_get_emerged_area_calls=1 vm_get_emerged_area_us=2 vm_get_data_calls=1 vm_get_data_us=3794 vm_get_param2_data_calls=1 vm_get_param2_data_us=3788 vm_get_light_data_calls=0 vm_get_light_data_us=0 vm_set_data_calls=0 vm_set_data_us=0 vm_set_param2_data_calls=0 vm_set_param2_data_us=0 vm_set_lighting_calls=0 vm_set_lighting_us=0 vm_calc_lighting_calls=0 vm_calc_lighting_us=0 vm_set_light_data_calls=0 vm_set_light_data_us=0 vm_update_liquids_calls=0 vm_update_liquids_us=0
INFO[Emerge-0]: initialEmerge: area: (-128,-48,2592)(-17,63,2703)=112x112x112=1404928 (5MB)
ACTION[Emerge-0]: GRUG_WP40_PROFILE_CALLBACK callback=73 minp=-112,-32,2608 maxp=-33,47,2687 blockseed=1106384225 plan_us=403549 writer_us=426896 total_us=830445 columns=6400 candidate_cells=49 candidates=3332 r5_runs=24689 result=applied_cplq vm_get_emerged_area_calls=1 vm_get_emerged_area_us=2 vm_get_data_calls=1 vm_get_data_us=4057 vm_get_param2_data_calls=1 vm_get_param2_data_us=4055 vm_get_light_data_calls=2 vm_get_light_data_us=8656 vm_set_data_calls=1 vm_set_data_us=6944 vm_set_param2_data_calls=1 vm_set_param2_data_us=6824 vm_set_lighting_calls=16 vm_set_lighting_us=120 vm_calc_lighting_calls=1 vm_calc_lighting_us=3676 vm_set_light_data_calls=1 vm_set_light_data_us=7011 vm_update_liquids_calls=1 vm_update_liquids_us=973
INFO[Emerge-0]: initialEmerge: area: (-48,-48,2592)(63,63,2703)=112x112x112=1404928 (5MB)
INFO[Main]: Profiler:
INFO[Main]:   ActiveObjectMgr: SAO count [#] 
INFO[Main]:   Emerge-0: processed [#] _________________________    1x      291
INFO[Main]:   EmergeThread: Lua on_generated [ms] _____________    2x      526
INFO[Main]:   EmergeThread: Mapgen::makeChunk [ms] ____________    1x       31
INFO[Main]:   EmergeThread: after Mapgen::makeChunk [ms] ______    2x      1.5
INFO[Main]:   EmergeThread: load block - async (sum) [ms] 
INFO[Main]:   EmergeThread: update lighting [ms] ______________   18x      0.5
INFO[Main]:   SEnv: modify in blocks avg per interval [ms] 
INFO[Main]:   Server: collisionMoveSimple() [us] 
INFO[Main]:   Server: map saving (sum) [ms] ___________________    1x       13
INFO[Main]:   Server: map timer and unload [ms] 
INFO[Main]:   Server: send SAO messages [ms] 
INFO[Main]:   Server: update objects within range [ms] 
INFO[Main]:   Server::AsyncRunStep() [ms] _____________________   20x      0.7
INFO[Main]:   Server::RunStep() (max) [ms] ____________________    1x       51
INFO[Main]:   Server::SendBlocks(): Collect list [ms] 
INFO[Main]:   Server::SendBlocks(): Send to clients [ms] 
INFO[Main]:   ServerEnv: ABMs run 
INFO[Main]:   ServerEnv: Run SAO::step() [ms] 
INFO[Main]:   ServerEnv: Run node timers [ms] 
INFO[Main]:   ServerEnv: active blocks 
INFO[Main]:   ServerEnv: active blocks cached 
INFO[Main]:   ServerEnv: active blocks scanned for ABMs 
INFO[Main]:   ServerEnv: update active blocks [ms] 
INFO[Main]:   ServerEnv::step() [ms] __________________________   20x     0.05
INFO[Main]:   ServerEnvironment::removeRemovedObjects() [ms] 
INFO[Main]:   ServerMap: load block - sync (sum) [ms] _________    1x        2
INFO[Server]: ServerMap: Written: 861 blocks, 14700 blocks in memory.
INFO[Server]: ServerMap: Blocks modified by: 
INFO[Server]:   finishBlockMake: expireIsAir, MMVManip::blitBackAll     1x      291
INFO[Server]:   setGenerated, finishBlockMake: expireIsAir, MMVManip::blitBackAll     1x      150
INFO[Server]:   setIsUnderground ________________________________    1x      175
INFO[Server]:   setIsUnderground, finishBlockMake: expireIsAir, MMVManip::blitBackAll     1x      145
INFO[Server]:   setIsUnderground, setGenerated, finishBlockMake: expireIsAir, MMVManip::blitBackAll     1x      100
ACTION[Emerge-0]: GRUG_WP40_PROFILE_CALLBACK callback=74 minp=-32,-32,2608 maxp=47,47,2687 blockseed=613314913 plan_us=363416 writer_us=356503 total_us=719919 columns=6400 candidate_cells=49 candidates=2841 r5_runs=24687 result=applied_cplq vm_get_emerged_area_calls=1 vm_get_emerged_area_us=2 vm_get_data_calls=1 vm_get_data_us=4060 vm_get_param2_data_calls=1 vm_get_param2_data_us=4056 vm_get_light_data_calls=2 vm_get_light_data_us=8153 vm_set_data_calls=1 vm_set_data_us=7201 vm_set_param2_data_calls=1 vm_set_param2_data_us=6894 vm_set_lighting_calls=16 vm_set_lighting_us=119 vm_calc_lighting_calls=1 vm_calc_lighting_us=4227 vm_set_light_data_calls=1 vm_set_light_data_us=7015 vm_update_liquids_calls=1 vm_update_liquids_us=960
INFO[Emerge-0]: initialEmerge: area: (32,-48,2592)(143,63,2703)=112x112x112=1404928 (5MB)
INFO[Main]: Profiler:
INFO[Main]:   ActiveObjectMgr: SAO count [#] 
INFO[Main]:   Emerge-0: processed [#] _________________________    1x        5
INFO[Main]:   EmergeThread: Lua on_generated [ms] _____________    1x      720
INFO[Main]:   EmergeThread: Mapgen::makeChunk [ms] ____________    2x     31.5
INFO[Main]:   EmergeThread: after Mapgen::makeChunk [ms] 
INFO[Main]:   EmergeThread: load block - async (sum) [ms] 
INFO[Main]:   EmergeThread: update lighting [ms] ______________   19x    0.894
INFO[Main]:   SEnv: modify in blocks avg per interval [ms] 
INFO[Main]:   Server: collisionMoveSimple() [us] 
INFO[Main]:   Server: map saving (sum) [ms] ___________________    1x       12
INFO[Main]:   Server: map timer and unload [ms] 
INFO[Main]:   Server: send SAO messages [ms] 
INFO[Main]:   Server: update objects within range [ms] 
INFO[Main]:   Server::AsyncRunStep() [ms] _____________________   20x      0.6
INFO[Main]:   Server::RunStep() (max) [ms] ____________________    1x       51
INFO[Main]:   Server::SendBlocks(): Collect list [ms] 
INFO[Main]:   Server::SendBlocks(): Send to clients [ms] 
INFO[Main]:   ServerEnv: ABMs run 
INFO[Main]:   ServerEnv: Run SAO::step() [ms] 
INFO[Main]:   ServerEnv: Run node timers [ms] 
INFO[Main]:   ServerEnv: active blocks 
INFO[Main]:   ServerEnv: active blocks cached 
INFO[Main]:   ServerEnv: active blocks scanned for ABMs 
INFO[Main]:   ServerEnv: update active blocks [ms] 
INFO[Main]:   ServerEnv::step() [ms] 
INFO[Main]:   ServerEnvironment::removeRemovedObjects() [ms] 
INFO[Main]:   ServerMap: load block - sync (sum) [ms] _________    1x        1
INFO[Server]: ServerMap: Written: 518 blocks, 14875 blocks in memory.
INFO[Server]: ServerMap: Blocks modified by: 
INFO[Server]:   finishBlockMake: expireIsAir, MMVManip::blitBackAll     1x      218
INFO[Server]:   setGenerated, finishBlockMake: expireIsAir, MMVManip::blitBackAll     1x      125
INFO[Server]:   setIsUnderground ________________________________    1x      175
ACTION[Emerge-0]: GRUG_WP40_PROFILE_CALLBACK callback=75 minp=48,-32,2608 maxp=127,47,2687 blockseed=1123358215 plan_us=333232 writer_us=376966 total_us=710198 columns=6400 candidate_cells=49 candidates=3550 r5_runs=24607 result=applied_cplq vm_get_emerged_area_calls=1 vm_get_emerged_area_us=2 vm_get_data_calls=1 vm_get_data_us=4064 vm_get_param2_data_calls=1 vm_get_param2_data_us=4066 vm_get_light_data_calls=2 vm_get_light_data_us=8392 vm_set_data_calls=1 vm_set_data_us=7202 vm_set_param2_data_calls=1 vm_set_param2_data_us=6875 vm_set_lighting_calls=16 vm_set_lighting_us=117 vm_calc_lighting_calls=1 vm_calc_lighting_us=3931 vm_set_light_data_calls=1 vm_set_light_data_us=7048 vm_update_liquids_calls=1 vm_update_liquids_us=980
INFO[Emerge-0]: initialEmerge: area: (-128,32,2592)(-17,143,2703)=112x112x112=1404928 (5MB)
ACTION[Emerge-0]: GRUG_WP40_PROFILE_CALLBACK callback=76 minp=-112,48,2608 maxp=-33,127,2687 blockseed=3211498937 plan_us=178363 writer_us=77407 total_us=255770 columns=6400 candidate_cells=49 candidates=3332 r5_runs=6400 result=noop_equal_content vm_get_emerged_area_calls=1 vm_get_emerged_area_us=2 vm_get_data_calls=1 vm_get_data_us=4056 vm_get_param2_data_calls=1 vm_get_param2_data_us=4057 vm_get_light_data_calls=0 vm_get_light_data_us=0 vm_set_data_calls=0 vm_set_data_us=0 vm_set_param2_data_calls=0 vm_set_param2_data_us=0 vm_set_lighting_calls=0 vm_set_lighting_us=0 vm_calc_lighting_calls=0 vm_calc_lighting_us=0 vm_set_light_data_calls=0 vm_set_light_data_us=0 vm_update_liquids_calls=0 vm_update_liquids_us=0
INFO[Emerge-0]: initialEmerge: area: (-48,32,2592)(63,143,2703)=112x112x112=1404928 (5MB)
INFO[Main]: Profiler:
INFO[Main]:   ActiveObjectMgr: SAO count [#] 
INFO[Main]:   Emerge-0: processed [#] _________________________    1x       19
INFO[Main]:   EmergeThread: Lua on_generated [ms] _____________    2x      483
INFO[Main]:   EmergeThread: Mapgen::makeChunk [ms] ____________    2x     27.5
INFO[Main]:   EmergeThread: after Mapgen::makeChunk [ms] ______    2x        1
INFO[Main]:   EmergeThread: load block - async (sum) [ms] 
INFO[Main]:   EmergeThread: update lighting [ms] ______________   19x    1.473
INFO[Main]:   SEnv: modify in blocks avg per interval [ms] 
INFO[Main]:   Server: collisionMoveSimple() [us] 
INFO[Main]:   Server: map saving (sum) [ms] ___________________    1x        8
INFO[Main]:   Server: map timer and unload [ms] _______________    1x        1
INFO[Main]:   Server: send SAO messages [ms] 
INFO[Main]:   Server: update objects within range [ms] 
INFO[Main]:   Server::AsyncRunStep() [ms] _____________________   20x     0.45
INFO[Main]:   Server::RunStep() (max) [ms] ____________________    1x       51
INFO[Main]:   Server::SendBlocks(): Collect list [ms] 
INFO[Main]:   Server::SendBlocks(): Send to clients [ms] 
INFO[Main]:   ServerEnv: ABMs run 
INFO[Main]:   ServerEnv: Run SAO::step() [ms] 
INFO[Main]:   ServerEnv: Run node timers [ms] 
INFO[Main]:   ServerEnv: active blocks 
INFO[Main]:   ServerEnv: active blocks cached 
INFO[Main]:   ServerEnv: active blocks scanned for ABMs 
INFO[Main]:   ServerEnv: update active blocks [ms] 
INFO[Main]:   ServerEnv::step() [ms] 
INFO[Main]:   ServerEnvironment::removeRemovedObjects() [ms] 
INFO[Main]:   ServerMap: load block - sync (sum) [ms] 
ACTION[Emerge-0]: GRUG_WP40_PROFILE_CALLBACK callback=77 minp=-32,48,2608 maxp=47,127,2687 blockseed=2496729209 plan_us=154123 writer_us=76607 total_us=230730 columns=6400 candidate_cells=49 candidates=2841 r5_runs=6400 result=noop_equal_content vm_get_emerged_area_calls=1 vm_get_emerged_area_us=2 vm_get_data_calls=1 vm_get_data_us=4063 vm_get_param2_data_calls=1 vm_get_param2_data_us=4057 vm_get_light_data_calls=0 vm_get_light_data_us=0 vm_set_data_calls=0 vm_set_data_us=0 vm_set_param2_data_calls=0 vm_set_param2_data_us=0 vm_set_lighting_calls=0 vm_set_lighting_us=0 vm_calc_lighting_calls=0 vm_calc_lighting_us=0 vm_set_light_data_calls=0 vm_set_light_data_us=0 vm_update_liquids_calls=0 vm_update_liquids_us=0
INFO[Emerge-0]: initialEmerge: area: (32,32,2592)(143,143,2703)=112x112x112=1404928 (5MB)
INFO[Server]: ServerMap: Written: 1028 blocks, 15300 blocks in memory.
INFO[Server]: ServerMap: Blocks modified by: 
INFO[Server]:   finishBlockMake: expireIsAir, MMVManip::blitBackAll     1x      388
INFO[Server]:   setGenerated, finishBlockMake: expireIsAir, MMVManip::blitBackAll     1x      215
INFO[Server]:   setIsUnderground ________________________________    1x      125
INFO[Server]:   setIsUnderground, finishBlockMake: expireIsAir, MMVManip::blitBackAll     1x      140
INFO[Server]:   setIsUnderground, setGenerated, finishBlockMake: expireIsAir, MMVManip::blitBackAll     1x      160
ACTION[Emerge-0]: GRUG_WP40_PROFILE_CALLBACK callback=78 minp=48,48,2608 maxp=127,127,2687 blockseed=648904237 plan_us=182934 writer_us=77895 total_us=260829 columns=6400 candidate_cells=49 candidates=3550 r5_runs=6400 result=noop_equal_content vm_get_emerged_area_calls=1 vm_get_emerged_area_us=1 vm_get_data_calls=1 vm_get_data_us=4067 vm_get_param2_data_calls=1 vm_get_param2_data_us=4052 vm_get_light_data_calls=0 vm_get_light_data_us=0 vm_set_data_calls=0 vm_set_data_us=0 vm_set_param2_data_calls=0 vm_set_param2_data_us=0 vm_set_lighting_calls=0 vm_set_lighting_us=0 vm_calc_lighting_calls=0 vm_calc_lighting_us=0 vm_set_light_data_calls=0 vm_set_light_data_us=0 vm_update_liquids_calls=0 vm_update_liquids_us=0
ACTION[Emerge-0]: [grug_core] start area ready: orc (5/6, 53.4 s)
INFO[Emerge-0]: initialEmerge: area: (1712,-48,2432)(1823,63,2543)=112x112x112=1404928 (5MB)
ACTION[Server]: [grug_mobs] start npcs sunscar: grug_mobs:guard_throng placed at socket gate_west (-4,36,2499)
ACTION[Server]: [grug_mobs] start npcs sunscar: grug_mobs:guard_throng placed at socket gate_east (4,36,2499)
ACTION[Server]: [grug_mobs] start npcs sunscar: grug_mobs:guard_throng placed at socket watch_gate (0,36,2510)
ACTION[Server]: [grug_mobs] start npcs sunscar: grug_traders:vendor_race_orc placed at socket yard_vendor (8,36,2545)
ACTION[Server]: [grug_mobs] start npcs sunscar: grug_mobs:villager_orc placed at socket idle_tusk_door (-11,36,2528)
ACTION[Server]: [grug_mobs] start npcs sunscar: grug_mobs:villager_orc placed at socket idle_council_seat (-3,36,2558)
ACTION[Server]: [grug_mobs] start npcs sunscar: grug_mobs:villager_orc placed at socket idle_beast_pen (-25,36,2548)
ACTION[Server]: [grug_mobs] start npcs sunscar: grug_mobs:villager_orc placed at socket idle_armoury_forge (20,36,2548)
ACTION[Server]: [grug_mobs] start npcs sunscar: grug_mobs:villager_orc placed at socket work_forge (-34,36,2552)
ACTION[Server]: [grug_mobs] start npcs sunscar: grug_mobs:villager_orc placed at socket work_acacia (-14,36,2549)
ACTION[Server]: [grug_mobs] start npcs sunscar: grug_mobs:elder_orc placed at socket hall_quest (3,36,2562)
ACTION[Server]: [grug_mobs] start npcs sunscar: grug_mobs:villager_orc placed at socket trainer_cooking (2,36,2540)
ACTION[Server]: [grug_mobs] start npcs orc sunscar: guards 3/3 flair 7/7 vendor 1/1 quest 1/1 royal 0/0 new 12 pending 0 spare 3 residents 6 walkers 1
INFO[Main]: Profiler:
INFO[Main]:   ActiveObjectMgr: SAO count [#] __________________   20x     18.9
INFO[Main]:   Emerge-0: processed [#] _________________________    1x       38
INFO[Main]:   EmergeThread: Lua on_generated [ms] _____________    2x      246
INFO[Main]:   EmergeThread: Mapgen::makeChunk [ms] ____________    2x       28
INFO[Main]:   EmergeThread: after Mapgen::makeChunk [ms] ______    2x      1.5
INFO[Main]:   EmergeThread: load block - async (sum) [ms] 
INFO[Main]:   EmergeThread: update lighting [ms] ______________    2x      7.5
INFO[Main]:   SEnv: modify in blocks avg per interval [ms] 
INFO[Main]:   Server: collisionMoveSimple() [us] ______________  168x    1.821
INFO[Main]:   Server: map saving (sum) [ms] ___________________    1x       13
INFO[Main]:   Server: map timer and unload [ms] 
INFO[Main]:   Server: send SAO messages [ms] 
INFO[Main]:   Server: update objects within range [ms] 
INFO[Main]:   Server::AsyncRunStep() [ms] _____________________   20x     0.95
INFO[Main]:   Server::RunStep() (max) [ms] ____________________    1x       51
INFO[Main]:   Server::SendBlocks(): Collect list [ms] 
INFO[Main]:   Server::SendBlocks(): Send to clients [ms] 
INFO[Main]:   ServerEnv: ABMs run 
INFO[Main]:   ServerEnv: Run SAO::step() [ms] _________________   20x      0.1
INFO[Main]:   ServerEnv: Run node timers [ms] 
INFO[Main]:   ServerEnv: active blocks 
INFO[Main]:   ServerEnv: active blocks cached 
INFO[Main]:   ServerEnv: active blocks scanned for ABMs 
INFO[Main]:   ServerEnv: update active blocks [ms] 
INFO[Main]:   ServerEnv::step() [ms] __________________________   20x     0.25
INFO[Main]:   ServerEnvironment::removeRemovedObjects() [ms] 
INFO[Main]:   ServerMap: load block - sync (sum) [ms] 
INFO[Server]: ServerMap: Written: 696 blocks, 15643 blocks in memory.
INFO[Server]: ServerMap: Blocks modified by: 
INFO[Server]:   addActiveObjectRaw, deactivateFarObjects: static data changed     1x       10
INFO[Server]:   finishBlockMake: expireIsAir, MMVManip::blitBackAll     1x      218
INFO[Server]:   setGenerated, finishBlockMake: expireIsAir, MMVManip::blitBackAll     1x      125
INFO[Server]:   setIsUnderground ________________________________    1x      343
ACTION[Emerge-0]: GRUG_WP40_PROFILE_CALLBACK callback=79 minp=1728,-32,2448 maxp=1807,47,2527 blockseed=3645849777 plan_us=383528 writer_us=426313 total_us=809841 columns=6400 candidate_cells=49 candidates=298 r5_runs=25600 result=applied_cplq vm_get_emerged_area_calls=1 vm_get_emerged_area_us=3 vm_get_data_calls=1 vm_get_data_us=4057 vm_get_param2_data_calls=1 vm_get_param2_data_us=4059 vm_get_light_data_calls=2 vm_get_light_data_us=7863 vm_set_data_calls=1 vm_set_data_us=7214 vm_set_param2_data_calls=1 vm_set_param2_data_us=7138 vm_set_lighting_calls=1 vm_set_lighting_us=143 vm_calc_lighting_calls=1 vm_calc_lighting_us=3924 vm_set_light_data_calls=1 vm_set_light_data_us=6972 vm_update_liquids_calls=1 vm_update_liquids_us=958
INFO[Emerge-0]: initialEmerge: area: (1792,-48,2432)(1903,63,2543)=112x112x112=1404928 (5MB)
ACTION[Emerge-0]: GRUG_WP40_PROFILE_CALLBACK callback=80 minp=1808,-32,2448 maxp=1887,47,2527 blockseed=4275264689 plan_us=273771 writer_us=348294 total_us=622065 columns=6400 candidate_cells=49 candidates=331 r5_runs=25600 result=applied_cplq vm_get_emerged_area_calls=1 vm_get_emerged_area_us=3 vm_get_data_calls=1 vm_get_data_us=4068 vm_get_param2_data_calls=1 vm_get_param2_data_us=4059 vm_get_light_data_calls=2 vm_get_light_data_us=8127 vm_set_data_calls=1 vm_set_data_us=7207 vm_set_param2_data_calls=1 vm_set_param2_data_us=7085 vm_set_lighting_calls=1 vm_set_lighting_us=75 vm_calc_lighting_calls=1 vm_calc_lighting_us=4854 vm_set_light_data_calls=1 vm_set_light_data_us=6986 vm_update_liquids_calls=1 vm_update_liquids_us=994
INFO[Emerge-0]: initialEmerge: area: (1712,32,2432)(1823,143,2543)=112x112x112=1404928 (5MB)
ACTION[Emerge-0]: GRUG_WP40_PROFILE_CALLBACK callback=81 minp=1728,48,2448 maxp=1807,127,2527 blockseed=3954518793 plan_us=73523 writer_us=72186 total_us=145709 columns=6400 candidate_cells=49 candidates=298 r5_runs=6400 result=noop_equal_content vm_get_emerged_area_calls=1 vm_get_emerged_area_us=2 vm_get_data_calls=1 vm_get_data_us=4057 vm_get_param2_data_calls=1 vm_get_param2_data_us=4059 vm_get_light_data_calls=0 vm_get_light_data_us=0 vm_set_data_calls=0 vm_set_data_us=0 vm_set_param2_data_calls=0 vm_set_param2_data_us=0 vm_set_lighting_calls=0 vm_set_lighting_us=0 vm_calc_lighting_calls=0 vm_calc_lighting_us=0 vm_set_light_data_calls=0 vm_set_light_data_us=0 vm_update_liquids_calls=0 vm_update_liquids_us=0
INFO[Emerge-0]: initialEmerge: area: (1792,32,2432)(1903,143,2543)=112x112x112=1404928 (5MB)
INFO[Main]: Profiler:
INFO[Main]:   ActiveObjectMgr: SAO count [#] __________________   20x     2.25
INFO[Main]:   Emerge-0: processed [#] _________________________    1x       32
INFO[Main]:   EmergeThread: Lua on_generated [ms] _____________    3x      526
INFO[Main]:   EmergeThread: Mapgen::makeChunk [ms] ____________    3x   26.666
INFO[Main]:   EmergeThread: after Mapgen::makeChunk [ms] ______    3x    0.333
INFO[Main]:   EmergeThread: load block - async (sum) [ms] 
INFO[Main]:   EmergeThread: update lighting [ms] ______________    7x    4.571
INFO[Main]:   SEnv: modify in blocks avg per interval [ms] 
INFO[Main]:   Server: collisionMoveSimple() [us] 
INFO[Main]:   Server: map saving (sum) [ms] ___________________    1x        9
INFO[Main]:   Server: map timer and unload [ms] 
INFO[Main]:   Server: send SAO messages [ms] 
INFO[Main]:   Server: update objects within range [ms] 
INFO[Main]:   Server::AsyncRunStep() [ms] _____________________   20x      0.5
INFO[Main]:   Server::RunStep() (max) [ms] ____________________    1x       51
INFO[Main]:   Server::SendBlocks(): Collect list [ms] 
INFO[Main]:   Server::SendBlocks(): Send to clients [ms] 
INFO[Main]:   ServerEnv: ABMs run 
INFO[Main]:   ServerEnv: Run SAO::step() [ms] 
INFO[Main]:   ServerEnv: Run node timers [ms] 
INFO[Main]:   ServerEnv: active blocks 
INFO[Main]:   ServerEnv: active blocks cached 
INFO[Main]:   ServerEnv: active blocks scanned for ABMs 
INFO[Main]:   ServerEnv: update active blocks [ms] 
INFO[Main]:   ServerEnv::step() [ms] __________________________   20x     0.05
INFO[Main]:   ServerEnvironment::removeRemovedObjects() [ms] __    2x      0.5
INFO[Main]:   ServerMap: load block - sync (sum) [ms] _________    1x        2
INFO[Server]: ServerMap: Written: 1008 blocks, 16308 blocks in memory.
INFO[Server]: ServerMap: Blocks modified by: 
INFO[Server]:   finishBlockMake: expireIsAir, MMVManip::blitBackAll     1x      168
INFO[Server]:   setGenerated, finishBlockMake: expireIsAir, MMVManip::blitBackAll     1x      175
INFO[Server]:   setIsUnderground ________________________________    1x      175
INFO[Server]:   setIsUnderground, finishBlockMake: expireIsAir, MMVManip::blitBackAll     1x      290
INFO[Server]:   setIsUnderground, setGenerated, finishBlockMake: expireIsAir, MMVManip::blitBackAll     1x      200
ACTION[Emerge-0]: GRUG_WP40_PROFILE_CALLBACK callback=82 minp=1808,48,2448 maxp=1887,127,2527 blockseed=696463113 plan_us=63278 writer_us=71717 total_us=134995 columns=6400 candidate_cells=49 candidates=331 r5_runs=6400 result=noop_equal_content vm_get_emerged_area_calls=1 vm_get_emerged_area_us=1 vm_get_data_calls=1 vm_get_data_us=4064 vm_get_param2_data_calls=1 vm_get_param2_data_us=4047 vm_get_light_data_calls=0 vm_get_light_data_us=0 vm_set_data_calls=0 vm_set_data_us=0 vm_set_param2_data_calls=0 vm_set_param2_data_us=0 vm_set_lighting_calls=0 vm_set_lighting_us=0 vm_calc_lighting_calls=0 vm_calc_lighting_us=0 vm_set_light_data_calls=0 vm_set_light_data_us=0 vm_update_liquids_calls=0 vm_update_liquids_us=0
INFO[Emerge-0]: initialEmerge: area: (1712,-48,2512)(1823,63,2623)=112x112x112=1404928 (5MB)
ACTION[Emerge-0]: GRUG_WP40_PROFILE_CALLBACK callback=83 minp=1728,-32,2528 maxp=1807,47,2607 blockseed=1950670441 plan_us=261981 writer_us=407648 total_us=669629 columns=6400 candidate_cells=49 candidates=143 r5_runs=25600 result=applied_cplq vm_get_emerged_area_calls=1 vm_get_emerged_area_us=2 vm_get_data_calls=1 vm_get_data_us=4057 vm_get_param2_data_calls=1 vm_get_param2_data_us=4056 vm_get_light_data_calls=2 vm_get_light_data_us=8118 vm_set_data_calls=1 vm_set_data_us=7196 vm_set_param2_data_calls=1 vm_set_param2_data_us=7272 vm_set_lighting_calls=16 vm_set_lighting_us=115 vm_calc_lighting_calls=1 vm_calc_lighting_us=6352 vm_set_light_data_calls=1 vm_set_light_data_us=7017 vm_update_liquids_calls=1 vm_update_liquids_us=994
INFO[Emerge-0]: initialEmerge: area: (1792,-48,2512)(1903,63,2623)=112x112x112=1404928 (5MB)
INFO[Main]: Profiler:
INFO[Main]:   ActiveObjectMgr: SAO count [#] 
INFO[Main]:   Emerge-0: processed [#] _________________________    1x      162
INFO[Main]:   EmergeThread: Lua on_generated [ms] _____________    2x    402.5
INFO[Main]:   EmergeThread: Mapgen::makeChunk [ms] ____________    2x       29
INFO[Main]:   EmergeThread: after Mapgen::makeChunk [ms] ______    2x        1
INFO[Main]:   EmergeThread: load block - async (sum) [ms] 
INFO[Main]:   EmergeThread: update lighting [ms] ______________   19x    0.684
INFO[Main]:   SEnv: modify in blocks avg per interval [ms] 
INFO[Main]:   Server: collisionMoveSimple() [us] 
INFO[Main]:   Server: map saving (sum) [ms] ___________________    1x       15
INFO[Main]:   Server: map timer and unload [ms] _______________    1x        1
INFO[Main]:   Server: send SAO messages [ms] 
INFO[Main]:   Server: update objects within range [ms] 
INFO[Main]:   Server::AsyncRunStep() [ms] _____________________   20x      0.8
INFO[Main]:   Server::RunStep() (max) [ms] ____________________    1x       51
INFO[Main]:   Server::SendBlocks(): Collect list [ms] 
INFO[Main]:   Server::SendBlocks(): Send to clients [ms] 
INFO[Main]:   ServerEnv: ABMs run 
INFO[Main]:   ServerEnv: Run SAO::step() [ms] 
INFO[Main]:   ServerEnv: Run node timers [ms] 
INFO[Main]:   ServerEnv: active blocks 
INFO[Main]:   ServerEnv: active blocks cached 
INFO[Main]:   ServerEnv: active blocks scanned for ABMs 
INFO[Main]:   ServerEnv: update active blocks [ms] 
INFO[Main]:   ServerEnv::step() [ms] 
INFO[Main]:   ServerEnvironment::removeRemovedObjects() [ms] 
INFO[Main]:   ServerMap: load block - sync (sum) [ms] _________    1x        1
INFO[Server]: ServerMap: Written: 853 blocks, 16728 blocks in memory.
INFO[Server]: ServerMap: Blocks modified by: 
INFO[Server]:   finishBlockMake: expireIsAir, MMVManip::blitBackAll     1x      283
INFO[Server]:   setGenerated, finishBlockMake: expireIsAir, MMVManip::blitBackAll     1x      150
INFO[Server]:   setIsUnderground ________________________________    1x      175
INFO[Server]:   setIsUnderground, finishBlockMake: expireIsAir, MMVManip::blitBackAll     1x      145
INFO[Server]:   setIsUnderground, setGenerated, finishBlockMake: expireIsAir, MMVManip::blitBackAll     1x      100
ACTION[Emerge-0]: GRUG_WP40_PROFILE_CALLBACK callback=84 minp=1808,-32,2528 maxp=1887,47,2607 blockseed=2946524457 plan_us=191367 writer_us=313902 total_us=505269 columns=6400 candidate_cells=49 candidates=228 r5_runs=25600 result=applied_cplq vm_get_emerged_area_calls=1 vm_get_emerged_area_us=1 vm_get_data_calls=1 vm_get_data_us=4072 vm_get_param2_data_calls=1 vm_get_param2_data_us=4068 vm_get_light_data_calls=2 vm_get_light_data_us=8659 vm_set_data_calls=1 vm_set_data_us=7194 vm_set_param2_data_calls=1 vm_set_param2_data_us=7087 vm_set_lighting_calls=16 vm_set_lighting_us=73 vm_calc_lighting_calls=1 vm_calc_lighting_us=7027 vm_set_light_data_calls=1 vm_set_light_data_us=7012 vm_update_liquids_calls=1 vm_update_liquids_us=1045
INFO[Emerge-0]: initialEmerge: area: (1712,32,2512)(1823,143,2623)=112x112x112=1404928 (5MB)
ACTION[Emerge-0]: GRUG_WP40_PROFILE_CALLBACK callback=85 minp=1728,48,2528 maxp=1807,127,2607 blockseed=646627961 plan_us=61931 writer_us=130731 total_us=192662 columns=6400 candidate_cells=49 candidates=143 r5_runs=6400 result=applied_clq vm_get_emerged_area_calls=1 vm_get_emerged_area_us=1 vm_get_data_calls=1 vm_get_data_us=4061 vm_get_param2_data_calls=1 vm_get_param2_data_us=4053 vm_get_light_data_calls=2 vm_get_light_data_us=8109 vm_set_data_calls=1 vm_set_data_us=7204 vm_set_param2_data_calls=0 vm_set_param2_data_us=0 vm_set_lighting_calls=47 vm_set_lighting_us=29 vm_calc_lighting_calls=1 vm_calc_lighting_us=11525 vm_set_light_data_calls=1 vm_set_light_data_us=7280 vm_update_liquids_calls=1 vm_update_liquids_us=910
INFO[Emerge-0]: initialEmerge: area: (1792,32,2512)(1903,143,2623)=112x112x112=1404928 (5MB)
ACTION[Emerge-0]: GRUG_WP40_PROFILE_CALLBACK callback=86 minp=1808,48,2528 maxp=1887,127,2607 blockseed=1172361401 plan_us=53642 writer_us=70613 total_us=124255 columns=6400 candidate_cells=49 candidates=228 r5_runs=6400 result=noop_equal_content vm_get_emerged_area_calls=1 vm_get_emerged_area_us=1 vm_get_data_calls=1 vm_get_data_us=3789 vm_get_param2_data_calls=1 vm_get_param2_data_us=3783 vm_get_light_data_calls=0 vm_get_light_data_us=0 vm_set_data_calls=0 vm_set_data_us=0 vm_set_param2_data_calls=0 vm_set_param2_data_us=0 vm_set_lighting_calls=0 vm_set_lighting_us=0 vm_calc_lighting_calls=0 vm_calc_lighting_us=0 vm_set_light_data_calls=0 vm_set_light_data_us=0 vm_update_liquids_calls=0 vm_update_liquids_us=0
INFO[Emerge-0]: initialEmerge: area: (1712,-48,2592)(1823,63,2703)=112x112x112=1404928 (5MB)
INFO[Main]: Profiler:
INFO[Main]:   ActiveObjectMgr: SAO count [#] 
INFO[Main]:   Emerge-0: processed [#] _________________________    1x      310
INFO[Main]:   EmergeThread: Lua on_generated [ms] _____________    3x  273.666
INFO[Main]:   EmergeThread: Mapgen::makeChunk [ms] ____________    3x       32
INFO[Main]:   EmergeThread: after Mapgen::makeChunk [ms] ______    3x        1
INFO[Main]:   EmergeThread: load block - async (sum) [ms] 
INFO[Main]:   EmergeThread: update lighting [ms] ______________   68x    0.705
INFO[Main]:   SEnv: modify in blocks avg per interval [ms] 
INFO[Main]:   Server: collisionMoveSimple() [us] 
INFO[Main]:   Server: map saving (sum) [ms] ___________________    1x       12
INFO[Main]:   Server: map timer and unload [ms] 
INFO[Main]:   Server: send SAO messages [ms] 
INFO[Main]:   Server: update objects within range [ms] 
INFO[Main]:   Server::AsyncRunStep() [ms] _____________________   20x     0.65
INFO[Main]:   Server::RunStep() (max) [ms] ____________________    1x       51
INFO[Main]:   Server::SendBlocks(): Collect list [ms] 
INFO[Main]:   Server::SendBlocks(): Send to clients [ms] 
INFO[Main]:   ServerEnv: ABMs run 
INFO[Main]:   ServerEnv: Run SAO::step() [ms] 
INFO[Main]:   ServerEnv: Run node timers [ms] 
INFO[Main]:   ServerEnv: active blocks 
INFO[Main]:   ServerEnv: active blocks cached 
INFO[Main]:   ServerEnv: active blocks scanned for ABMs 
INFO[Main]:   ServerEnv: update active blocks [ms] 
INFO[Main]:   ServerEnv::step() [ms] __________________________   20x     0.05
INFO[Main]:   ServerEnvironment::removeRemovedObjects() [ms] 
INFO[Main]:   ServerMap: load block - sync (sum) [ms] 
INFO[Server]: ServerMap: Written: 1078 blocks, 17273 blocks in memory.
INFO[Server]: ServerMap: Blocks modified by: 
INFO[Server]:   finishBlockMake: expireIsAir, MMVManip::blitBackAll     1x      318
INFO[Server]:   setGenerated, finishBlockMake: expireIsAir, MMVManip::blitBackAll     1x      215
INFO[Server]:   setIsUnderground ________________________________    1x      245
INFO[Server]:   setIsUnderground, finishBlockMake: expireIsAir, MMVManip::blitBackAll     1x      140
INFO[Server]:   setIsUnderground, setGenerated, finishBlockMake: expireIsAir, MMVManip::blitBackAll     1x      160
ACTION[Emerge-0]: GRUG_WP40_PROFILE_CALLBACK callback=87 minp=1728,-32,2608 maxp=1807,47,2687 blockseed=65801979 plan_us=308163 writer_us=365064 total_us=673227 columns=6400 candidate_cells=49 candidates=496 r5_runs=24720 result=applied_cplq vm_get_emerged_area_calls=1 vm_get_emerged_area_us=2 vm_get_data_calls=1 vm_get_data_us=4074 vm_get_param2_data_calls=1 vm_get_param2_data_us=4058 vm_get_light_data_calls=2 vm_get_light_data_us=8043 vm_set_data_calls=1 vm_set_data_us=7224 vm_set_param2_data_calls=1 vm_set_param2_data_us=7092 vm_set_lighting_calls=16 vm_set_lighting_us=88 vm_calc_lighting_calls=1 vm_calc_lighting_us=5746 vm_set_light_data_calls=1 vm_set_light_data_us=7016 vm_update_liquids_calls=1 vm_update_liquids_us=1082
INFO[Emerge-0]: initialEmerge: area: (1792,-48,2592)(1903,63,2703)=112x112x112=1404928 (5MB)
INFO[Main]: Profiler:
INFO[Main]:   ActiveObjectMgr: SAO count [#] 
INFO[Main]:   Emerge-0: processed [#] _________________________    1x        5
INFO[Main]:   EmergeThread: Lua on_generated [ms] _____________    1x      673
INFO[Main]:   EmergeThread: Mapgen::makeChunk [ms] ____________    1x       29
INFO[Main]:   EmergeThread: after Mapgen::makeChunk [ms] ______    1x        1
INFO[Main]:   EmergeThread: load block - async (sum) [ms] 
INFO[Main]:   EmergeThread: update lighting [ms] ______________   18x    0.555
INFO[Main]:   SEnv: modify in blocks avg per interval [ms] 
INFO[Main]:   Server: collisionMoveSimple() [us] 
INFO[Main]:   Server: map saving (sum) [ms] ___________________    1x       14
INFO[Main]:   Server: map timer and unload [ms] 
INFO[Main]:   Server: send SAO messages [ms] 
INFO[Main]:   Server: update objects within range [ms] 
INFO[Main]:   Server::AsyncRunStep() [ms] _____________________   20x      0.7
INFO[Main]:   Server::RunStep() (max) [ms] ____________________    1x       51
INFO[Main]:   Server::SendBlocks(): Collect list [ms] 
INFO[Main]:   Server::SendBlocks(): Send to clients [ms] 
INFO[Main]:   ServerEnv: ABMs run 
INFO[Main]:   ServerEnv: Run SAO::step() [ms] 
INFO[Main]:   ServerEnv: Run node timers [ms] 
INFO[Main]:   ServerEnv: active blocks 
INFO[Main]:   ServerEnv: active blocks cached 
INFO[Main]:   ServerEnv: active blocks scanned for ABMs 
INFO[Main]:   ServerEnv: update active blocks [ms] 
INFO[Main]:   ServerEnv::step() [ms] 
INFO[Main]:   ServerEnvironment::removeRemovedObjects() [ms] 
INFO[Main]:   ServerMap: load block - sync (sum) [ms] 
ACTION[Emerge-0]: GRUG_WP40_PROFILE_CALLBACK callback=88 minp=1808,-32,2608 maxp=1887,47,2687 blockseed=2936161851 plan_us=216866 writer_us=336176 total_us=553042 columns=6400 candidate_cells=49 candidates=505 r5_runs=24676 result=applied_cplq vm_get_emerged_area_calls=1 vm_get_emerged_area_us=1 vm_get_data_calls=1 vm_get_data_us=4056 vm_get_param2_data_calls=1 vm_get_param2_data_us=4068 vm_get_light_data_calls=2 vm_get_light_data_us=8389 vm_set_data_calls=1 vm_set_data_us=7200 vm_set_param2_data_calls=1 vm_set_param2_data_us=7102 vm_set_lighting_calls=16 vm_set_lighting_us=88 vm_calc_lighting_calls=1 vm_calc_lighting_us=5926 vm_set_light_data_calls=1 vm_set_light_data_us=7025 vm_update_liquids_calls=1 vm_update_liquids_us=1053
INFO[Emerge-0]: initialEmerge: area: (1712,32,2592)(1823,143,2703)=112x112x112=1404928 (5MB)
INFO[Server]: ServerMap: Written: 763 blocks, 17623 blocks in memory.
INFO[Server]: ServerMap: Blocks modified by: 
INFO[Server]:   finishBlockMake: expireIsAir, MMVManip::blitBackAll     1x      243
INFO[Server]:   setGenerated, finishBlockMake: expireIsAir, MMVManip::blitBackAll     1x      170
INFO[Server]:   setIsUnderground ________________________________    1x      175
INFO[Server]:   setIsUnderground, finishBlockMake: expireIsAir, MMVManip::blitBackAll     1x       95
INFO[Server]:   setIsUnderground, setGenerated, finishBlockMake: expireIsAir, MMVManip::blitBackAll     1x       80
ACTION[Emerge-0]: GRUG_WP40_PROFILE_CALLBACK callback=89 minp=1728,48,2608 maxp=1807,127,2687 blockseed=1808374897 plan_us=91437 writer_us=137658 total_us=229095 columns=6400 candidate_cells=49 candidates=496 r5_runs=6400 result=applied_clq vm_get_emerged_area_calls=1 vm_get_emerged_area_us=2 vm_get_data_calls=1 vm_get_data_us=4062 vm_get_param2_data_calls=1 vm_get_param2_data_us=4055 vm_get_light_data_calls=2 vm_get_light_data_us=7597 vm_set_data_calls=1 vm_set_data_us=7197 vm_set_param2_data_calls=0 vm_set_param2_data_us=0 vm_set_lighting_calls=46 vm_set_lighting_us=25 vm_calc_lighting_calls=1 vm_calc_lighting_us=11404 vm_set_light_data_calls=1 vm_set_light_data_us=7016 vm_update_liquids_calls=1 vm_update_liquids_us=915
INFO[Emerge-0]: initialEmerge: area: (1792,32,2592)(1903,143,2703)=112x112x112=1404928 (5MB)
ACTION[Emerge-0]: GRUG_WP40_PROFILE_CALLBACK callback=90 minp=1808,48,2608 maxp=1887,127,2687 blockseed=944899697 plan_us=78494 writer_us=137926 total_us=216420 columns=6400 candidate_cells=49 candidates=505 r5_runs=6400 result=applied_clq vm_get_emerged_area_calls=1 vm_get_emerged_area_us=2 vm_get_data_calls=1 vm_get_data_us=4148 vm_get_param2_data_calls=1 vm_get_param2_data_us=4056 vm_get_light_data_calls=2 vm_get_light_data_us=8650 vm_set_data_calls=1 vm_set_data_us=7195 vm_set_param2_data_calls=0 vm_set_param2_data_us=0 vm_set_lighting_calls=36 vm_set_lighting_us=22 vm_calc_lighting_calls=1 vm_calc_lighting_us=12728 vm_set_light_data_calls=1 vm_set_light_data_us=7083 vm_update_liquids_calls=1 vm_update_liquids_us=977
ACTION[Emerge-0]: [grug_core] start area ready: troll (6/6, 58.6 s)
ACTION[Emerge-0]: [grug_core] all 6 start areas ready after 58.6 s
ACTION[Emerge-0]: GRUG_WP40_PROFILE_PROBE phase=cold event=emerge case=pine_hearthpine_south mapchunk=-1872,-32,-2512 elapsed_us=15033574 generated=0 disk=0 memory=125 cancelled=0 errored=0
ACTION[Server]: [grug_mobs] start npcs kapok: grug_mobs:guard_throng placed at socket gate_west (1796,25,2505)
ACTION[Server]: [grug_mobs] start npcs kapok: grug_mobs:guard_throng placed at socket gate_east (1804,25,2505)
ACTION[Server]: [grug_mobs] start npcs kapok: grug_mobs:guard_throng placed at socket watch_gate (1800,25,2514)
ACTION[Server]: [grug_mobs] start npcs kapok: grug_traders:vendor_race_troll placed at socket clearing_vendor (1807,25,2546)
ACTION[Server]: [grug_mobs] start npcs kapok: grug_mobs:villager_troll placed at socket idle_lodge_door (1798,25,2567)
ACTION[Server]: [grug_mobs] start npcs kapok: grug_mobs:villager_troll placed at socket idle_terrace_settle (1788,25,2577)
ACTION[Server]: [grug_mobs] start npcs kapok: grug_mobs:villager_troll placed at socket idle_drying_shed (1783,25,2574)
ACTION[Server]: [grug_mobs] start npcs kapok: grug_mobs:villager_troll placed at socket idle_smoker (1813,25,2570)
ACTION[Server]: [grug_mobs] start npcs kapok: grug_mobs:villager_troll placed at socket work_jungle (1771,25,2563)
ACTION[Server]: [grug_mobs] start npcs kapok: grug_mobs:villager_troll placed at socket work_terrace (1784,25,2574)
ACTION[Server]: [grug_mobs] start npcs kapok: grug_mobs:elder_troll placed at socket hall_quest (1803,25,2567)
ACTION[Server]: [grug_mobs] start npcs kapok: grug_mobs:villager_troll placed at socket trainer_cooking (1802,25,2540)
ACTION[Server]: [grug_mobs] start npcs troll kapok: guards 3/3 flair 7/7 vendor 1/1 quest 1/1 royal 0/0 new 12 pending 0 spare 3 residents 6 walkers 1
INFO[Emerge-0]: initialEmerge: area: (-48,-48,-1568)(63,63,-1457)=112x112x112=1404928 (5MB)
INFO[Main]: Profiler:
INFO[Main]:   ActiveObjectMgr: SAO count [#] __________________   20x     10.8
INFO[Main]:   Emerge-0: processed [#] _________________________    1x      183
INFO[Main]:   EmergeThread: Lua on_generated [ms] _____________    3x  333.333
INFO[Main]:   EmergeThread: Mapgen::makeChunk [ms] ____________    3x   33.666
INFO[Main]:   EmergeThread: after Mapgen::makeChunk [ms] ______    3x    0.666
INFO[Main]:   EmergeThread: load block - async (sum) [ms] 
INFO[Main]:   EmergeThread: update lighting [ms] ______________  104x    0.538
INFO[Main]:   SEnv: modify in blocks avg per interval [ms] 
INFO[Main]:   Server: collisionMoveSimple() [us] ______________   96x    1.406
INFO[Main]:   Server: map saving (sum) [ms] ___________________    1x       12
INFO[Main]:   Server: map timer and unload [ms] _______________    1x        1
INFO[Main]:   Server: send SAO messages [ms] 
INFO[Main]:   Server: update objects within range [ms] 
INFO[Main]:   Server::AsyncRunStep() [ms] _____________________   20x     0.85
INFO[Main]:   Server::RunStep() (max) [ms] ____________________    1x       51
INFO[Main]:   Server::SendBlocks(): Collect list [ms] 
INFO[Main]:   Server::SendBlocks(): Send to clients [ms] 
INFO[Main]:   Server::yieldTo...() progress [#] 
INFO[Main]:   Server::yieldTo...() sleep [ms] _________________    1x        1
INFO[Main]:   ServerEnv: ABMs run 
INFO[Main]:   ServerEnv: Run SAO::step() [ms] _________________   20x      0.1
INFO[Main]:   ServerEnv: Run node timers [ms] 
INFO[Main]:   ServerEnv: active blocks 
INFO[Main]:   ServerEnv: active blocks cached 
INFO[Main]:   ServerEnv: active blocks scanned for ABMs 
INFO[Main]:   ServerEnv: update active blocks [ms] 
INFO[Main]:   ServerEnv::step() [ms] __________________________   20x      0.2
INFO[Main]:   ServerEnvironment::removeRemovedObjects() [ms] 
INFO[Main]:   ServerMap: load block - sync (sum) [ms] _________    1x        1
INFO[Server]: ServerMap: Written: 940 blocks, 18091 blocks in memory.
INFO[Server]: ServerMap: Blocks modified by: 
INFO[Server]:   addActiveObjectRaw ______________________________    1x        9
INFO[Server]:   finishBlockMake: expireIsAir, MMVManip::blitBackAll     1x      277
INFO[Server]:   setGenerated, finishBlockMake: expireIsAir, MMVManip::blitBackAll     1x      186
INFO[Server]:   setIsUnderground ________________________________    1x      343
INFO[Server]:   setIsUnderground, finishBlockMake: expireIsAir, MMVManip::blitBackAll     1x       61
INFO[Server]:   setIsUnderground, setGenerated, finishBlockMake: expireIsAir, MMVManip::blitBackAll     1x       64
ACTION[Emerge-0]: GRUG_WP40_PROFILE_CALLBACK callback=91 minp=-32,-32,-1552 maxp=47,47,-1473 blockseed=893986625 plan_us=443707 writer_us=496686 total_us=940393 columns=6400 candidate_cells=49 candidates=0 r5_runs=19200 result=applied_cplq vm_get_emerged_area_calls=1 vm_get_emerged_area_us=2 vm_get_data_calls=1 vm_get_data_us=4054 vm_get_param2_data_calls=1 vm_get_param2_data_us=4053 vm_get_light_data_calls=2 vm_get_light_data_us=8133 vm_set_data_calls=1 vm_set_data_us=7202 vm_set_param2_data_calls=1 vm_set_param2_data_us=7070 vm_set_lighting_calls=1 vm_set_lighting_us=62 vm_calc_lighting_calls=1 vm_calc_lighting_us=2145 vm_set_light_data_calls=1 vm_set_light_data_us=6747 vm_update_liquids_calls=1 vm_update_liquids_us=978
ACTION[Emerge-0]: GRUG_WP40_PROFILE_PROBE phase=cold event=emerge case=human_capital mapchunk=-32,-32,-1552 elapsed_us=970839 generated=1 disk=0 memory=124 cancelled=0 errored=0
INFO[Emerge-0]: initialEmerge: area: (-48,32,-288)(63,143,-177)=112x112x112=1404928 (5MB)
INFO[Main]: Profiler:
INFO[Main]:   ActiveObjectMgr: SAO count [#] __________________   20x     26.4
INFO[Main]:   Emerge-0: processed [#] _________________________    1x      125
INFO[Main]:   EmergeThread: Lua on_generated [ms] _____________    1x      940
INFO[Main]:   EmergeThread: Mapgen::makeChunk [ms] ____________    1x       23
INFO[Main]:   EmergeThread: after Mapgen::makeChunk [ms] ______    1x        1
INFO[Main]:   EmergeThread: load block - async (sum) [ms] 
INFO[Main]:   EmergeThread: update lighting [ms] ______________    3x    3.333
INFO[Main]:   SEnv: modify in blocks avg per interval [ms] 
INFO[Main]:   Server: collisionMoveSimple() [us] ______________  228x    2.074
INFO[Main]:   Server: map saving (sum) [ms] ___________________    1x       12
INFO[Main]:   Server: map timer and unload [ms] 
INFO[Main]:   Server: send SAO messages [ms] 
INFO[Main]:   Server: update objects within range [ms] 
INFO[Main]:   Server::AsyncRunStep() [ms] _____________________   20x     0.85
INFO[Main]:   Server::RunStep() (max) [ms] ____________________    1x       52
INFO[Main]:   Server::SendBlocks(): Collect list [ms] 
INFO[Main]:   Server::SendBlocks(): Send to clients [ms] 
INFO[Main]:   Server::yieldTo...() progress [#] 
INFO[Main]:   Server::yieldTo...() sleep [ms] 
INFO[Main]:   ServerEnv: ABMs run 
INFO[Main]:   ServerEnv: Run SAO::step() [ms] _________________   20x      0.2
INFO[Main]:   ServerEnv: Run node timers [ms] 
INFO[Main]:   ServerEnv: active blocks 
INFO[Main]:   ServerEnv: active blocks cached 
INFO[Main]:   ServerEnv: active blocks scanned for ABMs 
INFO[Main]:   ServerEnv: update active blocks [ms] ____________    1x        1
INFO[Main]:   ServerEnv::step() [ms] __________________________   20x     0.25
INFO[Main]:   ServerEnvironment::removeRemovedObjects() [ms] 
INFO[Main]:   ServerMap: load block - sync (sum) [ms] _________    1x        2
ACTION[Server]: [grug_mobs] start npcs highcourt: grug_mobs:guard_accord placed at socket door_guard_west (-3,47,-1489)
ACTION[Server]: [grug_mobs] start npcs highcourt: grug_mobs:guard_accord placed at socket door_guard_east (4,47,-1489)
ACTION[Server]: [grug_mobs] start npcs highcourt: grug_mobs:villager_human placed at socket hall_idle_west (-13,47,-1481)
ACTION[Server]: [grug_mobs] start npcs highcourt: grug_mobs:villager_human placed at socket hall_idle_east (13,47,-1481)
ACTION[Server]: [grug_mobs] start npcs highcourt: grug_mobs:guard_accord placed at socket gate_south_post_west (-2,45,-1546)
ACTION[Server]: [grug_mobs] start npcs highcourt: grug_mobs:guard_accord placed at socket gate_south_post_east (2,45,-1546)
ACTION[Server]: [grug_mobs] start npcs highcourt: grug_mobs:villager_human placed at socket gate_south_idle_west (-5,45,-1543)
ACTION[Server]: [grug_mobs] start npcs highcourt: grug_mobs:villager_human placed at socket gate_south_idle_east (5,45,-1543)
ACTION[Server]: [grug_mobs] start npcs highcourt: grug_mobs:guard_accord placed at socket gate_east_post_west (46,45,-1502)
ACTION[Server]: [grug_mobs] start npcs highcourt: grug_mobs:guard_accord placed at socket gate_east_post_east (46,45,-1498)
ACTION[Server]: [grug_mobs] start npcs highcourt: grug_mobs:villager_human placed at socket gate_east_idle_west (43,45,-1505)
ACTION[Server]: [grug_mobs] start npcs highcourt: grug_mobs:villager_human placed at socket gate_east_idle_east (43,45,-1495)
ACTION[Server]: [grug_mobs] start npcs highcourt: grug_mobs:villager_human placed at socket market_booth_1 (-31,45,-1528)
ACTION[Server]: [grug_mobs] start npcs highcourt: grug_mobs:villager_human placed at socket market_booth_2 (-17,45,-1528)
ACTION[Server]: [grug_mobs] start npcs highcourt: grug_mobs:villager_human placed at socket market_booth_3 (-31,45,-1510)
ACTION[Server]: [grug_mobs] start npcs highcourt: grug_mobs:villager_human placed at socket market_booth_4 (-17,45,-1510)
ACTION[Server]: [grug_mobs] start npcs highcourt: grug_mobs:villager_human placed at socket market_idle_east (-15,45,-1512)
ACTION[Server]: [grug_mobs] start npcs highcourt: grug_mobs:villager_human placed at socket colonnade_west_idle_a (-8,45,-1509)
ACTION[Server]: [grug_mobs] start npcs highcourt: grug_mobs:villager_human placed at socket colonnade_west_idle_b (-6,45,-1519)
ACTION[Server]: [grug_mobs] start npcs highcourt: grug_mobs:villager_human placed at socket colonnade_east_idle_a (7,45,-1519)
ACTION[Server]: [grug_mobs] start npcs highcourt: grug_mobs:villager_human placed at socket colonnade_east_idle_b (5,45,-1509)
ACTION[Server]: [grug_mobs] start npcs highcourt: grug_mobs:villager_human placed at socket statue_idle (16,45,-1511)
ACTION[Server]: [grug_mobs] start npcs highcourt: grug_mobs:villager_human placed at socket orchard_east_work (18,45,-1540)
ACTION[Server]: [grug_mobs] start npcs highcourt: grug_mobs:guard_accord placed at socket orchard_east_street_a (26,45,-1535)
ACTION[Server]: [grug_mobs] start npcs highcourt: grug_traders:vendor_race_human placed at socket vendor_race (42,45,-1493)
ACTION[Server]: [grug_mobs] start npcs highcourt: grug_traders:vendor_general_accord placed at socket vendor_general (42,45,-1487)
ACTION[Server]: [grug_mobs] start npcs highcourt: grug_mobs:elder_human placed at socket chapel_quest (-22,45,-1473)
ACTION[Server]: [grug_mobs] start npcs highcourt: grug_mobs:villager_human placed at socket court_idle_well (44,45,-1473)
ACTION[Server]: [grug_mobs] start npcs highcourt: grug_mobs:villager_human placed at socket court_idle_yard (34,45,-1480)
ACTION[Server]: [grug_mobs] start npcs highcourt: grug_mobs:villager_human placed at socket forecourt_idle_west (-6,45,-1497)
ACTION[Server]: [grug_mobs] start npcs highcourt: grug_mobs:villager_human placed at socket forecourt_idle_east (7,45,-1497)
ACTION[Server]: [grug_mobs] start npcs highcourt: grug_mobs:villager_human placed at socket trainer_blacksmith (-1,45,-1508)
ACTION[Server]: [grug_mobs] start npcs highcourt: grug_mobs:villager_human placed at socket trainer_alchemist (1,45,-1512)
ACTION[Server]: [grug_mobs] start npcs highcourt: grug_mobs:villager_human placed at socket trainer_tailor (-1,45,-1516)
ACTION[Server]: [grug_mobs] start npcs highcourt: grug_mobs:villager_human placed at socket trainer_leatherworker (1,45,-1520)
ACTION[Server]: [grug_mobs] start npcs highcourt: grug_mobs:villager_human placed at socket trainer_woodcarver (-1,45,-1524)
ACTION[Server]: [grug_mobs] start npcs highcourt: grug_mobs:villager_human placed at socket trainer_goldsmith (1,45,-1528)
ACTION[Server]: [grug_mobs] start npcs highcourt: grug_mobs:villager_human placed at socket trainer_cooking (-1,45,-1532)
ACTION[Server]: [grug_mobs] start npcs human highcourt: guards 7/28 flair 28/151 vendor 2/7 quest 1/2 royal 0/1 new 38 pending 151 spare 26 residents 144 walkers 22
INFO[Server]: ServerMap: Written: 695 blocks, 18434 blocks in memory.
INFO[Server]: ServerMap: Blocks modified by: 
INFO[Server]:   deactivateFarObjects: static data changed _______    1x        9
INFO[Server]:   finishBlockMake: expireIsAir, MMVManip::blitBackAll     1x      218
INFO[Server]:   setGenerated, addActiveObjectRaw, finishBlockMake: expireIsAir, MMVManip::blitBackAll     1x       19
INFO[Server]:   setGenerated, finishBlockMake: expireIsAir, MMVManip::blitBackAll     1x      106
INFO[Server]:   setIsUnderground ________________________________    1x      343
ACTION[Emerge-0]: GRUG_WP40_PROFILE_CALLBACK callback=92 minp=-32,48,-272 maxp=47,127,-193 blockseed=1667303045 plan_us=713469 writer_us=292713 total_us=1006182 columns=6400 candidate_cells=49 candidates=1350 r5_runs=19200 result=applied_cplq vm_get_emerged_area_calls=1 vm_get_emerged_area_us=2 vm_get_data_calls=1 vm_get_data_us=4056 vm_get_param2_data_calls=1 vm_get_param2_data_us=4623 vm_get_light_data_calls=2 vm_get_light_data_us=7745 vm_set_data_calls=1 vm_set_data_us=7478 vm_set_param2_data_calls=1 vm_set_param2_data_us=7455 vm_set_lighting_calls=81 vm_set_lighting_us=144 vm_calc_lighting_calls=1 vm_calc_lighting_us=4693 vm_set_light_data_calls=1 vm_set_light_data_us=7020 vm_update_liquids_calls=1 vm_update_liquids_us=944
ACTION[Emerge-0]: GRUG_WP40_PROFILE_PROBE phase=cold event=emerge case=elandor_front mapchunk=-32,48,-272 elapsed_us=1032289 generated=1 disk=0 memory=124 cancelled=0 errored=0
INFO[Emerge-0]: initialEmerge: area: (-768,-48,-48)(-657,63,63)=112x112x112=1404928 (5MB)
INFO[Main]: Profiler:
INFO[Main]:   ActiveObjectMgr: SAO count [#] __________________   20x    81.85
INFO[Main]:   Emerge-0: processed [#] _________________________    1x      125
INFO[Main]:   EmergeThread: Lua on_generated [ms] _____________    1x     1007
INFO[Main]:   EmergeThread: Mapgen::makeChunk [ms] ____________    1x       32
INFO[Main]:   EmergeThread: after Mapgen::makeChunk [ms] 
INFO[Main]:   EmergeThread: load block - async (sum) [ms] 
INFO[Main]:   EmergeThread: update lighting [ms] ______________   83x    0.132
INFO[Main]:   SEnv: modify in blocks avg per interval [ms] 
INFO[Main]:   Server: collisionMoveSimple() [us] ______________  722x    1.488
INFO[Main]:   Server: map saving (sum) [ms] ___________________    1x        9
INFO[Main]:   Server: map timer and unload [ms] 
INFO[Main]:   Server: send SAO messages [ms] 
INFO[Main]:   Server: update objects within range [ms] 
INFO[Main]:   Server::AsyncRunStep() [ms] _____________________   20x     1.05
INFO[Main]:   Server::RunStep() (max) [ms] ____________________    1x       51
INFO[Main]:   Server::SendBlocks(): Collect list [ms] 
INFO[Main]:   Server::SendBlocks(): Send to clients [ms] 
INFO[Main]:   Server::yieldTo...() progress [#] 
INFO[Main]:   Server::yieldTo...() sleep [ms] 
INFO[Main]:   ServerEnv: ABMs run 
INFO[Main]:   ServerEnv: Run SAO::step() [ms] _________________   20x      0.3
INFO[Main]:   ServerEnv: Run node timers [ms] 
INFO[Main]:   ServerEnv: active blocks 
INFO[Main]:   ServerEnv: active blocks cached 
INFO[Main]:   ServerEnv: active blocks scanned for ABMs 
INFO[Main]:   ServerEnv: update active blocks [ms] 
INFO[Main]:   ServerEnv::step() [ms] __________________________   20x     0.55
INFO[Main]:   ServerEnvironment::removeRemovedObjects() [ms] 
INFO[Main]:   ServerMap: load block - sync (sum) [ms] 
INFO[Server]: ServerMap: Written: 686 blocks, 18777 blocks in memory.
INFO[Server]: ServerMap: Blocks modified by: 
INFO[Server]:   finishBlockMake: expireIsAir, MMVManip::blitBackAll     1x      218
INFO[Server]:   setGenerated, finishBlockMake: expireIsAir, MMVManip::blitBackAll     1x      125
INFO[Server]:   setIsUnderground ________________________________    1x      343
ACTION[Emerge-0]: GRUG_WP40_PROFILE_CALLBACK callback=93 minp=-752,-32,-32 maxp=-673,47,47 blockseed=3068557649 plan_us=587944 writer_us=364204 total_us=952148 columns=6400 candidate_cells=49 candidates=907 r5_runs=22940 result=applied_cplq vm_get_emerged_area_calls=1 vm_get_emerged_area_us=2 vm_get_data_calls=1 vm_get_data_us=4054 vm_get_param2_data_calls=1 vm_get_param2_data_us=4058 vm_get_light_data_calls=2 vm_get_light_data_us=8121 vm_set_data_calls=1 vm_set_data_us=7205 vm_set_param2_data_calls=1 vm_set_param2_data_us=7131 vm_set_lighting_calls=81 vm_set_lighting_us=139 vm_calc_lighting_calls=1 vm_calc_lighting_us=4038 vm_set_light_data_calls=1 vm_set_light_data_us=7016 vm_update_liquids_calls=1 vm_update_liquids_us=956
ACTION[Emerge-0]: GRUG_WP40_PROFILE_PROBE phase=cold event=emerge case=broken_causeway mapchunk=-752,-32,-32 elapsed_us=986681 generated=1 disk=0 memory=124 cancelled=0 errored=0
INFO[Emerge-0]: initialEmerge: area: (-448,-48,-1568)(-337,63,-1457)=112x112x112=1404928 (5MB)
INFO[Main]: Profiler:
INFO[Main]:   ActiveObjectMgr: SAO count [#] __________________   20x     81.1
INFO[Main]:   Emerge-0: processed [#] _________________________    1x      125
INFO[Main]:   EmergeThread: Lua on_generated [ms] _____________    1x      952
INFO[Main]:   EmergeThread: Mapgen::makeChunk [ms] ____________    1x       30
INFO[Main]:   EmergeThread: after Mapgen::makeChunk [ms] ______    1x        1
INFO[Main]:   EmergeThread: load block - async (sum) [ms] 
INFO[Main]:   EmergeThread: update lighting [ms] ______________   83x    0.108
INFO[Main]:   SEnv: modify in blocks avg per interval [ms] 
INFO[Main]:   Server: collisionMoveSimple() [us] ______________  722x    1.541
INFO[Main]:   Server: map saving (sum) [ms] ___________________    1x        9
INFO[Main]:   Server: map timer and unload [ms] _______________    1x        1
INFO[Main]:   Server: send SAO messages [ms] 
INFO[Main]:   Server: update objects within range [ms] 
INFO[Main]:   Server::AsyncRunStep() [ms] _____________________   20x      0.9
INFO[Main]:   Server::RunStep() (max) [ms] ____________________    1x       51
INFO[Main]:   Server::SendBlocks(): Collect list [ms] 
INFO[Main]:   Server::SendBlocks(): Send to clients [ms] 
INFO[Main]:   Server::yieldTo...() progress [#] 
INFO[Main]:   Server::yieldTo...() sleep [ms] 
INFO[Main]:   ServerEnv: ABMs run 
INFO[Main]:   ServerEnv: Run SAO::step() [ms] _________________   20x      0.3
INFO[Main]:   ServerEnv: Run node timers [ms] 
INFO[Main]:   ServerEnv: active blocks 
INFO[Main]:   ServerEnv: active blocks cached 
INFO[Main]:   ServerEnv: active blocks scanned for ABMs 
INFO[Main]:   ServerEnv: update active blocks [ms] ____________    1x        1
INFO[Main]:   ServerEnv::step() [ms] __________________________   20x      0.4
INFO[Main]:   ServerEnvironment::removeRemovedObjects() [ms] 
INFO[Main]:   ServerMap: load block - sync (sum) [ms] 
INFO[Server]: ServerMap: Written: 705 blocks, 19120 blocks in memory.
INFO[Server]: ServerMap: Blocks modified by: 
INFO[Server]:   deactivateFarObjects: static data changed _______    1x       19
INFO[Server]:   finishBlockMake: expireIsAir, MMVManip::blitBackAll     1x      218
INFO[Server]:   setGenerated, finishBlockMake: expireIsAir, MMVManip::blitBackAll     1x      125
INFO[Server]:   setIsUnderground ________________________________    1x      343
ACTION[Emerge-0]: GRUG_WP40_PROFILE_CALLBACK callback=94 minp=-432,-32,-1552 maxp=-353,47,-1473 blockseed=3635851569 plan_us=720656 writer_us=469620 total_us=1190276 columns=6400 candidate_cells=49 candidates=1567 r5_runs=15044 result=applied_clq vm_get_emerged_area_calls=1 vm_get_emerged_area_us=2 vm_get_data_calls=1 vm_get_data_us=4057 vm_get_param2_data_calls=1 vm_get_param2_data_us=4058 vm_get_light_data_calls=2 vm_get_light_data_us=7888 vm_set_data_calls=1 vm_set_data_us=7214 vm_set_param2_data_calls=0 vm_set_param2_data_us=0 vm_set_lighting_calls=1 vm_set_lighting_us=150 vm_calc_lighting_calls=1 vm_calc_lighting_us=2522 vm_set_light_data_calls=1 vm_set_light_data_us=7014 vm_update_liquids_calls=1 vm_update_liquids_us=1022
ACTION[Emerge-0]: GRUG_WP40_PROFILE_PROBE phase=cold event=emerge case=whitebridge mapchunk=-432,-32,-1552 elapsed_us=1224990 generated=1 disk=0 memory=124 cancelled=0 errored=0
INFO[Emerge-0]: initialEmerge: area: (-2768,-48,-48)(-2657,63,63)=112x112x112=1404928 (5MB)
INFO[Main]: Profiler:
INFO[Main]:   ActiveObjectMgr: SAO count [#] __________________   20x      3.5
INFO[Main]:   Emerge-0: processed [#] _________________________    1x      125
INFO[Main]:   EmergeThread: Lua on_generated [ms] _____________    1x     1191
INFO[Main]:   EmergeThread: Mapgen::makeChunk [ms] ____________    1x       30
INFO[Main]:   EmergeThread: after Mapgen::makeChunk [ms] ______    1x        1
INFO[Main]:   EmergeThread: load block - async (sum) [ms] 
INFO[Main]:   EmergeThread: update lighting [ms] ______________    3x    2.333
INFO[Main]:   SEnv: modify in blocks avg per interval [ms] 
INFO[Main]:   Server: collisionMoveSimple() [us] 
INFO[Main]:   Server: map saving (sum) [ms] ___________________    1x       10
INFO[Main]:   Server: map timer and unload [ms] 
INFO[Main]:   Server: send SAO messages [ms] 
INFO[Main]:   Server: update objects within range [ms] 
INFO[Main]:   Server::AsyncRunStep() [ms] _____________________   20x     0.55
INFO[Main]:   Server::RunStep() (max) [ms] ____________________    1x       51
INFO[Main]:   Server::SendBlocks(): Collect list [ms] 
INFO[Main]:   Server::SendBlocks(): Send to clients [ms] 
INFO[Main]:   Server::yieldTo...() progress [#] 
INFO[Main]:   Server::yieldTo...() sleep [ms] 
INFO[Main]:   ServerEnv: ABMs run 
INFO[Main]:   ServerEnv: Run SAO::step() [ms] 
INFO[Main]:   ServerEnv: Run node timers [ms] 
INFO[Main]:   ServerEnv: active blocks 
INFO[Main]:   ServerEnv: active blocks cached 
INFO[Main]:   ServerEnv: active blocks scanned for ABMs 
INFO[Main]:   ServerEnv: update active blocks [ms] 
INFO[Main]:   ServerEnv::step() [ms] __________________________   20x     0.05
INFO[Main]:   ServerEnvironment::removeRemovedObjects() [ms] 
INFO[Main]:   ServerMap: load block - sync (sum) [ms] _________    1x        1
INFO[Server]: ServerMap: Written: 686 blocks, 19463 blocks in memory.
INFO[Server]: ServerMap: Blocks modified by: 
INFO[Server]:   finishBlockMake: expireIsAir, MMVManip::blitBackAll     1x      218
INFO[Server]:   setGenerated, finishBlockMake: expireIsAir, MMVManip::blitBackAll     1x      125
INFO[Server]:   setIsUnderground ________________________________    1x      343
ACTION[Emerge-0]: GRUG_WP40_PROFILE_CALLBACK callback=95 minp=-2752,-32,-32 maxp=-2673,47,47 blockseed=2525044665 plan_us=112111 writer_us=232052 total_us=344163 columns=6400 candidate_cells=49 candidates=0 r5_runs=25600 result=applied_clq vm_get_emerged_area_calls=1 vm_get_emerged_area_us=2 vm_get_data_calls=1 vm_get_data_us=4081 vm_get_param2_data_calls=1 vm_get_param2_data_us=4168 vm_get_light_data_calls=2 vm_get_light_data_us=8133 vm_set_data_calls=1 vm_set_data_us=7199 vm_set_param2_data_calls=0 vm_set_param2_data_us=0 vm_set_lighting_calls=1 vm_set_lighting_us=138 vm_calc_lighting_calls=1 vm_calc_lighting_us=6620 vm_set_light_data_calls=1 vm_set_light_data_us=7302 vm_update_liquids_calls=1 vm_update_liquids_us=904
ACTION[Emerge-0]: GRUG_WP40_PROFILE_PROBE phase=cold event=emerge case=wyrmglass_channel mapchunk=-2752,-32,-32 elapsed_us=376568 generated=1 disk=0 memory=124 cancelled=0 errored=0
INFO[Emerge-0]: initialEmerge: area: (-3328,192,-128)(-3217,303,-17)=112x112x112=1404928 (5MB)
INFO[Main]: Profiler:
INFO[Main]:   ActiveObjectMgr: SAO count [#] 
INFO[Main]:   Emerge-0: processed [#] _________________________    1x      125
INFO[Main]:   EmergeThread: Lua on_generated [ms] _____________    1x      344
INFO[Main]:   EmergeThread: Mapgen::makeChunk [ms] ____________    1x       23
INFO[Main]:   EmergeThread: after Mapgen::makeChunk [ms] ______    1x        1
INFO[Main]:   EmergeThread: load block - async (sum) [ms] 
INFO[Main]:   EmergeThread: update lighting [ms] ______________    3x    4.666
INFO[Main]:   SEnv: modify in blocks avg per interval [ms] 
INFO[Main]:   Server: collisionMoveSimple() [us] 
INFO[Main]:   Server: map saving (sum) [ms] ___________________    1x       10
INFO[Main]:   Server: map timer and unload [ms] 
INFO[Main]:   Server: send SAO messages [ms] 
INFO[Main]:   Server: update objects within range [ms] 
INFO[Main]:   Server::AsyncRunStep() [ms] _____________________   20x      0.5
INFO[Main]:   Server::RunStep() (max) [ms] ____________________    1x       51
INFO[Main]:   Server::SendBlocks(): Collect list [ms] 
INFO[Main]:   Server::SendBlocks(): Send to clients [ms] 
INFO[Main]:   Server::yieldTo...() progress [#] 
INFO[Main]:   Server::yieldTo...() sleep [ms] 
INFO[Main]:   ServerEnv: ABMs run 
INFO[Main]:   ServerEnv: Run SAO::step() [ms] 
INFO[Main]:   ServerEnv: Run node timers [ms] 
INFO[Main]:   ServerEnv: active blocks 
INFO[Main]:   ServerEnv: active blocks cached 
INFO[Main]:   ServerEnv: active blocks scanned for ABMs 
INFO[Main]:   ServerEnv: update active blocks [ms] 
INFO[Main]:   ServerEnv::step() [ms] 
INFO[Main]:   ServerEnvironment::removeRemovedObjects() [ms] 
INFO[Main]:   ServerMap: load block - sync (sum) [ms] 
INFO[Server]: ServerMap: Written: 686 blocks, 19806 blocks in memory.
INFO[Server]: ServerMap: Blocks modified by: 
INFO[Server]:   finishBlockMake: expireIsAir, MMVManip::blitBackAll     1x      218
INFO[Server]:   setGenerated, finishBlockMake: expireIsAir, MMVManip::blitBackAll     1x      125
INFO[Server]:   setIsUnderground ________________________________    1x      343
ACTION[Emerge-0]: GRUG_WP40_PROFILE_CALLBACK callback=96 minp=-3312,208,-112 maxp=-3233,287,-33 blockseed=2857651185 plan_us=570650 writer_us=405670 total_us=976320 columns=6400 candidate_cells=49 candidates=1 r5_runs=21161 result=applied_clq vm_get_emerged_area_calls=1 vm_get_emerged_area_us=2 vm_get_data_calls=1 vm_get_data_us=4064 vm_get_param2_data_calls=1 vm_get_param2_data_us=4059 vm_get_light_data_calls=2 vm_get_light_data_us=8111 vm_set_data_calls=1 vm_set_data_us=7201 vm_set_param2_data_calls=0 vm_set_param2_data_us=0 vm_set_lighting_calls=1 vm_set_lighting_us=144 vm_calc_lighting_calls=1 vm_calc_lighting_us=2171 vm_set_light_data_calls=1 vm_set_light_data_us=7019 vm_update_liquids_calls=1 vm_update_liquids_us=892
ACTION[Emerge-0]: GRUG_WP40_PROFILE_PROBE phase=cold event=emerge case=wyrmglass_island mapchunk=-3312,208,-112 elapsed_us=1002282 generated=1 disk=0 memory=124 cancelled=0 errored=0
INFO[Emerge-0]: initialEmerge: area: (-1728,-928,112)(-1617,-817,223)=112x112x112=1404928 (5MB)
INFO[Main]: Profiler:
INFO[Main]:   ActiveObjectMgr: SAO count [#] 
INFO[Main]:   Emerge-0: processed [#] _________________________    1x      125
INFO[Main]:   EmergeThread: Lua on_generated [ms] _____________    1x      977
INFO[Main]:   EmergeThread: Mapgen::makeChunk [ms] ____________    1x       29
INFO[Main]:   EmergeThread: after Mapgen::makeChunk [ms] 
INFO[Main]:   EmergeThread: load block - async (sum) [ms] 
INFO[Main]:   EmergeThread: update lighting [ms] ______________    3x        1
INFO[Main]:   SEnv: modify in blocks avg per interval [ms] 
INFO[Main]:   Server: collisionMoveSimple() [us] 
INFO[Main]:   Server: map saving (sum) [ms] ___________________    1x        9
INFO[Main]:   Server: map timer and unload [ms] _______________    1x        1
INFO[Main]:   Server: send SAO messages [ms] 
INFO[Main]:   Server: update objects within range [ms] 
INFO[Main]:   Server::AsyncRunStep() [ms] _____________________   20x      0.5
INFO[Main]:   Server::RunStep() (max) [ms] ____________________    1x       51
INFO[Main]:   Server::SendBlocks(): Collect list [ms] 
INFO[Main]:   Server::SendBlocks(): Send to clients [ms] 
INFO[Main]:   Server::yieldTo...() progress [#] 
INFO[Main]:   Server::yieldTo...() sleep [ms] 
INFO[Main]:   ServerEnv: ABMs run 
INFO[Main]:   ServerEnv: Run SAO::step() [ms] 
INFO[Main]:   ServerEnv: Run node timers [ms] 
INFO[Main]:   ServerEnv: active blocks 
INFO[Main]:   ServerEnv: active blocks cached 
INFO[Main]:   ServerEnv: active blocks scanned for ABMs 
INFO[Main]:   ServerEnv: update active blocks [ms] 
INFO[Main]:   ServerEnv::step() [ms] 
INFO[Main]:   ServerEnvironment::removeRemovedObjects() [ms] 
INFO[Main]:   ServerMap: load block - sync (sum) [ms] _________    1x        1
INFO[Server]: ServerMap: Written: 686 blocks, 20149 blocks in memory.
INFO[Server]: ServerMap: Blocks modified by: 
INFO[Server]:   finishBlockMake: expireIsAir, MMVManip::blitBackAll     1x      218
INFO[Server]:   setGenerated, finishBlockMake: expireIsAir, MMVManip::blitBackAll     1x      125
INFO[Server]:   setIsUnderground ________________________________    1x      343
ACTION[Emerge-0]: GRUG_WP40_PROFILE_CALLBACK callback=97 minp=-1712,-912,128 maxp=-1633,-833,207 blockseed=3960536441 plan_us=782354 writer_us=420544 total_us=1202898 columns=6400 candidate_cells=49 candidates=210 r5_runs=0 result=applied_c vm_get_emerged_area_calls=1 vm_get_emerged_area_us=6 vm_get_data_calls=1 vm_get_data_us=4059 vm_get_param2_data_calls=1 vm_get_param2_data_us=4059 vm_get_light_data_calls=0 vm_get_light_data_us=0 vm_set_data_calls=1 vm_set_data_us=7477 vm_set_param2_data_calls=0 vm_set_param2_data_us=0 vm_set_lighting_calls=0 vm_set_lighting_us=0 vm_calc_lighting_calls=0 vm_calc_lighting_us=0 vm_set_light_data_calls=0 vm_set_light_data_us=0 vm_update_liquids_calls=0 vm_update_liquids_us=0
ACTION[Emerge-0]: GRUG_WP40_PROFILE_PROBE phase=cold event=emerge case=deep_cross_border mapchunk=-1712,-912,128 elapsed_us=1239000 generated=1 disk=0 memory=124 cancelled=0 errored=0
INFO[Main]: Profiler:
INFO[Main]:   ActiveObjectMgr: SAO count [#] 
INFO[Main]:   Emerge-0: processed [#] _________________________    1x      124
INFO[Main]:   EmergeThread: Lua on_generated [ms] _____________    1x     1203
INFO[Main]:   EmergeThread: Mapgen::makeChunk [ms] 
INFO[Main]:   EmergeThread: after Mapgen::makeChunk [ms] ______    1x        4
INFO[Main]:   EmergeThread: load block - async (sum) [ms] 
INFO[Main]:   EmergeThread: update lighting [ms] 
INFO[Main]:   SEnv: modify in blocks avg per interval [ms] 
INFO[Main]:   Server: collisionMoveSimple() [us] 
INFO[Main]:   Server: map saving (sum) [ms] ___________________    1x        8
INFO[Main]:   Server: map timer and unload [ms] 
INFO[Main]:   Server: send SAO messages [ms] 
INFO[Main]:   Server: update objects within range [ms] 
INFO[Main]:   Server::AsyncRunStep() [ms] _____________________   12x     0.75
INFO[Main]:   Server::RunStep() (max) [ms] ____________________    1x       51
INFO[Main]:   Server::SendBlocks(): Collect list [ms] 
INFO[Main]:   Server::SendBlocks(): Send to clients [ms] 
INFO[Main]:   Server::yieldTo...() progress [#] 
INFO[Main]:   Server::yieldTo...() sleep [ms] 
INFO[Main]:   ServerEnv: ABMs run 
INFO[Main]:   ServerEnv: Run SAO::step() [ms] 
INFO[Main]:   ServerEnv: Run node timers [ms] 
INFO[Main]:   ServerEnv: active blocks 
INFO[Main]:   ServerEnv: active blocks cached 
INFO[Main]:   ServerEnv: active blocks scanned for ABMs 
INFO[Main]:   ServerEnv: update active blocks [ms] 
INFO[Main]:   ServerEnv::step() [ms] __________________________   12x    0.083
INFO[Main]:   ServerEnvironment::removeRemovedObjects() [ms] 
INFO[Main]:   ServerMap: load block - sync (sum) [ms] 
INFO[Main]: Profiler:
INFO[Main]:   ActiveObjectMgr: SAO count [#] 
INFO[Main]:   Emerge-0: processed [#] 
INFO[Main]:   EmergeThread: Lua on_generated [ms] 
INFO[Main]:   EmergeThread: Mapgen::makeChunk [ms] 
INFO[Main]:   EmergeThread: after Mapgen::makeChunk [ms] 
INFO[Main]:   EmergeThread: load block - async (sum) [ms] 
INFO[Main]:   EmergeThread: update lighting [ms] 
INFO[Main]:   SEnv: modify in blocks avg per interval [ms] 
INFO[Main]:   Server: collisionMoveSimple() [us] 
INFO[Main]:   Server: map saving (sum) [ms] 
INFO[Main]:   Server: map timer and unload [ms] 
INFO[Main]:   Server: send SAO messages [ms] 
INFO[Main]:   Server: update objects within range [ms] 
INFO[Main]:   Server::AsyncRunStep() [ms] 
INFO[Main]:   Server::RunStep() (max) [ms] 
INFO[Main]:   Server::SendBlocks(): Collect list [ms] 
INFO[Main]:   Server::SendBlocks(): Send to clients [ms] 
INFO[Main]:   Server::yieldTo...() progress [#] 
INFO[Main]:   Server::yieldTo...() sleep [ms] 
INFO[Main]:   ServerEnv: ABMs run 
INFO[Main]:   ServerEnv: Run SAO::step() [ms] 
INFO[Main]:   ServerEnv: Run node timers [ms] 
INFO[Main]:   ServerEnv: active blocks 
INFO[Main]:   ServerEnv: active blocks cached 
INFO[Main]:   ServerEnv: active blocks scanned for ABMs 
INFO[Main]:   ServerEnv: update active blocks [ms] 
INFO[Main]:   ServerEnv::step() [ms] 
INFO[Main]:   ServerEnvironment::removeRemovedObjects() [ms] 
INFO[Main]:   ServerMap: load block - sync (sum) [ms] 
INFO[Main]: Profiler:
INFO[Main]:   ActiveObjectMgr: SAO count [#] 
INFO[Main]:   Emerge-0: processed [#] 
INFO[Main]:   EmergeThread: Lua on_generated [ms] 
INFO[Main]:   EmergeThread: Mapgen::makeChunk [ms] 
INFO[Main]:   EmergeThread: after Mapgen::makeChunk [ms] 
INFO[Main]:   EmergeThread: load block - async (sum) [ms] 
INFO[Main]:   EmergeThread: update lighting [ms] 
INFO[Main]:   SEnv: modify in blocks avg per interval [ms] 
INFO[Main]:   Server: collisionMoveSimple() [us] 
INFO[Main]:   Server: map saving (sum) [ms] 
INFO[Main]:   Server: map timer and unload [ms] 
INFO[Main]:   Server: send SAO messages [ms] 
INFO[Main]:   Server: update objects within range [ms] 
INFO[Main]:   Server::AsyncRunStep() [ms] 
INFO[Main]:   Server::RunStep() (max) [ms] 
INFO[Main]:   Server::SendBlocks(): Collect list [ms] 
INFO[Main]:   Server::SendBlocks(): Send to clients [ms] 
INFO[Main]:   Server::yieldTo...() progress [#] 
INFO[Main]:   Server::yieldTo...() sleep [ms] 
INFO[Main]:   ServerEnv: ABMs run 
INFO[Main]:   ServerEnv: Run SAO::step() [ms] 
INFO[Main]:   ServerEnv: Run node timers [ms] 
INFO[Main]:   ServerEnv: active blocks 
INFO[Main]:   ServerEnv: active blocks cached 
INFO[Main]:   ServerEnv: active blocks scanned for ABMs 
INFO[Main]:   ServerEnv: update active blocks [ms] 
INFO[Main]:   ServerEnv::step() [ms] 
INFO[Main]:   ServerEnvironment::removeRemovedObjects() [ms] 
INFO[Main]:   ServerMap: load block - sync (sum) [ms] 
INFO[Main]: Profiler:
INFO[Main]:   ActiveObjectMgr: SAO count [#] 
INFO[Main]:   Emerge-0: processed [#] 
INFO[Main]:   EmergeThread: Lua on_generated [ms] 
INFO[Main]:   EmergeThread: Mapgen::makeChunk [ms] 
INFO[Main]:   EmergeThread: after Mapgen::makeChunk [ms] 
INFO[Main]:   EmergeThread: load block - async (sum) [ms] 
INFO[Main]:   EmergeThread: update lighting [ms] 
INFO[Main]:   SEnv: modify in blocks avg per interval [ms] 
INFO[Main]:   Server: collisionMoveSimple() [us] 
INFO[Main]:   Server: map saving (sum) [ms] 
INFO[Main]:   Server: map timer and unload [ms] 
INFO[Main]:   Server: send SAO messages [ms] 
INFO[Main]:   Server: update objects within range [ms] 
INFO[Main]:   Server::AsyncRunStep() [ms] 
INFO[Main]:   Server::RunStep() (max) [ms] 
INFO[Main]:   Server::SendBlocks(): Collect list [ms] 
INFO[Main]:   Server::SendBlocks(): Send to clients [ms] 
INFO[Main]:   Server::yieldTo...() progress [#] 
INFO[Main]:   Server::yieldTo...() sleep [ms] 
INFO[Main]:   ServerEnv: ABMs run 
INFO[Main]:   ServerEnv: Run SAO::step() [ms] 
INFO[Main]:   ServerEnv: Run node timers [ms] 
INFO[Main]:   ServerEnv: active blocks 
INFO[Main]:   ServerEnv: active blocks cached 
INFO[Main]:   ServerEnv: active blocks scanned for ABMs 
INFO[Main]:   ServerEnv: update active blocks [ms] 
INFO[Main]:   ServerEnv::step() [ms] 
INFO[Main]:   ServerEnvironment::removeRemovedObjects() [ms] 
INFO[Main]:   ServerMap: load block - sync (sum) [ms] 
INFO[Main]: Profiler:
INFO[Main]:   ActiveObjectMgr: SAO count [#] 
INFO[Main]:   Emerge-0: processed [#] 
INFO[Main]:   EmergeThread: Lua on_generated [ms] 
INFO[Main]:   EmergeThread: Mapgen::makeChunk [ms] 
INFO[Main]:   EmergeThread: after Mapgen::makeChunk [ms] 
INFO[Main]:   EmergeThread: load block - async (sum) [ms] 
INFO[Main]:   EmergeThread: update lighting [ms] 
INFO[Main]:   SEnv: modify in blocks avg per interval [ms] 
INFO[Main]:   Server: collisionMoveSimple() [us] 
INFO[Main]:   Server: map saving (sum) [ms] 
INFO[Main]:   Server: map timer and unload [ms] 
INFO[Main]:   Server: send SAO messages [ms] 
INFO[Main]:   Server: update objects within range [ms] 
INFO[Main]:   Server::AsyncRunStep() [ms] 
INFO[Main]:   Server::RunStep() (max) [ms] 
INFO[Main]:   Server::SendBlocks(): Collect list [ms] 
INFO[Main]:   Server::SendBlocks(): Send to clients [ms] 
INFO[Main]:   Server::yieldTo...() progress [#] 
INFO[Main]:   Server::yieldTo...() sleep [ms] 
INFO[Main]:   ServerEnv: ABMs run 
INFO[Main]:   ServerEnv: Run SAO::step() [ms] 
INFO[Main]:   ServerEnv: Run node timers [ms] 
INFO[Main]:   ServerEnv: active blocks 
INFO[Main]:   ServerEnv: active blocks cached 
INFO[Main]:   ServerEnv: active blocks scanned for ABMs 
INFO[Main]:   ServerEnv: update active blocks [ms] 
INFO[Main]:   ServerEnv::step() [ms] 
INFO[Main]:   ServerEnvironment::removeRemovedObjects() [ms] 
INFO[Main]:   ServerMap: load block - sync (sum) [ms] 
INFO[Main]: Profiler:
INFO[Main]:   ActiveObjectMgr: SAO count [#] 
INFO[Main]:   Emerge-0: processed [#] 
INFO[Main]:   EmergeThread: Lua on_generated [ms] 
INFO[Main]:   EmergeThread: Mapgen::makeChunk [ms] 
INFO[Main]:   EmergeThread: after Mapgen::makeChunk [ms] 
INFO[Main]:   EmergeThread: load block - async (sum) [ms] 
INFO[Main]:   EmergeThread: update lighting [ms] 
INFO[Main]:   SEnv: modify in blocks avg per interval [ms] 
INFO[Main]:   Server: collisionMoveSimple() [us] 
INFO[Main]:   Server: map saving (sum) [ms] 
INFO[Main]:   Server: map timer and unload [ms] 
INFO[Main]:   Server: send SAO messages [ms] 
INFO[Main]:   Server: update objects within range [ms] 
INFO[Main]:   Server::AsyncRunStep() [ms] 
INFO[Main]:   Server::RunStep() (max) [ms] 
INFO[Main]:   Server::SendBlocks(): Collect list [ms] 
INFO[Main]:   Server::SendBlocks(): Send to clients [ms] 
INFO[Main]:   Server::yieldTo...() progress [#] 
INFO[Main]:   Server::yieldTo...() sleep [ms] 
INFO[Main]:   ServerEnv: ABMs run 
INFO[Main]:   ServerEnv: Run SAO::step() [ms] 
INFO[Main]:   ServerEnv: Run node timers [ms] 
INFO[Main]:   ServerEnv: active blocks 
INFO[Main]:   ServerEnv: active blocks cached 
INFO[Main]:   ServerEnv: active blocks scanned for ABMs 
INFO[Main]:   ServerEnv: update active blocks [ms] 
INFO[Main]:   ServerEnv::step() [ms] 
INFO[Main]:   ServerEnvironment::removeRemovedObjects() [ms] 
INFO[Main]:   ServerMap: load block - sync (sum) [ms] 
INFO[Main]: Profiler:
INFO[Main]:   ActiveObjectMgr: SAO count [#] 
INFO[Main]:   Emerge-0: processed [#] 
INFO[Main]:   EmergeThread: Lua on_generated [ms] 
INFO[Main]:   EmergeThread: Mapgen::makeChunk [ms] 
INFO[Main]:   EmergeThread: after Mapgen::makeChunk [ms] 
INFO[Main]:   EmergeThread: load block - async (sum) [ms] 
INFO[Main]:   EmergeThread: update lighting [ms] 
INFO[Main]:   SEnv: modify in blocks avg per interval [ms] 
INFO[Main]:   Server: collisionMoveSimple() [us] 
INFO[Main]:   Server: map saving (sum) [ms] 
INFO[Main]:   Server: map timer and unload [ms] 
INFO[Main]:   Server: send SAO messages [ms] 
INFO[Main]:   Server: update objects within range [ms] 
INFO[Main]:   Server::AsyncRunStep() [ms] 
INFO[Main]:   Server::RunStep() (max) [ms] 
INFO[Main]:   Server::SendBlocks(): Collect list [ms] 
INFO[Main]:   Server::SendBlocks(): Send to clients [ms] 
INFO[Main]:   Server::yieldTo...() progress [#] 
INFO[Main]:   Server::yieldTo...() sleep [ms] 
INFO[Main]:   ServerEnv: ABMs run 
INFO[Main]:   ServerEnv: Run SAO::step() [ms] 
INFO[Main]:   ServerEnv: Run node timers [ms] 
INFO[Main]:   ServerEnv: active blocks 
INFO[Main]:   ServerEnv: active blocks cached 
INFO[Main]:   ServerEnv: active blocks scanned for ABMs 
INFO[Main]:   ServerEnv: update active blocks [ms] 
INFO[Main]:   ServerEnv::step() [ms] 
INFO[Main]:   ServerEnvironment::removeRemovedObjects() [ms] 
INFO[Main]:   ServerMap: load block - sync (sum) [ms] 
INFO[Main]: Profiler:
INFO[Main]:   ActiveObjectMgr: SAO count [#] 
INFO[Main]:   Emerge-0: processed [#] 
INFO[Main]:   EmergeThread: Lua on_generated [ms] 
INFO[Main]:   EmergeThread: Mapgen::makeChunk [ms] 
INFO[Main]:   EmergeThread: after Mapgen::makeChunk [ms] 
INFO[Main]:   EmergeThread: load block - async (sum) [ms] 
INFO[Main]:   EmergeThread: update lighting [ms] 
INFO[Main]:   SEnv: modify in blocks avg per interval [ms] 
INFO[Main]:   Server: collisionMoveSimple() [us] 
INFO[Main]:   Server: map saving (sum) [ms] 
INFO[Main]:   Server: map timer and unload [ms] 
INFO[Main]:   Server: send SAO messages [ms] 
INFO[Main]:   Server: update objects within range [ms] 
INFO[Main]:   Server::AsyncRunStep() [ms] 
INFO[Main]:   Server::RunStep() (max) [ms] 
INFO[Main]:   Server::SendBlocks(): Collect list [ms] 
INFO[Main]:   Server::SendBlocks(): Send to clients [ms] 
INFO[Main]:   Server::yieldTo...() progress [#] 
INFO[Main]:   Server::yieldTo...() sleep [ms] 
INFO[Main]:   ServerEnv: ABMs run 
INFO[Main]:   ServerEnv: Run SAO::step() [ms] 
INFO[Main]:   ServerEnv: Run node timers [ms] 
INFO[Main]:   ServerEnv: active blocks 
INFO[Main]:   ServerEnv: active blocks cached 
INFO[Main]:   ServerEnv: active blocks scanned for ABMs 
INFO[Main]:   ServerEnv: update active blocks [ms] 
INFO[Main]:   ServerEnv::step() [ms] 
INFO[Main]:   ServerEnvironment::removeRemovedObjects() [ms] 
INFO[Main]:   ServerMap: load block - sync (sum) [ms] 
INFO[Main]: Profiler:
INFO[Main]:   ActiveObjectMgr: SAO count [#] 
INFO[Main]:   Emerge-0: processed [#] 
INFO[Main]:   EmergeThread: Lua on_generated [ms] 
INFO[Main]:   EmergeThread: Mapgen::makeChunk [ms] 
INFO[Main]:   EmergeThread: after Mapgen::makeChunk [ms] 
INFO[Main]:   EmergeThread: load block - async (sum) [ms] 
INFO[Main]:   EmergeThread: update lighting [ms] 
INFO[Main]:   SEnv: modify in blocks avg per interval [ms] 
INFO[Main]:   Server: collisionMoveSimple() [us] 
INFO[Main]:   Server: map saving (sum) [ms] 
INFO[Main]:   Server: map timer and unload [ms] 
INFO[Main]:   Server: send SAO messages [ms] 
INFO[Main]:   Server: update objects within range [ms] 
INFO[Main]:   Server::AsyncRunStep() [ms] 
INFO[Main]:   Server::RunStep() (max) [ms] 
INFO[Main]:   Server::SendBlocks(): Collect list [ms] 
INFO[Main]:   Server::SendBlocks(): Send to clients [ms] 
INFO[Main]:   Server::yieldTo...() progress [#] 
INFO[Main]:   Server::yieldTo...() sleep [ms] 
INFO[Main]:   ServerEnv: ABMs run 
INFO[Main]:   ServerEnv: Run SAO::step() [ms] 
INFO[Main]:   ServerEnv: Run node timers [ms] 
INFO[Main]:   ServerEnv: active blocks 
INFO[Main]:   ServerEnv: active blocks cached 
INFO[Main]:   ServerEnv: active blocks scanned for ABMs 
INFO[Main]:   ServerEnv: update active blocks [ms] 
INFO[Main]:   ServerEnv::step() [ms] 
INFO[Main]:   ServerEnvironment::removeRemovedObjects() [ms] 
INFO[Main]:   ServerMap: load block - sync (sum) [ms] 
INFO[Main]: Profiler:
INFO[Main]:   ActiveObjectMgr: SAO count [#] 
INFO[Main]:   Emerge-0: processed [#] 
INFO[Main]:   EmergeThread: Lua on_generated [ms] 
INFO[Main]:   EmergeThread: Mapgen::makeChunk [ms] 
INFO[Main]:   EmergeThread: after Mapgen::makeChunk [ms] 
INFO[Main]:   EmergeThread: load block - async (sum) [ms] 
INFO[Main]:   EmergeThread: update lighting [ms] 
INFO[Main]:   SEnv: modify in blocks avg per interval [ms] 
INFO[Main]:   Server: collisionMoveSimple() [us] 
INFO[Main]:   Server: map saving (sum) [ms] 
INFO[Main]:   Server: map timer and unload [ms] 
INFO[Main]:   Server: send SAO messages [ms] 
INFO[Main]:   Server: update objects within range [ms] 
INFO[Main]:   Server::AsyncRunStep() [ms] 
INFO[Main]:   Server::RunStep() (max) [ms] 
INFO[Main]:   Server::SendBlocks(): Collect list [ms] 
INFO[Main]:   Server::SendBlocks(): Send to clients [ms] 
INFO[Main]:   Server::yieldTo...() progress [#] 
INFO[Main]:   Server::yieldTo...() sleep [ms] 
INFO[Main]:   ServerEnv: ABMs run 
INFO[Main]:   ServerEnv: Run SAO::step() [ms] 
INFO[Main]:   ServerEnv: Run node timers [ms] 
INFO[Main]:   ServerEnv: active blocks 
INFO[Main]:   ServerEnv: active blocks cached 
INFO[Main]:   ServerEnv: active blocks scanned for ABMs 
INFO[Main]:   ServerEnv: update active blocks [ms] 
INFO[Main]:   ServerEnv::step() [ms] 
INFO[Main]:   ServerEnvironment::removeRemovedObjects() [ms] 
INFO[Main]:   ServerMap: load block - sync (sum) [ms] 
INFO[Main]: Profiler:
INFO[Main]:   ActiveObjectMgr: SAO count [#] 
INFO[Main]:   Emerge-0: processed [#] 
INFO[Main]:   EmergeThread: Lua on_generated [ms] 
INFO[Main]:   EmergeThread: Mapgen::makeChunk [ms] 
INFO[Main]:   EmergeThread: after Mapgen::makeChunk [ms] 
INFO[Main]:   EmergeThread: load block - async (sum) [ms] 
INFO[Main]:   EmergeThread: update lighting [ms] 
INFO[Main]:   SEnv: modify in blocks avg per interval [ms] 
INFO[Main]:   Server: collisionMoveSimple() [us] 
INFO[Main]:   Server: map saving (sum) [ms] 
INFO[Main]:   Server: map timer and unload [ms] 
INFO[Main]:   Server: send SAO messages [ms] 
INFO[Main]:   Server: update objects within range [ms] 
INFO[Main]:   Server::AsyncRunStep() [ms] 
INFO[Main]:   Server::RunStep() (max) [ms] 
INFO[Main]:   Server::SendBlocks(): Collect list [ms] 
INFO[Main]:   Server::SendBlocks(): Send to clients [ms] 
INFO[Main]:   Server::yieldTo...() progress [#] 
INFO[Main]:   Server::yieldTo...() sleep [ms] 
INFO[Main]:   ServerEnv: ABMs run 
INFO[Main]:   ServerEnv: Run SAO::step() [ms] 
INFO[Main]:   ServerEnv: Run node timers [ms] 
INFO[Main]:   ServerEnv: active blocks 
INFO[Main]:   ServerEnv: active blocks cached 
INFO[Main]:   ServerEnv: active blocks scanned for ABMs 
INFO[Main]:   ServerEnv: update active blocks [ms] 
INFO[Main]:   ServerEnv::step() [ms] 
INFO[Main]:   ServerEnvironment::removeRemovedObjects() [ms] 
INFO[Main]:   ServerMap: load block - sync (sum) [ms] 
INFO[Main]: Profiler:
INFO[Main]:   ActiveObjectMgr: SAO count [#] 
INFO[Main]:   Emerge-0: processed [#] 
INFO[Main]:   EmergeThread: Lua on_generated [ms] 
INFO[Main]:   EmergeThread: Mapgen::makeChunk [ms] 
INFO[Main]:   EmergeThread: after Mapgen::makeChunk [ms] 
INFO[Main]:   EmergeThread: load block - async (sum) [ms] 
INFO[Main]:   EmergeThread: update lighting [ms] 
INFO[Main]:   SEnv: modify in blocks avg per interval [ms] 
INFO[Main]:   Server: collisionMoveSimple() [us] 
INFO[Main]:   Server: map saving (sum) [ms] 
INFO[Main]:   Server: map timer and unload [ms] 
INFO[Main]:   Server: send SAO messages [ms] 
INFO[Main]:   Server: update objects within range [ms] 
INFO[Main]:   Server::AsyncRunStep() [ms] 
INFO[Main]:   Server::RunStep() (max) [ms] 
INFO[Main]:   Server::SendBlocks(): Collect list [ms] 
INFO[Main]:   Server::SendBlocks(): Send to clients [ms] 
INFO[Main]:   Server::yieldTo...() progress [#] 
INFO[Main]:   Server::yieldTo...() sleep [ms] 
INFO[Main]:   ServerEnv: ABMs run 
INFO[Main]:   ServerEnv: Run SAO::step() [ms] 
INFO[Main]:   ServerEnv: Run node timers [ms] 
INFO[Main]:   ServerEnv: active blocks 
INFO[Main]:   ServerEnv: active blocks cached 
INFO[Main]:   ServerEnv: active blocks scanned for ABMs 
INFO[Main]:   ServerEnv: update active blocks [ms] 
INFO[Main]:   ServerEnv::step() [ms] 
INFO[Main]:   ServerEnvironment::removeRemovedObjects() [ms] 
INFO[Main]:   ServerMap: load block - sync (sum) [ms] 
INFO[Main]: Profiler:
INFO[Main]:   ActiveObjectMgr: SAO count [#] 
INFO[Main]:   Emerge-0: processed [#] 
INFO[Main]:   EmergeThread: Lua on_generated [ms] 
INFO[Main]:   EmergeThread: Mapgen::makeChunk [ms] 
INFO[Main]:   EmergeThread: after Mapgen::makeChunk [ms] 
INFO[Main]:   EmergeThread: load block - async (sum) [ms] 
INFO[Main]:   EmergeThread: update lighting [ms] 
INFO[Main]:   SEnv: modify in blocks avg per interval [ms] 
INFO[Main]:   Server: collisionMoveSimple() [us] 
INFO[Main]:   Server: map saving (sum) [ms] 
INFO[Main]:   Server: map timer and unload [ms] 
INFO[Main]:   Server: send SAO messages [ms] 
INFO[Main]:   Server: update objects within range [ms] 
INFO[Main]:   Server::AsyncRunStep() [ms] 
INFO[Main]:   Server::RunStep() (max) [ms] 
INFO[Main]:   Server::SendBlocks(): Collect list [ms] 
INFO[Main]:   Server::SendBlocks(): Send to clients [ms] 
INFO[Main]:   Server::yieldTo...() progress [#] 
INFO[Main]:   Server::yieldTo...() sleep [ms] 
INFO[Main]:   ServerEnv: ABMs run 
INFO[Main]:   ServerEnv: Run SAO::step() [ms] 
INFO[Main]:   ServerEnv: Run node timers [ms] 
INFO[Main]:   ServerEnv: active blocks 
INFO[Main]:   ServerEnv: active blocks cached 
INFO[Main]:   ServerEnv: active blocks scanned for ABMs 
INFO[Main]:   ServerEnv: update active blocks [ms] 
INFO[Main]:   ServerEnv::step() [ms] 
INFO[Main]:   ServerEnvironment::removeRemovedObjects() [ms] 
INFO[Main]:   ServerMap: load block - sync (sum) [ms] 
INFO[Main]: Profiler:
INFO[Main]:   ActiveObjectMgr: SAO count [#] 
INFO[Main]:   Emerge-0: processed [#] 
INFO[Main]:   EmergeThread: Lua on_generated [ms] 
INFO[Main]:   EmergeThread: Mapgen::makeChunk [ms] 
INFO[Main]:   EmergeThread: after Mapgen::makeChunk [ms] 
INFO[Main]:   EmergeThread: load block - async (sum) [ms] 
INFO[Main]:   EmergeThread: update lighting [ms] 
INFO[Main]:   SEnv: modify in blocks avg per interval [ms] 
INFO[Main]:   Server: collisionMoveSimple() [us] 
INFO[Main]:   Server: map saving (sum) [ms] 
INFO[Main]:   Server: map timer and unload [ms] 
INFO[Main]:   Server: send SAO messages [ms] 
INFO[Main]:   Server: update objects within range [ms] 
INFO[Main]:   Server::AsyncRunStep() [ms] 
INFO[Main]:   Server::RunStep() (max) [ms] 
INFO[Main]:   Server::SendBlocks(): Collect list [ms] 
INFO[Main]:   Server::SendBlocks(): Send to clients [ms] 
INFO[Main]:   Server::yieldTo...() progress [#] 
INFO[Main]:   Server::yieldTo...() sleep [ms] 
INFO[Main]:   ServerEnv: ABMs run 
INFO[Main]:   ServerEnv: Run SAO::step() [ms] 
INFO[Main]:   ServerEnv: Run node timers [ms] 
INFO[Main]:   ServerEnv: active blocks 
INFO[Main]:   ServerEnv: active blocks cached 
INFO[Main]:   ServerEnv: active blocks scanned for ABMs 
INFO[Main]:   ServerEnv: update active blocks [ms] 
INFO[Main]:   ServerEnv::step() [ms] 
INFO[Main]:   ServerEnvironment::removeRemovedObjects() [ms] 
INFO[Main]:   ServerMap: load block - sync (sum) [ms] 
ACTION[Server]: GRUG_WP40_PROFILE_PROBE phase=cold event=complete requested=10 completed=10 callbacks=97 generated=8 disk=0 memory=1242 cancelled=0 errored=0 samples=370 expected_nodes=0 digest=0bf5fe5a9b7cc0e3a27f59bc115c8e48454e28d587705587d9af46b716841ddc full_digest=4bc7438edfe1ecfa871fdc39c2ada49d7c59b57769e037fd7d6c3fa627812a9a full_vocabulary_digest=4e8a007fcfbf1bd61a7aea8bcdb73a285172bdb3c85955948fd799a42aa8c02b full_voxels=49664000 full_owners=97 measured_elapsed_us=65924990 diagnostic_us=13618762
INFO[Server]: *** Server shutting down in 0s.
WARNING[Server]: Server: Maximum lag peaked at 13.619 (steplen=0.05)
INFO[Server]: ServerMap: Written: 344 blocks, 20149 blocks in memory.
INFO[Server]: ServerMap: Blocks modified by: 
INFO[Server]:   addActiveObjectRaw ______________________________    1x        1
INFO[Server]:   finishBlockMake: expireIsAir, MMVManip::blitBackAll     1x      209
INFO[Server]:   setGenerated, finishBlockMake: expireIsAir, MMVManip::blitBackAll     1x      119
INFO[Server]:   setGenerated, setNode, finishBlockMake: expireIsAir, MMVManip::blitBackAll     1x        6
INFO[Server]:   setNode, finishBlockMake: expireIsAir, MMVManip::blitBackAll     1x        9
INFO[Main]: Dedicated server quitting
INFO[Main]: Profiler:
INFO[Main]:   ActiveObjectMgr: SAO count [#] __________________    2x        1
INFO[Main]:   Emerge-0: processed [#] 
INFO[Main]:   EmergeThread: Lua on_generated [ms] 
INFO[Main]:   EmergeThread: Mapgen::makeChunk [ms] 
INFO[Main]:   EmergeThread: after Mapgen::makeChunk [ms] 
INFO[Main]:   EmergeThread: load block - async (sum) [ms] 
INFO[Main]:   EmergeThread: update lighting [ms] 
INFO[Main]:   SEnv: modify in blocks avg per interval [ms] 
INFO[Main]:   Server: collisionMoveSimple() [us] ______________    1x        1
INFO[Main]:   Server: map saving (sum) [ms] ___________________    1x        6
INFO[Main]:   Server: map timer and unload [ms] _______________    1x        1
INFO[Main]:   Server: send SAO messages [ms] 
INFO[Main]:   Server: update objects within range [ms] 
INFO[Main]:   Server::AsyncRunStep() [ms] _____________________    2x     6813
INFO[Main]:   Server::RunStep() (max) [ms] ____________________    1x    13619
INFO[Main]:   Server::SendBlocks(): Collect list [ms] 
INFO[Main]:   Server::SendBlocks(): Send to clients [ms] 
INFO[Main]:   Server::yieldTo...() progress [#] 
INFO[Main]:   Server::yieldTo...() sleep [ms] 
INFO[Main]:   ServerEnv: ABMs run 
INFO[Main]:   ServerEnv: Run SAO::step() [ms] 
INFO[Main]:   ServerEnv: Run node timers [ms] 
INFO[Main]:   ServerEnv: active blocks 
INFO[Main]:   ServerEnv: active blocks cached 
INFO[Main]:   ServerEnv: active blocks scanned for ABMs 
INFO[Main]:   ServerEnv: update active blocks [ms] 
INFO[Main]:   ServerEnv::step() [ms] __________________________    2x   6809.5
INFO[Main]:   ServerEnvironment::removeRemovedObjects() [ms] 
INFO[Main]:   ServerMap: load block - sync (sum) [ms] 
ACTION[Main]: Server: Shutting down
INFO[Main]: Server: Stopping and waiting for threads
INFO[Main]: Server: Threads stopped
INFO[Main]: Server: Executing shutdown hooks
INFO[Main]: Server: Saving players
INFO[Main]: Server: Kicking players
INFO[Main]: Server: Saving environment metadata
INFO[Main]: AsyncEngine: Waiting for 1 threads
INFO[Main]: ServerMap: Written: 1 blocks, 20149 blocks in memory.
INFO[Main]: ServerMap: Blocks modified by: 
INFO[Main]:   deactivateFarObjects: static data changed _______    1x        1
INFO[Main]: ServerMap: Saved map to /tmp/grudgelands-wp40-profile-run.2cxKR2pE/world
INFO[Main]: BanManager: saving to /tmp/grudgelands-wp40-profile-run.2cxKR2pE/world/ipban.txt
