capital	kind	x	y	z	expected	actual	param2
nhal_veyr	ring	-48	0	-48	grug_nodes:dirt_with_bone_litter	grug_nodes:dirt_with_bone_litter	0
nhal_veyr	ring	-48	1	-48	grug_decor:castle_pavement_brick	grug_decor:castle_pavement_brick	0
nhal_veyr	ring	48	0	-48	grug_nodes:blight_dirt	grug_nodes:blight_dirt	0
nhal_veyr	ring	48	1	-48	grug_decor:castle_pavement_brick	grug_decor:castle_pavement_brick	0
nhal_veyr	ring	-48	0	48	grug_nodes:blight_dirt	grug_nodes:blight_dirt	0
nhal_veyr	ring	-48	1	48	grug_decor:castle_pavement_brick	grug_decor:castle_pavement_brick	0
nhal_veyr	ring	-47	0	-48	grug_nodes:dirt_with_bone_litter	grug_nodes:dirt_with_bone_litter	0
nhal_veyr	ring	-47	1	-48	grug_decor:castle_pavement_brick	grug_decor:castle_pavement_brick	0
nhal_veyr	ring	48	0	-47	grug_nodes:blight_dirt	grug_nodes:blight_dirt	0
nhal_veyr	ring	48	1	-47	grug_decor:castle_pavement_brick	grug_decor:castle_pavement_brick	0
nhal_veyr	ring	-47	0	48	grug_nodes:blight_dirt	grug_nodes:blight_dirt	0
nhal_veyr	ring	-47	1	48	grug_decor:castle_pavement_brick	grug_decor:castle_pavement_brick	0
nhal_veyr	ring	-48	0	-47	grug_nodes:dirt_with_bone_litter	grug_nodes:dirt_with_bone_litter	0
nhal_veyr	ring	-48	1	-47	grug_decor:castle_pavement_brick	grug_decor:castle_pavement_brick	0
nhal_veyr	ring	-46	0	-48	grug_nodes:blight_dirt	grug_nodes:blight_dirt	0
nhal_veyr	ring	-46	1	-48	grug_decor:castle_pavement_brick	grug_decor:castle_pavement_brick	0
nhal_veyr	ring	48	0	-46	grug_nodes:blight_dirt	grug_nodes:blight_dirt	0
nhal_veyr	ring	48	1	-46	grug_decor:castle_pavement_brick	grug_decor:castle_pavement_brick	0
nhal_veyr	ring	-46	0	48	grug_nodes:blight_dirt	grug_nodes:blight_dirt	0
nhal_veyr	ring	-46	1	48	grug_decor:castle_pavement_brick	grug_decor:castle_pavement_brick	0
nhal_veyr	ring	-48	0	-46	grug_nodes:blight_dirt	grug_nodes:blight_dirt	0
nhal_veyr	ring	-48	1	-46	grug_decor:castle_pavement_brick	grug_decor:castle_pavement_brick	0
nhal_veyr	ring	-45	0	-48	grug_nodes:blight_dirt	grug_nodes:blight_dirt	0
nhal_veyr	ring	-45	1	-48	grug_decor:castle_dungeon_stone	grug_decor:castle_dungeon_stone	0
nhal_veyr	ring	-45	2	-48	grug_decor:castle_dungeon_stone	grug_decor:castle_dungeon_stone	0
nhal_veyr	ring	-45	3	-48	grug_decor:castle_dungeon_stone	grug_decor:castle_dungeon_stone	0
nhal_veyr	ring	-45	4	-48	grug_decor:castle_dungeon_stone	grug_decor:castle_dungeon_stone	0
nhal_veyr	ring	48	0	-45	grug_nodes:blight_dirt	grug_nodes:blight_dirt	0
nhal_veyr	ring	48	1	-45	grug_decor:castle_dungeon_stone	grug_decor:castle_dungeon_stone	0
nhal_veyr	ring	48	2	-45	grug_decor:castle_dungeon_stone	grug_decor:castle_dungeon_stone	0
nhal_veyr	ring	48	3	-45	grug_decor:castle_dungeon_stone	grug_decor:castle_dungeon_stone	0
nhal_veyr	ring	48	4	-45	grug_decor:castle_dungeon_stone	grug_decor:castle_dungeon_stone	0
nhal_veyr	ring	-45	0	48	grug_nodes:blight_dirt	grug_nodes:blight_dirt	0
nhal_veyr	ring	-45	1	48	grug_decor:castle_dungeon_stone	grug_decor:castle_dungeon_stone	0
nhal_veyr	ring	-45	2	48	grug_decor:castle_dungeon_stone	grug_decor:castle_dungeon_stone	0
nhal_veyr	ring	-45	3	48	grug_decor:castle_dungeon_stone	grug_decor:castle_dungeon_stone	0
nhal_veyr	ring	-45	4	48	grug_decor:castle_dungeon_stone	grug_decor:castle_dungeon_stone	0
nhal_veyr	ring	-48	0	-45	grug_nodes:blight_dirt	grug_nodes:blight_dirt	0
nhal_veyr	ring	-48	1	-45	grug_decor:castle_dungeon_stone	grug_decor:castle_dungeon_stone	0
nhal_veyr	ring	-48	2	-45	grug_decor:castle_dungeon_stone	grug_decor:castle_dungeon_stone	0
nhal_veyr	ring	-48	3	-45	grug_decor:castle_dungeon_stone	grug_decor:castle_dungeon_stone	0
nhal_veyr	ring	-48	4	-45	grug_decor:castle_dungeon_stone	grug_decor:castle_dungeon_stone	0
nhal_veyr	ring	-44	0	-48	grug_nodes:blight_dirt	grug_nodes:blight_dirt	0
nhal_veyr	ring	-44	1	-48	grug_decor:castle_dungeon_stone	grug_decor:castle_dungeon_stone	0
nhal_veyr	ring	-44	2	-48	grug_decor:castle_dungeon_stone	grug_decor:castle_dungeon_stone	0
nhal_veyr	ring	-44	3	-48	grug_decor:castle_dungeon_stone	grug_decor:castle_dungeon_stone	0
nhal_veyr	ring	-44	4	-48	stairs:slab_obsidianbrick	stairs:slab_obsidianbrick	0
nhal_veyr	ring	48	0	-44	grug_nodes:blight_dirt	grug_nodes:blight_dirt	0
nhal_veyr	ring	48	1	-44	grug_decor:castle_dungeon_stone	grug_decor:castle_dungeon_stone	0
nhal_veyr	ring	48	2	-44	grug_decor:castle_dungeon_stone	grug_decor:castle_dungeon_stone	0
nhal_veyr	ring	48	3	-44	grug_decor:castle_dungeon_stone	grug_decor:castle_dungeon_stone	0
nhal_veyr	ring	48	4	-44	stairs:slab_obsidianbrick	stairs:slab_obsidianbrick	0
nhal_veyr	ring	-44	0	48	grug_nodes:blight_dirt	grug_nodes:blight_dirt	0
nhal_veyr	ring	-44	1	48	grug_decor:castle_dungeon_stone	grug_decor:castle_dungeon_stone	0
nhal_veyr	ring	-44	2	48	grug_decor:castle_dungeon_stone	grug_decor:castle_dungeon_stone	0
nhal_veyr	ring	-44	3	48	grug_decor:castle_dungeon_stone	grug_decor:castle_dungeon_stone	0
nhal_veyr	ring	-44	4	48	stairs:slab_obsidianbrick	stairs:slab_obsidianbrick	0
nhal_veyr	ring	-48	0	-44	grug_nodes:dirt_with_bone_litter	grug_nodes:dirt_with_bone_litter	0
nhal_veyr	ring	-48	1	-44	grug_decor:castle_dungeon_stone	grug_decor:castle_dungeon_stone	0
nhal_veyr	ring	-48	2	-44	grug_decor:castle_dungeon_stone	grug_decor:castle_dungeon_stone	0
nhal_veyr	ring	-48	3	-44	grug_decor:castle_dungeon_stone	grug_decor:castle_dungeon_stone	0
nhal_veyr	ring	-48	4	-44	stairs:slab_obsidianbrick	stairs:slab_obsidianbrick	0
nhal_veyr	ring	-43	0	-48	default:gravel	default:gravel	0
nhal_veyr	ring	-43	1	-48	grug_decor:castle_dungeon_stone	grug_decor:castle_dungeon_stone	0
nhal_veyr	ring	-43	2	-48	grug_decor:castle_dungeon_stone	grug_decor:castle_dungeon_stone	0
nhal_veyr	ring	48	0	-43	grug_nodes:blight_dirt	grug_nodes:blight_dirt	0
nhal_veyr	ring	48	1	-43	grug_decor:castle_dungeon_stone	grug_decor:castle_dungeon_stone	0
nhal_veyr	ring	48	2	-43	grug_decor:castle_dungeon_stone	grug_decor:castle_dungeon_stone	0
nhal_veyr	ring	-43	0	48	grug_nodes:blight_dirt	grug_nodes:blight_dirt	0
nhal_veyr	ring	-43	1	48	grug_decor:castle_dungeon_stone	grug_decor:castle_dungeon_stone	0
nhal_veyr	ring	-43	2	48	grug_decor:castle_dungeon_stone	grug_decor:castle_dungeon_stone	0
nhal_veyr	ring	-48	0	-43	grug_nodes:dirt_with_bone_litter	grug_nodes:dirt_with_bone_litter	0
nhal_veyr	ring	-48	1	-43	grug_decor:castle_dungeon_stone	grug_decor:castle_dungeon_stone	0
nhal_veyr	ring	-48	2	-43	grug_decor:castle_dungeon_stone	grug_decor:castle_dungeon_stone	0
nhal_veyr	ring	-42	0	-48	grug_nodes:blight_dirt	grug_nodes:blight_dirt	0
nhal_veyr	ring	-42	1	-48	grug_decor:castle_dungeon_stone	grug_decor:castle_dungeon_stone	0
nhal_veyr	ring	-42	2	-48	grug_decor:castle_dungeon_stone	grug_decor:castle_dungeon_stone	0
nhal_veyr	ring	-42	3	-48	xpanes:bar_flat	xpanes:bar_flat	0
nhal_veyr	ring	48	0	-42	grug_nodes:blight_dirt	grug_nodes:blight_dirt	0
nhal_veyr	ring	48	1	-42	grug_decor:castle_dungeon_stone	grug_decor:castle_dungeon_stone	0
nhal_veyr	ring	48	2	-42	grug_decor:castle_dungeon_stone	grug_decor:castle_dungeon_stone	0
nhal_veyr	ring	48	3	-42	xpanes:bar_flat	xpanes:bar_flat	3
nhal_veyr	ring	-42	0	48	grug_nodes:blight_dirt	grug_nodes:blight_dirt	0
nhal_veyr	ring	-42	1	48	grug_decor:castle_dungeon_stone	grug_decor:castle_dungeon_stone	0
nhal_veyr	ring	-42	2	48	grug_decor:castle_dungeon_stone	grug_decor:castle_dungeon_stone	0
nhal_veyr	ring	-42	3	48	xpanes:bar_flat	xpanes:bar_flat	0
nhal_veyr	ring	-48	0	-42	grug_nodes:blight_dirt	grug_nodes:blight_dirt	0
nhal_veyr	ring	-48	1	-42	grug_decor:castle_dungeon_stone	grug_decor:castle_dungeon_stone	0
nhal_veyr	ring	-48	2	-42	grug_decor:castle_dungeon_stone	grug_decor:castle_dungeon_stone	0
nhal_veyr	ring	-48	3	-42	xpanes:bar_flat	xpanes:bar_flat	3
nhal_veyr	ring	-41	0	-48	grug_nodes:blight_dirt	grug_nodes:blight_dirt	0
nhal_veyr	ring	-41	1	-48	grug_decor:castle_dungeon_stone	grug_decor:castle_dungeon_stone	0
nhal_veyr	ring	-41	2	-48	grug_decor:castle_dungeon_stone	grug_decor:castle_dungeon_stone	0
nhal_veyr	ring	48	0	-41	grug_nodes:blight_dirt	grug_nodes:blight_dirt	0
nhal_veyr	ring	48	1	-41	grug_decor:castle_dungeon_stone	grug_decor:castle_dungeon_stone	0
nhal_veyr	ring	48	2	-41	grug_decor:castle_dungeon_stone	grug_decor:castle_dungeon_stone	0
nhal_veyr	ring	-41	0	48	grug_nodes:blight_dirt	grug_nodes:blight_dirt	0
nhal_veyr	ring	-41	1	48	grug_decor:castle_dungeon_stone	grug_decor:castle_dungeon_stone	0
nhal_veyr	ring	-41	2	48	grug_decor:castle_dungeon_stone	grug_decor:castle_dungeon_stone	0
nhal_veyr	ring	-48	0	-41	grug_nodes:blight_dirt	grug_nodes:blight_dirt	0
nhal_veyr	ring	-48	1	-41	grug_decor:castle_dungeon_stone	grug_decor:castle_dungeon_stone	0
nhal_veyr	ring	-48	2	-41	grug_decor:castle_dungeon_stone	grug_decor:castle_dungeon_stone	0
nhal_veyr	ring	-40	0	-48	grug_nodes:blight_dirt	grug_nodes:blight_dirt	0
nhal_veyr	ring	-40	1	-48	grug_decor:castle_dungeon_stone	grug_decor:castle_dungeon_stone	0
nhal_veyr	ring	-40	2	-48	grug_decor:castle_dungeon_stone	grug_decor:castle_dungeon_stone	0
nhal_veyr	ring	-40	3	-48	grug_decor:castle_dungeon_stone	grug_decor:castle_dungeon_stone	0
nhal_veyr	ring	-40	4	-48	stairs:slab_obsidianbrick	stairs:slab_obsidianbrick	0
nhal_veyr	ring	48	0	-40	grug_nodes:dirt_with_bone_litter	grug_nodes:dirt_with_bone_litter	0
nhal_veyr	ring	48	1	-40	grug_decor:castle_dungeon_stone	grug_decor:castle_dungeon_stone	0
nhal_veyr	ring	48	2	-40	grug_decor:castle_dungeon_stone	grug_decor:castle_dungeon_stone	0
nhal_veyr	ring	48	3	-40	grug_decor:castle_dungeon_stone	grug_decor:castle_dungeon_stone	0
nhal_veyr	ring	48	4	-40	stairs:slab_obsidianbrick	stairs:slab_obsidianbrick	0
nhal_veyr	ring	-40	0	48	grug_nodes:blight_dirt	grug_nodes:blight_dirt	0
nhal_veyr	ring	-40	1	48	grug_decor:castle_dungeon_stone	grug_decor:castle_dungeon_stone	0
nhal_veyr	ring	-40	2	48	grug_decor:castle_dungeon_stone	grug_decor:castle_dungeon_stone	0
nhal_veyr	ring	-40	3	48	grug_decor:castle_dungeon_stone	grug_decor:castle_dungeon_stone	0
nhal_veyr	ring	-40	4	48	stairs:slab_obsidianbrick	stairs:slab_obsidianbrick	0
nhal_veyr	ring	-48	0	-40	grug_nodes:dirt_with_bone_litter	grug_nodes:dirt_with_bone_litter	0
nhal_veyr	ring	-48	1	-40	grug_decor:castle_dungeon_stone	grug_decor:castle_dungeon_stone	0
nhal_veyr	ring	-48	2	-40	grug_decor:castle_dungeon_stone	grug_decor:castle_dungeon_stone	0
nhal_veyr	ring	-48	3	-40	grug_decor:castle_dungeon_stone	grug_decor:castle_dungeon_stone	0
nhal_veyr	ring	-48	4	-40	stairs:slab_obsidianbrick	stairs:slab_obsidianbrick	0
nhal_veyr	ring	-39	0	-48	grug_nodes:dirt_with_bone_litter	grug_nodes:dirt_with_bone_litter	0
nhal_veyr	ring	-39	1	-48	grug_decor:castle_dungeon_stone	grug_decor:castle_dungeon_stone	0
nhal_veyr	ring	-39	2	-48	grug_decor:castle_dungeon_stone	grug_decor:castle_dungeon_stone	0
nhal_veyr	ring	48	0	-39	grug_nodes:dirt_with_bone_litter	grug_nodes:dirt_with_bone_litter	0
nhal_veyr	ring	48	1	-39	grug_decor:castle_dungeon_stone	grug_decor:castle_dungeon_stone	0
nhal_veyr	ring	48	2	-39	grug_decor:castle_dungeon_stone	grug_decor:castle_dungeon_stone	0
nhal_veyr	ring	-39	0	48	grug_nodes:blight_dirt	grug_nodes:blight_dirt	0
nhal_veyr	ring	-39	1	48	grug_decor:castle_dungeon_stone	grug_decor:castle_dungeon_stone	0
nhal_veyr	ring	-39	2	48	grug_decor:castle_dungeon_stone	grug_decor:castle_dungeon_stone	0
nhal_veyr	ring	-48	0	-39	grug_nodes:dirt_with_bone_litter	grug_nodes:dirt_with_bone_litter	0
nhal_veyr	ring	-48	1	-39	grug_decor:castle_dungeon_stone	grug_decor:castle_dungeon_stone	0
nhal_veyr	ring	-48	2	-39	grug_decor:castle_dungeon_stone	grug_decor:castle_dungeon_stone	0
nhal_veyr	ring	-38	0	-48	grug_nodes:dirt_with_bone_litter	grug_nodes:dirt_with_bone_litter	0
nhal_veyr	ring	-38	1	-48	grug_decor:castle_dungeon_stone	grug_decor:castle_dungeon_stone	0
nhal_veyr	ring	-38	2	-48	grug_decor:castle_dungeon_stone	grug_decor:castle_dungeon_stone	0
nhal_veyr	ring	-38	3	-48	xpanes:bar_flat	xpanes:bar_flat	0
nhal_veyr	ring	48	0	-38	grug_nodes:blight_dirt	grug_nodes:blight_dirt	0
nhal_veyr	ring	48	1	-38	grug_decor:castle_dungeon_stone	grug_decor:castle_dungeon_stone	0
nhal_veyr	ring	48	2	-38	grug_decor:castle_dungeon_stone	grug_decor:castle_dungeon_stone	0
nhal_veyr	ring	48	3	-38	xpanes:bar_flat	xpanes:bar_flat	3
nhal_veyr	ring	-38	0	48	grug_nodes:blight_dirt	grug_nodes:blight_dirt	0
nhal_veyr	ring	-38	1	48	grug_decor:castle_dungeon_stone	grug_decor:castle_dungeon_stone	0
nhal_veyr	ring	-38	2	48	grug_decor:castle_dungeon_stone	grug_decor:castle_dungeon_stone	0
nhal_veyr	ring	-38	3	48	xpanes:bar_flat	xpanes:bar_flat	0
nhal_veyr	ring	-48	0	-38	grug_nodes:blight_dirt	grug_nodes:blight_dirt	0
nhal_veyr	ring	-48	1	-38	grug_decor:castle_dungeon_stone	grug_decor:castle_dungeon_stone	0
nhal_veyr	ring	-48	2	-38	grug_decor:castle_dungeon_stone	grug_decor:castle_dungeon_stone	0
nhal_veyr	ring	-48	3	-38	xpanes:bar_flat	xpanes:bar_flat	3
nhal_veyr	ring	-37	0	-48	grug_nodes:dirt_with_bone_litter	grug_nodes:dirt_with_bone_litter	0
nhal_veyr	ring	-37	1	-48	grug_decor:castle_dungeon_stone	grug_decor:castle_dungeon_stone	0
nhal_veyr	ring	-37	2	-48	grug_decor:castle_dungeon_stone	grug_decor:castle_dungeon_stone	0
nhal_veyr	ring	48	0	-37	grug_nodes:blight_dirt	grug_nodes:blight_dirt	0
nhal_veyr	ring	48	1	-37	grug_decor:castle_dungeon_stone	grug_decor:castle_dungeon_stone	0
nhal_veyr	ring	48	2	-37	grug_decor:castle_dungeon_stone	grug_decor:castle_dungeon_stone	0
nhal_veyr	ring	-37	0	48	grug_nodes:blight_dirt	grug_nodes:blight_dirt	0
nhal_veyr	ring	-37	1	48	grug_decor:castle_dungeon_stone	grug_decor:castle_dungeon_stone	0
nhal_veyr	ring	-37	2	48	grug_decor:castle_dungeon_stone	grug_decor:castle_dungeon_stone	0
nhal_veyr	ring	-48	0	-37	grug_nodes:blight_dirt	grug_nodes:blight_dirt	0
nhal_veyr	ring	-48	1	-37	grug_decor:castle_dungeon_stone	grug_decor:castle_dungeon_stone	0
nhal_veyr	ring	-48	2	-37	grug_decor:castle_dungeon_stone	grug_decor:castle_dungeon_stone	0
nhal_veyr	ring	-36	0	-48	grug_nodes:blight_dirt	grug_nodes:blight_dirt	0
nhal_veyr	ring	-36	1	-48	grug_decor:castle_dungeon_stone	grug_decor:castle_dungeon_stone	0
nhal_veyr	ring	-36	2	-48	grug_decor:castle_dungeon_stone	grug_decor:castle_dungeon_stone	0
nhal_veyr	ring	-36	3	-48	grug_decor:castle_dungeon_stone	grug_decor:castle_dungeon_stone	0
nhal_veyr	ring	-36	4	-48	stairs:slab_obsidianbrick	stairs:slab_obsidianbrick	0
nhal_veyr	ring	48	0	-36	grug_nodes:dirt_with_bone_litter	grug_nodes:dirt_with_bone_litter	0
nhal_veyr	ring	48	1	-36	grug_decor:castle_dungeon_stone	grug_decor:castle_dungeon_stone	0
nhal_veyr	ring	48	2	-36	grug_decor:castle_dungeon_stone	grug_decor:castle_dungeon_stone	0
nhal_veyr	ring	48	3	-36	grug_decor:castle_dungeon_stone	grug_decor:castle_dungeon_stone	0
nhal_veyr	ring	48	4	-36	stairs:slab_obsidianbrick	stairs:slab_obsidianbrick	0
nhal_veyr	ring	-36	0	48	grug_nodes:blight_dirt	grug_nodes:blight_dirt	0
nhal_veyr	ring	-36	1	48	grug_decor:castle_dungeon_stone	grug_decor:castle_dungeon_stone	0
nhal_veyr	ring	-36	2	48	grug_decor:castle_dungeon_stone	grug_decor:castle_dungeon_stone	0
nhal_veyr	ring	-36	3	48	grug_decor:castle_dungeon_stone	grug_decor:castle_dungeon_stone	0
nhal_veyr	ring	-36	4	48	stairs:slab_obsidianbrick	stairs:slab_obsidianbrick	0
nhal_veyr	ring	-48	0	-36	grug_nodes:blight_dirt	grug_nodes:blight_dirt	0
nhal_veyr	ring	-48	1	-36	grug_decor:castle_dungeon_stone	grug_decor:castle_dungeon_stone	0
nhal_veyr	ring	-48	2	-36	grug_decor:castle_dungeon_stone	grug_decor:castle_dungeon_stone	0
nhal_veyr	ring	-48	3	-36	grug_decor:castle_dungeon_stone	grug_decor:castle_dungeon_stone	0
nhal_veyr	ring	-48	4	-36	stairs:slab_obsidianbrick	stairs:slab_obsidianbrick	0
nhal_veyr	ring	-35	0	-48	grug_nodes:blight_dirt	grug_nodes:blight_dirt	0
nhal_veyr	ring	-35	1	-48	grug_decor:castle_dungeon_stone	grug_decor:castle_dungeon_stone	0
nhal_veyr	ring	-35	2	-48	grug_decor:castle_dungeon_stone	grug_decor:castle_dungeon_stone	0
nhal_veyr	ring	48	0	-35	grug_nodes:dirt_with_bone_litter	grug_nodes:dirt_with_bone_litter	0
nhal_veyr	ring	48	1	-35	grug_decor:castle_dungeon_stone	grug_decor:castle_dungeon_stone	0
nhal_veyr	ring	48	2	-35	grug_decor:castle_dungeon_stone	grug_decor:castle_dungeon_stone	0
nhal_veyr	ring	-35	0	48	grug_nodes:blight_dirt	grug_nodes:blight_dirt	0
nhal_veyr	ring	-35	1	48	grug_decor:castle_dungeon_stone	grug_decor:castle_dungeon_stone	0
nhal_veyr	ring	-35	2	48	grug_decor:castle_dungeon_stone	grug_decor:castle_dungeon_stone	0
nhal_veyr	ring	-48	0	-35	grug_nodes:blight_dirt	grug_nodes:blight_dirt	0
nhal_veyr	ring	-48	1	-35	grug_decor:castle_dungeon_stone	grug_decor:castle_dungeon_stone	0
nhal_veyr	ring	-48	2	-35	grug_decor:castle_dungeon_stone	grug_decor:castle_dungeon_stone	0
nhal_veyr	ring	-34	0	-48	grug_nodes:blight_dirt	grug_nodes:blight_dirt	0
nhal_veyr	ring	-34	1	-48	grug_decor:castle_dungeon_stone	grug_decor:castle_dungeon_stone	0
nhal_veyr	ring	-34	2	-48	grug_decor:castle_dungeon_stone	grug_decor:castle_dungeon_stone	0
nhal_veyr	ring	-34	3	-48	xpanes:bar_flat	xpanes:bar_flat	0
nhal_veyr	ring	48	0	-34	grug_nodes:blight_dirt	grug_nodes:blight_dirt	0
nhal_veyr	ring	48	1	-34	grug_decor:castle_dungeon_stone	grug_decor:castle_dungeon_stone	0
nhal_veyr	ring	48	2	-34	grug_decor:castle_dungeon_stone	grug_decor:castle_dungeon_stone	0
nhal_veyr	ring	48	3	-34	xpanes:bar_flat	xpanes:bar_flat	3
nhal_veyr	ring	-34	0	48	grug_nodes:blight_dirt	grug_nodes:blight_dirt	0
nhal_veyr	ring	-34	1	48	grug_decor:castle_dungeon_stone	grug_decor:castle_dungeon_stone	0
nhal_veyr	ring	-34	2	48	grug_decor:castle_dungeon_stone	grug_decor:castle_dungeon_stone	0
nhal_veyr	ring	-34	3	48	xpanes:bar_flat	xpanes:bar_flat	0
nhal_veyr	ring	-48	0	-34	grug_nodes:blight_dirt	grug_nodes:blight_dirt	0
nhal_veyr	ring	-48	1	-34	grug_decor:castle_dungeon_stone	grug_decor:castle_dungeon_stone	0
nhal_veyr	ring	-48	2	-34	grug_decor:castle_dungeon_stone	grug_decor:castle_dungeon_stone	0
nhal_veyr	ring	-48	3	-34	xpanes:bar_flat	xpanes:bar_flat	3
nhal_veyr	ring	-33	0	-48	grug_nodes:blight_dirt	grug_nodes:blight_dirt	0
nhal_veyr	ring	-33	1	-48	grug_decor:castle_dungeon_stone	grug_decor:castle_dungeon_stone	0
nhal_veyr	ring	-33	2	-48	grug_decor:castle_dungeon_stone	grug_decor:castle_dungeon_stone	0
nhal_veyr	ring	48	0	-33	grug_nodes:blight_dirt	grug_nodes:blight_dirt	0
nhal_veyr	ring	48	1	-33	grug_decor:castle_dungeon_stone	grug_decor:castle_dungeon_stone	0
nhal_veyr	ring	48	2	-33	grug_decor:castle_dungeon_stone	grug_decor:castle_dungeon_stone	0
nhal_veyr	ring	-33	0	48	grug_nodes:blight_dirt	grug_nodes:blight_dirt	0
nhal_veyr	ring	-33	1	48	grug_decor:castle_dungeon_stone	grug_decor:castle_dungeon_stone	0
nhal_veyr	ring	-33	2	48	grug_decor:castle_dungeon_stone	grug_decor:castle_dungeon_stone	0
nhal_veyr	ring	-48	0	-33	grug_nodes:blight_dirt	grug_nodes:blight_dirt	0
nhal_veyr	ring	-48	1	-33	grug_decor:castle_dungeon_stone	grug_decor:castle_dungeon_stone	0
nhal_veyr	ring	-48	2	-33	grug_decor:castle_dungeon_stone	grug_decor:castle_dungeon_stone	0
nhal_veyr	ring	-32	0	-48	grug_nodes:blight_dirt	grug_nodes:blight_dirt	0
nhal_veyr	ring	-32	1	-48	grug_decor:castle_dungeon_stone	grug_decor:castle_dungeon_stone	0
nhal_veyr	ring	-32	2	-48	grug_decor:castle_dungeon_stone	grug_decor:castle_dungeon_stone	0
nhal_veyr	ring	-32	3	-48	grug_decor:castle_dungeon_stone	grug_decor:castle_dungeon_stone	0
nhal_veyr	ring	-32	4	-48	stairs:slab_obsidianbrick	stairs:slab_obsidianbrick	0
nhal_veyr	ring	48	0	-32	grug_nodes:dirt_with_bone_litter	grug_nodes:dirt_with_bone_litter	0
nhal_veyr	ring	48	1	-32	grug_decor:castle_dungeon_stone	grug_decor:castle_dungeon_stone	0
nhal_veyr	ring	48	2	-32	grug_decor:castle_dungeon_stone	grug_decor:castle_dungeon_stone	0
nhal_veyr	ring	48	3	-32	grug_decor:castle_dungeon_stone	grug_decor:castle_dungeon_stone	0
nhal_veyr	ring	48	4	-32	stairs:slab_obsidianbrick	stairs:slab_obsidianbrick	0
nhal_veyr	ring	-32	0	48	grug_nodes:blight_dirt	grug_nodes:blight_dirt	0
nhal_veyr	ring	-32	1	48	grug_decor:castle_dungeon_stone	grug_decor:castle_dungeon_stone	0
nhal_veyr	ring	-32	2	48	grug_decor:castle_dungeon_stone	grug_decor:castle_dungeon_stone	0
nhal_veyr	ring	-32	3	48	grug_decor:castle_dungeon_stone	grug_decor:castle_dungeon_stone	0
nhal_veyr	ring	-32	4	48	stairs:slab_obsidianbrick	stairs:slab_obsidianbrick	0
nhal_veyr	ring	-48	0	-32	grug_nodes:blight_dirt	grug_nodes:blight_dirt	0
nhal_veyr	ring	-48	1	-32	grug_decor:castle_dungeon_stone	grug_decor:castle_dungeon_stone	0
nhal_veyr	ring	-48	2	-32	grug_decor:castle_dungeon_stone	grug_decor:castle_dungeon_stone	0
nhal_veyr	ring	-48	3	-32	grug_decor:castle_dungeon_stone	grug_decor:castle_dungeon_stone	0
nhal_veyr	ring	-48	4	-32	stairs:slab_obsidianbrick	stairs:slab_obsidianbrick	0
nhal_veyr	ring	-31	0	-48	grug_nodes:blight_dirt	grug_nodes:blight_dirt	0
nhal_veyr	ring	-31	1	-48	grug_decor:castle_dungeon_stone	grug_decor:castle_dungeon_stone	0
nhal_veyr	ring	-31	2	-48	grug_decor:castle_dungeon_stone	grug_decor:castle_dungeon_stone	0
nhal_veyr	ring	48	0	-31	grug_nodes:dirt_with_bone_litter	grug_nodes:dirt_with_bone_litter	0
nhal_veyr	ring	48	1	-31	grug_decor:castle_dungeon_stone	grug_decor:castle_dungeon_stone	0
nhal_veyr	ring	48	2	-31	grug_decor:castle_dungeon_stone	grug_decor:castle_dungeon_stone	0
nhal_veyr	ring	-31	0	48	grug_nodes:blight_dirt	grug_nodes:blight_dirt	0
nhal_veyr	ring	-31	1	48	grug_decor:castle_dungeon_stone	grug_decor:castle_dungeon_stone	0
nhal_veyr	ring	-31	2	48	grug_decor:castle_dungeon_stone	grug_decor:castle_dungeon_stone	0
nhal_veyr	ring	-48	0	-31	grug_nodes:blight_dirt	grug_nodes:blight_dirt	0
nhal_veyr	ring	-48	1	-31	grug_decor:castle_dungeon_stone	grug_decor:castle_dungeon_stone	0
nhal_veyr	ring	-48	2	-31	grug_decor:castle_dungeon_stone	grug_decor:castle_dungeon_stone	0
nhal_veyr	ring	-30	0	-48	grug_nodes:blight_dirt	grug_nodes:blight_dirt	0
nhal_veyr	ring	-30	1	-48	grug_decor:castle_dungeon_stone	grug_decor:castle_dungeon_stone	0
nhal_veyr	ring	-30	2	-48	grug_decor:castle_dungeon_stone	grug_decor:castle_dungeon_stone	0
nhal_veyr	ring	-30	3	-48	xpanes:bar_flat	xpanes:bar_flat	0
nhal_veyr	ring	48	0	-30	grug_nodes:blight_dirt	grug_nodes:blight_dirt	0
nhal_veyr	ring	48	1	-30	grug_decor:castle_dungeon_stone	grug_decor:castle_dungeon_stone	0
nhal_veyr	ring	48	2	-30	grug_decor:castle_dungeon_stone	grug_decor:castle_dungeon_stone	0
nhal_veyr	ring	48	3	-30	xpanes:bar_flat	xpanes:bar_flat	3
nhal_veyr	ring	-30	0	48	grug_nodes:blight_dirt	grug_nodes:blight_dirt	0
nhal_veyr	ring	-30	1	48	grug_decor:castle_dungeon_stone	grug_decor:castle_dungeon_stone	0
nhal_veyr	ring	-30	2	48	grug_decor:castle_dungeon_stone	grug_decor:castle_dungeon_stone	0
nhal_veyr	ring	-30	3	48	xpanes:bar_flat	xpanes:bar_flat	0
nhal_veyr	ring	-48	0	-30	grug_nodes:blight_dirt	grug_nodes:blight_dirt	0
nhal_veyr	ring	-48	1	-30	grug_decor:castle_dungeon_stone	grug_decor:castle_dungeon_stone	0
nhal_veyr	ring	-48	2	-30	grug_decor:castle_dungeon_stone	grug_decor:castle_dungeon_stone	0
nhal_veyr	ring	-48	3	-30	xpanes:bar_flat	xpanes:bar_flat	3
nhal_veyr	ring	-29	0	-48	grug_nodes:blight_dirt	grug_nodes:blight_dirt	0
nhal_veyr	ring	-29	1	-48	grug_decor:castle_dungeon_stone	grug_decor:castle_dungeon_stone	0
nhal_veyr	ring	-29	2	-48	grug_decor:castle_dungeon_stone	grug_decor:castle_dungeon_stone	0
nhal_veyr	ring	48	0	-29	grug_nodes:blight_dirt	grug_nodes:blight_dirt	0
nhal_veyr	ring	48	1	-29	grug_decor:castle_dungeon_stone	grug_decor:castle_dungeon_stone	0
nhal_veyr	ring	48	2	-29	grug_decor:castle_dungeon_stone	grug_decor:castle_dungeon_stone	0
nhal_veyr	ring	-29	0	48	grug_nodes:blight_dirt	grug_nodes:blight_dirt	0
nhal_veyr	ring	-29	1	48	grug_decor:castle_dungeon_stone	grug_decor:castle_dungeon_stone	0
nhal_veyr	ring	-29	2	48	grug_decor:castle_dungeon_stone	grug_decor:castle_dungeon_stone	0
nhal_veyr	ring	-48	0	-29	grug_nodes:blight_dirt	grug_nodes:blight_dirt	0
nhal_veyr	ring	-48	1	-29	grug_decor:castle_dungeon_stone	grug_decor:castle_dungeon_stone	0
nhal_veyr	ring	-48	2	-29	grug_decor:castle_dungeon_stone	grug_decor:castle_dungeon_stone	0
nhal_veyr	ring	-28	0	-48	grug_nodes:blight_dirt	grug_nodes:blight_dirt	0
nhal_veyr	ring	-28	1	-48	grug_decor:castle_dungeon_stone	grug_decor:castle_dungeon_stone	0
nhal_veyr	ring	-28	2	-48	grug_decor:castle_dungeon_stone	grug_decor:castle_dungeon_stone	0
nhal_veyr	ring	-28	3	-48	grug_decor:castle_dungeon_stone	grug_decor:castle_dungeon_stone	0
nhal_veyr	ring	-28	4	-48	stairs:slab_obsidianbrick	stairs:slab_obsidianbrick	0
nhal_veyr	ring	48	0	-28	grug_nodes:dirt_with_bone_litter	grug_nodes:dirt_with_bone_litter	0
nhal_veyr	ring	48	1	-28	grug_decor:castle_dungeon_stone	grug_decor:castle_dungeon_stone	0
nhal_veyr	ring	48	2	-28	grug_decor:castle_dungeon_stone	grug_decor:castle_dungeon_stone	0
nhal_veyr	ring	48	3	-28	grug_decor:castle_dungeon_stone	grug_decor:castle_dungeon_stone	0
nhal_veyr	ring	48	4	-28	stairs:slab_obsidianbrick	stairs:slab_obsidianbrick	0
nhal_veyr	ring	-28	0	48	grug_nodes:blight_dirt	grug_nodes:blight_dirt	0
nhal_veyr	ring	-28	1	48	grug_decor:castle_dungeon_stone	grug_decor:castle_dungeon_stone	0
nhal_veyr	ring	-28	2	48	grug_decor:castle_dungeon_stone	grug_decor:castle_dungeon_stone	0
nhal_veyr	ring	-28	3	48	grug_decor:castle_dungeon_stone	grug_decor:castle_dungeon_stone	0
nhal_veyr	ring	-28	4	48	stairs:slab_obsidianbrick	stairs:slab_obsidianbrick	0
nhal_veyr	ring	-48	0	-28	grug_nodes:blight_dirt	grug_nodes:blight_dirt	0
nhal_veyr	ring	-48	1	-28	grug_decor:castle_dungeon_stone	grug_decor:castle_dungeon_stone	0
nhal_veyr	ring	-48	2	-28	grug_decor:castle_dungeon_stone	grug_decor:castle_dungeon_stone	0
nhal_veyr	ring	-48	3	-28	grug_decor:castle_dungeon_stone	grug_decor:castle_dungeon_stone	0
nhal_veyr	ring	-48	4	-28	stairs:slab_obsidianbrick	stairs:slab_obsidianbrick	0
nhal_veyr	ring	-27	0	-48	grug_nodes:blight_dirt	grug_nodes:blight_dirt	0
nhal_veyr	ring	-27	1	-48	grug_decor:castle_dungeon_stone	grug_decor:castle_dungeon_stone	0
nhal_veyr	ring	-27	2	-48	grug_decor:castle_dungeon_stone	grug_decor:castle_dungeon_stone	0
nhal_veyr	ring	48	0	-27	grug_nodes:dirt_with_bone_litter	grug_nodes:dirt_with_bone_litter	0
nhal_veyr	ring	48	1	-27	grug_decor:castle_dungeon_stone	grug_decor:castle_dungeon_stone	0
nhal_veyr	ring	48	2	-27	grug_decor:castle_dungeon_stone	grug_decor:castle_dungeon_stone	0
nhal_veyr	ring	-27	0	48	grug_nodes:blight_dirt	grug_nodes:blight_dirt	0
nhal_veyr	ring	-27	1	48	grug_decor:castle_dungeon_stone	grug_decor:castle_dungeon_stone	0
nhal_veyr	ring	-27	2	48	grug_decor:castle_dungeon_stone	grug_decor:castle_dungeon_stone	0
nhal_veyr	ring	-48	0	-27	grug_nodes:blight_dirt	grug_nodes:blight_dirt	0
nhal_veyr	ring	-48	1	-27	grug_decor:castle_dungeon_stone	grug_decor:castle_dungeon_stone	0
nhal_veyr	ring	-48	2	-27	grug_decor:castle_dungeon_stone	grug_decor:castle_dungeon_stone	0
nhal_veyr	ring	-26	0	-48	grug_nodes:blight_dirt	grug_nodes:blight_dirt	0
nhal_veyr	ring	-26	1	-48	grug_decor:castle_dungeon_stone	grug_decor:castle_dungeon_stone	0
nhal_veyr	ring	-26	2	-48	grug_decor:castle_dungeon_stone	grug_decor:castle_dungeon_stone	0
nhal_veyr	ring	-26	3	-48	xpanes:bar_flat	xpanes:bar_flat	0
nhal_veyr	ring	48	0	-26	grug_nodes:blight_dirt	grug_nodes:blight_dirt	0
nhal_veyr	ring	48	1	-26	grug_decor:castle_dungeon_stone	grug_decor:castle_dungeon_stone	0
nhal_veyr	ring	48	2	-26	grug_decor:castle_dungeon_stone	grug_decor:castle_dungeon_stone	0
nhal_veyr	ring	48	3	-26	xpanes:bar_flat	xpanes:bar_flat	3
nhal_veyr	ring	-26	0	48	grug_nodes:blight_dirt	grug_nodes:blight_dirt	0
nhal_veyr	ring	-26	1	48	grug_decor:castle_dungeon_stone	grug_decor:castle_dungeon_stone	0
nhal_veyr	ring	-26	2	48	grug_decor:castle_dungeon_stone	grug_decor:castle_dungeon_stone	0
nhal_veyr	ring	-26	3	48	xpanes:bar_flat	xpanes:bar_flat	0
nhal_veyr	ring	-48	0	-26	grug_nodes:blight_dirt	grug_nodes:blight_dirt	0
nhal_veyr	ring	-48	1	-26	grug_decor:castle_dungeon_stone	grug_decor:castle_dungeon_stone	0
nhal_veyr	ring	-48	2	-26	grug_decor:castle_dungeon_stone	grug_decor:castle_dungeon_stone	0
nhal_veyr	ring	-48	3	-26	xpanes:bar_flat	xpanes:bar_flat	3
nhal_veyr	ring	-25	0	-48	grug_nodes:blight_dirt	grug_nodes:blight_dirt	0
nhal_veyr	ring	-25	1	-48	grug_decor:castle_dungeon_stone	grug_decor:castle_dungeon_stone	0
nhal_veyr	ring	-25	2	-48	grug_decor:castle_dungeon_stone	grug_decor:castle_dungeon_stone	0
nhal_veyr	ring	48	0	-25	grug_nodes:blight_dirt	grug_nodes:blight_dirt	0
nhal_veyr	ring	48	1	-25	grug_decor:castle_dungeon_stone	grug_decor:castle_dungeon_stone	0
nhal_veyr	ring	48	2	-25	grug_decor:castle_dungeon_stone	grug_decor:castle_dungeon_stone	0
nhal_veyr	ring	-25	0	48	grug_nodes:blight_dirt	grug_nodes:blight_dirt	0
nhal_veyr	ring	-25	1	48	grug_decor:castle_dungeon_stone	grug_decor:castle_dungeon_stone	0
nhal_veyr	ring	-25	2	48	grug_decor:castle_dungeon_stone	grug_decor:castle_dungeon_stone	0
nhal_veyr	ring	-48	0	-25	grug_nodes:blight_dirt	grug_nodes:blight_dirt	0
nhal_veyr	ring	-48	1	-25	grug_decor:castle_dungeon_stone	grug_decor:castle_dungeon_stone	0
nhal_veyr	ring	-48	2	-25	grug_decor:castle_dungeon_stone	grug_decor:castle_dungeon_stone	0
nhal_veyr	ring	-24	0	-48	grug_nodes:blight_dirt	grug_nodes:blight_dirt	0
nhal_veyr	ring	-24	1	-48	grug_decor:castle_dungeon_stone	grug_decor:castle_dungeon_stone	0
nhal_veyr	ring	-24	2	-48	grug_decor:castle_dungeon_stone	grug_decor:castle_dungeon_stone	0
nhal_veyr	ring	-24	3	-48	grug_decor:castle_dungeon_stone	grug_decor:castle_dungeon_stone	0
nhal_veyr	ring	-24	4	-48	stairs:slab_obsidianbrick	stairs:slab_obsidianbrick	0
nhal_veyr	ring	48	0	-24	grug_nodes:blight_dirt	grug_nodes:blight_dirt	0
nhal_veyr	ring	48	1	-24	grug_decor:castle_dungeon_stone	grug_decor:castle_dungeon_stone	0
nhal_veyr	ring	48	2	-24	grug_decor:castle_dungeon_stone	grug_decor:castle_dungeon_stone	0
nhal_veyr	ring	48	3	-24	grug_decor:castle_dungeon_stone	grug_decor:castle_dungeon_stone	0
nhal_veyr	ring	48	4	-24	stairs:slab_obsidianbrick	stairs:slab_obsidianbrick	0
nhal_veyr	ring	-24	0	48	grug_nodes:dirt_with_bone_litter	grug_nodes:dirt_with_bone_litter	0
nhal_veyr	ring	-24	1	48	grug_decor:castle_dungeon_stone	grug_decor:castle_dungeon_stone	0
nhal_veyr	ring	-24	2	48	grug_decor:castle_dungeon_stone	grug_decor:castle_dungeon_stone	0
nhal_veyr	ring	-24	3	48	grug_decor:castle_dungeon_stone	grug_decor:castle_dungeon_stone	0
nhal_veyr	ring	-24	4	48	stairs:slab_obsidianbrick	stairs:slab_obsidianbrick	0
nhal_veyr	ring	-48	0	-24	default:gravel	default:gravel	0
nhal_veyr	ring	-48	1	-24	grug_decor:castle_dungeon_stone	grug_decor:castle_dungeon_stone	0
nhal_veyr	ring	-48	2	-24	grug_decor:castle_dungeon_stone	grug_decor:castle_dungeon_stone	0
nhal_veyr	ring	-48	3	-24	grug_decor:castle_dungeon_stone	grug_decor:castle_dungeon_stone	0
nhal_veyr	ring	-48	4	-24	stairs:slab_obsidianbrick	stairs:slab_obsidianbrick	0
nhal_veyr	ring	-23	0	-48	grug_nodes:blight_dirt	grug_nodes:blight_dirt	0
nhal_veyr	ring	-23	1	-48	grug_decor:castle_dungeon_stone	grug_decor:castle_dungeon_stone	0
nhal_veyr	ring	-23	2	-48	grug_decor:castle_dungeon_stone	grug_decor:castle_dungeon_stone	0
nhal_veyr	ring	48	0	-23	grug_nodes:blight_dirt	grug_nodes:blight_dirt	0
nhal_veyr	ring	48	1	-23	grug_decor:castle_dungeon_stone	grug_decor:castle_dungeon_stone	0
nhal_veyr	ring	48	2	-23	grug_decor:castle_dungeon_stone	grug_decor:castle_dungeon_stone	0
nhal_veyr	ring	-23	0	48	grug_nodes:dirt_with_bone_litter	grug_nodes:dirt_with_bone_litter	0
nhal_veyr	ring	-23	1	48	grug_decor:castle_dungeon_stone	grug_decor:castle_dungeon_stone	0
nhal_veyr	ring	-23	2	48	grug_decor:castle_dungeon_stone	grug_decor:castle_dungeon_stone	0
nhal_veyr	ring	-48	0	-23	grug_nodes:blight_dirt	grug_nodes:blight_dirt	0
nhal_veyr	ring	-48	1	-23	grug_decor:castle_dungeon_stone	grug_decor:castle_dungeon_stone	0
nhal_veyr	ring	-48	2	-23	grug_decor:castle_dungeon_stone	grug_decor:castle_dungeon_stone	0
nhal_veyr	ring	-22	0	-48	grug_nodes:blight_dirt	grug_nodes:blight_dirt	0
nhal_veyr	ring	-22	1	-48	grug_decor:castle_dungeon_stone	grug_decor:castle_dungeon_stone	0
nhal_veyr	ring	-22	2	-48	grug_decor:castle_dungeon_stone	grug_decor:castle_dungeon_stone	0
nhal_veyr	ring	-22	3	-48	xpanes:bar_flat	xpanes:bar_flat	0
nhal_veyr	ring	48	0	-22	grug_nodes:blight_dirt	grug_nodes:blight_dirt	0
nhal_veyr	ring	48	1	-22	grug_decor:castle_dungeon_stone	grug_decor:castle_dungeon_stone	0
nhal_veyr	ring	48	2	-22	grug_decor:castle_dungeon_stone	grug_decor:castle_dungeon_stone	0
nhal_veyr	ring	48	3	-22	xpanes:bar_flat	xpanes:bar_flat	3
nhal_veyr	ring	-22	0	48	grug_nodes:dirt_with_bone_litter	grug_nodes:dirt_with_bone_litter	0
nhal_veyr	ring	-22	1	48	grug_decor:castle_dungeon_stone	grug_decor:castle_dungeon_stone	0
nhal_veyr	ring	-22	2	48	grug_decor:castle_dungeon_stone	grug_decor:castle_dungeon_stone	0
nhal_veyr	ring	-22	3	48	xpanes:bar_flat	xpanes:bar_flat	0
nhal_veyr	ring	-48	0	-22	grug_nodes:blight_dirt	grug_nodes:blight_dirt	0
nhal_veyr	ring	-48	1	-22	grug_decor:castle_dungeon_stone	grug_decor:castle_dungeon_stone	0
nhal_veyr	ring	-48	2	-22	grug_decor:castle_dungeon_stone	grug_decor:castle_dungeon_stone	0
nhal_veyr	ring	-48	3	-22	xpanes:bar_flat	xpanes:bar_flat	3
nhal_veyr	ring	-21	0	-48	grug_nodes:blight_dirt	grug_nodes:blight_dirt	0
nhal_veyr	ring	-21	1	-48	grug_decor:castle_dungeon_stone	grug_decor:castle_dungeon_stone	0
nhal_veyr	ring	-21	2	-48	grug_decor:castle_dungeon_stone	grug_decor:castle_dungeon_stone	0
nhal_veyr	ring	48	0	-21	grug_nodes:blight_dirt	grug_nodes:blight_dirt	0
nhal_veyr	ring	48	1	-21	grug_decor:castle_dungeon_stone	grug_decor:castle_dungeon_stone	0
nhal_veyr	ring	48	2	-21	grug_decor:castle_dungeon_stone	grug_decor:castle_dungeon_stone	0
nhal_veyr	ring	-21	0	48	grug_nodes:blight_dirt	grug_nodes:blight_dirt	0
nhal_veyr	ring	-21	1	48	grug_decor:castle_dungeon_stone	grug_decor:castle_dungeon_stone	0
nhal_veyr	ring	-21	2	48	grug_decor:castle_dungeon_stone	grug_decor:castle_dungeon_stone	0
nhal_veyr	ring	-48	0	-21	grug_nodes:blight_dirt	grug_nodes:blight_dirt	0
nhal_veyr	ring	-48	1	-21	grug_decor:castle_dungeon_stone	grug_decor:castle_dungeon_stone	0
nhal_veyr	ring	-48	2	-21	grug_decor:castle_dungeon_stone	grug_decor:castle_dungeon_stone	0
nhal_veyr	ring	-20	0	-48	grug_nodes:blight_dirt	grug_nodes:blight_dirt	0
nhal_veyr	ring	-20	1	-48	grug_decor:castle_dungeon_stone	grug_decor:castle_dungeon_stone	0
nhal_veyr	ring	-20	2	-48	grug_decor:castle_dungeon_stone	grug_decor:castle_dungeon_stone	0
nhal_veyr	ring	-20	3	-48	grug_decor:castle_dungeon_stone	grug_decor:castle_dungeon_stone	0
nhal_veyr	ring	-20	4	-48	stairs:slab_obsidianbrick	stairs:slab_obsidianbrick	0
nhal_veyr	ring	48	0	-20	grug_nodes:blight_dirt	grug_nodes:blight_dirt	0
nhal_veyr	ring	48	1	-20	grug_decor:castle_dungeon_stone	grug_decor:castle_dungeon_stone	0
nhal_veyr	ring	48	2	-20	grug_decor:castle_dungeon_stone	grug_decor:castle_dungeon_stone	0
nhal_veyr	ring	48	3	-20	grug_decor:castle_dungeon_stone	grug_decor:castle_dungeon_stone	0
nhal_veyr	ring	48	4	-20	stairs:slab_obsidianbrick	stairs:slab_obsidianbrick	0
nhal_veyr	ring	-20	0	48	grug_nodes:blight_dirt	grug_nodes:blight_dirt	0
nhal_veyr	ring	-20	1	48	grug_decor:castle_dungeon_stone	grug_decor:castle_dungeon_stone	0
nhal_veyr	ring	-20	2	48	grug_decor:castle_dungeon_stone	grug_decor:castle_dungeon_stone	0
nhal_veyr	ring	-20	3	48	grug_decor:castle_dungeon_stone	grug_decor:castle_dungeon_stone	0
nhal_veyr	ring	-20	4	48	stairs:slab_obsidianbrick	stairs:slab_obsidianbrick	0
nhal_veyr	ring	-48	0	-20	grug_nodes:blight_dirt	grug_nodes:blight_dirt	0
nhal_veyr	ring	-48	1	-20	grug_decor:castle_dungeon_stone	grug_decor:castle_dungeon_stone	0
nhal_veyr	ring	-48	2	-20	grug_decor:castle_dungeon_stone	grug_decor:castle_dungeon_stone	0
nhal_veyr	ring	-48	3	-20	grug_decor:castle_dungeon_stone	grug_decor:castle_dungeon_stone	0
nhal_veyr	ring	-48	4	-20	stairs:slab_obsidianbrick	stairs:slab_obsidianbrick	0
nhal_veyr	ring	-19	0	-48	grug_nodes:blight_dirt	grug_nodes:blight_dirt	0
nhal_veyr	ring	-19	1	-48	grug_decor:castle_dungeon_stone	grug_decor:castle_dungeon_stone	0
nhal_veyr	ring	-19	2	-48	grug_decor:castle_dungeon_stone	grug_decor:castle_dungeon_stone	0
nhal_veyr	ring	48	0	-19	grug_nodes:blight_dirt	grug_nodes:blight_dirt	0
nhal_veyr	ring	48	1	-19	grug_decor:castle_dungeon_stone	grug_decor:castle_dungeon_stone	0
nhal_veyr	ring	48	2	-19	grug_decor:castle_dungeon_stone	grug_decor:castle_dungeon_stone	0
nhal_veyr	ring	-19	0	48	grug_nodes:blight_dirt	grug_nodes:blight_dirt	0
nhal_veyr	ring	-19	1	48	grug_decor:castle_dungeon_stone	grug_decor:castle_dungeon_stone	0
nhal_veyr	ring	-19	2	48	grug_decor:castle_dungeon_stone	grug_decor:castle_dungeon_stone	0
nhal_veyr	ring	-48	0	-19	grug_nodes:blight_dirt	grug_nodes:blight_dirt	0
nhal_veyr	ring	-48	1	-19	grug_decor:castle_dungeon_stone	grug_decor:castle_dungeon_stone	0
nhal_veyr	ring	-48	2	-19	grug_decor:castle_dungeon_stone	grug_decor:castle_dungeon_stone	0
nhal_veyr	ring	-18	0	-48	grug_nodes:blight_dirt	grug_nodes:blight_dirt	0
nhal_veyr	ring	-18	1	-48	grug_decor:castle_dungeon_stone	grug_decor:castle_dungeon_stone	0
nhal_veyr	ring	-18	2	-48	grug_decor:castle_dungeon_stone	grug_decor:castle_dungeon_stone	0
nhal_veyr	ring	-18	3	-48	xpanes:bar_flat	xpanes:bar_flat	0
nhal_veyr	ring	48	0	-18	grug_nodes:blight_dirt	grug_nodes:blight_dirt	0
nhal_veyr	ring	48	1	-18	grug_decor:castle_dungeon_stone	grug_decor:castle_dungeon_stone	0
nhal_veyr	ring	48	2	-18	grug_decor:castle_dungeon_stone	grug_decor:castle_dungeon_stone	0
nhal_veyr	ring	48	3	-18	xpanes:bar_flat	xpanes:bar_flat	3
nhal_veyr	ring	-18	0	48	grug_nodes:blight_dirt	grug_nodes:blight_dirt	0
nhal_veyr	ring	-18	1	48	grug_decor:castle_dungeon_stone	grug_decor:castle_dungeon_stone	0
nhal_veyr	ring	-18	2	48	grug_decor:castle_dungeon_stone	grug_decor:castle_dungeon_stone	0
nhal_veyr	ring	-18	3	48	xpanes:bar_flat	xpanes:bar_flat	0
nhal_veyr	ring	-48	0	-18	grug_nodes:blight_dirt	grug_nodes:blight_dirt	0
nhal_veyr	ring	-48	1	-18	grug_decor:castle_dungeon_stone	grug_decor:castle_dungeon_stone	0
nhal_veyr	ring	-48	2	-18	grug_decor:castle_dungeon_stone	grug_decor:castle_dungeon_stone	0
nhal_veyr	ring	-48	3	-18	xpanes:bar_flat	xpanes:bar_flat	3
nhal_veyr	ring	-17	0	-48	grug_nodes:blight_dirt	grug_nodes:blight_dirt	0
nhal_veyr	ring	-17	1	-48	grug_decor:castle_dungeon_stone	grug_decor:castle_dungeon_stone	0
nhal_veyr	ring	-17	2	-48	grug_decor:castle_dungeon_stone	grug_decor:castle_dungeon_stone	0
nhal_veyr	ring	48	0	-17	grug_nodes:blight_dirt	grug_nodes:blight_dirt	0
nhal_veyr	ring	48	1	-17	grug_decor:castle_dungeon_stone	grug_decor:castle_dungeon_stone	0
nhal_veyr	ring	48	2	-17	grug_decor:castle_dungeon_stone	grug_decor:castle_dungeon_stone	0
nhal_veyr	ring	-17	0	48	grug_nodes:blight_dirt	grug_nodes:blight_dirt	0
nhal_veyr	ring	-17	1	48	grug_decor:castle_dungeon_stone	grug_decor:castle_dungeon_stone	0
nhal_veyr	ring	-17	2	48	grug_decor:castle_dungeon_stone	grug_decor:castle_dungeon_stone	0
nhal_veyr	ring	-48	0	-17	grug_nodes:blight_dirt	grug_nodes:blight_dirt	0
nhal_veyr	ring	-48	1	-17	grug_decor:castle_dungeon_stone	grug_decor:castle_dungeon_stone	0
nhal_veyr	ring	-48	2	-17	grug_decor:castle_dungeon_stone	grug_decor:castle_dungeon_stone	0
nhal_veyr	ring	-16	0	-48	grug_nodes:blight_dirt	grug_nodes:blight_dirt	0
nhal_veyr	ring	-16	1	-48	grug_decor:castle_dungeon_stone	grug_decor:castle_dungeon_stone	0
nhal_veyr	ring	-16	2	-48	grug_decor:castle_dungeon_stone	grug_decor:castle_dungeon_stone	0
nhal_veyr	ring	-16	3	-48	grug_decor:castle_dungeon_stone	grug_decor:castle_dungeon_stone	0
nhal_veyr	ring	-16	4	-48	stairs:slab_obsidianbrick	stairs:slab_obsidianbrick	0
nhal_veyr	ring	48	0	-16	grug_nodes:blight_dirt	grug_nodes:blight_dirt	0
nhal_veyr	ring	48	1	-16	grug_decor:castle_dungeon_stone	grug_decor:castle_dungeon_stone	0
nhal_veyr	ring	48	2	-16	grug_decor:castle_dungeon_stone	grug_decor:castle_dungeon_stone	0
nhal_veyr	ring	48	3	-16	grug_decor:castle_dungeon_stone	grug_decor:castle_dungeon_stone	0
nhal_veyr	ring	48	4	-16	stairs:slab_obsidianbrick	stairs:slab_obsidianbrick	0
nhal_veyr	ring	-16	0	48	grug_nodes:blight_dirt	grug_nodes:blight_dirt	0
nhal_veyr	ring	-16	1	48	grug_decor:castle_dungeon_stone	grug_decor:castle_dungeon_stone	0
nhal_veyr	ring	-16	2	48	grug_decor:castle_dungeon_stone	grug_decor:castle_dungeon_stone	0
nhal_veyr	ring	-16	3	48	grug_decor:castle_dungeon_stone	grug_decor:castle_dungeon_stone	0
nhal_veyr	ring	-16	4	48	stairs:slab_obsidianbrick	stairs:slab_obsidianbrick	0
nhal_veyr	ring	-48	0	-16	grug_nodes:blight_dirt	grug_nodes:blight_dirt	0
nhal_veyr	ring	-48	1	-16	grug_decor:castle_dungeon_stone	grug_decor:castle_dungeon_stone	0
nhal_veyr	ring	-48	2	-16	grug_decor:castle_dungeon_stone	grug_decor:castle_dungeon_stone	0
nhal_veyr	ring	-48	3	-16	grug_decor:castle_dungeon_stone	grug_decor:castle_dungeon_stone	0
nhal_veyr	ring	-48	4	-16	stairs:slab_obsidianbrick	stairs:slab_obsidianbrick	0
nhal_veyr	ring	-15	0	-48	grug_nodes:blight_dirt	grug_nodes:blight_dirt	0
nhal_veyr	ring	-15	1	-48	grug_decor:castle_dungeon_stone	grug_decor:castle_dungeon_stone	0
nhal_veyr	ring	-15	2	-48	grug_decor:castle_dungeon_stone	grug_decor:castle_dungeon_stone	0
nhal_veyr	ring	48	0	-15	grug_nodes:blight_dirt	grug_nodes:blight_dirt	0
nhal_veyr	ring	48	1	-15	grug_decor:castle_dungeon_stone	grug_decor:castle_dungeon_stone	0
nhal_veyr	ring	48	2	-15	grug_decor:castle_dungeon_stone	grug_decor:castle_dungeon_stone	0
nhal_veyr	ring	-15	0	48	grug_nodes:blight_dirt	grug_nodes:blight_dirt	0
nhal_veyr	ring	-15	1	48	grug_decor:castle_dungeon_stone	grug_decor:castle_dungeon_stone	0
nhal_veyr	ring	-15	2	48	grug_decor:castle_dungeon_stone	grug_decor:castle_dungeon_stone	0
nhal_veyr	ring	-48	0	-15	grug_nodes:blight_dirt	grug_nodes:blight_dirt	0
nhal_veyr	ring	-48	1	-15	grug_decor:castle_dungeon_stone	grug_decor:castle_dungeon_stone	0
nhal_veyr	ring	-48	2	-15	grug_decor:castle_dungeon_stone	grug_decor:castle_dungeon_stone	0
nhal_veyr	ring	-14	0	-48	grug_nodes:blight_dirt	grug_nodes:blight_dirt	0
nhal_veyr	ring	-14	1	-48	grug_decor:castle_dungeon_stone	grug_decor:castle_dungeon_stone	0
nhal_veyr	ring	-14	2	-48	grug_decor:castle_dungeon_stone	grug_decor:castle_dungeon_stone	0
nhal_veyr	ring	-14	3	-48	xpanes:bar_flat	xpanes:bar_flat	0
nhal_veyr	ring	48	0	-14	grug_nodes:blight_dirt	grug_nodes:blight_dirt	0
nhal_veyr	ring	48	1	-14	grug_decor:castle_dungeon_stone	grug_decor:castle_dungeon_stone	0
nhal_veyr	ring	48	2	-14	grug_decor:castle_dungeon_stone	grug_decor:castle_dungeon_stone	0
nhal_veyr	ring	48	3	-14	xpanes:bar_flat	xpanes:bar_flat	3
nhal_veyr	ring	-14	0	48	grug_nodes:dirt_with_bone_litter	grug_nodes:dirt_with_bone_litter	0
nhal_veyr	ring	-14	1	48	grug_decor:castle_dungeon_stone	grug_decor:castle_dungeon_stone	0
nhal_veyr	ring	-14	2	48	grug_decor:castle_dungeon_stone	grug_decor:castle_dungeon_stone	0
nhal_veyr	ring	-14	3	48	xpanes:bar_flat	xpanes:bar_flat	0
nhal_veyr	ring	-48	0	-14	grug_nodes:blight_dirt	grug_nodes:blight_dirt	0
nhal_veyr	ring	-48	1	-14	grug_decor:castle_dungeon_stone	grug_decor:castle_dungeon_stone	0
nhal_veyr	ring	-48	2	-14	grug_decor:castle_dungeon_stone	grug_decor:castle_dungeon_stone	0
nhal_veyr	ring	-48	3	-14	xpanes:bar_flat	xpanes:bar_flat	3
nhal_veyr	ring	-13	0	-48	grug_nodes:blight_dirt	grug_nodes:blight_dirt	0
nhal_veyr	ring	-13	1	-48	grug_decor:castle_dungeon_stone	grug_decor:castle_dungeon_stone	0
nhal_veyr	ring	-13	2	-48	grug_decor:castle_dungeon_stone	grug_decor:castle_dungeon_stone	0
nhal_veyr	ring	48	0	-13	grug_nodes:blight_dirt	grug_nodes:blight_dirt	0
nhal_veyr	ring	48	1	-13	grug_decor:castle_dungeon_stone	grug_decor:castle_dungeon_stone	0
nhal_veyr	ring	48	2	-13	grug_decor:castle_dungeon_stone	grug_decor:castle_dungeon_stone	0
nhal_veyr	ring	-13	0	48	grug_nodes:dirt_with_bone_litter	grug_nodes:dirt_with_bone_litter	0
nhal_veyr	ring	-13	1	48	grug_decor:castle_dungeon_stone	grug_decor:castle_dungeon_stone	0
nhal_veyr	ring	-13	2	48	grug_decor:castle_dungeon_stone	grug_decor:castle_dungeon_stone	0
nhal_veyr	ring	-48	0	-13	grug_nodes:blight_dirt	grug_nodes:blight_dirt	0
nhal_veyr	ring	-48	1	-13	grug_decor:castle_dungeon_stone	grug_decor:castle_dungeon_stone	0
nhal_veyr	ring	-48	2	-13	grug_decor:castle_dungeon_stone	grug_decor:castle_dungeon_stone	0
nhal_veyr	ring	-12	0	-48	grug_nodes:blight_dirt	grug_nodes:blight_dirt	0
nhal_veyr	ring	-12	1	-48	grug_decor:castle_dungeon_stone	grug_decor:castle_dungeon_stone	0
nhal_veyr	ring	-12	2	-48	grug_decor:castle_dungeon_stone	grug_decor:castle_dungeon_stone	0
nhal_veyr	ring	-12	3	-48	grug_decor:castle_dungeon_stone	grug_decor:castle_dungeon_stone	0
nhal_veyr	ring	-12	4	-48	stairs:slab_obsidianbrick	stairs:slab_obsidianbrick	0
nhal_veyr	ring	48	0	-12	grug_nodes:blight_dirt	grug_nodes:blight_dirt	0
nhal_veyr	ring	48	1	-12	grug_decor:castle_dungeon_stone	grug_decor:castle_dungeon_stone	0
nhal_veyr	ring	48	2	-12	grug_decor:castle_dungeon_stone	grug_decor:castle_dungeon_stone	0
nhal_veyr	ring	48	3	-12	grug_decor:castle_dungeon_stone	grug_decor:castle_dungeon_stone	0
nhal_veyr	ring	48	4	-12	stairs:slab_obsidianbrick	stairs:slab_obsidianbrick	0
nhal_veyr	ring	-12	0	48	grug_nodes:dirt_with_bone_litter	grug_nodes:dirt_with_bone_litter	0
nhal_veyr	ring	-12	1	48	grug_decor:castle_dungeon_stone	grug_decor:castle_dungeon_stone	0
nhal_veyr	ring	-12	2	48	grug_decor:castle_dungeon_stone	grug_decor:castle_dungeon_stone	0
nhal_veyr	ring	-12	3	48	grug_decor:castle_dungeon_stone	grug_decor:castle_dungeon_stone	0
nhal_veyr	ring	-12	4	48	stairs:slab_obsidianbrick	stairs:slab_obsidianbrick	0
nhal_veyr	ring	-48	0	-12	grug_nodes:blight_dirt	grug_nodes:blight_dirt	0
nhal_veyr	ring	-48	1	-12	grug_decor:castle_dungeon_stone	grug_decor:castle_dungeon_stone	0
nhal_veyr	ring	-48	2	-12	grug_decor:castle_dungeon_stone	grug_decor:castle_dungeon_stone	0
nhal_veyr	ring	-48	3	-12	grug_decor:castle_dungeon_stone	grug_decor:castle_dungeon_stone	0
nhal_veyr	ring	-48	4	-12	stairs:slab_obsidianbrick	stairs:slab_obsidianbrick	0
nhal_veyr	ring	-11	0	-48	grug_nodes:blight_dirt	grug_nodes:blight_dirt	0
nhal_veyr	ring	-11	1	-48	grug_decor:castle_dungeon_stone	grug_decor:castle_dungeon_stone	0
nhal_veyr	ring	-11	2	-48	grug_decor:castle_dungeon_stone	grug_decor:castle_dungeon_stone	0
nhal_veyr	ring	48	0	-11	grug_nodes:blight_dirt	grug_nodes:blight_dirt	0
nhal_veyr	ring	48	1	-11	grug_decor:castle_dungeon_stone	grug_decor:castle_dungeon_stone	0
nhal_veyr	ring	48	2	-11	grug_decor:castle_dungeon_stone	grug_decor:castle_dungeon_stone	0
nhal_veyr	ring	-11	0	48	grug_nodes:blight_dirt	grug_nodes:blight_dirt	0
nhal_veyr	ring	-11	1	48	grug_decor:castle_dungeon_stone	grug_decor:castle_dungeon_stone	0
nhal_veyr	ring	-11	2	48	grug_decor:castle_dungeon_stone	grug_decor:castle_dungeon_stone	0
nhal_veyr	ring	-48	0	-11	grug_nodes:blight_dirt	grug_nodes:blight_dirt	0
nhal_veyr	ring	-48	1	-11	grug_decor:castle_dungeon_stone	grug_decor:castle_dungeon_stone	0
nhal_veyr	ring	-48	2	-11	grug_decor:castle_dungeon_stone	grug_decor:castle_dungeon_stone	0
nhal_veyr	ring	-10	0	-48	grug_nodes:blight_dirt	grug_nodes:blight_dirt	0
nhal_veyr	ring	-10	1	-48	grug_decor:castle_dungeon_stone	grug_decor:castle_dungeon_stone	0
nhal_veyr	ring	-10	2	-48	grug_decor:castle_dungeon_stone	grug_decor:castle_dungeon_stone	0
nhal_veyr	ring	-10	3	-48	xpanes:bar_flat	xpanes:bar_flat	0
nhal_veyr	ring	48	0	-10	grug_nodes:blight_dirt	grug_nodes:blight_dirt	0
nhal_veyr	ring	48	1	-10	grug_decor:castle_dungeon_stone	grug_decor:castle_dungeon_stone	0
nhal_veyr	ring	48	2	-10	grug_decor:castle_dungeon_stone	grug_decor:castle_dungeon_stone	0
nhal_veyr	ring	48	3	-10	xpanes:bar_flat	xpanes:bar_flat	3
nhal_veyr	ring	-10	0	48	grug_nodes:blight_dirt	grug_nodes:blight_dirt	0
nhal_veyr	ring	-10	1	48	grug_decor:castle_dungeon_stone	grug_decor:castle_dungeon_stone	0
nhal_veyr	ring	-10	2	48	grug_decor:castle_dungeon_stone	grug_decor:castle_dungeon_stone	0
nhal_veyr	ring	-10	3	48	xpanes:bar_flat	xpanes:bar_flat	0
nhal_veyr	ring	-48	0	-10	grug_nodes:blight_dirt	grug_nodes:blight_dirt	0
nhal_veyr	ring	-48	1	-10	grug_decor:castle_dungeon_stone	grug_decor:castle_dungeon_stone	0
nhal_veyr	ring	-48	2	-10	grug_decor:castle_dungeon_stone	grug_decor:castle_dungeon_stone	0
nhal_veyr	ring	-48	3	-10	xpanes:bar_flat	xpanes:bar_flat	3
nhal_veyr	ring	-9	0	-48	grug_nodes:blight_dirt	grug_nodes:blight_dirt	0
nhal_veyr	ring	-9	1	-48	grug_decor:castle_dungeon_stone	grug_decor:castle_dungeon_stone	0
nhal_veyr	ring	-9	2	-48	grug_decor:castle_dungeon_stone	grug_decor:castle_dungeon_stone	0
nhal_veyr	ring	48	0	-9	grug_nodes:blight_dirt	grug_nodes:blight_dirt	0
nhal_veyr	ring	48	1	-9	grug_decor:castle_dungeon_stone	grug_decor:castle_dungeon_stone	0
nhal_veyr	ring	48	2	-9	grug_decor:castle_dungeon_stone	grug_decor:castle_dungeon_stone	0
nhal_veyr	ring	-9	0	48	grug_nodes:blight_dirt	grug_nodes:blight_dirt	0
nhal_veyr	ring	-9	1	48	grug_decor:castle_dungeon_stone	grug_decor:castle_dungeon_stone	0
nhal_veyr	ring	-9	2	48	grug_decor:castle_dungeon_stone	grug_decor:castle_dungeon_stone	0
nhal_veyr	ring	-48	0	-9	grug_nodes:blight_dirt	grug_nodes:blight_dirt	0
nhal_veyr	ring	-48	1	-9	grug_decor:castle_dungeon_stone	grug_decor:castle_dungeon_stone	0
nhal_veyr	ring	-48	2	-9	grug_decor:castle_dungeon_stone	grug_decor:castle_dungeon_stone	0
nhal_veyr	ring	-8	0	-48	grug_nodes:blight_dirt	grug_nodes:blight_dirt	0
nhal_veyr	ring	-8	1	-48	grug_decor:castle_dungeon_stone	grug_decor:castle_dungeon_stone	0
nhal_veyr	ring	-8	2	-48	grug_decor:castle_dungeon_stone	grug_decor:castle_dungeon_stone	0
nhal_veyr	ring	-8	3	-48	grug_decor:castle_dungeon_stone	grug_decor:castle_dungeon_stone	0
nhal_veyr	ring	-8	4	-48	stairs:slab_obsidianbrick	stairs:slab_obsidianbrick	0
nhal_veyr	ring	48	0	-8	grug_nodes:blight_dirt	grug_nodes:blight_dirt	0
nhal_veyr	ring	48	1	-8	grug_decor:castle_dungeon_stone	grug_decor:castle_dungeon_stone	0
nhal_veyr	ring	48	2	-8	grug_decor:castle_dungeon_stone	grug_decor:castle_dungeon_stone	0
nhal_veyr	ring	48	3	-8	grug_decor:castle_dungeon_stone	grug_decor:castle_dungeon_stone	0
nhal_veyr	ring	48	4	-8	stairs:slab_obsidianbrick	stairs:slab_obsidianbrick	0
nhal_veyr	ring	-8	0	48	grug_nodes:blight_dirt	grug_nodes:blight_dirt	0
nhal_veyr	ring	-8	1	48	grug_decor:castle_dungeon_stone	grug_decor:castle_dungeon_stone	0
nhal_veyr	ring	-8	2	48	grug_decor:castle_dungeon_stone	grug_decor:castle_dungeon_stone	0
nhal_veyr	ring	-8	3	48	grug_decor:castle_dungeon_stone	grug_decor:castle_dungeon_stone	0
nhal_veyr	ring	-8	4	48	stairs:slab_obsidianbrick	stairs:slab_obsidianbrick	0
nhal_veyr	ring	-48	0	-8	grug_nodes:blight_dirt	grug_nodes:blight_dirt	0
nhal_veyr	ring	-48	1	-8	grug_decor:castle_dungeon_stone	grug_decor:castle_dungeon_stone	0
nhal_veyr	ring	-48	2	-8	grug_decor:castle_dungeon_stone	grug_decor:castle_dungeon_stone	0
nhal_veyr	ring	-48	3	-8	grug_decor:castle_dungeon_stone	grug_decor:castle_dungeon_stone	0
nhal_veyr	ring	-48	4	-8	stairs:slab_obsidianbrick	stairs:slab_obsidianbrick	0
nhal_veyr	ring	-7	0	-48	grug_nodes:blight_dirt	grug_nodes:blight_dirt	0
nhal_veyr	ring	-7	1	-48	grug_decor:castle_dungeon_stone	grug_decor:castle_dungeon_stone	0
nhal_veyr	ring	-7	2	-48	grug_decor:castle_dungeon_stone	grug_decor:castle_dungeon_stone	0
nhal_veyr	ring	48	0	-7	grug_nodes:blight_dirt	grug_nodes:blight_dirt	0
nhal_veyr	ring	48	1	-7	grug_decor:castle_dungeon_stone	grug_decor:castle_dungeon_stone	0
nhal_veyr	ring	48	2	-7	grug_decor:castle_dungeon_stone	grug_decor:castle_dungeon_stone	0
nhal_veyr	ring	-7	0	48	grug_nodes:blight_dirt	grug_nodes:blight_dirt	0
nhal_veyr	ring	-7	1	48	grug_decor:castle_dungeon_stone	grug_decor:castle_dungeon_stone	0
nhal_veyr	ring	-7	2	48	grug_decor:castle_dungeon_stone	grug_decor:castle_dungeon_stone	0
nhal_veyr	ring	-48	0	-7	grug_nodes:blight_dirt	grug_nodes:blight_dirt	0
nhal_veyr	ring	-48	1	-7	grug_decor:castle_dungeon_stone	grug_decor:castle_dungeon_stone	0
nhal_veyr	ring	-48	2	-7	grug_decor:castle_dungeon_stone	grug_decor:castle_dungeon_stone	0
nhal_veyr	ring	-6	0	-48	grug_decor:castle_dungeon_stone	grug_decor:castle_dungeon_stone	0
nhal_veyr	ring	-6	1	-48	grug_decor:castle_dungeon_stone	grug_decor:castle_dungeon_stone	0
nhal_veyr	ring	-6	2	-48	grug_decor:castle_dungeon_stone	grug_decor:castle_dungeon_stone	0
nhal_veyr	ring	-6	3	-48	default:obsidianbrick	default:obsidianbrick	0
nhal_veyr	ring	-6	4	-48	grug_decor:castle_dungeon_stone	grug_decor:castle_dungeon_stone	0
nhal_veyr	ring	48	0	-6	grug_decor:castle_dungeon_stone	grug_decor:castle_dungeon_stone	0
nhal_veyr	ring	48	1	-6	grug_decor:castle_dungeon_stone	grug_decor:castle_dungeon_stone	0
nhal_veyr	ring	48	2	-6	grug_decor:castle_dungeon_stone	grug_decor:castle_dungeon_stone	0
nhal_veyr	ring	48	3	-6	default:obsidianbrick	default:obsidianbrick	0
nhal_veyr	ring	48	4	-6	grug_decor:castle_dungeon_stone	grug_decor:castle_dungeon_stone	0
nhal_veyr	ring	-6	0	48	grug_decor:castle_dungeon_stone	grug_decor:castle_dungeon_stone	0
nhal_veyr	ring	-6	1	48	grug_decor:castle_dungeon_stone	grug_decor:castle_dungeon_stone	0
nhal_veyr	ring	-6	2	48	grug_decor:castle_dungeon_stone	grug_decor:castle_dungeon_stone	0
nhal_veyr	ring	-6	3	48	default:obsidianbrick	default:obsidianbrick	0
nhal_veyr	ring	-6	4	48	grug_decor:castle_dungeon_stone	grug_decor:castle_dungeon_stone	0
nhal_veyr	ring	-48	0	-6	grug_decor:castle_dungeon_stone	grug_decor:castle_dungeon_stone	0
nhal_veyr	ring	-48	1	-6	grug_decor:castle_dungeon_stone	grug_decor:castle_dungeon_stone	0
nhal_veyr	ring	-48	2	-6	grug_decor:castle_dungeon_stone	grug_decor:castle_dungeon_stone	0
nhal_veyr	ring	-48	3	-6	default:obsidianbrick	default:obsidianbrick	0
nhal_veyr	ring	-48	4	-6	grug_decor:castle_dungeon_stone	grug_decor:castle_dungeon_stone	0
nhal_veyr	ring	-5	0	-48	grug_decor:castle_pavement_brick	grug_decor:castle_pavement_brick	0
nhal_veyr	ring	-5	1	-48	air	air	0
nhal_veyr	ring	-5	2	-48	air	air	0
nhal_veyr	ring	-5	3	-48	grug_decor:xdecor_candle	grug_decor:xdecor_candle	5
nhal_veyr	ring	-5	4	-48	grug_decor:castle_dungeon_stone	grug_decor:castle_dungeon_stone	0
nhal_veyr	ring	48	0	-5	grug_decor:castle_pavement_brick	grug_decor:castle_pavement_brick	0
nhal_veyr	ring	48	1	-5	air	air	0
nhal_veyr	ring	48	2	-5	air	air	0
nhal_veyr	ring	48	3	-5	grug_decor:xdecor_candle	grug_decor:xdecor_candle	2
nhal_veyr	ring	48	4	-5	grug_decor:castle_dungeon_stone	grug_decor:castle_dungeon_stone	0
nhal_veyr	ring	-5	0	48	grug_decor:castle_pavement_brick	grug_decor:castle_pavement_brick	0
nhal_veyr	ring	-5	1	48	air	air	0
nhal_veyr	ring	-5	2	48	air	air	0
nhal_veyr	ring	-5	3	48	grug_decor:xdecor_candle	grug_decor:xdecor_candle	4
nhal_veyr	ring	-5	4	48	grug_decor:castle_dungeon_stone	grug_decor:castle_dungeon_stone	0
nhal_veyr	ring	-48	0	-5	grug_decor:castle_pavement_brick	grug_decor:castle_pavement_brick	0
nhal_veyr	ring	-48	1	-5	air	air	0
nhal_veyr	ring	-48	2	-5	air	air	0
nhal_veyr	ring	-48	3	-5	grug_decor:xdecor_candle	grug_decor:xdecor_candle	3
nhal_veyr	ring	-48	4	-5	grug_decor:castle_dungeon_stone	grug_decor:castle_dungeon_stone	0
nhal_veyr	ring	-4	0	-48	grug_decor:castle_pavement_brick	grug_decor:castle_pavement_brick	0
nhal_veyr	ring	-4	1	-48	air	air	0
nhal_veyr	ring	-4	2	-48	air	air	0
nhal_veyr	ring	-4	3	-48	air	air	0
nhal_veyr	ring	-4	4	-48	grug_decor:castle_dungeon_stone	grug_decor:castle_dungeon_stone	0
nhal_veyr	ring	48	0	-4	grug_decor:castle_pavement_brick	grug_decor:castle_pavement_brick	0
nhal_veyr	ring	48	1	-4	air	air	0
nhal_veyr	ring	48	2	-4	air	air	0
nhal_veyr	ring	48	3	-4	air	air	0
nhal_veyr	ring	48	4	-4	grug_decor:castle_dungeon_stone	grug_decor:castle_dungeon_stone	0
nhal_veyr	ring	-4	0	48	grug_decor:castle_pavement_brick	grug_decor:castle_pavement_brick	0
nhal_veyr	ring	-4	1	48	air	air	0
nhal_veyr	ring	-4	2	48	air	air	0
nhal_veyr	ring	-4	3	48	air	air	0
nhal_veyr	ring	-4	4	48	grug_decor:castle_dungeon_stone	grug_decor:castle_dungeon_stone	0
nhal_veyr	ring	-48	0	-4	grug_decor:castle_pavement_brick	grug_decor:castle_pavement_brick	0
nhal_veyr	ring	-48	1	-4	air	air	0
nhal_veyr	ring	-48	2	-4	air	air	0
nhal_veyr	ring	-48	3	-4	air	air	0
nhal_veyr	ring	-48	4	-4	grug_decor:castle_dungeon_stone	grug_decor:castle_dungeon_stone	0
nhal_veyr	ring	-3	0	-48	grug_decor:castle_dungeon_stone	grug_decor:castle_dungeon_stone	0
nhal_veyr	ring	-3	1	-48	grug_decor:castle_dungeon_stone	grug_decor:castle_dungeon_stone	0
nhal_veyr	ring	-3	2	-48	grug_decor:castle_dungeon_stone	grug_decor:castle_dungeon_stone	0
nhal_veyr	ring	-3	3	-48	grug_decor:castle_arrowslit_obsidianbrick	grug_decor:castle_arrowslit_obsidianbrick	1
nhal_veyr	ring	-3	4	-48	grug_decor:castle_dungeon_stone	grug_decor:castle_dungeon_stone	0
nhal_veyr	ring	48	0	-3	grug_decor:castle_dungeon_stone	grug_decor:castle_dungeon_stone	0
nhal_veyr	ring	48	1	-3	grug_decor:castle_dungeon_stone	grug_decor:castle_dungeon_stone	0
nhal_veyr	ring	48	2	-3	grug_decor:castle_dungeon_stone	grug_decor:castle_dungeon_stone	0
nhal_veyr	ring	48	3	-3	grug_decor:castle_arrowslit_obsidianbrick	grug_decor:castle_arrowslit_obsidianbrick	0
nhal_veyr	ring	48	4	-3	grug_decor:castle_dungeon_stone	grug_decor:castle_dungeon_stone	0
nhal_veyr	ring	-3	0	48	grug_decor:castle_dungeon_stone	grug_decor:castle_dungeon_stone	0
nhal_veyr	ring	-3	1	48	grug_decor:castle_dungeon_stone	grug_decor:castle_dungeon_stone	0
nhal_veyr	ring	-3	2	48	grug_decor:castle_dungeon_stone	grug_decor:castle_dungeon_stone	0
nhal_veyr	ring	-3	3	48	grug_decor:castle_arrowslit_obsidianbrick	grug_decor:castle_arrowslit_obsidianbrick	1
nhal_veyr	ring	-3	4	48	grug_decor:castle_dungeon_stone	grug_decor:castle_dungeon_stone	0
nhal_veyr	ring	-48	0	-3	grug_decor:castle_dungeon_stone	grug_decor:castle_dungeon_stone	0
nhal_veyr	ring	-48	1	-3	grug_decor:castle_dungeon_stone	grug_decor:castle_dungeon_stone	0
nhal_veyr	ring	-48	2	-3	grug_decor:castle_dungeon_stone	grug_decor:castle_dungeon_stone	0
nhal_veyr	ring	-48	3	-3	grug_decor:castle_arrowslit_obsidianbrick	grug_decor:castle_arrowslit_obsidianbrick	0
nhal_veyr	ring	-48	4	-3	grug_decor:castle_dungeon_stone	grug_decor:castle_dungeon_stone	0
nhal_veyr	ring	-2	0	-48	grug_decor:castle_pavement_brick	grug_decor:castle_pavement_brick	0
nhal_veyr	ring	-2	1	-48	air	air	0
nhal_veyr	ring	-2	2	-48	air	air	0
nhal_veyr	ring	-2	3	-48	air	air	0
nhal_veyr	ring	-2	4	-48	grug_decor:xdecor_candle	grug_decor:xdecor_candle	3
nhal_veyr	ring	48	0	-2	grug_decor:castle_pavement_brick	grug_decor:castle_pavement_brick	0
nhal_veyr	ring	48	1	-2	air	air	0
nhal_veyr	ring	48	2	-2	air	air	0
nhal_veyr	ring	48	3	-2	air	air	0
nhal_veyr	ring	48	4	-2	grug_decor:xdecor_candle	grug_decor:xdecor_candle	5
nhal_veyr	ring	-2	0	48	grug_decor:castle_pavement_brick	grug_decor:castle_pavement_brick	0
nhal_veyr	ring	-2	1	48	air	air	0
nhal_veyr	ring	-2	2	48	air	air	0
nhal_veyr	ring	-2	3	48	air	air	0
nhal_veyr	ring	-2	4	48	grug_decor:xdecor_candle	grug_decor:xdecor_candle	3
nhal_veyr	ring	-48	0	-2	grug_decor:castle_pavement_brick	grug_decor:castle_pavement_brick	0
nhal_veyr	ring	-48	1	-2	air	air	0
nhal_veyr	ring	-48	2	-2	air	air	0
nhal_veyr	ring	-48	3	-2	air	air	0
nhal_veyr	ring	-48	4	-2	grug_decor:xdecor_candle	grug_decor:xdecor_candle	5
nhal_veyr	ring	-1	0	-48	grug_decor:castle_pavement_brick	grug_decor:castle_pavement_brick	0
nhal_veyr	ring	-1	1	-48	air	air	0
nhal_veyr	ring	-1	2	-48	air	air	0
nhal_veyr	ring	-1	3	-48	air	air	0
nhal_veyr	ring	-1	4	-48	air	air	0
nhal_veyr	ring	48	0	-1	grug_decor:castle_pavement_brick	grug_decor:castle_pavement_brick	0
nhal_veyr	ring	48	1	-1	air	air	0
nhal_veyr	ring	48	2	-1	air	air	0
nhal_veyr	ring	48	3	-1	air	air	0
nhal_veyr	ring	48	4	-1	air	air	0
nhal_veyr	ring	-1	0	48	grug_decor:castle_pavement_brick	grug_decor:castle_pavement_brick	0
nhal_veyr	ring	-1	1	48	air	air	0
nhal_veyr	ring	-1	2	48	air	air	0
nhal_veyr	ring	-1	3	48	air	air	0
nhal_veyr	ring	-1	4	48	air	air	0
nhal_veyr	ring	-48	0	-1	grug_decor:castle_pavement_brick	grug_decor:castle_pavement_brick	0
nhal_veyr	ring	-48	1	-1	air	air	0
nhal_veyr	ring	-48	2	-1	air	air	0
nhal_veyr	ring	-48	3	-1	air	air	0
nhal_veyr	ring	-48	4	-1	air	air	0
nhal_veyr	ring	0	0	-48	grug_decor:castle_pavement_brick	grug_decor:castle_pavement_brick	0
nhal_veyr	ring	0	1	-48	air	air	0
nhal_veyr	ring	0	2	-48	air	air	0
nhal_veyr	ring	0	3	-48	air	air	0
nhal_veyr	ring	0	4	-48	air	air	0
nhal_veyr	ring	48	0	0	grug_decor:castle_pavement_brick	grug_decor:castle_pavement_brick	0
nhal_veyr	ring	48	1	0	air	air	0
nhal_veyr	ring	48	2	0	air	air	0
nhal_veyr	ring	48	3	0	air	air	0
nhal_veyr	ring	48	4	0	air	air	0
nhal_veyr	ring	0	0	48	grug_decor:castle_pavement_brick	grug_decor:castle_pavement_brick	0
nhal_veyr	ring	0	1	48	air	air	0
nhal_veyr	ring	0	2	48	air	air	0
nhal_veyr	ring	0	3	48	air	air	0
nhal_veyr	ring	0	4	48	air	air	0
nhal_veyr	ring	-48	0	0	grug_decor:castle_pavement_brick	grug_decor:castle_pavement_brick	0
nhal_veyr	ring	-48	1	0	air	air	0
nhal_veyr	ring	-48	2	0	air	air	0
nhal_veyr	ring	-48	3	0	air	air	0
nhal_veyr	ring	-48	4	0	air	air	0
nhal_veyr	ring	1	0	-48	grug_decor:castle_pavement_brick	grug_decor:castle_pavement_brick	0
nhal_veyr	ring	1	1	-48	air	air	0
nhal_veyr	ring	1	2	-48	air	air	0
nhal_veyr	ring	1	3	-48	air	air	0
nhal_veyr	ring	1	4	-48	air	air	0
nhal_veyr	ring	48	0	1	grug_decor:castle_pavement_brick	grug_decor:castle_pavement_brick	0
nhal_veyr	ring	48	1	1	air	air	0
nhal_veyr	ring	48	2	1	air	air	0
nhal_veyr	ring	48	3	1	air	air	0
nhal_veyr	ring	48	4	1	air	air	0
nhal_veyr	ring	1	0	48	grug_decor:castle_pavement_brick	grug_decor:castle_pavement_brick	0
nhal_veyr	ring	1	1	48	air	air	0
nhal_veyr	ring	1	2	48	air	air	0
nhal_veyr	ring	1	3	48	air	air	0
nhal_veyr	ring	1	4	48	air	air	0
nhal_veyr	ring	-48	0	1	grug_decor:castle_pavement_brick	grug_decor:castle_pavement_brick	0
nhal_veyr	ring	-48	1	1	air	air	0
nhal_veyr	ring	-48	2	1	air	air	0
nhal_veyr	ring	-48	3	1	air	air	0
nhal_veyr	ring	-48	4	1	air	air	0
nhal_veyr	ring	2	0	-48	grug_decor:castle_pavement_brick	grug_decor:castle_pavement_brick	0
nhal_veyr	ring	2	1	-48	air	air	0
nhal_veyr	ring	2	2	-48	air	air	0
nhal_veyr	ring	2	3	-48	air	air	0
nhal_veyr	ring	2	4	-48	grug_decor:xdecor_candle	grug_decor:xdecor_candle	2
nhal_veyr	ring	48	0	2	grug_decor:castle_pavement_brick	grug_decor:castle_pavement_brick	0
nhal_veyr	ring	48	1	2	air	air	0
nhal_veyr	ring	48	2	2	air	air	0
nhal_veyr	ring	48	3	2	air	air	0
nhal_veyr	ring	48	4	2	grug_decor:xdecor_candle	grug_decor:xdecor_candle	4
nhal_veyr	ring	2	0	48	grug_decor:castle_pavement_brick	grug_decor:castle_pavement_brick	0
nhal_veyr	ring	2	1	48	air	air	0
nhal_veyr	ring	2	2	48	air	air	0
nhal_veyr	ring	2	3	48	air	air	0
nhal_veyr	ring	2	4	48	grug_decor:xdecor_candle	grug_decor:xdecor_candle	2
nhal_veyr	ring	-48	0	2	grug_decor:castle_pavement_brick	grug_decor:castle_pavement_brick	0
nhal_veyr	ring	-48	1	2	air	air	0
nhal_veyr	ring	-48	2	2	air	air	0
nhal_veyr	ring	-48	3	2	air	air	0
nhal_veyr	ring	-48	4	2	grug_decor:xdecor_candle	grug_decor:xdecor_candle	4
nhal_veyr	ring	3	0	-48	grug_decor:castle_dungeon_stone	grug_decor:castle_dungeon_stone	0
nhal_veyr	ring	3	1	-48	grug_decor:castle_dungeon_stone	grug_decor:castle_dungeon_stone	0
nhal_veyr	ring	3	2	-48	grug_decor:castle_dungeon_stone	grug_decor:castle_dungeon_stone	0
nhal_veyr	ring	3	3	-48	grug_decor:castle_arrowslit_obsidianbrick	grug_decor:castle_arrowslit_obsidianbrick	3
nhal_veyr	ring	3	4	-48	grug_decor:castle_dungeon_stone	grug_decor:castle_dungeon_stone	0
nhal_veyr	ring	48	0	3	grug_decor:castle_dungeon_stone	grug_decor:castle_dungeon_stone	0
nhal_veyr	ring	48	1	3	grug_decor:castle_dungeon_stone	grug_decor:castle_dungeon_stone	0
nhal_veyr	ring	48	2	3	grug_decor:castle_dungeon_stone	grug_decor:castle_dungeon_stone	0
nhal_veyr	ring	48	3	3	grug_decor:castle_arrowslit_obsidianbrick	grug_decor:castle_arrowslit_obsidianbrick	2
nhal_veyr	ring	48	4	3	grug_decor:castle_dungeon_stone	grug_decor:castle_dungeon_stone	0
nhal_veyr	ring	3	0	48	grug_decor:castle_dungeon_stone	grug_decor:castle_dungeon_stone	0
nhal_veyr	ring	3	1	48	grug_decor:castle_dungeon_stone	grug_decor:castle_dungeon_stone	0
nhal_veyr	ring	3	2	48	grug_decor:castle_dungeon_stone	grug_decor:castle_dungeon_stone	0
nhal_veyr	ring	3	3	48	grug_decor:castle_arrowslit_obsidianbrick	grug_decor:castle_arrowslit_obsidianbrick	3
nhal_veyr	ring	3	4	48	grug_decor:castle_dungeon_stone	grug_decor:castle_dungeon_stone	0
nhal_veyr	ring	-48	0	3	grug_decor:castle_dungeon_stone	grug_decor:castle_dungeon_stone	0
nhal_veyr	ring	-48	1	3	grug_decor:castle_dungeon_stone	grug_decor:castle_dungeon_stone	0
nhal_veyr	ring	-48	2	3	grug_decor:castle_dungeon_stone	grug_decor:castle_dungeon_stone	0
nhal_veyr	ring	-48	3	3	grug_decor:castle_arrowslit_obsidianbrick	grug_decor:castle_arrowslit_obsidianbrick	2
nhal_veyr	ring	-48	4	3	grug_decor:castle_dungeon_stone	grug_decor:castle_dungeon_stone	0
nhal_veyr	ring	4	0	-48	grug_decor:castle_pavement_brick	grug_decor:castle_pavement_brick	0
nhal_veyr	ring	4	1	-48	air	air	0
nhal_veyr	ring	4	2	-48	air	air	0
nhal_veyr	ring	4	3	-48	air	air	0
nhal_veyr	ring	4	4	-48	grug_decor:castle_dungeon_stone	grug_decor:castle_dungeon_stone	0
nhal_veyr	ring	48	0	4	grug_decor:castle_pavement_brick	grug_decor:castle_pavement_brick	0
nhal_veyr	ring	48	1	4	air	air	0
nhal_veyr	ring	48	2	4	air	air	0
nhal_veyr	ring	48	3	4	air	air	0
nhal_veyr	ring	48	4	4	grug_decor:castle_dungeon_stone	grug_decor:castle_dungeon_stone	0
nhal_veyr	ring	4	0	48	grug_decor:castle_pavement_brick	grug_decor:castle_pavement_brick	0
nhal_veyr	ring	4	1	48	air	air	0
nhal_veyr	ring	4	2	48	air	air	0
nhal_veyr	ring	4	3	48	air	air	0
nhal_veyr	ring	4	4	48	grug_decor:castle_dungeon_stone	grug_decor:castle_dungeon_stone	0
nhal_veyr	ring	-48	0	4	grug_decor:castle_pavement_brick	grug_decor:castle_pavement_brick	0
nhal_veyr	ring	-48	1	4	air	air	0
nhal_veyr	ring	-48	2	4	air	air	0
nhal_veyr	ring	-48	3	4	air	air	0
nhal_veyr	ring	-48	4	4	grug_decor:castle_dungeon_stone	grug_decor:castle_dungeon_stone	0
nhal_veyr	ring	5	0	-48	grug_decor:castle_pavement_brick	grug_decor:castle_pavement_brick	0
nhal_veyr	ring	5	1	-48	air	air	0
nhal_veyr	ring	5	2	-48	air	air	0
nhal_veyr	ring	5	3	-48	grug_decor:xdecor_candle	grug_decor:xdecor_candle	5
nhal_veyr	ring	5	4	-48	grug_decor:castle_dungeon_stone	grug_decor:castle_dungeon_stone	0
nhal_veyr	ring	48	0	5	grug_decor:castle_pavement_brick	grug_decor:castle_pavement_brick	0
nhal_veyr	ring	48	1	5	air	air	0
nhal_veyr	ring	48	2	5	air	air	0
nhal_veyr	ring	48	3	5	grug_decor:xdecor_candle	grug_decor:xdecor_candle	2
nhal_veyr	ring	48	4	5	grug_decor:castle_dungeon_stone	grug_decor:castle_dungeon_stone	0
nhal_veyr	ring	5	0	48	grug_decor:castle_pavement_brick	grug_decor:castle_pavement_brick	0
nhal_veyr	ring	5	1	48	air	air	0
nhal_veyr	ring	5	2	48	air	air	0
nhal_veyr	ring	5	3	48	grug_decor:xdecor_candle	grug_decor:xdecor_candle	4
nhal_veyr	ring	5	4	48	grug_decor:castle_dungeon_stone	grug_decor:castle_dungeon_stone	0
nhal_veyr	ring	-48	0	5	grug_decor:castle_pavement_brick	grug_decor:castle_pavement_brick	0
nhal_veyr	ring	-48	1	5	air	air	0
nhal_veyr	ring	-48	2	5	air	air	0
nhal_veyr	ring	-48	3	5	grug_decor:xdecor_candle	grug_decor:xdecor_candle	3
nhal_veyr	ring	-48	4	5	grug_decor:castle_dungeon_stone	grug_decor:castle_dungeon_stone	0
nhal_veyr	ring	6	0	-48	grug_decor:castle_dungeon_stone	grug_decor:castle_dungeon_stone	0
nhal_veyr	ring	6	1	-48	grug_decor:castle_dungeon_stone	grug_decor:castle_dungeon_stone	0
nhal_veyr	ring	6	2	-48	grug_decor:castle_dungeon_stone	grug_decor:castle_dungeon_stone	0
nhal_veyr	ring	6	3	-48	default:obsidianbrick	default:obsidianbrick	0
nhal_veyr	ring	6	4	-48	grug_decor:castle_dungeon_stone	grug_decor:castle_dungeon_stone	0
nhal_veyr	ring	48	0	6	grug_decor:castle_dungeon_stone	grug_decor:castle_dungeon_stone	0
nhal_veyr	ring	48	1	6	grug_decor:castle_dungeon_stone	grug_decor:castle_dungeon_stone	0
nhal_veyr	ring	48	2	6	grug_decor:castle_dungeon_stone	grug_decor:castle_dungeon_stone	0
nhal_veyr	ring	48	3	6	default:obsidianbrick	default:obsidianbrick	0
nhal_veyr	ring	48	4	6	grug_decor:castle_dungeon_stone	grug_decor:castle_dungeon_stone	0
nhal_veyr	ring	6	0	48	grug_decor:castle_dungeon_stone	grug_decor:castle_dungeon_stone	0
nhal_veyr	ring	6	1	48	grug_decor:castle_dungeon_stone	grug_decor:castle_dungeon_stone	0
nhal_veyr	ring	6	2	48	grug_decor:castle_dungeon_stone	grug_decor:castle_dungeon_stone	0
nhal_veyr	ring	6	3	48	default:obsidianbrick	default:obsidianbrick	0
nhal_veyr	ring	6	4	48	grug_decor:castle_dungeon_stone	grug_decor:castle_dungeon_stone	0
nhal_veyr	ring	-48	0	6	grug_decor:castle_dungeon_stone	grug_decor:castle_dungeon_stone	0
nhal_veyr	ring	-48	1	6	grug_decor:castle_dungeon_stone	grug_decor:castle_dungeon_stone	0
nhal_veyr	ring	-48	2	6	grug_decor:castle_dungeon_stone	grug_decor:castle_dungeon_stone	0
nhal_veyr	ring	-48	3	6	default:obsidianbrick	default:obsidianbrick	0
nhal_veyr	ring	-48	4	6	grug_decor:castle_dungeon_stone	grug_decor:castle_dungeon_stone	0
nhal_veyr	ring	7	0	-48	grug_nodes:dirt_with_bone_litter	grug_nodes:dirt_with_bone_litter	0
nhal_veyr	ring	7	1	-48	grug_decor:castle_dungeon_stone	grug_decor:castle_dungeon_stone	0
nhal_veyr	ring	7	2	-48	grug_decor:castle_dungeon_stone	grug_decor:castle_dungeon_stone	0
nhal_veyr	ring	48	0	7	grug_nodes:blight_dirt	grug_nodes:blight_dirt	0
nhal_veyr	ring	48	1	7	grug_decor:castle_dungeon_stone	grug_decor:castle_dungeon_stone	0
nhal_veyr	ring	48	2	7	grug_decor:castle_dungeon_stone	grug_decor:castle_dungeon_stone	0
nhal_veyr	ring	7	0	48	grug_nodes:dirt_with_bone_litter	grug_nodes:dirt_with_bone_litter	0
nhal_veyr	ring	7	1	48	grug_decor:castle_dungeon_stone	grug_decor:castle_dungeon_stone	0
nhal_veyr	ring	7	2	48	grug_decor:castle_dungeon_stone	grug_decor:castle_dungeon_stone	0
nhal_veyr	ring	-48	0	7	grug_nodes:blight_dirt	grug_nodes:blight_dirt	0
nhal_veyr	ring	-48	1	7	grug_decor:castle_dungeon_stone	grug_decor:castle_dungeon_stone	0
nhal_veyr	ring	-48	2	7	grug_decor:castle_dungeon_stone	grug_decor:castle_dungeon_stone	0
nhal_veyr	ring	8	0	-48	grug_nodes:dirt_with_bone_litter	grug_nodes:dirt_with_bone_litter	0
nhal_veyr	ring	8	1	-48	grug_decor:castle_dungeon_stone	grug_decor:castle_dungeon_stone	0
nhal_veyr	ring	8	2	-48	grug_decor:castle_dungeon_stone	grug_decor:castle_dungeon_stone	0
nhal_veyr	ring	8	3	-48	grug_decor:castle_dungeon_stone	grug_decor:castle_dungeon_stone	0
nhal_veyr	ring	8	4	-48	stairs:slab_obsidianbrick	stairs:slab_obsidianbrick	0
nhal_veyr	ring	48	0	8	grug_nodes:blight_dirt	grug_nodes:blight_dirt	0
nhal_veyr	ring	48	1	8	grug_decor:castle_dungeon_stone	grug_decor:castle_dungeon_stone	0
nhal_veyr	ring	48	2	8	grug_decor:castle_dungeon_stone	grug_decor:castle_dungeon_stone	0
nhal_veyr	ring	48	3	8	grug_decor:castle_dungeon_stone	grug_decor:castle_dungeon_stone	0
nhal_veyr	ring	48	4	8	stairs:slab_obsidianbrick	stairs:slab_obsidianbrick	0
nhal_veyr	ring	8	0	48	grug_nodes:dirt_with_bone_litter	grug_nodes:dirt_with_bone_litter	0
nhal_veyr	ring	8	1	48	grug_decor:castle_dungeon_stone	grug_decor:castle_dungeon_stone	0
nhal_veyr	ring	8	2	48	grug_decor:castle_dungeon_stone	grug_decor:castle_dungeon_stone	0
nhal_veyr	ring	8	3	48	grug_decor:castle_dungeon_stone	grug_decor:castle_dungeon_stone	0
nhal_veyr	ring	8	4	48	stairs:slab_obsidianbrick	stairs:slab_obsidianbrick	0
nhal_veyr	ring	-48	0	8	grug_nodes:dirt_with_bone_litter	grug_nodes:dirt_with_bone_litter	0
nhal_veyr	ring	-48	1	8	grug_decor:castle_dungeon_stone	grug_decor:castle_dungeon_stone	0
nhal_veyr	ring	-48	2	8	grug_decor:castle_dungeon_stone	grug_decor:castle_dungeon_stone	0
nhal_veyr	ring	-48	3	8	grug_decor:castle_dungeon_stone	grug_decor:castle_dungeon_stone	0
nhal_veyr	ring	-48	4	8	stairs:slab_obsidianbrick	stairs:slab_obsidianbrick	0
nhal_veyr	ring	9	0	-48	grug_nodes:blight_dirt	grug_nodes:blight_dirt	0
nhal_veyr	ring	9	1	-48	grug_decor:castle_dungeon_stone	grug_decor:castle_dungeon_stone	0
nhal_veyr	ring	9	2	-48	grug_decor:castle_dungeon_stone	grug_decor:castle_dungeon_stone	0
nhal_veyr	ring	48	0	9	grug_nodes:blight_dirt	grug_nodes:blight_dirt	0
nhal_veyr	ring	48	1	9	grug_decor:castle_dungeon_stone	grug_decor:castle_dungeon_stone	0
nhal_veyr	ring	48	2	9	grug_decor:castle_dungeon_stone	grug_decor:castle_dungeon_stone	0
nhal_veyr	ring	9	0	48	grug_nodes:blight_dirt	grug_nodes:blight_dirt	0
nhal_veyr	ring	9	1	48	grug_decor:castle_dungeon_stone	grug_decor:castle_dungeon_stone	0
nhal_veyr	ring	9	2	48	grug_decor:castle_dungeon_stone	grug_decor:castle_dungeon_stone	0
nhal_veyr	ring	-48	0	9	grug_nodes:dirt_with_bone_litter	grug_nodes:dirt_with_bone_litter	0
nhal_veyr	ring	-48	1	9	grug_decor:castle_dungeon_stone	grug_decor:castle_dungeon_stone	0
nhal_veyr	ring	-48	2	9	grug_decor:castle_dungeon_stone	grug_decor:castle_dungeon_stone	0
nhal_veyr	ring	10	0	-48	grug_nodes:blight_dirt	grug_nodes:blight_dirt	0
nhal_veyr	ring	10	1	-48	grug_decor:castle_dungeon_stone	grug_decor:castle_dungeon_stone	0
nhal_veyr	ring	10	2	-48	grug_decor:castle_dungeon_stone	grug_decor:castle_dungeon_stone	0
nhal_veyr	ring	10	3	-48	xpanes:bar_flat	xpanes:bar_flat	0
nhal_veyr	ring	48	0	10	grug_nodes:blight_dirt	grug_nodes:blight_dirt	0
nhal_veyr	ring	48	1	10	grug_decor:castle_dungeon_stone	grug_decor:castle_dungeon_stone	0
nhal_veyr	ring	48	2	10	grug_decor:castle_dungeon_stone	grug_decor:castle_dungeon_stone	0
nhal_veyr	ring	48	3	10	xpanes:bar_flat	xpanes:bar_flat	3
nhal_veyr	ring	10	0	48	grug_nodes:blight_dirt	grug_nodes:blight_dirt	0
nhal_veyr	ring	10	1	48	grug_decor:castle_dungeon_stone	grug_decor:castle_dungeon_stone	0
nhal_veyr	ring	10	2	48	grug_decor:castle_dungeon_stone	grug_decor:castle_dungeon_stone	0
nhal_veyr	ring	10	3	48	xpanes:bar_flat	xpanes:bar_flat	0
nhal_veyr	ring	-48	0	10	grug_nodes:blight_dirt	grug_nodes:blight_dirt	0
nhal_veyr	ring	-48	1	10	grug_decor:castle_dungeon_stone	grug_decor:castle_dungeon_stone	0
nhal_veyr	ring	-48	2	10	grug_decor:castle_dungeon_stone	grug_decor:castle_dungeon_stone	0
nhal_veyr	ring	-48	3	10	xpanes:bar_flat	xpanes:bar_flat	3
nhal_veyr	ring	11	0	-48	grug_nodes:blight_dirt	grug_nodes:blight_dirt	0
nhal_veyr	ring	11	1	-48	grug_decor:castle_dungeon_stone	grug_decor:castle_dungeon_stone	0
nhal_veyr	ring	11	2	-48	grug_decor:castle_dungeon_stone	grug_decor:castle_dungeon_stone	0
nhal_veyr	ring	48	0	11	grug_nodes:blight_dirt	grug_nodes:blight_dirt	0
nhal_veyr	ring	48	1	11	grug_decor:castle_dungeon_stone	grug_decor:castle_dungeon_stone	0
nhal_veyr	ring	48	2	11	grug_decor:castle_dungeon_stone	grug_decor:castle_dungeon_stone	0
nhal_veyr	ring	11	0	48	grug_nodes:blight_dirt	grug_nodes:blight_dirt	0
nhal_veyr	ring	11	1	48	grug_decor:castle_dungeon_stone	grug_decor:castle_dungeon_stone	0
nhal_veyr	ring	11	2	48	grug_decor:castle_dungeon_stone	grug_decor:castle_dungeon_stone	0
nhal_veyr	ring	-48	0	11	grug_nodes:blight_dirt	grug_nodes:blight_dirt	0
nhal_veyr	ring	-48	1	11	grug_decor:castle_dungeon_stone	grug_decor:castle_dungeon_stone	0
nhal_veyr	ring	-48	2	11	grug_decor:castle_dungeon_stone	grug_decor:castle_dungeon_stone	0
nhal_veyr	ring	12	0	-48	grug_nodes:blight_dirt	grug_nodes:blight_dirt	0
nhal_veyr	ring	12	1	-48	grug_decor:castle_dungeon_stone	grug_decor:castle_dungeon_stone	0
nhal_veyr	ring	12	2	-48	grug_decor:castle_dungeon_stone	grug_decor:castle_dungeon_stone	0
nhal_veyr	ring	12	3	-48	grug_decor:castle_dungeon_stone	grug_decor:castle_dungeon_stone	0
nhal_veyr	ring	12	4	-48	stairs:slab_obsidianbrick	stairs:slab_obsidianbrick	0
nhal_veyr	ring	48	0	12	grug_nodes:dirt_with_bone_litter	grug_nodes:dirt_with_bone_litter	0
nhal_veyr	ring	48	1	12	grug_decor:castle_dungeon_stone	grug_decor:castle_dungeon_stone	0
nhal_veyr	ring	48	2	12	grug_decor:castle_dungeon_stone	grug_decor:castle_dungeon_stone	0
nhal_veyr	ring	48	3	12	grug_decor:castle_dungeon_stone	grug_decor:castle_dungeon_stone	0
nhal_veyr	ring	48	4	12	stairs:slab_obsidianbrick	stairs:slab_obsidianbrick	0
nhal_veyr	ring	12	0	48	grug_nodes:blight_dirt	grug_nodes:blight_dirt	0
nhal_veyr	ring	12	1	48	grug_decor:castle_dungeon_stone	grug_decor:castle_dungeon_stone	0
nhal_veyr	ring	12	2	48	grug_decor:castle_dungeon_stone	grug_decor:castle_dungeon_stone	0
nhal_veyr	ring	12	3	48	grug_decor:castle_dungeon_stone	grug_decor:castle_dungeon_stone	0
nhal_veyr	ring	12	4	48	stairs:slab_obsidianbrick	stairs:slab_obsidianbrick	0
nhal_veyr	ring	-48	0	12	grug_nodes:dirt_with_bone_litter	grug_nodes:dirt_with_bone_litter	0
nhal_veyr	ring	-48	1	12	grug_decor:castle_dungeon_stone	grug_decor:castle_dungeon_stone	0
nhal_veyr	ring	-48	2	12	grug_decor:castle_dungeon_stone	grug_decor:castle_dungeon_stone	0
nhal_veyr	ring	-48	3	12	grug_decor:castle_dungeon_stone	grug_decor:castle_dungeon_stone	0
nhal_veyr	ring	-48	4	12	stairs:slab_obsidianbrick	stairs:slab_obsidianbrick	0
nhal_veyr	ring	13	0	-48	grug_nodes:blight_dirt	grug_nodes:blight_dirt	0
nhal_veyr	ring	13	1	-48	grug_decor:castle_dungeon_stone	grug_decor:castle_dungeon_stone	0
nhal_veyr	ring	13	2	-48	grug_decor:castle_dungeon_stone	grug_decor:castle_dungeon_stone	0
nhal_veyr	ring	48	0	13	grug_nodes:dirt_with_bone_litter	grug_nodes:dirt_with_bone_litter	0
nhal_veyr	ring	48	1	13	grug_decor:castle_dungeon_stone	grug_decor:castle_dungeon_stone	0
nhal_veyr	ring	48	2	13	grug_decor:castle_dungeon_stone	grug_decor:castle_dungeon_stone	0
nhal_veyr	ring	13	0	48	grug_nodes:blight_dirt	grug_nodes:blight_dirt	0
nhal_veyr	ring	13	1	48	grug_decor:castle_dungeon_stone	grug_decor:castle_dungeon_stone	0
nhal_veyr	ring	13	2	48	grug_decor:castle_dungeon_stone	grug_decor:castle_dungeon_stone	0
nhal_veyr	ring	-48	0	13	grug_nodes:dirt_with_bone_litter	grug_nodes:dirt_with_bone_litter	0
nhal_veyr	ring	-48	1	13	grug_decor:castle_dungeon_stone	grug_decor:castle_dungeon_stone	0
nhal_veyr	ring	-48	2	13	grug_decor:castle_dungeon_stone	grug_decor:castle_dungeon_stone	0
nhal_veyr	ring	14	0	-48	grug_nodes:blight_dirt	grug_nodes:blight_dirt	0
nhal_veyr	ring	14	1	-48	grug_decor:castle_dungeon_stone	grug_decor:castle_dungeon_stone	0
nhal_veyr	ring	14	2	-48	grug_decor:castle_dungeon_stone	grug_decor:castle_dungeon_stone	0
nhal_veyr	ring	14	3	-48	xpanes:bar_flat	xpanes:bar_flat	0
nhal_veyr	ring	48	0	14	grug_nodes:blight_dirt	grug_nodes:blight_dirt	0
nhal_veyr	ring	48	1	14	grug_decor:castle_dungeon_stone	grug_decor:castle_dungeon_stone	0
nhal_veyr	ring	48	2	14	grug_decor:castle_dungeon_stone	grug_decor:castle_dungeon_stone	0
nhal_veyr	ring	48	3	14	xpanes:bar_flat	xpanes:bar_flat	3
nhal_veyr	ring	14	0	48	grug_nodes:blight_dirt	grug_nodes:blight_dirt	0
nhal_veyr	ring	14	1	48	grug_decor:castle_dungeon_stone	grug_decor:castle_dungeon_stone	0
nhal_veyr	ring	14	2	48	grug_decor:castle_dungeon_stone	grug_decor:castle_dungeon_stone	0
nhal_veyr	ring	14	3	48	xpanes:bar_flat	xpanes:bar_flat	0
nhal_veyr	ring	-48	0	14	grug_nodes:blight_dirt	grug_nodes:blight_dirt	0
nhal_veyr	ring	-48	1	14	grug_decor:castle_dungeon_stone	grug_decor:castle_dungeon_stone	0
nhal_veyr	ring	-48	2	14	grug_decor:castle_dungeon_stone	grug_decor:castle_dungeon_stone	0
nhal_veyr	ring	-48	3	14	xpanes:bar_flat	xpanes:bar_flat	3
nhal_veyr	ring	15	0	-48	grug_nodes:blight_dirt	grug_nodes:blight_dirt	0
nhal_veyr	ring	15	1	-48	grug_decor:castle_dungeon_stone	grug_decor:castle_dungeon_stone	0
nhal_veyr	ring	15	2	-48	grug_decor:castle_dungeon_stone	grug_decor:castle_dungeon_stone	0
nhal_veyr	ring	48	0	15	grug_nodes:blight_dirt	grug_nodes:blight_dirt	0
nhal_veyr	ring	48	1	15	grug_decor:castle_dungeon_stone	grug_decor:castle_dungeon_stone	0
nhal_veyr	ring	48	2	15	grug_decor:castle_dungeon_stone	grug_decor:castle_dungeon_stone	0
nhal_veyr	ring	15	0	48	grug_nodes:blight_dirt	grug_nodes:blight_dirt	0
nhal_veyr	ring	15	1	48	grug_decor:castle_dungeon_stone	grug_decor:castle_dungeon_stone	0
nhal_veyr	ring	15	2	48	grug_decor:castle_dungeon_stone	grug_decor:castle_dungeon_stone	0
nhal_veyr	ring	-48	0	15	grug_nodes:blight_dirt	grug_nodes:blight_dirt	0
nhal_veyr	ring	-48	1	15	grug_decor:castle_dungeon_stone	grug_decor:castle_dungeon_stone	0
nhal_veyr	ring	-48	2	15	grug_decor:castle_dungeon_stone	grug_decor:castle_dungeon_stone	0
nhal_veyr	ring	16	0	-48	grug_nodes:dirt_with_bone_litter	grug_nodes:dirt_with_bone_litter	0
nhal_veyr	ring	16	1	-48	grug_decor:castle_dungeon_stone	grug_decor:castle_dungeon_stone	0
nhal_veyr	ring	16	2	-48	grug_decor:castle_dungeon_stone	grug_decor:castle_dungeon_stone	0
nhal_veyr	ring	16	3	-48	grug_decor:castle_dungeon_stone	grug_decor:castle_dungeon_stone	0
nhal_veyr	ring	16	4	-48	stairs:slab_obsidianbrick	stairs:slab_obsidianbrick	0
nhal_veyr	ring	48	0	16	grug_nodes:dirt_with_bone_litter	grug_nodes:dirt_with_bone_litter	0
nhal_veyr	ring	48	1	16	grug_decor:castle_dungeon_stone	grug_decor:castle_dungeon_stone	0
nhal_veyr	ring	48	2	16	grug_decor:castle_dungeon_stone	grug_decor:castle_dungeon_stone	0
nhal_veyr	ring	48	3	16	grug_decor:castle_dungeon_stone	grug_decor:castle_dungeon_stone	0
nhal_veyr	ring	48	4	16	stairs:slab_obsidianbrick	stairs:slab_obsidianbrick	0
nhal_veyr	ring	16	0	48	grug_nodes:blight_dirt	grug_nodes:blight_dirt	0
nhal_veyr	ring	16	1	48	grug_decor:castle_dungeon_stone	grug_decor:castle_dungeon_stone	0
nhal_veyr	ring	16	2	48	grug_decor:castle_dungeon_stone	grug_decor:castle_dungeon_stone	0
nhal_veyr	ring	16	3	48	grug_decor:castle_dungeon_stone	grug_decor:castle_dungeon_stone	0
nhal_veyr	ring	16	4	48	stairs:slab_obsidianbrick	stairs:slab_obsidianbrick	0
nhal_veyr	ring	-48	0	16	grug_nodes:blight_dirt	grug_nodes:blight_dirt	0
nhal_veyr	ring	-48	1	16	grug_decor:castle_dungeon_stone	grug_decor:castle_dungeon_stone	0
nhal_veyr	ring	-48	2	16	grug_decor:castle_dungeon_stone	grug_decor:castle_dungeon_stone	0
nhal_veyr	ring	-48	3	16	grug_decor:castle_dungeon_stone	grug_decor:castle_dungeon_stone	0
nhal_veyr	ring	-48	4	16	stairs:slab_obsidianbrick	stairs:slab_obsidianbrick	0
nhal_veyr	ring	17	0	-48	grug_nodes:dirt_with_bone_litter	grug_nodes:dirt_with_bone_litter	0
nhal_veyr	ring	17	1	-48	grug_decor:castle_dungeon_stone	grug_decor:castle_dungeon_stone	0
nhal_veyr	ring	17	2	-48	grug_decor:castle_dungeon_stone	grug_decor:castle_dungeon_stone	0
nhal_veyr	ring	48	0	17	grug_nodes:dirt_with_bone_litter	grug_nodes:dirt_with_bone_litter	0
nhal_veyr	ring	48	1	17	grug_decor:castle_dungeon_stone	grug_decor:castle_dungeon_stone	0
nhal_veyr	ring	48	2	17	grug_decor:castle_dungeon_stone	grug_decor:castle_dungeon_stone	0
nhal_veyr	ring	17	0	48	grug_nodes:blight_dirt	grug_nodes:blight_dirt	0
nhal_veyr	ring	17	1	48	grug_decor:castle_dungeon_stone	grug_decor:castle_dungeon_stone	0
nhal_veyr	ring	17	2	48	grug_decor:castle_dungeon_stone	grug_decor:castle_dungeon_stone	0
nhal_veyr	ring	-48	0	17	grug_nodes:blight_dirt	grug_nodes:blight_dirt	0
nhal_veyr	ring	-48	1	17	grug_decor:castle_dungeon_stone	grug_decor:castle_dungeon_stone	0
nhal_veyr	ring	-48	2	17	grug_decor:castle_dungeon_stone	grug_decor:castle_dungeon_stone	0
nhal_veyr	ring	18	0	-48	grug_nodes:dirt_with_bone_litter	grug_nodes:dirt_with_bone_litter	0
nhal_veyr	ring	18	1	-48	grug_decor:castle_dungeon_stone	grug_decor:castle_dungeon_stone	0
nhal_veyr	ring	18	2	-48	grug_decor:castle_dungeon_stone	grug_decor:castle_dungeon_stone	0
nhal_veyr	ring	18	3	-48	xpanes:bar_flat	xpanes:bar_flat	0
nhal_veyr	ring	48	0	18	grug_nodes:blight_dirt	grug_nodes:blight_dirt	0
nhal_veyr	ring	48	1	18	grug_decor:castle_dungeon_stone	grug_decor:castle_dungeon_stone	0
nhal_veyr	ring	48	2	18	grug_decor:castle_dungeon_stone	grug_decor:castle_dungeon_stone	0
nhal_veyr	ring	48	3	18	xpanes:bar_flat	xpanes:bar_flat	3
nhal_veyr	ring	18	0	48	grug_nodes:blight_dirt	grug_nodes:blight_dirt	0
nhal_veyr	ring	18	1	48	grug_decor:castle_dungeon_stone	grug_decor:castle_dungeon_stone	0
nhal_veyr	ring	18	2	48	grug_decor:castle_dungeon_stone	grug_decor:castle_dungeon_stone	0
nhal_veyr	ring	18	3	48	xpanes:bar_flat	xpanes:bar_flat	0
nhal_veyr	ring	-48	0	18	grug_nodes:blight_dirt	grug_nodes:blight_dirt	0
nhal_veyr	ring	-48	1	18	grug_decor:castle_dungeon_stone	grug_decor:castle_dungeon_stone	0
nhal_veyr	ring	-48	2	18	grug_decor:castle_dungeon_stone	grug_decor:castle_dungeon_stone	0
nhal_veyr	ring	-48	3	18	xpanes:bar_flat	xpanes:bar_flat	3
nhal_veyr	ring	19	0	-48	grug_nodes:blight_dirt	grug_nodes:blight_dirt	0
nhal_veyr	ring	19	1	-48	grug_decor:castle_dungeon_stone	grug_decor:castle_dungeon_stone	0
nhal_veyr	ring	19	2	-48	grug_decor:castle_dungeon_stone	grug_decor:castle_dungeon_stone	0
nhal_veyr	ring	48	0	19	grug_nodes:blight_dirt	grug_nodes:blight_dirt	0
nhal_veyr	ring	48	1	19	grug_decor:castle_dungeon_stone	grug_decor:castle_dungeon_stone	0
nhal_veyr	ring	48	2	19	grug_decor:castle_dungeon_stone	grug_decor:castle_dungeon_stone	0
nhal_veyr	ring	19	0	48	grug_nodes:blight_dirt	grug_nodes:blight_dirt	0
nhal_veyr	ring	19	1	48	grug_decor:castle_dungeon_stone	grug_decor:castle_dungeon_stone	0
nhal_veyr	ring	19	2	48	grug_decor:castle_dungeon_stone	grug_decor:castle_dungeon_stone	0
nhal_veyr	ring	-48	0	19	grug_nodes:blight_dirt	grug_nodes:blight_dirt	0
nhal_veyr	ring	-48	1	19	grug_decor:castle_dungeon_stone	grug_decor:castle_dungeon_stone	0
nhal_veyr	ring	-48	2	19	grug_decor:castle_dungeon_stone	grug_decor:castle_dungeon_stone	0
nhal_veyr	ring	20	0	-48	grug_nodes:blight_dirt	grug_nodes:blight_dirt	0
nhal_veyr	ring	20	1	-48	grug_decor:castle_dungeon_stone	grug_decor:castle_dungeon_stone	0
nhal_veyr	ring	20	2	-48	grug_decor:castle_dungeon_stone	grug_decor:castle_dungeon_stone	0
nhal_veyr	ring	20	3	-48	grug_decor:castle_dungeon_stone	grug_decor:castle_dungeon_stone	0
nhal_veyr	ring	20	4	-48	stairs:slab_obsidianbrick	stairs:slab_obsidianbrick	0
nhal_veyr	ring	48	0	20	grug_nodes:dirt_with_bone_litter	grug_nodes:dirt_with_bone_litter	0
nhal_veyr	ring	48	1	20	grug_decor:castle_dungeon_stone	grug_decor:castle_dungeon_stone	0
nhal_veyr	ring	48	2	20	grug_decor:castle_dungeon_stone	grug_decor:castle_dungeon_stone	0
nhal_veyr	ring	48	3	20	grug_decor:castle_dungeon_stone	grug_decor:castle_dungeon_stone	0
nhal_veyr	ring	48	4	20	stairs:slab_obsidianbrick	stairs:slab_obsidianbrick	0
nhal_veyr	ring	20	0	48	grug_nodes:blight_dirt	grug_nodes:blight_dirt	0
nhal_veyr	ring	20	1	48	grug_decor:castle_dungeon_stone	grug_decor:castle_dungeon_stone	0
nhal_veyr	ring	20	2	48	grug_decor:castle_dungeon_stone	grug_decor:castle_dungeon_stone	0
nhal_veyr	ring	20	3	48	grug_decor:castle_dungeon_stone	grug_decor:castle_dungeon_stone	0
nhal_veyr	ring	20	4	48	stairs:slab_obsidianbrick	stairs:slab_obsidianbrick	0
nhal_veyr	ring	-48	0	20	grug_nodes:blight_dirt	grug_nodes:blight_dirt	0
nhal_veyr	ring	-48	1	20	grug_decor:castle_dungeon_stone	grug_decor:castle_dungeon_stone	0
nhal_veyr	ring	-48	2	20	grug_decor:castle_dungeon_stone	grug_decor:castle_dungeon_stone	0
nhal_veyr	ring	-48	3	20	grug_decor:castle_dungeon_stone	grug_decor:castle_dungeon_stone	0
nhal_veyr	ring	-48	4	20	stairs:slab_obsidianbrick	stairs:slab_obsidianbrick	0
nhal_veyr	ring	21	0	-48	grug_nodes:blight_dirt	grug_nodes:blight_dirt	0
nhal_veyr	ring	21	1	-48	grug_decor:castle_dungeon_stone	grug_decor:castle_dungeon_stone	0
nhal_veyr	ring	21	2	-48	grug_decor:castle_dungeon_stone	grug_decor:castle_dungeon_stone	0
nhal_veyr	ring	48	0	21	grug_nodes:dirt_with_bone_litter	grug_nodes:dirt_with_bone_litter	0
nhal_veyr	ring	48	1	21	grug_decor:castle_dungeon_stone	grug_decor:castle_dungeon_stone	0
nhal_veyr	ring	48	2	21	grug_decor:castle_dungeon_stone	grug_decor:castle_dungeon_stone	0
nhal_veyr	ring	21	0	48	grug_nodes:blight_dirt	grug_nodes:blight_dirt	0
nhal_veyr	ring	21	1	48	grug_decor:castle_dungeon_stone	grug_decor:castle_dungeon_stone	0
nhal_veyr	ring	21	2	48	grug_decor:castle_dungeon_stone	grug_decor:castle_dungeon_stone	0
nhal_veyr	ring	-48	0	21	grug_nodes:blight_dirt	grug_nodes:blight_dirt	0
nhal_veyr	ring	-48	1	21	grug_decor:castle_dungeon_stone	grug_decor:castle_dungeon_stone	0
nhal_veyr	ring	-48	2	21	grug_decor:castle_dungeon_stone	grug_decor:castle_dungeon_stone	0
nhal_veyr	ring	22	0	-48	default:gravel	default:gravel	0
nhal_veyr	ring	22	1	-48	grug_decor:castle_dungeon_stone	grug_decor:castle_dungeon_stone	0
nhal_veyr	ring	22	2	-48	grug_decor:castle_dungeon_stone	grug_decor:castle_dungeon_stone	0
nhal_veyr	ring	22	3	-48	xpanes:bar_flat	xpanes:bar_flat	0
nhal_veyr	ring	48	0	22	grug_nodes:blight_dirt	grug_nodes:blight_dirt	0
nhal_veyr	ring	48	1	22	grug_decor:castle_dungeon_stone	grug_decor:castle_dungeon_stone	0
nhal_veyr	ring	48	2	22	grug_decor:castle_dungeon_stone	grug_decor:castle_dungeon_stone	0
nhal_veyr	ring	48	3	22	xpanes:bar_flat	xpanes:bar_flat	3
nhal_veyr	ring	22	0	48	grug_nodes:blight_dirt	grug_nodes:blight_dirt	0
nhal_veyr	ring	22	1	48	grug_decor:castle_dungeon_stone	grug_decor:castle_dungeon_stone	0
nhal_veyr	ring	22	2	48	grug_decor:castle_dungeon_stone	grug_decor:castle_dungeon_stone	0
nhal_veyr	ring	22	3	48	xpanes:bar_flat	xpanes:bar_flat	0
nhal_veyr	ring	-48	0	22	grug_nodes:blight_dirt	grug_nodes:blight_dirt	0
nhal_veyr	ring	-48	1	22	grug_decor:castle_dungeon_stone	grug_decor:castle_dungeon_stone	0
nhal_veyr	ring	-48	2	22	grug_decor:castle_dungeon_stone	grug_decor:castle_dungeon_stone	0
nhal_veyr	ring	-48	3	22	xpanes:bar_flat	xpanes:bar_flat	3
nhal_veyr	ring	23	0	-48	grug_nodes:blight_dirt	grug_nodes:blight_dirt	0
nhal_veyr	ring	23	1	-48	grug_decor:castle_dungeon_stone	grug_decor:castle_dungeon_stone	0
nhal_veyr	ring	23	2	-48	grug_decor:castle_dungeon_stone	grug_decor:castle_dungeon_stone	0
nhal_veyr	ring	48	0	23	grug_nodes:blight_dirt	grug_nodes:blight_dirt	0
nhal_veyr	ring	48	1	23	grug_decor:castle_dungeon_stone	grug_decor:castle_dungeon_stone	0
nhal_veyr	ring	48	2	23	grug_decor:castle_dungeon_stone	grug_decor:castle_dungeon_stone	0
nhal_veyr	ring	23	0	48	grug_nodes:blight_dirt	grug_nodes:blight_dirt	0
nhal_veyr	ring	23	1	48	grug_decor:castle_dungeon_stone	grug_decor:castle_dungeon_stone	0
nhal_veyr	ring	23	2	48	grug_decor:castle_dungeon_stone	grug_decor:castle_dungeon_stone	0
nhal_veyr	ring	-48	0	23	grug_nodes:blight_dirt	grug_nodes:blight_dirt	0
nhal_veyr	ring	-48	1	23	grug_decor:castle_dungeon_stone	grug_decor:castle_dungeon_stone	0
nhal_veyr	ring	-48	2	23	grug_decor:castle_dungeon_stone	grug_decor:castle_dungeon_stone	0
nhal_veyr	ring	24	0	-48	grug_nodes:blight_dirt	grug_nodes:blight_dirt	0
nhal_veyr	ring	24	1	-48	grug_decor:castle_dungeon_stone	grug_decor:castle_dungeon_stone	0
nhal_veyr	ring	24	2	-48	grug_decor:castle_dungeon_stone	grug_decor:castle_dungeon_stone	0
nhal_veyr	ring	24	3	-48	grug_decor:castle_dungeon_stone	grug_decor:castle_dungeon_stone	0
nhal_veyr	ring	24	4	-48	stairs:slab_obsidianbrick	stairs:slab_obsidianbrick	0
nhal_veyr	ring	48	0	24	grug_nodes:dirt_with_bone_litter	grug_nodes:dirt_with_bone_litter	0
nhal_veyr	ring	48	1	24	grug_decor:castle_dungeon_stone	grug_decor:castle_dungeon_stone	0
nhal_veyr	ring	48	2	24	grug_decor:castle_dungeon_stone	grug_decor:castle_dungeon_stone	0
nhal_veyr	ring	48	3	24	grug_decor:castle_dungeon_stone	grug_decor:castle_dungeon_stone	0
nhal_veyr	ring	48	4	24	stairs:slab_obsidianbrick	stairs:slab_obsidianbrick	0
nhal_veyr	ring	24	0	48	grug_nodes:blight_dirt	grug_nodes:blight_dirt	0
nhal_veyr	ring	24	1	48	grug_decor:castle_dungeon_stone	grug_decor:castle_dungeon_stone	0
nhal_veyr	ring	24	2	48	grug_decor:castle_dungeon_stone	grug_decor:castle_dungeon_stone	0
nhal_veyr	ring	24	3	48	grug_decor:castle_dungeon_stone	grug_decor:castle_dungeon_stone	0
nhal_veyr	ring	24	4	48	stairs:slab_obsidianbrick	stairs:slab_obsidianbrick	0
nhal_veyr	ring	-48	0	24	grug_nodes:blight_dirt	grug_nodes:blight_dirt	0
nhal_veyr	ring	-48	1	24	grug_decor:castle_dungeon_stone	grug_decor:castle_dungeon_stone	0
nhal_veyr	ring	-48	2	24	grug_decor:castle_dungeon_stone	grug_decor:castle_dungeon_stone	0
nhal_veyr	ring	-48	3	24	grug_decor:castle_dungeon_stone	grug_decor:castle_dungeon_stone	0
nhal_veyr	ring	-48	4	24	stairs:slab_obsidianbrick	stairs:slab_obsidianbrick	0
nhal_veyr	ring	25	0	-48	grug_nodes:blight_dirt	grug_nodes:blight_dirt	0
nhal_veyr	ring	25	1	-48	grug_decor:castle_dungeon_stone	grug_decor:castle_dungeon_stone	0
nhal_veyr	ring	25	2	-48	grug_decor:castle_dungeon_stone	grug_decor:castle_dungeon_stone	0
nhal_veyr	ring	48	0	25	grug_nodes:dirt_with_bone_litter	grug_nodes:dirt_with_bone_litter	0
nhal_veyr	ring	48	1	25	grug_decor:castle_dungeon_stone	grug_decor:castle_dungeon_stone	0
nhal_veyr	ring	48	2	25	grug_decor:castle_dungeon_stone	grug_decor:castle_dungeon_stone	0
nhal_veyr	ring	25	0	48	grug_nodes:blight_dirt	grug_nodes:blight_dirt	0
nhal_veyr	ring	25	1	48	grug_decor:castle_dungeon_stone	grug_decor:castle_dungeon_stone	0
nhal_veyr	ring	25	2	48	grug_decor:castle_dungeon_stone	grug_decor:castle_dungeon_stone	0
nhal_veyr	ring	-48	0	25	grug_nodes:blight_dirt	grug_nodes:blight_dirt	0
nhal_veyr	ring	-48	1	25	grug_decor:castle_dungeon_stone	grug_decor:castle_dungeon_stone	0
nhal_veyr	ring	-48	2	25	grug_decor:castle_dungeon_stone	grug_decor:castle_dungeon_stone	0
nhal_veyr	ring	26	0	-48	grug_nodes:dirt_with_bone_litter	grug_nodes:dirt_with_bone_litter	0
nhal_veyr	ring	26	1	-48	grug_decor:castle_dungeon_stone	grug_decor:castle_dungeon_stone	0
nhal_veyr	ring	26	2	-48	grug_decor:castle_dungeon_stone	grug_decor:castle_dungeon_stone	0
nhal_veyr	ring	26	3	-48	xpanes:bar_flat	xpanes:bar_flat	0
nhal_veyr	ring	48	0	26	grug_nodes:blight_dirt	grug_nodes:blight_dirt	0
nhal_veyr	ring	48	1	26	grug_decor:castle_dungeon_stone	grug_decor:castle_dungeon_stone	0
nhal_veyr	ring	48	2	26	grug_decor:castle_dungeon_stone	grug_decor:castle_dungeon_stone	0
nhal_veyr	ring	48	3	26	xpanes:bar_flat	xpanes:bar_flat	3
nhal_veyr	ring	26	0	48	grug_nodes:blight_dirt	grug_nodes:blight_dirt	0
nhal_veyr	ring	26	1	48	grug_decor:castle_dungeon_stone	grug_decor:castle_dungeon_stone	0
nhal_veyr	ring	26	2	48	grug_decor:castle_dungeon_stone	grug_decor:castle_dungeon_stone	0
nhal_veyr	ring	26	3	48	xpanes:bar_flat	xpanes:bar_flat	0
nhal_veyr	ring	-48	0	26	grug_nodes:blight_dirt	grug_nodes:blight_dirt	0
nhal_veyr	ring	-48	1	26	grug_decor:castle_dungeon_stone	grug_decor:castle_dungeon_stone	0
nhal_veyr	ring	-48	2	26	grug_decor:castle_dungeon_stone	grug_decor:castle_dungeon_stone	0
nhal_veyr	ring	-48	3	26	xpanes:bar_flat	xpanes:bar_flat	3
nhal_veyr	ring	27	0	-48	grug_nodes:dirt_with_bone_litter	grug_nodes:dirt_with_bone_litter	0
nhal_veyr	ring	27	1	-48	grug_decor:castle_dungeon_stone	grug_decor:castle_dungeon_stone	0
nhal_veyr	ring	27	2	-48	grug_decor:castle_dungeon_stone	grug_decor:castle_dungeon_stone	0
nhal_veyr	ring	48	0	27	grug_nodes:blight_dirt	grug_nodes:blight_dirt	0
nhal_veyr	ring	48	1	27	grug_decor:castle_dungeon_stone	grug_decor:castle_dungeon_stone	0
nhal_veyr	ring	48	2	27	grug_decor:castle_dungeon_stone	grug_decor:castle_dungeon_stone	0
nhal_veyr	ring	27	0	48	grug_nodes:blight_dirt	grug_nodes:blight_dirt	0
nhal_veyr	ring	27	1	48	grug_decor:castle_dungeon_stone	grug_decor:castle_dungeon_stone	0
nhal_veyr	ring	27	2	48	grug_decor:castle_dungeon_stone	grug_decor:castle_dungeon_stone	0
nhal_veyr	ring	-48	0	27	grug_nodes:blight_dirt	grug_nodes:blight_dirt	0
nhal_veyr	ring	-48	1	27	grug_decor:castle_dungeon_stone	grug_decor:castle_dungeon_stone	0
nhal_veyr	ring	-48	2	27	grug_decor:castle_dungeon_stone	grug_decor:castle_dungeon_stone	0
nhal_veyr	ring	28	0	-48	grug_nodes:dirt_with_bone_litter	grug_nodes:dirt_with_bone_litter	0
nhal_veyr	ring	28	1	-48	grug_decor:castle_dungeon_stone	grug_decor:castle_dungeon_stone	0
nhal_veyr	ring	28	2	-48	grug_decor:castle_dungeon_stone	grug_decor:castle_dungeon_stone	0
nhal_veyr	ring	28	3	-48	grug_decor:castle_dungeon_stone	grug_decor:castle_dungeon_stone	0
nhal_veyr	ring	28	4	-48	stairs:slab_obsidianbrick	stairs:slab_obsidianbrick	0
nhal_veyr	ring	48	0	28	grug_nodes:blight_dirt	grug_nodes:blight_dirt	0
nhal_veyr	ring	48	1	28	grug_decor:castle_dungeon_stone	grug_decor:castle_dungeon_stone	0
nhal_veyr	ring	48	2	28	grug_decor:castle_dungeon_stone	grug_decor:castle_dungeon_stone	0
nhal_veyr	ring	48	3	28	grug_decor:castle_dungeon_stone	grug_decor:castle_dungeon_stone	0
nhal_veyr	ring	48	4	28	stairs:slab_obsidianbrick	stairs:slab_obsidianbrick	0
nhal_veyr	ring	28	0	48	grug_nodes:blight_dirt	grug_nodes:blight_dirt	0
nhal_veyr	ring	28	1	48	grug_decor:castle_dungeon_stone	grug_decor:castle_dungeon_stone	0
nhal_veyr	ring	28	2	48	grug_decor:castle_dungeon_stone	grug_decor:castle_dungeon_stone	0
nhal_veyr	ring	28	3	48	grug_decor:castle_dungeon_stone	grug_decor:castle_dungeon_stone	0
nhal_veyr	ring	28	4	48	stairs:slab_obsidianbrick	stairs:slab_obsidianbrick	0
nhal_veyr	ring	-48	0	28	default:gravel	default:gravel	0
nhal_veyr	ring	-48	1	28	grug_decor:castle_dungeon_stone	grug_decor:castle_dungeon_stone	0
nhal_veyr	ring	-48	2	28	grug_decor:castle_dungeon_stone	grug_decor:castle_dungeon_stone	0
nhal_veyr	ring	-48	3	28	grug_decor:castle_dungeon_stone	grug_decor:castle_dungeon_stone	0
nhal_veyr	ring	-48	4	28	stairs:slab_obsidianbrick	stairs:slab_obsidianbrick	0
nhal_veyr	ring	29	0	-48	grug_nodes:blight_dirt	grug_nodes:blight_dirt	0
nhal_veyr	ring	29	1	-48	grug_decor:castle_dungeon_stone	grug_decor:castle_dungeon_stone	0
nhal_veyr	ring	29	2	-48	grug_decor:castle_dungeon_stone	grug_decor:castle_dungeon_stone	0
nhal_veyr	ring	48	0	29	grug_nodes:blight_dirt	grug_nodes:blight_dirt	0
nhal_veyr	ring	48	1	29	grug_decor:castle_dungeon_stone	grug_decor:castle_dungeon_stone	0
nhal_veyr	ring	48	2	29	grug_decor:castle_dungeon_stone	grug_decor:castle_dungeon_stone	0
nhal_veyr	ring	29	0	48	grug_nodes:blight_dirt	grug_nodes:blight_dirt	0
nhal_veyr	ring	29	1	48	grug_decor:castle_dungeon_stone	grug_decor:castle_dungeon_stone	0
nhal_veyr	ring	29	2	48	grug_decor:castle_dungeon_stone	grug_decor:castle_dungeon_stone	0
nhal_veyr	ring	-48	0	29	grug_nodes:blight_dirt	grug_nodes:blight_dirt	0
nhal_veyr	ring	-48	1	29	grug_decor:castle_dungeon_stone	grug_decor:castle_dungeon_stone	0
nhal_veyr	ring	-48	2	29	grug_decor:castle_dungeon_stone	grug_decor:castle_dungeon_stone	0
nhal_veyr	ring	30	0	-48	grug_nodes:blight_dirt	grug_nodes:blight_dirt	0
nhal_veyr	ring	30	1	-48	grug_decor:castle_dungeon_stone	grug_decor:castle_dungeon_stone	0
nhal_veyr	ring	30	2	-48	grug_decor:castle_dungeon_stone	grug_decor:castle_dungeon_stone	0
nhal_veyr	ring	30	3	-48	xpanes:bar_flat	xpanes:bar_flat	0
nhal_veyr	ring	48	0	30	grug_nodes:blight_dirt	grug_nodes:blight_dirt	0
nhal_veyr	ring	48	1	30	grug_decor:castle_dungeon_stone	grug_decor:castle_dungeon_stone	0
nhal_veyr	ring	48	2	30	grug_decor:castle_dungeon_stone	grug_decor:castle_dungeon_stone	0
nhal_veyr	ring	48	3	30	xpanes:bar_flat	xpanes:bar_flat	3
nhal_veyr	ring	30	0	48	grug_nodes:blight_dirt	grug_nodes:blight_dirt	0
nhal_veyr	ring	30	1	48	grug_decor:castle_dungeon_stone	grug_decor:castle_dungeon_stone	0
nhal_veyr	ring	30	2	48	grug_decor:castle_dungeon_stone	grug_decor:castle_dungeon_stone	0
nhal_veyr	ring	30	3	48	xpanes:bar_flat	xpanes:bar_flat	0
nhal_veyr	ring	-48	0	30	grug_nodes:blight_dirt	grug_nodes:blight_dirt	0
nhal_veyr	ring	-48	1	30	grug_decor:castle_dungeon_stone	grug_decor:castle_dungeon_stone	0
nhal_veyr	ring	-48	2	30	grug_decor:castle_dungeon_stone	grug_decor:castle_dungeon_stone	0
nhal_veyr	ring	-48	3	30	xpanes:bar_flat	xpanes:bar_flat	3
nhal_veyr	ring	31	0	-48	grug_nodes:blight_dirt	grug_nodes:blight_dirt	0
nhal_veyr	ring	31	1	-48	grug_decor:castle_dungeon_stone	grug_decor:castle_dungeon_stone	0
nhal_veyr	ring	31	2	-48	grug_decor:castle_dungeon_stone	grug_decor:castle_dungeon_stone	0
nhal_veyr	ring	48	0	31	grug_nodes:blight_dirt	grug_nodes:blight_dirt	0
nhal_veyr	ring	48	1	31	grug_decor:castle_dungeon_stone	grug_decor:castle_dungeon_stone	0
nhal_veyr	ring	48	2	31	grug_decor:castle_dungeon_stone	grug_decor:castle_dungeon_stone	0
nhal_veyr	ring	31	0	48	grug_nodes:blight_dirt	grug_nodes:blight_dirt	0
nhal_veyr	ring	31	1	48	grug_decor:castle_dungeon_stone	grug_decor:castle_dungeon_stone	0
nhal_veyr	ring	31	2	48	grug_decor:castle_dungeon_stone	grug_decor:castle_dungeon_stone	0
nhal_veyr	ring	-48	0	31	grug_nodes:blight_dirt	grug_nodes:blight_dirt	0
nhal_veyr	ring	-48	1	31	grug_decor:castle_dungeon_stone	grug_decor:castle_dungeon_stone	0
nhal_veyr	ring	-48	2	31	grug_decor:castle_dungeon_stone	grug_decor:castle_dungeon_stone	0
nhal_veyr	ring	32	0	-48	grug_nodes:blight_dirt	grug_nodes:blight_dirt	0
nhal_veyr	ring	32	1	-48	grug_decor:castle_dungeon_stone	grug_decor:castle_dungeon_stone	0
nhal_veyr	ring	32	2	-48	grug_decor:castle_dungeon_stone	grug_decor:castle_dungeon_stone	0
nhal_veyr	ring	32	3	-48	grug_decor:castle_dungeon_stone	grug_decor:castle_dungeon_stone	0
nhal_veyr	ring	32	4	-48	stairs:slab_obsidianbrick	stairs:slab_obsidianbrick	0
nhal_veyr	ring	48	0	32	grug_nodes:blight_dirt	grug_nodes:blight_dirt	0
nhal_veyr	ring	48	1	32	grug_decor:castle_dungeon_stone	grug_decor:castle_dungeon_stone	0
nhal_veyr	ring	48	2	32	grug_decor:castle_dungeon_stone	grug_decor:castle_dungeon_stone	0
nhal_veyr	ring	48	3	32	grug_decor:castle_dungeon_stone	grug_decor:castle_dungeon_stone	0
nhal_veyr	ring	48	4	32	stairs:slab_obsidianbrick	stairs:slab_obsidianbrick	0
nhal_veyr	ring	32	0	48	grug_nodes:blight_dirt	grug_nodes:blight_dirt	0
nhal_veyr	ring	32	1	48	grug_decor:castle_dungeon_stone	grug_decor:castle_dungeon_stone	0
nhal_veyr	ring	32	2	48	grug_decor:castle_dungeon_stone	grug_decor:castle_dungeon_stone	0
nhal_veyr	ring	32	3	48	grug_decor:castle_dungeon_stone	grug_decor:castle_dungeon_stone	0
nhal_veyr	ring	32	4	48	stairs:slab_obsidianbrick	stairs:slab_obsidianbrick	0
nhal_veyr	ring	-48	0	32	grug_nodes:blight_dirt	grug_nodes:blight_dirt	0
nhal_veyr	ring	-48	1	32	grug_decor:castle_dungeon_stone	grug_decor:castle_dungeon_stone	0
nhal_veyr	ring	-48	2	32	grug_decor:castle_dungeon_stone	grug_decor:castle_dungeon_stone	0
nhal_veyr	ring	-48	3	32	grug_decor:castle_dungeon_stone	grug_decor:castle_dungeon_stone	0
nhal_veyr	ring	-48	4	32	stairs:slab_obsidianbrick	stairs:slab_obsidianbrick	0
nhal_veyr	ring	33	0	-48	grug_nodes:blight_dirt	grug_nodes:blight_dirt	0
nhal_veyr	ring	33	1	-48	grug_decor:castle_dungeon_stone	grug_decor:castle_dungeon_stone	0
nhal_veyr	ring	33	2	-48	grug_decor:castle_dungeon_stone	grug_decor:castle_dungeon_stone	0
nhal_veyr	ring	48	0	33	grug_nodes:blight_dirt	grug_nodes:blight_dirt	0
nhal_veyr	ring	48	1	33	grug_decor:castle_dungeon_stone	grug_decor:castle_dungeon_stone	0
nhal_veyr	ring	48	2	33	grug_decor:castle_dungeon_stone	grug_decor:castle_dungeon_stone	0
nhal_veyr	ring	33	0	48	grug_nodes:blight_dirt	grug_nodes:blight_dirt	0
nhal_veyr	ring	33	1	48	grug_decor:castle_dungeon_stone	grug_decor:castle_dungeon_stone	0
nhal_veyr	ring	33	2	48	grug_decor:castle_dungeon_stone	grug_decor:castle_dungeon_stone	0
nhal_veyr	ring	-48	0	33	grug_nodes:blight_dirt	grug_nodes:blight_dirt	0
nhal_veyr	ring	-48	1	33	grug_decor:castle_dungeon_stone	grug_decor:castle_dungeon_stone	0
nhal_veyr	ring	-48	2	33	grug_decor:castle_dungeon_stone	grug_decor:castle_dungeon_stone	0
nhal_veyr	ring	34	0	-48	grug_nodes:blight_dirt	grug_nodes:blight_dirt	0
nhal_veyr	ring	34	1	-48	grug_decor:castle_dungeon_stone	grug_decor:castle_dungeon_stone	0
nhal_veyr	ring	34	2	-48	grug_decor:castle_dungeon_stone	grug_decor:castle_dungeon_stone	0
nhal_veyr	ring	34	3	-48	xpanes:bar_flat	xpanes:bar_flat	0
nhal_veyr	ring	48	0	34	grug_nodes:blight_dirt	grug_nodes:blight_dirt	0
nhal_veyr	ring	48	1	34	grug_decor:castle_dungeon_stone	grug_decor:castle_dungeon_stone	0
nhal_veyr	ring	48	2	34	grug_decor:castle_dungeon_stone	grug_decor:castle_dungeon_stone	0
nhal_veyr	ring	48	3	34	xpanes:bar_flat	xpanes:bar_flat	3
nhal_veyr	ring	34	0	48	grug_nodes:blight_dirt	grug_nodes:blight_dirt	0
nhal_veyr	ring	34	1	48	grug_decor:castle_dungeon_stone	grug_decor:castle_dungeon_stone	0
nhal_veyr	ring	34	2	48	grug_decor:castle_dungeon_stone	grug_decor:castle_dungeon_stone	0
nhal_veyr	ring	34	3	48	xpanes:bar_flat	xpanes:bar_flat	0
nhal_veyr	ring	-48	0	34	grug_nodes:blight_dirt	grug_nodes:blight_dirt	0
nhal_veyr	ring	-48	1	34	grug_decor:castle_dungeon_stone	grug_decor:castle_dungeon_stone	0
nhal_veyr	ring	-48	2	34	grug_decor:castle_dungeon_stone	grug_decor:castle_dungeon_stone	0
nhal_veyr	ring	-48	3	34	xpanes:bar_flat	xpanes:bar_flat	3
nhal_veyr	ring	35	0	-48	grug_nodes:blight_dirt	grug_nodes:blight_dirt	0
nhal_veyr	ring	35	1	-48	grug_decor:castle_dungeon_stone	grug_decor:castle_dungeon_stone	0
nhal_veyr	ring	35	2	-48	grug_decor:castle_dungeon_stone	grug_decor:castle_dungeon_stone	0
nhal_veyr	ring	48	0	35	grug_nodes:blight_dirt	grug_nodes:blight_dirt	0
nhal_veyr	ring	48	1	35	grug_decor:castle_dungeon_stone	grug_decor:castle_dungeon_stone	0
nhal_veyr	ring	48	2	35	grug_decor:castle_dungeon_stone	grug_decor:castle_dungeon_stone	0
nhal_veyr	ring	35	0	48	grug_nodes:blight_dirt	grug_nodes:blight_dirt	0
nhal_veyr	ring	35	1	48	grug_decor:castle_dungeon_stone	grug_decor:castle_dungeon_stone	0
nhal_veyr	ring	35	2	48	grug_decor:castle_dungeon_stone	grug_decor:castle_dungeon_stone	0
nhal_veyr	ring	-48	0	35	grug_nodes:blight_dirt	grug_nodes:blight_dirt	0
nhal_veyr	ring	-48	1	35	grug_decor:castle_dungeon_stone	grug_decor:castle_dungeon_stone	0
nhal_veyr	ring	-48	2	35	grug_decor:castle_dungeon_stone	grug_decor:castle_dungeon_stone	0
nhal_veyr	ring	36	0	-48	grug_nodes:blight_dirt	grug_nodes:blight_dirt	0
nhal_veyr	ring	36	1	-48	grug_decor:castle_dungeon_stone	grug_decor:castle_dungeon_stone	0
nhal_veyr	ring	36	2	-48	grug_decor:castle_dungeon_stone	grug_decor:castle_dungeon_stone	0
nhal_veyr	ring	36	3	-48	grug_decor:castle_dungeon_stone	grug_decor:castle_dungeon_stone	0
nhal_veyr	ring	36	4	-48	stairs:slab_obsidianbrick	stairs:slab_obsidianbrick	0
nhal_veyr	ring	48	0	36	grug_nodes:blight_dirt	grug_nodes:blight_dirt	0
nhal_veyr	ring	48	1	36	grug_decor:castle_dungeon_stone	grug_decor:castle_dungeon_stone	0
nhal_veyr	ring	48	2	36	grug_decor:castle_dungeon_stone	grug_decor:castle_dungeon_stone	0
nhal_veyr	ring	48	3	36	grug_decor:castle_dungeon_stone	grug_decor:castle_dungeon_stone	0
nhal_veyr	ring	48	4	36	stairs:slab_obsidianbrick	stairs:slab_obsidianbrick	0
nhal_veyr	ring	36	0	48	grug_nodes:blight_dirt	grug_nodes:blight_dirt	0
nhal_veyr	ring	36	1	48	grug_decor:castle_dungeon_stone	grug_decor:castle_dungeon_stone	0
nhal_veyr	ring	36	2	48	grug_decor:castle_dungeon_stone	grug_decor:castle_dungeon_stone	0
nhal_veyr	ring	36	3	48	grug_decor:castle_dungeon_stone	grug_decor:castle_dungeon_stone	0
nhal_veyr	ring	36	4	48	stairs:slab_obsidianbrick	stairs:slab_obsidianbrick	0
nhal_veyr	ring	-48	0	36	grug_nodes:blight_dirt	grug_nodes:blight_dirt	0
nhal_veyr	ring	-48	1	36	grug_decor:castle_dungeon_stone	grug_decor:castle_dungeon_stone	0
nhal_veyr	ring	-48	2	36	grug_decor:castle_dungeon_stone	grug_decor:castle_dungeon_stone	0
nhal_veyr	ring	-48	3	36	grug_decor:castle_dungeon_stone	grug_decor:castle_dungeon_stone	0
nhal_veyr	ring	-48	4	36	stairs:slab_obsidianbrick	stairs:slab_obsidianbrick	0
nhal_veyr	ring	37	0	-48	grug_nodes:blight_dirt	grug_nodes:blight_dirt	0
nhal_veyr	ring	37	1	-48	grug_decor:castle_dungeon_stone	grug_decor:castle_dungeon_stone	0
nhal_veyr	ring	37	2	-48	grug_decor:castle_dungeon_stone	grug_decor:castle_dungeon_stone	0
nhal_veyr	ring	48	0	37	grug_nodes:blight_dirt	grug_nodes:blight_dirt	0
nhal_veyr	ring	48	1	37	grug_decor:castle_dungeon_stone	grug_decor:castle_dungeon_stone	0
nhal_veyr	ring	48	2	37	grug_decor:castle_dungeon_stone	grug_decor:castle_dungeon_stone	0
nhal_veyr	ring	37	0	48	grug_nodes:blight_dirt	grug_nodes:blight_dirt	0
nhal_veyr	ring	37	1	48	grug_decor:castle_dungeon_stone	grug_decor:castle_dungeon_stone	0
nhal_veyr	ring	37	2	48	grug_decor:castle_dungeon_stone	grug_decor:castle_dungeon_stone	0
nhal_veyr	ring	-48	0	37	grug_nodes:blight_dirt	grug_nodes:blight_dirt	0
nhal_veyr	ring	-48	1	37	grug_decor:castle_dungeon_stone	grug_decor:castle_dungeon_stone	0
nhal_veyr	ring	-48	2	37	grug_decor:castle_dungeon_stone	grug_decor:castle_dungeon_stone	0
nhal_veyr	ring	38	0	-48	grug_nodes:blight_dirt	grug_nodes:blight_dirt	0
nhal_veyr	ring	38	1	-48	grug_decor:castle_dungeon_stone	grug_decor:castle_dungeon_stone	0
nhal_veyr	ring	38	2	-48	grug_decor:castle_dungeon_stone	grug_decor:castle_dungeon_stone	0
nhal_veyr	ring	38	3	-48	xpanes:bar_flat	xpanes:bar_flat	0
nhal_veyr	ring	48	0	38	grug_nodes:blight_dirt	grug_nodes:blight_dirt	0
nhal_veyr	ring	48	1	38	grug_decor:castle_dungeon_stone	grug_decor:castle_dungeon_stone	0
nhal_veyr	ring	48	2	38	grug_decor:castle_dungeon_stone	grug_decor:castle_dungeon_stone	0
nhal_veyr	ring	48	3	38	xpanes:bar_flat	xpanes:bar_flat	3
nhal_veyr	ring	38	0	48	grug_nodes:blight_dirt	grug_nodes:blight_dirt	0
nhal_veyr	ring	38	1	48	grug_decor:castle_dungeon_stone	grug_decor:castle_dungeon_stone	0
nhal_veyr	ring	38	2	48	grug_decor:castle_dungeon_stone	grug_decor:castle_dungeon_stone	0
nhal_veyr	ring	38	3	48	xpanes:bar_flat	xpanes:bar_flat	0
nhal_veyr	ring	-48	0	38	grug_nodes:blight_dirt	grug_nodes:blight_dirt	0
nhal_veyr	ring	-48	1	38	grug_decor:castle_dungeon_stone	grug_decor:castle_dungeon_stone	0
nhal_veyr	ring	-48	2	38	grug_decor:castle_dungeon_stone	grug_decor:castle_dungeon_stone	0
nhal_veyr	ring	-48	3	38	xpanes:bar_flat	xpanes:bar_flat	3
nhal_veyr	ring	39	0	-48	grug_nodes:blight_dirt	grug_nodes:blight_dirt	0
nhal_veyr	ring	39	1	-48	grug_decor:castle_dungeon_stone	grug_decor:castle_dungeon_stone	0
nhal_veyr	ring	39	2	-48	grug_decor:castle_dungeon_stone	grug_decor:castle_dungeon_stone	0
nhal_veyr	ring	48	0	39	grug_nodes:blight_dirt	grug_nodes:blight_dirt	0
nhal_veyr	ring	48	1	39	grug_decor:castle_dungeon_stone	grug_decor:castle_dungeon_stone	0
nhal_veyr	ring	48	2	39	grug_decor:castle_dungeon_stone	grug_decor:castle_dungeon_stone	0
nhal_veyr	ring	39	0	48	grug_nodes:blight_dirt	grug_nodes:blight_dirt	0
nhal_veyr	ring	39	1	48	grug_decor:castle_dungeon_stone	grug_decor:castle_dungeon_stone	0
nhal_veyr	ring	39	2	48	grug_decor:castle_dungeon_stone	grug_decor:castle_dungeon_stone	0
nhal_veyr	ring	-48	0	39	grug_nodes:blight_dirt	grug_nodes:blight_dirt	0
nhal_veyr	ring	-48	1	39	grug_decor:castle_dungeon_stone	grug_decor:castle_dungeon_stone	0
nhal_veyr	ring	-48	2	39	grug_decor:castle_dungeon_stone	grug_decor:castle_dungeon_stone	0
nhal_veyr	ring	40	0	-48	grug_nodes:blight_dirt	grug_nodes:blight_dirt	0
nhal_veyr	ring	40	1	-48	grug_decor:castle_dungeon_stone	grug_decor:castle_dungeon_stone	0
nhal_veyr	ring	40	2	-48	grug_decor:castle_dungeon_stone	grug_decor:castle_dungeon_stone	0
nhal_veyr	ring	40	3	-48	grug_decor:castle_dungeon_stone	grug_decor:castle_dungeon_stone	0
nhal_veyr	ring	40	4	-48	stairs:slab_obsidianbrick	stairs:slab_obsidianbrick	0
nhal_veyr	ring	48	0	40	grug_nodes:blight_dirt	grug_nodes:blight_dirt	0
nhal_veyr	ring	48	1	40	grug_decor:castle_dungeon_stone	grug_decor:castle_dungeon_stone	0
nhal_veyr	ring	48	2	40	grug_decor:castle_dungeon_stone	grug_decor:castle_dungeon_stone	0
nhal_veyr	ring	48	3	40	grug_decor:castle_dungeon_stone	grug_decor:castle_dungeon_stone	0
nhal_veyr	ring	48	4	40	stairs:slab_obsidianbrick	stairs:slab_obsidianbrick	0
nhal_veyr	ring	40	0	48	grug_nodes:blight_dirt	grug_nodes:blight_dirt	0
nhal_veyr	ring	40	1	48	grug_decor:castle_dungeon_stone	grug_decor:castle_dungeon_stone	0
nhal_veyr	ring	40	2	48	grug_decor:castle_dungeon_stone	grug_decor:castle_dungeon_stone	0
nhal_veyr	ring	40	3	48	grug_decor:castle_dungeon_stone	grug_decor:castle_dungeon_stone	0
nhal_veyr	ring	40	4	48	stairs:slab_obsidianbrick	stairs:slab_obsidianbrick	0
nhal_veyr	ring	-48	0	40	grug_nodes:blight_dirt	grug_nodes:blight_dirt	0
nhal_veyr	ring	-48	1	40	grug_decor:castle_dungeon_stone	grug_decor:castle_dungeon_stone	0
nhal_veyr	ring	-48	2	40	grug_decor:castle_dungeon_stone	grug_decor:castle_dungeon_stone	0
nhal_veyr	ring	-48	3	40	grug_decor:castle_dungeon_stone	grug_decor:castle_dungeon_stone	0
nhal_veyr	ring	-48	4	40	stairs:slab_obsidianbrick	stairs:slab_obsidianbrick	0
nhal_veyr	ring	41	0	-48	grug_nodes:blight_dirt	grug_nodes:blight_dirt	0
nhal_veyr	ring	41	1	-48	grug_decor:castle_dungeon_stone	grug_decor:castle_dungeon_stone	0
nhal_veyr	ring	41	2	-48	grug_decor:castle_dungeon_stone	grug_decor:castle_dungeon_stone	0
nhal_veyr	ring	48	0	41	grug_nodes:blight_dirt	grug_nodes:blight_dirt	0
nhal_veyr	ring	48	1	41	grug_decor:castle_dungeon_stone	grug_decor:castle_dungeon_stone	0
nhal_veyr	ring	48	2	41	grug_decor:castle_dungeon_stone	grug_decor:castle_dungeon_stone	0
nhal_veyr	ring	41	0	48	grug_nodes:dirt_with_bone_litter	grug_nodes:dirt_with_bone_litter	0
nhal_veyr	ring	41	1	48	grug_decor:castle_dungeon_stone	grug_decor:castle_dungeon_stone	0
nhal_veyr	ring	41	2	48	grug_decor:castle_dungeon_stone	grug_decor:castle_dungeon_stone	0
nhal_veyr	ring	-48	0	41	grug_nodes:blight_dirt	grug_nodes:blight_dirt	0
nhal_veyr	ring	-48	1	41	grug_decor:castle_dungeon_stone	grug_decor:castle_dungeon_stone	0
nhal_veyr	ring	-48	2	41	grug_decor:castle_dungeon_stone	grug_decor:castle_dungeon_stone	0
nhal_veyr	ring	42	0	-48	grug_nodes:blight_dirt	grug_nodes:blight_dirt	0
nhal_veyr	ring	42	1	-48	grug_decor:castle_dungeon_stone	grug_decor:castle_dungeon_stone	0
nhal_veyr	ring	42	2	-48	grug_decor:castle_dungeon_stone	grug_decor:castle_dungeon_stone	0
nhal_veyr	ring	42	3	-48	xpanes:bar_flat	xpanes:bar_flat	0
nhal_veyr	ring	48	0	42	grug_nodes:blight_dirt	grug_nodes:blight_dirt	0
nhal_veyr	ring	48	1	42	grug_decor:castle_dungeon_stone	grug_decor:castle_dungeon_stone	0
nhal_veyr	ring	48	2	42	grug_decor:castle_dungeon_stone	grug_decor:castle_dungeon_stone	0
nhal_veyr	ring	48	3	42	xpanes:bar_flat	xpanes:bar_flat	3
nhal_veyr	ring	42	0	48	grug_nodes:dirt_with_bone_litter	grug_nodes:dirt_with_bone_litter	0
nhal_veyr	ring	42	1	48	grug_decor:castle_dungeon_stone	grug_decor:castle_dungeon_stone	0
nhal_veyr	ring	42	2	48	grug_decor:castle_dungeon_stone	grug_decor:castle_dungeon_stone	0
nhal_veyr	ring	42	3	48	xpanes:bar_flat	xpanes:bar_flat	0
nhal_veyr	ring	-48	0	42	grug_nodes:blight_dirt	grug_nodes:blight_dirt	0
nhal_veyr	ring	-48	1	42	grug_decor:castle_dungeon_stone	grug_decor:castle_dungeon_stone	0
nhal_veyr	ring	-48	2	42	grug_decor:castle_dungeon_stone	grug_decor:castle_dungeon_stone	0
nhal_veyr	ring	-48	3	42	xpanes:bar_flat	xpanes:bar_flat	3
nhal_veyr	ring	43	0	-48	grug_nodes:blight_dirt	grug_nodes:blight_dirt	0
nhal_veyr	ring	43	1	-48	grug_decor:castle_dungeon_stone	grug_decor:castle_dungeon_stone	0
nhal_veyr	ring	43	2	-48	grug_decor:castle_dungeon_stone	grug_decor:castle_dungeon_stone	0
nhal_veyr	ring	48	0	43	grug_nodes:blight_dirt	grug_nodes:blight_dirt	0
nhal_veyr	ring	48	1	43	grug_decor:castle_dungeon_stone	grug_decor:castle_dungeon_stone	0
nhal_veyr	ring	48	2	43	grug_decor:castle_dungeon_stone	grug_decor:castle_dungeon_stone	0
nhal_veyr	ring	43	0	48	grug_nodes:dirt_with_bone_litter	grug_nodes:dirt_with_bone_litter	0
nhal_veyr	ring	43	1	48	grug_decor:castle_dungeon_stone	grug_decor:castle_dungeon_stone	0
nhal_veyr	ring	43	2	48	grug_decor:castle_dungeon_stone	grug_decor:castle_dungeon_stone	0
nhal_veyr	ring	-48	0	43	grug_nodes:blight_dirt	grug_nodes:blight_dirt	0
nhal_veyr	ring	-48	1	43	grug_decor:castle_dungeon_stone	grug_decor:castle_dungeon_stone	0
nhal_veyr	ring	-48	2	43	grug_decor:castle_dungeon_stone	grug_decor:castle_dungeon_stone	0
nhal_veyr	ring	44	0	-48	grug_nodes:blight_dirt	grug_nodes:blight_dirt	0
nhal_veyr	ring	44	1	-48	grug_decor:castle_dungeon_stone	grug_decor:castle_dungeon_stone	0
nhal_veyr	ring	44	2	-48	grug_decor:castle_dungeon_stone	grug_decor:castle_dungeon_stone	0
nhal_veyr	ring	44	3	-48	grug_decor:castle_dungeon_stone	grug_decor:castle_dungeon_stone	0
nhal_veyr	ring	44	4	-48	stairs:slab_obsidianbrick	stairs:slab_obsidianbrick	0
nhal_veyr	ring	48	0	44	grug_nodes:blight_dirt	grug_nodes:blight_dirt	0
nhal_veyr	ring	48	1	44	grug_decor:castle_dungeon_stone	grug_decor:castle_dungeon_stone	0
nhal_veyr	ring	48	2	44	grug_decor:castle_dungeon_stone	grug_decor:castle_dungeon_stone	0
nhal_veyr	ring	48	3	44	grug_decor:castle_dungeon_stone	grug_decor:castle_dungeon_stone	0
nhal_veyr	ring	48	4	44	stairs:slab_obsidianbrick	stairs:slab_obsidianbrick	0
nhal_veyr	ring	44	0	48	grug_nodes:blight_dirt	grug_nodes:blight_dirt	0
nhal_veyr	ring	44	1	48	grug_decor:castle_dungeon_stone	grug_decor:castle_dungeon_stone	0
nhal_veyr	ring	44	2	48	grug_decor:castle_dungeon_stone	grug_decor:castle_dungeon_stone	0
nhal_veyr	ring	44	3	48	grug_decor:castle_dungeon_stone	grug_decor:castle_dungeon_stone	0
nhal_veyr	ring	44	4	48	stairs:slab_obsidianbrick	stairs:slab_obsidianbrick	0
nhal_veyr	ring	-48	0	44	grug_nodes:blight_dirt	grug_nodes:blight_dirt	0
nhal_veyr	ring	-48	1	44	grug_decor:castle_dungeon_stone	grug_decor:castle_dungeon_stone	0
nhal_veyr	ring	-48	2	44	grug_decor:castle_dungeon_stone	grug_decor:castle_dungeon_stone	0
nhal_veyr	ring	-48	3	44	grug_decor:castle_dungeon_stone	grug_decor:castle_dungeon_stone	0
nhal_veyr	ring	-48	4	44	stairs:slab_obsidianbrick	stairs:slab_obsidianbrick	0
nhal_veyr	ring	45	0	-48	grug_nodes:blight_dirt	grug_nodes:blight_dirt	0
nhal_veyr	ring	45	1	-48	grug_decor:castle_dungeon_stone	grug_decor:castle_dungeon_stone	0
nhal_veyr	ring	45	2	-48	grug_decor:castle_dungeon_stone	grug_decor:castle_dungeon_stone	0
nhal_veyr	ring	45	3	-48	grug_decor:castle_dungeon_stone	grug_decor:castle_dungeon_stone	0
nhal_veyr	ring	45	4	-48	grug_decor:castle_dungeon_stone	grug_decor:castle_dungeon_stone	0
nhal_veyr	ring	48	0	45	grug_nodes:blight_dirt	grug_nodes:blight_dirt	0
nhal_veyr	ring	48	1	45	grug_decor:castle_dungeon_stone	grug_decor:castle_dungeon_stone	0
nhal_veyr	ring	48	2	45	grug_decor:castle_dungeon_stone	grug_decor:castle_dungeon_stone	0
nhal_veyr	ring	48	3	45	grug_decor:castle_dungeon_stone	grug_decor:castle_dungeon_stone	0
nhal_veyr	ring	48	4	45	grug_decor:castle_dungeon_stone	grug_decor:castle_dungeon_stone	0
nhal_veyr	ring	45	0	48	grug_nodes:blight_dirt	grug_nodes:blight_dirt	0
nhal_veyr	ring	45	1	48	grug_decor:castle_dungeon_stone	grug_decor:castle_dungeon_stone	0
nhal_veyr	ring	45	2	48	grug_decor:castle_dungeon_stone	grug_decor:castle_dungeon_stone	0
nhal_veyr	ring	45	3	48	grug_decor:castle_dungeon_stone	grug_decor:castle_dungeon_stone	0
nhal_veyr	ring	45	4	48	grug_decor:castle_dungeon_stone	grug_decor:castle_dungeon_stone	0
nhal_veyr	ring	-48	0	45	grug_nodes:blight_dirt	grug_nodes:blight_dirt	0
nhal_veyr	ring	-48	1	45	grug_decor:castle_dungeon_stone	grug_decor:castle_dungeon_stone	0
nhal_veyr	ring	-48	2	45	grug_decor:castle_dungeon_stone	grug_decor:castle_dungeon_stone	0
nhal_veyr	ring	-48	3	45	grug_decor:castle_dungeon_stone	grug_decor:castle_dungeon_stone	0
nhal_veyr	ring	-48	4	45	grug_decor:castle_dungeon_stone	grug_decor:castle_dungeon_stone	0
nhal_veyr	ring	46	0	-48	grug_nodes:blight_dirt	grug_nodes:blight_dirt	0
nhal_veyr	ring	46	1	-48	grug_decor:castle_pavement_brick	grug_decor:castle_pavement_brick	0
nhal_veyr	ring	48	0	46	grug_nodes:blight_dirt	grug_nodes:blight_dirt	0
nhal_veyr	ring	48	1	46	grug_decor:castle_pavement_brick	grug_decor:castle_pavement_brick	0
nhal_veyr	ring	46	0	48	grug_nodes:blight_dirt	grug_nodes:blight_dirt	0
nhal_veyr	ring	46	1	48	grug_decor:castle_pavement_brick	grug_decor:castle_pavement_brick	0
nhal_veyr	ring	-48	0	46	grug_nodes:blight_dirt	grug_nodes:blight_dirt	0
nhal_veyr	ring	-48	1	46	grug_decor:castle_pavement_brick	grug_decor:castle_pavement_brick	0
nhal_veyr	ring	47	0	-48	grug_nodes:blight_dirt	grug_nodes:blight_dirt	0
nhal_veyr	ring	47	1	-48	grug_decor:castle_pavement_brick	grug_decor:castle_pavement_brick	0
nhal_veyr	ring	48	0	47	grug_nodes:blight_dirt	grug_nodes:blight_dirt	0
nhal_veyr	ring	48	1	47	grug_decor:castle_pavement_brick	grug_decor:castle_pavement_brick	0
nhal_veyr	ring	47	0	48	grug_nodes:blight_dirt	grug_nodes:blight_dirt	0
nhal_veyr	ring	47	1	48	grug_decor:castle_pavement_brick	grug_decor:castle_pavement_brick	0
nhal_veyr	ring	-48	0	47	grug_nodes:blight_dirt	grug_nodes:blight_dirt	0
nhal_veyr	ring	-48	1	47	grug_decor:castle_pavement_brick	grug_decor:castle_pavement_brick	0
nhal_veyr	ring	48	0	48	grug_nodes:blight_dirt	grug_nodes:blight_dirt	0
nhal_veyr	ring	48	1	48	grug_decor:castle_pavement_brick	grug_decor:castle_pavement_brick	0
nhal_veyr	gate	49	1	0	air	air	0
nhal_veyr	gate	49	2	0	air	air	0
nhal_veyr	gate_floor	49	0	0	grug_decor:castle_pavement_brick	grug_decor:castle_pavement_brick	0
nhal_veyr	gate	-49	1	0	air	air	0
nhal_veyr	gate	-49	2	0	air	air	0
nhal_veyr	gate_floor	-49	0	0	grug_decor:castle_pavement_brick	grug_decor:castle_pavement_brick	0
nhal_veyr	gate	0	1	49	air	air	0
nhal_veyr	gate	0	2	49	air	air	0
nhal_veyr	gate_floor	0	0	49	grug_decor:castle_pavement_brick	grug_decor:castle_pavement_brick	0
nhal_veyr	gate	0	1	-49	air	air	0
nhal_veyr	gate	0	2	-49	air	air	0
nhal_veyr	gate_floor	0	0	-49	grug_decor:castle_pavement_brick	grug_decor:castle_pavement_brick	0
