WARNING[Main]: /!\ You are using the old mod storage files backend. This backend is deprecated and may be removed in a future release /!\
WARNING[Main]: Switching to SQLite3 is advised, please read https://docs.luanti.org/for-server-hosts/database-backends.
[MOD] Mobs Redo loaded
ACTION[Main]: [grug_materials] 12 tools completing the six-tier pick/axe/shovel ladder
WARNING[Main]: No craft recipe matches input (type: fuel, items: ['default:pick_mese'])
WARNING[Main]: No craft recipe matches input (type: fuel, items: ['default:shovel_mese'])
WARNING[Main]: No craft recipe matches input (type: fuel, items: ['default:axe_mese'])
WARNING[Main]: No craft recipe matches input (type: fuel, items: ['default:sword_mese'])
WARNING[Main]: No craft recipe matches input (type: fuel, items: ['default:pick_diamond'])
WARNING[Main]: No craft recipe matches input (type: fuel, items: ['default:shovel_diamond'])
WARNING[Main]: No craft recipe matches input (type: fuel, items: ['default:axe_diamond'])
WARNING[Main]: No craft recipe matches input (type: fuel, items: ['default:sword_diamond'])
WARNING[Main]: No craft recipe matches input (type: fuel, items: ['default:sword_bronze'])
WARNING[Main]: No craft recipe matches input (type: fuel, items: ['default:sword_steel'])
WARNING[Main]: No craft recipe matches input (type: fuel, items: ['default:copper_ingot'])
WARNING[Main]: No craft recipe matches input (type: fuel, items: ['default:copperblock'])
WARNING[Main]: No craft recipe matches input (type: fuel, items: ['default:tin_ingot'])
WARNING[Main]: No craft recipe matches input (type: fuel, items: ['default:tinblock'])
WARNING[Main]: No craft recipe matches input (type: fuel, items: ['default:bronze_ingot'])
WARNING[Main]: No craft recipe matches input (type: fuel, items: ['default:bronzeblock'])
WARNING[Main]: No craft recipe matches input (type: fuel, items: ['default:steel_ingot'])
WARNING[Main]: No craft recipe matches input (type: fuel, items: ['default:steelblock'])
WARNING[Main]: No craft recipe matches input (type: fuel, items: ['default:gold_ingot'])
WARNING[Main]: No craft recipe matches input (type: fuel, items: ['default:goldblock'])
WARNING[Main]: No craft recipe known for output 'default:stone_with_mese'
WARNING[Main]: No craft recipe matches input (type: fuel, items: ['default:stone_with_mese'])
WARNING[Main]: No craft recipe matches input (type: fuel, items: ['default:mese'])
WARNING[Main]: No craft recipe matches input (type: fuel, items: ['default:mese_crystal'])
WARNING[Main]: No craft recipe matches input (type: fuel, items: ['default:mese_crystal_fragment'])
WARNING[Main]: No craft recipe matches input (type: fuel, items: ['default:meselamp'])
WARNING[Main]: No craft recipe matches input (type: fuel, items: ['default:mese_post_light'])
WARNING[Main]: No craft recipe matches input (type: fuel, items: ['default:mese_post_light_acacia_wood'])
WARNING[Main]: No craft recipe matches input (type: fuel, items: ['default:mese_post_light_junglewood'])
WARNING[Main]: No craft recipe matches input (type: fuel, items: ['default:mese_post_light_pine_wood'])
WARNING[Main]: No craft recipe matches input (type: fuel, items: ['default:mese_post_light_aspen_wood'])
WARNING[Main]: No craft recipe known for output 'default:stone_with_diamond'
WARNING[Main]: No craft recipe matches input (type: fuel, items: ['default:stone_with_diamond'])
WARNING[Main]: No craft recipe matches input (type: fuel, items: ['default:diamond'])
WARNING[Main]: No craft recipe matches input (type: fuel, items: ['default:diamondblock'])
WARNING[Main]: No craft recipe matches input (type: fuel, items: ['default:sign_wall_steel'])
WARNING[Main]: No craft recipe matches input (type: fuel, items: ['default:ladder_steel'])
WARNING[Main]: No craft recipe matches input (type: fuel, items: ['stairs:stair_steelblock'])
WARNING[Main]: No craft recipe matches input (type: fuel, items: ['stairs:stair_inner_steelblock'])
WARNING[Main]: No craft recipe matches input (type: fuel, items: ['stairs:stair_outer_steelblock'])
WARNING[Main]: No craft recipe matches input (type: fuel, items: ['stairs:slab_steelblock'])
WARNING[Main]: No craft recipe matches input (type: fuel, items: ['stairs:stair_tinblock'])
WARNING[Main]: No craft recipe matches input (type: fuel, items: ['stairs:stair_inner_tinblock'])
WARNING[Main]: No craft recipe matches input (type: fuel, items: ['stairs:stair_outer_tinblock'])
WARNING[Main]: No craft recipe matches input (type: fuel, items: ['stairs:slab_tinblock'])
WARNING[Main]: No craft recipe matches input (type: fuel, items: ['stairs:stair_copperblock'])
WARNING[Main]: No craft recipe matches input (type: fuel, items: ['stairs:stair_inner_copperblock'])
WARNING[Main]: No craft recipe matches input (type: fuel, items: ['stairs:stair_outer_copperblock'])
WARNING[Main]: No craft recipe matches input (type: fuel, items: ['stairs:slab_copperblock'])
WARNING[Main]: No craft recipe matches input (type: fuel, items: ['stairs:stair_bronzeblock'])
WARNING[Main]: No craft recipe matches input (type: fuel, items: ['stairs:stair_inner_bronzeblock'])
WARNING[Main]: No craft recipe matches input (type: fuel, items: ['stairs:stair_outer_bronzeblock'])
WARNING[Main]: No craft recipe matches input (type: fuel, items: ['stairs:slab_bronzeblock'])
WARNING[Main]: No craft recipe matches input (type: fuel, items: ['stairs:stair_goldblock'])
WARNING[Main]: No craft recipe matches input (type: fuel, items: ['stairs:stair_inner_goldblock'])
WARNING[Main]: No craft recipe matches input (type: fuel, items: ['stairs:stair_outer_goldblock'])
WARNING[Main]: No craft recipe matches input (type: fuel, items: ['stairs:slab_goldblock'])
ACTION[Main]: [grug_gear] 6 bracket catalogs: 42 weapons + 72 armor pieces
ACTION[Main]: [grug_quality] deterministic PcgRandom quality rolls enabled
WARNING[Main]: No craft recipe known for output 'grug_gear:sword_bronze'
WARNING[Main]: No craft recipe known for output 'grug_gear:dagger_bronze'
WARNING[Main]: No craft recipe known for output 'grug_gear:greataxe_bronze'
WARNING[Main]: No craft recipe known for output 'grug_gear:wand_bronze'
WARNING[Main]: No craft recipe known for output 'grug_gear:scepter_bronze'
WARNING[Main]: No craft recipe known for output 'grug_gear:orb_bronze'
WARNING[Main]: No craft recipe known for output 'grug_gear:staff_bronze'
WARNING[Main]: No craft recipe known for output 'grug_gear:head_metal_bronze'
WARNING[Main]: No craft recipe known for output 'grug_gear:feet_metal_bronze'
WARNING[Main]: No craft recipe known for output 'grug_gear:legs_metal_bronze'
WARNING[Main]: No craft recipe known for output 'grug_gear:chest_metal_bronze'
WARNING[Main]: No craft recipe known for output 'grug_gear:head_cloth_patch'
WARNING[Main]: No craft recipe known for output 'grug_gear:feet_cloth_patch'
WARNING[Main]: No craft recipe known for output 'grug_gear:legs_cloth_patch'
WARNING[Main]: No craft recipe known for output 'grug_gear:chest_cloth_patch'
WARNING[Main]: No craft recipe known for output 'grug_gear:head_leather_light'
WARNING[Main]: No craft recipe known for output 'grug_gear:feet_leather_light'
WARNING[Main]: No craft recipe known for output 'grug_gear:legs_leather_light'
WARNING[Main]: No craft recipe known for output 'grug_gear:chest_leather_light'
WARNING[Main]: No craft recipe known for output 'grug_gear:sword_iron'
WARNING[Main]: No craft recipe known for output 'grug_materials:pick_iron'
WARNING[Main]: No craft recipe known for output 'grug_materials:shovel_iron'
WARNING[Main]: No craft recipe known for output 'grug_materials:axe_iron'
WARNING[Main]: No craft recipe known for output 'grug_gear:dagger_iron'
WARNING[Main]: No craft recipe known for output 'grug_gear:greataxe_iron'
WARNING[Main]: No craft recipe known for output 'grug_gear:wand_iron'
WARNING[Main]: No craft recipe known for output 'grug_gear:scepter_iron'
WARNING[Main]: No craft recipe known for output 'grug_gear:orb_iron'
WARNING[Main]: No craft recipe known for output 'grug_gear:staff_iron'
WARNING[Main]: No craft recipe known for output 'grug_gear:head_metal_iron'
WARNING[Main]: No craft recipe known for output 'grug_gear:feet_metal_iron'
WARNING[Main]: No craft recipe known for output 'grug_gear:legs_metal_iron'
WARNING[Main]: No craft recipe known for output 'grug_gear:chest_metal_iron'
WARNING[Main]: No craft recipe known for output 'grug_gear:head_cloth_woven'
WARNING[Main]: No craft recipe known for output 'grug_gear:feet_cloth_woven'
WARNING[Main]: No craft recipe known for output 'grug_gear:legs_cloth_woven'
WARNING[Main]: No craft recipe known for output 'grug_gear:chest_cloth_woven'
WARNING[Main]: No craft recipe known for output 'grug_gear:head_leather_cured'
WARNING[Main]: No craft recipe known for output 'grug_gear:feet_leather_cured'
WARNING[Main]: No craft recipe known for output 'grug_gear:legs_leather_cured'
WARNING[Main]: No craft recipe known for output 'grug_gear:chest_leather_cured'
WARNING[Main]: No craft recipe known for output 'grug_gear:sword_steel'
WARNING[Main]: No craft recipe known for output 'default:pick_steel'
WARNING[Main]: No craft recipe known for output 'grug_gear:dagger_steel'
WARNING[Main]: No craft recipe known for output 'grug_gear:greataxe_steel'
WARNING[Main]: No craft recipe known for output 'grug_gear:wand_steel'
WARNING[Main]: No craft recipe known for output 'grug_gear:scepter_steel'
WARNING[Main]: No craft recipe known for output 'grug_gear:orb_steel'
WARNING[Main]: No craft recipe known for output 'grug_gear:staff_steel'
WARNING[Main]: No craft recipe known for output 'grug_gear:head_metal_steel'
WARNING[Main]: No craft recipe known for output 'grug_gear:feet_metal_steel'
WARNING[Main]: No craft recipe known for output 'grug_gear:legs_metal_steel'
WARNING[Main]: No craft recipe known for output 'grug_gear:chest_metal_steel'
WARNING[Main]: No craft recipe known for output 'grug_gear:head_cloth_heavy'
WARNING[Main]: No craft recipe known for output 'grug_gear:feet_cloth_heavy'
WARNING[Main]: No craft recipe known for output 'grug_gear:legs_cloth_heavy'
WARNING[Main]: No craft recipe known for output 'grug_gear:chest_cloth_heavy'
WARNING[Main]: No craft recipe known for output 'grug_gear:head_leather_heavy'
WARNING[Main]: No craft recipe known for output 'grug_gear:feet_leather_heavy'
WARNING[Main]: No craft recipe known for output 'grug_gear:legs_leather_heavy'
WARNING[Main]: No craft recipe known for output 'grug_gear:chest_leather_heavy'
WARNING[Main]: No craft recipe known for output 'grug_gear:sword_silversteel'
WARNING[Main]: No craft recipe known for output 'grug_materials:pick_silversteel'
WARNING[Main]: No craft recipe known for output 'grug_materials:shovel_silversteel'
WARNING[Main]: No craft recipe known for output 'grug_materials:axe_silversteel'
WARNING[Main]: No craft recipe known for output 'grug_gear:dagger_silversteel'
WARNING[Main]: No craft recipe known for output 'grug_gear:greataxe_silversteel'
WARNING[Main]: No craft recipe known for output 'grug_gear:wand_silversteel'
WARNING[Main]: No craft recipe known for output 'grug_gear:scepter_silversteel'
WARNING[Main]: No craft recipe known for output 'grug_gear:orb_silversteel'
WARNING[Main]: No craft recipe known for output 'grug_gear:staff_silversteel'
WARNING[Main]: No craft recipe known for output 'grug_gear:head_metal_silversteel'
WARNING[Main]: No craft recipe known for output 'grug_gear:feet_metal_silversteel'
WARNING[Main]: No craft recipe known for output 'grug_gear:legs_metal_silversteel'
WARNING[Main]: No craft recipe known for output 'grug_gear:chest_metal_silversteel'
WARNING[Main]: No craft recipe known for output 'grug_gear:head_cloth_silkweave'
WARNING[Main]: No craft recipe known for output 'grug_gear:feet_cloth_silkweave'
WARNING[Main]: No craft recipe known for output 'grug_gear:legs_cloth_silkweave'
WARNING[Main]: No craft recipe known for output 'grug_gear:chest_cloth_silkweave'
WARNING[Main]: No craft recipe known for output 'grug_gear:head_leather_scaled'
WARNING[Main]: No craft recipe known for output 'grug_gear:feet_leather_scaled'
WARNING[Main]: No craft recipe known for output 'grug_gear:legs_leather_scaled'
WARNING[Main]: No craft recipe known for output 'grug_gear:chest_leather_scaled'
WARNING[Main]: No craft recipe known for output 'grug_gear:sword_embersteel'
WARNING[Main]: No craft recipe known for output 'grug_materials:pick_embersteel'
WARNING[Main]: No craft recipe known for output 'grug_materials:shovel_embersteel'
WARNING[Main]: No craft recipe known for output 'grug_materials:axe_embersteel'
WARNING[Main]: No craft recipe known for output 'grug_gear:dagger_embersteel'
WARNING[Main]: No craft recipe known for output 'grug_gear:greataxe_embersteel'
WARNING[Main]: No craft recipe known for output 'grug_gear:wand_embersteel'
WARNING[Main]: No craft recipe known for output 'grug_gear:scepter_embersteel'
WARNING[Main]: No craft recipe known for output 'grug_gear:orb_embersteel'
WARNING[Main]: No craft recipe known for output 'grug_gear:staff_embersteel'
WARNING[Main]: No craft recipe known for output 'grug_gear:head_metal_embersteel'
WARNING[Main]: No craft recipe known for output 'grug_gear:feet_metal_embersteel'
WARNING[Main]: No craft recipe known for output 'grug_gear:legs_metal_embersteel'
WARNING[Main]: No craft recipe known for output 'grug_gear:chest_metal_embersteel'
WARNING[Main]: No craft recipe known for output 'grug_gear:head_cloth_silk'
WARNING[Main]: No craft recipe known for output 'grug_gear:feet_cloth_silk'
WARNING[Main]: No craft recipe known for output 'grug_gear:legs_cloth_silk'
WARNING[Main]: No craft recipe known for output 'grug_gear:chest_cloth_silk'
WARNING[Main]: No craft recipe known for output 'grug_gear:head_leather_sleek'
WARNING[Main]: No craft recipe known for output 'grug_gear:feet_leather_sleek'
WARNING[Main]: No craft recipe known for output 'grug_gear:legs_leather_sleek'
WARNING[Main]: No craft recipe known for output 'grug_gear:chest_leather_sleek'
WARNING[Main]: No craft recipe known for output 'grug_gear:sword_abyssal_steel'
WARNING[Main]: No craft recipe known for output 'grug_materials:pick_abyssal_steel'
WARNING[Main]: No craft recipe known for output 'grug_materials:shovel_abyssal_steel'
WARNING[Main]: No craft recipe known for output 'grug_materials:axe_abyssal_steel'
WARNING[Main]: No craft recipe known for output 'grug_gear:dagger_abyssal_steel'
WARNING[Main]: No craft recipe known for output 'grug_gear:greataxe_abyssal_steel'
WARNING[Main]: No craft recipe known for output 'grug_gear:wand_abyssal_steel'
WARNING[Main]: No craft recipe known for output 'grug_gear:scepter_abyssal_steel'
WARNING[Main]: No craft recipe known for output 'grug_gear:orb_abyssal_steel'
WARNING[Main]: No craft recipe known for output 'grug_gear:staff_abyssal_steel'
WARNING[Main]: No craft recipe known for output 'grug_gear:head_metal_abyssal_steel'
WARNING[Main]: No craft recipe known for output 'grug_gear:feet_metal_abyssal_steel'
WARNING[Main]: No craft recipe known for output 'grug_gear:legs_metal_abyssal_steel'
WARNING[Main]: No craft recipe known for output 'grug_gear:chest_metal_abyssal_steel'
WARNING[Main]: No craft recipe known for output 'grug_gear:head_cloth_stormweave'
WARNING[Main]: No craft recipe known for output 'grug_gear:feet_cloth_stormweave'
WARNING[Main]: No craft recipe known for output 'grug_gear:legs_cloth_stormweave'
WARNING[Main]: No craft recipe known for output 'grug_gear:chest_cloth_stormweave'
WARNING[Main]: No craft recipe known for output 'grug_gear:head_leather_nightscale'
WARNING[Main]: No craft recipe known for output 'grug_gear:feet_leather_nightscale'
WARNING[Main]: No craft recipe known for output 'grug_gear:legs_leather_nightscale'
WARNING[Main]: No craft recipe known for output 'grug_gear:chest_leather_nightscale'
WARNING[Main]: No craft recipe known for output 'grug_mobs:light_leather'
WARNING[Main]: No craft recipe known for output 'grug_professions:cured_leather'
WARNING[Main]: No craft recipe known for output 'grug_mobs:heavy_leather'
WARNING[Main]: No craft recipe known for output 'grug_mobs:scaled_hide'
WARNING[Main]: No craft recipe known for output 'grug_professions:sleek_leather'
WARNING[Main]: No craft recipe known for output 'grug_professions:nightscale_leather'
WARNING[Main]: No craft recipe known for output 'grug_professions:bolt_patch'
WARNING[Main]: No craft recipe known for output 'grug_professions:bolt_woven'
WARNING[Main]: No craft recipe known for output 'grug_professions:bolt_heavy'
WARNING[Main]: No craft recipe known for output 'grug_professions:bolt_silkweave'
WARNING[Main]: No craft recipe known for output 'grug_professions:bolt_silk'
WARNING[Main]: No craft recipe known for output 'grug_professions:bolt_stormweave'
ACTION[Main]: [grug_professions] registered Weaponsmith, Armorsmith, Leatherworker and Tailor catalogs
WARNING[Main]: No craft recipe known for output 'grug_artisans:seasoned_wood'
WARNING[Main]: No craft recipe known for output 'grug_artisans:polished_wood'
WARNING[Main]: No craft recipe known for output 'grug_artisans:hardened_wood'
WARNING[Main]: No craft recipe known for output 'grug_artisans:inlaid_wood'
WARNING[Main]: No craft recipe known for output 'grug_artisans:lacquered_wood'
WARNING[Main]: No craft recipe known for output 'grug_artisans:heartwood_wood'
ACTION[Main]: [grug_artisans] registered Woodcarver and Goldsmith catalogs
ACTION[Main]: [grug_materials] registry audit passed: 6 tiers, 15 resources, 12 processed forms, 6 race regions
ACTION[Main]: [grug_smelting] recipe audit passed: 5 cooking, 5 dualfurn, 12 storage pairs, 1 station
ACTION[Main]: GRUG_WP40_PROFILE_PROBE phase=cold event=start engine=5.17.0 lua=LuaJIT_2.1.1784272936 seed=531802985935182545 cases=44 manifest=da00097a1ebe183092a22027f989209dc205a21ebcdef1159fff6d2964ae74f1 full_digest=false
ACTION[Main]: [grug_visuals] 72 armor pieces indexed for overlays, 3 art lines x 4 slots
ACTION[Main]: [grug_mobs] settlement work activities: tools 7, weapon families 1, all registered
ACTION[Main]: [grug_fishing] tables=6 entries=18 weight=100 bite=3..10s rod_uses=64
ACTION[Main]: [grug_inventory] starter weapons: mage=grug_gear:staff_wood (2H), priest=grug_gear:staff_wood (2H), warrior=default:sword_stone
ACTION[Main]: [grug_traders] 12 profession shelves, 122 offers, all registered
ACTION[Main]: [grug_traders] dwarf capital vendors come from the sockets of dur_brannoc
ACTION[Main]: [grug_traders] elf capital vendors come from the sockets of lethariel
ACTION[Main]: [grug_traders] human capital vendors come from the sockets of highcourt
ACTION[Main]: [grug_traders] orc capital vendors come from the sockets of gor_drazhak
ACTION[Main]: [grug_traders] troll capital vendors come from the sockets of kezamba
ACTION[Main]: [grug_traders] undead capital vendors come from the sockets of nhal_veyr
ACTION[Main]: [grug_traders] 12 settlements indexed for profession vendor appearance
ACTION[Main]: [grug_traders] drop audit: 3 mob(s) use a `drops` FUNCTION and cannot be walked statically (grug_mobs:bandit, grug_mobs:bandit_archer, grug_mobs:poacher); their items are audited from the hardcoded FUNCTION_DROPS list
WARNING[Main]: [grug_traders] no vendor price for dropped item 'default:apple' (dropped by grug_mobs:ashen_treant, grug_mobs:gravewood_treant) — add a _grug_sell_price to its def or a grug_traders.set_price override; traders must buy every mob drop (economy.md §3)
WARNING[Main]: [grug_traders] no vendor price for dropped item 'default:stick' (dropped by grug_mobs:ashen_treant, grug_mobs:gravewood_treant) — add a _grug_sell_price to its def or a grug_traders.set_price override; traders must buy every mob drop (economy.md §3)
 _                   _   _ 
| |_   _  __ _ _ __ | |_(_)
| | | | |/ _` | '_ \| __| |
| | |_| | (_| | | | | |_| |
|_|\__,_|\__,_|_| |_|\__|_|  ___ 5.17.0
ACTION[Main]: World at [/tmp/grudgelands-wp40-profile-run.ViF644pB/world]
ACTION[Main]: Server for gameid="grudgelands" listening on 127.0.0.1:32470.
ACTION[Server]: [grug_core] start preload: emerging 6 start areas (128 x 128 nodes each, 2 at a time)
ACTION[Emerge-0]: GRUG_WP40_PROFILE_CALLBACK callback=1 minp=-1872,-32,-2672 maxp=-1793,47,-2593 blockseed=2347589339 plan_us=612897 writer_us=355373 total_us=968270 columns=6400 candidate_cells=49 candidates=631 r5_runs=25600 result=applied_cplq vm_get_emerged_area_calls=1 vm_get_emerged_area_us=3 vm_get_data_calls=1 vm_get_data_us=4093 vm_get_param2_data_calls=1 vm_get_param2_data_us=4091 vm_get_light_data_calls=2 vm_get_light_data_us=8181 vm_set_data_calls=1 vm_set_data_us=7274 vm_set_param2_data_calls=1 vm_set_param2_data_us=7150 vm_set_lighting_calls=1 vm_set_lighting_us=83 vm_calc_lighting_calls=1 vm_calc_lighting_us=3243 vm_set_light_data_calls=1 vm_set_light_data_us=7079 vm_update_liquids_calls=1 vm_update_liquids_us=978
ACTION[Emerge-0]: GRUG_WP40_PROFILE_CALLBACK callback=2 minp=-1792,-32,-2672 maxp=-1713,47,-2593 blockseed=3424714971 plan_us=473235 writer_us=280367 total_us=753602 columns=6400 candidate_cells=49 candidates=678 r5_runs=25600 result=applied_cplq vm_get_emerged_area_calls=1 vm_get_emerged_area_us=2 vm_get_data_calls=1 vm_get_data_us=3829 vm_get_param2_data_calls=1 vm_get_param2_data_us=3824 vm_get_light_data_calls=2 vm_get_light_data_us=7640 vm_set_data_calls=1 vm_set_data_us=6988 vm_set_param2_data_calls=1 vm_set_param2_data_us=6871 vm_set_lighting_calls=1 vm_set_lighting_us=111 vm_calc_lighting_calls=1 vm_calc_lighting_us=3734 vm_set_light_data_calls=1 vm_set_light_data_us=6810 vm_update_liquids_calls=1 vm_update_liquids_us=1243
ACTION[Emerge-0]: GRUG_WP40_PROFILE_CALLBACK callback=3 minp=-1872,48,-2672 maxp=-1793,127,-2593 blockseed=1436017481 plan_us=161179 writer_us=94230 total_us=255409 columns=6400 candidate_cells=49 candidates=631 r5_runs=6400 result=applied_clq vm_get_emerged_area_calls=1 vm_get_emerged_area_us=3 vm_get_data_calls=1 vm_get_data_us=4097 vm_get_param2_data_calls=1 vm_get_param2_data_us=4090 vm_get_light_data_calls=2 vm_get_light_data_us=8194 vm_set_data_calls=1 vm_set_data_us=7252 vm_set_param2_data_calls=0 vm_set_param2_data_us=0 vm_set_lighting_calls=35 vm_set_lighting_us=34 vm_calc_lighting_calls=1 vm_calc_lighting_us=9785 vm_set_light_data_calls=1 vm_set_light_data_us=7089 vm_update_liquids_calls=1 vm_update_liquids_us=910
ACTION[Emerge-0]: GRUG_WP40_PROFILE_CALLBACK callback=4 minp=-1792,48,-2672 maxp=-1713,127,-2593 blockseed=1894791017 plan_us=168533 writer_us=90050 total_us=258583 columns=6400 candidate_cells=49 candidates=678 r5_runs=6400 result=applied_clq vm_get_emerged_area_calls=1 vm_get_emerged_area_us=2 vm_get_data_calls=1 vm_get_data_us=4072 vm_get_param2_data_calls=1 vm_get_param2_data_us=4083 vm_get_light_data_calls=2 vm_get_light_data_us=8159 vm_set_data_calls=1 vm_set_data_us=6968 vm_set_param2_data_calls=0 vm_set_param2_data_us=0 vm_set_lighting_calls=36 vm_set_lighting_us=26 vm_calc_lighting_calls=1 vm_calc_lighting_us=10847 vm_set_light_data_calls=1 vm_set_light_data_us=6794 vm_update_liquids_calls=1 vm_update_liquids_us=906
ACTION[Emerge-0]: GRUG_WP40_PROFILE_CALLBACK callback=5 minp=-1872,-32,-2592 maxp=-1793,47,-2513 blockseed=1061529625 plan_us=360821 writer_us=236969 total_us=597790 columns=6400 candidate_cells=49 candidates=175 r5_runs=25600 result=applied_cplq vm_get_emerged_area_calls=1 vm_get_emerged_area_us=2 vm_get_data_calls=1 vm_get_data_us=4074 vm_get_param2_data_calls=1 vm_get_param2_data_us=4078 vm_get_light_data_calls=2 vm_get_light_data_us=8710 vm_set_data_calls=1 vm_set_data_us=7226 vm_set_param2_data_calls=1 vm_set_param2_data_us=7111 vm_set_lighting_calls=16 vm_set_lighting_us=118 vm_calc_lighting_calls=1 vm_calc_lighting_us=5334 vm_set_light_data_calls=1 vm_set_light_data_us=7045 vm_update_liquids_calls=1 vm_update_liquids_us=979
ACTION[Emerge-0]: GRUG_WP40_PROFILE_CALLBACK callback=6 minp=-1792,-32,-2592 maxp=-1713,47,-2513 blockseed=477511193 plan_us=301809 writer_us=233206 total_us=535015 columns=6400 candidate_cells=49 candidates=301 r5_runs=25600 result=applied_cplq vm_get_emerged_area_calls=1 vm_get_emerged_area_us=2 vm_get_data_calls=1 vm_get_data_us=4071 vm_get_param2_data_calls=1 vm_get_param2_data_us=4073 vm_get_light_data_calls=2 vm_get_light_data_us=7610 vm_set_data_calls=1 vm_set_data_us=7216 vm_set_param2_data_calls=1 vm_set_param2_data_us=7109 vm_set_lighting_calls=16 vm_set_lighting_us=126 vm_calc_lighting_calls=1 vm_calc_lighting_us=5904 vm_set_light_data_calls=1 vm_set_light_data_us=7037 vm_update_liquids_calls=1 vm_update_liquids_us=990
ACTION[Emerge-0]: GRUG_WP40_PROFILE_CALLBACK callback=7 minp=-1872,48,-2592 maxp=-1793,127,-2513 blockseed=1013608399 plan_us=96924 writer_us=42139 total_us=139063 columns=6400 candidate_cells=49 candidates=175 r5_runs=6400 result=noop_equal_content vm_get_emerged_area_calls=1 vm_get_emerged_area_us=2 vm_get_data_calls=1 vm_get_data_us=4069 vm_get_param2_data_calls=1 vm_get_param2_data_us=4064 vm_get_light_data_calls=0 vm_get_light_data_us=0 vm_set_data_calls=0 vm_set_data_us=0 vm_set_param2_data_calls=0 vm_set_param2_data_us=0 vm_set_lighting_calls=0 vm_set_lighting_us=0 vm_calc_lighting_calls=0 vm_calc_lighting_us=0 vm_set_light_data_calls=0 vm_set_light_data_us=0 vm_update_liquids_calls=0 vm_update_liquids_us=0
ACTION[Emerge-0]: GRUG_WP40_PROFILE_CALLBACK callback=8 minp=-1792,48,-2592 maxp=-1713,127,-2513 blockseed=1271228879 plan_us=118749 writer_us=40882 total_us=159631 columns=6400 candidate_cells=49 candidates=301 r5_runs=6400 result=noop_equal_content vm_get_emerged_area_calls=1 vm_get_emerged_area_us=1 vm_get_data_calls=1 vm_get_data_us=3794 vm_get_param2_data_calls=1 vm_get_param2_data_us=3801 vm_get_light_data_calls=0 vm_get_light_data_us=0 vm_set_data_calls=0 vm_set_data_us=0 vm_set_param2_data_calls=0 vm_set_param2_data_us=0 vm_set_lighting_calls=0 vm_set_lighting_us=0 vm_calc_lighting_calls=0 vm_calc_lighting_us=0 vm_set_light_data_calls=0 vm_set_light_data_us=0 vm_update_liquids_calls=0 vm_update_liquids_us=0
ACTION[Emerge-0]: GRUG_WP40_PROFILE_CALLBACK callback=9 minp=-1872,-32,-2512 maxp=-1793,47,-2433 blockseed=3973185169 plan_us=417632 writer_us=233834 total_us=651466 columns=6400 candidate_cells=49 candidates=490 r5_runs=25600 result=applied_cplq vm_get_emerged_area_calls=1 vm_get_emerged_area_us=2 vm_get_data_calls=1 vm_get_data_us=4070 vm_get_param2_data_calls=1 vm_get_param2_data_us=4080 vm_get_light_data_calls=2 vm_get_light_data_us=8153 vm_set_data_calls=1 vm_set_data_us=7245 vm_set_param2_data_calls=1 vm_set_param2_data_us=7119 vm_set_lighting_calls=16 vm_set_lighting_us=143 vm_calc_lighting_calls=1 vm_calc_lighting_us=5347 vm_set_light_data_calls=1 vm_set_light_data_us=7064 vm_update_liquids_calls=1 vm_update_liquids_us=969
ACTION[Emerge-0]: GRUG_WP40_PROFILE_CALLBACK callback=10 minp=-1792,-32,-2512 maxp=-1713,47,-2433 blockseed=582672721 plan_us=377574 writer_us=235284 total_us=612858 columns=6400 candidate_cells=49 candidates=535 r5_runs=25600 result=applied_cplq vm_get_emerged_area_calls=1 vm_get_emerged_area_us=2 vm_get_data_calls=1 vm_get_data_us=4092 vm_get_param2_data_calls=1 vm_get_param2_data_us=4081 vm_get_light_data_calls=2 vm_get_light_data_us=7902 vm_set_data_calls=1 vm_set_data_us=7233 vm_set_param2_data_calls=1 vm_set_param2_data_us=7154 vm_set_lighting_calls=16 vm_set_lighting_us=156 vm_calc_lighting_calls=1 vm_calc_lighting_us=5701 vm_set_light_data_calls=1 vm_set_light_data_us=7056 vm_update_liquids_calls=1 vm_update_liquids_us=1030
ACTION[Emerge-0]: GRUG_WP40_PROFILE_CALLBACK callback=11 minp=-1872,48,-2512 maxp=-1793,127,-2433 blockseed=2887152057 plan_us=138250 writer_us=41879 total_us=180129 columns=6400 candidate_cells=49 candidates=490 r5_runs=6400 result=noop_equal_content vm_get_emerged_area_calls=1 vm_get_emerged_area_us=2 vm_get_data_calls=1 vm_get_data_us=3795 vm_get_param2_data_calls=1 vm_get_param2_data_us=3813 vm_get_light_data_calls=0 vm_get_light_data_us=0 vm_set_data_calls=0 vm_set_data_us=0 vm_set_param2_data_calls=0 vm_set_param2_data_us=0 vm_set_lighting_calls=0 vm_set_lighting_us=0 vm_calc_lighting_calls=0 vm_calc_lighting_us=0 vm_set_light_data_calls=0 vm_set_light_data_us=0 vm_update_liquids_calls=0 vm_update_liquids_us=0
ACTION[Emerge-0]: GRUG_WP40_PROFILE_CALLBACK callback=12 minp=-1792,48,-2512 maxp=-1713,127,-2433 blockseed=1713225977 plan_us=149011 writer_us=41617 total_us=190628 columns=6400 candidate_cells=49 candidates=535 r5_runs=6400 result=noop_equal_content vm_get_emerged_area_calls=1 vm_get_emerged_area_us=1 vm_get_data_calls=1 vm_get_data_us=4069 vm_get_param2_data_calls=1 vm_get_param2_data_us=4070 vm_get_light_data_calls=0 vm_get_light_data_us=0 vm_set_data_calls=0 vm_set_data_us=0 vm_set_param2_data_calls=0 vm_set_param2_data_us=0 vm_set_lighting_calls=0 vm_set_lighting_us=0 vm_calc_lighting_calls=0 vm_calc_lighting_us=0 vm_set_light_data_calls=0 vm_set_light_data_us=0 vm_update_liquids_calls=0 vm_update_liquids_us=0
ACTION[Emerge-0]: [grug_core] start area ready: dwarf (1/6, 21.6 s)
ACTION[Server]: [grug_mobs] start npcs hearthpine: grug_mobs:guard_accord placed at socket gate_west (-1804,26,-2491)
ACTION[Server]: [grug_mobs] start npcs hearthpine: grug_mobs:guard_accord placed at socket gate_east (-1796,26,-2491)
ACTION[Server]: [grug_mobs] start npcs hearthpine: grug_mobs:guard_accord placed at socket watch_gate (-1800,26,-2498)
ACTION[Server]: [grug_mobs] start npcs hearthpine: grug_traders:vendor_race_dwarf placed at socket plaza_vendor (-1793,26,-2555)
ACTION[Server]: [grug_mobs] start npcs hearthpine: grug_mobs:villager_dwarf placed at socket idle_west_door (-1816,26,-2546)
ACTION[Server]: [grug_mobs] start npcs hearthpine: grug_mobs:villager_dwarf placed at socket idle_plaza_bench (-1793,26,-2549)
ACTION[Server]: [grug_mobs] start npcs hearthpine: grug_mobs:villager_dwarf placed at socket idle_workyard (-1819,26,-2533)
ACTION[Server]: [grug_mobs] start npcs hearthpine: grug_mobs:villager_dwarf placed at socket idle_forge_door (-1798,26,-2560)
ACTION[Server]: [grug_mobs] start npcs hearthpine: grug_mobs:villager_dwarf placed at socket work_woodpile (-1812,26,-2563)
ACTION[Server]: [grug_mobs] start npcs hearthpine: grug_mobs:villager_dwarf placed at socket work_garden (-1819,26,-2529)
ACTION[Server]: [grug_mobs] start npcs hearthpine: grug_mobs:elder_dwarf placed at socket hall_quest (-1828,26,-2524)
ACTION[Server]: [grug_mobs] start npcs hearthpine: grug_mobs:villager_dwarf placed at socket trainer_cooking (-1798,26,-2540)
ACTION[Server]: [grug_mobs] start npcs dwarf hearthpine: guards 3/3 flair 7/7 vendor 1/1 quest 1/1 royal 0/0 new 12 pending 0 spare 3 residents 6 walkers 1
ACTION[Emerge-0]: GRUG_WP40_PROFILE_CALLBACK callback=13 minp=-112,-32,-2672 maxp=-33,47,-2593 blockseed=2649330407 plan_us=544985 writer_us=284478 total_us=829463 columns=6400 candidate_cells=49 candidates=3133 r5_runs=25600 result=applied_cplq vm_get_emerged_area_calls=1 vm_get_emerged_area_us=1 vm_get_data_calls=1 vm_get_data_us=4338 vm_get_param2_data_calls=1 vm_get_param2_data_us=4347 vm_get_light_data_calls=2 vm_get_light_data_us=8698 vm_set_data_calls=1 vm_set_data_us=7227 vm_set_param2_data_calls=1 vm_set_param2_data_us=7107 vm_set_lighting_calls=81 vm_set_lighting_us=93 vm_calc_lighting_calls=1 vm_calc_lighting_us=3729 vm_set_light_data_calls=1 vm_set_light_data_us=7045 vm_update_liquids_calls=1 vm_update_liquids_us=981
ACTION[Emerge-0]: GRUG_WP40_PROFILE_CALLBACK callback=14 minp=-32,-32,-2672 maxp=47,47,-2593 blockseed=3815956711 plan_us=397421 writer_us=279957 total_us=677378 columns=6400 candidate_cells=49 candidates=2331 r5_runs=25600 result=applied_cplq vm_get_emerged_area_calls=1 vm_get_emerged_area_us=3 vm_get_data_calls=1 vm_get_data_us=3799 vm_get_param2_data_calls=1 vm_get_param2_data_us=3808 vm_get_light_data_calls=2 vm_get_light_data_us=8149 vm_set_data_calls=1 vm_set_data_us=7227 vm_set_param2_data_calls=1 vm_set_param2_data_us=7114 vm_set_lighting_calls=81 vm_set_lighting_us=96 vm_calc_lighting_calls=1 vm_calc_lighting_us=4294 vm_set_light_data_calls=1 vm_set_light_data_us=7049 vm_update_liquids_calls=1 vm_update_liquids_us=987
ACTION[Emerge-0]: GRUG_WP40_PROFILE_CALLBACK callback=15 minp=48,-32,-2672 maxp=127,47,-2593 blockseed=2143039207 plan_us=432340 writer_us=275217 total_us=707557 columns=6400 candidate_cells=49 candidates=3291 r5_runs=25514 result=applied_cplq vm_get_emerged_area_calls=1 vm_get_emerged_area_us=2 vm_get_data_calls=1 vm_get_data_us=4067 vm_get_param2_data_calls=1 vm_get_param2_data_us=4076 vm_get_light_data_calls=2 vm_get_light_data_us=8145 vm_set_data_calls=1 vm_set_data_us=7223 vm_set_param2_data_calls=1 vm_set_param2_data_us=7115 vm_set_lighting_calls=81 vm_set_lighting_us=85 vm_calc_lighting_calls=1 vm_calc_lighting_us=4059 vm_set_light_data_calls=1 vm_set_light_data_us=7050 vm_update_liquids_calls=1 vm_update_liquids_us=999
ACTION[Emerge-0]: GRUG_WP40_PROFILE_CALLBACK callback=16 minp=-112,48,-2672 maxp=-33,127,-2593 blockseed=3316011157 plan_us=166508 writer_us=42285 total_us=208793 columns=6400 candidate_cells=49 candidates=3133 r5_runs=6400 result=noop_equal_content vm_get_emerged_area_calls=1 vm_get_emerged_area_us=2 vm_get_data_calls=1 vm_get_data_us=4071 vm_get_param2_data_calls=1 vm_get_param2_data_us=4068 vm_get_light_data_calls=0 vm_get_light_data_us=0 vm_set_data_calls=0 vm_set_data_us=0 vm_set_param2_data_calls=0 vm_set_param2_data_us=0 vm_set_lighting_calls=0 vm_set_lighting_us=0 vm_calc_lighting_calls=0 vm_calc_lighting_us=0 vm_set_light_data_calls=0 vm_set_light_data_us=0 vm_update_liquids_calls=0 vm_update_liquids_us=0
ACTION[Emerge-0]: GRUG_WP40_PROFILE_CALLBACK callback=17 minp=-32,48,-2672 maxp=47,127,-2593 blockseed=182747797 plan_us=137767 writer_us=40805 total_us=178572 columns=6400 candidate_cells=49 candidates=2331 r5_runs=6400 result=noop_equal_content vm_get_emerged_area_calls=1 vm_get_emerged_area_us=2 vm_get_data_calls=1 vm_get_data_us=3803 vm_get_param2_data_calls=1 vm_get_param2_data_us=3794 vm_get_light_data_calls=0 vm_get_light_data_us=0 vm_set_data_calls=0 vm_set_data_us=0 vm_set_param2_data_calls=0 vm_set_param2_data_us=0 vm_set_lighting_calls=0 vm_set_lighting_us=0 vm_calc_lighting_calls=0 vm_calc_lighting_us=0 vm_set_light_data_calls=0 vm_set_light_data_us=0 vm_update_liquids_calls=0 vm_update_liquids_us=0
ACTION[Emerge-0]: GRUG_WP40_PROFILE_CALLBACK callback=18 minp=48,48,-2672 maxp=127,127,-2593 blockseed=1939586197 plan_us=169463 writer_us=41140 total_us=210603 columns=6400 candidate_cells=49 candidates=3291 r5_runs=6400 result=noop_equal_content vm_get_emerged_area_calls=1 vm_get_emerged_area_us=2 vm_get_data_calls=1 vm_get_data_us=4070 vm_get_param2_data_calls=1 vm_get_param2_data_us=4062 vm_get_light_data_calls=0 vm_get_light_data_us=0 vm_set_data_calls=0 vm_set_data_us=0 vm_set_param2_data_calls=0 vm_set_param2_data_us=0 vm_set_lighting_calls=0 vm_set_lighting_us=0 vm_calc_lighting_calls=0 vm_calc_lighting_us=0 vm_set_light_data_calls=0 vm_set_light_data_us=0 vm_update_liquids_calls=0 vm_update_liquids_us=0
ACTION[Emerge-0]: GRUG_WP40_PROFILE_CALLBACK callback=19 minp=-112,-32,-2592 maxp=-33,47,-2513 blockseed=2906213861 plan_us=468405 writer_us=272306 total_us=740711 columns=6400 candidate_cells=49 candidates=2095 r5_runs=25600 result=applied_cplq vm_get_emerged_area_calls=1 vm_get_emerged_area_us=1 vm_get_data_calls=1 vm_get_data_us=4069 vm_get_param2_data_calls=1 vm_get_param2_data_us=4065 vm_get_light_data_calls=2 vm_get_light_data_us=8277 vm_set_data_calls=1 vm_set_data_us=7490 vm_set_param2_data_calls=1 vm_set_param2_data_us=7366 vm_set_lighting_calls=16 vm_set_lighting_us=96 vm_calc_lighting_calls=1 vm_calc_lighting_us=5495 vm_set_light_data_calls=1 vm_set_light_data_us=7306 vm_update_liquids_calls=1 vm_update_liquids_us=978
ACTION[Emerge-0]: GRUG_WP40_PROFILE_CALLBACK callback=20 minp=-32,-32,-2592 maxp=47,47,-2513 blockseed=3750423273 plan_us=245460 writer_us=264805 total_us=510265 columns=6400 candidate_cells=49 candidates=0 r5_runs=25600 result=applied_cplq vm_get_emerged_area_calls=1 vm_get_emerged_area_us=2 vm_get_data_calls=1 vm_get_data_us=4070 vm_get_param2_data_calls=1 vm_get_param2_data_us=4113 vm_get_light_data_calls=2 vm_get_light_data_us=7652 vm_set_data_calls=1 vm_set_data_us=7224 vm_set_param2_data_calls=1 vm_set_param2_data_us=7105 vm_set_lighting_calls=16 vm_set_lighting_us=76 vm_calc_lighting_calls=1 vm_calc_lighting_us=7451 vm_set_light_data_calls=1 vm_set_light_data_us=6764 vm_update_liquids_calls=1 vm_update_liquids_us=1009
ACTION[Emerge-0]: GRUG_WP40_PROFILE_CALLBACK callback=21 minp=48,-32,-2592 maxp=127,47,-2513 blockseed=4105102377 plan_us=353775 writer_us=291661 total_us=645436 columns=6400 candidate_cells=49 candidates=2618 r5_runs=25495 result=applied_cplq vm_get_emerged_area_calls=1 vm_get_emerged_area_us=2 vm_get_data_calls=1 vm_get_data_us=4070 vm_get_param2_data_calls=1 vm_get_param2_data_us=4067 vm_get_light_data_calls=2 vm_get_light_data_us=7863 vm_set_data_calls=1 vm_set_data_us=7228 vm_set_param2_data_calls=1 vm_set_param2_data_us=7119 vm_set_lighting_calls=96 vm_set_lighting_us=95 vm_calc_lighting_calls=1 vm_calc_lighting_us=5174 vm_set_light_data_calls=1 vm_set_light_data_us=7040 vm_update_liquids_calls=1 vm_update_liquids_us=1019
ACTION[Emerge-0]: GRUG_WP40_PROFILE_CALLBACK callback=22 minp=-112,48,-2592 maxp=-33,127,-2513 blockseed=2551251339 plan_us=141031 writer_us=91622 total_us=232653 columns=6400 candidate_cells=49 candidates=2095 r5_runs=6400 result=applied_clq vm_get_emerged_area_calls=1 vm_get_emerged_area_us=2 vm_get_data_calls=1 vm_get_data_us=4071 vm_get_param2_data_calls=1 vm_get_param2_data_us=4069 vm_get_light_data_calls=2 vm_get_light_data_us=8298 vm_set_data_calls=1 vm_set_data_us=7510 vm_set_param2_data_calls=0 vm_set_param2_data_us=0 vm_set_lighting_calls=37 vm_set_lighting_us=45 vm_calc_lighting_calls=1 vm_calc_lighting_us=11314 vm_set_light_data_calls=1 vm_set_light_data_us=7299 vm_update_liquids_calls=1 vm_update_liquids_us=904
ACTION[Emerge-0]: GRUG_WP40_PROFILE_CALLBACK callback=23 minp=-32,48,-2592 maxp=47,127,-2513 blockseed=3595103865 plan_us=71108 writer_us=41530 total_us=112638 columns=6400 candidate_cells=49 candidates=0 r5_runs=6400 result=noop_equal_content vm_get_emerged_area_calls=1 vm_get_emerged_area_us=3 vm_get_data_calls=1 vm_get_data_us=4071 vm_get_param2_data_calls=1 vm_get_param2_data_us=4342 vm_get_light_data_calls=0 vm_get_light_data_us=0 vm_set_data_calls=0 vm_set_data_us=0 vm_set_param2_data_calls=0 vm_set_param2_data_us=0 vm_set_lighting_calls=0 vm_set_lighting_us=0 vm_calc_lighting_calls=0 vm_calc_lighting_us=0 vm_set_light_data_calls=0 vm_set_light_data_us=0 vm_update_liquids_calls=0 vm_update_liquids_us=0
ACTION[Emerge-0]: GRUG_WP40_PROFILE_CALLBACK callback=24 minp=48,48,-2592 maxp=127,127,-2513 blockseed=3933311033 plan_us=157486 writer_us=41125 total_us=198611 columns=6400 candidate_cells=49 candidates=2618 r5_runs=6400 result=noop_equal_content vm_get_emerged_area_calls=1 vm_get_emerged_area_us=2 vm_get_data_calls=1 vm_get_data_us=4066 vm_get_param2_data_calls=1 vm_get_param2_data_us=4094 vm_get_light_data_calls=0 vm_get_light_data_us=0 vm_set_data_calls=0 vm_set_data_us=0 vm_set_param2_data_calls=0 vm_set_param2_data_us=0 vm_set_lighting_calls=0 vm_set_lighting_us=0 vm_calc_lighting_calls=0 vm_calc_lighting_us=0 vm_set_light_data_calls=0 vm_set_light_data_us=0 vm_update_liquids_calls=0 vm_update_liquids_us=0
ACTION[Emerge-0]: GRUG_WP40_PROFILE_CALLBACK callback=25 minp=-112,-32,-2512 maxp=-33,47,-2433 blockseed=477054105 plan_us=448876 writer_us=296804 total_us=745680 columns=6400 candidate_cells=49 candidates=3155 r5_runs=25600 result=applied_cplq vm_get_emerged_area_calls=1 vm_get_emerged_area_us=2 vm_get_data_calls=1 vm_get_data_us=4071 vm_get_param2_data_calls=1 vm_get_param2_data_us=4072 vm_get_light_data_calls=2 vm_get_light_data_us=8152 vm_set_data_calls=1 vm_set_data_us=7216 vm_set_param2_data_calls=1 vm_set_param2_data_us=7100 vm_set_lighting_calls=96 vm_set_lighting_us=143 vm_calc_lighting_calls=1 vm_calc_lighting_us=4591 vm_set_light_data_calls=1 vm_set_light_data_us=7040 vm_update_liquids_calls=1 vm_update_liquids_us=974
ACTION[Emerge-0]: GRUG_WP40_PROFILE_CALLBACK callback=26 minp=-32,-32,-2512 maxp=47,47,-2433 blockseed=3787661465 plan_us=303016 writer_us=265567 total_us=568583 columns=6400 candidate_cells=49 candidates=1658 r5_runs=25635 result=applied_cplq vm_get_emerged_area_calls=1 vm_get_emerged_area_us=3 vm_get_data_calls=1 vm_get_data_us=3801 vm_get_param2_data_calls=1 vm_get_param2_data_us=3801 vm_get_light_data_calls=2 vm_get_light_data_us=8138 vm_set_data_calls=1 vm_set_data_us=6953 vm_set_param2_data_calls=1 vm_set_param2_data_us=6839 vm_set_lighting_calls=16 vm_set_lighting_us=133 vm_calc_lighting_calls=1 vm_calc_lighting_us=6094 vm_set_light_data_calls=1 vm_set_light_data_us=6765 vm_update_liquids_calls=1 vm_update_liquids_us=970
ACTION[Emerge-0]: GRUG_WP40_PROFILE_CALLBACK callback=27 minp=48,-32,-2512 maxp=127,47,-2433 blockseed=2231744537 plan_us=305655 writer_us=229566 total_us=535221 columns=6400 candidate_cells=49 candidates=1898 r5_runs=25661 result=applied_clq vm_get_emerged_area_calls=1 vm_get_emerged_area_us=2 vm_get_data_calls=1 vm_get_data_us=4070 vm_get_param2_data_calls=1 vm_get_param2_data_us=4071 vm_get_light_data_calls=2 vm_get_light_data_us=8142 vm_set_data_calls=1 vm_set_data_us=7213 vm_set_param2_data_calls=0 vm_set_param2_data_us=0 vm_set_lighting_calls=96 vm_set_lighting_us=89 vm_calc_lighting_calls=1 vm_calc_lighting_us=5314 vm_set_light_data_calls=1 vm_set_light_data_us=7036 vm_update_liquids_calls=1 vm_update_liquids_us=986
ACTION[Emerge-0]: GRUG_WP40_PROFILE_CALLBACK callback=28 minp=-112,48,-2512 maxp=-33,127,-2433 blockseed=2136013441 plan_us=168321 writer_us=41522 total_us=209843 columns=6400 candidate_cells=49 candidates=3155 r5_runs=6400 result=noop_equal_content vm_get_emerged_area_calls=1 vm_get_emerged_area_us=2 vm_get_data_calls=1 vm_get_data_us=3797 vm_get_param2_data_calls=1 vm_get_param2_data_us=3800 vm_get_light_data_calls=0 vm_get_light_data_us=0 vm_set_data_calls=0 vm_set_data_us=0 vm_set_param2_data_calls=0 vm_set_param2_data_us=0 vm_set_lighting_calls=0 vm_set_lighting_us=0 vm_calc_lighting_calls=0 vm_calc_lighting_us=0 vm_set_light_data_calls=0 vm_set_light_data_us=0 vm_update_liquids_calls=0 vm_update_liquids_us=0
ACTION[Emerge-0]: GRUG_WP40_PROFILE_CALLBACK callback=29 minp=-32,48,-2512 maxp=47,127,-2433 blockseed=3940567617 plan_us=120259 writer_us=41788 total_us=162047 columns=6400 candidate_cells=49 candidates=1658 r5_runs=6400 result=noop_equal_content vm_get_emerged_area_calls=1 vm_get_emerged_area_us=2 vm_get_data_calls=1 vm_get_data_us=4063 vm_get_param2_data_calls=1 vm_get_param2_data_us=4068 vm_get_light_data_calls=0 vm_get_light_data_us=0 vm_set_data_calls=0 vm_set_data_us=0 vm_set_param2_data_calls=0 vm_set_param2_data_us=0 vm_set_lighting_calls=0 vm_set_lighting_us=0 vm_calc_lighting_calls=0 vm_calc_lighting_us=0 vm_set_light_data_calls=0 vm_set_light_data_us=0 vm_update_liquids_calls=0 vm_update_liquids_us=0
ACTION[Emerge-0]: GRUG_WP40_PROFILE_CALLBACK callback=30 minp=48,48,-2512 maxp=127,127,-2433 blockseed=3606848129 plan_us=132560 writer_us=41619 total_us=174179 columns=6400 candidate_cells=49 candidates=1898 r5_runs=6400 result=noop_equal_content vm_get_emerged_area_calls=1 vm_get_emerged_area_us=2 vm_get_data_calls=1 vm_get_data_us=4089 vm_get_param2_data_calls=1 vm_get_param2_data_us=4081 vm_get_light_data_calls=0 vm_get_light_data_us=0 vm_set_data_calls=0 vm_set_data_us=0 vm_set_param2_data_calls=0 vm_set_param2_data_us=0 vm_set_lighting_calls=0 vm_set_lighting_us=0 vm_calc_lighting_calls=0 vm_calc_lighting_us=0 vm_set_light_data_calls=0 vm_set_light_data_us=0 vm_update_liquids_calls=0 vm_update_liquids_us=0
ACTION[Emerge-0]: [grug_core] start area ready: human (2/6, 29.8 s)
ACTION[Server]: [grug_mobs] start npcs dawnmere: grug_mobs:guard_accord placed at socket gate_west (-4,18,-2493)
ACTION[Server]: [grug_mobs] start npcs dawnmere: grug_mobs:guard_accord placed at socket gate_east (4,18,-2493)
ACTION[Server]: [grug_mobs] start npcs dawnmere: grug_mobs:guard_accord placed at socket watch_gate (0,18,-2498)
ACTION[Server]: [grug_mobs] start npcs dawnmere: grug_traders:vendor_race_human placed at socket green_vendor (6,18,-2554)
ACTION[Server]: [grug_mobs] start npcs dawnmere: grug_mobs:villager_human placed at socket idle_cottage_door (10,18,-2566)
ACTION[Server]: [grug_mobs] start npcs dawnmere: grug_mobs:villager_human placed at socket idle_green_bench (-6,18,-2543)
ACTION[Server]: [grug_mobs] start npcs dawnmere: grug_mobs:villager_human placed at socket idle_barn (-19,18,-2550)
ACTION[Server]: [grug_mobs] start npcs dawnmere: grug_mobs:villager_human placed at socket idle_smithy (22,18,-2551)
ACTION[Server]: [grug_mobs] start npcs dawnmere: grug_mobs:villager_human placed at socket work_field (18,18,-2519)
ACTION[Server]: [grug_mobs] start npcs dawnmere: grug_mobs:villager_human placed at socket work_green_seat (-5,18,-2535)
ACTION[Server]: [grug_mobs] start npcs dawnmere: grug_mobs:elder_human placed at socket hall_quest (-11,18,-2542)
ACTION[Server]: [grug_mobs] start npcs dawnmere: grug_mobs:villager_human placed at socket trainer_cooking (2,18,-2540)
ACTION[Server]: [grug_mobs] start npcs human dawnmere: guards 3/3 flair 7/7 vendor 1/1 quest 1/1 royal 0/0 new 12 pending 0 spare 3 residents 6 walkers 1
ACTION[Emerge-0]: GRUG_WP40_PROFILE_CALLBACK callback=31 minp=48,-32,2608 maxp=127,47,2687 blockseed=2694271519 plan_us=584342 writer_us=339837 total_us=924179 columns=6400 candidate_cells=49 candidates=3586 r5_runs=24625 result=applied_cplq vm_get_emerged_area_calls=1 vm_get_emerged_area_us=2 vm_get_data_calls=1 vm_get_data_us=4101 vm_get_param2_data_calls=1 vm_get_param2_data_us=4355 vm_get_light_data_calls=2 vm_get_light_data_us=8141 vm_set_data_calls=1 vm_set_data_us=7229 vm_set_param2_data_calls=1 vm_set_param2_data_us=7109 vm_set_lighting_calls=1 vm_set_lighting_us=127 vm_calc_lighting_calls=1 vm_calc_lighting_us=3006 vm_set_light_data_calls=1 vm_set_light_data_us=7042 vm_update_liquids_calls=1 vm_update_liquids_us=1002
ACTION[Emerge-0]: GRUG_WP40_PROFILE_PROBE phase=cold event=emerge case=owner_48:-32:2608 mapchunk=48,-32,2608 elapsed_us=30789725 generated=1 disk=0 memory=124 cancelled=0 errored=0
ACTION[Emerge-0]: GRUG_WP40_PROFILE_CALLBACK callback=32 minp=1728,-32,-2672 maxp=1807,47,-2593 blockseed=531517827 plan_us=521385 writer_us=284781 total_us=806166 columns=6400 candidate_cells=49 candidates=584 r5_runs=25600 result=applied_cplq vm_get_emerged_area_calls=1 vm_get_emerged_area_us=1 vm_get_data_calls=1 vm_get_data_us=4066 vm_get_param2_data_calls=1 vm_get_param2_data_us=4067 vm_get_light_data_calls=2 vm_get_light_data_us=8134 vm_set_data_calls=1 vm_set_data_us=7215 vm_set_param2_data_calls=1 vm_set_param2_data_us=7099 vm_set_lighting_calls=1 vm_set_lighting_us=128 vm_calc_lighting_calls=1 vm_calc_lighting_us=3729 vm_set_light_data_calls=1 vm_set_light_data_us=7031 vm_update_liquids_calls=1 vm_update_liquids_us=957
ACTION[Emerge-0]: GRUG_WP40_PROFILE_CALLBACK callback=33 minp=1808,-32,-2672 maxp=1887,47,-2593 blockseed=3863239555 plan_us=386019 writer_us=264827 total_us=650846 columns=6400 candidate_cells=49 candidates=636 r5_runs=25600 result=applied_cplq vm_get_emerged_area_calls=1 vm_get_emerged_area_us=2 vm_get_data_calls=1 vm_get_data_us=4064 vm_get_param2_data_calls=1 vm_get_param2_data_us=4391 vm_get_light_data_calls=2 vm_get_light_data_us=8136 vm_set_data_calls=1 vm_set_data_us=7217 vm_set_param2_data_calls=1 vm_set_param2_data_us=7102 vm_set_lighting_calls=1 vm_set_lighting_us=102 vm_calc_lighting_calls=1 vm_calc_lighting_us=4196 vm_set_light_data_calls=1 vm_set_light_data_us=7035 vm_update_liquids_calls=1 vm_update_liquids_us=969
ACTION[Emerge-0]: GRUG_WP40_PROFILE_CALLBACK callback=34 minp=1728,48,-2672 maxp=1807,127,-2593 blockseed=1176672465 plan_us=139549 writer_us=40192 total_us=179741 columns=6400 candidate_cells=49 candidates=584 r5_runs=6400 result=noop_equal_content vm_get_emerged_area_calls=1 vm_get_emerged_area_us=3 vm_get_data_calls=1 vm_get_data_us=3796 vm_get_param2_data_calls=1 vm_get_param2_data_us=3796 vm_get_light_data_calls=0 vm_get_light_data_us=0 vm_set_data_calls=0 vm_set_data_us=0 vm_set_param2_data_calls=0 vm_set_param2_data_us=0 vm_set_lighting_calls=0 vm_set_lighting_us=0 vm_calc_lighting_calls=0 vm_calc_lighting_us=0 vm_set_light_data_calls=0 vm_set_light_data_us=0 vm_update_liquids_calls=0 vm_update_liquids_us=0
ACTION[Emerge-0]: GRUG_WP40_PROFILE_CALLBACK callback=35 minp=1808,48,-2672 maxp=1887,127,-2593 blockseed=1474394833 plan_us=129402 writer_us=41351 total_us=170753 columns=6400 candidate_cells=49 candidates=636 r5_runs=6400 result=noop_equal_content vm_get_emerged_area_calls=1 vm_get_emerged_area_us=2 vm_get_data_calls=1 vm_get_data_us=4066 vm_get_param2_data_calls=1 vm_get_param2_data_us=4066 vm_get_light_data_calls=0 vm_get_light_data_us=0 vm_set_data_calls=0 vm_set_data_us=0 vm_set_param2_data_calls=0 vm_set_param2_data_us=0 vm_set_lighting_calls=0 vm_set_lighting_us=0 vm_calc_lighting_calls=0 vm_calc_lighting_us=0 vm_set_light_data_calls=0 vm_set_light_data_us=0 vm_update_liquids_calls=0 vm_update_liquids_us=0
ACTION[Emerge-0]: GRUG_WP40_PROFILE_CALLBACK callback=36 minp=1728,-32,-2592 maxp=1807,47,-2513 blockseed=2502033521 plan_us=349322 writer_us=231709 total_us=581031 columns=6400 candidate_cells=49 candidates=164 r5_runs=25600 result=applied_cplq vm_get_emerged_area_calls=1 vm_get_emerged_area_us=2 vm_get_data_calls=1 vm_get_data_us=4066 vm_get_param2_data_calls=1 vm_get_param2_data_us=4068 vm_get_light_data_calls=2 vm_get_light_data_us=8143 vm_set_data_calls=1 vm_set_data_us=7213 vm_set_param2_data_calls=1 vm_set_param2_data_us=7097 vm_set_lighting_calls=16 vm_set_lighting_us=145 vm_calc_lighting_calls=1 vm_calc_lighting_us=6448 vm_set_light_data_calls=1 vm_set_light_data_us=7035 vm_update_liquids_calls=1 vm_update_liquids_us=960
ACTION[Emerge-0]: GRUG_WP40_PROFILE_CALLBACK callback=37 minp=1808,-32,-2592 maxp=1887,47,-2513 blockseed=4271983665 plan_us=281021 writer_us=217094 total_us=498115 columns=6400 candidate_cells=49 candidates=258 r5_runs=25600 result=applied_cplq vm_get_emerged_area_calls=1 vm_get_emerged_area_us=1 vm_get_data_calls=1 vm_get_data_us=4064 vm_get_param2_data_calls=1 vm_get_param2_data_us=4068 vm_get_light_data_calls=2 vm_get_light_data_us=8677 vm_set_data_calls=1 vm_set_data_us=7215 vm_set_param2_data_calls=1 vm_set_param2_data_us=7138 vm_set_lighting_calls=16 vm_set_lighting_us=123 vm_calc_lighting_calls=1 vm_calc_lighting_us=6811 vm_set_light_data_calls=1 vm_set_light_data_us=7035 vm_update_liquids_calls=1 vm_update_liquids_us=997
ACTION[Emerge-0]: GRUG_WP40_PROFILE_CALLBACK callback=38 minp=1728,48,-2592 maxp=1807,127,-2513 blockseed=1520138433 plan_us=97197 writer_us=40376 total_us=137573 columns=6400 candidate_cells=49 candidates=164 r5_runs=6400 result=noop_equal_content vm_get_emerged_area_calls=1 vm_get_emerged_area_us=1 vm_get_data_calls=1 vm_get_data_us=3795 vm_get_param2_data_calls=1 vm_get_param2_data_us=3793 vm_get_light_data_calls=0 vm_get_light_data_us=0 vm_set_data_calls=0 vm_set_data_us=0 vm_set_param2_data_calls=0 vm_set_param2_data_us=0 vm_set_lighting_calls=0 vm_set_lighting_us=0 vm_calc_lighting_calls=0 vm_calc_lighting_us=0 vm_set_light_data_calls=0 vm_set_light_data_us=0 vm_update_liquids_calls=0 vm_update_liquids_us=0
ACTION[Emerge-0]: GRUG_WP40_PROFILE_CALLBACK callback=39 minp=1808,48,-2592 maxp=1887,127,-2513 blockseed=3325787137 plan_us=98658 writer_us=41415 total_us=140073 columns=6400 candidate_cells=49 candidates=258 r5_runs=6400 result=noop_equal_content vm_get_emerged_area_calls=1 vm_get_emerged_area_us=2 vm_get_data_calls=1 vm_get_data_us=4073 vm_get_param2_data_calls=1 vm_get_param2_data_us=4123 vm_get_light_data_calls=0 vm_get_light_data_us=0 vm_set_data_calls=0 vm_set_data_us=0 vm_set_param2_data_calls=0 vm_set_param2_data_us=0 vm_set_lighting_calls=0 vm_set_lighting_us=0 vm_calc_lighting_calls=0 vm_calc_lighting_us=0 vm_set_light_data_calls=0 vm_set_light_data_us=0 vm_update_liquids_calls=0 vm_update_liquids_us=0
ACTION[Emerge-0]: GRUG_WP40_PROFILE_CALLBACK callback=40 minp=1728,-32,-2512 maxp=1807,47,-2433 blockseed=1028341473 plan_us=401351 writer_us=239771 total_us=641122 columns=6400 candidate_cells=49 candidates=477 r5_runs=25600 result=applied_cplq vm_get_emerged_area_calls=1 vm_get_emerged_area_us=2 vm_get_data_calls=1 vm_get_data_us=4087 vm_get_param2_data_calls=1 vm_get_param2_data_us=4082 vm_get_light_data_calls=2 vm_get_light_data_us=8721 vm_set_data_calls=1 vm_set_data_us=7535 vm_set_param2_data_calls=1 vm_set_param2_data_us=7450 vm_set_lighting_calls=16 vm_set_lighting_us=150 vm_calc_lighting_calls=1 vm_calc_lighting_us=6084 vm_set_light_data_calls=1 vm_set_light_data_us=7337 vm_update_liquids_calls=1 vm_update_liquids_us=1095
ACTION[Emerge-0]: GRUG_WP40_PROFILE_CALLBACK callback=41 minp=1808,-32,-2512 maxp=1887,47,-2433 blockseed=3301998945 plan_us=312825 writer_us=234872 total_us=547697 columns=6400 candidate_cells=49 candidates=508 r5_runs=25600 result=applied_cplq vm_get_emerged_area_calls=1 vm_get_emerged_area_us=2 vm_get_data_calls=1 vm_get_data_us=4079 vm_get_param2_data_calls=1 vm_get_param2_data_us=4074 vm_get_light_data_calls=2 vm_get_light_data_us=8717 vm_set_data_calls=1 vm_set_data_us=7242 vm_set_param2_data_calls=1 vm_set_param2_data_us=7187 vm_set_lighting_calls=16 vm_set_lighting_us=118 vm_calc_lighting_calls=1 vm_calc_lighting_us=6036 vm_set_light_data_calls=1 vm_set_light_data_us=7070 vm_update_liquids_calls=1 vm_update_liquids_us=973
ACTION[Emerge-0]: GRUG_WP40_PROFILE_CALLBACK callback=42 minp=1728,48,-2512 maxp=1807,127,-2433 blockseed=3670819657 plan_us=131859 writer_us=116488 total_us=248347 columns=6400 candidate_cells=49 candidates=477 r5_runs=6400 result=applied_clq vm_get_emerged_area_calls=1 vm_get_emerged_area_us=2 vm_get_data_calls=1 vm_get_data_us=4124 vm_get_param2_data_calls=1 vm_get_param2_data_us=3927 vm_get_light_data_calls=2 vm_get_light_data_us=8155 vm_set_data_calls=1 vm_set_data_us=6973 vm_set_param2_data_calls=0 vm_set_param2_data_us=0 vm_set_lighting_calls=1 vm_set_lighting_us=126 vm_calc_lighting_calls=1 vm_calc_lighting_us=12293 vm_set_light_data_calls=1 vm_set_light_data_us=6819 vm_update_liquids_calls=1 vm_update_liquids_us=900
ACTION[Emerge-0]: GRUG_WP40_PROFILE_CALLBACK callback=43 minp=1808,48,-2512 maxp=1887,127,-2433 blockseed=3607480137 plan_us=121856 writer_us=91637 total_us=213493 columns=6400 candidate_cells=49 candidates=508 r5_runs=6400 result=applied_cl vm_get_emerged_area_calls=1 vm_get_emerged_area_us=2 vm_get_data_calls=1 vm_get_data_us=3813 vm_get_param2_data_calls=1 vm_get_param2_data_us=3808 vm_get_light_data_calls=2 vm_get_light_data_us=9253 vm_set_data_calls=1 vm_set_data_us=6977 vm_set_param2_data_calls=0 vm_set_param2_data_us=0 vm_set_lighting_calls=60 vm_set_lighting_us=34 vm_calc_lighting_calls=1 vm_calc_lighting_us=12821 vm_set_light_data_calls=1 vm_set_light_data_us=6779 vm_update_liquids_calls=0 vm_update_liquids_us=0
ACTION[Emerge-0]: [grug_core] start area ready: elf (3/6, 36.0 s)
ACTION[Server]: [grug_mobs] start npcs silverleaf: grug_mobs:guard_accord placed at socket gate_west (1796,22,-2493)
ACTION[Server]: [grug_mobs] start npcs silverleaf: grug_mobs:guard_accord placed at socket gate_east (1804,22,-2493)
ACTION[Server]: [grug_mobs] start npcs silverleaf: grug_mobs:guard_accord placed at socket watch_gate (1800,22,-2498)
ACTION[Server]: [grug_mobs] start npcs silverleaf: grug_traders:vendor_race_elf placed at socket court_vendor (1807,22,-2554)
ACTION[Server]: [grug_mobs] start npcs silverleaf: grug_mobs:villager_elf placed at socket idle_shrine_door (1779,22,-2534)
ACTION[Server]: [grug_mobs] start npcs silverleaf: grug_mobs:villager_elf placed at socket idle_court_bench (1793,22,-2545)
ACTION[Server]: [grug_mobs] start npcs silverleaf: grug_mobs:villager_elf placed at socket idle_bowyer (1828,22,-2551)
ACTION[Server]: [grug_mobs] start npcs silverleaf: grug_mobs:villager_elf placed at socket idle_market (1769,22,-2550)
ACTION[Server]: [grug_mobs] start npcs silverleaf: grug_mobs:villager_elf placed at socket work_planters (1804,22,-2539)
ACTION[Server]: [grug_mobs] start npcs silverleaf: grug_mobs:villager_elf placed at socket work_market (1767,22,-2545)
ACTION[Server]: [grug_mobs] start npcs silverleaf: grug_mobs:elder_elf placed at socket hall_quest (1820,22,-2536)
ACTION[Server]: [grug_mobs] start npcs silverleaf: grug_mobs:villager_elf placed at socket trainer_cooking (1802,22,-2540)
ACTION[Server]: [grug_mobs] start npcs elf silverleaf: guards 3/3 flair 7/7 vendor 1/1 quest 1/1 royal 0/0 new 12 pending 0 spare 3 residents 6 walkers 1
ACTION[Emerge-0]: GRUG_WP40_PROFILE_CALLBACK callback=44 minp=-1872,-32,2448 maxp=-1793,47,2527 blockseed=3438686605 plan_us=578269 writer_us=251436 total_us=829705 columns=6400 candidate_cells=49 candidates=110 r5_runs=6400 result=applied_clq vm_get_emerged_area_calls=1 vm_get_emerged_area_us=2 vm_get_data_calls=1 vm_get_data_us=4347 vm_get_param2_data_calls=1 vm_get_param2_data_us=4353 vm_get_light_data_calls=2 vm_get_light_data_us=8722 vm_set_data_calls=1 vm_set_data_us=7258 vm_set_param2_data_calls=0 vm_set_param2_data_us=0 vm_set_lighting_calls=1 vm_set_lighting_us=123 vm_calc_lighting_calls=1 vm_calc_lighting_us=831 vm_set_light_data_calls=1 vm_set_light_data_us=7076 vm_update_liquids_calls=1 vm_update_liquids_us=957
ACTION[Emerge-0]: GRUG_WP40_PROFILE_CALLBACK callback=45 minp=-1792,-32,2448 maxp=-1713,47,2527 blockseed=693882809 plan_us=724877 writer_us=247221 total_us=972098 columns=6400 candidate_cells=49 candidates=133 r5_runs=6400 result=applied_clq vm_get_emerged_area_calls=1 vm_get_emerged_area_us=2 vm_get_data_calls=1 vm_get_data_us=4105 vm_get_param2_data_calls=1 vm_get_param2_data_us=4079 vm_get_light_data_calls=2 vm_get_light_data_us=7940 vm_set_data_calls=1 vm_set_data_us=7317 vm_set_param2_data_calls=0 vm_set_param2_data_us=0 vm_set_lighting_calls=1 vm_set_lighting_us=158 vm_calc_lighting_calls=1 vm_calc_lighting_us=980 vm_set_light_data_calls=1 vm_set_light_data_us=7062 vm_update_liquids_calls=1 vm_update_liquids_us=986
ACTION[Emerge-0]: GRUG_WP40_PROFILE_CALLBACK callback=46 minp=-1872,48,2448 maxp=-1793,127,2527 blockseed=3675838547 plan_us=158319 writer_us=288087 total_us=446406 columns=6400 candidate_cells=49 candidates=110 r5_runs=25600 result=applied_cplq vm_get_emerged_area_calls=1 vm_get_emerged_area_us=3 vm_get_data_calls=1 vm_get_data_us=3876 vm_get_param2_data_calls=1 vm_get_param2_data_us=3861 vm_get_light_data_calls=2 vm_get_light_data_us=8250 vm_set_data_calls=1 vm_set_data_us=6995 vm_set_param2_data_calls=1 vm_set_param2_data_us=6863 vm_set_lighting_calls=81 vm_set_lighting_us=215 vm_calc_lighting_calls=1 vm_calc_lighting_us=7543 vm_set_light_data_calls=1 vm_set_light_data_us=6800 vm_update_liquids_calls=1 vm_update_liquids_us=948
ACTION[Emerge-0]: GRUG_WP40_PROFILE_CALLBACK callback=47 minp=-1792,48,2448 maxp=-1713,127,2527 blockseed=1681576073 plan_us=150443 writer_us=205693 total_us=356136 columns=6400 candidate_cells=49 candidates=133 r5_runs=25600 result=applied_cplq vm_get_emerged_area_calls=1 vm_get_emerged_area_us=2 vm_get_data_calls=1 vm_get_data_us=3818 vm_get_param2_data_calls=1 vm_get_param2_data_us=3809 vm_get_light_data_calls=2 vm_get_light_data_us=7623 vm_set_data_calls=1 vm_set_data_us=7249 vm_set_param2_data_calls=1 vm_set_param2_data_us=7151 vm_set_lighting_calls=81 vm_set_lighting_us=376 vm_calc_lighting_calls=1 vm_calc_lighting_us=8866 vm_set_light_data_calls=1 vm_set_light_data_us=7070 vm_update_liquids_calls=1 vm_update_liquids_us=959
ACTION[Emerge-0]: GRUG_WP40_PROFILE_CALLBACK callback=48 minp=-1872,128,2448 maxp=-1793,207,2527 blockseed=232134273 plan_us=129803 writer_us=44661 total_us=174464 columns=6400 candidate_cells=49 candidates=110 r5_runs=6400 result=noop_equal_content vm_get_emerged_area_calls=1 vm_get_emerged_area_us=15 vm_get_data_calls=1 vm_get_data_us=3816 vm_get_param2_data_calls=1 vm_get_param2_data_us=3805 vm_get_light_data_calls=0 vm_get_light_data_us=0 vm_set_data_calls=0 vm_set_data_us=0 vm_set_param2_data_calls=0 vm_set_param2_data_us=0 vm_set_lighting_calls=0 vm_set_lighting_us=0 vm_calc_lighting_calls=0 vm_calc_lighting_us=0 vm_set_light_data_calls=0 vm_set_light_data_us=0 vm_update_liquids_calls=0 vm_update_liquids_us=0
ACTION[Emerge-0]: GRUG_WP40_PROFILE_CALLBACK callback=49 minp=-1792,128,2448 maxp=-1713,207,2527 blockseed=4293727921 plan_us=148576 writer_us=46109 total_us=194685 columns=6400 candidate_cells=49 candidates=133 r5_runs=6400 result=noop_equal_content vm_get_emerged_area_calls=1 vm_get_emerged_area_us=1 vm_get_data_calls=1 vm_get_data_us=4381 vm_get_param2_data_calls=1 vm_get_param2_data_us=4351 vm_get_light_data_calls=0 vm_get_light_data_us=0 vm_set_data_calls=0 vm_set_data_us=0 vm_set_param2_data_calls=0 vm_set_param2_data_us=0 vm_set_lighting_calls=0 vm_set_lighting_us=0 vm_calc_lighting_calls=0 vm_calc_lighting_us=0 vm_set_light_data_calls=0 vm_set_light_data_us=0 vm_update_liquids_calls=0 vm_update_liquids_us=0
ACTION[Emerge-0]: GRUG_WP40_PROFILE_CALLBACK callback=50 minp=-1872,-32,2528 maxp=-1793,47,2607 blockseed=4017669865 plan_us=473430 writer_us=260653 total_us=734083 columns=6400 candidate_cells=49 candidates=55 r5_runs=6400 result=applied_clq vm_get_emerged_area_calls=1 vm_get_emerged_area_us=2 vm_get_data_calls=1 vm_get_data_us=4091 vm_get_param2_data_calls=1 vm_get_param2_data_us=4072 vm_get_light_data_calls=2 vm_get_light_data_us=8667 vm_set_data_calls=1 vm_set_data_us=7236 vm_set_param2_data_calls=0 vm_set_param2_data_us=0 vm_set_lighting_calls=34 vm_set_lighting_us=230 vm_calc_lighting_calls=1 vm_calc_lighting_us=1458 vm_set_light_data_calls=1 vm_set_light_data_us=7047 vm_update_liquids_calls=1 vm_update_liquids_us=1005
ACTION[Emerge-0]: GRUG_WP40_PROFILE_CALLBACK callback=51 minp=-1792,-32,2528 maxp=-1713,47,2607 blockseed=158761833 plan_us=348517 writer_us=247307 total_us=595824 columns=6400 candidate_cells=49 candidates=86 r5_runs=6400 result=applied_clq vm_get_emerged_area_calls=1 vm_get_emerged_area_us=3 vm_get_data_calls=1 vm_get_data_us=4058 vm_get_param2_data_calls=1 vm_get_param2_data_us=4064 vm_get_light_data_calls=2 vm_get_light_data_us=7599 vm_set_data_calls=1 vm_set_data_us=7486 vm_set_param2_data_calls=0 vm_set_param2_data_us=0 vm_set_lighting_calls=28 vm_set_lighting_us=124 vm_calc_lighting_calls=1 vm_calc_lighting_us=1570 vm_set_light_data_calls=1 vm_set_light_data_us=7299 vm_update_liquids_calls=1 vm_update_liquids_us=1016
ACTION[Emerge-0]: GRUG_WP40_PROFILE_CALLBACK callback=52 minp=-1872,48,2528 maxp=-1793,127,2607 blockseed=1186318033 plan_us=100078 writer_us=169670 total_us=269748 columns=6400 candidate_cells=49 candidates=55 r5_runs=25600 result=applied_cplq vm_get_emerged_area_calls=1 vm_get_emerged_area_us=2 vm_get_data_calls=1 vm_get_data_us=3792 vm_get_param2_data_calls=1 vm_get_param2_data_us=3795 vm_get_light_data_calls=2 vm_get_light_data_us=7590 vm_set_data_calls=1 vm_set_data_us=7484 vm_set_param2_data_calls=1 vm_set_param2_data_us=7369 vm_set_lighting_calls=96 vm_set_lighting_us=105 vm_calc_lighting_calls=1 vm_calc_lighting_us=9974 vm_set_light_data_calls=1 vm_set_light_data_us=7320 vm_update_liquids_calls=1 vm_update_liquids_us=959
ACTION[Emerge-0]: GRUG_WP40_PROFILE_CALLBACK callback=53 minp=-1792,48,2528 maxp=-1713,127,2607 blockseed=3372141265 plan_us=115816 writer_us=186907 total_us=302723 columns=6400 candidate_cells=49 candidates=86 r5_runs=25600 result=applied_cplq vm_get_emerged_area_calls=1 vm_get_emerged_area_us=2 vm_get_data_calls=1 vm_get_data_us=3798 vm_get_param2_data_calls=1 vm_get_param2_data_us=3793 vm_get_light_data_calls=2 vm_get_light_data_us=7599 vm_set_data_calls=1 vm_set_data_us=7482 vm_set_param2_data_calls=1 vm_set_param2_data_us=7358 vm_set_lighting_calls=96 vm_set_lighting_us=104 vm_calc_lighting_calls=1 vm_calc_lighting_us=11301 vm_set_light_data_calls=1 vm_set_light_data_us=7323 vm_update_liquids_calls=1 vm_update_liquids_us=953
ACTION[Emerge-0]: GRUG_WP40_PROFILE_CALLBACK callback=54 minp=-1872,128,2528 maxp=-1793,207,2607 blockseed=2033322337 plan_us=98592 writer_us=43070 total_us=141662 columns=6400 candidate_cells=49 candidates=55 r5_runs=6400 result=noop_equal_content vm_get_emerged_area_calls=1 vm_get_emerged_area_us=9 vm_get_data_calls=1 vm_get_data_us=3798 vm_get_param2_data_calls=1 vm_get_param2_data_us=3796 vm_get_light_data_calls=0 vm_get_light_data_us=0 vm_set_data_calls=0 vm_set_data_us=0 vm_set_param2_data_calls=0 vm_set_param2_data_us=0 vm_set_lighting_calls=0 vm_set_lighting_us=0 vm_calc_lighting_calls=0 vm_calc_lighting_us=0 vm_set_light_data_calls=0 vm_set_light_data_us=0 vm_update_liquids_calls=0 vm_update_liquids_us=0
ACTION[Emerge-0]: GRUG_WP40_PROFILE_CALLBACK callback=55 minp=-1792,128,2528 maxp=-1713,207,2607 blockseed=1839709665 plan_us=115835 writer_us=43367 total_us=159202 columns=6400 candidate_cells=49 candidates=86 r5_runs=6400 result=noop_equal_content vm_get_emerged_area_calls=1 vm_get_emerged_area_us=2 vm_get_data_calls=1 vm_get_data_us=3794 vm_get_param2_data_calls=1 vm_get_param2_data_us=3791 vm_get_light_data_calls=0 vm_get_light_data_us=0 vm_set_data_calls=0 vm_set_data_us=0 vm_set_param2_data_calls=0 vm_set_param2_data_us=0 vm_set_lighting_calls=0 vm_set_lighting_us=0 vm_calc_lighting_calls=0 vm_calc_lighting_us=0 vm_set_light_data_calls=0 vm_set_light_data_us=0 vm_update_liquids_calls=0 vm_update_liquids_us=0
ACTION[Emerge-0]: GRUG_WP40_PROFILE_CALLBACK callback=56 minp=-1872,-32,2608 maxp=-1793,47,2687 blockseed=2533785649 plan_us=441216 writer_us=373532 total_us=814748 columns=6400 candidate_cells=49 candidates=195 r5_runs=7316 result=applied_cplq vm_get_emerged_area_calls=1 vm_get_emerged_area_us=2 vm_get_data_calls=1 vm_get_data_us=4070 vm_get_param2_data_calls=1 vm_get_param2_data_us=4067 vm_get_light_data_calls=2 vm_get_light_data_us=8671 vm_set_data_calls=1 vm_set_data_us=7216 vm_set_param2_data_calls=1 vm_set_param2_data_us=7102 vm_set_lighting_calls=20 vm_set_lighting_us=91 vm_calc_lighting_calls=1 vm_calc_lighting_us=1482 vm_set_light_data_calls=1 vm_set_light_data_us=7307 vm_update_liquids_calls=1 vm_update_liquids_us=1011
ACTION[Emerge-0]: GRUG_WP40_PROFILE_CALLBACK callback=57 minp=-1792,-32,2608 maxp=-1713,47,2687 blockseed=1356997617 plan_us=356393 writer_us=302756 total_us=659149 columns=6400 candidate_cells=49 candidates=203 r5_runs=6407 result=applied_clq vm_get_emerged_area_calls=1 vm_get_emerged_area_us=2 vm_get_data_calls=1 vm_get_data_us=4538 vm_get_param2_data_calls=1 vm_get_param2_data_us=4060 vm_get_light_data_calls=2 vm_get_light_data_us=8149 vm_set_data_calls=1 vm_set_data_us=7231 vm_set_param2_data_calls=0 vm_set_param2_data_us=0 vm_set_lighting_calls=16 vm_set_lighting_us=96 vm_calc_lighting_calls=1 vm_calc_lighting_us=1420 vm_set_light_data_calls=1 vm_set_light_data_us=7051 vm_update_liquids_calls=1 vm_update_liquids_us=1180
ACTION[Emerge-0]: GRUG_WP40_PROFILE_CALLBACK callback=58 minp=-1872,48,2608 maxp=-1793,127,2687 blockseed=4210826753 plan_us=131081 writer_us=179481 total_us=310562 columns=6400 candidate_cells=49 candidates=195 r5_runs=23071 result=applied_cplq vm_get_emerged_area_calls=1 vm_get_emerged_area_us=2 vm_get_data_calls=1 vm_get_data_us=4087 vm_get_param2_data_calls=1 vm_get_param2_data_us=4109 vm_get_light_data_calls=2 vm_get_light_data_us=7599 vm_set_data_calls=1 vm_set_data_us=6956 vm_set_param2_data_calls=1 vm_set_param2_data_us=6842 vm_set_lighting_calls=96 vm_set_lighting_us=106 vm_calc_lighting_calls=1 vm_calc_lighting_us=9304 vm_set_light_data_calls=1 vm_set_light_data_us=6778 vm_update_liquids_calls=1 vm_update_liquids_us=940
ACTION[Emerge-0]: GRUG_WP40_PROFILE_CALLBACK callback=59 minp=-1792,48,2608 maxp=-1713,127,2687 blockseed=3846021825 plan_us=142683 writer_us=200200 total_us=342883 columns=6400 candidate_cells=49 candidates=203 r5_runs=24315 result=applied_cplq vm_get_emerged_area_calls=1 vm_get_emerged_area_us=1 vm_get_data_calls=1 vm_get_data_us=3792 vm_get_param2_data_calls=1 vm_get_param2_data_us=3801 vm_get_light_data_calls=2 vm_get_light_data_us=7598 vm_set_data_calls=1 vm_set_data_us=7225 vm_set_param2_data_calls=1 vm_set_param2_data_us=7116 vm_set_lighting_calls=96 vm_set_lighting_us=109 vm_calc_lighting_calls=1 vm_calc_lighting_us=10607 vm_set_light_data_calls=1 vm_set_light_data_us=7067 vm_update_liquids_calls=1 vm_update_liquids_us=952
ACTION[Emerge-0]: GRUG_WP40_PROFILE_CALLBACK callback=60 minp=-1872,128,2608 maxp=-1793,207,2687 blockseed=686784297 plan_us=130876 writer_us=51106 total_us=181982 columns=6400 candidate_cells=49 candidates=195 r5_runs=6400 result=noop_equal_content vm_get_emerged_area_calls=1 vm_get_emerged_area_us=6 vm_get_data_calls=1 vm_get_data_us=3944 vm_get_param2_data_calls=1 vm_get_param2_data_us=3833 vm_get_light_data_calls=0 vm_get_light_data_us=0 vm_set_data_calls=0 vm_set_data_us=0 vm_set_param2_data_calls=0 vm_set_param2_data_us=0 vm_set_lighting_calls=0 vm_set_lighting_us=0 vm_calc_lighting_calls=0 vm_calc_lighting_us=0 vm_set_light_data_calls=0 vm_set_light_data_us=0 vm_update_liquids_calls=0 vm_update_liquids_us=0
ACTION[Emerge-0]: GRUG_WP40_PROFILE_CALLBACK callback=61 minp=-1792,128,2608 maxp=-1713,207,2687 blockseed=316424297 plan_us=142136 writer_us=53465 total_us=195601 columns=6400 candidate_cells=49 candidates=203 r5_runs=6400 result=noop_equal_content vm_get_emerged_area_calls=1 vm_get_emerged_area_us=2 vm_get_data_calls=1 vm_get_data_us=3793 vm_get_param2_data_calls=1 vm_get_param2_data_us=3802 vm_get_light_data_calls=0 vm_get_light_data_us=0 vm_set_data_calls=0 vm_set_data_us=0 vm_set_param2_data_calls=0 vm_set_param2_data_us=0 vm_set_lighting_calls=0 vm_set_lighting_us=0 vm_calc_lighting_calls=0 vm_calc_lighting_us=0 vm_set_light_data_calls=0 vm_set_light_data_us=0 vm_update_liquids_calls=0 vm_update_liquids_us=0
ACTION[Emerge-0]: [grug_core] start area ready: undead (4/6, 44.2 s)
ACTION[Server]: [grug_mobs] start npcs stillgrave: grug_mobs:guard_throng placed at socket gate_west (-1804,55,2494)
ACTION[Server]: [grug_mobs] start npcs stillgrave: grug_mobs:guard_throng placed at socket gate_east (-1796,55,2494)
ACTION[Server]: [grug_mobs] start npcs stillgrave: grug_mobs:guard_throng placed at socket watch_gate (-1800,55,2498)
ACTION[Server]: [grug_mobs] start npcs stillgrave: grug_traders:vendor_race_undead placed at socket court_vendor (-1793,55,2545)
ACTION[Server]: [grug_mobs] start npcs stillgrave: grug_mobs:villager_undead placed at socket idle_warden_door (-1813,55,2582)
ACTION[Server]: [grug_mobs] start npcs stillgrave: grug_mobs:villager_undead placed at socket idle_court_settle (-1810,55,2554)
ACTION[Server]: [grug_mobs] start npcs stillgrave: grug_mobs:villager_undead placed at socket idle_bone_works (-1778,55,2549)
ACTION[Server]: [grug_mobs] start npcs stillgrave: grug_mobs:villager_undead placed at socket idle_gate_brazier (-1805,55,2493)
ACTION[Server]: [grug_mobs] start npcs stillgrave: grug_mobs:villager_undead placed at socket work_gravewood (-1790,55,2544)
ACTION[Server]: [grug_mobs] start npcs stillgrave: grug_mobs:villager_undead placed at socket work_blightbed (-1822,55,2542)
ACTION[Server]: [grug_mobs] start npcs stillgrave: grug_mobs:elder_undead placed at socket hall_quest (-1798,55,2560)
ACTION[Server]: [grug_mobs] start npcs stillgrave: grug_mobs:villager_undead placed at socket trainer_cooking (-1798,55,2540)
ACTION[Server]: [grug_mobs] start npcs undead stillgrave: guards 3/3 flair 7/7 vendor 1/1 quest 1/1 royal 0/0 new 12 pending 0 spare 3 residents 6 walkers 1
ACTION[Emerge-0]: GRUG_WP40_PROFILE_CALLBACK callback=62 minp=48,-32,2528 maxp=127,47,2607 blockseed=934311921 plan_us=584902 writer_us=288559 total_us=873461 columns=6400 candidate_cells=49 candidates=2698 r5_runs=25503 result=applied_cplq vm_get_emerged_area_calls=1 vm_get_emerged_area_us=3 vm_get_data_calls=1 vm_get_data_us=4085 vm_get_param2_data_calls=1 vm_get_param2_data_us=4104 vm_get_light_data_calls=2 vm_get_light_data_us=8127 vm_set_data_calls=1 vm_set_data_us=7254 vm_set_param2_data_calls=1 vm_set_param2_data_us=7091 vm_set_lighting_calls=1 vm_set_lighting_us=103 vm_calc_lighting_calls=1 vm_calc_lighting_us=3544 vm_set_light_data_calls=1 vm_set_light_data_us=7308 vm_update_liquids_calls=1 vm_update_liquids_us=979
ACTION[Emerge-0]: GRUG_WP40_PROFILE_PROBE phase=cold event=emerge case=owner_48:-32:2528 mapchunk=48,-32,2528 elapsed_us=14308385 generated=1 disk=0 memory=124 cancelled=0 errored=0
ACTION[Emerge-0]: GRUG_WP40_PROFILE_CALLBACK callback=63 minp=-112,-32,2448 maxp=-33,47,2527 blockseed=1182291649 plan_us=553564 writer_us=290145 total_us=843709 columns=6400 candidate_cells=49 candidates=2837 r5_runs=25600 result=applied_cplq vm_get_emerged_area_calls=1 vm_get_emerged_area_us=2 vm_get_data_calls=1 vm_get_data_us=4078 vm_get_param2_data_calls=1 vm_get_param2_data_us=4060 vm_get_light_data_calls=2 vm_get_light_data_us=8673 vm_set_data_calls=1 vm_set_data_us=7226 vm_set_param2_data_calls=1 vm_set_param2_data_us=7094 vm_set_lighting_calls=1 vm_set_lighting_us=73 vm_calc_lighting_calls=1 vm_calc_lighting_us=3172 vm_set_light_data_calls=1 vm_set_light_data_us=7024 vm_update_liquids_calls=1 vm_update_liquids_us=957
ACTION[Emerge-0]: GRUG_WP40_PROFILE_CALLBACK callback=64 minp=-32,-32,2448 maxp=47,47,2527 blockseed=274748545 plan_us=336705 writer_us=282635 total_us=619340 columns=6400 candidate_cells=49 candidates=1538 r5_runs=25600 result=applied_cplq vm_get_emerged_area_calls=1 vm_get_emerged_area_us=2 vm_get_data_calls=1 vm_get_data_us=4110 vm_get_param2_data_calls=1 vm_get_param2_data_us=4084 vm_get_light_data_calls=2 vm_get_light_data_us=8121 vm_set_data_calls=1 vm_set_data_us=7508 vm_set_param2_data_calls=1 vm_set_param2_data_us=7423 vm_set_lighting_calls=1 vm_set_lighting_us=87 vm_calc_lighting_calls=1 vm_calc_lighting_us=4313 vm_set_light_data_calls=1 vm_set_light_data_us=7293 vm_update_liquids_calls=1 vm_update_liquids_us=961
ACTION[Emerge-0]: GRUG_WP40_PROFILE_CALLBACK callback=65 minp=48,-32,2448 maxp=127,47,2527 blockseed=1694184257 plan_us=407423 writer_us=295094 total_us=702517 columns=6400 candidate_cells=49 candidates=3137 r5_runs=25474 result=applied_cplq vm_get_emerged_area_calls=1 vm_get_emerged_area_us=3 vm_get_data_calls=1 vm_get_data_us=4067 vm_get_param2_data_calls=1 vm_get_param2_data_us=4117 vm_get_light_data_calls=2 vm_get_light_data_us=8681 vm_set_data_calls=1 vm_set_data_us=7487 vm_set_param2_data_calls=1 vm_set_param2_data_us=7417 vm_set_lighting_calls=1 vm_set_lighting_us=107 vm_calc_lighting_calls=1 vm_calc_lighting_us=4430 vm_set_light_data_calls=1 vm_set_light_data_us=7293 vm_update_liquids_calls=1 vm_update_liquids_us=1022
ACTION[Emerge-0]: GRUG_WP40_PROFILE_CALLBACK callback=66 minp=-112,48,2448 maxp=-33,127,2527 blockseed=536823633 plan_us=186482 writer_us=44252 total_us=230734 columns=6400 candidate_cells=49 candidates=2837 r5_runs=6400 result=noop_equal_content vm_get_emerged_area_calls=1 vm_get_emerged_area_us=3 vm_get_data_calls=1 vm_get_data_us=4061 vm_get_param2_data_calls=1 vm_get_param2_data_us=4108 vm_get_light_data_calls=0 vm_get_light_data_us=0 vm_set_data_calls=0 vm_set_data_us=0 vm_set_param2_data_calls=0 vm_set_param2_data_us=0 vm_set_lighting_calls=0 vm_set_lighting_us=0 vm_calc_lighting_calls=0 vm_calc_lighting_us=0 vm_set_light_data_calls=0 vm_set_light_data_us=0 vm_update_liquids_calls=0 vm_update_liquids_us=0
ACTION[Emerge-0]: GRUG_WP40_PROFILE_CALLBACK callback=67 minp=-32,48,2448 maxp=47,127,2527 blockseed=2872540305 plan_us=127435 writer_us=42993 total_us=170428 columns=6400 candidate_cells=49 candidates=1538 r5_runs=6400 result=noop_equal_content vm_get_emerged_area_calls=1 vm_get_emerged_area_us=2 vm_get_data_calls=1 vm_get_data_us=3793 vm_get_param2_data_calls=1 vm_get_param2_data_us=3790 vm_get_light_data_calls=0 vm_get_light_data_us=0 vm_set_data_calls=0 vm_set_data_us=0 vm_set_param2_data_calls=0 vm_set_param2_data_us=0 vm_set_lighting_calls=0 vm_set_lighting_us=0 vm_calc_lighting_calls=0 vm_calc_lighting_us=0 vm_set_light_data_calls=0 vm_set_light_data_us=0 vm_update_liquids_calls=0 vm_update_liquids_us=0
ACTION[Emerge-0]: GRUG_WP40_PROFILE_CALLBACK callback=68 minp=48,48,2448 maxp=127,127,2527 blockseed=2056494929 plan_us=186167 writer_us=43758 total_us=229925 columns=6400 candidate_cells=49 candidates=3137 r5_runs=6400 result=noop_equal_content vm_get_emerged_area_calls=1 vm_get_emerged_area_us=2 vm_get_data_calls=1 vm_get_data_us=4067 vm_get_param2_data_calls=1 vm_get_param2_data_us=4066 vm_get_light_data_calls=0 vm_get_light_data_us=0 vm_set_data_calls=0 vm_set_data_us=0 vm_set_param2_data_calls=0 vm_set_param2_data_us=0 vm_set_lighting_calls=0 vm_set_lighting_us=0 vm_calc_lighting_calls=0 vm_calc_lighting_us=0 vm_set_light_data_calls=0 vm_set_light_data_us=0 vm_update_liquids_calls=0 vm_update_liquids_us=0
ACTION[Emerge-0]: GRUG_WP40_PROFILE_CALLBACK callback=69 minp=-112,-32,2528 maxp=-33,47,2607 blockseed=2368640881 plan_us=406326 writer_us=261185 total_us=667511 columns=6400 candidate_cells=49 candidates=2258 r5_runs=25600 result=applied_cplq vm_get_emerged_area_calls=1 vm_get_emerged_area_us=2 vm_get_data_calls=1 vm_get_data_us=4077 vm_get_param2_data_calls=1 vm_get_param2_data_us=4079 vm_get_light_data_calls=2 vm_get_light_data_us=8696 vm_set_data_calls=1 vm_set_data_us=6954 vm_set_param2_data_calls=1 vm_set_param2_data_us=6877 vm_set_lighting_calls=16 vm_set_lighting_us=63 vm_calc_lighting_calls=1 vm_calc_lighting_us=4348 vm_set_light_data_calls=1 vm_set_light_data_us=7053 vm_update_liquids_calls=1 vm_update_liquids_us=996
ACTION[Emerge-0]: GRUG_WP40_PROFILE_CALLBACK callback=70 minp=-32,-32,2528 maxp=47,47,2607 blockseed=2089223153 plan_us=174225 writer_us=266558 total_us=440783 columns=6400 candidate_cells=49 candidates=282 r5_runs=25600 result=applied_cplq vm_get_emerged_area_calls=1 vm_get_emerged_area_us=2 vm_get_data_calls=1 vm_get_data_us=4067 vm_get_param2_data_calls=1 vm_get_param2_data_us=4079 vm_get_light_data_calls=2 vm_get_light_data_us=8700 vm_set_data_calls=1 vm_set_data_us=7233 vm_set_param2_data_calls=1 vm_set_param2_data_us=7115 vm_set_lighting_calls=16 vm_set_lighting_us=112 vm_calc_lighting_calls=1 vm_calc_lighting_us=7074 vm_set_light_data_calls=1 vm_set_light_data_us=7045 vm_update_liquids_calls=1 vm_update_liquids_us=1116
ACTION[Emerge-0]: GRUG_WP40_PROFILE_CALLBACK callback=71 minp=-112,48,2528 maxp=-33,127,2607 blockseed=1824437721 plan_us=153462 writer_us=42915 total_us=196377 columns=6400 candidate_cells=49 candidates=2258 r5_runs=6400 result=noop_equal_content vm_get_emerged_area_calls=1 vm_get_emerged_area_us=2 vm_get_data_calls=1 vm_get_data_us=3797 vm_get_param2_data_calls=1 vm_get_param2_data_us=3801 vm_get_light_data_calls=0 vm_get_light_data_us=0 vm_set_data_calls=0 vm_set_data_us=0 vm_set_param2_data_calls=0 vm_set_param2_data_us=0 vm_set_lighting_calls=0 vm_set_lighting_us=0 vm_calc_lighting_calls=0 vm_calc_lighting_us=0 vm_set_light_data_calls=0 vm_set_light_data_us=0 vm_update_liquids_calls=0 vm_update_liquids_us=0
ACTION[Emerge-0]: GRUG_WP40_PROFILE_CALLBACK callback=72 minp=-32,48,2528 maxp=47,127,2607 blockseed=3649155545 plan_us=88339 writer_us=44343 total_us=132682 columns=6400 candidate_cells=49 candidates=282 r5_runs=6400 result=noop_equal_content vm_get_emerged_area_calls=1 vm_get_emerged_area_us=2 vm_get_data_calls=1 vm_get_data_us=3794 vm_get_param2_data_calls=1 vm_get_param2_data_us=3799 vm_get_light_data_calls=0 vm_get_light_data_us=0 vm_set_data_calls=0 vm_set_data_us=0 vm_set_param2_data_calls=0 vm_set_param2_data_us=0 vm_set_lighting_calls=0 vm_set_lighting_us=0 vm_calc_lighting_calls=0 vm_calc_lighting_us=0 vm_set_light_data_calls=0 vm_set_light_data_us=0 vm_update_liquids_calls=0 vm_update_liquids_us=0
ACTION[Emerge-0]: GRUG_WP40_PROFILE_CALLBACK callback=73 minp=48,48,2528 maxp=127,127,2607 blockseed=1986684761 plan_us=185393 writer_us=44313 total_us=229706 columns=6400 candidate_cells=49 candidates=2698 r5_runs=6400 result=noop_equal_content vm_get_emerged_area_calls=1 vm_get_emerged_area_us=2 vm_get_data_calls=1 vm_get_data_us=4331 vm_get_param2_data_calls=1 vm_get_param2_data_us=4335 vm_get_light_data_calls=0 vm_get_light_data_us=0 vm_set_data_calls=0 vm_set_data_us=0 vm_set_param2_data_calls=0 vm_set_param2_data_us=0 vm_set_lighting_calls=0 vm_set_lighting_us=0 vm_calc_lighting_calls=0 vm_calc_lighting_us=0 vm_set_light_data_calls=0 vm_set_light_data_us=0 vm_update_liquids_calls=0 vm_update_liquids_us=0
ACTION[Emerge-0]: GRUG_WP40_PROFILE_CALLBACK callback=74 minp=-112,-32,2608 maxp=-33,47,2687 blockseed=2865193273 plan_us=444395 writer_us=297218 total_us=741613 columns=6400 candidate_cells=49 candidates=3529 r5_runs=24720 result=applied_cplq vm_get_emerged_area_calls=1 vm_get_emerged_area_us=2 vm_get_data_calls=1 vm_get_data_us=4063 vm_get_param2_data_calls=1 vm_get_param2_data_us=4075 vm_get_light_data_calls=2 vm_get_light_data_us=8681 vm_set_data_calls=1 vm_set_data_us=7496 vm_set_param2_data_calls=1 vm_set_param2_data_us=7448 vm_set_lighting_calls=16 vm_set_lighting_us=101 vm_calc_lighting_calls=1 vm_calc_lighting_us=4324 vm_set_light_data_calls=1 vm_set_light_data_us=7311 vm_update_liquids_calls=1 vm_update_liquids_us=1024
ACTION[Emerge-0]: GRUG_WP40_PROFILE_CALLBACK callback=75 minp=-32,-32,2608 maxp=47,47,2687 blockseed=2111383743 plan_us=344159 writer_us=314713 total_us=658872 columns=6400 candidate_cells=49 candidates=3016 r5_runs=24663 result=applied_cplq vm_get_emerged_area_calls=1 vm_get_emerged_area_us=2 vm_get_data_calls=1 vm_get_data_us=4067 vm_get_param2_data_calls=1 vm_get_param2_data_us=4074 vm_get_light_data_calls=2 vm_get_light_data_us=8176 vm_set_data_calls=1 vm_set_data_us=7251 vm_set_param2_data_calls=1 vm_set_param2_data_us=7132 vm_set_lighting_calls=16 vm_set_lighting_us=110 vm_calc_lighting_calls=1 vm_calc_lighting_us=5623 vm_set_light_data_calls=1 vm_set_light_data_us=7067 vm_update_liquids_calls=1 vm_update_liquids_us=1060
ACTION[Emerge-0]: GRUG_WP40_PROFILE_CALLBACK callback=76 minp=-112,48,2608 maxp=-33,127,2687 blockseed=2220919305 plan_us=192930 writer_us=51381 total_us=244311 columns=6400 candidate_cells=49 candidates=3529 r5_runs=6400 result=noop_equal_content vm_get_emerged_area_calls=1 vm_get_emerged_area_us=2 vm_get_data_calls=1 vm_get_data_us=3808 vm_get_param2_data_calls=1 vm_get_param2_data_us=3808 vm_get_light_data_calls=0 vm_get_light_data_us=0 vm_set_data_calls=0 vm_set_data_us=0 vm_set_param2_data_calls=0 vm_set_param2_data_us=0 vm_set_lighting_calls=0 vm_set_lighting_us=0 vm_calc_lighting_calls=0 vm_calc_lighting_us=0 vm_set_light_data_calls=0 vm_set_light_data_us=0 vm_update_liquids_calls=0 vm_update_liquids_us=0
ACTION[Emerge-0]: GRUG_WP40_PROFILE_CALLBACK callback=77 minp=-32,48,2608 maxp=47,127,2687 blockseed=1685016685 plan_us=168063 writer_us=49794 total_us=217857 columns=6400 candidate_cells=49 candidates=3016 r5_runs=6400 result=noop_equal_content vm_get_emerged_area_calls=1 vm_get_emerged_area_us=2 vm_get_data_calls=1 vm_get_data_us=3818 vm_get_param2_data_calls=1 vm_get_param2_data_us=3808 vm_get_light_data_calls=0 vm_get_light_data_us=0 vm_set_data_calls=0 vm_set_data_us=0 vm_set_param2_data_calls=0 vm_set_param2_data_us=0 vm_set_lighting_calls=0 vm_set_lighting_us=0 vm_calc_lighting_calls=0 vm_calc_lighting_us=0 vm_set_light_data_calls=0 vm_set_light_data_us=0 vm_update_liquids_calls=0 vm_update_liquids_us=0
ACTION[Emerge-0]: GRUG_WP40_PROFILE_CALLBACK callback=78 minp=48,48,2608 maxp=127,127,2687 blockseed=2248844941 plan_us=430251 writer_us=82086 total_us=512337 columns=6400 candidate_cells=49 candidates=3586 r5_runs=6400 result=noop_equal_content vm_get_emerged_area_calls=1 vm_get_emerged_area_us=3 vm_get_data_calls=1 vm_get_data_us=3808 vm_get_param2_data_calls=1 vm_get_param2_data_us=3812 vm_get_light_data_calls=0 vm_get_light_data_us=0 vm_set_data_calls=0 vm_set_data_us=0 vm_set_param2_data_calls=0 vm_set_param2_data_us=0 vm_set_lighting_calls=0 vm_set_lighting_us=0 vm_calc_lighting_calls=0 vm_calc_lighting_us=0 vm_set_light_data_calls=0 vm_set_light_data_us=0 vm_update_liquids_calls=0 vm_update_liquids_us=0
ACTION[Emerge-0]: [grug_core] start area ready: orc (5/6, 52.5 s)
ACTION[Server]: [grug_mobs] start npcs sunscar: grug_mobs:guard_throng placed at socket gate_west (-4,28,2499)
ACTION[Server]: [grug_mobs] start npcs sunscar: grug_mobs:guard_throng placed at socket gate_east (4,28,2499)
ACTION[Server]: [grug_mobs] start npcs sunscar: grug_mobs:guard_throng placed at socket watch_gate (0,28,2510)
ACTION[Server]: [grug_mobs] start npcs sunscar: grug_traders:vendor_race_orc placed at socket yard_vendor (8,28,2545)
ACTION[Server]: [grug_mobs] start npcs sunscar: grug_mobs:villager_orc placed at socket idle_tusk_door (-11,28,2528)
ACTION[Server]: [grug_mobs] start npcs sunscar: grug_mobs:villager_orc placed at socket idle_council_seat (-3,28,2558)
ACTION[Server]: [grug_mobs] start npcs sunscar: grug_mobs:villager_orc placed at socket idle_beast_pen (-25,28,2548)
ACTION[Server]: [grug_mobs] start npcs sunscar: grug_mobs:villager_orc placed at socket idle_armoury_forge (20,28,2548)
ACTION[Server]: [grug_mobs] start npcs sunscar: grug_mobs:villager_orc placed at socket work_forge (-34,28,2552)
ACTION[Server]: [grug_mobs] start npcs sunscar: grug_mobs:villager_orc placed at socket work_acacia (-14,28,2549)
ACTION[Server]: [grug_mobs] start npcs sunscar: grug_mobs:elder_orc placed at socket hall_quest (3,28,2562)
ACTION[Server]: [grug_mobs] start npcs sunscar: grug_mobs:villager_orc placed at socket trainer_cooking (2,28,2540)
ACTION[Server]: [grug_mobs] start npcs orc sunscar: guards 3/3 flair 7/7 vendor 1/1 quest 1/1 royal 0/0 new 12 pending 0 spare 3 residents 6 walkers 1
ACTION[Emerge-0]: GRUG_WP40_PROFILE_CALLBACK callback=79 minp=1728,-32,2448 maxp=1807,47,2527 blockseed=2256119497 plan_us=476761 writer_us=318175 total_us=794936 columns=6400 candidate_cells=49 candidates=288 r5_runs=25600 result=applied_cplq vm_get_emerged_area_calls=1 vm_get_emerged_area_us=2 vm_get_data_calls=1 vm_get_data_us=3854 vm_get_param2_data_calls=1 vm_get_param2_data_us=3814 vm_get_light_data_calls=2 vm_get_light_data_us=8715 vm_set_data_calls=1 vm_set_data_us=7522 vm_set_param2_data_calls=1 vm_set_param2_data_us=7403 vm_set_lighting_calls=1 vm_set_lighting_us=146 vm_calc_lighting_calls=1 vm_calc_lighting_us=4292 vm_set_light_data_calls=1 vm_set_light_data_us=7338 vm_update_liquids_calls=1 vm_update_liquids_us=991
ACTION[Emerge-0]: GRUG_WP40_PROFILE_CALLBACK callback=80 minp=1808,-32,2448 maxp=1887,47,2527 blockseed=767045961 plan_us=350612 writer_us=305605 total_us=656217 columns=6400 candidate_cells=49 candidates=329 r5_runs=25600 result=applied_cplq vm_get_emerged_area_calls=1 vm_get_emerged_area_us=1 vm_get_data_calls=1 vm_get_data_us=4060 vm_get_param2_data_calls=1 vm_get_param2_data_us=4063 vm_get_light_data_calls=2 vm_get_light_data_us=9262 vm_set_data_calls=1 vm_set_data_us=7229 vm_set_param2_data_calls=1 vm_set_param2_data_us=7122 vm_set_lighting_calls=1 vm_set_lighting_us=132 vm_calc_lighting_calls=1 vm_calc_lighting_us=5090 vm_set_light_data_calls=1 vm_set_light_data_us=7133 vm_update_liquids_calls=1 vm_update_liquids_us=986
ACTION[Emerge-0]: GRUG_WP40_PROFILE_CALLBACK callback=81 minp=1728,48,2448 maxp=1807,127,2527 blockseed=442165913 plan_us=102347 writer_us=44634 total_us=146981 columns=6400 candidate_cells=49 candidates=288 r5_runs=6400 result=noop_equal_content vm_get_emerged_area_calls=1 vm_get_emerged_area_us=1 vm_get_data_calls=1 vm_get_data_us=4700 vm_get_param2_data_calls=1 vm_get_param2_data_us=4111 vm_get_light_data_calls=0 vm_get_light_data_us=0 vm_set_data_calls=0 vm_set_data_us=0 vm_set_param2_data_calls=0 vm_set_param2_data_us=0 vm_set_lighting_calls=0 vm_set_lighting_us=0 vm_calc_lighting_calls=0 vm_calc_lighting_us=0 vm_set_light_data_calls=0 vm_set_light_data_us=0 vm_update_liquids_calls=0 vm_update_liquids_us=0
ACTION[Emerge-0]: GRUG_WP40_PROFILE_CALLBACK callback=82 minp=1808,48,2448 maxp=1887,127,2527 blockseed=2158675609 plan_us=96434 writer_us=106915 total_us=203349 columns=6400 candidate_cells=49 candidates=329 r5_runs=6400 result=applied_clq vm_get_emerged_area_calls=1 vm_get_emerged_area_us=2 vm_get_data_calls=1 vm_get_data_us=4872 vm_get_param2_data_calls=1 vm_get_param2_data_us=4059 vm_get_light_data_calls=2 vm_get_light_data_us=8124 vm_set_data_calls=1 vm_set_data_us=7208 vm_set_param2_data_calls=0 vm_set_param2_data_us=0 vm_set_lighting_calls=81 vm_set_lighting_us=152 vm_calc_lighting_calls=1 vm_calc_lighting_us=11087 vm_set_light_data_calls=1 vm_set_light_data_us=7021 vm_update_liquids_calls=1 vm_update_liquids_us=895
ACTION[Emerge-0]: GRUG_WP40_PROFILE_CALLBACK callback=83 minp=1728,-32,2528 maxp=1807,47,2607 blockseed=3123793657 plan_us=342266 writer_us=311676 total_us=653942 columns=6400 candidate_cells=49 candidates=142 r5_runs=25600 result=applied_cplq vm_get_emerged_area_calls=1 vm_get_emerged_area_us=1 vm_get_data_calls=1 vm_get_data_us=3845 vm_get_param2_data_calls=1 vm_get_param2_data_us=3838 vm_get_light_data_calls=2 vm_get_light_data_us=9213 vm_set_data_calls=1 vm_set_data_us=7227 vm_set_param2_data_calls=1 vm_set_param2_data_us=7108 vm_set_lighting_calls=16 vm_set_lighting_us=108 vm_calc_lighting_calls=1 vm_calc_lighting_us=6735 vm_set_light_data_calls=1 vm_set_light_data_us=7024 vm_update_liquids_calls=1 vm_update_liquids_us=1006
ACTION[Emerge-0]: GRUG_WP40_PROFILE_CALLBACK callback=84 minp=1808,-32,2528 maxp=1887,47,2607 blockseed=2230869381 plan_us=257335 writer_us=304949 total_us=562284 columns=6400 candidate_cells=49 candidates=227 r5_runs=25600 result=applied_cplq vm_get_emerged_area_calls=1 vm_get_emerged_area_us=3 vm_get_data_calls=1 vm_get_data_us=4068 vm_get_param2_data_calls=1 vm_get_param2_data_us=4060 vm_get_light_data_calls=2 vm_get_light_data_us=8664 vm_set_data_calls=1 vm_set_data_us=7208 vm_set_param2_data_calls=1 vm_set_param2_data_us=7087 vm_set_lighting_calls=16 vm_set_lighting_us=118 vm_calc_lighting_calls=1 vm_calc_lighting_us=7676 vm_set_light_data_calls=1 vm_set_light_data_us=7025 vm_update_liquids_calls=1 vm_update_liquids_us=1007
ACTION[Emerge-0]: GRUG_WP40_PROFILE_CALLBACK callback=85 minp=1728,48,2528 maxp=1807,127,2607 blockseed=2982630305 plan_us=93801 writer_us=96979 total_us=190780 columns=6400 candidate_cells=49 candidates=142 r5_runs=6400 result=applied_clq vm_get_emerged_area_calls=1 vm_get_emerged_area_us=1 vm_get_data_calls=1 vm_get_data_us=4076 vm_get_param2_data_calls=1 vm_get_param2_data_us=4068 vm_get_light_data_calls=2 vm_get_light_data_us=9334 vm_set_data_calls=1 vm_set_data_us=7312 vm_set_param2_data_calls=0 vm_set_param2_data_us=0 vm_set_lighting_calls=70 vm_set_lighting_us=37 vm_calc_lighting_calls=1 vm_calc_lighting_us=11604 vm_set_light_data_calls=1 vm_set_light_data_us=7121 vm_update_liquids_calls=1 vm_update_liquids_us=909
ACTION[Emerge-0]: GRUG_WP40_PROFILE_CALLBACK callback=86 minp=1808,48,2528 maxp=1887,127,2607 blockseed=872428577 plan_us=87186 writer_us=43949 total_us=131135 columns=6400 candidate_cells=49 candidates=227 r5_runs=6400 result=noop_equal_content vm_get_emerged_area_calls=1 vm_get_emerged_area_us=2 vm_get_data_calls=1 vm_get_data_us=4404 vm_get_param2_data_calls=1 vm_get_param2_data_us=4057 vm_get_light_data_calls=0 vm_get_light_data_us=0 vm_set_data_calls=0 vm_set_data_us=0 vm_set_param2_data_calls=0 vm_set_param2_data_us=0 vm_set_lighting_calls=0 vm_set_lighting_us=0 vm_calc_lighting_calls=0 vm_calc_lighting_us=0 vm_set_light_data_calls=0 vm_set_light_data_us=0 vm_update_liquids_calls=0 vm_update_liquids_us=0
ACTION[Emerge-0]: GRUG_WP40_PROFILE_CALLBACK callback=87 minp=1728,-32,2608 maxp=1807,47,2687 blockseed=2203731867 plan_us=375727 writer_us=315580 total_us=691307 columns=6400 candidate_cells=49 candidates=469 r5_runs=24710 result=applied_cplq vm_get_emerged_area_calls=1 vm_get_emerged_area_us=2 vm_get_data_calls=1 vm_get_data_us=3798 vm_get_param2_data_calls=1 vm_get_param2_data_us=3793 vm_get_light_data_calls=2 vm_get_light_data_us=8667 vm_set_data_calls=1 vm_set_data_us=7223 vm_set_param2_data_calls=1 vm_set_param2_data_us=7106 vm_set_lighting_calls=16 vm_set_lighting_us=109 vm_calc_lighting_calls=1 vm_calc_lighting_us=5705 vm_set_light_data_calls=1 vm_set_light_data_us=7023 vm_update_liquids_calls=1 vm_update_liquids_us=1029
ACTION[Emerge-0]: GRUG_WP40_PROFILE_CALLBACK callback=88 minp=1808,-32,2608 maxp=1887,47,2687 blockseed=2624435995 plan_us=291199 writer_us=317193 total_us=608392 columns=6400 candidate_cells=49 candidates=481 r5_runs=24714 result=applied_cplq vm_get_emerged_area_calls=1 vm_get_emerged_area_us=1 vm_get_data_calls=1 vm_get_data_us=4072 vm_get_param2_data_calls=1 vm_get_param2_data_us=4062 vm_get_light_data_calls=2 vm_get_light_data_us=9180 vm_set_data_calls=1 vm_set_data_us=7205 vm_set_param2_data_calls=1 vm_set_param2_data_us=7093 vm_set_lighting_calls=16 vm_set_lighting_us=136 vm_calc_lighting_calls=1 vm_calc_lighting_us=6195 vm_set_light_data_calls=1 vm_set_light_data_us=7025 vm_update_liquids_calls=1 vm_update_liquids_us=1038
ACTION[Emerge-0]: GRUG_WP40_PROFILE_CALLBACK callback=89 minp=1728,48,2608 maxp=1807,127,2687 blockseed=748242345 plan_us=121889 writer_us=52200 total_us=174089 columns=6400 candidate_cells=49 candidates=469 r5_runs=6400 result=noop_equal_content vm_get_emerged_area_calls=1 vm_get_emerged_area_us=1 vm_get_data_calls=1 vm_get_data_us=3796 vm_get_param2_data_calls=1 vm_get_param2_data_us=3788 vm_get_light_data_calls=0 vm_get_light_data_us=0 vm_set_data_calls=0 vm_set_data_us=0 vm_set_param2_data_calls=0 vm_set_param2_data_us=0 vm_set_lighting_calls=0 vm_set_lighting_us=0 vm_calc_lighting_calls=0 vm_calc_lighting_us=0 vm_set_light_data_calls=0 vm_set_light_data_us=0 vm_update_liquids_calls=0 vm_update_liquids_us=0
ACTION[Emerge-0]: GRUG_WP40_PROFILE_CALLBACK callback=90 minp=1808,48,2608 maxp=1887,127,2687 blockseed=2336779657 plan_us=108732 writer_us=50188 total_us=158920 columns=6400 candidate_cells=49 candidates=481 r5_runs=6400 result=noop_equal_content vm_get_emerged_area_calls=1 vm_get_emerged_area_us=1 vm_get_data_calls=1 vm_get_data_us=3793 vm_get_param2_data_calls=1 vm_get_param2_data_us=3785 vm_get_light_data_calls=0 vm_get_light_data_us=0 vm_set_data_calls=0 vm_set_data_us=0 vm_set_param2_data_calls=0 vm_set_param2_data_us=0 vm_set_lighting_calls=0 vm_set_lighting_us=0 vm_calc_lighting_calls=0 vm_calc_lighting_us=0 vm_set_light_data_calls=0 vm_set_light_data_us=0 vm_update_liquids_calls=0 vm_update_liquids_us=0
ACTION[Emerge-0]: [grug_core] start area ready: troll (6/6, 57.8 s)
ACTION[Emerge-0]: [grug_core] all 6 start areas ready after 57.8 s
ACTION[Emerge-0]: GRUG_WP40_PROFILE_PROBE phase=cold event=emerge case=owner_48:-32:2448 mapchunk=48,-32,2448 elapsed_us=12668852 generated=1 disk=0 memory=124 cancelled=0 errored=0
ACTION[Server]: [grug_mobs] start npcs kapok: grug_mobs:guard_throng placed at socket gate_west (1796,21,2505)
ACTION[Server]: [grug_mobs] start npcs kapok: grug_mobs:guard_throng placed at socket gate_east (1804,21,2505)
ACTION[Server]: [grug_mobs] start npcs kapok: grug_mobs:guard_throng placed at socket watch_gate (1800,21,2514)
ACTION[Server]: [grug_mobs] start npcs kapok: grug_traders:vendor_race_troll placed at socket clearing_vendor (1807,21,2546)
ACTION[Server]: [grug_mobs] start npcs kapok: grug_mobs:villager_troll placed at socket idle_lodge_door (1798,21,2567)
ACTION[Server]: [grug_mobs] start npcs kapok: grug_mobs:villager_troll placed at socket idle_terrace_settle (1788,21,2577)
ACTION[Server]: [grug_mobs] start npcs kapok: grug_mobs:villager_troll placed at socket idle_drying_shed (1783,21,2574)
ACTION[Server]: [grug_mobs] start npcs kapok: grug_mobs:villager_troll placed at socket idle_smoker (1813,21,2570)
ACTION[Server]: [grug_mobs] start npcs kapok: grug_mobs:villager_troll placed at socket work_jungle (1771,21,2563)
ACTION[Server]: [grug_mobs] start npcs kapok: grug_mobs:villager_troll placed at socket work_terrace (1784,21,2574)
ACTION[Server]: [grug_mobs] start npcs kapok: grug_mobs:elder_troll placed at socket hall_quest (1803,21,2567)
ACTION[Server]: [grug_mobs] start npcs kapok: grug_mobs:villager_troll placed at socket trainer_cooking (1802,21,2540)
ACTION[Server]: [grug_mobs] start npcs troll kapok: guards 3/3 flair 7/7 vendor 1/1 quest 1/1 royal 0/0 new 12 pending 0 spare 3 residents 6 walkers 1
ACTION[Emerge-0]: GRUG_WP40_PROFILE_PROBE phase=cold event=emerge case=owner_48:-32:-2672 mapchunk=48,-32,-2672 elapsed_us=297 generated=0 disk=0 memory=125 cancelled=0 errored=0
ACTION[Emerge-0]: GRUG_WP40_PROFILE_PROBE phase=cold event=emerge case=owner_48:-32:-2592 mapchunk=48,-32,-2592 elapsed_us=289 generated=0 disk=0 memory=125 cancelled=0 errored=0
ACTION[Emerge-0]: GRUG_WP40_PROFILE_PROBE phase=cold event=emerge case=owner_48:-32:-2512 mapchunk=48,-32,-2512 elapsed_us=262 generated=0 disk=0 memory=125 cancelled=0 errored=0
ACTION[Emerge-0]: GRUG_WP40_PROFILE_PROBE phase=cold event=emerge case=owner_1808:-32:2608 mapchunk=1808,-32,2608 elapsed_us=245 generated=0 disk=0 memory=125 cancelled=0 errored=0
ACTION[Emerge-0]: GRUG_WP40_PROFILE_PROBE phase=cold event=emerge case=owner_1808:-32:2528 mapchunk=1808,-32,2528 elapsed_us=209 generated=0 disk=0 memory=125 cancelled=0 errored=0
ACTION[Emerge-0]: GRUG_WP40_PROFILE_PROBE phase=cold event=emerge case=owner_1808:-32:2448 mapchunk=1808,-32,2448 elapsed_us=195 generated=0 disk=0 memory=125 cancelled=0 errored=0
ACTION[Emerge-0]: GRUG_WP40_PROFILE_PROBE phase=cold event=emerge case=owner_1808:-32:-2672 mapchunk=1808,-32,-2672 elapsed_us=11496 generated=0 disk=0 memory=125 cancelled=0 errored=0
ACTION[Emerge-0]: GRUG_WP40_PROFILE_PROBE phase=cold event=emerge case=owner_1808:-32:-2592 mapchunk=1808,-32,-2592 elapsed_us=121 generated=0 disk=0 memory=125 cancelled=0 errored=0
ACTION[Emerge-0]: GRUG_WP40_PROFILE_PROBE phase=cold event=emerge case=owner_1808:-32:-2512 mapchunk=1808,-32,-2512 elapsed_us=166 generated=0 disk=0 memory=125 cancelled=0 errored=0
ACTION[Emerge-0]: GRUG_WP40_PROFILE_PROBE phase=cold event=emerge case=owner_1728:-32:2608 mapchunk=1728,-32,2608 elapsed_us=152 generated=0 disk=0 memory=125 cancelled=0 errored=0
ACTION[Emerge-0]: GRUG_WP40_PROFILE_PROBE phase=cold event=emerge case=owner_1728:-32:2528 mapchunk=1728,-32,2528 elapsed_us=143 generated=0 disk=0 memory=125 cancelled=0 errored=0
ACTION[Emerge-0]: GRUG_WP40_PROFILE_PROBE phase=cold event=emerge case=owner_1728:-32:2448 mapchunk=1728,-32,2448 elapsed_us=158 generated=0 disk=0 memory=125 cancelled=0 errored=0
ACTION[Emerge-0]: GRUG_WP40_PROFILE_PROBE phase=cold event=emerge case=owner_1728:-32:-2672 mapchunk=1728,-32,-2672 elapsed_us=718 generated=0 disk=0 memory=125 cancelled=0 errored=0
ACTION[Emerge-0]: GRUG_WP40_PROFILE_PROBE phase=cold event=emerge case=owner_1728:-32:-2592 mapchunk=1728,-32,-2592 elapsed_us=148 generated=0 disk=0 memory=125 cancelled=0 errored=0
ACTION[Emerge-0]: GRUG_WP40_PROFILE_PROBE phase=cold event=emerge case=owner_1728:-32:-2512 mapchunk=1728,-32,-2512 elapsed_us=151 generated=0 disk=0 memory=125 cancelled=0 errored=0
ACTION[Emerge-0]: GRUG_WP40_PROFILE_PROBE phase=cold event=emerge case=owner_-32:-32:2608 mapchunk=-32,-32,2608 elapsed_us=182 generated=0 disk=0 memory=125 cancelled=0 errored=0
ACTION[Emerge-0]: GRUG_WP40_PROFILE_PROBE phase=cold event=emerge case=owner_-32:-32:2528 mapchunk=-32,-32,2528 elapsed_us=197 generated=0 disk=0 memory=125 cancelled=0 errored=0
ACTION[Emerge-0]: GRUG_WP40_PROFILE_PROBE phase=cold event=emerge case=owner_-32:-32:2448 mapchunk=-32,-32,2448 elapsed_us=151 generated=0 disk=0 memory=125 cancelled=0 errored=0
ACTION[Emerge-0]: GRUG_WP40_PROFILE_PROBE phase=cold event=emerge case=owner_-32:-32:-2672 mapchunk=-32,-32,-2672 elapsed_us=139 generated=0 disk=0 memory=125 cancelled=0 errored=0
ACTION[Emerge-0]: GRUG_WP40_PROFILE_PROBE phase=cold event=emerge case=owner_-32:-32:-2592 mapchunk=-32,-32,-2592 elapsed_us=145 generated=0 disk=0 memory=125 cancelled=0 errored=0
ACTION[Emerge-0]: GRUG_WP40_PROFILE_PROBE phase=cold event=emerge case=owner_-32:-32:-2512 mapchunk=-32,-32,-2512 elapsed_us=148 generated=0 disk=0 memory=125 cancelled=0 errored=0
ACTION[Emerge-0]: GRUG_WP40_PROFILE_PROBE phase=cold event=emerge case=owner_-1872:48:2608 mapchunk=-1872,48,2608 elapsed_us=147 generated=0 disk=0 memory=125 cancelled=0 errored=0
ACTION[Emerge-0]: GRUG_WP40_PROFILE_PROBE phase=cold event=emerge case=owner_-1872:48:2528 mapchunk=-1872,48,2528 elapsed_us=155 generated=0 disk=0 memory=125 cancelled=0 errored=0
ACTION[Emerge-0]: GRUG_WP40_PROFILE_PROBE phase=cold event=emerge case=owner_-1872:48:2448 mapchunk=-1872,48,2448 elapsed_us=132 generated=0 disk=0 memory=125 cancelled=0 errored=0
ACTION[Emerge-0]: GRUG_WP40_PROFILE_PROBE phase=cold event=emerge case=owner_-1872:-32:-2672 mapchunk=-1872,-32,-2672 elapsed_us=165 generated=0 disk=0 memory=125 cancelled=0 errored=0
ACTION[Emerge-0]: GRUG_WP40_PROFILE_PROBE phase=cold event=emerge case=owner_-1872:-32:-2592 mapchunk=-1872,-32,-2592 elapsed_us=140 generated=0 disk=0 memory=125 cancelled=0 errored=0
ACTION[Emerge-0]: GRUG_WP40_PROFILE_PROBE phase=cold event=emerge case=owner_-1872:-32:-2512 mapchunk=-1872,-32,-2512 elapsed_us=763 generated=0 disk=0 memory=125 cancelled=0 errored=0
ACTION[Emerge-0]: GRUG_WP40_PROFILE_PROBE phase=cold event=emerge case=owner_-1792:48:2608 mapchunk=-1792,48,2608 elapsed_us=117 generated=0 disk=0 memory=125 cancelled=0 errored=0
ACTION[Emerge-0]: GRUG_WP40_PROFILE_PROBE phase=cold event=emerge case=owner_-1792:48:2528 mapchunk=-1792,48,2528 elapsed_us=114 generated=0 disk=0 memory=125 cancelled=0 errored=0
ACTION[Emerge-0]: GRUG_WP40_PROFILE_PROBE phase=cold event=emerge case=owner_-1792:48:2448 mapchunk=-1792,48,2448 elapsed_us=109 generated=0 disk=0 memory=125 cancelled=0 errored=0
ACTION[Emerge-0]: GRUG_WP40_PROFILE_PROBE phase=cold event=emerge case=owner_-1792:-32:-2672 mapchunk=-1792,-32,-2672 elapsed_us=106 generated=0 disk=0 memory=125 cancelled=0 errored=0
ACTION[Emerge-0]: GRUG_WP40_PROFILE_PROBE phase=cold event=emerge case=owner_-1792:-32:-2592 mapchunk=-1792,-32,-2592 elapsed_us=111 generated=0 disk=0 memory=125 cancelled=0 errored=0
ACTION[Emerge-0]: GRUG_WP40_PROFILE_PROBE phase=cold event=emerge case=owner_-1792:-32:-2512 mapchunk=-1792,-32,-2512 elapsed_us=108 generated=0 disk=0 memory=125 cancelled=0 errored=0
ACTION[Emerge-0]: GRUG_WP40_PROFILE_CALLBACK callback=91 minp=-1792,-112,-2592 maxp=-1713,-33,-2513 blockseed=1545260395 plan_us=488272 writer_us=78004 total_us=566276 columns=6400 candidate_cells=49 candidates=301 r5_runs=6400 result=applied_clq vm_get_emerged_area_calls=1 vm_get_emerged_area_us=2 vm_get_data_calls=1 vm_get_data_us=4062 vm_get_param2_data_calls=1 vm_get_param2_data_us=4058 vm_get_light_data_calls=2 vm_get_light_data_us=8293 vm_set_data_calls=1 vm_set_data_us=7883 vm_set_param2_data_calls=0 vm_set_param2_data_us=0 vm_set_lighting_calls=1 vm_set_lighting_us=20 vm_calc_lighting_calls=1 vm_calc_lighting_us=893 vm_set_light_data_calls=1 vm_set_light_data_us=7557 vm_update_liquids_calls=1 vm_update_liquids_us=1030
ACTION[Emerge-0]: GRUG_WP40_PROFILE_PROBE phase=cold event=emerge case=owner_-1792:-112:-2592 mapchunk=-1792,-112,-2592 elapsed_us=589667 generated=1 disk=0 memory=124 cancelled=0 errored=0
ACTION[Emerge-0]: GRUG_WP40_PROFILE_CALLBACK callback=92 minp=-1712,-112,-2592 maxp=-1633,-33,-2513 blockseed=1910607929 plan_us=488014 writer_us=178806 total_us=666820 columns=6400 candidate_cells=49 candidates=903 r5_runs=6400 result=applied_c vm_get_emerged_area_calls=1 vm_get_emerged_area_us=2 vm_get_data_calls=1 vm_get_data_us=4080 vm_get_param2_data_calls=1 vm_get_param2_data_us=4078 vm_get_light_data_calls=0 vm_get_light_data_us=0 vm_set_data_calls=1 vm_set_data_us=7213 vm_set_param2_data_calls=0 vm_set_param2_data_us=0 vm_set_lighting_calls=0 vm_set_lighting_us=0 vm_calc_lighting_calls=0 vm_calc_lighting_us=0 vm_set_light_data_calls=0 vm_set_light_data_us=0 vm_update_liquids_calls=0 vm_update_liquids_us=0
ACTION[Emerge-0]: GRUG_WP40_PROFILE_PROBE phase=cold event=emerge case=owner_-1712:-112:-2592 mapchunk=-1712,-112,-2592 elapsed_us=693731 generated=1 disk=0 memory=124 cancelled=0 errored=0
ACTION[Emerge-0]: GRUG_WP40_PROFILE_PROBE phase=cold event=emerge case=owner_-112:-32:2608 mapchunk=-112,-32,2608 elapsed_us=160 generated=0 disk=0 memory=125 cancelled=0 errored=0
ACTION[Emerge-0]: GRUG_WP40_PROFILE_PROBE phase=cold event=emerge case=owner_-112:-32:2528 mapchunk=-112,-32,2528 elapsed_us=167 generated=0 disk=0 memory=125 cancelled=0 errored=0
ACTION[Emerge-0]: GRUG_WP40_PROFILE_PROBE phase=cold event=emerge case=owner_-112:-32:2448 mapchunk=-112,-32,2448 elapsed_us=160 generated=0 disk=0 memory=125 cancelled=0 errored=0
ACTION[Emerge-0]: GRUG_WP40_PROFILE_PROBE phase=cold event=emerge case=owner_-112:-32:-2672 mapchunk=-112,-32,-2672 elapsed_us=171 generated=0 disk=0 memory=125 cancelled=0 errored=0
ACTION[Emerge-0]: GRUG_WP40_PROFILE_PROBE phase=cold event=emerge case=owner_-112:-32:-2592 mapchunk=-112,-32,-2592 elapsed_us=162 generated=0 disk=0 memory=125 cancelled=0 errored=0
ACTION[Emerge-0]: GRUG_WP40_PROFILE_PROBE phase=cold event=emerge case=owner_-112:-32:-2512 mapchunk=-112,-32,-2512 elapsed_us=141 generated=0 disk=0 memory=125 cancelled=0 errored=0
ACTION[Server]: GRUG_WP40_PROFILE_PROBE phase=cold event=complete requested=44 completed=44 callbacks=92 generated=5 disk=0 memory=5495 cancelled=0 errored=0 samples=1628 expected_nodes=0 digest=1556c5e8f13049f9817ac12ddd2377a804f04e723d72340c76136a356350bebe full_digest=disabled full_vocabulary_digest=- full_voxels=0 full_owners=0 measured_elapsed_us=61665024 diagnostic_us=1456
ACTION[Main]: Server: Shutting down
ACTION[Main]: GRUG_WP13_ENGINE phase=cold starts=6 owners=44 edit_canary=placed digest_excluded_cells=1 filler_boundary=false hearthpine_cells=61932 hearthpine_torches=74 hearthpine_soil=2 hearthpine_apron=38/588 hearthpine_ring=155/1888 hearthpine_wild=0/0 hearthpine_anchor=-1800,25,-2550 hearthpine_digest=03311c95b8463c422371e78afabcba743ed70d4f56a013c16a362938ac00693c dawnmere_cells=66361 dawnmere_torches=98 dawnmere_soil=2 dawnmere_apron=130/637 dawnmere_ring=1006/3999 dawnmere_wild=0/0 dawnmere_anchor=0,17,-2550 dawnmere_digest=93e71a77d0a33fadada7a3d2a6689752b95eb15f6ad5d34ac051f95262edbdd1 silverleaf_cells=71495 silverleaf_torches=113 silverleaf_soil=3 silverleaf_apron=24/588 silverleaf_ring=95/1888 silverleaf_wild=0/0 silverleaf_anchor=1800,21,-2550 silverleaf_digest=a81a370a26a293f676a78f35b9e1f18dd9487320d8de9849b1151b86eb763a4c stillgrave_cells=51641 stillgrave_torches=78 stillgrave_soil=3 stillgrave_apron=10/588 stillgrave_ring=33/1676 stillgrave_wild=1/212 stillgrave_anchor=-1800,54,2550 stillgrave_digest=13f3cff1f580eb6d79146ee0233e0f46ff0227ba37b0f2a001fd0a16625d2ca1 sunscar_cells=57227 sunscar_torches=112 sunscar_soil=3 sunscar_apron=134/637 sunscar_ring=849/3679 sunscar_wild=80/320 sunscar_anchor=0,27,2550 sunscar_digest=de46c91105d3612598cc415e79a8fd44e45dc8f299971a331fd090d42e1da3c0 kapok_cells=72535 kapok_torches=87 kapok_soil=3 kapok_apron=21/588 kapok_ring=99/1676 kapok_wild=9/212 kapok_anchor=1800,20,2550 kapok_digest=e11c30ec9e88b7ce16f8942cd12f4bb5449fc489bf96c48004f5405790f8fd01 digest=27ab0ba785073e61c6a8f83249f5da08e675cdb1066dbe983347063acddcc96f
