

-------------
  Separator
-------------

2026-09-23 17:50:23: ACTION[Main]: [grug_materials] 12 tools completing the six-tier pick/axe/shovel ladder
2026-09-23 17:50:23: WARNING[Main]: No craft recipe matches input (type: fuel, items: ['default:pick_mese'])
2026-09-23 17:50:23: WARNING[Main]: No craft recipe matches input (type: fuel, items: ['default:shovel_mese'])
2026-09-23 17:50:23: WARNING[Main]: No craft recipe matches input (type: fuel, items: ['default:axe_mese'])
2026-09-23 17:50:23: WARNING[Main]: No craft recipe matches input (type: fuel, items: ['default:sword_mese'])
2026-09-23 17:50:23: WARNING[Main]: No craft recipe matches input (type: fuel, items: ['default:pick_diamond'])
2026-09-23 17:50:23: WARNING[Main]: No craft recipe matches input (type: fuel, items: ['default:shovel_diamond'])
2026-09-23 17:50:23: WARNING[Main]: No craft recipe matches input (type: fuel, items: ['default:axe_diamond'])
2026-09-23 17:50:23: WARNING[Main]: No craft recipe matches input (type: fuel, items: ['default:sword_diamond'])
2026-09-23 17:50:23: WARNING[Main]: No craft recipe matches input (type: fuel, items: ['default:sword_bronze'])
2026-09-23 17:50:23: WARNING[Main]: No craft recipe matches input (type: fuel, items: ['default:sword_steel'])
2026-09-23 17:50:23: WARNING[Main]: No craft recipe matches input (type: fuel, items: ['default:sword_stone'])
2026-09-23 17:50:23: WARNING[Main]: No craft recipe matches input (type: fuel, items: ['default:copper_ingot'])
2026-09-23 17:50:23: WARNING[Main]: No craft recipe matches input (type: fuel, items: ['default:copperblock'])
2026-09-23 17:50:23: WARNING[Main]: No craft recipe matches input (type: fuel, items: ['default:tin_ingot'])
2026-09-23 17:50:23: WARNING[Main]: No craft recipe matches input (type: fuel, items: ['default:tinblock'])
2026-09-23 17:50:23: WARNING[Main]: No craft recipe matches input (type: fuel, items: ['default:bronze_ingot'])
2026-09-23 17:50:23: WARNING[Main]: No craft recipe matches input (type: fuel, items: ['default:bronzeblock'])
2026-09-23 17:50:23: WARNING[Main]: No craft recipe matches input (type: fuel, items: ['default:steel_ingot'])
2026-09-23 17:50:23: WARNING[Main]: No craft recipe matches input (type: fuel, items: ['default:steelblock'])
2026-09-23 17:50:23: WARNING[Main]: No craft recipe matches input (type: fuel, items: ['default:gold_ingot'])
2026-09-23 17:50:23: WARNING[Main]: No craft recipe matches input (type: fuel, items: ['default:goldblock'])
2026-09-23 17:50:23: WARNING[Main]: No craft recipe known for output 'default:stone_with_mese'
2026-09-23 17:50:23: WARNING[Main]: No craft recipe matches input (type: fuel, items: ['default:stone_with_mese'])
2026-09-23 17:50:23: WARNING[Main]: No craft recipe matches input (type: fuel, items: ['default:mese'])
2026-09-23 17:50:23: WARNING[Main]: No craft recipe matches input (type: fuel, items: ['default:mese_crystal'])
2026-09-23 17:50:23: WARNING[Main]: No craft recipe matches input (type: fuel, items: ['default:mese_crystal_fragment'])
2026-09-23 17:50:23: WARNING[Main]: No craft recipe matches input (type: fuel, items: ['default:meselamp'])
2026-09-23 17:50:23: WARNING[Main]: No craft recipe matches input (type: fuel, items: ['default:mese_post_light'])
2026-09-23 17:50:23: WARNING[Main]: No craft recipe matches input (type: fuel, items: ['default:mese_post_light_acacia_wood'])
2026-09-23 17:50:23: WARNING[Main]: No craft recipe matches input (type: fuel, items: ['default:mese_post_light_junglewood'])
2026-09-23 17:50:23: WARNING[Main]: No craft recipe matches input (type: fuel, items: ['default:mese_post_light_pine_wood'])
2026-09-23 17:50:23: WARNING[Main]: No craft recipe matches input (type: fuel, items: ['default:mese_post_light_aspen_wood'])
2026-09-23 17:50:23: WARNING[Main]: No craft recipe known for output 'default:stone_with_diamond'
2026-09-23 17:50:23: WARNING[Main]: No craft recipe matches input (type: fuel, items: ['default:stone_with_diamond'])
2026-09-23 17:50:23: WARNING[Main]: No craft recipe matches input (type: fuel, items: ['default:diamond'])
2026-09-23 17:50:23: WARNING[Main]: No craft recipe matches input (type: fuel, items: ['default:diamondblock'])
2026-09-23 17:50:23: WARNING[Main]: No craft recipe matches input (type: fuel, items: ['default:sign_wall_steel'])
2026-09-23 17:50:23: WARNING[Main]: No craft recipe matches input (type: fuel, items: ['default:ladder_steel'])
2026-09-23 17:50:23: WARNING[Main]: No craft recipe matches input (type: fuel, items: ['stairs:stair_steelblock'])
2026-09-23 17:50:23: WARNING[Main]: No craft recipe matches input (type: fuel, items: ['stairs:stair_inner_steelblock'])
2026-09-23 17:50:23: WARNING[Main]: No craft recipe matches input (type: fuel, items: ['stairs:stair_outer_steelblock'])
2026-09-23 17:50:23: WARNING[Main]: No craft recipe matches input (type: fuel, items: ['stairs:slab_steelblock'])
2026-09-23 17:50:23: WARNING[Main]: No craft recipe matches input (type: fuel, items: ['stairs:stair_tinblock'])
2026-09-23 17:50:23: WARNING[Main]: No craft recipe matches input (type: fuel, items: ['stairs:stair_inner_tinblock'])
2026-09-23 17:50:23: WARNING[Main]: No craft recipe matches input (type: fuel, items: ['stairs:stair_outer_tinblock'])
2026-09-23 17:50:23: WARNING[Main]: No craft recipe matches input (type: fuel, items: ['stairs:slab_tinblock'])
2026-09-23 17:50:23: WARNING[Main]: No craft recipe matches input (type: fuel, items: ['stairs:stair_copperblock'])
2026-09-23 17:50:23: WARNING[Main]: No craft recipe matches input (type: fuel, items: ['stairs:stair_inner_copperblock'])
2026-09-23 17:50:23: WARNING[Main]: No craft recipe matches input (type: fuel, items: ['stairs:stair_outer_copperblock'])
2026-09-23 17:50:23: WARNING[Main]: No craft recipe matches input (type: fuel, items: ['stairs:slab_copperblock'])
2026-09-23 17:50:23: WARNING[Main]: No craft recipe matches input (type: fuel, items: ['stairs:stair_bronzeblock'])
2026-09-23 17:50:23: WARNING[Main]: No craft recipe matches input (type: fuel, items: ['stairs:stair_inner_bronzeblock'])
2026-09-23 17:50:23: WARNING[Main]: No craft recipe matches input (type: fuel, items: ['stairs:stair_outer_bronzeblock'])
2026-09-23 17:50:23: WARNING[Main]: No craft recipe matches input (type: fuel, items: ['stairs:slab_bronzeblock'])
2026-09-23 17:50:23: WARNING[Main]: No craft recipe matches input (type: fuel, items: ['stairs:stair_goldblock'])
2026-09-23 17:50:23: WARNING[Main]: No craft recipe matches input (type: fuel, items: ['stairs:stair_inner_goldblock'])
2026-09-23 17:50:23: WARNING[Main]: No craft recipe matches input (type: fuel, items: ['stairs:stair_outer_goldblock'])
2026-09-23 17:50:23: WARNING[Main]: No craft recipe matches input (type: fuel, items: ['stairs:slab_goldblock'])
2026-09-23 17:50:23: ACTION[Main]: [grug_gear] 6 bracket catalogs: 36 weapons + 72 armor pieces
2026-09-23 17:50:42: ACTION[Main]: [grug_quality] deterministic PcgRandom quality rolls enabled
2026-09-23 17:50:42: WARNING[Main]: No craft recipe known for output 'grug_gear:sword_bronze'
2026-09-23 17:50:42: WARNING[Main]: No craft recipe known for output 'grug_gear:dagger_bronze'
2026-09-23 17:50:42: WARNING[Main]: No craft recipe known for output 'grug_gear:greataxe_bronze'
2026-09-23 17:50:42: WARNING[Main]: No craft recipe known for output 'grug_gear:wand_bronze'
2026-09-23 17:50:42: WARNING[Main]: No craft recipe known for output 'grug_gear:staff_bronze'
2026-09-23 17:50:42: WARNING[Main]: No craft recipe known for output 'grug_gear:bow_bronze'
2026-09-23 17:50:42: WARNING[Main]: No craft recipe known for output 'grug_gear:shield_bronze'
2026-09-23 17:50:42: WARNING[Main]: No craft recipe known for output 'grug_gear:legs_metal_bronze'
2026-09-23 17:50:42: WARNING[Main]: No craft recipe known for output 'grug_gear:head_metal_bronze'
2026-09-23 17:50:42: WARNING[Main]: No craft recipe known for output 'grug_gear:chest_metal_bronze'
2026-09-23 17:50:42: WARNING[Main]: No craft recipe known for output 'grug_gear:feet_metal_bronze'
2026-09-23 17:50:42: WARNING[Main]: No craft recipe known for output 'grug_gear:legs_cloth_patch'
2026-09-23 17:50:42: WARNING[Main]: No craft recipe known for output 'grug_gear:head_cloth_patch'
2026-09-23 17:50:42: WARNING[Main]: No craft recipe known for output 'grug_gear:chest_cloth_patch'
2026-09-23 17:50:42: WARNING[Main]: No craft recipe known for output 'grug_gear:feet_cloth_patch'
2026-09-23 17:50:42: WARNING[Main]: No craft recipe known for output 'grug_gear:legs_leather_light'
2026-09-23 17:50:42: WARNING[Main]: No craft recipe known for output 'grug_gear:head_leather_light'
2026-09-23 17:50:42: WARNING[Main]: No craft recipe known for output 'grug_gear:chest_leather_light'
2026-09-23 17:50:42: WARNING[Main]: No craft recipe known for output 'grug_gear:feet_leather_light'
2026-09-23 17:50:42: WARNING[Main]: No craft recipe known for output 'grug_gear:sword_iron'
2026-09-23 17:50:42: WARNING[Main]: No craft recipe known for output 'grug_materials:pick_iron'
2026-09-23 17:50:42: WARNING[Main]: No craft recipe known for output 'grug_materials:shovel_iron'
2026-09-23 17:50:42: WARNING[Main]: No craft recipe known for output 'grug_materials:axe_iron'
2026-09-23 17:50:42: WARNING[Main]: No craft recipe known for output 'grug_gear:dagger_iron'
2026-09-23 17:50:42: WARNING[Main]: No craft recipe known for output 'grug_gear:greataxe_iron'
2026-09-23 17:50:42: WARNING[Main]: No craft recipe known for output 'grug_gear:wand_iron'
2026-09-23 17:50:42: WARNING[Main]: No craft recipe known for output 'grug_gear:staff_iron'
2026-09-23 17:50:42: WARNING[Main]: No craft recipe known for output 'grug_gear:bow_iron'
2026-09-23 17:50:42: WARNING[Main]: No craft recipe known for output 'grug_gear:shield_iron'
2026-09-23 17:50:42: WARNING[Main]: No craft recipe known for output 'grug_gear:legs_metal_iron'
2026-09-23 17:50:42: WARNING[Main]: No craft recipe known for output 'grug_gear:head_metal_iron'
2026-09-23 17:50:42: WARNING[Main]: No craft recipe known for output 'grug_gear:chest_metal_iron'
2026-09-23 17:50:42: WARNING[Main]: No craft recipe known for output 'grug_gear:feet_metal_iron'
2026-09-23 17:50:42: WARNING[Main]: No craft recipe known for output 'grug_gear:legs_cloth_woven'
2026-09-23 17:50:42: WARNING[Main]: No craft recipe known for output 'grug_gear:head_cloth_woven'
2026-09-23 17:50:42: WARNING[Main]: No craft recipe known for output 'grug_gear:chest_cloth_woven'
2026-09-23 17:50:42: WARNING[Main]: No craft recipe known for output 'grug_gear:feet_cloth_woven'
2026-09-23 17:50:42: WARNING[Main]: No craft recipe known for output 'grug_gear:legs_leather_cured'
2026-09-23 17:50:42: WARNING[Main]: No craft recipe known for output 'grug_gear:head_leather_cured'
2026-09-23 17:50:42: WARNING[Main]: No craft recipe known for output 'grug_gear:chest_leather_cured'
2026-09-23 17:50:42: WARNING[Main]: No craft recipe known for output 'grug_gear:feet_leather_cured'
2026-09-23 17:50:42: WARNING[Main]: No craft recipe known for output 'grug_gear:sword_steel'
2026-09-23 17:50:42: WARNING[Main]: No craft recipe known for output 'default:pick_steel'
2026-09-23 17:50:42: WARNING[Main]: No craft recipe known for output 'grug_gear:dagger_steel'
2026-09-23 17:50:42: WARNING[Main]: No craft recipe known for output 'grug_gear:greataxe_steel'
2026-09-23 17:50:42: WARNING[Main]: No craft recipe known for output 'grug_gear:wand_steel'
2026-09-23 17:50:42: WARNING[Main]: No craft recipe known for output 'grug_gear:staff_steel'
2026-09-23 17:50:42: WARNING[Main]: No craft recipe known for output 'grug_gear:bow_steel'
2026-09-23 17:50:42: WARNING[Main]: No craft recipe known for output 'grug_gear:shield_steel'
2026-09-23 17:50:42: WARNING[Main]: No craft recipe known for output 'grug_gear:legs_metal_steel'
2026-09-23 17:50:42: WARNING[Main]: No craft recipe known for output 'grug_gear:head_metal_steel'
2026-09-23 17:50:42: WARNING[Main]: No craft recipe known for output 'grug_gear:chest_metal_steel'
2026-09-23 17:50:42: WARNING[Main]: No craft recipe known for output 'grug_gear:feet_metal_steel'
2026-09-23 17:50:42: WARNING[Main]: No craft recipe known for output 'grug_gear:legs_cloth_heavy'
2026-09-23 17:50:42: WARNING[Main]: No craft recipe known for output 'grug_gear:head_cloth_heavy'
2026-09-23 17:50:42: WARNING[Main]: No craft recipe known for output 'grug_gear:chest_cloth_heavy'
2026-09-23 17:50:42: WARNING[Main]: No craft recipe known for output 'grug_gear:feet_cloth_heavy'
2026-09-23 17:50:42: WARNING[Main]: No craft recipe known for output 'grug_gear:legs_leather_heavy'
2026-09-23 17:50:42: WARNING[Main]: No craft recipe known for output 'grug_gear:head_leather_heavy'
2026-09-23 17:50:42: WARNING[Main]: No craft recipe known for output 'grug_gear:chest_leather_heavy'
2026-09-23 17:50:42: WARNING[Main]: No craft recipe known for output 'grug_gear:feet_leather_heavy'
2026-09-23 17:50:42: WARNING[Main]: No craft recipe known for output 'grug_gear:sword_silversteel'
2026-09-23 17:50:42: WARNING[Main]: No craft recipe known for output 'grug_materials:pick_silversteel'
2026-09-23 17:50:42: WARNING[Main]: No craft recipe known for output 'grug_materials:shovel_silversteel'
2026-09-23 17:50:42: WARNING[Main]: No craft recipe known for output 'grug_materials:axe_silversteel'
2026-09-23 17:50:42: WARNING[Main]: No craft recipe known for output 'grug_gear:dagger_silversteel'
2026-09-23 17:50:42: WARNING[Main]: No craft recipe known for output 'grug_gear:greataxe_silversteel'
2026-09-23 17:50:42: WARNING[Main]: No craft recipe known for output 'grug_gear:wand_silversteel'
2026-09-23 17:50:42: WARNING[Main]: No craft recipe known for output 'grug_gear:staff_silversteel'
2026-09-23 17:50:42: WARNING[Main]: No craft recipe known for output 'grug_gear:bow_silversteel'
2026-09-23 17:50:42: WARNING[Main]: No craft recipe known for output 'grug_gear:shield_silversteel'
2026-09-23 17:50:42: WARNING[Main]: No craft recipe known for output 'grug_gear:legs_metal_silversteel'
2026-09-23 17:50:42: WARNING[Main]: No craft recipe known for output 'grug_gear:head_metal_silversteel'
2026-09-23 17:50:42: WARNING[Main]: No craft recipe known for output 'grug_gear:chest_metal_silversteel'
2026-09-23 17:50:42: WARNING[Main]: No craft recipe known for output 'grug_gear:feet_metal_silversteel'
2026-09-23 17:50:42: WARNING[Main]: No craft recipe known for output 'grug_gear:legs_cloth_silkweave'
2026-09-23 17:50:42: WARNING[Main]: No craft recipe known for output 'grug_gear:head_cloth_silkweave'
2026-09-23 17:50:42: WARNING[Main]: No craft recipe known for output 'grug_gear:chest_cloth_silkweave'
2026-09-23 17:50:42: WARNING[Main]: No craft recipe known for output 'grug_gear:feet_cloth_silkweave'
2026-09-23 17:50:42: WARNING[Main]: No craft recipe known for output 'grug_gear:legs_leather_scaled'
2026-09-23 17:50:42: WARNING[Main]: No craft recipe known for output 'grug_gear:head_leather_scaled'
2026-09-23 17:50:42: WARNING[Main]: No craft recipe known for output 'grug_gear:chest_leather_scaled'
2026-09-23 17:50:42: WARNING[Main]: No craft recipe known for output 'grug_gear:feet_leather_scaled'
2026-09-23 17:50:42: WARNING[Main]: No craft recipe known for output 'grug_gear:sword_embersteel'
2026-09-23 17:50:42: WARNING[Main]: No craft recipe known for output 'grug_materials:pick_embersteel'
2026-09-23 17:50:42: WARNING[Main]: No craft recipe known for output 'grug_materials:shovel_embersteel'
2026-09-23 17:50:42: WARNING[Main]: No craft recipe known for output 'grug_materials:axe_embersteel'
2026-09-23 17:50:42: WARNING[Main]: No craft recipe known for output 'grug_gear:dagger_embersteel'
2026-09-23 17:50:42: WARNING[Main]: No craft recipe known for output 'grug_gear:greataxe_embersteel'
2026-09-23 17:50:42: WARNING[Main]: No craft recipe known for output 'grug_gear:wand_embersteel'
2026-09-23 17:50:42: WARNING[Main]: No craft recipe known for output 'grug_gear:staff_embersteel'
2026-09-23 17:50:42: WARNING[Main]: No craft recipe known for output 'grug_gear:bow_embersteel'
2026-09-23 17:50:42: WARNING[Main]: No craft recipe known for output 'grug_gear:shield_embersteel'
2026-09-23 17:50:42: WARNING[Main]: No craft recipe known for output 'grug_gear:legs_metal_embersteel'
2026-09-23 17:50:42: WARNING[Main]: No craft recipe known for output 'grug_gear:head_metal_embersteel'
2026-09-23 17:50:42: WARNING[Main]: No craft recipe known for output 'grug_gear:chest_metal_embersteel'
2026-09-23 17:50:42: WARNING[Main]: No craft recipe known for output 'grug_gear:feet_metal_embersteel'
2026-09-23 17:50:42: WARNING[Main]: No craft recipe known for output 'grug_gear:legs_cloth_silk'
2026-09-23 17:50:42: WARNING[Main]: No craft recipe known for output 'grug_gear:head_cloth_silk'
2026-09-23 17:50:42: WARNING[Main]: No craft recipe known for output 'grug_gear:chest_cloth_silk'
2026-09-23 17:50:42: WARNING[Main]: No craft recipe known for output 'grug_gear:feet_cloth_silk'
2026-09-23 17:50:42: WARNING[Main]: No craft recipe known for output 'grug_gear:legs_leather_sleek'
2026-09-23 17:50:42: WARNING[Main]: No craft recipe known for output 'grug_gear:head_leather_sleek'
2026-09-23 17:50:42: WARNING[Main]: No craft recipe known for output 'grug_gear:chest_leather_sleek'
2026-09-23 17:50:42: WARNING[Main]: No craft recipe known for output 'grug_gear:feet_leather_sleek'
2026-09-23 17:50:42: WARNING[Main]: No craft recipe known for output 'grug_gear:sword_abyssal_steel'
2026-09-23 17:50:42: WARNING[Main]: No craft recipe known for output 'grug_materials:pick_abyssal_steel'
2026-09-23 17:50:42: WARNING[Main]: No craft recipe known for output 'grug_materials:shovel_abyssal_steel'
2026-09-23 17:50:42: WARNING[Main]: No craft recipe known for output 'grug_materials:axe_abyssal_steel'
2026-09-23 17:50:42: WARNING[Main]: No craft recipe known for output 'grug_gear:dagger_abyssal_steel'
2026-09-23 17:50:42: WARNING[Main]: No craft recipe known for output 'grug_gear:greataxe_abyssal_steel'
2026-09-23 17:50:42: WARNING[Main]: No craft recipe known for output 'grug_gear:wand_abyssal_steel'
2026-09-23 17:50:42: WARNING[Main]: No craft recipe known for output 'grug_gear:staff_abyssal_steel'
2026-09-23 17:50:42: WARNING[Main]: No craft recipe known for output 'grug_gear:bow_abyssal_steel'
2026-09-23 17:50:42: WARNING[Main]: No craft recipe known for output 'grug_gear:shield_abyssal_steel'
2026-09-23 17:50:42: WARNING[Main]: No craft recipe known for output 'grug_gear:legs_metal_abyssal_steel'
2026-09-23 17:50:42: WARNING[Main]: No craft recipe known for output 'grug_gear:head_metal_abyssal_steel'
2026-09-23 17:50:42: WARNING[Main]: No craft recipe known for output 'grug_gear:chest_metal_abyssal_steel'
2026-09-23 17:50:42: WARNING[Main]: No craft recipe known for output 'grug_gear:feet_metal_abyssal_steel'
2026-09-23 17:50:42: WARNING[Main]: No craft recipe known for output 'grug_gear:legs_cloth_stormweave'
2026-09-23 17:50:42: WARNING[Main]: No craft recipe known for output 'grug_gear:head_cloth_stormweave'
2026-09-23 17:50:42: WARNING[Main]: No craft recipe known for output 'grug_gear:chest_cloth_stormweave'
2026-09-23 17:50:42: WARNING[Main]: No craft recipe known for output 'grug_gear:feet_cloth_stormweave'
2026-09-23 17:50:42: WARNING[Main]: No craft recipe known for output 'grug_gear:legs_leather_nightscale'
2026-09-23 17:50:42: WARNING[Main]: No craft recipe known for output 'grug_gear:head_leather_nightscale'
2026-09-23 17:50:42: WARNING[Main]: No craft recipe known for output 'grug_gear:chest_leather_nightscale'
2026-09-23 17:50:42: WARNING[Main]: No craft recipe known for output 'grug_gear:feet_leather_nightscale'
2026-09-23 17:50:42: WARNING[Main]: No craft recipe known for output 'grug_gear:arrow'
2026-09-23 17:50:42: WARNING[Main]: No craft recipe known for output 'grug_mobs:light_leather'
2026-09-23 17:50:42: WARNING[Main]: No craft recipe known for output 'grug_professions:cured_leather'
2026-09-23 17:50:42: WARNING[Main]: No craft recipe known for output 'grug_mobs:heavy_leather'
2026-09-23 17:50:42: WARNING[Main]: No craft recipe known for output 'grug_mobs:scaled_hide'
2026-09-23 17:50:42: WARNING[Main]: No craft recipe known for output 'grug_professions:sleek_leather'
2026-09-23 17:50:42: WARNING[Main]: No craft recipe known for output 'grug_professions:nightscale_leather'
2026-09-23 17:50:42: WARNING[Main]: No craft recipe known for output 'grug_professions:bolt_patch'
2026-09-23 17:50:42: WARNING[Main]: No craft recipe known for output 'grug_professions:bolt_woven'
2026-09-23 17:50:42: WARNING[Main]: No craft recipe known for output 'grug_professions:bolt_heavy'
2026-09-23 17:50:42: WARNING[Main]: No craft recipe known for output 'grug_professions:bolt_silkweave'
2026-09-23 17:50:42: WARNING[Main]: No craft recipe known for output 'grug_professions:bolt_silk'
2026-09-23 17:50:42: WARNING[Main]: No craft recipe known for output 'grug_professions:bolt_stormweave'
2026-09-23 17:50:42: ACTION[Main]: [grug_professions] registered Weaponsmith, Armorsmith, Leatherworker and Tailor catalogs
2026-09-23 17:50:42: WARNING[Main]: No craft recipe known for output 'grug_artisans:seasoned_wood'
2026-09-23 17:50:42: WARNING[Main]: No craft recipe known for output 'grug_artisans:polished_wood'
2026-09-23 17:50:42: WARNING[Main]: No craft recipe known for output 'grug_artisans:hardened_wood'
2026-09-23 17:50:42: WARNING[Main]: No craft recipe known for output 'grug_artisans:inlaid_wood'
2026-09-23 17:50:42: WARNING[Main]: No craft recipe known for output 'grug_artisans:lacquered_wood'
2026-09-23 17:50:42: WARNING[Main]: No craft recipe known for output 'grug_artisans:heartwood_wood'
2026-09-23 17:50:42: ACTION[Main]: [grug_artisans] registered Woodcarver and Goldsmith catalogs
2026-09-23 17:50:42: ACTION[Main]: [grug_materials] registry audit passed: 6 tiers, 15 resources, 12 processed forms, 6 race regions
2026-09-23 17:50:42: ACTION[Main]: [grug_smelting] recipe audit passed: 5 cooking, 5 dualfurn, 12 storage pairs, 1 station
2026-09-23 17:50:42: ACTION[Main]: [grug_core] world preparation mode=full cursor=0/8811
2026-09-23 17:50:42: ACTION[Main]: [pregen_diag] {"data":{"emerge_threads":"1","jit":"LuaJIT 2.1.1784272936","seed":"8675309","step":"0.09","version":{"is_dev":false,"project":"Luanti","proto_max":53,"proto_min":37,"string":"5.17.0"}},"kind":"settings","us":33888766892}
2026-09-23 17:50:42: ACTION[Main]: [grug_visuals] 72 armor pieces indexed for overlays, 3 art lines x 4 slots
2026-09-23 17:50:42: ACTION[Main]: [grug_mobs] settlement work activities: tools 7, weapon families 1, all registered
2026-09-23 17:50:42: ACTION[Main]: [grug_inventory] starter weapons: mage=grug_gear:staff_bronze (2H), priest=grug_gear:staff_bronze (2H), scout=grug_gear:bow_bronze (2H), warrior=grug_gear:sword_bronze
2026-09-23 17:50:42: ACTION[Main]: [grug_traders] 12 profession shelves, 98 offers, all registered
2026-09-23 17:50:42: ACTION[Main]: [grug_traders] dwarf capital vendors come from the sockets of dur_brannoc
2026-09-23 17:50:42: ACTION[Main]: [grug_traders] elf capital vendors come from the sockets of lethariel
2026-09-23 17:50:42: ACTION[Main]: [grug_traders] human capital vendors come from the sockets of highcourt
2026-09-23 17:50:42: ACTION[Main]: [grug_traders] orc capital vendors come from the sockets of gor_drazhak
2026-09-23 17:50:42: ACTION[Main]: [grug_traders] troll capital vendors come from the sockets of kezamba
2026-09-23 17:50:42: ACTION[Main]: [grug_traders] undead capital vendors come from the sockets of nhal_veyr
2026-09-23 17:50:42: ACTION[Main]: [grug_traders] 30 settlements indexed for profession vendor appearance
2026-09-23 17:50:42: ACTION[Main]: [grug_traders] drop audit: 3 mob(s) use a `drops` FUNCTION and cannot be walked statically (grug_mobs:bandit, grug_mobs:bandit_archer, grug_mobs:poacher); their items are audited from the hardcoded FUNCTION_DROPS list
2026-09-23 17:50:42: WARNING[Main]: [grug_traders] no vendor price for dropped item 'default:apple' (dropped by grug_mobs:ashen_treant, grug_mobs:gravewood_treant) — add a _grug_sell_price to its def or a grug_traders.set_price override; traders must buy every mob drop (economy.md §3)
2026-09-23 17:50:42: WARNING[Main]: [grug_traders] no vendor price for dropped item 'default:stick' (dropped by grug_mobs:ashen_treant, grug_mobs:gravewood_treant) — add a _grug_sell_price to its def or a grug_traders.set_price override; traders must buy every mob drop (economy.md §3)
2026-09-23 17:50:43: ACTION[Main]: [grug_fishing] tables=6 entries=18 weight=100 bite=3..10s rod_uses=64
2026-09-23 17:50:43: ACTION[Main]: World at [/home/jan/projects/grudgelands/tools/wp40/results/pregen-cpu-diagnosis-20260923/world]
2026-09-23 17:50:43: ACTION[Main]: Server for gameid="grudgelands" listening on 127.0.0.1:32989.
2026-09-23 17:50:43: ACTION[Server]: [pregen_diag] {"data":{"actions":null,"callbacks":0,"cursor":0,"dispatches":0,"failed":false,"pending":false,"persist_us":193,"persists":1,"scan_steps":0,"scan_us":0,"steps":1},"kind":"sample","us":33889045178}
2026-09-23 17:50:43: ACTION[Server]: [pregen_diag] {"data":{"cursor":0,"hi":{"x":-3873,"y":47,"z":-3473},"id":1,"lo":{"x":-3952,"y":-32,"z":-3552},"selection":{"index":1,"inner":0,"x":-3952,"y_max":-32,"y_min":-32,"z":-3552}},"kind":"dispatch","us":33889229614}
2026-09-23 17:50:48: ACTION[Server]: [pregen_diag] {"data":{"actions":null,"callbacks":0,"cursor":0,"dispatches":1,"failed":false,"pending":true,"persist_us":290,"persists":1,"scan_steps":2,"scan_us":7015,"selection":{"index":1,"inner":0,"x":-3952,"y_max":-32,"y_min":-32,"z":-3552},"step_max_us":91241,"step_us":5049049,"steps":56},"kind":"sample","us":33894094227}
2026-09-23 17:50:53: ACTION[Server]: [pregen_diag] {"data":{"actions":null,"callbacks":0,"cursor":0,"dispatches":1,"failed":false,"pending":true,"persist_us":0,"persists":0,"scan_steps":0,"scan_us":0,"selection":{"index":1,"inner":0,"x":-3952,"y_max":-32,"y_min":-32,"z":-3552},"step_max_us":90915,"step_us":5047756,"steps":56},"kind":"sample","us":33899141984}
2026-09-23 17:50:58: ACTION[Server]: [pregen_diag] {"data":{"actions":null,"callbacks":0,"cursor":0,"dispatches":1,"failed":false,"pending":true,"persist_us":0,"persists":0,"scan_steps":0,"scan_us":0,"selection":{"index":1,"inner":0,"x":-3952,"y_max":-32,"y_min":-32,"z":-3552},"step_max_us":90854,"step_us":5047180,"steps":56},"kind":"sample","us":33904189163}
2026-09-23 17:50:59: ACTION[Emerge-0]: [pregen_diag] {"data":{"actions":{"2":124,"4":1},"cursor":1,"duration_us":15893156,"id":1},"kind":"complete","us":33905122771}
2026-09-23 17:50:59: ACTION[Server]: [pregen_diag] {"data":{"cursor":1,"gap_us":151356,"hi":{"x":-3793,"y":47,"z":-3473},"id":2,"lo":{"x":-3872,"y":-32,"z":-3552},"selection":{"index":2,"inner":0,"x":-3872,"y_max":-32,"y_min":-32,"z":-3552}},"kind":"dispatch","us":33905274125}
2026-09-23 17:50:59: ACTION[Emerge-0]: [pregen_diag] {"data":{"actions":{"2":248,"4":2},"cursor":2,"duration_us":175610,"id":2},"kind":"complete","us":33905449736}
2026-09-23 17:50:59: ACTION[Server]: [pregen_diag] {"data":{"cursor":2,"gap_us":95462,"hi":{"x":-3713,"y":47,"z":-3473},"id":3,"lo":{"x":-3792,"y":-32,"z":-3552},"selection":{"index":3,"inner":0,"x":-3792,"y_max":-32,"y_min":-32,"z":-3552}},"kind":"dispatch","us":33905545198}
2026-09-23 17:50:59: ACTION[Emerge-0]: [pregen_diag] {"data":{"actions":{"2":372,"4":3},"cursor":3,"duration_us":186992,"id":3},"kind":"complete","us":33905732190}
2026-09-23 17:51:00: ACTION[Server]: [pregen_diag] {"data":{"cursor":3,"gap_us":173722,"hi":{"x":-3633,"y":47,"z":-3473},"id":4,"lo":{"x":-3712,"y":-32,"z":-3552},"selection":{"index":4,"inner":0,"x":-3712,"y_max":-32,"y_min":-32,"z":-3552}},"kind":"dispatch","us":33905905911}
2026-09-23 17:51:00: ACTION[Emerge-0]: [pregen_diag] {"data":{"actions":{"2":496,"4":4},"cursor":4,"duration_us":178642,"id":4},"kind":"complete","us":33906084554}
2026-09-23 17:51:00: ACTION[Server]: [pregen_diag] {"data":{"cursor":4,"gap_us":182228,"hi":{"x":-3553,"y":47,"z":-3473},"id":5,"lo":{"x":-3632,"y":-32,"z":-3552},"selection":{"index":5,"inner":0,"x":-3632,"y_max":-32,"y_min":-32,"z":-3552}},"kind":"dispatch","us":33906266782}
2026-09-23 17:51:00: ACTION[Emerge-0]: [pregen_diag] {"data":{"actions":{"2":620,"4":5},"cursor":5,"duration_us":177709,"id":5},"kind":"complete","us":33906444491}
2026-09-23 17:51:00: ACTION[Server]: [pregen_diag] {"data":{"cursor":5,"gap_us":93084,"hi":{"x":-3473,"y":47,"z":-3473},"id":6,"lo":{"x":-3552,"y":-32,"z":-3552},"selection":{"index":6,"inner":0,"x":-3552,"y_max":-32,"y_min":-32,"z":-3552}},"kind":"dispatch","us":33906537575}
2026-09-23 17:51:00: ACTION[Emerge-0]: [pregen_diag] {"data":{"actions":{"2":744,"4":6},"cursor":6,"duration_us":176214,"id":6},"kind":"complete","us":33906713789}
2026-09-23 17:51:00: ACTION[Server]: [pregen_diag] {"data":{"cursor":6,"gap_us":94596,"hi":{"x":-3393,"y":47,"z":-3473},"id":7,"lo":{"x":-3472,"y":-32,"z":-3552},"selection":{"index":7,"inner":0,"x":-3472,"y_max":-32,"y_min":-32,"z":-3552}},"kind":"dispatch","us":33906808385}
2026-09-23 17:51:01: ACTION[Emerge-0]: [pregen_diag] {"data":{"actions":{"2":868,"4":7},"cursor":7,"duration_us":177470,"id":7},"kind":"complete","us":33906985878}
2026-09-23 17:51:01: ACTION[Server]: [pregen_diag] {"data":{"cursor":7,"gap_us":93395,"hi":{"x":-3313,"y":47,"z":-3473},"id":8,"lo":{"x":-3392,"y":-32,"z":-3552},"selection":{"index":8,"inner":0,"x":-3392,"y_max":-32,"y_min":-32,"z":-3552}},"kind":"dispatch","us":33907079250}
2026-09-23 17:51:01: ACTION[Emerge-0]: [pregen_diag] {"data":{"actions":{"2":992,"4":8},"cursor":8,"duration_us":178273,"id":8},"kind":"complete","us":33907257523}
2026-09-23 17:51:01: ACTION[Server]: [pregen_diag] {"data":{"cursor":8,"gap_us":92454,"hi":{"x":-3233,"y":47,"z":-3473},"id":9,"lo":{"x":-3312,"y":-32,"z":-3552},"selection":{"index":9,"inner":0,"x":-3312,"y_max":-32,"y_min":-32,"z":-3552}},"kind":"dispatch","us":33907349977}
2026-09-23 17:51:01: ACTION[Emerge-0]: [pregen_diag] {"data":{"actions":{"2":1116,"4":9},"cursor":9,"duration_us":178760,"id":9},"kind":"complete","us":33907528737}
2026-09-23 17:51:01: ACTION[Server]: [pregen_diag] {"data":{"cursor":9,"gap_us":182338,"hi":{"x":-3153,"y":47,"z":-3473},"id":10,"lo":{"x":-3232,"y":-32,"z":-3552},"selection":{"index":10,"inner":0,"x":-3232,"y_max":-32,"y_min":-32,"z":-3552}},"kind":"dispatch","us":33907711075}
2026-09-23 17:51:02: ACTION[Emerge-0]: [pregen_diag] {"data":{"actions":{"2":1240,"4":10},"cursor":10,"duration_us":176868,"id":10},"kind":"complete","us":33907887943}
2026-09-23 17:51:02: ACTION[Server]: [pregen_diag] {"data":{"cursor":10,"gap_us":93820,"hi":{"x":-3073,"y":47,"z":-3473},"id":11,"lo":{"x":-3152,"y":-32,"z":-3552},"selection":{"index":11,"inner":0,"x":-3152,"y_max":-32,"y_min":-32,"z":-3552}},"kind":"dispatch","us":33907981763}
2026-09-23 17:51:02: ACTION[Emerge-0]: [pregen_diag] {"data":{"actions":{"2":1364,"4":11},"cursor":11,"duration_us":176491,"id":11},"kind":"complete","us":33908158255}
2026-09-23 17:51:02: ACTION[Server]: [pregen_diag] {"data":{"cursor":11,"gap_us":94246,"hi":{"x":-2993,"y":47,"z":-3473},"id":12,"lo":{"x":-3072,"y":-32,"z":-3552},"selection":{"index":12,"inner":0,"x":-3072,"y_max":-32,"y_min":-32,"z":-3552}},"kind":"dispatch","us":33908252500}
2026-09-23 17:51:02: ACTION[Emerge-0]: [pregen_diag] {"data":{"actions":{"2":1488,"4":12},"cursor":12,"duration_us":169798,"id":12},"kind":"complete","us":33908422298}
2026-09-23 17:51:02: ACTION[Server]: [pregen_diag] {"data":{"cursor":12,"gap_us":101018,"hi":{"x":-2913,"y":47,"z":-3473},"id":13,"lo":{"x":-2992,"y":-32,"z":-3552},"selection":{"index":13,"inner":0,"x":-2992,"y_max":-32,"y_min":-32,"z":-3552}},"kind":"dispatch","us":33908523339}
2026-09-23 17:51:02: ACTION[Emerge-0]: [pregen_diag] {"data":{"actions":{"2":1612,"4":13},"cursor":13,"duration_us":172999,"id":13},"kind":"complete","us":33908696316}
2026-09-23 17:51:02: ACTION[Server]: [pregen_diag] {"data":{"cursor":13,"gap_us":97751,"hi":{"x":-2833,"y":47,"z":-3473},"id":14,"lo":{"x":-2912,"y":-32,"z":-3552},"selection":{"index":14,"inner":0,"x":-2912,"y_max":-32,"y_min":-32,"z":-3552}},"kind":"dispatch","us":33908794066}
2026-09-23 17:51:03: ACTION[Emerge-0]: [pregen_diag] {"data":{"actions":{"2":1736,"4":14},"cursor":14,"duration_us":170038,"id":14},"kind":"complete","us":33908964104}
2026-09-23 17:51:03: ACTION[Server]: [pregen_diag] {"data":{"cursor":14,"gap_us":100552,"hi":{"x":-2753,"y":47,"z":-3473},"id":15,"lo":{"x":-2832,"y":-32,"z":-3552},"selection":{"index":15,"inner":0,"x":-2832,"y_max":-32,"y_min":-32,"z":-3552}},"kind":"dispatch","us":33909064655}
2026-09-23 17:51:03: ACTION[Emerge-0]: [pregen_diag] {"data":{"actions":{"2":1860,"4":15},"cursor":15,"duration_us":178156,"id":15},"kind":"complete","us":33909242812}
2026-09-23 17:51:03: ACTION[Server]: [pregen_diag] {"data":{"actions":{"2":1860,"4":15},"callbacks":1875,"cursor":15,"dispatches":15,"failed":false,"pending":false,"persist_us":3196,"persists":29,"scan_steps":28,"scan_us":88331,"step_max_us":90796,"step_us":5053749,"steps":56},"kind":"sample","us":33909242912}
2026-09-23 17:51:03: ACTION[Server]: [pregen_diag] {"data":{"cursor":15,"gap_us":93125,"hi":{"x":-2673,"y":47,"z":-3473},"id":16,"lo":{"x":-2752,"y":-32,"z":-3552},"selection":{"index":16,"inner":0,"x":-2752,"y_max":-32,"y_min":-32,"z":-3552}},"kind":"dispatch","us":33909335936}
2026-09-23 17:51:03: ACTION[Emerge-0]: [pregen_diag] {"data":{"actions":{"2":1984,"4":16},"cursor":16,"duration_us":181106,"id":16},"kind":"complete","us":33909517044}
2026-09-23 17:51:03: ACTION[Server]: [pregen_diag] {"data":{"cursor":16,"gap_us":180097,"hi":{"x":-2593,"y":47,"z":-3473},"id":17,"lo":{"x":-2672,"y":-32,"z":-3552},"selection":{"index":17,"inner":0,"x":-2672,"y_max":-32,"y_min":-32,"z":-3552}},"kind":"dispatch","us":33909697140}
2026-09-23 17:51:04: ACTION[Emerge-0]: [pregen_diag] {"data":{"actions":{"2":2108,"4":17},"cursor":17,"duration_us":172543,"id":17},"kind":"complete","us":33909869684}
2026-09-23 17:51:04: ACTION[Server]: [pregen_diag] {"data":{"cursor":17,"gap_us":98068,"hi":{"x":-2513,"y":47,"z":-3473},"id":18,"lo":{"x":-2592,"y":-32,"z":-3552},"selection":{"index":18,"inner":0,"x":-2592,"y_max":-32,"y_min":-32,"z":-3552}},"kind":"dispatch","us":33909967751}
2026-09-23 17:51:04: ACTION[Emerge-0]: [pregen_diag] {"data":{"actions":{"2":2232,"4":18},"cursor":18,"duration_us":178642,"id":18},"kind":"complete","us":33910146394}
2026-09-23 17:51:04: ACTION[Server]: [pregen_diag] {"data":{"cursor":18,"gap_us":182174,"hi":{"x":-2433,"y":47,"z":-3473},"id":19,"lo":{"x":-2512,"y":-32,"z":-3552},"selection":{"index":19,"inner":0,"x":-2512,"y_max":-32,"y_min":-32,"z":-3552}},"kind":"dispatch","us":33910328567}
2026-09-23 17:51:04: ACTION[Emerge-0]: [pregen_diag] {"data":{"actions":{"2":2356,"4":19},"cursor":19,"duration_us":236210,"id":19},"kind":"complete","us":33910564777}
2026-09-23 17:51:04: ACTION[Server]: [pregen_diag] {"data":{"cursor":19,"gap_us":124857,"hi":{"x":-2353,"y":47,"z":-3473},"id":20,"lo":{"x":-2432,"y":-32,"z":-3552},"selection":{"index":20,"inner":0,"x":-2432,"y_max":-32,"y_min":-32,"z":-3552}},"kind":"dispatch","us":33910689634}
2026-09-23 17:51:05: ACTION[Emerge-0]: [pregen_diag] {"data":{"actions":{"2":2480,"4":20},"cursor":20,"duration_us":175981,"id":20},"kind":"complete","us":33910865615}
2026-09-23 17:51:05: ACTION[Server]: [pregen_diag] {"data":{"cursor":20,"gap_us":94619,"hi":{"x":-2273,"y":47,"z":-3473},"id":21,"lo":{"x":-2352,"y":-32,"z":-3552},"selection":{"index":21,"inner":0,"x":-2352,"y_max":-32,"y_min":-32,"z":-3552}},"kind":"dispatch","us":33910960235}
2026-09-23 17:51:05: ACTION[Emerge-0]: [pregen_diag] {"data":{"actions":{"2":2604,"4":21},"cursor":21,"duration_us":173073,"id":21},"kind":"complete","us":33911133308}
2026-09-23 17:51:05: ACTION[Server]: [pregen_diag] {"data":{"cursor":21,"gap_us":97578,"hi":{"x":-2193,"y":47,"z":-3473},"id":22,"lo":{"x":-2272,"y":-32,"z":-3552},"selection":{"index":22,"inner":0,"x":-2272,"y_max":-32,"y_min":-32,"z":-3552}},"kind":"dispatch","us":33911230885}
2026-09-23 17:51:05: ACTION[Emerge-0]: [pregen_diag] {"data":{"actions":{"2":2728,"4":22},"cursor":22,"duration_us":174245,"id":22},"kind":"complete","us":33911405131}
2026-09-23 17:51:05: ACTION[Server]: [pregen_diag] {"data":{"cursor":22,"gap_us":96492,"hi":{"x":-2113,"y":47,"z":-3473},"id":23,"lo":{"x":-2192,"y":-32,"z":-3552},"selection":{"index":23,"inner":0,"x":-2192,"y_max":-32,"y_min":-32,"z":-3552}},"kind":"dispatch","us":33911501622}
2026-09-23 17:51:05: ACTION[Emerge-0]: [pregen_diag] {"data":{"actions":{"2":2852,"4":23},"cursor":23,"duration_us":176400,"id":23},"kind":"complete","us":33911678022}
2026-09-23 17:51:05: ACTION[Server]: [pregen_diag] {"data":{"cursor":23,"gap_us":94396,"hi":{"x":-2033,"y":47,"z":-3473},"id":24,"lo":{"x":-2112,"y":-32,"z":-3552},"selection":{"index":24,"inner":0,"x":-2112,"y_max":-32,"y_min":-32,"z":-3552}},"kind":"dispatch","us":33911772417}
2026-09-23 17:51:06: ACTION[Emerge-0]: [pregen_diag] {"data":{"actions":{"2":2976,"4":24},"cursor":24,"duration_us":181832,"id":24},"kind":"complete","us":33911954250}
2026-09-23 17:51:06: ACTION[Server]: [pregen_diag] {"data":{"cursor":24,"gap_us":179350,"hi":{"x":-1953,"y":47,"z":-3473},"id":25,"lo":{"x":-2032,"y":-32,"z":-3552},"selection":{"index":25,"inner":0,"x":-2032,"y_max":-32,"y_min":-32,"z":-3552}},"kind":"dispatch","us":33912133600}
2026-09-23 17:51:06: ACTION[Emerge-0]: [pregen_diag] {"data":{"actions":{"2":3100,"4":25},"cursor":25,"duration_us":177665,"id":25},"kind":"complete","us":33912311266}
2026-09-23 17:51:06: ACTION[Server]: [pregen_diag] {"data":{"cursor":25,"gap_us":93076,"hi":{"x":-1873,"y":47,"z":-3473},"id":26,"lo":{"x":-1952,"y":-32,"z":-3552},"selection":{"index":26,"inner":0,"x":-1952,"y_max":-32,"y_min":-32,"z":-3552}},"kind":"dispatch","us":33912404341}
2026-09-23 17:51:06: ACTION[Emerge-0]: [pregen_diag] {"data":{"actions":{"2":3224,"4":26},"cursor":26,"duration_us":177935,"id":26},"kind":"complete","us":33912582277}
2026-09-23 17:51:06: ACTION[Server]: [pregen_diag] {"data":{"cursor":26,"gap_us":92944,"hi":{"x":-1793,"y":47,"z":-3473},"id":27,"lo":{"x":-1872,"y":-32,"z":-3552},"selection":{"index":27,"inner":0,"x":-1872,"y_max":-32,"y_min":-32,"z":-3552}},"kind":"dispatch","us":33912675219}
2026-09-23 17:51:07: ACTION[Emerge-0]: [pregen_diag] {"data":{"actions":{"2":3348,"4":27},"cursor":27,"duration_us":180903,"id":27},"kind":"complete","us":33912856124}
2026-09-23 17:51:07: ACTION[Server]: [pregen_diag] {"data":{"cursor":27,"gap_us":181514,"hi":{"x":-1713,"y":47,"z":-3473},"id":28,"lo":{"x":-1792,"y":-32,"z":-3552},"selection":{"index":28,"inner":0,"x":-1792,"y_max":-32,"y_min":-32,"z":-3552}},"kind":"dispatch","us":33913037637}
2026-09-23 17:51:07: ACTION[Emerge-0]: [pregen_diag] {"data":{"actions":{"2":3472,"4":28},"cursor":28,"duration_us":179640,"id":28},"kind":"complete","us":33913217277}
2026-09-23 17:51:07: ACTION[Server]: [pregen_diag] {"data":{"cursor":28,"gap_us":180188,"hi":{"x":-1633,"y":47,"z":-3473},"id":29,"lo":{"x":-1712,"y":-32,"z":-3552},"selection":{"index":29,"inner":0,"x":-1712,"y_max":-32,"y_min":-32,"z":-3552}},"kind":"dispatch","us":33913397465}
2026-09-23 17:51:07: ACTION[Emerge-0]: [pregen_diag] {"data":{"actions":{"2":3596,"4":29},"cursor":29,"duration_us":179136,"id":29},"kind":"complete","us":33913576602}
2026-09-23 17:51:07: ACTION[Server]: [pregen_diag] {"data":{"cursor":29,"gap_us":181672,"hi":{"x":-1553,"y":47,"z":-3473},"id":30,"lo":{"x":-1632,"y":-32,"z":-3552},"selection":{"index":30,"inner":0,"x":-1632,"y_max":-32,"y_min":-32,"z":-3552}},"kind":"dispatch","us":33913758273}
2026-09-23 17:51:08: ACTION[Emerge-0]: [pregen_diag] {"data":{"actions":{"2":3720,"4":30},"cursor":30,"duration_us":180952,"id":30},"kind":"complete","us":33913939225}
2026-09-23 17:51:08: ACTION[Server]: [pregen_diag] {"data":{"cursor":30,"gap_us":179739,"hi":{"x":-1473,"y":47,"z":-3473},"id":31,"lo":{"x":-1552,"y":-32,"z":-3552},"selection":{"index":31,"inner":0,"x":-1552,"y_max":-32,"y_min":-32,"z":-3552}},"kind":"dispatch","us":33914118964}
2026-09-23 17:51:08: ACTION[Emerge-0]: [pregen_diag] {"data":{"actions":{"2":3844,"4":31},"cursor":31,"duration_us":178385,"id":31},"kind":"complete","us":33914297349}
2026-09-23 17:51:08: ACTION[Server]: [pregen_diag] {"data":{"actions":{"2":3844,"4":31},"callbacks":3875,"cursor":31,"dispatches":31,"failed":false,"pending":false,"persist_us":2492,"persists":32,"scan_steps":32,"scan_us":99549,"step_max_us":92179,"step_us":5054505,"steps":56},"kind":"sample","us":33914297416}
2026-09-23 17:51:08: ACTION[Server]: [pregen_diag] {"data":{"cursor":31,"gap_us":93010,"hi":{"x":-1393,"y":47,"z":-3473},"id":32,"lo":{"x":-1472,"y":-32,"z":-3552},"selection":{"index":32,"inner":0,"x":-1472,"y_max":-32,"y_min":-32,"z":-3552}},"kind":"dispatch","us":33914390359}
2026-09-23 17:51:08: ACTION[Emerge-0]: [pregen_diag] {"data":{"actions":{"2":3968,"4":32},"cursor":32,"duration_us":174206,"id":32},"kind":"complete","us":33914564566}
2026-09-23 17:51:08: ACTION[Server]: [pregen_diag] {"data":{"cursor":32,"gap_us":96481,"hi":{"x":-1313,"y":47,"z":-3473},"id":33,"lo":{"x":-1392,"y":-32,"z":-3552},"selection":{"index":33,"inner":0,"x":-1392,"y_max":-32,"y_min":-32,"z":-3552}},"kind":"dispatch","us":33914661046}
2026-09-23 17:51:08: ACTION[Emerge-0]: [pregen_diag] {"data":{"actions":{"2":4092,"4":33},"cursor":33,"duration_us":174559,"id":33},"kind":"complete","us":33914835605}
2026-09-23 17:51:09: ACTION[Server]: [pregen_diag] {"data":{"cursor":33,"gap_us":96037,"hi":{"x":-1233,"y":47,"z":-3473},"id":34,"lo":{"x":-1312,"y":-32,"z":-3552},"selection":{"index":34,"inner":0,"x":-1312,"y_max":-32,"y_min":-32,"z":-3552}},"kind":"dispatch","us":33914931642}
2026-09-23 17:51:09: ACTION[Emerge-0]: [pregen_diag] {"data":{"actions":{"2":4216,"4":34},"cursor":34,"duration_us":177628,"id":34},"kind":"complete","us":33915109270}
2026-09-23 17:51:09: ACTION[Server]: [pregen_diag] {"data":{"cursor":34,"gap_us":93096,"hi":{"x":-1153,"y":47,"z":-3473},"id":35,"lo":{"x":-1232,"y":-32,"z":-3552},"selection":{"index":35,"inner":0,"x":-1232,"y_max":-32,"y_min":-32,"z":-3552}},"kind":"dispatch","us":33915202366}
2026-09-23 17:51:09: ACTION[Emerge-0]: [pregen_diag] {"data":{"actions":{"2":4340,"4":35},"cursor":35,"duration_us":181081,"id":35},"kind":"complete","us":33915383447}
2026-09-23 17:51:09: ACTION[Server]: [pregen_diag] {"data":{"cursor":35,"gap_us":180204,"hi":{"x":-1073,"y":47,"z":-3473},"id":36,"lo":{"x":-1152,"y":-32,"z":-3552},"selection":{"index":36,"inner":0,"x":-1152,"y_max":-32,"y_min":-32,"z":-3552}},"kind":"dispatch","us":33915563650}
2026-09-23 17:51:09: ACTION[Emerge-0]: [pregen_diag] {"data":{"actions":{"2":4464,"4":36},"cursor":36,"duration_us":176723,"id":36},"kind":"complete","us":33915740375}
2026-09-23 17:51:09: ACTION[Server]: [pregen_diag] {"data":{"cursor":36,"gap_us":94077,"hi":{"x":-993,"y":47,"z":-3473},"id":37,"lo":{"x":-1072,"y":-32,"z":-3552},"selection":{"index":37,"inner":0,"x":-1072,"y_max":-32,"y_min":-32,"z":-3552}},"kind":"dispatch","us":33915834450}
2026-09-23 17:51:10: ACTION[Emerge-0]: [pregen_diag] {"data":{"actions":{"2":4588,"4":37},"cursor":37,"duration_us":173431,"id":37},"kind":"complete","us":33916007882}
2026-09-23 17:51:10: ACTION[Server]: [pregen_diag] {"data":{"cursor":37,"gap_us":97218,"hi":{"x":-913,"y":47,"z":-3473},"id":38,"lo":{"x":-992,"y":-32,"z":-3552},"selection":{"index":38,"inner":0,"x":-992,"y_max":-32,"y_min":-32,"z":-3552}},"kind":"dispatch","us":33916105100}
2026-09-23 17:51:10: ACTION[Emerge-0]: [pregen_diag] {"data":{"actions":{"2":4712,"4":38},"cursor":38,"duration_us":176217,"id":38},"kind":"complete","us":33916281317}
2026-09-23 17:51:10: ACTION[Server]: [pregen_diag] {"data":{"cursor":38,"gap_us":94405,"hi":{"x":-833,"y":47,"z":-3473},"id":39,"lo":{"x":-912,"y":-32,"z":-3552},"selection":{"index":39,"inner":0,"x":-912,"y_max":-32,"y_min":-32,"z":-3552}},"kind":"dispatch","us":33916375722}
2026-09-23 17:51:10: ACTION[Emerge-0]: [pregen_diag] {"data":{"actions":{"2":4836,"4":39},"cursor":39,"duration_us":175370,"id":39},"kind":"complete","us":33916551092}
2026-09-23 17:51:10: ACTION[Server]: [pregen_diag] {"data":{"cursor":39,"gap_us":95210,"hi":{"x":-753,"y":47,"z":-3473},"id":40,"lo":{"x":-832,"y":-32,"z":-3552},"selection":{"index":40,"inner":0,"x":-832,"y_max":-32,"y_min":-32,"z":-3552}},"kind":"dispatch","us":33916646302}
2026-09-23 17:51:10: ACTION[Emerge-0]: [pregen_diag] {"data":{"actions":{"2":4960,"4":40},"cursor":40,"duration_us":174892,"id":40},"kind":"complete","us":33916821194}
2026-09-23 17:51:11: ACTION[Server]: [pregen_diag] {"data":{"cursor":40,"gap_us":95655,"hi":{"x":-673,"y":47,"z":-3473},"id":41,"lo":{"x":-752,"y":-32,"z":-3552},"selection":{"index":41,"inner":0,"x":-752,"y_max":-32,"y_min":-32,"z":-3552}},"kind":"dispatch","us":33916916850}
2026-09-23 17:51:11: ACTION[Emerge-0]: [pregen_diag] {"data":{"actions":{"2":5084,"4":41},"cursor":41,"duration_us":177880,"id":41},"kind":"complete","us":33917094730}
2026-09-23 17:51:11: ACTION[Server]: [pregen_diag] {"data":{"cursor":41,"gap_us":92876,"hi":{"x":-593,"y":47,"z":-3473},"id":42,"lo":{"x":-672,"y":-32,"z":-3552},"selection":{"index":42,"inner":0,"x":-672,"y_max":-32,"y_min":-32,"z":-3552}},"kind":"dispatch","us":33917187605}
2026-09-23 17:51:11: ACTION[Emerge-0]: [pregen_diag] {"data":{"actions":{"2":5208,"4":42},"cursor":42,"duration_us":180255,"id":42},"kind":"complete","us":33917367861}
2026-09-23 17:51:11: ACTION[Server]: [pregen_diag] {"data":{"cursor":42,"gap_us":180686,"hi":{"x":-513,"y":47,"z":-3473},"id":43,"lo":{"x":-592,"y":-32,"z":-3552},"selection":{"index":43,"inner":0,"x":-592,"y_max":-32,"y_min":-32,"z":-3552}},"kind":"dispatch","us":33917548546}
2026-09-23 17:51:11: ACTION[Emerge-0]: [pregen_diag] {"data":{"actions":{"2":5332,"4":43},"cursor":43,"duration_us":177294,"id":43},"kind":"complete","us":33917725841}
2026-09-23 17:51:11: ACTION[Server]: [pregen_diag] {"data":{"cursor":43,"gap_us":93477,"hi":{"x":-433,"y":47,"z":-3473},"id":44,"lo":{"x":-512,"y":-32,"z":-3552},"selection":{"index":44,"inner":0,"x":-512,"y_max":-32,"y_min":-32,"z":-3552}},"kind":"dispatch","us":33917819317}
2026-09-23 17:51:12: ACTION[Emerge-0]: [pregen_diag] {"data":{"actions":{"2":5456,"4":44},"cursor":44,"duration_us":175793,"id":44},"kind":"complete","us":33917995110}
2026-09-23 17:51:12: ACTION[Server]: [pregen_diag] {"data":{"cursor":44,"gap_us":94902,"hi":{"x":-353,"y":47,"z":-3473},"id":45,"lo":{"x":-432,"y":-32,"z":-3552},"selection":{"index":45,"inner":0,"x":-432,"y_max":-32,"y_min":-32,"z":-3552}},"kind":"dispatch","us":33918090012}
2026-09-23 17:51:12: ACTION[Emerge-0]: [pregen_diag] {"data":{"actions":{"2":5580,"4":45},"cursor":45,"duration_us":174360,"id":45},"kind":"complete","us":33918264372}
2026-09-23 17:51:12: ACTION[Server]: [pregen_diag] {"data":{"cursor":45,"gap_us":96681,"hi":{"x":-273,"y":47,"z":-3473},"id":46,"lo":{"x":-352,"y":-32,"z":-3552},"selection":{"index":46,"inner":0,"x":-352,"y_max":-32,"y_min":-32,"z":-3552}},"kind":"dispatch","us":33918361053}
2026-09-23 17:51:12: ACTION[Emerge-0]: [pregen_diag] {"data":{"actions":{"2":5704,"4":46},"cursor":46,"duration_us":175496,"id":46},"kind":"complete","us":33918536550}
2026-09-23 17:51:12: ACTION[Server]: [pregen_diag] {"data":{"cursor":46,"gap_us":95144,"hi":{"x":-193,"y":47,"z":-3473},"id":47,"lo":{"x":-272,"y":-32,"z":-3552},"selection":{"index":47,"inner":0,"x":-272,"y_max":-32,"y_min":-32,"z":-3552}},"kind":"dispatch","us":33918631693}
2026-09-23 17:51:12: ACTION[Emerge-0]: [pregen_diag] {"data":{"actions":{"2":5828,"4":47},"cursor":47,"duration_us":172660,"id":47},"kind":"complete","us":33918804353}
2026-09-23 17:51:13: ACTION[Server]: [pregen_diag] {"data":{"cursor":47,"gap_us":97838,"hi":{"x":-113,"y":47,"z":-3473},"id":48,"lo":{"x":-192,"y":-32,"z":-3552},"selection":{"index":48,"inner":0,"x":-192,"y_max":-32,"y_min":-32,"z":-3552}},"kind":"dispatch","us":33918902191}
2026-09-23 17:51:13: ACTION[Emerge-0]: [pregen_diag] {"data":{"actions":{"2":5952,"4":48},"cursor":48,"duration_us":172188,"id":48},"kind":"complete","us":33919074380}
2026-09-23 17:51:13: ACTION[Server]: [pregen_diag] {"data":{"cursor":48,"gap_us":98486,"hi":{"x":-33,"y":47,"z":-3473},"id":49,"lo":{"x":-112,"y":-32,"z":-3552},"selection":{"index":49,"inner":0,"x":-112,"y_max":-32,"y_min":-32,"z":-3552}},"kind":"dispatch","us":33919172865}
2026-09-23 17:51:13: ACTION[Emerge-0]: [pregen_diag] {"data":{"actions":{"2":6076,"4":49},"cursor":49,"duration_us":177617,"id":49},"kind":"complete","us":33919350482}
2026-09-23 17:51:13: ACTION[Server]: [pregen_diag] {"data":{"actions":{"2":6076,"4":49},"callbacks":6125,"cursor":49,"dispatches":49,"failed":false,"pending":false,"persist_us":2900,"persists":36,"scan_steps":36,"scan_us":110868,"step_max_us":92287,"step_us":5054471,"steps":56},"kind":"sample","us":33919351888}
2026-09-23 17:51:13: ACTION[Server]: [pregen_diag] {"data":{"cursor":49,"gap_us":94196,"hi":{"x":47,"y":47,"z":-3473},"id":50,"lo":{"x":-32,"y":-32,"z":-3552},"selection":{"index":50,"inner":0,"x":-32,"y_max":-32,"y_min":-32,"z":-3552}},"kind":"dispatch","us":33919444678}
2026-09-23 17:51:13: ACTION[Emerge-0]: [pregen_diag] {"data":{"actions":{"2":6200,"4":50},"cursor":50,"duration_us":177410,"id":50},"kind":"complete","us":33919622088}
2026-09-23 17:51:13: ACTION[Server]: [pregen_diag] {"data":{"cursor":50,"gap_us":92679,"hi":{"x":127,"y":47,"z":-3473},"id":51,"lo":{"x":48,"y":-32,"z":-3552},"selection":{"index":51,"inner":0,"x":48,"y_max":-32,"y_min":-32,"z":-3552}},"kind":"dispatch","us":33919714767}
2026-09-23 17:51:14: ACTION[Emerge-0]: [pregen_diag] {"data":{"actions":{"2":6324,"4":51},"cursor":51,"duration_us":171784,"id":51},"kind":"complete","us":33919886552}
2026-09-23 17:51:14: ACTION[Server]: [pregen_diag] {"data":{"cursor":51,"gap_us":99284,"hi":{"x":207,"y":47,"z":-3473},"id":52,"lo":{"x":128,"y":-32,"z":-3552},"selection":{"index":52,"inner":0,"x":128,"y_max":-32,"y_min":-32,"z":-3552}},"kind":"dispatch","us":33919985835}
2026-09-23 17:51:14: ACTION[Emerge-0]: [pregen_diag] {"data":{"actions":{"2":6448,"4":52},"cursor":52,"duration_us":168787,"id":52},"kind":"complete","us":33920154623}
2026-09-23 17:51:14: ACTION[Server]: [pregen_diag] {"data":{"cursor":52,"gap_us":102427,"hi":{"x":287,"y":47,"z":-3473},"id":53,"lo":{"x":208,"y":-32,"z":-3552},"selection":{"index":53,"inner":0,"x":208,"y_max":-32,"y_min":-32,"z":-3552}},"kind":"dispatch","us":33920257049}
2026-09-23 17:51:14: ACTION[Emerge-0]: [pregen_diag] {"data":{"actions":{"2":6572,"4":53},"cursor":53,"duration_us":168140,"id":53},"kind":"complete","us":33920425189}
2026-09-23 17:51:14: ACTION[Server]: [pregen_diag] {"data":{"cursor":53,"gap_us":103178,"hi":{"x":367,"y":47,"z":-3473},"id":54,"lo":{"x":288,"y":-32,"z":-3552},"selection":{"index":54,"inner":0,"x":288,"y_max":-32,"y_min":-32,"z":-3552}},"kind":"dispatch","us":33920528367}
2026-09-23 17:51:14: ACTION[Emerge-0]: [pregen_diag] {"data":{"actions":{"2":6696,"4":54},"cursor":54,"duration_us":171083,"id":54},"kind":"complete","us":33920699451}
2026-09-23 17:51:14: ACTION[Server]: [pregen_diag] {"data":{"cursor":54,"gap_us":100293,"hi":{"x":447,"y":47,"z":-3473},"id":55,"lo":{"x":368,"y":-32,"z":-3552},"selection":{"index":55,"inner":0,"x":368,"y_max":-32,"y_min":-32,"z":-3552}},"kind":"dispatch","us":33920799743}
2026-09-23 17:51:15: ACTION[Emerge-0]: [pregen_diag] {"data":{"actions":{"2":6820,"4":55},"cursor":55,"duration_us":169880,"id":55},"kind":"complete","us":33920969623}
2026-09-23 17:51:15: ACTION[Server]: [pregen_diag] {"data":{"cursor":55,"gap_us":100420,"hi":{"x":527,"y":47,"z":-3473},"id":56,"lo":{"x":448,"y":-32,"z":-3552},"selection":{"index":56,"inner":0,"x":448,"y_max":-32,"y_min":-32,"z":-3552}},"kind":"dispatch","us":33921070043}
2026-09-23 17:51:15: ACTION[Emerge-0]: [pregen_diag] {"data":{"actions":{"2":6944,"4":56},"cursor":56,"duration_us":170693,"id":56},"kind":"complete","us":33921240736}
2026-09-23 17:51:15: ACTION[Server]: [pregen_diag] {"data":{"cursor":56,"gap_us":100082,"hi":{"x":607,"y":47,"z":-3473},"id":57,"lo":{"x":528,"y":-32,"z":-3552},"selection":{"index":57,"inner":0,"x":528,"y_max":-32,"y_min":-32,"z":-3552}},"kind":"dispatch","us":33921340818}
2026-09-23 17:51:15: ACTION[Emerge-0]: [pregen_diag] {"data":{"actions":{"2":7068,"4":57},"cursor":57,"duration_us":173296,"id":57},"kind":"complete","us":33921514115}
2026-09-23 17:51:15: ACTION[Server]: [pregen_diag] {"data":{"cursor":57,"gap_us":98078,"hi":{"x":687,"y":47,"z":-3473},"id":58,"lo":{"x":608,"y":-32,"z":-3552},"selection":{"index":58,"inner":0,"x":608,"y_max":-32,"y_min":-32,"z":-3552}},"kind":"dispatch","us":33921612192}
2026-09-23 17:51:15: ACTION[Emerge-0]: [pregen_diag] {"data":{"actions":{"2":7192,"4":58},"cursor":58,"duration_us":171252,"id":58},"kind":"complete","us":33921783444}
2026-09-23 17:51:16: ACTION[Server]: [pregen_diag] {"data":{"cursor":58,"gap_us":99010,"hi":{"x":767,"y":47,"z":-3473},"id":59,"lo":{"x":688,"y":-32,"z":-3552},"selection":{"index":59,"inner":0,"x":688,"y_max":-32,"y_min":-32,"z":-3552}},"kind":"dispatch","us":33921882454}
2026-09-23 17:51:16: ACTION[Emerge-0]: [pregen_diag] {"data":{"actions":{"2":7316,"4":59},"cursor":59,"duration_us":172153,"id":59},"kind":"complete","us":33922054607}
2026-09-23 17:51:16: ACTION[Server]: [pregen_diag] {"data":{"cursor":59,"gap_us":99137,"hi":{"x":847,"y":47,"z":-3473},"id":60,"lo":{"x":768,"y":-32,"z":-3552},"selection":{"index":60,"inner":0,"x":768,"y_max":-32,"y_min":-32,"z":-3552}},"kind":"dispatch","us":33922153744}
2026-09-23 17:51:16: ACTION[Emerge-0]: [pregen_diag] {"data":{"actions":{"2":7440,"4":60},"cursor":60,"duration_us":174230,"id":60},"kind":"complete","us":33922327974}
2026-09-23 17:51:16: ACTION[Server]: [pregen_diag] {"data":{"cursor":60,"gap_us":96777,"hi":{"x":927,"y":47,"z":-3473},"id":61,"lo":{"x":848,"y":-32,"z":-3552},"selection":{"index":61,"inner":0,"x":848,"y_max":-32,"y_min":-32,"z":-3552}},"kind":"dispatch","us":33922424751}
2026-09-23 17:51:16: ACTION[Emerge-0]: [pregen_diag] {"data":{"actions":{"2":7564,"4":61},"cursor":61,"duration_us":176480,"id":61},"kind":"complete","us":33922601232}
2026-09-23 17:51:16: ACTION[Server]: [pregen_diag] {"data":{"cursor":61,"gap_us":94481,"hi":{"x":1007,"y":47,"z":-3473},"id":62,"lo":{"x":928,"y":-32,"z":-3552},"selection":{"index":62,"inner":0,"x":928,"y_max":-32,"y_min":-32,"z":-3552}},"kind":"dispatch","us":33922695712}
2026-09-23 17:51:17: ACTION[Emerge-0]: [pregen_diag] {"data":{"actions":{"2":7688,"4":62},"cursor":62,"duration_us":176130,"id":62},"kind":"complete","us":33922871842}
2026-09-23 17:51:17: ACTION[Server]: [pregen_diag] {"data":{"cursor":62,"gap_us":95131,"hi":{"x":1087,"y":47,"z":-3473},"id":63,"lo":{"x":1008,"y":-32,"z":-3552},"selection":{"index":63,"inner":0,"x":1008,"y_max":-32,"y_min":-32,"z":-3552}},"kind":"dispatch","us":33922966973}
2026-09-23 17:51:17: ACTION[Emerge-0]: [pregen_diag] {"data":{"actions":{"2":7812,"4":63},"cursor":63,"duration_us":180209,"id":63},"kind":"complete","us":33923147182}
2026-09-23 17:51:17: ACTION[Server]: [pregen_diag] {"data":{"cursor":63,"gap_us":181449,"hi":{"x":1167,"y":47,"z":-3473},"id":64,"lo":{"x":1088,"y":-32,"z":-3552},"selection":{"index":64,"inner":0,"x":1088,"y_max":-32,"y_min":-32,"z":-3552}},"kind":"dispatch","us":33923328631}
2026-09-23 17:51:17: ACTION[Emerge-0]: [pregen_diag] {"data":{"actions":{"2":7936,"4":64},"cursor":64,"duration_us":181510,"id":64},"kind":"complete","us":33923510141}
2026-09-23 17:51:17: ACTION[Server]: [pregen_diag] {"data":{"cursor":64,"gap_us":180008,"hi":{"x":1247,"y":47,"z":-3473},"id":65,"lo":{"x":1168,"y":-32,"z":-3552},"selection":{"index":65,"inner":0,"x":1168,"y_max":-32,"y_min":-32,"z":-3552}},"kind":"dispatch","us":33923690148}
2026-09-23 17:51:18: ACTION[Emerge-0]: [pregen_diag] {"data":{"actions":{"2":8060,"4":65},"cursor":65,"duration_us":180762,"id":65},"kind":"complete","us":33923870911}
2026-09-23 17:51:18: ACTION[Server]: [pregen_diag] {"data":{"cursor":65,"gap_us":179577,"hi":{"x":1327,"y":47,"z":-3473},"id":66,"lo":{"x":1248,"y":-32,"z":-3552},"selection":{"index":66,"inner":0,"x":1248,"y_max":-32,"y_min":-32,"z":-3552}},"kind":"dispatch","us":33924050488}
2026-09-23 17:51:18: ACTION[Emerge-0]: [pregen_diag] {"data":{"actions":{"2":8184,"4":66},"cursor":66,"duration_us":177225,"id":66},"kind":"complete","us":33924227714}
2026-09-23 17:51:18: ACTION[Server]: [pregen_diag] {"data":{"cursor":66,"gap_us":94632,"hi":{"x":1407,"y":47,"z":-3473},"id":67,"lo":{"x":1328,"y":-32,"z":-3552},"selection":{"index":67,"inner":0,"x":1328,"y_max":-32,"y_min":-32,"z":-3552}},"kind":"dispatch","us":33924322345}
2026-09-23 17:51:18: ACTION[Server]: [pregen_diag] {"data":{"actions":{"2":8184,"4":66},"callbacks":8250,"cursor":66,"dispatches":67,"failed":false,"pending":true,"persist_us":2698,"persists":35,"scan_steps":36,"scan_us":102499,"selection":{"index":67,"inner":0,"x":1328,"y_max":-32,"y_min":-32,"z":-3552},"step_max_us":91947,"step_us":5059641,"steps":56},"kind":"sample","us":33924411530}
2026-09-23 17:51:18: ACTION[Emerge-0]: [pregen_diag] {"data":{"actions":{"2":8308,"4":67},"cursor":67,"duration_us":180758,"id":67},"kind":"complete","us":33924503103}
2026-09-23 17:51:18: ACTION[Server]: [pregen_diag] {"data":{"cursor":67,"gap_us":181073,"hi":{"x":1487,"y":47,"z":-3473},"id":68,"lo":{"x":1408,"y":-32,"z":-3552},"selection":{"index":68,"inner":0,"x":1408,"y_max":-32,"y_min":-32,"z":-3552}},"kind":"dispatch","us":33924684176}
2026-09-23 17:51:19: ACTION[Emerge-0]: [pregen_diag] {"data":{"actions":{"2":8432,"4":68},"cursor":68,"duration_us":179503,"id":68},"kind":"complete","us":33924863680}
2026-09-23 17:51:19: ACTION[Server]: [pregen_diag] {"data":{"cursor":68,"gap_us":181705,"hi":{"x":1567,"y":47,"z":-3473},"id":69,"lo":{"x":1488,"y":-32,"z":-3552},"selection":{"index":69,"inner":0,"x":1488,"y_max":-32,"y_min":-32,"z":-3552}},"kind":"dispatch","us":33925045384}
2026-09-23 17:51:19: ACTION[Emerge-0]: [pregen_diag] {"data":{"actions":{"2":8556,"4":69},"cursor":69,"duration_us":179274,"id":69},"kind":"complete","us":33925224658}
2026-09-23 17:51:19: ACTION[Server]: [pregen_diag] {"data":{"cursor":69,"gap_us":91819,"hi":{"x":1647,"y":47,"z":-3473},"id":70,"lo":{"x":1568,"y":-32,"z":-3552},"selection":{"index":70,"inner":0,"x":1568,"y_max":-32,"y_min":-32,"z":-3552}},"kind":"dispatch","us":33925316477}
2026-09-23 17:51:19: ACTION[Emerge-0]: [pregen_diag] {"data":{"actions":{"2":8680,"4":70},"cursor":70,"duration_us":178844,"id":70},"kind":"complete","us":33925495321}
2026-09-23 17:51:19: ACTION[Server]: [pregen_diag] {"data":{"cursor":70,"gap_us":92013,"hi":{"x":1727,"y":47,"z":-3473},"id":71,"lo":{"x":1648,"y":-32,"z":-3552},"selection":{"index":71,"inner":0,"x":1648,"y_max":-32,"y_min":-32,"z":-3552}},"kind":"dispatch","us":33925587333}
2026-09-23 17:51:19: ACTION[Emerge-0]: [pregen_diag] {"data":{"actions":{"2":8804,"4":71},"cursor":71,"duration_us":175364,"id":71},"kind":"complete","us":33925762698}
2026-09-23 17:51:20: ACTION[Server]: [pregen_diag] {"data":{"cursor":71,"gap_us":95866,"hi":{"x":1807,"y":47,"z":-3473},"id":72,"lo":{"x":1728,"y":-32,"z":-3552},"selection":{"index":72,"inner":0,"x":1728,"y_max":-32,"y_min":-32,"z":-3552}},"kind":"dispatch","us":33925858564}
2026-09-23 17:51:20: ACTION[Emerge-0]: [pregen_diag] {"data":{"actions":{"2":8928,"4":72},"cursor":72,"duration_us":173775,"id":72},"kind":"complete","us":33926032340}
2026-09-23 17:51:20: ACTION[Server]: [pregen_diag] {"data":{"cursor":72,"gap_us":97278,"hi":{"x":1887,"y":47,"z":-3473},"id":73,"lo":{"x":1808,"y":-32,"z":-3552},"selection":{"index":73,"inner":0,"x":1808,"y_max":-32,"y_min":-32,"z":-3552}},"kind":"dispatch","us":33926129617}
2026-09-23 17:51:20: ACTION[Emerge-0]: [pregen_diag] {"data":{"actions":{"2":9052,"4":73},"cursor":73,"duration_us":174941,"id":73},"kind":"complete","us":33926304559}
2026-09-23 17:51:20: ACTION[Server]: [pregen_diag] {"data":{"cursor":73,"gap_us":96310,"hi":{"x":1967,"y":47,"z":-3473},"id":74,"lo":{"x":1888,"y":-32,"z":-3552},"selection":{"index":74,"inner":0,"x":1888,"y_max":-32,"y_min":-32,"z":-3552}},"kind":"dispatch","us":33926400868}
2026-09-23 17:51:20: ACTION[Emerge-0]: [pregen_diag] {"data":{"actions":{"2":9176,"4":74},"cursor":74,"duration_us":172190,"id":74},"kind":"complete","us":33926573058}
2026-09-23 17:51:20: ACTION[Server]: [pregen_diag] {"data":{"cursor":74,"gap_us":98734,"hi":{"x":2047,"y":47,"z":-3473},"id":75,"lo":{"x":1968,"y":-32,"z":-3552},"selection":{"index":75,"inner":0,"x":1968,"y_max":-32,"y_min":-32,"z":-3552}},"kind":"dispatch","us":33926671792}
2026-09-23 17:51:21: ACTION[Emerge-0]: [pregen_diag] {"data":{"actions":{"2":9300,"4":75},"cursor":75,"duration_us":172849,"id":75},"kind":"complete","us":33926844641}
2026-09-23 17:51:21: ACTION[Server]: [pregen_diag] {"data":{"cursor":75,"gap_us":98371,"hi":{"x":2127,"y":47,"z":-3473},"id":76,"lo":{"x":2048,"y":-32,"z":-3552},"selection":{"index":76,"inner":0,"x":2048,"y_max":-32,"y_min":-32,"z":-3552}},"kind":"dispatch","us":33926943011}
2026-09-23 17:51:21: ACTION[Emerge-0]: [pregen_diag] {"data":{"actions":{"2":9424,"4":76},"cursor":76,"duration_us":171536,"id":76},"kind":"complete","us":33927114548}
2026-09-23 17:51:21: ACTION[Server]: [pregen_diag] {"data":{"cursor":76,"gap_us":99493,"hi":{"x":2207,"y":47,"z":-3473},"id":77,"lo":{"x":2128,"y":-32,"z":-3552},"selection":{"index":77,"inner":0,"x":2128,"y_max":-32,"y_min":-32,"z":-3552}},"kind":"dispatch","us":33927214041}
2026-09-23 17:51:21: ACTION[Emerge-0]: [pregen_diag] {"data":{"actions":{"2":9548,"4":77},"cursor":77,"duration_us":170990,"id":77},"kind":"complete","us":33927385031}
2026-09-23 17:51:21: ACTION[Server]: [pregen_diag] {"data":{"cursor":77,"gap_us":100165,"hi":{"x":2287,"y":47,"z":-3473},"id":78,"lo":{"x":2208,"y":-32,"z":-3552},"selection":{"index":78,"inner":0,"x":2208,"y_max":-32,"y_min":-32,"z":-3552}},"kind":"dispatch","us":33927485196}
2026-09-23 17:51:21: ACTION[Emerge-0]: [pregen_diag] {"data":{"actions":{"2":9672,"4":78},"cursor":78,"duration_us":168734,"id":78},"kind":"complete","us":33927653930}
2026-09-23 17:51:21: ACTION[Server]: [pregen_diag] {"data":{"cursor":78,"gap_us":102750,"hi":{"x":2367,"y":47,"z":-3473},"id":79,"lo":{"x":2288,"y":-32,"z":-3552},"selection":{"index":79,"inner":0,"x":2288,"y_max":-32,"y_min":-32,"z":-3552}},"kind":"dispatch","us":33927756680}
2026-09-23 17:51:22: ACTION[Emerge-0]: [pregen_diag] {"data":{"actions":{"2":9796,"4":79},"cursor":79,"duration_us":172307,"id":79},"kind":"complete","us":33927928987}
2026-09-23 17:51:22: ACTION[Server]: [pregen_diag] {"data":{"cursor":79,"gap_us":98133,"hi":{"x":2447,"y":47,"z":-3473},"id":80,"lo":{"x":2368,"y":-32,"z":-3552},"selection":{"index":80,"inner":0,"x":2368,"y_max":-32,"y_min":-32,"z":-3552}},"kind":"dispatch","us":33928027120}
2026-09-23 17:51:22: ACTION[Emerge-0]: [pregen_diag] {"data":{"actions":{"2":9920,"4":80},"cursor":80,"duration_us":171899,"id":80},"kind":"complete","us":33928199020}
2026-09-23 17:51:22: ACTION[Server]: [pregen_diag] {"data":{"cursor":80,"gap_us":98448,"hi":{"x":2527,"y":47,"z":-3473},"id":81,"lo":{"x":2448,"y":-32,"z":-3552},"selection":{"index":81,"inner":0,"x":2448,"y_max":-32,"y_min":-32,"z":-3552}},"kind":"dispatch","us":33928297467}
2026-09-23 17:51:22: ACTION[Emerge-0]: [pregen_diag] {"data":{"actions":{"2":10044,"4":81},"cursor":81,"duration_us":174366,"id":81},"kind":"complete","us":33928471834}
2026-09-23 17:51:22: ACTION[Server]: [pregen_diag] {"data":{"cursor":81,"gap_us":96931,"hi":{"x":2607,"y":47,"z":-3473},"id":82,"lo":{"x":2528,"y":-32,"z":-3552},"selection":{"index":82,"inner":0,"x":2528,"y_max":-32,"y_min":-32,"z":-3552}},"kind":"dispatch","us":33928568764}
2026-09-23 17:51:22: ACTION[Emerge-0]: [pregen_diag] {"data":{"actions":{"2":10168,"4":82},"cursor":82,"duration_us":174038,"id":82},"kind":"complete","us":33928742802}
2026-09-23 17:51:23: ACTION[Server]: [pregen_diag] {"data":{"cursor":82,"gap_us":97481,"hi":{"x":2687,"y":47,"z":-3473},"id":83,"lo":{"x":2608,"y":-32,"z":-3552},"selection":{"index":83,"inner":0,"x":2608,"y_max":-32,"y_min":-32,"z":-3552}},"kind":"dispatch","us":33928840283}
2026-09-23 17:51:23: ACTION[Emerge-0]: [pregen_diag] {"data":{"actions":{"2":10292,"4":83},"cursor":83,"duration_us":170003,"id":83},"kind":"complete","us":33929010286}
2026-09-23 17:51:23: ACTION[Server]: [pregen_diag] {"data":{"cursor":83,"gap_us":100316,"hi":{"x":2767,"y":47,"z":-3473},"id":84,"lo":{"x":2688,"y":-32,"z":-3552},"selection":{"index":84,"inner":0,"x":2688,"y_max":-32,"y_min":-32,"z":-3552}},"kind":"dispatch","us":33929110602}
2026-09-23 17:51:23: ACTION[Emerge-0]: [pregen_diag] {"data":{"actions":{"2":10416,"4":84},"cursor":84,"duration_us":165311,"id":84},"kind":"complete","us":33929275913}
2026-09-23 17:51:23: ACTION[Server]: [pregen_diag] {"data":{"cursor":84,"gap_us":105313,"hi":{"x":2847,"y":47,"z":-3473},"id":85,"lo":{"x":2768,"y":-32,"z":-3552},"selection":{"index":85,"inner":0,"x":2768,"y_max":-32,"y_min":-32,"z":-3552}},"kind":"dispatch","us":33929381226}
2026-09-23 17:51:23: ACTION[Server]: [pregen_diag] {"data":{"actions":{"2":10416,"4":84},"callbacks":10500,"cursor":84,"dispatches":85,"failed":false,"pending":true,"persist_us":2887,"persists":36,"scan_steps":36,"scan_us":102379,"selection":{"index":85,"inner":0,"x":2768,"y_max":-32,"y_min":-32,"z":-3552},"step_max_us":92107,"step_us":5057895,"steps":56},"kind":"sample","us":33929469425}
2026-09-23 17:51:23: ACTION[Emerge-0]: [pregen_diag] {"data":{"actions":{"2":10540,"4":85},"cursor":85,"duration_us":169561,"id":85},"kind":"complete","us":33929550787}
2026-09-23 17:51:23: ACTION[Server]: [pregen_diag] {"data":{"cursor":85,"gap_us":101434,"hi":{"x":2927,"y":47,"z":-3473},"id":86,"lo":{"x":2848,"y":-32,"z":-3552},"selection":{"index":86,"inner":0,"x":2848,"y_max":-32,"y_min":-32,"z":-3552}},"kind":"dispatch","us":33929652221}
2026-09-23 17:51:23: ACTION[Emerge-0]: [pregen_diag] {"data":{"actions":{"2":10664,"4":86},"cursor":86,"duration_us":176274,"id":86},"kind":"complete","us":33929828496}
2026-09-23 17:51:24: ACTION[Server]: [pregen_diag] {"data":{"cursor":86,"gap_us":94993,"hi":{"x":3007,"y":47,"z":-3473},"id":87,"lo":{"x":2928,"y":-32,"z":-3552},"selection":{"index":87,"inner":0,"x":2928,"y_max":-32,"y_min":-32,"z":-3552}},"kind":"dispatch","us":33929923487}
2026-09-23 17:51:24: ACTION[Emerge-0]: [pregen_diag] {"data":{"actions":{"2":10788,"4":87},"cursor":87,"duration_us":171995,"id":87},"kind":"complete","us":33930095484}
2026-09-23 17:51:24: ACTION[Server]: [pregen_diag] {"data":{"cursor":87,"gap_us":100154,"hi":{"x":3087,"y":47,"z":-3473},"id":88,"lo":{"x":3008,"y":-32,"z":-3552},"selection":{"index":88,"inner":0,"x":3008,"y_max":-32,"y_min":-32,"z":-3552}},"kind":"dispatch","us":33930195637}
2026-09-23 17:51:24: ACTION[Emerge-0]: [pregen_diag] {"data":{"actions":{"2":10912,"4":88},"cursor":88,"duration_us":175167,"id":88},"kind":"complete","us":33930370805}
2026-09-23 17:51:24: ACTION[Server]: [pregen_diag] {"data":{"cursor":88,"gap_us":96187,"hi":{"x":3167,"y":47,"z":-3473},"id":89,"lo":{"x":3088,"y":-32,"z":-3552},"selection":{"index":89,"inner":0,"x":3088,"y_max":-32,"y_min":-32,"z":-3552}},"kind":"dispatch","us":33930466992}
2026-09-23 17:51:24: ACTION[Emerge-0]: [pregen_diag] {"data":{"actions":{"2":11036,"4":89},"cursor":89,"duration_us":174988,"id":89},"kind":"complete","us":33930641979}
2026-09-23 17:51:24: ACTION[Server]: [pregen_diag] {"data":{"cursor":89,"gap_us":95838,"hi":{"x":3247,"y":47,"z":-3473},"id":90,"lo":{"x":3168,"y":-32,"z":-3552},"selection":{"index":90,"inner":0,"x":3168,"y_max":-32,"y_min":-32,"z":-3552}},"kind":"dispatch","us":33930737817}
2026-09-23 17:51:25: ACTION[Emerge-0]: [pregen_diag] {"data":{"actions":{"2":11160,"4":90},"cursor":90,"duration_us":172607,"id":90},"kind":"complete","us":33930910425}
2026-09-23 17:51:25: ACTION[Server]: [pregen_diag] {"data":{"cursor":90,"gap_us":98302,"hi":{"x":3327,"y":47,"z":-3473},"id":91,"lo":{"x":3248,"y":-32,"z":-3552},"selection":{"index":91,"inner":0,"x":3248,"y_max":-32,"y_min":-32,"z":-3552}},"kind":"dispatch","us":33931008726}
2026-09-23 17:51:25: ACTION[Emerge-0]: [pregen_diag] {"data":{"actions":{"2":11284,"4":91},"cursor":91,"duration_us":178401,"id":91},"kind":"complete","us":33931187127}
2026-09-23 17:51:25: ACTION[Server]: [pregen_diag] {"data":{"cursor":91,"gap_us":92920,"hi":{"x":3407,"y":47,"z":-3473},"id":92,"lo":{"x":3328,"y":-32,"z":-3552},"selection":{"index":92,"inner":0,"x":3328,"y_max":-32,"y_min":-32,"z":-3552}},"kind":"dispatch","us":33931280047}
2026-09-23 17:51:25: ACTION[Emerge-0]: [pregen_diag] {"data":{"actions":{"2":11408,"4":92},"cursor":92,"duration_us":175702,"id":92},"kind":"complete","us":33931455749}
2026-09-23 17:51:25: ACTION[Server]: [pregen_diag] {"data":{"cursor":92,"gap_us":94721,"hi":{"x":3487,"y":47,"z":-3473},"id":93,"lo":{"x":3408,"y":-32,"z":-3552},"selection":{"index":93,"inner":0,"x":3408,"y_max":-32,"y_min":-32,"z":-3552}},"kind":"dispatch","us":33931550470}
2026-09-23 17:51:25: ACTION[Emerge-0]: [pregen_diag] {"data":{"actions":{"2":11532,"4":93},"cursor":93,"duration_us":179202,"id":93},"kind":"complete","us":33931729672}
2026-09-23 17:51:26: ACTION[Server]: [pregen_diag] {"data":{"cursor":93,"gap_us":181722,"hi":{"x":3567,"y":47,"z":-3473},"id":94,"lo":{"x":3488,"y":-32,"z":-3552},"selection":{"index":94,"inner":0,"x":3488,"y_max":-32,"y_min":-32,"z":-3552}},"kind":"dispatch","us":33931911394}
2026-09-23 17:51:26: ACTION[Emerge-0]: [pregen_diag] {"data":{"actions":{"2":11656,"4":94},"cursor":94,"duration_us":175178,"id":94},"kind":"complete","us":33932086572}
2026-09-23 17:51:26: ACTION[Server]: [pregen_diag] {"data":{"cursor":94,"gap_us":96005,"hi":{"x":3647,"y":47,"z":-3473},"id":95,"lo":{"x":3568,"y":-32,"z":-3552},"selection":{"index":95,"inner":0,"x":3568,"y_max":-32,"y_min":-32,"z":-3552}},"kind":"dispatch","us":33932182577}
2026-09-23 17:51:26: ACTION[Emerge-0]: [pregen_diag] {"data":{"actions":{"2":11780,"4":95},"cursor":95,"duration_us":177240,"id":95},"kind":"complete","us":33932359817}
2026-09-23 17:51:26: ACTION[Server]: [pregen_diag] {"data":{"cursor":95,"gap_us":93679,"hi":{"x":3727,"y":47,"z":-3473},"id":96,"lo":{"x":3648,"y":-32,"z":-3552},"selection":{"index":96,"inner":0,"x":3648,"y_max":-32,"y_min":-32,"z":-3552}},"kind":"dispatch","us":33932453496}
2026-09-23 17:51:26: ACTION[Emerge-0]: [pregen_diag] {"data":{"actions":{"2":11904,"4":96},"cursor":96,"duration_us":176478,"id":96},"kind":"complete","us":33932629975}
2026-09-23 17:51:26: ACTION[Server]: [pregen_diag] {"data":{"cursor":96,"gap_us":93633,"hi":{"x":3807,"y":47,"z":-3473},"id":97,"lo":{"x":3728,"y":-32,"z":-3552},"selection":{"index":97,"inner":0,"x":3728,"y_max":-32,"y_min":-32,"z":-3552}},"kind":"dispatch","us":33932723607}
2026-09-23 17:51:27: ACTION[Emerge-0]: [pregen_diag] {"data":{"actions":{"2":12028,"4":97},"cursor":97,"duration_us":175104,"id":97},"kind":"complete","us":33932898711}
2026-09-23 17:51:27: ACTION[Server]: [pregen_diag] {"data":{"cursor":97,"gap_us":95825,"hi":{"x":3887,"y":47,"z":-3473},"id":98,"lo":{"x":3808,"y":-32,"z":-3552},"selection":{"index":98,"inner":0,"x":3808,"y_max":-32,"y_min":-32,"z":-3552}},"kind":"dispatch","us":33932994536}
2026-09-23 17:51:27: ACTION[Emerge-0]: [pregen_diag] {"data":{"actions":{"2":12152,"4":98},"cursor":98,"duration_us":171079,"id":98},"kind":"complete","us":33933165615}
2026-09-23 17:51:27: ACTION[Server]: [pregen_diag] {"data":{"cursor":98,"gap_us":100196,"hi":{"x":3967,"y":47,"z":-3473},"id":99,"lo":{"x":3888,"y":-32,"z":-3552},"selection":{"index":99,"inner":0,"x":3888,"y_max":-32,"y_min":-32,"z":-3552}},"kind":"dispatch","us":33933265811}
2026-09-23 17:51:27: ACTION[Emerge-0]: [pregen_diag] {"data":{"actions":{"2":12276,"4":99},"cursor":99,"duration_us":171794,"id":99},"kind":"complete","us":33933437605}
2026-09-23 17:51:27: ACTION[Server]: [pregen_diag] {"data":{"cursor":99,"gap_us":99935,"hi":{"x":-3873,"y":47,"z":-3393},"id":100,"lo":{"x":-3952,"y":-32,"z":-3472},"selection":{"index":100,"inner":0,"x":-3952,"y_max":-32,"y_min":-32,"z":-3472}},"kind":"dispatch","us":33933537540}
2026-09-23 17:51:27: ACTION[Emerge-0]: [pregen_diag] {"data":{"actions":{"2":12400,"4":100},"cursor":100,"duration_us":173492,"id":100},"kind":"complete","us":33933711032}
2026-09-23 17:51:27: ACTION[Server]: [pregen_diag] {"data":{"cursor":100,"gap_us":96998,"hi":{"x":-3793,"y":47,"z":-3393},"id":101,"lo":{"x":-3872,"y":-32,"z":-3472},"selection":{"index":101,"inner":0,"x":-3872,"y_max":-32,"y_min":-32,"z":-3472}},"kind":"dispatch","us":33933808030}
2026-09-23 17:51:28: ACTION[Emerge-0]: [pregen_diag] {"data":{"actions":{"2":12524,"4":101},"cursor":101,"duration_us":176489,"id":101},"kind":"complete","us":33933984519}
2026-09-23 17:51:28: ACTION[Server]: [pregen_diag] {"data":{"cursor":101,"gap_us":94410,"hi":{"x":-3713,"y":47,"z":-3393},"id":102,"lo":{"x":-3792,"y":-32,"z":-3472},"selection":{"index":102,"inner":0,"x":-3792,"y_max":-32,"y_min":-32,"z":-3472}},"kind":"dispatch","us":33934078930}
2026-09-23 17:51:28: ACTION[Emerge-0]: [pregen_diag] {"data":{"actions":{"2":12648,"4":102},"cursor":102,"duration_us":178820,"id":102},"kind":"complete","us":33934257749}
2026-09-23 17:51:28: ACTION[Server]: [pregen_diag] {"data":{"cursor":102,"gap_us":182145,"hi":{"x":-3633,"y":47,"z":-3393},"id":103,"lo":{"x":-3712,"y":-32,"z":-3472},"selection":{"index":103,"inner":0,"x":-3712,"y_max":-32,"y_min":-32,"z":-3472}},"kind":"dispatch","us":33934439894}
2026-09-23 17:51:28: ACTION[Server]: [pregen_diag] {"data":{"actions":{"2":12648,"4":102},"callbacks":12750,"cursor":102,"dispatches":103,"failed":false,"pending":true,"persist_us":2932,"persists":36,"scan_steps":36,"scan_us":103569,"selection":{"index":103,"inner":0,"x":-3712,"y_max":-32,"y_min":-32,"z":-3472},"step_max_us":91050,"step_us":5058654,"steps":56},"kind":"sample","us":33934528079}
2026-09-23 17:51:28: ACTION[Emerge-0]: [pregen_diag] {"data":{"actions":{"2":12772,"4":103},"cursor":103,"duration_us":182558,"id":103},"kind":"complete","us":33934622452}
2026-09-23 17:51:28: ACTION[Server]: [pregen_diag] {"data":{"cursor":103,"gap_us":178590,"hi":{"x":-3553,"y":47,"z":-3393},"id":104,"lo":{"x":-3632,"y":-32,"z":-3472},"selection":{"index":104,"inner":0,"x":-3632,"y_max":-32,"y_min":-32,"z":-3472}},"kind":"dispatch","us":33934801042}
2026-09-23 17:51:29: ACTION[Emerge-0]: [pregen_diag] {"data":{"actions":{"2":12896,"4":104},"cursor":104,"duration_us":180931,"id":104},"kind":"complete","us":33934981974}
2026-09-23 17:51:29: ACTION[Server]: [pregen_diag] {"data":{"cursor":104,"gap_us":179787,"hi":{"x":-3473,"y":47,"z":-3393},"id":105,"lo":{"x":-3552,"y":-32,"z":-3472},"selection":{"index":105,"inner":0,"x":-3552,"y_max":-32,"y_min":-32,"z":-3472}},"kind":"dispatch","us":33935161759}
2026-09-23 17:51:29: ACTION[Emerge-0]: [pregen_diag] {"data":{"actions":{"2":13020,"4":105},"cursor":105,"duration_us":183359,"id":105},"kind":"complete","us":33935345119}
2026-09-23 17:51:29: ACTION[Server]: [pregen_diag] {"data":{"cursor":105,"gap_us":177733,"hi":{"x":-3393,"y":47,"z":-3393},"id":106,"lo":{"x":-3472,"y":-32,"z":-3472},"selection":{"index":106,"inner":0,"x":-3472,"y_max":-32,"y_min":-32,"z":-3472}},"kind":"dispatch","us":33935522852}
2026-09-23 17:51:29: ACTION[Emerge-0]: [pregen_diag] {"data":{"actions":{"2":13144,"4":106},"cursor":106,"duration_us":180511,"id":106},"kind":"complete","us":33935703363}
2026-09-23 17:51:30: ACTION[Server]: [pregen_diag] {"data":{"cursor":106,"gap_us":181038,"hi":{"x":-3313,"y":47,"z":-3393},"id":107,"lo":{"x":-3392,"y":-32,"z":-3472},"selection":{"index":107,"inner":0,"x":-3392,"y_max":-32,"y_min":-32,"z":-3472}},"kind":"dispatch","us":33935884401}
2026-09-23 17:51:30: ACTION[Emerge-0]: [pregen_diag] {"data":{"actions":{"2":13268,"4":107},"cursor":107,"duration_us":187933,"id":107},"kind":"complete","us":33936072334}
2026-09-23 17:51:30: ACTION[Server]: [pregen_diag] {"data":{"cursor":107,"gap_us":173143,"hi":{"x":-3233,"y":47,"z":-3393},"id":108,"lo":{"x":-3312,"y":-32,"z":-3472},"selection":{"index":108,"inner":0,"x":-3312,"y_max":-32,"y_min":-32,"z":-3472}},"kind":"dispatch","us":33936245477}
2026-09-23 17:51:30: ACTION[Emerge-0]: [pregen_diag] {"data":{"actions":{"2":13392,"4":108},"cursor":108,"duration_us":183865,"id":108},"kind":"complete","us":33936429342}
2026-09-23 17:51:30: ACTION[Server]: [pregen_diag] {"data":{"cursor":108,"gap_us":177203,"hi":{"x":-3153,"y":47,"z":-3393},"id":109,"lo":{"x":-3232,"y":-32,"z":-3472},"selection":{"index":109,"inner":0,"x":-3232,"y_max":-32,"y_min":-32,"z":-3472}},"kind":"dispatch","us":33936606545}
2026-09-23 17:51:30: ACTION[Emerge-0]: [pregen_diag] {"data":{"actions":{"2":13516,"4":109},"cursor":109,"duration_us":190343,"id":109},"kind":"complete","us":33936796888}
2026-09-23 17:51:31: ACTION[Server]: [pregen_diag] {"data":{"cursor":109,"gap_us":170789,"hi":{"x":-3073,"y":47,"z":-3393},"id":110,"lo":{"x":-3152,"y":-32,"z":-3472},"selection":{"index":110,"inner":0,"x":-3152,"y_max":-32,"y_min":-32,"z":-3472}},"kind":"dispatch","us":33936967677}
2026-09-23 17:51:31: ACTION[Emerge-0]: [pregen_diag] {"data":{"actions":{"2":13640,"4":110},"cursor":110,"duration_us":246867,"id":110},"kind":"complete","us":33937214544}
2026-09-23 17:51:31: ACTION[Server]: [pregen_diag] {"data":{"cursor":110,"gap_us":114123,"hi":{"x":-2993,"y":47,"z":-3393},"id":111,"lo":{"x":-3072,"y":-32,"z":-3472},"selection":{"index":111,"inner":0,"x":-3072,"y_max":-32,"y_min":-32,"z":-3472}},"kind":"dispatch","us":33937328667}
2026-09-23 17:51:31: ACTION[Emerge-0]: [pregen_diag] {"data":{"actions":{"2":13764,"4":111},"cursor":111,"duration_us":183952,"id":111},"kind":"complete","us":33937512620}
2026-09-23 17:51:31: ACTION[Server]: [pregen_diag] {"data":{"cursor":111,"gap_us":176838,"hi":{"x":-2913,"y":47,"z":-3393},"id":112,"lo":{"x":-2992,"y":-32,"z":-3472},"selection":{"index":112,"inner":0,"x":-2992,"y_max":-32,"y_min":-32,"z":-3472}},"kind":"dispatch","us":33937689456}
2026-09-23 17:51:32: ACTION[Emerge-0]: [pregen_diag] {"data":{"actions":{"2":13888,"4":112},"cursor":112,"duration_us":183582,"id":112},"kind":"complete","us":33937873039}
2026-09-23 17:51:32: ACTION[Server]: [pregen_diag] {"data":{"cursor":112,"gap_us":177214,"hi":{"x":-2833,"y":47,"z":-3393},"id":113,"lo":{"x":-2912,"y":-32,"z":-3472},"selection":{"index":113,"inner":0,"x":-2912,"y_max":-32,"y_min":-32,"z":-3472}},"kind":"dispatch","us":33938050253}
2026-09-23 17:51:32: ACTION[Emerge-0]: [pregen_diag] {"data":{"actions":{"2":14012,"4":113},"cursor":113,"duration_us":181684,"id":113},"kind":"complete","us":33938231937}
2026-09-23 17:51:32: ACTION[Server]: [pregen_diag] {"data":{"cursor":113,"gap_us":180450,"hi":{"x":-2753,"y":47,"z":-3393},"id":114,"lo":{"x":-2832,"y":-32,"z":-3472},"selection":{"index":114,"inner":0,"x":-2832,"y_max":-32,"y_min":-32,"z":-3472}},"kind":"dispatch","us":33938412387}
2026-09-23 17:51:32: ACTION[Emerge-0]: [pregen_diag] {"data":{"actions":{"2":14136,"4":114},"cursor":114,"duration_us":182591,"id":114},"kind":"complete","us":33938594978}
2026-09-23 17:51:32: ACTION[Server]: [pregen_diag] {"data":{"cursor":114,"gap_us":178338,"hi":{"x":-2673,"y":47,"z":-3393},"id":115,"lo":{"x":-2752,"y":-32,"z":-3472},"selection":{"index":115,"inner":0,"x":-2752,"y_max":-32,"y_min":-32,"z":-3472}},"kind":"dispatch","us":33938773317}
2026-09-23 17:51:33: ACTION[Emerge-0]: [pregen_diag] {"data":{"actions":{"2":14260,"4":115},"cursor":115,"duration_us":183557,"id":115},"kind":"complete","us":33938956873}
2026-09-23 17:51:33: ACTION[Server]: [pregen_diag] {"data":{"cursor":115,"gap_us":177510,"hi":{"x":-2593,"y":47,"z":-3393},"id":116,"lo":{"x":-2672,"y":-32,"z":-3472},"selection":{"index":116,"inner":0,"x":-2672,"y_max":-32,"y_min":-32,"z":-3472}},"kind":"dispatch","us":33939134383}
2026-09-23 17:51:33: ACTION[Emerge-0]: [pregen_diag] {"data":{"actions":{"2":14384,"4":116},"cursor":116,"duration_us":178721,"id":116},"kind":"complete","us":33939313104}
2026-09-23 17:51:33: ACTION[Server]: [pregen_diag] {"data":{"cursor":116,"gap_us":181757,"hi":{"x":-2513,"y":47,"z":-3393},"id":117,"lo":{"x":-2592,"y":-32,"z":-3472},"selection":{"index":117,"inner":0,"x":-2592,"y_max":-32,"y_min":-32,"z":-3472}},"kind":"dispatch","us":33939494861}
2026-09-23 17:51:33: ACTION[Server]: [pregen_diag] {"data":{"actions":{"2":14384,"4":116},"callbacks":14500,"cursor":116,"dispatches":117,"failed":false,"pending":true,"persist_us":2341,"persists":28,"scan_steps":28,"scan_us":90047,"selection":{"index":117,"inner":0,"x":-2592,"y_max":-32,"y_min":-32,"z":-3472},"step_max_us":92732,"step_us":5055008,"steps":56},"kind":"sample","us":33939583087}
2026-09-23 17:51:33: ACTION[Emerge-0]: [pregen_diag] {"data":{"actions":{"2":14508,"4":117},"cursor":117,"duration_us":183066,"id":117},"kind":"complete","us":33939677927}
2026-09-23 17:51:34: ACTION[Server]: [pregen_diag] {"data":{"cursor":117,"gap_us":179425,"hi":{"x":-2433,"y":47,"z":-3393},"id":118,"lo":{"x":-2512,"y":-32,"z":-3472},"selection":{"index":118,"inner":0,"x":-2512,"y_max":-32,"y_min":-32,"z":-3472}},"kind":"dispatch","us":33939857352}
2026-09-23 17:51:34: ACTION[Emerge-0]: [pregen_diag] {"data":{"actions":{"2":14632,"4":118},"cursor":118,"duration_us":182459,"id":118},"kind":"complete","us":33940039812}
2026-09-23 17:51:34: ACTION[Server]: [pregen_diag] {"data":{"cursor":118,"gap_us":178532,"hi":{"x":-2353,"y":47,"z":-3393},"id":119,"lo":{"x":-2432,"y":-32,"z":-3472},"selection":{"index":119,"inner":0,"x":-2432,"y_max":-32,"y_min":-32,"z":-3472}},"kind":"dispatch","us":33940218344}
2026-09-23 17:51:34: ACTION[Emerge-0]: [pregen_diag] {"data":{"actions":{"2":14756,"4":119},"cursor":119,"duration_us":183332,"id":119},"kind":"complete","us":33940401675}
2026-09-23 17:51:34: ACTION[Server]: [pregen_diag] {"data":{"cursor":119,"gap_us":177564,"hi":{"x":-2273,"y":47,"z":-3393},"id":120,"lo":{"x":-2352,"y":-32,"z":-3472},"selection":{"index":120,"inner":0,"x":-2352,"y_max":-32,"y_min":-32,"z":-3472}},"kind":"dispatch","us":33940579239}
2026-09-23 17:51:34: ACTION[Emerge-0]: [pregen_diag] {"data":{"actions":{"2":14880,"4":120},"cursor":120,"duration_us":180465,"id":120},"kind":"complete","us":33940759705}
2026-09-23 17:51:35: ACTION[Server]: [pregen_diag] {"data":{"cursor":120,"gap_us":180574,"hi":{"x":-2193,"y":47,"z":-3393},"id":121,"lo":{"x":-2272,"y":-32,"z":-3472},"selection":{"index":121,"inner":0,"x":-2272,"y_max":-32,"y_min":-32,"z":-3472}},"kind":"dispatch","us":33940940277}
2026-09-23 17:51:35: ACTION[Emerge-0]: [pregen_diag] {"data":{"actions":{"2":15004,"4":121},"cursor":121,"duration_us":181044,"id":121},"kind":"complete","us":33941121323}
2026-09-23 17:51:35: ACTION[Server]: [pregen_diag] {"data":{"cursor":121,"gap_us":180018,"hi":{"x":-2113,"y":47,"z":-3393},"id":122,"lo":{"x":-2192,"y":-32,"z":-3472},"selection":{"index":122,"inner":0,"x":-2192,"y_max":-32,"y_min":-32,"z":-3472}},"kind":"dispatch","us":33941301340}
2026-09-23 17:51:35: ACTION[Emerge-0]: [pregen_diag] {"data":{"actions":{"2":15128,"4":122},"cursor":122,"duration_us":178800,"id":122},"kind":"complete","us":33941480140}
2026-09-23 17:51:35: ACTION[Server]: [pregen_diag] {"data":{"cursor":122,"gap_us":182079,"hi":{"x":-2033,"y":47,"z":-3393},"id":123,"lo":{"x":-2112,"y":-32,"z":-3472},"selection":{"index":123,"inner":0,"x":-2112,"y_max":-32,"y_min":-32,"z":-3472}},"kind":"dispatch","us":33941662219}
2026-09-23 17:51:36: ACTION[Emerge-0]: [pregen_diag] {"data":{"actions":{"2":15252,"4":123},"cursor":123,"duration_us":185380,"id":123},"kind":"complete","us":33941847599}
2026-09-23 17:51:36: ACTION[Server]: [pregen_diag] {"data":{"cursor":123,"gap_us":175897,"hi":{"x":-1953,"y":47,"z":-3393},"id":124,"lo":{"x":-2032,"y":-32,"z":-3472},"selection":{"index":124,"inner":0,"x":-2032,"y_max":-32,"y_min":-32,"z":-3472}},"kind":"dispatch","us":33942023496}
2026-09-23 17:51:36: ACTION[Emerge-0]: [pregen_diag] {"data":{"actions":{"2":15376,"4":124},"cursor":124,"duration_us":180130,"id":124},"kind":"complete","us":33942203626}
2026-09-23 17:51:36: ACTION[Server]: [pregen_diag] {"data":{"cursor":124,"gap_us":181607,"hi":{"x":-1873,"y":47,"z":-3393},"id":125,"lo":{"x":-1952,"y":-32,"z":-3472},"selection":{"index":125,"inner":0,"x":-1952,"y_max":-32,"y_min":-32,"z":-3472}},"kind":"dispatch","us":33942385233}
2026-09-23 17:51:36: ACTION[Emerge-0]: [pregen_diag] {"data":{"actions":{"2":15500,"4":125},"cursor":125,"duration_us":183375,"id":125},"kind":"complete","us":33942568608}
2026-09-23 17:51:36: ACTION[Server]: [pregen_diag] {"data":{"cursor":125,"gap_us":177136,"hi":{"x":-1793,"y":47,"z":-3393},"id":126,"lo":{"x":-1872,"y":-32,"z":-3472},"selection":{"index":126,"inner":0,"x":-1872,"y_max":-32,"y_min":-32,"z":-3472}},"kind":"dispatch","us":33942745744}
2026-09-23 17:51:37: ACTION[Emerge-0]: [pregen_diag] {"data":{"actions":{"2":15624,"4":126},"cursor":126,"duration_us":183754,"id":126},"kind":"complete","us":33942929498}
2026-09-23 17:51:37: ACTION[Server]: [pregen_diag] {"data":{"cursor":126,"gap_us":177247,"hi":{"x":-1713,"y":47,"z":-3393},"id":127,"lo":{"x":-1792,"y":-32,"z":-3472},"selection":{"index":127,"inner":0,"x":-1792,"y_max":-32,"y_min":-32,"z":-3472}},"kind":"dispatch","us":33943106745}
2026-09-23 17:51:37: ACTION[Emerge-0]: [pregen_diag] {"data":{"actions":{"2":15748,"4":127},"cursor":127,"duration_us":186876,"id":127},"kind":"complete","us":33943293621}
2026-09-23 17:51:37: ACTION[Server]: [pregen_diag] {"data":{"cursor":127,"gap_us":173912,"hi":{"x":-1633,"y":47,"z":-3393},"id":128,"lo":{"x":-1712,"y":-32,"z":-3472},"selection":{"index":128,"inner":0,"x":-1712,"y_max":-32,"y_min":-32,"z":-3472}},"kind":"dispatch","us":33943467533}
2026-09-23 17:51:37: ACTION[Emerge-0]: [pregen_diag] {"data":{"actions":{"2":15872,"4":128},"cursor":128,"duration_us":183980,"id":128},"kind":"complete","us":33943651514}
2026-09-23 17:51:37: ACTION[Server]: [pregen_diag] {"data":{"cursor":128,"gap_us":176756,"hi":{"x":-1553,"y":47,"z":-3393},"id":129,"lo":{"x":-1632,"y":-32,"z":-3472},"selection":{"index":129,"inner":0,"x":-1632,"y_max":-32,"y_min":-32,"z":-3472}},"kind":"dispatch","us":33943828269}
2026-09-23 17:51:38: ACTION[Emerge-0]: [pregen_diag] {"data":{"actions":{"2":15996,"4":129},"cursor":129,"duration_us":181701,"id":129},"kind":"complete","us":33944009970}
2026-09-23 17:51:38: ACTION[Server]: [pregen_diag] {"data":{"cursor":129,"gap_us":179110,"hi":{"x":-1473,"y":47,"z":-3393},"id":130,"lo":{"x":-1552,"y":-32,"z":-3472},"selection":{"index":130,"inner":0,"x":-1552,"y_max":-32,"y_min":-32,"z":-3472}},"kind":"dispatch","us":33944189080}
2026-09-23 17:51:38: ACTION[Emerge-0]: [pregen_diag] {"data":{"actions":{"2":16120,"4":130},"cursor":130,"duration_us":180367,"id":130},"kind":"complete","us":33944369447}
2026-09-23 17:51:38: ACTION[Server]: [pregen_diag] {"data":{"cursor":130,"gap_us":181206,"hi":{"x":-1393,"y":47,"z":-3393},"id":131,"lo":{"x":-1472,"y":-32,"z":-3472},"selection":{"index":131,"inner":0,"x":-1472,"y_max":-32,"y_min":-32,"z":-3472}},"kind":"dispatch","us":33944550653}
2026-09-23 17:51:38: ACTION[Server]: [pregen_diag] {"data":{"actions":{"2":16120,"4":130},"callbacks":16250,"cursor":130,"dispatches":131,"failed":false,"pending":true,"persist_us":2469,"persists":28,"scan_steps":28,"scan_us":87389,"selection":{"index":131,"inner":0,"x":-1472,"y_max":-32,"y_min":-32,"z":-3472},"step_max_us":94312,"step_us":5056310,"steps":56},"kind":"sample","us":33944639397}
2026-09-23 17:51:38: ACTION[Emerge-0]: [pregen_diag] {"data":{"actions":{"2":16244,"4":131},"cursor":131,"duration_us":181157,"id":131},"kind":"complete","us":33944731810}
2026-09-23 17:51:39: ACTION[Server]: [pregen_diag] {"data":{"cursor":131,"gap_us":181197,"hi":{"x":-1313,"y":47,"z":-3393},"id":132,"lo":{"x":-1392,"y":-32,"z":-3472},"selection":{"index":132,"inner":0,"x":-1392,"y_max":-32,"y_min":-32,"z":-3472}},"kind":"dispatch","us":33944913007}
2026-09-23 17:51:39: ACTION[Emerge-0]: [pregen_diag] {"data":{"actions":{"2":16368,"4":132},"cursor":132,"duration_us":179343,"id":132},"kind":"complete","us":33945092350}
2026-09-23 17:51:39: ACTION[Server]: [pregen_diag] {"data":{"cursor":132,"gap_us":181867,"hi":{"x":-1233,"y":47,"z":-3393},"id":133,"lo":{"x":-1312,"y":-32,"z":-3472},"selection":{"index":133,"inner":0,"x":-1312,"y_max":-32,"y_min":-32,"z":-3472}},"kind":"dispatch","us":33945274217}
2026-09-23 17:51:39: ACTION[Emerge-0]: [pregen_diag] {"data":{"actions":{"2":16492,"4":133},"cursor":133,"duration_us":182812,"id":133},"kind":"complete","us":33945457030}
2026-09-23 17:51:39: ACTION[Server]: [pregen_diag] {"data":{"cursor":133,"gap_us":177776,"hi":{"x":-1153,"y":47,"z":-3393},"id":134,"lo":{"x":-1232,"y":-32,"z":-3472},"selection":{"index":134,"inner":0,"x":-1232,"y_max":-32,"y_min":-32,"z":-3472}},"kind":"dispatch","us":33945634805}
2026-09-23 17:51:39: ACTION[Emerge-0]: [pregen_diag] {"data":{"actions":{"2":16616,"4":134},"cursor":134,"duration_us":182254,"id":134},"kind":"complete","us":33945817060}
2026-09-23 17:51:40: ACTION[Server]: [pregen_diag] {"data":{"cursor":134,"gap_us":178876,"hi":{"x":-1073,"y":47,"z":-3393},"id":135,"lo":{"x":-1152,"y":-32,"z":-3472},"selection":{"index":135,"inner":0,"x":-1152,"y_max":-32,"y_min":-32,"z":-3472}},"kind":"dispatch","us":33945995935}
2026-09-23 17:51:40: ACTION[Emerge-0]: [pregen_diag] {"data":{"actions":{"2":16740,"4":135},"cursor":135,"duration_us":181626,"id":135},"kind":"complete","us":33946177561}
2026-09-23 17:51:40: ACTION[Server]: [pregen_diag] {"data":{"cursor":135,"gap_us":179805,"hi":{"x":-993,"y":47,"z":-3393},"id":136,"lo":{"x":-1072,"y":-32,"z":-3472},"selection":{"index":136,"inner":0,"x":-1072,"y_max":-32,"y_min":-32,"z":-3472}},"kind":"dispatch","us":33946357366}
2026-09-23 17:51:40: ACTION[Emerge-0]: [pregen_diag] {"data":{"actions":{"2":16864,"4":136},"cursor":136,"duration_us":180950,"id":136},"kind":"complete","us":33946538316}
2026-09-23 17:51:40: ACTION[Server]: [pregen_diag] {"data":{"cursor":136,"gap_us":180978,"hi":{"x":-913,"y":47,"z":-3393},"id":137,"lo":{"x":-992,"y":-32,"z":-3472},"selection":{"index":137,"inner":0,"x":-992,"y_max":-32,"y_min":-32,"z":-3472}},"kind":"dispatch","us":33946719294}
2026-09-23 17:51:41: ACTION[Emerge-0]: [pregen_diag] {"data":{"actions":{"2":16988,"4":137},"cursor":137,"duration_us":178376,"id":137},"kind":"complete","us":33946897671}
2026-09-23 17:51:41: ACTION[Server]: [pregen_diag] {"data":{"cursor":137,"gap_us":182076,"hi":{"x":-833,"y":47,"z":-3393},"id":138,"lo":{"x":-912,"y":-32,"z":-3472},"selection":{"index":138,"inner":0,"x":-912,"y_max":-32,"y_min":-32,"z":-3472}},"kind":"dispatch","us":33947079746}
2026-09-23 17:51:41: ACTION[Emerge-0]: [pregen_diag] {"data":{"actions":{"2":17112,"4":138},"cursor":138,"duration_us":177935,"id":138},"kind":"complete","us":33947257682}
2026-09-23 17:51:41: ACTION[Server]: [pregen_diag] {"data":{"cursor":138,"gap_us":92733,"hi":{"x":-753,"y":47,"z":-3393},"id":139,"lo":{"x":-832,"y":-32,"z":-3472},"selection":{"index":139,"inner":0,"x":-832,"y_max":-32,"y_min":-32,"z":-3472}},"kind":"dispatch","us":33947350414}
2026-09-23 17:51:41: ACTION[Emerge-0]: [pregen_diag] {"data":{"actions":{"2":17236,"4":139},"cursor":139,"duration_us":181314,"id":139},"kind":"complete","us":33947531728}
2026-09-23 17:51:41: ACTION[Server]: [pregen_diag] {"data":{"cursor":139,"gap_us":180642,"hi":{"x":-673,"y":47,"z":-3393},"id":140,"lo":{"x":-752,"y":-32,"z":-3472},"selection":{"index":140,"inner":0,"x":-752,"y_max":-32,"y_min":-32,"z":-3472}},"kind":"dispatch","us":33947712370}
2026-09-23 17:51:42: ACTION[Emerge-0]: [pregen_diag] {"data":{"actions":{"2":17360,"4":140},"cursor":140,"duration_us":181735,"id":140},"kind":"complete","us":33947894106}
2026-09-23 17:51:42: ACTION[Server]: [pregen_diag] {"data":{"cursor":140,"gap_us":178959,"hi":{"x":-593,"y":47,"z":-3393},"id":141,"lo":{"x":-672,"y":-32,"z":-3472},"selection":{"index":141,"inner":0,"x":-672,"y_max":-32,"y_min":-32,"z":-3472}},"kind":"dispatch","us":33948073064}
2026-09-23 17:51:42: ACTION[Emerge-0]: [pregen_diag] {"data":{"actions":{"2":17484,"4":141},"cursor":141,"duration_us":186167,"id":141},"kind":"complete","us":33948259231}
2026-09-23 17:51:42: ACTION[Server]: [pregen_diag] {"data":{"cursor":141,"gap_us":174586,"hi":{"x":-513,"y":47,"z":-3393},"id":142,"lo":{"x":-592,"y":-32,"z":-3472},"selection":{"index":142,"inner":0,"x":-592,"y_max":-32,"y_min":-32,"z":-3472}},"kind":"dispatch","us":33948433817}
2026-09-23 17:51:42: ACTION[Emerge-0]: [pregen_diag] {"data":{"actions":{"2":17608,"4":142},"cursor":142,"duration_us":187568,"id":142},"kind":"complete","us":33948621386}
2026-09-23 17:51:42: ACTION[Server]: [pregen_diag] {"data":{"cursor":142,"gap_us":173526,"hi":{"x":-433,"y":47,"z":-3393},"id":143,"lo":{"x":-512,"y":-32,"z":-3472},"selection":{"index":143,"inner":0,"x":-512,"y_max":-32,"y_min":-32,"z":-3472}},"kind":"dispatch","us":33948794911}
2026-09-23 17:51:43: ACTION[Emerge-0]: [pregen_diag] {"data":{"actions":{"2":17732,"4":143},"cursor":143,"duration_us":179239,"id":143},"kind":"complete","us":33948974150}
2026-09-23 17:51:43: ACTION[Server]: [pregen_diag] {"data":{"cursor":143,"gap_us":182008,"hi":{"x":-353,"y":47,"z":-3393},"id":144,"lo":{"x":-432,"y":-32,"z":-3472},"selection":{"index":144,"inner":0,"x":-432,"y_max":-32,"y_min":-32,"z":-3472}},"kind":"dispatch","us":33949156158}
2026-09-23 17:51:43: ACTION[Emerge-0]: [pregen_diag] {"data":{"actions":{"2":17856,"4":144},"cursor":144,"duration_us":176084,"id":144},"kind":"complete","us":33949332242}
2026-09-23 17:51:43: ACTION[Server]: [pregen_diag] {"data":{"cursor":144,"gap_us":94685,"hi":{"x":-273,"y":47,"z":-3393},"id":145,"lo":{"x":-352,"y":-32,"z":-3472},"selection":{"index":145,"inner":0,"x":-352,"y_max":-32,"y_min":-32,"z":-3472}},"kind":"dispatch","us":33949426927}
2026-09-23 17:51:43: ACTION[Emerge-0]: [pregen_diag] {"data":{"actions":{"2":17980,"4":145},"cursor":145,"duration_us":176327,"id":145},"kind":"complete","us":33949603255}
2026-09-23 17:51:43: ACTION[Server]: [pregen_diag] {"data":{"actions":{"2":17980,"4":145},"callbacks":18125,"cursor":145,"dispatches":145,"failed":false,"pending":false,"persist_us":2249,"persists":29,"scan":{"bottom":-10,"index":146,"inner":0,"next_x":-276,"next_z":-3418,"top":34,"x":-272,"x_max":-189,"x_min":-276,"z":-3472,"z_max":-3389,"z_min":-3476},"scan_steps":29,"scan_us":93014,"step_max_us":92090,"step_us":5055982,"steps":56},"kind":"sample","us":33949695378}
2026-09-23 17:51:43: ACTION[Server]: [pregen_diag] {"data":{"cursor":145,"gap_us":94300,"hi":{"x":-193,"y":47,"z":-3393},"id":146,"lo":{"x":-272,"y":-32,"z":-3472},"selection":{"index":146,"inner":0,"x":-272,"y_max":-32,"y_min":-32,"z":-3472}},"kind":"dispatch","us":33949697554}
2026-09-23 17:51:44: ACTION[Emerge-0]: [pregen_diag] {"data":{"actions":{"2":18104,"4":146},"cursor":146,"duration_us":176600,"id":146},"kind":"complete","us":33949874154}
2026-09-23 17:51:44: ACTION[Server]: [pregen_diag] {"data":{"cursor":146,"gap_us":94741,"hi":{"x":-113,"y":47,"z":-3393},"id":147,"lo":{"x":-192,"y":-32,"z":-3472},"selection":{"index":147,"inner":0,"x":-192,"y_max":-32,"y_min":-32,"z":-3472}},"kind":"dispatch","us":33949968895}
2026-09-23 17:51:44: ACTION[Emerge-0]: [pregen_diag] {"data":{"actions":{"2":18228,"4":147},"cursor":147,"duration_us":176936,"id":147},"kind":"complete","us":33950145832}
2026-09-23 17:51:44: ACTION[Server]: [pregen_diag] {"data":{"cursor":147,"gap_us":93832,"hi":{"x":-33,"y":47,"z":-3393},"id":148,"lo":{"x":-112,"y":-32,"z":-3472},"selection":{"index":148,"inner":0,"x":-112,"y_max":-32,"y_min":-32,"z":-3472}},"kind":"dispatch","us":33950239663}
2026-09-23 17:51:44: ACTION[Emerge-0]: [pregen_diag] {"data":{"actions":{"2":18352,"4":148},"cursor":148,"duration_us":182439,"id":148},"kind":"complete","us":33950422103}
2026-09-23 17:51:44: ACTION[Server]: [pregen_diag] {"data":{"cursor":148,"gap_us":178735,"hi":{"x":47,"y":47,"z":-3393},"id":149,"lo":{"x":-32,"y":-32,"z":-3472},"selection":{"index":149,"inner":0,"x":-32,"y_max":-32,"y_min":-32,"z":-3472}},"kind":"dispatch","us":33950600837}
2026-09-23 17:51:44: ACTION[Emerge-0]: [pregen_diag] {"data":{"actions":{"2":18476,"4":149},"cursor":149,"duration_us":175178,"id":149},"kind":"complete","us":33950776016}
2026-09-23 17:51:45: ACTION[Server]: [pregen_diag] {"data":{"cursor":149,"gap_us":94854,"hi":{"x":127,"y":47,"z":-3393},"id":150,"lo":{"x":48,"y":-32,"z":-3472},"selection":{"index":150,"inner":0,"x":48,"y_max":-32,"y_min":-32,"z":-3472}},"kind":"dispatch","us":33950870869}
2026-09-23 17:51:45: ACTION[Emerge-0]: [pregen_diag] {"data":{"actions":{"2":18600,"4":150},"cursor":150,"duration_us":173980,"id":150},"kind":"complete","us":33951044850}
2026-09-23 17:51:45: ACTION[Server]: [pregen_diag] {"data":{"cursor":150,"gap_us":97183,"hi":{"x":207,"y":47,"z":-3393},"id":151,"lo":{"x":128,"y":-32,"z":-3472},"selection":{"index":151,"inner":0,"x":128,"y_max":-32,"y_min":-32,"z":-3472}},"kind":"dispatch","us":33951142031}
2026-09-23 17:51:45: ACTION[Emerge-0]: [pregen_diag] {"data":{"actions":{"2":18724,"4":151},"cursor":151,"duration_us":172204,"id":151},"kind":"complete","us":33951314236}
2026-09-23 17:51:45: ACTION[Server]: [pregen_diag] {"data":{"cursor":151,"gap_us":99061,"hi":{"x":287,"y":47,"z":-3393},"id":152,"lo":{"x":208,"y":-32,"z":-3472},"selection":{"index":152,"inner":0,"x":208,"y_max":-32,"y_min":-32,"z":-3472}},"kind":"dispatch","us":33951413297}
2026-09-23 17:51:45: ACTION[Emerge-0]: [pregen_diag] {"data":{"actions":{"2":18848,"4":152},"cursor":152,"duration_us":175222,"id":152},"kind":"complete","us":33951588520}
2026-09-23 17:51:45: ACTION[Server]: [pregen_diag] {"data":{"cursor":152,"gap_us":94924,"hi":{"x":367,"y":47,"z":-3393},"id":153,"lo":{"x":288,"y":-32,"z":-3472},"selection":{"index":153,"inner":0,"x":288,"y_max":-32,"y_min":-32,"z":-3472}},"kind":"dispatch","us":33951683443}
2026-09-23 17:51:46: ACTION[Emerge-0]: [pregen_diag] {"data":{"actions":{"2":18972,"4":153},"cursor":153,"duration_us":174821,"id":153},"kind":"complete","us":33951858265}
2026-09-23 17:51:46: ACTION[Server]: [pregen_diag] {"data":{"cursor":153,"gap_us":96342,"hi":{"x":447,"y":47,"z":-3393},"id":154,"lo":{"x":368,"y":-32,"z":-3472},"selection":{"index":154,"inner":0,"x":368,"y_max":-32,"y_min":-32,"z":-3472}},"kind":"dispatch","us":33951954607}
2026-09-23 17:51:46: ACTION[Emerge-0]: [pregen_diag] {"data":{"actions":{"2":19096,"4":154},"cursor":154,"duration_us":178715,"id":154},"kind":"complete","us":33952133321}
2026-09-23 17:51:46: ACTION[Server]: [pregen_diag] {"data":{"cursor":154,"gap_us":92531,"hi":{"x":527,"y":47,"z":-3393},"id":155,"lo":{"x":448,"y":-32,"z":-3472},"selection":{"index":155,"inner":0,"x":448,"y_max":-32,"y_min":-32,"z":-3472}},"kind":"dispatch","us":33952225852}
2026-09-23 17:51:46: ACTION[Emerge-0]: [pregen_diag] {"data":{"actions":{"2":19220,"4":155},"cursor":155,"duration_us":178393,"id":155},"kind":"complete","us":33952404245}
2026-09-23 17:51:46: ACTION[Server]: [pregen_diag] {"data":{"cursor":155,"gap_us":92953,"hi":{"x":607,"y":47,"z":-3393},"id":156,"lo":{"x":528,"y":-32,"z":-3472},"selection":{"index":156,"inner":0,"x":528,"y_max":-32,"y_min":-32,"z":-3472}},"kind":"dispatch","us":33952497198}
2026-09-23 17:51:46: ACTION[Emerge-0]: [pregen_diag] {"data":{"actions":{"2":19344,"4":156},"cursor":156,"duration_us":182794,"id":156},"kind":"complete","us":33952679992}
2026-09-23 17:51:47: ACTION[Server]: [pregen_diag] {"data":{"cursor":156,"gap_us":178629,"hi":{"x":687,"y":47,"z":-3393},"id":157,"lo":{"x":608,"y":-32,"z":-3472},"selection":{"index":157,"inner":0,"x":608,"y_max":-32,"y_min":-32,"z":-3472}},"kind":"dispatch","us":33952858621}
2026-09-23 17:51:47: ACTION[Emerge-0]: [pregen_diag] {"data":{"actions":{"2":19468,"4":157},"cursor":157,"duration_us":179682,"id":157},"kind":"complete","us":33953038303}
2026-09-23 17:51:47: ACTION[Server]: [pregen_diag] {"data":{"cursor":157,"gap_us":92011,"hi":{"x":767,"y":47,"z":-3393},"id":158,"lo":{"x":688,"y":-32,"z":-3472},"selection":{"index":158,"inner":0,"x":688,"y_max":-32,"y_min":-32,"z":-3472}},"kind":"dispatch","us":33953130313}
2026-09-23 17:51:47: ACTION[Emerge-0]: [pregen_diag] {"data":{"actions":{"2":19592,"4":158},"cursor":158,"duration_us":177033,"id":158},"kind":"complete","us":33953307347}
2026-09-23 17:51:47: ACTION[Server]: [pregen_diag] {"data":{"cursor":158,"gap_us":94471,"hi":{"x":847,"y":47,"z":-3393},"id":159,"lo":{"x":768,"y":-32,"z":-3472},"selection":{"index":159,"inner":0,"x":768,"y_max":-32,"y_min":-32,"z":-3472}},"kind":"dispatch","us":33953401818}
2026-09-23 17:51:47: ACTION[Emerge-0]: [pregen_diag] {"data":{"actions":{"2":19716,"4":159},"cursor":159,"duration_us":177571,"id":159},"kind":"complete","us":33953579390}
2026-09-23 17:51:47: ACTION[Server]: [pregen_diag] {"data":{"cursor":159,"gap_us":93354,"hi":{"x":927,"y":47,"z":-3393},"id":160,"lo":{"x":848,"y":-32,"z":-3472},"selection":{"index":160,"inner":0,"x":848,"y_max":-32,"y_min":-32,"z":-3472}},"kind":"dispatch","us":33953672743}
2026-09-23 17:51:48: ACTION[Emerge-0]: [pregen_diag] {"data":{"actions":{"2":19840,"4":160},"cursor":160,"duration_us":176479,"id":160},"kind":"complete","us":33953849222}
2026-09-23 17:51:48: ACTION[Server]: [pregen_diag] {"data":{"cursor":160,"gap_us":94872,"hi":{"x":1007,"y":47,"z":-3393},"id":161,"lo":{"x":928,"y":-32,"z":-3472},"selection":{"index":161,"inner":0,"x":928,"y_max":-32,"y_min":-32,"z":-3472}},"kind":"dispatch","us":33953944094}
2026-09-23 17:51:48: ACTION[Emerge-0]: [pregen_diag] {"data":{"actions":{"2":19964,"4":161},"cursor":161,"duration_us":182053,"id":161},"kind":"complete","us":33954126147}
2026-09-23 17:51:48: ACTION[Server]: [pregen_diag] {"data":{"cursor":161,"gap_us":179475,"hi":{"x":1087,"y":47,"z":-3393},"id":162,"lo":{"x":1008,"y":-32,"z":-3472},"selection":{"index":162,"inner":0,"x":1008,"y_max":-32,"y_min":-32,"z":-3472}},"kind":"dispatch","us":33954305622}
2026-09-23 17:51:48: ACTION[Emerge-0]: [pregen_diag] {"data":{"actions":{"2":20088,"4":162},"cursor":162,"duration_us":184583,"id":162},"kind":"complete","us":33954490205}
2026-09-23 17:51:48: ACTION[Server]: [pregen_diag] {"data":{"cursor":162,"gap_us":176564,"hi":{"x":1167,"y":47,"z":-3393},"id":163,"lo":{"x":1088,"y":-32,"z":-3472},"selection":{"index":163,"inner":0,"x":1088,"y_max":-32,"y_min":-32,"z":-3472}},"kind":"dispatch","us":33954666769}
2026-09-23 17:51:48: ACTION[Server]: [pregen_diag] {"data":{"actions":{"2":20088,"4":162},"callbacks":20250,"cursor":162,"dispatches":163,"failed":false,"pending":true,"persist_us":2791,"persists":35,"scan_steps":35,"scan_us":99621,"selection":{"index":163,"inner":0,"x":1088,"y_max":-32,"y_min":-32,"z":-3472},"step_max_us":92349,"step_us":5060588,"steps":56},"kind":"sample","us":33954755967}
2026-09-23 17:51:49: ACTION[Emerge-0]: [pregen_diag] {"data":{"actions":{"2":20212,"4":163},"cursor":163,"duration_us":184551,"id":163},"kind":"complete","us":33954851320}
2026-09-23 17:51:49: ACTION[Server]: [pregen_diag] {"data":{"cursor":163,"gap_us":176648,"hi":{"x":1247,"y":47,"z":-3393},"id":164,"lo":{"x":1168,"y":-32,"z":-3472},"selection":{"index":164,"inner":0,"x":1168,"y_max":-32,"y_min":-32,"z":-3472}},"kind":"dispatch","us":33955027969}
2026-09-23 17:51:49: ACTION[Emerge-0]: [pregen_diag] {"data":{"actions":{"2":20336,"4":164},"cursor":164,"duration_us":182908,"id":164},"kind":"complete","us":33955210876}
2026-09-23 17:51:49: ACTION[Server]: [pregen_diag] {"data":{"cursor":164,"gap_us":178617,"hi":{"x":1327,"y":47,"z":-3393},"id":165,"lo":{"x":1248,"y":-32,"z":-3472},"selection":{"index":165,"inner":0,"x":1248,"y_max":-32,"y_min":-32,"z":-3472}},"kind":"dispatch","us":33955389493}
2026-09-23 17:51:49: ACTION[Emerge-0]: [pregen_diag] {"data":{"actions":{"2":20460,"4":165},"cursor":165,"duration_us":183002,"id":165},"kind":"complete","us":33955572495}
2026-09-23 17:51:49: ACTION[Server]: [pregen_diag] {"data":{"cursor":165,"gap_us":177105,"hi":{"x":1407,"y":47,"z":-3393},"id":166,"lo":{"x":1328,"y":-32,"z":-3472},"selection":{"index":166,"inner":0,"x":1328,"y_max":-32,"y_min":-32,"z":-3472}},"kind":"dispatch","us":33955749601}
2026-09-23 17:51:50: ACTION[Emerge-0]: [pregen_diag] {"data":{"actions":{"2":20584,"4":166},"cursor":166,"duration_us":185066,"id":166},"kind":"complete","us":33955934666}
2026-09-23 17:51:50: ACTION[Server]: [pregen_diag] {"data":{"cursor":166,"gap_us":176032,"hi":{"x":1487,"y":47,"z":-3393},"id":167,"lo":{"x":1408,"y":-32,"z":-3472},"selection":{"index":167,"inner":0,"x":1408,"y_max":-32,"y_min":-32,"z":-3472}},"kind":"dispatch","us":33956110698}
2026-09-23 17:51:50: ACTION[Emerge-0]: [pregen_diag] {"data":{"actions":{"2":20708,"4":167},"cursor":167,"duration_us":184852,"id":167},"kind":"complete","us":33956295550}
2026-09-23 17:51:50: ACTION[Server]: [pregen_diag] {"data":{"cursor":167,"gap_us":176612,"hi":{"x":1567,"y":47,"z":-3393},"id":168,"lo":{"x":1488,"y":-32,"z":-3472},"selection":{"index":168,"inner":0,"x":1488,"y_max":-32,"y_min":-32,"z":-3472}},"kind":"dispatch","us":33956472162}
2026-09-23 17:51:50: ACTION[Emerge-0]: [pregen_diag] {"data":{"actions":{"2":20832,"4":168},"cursor":168,"duration_us":183660,"id":168},"kind":"complete","us":33956655822}
2026-09-23 17:51:50: ACTION[Server]: [pregen_diag] {"data":{"cursor":168,"gap_us":177358,"hi":{"x":1647,"y":47,"z":-3393},"id":169,"lo":{"x":1568,"y":-32,"z":-3472},"selection":{"index":169,"inner":0,"x":1568,"y_max":-32,"y_min":-32,"z":-3472}},"kind":"dispatch","us":33956833180}
2026-09-23 17:51:51: ACTION[Emerge-0]: [pregen_diag] {"data":{"actions":{"2":20956,"4":169},"cursor":169,"duration_us":180382,"id":169},"kind":"complete","us":33957013563}
2026-09-23 17:51:51: ACTION[Server]: [pregen_diag] {"data":{"cursor":169,"gap_us":181506,"hi":{"x":1727,"y":47,"z":-3393},"id":170,"lo":{"x":1648,"y":-32,"z":-3472},"selection":{"index":170,"inner":0,"x":1648,"y_max":-32,"y_min":-32,"z":-3472}},"kind":"dispatch","us":33957195068}
2026-09-23 17:51:51: ACTION[Emerge-0]: [pregen_diag] {"data":{"actions":{"2":21080,"4":170},"cursor":170,"duration_us":181351,"id":170},"kind":"complete","us":33957376419}
2026-09-23 17:51:51: ACTION[Server]: [pregen_diag] {"data":{"cursor":170,"gap_us":180402,"hi":{"x":1807,"y":47,"z":-3393},"id":171,"lo":{"x":1728,"y":-32,"z":-3472},"selection":{"index":171,"inner":0,"x":1728,"y_max":-32,"y_min":-32,"z":-3472}},"kind":"dispatch","us":33957556821}
2026-09-23 17:51:51: ACTION[Emerge-0]: [pregen_diag] {"data":{"actions":{"2":21204,"4":171},"cursor":171,"duration_us":179121,"id":171},"kind":"complete","us":33957735942}
2026-09-23 17:51:51: ACTION[Server]: [pregen_diag] {"data":{"cursor":171,"gap_us":91887,"hi":{"x":1887,"y":47,"z":-3393},"id":172,"lo":{"x":1808,"y":-32,"z":-3472},"selection":{"index":172,"inner":0,"x":1808,"y_max":-32,"y_min":-32,"z":-3472}},"kind":"dispatch","us":33957827828}
2026-09-23 17:51:52: ACTION[Emerge-0]: [pregen_diag] {"data":{"actions":{"2":21328,"4":172},"cursor":172,"duration_us":178745,"id":172},"kind":"complete","us":33958006574}
2026-09-23 17:51:52: ACTION[Server]: [pregen_diag] {"data":{"cursor":172,"gap_us":92358,"hi":{"x":1967,"y":47,"z":-3393},"id":173,"lo":{"x":1888,"y":-32,"z":-3472},"selection":{"index":173,"inner":0,"x":1888,"y_max":-32,"y_min":-32,"z":-3472}},"kind":"dispatch","us":33958098932}
2026-09-23 17:51:52: ACTION[Emerge-0]: [pregen_diag] {"data":{"actions":{"2":21452,"4":173},"cursor":173,"duration_us":175042,"id":173},"kind":"complete","us":33958273974}
2026-09-23 17:51:52: ACTION[Server]: [pregen_diag] {"data":{"cursor":173,"gap_us":96575,"hi":{"x":2047,"y":47,"z":-3393},"id":174,"lo":{"x":1968,"y":-32,"z":-3472},"selection":{"index":174,"inner":0,"x":1968,"y_max":-32,"y_min":-32,"z":-3472}},"kind":"dispatch","us":33958370549}
2026-09-23 17:51:52: ACTION[Emerge-0]: [pregen_diag] {"data":{"actions":{"2":21576,"4":174},"cursor":174,"duration_us":173332,"id":174},"kind":"complete","us":33958543882}
2026-09-23 17:51:52: ACTION[Server]: [pregen_diag] {"data":{"cursor":174,"gap_us":98126,"hi":{"x":2127,"y":47,"z":-3393},"id":175,"lo":{"x":2048,"y":-32,"z":-3472},"selection":{"index":175,"inner":0,"x":2048,"y_max":-32,"y_min":-32,"z":-3472}},"kind":"dispatch","us":33958642007}
2026-09-23 17:51:52: ACTION[Emerge-0]: [pregen_diag] {"data":{"actions":{"2":21700,"4":175},"cursor":175,"duration_us":174314,"id":175},"kind":"complete","us":33958816321}
2026-09-23 17:51:53: ACTION[Server]: [pregen_diag] {"data":{"cursor":175,"gap_us":95805,"hi":{"x":2207,"y":47,"z":-3393},"id":176,"lo":{"x":2128,"y":-32,"z":-3472},"selection":{"index":176,"inner":0,"x":2128,"y_max":-32,"y_min":-32,"z":-3472}},"kind":"dispatch","us":33958912126}
2026-09-23 17:51:53: ACTION[Emerge-0]: [pregen_diag] {"data":{"actions":{"2":21824,"4":176},"cursor":176,"duration_us":180014,"id":176},"kind":"complete","us":33959092140}
2026-09-23 17:51:53: ACTION[Server]: [pregen_diag] {"data":{"cursor":176,"gap_us":181831,"hi":{"x":2287,"y":47,"z":-3393},"id":177,"lo":{"x":2208,"y":-32,"z":-3472},"selection":{"index":177,"inner":0,"x":2208,"y_max":-32,"y_min":-32,"z":-3472}},"kind":"dispatch","us":33959273971}
2026-09-23 17:51:53: ACTION[Emerge-0]: [pregen_diag] {"data":{"actions":{"2":21948,"4":177},"cursor":177,"duration_us":177524,"id":177},"kind":"complete","us":33959451495}
2026-09-23 17:51:53: ACTION[Server]: [pregen_diag] {"data":{"cursor":177,"gap_us":93417,"hi":{"x":2367,"y":47,"z":-3393},"id":178,"lo":{"x":2288,"y":-32,"z":-3472},"selection":{"index":178,"inner":0,"x":2288,"y_max":-32,"y_min":-32,"z":-3472}},"kind":"dispatch","us":33959544912}
2026-09-23 17:51:53: ACTION[Emerge-0]: [pregen_diag] {"data":{"actions":{"2":22072,"4":178},"cursor":178,"duration_us":192994,"id":178},"kind":"complete","us":33959737906}
2026-09-23 17:51:53: ACTION[Server]: [pregen_diag] {"data":{"actions":{"2":22072,"4":178},"callbacks":22250,"cursor":178,"dispatches":178,"failed":false,"pending":false,"persist_us":2474,"persists":31,"scan_steps":30,"scan_us":83449,"step_max_us":91169,"step_us":5058411,"steps":56},"kind":"sample","us":33959814377}
2026-09-23 17:51:54: ACTION[Server]: [pregen_diag] {"data":{"cursor":178,"gap_us":169161,"hi":{"x":2447,"y":47,"z":-3393},"id":179,"lo":{"x":2368,"y":-32,"z":-3472},"selection":{"index":179,"inner":0,"x":2368,"y_max":-32,"y_min":-32,"z":-3472}},"kind":"dispatch","us":33959907066}
2026-09-23 17:51:54: ACTION[Emerge-0]: [pregen_diag] {"data":{"actions":{"2":22196,"4":179},"cursor":179,"duration_us":178945,"id":179},"kind":"complete","us":33960086013}
2026-09-23 17:51:54: ACTION[Server]: [pregen_diag] {"data":{"cursor":179,"gap_us":92160,"hi":{"x":2527,"y":47,"z":-3393},"id":180,"lo":{"x":2448,"y":-32,"z":-3472},"selection":{"index":180,"inner":0,"x":2448,"y_max":-32,"y_min":-32,"z":-3472}},"kind":"dispatch","us":33960178172}
2026-09-23 17:51:54: ACTION[Emerge-0]: [pregen_diag] {"data":{"actions":{"2":22320,"4":180},"cursor":180,"duration_us":180030,"id":180},"kind":"complete","us":33960358202}
2026-09-23 17:51:54: ACTION[Server]: [pregen_diag] {"data":{"cursor":180,"gap_us":183188,"hi":{"x":2607,"y":47,"z":-3393},"id":181,"lo":{"x":2528,"y":-32,"z":-3472},"selection":{"index":181,"inner":0,"x":2528,"y_max":-32,"y_min":-32,"z":-3472}},"kind":"dispatch","us":33960541389}
2026-09-23 17:51:54: ACTION[Emerge-0]: [pregen_diag] {"data":{"actions":{"2":22444,"4":181},"cursor":181,"duration_us":180623,"id":181},"kind":"complete","us":33960722014}
2026-09-23 17:51:55: ACTION[Server]: [pregen_diag] {"data":{"cursor":181,"gap_us":178784,"hi":{"x":2687,"y":47,"z":-3393},"id":182,"lo":{"x":2608,"y":-32,"z":-3472},"selection":{"index":182,"inner":0,"x":2608,"y_max":-32,"y_min":-32,"z":-3472}},"kind":"dispatch","us":33960900797}
2026-09-23 17:51:55: ACTION[Emerge-0]: [pregen_diag] {"data":{"actions":{"2":22568,"4":182},"cursor":182,"duration_us":173887,"id":182},"kind":"complete","us":33961074684}
2026-09-23 17:51:55: ACTION[Server]: [pregen_diag] {"data":{"cursor":182,"gap_us":97409,"hi":{"x":2767,"y":47,"z":-3393},"id":183,"lo":{"x":2688,"y":-32,"z":-3472},"selection":{"index":183,"inner":0,"x":2688,"y_max":-32,"y_min":-32,"z":-3472}},"kind":"dispatch","us":33961172093}
2026-09-23 17:51:55: ACTION[Emerge-0]: [pregen_diag] {"data":{"actions":{"2":22692,"4":183},"cursor":183,"duration_us":170507,"id":183},"kind":"complete","us":33961342600}
2026-09-23 17:51:55: ACTION[Server]: [pregen_diag] {"data":{"cursor":183,"gap_us":100713,"hi":{"x":2847,"y":47,"z":-3393},"id":184,"lo":{"x":2768,"y":-32,"z":-3472},"selection":{"index":184,"inner":0,"x":2768,"y_max":-32,"y_min":-32,"z":-3472}},"kind":"dispatch","us":33961443312}
2026-09-23 17:51:55: ACTION[Emerge-0]: [pregen_diag] {"data":{"actions":{"2":22816,"4":184},"cursor":184,"duration_us":170727,"id":184},"kind":"complete","us":33961614040}
2026-09-23 17:51:55: ACTION[Server]: [pregen_diag] {"data":{"cursor":184,"gap_us":101128,"hi":{"x":2927,"y":47,"z":-3393},"id":185,"lo":{"x":2848,"y":-32,"z":-3472},"selection":{"index":185,"inner":0,"x":2848,"y_max":-32,"y_min":-32,"z":-3472}},"kind":"dispatch","us":33961715168}
2026-09-23 17:51:56: ACTION[Emerge-0]: [pregen_diag] {"data":{"actions":{"2":22940,"4":185},"cursor":185,"duration_us":176181,"id":185},"kind":"complete","us":33961891349}
2026-09-23 17:51:56: ACTION[Server]: [pregen_diag] {"data":{"cursor":185,"gap_us":94257,"hi":{"x":3007,"y":47,"z":-3393},"id":186,"lo":{"x":2928,"y":-32,"z":-3472},"selection":{"index":186,"inner":0,"x":2928,"y_max":-32,"y_min":-32,"z":-3472}},"kind":"dispatch","us":33961985605}
2026-09-23 17:51:56: ACTION[Emerge-0]: [pregen_diag] {"data":{"actions":{"2":23064,"4":186},"cursor":186,"duration_us":177848,"id":186},"kind":"complete","us":33962163455}
2026-09-23 17:51:56: ACTION[Server]: [pregen_diag] {"data":{"cursor":186,"gap_us":92336,"hi":{"x":3087,"y":47,"z":-3393},"id":187,"lo":{"x":3008,"y":-32,"z":-3472},"selection":{"index":187,"inner":0,"x":3008,"y_max":-32,"y_min":-32,"z":-3472}},"kind":"dispatch","us":33962255790}
2026-09-23 17:51:56: ACTION[Emerge-0]: [pregen_diag] {"data":{"actions":{"2":23188,"4":187},"cursor":187,"duration_us":179739,"id":187},"kind":"complete","us":33962435529}
2026-09-23 17:51:56: ACTION[Server]: [pregen_diag] {"data":{"cursor":187,"gap_us":181756,"hi":{"x":3167,"y":47,"z":-3393},"id":188,"lo":{"x":3088,"y":-32,"z":-3472},"selection":{"index":188,"inner":0,"x":3088,"y_max":-32,"y_min":-32,"z":-3472}},"kind":"dispatch","us":33962617284}
2026-09-23 17:51:56: ACTION[Emerge-0]: [pregen_diag] {"data":{"actions":{"2":23312,"4":188},"cursor":188,"duration_us":181662,"id":188},"kind":"complete","us":33962798947}
2026-09-23 17:51:57: ACTION[Server]: [pregen_diag] {"data":{"cursor":188,"gap_us":180357,"hi":{"x":3247,"y":47,"z":-3393},"id":189,"lo":{"x":3168,"y":-32,"z":-3472},"selection":{"index":189,"inner":0,"x":3168,"y_max":-32,"y_min":-32,"z":-3472}},"kind":"dispatch","us":33962979304}
2026-09-23 17:51:57: ACTION[Emerge-0]: [pregen_diag] {"data":{"actions":{"2":23436,"4":189},"cursor":189,"duration_us":182502,"id":189},"kind":"complete","us":33963161807}
2026-09-23 17:51:57: ACTION[Server]: [pregen_diag] {"data":{"cursor":189,"gap_us":179298,"hi":{"x":3327,"y":47,"z":-3393},"id":190,"lo":{"x":3248,"y":-32,"z":-3472},"selection":{"index":190,"inner":0,"x":3248,"y_max":-32,"y_min":-32,"z":-3472}},"kind":"dispatch","us":33963341104}
2026-09-23 17:51:57: ACTION[Emerge-0]: [pregen_diag] {"data":{"actions":{"2":23560,"4":190},"cursor":190,"duration_us":182274,"id":190},"kind":"complete","us":33963523378}
2026-09-23 17:51:57: ACTION[Server]: [pregen_diag] {"data":{"cursor":190,"gap_us":179570,"hi":{"x":3407,"y":47,"z":-3393},"id":191,"lo":{"x":3328,"y":-32,"z":-3472},"selection":{"index":191,"inner":0,"x":3328,"y_max":-32,"y_min":-32,"z":-3472}},"kind":"dispatch","us":33963702948}
2026-09-23 17:51:58: ACTION[Emerge-0]: [pregen_diag] {"data":{"actions":{"2":23684,"4":191},"cursor":191,"duration_us":179185,"id":191},"kind":"complete","us":33963882133}
2026-09-23 17:51:58: ACTION[Server]: [pregen_diag] {"data":{"cursor":191,"gap_us":181217,"hi":{"x":3487,"y":47,"z":-3393},"id":192,"lo":{"x":3408,"y":-32,"z":-3472},"selection":{"index":192,"inner":0,"x":3408,"y_max":-32,"y_min":-32,"z":-3472}},"kind":"dispatch","us":33964063350}
2026-09-23 17:51:58: ACTION[Emerge-0]: [pregen_diag] {"data":{"actions":{"2":23808,"4":192},"cursor":192,"duration_us":180872,"id":192},"kind":"complete","us":33964244222}
2026-09-23 17:51:58: ACTION[Server]: [pregen_diag] {"data":{"cursor":192,"gap_us":180905,"hi":{"x":3567,"y":47,"z":-3393},"id":193,"lo":{"x":3488,"y":-32,"z":-3472},"selection":{"index":193,"inner":0,"x":3488,"y_max":-32,"y_min":-32,"z":-3472}},"kind":"dispatch","us":33964425127}
2026-09-23 17:51:58: ACTION[Emerge-0]: [pregen_diag] {"data":{"actions":{"2":23932,"4":193},"cursor":193,"duration_us":182618,"id":193},"kind":"complete","us":33964607745}
2026-09-23 17:51:58: ACTION[Server]: [pregen_diag] {"data":{"cursor":193,"gap_us":177790,"hi":{"x":3647,"y":47,"z":-3393},"id":194,"lo":{"x":3568,"y":-32,"z":-3472},"selection":{"index":194,"inner":0,"x":3568,"y_max":-32,"y_min":-32,"z":-3472}},"kind":"dispatch","us":33964785535}
2026-09-23 17:51:59: ACTION[Server]: [pregen_diag] {"data":{"actions":{"2":23932,"4":193},"callbacks":24125,"cursor":193,"dispatches":194,"failed":false,"pending":true,"persist_us":2502,"persists":31,"scan_steps":32,"scan_us":93914,"selection":{"index":194,"inner":0,"x":3568,"y_max":-32,"y_min":-32,"z":-3472},"step_max_us":92543,"step_us":5060344,"steps":56},"kind":"sample","us":33964874772}
2026-09-23 17:51:59: ACTION[Emerge-0]: [pregen_diag] {"data":{"actions":{"2":24056,"4":194},"cursor":194,"duration_us":179904,"id":194},"kind":"complete","us":33964965439}
2026-09-23 17:51:59: ACTION[Server]: [pregen_diag] {"data":{"cursor":194,"gap_us":92378,"hi":{"x":3727,"y":47,"z":-3393},"id":195,"lo":{"x":3648,"y":-32,"z":-3472},"selection":{"index":195,"inner":0,"x":3648,"y_max":-32,"y_min":-32,"z":-3472}},"kind":"dispatch","us":33965057817}
2026-09-23 17:51:59: ACTION[Emerge-0]: [pregen_diag] {"data":{"actions":{"2":24180,"4":195},"cursor":195,"duration_us":181083,"id":195},"kind":"complete","us":33965238901}
2026-09-23 17:51:59: ACTION[Server]: [pregen_diag] {"data":{"cursor":195,"gap_us":178577,"hi":{"x":3807,"y":47,"z":-3393},"id":196,"lo":{"x":3728,"y":-32,"z":-3472},"selection":{"index":196,"inner":0,"x":3728,"y_max":-32,"y_min":-32,"z":-3472}},"kind":"dispatch","us":33965417477}
2026-09-23 17:51:59: ACTION[Emerge-0]: [pregen_diag] {"data":{"actions":{"2":24304,"4":196},"cursor":196,"duration_us":181320,"id":196},"kind":"complete","us":33965598797}
2026-09-23 17:51:59: ACTION[Server]: [pregen_diag] {"data":{"cursor":196,"gap_us":180231,"hi":{"x":3887,"y":47,"z":-3393},"id":197,"lo":{"x":3808,"y":-32,"z":-3472},"selection":{"index":197,"inner":0,"x":3808,"y_max":-32,"y_min":-32,"z":-3472}},"kind":"dispatch","us":33965779028}
2026-09-23 17:52:00: ACTION[Emerge-0]: [pregen_diag] {"data":{"actions":{"2":24428,"4":197},"cursor":197,"duration_us":180967,"id":197},"kind":"complete","us":33965959995}
2026-09-23 17:52:00: ACTION[Server]: [pregen_diag] {"data":{"cursor":197,"gap_us":179962,"hi":{"x":3967,"y":47,"z":-3393},"id":198,"lo":{"x":3888,"y":-32,"z":-3472},"selection":{"index":198,"inner":0,"x":3888,"y_max":-32,"y_min":-32,"z":-3472}},"kind":"dispatch","us":33966139956}
2026-09-23 17:52:00: ACTION[Emerge-0]: [pregen_diag] {"data":{"actions":{"2":24552,"4":198},"cursor":198,"duration_us":179771,"id":198},"kind":"complete","us":33966319729}
2026-09-23 17:52:00: ACTION[Server]: [pregen_diag] {"data":{"cursor":198,"gap_us":92765,"hi":{"x":-3873,"y":47,"z":-3313},"id":199,"lo":{"x":-3952,"y":-32,"z":-3392},"selection":{"index":199,"inner":0,"x":-3952,"y_max":-32,"y_min":-32,"z":-3392}},"kind":"dispatch","us":33966412493}
2026-09-23 17:52:00: ACTION[Emerge-0]: [pregen_diag] {"data":{"actions":{"2":24676,"4":199},"cursor":199,"duration_us":172519,"id":199},"kind":"complete","us":33966585013}
2026-09-23 17:52:00: ACTION[Server]: [pregen_diag] {"data":{"cursor":199,"gap_us":97696,"hi":{"x":-3793,"y":47,"z":-3313},"id":200,"lo":{"x":-3872,"y":-32,"z":-3392},"selection":{"index":200,"inner":0,"x":-3872,"y_max":-32,"y_min":-32,"z":-3392}},"kind":"dispatch","us":33966682708}
2026-09-23 17:52:01: ACTION[Emerge-0]: [pregen_diag] {"data":{"actions":{"2":24800,"4":200},"cursor":200,"duration_us":177354,"id":200},"kind":"complete","us":33966860062}
2026-09-23 17:52:01: ACTION[Server]: [pregen_diag] {"data":{"cursor":200,"gap_us":185111,"hi":{"x":-3713,"y":47,"z":-3313},"id":201,"lo":{"x":-3792,"y":-32,"z":-3392},"selection":{"index":201,"inner":0,"x":-3792,"y_max":-32,"y_min":-32,"z":-3392}},"kind":"dispatch","us":33967045173}
2026-09-23 17:52:01: ACTION[Emerge-0]: [pregen_diag] {"data":{"actions":{"2":24924,"4":201},"cursor":201,"duration_us":188421,"id":201},"kind":"complete","us":33967233594}
2026-09-23 17:52:01: ACTION[Server]: [pregen_diag] {"data":{"cursor":201,"gap_us":441796,"hi":{"x":-3633,"y":47,"z":-3313},"id":202,"lo":{"x":-3712,"y":-32,"z":-3392},"selection":{"index":202,"inner":0,"x":-3712,"y_max":-32,"y_min":-32,"z":-3392}},"kind":"dispatch","us":33967675390}
2026-09-23 17:52:02: ACTION[Emerge-0]: [pregen_diag] {"data":{"actions":{"2":25048,"4":202},"cursor":202,"duration_us":202109,"id":202},"kind":"complete","us":33967877499}
2026-09-23 17:52:02: ACTION[Server]: [pregen_diag] {"data":{"cursor":202,"gap_us":428454,"hi":{"x":-3553,"y":47,"z":-3313},"id":203,"lo":{"x":-3632,"y":-32,"z":-3392},"selection":{"index":203,"inner":0,"x":-3632,"y_max":-32,"y_min":-32,"z":-3392}},"kind":"dispatch","us":33968305953}
2026-09-23 17:52:02: ACTION[Emerge-0]: [pregen_diag] {"data":{"actions":{"2":25172,"4":203},"cursor":203,"duration_us":201344,"id":203},"kind":"complete","us":33968507297}
2026-09-23 17:52:03: ACTION[Server]: [pregen_diag] {"data":{"cursor":203,"gap_us":431159,"hi":{"x":-3473,"y":47,"z":-3313},"id":204,"lo":{"x":-3552,"y":-32,"z":-3392},"selection":{"index":204,"inner":0,"x":-3552,"y_max":-32,"y_min":-32,"z":-3392}},"kind":"dispatch","us":33968938456}
2026-09-23 17:52:03: ACTION[Emerge-0]: [pregen_diag] {"data":{"actions":{"2":25296,"4":204},"cursor":204,"duration_us":200268,"id":204},"kind":"complete","us":33969138724}
2026-09-23 17:52:03: ACTION[Server]: [pregen_diag] {"data":{"cursor":204,"gap_us":430349,"hi":{"x":-3393,"y":47,"z":-3313},"id":205,"lo":{"x":-3472,"y":-32,"z":-3392},"selection":{"index":205,"inner":0,"x":-3472,"y_max":-32,"y_min":-32,"z":-3392}},"kind":"dispatch","us":33969569073}
2026-09-23 17:52:03: ACTION[Emerge-0]: [pregen_diag] {"data":{"actions":{"2":25420,"4":205},"cursor":205,"duration_us":199850,"id":205},"kind":"complete","us":33969768923}
2026-09-23 17:52:04: ACTION[Server]: [pregen_diag] {"data":{"actions":{"2":25420,"4":205},"callbacks":25625,"cursor":205,"dispatches":205,"failed":false,"pending":false,"persist_us":1927,"persists":23,"scan":{"bottom":-10,"index":206,"inner":0,"next_x":-3324,"next_z":-3341,"top":34,"x":-3392,"x_max":-3309,"x_min":-3396,"z":-3392,"z_max":-3309,"z_min":-3396},"scan_steps":36,"scan_us":113393,"step_max_us":91986,"step_us":5054928,"steps":56},"kind":"sample","us":33969929648}
2026-09-23 17:52:04: ACTION[Server]: [pregen_diag] {"data":{"cursor":205,"gap_us":432641,"hi":{"x":-3313,"y":47,"z":-3313},"id":206,"lo":{"x":-3392,"y":-32,"z":-3392},"selection":{"index":206,"inner":0,"x":-3392,"y_max":-32,"y_min":-32,"z":-3392}},"kind":"dispatch","us":33970201564}
2026-09-23 17:52:04: ACTION[Emerge-0]: [pregen_diag] {"data":{"actions":{"2":25544,"4":206},"cursor":206,"duration_us":200384,"id":206},"kind":"complete","us":33970401948}
2026-09-23 17:52:04: ACTION[Server]: [pregen_diag] {"data":{"cursor":206,"gap_us":431633,"hi":{"x":-3233,"y":47,"z":-3313},"id":207,"lo":{"x":-3312,"y":-32,"z":-3392},"selection":{"index":207,"inner":0,"x":-3312,"y_max":-32,"y_min":-32,"z":-3392}},"kind":"dispatch","us":33970833580}
2026-09-23 17:52:05: ACTION[Emerge-0]: [pregen_diag] {"data":{"actions":{"2":25668,"4":207},"cursor":207,"duration_us":202317,"id":207},"kind":"complete","us":33971035898}
2026-09-23 17:52:05: ACTION[Server]: [pregen_diag] {"data":{"cursor":207,"gap_us":428248,"hi":{"x":-3153,"y":47,"z":-3313},"id":208,"lo":{"x":-3232,"y":-32,"z":-3392},"selection":{"index":208,"inner":0,"x":-3232,"y_max":-32,"y_min":-32,"z":-3392}},"kind":"dispatch","us":33971464146}
2026-09-23 17:52:05: ACTION[Emerge-0]: [pregen_diag] {"data":{"actions":{"2":25792,"4":208},"cursor":208,"duration_us":200507,"id":208},"kind":"complete","us":33971664654}
2026-09-23 17:52:06: ACTION[Server]: [pregen_diag] {"data":{"cursor":208,"gap_us":430888,"hi":{"x":-3073,"y":47,"z":-3313},"id":209,"lo":{"x":-3152,"y":-32,"z":-3392},"selection":{"index":209,"inner":0,"x":-3152,"y_max":-32,"y_min":-32,"z":-3392}},"kind":"dispatch","us":33972095541}
2026-09-23 17:52:06: ACTION[Emerge-0]: [pregen_diag] {"data":{"actions":{"2":25916,"4":209},"cursor":209,"duration_us":197901,"id":209},"kind":"complete","us":33972293442}
2026-09-23 17:52:06: ACTION[Server]: [pregen_diag] {"data":{"cursor":209,"gap_us":433390,"hi":{"x":-2993,"y":47,"z":-3313},"id":210,"lo":{"x":-3072,"y":-32,"z":-3392},"selection":{"index":210,"inner":0,"x":-3072,"y_max":-32,"y_min":-32,"z":-3392}},"kind":"dispatch","us":33972726832}
2026-09-23 17:52:07: ACTION[Emerge-0]: [pregen_diag] {"data":{"actions":{"2":26040,"4":210},"cursor":210,"duration_us":200648,"id":210},"kind":"complete","us":33972927480}
2026-09-23 17:52:07: ACTION[Server]: [pregen_diag] {"data":{"cursor":210,"gap_us":430677,"hi":{"x":-2913,"y":47,"z":-3313},"id":211,"lo":{"x":-2992,"y":-32,"z":-3392},"selection":{"index":211,"inner":0,"x":-2992,"y_max":-32,"y_min":-32,"z":-3392}},"kind":"dispatch","us":33973358157}
2026-09-23 17:52:07: ACTION[Emerge-0]: [pregen_diag] {"data":{"actions":{"2":26164,"4":211},"cursor":211,"duration_us":200398,"id":211},"kind":"complete","us":33973558556}
2026-09-23 17:52:08: ACTION[Server]: [pregen_diag] {"data":{"cursor":211,"gap_us":431953,"hi":{"x":-2833,"y":47,"z":-3313},"id":212,"lo":{"x":-2912,"y":-32,"z":-3392},"selection":{"index":212,"inner":0,"x":-2912,"y_max":-32,"y_min":-32,"z":-3392}},"kind":"dispatch","us":33973990508}
2026-09-23 17:52:08: ACTION[Emerge-0]: [pregen_diag] {"data":{"actions":{"2":26288,"4":212},"cursor":212,"duration_us":198283,"id":212},"kind":"complete","us":33974188792}
2026-09-23 17:52:08: ACTION[Server]: [pregen_diag] {"data":{"cursor":212,"gap_us":346233,"hi":{"x":-2753,"y":47,"z":-3313},"id":213,"lo":{"x":-2832,"y":-32,"z":-3392},"selection":{"index":213,"inner":0,"x":-2832,"y_max":-32,"y_min":-32,"z":-3392}},"kind":"dispatch","us":33974535024}
2026-09-23 17:52:08: ACTION[Emerge-0]: [pregen_diag] {"data":{"actions":{"2":26412,"4":213},"cursor":213,"duration_us":192217,"id":213},"kind":"complete","us":33974727242}
2026-09-23 17:52:09: ACTION[Server]: [pregen_diag] {"data":{"actions":{"2":26412,"4":213},"callbacks":26625,"cursor":213,"dispatches":213,"failed":false,"pending":false,"persist_us":1319,"persists":16,"scan":{"bottom":-10,"index":214,"inner":0,"next_x":-2756,"next_z":-3328,"top":34,"x":-2752,"x_max":-2669,"x_min":-2756,"z":-3392,"z_max":-3309,"z_min":-3396},"scan_steps":40,"scan_us":135853,"step_max_us":92114,"step_us":5053082,"steps":56},"kind":"sample","us":33974982731}
2026-09-23 17:52:09: ACTION[Server]: [pregen_diag] {"data":{"cursor":213,"gap_us":349362,"hi":{"x":-2673,"y":47,"z":-3313},"id":214,"lo":{"x":-2752,"y":-32,"z":-3392},"selection":{"index":214,"inner":0,"x":-2752,"y_max":-32,"y_min":-32,"z":-3392}},"kind":"dispatch","us":33975076602}
2026-09-23 17:52:09: ACTION[Emerge-0]: [pregen_diag] {"data":{"actions":{"2":26536,"4":214},"cursor":214,"duration_us":191915,"id":214},"kind":"complete","us":33975268518}
2026-09-23 17:52:09: ACTION[Server]: [pregen_diag] {"data":{"cursor":214,"gap_us":349360,"hi":{"x":-2593,"y":47,"z":-3313},"id":215,"lo":{"x":-2672,"y":-32,"z":-3392},"selection":{"index":215,"inner":0,"x":-2672,"y_max":-32,"y_min":-32,"z":-3392}},"kind":"dispatch","us":33975617878}
2026-09-23 17:52:09: ACTION[Emerge-0]: [pregen_diag] {"data":{"actions":{"2":26660,"4":215},"cursor":215,"duration_us":197485,"id":215},"kind":"complete","us":33975815363}
2026-09-23 17:52:10: ACTION[Server]: [pregen_diag] {"data":{"cursor":215,"gap_us":344112,"hi":{"x":-2513,"y":47,"z":-3313},"id":216,"lo":{"x":-2592,"y":-32,"z":-3392},"selection":{"index":216,"inner":0,"x":-2592,"y_max":-32,"y_min":-32,"z":-3392}},"kind":"dispatch","us":33976159475}
2026-09-23 17:52:10: ACTION[Emerge-0]: [pregen_diag] {"data":{"actions":{"2":26784,"4":216},"cursor":216,"duration_us":194381,"id":216},"kind":"complete","us":33976353856}
2026-09-23 17:52:10: ACTION[Server]: [pregen_diag] {"data":{"cursor":216,"gap_us":347081,"hi":{"x":-2433,"y":47,"z":-3313},"id":217,"lo":{"x":-2512,"y":-32,"z":-3392},"selection":{"index":217,"inner":0,"x":-2512,"y_max":-32,"y_min":-32,"z":-3392}},"kind":"dispatch","us":33976700936}
2026-09-23 17:52:11: ACTION[Emerge-0]: [pregen_diag] {"data":{"actions":{"2":26908,"4":217},"cursor":217,"duration_us":198531,"id":217},"kind":"complete","us":33976899468}
2026-09-23 17:52:11: ACTION[Server]: [pregen_diag] {"data":{"cursor":217,"gap_us":341919,"hi":{"x":-2353,"y":47,"z":-3313},"id":218,"lo":{"x":-2432,"y":-32,"z":-3392},"selection":{"index":218,"inner":0,"x":-2432,"y_max":-32,"y_min":-32,"z":-3392}},"kind":"dispatch","us":33977241387}
2026-09-23 17:52:11: ACTION[Emerge-0]: [pregen_diag] {"data":{"actions":{"2":27032,"4":218},"cursor":218,"duration_us":196460,"id":218},"kind":"complete","us":33977437847}
2026-09-23 17:52:11: ACTION[Server]: [pregen_diag] {"data":{"cursor":218,"gap_us":345046,"hi":{"x":-2273,"y":47,"z":-3313},"id":219,"lo":{"x":-2352,"y":-32,"z":-3392},"selection":{"index":219,"inner":0,"x":-2352,"y_max":-32,"y_min":-32,"z":-3392}},"kind":"dispatch","us":33977782893}
2026-09-23 17:52:12: ACTION[Emerge-0]: [pregen_diag] {"data":{"actions":{"2":27156,"4":219},"cursor":219,"duration_us":198147,"id":219},"kind":"complete","us":33977981040}
2026-09-23 17:52:12: ACTION[Server]: [pregen_diag] {"data":{"cursor":219,"gap_us":430072,"hi":{"x":-2193,"y":47,"z":-3313},"id":220,"lo":{"x":-2272,"y":-32,"z":-3392},"selection":{"index":220,"inner":0,"x":-2272,"y_max":-32,"y_min":-32,"z":-3392}},"kind":"dispatch","us":33978411112}
2026-09-23 17:52:12: ACTION[Emerge-0]: [pregen_diag] {"data":{"actions":{"2":27280,"4":220},"cursor":220,"duration_us":197641,"id":220},"kind":"complete","us":33978608753}
2026-09-23 17:52:13: ACTION[Server]: [pregen_diag] {"data":{"cursor":220,"gap_us":433696,"hi":{"x":-2113,"y":47,"z":-3313},"id":221,"lo":{"x":-2192,"y":-32,"z":-3392},"selection":{"index":221,"inner":0,"x":-2192,"y_max":-32,"y_min":-32,"z":-3392}},"kind":"dispatch","us":33979042449}
2026-09-23 17:52:13: ACTION[Emerge-0]: [pregen_diag] {"data":{"actions":{"2":27404,"4":221},"cursor":221,"duration_us":193847,"id":221},"kind":"complete","us":33979236296}
2026-09-23 17:52:13: ACTION[Server]: [pregen_diag] {"data":{"cursor":221,"gap_us":438265,"hi":{"x":-2033,"y":47,"z":-3313},"id":222,"lo":{"x":-2112,"y":-32,"z":-3392},"selection":{"index":222,"inner":0,"x":-2112,"y_max":-32,"y_min":-32,"z":-3392}},"kind":"dispatch","us":33979674560}
2026-09-23 17:52:14: ACTION[Emerge-0]: [pregen_diag] {"data":{"actions":{"2":27528,"4":222},"cursor":222,"duration_us":200182,"id":222},"kind":"complete","us":33979874744}
2026-09-23 17:52:14: ACTION[Server]: [pregen_diag] {"data":{"actions":{"2":27528,"4":222},"callbacks":27750,"cursor":222,"dispatches":222,"failed":false,"pending":false,"persist_us":1553,"persists":18,"scan":{"bottom":-10,"index":223,"inner":0,"next_x":-2036,"next_z":-3340,"top":34,"x":-2032,"x_max":-1949,"x_min":-2036,"z":-3392,"z_max":-3309,"z_min":-3396},"scan_steps":38,"scan_us":138741,"step_max_us":90920,"step_us":5052483,"steps":56},"kind":"sample","us":33980035214}
2026-09-23 17:52:14: ACTION[Server]: [pregen_diag] {"data":{"cursor":222,"gap_us":345445,"hi":{"x":-1953,"y":47,"z":-3313},"id":223,"lo":{"x":-2032,"y":-32,"z":-3392},"selection":{"index":223,"inner":0,"x":-2032,"y_max":-32,"y_min":-32,"z":-3392}},"kind":"dispatch","us":33980220187}
2026-09-23 17:52:14: ACTION[Emerge-0]: [pregen_diag] {"data":{"actions":{"2":27652,"4":223},"cursor":223,"duration_us":199383,"id":223},"kind":"complete","us":33980419571}
2026-09-23 17:52:14: ACTION[Server]: [pregen_diag] {"data":{"cursor":223,"gap_us":341372,"hi":{"x":-1873,"y":47,"z":-3313},"id":224,"lo":{"x":-1952,"y":-32,"z":-3392},"selection":{"index":224,"inner":0,"x":-1952,"y_max":-32,"y_min":-32,"z":-3392}},"kind":"dispatch","us":33980760942}
2026-09-23 17:52:15: ACTION[Emerge-0]: [pregen_diag] {"data":{"actions":{"2":27776,"4":224},"cursor":224,"duration_us":199883,"id":224},"kind":"complete","us":33980960826}
2026-09-23 17:52:15: ACTION[Server]: [pregen_diag] {"data":{"cursor":224,"gap_us":341645,"hi":{"x":-1793,"y":47,"z":-3313},"id":225,"lo":{"x":-1872,"y":-32,"z":-3392},"selection":{"index":225,"inner":0,"x":-1872,"y_max":-32,"y_min":-32,"z":-3392}},"kind":"dispatch","us":33981302471}
2026-09-23 17:52:15: ACTION[Emerge-0]: [pregen_diag] {"data":{"actions":{"2":27900,"4":225},"cursor":225,"duration_us":204147,"id":225},"kind":"complete","us":33981506619}
2026-09-23 17:52:16: ACTION[Server]: [pregen_diag] {"data":{"cursor":225,"gap_us":424283,"hi":{"x":-1713,"y":47,"z":-3313},"id":226,"lo":{"x":-1792,"y":-32,"z":-3392},"selection":{"index":226,"inner":0,"x":-1792,"y_max":-32,"y_min":-32,"z":-3392}},"kind":"dispatch","us":33981930901}
2026-09-23 17:52:16: ACTION[Emerge-0]: [pregen_diag] {"data":{"actions":{"2":28024,"4":226},"cursor":226,"duration_us":212836,"id":226},"kind":"complete","us":33982143737}
2026-09-23 17:52:16: ACTION[Server]: [pregen_diag] {"data":{"cursor":226,"gap_us":331609,"hi":{"x":-1633,"y":47,"z":-3313},"id":227,"lo":{"x":-1712,"y":-32,"z":-3392},"selection":{"index":227,"inner":0,"x":-1712,"y_max":-32,"y_min":-32,"z":-3392}},"kind":"dispatch","us":33982475346}
2026-09-23 17:52:16: ACTION[Emerge-0]: [pregen_diag] {"data":{"actions":{"2":28148,"4":227},"cursor":227,"duration_us":212371,"id":227},"kind":"complete","us":33982687717}
2026-09-23 17:52:17: ACTION[Server]: [pregen_diag] {"data":{"cursor":227,"gap_us":328905,"hi":{"x":-1553,"y":47,"z":-3313},"id":228,"lo":{"x":-1632,"y":-32,"z":-3392},"selection":{"index":228,"inner":0,"x":-1632,"y_max":-32,"y_min":-32,"z":-3392}},"kind":"dispatch","us":33983016622}
2026-09-23 17:52:17: ACTION[Emerge-0]: [pregen_diag] {"data":{"actions":{"2":28272,"4":228},"cursor":228,"duration_us":211989,"id":228},"kind":"complete","us":33983228611}
2026-09-23 17:52:17: ACTION[Server]: [pregen_diag] {"data":{"cursor":228,"gap_us":329096,"hi":{"x":-1473,"y":47,"z":-3313},"id":229,"lo":{"x":-1552,"y":-32,"z":-3392},"selection":{"index":229,"inner":0,"x":-1552,"y_max":-32,"y_min":-32,"z":-3392}},"kind":"dispatch","us":33983557707}
2026-09-23 17:52:17: ACTION[Emerge-0]: [pregen_diag] {"data":{"actions":{"2":28396,"4":229},"cursor":229,"duration_us":208474,"id":229},"kind":"complete","us":33983766181}
2026-09-23 17:52:18: ACTION[Server]: [pregen_diag] {"data":{"cursor":229,"gap_us":332884,"hi":{"x":-1393,"y":47,"z":-3313},"id":230,"lo":{"x":-1472,"y":-32,"z":-3392},"selection":{"index":230,"inner":0,"x":-1472,"y_max":-32,"y_min":-32,"z":-3392}},"kind":"dispatch","us":33984099065}
2026-09-23 17:52:18: ACTION[Emerge-0]: [pregen_diag] {"data":{"actions":{"2":28520,"4":230},"cursor":230,"duration_us":209743,"id":230},"kind":"complete","us":33984308809}
2026-09-23 17:52:18: ACTION[Server]: [pregen_diag] {"data":{"cursor":230,"gap_us":331495,"hi":{"x":-1313,"y":47,"z":-3313},"id":231,"lo":{"x":-1392,"y":-32,"z":-3392},"selection":{"index":231,"inner":0,"x":-1392,"y_max":-32,"y_min":-32,"z":-3392}},"kind":"dispatch","us":33984640303}
2026-09-23 17:52:19: ACTION[Emerge-0]: [pregen_diag] {"data":{"actions":{"2":28644,"4":231},"cursor":231,"duration_us":210957,"id":231},"kind":"complete","us":33984851260}
2026-09-23 17:52:19: ACTION[Server]: [pregen_diag] {"data":{"actions":{"2":28644,"4":231},"callbacks":28875,"cursor":231,"dispatches":231,"failed":false,"pending":false,"persist_us":1457,"persists":18,"scan":{"bottom":-10,"index":232,"inner":0,"next_x":-1276,"next_z":-3329,"top":34,"x":-1312,"x_max":-1229,"x_min":-1316,"z":-3392,"z_max":-3309,"z_min":-3396},"scan_steps":38,"scan_us":145201,"step_max_us":92126,"step_us":5053133,"steps":56},"kind":"sample","us":33985088347}
2026-09-23 17:52:19: ACTION[Server]: [pregen_diag] {"data":{"cursor":231,"gap_us":331167,"hi":{"x":-1233,"y":47,"z":-3313},"id":232,"lo":{"x":-1312,"y":-32,"z":-3392},"selection":{"index":232,"inner":0,"x":-1312,"y_max":-32,"y_min":-32,"z":-3392}},"kind":"dispatch","us":33985182427}
2026-09-23 17:52:19: ACTION[Emerge-0]: [pregen_diag] {"data":{"actions":{"2":28768,"4":232},"cursor":232,"duration_us":213376,"id":232},"kind":"complete","us":33985395804}
2026-09-23 17:52:19: ACTION[Server]: [pregen_diag] {"data":{"cursor":232,"gap_us":328127,"hi":{"x":-1153,"y":47,"z":-3313},"id":233,"lo":{"x":-1232,"y":-32,"z":-3392},"selection":{"index":233,"inner":0,"x":-1232,"y_max":-32,"y_min":-32,"z":-3392}},"kind":"dispatch","us":33985723930}
2026-09-23 17:52:20: ACTION[Emerge-0]: [pregen_diag] {"data":{"actions":{"2":28892,"4":233},"cursor":233,"duration_us":214742,"id":233},"kind":"complete","us":33985938673}
2026-09-23 17:52:20: ACTION[Server]: [pregen_diag] {"data":{"cursor":233,"gap_us":326045,"hi":{"x":-1073,"y":47,"z":-3313},"id":234,"lo":{"x":-1152,"y":-32,"z":-3392},"selection":{"index":234,"inner":0,"x":-1152,"y_max":-32,"y_min":-32,"z":-3392}},"kind":"dispatch","us":33986264717}
2026-09-23 17:52:20: ACTION[Emerge-0]: [pregen_diag] {"data":{"actions":{"2":29016,"4":234},"cursor":234,"duration_us":214749,"id":234},"kind":"complete","us":33986479466}
2026-09-23 17:52:21: ACTION[Server]: [pregen_diag] {"data":{"cursor":234,"gap_us":415228,"hi":{"x":-993,"y":47,"z":-3313},"id":235,"lo":{"x":-1072,"y":-32,"z":-3392},"selection":{"index":235,"inner":0,"x":-1072,"y_max":-32,"y_min":-32,"z":-3392}},"kind":"dispatch","us":33986894694}
2026-09-23 17:52:21: ACTION[Emerge-0]: [pregen_diag] {"data":{"actions":{"2":29140,"4":235},"cursor":235,"duration_us":207905,"id":235},"kind":"complete","us":33987102599}
2026-09-23 17:52:21: ACTION[Server]: [pregen_diag] {"data":{"cursor":235,"gap_us":335714,"hi":{"x":-913,"y":47,"z":-3313},"id":236,"lo":{"x":-992,"y":-32,"z":-3392},"selection":{"index":236,"inner":0,"x":-992,"y_max":-32,"y_min":-32,"z":-3392}},"kind":"dispatch","us":33987438312}
2026-09-23 17:52:21: ACTION[Emerge-0]: [pregen_diag] {"data":{"actions":{"2":29264,"4":236},"cursor":236,"duration_us":207959,"id":236},"kind":"complete","us":33987646272}
2026-09-23 17:52:22: ACTION[Server]: [pregen_diag] {"data":{"cursor":236,"gap_us":333924,"hi":{"x":-833,"y":47,"z":-3313},"id":237,"lo":{"x":-912,"y":-32,"z":-3392},"selection":{"index":237,"inner":0,"x":-912,"y_max":-32,"y_min":-32,"z":-3392}},"kind":"dispatch","us":33987980196}
2026-09-23 17:52:22: ACTION[Emerge-0]: [pregen_diag] {"data":{"actions":{"2":29388,"4":237},"cursor":237,"duration_us":207049,"id":237},"kind":"complete","us":33988187245}
2026-09-23 17:52:22: ACTION[Server]: [pregen_diag] {"data":{"cursor":237,"gap_us":333507,"hi":{"x":-753,"y":47,"z":-3313},"id":238,"lo":{"x":-832,"y":-32,"z":-3392},"selection":{"index":238,"inner":0,"x":-832,"y_max":-32,"y_min":-32,"z":-3392}},"kind":"dispatch","us":33988520752}
2026-09-23 17:52:22: ACTION[Emerge-0]: [pregen_diag] {"data":{"actions":{"2":29512,"4":238},"cursor":238,"duration_us":207830,"id":238},"kind":"complete","us":33988728582}
2026-09-23 17:52:23: ACTION[Server]: [pregen_diag] {"data":{"cursor":238,"gap_us":334101,"hi":{"x":-673,"y":47,"z":-3313},"id":239,"lo":{"x":-752,"y":-32,"z":-3392},"selection":{"index":239,"inner":0,"x":-752,"y_max":-32,"y_min":-32,"z":-3392}},"kind":"dispatch","us":33989062683}
2026-09-23 17:52:23: ACTION[Emerge-0]: [pregen_diag] {"data":{"actions":{"2":29636,"4":239},"cursor":239,"duration_us":207927,"id":239},"kind":"complete","us":33989270610}
2026-09-23 17:52:23: ACTION[Server]: [pregen_diag] {"data":{"cursor":239,"gap_us":333084,"hi":{"x":-593,"y":47,"z":-3313},"id":240,"lo":{"x":-672,"y":-32,"z":-3392},"selection":{"index":240,"inner":0,"x":-672,"y_max":-32,"y_min":-32,"z":-3392}},"kind":"dispatch","us":33989603694}
2026-09-23 17:52:23: ACTION[Emerge-0]: [pregen_diag] {"data":{"actions":{"2":29760,"4":240},"cursor":240,"duration_us":213094,"id":240},"kind":"complete","us":33989816789}
2026-09-23 17:52:24: ACTION[Server]: [pregen_diag] {"data":{"actions":{"2":29760,"4":240},"callbacks":30000,"cursor":240,"dispatches":240,"failed":false,"pending":false,"persist_us":1491,"persists":18,"scan":{"bottom":-10,"index":241,"inner":0,"next_x":-524,"next_z":-3317,"top":34,"x":-592,"x_max":-509,"x_min":-596,"z":-3392,"z_max":-3309,"z_min":-3396},"scan_steps":38,"scan_us":141612,"step_max_us":92107,"step_us":5053389,"steps":56},"kind":"sample","us":33990141736}
2026-09-23 17:52:24: ACTION[Server]: [pregen_diag] {"data":{"cursor":240,"gap_us":327991,"hi":{"x":-513,"y":47,"z":-3313},"id":241,"lo":{"x":-592,"y":-32,"z":-3392},"selection":{"index":241,"inner":0,"x":-592,"y_max":-32,"y_min":-32,"z":-3392}},"kind":"dispatch","us":33990144779}
2026-09-23 17:52:24: ACTION[Emerge-0]: [pregen_diag] {"data":{"actions":{"2":29884,"4":241},"cursor":241,"duration_us":213551,"id":241},"kind":"complete","us":33990358330}
2026-09-23 17:52:24: ACTION[Server]: [pregen_diag] {"data":{"cursor":241,"gap_us":328728,"hi":{"x":-433,"y":47,"z":-3313},"id":242,"lo":{"x":-512,"y":-32,"z":-3392},"selection":{"index":242,"inner":0,"x":-512,"y_max":-32,"y_min":-32,"z":-3392}},"kind":"dispatch","us":33990687058}
2026-09-23 17:52:25: ACTION[Emerge-0]: [pregen_diag] {"data":{"actions":{"2":30008,"4":242},"cursor":242,"duration_us":210590,"id":242},"kind":"complete","us":33990897649}
2026-09-23 17:52:25: ACTION[Server]: [pregen_diag] {"data":{"cursor":242,"gap_us":330658,"hi":{"x":-353,"y":47,"z":-3313},"id":243,"lo":{"x":-432,"y":-32,"z":-3392},"selection":{"index":243,"inner":0,"x":-432,"y_max":-32,"y_min":-32,"z":-3392}},"kind":"dispatch","us":33991228306}
2026-09-23 17:52:25: ACTION[Emerge-0]: [pregen_diag] {"data":{"actions":{"2":30132,"4":243},"cursor":243,"duration_us":211085,"id":243},"kind":"complete","us":33991439391}
2026-09-23 17:52:25: ACTION[Server]: [pregen_diag] {"data":{"cursor":243,"gap_us":330464,"hi":{"x":-273,"y":47,"z":-3313},"id":244,"lo":{"x":-352,"y":-32,"z":-3392},"selection":{"index":244,"inner":0,"x":-352,"y_max":-32,"y_min":-32,"z":-3392}},"kind":"dispatch","us":33991769855}
2026-09-23 17:52:26: ACTION[Emerge-0]: [pregen_diag] {"data":{"actions":{"2":30256,"4":244},"cursor":244,"duration_us":210553,"id":244},"kind":"complete","us":33991980408}
2026-09-23 17:52:26: ACTION[Server]: [pregen_diag] {"data":{"cursor":244,"gap_us":418237,"hi":{"x":-193,"y":47,"z":-3313},"id":245,"lo":{"x":-272,"y":-32,"z":-3392},"selection":{"index":245,"inner":0,"x":-272,"y_max":-32,"y_min":-32,"z":-3392}},"kind":"dispatch","us":33992398644}
2026-09-23 17:52:26: ACTION[Emerge-0]: [pregen_diag] {"data":{"actions":{"2":30380,"4":245},"cursor":245,"duration_us":211243,"id":245},"kind":"complete","us":33992609889}
2026-09-23 17:52:27: ACTION[Server]: [pregen_diag] {"data":{"cursor":245,"gap_us":420722,"hi":{"x":-113,"y":47,"z":-3313},"id":246,"lo":{"x":-192,"y":-32,"z":-3392},"selection":{"index":246,"inner":0,"x":-192,"y_max":-32,"y_min":-32,"z":-3392}},"kind":"dispatch","us":33993030610}
2026-09-23 17:52:27: ACTION[Emerge-0]: [pregen_diag] {"data":{"actions":{"2":30504,"4":246},"cursor":246,"duration_us":205903,"id":246},"kind":"complete","us":33993236513}
2026-09-23 17:52:27: ACTION[Server]: [pregen_diag] {"data":{"cursor":246,"gap_us":424595,"hi":{"x":-33,"y":47,"z":-3313},"id":247,"lo":{"x":-112,"y":-32,"z":-3392},"selection":{"index":247,"inner":0,"x":-112,"y_max":-32,"y_min":-32,"z":-3392}},"kind":"dispatch","us":33993661108}
2026-09-23 17:52:28: ACTION[Emerge-0]: [pregen_diag] {"data":{"actions":{"2":30628,"4":247},"cursor":247,"duration_us":200540,"id":247},"kind":"complete","us":33993861648}
2026-09-23 17:52:28: ACTION[Server]: [pregen_diag] {"data":{"cursor":247,"gap_us":344270,"hi":{"x":47,"y":47,"z":-3313},"id":248,"lo":{"x":-32,"y":-32,"z":-3392},"selection":{"index":248,"inner":0,"x":-32,"y_max":-32,"y_min":-32,"z":-3392}},"kind":"dispatch","us":33994205918}
2026-09-23 17:52:28: ACTION[Emerge-0]: [pregen_diag] {"data":{"actions":{"2":30752,"4":248},"cursor":248,"duration_us":191933,"id":248},"kind":"complete","us":33994397852}
2026-09-23 17:52:28: ACTION[Server]: [pregen_diag] {"data":{"cursor":248,"gap_us":349231,"hi":{"x":127,"y":47,"z":-3313},"id":249,"lo":{"x":48,"y":-32,"z":-3392},"selection":{"index":249,"inner":0,"x":48,"y_max":-32,"y_min":-32,"z":-3392}},"kind":"dispatch","us":33994747082}
2026-09-23 17:52:29: ACTION[Emerge-0]: [pregen_diag] {"data":{"actions":{"2":30876,"4":249},"cursor":249,"duration_us":200051,"id":249},"kind":"complete","us":33994947133}
2026-09-23 17:52:29: ACTION[Server]: [pregen_diag] {"data":{"actions":{"2":30876,"4":249},"callbacks":31125,"cursor":249,"dispatches":249,"failed":false,"pending":false,"persist_us":1494,"persists":18,"scan":{"bottom":-10,"index":250,"inner":0,"next_x":196,"next_z":-3329,"top":34,"x":128,"x_max":211,"x_min":124,"z":-3392,"z_max":-3309,"z_min":-3396},"scan_steps":38,"scan_us":139262,"step_max_us":90998,"step_us":5053219,"steps":56},"kind":"sample","us":33995194955}
2026-09-23 17:52:29: ACTION[Server]: [pregen_diag] {"data":{"cursor":249,"gap_us":341747,"hi":{"x":207,"y":47,"z":-3313},"id":250,"lo":{"x":128,"y":-32,"z":-3392},"selection":{"index":250,"inner":0,"x":128,"y_max":-32,"y_min":-32,"z":-3392}},"kind":"dispatch","us":33995288880}
2026-09-23 17:52:29: ACTION[Emerge-0]: [pregen_diag] {"data":{"actions":{"2":31000,"4":250},"cursor":250,"duration_us":207243,"id":250},"kind":"complete","us":33995496123}
2026-09-23 17:52:29: ACTION[Server]: [pregen_diag] {"data":{"cursor":250,"gap_us":333441,"hi":{"x":287,"y":47,"z":-3313},"id":251,"lo":{"x":208,"y":-32,"z":-3392},"selection":{"index":251,"inner":0,"x":208,"y_max":-32,"y_min":-32,"z":-3392}},"kind":"dispatch","us":33995829563}
2026-09-23 17:52:30: ACTION[Emerge-0]: [pregen_diag] {"data":{"actions":{"2":31124,"4":251},"cursor":251,"duration_us":206514,"id":251},"kind":"complete","us":33996036079}
2026-09-23 17:52:30: ACTION[Server]: [pregen_diag] {"data":{"cursor":251,"gap_us":335199,"hi":{"x":367,"y":47,"z":-3313},"id":252,"lo":{"x":288,"y":-32,"z":-3392},"selection":{"index":252,"inner":0,"x":288,"y_max":-32,"y_min":-32,"z":-3392}},"kind":"dispatch","us":33996371277}
2026-09-23 17:52:30: ACTION[Emerge-0]: [pregen_diag] {"data":{"actions":{"2":31248,"4":252},"cursor":252,"duration_us":206071,"id":252},"kind":"complete","us":33996577349}
2026-09-23 17:52:31: ACTION[Server]: [pregen_diag] {"data":{"cursor":252,"gap_us":335675,"hi":{"x":447,"y":47,"z":-3313},"id":253,"lo":{"x":368,"y":-32,"z":-3392},"selection":{"index":253,"inner":0,"x":368,"y_max":-32,"y_min":-32,"z":-3392}},"kind":"dispatch","us":33996913023}
2026-09-23 17:52:31: ACTION[Emerge-0]: [pregen_diag] {"data":{"actions":{"2":31372,"4":253},"cursor":253,"duration_us":209150,"id":253},"kind":"complete","us":33997122173}
2026-09-23 17:52:31: ACTION[Server]: [pregen_diag] {"data":{"cursor":253,"gap_us":333616,"hi":{"x":527,"y":47,"z":-3313},"id":254,"lo":{"x":448,"y":-32,"z":-3392},"selection":{"index":254,"inner":0,"x":448,"y_max":-32,"y_min":-32,"z":-3392}},"kind":"dispatch","us":33997455788}
2026-09-23 17:52:31: ACTION[Emerge-0]: [pregen_diag] {"data":{"actions":{"2":31496,"4":254},"cursor":254,"duration_us":210659,"id":254},"kind":"complete","us":33997666448}
2026-09-23 17:52:32: ACTION[Server]: [pregen_diag] {"data":{"cursor":254,"gap_us":329532,"hi":{"x":607,"y":47,"z":-3313},"id":255,"lo":{"x":528,"y":-32,"z":-3392},"selection":{"index":255,"inner":0,"x":528,"y_max":-32,"y_min":-32,"z":-3392}},"kind":"dispatch","us":33997995979}
2026-09-23 17:52:32: ACTION[Emerge-0]: [pregen_diag] {"data":{"actions":{"2":31620,"4":255},"cursor":255,"duration_us":206795,"id":255},"kind":"complete","us":33998202775}
2026-09-23 17:52:32: ACTION[Server]: [pregen_diag] {"data":{"cursor":255,"gap_us":334894,"hi":{"x":687,"y":47,"z":-3313},"id":256,"lo":{"x":608,"y":-32,"z":-3392},"selection":{"index":256,"inner":0,"x":608,"y_max":-32,"y_min":-32,"z":-3392}},"kind":"dispatch","us":33998537669}
2026-09-23 17:52:32: ACTION[Emerge-0]: [pregen_diag] {"data":{"actions":{"2":31744,"4":256},"cursor":256,"duration_us":208578,"id":256},"kind":"complete","us":33998746248}
2026-09-23 17:52:33: ACTION[Server]: [pregen_diag] {"data":{"cursor":256,"gap_us":333135,"hi":{"x":767,"y":47,"z":-3313},"id":257,"lo":{"x":688,"y":-32,"z":-3392},"selection":{"index":257,"inner":0,"x":688,"y_max":-32,"y_min":-32,"z":-3392}},"kind":"dispatch","us":33999079382}
2026-09-23 17:52:33: ACTION[Emerge-0]: [pregen_diag] {"data":{"actions":{"2":31868,"4":257},"cursor":257,"duration_us":208152,"id":257},"kind":"complete","us":33999287535}
2026-09-23 17:52:33: ACTION[Server]: [pregen_diag] {"data":{"cursor":257,"gap_us":333315,"hi":{"x":847,"y":47,"z":-3313},"id":258,"lo":{"x":768,"y":-32,"z":-3392},"selection":{"index":258,"inner":0,"x":768,"y_max":-32,"y_min":-32,"z":-3392}},"kind":"dispatch","us":33999620849}
2026-09-23 17:52:33: ACTION[Emerge-0]: [pregen_diag] {"data":{"actions":{"2":31992,"4":258},"cursor":258,"duration_us":211650,"id":258},"kind":"complete","us":33999832499}
2026-09-23 17:52:34: ACTION[Server]: [pregen_diag] {"data":{"cursor":258,"gap_us":331133,"hi":{"x":927,"y":47,"z":-3313},"id":259,"lo":{"x":848,"y":-32,"z":-3392},"selection":{"index":259,"inner":0,"x":848,"y_max":-32,"y_min":-32,"z":-3392}},"kind":"dispatch","us":34000163632}
2026-09-23 17:52:34: ACTION[Server]: [pregen_diag] {"data":{"actions":{"2":31992,"4":258},"callbacks":32250,"cursor":258,"dispatches":259,"failed":false,"pending":true,"persist_us":1500,"persists":19,"scan_steps":38,"scan_us":139967,"selection":{"index":259,"inner":0,"x":848,"y_max":-32,"y_min":-32,"z":-3392},"step_max_us":92152,"step_us":5055894,"steps":56},"kind":"sample","us":34000250851}
2026-09-23 17:52:34: ACTION[Emerge-0]: [pregen_diag] {"data":{"actions":{"2":32116,"4":259},"cursor":259,"duration_us":208430,"id":259},"kind":"complete","us":34000372062}
2026-09-23 17:52:34: ACTION[Server]: [pregen_diag] {"data":{"cursor":259,"gap_us":332664,"hi":{"x":1007,"y":47,"z":-3313},"id":260,"lo":{"x":928,"y":-32,"z":-3392},"selection":{"index":260,"inner":0,"x":928,"y_max":-32,"y_min":-32,"z":-3392}},"kind":"dispatch","us":34000704726}
2026-09-23 17:52:35: ACTION[Emerge-0]: [pregen_diag] {"data":{"actions":{"2":32240,"4":260},"cursor":260,"duration_us":216036,"id":260},"kind":"complete","us":34000920762}
2026-09-23 17:52:35: ACTION[Server]: [pregen_diag] {"data":{"cursor":260,"gap_us":325992,"hi":{"x":1087,"y":47,"z":-3313},"id":261,"lo":{"x":1008,"y":-32,"z":-3392},"selection":{"index":261,"inner":0,"x":1008,"y_max":-32,"y_min":-32,"z":-3392}},"kind":"dispatch","us":34001246754}
2026-09-23 17:52:35: ACTION[Emerge-0]: [pregen_diag] {"data":{"actions":{"2":32364,"4":261},"cursor":261,"duration_us":211815,"id":261},"kind":"complete","us":34001458569}
2026-09-23 17:52:35: ACTION[Server]: [pregen_diag] {"data":{"cursor":261,"gap_us":329559,"hi":{"x":1167,"y":47,"z":-3313},"id":262,"lo":{"x":1088,"y":-32,"z":-3392},"selection":{"index":262,"inner":0,"x":1088,"y_max":-32,"y_min":-32,"z":-3392}},"kind":"dispatch","us":34001788128}
2026-09-23 17:52:36: ACTION[Emerge-0]: [pregen_diag] {"data":{"actions":{"2":32488,"4":262},"cursor":262,"duration_us":212399,"id":262},"kind":"complete","us":34002000527}
2026-09-23 17:52:36: ACTION[Server]: [pregen_diag] {"data":{"cursor":262,"gap_us":328348,"hi":{"x":1247,"y":47,"z":-3313},"id":263,"lo":{"x":1168,"y":-32,"z":-3392},"selection":{"index":263,"inner":0,"x":1168,"y_max":-32,"y_min":-32,"z":-3392}},"kind":"dispatch","us":34002328874}
2026-09-23 17:52:36: ACTION[Emerge-0]: [pregen_diag] {"data":{"actions":{"2":32612,"4":263},"cursor":263,"duration_us":211139,"id":263},"kind":"complete","us":34002540015}
2026-09-23 17:52:37: ACTION[Server]: [pregen_diag] {"data":{"cursor":263,"gap_us":331062,"hi":{"x":1327,"y":47,"z":-3313},"id":264,"lo":{"x":1248,"y":-32,"z":-3392},"selection":{"index":264,"inner":0,"x":1248,"y_max":-32,"y_min":-32,"z":-3392}},"kind":"dispatch","us":34002871076}
2026-09-23 17:52:37: ACTION[Emerge-0]: [pregen_diag] {"data":{"actions":{"2":32736,"4":264},"cursor":264,"duration_us":209394,"id":264},"kind":"complete","us":34003080470}
2026-09-23 17:52:37: ACTION[Server]: [pregen_diag] {"data":{"cursor":264,"gap_us":332461,"hi":{"x":1407,"y":47,"z":-3313},"id":265,"lo":{"x":1328,"y":-32,"z":-3392},"selection":{"index":265,"inner":0,"x":1328,"y_max":-32,"y_min":-32,"z":-3392}},"kind":"dispatch","us":34003412931}
2026-09-23 17:52:37: ACTION[Emerge-0]: [pregen_diag] {"data":{"actions":{"2":32860,"4":265},"cursor":265,"duration_us":208897,"id":265},"kind":"complete","us":34003621828}
2026-09-23 17:52:38: ACTION[Server]: [pregen_diag] {"data":{"cursor":265,"gap_us":332182,"hi":{"x":1487,"y":47,"z":-3313},"id":266,"lo":{"x":1408,"y":-32,"z":-3392},"selection":{"index":266,"inner":0,"x":1408,"y_max":-32,"y_min":-32,"z":-3392}},"kind":"dispatch","us":34003954010}
2026-09-23 17:52:38: ACTION[Emerge-0]: [pregen_diag] {"data":{"actions":{"2":32984,"4":266},"cursor":266,"duration_us":212531,"id":266},"kind":"complete","us":34004166542}
2026-09-23 17:52:38: ACTION[Server]: [pregen_diag] {"data":{"cursor":266,"gap_us":328446,"hi":{"x":1567,"y":47,"z":-3313},"id":267,"lo":{"x":1488,"y":-32,"z":-3392},"selection":{"index":267,"inner":0,"x":1488,"y_max":-32,"y_min":-32,"z":-3392}},"kind":"dispatch","us":34004494987}
2026-09-23 17:52:38: ACTION[Emerge-0]: [pregen_diag] {"data":{"actions":{"2":33108,"4":267},"cursor":267,"duration_us":215036,"id":267},"kind":"complete","us":34004710023}
2026-09-23 17:52:39: ACTION[Server]: [pregen_diag] {"data":{"cursor":267,"gap_us":325994,"hi":{"x":1647,"y":47,"z":-3313},"id":268,"lo":{"x":1568,"y":-32,"z":-3392},"selection":{"index":268,"inner":0,"x":1568,"y_max":-32,"y_min":-32,"z":-3392}},"kind":"dispatch","us":34005036017}
2026-09-23 17:52:39: ACTION[Emerge-0]: [pregen_diag] {"data":{"actions":{"2":33232,"4":268},"cursor":268,"duration_us":212421,"id":268},"kind":"complete","us":34005248439}
2026-09-23 17:52:39: ACTION[Server]: [pregen_diag] {"data":{"actions":{"2":33232,"4":268},"callbacks":33500,"cursor":268,"dispatches":268,"failed":false,"pending":false,"persist_us":1557,"persists":19,"scan_steps":36,"scan_us":128980,"step_max_us":92126,"step_us":5053670,"steps":56},"kind":"sample","us":34005304519}
2026-09-23 17:52:39: ACTION[Server]: [pregen_diag] {"data":{"cursor":268,"gap_us":330118,"hi":{"x":1727,"y":47,"z":-3313},"id":269,"lo":{"x":1648,"y":-32,"z":-3392},"selection":{"index":269,"inner":0,"x":1648,"y_max":-32,"y_min":-32,"z":-3392}},"kind":"dispatch","us":34005578555}
2026-09-23 17:52:39: ACTION[Emerge-0]: [pregen_diag] {"data":{"actions":{"2":33356,"4":269},"cursor":269,"duration_us":209894,"id":269},"kind":"complete","us":34005788450}
2026-09-23 17:52:40: ACTION[Server]: [pregen_diag] {"data":{"cursor":269,"gap_us":332732,"hi":{"x":1807,"y":47,"z":-3313},"id":270,"lo":{"x":1728,"y":-32,"z":-3392},"selection":{"index":270,"inner":0,"x":1728,"y_max":-32,"y_min":-32,"z":-3392}},"kind":"dispatch","us":34006121181}
2026-09-23 17:52:40: ACTION[Emerge-0]: [pregen_diag] {"data":{"actions":{"2":33480,"4":270},"cursor":270,"duration_us":206313,"id":270},"kind":"complete","us":34006327495}
2026-09-23 17:52:40: ACTION[Server]: [pregen_diag] {"data":{"cursor":270,"gap_us":334385,"hi":{"x":1887,"y":47,"z":-3313},"id":271,"lo":{"x":1808,"y":-32,"z":-3392},"selection":{"index":271,"inner":0,"x":1808,"y_max":-32,"y_min":-32,"z":-3392}},"kind":"dispatch","us":34006661880}
2026-09-23 17:52:41: ACTION[Emerge-0]: [pregen_diag] {"data":{"actions":{"2":33604,"4":271},"cursor":271,"duration_us":198604,"id":271},"kind":"complete","us":34006860484}
2026-09-23 17:52:41: ACTION[Server]: [pregen_diag] {"data":{"cursor":271,"gap_us":342963,"hi":{"x":1967,"y":47,"z":-3313},"id":272,"lo":{"x":1888,"y":-32,"z":-3392},"selection":{"index":272,"inner":0,"x":1888,"y_max":-32,"y_min":-32,"z":-3392}},"kind":"dispatch","us":34007203447}
2026-09-23 17:52:41: ACTION[Emerge-0]: [pregen_diag] {"data":{"actions":{"2":33728,"4":272},"cursor":272,"duration_us":194586,"id":272},"kind":"complete","us":34007398033}
2026-09-23 17:52:41: ACTION[Server]: [pregen_diag] {"data":{"cursor":272,"gap_us":346393,"hi":{"x":2047,"y":47,"z":-3313},"id":273,"lo":{"x":1968,"y":-32,"z":-3392},"selection":{"index":273,"inner":0,"x":1968,"y_max":-32,"y_min":-32,"z":-3392}},"kind":"dispatch","us":34007744426}
2026-09-23 17:52:42: ACTION[Emerge-0]: [pregen_diag] {"data":{"actions":{"2":33852,"4":273},"cursor":273,"duration_us":190303,"id":273},"kind":"complete","us":34007934729}
2026-09-23 17:52:42: ACTION[Server]: [pregen_diag] {"data":{"cursor":273,"gap_us":351665,"hi":{"x":2127,"y":47,"z":-3313},"id":274,"lo":{"x":2048,"y":-32,"z":-3392},"selection":{"index":274,"inner":0,"x":2048,"y_max":-32,"y_min":-32,"z":-3392}},"kind":"dispatch","us":34008286394}
2026-09-23 17:52:42: ACTION[Emerge-0]: [pregen_diag] {"data":{"actions":{"2":33976,"4":274},"cursor":274,"duration_us":192990,"id":274},"kind":"complete","us":34008479384}
2026-09-23 17:52:42: ACTION[Server]: [pregen_diag] {"data":{"cursor":274,"gap_us":348055,"hi":{"x":2207,"y":47,"z":-3313},"id":275,"lo":{"x":2128,"y":-32,"z":-3392},"selection":{"index":275,"inner":0,"x":2128,"y_max":-32,"y_min":-32,"z":-3392}},"kind":"dispatch","us":34008827439}
2026-09-23 17:52:43: ACTION[Emerge-0]: [pregen_diag] {"data":{"actions":{"2":34100,"4":275},"cursor":275,"duration_us":192392,"id":275},"kind":"complete","us":34009019831}
2026-09-23 17:52:43: ACTION[Server]: [pregen_diag] {"data":{"cursor":275,"gap_us":348298,"hi":{"x":2287,"y":47,"z":-3313},"id":276,"lo":{"x":2208,"y":-32,"z":-3392},"selection":{"index":276,"inner":0,"x":2208,"y_max":-32,"y_min":-32,"z":-3392}},"kind":"dispatch","us":34009368129}
2026-09-23 17:52:43: ACTION[Emerge-0]: [pregen_diag] {"data":{"actions":{"2":34224,"4":276},"cursor":276,"duration_us":196081,"id":276},"kind":"complete","us":34009564210}
2026-09-23 17:52:44: ACTION[Server]: [pregen_diag] {"data":{"cursor":276,"gap_us":345955,"hi":{"x":2367,"y":47,"z":-3313},"id":277,"lo":{"x":2288,"y":-32,"z":-3392},"selection":{"index":277,"inner":0,"x":2288,"y_max":-32,"y_min":-32,"z":-3392}},"kind":"dispatch","us":34009910165}
2026-09-23 17:52:44: ACTION[Emerge-0]: [pregen_diag] {"data":{"actions":{"2":34348,"4":277},"cursor":277,"duration_us":196801,"id":277},"kind":"complete","us":34010106966}
2026-09-23 17:52:44: ACTION[Server]: [pregen_diag] {"data":{"actions":{"2":34348,"4":277},"callbacks":34625,"cursor":277,"dispatches":277,"failed":false,"pending":false,"persist_us":1533,"persists":18,"scan":{"bottom":-10,"index":278,"inner":0,"next_x":2444,"next_z":-3330,"top":34,"x":2368,"x_max":2451,"x_min":2364,"z":-3392,"z_max":-3309,"z_min":-3396},"scan_steps":38,"scan_us":150246,"step_max_us":90954,"step_us":5052306,"steps":56},"kind":"sample","us":34010356825}
2026-09-23 17:52:44: ACTION[Server]: [pregen_diag] {"data":{"cursor":277,"gap_us":344841,"hi":{"x":2447,"y":47,"z":-3313},"id":278,"lo":{"x":2368,"y":-32,"z":-3392},"selection":{"index":278,"inner":0,"x":2368,"y_max":-32,"y_min":-32,"z":-3392}},"kind":"dispatch","us":34010451806}
2026-09-23 17:52:44: ACTION[Emerge-0]: [pregen_diag] {"data":{"actions":{"2":34472,"4":278},"cursor":278,"duration_us":195356,"id":278},"kind":"complete","us":34010647163}
2026-09-23 17:52:45: ACTION[Server]: [pregen_diag] {"data":{"cursor":278,"gap_us":432852,"hi":{"x":2527,"y":47,"z":-3313},"id":279,"lo":{"x":2448,"y":-32,"z":-3392},"selection":{"index":279,"inner":0,"x":2448,"y_max":-32,"y_min":-32,"z":-3392}},"kind":"dispatch","us":34011080014}
2026-09-23 17:52:45: ACTION[Emerge-0]: [pregen_diag] {"data":{"actions":{"2":34596,"4":279},"cursor":279,"duration_us":196754,"id":279},"kind":"complete","us":34011276769}
2026-09-23 17:52:45: ACTION[Server]: [pregen_diag] {"data":{"cursor":279,"gap_us":348241,"hi":{"x":2607,"y":47,"z":-3313},"id":280,"lo":{"x":2528,"y":-32,"z":-3392},"selection":{"index":280,"inner":0,"x":2528,"y_max":-32,"y_min":-32,"z":-3392}},"kind":"dispatch","us":34011625010}
2026-09-23 17:52:45: ACTION[Emerge-0]: [pregen_diag] {"data":{"actions":{"2":34720,"4":280},"cursor":280,"duration_us":198048,"id":280},"kind":"complete","us":34011823059}
2026-09-23 17:52:46: ACTION[Server]: [pregen_diag] {"data":{"cursor":280,"gap_us":343215,"hi":{"x":2687,"y":47,"z":-3313},"id":281,"lo":{"x":2608,"y":-32,"z":-3392},"selection":{"index":281,"inner":0,"x":2608,"y_max":-32,"y_min":-32,"z":-3392}},"kind":"dispatch","us":34012166273}
2026-09-23 17:52:46: ACTION[Emerge-0]: [pregen_diag] {"data":{"actions":{"2":34844,"4":281},"cursor":281,"duration_us":195781,"id":281},"kind":"complete","us":34012362054}
2026-09-23 17:52:46: ACTION[Server]: [pregen_diag] {"data":{"cursor":281,"gap_us":345237,"hi":{"x":2767,"y":47,"z":-3313},"id":282,"lo":{"x":2688,"y":-32,"z":-3392},"selection":{"index":282,"inner":0,"x":2688,"y_max":-32,"y_min":-32,"z":-3392}},"kind":"dispatch","us":34012707291}
2026-09-23 17:52:47: ACTION[Emerge-0]: [pregen_diag] {"data":{"actions":{"2":34968,"4":282},"cursor":282,"duration_us":192249,"id":282},"kind":"complete","us":34012899540}
2026-09-23 17:52:47: ACTION[Server]: [pregen_diag] {"data":{"cursor":282,"gap_us":349227,"hi":{"x":2847,"y":47,"z":-3313},"id":283,"lo":{"x":2768,"y":-32,"z":-3392},"selection":{"index":283,"inner":0,"x":2768,"y_max":-32,"y_min":-32,"z":-3392}},"kind":"dispatch","us":34013248767}
2026-09-23 17:52:47: ACTION[Emerge-0]: [pregen_diag] {"data":{"actions":{"2":35092,"4":283},"cursor":283,"duration_us":196901,"id":283},"kind":"complete","us":34013445669}
2026-09-23 17:52:47: ACTION[Server]: [pregen_diag] {"data":{"cursor":283,"gap_us":344832,"hi":{"x":2927,"y":47,"z":-3313},"id":284,"lo":{"x":2848,"y":-32,"z":-3392},"selection":{"index":284,"inner":0,"x":2848,"y_max":-32,"y_min":-32,"z":-3392}},"kind":"dispatch","us":34013790499}
2026-09-23 17:52:48: ACTION[Emerge-0]: [pregen_diag] {"data":{"actions":{"2":35216,"4":284},"cursor":284,"duration_us":197253,"id":284},"kind":"complete","us":34013987753}
2026-09-23 17:52:48: ACTION[Server]: [pregen_diag] {"data":{"cursor":284,"gap_us":343648,"hi":{"x":3007,"y":47,"z":-3313},"id":285,"lo":{"x":2928,"y":-32,"z":-3392},"selection":{"index":285,"inner":0,"x":2928,"y_max":-32,"y_min":-32,"z":-3392}},"kind":"dispatch","us":34014331401}
2026-09-23 17:52:48: ACTION[Emerge-0]: [pregen_diag] {"data":{"actions":{"2":35340,"4":285},"cursor":285,"duration_us":196545,"id":285},"kind":"complete","us":34014527947}
2026-09-23 17:52:49: ACTION[Server]: [pregen_diag] {"data":{"cursor":285,"gap_us":345154,"hi":{"x":3087,"y":47,"z":-3313},"id":286,"lo":{"x":3008,"y":-32,"z":-3392},"selection":{"index":286,"inner":0,"x":3008,"y_max":-32,"y_min":-32,"z":-3392}},"kind":"dispatch","us":34014873100}
2026-09-23 17:52:49: ACTION[Emerge-0]: [pregen_diag] {"data":{"actions":{"2":35464,"4":286},"cursor":286,"duration_us":193160,"id":286},"kind":"complete","us":34015066260}
2026-09-23 17:52:49: ACTION[Server]: [pregen_diag] {"data":{"actions":{"2":35464,"4":286},"callbacks":35750,"cursor":286,"dispatches":286,"failed":false,"pending":false,"persist_us":1395,"persists":18,"scan":{"bottom":-10,"index":287,"inner":0,"next_x":3092,"next_z":-3317,"top":34,"x":3088,"x_max":3171,"x_min":3084,"z":-3392,"z_max":-3309,"z_min":-3396},"scan_steps":38,"scan_us":147041,"step_max_us":91051,"step_us":5053114,"steps":56},"kind":"sample","us":34015409939}
2026-09-23 17:52:49: ACTION[Server]: [pregen_diag] {"data":{"cursor":286,"gap_us":346957,"hi":{"x":3167,"y":47,"z":-3313},"id":287,"lo":{"x":3088,"y":-32,"z":-3392},"selection":{"index":287,"inner":0,"x":3088,"y_max":-32,"y_min":-32,"z":-3392}},"kind":"dispatch","us":34015413217}
2026-09-23 17:52:49: ACTION[Emerge-0]: [pregen_diag] {"data":{"actions":{"2":35588,"4":287},"cursor":287,"duration_us":198187,"id":287},"kind":"complete","us":34015611405}
2026-09-23 17:52:50: ACTION[Server]: [pregen_diag] {"data":{"cursor":287,"gap_us":343591,"hi":{"x":3247,"y":47,"z":-3313},"id":288,"lo":{"x":3168,"y":-32,"z":-3392},"selection":{"index":288,"inner":0,"x":3168,"y_max":-32,"y_min":-32,"z":-3392}},"kind":"dispatch","us":34015954995}
2026-09-23 17:52:50: ACTION[Emerge-0]: [pregen_diag] {"data":{"actions":{"2":35712,"4":288},"cursor":288,"duration_us":195434,"id":288},"kind":"complete","us":34016150429}
2026-09-23 17:52:50: ACTION[Server]: [pregen_diag] {"data":{"cursor":288,"gap_us":346388,"hi":{"x":3327,"y":47,"z":-3313},"id":289,"lo":{"x":3248,"y":-32,"z":-3392},"selection":{"index":289,"inner":0,"x":3248,"y_max":-32,"y_min":-32,"z":-3392}},"kind":"dispatch","us":34016496817}
2026-09-23 17:52:50: ACTION[Emerge-0]: [pregen_diag] {"data":{"actions":{"2":35836,"4":289},"cursor":289,"duration_us":196555,"id":289},"kind":"complete","us":34016693372}
2026-09-23 17:52:51: ACTION[Server]: [pregen_diag] {"data":{"cursor":289,"gap_us":344471,"hi":{"x":3407,"y":47,"z":-3313},"id":290,"lo":{"x":3328,"y":-32,"z":-3392},"selection":{"index":290,"inner":0,"x":3328,"y_max":-32,"y_min":-32,"z":-3392}},"kind":"dispatch","us":34017037842}
2026-09-23 17:52:51: ACTION[Emerge-0]: [pregen_diag] {"data":{"actions":{"2":35960,"4":290},"cursor":290,"duration_us":197210,"id":290},"kind":"complete","us":34017235053}
2026-09-23 17:52:51: ACTION[Server]: [pregen_diag] {"data":{"cursor":290,"gap_us":344102,"hi":{"x":3487,"y":47,"z":-3313},"id":291,"lo":{"x":3408,"y":-32,"z":-3392},"selection":{"index":291,"inner":0,"x":3408,"y_max":-32,"y_min":-32,"z":-3392}},"kind":"dispatch","us":34017579155}
2026-09-23 17:52:51: ACTION[Emerge-0]: [pregen_diag] {"data":{"actions":{"2":36084,"4":291},"cursor":291,"duration_us":198781,"id":291},"kind":"complete","us":34017777936}
2026-09-23 17:52:52: ACTION[Server]: [pregen_diag] {"data":{"cursor":291,"gap_us":342133,"hi":{"x":3567,"y":47,"z":-3313},"id":292,"lo":{"x":3488,"y":-32,"z":-3392},"selection":{"index":292,"inner":0,"x":3488,"y_max":-32,"y_min":-32,"z":-3392}},"kind":"dispatch","us":34018120069}
2026-09-23 17:52:52: ACTION[Emerge-0]: [pregen_diag] {"data":{"actions":{"2":36208,"4":292},"cursor":292,"duration_us":199500,"id":292},"kind":"complete","us":34018319570}
2026-09-23 17:52:52: ACTION[Server]: [pregen_diag] {"data":{"cursor":292,"gap_us":341924,"hi":{"x":3647,"y":47,"z":-3313},"id":293,"lo":{"x":3568,"y":-32,"z":-3392},"selection":{"index":293,"inner":0,"x":3568,"y_max":-32,"y_min":-32,"z":-3392}},"kind":"dispatch","us":34018661493}
2026-09-23 17:52:53: ACTION[Emerge-0]: [pregen_diag] {"data":{"actions":{"2":36332,"4":293},"cursor":293,"duration_us":197279,"id":293},"kind":"complete","us":34018858773}
2026-09-23 17:52:53: ACTION[Server]: [pregen_diag] {"data":{"cursor":293,"gap_us":344581,"hi":{"x":3727,"y":47,"z":-3313},"id":294,"lo":{"x":3648,"y":-32,"z":-3392},"selection":{"index":294,"inner":0,"x":3648,"y_max":-32,"y_min":-32,"z":-3392}},"kind":"dispatch","us":34019203353}
2026-09-23 17:52:53: ACTION[Emerge-0]: [pregen_diag] {"data":{"actions":{"2":36456,"4":294},"cursor":294,"duration_us":196863,"id":294},"kind":"complete","us":34019400216}
2026-09-23 17:52:53: ACTION[Server]: [pregen_diag] {"data":{"cursor":294,"gap_us":162716,"hi":{"x":3807,"y":47,"z":-3313},"id":295,"lo":{"x":3728,"y":-32,"z":-3392},"selection":{"index":295,"inner":0,"x":3728,"y_max":-32,"y_min":-32,"z":-3392}},"kind":"dispatch","us":34019562933}
2026-09-23 17:52:53: ACTION[Emerge-0]: [pregen_diag] {"data":{"actions":{"2":36580,"4":295},"cursor":295,"duration_us":179320,"id":295},"kind":"complete","us":34019742252}
2026-09-23 17:52:54: ACTION[Server]: [pregen_diag] {"data":{"cursor":295,"gap_us":180214,"hi":{"x":3887,"y":47,"z":-3313},"id":296,"lo":{"x":3808,"y":-32,"z":-3392},"selection":{"index":296,"inner":0,"x":3808,"y_max":-32,"y_min":-32,"z":-3392}},"kind":"dispatch","us":34019922466}
2026-09-23 17:52:54: ACTION[Emerge-0]: [pregen_diag] {"data":{"actions":{"2":36704,"4":296},"cursor":296,"duration_us":178910,"id":296},"kind":"complete","us":34020101377}
2026-09-23 17:52:54: ACTION[Server]: [pregen_diag] {"data":{"cursor":296,"gap_us":91860,"hi":{"x":3967,"y":47,"z":-3313},"id":297,"lo":{"x":3888,"y":-32,"z":-3392},"selection":{"index":297,"inner":0,"x":3888,"y_max":-32,"y_min":-32,"z":-3392}},"kind":"dispatch","us":34020193236}
2026-09-23 17:52:54: ACTION[Emerge-0]: [pregen_diag] {"data":{"actions":{"2":36828,"4":297},"cursor":297,"duration_us":177837,"id":297},"kind":"complete","us":34020371074}
2026-09-23 17:52:54: ACTION[Server]: [pregen_diag] {"data":{"actions":{"2":36828,"4":297},"callbacks":37125,"cursor":297,"dispatches":297,"failed":false,"pending":false,"persist_us":1663,"persists":22,"scan":{"bottom":-10,"index":298,"inner":0,"next_x":-3940,"next_z":-3256,"top":34,"x":-3952,"x_max":-3869,"x_min":-3956,"z":-3312,"z_max":-3229,"z_min":-3316},"scan_steps":36,"scan_us":129975,"step_max_us":92131,"step_us":5053788,"steps":56},"kind":"sample","us":34020463781}
2026-09-23 17:52:54: ACTION[Server]: [pregen_diag] {"data":{"cursor":297,"gap_us":95200,"hi":{"x":-3873,"y":47,"z":-3233},"id":298,"lo":{"x":-3952,"y":-32,"z":-3312},"selection":{"index":298,"inner":0,"x":-3952,"y_max":-32,"y_min":-32,"z":-3312}},"kind":"dispatch","us":34020466274}
2026-09-23 17:52:54: ACTION[Emerge-0]: [pregen_diag] {"data":{"actions":{"2":36952,"4":298},"cursor":298,"duration_us":175930,"id":298},"kind":"complete","us":34020642203}
2026-09-23 17:52:54: ACTION[Server]: [pregen_diag] {"data":{"cursor":298,"gap_us":94002,"hi":{"x":-3793,"y":47,"z":-3233},"id":299,"lo":{"x":-3872,"y":-32,"z":-3312},"selection":{"index":299,"inner":0,"x":-3872,"y_max":-32,"y_min":-32,"z":-3312}},"kind":"dispatch","us":34020736205}
2026-09-23 17:52:55: ACTION[Emerge-0]: [pregen_diag] {"data":{"actions":{"2":37076,"4":299},"cursor":299,"duration_us":177688,"id":299},"kind":"complete","us":34020913893}
2026-09-23 17:52:55: ACTION[Server]: [pregen_diag] {"data":{"cursor":299,"gap_us":363676,"hi":{"x":-3713,"y":47,"z":-3233},"id":300,"lo":{"x":-3792,"y":-32,"z":-3312},"selection":{"index":300,"inner":0,"x":-3792,"y_max":-32,"y_min":-32,"z":-3312}},"kind":"dispatch","us":34021277569}
2026-09-23 17:52:55: ACTION[Emerge-0]: [pregen_diag] {"data":{"actions":{"2":37200,"4":300},"cursor":300,"duration_us":199613,"id":300},"kind":"complete","us":34021477182}
2026-09-23 17:52:56: ACTION[Server]: [pregen_diag] {"data":{"cursor":300,"gap_us":793323,"hi":{"x":-3633,"y":47,"z":-3233},"id":301,"lo":{"x":-3712,"y":-32,"z":-3312},"selection":{"index":301,"inner":0,"x":-3712,"y_max":-32,"y_min":-32,"z":-3312}},"kind":"dispatch","us":34022270505}
2026-09-23 17:52:56: ACTION[Emerge-0]: [pregen_diag] {"data":{"actions":{"2":37324,"4":301},"cursor":301,"duration_us":218423,"id":301},"kind":"complete","us":34022488928}
2026-09-23 17:52:57: ACTION[Server]: [pregen_diag] {"data":{"cursor":301,"gap_us":685628,"hi":{"x":-3553,"y":47,"z":-3233},"id":302,"lo":{"x":-3632,"y":-32,"z":-3312},"selection":{"index":302,"inner":0,"x":-3632,"y_max":-32,"y_min":-32,"z":-3312}},"kind":"dispatch","us":34023174556}
2026-09-23 17:52:57: ACTION[Emerge-0]: [pregen_diag] {"data":{"actions":{"2":37448,"4":302},"cursor":302,"duration_us":216883,"id":302},"kind":"complete","us":34023391439}
2026-09-23 17:52:58: ACTION[Server]: [pregen_diag] {"data":{"cursor":302,"gap_us":772821,"hi":{"x":-3473,"y":47,"z":-3233},"id":303,"lo":{"x":-3552,"y":-32,"z":-3312},"selection":{"index":303,"inner":0,"x":-3552,"y_max":-32,"y_min":-32,"z":-3312}},"kind":"dispatch","us":34024164260}
2026-09-23 17:52:58: ACTION[Emerge-0]: [pregen_diag] {"data":{"actions":{"2":37572,"4":303},"cursor":303,"duration_us":220713,"id":303},"kind":"complete","us":34024384974}
2026-09-23 17:52:59: ACTION[Server]: [pregen_diag] {"data":{"cursor":303,"gap_us":771839,"hi":{"x":-3393,"y":47,"z":-3233},"id":304,"lo":{"x":-3472,"y":-32,"z":-3312},"selection":{"index":304,"inner":0,"x":-3472,"y_max":-32,"y_min":-32,"z":-3312}},"kind":"dispatch","us":34025156812}
2026-09-23 17:52:59: ACTION[Emerge-0]: [pregen_diag] {"data":{"actions":{"2":37696,"4":304},"cursor":304,"duration_us":217063,"id":304},"kind":"complete","us":34025373875}
2026-09-23 17:52:59: ACTION[Server]: [pregen_diag] {"data":{"actions":{"2":37696,"4":304},"callbacks":38000,"cursor":304,"dispatches":304,"failed":false,"pending":false,"persist_us":1104,"persists":14,"scan":{"bottom":-10,"index":305,"inner":0,"next_x":-3364,"next_z":-3306,"top":34,"x":-3392,"x_max":-3309,"x_min":-3396,"z":-3312,"z_max":-3229,"z_min":-3316},"scan_steps":44,"scan_us":161889,"step_max_us":92063,"step_us":5052610,"steps":56},"kind":"sample","us":34025516336}
2026-09-23 17:53:00: ACTION[Server]: [pregen_diag] {"data":{"cursor":304,"gap_us":777143,"hi":{"x":-3313,"y":47,"z":-3233},"id":305,"lo":{"x":-3392,"y":-32,"z":-3312},"selection":{"index":305,"inner":0,"x":-3392,"y_max":-32,"y_min":-32,"z":-3312}},"kind":"dispatch","us":34026151019}
2026-09-23 17:53:00: ACTION[Emerge-0]: [pregen_diag] {"data":{"actions":{"2":37820,"4":305},"cursor":305,"duration_us":220290,"id":305},"kind":"complete","us":34026371309}
2026-09-23 17:53:01: ACTION[Server]: [pregen_diag] {"data":{"cursor":305,"gap_us":771040,"hi":{"x":-3233,"y":47,"z":-3233},"id":306,"lo":{"x":-3312,"y":-32,"z":-3312},"selection":{"index":306,"inner":0,"x":-3312,"y_max":-32,"y_min":-32,"z":-3312}},"kind":"dispatch","us":34027142348}
2026-09-23 17:53:01: ACTION[Emerge-0]: [pregen_diag] {"data":{"actions":{"2":37944,"4":306},"cursor":306,"duration_us":216796,"id":306},"kind":"complete","us":34027359145}
2026-09-23 17:53:02: ACTION[Server]: [pregen_diag] {"data":{"cursor":306,"gap_us":775511,"hi":{"x":-3153,"y":47,"z":-3233},"id":307,"lo":{"x":-3232,"y":-32,"z":-3312},"selection":{"index":307,"inner":0,"x":-3232,"y_max":-32,"y_min":-32,"z":-3312}},"kind":"dispatch","us":34028134655}
2026-09-23 17:53:02: ACTION[Emerge-0]: [pregen_diag] {"data":{"actions":{"2":38068,"4":307},"cursor":307,"duration_us":220899,"id":307},"kind":"complete","us":34028355554}
2026-09-23 17:53:03: ACTION[Server]: [pregen_diag] {"data":{"cursor":307,"gap_us":770179,"hi":{"x":-3073,"y":47,"z":-3233},"id":308,"lo":{"x":-3152,"y":-32,"z":-3312},"selection":{"index":308,"inner":0,"x":-3152,"y_max":-32,"y_min":-32,"z":-3312}},"kind":"dispatch","us":34029125733}
2026-09-23 17:53:03: ACTION[Emerge-0]: [pregen_diag] {"data":{"actions":{"2":38192,"4":308},"cursor":308,"duration_us":217070,"id":308},"kind":"complete","us":34029342803}
2026-09-23 17:53:04: ACTION[Server]: [pregen_diag] {"data":{"cursor":308,"gap_us":774841,"hi":{"x":-2993,"y":47,"z":-3233},"id":309,"lo":{"x":-3072,"y":-32,"z":-3312},"selection":{"index":309,"inner":0,"x":-3072,"y_max":-32,"y_min":-32,"z":-3312}},"kind":"dispatch","us":34030117644}
2026-09-23 17:53:04: ACTION[Emerge-0]: [pregen_diag] {"data":{"actions":{"2":38316,"4":309},"cursor":309,"duration_us":221761,"id":309},"kind":"complete","us":34030339405}
2026-09-23 17:53:04: ACTION[Server]: [pregen_diag] {"data":{"actions":{"2":38316,"4":309},"callbacks":38625,"cursor":309,"dispatches":309,"failed":false,"pending":false,"persist_us":881,"persists":10,"scan":{"bottom":-10,"index":310,"inner":0,"next_x":-2972,"next_z":-3297,"top":34,"x":-2992,"x_max":-2909,"x_min":-2996,"z":-3312,"z_max":-3229,"z_min":-3316},"scan_steps":46,"scan_us":172923,"step_max_us":91051,"step_us":5050950,"steps":56},"kind":"sample","us":34030567286}
2026-09-23 17:53:05: ACTION[Server]: [pregen_diag] {"data":{"cursor":309,"gap_us":771480,"hi":{"x":-2913,"y":47,"z":-3233},"id":310,"lo":{"x":-2992,"y":-32,"z":-3312},"selection":{"index":310,"inner":0,"x":-2992,"y_max":-32,"y_min":-32,"z":-3312}},"kind":"dispatch","us":34031110884}
2026-09-23 17:53:05: ACTION[Emerge-0]: [pregen_diag] {"data":{"actions":{"2":38440,"4":310},"cursor":310,"duration_us":221728,"id":310},"kind":"complete","us":34031332613}
2026-09-23 17:53:06: ACTION[Server]: [pregen_diag] {"data":{"cursor":310,"gap_us":769890,"hi":{"x":-2833,"y":47,"z":-3233},"id":311,"lo":{"x":-2912,"y":-32,"z":-3312},"selection":{"index":311,"inner":0,"x":-2912,"y_max":-32,"y_min":-32,"z":-3312}},"kind":"dispatch","us":34032102503}
2026-09-23 17:53:06: ACTION[Emerge-0]: [pregen_diag] {"data":{"actions":{"2":38564,"4":311},"cursor":311,"duration_us":220731,"id":311},"kind":"complete","us":34032323234}
2026-09-23 17:53:07: ACTION[Server]: [pregen_diag] {"data":{"cursor":311,"gap_us":771853,"hi":{"x":-2753,"y":47,"z":-3233},"id":312,"lo":{"x":-2832,"y":-32,"z":-3312},"selection":{"index":312,"inner":0,"x":-2832,"y_max":-32,"y_min":-32,"z":-3312}},"kind":"dispatch","us":34033095087}
2026-09-23 17:53:07: ACTION[Emerge-0]: [pregen_diag] {"data":{"actions":{"2":38688,"4":312},"cursor":312,"duration_us":213900,"id":312},"kind":"complete","us":34033308987}
2026-09-23 17:53:08: ACTION[Server]: [pregen_diag] {"data":{"cursor":312,"gap_us":777462,"hi":{"x":-2673,"y":47,"z":-3233},"id":313,"lo":{"x":-2752,"y":-32,"z":-3312},"selection":{"index":313,"inner":0,"x":-2752,"y_max":-32,"y_min":-32,"z":-3312}},"kind":"dispatch","us":34034086449}
2026-09-23 17:53:08: ACTION[Emerge-0]: [pregen_diag] {"data":{"actions":{"2":38812,"4":313},"cursor":313,"duration_us":215080,"id":313},"kind":"complete","us":34034301529}
2026-09-23 17:53:09: ACTION[Server]: [pregen_diag] {"data":{"cursor":313,"gap_us":776035,"hi":{"x":-2593,"y":47,"z":-3233},"id":314,"lo":{"x":-2672,"y":-32,"z":-3312},"selection":{"index":314,"inner":0,"x":-2672,"y_max":-32,"y_min":-32,"z":-3312}},"kind":"dispatch","us":34035077564}
2026-09-23 17:53:09: ACTION[Emerge-0]: [pregen_diag] {"data":{"actions":{"2":38936,"4":314},"cursor":314,"duration_us":209271,"id":314},"kind":"complete","us":34035286835}
2026-09-23 17:53:09: ACTION[Server]: [pregen_diag] {"data":{"actions":{"2":38936,"4":314},"callbacks":39250,"cursor":314,"dispatches":314,"failed":false,"pending":false,"persist_us":1006,"persists":10,"scan":{"bottom":-10,"index":315,"inner":0,"next_x":-2516,"next_z":-3286,"top":34,"x":-2592,"x_max":-2509,"x_min":-2596,"z":-3312,"z_max":-3229,"z_min":-3316},"scan_steps":46,"scan_us":175560,"step_max_us":90935,"step_us":5049723,"steps":56},"kind":"sample","us":34035617010}
2026-09-23 17:53:10: ACTION[Server]: [pregen_diag] {"data":{"cursor":314,"gap_us":783814,"hi":{"x":-2513,"y":47,"z":-3233},"id":315,"lo":{"x":-2592,"y":-32,"z":-3312},"selection":{"index":315,"inner":0,"x":-2592,"y_max":-32,"y_min":-32,"z":-3312}},"kind":"dispatch","us":34036070649}
2026-09-23 17:53:10: ACTION[Emerge-0]: [pregen_diag] {"data":{"actions":{"2":39060,"4":315},"cursor":315,"duration_us":213044,"id":315},"kind":"complete","us":34036283693}
2026-09-23 17:53:11: ACTION[Server]: [pregen_diag] {"data":{"cursor":315,"gap_us":778305,"hi":{"x":-2433,"y":47,"z":-3233},"id":316,"lo":{"x":-2512,"y":-32,"z":-3312},"selection":{"index":316,"inner":0,"x":-2512,"y_max":-32,"y_min":-32,"z":-3312}},"kind":"dispatch","us":34037061998}
2026-09-23 17:53:11: ACTION[Emerge-0]: [pregen_diag] {"data":{"actions":{"2":39184,"4":316},"cursor":316,"duration_us":219107,"id":316},"kind":"complete","us":34037281106}
2026-09-23 17:53:12: ACTION[Server]: [pregen_diag] {"data":{"cursor":316,"gap_us":685231,"hi":{"x":-2353,"y":47,"z":-3233},"id":317,"lo":{"x":-2432,"y":-32,"z":-3312},"selection":{"index":317,"inner":0,"x":-2432,"y_max":-32,"y_min":-32,"z":-3312}},"kind":"dispatch","us":34037966335}
2026-09-23 17:53:12: ACTION[Emerge-0]: [pregen_diag] {"data":{"actions":{"2":39308,"4":317},"cursor":317,"duration_us":220450,"id":317},"kind":"complete","us":34038186786}
2026-09-23 17:53:13: ACTION[Server]: [pregen_diag] {"data":{"cursor":317,"gap_us":769086,"hi":{"x":-2273,"y":47,"z":-3233},"id":318,"lo":{"x":-2352,"y":-32,"z":-3312},"selection":{"index":318,"inner":0,"x":-2352,"y_max":-32,"y_min":-32,"z":-3312}},"kind":"dispatch","us":34038955872}
2026-09-23 17:53:13: ACTION[Emerge-0]: [pregen_diag] {"data":{"actions":{"2":39432,"4":318},"cursor":318,"duration_us":218538,"id":318},"kind":"complete","us":34039174411}
2026-09-23 17:53:14: ACTION[Server]: [pregen_diag] {"data":{"cursor":318,"gap_us":775027,"hi":{"x":-2193,"y":47,"z":-3233},"id":319,"lo":{"x":-2272,"y":-32,"z":-3312},"selection":{"index":319,"inner":0,"x":-2272,"y_max":-32,"y_min":-32,"z":-3312}},"kind":"dispatch","us":34039949436}
2026-09-23 17:53:14: ACTION[Emerge-0]: [pregen_diag] {"data":{"actions":{"2":39556,"4":319},"cursor":319,"duration_us":218632,"id":319},"kind":"complete","us":34040168069}
2026-09-23 17:53:14: ACTION[Server]: [pregen_diag] {"data":{"actions":{"2":39556,"4":319},"callbacks":39875,"cursor":319,"dispatches":319,"failed":false,"pending":false,"persist_us":802,"persists":10,"scan":{"bottom":-10,"index":320,"inner":0,"next_x":-2164,"next_z":-3264,"top":34,"x":-2192,"x_max":-2109,"x_min":-2196,"z":-3312,"z_max":-3229,"z_min":-3316},"scan_steps":46,"scan_us":175592,"step_max_us":90973,"step_us":5051374,"steps":56},"kind":"sample","us":34040668383}
2026-09-23 17:53:15: ACTION[Server]: [pregen_diag] {"data":{"cursor":319,"gap_us":772907,"hi":{"x":-2113,"y":47,"z":-3233},"id":320,"lo":{"x":-2192,"y":-32,"z":-3312},"selection":{"index":320,"inner":0,"x":-2192,"y_max":-32,"y_min":-32,"z":-3312}},"kind":"dispatch","us":34040940976}
2026-09-23 17:53:15: ACTION[Emerge-0]: [pregen_diag] {"data":{"actions":{"2":39680,"4":320},"cursor":320,"duration_us":218567,"id":320},"kind":"complete","us":34041159544}
2026-09-23 17:53:16: ACTION[Server]: [pregen_diag] {"data":{"cursor":320,"gap_us":772494,"hi":{"x":-2033,"y":47,"z":-3233},"id":321,"lo":{"x":-2112,"y":-32,"z":-3312},"selection":{"index":321,"inner":0,"x":-2112,"y_max":-32,"y_min":-32,"z":-3312}},"kind":"dispatch","us":34041932037}
2026-09-23 17:53:16: ACTION[Emerge-0]: [pregen_diag] {"data":{"actions":{"2":39804,"4":321},"cursor":321,"duration_us":221694,"id":321},"kind":"complete","us":34042153731}
2026-09-23 17:53:17: ACTION[Server]: [pregen_diag] {"data":{"cursor":321,"gap_us":770352,"hi":{"x":-1953,"y":47,"z":-3233},"id":322,"lo":{"x":-2032,"y":-32,"z":-3312},"selection":{"index":322,"inner":0,"x":-2032,"y_max":-32,"y_min":-32,"z":-3312}},"kind":"dispatch","us":34042924082}
2026-09-23 17:53:17: ACTION[Emerge-0]: [pregen_diag] {"data":{"actions":{"2":39928,"4":322},"cursor":322,"duration_us":216540,"id":322},"kind":"complete","us":34043140624}
2026-09-23 17:53:18: ACTION[Server]: [pregen_diag] {"data":{"cursor":322,"gap_us":774828,"hi":{"x":-1873,"y":47,"z":-3233},"id":323,"lo":{"x":-1952,"y":-32,"z":-3312},"selection":{"index":323,"inner":0,"x":-1952,"y_max":-32,"y_min":-32,"z":-3312}},"kind":"dispatch","us":34043915451}
2026-09-23 17:53:18: ACTION[Emerge-0]: [pregen_diag] {"data":{"actions":{"2":40052,"4":323},"cursor":323,"duration_us":221487,"id":323},"kind":"complete","us":34044136939}
2026-09-23 17:53:18: ACTION[Server]: [pregen_diag] {"data":{"cursor":323,"gap_us":683854,"hi":{"x":-1793,"y":47,"z":-3233},"id":324,"lo":{"x":-1872,"y":-32,"z":-3312},"selection":{"index":324,"inner":0,"x":-1872,"y_max":-32,"y_min":-32,"z":-3312}},"kind":"dispatch","us":34044820792}
2026-09-23 17:53:19: ACTION[Emerge-0]: [pregen_diag] {"data":{"actions":{"2":40176,"4":324},"cursor":324,"duration_us":227549,"id":324},"kind":"complete","us":34045048342}
2026-09-23 17:53:19: ACTION[Server]: [pregen_diag] {"data":{"actions":{"2":40176,"4":324},"callbacks":40500,"cursor":324,"dispatches":324,"failed":false,"pending":false,"persist_us":827,"persists":10,"scan":{"bottom":-10,"index":325,"inner":0,"next_x":-1780,"next_z":-3244,"top":34,"x":-1792,"x_max":-1709,"x_min":-1796,"z":-3312,"z_max":-3229,"z_min":-3316},"scan_steps":46,"scan_us":173443,"step_max_us":90890,"step_us":5049646,"steps":56},"kind":"sample","us":34045718030}
2026-09-23 17:53:19: ACTION[Server]: [pregen_diag] {"data":{"cursor":324,"gap_us":762661,"hi":{"x":-1713,"y":47,"z":-3233},"id":325,"lo":{"x":-1792,"y":-32,"z":-3312},"selection":{"index":325,"inner":0,"x":-1792,"y_max":-32,"y_min":-32,"z":-3312}},"kind":"dispatch","us":34045811001}
2026-09-23 17:53:20: ACTION[Emerge-0]: [pregen_diag] {"data":{"actions":{"2":40300,"4":325},"cursor":325,"duration_us":256485,"id":325},"kind":"complete","us":34046067487}
2026-09-23 17:53:20: ACTION[Server]: [pregen_diag] {"data":{"cursor":325,"gap_us":733750,"hi":{"x":-1633,"y":47,"z":-3233},"id":326,"lo":{"x":-1712,"y":-32,"z":-3312},"selection":{"index":326,"inner":0,"x":-1712,"y_max":-32,"y_min":-32,"z":-3312}},"kind":"dispatch","us":34046801237}
2026-09-23 17:53:21: ACTION[Emerge-0]: [pregen_diag] {"data":{"actions":{"2":40424,"4":326},"cursor":326,"duration_us":254807,"id":326},"kind":"complete","us":34047056044}
2026-09-23 17:53:21: ACTION[Server]: [pregen_diag] {"data":{"cursor":326,"gap_us":647898,"hi":{"x":-1553,"y":47,"z":-3233},"id":327,"lo":{"x":-1632,"y":-32,"z":-3312},"selection":{"index":327,"inner":0,"x":-1632,"y_max":-32,"y_min":-32,"z":-3312}},"kind":"dispatch","us":34047703942}
2026-09-23 17:53:22: ACTION[Emerge-0]: [pregen_diag] {"data":{"actions":{"2":40548,"4":327},"cursor":327,"duration_us":254684,"id":327},"kind":"complete","us":34047958626}
2026-09-23 17:53:22: ACTION[Server]: [pregen_diag] {"data":{"cursor":327,"gap_us":647052,"hi":{"x":-1473,"y":47,"z":-3233},"id":328,"lo":{"x":-1552,"y":-32,"z":-3312},"selection":{"index":328,"inner":0,"x":-1552,"y_max":-32,"y_min":-32,"z":-3312}},"kind":"dispatch","us":34048605678}
2026-09-23 17:53:23: ACTION[Emerge-0]: [pregen_diag] {"data":{"actions":{"2":40672,"4":328},"cursor":328,"duration_us":255273,"id":328},"kind":"complete","us":34048860951}
2026-09-23 17:53:23: ACTION[Server]: [pregen_diag] {"data":{"cursor":328,"gap_us":647708,"hi":{"x":-1393,"y":47,"z":-3233},"id":329,"lo":{"x":-1472,"y":-32,"z":-3312},"selection":{"index":329,"inner":0,"x":-1472,"y_max":-32,"y_min":-32,"z":-3312}},"kind":"dispatch","us":34049508658}
2026-09-23 17:53:23: ACTION[Emerge-0]: [pregen_diag] {"data":{"actions":{"2":40796,"4":329},"cursor":329,"duration_us":252946,"id":329},"kind":"complete","us":34049761605}
2026-09-23 17:53:24: ACTION[Server]: [pregen_diag] {"data":{"cursor":329,"gap_us":650948,"hi":{"x":-1313,"y":47,"z":-3233},"id":330,"lo":{"x":-1392,"y":-32,"z":-3312},"selection":{"index":330,"inner":0,"x":-1392,"y_max":-32,"y_min":-32,"z":-3312}},"kind":"dispatch","us":34050412553}
2026-09-23 17:53:24: ACTION[Emerge-0]: [pregen_diag] {"data":{"actions":{"2":40920,"4":330},"cursor":330,"duration_us":254448,"id":330},"kind":"complete","us":34050667001}
2026-09-23 17:53:24: ACTION[Server]: [pregen_diag] {"data":{"actions":{"2":40920,"4":330},"callbacks":41250,"cursor":330,"dispatches":330,"failed":false,"pending":false,"persist_us":986,"persists":12,"scan":{"bottom":-10,"index":331,"inner":0,"next_x":-1260,"next_z":-3305,"top":34,"x":-1312,"x_max":-1229,"x_min":-1316,"z":-3312,"z_max":-3229,"z_min":-3316},"scan_steps":44,"scan_us":163476,"step_max_us":92061,"step_us":5053178,"steps":56},"kind":"sample","us":34050771208}
2026-09-23 17:53:25: ACTION[Server]: [pregen_diag] {"data":{"cursor":330,"gap_us":647300,"hi":{"x":-1233,"y":47,"z":-3233},"id":331,"lo":{"x":-1312,"y":-32,"z":-3312},"selection":{"index":331,"inner":0,"x":-1312,"y_max":-32,"y_min":-32,"z":-3312}},"kind":"dispatch","us":34051314301}
2026-09-23 17:53:25: ACTION[Emerge-0]: [pregen_diag] {"data":{"actions":{"2":41044,"4":331},"cursor":331,"duration_us":258848,"id":331},"kind":"complete","us":34051573150}
2026-09-23 17:53:26: ACTION[Server]: [pregen_diag] {"data":{"cursor":331,"gap_us":643074,"hi":{"x":-1153,"y":47,"z":-3233},"id":332,"lo":{"x":-1232,"y":-32,"z":-3312},"selection":{"index":332,"inner":0,"x":-1232,"y_max":-32,"y_min":-32,"z":-3312}},"kind":"dispatch","us":34052216223}
2026-09-23 17:53:26: ACTION[Emerge-0]: [pregen_diag] {"data":{"actions":{"2":41168,"4":332},"cursor":332,"duration_us":256756,"id":332},"kind":"complete","us":34052472979}
2026-09-23 17:53:27: ACTION[Server]: [pregen_diag] {"data":{"cursor":332,"gap_us":646318,"hi":{"x":-1073,"y":47,"z":-3233},"id":333,"lo":{"x":-1152,"y":-32,"z":-3312},"selection":{"index":333,"inner":0,"x":-1152,"y_max":-32,"y_min":-32,"z":-3312}},"kind":"dispatch","us":34053119297}
2026-09-23 17:53:27: ACTION[Emerge-0]: [pregen_diag] {"data":{"actions":{"2":41292,"4":333},"cursor":333,"duration_us":256533,"id":333},"kind":"complete","us":34053375830}
2026-09-23 17:53:28: ACTION[Server]: [pregen_diag] {"data":{"cursor":333,"gap_us":643808,"hi":{"x":-993,"y":47,"z":-3233},"id":334,"lo":{"x":-1072,"y":-32,"z":-3312},"selection":{"index":334,"inner":0,"x":-1072,"y_max":-32,"y_min":-32,"z":-3312}},"kind":"dispatch","us":34054019638}
2026-09-23 17:53:28: ACTION[Emerge-0]: [pregen_diag] {"data":{"actions":{"2":41416,"4":334},"cursor":334,"duration_us":245989,"id":334},"kind":"complete","us":34054265627}
2026-09-23 17:53:28: ACTION[Server]: [pregen_diag] {"data":{"cursor":334,"gap_us":568526,"hi":{"x":-913,"y":47,"z":-3233},"id":335,"lo":{"x":-992,"y":-32,"z":-3312},"selection":{"index":335,"inner":0,"x":-992,"y_max":-32,"y_min":-32,"z":-3312}},"kind":"dispatch","us":34054834153}
2026-09-23 17:53:29: ACTION[Emerge-0]: [pregen_diag] {"data":{"actions":{"2":41540,"4":335},"cursor":335,"duration_us":241815,"id":335},"kind":"complete","us":34055075968}
2026-09-23 17:53:29: ACTION[Server]: [pregen_diag] {"data":{"cursor":335,"gap_us":569375,"hi":{"x":-833,"y":47,"z":-3233},"id":336,"lo":{"x":-912,"y":-32,"z":-3312},"selection":{"index":336,"inner":0,"x":-912,"y_max":-32,"y_min":-32,"z":-3312}},"kind":"dispatch","us":34055645343}
2026-09-23 17:53:29: ACTION[Server]: [pregen_diag] {"data":{"actions":{"2":41540,"4":335},"callbacks":41875,"cursor":335,"dispatches":336,"failed":false,"pending":true,"persist_us":903,"persists":11,"scan_steps":45,"scan_us":171426,"selection":{"index":336,"inner":0,"x":-912,"y_max":-32,"y_min":-32,"z":-3312},"step_max_us":90850,"step_us":5051400,"steps":56},"kind":"sample","us":34055822608}
2026-09-23 17:53:30: ACTION[Emerge-0]: [pregen_diag] {"data":{"actions":{"2":41664,"4":336},"cursor":336,"duration_us":245910,"id":336},"kind":"complete","us":34055891253}
2026-09-23 17:53:30: ACTION[Server]: [pregen_diag] {"data":{"cursor":336,"gap_us":654534,"hi":{"x":-753,"y":47,"z":-3233},"id":337,"lo":{"x":-832,"y":-32,"z":-3312},"selection":{"index":337,"inner":0,"x":-832,"y_max":-32,"y_min":-32,"z":-3312}},"kind":"dispatch","us":34056545787}
2026-09-23 17:53:30: ACTION[Emerge-0]: [pregen_diag] {"data":{"actions":{"2":41788,"4":337},"cursor":337,"duration_us":250371,"id":337},"kind":"complete","us":34056796158}
2026-09-23 17:53:31: ACTION[Server]: [pregen_diag] {"data":{"cursor":337,"gap_us":652685,"hi":{"x":-673,"y":47,"z":-3233},"id":338,"lo":{"x":-752,"y":-32,"z":-3312},"selection":{"index":338,"inner":0,"x":-752,"y_max":-32,"y_min":-32,"z":-3312}},"kind":"dispatch","us":34057448843}
2026-09-23 17:53:31: ACTION[Emerge-0]: [pregen_diag] {"data":{"actions":{"2":41912,"4":338},"cursor":338,"duration_us":261403,"id":338},"kind":"complete","us":34057710246}
2026-09-23 17:53:32: ACTION[Server]: [pregen_diag] {"data":{"cursor":338,"gap_us":641447,"hi":{"x":-593,"y":47,"z":-3233},"id":339,"lo":{"x":-672,"y":-32,"z":-3312},"selection":{"index":339,"inner":0,"x":-672,"y_max":-32,"y_min":-32,"z":-3312}},"kind":"dispatch","us":34058351693}
2026-09-23 17:53:32: ACTION[Emerge-0]: [pregen_diag] {"data":{"actions":{"2":42036,"4":339},"cursor":339,"duration_us":263566,"id":339},"kind":"complete","us":34058615259}
2026-09-23 17:53:33: ACTION[Server]: [pregen_diag] {"data":{"cursor":339,"gap_us":640888,"hi":{"x":-513,"y":47,"z":-3233},"id":340,"lo":{"x":-592,"y":-32,"z":-3312},"selection":{"index":340,"inner":0,"x":-592,"y_max":-32,"y_min":-32,"z":-3312}},"kind":"dispatch","us":34059256148}
2026-09-23 17:53:33: ACTION[Emerge-0]: [pregen_diag] {"data":{"actions":{"2":42160,"4":340},"cursor":340,"duration_us":268499,"id":340},"kind":"complete","us":34059524646}
2026-09-23 17:53:34: ACTION[Server]: [pregen_diag] {"data":{"cursor":340,"gap_us":722179,"hi":{"x":-433,"y":47,"z":-3233},"id":341,"lo":{"x":-512,"y":-32,"z":-3312},"selection":{"index":341,"inner":0,"x":-512,"y_max":-32,"y_min":-32,"z":-3312}},"kind":"dispatch","us":34060246825}
2026-09-23 17:53:34: ACTION[Emerge-0]: [pregen_diag] {"data":{"actions":{"2":42284,"4":341},"cursor":341,"duration_us":256240,"id":341},"kind":"complete","us":34060503066}
2026-09-23 17:53:35: ACTION[Server]: [pregen_diag] {"data":{"actions":{"2":42284,"4":341},"callbacks":42625,"cursor":341,"dispatches":341,"failed":false,"pending":false,"persist_us":1040,"persists":11,"scan":{"bottom":-10,"index":342,"inner":0,"next_x":-404,"next_z":-3268,"top":34,"x":-432,"x_max":-349,"x_min":-436,"z":-3312,"z_max":-3229,"z_min":-3316},"scan_steps":44,"scan_us":171198,"step_max_us":91845,"step_us":5053162,"steps":56},"kind":"sample","us":34060875769}
2026-09-23 17:53:35: ACTION[Server]: [pregen_diag] {"data":{"cursor":341,"gap_us":645087,"hi":{"x":-353,"y":47,"z":-3233},"id":342,"lo":{"x":-432,"y":-32,"z":-3312},"selection":{"index":342,"inner":0,"x":-432,"y_max":-32,"y_min":-32,"z":-3312}},"kind":"dispatch","us":34061148151}
2026-09-23 17:53:35: ACTION[Emerge-0]: [pregen_diag] {"data":{"actions":{"2":42408,"4":342},"cursor":342,"duration_us":251569,"id":342},"kind":"complete","us":34061399721}
2026-09-23 17:53:36: ACTION[Server]: [pregen_diag] {"data":{"cursor":342,"gap_us":650701,"hi":{"x":-273,"y":47,"z":-3233},"id":343,"lo":{"x":-352,"y":-32,"z":-3312},"selection":{"index":343,"inner":0,"x":-352,"y_max":-32,"y_min":-32,"z":-3312}},"kind":"dispatch","us":34062050422}
2026-09-23 17:53:36: ACTION[Emerge-0]: [pregen_diag] {"data":{"actions":{"2":42532,"4":343},"cursor":343,"duration_us":249581,"id":343},"kind":"complete","us":34062300003}
2026-09-23 17:53:37: ACTION[Server]: [pregen_diag] {"data":{"cursor":343,"gap_us":742188,"hi":{"x":-193,"y":47,"z":-3233},"id":344,"lo":{"x":-272,"y":-32,"z":-3312},"selection":{"index":344,"inner":0,"x":-272,"y_max":-32,"y_min":-32,"z":-3312}},"kind":"dispatch","us":34063042191}
2026-09-23 17:53:37: ACTION[Emerge-0]: [pregen_diag] {"data":{"actions":{"2":42656,"4":344},"cursor":344,"duration_us":250289,"id":344},"kind":"complete","us":34063292481}
2026-09-23 17:53:38: ACTION[Server]: [pregen_diag] {"data":{"cursor":344,"gap_us":742720,"hi":{"x":-113,"y":47,"z":-3233},"id":345,"lo":{"x":-192,"y":-32,"z":-3312},"selection":{"index":345,"inner":0,"x":-192,"y_max":-32,"y_min":-32,"z":-3312}},"kind":"dispatch","us":34064035199}
2026-09-23 17:53:38: ACTION[Emerge-0]: [pregen_diag] {"data":{"actions":{"2":42780,"4":345},"cursor":345,"duration_us":248785,"id":345},"kind":"complete","us":34064283986}
2026-09-23 17:53:39: ACTION[Server]: [pregen_diag] {"data":{"cursor":345,"gap_us":744480,"hi":{"x":-33,"y":47,"z":-3233},"id":346,"lo":{"x":-112,"y":-32,"z":-3312},"selection":{"index":346,"inner":0,"x":-112,"y_max":-32,"y_min":-32,"z":-3312}},"kind":"dispatch","us":34065028464}
2026-09-23 17:53:39: ACTION[Emerge-0]: [pregen_diag] {"data":{"actions":{"2":42904,"4":346},"cursor":346,"duration_us":233718,"id":346},"kind":"complete","us":34065262184}
2026-09-23 17:53:40: ACTION[Server]: [pregen_diag] {"data":{"actions":{"2":42904,"4":346},"callbacks":43250,"cursor":346,"dispatches":346,"failed":false,"pending":false,"persist_us":881,"persists":10,"scan":{"bottom":-10,"index":347,"inner":0,"next_x":-28,"next_z":-3239,"top":34,"x":-32,"x_max":51,"x_min":-36,"z":-3312,"z_max":-3229,"z_min":-3316},"scan_steps":46,"scan_us":174940,"step_max_us":92127,"step_us":5052049,"steps":56},"kind":"sample","us":34065927818}
2026-09-23 17:53:40: ACTION[Server]: [pregen_diag] {"data":{"cursor":346,"gap_us":669705,"hi":{"x":47,"y":47,"z":-3233},"id":347,"lo":{"x":-32,"y":-32,"z":-3312},"selection":{"index":347,"inner":0,"x":-32,"y_max":-32,"y_min":-32,"z":-3312}},"kind":"dispatch","us":34065931888}
2026-09-23 17:53:40: ACTION[Emerge-0]: [pregen_diag] {"data":{"actions":{"2":43028,"4":347},"cursor":347,"duration_us":219142,"id":347},"kind":"complete","us":34066151030}
2026-09-23 17:53:40: ACTION[Server]: [pregen_diag] {"data":{"cursor":347,"gap_us":681606,"hi":{"x":127,"y":47,"z":-3233},"id":348,"lo":{"x":48,"y":-32,"z":-3312},"selection":{"index":348,"inner":0,"x":48,"y_max":-32,"y_min":-32,"z":-3312}},"kind":"dispatch","us":34066832635}
2026-09-23 17:53:41: ACTION[Emerge-0]: [pregen_diag] {"data":{"actions":{"2":43152,"4":348},"cursor":348,"duration_us":228960,"id":348},"kind":"complete","us":34067061596}
2026-09-23 17:53:41: ACTION[Server]: [pregen_diag] {"data":{"cursor":348,"gap_us":674619,"hi":{"x":207,"y":47,"z":-3233},"id":349,"lo":{"x":128,"y":-32,"z":-3312},"selection":{"index":349,"inner":0,"x":128,"y_max":-32,"y_min":-32,"z":-3312}},"kind":"dispatch","us":34067736215}
2026-09-23 17:53:42: ACTION[Emerge-0]: [pregen_diag] {"data":{"actions":{"2":43276,"4":349},"cursor":349,"duration_us":239625,"id":349},"kind":"complete","us":34067975840}
2026-09-23 17:53:42: ACTION[Server]: [pregen_diag] {"data":{"cursor":349,"gap_us":658634,"hi":{"x":287,"y":47,"z":-3233},"id":350,"lo":{"x":208,"y":-32,"z":-3312},"selection":{"index":350,"inner":0,"x":208,"y_max":-32,"y_min":-32,"z":-3312}},"kind":"dispatch","us":34068634474}
2026-09-23 17:53:43: ACTION[Emerge-0]: [pregen_diag] {"data":{"actions":{"2":43400,"4":350},"cursor":350,"duration_us":248296,"id":350},"kind":"complete","us":34068882770}
2026-09-23 17:53:43: ACTION[Server]: [pregen_diag] {"data":{"cursor":350,"gap_us":654453,"hi":{"x":367,"y":47,"z":-3233},"id":351,"lo":{"x":288,"y":-32,"z":-3312},"selection":{"index":351,"inner":0,"x":288,"y_max":-32,"y_min":-32,"z":-3312}},"kind":"dispatch","us":34069537222}
2026-09-23 17:53:43: ACTION[Emerge-0]: [pregen_diag] {"data":{"actions":{"2":43524,"4":351},"cursor":351,"duration_us":259669,"id":351},"kind":"complete","us":34069796892}
2026-09-23 17:53:44: ACTION[Server]: [pregen_diag] {"data":{"cursor":351,"gap_us":641886,"hi":{"x":447,"y":47,"z":-3233},"id":352,"lo":{"x":368,"y":-32,"z":-3312},"selection":{"index":352,"inner":0,"x":368,"y_max":-32,"y_min":-32,"z":-3312}},"kind":"dispatch","us":34070438778}
2026-09-23 17:53:44: ACTION[Emerge-0]: [pregen_diag] {"data":{"actions":{"2":43648,"4":352},"cursor":352,"duration_us":258365,"id":352},"kind":"complete","us":34070697143}
2026-09-23 17:53:45: ACTION[Server]: [pregen_diag] {"data":{"actions":{"2":43648,"4":352},"callbacks":44000,"cursor":352,"dispatches":352,"failed":false,"pending":false,"persist_us":943,"persists":12,"scan":{"bottom":-10,"index":353,"inner":0,"next_x":492,"next_z":-3280,"top":34,"x":448,"x_max":531,"x_min":444,"z":-3312,"z_max":-3229,"z_min":-3316},"scan_steps":44,"scan_us":168419,"step_max_us":90938,"step_us":5050765,"steps":56},"kind":"sample","us":34070978583}
2026-09-23 17:53:45: ACTION[Server]: [pregen_diag] {"data":{"cursor":352,"gap_us":642905,"hi":{"x":527,"y":47,"z":-3233},"id":353,"lo":{"x":448,"y":-32,"z":-3312},"selection":{"index":353,"inner":0,"x":448,"y_max":-32,"y_min":-32,"z":-3312}},"kind":"dispatch","us":34071340048}
2026-09-23 17:53:45: ACTION[Emerge-0]: [pregen_diag] {"data":{"actions":{"2":43772,"4":353},"cursor":353,"duration_us":252388,"id":353},"kind":"complete","us":34071592436}
2026-09-23 17:53:46: ACTION[Server]: [pregen_diag] {"data":{"cursor":353,"gap_us":561458,"hi":{"x":607,"y":47,"z":-3233},"id":354,"lo":{"x":528,"y":-32,"z":-3312},"selection":{"index":354,"inner":0,"x":528,"y_max":-32,"y_min":-32,"z":-3312}},"kind":"dispatch","us":34072153894}
2026-09-23 17:53:46: ACTION[Emerge-0]: [pregen_diag] {"data":{"actions":{"2":43896,"4":354},"cursor":354,"duration_us":250859,"id":354},"kind":"complete","us":34072404753}
2026-09-23 17:53:47: ACTION[Server]: [pregen_diag] {"data":{"cursor":354,"gap_us":560254,"hi":{"x":687,"y":47,"z":-3233},"id":355,"lo":{"x":608,"y":-32,"z":-3312},"selection":{"index":355,"inner":0,"x":608,"y_max":-32,"y_min":-32,"z":-3312}},"kind":"dispatch","us":34072965007}
2026-09-23 17:53:47: ACTION[Emerge-0]: [pregen_diag] {"data":{"actions":{"2":44020,"4":355},"cursor":355,"duration_us":246907,"id":355},"kind":"complete","us":34073211914}
2026-09-23 17:53:47: ACTION[Server]: [pregen_diag] {"data":{"cursor":355,"gap_us":564893,"hi":{"x":767,"y":47,"z":-3233},"id":356,"lo":{"x":688,"y":-32,"z":-3312},"selection":{"index":356,"inner":0,"x":688,"y_max":-32,"y_min":-32,"z":-3312}},"kind":"dispatch","us":34073776806}
2026-09-23 17:53:48: ACTION[Emerge-0]: [pregen_diag] {"data":{"actions":{"2":44144,"4":356},"cursor":356,"duration_us":247291,"id":356},"kind":"complete","us":34074024098}
2026-09-23 17:53:48: ACTION[Server]: [pregen_diag] {"data":{"cursor":356,"gap_us":565315,"hi":{"x":847,"y":47,"z":-3233},"id":357,"lo":{"x":768,"y":-32,"z":-3312},"selection":{"index":357,"inner":0,"x":768,"y_max":-32,"y_min":-32,"z":-3312}},"kind":"dispatch","us":34074589413}
2026-09-23 17:53:49: ACTION[Emerge-0]: [pregen_diag] {"data":{"actions":{"2":44268,"4":357},"cursor":357,"duration_us":250866,"id":357},"kind":"complete","us":34074840279}
2026-09-23 17:53:49: ACTION[Server]: [pregen_diag] {"data":{"cursor":357,"gap_us":648931,"hi":{"x":927,"y":47,"z":-3233},"id":358,"lo":{"x":848,"y":-32,"z":-3312},"selection":{"index":358,"inner":0,"x":848,"y_max":-32,"y_min":-32,"z":-3312}},"kind":"dispatch","us":34075489210}
2026-09-23 17:53:49: ACTION[Emerge-0]: [pregen_diag] {"data":{"actions":{"2":44392,"4":358},"cursor":358,"duration_us":250175,"id":358},"kind":"complete","us":34075739385}
2026-09-23 17:53:50: ACTION[Server]: [pregen_diag] {"data":{"actions":{"2":44392,"4":358},"callbacks":44750,"cursor":358,"dispatches":358,"failed":false,"pending":false,"persist_us":1014,"persists":12,"scan":{"bottom":-10,"index":359,"inner":0,"next_x":972,"next_z":-3280,"top":34,"x":928,"x_max":1011,"x_min":924,"z":-3312,"z_max":-3229,"z_min":-3316},"scan_steps":44,"scan_us":163912,"step_max_us":92072,"step_us":5052037,"steps":56},"kind":"sample","us":34076030621}
2026-09-23 17:53:50: ACTION[Server]: [pregen_diag] {"data":{"cursor":358,"gap_us":653023,"hi":{"x":1007,"y":47,"z":-3233},"id":359,"lo":{"x":928,"y":-32,"z":-3312},"selection":{"index":359,"inner":0,"x":928,"y_max":-32,"y_min":-32,"z":-3312}},"kind":"dispatch","us":34076392408}
2026-09-23 17:53:50: ACTION[Emerge-0]: [pregen_diag] {"data":{"actions":{"2":44516,"4":359},"cursor":359,"duration_us":253386,"id":359},"kind":"complete","us":34076645794}
2026-09-23 17:53:51: ACTION[Server]: [pregen_diag] {"data":{"cursor":359,"gap_us":561729,"hi":{"x":1087,"y":47,"z":-3233},"id":360,"lo":{"x":1008,"y":-32,"z":-3312},"selection":{"index":360,"inner":0,"x":1008,"y_max":-32,"y_min":-32,"z":-3312}},"kind":"dispatch","us":34077207523}
2026-09-23 17:53:51: ACTION[Emerge-0]: [pregen_diag] {"data":{"actions":{"2":44640,"4":360},"cursor":360,"duration_us":248420,"id":360},"kind":"complete","us":34077455943}
2026-09-23 17:53:52: ACTION[Server]: [pregen_diag] {"data":{"cursor":360,"gap_us":651064,"hi":{"x":1167,"y":47,"z":-3233},"id":361,"lo":{"x":1088,"y":-32,"z":-3312},"selection":{"index":361,"inner":0,"x":1088,"y_max":-32,"y_min":-32,"z":-3312}},"kind":"dispatch","us":34078107007}
2026-09-23 17:53:52: ACTION[Emerge-0]: [pregen_diag] {"data":{"actions":{"2":44764,"4":361},"cursor":361,"duration_us":253761,"id":361},"kind":"complete","us":34078360769}
2026-09-23 17:53:53: ACTION[Server]: [pregen_diag] {"data":{"cursor":361,"gap_us":647325,"hi":{"x":1247,"y":47,"z":-3233},"id":362,"lo":{"x":1168,"y":-32,"z":-3312},"selection":{"index":362,"inner":0,"x":1168,"y_max":-32,"y_min":-32,"z":-3312}},"kind":"dispatch","us":34079008093}
2026-09-23 17:53:53: ACTION[Emerge-0]: [pregen_diag] {"data":{"actions":{"2":44888,"4":362},"cursor":362,"duration_us":255427,"id":362},"kind":"complete","us":34079263520}
2026-09-23 17:53:53: ACTION[Server]: [pregen_diag] {"data":{"cursor":362,"gap_us":558365,"hi":{"x":1327,"y":47,"z":-3233},"id":363,"lo":{"x":1248,"y":-32,"z":-3312},"selection":{"index":363,"inner":0,"x":1248,"y_max":-32,"y_min":-32,"z":-3312}},"kind":"dispatch","us":34079821885}
2026-09-23 17:53:54: ACTION[Emerge-0]: [pregen_diag] {"data":{"actions":{"2":45012,"4":363},"cursor":363,"duration_us":248350,"id":363},"kind":"complete","us":34080070236}
2026-09-23 17:53:54: ACTION[Server]: [pregen_diag] {"data":{"cursor":363,"gap_us":651753,"hi":{"x":1407,"y":47,"z":-3233},"id":364,"lo":{"x":1328,"y":-32,"z":-3312},"selection":{"index":364,"inner":0,"x":1328,"y_max":-32,"y_min":-32,"z":-3312}},"kind":"dispatch","us":34080721988}
2026-09-23 17:53:55: ACTION[Emerge-0]: [pregen_diag] {"data":{"actions":{"2":45136,"4":364},"cursor":364,"duration_us":268261,"id":364},"kind":"complete","us":34080990250}
2026-09-23 17:53:55: ACTION[Server]: [pregen_diag] {"data":{"actions":{"2":45136,"4":364},"callbacks":45500,"cursor":364,"dispatches":364,"failed":false,"pending":false,"persist_us":1003,"persists":12,"scan":{"bottom":-10,"index":365,"inner":0,"next_x":1412,"next_z":-3303,"top":34,"x":1408,"x_max":1491,"x_min":1404,"z":-3312,"z_max":-3229,"z_min":-3316},"scan_steps":44,"scan_us":162090,"step_max_us":92074,"step_us":5051395,"steps":56},"kind":"sample","us":34081082016}
2026-09-23 17:53:55: ACTION[Server]: [pregen_diag] {"data":{"cursor":364,"gap_us":546257,"hi":{"x":1487,"y":47,"z":-3233},"id":365,"lo":{"x":1408,"y":-32,"z":-3312},"selection":{"index":365,"inner":0,"x":1408,"y_max":-32,"y_min":-32,"z":-3312}},"kind":"dispatch","us":34081536506}
2026-09-23 17:53:55: ACTION[Emerge-0]: [pregen_diag] {"data":{"actions":{"2":45260,"4":365},"cursor":365,"duration_us":250488,"id":365},"kind":"complete","us":34081786994}
2026-09-23 17:53:56: ACTION[Server]: [pregen_diag] {"data":{"cursor":365,"gap_us":561616,"hi":{"x":1567,"y":47,"z":-3233},"id":366,"lo":{"x":1488,"y":-32,"z":-3312},"selection":{"index":366,"inner":0,"x":1488,"y_max":-32,"y_min":-32,"z":-3312}},"kind":"dispatch","us":34082348611}
2026-09-23 17:53:56: ACTION[Emerge-0]: [pregen_diag] {"data":{"actions":{"2":45384,"4":366},"cursor":366,"duration_us":257617,"id":366},"kind":"complete","us":34082606227}
2026-09-23 17:53:57: ACTION[Server]: [pregen_diag] {"data":{"cursor":366,"gap_us":641514,"hi":{"x":1647,"y":47,"z":-3233},"id":367,"lo":{"x":1568,"y":-32,"z":-3312},"selection":{"index":367,"inner":0,"x":1568,"y_max":-32,"y_min":-32,"z":-3312}},"kind":"dispatch","us":34083247741}
2026-09-23 17:53:57: ACTION[Emerge-0]: [pregen_diag] {"data":{"actions":{"2":45508,"4":367},"cursor":367,"duration_us":251992,"id":367},"kind":"complete","us":34083499734}
2026-09-23 17:53:58: ACTION[Server]: [pregen_diag] {"data":{"cursor":367,"gap_us":740559,"hi":{"x":1727,"y":47,"z":-3233},"id":368,"lo":{"x":1648,"y":-32,"z":-3312},"selection":{"index":368,"inner":0,"x":1648,"y_max":-32,"y_min":-32,"z":-3312}},"kind":"dispatch","us":34084240292}
2026-09-23 17:53:58: ACTION[Emerge-0]: [pregen_diag] {"data":{"actions":{"2":45632,"4":368},"cursor":368,"duration_us":249694,"id":368},"kind":"complete","us":34084489986}
2026-09-23 17:53:59: ACTION[Server]: [pregen_diag] {"data":{"cursor":368,"gap_us":742097,"hi":{"x":1807,"y":47,"z":-3233},"id":369,"lo":{"x":1728,"y":-32,"z":-3312},"selection":{"index":369,"inner":0,"x":1728,"y_max":-32,"y_min":-32,"z":-3312}},"kind":"dispatch","us":34085232083}
2026-09-23 17:53:59: ACTION[Emerge-0]: [pregen_diag] {"data":{"actions":{"2":45756,"4":369},"cursor":369,"duration_us":242429,"id":369},"kind":"complete","us":34085474512}
2026-09-23 17:54:00: ACTION[Server]: [pregen_diag] {"data":{"actions":{"2":45756,"4":369},"callbacks":46125,"cursor":369,"dispatches":369,"failed":false,"pending":false,"persist_us":851,"persists":10,"scan":{"bottom":-10,"index":370,"inner":0,"next_x":1836,"next_z":-3236,"top":34,"x":1808,"x_max":1891,"x_min":1804,"z":-3312,"z_max":-3229,"z_min":-3316},"scan_steps":46,"scan_us":174459,"step_max_us":92067,"step_us":5051577,"steps":56},"kind":"sample","us":34086133592}
2026-09-23 17:54:00: ACTION[Server]: [pregen_diag] {"data":{"cursor":369,"gap_us":661844,"hi":{"x":1887,"y":47,"z":-3233},"id":370,"lo":{"x":1808,"y":-32,"z":-3312},"selection":{"index":370,"inner":0,"x":1808,"y_max":-32,"y_min":-32,"z":-3312}},"kind":"dispatch","us":34086136356}
2026-09-23 17:54:00: ACTION[Emerge-0]: [pregen_diag] {"data":{"actions":{"2":45880,"4":370},"cursor":370,"duration_us":219639,"id":370},"kind":"complete","us":34086355995}
2026-09-23 17:54:01: ACTION[Server]: [pregen_diag] {"data":{"cursor":370,"gap_us":682250,"hi":{"x":1967,"y":47,"z":-3233},"id":371,"lo":{"x":1888,"y":-32,"z":-3312},"selection":{"index":371,"inner":0,"x":1888,"y_max":-32,"y_min":-32,"z":-3312}},"kind":"dispatch","us":34087038245}
2026-09-23 17:54:01: ACTION[Emerge-0]: [pregen_diag] {"data":{"actions":{"2":46004,"4":371},"cursor":371,"duration_us":216988,"id":371},"kind":"complete","us":34087255233}
2026-09-23 17:54:02: ACTION[Server]: [pregen_diag] {"data":{"cursor":371,"gap_us":685539,"hi":{"x":2047,"y":47,"z":-3233},"id":372,"lo":{"x":1968,"y":-32,"z":-3312},"selection":{"index":372,"inner":0,"x":1968,"y_max":-32,"y_min":-32,"z":-3312}},"kind":"dispatch","us":34087940771}
2026-09-23 17:54:02: ACTION[Emerge-0]: [pregen_diag] {"data":{"actions":{"2":46128,"4":372},"cursor":372,"duration_us":219890,"id":372},"kind":"complete","us":34088160662}
2026-09-23 17:54:03: ACTION[Server]: [pregen_diag] {"data":{"cursor":372,"gap_us":770757,"hi":{"x":2127,"y":47,"z":-3233},"id":373,"lo":{"x":2048,"y":-32,"z":-3312},"selection":{"index":373,"inner":0,"x":2048,"y_max":-32,"y_min":-32,"z":-3312}},"kind":"dispatch","us":34088931419}
2026-09-23 17:54:03: ACTION[Emerge-0]: [pregen_diag] {"data":{"actions":{"2":46252,"4":373},"cursor":373,"duration_us":223000,"id":373},"kind":"complete","us":34089154419}
2026-09-23 17:54:03: ACTION[Server]: [pregen_diag] {"data":{"cursor":373,"gap_us":679981,"hi":{"x":2207,"y":47,"z":-3233},"id":374,"lo":{"x":2128,"y":-32,"z":-3312},"selection":{"index":374,"inner":0,"x":2128,"y_max":-32,"y_min":-32,"z":-3312}},"kind":"dispatch","us":34089834400}
2026-09-23 17:54:04: ACTION[Emerge-0]: [pregen_diag] {"data":{"actions":{"2":46376,"4":374},"cursor":374,"duration_us":215103,"id":374},"kind":"complete","us":34090049504}
2026-09-23 17:54:04: ACTION[Server]: [pregen_diag] {"data":{"cursor":374,"gap_us":774953,"hi":{"x":2287,"y":47,"z":-3233},"id":375,"lo":{"x":2208,"y":-32,"z":-3312},"selection":{"index":375,"inner":0,"x":2208,"y_max":-32,"y_min":-32,"z":-3312}},"kind":"dispatch","us":34090824456}
2026-09-23 17:54:05: ACTION[Emerge-0]: [pregen_diag] {"data":{"actions":{"2":46500,"4":375},"cursor":375,"duration_us":222396,"id":375},"kind":"complete","us":34091046853}
2026-09-23 17:54:05: ACTION[Server]: [pregen_diag] {"data":{"actions":{"2":46500,"4":375},"callbacks":46875,"cursor":375,"dispatches":375,"failed":false,"pending":false,"persist_us":946,"persists":12,"scan":{"bottom":-10,"index":376,"inner":0,"next_x":2364,"next_z":-3306,"top":34,"x":2288,"x_max":2371,"x_min":2284,"z":-3312,"z_max":-3229,"z_min":-3316},"scan_steps":44,"scan_us":169333,"step_max_us":90915,"step_us":5050423,"steps":56},"kind":"sample","us":34091184015}
2026-09-23 17:54:05: ACTION[Server]: [pregen_diag] {"data":{"cursor":375,"gap_us":769897,"hi":{"x":2367,"y":47,"z":-3233},"id":376,"lo":{"x":2288,"y":-32,"z":-3312},"selection":{"index":376,"inner":0,"x":2288,"y_max":-32,"y_min":-32,"z":-3312}},"kind":"dispatch","us":34091816748}
2026-09-23 17:54:06: ACTION[Emerge-0]: [pregen_diag] {"data":{"actions":{"2":46624,"4":376},"cursor":376,"duration_us":223456,"id":376},"kind":"complete","us":34092040206}
2026-09-23 17:54:06: ACTION[Server]: [pregen_diag] {"data":{"cursor":376,"gap_us":681911,"hi":{"x":2447,"y":47,"z":-3233},"id":377,"lo":{"x":2368,"y":-32,"z":-3312},"selection":{"index":377,"inner":0,"x":2368,"y_max":-32,"y_min":-32,"z":-3312}},"kind":"dispatch","us":34092722116}
2026-09-23 17:54:07: ACTION[Emerge-0]: [pregen_diag] {"data":{"actions":{"2":46748,"4":377},"cursor":377,"duration_us":221518,"id":377},"kind":"complete","us":34092943634}
2026-09-23 17:54:07: ACTION[Server]: [pregen_diag] {"data":{"cursor":377,"gap_us":766791,"hi":{"x":2527,"y":47,"z":-3233},"id":378,"lo":{"x":2448,"y":-32,"z":-3312},"selection":{"index":378,"inner":0,"x":2448,"y_max":-32,"y_min":-32,"z":-3312}},"kind":"dispatch","us":34093710425}
2026-09-23 17:54:08: ACTION[Emerge-0]: [pregen_diag] {"data":{"actions":{"2":46872,"4":378},"cursor":378,"duration_us":221805,"id":378},"kind":"complete","us":34093932231}
2026-09-23 17:54:08: ACTION[Server]: [pregen_diag] {"data":{"cursor":378,"gap_us":682408,"hi":{"x":2607,"y":47,"z":-3233},"id":379,"lo":{"x":2528,"y":-32,"z":-3312},"selection":{"index":379,"inner":0,"x":2528,"y_max":-32,"y_min":-32,"z":-3312}},"kind":"dispatch","us":34094614638}
2026-09-23 17:54:08: ACTION[Emerge-0]: [pregen_diag] {"data":{"actions":{"2":46996,"4":379},"cursor":379,"duration_us":216357,"id":379},"kind":"complete","us":34094830995}
2026-09-23 17:54:09: ACTION[Server]: [pregen_diag] {"data":{"cursor":379,"gap_us":683697,"hi":{"x":2687,"y":47,"z":-3233},"id":380,"lo":{"x":2608,"y":-32,"z":-3312},"selection":{"index":380,"inner":0,"x":2608,"y_max":-32,"y_min":-32,"z":-3312}},"kind":"dispatch","us":34095514692}
2026-09-23 17:54:09: ACTION[Emerge-0]: [pregen_diag] {"data":{"actions":{"2":47120,"4":380},"cursor":380,"duration_us":212421,"id":380},"kind":"complete","us":34095727114}
2026-09-23 17:54:10: ACTION[Server]: [pregen_diag] {"data":{"actions":{"2":47120,"4":380},"callbacks":47500,"cursor":380,"dispatches":380,"failed":false,"pending":false,"persist_us":746,"persists":10,"scan":{"bottom":-10,"index":381,"inner":0,"next_x":2716,"next_z":-3256,"top":34,"x":2688,"x_max":2771,"x_min":2684,"z":-3312,"z_max":-3229,"z_min":-3316},"scan_steps":46,"scan_us":174515,"step_max_us":90845,"step_us":5050873,"steps":56},"kind":"sample","us":34096234888}
2026-09-23 17:54:10: ACTION[Server]: [pregen_diag] {"data":{"cursor":380,"gap_us":690465,"hi":{"x":2767,"y":47,"z":-3233},"id":381,"lo":{"x":2688,"y":-32,"z":-3312},"selection":{"index":381,"inner":0,"x":2688,"y_max":-32,"y_min":-32,"z":-3312}},"kind":"dispatch","us":34096417577}
2026-09-23 17:54:10: ACTION[Emerge-0]: [pregen_diag] {"data":{"actions":{"2":47244,"4":381},"cursor":381,"duration_us":220188,"id":381},"kind":"complete","us":34096637766}
2026-09-23 17:54:11: ACTION[Server]: [pregen_diag] {"data":{"cursor":381,"gap_us":770999,"hi":{"x":2847,"y":47,"z":-3233},"id":382,"lo":{"x":2768,"y":-32,"z":-3312},"selection":{"index":382,"inner":0,"x":2768,"y_max":-32,"y_min":-32,"z":-3312}},"kind":"dispatch","us":34097408764}
2026-09-23 17:54:11: ACTION[Emerge-0]: [pregen_diag] {"data":{"actions":{"2":47368,"4":382},"cursor":382,"duration_us":226035,"id":382},"kind":"complete","us":34097634800}
2026-09-23 17:54:12: ACTION[Server]: [pregen_diag] {"data":{"cursor":382,"gap_us":766992,"hi":{"x":2927,"y":47,"z":-3233},"id":383,"lo":{"x":2848,"y":-32,"z":-3312},"selection":{"index":383,"inner":0,"x":2848,"y_max":-32,"y_min":-32,"z":-3312}},"kind":"dispatch","us":34098401792}
2026-09-23 17:54:12: ACTION[Emerge-0]: [pregen_diag] {"data":{"actions":{"2":47492,"4":383},"cursor":383,"duration_us":224791,"id":383},"kind":"complete","us":34098626584}
2026-09-23 17:54:13: ACTION[Server]: [pregen_diag] {"data":{"cursor":383,"gap_us":768675,"hi":{"x":3007,"y":47,"z":-3233},"id":384,"lo":{"x":2928,"y":-32,"z":-3312},"selection":{"index":384,"inner":0,"x":2928,"y_max":-32,"y_min":-32,"z":-3312}},"kind":"dispatch","us":34099395258}
2026-09-23 17:54:13: ACTION[Emerge-0]: [pregen_diag] {"data":{"actions":{"2":47616,"4":384},"cursor":384,"duration_us":226251,"id":384},"kind":"complete","us":34099621510}
2026-09-23 17:54:14: ACTION[Server]: [pregen_diag] {"data":{"cursor":384,"gap_us":764583,"hi":{"x":3087,"y":47,"z":-3233},"id":385,"lo":{"x":3008,"y":-32,"z":-3312},"selection":{"index":385,"inner":0,"x":3008,"y_max":-32,"y_min":-32,"z":-3312}},"kind":"dispatch","us":34100386092}
2026-09-23 17:54:14: ACTION[Emerge-0]: [pregen_diag] {"data":{"actions":{"2":47740,"4":385},"cursor":385,"duration_us":219987,"id":385},"kind":"complete","us":34100606080}
2026-09-23 17:54:15: ACTION[Server]: [pregen_diag] {"data":{"actions":{"2":47740,"4":385},"callbacks":48125,"cursor":385,"dispatches":385,"failed":false,"pending":false,"persist_us":818,"persists":10,"scan":{"bottom":-10,"index":386,"inner":0,"next_x":3140,"next_z":-3237,"top":34,"x":3088,"x_max":3171,"x_min":3084,"z":-3312,"z_max":-3229,"z_min":-3316},"scan_steps":46,"scan_us":172770,"step_max_us":91009,"step_us":5051458,"steps":56},"kind":"sample","us":34101286346}
2026-09-23 17:54:15: ACTION[Server]: [pregen_diag] {"data":{"cursor":385,"gap_us":683407,"hi":{"x":3167,"y":47,"z":-3233},"id":386,"lo":{"x":3088,"y":-32,"z":-3312},"selection":{"index":386,"inner":0,"x":3088,"y_max":-32,"y_min":-32,"z":-3312}},"kind":"dispatch","us":34101289486}
2026-09-23 17:54:15: ACTION[Emerge-0]: [pregen_diag] {"data":{"actions":{"2":47864,"4":386},"cursor":386,"duration_us":212711,"id":386},"kind":"complete","us":34101502197}
2026-09-23 17:54:16: ACTION[Server]: [pregen_diag] {"data":{"cursor":386,"gap_us":689227,"hi":{"x":3247,"y":47,"z":-3233},"id":387,"lo":{"x":3168,"y":-32,"z":-3312},"selection":{"index":387,"inner":0,"x":3168,"y_max":-32,"y_min":-32,"z":-3312}},"kind":"dispatch","us":34102191423}
2026-09-23 17:54:16: ACTION[Emerge-0]: [pregen_diag] {"data":{"actions":{"2":47988,"4":387},"cursor":387,"duration_us":216638,"id":387},"kind":"complete","us":34102408062}
2026-09-23 17:54:17: ACTION[Server]: [pregen_diag] {"data":{"cursor":387,"gap_us":685228,"hi":{"x":3327,"y":47,"z":-3233},"id":388,"lo":{"x":3248,"y":-32,"z":-3312},"selection":{"index":388,"inner":0,"x":3248,"y_max":-32,"y_min":-32,"z":-3312}},"kind":"dispatch","us":34103093289}
2026-09-23 17:54:17: ACTION[Emerge-0]: [pregen_diag] {"data":{"actions":{"2":48112,"4":388},"cursor":388,"duration_us":215967,"id":388},"kind":"complete","us":34103309257}
2026-09-23 17:54:18: ACTION[Server]: [pregen_diag] {"data":{"cursor":388,"gap_us":686755,"hi":{"x":3407,"y":47,"z":-3233},"id":389,"lo":{"x":3328,"y":-32,"z":-3312},"selection":{"index":389,"inner":0,"x":3328,"y_max":-32,"y_min":-32,"z":-3312}},"kind":"dispatch","us":34103996012}
2026-09-23 17:54:18: ACTION[Emerge-0]: [pregen_diag] {"data":{"actions":{"2":48236,"4":389},"cursor":389,"duration_us":219529,"id":389},"kind":"complete","us":34104215541}
2026-09-23 17:54:19: ACTION[Server]: [pregen_diag] {"data":{"cursor":389,"gap_us":682874,"hi":{"x":3487,"y":47,"z":-3233},"id":390,"lo":{"x":3408,"y":-32,"z":-3312},"selection":{"index":390,"inner":0,"x":3408,"y_max":-32,"y_min":-32,"z":-3312}},"kind":"dispatch","us":34104898415}
2026-09-23 17:54:19: ACTION[Emerge-0]: [pregen_diag] {"data":{"actions":{"2":48360,"4":390},"cursor":390,"duration_us":226410,"id":390},"kind":"complete","us":34105124825}
2026-09-23 17:54:20: ACTION[Server]: [pregen_diag] {"data":{"cursor":390,"gap_us":763467,"hi":{"x":3567,"y":47,"z":-3233},"id":391,"lo":{"x":3488,"y":-32,"z":-3312},"selection":{"index":391,"inner":0,"x":3488,"y_max":-32,"y_min":-32,"z":-3312}},"kind":"dispatch","us":34105888292}
2026-09-23 17:54:20: ACTION[Emerge-0]: [pregen_diag] {"data":{"actions":{"2":48484,"4":391},"cursor":391,"duration_us":220702,"id":391},"kind":"complete","us":34106108994}
2026-09-23 17:54:20: ACTION[Server]: [pregen_diag] {"data":{"actions":{"2":48484,"4":391},"callbacks":48875,"cursor":391,"dispatches":391,"failed":false,"pending":false,"persist_us":1034,"persists":12,"scan":{"bottom":-10,"index":392,"inner":0,"next_x":3620,"next_z":-3295,"top":34,"x":3568,"x_max":3651,"x_min":3564,"z":-3312,"z_max":-3229,"z_min":-3316},"scan_steps":44,"scan_us":166684,"step_max_us":92080,"step_us":5051651,"steps":56},"kind":"sample","us":34106337997}
2026-09-23 17:54:21: ACTION[Server]: [pregen_diag] {"data":{"cursor":391,"gap_us":771384,"hi":{"x":3647,"y":47,"z":-3233},"id":392,"lo":{"x":3568,"y":-32,"z":-3312},"selection":{"index":392,"inner":0,"x":3568,"y_max":-32,"y_min":-32,"z":-3312}},"kind":"dispatch","us":34106880377}
2026-09-23 17:54:21: ACTION[Emerge-0]: [pregen_diag] {"data":{"actions":{"2":48608,"4":392},"cursor":392,"duration_us":222278,"id":392},"kind":"complete","us":34107102656}
2026-09-23 17:54:22: ACTION[Server]: [pregen_diag] {"data":{"cursor":392,"gap_us":770314,"hi":{"x":3727,"y":47,"z":-3233},"id":393,"lo":{"x":3648,"y":-32,"z":-3312},"selection":{"index":393,"inner":0,"x":3648,"y_max":-32,"y_min":-32,"z":-3312}},"kind":"dispatch","us":34107872970}
2026-09-23 17:54:22: ACTION[Emerge-0]: [pregen_diag] {"data":{"actions":{"2":48732,"4":393},"cursor":393,"duration_us":219999,"id":393},"kind":"complete","us":34108092969}
2026-09-23 17:54:22: ACTION[Server]: [pregen_diag] {"data":{"cursor":393,"gap_us":144089,"hi":{"x":3807,"y":47,"z":-3233},"id":394,"lo":{"x":3728,"y":-32,"z":-3312},"selection":{"index":394,"inner":0,"x":3728,"y_max":-32,"y_min":-32,"z":-3312}},"kind":"dispatch","us":34108237058}
2026-09-23 17:54:22: ACTION[Emerge-0]: [pregen_diag] {"data":{"actions":{"2":48856,"4":394},"cursor":394,"duration_us":182788,"id":394},"kind":"complete","us":34108419846}
2026-09-23 17:54:22: ACTION[Server]: [pregen_diag] {"data":{"cursor":394,"gap_us":87714,"hi":{"x":3887,"y":47,"z":-3233},"id":395,"lo":{"x":3808,"y":-32,"z":-3312},"selection":{"index":395,"inner":0,"x":3808,"y_max":-32,"y_min":-32,"z":-3312}},"kind":"dispatch","us":34108507560}
2026-09-23 17:54:22: ACTION[Emerge-0]: [pregen_diag] {"data":{"actions":{"2":48980,"4":395},"cursor":395,"duration_us":174312,"id":395},"kind":"complete","us":34108681872}
2026-09-23 17:54:22: ACTION[Server]: [pregen_diag] {"data":{"cursor":395,"gap_us":92426,"hi":{"x":3967,"y":47,"z":-3233},"id":396,"lo":{"x":3888,"y":-32,"z":-3312},"selection":{"index":396,"inner":0,"x":3888,"y_max":-32,"y_min":-32,"z":-3312}},"kind":"dispatch","us":34108774298}
2026-09-23 17:54:23: ACTION[Emerge-0]: [pregen_diag] {"data":{"actions":{"2":49104,"4":396},"cursor":396,"duration_us":177077,"id":396},"kind":"complete","us":34108951375}
2026-09-23 17:54:23: ACTION[Server]: [pregen_diag] {"data":{"cursor":396,"gap_us":95673,"hi":{"x":-3873,"y":47,"z":-3153},"id":397,"lo":{"x":-3952,"y":-32,"z":-3232},"selection":{"index":397,"inner":0,"x":-3952,"y_max":-32,"y_min":-32,"z":-3232}},"kind":"dispatch","us":34109047049}
2026-09-23 17:54:23: ACTION[Emerge-0]: [pregen_diag] {"data":{"actions":{"2":49228,"4":397},"cursor":397,"duration_us":175345,"id":397},"kind":"complete","us":34109222393}
2026-09-23 17:54:23: ACTION[Server]: [pregen_diag] {"data":{"cursor":397,"gap_us":95104,"hi":{"x":-3793,"y":47,"z":-3153},"id":398,"lo":{"x":-3872,"y":-32,"z":-3232},"selection":{"index":398,"inner":0,"x":-3872,"y_max":-32,"y_min":-32,"z":-3232}},"kind":"dispatch","us":34109317497}
2026-09-23 17:54:23: ACTION[Emerge-0]: [pregen_diag] {"data":{"actions":{"2":49352,"4":398},"cursor":398,"duration_us":179860,"id":398},"kind":"complete","us":34109497358}
2026-09-23 17:54:24: ACTION[Server]: [pregen_diag] {"data":{"cursor":398,"gap_us":451435,"hi":{"x":-3713,"y":47,"z":-3153},"id":399,"lo":{"x":-3792,"y":-32,"z":-3232},"selection":{"index":399,"inner":0,"x":-3792,"y_max":-32,"y_min":-32,"z":-3232}},"kind":"dispatch","us":34109948792}
2026-09-23 17:54:24: ACTION[Emerge-0]: [pregen_diag] {"data":{"actions":{"2":49476,"4":399},"cursor":399,"duration_us":213642,"id":399},"kind":"complete","us":34110162434}
2026-09-23 17:54:25: ACTION[Server]: [pregen_diag] {"data":{"cursor":399,"gap_us":776515,"hi":{"x":-3633,"y":47,"z":-3153},"id":400,"lo":{"x":-3712,"y":-32,"z":-3232},"selection":{"index":400,"inner":0,"x":-3712,"y_max":-32,"y_min":-32,"z":-3232}},"kind":"dispatch","us":34110938949}
2026-09-23 17:54:25: ACTION[Emerge-0]: [pregen_diag] {"data":{"actions":{"2":49600,"4":400},"cursor":400,"duration_us":225646,"id":400},"kind":"complete","us":34111164595}
2026-09-23 17:54:25: ACTION[Server]: [pregen_diag] {"data":{"actions":{"2":49600,"4":400},"callbacks":50000,"cursor":400,"dispatches":400,"failed":false,"pending":false,"persist_us":1585,"persists":18,"scan":{"bottom":-10,"index":401,"inner":0,"next_x":-3612,"next_z":-3217,"top":34,"x":-3632,"x_max":-3549,"x_min":-3636,"z":-3232,"z_max":-3149,"z_min":-3236},"scan_steps":41,"scan_us":145366,"step_max_us":92075,"step_us":5052508,"steps":56},"kind":"sample","us":34111390506}
2026-09-23 17:54:26: ACTION[Server]: [pregen_diag] {"data":{"cursor":400,"gap_us":770130,"hi":{"x":-3553,"y":47,"z":-3153},"id":401,"lo":{"x":-3632,"y":-32,"z":-3232},"selection":{"index":401,"inner":0,"x":-3632,"y_max":-32,"y_min":-32,"z":-3232}},"kind":"dispatch","us":34111934725}
2026-09-23 17:54:26: ACTION[Emerge-0]: [pregen_diag] {"data":{"actions":{"2":49724,"4":401},"cursor":401,"duration_us":220414,"id":401},"kind":"complete","us":34112155139}
2026-09-23 17:54:27: ACTION[Server]: [pregen_diag] {"data":{"cursor":401,"gap_us":771305,"hi":{"x":-3473,"y":47,"z":-3153},"id":402,"lo":{"x":-3552,"y":-32,"z":-3232},"selection":{"index":402,"inner":0,"x":-3552,"y_max":-32,"y_min":-32,"z":-3232}},"kind":"dispatch","us":34112926444}
2026-09-23 17:54:27: ACTION[Emerge-0]: [pregen_diag] {"data":{"actions":{"2":49848,"4":402},"cursor":402,"duration_us":221810,"id":402},"kind":"complete","us":34113148254}
2026-09-23 17:54:28: ACTION[Server]: [pregen_diag] {"data":{"cursor":402,"gap_us":769825,"hi":{"x":-3393,"y":47,"z":-3153},"id":403,"lo":{"x":-3472,"y":-32,"z":-3232},"selection":{"index":403,"inner":0,"x":-3472,"y_max":-32,"y_min":-32,"z":-3232}},"kind":"dispatch","us":34113918079}
2026-09-23 17:54:28: ACTION[Emerge-0]: [pregen_diag] {"data":{"actions":{"2":49972,"4":403},"cursor":403,"duration_us":221452,"id":403},"kind":"complete","us":34114139531}
2026-09-23 17:54:29: ACTION[Server]: [pregen_diag] {"data":{"cursor":403,"gap_us":770218,"hi":{"x":-3313,"y":47,"z":-3153},"id":404,"lo":{"x":-3392,"y":-32,"z":-3232},"selection":{"index":404,"inner":0,"x":-3392,"y_max":-32,"y_min":-32,"z":-3232}},"kind":"dispatch","us":34114909749}
2026-09-23 17:54:29: ACTION[Emerge-0]: [pregen_diag] {"data":{"actions":{"2":50096,"4":404},"cursor":404,"duration_us":220248,"id":404},"kind":"complete","us":34115129997}
2026-09-23 17:54:30: ACTION[Server]: [pregen_diag] {"data":{"cursor":404,"gap_us":772091,"hi":{"x":-3233,"y":47,"z":-3153},"id":405,"lo":{"x":-3312,"y":-32,"z":-3232},"selection":{"index":405,"inner":0,"x":-3312,"y_max":-32,"y_min":-32,"z":-3232}},"kind":"dispatch","us":34115902088}
2026-09-23 17:54:30: ACTION[Emerge-0]: [pregen_diag] {"data":{"actions":{"2":50220,"4":405},"cursor":405,"duration_us":225948,"id":405},"kind":"complete","us":34116128036}
2026-09-23 17:54:30: ACTION[Server]: [pregen_diag] {"data":{"actions":{"2":50220,"4":405},"callbacks":50625,"cursor":405,"dispatches":405,"failed":false,"pending":false,"persist_us":956,"persists":10,"scan":{"bottom":-10,"index":406,"inner":0,"next_x":-3204,"next_z":-3204,"top":34,"x":-3232,"x_max":-3149,"x_min":-3236,"z":-3232,"z_max":-3149,"z_min":-3236},"scan_steps":46,"scan_us":176455,"step_max_us":92090,"step_us":5051454,"steps":56},"kind":"sample","us":34116441960}
2026-09-23 17:54:31: ACTION[Server]: [pregen_diag] {"data":{"cursor":405,"gap_us":766277,"hi":{"x":-3153,"y":47,"z":-3153},"id":406,"lo":{"x":-3232,"y":-32,"z":-3232},"selection":{"index":406,"inner":0,"x":-3232,"y_max":-32,"y_min":-32,"z":-3232}},"kind":"dispatch","us":34116894313}
2026-09-23 17:54:31: ACTION[Emerge-0]: [pregen_diag] {"data":{"actions":{"2":50344,"4":406},"cursor":406,"duration_us":227794,"id":406},"kind":"complete","us":34117122107}
2026-09-23 17:54:32: ACTION[Server]: [pregen_diag] {"data":{"cursor":406,"gap_us":764452,"hi":{"x":-3073,"y":47,"z":-3153},"id":407,"lo":{"x":-3152,"y":-32,"z":-3232},"selection":{"index":407,"inner":0,"x":-3152,"y_max":-32,"y_min":-32,"z":-3232}},"kind":"dispatch","us":34117886559}
2026-09-23 17:54:32: ACTION[Emerge-0]: [pregen_diag] {"data":{"actions":{"2":50468,"4":407},"cursor":407,"duration_us":225547,"id":407},"kind":"complete","us":34118112106}
2026-09-23 17:54:33: ACTION[Server]: [pregen_diag] {"data":{"cursor":407,"gap_us":769078,"hi":{"x":-2993,"y":47,"z":-3153},"id":408,"lo":{"x":-3072,"y":-32,"z":-3232},"selection":{"index":408,"inner":0,"x":-3072,"y_max":-32,"y_min":-32,"z":-3232}},"kind":"dispatch","us":34118881184}
2026-09-23 17:54:33: ACTION[Emerge-0]: [pregen_diag] {"data":{"actions":{"2":50592,"4":408},"cursor":408,"duration_us":229008,"id":408},"kind":"complete","us":34119110192}
2026-09-23 17:54:34: ACTION[Server]: [pregen_diag] {"data":{"cursor":408,"gap_us":852456,"hi":{"x":-2913,"y":47,"z":-3153},"id":409,"lo":{"x":-2992,"y":-32,"z":-3232},"selection":{"index":409,"inner":0,"x":-2992,"y_max":-32,"y_min":-32,"z":-3232}},"kind":"dispatch","us":34119962648}
2026-09-23 17:54:34: ACTION[Emerge-0]: [pregen_diag] {"data":{"actions":{"2":50716,"4":409},"cursor":409,"duration_us":230717,"id":409},"kind":"complete","us":34120193366}
2026-09-23 17:54:35: ACTION[Server]: [pregen_diag] {"data":{"cursor":409,"gap_us":851324,"hi":{"x":-2833,"y":47,"z":-3153},"id":410,"lo":{"x":-2912,"y":-32,"z":-3232},"selection":{"index":410,"inner":0,"x":-2912,"y_max":-32,"y_min":-32,"z":-3232}},"kind":"dispatch","us":34121044690}
2026-09-23 17:54:35: ACTION[Emerge-0]: [pregen_diag] {"data":{"actions":{"2":50840,"4":410},"cursor":410,"duration_us":226827,"id":410},"kind":"complete","us":34121271517}
2026-09-23 17:54:35: ACTION[Server]: [pregen_diag] {"data":{"actions":{"2":50840,"4":410},"callbacks":51250,"cursor":410,"dispatches":410,"failed":false,"pending":false,"persist_us":904,"persists":10,"scan":{"bottom":-10,"index":411,"inner":0,"next_x":-2788,"next_z":-3216,"top":34,"x":-2832,"x_max":-2749,"x_min":-2836,"z":-3232,"z_max":-3149,"z_min":-3236},"scan_steps":46,"scan_us":175992,"step_max_us":90867,"step_us":5051466,"steps":56},"kind":"sample","us":34121493425}
2026-09-23 17:54:36: ACTION[Server]: [pregen_diag] {"data":{"cursor":410,"gap_us":765674,"hi":{"x":-2753,"y":47,"z":-3153},"id":411,"lo":{"x":-2832,"y":-32,"z":-3232},"selection":{"index":411,"inner":0,"x":-2832,"y_max":-32,"y_min":-32,"z":-3232}},"kind":"dispatch","us":34122037190}
2026-09-23 17:54:36: ACTION[Emerge-0]: [pregen_diag] {"data":{"actions":{"2":50964,"4":411},"cursor":411,"duration_us":219570,"id":411},"kind":"complete","us":34122256760}
2026-09-23 17:54:37: ACTION[Server]: [pregen_diag] {"data":{"cursor":411,"gap_us":772287,"hi":{"x":-2673,"y":47,"z":-3153},"id":412,"lo":{"x":-2752,"y":-32,"z":-3232},"selection":{"index":412,"inner":0,"x":-2752,"y_max":-32,"y_min":-32,"z":-3232}},"kind":"dispatch","us":34123029046}
2026-09-23 17:54:37: ACTION[Emerge-0]: [pregen_diag] {"data":{"actions":{"2":51088,"4":412},"cursor":412,"duration_us":217756,"id":412},"kind":"complete","us":34123246803}
2026-09-23 17:54:38: ACTION[Server]: [pregen_diag] {"data":{"cursor":412,"gap_us":774831,"hi":{"x":-2593,"y":47,"z":-3153},"id":413,"lo":{"x":-2672,"y":-32,"z":-3232},"selection":{"index":413,"inner":0,"x":-2672,"y_max":-32,"y_min":-32,"z":-3232}},"kind":"dispatch","us":34124021634}
2026-09-23 17:54:38: ACTION[Emerge-0]: [pregen_diag] {"data":{"actions":{"2":51212,"4":413},"cursor":413,"duration_us":218534,"id":413},"kind":"complete","us":34124240168}
2026-09-23 17:54:39: ACTION[Server]: [pregen_diag] {"data":{"cursor":413,"gap_us":773684,"hi":{"x":-2513,"y":47,"z":-3153},"id":414,"lo":{"x":-2592,"y":-32,"z":-3232},"selection":{"index":414,"inner":0,"x":-2592,"y_max":-32,"y_min":-32,"z":-3232}},"kind":"dispatch","us":34125013852}
2026-09-23 17:54:39: ACTION[Emerge-0]: [pregen_diag] {"data":{"actions":{"2":51336,"4":414},"cursor":414,"duration_us":216795,"id":414},"kind":"complete","us":34125230647}
2026-09-23 17:54:40: ACTION[Server]: [pregen_diag] {"data":{"cursor":414,"gap_us":776006,"hi":{"x":-2433,"y":47,"z":-3153},"id":415,"lo":{"x":-2512,"y":-32,"z":-3232},"selection":{"index":415,"inner":0,"x":-2512,"y_max":-32,"y_min":-32,"z":-3232}},"kind":"dispatch","us":34126006653}
2026-09-23 17:54:40: ACTION[Emerge-0]: [pregen_diag] {"data":{"actions":{"2":51460,"4":415},"cursor":415,"duration_us":217518,"id":415},"kind":"complete","us":34126224172}
2026-09-23 17:54:40: ACTION[Server]: [pregen_diag] {"data":{"actions":{"2":51460,"4":415},"callbacks":51875,"cursor":415,"dispatches":415,"failed":false,"pending":false,"persist_us":928,"persists":10,"scan":{"bottom":-10,"index":416,"inner":0,"next_x":-2428,"next_z":-3205,"top":34,"x":-2432,"x_max":-2349,"x_min":-2436,"z":-3232,"z_max":-3149,"z_min":-3236},"scan_steps":46,"scan_us":177007,"step_max_us":92131,"step_us":5052042,"steps":56},"kind":"sample","us":34126545468}
2026-09-23 17:54:41: ACTION[Server]: [pregen_diag] {"data":{"cursor":415,"gap_us":774865,"hi":{"x":-2353,"y":47,"z":-3153},"id":416,"lo":{"x":-2432,"y":-32,"z":-3232},"selection":{"index":416,"inner":0,"x":-2432,"y_max":-32,"y_min":-32,"z":-3232}},"kind":"dispatch","us":34126999035}
2026-09-23 17:54:41: ACTION[Emerge-0]: [pregen_diag] {"data":{"actions":{"2":51584,"4":416},"cursor":416,"duration_us":218878,"id":416},"kind":"complete","us":34127217914}
2026-09-23 17:54:42: ACTION[Server]: [pregen_diag] {"data":{"cursor":416,"gap_us":1045527,"hi":{"x":-2273,"y":47,"z":-3153},"id":417,"lo":{"x":-2352,"y":-32,"z":-3232},"selection":{"index":417,"inner":0,"x":-2352,"y_max":-32,"y_min":-32,"z":-3232}},"kind":"dispatch","us":34128263441}
2026-09-23 17:54:42: ACTION[Emerge-0]: [pregen_diag] {"data":{"actions":{"2":51708,"4":417},"cursor":417,"duration_us":223446,"id":417},"kind":"complete","us":34128486887}
2026-09-23 17:54:43: ACTION[Server]: [pregen_diag] {"data":{"cursor":417,"gap_us":1219982,"hi":{"x":-2193,"y":47,"z":-3153},"id":418,"lo":{"x":-2272,"y":-32,"z":-3232},"selection":{"index":418,"inner":0,"x":-2272,"y_max":-32,"y_min":-32,"z":-3232}},"kind":"dispatch","us":34129706869}
2026-09-23 17:54:44: ACTION[Emerge-0]: [pregen_diag] {"data":{"actions":{"2":51832,"4":418},"cursor":418,"duration_us":222822,"id":418},"kind":"complete","us":34129929691}
2026-09-23 17:54:45: ACTION[Server]: [pregen_diag] {"data":{"cursor":418,"gap_us":1487518,"hi":{"x":-2113,"y":47,"z":-3153},"id":419,"lo":{"x":-2192,"y":-32,"z":-3232},"selection":{"index":419,"inner":0,"x":-2192,"y_max":-32,"y_min":-32,"z":-3232}},"kind":"dispatch","us":34131417209}
2026-09-23 17:54:45: ACTION[Server]: [pregen_diag] {"data":{"actions":{"2":51832,"4":418},"callbacks":52250,"cursor":418,"dispatches":419,"failed":false,"pending":true,"persist_us":1012,"persists":7,"scan_steps":49,"scan_us":202008,"selection":{"index":419,"inner":0,"x":-2192,"y_max":-32,"y_min":-32,"z":-3232},"step_max_us":90921,"step_us":5051649,"steps":56},"kind":"sample","us":34131597188}
2026-09-23 17:54:45: ACTION[Emerge-0]: [pregen_diag] {"data":{"actions":{"2":51956,"4":419},"cursor":419,"duration_us":220801,"id":419},"kind":"complete","us":34131638010}
2026-09-23 17:54:47: ACTION[Server]: [pregen_diag] {"data":{"cursor":419,"gap_us":1494498,"hi":{"x":-2033,"y":47,"z":-3153},"id":420,"lo":{"x":-2112,"y":-32,"z":-3232},"selection":{"index":420,"inner":0,"x":-2112,"y_max":-32,"y_min":-32,"z":-3232}},"kind":"dispatch","us":34133132508}
2026-09-23 17:54:47: ACTION[Emerge-0]: [pregen_diag] {"data":{"actions":{"2":52080,"4":420},"cursor":420,"duration_us":219825,"id":420},"kind":"complete","us":34133352333}
2026-09-23 17:54:49: ACTION[Server]: [pregen_diag] {"data":{"cursor":420,"gap_us":1675210,"hi":{"x":-1953,"y":47,"z":-3153},"id":421,"lo":{"x":-2032,"y":-32,"z":-3232},"selection":{"index":421,"inner":0,"x":-2032,"y_max":-32,"y_min":-32,"z":-3232}},"kind":"dispatch","us":34135027543}
2026-09-23 17:54:49: ACTION[Emerge-0]: [pregen_diag] {"data":{"actions":{"2":52204,"4":421},"cursor":421,"duration_us":221789,"id":421},"kind":"complete","us":34135249332}
2026-09-23 17:54:50: ACTION[Server]: [pregen_diag] {"data":{"actions":{"2":52204,"4":421},"callbacks":52625,"cursor":421,"dispatches":421,"failed":false,"pending":false,"persist_us":1026,"persists":5,"scan":{"bottom":-10,"index":422,"inner":0,"next_x":-1956,"next_z":-3172,"top":34,"x":-1952,"x_max":-1869,"x_min":-1956,"z":-3232,"z_max":-3149,"z_min":-3236},"scan_steps":51,"scan_us":203669,"step_max_us":91041,"step_us":5052202,"steps":56},"kind":"sample","us":34136649318}
2026-09-23 17:54:51: ACTION[Server]: [pregen_diag] {"data":{"cursor":421,"gap_us":1854812,"hi":{"x":-1873,"y":47,"z":-3153},"id":422,"lo":{"x":-1952,"y":-32,"z":-3232},"selection":{"index":422,"inner":0,"x":-1952,"y_max":-32,"y_min":-32,"z":-3232}},"kind":"dispatch","us":34137104144}
2026-09-23 17:54:51: ACTION[Emerge-0]: [pregen_diag] {"data":{"actions":{"2":52328,"4":422},"cursor":422,"duration_us":226720,"id":422},"kind":"complete","us":34137330864}
2026-09-23 17:54:53: ACTION[Server]: [pregen_diag] {"data":{"cursor":422,"gap_us":1576002,"hi":{"x":-1793,"y":47,"z":-3153},"id":423,"lo":{"x":-1872,"y":-32,"z":-3232},"selection":{"index":423,"inner":0,"x":-1872,"y_max":-32,"y_min":-32,"z":-3232}},"kind":"dispatch","us":34138906866}
2026-09-23 17:54:53: ACTION[Emerge-0]: [pregen_diag] {"data":{"actions":{"2":52452,"4":423},"cursor":423,"duration_us":229024,"id":423},"kind":"complete","us":34139135890}
2026-09-23 17:54:55: ACTION[Server]: [pregen_diag] {"data":{"cursor":423,"gap_us":1937987,"hi":{"x":-1713,"y":47,"z":-3153},"id":424,"lo":{"x":-1792,"y":-32,"z":-3232},"selection":{"index":424,"inner":0,"x":-1792,"y_max":-32,"y_min":-32,"z":-3232}},"kind":"dispatch","us":34141073877}
2026-09-23 17:54:55: ACTION[Emerge-0]: [pregen_diag] {"data":{"actions":{"2":52576,"4":424},"cursor":424,"duration_us":257606,"id":424},"kind":"complete","us":34141331483}
2026-09-23 17:54:55: ACTION[Server]: [pregen_diag] {"data":{"actions":{"2":52576,"4":424},"callbacks":53000,"cursor":424,"dispatches":424,"failed":false,"pending":false,"persist_us":1528,"persists":6,"scan":{"bottom":-10,"index":425,"inner":0,"next_x":-1660,"next_z":-3221,"top":34,"x":-1712,"x_max":-1629,"x_min":-1716,"z":-3232,"z_max":-3149,"z_min":-3236},"scan_steps":50,"scan_us":200162,"step_max_us":90825,"step_us":5052950,"steps":56},"kind":"sample","us":34141702269}
2026-09-23 17:54:57: ACTION[Server]: [pregen_diag] {"data":{"cursor":424,"gap_us":1545464,"hi":{"x":-1633,"y":47,"z":-3153},"id":425,"lo":{"x":-1712,"y":-32,"z":-3232},"selection":{"index":425,"inner":0,"x":-1712,"y_max":-32,"y_min":-32,"z":-3232}},"kind":"dispatch","us":34142876946}
2026-09-23 17:54:57: ACTION[Emerge-0]: [pregen_diag] {"data":{"actions":{"2":52700,"4":425},"cursor":425,"duration_us":256964,"id":425},"kind":"complete","us":34143133911}
2026-09-23 17:54:58: ACTION[Server]: [pregen_diag] {"data":{"cursor":425,"gap_us":734795,"hi":{"x":-1553,"y":47,"z":-3153},"id":426,"lo":{"x":-1632,"y":-32,"z":-3232},"selection":{"index":426,"inner":0,"x":-1632,"y_max":-32,"y_min":-32,"z":-3232}},"kind":"dispatch","us":34143868706}
2026-09-23 17:54:58: ACTION[Emerge-0]: [pregen_diag] {"data":{"actions":{"2":52824,"4":426},"cursor":426,"duration_us":252565,"id":426},"kind":"complete","us":34144121272}
2026-09-23 17:54:58: ACTION[Server]: [pregen_diag] {"data":{"cursor":426,"gap_us":651121,"hi":{"x":-1473,"y":47,"z":-3153},"id":427,"lo":{"x":-1552,"y":-32,"z":-3232},"selection":{"index":427,"inner":0,"x":-1552,"y_max":-32,"y_min":-32,"z":-3232}},"kind":"dispatch","us":34144772392}
2026-09-23 17:54:59: ACTION[Emerge-0]: [pregen_diag] {"data":{"actions":{"2":52948,"4":427},"cursor":427,"duration_us":253526,"id":427},"kind":"complete","us":34145025918}
2026-09-23 17:54:59: ACTION[Server]: [pregen_diag] {"data":{"cursor":427,"gap_us":648183,"hi":{"x":-1393,"y":47,"z":-3153},"id":428,"lo":{"x":-1472,"y":-32,"z":-3232},"selection":{"index":428,"inner":0,"x":-1472,"y_max":-32,"y_min":-32,"z":-3232}},"kind":"dispatch","us":34145674101}
2026-09-23 17:55:00: ACTION[Emerge-0]: [pregen_diag] {"data":{"actions":{"2":53072,"4":428},"cursor":428,"duration_us":253950,"id":428},"kind":"complete","us":34145928051}
2026-09-23 17:55:00: ACTION[Server]: [pregen_diag] {"data":{"cursor":428,"gap_us":647927,"hi":{"x":-1313,"y":47,"z":-3153},"id":429,"lo":{"x":-1392,"y":-32,"z":-3232},"selection":{"index":429,"inner":0,"x":-1392,"y_max":-32,"y_min":-32,"z":-3232}},"kind":"dispatch","us":34146575978}
2026-09-23 17:55:00: ACTION[Server]: [pregen_diag] {"data":{"actions":{"2":53072,"4":428},"callbacks":53500,"cursor":428,"dispatches":429,"failed":false,"pending":true,"persist_us":785,"persists":9,"scan_steps":47,"scan_us":179683,"selection":{"index":429,"inner":0,"x":-1392,"y_max":-32,"y_min":-32,"z":-3232},"step_max_us":90999,"step_us":5051999,"steps":56},"kind":"sample","us":34146754269}
2026-09-23 17:55:00: ACTION[Emerge-0]: [pregen_diag] {"data":{"actions":{"2":53196,"4":429},"cursor":429,"duration_us":258651,"id":429},"kind":"complete","us":34146834629}
2026-09-23 17:55:01: ACTION[Server]: [pregen_diag] {"data":{"cursor":429,"gap_us":644384,"hi":{"x":-1233,"y":47,"z":-3153},"id":430,"lo":{"x":-1312,"y":-32,"z":-3232},"selection":{"index":430,"inner":0,"x":-1312,"y_max":-32,"y_min":-32,"z":-3232}},"kind":"dispatch","us":34147479013}
2026-09-23 17:55:01: ACTION[Emerge-0]: [pregen_diag] {"data":{"actions":{"2":53320,"4":430},"cursor":430,"duration_us":264042,"id":430},"kind":"complete","us":34147743056}
2026-09-23 17:55:02: ACTION[Server]: [pregen_diag] {"data":{"cursor":430,"gap_us":637403,"hi":{"x":-1153,"y":47,"z":-3153},"id":431,"lo":{"x":-1232,"y":-32,"z":-3232},"selection":{"index":431,"inner":0,"x":-1232,"y_max":-32,"y_min":-32,"z":-3232}},"kind":"dispatch","us":34148380458}
2026-09-23 17:55:02: ACTION[Emerge-0]: [pregen_diag] {"data":{"actions":{"2":53444,"4":431},"cursor":431,"duration_us":263175,"id":431},"kind":"complete","us":34148643633}
2026-09-23 17:55:03: ACTION[Server]: [pregen_diag] {"data":{"cursor":431,"gap_us":639392,"hi":{"x":-1073,"y":47,"z":-3153},"id":432,"lo":{"x":-1152,"y":-32,"z":-3232},"selection":{"index":432,"inner":0,"x":-1152,"y_max":-32,"y_min":-32,"z":-3232}},"kind":"dispatch","us":34149283025}
2026-09-23 17:55:03: ACTION[Emerge-0]: [pregen_diag] {"data":{"actions":{"2":53568,"4":432},"cursor":432,"duration_us":261697,"id":432},"kind":"complete","us":34149544722}
2026-09-23 17:55:04: ACTION[Server]: [pregen_diag] {"data":{"cursor":432,"gap_us":639861,"hi":{"x":-993,"y":47,"z":-3153},"id":433,"lo":{"x":-1072,"y":-32,"z":-3232},"selection":{"index":433,"inner":0,"x":-1072,"y_max":-32,"y_min":-32,"z":-3232}},"kind":"dispatch","us":34150184583}
2026-09-23 17:55:04: ACTION[Emerge-0]: [pregen_diag] {"data":{"actions":{"2":53692,"4":433},"cursor":433,"duration_us":249366,"id":433},"kind":"complete","us":34150433950}
2026-09-23 17:55:05: ACTION[Server]: [pregen_diag] {"data":{"cursor":433,"gap_us":651529,"hi":{"x":-913,"y":47,"z":-3153},"id":434,"lo":{"x":-992,"y":-32,"z":-3232},"selection":{"index":434,"inner":0,"x":-992,"y_max":-32,"y_min":-32,"z":-3232}},"kind":"dispatch","us":34151085477}
2026-09-23 17:55:05: ACTION[Emerge-0]: [pregen_diag] {"data":{"actions":{"2":53816,"4":434},"cursor":434,"duration_us":247075,"id":434},"kind":"complete","us":34151332553}
2026-09-23 17:55:05: ACTION[Server]: [pregen_diag] {"data":{"actions":{"2":53816,"4":434},"callbacks":54250,"cursor":434,"dispatches":434,"failed":false,"pending":false,"persist_us":934,"persists":11,"scan":{"bottom":-10,"index":435,"inner":0,"next_x":-844,"next_z":-3177,"top":34,"x":-912,"x_max":-829,"x_min":-916,"z":-3232,"z_max":-3149,"z_min":-3236},"scan_steps":45,"scan_us":175371,"step_max_us":92071,"step_us":5051100,"steps":56},"kind":"sample","us":34151805368}
2026-09-23 17:55:06: ACTION[Server]: [pregen_diag] {"data":{"cursor":434,"gap_us":655294,"hi":{"x":-833,"y":47,"z":-3153},"id":435,"lo":{"x":-912,"y":-32,"z":-3232},"selection":{"index":435,"inner":0,"x":-912,"y_max":-32,"y_min":-32,"z":-3232}},"kind":"dispatch","us":34151987847}
2026-09-23 17:55:06: ACTION[Emerge-0]: [pregen_diag] {"data":{"actions":{"2":53940,"4":435},"cursor":435,"duration_us":247652,"id":435},"kind":"complete","us":34152235499}
2026-09-23 17:55:07: ACTION[Server]: [pregen_diag] {"data":{"cursor":435,"gap_us":654854,"hi":{"x":-753,"y":47,"z":-3153},"id":436,"lo":{"x":-832,"y":-32,"z":-3232},"selection":{"index":436,"inner":0,"x":-832,"y_max":-32,"y_min":-32,"z":-3232}},"kind":"dispatch","us":34152890353}
2026-09-23 17:55:07: ACTION[Emerge-0]: [pregen_diag] {"data":{"actions":{"2":54064,"4":436},"cursor":436,"duration_us":250073,"id":436},"kind":"complete","us":34153140426}
2026-09-23 17:55:07: ACTION[Server]: [pregen_diag] {"data":{"cursor":436,"gap_us":653342,"hi":{"x":-673,"y":47,"z":-3153},"id":437,"lo":{"x":-752,"y":-32,"z":-3232},"selection":{"index":437,"inner":0,"x":-752,"y_max":-32,"y_min":-32,"z":-3232}},"kind":"dispatch","us":34153793768}
2026-09-23 17:55:08: ACTION[Emerge-0]: [pregen_diag] {"data":{"actions":{"2":54188,"4":437},"cursor":437,"duration_us":265333,"id":437},"kind":"complete","us":34154059102}
2026-09-23 17:55:08: ACTION[Server]: [pregen_diag] {"data":{"cursor":437,"gap_us":636670,"hi":{"x":-593,"y":47,"z":-3153},"id":438,"lo":{"x":-672,"y":-32,"z":-3232},"selection":{"index":438,"inner":0,"x":-672,"y_max":-32,"y_min":-32,"z":-3232}},"kind":"dispatch","us":34154695771}
2026-09-23 17:55:09: ACTION[Emerge-0]: [pregen_diag] {"data":{"actions":{"2":54312,"4":438},"cursor":438,"duration_us":264517,"id":438},"kind":"complete","us":34154960288}
2026-09-23 17:55:09: ACTION[Server]: [pregen_diag] {"data":{"cursor":438,"gap_us":639504,"hi":{"x":-513,"y":47,"z":-3153},"id":439,"lo":{"x":-592,"y":-32,"z":-3232},"selection":{"index":439,"inner":0,"x":-592,"y_max":-32,"y_min":-32,"z":-3232}},"kind":"dispatch","us":34155599792}
2026-09-23 17:55:10: ACTION[Emerge-0]: [pregen_diag] {"data":{"actions":{"2":54436,"4":439},"cursor":439,"duration_us":269220,"id":439},"kind":"complete","us":34155869012}
2026-09-23 17:55:10: ACTION[Server]: [pregen_diag] {"data":{"cursor":439,"gap_us":722124,"hi":{"x":-433,"y":47,"z":-3153},"id":440,"lo":{"x":-512,"y":-32,"z":-3232},"selection":{"index":440,"inner":0,"x":-512,"y_max":-32,"y_min":-32,"z":-3232}},"kind":"dispatch","us":34156591135}
2026-09-23 17:55:11: ACTION[Emerge-0]: [pregen_diag] {"data":{"actions":{"2":54560,"4":440},"cursor":440,"duration_us":257728,"id":440},"kind":"complete","us":34156848864}
2026-09-23 17:55:11: ACTION[Server]: [pregen_diag] {"data":{"actions":{"2":54560,"4":440},"callbacks":55000,"cursor":440,"dispatches":440,"failed":false,"pending":false,"persist_us":991,"persists":12,"scan_steps":43,"scan_us":168022,"step_max_us":92703,"step_us":5053181,"steps":56},"kind":"sample","us":34156858550}
2026-09-23 17:55:11: ACTION[Server]: [pregen_diag] {"data":{"cursor":440,"gap_us":643643,"hi":{"x":-353,"y":47,"z":-3153},"id":441,"lo":{"x":-432,"y":-32,"z":-3232},"selection":{"index":441,"inner":0,"x":-432,"y_max":-32,"y_min":-32,"z":-3232}},"kind":"dispatch","us":34157492506}
2026-09-23 17:55:11: ACTION[Emerge-0]: [pregen_diag] {"data":{"actions":{"2":54684,"4":441},"cursor":441,"duration_us":251664,"id":441},"kind":"complete","us":34157744171}
2026-09-23 17:55:12: ACTION[Server]: [pregen_diag] {"data":{"cursor":441,"gap_us":738428,"hi":{"x":-273,"y":47,"z":-3153},"id":442,"lo":{"x":-352,"y":-32,"z":-3232},"selection":{"index":442,"inner":0,"x":-352,"y_max":-32,"y_min":-32,"z":-3232}},"kind":"dispatch","us":34158482599}
2026-09-23 17:55:12: ACTION[Emerge-0]: [pregen_diag] {"data":{"actions":{"2":54808,"4":442},"cursor":442,"duration_us":255983,"id":442},"kind":"complete","us":34158738582}
2026-09-23 17:55:13: ACTION[Server]: [pregen_diag] {"data":{"cursor":442,"gap_us":738908,"hi":{"x":-193,"y":47,"z":-3153},"id":443,"lo":{"x":-272,"y":-32,"z":-3232},"selection":{"index":443,"inner":0,"x":-272,"y_max":-32,"y_min":-32,"z":-3232}},"kind":"dispatch","us":34159477490}
2026-09-23 17:55:13: ACTION[Emerge-0]: [pregen_diag] {"data":{"actions":{"2":54932,"4":443},"cursor":443,"duration_us":253743,"id":443},"kind":"complete","us":34159731233}
2026-09-23 17:55:14: ACTION[Server]: [pregen_diag] {"data":{"cursor":443,"gap_us":738144,"hi":{"x":-113,"y":47,"z":-3153},"id":444,"lo":{"x":-192,"y":-32,"z":-3232},"selection":{"index":444,"inner":0,"x":-192,"y_max":-32,"y_min":-32,"z":-3232}},"kind":"dispatch","us":34160469376}
2026-09-23 17:55:14: ACTION[Emerge-0]: [pregen_diag] {"data":{"actions":{"2":55056,"4":444},"cursor":444,"duration_us":256539,"id":444},"kind":"complete","us":34160725916}
2026-09-23 17:55:15: ACTION[Server]: [pregen_diag] {"data":{"cursor":444,"gap_us":735426,"hi":{"x":-33,"y":47,"z":-3153},"id":445,"lo":{"x":-112,"y":-32,"z":-3232},"selection":{"index":445,"inner":0,"x":-112,"y_max":-32,"y_min":-32,"z":-3232}},"kind":"dispatch","us":34161461342}
2026-09-23 17:55:15: ACTION[Emerge-0]: [pregen_diag] {"data":{"actions":{"2":55180,"4":445},"cursor":445,"duration_us":231916,"id":445},"kind":"complete","us":34161693259}
2026-09-23 17:55:16: ACTION[Server]: [pregen_diag] {"data":{"actions":{"2":55180,"4":445},"callbacks":55625,"cursor":445,"dispatches":445,"failed":false,"pending":false,"persist_us":821,"persists":10,"scan":{"bottom":-10,"index":446,"inner":0,"next_x":28,"next_z":-3216,"top":34,"x":-32,"x_max":51,"x_min":-36,"z":-3232,"z_max":-3149,"z_min":-3236},"scan_steps":46,"scan_us":177353,"step_max_us":90876,"step_us":5051421,"steps":56},"kind":"sample","us":34161909970}
2026-09-23 17:55:16: ACTION[Server]: [pregen_diag] {"data":{"cursor":445,"gap_us":759055,"hi":{"x":47,"y":47,"z":-3153},"id":446,"lo":{"x":-32,"y":-32,"z":-3232},"selection":{"index":446,"inner":0,"x":-32,"y_max":-32,"y_min":-32,"z":-3232}},"kind":"dispatch","us":34162452313}
2026-09-23 17:55:16: ACTION[Emerge-0]: [pregen_diag] {"data":{"actions":{"2":55304,"4":446},"cursor":446,"duration_us":218222,"id":446},"kind":"complete","us":34162670535}
2026-09-23 17:55:17: ACTION[Server]: [pregen_diag] {"data":{"cursor":446,"gap_us":686383,"hi":{"x":127,"y":47,"z":-3153},"id":447,"lo":{"x":48,"y":-32,"z":-3232},"selection":{"index":447,"inner":0,"x":48,"y_max":-32,"y_min":-32,"z":-3232}},"kind":"dispatch","us":34163356918}
2026-09-23 17:55:17: ACTION[Emerge-0]: [pregen_diag] {"data":{"actions":{"2":55428,"4":447},"cursor":447,"duration_us":231449,"id":447},"kind":"complete","us":34163588367}
2026-09-23 17:55:18: ACTION[Server]: [pregen_diag] {"data":{"cursor":447,"gap_us":758707,"hi":{"x":207,"y":47,"z":-3153},"id":448,"lo":{"x":128,"y":-32,"z":-3232},"selection":{"index":448,"inner":0,"x":128,"y_max":-32,"y_min":-32,"z":-3232}},"kind":"dispatch","us":34164347074}
2026-09-23 17:55:18: ACTION[Emerge-0]: [pregen_diag] {"data":{"actions":{"2":55552,"4":448},"cursor":448,"duration_us":241476,"id":448},"kind":"complete","us":34164588551}
2026-09-23 17:55:19: ACTION[Server]: [pregen_diag] {"data":{"cursor":448,"gap_us":750230,"hi":{"x":287,"y":47,"z":-3153},"id":449,"lo":{"x":208,"y":-32,"z":-3232},"selection":{"index":449,"inner":0,"x":208,"y_max":-32,"y_min":-32,"z":-3232}},"kind":"dispatch","us":34165338780}
2026-09-23 17:55:19: ACTION[Emerge-0]: [pregen_diag] {"data":{"actions":{"2":55676,"4":449},"cursor":449,"duration_us":251203,"id":449},"kind":"complete","us":34165589983}
2026-09-23 17:55:20: ACTION[Server]: [pregen_diag] {"data":{"cursor":449,"gap_us":653013,"hi":{"x":367,"y":47,"z":-3153},"id":450,"lo":{"x":288,"y":-32,"z":-3232},"selection":{"index":450,"inner":0,"x":288,"y_max":-32,"y_min":-32,"z":-3232}},"kind":"dispatch","us":34166242996}
2026-09-23 17:55:20: ACTION[Emerge-0]: [pregen_diag] {"data":{"actions":{"2":55800,"4":450},"cursor":450,"duration_us":258307,"id":450},"kind":"complete","us":34166501303}
2026-09-23 17:55:21: ACTION[Server]: [pregen_diag] {"data":{"actions":{"2":55800,"4":450},"callbacks":56250,"cursor":450,"dispatches":450,"failed":false,"pending":false,"persist_us":839,"persists":10,"scan":{"bottom":-10,"index":451,"inner":0,"next_x":428,"next_z":-3180,"top":34,"x":368,"x_max":451,"x_min":364,"z":-3232,"z_max":-3149,"z_min":-3236},"scan_steps":46,"scan_us":175688,"step_max_us":92073,"step_us":5051437,"steps":56},"kind":"sample","us":34166961407}
2026-09-23 17:55:21: ACTION[Server]: [pregen_diag] {"data":{"cursor":450,"gap_us":643890,"hi":{"x":447,"y":47,"z":-3153},"id":451,"lo":{"x":368,"y":-32,"z":-3232},"selection":{"index":451,"inner":0,"x":368,"y_max":-32,"y_min":-32,"z":-3232}},"kind":"dispatch","us":34167145193}
2026-09-23 17:55:21: ACTION[Emerge-0]: [pregen_diag] {"data":{"actions":{"2":55924,"4":451},"cursor":451,"duration_us":262302,"id":451},"kind":"complete","us":34167407496}
2026-09-23 17:55:22: ACTION[Server]: [pregen_diag] {"data":{"cursor":451,"gap_us":639298,"hi":{"x":527,"y":47,"z":-3153},"id":452,"lo":{"x":448,"y":-32,"z":-3232},"selection":{"index":452,"inner":0,"x":448,"y_max":-32,"y_min":-32,"z":-3232}},"kind":"dispatch","us":34168046792}
2026-09-23 17:55:22: ACTION[Emerge-0]: [pregen_diag] {"data":{"actions":{"2":56048,"4":452},"cursor":452,"duration_us":273731,"id":452},"kind":"complete","us":34168320524}
2026-09-23 17:55:23: ACTION[Server]: [pregen_diag] {"data":{"cursor":452,"gap_us":629701,"hi":{"x":607,"y":47,"z":-3153},"id":453,"lo":{"x":528,"y":-32,"z":-3232},"selection":{"index":453,"inner":0,"x":528,"y_max":-32,"y_min":-32,"z":-3232}},"kind":"dispatch","us":34168950225}
2026-09-23 17:55:23: ACTION[Emerge-0]: [pregen_diag] {"data":{"actions":{"2":56172,"4":453},"cursor":453,"duration_us":277203,"id":453},"kind":"complete","us":34169227428}
2026-09-23 17:55:24: ACTION[Server]: [pregen_diag] {"data":{"cursor":453,"gap_us":624395,"hi":{"x":687,"y":47,"z":-3153},"id":454,"lo":{"x":608,"y":-32,"z":-3232},"selection":{"index":454,"inner":0,"x":608,"y_max":-32,"y_min":-32,"z":-3232}},"kind":"dispatch","us":34169851823}
2026-09-23 17:55:24: ACTION[Emerge-0]: [pregen_diag] {"data":{"actions":{"2":56296,"4":454},"cursor":454,"duration_us":281816,"id":454},"kind":"complete","us":34170133639}
2026-09-23 17:55:24: ACTION[Server]: [pregen_diag] {"data":{"cursor":454,"gap_us":621074,"hi":{"x":767,"y":47,"z":-3153},"id":455,"lo":{"x":688,"y":-32,"z":-3232},"selection":{"index":455,"inner":0,"x":688,"y_max":-32,"y_min":-32,"z":-3232}},"kind":"dispatch","us":34170754713}
2026-09-23 17:55:25: ACTION[Emerge-0]: [pregen_diag] {"data":{"actions":{"2":56420,"4":455},"cursor":455,"duration_us":285653,"id":455},"kind":"complete","us":34171040367}
2026-09-23 17:55:25: ACTION[Server]: [pregen_diag] {"data":{"cursor":455,"gap_us":704956,"hi":{"x":847,"y":47,"z":-3153},"id":456,"lo":{"x":768,"y":-32,"z":-3232},"selection":{"index":456,"inner":0,"x":768,"y_max":-32,"y_min":-32,"z":-3232}},"kind":"dispatch","us":34171745322}
2026-09-23 17:55:26: ACTION[Server]: [pregen_diag] {"data":{"actions":{"2":56420,"4":455},"callbacks":56875,"cursor":455,"dispatches":456,"failed":false,"pending":true,"persist_us":906,"persists":11,"scan_steps":40,"scan_us":155446,"selection":{"index":456,"inner":0,"x":768,"y_max":-32,"y_min":-32,"z":-3232},"step_max_us":92092,"step_us":5053333,"steps":56},"kind":"sample","us":34172014741}
2026-09-23 17:55:26: ACTION[Emerge-0]: [pregen_diag] {"data":{"actions":{"2":56544,"4":456},"cursor":456,"duration_us":290930,"id":456},"kind":"complete","us":34172036252}
2026-09-23 17:55:26: ACTION[Server]: [pregen_diag] {"data":{"cursor":456,"gap_us":703014,"hi":{"x":927,"y":47,"z":-3153},"id":457,"lo":{"x":848,"y":-32,"z":-3232},"selection":{"index":457,"inner":0,"x":848,"y_max":-32,"y_min":-32,"z":-3232}},"kind":"dispatch","us":34172739266}
2026-09-23 17:55:27: ACTION[Emerge-0]: [pregen_diag] {"data":{"actions":{"2":56668,"4":457},"cursor":457,"duration_us":298907,"id":457},"kind":"complete","us":34173038173}
2026-09-23 17:55:27: ACTION[Server]: [pregen_diag] {"data":{"cursor":457,"gap_us":692046,"hi":{"x":1007,"y":47,"z":-3153},"id":458,"lo":{"x":928,"y":-32,"z":-3232},"selection":{"index":458,"inner":0,"x":928,"y_max":-32,"y_min":-32,"z":-3232}},"kind":"dispatch","us":34173730219}
2026-09-23 17:55:28: ACTION[Emerge-0]: [pregen_diag] {"data":{"actions":{"2":56792,"4":458},"cursor":458,"duration_us":301305,"id":458},"kind":"complete","us":34174031524}
2026-09-23 17:55:28: ACTION[Server]: [pregen_diag] {"data":{"cursor":458,"gap_us":689977,"hi":{"x":1087,"y":47,"z":-3153},"id":459,"lo":{"x":1008,"y":-32,"z":-3232},"selection":{"index":459,"inner":0,"x":1008,"y_max":-32,"y_min":-32,"z":-3232}},"kind":"dispatch","us":34174721501}
2026-09-23 17:55:29: ACTION[Emerge-0]: [pregen_diag] {"data":{"actions":{"2":56916,"4":459},"cursor":459,"duration_us":298718,"id":459},"kind":"complete","us":34175020219}
2026-09-23 17:55:29: ACTION[Server]: [pregen_diag] {"data":{"cursor":459,"gap_us":694467,"hi":{"x":1167,"y":47,"z":-3153},"id":460,"lo":{"x":1088,"y":-32,"z":-3232},"selection":{"index":460,"inner":0,"x":1088,"y_max":-32,"y_min":-32,"z":-3232}},"kind":"dispatch","us":34175714685}
2026-09-23 17:55:30: ACTION[Emerge-0]: [pregen_diag] {"data":{"actions":{"2":57040,"4":460},"cursor":460,"duration_us":299059,"id":460},"kind":"complete","us":34176013746}
2026-09-23 17:55:30: ACTION[Server]: [pregen_diag] {"data":{"cursor":460,"gap_us":692580,"hi":{"x":1247,"y":47,"z":-3153},"id":461,"lo":{"x":1168,"y":-32,"z":-3232},"selection":{"index":461,"inner":0,"x":1168,"y_max":-32,"y_min":-32,"z":-3232}},"kind":"dispatch","us":34176706325}
2026-09-23 17:55:31: ACTION[Emerge-0]: [pregen_diag] {"data":{"actions":{"2":57164,"4":461},"cursor":461,"duration_us":276890,"id":461},"kind":"complete","us":34176983215}
2026-09-23 17:55:31: ACTION[Server]: [pregen_diag] {"data":{"actions":{"2":57164,"4":461},"callbacks":57625,"cursor":461,"dispatches":461,"failed":false,"pending":false,"persist_us":923,"persists":11,"scan_steps":40,"scan_us":147940,"step_max_us":91041,"step_us":5051160,"steps":56},"kind":"sample","us":34177065900}
2026-09-23 17:55:31: ACTION[Server]: [pregen_diag] {"data":{"cursor":461,"gap_us":714910,"hi":{"x":1327,"y":47,"z":-3153},"id":462,"lo":{"x":1248,"y":-32,"z":-3232},"selection":{"index":462,"inner":0,"x":1248,"y_max":-32,"y_min":-32,"z":-3232}},"kind":"dispatch","us":34177698125}
2026-09-23 17:55:32: ACTION[Emerge-0]: [pregen_diag] {"data":{"actions":{"2":57288,"4":462},"cursor":462,"duration_us":254787,"id":462},"kind":"complete","us":34177952913}
2026-09-23 17:55:32: ACTION[Server]: [pregen_diag] {"data":{"cursor":462,"gap_us":648719,"hi":{"x":1407,"y":47,"z":-3153},"id":463,"lo":{"x":1328,"y":-32,"z":-3232},"selection":{"index":463,"inner":0,"x":1328,"y_max":-32,"y_min":-32,"z":-3232}},"kind":"dispatch","us":34178601631}
2026-09-23 17:55:33: ACTION[Emerge-0]: [pregen_diag] {"data":{"actions":{"2":57412,"4":463},"cursor":463,"duration_us":253345,"id":463},"kind":"complete","us":34178854976}
2026-09-23 17:55:33: ACTION[Server]: [pregen_diag] {"data":{"cursor":463,"gap_us":648617,"hi":{"x":1487,"y":47,"z":-3153},"id":464,"lo":{"x":1408,"y":-32,"z":-3232},"selection":{"index":464,"inner":0,"x":1408,"y_max":-32,"y_min":-32,"z":-3232}},"kind":"dispatch","us":34179503593}
2026-09-23 17:55:33: ACTION[Emerge-0]: [pregen_diag] {"data":{"actions":{"2":57536,"4":464},"cursor":464,"duration_us":249084,"id":464},"kind":"complete","us":34179752678}
2026-09-23 17:55:34: ACTION[Server]: [pregen_diag] {"data":{"cursor":464,"gap_us":654946,"hi":{"x":1567,"y":47,"z":-3153},"id":465,"lo":{"x":1488,"y":-32,"z":-3232},"selection":{"index":465,"inner":0,"x":1488,"y_max":-32,"y_min":-32,"z":-3232}},"kind":"dispatch","us":34180407623}
2026-09-23 17:55:34: ACTION[Emerge-0]: [pregen_diag] {"data":{"actions":{"2":57660,"4":465},"cursor":465,"duration_us":254144,"id":465},"kind":"complete","us":34180661767}
2026-09-23 17:55:35: ACTION[Server]: [pregen_diag] {"data":{"cursor":465,"gap_us":736519,"hi":{"x":1647,"y":47,"z":-3153},"id":466,"lo":{"x":1568,"y":-32,"z":-3232},"selection":{"index":466,"inner":0,"x":1568,"y_max":-32,"y_min":-32,"z":-3232}},"kind":"dispatch","us":34181398286}
2026-09-23 17:55:35: ACTION[Emerge-0]: [pregen_diag] {"data":{"actions":{"2":57784,"4":466},"cursor":466,"duration_us":254764,"id":466},"kind":"complete","us":34181653051}
2026-09-23 17:55:36: ACTION[Server]: [pregen_diag] {"data":{"actions":{"2":57784,"4":466},"callbacks":58250,"cursor":466,"dispatches":466,"failed":false,"pending":false,"persist_us":874,"persists":10,"scan":{"bottom":-10,"index":467,"inner":0,"next_x":1684,"next_z":-3187,"top":34,"x":1648,"x_max":1731,"x_min":1644,"z":-3232,"z_max":-3149,"z_min":-3236},"scan_steps":46,"scan_us":174013,"step_max_us":90919,"step_us":5053056,"steps":56},"kind":"sample","us":34182118956}
2026-09-23 17:55:36: ACTION[Server]: [pregen_diag] {"data":{"cursor":466,"gap_us":740484,"hi":{"x":1727,"y":47,"z":-3153},"id":467,"lo":{"x":1648,"y":-32,"z":-3232},"selection":{"index":467,"inner":0,"x":1648,"y_max":-32,"y_min":-32,"z":-3232}},"kind":"dispatch","us":34182393534}
2026-09-23 17:55:36: ACTION[Emerge-0]: [pregen_diag] {"data":{"actions":{"2":57908,"4":467},"cursor":467,"duration_us":250355,"id":467},"kind":"complete","us":34182643890}
2026-09-23 17:55:37: ACTION[Server]: [pregen_diag] {"data":{"cursor":467,"gap_us":828557,"hi":{"x":1807,"y":47,"z":-3153},"id":468,"lo":{"x":1728,"y":-32,"z":-3232},"selection":{"index":468,"inner":0,"x":1728,"y_max":-32,"y_min":-32,"z":-3232}},"kind":"dispatch","us":34183472445}
2026-09-23 17:55:37: ACTION[Emerge-0]: [pregen_diag] {"data":{"actions":{"2":58032,"4":468},"cursor":468,"duration_us":243705,"id":468},"kind":"complete","us":34183716151}
2026-09-23 17:55:38: ACTION[Server]: [pregen_diag] {"data":{"cursor":468,"gap_us":751003,"hi":{"x":1887,"y":47,"z":-3153},"id":469,"lo":{"x":1808,"y":-32,"z":-3232},"selection":{"index":469,"inner":0,"x":1808,"y_max":-32,"y_min":-32,"z":-3232}},"kind":"dispatch","us":34184467154}
2026-09-23 17:55:38: ACTION[Emerge-0]: [pregen_diag] {"data":{"actions":{"2":58156,"4":469},"cursor":469,"duration_us":217280,"id":469},"kind":"complete","us":34184684434}
2026-09-23 17:55:39: ACTION[Server]: [pregen_diag] {"data":{"cursor":469,"gap_us":774818,"hi":{"x":1967,"y":47,"z":-3153},"id":470,"lo":{"x":1888,"y":-32,"z":-3232},"selection":{"index":470,"inner":0,"x":1888,"y_max":-32,"y_min":-32,"z":-3232}},"kind":"dispatch","us":34185459251}
2026-09-23 17:55:39: ACTION[Emerge-0]: [pregen_diag] {"data":{"actions":{"2":58280,"4":470},"cursor":470,"duration_us":218240,"id":470},"kind":"complete","us":34185677492}
2026-09-23 17:55:40: ACTION[Server]: [pregen_diag] {"data":{"cursor":470,"gap_us":773761,"hi":{"x":2047,"y":47,"z":-3153},"id":471,"lo":{"x":1968,"y":-32,"z":-3232},"selection":{"index":471,"inner":0,"x":1968,"y_max":-32,"y_min":-32,"z":-3232}},"kind":"dispatch","us":34186451253}
2026-09-23 17:55:40: ACTION[Emerge-0]: [pregen_diag] {"data":{"actions":{"2":58404,"4":471},"cursor":471,"duration_us":221936,"id":471},"kind":"complete","us":34186673189}
2026-09-23 17:55:41: ACTION[Server]: [pregen_diag] {"data":{"actions":{"2":58404,"4":471},"callbacks":58875,"cursor":471,"dispatches":471,"failed":false,"pending":false,"persist_us":896,"persists":10,"scan":{"bottom":-10,"index":472,"inner":0,"next_x":2044,"next_z":-3190,"top":34,"x":2048,"x_max":2131,"x_min":2044,"z":-3232,"z_max":-3149,"z_min":-3236},"scan_steps":46,"scan_us":177240,"step_max_us":92124,"step_us":5051851,"steps":56},"kind":"sample","us":34187170807}
2026-09-23 17:55:41: ACTION[Server]: [pregen_diag] {"data":{"cursor":471,"gap_us":859438,"hi":{"x":2127,"y":47,"z":-3153},"id":472,"lo":{"x":2048,"y":-32,"z":-3232},"selection":{"index":472,"inner":0,"x":2048,"y_max":-32,"y_min":-32,"z":-3232}},"kind":"dispatch","us":34187532626}
2026-09-23 17:55:41: ACTION[Emerge-0]: [pregen_diag] {"data":{"actions":{"2":58528,"4":472},"cursor":472,"duration_us":220411,"id":472},"kind":"complete","us":34187753038}
2026-09-23 17:55:42: ACTION[Server]: [pregen_diag] {"data":{"cursor":472,"gap_us":773541,"hi":{"x":2207,"y":47,"z":-3153},"id":473,"lo":{"x":2128,"y":-32,"z":-3232},"selection":{"index":473,"inner":0,"x":2128,"y_max":-32,"y_min":-32,"z":-3232}},"kind":"dispatch","us":34188526578}
2026-09-23 17:55:42: ACTION[Emerge-0]: [pregen_diag] {"data":{"actions":{"2":58652,"4":473},"cursor":473,"duration_us":220647,"id":473},"kind":"complete","us":34188747227}
2026-09-23 17:55:43: ACTION[Server]: [pregen_diag] {"data":{"cursor":473,"gap_us":771478,"hi":{"x":2287,"y":47,"z":-3153},"id":474,"lo":{"x":2208,"y":-32,"z":-3232},"selection":{"index":474,"inner":0,"x":2208,"y_max":-32,"y_min":-32,"z":-3232}},"kind":"dispatch","us":34189518704}
2026-09-23 17:55:43: ACTION[Emerge-0]: [pregen_diag] {"data":{"actions":{"2":58776,"4":474},"cursor":474,"duration_us":222054,"id":474},"kind":"complete","us":34189740759}
2026-09-23 17:55:44: ACTION[Server]: [pregen_diag] {"data":{"cursor":474,"gap_us":771463,"hi":{"x":2367,"y":47,"z":-3153},"id":475,"lo":{"x":2288,"y":-32,"z":-3232},"selection":{"index":475,"inner":0,"x":2288,"y_max":-32,"y_min":-32,"z":-3232}},"kind":"dispatch","us":34190512221}
2026-09-23 17:55:44: ACTION[Emerge-0]: [pregen_diag] {"data":{"actions":{"2":58900,"4":475},"cursor":475,"duration_us":226844,"id":475},"kind":"complete","us":34190739065}
2026-09-23 17:55:45: ACTION[Server]: [pregen_diag] {"data":{"cursor":475,"gap_us":765061,"hi":{"x":2447,"y":47,"z":-3153},"id":476,"lo":{"x":2368,"y":-32,"z":-3232},"selection":{"index":476,"inner":0,"x":2368,"y_max":-32,"y_min":-32,"z":-3232}},"kind":"dispatch","us":34191504126}
2026-09-23 17:55:45: ACTION[Emerge-0]: [pregen_diag] {"data":{"actions":{"2":59024,"4":476},"cursor":476,"duration_us":224698,"id":476},"kind":"complete","us":34191728824}
2026-09-23 17:55:46: ACTION[Server]: [pregen_diag] {"data":{"actions":{"2":59024,"4":476},"callbacks":59500,"cursor":476,"dispatches":476,"failed":false,"pending":false,"persist_us":867,"persists":10,"scan":{"bottom":-10,"index":477,"inner":0,"next_x":2484,"next_z":-3187,"top":34,"x":2448,"x_max":2531,"x_min":2444,"z":-3232,"z_max":-3149,"z_min":-3236},"scan_steps":46,"scan_us":178155,"step_max_us":90990,"step_us":5051498,"steps":56},"kind":"sample","us":34192222304}
2026-09-23 17:55:46: ACTION[Server]: [pregen_diag] {"data":{"cursor":476,"gap_us":768266,"hi":{"x":2527,"y":47,"z":-3153},"id":477,"lo":{"x":2448,"y":-32,"z":-3232},"selection":{"index":477,"inner":0,"x":2448,"y_max":-32,"y_min":-32,"z":-3232}},"kind":"dispatch","us":34192497089}
2026-09-23 17:55:46: ACTION[Emerge-0]: [pregen_diag] {"data":{"actions":{"2":59148,"4":477},"cursor":477,"duration_us":225891,"id":477},"kind":"complete","us":34192722982}
2026-09-23 17:55:47: ACTION[Server]: [pregen_diag] {"data":{"cursor":477,"gap_us":765038,"hi":{"x":2607,"y":47,"z":-3153},"id":478,"lo":{"x":2528,"y":-32,"z":-3232},"selection":{"index":478,"inner":0,"x":2528,"y_max":-32,"y_min":-32,"z":-3232}},"kind":"dispatch","us":34193488019}
2026-09-23 17:55:47: ACTION[Emerge-0]: [pregen_diag] {"data":{"actions":{"2":59272,"4":478},"cursor":478,"duration_us":217690,"id":478},"kind":"complete","us":34193705709}
2026-09-23 17:55:48: ACTION[Server]: [pregen_diag] {"data":{"cursor":478,"gap_us":772973,"hi":{"x":2687,"y":47,"z":-3153},"id":479,"lo":{"x":2608,"y":-32,"z":-3232},"selection":{"index":479,"inner":0,"x":2608,"y_max":-32,"y_min":-32,"z":-3232}},"kind":"dispatch","us":34194478681}
2026-09-23 17:55:48: ACTION[Emerge-0]: [pregen_diag] {"data":{"actions":{"2":59396,"4":479},"cursor":479,"duration_us":215868,"id":479},"kind":"complete","us":34194694550}
2026-09-23 17:55:49: ACTION[Server]: [pregen_diag] {"data":{"cursor":479,"gap_us":866696,"hi":{"x":2767,"y":47,"z":-3153},"id":480,"lo":{"x":2688,"y":-32,"z":-3232},"selection":{"index":480,"inner":0,"x":2688,"y_max":-32,"y_min":-32,"z":-3232}},"kind":"dispatch","us":34195561246}
2026-09-23 17:55:49: ACTION[Emerge-0]: [pregen_diag] {"data":{"actions":{"2":59520,"4":480},"cursor":480,"duration_us":226432,"id":480},"kind":"complete","us":34195787679}
2026-09-23 17:55:50: ACTION[Server]: [pregen_diag] {"data":{"cursor":480,"gap_us":768354,"hi":{"x":2847,"y":47,"z":-3153},"id":481,"lo":{"x":2768,"y":-32,"z":-3232},"selection":{"index":481,"inner":0,"x":2768,"y_max":-32,"y_min":-32,"z":-3232}},"kind":"dispatch","us":34196556032}
2026-09-23 17:55:50: ACTION[Emerge-0]: [pregen_diag] {"data":{"actions":{"2":59644,"4":481},"cursor":481,"duration_us":229630,"id":481},"kind":"complete","us":34196785663}
2026-09-23 17:55:51: ACTION[Server]: [pregen_diag] {"data":{"actions":{"2":59644,"4":481},"callbacks":60125,"cursor":481,"dispatches":481,"failed":false,"pending":false,"persist_us":893,"persists":10,"scan":{"bottom":-10,"index":482,"inner":0,"next_x":2852,"next_z":-3191,"top":34,"x":2848,"x_max":2931,"x_min":2844,"z":-3232,"z_max":-3149,"z_min":-3236},"scan_steps":46,"scan_us":177385,"step_max_us":90916,"step_us":5051889,"steps":56},"kind":"sample","us":34197274193}
2026-09-23 17:55:51: ACTION[Server]: [pregen_diag] {"data":{"cursor":481,"gap_us":852085,"hi":{"x":2927,"y":47,"z":-3153},"id":482,"lo":{"x":2848,"y":-32,"z":-3232},"selection":{"index":482,"inner":0,"x":2848,"y_max":-32,"y_min":-32,"z":-3232}},"kind":"dispatch","us":34197637747}
2026-09-23 17:55:52: ACTION[Emerge-0]: [pregen_diag] {"data":{"actions":{"2":59768,"4":482},"cursor":482,"duration_us":225000,"id":482},"kind":"complete","us":34197862747}
2026-09-23 17:55:52: ACTION[Server]: [pregen_diag] {"data":{"cursor":482,"gap_us":858036,"hi":{"x":3007,"y":47,"z":-3153},"id":483,"lo":{"x":2928,"y":-32,"z":-3232},"selection":{"index":483,"inner":0,"x":2928,"y_max":-32,"y_min":-32,"z":-3232}},"kind":"dispatch","us":34198720783}
2026-09-23 17:55:53: ACTION[Emerge-0]: [pregen_diag] {"data":{"actions":{"2":59892,"4":483},"cursor":483,"duration_us":223877,"id":483},"kind":"complete","us":34198944660}
2026-09-23 17:55:54: ACTION[Server]: [pregen_diag] {"data":{"cursor":483,"gap_us":1127736,"hi":{"x":3087,"y":47,"z":-3153},"id":484,"lo":{"x":3008,"y":-32,"z":-3232},"selection":{"index":484,"inner":0,"x":3008,"y_max":-32,"y_min":-32,"z":-3232}},"kind":"dispatch","us":34200072396}
2026-09-23 17:55:54: ACTION[Emerge-0]: [pregen_diag] {"data":{"actions":{"2":60016,"4":484},"cursor":484,"duration_us":222909,"id":484},"kind":"complete","us":34200295306}
2026-09-23 17:55:55: ACTION[Server]: [pregen_diag] {"data":{"cursor":484,"gap_us":1493713,"hi":{"x":3167,"y":47,"z":-3153},"id":485,"lo":{"x":3088,"y":-32,"z":-3232},"selection":{"index":485,"inner":0,"x":3088,"y_max":-32,"y_min":-32,"z":-3232}},"kind":"dispatch","us":34201789018}
2026-09-23 17:55:56: ACTION[Emerge-0]: [pregen_diag] {"data":{"actions":{"2":60140,"4":485},"cursor":485,"duration_us":220741,"id":485},"kind":"complete","us":34202009759}
2026-09-23 17:55:56: ACTION[Server]: [pregen_diag] {"data":{"actions":{"2":60140,"4":485},"callbacks":60625,"cursor":485,"dispatches":485,"failed":false,"pending":false,"persist_us":955,"persists":8,"scan":{"bottom":-10,"index":486,"inner":0,"next_x":3244,"next_z":-3220,"top":34,"x":3168,"x_max":3251,"x_min":3164,"z":-3232,"z_max":-3149,"z_min":-3236},"scan_steps":48,"scan_us":196968,"step_max_us":90917,"step_us":5051854,"steps":56},"kind":"sample","us":34202326047}
2026-09-23 17:55:58: ACTION[Server]: [pregen_diag] {"data":{"cursor":485,"gap_us":1851569,"hi":{"x":3247,"y":47,"z":-3153},"id":486,"lo":{"x":3168,"y":-32,"z":-3232},"selection":{"index":486,"inner":0,"x":3168,"y_max":-32,"y_min":-32,"z":-3232}},"kind":"dispatch","us":34203861328}
2026-09-23 17:55:58: ACTION[Emerge-0]: [pregen_diag] {"data":{"actions":{"2":60264,"4":486},"cursor":486,"duration_us":219926,"id":486},"kind":"complete","us":34204081254}
2026-09-23 17:55:59: ACTION[Server]: [pregen_diag] {"data":{"cursor":486,"gap_us":1225331,"hi":{"x":3327,"y":47,"z":-3153},"id":487,"lo":{"x":3248,"y":-32,"z":-3232},"selection":{"index":487,"inner":0,"x":3248,"y_max":-32,"y_min":-32,"z":-3232}},"kind":"dispatch","us":34205306585}
2026-09-23 17:55:59: ACTION[Emerge-0]: [pregen_diag] {"data":{"actions":{"2":60388,"4":487},"cursor":487,"duration_us":218389,"id":487},"kind":"complete","us":34205524974}
2026-09-23 17:56:00: ACTION[Server]: [pregen_diag] {"data":{"cursor":487,"gap_us":684044,"hi":{"x":3407,"y":47,"z":-3153},"id":488,"lo":{"x":3328,"y":-32,"z":-3232},"selection":{"index":488,"inner":0,"x":3328,"y_max":-32,"y_min":-32,"z":-3232}},"kind":"dispatch","us":34206209018}
2026-09-23 17:56:00: ACTION[Emerge-0]: [pregen_diag] {"data":{"actions":{"2":60512,"4":488},"cursor":488,"duration_us":220427,"id":488},"kind":"complete","us":34206429445}
2026-09-23 17:56:01: ACTION[Server]: [pregen_diag] {"data":{"cursor":488,"gap_us":681480,"hi":{"x":3487,"y":47,"z":-3153},"id":489,"lo":{"x":3408,"y":-32,"z":-3232},"selection":{"index":489,"inner":0,"x":3408,"y_max":-32,"y_min":-32,"z":-3232}},"kind":"dispatch","us":34207110925}
2026-09-23 17:56:01: ACTION[Emerge-0]: [pregen_diag] {"data":{"actions":{"2":60636,"4":489},"cursor":489,"duration_us":222703,"id":489},"kind":"complete","us":34207333628}
2026-09-23 17:56:01: ACTION[Server]: [pregen_diag] {"data":{"actions":{"2":60636,"4":489},"callbacks":61125,"cursor":489,"dispatches":489,"failed":false,"pending":false,"persist_us":1004,"persists":8,"scan_steps":48,"scan_us":188705,"step_max_us":90820,"step_us":5052272,"steps":56},"kind":"sample","us":34207378320}
2026-09-23 17:56:02: ACTION[Server]: [pregen_diag] {"data":{"cursor":489,"gap_us":679773,"hi":{"x":3567,"y":47,"z":-3153},"id":490,"lo":{"x":3488,"y":-32,"z":-3232},"selection":{"index":490,"inner":0,"x":3488,"y_max":-32,"y_min":-32,"z":-3232}},"kind":"dispatch","us":34208013400}
2026-09-23 17:56:02: ACTION[Emerge-0]: [pregen_diag] {"data":{"actions":{"2":60760,"4":490},"cursor":490,"duration_us":222277,"id":490},"kind":"complete","us":34208235678}
2026-09-23 17:56:03: ACTION[Server]: [pregen_diag] {"data":{"cursor":490,"gap_us":766813,"hi":{"x":3647,"y":47,"z":-3153},"id":491,"lo":{"x":3568,"y":-32,"z":-3232},"selection":{"index":491,"inner":0,"x":3568,"y_max":-32,"y_min":-32,"z":-3232}},"kind":"dispatch","us":34209002491}
2026-09-23 17:56:03: ACTION[Emerge-0]: [pregen_diag] {"data":{"actions":{"2":60884,"4":491},"cursor":491,"duration_us":227444,"id":491},"kind":"complete","us":34209229935}
2026-09-23 17:56:04: ACTION[Server]: [pregen_diag] {"data":{"cursor":491,"gap_us":765120,"hi":{"x":3727,"y":47,"z":-3153},"id":492,"lo":{"x":3648,"y":-32,"z":-3232},"selection":{"index":492,"inner":0,"x":3648,"y_max":-32,"y_min":-32,"z":-3232}},"kind":"dispatch","us":34209995055}
2026-09-23 17:56:04: ACTION[Emerge-0]: [pregen_diag] {"data":{"actions":{"2":61008,"4":492},"cursor":492,"duration_us":223275,"id":492},"kind":"complete","us":34210218331}
2026-09-23 17:56:04: ACTION[Server]: [pregen_diag] {"data":{"cursor":492,"gap_us":226051,"hi":{"x":3807,"y":47,"z":-3153},"id":493,"lo":{"x":3728,"y":-32,"z":-3232},"selection":{"index":493,"inner":0,"x":3728,"y_max":-32,"y_min":-32,"z":-3232}},"kind":"dispatch","us":34210444381}
2026-09-23 17:56:04: ACTION[Emerge-0]: [pregen_diag] {"data":{"actions":{"2":61132,"4":493},"cursor":493,"duration_us":184259,"id":493},"kind":"complete","us":34210628641}
2026-09-23 17:56:04: ACTION[Server]: [pregen_diag] {"data":{"cursor":493,"gap_us":176589,"hi":{"x":3887,"y":47,"z":-3153},"id":494,"lo":{"x":3808,"y":-32,"z":-3232},"selection":{"index":494,"inner":0,"x":3808,"y_max":-32,"y_min":-32,"z":-3232}},"kind":"dispatch","us":34210805229}
2026-09-23 17:56:05: ACTION[Emerge-0]: [pregen_diag] {"data":{"actions":{"2":61256,"4":494},"cursor":494,"duration_us":183110,"id":494},"kind":"complete","us":34210988340}
2026-09-23 17:56:05: ACTION[Server]: [pregen_diag] {"data":{"cursor":494,"gap_us":178310,"hi":{"x":3967,"y":47,"z":-3153},"id":495,"lo":{"x":3888,"y":-32,"z":-3232},"selection":{"index":495,"inner":0,"x":3888,"y_max":-32,"y_min":-32,"z":-3232}},"kind":"dispatch","us":34211166649}
2026-09-23 17:56:05: ACTION[Emerge-0]: [pregen_diag] {"data":{"actions":{"2":61380,"4":495},"cursor":495,"duration_us":177206,"id":495},"kind":"complete","us":34211343855}
2026-09-23 17:56:05: ACTION[Server]: [pregen_diag] {"data":{"cursor":495,"gap_us":95444,"hi":{"x":-3873,"y":47,"z":-3073},"id":496,"lo":{"x":-3952,"y":-32,"z":-3152},"selection":{"index":496,"inner":0,"x":-3952,"y_max":-32,"y_min":-32,"z":-3152}},"kind":"dispatch","us":34211439298}
2026-09-23 17:56:05: ACTION[Emerge-0]: [pregen_diag] {"data":{"actions":{"2":61504,"4":496},"cursor":496,"duration_us":176976,"id":496},"kind":"complete","us":34211616275}
2026-09-23 17:56:05: ACTION[Server]: [pregen_diag] {"data":{"cursor":496,"gap_us":93364,"hi":{"x":-3793,"y":47,"z":-3073},"id":497,"lo":{"x":-3872,"y":-32,"z":-3152},"selection":{"index":497,"inner":0,"x":-3872,"y_max":-32,"y_min":-32,"z":-3152}},"kind":"dispatch","us":34211709639}
2026-09-23 17:56:06: ACTION[Emerge-0]: [pregen_diag] {"data":{"actions":{"2":61628,"4":497},"cursor":497,"duration_us":177459,"id":497},"kind":"complete","us":34211887099}
2026-09-23 17:56:06: ACTION[Server]: [pregen_diag] {"data":{"cursor":497,"gap_us":364245,"hi":{"x":-3713,"y":47,"z":-3073},"id":498,"lo":{"x":-3792,"y":-32,"z":-3152},"selection":{"index":498,"inner":0,"x":-3792,"y_max":-32,"y_min":-32,"z":-3152}},"kind":"dispatch","us":34212251343}
2026-09-23 17:56:06: ACTION[Server]: [pregen_diag] {"data":{"actions":{"2":61628,"4":497},"callbacks":62125,"cursor":497,"dispatches":498,"failed":false,"pending":true,"persist_us":1357,"persists":17,"scan_steps":42,"scan_us":147145,"selection":{"index":498,"inner":0,"x":-3792,"y_max":-32,"y_min":-32,"z":-3152},"step_max_us":92676,"step_us":5052402,"steps":56},"kind":"sample","us":34212430723}
2026-09-23 17:56:06: ACTION[Emerge-0]: [pregen_diag] {"data":{"actions":{"2":61752,"4":498},"cursor":498,"duration_us":205452,"id":498},"kind":"complete","us":34212456795}
2026-09-23 17:56:07: ACTION[Server]: [pregen_diag] {"data":{"cursor":498,"gap_us":787137,"hi":{"x":-3633,"y":47,"z":-3073},"id":499,"lo":{"x":-3712,"y":-32,"z":-3152},"selection":{"index":499,"inner":0,"x":-3712,"y_max":-32,"y_min":-32,"z":-3152}},"kind":"dispatch","us":34213243932}
2026-09-23 17:56:07: ACTION[Emerge-0]: [pregen_diag] {"data":{"actions":{"2":61876,"4":499},"cursor":499,"duration_us":227294,"id":499},"kind":"complete","us":34213471227}
2026-09-23 17:56:08: ACTION[Server]: [pregen_diag] {"data":{"cursor":499,"gap_us":764838,"hi":{"x":-3553,"y":47,"z":-3073},"id":500,"lo":{"x":-3632,"y":-32,"z":-3152},"selection":{"index":500,"inner":0,"x":-3632,"y_max":-32,"y_min":-32,"z":-3152}},"kind":"dispatch","us":34214236063}
2026-09-23 17:56:08: ACTION[Emerge-0]: [pregen_diag] {"data":{"actions":{"2":62000,"4":500},"cursor":500,"duration_us":226369,"id":500},"kind":"complete","us":34214462434}
2026-09-23 17:56:09: ACTION[Server]: [pregen_diag] {"data":{"cursor":500,"gap_us":764361,"hi":{"x":-3473,"y":47,"z":-3073},"id":501,"lo":{"x":-3552,"y":-32,"z":-3152},"selection":{"index":501,"inner":0,"x":-3552,"y_max":-32,"y_min":-32,"z":-3152}},"kind":"dispatch","us":34215226793}
2026-09-23 17:56:09: ACTION[Emerge-0]: [pregen_diag] {"data":{"actions":{"2":62124,"4":501},"cursor":501,"duration_us":230174,"id":501},"kind":"complete","us":34215456969}
2026-09-23 17:56:10: ACTION[Server]: [pregen_diag] {"data":{"cursor":501,"gap_us":763274,"hi":{"x":-3393,"y":47,"z":-3073},"id":502,"lo":{"x":-3472,"y":-32,"z":-3152},"selection":{"index":502,"inner":0,"x":-3472,"y_max":-32,"y_min":-32,"z":-3152}},"kind":"dispatch","us":34216220242}
2026-09-23 17:56:10: ACTION[Emerge-0]: [pregen_diag] {"data":{"actions":{"2":62248,"4":502},"cursor":502,"duration_us":219916,"id":502},"kind":"complete","us":34216440158}
2026-09-23 17:56:11: ACTION[Server]: [pregen_diag] {"data":{"cursor":502,"gap_us":772097,"hi":{"x":-3313,"y":47,"z":-3073},"id":503,"lo":{"x":-3392,"y":-32,"z":-3152},"selection":{"index":503,"inner":0,"x":-3392,"y_max":-32,"y_min":-32,"z":-3152}},"kind":"dispatch","us":34217212255}
2026-09-23 17:56:11: ACTION[Emerge-0]: [pregen_diag] {"data":{"actions":{"2":62372,"4":503},"cursor":503,"duration_us":218377,"id":503},"kind":"complete","us":34217430632}
2026-09-23 17:56:11: ACTION[Server]: [pregen_diag] {"data":{"actions":{"2":62372,"4":503},"callbacks":62875,"cursor":503,"dispatches":503,"failed":false,"pending":false,"persist_us":910,"persists":11,"scan_steps":45,"scan_us":167205,"step_max_us":90952,"step_us":5050912,"steps":56},"kind":"sample","us":34217481635}
2026-09-23 17:56:12: ACTION[Server]: [pregen_diag] {"data":{"cursor":503,"gap_us":774652,"hi":{"x":-3233,"y":47,"z":-3073},"id":504,"lo":{"x":-3312,"y":-32,"z":-3152},"selection":{"index":504,"inner":0,"x":-3312,"y_max":-32,"y_min":-32,"z":-3152}},"kind":"dispatch","us":34218205284}
2026-09-23 17:56:12: ACTION[Emerge-0]: [pregen_diag] {"data":{"actions":{"2":62496,"4":504},"cursor":504,"duration_us":217455,"id":504},"kind":"complete","us":34218422739}
2026-09-23 17:56:13: ACTION[Server]: [pregen_diag] {"data":{"cursor":504,"gap_us":776378,"hi":{"x":-3153,"y":47,"z":-3073},"id":505,"lo":{"x":-3232,"y":-32,"z":-3152},"selection":{"index":505,"inner":0,"x":-3232,"y_max":-32,"y_min":-32,"z":-3152}},"kind":"dispatch","us":34219199117}
2026-09-23 17:56:13: ACTION[Emerge-0]: [pregen_diag] {"data":{"actions":{"2":62620,"4":505},"cursor":505,"duration_us":216165,"id":505},"kind":"complete","us":34219415283}
2026-09-23 17:56:14: ACTION[Server]: [pregen_diag] {"data":{"cursor":505,"gap_us":773509,"hi":{"x":-3073,"y":47,"z":-3073},"id":506,"lo":{"x":-3152,"y":-32,"z":-3152},"selection":{"index":506,"inner":0,"x":-3152,"y_max":-32,"y_min":-32,"z":-3152}},"kind":"dispatch","us":34220188791}
2026-09-23 17:56:14: ACTION[Emerge-0]: [pregen_diag] {"data":{"actions":{"2":62744,"4":506},"cursor":506,"duration_us":219165,"id":506},"kind":"complete","us":34220407956}
2026-09-23 17:56:15: ACTION[Server]: [pregen_diag] {"data":{"cursor":506,"gap_us":773879,"hi":{"x":-2993,"y":47,"z":-3073},"id":507,"lo":{"x":-3072,"y":-32,"z":-3152},"selection":{"index":507,"inner":0,"x":-3072,"y_max":-32,"y_min":-32,"z":-3152}},"kind":"dispatch","us":34221181835}
2026-09-23 17:56:15: ACTION[Emerge-0]: [pregen_diag] {"data":{"actions":{"2":62868,"4":507},"cursor":507,"duration_us":222900,"id":507},"kind":"complete","us":34221404735}
2026-09-23 17:56:16: ACTION[Server]: [pregen_diag] {"data":{"cursor":507,"gap_us":770045,"hi":{"x":-2913,"y":47,"z":-3073},"id":508,"lo":{"x":-2992,"y":-32,"z":-3152},"selection":{"index":508,"inner":0,"x":-2992,"y_max":-32,"y_min":-32,"z":-3152}},"kind":"dispatch","us":34222174780}
2026-09-23 17:56:16: ACTION[Emerge-0]: [pregen_diag] {"data":{"actions":{"2":62992,"4":508},"cursor":508,"duration_us":226690,"id":508},"kind":"complete","us":34222401470}
2026-09-23 17:56:16: ACTION[Server]: [pregen_diag] {"data":{"actions":{"2":62992,"4":508},"callbacks":63500,"cursor":508,"dispatches":508,"failed":false,"pending":false,"persist_us":802,"persists":10,"scan":{"bottom":-10,"index":509,"inner":0,"next_x":-2844,"next_z":-3147,"top":34,"x":-2912,"x_max":-2829,"x_min":-2916,"z":-3152,"z_max":-3069,"z_min":-3156},"scan_steps":46,"scan_us":177151,"step_max_us":90910,"step_us":5050716,"steps":56},"kind":"sample","us":34222532350}
2026-09-23 17:56:17: ACTION[Server]: [pregen_diag] {"data":{"cursor":508,"gap_us":765203,"hi":{"x":-2833,"y":47,"z":-3073},"id":509,"lo":{"x":-2912,"y":-32,"z":-3152},"selection":{"index":509,"inner":0,"x":-2912,"y_max":-32,"y_min":-32,"z":-3152}},"kind":"dispatch","us":34223166673}
2026-09-23 17:56:17: ACTION[Emerge-0]: [pregen_diag] {"data":{"actions":{"2":63116,"4":509},"cursor":509,"duration_us":229445,"id":509},"kind":"complete","us":34223396118}
2026-09-23 17:56:18: ACTION[Server]: [pregen_diag] {"data":{"cursor":509,"gap_us":760909,"hi":{"x":-2753,"y":47,"z":-3073},"id":510,"lo":{"x":-2832,"y":-32,"z":-3152},"selection":{"index":510,"inner":0,"x":-2832,"y_max":-32,"y_min":-32,"z":-3152}},"kind":"dispatch","us":34224157027}
2026-09-23 17:56:18: ACTION[Emerge-0]: [pregen_diag] {"data":{"actions":{"2":63240,"4":510},"cursor":510,"duration_us":224816,"id":510},"kind":"complete","us":34224381843}
2026-09-23 17:56:19: ACTION[Server]: [pregen_diag] {"data":{"cursor":510,"gap_us":769025,"hi":{"x":-2673,"y":47,"z":-3073},"id":511,"lo":{"x":-2752,"y":-32,"z":-3152},"selection":{"index":511,"inner":0,"x":-2752,"y_max":-32,"y_min":-32,"z":-3152}},"kind":"dispatch","us":34225150871}
2026-09-23 17:56:19: ACTION[Emerge-0]: [pregen_diag] {"data":{"actions":{"2":63364,"4":511},"cursor":511,"duration_us":223281,"id":511},"kind":"complete","us":34225374150}
2026-09-23 17:56:20: ACTION[Server]: [pregen_diag] {"data":{"cursor":511,"gap_us":768497,"hi":{"x":-2593,"y":47,"z":-3073},"id":512,"lo":{"x":-2672,"y":-32,"z":-3152},"selection":{"index":512,"inner":0,"x":-2672,"y_max":-32,"y_min":-32,"z":-3152}},"kind":"dispatch","us":34226142646}
2026-09-23 17:56:20: ACTION[Emerge-0]: [pregen_diag] {"data":{"actions":{"2":63488,"4":512},"cursor":512,"duration_us":218478,"id":512},"kind":"complete","us":34226361125}
2026-09-23 17:56:21: ACTION[Server]: [pregen_diag] {"data":{"cursor":512,"gap_us":772208,"hi":{"x":-2513,"y":47,"z":-3073},"id":513,"lo":{"x":-2592,"y":-32,"z":-3152},"selection":{"index":513,"inner":0,"x":-2592,"y_max":-32,"y_min":-32,"z":-3152}},"kind":"dispatch","us":34227133332}
2026-09-23 17:56:21: ACTION[Emerge-0]: [pregen_diag] {"data":{"actions":{"2":63612,"4":513},"cursor":513,"duration_us":218117,"id":513},"kind":"complete","us":34227351450}
2026-09-23 17:56:21: ACTION[Server]: [pregen_diag] {"data":{"actions":{"2":63612,"4":513},"callbacks":64125,"cursor":513,"dispatches":513,"failed":false,"pending":false,"persist_us":872,"persists":10,"scan":{"bottom":-10,"index":514,"inner":0,"next_x":-2476,"next_z":-3135,"top":34,"x":-2512,"x_max":-2429,"x_min":-2516,"z":-3152,"z_max":-3069,"z_min":-3156},"scan_steps":46,"scan_us":172103,"step_max_us":90996,"step_us":5051654,"steps":56},"kind":"sample","us":34227584004}
2026-09-23 17:56:22: ACTION[Server]: [pregen_diag] {"data":{"cursor":513,"gap_us":774555,"hi":{"x":-2433,"y":47,"z":-3073},"id":514,"lo":{"x":-2512,"y":-32,"z":-3152},"selection":{"index":514,"inner":0,"x":-2512,"y_max":-32,"y_min":-32,"z":-3152}},"kind":"dispatch","us":34228126003}
2026-09-23 17:56:22: ACTION[Emerge-0]: [pregen_diag] {"data":{"actions":{"2":63736,"4":514},"cursor":514,"duration_us":220716,"id":514},"kind":"complete","us":34228346720}
2026-09-23 17:56:23: ACTION[Server]: [pregen_diag] {"data":{"cursor":514,"gap_us":683679,"hi":{"x":-2353,"y":47,"z":-3073},"id":515,"lo":{"x":-2432,"y":-32,"z":-3152},"selection":{"index":515,"inner":0,"x":-2432,"y_max":-32,"y_min":-32,"z":-3152}},"kind":"dispatch","us":34229030398}
2026-09-23 17:56:23: ACTION[Emerge-0]: [pregen_diag] {"data":{"actions":{"2":63860,"4":515},"cursor":515,"duration_us":221227,"id":515},"kind":"complete","us":34229251626}
2026-09-23 17:56:24: ACTION[Server]: [pregen_diag] {"data":{"cursor":515,"gap_us":768678,"hi":{"x":-2273,"y":47,"z":-3073},"id":516,"lo":{"x":-2352,"y":-32,"z":-3152},"selection":{"index":516,"inner":0,"x":-2352,"y_max":-32,"y_min":-32,"z":-3152}},"kind":"dispatch","us":34230020303}
2026-09-23 17:56:24: ACTION[Emerge-0]: [pregen_diag] {"data":{"actions":{"2":63984,"4":516},"cursor":516,"duration_us":219644,"id":516},"kind":"complete","us":34230239948}
2026-09-23 17:56:25: ACTION[Server]: [pregen_diag] {"data":{"cursor":516,"gap_us":774310,"hi":{"x":-2193,"y":47,"z":-3073},"id":517,"lo":{"x":-2272,"y":-32,"z":-3152},"selection":{"index":517,"inner":0,"x":-2272,"y_max":-32,"y_min":-32,"z":-3152}},"kind":"dispatch","us":34231014258}
2026-09-23 17:56:25: ACTION[Emerge-0]: [pregen_diag] {"data":{"actions":{"2":64108,"4":517},"cursor":517,"duration_us":223730,"id":517},"kind":"complete","us":34231237988}
2026-09-23 17:56:26: ACTION[Server]: [pregen_diag] {"data":{"cursor":517,"gap_us":769111,"hi":{"x":-2113,"y":47,"z":-3073},"id":518,"lo":{"x":-2192,"y":-32,"z":-3152},"selection":{"index":518,"inner":0,"x":-2192,"y_max":-32,"y_min":-32,"z":-3152}},"kind":"dispatch","us":34232007099}
2026-09-23 17:56:26: ACTION[Emerge-0]: [pregen_diag] {"data":{"actions":{"2":64232,"4":518},"cursor":518,"duration_us":232902,"id":518},"kind":"complete","us":34232240001}
2026-09-23 17:56:26: ACTION[Server]: [pregen_diag] {"data":{"actions":{"2":64232,"4":518},"callbacks":64750,"cursor":518,"dispatches":518,"failed":false,"pending":false,"persist_us":928,"persists":10,"scan":{"bottom":-10,"index":519,"inner":0,"next_x":-2116,"next_z":-3116,"top":34,"x":-2112,"x_max":-2029,"x_min":-2116,"z":-3152,"z_max":-3069,"z_min":-3156},"scan_steps":46,"scan_us":174738,"step_max_us":90827,"step_us":5051018,"steps":56},"kind":"sample","us":34232635021}
2026-09-23 17:56:27: ACTION[Server]: [pregen_diag] {"data":{"cursor":518,"gap_us":759046,"hi":{"x":-2033,"y":47,"z":-3073},"id":519,"lo":{"x":-2112,"y":-32,"z":-3152},"selection":{"index":519,"inner":0,"x":-2112,"y_max":-32,"y_min":-32,"z":-3152}},"kind":"dispatch","us":34232999047}
2026-09-23 17:56:27: ACTION[Emerge-0]: [pregen_diag] {"data":{"actions":{"2":64356,"4":519},"cursor":519,"duration_us":221681,"id":519},"kind":"complete","us":34233220728}
2026-09-23 17:56:28: ACTION[Server]: [pregen_diag] {"data":{"cursor":519,"gap_us":768328,"hi":{"x":-1953,"y":47,"z":-3073},"id":520,"lo":{"x":-2032,"y":-32,"z":-3152},"selection":{"index":520,"inner":0,"x":-2032,"y_max":-32,"y_min":-32,"z":-3152}},"kind":"dispatch","us":34233989056}
2026-09-23 17:56:28: ACTION[Emerge-0]: [pregen_diag] {"data":{"actions":{"2":64480,"4":520},"cursor":520,"duration_us":219117,"id":520},"kind":"complete","us":34234208173}
2026-09-23 17:56:29: ACTION[Server]: [pregen_diag] {"data":{"cursor":520,"gap_us":773291,"hi":{"x":-1873,"y":47,"z":-3073},"id":521,"lo":{"x":-1952,"y":-32,"z":-3152},"selection":{"index":521,"inner":0,"x":-1952,"y_max":-32,"y_min":-32,"z":-3152}},"kind":"dispatch","us":34234981464}
2026-09-23 17:56:29: ACTION[Emerge-0]: [pregen_diag] {"data":{"actions":{"2":64604,"4":521},"cursor":521,"duration_us":224085,"id":521},"kind":"complete","us":34235205549}
2026-09-23 17:56:30: ACTION[Server]: [pregen_diag] {"data":{"cursor":521,"gap_us":768039,"hi":{"x":-1793,"y":47,"z":-3073},"id":522,"lo":{"x":-1872,"y":-32,"z":-3152},"selection":{"index":522,"inner":0,"x":-1872,"y_max":-32,"y_min":-32,"z":-3152}},"kind":"dispatch","us":34235973588}
2026-09-23 17:56:30: ACTION[Emerge-0]: [pregen_diag] {"data":{"actions":{"2":64728,"4":522},"cursor":522,"duration_us":230109,"id":522},"kind":"complete","us":34236203697}
2026-09-23 17:56:31: ACTION[Server]: [pregen_diag] {"data":{"cursor":522,"gap_us":762837,"hi":{"x":-1713,"y":47,"z":-3073},"id":523,"lo":{"x":-1792,"y":-32,"z":-3152},"selection":{"index":523,"inner":0,"x":-1792,"y_max":-32,"y_min":-32,"z":-3152}},"kind":"dispatch","us":34236966534}
2026-09-23 17:56:31: ACTION[Emerge-0]: [pregen_diag] {"data":{"actions":{"2":64852,"4":523},"cursor":523,"duration_us":254917,"id":523},"kind":"complete","us":34237221451}
2026-09-23 17:56:31: ACTION[Server]: [pregen_diag] {"data":{"actions":{"2":64852,"4":523},"callbacks":65375,"cursor":523,"dispatches":523,"failed":false,"pending":false,"persist_us":789,"persists":10,"scan":{"bottom":-10,"index":524,"inner":0,"next_x":-1700,"next_z":-3106,"top":34,"x":-1712,"x_max":-1629,"x_min":-1716,"z":-3152,"z_max":-3069,"z_min":-3156},"scan_steps":46,"scan_us":172685,"step_max_us":90953,"step_us":5050611,"steps":56},"kind":"sample","us":34237685632}
2026-09-23 17:56:32: ACTION[Server]: [pregen_diag] {"data":{"cursor":523,"gap_us":737859,"hi":{"x":-1633,"y":47,"z":-3073},"id":524,"lo":{"x":-1712,"y":-32,"z":-3152},"selection":{"index":524,"inner":0,"x":-1712,"y_max":-32,"y_min":-32,"z":-3152}},"kind":"dispatch","us":34237959310}
2026-09-23 17:56:32: ACTION[Emerge-0]: [pregen_diag] {"data":{"actions":{"2":64976,"4":524},"cursor":524,"duration_us":255402,"id":524},"kind":"complete","us":34238214712}
2026-09-23 17:56:33: ACTION[Server]: [pregen_diag] {"data":{"cursor":524,"gap_us":826119,"hi":{"x":-1553,"y":47,"z":-3073},"id":525,"lo":{"x":-1632,"y":-32,"z":-3152},"selection":{"index":525,"inner":0,"x":-1632,"y_max":-32,"y_min":-32,"z":-3152}},"kind":"dispatch","us":34239040832}
2026-09-23 17:56:33: ACTION[Emerge-0]: [pregen_diag] {"data":{"actions":{"2":65100,"4":525},"cursor":525,"duration_us":256808,"id":525},"kind":"complete","us":34239297639}
2026-09-23 17:56:34: ACTION[Server]: [pregen_diag] {"data":{"cursor":525,"gap_us":736540,"hi":{"x":-1473,"y":47,"z":-3073},"id":526,"lo":{"x":-1552,"y":-32,"z":-3152},"selection":{"index":526,"inner":0,"x":-1552,"y_max":-32,"y_min":-32,"z":-3152}},"kind":"dispatch","us":34240034179}
2026-09-23 17:56:34: ACTION[Emerge-0]: [pregen_diag] {"data":{"actions":{"2":65224,"4":526},"cursor":526,"duration_us":254636,"id":526},"kind":"complete","us":34240288815}
2026-09-23 17:56:35: ACTION[Server]: [pregen_diag] {"data":{"cursor":526,"gap_us":647853,"hi":{"x":-1393,"y":47,"z":-3073},"id":527,"lo":{"x":-1472,"y":-32,"z":-3152},"selection":{"index":527,"inner":0,"x":-1472,"y_max":-32,"y_min":-32,"z":-3152}},"kind":"dispatch","us":34240936668}
2026-09-23 17:56:35: ACTION[Emerge-0]: [pregen_diag] {"data":{"actions":{"2":65348,"4":527},"cursor":527,"duration_us":252902,"id":527},"kind":"complete","us":34241189570}
2026-09-23 17:56:36: ACTION[Server]: [pregen_diag] {"data":{"cursor":527,"gap_us":737269,"hi":{"x":-1313,"y":47,"z":-3073},"id":528,"lo":{"x":-1392,"y":-32,"z":-3152},"selection":{"index":528,"inner":0,"x":-1392,"y_max":-32,"y_min":-32,"z":-3152}},"kind":"dispatch","us":34241926839}
2026-09-23 17:56:36: ACTION[Emerge-0]: [pregen_diag] {"data":{"actions":{"2":65472,"4":528},"cursor":528,"duration_us":257364,"id":528},"kind":"complete","us":34242184203}
2026-09-23 17:56:36: ACTION[Server]: [pregen_diag] {"data":{"actions":{"2":65472,"4":528},"callbacks":66000,"cursor":528,"dispatches":528,"failed":false,"pending":false,"persist_us":871,"persists":10,"scan":{"bottom":-10,"index":529,"inner":0,"next_x":-1252,"next_z":-3086,"top":34,"x":-1312,"x_max":-1229,"x_min":-1316,"z":-3152,"z_max":-3069,"z_min":-3156},"scan_steps":46,"scan_us":173630,"step_max_us":90878,"step_us":5052935,"steps":56},"kind":"sample","us":34242738568}
2026-09-23 17:56:36: ACTION[Server]: [pregen_diag] {"data":{"cursor":528,"gap_us":647595,"hi":{"x":-1233,"y":47,"z":-3073},"id":529,"lo":{"x":-1312,"y":-32,"z":-3152},"selection":{"index":529,"inner":0,"x":-1312,"y_max":-32,"y_min":-32,"z":-3152}},"kind":"dispatch","us":34242831798}
2026-09-23 17:56:37: ACTION[Emerge-0]: [pregen_diag] {"data":{"actions":{"2":65596,"4":529},"cursor":529,"duration_us":262287,"id":529},"kind":"complete","us":34243094085}
2026-09-23 17:56:37: ACTION[Server]: [pregen_diag] {"data":{"cursor":529,"gap_us":640406,"hi":{"x":-1153,"y":47,"z":-3073},"id":530,"lo":{"x":-1232,"y":-32,"z":-3152},"selection":{"index":530,"inner":0,"x":-1232,"y_max":-32,"y_min":-32,"z":-3152}},"kind":"dispatch","us":34243734490}
2026-09-23 17:56:38: ACTION[Emerge-0]: [pregen_diag] {"data":{"actions":{"2":65720,"4":530},"cursor":530,"duration_us":260572,"id":530},"kind":"complete","us":34243995063}
2026-09-23 17:56:38: ACTION[Server]: [pregen_diag] {"data":{"cursor":530,"gap_us":641006,"hi":{"x":-1073,"y":47,"z":-3073},"id":531,"lo":{"x":-1152,"y":-32,"z":-3152},"selection":{"index":531,"inner":0,"x":-1152,"y_max":-32,"y_min":-32,"z":-3152}},"kind":"dispatch","us":34244636069}
2026-09-23 17:56:39: ACTION[Emerge-0]: [pregen_diag] {"data":{"actions":{"2":65844,"4":531},"cursor":531,"duration_us":257822,"id":531},"kind":"complete","us":34244893891}
2026-09-23 17:56:39: ACTION[Server]: [pregen_diag] {"data":{"cursor":531,"gap_us":644097,"hi":{"x":-993,"y":47,"z":-3073},"id":532,"lo":{"x":-1072,"y":-32,"z":-3152},"selection":{"index":532,"inner":0,"x":-1072,"y_max":-32,"y_min":-32,"z":-3152}},"kind":"dispatch","us":34245537987}
2026-09-23 17:56:39: ACTION[Emerge-0]: [pregen_diag] {"data":{"actions":{"2":65968,"4":532},"cursor":532,"duration_us":252964,"id":532},"kind":"complete","us":34245790952}
2026-09-23 17:56:40: ACTION[Server]: [pregen_diag] {"data":{"cursor":532,"gap_us":561089,"hi":{"x":-913,"y":47,"z":-3073},"id":533,"lo":{"x":-992,"y":-32,"z":-3152},"selection":{"index":533,"inner":0,"x":-992,"y_max":-32,"y_min":-32,"z":-3152}},"kind":"dispatch","us":34246352041}
2026-09-23 17:56:40: ACTION[Emerge-0]: [pregen_diag] {"data":{"actions":{"2":66092,"4":533},"cursor":533,"duration_us":248276,"id":533},"kind":"complete","us":34246600317}
2026-09-23 17:56:41: ACTION[Server]: [pregen_diag] {"data":{"cursor":533,"gap_us":562651,"hi":{"x":-833,"y":47,"z":-3073},"id":534,"lo":{"x":-912,"y":-32,"z":-3152},"selection":{"index":534,"inner":0,"x":-912,"y_max":-32,"y_min":-32,"z":-3152}},"kind":"dispatch","us":34247162968}
2026-09-23 17:56:41: ACTION[Emerge-0]: [pregen_diag] {"data":{"actions":{"2":66216,"4":534},"cursor":534,"duration_us":247358,"id":534},"kind":"complete","us":34247410326}
2026-09-23 17:56:41: ACTION[Server]: [pregen_diag] {"data":{"actions":{"2":66216,"4":534},"callbacks":66750,"cursor":534,"dispatches":534,"failed":false,"pending":false,"persist_us":952,"persists":12,"scan":{"bottom":-10,"index":535,"inner":0,"next_x":-788,"next_z":-3106,"top":34,"x":-832,"x_max":-749,"x_min":-836,"z":-3152,"z_max":-3069,"z_min":-3156},"scan_steps":44,"scan_us":170128,"step_max_us":92072,"step_us":5052325,"steps":56},"kind":"sample","us":34247790892}
2026-09-23 17:56:42: ACTION[Server]: [pregen_diag] {"data":{"cursor":534,"gap_us":565302,"hi":{"x":-753,"y":47,"z":-3073},"id":535,"lo":{"x":-832,"y":-32,"z":-3152},"selection":{"index":535,"inner":0,"x":-832,"y_max":-32,"y_min":-32,"z":-3152}},"kind":"dispatch","us":34247975628}
2026-09-23 17:56:42: ACTION[Emerge-0]: [pregen_diag] {"data":{"actions":{"2":66340,"4":535},"cursor":535,"duration_us":250024,"id":535},"kind":"complete","us":34248225652}
2026-09-23 17:56:43: ACTION[Server]: [pregen_diag] {"data":{"cursor":535,"gap_us":651568,"hi":{"x":-673,"y":47,"z":-3073},"id":536,"lo":{"x":-752,"y":-32,"z":-3152},"selection":{"index":536,"inner":0,"x":-752,"y_max":-32,"y_min":-32,"z":-3152}},"kind":"dispatch","us":34248877219}
2026-09-23 17:56:43: ACTION[Emerge-0]: [pregen_diag] {"data":{"actions":{"2":66464,"4":536},"cursor":536,"duration_us":258635,"id":536},"kind":"complete","us":34249135855}
2026-09-23 17:56:43: ACTION[Server]: [pregen_diag] {"data":{"cursor":536,"gap_us":644228,"hi":{"x":-593,"y":47,"z":-3073},"id":537,"lo":{"x":-672,"y":-32,"z":-3152},"selection":{"index":537,"inner":0,"x":-672,"y_max":-32,"y_min":-32,"z":-3152}},"kind":"dispatch","us":34249780084}
2026-09-23 17:56:44: ACTION[Emerge-0]: [pregen_diag] {"data":{"actions":{"2":66588,"4":537},"cursor":537,"duration_us":260716,"id":537},"kind":"complete","us":34250040799}
2026-09-23 17:56:44: ACTION[Server]: [pregen_diag] {"data":{"cursor":537,"gap_us":640285,"hi":{"x":-513,"y":47,"z":-3073},"id":538,"lo":{"x":-592,"y":-32,"z":-3152},"selection":{"index":538,"inner":0,"x":-592,"y_max":-32,"y_min":-32,"z":-3152}},"kind":"dispatch","us":34250681084}
2026-09-23 17:56:45: ACTION[Emerge-0]: [pregen_diag] {"data":{"actions":{"2":66712,"4":538},"cursor":538,"duration_us":264183,"id":538},"kind":"complete","us":34250945267}
2026-09-23 17:56:45: ACTION[Server]: [pregen_diag] {"data":{"cursor":538,"gap_us":639621,"hi":{"x":-433,"y":47,"z":-3073},"id":539,"lo":{"x":-512,"y":-32,"z":-3152},"selection":{"index":539,"inner":0,"x":-512,"y_max":-32,"y_min":-32,"z":-3152}},"kind":"dispatch","us":34251584888}
2026-09-23 17:56:46: ACTION[Emerge-0]: [pregen_diag] {"data":{"actions":{"2":66836,"4":539},"cursor":539,"duration_us":260899,"id":539},"kind":"complete","us":34251845787}
2026-09-23 17:56:46: ACTION[Server]: [pregen_diag] {"data":{"cursor":539,"gap_us":641177,"hi":{"x":-353,"y":47,"z":-3073},"id":540,"lo":{"x":-432,"y":-32,"z":-3152},"selection":{"index":540,"inner":0,"x":-432,"y_max":-32,"y_min":-32,"z":-3152}},"kind":"dispatch","us":34252486964}
2026-09-23 17:56:46: ACTION[Emerge-0]: [pregen_diag] {"data":{"actions":{"2":66960,"4":540},"cursor":540,"duration_us":253665,"id":540},"kind":"complete","us":34252740630}
2026-09-23 17:56:47: ACTION[Server]: [pregen_diag] {"data":{"actions":{"2":66960,"4":540},"callbacks":67500,"cursor":540,"dispatches":540,"failed":false,"pending":false,"persist_us":989,"persists":12,"scan":{"bottom":-10,"index":541,"inner":0,"next_x":-340,"next_z":-3146,"top":34,"x":-352,"x_max":-269,"x_min":-356,"z":-3152,"z_max":-3069,"z_min":-3156},"scan_steps":44,"scan_us":173139,"step_max_us":92106,"step_us":5053613,"steps":56},"kind":"sample","us":34252844506}
2026-09-23 17:56:47: ACTION[Server]: [pregen_diag] {"data":{"cursor":540,"gap_us":825958,"hi":{"x":-273,"y":47,"z":-3073},"id":541,"lo":{"x":-352,"y":-32,"z":-3152},"selection":{"index":541,"inner":0,"x":-352,"y_max":-32,"y_min":-32,"z":-3152}},"kind":"dispatch","us":34253566587}
2026-09-23 17:56:47: ACTION[Emerge-0]: [pregen_diag] {"data":{"actions":{"2":67084,"4":541},"cursor":541,"duration_us":253087,"id":541},"kind":"complete","us":34253819674}
2026-09-23 17:56:48: ACTION[Server]: [pregen_diag] {"data":{"cursor":541,"gap_us":742418,"hi":{"x":-193,"y":47,"z":-3073},"id":542,"lo":{"x":-272,"y":-32,"z":-3152},"selection":{"index":542,"inner":0,"x":-272,"y_max":-32,"y_min":-32,"z":-3152}},"kind":"dispatch","us":34254562092}
2026-09-23 17:56:48: ACTION[Emerge-0]: [pregen_diag] {"data":{"actions":{"2":67208,"4":542},"cursor":542,"duration_us":254064,"id":542},"kind":"complete","us":34254816156}
2026-09-23 17:56:49: ACTION[Server]: [pregen_diag] {"data":{"cursor":542,"gap_us":737767,"hi":{"x":-113,"y":47,"z":-3073},"id":543,"lo":{"x":-192,"y":-32,"z":-3152},"selection":{"index":543,"inner":0,"x":-192,"y_max":-32,"y_min":-32,"z":-3152}},"kind":"dispatch","us":34255553924}
2026-09-23 17:56:49: ACTION[Emerge-0]: [pregen_diag] {"data":{"actions":{"2":67332,"4":543},"cursor":543,"duration_us":250372,"id":543},"kind":"complete","us":34255804295}
2026-09-23 17:56:50: ACTION[Server]: [pregen_diag] {"data":{"cursor":543,"gap_us":829181,"hi":{"x":-33,"y":47,"z":-3073},"id":544,"lo":{"x":-112,"y":-32,"z":-3152},"selection":{"index":544,"inner":0,"x":-112,"y_max":-32,"y_min":-32,"z":-3152}},"kind":"dispatch","us":34256633476}
2026-09-23 17:56:51: ACTION[Emerge-0]: [pregen_diag] {"data":{"actions":{"2":67456,"4":544},"cursor":544,"duration_us":231620,"id":544},"kind":"complete","us":34256865097}
2026-09-23 17:56:51: ACTION[Server]: [pregen_diag] {"data":{"cursor":544,"gap_us":763621,"hi":{"x":47,"y":47,"z":-3073},"id":545,"lo":{"x":-32,"y":-32,"z":-3152},"selection":{"index":545,"inner":0,"x":-32,"y_max":-32,"y_min":-32,"z":-3152}},"kind":"dispatch","us":34257628717}
2026-09-23 17:56:52: ACTION[Emerge-0]: [pregen_diag] {"data":{"actions":{"2":67580,"4":545},"cursor":545,"duration_us":216492,"id":545},"kind":"complete","us":34257845210}
2026-09-23 17:56:52: ACTION[Server]: [pregen_diag] {"data":{"actions":{"2":67580,"4":545},"callbacks":68125,"cursor":545,"dispatches":545,"failed":false,"pending":false,"persist_us":874,"persists":10,"scan_steps":46,"scan_us":175927,"step_max_us":90899,"step_us":5051633,"steps":56},"kind":"sample","us":34257896140}
2026-09-23 17:56:52: ACTION[Server]: [pregen_diag] {"data":{"cursor":545,"gap_us":686444,"hi":{"x":127,"y":47,"z":-3073},"id":546,"lo":{"x":48,"y":-32,"z":-3152},"selection":{"index":546,"inner":0,"x":48,"y_max":-32,"y_min":-32,"z":-3152}},"kind":"dispatch","us":34258531653}
2026-09-23 17:56:52: ACTION[Emerge-0]: [pregen_diag] {"data":{"actions":{"2":67704,"4":546},"cursor":546,"duration_us":227677,"id":546},"kind":"complete","us":34258759330}
2026-09-23 17:56:53: ACTION[Server]: [pregen_diag] {"data":{"cursor":546,"gap_us":763298,"hi":{"x":207,"y":47,"z":-3073},"id":547,"lo":{"x":128,"y":-32,"z":-3152},"selection":{"index":547,"inner":0,"x":128,"y_max":-32,"y_min":-32,"z":-3152}},"kind":"dispatch","us":34259522627}
2026-09-23 17:56:53: ACTION[Emerge-0]: [pregen_diag] {"data":{"actions":{"2":67828,"4":547},"cursor":547,"duration_us":241733,"id":547},"kind":"complete","us":34259764361}
2026-09-23 17:56:54: ACTION[Server]: [pregen_diag] {"data":{"cursor":547,"gap_us":840309,"hi":{"x":287,"y":47,"z":-3073},"id":548,"lo":{"x":208,"y":-32,"z":-3152},"selection":{"index":548,"inner":0,"x":208,"y_max":-32,"y_min":-32,"z":-3152}},"kind":"dispatch","us":34260604670}
2026-09-23 17:56:55: ACTION[Emerge-0]: [pregen_diag] {"data":{"actions":{"2":67952,"4":548},"cursor":548,"duration_us":250134,"id":548},"kind":"complete","us":34260854804}
2026-09-23 17:56:55: ACTION[Server]: [pregen_diag] {"data":{"cursor":548,"gap_us":742656,"hi":{"x":367,"y":47,"z":-3073},"id":549,"lo":{"x":288,"y":-32,"z":-3152},"selection":{"index":549,"inner":0,"x":288,"y_max":-32,"y_min":-32,"z":-3152}},"kind":"dispatch","us":34261597460}
2026-09-23 17:56:56: ACTION[Emerge-0]: [pregen_diag] {"data":{"actions":{"2":68076,"4":549},"cursor":549,"duration_us":263101,"id":549},"kind":"complete","us":34261860562}
2026-09-23 17:56:56: ACTION[Server]: [pregen_diag] {"data":{"cursor":549,"gap_us":728119,"hi":{"x":447,"y":47,"z":-3073},"id":550,"lo":{"x":368,"y":-32,"z":-3152},"selection":{"index":550,"inner":0,"x":368,"y_max":-32,"y_min":-32,"z":-3152}},"kind":"dispatch","us":34262588680}
2026-09-23 17:56:57: ACTION[Emerge-0]: [pregen_diag] {"data":{"actions":{"2":68200,"4":550},"cursor":550,"duration_us":262217,"id":550},"kind":"complete","us":34262850898}
2026-09-23 17:56:57: ACTION[Server]: [pregen_diag] {"data":{"actions":{"2":68200,"4":550},"callbacks":68750,"cursor":550,"dispatches":550,"failed":false,"pending":false,"persist_us":890,"persists":10,"scan":{"bottom":-10,"index":551,"inner":0,"next_x":508,"next_z":-3146,"top":34,"x":448,"x_max":531,"x_min":444,"z":-3152,"z_max":-3069,"z_min":-3156},"scan_steps":46,"scan_us":177391,"step_max_us":90988,"step_us":5052553,"steps":56},"kind":"sample","us":34262948691}
2026-09-23 17:56:57: ACTION[Server]: [pregen_diag] {"data":{"cursor":550,"gap_us":642945,"hi":{"x":527,"y":47,"z":-3073},"id":551,"lo":{"x":448,"y":-32,"z":-3152},"selection":{"index":551,"inner":0,"x":448,"y_max":-32,"y_min":-32,"z":-3152}},"kind":"dispatch","us":34263493842}
2026-09-23 17:56:57: ACTION[Emerge-0]: [pregen_diag] {"data":{"actions":{"2":68324,"4":551},"cursor":551,"duration_us":266990,"id":551},"kind":"complete","us":34263760832}
2026-09-23 17:56:58: ACTION[Server]: [pregen_diag] {"data":{"cursor":551,"gap_us":633480,"hi":{"x":607,"y":47,"z":-3073},"id":552,"lo":{"x":528,"y":-32,"z":-3152},"selection":{"index":552,"inner":0,"x":528,"y_max":-32,"y_min":-32,"z":-3152}},"kind":"dispatch","us":34264394312}
2026-09-23 17:56:58: ACTION[Emerge-0]: [pregen_diag] {"data":{"actions":{"2":68448,"4":552},"cursor":552,"duration_us":248555,"id":552},"kind":"complete","us":34264642867}
2026-09-23 17:56:59: ACTION[Server]: [pregen_diag] {"data":{"cursor":552,"gap_us":653291,"hi":{"x":687,"y":47,"z":-3073},"id":553,"lo":{"x":608,"y":-32,"z":-3152},"selection":{"index":553,"inner":0,"x":608,"y_max":-32,"y_min":-32,"z":-3152}},"kind":"dispatch","us":34265296158}
2026-09-23 17:56:59: ACTION[Emerge-0]: [pregen_diag] {"data":{"actions":{"2":68572,"4":553},"cursor":553,"duration_us":248072,"id":553},"kind":"complete","us":34265544231}
2026-09-23 17:57:00: ACTION[Server]: [pregen_diag] {"data":{"cursor":553,"gap_us":653500,"hi":{"x":767,"y":47,"z":-3073},"id":554,"lo":{"x":688,"y":-32,"z":-3152},"selection":{"index":554,"inner":0,"x":688,"y_max":-32,"y_min":-32,"z":-3152}},"kind":"dispatch","us":34266197729}
2026-09-23 17:57:00: ACTION[Emerge-0]: [pregen_diag] {"data":{"actions":{"2":68696,"4":554},"cursor":554,"duration_us":249232,"id":554},"kind":"complete","us":34266446963}
2026-09-23 17:57:01: ACTION[Server]: [pregen_diag] {"data":{"cursor":554,"gap_us":745723,"hi":{"x":847,"y":47,"z":-3073},"id":555,"lo":{"x":768,"y":-32,"z":-3152},"selection":{"index":555,"inner":0,"x":768,"y_max":-32,"y_min":-32,"z":-3152}},"kind":"dispatch","us":34267192685}
2026-09-23 17:57:01: ACTION[Emerge-0]: [pregen_diag] {"data":{"actions":{"2":68820,"4":555},"cursor":555,"duration_us":262782,"id":555},"kind":"complete","us":34267455467}
2026-09-23 17:57:02: ACTION[Server]: [pregen_diag] {"data":{"actions":{"2":68820,"4":555},"callbacks":69375,"cursor":555,"dispatches":555,"failed":false,"pending":false,"persist_us":978,"persists":10,"scan":{"bottom":-10,"index":556,"inner":0,"next_x":844,"next_z":-3112,"top":34,"x":848,"x_max":931,"x_min":844,"z":-3152,"z_max":-3069,"z_min":-3156},"scan_steps":46,"scan_us":186803,"step_max_us":92067,"step_us":5052286,"steps":56},"kind":"sample","us":34268000978}
2026-09-23 17:57:02: ACTION[Server]: [pregen_diag] {"data":{"cursor":555,"gap_us":1091629,"hi":{"x":927,"y":47,"z":-3073},"id":556,"lo":{"x":848,"y":-32,"z":-3152},"selection":{"index":556,"inner":0,"x":848,"y_max":-32,"y_min":-32,"z":-3152}},"kind":"dispatch","us":34268547096}
2026-09-23 17:57:02: ACTION[Emerge-0]: [pregen_diag] {"data":{"actions":{"2":68944,"4":556},"cursor":556,"duration_us":262231,"id":556},"kind":"complete","us":34268809327}
2026-09-23 17:57:04: ACTION[Server]: [pregen_diag] {"data":{"cursor":556,"gap_us":1452445,"hi":{"x":1007,"y":47,"z":-3073},"id":557,"lo":{"x":928,"y":-32,"z":-3152},"selection":{"index":557,"inner":0,"x":928,"y_max":-32,"y_min":-32,"z":-3152}},"kind":"dispatch","us":34270261772}
2026-09-23 17:57:04: ACTION[Emerge-0]: [pregen_diag] {"data":{"actions":{"2":69068,"4":557},"cursor":557,"duration_us":260144,"id":557},"kind":"complete","us":34270521916}
2026-09-23 17:57:06: ACTION[Server]: [pregen_diag] {"data":{"cursor":557,"gap_us":1633005,"hi":{"x":1087,"y":47,"z":-3073},"id":558,"lo":{"x":1008,"y":-32,"z":-3152},"selection":{"index":558,"inner":0,"x":1008,"y_max":-32,"y_min":-32,"z":-3152}},"kind":"dispatch","us":34272154924}
2026-09-23 17:57:06: ACTION[Emerge-0]: [pregen_diag] {"data":{"actions":{"2":69192,"4":558},"cursor":558,"duration_us":251612,"id":558},"kind":"complete","us":34272406533}
2026-09-23 17:57:07: ACTION[Server]: [pregen_diag] {"data":{"actions":{"2":69192,"4":558},"callbacks":69750,"cursor":558,"dispatches":558,"failed":false,"pending":false,"persist_us":1135,"persists":6,"scan":{"bottom":-10,"index":559,"inner":0,"next_x":1084,"next_z":-3096,"top":34,"x":1088,"x_max":1171,"x_min":1084,"z":-3152,"z_max":-3069,"z_min":-3156},"scan_steps":50,"scan_us":200456,"step_max_us":92047,"step_us":5054763,"steps":56},"kind":"sample","us":34273055741}
2026-09-23 17:57:07: ACTION[Server]: [pregen_diag] {"data":{"cursor":558,"gap_us":832104,"hi":{"x":1167,"y":47,"z":-3073},"id":559,"lo":{"x":1088,"y":-32,"z":-3152},"selection":{"index":559,"inner":0,"x":1088,"y_max":-32,"y_min":-32,"z":-3152}},"kind":"dispatch","us":34273238636}
2026-09-23 17:57:07: ACTION[Emerge-0]: [pregen_diag] {"data":{"actions":{"2":69316,"4":559},"cursor":559,"duration_us":248927,"id":559},"kind":"complete","us":34273487564}
2026-09-23 17:57:08: ACTION[Server]: [pregen_diag] {"data":{"cursor":559,"gap_us":652423,"hi":{"x":1247,"y":47,"z":-3073},"id":560,"lo":{"x":1168,"y":-32,"z":-3152},"selection":{"index":560,"inner":0,"x":1168,"y_max":-32,"y_min":-32,"z":-3152}},"kind":"dispatch","us":34274139987}
2026-09-23 17:57:08: ACTION[Emerge-0]: [pregen_diag] {"data":{"actions":{"2":69440,"4":560},"cursor":560,"duration_us":250643,"id":560},"kind":"complete","us":34274390630}
2026-09-23 17:57:09: ACTION[Server]: [pregen_diag] {"data":{"cursor":560,"gap_us":651043,"hi":{"x":1327,"y":47,"z":-3073},"id":561,"lo":{"x":1248,"y":-32,"z":-3152},"selection":{"index":561,"inner":0,"x":1248,"y_max":-32,"y_min":-32,"z":-3152}},"kind":"dispatch","us":34275041673}
2026-09-23 17:57:09: ACTION[Emerge-0]: [pregen_diag] {"data":{"actions":{"2":69564,"4":561},"cursor":561,"duration_us":243782,"id":561},"kind":"complete","us":34275285455}
2026-09-23 17:57:09: ACTION[Main]: Server: Shutting down
2026-09-23 17:57:10: ACTION[Main]: [pregen_diag] {"data":{"status":{"completed":561,"eta_seconds":2128.1329264705864,"failed":false,"mode":"full","percent":6.3670411985018722,"ready":false,"total":8811}},"kind":"shutdown","us":34275852712}
