# Lethariel lethariel, seed 8675309, window x 72..118 z 74..118, ground 35..35
# anchor 1800,-1500
72	25	74	default:dirt	0
73	25	74	default:dirt	0
74	25	74	default:dirt	0
75	25	74	default:dirt	0
76	25	74	default:dirt	0
77	25	74	default:dirt	0
78	25	74	default:dirt	0
79	25	74	default:dirt	0
80	25	74	default:dirt	0
81	25	74	default:dirt	0
82	25	74	default:dirt	0
83	25	74	default:dirt	0
84	25	74	default:dirt	0
85	25	74	default:dirt	0
86	25	74	default:dirt	0
87	25	74	default:dirt	0
88	25	74	default:dirt	0
89	25	74	default:dirt	0
90	25	74	default:dirt	0
91	25	74	default:dirt	0
92	25	74	default:dirt	0
93	25	74	default:dirt	0
94	25	74	default:dirt	0
95	25	74	default:dirt	0
96	25	74	default:dirt	0
97	25	74	default:dirt	0
98	25	74	default:dirt	0
99	25	74	default:dirt	0
100	25	74	default:dirt	0
101	25	74	default:dirt	0
102	25	74	default:dirt	0
103	25	74	default:dirt	0
104	25	74	default:dirt	0
105	25	74	default:dirt	0
106	25	74	default:dirt	0
107	25	74	default:dirt	0
108	25	74	default:dirt	0
109	25	74	default:dirt	0
110	25	74	default:dirt	0
111	25	74	default:dirt	0
112	25	74	default:dirt	0
113	25	74	default:dirt	0
114	25	74	default:dirt	0
115	25	74	default:dirt	0
116	25	74	default:dirt	0
117	25	74	default:dirt	0
118	25	74	default:dirt	0
72	26	74	default:dirt	0
73	26	74	default:dirt	0
74	26	74	default:dirt	0
75	26	74	default:dirt	0
76	26	74	default:dirt	0
77	26	74	default:dirt	0
78	26	74	default:dirt	0
79	26	74	default:dirt	0
80	26	74	default:dirt	0
81	26	74	default:dirt	0
82	26	74	default:dirt	0
83	26	74	default:dirt	0
84	26	74	default:dirt	0
85	26	74	default:dirt	0
86	26	74	default:dirt	0
87	26	74	default:dirt	0
88	26	74	default:dirt	0
89	26	74	default:dirt	0
90	26	74	default:dirt	0
91	26	74	default:dirt	0
92	26	74	default:dirt	0
93	26	74	default:dirt	0
94	26	74	default:dirt	0
95	26	74	default:dirt	0
96	26	74	default:dirt	0
97	26	74	default:dirt	0
98	26	74	default:dirt	0
99	26	74	default:dirt	0
100	26	74	default:dirt	0
101	26	74	default:dirt	0
102	26	74	default:dirt	0
103	26	74	default:dirt	0
104	26	74	default:dirt	0
105	26	74	default:dirt	0
106	26	74	default:dirt	0
107	26	74	default:dirt	0
108	26	74	default:dirt	0
109	26	74	default:dirt	0
110	26	74	default:dirt	0
111	26	74	default:dirt	0
112	26	74	default:dirt	0
113	26	74	default:dirt	0
114	26	74	default:dirt	0
115	26	74	default:dirt	0
116	26	74	default:dirt	0
117	26	74	default:dirt	0
118	26	74	default:dirt	0
72	27	74	default:dirt	0
73	27	74	default:dirt	0
74	27	74	default:dirt	0
75	27	74	default:dirt	0
76	27	74	default:dirt	0
77	27	74	default:dirt	0
78	27	74	default:dirt	0
79	27	74	default:dirt	0
80	27	74	default:dirt	0
81	27	74	default:dirt	0
82	27	74	default:dirt	0
83	27	74	default:dirt	0
84	27	74	default:dirt	0
85	27	74	default:dirt	0
86	27	74	default:dirt	0
87	27	74	default:dirt	0
88	27	74	default:dirt	0
89	27	74	default:dirt	0
90	27	74	default:dirt	0
91	27	74	default:dirt	0
92	27	74	default:dirt	0
93	27	74	default:dirt	0
94	27	74	default:dirt	0
95	27	74	default:dirt	0
96	27	74	default:dirt	0
97	27	74	default:dirt	0
98	27	74	default:dirt	0
99	27	74	default:dirt	0
100	27	74	default:dirt	0
101	27	74	default:dirt	0
102	27	74	default:dirt	0
103	27	74	default:dirt	0
104	27	74	default:dirt	0
105	27	74	default:dirt	0
106	27	74	default:dirt	0
107	27	74	default:dirt	0
108	27	74	default:dirt	0
109	27	74	default:dirt	0
110	27	74	default:dirt	0
111	27	74	default:dirt	0
112	27	74	default:dirt	0
113	27	74	default:dirt	0
114	27	74	default:dirt	0
115	27	74	default:dirt	0
116	27	74	default:dirt	0
117	27	74	default:dirt	0
118	27	74	default:dirt	0
72	28	74	grug_nodes:dirt_with_silver_litter	0
73	28	74	grug_nodes:dirt_with_silver_litter	0
74	28	74	grug_nodes:dirt_with_silver_litter	0
75	28	74	grug_nodes:dirt_with_silver_litter	0
76	28	74	grug_nodes:dirt_with_silver_litter	0
77	28	74	grug_nodes:dirt_with_silver_litter	0
78	28	74	grug_nodes:dirt_with_silver_litter	0
79	28	74	grug_nodes:dirt_with_silver_litter	0
80	28	74	grug_nodes:dirt_with_silver_litter	0
81	28	74	grug_nodes:dirt_with_silver_litter	0
82	28	74	grug_nodes:dirt_with_silver_litter	0
83	28	74	grug_nodes:dirt_with_silver_litter	0
84	28	74	grug_nodes:dirt_with_silver_litter	0
85	28	74	grug_nodes:dirt_with_silver_litter	0
86	28	74	grug_nodes:dirt_with_silver_litter	0
87	28	74	grug_nodes:dirt_with_silver_litter	0
88	28	74	grug_nodes:dirt_with_silver_litter	0
89	28	74	grug_nodes:dirt_with_silver_litter	0
90	28	74	grug_nodes:dirt_with_silver_litter	0
91	28	74	grug_nodes:dirt_with_silver_litter	0
92	28	74	grug_nodes:dirt_with_silver_litter	0
93	28	74	grug_nodes:dirt_with_silver_litter	0
94	28	74	grug_nodes:dirt_with_silver_litter	0
95	28	74	grug_nodes:dirt_with_silver_litter	0
96	28	74	grug_nodes:dirt_with_silver_litter	0
97	28	74	grug_nodes:dirt_with_silver_litter	0
98	28	74	grug_nodes:dirt_with_silver_litter	0
99	28	74	grug_nodes:dirt_with_silver_litter	0
100	28	74	grug_nodes:dirt_with_silver_litter	0
101	28	74	grug_nodes:dirt_with_silver_litter	0
102	28	74	grug_nodes:dirt_with_silver_litter	0
103	28	74	grug_nodes:dirt_with_silver_litter	0
104	28	74	grug_nodes:dirt_with_silver_litter	0
105	28	74	grug_nodes:dirt_with_silver_litter	0
106	28	74	grug_nodes:dirt_with_silver_litter	0
107	28	74	grug_nodes:dirt_with_silver_litter	0
108	28	74	grug_nodes:dirt_with_silver_litter	0
109	28	74	grug_nodes:dirt_with_silver_litter	0
110	28	74	grug_nodes:dirt_with_silver_litter	0
111	28	74	grug_nodes:dirt_with_silver_litter	0
112	28	74	grug_nodes:dirt_with_silver_litter	0
113	28	74	grug_nodes:dirt_with_silver_litter	0
114	28	74	grug_nodes:dirt_with_silver_litter	0
115	28	74	grug_nodes:dirt_with_silver_litter	0
116	28	74	grug_nodes:dirt_with_silver_litter	0
117	28	74	grug_nodes:dirt_with_silver_litter	0
118	28	74	grug_nodes:dirt_with_silver_litter	0
72	29	74	default:river_water_source	0
73	29	74	default:river_water_source	0
74	29	74	default:river_water_source	0
75	29	74	default:river_water_source	0
76	29	74	default:river_water_source	0
77	29	74	default:river_water_source	0
78	29	74	default:river_water_source	0
79	29	74	default:river_water_source	0
80	29	74	default:river_water_source	0
81	29	74	default:river_water_source	0
82	29	74	default:river_water_source	0
83	29	74	default:river_water_source	0
84	29	74	default:river_water_source	0
85	29	74	default:river_water_source	0
86	29	74	default:river_water_source	0
87	29	74	default:river_water_source	0
88	29	74	default:river_water_source	0
89	29	74	default:river_water_source	0
90	29	74	default:river_water_source	0
91	29	74	default:river_water_source	0
92	29	74	default:river_water_source	0
93	29	74	default:river_water_source	0
94	29	74	default:river_water_source	0
95	29	74	default:river_water_source	0
96	29	74	default:river_water_source	0
97	29	74	default:river_water_source	0
98	29	74	default:river_water_source	0
99	29	74	default:river_water_source	0
100	29	74	default:river_water_source	0
101	29	74	default:river_water_source	0
102	29	74	default:river_water_source	0
103	29	74	default:river_water_source	0
104	29	74	default:river_water_source	0
105	29	74	default:river_water_source	0
106	29	74	default:river_water_source	0
107	29	74	default:river_water_source	0
108	29	74	default:river_water_source	0
109	29	74	default:river_water_source	0
110	29	74	default:river_water_source	0
111	29	74	default:river_water_source	0
112	29	74	default:river_water_source	0
113	29	74	default:river_water_source	0
114	29	74	default:river_water_source	0
115	29	74	default:river_water_source	0
116	29	74	default:river_water_source	0
117	29	74	default:river_water_source	0
118	29	74	default:river_water_source	0
72	30	74	default:river_water_source	0
73	30	74	default:river_water_source	0
74	30	74	default:river_water_source	0
75	30	74	default:river_water_source	0
76	30	74	default:river_water_source	0
77	30	74	default:river_water_source	0
78	30	74	default:river_water_source	0
79	30	74	default:river_water_source	0
80	30	74	default:river_water_source	0
81	30	74	default:river_water_source	0
82	30	74	default:river_water_source	0
83	30	74	default:river_water_source	0
84	30	74	default:river_water_source	0
85	30	74	default:river_water_source	0
86	30	74	default:river_water_source	0
87	30	74	default:river_water_source	0
88	30	74	default:river_water_source	0
89	30	74	default:river_water_source	0
90	30	74	default:river_water_source	0
91	30	74	default:river_water_source	0
92	30	74	default:river_water_source	0
93	30	74	default:river_water_source	0
94	30	74	default:river_water_source	0
95	30	74	default:river_water_source	0
96	30	74	default:river_water_source	0
97	30	74	default:river_water_source	0
98	30	74	default:river_water_source	0
99	30	74	default:river_water_source	0
100	30	74	default:river_water_source	0
101	30	74	default:river_water_source	0
102	30	74	default:river_water_source	0
103	30	74	default:river_water_source	0
104	30	74	default:river_water_source	0
105	30	74	default:river_water_source	0
106	30	74	default:river_water_source	0
107	30	74	default:river_water_source	0
108	30	74	default:river_water_source	0
109	30	74	default:river_water_source	0
110	30	74	default:river_water_source	0
111	30	74	default:river_water_source	0
112	30	74	default:river_water_source	0
113	30	74	default:river_water_source	0
114	30	74	default:river_water_source	0
115	30	74	default:river_water_source	0
116	30	74	default:river_water_source	0
117	30	74	default:river_water_source	0
118	30	74	default:river_water_source	0
72	31	74	default:river_water_source	0
73	31	74	default:river_water_source	0
74	31	74	default:river_water_source	0
75	31	74	default:river_water_source	0
76	31	74	default:river_water_source	0
77	31	74	default:river_water_source	0
78	31	74	default:river_water_source	0
79	31	74	default:river_water_source	0
80	31	74	default:river_water_source	0
81	31	74	default:river_water_source	0
82	31	74	default:river_water_source	0
83	31	74	default:river_water_source	0
84	31	74	default:river_water_source	0
85	31	74	default:river_water_source	0
86	31	74	default:river_water_source	0
87	31	74	default:river_water_source	0
88	31	74	default:river_water_source	0
89	31	74	default:river_water_source	0
90	31	74	default:river_water_source	0
91	31	74	default:river_water_source	0
92	31	74	default:river_water_source	0
93	31	74	default:river_water_source	0
94	31	74	default:river_water_source	0
95	31	74	default:river_water_source	0
96	31	74	default:river_water_source	0
97	31	74	default:river_water_source	0
98	31	74	default:river_water_source	0
99	31	74	default:river_water_source	0
100	31	74	default:river_water_source	0
101	31	74	default:river_water_source	0
102	31	74	default:river_water_source	0
103	31	74	default:river_water_source	0
104	31	74	default:river_water_source	0
105	31	74	default:river_water_source	0
106	31	74	default:river_water_source	0
107	31	74	default:river_water_source	0
108	31	74	default:river_water_source	0
109	31	74	default:river_water_source	0
110	31	74	default:river_water_source	0
111	31	74	default:river_water_source	0
112	31	74	default:river_water_source	0
113	31	74	default:river_water_source	0
114	31	74	default:river_water_source	0
115	31	74	default:river_water_source	0
116	31	74	default:river_water_source	0
117	31	74	default:river_water_source	0
118	31	74	default:river_water_source	0
72	32	74	default:river_water_source	0
73	32	74	default:river_water_source	0
74	32	74	default:river_water_source	0
75	32	74	default:river_water_source	0
76	32	74	default:river_water_source	0
77	32	74	default:river_water_source	0
78	32	74	default:river_water_source	0
79	32	74	default:river_water_source	0
80	32	74	default:river_water_source	0
81	32	74	default:river_water_source	0
82	32	74	default:river_water_source	0
83	32	74	default:river_water_source	0
84	32	74	default:river_water_source	0
85	32	74	default:river_water_source	0
86	32	74	default:river_water_source	0
87	32	74	default:river_water_source	0
88	32	74	default:river_water_source	0
89	32	74	default:river_water_source	0
90	32	74	default:river_water_source	0
91	32	74	default:river_water_source	0
92	32	74	default:river_water_source	0
93	32	74	default:river_water_source	0
94	32	74	default:river_water_source	0
95	32	74	default:river_water_source	0
96	32	74	default:river_water_source	0
97	32	74	default:river_water_source	0
98	32	74	default:river_water_source	0
99	32	74	default:river_water_source	0
100	32	74	default:river_water_source	0
101	32	74	default:river_water_source	0
102	32	74	default:river_water_source	0
103	32	74	default:river_water_source	0
104	32	74	default:river_water_source	0
105	32	74	default:river_water_source	0
106	32	74	default:river_water_source	0
107	32	74	default:river_water_source	0
108	32	74	default:river_water_source	0
109	32	74	default:river_water_source	0
110	32	74	default:river_water_source	0
111	32	74	default:river_water_source	0
112	32	74	default:river_water_source	0
113	32	74	default:river_water_source	0
114	32	74	default:river_water_source	0
115	32	74	default:river_water_source	0
116	32	74	default:river_water_source	0
117	32	74	default:river_water_source	0
118	32	74	default:river_water_source	0
72	33	74	default:river_water_source	0
73	33	74	default:river_water_source	0
74	33	74	default:river_water_source	0
75	33	74	default:river_water_source	0
76	33	74	default:river_water_source	0
77	33	74	default:river_water_source	0
78	33	74	default:river_water_source	0
79	33	74	default:river_water_source	0
80	33	74	default:river_water_source	0
81	33	74	default:river_water_source	0
82	33	74	default:river_water_source	0
83	33	74	default:river_water_source	0
84	33	74	default:river_water_source	0
85	33	74	default:river_water_source	0
86	33	74	default:river_water_source	0
87	33	74	default:river_water_source	0
88	33	74	default:river_water_source	0
89	33	74	default:river_water_source	0
90	33	74	default:river_water_source	0
91	33	74	default:river_water_source	0
92	33	74	default:river_water_source	0
93	33	74	default:river_water_source	0
94	33	74	default:river_water_source	0
95	33	74	default:river_water_source	0
96	33	74	default:river_water_source	0
97	33	74	default:river_water_source	0
98	33	74	default:river_water_source	0
99	33	74	default:river_water_source	0
100	33	74	default:river_water_source	0
101	33	74	default:river_water_source	0
102	33	74	default:river_water_source	0
103	33	74	default:river_water_source	0
104	33	74	default:river_water_source	0
105	33	74	default:river_water_source	0
106	33	74	default:river_water_source	0
107	33	74	default:river_water_source	0
108	33	74	default:river_water_source	0
109	33	74	default:river_water_source	0
110	33	74	default:river_water_source	0
111	33	74	default:river_water_source	0
112	33	74	default:river_water_source	0
113	33	74	default:river_water_source	0
114	33	74	default:river_water_source	0
115	33	74	default:river_water_source	0
116	33	74	default:river_water_source	0
117	33	74	default:river_water_source	0
118	33	74	default:river_water_source	0
72	34	74	default:river_water_source	0
73	34	74	default:river_water_source	0
74	34	74	default:river_water_source	0
75	34	74	default:river_water_source	0
76	34	74	default:river_water_source	0
77	34	74	default:river_water_source	0
78	34	74	default:river_water_source	0
79	34	74	default:river_water_source	0
80	34	74	default:river_water_source	0
81	34	74	default:river_water_source	0
82	34	74	default:river_water_source	0
83	34	74	default:river_water_source	0
84	34	74	default:river_water_source	0
85	34	74	default:river_water_source	0
86	34	74	default:river_water_source	0
87	34	74	default:river_water_source	0
88	34	74	default:river_water_source	0
89	34	74	default:river_water_source	0
90	34	74	default:river_water_source	0
91	34	74	default:river_water_source	0
92	34	74	default:river_water_source	0
93	34	74	default:river_water_source	0
94	34	74	default:river_water_source	0
95	34	74	default:river_water_source	0
96	34	74	default:river_water_source	0
97	34	74	default:river_water_source	0
98	34	74	default:river_water_source	0
99	34	74	default:river_water_source	0
100	34	74	default:river_water_source	0
101	34	74	default:river_water_source	0
102	34	74	default:river_water_source	0
103	34	74	default:river_water_source	0
104	34	74	default:river_water_source	0
105	34	74	default:river_water_source	0
106	34	74	default:river_water_source	0
107	34	74	default:river_water_source	0
108	34	74	default:river_water_source	0
109	34	74	default:river_water_source	0
110	34	74	default:river_water_source	0
111	34	74	default:river_water_source	0
112	34	74	default:river_water_source	0
113	34	74	default:river_water_source	0
114	34	74	default:river_water_source	0
115	34	74	default:river_water_source	0
116	34	74	default:river_water_source	0
117	34	74	default:river_water_source	0
118	34	74	default:river_water_source	0
72	35	74	default:river_water_source	0
73	35	74	default:river_water_source	0
74	35	74	default:river_water_source	0
75	35	74	default:river_water_source	0
76	35	74	default:river_water_source	0
77	35	74	default:river_water_source	0
78	35	74	default:river_water_source	0
79	35	74	default:river_water_source	0
80	35	74	default:river_water_source	0
81	35	74	default:river_water_source	0
82	35	74	default:river_water_source	0
83	35	74	default:river_water_source	0
84	35	74	default:river_water_source	0
85	35	74	default:river_water_source	0
86	35	74	default:river_water_source	0
87	35	74	default:river_water_source	0
88	35	74	default:river_water_source	0
89	35	74	default:river_water_source	0
90	35	74	default:river_water_source	0
91	35	74	default:river_water_source	0
92	35	74	default:river_water_source	0
93	35	74	default:river_water_source	0
94	35	74	default:river_water_source	0
95	35	74	default:river_water_source	0
96	35	74	default:river_water_source	0
97	35	74	default:river_water_source	0
98	35	74	default:river_water_source	0
99	35	74	default:river_water_source	0
100	35	74	default:river_water_source	0
101	35	74	default:river_water_source	0
102	35	74	default:river_water_source	0
103	35	74	default:river_water_source	0
104	35	74	default:river_water_source	0
105	35	74	default:river_water_source	0
106	35	74	default:river_water_source	0
107	35	74	default:river_water_source	0
108	35	74	default:river_water_source	0
109	35	74	default:river_water_source	0
110	35	74	default:river_water_source	0
111	35	74	default:river_water_source	0
112	35	74	default:river_water_source	0
113	35	74	default:river_water_source	0
114	35	74	default:river_water_source	0
115	35	74	default:river_water_source	0
116	35	74	default:river_water_source	0
117	35	74	default:river_water_source	0
118	35	74	default:river_water_source	0
93	36	74	grug_trees:silverwood_wood	0
94	36	74	grug_decor:darkage_serpentine	0
95	36	74	grug_decor:castle_pavement_brick	0
96	36	74	grug_decor:castle_pavement_brick	0
97	36	74	grug_decor:castle_pavement_brick	0
98	36	74	grug_decor:darkage_serpentine	0
99	36	74	grug_trees:silverwood_wood	0
93	37	74	default:fence_aspen_wood	0
99	37	74	default:fence_aspen_wood	0
72	25	75	default:dirt	0
73	25	75	default:dirt	0
74	25	75	default:dirt	0
75	25	75	default:dirt	0
76	25	75	default:dirt	0
77	25	75	default:dirt	0
78	25	75	default:dirt	0
79	25	75	default:dirt	0
80	25	75	default:dirt	0
81	25	75	default:dirt	0
82	25	75	default:dirt	0
83	25	75	default:dirt	0
84	25	75	default:dirt	0
85	25	75	default:dirt	0
86	25	75	default:dirt	0
87	25	75	default:dirt	0
88	25	75	default:dirt	0
89	25	75	default:dirt	0
90	25	75	default:dirt	0
91	25	75	default:dirt	0
92	25	75	default:dirt	0
93	25	75	default:dirt	0
94	25	75	default:dirt	0
95	25	75	default:dirt	0
96	25	75	default:dirt	0
97	25	75	default:dirt	0
98	25	75	default:dirt	0
99	25	75	default:dirt	0
100	25	75	default:dirt	0
101	25	75	default:dirt	0
102	25	75	default:dirt	0
103	25	75	default:dirt	0
104	25	75	default:dirt	0
105	25	75	default:dirt	0
106	25	75	default:dirt	0
107	25	75	default:dirt	0
108	25	75	default:dirt	0
109	25	75	default:dirt	0
110	25	75	default:dirt	0
111	25	75	default:dirt	0
112	25	75	default:dirt	0
113	25	75	default:dirt	0
114	25	75	default:dirt	0
115	25	75	default:dirt	0
116	25	75	default:dirt	0
117	25	75	default:dirt	0
118	25	75	default:dirt	0
72	26	75	default:dirt	0
73	26	75	default:dirt	0
74	26	75	default:dirt	0
75	26	75	default:dirt	0
76	26	75	default:dirt	0
77	26	75	default:dirt	0
78	26	75	default:dirt	0
79	26	75	default:dirt	0
80	26	75	default:dirt	0
81	26	75	default:dirt	0
82	26	75	default:dirt	0
83	26	75	default:dirt	0
84	26	75	default:dirt	0
85	26	75	default:dirt	0
86	26	75	default:dirt	0
87	26	75	default:dirt	0
88	26	75	default:dirt	0
89	26	75	default:dirt	0
90	26	75	default:dirt	0
91	26	75	default:dirt	0
92	26	75	default:dirt	0
93	26	75	default:dirt	0
94	26	75	default:dirt	0
95	26	75	default:dirt	0
96	26	75	default:dirt	0
97	26	75	default:dirt	0
98	26	75	default:dirt	0
99	26	75	default:dirt	0
100	26	75	default:dirt	0
101	26	75	default:dirt	0
102	26	75	default:dirt	0
103	26	75	default:dirt	0
104	26	75	default:dirt	0
105	26	75	default:dirt	0
106	26	75	default:dirt	0
107	26	75	default:dirt	0
108	26	75	default:dirt	0
109	26	75	default:dirt	0
110	26	75	default:dirt	0
111	26	75	default:dirt	0
112	26	75	default:dirt	0
113	26	75	default:dirt	0
114	26	75	default:dirt	0
115	26	75	default:dirt	0
116	26	75	default:dirt	0
117	26	75	default:dirt	0
118	26	75	default:dirt	0
72	27	75	default:dirt	0
73	27	75	default:dirt	0
74	27	75	default:dirt	0
75	27	75	default:dirt	0
76	27	75	default:dirt	0
77	27	75	default:dirt	0
78	27	75	default:dirt	0
79	27	75	default:dirt	0
80	27	75	default:dirt	0
81	27	75	default:dirt	0
82	27	75	default:dirt	0
83	27	75	default:dirt	0
84	27	75	default:dirt	0
85	27	75	default:dirt	0
86	27	75	default:dirt	0
87	27	75	default:dirt	0
88	27	75	default:dirt	0
89	27	75	default:dirt	0
90	27	75	default:dirt	0
91	27	75	default:dirt	0
92	27	75	default:dirt	0
93	27	75	default:dirt	0
94	27	75	default:dirt	0
95	27	75	default:dirt	0
96	27	75	default:dirt	0
97	27	75	default:dirt	0
98	27	75	default:dirt	0
99	27	75	default:dirt	0
100	27	75	default:dirt	0
101	27	75	default:dirt	0
102	27	75	default:dirt	0
103	27	75	default:dirt	0
104	27	75	default:dirt	0
105	27	75	default:dirt	0
106	27	75	default:dirt	0
107	27	75	default:dirt	0
108	27	75	default:dirt	0
109	27	75	default:dirt	0
110	27	75	default:dirt	0
111	27	75	default:dirt	0
112	27	75	default:dirt	0
113	27	75	default:dirt	0
114	27	75	default:dirt	0
115	27	75	default:dirt	0
116	27	75	default:dirt	0
117	27	75	default:dirt	0
118	27	75	default:dirt	0
72	28	75	grug_nodes:dirt_with_silver_litter	0
73	28	75	grug_nodes:dirt_with_silver_litter	0
74	28	75	grug_nodes:dirt_with_silver_litter	0
75	28	75	grug_nodes:dirt_with_silver_litter	0
76	28	75	grug_nodes:dirt_with_silver_litter	0
77	28	75	grug_nodes:dirt_with_silver_litter	0
78	28	75	grug_nodes:dirt_with_silver_litter	0
79	28	75	grug_nodes:dirt_with_silver_litter	0
80	28	75	grug_nodes:dirt_with_silver_litter	0
81	28	75	grug_nodes:dirt_with_silver_litter	0
82	28	75	grug_nodes:dirt_with_silver_litter	0
83	28	75	grug_nodes:dirt_with_silver_litter	0
84	28	75	grug_nodes:dirt_with_silver_litter	0
85	28	75	grug_nodes:dirt_with_silver_litter	0
86	28	75	grug_nodes:dirt_with_silver_litter	0
87	28	75	grug_nodes:dirt_with_silver_litter	0
88	28	75	grug_nodes:dirt_with_silver_litter	0
89	28	75	grug_nodes:dirt_with_silver_litter	0
90	28	75	grug_nodes:dirt_with_silver_litter	0
91	28	75	grug_nodes:dirt_with_silver_litter	0
92	28	75	grug_nodes:dirt_with_silver_litter	0
93	28	75	grug_nodes:dirt_with_silver_litter	0
94	28	75	grug_nodes:dirt_with_silver_litter	0
95	28	75	grug_nodes:dirt_with_silver_litter	0
96	28	75	grug_nodes:dirt_with_silver_litter	0
97	28	75	grug_nodes:dirt_with_silver_litter	0
98	28	75	grug_nodes:dirt_with_silver_litter	0
99	28	75	grug_nodes:dirt_with_silver_litter	0
100	28	75	grug_nodes:dirt_with_silver_litter	0
101	28	75	grug_nodes:dirt_with_silver_litter	0
102	28	75	grug_nodes:dirt_with_silver_litter	0
103	28	75	grug_nodes:dirt_with_silver_litter	0
104	28	75	grug_nodes:dirt_with_silver_litter	0
105	28	75	grug_nodes:dirt_with_silver_litter	0
106	28	75	grug_nodes:dirt_with_silver_litter	0
107	28	75	grug_nodes:dirt_with_silver_litter	0
108	28	75	grug_nodes:dirt_with_silver_litter	0
109	28	75	grug_nodes:dirt_with_silver_litter	0
110	28	75	grug_nodes:dirt_with_silver_litter	0
111	28	75	grug_nodes:dirt_with_silver_litter	0
112	28	75	grug_nodes:dirt_with_silver_litter	0
113	28	75	grug_nodes:dirt_with_silver_litter	0
114	28	75	grug_nodes:dirt_with_silver_litter	0
115	28	75	grug_nodes:dirt_with_silver_litter	0
116	28	75	grug_nodes:dirt_with_silver_litter	0
117	28	75	grug_nodes:dirt_with_silver_litter	0
118	28	75	grug_nodes:dirt_with_silver_litter	0
72	29	75	default:river_water_source	0
73	29	75	default:river_water_source	0
74	29	75	default:river_water_source	0
75	29	75	default:river_water_source	0
76	29	75	default:river_water_source	0
77	29	75	default:river_water_source	0
78	29	75	default:river_water_source	0
79	29	75	default:river_water_source	0
80	29	75	default:river_water_source	0
81	29	75	default:river_water_source	0
82	29	75	default:river_water_source	0
83	29	75	default:river_water_source	0
84	29	75	default:river_water_source	0
85	29	75	default:river_water_source	0
86	29	75	default:river_water_source	0
87	29	75	default:river_water_source	0
88	29	75	default:river_water_source	0
89	29	75	default:river_water_source	0
90	29	75	default:river_water_source	0
91	29	75	default:river_water_source	0
92	29	75	default:river_water_source	0
93	29	75	default:river_water_source	0
94	29	75	default:river_water_source	0
95	29	75	default:river_water_source	0
96	29	75	default:river_water_source	0
97	29	75	default:river_water_source	0
98	29	75	default:river_water_source	0
99	29	75	default:river_water_source	0
100	29	75	default:river_water_source	0
101	29	75	default:river_water_source	0
102	29	75	default:river_water_source	0
103	29	75	default:river_water_source	0
104	29	75	default:river_water_source	0
105	29	75	default:river_water_source	0
106	29	75	default:river_water_source	0
107	29	75	default:river_water_source	0
108	29	75	default:river_water_source	0
109	29	75	default:river_water_source	0
110	29	75	default:river_water_source	0
111	29	75	default:river_water_source	0
112	29	75	default:river_water_source	0
113	29	75	default:river_water_source	0
114	29	75	default:river_water_source	0
115	29	75	default:river_water_source	0
116	29	75	default:river_water_source	0
117	29	75	default:river_water_source	0
118	29	75	default:river_water_source	0
72	30	75	default:river_water_source	0
73	30	75	default:river_water_source	0
74	30	75	default:river_water_source	0
75	30	75	default:river_water_source	0
76	30	75	default:river_water_source	0
77	30	75	default:river_water_source	0
78	30	75	default:river_water_source	0
79	30	75	default:river_water_source	0
80	30	75	default:river_water_source	0
81	30	75	default:river_water_source	0
82	30	75	default:river_water_source	0
83	30	75	default:river_water_source	0
84	30	75	default:river_water_source	0
85	30	75	default:river_water_source	0
86	30	75	default:river_water_source	0
87	30	75	default:river_water_source	0
88	30	75	default:river_water_source	0
89	30	75	default:river_water_source	0
90	30	75	default:river_water_source	0
91	30	75	default:river_water_source	0
92	30	75	default:river_water_source	0
93	30	75	default:river_water_source	0
94	30	75	default:river_water_source	0
95	30	75	default:river_water_source	0
96	30	75	default:river_water_source	0
97	30	75	default:river_water_source	0
98	30	75	default:river_water_source	0
99	30	75	default:river_water_source	0
100	30	75	default:river_water_source	0
101	30	75	default:river_water_source	0
102	30	75	default:river_water_source	0
103	30	75	default:river_water_source	0
104	30	75	default:river_water_source	0
105	30	75	default:river_water_source	0
106	30	75	default:river_water_source	0
107	30	75	default:river_water_source	0
108	30	75	default:river_water_source	0
109	30	75	default:river_water_source	0
110	30	75	default:river_water_source	0
111	30	75	default:river_water_source	0
112	30	75	default:river_water_source	0
113	30	75	default:river_water_source	0
114	30	75	default:river_water_source	0
115	30	75	default:river_water_source	0
116	30	75	default:river_water_source	0
117	30	75	default:river_water_source	0
118	30	75	default:river_water_source	0
72	31	75	default:river_water_source	0
73	31	75	default:river_water_source	0
74	31	75	default:river_water_source	0
75	31	75	default:river_water_source	0
76	31	75	default:river_water_source	0
77	31	75	default:river_water_source	0
78	31	75	default:river_water_source	0
79	31	75	default:river_water_source	0
80	31	75	default:river_water_source	0
81	31	75	default:river_water_source	0
82	31	75	default:river_water_source	0
83	31	75	default:river_water_source	0
84	31	75	default:river_water_source	0
85	31	75	default:river_water_source	0
86	31	75	default:river_water_source	0
87	31	75	default:river_water_source	0
88	31	75	default:river_water_source	0
89	31	75	default:river_water_source	0
90	31	75	default:river_water_source	0
91	31	75	default:river_water_source	0
92	31	75	default:river_water_source	0
93	31	75	default:river_water_source	0
94	31	75	default:river_water_source	0
95	31	75	default:river_water_source	0
96	31	75	default:river_water_source	0
97	31	75	default:river_water_source	0
98	31	75	default:river_water_source	0
99	31	75	default:river_water_source	0
100	31	75	default:river_water_source	0
101	31	75	default:river_water_source	0
102	31	75	default:river_water_source	0
103	31	75	default:river_water_source	0
104	31	75	default:river_water_source	0
105	31	75	default:river_water_source	0
106	31	75	default:river_water_source	0
107	31	75	default:river_water_source	0
108	31	75	default:river_water_source	0
109	31	75	default:river_water_source	0
110	31	75	default:river_water_source	0
111	31	75	default:river_water_source	0
112	31	75	default:river_water_source	0
113	31	75	default:river_water_source	0
114	31	75	default:river_water_source	0
115	31	75	default:river_water_source	0
116	31	75	default:river_water_source	0
117	31	75	default:river_water_source	0
118	31	75	default:river_water_source	0
72	32	75	default:river_water_source	0
73	32	75	default:river_water_source	0
74	32	75	default:river_water_source	0
75	32	75	default:river_water_source	0
76	32	75	default:river_water_source	0
77	32	75	default:river_water_source	0
78	32	75	default:river_water_source	0
79	32	75	default:river_water_source	0
80	32	75	default:river_water_source	0
81	32	75	default:river_water_source	0
82	32	75	default:river_water_source	0
83	32	75	default:river_water_source	0
84	32	75	default:river_water_source	0
85	32	75	default:river_water_source	0
86	32	75	default:river_water_source	0
87	32	75	default:river_water_source	0
88	32	75	default:river_water_source	0
89	32	75	default:river_water_source	0
90	32	75	default:river_water_source	0
91	32	75	default:river_water_source	0
92	32	75	default:river_water_source	0
93	32	75	default:river_water_source	0
94	32	75	default:river_water_source	0
95	32	75	default:river_water_source	0
96	32	75	default:river_water_source	0
97	32	75	default:river_water_source	0
98	32	75	default:river_water_source	0
99	32	75	default:river_water_source	0
100	32	75	default:river_water_source	0
101	32	75	default:river_water_source	0
102	32	75	default:river_water_source	0
103	32	75	default:river_water_source	0
104	32	75	default:river_water_source	0
105	32	75	default:river_water_source	0
106	32	75	default:river_water_source	0
107	32	75	default:river_water_source	0
108	32	75	default:river_water_source	0
109	32	75	default:river_water_source	0
110	32	75	default:river_water_source	0
111	32	75	default:river_water_source	0
112	32	75	default:river_water_source	0
113	32	75	default:river_water_source	0
114	32	75	default:river_water_source	0
115	32	75	default:river_water_source	0
116	32	75	default:river_water_source	0
117	32	75	default:river_water_source	0
118	32	75	default:river_water_source	0
72	33	75	default:river_water_source	0
73	33	75	default:river_water_source	0
74	33	75	default:river_water_source	0
75	33	75	default:river_water_source	0
76	33	75	default:river_water_source	0
77	33	75	default:river_water_source	0
78	33	75	default:river_water_source	0
79	33	75	default:river_water_source	0
80	33	75	default:river_water_source	0
81	33	75	default:river_water_source	0
82	33	75	default:river_water_source	0
83	33	75	default:river_water_source	0
84	33	75	default:river_water_source	0
85	33	75	default:river_water_source	0
86	33	75	default:river_water_source	0
87	33	75	default:river_water_source	0
88	33	75	default:river_water_source	0
89	33	75	default:river_water_source	0
90	33	75	default:river_water_source	0
91	33	75	default:river_water_source	0
92	33	75	default:river_water_source	0
93	33	75	default:river_water_source	0
94	33	75	default:river_water_source	0
95	33	75	default:river_water_source	0
96	33	75	default:river_water_source	0
97	33	75	default:river_water_source	0
98	33	75	default:river_water_source	0
99	33	75	default:river_water_source	0
100	33	75	default:river_water_source	0
101	33	75	default:river_water_source	0
102	33	75	default:river_water_source	0
103	33	75	default:river_water_source	0
104	33	75	default:river_water_source	0
105	33	75	default:river_water_source	0
106	33	75	default:river_water_source	0
107	33	75	default:river_water_source	0
108	33	75	default:river_water_source	0
109	33	75	default:river_water_source	0
110	33	75	default:river_water_source	0
111	33	75	default:river_water_source	0
112	33	75	default:river_water_source	0
113	33	75	default:river_water_source	0
114	33	75	default:river_water_source	0
115	33	75	default:river_water_source	0
116	33	75	default:river_water_source	0
117	33	75	default:river_water_source	0
118	33	75	default:river_water_source	0
72	34	75	default:river_water_source	0
73	34	75	default:river_water_source	0
74	34	75	default:river_water_source	0
75	34	75	default:river_water_source	0
76	34	75	default:river_water_source	0
77	34	75	default:river_water_source	0
78	34	75	default:river_water_source	0
79	34	75	default:river_water_source	0
80	34	75	default:river_water_source	0
81	34	75	default:river_water_source	0
82	34	75	default:river_water_source	0
83	34	75	default:river_water_source	0
84	34	75	default:river_water_source	0
85	34	75	default:river_water_source	0
86	34	75	default:river_water_source	0
87	34	75	default:river_water_source	0
88	34	75	default:river_water_source	0
89	34	75	default:river_water_source	0
90	34	75	default:river_water_source	0
91	34	75	default:river_water_source	0
92	34	75	default:river_water_source	0
93	34	75	default:river_water_source	0
94	34	75	default:river_water_source	0
95	34	75	default:river_water_source	0
96	34	75	default:river_water_source	0
97	34	75	default:river_water_source	0
98	34	75	default:river_water_source	0
99	34	75	default:river_water_source	0
100	34	75	default:river_water_source	0
101	34	75	default:river_water_source	0
102	34	75	default:river_water_source	0
103	34	75	default:river_water_source	0
104	34	75	default:river_water_source	0
105	34	75	default:river_water_source	0
106	34	75	default:river_water_source	0
107	34	75	default:river_water_source	0
108	34	75	default:river_water_source	0
109	34	75	default:river_water_source	0
110	34	75	default:river_water_source	0
111	34	75	default:river_water_source	0
112	34	75	default:river_water_source	0
113	34	75	default:river_water_source	0
114	34	75	default:river_water_source	0
115	34	75	default:river_water_source	0
116	34	75	default:river_water_source	0
117	34	75	default:river_water_source	0
118	34	75	default:river_water_source	0
72	35	75	default:river_water_source	0
73	35	75	default:river_water_source	0
74	35	75	default:river_water_source	0
75	35	75	default:river_water_source	0
76	35	75	default:river_water_source	0
77	35	75	default:river_water_source	0
78	35	75	default:river_water_source	0
79	35	75	default:river_water_source	0
80	35	75	default:river_water_source	0
81	35	75	default:river_water_source	0
82	35	75	default:river_water_source	0
83	35	75	default:river_water_source	0
84	35	75	default:river_water_source	0
85	35	75	default:river_water_source	0
86	35	75	default:river_water_source	0
87	35	75	default:river_water_source	0
88	35	75	default:river_water_source	0
89	35	75	default:river_water_source	0
90	35	75	default:river_water_source	0
91	35	75	default:river_water_source	0
92	35	75	default:river_water_source	0
93	35	75	default:river_water_source	0
94	35	75	default:river_water_source	0
95	35	75	default:river_water_source	0
96	35	75	default:river_water_source	0
97	35	75	default:river_water_source	0
98	35	75	default:river_water_source	0
99	35	75	default:river_water_source	0
100	35	75	default:river_water_source	0
101	35	75	default:river_water_source	0
102	35	75	default:river_water_source	0
103	35	75	default:river_water_source	0
104	35	75	default:river_water_source	0
105	35	75	default:river_water_source	0
106	35	75	default:river_water_source	0
107	35	75	default:river_water_source	0
108	35	75	default:river_water_source	0
109	35	75	default:river_water_source	0
110	35	75	default:river_water_source	0
111	35	75	default:river_water_source	0
112	35	75	default:river_water_source	0
113	35	75	default:river_water_source	0
114	35	75	default:river_water_source	0
115	35	75	default:river_water_source	0
116	35	75	default:river_water_source	0
117	35	75	default:river_water_source	0
118	35	75	default:river_water_source	0
93	36	75	grug_trees:silverwood_wood	0
94	36	75	grug_decor:darkage_serpentine	0
95	36	75	grug_decor:castle_pavement_brick	0
96	36	75	grug_decor:castle_pavement_brick	0
97	36	75	grug_decor:castle_pavement_brick	0
98	36	75	grug_decor:darkage_serpentine	0
99	36	75	grug_trees:silverwood_wood	0
93	37	75	default:fence_aspen_wood	0
99	37	75	default:fence_aspen_wood	0
72	25	76	default:dirt	0
73	25	76	default:dirt	0
74	25	76	default:dirt	0
75	25	76	default:dirt	0
76	25	76	default:dirt	0
77	25	76	default:dirt	0
78	25	76	default:dirt	0
79	25	76	default:dirt	0
80	25	76	default:dirt	0
81	25	76	default:dirt	0
82	25	76	default:dirt	0
83	25	76	default:dirt	0
84	25	76	default:dirt	0
85	25	76	default:dirt	0
86	25	76	default:dirt	0
87	25	76	default:dirt	0
88	25	76	default:dirt	0
89	25	76	default:dirt	0
90	25	76	default:dirt	0
91	25	76	default:dirt	0
92	25	76	default:dirt	0
93	25	76	default:dirt	0
94	25	76	default:dirt	0
95	25	76	default:dirt	0
96	25	76	default:dirt	0
97	25	76	default:dirt	0
98	25	76	default:dirt	0
99	25	76	default:dirt	0
100	25	76	default:dirt	0
101	25	76	default:dirt	0
102	25	76	default:dirt	0
103	25	76	default:dirt	0
104	25	76	default:dirt	0
105	25	76	default:dirt	0
106	25	76	default:dirt	0
107	25	76	default:dirt	0
108	25	76	default:dirt	0
109	25	76	default:dirt	0
110	25	76	default:dirt	0
111	25	76	default:dirt	0
112	25	76	default:dirt	0
113	25	76	default:dirt	0
114	25	76	default:dirt	0
115	25	76	default:dirt	0
116	25	76	default:dirt	0
117	25	76	default:dirt	0
118	25	76	default:dirt	0
72	26	76	default:dirt	0
73	26	76	default:dirt	0
74	26	76	default:dirt	0
75	26	76	default:dirt	0
76	26	76	default:dirt	0
77	26	76	default:dirt	0
78	26	76	default:dirt	0
79	26	76	default:dirt	0
80	26	76	default:dirt	0
81	26	76	default:dirt	0
82	26	76	default:dirt	0
83	26	76	default:dirt	0
84	26	76	default:dirt	0
85	26	76	default:dirt	0
86	26	76	default:dirt	0
87	26	76	default:dirt	0
88	26	76	default:dirt	0
89	26	76	default:dirt	0
90	26	76	default:dirt	0
91	26	76	default:dirt	0
92	26	76	default:dirt	0
93	26	76	default:dirt	0
94	26	76	default:dirt	0
95	26	76	default:dirt	0
96	26	76	default:dirt	0
97	26	76	default:dirt	0
98	26	76	default:dirt	0
99	26	76	default:dirt	0
100	26	76	default:dirt	0
101	26	76	default:dirt	0
102	26	76	default:dirt	0
103	26	76	default:dirt	0
104	26	76	default:dirt	0
105	26	76	default:dirt	0
106	26	76	default:dirt	0
107	26	76	default:dirt	0
108	26	76	default:dirt	0
109	26	76	default:dirt	0
110	26	76	default:dirt	0
111	26	76	default:dirt	0
112	26	76	default:dirt	0
113	26	76	default:dirt	0
114	26	76	default:dirt	0
115	26	76	default:dirt	0
116	26	76	default:dirt	0
117	26	76	default:dirt	0
118	26	76	default:dirt	0
72	27	76	default:dirt	0
73	27	76	default:dirt	0
74	27	76	default:dirt	0
75	27	76	default:dirt	0
76	27	76	default:dirt	0
77	27	76	default:dirt	0
78	27	76	default:dirt	0
79	27	76	default:dirt	0
80	27	76	default:dirt	0
81	27	76	default:dirt	0
82	27	76	default:dirt	0
83	27	76	default:dirt	0
84	27	76	default:dirt	0
85	27	76	default:dirt	0
86	27	76	default:dirt	0
87	27	76	default:dirt	0
88	27	76	default:dirt	0
89	27	76	default:dirt	0
90	27	76	default:dirt	0
91	27	76	default:dirt	0
92	27	76	default:dirt	0
93	27	76	default:dirt	0
94	27	76	default:dirt	0
95	27	76	default:dirt	0
96	27	76	default:dirt	0
97	27	76	default:dirt	0
98	27	76	default:dirt	0
99	27	76	default:dirt	0
100	27	76	default:dirt	0
101	27	76	default:dirt	0
102	27	76	default:dirt	0
103	27	76	default:dirt	0
104	27	76	default:dirt	0
105	27	76	default:dirt	0
106	27	76	default:dirt	0
107	27	76	default:dirt	0
108	27	76	default:dirt	0
109	27	76	default:dirt	0
110	27	76	default:dirt	0
111	27	76	default:dirt	0
112	27	76	default:dirt	0
113	27	76	default:dirt	0
114	27	76	default:dirt	0
115	27	76	default:dirt	0
116	27	76	default:dirt	0
117	27	76	default:dirt	0
118	27	76	default:dirt	0
72	28	76	grug_nodes:dirt_with_silver_litter	0
73	28	76	grug_nodes:dirt_with_silver_litter	0
74	28	76	grug_nodes:dirt_with_silver_litter	0
75	28	76	grug_nodes:dirt_with_silver_litter	0
76	28	76	grug_nodes:dirt_with_silver_litter	0
77	28	76	grug_nodes:dirt_with_silver_litter	0
78	28	76	grug_nodes:dirt_with_silver_litter	0
79	28	76	grug_nodes:dirt_with_silver_litter	0
80	28	76	grug_nodes:dirt_with_silver_litter	0
81	28	76	grug_nodes:dirt_with_silver_litter	0
82	28	76	grug_nodes:dirt_with_silver_litter	0
83	28	76	grug_nodes:dirt_with_silver_litter	0
84	28	76	grug_nodes:dirt_with_silver_litter	0
85	28	76	grug_nodes:dirt_with_silver_litter	0
86	28	76	grug_nodes:dirt_with_silver_litter	0
87	28	76	grug_nodes:dirt_with_silver_litter	0
88	28	76	grug_nodes:dirt_with_silver_litter	0
89	28	76	grug_nodes:dirt_with_silver_litter	0
90	28	76	grug_nodes:dirt_with_silver_litter	0
91	28	76	grug_nodes:dirt_with_silver_litter	0
92	28	76	grug_nodes:dirt_with_silver_litter	0
93	28	76	grug_nodes:dirt_with_silver_litter	0
94	28	76	grug_nodes:dirt_with_silver_litter	0
95	28	76	grug_nodes:dirt_with_silver_litter	0
96	28	76	grug_nodes:dirt_with_silver_litter	0
97	28	76	grug_nodes:dirt_with_silver_litter	0
98	28	76	grug_nodes:dirt_with_silver_litter	0
99	28	76	grug_nodes:dirt_with_silver_litter	0
100	28	76	grug_nodes:dirt_with_silver_litter	0
101	28	76	grug_nodes:dirt_with_silver_litter	0
102	28	76	grug_nodes:dirt_with_silver_litter	0
103	28	76	grug_nodes:dirt_with_silver_litter	0
104	28	76	grug_nodes:dirt_with_silver_litter	0
105	28	76	grug_nodes:dirt_with_silver_litter	0
106	28	76	grug_nodes:dirt_with_silver_litter	0
107	28	76	grug_nodes:dirt_with_silver_litter	0
108	28	76	grug_nodes:dirt_with_silver_litter	0
109	28	76	grug_nodes:dirt_with_silver_litter	0
110	28	76	grug_nodes:dirt_with_silver_litter	0
111	28	76	grug_nodes:dirt_with_silver_litter	0
112	28	76	grug_nodes:dirt_with_silver_litter	0
113	28	76	grug_nodes:dirt_with_silver_litter	0
114	28	76	grug_nodes:dirt_with_silver_litter	0
115	28	76	grug_nodes:dirt_with_silver_litter	0
116	28	76	grug_nodes:dirt_with_silver_litter	0
117	28	76	grug_nodes:dirt_with_silver_litter	0
118	28	76	grug_nodes:dirt_with_silver_litter	0
72	29	76	default:river_water_source	0
73	29	76	default:river_water_source	0
74	29	76	default:river_water_source	0
75	29	76	default:river_water_source	0
76	29	76	default:river_water_source	0
77	29	76	default:river_water_source	0
78	29	76	default:river_water_source	0
79	29	76	default:river_water_source	0
80	29	76	default:river_water_source	0
81	29	76	default:river_water_source	0
82	29	76	default:river_water_source	0
83	29	76	default:river_water_source	0
84	29	76	default:river_water_source	0
85	29	76	default:river_water_source	0
86	29	76	default:river_water_source	0
87	29	76	default:river_water_source	0
88	29	76	default:river_water_source	0
89	29	76	default:river_water_source	0
90	29	76	default:river_water_source	0
91	29	76	default:river_water_source	0
92	29	76	default:river_water_source	0
93	29	76	default:river_water_source	0
94	29	76	default:river_water_source	0
95	29	76	default:river_water_source	0
96	29	76	default:river_water_source	0
97	29	76	default:river_water_source	0
98	29	76	default:river_water_source	0
99	29	76	default:river_water_source	0
100	29	76	default:river_water_source	0
101	29	76	default:river_water_source	0
102	29	76	default:river_water_source	0
103	29	76	default:river_water_source	0
104	29	76	default:river_water_source	0
105	29	76	default:river_water_source	0
106	29	76	default:river_water_source	0
107	29	76	default:river_water_source	0
108	29	76	default:river_water_source	0
109	29	76	default:river_water_source	0
110	29	76	default:river_water_source	0
111	29	76	default:river_water_source	0
112	29	76	default:river_water_source	0
113	29	76	default:river_water_source	0
114	29	76	default:river_water_source	0
115	29	76	default:river_water_source	0
116	29	76	default:river_water_source	0
117	29	76	default:river_water_source	0
118	29	76	default:river_water_source	0
72	30	76	default:river_water_source	0
73	30	76	default:river_water_source	0
74	30	76	default:river_water_source	0
75	30	76	default:river_water_source	0
76	30	76	default:river_water_source	0
77	30	76	default:river_water_source	0
78	30	76	default:river_water_source	0
79	30	76	default:river_water_source	0
80	30	76	default:river_water_source	0
81	30	76	default:river_water_source	0
82	30	76	default:river_water_source	0
83	30	76	default:river_water_source	0
84	30	76	default:river_water_source	0
85	30	76	default:river_water_source	0
86	30	76	default:river_water_source	0
87	30	76	default:river_water_source	0
88	30	76	default:river_water_source	0
89	30	76	default:river_water_source	0
90	30	76	default:river_water_source	0
91	30	76	default:river_water_source	0
92	30	76	default:river_water_source	0
93	30	76	default:river_water_source	0
94	30	76	default:river_water_source	0
95	30	76	default:river_water_source	0
96	30	76	default:river_water_source	0
97	30	76	default:river_water_source	0
98	30	76	default:river_water_source	0
99	30	76	default:river_water_source	0
100	30	76	default:river_water_source	0
101	30	76	default:river_water_source	0
102	30	76	default:river_water_source	0
103	30	76	default:river_water_source	0
104	30	76	default:river_water_source	0
105	30	76	default:river_water_source	0
106	30	76	default:river_water_source	0
107	30	76	default:river_water_source	0
108	30	76	default:river_water_source	0
109	30	76	default:river_water_source	0
110	30	76	default:river_water_source	0
111	30	76	default:river_water_source	0
112	30	76	default:river_water_source	0
113	30	76	default:river_water_source	0
114	30	76	default:river_water_source	0
115	30	76	default:river_water_source	0
116	30	76	default:river_water_source	0
117	30	76	default:river_water_source	0
118	30	76	default:river_water_source	0
72	31	76	default:river_water_source	0
73	31	76	default:river_water_source	0
74	31	76	default:river_water_source	0
75	31	76	default:river_water_source	0
76	31	76	default:river_water_source	0
77	31	76	default:river_water_source	0
78	31	76	default:river_water_source	0
79	31	76	default:river_water_source	0
80	31	76	default:river_water_source	0
81	31	76	default:river_water_source	0
82	31	76	default:river_water_source	0
83	31	76	default:river_water_source	0
84	31	76	default:river_water_source	0
85	31	76	default:river_water_source	0
86	31	76	default:river_water_source	0
87	31	76	default:river_water_source	0
88	31	76	default:river_water_source	0
89	31	76	default:river_water_source	0
90	31	76	default:river_water_source	0
91	31	76	default:river_water_source	0
92	31	76	default:river_water_source	0
93	31	76	default:river_water_source	0
94	31	76	default:river_water_source	0
95	31	76	default:river_water_source	0
96	31	76	default:river_water_source	0
97	31	76	default:river_water_source	0
98	31	76	default:river_water_source	0
99	31	76	default:river_water_source	0
100	31	76	default:river_water_source	0
101	31	76	default:river_water_source	0
102	31	76	default:river_water_source	0
103	31	76	default:river_water_source	0
104	31	76	default:river_water_source	0
105	31	76	default:river_water_source	0
106	31	76	default:river_water_source	0
107	31	76	default:river_water_source	0
108	31	76	default:river_water_source	0
109	31	76	default:river_water_source	0
110	31	76	default:river_water_source	0
111	31	76	default:river_water_source	0
112	31	76	default:river_water_source	0
113	31	76	default:river_water_source	0
114	31	76	default:river_water_source	0
115	31	76	default:river_water_source	0
116	31	76	default:river_water_source	0
117	31	76	default:river_water_source	0
118	31	76	default:river_water_source	0
72	32	76	default:river_water_source	0
73	32	76	default:river_water_source	0
74	32	76	default:river_water_source	0
75	32	76	default:river_water_source	0
76	32	76	default:river_water_source	0
77	32	76	default:river_water_source	0
78	32	76	default:river_water_source	0
79	32	76	default:river_water_source	0
80	32	76	default:river_water_source	0
81	32	76	default:river_water_source	0
82	32	76	default:river_water_source	0
83	32	76	default:river_water_source	0
84	32	76	default:river_water_source	0
85	32	76	default:river_water_source	0
86	32	76	default:river_water_source	0
87	32	76	default:river_water_source	0
88	32	76	default:river_water_source	0
89	32	76	default:river_water_source	0
90	32	76	default:river_water_source	0
91	32	76	default:river_water_source	0
92	32	76	default:river_water_source	0
93	32	76	default:river_water_source	0
94	32	76	default:river_water_source	0
95	32	76	default:river_water_source	0
96	32	76	default:river_water_source	0
97	32	76	default:river_water_source	0
98	32	76	default:river_water_source	0
99	32	76	default:river_water_source	0
100	32	76	default:river_water_source	0
101	32	76	default:river_water_source	0
102	32	76	default:river_water_source	0
103	32	76	default:river_water_source	0
104	32	76	default:river_water_source	0
105	32	76	default:river_water_source	0
106	32	76	default:river_water_source	0
107	32	76	default:river_water_source	0
108	32	76	default:river_water_source	0
109	32	76	default:river_water_source	0
110	32	76	default:river_water_source	0
111	32	76	default:river_water_source	0
112	32	76	default:river_water_source	0
113	32	76	default:river_water_source	0
114	32	76	default:river_water_source	0
115	32	76	default:river_water_source	0
116	32	76	default:river_water_source	0
117	32	76	default:river_water_source	0
118	32	76	default:river_water_source	0
72	33	76	default:river_water_source	0
73	33	76	default:river_water_source	0
74	33	76	default:river_water_source	0
75	33	76	default:river_water_source	0
76	33	76	default:river_water_source	0
77	33	76	default:river_water_source	0
78	33	76	default:river_water_source	0
79	33	76	default:river_water_source	0
80	33	76	default:river_water_source	0
81	33	76	default:river_water_source	0
82	33	76	default:river_water_source	0
83	33	76	default:river_water_source	0
84	33	76	default:river_water_source	0
85	33	76	default:river_water_source	0
86	33	76	default:river_water_source	0
87	33	76	default:river_water_source	0
88	33	76	default:river_water_source	0
89	33	76	default:river_water_source	0
90	33	76	default:river_water_source	0
91	33	76	default:river_water_source	0
92	33	76	default:river_water_source	0
93	33	76	default:river_water_source	0
94	33	76	default:river_water_source	0
95	33	76	default:river_water_source	0
96	33	76	default:river_water_source	0
97	33	76	default:river_water_source	0
98	33	76	default:river_water_source	0
99	33	76	default:river_water_source	0
100	33	76	default:river_water_source	0
101	33	76	default:river_water_source	0
102	33	76	default:river_water_source	0
103	33	76	default:river_water_source	0
104	33	76	default:river_water_source	0
105	33	76	default:river_water_source	0
106	33	76	default:river_water_source	0
107	33	76	default:river_water_source	0
108	33	76	default:river_water_source	0
109	33	76	default:river_water_source	0
110	33	76	default:river_water_source	0
111	33	76	default:river_water_source	0
112	33	76	default:river_water_source	0
113	33	76	default:river_water_source	0
114	33	76	default:river_water_source	0
115	33	76	default:river_water_source	0
116	33	76	default:river_water_source	0
117	33	76	default:river_water_source	0
118	33	76	default:river_water_source	0
72	34	76	default:river_water_source	0
73	34	76	default:river_water_source	0
74	34	76	default:river_water_source	0
75	34	76	default:river_water_source	0
76	34	76	default:river_water_source	0
77	34	76	default:river_water_source	0
78	34	76	default:river_water_source	0
79	34	76	default:river_water_source	0
80	34	76	default:river_water_source	0
81	34	76	default:river_water_source	0
82	34	76	default:river_water_source	0
83	34	76	default:river_water_source	0
84	34	76	default:river_water_source	0
85	34	76	default:river_water_source	0
86	34	76	default:river_water_source	0
87	34	76	default:river_water_source	0
88	34	76	default:river_water_source	0
89	34	76	default:river_water_source	0
90	34	76	default:river_water_source	0
91	34	76	default:river_water_source	0
92	34	76	default:river_water_source	0
93	34	76	default:river_water_source	0
94	34	76	default:river_water_source	0
95	34	76	default:river_water_source	0
96	34	76	default:river_water_source	0
97	34	76	default:river_water_source	0
98	34	76	default:river_water_source	0
99	34	76	default:river_water_source	0
100	34	76	default:river_water_source	0
101	34	76	default:river_water_source	0
102	34	76	default:river_water_source	0
103	34	76	default:river_water_source	0
104	34	76	default:river_water_source	0
105	34	76	default:river_water_source	0
106	34	76	default:river_water_source	0
107	34	76	default:river_water_source	0
108	34	76	default:river_water_source	0
109	34	76	default:river_water_source	0
110	34	76	default:river_water_source	0
111	34	76	default:river_water_source	0
112	34	76	default:river_water_source	0
113	34	76	default:river_water_source	0
114	34	76	default:river_water_source	0
115	34	76	default:river_water_source	0
116	34	76	default:river_water_source	0
117	34	76	default:river_water_source	0
118	34	76	default:river_water_source	0
72	35	76	default:river_water_source	0
73	35	76	default:river_water_source	0
74	35	76	default:river_water_source	0
75	35	76	default:river_water_source	0
76	35	76	default:river_water_source	0
77	35	76	default:river_water_source	0
78	35	76	default:river_water_source	0
79	35	76	default:river_water_source	0
80	35	76	default:river_water_source	0
81	35	76	default:river_water_source	0
82	35	76	default:river_water_source	0
83	35	76	default:river_water_source	0
84	35	76	default:river_water_source	0
85	35	76	default:river_water_source	0
86	35	76	default:river_water_source	0
87	35	76	default:river_water_source	0
88	35	76	default:river_water_source	0
89	35	76	default:river_water_source	0
90	35	76	default:river_water_source	0
91	35	76	default:river_water_source	0
92	35	76	default:river_water_source	0
93	35	76	default:river_water_source	0
94	35	76	default:river_water_source	0
95	35	76	default:river_water_source	0
96	35	76	default:river_water_source	0
97	35	76	default:river_water_source	0
98	35	76	default:river_water_source	0
99	35	76	default:river_water_source	0
100	35	76	default:river_water_source	0
101	35	76	default:river_water_source	0
102	35	76	default:river_water_source	0
103	35	76	default:river_water_source	0
104	35	76	default:river_water_source	0
105	35	76	default:river_water_source	0
106	35	76	default:river_water_source	0
107	35	76	default:river_water_source	0
108	35	76	default:river_water_source	0
109	35	76	default:river_water_source	0
110	35	76	default:river_water_source	0
111	35	76	default:river_water_source	0
112	35	76	default:river_water_source	0
113	35	76	default:river_water_source	0
114	35	76	default:river_water_source	0
115	35	76	default:river_water_source	0
116	35	76	default:river_water_source	0
117	35	76	default:river_water_source	0
118	35	76	default:river_water_source	0
93	36	76	grug_trees:silverwood_wood	0
94	36	76	grug_decor:darkage_serpentine	0
95	36	76	grug_decor:castle_pavement_brick	0
96	36	76	grug_decor:castle_pavement_brick	0
97	36	76	grug_decor:castle_pavement_brick	0
98	36	76	grug_decor:darkage_serpentine	0
99	36	76	grug_trees:silverwood_wood	0
93	37	76	default:fence_aspen_wood	0
99	37	76	default:fence_aspen_wood	0
72	25	77	default:dirt	0
73	25	77	default:dirt	0
74	25	77	default:dirt	0
75	25	77	default:dirt	0
76	25	77	default:dirt	0
77	25	77	default:dirt	0
78	25	77	default:dirt	0
79	25	77	default:dirt	0
80	25	77	default:dirt	0
81	25	77	default:dirt	0
82	25	77	default:dirt	0
83	25	77	default:dirt	0
84	25	77	default:dirt	0
85	25	77	default:dirt	0
86	25	77	default:dirt	0
87	25	77	default:dirt	0
88	25	77	default:dirt	0
89	25	77	default:dirt	0
90	25	77	default:dirt	0
91	25	77	default:dirt	0
92	25	77	default:dirt	0
93	25	77	default:dirt	0
94	25	77	default:dirt	0
95	25	77	default:dirt	0
96	25	77	default:dirt	0
97	25	77	default:dirt	0
98	25	77	default:dirt	0
99	25	77	default:dirt	0
100	25	77	default:dirt	0
101	25	77	default:dirt	0
102	25	77	default:dirt	0
103	25	77	default:dirt	0
104	25	77	default:dirt	0
105	25	77	default:dirt	0
106	25	77	default:dirt	0
107	25	77	default:dirt	0
108	25	77	default:dirt	0
109	25	77	default:dirt	0
110	25	77	default:dirt	0
111	25	77	default:dirt	0
112	25	77	default:dirt	0
113	25	77	default:dirt	0
114	25	77	default:dirt	0
115	25	77	default:dirt	0
116	25	77	default:dirt	0
117	25	77	default:dirt	0
118	25	77	default:dirt	0
72	26	77	default:dirt	0
73	26	77	default:dirt	0
74	26	77	default:dirt	0
75	26	77	default:dirt	0
76	26	77	default:dirt	0
77	26	77	default:dirt	0
78	26	77	default:dirt	0
79	26	77	default:dirt	0
80	26	77	default:dirt	0
81	26	77	default:dirt	0
82	26	77	default:dirt	0
83	26	77	default:dirt	0
84	26	77	default:dirt	0
85	26	77	default:dirt	0
86	26	77	default:dirt	0
87	26	77	default:dirt	0
88	26	77	default:dirt	0
89	26	77	default:dirt	0
90	26	77	default:dirt	0
91	26	77	default:dirt	0
92	26	77	default:dirt	0
93	26	77	default:dirt	0
94	26	77	default:dirt	0
95	26	77	default:dirt	0
96	26	77	default:dirt	0
97	26	77	default:dirt	0
98	26	77	default:dirt	0
99	26	77	default:dirt	0
100	26	77	default:dirt	0
101	26	77	default:dirt	0
102	26	77	default:dirt	0
103	26	77	default:dirt	0
104	26	77	default:dirt	0
105	26	77	default:dirt	0
106	26	77	default:dirt	0
107	26	77	default:dirt	0
108	26	77	default:dirt	0
109	26	77	default:dirt	0
110	26	77	default:dirt	0
111	26	77	default:dirt	0
112	26	77	default:dirt	0
113	26	77	default:dirt	0
114	26	77	default:dirt	0
115	26	77	default:dirt	0
116	26	77	default:dirt	0
117	26	77	default:dirt	0
118	26	77	default:dirt	0
72	27	77	default:dirt	0
73	27	77	default:dirt	0
74	27	77	default:dirt	0
75	27	77	default:dirt	0
76	27	77	default:dirt	0
77	27	77	default:dirt	0
78	27	77	default:dirt	0
79	27	77	default:dirt	0
80	27	77	default:dirt	0
81	27	77	default:dirt	0
82	27	77	default:dirt	0
83	27	77	default:dirt	0
84	27	77	default:dirt	0
85	27	77	default:dirt	0
86	27	77	default:dirt	0
87	27	77	default:dirt	0
88	27	77	default:dirt	0
89	27	77	default:dirt	0
90	27	77	default:dirt	0
91	27	77	default:dirt	0
92	27	77	default:dirt	0
93	27	77	default:dirt	0
94	27	77	default:dirt	0
95	27	77	default:dirt	0
96	27	77	default:dirt	0
97	27	77	default:dirt	0
98	27	77	default:dirt	0
99	27	77	default:dirt	0
100	27	77	default:dirt	0
101	27	77	default:dirt	0
102	27	77	default:dirt	0
103	27	77	default:dirt	0
104	27	77	default:dirt	0
105	27	77	default:dirt	0
106	27	77	default:dirt	0
107	27	77	default:dirt	0
108	27	77	default:dirt	0
109	27	77	default:dirt	0
110	27	77	default:dirt	0
111	27	77	default:dirt	0
112	27	77	default:dirt	0
113	27	77	default:dirt	0
114	27	77	default:dirt	0
115	27	77	default:dirt	0
116	27	77	default:dirt	0
117	27	77	default:dirt	0
118	27	77	default:dirt	0
72	28	77	grug_nodes:dirt_with_silver_litter	0
73	28	77	grug_nodes:dirt_with_silver_litter	0
74	28	77	grug_nodes:dirt_with_silver_litter	0
75	28	77	grug_nodes:dirt_with_silver_litter	0
76	28	77	grug_nodes:dirt_with_silver_litter	0
77	28	77	grug_nodes:dirt_with_silver_litter	0
78	28	77	grug_nodes:dirt_with_silver_litter	0
79	28	77	grug_nodes:dirt_with_silver_litter	0
80	28	77	grug_nodes:dirt_with_silver_litter	0
81	28	77	grug_nodes:dirt_with_silver_litter	0
82	28	77	grug_nodes:dirt_with_silver_litter	0
83	28	77	grug_nodes:dirt_with_silver_litter	0
84	28	77	grug_nodes:dirt_with_silver_litter	0
85	28	77	grug_nodes:dirt_with_silver_litter	0
86	28	77	grug_nodes:dirt_with_silver_litter	0
87	28	77	grug_nodes:dirt_with_silver_litter	0
88	28	77	grug_nodes:dirt_with_silver_litter	0
89	28	77	grug_nodes:dirt_with_silver_litter	0
90	28	77	grug_nodes:dirt_with_silver_litter	0
91	28	77	grug_nodes:dirt_with_silver_litter	0
92	28	77	grug_nodes:dirt_with_silver_litter	0
93	28	77	grug_nodes:dirt_with_silver_litter	0
94	28	77	grug_nodes:dirt_with_silver_litter	0
95	28	77	grug_nodes:dirt_with_silver_litter	0
96	28	77	grug_nodes:dirt_with_silver_litter	0
97	28	77	grug_nodes:dirt_with_silver_litter	0
98	28	77	grug_nodes:dirt_with_silver_litter	0
99	28	77	grug_nodes:dirt_with_silver_litter	0
100	28	77	grug_nodes:dirt_with_silver_litter	0
101	28	77	grug_nodes:dirt_with_silver_litter	0
102	28	77	grug_nodes:dirt_with_silver_litter	0
103	28	77	grug_nodes:dirt_with_silver_litter	0
104	28	77	grug_nodes:dirt_with_silver_litter	0
105	28	77	grug_nodes:dirt_with_silver_litter	0
106	28	77	grug_nodes:dirt_with_silver_litter	0
107	28	77	grug_nodes:dirt_with_silver_litter	0
108	28	77	grug_nodes:dirt_with_silver_litter	0
109	28	77	grug_nodes:dirt_with_silver_litter	0
110	28	77	grug_nodes:dirt_with_silver_litter	0
111	28	77	grug_nodes:dirt_with_silver_litter	0
112	28	77	grug_nodes:dirt_with_silver_litter	0
113	28	77	grug_nodes:dirt_with_silver_litter	0
114	28	77	grug_nodes:dirt_with_silver_litter	0
115	28	77	grug_nodes:dirt_with_silver_litter	0
116	28	77	grug_nodes:dirt_with_silver_litter	0
117	28	77	grug_nodes:dirt_with_silver_litter	0
118	28	77	grug_nodes:dirt_with_silver_litter	0
72	29	77	default:river_water_source	0
73	29	77	default:river_water_source	0
74	29	77	default:river_water_source	0
75	29	77	default:river_water_source	0
76	29	77	default:river_water_source	0
77	29	77	default:river_water_source	0
78	29	77	default:river_water_source	0
79	29	77	default:river_water_source	0
80	29	77	default:river_water_source	0
81	29	77	default:river_water_source	0
82	29	77	default:river_water_source	0
83	29	77	default:river_water_source	0
84	29	77	default:river_water_source	0
85	29	77	default:river_water_source	0
86	29	77	default:river_water_source	0
87	29	77	default:river_water_source	0
88	29	77	default:river_water_source	0
89	29	77	default:river_water_source	0
90	29	77	default:river_water_source	0
91	29	77	default:river_water_source	0
92	29	77	default:river_water_source	0
93	29	77	default:river_water_source	0
94	29	77	default:river_water_source	0
95	29	77	default:river_water_source	0
96	29	77	default:river_water_source	0
97	29	77	default:river_water_source	0
98	29	77	default:river_water_source	0
99	29	77	default:river_water_source	0
100	29	77	default:river_water_source	0
101	29	77	default:river_water_source	0
102	29	77	default:river_water_source	0
103	29	77	default:river_water_source	0
104	29	77	default:river_water_source	0
105	29	77	default:river_water_source	0
106	29	77	default:river_water_source	0
107	29	77	default:river_water_source	0
108	29	77	default:river_water_source	0
109	29	77	default:river_water_source	0
110	29	77	default:river_water_source	0
111	29	77	default:river_water_source	0
112	29	77	default:river_water_source	0
113	29	77	default:river_water_source	0
114	29	77	default:river_water_source	0
115	29	77	default:river_water_source	0
116	29	77	default:river_water_source	0
117	29	77	default:river_water_source	0
118	29	77	default:river_water_source	0
72	30	77	default:river_water_source	0
73	30	77	default:river_water_source	0
74	30	77	default:river_water_source	0
75	30	77	default:river_water_source	0
76	30	77	default:river_water_source	0
77	30	77	default:river_water_source	0
78	30	77	default:river_water_source	0
79	30	77	default:river_water_source	0
80	30	77	default:river_water_source	0
81	30	77	default:river_water_source	0
82	30	77	default:river_water_source	0
83	30	77	default:river_water_source	0
84	30	77	default:river_water_source	0
85	30	77	default:river_water_source	0
86	30	77	default:river_water_source	0
87	30	77	default:river_water_source	0
88	30	77	default:river_water_source	0
89	30	77	default:river_water_source	0
90	30	77	default:river_water_source	0
91	30	77	default:river_water_source	0
92	30	77	default:river_water_source	0
93	30	77	default:river_water_source	0
94	30	77	default:river_water_source	0
95	30	77	default:river_water_source	0
96	30	77	default:river_water_source	0
97	30	77	default:river_water_source	0
98	30	77	default:river_water_source	0
99	30	77	default:river_water_source	0
100	30	77	default:river_water_source	0
101	30	77	default:river_water_source	0
102	30	77	default:river_water_source	0
103	30	77	default:river_water_source	0
104	30	77	default:river_water_source	0
105	30	77	default:river_water_source	0
106	30	77	default:river_water_source	0
107	30	77	default:river_water_source	0
108	30	77	default:river_water_source	0
109	30	77	default:river_water_source	0
110	30	77	default:river_water_source	0
111	30	77	default:river_water_source	0
112	30	77	default:river_water_source	0
113	30	77	default:river_water_source	0
114	30	77	default:river_water_source	0
115	30	77	default:river_water_source	0
116	30	77	default:river_water_source	0
117	30	77	default:river_water_source	0
118	30	77	default:river_water_source	0
72	31	77	default:river_water_source	0
73	31	77	default:river_water_source	0
74	31	77	default:river_water_source	0
75	31	77	default:river_water_source	0
76	31	77	default:river_water_source	0
77	31	77	default:river_water_source	0
78	31	77	default:river_water_source	0
79	31	77	default:river_water_source	0
80	31	77	default:river_water_source	0
81	31	77	default:river_water_source	0
82	31	77	default:river_water_source	0
83	31	77	default:river_water_source	0
84	31	77	default:river_water_source	0
85	31	77	default:river_water_source	0
86	31	77	default:river_water_source	0
87	31	77	default:river_water_source	0
88	31	77	default:river_water_source	0
89	31	77	default:river_water_source	0
90	31	77	default:river_water_source	0
91	31	77	default:river_water_source	0
92	31	77	default:river_water_source	0
93	31	77	default:river_water_source	0
94	31	77	default:river_water_source	0
95	31	77	default:river_water_source	0
96	31	77	default:river_water_source	0
97	31	77	default:river_water_source	0
98	31	77	default:river_water_source	0
99	31	77	default:river_water_source	0
100	31	77	default:river_water_source	0
101	31	77	default:river_water_source	0
102	31	77	default:river_water_source	0
103	31	77	default:river_water_source	0
104	31	77	default:river_water_source	0
105	31	77	default:river_water_source	0
106	31	77	default:river_water_source	0
107	31	77	default:river_water_source	0
108	31	77	default:river_water_source	0
109	31	77	default:river_water_source	0
110	31	77	default:river_water_source	0
111	31	77	default:river_water_source	0
112	31	77	default:river_water_source	0
113	31	77	default:river_water_source	0
114	31	77	default:river_water_source	0
115	31	77	default:river_water_source	0
116	31	77	default:river_water_source	0
117	31	77	default:river_water_source	0
118	31	77	default:river_water_source	0
72	32	77	default:river_water_source	0
73	32	77	default:river_water_source	0
74	32	77	default:river_water_source	0
75	32	77	default:river_water_source	0
76	32	77	default:river_water_source	0
77	32	77	default:river_water_source	0
78	32	77	default:river_water_source	0
79	32	77	default:river_water_source	0
80	32	77	default:river_water_source	0
81	32	77	default:river_water_source	0
82	32	77	default:river_water_source	0
83	32	77	default:river_water_source	0
84	32	77	default:river_water_source	0
85	32	77	default:river_water_source	0
86	32	77	default:river_water_source	0
87	32	77	default:river_water_source	0
88	32	77	default:river_water_source	0
89	32	77	default:river_water_source	0
90	32	77	default:river_water_source	0
91	32	77	default:river_water_source	0
92	32	77	default:river_water_source	0
93	32	77	default:river_water_source	0
94	32	77	default:river_water_source	0
95	32	77	default:river_water_source	0
96	32	77	default:river_water_source	0
97	32	77	default:river_water_source	0
98	32	77	default:river_water_source	0
99	32	77	default:river_water_source	0
100	32	77	default:river_water_source	0
101	32	77	default:river_water_source	0
102	32	77	default:river_water_source	0
103	32	77	default:river_water_source	0
104	32	77	default:river_water_source	0
105	32	77	default:river_water_source	0
106	32	77	default:river_water_source	0
107	32	77	default:river_water_source	0
108	32	77	default:river_water_source	0
109	32	77	default:river_water_source	0
110	32	77	default:river_water_source	0
111	32	77	default:river_water_source	0
112	32	77	default:river_water_source	0
113	32	77	default:river_water_source	0
114	32	77	default:river_water_source	0
115	32	77	default:river_water_source	0
116	32	77	default:river_water_source	0
117	32	77	default:river_water_source	0
118	32	77	default:river_water_source	0
72	33	77	default:river_water_source	0
73	33	77	default:river_water_source	0
74	33	77	default:river_water_source	0
75	33	77	default:river_water_source	0
76	33	77	default:river_water_source	0
77	33	77	default:river_water_source	0
78	33	77	default:river_water_source	0
79	33	77	default:river_water_source	0
80	33	77	default:river_water_source	0
81	33	77	default:river_water_source	0
82	33	77	default:river_water_source	0
83	33	77	default:river_water_source	0
84	33	77	default:river_water_source	0
85	33	77	default:river_water_source	0
86	33	77	default:river_water_source	0
87	33	77	default:river_water_source	0
88	33	77	default:river_water_source	0
89	33	77	default:river_water_source	0
90	33	77	default:river_water_source	0
91	33	77	default:river_water_source	0
92	33	77	default:river_water_source	0
93	33	77	default:river_water_source	0
94	33	77	default:river_water_source	0
95	33	77	default:river_water_source	0
96	33	77	default:river_water_source	0
97	33	77	default:river_water_source	0
98	33	77	default:river_water_source	0
99	33	77	default:river_water_source	0
100	33	77	default:river_water_source	0
101	33	77	default:river_water_source	0
102	33	77	default:river_water_source	0
103	33	77	default:river_water_source	0
104	33	77	default:river_water_source	0
105	33	77	default:river_water_source	0
106	33	77	default:river_water_source	0
107	33	77	default:river_water_source	0
108	33	77	default:river_water_source	0
109	33	77	default:river_water_source	0
110	33	77	default:river_water_source	0
111	33	77	default:river_water_source	0
112	33	77	default:river_water_source	0
113	33	77	default:river_water_source	0
114	33	77	default:river_water_source	0
115	33	77	default:river_water_source	0
116	33	77	default:river_water_source	0
117	33	77	default:river_water_source	0
118	33	77	default:river_water_source	0
72	34	77	default:river_water_source	0
73	34	77	default:river_water_source	0
74	34	77	default:river_water_source	0
75	34	77	default:river_water_source	0
76	34	77	default:river_water_source	0
77	34	77	default:river_water_source	0
78	34	77	default:river_water_source	0
79	34	77	default:river_water_source	0
80	34	77	default:river_water_source	0
81	34	77	default:river_water_source	0
82	34	77	default:river_water_source	0
83	34	77	default:river_water_source	0
84	34	77	default:river_water_source	0
85	34	77	default:river_water_source	0
86	34	77	default:river_water_source	0
87	34	77	default:river_water_source	0
88	34	77	default:river_water_source	0
89	34	77	default:river_water_source	0
90	34	77	default:river_water_source	0
91	34	77	default:river_water_source	0
92	34	77	default:river_water_source	0
93	34	77	default:river_water_source	0
94	34	77	default:river_water_source	0
95	34	77	default:river_water_source	0
96	34	77	default:river_water_source	0
97	34	77	default:river_water_source	0
98	34	77	default:river_water_source	0
99	34	77	default:river_water_source	0
100	34	77	default:river_water_source	0
101	34	77	default:river_water_source	0
102	34	77	default:river_water_source	0
103	34	77	default:river_water_source	0
104	34	77	default:river_water_source	0
105	34	77	default:river_water_source	0
106	34	77	default:river_water_source	0
107	34	77	default:river_water_source	0
108	34	77	default:river_water_source	0
109	34	77	default:river_water_source	0
110	34	77	default:river_water_source	0
111	34	77	default:river_water_source	0
112	34	77	default:river_water_source	0
113	34	77	default:river_water_source	0
114	34	77	default:river_water_source	0
115	34	77	default:river_water_source	0
116	34	77	default:river_water_source	0
117	34	77	default:river_water_source	0
118	34	77	default:river_water_source	0
72	35	77	default:river_water_source	0
73	35	77	default:river_water_source	0
74	35	77	default:river_water_source	0
75	35	77	default:river_water_source	0
76	35	77	default:river_water_source	0
77	35	77	default:river_water_source	0
78	35	77	default:river_water_source	0
79	35	77	default:river_water_source	0
80	35	77	default:river_water_source	0
81	35	77	default:river_water_source	0
82	35	77	default:river_water_source	0
83	35	77	default:river_water_source	0
84	35	77	default:river_water_source	0
85	35	77	default:river_water_source	0
86	35	77	default:river_water_source	0
87	35	77	default:river_water_source	0
88	35	77	default:river_water_source	0
89	35	77	default:river_water_source	0
90	35	77	default:river_water_source	0
91	35	77	default:river_water_source	0
92	35	77	default:river_water_source	0
93	35	77	default:river_water_source	0
94	35	77	default:river_water_source	0
95	35	77	default:river_water_source	0
96	35	77	default:river_water_source	0
97	35	77	default:river_water_source	0
98	35	77	default:river_water_source	0
99	35	77	default:river_water_source	0
100	35	77	default:river_water_source	0
101	35	77	default:river_water_source	0
102	35	77	default:river_water_source	0
103	35	77	default:river_water_source	0
104	35	77	default:river_water_source	0
105	35	77	default:river_water_source	0
106	35	77	default:river_water_source	0
107	35	77	default:river_water_source	0
108	35	77	default:river_water_source	0
109	35	77	default:river_water_source	0
110	35	77	default:river_water_source	0
111	35	77	default:river_water_source	0
112	35	77	default:river_water_source	0
113	35	77	default:river_water_source	0
114	35	77	default:river_water_source	0
115	35	77	default:river_water_source	0
116	35	77	default:river_water_source	0
117	35	77	default:river_water_source	0
118	35	77	default:river_water_source	0
93	36	77	grug_trees:silverwood_wood	0
94	36	77	grug_decor:darkage_serpentine	0
95	36	77	grug_decor:castle_pavement_brick	0
96	36	77	grug_decor:castle_pavement_brick	0
97	36	77	grug_decor:castle_pavement_brick	0
98	36	77	grug_decor:darkage_serpentine	0
99	36	77	grug_trees:silverwood_wood	0
93	37	77	default:fence_aspen_wood	0
99	37	77	default:fence_aspen_wood	0
72	25	78	default:dirt	0
73	25	78	default:dirt	0
74	25	78	default:dirt	0
75	25	78	default:dirt	0
76	25	78	default:dirt	0
77	25	78	default:dirt	0
78	25	78	default:dirt	0
79	25	78	default:dirt	0
80	25	78	default:dirt	0
81	25	78	default:dirt	0
82	25	78	default:dirt	0
83	25	78	default:dirt	0
84	25	78	default:dirt	0
85	25	78	default:dirt	0
86	25	78	default:dirt	0
87	25	78	default:dirt	0
88	25	78	default:dirt	0
89	25	78	default:dirt	0
90	25	78	default:dirt	0
91	25	78	default:dirt	0
92	25	78	default:dirt	0
93	25	78	default:dirt	0
94	25	78	default:dirt	0
95	25	78	default:dirt	0
96	25	78	default:dirt	0
97	25	78	default:dirt	0
98	25	78	default:dirt	0
99	25	78	default:dirt	0
100	25	78	default:dirt	0
101	25	78	default:dirt	0
102	25	78	default:dirt	0
103	25	78	default:dirt	0
104	25	78	default:dirt	0
105	25	78	default:dirt	0
106	25	78	default:dirt	0
107	25	78	default:dirt	0
108	25	78	default:dirt	0
109	25	78	default:dirt	0
110	25	78	default:dirt	0
111	25	78	default:dirt	0
112	25	78	default:dirt	0
113	25	78	default:dirt	0
114	25	78	default:dirt	0
115	25	78	default:dirt	0
116	25	78	default:dirt	0
117	25	78	default:dirt	0
118	25	78	default:dirt	0
72	26	78	default:dirt	0
73	26	78	default:dirt	0
74	26	78	default:dirt	0
75	26	78	default:dirt	0
76	26	78	default:dirt	0
77	26	78	default:dirt	0
78	26	78	default:dirt	0
79	26	78	default:dirt	0
80	26	78	default:dirt	0
81	26	78	default:dirt	0
82	26	78	default:dirt	0
83	26	78	default:dirt	0
84	26	78	default:dirt	0
85	26	78	default:dirt	0
86	26	78	default:dirt	0
87	26	78	default:dirt	0
88	26	78	default:dirt	0
89	26	78	default:dirt	0
90	26	78	default:dirt	0
91	26	78	default:dirt	0
92	26	78	default:dirt	0
93	26	78	default:dirt	0
94	26	78	default:dirt	0
95	26	78	default:dirt	0
96	26	78	default:dirt	0
97	26	78	default:dirt	0
98	26	78	default:dirt	0
99	26	78	default:dirt	0
100	26	78	default:dirt	0
101	26	78	default:dirt	0
102	26	78	default:dirt	0
103	26	78	default:dirt	0
104	26	78	default:dirt	0
105	26	78	default:dirt	0
106	26	78	default:dirt	0
107	26	78	default:dirt	0
108	26	78	default:dirt	0
109	26	78	default:dirt	0
110	26	78	default:dirt	0
111	26	78	default:dirt	0
112	26	78	default:dirt	0
113	26	78	default:dirt	0
114	26	78	default:dirt	0
115	26	78	default:dirt	0
116	26	78	default:dirt	0
117	26	78	default:dirt	0
118	26	78	default:dirt	0
72	27	78	default:dirt	0
73	27	78	default:dirt	0
74	27	78	default:dirt	0
75	27	78	default:dirt	0
76	27	78	default:dirt	0
77	27	78	default:dirt	0
78	27	78	default:dirt	0
79	27	78	default:dirt	0
80	27	78	default:dirt	0
81	27	78	default:dirt	0
82	27	78	default:dirt	0
83	27	78	default:dirt	0
84	27	78	default:dirt	0
85	27	78	default:dirt	0
86	27	78	default:dirt	0
87	27	78	default:dirt	0
88	27	78	default:dirt	0
89	27	78	default:dirt	0
90	27	78	default:dirt	0
91	27	78	default:dirt	0
92	27	78	default:dirt	0
93	27	78	default:dirt	0
94	27	78	default:dirt	0
95	27	78	default:dirt	0
96	27	78	default:dirt	0
97	27	78	default:dirt	0
98	27	78	default:dirt	0
99	27	78	default:dirt	0
100	27	78	default:dirt	0
101	27	78	default:dirt	0
102	27	78	default:dirt	0
103	27	78	default:dirt	0
104	27	78	default:dirt	0
105	27	78	default:dirt	0
106	27	78	default:dirt	0
107	27	78	default:dirt	0
108	27	78	default:dirt	0
109	27	78	default:dirt	0
110	27	78	default:dirt	0
111	27	78	default:dirt	0
112	27	78	default:dirt	0
113	27	78	default:dirt	0
114	27	78	default:dirt	0
115	27	78	default:dirt	0
116	27	78	default:dirt	0
117	27	78	default:dirt	0
118	27	78	default:dirt	0
72	28	78	grug_nodes:dirt_with_silver_litter	0
73	28	78	grug_nodes:dirt_with_silver_litter	0
74	28	78	grug_nodes:dirt_with_silver_litter	0
75	28	78	grug_nodes:dirt_with_silver_litter	0
76	28	78	grug_nodes:dirt_with_silver_litter	0
77	28	78	grug_nodes:dirt_with_silver_litter	0
78	28	78	grug_nodes:dirt_with_silver_litter	0
79	28	78	grug_nodes:dirt_with_silver_litter	0
80	28	78	grug_nodes:dirt_with_silver_litter	0
81	28	78	grug_nodes:dirt_with_silver_litter	0
82	28	78	grug_nodes:dirt_with_silver_litter	0
83	28	78	grug_nodes:dirt_with_silver_litter	0
84	28	78	grug_nodes:dirt_with_silver_litter	0
85	28	78	grug_nodes:dirt_with_silver_litter	0
86	28	78	grug_nodes:dirt_with_silver_litter	0
87	28	78	grug_nodes:dirt_with_silver_litter	0
88	28	78	grug_nodes:dirt_with_silver_litter	0
89	28	78	grug_nodes:dirt_with_silver_litter	0
90	28	78	grug_nodes:dirt_with_silver_litter	0
91	28	78	grug_nodes:dirt_with_silver_litter	0
92	28	78	grug_nodes:dirt_with_silver_litter	0
93	28	78	grug_nodes:dirt_with_silver_litter	0
94	28	78	grug_nodes:dirt_with_silver_litter	0
95	28	78	grug_nodes:dirt_with_silver_litter	0
96	28	78	grug_nodes:dirt_with_silver_litter	0
97	28	78	grug_nodes:dirt_with_silver_litter	0
98	28	78	grug_nodes:dirt_with_silver_litter	0
99	28	78	grug_nodes:dirt_with_silver_litter	0
100	28	78	grug_nodes:dirt_with_silver_litter	0
101	28	78	grug_nodes:dirt_with_silver_litter	0
102	28	78	grug_nodes:dirt_with_silver_litter	0
103	28	78	grug_nodes:dirt_with_silver_litter	0
104	28	78	grug_nodes:dirt_with_silver_litter	0
105	28	78	grug_nodes:dirt_with_silver_litter	0
106	28	78	grug_nodes:dirt_with_silver_litter	0
107	28	78	grug_nodes:dirt_with_silver_litter	0
108	28	78	grug_nodes:dirt_with_silver_litter	0
109	28	78	grug_nodes:dirt_with_silver_litter	0
110	28	78	grug_nodes:dirt_with_silver_litter	0
111	28	78	grug_nodes:dirt_with_silver_litter	0
112	28	78	grug_nodes:dirt_with_silver_litter	0
113	28	78	grug_nodes:dirt_with_silver_litter	0
114	28	78	grug_nodes:dirt_with_silver_litter	0
115	28	78	grug_nodes:dirt_with_silver_litter	0
116	28	78	grug_nodes:dirt_with_silver_litter	0
117	28	78	grug_nodes:dirt_with_silver_litter	0
118	28	78	grug_nodes:dirt_with_silver_litter	0
72	29	78	default:river_water_source	0
73	29	78	default:river_water_source	0
74	29	78	default:river_water_source	0
75	29	78	default:river_water_source	0
76	29	78	default:river_water_source	0
77	29	78	default:river_water_source	0
78	29	78	default:river_water_source	0
79	29	78	default:river_water_source	0
80	29	78	default:river_water_source	0
81	29	78	default:river_water_source	0
82	29	78	default:river_water_source	0
83	29	78	default:river_water_source	0
84	29	78	default:river_water_source	0
85	29	78	default:river_water_source	0
86	29	78	default:river_water_source	0
87	29	78	default:river_water_source	0
88	29	78	default:river_water_source	0
89	29	78	default:river_water_source	0
90	29	78	default:river_water_source	0
91	29	78	default:river_water_source	0
92	29	78	default:river_water_source	0
93	29	78	default:river_water_source	0
94	29	78	default:river_water_source	0
95	29	78	default:river_water_source	0
96	29	78	default:river_water_source	0
97	29	78	default:river_water_source	0
98	29	78	default:river_water_source	0
99	29	78	default:river_water_source	0
100	29	78	default:river_water_source	0
101	29	78	default:river_water_source	0
102	29	78	default:river_water_source	0
103	29	78	default:river_water_source	0
104	29	78	default:river_water_source	0
105	29	78	default:river_water_source	0
106	29	78	default:river_water_source	0
107	29	78	default:river_water_source	0
108	29	78	default:river_water_source	0
109	29	78	default:river_water_source	0
110	29	78	default:river_water_source	0
111	29	78	default:river_water_source	0
112	29	78	default:river_water_source	0
113	29	78	default:river_water_source	0
114	29	78	default:river_water_source	0
115	29	78	default:river_water_source	0
116	29	78	default:river_water_source	0
117	29	78	default:river_water_source	0
118	29	78	default:river_water_source	0
72	30	78	default:river_water_source	0
73	30	78	default:river_water_source	0
74	30	78	default:river_water_source	0
75	30	78	default:river_water_source	0
76	30	78	default:river_water_source	0
77	30	78	default:river_water_source	0
78	30	78	default:river_water_source	0
79	30	78	default:river_water_source	0
80	30	78	default:river_water_source	0
81	30	78	default:river_water_source	0
82	30	78	default:river_water_source	0
83	30	78	default:river_water_source	0
84	30	78	default:river_water_source	0
85	30	78	default:river_water_source	0
86	30	78	default:river_water_source	0
87	30	78	default:river_water_source	0
88	30	78	default:river_water_source	0
89	30	78	default:river_water_source	0
90	30	78	default:river_water_source	0
91	30	78	default:river_water_source	0
92	30	78	default:river_water_source	0
93	30	78	default:river_water_source	0
94	30	78	default:river_water_source	0
95	30	78	default:river_water_source	0
96	30	78	default:river_water_source	0
97	30	78	default:river_water_source	0
98	30	78	default:river_water_source	0
99	30	78	default:river_water_source	0
100	30	78	default:river_water_source	0
101	30	78	default:river_water_source	0
102	30	78	default:river_water_source	0
103	30	78	default:river_water_source	0
104	30	78	default:river_water_source	0
105	30	78	default:river_water_source	0
106	30	78	default:river_water_source	0
107	30	78	default:river_water_source	0
108	30	78	default:river_water_source	0
109	30	78	default:river_water_source	0
110	30	78	default:river_water_source	0
111	30	78	default:river_water_source	0
112	30	78	default:river_water_source	0
113	30	78	default:river_water_source	0
114	30	78	default:river_water_source	0
115	30	78	default:river_water_source	0
116	30	78	default:river_water_source	0
117	30	78	default:river_water_source	0
118	30	78	default:river_water_source	0
72	31	78	default:river_water_source	0
73	31	78	default:river_water_source	0
74	31	78	default:river_water_source	0
75	31	78	default:river_water_source	0
76	31	78	default:river_water_source	0
77	31	78	default:river_water_source	0
78	31	78	default:river_water_source	0
79	31	78	default:river_water_source	0
80	31	78	default:river_water_source	0
81	31	78	default:river_water_source	0
82	31	78	default:river_water_source	0
83	31	78	default:river_water_source	0
84	31	78	default:river_water_source	0
85	31	78	default:river_water_source	0
86	31	78	default:river_water_source	0
87	31	78	default:river_water_source	0
88	31	78	default:river_water_source	0
89	31	78	default:river_water_source	0
90	31	78	default:river_water_source	0
91	31	78	default:river_water_source	0
92	31	78	default:river_water_source	0
93	31	78	default:river_water_source	0
94	31	78	default:river_water_source	0
95	31	78	default:river_water_source	0
96	31	78	default:river_water_source	0
97	31	78	default:river_water_source	0
98	31	78	default:river_water_source	0
99	31	78	default:river_water_source	0
100	31	78	default:river_water_source	0
101	31	78	default:river_water_source	0
102	31	78	default:river_water_source	0
103	31	78	default:river_water_source	0
104	31	78	default:river_water_source	0
105	31	78	default:river_water_source	0
106	31	78	default:river_water_source	0
107	31	78	default:river_water_source	0
108	31	78	default:river_water_source	0
109	31	78	default:river_water_source	0
110	31	78	default:river_water_source	0
111	31	78	default:river_water_source	0
112	31	78	default:river_water_source	0
113	31	78	default:river_water_source	0
114	31	78	default:river_water_source	0
115	31	78	default:river_water_source	0
116	31	78	default:river_water_source	0
117	31	78	default:river_water_source	0
118	31	78	default:river_water_source	0
72	32	78	default:river_water_source	0
73	32	78	default:river_water_source	0
74	32	78	default:river_water_source	0
75	32	78	default:river_water_source	0
76	32	78	default:river_water_source	0
77	32	78	default:river_water_source	0
78	32	78	default:river_water_source	0
79	32	78	default:river_water_source	0
80	32	78	default:river_water_source	0
81	32	78	default:river_water_source	0
82	32	78	default:river_water_source	0
83	32	78	default:river_water_source	0
84	32	78	default:river_water_source	0
85	32	78	default:river_water_source	0
86	32	78	default:river_water_source	0
87	32	78	default:river_water_source	0
88	32	78	default:river_water_source	0
89	32	78	default:river_water_source	0
90	32	78	default:river_water_source	0
91	32	78	default:river_water_source	0
92	32	78	default:river_water_source	0
93	32	78	default:river_water_source	0
94	32	78	default:river_water_source	0
95	32	78	default:river_water_source	0
96	32	78	default:river_water_source	0
97	32	78	default:river_water_source	0
98	32	78	default:river_water_source	0
99	32	78	default:river_water_source	0
100	32	78	default:river_water_source	0
101	32	78	default:river_water_source	0
102	32	78	default:river_water_source	0
103	32	78	default:river_water_source	0
104	32	78	default:river_water_source	0
105	32	78	default:river_water_source	0
106	32	78	default:river_water_source	0
107	32	78	default:river_water_source	0
108	32	78	default:river_water_source	0
109	32	78	default:river_water_source	0
110	32	78	default:river_water_source	0
111	32	78	default:river_water_source	0
112	32	78	default:river_water_source	0
113	32	78	default:river_water_source	0
114	32	78	default:river_water_source	0
115	32	78	default:river_water_source	0
116	32	78	default:river_water_source	0
117	32	78	default:river_water_source	0
118	32	78	default:river_water_source	0
72	33	78	default:river_water_source	0
73	33	78	default:river_water_source	0
74	33	78	default:river_water_source	0
75	33	78	default:river_water_source	0
76	33	78	default:river_water_source	0
77	33	78	default:river_water_source	0
78	33	78	default:river_water_source	0
79	33	78	default:river_water_source	0
80	33	78	default:river_water_source	0
81	33	78	default:river_water_source	0
82	33	78	default:river_water_source	0
83	33	78	default:river_water_source	0
84	33	78	default:river_water_source	0
85	33	78	default:river_water_source	0
86	33	78	default:river_water_source	0
87	33	78	default:river_water_source	0
88	33	78	default:river_water_source	0
89	33	78	default:river_water_source	0
90	33	78	default:river_water_source	0
91	33	78	default:river_water_source	0
92	33	78	default:river_water_source	0
93	33	78	default:river_water_source	0
94	33	78	default:river_water_source	0
95	33	78	default:river_water_source	0
96	33	78	default:river_water_source	0
97	33	78	default:river_water_source	0
98	33	78	default:river_water_source	0
99	33	78	default:river_water_source	0
100	33	78	default:river_water_source	0
101	33	78	default:river_water_source	0
102	33	78	default:river_water_source	0
103	33	78	default:river_water_source	0
104	33	78	default:river_water_source	0
105	33	78	default:river_water_source	0
106	33	78	default:river_water_source	0
107	33	78	default:river_water_source	0
108	33	78	default:river_water_source	0
109	33	78	default:river_water_source	0
110	33	78	default:river_water_source	0
111	33	78	default:river_water_source	0
112	33	78	default:river_water_source	0
113	33	78	default:river_water_source	0
114	33	78	default:river_water_source	0
115	33	78	default:river_water_source	0
116	33	78	default:river_water_source	0
117	33	78	default:river_water_source	0
118	33	78	default:river_water_source	0
72	34	78	default:river_water_source	0
73	34	78	default:river_water_source	0
74	34	78	default:river_water_source	0
75	34	78	default:river_water_source	0
76	34	78	default:river_water_source	0
77	34	78	default:river_water_source	0
78	34	78	default:river_water_source	0
79	34	78	default:river_water_source	0
80	34	78	default:river_water_source	0
81	34	78	default:river_water_source	0
82	34	78	default:river_water_source	0
83	34	78	default:river_water_source	0
84	34	78	default:river_water_source	0
85	34	78	default:river_water_source	0
86	34	78	default:river_water_source	0
87	34	78	default:river_water_source	0
88	34	78	default:river_water_source	0
89	34	78	default:river_water_source	0
90	34	78	default:river_water_source	0
91	34	78	default:river_water_source	0
92	34	78	default:river_water_source	0
93	34	78	default:river_water_source	0
94	34	78	default:river_water_source	0
95	34	78	default:river_water_source	0
96	34	78	default:river_water_source	0
97	34	78	default:river_water_source	0
98	34	78	default:river_water_source	0
99	34	78	default:river_water_source	0
100	34	78	default:river_water_source	0
101	34	78	default:river_water_source	0
102	34	78	default:river_water_source	0
103	34	78	default:river_water_source	0
104	34	78	default:river_water_source	0
105	34	78	default:river_water_source	0
106	34	78	default:river_water_source	0
107	34	78	default:river_water_source	0
108	34	78	default:river_water_source	0
109	34	78	default:river_water_source	0
110	34	78	default:river_water_source	0
111	34	78	default:river_water_source	0
112	34	78	default:river_water_source	0
113	34	78	default:river_water_source	0
114	34	78	default:river_water_source	0
115	34	78	default:river_water_source	0
116	34	78	default:river_water_source	0
117	34	78	default:river_water_source	0
118	34	78	default:river_water_source	0
72	35	78	default:river_water_source	0
73	35	78	default:river_water_source	0
74	35	78	default:river_water_source	0
75	35	78	default:river_water_source	0
76	35	78	default:river_water_source	0
77	35	78	default:river_water_source	0
78	35	78	default:river_water_source	0
79	35	78	default:river_water_source	0
80	35	78	default:river_water_source	0
81	35	78	default:river_water_source	0
82	35	78	default:river_water_source	0
83	35	78	default:river_water_source	0
84	35	78	default:river_water_source	0
85	35	78	default:river_water_source	0
86	35	78	default:river_water_source	0
87	35	78	default:river_water_source	0
88	35	78	default:river_water_source	0
89	35	78	default:river_water_source	0
90	35	78	default:river_water_source	0
91	35	78	default:river_water_source	0
92	35	78	default:river_water_source	0
93	35	78	default:river_water_source	0
94	35	78	default:river_water_source	0
95	35	78	default:river_water_source	0
96	35	78	default:river_water_source	0
97	35	78	default:river_water_source	0
98	35	78	default:river_water_source	0
99	35	78	default:river_water_source	0
100	35	78	default:river_water_source	0
101	35	78	default:river_water_source	0
102	35	78	default:river_water_source	0
103	35	78	default:river_water_source	0
104	35	78	default:river_water_source	0
105	35	78	default:river_water_source	0
106	35	78	default:river_water_source	0
107	35	78	default:river_water_source	0
108	35	78	default:river_water_source	0
109	35	78	default:river_water_source	0
110	35	78	default:river_water_source	0
111	35	78	default:river_water_source	0
112	35	78	default:river_water_source	0
113	35	78	default:river_water_source	0
114	35	78	default:river_water_source	0
115	35	78	default:river_water_source	0
116	35	78	default:river_water_source	0
117	35	78	default:river_water_source	0
118	35	78	default:river_water_source	0
93	36	78	grug_trees:silverwood_wood	0
94	36	78	grug_decor:darkage_serpentine	0
95	36	78	grug_decor:castle_pavement_brick	0
96	36	78	grug_decor:castle_pavement_brick	0
97	36	78	grug_decor:castle_pavement_brick	0
98	36	78	grug_decor:darkage_serpentine	0
99	36	78	grug_trees:silverwood_wood	0
93	37	78	default:fence_aspen_wood	0
99	37	78	default:fence_aspen_wood	0
72	25	79	default:dirt	0
73	25	79	default:dirt	0
74	25	79	default:dirt	0
75	25	79	default:dirt	0
76	25	79	default:dirt	0
77	25	79	default:dirt	0
78	25	79	default:dirt	0
79	25	79	default:dirt	0
80	25	79	default:dirt	0
81	25	79	default:dirt	0
82	25	79	default:dirt	0
83	25	79	default:dirt	0
84	25	79	default:dirt	0
85	25	79	default:dirt	0
86	25	79	default:dirt	0
87	25	79	default:dirt	0
88	25	79	default:dirt	0
89	25	79	default:dirt	0
90	25	79	default:dirt	0
91	25	79	default:dirt	0
92	25	79	default:dirt	0
93	25	79	default:dirt	0
94	25	79	default:dirt	0
95	25	79	default:dirt	0
96	25	79	default:dirt	0
97	25	79	default:dirt	0
98	25	79	default:dirt	0
99	25	79	default:dirt	0
100	25	79	default:dirt	0
101	25	79	default:dirt	0
102	25	79	default:dirt	0
103	25	79	default:dirt	0
104	25	79	default:dirt	0
105	25	79	default:dirt	0
106	25	79	default:dirt	0
107	25	79	default:dirt	0
108	25	79	default:dirt	0
109	25	79	default:dirt	0
110	25	79	default:dirt	0
111	25	79	default:dirt	0
112	25	79	default:dirt	0
113	25	79	default:dirt	0
114	25	79	default:dirt	0
115	25	79	default:dirt	0
116	25	79	default:dirt	0
117	25	79	default:dirt	0
118	25	79	default:dirt	0
72	26	79	default:dirt	0
73	26	79	default:dirt	0
74	26	79	default:dirt	0
75	26	79	default:dirt	0
76	26	79	default:dirt	0
77	26	79	default:dirt	0
78	26	79	default:dirt	0
79	26	79	default:dirt	0
80	26	79	default:dirt	0
81	26	79	default:dirt	0
82	26	79	default:dirt	0
83	26	79	default:dirt	0
84	26	79	default:dirt	0
85	26	79	default:dirt	0
86	26	79	default:dirt	0
87	26	79	default:dirt	0
88	26	79	default:dirt	0
89	26	79	default:dirt	0
90	26	79	default:dirt	0
91	26	79	default:dirt	0
92	26	79	default:dirt	0
93	26	79	default:dirt	0
94	26	79	default:dirt	0
95	26	79	default:dirt	0
96	26	79	default:dirt	0
97	26	79	default:dirt	0
98	26	79	default:dirt	0
99	26	79	default:dirt	0
100	26	79	default:dirt	0
101	26	79	default:dirt	0
102	26	79	default:dirt	0
103	26	79	default:dirt	0
104	26	79	default:dirt	0
105	26	79	default:dirt	0
106	26	79	default:dirt	0
107	26	79	default:dirt	0
108	26	79	default:dirt	0
109	26	79	default:dirt	0
110	26	79	default:dirt	0
111	26	79	default:dirt	0
112	26	79	default:dirt	0
113	26	79	default:dirt	0
114	26	79	default:dirt	0
115	26	79	default:dirt	0
116	26	79	default:dirt	0
117	26	79	default:dirt	0
118	26	79	default:dirt	0
72	27	79	default:dirt	0
73	27	79	default:dirt	0
74	27	79	default:dirt	0
75	27	79	default:dirt	0
76	27	79	default:dirt	0
77	27	79	default:dirt	0
78	27	79	default:dirt	0
79	27	79	default:dirt	0
80	27	79	default:dirt	0
81	27	79	default:dirt	0
82	27	79	default:dirt	0
83	27	79	default:dirt	0
84	27	79	default:dirt	0
85	27	79	default:dirt	0
86	27	79	default:dirt	0
87	27	79	default:dirt	0
88	27	79	default:dirt	0
89	27	79	default:dirt	0
90	27	79	default:dirt	0
91	27	79	default:dirt	0
92	27	79	default:dirt	0
93	27	79	default:dirt	0
94	27	79	default:dirt	0
95	27	79	default:dirt	0
96	27	79	default:dirt	0
97	27	79	default:dirt	0
98	27	79	default:dirt	0
99	27	79	default:dirt	0
100	27	79	default:dirt	0
101	27	79	default:dirt	0
102	27	79	default:dirt	0
103	27	79	default:dirt	0
104	27	79	default:dirt	0
105	27	79	default:dirt	0
106	27	79	default:dirt	0
107	27	79	default:dirt	0
108	27	79	default:dirt	0
109	27	79	default:dirt	0
110	27	79	default:dirt	0
111	27	79	default:dirt	0
112	27	79	default:dirt	0
113	27	79	default:dirt	0
114	27	79	default:dirt	0
115	27	79	default:dirt	0
116	27	79	default:dirt	0
117	27	79	default:dirt	0
118	27	79	default:dirt	0
72	28	79	grug_nodes:dirt_with_silver_litter	0
73	28	79	grug_nodes:dirt_with_silver_litter	0
74	28	79	grug_nodes:dirt_with_silver_litter	0
75	28	79	grug_nodes:dirt_with_silver_litter	0
76	28	79	grug_nodes:dirt_with_silver_litter	0
77	28	79	grug_nodes:dirt_with_silver_litter	0
78	28	79	grug_nodes:dirt_with_silver_litter	0
79	28	79	grug_nodes:dirt_with_silver_litter	0
80	28	79	grug_nodes:dirt_with_silver_litter	0
81	28	79	grug_nodes:dirt_with_silver_litter	0
82	28	79	grug_nodes:dirt_with_silver_litter	0
83	28	79	grug_nodes:dirt_with_silver_litter	0
84	28	79	grug_nodes:dirt_with_silver_litter	0
85	28	79	grug_nodes:dirt_with_silver_litter	0
86	28	79	grug_nodes:dirt_with_silver_litter	0
87	28	79	grug_nodes:dirt_with_silver_litter	0
88	28	79	grug_nodes:dirt_with_silver_litter	0
89	28	79	grug_nodes:dirt_with_silver_litter	0
90	28	79	grug_nodes:dirt_with_silver_litter	0
91	28	79	grug_nodes:dirt_with_silver_litter	0
92	28	79	grug_nodes:dirt_with_silver_litter	0
93	28	79	grug_nodes:dirt_with_silver_litter	0
94	28	79	grug_nodes:dirt_with_silver_litter	0
95	28	79	grug_nodes:dirt_with_silver_litter	0
96	28	79	grug_nodes:dirt_with_silver_litter	0
97	28	79	grug_nodes:dirt_with_silver_litter	0
98	28	79	grug_nodes:dirt_with_silver_litter	0
99	28	79	grug_nodes:dirt_with_silver_litter	0
100	28	79	grug_nodes:dirt_with_silver_litter	0
101	28	79	grug_nodes:dirt_with_silver_litter	0
102	28	79	grug_nodes:dirt_with_silver_litter	0
103	28	79	grug_nodes:dirt_with_silver_litter	0
104	28	79	grug_nodes:dirt_with_silver_litter	0
105	28	79	grug_nodes:dirt_with_silver_litter	0
106	28	79	grug_nodes:dirt_with_silver_litter	0
107	28	79	grug_nodes:dirt_with_silver_litter	0
108	28	79	grug_nodes:dirt_with_silver_litter	0
109	28	79	grug_nodes:dirt_with_silver_litter	0
110	28	79	grug_nodes:dirt_with_silver_litter	0
111	28	79	grug_nodes:dirt_with_silver_litter	0
112	28	79	grug_nodes:dirt_with_silver_litter	0
113	28	79	grug_nodes:dirt_with_silver_litter	0
114	28	79	grug_nodes:dirt_with_silver_litter	0
115	28	79	grug_nodes:dirt_with_silver_litter	0
116	28	79	grug_nodes:dirt_with_silver_litter	0
117	28	79	grug_nodes:dirt_with_silver_litter	0
118	28	79	grug_nodes:dirt_with_silver_litter	0
72	29	79	default:river_water_source	0
73	29	79	default:river_water_source	0
74	29	79	default:river_water_source	0
75	29	79	default:river_water_source	0
76	29	79	default:river_water_source	0
77	29	79	default:river_water_source	0
78	29	79	default:river_water_source	0
79	29	79	default:river_water_source	0
80	29	79	default:river_water_source	0
81	29	79	default:river_water_source	0
82	29	79	default:river_water_source	0
83	29	79	default:river_water_source	0
84	29	79	default:river_water_source	0
85	29	79	default:river_water_source	0
86	29	79	default:river_water_source	0
87	29	79	default:river_water_source	0
88	29	79	default:river_water_source	0
89	29	79	default:river_water_source	0
90	29	79	default:river_water_source	0
91	29	79	default:river_water_source	0
92	29	79	default:river_water_source	0
93	29	79	default:river_water_source	0
94	29	79	default:river_water_source	0
95	29	79	default:river_water_source	0
96	29	79	default:river_water_source	0
97	29	79	default:river_water_source	0
98	29	79	default:river_water_source	0
99	29	79	default:river_water_source	0
100	29	79	default:river_water_source	0
101	29	79	default:river_water_source	0
102	29	79	default:river_water_source	0
103	29	79	default:river_water_source	0
104	29	79	default:river_water_source	0
105	29	79	default:river_water_source	0
106	29	79	default:river_water_source	0
107	29	79	default:river_water_source	0
108	29	79	default:river_water_source	0
109	29	79	default:river_water_source	0
110	29	79	default:river_water_source	0
111	29	79	default:river_water_source	0
112	29	79	default:river_water_source	0
113	29	79	default:river_water_source	0
114	29	79	default:river_water_source	0
115	29	79	default:river_water_source	0
116	29	79	default:river_water_source	0
117	29	79	default:river_water_source	0
118	29	79	default:river_water_source	0
72	30	79	default:river_water_source	0
73	30	79	default:river_water_source	0
74	30	79	default:river_water_source	0
75	30	79	default:river_water_source	0
76	30	79	default:river_water_source	0
77	30	79	default:river_water_source	0
78	30	79	default:river_water_source	0
79	30	79	default:river_water_source	0
80	30	79	default:river_water_source	0
81	30	79	default:river_water_source	0
82	30	79	default:river_water_source	0
83	30	79	default:river_water_source	0
84	30	79	default:river_water_source	0
85	30	79	default:river_water_source	0
86	30	79	default:river_water_source	0
87	30	79	default:river_water_source	0
88	30	79	default:river_water_source	0
89	30	79	default:river_water_source	0
90	30	79	default:river_water_source	0
91	30	79	default:river_water_source	0
92	30	79	default:river_water_source	0
93	30	79	default:river_water_source	0
94	30	79	default:river_water_source	0
95	30	79	default:river_water_source	0
96	30	79	default:river_water_source	0
97	30	79	default:river_water_source	0
98	30	79	default:river_water_source	0
99	30	79	default:river_water_source	0
100	30	79	default:river_water_source	0
101	30	79	default:river_water_source	0
102	30	79	default:river_water_source	0
103	30	79	default:river_water_source	0
104	30	79	default:river_water_source	0
105	30	79	default:river_water_source	0
106	30	79	default:river_water_source	0
107	30	79	default:river_water_source	0
108	30	79	default:river_water_source	0
109	30	79	default:river_water_source	0
110	30	79	default:river_water_source	0
111	30	79	default:river_water_source	0
112	30	79	default:river_water_source	0
113	30	79	default:river_water_source	0
114	30	79	default:river_water_source	0
115	30	79	default:river_water_source	0
116	30	79	default:river_water_source	0
117	30	79	default:river_water_source	0
118	30	79	default:river_water_source	0
72	31	79	default:river_water_source	0
73	31	79	default:river_water_source	0
74	31	79	default:river_water_source	0
75	31	79	default:river_water_source	0
76	31	79	default:river_water_source	0
77	31	79	default:river_water_source	0
78	31	79	default:river_water_source	0
79	31	79	default:river_water_source	0
80	31	79	default:river_water_source	0
81	31	79	default:river_water_source	0
82	31	79	default:river_water_source	0
83	31	79	default:river_water_source	0
84	31	79	default:river_water_source	0
85	31	79	default:river_water_source	0
86	31	79	default:river_water_source	0
87	31	79	default:river_water_source	0
88	31	79	default:river_water_source	0
89	31	79	default:river_water_source	0
90	31	79	default:river_water_source	0
91	31	79	default:river_water_source	0
92	31	79	default:river_water_source	0
93	31	79	default:river_water_source	0
94	31	79	default:river_water_source	0
95	31	79	default:river_water_source	0
96	31	79	default:river_water_source	0
97	31	79	default:river_water_source	0
98	31	79	default:river_water_source	0
99	31	79	default:river_water_source	0
100	31	79	default:river_water_source	0
101	31	79	default:river_water_source	0
102	31	79	default:river_water_source	0
103	31	79	default:river_water_source	0
104	31	79	default:river_water_source	0
105	31	79	default:river_water_source	0
106	31	79	default:river_water_source	0
107	31	79	default:river_water_source	0
108	31	79	default:river_water_source	0
109	31	79	default:river_water_source	0
110	31	79	default:river_water_source	0
111	31	79	default:river_water_source	0
112	31	79	default:river_water_source	0
113	31	79	default:river_water_source	0
114	31	79	default:river_water_source	0
115	31	79	default:river_water_source	0
116	31	79	default:river_water_source	0
117	31	79	default:river_water_source	0
118	31	79	default:river_water_source	0
72	32	79	default:river_water_source	0
73	32	79	default:river_water_source	0
74	32	79	default:river_water_source	0
75	32	79	default:river_water_source	0
76	32	79	default:river_water_source	0
77	32	79	default:river_water_source	0
78	32	79	default:river_water_source	0
79	32	79	default:river_water_source	0
80	32	79	default:river_water_source	0
81	32	79	default:river_water_source	0
82	32	79	default:river_water_source	0
83	32	79	default:river_water_source	0
84	32	79	default:river_water_source	0
85	32	79	default:river_water_source	0
86	32	79	default:river_water_source	0
87	32	79	default:river_water_source	0
88	32	79	default:river_water_source	0
89	32	79	default:river_water_source	0
90	32	79	default:river_water_source	0
91	32	79	default:river_water_source	0
92	32	79	default:river_water_source	0
93	32	79	default:river_water_source	0
94	32	79	default:river_water_source	0
95	32	79	default:river_water_source	0
96	32	79	default:river_water_source	0
97	32	79	default:river_water_source	0
98	32	79	default:river_water_source	0
99	32	79	default:river_water_source	0
100	32	79	default:river_water_source	0
101	32	79	default:river_water_source	0
102	32	79	default:river_water_source	0
103	32	79	default:river_water_source	0
104	32	79	default:river_water_source	0
105	32	79	default:river_water_source	0
106	32	79	default:river_water_source	0
107	32	79	default:river_water_source	0
108	32	79	default:river_water_source	0
109	32	79	default:river_water_source	0
110	32	79	default:river_water_source	0
111	32	79	default:river_water_source	0
112	32	79	default:river_water_source	0
113	32	79	default:river_water_source	0
114	32	79	default:river_water_source	0
115	32	79	default:river_water_source	0
116	32	79	default:river_water_source	0
117	32	79	default:river_water_source	0
118	32	79	default:river_water_source	0
72	33	79	default:river_water_source	0
73	33	79	default:river_water_source	0
74	33	79	default:river_water_source	0
75	33	79	default:river_water_source	0
76	33	79	default:river_water_source	0
77	33	79	default:river_water_source	0
78	33	79	default:river_water_source	0
79	33	79	default:river_water_source	0
80	33	79	default:river_water_source	0
81	33	79	default:river_water_source	0
82	33	79	default:river_water_source	0
83	33	79	default:river_water_source	0
84	33	79	default:river_water_source	0
85	33	79	default:river_water_source	0
86	33	79	default:river_water_source	0
87	33	79	default:river_water_source	0
88	33	79	default:river_water_source	0
89	33	79	default:river_water_source	0
90	33	79	default:river_water_source	0
91	33	79	default:river_water_source	0
92	33	79	default:river_water_source	0
93	33	79	default:river_water_source	0
94	33	79	default:river_water_source	0
95	33	79	default:river_water_source	0
96	33	79	default:river_water_source	0
97	33	79	default:river_water_source	0
98	33	79	default:river_water_source	0
99	33	79	default:river_water_source	0
100	33	79	default:river_water_source	0
101	33	79	default:river_water_source	0
102	33	79	default:river_water_source	0
103	33	79	default:river_water_source	0
104	33	79	default:river_water_source	0
105	33	79	default:river_water_source	0
106	33	79	default:river_water_source	0
107	33	79	default:river_water_source	0
108	33	79	default:river_water_source	0
109	33	79	default:river_water_source	0
110	33	79	default:river_water_source	0
111	33	79	default:river_water_source	0
112	33	79	default:river_water_source	0
113	33	79	default:river_water_source	0
114	33	79	default:river_water_source	0
115	33	79	default:river_water_source	0
116	33	79	default:river_water_source	0
117	33	79	default:river_water_source	0
118	33	79	default:river_water_source	0
72	34	79	default:river_water_source	0
73	34	79	default:river_water_source	0
74	34	79	default:river_water_source	0
75	34	79	default:river_water_source	0
76	34	79	default:river_water_source	0
77	34	79	default:river_water_source	0
78	34	79	default:river_water_source	0
79	34	79	default:river_water_source	0
80	34	79	default:river_water_source	0
81	34	79	default:river_water_source	0
82	34	79	default:river_water_source	0
83	34	79	default:river_water_source	0
84	34	79	default:river_water_source	0
85	34	79	default:river_water_source	0
86	34	79	default:river_water_source	0
87	34	79	default:river_water_source	0
88	34	79	default:river_water_source	0
89	34	79	default:river_water_source	0
90	34	79	default:river_water_source	0
91	34	79	default:river_water_source	0
92	34	79	default:river_water_source	0
93	34	79	default:river_water_source	0
94	34	79	default:river_water_source	0
95	34	79	default:river_water_source	0
96	34	79	default:river_water_source	0
97	34	79	default:river_water_source	0
98	34	79	default:river_water_source	0
99	34	79	default:river_water_source	0
100	34	79	default:river_water_source	0
101	34	79	default:river_water_source	0
102	34	79	default:river_water_source	0
103	34	79	default:river_water_source	0
104	34	79	default:river_water_source	0
105	34	79	default:river_water_source	0
106	34	79	default:river_water_source	0
107	34	79	default:river_water_source	0
108	34	79	default:river_water_source	0
109	34	79	default:river_water_source	0
110	34	79	default:river_water_source	0
111	34	79	default:river_water_source	0
112	34	79	default:river_water_source	0
113	34	79	default:river_water_source	0
114	34	79	default:river_water_source	0
115	34	79	default:river_water_source	0
116	34	79	default:river_water_source	0
117	34	79	default:river_water_source	0
118	34	79	default:river_water_source	0
72	35	79	default:river_water_source	0
73	35	79	default:river_water_source	0
74	35	79	default:river_water_source	0
75	35	79	default:river_water_source	0
76	35	79	default:river_water_source	0
77	35	79	default:river_water_source	0
78	35	79	default:river_water_source	0
79	35	79	default:river_water_source	0
80	35	79	default:river_water_source	0
81	35	79	default:river_water_source	0
82	35	79	default:river_water_source	0
83	35	79	default:river_water_source	0
84	35	79	default:river_water_source	0
85	35	79	default:river_water_source	0
86	35	79	default:river_water_source	0
87	35	79	default:river_water_source	0
88	35	79	default:river_water_source	0
89	35	79	default:river_water_source	0
90	35	79	default:river_water_source	0
91	35	79	default:river_water_source	0
92	35	79	default:river_water_source	0
93	35	79	default:river_water_source	0
94	35	79	default:river_water_source	0
95	35	79	default:river_water_source	0
96	35	79	default:river_water_source	0
97	35	79	default:river_water_source	0
98	35	79	default:river_water_source	0
99	35	79	default:river_water_source	0
100	35	79	default:river_water_source	0
101	35	79	default:river_water_source	0
102	35	79	default:river_water_source	0
103	35	79	default:river_water_source	0
104	35	79	default:river_water_source	0
105	35	79	default:river_water_source	0
106	35	79	default:river_water_source	0
107	35	79	default:river_water_source	0
108	35	79	default:river_water_source	0
109	35	79	default:river_water_source	0
110	35	79	default:river_water_source	0
111	35	79	default:river_water_source	0
112	35	79	default:river_water_source	0
113	35	79	default:river_water_source	0
114	35	79	default:river_water_source	0
115	35	79	default:river_water_source	0
116	35	79	default:river_water_source	0
117	35	79	default:river_water_source	0
118	35	79	default:river_water_source	0
93	36	79	grug_trees:silverwood_wood	0
94	36	79	grug_decor:darkage_serpentine	0
95	36	79	grug_decor:castle_pavement_brick	0
96	36	79	grug_decor:castle_pavement_brick	0
97	36	79	grug_decor:castle_pavement_brick	0
98	36	79	grug_decor:darkage_serpentine	0
99	36	79	grug_trees:silverwood_wood	0
93	37	79	default:fence_aspen_wood	0
99	37	79	default:fence_aspen_wood	0
72	25	80	default:dirt	0
73	25	80	default:dirt	0
74	25	80	default:dirt	0
75	25	80	default:dirt	0
76	25	80	default:dirt	0
77	25	80	default:dirt	0
78	25	80	default:dirt	0
79	25	80	default:dirt	0
80	25	80	default:dirt	0
81	25	80	default:dirt	0
82	25	80	default:dirt	0
83	25	80	default:dirt	0
84	25	80	default:dirt	0
85	25	80	default:dirt	0
86	25	80	default:dirt	0
87	25	80	default:dirt	0
88	25	80	default:dirt	0
89	25	80	default:dirt	0
90	25	80	default:dirt	0
91	25	80	default:dirt	0
92	25	80	default:dirt	0
93	25	80	default:dirt	0
94	25	80	default:dirt	0
95	25	80	default:dirt	0
96	25	80	default:dirt	0
97	25	80	default:dirt	0
98	25	80	default:dirt	0
99	25	80	default:dirt	0
100	25	80	default:dirt	0
101	25	80	default:dirt	0
102	25	80	default:dirt	0
103	25	80	default:dirt	0
104	25	80	default:dirt	0
105	25	80	default:dirt	0
106	25	80	default:dirt	0
107	25	80	default:dirt	0
108	25	80	default:dirt	0
109	25	80	default:dirt	0
110	25	80	default:dirt	0
111	25	80	default:dirt	0
112	25	80	default:dirt	0
113	25	80	default:dirt	0
114	25	80	default:dirt	0
115	25	80	default:dirt	0
116	25	80	default:dirt	0
117	25	80	default:dirt	0
118	25	80	default:dirt	0
72	26	80	default:dirt	0
73	26	80	default:dirt	0
74	26	80	default:dirt	0
75	26	80	default:dirt	0
76	26	80	default:dirt	0
77	26	80	default:dirt	0
78	26	80	default:dirt	0
79	26	80	default:dirt	0
80	26	80	default:dirt	0
81	26	80	default:dirt	0
82	26	80	default:dirt	0
83	26	80	default:dirt	0
84	26	80	default:dirt	0
85	26	80	default:dirt	0
86	26	80	default:dirt	0
87	26	80	default:dirt	0
88	26	80	default:dirt	0
89	26	80	default:dirt	0
90	26	80	default:dirt	0
91	26	80	default:dirt	0
92	26	80	default:dirt	0
93	26	80	default:dirt	0
94	26	80	default:dirt	0
95	26	80	default:dirt	0
96	26	80	default:dirt	0
97	26	80	default:dirt	0
98	26	80	default:dirt	0
99	26	80	default:dirt	0
100	26	80	default:dirt	0
101	26	80	default:dirt	0
102	26	80	default:dirt	0
103	26	80	default:dirt	0
104	26	80	default:dirt	0
105	26	80	default:dirt	0
106	26	80	default:dirt	0
107	26	80	default:dirt	0
108	26	80	default:dirt	0
109	26	80	default:dirt	0
110	26	80	default:dirt	0
111	26	80	default:dirt	0
112	26	80	default:dirt	0
113	26	80	default:dirt	0
114	26	80	default:dirt	0
115	26	80	default:dirt	0
116	26	80	default:dirt	0
117	26	80	default:dirt	0
118	26	80	default:dirt	0
72	27	80	default:dirt	0
73	27	80	default:dirt	0
74	27	80	default:dirt	0
75	27	80	default:dirt	0
76	27	80	default:dirt	0
77	27	80	default:dirt	0
78	27	80	default:dirt	0
79	27	80	default:dirt	0
80	27	80	default:dirt	0
81	27	80	default:dirt	0
82	27	80	default:dirt	0
83	27	80	default:dirt	0
84	27	80	default:dirt	0
85	27	80	default:dirt	0
86	27	80	default:dirt	0
87	27	80	default:dirt	0
88	27	80	default:dirt	0
89	27	80	default:dirt	0
90	27	80	default:dirt	0
91	27	80	default:dirt	0
92	27	80	default:dirt	0
93	27	80	default:dirt	0
94	27	80	default:dirt	0
95	27	80	default:dirt	0
96	27	80	default:dirt	0
97	27	80	default:dirt	0
98	27	80	default:dirt	0
99	27	80	default:dirt	0
100	27	80	default:dirt	0
101	27	80	default:dirt	0
102	27	80	default:dirt	0
103	27	80	default:dirt	0
104	27	80	default:dirt	0
105	27	80	default:dirt	0
106	27	80	default:dirt	0
107	27	80	default:dirt	0
108	27	80	default:dirt	0
109	27	80	default:dirt	0
110	27	80	default:dirt	0
111	27	80	default:dirt	0
112	27	80	default:dirt	0
113	27	80	default:dirt	0
114	27	80	default:dirt	0
115	27	80	default:dirt	0
116	27	80	default:dirt	0
117	27	80	default:dirt	0
118	27	80	default:dirt	0
72	28	80	grug_nodes:dirt_with_silver_litter	0
73	28	80	grug_nodes:dirt_with_silver_litter	0
74	28	80	grug_nodes:dirt_with_silver_litter	0
75	28	80	grug_nodes:dirt_with_silver_litter	0
76	28	80	grug_nodes:dirt_with_silver_litter	0
77	28	80	grug_nodes:dirt_with_silver_litter	0
78	28	80	grug_nodes:dirt_with_silver_litter	0
79	28	80	grug_nodes:dirt_with_silver_litter	0
80	28	80	grug_nodes:dirt_with_silver_litter	0
81	28	80	grug_nodes:dirt_with_silver_litter	0
82	28	80	grug_nodes:dirt_with_silver_litter	0
83	28	80	grug_nodes:dirt_with_silver_litter	0
84	28	80	grug_nodes:dirt_with_silver_litter	0
85	28	80	grug_nodes:dirt_with_silver_litter	0
86	28	80	grug_nodes:dirt_with_silver_litter	0
87	28	80	grug_nodes:dirt_with_silver_litter	0
88	28	80	grug_nodes:dirt_with_silver_litter	0
89	28	80	grug_nodes:dirt_with_silver_litter	0
90	28	80	grug_nodes:dirt_with_silver_litter	0
91	28	80	grug_nodes:dirt_with_silver_litter	0
92	28	80	grug_nodes:dirt_with_silver_litter	0
93	28	80	grug_nodes:dirt_with_silver_litter	0
94	28	80	grug_nodes:dirt_with_silver_litter	0
95	28	80	grug_nodes:dirt_with_silver_litter	0
96	28	80	grug_nodes:dirt_with_silver_litter	0
97	28	80	grug_nodes:dirt_with_silver_litter	0
98	28	80	grug_nodes:dirt_with_silver_litter	0
99	28	80	grug_nodes:dirt_with_silver_litter	0
100	28	80	grug_nodes:dirt_with_silver_litter	0
101	28	80	grug_nodes:dirt_with_silver_litter	0
102	28	80	grug_nodes:dirt_with_silver_litter	0
103	28	80	grug_nodes:dirt_with_silver_litter	0
104	28	80	grug_nodes:dirt_with_silver_litter	0
105	28	80	grug_nodes:dirt_with_silver_litter	0
106	28	80	grug_nodes:dirt_with_silver_litter	0
107	28	80	grug_nodes:dirt_with_silver_litter	0
108	28	80	grug_nodes:dirt_with_silver_litter	0
109	28	80	grug_nodes:dirt_with_silver_litter	0
110	28	80	grug_nodes:dirt_with_silver_litter	0
111	28	80	grug_nodes:dirt_with_silver_litter	0
112	28	80	grug_nodes:dirt_with_silver_litter	0
113	28	80	grug_nodes:dirt_with_silver_litter	0
114	28	80	grug_nodes:dirt_with_silver_litter	0
115	28	80	grug_nodes:dirt_with_silver_litter	0
116	28	80	grug_nodes:dirt_with_silver_litter	0
117	28	80	grug_nodes:dirt_with_silver_litter	0
118	28	80	grug_nodes:dirt_with_silver_litter	0
72	29	80	default:river_water_source	0
73	29	80	default:river_water_source	0
74	29	80	default:river_water_source	0
75	29	80	default:river_water_source	0
76	29	80	default:river_water_source	0
77	29	80	default:river_water_source	0
78	29	80	default:river_water_source	0
79	29	80	default:river_water_source	0
80	29	80	default:river_water_source	0
81	29	80	default:river_water_source	0
82	29	80	default:river_water_source	0
83	29	80	default:river_water_source	0
84	29	80	default:river_water_source	0
85	29	80	default:river_water_source	0
86	29	80	default:river_water_source	0
87	29	80	default:river_water_source	0
88	29	80	default:river_water_source	0
89	29	80	default:river_water_source	0
90	29	80	default:river_water_source	0
91	29	80	default:river_water_source	0
92	29	80	default:river_water_source	0
93	29	80	default:river_water_source	0
94	29	80	default:river_water_source	0
95	29	80	default:river_water_source	0
96	29	80	default:river_water_source	0
97	29	80	default:river_water_source	0
98	29	80	default:river_water_source	0
99	29	80	default:river_water_source	0
100	29	80	default:river_water_source	0
101	29	80	default:river_water_source	0
102	29	80	default:river_water_source	0
103	29	80	default:river_water_source	0
104	29	80	default:river_water_source	0
105	29	80	default:river_water_source	0
106	29	80	default:river_water_source	0
107	29	80	default:river_water_source	0
108	29	80	default:river_water_source	0
109	29	80	default:river_water_source	0
110	29	80	default:river_water_source	0
111	29	80	default:river_water_source	0
112	29	80	default:river_water_source	0
113	29	80	default:river_water_source	0
114	29	80	default:river_water_source	0
115	29	80	default:river_water_source	0
116	29	80	default:river_water_source	0
117	29	80	default:river_water_source	0
118	29	80	default:river_water_source	0
72	30	80	default:river_water_source	0
73	30	80	default:river_water_source	0
74	30	80	default:river_water_source	0
75	30	80	default:river_water_source	0
76	30	80	default:river_water_source	0
77	30	80	default:river_water_source	0
78	30	80	default:river_water_source	0
79	30	80	default:river_water_source	0
80	30	80	default:river_water_source	0
81	30	80	default:river_water_source	0
82	30	80	default:river_water_source	0
83	30	80	default:river_water_source	0
84	30	80	default:river_water_source	0
85	30	80	default:river_water_source	0
86	30	80	default:river_water_source	0
87	30	80	default:river_water_source	0
88	30	80	default:river_water_source	0
89	30	80	default:river_water_source	0
90	30	80	default:river_water_source	0
91	30	80	default:river_water_source	0
92	30	80	default:river_water_source	0
93	30	80	default:river_water_source	0
94	30	80	default:river_water_source	0
95	30	80	default:river_water_source	0
96	30	80	default:river_water_source	0
97	30	80	default:river_water_source	0
98	30	80	default:river_water_source	0
99	30	80	default:river_water_source	0
100	30	80	default:river_water_source	0
101	30	80	default:river_water_source	0
102	30	80	default:river_water_source	0
103	30	80	default:river_water_source	0
104	30	80	default:river_water_source	0
105	30	80	default:river_water_source	0
106	30	80	default:river_water_source	0
107	30	80	default:river_water_source	0
108	30	80	default:river_water_source	0
109	30	80	default:river_water_source	0
110	30	80	default:river_water_source	0
111	30	80	default:river_water_source	0
112	30	80	default:river_water_source	0
113	30	80	default:river_water_source	0
114	30	80	default:river_water_source	0
115	30	80	default:river_water_source	0
116	30	80	default:river_water_source	0
117	30	80	default:river_water_source	0
118	30	80	default:river_water_source	0
72	31	80	default:river_water_source	0
73	31	80	default:river_water_source	0
74	31	80	default:river_water_source	0
75	31	80	default:river_water_source	0
76	31	80	default:river_water_source	0
77	31	80	default:river_water_source	0
78	31	80	default:river_water_source	0
79	31	80	default:river_water_source	0
80	31	80	default:river_water_source	0
81	31	80	default:river_water_source	0
82	31	80	default:river_water_source	0
83	31	80	default:river_water_source	0
84	31	80	default:river_water_source	0
85	31	80	default:river_water_source	0
86	31	80	default:river_water_source	0
87	31	80	default:river_water_source	0
88	31	80	default:river_water_source	0
89	31	80	default:river_water_source	0
90	31	80	default:river_water_source	0
91	31	80	default:river_water_source	0
92	31	80	default:river_water_source	0
93	31	80	default:river_water_source	0
93	31	80	grug_decor:darkage_marble	0
94	31	80	default:river_water_source	0
95	31	80	default:river_water_source	0
96	31	80	default:river_water_source	0
97	31	80	default:river_water_source	0
98	31	80	default:river_water_source	0
99	31	80	default:river_water_source	0
99	31	80	grug_decor:darkage_marble	0
100	31	80	default:river_water_source	0
101	31	80	default:river_water_source	0
102	31	80	default:river_water_source	0
103	31	80	default:river_water_source	0
104	31	80	default:river_water_source	0
105	31	80	default:river_water_source	0
106	31	80	default:river_water_source	0
107	31	80	default:river_water_source	0
108	31	80	default:river_water_source	0
109	31	80	default:river_water_source	0
110	31	80	default:river_water_source	0
111	31	80	default:river_water_source	0
112	31	80	default:river_water_source	0
113	31	80	default:river_water_source	0
114	31	80	default:river_water_source	0
115	31	80	default:river_water_source	0
116	31	80	default:river_water_source	0
117	31	80	default:river_water_source	0
118	31	80	default:river_water_source	0
72	32	80	default:river_water_source	0
73	32	80	default:river_water_source	0
74	32	80	default:river_water_source	0
75	32	80	default:river_water_source	0
76	32	80	default:river_water_source	0
77	32	80	default:river_water_source	0
78	32	80	default:river_water_source	0
79	32	80	default:river_water_source	0
80	32	80	default:river_water_source	0
81	32	80	default:river_water_source	0
82	32	80	default:river_water_source	0
83	32	80	default:river_water_source	0
84	32	80	default:river_water_source	0
85	32	80	default:river_water_source	0
86	32	80	default:river_water_source	0
87	32	80	default:river_water_source	0
88	32	80	default:river_water_source	0
89	32	80	default:river_water_source	0
90	32	80	default:river_water_source	0
91	32	80	default:river_water_source	0
92	32	80	default:river_water_source	0
93	32	80	default:river_water_source	0
93	32	80	grug_decor:darkage_marble	0
94	32	80	default:river_water_source	0
95	32	80	default:river_water_source	0
96	32	80	default:river_water_source	0
97	32	80	default:river_water_source	0
98	32	80	default:river_water_source	0
99	32	80	default:river_water_source	0
99	32	80	grug_decor:darkage_marble	0
100	32	80	default:river_water_source	0
101	32	80	default:river_water_source	0
102	32	80	default:river_water_source	0
103	32	80	default:river_water_source	0
104	32	80	default:river_water_source	0
105	32	80	default:river_water_source	0
106	32	80	default:river_water_source	0
107	32	80	default:river_water_source	0
108	32	80	default:river_water_source	0
109	32	80	default:river_water_source	0
110	32	80	default:river_water_source	0
111	32	80	default:river_water_source	0
112	32	80	default:river_water_source	0
113	32	80	default:river_water_source	0
114	32	80	default:river_water_source	0
115	32	80	default:river_water_source	0
116	32	80	default:river_water_source	0
117	32	80	default:river_water_source	0
118	32	80	default:river_water_source	0
72	33	80	default:river_water_source	0
73	33	80	default:river_water_source	0
74	33	80	default:river_water_source	0
75	33	80	default:river_water_source	0
76	33	80	default:river_water_source	0
77	33	80	default:river_water_source	0
78	33	80	default:river_water_source	0
79	33	80	default:river_water_source	0
80	33	80	default:river_water_source	0
81	33	80	default:river_water_source	0
82	33	80	default:river_water_source	0
83	33	80	default:river_water_source	0
84	33	80	default:river_water_source	0
85	33	80	default:river_water_source	0
86	33	80	default:river_water_source	0
87	33	80	default:river_water_source	0
88	33	80	default:river_water_source	0
89	33	80	default:river_water_source	0
90	33	80	default:river_water_source	0
91	33	80	default:river_water_source	0
92	33	80	default:river_water_source	0
93	33	80	default:river_water_source	0
93	33	80	grug_decor:darkage_marble	0
94	33	80	default:river_water_source	0
95	33	80	default:river_water_source	0
96	33	80	default:river_water_source	0
97	33	80	default:river_water_source	0
98	33	80	default:river_water_source	0
99	33	80	default:river_water_source	0
99	33	80	grug_decor:darkage_marble	0
100	33	80	default:river_water_source	0
101	33	80	default:river_water_source	0
102	33	80	default:river_water_source	0
103	33	80	default:river_water_source	0
104	33	80	default:river_water_source	0
105	33	80	default:river_water_source	0
106	33	80	default:river_water_source	0
107	33	80	default:river_water_source	0
108	33	80	default:river_water_source	0
109	33	80	default:river_water_source	0
110	33	80	default:river_water_source	0
111	33	80	default:river_water_source	0
112	33	80	default:river_water_source	0
113	33	80	default:river_water_source	0
114	33	80	default:river_water_source	0
115	33	80	default:river_water_source	0
116	33	80	default:river_water_source	0
117	33	80	default:river_water_source	0
118	33	80	default:river_water_source	0
72	34	80	default:river_water_source	0
73	34	80	default:river_water_source	0
74	34	80	default:river_water_source	0
75	34	80	default:river_water_source	0
76	34	80	default:river_water_source	0
77	34	80	default:river_water_source	0
78	34	80	default:river_water_source	0
79	34	80	default:river_water_source	0
80	34	80	default:river_water_source	0
81	34	80	default:river_water_source	0
82	34	80	default:river_water_source	0
83	34	80	default:river_water_source	0
84	34	80	default:river_water_source	0
85	34	80	default:river_water_source	0
86	34	80	default:river_water_source	0
87	34	80	default:river_water_source	0
88	34	80	default:river_water_source	0
89	34	80	default:river_water_source	0
90	34	80	default:river_water_source	0
91	34	80	default:river_water_source	0
92	34	80	default:river_water_source	0
93	34	80	default:river_water_source	0
93	34	80	grug_decor:darkage_marble	0
94	34	80	default:river_water_source	0
95	34	80	default:river_water_source	0
96	34	80	default:river_water_source	0
97	34	80	default:river_water_source	0
98	34	80	default:river_water_source	0
99	34	80	default:river_water_source	0
99	34	80	grug_decor:darkage_marble	0
100	34	80	default:river_water_source	0
101	34	80	default:river_water_source	0
102	34	80	default:river_water_source	0
103	34	80	default:river_water_source	0
104	34	80	default:river_water_source	0
105	34	80	default:river_water_source	0
106	34	80	default:river_water_source	0
107	34	80	default:river_water_source	0
108	34	80	default:river_water_source	0
109	34	80	default:river_water_source	0
110	34	80	default:river_water_source	0
111	34	80	default:river_water_source	0
112	34	80	default:river_water_source	0
113	34	80	default:river_water_source	0
114	34	80	default:river_water_source	0
115	34	80	default:river_water_source	0
116	34	80	default:river_water_source	0
117	34	80	default:river_water_source	0
118	34	80	default:river_water_source	0
72	35	80	default:river_water_source	0
73	35	80	default:river_water_source	0
74	35	80	default:river_water_source	0
75	35	80	default:river_water_source	0
76	35	80	default:river_water_source	0
77	35	80	default:river_water_source	0
78	35	80	default:river_water_source	0
79	35	80	default:river_water_source	0
80	35	80	default:river_water_source	0
81	35	80	default:river_water_source	0
82	35	80	default:river_water_source	0
83	35	80	default:river_water_source	0
84	35	80	default:river_water_source	0
85	35	80	default:river_water_source	0
86	35	80	default:river_water_source	0
87	35	80	default:river_water_source	0
88	35	80	default:river_water_source	0
89	35	80	default:river_water_source	0
90	35	80	default:river_water_source	0
91	35	80	default:river_water_source	0
92	35	80	default:river_water_source	0
93	35	80	default:river_water_source	0
93	35	80	grug_decor:darkage_marble	0
94	35	80	default:river_water_source	0
95	35	80	default:river_water_source	0
96	35	80	default:river_water_source	0
97	35	80	default:river_water_source	0
98	35	80	default:river_water_source	0
99	35	80	default:river_water_source	0
99	35	80	grug_decor:darkage_marble	0
100	35	80	default:river_water_source	0
101	35	80	default:river_water_source	0
102	35	80	default:river_water_source	0
103	35	80	default:river_water_source	0
104	35	80	default:river_water_source	0
105	35	80	default:river_water_source	0
106	35	80	default:river_water_source	0
107	35	80	default:river_water_source	0
108	35	80	default:river_water_source	0
109	35	80	default:river_water_source	0
110	35	80	default:river_water_source	0
111	35	80	default:river_water_source	0
112	35	80	default:river_water_source	0
113	35	80	default:river_water_source	0
114	35	80	default:river_water_source	0
115	35	80	default:river_water_source	0
116	35	80	default:river_water_source	0
117	35	80	default:river_water_source	0
118	35	80	default:river_water_source	0
93	36	80	grug_trees:silverwood_wood	0
94	36	80	grug_decor:darkage_serpentine	0
95	36	80	grug_decor:castle_pavement_brick	0
96	36	80	grug_decor:castle_pavement_brick	0
97	36	80	grug_decor:castle_pavement_brick	0
98	36	80	grug_decor:darkage_serpentine	0
99	36	80	grug_trees:silverwood_wood	0
93	37	80	grug_trees:silverwood_tree	0
99	37	80	grug_trees:silverwood_tree	0
93	38	80	grug_trees:silverwood_tree	0
99	38	80	grug_trees:silverwood_tree	0
93	39	80	grug_decor:xdecor_candle	1
99	39	80	grug_decor:xdecor_candle	1
72	25	81	default:dirt	0
73	25	81	default:dirt	0
74	25	81	default:dirt	0
75	25	81	default:dirt	0
76	25	81	default:dirt	0
77	25	81	default:dirt	0
78	25	81	default:dirt	0
79	25	81	default:dirt	0
80	25	81	default:dirt	0
81	25	81	default:dirt	0
82	25	81	default:dirt	0
83	25	81	default:dirt	0
84	25	81	default:dirt	0
85	25	81	default:dirt	0
86	25	81	default:dirt	0
87	25	81	default:dirt	0
88	25	81	default:dirt	0
89	25	81	default:dirt	0
90	25	81	default:dirt	0
91	25	81	default:dirt	0
92	25	81	default:dirt	0
93	25	81	default:dirt	0
94	25	81	default:dirt	0
95	25	81	default:dirt	0
96	25	81	default:dirt	0
97	25	81	default:dirt	0
98	25	81	default:dirt	0
99	25	81	default:dirt	0
100	25	81	default:dirt	0
101	25	81	default:dirt	0
102	25	81	default:dirt	0
103	25	81	default:dirt	0
104	25	81	default:dirt	0
105	25	81	default:dirt	0
106	25	81	default:dirt	0
107	25	81	default:dirt	0
108	25	81	default:dirt	0
109	25	81	default:dirt	0
110	25	81	default:dirt	0
111	25	81	default:dirt	0
112	25	81	default:dirt	0
113	25	81	default:dirt	0
114	25	81	default:dirt	0
115	25	81	default:dirt	0
116	25	81	default:dirt	0
117	25	81	default:dirt	0
118	25	81	default:dirt	0
72	26	81	default:dirt	0
73	26	81	default:dirt	0
74	26	81	default:dirt	0
75	26	81	default:dirt	0
76	26	81	default:dirt	0
77	26	81	default:dirt	0
78	26	81	default:dirt	0
79	26	81	default:dirt	0
80	26	81	default:dirt	0
81	26	81	default:dirt	0
82	26	81	default:dirt	0
83	26	81	default:dirt	0
84	26	81	default:dirt	0
85	26	81	default:dirt	0
86	26	81	default:dirt	0
87	26	81	default:dirt	0
88	26	81	default:dirt	0
89	26	81	default:dirt	0
90	26	81	default:dirt	0
91	26	81	default:dirt	0
92	26	81	default:dirt	0
93	26	81	default:dirt	0
94	26	81	default:dirt	0
95	26	81	default:dirt	0
96	26	81	default:dirt	0
97	26	81	default:dirt	0
98	26	81	default:dirt	0
99	26	81	default:dirt	0
100	26	81	default:dirt	0
101	26	81	default:dirt	0
102	26	81	default:dirt	0
103	26	81	default:dirt	0
104	26	81	default:dirt	0
105	26	81	default:dirt	0
106	26	81	default:dirt	0
107	26	81	default:dirt	0
108	26	81	default:dirt	0
109	26	81	default:dirt	0
110	26	81	default:dirt	0
111	26	81	default:dirt	0
112	26	81	default:dirt	0
113	26	81	default:dirt	0
114	26	81	default:dirt	0
115	26	81	default:dirt	0
116	26	81	default:dirt	0
117	26	81	default:dirt	0
118	26	81	default:dirt	0
72	27	81	default:dirt	0
73	27	81	default:dirt	0
74	27	81	default:dirt	0
75	27	81	default:dirt	0
76	27	81	default:dirt	0
77	27	81	default:dirt	0
78	27	81	default:dirt	0
79	27	81	default:dirt	0
80	27	81	default:dirt	0
81	27	81	default:dirt	0
82	27	81	default:dirt	0
83	27	81	default:dirt	0
84	27	81	default:dirt	0
85	27	81	default:dirt	0
86	27	81	default:dirt	0
87	27	81	default:dirt	0
88	27	81	default:dirt	0
89	27	81	default:dirt	0
90	27	81	default:dirt	0
91	27	81	default:dirt	0
92	27	81	default:dirt	0
93	27	81	default:dirt	0
94	27	81	default:dirt	0
95	27	81	default:dirt	0
96	27	81	default:dirt	0
97	27	81	default:dirt	0
98	27	81	default:dirt	0
99	27	81	default:dirt	0
100	27	81	default:dirt	0
101	27	81	default:dirt	0
102	27	81	default:dirt	0
103	27	81	default:dirt	0
104	27	81	default:dirt	0
105	27	81	default:dirt	0
106	27	81	default:dirt	0
107	27	81	default:dirt	0
108	27	81	default:dirt	0
109	27	81	default:dirt	0
110	27	81	default:dirt	0
111	27	81	default:dirt	0
112	27	81	default:dirt	0
113	27	81	default:dirt	0
114	27	81	default:dirt	0
115	27	81	default:dirt	0
116	27	81	default:dirt	0
117	27	81	default:dirt	0
118	27	81	default:dirt	0
72	28	81	grug_nodes:dirt_with_silver_litter	0
73	28	81	grug_nodes:dirt_with_silver_litter	0
74	28	81	grug_nodes:dirt_with_silver_litter	0
75	28	81	grug_nodes:dirt_with_silver_litter	0
76	28	81	grug_nodes:dirt_with_silver_litter	0
77	28	81	grug_nodes:dirt_with_silver_litter	0
78	28	81	grug_nodes:dirt_with_silver_litter	0
79	28	81	grug_nodes:dirt_with_silver_litter	0
80	28	81	grug_nodes:dirt_with_silver_litter	0
81	28	81	grug_nodes:dirt_with_silver_litter	0
82	28	81	grug_nodes:dirt_with_silver_litter	0
83	28	81	grug_nodes:dirt_with_silver_litter	0
84	28	81	grug_nodes:dirt_with_silver_litter	0
85	28	81	grug_nodes:dirt_with_silver_litter	0
86	28	81	grug_nodes:dirt_with_silver_litter	0
87	28	81	grug_nodes:dirt_with_silver_litter	0
88	28	81	grug_nodes:dirt_with_silver_litter	0
89	28	81	grug_nodes:dirt_with_silver_litter	0
90	28	81	grug_nodes:dirt_with_silver_litter	0
91	28	81	grug_nodes:dirt_with_silver_litter	0
92	28	81	grug_nodes:dirt_with_silver_litter	0
93	28	81	grug_nodes:dirt_with_silver_litter	0
94	28	81	grug_nodes:dirt_with_silver_litter	0
95	28	81	grug_nodes:dirt_with_silver_litter	0
96	28	81	grug_nodes:dirt_with_silver_litter	0
97	28	81	grug_nodes:dirt_with_silver_litter	0
98	28	81	grug_nodes:dirt_with_silver_litter	0
99	28	81	grug_nodes:dirt_with_silver_litter	0
100	28	81	grug_nodes:dirt_with_silver_litter	0
101	28	81	grug_nodes:dirt_with_silver_litter	0
102	28	81	grug_nodes:dirt_with_silver_litter	0
103	28	81	grug_nodes:dirt_with_silver_litter	0
104	28	81	grug_nodes:dirt_with_silver_litter	0
105	28	81	grug_nodes:dirt_with_silver_litter	0
106	28	81	grug_nodes:dirt_with_silver_litter	0
107	28	81	grug_nodes:dirt_with_silver_litter	0
108	28	81	grug_nodes:dirt_with_silver_litter	0
109	28	81	grug_nodes:dirt_with_silver_litter	0
110	28	81	grug_nodes:dirt_with_silver_litter	0
111	28	81	grug_nodes:dirt_with_silver_litter	0
112	28	81	grug_nodes:dirt_with_silver_litter	0
113	28	81	grug_nodes:dirt_with_silver_litter	0
114	28	81	grug_nodes:dirt_with_silver_litter	0
115	28	81	grug_nodes:dirt_with_silver_litter	0
116	28	81	grug_nodes:dirt_with_silver_litter	0
117	28	81	grug_nodes:dirt_with_silver_litter	0
118	28	81	grug_nodes:dirt_with_silver_litter	0
72	29	81	default:river_water_source	0
73	29	81	default:river_water_source	0
74	29	81	default:river_water_source	0
75	29	81	default:river_water_source	0
76	29	81	default:river_water_source	0
77	29	81	default:river_water_source	0
78	29	81	default:river_water_source	0
79	29	81	default:river_water_source	0
80	29	81	default:river_water_source	0
81	29	81	default:river_water_source	0
82	29	81	default:river_water_source	0
83	29	81	default:river_water_source	0
84	29	81	default:river_water_source	0
85	29	81	default:river_water_source	0
86	29	81	default:river_water_source	0
87	29	81	default:river_water_source	0
88	29	81	default:river_water_source	0
89	29	81	default:river_water_source	0
90	29	81	default:river_water_source	0
91	29	81	default:river_water_source	0
92	29	81	default:river_water_source	0
93	29	81	default:river_water_source	0
94	29	81	default:river_water_source	0
95	29	81	default:river_water_source	0
96	29	81	default:river_water_source	0
97	29	81	default:river_water_source	0
98	29	81	default:river_water_source	0
99	29	81	default:river_water_source	0
100	29	81	default:river_water_source	0
101	29	81	default:river_water_source	0
102	29	81	default:river_water_source	0
103	29	81	default:river_water_source	0
104	29	81	default:river_water_source	0
105	29	81	default:river_water_source	0
106	29	81	default:river_water_source	0
107	29	81	default:river_water_source	0
108	29	81	default:river_water_source	0
109	29	81	default:river_water_source	0
110	29	81	default:river_water_source	0
111	29	81	default:river_water_source	0
112	29	81	default:river_water_source	0
113	29	81	default:river_water_source	0
114	29	81	default:river_water_source	0
115	29	81	default:river_water_source	0
116	29	81	default:river_water_source	0
117	29	81	default:river_water_source	0
118	29	81	default:river_water_source	0
72	30	81	default:river_water_source	0
73	30	81	default:river_water_source	0
74	30	81	default:river_water_source	0
75	30	81	default:river_water_source	0
76	30	81	default:river_water_source	0
77	30	81	default:river_water_source	0
78	30	81	default:river_water_source	0
79	30	81	default:river_water_source	0
80	30	81	default:river_water_source	0
81	30	81	default:river_water_source	0
82	30	81	default:river_water_source	0
83	30	81	default:river_water_source	0
84	30	81	default:river_water_source	0
85	30	81	default:river_water_source	0
86	30	81	default:river_water_source	0
87	30	81	default:river_water_source	0
88	30	81	default:river_water_source	0
89	30	81	default:river_water_source	0
90	30	81	default:river_water_source	0
91	30	81	default:river_water_source	0
92	30	81	default:river_water_source	0
93	30	81	default:river_water_source	0
94	30	81	default:river_water_source	0
95	30	81	default:river_water_source	0
96	30	81	default:river_water_source	0
97	30	81	default:river_water_source	0
98	30	81	default:river_water_source	0
99	30	81	default:river_water_source	0
100	30	81	default:river_water_source	0
101	30	81	default:river_water_source	0
102	30	81	default:river_water_source	0
103	30	81	default:river_water_source	0
104	30	81	default:river_water_source	0
105	30	81	default:river_water_source	0
106	30	81	default:river_water_source	0
107	30	81	default:river_water_source	0
108	30	81	default:river_water_source	0
109	30	81	default:river_water_source	0
110	30	81	default:river_water_source	0
111	30	81	default:river_water_source	0
112	30	81	default:river_water_source	0
113	30	81	default:river_water_source	0
114	30	81	default:river_water_source	0
115	30	81	default:river_water_source	0
116	30	81	default:river_water_source	0
117	30	81	default:river_water_source	0
118	30	81	default:river_water_source	0
72	31	81	default:river_water_source	0
73	31	81	default:river_water_source	0
74	31	81	default:river_water_source	0
75	31	81	default:river_water_source	0
76	31	81	default:river_water_source	0
77	31	81	default:river_water_source	0
78	31	81	default:river_water_source	0
79	31	81	default:river_water_source	0
80	31	81	default:river_water_source	0
81	31	81	default:river_water_source	0
82	31	81	default:river_water_source	0
83	31	81	default:river_water_source	0
84	31	81	default:river_water_source	0
85	31	81	default:river_water_source	0
86	31	81	default:river_water_source	0
87	31	81	default:river_water_source	0
88	31	81	default:river_water_source	0
89	31	81	default:river_water_source	0
90	31	81	default:river_water_source	0
91	31	81	default:river_water_source	0
92	31	81	default:river_water_source	0
93	31	81	default:river_water_source	0
94	31	81	default:river_water_source	0
95	31	81	default:river_water_source	0
96	31	81	default:river_water_source	0
97	31	81	default:river_water_source	0
98	31	81	default:river_water_source	0
99	31	81	default:river_water_source	0
100	31	81	default:river_water_source	0
101	31	81	default:river_water_source	0
102	31	81	default:river_water_source	0
103	31	81	default:river_water_source	0
104	31	81	default:river_water_source	0
105	31	81	default:river_water_source	0
106	31	81	default:river_water_source	0
107	31	81	default:river_water_source	0
108	31	81	default:river_water_source	0
109	31	81	default:river_water_source	0
110	31	81	default:river_water_source	0
111	31	81	default:river_water_source	0
112	31	81	default:river_water_source	0
113	31	81	default:river_water_source	0
114	31	81	default:river_water_source	0
115	31	81	default:river_water_source	0
116	31	81	default:river_water_source	0
117	31	81	default:river_water_source	0
118	31	81	default:river_water_source	0
72	32	81	default:river_water_source	0
73	32	81	default:river_water_source	0
74	32	81	default:river_water_source	0
75	32	81	default:river_water_source	0
76	32	81	default:river_water_source	0
77	32	81	default:river_water_source	0
78	32	81	default:river_water_source	0
79	32	81	default:river_water_source	0
80	32	81	default:river_water_source	0
81	32	81	default:river_water_source	0
82	32	81	default:river_water_source	0
83	32	81	default:river_water_source	0
84	32	81	default:river_water_source	0
85	32	81	default:river_water_source	0
86	32	81	default:river_water_source	0
87	32	81	default:river_water_source	0
88	32	81	default:river_water_source	0
89	32	81	default:river_water_source	0
90	32	81	default:river_water_source	0
91	32	81	default:river_water_source	0
92	32	81	default:river_water_source	0
93	32	81	default:river_water_source	0
94	32	81	default:river_water_source	0
95	32	81	default:river_water_source	0
96	32	81	default:river_water_source	0
97	32	81	default:river_water_source	0
98	32	81	default:river_water_source	0
99	32	81	default:river_water_source	0
100	32	81	default:river_water_source	0
101	32	81	default:river_water_source	0
102	32	81	default:river_water_source	0
103	32	81	default:river_water_source	0
104	32	81	default:river_water_source	0
105	32	81	default:river_water_source	0
106	32	81	default:river_water_source	0
107	32	81	default:river_water_source	0
108	32	81	default:river_water_source	0
109	32	81	default:river_water_source	0
110	32	81	default:river_water_source	0
111	32	81	default:river_water_source	0
112	32	81	default:river_water_source	0
113	32	81	default:river_water_source	0
114	32	81	default:river_water_source	0
115	32	81	default:river_water_source	0
116	32	81	default:river_water_source	0
117	32	81	default:river_water_source	0
118	32	81	default:river_water_source	0
72	33	81	default:river_water_source	0
73	33	81	default:river_water_source	0
74	33	81	default:river_water_source	0
75	33	81	default:river_water_source	0
76	33	81	default:river_water_source	0
77	33	81	default:river_water_source	0
78	33	81	default:river_water_source	0
79	33	81	default:river_water_source	0
80	33	81	default:river_water_source	0
81	33	81	default:river_water_source	0
82	33	81	default:river_water_source	0
83	33	81	default:river_water_source	0
84	33	81	default:river_water_source	0
85	33	81	default:river_water_source	0
86	33	81	default:river_water_source	0
87	33	81	default:river_water_source	0
88	33	81	default:river_water_source	0
89	33	81	default:river_water_source	0
90	33	81	default:river_water_source	0
91	33	81	default:river_water_source	0
92	33	81	default:river_water_source	0
93	33	81	default:river_water_source	0
94	33	81	default:river_water_source	0
95	33	81	default:river_water_source	0
96	33	81	default:river_water_source	0
97	33	81	default:river_water_source	0
98	33	81	default:river_water_source	0
99	33	81	default:river_water_source	0
100	33	81	default:river_water_source	0
101	33	81	default:river_water_source	0
102	33	81	default:river_water_source	0
103	33	81	default:river_water_source	0
104	33	81	default:river_water_source	0
105	33	81	default:river_water_source	0
106	33	81	default:river_water_source	0
107	33	81	default:river_water_source	0
108	33	81	default:river_water_source	0
109	33	81	default:river_water_source	0
110	33	81	default:river_water_source	0
111	33	81	default:river_water_source	0
112	33	81	default:river_water_source	0
113	33	81	default:river_water_source	0
114	33	81	default:river_water_source	0
115	33	81	default:river_water_source	0
116	33	81	default:river_water_source	0
117	33	81	default:river_water_source	0
118	33	81	default:river_water_source	0
72	34	81	default:river_water_source	0
73	34	81	default:river_water_source	0
74	34	81	default:river_water_source	0
75	34	81	default:river_water_source	0
76	34	81	default:river_water_source	0
77	34	81	default:river_water_source	0
78	34	81	default:river_water_source	0
79	34	81	default:river_water_source	0
80	34	81	default:river_water_source	0
81	34	81	default:river_water_source	0
82	34	81	default:river_water_source	0
83	34	81	default:river_water_source	0
84	34	81	default:river_water_source	0
85	34	81	default:river_water_source	0
86	34	81	default:river_water_source	0
87	34	81	default:river_water_source	0
88	34	81	default:river_water_source	0
89	34	81	default:river_water_source	0
90	34	81	default:river_water_source	0
91	34	81	default:river_water_source	0
92	34	81	default:river_water_source	0
93	34	81	default:river_water_source	0
94	34	81	default:river_water_source	0
95	34	81	default:river_water_source	0
96	34	81	default:river_water_source	0
97	34	81	default:river_water_source	0
98	34	81	default:river_water_source	0
99	34	81	default:river_water_source	0
100	34	81	default:river_water_source	0
101	34	81	default:river_water_source	0
102	34	81	default:river_water_source	0
103	34	81	default:river_water_source	0
104	34	81	default:river_water_source	0
105	34	81	default:river_water_source	0
106	34	81	default:river_water_source	0
107	34	81	default:river_water_source	0
108	34	81	default:river_water_source	0
109	34	81	default:river_water_source	0
110	34	81	default:river_water_source	0
111	34	81	default:river_water_source	0
112	34	81	default:river_water_source	0
113	34	81	default:river_water_source	0
114	34	81	default:river_water_source	0
115	34	81	default:river_water_source	0
116	34	81	default:river_water_source	0
117	34	81	default:river_water_source	0
118	34	81	default:river_water_source	0
72	35	81	default:river_water_source	0
73	35	81	default:river_water_source	0
74	35	81	default:river_water_source	0
75	35	81	default:river_water_source	0
76	35	81	default:river_water_source	0
77	35	81	default:river_water_source	0
78	35	81	default:river_water_source	0
79	35	81	default:river_water_source	0
80	35	81	default:river_water_source	0
81	35	81	default:river_water_source	0
82	35	81	default:river_water_source	0
83	35	81	default:river_water_source	0
84	35	81	default:river_water_source	0
85	35	81	default:river_water_source	0
86	35	81	default:river_water_source	0
87	35	81	default:river_water_source	0
88	35	81	default:river_water_source	0
89	35	81	default:river_water_source	0
90	35	81	default:river_water_source	0
91	35	81	default:river_water_source	0
92	35	81	default:river_water_source	0
93	35	81	default:river_water_source	0
94	35	81	default:river_water_source	0
95	35	81	default:river_water_source	0
96	35	81	default:river_water_source	0
97	35	81	default:river_water_source	0
98	35	81	default:river_water_source	0
99	35	81	default:river_water_source	0
100	35	81	default:river_water_source	0
101	35	81	default:river_water_source	0
102	35	81	default:river_water_source	0
103	35	81	default:river_water_source	0
104	35	81	default:river_water_source	0
105	35	81	default:river_water_source	0
106	35	81	default:river_water_source	0
107	35	81	default:river_water_source	0
108	35	81	default:river_water_source	0
109	35	81	default:river_water_source	0
110	35	81	default:river_water_source	0
111	35	81	default:river_water_source	0
112	35	81	default:river_water_source	0
113	35	81	default:river_water_source	0
114	35	81	default:river_water_source	0
115	35	81	default:river_water_source	0
116	35	81	default:river_water_source	0
117	35	81	default:river_water_source	0
118	35	81	default:river_water_source	0
93	36	81	grug_trees:silverwood_wood	0
94	36	81	grug_decor:darkage_serpentine	0
95	36	81	grug_decor:castle_pavement_brick	0
96	36	81	grug_decor:castle_pavement_brick	0
97	36	81	grug_decor:castle_pavement_brick	0
98	36	81	grug_decor:darkage_serpentine	0
99	36	81	grug_trees:silverwood_wood	0
93	37	81	default:fence_aspen_wood	0
99	37	81	default:fence_aspen_wood	0
72	25	82	default:dirt	0
73	25	82	default:dirt	0
74	25	82	default:dirt	0
75	25	82	default:dirt	0
76	25	82	default:dirt	0
77	25	82	default:dirt	0
78	25	82	default:dirt	0
79	25	82	default:dirt	0
80	25	82	default:dirt	0
81	25	82	default:dirt	0
82	25	82	default:dirt	0
83	25	82	default:dirt	0
84	25	82	default:dirt	0
85	25	82	default:dirt	0
86	25	82	default:dirt	0
87	25	82	default:dirt	0
88	25	82	default:dirt	0
89	25	82	default:dirt	0
90	25	82	default:dirt	0
91	25	82	default:dirt	0
92	25	82	default:dirt	0
93	25	82	default:dirt	0
94	25	82	default:dirt	0
95	25	82	default:dirt	0
96	25	82	default:dirt	0
97	25	82	default:dirt	0
98	25	82	default:dirt	0
99	25	82	default:dirt	0
100	25	82	default:dirt	0
101	25	82	default:dirt	0
102	25	82	default:dirt	0
103	25	82	default:dirt	0
104	25	82	default:dirt	0
105	25	82	default:dirt	0
106	25	82	default:dirt	0
107	25	82	default:dirt	0
108	25	82	default:dirt	0
109	25	82	default:dirt	0
110	25	82	default:dirt	0
111	25	82	default:dirt	0
112	25	82	default:dirt	0
113	25	82	default:dirt	0
114	25	82	default:dirt	0
115	25	82	default:dirt	0
116	25	82	default:dirt	0
117	25	82	default:dirt	0
118	25	82	default:dirt	0
72	26	82	default:dirt	0
73	26	82	default:dirt	0
74	26	82	default:dirt	0
75	26	82	default:dirt	0
76	26	82	default:dirt	0
77	26	82	default:dirt	0
78	26	82	default:dirt	0
79	26	82	default:dirt	0
80	26	82	default:dirt	0
81	26	82	default:dirt	0
82	26	82	default:dirt	0
83	26	82	default:dirt	0
84	26	82	default:dirt	0
85	26	82	default:dirt	0
86	26	82	default:dirt	0
87	26	82	default:dirt	0
88	26	82	default:dirt	0
89	26	82	default:dirt	0
90	26	82	default:dirt	0
91	26	82	default:dirt	0
92	26	82	default:dirt	0
93	26	82	default:dirt	0
94	26	82	default:dirt	0
95	26	82	default:dirt	0
96	26	82	default:dirt	0
97	26	82	default:dirt	0
98	26	82	default:dirt	0
99	26	82	default:dirt	0
100	26	82	default:dirt	0
101	26	82	default:dirt	0
102	26	82	default:dirt	0
103	26	82	default:dirt	0
104	26	82	default:dirt	0
105	26	82	default:dirt	0
106	26	82	default:dirt	0
107	26	82	default:dirt	0
108	26	82	default:dirt	0
109	26	82	default:dirt	0
110	26	82	default:dirt	0
111	26	82	default:dirt	0
112	26	82	default:dirt	0
113	26	82	default:dirt	0
114	26	82	default:dirt	0
115	26	82	default:dirt	0
116	26	82	default:dirt	0
117	26	82	default:dirt	0
118	26	82	default:dirt	0
72	27	82	default:dirt	0
73	27	82	default:dirt	0
74	27	82	default:dirt	0
75	27	82	default:dirt	0
76	27	82	default:dirt	0
77	27	82	default:dirt	0
78	27	82	default:dirt	0
79	27	82	default:dirt	0
80	27	82	default:dirt	0
81	27	82	default:dirt	0
82	27	82	default:dirt	0
83	27	82	default:dirt	0
84	27	82	default:dirt	0
85	27	82	default:dirt	0
86	27	82	default:dirt	0
87	27	82	default:dirt	0
88	27	82	default:dirt	0
89	27	82	default:dirt	0
90	27	82	default:dirt	0
91	27	82	default:dirt	0
92	27	82	default:dirt	0
93	27	82	default:dirt	0
94	27	82	default:dirt	0
95	27	82	default:dirt	0
96	27	82	default:dirt	0
97	27	82	default:dirt	0
98	27	82	default:dirt	0
99	27	82	default:dirt	0
100	27	82	default:dirt	0
101	27	82	default:dirt	0
102	27	82	default:dirt	0
103	27	82	default:dirt	0
104	27	82	default:dirt	0
105	27	82	default:dirt	0
106	27	82	default:dirt	0
107	27	82	default:dirt	0
108	27	82	default:dirt	0
109	27	82	default:dirt	0
110	27	82	default:dirt	0
111	27	82	default:dirt	0
112	27	82	default:dirt	0
113	27	82	default:dirt	0
114	27	82	default:dirt	0
115	27	82	default:dirt	0
116	27	82	default:dirt	0
117	27	82	default:dirt	0
118	27	82	default:dirt	0
72	28	82	grug_nodes:dirt_with_silver_litter	0
73	28	82	grug_nodes:dirt_with_silver_litter	0
74	28	82	grug_nodes:dirt_with_silver_litter	0
75	28	82	grug_nodes:dirt_with_silver_litter	0
76	28	82	grug_nodes:dirt_with_silver_litter	0
77	28	82	grug_nodes:dirt_with_silver_litter	0
78	28	82	grug_nodes:dirt_with_silver_litter	0
79	28	82	grug_nodes:dirt_with_silver_litter	0
80	28	82	grug_nodes:dirt_with_silver_litter	0
81	28	82	grug_nodes:dirt_with_silver_litter	0
82	28	82	grug_nodes:dirt_with_silver_litter	0
83	28	82	grug_nodes:dirt_with_silver_litter	0
84	28	82	grug_nodes:dirt_with_silver_litter	0
85	28	82	grug_nodes:dirt_with_silver_litter	0
86	28	82	grug_nodes:dirt_with_silver_litter	0
87	28	82	grug_nodes:dirt_with_silver_litter	0
88	28	82	grug_nodes:dirt_with_silver_litter	0
89	28	82	grug_nodes:dirt_with_silver_litter	0
90	28	82	grug_nodes:dirt_with_silver_litter	0
91	28	82	grug_nodes:dirt_with_silver_litter	0
92	28	82	grug_nodes:dirt_with_silver_litter	0
93	28	82	grug_nodes:dirt_with_silver_litter	0
94	28	82	grug_nodes:dirt_with_silver_litter	0
95	28	82	grug_nodes:dirt_with_silver_litter	0
96	28	82	grug_nodes:dirt_with_silver_litter	0
97	28	82	grug_nodes:dirt_with_silver_litter	0
98	28	82	grug_nodes:dirt_with_silver_litter	0
99	28	82	grug_nodes:dirt_with_silver_litter	0
100	28	82	grug_nodes:dirt_with_silver_litter	0
101	28	82	grug_nodes:dirt_with_silver_litter	0
102	28	82	grug_nodes:dirt_with_silver_litter	0
103	28	82	grug_nodes:dirt_with_silver_litter	0
104	28	82	grug_nodes:dirt_with_silver_litter	0
105	28	82	grug_nodes:dirt_with_silver_litter	0
106	28	82	grug_nodes:dirt_with_silver_litter	0
107	28	82	grug_nodes:dirt_with_silver_litter	0
108	28	82	grug_nodes:dirt_with_silver_litter	0
109	28	82	grug_nodes:dirt_with_silver_litter	0
110	28	82	grug_nodes:dirt_with_silver_litter	0
111	28	82	grug_nodes:dirt_with_silver_litter	0
112	28	82	grug_nodes:dirt_with_silver_litter	0
113	28	82	grug_nodes:dirt_with_silver_litter	0
114	28	82	grug_nodes:dirt_with_silver_litter	0
115	28	82	grug_nodes:dirt_with_silver_litter	0
116	28	82	grug_nodes:dirt_with_silver_litter	0
117	28	82	grug_nodes:dirt_with_silver_litter	0
118	28	82	grug_nodes:dirt_with_silver_litter	0
72	29	82	default:river_water_source	0
73	29	82	default:river_water_source	0
74	29	82	default:river_water_source	0
75	29	82	default:river_water_source	0
76	29	82	default:river_water_source	0
77	29	82	default:river_water_source	0
78	29	82	default:river_water_source	0
79	29	82	default:river_water_source	0
80	29	82	default:river_water_source	0
81	29	82	default:river_water_source	0
82	29	82	default:river_water_source	0
83	29	82	default:river_water_source	0
84	29	82	default:river_water_source	0
85	29	82	default:river_water_source	0
86	29	82	default:river_water_source	0
87	29	82	default:river_water_source	0
88	29	82	default:river_water_source	0
89	29	82	default:river_water_source	0
90	29	82	default:river_water_source	0
91	29	82	default:river_water_source	0
92	29	82	default:river_water_source	0
93	29	82	default:river_water_source	0
94	29	82	default:river_water_source	0
95	29	82	default:river_water_source	0
96	29	82	default:river_water_source	0
97	29	82	default:river_water_source	0
98	29	82	default:river_water_source	0
99	29	82	default:river_water_source	0
100	29	82	default:river_water_source	0
101	29	82	default:river_water_source	0
102	29	82	default:river_water_source	0
103	29	82	default:river_water_source	0
104	29	82	default:river_water_source	0
105	29	82	default:river_water_source	0
106	29	82	default:river_water_source	0
107	29	82	default:river_water_source	0
108	29	82	default:river_water_source	0
109	29	82	default:river_water_source	0
110	29	82	default:river_water_source	0
111	29	82	default:river_water_source	0
112	29	82	default:river_water_source	0
113	29	82	default:river_water_source	0
114	29	82	default:river_water_source	0
115	29	82	default:river_water_source	0
116	29	82	default:river_water_source	0
117	29	82	default:river_water_source	0
118	29	82	default:river_water_source	0
72	30	82	default:river_water_source	0
73	30	82	default:river_water_source	0
74	30	82	default:river_water_source	0
75	30	82	default:river_water_source	0
76	30	82	default:river_water_source	0
77	30	82	default:river_water_source	0
78	30	82	default:river_water_source	0
79	30	82	default:river_water_source	0
80	30	82	default:river_water_source	0
81	30	82	default:river_water_source	0
82	30	82	default:river_water_source	0
83	30	82	default:river_water_source	0
84	30	82	default:river_water_source	0
85	30	82	default:river_water_source	0
86	30	82	default:river_water_source	0
87	30	82	default:river_water_source	0
88	30	82	default:river_water_source	0
89	30	82	default:river_water_source	0
90	30	82	default:river_water_source	0
91	30	82	default:river_water_source	0
92	30	82	default:river_water_source	0
93	30	82	default:river_water_source	0
94	30	82	default:river_water_source	0
95	30	82	default:river_water_source	0
96	30	82	default:river_water_source	0
97	30	82	default:river_water_source	0
98	30	82	default:river_water_source	0
99	30	82	default:river_water_source	0
100	30	82	default:river_water_source	0
101	30	82	default:river_water_source	0
102	30	82	default:river_water_source	0
103	30	82	default:river_water_source	0
104	30	82	default:river_water_source	0
105	30	82	default:river_water_source	0
106	30	82	default:river_water_source	0
107	30	82	default:river_water_source	0
108	30	82	default:river_water_source	0
109	30	82	default:river_water_source	0
110	30	82	default:river_water_source	0
111	30	82	default:river_water_source	0
112	30	82	default:river_water_source	0
113	30	82	default:river_water_source	0
114	30	82	default:river_water_source	0
115	30	82	default:river_water_source	0
116	30	82	default:river_water_source	0
117	30	82	default:river_water_source	0
118	30	82	default:river_water_source	0
72	31	82	default:river_water_source	0
73	31	82	default:river_water_source	0
74	31	82	default:river_water_source	0
75	31	82	default:river_water_source	0
76	31	82	default:river_water_source	0
77	31	82	default:river_water_source	0
78	31	82	default:river_water_source	0
79	31	82	default:river_water_source	0
80	31	82	default:river_water_source	0
81	31	82	default:river_water_source	0
82	31	82	default:river_water_source	0
83	31	82	default:river_water_source	0
84	31	82	default:river_water_source	0
85	31	82	default:river_water_source	0
86	31	82	default:river_water_source	0
87	31	82	default:river_water_source	0
88	31	82	default:river_water_source	0
89	31	82	default:river_water_source	0
90	31	82	default:river_water_source	0
91	31	82	default:river_water_source	0
92	31	82	default:river_water_source	0
93	31	82	default:river_water_source	0
94	31	82	default:river_water_source	0
95	31	82	default:river_water_source	0
96	31	82	default:river_water_source	0
97	31	82	default:river_water_source	0
98	31	82	default:river_water_source	0
99	31	82	default:river_water_source	0
100	31	82	default:river_water_source	0
101	31	82	default:river_water_source	0
102	31	82	default:river_water_source	0
103	31	82	default:river_water_source	0
104	31	82	default:river_water_source	0
105	31	82	default:river_water_source	0
106	31	82	default:river_water_source	0
107	31	82	default:river_water_source	0
108	31	82	default:river_water_source	0
109	31	82	default:river_water_source	0
110	31	82	default:river_water_source	0
111	31	82	default:river_water_source	0
112	31	82	default:river_water_source	0
113	31	82	default:river_water_source	0
114	31	82	default:river_water_source	0
115	31	82	default:river_water_source	0
116	31	82	default:river_water_source	0
117	31	82	default:river_water_source	0
118	31	82	default:river_water_source	0
72	32	82	default:river_water_source	0
73	32	82	default:river_water_source	0
74	32	82	default:river_water_source	0
75	32	82	default:river_water_source	0
76	32	82	default:river_water_source	0
77	32	82	default:river_water_source	0
78	32	82	default:river_water_source	0
79	32	82	default:river_water_source	0
80	32	82	default:river_water_source	0
81	32	82	default:river_water_source	0
82	32	82	default:river_water_source	0
83	32	82	default:river_water_source	0
84	32	82	default:river_water_source	0
85	32	82	default:river_water_source	0
86	32	82	default:river_water_source	0
87	32	82	default:river_water_source	0
88	32	82	default:river_water_source	0
89	32	82	default:river_water_source	0
90	32	82	default:river_water_source	0
91	32	82	default:river_water_source	0
92	32	82	default:river_water_source	0
93	32	82	default:river_water_source	0
94	32	82	default:river_water_source	0
95	32	82	default:river_water_source	0
96	32	82	default:river_water_source	0
97	32	82	default:river_water_source	0
98	32	82	default:river_water_source	0
99	32	82	default:river_water_source	0
100	32	82	default:river_water_source	0
101	32	82	default:river_water_source	0
102	32	82	default:river_water_source	0
103	32	82	default:river_water_source	0
104	32	82	default:river_water_source	0
105	32	82	default:river_water_source	0
106	32	82	default:river_water_source	0
107	32	82	default:river_water_source	0
108	32	82	default:river_water_source	0
109	32	82	default:river_water_source	0
110	32	82	default:river_water_source	0
111	32	82	default:river_water_source	0
112	32	82	default:river_water_source	0
113	32	82	default:river_water_source	0
114	32	82	default:river_water_source	0
115	32	82	default:river_water_source	0
116	32	82	default:river_water_source	0
117	32	82	default:river_water_source	0
118	32	82	default:river_water_source	0
72	33	82	default:river_water_source	0
73	33	82	default:river_water_source	0
74	33	82	default:river_water_source	0
75	33	82	default:river_water_source	0
76	33	82	default:river_water_source	0
77	33	82	default:river_water_source	0
78	33	82	default:river_water_source	0
79	33	82	default:river_water_source	0
80	33	82	default:river_water_source	0
81	33	82	default:river_water_source	0
82	33	82	default:river_water_source	0
83	33	82	default:river_water_source	0
84	33	82	default:river_water_source	0
85	33	82	default:river_water_source	0
86	33	82	default:river_water_source	0
87	33	82	default:river_water_source	0
88	33	82	default:river_water_source	0
89	33	82	default:river_water_source	0
90	33	82	default:river_water_source	0
91	33	82	default:river_water_source	0
92	33	82	default:river_water_source	0
93	33	82	default:river_water_source	0
94	33	82	default:river_water_source	0
95	33	82	default:river_water_source	0
96	33	82	default:river_water_source	0
97	33	82	default:river_water_source	0
98	33	82	default:river_water_source	0
99	33	82	default:river_water_source	0
100	33	82	default:river_water_source	0
101	33	82	default:river_water_source	0
102	33	82	default:river_water_source	0
103	33	82	default:river_water_source	0
104	33	82	default:river_water_source	0
105	33	82	default:river_water_source	0
106	33	82	default:river_water_source	0
107	33	82	default:river_water_source	0
108	33	82	default:river_water_source	0
109	33	82	default:river_water_source	0
110	33	82	default:river_water_source	0
111	33	82	default:river_water_source	0
112	33	82	default:river_water_source	0
113	33	82	default:river_water_source	0
114	33	82	default:river_water_source	0
115	33	82	default:river_water_source	0
116	33	82	default:river_water_source	0
117	33	82	default:river_water_source	0
118	33	82	default:river_water_source	0
72	34	82	default:river_water_source	0
73	34	82	default:river_water_source	0
74	34	82	default:river_water_source	0
75	34	82	default:river_water_source	0
76	34	82	default:river_water_source	0
77	34	82	default:river_water_source	0
78	34	82	default:river_water_source	0
79	34	82	default:river_water_source	0
80	34	82	default:river_water_source	0
81	34	82	default:river_water_source	0
82	34	82	default:river_water_source	0
83	34	82	default:river_water_source	0
84	34	82	default:river_water_source	0
85	34	82	default:river_water_source	0
86	34	82	default:river_water_source	0
87	34	82	default:river_water_source	0
88	34	82	default:river_water_source	0
89	34	82	default:river_water_source	0
90	34	82	default:river_water_source	0
91	34	82	default:river_water_source	0
92	34	82	default:river_water_source	0
93	34	82	default:river_water_source	0
94	34	82	default:river_water_source	0
95	34	82	default:river_water_source	0
96	34	82	default:river_water_source	0
97	34	82	default:river_water_source	0
98	34	82	default:river_water_source	0
99	34	82	default:river_water_source	0
100	34	82	default:river_water_source	0
101	34	82	default:river_water_source	0
102	34	82	default:river_water_source	0
103	34	82	default:river_water_source	0
104	34	82	default:river_water_source	0
105	34	82	default:river_water_source	0
106	34	82	default:river_water_source	0
107	34	82	default:river_water_source	0
108	34	82	default:river_water_source	0
109	34	82	default:river_water_source	0
110	34	82	default:river_water_source	0
111	34	82	default:river_water_source	0
112	34	82	default:river_water_source	0
113	34	82	default:river_water_source	0
114	34	82	default:river_water_source	0
115	34	82	default:river_water_source	0
116	34	82	default:river_water_source	0
117	34	82	default:river_water_source	0
118	34	82	default:river_water_source	0
72	35	82	default:river_water_source	0
73	35	82	default:river_water_source	0
74	35	82	default:river_water_source	0
75	35	82	default:river_water_source	0
76	35	82	default:river_water_source	0
77	35	82	default:river_water_source	0
78	35	82	default:river_water_source	0
79	35	82	default:river_water_source	0
80	35	82	default:river_water_source	0
81	35	82	default:river_water_source	0
82	35	82	default:river_water_source	0
83	35	82	default:river_water_source	0
84	35	82	default:river_water_source	0
85	35	82	default:river_water_source	0
86	35	82	default:river_water_source	0
87	35	82	default:river_water_source	0
88	35	82	default:river_water_source	0
89	35	82	default:river_water_source	0
90	35	82	default:river_water_source	0
91	35	82	default:river_water_source	0
92	35	82	default:river_water_source	0
93	35	82	default:river_water_source	0
94	35	82	default:river_water_source	0
95	35	82	default:river_water_source	0
96	35	82	default:river_water_source	0
97	35	82	default:river_water_source	0
98	35	82	default:river_water_source	0
99	35	82	default:river_water_source	0
100	35	82	default:river_water_source	0
101	35	82	default:river_water_source	0
102	35	82	default:river_water_source	0
103	35	82	default:river_water_source	0
104	35	82	default:river_water_source	0
105	35	82	default:river_water_source	0
106	35	82	default:river_water_source	0
107	35	82	default:river_water_source	0
108	35	82	default:river_water_source	0
109	35	82	default:river_water_source	0
110	35	82	default:river_water_source	0
111	35	82	default:river_water_source	0
112	35	82	default:river_water_source	0
113	35	82	default:river_water_source	0
114	35	82	default:river_water_source	0
115	35	82	default:river_water_source	0
116	35	82	default:river_water_source	0
117	35	82	default:river_water_source	0
118	35	82	default:river_water_source	0
93	36	82	grug_trees:silverwood_wood	0
94	36	82	grug_decor:darkage_serpentine	0
95	36	82	grug_decor:castle_pavement_brick	0
96	36	82	grug_decor:castle_pavement_brick	0
97	36	82	grug_decor:castle_pavement_brick	0
98	36	82	grug_decor:darkage_serpentine	0
99	36	82	grug_trees:silverwood_wood	0
93	37	82	default:fence_aspen_wood	0
99	37	82	default:fence_aspen_wood	0
72	25	83	default:dirt	0
73	25	83	default:dirt	0
74	25	83	default:dirt	0
75	25	83	default:dirt	0
76	25	83	default:dirt	0
77	25	83	default:dirt	0
78	25	83	default:dirt	0
79	25	83	default:dirt	0
80	25	83	default:dirt	0
81	25	83	default:dirt	0
82	25	83	default:dirt	0
83	25	83	default:dirt	0
84	25	83	default:dirt	0
85	25	83	default:dirt	0
86	25	83	default:dirt	0
87	25	83	default:dirt	0
92	25	83	default:dirt	0
93	25	83	default:dirt	0
94	25	83	default:dirt	0
95	25	83	default:dirt	0
96	25	83	default:dirt	0
97	25	83	default:dirt	0
98	25	83	default:dirt	0
99	25	83	default:dirt	0
100	25	83	default:dirt	0
101	25	83	default:dirt	0
102	25	83	default:dirt	0
103	25	83	default:dirt	0
104	25	83	default:dirt	0
105	25	83	default:dirt	0
106	25	83	default:dirt	0
107	25	83	default:dirt	0
108	25	83	default:dirt	0
109	25	83	default:dirt	0
110	25	83	default:dirt	0
111	25	83	default:dirt	0
112	25	83	default:dirt	0
113	25	83	default:dirt	0
114	25	83	default:dirt	0
115	25	83	default:dirt	0
116	25	83	default:dirt	0
117	25	83	default:dirt	0
118	25	83	default:dirt	0
72	26	83	default:dirt	0
73	26	83	default:dirt	0
74	26	83	default:dirt	0
75	26	83	default:dirt	0
76	26	83	default:dirt	0
77	26	83	default:dirt	0
78	26	83	default:dirt	0
79	26	83	default:dirt	0
80	26	83	default:dirt	0
81	26	83	default:dirt	0
82	26	83	default:dirt	0
83	26	83	default:dirt	0
84	26	83	default:dirt	0
85	26	83	default:dirt	0
86	26	83	default:dirt	0
87	26	83	default:dirt	0
88	26	83	default:dirt	0
89	26	83	default:dirt	0
90	26	83	default:dirt	0
91	26	83	default:dirt	0
92	26	83	default:dirt	0
93	26	83	default:dirt	0
94	26	83	default:dirt	0
95	26	83	default:dirt	0
96	26	83	default:dirt	0
97	26	83	default:dirt	0
98	26	83	default:dirt	0
99	26	83	default:dirt	0
100	26	83	default:dirt	0
101	26	83	default:dirt	0
102	26	83	default:dirt	0
103	26	83	default:dirt	0
104	26	83	default:dirt	0
105	26	83	default:dirt	0
106	26	83	default:dirt	0
107	26	83	default:dirt	0
108	26	83	default:dirt	0
109	26	83	default:dirt	0
110	26	83	default:dirt	0
111	26	83	default:dirt	0
112	26	83	default:dirt	0
113	26	83	default:dirt	0
114	26	83	default:dirt	0
115	26	83	default:dirt	0
116	26	83	default:dirt	0
117	26	83	default:dirt	0
118	26	83	default:dirt	0
72	27	83	default:dirt	0
73	27	83	default:dirt	0
74	27	83	default:dirt	0
75	27	83	default:dirt	0
76	27	83	default:dirt	0
77	27	83	default:dirt	0
78	27	83	default:dirt	0
79	27	83	default:dirt	0
80	27	83	default:dirt	0
81	27	83	default:dirt	0
82	27	83	default:dirt	0
83	27	83	default:dirt	0
84	27	83	default:dirt	0
85	27	83	default:dirt	0
86	27	83	default:dirt	0
87	27	83	default:dirt	0
88	27	83	default:dirt	0
89	27	83	default:dirt	0
90	27	83	default:dirt	0
91	27	83	default:dirt	0
92	27	83	default:dirt	0
93	27	83	default:dirt	0
94	27	83	default:dirt	0
95	27	83	default:dirt	0
96	27	83	default:dirt	0
97	27	83	default:dirt	0
98	27	83	default:dirt	0
99	27	83	default:dirt	0
100	27	83	default:dirt	0
101	27	83	default:dirt	0
102	27	83	default:dirt	0
103	27	83	default:dirt	0
104	27	83	default:dirt	0
105	27	83	default:dirt	0
106	27	83	default:dirt	0
107	27	83	default:dirt	0
108	27	83	default:dirt	0
109	27	83	default:dirt	0
110	27	83	default:dirt	0
111	27	83	default:dirt	0
112	27	83	default:dirt	0
113	27	83	default:dirt	0
114	27	83	default:dirt	0
115	27	83	default:dirt	0
116	27	83	default:dirt	0
117	27	83	default:dirt	0
118	27	83	default:dirt	0
72	28	83	grug_nodes:dirt_with_silver_litter	0
73	28	83	grug_nodes:dirt_with_silver_litter	0
74	28	83	grug_nodes:dirt_with_silver_litter	0
75	28	83	grug_nodes:dirt_with_silver_litter	0
76	28	83	grug_nodes:dirt_with_silver_litter	0
77	28	83	grug_nodes:dirt_with_silver_litter	0
78	28	83	grug_nodes:dirt_with_silver_litter	0
79	28	83	grug_nodes:dirt_with_silver_litter	0
80	28	83	grug_nodes:dirt_with_silver_litter	0
81	28	83	grug_nodes:dirt_with_silver_litter	0
82	28	83	grug_nodes:dirt_with_silver_litter	0
83	28	83	grug_nodes:dirt_with_silver_litter	0
84	28	83	grug_nodes:dirt_with_silver_litter	0
85	28	83	grug_nodes:dirt_with_silver_litter	0
86	28	83	grug_nodes:dirt_with_silver_litter	0
87	28	83	grug_nodes:dirt_with_silver_litter	0
88	28	83	default:dirt	0
89	28	83	default:dirt	0
90	28	83	default:dirt	0
91	28	83	default:dirt	0
92	28	83	grug_nodes:dirt_with_silver_litter	0
93	28	83	grug_nodes:dirt_with_silver_litter	0
94	28	83	grug_nodes:dirt_with_silver_litter	0
95	28	83	grug_nodes:dirt_with_silver_litter	0
96	28	83	grug_nodes:dirt_with_silver_litter	0
97	28	83	grug_nodes:dirt_with_silver_litter	0
98	28	83	grug_nodes:dirt_with_silver_litter	0
99	28	83	grug_nodes:dirt_with_silver_litter	0
100	28	83	grug_nodes:dirt_with_silver_litter	0
101	28	83	grug_nodes:dirt_with_silver_litter	0
102	28	83	grug_nodes:dirt_with_silver_litter	0
103	28	83	grug_nodes:dirt_with_silver_litter	0
104	28	83	grug_nodes:dirt_with_silver_litter	0
105	28	83	grug_nodes:dirt_with_silver_litter	0
106	28	83	grug_nodes:dirt_with_silver_litter	0
107	28	83	grug_nodes:dirt_with_silver_litter	0
108	28	83	grug_nodes:dirt_with_silver_litter	0
109	28	83	grug_nodes:dirt_with_silver_litter	0
110	28	83	grug_nodes:dirt_with_silver_litter	0
111	28	83	grug_nodes:dirt_with_silver_litter	0
112	28	83	grug_nodes:dirt_with_silver_litter	0
113	28	83	grug_nodes:dirt_with_silver_litter	0
114	28	83	grug_nodes:dirt_with_silver_litter	0
115	28	83	grug_nodes:dirt_with_silver_litter	0
116	28	83	grug_nodes:dirt_with_silver_litter	0
117	28	83	grug_nodes:dirt_with_silver_litter	0
118	28	83	grug_nodes:dirt_with_silver_litter	0
72	29	83	default:river_water_source	0
73	29	83	default:river_water_source	0
74	29	83	default:river_water_source	0
75	29	83	default:river_water_source	0
76	29	83	default:river_water_source	0
77	29	83	default:river_water_source	0
78	29	83	default:river_water_source	0
79	29	83	default:river_water_source	0
80	29	83	default:river_water_source	0
81	29	83	default:river_water_source	0
82	29	83	default:river_water_source	0
83	29	83	default:river_water_source	0
84	29	83	default:river_water_source	0
85	29	83	default:river_water_source	0
86	29	83	default:river_water_source	0
87	29	83	default:river_water_source	0
88	29	83	grug_nodes:dirt_with_silver_litter	0
89	29	83	grug_nodes:dirt_with_silver_litter	0
90	29	83	grug_nodes:dirt_with_silver_litter	0
91	29	83	grug_nodes:dirt_with_silver_litter	0
92	29	83	default:river_water_source	0
93	29	83	default:river_water_source	0
94	29	83	default:river_water_source	0
95	29	83	default:river_water_source	0
96	29	83	default:river_water_source	0
97	29	83	default:river_water_source	0
98	29	83	default:river_water_source	0
99	29	83	default:river_water_source	0
100	29	83	default:river_water_source	0
101	29	83	default:river_water_source	0
102	29	83	default:river_water_source	0
103	29	83	default:river_water_source	0
104	29	83	default:river_water_source	0
105	29	83	default:river_water_source	0
106	29	83	default:river_water_source	0
107	29	83	default:river_water_source	0
108	29	83	default:river_water_source	0
109	29	83	default:river_water_source	0
110	29	83	default:river_water_source	0
111	29	83	default:river_water_source	0
112	29	83	default:river_water_source	0
113	29	83	default:river_water_source	0
114	29	83	default:river_water_source	0
115	29	83	default:river_water_source	0
116	29	83	default:river_water_source	0
117	29	83	default:river_water_source	0
118	29	83	default:river_water_source	0
72	30	83	default:river_water_source	0
73	30	83	default:river_water_source	0
74	30	83	default:river_water_source	0
75	30	83	default:river_water_source	0
76	30	83	default:river_water_source	0
77	30	83	default:river_water_source	0
78	30	83	default:river_water_source	0
79	30	83	default:river_water_source	0
80	30	83	default:river_water_source	0
81	30	83	default:river_water_source	0
82	30	83	default:river_water_source	0
83	30	83	default:river_water_source	0
84	30	83	default:river_water_source	0
85	30	83	default:river_water_source	0
86	30	83	default:river_water_source	0
87	30	83	default:river_water_source	0
88	30	83	default:river_water_source	0
89	30	83	default:river_water_source	0
90	30	83	default:river_water_source	0
91	30	83	default:river_water_source	0
92	30	83	default:river_water_source	0
93	30	83	default:river_water_source	0
94	30	83	default:river_water_source	0
95	30	83	default:river_water_source	0
96	30	83	default:river_water_source	0
97	30	83	default:river_water_source	0
98	30	83	default:river_water_source	0
99	30	83	default:river_water_source	0
100	30	83	default:river_water_source	0
101	30	83	default:river_water_source	0
102	30	83	default:river_water_source	0
103	30	83	default:river_water_source	0
104	30	83	default:river_water_source	0
105	30	83	default:river_water_source	0
106	30	83	default:river_water_source	0
107	30	83	default:river_water_source	0
108	30	83	default:river_water_source	0
109	30	83	default:river_water_source	0
110	30	83	default:river_water_source	0
111	30	83	default:river_water_source	0
112	30	83	default:river_water_source	0
113	30	83	default:river_water_source	0
114	30	83	default:river_water_source	0
115	30	83	default:river_water_source	0
116	30	83	default:river_water_source	0
117	30	83	default:river_water_source	0
118	30	83	default:river_water_source	0
72	31	83	default:river_water_source	0
73	31	83	default:river_water_source	0
74	31	83	default:river_water_source	0
75	31	83	default:river_water_source	0
76	31	83	default:river_water_source	0
77	31	83	default:river_water_source	0
78	31	83	default:river_water_source	0
79	31	83	default:river_water_source	0
80	31	83	default:river_water_source	0
81	31	83	default:river_water_source	0
82	31	83	default:river_water_source	0
83	31	83	default:river_water_source	0
84	31	83	default:river_water_source	0
85	31	83	default:river_water_source	0
86	31	83	default:river_water_source	0
87	31	83	default:river_water_source	0
88	31	83	default:river_water_source	0
89	31	83	default:river_water_source	0
90	31	83	default:river_water_source	0
91	31	83	default:river_water_source	0
92	31	83	default:river_water_source	0
93	31	83	default:river_water_source	0
94	31	83	default:river_water_source	0
95	31	83	default:river_water_source	0
96	31	83	default:river_water_source	0
97	31	83	default:river_water_source	0
98	31	83	default:river_water_source	0
99	31	83	default:river_water_source	0
100	31	83	default:river_water_source	0
101	31	83	default:river_water_source	0
102	31	83	default:river_water_source	0
103	31	83	default:river_water_source	0
104	31	83	default:river_water_source	0
105	31	83	default:river_water_source	0
106	31	83	default:river_water_source	0
107	31	83	default:river_water_source	0
108	31	83	default:river_water_source	0
109	31	83	default:river_water_source	0
110	31	83	default:river_water_source	0
111	31	83	default:river_water_source	0
112	31	83	default:river_water_source	0
113	31	83	default:river_water_source	0
114	31	83	default:river_water_source	0
115	31	83	default:river_water_source	0
116	31	83	default:river_water_source	0
117	31	83	default:river_water_source	0
118	31	83	default:river_water_source	0
72	32	83	default:river_water_source	0
73	32	83	default:river_water_source	0
74	32	83	default:river_water_source	0
75	32	83	default:river_water_source	0
76	32	83	default:river_water_source	0
77	32	83	default:river_water_source	0
78	32	83	default:river_water_source	0
79	32	83	default:river_water_source	0
80	32	83	default:river_water_source	0
81	32	83	default:river_water_source	0
82	32	83	default:river_water_source	0
83	32	83	default:river_water_source	0
84	32	83	default:river_water_source	0
85	32	83	default:river_water_source	0
86	32	83	default:river_water_source	0
87	32	83	default:river_water_source	0
88	32	83	default:river_water_source	0
89	32	83	default:river_water_source	0
90	32	83	default:river_water_source	0
91	32	83	default:river_water_source	0
92	32	83	default:river_water_source	0
93	32	83	default:river_water_source	0
94	32	83	default:river_water_source	0
95	32	83	default:river_water_source	0
96	32	83	default:river_water_source	0
97	32	83	default:river_water_source	0
98	32	83	default:river_water_source	0
99	32	83	default:river_water_source	0
100	32	83	default:river_water_source	0
101	32	83	default:river_water_source	0
102	32	83	default:river_water_source	0
103	32	83	default:river_water_source	0
104	32	83	default:river_water_source	0
105	32	83	default:river_water_source	0
106	32	83	default:river_water_source	0
107	32	83	default:river_water_source	0
108	32	83	default:river_water_source	0
109	32	83	default:river_water_source	0
110	32	83	default:river_water_source	0
111	32	83	default:river_water_source	0
112	32	83	default:river_water_source	0
113	32	83	default:river_water_source	0
114	32	83	default:river_water_source	0
115	32	83	default:river_water_source	0
116	32	83	default:river_water_source	0
117	32	83	default:river_water_source	0
118	32	83	default:river_water_source	0
72	33	83	default:river_water_source	0
73	33	83	default:river_water_source	0
74	33	83	default:river_water_source	0
75	33	83	default:river_water_source	0
76	33	83	default:river_water_source	0
77	33	83	default:river_water_source	0
78	33	83	default:river_water_source	0
79	33	83	default:river_water_source	0
80	33	83	default:river_water_source	0
81	33	83	default:river_water_source	0
82	33	83	default:river_water_source	0
83	33	83	default:river_water_source	0
84	33	83	default:river_water_source	0
85	33	83	default:river_water_source	0
86	33	83	default:river_water_source	0
87	33	83	default:river_water_source	0
88	33	83	default:river_water_source	0
89	33	83	default:river_water_source	0
90	33	83	default:river_water_source	0
91	33	83	default:river_water_source	0
92	33	83	default:river_water_source	0
93	33	83	default:river_water_source	0
94	33	83	default:river_water_source	0
95	33	83	default:river_water_source	0
96	33	83	default:river_water_source	0
97	33	83	default:river_water_source	0
98	33	83	default:river_water_source	0
99	33	83	default:river_water_source	0
100	33	83	default:river_water_source	0
101	33	83	default:river_water_source	0
102	33	83	default:river_water_source	0
103	33	83	default:river_water_source	0
104	33	83	default:river_water_source	0
105	33	83	default:river_water_source	0
106	33	83	default:river_water_source	0
107	33	83	default:river_water_source	0
108	33	83	default:river_water_source	0
109	33	83	default:river_water_source	0
110	33	83	default:river_water_source	0
111	33	83	default:river_water_source	0
112	33	83	default:river_water_source	0
113	33	83	default:river_water_source	0
114	33	83	default:river_water_source	0
115	33	83	default:river_water_source	0
116	33	83	default:river_water_source	0
117	33	83	default:river_water_source	0
118	33	83	default:river_water_source	0
72	34	83	default:river_water_source	0
73	34	83	default:river_water_source	0
74	34	83	default:river_water_source	0
75	34	83	default:river_water_source	0
76	34	83	default:river_water_source	0
77	34	83	default:river_water_source	0
78	34	83	default:river_water_source	0
79	34	83	default:river_water_source	0
80	34	83	default:river_water_source	0
81	34	83	default:river_water_source	0
82	34	83	default:river_water_source	0
83	34	83	default:river_water_source	0
84	34	83	default:river_water_source	0
85	34	83	default:river_water_source	0
86	34	83	default:river_water_source	0
87	34	83	default:river_water_source	0
88	34	83	default:river_water_source	0
89	34	83	default:river_water_source	0
90	34	83	default:river_water_source	0
91	34	83	default:river_water_source	0
92	34	83	default:river_water_source	0
93	34	83	default:river_water_source	0
94	34	83	default:river_water_source	0
95	34	83	default:river_water_source	0
96	34	83	default:river_water_source	0
97	34	83	default:river_water_source	0
98	34	83	default:river_water_source	0
99	34	83	default:river_water_source	0
100	34	83	default:river_water_source	0
101	34	83	default:river_water_source	0
102	34	83	default:river_water_source	0
103	34	83	default:river_water_source	0
104	34	83	default:river_water_source	0
105	34	83	default:river_water_source	0
106	34	83	default:river_water_source	0
107	34	83	default:river_water_source	0
108	34	83	default:river_water_source	0
109	34	83	default:river_water_source	0
110	34	83	default:river_water_source	0
111	34	83	default:river_water_source	0
112	34	83	default:river_water_source	0
113	34	83	default:river_water_source	0
114	34	83	default:river_water_source	0
115	34	83	default:river_water_source	0
116	34	83	default:river_water_source	0
117	34	83	default:river_water_source	0
118	34	83	default:river_water_source	0
72	35	83	default:river_water_source	0
73	35	83	default:river_water_source	0
74	35	83	default:river_water_source	0
75	35	83	default:river_water_source	0
76	35	83	default:river_water_source	0
77	35	83	default:river_water_source	0
78	35	83	default:river_water_source	0
79	35	83	default:river_water_source	0
80	35	83	default:river_water_source	0
81	35	83	default:river_water_source	0
82	35	83	default:river_water_source	0
83	35	83	default:river_water_source	0
84	35	83	default:river_water_source	0
85	35	83	default:river_water_source	0
86	35	83	default:river_water_source	0
87	35	83	default:river_water_source	0
88	35	83	default:river_water_source	0
89	35	83	default:river_water_source	0
90	35	83	default:river_water_source	0
91	35	83	default:river_water_source	0
92	35	83	default:river_water_source	0
93	35	83	default:river_water_source	0
94	35	83	default:river_water_source	0
95	35	83	default:river_water_source	0
96	35	83	default:river_water_source	0
97	35	83	default:river_water_source	0
98	35	83	default:river_water_source	0
99	35	83	default:river_water_source	0
100	35	83	default:river_water_source	0
101	35	83	default:river_water_source	0
102	35	83	default:river_water_source	0
103	35	83	default:river_water_source	0
104	35	83	default:river_water_source	0
105	35	83	default:river_water_source	0
106	35	83	default:river_water_source	0
107	35	83	default:river_water_source	0
108	35	83	default:river_water_source	0
109	35	83	default:river_water_source	0
110	35	83	default:river_water_source	0
111	35	83	default:river_water_source	0
112	35	83	default:river_water_source	0
113	35	83	default:river_water_source	0
114	35	83	default:river_water_source	0
115	35	83	default:river_water_source	0
116	35	83	default:river_water_source	0
117	35	83	default:river_water_source	0
118	35	83	default:river_water_source	0
93	36	83	grug_trees:silverwood_wood	0
94	36	83	grug_decor:darkage_serpentine	0
95	36	83	grug_decor:castle_pavement_brick	0
96	36	83	grug_decor:castle_pavement_brick	0
97	36	83	grug_decor:castle_pavement_brick	0
98	36	83	grug_decor:darkage_serpentine	0
99	36	83	grug_trees:silverwood_wood	0
93	37	83	default:fence_aspen_wood	0
99	37	83	default:fence_aspen_wood	0
72	25	84	default:dirt	0
73	25	84	default:dirt	0
74	25	84	default:dirt	0
75	25	84	default:dirt	0
76	25	84	default:dirt	0
77	25	84	default:dirt	0
78	25	84	default:dirt	0
79	25	84	default:dirt	0
80	25	84	default:dirt	0
81	25	84	default:dirt	0
82	25	84	default:dirt	0
96	25	84	default:dirt	0
97	25	84	default:dirt	0
98	25	84	default:dirt	0
99	25	84	default:dirt	0
100	25	84	default:dirt	0
101	25	84	default:dirt	0
102	25	84	default:dirt	0
103	25	84	default:dirt	0
104	25	84	default:dirt	0
105	25	84	default:dirt	0
106	25	84	default:dirt	0
107	25	84	default:dirt	0
108	25	84	default:dirt	0
109	25	84	default:dirt	0
110	25	84	default:dirt	0
111	25	84	default:dirt	0
112	25	84	default:dirt	0
113	25	84	default:dirt	0
114	25	84	default:dirt	0
115	25	84	default:dirt	0
116	25	84	default:dirt	0
117	25	84	default:dirt	0
118	25	84	default:dirt	0
72	26	84	default:dirt	0
73	26	84	default:dirt	0
74	26	84	default:dirt	0
75	26	84	default:dirt	0
76	26	84	default:dirt	0
77	26	84	default:dirt	0
78	26	84	default:dirt	0
79	26	84	default:dirt	0
80	26	84	default:dirt	0
81	26	84	default:dirt	0
82	26	84	default:dirt	0
83	26	84	default:dirt	0
84	26	84	default:dirt	0
85	26	84	default:dirt	0
86	26	84	default:dirt	0
87	26	84	default:dirt	0
88	26	84	default:dirt	0
89	26	84	default:dirt	0
90	26	84	default:dirt	0
91	26	84	default:dirt	0
92	26	84	default:dirt	0
93	26	84	default:dirt	0
94	26	84	default:dirt	0
95	26	84	default:dirt	0
96	26	84	default:dirt	0
97	26	84	default:dirt	0
98	26	84	default:dirt	0
99	26	84	default:dirt	0
100	26	84	default:dirt	0
101	26	84	default:dirt	0
102	26	84	default:dirt	0
103	26	84	default:dirt	0
104	26	84	default:dirt	0
105	26	84	default:dirt	0
106	26	84	default:dirt	0
107	26	84	default:dirt	0
108	26	84	default:dirt	0
109	26	84	default:dirt	0
110	26	84	default:dirt	0
111	26	84	default:dirt	0
112	26	84	default:dirt	0
113	26	84	default:dirt	0
114	26	84	default:dirt	0
115	26	84	default:dirt	0
116	26	84	default:dirt	0
117	26	84	default:dirt	0
118	26	84	default:dirt	0
72	27	84	default:dirt	0
73	27	84	default:dirt	0
74	27	84	default:dirt	0
75	27	84	default:dirt	0
76	27	84	default:dirt	0
77	27	84	default:dirt	0
78	27	84	default:dirt	0
79	27	84	default:dirt	0
80	27	84	default:dirt	0
81	27	84	default:dirt	0
82	27	84	default:dirt	0
83	27	84	default:dirt	0
84	27	84	default:dirt	0
85	27	84	default:dirt	0
86	27	84	default:dirt	0
87	27	84	default:dirt	0
88	27	84	default:dirt	0
89	27	84	default:dirt	0
90	27	84	default:dirt	0
91	27	84	default:dirt	0
92	27	84	default:dirt	0
93	27	84	default:dirt	0
94	27	84	default:dirt	0
95	27	84	default:dirt	0
96	27	84	default:dirt	0
97	27	84	default:dirt	0
98	27	84	default:dirt	0
99	27	84	default:dirt	0
100	27	84	default:dirt	0
101	27	84	default:dirt	0
102	27	84	default:dirt	0
103	27	84	default:dirt	0
104	27	84	default:dirt	0
105	27	84	default:dirt	0
106	27	84	default:dirt	0
107	27	84	default:dirt	0
108	27	84	default:dirt	0
109	27	84	default:dirt	0
110	27	84	default:dirt	0
111	27	84	default:dirt	0
112	27	84	default:dirt	0
113	27	84	default:dirt	0
114	27	84	default:dirt	0
115	27	84	default:dirt	0
116	27	84	default:dirt	0
117	27	84	default:dirt	0
118	27	84	default:dirt	0
72	28	84	grug_nodes:dirt_with_silver_litter	0
73	28	84	grug_nodes:dirt_with_silver_litter	0
74	28	84	grug_nodes:dirt_with_silver_litter	0
75	28	84	grug_nodes:dirt_with_silver_litter	0
76	28	84	grug_nodes:dirt_with_silver_litter	0
77	28	84	grug_nodes:dirt_with_silver_litter	0
78	28	84	grug_nodes:dirt_with_silver_litter	0
79	28	84	grug_nodes:dirt_with_silver_litter	0
80	28	84	grug_nodes:dirt_with_silver_litter	0
81	28	84	grug_nodes:dirt_with_silver_litter	0
82	28	84	grug_nodes:dirt_with_silver_litter	0
83	28	84	default:dirt	0
84	28	84	default:dirt	0
85	28	84	default:dirt	0
86	28	84	default:dirt	0
87	28	84	default:dirt	0
88	28	84	default:dirt	0
89	28	84	default:dirt	0
90	28	84	default:dirt	0
91	28	84	default:dirt	0
92	28	84	default:dirt	0
93	28	84	default:dirt	0
94	28	84	default:dirt	0
95	28	84	default:dirt	0
96	28	84	grug_nodes:dirt_with_silver_litter	0
97	28	84	grug_nodes:dirt_with_silver_litter	0
98	28	84	grug_nodes:dirt_with_silver_litter	0
99	28	84	grug_nodes:dirt_with_silver_litter	0
100	28	84	grug_nodes:dirt_with_silver_litter	0
101	28	84	grug_nodes:dirt_with_silver_litter	0
102	28	84	grug_nodes:dirt_with_silver_litter	0
103	28	84	grug_nodes:dirt_with_silver_litter	0
104	28	84	grug_nodes:dirt_with_silver_litter	0
105	28	84	grug_nodes:dirt_with_silver_litter	0
106	28	84	grug_nodes:dirt_with_silver_litter	0
107	28	84	grug_nodes:dirt_with_silver_litter	0
108	28	84	grug_nodes:dirt_with_silver_litter	0
109	28	84	grug_nodes:dirt_with_silver_litter	0
110	28	84	grug_nodes:dirt_with_silver_litter	0
111	28	84	grug_nodes:dirt_with_silver_litter	0
112	28	84	grug_nodes:dirt_with_silver_litter	0
113	28	84	grug_nodes:dirt_with_silver_litter	0
114	28	84	grug_nodes:dirt_with_silver_litter	0
115	28	84	grug_nodes:dirt_with_silver_litter	0
116	28	84	grug_nodes:dirt_with_silver_litter	0
117	28	84	grug_nodes:dirt_with_silver_litter	0
118	28	84	grug_nodes:dirt_with_silver_litter	0
72	29	84	default:river_water_source	0
73	29	84	default:river_water_source	0
74	29	84	default:river_water_source	0
75	29	84	default:river_water_source	0
76	29	84	default:river_water_source	0
77	29	84	default:river_water_source	0
78	29	84	default:river_water_source	0
79	29	84	default:river_water_source	0
80	29	84	default:river_water_source	0
81	29	84	default:river_water_source	0
82	29	84	default:river_water_source	0
83	29	84	grug_nodes:dirt_with_silver_litter	0
84	29	84	grug_nodes:dirt_with_silver_litter	0
85	29	84	grug_nodes:dirt_with_silver_litter	0
86	29	84	grug_nodes:dirt_with_silver_litter	0
87	29	84	grug_nodes:dirt_with_silver_litter	0
88	29	84	grug_nodes:dirt_with_silver_litter	0
89	29	84	grug_nodes:dirt_with_silver_litter	0
90	29	84	grug_nodes:dirt_with_silver_litter	0
91	29	84	grug_nodes:dirt_with_silver_litter	0
92	29	84	grug_nodes:dirt_with_silver_litter	0
93	29	84	grug_nodes:dirt_with_silver_litter	0
94	29	84	grug_nodes:dirt_with_silver_litter	0
95	29	84	grug_nodes:dirt_with_silver_litter	0
96	29	84	default:river_water_source	0
97	29	84	default:river_water_source	0
98	29	84	default:river_water_source	0
99	29	84	default:river_water_source	0
100	29	84	default:river_water_source	0
101	29	84	default:river_water_source	0
102	29	84	default:river_water_source	0
103	29	84	default:river_water_source	0
104	29	84	default:river_water_source	0
105	29	84	default:river_water_source	0
106	29	84	default:river_water_source	0
107	29	84	default:river_water_source	0
108	29	84	default:river_water_source	0
109	29	84	default:river_water_source	0
110	29	84	default:river_water_source	0
111	29	84	default:river_water_source	0
112	29	84	default:river_water_source	0
113	29	84	default:river_water_source	0
114	29	84	default:river_water_source	0
115	29	84	default:river_water_source	0
116	29	84	default:river_water_source	0
117	29	84	default:river_water_source	0
118	29	84	default:river_water_source	0
72	30	84	default:river_water_source	0
73	30	84	default:river_water_source	0
74	30	84	default:river_water_source	0
75	30	84	default:river_water_source	0
76	30	84	default:river_water_source	0
77	30	84	default:river_water_source	0
78	30	84	default:river_water_source	0
79	30	84	default:river_water_source	0
80	30	84	default:river_water_source	0
81	30	84	default:river_water_source	0
82	30	84	default:river_water_source	0
83	30	84	default:river_water_source	0
84	30	84	default:river_water_source	0
85	30	84	default:river_water_source	0
86	30	84	default:river_water_source	0
87	30	84	default:river_water_source	0
88	30	84	default:river_water_source	0
89	30	84	default:river_water_source	0
90	30	84	default:river_water_source	0
91	30	84	default:river_water_source	0
92	30	84	default:river_water_source	0
93	30	84	default:river_water_source	0
94	30	84	default:river_water_source	0
95	30	84	default:river_water_source	0
96	30	84	default:river_water_source	0
97	30	84	default:river_water_source	0
98	30	84	default:river_water_source	0
99	30	84	default:river_water_source	0
100	30	84	default:river_water_source	0
101	30	84	default:river_water_source	0
102	30	84	default:river_water_source	0
103	30	84	default:river_water_source	0
104	30	84	default:river_water_source	0
105	30	84	default:river_water_source	0
106	30	84	default:river_water_source	0
107	30	84	default:river_water_source	0
108	30	84	default:river_water_source	0
109	30	84	default:river_water_source	0
110	30	84	default:river_water_source	0
111	30	84	default:river_water_source	0
112	30	84	default:river_water_source	0
113	30	84	default:river_water_source	0
114	30	84	default:river_water_source	0
115	30	84	default:river_water_source	0
116	30	84	default:river_water_source	0
117	30	84	default:river_water_source	0
118	30	84	default:river_water_source	0
72	31	84	default:river_water_source	0
73	31	84	default:river_water_source	0
74	31	84	default:river_water_source	0
75	31	84	default:river_water_source	0
76	31	84	default:river_water_source	0
77	31	84	default:river_water_source	0
78	31	84	default:river_water_source	0
79	31	84	default:river_water_source	0
80	31	84	default:river_water_source	0
81	31	84	default:river_water_source	0
82	31	84	default:river_water_source	0
83	31	84	default:river_water_source	0
84	31	84	default:river_water_source	0
85	31	84	default:river_water_source	0
86	31	84	default:river_water_source	0
87	31	84	default:river_water_source	0
88	31	84	default:river_water_source	0
89	31	84	default:river_water_source	0
90	31	84	default:river_water_source	0
91	31	84	default:river_water_source	0
92	31	84	default:river_water_source	0
93	31	84	default:river_water_source	0
94	31	84	default:river_water_source	0
95	31	84	default:river_water_source	0
96	31	84	default:river_water_source	0
97	31	84	default:river_water_source	0
98	31	84	default:river_water_source	0
99	31	84	default:river_water_source	0
100	31	84	default:river_water_source	0
101	31	84	default:river_water_source	0
102	31	84	default:river_water_source	0
103	31	84	default:river_water_source	0
104	31	84	default:river_water_source	0
105	31	84	default:river_water_source	0
106	31	84	default:river_water_source	0
107	31	84	default:river_water_source	0
108	31	84	default:river_water_source	0
109	31	84	default:river_water_source	0
110	31	84	default:river_water_source	0
111	31	84	default:river_water_source	0
112	31	84	default:river_water_source	0
113	31	84	default:river_water_source	0
114	31	84	default:river_water_source	0
115	31	84	default:river_water_source	0
116	31	84	default:river_water_source	0
117	31	84	default:river_water_source	0
118	31	84	default:river_water_source	0
72	32	84	default:river_water_source	0
73	32	84	default:river_water_source	0
74	32	84	default:river_water_source	0
75	32	84	default:river_water_source	0
76	32	84	default:river_water_source	0
77	32	84	default:river_water_source	0
78	32	84	default:river_water_source	0
79	32	84	default:river_water_source	0
80	32	84	default:river_water_source	0
81	32	84	default:river_water_source	0
82	32	84	default:river_water_source	0
83	32	84	default:river_water_source	0
84	32	84	default:river_water_source	0
85	32	84	default:river_water_source	0
86	32	84	default:river_water_source	0
87	32	84	default:river_water_source	0
88	32	84	default:river_water_source	0
89	32	84	default:river_water_source	0
90	32	84	default:river_water_source	0
91	32	84	default:river_water_source	0
92	32	84	default:river_water_source	0
93	32	84	default:river_water_source	0
94	32	84	default:river_water_source	0
95	32	84	default:river_water_source	0
96	32	84	default:river_water_source	0
97	32	84	default:river_water_source	0
98	32	84	default:river_water_source	0
99	32	84	default:river_water_source	0
100	32	84	default:river_water_source	0
101	32	84	default:river_water_source	0
102	32	84	default:river_water_source	0
103	32	84	default:river_water_source	0
104	32	84	default:river_water_source	0
105	32	84	default:river_water_source	0
106	32	84	default:river_water_source	0
107	32	84	default:river_water_source	0
108	32	84	default:river_water_source	0
109	32	84	default:river_water_source	0
110	32	84	default:river_water_source	0
111	32	84	default:river_water_source	0
112	32	84	default:river_water_source	0
113	32	84	default:river_water_source	0
114	32	84	default:river_water_source	0
115	32	84	default:river_water_source	0
116	32	84	default:river_water_source	0
117	32	84	default:river_water_source	0
118	32	84	default:river_water_source	0
72	33	84	default:river_water_source	0
73	33	84	default:river_water_source	0
74	33	84	default:river_water_source	0
75	33	84	default:river_water_source	0
76	33	84	default:river_water_source	0
77	33	84	default:river_water_source	0
78	33	84	default:river_water_source	0
79	33	84	default:river_water_source	0
80	33	84	default:river_water_source	0
81	33	84	default:river_water_source	0
82	33	84	default:river_water_source	0
83	33	84	default:river_water_source	0
84	33	84	default:river_water_source	0
85	33	84	default:river_water_source	0
86	33	84	default:river_water_source	0
87	33	84	default:river_water_source	0
88	33	84	default:river_water_source	0
89	33	84	default:river_water_source	0
90	33	84	default:river_water_source	0
91	33	84	default:river_water_source	0
92	33	84	default:river_water_source	0
93	33	84	default:river_water_source	0
94	33	84	default:river_water_source	0
95	33	84	default:river_water_source	0
96	33	84	default:river_water_source	0
97	33	84	default:river_water_source	0
98	33	84	default:river_water_source	0
99	33	84	default:river_water_source	0
100	33	84	default:river_water_source	0
101	33	84	default:river_water_source	0
102	33	84	default:river_water_source	0
103	33	84	default:river_water_source	0
104	33	84	default:river_water_source	0
105	33	84	default:river_water_source	0
106	33	84	default:river_water_source	0
107	33	84	default:river_water_source	0
108	33	84	default:river_water_source	0
109	33	84	default:river_water_source	0
110	33	84	default:river_water_source	0
111	33	84	default:river_water_source	0
112	33	84	default:river_water_source	0
113	33	84	default:river_water_source	0
114	33	84	default:river_water_source	0
115	33	84	default:river_water_source	0
116	33	84	default:river_water_source	0
117	33	84	default:river_water_source	0
118	33	84	default:river_water_source	0
72	34	84	default:river_water_source	0
73	34	84	default:river_water_source	0
74	34	84	default:river_water_source	0
75	34	84	default:river_water_source	0
76	34	84	default:river_water_source	0
77	34	84	default:river_water_source	0
78	34	84	default:river_water_source	0
79	34	84	default:river_water_source	0
80	34	84	default:river_water_source	0
81	34	84	default:river_water_source	0
82	34	84	default:river_water_source	0
83	34	84	default:river_water_source	0
84	34	84	default:river_water_source	0
85	34	84	default:river_water_source	0
86	34	84	default:river_water_source	0
87	34	84	default:river_water_source	0
88	34	84	default:river_water_source	0
89	34	84	default:river_water_source	0
90	34	84	default:river_water_source	0
91	34	84	default:river_water_source	0
92	34	84	default:river_water_source	0
93	34	84	default:river_water_source	0
94	34	84	default:river_water_source	0
95	34	84	default:river_water_source	0
96	34	84	default:river_water_source	0
97	34	84	default:river_water_source	0
98	34	84	default:river_water_source	0
99	34	84	default:river_water_source	0
100	34	84	default:river_water_source	0
101	34	84	default:river_water_source	0
102	34	84	default:river_water_source	0
103	34	84	default:river_water_source	0
104	34	84	default:river_water_source	0
105	34	84	default:river_water_source	0
106	34	84	default:river_water_source	0
107	34	84	default:river_water_source	0
108	34	84	default:river_water_source	0
109	34	84	default:river_water_source	0
110	34	84	default:river_water_source	0
111	34	84	default:river_water_source	0
112	34	84	default:river_water_source	0
113	34	84	default:river_water_source	0
114	34	84	default:river_water_source	0
115	34	84	default:river_water_source	0
116	34	84	default:river_water_source	0
117	34	84	default:river_water_source	0
118	34	84	default:river_water_source	0
72	35	84	default:river_water_source	0
73	35	84	default:river_water_source	0
74	35	84	default:river_water_source	0
75	35	84	default:river_water_source	0
76	35	84	default:river_water_source	0
77	35	84	default:river_water_source	0
78	35	84	default:river_water_source	0
79	35	84	default:river_water_source	0
80	35	84	default:river_water_source	0
81	35	84	default:river_water_source	0
82	35	84	default:river_water_source	0
83	35	84	default:river_water_source	0
84	35	84	default:river_water_source	0
85	35	84	default:river_water_source	0
86	35	84	default:river_water_source	0
87	35	84	default:river_water_source	0
88	35	84	default:river_water_source	0
89	35	84	default:river_water_source	0
90	35	84	default:river_water_source	0
91	35	84	default:river_water_source	0
92	35	84	default:river_water_source	0
93	35	84	default:river_water_source	0
94	35	84	default:river_water_source	0
95	35	84	default:river_water_source	0
96	35	84	default:river_water_source	0
97	35	84	default:river_water_source	0
98	35	84	default:river_water_source	0
99	35	84	default:river_water_source	0
100	35	84	default:river_water_source	0
101	35	84	default:river_water_source	0
102	35	84	default:river_water_source	0
103	35	84	default:river_water_source	0
104	35	84	default:river_water_source	0
105	35	84	default:river_water_source	0
106	35	84	default:river_water_source	0
107	35	84	default:river_water_source	0
108	35	84	default:river_water_source	0
109	35	84	default:river_water_source	0
110	35	84	default:river_water_source	0
111	35	84	default:river_water_source	0
112	35	84	default:river_water_source	0
113	35	84	default:river_water_source	0
114	35	84	default:river_water_source	0
115	35	84	default:river_water_source	0
116	35	84	default:river_water_source	0
117	35	84	default:river_water_source	0
118	35	84	default:river_water_source	0
93	36	84	grug_trees:silverwood_wood	0
94	36	84	grug_decor:darkage_serpentine	0
95	36	84	grug_decor:castle_pavement_brick	0
96	36	84	grug_decor:castle_pavement_brick	0
97	36	84	grug_decor:castle_pavement_brick	0
98	36	84	grug_decor:darkage_serpentine	0
99	36	84	grug_trees:silverwood_wood	0
93	37	84	default:fence_aspen_wood	0
99	37	84	default:fence_aspen_wood	0
72	25	85	default:dirt	0
73	25	85	default:dirt	0
74	25	85	default:dirt	0
75	25	85	default:dirt	0
76	25	85	default:dirt	0
77	25	85	default:dirt	0
78	25	85	default:dirt	0
79	25	85	default:dirt	0
80	25	85	default:dirt	0
97	25	85	default:dirt	0
98	25	85	default:dirt	0
99	25	85	default:dirt	0
100	25	85	default:dirt	0
101	25	85	default:dirt	0
102	25	85	default:dirt	0
103	25	85	default:dirt	0
104	25	85	default:dirt	0
105	25	85	default:dirt	0
106	25	85	default:dirt	0
107	25	85	default:dirt	0
108	25	85	default:dirt	0
109	25	85	default:dirt	0
110	25	85	default:dirt	0
111	25	85	default:dirt	0
112	25	85	default:dirt	0
113	25	85	default:dirt	0
114	25	85	default:dirt	0
115	25	85	default:dirt	0
116	25	85	default:dirt	0
117	25	85	default:dirt	0
118	25	85	default:dirt	0
72	26	85	default:dirt	0
73	26	85	default:dirt	0
74	26	85	default:dirt	0
75	26	85	default:dirt	0
76	26	85	default:dirt	0
77	26	85	default:dirt	0
78	26	85	default:dirt	0
79	26	85	default:dirt	0
80	26	85	default:dirt	0
81	26	85	default:dirt	0
82	26	85	default:dirt	0
83	26	85	default:dirt	0
84	26	85	default:dirt	0
85	26	85	default:dirt	0
86	26	85	default:dirt	0
87	26	85	default:dirt	0
88	26	85	default:dirt	0
89	26	85	default:dirt	0
90	26	85	default:dirt	0
91	26	85	default:dirt	0
92	26	85	default:dirt	0
93	26	85	default:dirt	0
94	26	85	default:dirt	0
95	26	85	default:dirt	0
96	26	85	default:dirt	0
97	26	85	default:dirt	0
98	26	85	default:dirt	0
99	26	85	default:dirt	0
100	26	85	default:dirt	0
101	26	85	default:dirt	0
102	26	85	default:dirt	0
103	26	85	default:dirt	0
104	26	85	default:dirt	0
105	26	85	default:dirt	0
106	26	85	default:dirt	0
107	26	85	default:dirt	0
108	26	85	default:dirt	0
109	26	85	default:dirt	0
110	26	85	default:dirt	0
111	26	85	default:dirt	0
112	26	85	default:dirt	0
113	26	85	default:dirt	0
114	26	85	default:dirt	0
115	26	85	default:dirt	0
116	26	85	default:dirt	0
117	26	85	default:dirt	0
118	26	85	default:dirt	0
72	27	85	default:dirt	0
73	27	85	default:dirt	0
74	27	85	default:dirt	0
75	27	85	default:dirt	0
76	27	85	default:dirt	0
77	27	85	default:dirt	0
78	27	85	default:dirt	0
79	27	85	default:dirt	0
80	27	85	default:dirt	0
81	27	85	default:dirt	0
82	27	85	default:dirt	0
83	27	85	default:dirt	0
84	27	85	default:dirt	0
85	27	85	default:dirt	0
86	27	85	default:dirt	0
87	27	85	default:dirt	0
88	27	85	default:dirt	0
89	27	85	default:dirt	0
90	27	85	default:dirt	0
91	27	85	default:dirt	0
92	27	85	default:dirt	0
93	27	85	default:dirt	0
94	27	85	default:dirt	0
95	27	85	default:dirt	0
96	27	85	default:dirt	0
97	27	85	default:dirt	0
98	27	85	default:dirt	0
99	27	85	default:dirt	0
100	27	85	default:dirt	0
101	27	85	default:dirt	0
102	27	85	default:dirt	0
103	27	85	default:dirt	0
104	27	85	default:dirt	0
105	27	85	default:dirt	0
106	27	85	default:dirt	0
107	27	85	default:dirt	0
108	27	85	default:dirt	0
109	27	85	default:dirt	0
110	27	85	default:dirt	0
111	27	85	default:dirt	0
112	27	85	default:dirt	0
113	27	85	default:dirt	0
114	27	85	default:dirt	0
115	27	85	default:dirt	0
116	27	85	default:dirt	0
117	27	85	default:dirt	0
118	27	85	default:dirt	0
72	28	85	grug_nodes:dirt_with_silver_litter	0
73	28	85	grug_nodes:dirt_with_silver_litter	0
74	28	85	grug_nodes:dirt_with_silver_litter	0
75	28	85	grug_nodes:dirt_with_silver_litter	0
76	28	85	grug_nodes:dirt_with_silver_litter	0
77	28	85	grug_nodes:dirt_with_silver_litter	0
78	28	85	grug_nodes:dirt_with_silver_litter	0
79	28	85	grug_nodes:dirt_with_silver_litter	0
80	28	85	grug_nodes:dirt_with_silver_litter	0
81	28	85	default:dirt	0
82	28	85	default:dirt	0
83	28	85	default:dirt	0
84	28	85	default:dirt	0
85	28	85	default:dirt	0
86	28	85	default:dirt	0
87	28	85	default:dirt	0
88	28	85	default:dirt	0
89	28	85	default:dirt	0
90	28	85	default:dirt	0
91	28	85	default:dirt	0
92	28	85	default:dirt	0
93	28	85	default:dirt	0
94	28	85	default:dirt	0
95	28	85	default:dirt	0
96	28	85	default:dirt	0
97	28	85	grug_nodes:dirt_with_silver_litter	0
98	28	85	grug_nodes:dirt_with_silver_litter	0
99	28	85	grug_nodes:dirt_with_silver_litter	0
100	28	85	grug_nodes:dirt_with_silver_litter	0
101	28	85	grug_nodes:dirt_with_silver_litter	0
102	28	85	grug_nodes:dirt_with_silver_litter	0
103	28	85	grug_nodes:dirt_with_silver_litter	0
104	28	85	grug_nodes:dirt_with_silver_litter	0
105	28	85	grug_nodes:dirt_with_silver_litter	0
106	28	85	grug_nodes:dirt_with_silver_litter	0
107	28	85	grug_nodes:dirt_with_silver_litter	0
108	28	85	grug_nodes:dirt_with_silver_litter	0
109	28	85	grug_nodes:dirt_with_silver_litter	0
110	28	85	grug_nodes:dirt_with_silver_litter	0
111	28	85	grug_nodes:dirt_with_silver_litter	0
112	28	85	grug_nodes:dirt_with_silver_litter	0
113	28	85	grug_nodes:dirt_with_silver_litter	0
114	28	85	grug_nodes:dirt_with_silver_litter	0
115	28	85	grug_nodes:dirt_with_silver_litter	0
116	28	85	grug_nodes:dirt_with_silver_litter	0
117	28	85	grug_nodes:dirt_with_silver_litter	0
118	28	85	grug_nodes:dirt_with_silver_litter	0
72	29	85	default:river_water_source	0
73	29	85	default:river_water_source	0
74	29	85	default:river_water_source	0
75	29	85	default:river_water_source	0
76	29	85	default:river_water_source	0
77	29	85	default:river_water_source	0
78	29	85	default:river_water_source	0
79	29	85	default:river_water_source	0
80	29	85	default:river_water_source	0
81	29	85	grug_nodes:dirt_with_silver_litter	0
82	29	85	grug_nodes:dirt_with_silver_litter	0
83	29	85	grug_nodes:dirt_with_silver_litter	0
84	29	85	grug_nodes:dirt_with_silver_litter	0
85	29	85	grug_nodes:dirt_with_silver_litter	0
86	29	85	grug_nodes:dirt_with_silver_litter	0
87	29	85	grug_nodes:dirt_with_silver_litter	0
88	29	85	grug_nodes:dirt_with_silver_litter	0
89	29	85	grug_nodes:dirt_with_silver_litter	0
90	29	85	grug_nodes:dirt_with_silver_litter	0
91	29	85	grug_nodes:dirt_with_silver_litter	0
92	29	85	grug_nodes:dirt_with_silver_litter	0
93	29	85	grug_nodes:dirt_with_silver_litter	0
94	29	85	grug_nodes:dirt_with_silver_litter	0
95	29	85	grug_nodes:dirt_with_silver_litter	0
96	29	85	grug_nodes:dirt_with_silver_litter	0
97	29	85	default:river_water_source	0
98	29	85	default:river_water_source	0
99	29	85	default:river_water_source	0
100	29	85	default:river_water_source	0
101	29	85	default:river_water_source	0
102	29	85	default:river_water_source	0
103	29	85	default:river_water_source	0
104	29	85	default:river_water_source	0
105	29	85	default:river_water_source	0
106	29	85	default:river_water_source	0
107	29	85	default:river_water_source	0
108	29	85	default:river_water_source	0
109	29	85	default:river_water_source	0
110	29	85	default:river_water_source	0
111	29	85	default:river_water_source	0
112	29	85	default:river_water_source	0
113	29	85	default:river_water_source	0
114	29	85	default:river_water_source	0
115	29	85	default:river_water_source	0
116	29	85	default:river_water_source	0
117	29	85	default:river_water_source	0
118	29	85	default:river_water_source	0
72	30	85	default:river_water_source	0
73	30	85	default:river_water_source	0
74	30	85	default:river_water_source	0
75	30	85	default:river_water_source	0
76	30	85	default:river_water_source	0
77	30	85	default:river_water_source	0
78	30	85	default:river_water_source	0
79	30	85	default:river_water_source	0
80	30	85	default:river_water_source	0
81	30	85	default:river_water_source	0
82	30	85	default:river_water_source	0
83	30	85	default:river_water_source	0
84	30	85	default:river_water_source	0
85	30	85	default:river_water_source	0
86	30	85	default:river_water_source	0
87	30	85	default:river_water_source	0
88	30	85	default:river_water_source	0
89	30	85	default:river_water_source	0
90	30	85	default:river_water_source	0
91	30	85	default:river_water_source	0
92	30	85	default:river_water_source	0
93	30	85	default:river_water_source	0
94	30	85	default:river_water_source	0
95	30	85	default:river_water_source	0
96	30	85	default:river_water_source	0
97	30	85	default:river_water_source	0
98	30	85	default:river_water_source	0
99	30	85	default:river_water_source	0
100	30	85	default:river_water_source	0
101	30	85	default:river_water_source	0
102	30	85	default:river_water_source	0
103	30	85	default:river_water_source	0
104	30	85	default:river_water_source	0
105	30	85	default:river_water_source	0
106	30	85	default:river_water_source	0
107	30	85	default:river_water_source	0
108	30	85	default:river_water_source	0
109	30	85	default:river_water_source	0
110	30	85	default:river_water_source	0
111	30	85	default:river_water_source	0
112	30	85	default:river_water_source	0
113	30	85	default:river_water_source	0
114	30	85	default:river_water_source	0
115	30	85	default:river_water_source	0
116	30	85	default:river_water_source	0
117	30	85	default:river_water_source	0
118	30	85	default:river_water_source	0
72	31	85	default:river_water_source	0
73	31	85	default:river_water_source	0
74	31	85	default:river_water_source	0
75	31	85	default:river_water_source	0
76	31	85	default:river_water_source	0
77	31	85	default:river_water_source	0
78	31	85	default:river_water_source	0
79	31	85	default:river_water_source	0
80	31	85	default:river_water_source	0
81	31	85	default:river_water_source	0
82	31	85	default:river_water_source	0
83	31	85	default:river_water_source	0
84	31	85	default:river_water_source	0
85	31	85	default:river_water_source	0
86	31	85	default:river_water_source	0
87	31	85	default:river_water_source	0
88	31	85	default:river_water_source	0
89	31	85	default:river_water_source	0
90	31	85	default:river_water_source	0
91	31	85	default:river_water_source	0
92	31	85	default:river_water_source	0
93	31	85	default:river_water_source	0
94	31	85	default:river_water_source	0
95	31	85	default:river_water_source	0
96	31	85	default:river_water_source	0
97	31	85	default:river_water_source	0
98	31	85	default:river_water_source	0
99	31	85	default:river_water_source	0
100	31	85	default:river_water_source	0
101	31	85	default:river_water_source	0
102	31	85	default:river_water_source	0
103	31	85	default:river_water_source	0
104	31	85	default:river_water_source	0
105	31	85	default:river_water_source	0
106	31	85	default:river_water_source	0
107	31	85	default:river_water_source	0
108	31	85	default:river_water_source	0
109	31	85	default:river_water_source	0
110	31	85	default:river_water_source	0
111	31	85	default:river_water_source	0
112	31	85	default:river_water_source	0
113	31	85	default:river_water_source	0
114	31	85	default:river_water_source	0
115	31	85	default:river_water_source	0
116	31	85	default:river_water_source	0
117	31	85	default:river_water_source	0
118	31	85	default:river_water_source	0
72	32	85	default:river_water_source	0
73	32	85	default:river_water_source	0
74	32	85	default:river_water_source	0
75	32	85	default:river_water_source	0
76	32	85	default:river_water_source	0
77	32	85	default:river_water_source	0
78	32	85	default:river_water_source	0
79	32	85	default:river_water_source	0
80	32	85	default:river_water_source	0
81	32	85	default:river_water_source	0
82	32	85	default:river_water_source	0
83	32	85	default:river_water_source	0
84	32	85	default:river_water_source	0
85	32	85	default:river_water_source	0
86	32	85	default:river_water_source	0
87	32	85	default:river_water_source	0
88	32	85	default:river_water_source	0
89	32	85	default:river_water_source	0
90	32	85	default:river_water_source	0
91	32	85	default:river_water_source	0
92	32	85	default:river_water_source	0
93	32	85	default:river_water_source	0
94	32	85	default:river_water_source	0
95	32	85	default:river_water_source	0
96	32	85	default:river_water_source	0
97	32	85	default:river_water_source	0
98	32	85	default:river_water_source	0
99	32	85	default:river_water_source	0
100	32	85	default:river_water_source	0
101	32	85	default:river_water_source	0
102	32	85	default:river_water_source	0
103	32	85	default:river_water_source	0
104	32	85	default:river_water_source	0
105	32	85	default:river_water_source	0
106	32	85	default:river_water_source	0
107	32	85	default:river_water_source	0
108	32	85	default:river_water_source	0
109	32	85	default:river_water_source	0
110	32	85	default:river_water_source	0
111	32	85	default:river_water_source	0
112	32	85	default:river_water_source	0
113	32	85	default:river_water_source	0
114	32	85	default:river_water_source	0
115	32	85	default:river_water_source	0
116	32	85	default:river_water_source	0
117	32	85	default:river_water_source	0
118	32	85	default:river_water_source	0
72	33	85	default:river_water_source	0
73	33	85	default:river_water_source	0
74	33	85	default:river_water_source	0
75	33	85	default:river_water_source	0
76	33	85	default:river_water_source	0
77	33	85	default:river_water_source	0
78	33	85	default:river_water_source	0
79	33	85	default:river_water_source	0
80	33	85	default:river_water_source	0
81	33	85	default:river_water_source	0
82	33	85	default:river_water_source	0
83	33	85	default:river_water_source	0
84	33	85	default:river_water_source	0
85	33	85	default:river_water_source	0
86	33	85	default:river_water_source	0
87	33	85	default:river_water_source	0
88	33	85	default:river_water_source	0
89	33	85	default:river_water_source	0
90	33	85	default:river_water_source	0
91	33	85	default:river_water_source	0
92	33	85	default:river_water_source	0
93	33	85	default:river_water_source	0
94	33	85	default:river_water_source	0
95	33	85	default:river_water_source	0
96	33	85	default:river_water_source	0
97	33	85	default:river_water_source	0
98	33	85	default:river_water_source	0
99	33	85	default:river_water_source	0
100	33	85	default:river_water_source	0
101	33	85	default:river_water_source	0
102	33	85	default:river_water_source	0
103	33	85	default:river_water_source	0
104	33	85	default:river_water_source	0
105	33	85	default:river_water_source	0
106	33	85	default:river_water_source	0
107	33	85	default:river_water_source	0
108	33	85	default:river_water_source	0
109	33	85	default:river_water_source	0
110	33	85	default:river_water_source	0
111	33	85	default:river_water_source	0
112	33	85	default:river_water_source	0
113	33	85	default:river_water_source	0
114	33	85	default:river_water_source	0
115	33	85	default:river_water_source	0
116	33	85	default:river_water_source	0
117	33	85	default:river_water_source	0
118	33	85	default:river_water_source	0
72	34	85	default:river_water_source	0
73	34	85	default:river_water_source	0
74	34	85	default:river_water_source	0
75	34	85	default:river_water_source	0
76	34	85	default:river_water_source	0
77	34	85	default:river_water_source	0
78	34	85	default:river_water_source	0
79	34	85	default:river_water_source	0
80	34	85	default:river_water_source	0
81	34	85	default:river_water_source	0
82	34	85	default:river_water_source	0
83	34	85	default:river_water_source	0
84	34	85	default:river_water_source	0
85	34	85	default:river_water_source	0
86	34	85	default:river_water_source	0
87	34	85	default:river_water_source	0
88	34	85	default:river_water_source	0
89	34	85	default:river_water_source	0
90	34	85	default:river_water_source	0
91	34	85	default:river_water_source	0
92	34	85	default:river_water_source	0
93	34	85	default:river_water_source	0
94	34	85	default:river_water_source	0
95	34	85	default:river_water_source	0
96	34	85	default:river_water_source	0
97	34	85	default:river_water_source	0
98	34	85	default:river_water_source	0
99	34	85	default:river_water_source	0
100	34	85	default:river_water_source	0
101	34	85	default:river_water_source	0
102	34	85	default:river_water_source	0
103	34	85	default:river_water_source	0
104	34	85	default:river_water_source	0
105	34	85	default:river_water_source	0
106	34	85	default:river_water_source	0
107	34	85	default:river_water_source	0
108	34	85	default:river_water_source	0
109	34	85	default:river_water_source	0
110	34	85	default:river_water_source	0
111	34	85	default:river_water_source	0
112	34	85	default:river_water_source	0
113	34	85	default:river_water_source	0
114	34	85	default:river_water_source	0
115	34	85	default:river_water_source	0
116	34	85	default:river_water_source	0
117	34	85	default:river_water_source	0
118	34	85	default:river_water_source	0
72	35	85	default:river_water_source	0
73	35	85	default:river_water_source	0
74	35	85	default:river_water_source	0
75	35	85	default:river_water_source	0
76	35	85	default:river_water_source	0
77	35	85	default:river_water_source	0
78	35	85	default:river_water_source	0
79	35	85	default:river_water_source	0
80	35	85	default:river_water_source	0
81	35	85	default:river_water_source	0
82	35	85	default:river_water_source	0
83	35	85	default:river_water_source	0
84	35	85	default:river_water_source	0
85	35	85	default:river_water_source	0
86	35	85	default:river_water_source	0
87	35	85	default:river_water_source	0
88	35	85	default:river_water_source	0
89	35	85	default:river_water_source	0
90	35	85	default:river_water_source	0
91	35	85	default:river_water_source	0
92	35	85	default:river_water_source	0
93	35	85	default:river_water_source	0
94	35	85	default:river_water_source	0
95	35	85	default:river_water_source	0
96	35	85	default:river_water_source	0
97	35	85	default:river_water_source	0
98	35	85	default:river_water_source	0
99	35	85	default:river_water_source	0
100	35	85	default:river_water_source	0
101	35	85	default:river_water_source	0
102	35	85	default:river_water_source	0
103	35	85	default:river_water_source	0
104	35	85	default:river_water_source	0
105	35	85	default:river_water_source	0
106	35	85	default:river_water_source	0
107	35	85	default:river_water_source	0
108	35	85	default:river_water_source	0
109	35	85	default:river_water_source	0
110	35	85	default:river_water_source	0
111	35	85	default:river_water_source	0
112	35	85	default:river_water_source	0
113	35	85	default:river_water_source	0
114	35	85	default:river_water_source	0
115	35	85	default:river_water_source	0
116	35	85	default:river_water_source	0
117	35	85	default:river_water_source	0
118	35	85	default:river_water_source	0
93	36	85	grug_trees:silverwood_wood	0
94	36	85	grug_decor:darkage_serpentine	0
95	36	85	grug_decor:castle_pavement_brick	0
96	36	85	grug_decor:castle_pavement_brick	0
97	36	85	grug_decor:castle_pavement_brick	0
98	36	85	grug_decor:darkage_serpentine	0
99	36	85	grug_trees:silverwood_wood	0
93	37	85	default:fence_aspen_wood	0
99	37	85	default:fence_aspen_wood	0
72	25	86	default:dirt	0
73	25	86	default:dirt	0
74	25	86	default:dirt	0
75	25	86	default:dirt	0
76	25	86	default:dirt	0
77	25	86	default:dirt	0
78	25	86	default:dirt	0
79	25	86	default:dirt	0
98	25	86	default:dirt	0
99	25	86	default:dirt	0
100	25	86	default:dirt	0
101	25	86	default:dirt	0
102	25	86	default:dirt	0
103	25	86	default:dirt	0
104	25	86	default:dirt	0
105	25	86	default:dirt	0
106	25	86	default:dirt	0
107	25	86	default:dirt	0
108	25	86	default:dirt	0
109	25	86	default:dirt	0
110	25	86	default:dirt	0
111	25	86	default:dirt	0
112	25	86	default:dirt	0
113	25	86	default:dirt	0
114	25	86	default:dirt	0
115	25	86	default:dirt	0
116	25	86	default:dirt	0
117	25	86	default:dirt	0
118	25	86	default:dirt	0
72	26	86	default:dirt	0
73	26	86	default:dirt	0
74	26	86	default:dirt	0
75	26	86	default:dirt	0
76	26	86	default:dirt	0
77	26	86	default:dirt	0
78	26	86	default:dirt	0
79	26	86	default:dirt	0
80	26	86	default:dirt	0
81	26	86	default:dirt	0
82	26	86	default:dirt	0
83	26	86	default:dirt	0
84	26	86	default:dirt	0
85	26	86	default:dirt	0
86	26	86	default:dirt	0
87	26	86	default:dirt	0
88	26	86	default:dirt	0
89	26	86	default:dirt	0
90	26	86	default:dirt	0
91	26	86	default:dirt	0
92	26	86	default:dirt	0
93	26	86	default:dirt	0
94	26	86	default:dirt	0
95	26	86	default:dirt	0
96	26	86	default:dirt	0
97	26	86	default:dirt	0
98	26	86	default:dirt	0
99	26	86	default:dirt	0
100	26	86	default:dirt	0
101	26	86	default:dirt	0
102	26	86	default:dirt	0
103	26	86	default:dirt	0
104	26	86	default:dirt	0
105	26	86	default:dirt	0
106	26	86	default:dirt	0
107	26	86	default:dirt	0
108	26	86	default:dirt	0
109	26	86	default:dirt	0
110	26	86	default:dirt	0
111	26	86	default:dirt	0
112	26	86	default:dirt	0
113	26	86	default:dirt	0
114	26	86	default:dirt	0
115	26	86	default:dirt	0
116	26	86	default:dirt	0
117	26	86	default:dirt	0
118	26	86	default:dirt	0
72	27	86	default:dirt	0
73	27	86	default:dirt	0
74	27	86	default:dirt	0
75	27	86	default:dirt	0
76	27	86	default:dirt	0
77	27	86	default:dirt	0
78	27	86	default:dirt	0
79	27	86	default:dirt	0
80	27	86	default:dirt	0
81	27	86	default:dirt	0
82	27	86	default:dirt	0
83	27	86	default:dirt	0
84	27	86	default:dirt	0
85	27	86	default:dirt	0
86	27	86	default:dirt	0
87	27	86	default:dirt	0
88	27	86	default:dirt	0
89	27	86	default:dirt	0
90	27	86	default:dirt	0
91	27	86	default:dirt	0
92	27	86	default:dirt	0
93	27	86	default:dirt	0
94	27	86	default:dirt	0
95	27	86	default:dirt	0
96	27	86	default:dirt	0
97	27	86	default:dirt	0
98	27	86	default:dirt	0
99	27	86	default:dirt	0
100	27	86	default:dirt	0
101	27	86	default:dirt	0
102	27	86	default:dirt	0
103	27	86	default:dirt	0
104	27	86	default:dirt	0
105	27	86	default:dirt	0
106	27	86	default:dirt	0
107	27	86	default:dirt	0
108	27	86	default:dirt	0
109	27	86	default:dirt	0
110	27	86	default:dirt	0
111	27	86	default:dirt	0
112	27	86	default:dirt	0
113	27	86	default:dirt	0
114	27	86	default:dirt	0
115	27	86	default:dirt	0
116	27	86	default:dirt	0
117	27	86	default:dirt	0
118	27	86	default:dirt	0
72	28	86	grug_nodes:dirt_with_silver_litter	0
73	28	86	grug_nodes:dirt_with_silver_litter	0
74	28	86	grug_nodes:dirt_with_silver_litter	0
75	28	86	grug_nodes:dirt_with_silver_litter	0
76	28	86	grug_nodes:dirt_with_silver_litter	0
77	28	86	grug_nodes:dirt_with_silver_litter	0
78	28	86	grug_nodes:dirt_with_silver_litter	0
79	28	86	grug_nodes:dirt_with_silver_litter	0
80	28	86	default:dirt	0
81	28	86	default:dirt	0
82	28	86	default:dirt	0
83	28	86	default:dirt	0
84	28	86	default:dirt	0
85	28	86	default:dirt	0
86	28	86	default:dirt	0
87	28	86	default:dirt	0
88	28	86	default:dirt	0
89	28	86	default:dirt	0
90	28	86	default:dirt	0
91	28	86	default:dirt	0
92	28	86	default:dirt	0
93	28	86	default:dirt	0
94	28	86	default:dirt	0
95	28	86	default:dirt	0
96	28	86	default:dirt	0
97	28	86	default:dirt	0
98	28	86	grug_nodes:dirt_with_silver_litter	0
99	28	86	grug_nodes:dirt_with_silver_litter	0
100	28	86	grug_nodes:dirt_with_silver_litter	0
101	28	86	grug_nodes:dirt_with_silver_litter	0
102	28	86	grug_nodes:dirt_with_silver_litter	0
103	28	86	grug_nodes:dirt_with_silver_litter	0
104	28	86	grug_nodes:dirt_with_silver_litter	0
105	28	86	grug_nodes:dirt_with_silver_litter	0
106	28	86	grug_nodes:dirt_with_silver_litter	0
107	28	86	grug_nodes:dirt_with_silver_litter	0
108	28	86	grug_nodes:dirt_with_silver_litter	0
109	28	86	grug_nodes:dirt_with_silver_litter	0
110	28	86	grug_nodes:dirt_with_silver_litter	0
111	28	86	grug_nodes:dirt_with_silver_litter	0
112	28	86	grug_nodes:dirt_with_silver_litter	0
113	28	86	grug_nodes:dirt_with_silver_litter	0
114	28	86	grug_nodes:dirt_with_silver_litter	0
115	28	86	grug_nodes:dirt_with_silver_litter	0
116	28	86	grug_nodes:dirt_with_silver_litter	0
117	28	86	grug_nodes:dirt_with_silver_litter	0
118	28	86	grug_nodes:dirt_with_silver_litter	0
72	29	86	default:river_water_source	0
73	29	86	default:river_water_source	0
74	29	86	default:river_water_source	0
75	29	86	default:river_water_source	0
76	29	86	default:river_water_source	0
77	29	86	default:river_water_source	0
78	29	86	default:river_water_source	0
79	29	86	default:river_water_source	0
80	29	86	grug_nodes:dirt_with_silver_litter	0
81	29	86	grug_nodes:dirt_with_silver_litter	0
82	29	86	grug_nodes:dirt_with_silver_litter	0
83	29	86	grug_nodes:dirt_with_silver_litter	0
84	29	86	grug_nodes:dirt_with_silver_litter	0
85	29	86	grug_nodes:dirt_with_silver_litter	0
86	29	86	grug_nodes:dirt_with_silver_litter	0
87	29	86	grug_nodes:dirt_with_silver_litter	0
88	29	86	grug_nodes:dirt_with_silver_litter	0
89	29	86	grug_nodes:dirt_with_silver_litter	0
90	29	86	grug_nodes:dirt_with_silver_litter	0
91	29	86	grug_nodes:dirt_with_silver_litter	0
92	29	86	grug_nodes:dirt_with_silver_litter	0
93	29	86	grug_nodes:dirt_with_silver_litter	0
94	29	86	grug_nodes:dirt_with_silver_litter	0
95	29	86	grug_nodes:dirt_with_silver_litter	0
96	29	86	grug_nodes:dirt_with_silver_litter	0
97	29	86	grug_nodes:dirt_with_silver_litter	0
98	29	86	default:river_water_source	0
99	29	86	default:river_water_source	0
100	29	86	default:river_water_source	0
101	29	86	default:river_water_source	0
102	29	86	default:river_water_source	0
103	29	86	default:river_water_source	0
104	29	86	default:river_water_source	0
105	29	86	default:river_water_source	0
106	29	86	default:river_water_source	0
107	29	86	default:river_water_source	0
108	29	86	default:river_water_source	0
109	29	86	default:river_water_source	0
110	29	86	default:river_water_source	0
111	29	86	default:river_water_source	0
112	29	86	default:river_water_source	0
113	29	86	default:river_water_source	0
114	29	86	default:river_water_source	0
115	29	86	default:river_water_source	0
116	29	86	default:river_water_source	0
117	29	86	default:river_water_source	0
118	29	86	default:river_water_source	0
72	30	86	default:river_water_source	0
73	30	86	default:river_water_source	0
74	30	86	default:river_water_source	0
75	30	86	default:river_water_source	0
76	30	86	default:river_water_source	0
77	30	86	default:river_water_source	0
78	30	86	default:river_water_source	0
79	30	86	default:river_water_source	0
80	30	86	default:river_water_source	0
81	30	86	default:river_water_source	0
82	30	86	default:river_water_source	0
83	30	86	default:river_water_source	0
84	30	86	default:river_water_source	0
85	30	86	default:river_water_source	0
86	30	86	default:river_water_source	0
87	30	86	default:river_water_source	0
88	30	86	default:river_water_source	0
89	30	86	default:river_water_source	0
90	30	86	default:river_water_source	0
91	30	86	default:river_water_source	0
92	30	86	default:river_water_source	0
93	30	86	default:river_water_source	0
94	30	86	default:river_water_source	0
95	30	86	default:river_water_source	0
96	30	86	default:river_water_source	0
97	30	86	default:river_water_source	0
98	30	86	default:river_water_source	0
99	30	86	default:river_water_source	0
100	30	86	default:river_water_source	0
101	30	86	default:river_water_source	0
102	30	86	default:river_water_source	0
103	30	86	default:river_water_source	0
104	30	86	default:river_water_source	0
105	30	86	default:river_water_source	0
106	30	86	default:river_water_source	0
107	30	86	default:river_water_source	0
108	30	86	default:river_water_source	0
109	30	86	default:river_water_source	0
110	30	86	default:river_water_source	0
111	30	86	default:river_water_source	0
112	30	86	default:river_water_source	0
113	30	86	default:river_water_source	0
114	30	86	default:river_water_source	0
115	30	86	default:river_water_source	0
116	30	86	default:river_water_source	0
117	30	86	default:river_water_source	0
118	30	86	default:river_water_source	0
72	31	86	default:river_water_source	0
73	31	86	default:river_water_source	0
74	31	86	default:river_water_source	0
75	31	86	default:river_water_source	0
76	31	86	default:river_water_source	0
77	31	86	default:river_water_source	0
78	31	86	default:river_water_source	0
79	31	86	default:river_water_source	0
80	31	86	default:river_water_source	0
81	31	86	default:river_water_source	0
82	31	86	default:river_water_source	0
83	31	86	default:river_water_source	0
84	31	86	default:river_water_source	0
85	31	86	default:river_water_source	0
86	31	86	default:river_water_source	0
87	31	86	default:river_water_source	0
88	31	86	default:river_water_source	0
89	31	86	default:river_water_source	0
90	31	86	default:river_water_source	0
91	31	86	default:river_water_source	0
92	31	86	default:river_water_source	0
93	31	86	default:river_water_source	0
94	31	86	default:river_water_source	0
95	31	86	default:river_water_source	0
96	31	86	default:river_water_source	0
97	31	86	default:river_water_source	0
98	31	86	default:river_water_source	0
99	31	86	default:river_water_source	0
100	31	86	default:river_water_source	0
101	31	86	default:river_water_source	0
102	31	86	default:river_water_source	0
103	31	86	default:river_water_source	0
104	31	86	default:river_water_source	0
105	31	86	default:river_water_source	0
106	31	86	default:river_water_source	0
107	31	86	default:river_water_source	0
108	31	86	default:river_water_source	0
109	31	86	default:river_water_source	0
110	31	86	default:river_water_source	0
111	31	86	default:river_water_source	0
112	31	86	default:river_water_source	0
113	31	86	default:river_water_source	0
114	31	86	default:river_water_source	0
115	31	86	default:river_water_source	0
116	31	86	default:river_water_source	0
117	31	86	default:river_water_source	0
118	31	86	default:river_water_source	0
72	32	86	default:river_water_source	0
73	32	86	default:river_water_source	0
74	32	86	default:river_water_source	0
75	32	86	default:river_water_source	0
76	32	86	default:river_water_source	0
77	32	86	default:river_water_source	0
78	32	86	default:river_water_source	0
79	32	86	default:river_water_source	0
80	32	86	default:river_water_source	0
81	32	86	default:river_water_source	0
82	32	86	default:river_water_source	0
83	32	86	default:river_water_source	0
84	32	86	default:river_water_source	0
85	32	86	default:river_water_source	0
86	32	86	default:river_water_source	0
87	32	86	default:river_water_source	0
88	32	86	default:river_water_source	0
89	32	86	default:river_water_source	0
90	32	86	default:river_water_source	0
91	32	86	default:river_water_source	0
92	32	86	default:river_water_source	0
93	32	86	default:river_water_source	0
94	32	86	default:river_water_source	0
95	32	86	default:river_water_source	0
96	32	86	default:river_water_source	0
97	32	86	default:river_water_source	0
98	32	86	default:river_water_source	0
99	32	86	default:river_water_source	0
100	32	86	default:river_water_source	0
101	32	86	default:river_water_source	0
102	32	86	default:river_water_source	0
103	32	86	default:river_water_source	0
104	32	86	default:river_water_source	0
105	32	86	default:river_water_source	0
106	32	86	default:river_water_source	0
107	32	86	default:river_water_source	0
108	32	86	default:river_water_source	0
109	32	86	default:river_water_source	0
110	32	86	default:river_water_source	0
111	32	86	default:river_water_source	0
112	32	86	default:river_water_source	0
113	32	86	default:river_water_source	0
114	32	86	default:river_water_source	0
115	32	86	default:river_water_source	0
116	32	86	default:river_water_source	0
117	32	86	default:river_water_source	0
118	32	86	default:river_water_source	0
72	33	86	default:river_water_source	0
73	33	86	default:river_water_source	0
74	33	86	default:river_water_source	0
75	33	86	default:river_water_source	0
76	33	86	default:river_water_source	0
77	33	86	default:river_water_source	0
78	33	86	default:river_water_source	0
79	33	86	default:river_water_source	0
80	33	86	default:river_water_source	0
81	33	86	default:river_water_source	0
82	33	86	default:river_water_source	0
83	33	86	default:river_water_source	0
84	33	86	default:river_water_source	0
85	33	86	default:river_water_source	0
86	33	86	default:river_water_source	0
87	33	86	default:river_water_source	0
88	33	86	default:river_water_source	0
89	33	86	default:river_water_source	0
90	33	86	default:river_water_source	0
91	33	86	default:river_water_source	0
92	33	86	default:river_water_source	0
93	33	86	default:river_water_source	0
94	33	86	default:river_water_source	0
95	33	86	default:river_water_source	0
96	33	86	default:river_water_source	0
97	33	86	default:river_water_source	0
98	33	86	default:river_water_source	0
99	33	86	default:river_water_source	0
100	33	86	default:river_water_source	0
101	33	86	default:river_water_source	0
102	33	86	default:river_water_source	0
103	33	86	default:river_water_source	0
104	33	86	default:river_water_source	0
105	33	86	default:river_water_source	0
106	33	86	default:river_water_source	0
107	33	86	default:river_water_source	0
108	33	86	default:river_water_source	0
109	33	86	default:river_water_source	0
110	33	86	default:river_water_source	0
111	33	86	default:river_water_source	0
112	33	86	default:river_water_source	0
113	33	86	default:river_water_source	0
114	33	86	default:river_water_source	0
115	33	86	default:river_water_source	0
116	33	86	default:river_water_source	0
117	33	86	default:river_water_source	0
118	33	86	default:river_water_source	0
72	34	86	default:river_water_source	0
73	34	86	default:river_water_source	0
74	34	86	default:river_water_source	0
75	34	86	default:river_water_source	0
76	34	86	default:river_water_source	0
77	34	86	default:river_water_source	0
78	34	86	default:river_water_source	0
79	34	86	default:river_water_source	0
80	34	86	default:river_water_source	0
81	34	86	default:river_water_source	0
82	34	86	default:river_water_source	0
83	34	86	default:river_water_source	0
84	34	86	default:river_water_source	0
85	34	86	default:river_water_source	0
86	34	86	default:river_water_source	0
87	34	86	default:river_water_source	0
88	34	86	default:river_water_source	0
89	34	86	default:river_water_source	0
90	34	86	default:river_water_source	0
91	34	86	default:river_water_source	0
92	34	86	default:river_water_source	0
93	34	86	default:river_water_source	0
94	34	86	default:river_water_source	0
95	34	86	default:river_water_source	0
96	34	86	default:river_water_source	0
97	34	86	default:river_water_source	0
98	34	86	default:river_water_source	0
99	34	86	default:river_water_source	0
100	34	86	default:river_water_source	0
101	34	86	default:river_water_source	0
102	34	86	default:river_water_source	0
103	34	86	default:river_water_source	0
104	34	86	default:river_water_source	0
105	34	86	default:river_water_source	0
106	34	86	default:river_water_source	0
107	34	86	default:river_water_source	0
108	34	86	default:river_water_source	0
109	34	86	default:river_water_source	0
110	34	86	default:river_water_source	0
111	34	86	default:river_water_source	0
112	34	86	default:river_water_source	0
113	34	86	default:river_water_source	0
114	34	86	default:river_water_source	0
115	34	86	default:river_water_source	0
116	34	86	default:river_water_source	0
117	34	86	default:river_water_source	0
118	34	86	default:river_water_source	0
72	35	86	default:river_water_source	0
73	35	86	default:river_water_source	0
74	35	86	default:river_water_source	0
75	35	86	default:river_water_source	0
76	35	86	default:river_water_source	0
77	35	86	default:river_water_source	0
78	35	86	default:river_water_source	0
79	35	86	default:river_water_source	0
80	35	86	default:river_water_source	0
81	35	86	default:river_water_source	0
82	35	86	default:river_water_source	0
83	35	86	default:river_water_source	0
84	35	86	default:river_water_source	0
85	35	86	default:river_water_source	0
86	35	86	default:river_water_source	0
87	35	86	default:river_water_source	0
88	35	86	default:river_water_source	0
89	35	86	default:river_water_source	0
90	35	86	default:river_water_source	0
91	35	86	default:river_water_source	0
92	35	86	default:river_water_source	0
93	35	86	default:river_water_source	0
94	35	86	default:river_water_source	0
95	35	86	default:river_water_source	0
96	35	86	default:river_water_source	0
97	35	86	default:river_water_source	0
98	35	86	default:river_water_source	0
99	35	86	default:river_water_source	0
100	35	86	default:river_water_source	0
101	35	86	default:river_water_source	0
102	35	86	default:river_water_source	0
103	35	86	default:river_water_source	0
104	35	86	default:river_water_source	0
105	35	86	default:river_water_source	0
106	35	86	default:river_water_source	0
107	35	86	default:river_water_source	0
108	35	86	default:river_water_source	0
109	35	86	default:river_water_source	0
110	35	86	default:river_water_source	0
111	35	86	default:river_water_source	0
112	35	86	default:river_water_source	0
113	35	86	default:river_water_source	0
114	35	86	default:river_water_source	0
115	35	86	default:river_water_source	0
116	35	86	default:river_water_source	0
117	35	86	default:river_water_source	0
118	35	86	default:river_water_source	0
93	36	86	grug_trees:silverwood_wood	0
94	36	86	grug_decor:darkage_serpentine	0
95	36	86	grug_decor:castle_pavement_brick	0
96	36	86	grug_decor:castle_pavement_brick	0
97	36	86	grug_decor:castle_pavement_brick	0
98	36	86	grug_decor:darkage_serpentine	0
99	36	86	grug_trees:silverwood_wood	0
93	37	86	default:fence_aspen_wood	0
99	37	86	default:fence_aspen_wood	0
72	25	87	default:dirt	0
73	25	87	default:dirt	0
74	25	87	default:dirt	0
75	25	87	default:dirt	0
76	25	87	default:dirt	0
77	25	87	default:dirt	0
78	25	87	default:dirt	0
79	25	87	default:dirt	0
99	25	87	default:dirt	0
100	25	87	default:dirt	0
101	25	87	default:dirt	0
102	25	87	default:dirt	0
103	25	87	default:dirt	0
104	25	87	default:dirt	0
105	25	87	default:dirt	0
106	25	87	default:dirt	0
107	25	87	default:dirt	0
108	25	87	default:dirt	0
109	25	87	default:dirt	0
110	25	87	default:dirt	0
111	25	87	default:dirt	0
112	25	87	default:dirt	0
113	25	87	default:dirt	0
114	25	87	default:dirt	0
115	25	87	default:dirt	0
116	25	87	default:dirt	0
117	25	87	default:dirt	0
118	25	87	default:dirt	0
72	26	87	default:dirt	0
73	26	87	default:dirt	0
74	26	87	default:dirt	0
75	26	87	default:dirt	0
76	26	87	default:dirt	0
77	26	87	default:dirt	0
78	26	87	default:dirt	0
79	26	87	default:dirt	0
80	26	87	default:dirt	0
81	26	87	default:dirt	0
82	26	87	default:dirt	0
83	26	87	default:dirt	0
84	26	87	default:dirt	0
85	26	87	default:dirt	0
86	26	87	default:dirt	0
87	26	87	default:dirt	0
88	26	87	default:dirt	0
89	26	87	default:dirt	0
90	26	87	default:dirt	0
91	26	87	default:dirt	0
92	26	87	default:dirt	0
93	26	87	default:dirt	0
94	26	87	default:dirt	0
95	26	87	default:dirt	0
96	26	87	default:dirt	0
97	26	87	default:dirt	0
98	26	87	default:dirt	0
99	26	87	default:dirt	0
100	26	87	default:dirt	0
101	26	87	default:dirt	0
102	26	87	default:dirt	0
103	26	87	default:dirt	0
104	26	87	default:dirt	0
105	26	87	default:dirt	0
106	26	87	default:dirt	0
107	26	87	default:dirt	0
108	26	87	default:dirt	0
109	26	87	default:dirt	0
110	26	87	default:dirt	0
111	26	87	default:dirt	0
112	26	87	default:dirt	0
113	26	87	default:dirt	0
114	26	87	default:dirt	0
115	26	87	default:dirt	0
116	26	87	default:dirt	0
117	26	87	default:dirt	0
118	26	87	default:dirt	0
72	27	87	default:dirt	0
73	27	87	default:dirt	0
74	27	87	default:dirt	0
75	27	87	default:dirt	0
76	27	87	default:dirt	0
77	27	87	default:dirt	0
78	27	87	default:dirt	0
79	27	87	default:dirt	0
80	27	87	default:dirt	0
81	27	87	default:dirt	0
82	27	87	default:dirt	0
83	27	87	default:dirt	0
84	27	87	default:dirt	0
85	27	87	default:dirt	0
86	27	87	default:dirt	0
87	27	87	default:dirt	0
88	27	87	default:dirt	0
89	27	87	default:dirt	0
90	27	87	default:dirt	0
91	27	87	default:dirt	0
92	27	87	default:dirt	0
93	27	87	default:dirt	0
94	27	87	default:dirt	0
95	27	87	default:dirt	0
96	27	87	default:dirt	0
97	27	87	default:dirt	0
98	27	87	default:dirt	0
99	27	87	default:dirt	0
100	27	87	default:dirt	0
101	27	87	default:dirt	0
102	27	87	default:dirt	0
103	27	87	default:dirt	0
104	27	87	default:dirt	0
105	27	87	default:dirt	0
106	27	87	default:dirt	0
107	27	87	default:dirt	0
108	27	87	default:dirt	0
109	27	87	default:dirt	0
110	27	87	default:dirt	0
111	27	87	default:dirt	0
112	27	87	default:dirt	0
113	27	87	default:dirt	0
114	27	87	default:dirt	0
115	27	87	default:dirt	0
116	27	87	default:dirt	0
117	27	87	default:dirt	0
118	27	87	default:dirt	0
72	28	87	grug_nodes:dirt_with_silver_litter	0
73	28	87	grug_nodes:dirt_with_silver_litter	0
74	28	87	grug_nodes:dirt_with_silver_litter	0
75	28	87	grug_nodes:dirt_with_silver_litter	0
76	28	87	grug_nodes:dirt_with_silver_litter	0
77	28	87	grug_nodes:dirt_with_silver_litter	0
78	28	87	grug_nodes:dirt_with_silver_litter	0
79	28	87	grug_nodes:dirt_with_silver_litter	0
80	28	87	default:dirt	0
81	28	87	default:dirt	0
82	28	87	default:dirt	0
83	28	87	default:dirt	0
84	28	87	default:dirt	0
85	28	87	default:dirt	0
86	28	87	default:dirt	0
87	28	87	default:dirt	0
88	28	87	default:dirt	0
89	28	87	default:dirt	0
90	28	87	default:dirt	0
91	28	87	default:dirt	0
92	28	87	default:dirt	0
93	28	87	default:dirt	0
94	28	87	default:dirt	0
95	28	87	default:dirt	0
96	28	87	default:dirt	0
97	28	87	default:dirt	0
98	28	87	default:dirt	0
99	28	87	grug_nodes:dirt_with_silver_litter	0
100	28	87	grug_nodes:dirt_with_silver_litter	0
101	28	87	grug_nodes:dirt_with_silver_litter	0
102	28	87	grug_nodes:dirt_with_silver_litter	0
103	28	87	grug_nodes:dirt_with_silver_litter	0
104	28	87	grug_nodes:dirt_with_silver_litter	0
105	28	87	grug_nodes:dirt_with_silver_litter	0
106	28	87	grug_nodes:dirt_with_silver_litter	0
107	28	87	grug_nodes:dirt_with_silver_litter	0
108	28	87	grug_nodes:dirt_with_silver_litter	0
109	28	87	grug_nodes:dirt_with_silver_litter	0
110	28	87	grug_nodes:dirt_with_silver_litter	0
111	28	87	grug_nodes:dirt_with_silver_litter	0
112	28	87	grug_nodes:dirt_with_silver_litter	0
113	28	87	grug_nodes:dirt_with_silver_litter	0
114	28	87	grug_nodes:dirt_with_silver_litter	0
115	28	87	grug_nodes:dirt_with_silver_litter	0
116	28	87	grug_nodes:dirt_with_silver_litter	0
117	28	87	grug_nodes:dirt_with_silver_litter	0
118	28	87	grug_nodes:dirt_with_silver_litter	0
72	29	87	default:river_water_source	0
73	29	87	default:river_water_source	0
74	29	87	default:river_water_source	0
75	29	87	default:river_water_source	0
76	29	87	default:river_water_source	0
77	29	87	default:river_water_source	0
78	29	87	default:river_water_source	0
79	29	87	default:river_water_source	0
80	29	87	grug_nodes:dirt_with_silver_litter	0
81	29	87	grug_nodes:dirt_with_silver_litter	0
82	29	87	grug_nodes:dirt_with_silver_litter	0
83	29	87	grug_nodes:dirt_with_silver_litter	0
84	29	87	grug_nodes:dirt_with_silver_litter	0
85	29	87	grug_nodes:dirt_with_silver_litter	0
86	29	87	grug_nodes:dirt_with_silver_litter	0
87	29	87	grug_nodes:dirt_with_silver_litter	0
88	29	87	grug_nodes:dirt_with_silver_litter	0
89	29	87	grug_nodes:dirt_with_silver_litter	0
90	29	87	grug_nodes:dirt_with_silver_litter	0
91	29	87	grug_nodes:dirt_with_silver_litter	0
92	29	87	grug_nodes:dirt_with_silver_litter	0
93	29	87	grug_nodes:dirt_with_silver_litter	0
94	29	87	grug_nodes:dirt_with_silver_litter	0
95	29	87	grug_nodes:dirt_with_silver_litter	0
96	29	87	grug_nodes:dirt_with_silver_litter	0
97	29	87	grug_nodes:dirt_with_silver_litter	0
98	29	87	grug_nodes:dirt_with_silver_litter	0
99	29	87	default:river_water_source	0
100	29	87	default:river_water_source	0
101	29	87	default:river_water_source	0
102	29	87	default:river_water_source	0
103	29	87	default:river_water_source	0
104	29	87	default:river_water_source	0
105	29	87	default:river_water_source	0
106	29	87	default:river_water_source	0
107	29	87	default:river_water_source	0
108	29	87	default:river_water_source	0
109	29	87	default:river_water_source	0
110	29	87	default:river_water_source	0
111	29	87	default:river_water_source	0
112	29	87	default:river_water_source	0
113	29	87	default:river_water_source	0
114	29	87	default:river_water_source	0
115	29	87	default:river_water_source	0
116	29	87	default:river_water_source	0
117	29	87	default:river_water_source	0
118	29	87	default:river_water_source	0
72	30	87	default:river_water_source	0
73	30	87	default:river_water_source	0
74	30	87	default:river_water_source	0
75	30	87	default:river_water_source	0
76	30	87	default:river_water_source	0
77	30	87	default:river_water_source	0
78	30	87	default:river_water_source	0
79	30	87	default:river_water_source	0
80	30	87	default:river_water_source	0
81	30	87	default:river_water_source	0
82	30	87	default:river_water_source	0
83	30	87	default:river_water_source	0
84	30	87	default:river_water_source	0
85	30	87	default:river_water_source	0
86	30	87	default:river_water_source	0
87	30	87	default:river_water_source	0
88	30	87	default:river_water_source	0
89	30	87	default:river_water_source	0
90	30	87	default:river_water_source	0
91	30	87	default:river_water_source	0
92	30	87	default:river_water_source	0
93	30	87	default:river_water_source	0
94	30	87	default:river_water_source	0
95	30	87	default:river_water_source	0
96	30	87	default:river_water_source	0
97	30	87	default:river_water_source	0
98	30	87	default:river_water_source	0
99	30	87	default:river_water_source	0
100	30	87	default:river_water_source	0
101	30	87	default:river_water_source	0
102	30	87	default:river_water_source	0
103	30	87	default:river_water_source	0
104	30	87	default:river_water_source	0
105	30	87	default:river_water_source	0
106	30	87	default:river_water_source	0
107	30	87	default:river_water_source	0
108	30	87	default:river_water_source	0
109	30	87	default:river_water_source	0
110	30	87	default:river_water_source	0
111	30	87	default:river_water_source	0
112	30	87	default:river_water_source	0
113	30	87	default:river_water_source	0
114	30	87	default:river_water_source	0
115	30	87	default:river_water_source	0
116	30	87	default:river_water_source	0
117	30	87	default:river_water_source	0
118	30	87	default:river_water_source	0
72	31	87	default:river_water_source	0
73	31	87	default:river_water_source	0
74	31	87	default:river_water_source	0
75	31	87	default:river_water_source	0
76	31	87	default:river_water_source	0
77	31	87	default:river_water_source	0
78	31	87	default:river_water_source	0
79	31	87	default:river_water_source	0
80	31	87	default:river_water_source	0
81	31	87	default:river_water_source	0
82	31	87	default:river_water_source	0
83	31	87	default:river_water_source	0
84	31	87	default:river_water_source	0
85	31	87	default:river_water_source	0
86	31	87	default:river_water_source	0
87	31	87	default:river_water_source	0
88	31	87	default:river_water_source	0
89	31	87	default:river_water_source	0
90	31	87	default:river_water_source	0
91	31	87	default:river_water_source	0
92	31	87	default:river_water_source	0
93	31	87	default:river_water_source	0
94	31	87	default:river_water_source	0
95	31	87	default:river_water_source	0
96	31	87	default:river_water_source	0
97	31	87	default:river_water_source	0
98	31	87	default:river_water_source	0
99	31	87	default:river_water_source	0
100	31	87	default:river_water_source	0
101	31	87	default:river_water_source	0
102	31	87	default:river_water_source	0
103	31	87	default:river_water_source	0
104	31	87	default:river_water_source	0
105	31	87	default:river_water_source	0
106	31	87	default:river_water_source	0
107	31	87	default:river_water_source	0
108	31	87	default:river_water_source	0
109	31	87	default:river_water_source	0
110	31	87	default:river_water_source	0
111	31	87	default:river_water_source	0
112	31	87	default:river_water_source	0
113	31	87	default:river_water_source	0
114	31	87	default:river_water_source	0
115	31	87	default:river_water_source	0
116	31	87	default:river_water_source	0
117	31	87	default:river_water_source	0
118	31	87	default:river_water_source	0
72	32	87	default:river_water_source	0
73	32	87	default:river_water_source	0
74	32	87	default:river_water_source	0
75	32	87	default:river_water_source	0
76	32	87	default:river_water_source	0
77	32	87	default:river_water_source	0
78	32	87	default:river_water_source	0
79	32	87	default:river_water_source	0
80	32	87	default:river_water_source	0
81	32	87	default:river_water_source	0
82	32	87	default:river_water_source	0
83	32	87	default:river_water_source	0
84	32	87	default:river_water_source	0
85	32	87	default:river_water_source	0
86	32	87	default:river_water_source	0
87	32	87	default:river_water_source	0
88	32	87	default:river_water_source	0
89	32	87	default:river_water_source	0
90	32	87	default:river_water_source	0
91	32	87	default:river_water_source	0
92	32	87	default:river_water_source	0
93	32	87	default:river_water_source	0
94	32	87	default:river_water_source	0
95	32	87	default:river_water_source	0
96	32	87	default:river_water_source	0
97	32	87	default:river_water_source	0
98	32	87	default:river_water_source	0
99	32	87	default:river_water_source	0
100	32	87	default:river_water_source	0
101	32	87	default:river_water_source	0
102	32	87	default:river_water_source	0
103	32	87	default:river_water_source	0
104	32	87	default:river_water_source	0
105	32	87	default:river_water_source	0
106	32	87	default:river_water_source	0
107	32	87	default:river_water_source	0
108	32	87	default:river_water_source	0
109	32	87	default:river_water_source	0
110	32	87	default:river_water_source	0
111	32	87	default:river_water_source	0
112	32	87	default:river_water_source	0
113	32	87	default:river_water_source	0
114	32	87	default:river_water_source	0
115	32	87	default:river_water_source	0
116	32	87	default:river_water_source	0
117	32	87	default:river_water_source	0
118	32	87	default:river_water_source	0
72	33	87	default:river_water_source	0
73	33	87	default:river_water_source	0
74	33	87	default:river_water_source	0
75	33	87	default:river_water_source	0
76	33	87	default:river_water_source	0
77	33	87	default:river_water_source	0
78	33	87	default:river_water_source	0
79	33	87	default:river_water_source	0
80	33	87	default:river_water_source	0
81	33	87	default:river_water_source	0
82	33	87	default:river_water_source	0
83	33	87	default:river_water_source	0
84	33	87	default:river_water_source	0
85	33	87	default:river_water_source	0
86	33	87	default:river_water_source	0
87	33	87	default:river_water_source	0
88	33	87	default:river_water_source	0
89	33	87	default:river_water_source	0
90	33	87	default:river_water_source	0
91	33	87	default:river_water_source	0
92	33	87	default:river_water_source	0
93	33	87	default:river_water_source	0
94	33	87	default:river_water_source	0
95	33	87	default:river_water_source	0
96	33	87	default:river_water_source	0
97	33	87	default:river_water_source	0
98	33	87	default:river_water_source	0
99	33	87	default:river_water_source	0
100	33	87	default:river_water_source	0
101	33	87	default:river_water_source	0
102	33	87	default:river_water_source	0
103	33	87	default:river_water_source	0
104	33	87	default:river_water_source	0
105	33	87	default:river_water_source	0
106	33	87	default:river_water_source	0
107	33	87	default:river_water_source	0
108	33	87	default:river_water_source	0
109	33	87	default:river_water_source	0
110	33	87	default:river_water_source	0
111	33	87	default:river_water_source	0
112	33	87	default:river_water_source	0
113	33	87	default:river_water_source	0
114	33	87	default:river_water_source	0
115	33	87	default:river_water_source	0
116	33	87	default:river_water_source	0
117	33	87	default:river_water_source	0
118	33	87	default:river_water_source	0
72	34	87	default:river_water_source	0
73	34	87	default:river_water_source	0
74	34	87	default:river_water_source	0
75	34	87	default:river_water_source	0
76	34	87	default:river_water_source	0
77	34	87	default:river_water_source	0
78	34	87	default:river_water_source	0
79	34	87	default:river_water_source	0
80	34	87	default:river_water_source	0
81	34	87	default:river_water_source	0
82	34	87	default:river_water_source	0
83	34	87	default:river_water_source	0
84	34	87	default:river_water_source	0
85	34	87	default:river_water_source	0
86	34	87	default:river_water_source	0
87	34	87	default:river_water_source	0
88	34	87	default:river_water_source	0
89	34	87	default:river_water_source	0
90	34	87	default:river_water_source	0
91	34	87	default:river_water_source	0
92	34	87	default:river_water_source	0
93	34	87	default:river_water_source	0
94	34	87	default:river_water_source	0
95	34	87	default:river_water_source	0
96	34	87	default:river_water_source	0
97	34	87	default:river_water_source	0
98	34	87	default:river_water_source	0
99	34	87	default:river_water_source	0
100	34	87	default:river_water_source	0
101	34	87	default:river_water_source	0
102	34	87	default:river_water_source	0
103	34	87	default:river_water_source	0
104	34	87	default:river_water_source	0
105	34	87	default:river_water_source	0
106	34	87	default:river_water_source	0
107	34	87	default:river_water_source	0
108	34	87	default:river_water_source	0
109	34	87	default:river_water_source	0
110	34	87	default:river_water_source	0
111	34	87	default:river_water_source	0
112	34	87	default:river_water_source	0
113	34	87	default:river_water_source	0
114	34	87	default:river_water_source	0
115	34	87	default:river_water_source	0
116	34	87	default:river_water_source	0
117	34	87	default:river_water_source	0
118	34	87	default:river_water_source	0
72	35	87	default:river_water_source	0
73	35	87	default:river_water_source	0
74	35	87	default:river_water_source	0
75	35	87	default:river_water_source	0
76	35	87	default:river_water_source	0
77	35	87	default:river_water_source	0
78	35	87	default:river_water_source	0
79	35	87	default:river_water_source	0
80	35	87	default:river_water_source	0
81	35	87	default:river_water_source	0
82	35	87	default:river_water_source	0
83	35	87	default:river_water_source	0
84	35	87	default:river_water_source	0
85	35	87	default:river_water_source	0
86	35	87	default:river_water_source	0
87	35	87	default:river_water_source	0
88	35	87	default:river_water_source	0
89	35	87	default:river_water_source	0
90	35	87	default:river_water_source	0
91	35	87	default:river_water_source	0
92	35	87	default:river_water_source	0
93	35	87	default:river_water_source	0
94	35	87	default:river_water_source	0
95	35	87	default:river_water_source	0
96	35	87	default:river_water_source	0
97	35	87	default:river_water_source	0
98	35	87	default:river_water_source	0
99	35	87	default:river_water_source	0
100	35	87	default:river_water_source	0
101	35	87	default:river_water_source	0
102	35	87	default:river_water_source	0
103	35	87	default:river_water_source	0
104	35	87	default:river_water_source	0
105	35	87	default:river_water_source	0
106	35	87	default:river_water_source	0
107	35	87	default:river_water_source	0
108	35	87	default:river_water_source	0
109	35	87	default:river_water_source	0
110	35	87	default:river_water_source	0
111	35	87	default:river_water_source	0
112	35	87	default:river_water_source	0
113	35	87	default:river_water_source	0
114	35	87	default:river_water_source	0
115	35	87	default:river_water_source	0
116	35	87	default:river_water_source	0
117	35	87	default:river_water_source	0
118	35	87	default:river_water_source	0
93	36	87	grug_trees:silverwood_wood	0
94	36	87	grug_decor:darkage_serpentine	0
95	36	87	grug_decor:castle_pavement_brick	0
96	36	87	grug_decor:castle_pavement_brick	0
97	36	87	grug_decor:castle_pavement_brick	0
98	36	87	grug_decor:darkage_serpentine	0
99	36	87	grug_trees:silverwood_wood	0
93	37	87	default:fence_aspen_wood	0
99	37	87	default:fence_aspen_wood	0
72	25	88	default:dirt	0
73	25	88	default:dirt	0
74	25	88	default:dirt	0
75	25	88	default:dirt	0
76	25	88	default:dirt	0
77	25	88	default:dirt	0
78	25	88	default:dirt	0
99	25	88	default:dirt	0
100	25	88	default:dirt	0
101	25	88	default:dirt	0
102	25	88	default:dirt	0
103	25	88	default:dirt	0
104	25	88	default:dirt	0
105	25	88	default:dirt	0
106	25	88	default:dirt	0
107	25	88	default:dirt	0
108	25	88	default:dirt	0
109	25	88	default:dirt	0
110	25	88	default:dirt	0
111	25	88	default:dirt	0
112	25	88	default:dirt	0
113	25	88	default:dirt	0
114	25	88	default:dirt	0
115	25	88	default:dirt	0
116	25	88	default:dirt	0
117	25	88	default:dirt	0
118	25	88	default:dirt	0
72	26	88	default:dirt	0
73	26	88	default:dirt	0
74	26	88	default:dirt	0
75	26	88	default:dirt	0
76	26	88	default:dirt	0
77	26	88	default:dirt	0
78	26	88	default:dirt	0
79	26	88	default:dirt	0
80	26	88	default:dirt	0
81	26	88	default:dirt	0
82	26	88	default:dirt	0
83	26	88	default:dirt	0
84	26	88	default:dirt	0
85	26	88	default:dirt	0
86	26	88	default:dirt	0
87	26	88	default:dirt	0
88	26	88	default:dirt	0
89	26	88	default:dirt	0
90	26	88	default:dirt	0
91	26	88	default:dirt	0
92	26	88	default:dirt	0
93	26	88	default:dirt	0
94	26	88	default:dirt	0
95	26	88	default:dirt	0
96	26	88	default:dirt	0
97	26	88	default:dirt	0
98	26	88	default:dirt	0
99	26	88	default:dirt	0
100	26	88	default:dirt	0
101	26	88	default:dirt	0
102	26	88	default:dirt	0
103	26	88	default:dirt	0
104	26	88	default:dirt	0
105	26	88	default:dirt	0
106	26	88	default:dirt	0
107	26	88	default:dirt	0
108	26	88	default:dirt	0
109	26	88	default:dirt	0
110	26	88	default:dirt	0
111	26	88	default:dirt	0
112	26	88	default:dirt	0
113	26	88	default:dirt	0
114	26	88	default:dirt	0
115	26	88	default:dirt	0
116	26	88	default:dirt	0
117	26	88	default:dirt	0
118	26	88	default:dirt	0
72	27	88	default:dirt	0
73	27	88	default:dirt	0
74	27	88	default:dirt	0
75	27	88	default:dirt	0
76	27	88	default:dirt	0
77	27	88	default:dirt	0
78	27	88	default:dirt	0
79	27	88	default:dirt	0
80	27	88	default:dirt	0
81	27	88	default:dirt	0
82	27	88	default:dirt	0
83	27	88	default:dirt	0
84	27	88	default:dirt	0
85	27	88	default:dirt	0
86	27	88	default:dirt	0
87	27	88	default:dirt	0
88	27	88	default:dirt	0
89	27	88	default:dirt	0
90	27	88	default:dirt	0
91	27	88	default:dirt	0
92	27	88	default:dirt	0
93	27	88	default:dirt	0
94	27	88	default:dirt	0
95	27	88	default:dirt	0
96	27	88	default:dirt	0
97	27	88	default:dirt	0
98	27	88	default:dirt	0
99	27	88	default:dirt	0
100	27	88	default:dirt	0
101	27	88	default:dirt	0
102	27	88	default:dirt	0
103	27	88	default:dirt	0
104	27	88	default:dirt	0
105	27	88	default:dirt	0
106	27	88	default:dirt	0
107	27	88	default:dirt	0
108	27	88	default:dirt	0
109	27	88	default:dirt	0
110	27	88	default:dirt	0
111	27	88	default:dirt	0
112	27	88	default:dirt	0
113	27	88	default:dirt	0
114	27	88	default:dirt	0
115	27	88	default:dirt	0
116	27	88	default:dirt	0
117	27	88	default:dirt	0
118	27	88	default:dirt	0
72	28	88	grug_nodes:dirt_with_silver_litter	0
73	28	88	grug_nodes:dirt_with_silver_litter	0
74	28	88	grug_nodes:dirt_with_silver_litter	0
75	28	88	grug_nodes:dirt_with_silver_litter	0
76	28	88	grug_nodes:dirt_with_silver_litter	0
77	28	88	grug_nodes:dirt_with_silver_litter	0
78	28	88	grug_nodes:dirt_with_silver_litter	0
79	28	88	default:dirt	0
80	28	88	default:dirt	0
81	28	88	default:dirt	0
82	28	88	default:dirt	0
83	28	88	default:dirt	0
84	28	88	default:dirt	0
85	28	88	default:dirt	0
86	28	88	default:dirt	0
87	28	88	default:dirt	0
88	28	88	default:dirt	0
89	28	88	default:dirt	0
90	28	88	default:dirt	0
91	28	88	default:dirt	0
92	28	88	default:dirt	0
93	28	88	default:dirt	0
94	28	88	default:dirt	0
95	28	88	default:dirt	0
96	28	88	default:dirt	0
97	28	88	default:dirt	0
98	28	88	default:dirt	0
99	28	88	grug_nodes:dirt_with_silver_litter	0
100	28	88	grug_nodes:dirt_with_silver_litter	0
101	28	88	grug_nodes:dirt_with_silver_litter	0
102	28	88	grug_nodes:dirt_with_silver_litter	0
103	28	88	grug_nodes:dirt_with_silver_litter	0
104	28	88	grug_nodes:dirt_with_silver_litter	0
105	28	88	grug_nodes:dirt_with_silver_litter	0
106	28	88	grug_nodes:dirt_with_silver_litter	0
107	28	88	grug_nodes:dirt_with_silver_litter	0
108	28	88	grug_nodes:dirt_with_silver_litter	0
109	28	88	grug_nodes:dirt_with_silver_litter	0
110	28	88	grug_nodes:dirt_with_silver_litter	0
111	28	88	grug_nodes:dirt_with_silver_litter	0
112	28	88	grug_nodes:dirt_with_silver_litter	0
113	28	88	grug_nodes:dirt_with_silver_litter	0
114	28	88	grug_nodes:dirt_with_silver_litter	0
115	28	88	grug_nodes:dirt_with_silver_litter	0
116	28	88	grug_nodes:dirt_with_silver_litter	0
117	28	88	grug_nodes:dirt_with_silver_litter	0
118	28	88	grug_nodes:dirt_with_silver_litter	0
72	29	88	default:river_water_source	0
73	29	88	default:river_water_source	0
74	29	88	default:river_water_source	0
75	29	88	default:river_water_source	0
76	29	88	default:river_water_source	0
77	29	88	default:river_water_source	0
78	29	88	default:river_water_source	0
79	29	88	grug_nodes:dirt_with_silver_litter	0
80	29	88	grug_nodes:dirt_with_silver_litter	0
81	29	88	grug_nodes:dirt_with_silver_litter	0
82	29	88	grug_nodes:dirt_with_silver_litter	0
83	29	88	grug_nodes:dirt_with_silver_litter	0
84	29	88	grug_nodes:dirt_with_silver_litter	0
85	29	88	grug_nodes:dirt_with_silver_litter	0
86	29	88	grug_nodes:dirt_with_silver_litter	0
87	29	88	grug_nodes:dirt_with_silver_litter	0
88	29	88	grug_nodes:dirt_with_silver_litter	0
89	29	88	grug_nodes:dirt_with_silver_litter	0
90	29	88	grug_nodes:dirt_with_silver_litter	0
91	29	88	grug_nodes:dirt_with_silver_litter	0
92	29	88	grug_nodes:dirt_with_silver_litter	0
93	29	88	grug_nodes:dirt_with_silver_litter	0
94	29	88	grug_nodes:dirt_with_silver_litter	0
95	29	88	grug_nodes:dirt_with_silver_litter	0
96	29	88	grug_nodes:dirt_with_silver_litter	0
97	29	88	grug_nodes:dirt_with_silver_litter	0
98	29	88	grug_nodes:dirt_with_silver_litter	0
99	29	88	default:river_water_source	0
100	29	88	default:river_water_source	0
101	29	88	default:river_water_source	0
102	29	88	default:river_water_source	0
103	29	88	default:river_water_source	0
104	29	88	default:river_water_source	0
105	29	88	default:river_water_source	0
106	29	88	default:river_water_source	0
107	29	88	default:river_water_source	0
108	29	88	default:river_water_source	0
109	29	88	default:river_water_source	0
110	29	88	default:river_water_source	0
111	29	88	default:river_water_source	0
112	29	88	default:river_water_source	0
113	29	88	default:river_water_source	0
114	29	88	default:river_water_source	0
115	29	88	default:river_water_source	0
116	29	88	default:river_water_source	0
117	29	88	default:river_water_source	0
118	29	88	default:river_water_source	0
72	30	88	default:river_water_source	0
73	30	88	default:river_water_source	0
74	30	88	default:river_water_source	0
75	30	88	default:river_water_source	0
76	30	88	default:river_water_source	0
77	30	88	default:river_water_source	0
78	30	88	default:river_water_source	0
79	30	88	default:river_water_source	0
80	30	88	default:river_water_source	0
81	30	88	default:river_water_source	0
82	30	88	default:river_water_source	0
83	30	88	default:river_water_source	0
84	30	88	default:river_water_source	0
85	30	88	default:river_water_source	0
86	30	88	default:river_water_source	0
87	30	88	default:river_water_source	0
88	30	88	default:river_water_source	0
89	30	88	default:river_water_source	0
90	30	88	default:river_water_source	0
91	30	88	default:river_water_source	0
92	30	88	default:river_water_source	0
93	30	88	default:river_water_source	0
94	30	88	default:river_water_source	0
95	30	88	default:river_water_source	0
96	30	88	default:river_water_source	0
97	30	88	default:river_water_source	0
98	30	88	default:river_water_source	0
99	30	88	default:river_water_source	0
100	30	88	default:river_water_source	0
101	30	88	default:river_water_source	0
102	30	88	default:river_water_source	0
103	30	88	default:river_water_source	0
104	30	88	default:river_water_source	0
105	30	88	default:river_water_source	0
106	30	88	default:river_water_source	0
107	30	88	default:river_water_source	0
108	30	88	default:river_water_source	0
109	30	88	default:river_water_source	0
110	30	88	default:river_water_source	0
111	30	88	default:river_water_source	0
112	30	88	default:river_water_source	0
113	30	88	default:river_water_source	0
114	30	88	default:river_water_source	0
115	30	88	default:river_water_source	0
116	30	88	default:river_water_source	0
117	30	88	default:river_water_source	0
118	30	88	default:river_water_source	0
72	31	88	default:river_water_source	0
73	31	88	default:river_water_source	0
74	31	88	default:river_water_source	0
75	31	88	default:river_water_source	0
76	31	88	default:river_water_source	0
77	31	88	default:river_water_source	0
78	31	88	default:river_water_source	0
79	31	88	default:river_water_source	0
80	31	88	default:river_water_source	0
81	31	88	default:river_water_source	0
82	31	88	default:river_water_source	0
83	31	88	default:river_water_source	0
84	31	88	default:river_water_source	0
85	31	88	default:river_water_source	0
86	31	88	default:river_water_source	0
87	31	88	default:river_water_source	0
88	31	88	default:river_water_source	0
89	31	88	default:river_water_source	0
90	31	88	default:river_water_source	0
91	31	88	default:river_water_source	0
92	31	88	default:river_water_source	0
93	31	88	default:river_water_source	0
93	31	88	grug_decor:darkage_marble	0
94	31	88	default:river_water_source	0
95	31	88	default:river_water_source	0
96	31	88	default:river_water_source	0
97	31	88	default:river_water_source	0
98	31	88	default:river_water_source	0
99	31	88	default:river_water_source	0
99	31	88	grug_decor:darkage_marble	0
100	31	88	default:river_water_source	0
101	31	88	default:river_water_source	0
102	31	88	default:river_water_source	0
103	31	88	default:river_water_source	0
104	31	88	default:river_water_source	0
105	31	88	default:river_water_source	0
106	31	88	default:river_water_source	0
107	31	88	default:river_water_source	0
108	31	88	default:river_water_source	0
109	31	88	default:river_water_source	0
110	31	88	default:river_water_source	0
111	31	88	default:river_water_source	0
112	31	88	default:river_water_source	0
113	31	88	default:river_water_source	0
114	31	88	default:river_water_source	0
115	31	88	default:river_water_source	0
116	31	88	default:river_water_source	0
117	31	88	default:river_water_source	0
118	31	88	default:river_water_source	0
72	32	88	default:river_water_source	0
73	32	88	default:river_water_source	0
74	32	88	default:river_water_source	0
75	32	88	default:river_water_source	0
76	32	88	default:river_water_source	0
77	32	88	default:river_water_source	0
78	32	88	default:river_water_source	0
79	32	88	default:river_water_source	0
80	32	88	default:river_water_source	0
81	32	88	default:river_water_source	0
82	32	88	default:river_water_source	0
83	32	88	default:river_water_source	0
84	32	88	default:river_water_source	0
85	32	88	default:river_water_source	0
86	32	88	default:river_water_source	0
87	32	88	default:river_water_source	0
88	32	88	default:river_water_source	0
89	32	88	default:river_water_source	0
90	32	88	default:river_water_source	0
91	32	88	default:river_water_source	0
92	32	88	default:river_water_source	0
93	32	88	default:river_water_source	0
93	32	88	grug_decor:darkage_marble	0
94	32	88	default:river_water_source	0
95	32	88	default:river_water_source	0
96	32	88	default:river_water_source	0
97	32	88	default:river_water_source	0
98	32	88	default:river_water_source	0
99	32	88	default:river_water_source	0
99	32	88	grug_decor:darkage_marble	0
100	32	88	default:river_water_source	0
101	32	88	default:river_water_source	0
102	32	88	default:river_water_source	0
103	32	88	default:river_water_source	0
104	32	88	default:river_water_source	0
105	32	88	default:river_water_source	0
106	32	88	default:river_water_source	0
107	32	88	default:river_water_source	0
108	32	88	default:river_water_source	0
109	32	88	default:river_water_source	0
110	32	88	default:river_water_source	0
111	32	88	default:river_water_source	0
112	32	88	default:river_water_source	0
113	32	88	default:river_water_source	0
114	32	88	default:river_water_source	0
115	32	88	default:river_water_source	0
116	32	88	default:river_water_source	0
117	32	88	default:river_water_source	0
118	32	88	default:river_water_source	0
72	33	88	default:river_water_source	0
73	33	88	default:river_water_source	0
74	33	88	default:river_water_source	0
75	33	88	default:river_water_source	0
76	33	88	default:river_water_source	0
77	33	88	default:river_water_source	0
78	33	88	default:river_water_source	0
79	33	88	default:river_water_source	0
80	33	88	default:river_water_source	0
81	33	88	default:river_water_source	0
82	33	88	default:river_water_source	0
83	33	88	default:river_water_source	0
84	33	88	default:river_water_source	0
85	33	88	default:river_water_source	0
86	33	88	default:river_water_source	0
87	33	88	default:river_water_source	0
88	33	88	default:river_water_source	0
89	33	88	default:river_water_source	0
90	33	88	default:river_water_source	0
91	33	88	default:river_water_source	0
92	33	88	default:river_water_source	0
93	33	88	default:river_water_source	0
93	33	88	grug_decor:darkage_marble	0
94	33	88	default:river_water_source	0
95	33	88	default:river_water_source	0
96	33	88	default:river_water_source	0
97	33	88	default:river_water_source	0
98	33	88	default:river_water_source	0
99	33	88	default:river_water_source	0
99	33	88	grug_decor:darkage_marble	0
100	33	88	default:river_water_source	0
101	33	88	default:river_water_source	0
102	33	88	default:river_water_source	0
103	33	88	default:river_water_source	0
104	33	88	default:river_water_source	0
105	33	88	default:river_water_source	0
106	33	88	default:river_water_source	0
107	33	88	default:river_water_source	0
108	33	88	default:river_water_source	0
109	33	88	default:river_water_source	0
110	33	88	default:river_water_source	0
111	33	88	default:river_water_source	0
112	33	88	default:river_water_source	0
113	33	88	default:river_water_source	0
114	33	88	default:river_water_source	0
115	33	88	default:river_water_source	0
116	33	88	default:river_water_source	0
117	33	88	default:river_water_source	0
118	33	88	default:river_water_source	0
72	34	88	default:river_water_source	0
73	34	88	default:river_water_source	0
74	34	88	default:river_water_source	0
75	34	88	default:river_water_source	0
76	34	88	default:river_water_source	0
77	34	88	default:river_water_source	0
78	34	88	default:river_water_source	0
79	34	88	default:river_water_source	0
80	34	88	default:river_water_source	0
81	34	88	default:river_water_source	0
82	34	88	default:river_water_source	0
83	34	88	default:river_water_source	0
84	34	88	default:river_water_source	0
85	34	88	default:river_water_source	0
86	34	88	default:river_water_source	0
87	34	88	default:river_water_source	0
88	34	88	default:river_water_source	0
89	34	88	default:river_water_source	0
90	34	88	default:river_water_source	0
91	34	88	default:river_water_source	0
92	34	88	default:river_water_source	0
93	34	88	default:river_water_source	0
93	34	88	grug_decor:darkage_marble	0
94	34	88	default:river_water_source	0
95	34	88	default:river_water_source	0
96	34	88	default:river_water_source	0
97	34	88	default:river_water_source	0
98	34	88	default:river_water_source	0
99	34	88	default:river_water_source	0
99	34	88	grug_decor:darkage_marble	0
100	34	88	default:river_water_source	0
101	34	88	default:river_water_source	0
102	34	88	default:river_water_source	0
103	34	88	default:river_water_source	0
104	34	88	default:river_water_source	0
105	34	88	default:river_water_source	0
106	34	88	default:river_water_source	0
107	34	88	default:river_water_source	0
108	34	88	default:river_water_source	0
109	34	88	default:river_water_source	0
110	34	88	default:river_water_source	0
111	34	88	default:river_water_source	0
112	34	88	default:river_water_source	0
113	34	88	default:river_water_source	0
114	34	88	default:river_water_source	0
115	34	88	default:river_water_source	0
116	34	88	default:river_water_source	0
117	34	88	default:river_water_source	0
118	34	88	default:river_water_source	0
72	35	88	default:river_water_source	0
73	35	88	default:river_water_source	0
74	35	88	default:river_water_source	0
75	35	88	default:river_water_source	0
76	35	88	default:river_water_source	0
77	35	88	default:river_water_source	0
78	35	88	default:river_water_source	0
79	35	88	default:river_water_source	0
80	35	88	default:river_water_source	0
81	35	88	default:river_water_source	0
82	35	88	default:river_water_source	0
83	35	88	default:river_water_source	0
84	35	88	default:river_water_source	0
85	35	88	default:river_water_source	0
86	35	88	default:river_water_source	0
87	35	88	default:river_water_source	0
88	35	88	default:river_water_source	0
89	35	88	default:river_water_source	0
90	35	88	default:river_water_source	0
91	35	88	default:river_water_source	0
92	35	88	default:river_water_source	0
93	35	88	default:river_water_source	0
93	35	88	grug_decor:darkage_marble	0
94	35	88	default:river_water_source	0
95	35	88	default:river_water_source	0
96	35	88	default:river_water_source	0
97	35	88	default:river_water_source	0
98	35	88	default:river_water_source	0
99	35	88	default:river_water_source	0
99	35	88	grug_decor:darkage_marble	0
100	35	88	default:river_water_source	0
101	35	88	default:river_water_source	0
102	35	88	default:river_water_source	0
103	35	88	default:river_water_source	0
104	35	88	default:river_water_source	0
105	35	88	default:river_water_source	0
106	35	88	default:river_water_source	0
107	35	88	default:river_water_source	0
108	35	88	default:river_water_source	0
109	35	88	default:river_water_source	0
110	35	88	default:river_water_source	0
111	35	88	default:river_water_source	0
112	35	88	default:river_water_source	0
113	35	88	default:river_water_source	0
114	35	88	default:river_water_source	0
115	35	88	default:river_water_source	0
116	35	88	default:river_water_source	0
117	35	88	default:river_water_source	0
118	35	88	default:river_water_source	0
93	36	88	grug_trees:silverwood_wood	0
94	36	88	grug_decor:darkage_serpentine	0
95	36	88	grug_decor:castle_pavement_brick	0
96	36	88	grug_decor:castle_pavement_brick	0
97	36	88	grug_decor:castle_pavement_brick	0
98	36	88	grug_decor:darkage_serpentine	0
99	36	88	grug_trees:silverwood_wood	0
93	37	88	grug_trees:silverwood_tree	0
99	37	88	grug_trees:silverwood_tree	0
93	38	88	grug_trees:silverwood_tree	0
99	38	88	grug_trees:silverwood_tree	0
93	39	88	grug_decor:xdecor_candle	1
99	39	88	grug_decor:xdecor_candle	1
72	25	89	default:dirt	0
73	25	89	default:dirt	0
74	25	89	default:dirt	0
75	25	89	default:dirt	0
76	25	89	default:dirt	0
77	25	89	default:dirt	0
78	25	89	default:dirt	0
99	25	89	default:dirt	0
100	25	89	default:dirt	0
101	25	89	default:dirt	0
102	25	89	default:dirt	0
103	25	89	default:dirt	0
104	25	89	default:dirt	0
105	25	89	default:dirt	0
106	25	89	default:dirt	0
107	25	89	default:dirt	0
108	25	89	default:dirt	0
109	25	89	default:dirt	0
110	25	89	default:dirt	0
111	25	89	default:dirt	0
112	25	89	default:dirt	0
113	25	89	default:dirt	0
114	25	89	default:dirt	0
115	25	89	default:dirt	0
116	25	89	default:dirt	0
117	25	89	default:dirt	0
118	25	89	default:dirt	0
72	26	89	default:dirt	0
73	26	89	default:dirt	0
74	26	89	default:dirt	0
75	26	89	default:dirt	0
76	26	89	default:dirt	0
77	26	89	default:dirt	0
78	26	89	default:dirt	0
79	26	89	default:dirt	0
80	26	89	default:dirt	0
81	26	89	default:dirt	0
82	26	89	default:dirt	0
83	26	89	default:dirt	0
84	26	89	default:dirt	0
85	26	89	default:dirt	0
86	26	89	default:dirt	0
87	26	89	default:dirt	0
88	26	89	default:dirt	0
89	26	89	default:dirt	0
90	26	89	default:dirt	0
91	26	89	default:dirt	0
92	26	89	default:dirt	0
93	26	89	default:dirt	0
94	26	89	default:dirt	0
95	26	89	default:dirt	0
96	26	89	default:dirt	0
97	26	89	default:dirt	0
98	26	89	default:dirt	0
99	26	89	default:dirt	0
100	26	89	default:dirt	0
101	26	89	default:dirt	0
102	26	89	default:dirt	0
103	26	89	default:dirt	0
104	26	89	default:dirt	0
105	26	89	default:dirt	0
106	26	89	default:dirt	0
107	26	89	default:dirt	0
108	26	89	default:dirt	0
109	26	89	default:dirt	0
110	26	89	default:dirt	0
111	26	89	default:dirt	0
112	26	89	default:dirt	0
113	26	89	default:dirt	0
114	26	89	default:dirt	0
115	26	89	default:dirt	0
116	26	89	default:dirt	0
117	26	89	default:dirt	0
118	26	89	default:dirt	0
72	27	89	default:dirt	0
73	27	89	default:dirt	0
74	27	89	default:dirt	0
75	27	89	default:dirt	0
76	27	89	default:dirt	0
77	27	89	default:dirt	0
78	27	89	default:dirt	0
79	27	89	default:dirt	0
80	27	89	default:dirt	0
81	27	89	default:dirt	0
82	27	89	default:dirt	0
83	27	89	default:dirt	0
84	27	89	default:dirt	0
85	27	89	default:dirt	0
86	27	89	default:dirt	0
87	27	89	default:dirt	0
88	27	89	default:dirt	0
89	27	89	default:dirt	0
90	27	89	default:dirt	0
91	27	89	default:dirt	0
92	27	89	default:dirt	0
93	27	89	default:dirt	0
94	27	89	default:dirt	0
95	27	89	default:dirt	0
96	27	89	default:dirt	0
97	27	89	default:dirt	0
98	27	89	default:dirt	0
99	27	89	default:dirt	0
100	27	89	default:dirt	0
101	27	89	default:dirt	0
102	27	89	default:dirt	0
103	27	89	default:dirt	0
104	27	89	default:dirt	0
105	27	89	default:dirt	0
106	27	89	default:dirt	0
107	27	89	default:dirt	0
108	27	89	default:dirt	0
109	27	89	default:dirt	0
110	27	89	default:dirt	0
111	27	89	default:dirt	0
112	27	89	default:dirt	0
113	27	89	default:dirt	0
114	27	89	default:dirt	0
115	27	89	default:dirt	0
116	27	89	default:dirt	0
117	27	89	default:dirt	0
118	27	89	default:dirt	0
72	28	89	grug_nodes:dirt_with_silver_litter	0
73	28	89	grug_nodes:dirt_with_silver_litter	0
74	28	89	grug_nodes:dirt_with_silver_litter	0
75	28	89	grug_nodes:dirt_with_silver_litter	0
76	28	89	grug_nodes:dirt_with_silver_litter	0
77	28	89	grug_nodes:dirt_with_silver_litter	0
78	28	89	grug_nodes:dirt_with_silver_litter	0
79	28	89	default:dirt	0
80	28	89	default:dirt	0
81	28	89	default:dirt	0
82	28	89	default:dirt	0
83	28	89	default:dirt	0
84	28	89	default:dirt	0
85	28	89	default:dirt	0
86	28	89	default:dirt	0
87	28	89	default:dirt	0
88	28	89	default:dirt	0
89	28	89	default:dirt	0
90	28	89	default:dirt	0
91	28	89	default:dirt	0
92	28	89	default:dirt	0
93	28	89	default:dirt	0
94	28	89	default:dirt	0
95	28	89	default:dirt	0
96	28	89	default:dirt	0
97	28	89	default:dirt	0
98	28	89	default:dirt	0
99	28	89	grug_nodes:dirt_with_silver_litter	0
100	28	89	grug_nodes:dirt_with_silver_litter	0
101	28	89	grug_nodes:dirt_with_silver_litter	0
102	28	89	grug_nodes:dirt_with_silver_litter	0
103	28	89	grug_nodes:dirt_with_silver_litter	0
104	28	89	grug_nodes:dirt_with_silver_litter	0
105	28	89	grug_nodes:dirt_with_silver_litter	0
106	28	89	grug_nodes:dirt_with_silver_litter	0
107	28	89	grug_nodes:dirt_with_silver_litter	0
108	28	89	grug_nodes:dirt_with_silver_litter	0
109	28	89	grug_nodes:dirt_with_silver_litter	0
110	28	89	grug_nodes:dirt_with_silver_litter	0
111	28	89	grug_nodes:dirt_with_silver_litter	0
112	28	89	grug_nodes:dirt_with_silver_litter	0
113	28	89	grug_nodes:dirt_with_silver_litter	0
114	28	89	grug_nodes:dirt_with_silver_litter	0
115	28	89	grug_nodes:dirt_with_silver_litter	0
116	28	89	grug_nodes:dirt_with_silver_litter	0
117	28	89	grug_nodes:dirt_with_silver_litter	0
118	28	89	grug_nodes:dirt_with_silver_litter	0
72	29	89	default:river_water_source	0
73	29	89	default:river_water_source	0
74	29	89	default:river_water_source	0
75	29	89	default:river_water_source	0
76	29	89	default:river_water_source	0
77	29	89	default:river_water_source	0
78	29	89	default:river_water_source	0
79	29	89	grug_nodes:dirt_with_silver_litter	0
80	29	89	grug_nodes:dirt_with_silver_litter	0
81	29	89	grug_nodes:dirt_with_silver_litter	0
82	29	89	grug_nodes:dirt_with_silver_litter	0
83	29	89	grug_nodes:dirt_with_silver_litter	0
84	29	89	grug_nodes:dirt_with_silver_litter	0
85	29	89	grug_nodes:dirt_with_silver_litter	0
86	29	89	grug_nodes:dirt_with_silver_litter	0
87	29	89	grug_nodes:dirt_with_silver_litter	0
88	29	89	grug_nodes:dirt_with_silver_litter	0
89	29	89	grug_nodes:dirt_with_silver_litter	0
90	29	89	grug_nodes:dirt_with_silver_litter	0
91	29	89	grug_nodes:dirt_with_silver_litter	0
92	29	89	grug_nodes:dirt_with_silver_litter	0
93	29	89	grug_nodes:dirt_with_silver_litter	0
94	29	89	grug_nodes:dirt_with_silver_litter	0
95	29	89	grug_nodes:dirt_with_silver_litter	0
96	29	89	grug_nodes:dirt_with_silver_litter	0
97	29	89	grug_nodes:dirt_with_silver_litter	0
98	29	89	grug_nodes:dirt_with_silver_litter	0
99	29	89	default:river_water_source	0
100	29	89	default:river_water_source	0
101	29	89	default:river_water_source	0
102	29	89	default:river_water_source	0
103	29	89	default:river_water_source	0
104	29	89	default:river_water_source	0
105	29	89	default:river_water_source	0
106	29	89	default:river_water_source	0
107	29	89	default:river_water_source	0
108	29	89	default:river_water_source	0
109	29	89	default:river_water_source	0
110	29	89	default:river_water_source	0
111	29	89	default:river_water_source	0
112	29	89	default:river_water_source	0
113	29	89	default:river_water_source	0
114	29	89	default:river_water_source	0
115	29	89	default:river_water_source	0
116	29	89	default:river_water_source	0
117	29	89	default:river_water_source	0
118	29	89	default:river_water_source	0
72	30	89	default:river_water_source	0
73	30	89	default:river_water_source	0
74	30	89	default:river_water_source	0
75	30	89	default:river_water_source	0
76	30	89	default:river_water_source	0
77	30	89	default:river_water_source	0
78	30	89	default:river_water_source	0
79	30	89	default:river_water_source	0
80	30	89	default:river_water_source	0
81	30	89	default:river_water_source	0
82	30	89	default:river_water_source	0
83	30	89	default:river_water_source	0
84	30	89	default:river_water_source	0
85	30	89	default:river_water_source	0
86	30	89	default:river_water_source	0
87	30	89	default:river_water_source	0
88	30	89	default:river_water_source	0
89	30	89	default:river_water_source	0
90	30	89	default:river_water_source	0
91	30	89	default:river_water_source	0
92	30	89	default:river_water_source	0
93	30	89	default:river_water_source	0
94	30	89	default:river_water_source	0
95	30	89	default:river_water_source	0
96	30	89	default:river_water_source	0
97	30	89	default:river_water_source	0
98	30	89	default:river_water_source	0
99	30	89	default:river_water_source	0
100	30	89	default:river_water_source	0
101	30	89	default:river_water_source	0
102	30	89	default:river_water_source	0
103	30	89	default:river_water_source	0
104	30	89	default:river_water_source	0
105	30	89	default:river_water_source	0
106	30	89	default:river_water_source	0
107	30	89	default:river_water_source	0
108	30	89	default:river_water_source	0
109	30	89	default:river_water_source	0
110	30	89	default:river_water_source	0
111	30	89	default:river_water_source	0
112	30	89	default:river_water_source	0
113	30	89	default:river_water_source	0
114	30	89	default:river_water_source	0
115	30	89	default:river_water_source	0
116	30	89	default:river_water_source	0
117	30	89	default:river_water_source	0
118	30	89	default:river_water_source	0
72	31	89	default:river_water_source	0
73	31	89	default:river_water_source	0
74	31	89	default:river_water_source	0
75	31	89	default:river_water_source	0
76	31	89	default:river_water_source	0
77	31	89	default:river_water_source	0
78	31	89	default:river_water_source	0
79	31	89	default:river_water_source	0
80	31	89	default:river_water_source	0
81	31	89	default:river_water_source	0
82	31	89	default:river_water_source	0
83	31	89	default:river_water_source	0
84	31	89	default:river_water_source	0
85	31	89	default:river_water_source	0
86	31	89	default:river_water_source	0
87	31	89	default:river_water_source	0
88	31	89	default:river_water_source	0
89	31	89	default:river_water_source	0
90	31	89	default:river_water_source	0
91	31	89	default:river_water_source	0
92	31	89	default:river_water_source	0
93	31	89	default:river_water_source	0
94	31	89	default:river_water_source	0
95	31	89	default:river_water_source	0
96	31	89	default:river_water_source	0
97	31	89	default:river_water_source	0
98	31	89	default:river_water_source	0
99	31	89	default:river_water_source	0
100	31	89	default:river_water_source	0
101	31	89	default:river_water_source	0
102	31	89	default:river_water_source	0
103	31	89	default:river_water_source	0
104	31	89	default:river_water_source	0
105	31	89	default:river_water_source	0
106	31	89	default:river_water_source	0
107	31	89	default:river_water_source	0
108	31	89	default:river_water_source	0
109	31	89	default:river_water_source	0
110	31	89	default:river_water_source	0
111	31	89	default:river_water_source	0
112	31	89	default:river_water_source	0
113	31	89	default:river_water_source	0
114	31	89	default:river_water_source	0
115	31	89	default:river_water_source	0
116	31	89	default:river_water_source	0
117	31	89	default:river_water_source	0
118	31	89	default:river_water_source	0
72	32	89	default:river_water_source	0
73	32	89	default:river_water_source	0
74	32	89	default:river_water_source	0
75	32	89	default:river_water_source	0
76	32	89	default:river_water_source	0
77	32	89	default:river_water_source	0
78	32	89	default:river_water_source	0
79	32	89	default:river_water_source	0
80	32	89	default:river_water_source	0
81	32	89	default:river_water_source	0
82	32	89	default:river_water_source	0
83	32	89	default:river_water_source	0
84	32	89	default:river_water_source	0
85	32	89	default:river_water_source	0
86	32	89	default:river_water_source	0
87	32	89	default:river_water_source	0
88	32	89	default:river_water_source	0
89	32	89	default:river_water_source	0
90	32	89	default:river_water_source	0
91	32	89	default:river_water_source	0
92	32	89	default:river_water_source	0
93	32	89	default:river_water_source	0
94	32	89	default:river_water_source	0
95	32	89	default:river_water_source	0
96	32	89	default:river_water_source	0
97	32	89	default:river_water_source	0
98	32	89	default:river_water_source	0
99	32	89	default:river_water_source	0
100	32	89	default:river_water_source	0
101	32	89	default:river_water_source	0
102	32	89	default:river_water_source	0
103	32	89	default:river_water_source	0
104	32	89	default:river_water_source	0
105	32	89	default:river_water_source	0
106	32	89	default:river_water_source	0
107	32	89	default:river_water_source	0
108	32	89	default:river_water_source	0
109	32	89	default:river_water_source	0
110	32	89	default:river_water_source	0
111	32	89	default:river_water_source	0
112	32	89	default:river_water_source	0
113	32	89	default:river_water_source	0
114	32	89	default:river_water_source	0
115	32	89	default:river_water_source	0
116	32	89	default:river_water_source	0
117	32	89	default:river_water_source	0
118	32	89	default:river_water_source	0
72	33	89	default:river_water_source	0
73	33	89	default:river_water_source	0
74	33	89	default:river_water_source	0
75	33	89	default:river_water_source	0
76	33	89	default:river_water_source	0
77	33	89	default:river_water_source	0
78	33	89	default:river_water_source	0
79	33	89	default:river_water_source	0
80	33	89	default:river_water_source	0
81	33	89	default:river_water_source	0
82	33	89	default:river_water_source	0
83	33	89	default:river_water_source	0
84	33	89	default:river_water_source	0
85	33	89	default:river_water_source	0
86	33	89	default:river_water_source	0
87	33	89	default:river_water_source	0
88	33	89	default:river_water_source	0
89	33	89	default:river_water_source	0
90	33	89	default:river_water_source	0
91	33	89	default:river_water_source	0
92	33	89	default:river_water_source	0
93	33	89	default:river_water_source	0
94	33	89	default:river_water_source	0
95	33	89	default:river_water_source	0
96	33	89	default:river_water_source	0
97	33	89	default:river_water_source	0
98	33	89	default:river_water_source	0
99	33	89	default:river_water_source	0
100	33	89	default:river_water_source	0
101	33	89	default:river_water_source	0
102	33	89	default:river_water_source	0
103	33	89	default:river_water_source	0
104	33	89	default:river_water_source	0
105	33	89	default:river_water_source	0
106	33	89	default:river_water_source	0
107	33	89	default:river_water_source	0
108	33	89	default:river_water_source	0
109	33	89	default:river_water_source	0
110	33	89	default:river_water_source	0
111	33	89	default:river_water_source	0
112	33	89	default:river_water_source	0
113	33	89	default:river_water_source	0
114	33	89	default:river_water_source	0
115	33	89	default:river_water_source	0
116	33	89	default:river_water_source	0
117	33	89	default:river_water_source	0
118	33	89	default:river_water_source	0
72	34	89	default:river_water_source	0
73	34	89	default:river_water_source	0
74	34	89	default:river_water_source	0
75	34	89	default:river_water_source	0
76	34	89	default:river_water_source	0
77	34	89	default:river_water_source	0
78	34	89	default:river_water_source	0
79	34	89	default:river_water_source	0
80	34	89	default:river_water_source	0
81	34	89	default:river_water_source	0
82	34	89	default:river_water_source	0
83	34	89	default:river_water_source	0
84	34	89	default:river_water_source	0
85	34	89	default:river_water_source	0
86	34	89	default:river_water_source	0
87	34	89	default:river_water_source	0
88	34	89	default:river_water_source	0
89	34	89	default:river_water_source	0
90	34	89	default:river_water_source	0
91	34	89	default:river_water_source	0
92	34	89	default:river_water_source	0
93	34	89	default:river_water_source	0
94	34	89	default:river_water_source	0
95	34	89	default:river_water_source	0
96	34	89	default:river_water_source	0
97	34	89	default:river_water_source	0
98	34	89	default:river_water_source	0
99	34	89	default:river_water_source	0
100	34	89	default:river_water_source	0
101	34	89	default:river_water_source	0
102	34	89	default:river_water_source	0
103	34	89	default:river_water_source	0
104	34	89	default:river_water_source	0
105	34	89	default:river_water_source	0
106	34	89	default:river_water_source	0
107	34	89	default:river_water_source	0
108	34	89	default:river_water_source	0
109	34	89	default:river_water_source	0
110	34	89	default:river_water_source	0
111	34	89	default:river_water_source	0
112	34	89	default:river_water_source	0
113	34	89	default:river_water_source	0
114	34	89	default:river_water_source	0
115	34	89	default:river_water_source	0
116	34	89	default:river_water_source	0
117	34	89	default:river_water_source	0
118	34	89	default:river_water_source	0
72	35	89	default:river_water_source	0
73	35	89	default:river_water_source	0
74	35	89	default:river_water_source	0
75	35	89	default:river_water_source	0
76	35	89	default:river_water_source	0
77	35	89	default:river_water_source	0
78	35	89	default:river_water_source	0
79	35	89	default:river_water_source	0
80	35	89	default:river_water_source	0
81	35	89	default:river_water_source	0
82	35	89	default:river_water_source	0
83	35	89	default:river_water_source	0
84	35	89	default:river_water_source	0
85	35	89	default:river_water_source	0
86	35	89	default:river_water_source	0
87	35	89	default:river_water_source	0
88	35	89	default:river_water_source	0
89	35	89	default:river_water_source	0
90	35	89	default:river_water_source	0
91	35	89	default:river_water_source	0
92	35	89	default:river_water_source	0
93	35	89	default:river_water_source	0
94	35	89	default:river_water_source	0
95	35	89	default:river_water_source	0
96	35	89	default:river_water_source	0
97	35	89	default:river_water_source	0
98	35	89	default:river_water_source	0
99	35	89	default:river_water_source	0
100	35	89	default:river_water_source	0
101	35	89	default:river_water_source	0
102	35	89	default:river_water_source	0
103	35	89	default:river_water_source	0
104	35	89	default:river_water_source	0
105	35	89	default:river_water_source	0
106	35	89	default:river_water_source	0
107	35	89	default:river_water_source	0
108	35	89	default:river_water_source	0
109	35	89	default:river_water_source	0
110	35	89	default:river_water_source	0
111	35	89	default:river_water_source	0
112	35	89	default:river_water_source	0
113	35	89	default:river_water_source	0
114	35	89	default:river_water_source	0
115	35	89	default:river_water_source	0
116	35	89	default:river_water_source	0
117	35	89	default:river_water_source	0
118	35	89	default:river_water_source	0
93	36	89	grug_trees:silverwood_wood	0
94	36	89	grug_decor:darkage_serpentine	0
95	36	89	grug_decor:castle_pavement_brick	0
96	36	89	grug_decor:castle_pavement_brick	0
97	36	89	grug_decor:castle_pavement_brick	0
98	36	89	grug_decor:darkage_serpentine	0
99	36	89	grug_trees:silverwood_wood	0
93	37	89	default:fence_aspen_wood	0
99	37	89	default:fence_aspen_wood	0
72	25	90	default:dirt	0
73	25	90	default:dirt	0
74	25	90	default:dirt	0
75	25	90	default:dirt	0
76	25	90	default:dirt	0
77	25	90	default:dirt	0
78	25	90	default:dirt	0
100	25	90	default:dirt	0
101	25	90	default:dirt	0
102	25	90	default:dirt	0
103	25	90	default:dirt	0
104	25	90	default:dirt	0
105	25	90	default:dirt	0
106	25	90	default:dirt	0
107	25	90	default:dirt	0
108	25	90	default:dirt	0
109	25	90	default:dirt	0
110	25	90	default:dirt	0
111	25	90	default:dirt	0
112	25	90	default:dirt	0
113	25	90	default:dirt	0
114	25	90	default:dirt	0
115	25	90	default:dirt	0
116	25	90	default:dirt	0
117	25	90	default:dirt	0
118	25	90	default:dirt	0
72	26	90	default:dirt	0
73	26	90	default:dirt	0
74	26	90	default:dirt	0
75	26	90	default:dirt	0
76	26	90	default:dirt	0
77	26	90	default:dirt	0
78	26	90	default:dirt	0
79	26	90	default:dirt	0
80	26	90	default:dirt	0
81	26	90	default:dirt	0
82	26	90	default:dirt	0
83	26	90	default:dirt	0
84	26	90	default:dirt	0
85	26	90	default:dirt	0
86	26	90	default:dirt	0
87	26	90	default:dirt	0
88	26	90	default:dirt	0
89	26	90	default:dirt	0
90	26	90	default:dirt	0
91	26	90	default:dirt	0
92	26	90	default:dirt	0
93	26	90	default:dirt	0
94	26	90	default:dirt	0
95	26	90	default:dirt	0
96	26	90	default:dirt	0
97	26	90	default:dirt	0
98	26	90	default:dirt	0
99	26	90	default:dirt	0
100	26	90	default:dirt	0
101	26	90	default:dirt	0
102	26	90	default:dirt	0
103	26	90	default:dirt	0
104	26	90	default:dirt	0
105	26	90	default:dirt	0
106	26	90	default:dirt	0
107	26	90	default:dirt	0
108	26	90	default:dirt	0
109	26	90	default:dirt	0
110	26	90	default:dirt	0
111	26	90	default:dirt	0
112	26	90	default:dirt	0
113	26	90	default:dirt	0
114	26	90	default:dirt	0
115	26	90	default:dirt	0
116	26	90	default:dirt	0
117	26	90	default:dirt	0
118	26	90	default:dirt	0
72	27	90	default:dirt	0
73	27	90	default:dirt	0
74	27	90	default:dirt	0
75	27	90	default:dirt	0
76	27	90	default:dirt	0
77	27	90	default:dirt	0
78	27	90	default:dirt	0
79	27	90	default:dirt	0
80	27	90	default:dirt	0
81	27	90	default:dirt	0
82	27	90	default:dirt	0
83	27	90	default:dirt	0
84	27	90	default:dirt	0
85	27	90	default:dirt	0
86	27	90	default:dirt	0
87	27	90	default:dirt	0
88	27	90	default:dirt	0
89	27	90	default:dirt	0
90	27	90	default:dirt	0
91	27	90	default:dirt	0
92	27	90	default:dirt	0
93	27	90	default:dirt	0
94	27	90	default:dirt	0
95	27	90	default:dirt	0
96	27	90	default:dirt	0
97	27	90	default:dirt	0
98	27	90	default:dirt	0
99	27	90	default:dirt	0
100	27	90	default:dirt	0
101	27	90	default:dirt	0
102	27	90	default:dirt	0
103	27	90	default:dirt	0
104	27	90	default:dirt	0
105	27	90	default:dirt	0
106	27	90	default:dirt	0
107	27	90	default:dirt	0
108	27	90	default:dirt	0
109	27	90	default:dirt	0
110	27	90	default:dirt	0
111	27	90	default:dirt	0
112	27	90	default:dirt	0
113	27	90	default:dirt	0
114	27	90	default:dirt	0
115	27	90	default:dirt	0
116	27	90	default:dirt	0
117	27	90	default:dirt	0
118	27	90	default:dirt	0
72	28	90	grug_nodes:dirt_with_silver_litter	0
73	28	90	grug_nodes:dirt_with_silver_litter	0
74	28	90	grug_nodes:dirt_with_silver_litter	0
75	28	90	grug_nodes:dirt_with_silver_litter	0
76	28	90	grug_nodes:dirt_with_silver_litter	0
77	28	90	grug_nodes:dirt_with_silver_litter	0
78	28	90	grug_nodes:dirt_with_silver_litter	0
79	28	90	default:dirt	0
80	28	90	default:dirt	0
81	28	90	default:dirt	0
82	28	90	default:dirt	0
83	28	90	default:dirt	0
84	28	90	default:dirt	0
85	28	90	default:dirt	0
86	28	90	default:dirt	0
87	28	90	default:dirt	0
88	28	90	default:dirt	0
89	28	90	default:dirt	0
90	28	90	default:dirt	0
91	28	90	default:dirt	0
92	28	90	default:dirt	0
93	28	90	default:dirt	0
94	28	90	default:dirt	0
95	28	90	default:dirt	0
96	28	90	default:dirt	0
97	28	90	default:dirt	0
98	28	90	default:dirt	0
99	28	90	default:dirt	0
100	28	90	grug_nodes:dirt_with_silver_litter	0
101	28	90	grug_nodes:dirt_with_silver_litter	0
102	28	90	grug_nodes:dirt_with_silver_litter	0
103	28	90	grug_nodes:dirt_with_silver_litter	0
104	28	90	grug_nodes:dirt_with_silver_litter	0
105	28	90	grug_nodes:dirt_with_silver_litter	0
106	28	90	grug_nodes:dirt_with_silver_litter	0
107	28	90	grug_nodes:dirt_with_silver_litter	0
108	28	90	grug_nodes:dirt_with_silver_litter	0
109	28	90	grug_nodes:dirt_with_silver_litter	0
110	28	90	grug_nodes:dirt_with_silver_litter	0
111	28	90	grug_nodes:dirt_with_silver_litter	0
112	28	90	grug_nodes:dirt_with_silver_litter	0
113	28	90	grug_nodes:dirt_with_silver_litter	0
114	28	90	grug_nodes:dirt_with_silver_litter	0
115	28	90	grug_nodes:dirt_with_silver_litter	0
116	28	90	grug_nodes:dirt_with_silver_litter	0
117	28	90	grug_nodes:dirt_with_silver_litter	0
118	28	90	grug_nodes:dirt_with_silver_litter	0
72	29	90	default:river_water_source	0
73	29	90	default:river_water_source	0
74	29	90	default:river_water_source	0
75	29	90	default:river_water_source	0
76	29	90	default:river_water_source	0
77	29	90	default:river_water_source	0
78	29	90	default:river_water_source	0
79	29	90	grug_nodes:dirt_with_silver_litter	0
80	29	90	grug_nodes:dirt_with_silver_litter	0
81	29	90	grug_nodes:dirt_with_silver_litter	0
82	29	90	grug_nodes:dirt_with_silver_litter	0
83	29	90	grug_nodes:dirt_with_silver_litter	0
84	29	90	grug_nodes:dirt_with_silver_litter	0
85	29	90	grug_nodes:dirt_with_silver_litter	0
86	29	90	grug_nodes:dirt_with_silver_litter	0
87	29	90	grug_nodes:dirt_with_silver_litter	0
88	29	90	grug_nodes:dirt_with_silver_litter	0
89	29	90	grug_nodes:dirt_with_silver_litter	0
90	29	90	grug_nodes:dirt_with_silver_litter	0
91	29	90	grug_nodes:dirt_with_silver_litter	0
92	29	90	grug_nodes:dirt_with_silver_litter	0
93	29	90	grug_nodes:dirt_with_silver_litter	0
94	29	90	grug_nodes:dirt_with_silver_litter	0
95	29	90	grug_nodes:dirt_with_silver_litter	0
96	29	90	grug_nodes:dirt_with_silver_litter	0
97	29	90	grug_nodes:dirt_with_silver_litter	0
98	29	90	grug_nodes:dirt_with_silver_litter	0
99	29	90	grug_nodes:dirt_with_silver_litter	0
100	29	90	default:river_water_source	0
101	29	90	default:river_water_source	0
102	29	90	default:river_water_source	0
103	29	90	default:river_water_source	0
104	29	90	default:river_water_source	0
105	29	90	default:river_water_source	0
106	29	90	default:river_water_source	0
107	29	90	default:river_water_source	0
108	29	90	default:river_water_source	0
109	29	90	default:river_water_source	0
110	29	90	default:river_water_source	0
111	29	90	default:river_water_source	0
112	29	90	default:river_water_source	0
113	29	90	default:river_water_source	0
114	29	90	default:river_water_source	0
115	29	90	default:river_water_source	0
116	29	90	default:river_water_source	0
117	29	90	default:river_water_source	0
118	29	90	default:river_water_source	0
72	30	90	default:river_water_source	0
73	30	90	default:river_water_source	0
74	30	90	default:river_water_source	0
75	30	90	default:river_water_source	0
76	30	90	default:river_water_source	0
77	30	90	default:river_water_source	0
78	30	90	default:river_water_source	0
79	30	90	default:river_water_source	0
80	30	90	default:river_water_source	0
81	30	90	default:river_water_source	0
82	30	90	default:river_water_source	0
83	30	90	default:river_water_source	0
84	30	90	default:river_water_source	0
85	30	90	default:river_water_source	0
86	30	90	default:river_water_source	0
87	30	90	default:river_water_source	0
88	30	90	default:river_water_source	0
89	30	90	default:river_water_source	0
90	30	90	default:river_water_source	0
91	30	90	default:river_water_source	0
92	30	90	default:river_water_source	0
93	30	90	default:river_water_source	0
94	30	90	default:river_water_source	0
95	30	90	default:river_water_source	0
96	30	90	default:river_water_source	0
97	30	90	default:river_water_source	0
98	30	90	default:river_water_source	0
99	30	90	default:river_water_source	0
100	30	90	default:river_water_source	0
101	30	90	default:river_water_source	0
102	30	90	default:river_water_source	0
103	30	90	default:river_water_source	0
104	30	90	default:river_water_source	0
105	30	90	default:river_water_source	0
106	30	90	default:river_water_source	0
107	30	90	default:river_water_source	0
108	30	90	default:river_water_source	0
109	30	90	default:river_water_source	0
110	30	90	default:river_water_source	0
111	30	90	default:river_water_source	0
112	30	90	default:river_water_source	0
113	30	90	default:river_water_source	0
114	30	90	default:river_water_source	0
115	30	90	default:river_water_source	0
116	30	90	default:river_water_source	0
117	30	90	default:river_water_source	0
118	30	90	default:river_water_source	0
72	31	90	default:river_water_source	0
73	31	90	default:river_water_source	0
74	31	90	default:river_water_source	0
75	31	90	default:river_water_source	0
76	31	90	default:river_water_source	0
77	31	90	default:river_water_source	0
78	31	90	default:river_water_source	0
79	31	90	default:river_water_source	0
80	31	90	default:river_water_source	0
81	31	90	default:river_water_source	0
82	31	90	default:river_water_source	0
83	31	90	default:river_water_source	0
84	31	90	default:river_water_source	0
85	31	90	default:river_water_source	0
86	31	90	default:river_water_source	0
87	31	90	default:river_water_source	0
88	31	90	default:river_water_source	0
89	31	90	default:river_water_source	0
90	31	90	default:river_water_source	0
91	31	90	default:river_water_source	0
92	31	90	default:river_water_source	0
93	31	90	default:river_water_source	0
94	31	90	default:river_water_source	0
95	31	90	default:river_water_source	0
96	31	90	default:river_water_source	0
97	31	90	default:river_water_source	0
98	31	90	default:river_water_source	0
99	31	90	default:river_water_source	0
100	31	90	default:river_water_source	0
101	31	90	default:river_water_source	0
102	31	90	default:river_water_source	0
103	31	90	default:river_water_source	0
104	31	90	default:river_water_source	0
105	31	90	default:river_water_source	0
106	31	90	default:river_water_source	0
107	31	90	default:river_water_source	0
108	31	90	default:river_water_source	0
109	31	90	default:river_water_source	0
110	31	90	default:river_water_source	0
111	31	90	default:river_water_source	0
112	31	90	default:river_water_source	0
113	31	90	default:river_water_source	0
114	31	90	default:river_water_source	0
115	31	90	default:river_water_source	0
116	31	90	default:river_water_source	0
117	31	90	default:river_water_source	0
118	31	90	default:river_water_source	0
72	32	90	default:river_water_source	0
73	32	90	default:river_water_source	0
74	32	90	default:river_water_source	0
75	32	90	default:river_water_source	0
76	32	90	default:river_water_source	0
77	32	90	default:river_water_source	0
78	32	90	default:river_water_source	0
79	32	90	default:river_water_source	0
80	32	90	default:river_water_source	0
81	32	90	default:river_water_source	0
82	32	90	default:river_water_source	0
83	32	90	default:river_water_source	0
84	32	90	default:river_water_source	0
85	32	90	default:river_water_source	0
86	32	90	default:river_water_source	0
87	32	90	default:river_water_source	0
88	32	90	default:river_water_source	0
89	32	90	default:river_water_source	0
90	32	90	default:river_water_source	0
91	32	90	default:river_water_source	0
92	32	90	default:river_water_source	0
93	32	90	default:river_water_source	0
94	32	90	default:river_water_source	0
95	32	90	default:river_water_source	0
96	32	90	default:river_water_source	0
97	32	90	default:river_water_source	0
98	32	90	default:river_water_source	0
99	32	90	default:river_water_source	0
100	32	90	default:river_water_source	0
101	32	90	default:river_water_source	0
102	32	90	default:river_water_source	0
103	32	90	default:river_water_source	0
104	32	90	default:river_water_source	0
105	32	90	default:river_water_source	0
106	32	90	default:river_water_source	0
107	32	90	default:river_water_source	0
108	32	90	default:river_water_source	0
109	32	90	default:river_water_source	0
110	32	90	default:river_water_source	0
111	32	90	default:river_water_source	0
112	32	90	default:river_water_source	0
113	32	90	default:river_water_source	0
114	32	90	default:river_water_source	0
115	32	90	default:river_water_source	0
116	32	90	default:river_water_source	0
117	32	90	default:river_water_source	0
118	32	90	default:river_water_source	0
72	33	90	default:river_water_source	0
73	33	90	default:river_water_source	0
74	33	90	default:river_water_source	0
75	33	90	default:river_water_source	0
76	33	90	default:river_water_source	0
77	33	90	default:river_water_source	0
78	33	90	default:river_water_source	0
79	33	90	default:river_water_source	0
80	33	90	default:river_water_source	0
81	33	90	default:river_water_source	0
82	33	90	default:river_water_source	0
83	33	90	default:river_water_source	0
84	33	90	default:river_water_source	0
85	33	90	default:river_water_source	0
86	33	90	default:river_water_source	0
87	33	90	default:river_water_source	0
88	33	90	default:river_water_source	0
89	33	90	default:river_water_source	0
90	33	90	default:river_water_source	0
91	33	90	default:river_water_source	0
92	33	90	default:river_water_source	0
93	33	90	default:river_water_source	0
94	33	90	default:river_water_source	0
95	33	90	default:river_water_source	0
96	33	90	default:river_water_source	0
97	33	90	default:river_water_source	0
98	33	90	default:river_water_source	0
99	33	90	default:river_water_source	0
100	33	90	default:river_water_source	0
101	33	90	default:river_water_source	0
102	33	90	default:river_water_source	0
103	33	90	default:river_water_source	0
104	33	90	default:river_water_source	0
105	33	90	default:river_water_source	0
106	33	90	default:river_water_source	0
107	33	90	default:river_water_source	0
108	33	90	default:river_water_source	0
109	33	90	default:river_water_source	0
110	33	90	default:river_water_source	0
111	33	90	default:river_water_source	0
112	33	90	default:river_water_source	0
113	33	90	default:river_water_source	0
114	33	90	default:river_water_source	0
115	33	90	default:river_water_source	0
116	33	90	default:river_water_source	0
117	33	90	default:river_water_source	0
118	33	90	default:river_water_source	0
72	34	90	default:river_water_source	0
73	34	90	default:river_water_source	0
74	34	90	default:river_water_source	0
75	34	90	default:river_water_source	0
76	34	90	default:river_water_source	0
77	34	90	default:river_water_source	0
78	34	90	default:river_water_source	0
79	34	90	default:river_water_source	0
80	34	90	default:river_water_source	0
81	34	90	default:river_water_source	0
82	34	90	default:river_water_source	0
83	34	90	default:river_water_source	0
84	34	90	default:river_water_source	0
85	34	90	default:river_water_source	0
86	34	90	default:river_water_source	0
87	34	90	default:river_water_source	0
88	34	90	default:river_water_source	0
89	34	90	default:river_water_source	0
90	34	90	default:river_water_source	0
91	34	90	default:river_water_source	0
92	34	90	default:river_water_source	0
93	34	90	default:river_water_source	0
94	34	90	default:river_water_source	0
95	34	90	default:river_water_source	0
96	34	90	default:river_water_source	0
97	34	90	default:river_water_source	0
98	34	90	default:river_water_source	0
99	34	90	default:river_water_source	0
100	34	90	default:river_water_source	0
101	34	90	default:river_water_source	0
102	34	90	default:river_water_source	0
103	34	90	default:river_water_source	0
104	34	90	default:river_water_source	0
105	34	90	default:river_water_source	0
106	34	90	default:river_water_source	0
107	34	90	default:river_water_source	0
108	34	90	default:river_water_source	0
109	34	90	default:river_water_source	0
110	34	90	default:river_water_source	0
111	34	90	default:river_water_source	0
112	34	90	default:river_water_source	0
113	34	90	default:river_water_source	0
114	34	90	default:river_water_source	0
115	34	90	default:river_water_source	0
116	34	90	default:river_water_source	0
117	34	90	default:river_water_source	0
118	34	90	default:river_water_source	0
72	35	90	default:river_water_source	0
73	35	90	default:river_water_source	0
74	35	90	default:river_water_source	0
75	35	90	default:river_water_source	0
76	35	90	default:river_water_source	0
77	35	90	default:river_water_source	0
78	35	90	default:river_water_source	0
79	35	90	default:river_water_source	0
80	35	90	default:river_water_source	0
81	35	90	default:river_water_source	0
82	35	90	default:river_water_source	0
83	35	90	default:river_water_source	0
84	35	90	default:river_water_source	0
85	35	90	default:river_water_source	0
86	35	90	default:river_water_source	0
87	35	90	default:river_water_source	0
88	35	90	default:river_water_source	0
89	35	90	default:river_water_source	0
90	35	90	default:river_water_source	0
91	35	90	default:river_water_source	0
92	35	90	default:river_water_source	0
93	35	90	default:river_water_source	0
94	35	90	default:river_water_source	0
95	35	90	default:river_water_source	0
96	35	90	default:river_water_source	0
97	35	90	default:river_water_source	0
98	35	90	default:river_water_source	0
99	35	90	default:river_water_source	0
100	35	90	default:river_water_source	0
101	35	90	default:river_water_source	0
102	35	90	default:river_water_source	0
103	35	90	default:river_water_source	0
104	35	90	default:river_water_source	0
105	35	90	default:river_water_source	0
106	35	90	default:river_water_source	0
107	35	90	default:river_water_source	0
108	35	90	default:river_water_source	0
109	35	90	default:river_water_source	0
110	35	90	default:river_water_source	0
111	35	90	default:river_water_source	0
112	35	90	default:river_water_source	0
113	35	90	default:river_water_source	0
114	35	90	default:river_water_source	0
115	35	90	default:river_water_source	0
116	35	90	default:river_water_source	0
117	35	90	default:river_water_source	0
118	35	90	default:river_water_source	0
93	36	90	grug_trees:silverwood_wood	0
94	36	90	grug_decor:darkage_serpentine	0
95	36	90	grug_decor:castle_pavement_brick	0
96	36	90	grug_decor:castle_pavement_brick	0
97	36	90	grug_decor:castle_pavement_brick	0
98	36	90	grug_decor:darkage_serpentine	0
99	36	90	grug_trees:silverwood_wood	0
93	37	90	default:fence_aspen_wood	0
99	37	90	default:fence_aspen_wood	0
72	25	91	default:dirt	0
73	25	91	default:dirt	0
74	25	91	default:dirt	0
75	25	91	default:dirt	0
76	25	91	default:dirt	0
77	25	91	default:dirt	0
78	25	91	default:dirt	0
100	25	91	default:dirt	0
101	25	91	default:dirt	0
102	25	91	default:dirt	0
103	25	91	default:dirt	0
104	25	91	default:dirt	0
105	25	91	default:dirt	0
106	25	91	default:dirt	0
107	25	91	default:dirt	0
108	25	91	default:dirt	0
109	25	91	default:dirt	0
110	25	91	default:dirt	0
111	25	91	default:dirt	0
112	25	91	default:dirt	0
113	25	91	default:dirt	0
114	25	91	default:dirt	0
115	25	91	default:dirt	0
116	25	91	default:dirt	0
117	25	91	default:dirt	0
118	25	91	default:dirt	0
72	26	91	default:dirt	0
73	26	91	default:dirt	0
74	26	91	default:dirt	0
75	26	91	default:dirt	0
76	26	91	default:dirt	0
77	26	91	default:dirt	0
78	26	91	default:dirt	0
79	26	91	default:dirt	0
80	26	91	default:dirt	0
81	26	91	default:dirt	0
82	26	91	default:dirt	0
83	26	91	default:dirt	0
84	26	91	default:dirt	0
85	26	91	default:dirt	0
86	26	91	default:dirt	0
87	26	91	default:dirt	0
88	26	91	default:dirt	0
89	26	91	default:dirt	0
90	26	91	default:dirt	0
91	26	91	default:dirt	0
92	26	91	default:dirt	0
93	26	91	default:dirt	0
94	26	91	default:dirt	0
95	26	91	default:dirt	0
96	26	91	default:dirt	0
97	26	91	default:dirt	0
98	26	91	default:dirt	0
99	26	91	default:dirt	0
100	26	91	default:dirt	0
101	26	91	default:dirt	0
102	26	91	default:dirt	0
103	26	91	default:dirt	0
104	26	91	default:dirt	0
105	26	91	default:dirt	0
106	26	91	default:dirt	0
107	26	91	default:dirt	0
108	26	91	default:dirt	0
109	26	91	default:dirt	0
110	26	91	default:dirt	0
111	26	91	default:dirt	0
112	26	91	default:dirt	0
113	26	91	default:dirt	0
114	26	91	default:dirt	0
115	26	91	default:dirt	0
116	26	91	default:dirt	0
117	26	91	default:dirt	0
118	26	91	default:dirt	0
72	27	91	default:dirt	0
73	27	91	default:dirt	0
74	27	91	default:dirt	0
75	27	91	default:dirt	0
76	27	91	default:dirt	0
77	27	91	default:dirt	0
78	27	91	default:dirt	0
79	27	91	default:dirt	0
80	27	91	default:dirt	0
81	27	91	default:dirt	0
82	27	91	default:dirt	0
83	27	91	default:dirt	0
84	27	91	default:dirt	0
85	27	91	default:dirt	0
86	27	91	default:dirt	0
87	27	91	default:dirt	0
88	27	91	default:dirt	0
89	27	91	default:dirt	0
90	27	91	default:dirt	0
91	27	91	default:dirt	0
92	27	91	default:dirt	0
93	27	91	default:dirt	0
94	27	91	default:dirt	0
95	27	91	default:dirt	0
96	27	91	default:dirt	0
97	27	91	default:dirt	0
98	27	91	default:dirt	0
99	27	91	default:dirt	0
100	27	91	default:dirt	0
101	27	91	default:dirt	0
102	27	91	default:dirt	0
103	27	91	default:dirt	0
104	27	91	default:dirt	0
105	27	91	default:dirt	0
106	27	91	default:dirt	0
107	27	91	default:dirt	0
108	27	91	default:dirt	0
109	27	91	default:dirt	0
110	27	91	default:dirt	0
111	27	91	default:dirt	0
112	27	91	default:dirt	0
113	27	91	default:dirt	0
114	27	91	default:dirt	0
115	27	91	default:dirt	0
116	27	91	default:dirt	0
117	27	91	default:dirt	0
118	27	91	default:dirt	0
72	28	91	grug_nodes:dirt_with_silver_litter	0
73	28	91	grug_nodes:dirt_with_silver_litter	0
74	28	91	grug_nodes:dirt_with_silver_litter	0
75	28	91	grug_nodes:dirt_with_silver_litter	0
76	28	91	grug_nodes:dirt_with_silver_litter	0
77	28	91	grug_nodes:dirt_with_silver_litter	0
78	28	91	grug_nodes:dirt_with_silver_litter	0
79	28	91	default:dirt	0
80	28	91	default:dirt	0
81	28	91	default:dirt	0
82	28	91	default:dirt	0
83	28	91	default:dirt	0
84	28	91	default:dirt	0
85	28	91	default:dirt	0
86	28	91	default:dirt	0
87	28	91	default:dirt	0
88	28	91	default:dirt	0
89	28	91	default:dirt	0
90	28	91	default:dirt	0
91	28	91	default:dirt	0
92	28	91	default:dirt	0
93	28	91	default:dirt	0
94	28	91	default:dirt	0
95	28	91	default:dirt	0
96	28	91	default:dirt	0
97	28	91	default:dirt	0
98	28	91	default:dirt	0
99	28	91	default:dirt	0
100	28	91	grug_nodes:dirt_with_silver_litter	0
101	28	91	grug_nodes:dirt_with_silver_litter	0
102	28	91	grug_nodes:dirt_with_silver_litter	0
103	28	91	grug_nodes:dirt_with_silver_litter	0
104	28	91	grug_nodes:dirt_with_silver_litter	0
105	28	91	grug_nodes:dirt_with_silver_litter	0
106	28	91	grug_nodes:dirt_with_silver_litter	0
107	28	91	grug_nodes:dirt_with_silver_litter	0
108	28	91	grug_nodes:dirt_with_silver_litter	0
109	28	91	grug_nodes:dirt_with_silver_litter	0
110	28	91	grug_nodes:dirt_with_silver_litter	0
111	28	91	grug_nodes:dirt_with_silver_litter	0
112	28	91	grug_nodes:dirt_with_silver_litter	0
113	28	91	grug_nodes:dirt_with_silver_litter	0
114	28	91	grug_nodes:dirt_with_silver_litter	0
115	28	91	grug_nodes:dirt_with_silver_litter	0
116	28	91	grug_nodes:dirt_with_silver_litter	0
117	28	91	grug_nodes:dirt_with_silver_litter	0
118	28	91	grug_nodes:dirt_with_silver_litter	0
72	29	91	default:river_water_source	0
73	29	91	default:river_water_source	0
74	29	91	default:river_water_source	0
75	29	91	default:river_water_source	0
76	29	91	default:river_water_source	0
77	29	91	default:river_water_source	0
78	29	91	default:river_water_source	0
79	29	91	grug_nodes:dirt_with_silver_litter	0
80	29	91	grug_nodes:dirt_with_silver_litter	0
81	29	91	grug_nodes:dirt_with_silver_litter	0
82	29	91	grug_nodes:dirt_with_silver_litter	0
83	29	91	grug_nodes:dirt_with_silver_litter	0
84	29	91	grug_nodes:dirt_with_silver_litter	0
85	29	91	grug_nodes:dirt_with_silver_litter	0
86	29	91	grug_nodes:dirt_with_silver_litter	0
87	29	91	grug_nodes:dirt_with_silver_litter	0
88	29	91	grug_nodes:dirt_with_silver_litter	0
89	29	91	grug_nodes:dirt_with_silver_litter	0
90	29	91	grug_nodes:dirt_with_silver_litter	0
91	29	91	grug_nodes:dirt_with_silver_litter	0
92	29	91	grug_nodes:dirt_with_silver_litter	0
93	29	91	grug_nodes:dirt_with_silver_litter	0
94	29	91	grug_nodes:dirt_with_silver_litter	0
95	29	91	grug_nodes:dirt_with_silver_litter	0
96	29	91	grug_nodes:dirt_with_silver_litter	0
97	29	91	grug_nodes:dirt_with_silver_litter	0
98	29	91	grug_nodes:dirt_with_silver_litter	0
99	29	91	grug_nodes:dirt_with_silver_litter	0
100	29	91	default:river_water_source	0
101	29	91	default:river_water_source	0
102	29	91	default:river_water_source	0
103	29	91	default:river_water_source	0
104	29	91	default:river_water_source	0
105	29	91	default:river_water_source	0
106	29	91	default:river_water_source	0
107	29	91	default:river_water_source	0
108	29	91	default:river_water_source	0
109	29	91	default:river_water_source	0
110	29	91	default:river_water_source	0
111	29	91	default:river_water_source	0
112	29	91	default:river_water_source	0
113	29	91	default:river_water_source	0
114	29	91	default:river_water_source	0
115	29	91	default:river_water_source	0
116	29	91	default:river_water_source	0
117	29	91	default:river_water_source	0
118	29	91	default:river_water_source	0
72	30	91	default:river_water_source	0
73	30	91	default:river_water_source	0
74	30	91	default:river_water_source	0
75	30	91	default:river_water_source	0
76	30	91	default:river_water_source	0
77	30	91	default:river_water_source	0
78	30	91	default:river_water_source	0
79	30	91	default:river_water_source	0
80	30	91	default:river_water_source	0
81	30	91	default:river_water_source	0
82	30	91	default:river_water_source	0
83	30	91	default:river_water_source	0
84	30	91	default:river_water_source	0
85	30	91	default:river_water_source	0
86	30	91	default:river_water_source	0
87	30	91	default:river_water_source	0
88	30	91	default:river_water_source	0
89	30	91	default:river_water_source	0
90	30	91	default:river_water_source	0
91	30	91	default:river_water_source	0
92	30	91	default:river_water_source	0
93	30	91	default:river_water_source	0
94	30	91	default:river_water_source	0
95	30	91	default:river_water_source	0
96	30	91	default:river_water_source	0
97	30	91	default:river_water_source	0
98	30	91	default:river_water_source	0
99	30	91	default:river_water_source	0
100	30	91	default:river_water_source	0
101	30	91	default:river_water_source	0
102	30	91	default:river_water_source	0
103	30	91	default:river_water_source	0
104	30	91	default:river_water_source	0
105	30	91	default:river_water_source	0
106	30	91	default:river_water_source	0
107	30	91	default:river_water_source	0
108	30	91	default:river_water_source	0
109	30	91	default:river_water_source	0
110	30	91	default:river_water_source	0
111	30	91	default:river_water_source	0
112	30	91	default:river_water_source	0
113	30	91	default:river_water_source	0
114	30	91	default:river_water_source	0
115	30	91	default:river_water_source	0
116	30	91	default:river_water_source	0
117	30	91	default:river_water_source	0
118	30	91	default:river_water_source	0
72	31	91	default:river_water_source	0
73	31	91	default:river_water_source	0
74	31	91	default:river_water_source	0
75	31	91	default:river_water_source	0
76	31	91	default:river_water_source	0
77	31	91	default:river_water_source	0
78	31	91	default:river_water_source	0
79	31	91	default:river_water_source	0
80	31	91	default:river_water_source	0
81	31	91	default:river_water_source	0
82	31	91	default:river_water_source	0
83	31	91	default:river_water_source	0
84	31	91	default:river_water_source	0
85	31	91	default:river_water_source	0
86	31	91	default:river_water_source	0
87	31	91	default:river_water_source	0
88	31	91	default:river_water_source	0
89	31	91	default:river_water_source	0
90	31	91	default:river_water_source	0
91	31	91	default:river_water_source	0
92	31	91	default:river_water_source	0
93	31	91	default:river_water_source	0
94	31	91	default:river_water_source	0
95	31	91	default:river_water_source	0
96	31	91	default:river_water_source	0
97	31	91	default:river_water_source	0
98	31	91	default:river_water_source	0
99	31	91	default:river_water_source	0
100	31	91	default:river_water_source	0
101	31	91	default:river_water_source	0
102	31	91	default:river_water_source	0
103	31	91	default:river_water_source	0
104	31	91	default:river_water_source	0
105	31	91	default:river_water_source	0
106	31	91	default:river_water_source	0
107	31	91	default:river_water_source	0
108	31	91	default:river_water_source	0
109	31	91	default:river_water_source	0
110	31	91	default:river_water_source	0
111	31	91	default:river_water_source	0
112	31	91	default:river_water_source	0
113	31	91	default:river_water_source	0
114	31	91	default:river_water_source	0
115	31	91	default:river_water_source	0
116	31	91	default:river_water_source	0
117	31	91	default:river_water_source	0
118	31	91	default:river_water_source	0
72	32	91	default:river_water_source	0
73	32	91	default:river_water_source	0
74	32	91	default:river_water_source	0
75	32	91	default:river_water_source	0
76	32	91	default:river_water_source	0
77	32	91	default:river_water_source	0
78	32	91	default:river_water_source	0
79	32	91	default:river_water_source	0
80	32	91	default:river_water_source	0
81	32	91	default:river_water_source	0
82	32	91	default:river_water_source	0
83	32	91	default:river_water_source	0
84	32	91	default:river_water_source	0
85	32	91	default:river_water_source	0
86	32	91	default:river_water_source	0
87	32	91	default:river_water_source	0
88	32	91	default:river_water_source	0
89	32	91	default:river_water_source	0
90	32	91	default:river_water_source	0
91	32	91	default:river_water_source	0
92	32	91	default:river_water_source	0
93	32	91	default:river_water_source	0
94	32	91	default:river_water_source	0
95	32	91	default:river_water_source	0
96	32	91	default:river_water_source	0
97	32	91	default:river_water_source	0
98	32	91	default:river_water_source	0
99	32	91	default:river_water_source	0
100	32	91	default:river_water_source	0
101	32	91	default:river_water_source	0
102	32	91	default:river_water_source	0
103	32	91	default:river_water_source	0
104	32	91	default:river_water_source	0
105	32	91	default:river_water_source	0
106	32	91	default:river_water_source	0
107	32	91	default:river_water_source	0
108	32	91	default:river_water_source	0
109	32	91	default:river_water_source	0
110	32	91	default:river_water_source	0
111	32	91	default:river_water_source	0
112	32	91	default:river_water_source	0
113	32	91	default:river_water_source	0
114	32	91	default:river_water_source	0
115	32	91	default:river_water_source	0
116	32	91	default:river_water_source	0
117	32	91	default:river_water_source	0
118	32	91	default:river_water_source	0
72	33	91	default:river_water_source	0
73	33	91	default:river_water_source	0
74	33	91	default:river_water_source	0
75	33	91	default:river_water_source	0
76	33	91	default:river_water_source	0
77	33	91	default:river_water_source	0
78	33	91	default:river_water_source	0
79	33	91	default:river_water_source	0
80	33	91	default:river_water_source	0
81	33	91	default:river_water_source	0
82	33	91	default:river_water_source	0
83	33	91	default:river_water_source	0
84	33	91	default:river_water_source	0
85	33	91	default:river_water_source	0
86	33	91	default:river_water_source	0
87	33	91	default:river_water_source	0
88	33	91	default:river_water_source	0
89	33	91	default:river_water_source	0
90	33	91	default:river_water_source	0
91	33	91	default:river_water_source	0
92	33	91	default:river_water_source	0
93	33	91	default:river_water_source	0
94	33	91	default:river_water_source	0
95	33	91	default:river_water_source	0
96	33	91	default:river_water_source	0
97	33	91	default:river_water_source	0
98	33	91	default:river_water_source	0
99	33	91	default:river_water_source	0
100	33	91	default:river_water_source	0
101	33	91	default:river_water_source	0
102	33	91	default:river_water_source	0
103	33	91	default:river_water_source	0
104	33	91	default:river_water_source	0
105	33	91	default:river_water_source	0
106	33	91	default:river_water_source	0
107	33	91	default:river_water_source	0
108	33	91	default:river_water_source	0
109	33	91	default:river_water_source	0
110	33	91	default:river_water_source	0
111	33	91	default:river_water_source	0
112	33	91	default:river_water_source	0
113	33	91	default:river_water_source	0
114	33	91	default:river_water_source	0
115	33	91	default:river_water_source	0
116	33	91	default:river_water_source	0
117	33	91	default:river_water_source	0
118	33	91	default:river_water_source	0
72	34	91	default:river_water_source	0
73	34	91	default:river_water_source	0
74	34	91	default:river_water_source	0
75	34	91	default:river_water_source	0
76	34	91	default:river_water_source	0
77	34	91	default:river_water_source	0
78	34	91	default:river_water_source	0
79	34	91	default:river_water_source	0
80	34	91	default:river_water_source	0
81	34	91	default:river_water_source	0
82	34	91	default:river_water_source	0
83	34	91	default:river_water_source	0
84	34	91	default:river_water_source	0
85	34	91	default:river_water_source	0
86	34	91	default:river_water_source	0
87	34	91	default:river_water_source	0
88	34	91	default:river_water_source	0
89	34	91	default:river_water_source	0
90	34	91	default:river_water_source	0
91	34	91	default:river_water_source	0
92	34	91	default:river_water_source	0
93	34	91	default:river_water_source	0
94	34	91	default:river_water_source	0
95	34	91	default:river_water_source	0
96	34	91	default:river_water_source	0
97	34	91	default:river_water_source	0
98	34	91	default:river_water_source	0
99	34	91	default:river_water_source	0
100	34	91	default:river_water_source	0
101	34	91	default:river_water_source	0
102	34	91	default:river_water_source	0
103	34	91	default:river_water_source	0
104	34	91	default:river_water_source	0
105	34	91	default:river_water_source	0
106	34	91	default:river_water_source	0
107	34	91	default:river_water_source	0
108	34	91	default:river_water_source	0
109	34	91	default:river_water_source	0
110	34	91	default:river_water_source	0
111	34	91	default:river_water_source	0
112	34	91	default:river_water_source	0
113	34	91	default:river_water_source	0
114	34	91	default:river_water_source	0
115	34	91	default:river_water_source	0
116	34	91	default:river_water_source	0
117	34	91	default:river_water_source	0
118	34	91	default:river_water_source	0
72	35	91	default:river_water_source	0
73	35	91	default:river_water_source	0
74	35	91	default:river_water_source	0
75	35	91	default:river_water_source	0
76	35	91	default:river_water_source	0
77	35	91	default:river_water_source	0
78	35	91	default:river_water_source	0
79	35	91	default:river_water_source	0
80	35	91	default:river_water_source	0
81	35	91	default:river_water_source	0
82	35	91	default:river_water_source	0
83	35	91	default:river_water_source	0
84	35	91	default:river_water_source	0
85	35	91	default:river_water_source	0
86	35	91	default:river_water_source	0
87	35	91	default:river_water_source	0
88	35	91	default:river_water_source	0
89	35	91	default:river_water_source	0
90	35	91	default:river_water_source	0
91	35	91	default:river_water_source	0
92	35	91	default:river_water_source	0
93	35	91	default:river_water_source	0
94	35	91	default:river_water_source	0
95	35	91	default:river_water_source	0
96	35	91	default:river_water_source	0
97	35	91	default:river_water_source	0
98	35	91	default:river_water_source	0
99	35	91	default:river_water_source	0
100	35	91	default:river_water_source	0
101	35	91	default:river_water_source	0
102	35	91	default:river_water_source	0
103	35	91	default:river_water_source	0
104	35	91	default:river_water_source	0
105	35	91	default:river_water_source	0
106	35	91	default:river_water_source	0
107	35	91	default:river_water_source	0
108	35	91	default:river_water_source	0
109	35	91	default:river_water_source	0
110	35	91	default:river_water_source	0
111	35	91	default:river_water_source	0
112	35	91	default:river_water_source	0
113	35	91	default:river_water_source	0
114	35	91	default:river_water_source	0
115	35	91	default:river_water_source	0
116	35	91	default:river_water_source	0
117	35	91	default:river_water_source	0
118	35	91	default:river_water_source	0
93	36	91	grug_trees:silverwood_wood	0
94	36	91	grug_decor:darkage_serpentine	0
95	36	91	grug_decor:castle_pavement_brick	0
96	36	91	grug_decor:castle_pavement_brick	0
97	36	91	grug_decor:castle_pavement_brick	0
98	36	91	grug_decor:darkage_serpentine	0
99	36	91	grug_trees:silverwood_wood	0
93	37	91	default:fence_aspen_wood	0
99	37	91	default:fence_aspen_wood	0
72	25	92	default:dirt	0
73	25	92	default:dirt	0
74	25	92	default:dirt	0
75	25	92	default:dirt	0
76	25	92	default:dirt	0
77	25	92	default:dirt	0
78	25	92	default:dirt	0
100	25	92	default:dirt	0
101	25	92	default:dirt	0
102	25	92	default:dirt	0
103	25	92	default:dirt	0
104	25	92	default:dirt	0
105	25	92	default:dirt	0
106	25	92	default:dirt	0
107	25	92	default:dirt	0
108	25	92	default:dirt	0
109	25	92	default:dirt	0
110	25	92	default:dirt	0
111	25	92	default:dirt	0
112	25	92	default:dirt	0
113	25	92	default:dirt	0
114	25	92	default:dirt	0
115	25	92	default:dirt	0
116	25	92	default:dirt	0
117	25	92	default:dirt	0
118	25	92	default:dirt	0
72	26	92	default:dirt	0
73	26	92	default:dirt	0
74	26	92	default:dirt	0
75	26	92	default:dirt	0
76	26	92	default:dirt	0
77	26	92	default:dirt	0
78	26	92	default:dirt	0
79	26	92	default:dirt	0
80	26	92	default:dirt	0
81	26	92	default:dirt	0
82	26	92	default:dirt	0
83	26	92	default:dirt	0
84	26	92	default:dirt	0
85	26	92	default:dirt	0
86	26	92	default:dirt	0
87	26	92	default:dirt	0
88	26	92	default:dirt	0
89	26	92	default:dirt	0
90	26	92	default:dirt	0
91	26	92	default:dirt	0
92	26	92	default:dirt	0
93	26	92	default:dirt	0
94	26	92	default:dirt	0
95	26	92	default:dirt	0
96	26	92	default:dirt	0
97	26	92	default:dirt	0
98	26	92	default:dirt	0
99	26	92	default:dirt	0
100	26	92	default:dirt	0
101	26	92	default:dirt	0
102	26	92	default:dirt	0
103	26	92	default:dirt	0
104	26	92	default:dirt	0
105	26	92	default:dirt	0
106	26	92	default:dirt	0
107	26	92	default:dirt	0
108	26	92	default:dirt	0
109	26	92	default:dirt	0
110	26	92	default:dirt	0
111	26	92	default:dirt	0
112	26	92	default:dirt	0
113	26	92	default:dirt	0
114	26	92	default:dirt	0
115	26	92	default:dirt	0
116	26	92	default:dirt	0
117	26	92	default:dirt	0
118	26	92	default:dirt	0
72	27	92	default:dirt	0
73	27	92	default:dirt	0
74	27	92	default:dirt	0
75	27	92	default:dirt	0
76	27	92	default:dirt	0
77	27	92	default:dirt	0
78	27	92	default:dirt	0
79	27	92	default:dirt	0
80	27	92	default:dirt	0
81	27	92	default:dirt	0
82	27	92	default:dirt	0
83	27	92	default:dirt	0
84	27	92	default:dirt	0
85	27	92	default:dirt	0
86	27	92	default:dirt	0
87	27	92	default:dirt	0
88	27	92	default:dirt	0
89	27	92	default:dirt	0
90	27	92	default:dirt	0
91	27	92	default:dirt	0
92	27	92	default:dirt	0
93	27	92	default:dirt	0
94	27	92	default:dirt	0
95	27	92	default:dirt	0
96	27	92	default:dirt	0
97	27	92	default:dirt	0
98	27	92	default:dirt	0
99	27	92	default:dirt	0
100	27	92	default:dirt	0
101	27	92	default:dirt	0
102	27	92	default:dirt	0
103	27	92	default:dirt	0
104	27	92	default:dirt	0
105	27	92	default:dirt	0
106	27	92	default:dirt	0
107	27	92	default:dirt	0
108	27	92	default:dirt	0
109	27	92	default:dirt	0
110	27	92	default:dirt	0
111	27	92	default:dirt	0
112	27	92	default:dirt	0
113	27	92	default:dirt	0
114	27	92	default:dirt	0
115	27	92	default:dirt	0
116	27	92	default:dirt	0
117	27	92	default:dirt	0
118	27	92	default:dirt	0
72	28	92	grug_nodes:dirt_with_silver_litter	0
73	28	92	grug_nodes:dirt_with_silver_litter	0
74	28	92	grug_nodes:dirt_with_silver_litter	0
75	28	92	grug_nodes:dirt_with_silver_litter	0
76	28	92	grug_nodes:dirt_with_silver_litter	0
77	28	92	grug_nodes:dirt_with_silver_litter	0
78	28	92	grug_nodes:dirt_with_silver_litter	0
79	28	92	default:dirt	0
80	28	92	default:dirt	0
81	28	92	default:dirt	0
82	28	92	default:dirt	0
83	28	92	default:dirt	0
84	28	92	default:dirt	0
85	28	92	default:dirt	0
86	28	92	default:dirt	0
87	28	92	default:dirt	0
88	28	92	default:dirt	0
89	28	92	default:dirt	0
90	28	92	default:dirt	0
91	28	92	default:dirt	0
92	28	92	default:dirt	0
93	28	92	default:dirt	0
94	28	92	default:dirt	0
95	28	92	default:dirt	0
96	28	92	default:dirt	0
97	28	92	default:dirt	0
98	28	92	default:dirt	0
99	28	92	default:dirt	0
100	28	92	grug_nodes:dirt_with_silver_litter	0
101	28	92	grug_nodes:dirt_with_silver_litter	0
102	28	92	grug_nodes:dirt_with_silver_litter	0
103	28	92	grug_nodes:dirt_with_silver_litter	0
104	28	92	grug_nodes:dirt_with_silver_litter	0
105	28	92	grug_nodes:dirt_with_silver_litter	0
106	28	92	grug_nodes:dirt_with_silver_litter	0
107	28	92	grug_nodes:dirt_with_silver_litter	0
108	28	92	grug_nodes:dirt_with_silver_litter	0
109	28	92	grug_nodes:dirt_with_silver_litter	0
110	28	92	grug_nodes:dirt_with_silver_litter	0
111	28	92	grug_nodes:dirt_with_silver_litter	0
112	28	92	grug_nodes:dirt_with_silver_litter	0
113	28	92	grug_nodes:dirt_with_silver_litter	0
114	28	92	grug_nodes:dirt_with_silver_litter	0
115	28	92	grug_nodes:dirt_with_silver_litter	0
116	28	92	grug_nodes:dirt_with_silver_litter	0
117	28	92	grug_nodes:dirt_with_silver_litter	0
118	28	92	grug_nodes:dirt_with_silver_litter	0
72	29	92	default:river_water_source	0
73	29	92	default:river_water_source	0
74	29	92	default:river_water_source	0
75	29	92	default:river_water_source	0
76	29	92	default:river_water_source	0
77	29	92	default:river_water_source	0
78	29	92	default:river_water_source	0
79	29	92	grug_nodes:dirt_with_silver_litter	0
80	29	92	grug_nodes:dirt_with_silver_litter	0
81	29	92	grug_nodes:dirt_with_silver_litter	0
82	29	92	grug_nodes:dirt_with_silver_litter	0
83	29	92	grug_nodes:dirt_with_silver_litter	0
84	29	92	grug_nodes:dirt_with_silver_litter	0
85	29	92	grug_nodes:dirt_with_silver_litter	0
86	29	92	grug_nodes:dirt_with_silver_litter	0
87	29	92	grug_nodes:dirt_with_silver_litter	0
88	29	92	grug_nodes:dirt_with_silver_litter	0
89	29	92	grug_nodes:dirt_with_silver_litter	0
90	29	92	grug_nodes:dirt_with_silver_litter	0
91	29	92	grug_nodes:dirt_with_silver_litter	0
92	29	92	grug_nodes:dirt_with_silver_litter	0
93	29	92	grug_nodes:dirt_with_silver_litter	0
94	29	92	grug_nodes:dirt_with_silver_litter	0
95	29	92	grug_nodes:dirt_with_silver_litter	0
96	29	92	grug_nodes:dirt_with_silver_litter	0
97	29	92	grug_nodes:dirt_with_silver_litter	0
98	29	92	grug_nodes:dirt_with_silver_litter	0
99	29	92	grug_nodes:dirt_with_silver_litter	0
100	29	92	default:river_water_source	0
101	29	92	default:river_water_source	0
102	29	92	default:river_water_source	0
103	29	92	default:river_water_source	0
104	29	92	default:river_water_source	0
105	29	92	default:river_water_source	0
106	29	92	default:river_water_source	0
107	29	92	default:river_water_source	0
108	29	92	default:river_water_source	0
109	29	92	default:river_water_source	0
110	29	92	default:river_water_source	0
111	29	92	default:river_water_source	0
112	29	92	default:river_water_source	0
113	29	92	default:river_water_source	0
114	29	92	default:river_water_source	0
115	29	92	default:river_water_source	0
116	29	92	default:river_water_source	0
117	29	92	default:river_water_source	0
118	29	92	default:river_water_source	0
72	30	92	default:river_water_source	0
73	30	92	default:river_water_source	0
74	30	92	default:river_water_source	0
75	30	92	default:river_water_source	0
76	30	92	default:river_water_source	0
77	30	92	default:river_water_source	0
78	30	92	default:river_water_source	0
79	30	92	default:river_water_source	0
80	30	92	default:river_water_source	0
81	30	92	default:river_water_source	0
82	30	92	default:river_water_source	0
83	30	92	default:river_water_source	0
84	30	92	default:river_water_source	0
85	30	92	default:river_water_source	0
86	30	92	default:river_water_source	0
87	30	92	default:river_water_source	0
88	30	92	default:river_water_source	0
89	30	92	default:river_water_source	0
90	30	92	default:river_water_source	0
91	30	92	default:river_water_source	0
92	30	92	default:river_water_source	0
93	30	92	default:river_water_source	0
94	30	92	default:river_water_source	0
95	30	92	default:river_water_source	0
96	30	92	default:river_water_source	0
97	30	92	default:river_water_source	0
98	30	92	default:river_water_source	0
99	30	92	default:river_water_source	0
100	30	92	default:river_water_source	0
101	30	92	default:river_water_source	0
102	30	92	default:river_water_source	0
103	30	92	default:river_water_source	0
104	30	92	default:river_water_source	0
105	30	92	default:river_water_source	0
106	30	92	default:river_water_source	0
107	30	92	default:river_water_source	0
108	30	92	default:river_water_source	0
109	30	92	default:river_water_source	0
110	30	92	default:river_water_source	0
111	30	92	default:river_water_source	0
112	30	92	default:river_water_source	0
113	30	92	default:river_water_source	0
114	30	92	default:river_water_source	0
115	30	92	default:river_water_source	0
116	30	92	default:river_water_source	0
117	30	92	default:river_water_source	0
118	30	92	default:river_water_source	0
72	31	92	default:river_water_source	0
73	31	92	default:river_water_source	0
74	31	92	default:river_water_source	0
75	31	92	default:river_water_source	0
76	31	92	default:river_water_source	0
77	31	92	default:river_water_source	0
78	31	92	default:river_water_source	0
79	31	92	default:river_water_source	0
80	31	92	default:river_water_source	0
81	31	92	default:river_water_source	0
82	31	92	default:river_water_source	0
83	31	92	default:river_water_source	0
84	31	92	default:river_water_source	0
85	31	92	default:river_water_source	0
86	31	92	default:river_water_source	0
87	31	92	default:river_water_source	0
88	31	92	default:river_water_source	0
89	31	92	default:river_water_source	0
90	31	92	default:river_water_source	0
91	31	92	default:river_water_source	0
92	31	92	default:river_water_source	0
93	31	92	default:river_water_source	0
94	31	92	default:river_water_source	0
95	31	92	default:river_water_source	0
96	31	92	default:river_water_source	0
97	31	92	default:river_water_source	0
98	31	92	default:river_water_source	0
99	31	92	default:river_water_source	0
100	31	92	default:river_water_source	0
101	31	92	default:river_water_source	0
102	31	92	default:river_water_source	0
103	31	92	default:river_water_source	0
104	31	92	default:river_water_source	0
105	31	92	default:river_water_source	0
106	31	92	default:river_water_source	0
107	31	92	default:river_water_source	0
108	31	92	default:river_water_source	0
109	31	92	default:river_water_source	0
110	31	92	default:river_water_source	0
111	31	92	default:river_water_source	0
112	31	92	default:river_water_source	0
113	31	92	default:river_water_source	0
114	31	92	default:river_water_source	0
115	31	92	default:river_water_source	0
116	31	92	default:river_water_source	0
117	31	92	default:river_water_source	0
118	31	92	default:river_water_source	0
72	32	92	default:river_water_source	0
73	32	92	default:river_water_source	0
74	32	92	default:river_water_source	0
75	32	92	default:river_water_source	0
76	32	92	default:river_water_source	0
77	32	92	default:river_water_source	0
78	32	92	default:river_water_source	0
79	32	92	default:river_water_source	0
80	32	92	default:river_water_source	0
81	32	92	default:river_water_source	0
82	32	92	default:river_water_source	0
83	32	92	default:river_water_source	0
84	32	92	default:river_water_source	0
85	32	92	default:river_water_source	0
86	32	92	default:river_water_source	0
87	32	92	default:river_water_source	0
88	32	92	default:river_water_source	0
89	32	92	default:river_water_source	0
90	32	92	default:river_water_source	0
91	32	92	default:river_water_source	0
92	32	92	default:river_water_source	0
93	32	92	default:river_water_source	0
94	32	92	default:river_water_source	0
95	32	92	default:river_water_source	0
96	32	92	default:river_water_source	0
97	32	92	default:river_water_source	0
98	32	92	default:river_water_source	0
99	32	92	default:river_water_source	0
100	32	92	default:river_water_source	0
101	32	92	default:river_water_source	0
102	32	92	default:river_water_source	0
103	32	92	default:river_water_source	0
104	32	92	default:river_water_source	0
105	32	92	default:river_water_source	0
106	32	92	default:river_water_source	0
107	32	92	default:river_water_source	0
108	32	92	default:river_water_source	0
109	32	92	default:river_water_source	0
110	32	92	default:river_water_source	0
111	32	92	default:river_water_source	0
112	32	92	default:river_water_source	0
113	32	92	default:river_water_source	0
114	32	92	default:river_water_source	0
115	32	92	default:river_water_source	0
116	32	92	default:river_water_source	0
117	32	92	default:river_water_source	0
118	32	92	default:river_water_source	0
72	33	92	default:river_water_source	0
73	33	92	default:river_water_source	0
74	33	92	default:river_water_source	0
75	33	92	default:river_water_source	0
76	33	92	default:river_water_source	0
77	33	92	default:river_water_source	0
78	33	92	default:river_water_source	0
79	33	92	default:river_water_source	0
80	33	92	default:river_water_source	0
81	33	92	default:river_water_source	0
82	33	92	default:river_water_source	0
83	33	92	default:river_water_source	0
84	33	92	default:river_water_source	0
85	33	92	default:river_water_source	0
86	33	92	default:river_water_source	0
87	33	92	default:river_water_source	0
88	33	92	default:river_water_source	0
89	33	92	default:river_water_source	0
90	33	92	default:river_water_source	0
91	33	92	default:river_water_source	0
92	33	92	default:river_water_source	0
93	33	92	default:river_water_source	0
94	33	92	default:river_water_source	0
95	33	92	default:river_water_source	0
96	33	92	default:river_water_source	0
97	33	92	default:river_water_source	0
98	33	92	default:river_water_source	0
99	33	92	default:river_water_source	0
100	33	92	default:river_water_source	0
101	33	92	default:river_water_source	0
102	33	92	default:river_water_source	0
103	33	92	default:river_water_source	0
104	33	92	default:river_water_source	0
105	33	92	default:river_water_source	0
106	33	92	default:river_water_source	0
107	33	92	default:river_water_source	0
108	33	92	default:river_water_source	0
109	33	92	default:river_water_source	0
110	33	92	default:river_water_source	0
111	33	92	default:river_water_source	0
112	33	92	default:river_water_source	0
113	33	92	default:river_water_source	0
114	33	92	default:river_water_source	0
115	33	92	default:river_water_source	0
116	33	92	default:river_water_source	0
117	33	92	default:river_water_source	0
118	33	92	default:river_water_source	0
72	34	92	default:river_water_source	0
73	34	92	default:river_water_source	0
74	34	92	default:river_water_source	0
75	34	92	default:river_water_source	0
76	34	92	default:river_water_source	0
77	34	92	default:river_water_source	0
78	34	92	default:river_water_source	0
79	34	92	default:river_water_source	0
80	34	92	default:river_water_source	0
81	34	92	default:river_water_source	0
82	34	92	default:river_water_source	0
83	34	92	default:river_water_source	0
84	34	92	default:river_water_source	0
85	34	92	default:river_water_source	0
86	34	92	default:river_water_source	0
87	34	92	default:river_water_source	0
88	34	92	default:river_water_source	0
89	34	92	default:river_water_source	0
90	34	92	default:river_water_source	0
91	34	92	default:river_water_source	0
92	34	92	default:river_water_source	0
93	34	92	default:river_water_source	0
94	34	92	default:river_water_source	0
95	34	92	default:river_water_source	0
96	34	92	default:river_water_source	0
97	34	92	default:river_water_source	0
98	34	92	default:river_water_source	0
99	34	92	default:river_water_source	0
100	34	92	default:river_water_source	0
101	34	92	default:river_water_source	0
102	34	92	default:river_water_source	0
103	34	92	default:river_water_source	0
104	34	92	default:river_water_source	0
105	34	92	default:river_water_source	0
106	34	92	default:river_water_source	0
107	34	92	default:river_water_source	0
108	34	92	default:river_water_source	0
109	34	92	default:river_water_source	0
110	34	92	default:river_water_source	0
111	34	92	default:river_water_source	0
112	34	92	default:river_water_source	0
113	34	92	default:river_water_source	0
114	34	92	default:river_water_source	0
115	34	92	default:river_water_source	0
116	34	92	default:river_water_source	0
117	34	92	default:river_water_source	0
118	34	92	default:river_water_source	0
72	35	92	default:river_water_source	0
73	35	92	default:river_water_source	0
74	35	92	default:river_water_source	0
75	35	92	default:river_water_source	0
76	35	92	default:river_water_source	0
77	35	92	default:river_water_source	0
78	35	92	default:river_water_source	0
79	35	92	default:river_water_source	0
80	35	92	default:river_water_source	0
81	35	92	default:river_water_source	0
82	35	92	default:river_water_source	0
83	35	92	default:river_water_source	0
84	35	92	default:river_water_source	0
85	35	92	default:river_water_source	0
86	35	92	default:river_water_source	0
87	35	92	default:river_water_source	0
88	35	92	default:river_water_source	0
89	35	92	default:river_water_source	0
90	35	92	default:river_water_source	0
91	35	92	default:river_water_source	0
92	35	92	default:river_water_source	0
93	35	92	default:river_water_source	0
94	35	92	default:river_water_source	0
95	35	92	default:river_water_source	0
96	35	92	default:river_water_source	0
97	35	92	default:river_water_source	0
98	35	92	default:river_water_source	0
99	35	92	default:river_water_source	0
100	35	92	default:river_water_source	0
101	35	92	default:river_water_source	0
102	35	92	default:river_water_source	0
103	35	92	default:river_water_source	0
104	35	92	default:river_water_source	0
105	35	92	default:river_water_source	0
106	35	92	default:river_water_source	0
107	35	92	default:river_water_source	0
108	35	92	default:river_water_source	0
109	35	92	default:river_water_source	0
110	35	92	default:river_water_source	0
111	35	92	default:river_water_source	0
112	35	92	default:river_water_source	0
113	35	92	default:river_water_source	0
114	35	92	default:river_water_source	0
115	35	92	default:river_water_source	0
116	35	92	default:river_water_source	0
117	35	92	default:river_water_source	0
118	35	92	default:river_water_source	0
93	36	92	grug_trees:silverwood_wood	0
94	36	92	grug_decor:darkage_serpentine	0
95	36	92	grug_decor:castle_pavement_brick	0
96	36	92	grug_decor:castle_pavement_brick	0
97	36	92	grug_decor:castle_pavement_brick	0
98	36	92	grug_decor:darkage_serpentine	0
99	36	92	grug_trees:silverwood_wood	0
93	37	92	default:fence_aspen_wood	0
99	37	92	default:fence_aspen_wood	0
72	25	93	default:dirt	0
73	25	93	default:dirt	0
74	25	93	default:dirt	0
75	25	93	default:dirt	0
76	25	93	default:dirt	0
77	25	93	default:dirt	0
78	25	93	default:dirt	0
100	25	93	default:dirt	0
101	25	93	default:dirt	0
102	25	93	default:dirt	0
103	25	93	default:dirt	0
104	25	93	default:dirt	0
105	25	93	default:dirt	0
106	25	93	default:dirt	0
107	25	93	default:dirt	0
108	25	93	default:dirt	0
109	25	93	default:dirt	0
110	25	93	default:dirt	0
111	25	93	default:dirt	0
112	25	93	default:dirt	0
113	25	93	default:dirt	0
114	25	93	default:dirt	0
115	25	93	default:dirt	0
116	25	93	default:dirt	0
117	25	93	default:dirt	0
118	25	93	default:dirt	0
72	26	93	default:dirt	0
73	26	93	default:dirt	0
74	26	93	default:dirt	0
75	26	93	default:dirt	0
76	26	93	default:dirt	0
77	26	93	default:dirt	0
78	26	93	default:dirt	0
79	26	93	default:dirt	0
80	26	93	default:dirt	0
81	26	93	default:dirt	0
82	26	93	default:dirt	0
83	26	93	default:dirt	0
84	26	93	default:dirt	0
85	26	93	default:dirt	0
86	26	93	default:dirt	0
87	26	93	default:dirt	0
88	26	93	default:dirt	0
89	26	93	default:dirt	0
90	26	93	default:dirt	0
91	26	93	default:dirt	0
92	26	93	default:dirt	0
93	26	93	default:dirt	0
94	26	93	default:dirt	0
95	26	93	default:dirt	0
96	26	93	default:dirt	0
97	26	93	default:dirt	0
98	26	93	default:dirt	0
99	26	93	default:dirt	0
100	26	93	default:dirt	0
101	26	93	default:dirt	0
102	26	93	default:dirt	0
103	26	93	default:dirt	0
104	26	93	default:dirt	0
105	26	93	default:dirt	0
106	26	93	default:dirt	0
107	26	93	default:dirt	0
108	26	93	default:dirt	0
109	26	93	default:dirt	0
110	26	93	default:dirt	0
111	26	93	default:dirt	0
112	26	93	default:dirt	0
113	26	93	default:dirt	0
114	26	93	default:dirt	0
115	26	93	default:dirt	0
116	26	93	default:dirt	0
117	26	93	default:dirt	0
118	26	93	default:dirt	0
72	27	93	default:dirt	0
73	27	93	default:dirt	0
74	27	93	default:dirt	0
75	27	93	default:dirt	0
76	27	93	default:dirt	0
77	27	93	default:dirt	0
78	27	93	default:dirt	0
79	27	93	default:dirt	0
80	27	93	default:dirt	0
81	27	93	default:dirt	0
82	27	93	default:dirt	0
83	27	93	default:dirt	0
84	27	93	default:dirt	0
85	27	93	default:dirt	0
86	27	93	default:dirt	0
87	27	93	default:dirt	0
88	27	93	default:dirt	0
89	27	93	default:dirt	0
90	27	93	default:dirt	0
91	27	93	default:dirt	0
92	27	93	default:dirt	0
93	27	93	default:dirt	0
94	27	93	default:dirt	0
95	27	93	default:dirt	0
96	27	93	default:dirt	0
97	27	93	default:dirt	0
98	27	93	default:dirt	0
99	27	93	default:dirt	0
100	27	93	default:dirt	0
101	27	93	default:dirt	0
102	27	93	default:dirt	0
103	27	93	default:dirt	0
104	27	93	default:dirt	0
105	27	93	default:dirt	0
106	27	93	default:dirt	0
107	27	93	default:dirt	0
108	27	93	default:dirt	0
109	27	93	default:dirt	0
110	27	93	default:dirt	0
111	27	93	default:dirt	0
112	27	93	default:dirt	0
113	27	93	default:dirt	0
114	27	93	default:dirt	0
115	27	93	default:dirt	0
116	27	93	default:dirt	0
117	27	93	default:dirt	0
118	27	93	default:dirt	0
72	28	93	grug_nodes:dirt_with_silver_litter	0
73	28	93	grug_nodes:dirt_with_silver_litter	0
74	28	93	grug_nodes:dirt_with_silver_litter	0
75	28	93	grug_nodes:dirt_with_silver_litter	0
76	28	93	grug_nodes:dirt_with_silver_litter	0
77	28	93	grug_nodes:dirt_with_silver_litter	0
78	28	93	grug_nodes:dirt_with_silver_litter	0
79	28	93	default:dirt	0
80	28	93	default:dirt	0
81	28	93	default:dirt	0
82	28	93	default:dirt	0
83	28	93	default:dirt	0
84	28	93	default:dirt	0
85	28	93	default:dirt	0
86	28	93	default:dirt	0
87	28	93	default:dirt	0
88	28	93	default:dirt	0
89	28	93	default:dirt	0
90	28	93	default:dirt	0
91	28	93	default:dirt	0
92	28	93	default:dirt	0
93	28	93	default:dirt	0
94	28	93	default:dirt	0
95	28	93	default:dirt	0
96	28	93	default:dirt	0
97	28	93	default:dirt	0
98	28	93	default:dirt	0
99	28	93	default:dirt	0
100	28	93	grug_nodes:dirt_with_silver_litter	0
101	28	93	grug_nodes:dirt_with_silver_litter	0
102	28	93	grug_nodes:dirt_with_silver_litter	0
103	28	93	grug_nodes:dirt_with_silver_litter	0
104	28	93	grug_nodes:dirt_with_silver_litter	0
105	28	93	grug_nodes:dirt_with_silver_litter	0
106	28	93	grug_nodes:dirt_with_silver_litter	0
107	28	93	grug_nodes:dirt_with_silver_litter	0
108	28	93	grug_nodes:dirt_with_silver_litter	0
109	28	93	grug_nodes:dirt_with_silver_litter	0
110	28	93	grug_nodes:dirt_with_silver_litter	0
111	28	93	grug_nodes:dirt_with_silver_litter	0
112	28	93	grug_nodes:dirt_with_silver_litter	0
113	28	93	grug_nodes:dirt_with_silver_litter	0
114	28	93	grug_nodes:dirt_with_silver_litter	0
115	28	93	grug_nodes:dirt_with_silver_litter	0
116	28	93	grug_nodes:dirt_with_silver_litter	0
117	28	93	grug_nodes:dirt_with_silver_litter	0
118	28	93	grug_nodes:dirt_with_silver_litter	0
72	29	93	default:river_water_source	0
73	29	93	default:river_water_source	0
74	29	93	default:river_water_source	0
75	29	93	default:river_water_source	0
76	29	93	default:river_water_source	0
77	29	93	default:river_water_source	0
78	29	93	default:river_water_source	0
79	29	93	grug_nodes:dirt_with_silver_litter	0
80	29	93	grug_nodes:dirt_with_silver_litter	0
81	29	93	grug_nodes:dirt_with_silver_litter	0
82	29	93	grug_nodes:dirt_with_silver_litter	0
83	29	93	grug_nodes:dirt_with_silver_litter	0
84	29	93	grug_nodes:dirt_with_silver_litter	0
85	29	93	grug_nodes:dirt_with_silver_litter	0
86	29	93	grug_nodes:dirt_with_silver_litter	0
87	29	93	grug_nodes:dirt_with_silver_litter	0
88	29	93	grug_nodes:dirt_with_silver_litter	0
89	29	93	grug_nodes:dirt_with_silver_litter	0
90	29	93	grug_nodes:dirt_with_silver_litter	0
91	29	93	grug_nodes:dirt_with_silver_litter	0
92	29	93	grug_nodes:dirt_with_silver_litter	0
93	29	93	grug_nodes:dirt_with_silver_litter	0
94	29	93	grug_nodes:dirt_with_silver_litter	0
95	29	93	grug_nodes:dirt_with_silver_litter	0
96	29	93	grug_nodes:dirt_with_silver_litter	0
97	29	93	grug_nodes:dirt_with_silver_litter	0
98	29	93	grug_nodes:dirt_with_silver_litter	0
99	29	93	grug_nodes:dirt_with_silver_litter	0
100	29	93	default:river_water_source	0
101	29	93	default:river_water_source	0
102	29	93	default:river_water_source	0
103	29	93	default:river_water_source	0
104	29	93	default:river_water_source	0
105	29	93	default:river_water_source	0
106	29	93	default:river_water_source	0
107	29	93	default:river_water_source	0
108	29	93	default:river_water_source	0
109	29	93	default:river_water_source	0
110	29	93	default:river_water_source	0
111	29	93	default:river_water_source	0
112	29	93	default:river_water_source	0
113	29	93	default:river_water_source	0
114	29	93	default:river_water_source	0
115	29	93	default:river_water_source	0
116	29	93	default:river_water_source	0
117	29	93	default:river_water_source	0
118	29	93	default:river_water_source	0
72	30	93	default:river_water_source	0
73	30	93	default:river_water_source	0
74	30	93	default:river_water_source	0
75	30	93	default:river_water_source	0
76	30	93	default:river_water_source	0
77	30	93	default:river_water_source	0
78	30	93	default:river_water_source	0
79	30	93	default:river_water_source	0
80	30	93	default:river_water_source	0
81	30	93	default:river_water_source	0
82	30	93	default:river_water_source	0
83	30	93	default:river_water_source	0
84	30	93	default:river_water_source	0
85	30	93	default:river_water_source	0
86	30	93	default:river_water_source	0
87	30	93	default:river_water_source	0
88	30	93	default:river_water_source	0
89	30	93	default:river_water_source	0
90	30	93	default:river_water_source	0
91	30	93	default:river_water_source	0
92	30	93	default:river_water_source	0
93	30	93	default:river_water_source	0
94	30	93	default:river_water_source	0
95	30	93	default:river_water_source	0
96	30	93	default:river_water_source	0
97	30	93	default:river_water_source	0
98	30	93	default:river_water_source	0
99	30	93	default:river_water_source	0
100	30	93	default:river_water_source	0
101	30	93	default:river_water_source	0
102	30	93	default:river_water_source	0
103	30	93	default:river_water_source	0
104	30	93	default:river_water_source	0
105	30	93	default:river_water_source	0
106	30	93	default:river_water_source	0
107	30	93	default:river_water_source	0
108	30	93	default:river_water_source	0
109	30	93	default:river_water_source	0
110	30	93	default:river_water_source	0
111	30	93	default:river_water_source	0
112	30	93	default:river_water_source	0
113	30	93	default:river_water_source	0
114	30	93	default:river_water_source	0
115	30	93	default:river_water_source	0
116	30	93	default:river_water_source	0
117	30	93	default:river_water_source	0
118	30	93	default:river_water_source	0
72	31	93	default:river_water_source	0
72	31	93	grug_decor:darkage_marble	0
73	31	93	default:river_water_source	0
74	31	93	default:river_water_source	0
75	31	93	default:river_water_source	0
76	31	93	default:river_water_source	0
77	31	93	default:river_water_source	0
78	31	93	default:river_water_source	0
79	31	93	default:river_water_source	0
80	31	93	default:river_water_source	0
80	31	93	grug_decor:darkage_marble	0
81	31	93	default:river_water_source	0
82	31	93	default:river_water_source	0
83	31	93	default:river_water_source	0
84	31	93	default:river_water_source	0
85	31	93	default:river_water_source	0
86	31	93	default:river_water_source	0
87	31	93	default:river_water_source	0
88	31	93	default:river_water_source	0
88	31	93	grug_decor:darkage_marble	0
89	31	93	default:river_water_source	0
90	31	93	default:river_water_source	0
91	31	93	default:river_water_source	0
92	31	93	default:river_water_source	0
93	31	93	default:river_water_source	0
94	31	93	default:river_water_source	0
95	31	93	default:river_water_source	0
96	31	93	default:river_water_source	0
96	31	93	grug_decor:darkage_marble	0
97	31	93	default:river_water_source	0
98	31	93	default:river_water_source	0
99	31	93	default:river_water_source	0
100	31	93	default:river_water_source	0
101	31	93	default:river_water_source	0
102	31	93	default:river_water_source	0
103	31	93	default:river_water_source	0
104	31	93	default:river_water_source	0
105	31	93	default:river_water_source	0
106	31	93	default:river_water_source	0
107	31	93	default:river_water_source	0
108	31	93	default:river_water_source	0
109	31	93	default:river_water_source	0
110	31	93	default:river_water_source	0
111	31	93	default:river_water_source	0
112	31	93	default:river_water_source	0
113	31	93	default:river_water_source	0
114	31	93	default:river_water_source	0
115	31	93	default:river_water_source	0
116	31	93	default:river_water_source	0
117	31	93	default:river_water_source	0
118	31	93	default:river_water_source	0
72	32	93	default:river_water_source	0
72	32	93	grug_decor:darkage_marble	0
73	32	93	default:river_water_source	0
74	32	93	default:river_water_source	0
75	32	93	default:river_water_source	0
76	32	93	default:river_water_source	0
77	32	93	default:river_water_source	0
78	32	93	default:river_water_source	0
79	32	93	default:river_water_source	0
80	32	93	default:river_water_source	0
80	32	93	grug_decor:darkage_marble	0
81	32	93	default:river_water_source	0
82	32	93	default:river_water_source	0
83	32	93	default:river_water_source	0
84	32	93	default:river_water_source	0
85	32	93	default:river_water_source	0
86	32	93	default:river_water_source	0
87	32	93	default:river_water_source	0
88	32	93	default:river_water_source	0
88	32	93	grug_decor:darkage_marble	0
89	32	93	default:river_water_source	0
90	32	93	default:river_water_source	0
91	32	93	default:river_water_source	0
92	32	93	default:river_water_source	0
93	32	93	default:river_water_source	0
94	32	93	default:river_water_source	0
95	32	93	default:river_water_source	0
96	32	93	default:river_water_source	0
96	32	93	grug_decor:darkage_marble	0
97	32	93	default:river_water_source	0
98	32	93	default:river_water_source	0
99	32	93	default:river_water_source	0
100	32	93	default:river_water_source	0
101	32	93	default:river_water_source	0
102	32	93	default:river_water_source	0
103	32	93	default:river_water_source	0
104	32	93	default:river_water_source	0
105	32	93	default:river_water_source	0
106	32	93	default:river_water_source	0
107	32	93	default:river_water_source	0
108	32	93	default:river_water_source	0
109	32	93	default:river_water_source	0
110	32	93	default:river_water_source	0
111	32	93	default:river_water_source	0
112	32	93	default:river_water_source	0
113	32	93	default:river_water_source	0
114	32	93	default:river_water_source	0
115	32	93	default:river_water_source	0
116	32	93	default:river_water_source	0
117	32	93	default:river_water_source	0
118	32	93	default:river_water_source	0
72	33	93	default:river_water_source	0
72	33	93	grug_decor:darkage_marble	0
73	33	93	default:river_water_source	0
74	33	93	default:river_water_source	0
75	33	93	default:river_water_source	0
76	33	93	default:river_water_source	0
77	33	93	default:river_water_source	0
78	33	93	default:river_water_source	0
79	33	93	default:river_water_source	0
80	33	93	default:river_water_source	0
80	33	93	grug_decor:darkage_marble	0
81	33	93	default:river_water_source	0
82	33	93	default:river_water_source	0
83	33	93	default:river_water_source	0
84	33	93	default:river_water_source	0
85	33	93	default:river_water_source	0
86	33	93	default:river_water_source	0
87	33	93	default:river_water_source	0
88	33	93	default:river_water_source	0
88	33	93	grug_decor:darkage_marble	0
89	33	93	default:river_water_source	0
90	33	93	default:river_water_source	0
91	33	93	default:river_water_source	0
92	33	93	default:river_water_source	0
93	33	93	default:river_water_source	0
94	33	93	default:river_water_source	0
95	33	93	default:river_water_source	0
96	33	93	default:river_water_source	0
96	33	93	grug_decor:darkage_marble	0
97	33	93	default:river_water_source	0
98	33	93	default:river_water_source	0
99	33	93	default:river_water_source	0
100	33	93	default:river_water_source	0
101	33	93	default:river_water_source	0
102	33	93	default:river_water_source	0
103	33	93	default:river_water_source	0
104	33	93	default:river_water_source	0
105	33	93	default:river_water_source	0
106	33	93	default:river_water_source	0
107	33	93	default:river_water_source	0
108	33	93	default:river_water_source	0
109	33	93	default:river_water_source	0
110	33	93	default:river_water_source	0
111	33	93	default:river_water_source	0
112	33	93	default:river_water_source	0
113	33	93	default:river_water_source	0
114	33	93	default:river_water_source	0
115	33	93	default:river_water_source	0
116	33	93	default:river_water_source	0
117	33	93	default:river_water_source	0
118	33	93	default:river_water_source	0
72	34	93	default:river_water_source	0
72	34	93	grug_decor:darkage_marble	0
73	34	93	default:river_water_source	0
74	34	93	default:river_water_source	0
75	34	93	default:river_water_source	0
76	34	93	default:river_water_source	0
77	34	93	default:river_water_source	0
78	34	93	default:river_water_source	0
79	34	93	default:river_water_source	0
80	34	93	default:river_water_source	0
80	34	93	grug_decor:darkage_marble	0
81	34	93	default:river_water_source	0
82	34	93	default:river_water_source	0
83	34	93	default:river_water_source	0
84	34	93	default:river_water_source	0
85	34	93	default:river_water_source	0
86	34	93	default:river_water_source	0
87	34	93	default:river_water_source	0
88	34	93	default:river_water_source	0
88	34	93	grug_decor:darkage_marble	0
89	34	93	default:river_water_source	0
90	34	93	default:river_water_source	0
91	34	93	default:river_water_source	0
92	34	93	default:river_water_source	0
93	34	93	default:river_water_source	0
94	34	93	default:river_water_source	0
95	34	93	default:river_water_source	0
96	34	93	default:river_water_source	0
96	34	93	grug_decor:darkage_marble	0
97	34	93	default:river_water_source	0
98	34	93	default:river_water_source	0
99	34	93	default:river_water_source	0
100	34	93	default:river_water_source	0
101	34	93	default:river_water_source	0
102	34	93	default:river_water_source	0
103	34	93	default:river_water_source	0
104	34	93	default:river_water_source	0
105	34	93	default:river_water_source	0
106	34	93	default:river_water_source	0
107	34	93	default:river_water_source	0
108	34	93	default:river_water_source	0
109	34	93	default:river_water_source	0
110	34	93	default:river_water_source	0
111	34	93	default:river_water_source	0
112	34	93	default:river_water_source	0
113	34	93	default:river_water_source	0
114	34	93	default:river_water_source	0
115	34	93	default:river_water_source	0
116	34	93	default:river_water_source	0
117	34	93	default:river_water_source	0
118	34	93	default:river_water_source	0
72	35	93	default:river_water_source	0
72	35	93	grug_decor:darkage_marble	0
73	35	93	default:river_water_source	0
74	35	93	default:river_water_source	0
75	35	93	default:river_water_source	0
76	35	93	default:river_water_source	0
77	35	93	default:river_water_source	0
78	35	93	default:river_water_source	0
79	35	93	default:river_water_source	0
80	35	93	default:river_water_source	0
80	35	93	grug_decor:darkage_marble	0
81	35	93	default:river_water_source	0
82	35	93	default:river_water_source	0
83	35	93	default:river_water_source	0
84	35	93	default:river_water_source	0
85	35	93	default:river_water_source	0
86	35	93	default:river_water_source	0
87	35	93	default:river_water_source	0
88	35	93	default:river_water_source	0
88	35	93	grug_decor:darkage_marble	0
89	35	93	default:river_water_source	0
90	35	93	default:river_water_source	0
91	35	93	default:river_water_source	0
92	35	93	default:river_water_source	0
93	35	93	default:river_water_source	0
94	35	93	default:river_water_source	0
95	35	93	default:river_water_source	0
96	35	93	default:river_water_source	0
96	35	93	grug_decor:darkage_marble	0
97	35	93	default:river_water_source	0
98	35	93	default:river_water_source	0
99	35	93	default:river_water_source	0
100	35	93	default:river_water_source	0
101	35	93	default:river_water_source	0
102	35	93	default:river_water_source	0
103	35	93	default:river_water_source	0
104	35	93	default:river_water_source	0
105	35	93	default:river_water_source	0
106	35	93	default:river_water_source	0
107	35	93	default:river_water_source	0
108	35	93	default:river_water_source	0
109	35	93	default:river_water_source	0
110	35	93	default:river_water_source	0
111	35	93	default:river_water_source	0
112	35	93	default:river_water_source	0
113	35	93	default:river_water_source	0
114	35	93	default:river_water_source	0
115	35	93	default:river_water_source	0
116	35	93	default:river_water_source	0
117	35	93	default:river_water_source	0
118	35	93	default:river_water_source	0
72	36	93	grug_trees:silverwood_wood	0
73	36	93	grug_trees:silverwood_wood	0
74	36	93	grug_trees:silverwood_wood	0
75	36	93	grug_trees:silverwood_wood	0
76	36	93	grug_trees:silverwood_wood	0
77	36	93	grug_trees:silverwood_wood	0
78	36	93	grug_trees:silverwood_wood	0
79	36	93	grug_trees:silverwood_wood	0
80	36	93	grug_trees:silverwood_wood	0
81	36	93	grug_trees:silverwood_wood	0
82	36	93	grug_trees:silverwood_wood	0
83	36	93	grug_trees:silverwood_wood	0
84	36	93	grug_trees:silverwood_wood	0
85	36	93	grug_trees:silverwood_wood	0
86	36	93	grug_trees:silverwood_wood	0
87	36	93	grug_trees:silverwood_wood	0
88	36	93	grug_trees:silverwood_wood	0
89	36	93	grug_trees:silverwood_wood	0
90	36	93	grug_trees:silverwood_wood	0
91	36	93	grug_trees:silverwood_wood	0
92	36	93	grug_trees:silverwood_wood	0
93	36	93	grug_trees:silverwood_wood	0
93	36	93	grug_trees:silverwood_wood	0
94	36	93	grug_decor:darkage_serpentine	0
94	36	93	grug_trees:silverwood_wood	0
95	36	93	grug_decor:castle_pavement_brick	0
95	36	93	grug_trees:silverwood_wood	0
96	36	93	grug_decor:castle_pavement_brick	0
96	36	93	grug_trees:silverwood_wood	0
97	36	93	grug_decor:castle_pavement_brick	0
98	36	93	grug_decor:darkage_serpentine	0
99	36	93	grug_trees:silverwood_wood	0
72	37	93	grug_trees:silverwood_tree	0
73	37	93	default:fence_aspen_wood	0
74	37	93	default:fence_aspen_wood	0
75	37	93	default:fence_aspen_wood	0
76	37	93	default:fence_aspen_wood	0
77	37	93	default:fence_aspen_wood	0
78	37	93	default:fence_aspen_wood	0
79	37	93	default:fence_aspen_wood	0
80	37	93	grug_trees:silverwood_tree	0
81	37	93	default:fence_aspen_wood	0
82	37	93	default:fence_aspen_wood	0
83	37	93	default:fence_aspen_wood	0
84	37	93	default:fence_aspen_wood	0
85	37	93	default:fence_aspen_wood	0
86	37	93	default:fence_aspen_wood	0
87	37	93	default:fence_aspen_wood	0
88	37	93	grug_trees:silverwood_tree	0
89	37	93	default:fence_aspen_wood	0
90	37	93	default:fence_aspen_wood	0
91	37	93	default:fence_aspen_wood	0
92	37	93	default:fence_aspen_wood	0
93	37	93	default:fence_aspen_wood	0
93	37	93	default:fence_aspen_wood	0
94	37	93	default:fence_aspen_wood	0
95	37	93	default:fence_aspen_wood	0
96	37	93	grug_trees:silverwood_tree	0
99	37	93	default:fence_aspen_wood	0
72	38	93	grug_trees:silverwood_tree	0
80	38	93	grug_trees:silverwood_tree	0
88	38	93	grug_trees:silverwood_tree	0
96	38	93	grug_trees:silverwood_tree	0
72	39	93	grug_decor:xdecor_candle	1
80	39	93	grug_decor:xdecor_candle	1
88	39	93	grug_decor:xdecor_candle	1
96	39	93	grug_decor:xdecor_candle	1
72	25	94	default:dirt	0
73	25	94	default:dirt	0
74	25	94	default:dirt	0
75	25	94	default:dirt	0
76	25	94	default:dirt	0
77	25	94	default:dirt	0
78	25	94	default:dirt	0
100	25	94	default:dirt	0
101	25	94	default:dirt	0
102	25	94	default:dirt	0
103	25	94	default:dirt	0
104	25	94	default:dirt	0
105	25	94	default:dirt	0
106	25	94	default:dirt	0
107	25	94	default:dirt	0
108	25	94	default:dirt	0
109	25	94	default:dirt	0
110	25	94	default:dirt	0
111	25	94	default:dirt	0
112	25	94	default:dirt	0
113	25	94	default:dirt	0
114	25	94	default:dirt	0
115	25	94	default:dirt	0
116	25	94	default:dirt	0
117	25	94	default:dirt	0
118	25	94	default:dirt	0
72	26	94	default:dirt	0
73	26	94	default:dirt	0
74	26	94	default:dirt	0
75	26	94	default:dirt	0
76	26	94	default:dirt	0
77	26	94	default:dirt	0
78	26	94	default:dirt	0
79	26	94	default:dirt	0
80	26	94	default:dirt	0
81	26	94	default:dirt	0
82	26	94	default:dirt	0
83	26	94	default:dirt	0
84	26	94	default:dirt	0
85	26	94	default:dirt	0
86	26	94	default:dirt	0
87	26	94	default:dirt	0
88	26	94	default:dirt	0
89	26	94	default:dirt	0
90	26	94	default:dirt	0
91	26	94	default:dirt	0
92	26	94	default:dirt	0
93	26	94	default:dirt	0
94	26	94	default:dirt	0
95	26	94	default:dirt	0
96	26	94	default:dirt	0
97	26	94	default:dirt	0
98	26	94	default:dirt	0
99	26	94	default:dirt	0
100	26	94	default:dirt	0
101	26	94	default:dirt	0
102	26	94	default:dirt	0
103	26	94	default:dirt	0
104	26	94	default:dirt	0
105	26	94	default:dirt	0
106	26	94	default:dirt	0
107	26	94	default:dirt	0
108	26	94	default:dirt	0
109	26	94	default:dirt	0
110	26	94	default:dirt	0
111	26	94	default:dirt	0
112	26	94	default:dirt	0
113	26	94	default:dirt	0
114	26	94	default:dirt	0
115	26	94	default:dirt	0
116	26	94	default:dirt	0
117	26	94	default:dirt	0
118	26	94	default:dirt	0
72	27	94	default:dirt	0
73	27	94	default:dirt	0
74	27	94	default:dirt	0
75	27	94	default:dirt	0
76	27	94	default:dirt	0
77	27	94	default:dirt	0
78	27	94	default:dirt	0
79	27	94	default:dirt	0
80	27	94	default:dirt	0
81	27	94	default:dirt	0
82	27	94	default:dirt	0
83	27	94	default:dirt	0
84	27	94	default:dirt	0
85	27	94	default:dirt	0
86	27	94	default:dirt	0
87	27	94	default:dirt	0
88	27	94	default:dirt	0
89	27	94	default:dirt	0
90	27	94	default:dirt	0
91	27	94	default:dirt	0
92	27	94	default:dirt	0
93	27	94	default:dirt	0
94	27	94	default:dirt	0
95	27	94	default:dirt	0
96	27	94	default:dirt	0
97	27	94	default:dirt	0
98	27	94	default:dirt	0
99	27	94	default:dirt	0
100	27	94	default:dirt	0
101	27	94	default:dirt	0
102	27	94	default:dirt	0
103	27	94	default:dirt	0
104	27	94	default:dirt	0
105	27	94	default:dirt	0
106	27	94	default:dirt	0
107	27	94	default:dirt	0
108	27	94	default:dirt	0
109	27	94	default:dirt	0
110	27	94	default:dirt	0
111	27	94	default:dirt	0
112	27	94	default:dirt	0
113	27	94	default:dirt	0
114	27	94	default:dirt	0
115	27	94	default:dirt	0
116	27	94	default:dirt	0
117	27	94	default:dirt	0
118	27	94	default:dirt	0
72	28	94	grug_nodes:dirt_with_silver_litter	0
73	28	94	grug_nodes:dirt_with_silver_litter	0
74	28	94	grug_nodes:dirt_with_silver_litter	0
75	28	94	grug_nodes:dirt_with_silver_litter	0
76	28	94	grug_nodes:dirt_with_silver_litter	0
77	28	94	grug_nodes:dirt_with_silver_litter	0
78	28	94	grug_nodes:dirt_with_silver_litter	0
79	28	94	default:dirt	0
80	28	94	default:dirt	0
81	28	94	default:dirt	0
82	28	94	default:dirt	0
83	28	94	default:dirt	0
84	28	94	default:dirt	0
85	28	94	default:dirt	0
86	28	94	default:dirt	0
87	28	94	default:dirt	0
88	28	94	default:dirt	0
89	28	94	default:dirt	0
90	28	94	default:dirt	0
91	28	94	default:dirt	0
92	28	94	default:dirt	0
93	28	94	default:dirt	0
94	28	94	default:dirt	0
95	28	94	default:dirt	0
96	28	94	default:dirt	0
97	28	94	default:dirt	0
98	28	94	default:dirt	0
99	28	94	default:dirt	0
100	28	94	grug_nodes:dirt_with_silver_litter	0
101	28	94	grug_nodes:dirt_with_silver_litter	0
102	28	94	grug_nodes:dirt_with_silver_litter	0
103	28	94	grug_nodes:dirt_with_silver_litter	0
104	28	94	grug_nodes:dirt_with_silver_litter	0
105	28	94	grug_nodes:dirt_with_silver_litter	0
106	28	94	grug_nodes:dirt_with_silver_litter	0
107	28	94	grug_nodes:dirt_with_silver_litter	0
108	28	94	grug_nodes:dirt_with_silver_litter	0
109	28	94	grug_nodes:dirt_with_silver_litter	0
110	28	94	grug_nodes:dirt_with_silver_litter	0
111	28	94	grug_nodes:dirt_with_silver_litter	0
112	28	94	grug_nodes:dirt_with_silver_litter	0
113	28	94	grug_nodes:dirt_with_silver_litter	0
114	28	94	grug_nodes:dirt_with_silver_litter	0
115	28	94	grug_nodes:dirt_with_silver_litter	0
116	28	94	grug_nodes:dirt_with_silver_litter	0
117	28	94	grug_nodes:dirt_with_silver_litter	0
118	28	94	grug_nodes:dirt_with_silver_litter	0
72	29	94	default:river_water_source	0
73	29	94	default:river_water_source	0
74	29	94	default:river_water_source	0
75	29	94	default:river_water_source	0
76	29	94	default:river_water_source	0
77	29	94	default:river_water_source	0
78	29	94	default:river_water_source	0
79	29	94	grug_nodes:dirt_with_silver_litter	0
80	29	94	grug_nodes:dirt_with_silver_litter	0
81	29	94	grug_nodes:dirt_with_silver_litter	0
82	29	94	grug_nodes:dirt_with_silver_litter	0
83	29	94	grug_nodes:dirt_with_silver_litter	0
84	29	94	grug_nodes:dirt_with_silver_litter	0
85	29	94	grug_nodes:dirt_with_silver_litter	0
86	29	94	grug_nodes:dirt_with_silver_litter	0
87	29	94	grug_nodes:dirt_with_silver_litter	0
88	29	94	grug_nodes:dirt_with_silver_litter	0
89	29	94	grug_nodes:dirt_with_silver_litter	0
90	29	94	grug_nodes:dirt_with_silver_litter	0
91	29	94	grug_nodes:dirt_with_silver_litter	0
92	29	94	grug_nodes:dirt_with_silver_litter	0
93	29	94	grug_nodes:dirt_with_silver_litter	0
94	29	94	grug_nodes:dirt_with_silver_litter	0
95	29	94	grug_nodes:dirt_with_silver_litter	0
96	29	94	grug_nodes:dirt_with_silver_litter	0
97	29	94	grug_nodes:dirt_with_silver_litter	0
98	29	94	grug_nodes:dirt_with_silver_litter	0
99	29	94	grug_nodes:dirt_with_silver_litter	0
100	29	94	default:river_water_source	0
101	29	94	default:river_water_source	0
102	29	94	default:river_water_source	0
103	29	94	default:river_water_source	0
104	29	94	default:river_water_source	0
105	29	94	default:river_water_source	0
106	29	94	default:river_water_source	0
107	29	94	default:river_water_source	0
108	29	94	default:river_water_source	0
109	29	94	default:river_water_source	0
110	29	94	default:river_water_source	0
111	29	94	default:river_water_source	0
112	29	94	default:river_water_source	0
113	29	94	default:river_water_source	0
114	29	94	default:river_water_source	0
115	29	94	default:river_water_source	0
116	29	94	default:river_water_source	0
117	29	94	default:river_water_source	0
118	29	94	default:river_water_source	0
72	30	94	default:river_water_source	0
73	30	94	default:river_water_source	0
74	30	94	default:river_water_source	0
75	30	94	default:river_water_source	0
76	30	94	default:river_water_source	0
77	30	94	default:river_water_source	0
78	30	94	default:river_water_source	0
79	30	94	default:river_water_source	0
80	30	94	default:river_water_source	0
81	30	94	default:river_water_source	0
82	30	94	default:river_water_source	0
83	30	94	default:river_water_source	0
84	30	94	default:river_water_source	0
85	30	94	default:river_water_source	0
86	30	94	default:river_water_source	0
87	30	94	default:river_water_source	0
88	30	94	default:river_water_source	0
89	30	94	default:river_water_source	0
90	30	94	default:river_water_source	0
91	30	94	default:river_water_source	0
92	30	94	default:river_water_source	0
93	30	94	default:river_water_source	0
94	30	94	default:river_water_source	0
95	30	94	default:river_water_source	0
96	30	94	default:river_water_source	0
97	30	94	default:river_water_source	0
98	30	94	default:river_water_source	0
99	30	94	default:river_water_source	0
100	30	94	default:river_water_source	0
101	30	94	default:river_water_source	0
102	30	94	default:river_water_source	0
103	30	94	default:river_water_source	0
104	30	94	default:river_water_source	0
105	30	94	default:river_water_source	0
106	30	94	default:river_water_source	0
107	30	94	default:river_water_source	0
108	30	94	default:river_water_source	0
109	30	94	default:river_water_source	0
110	30	94	default:river_water_source	0
111	30	94	default:river_water_source	0
112	30	94	default:river_water_source	0
113	30	94	default:river_water_source	0
114	30	94	default:river_water_source	0
115	30	94	default:river_water_source	0
116	30	94	default:river_water_source	0
117	30	94	default:river_water_source	0
118	30	94	default:river_water_source	0
72	31	94	default:river_water_source	0
73	31	94	default:river_water_source	0
74	31	94	default:river_water_source	0
75	31	94	default:river_water_source	0
76	31	94	default:river_water_source	0
77	31	94	default:river_water_source	0
78	31	94	default:river_water_source	0
79	31	94	default:river_water_source	0
80	31	94	default:river_water_source	0
81	31	94	default:river_water_source	0
82	31	94	default:river_water_source	0
83	31	94	default:river_water_source	0
84	31	94	default:river_water_source	0
85	31	94	default:river_water_source	0
86	31	94	default:river_water_source	0
87	31	94	default:river_water_source	0
88	31	94	default:river_water_source	0
89	31	94	default:river_water_source	0
90	31	94	default:river_water_source	0
91	31	94	default:river_water_source	0
92	31	94	default:river_water_source	0
93	31	94	default:river_water_source	0
94	31	94	default:river_water_source	0
95	31	94	default:river_water_source	0
96	31	94	default:river_water_source	0
97	31	94	default:river_water_source	0
98	31	94	default:river_water_source	0
99	31	94	default:river_water_source	0
100	31	94	default:river_water_source	0
101	31	94	default:river_water_source	0
102	31	94	default:river_water_source	0
103	31	94	default:river_water_source	0
104	31	94	default:river_water_source	0
105	31	94	default:river_water_source	0
106	31	94	default:river_water_source	0
107	31	94	default:river_water_source	0
108	31	94	default:river_water_source	0
109	31	94	default:river_water_source	0
110	31	94	default:river_water_source	0
111	31	94	default:river_water_source	0
112	31	94	default:river_water_source	0
113	31	94	default:river_water_source	0
114	31	94	default:river_water_source	0
115	31	94	default:river_water_source	0
116	31	94	default:river_water_source	0
117	31	94	default:river_water_source	0
118	31	94	default:river_water_source	0
72	32	94	default:river_water_source	0
73	32	94	default:river_water_source	0
74	32	94	default:river_water_source	0
75	32	94	default:river_water_source	0
76	32	94	default:river_water_source	0
77	32	94	default:river_water_source	0
78	32	94	default:river_water_source	0
79	32	94	default:river_water_source	0
80	32	94	default:river_water_source	0
81	32	94	default:river_water_source	0
82	32	94	default:river_water_source	0
83	32	94	default:river_water_source	0
84	32	94	default:river_water_source	0
85	32	94	default:river_water_source	0
86	32	94	default:river_water_source	0
87	32	94	default:river_water_source	0
88	32	94	default:river_water_source	0
89	32	94	default:river_water_source	0
90	32	94	default:river_water_source	0
91	32	94	default:river_water_source	0
92	32	94	default:river_water_source	0
93	32	94	default:river_water_source	0
94	32	94	default:river_water_source	0
95	32	94	default:river_water_source	0
96	32	94	default:river_water_source	0
97	32	94	default:river_water_source	0
98	32	94	default:river_water_source	0
99	32	94	default:river_water_source	0
100	32	94	default:river_water_source	0
101	32	94	default:river_water_source	0
102	32	94	default:river_water_source	0
103	32	94	default:river_water_source	0
104	32	94	default:river_water_source	0
105	32	94	default:river_water_source	0
106	32	94	default:river_water_source	0
107	32	94	default:river_water_source	0
108	32	94	default:river_water_source	0
109	32	94	default:river_water_source	0
110	32	94	default:river_water_source	0
111	32	94	default:river_water_source	0
112	32	94	default:river_water_source	0
113	32	94	default:river_water_source	0
114	32	94	default:river_water_source	0
115	32	94	default:river_water_source	0
116	32	94	default:river_water_source	0
117	32	94	default:river_water_source	0
118	32	94	default:river_water_source	0
72	33	94	default:river_water_source	0
73	33	94	default:river_water_source	0
74	33	94	default:river_water_source	0
75	33	94	default:river_water_source	0
76	33	94	default:river_water_source	0
77	33	94	default:river_water_source	0
78	33	94	default:river_water_source	0
79	33	94	default:river_water_source	0
80	33	94	default:river_water_source	0
81	33	94	default:river_water_source	0
82	33	94	default:river_water_source	0
83	33	94	default:river_water_source	0
84	33	94	default:river_water_source	0
85	33	94	default:river_water_source	0
86	33	94	default:river_water_source	0
87	33	94	default:river_water_source	0
88	33	94	default:river_water_source	0
89	33	94	default:river_water_source	0
90	33	94	default:river_water_source	0
91	33	94	default:river_water_source	0
92	33	94	default:river_water_source	0
93	33	94	default:river_water_source	0
94	33	94	default:river_water_source	0
95	33	94	default:river_water_source	0
96	33	94	default:river_water_source	0
97	33	94	default:river_water_source	0
98	33	94	default:river_water_source	0
99	33	94	default:river_water_source	0
100	33	94	default:river_water_source	0
101	33	94	default:river_water_source	0
102	33	94	default:river_water_source	0
103	33	94	default:river_water_source	0
104	33	94	default:river_water_source	0
105	33	94	default:river_water_source	0
106	33	94	default:river_water_source	0
107	33	94	default:river_water_source	0
108	33	94	default:river_water_source	0
109	33	94	default:river_water_source	0
110	33	94	default:river_water_source	0
111	33	94	default:river_water_source	0
112	33	94	default:river_water_source	0
113	33	94	default:river_water_source	0
114	33	94	default:river_water_source	0
115	33	94	default:river_water_source	0
116	33	94	default:river_water_source	0
117	33	94	default:river_water_source	0
118	33	94	default:river_water_source	0
72	34	94	default:river_water_source	0
73	34	94	default:river_water_source	0
74	34	94	default:river_water_source	0
75	34	94	default:river_water_source	0
76	34	94	default:river_water_source	0
77	34	94	default:river_water_source	0
78	34	94	default:river_water_source	0
79	34	94	default:river_water_source	0
80	34	94	default:river_water_source	0
81	34	94	default:river_water_source	0
82	34	94	default:river_water_source	0
83	34	94	default:river_water_source	0
84	34	94	default:river_water_source	0
85	34	94	default:river_water_source	0
86	34	94	default:river_water_source	0
87	34	94	default:river_water_source	0
88	34	94	default:river_water_source	0
89	34	94	default:river_water_source	0
90	34	94	default:river_water_source	0
91	34	94	default:river_water_source	0
92	34	94	default:river_water_source	0
93	34	94	default:river_water_source	0
94	34	94	default:river_water_source	0
95	34	94	default:river_water_source	0
96	34	94	default:river_water_source	0
97	34	94	default:river_water_source	0
98	34	94	default:river_water_source	0
99	34	94	default:river_water_source	0
100	34	94	default:river_water_source	0
101	34	94	default:river_water_source	0
102	34	94	default:river_water_source	0
103	34	94	default:river_water_source	0
104	34	94	default:river_water_source	0
105	34	94	default:river_water_source	0
106	34	94	default:river_water_source	0
107	34	94	default:river_water_source	0
108	34	94	default:river_water_source	0
109	34	94	default:river_water_source	0
110	34	94	default:river_water_source	0
111	34	94	default:river_water_source	0
112	34	94	default:river_water_source	0
113	34	94	default:river_water_source	0
114	34	94	default:river_water_source	0
115	34	94	default:river_water_source	0
116	34	94	default:river_water_source	0
117	34	94	default:river_water_source	0
118	34	94	default:river_water_source	0
72	35	94	default:river_water_source	0
73	35	94	default:river_water_source	0
74	35	94	default:river_water_source	0
75	35	94	default:river_water_source	0
76	35	94	default:river_water_source	0
77	35	94	default:river_water_source	0
78	35	94	default:river_water_source	0
79	35	94	default:river_water_source	0
80	35	94	default:river_water_source	0
81	35	94	default:river_water_source	0
82	35	94	default:river_water_source	0
83	35	94	default:river_water_source	0
84	35	94	default:river_water_source	0
85	35	94	default:river_water_source	0
86	35	94	default:river_water_source	0
87	35	94	default:river_water_source	0
88	35	94	default:river_water_source	0
89	35	94	default:river_water_source	0
90	35	94	default:river_water_source	0
91	35	94	default:river_water_source	0
92	35	94	default:river_water_source	0
93	35	94	default:river_water_source	0
94	35	94	default:river_water_source	0
95	35	94	default:river_water_source	0
96	35	94	default:river_water_source	0
97	35	94	default:river_water_source	0
98	35	94	default:river_water_source	0
99	35	94	default:river_water_source	0
100	35	94	default:river_water_source	0
101	35	94	default:river_water_source	0
102	35	94	default:river_water_source	0
103	35	94	default:river_water_source	0
104	35	94	default:river_water_source	0
105	35	94	default:river_water_source	0
106	35	94	default:river_water_source	0
107	35	94	default:river_water_source	0
108	35	94	default:river_water_source	0
109	35	94	default:river_water_source	0
110	35	94	default:river_water_source	0
111	35	94	default:river_water_source	0
112	35	94	default:river_water_source	0
113	35	94	default:river_water_source	0
114	35	94	default:river_water_source	0
115	35	94	default:river_water_source	0
116	35	94	default:river_water_source	0
117	35	94	default:river_water_source	0
118	35	94	default:river_water_source	0
72	36	94	grug_decor:darkage_serpentine	0
73	36	94	grug_decor:darkage_serpentine	0
74	36	94	grug_decor:darkage_serpentine	0
75	36	94	grug_decor:darkage_serpentine	0
76	36	94	grug_decor:darkage_serpentine	0
77	36	94	grug_decor:darkage_serpentine	0
78	36	94	grug_decor:darkage_serpentine	0
79	36	94	grug_decor:darkage_serpentine	0
80	36	94	grug_decor:darkage_serpentine	0
81	36	94	grug_decor:darkage_serpentine	0
82	36	94	grug_decor:darkage_serpentine	0
83	36	94	grug_decor:darkage_serpentine	0
84	36	94	grug_decor:darkage_serpentine	0
85	36	94	grug_decor:darkage_serpentine	0
86	36	94	grug_decor:darkage_serpentine	0
87	36	94	grug_decor:darkage_serpentine	0
88	36	94	grug_decor:darkage_serpentine	0
89	36	94	grug_decor:darkage_serpentine	0
90	36	94	grug_decor:darkage_serpentine	0
91	36	94	grug_decor:darkage_serpentine	0
92	36	94	grug_decor:darkage_serpentine	0
93	36	94	grug_decor:darkage_serpentine	0
93	36	94	grug_trees:silverwood_wood	0
94	36	94	grug_decor:darkage_serpentine	0
94	36	94	grug_decor:darkage_serpentine	0
95	36	94	grug_decor:castle_pavement_brick	0
95	36	94	grug_decor:darkage_serpentine	0
96	36	94	grug_decor:castle_pavement_brick	0
96	36	94	grug_decor:darkage_serpentine	0
97	36	94	grug_decor:castle_pavement_brick	0
98	36	94	grug_decor:darkage_serpentine	0
99	36	94	grug_trees:silverwood_wood	0
93	37	94	default:fence_aspen_wood	0
99	37	94	default:fence_aspen_wood	0
72	25	95	default:dirt	0
73	25	95	default:dirt	0
74	25	95	default:dirt	0
75	25	95	default:dirt	0
76	25	95	default:dirt	0
77	25	95	default:dirt	0
78	25	95	default:dirt	0
100	25	95	default:dirt	0
101	25	95	default:dirt	0
102	25	95	default:dirt	0
103	25	95	default:dirt	0
104	25	95	default:dirt	0
105	25	95	default:dirt	0
106	25	95	default:dirt	0
107	25	95	default:dirt	0
108	25	95	default:dirt	0
109	25	95	default:dirt	0
110	25	95	default:dirt	0
111	25	95	default:dirt	0
112	25	95	default:dirt	0
113	25	95	default:dirt	0
114	25	95	default:dirt	0
115	25	95	default:dirt	0
116	25	95	default:dirt	0
117	25	95	default:dirt	0
118	25	95	default:dirt	0
72	26	95	default:dirt	0
73	26	95	default:dirt	0
74	26	95	default:dirt	0
75	26	95	default:dirt	0
76	26	95	default:dirt	0
77	26	95	default:dirt	0
78	26	95	default:dirt	0
79	26	95	default:dirt	0
80	26	95	default:dirt	0
81	26	95	default:dirt	0
82	26	95	default:dirt	0
83	26	95	default:dirt	0
84	26	95	default:dirt	0
85	26	95	default:dirt	0
86	26	95	default:dirt	0
87	26	95	default:dirt	0
88	26	95	default:dirt	0
89	26	95	default:dirt	0
90	26	95	default:dirt	0
91	26	95	default:dirt	0
92	26	95	default:dirt	0
93	26	95	default:dirt	0
94	26	95	default:dirt	0
95	26	95	default:dirt	0
96	26	95	default:dirt	0
97	26	95	default:dirt	0
98	26	95	default:dirt	0
99	26	95	default:dirt	0
100	26	95	default:dirt	0
101	26	95	default:dirt	0
102	26	95	default:dirt	0
103	26	95	default:dirt	0
104	26	95	default:dirt	0
105	26	95	default:dirt	0
106	26	95	default:dirt	0
107	26	95	default:dirt	0
108	26	95	default:dirt	0
109	26	95	default:dirt	0
110	26	95	default:dirt	0
111	26	95	default:dirt	0
112	26	95	default:dirt	0
113	26	95	default:dirt	0
114	26	95	default:dirt	0
115	26	95	default:dirt	0
116	26	95	default:dirt	0
117	26	95	default:dirt	0
118	26	95	default:dirt	0
72	27	95	default:dirt	0
73	27	95	default:dirt	0
74	27	95	default:dirt	0
75	27	95	default:dirt	0
76	27	95	default:dirt	0
77	27	95	default:dirt	0
78	27	95	default:dirt	0
79	27	95	default:dirt	0
80	27	95	default:dirt	0
81	27	95	default:dirt	0
82	27	95	default:dirt	0
83	27	95	default:dirt	0
84	27	95	default:dirt	0
85	27	95	default:dirt	0
86	27	95	default:dirt	0
87	27	95	default:dirt	0
88	27	95	default:dirt	0
89	27	95	default:dirt	0
90	27	95	default:dirt	0
91	27	95	default:dirt	0
92	27	95	default:dirt	0
93	27	95	default:dirt	0
94	27	95	default:dirt	0
95	27	95	default:dirt	0
96	27	95	default:dirt	0
97	27	95	default:dirt	0
98	27	95	default:dirt	0
99	27	95	default:dirt	0
100	27	95	default:dirt	0
101	27	95	default:dirt	0
102	27	95	default:dirt	0
103	27	95	default:dirt	0
104	27	95	default:dirt	0
105	27	95	default:dirt	0
106	27	95	default:dirt	0
107	27	95	default:dirt	0
108	27	95	default:dirt	0
109	27	95	default:dirt	0
110	27	95	default:dirt	0
111	27	95	default:dirt	0
112	27	95	default:dirt	0
113	27	95	default:dirt	0
114	27	95	default:dirt	0
115	27	95	default:dirt	0
116	27	95	default:dirt	0
117	27	95	default:dirt	0
118	27	95	default:dirt	0
72	28	95	grug_nodes:dirt_with_silver_litter	0
73	28	95	grug_nodes:dirt_with_silver_litter	0
74	28	95	grug_nodes:dirt_with_silver_litter	0
75	28	95	grug_nodes:dirt_with_silver_litter	0
76	28	95	grug_nodes:dirt_with_silver_litter	0
77	28	95	grug_nodes:dirt_with_silver_litter	0
78	28	95	grug_nodes:dirt_with_silver_litter	0
79	28	95	default:dirt	0
80	28	95	default:dirt	0
81	28	95	default:dirt	0
82	28	95	default:dirt	0
83	28	95	default:dirt	0
84	28	95	default:dirt	0
85	28	95	default:dirt	0
86	28	95	default:dirt	0
87	28	95	default:dirt	0
88	28	95	default:dirt	0
89	28	95	default:dirt	0
90	28	95	default:dirt	0
91	28	95	default:dirt	0
92	28	95	default:dirt	0
93	28	95	default:dirt	0
94	28	95	default:dirt	0
95	28	95	default:dirt	0
96	28	95	default:dirt	0
97	28	95	default:dirt	0
98	28	95	default:dirt	0
99	28	95	default:dirt	0
100	28	95	grug_nodes:dirt_with_silver_litter	0
101	28	95	grug_nodes:dirt_with_silver_litter	0
102	28	95	grug_nodes:dirt_with_silver_litter	0
103	28	95	grug_nodes:dirt_with_silver_litter	0
104	28	95	grug_nodes:dirt_with_silver_litter	0
105	28	95	grug_nodes:dirt_with_silver_litter	0
106	28	95	grug_nodes:dirt_with_silver_litter	0
107	28	95	grug_nodes:dirt_with_silver_litter	0
108	28	95	grug_nodes:dirt_with_silver_litter	0
109	28	95	grug_nodes:dirt_with_silver_litter	0
110	28	95	grug_nodes:dirt_with_silver_litter	0
111	28	95	grug_nodes:dirt_with_silver_litter	0
112	28	95	grug_nodes:dirt_with_silver_litter	0
113	28	95	grug_nodes:dirt_with_silver_litter	0
114	28	95	grug_nodes:dirt_with_silver_litter	0
115	28	95	grug_nodes:dirt_with_silver_litter	0
116	28	95	grug_nodes:dirt_with_silver_litter	0
117	28	95	grug_nodes:dirt_with_silver_litter	0
118	28	95	grug_nodes:dirt_with_silver_litter	0
72	29	95	default:river_water_source	0
73	29	95	default:river_water_source	0
74	29	95	default:river_water_source	0
75	29	95	default:river_water_source	0
76	29	95	default:river_water_source	0
77	29	95	default:river_water_source	0
78	29	95	default:river_water_source	0
79	29	95	grug_nodes:dirt_with_silver_litter	0
80	29	95	grug_nodes:dirt_with_silver_litter	0
81	29	95	grug_nodes:dirt_with_silver_litter	0
82	29	95	grug_nodes:dirt_with_silver_litter	0
83	29	95	grug_nodes:dirt_with_silver_litter	0
84	29	95	grug_nodes:dirt_with_silver_litter	0
85	29	95	grug_nodes:dirt_with_silver_litter	0
86	29	95	grug_nodes:dirt_with_silver_litter	0
87	29	95	grug_nodes:dirt_with_silver_litter	0
88	29	95	grug_nodes:dirt_with_silver_litter	0
89	29	95	grug_nodes:dirt_with_silver_litter	0
90	29	95	grug_nodes:dirt_with_silver_litter	0
91	29	95	grug_nodes:dirt_with_silver_litter	0
92	29	95	grug_nodes:dirt_with_silver_litter	0
93	29	95	grug_nodes:dirt_with_silver_litter	0
94	29	95	grug_nodes:dirt_with_silver_litter	0
95	29	95	grug_nodes:dirt_with_silver_litter	0
96	29	95	grug_nodes:dirt_with_silver_litter	0
97	29	95	grug_nodes:dirt_with_silver_litter	0
98	29	95	grug_nodes:dirt_with_silver_litter	0
99	29	95	grug_nodes:dirt_with_silver_litter	0
100	29	95	default:river_water_source	0
101	29	95	default:river_water_source	0
102	29	95	default:river_water_source	0
103	29	95	default:river_water_source	0
104	29	95	default:river_water_source	0
105	29	95	default:river_water_source	0
106	29	95	default:river_water_source	0
107	29	95	default:river_water_source	0
108	29	95	default:river_water_source	0
109	29	95	default:river_water_source	0
110	29	95	default:river_water_source	0
111	29	95	default:river_water_source	0
112	29	95	default:river_water_source	0
113	29	95	default:river_water_source	0
114	29	95	default:river_water_source	0
115	29	95	default:river_water_source	0
116	29	95	default:river_water_source	0
117	29	95	default:river_water_source	0
118	29	95	default:river_water_source	0
72	30	95	default:river_water_source	0
73	30	95	default:river_water_source	0
74	30	95	default:river_water_source	0
75	30	95	default:river_water_source	0
76	30	95	default:river_water_source	0
77	30	95	default:river_water_source	0
78	30	95	default:river_water_source	0
79	30	95	default:river_water_source	0
80	30	95	default:river_water_source	0
81	30	95	default:river_water_source	0
82	30	95	default:river_water_source	0
83	30	95	default:river_water_source	0
84	30	95	default:river_water_source	0
85	30	95	default:river_water_source	0
86	30	95	default:river_water_source	0
87	30	95	default:river_water_source	0
88	30	95	default:river_water_source	0
89	30	95	default:river_water_source	0
90	30	95	default:river_water_source	0
91	30	95	default:river_water_source	0
92	30	95	default:river_water_source	0
93	30	95	default:river_water_source	0
94	30	95	default:river_water_source	0
95	30	95	default:river_water_source	0
96	30	95	default:river_water_source	0
97	30	95	default:river_water_source	0
98	30	95	default:river_water_source	0
99	30	95	default:river_water_source	0
100	30	95	default:river_water_source	0
101	30	95	default:river_water_source	0
102	30	95	default:river_water_source	0
103	30	95	default:river_water_source	0
104	30	95	default:river_water_source	0
105	30	95	default:river_water_source	0
106	30	95	default:river_water_source	0
107	30	95	default:river_water_source	0
108	30	95	default:river_water_source	0
109	30	95	default:river_water_source	0
110	30	95	default:river_water_source	0
111	30	95	default:river_water_source	0
112	30	95	default:river_water_source	0
113	30	95	default:river_water_source	0
114	30	95	default:river_water_source	0
115	30	95	default:river_water_source	0
116	30	95	default:river_water_source	0
117	30	95	default:river_water_source	0
118	30	95	default:river_water_source	0
72	31	95	default:river_water_source	0
73	31	95	default:river_water_source	0
74	31	95	default:river_water_source	0
75	31	95	default:river_water_source	0
76	31	95	default:river_water_source	0
77	31	95	default:river_water_source	0
78	31	95	default:river_water_source	0
79	31	95	default:river_water_source	0
80	31	95	default:river_water_source	0
81	31	95	default:river_water_source	0
82	31	95	default:river_water_source	0
83	31	95	default:river_water_source	0
84	31	95	default:river_water_source	0
85	31	95	default:river_water_source	0
86	31	95	default:river_water_source	0
87	31	95	default:river_water_source	0
88	31	95	default:river_water_source	0
89	31	95	default:river_water_source	0
90	31	95	default:river_water_source	0
91	31	95	default:river_water_source	0
92	31	95	default:river_water_source	0
93	31	95	default:river_water_source	0
94	31	95	default:river_water_source	0
95	31	95	default:river_water_source	0
96	31	95	default:river_water_source	0
97	31	95	default:river_water_source	0
98	31	95	default:river_water_source	0
99	31	95	default:river_water_source	0
100	31	95	default:river_water_source	0
101	31	95	default:river_water_source	0
102	31	95	default:river_water_source	0
103	31	95	default:river_water_source	0
104	31	95	default:river_water_source	0
105	31	95	default:river_water_source	0
106	31	95	default:river_water_source	0
107	31	95	default:river_water_source	0
108	31	95	default:river_water_source	0
109	31	95	default:river_water_source	0
110	31	95	default:river_water_source	0
111	31	95	default:river_water_source	0
112	31	95	default:river_water_source	0
113	31	95	default:river_water_source	0
114	31	95	default:river_water_source	0
115	31	95	default:river_water_source	0
116	31	95	default:river_water_source	0
117	31	95	default:river_water_source	0
118	31	95	default:river_water_source	0
72	32	95	default:river_water_source	0
73	32	95	default:river_water_source	0
74	32	95	default:river_water_source	0
75	32	95	default:river_water_source	0
76	32	95	default:river_water_source	0
77	32	95	default:river_water_source	0
78	32	95	default:river_water_source	0
79	32	95	default:river_water_source	0
80	32	95	default:river_water_source	0
81	32	95	default:river_water_source	0
82	32	95	default:river_water_source	0
83	32	95	default:river_water_source	0
84	32	95	default:river_water_source	0
85	32	95	default:river_water_source	0
86	32	95	default:river_water_source	0
87	32	95	default:river_water_source	0
88	32	95	default:river_water_source	0
89	32	95	default:river_water_source	0
90	32	95	default:river_water_source	0
91	32	95	default:river_water_source	0
92	32	95	default:river_water_source	0
93	32	95	default:river_water_source	0
94	32	95	default:river_water_source	0
95	32	95	default:river_water_source	0
96	32	95	default:river_water_source	0
97	32	95	default:river_water_source	0
98	32	95	default:river_water_source	0
99	32	95	default:river_water_source	0
100	32	95	default:river_water_source	0
101	32	95	default:river_water_source	0
102	32	95	default:river_water_source	0
103	32	95	default:river_water_source	0
104	32	95	default:river_water_source	0
105	32	95	default:river_water_source	0
106	32	95	default:river_water_source	0
107	32	95	default:river_water_source	0
108	32	95	default:river_water_source	0
109	32	95	default:river_water_source	0
110	32	95	default:river_water_source	0
111	32	95	default:river_water_source	0
112	32	95	default:river_water_source	0
113	32	95	default:river_water_source	0
114	32	95	default:river_water_source	0
115	32	95	default:river_water_source	0
116	32	95	default:river_water_source	0
117	32	95	default:river_water_source	0
118	32	95	default:river_water_source	0
72	33	95	default:river_water_source	0
73	33	95	default:river_water_source	0
74	33	95	default:river_water_source	0
75	33	95	default:river_water_source	0
76	33	95	default:river_water_source	0
77	33	95	default:river_water_source	0
78	33	95	default:river_water_source	0
79	33	95	default:river_water_source	0
80	33	95	default:river_water_source	0
81	33	95	default:river_water_source	0
82	33	95	default:river_water_source	0
83	33	95	default:river_water_source	0
84	33	95	default:river_water_source	0
85	33	95	default:river_water_source	0
86	33	95	default:river_water_source	0
87	33	95	default:river_water_source	0
88	33	95	default:river_water_source	0
89	33	95	default:river_water_source	0
90	33	95	default:river_water_source	0
91	33	95	default:river_water_source	0
92	33	95	default:river_water_source	0
93	33	95	default:river_water_source	0
94	33	95	default:river_water_source	0
95	33	95	default:river_water_source	0
96	33	95	default:river_water_source	0
97	33	95	default:river_water_source	0
98	33	95	default:river_water_source	0
99	33	95	default:river_water_source	0
100	33	95	default:river_water_source	0
101	33	95	default:river_water_source	0
102	33	95	default:river_water_source	0
103	33	95	default:river_water_source	0
104	33	95	default:river_water_source	0
105	33	95	default:river_water_source	0
106	33	95	default:river_water_source	0
107	33	95	default:river_water_source	0
108	33	95	default:river_water_source	0
109	33	95	default:river_water_source	0
110	33	95	default:river_water_source	0
111	33	95	default:river_water_source	0
112	33	95	default:river_water_source	0
113	33	95	default:river_water_source	0
114	33	95	default:river_water_source	0
115	33	95	default:river_water_source	0
116	33	95	default:river_water_source	0
117	33	95	default:river_water_source	0
118	33	95	default:river_water_source	0
72	34	95	default:river_water_source	0
73	34	95	default:river_water_source	0
74	34	95	default:river_water_source	0
75	34	95	default:river_water_source	0
76	34	95	default:river_water_source	0
77	34	95	default:river_water_source	0
78	34	95	default:river_water_source	0
79	34	95	default:river_water_source	0
80	34	95	default:river_water_source	0
81	34	95	default:river_water_source	0
82	34	95	default:river_water_source	0
83	34	95	default:river_water_source	0
84	34	95	default:river_water_source	0
85	34	95	default:river_water_source	0
86	34	95	default:river_water_source	0
87	34	95	default:river_water_source	0
88	34	95	default:river_water_source	0
89	34	95	default:river_water_source	0
90	34	95	default:river_water_source	0
91	34	95	default:river_water_source	0
92	34	95	default:river_water_source	0
93	34	95	default:river_water_source	0
94	34	95	default:river_water_source	0
95	34	95	default:river_water_source	0
96	34	95	default:river_water_source	0
97	34	95	default:river_water_source	0
98	34	95	default:river_water_source	0
99	34	95	default:river_water_source	0
100	34	95	default:river_water_source	0
101	34	95	default:river_water_source	0
102	34	95	default:river_water_source	0
103	34	95	default:river_water_source	0
104	34	95	default:river_water_source	0
105	34	95	default:river_water_source	0
106	34	95	default:river_water_source	0
107	34	95	default:river_water_source	0
108	34	95	default:river_water_source	0
109	34	95	default:river_water_source	0
110	34	95	default:river_water_source	0
111	34	95	default:river_water_source	0
112	34	95	default:river_water_source	0
113	34	95	default:river_water_source	0
114	34	95	default:river_water_source	0
115	34	95	default:river_water_source	0
116	34	95	default:river_water_source	0
117	34	95	default:river_water_source	0
118	34	95	default:river_water_source	0
72	35	95	default:river_water_source	0
73	35	95	default:river_water_source	0
74	35	95	default:river_water_source	0
75	35	95	default:river_water_source	0
76	35	95	default:river_water_source	0
77	35	95	default:river_water_source	0
78	35	95	default:river_water_source	0
79	35	95	default:river_water_source	0
80	35	95	default:river_water_source	0
81	35	95	default:river_water_source	0
82	35	95	default:river_water_source	0
83	35	95	default:river_water_source	0
84	35	95	default:river_water_source	0
85	35	95	default:river_water_source	0
86	35	95	default:river_water_source	0
87	35	95	default:river_water_source	0
88	35	95	default:river_water_source	0
89	35	95	default:river_water_source	0
90	35	95	default:river_water_source	0
91	35	95	default:river_water_source	0
92	35	95	default:river_water_source	0
93	35	95	default:river_water_source	0
94	35	95	default:river_water_source	0
95	35	95	default:river_water_source	0
96	35	95	default:river_water_source	0
97	35	95	default:river_water_source	0
98	35	95	default:river_water_source	0
99	35	95	default:river_water_source	0
100	35	95	default:river_water_source	0
101	35	95	default:river_water_source	0
102	35	95	default:river_water_source	0
103	35	95	default:river_water_source	0
104	35	95	default:river_water_source	0
105	35	95	default:river_water_source	0
106	35	95	default:river_water_source	0
107	35	95	default:river_water_source	0
108	35	95	default:river_water_source	0
109	35	95	default:river_water_source	0
110	35	95	default:river_water_source	0
111	35	95	default:river_water_source	0
112	35	95	default:river_water_source	0
113	35	95	default:river_water_source	0
114	35	95	default:river_water_source	0
115	35	95	default:river_water_source	0
116	35	95	default:river_water_source	0
117	35	95	default:river_water_source	0
118	35	95	default:river_water_source	0
72	36	95	grug_decor:castle_pavement_brick	0
73	36	95	grug_decor:castle_pavement_brick	0
74	36	95	grug_decor:castle_pavement_brick	0
75	36	95	grug_decor:castle_pavement_brick	0
76	36	95	grug_decor:castle_pavement_brick	0
77	36	95	grug_decor:castle_pavement_brick	0
78	36	95	grug_decor:castle_pavement_brick	0
79	36	95	grug_decor:castle_pavement_brick	0
80	36	95	grug_decor:castle_pavement_brick	0
81	36	95	grug_decor:castle_pavement_brick	0
82	36	95	grug_decor:castle_pavement_brick	0
83	36	95	grug_decor:castle_pavement_brick	0
84	36	95	grug_decor:castle_pavement_brick	0
85	36	95	grug_decor:castle_pavement_brick	0
86	36	95	grug_decor:castle_pavement_brick	0
87	36	95	grug_decor:castle_pavement_brick	0
88	36	95	grug_decor:castle_pavement_brick	0
89	36	95	grug_decor:castle_pavement_brick	0
90	36	95	grug_decor:castle_pavement_brick	0
91	36	95	grug_decor:castle_pavement_brick	0
92	36	95	grug_decor:castle_pavement_brick	0
93	36	95	grug_decor:castle_pavement_brick	0
93	36	95	grug_trees:silverwood_wood	0
94	36	95	grug_decor:castle_pavement_brick	0
94	36	95	grug_decor:darkage_serpentine	0
95	36	95	grug_decor:castle_pavement_brick	0
95	36	95	grug_decor:castle_pavement_brick	0
96	36	95	grug_decor:castle_pavement_brick	0
96	36	95	grug_decor:castle_pavement_brick	0
97	36	95	grug_decor:castle_pavement_brick	0
98	36	95	grug_decor:darkage_serpentine	0
99	36	95	grug_trees:silverwood_wood	0
93	37	95	default:fence_aspen_wood	0
99	37	95	default:fence_aspen_wood	0
72	25	96	default:dirt	0
73	25	96	default:dirt	0
74	25	96	default:dirt	0
75	25	96	default:dirt	0
76	25	96	default:dirt	0
77	25	96	default:dirt	0
78	25	96	default:dirt	0
100	25	96	default:dirt	0
101	25	96	default:dirt	0
102	25	96	default:dirt	0
103	25	96	default:dirt	0
104	25	96	default:dirt	0
105	25	96	default:dirt	0
106	25	96	default:dirt	0
107	25	96	default:dirt	0
108	25	96	default:dirt	0
109	25	96	default:dirt	0
110	25	96	default:dirt	0
111	25	96	default:dirt	0
112	25	96	default:dirt	0
113	25	96	default:dirt	0
114	25	96	default:dirt	0
115	25	96	default:dirt	0
116	25	96	default:dirt	0
117	25	96	default:dirt	0
118	25	96	default:dirt	0
72	26	96	default:dirt	0
73	26	96	default:dirt	0
74	26	96	default:dirt	0
75	26	96	default:dirt	0
76	26	96	default:dirt	0
77	26	96	default:dirt	0
78	26	96	default:dirt	0
79	26	96	default:dirt	0
80	26	96	default:dirt	0
81	26	96	default:dirt	0
82	26	96	default:dirt	0
83	26	96	default:dirt	0
84	26	96	default:dirt	0
85	26	96	default:dirt	0
86	26	96	default:dirt	0
87	26	96	default:dirt	0
88	26	96	default:dirt	0
89	26	96	default:dirt	0
90	26	96	default:dirt	0
91	26	96	default:dirt	0
92	26	96	default:dirt	0
93	26	96	default:dirt	0
94	26	96	default:dirt	0
95	26	96	default:dirt	0
96	26	96	default:dirt	0
97	26	96	default:dirt	0
98	26	96	default:dirt	0
99	26	96	default:dirt	0
100	26	96	default:dirt	0
101	26	96	default:dirt	0
102	26	96	default:dirt	0
103	26	96	default:dirt	0
104	26	96	default:dirt	0
105	26	96	default:dirt	0
106	26	96	default:dirt	0
107	26	96	default:dirt	0
108	26	96	default:dirt	0
109	26	96	default:dirt	0
110	26	96	default:dirt	0
111	26	96	default:dirt	0
112	26	96	default:dirt	0
113	26	96	default:dirt	0
114	26	96	default:dirt	0
115	26	96	default:dirt	0
116	26	96	default:dirt	0
117	26	96	default:dirt	0
118	26	96	default:dirt	0
72	27	96	default:dirt	0
73	27	96	default:dirt	0
74	27	96	default:dirt	0
75	27	96	default:dirt	0
76	27	96	default:dirt	0
77	27	96	default:dirt	0
78	27	96	default:dirt	0
79	27	96	default:dirt	0
80	27	96	default:dirt	0
81	27	96	default:dirt	0
82	27	96	default:dirt	0
83	27	96	default:dirt	0
84	27	96	default:dirt	0
85	27	96	default:dirt	0
86	27	96	default:dirt	0
87	27	96	default:dirt	0
88	27	96	default:dirt	0
89	27	96	default:dirt	0
90	27	96	default:dirt	0
91	27	96	default:dirt	0
92	27	96	default:dirt	0
93	27	96	default:dirt	0
94	27	96	default:dirt	0
95	27	96	default:dirt	0
96	27	96	default:dirt	0
97	27	96	default:dirt	0
98	27	96	default:dirt	0
99	27	96	default:dirt	0
100	27	96	default:dirt	0
101	27	96	default:dirt	0
102	27	96	default:dirt	0
103	27	96	default:dirt	0
104	27	96	default:dirt	0
105	27	96	default:dirt	0
106	27	96	default:dirt	0
107	27	96	default:dirt	0
108	27	96	default:dirt	0
109	27	96	default:dirt	0
110	27	96	default:dirt	0
111	27	96	default:dirt	0
112	27	96	default:dirt	0
113	27	96	default:dirt	0
114	27	96	default:dirt	0
115	27	96	default:dirt	0
116	27	96	default:dirt	0
117	27	96	default:dirt	0
118	27	96	default:dirt	0
72	28	96	grug_nodes:dirt_with_silver_litter	0
73	28	96	grug_nodes:dirt_with_silver_litter	0
74	28	96	grug_nodes:dirt_with_silver_litter	0
75	28	96	grug_nodes:dirt_with_silver_litter	0
76	28	96	grug_nodes:dirt_with_silver_litter	0
77	28	96	grug_nodes:dirt_with_silver_litter	0
78	28	96	grug_nodes:dirt_with_silver_litter	0
79	28	96	default:dirt	0
80	28	96	default:dirt	0
81	28	96	default:dirt	0
82	28	96	default:dirt	0
83	28	96	default:dirt	0
84	28	96	default:dirt	0
85	28	96	default:dirt	0
86	28	96	default:dirt	0
87	28	96	default:dirt	0
88	28	96	default:dirt	0
89	28	96	default:dirt	0
90	28	96	default:dirt	0
91	28	96	default:dirt	0
92	28	96	default:dirt	0
93	28	96	default:dirt	0
94	28	96	default:dirt	0
95	28	96	default:dirt	0
96	28	96	default:dirt	0
97	28	96	default:dirt	0
98	28	96	default:dirt	0
99	28	96	default:dirt	0
100	28	96	grug_nodes:dirt_with_silver_litter	0
101	28	96	grug_nodes:dirt_with_silver_litter	0
102	28	96	grug_nodes:dirt_with_silver_litter	0
103	28	96	grug_nodes:dirt_with_silver_litter	0
104	28	96	grug_nodes:dirt_with_silver_litter	0
105	28	96	grug_nodes:dirt_with_silver_litter	0
106	28	96	grug_nodes:dirt_with_silver_litter	0
107	28	96	grug_nodes:dirt_with_silver_litter	0
108	28	96	grug_nodes:dirt_with_silver_litter	0
109	28	96	grug_nodes:dirt_with_silver_litter	0
110	28	96	grug_nodes:dirt_with_silver_litter	0
111	28	96	grug_nodes:dirt_with_silver_litter	0
112	28	96	grug_nodes:dirt_with_silver_litter	0
113	28	96	grug_nodes:dirt_with_silver_litter	0
114	28	96	grug_nodes:dirt_with_silver_litter	0
115	28	96	grug_nodes:dirt_with_silver_litter	0
116	28	96	grug_nodes:dirt_with_silver_litter	0
117	28	96	grug_nodes:dirt_with_silver_litter	0
118	28	96	grug_nodes:dirt_with_silver_litter	0
72	29	96	default:river_water_source	0
73	29	96	default:river_water_source	0
74	29	96	default:river_water_source	0
75	29	96	default:river_water_source	0
76	29	96	default:river_water_source	0
77	29	96	default:river_water_source	0
78	29	96	default:river_water_source	0
79	29	96	grug_nodes:dirt_with_silver_litter	0
80	29	96	grug_nodes:dirt_with_silver_litter	0
81	29	96	grug_nodes:dirt_with_silver_litter	0
82	29	96	grug_nodes:dirt_with_silver_litter	0
83	29	96	grug_nodes:dirt_with_silver_litter	0
84	29	96	grug_nodes:dirt_with_silver_litter	0
85	29	96	grug_nodes:dirt_with_silver_litter	0
86	29	96	grug_nodes:dirt_with_silver_litter	0
87	29	96	grug_nodes:dirt_with_silver_litter	0
88	29	96	grug_nodes:dirt_with_silver_litter	0
89	29	96	grug_nodes:dirt_with_silver_litter	0
90	29	96	grug_nodes:dirt_with_silver_litter	0
91	29	96	grug_nodes:dirt_with_silver_litter	0
92	29	96	grug_nodes:dirt_with_silver_litter	0
93	29	96	grug_nodes:dirt_with_silver_litter	0
94	29	96	grug_nodes:dirt_with_silver_litter	0
95	29	96	grug_nodes:dirt_with_silver_litter	0
96	29	96	grug_nodes:dirt_with_silver_litter	0
97	29	96	grug_nodes:dirt_with_silver_litter	0
98	29	96	grug_nodes:dirt_with_silver_litter	0
99	29	96	grug_nodes:dirt_with_silver_litter	0
100	29	96	default:river_water_source	0
101	29	96	default:river_water_source	0
102	29	96	default:river_water_source	0
103	29	96	default:river_water_source	0
104	29	96	default:river_water_source	0
105	29	96	default:river_water_source	0
106	29	96	default:river_water_source	0
107	29	96	default:river_water_source	0
108	29	96	default:river_water_source	0
109	29	96	default:river_water_source	0
110	29	96	default:river_water_source	0
111	29	96	default:river_water_source	0
112	29	96	default:river_water_source	0
113	29	96	default:river_water_source	0
114	29	96	default:river_water_source	0
115	29	96	default:river_water_source	0
116	29	96	default:river_water_source	0
117	29	96	default:river_water_source	0
118	29	96	default:river_water_source	0
72	30	96	default:river_water_source	0
73	30	96	default:river_water_source	0
74	30	96	default:river_water_source	0
75	30	96	default:river_water_source	0
76	30	96	default:river_water_source	0
77	30	96	default:river_water_source	0
78	30	96	default:river_water_source	0
79	30	96	default:river_water_source	0
80	30	96	default:river_water_source	0
81	30	96	default:river_water_source	0
82	30	96	default:river_water_source	0
83	30	96	default:river_water_source	0
84	30	96	default:river_water_source	0
85	30	96	default:river_water_source	0
86	30	96	default:river_water_source	0
87	30	96	default:river_water_source	0
88	30	96	default:river_water_source	0
89	30	96	default:river_water_source	0
90	30	96	default:river_water_source	0
91	30	96	default:river_water_source	0
92	30	96	default:river_water_source	0
93	30	96	default:river_water_source	0
94	30	96	default:river_water_source	0
95	30	96	default:river_water_source	0
96	30	96	default:river_water_source	0
97	30	96	default:river_water_source	0
98	30	96	default:river_water_source	0
99	30	96	default:river_water_source	0
100	30	96	default:river_water_source	0
101	30	96	default:river_water_source	0
102	30	96	default:river_water_source	0
103	30	96	default:river_water_source	0
104	30	96	default:river_water_source	0
105	30	96	default:river_water_source	0
106	30	96	default:river_water_source	0
107	30	96	default:river_water_source	0
108	30	96	default:river_water_source	0
109	30	96	default:river_water_source	0
110	30	96	default:river_water_source	0
111	30	96	default:river_water_source	0
112	30	96	default:river_water_source	0
113	30	96	default:river_water_source	0
114	30	96	default:river_water_source	0
115	30	96	default:river_water_source	0
116	30	96	default:river_water_source	0
117	30	96	default:river_water_source	0
118	30	96	default:river_water_source	0
72	31	96	default:river_water_source	0
73	31	96	default:river_water_source	0
74	31	96	default:river_water_source	0
75	31	96	default:river_water_source	0
76	31	96	default:river_water_source	0
77	31	96	default:river_water_source	0
78	31	96	default:river_water_source	0
79	31	96	default:river_water_source	0
80	31	96	default:river_water_source	0
81	31	96	default:river_water_source	0
82	31	96	default:river_water_source	0
83	31	96	default:river_water_source	0
84	31	96	default:river_water_source	0
85	31	96	default:river_water_source	0
86	31	96	default:river_water_source	0
87	31	96	default:river_water_source	0
88	31	96	default:river_water_source	0
89	31	96	default:river_water_source	0
90	31	96	default:river_water_source	0
91	31	96	default:river_water_source	0
92	31	96	default:river_water_source	0
93	31	96	default:river_water_source	0
93	31	96	grug_decor:darkage_marble	0
94	31	96	default:river_water_source	0
95	31	96	default:river_water_source	0
96	31	96	default:river_water_source	0
97	31	96	default:river_water_source	0
98	31	96	default:river_water_source	0
99	31	96	default:river_water_source	0
99	31	96	grug_decor:darkage_marble	0
100	31	96	default:river_water_source	0
101	31	96	default:river_water_source	0
102	31	96	default:river_water_source	0
103	31	96	default:river_water_source	0
104	31	96	default:river_water_source	0
105	31	96	default:river_water_source	0
106	31	96	default:river_water_source	0
107	31	96	default:river_water_source	0
108	31	96	default:river_water_source	0
109	31	96	default:river_water_source	0
110	31	96	default:river_water_source	0
111	31	96	default:river_water_source	0
112	31	96	default:river_water_source	0
113	31	96	default:river_water_source	0
114	31	96	default:river_water_source	0
115	31	96	default:river_water_source	0
116	31	96	default:river_water_source	0
117	31	96	default:river_water_source	0
118	31	96	default:river_water_source	0
72	32	96	default:river_water_source	0
73	32	96	default:river_water_source	0
74	32	96	default:river_water_source	0
75	32	96	default:river_water_source	0
76	32	96	default:river_water_source	0
77	32	96	default:river_water_source	0
78	32	96	default:river_water_source	0
79	32	96	default:river_water_source	0
80	32	96	default:river_water_source	0
81	32	96	default:river_water_source	0
82	32	96	default:river_water_source	0
83	32	96	default:river_water_source	0
84	32	96	default:river_water_source	0
85	32	96	default:river_water_source	0
86	32	96	default:river_water_source	0
87	32	96	default:river_water_source	0
88	32	96	default:river_water_source	0
89	32	96	default:river_water_source	0
90	32	96	default:river_water_source	0
91	32	96	default:river_water_source	0
92	32	96	default:river_water_source	0
93	32	96	default:river_water_source	0
93	32	96	grug_decor:darkage_marble	0
94	32	96	default:river_water_source	0
95	32	96	default:river_water_source	0
96	32	96	default:river_water_source	0
97	32	96	default:river_water_source	0
98	32	96	default:river_water_source	0
99	32	96	default:river_water_source	0
99	32	96	grug_decor:darkage_marble	0
100	32	96	default:river_water_source	0
101	32	96	default:river_water_source	0
102	32	96	default:river_water_source	0
103	32	96	default:river_water_source	0
104	32	96	default:river_water_source	0
105	32	96	default:river_water_source	0
106	32	96	default:river_water_source	0
107	32	96	default:river_water_source	0
108	32	96	default:river_water_source	0
109	32	96	default:river_water_source	0
110	32	96	default:river_water_source	0
111	32	96	default:river_water_source	0
112	32	96	default:river_water_source	0
113	32	96	default:river_water_source	0
114	32	96	default:river_water_source	0
115	32	96	default:river_water_source	0
116	32	96	default:river_water_source	0
117	32	96	default:river_water_source	0
118	32	96	default:river_water_source	0
72	33	96	default:river_water_source	0
73	33	96	default:river_water_source	0
74	33	96	default:river_water_source	0
75	33	96	default:river_water_source	0
76	33	96	default:river_water_source	0
77	33	96	default:river_water_source	0
78	33	96	default:river_water_source	0
79	33	96	default:river_water_source	0
80	33	96	default:river_water_source	0
81	33	96	default:river_water_source	0
82	33	96	default:river_water_source	0
83	33	96	default:river_water_source	0
84	33	96	default:river_water_source	0
85	33	96	default:river_water_source	0
86	33	96	default:river_water_source	0
87	33	96	default:river_water_source	0
88	33	96	default:river_water_source	0
89	33	96	default:river_water_source	0
90	33	96	default:river_water_source	0
91	33	96	default:river_water_source	0
92	33	96	default:river_water_source	0
93	33	96	default:river_water_source	0
93	33	96	grug_decor:darkage_marble	0
94	33	96	default:river_water_source	0
95	33	96	default:river_water_source	0
96	33	96	default:river_water_source	0
97	33	96	default:river_water_source	0
98	33	96	default:river_water_source	0
99	33	96	default:river_water_source	0
99	33	96	grug_decor:darkage_marble	0
100	33	96	default:river_water_source	0
101	33	96	default:river_water_source	0
102	33	96	default:river_water_source	0
103	33	96	default:river_water_source	0
104	33	96	default:river_water_source	0
105	33	96	default:river_water_source	0
106	33	96	default:river_water_source	0
107	33	96	default:river_water_source	0
108	33	96	default:river_water_source	0
109	33	96	default:river_water_source	0
110	33	96	default:river_water_source	0
111	33	96	default:river_water_source	0
112	33	96	default:river_water_source	0
113	33	96	default:river_water_source	0
114	33	96	default:river_water_source	0
115	33	96	default:river_water_source	0
116	33	96	default:river_water_source	0
117	33	96	default:river_water_source	0
118	33	96	default:river_water_source	0
72	34	96	default:river_water_source	0
73	34	96	default:river_water_source	0
74	34	96	default:river_water_source	0
75	34	96	default:river_water_source	0
76	34	96	default:river_water_source	0
77	34	96	default:river_water_source	0
78	34	96	default:river_water_source	0
79	34	96	default:river_water_source	0
80	34	96	default:river_water_source	0
81	34	96	default:river_water_source	0
82	34	96	default:river_water_source	0
83	34	96	default:river_water_source	0
84	34	96	default:river_water_source	0
85	34	96	default:river_water_source	0
86	34	96	default:river_water_source	0
87	34	96	default:river_water_source	0
88	34	96	default:river_water_source	0
89	34	96	default:river_water_source	0
90	34	96	default:river_water_source	0
91	34	96	default:river_water_source	0
92	34	96	default:river_water_source	0
93	34	96	default:river_water_source	0
93	34	96	grug_decor:darkage_marble	0
94	34	96	default:river_water_source	0
95	34	96	default:river_water_source	0
96	34	96	default:river_water_source	0
97	34	96	default:river_water_source	0
98	34	96	default:river_water_source	0
99	34	96	default:river_water_source	0
99	34	96	grug_decor:darkage_marble	0
100	34	96	default:river_water_source	0
101	34	96	default:river_water_source	0
102	34	96	default:river_water_source	0
103	34	96	default:river_water_source	0
104	34	96	default:river_water_source	0
105	34	96	default:river_water_source	0
106	34	96	default:river_water_source	0
107	34	96	default:river_water_source	0
108	34	96	default:river_water_source	0
109	34	96	default:river_water_source	0
110	34	96	default:river_water_source	0
111	34	96	default:river_water_source	0
112	34	96	default:river_water_source	0
113	34	96	default:river_water_source	0
114	34	96	default:river_water_source	0
115	34	96	default:river_water_source	0
116	34	96	default:river_water_source	0
117	34	96	default:river_water_source	0
118	34	96	default:river_water_source	0
72	35	96	default:river_water_source	0
73	35	96	default:river_water_source	0
74	35	96	default:river_water_source	0
75	35	96	default:river_water_source	0
76	35	96	default:river_water_source	0
77	35	96	default:river_water_source	0
78	35	96	default:river_water_source	0
79	35	96	default:river_water_source	0
80	35	96	default:river_water_source	0
81	35	96	default:river_water_source	0
82	35	96	default:river_water_source	0
83	35	96	default:river_water_source	0
84	35	96	default:river_water_source	0
85	35	96	default:river_water_source	0
86	35	96	default:river_water_source	0
87	35	96	default:river_water_source	0
88	35	96	default:river_water_source	0
89	35	96	default:river_water_source	0
90	35	96	default:river_water_source	0
91	35	96	default:river_water_source	0
92	35	96	default:river_water_source	0
93	35	96	default:river_water_source	0
93	35	96	grug_decor:darkage_marble	0
94	35	96	default:river_water_source	0
95	35	96	default:river_water_source	0
96	35	96	default:river_water_source	0
97	35	96	default:river_water_source	0
98	35	96	default:river_water_source	0
99	35	96	default:river_water_source	0
99	35	96	grug_decor:darkage_marble	0
100	35	96	default:river_water_source	0
101	35	96	default:river_water_source	0
102	35	96	default:river_water_source	0
103	35	96	default:river_water_source	0
104	35	96	default:river_water_source	0
105	35	96	default:river_water_source	0
106	35	96	default:river_water_source	0
107	35	96	default:river_water_source	0
108	35	96	default:river_water_source	0
109	35	96	default:river_water_source	0
110	35	96	default:river_water_source	0
111	35	96	default:river_water_source	0
112	35	96	default:river_water_source	0
113	35	96	default:river_water_source	0
114	35	96	default:river_water_source	0
115	35	96	default:river_water_source	0
116	35	96	default:river_water_source	0
117	35	96	default:river_water_source	0
118	35	96	default:river_water_source	0
72	36	96	grug_decor:castle_pavement_brick	0
73	36	96	grug_decor:castle_pavement_brick	0
74	36	96	grug_decor:castle_pavement_brick	0
75	36	96	grug_decor:castle_pavement_brick	0
76	36	96	grug_decor:castle_pavement_brick	0
77	36	96	grug_decor:castle_pavement_brick	0
78	36	96	grug_decor:castle_pavement_brick	0
79	36	96	grug_decor:castle_pavement_brick	0
80	36	96	grug_decor:castle_pavement_brick	0
81	36	96	grug_decor:castle_pavement_brick	0
82	36	96	grug_decor:castle_pavement_brick	0
83	36	96	grug_decor:castle_pavement_brick	0
84	36	96	grug_decor:castle_pavement_brick	0
85	36	96	grug_decor:castle_pavement_brick	0
86	36	96	grug_decor:castle_pavement_brick	0
87	36	96	grug_decor:castle_pavement_brick	0
88	36	96	grug_decor:castle_pavement_brick	0
89	36	96	grug_decor:castle_pavement_brick	0
90	36	96	grug_decor:castle_pavement_brick	0
91	36	96	grug_decor:castle_pavement_brick	0
92	36	96	grug_decor:castle_pavement_brick	0
93	36	96	grug_decor:castle_pavement_brick	0
93	36	96	grug_trees:silverwood_wood	0
94	36	96	grug_decor:castle_pavement_brick	0
94	36	96	grug_decor:darkage_serpentine	0
95	36	96	grug_decor:castle_pavement_brick	0
95	36	96	grug_decor:castle_pavement_brick	0
96	36	96	grug_decor:castle_pavement_brick	0
96	36	96	grug_decor:castle_pavement_brick	0
97	36	96	grug_decor:castle_pavement_brick	0
98	36	96	grug_decor:darkage_serpentine	0
99	36	96	grug_trees:silverwood_wood	0
93	37	96	grug_trees:silverwood_tree	0
99	37	96	grug_trees:silverwood_tree	0
93	38	96	grug_trees:silverwood_tree	0
99	38	96	grug_trees:silverwood_tree	0
93	39	96	grug_decor:xdecor_candle	1
99	39	96	grug_decor:xdecor_candle	1
72	25	97	default:dirt	0
73	25	97	default:dirt	0
74	25	97	default:dirt	0
75	25	97	default:dirt	0
76	25	97	default:dirt	0
77	25	97	default:dirt	0
78	25	97	default:dirt	0
99	25	97	default:dirt	0
100	25	97	default:dirt	0
101	25	97	default:dirt	0
102	25	97	default:dirt	0
103	25	97	default:dirt	0
104	25	97	default:dirt	0
105	25	97	default:dirt	0
106	25	97	default:dirt	0
107	25	97	default:dirt	0
108	25	97	default:dirt	0
109	25	97	default:dirt	0
110	25	97	default:dirt	0
111	25	97	default:dirt	0
112	25	97	default:dirt	0
113	25	97	default:dirt	0
114	25	97	default:dirt	0
115	25	97	default:dirt	0
116	25	97	default:dirt	0
117	25	97	default:dirt	0
118	25	97	default:dirt	0
72	26	97	default:dirt	0
73	26	97	default:dirt	0
74	26	97	default:dirt	0
75	26	97	default:dirt	0
76	26	97	default:dirt	0
77	26	97	default:dirt	0
78	26	97	default:dirt	0
79	26	97	default:dirt	0
80	26	97	default:dirt	0
81	26	97	default:dirt	0
82	26	97	default:dirt	0
83	26	97	default:dirt	0
84	26	97	default:dirt	0
85	26	97	default:dirt	0
86	26	97	default:dirt	0
87	26	97	default:dirt	0
88	26	97	default:dirt	0
89	26	97	default:dirt	0
90	26	97	default:dirt	0
91	26	97	default:dirt	0
92	26	97	default:dirt	0
93	26	97	default:dirt	0
94	26	97	default:dirt	0
95	26	97	default:dirt	0
96	26	97	default:dirt	0
97	26	97	default:dirt	0
98	26	97	default:dirt	0
99	26	97	default:dirt	0
100	26	97	default:dirt	0
101	26	97	default:dirt	0
102	26	97	default:dirt	0
103	26	97	default:dirt	0
104	26	97	default:dirt	0
105	26	97	default:dirt	0
106	26	97	default:dirt	0
107	26	97	default:dirt	0
108	26	97	default:dirt	0
109	26	97	default:dirt	0
110	26	97	default:dirt	0
111	26	97	default:dirt	0
112	26	97	default:dirt	0
113	26	97	default:dirt	0
114	26	97	default:dirt	0
115	26	97	default:dirt	0
116	26	97	default:dirt	0
117	26	97	default:dirt	0
118	26	97	default:dirt	0
72	27	97	default:dirt	0
73	27	97	default:dirt	0
74	27	97	default:dirt	0
75	27	97	default:dirt	0
76	27	97	default:dirt	0
77	27	97	default:dirt	0
78	27	97	default:dirt	0
79	27	97	default:dirt	0
80	27	97	default:dirt	0
81	27	97	default:dirt	0
82	27	97	default:dirt	0
83	27	97	default:dirt	0
84	27	97	default:dirt	0
85	27	97	default:dirt	0
86	27	97	default:dirt	0
87	27	97	default:dirt	0
88	27	97	default:dirt	0
89	27	97	default:dirt	0
90	27	97	default:dirt	0
91	27	97	default:dirt	0
92	27	97	default:dirt	0
93	27	97	default:dirt	0
94	27	97	default:dirt	0
95	27	97	default:dirt	0
96	27	97	default:dirt	0
97	27	97	default:dirt	0
98	27	97	default:dirt	0
99	27	97	default:dirt	0
100	27	97	default:dirt	0
101	27	97	default:dirt	0
102	27	97	default:dirt	0
103	27	97	default:dirt	0
104	27	97	default:dirt	0
105	27	97	default:dirt	0
106	27	97	default:dirt	0
107	27	97	default:dirt	0
108	27	97	default:dirt	0
109	27	97	default:dirt	0
110	27	97	default:dirt	0
111	27	97	default:dirt	0
112	27	97	default:dirt	0
113	27	97	default:dirt	0
114	27	97	default:dirt	0
115	27	97	default:dirt	0
116	27	97	default:dirt	0
117	27	97	default:dirt	0
118	27	97	default:dirt	0
72	28	97	grug_nodes:dirt_with_silver_litter	0
73	28	97	grug_nodes:dirt_with_silver_litter	0
74	28	97	grug_nodes:dirt_with_silver_litter	0
75	28	97	grug_nodes:dirt_with_silver_litter	0
76	28	97	grug_nodes:dirt_with_silver_litter	0
77	28	97	grug_nodes:dirt_with_silver_litter	0
78	28	97	grug_nodes:dirt_with_silver_litter	0
79	28	97	default:dirt	0
80	28	97	default:dirt	0
81	28	97	default:dirt	0
82	28	97	default:dirt	0
83	28	97	default:dirt	0
84	28	97	default:dirt	0
85	28	97	default:dirt	0
86	28	97	default:dirt	0
87	28	97	default:dirt	0
88	28	97	default:dirt	0
89	28	97	default:dirt	0
90	28	97	default:dirt	0
91	28	97	default:dirt	0
92	28	97	default:dirt	0
93	28	97	default:dirt	0
94	28	97	default:dirt	0
95	28	97	default:dirt	0
96	28	97	default:dirt	0
97	28	97	default:dirt	0
98	28	97	default:dirt	0
99	28	97	grug_nodes:dirt_with_silver_litter	0
100	28	97	grug_nodes:dirt_with_silver_litter	0
101	28	97	grug_nodes:dirt_with_silver_litter	0
102	28	97	grug_nodes:dirt_with_silver_litter	0
103	28	97	grug_nodes:dirt_with_silver_litter	0
104	28	97	grug_nodes:dirt_with_silver_litter	0
105	28	97	grug_nodes:dirt_with_silver_litter	0
106	28	97	grug_nodes:dirt_with_silver_litter	0
107	28	97	grug_nodes:dirt_with_silver_litter	0
108	28	97	grug_nodes:dirt_with_silver_litter	0
109	28	97	grug_nodes:dirt_with_silver_litter	0
110	28	97	grug_nodes:dirt_with_silver_litter	0
111	28	97	grug_nodes:dirt_with_silver_litter	0
112	28	97	grug_nodes:dirt_with_silver_litter	0
113	28	97	grug_nodes:dirt_with_silver_litter	0
114	28	97	grug_nodes:dirt_with_silver_litter	0
115	28	97	grug_nodes:dirt_with_silver_litter	0
116	28	97	grug_nodes:dirt_with_silver_litter	0
117	28	97	grug_nodes:dirt_with_silver_litter	0
118	28	97	grug_nodes:dirt_with_silver_litter	0
72	29	97	default:river_water_source	0
73	29	97	default:river_water_source	0
74	29	97	default:river_water_source	0
75	29	97	default:river_water_source	0
76	29	97	default:river_water_source	0
77	29	97	default:river_water_source	0
78	29	97	default:river_water_source	0
79	29	97	grug_nodes:dirt_with_silver_litter	0
80	29	97	grug_nodes:dirt_with_silver_litter	0
81	29	97	grug_nodes:dirt_with_silver_litter	0
82	29	97	grug_nodes:dirt_with_silver_litter	0
83	29	97	grug_nodes:dirt_with_silver_litter	0
84	29	97	grug_nodes:dirt_with_silver_litter	0
85	29	97	grug_nodes:dirt_with_silver_litter	0
86	29	97	grug_nodes:dirt_with_silver_litter	0
87	29	97	grug_nodes:dirt_with_silver_litter	0
88	29	97	grug_nodes:dirt_with_silver_litter	0
89	29	97	grug_nodes:dirt_with_silver_litter	0
90	29	97	grug_nodes:dirt_with_silver_litter	0
91	29	97	grug_nodes:dirt_with_silver_litter	0
92	29	97	grug_nodes:dirt_with_silver_litter	0
93	29	97	grug_nodes:dirt_with_silver_litter	0
94	29	97	grug_nodes:dirt_with_silver_litter	0
95	29	97	grug_nodes:dirt_with_silver_litter	0
96	29	97	grug_nodes:dirt_with_silver_litter	0
97	29	97	grug_nodes:dirt_with_silver_litter	0
98	29	97	grug_nodes:dirt_with_silver_litter	0
99	29	97	default:river_water_source	0
100	29	97	default:river_water_source	0
101	29	97	default:river_water_source	0
102	29	97	default:river_water_source	0
103	29	97	default:river_water_source	0
104	29	97	default:river_water_source	0
105	29	97	default:river_water_source	0
106	29	97	default:river_water_source	0
107	29	97	default:river_water_source	0
108	29	97	default:river_water_source	0
109	29	97	default:river_water_source	0
110	29	97	default:river_water_source	0
111	29	97	default:river_water_source	0
112	29	97	default:river_water_source	0
113	29	97	default:river_water_source	0
114	29	97	default:river_water_source	0
115	29	97	default:river_water_source	0
116	29	97	default:river_water_source	0
117	29	97	default:river_water_source	0
118	29	97	default:river_water_source	0
72	30	97	default:river_water_source	0
73	30	97	default:river_water_source	0
74	30	97	default:river_water_source	0
75	30	97	default:river_water_source	0
76	30	97	default:river_water_source	0
77	30	97	default:river_water_source	0
78	30	97	default:river_water_source	0
79	30	97	default:river_water_source	0
80	30	97	default:river_water_source	0
81	30	97	default:river_water_source	0
82	30	97	default:river_water_source	0
83	30	97	default:river_water_source	0
84	30	97	default:river_water_source	0
85	30	97	default:river_water_source	0
86	30	97	default:river_water_source	0
87	30	97	default:river_water_source	0
88	30	97	default:river_water_source	0
89	30	97	default:river_water_source	0
90	30	97	default:river_water_source	0
91	30	97	default:river_water_source	0
92	30	97	default:river_water_source	0
93	30	97	default:river_water_source	0
94	30	97	default:river_water_source	0
95	30	97	default:river_water_source	0
96	30	97	default:river_water_source	0
97	30	97	default:river_water_source	0
98	30	97	default:river_water_source	0
99	30	97	default:river_water_source	0
100	30	97	default:river_water_source	0
101	30	97	default:river_water_source	0
102	30	97	default:river_water_source	0
103	30	97	default:river_water_source	0
104	30	97	default:river_water_source	0
105	30	97	default:river_water_source	0
106	30	97	default:river_water_source	0
107	30	97	default:river_water_source	0
108	30	97	default:river_water_source	0
109	30	97	default:river_water_source	0
110	30	97	default:river_water_source	0
111	30	97	default:river_water_source	0
112	30	97	default:river_water_source	0
113	30	97	default:river_water_source	0
114	30	97	default:river_water_source	0
115	30	97	default:river_water_source	0
116	30	97	default:river_water_source	0
117	30	97	default:river_water_source	0
118	30	97	default:river_water_source	0
72	31	97	default:river_water_source	0
73	31	97	default:river_water_source	0
74	31	97	default:river_water_source	0
75	31	97	default:river_water_source	0
76	31	97	default:river_water_source	0
77	31	97	default:river_water_source	0
78	31	97	default:river_water_source	0
79	31	97	default:river_water_source	0
80	31	97	default:river_water_source	0
81	31	97	default:river_water_source	0
82	31	97	default:river_water_source	0
83	31	97	default:river_water_source	0
84	31	97	default:river_water_source	0
85	31	97	default:river_water_source	0
86	31	97	default:river_water_source	0
87	31	97	default:river_water_source	0
88	31	97	default:river_water_source	0
89	31	97	default:river_water_source	0
90	31	97	default:river_water_source	0
91	31	97	default:river_water_source	0
92	31	97	default:river_water_source	0
93	31	97	default:river_water_source	0
94	31	97	default:river_water_source	0
95	31	97	default:river_water_source	0
96	31	97	default:river_water_source	0
97	31	97	default:river_water_source	0
98	31	97	default:river_water_source	0
99	31	97	default:river_water_source	0
100	31	97	default:river_water_source	0
101	31	97	default:river_water_source	0
102	31	97	default:river_water_source	0
103	31	97	default:river_water_source	0
104	31	97	default:river_water_source	0
105	31	97	default:river_water_source	0
106	31	97	default:river_water_source	0
107	31	97	default:river_water_source	0
108	31	97	default:river_water_source	0
109	31	97	default:river_water_source	0
110	31	97	default:river_water_source	0
111	31	97	default:river_water_source	0
112	31	97	default:river_water_source	0
113	31	97	default:river_water_source	0
114	31	97	default:river_water_source	0
115	31	97	default:river_water_source	0
116	31	97	default:river_water_source	0
117	31	97	default:river_water_source	0
118	31	97	default:river_water_source	0
72	32	97	default:river_water_source	0
73	32	97	default:river_water_source	0
74	32	97	default:river_water_source	0
75	32	97	default:river_water_source	0
76	32	97	default:river_water_source	0
77	32	97	default:river_water_source	0
78	32	97	default:river_water_source	0
79	32	97	default:river_water_source	0
80	32	97	default:river_water_source	0
81	32	97	default:river_water_source	0
82	32	97	default:river_water_source	0
83	32	97	default:river_water_source	0
84	32	97	default:river_water_source	0
85	32	97	default:river_water_source	0
86	32	97	default:river_water_source	0
87	32	97	default:river_water_source	0
88	32	97	default:river_water_source	0
89	32	97	default:river_water_source	0
90	32	97	default:river_water_source	0
91	32	97	default:river_water_source	0
92	32	97	default:river_water_source	0
93	32	97	default:river_water_source	0
94	32	97	default:river_water_source	0
95	32	97	default:river_water_source	0
96	32	97	default:river_water_source	0
97	32	97	default:river_water_source	0
98	32	97	default:river_water_source	0
99	32	97	default:river_water_source	0
100	32	97	default:river_water_source	0
101	32	97	default:river_water_source	0
102	32	97	default:river_water_source	0
103	32	97	default:river_water_source	0
104	32	97	default:river_water_source	0
105	32	97	default:river_water_source	0
106	32	97	default:river_water_source	0
107	32	97	default:river_water_source	0
108	32	97	default:river_water_source	0
109	32	97	default:river_water_source	0
110	32	97	default:river_water_source	0
111	32	97	default:river_water_source	0
112	32	97	default:river_water_source	0
113	32	97	default:river_water_source	0
114	32	97	default:river_water_source	0
115	32	97	default:river_water_source	0
116	32	97	default:river_water_source	0
117	32	97	default:river_water_source	0
118	32	97	default:river_water_source	0
72	33	97	default:river_water_source	0
73	33	97	default:river_water_source	0
74	33	97	default:river_water_source	0
75	33	97	default:river_water_source	0
76	33	97	default:river_water_source	0
77	33	97	default:river_water_source	0
78	33	97	default:river_water_source	0
79	33	97	default:river_water_source	0
80	33	97	default:river_water_source	0
81	33	97	default:river_water_source	0
82	33	97	default:river_water_source	0
83	33	97	default:river_water_source	0
84	33	97	default:river_water_source	0
85	33	97	default:river_water_source	0
86	33	97	default:river_water_source	0
87	33	97	default:river_water_source	0
88	33	97	default:river_water_source	0
89	33	97	default:river_water_source	0
90	33	97	default:river_water_source	0
91	33	97	default:river_water_source	0
92	33	97	default:river_water_source	0
93	33	97	default:river_water_source	0
94	33	97	default:river_water_source	0
95	33	97	default:river_water_source	0
96	33	97	default:river_water_source	0
97	33	97	default:river_water_source	0
98	33	97	default:river_water_source	0
99	33	97	default:river_water_source	0
100	33	97	default:river_water_source	0
101	33	97	default:river_water_source	0
102	33	97	default:river_water_source	0
103	33	97	default:river_water_source	0
104	33	97	default:river_water_source	0
105	33	97	default:river_water_source	0
106	33	97	default:river_water_source	0
107	33	97	default:river_water_source	0
108	33	97	default:river_water_source	0
109	33	97	default:river_water_source	0
110	33	97	default:river_water_source	0
111	33	97	default:river_water_source	0
112	33	97	default:river_water_source	0
113	33	97	default:river_water_source	0
114	33	97	default:river_water_source	0
115	33	97	default:river_water_source	0
116	33	97	default:river_water_source	0
117	33	97	default:river_water_source	0
118	33	97	default:river_water_source	0
72	34	97	default:river_water_source	0
73	34	97	default:river_water_source	0
74	34	97	default:river_water_source	0
75	34	97	default:river_water_source	0
76	34	97	default:river_water_source	0
77	34	97	default:river_water_source	0
78	34	97	default:river_water_source	0
79	34	97	default:river_water_source	0
80	34	97	default:river_water_source	0
81	34	97	default:river_water_source	0
82	34	97	default:river_water_source	0
83	34	97	default:river_water_source	0
84	34	97	default:river_water_source	0
85	34	97	default:river_water_source	0
86	34	97	default:river_water_source	0
87	34	97	default:river_water_source	0
88	34	97	default:river_water_source	0
89	34	97	default:river_water_source	0
90	34	97	default:river_water_source	0
91	34	97	default:river_water_source	0
92	34	97	default:river_water_source	0
93	34	97	default:river_water_source	0
94	34	97	default:river_water_source	0
95	34	97	default:river_water_source	0
96	34	97	default:river_water_source	0
97	34	97	default:river_water_source	0
98	34	97	default:river_water_source	0
99	34	97	default:river_water_source	0
100	34	97	default:river_water_source	0
101	34	97	default:river_water_source	0
102	34	97	default:river_water_source	0
103	34	97	default:river_water_source	0
104	34	97	default:river_water_source	0
105	34	97	default:river_water_source	0
106	34	97	default:river_water_source	0
107	34	97	default:river_water_source	0
108	34	97	default:river_water_source	0
109	34	97	default:river_water_source	0
110	34	97	default:river_water_source	0
111	34	97	default:river_water_source	0
112	34	97	default:river_water_source	0
113	34	97	default:river_water_source	0
114	34	97	default:river_water_source	0
115	34	97	default:river_water_source	0
116	34	97	default:river_water_source	0
117	34	97	default:river_water_source	0
118	34	97	default:river_water_source	0
72	35	97	default:river_water_source	0
73	35	97	default:river_water_source	0
74	35	97	default:river_water_source	0
75	35	97	default:river_water_source	0
76	35	97	default:river_water_source	0
77	35	97	default:river_water_source	0
78	35	97	default:river_water_source	0
79	35	97	default:river_water_source	0
80	35	97	default:river_water_source	0
81	35	97	default:river_water_source	0
82	35	97	default:river_water_source	0
83	35	97	default:river_water_source	0
84	35	97	default:river_water_source	0
85	35	97	default:river_water_source	0
86	35	97	default:river_water_source	0
87	35	97	default:river_water_source	0
88	35	97	default:river_water_source	0
89	35	97	default:river_water_source	0
90	35	97	default:river_water_source	0
91	35	97	default:river_water_source	0
92	35	97	default:river_water_source	0
93	35	97	default:river_water_source	0
94	35	97	default:river_water_source	0
95	35	97	default:river_water_source	0
96	35	97	default:river_water_source	0
97	35	97	default:river_water_source	0
98	35	97	default:river_water_source	0
99	35	97	default:river_water_source	0
100	35	97	default:river_water_source	0
101	35	97	default:river_water_source	0
102	35	97	default:river_water_source	0
103	35	97	default:river_water_source	0
104	35	97	default:river_water_source	0
105	35	97	default:river_water_source	0
106	35	97	default:river_water_source	0
107	35	97	default:river_water_source	0
108	35	97	default:river_water_source	0
109	35	97	default:river_water_source	0
110	35	97	default:river_water_source	0
111	35	97	default:river_water_source	0
112	35	97	default:river_water_source	0
113	35	97	default:river_water_source	0
114	35	97	default:river_water_source	0
115	35	97	default:river_water_source	0
116	35	97	default:river_water_source	0
117	35	97	default:river_water_source	0
118	35	97	default:river_water_source	0
72	36	97	grug_decor:castle_pavement_brick	0
73	36	97	grug_decor:castle_pavement_brick	0
74	36	97	grug_decor:castle_pavement_brick	0
75	36	97	grug_decor:castle_pavement_brick	0
76	36	97	grug_decor:castle_pavement_brick	0
77	36	97	grug_decor:castle_pavement_brick	0
78	36	97	grug_decor:castle_pavement_brick	0
79	36	97	grug_decor:castle_pavement_brick	0
80	36	97	grug_decor:castle_pavement_brick	0
81	36	97	grug_decor:castle_pavement_brick	0
82	36	97	grug_decor:castle_pavement_brick	0
83	36	97	grug_decor:castle_pavement_brick	0
84	36	97	grug_decor:castle_pavement_brick	0
85	36	97	grug_decor:castle_pavement_brick	0
86	36	97	grug_decor:castle_pavement_brick	0
87	36	97	grug_decor:castle_pavement_brick	0
88	36	97	grug_decor:castle_pavement_brick	0
89	36	97	grug_decor:castle_pavement_brick	0
90	36	97	grug_decor:castle_pavement_brick	0
91	36	97	grug_decor:castle_pavement_brick	0
92	36	97	grug_decor:castle_pavement_brick	0
93	36	97	grug_decor:castle_pavement_brick	0
94	36	97	grug_decor:castle_pavement_brick	0
95	36	97	grug_decor:castle_pavement_brick	0
96	36	97	grug_decor:castle_pavement_brick	0
72	25	98	default:dirt	0
73	25	98	default:dirt	0
74	25	98	default:dirt	0
75	25	98	default:dirt	0
76	25	98	default:dirt	0
77	25	98	default:dirt	0
78	25	98	default:dirt	0
79	25	98	default:dirt	0
99	25	98	default:dirt	0
100	25	98	default:dirt	0
101	25	98	default:dirt	0
102	25	98	default:dirt	0
103	25	98	default:dirt	0
104	25	98	default:dirt	0
105	25	98	default:dirt	0
106	25	98	default:dirt	0
107	25	98	default:dirt	0
108	25	98	default:dirt	0
109	25	98	default:dirt	0
110	25	98	default:dirt	0
111	25	98	default:dirt	0
112	25	98	default:dirt	0
113	25	98	default:dirt	0
114	25	98	default:dirt	0
115	25	98	default:dirt	0
116	25	98	default:dirt	0
117	25	98	default:dirt	0
118	25	98	default:dirt	0
72	26	98	default:dirt	0
73	26	98	default:dirt	0
74	26	98	default:dirt	0
75	26	98	default:dirt	0
76	26	98	default:dirt	0
77	26	98	default:dirt	0
78	26	98	default:dirt	0
79	26	98	default:dirt	0
80	26	98	default:dirt	0
81	26	98	default:dirt	0
82	26	98	default:dirt	0
83	26	98	default:dirt	0
84	26	98	default:dirt	0
85	26	98	default:dirt	0
86	26	98	default:dirt	0
87	26	98	default:dirt	0
88	26	98	default:dirt	0
89	26	98	default:dirt	0
90	26	98	default:dirt	0
91	26	98	default:dirt	0
92	26	98	default:dirt	0
93	26	98	default:dirt	0
94	26	98	default:dirt	0
95	26	98	default:dirt	0
96	26	98	default:dirt	0
97	26	98	default:dirt	0
98	26	98	default:dirt	0
99	26	98	default:dirt	0
100	26	98	default:dirt	0
101	26	98	default:dirt	0
102	26	98	default:dirt	0
103	26	98	default:dirt	0
104	26	98	default:dirt	0
105	26	98	default:dirt	0
106	26	98	default:dirt	0
107	26	98	default:dirt	0
108	26	98	default:dirt	0
109	26	98	default:dirt	0
110	26	98	default:dirt	0
111	26	98	default:dirt	0
112	26	98	default:dirt	0
113	26	98	default:dirt	0
114	26	98	default:dirt	0
115	26	98	default:dirt	0
116	26	98	default:dirt	0
117	26	98	default:dirt	0
118	26	98	default:dirt	0
72	27	98	default:dirt	0
73	27	98	default:dirt	0
74	27	98	default:dirt	0
75	27	98	default:dirt	0
76	27	98	default:dirt	0
77	27	98	default:dirt	0
78	27	98	default:dirt	0
79	27	98	default:dirt	0
80	27	98	default:dirt	0
81	27	98	default:dirt	0
82	27	98	default:dirt	0
83	27	98	default:dirt	0
84	27	98	default:dirt	0
85	27	98	default:dirt	0
86	27	98	default:dirt	0
87	27	98	default:dirt	0
88	27	98	default:dirt	0
89	27	98	default:dirt	0
90	27	98	default:dirt	0
91	27	98	default:dirt	0
92	27	98	default:dirt	0
93	27	98	default:dirt	0
94	27	98	default:dirt	0
95	27	98	default:dirt	0
96	27	98	default:dirt	0
97	27	98	default:dirt	0
98	27	98	default:dirt	0
99	27	98	default:dirt	0
100	27	98	default:dirt	0
101	27	98	default:dirt	0
102	27	98	default:dirt	0
103	27	98	default:dirt	0
104	27	98	default:dirt	0
105	27	98	default:dirt	0
106	27	98	default:dirt	0
107	27	98	default:dirt	0
108	27	98	default:dirt	0
109	27	98	default:dirt	0
110	27	98	default:dirt	0
111	27	98	default:dirt	0
112	27	98	default:dirt	0
113	27	98	default:dirt	0
114	27	98	default:dirt	0
115	27	98	default:dirt	0
116	27	98	default:dirt	0
117	27	98	default:dirt	0
118	27	98	default:dirt	0
72	28	98	grug_nodes:dirt_with_silver_litter	0
73	28	98	grug_nodes:dirt_with_silver_litter	0
74	28	98	grug_nodes:dirt_with_silver_litter	0
75	28	98	grug_nodes:dirt_with_silver_litter	0
76	28	98	grug_nodes:dirt_with_silver_litter	0
77	28	98	grug_nodes:dirt_with_silver_litter	0
78	28	98	grug_nodes:dirt_with_silver_litter	0
79	28	98	grug_nodes:dirt_with_silver_litter	0
80	28	98	default:dirt	0
81	28	98	default:dirt	0
82	28	98	default:dirt	0
83	28	98	default:dirt	0
84	28	98	default:dirt	0
85	28	98	default:dirt	0
86	28	98	default:dirt	0
87	28	98	default:dirt	0
88	28	98	default:dirt	0
89	28	98	default:dirt	0
90	28	98	default:dirt	0
91	28	98	default:dirt	0
92	28	98	default:dirt	0
93	28	98	default:dirt	0
94	28	98	default:dirt	0
95	28	98	default:dirt	0
96	28	98	default:dirt	0
97	28	98	default:dirt	0
98	28	98	default:dirt	0
99	28	98	grug_nodes:dirt_with_silver_litter	0
100	28	98	grug_nodes:dirt_with_silver_litter	0
101	28	98	grug_nodes:dirt_with_silver_litter	0
102	28	98	grug_nodes:dirt_with_silver_litter	0
103	28	98	grug_nodes:dirt_with_silver_litter	0
104	28	98	grug_nodes:dirt_with_silver_litter	0
105	28	98	grug_nodes:dirt_with_silver_litter	0
106	28	98	grug_nodes:dirt_with_silver_litter	0
107	28	98	grug_nodes:dirt_with_silver_litter	0
108	28	98	grug_nodes:dirt_with_silver_litter	0
109	28	98	grug_nodes:dirt_with_silver_litter	0
110	28	98	grug_nodes:dirt_with_silver_litter	0
111	28	98	grug_nodes:dirt_with_silver_litter	0
112	28	98	grug_nodes:dirt_with_silver_litter	0
113	28	98	grug_nodes:dirt_with_silver_litter	0
114	28	98	grug_nodes:dirt_with_silver_litter	0
115	28	98	grug_nodes:dirt_with_silver_litter	0
116	28	98	grug_nodes:dirt_with_silver_litter	0
117	28	98	grug_nodes:dirt_with_silver_litter	0
118	28	98	grug_nodes:dirt_with_silver_litter	0
72	29	98	default:river_water_source	0
73	29	98	default:river_water_source	0
74	29	98	default:river_water_source	0
75	29	98	default:river_water_source	0
76	29	98	default:river_water_source	0
77	29	98	default:river_water_source	0
78	29	98	default:river_water_source	0
79	29	98	default:river_water_source	0
80	29	98	grug_nodes:dirt_with_silver_litter	0
81	29	98	grug_nodes:dirt_with_silver_litter	0
82	29	98	grug_nodes:dirt_with_silver_litter	0
83	29	98	grug_nodes:dirt_with_silver_litter	0
84	29	98	grug_nodes:dirt_with_silver_litter	0
85	29	98	grug_nodes:dirt_with_silver_litter	0
86	29	98	grug_nodes:dirt_with_silver_litter	0
87	29	98	grug_nodes:dirt_with_silver_litter	0
88	29	98	grug_nodes:dirt_with_silver_litter	0
89	29	98	grug_nodes:dirt_with_silver_litter	0
90	29	98	grug_nodes:dirt_with_silver_litter	0
91	29	98	grug_nodes:dirt_with_silver_litter	0
92	29	98	grug_nodes:dirt_with_silver_litter	0
93	29	98	grug_nodes:dirt_with_silver_litter	0
94	29	98	grug_nodes:dirt_with_silver_litter	0
95	29	98	grug_nodes:dirt_with_silver_litter	0
96	29	98	grug_nodes:dirt_with_silver_litter	0
97	29	98	grug_nodes:dirt_with_silver_litter	0
98	29	98	grug_nodes:dirt_with_silver_litter	0
99	29	98	default:river_water_source	0
100	29	98	default:river_water_source	0
101	29	98	default:river_water_source	0
102	29	98	default:river_water_source	0
103	29	98	default:river_water_source	0
104	29	98	default:river_water_source	0
105	29	98	default:river_water_source	0
106	29	98	default:river_water_source	0
107	29	98	default:river_water_source	0
108	29	98	default:river_water_source	0
109	29	98	default:river_water_source	0
110	29	98	default:river_water_source	0
111	29	98	default:river_water_source	0
112	29	98	default:river_water_source	0
113	29	98	default:river_water_source	0
114	29	98	default:river_water_source	0
115	29	98	default:river_water_source	0
116	29	98	default:river_water_source	0
117	29	98	default:river_water_source	0
118	29	98	default:river_water_source	0
72	30	98	default:river_water_source	0
73	30	98	default:river_water_source	0
74	30	98	default:river_water_source	0
75	30	98	default:river_water_source	0
76	30	98	default:river_water_source	0
77	30	98	default:river_water_source	0
78	30	98	default:river_water_source	0
79	30	98	default:river_water_source	0
80	30	98	default:river_water_source	0
81	30	98	default:river_water_source	0
82	30	98	default:river_water_source	0
83	30	98	default:river_water_source	0
84	30	98	default:river_water_source	0
85	30	98	default:river_water_source	0
86	30	98	default:river_water_source	0
87	30	98	default:river_water_source	0
88	30	98	default:river_water_source	0
89	30	98	default:river_water_source	0
90	30	98	default:river_water_source	0
91	30	98	default:river_water_source	0
92	30	98	default:river_water_source	0
93	30	98	default:river_water_source	0
94	30	98	default:river_water_source	0
95	30	98	default:river_water_source	0
96	30	98	default:river_water_source	0
97	30	98	default:river_water_source	0
98	30	98	default:river_water_source	0
99	30	98	default:river_water_source	0
100	30	98	default:river_water_source	0
101	30	98	default:river_water_source	0
102	30	98	default:river_water_source	0
103	30	98	default:river_water_source	0
104	30	98	default:river_water_source	0
105	30	98	default:river_water_source	0
106	30	98	default:river_water_source	0
107	30	98	default:river_water_source	0
108	30	98	default:river_water_source	0
109	30	98	default:river_water_source	0
110	30	98	default:river_water_source	0
111	30	98	default:river_water_source	0
112	30	98	default:river_water_source	0
113	30	98	default:river_water_source	0
114	30	98	default:river_water_source	0
115	30	98	default:river_water_source	0
116	30	98	default:river_water_source	0
117	30	98	default:river_water_source	0
118	30	98	default:river_water_source	0
72	31	98	default:river_water_source	0
73	31	98	default:river_water_source	0
74	31	98	default:river_water_source	0
75	31	98	default:river_water_source	0
76	31	98	default:river_water_source	0
77	31	98	default:river_water_source	0
78	31	98	default:river_water_source	0
79	31	98	default:river_water_source	0
80	31	98	default:river_water_source	0
81	31	98	default:river_water_source	0
82	31	98	default:river_water_source	0
83	31	98	default:river_water_source	0
84	31	98	default:river_water_source	0
85	31	98	default:river_water_source	0
86	31	98	default:river_water_source	0
87	31	98	default:river_water_source	0
88	31	98	default:river_water_source	0
89	31	98	default:river_water_source	0
90	31	98	default:river_water_source	0
91	31	98	default:river_water_source	0
92	31	98	default:river_water_source	0
93	31	98	default:river_water_source	0
94	31	98	default:river_water_source	0
95	31	98	default:river_water_source	0
96	31	98	default:river_water_source	0
97	31	98	default:river_water_source	0
98	31	98	default:river_water_source	0
99	31	98	default:river_water_source	0
100	31	98	default:river_water_source	0
101	31	98	default:river_water_source	0
102	31	98	default:river_water_source	0
103	31	98	default:river_water_source	0
104	31	98	default:river_water_source	0
105	31	98	default:river_water_source	0
106	31	98	default:river_water_source	0
107	31	98	default:river_water_source	0
108	31	98	default:river_water_source	0
109	31	98	default:river_water_source	0
110	31	98	default:river_water_source	0
111	31	98	default:river_water_source	0
112	31	98	default:river_water_source	0
113	31	98	default:river_water_source	0
114	31	98	default:river_water_source	0
115	31	98	default:river_water_source	0
116	31	98	default:river_water_source	0
117	31	98	default:river_water_source	0
118	31	98	default:river_water_source	0
72	32	98	default:river_water_source	0
73	32	98	default:river_water_source	0
74	32	98	default:river_water_source	0
75	32	98	default:river_water_source	0
76	32	98	default:river_water_source	0
77	32	98	default:river_water_source	0
78	32	98	default:river_water_source	0
79	32	98	default:river_water_source	0
80	32	98	default:river_water_source	0
81	32	98	default:river_water_source	0
82	32	98	default:river_water_source	0
83	32	98	default:river_water_source	0
84	32	98	default:river_water_source	0
85	32	98	default:river_water_source	0
86	32	98	default:river_water_source	0
87	32	98	default:river_water_source	0
88	32	98	default:river_water_source	0
89	32	98	default:river_water_source	0
90	32	98	default:river_water_source	0
91	32	98	default:river_water_source	0
92	32	98	default:river_water_source	0
93	32	98	default:river_water_source	0
94	32	98	default:river_water_source	0
95	32	98	default:river_water_source	0
96	32	98	default:river_water_source	0
97	32	98	default:river_water_source	0
98	32	98	default:river_water_source	0
99	32	98	default:river_water_source	0
100	32	98	default:river_water_source	0
101	32	98	default:river_water_source	0
102	32	98	default:river_water_source	0
103	32	98	default:river_water_source	0
104	32	98	default:river_water_source	0
105	32	98	default:river_water_source	0
106	32	98	default:river_water_source	0
107	32	98	default:river_water_source	0
108	32	98	default:river_water_source	0
109	32	98	default:river_water_source	0
110	32	98	default:river_water_source	0
111	32	98	default:river_water_source	0
112	32	98	default:river_water_source	0
113	32	98	default:river_water_source	0
114	32	98	default:river_water_source	0
115	32	98	default:river_water_source	0
116	32	98	default:river_water_source	0
117	32	98	default:river_water_source	0
118	32	98	default:river_water_source	0
72	33	98	default:river_water_source	0
73	33	98	default:river_water_source	0
74	33	98	default:river_water_source	0
75	33	98	default:river_water_source	0
76	33	98	default:river_water_source	0
77	33	98	default:river_water_source	0
78	33	98	default:river_water_source	0
79	33	98	default:river_water_source	0
80	33	98	default:river_water_source	0
81	33	98	default:river_water_source	0
82	33	98	default:river_water_source	0
83	33	98	default:river_water_source	0
84	33	98	default:river_water_source	0
85	33	98	default:river_water_source	0
86	33	98	default:river_water_source	0
87	33	98	default:river_water_source	0
88	33	98	default:river_water_source	0
89	33	98	default:river_water_source	0
90	33	98	default:river_water_source	0
91	33	98	default:river_water_source	0
92	33	98	default:river_water_source	0
93	33	98	default:river_water_source	0
94	33	98	default:river_water_source	0
95	33	98	default:river_water_source	0
96	33	98	default:river_water_source	0
97	33	98	default:river_water_source	0
98	33	98	default:river_water_source	0
99	33	98	default:river_water_source	0
100	33	98	default:river_water_source	0
101	33	98	default:river_water_source	0
102	33	98	default:river_water_source	0
103	33	98	default:river_water_source	0
104	33	98	default:river_water_source	0
105	33	98	default:river_water_source	0
106	33	98	default:river_water_source	0
107	33	98	default:river_water_source	0
108	33	98	default:river_water_source	0
109	33	98	default:river_water_source	0
110	33	98	default:river_water_source	0
111	33	98	default:river_water_source	0
112	33	98	default:river_water_source	0
113	33	98	default:river_water_source	0
114	33	98	default:river_water_source	0
115	33	98	default:river_water_source	0
116	33	98	default:river_water_source	0
117	33	98	default:river_water_source	0
118	33	98	default:river_water_source	0
72	34	98	default:river_water_source	0
73	34	98	default:river_water_source	0
74	34	98	default:river_water_source	0
75	34	98	default:river_water_source	0
76	34	98	default:river_water_source	0
77	34	98	default:river_water_source	0
78	34	98	default:river_water_source	0
79	34	98	default:river_water_source	0
80	34	98	default:river_water_source	0
81	34	98	default:river_water_source	0
82	34	98	default:river_water_source	0
83	34	98	default:river_water_source	0
84	34	98	default:river_water_source	0
85	34	98	default:river_water_source	0
86	34	98	default:river_water_source	0
87	34	98	default:river_water_source	0
88	34	98	default:river_water_source	0
89	34	98	default:river_water_source	0
90	34	98	default:river_water_source	0
91	34	98	default:river_water_source	0
92	34	98	default:river_water_source	0
93	34	98	default:river_water_source	0
94	34	98	default:river_water_source	0
95	34	98	default:river_water_source	0
96	34	98	default:river_water_source	0
97	34	98	default:river_water_source	0
98	34	98	default:river_water_source	0
99	34	98	default:river_water_source	0
100	34	98	default:river_water_source	0
101	34	98	default:river_water_source	0
102	34	98	default:river_water_source	0
103	34	98	default:river_water_source	0
104	34	98	default:river_water_source	0
105	34	98	default:river_water_source	0
106	34	98	default:river_water_source	0
107	34	98	default:river_water_source	0
108	34	98	default:river_water_source	0
109	34	98	default:river_water_source	0
110	34	98	default:river_water_source	0
111	34	98	default:river_water_source	0
112	34	98	default:river_water_source	0
113	34	98	default:river_water_source	0
114	34	98	default:river_water_source	0
115	34	98	default:river_water_source	0
116	34	98	default:river_water_source	0
117	34	98	default:river_water_source	0
118	34	98	default:river_water_source	0
72	35	98	default:river_water_source	0
73	35	98	default:river_water_source	0
74	35	98	default:river_water_source	0
75	35	98	default:river_water_source	0
76	35	98	default:river_water_source	0
77	35	98	default:river_water_source	0
78	35	98	default:river_water_source	0
79	35	98	default:river_water_source	0
80	35	98	default:river_water_source	0
81	35	98	default:river_water_source	0
82	35	98	default:river_water_source	0
83	35	98	default:river_water_source	0
84	35	98	default:river_water_source	0
85	35	98	default:river_water_source	0
86	35	98	default:river_water_source	0
87	35	98	default:river_water_source	0
88	35	98	default:river_water_source	0
89	35	98	default:river_water_source	0
90	35	98	default:river_water_source	0
91	35	98	default:river_water_source	0
92	35	98	default:river_water_source	0
93	35	98	default:river_water_source	0
94	35	98	default:river_water_source	0
95	35	98	default:river_water_source	0
96	35	98	default:river_water_source	0
97	35	98	default:river_water_source	0
98	35	98	default:river_water_source	0
99	35	98	default:river_water_source	0
100	35	98	default:river_water_source	0
101	35	98	default:river_water_source	0
102	35	98	default:river_water_source	0
103	35	98	default:river_water_source	0
104	35	98	default:river_water_source	0
105	35	98	default:river_water_source	0
106	35	98	default:river_water_source	0
107	35	98	default:river_water_source	0
108	35	98	default:river_water_source	0
109	35	98	default:river_water_source	0
110	35	98	default:river_water_source	0
111	35	98	default:river_water_source	0
112	35	98	default:river_water_source	0
113	35	98	default:river_water_source	0
114	35	98	default:river_water_source	0
115	35	98	default:river_water_source	0
116	35	98	default:river_water_source	0
117	35	98	default:river_water_source	0
118	35	98	default:river_water_source	0
72	36	98	grug_decor:darkage_serpentine	0
73	36	98	grug_decor:darkage_serpentine	0
74	36	98	grug_decor:darkage_serpentine	0
75	36	98	grug_decor:darkage_serpentine	0
76	36	98	grug_decor:darkage_serpentine	0
77	36	98	grug_decor:darkage_serpentine	0
78	36	98	grug_decor:darkage_serpentine	0
79	36	98	grug_decor:darkage_serpentine	0
80	36	98	grug_decor:darkage_serpentine	0
81	36	98	grug_decor:darkage_serpentine	0
82	36	98	grug_decor:darkage_serpentine	0
83	36	98	grug_decor:darkage_serpentine	0
84	36	98	grug_decor:darkage_serpentine	0
85	36	98	grug_decor:darkage_serpentine	0
86	36	98	grug_decor:darkage_serpentine	0
87	36	98	grug_decor:darkage_serpentine	0
88	36	98	grug_decor:darkage_serpentine	0
89	36	98	grug_decor:darkage_serpentine	0
90	36	98	grug_decor:darkage_serpentine	0
91	36	98	grug_decor:darkage_serpentine	0
92	36	98	grug_decor:darkage_serpentine	0
93	36	98	grug_decor:darkage_serpentine	0
94	36	98	grug_decor:darkage_serpentine	0
95	36	98	grug_decor:darkage_serpentine	0
96	36	98	grug_decor:darkage_serpentine	0
72	25	99	default:dirt	0
73	25	99	default:dirt	0
74	25	99	default:dirt	0
75	25	99	default:dirt	0
76	25	99	default:dirt	0
77	25	99	default:dirt	0
78	25	99	default:dirt	0
79	25	99	default:dirt	0
99	25	99	default:dirt	0
100	25	99	default:dirt	0
101	25	99	default:dirt	0
102	25	99	default:dirt	0
103	25	99	default:dirt	0
104	25	99	default:dirt	0
105	25	99	default:dirt	0
106	25	99	default:dirt	0
107	25	99	default:dirt	0
108	25	99	default:dirt	0
109	25	99	default:dirt	0
110	25	99	default:dirt	0
111	25	99	default:dirt	0
112	25	99	default:dirt	0
113	25	99	default:dirt	0
114	25	99	default:dirt	0
115	25	99	default:dirt	0
116	25	99	default:dirt	0
117	25	99	default:dirt	0
118	25	99	default:dirt	0
72	26	99	default:dirt	0
73	26	99	default:dirt	0
74	26	99	default:dirt	0
75	26	99	default:dirt	0
76	26	99	default:dirt	0
77	26	99	default:dirt	0
78	26	99	default:dirt	0
79	26	99	default:dirt	0
80	26	99	default:dirt	0
81	26	99	default:dirt	0
82	26	99	default:dirt	0
83	26	99	default:dirt	0
84	26	99	default:dirt	0
85	26	99	default:dirt	0
86	26	99	default:dirt	0
87	26	99	default:dirt	0
88	26	99	default:dirt	0
89	26	99	default:dirt	0
90	26	99	default:dirt	0
91	26	99	default:dirt	0
92	26	99	default:dirt	0
93	26	99	default:dirt	0
94	26	99	default:dirt	0
95	26	99	default:dirt	0
96	26	99	default:dirt	0
97	26	99	default:dirt	0
98	26	99	default:dirt	0
99	26	99	default:dirt	0
100	26	99	default:dirt	0
101	26	99	default:dirt	0
102	26	99	default:dirt	0
103	26	99	default:dirt	0
104	26	99	default:dirt	0
105	26	99	default:dirt	0
106	26	99	default:dirt	0
107	26	99	default:dirt	0
108	26	99	default:dirt	0
109	26	99	default:dirt	0
110	26	99	default:dirt	0
111	26	99	default:dirt	0
112	26	99	default:dirt	0
113	26	99	default:dirt	0
114	26	99	default:dirt	0
115	26	99	default:dirt	0
116	26	99	default:dirt	0
117	26	99	default:dirt	0
118	26	99	default:dirt	0
72	27	99	default:dirt	0
73	27	99	default:dirt	0
74	27	99	default:dirt	0
75	27	99	default:dirt	0
76	27	99	default:dirt	0
77	27	99	default:dirt	0
78	27	99	default:dirt	0
79	27	99	default:dirt	0
80	27	99	default:dirt	0
81	27	99	default:dirt	0
82	27	99	default:dirt	0
83	27	99	default:dirt	0
84	27	99	default:dirt	0
85	27	99	default:dirt	0
86	27	99	default:dirt	0
87	27	99	default:dirt	0
88	27	99	default:dirt	0
89	27	99	default:dirt	0
90	27	99	default:dirt	0
91	27	99	default:dirt	0
92	27	99	default:dirt	0
93	27	99	default:dirt	0
94	27	99	default:dirt	0
95	27	99	default:dirt	0
96	27	99	default:dirt	0
97	27	99	default:dirt	0
98	27	99	default:dirt	0
99	27	99	default:dirt	0
100	27	99	default:dirt	0
101	27	99	default:dirt	0
102	27	99	default:dirt	0
103	27	99	default:dirt	0
104	27	99	default:dirt	0
105	27	99	default:dirt	0
106	27	99	default:dirt	0
107	27	99	default:dirt	0
108	27	99	default:dirt	0
109	27	99	default:dirt	0
110	27	99	default:dirt	0
111	27	99	default:dirt	0
112	27	99	default:dirt	0
113	27	99	default:dirt	0
114	27	99	default:dirt	0
115	27	99	default:dirt	0
116	27	99	default:dirt	0
117	27	99	default:dirt	0
118	27	99	default:dirt	0
72	28	99	grug_nodes:dirt_with_silver_litter	0
73	28	99	grug_nodes:dirt_with_silver_litter	0
74	28	99	grug_nodes:dirt_with_silver_litter	0
75	28	99	grug_nodes:dirt_with_silver_litter	0
76	28	99	grug_nodes:dirt_with_silver_litter	0
77	28	99	grug_nodes:dirt_with_silver_litter	0
78	28	99	grug_nodes:dirt_with_silver_litter	0
79	28	99	grug_nodes:dirt_with_silver_litter	0
80	28	99	default:dirt	0
81	28	99	default:dirt	0
82	28	99	default:dirt	0
83	28	99	default:dirt	0
84	28	99	default:dirt	0
85	28	99	default:dirt	0
86	28	99	default:dirt	0
87	28	99	default:dirt	0
88	28	99	default:dirt	0
89	28	99	default:dirt	0
90	28	99	default:dirt	0
91	28	99	default:dirt	0
92	28	99	default:dirt	0
93	28	99	default:dirt	0
94	28	99	default:dirt	0
95	28	99	default:dirt	0
96	28	99	default:dirt	0
97	28	99	default:dirt	0
98	28	99	default:dirt	0
99	28	99	grug_nodes:dirt_with_silver_litter	0
100	28	99	grug_nodes:dirt_with_silver_litter	0
101	28	99	grug_nodes:dirt_with_silver_litter	0
102	28	99	grug_nodes:dirt_with_silver_litter	0
103	28	99	grug_nodes:dirt_with_silver_litter	0
104	28	99	grug_nodes:dirt_with_silver_litter	0
105	28	99	grug_nodes:dirt_with_silver_litter	0
106	28	99	grug_nodes:dirt_with_silver_litter	0
107	28	99	grug_nodes:dirt_with_silver_litter	0
108	28	99	grug_nodes:dirt_with_silver_litter	0
109	28	99	grug_nodes:dirt_with_silver_litter	0
110	28	99	grug_nodes:dirt_with_silver_litter	0
111	28	99	grug_nodes:dirt_with_silver_litter	0
112	28	99	grug_nodes:dirt_with_silver_litter	0
113	28	99	grug_nodes:dirt_with_silver_litter	0
114	28	99	grug_nodes:dirt_with_silver_litter	0
115	28	99	grug_nodes:dirt_with_silver_litter	0
116	28	99	grug_nodes:dirt_with_silver_litter	0
117	28	99	grug_nodes:dirt_with_silver_litter	0
118	28	99	grug_nodes:dirt_with_silver_litter	0
72	29	99	default:river_water_source	0
73	29	99	default:river_water_source	0
74	29	99	default:river_water_source	0
75	29	99	default:river_water_source	0
76	29	99	default:river_water_source	0
77	29	99	default:river_water_source	0
78	29	99	default:river_water_source	0
79	29	99	default:river_water_source	0
80	29	99	grug_nodes:dirt_with_silver_litter	0
81	29	99	grug_nodes:dirt_with_silver_litter	0
82	29	99	grug_nodes:dirt_with_silver_litter	0
83	29	99	grug_nodes:dirt_with_silver_litter	0
84	29	99	grug_nodes:dirt_with_silver_litter	0
85	29	99	grug_nodes:dirt_with_silver_litter	0
86	29	99	grug_nodes:dirt_with_silver_litter	0
87	29	99	grug_nodes:dirt_with_silver_litter	0
88	29	99	grug_nodes:dirt_with_silver_litter	0
89	29	99	grug_nodes:dirt_with_silver_litter	0
90	29	99	grug_nodes:dirt_with_silver_litter	0
91	29	99	grug_nodes:dirt_with_silver_litter	0
92	29	99	grug_nodes:dirt_with_silver_litter	0
93	29	99	grug_nodes:dirt_with_silver_litter	0
94	29	99	grug_nodes:dirt_with_silver_litter	0
95	29	99	grug_nodes:dirt_with_silver_litter	0
96	29	99	grug_nodes:dirt_with_silver_litter	0
97	29	99	grug_nodes:dirt_with_silver_litter	0
98	29	99	grug_nodes:dirt_with_silver_litter	0
99	29	99	default:river_water_source	0
100	29	99	default:river_water_source	0
101	29	99	default:river_water_source	0
102	29	99	default:river_water_source	0
103	29	99	default:river_water_source	0
104	29	99	default:river_water_source	0
105	29	99	default:river_water_source	0
106	29	99	default:river_water_source	0
107	29	99	default:river_water_source	0
108	29	99	default:river_water_source	0
109	29	99	default:river_water_source	0
110	29	99	default:river_water_source	0
111	29	99	default:river_water_source	0
112	29	99	default:river_water_source	0
113	29	99	default:river_water_source	0
114	29	99	default:river_water_source	0
115	29	99	default:river_water_source	0
116	29	99	default:river_water_source	0
117	29	99	default:river_water_source	0
118	29	99	default:river_water_source	0
72	30	99	default:river_water_source	0
73	30	99	default:river_water_source	0
74	30	99	default:river_water_source	0
75	30	99	default:river_water_source	0
76	30	99	default:river_water_source	0
77	30	99	default:river_water_source	0
78	30	99	default:river_water_source	0
79	30	99	default:river_water_source	0
80	30	99	default:river_water_source	0
81	30	99	default:river_water_source	0
82	30	99	default:river_water_source	0
83	30	99	default:river_water_source	0
84	30	99	default:river_water_source	0
85	30	99	default:river_water_source	0
86	30	99	default:river_water_source	0
87	30	99	default:river_water_source	0
88	30	99	default:river_water_source	0
89	30	99	default:river_water_source	0
90	30	99	default:river_water_source	0
91	30	99	default:river_water_source	0
92	30	99	default:river_water_source	0
93	30	99	default:river_water_source	0
94	30	99	default:river_water_source	0
95	30	99	default:river_water_source	0
96	30	99	default:river_water_source	0
97	30	99	default:river_water_source	0
98	30	99	default:river_water_source	0
99	30	99	default:river_water_source	0
100	30	99	default:river_water_source	0
101	30	99	default:river_water_source	0
102	30	99	default:river_water_source	0
103	30	99	default:river_water_source	0
104	30	99	default:river_water_source	0
105	30	99	default:river_water_source	0
106	30	99	default:river_water_source	0
107	30	99	default:river_water_source	0
108	30	99	default:river_water_source	0
109	30	99	default:river_water_source	0
110	30	99	default:river_water_source	0
111	30	99	default:river_water_source	0
112	30	99	default:river_water_source	0
113	30	99	default:river_water_source	0
114	30	99	default:river_water_source	0
115	30	99	default:river_water_source	0
116	30	99	default:river_water_source	0
117	30	99	default:river_water_source	0
118	30	99	default:river_water_source	0
72	31	99	default:river_water_source	0
72	31	99	grug_decor:darkage_marble	0
73	31	99	default:river_water_source	0
74	31	99	default:river_water_source	0
75	31	99	default:river_water_source	0
76	31	99	default:river_water_source	0
77	31	99	default:river_water_source	0
78	31	99	default:river_water_source	0
79	31	99	default:river_water_source	0
80	31	99	default:river_water_source	0
80	31	99	grug_decor:darkage_marble	0
81	31	99	default:river_water_source	0
82	31	99	default:river_water_source	0
83	31	99	default:river_water_source	0
84	31	99	default:river_water_source	0
85	31	99	default:river_water_source	0
86	31	99	default:river_water_source	0
87	31	99	default:river_water_source	0
88	31	99	default:river_water_source	0
88	31	99	grug_decor:darkage_marble	0
89	31	99	default:river_water_source	0
90	31	99	default:river_water_source	0
91	31	99	default:river_water_source	0
92	31	99	default:river_water_source	0
93	31	99	default:river_water_source	0
94	31	99	default:river_water_source	0
95	31	99	default:river_water_source	0
96	31	99	default:river_water_source	0
96	31	99	grug_decor:darkage_marble	0
97	31	99	default:river_water_source	0
98	31	99	default:river_water_source	0
99	31	99	default:river_water_source	0
100	31	99	default:river_water_source	0
101	31	99	default:river_water_source	0
102	31	99	default:river_water_source	0
103	31	99	default:river_water_source	0
104	31	99	default:river_water_source	0
105	31	99	default:river_water_source	0
106	31	99	default:river_water_source	0
107	31	99	default:river_water_source	0
108	31	99	default:river_water_source	0
109	31	99	default:river_water_source	0
110	31	99	default:river_water_source	0
111	31	99	default:river_water_source	0
112	31	99	default:river_water_source	0
113	31	99	default:river_water_source	0
114	31	99	default:river_water_source	0
115	31	99	default:river_water_source	0
116	31	99	default:river_water_source	0
117	31	99	default:river_water_source	0
118	31	99	default:river_water_source	0
72	32	99	default:river_water_source	0
72	32	99	grug_decor:darkage_marble	0
73	32	99	default:river_water_source	0
74	32	99	default:river_water_source	0
75	32	99	default:river_water_source	0
76	32	99	default:river_water_source	0
77	32	99	default:river_water_source	0
78	32	99	default:river_water_source	0
79	32	99	default:river_water_source	0
80	32	99	default:river_water_source	0
80	32	99	grug_decor:darkage_marble	0
81	32	99	default:river_water_source	0
82	32	99	default:river_water_source	0
83	32	99	default:river_water_source	0
84	32	99	default:river_water_source	0
85	32	99	default:river_water_source	0
86	32	99	default:river_water_source	0
87	32	99	default:river_water_source	0
88	32	99	default:river_water_source	0
88	32	99	grug_decor:darkage_marble	0
89	32	99	default:river_water_source	0
90	32	99	default:river_water_source	0
91	32	99	default:river_water_source	0
92	32	99	default:river_water_source	0
93	32	99	default:river_water_source	0
94	32	99	default:river_water_source	0
95	32	99	default:river_water_source	0
96	32	99	default:river_water_source	0
96	32	99	grug_decor:darkage_marble	0
97	32	99	default:river_water_source	0
98	32	99	default:river_water_source	0
99	32	99	default:river_water_source	0
100	32	99	default:river_water_source	0
101	32	99	default:river_water_source	0
102	32	99	default:river_water_source	0
103	32	99	default:river_water_source	0
104	32	99	default:river_water_source	0
105	32	99	default:river_water_source	0
106	32	99	default:river_water_source	0
107	32	99	default:river_water_source	0
108	32	99	default:river_water_source	0
109	32	99	default:river_water_source	0
110	32	99	default:river_water_source	0
111	32	99	default:river_water_source	0
112	32	99	default:river_water_source	0
113	32	99	default:river_water_source	0
114	32	99	default:river_water_source	0
115	32	99	default:river_water_source	0
116	32	99	default:river_water_source	0
117	32	99	default:river_water_source	0
118	32	99	default:river_water_source	0
72	33	99	default:river_water_source	0
72	33	99	grug_decor:darkage_marble	0
73	33	99	default:river_water_source	0
74	33	99	default:river_water_source	0
75	33	99	default:river_water_source	0
76	33	99	default:river_water_source	0
77	33	99	default:river_water_source	0
78	33	99	default:river_water_source	0
79	33	99	default:river_water_source	0
80	33	99	default:river_water_source	0
80	33	99	grug_decor:darkage_marble	0
81	33	99	default:river_water_source	0
82	33	99	default:river_water_source	0
83	33	99	default:river_water_source	0
84	33	99	default:river_water_source	0
85	33	99	default:river_water_source	0
86	33	99	default:river_water_source	0
87	33	99	default:river_water_source	0
88	33	99	default:river_water_source	0
88	33	99	grug_decor:darkage_marble	0
89	33	99	default:river_water_source	0
90	33	99	default:river_water_source	0
91	33	99	default:river_water_source	0
92	33	99	default:river_water_source	0
93	33	99	default:river_water_source	0
94	33	99	default:river_water_source	0
95	33	99	default:river_water_source	0
96	33	99	default:river_water_source	0
96	33	99	grug_decor:darkage_marble	0
97	33	99	default:river_water_source	0
98	33	99	default:river_water_source	0
99	33	99	default:river_water_source	0
100	33	99	default:river_water_source	0
101	33	99	default:river_water_source	0
102	33	99	default:river_water_source	0
103	33	99	default:river_water_source	0
104	33	99	default:river_water_source	0
105	33	99	default:river_water_source	0
106	33	99	default:river_water_source	0
107	33	99	default:river_water_source	0
108	33	99	default:river_water_source	0
109	33	99	default:river_water_source	0
110	33	99	default:river_water_source	0
111	33	99	default:river_water_source	0
112	33	99	default:river_water_source	0
113	33	99	default:river_water_source	0
114	33	99	default:river_water_source	0
115	33	99	default:river_water_source	0
116	33	99	default:river_water_source	0
117	33	99	default:river_water_source	0
118	33	99	default:river_water_source	0
72	34	99	default:river_water_source	0
72	34	99	grug_decor:darkage_marble	0
73	34	99	default:river_water_source	0
74	34	99	default:river_water_source	0
75	34	99	default:river_water_source	0
76	34	99	default:river_water_source	0
77	34	99	default:river_water_source	0
78	34	99	default:river_water_source	0
79	34	99	default:river_water_source	0
80	34	99	default:river_water_source	0
80	34	99	grug_decor:darkage_marble	0
81	34	99	default:river_water_source	0
82	34	99	default:river_water_source	0
83	34	99	default:river_water_source	0
84	34	99	default:river_water_source	0
85	34	99	default:river_water_source	0
86	34	99	default:river_water_source	0
87	34	99	default:river_water_source	0
88	34	99	default:river_water_source	0
88	34	99	grug_decor:darkage_marble	0
89	34	99	default:river_water_source	0
90	34	99	default:river_water_source	0
91	34	99	default:river_water_source	0
92	34	99	default:river_water_source	0
93	34	99	default:river_water_source	0
94	34	99	default:river_water_source	0
95	34	99	default:river_water_source	0
96	34	99	default:river_water_source	0
96	34	99	grug_decor:darkage_marble	0
97	34	99	default:river_water_source	0
98	34	99	default:river_water_source	0
99	34	99	default:river_water_source	0
100	34	99	default:river_water_source	0
101	34	99	default:river_water_source	0
102	34	99	default:river_water_source	0
103	34	99	default:river_water_source	0
104	34	99	default:river_water_source	0
105	34	99	default:river_water_source	0
106	34	99	default:river_water_source	0
107	34	99	default:river_water_source	0
108	34	99	default:river_water_source	0
109	34	99	default:river_water_source	0
110	34	99	default:river_water_source	0
111	34	99	default:river_water_source	0
112	34	99	default:river_water_source	0
113	34	99	default:river_water_source	0
114	34	99	default:river_water_source	0
115	34	99	default:river_water_source	0
116	34	99	default:river_water_source	0
117	34	99	default:river_water_source	0
118	34	99	default:river_water_source	0
72	35	99	default:river_water_source	0
72	35	99	grug_decor:darkage_marble	0
73	35	99	default:river_water_source	0
74	35	99	default:river_water_source	0
75	35	99	default:river_water_source	0
76	35	99	default:river_water_source	0
77	35	99	default:river_water_source	0
78	35	99	default:river_water_source	0
79	35	99	default:river_water_source	0
80	35	99	default:river_water_source	0
80	35	99	grug_decor:darkage_marble	0
81	35	99	default:river_water_source	0
82	35	99	default:river_water_source	0
83	35	99	default:river_water_source	0
84	35	99	default:river_water_source	0
85	35	99	default:river_water_source	0
86	35	99	default:river_water_source	0
87	35	99	default:river_water_source	0
88	35	99	default:river_water_source	0
88	35	99	grug_decor:darkage_marble	0
89	35	99	default:river_water_source	0
90	35	99	default:river_water_source	0
91	35	99	default:river_water_source	0
92	35	99	default:river_water_source	0
93	35	99	default:river_water_source	0
94	35	99	default:river_water_source	0
95	35	99	default:river_water_source	0
96	35	99	default:river_water_source	0
96	35	99	grug_decor:darkage_marble	0
97	35	99	default:river_water_source	0
98	35	99	default:river_water_source	0
99	35	99	default:river_water_source	0
100	35	99	default:river_water_source	0
101	35	99	default:river_water_source	0
102	35	99	default:river_water_source	0
103	35	99	default:river_water_source	0
104	35	99	default:river_water_source	0
105	35	99	default:river_water_source	0
106	35	99	default:river_water_source	0
107	35	99	default:river_water_source	0
108	35	99	default:river_water_source	0
109	35	99	default:river_water_source	0
110	35	99	default:river_water_source	0
111	35	99	default:river_water_source	0
112	35	99	default:river_water_source	0
113	35	99	default:river_water_source	0
114	35	99	default:river_water_source	0
115	35	99	default:river_water_source	0
116	35	99	default:river_water_source	0
117	35	99	default:river_water_source	0
118	35	99	default:river_water_source	0
72	36	99	grug_trees:silverwood_wood	0
73	36	99	grug_trees:silverwood_wood	0
74	36	99	grug_trees:silverwood_wood	0
75	36	99	grug_trees:silverwood_wood	0
76	36	99	grug_trees:silverwood_wood	0
77	36	99	grug_trees:silverwood_wood	0
78	36	99	grug_trees:silverwood_wood	0
79	36	99	grug_trees:silverwood_wood	0
80	36	99	grug_trees:silverwood_wood	0
81	36	99	grug_trees:silverwood_wood	0
82	36	99	grug_trees:silverwood_wood	0
83	36	99	grug_trees:silverwood_wood	0
84	36	99	grug_trees:silverwood_wood	0
85	36	99	grug_trees:silverwood_wood	0
86	36	99	grug_trees:silverwood_wood	0
87	36	99	grug_trees:silverwood_wood	0
88	36	99	grug_trees:silverwood_wood	0
89	36	99	grug_trees:silverwood_wood	0
90	36	99	grug_trees:silverwood_wood	0
91	36	99	grug_trees:silverwood_wood	0
92	36	99	grug_trees:silverwood_wood	0
93	36	99	grug_trees:silverwood_wood	0
94	36	99	grug_trees:silverwood_wood	0
95	36	99	grug_trees:silverwood_wood	0
96	36	99	grug_trees:silverwood_wood	0
72	37	99	grug_trees:silverwood_tree	0
73	37	99	default:fence_aspen_wood	0
74	37	99	default:fence_aspen_wood	0
75	37	99	default:fence_aspen_wood	0
76	37	99	default:fence_aspen_wood	0
77	37	99	default:fence_aspen_wood	0
78	37	99	default:fence_aspen_wood	0
79	37	99	default:fence_aspen_wood	0
80	37	99	grug_trees:silverwood_tree	0
81	37	99	default:fence_aspen_wood	0
82	37	99	default:fence_aspen_wood	0
83	37	99	default:fence_aspen_wood	0
84	37	99	default:fence_aspen_wood	0
85	37	99	default:fence_aspen_wood	0
86	37	99	default:fence_aspen_wood	0
87	37	99	default:fence_aspen_wood	0
88	37	99	grug_trees:silverwood_tree	0
89	37	99	default:fence_aspen_wood	0
90	37	99	default:fence_aspen_wood	0
91	37	99	default:fence_aspen_wood	0
92	37	99	default:fence_aspen_wood	0
93	37	99	default:fence_aspen_wood	0
94	37	99	default:fence_aspen_wood	0
95	37	99	default:fence_aspen_wood	0
96	37	99	grug_trees:silverwood_tree	0
72	38	99	grug_trees:silverwood_tree	0
80	38	99	grug_trees:silverwood_tree	0
88	38	99	grug_trees:silverwood_tree	0
96	38	99	grug_trees:silverwood_tree	0
72	39	99	grug_decor:xdecor_candle	1
80	39	99	grug_decor:xdecor_candle	1
88	39	99	grug_decor:xdecor_candle	1
96	39	99	grug_decor:xdecor_candle	1
72	25	100	default:dirt	0
73	25	100	default:dirt	0
74	25	100	default:dirt	0
75	25	100	default:dirt	0
76	25	100	default:dirt	0
77	25	100	default:dirt	0
78	25	100	default:dirt	0
79	25	100	default:dirt	0
99	25	100	default:dirt	0
100	25	100	default:dirt	0
101	25	100	default:dirt	0
102	25	100	default:dirt	0
103	25	100	default:dirt	0
104	25	100	default:dirt	0
105	25	100	default:dirt	0
106	25	100	default:dirt	0
107	25	100	default:dirt	0
108	25	100	default:dirt	0
109	25	100	default:dirt	0
110	25	100	default:dirt	0
111	25	100	default:dirt	0
112	25	100	default:dirt	0
113	25	100	default:dirt	0
114	25	100	default:dirt	0
115	25	100	default:dirt	0
116	25	100	default:dirt	0
117	25	100	default:dirt	0
118	25	100	default:dirt	0
72	26	100	default:dirt	0
73	26	100	default:dirt	0
74	26	100	default:dirt	0
75	26	100	default:dirt	0
76	26	100	default:dirt	0
77	26	100	default:dirt	0
78	26	100	default:dirt	0
79	26	100	default:dirt	0
80	26	100	default:dirt	0
81	26	100	default:dirt	0
82	26	100	default:dirt	0
83	26	100	default:dirt	0
84	26	100	default:dirt	0
85	26	100	default:dirt	0
86	26	100	default:dirt	0
87	26	100	default:dirt	0
88	26	100	default:dirt	0
89	26	100	default:dirt	0
90	26	100	default:dirt	0
91	26	100	default:dirt	0
92	26	100	default:dirt	0
93	26	100	default:dirt	0
94	26	100	default:dirt	0
95	26	100	default:dirt	0
96	26	100	default:dirt	0
97	26	100	default:dirt	0
98	26	100	default:dirt	0
99	26	100	default:dirt	0
100	26	100	default:dirt	0
101	26	100	default:dirt	0
102	26	100	default:dirt	0
103	26	100	default:dirt	0
104	26	100	default:dirt	0
105	26	100	default:dirt	0
106	26	100	default:dirt	0
107	26	100	default:dirt	0
108	26	100	default:dirt	0
109	26	100	default:dirt	0
110	26	100	default:dirt	0
111	26	100	default:dirt	0
112	26	100	default:dirt	0
113	26	100	default:dirt	0
114	26	100	default:dirt	0
115	26	100	default:dirt	0
116	26	100	default:dirt	0
117	26	100	default:dirt	0
118	26	100	default:dirt	0
72	27	100	default:dirt	0
73	27	100	default:dirt	0
74	27	100	default:dirt	0
75	27	100	default:dirt	0
76	27	100	default:dirt	0
77	27	100	default:dirt	0
78	27	100	default:dirt	0
79	27	100	default:dirt	0
80	27	100	default:dirt	0
81	27	100	default:dirt	0
82	27	100	default:dirt	0
83	27	100	default:dirt	0
84	27	100	default:dirt	0
85	27	100	default:dirt	0
86	27	100	default:dirt	0
87	27	100	default:dirt	0
88	27	100	default:dirt	0
89	27	100	default:dirt	0
90	27	100	default:dirt	0
91	27	100	default:dirt	0
92	27	100	default:dirt	0
93	27	100	default:dirt	0
94	27	100	default:dirt	0
95	27	100	default:dirt	0
96	27	100	default:dirt	0
97	27	100	default:dirt	0
98	27	100	default:dirt	0
99	27	100	default:dirt	0
100	27	100	default:dirt	0
101	27	100	default:dirt	0
102	27	100	default:dirt	0
103	27	100	default:dirt	0
104	27	100	default:dirt	0
105	27	100	default:dirt	0
106	27	100	default:dirt	0
107	27	100	default:dirt	0
108	27	100	default:dirt	0
109	27	100	default:dirt	0
110	27	100	default:dirt	0
111	27	100	default:dirt	0
112	27	100	default:dirt	0
113	27	100	default:dirt	0
114	27	100	default:dirt	0
115	27	100	default:dirt	0
116	27	100	default:dirt	0
117	27	100	default:dirt	0
118	27	100	default:dirt	0
72	28	100	grug_nodes:dirt_with_silver_litter	0
73	28	100	grug_nodes:dirt_with_silver_litter	0
74	28	100	grug_nodes:dirt_with_silver_litter	0
75	28	100	grug_nodes:dirt_with_silver_litter	0
76	28	100	grug_nodes:dirt_with_silver_litter	0
77	28	100	grug_nodes:dirt_with_silver_litter	0
78	28	100	grug_nodes:dirt_with_silver_litter	0
79	28	100	grug_nodes:dirt_with_silver_litter	0
80	28	100	default:dirt	0
81	28	100	default:dirt	0
82	28	100	default:dirt	0
83	28	100	default:dirt	0
84	28	100	default:dirt	0
85	28	100	default:dirt	0
86	28	100	default:dirt	0
87	28	100	default:dirt	0
88	28	100	default:dirt	0
89	28	100	default:dirt	0
90	28	100	default:dirt	0
91	28	100	default:dirt	0
92	28	100	default:dirt	0
93	28	100	default:dirt	0
94	28	100	default:dirt	0
95	28	100	default:dirt	0
96	28	100	default:dirt	0
97	28	100	default:dirt	0
98	28	100	default:dirt	0
99	28	100	grug_nodes:dirt_with_silver_litter	0
100	28	100	grug_nodes:dirt_with_silver_litter	0
101	28	100	grug_nodes:dirt_with_silver_litter	0
102	28	100	grug_nodes:dirt_with_silver_litter	0
103	28	100	grug_nodes:dirt_with_silver_litter	0
104	28	100	grug_nodes:dirt_with_silver_litter	0
105	28	100	grug_nodes:dirt_with_silver_litter	0
106	28	100	grug_nodes:dirt_with_silver_litter	0
107	28	100	grug_nodes:dirt_with_silver_litter	0
108	28	100	grug_nodes:dirt_with_silver_litter	0
109	28	100	grug_nodes:dirt_with_silver_litter	0
110	28	100	grug_nodes:dirt_with_silver_litter	0
111	28	100	grug_nodes:dirt_with_silver_litter	0
112	28	100	grug_nodes:dirt_with_silver_litter	0
113	28	100	grug_nodes:dirt_with_silver_litter	0
114	28	100	grug_nodes:dirt_with_silver_litter	0
115	28	100	grug_nodes:dirt_with_silver_litter	0
116	28	100	grug_nodes:dirt_with_silver_litter	0
117	28	100	grug_nodes:dirt_with_silver_litter	0
118	28	100	grug_nodes:dirt_with_silver_litter	0
72	29	100	default:river_water_source	0
73	29	100	default:river_water_source	0
74	29	100	default:river_water_source	0
75	29	100	default:river_water_source	0
76	29	100	default:river_water_source	0
77	29	100	default:river_water_source	0
78	29	100	default:river_water_source	0
79	29	100	default:river_water_source	0
80	29	100	grug_nodes:dirt_with_silver_litter	0
81	29	100	grug_nodes:dirt_with_silver_litter	0
82	29	100	grug_nodes:dirt_with_silver_litter	0
83	29	100	grug_nodes:dirt_with_silver_litter	0
84	29	100	grug_nodes:dirt_with_silver_litter	0
85	29	100	grug_nodes:dirt_with_silver_litter	0
86	29	100	grug_nodes:dirt_with_silver_litter	0
87	29	100	grug_nodes:dirt_with_silver_litter	0
88	29	100	grug_nodes:dirt_with_silver_litter	0
89	29	100	grug_nodes:dirt_with_silver_litter	0
90	29	100	grug_nodes:dirt_with_silver_litter	0
91	29	100	grug_nodes:dirt_with_silver_litter	0
92	29	100	grug_nodes:dirt_with_silver_litter	0
93	29	100	grug_nodes:dirt_with_silver_litter	0
94	29	100	grug_nodes:dirt_with_silver_litter	0
95	29	100	grug_nodes:dirt_with_silver_litter	0
96	29	100	grug_nodes:dirt_with_silver_litter	0
97	29	100	grug_nodes:dirt_with_silver_litter	0
98	29	100	grug_nodes:dirt_with_silver_litter	0
99	29	100	default:river_water_source	0
100	29	100	default:river_water_source	0
101	29	100	default:river_water_source	0
102	29	100	default:river_water_source	0
103	29	100	default:river_water_source	0
104	29	100	default:river_water_source	0
105	29	100	default:river_water_source	0
106	29	100	default:river_water_source	0
107	29	100	default:river_water_source	0
108	29	100	default:river_water_source	0
109	29	100	default:river_water_source	0
110	29	100	default:river_water_source	0
111	29	100	default:river_water_source	0
112	29	100	default:river_water_source	0
113	29	100	default:river_water_source	0
114	29	100	default:river_water_source	0
115	29	100	default:river_water_source	0
116	29	100	default:river_water_source	0
117	29	100	default:river_water_source	0
118	29	100	default:river_water_source	0
72	30	100	default:river_water_source	0
73	30	100	default:river_water_source	0
74	30	100	default:river_water_source	0
75	30	100	default:river_water_source	0
76	30	100	default:river_water_source	0
77	30	100	default:river_water_source	0
78	30	100	default:river_water_source	0
79	30	100	default:river_water_source	0
80	30	100	default:river_water_source	0
81	30	100	default:river_water_source	0
82	30	100	default:river_water_source	0
83	30	100	default:river_water_source	0
84	30	100	default:river_water_source	0
85	30	100	default:river_water_source	0
86	30	100	default:river_water_source	0
87	30	100	default:river_water_source	0
88	30	100	default:river_water_source	0
89	30	100	default:river_water_source	0
90	30	100	default:river_water_source	0
91	30	100	default:river_water_source	0
92	30	100	default:river_water_source	0
93	30	100	default:river_water_source	0
94	30	100	default:river_water_source	0
95	30	100	default:river_water_source	0
96	30	100	default:river_water_source	0
97	30	100	default:river_water_source	0
98	30	100	default:river_water_source	0
99	30	100	default:river_water_source	0
100	30	100	default:river_water_source	0
101	30	100	default:river_water_source	0
102	30	100	default:river_water_source	0
103	30	100	default:river_water_source	0
104	30	100	default:river_water_source	0
105	30	100	default:river_water_source	0
106	30	100	default:river_water_source	0
107	30	100	default:river_water_source	0
108	30	100	default:river_water_source	0
109	30	100	default:river_water_source	0
110	30	100	default:river_water_source	0
111	30	100	default:river_water_source	0
112	30	100	default:river_water_source	0
113	30	100	default:river_water_source	0
114	30	100	default:river_water_source	0
115	30	100	default:river_water_source	0
116	30	100	default:river_water_source	0
117	30	100	default:river_water_source	0
118	30	100	default:river_water_source	0
72	31	100	default:river_water_source	0
73	31	100	default:river_water_source	0
74	31	100	default:river_water_source	0
75	31	100	default:river_water_source	0
76	31	100	default:river_water_source	0
77	31	100	default:river_water_source	0
78	31	100	default:river_water_source	0
79	31	100	default:river_water_source	0
80	31	100	default:river_water_source	0
81	31	100	default:river_water_source	0
82	31	100	default:river_water_source	0
83	31	100	default:river_water_source	0
84	31	100	default:river_water_source	0
85	31	100	default:river_water_source	0
86	31	100	default:river_water_source	0
87	31	100	default:river_water_source	0
88	31	100	default:river_water_source	0
89	31	100	default:river_water_source	0
90	31	100	default:river_water_source	0
91	31	100	default:river_water_source	0
92	31	100	default:river_water_source	0
93	31	100	default:river_water_source	0
94	31	100	default:river_water_source	0
95	31	100	default:river_water_source	0
96	31	100	default:river_water_source	0
97	31	100	default:river_water_source	0
98	31	100	default:river_water_source	0
99	31	100	default:river_water_source	0
100	31	100	default:river_water_source	0
101	31	100	default:river_water_source	0
102	31	100	default:river_water_source	0
103	31	100	default:river_water_source	0
104	31	100	default:river_water_source	0
105	31	100	default:river_water_source	0
106	31	100	default:river_water_source	0
107	31	100	default:river_water_source	0
108	31	100	default:river_water_source	0
109	31	100	default:river_water_source	0
110	31	100	default:river_water_source	0
111	31	100	default:river_water_source	0
112	31	100	default:river_water_source	0
113	31	100	default:river_water_source	0
114	31	100	default:river_water_source	0
115	31	100	default:river_water_source	0
116	31	100	default:river_water_source	0
117	31	100	default:river_water_source	0
118	31	100	default:river_water_source	0
72	32	100	default:river_water_source	0
73	32	100	default:river_water_source	0
74	32	100	default:river_water_source	0
75	32	100	default:river_water_source	0
76	32	100	default:river_water_source	0
77	32	100	default:river_water_source	0
78	32	100	default:river_water_source	0
79	32	100	default:river_water_source	0
80	32	100	default:river_water_source	0
81	32	100	default:river_water_source	0
82	32	100	default:river_water_source	0
83	32	100	default:river_water_source	0
84	32	100	default:river_water_source	0
85	32	100	default:river_water_source	0
86	32	100	default:river_water_source	0
87	32	100	default:river_water_source	0
88	32	100	default:river_water_source	0
89	32	100	default:river_water_source	0
90	32	100	default:river_water_source	0
91	32	100	default:river_water_source	0
92	32	100	default:river_water_source	0
93	32	100	default:river_water_source	0
94	32	100	default:river_water_source	0
95	32	100	default:river_water_source	0
96	32	100	default:river_water_source	0
97	32	100	default:river_water_source	0
98	32	100	default:river_water_source	0
99	32	100	default:river_water_source	0
100	32	100	default:river_water_source	0
101	32	100	default:river_water_source	0
102	32	100	default:river_water_source	0
103	32	100	default:river_water_source	0
104	32	100	default:river_water_source	0
105	32	100	default:river_water_source	0
106	32	100	default:river_water_source	0
107	32	100	default:river_water_source	0
108	32	100	default:river_water_source	0
109	32	100	default:river_water_source	0
110	32	100	default:river_water_source	0
111	32	100	default:river_water_source	0
112	32	100	default:river_water_source	0
113	32	100	default:river_water_source	0
114	32	100	default:river_water_source	0
115	32	100	default:river_water_source	0
116	32	100	default:river_water_source	0
117	32	100	default:river_water_source	0
118	32	100	default:river_water_source	0
72	33	100	default:river_water_source	0
73	33	100	default:river_water_source	0
74	33	100	default:river_water_source	0
75	33	100	default:river_water_source	0
76	33	100	default:river_water_source	0
77	33	100	default:river_water_source	0
78	33	100	default:river_water_source	0
79	33	100	default:river_water_source	0
80	33	100	default:river_water_source	0
81	33	100	default:river_water_source	0
82	33	100	default:river_water_source	0
83	33	100	default:river_water_source	0
84	33	100	default:river_water_source	0
85	33	100	default:river_water_source	0
86	33	100	default:river_water_source	0
87	33	100	default:river_water_source	0
88	33	100	default:river_water_source	0
89	33	100	default:river_water_source	0
90	33	100	default:river_water_source	0
91	33	100	default:river_water_source	0
92	33	100	default:river_water_source	0
93	33	100	default:river_water_source	0
94	33	100	default:river_water_source	0
95	33	100	default:river_water_source	0
96	33	100	default:river_water_source	0
97	33	100	default:river_water_source	0
98	33	100	default:river_water_source	0
99	33	100	default:river_water_source	0
100	33	100	default:river_water_source	0
101	33	100	default:river_water_source	0
102	33	100	default:river_water_source	0
103	33	100	default:river_water_source	0
104	33	100	default:river_water_source	0
105	33	100	default:river_water_source	0
106	33	100	default:river_water_source	0
107	33	100	default:river_water_source	0
108	33	100	default:river_water_source	0
109	33	100	default:river_water_source	0
110	33	100	default:river_water_source	0
111	33	100	default:river_water_source	0
112	33	100	default:river_water_source	0
113	33	100	default:river_water_source	0
114	33	100	default:river_water_source	0
115	33	100	default:river_water_source	0
116	33	100	default:river_water_source	0
117	33	100	default:river_water_source	0
118	33	100	default:river_water_source	0
72	34	100	default:river_water_source	0
73	34	100	default:river_water_source	0
74	34	100	default:river_water_source	0
75	34	100	default:river_water_source	0
76	34	100	default:river_water_source	0
77	34	100	default:river_water_source	0
78	34	100	default:river_water_source	0
79	34	100	default:river_water_source	0
80	34	100	default:river_water_source	0
81	34	100	default:river_water_source	0
82	34	100	default:river_water_source	0
83	34	100	default:river_water_source	0
84	34	100	default:river_water_source	0
85	34	100	default:river_water_source	0
86	34	100	default:river_water_source	0
87	34	100	default:river_water_source	0
88	34	100	default:river_water_source	0
89	34	100	default:river_water_source	0
90	34	100	default:river_water_source	0
91	34	100	default:river_water_source	0
92	34	100	default:river_water_source	0
93	34	100	default:river_water_source	0
94	34	100	default:river_water_source	0
95	34	100	default:river_water_source	0
96	34	100	default:river_water_source	0
97	34	100	default:river_water_source	0
98	34	100	default:river_water_source	0
99	34	100	default:river_water_source	0
100	34	100	default:river_water_source	0
101	34	100	default:river_water_source	0
102	34	100	default:river_water_source	0
103	34	100	default:river_water_source	0
104	34	100	default:river_water_source	0
105	34	100	default:river_water_source	0
106	34	100	default:river_water_source	0
107	34	100	default:river_water_source	0
108	34	100	default:river_water_source	0
109	34	100	default:river_water_source	0
110	34	100	default:river_water_source	0
111	34	100	default:river_water_source	0
112	34	100	default:river_water_source	0
113	34	100	default:river_water_source	0
114	34	100	default:river_water_source	0
115	34	100	default:river_water_source	0
116	34	100	default:river_water_source	0
117	34	100	default:river_water_source	0
118	34	100	default:river_water_source	0
72	35	100	default:river_water_source	0
73	35	100	default:river_water_source	0
74	35	100	default:river_water_source	0
75	35	100	default:river_water_source	0
76	35	100	default:river_water_source	0
77	35	100	default:river_water_source	0
78	35	100	default:river_water_source	0
79	35	100	default:river_water_source	0
80	35	100	default:river_water_source	0
81	35	100	default:river_water_source	0
82	35	100	default:river_water_source	0
83	35	100	default:river_water_source	0
84	35	100	default:river_water_source	0
85	35	100	default:river_water_source	0
86	35	100	default:river_water_source	0
87	35	100	default:river_water_source	0
88	35	100	default:river_water_source	0
89	35	100	default:river_water_source	0
90	35	100	default:river_water_source	0
91	35	100	default:river_water_source	0
92	35	100	default:river_water_source	0
93	35	100	default:river_water_source	0
94	35	100	default:river_water_source	0
95	35	100	default:river_water_source	0
96	35	100	default:river_water_source	0
97	35	100	default:river_water_source	0
98	35	100	default:river_water_source	0
99	35	100	default:river_water_source	0
100	35	100	default:river_water_source	0
101	35	100	default:river_water_source	0
102	35	100	default:river_water_source	0
103	35	100	default:river_water_source	0
104	35	100	default:river_water_source	0
105	35	100	default:river_water_source	0
106	35	100	default:river_water_source	0
107	35	100	default:river_water_source	0
108	35	100	default:river_water_source	0
109	35	100	default:river_water_source	0
110	35	100	default:river_water_source	0
111	35	100	default:river_water_source	0
112	35	100	default:river_water_source	0
113	35	100	default:river_water_source	0
114	35	100	default:river_water_source	0
115	35	100	default:river_water_source	0
116	35	100	default:river_water_source	0
117	35	100	default:river_water_source	0
118	35	100	default:river_water_source	0
72	25	101	default:dirt	0
73	25	101	default:dirt	0
74	25	101	default:dirt	0
75	25	101	default:dirt	0
76	25	101	default:dirt	0
77	25	101	default:dirt	0
78	25	101	default:dirt	0
79	25	101	default:dirt	0
80	25	101	default:dirt	0
99	25	101	default:dirt	0
100	25	101	default:dirt	0
101	25	101	default:dirt	0
102	25	101	default:dirt	0
103	25	101	default:dirt	0
104	25	101	default:dirt	0
105	25	101	default:dirt	0
106	25	101	default:dirt	0
107	25	101	default:dirt	0
108	25	101	default:dirt	0
109	25	101	default:dirt	0
110	25	101	default:dirt	0
111	25	101	default:dirt	0
112	25	101	default:dirt	0
113	25	101	default:dirt	0
114	25	101	default:dirt	0
115	25	101	default:dirt	0
116	25	101	default:dirt	0
117	25	101	default:dirt	0
118	25	101	default:dirt	0
72	26	101	default:dirt	0
73	26	101	default:dirt	0
74	26	101	default:dirt	0
75	26	101	default:dirt	0
76	26	101	default:dirt	0
77	26	101	default:dirt	0
78	26	101	default:dirt	0
79	26	101	default:dirt	0
80	26	101	default:dirt	0
81	26	101	default:dirt	0
82	26	101	default:dirt	0
83	26	101	default:dirt	0
84	26	101	default:dirt	0
85	26	101	default:dirt	0
86	26	101	default:dirt	0
87	26	101	default:dirt	0
88	26	101	default:dirt	0
89	26	101	default:dirt	0
90	26	101	default:dirt	0
91	26	101	default:dirt	0
92	26	101	default:dirt	0
93	26	101	default:dirt	0
94	26	101	default:dirt	0
95	26	101	default:dirt	0
96	26	101	default:dirt	0
97	26	101	default:dirt	0
98	26	101	default:dirt	0
99	26	101	default:dirt	0
100	26	101	default:dirt	0
101	26	101	default:dirt	0
102	26	101	default:dirt	0
103	26	101	default:dirt	0
104	26	101	default:dirt	0
105	26	101	default:dirt	0
106	26	101	default:dirt	0
107	26	101	default:dirt	0
108	26	101	default:dirt	0
109	26	101	default:dirt	0
110	26	101	default:dirt	0
111	26	101	default:dirt	0
112	26	101	default:dirt	0
113	26	101	default:dirt	0
114	26	101	default:dirt	0
115	26	101	default:dirt	0
116	26	101	default:dirt	0
117	26	101	default:dirt	0
118	26	101	default:dirt	0
72	27	101	default:dirt	0
73	27	101	default:dirt	0
74	27	101	default:dirt	0
75	27	101	default:dirt	0
76	27	101	default:dirt	0
77	27	101	default:dirt	0
78	27	101	default:dirt	0
79	27	101	default:dirt	0
80	27	101	default:dirt	0
81	27	101	default:dirt	0
82	27	101	default:dirt	0
83	27	101	default:dirt	0
84	27	101	default:dirt	0
85	27	101	default:dirt	0
86	27	101	default:dirt	0
87	27	101	default:dirt	0
88	27	101	default:dirt	0
89	27	101	default:dirt	0
90	27	101	default:dirt	0
91	27	101	default:dirt	0
92	27	101	default:dirt	0
93	27	101	default:dirt	0
94	27	101	default:dirt	0
95	27	101	default:dirt	0
96	27	101	default:dirt	0
97	27	101	default:dirt	0
98	27	101	default:dirt	0
99	27	101	default:dirt	0
100	27	101	default:dirt	0
101	27	101	default:dirt	0
102	27	101	default:dirt	0
103	27	101	default:dirt	0
104	27	101	default:dirt	0
105	27	101	default:dirt	0
106	27	101	default:dirt	0
107	27	101	default:dirt	0
108	27	101	default:dirt	0
109	27	101	default:dirt	0
110	27	101	default:dirt	0
111	27	101	default:dirt	0
112	27	101	default:dirt	0
113	27	101	default:dirt	0
114	27	101	default:dirt	0
115	27	101	default:dirt	0
116	27	101	default:dirt	0
117	27	101	default:dirt	0
118	27	101	default:dirt	0
72	28	101	grug_nodes:dirt_with_silver_litter	0
73	28	101	grug_nodes:dirt_with_silver_litter	0
74	28	101	grug_nodes:dirt_with_silver_litter	0
75	28	101	grug_nodes:dirt_with_silver_litter	0
76	28	101	grug_nodes:dirt_with_silver_litter	0
77	28	101	grug_nodes:dirt_with_silver_litter	0
78	28	101	grug_nodes:dirt_with_silver_litter	0
79	28	101	grug_nodes:dirt_with_silver_litter	0
80	28	101	grug_nodes:dirt_with_silver_litter	0
81	28	101	default:dirt	0
82	28	101	default:dirt	0
83	28	101	default:dirt	0
84	28	101	default:dirt	0
85	28	101	default:dirt	0
86	28	101	default:dirt	0
87	28	101	default:dirt	0
88	28	101	default:dirt	0
89	28	101	default:dirt	0
90	28	101	default:dirt	0
91	28	101	default:dirt	0
92	28	101	default:dirt	0
93	28	101	default:dirt	0
94	28	101	default:dirt	0
95	28	101	default:dirt	0
96	28	101	default:dirt	0
97	28	101	default:dirt	0
98	28	101	default:dirt	0
99	28	101	grug_nodes:dirt_with_silver_litter	0
100	28	101	grug_nodes:dirt_with_silver_litter	0
101	28	101	grug_nodes:dirt_with_silver_litter	0
102	28	101	grug_nodes:dirt_with_silver_litter	0
103	28	101	grug_nodes:dirt_with_silver_litter	0
104	28	101	grug_nodes:dirt_with_silver_litter	0
105	28	101	grug_nodes:dirt_with_silver_litter	0
106	28	101	grug_nodes:dirt_with_silver_litter	0
107	28	101	grug_nodes:dirt_with_silver_litter	0
108	28	101	grug_nodes:dirt_with_silver_litter	0
109	28	101	grug_nodes:dirt_with_silver_litter	0
110	28	101	grug_nodes:dirt_with_silver_litter	0
111	28	101	grug_nodes:dirt_with_silver_litter	0
112	28	101	grug_nodes:dirt_with_silver_litter	0
113	28	101	grug_nodes:dirt_with_silver_litter	0
114	28	101	grug_nodes:dirt_with_silver_litter	0
115	28	101	grug_nodes:dirt_with_silver_litter	0
116	28	101	grug_nodes:dirt_with_silver_litter	0
117	28	101	grug_nodes:dirt_with_silver_litter	0
118	28	101	grug_nodes:dirt_with_silver_litter	0
72	29	101	default:river_water_source	0
73	29	101	default:river_water_source	0
74	29	101	default:river_water_source	0
75	29	101	default:river_water_source	0
76	29	101	default:river_water_source	0
77	29	101	default:river_water_source	0
78	29	101	default:river_water_source	0
79	29	101	default:river_water_source	0
80	29	101	default:river_water_source	0
81	29	101	grug_nodes:dirt_with_silver_litter	0
82	29	101	grug_nodes:dirt_with_silver_litter	0
83	29	101	grug_nodes:dirt_with_silver_litter	0
84	29	101	grug_nodes:dirt_with_silver_litter	0
85	29	101	grug_nodes:dirt_with_silver_litter	0
86	29	101	grug_nodes:dirt_with_silver_litter	0
87	29	101	grug_nodes:dirt_with_silver_litter	0
88	29	101	grug_nodes:dirt_with_silver_litter	0
89	29	101	grug_nodes:dirt_with_silver_litter	0
90	29	101	grug_nodes:dirt_with_silver_litter	0
91	29	101	grug_nodes:dirt_with_silver_litter	0
92	29	101	grug_nodes:dirt_with_silver_litter	0
93	29	101	grug_nodes:dirt_with_silver_litter	0
94	29	101	grug_nodes:dirt_with_silver_litter	0
95	29	101	grug_nodes:dirt_with_silver_litter	0
96	29	101	grug_nodes:dirt_with_silver_litter	0
97	29	101	grug_nodes:dirt_with_silver_litter	0
98	29	101	grug_nodes:dirt_with_silver_litter	0
99	29	101	default:river_water_source	0
100	29	101	default:river_water_source	0
101	29	101	default:river_water_source	0
102	29	101	default:river_water_source	0
103	29	101	default:river_water_source	0
104	29	101	default:river_water_source	0
105	29	101	default:river_water_source	0
106	29	101	default:river_water_source	0
107	29	101	default:river_water_source	0
108	29	101	default:river_water_source	0
109	29	101	default:river_water_source	0
110	29	101	default:river_water_source	0
111	29	101	default:river_water_source	0
112	29	101	default:river_water_source	0
113	29	101	default:river_water_source	0
114	29	101	default:river_water_source	0
115	29	101	default:river_water_source	0
116	29	101	default:river_water_source	0
117	29	101	default:river_water_source	0
118	29	101	default:river_water_source	0
72	30	101	default:river_water_source	0
73	30	101	default:river_water_source	0
74	30	101	default:river_water_source	0
75	30	101	default:river_water_source	0
76	30	101	default:river_water_source	0
77	30	101	default:river_water_source	0
78	30	101	default:river_water_source	0
79	30	101	default:river_water_source	0
80	30	101	default:river_water_source	0
81	30	101	default:river_water_source	0
82	30	101	default:river_water_source	0
83	30	101	default:river_water_source	0
84	30	101	default:river_water_source	0
85	30	101	default:river_water_source	0
86	30	101	default:river_water_source	0
87	30	101	default:river_water_source	0
88	30	101	default:river_water_source	0
89	30	101	default:river_water_source	0
90	30	101	default:river_water_source	0
91	30	101	default:river_water_source	0
92	30	101	default:river_water_source	0
93	30	101	default:river_water_source	0
94	30	101	default:river_water_source	0
95	30	101	default:river_water_source	0
96	30	101	default:river_water_source	0
97	30	101	default:river_water_source	0
98	30	101	default:river_water_source	0
99	30	101	default:river_water_source	0
100	30	101	default:river_water_source	0
101	30	101	default:river_water_source	0
102	30	101	default:river_water_source	0
103	30	101	default:river_water_source	0
104	30	101	default:river_water_source	0
105	30	101	default:river_water_source	0
106	30	101	default:river_water_source	0
107	30	101	default:river_water_source	0
108	30	101	default:river_water_source	0
109	30	101	default:river_water_source	0
110	30	101	default:river_water_source	0
111	30	101	default:river_water_source	0
112	30	101	default:river_water_source	0
113	30	101	default:river_water_source	0
114	30	101	default:river_water_source	0
115	30	101	default:river_water_source	0
116	30	101	default:river_water_source	0
117	30	101	default:river_water_source	0
118	30	101	default:river_water_source	0
72	31	101	default:river_water_source	0
73	31	101	default:river_water_source	0
74	31	101	default:river_water_source	0
75	31	101	default:river_water_source	0
76	31	101	default:river_water_source	0
77	31	101	default:river_water_source	0
78	31	101	default:river_water_source	0
79	31	101	default:river_water_source	0
80	31	101	default:river_water_source	0
81	31	101	default:river_water_source	0
82	31	101	default:river_water_source	0
83	31	101	default:river_water_source	0
84	31	101	default:river_water_source	0
85	31	101	default:river_water_source	0
86	31	101	default:river_water_source	0
87	31	101	default:river_water_source	0
88	31	101	default:river_water_source	0
89	31	101	default:river_water_source	0
90	31	101	default:river_water_source	0
91	31	101	default:river_water_source	0
92	31	101	default:river_water_source	0
93	31	101	default:river_water_source	0
94	31	101	default:river_water_source	0
95	31	101	default:river_water_source	0
96	31	101	default:river_water_source	0
97	31	101	default:river_water_source	0
98	31	101	default:river_water_source	0
99	31	101	default:river_water_source	0
100	31	101	default:river_water_source	0
101	31	101	default:river_water_source	0
102	31	101	default:river_water_source	0
103	31	101	default:river_water_source	0
104	31	101	default:river_water_source	0
105	31	101	default:river_water_source	0
106	31	101	default:river_water_source	0
107	31	101	default:river_water_source	0
108	31	101	default:river_water_source	0
109	31	101	default:river_water_source	0
110	31	101	default:river_water_source	0
111	31	101	default:river_water_source	0
112	31	101	default:river_water_source	0
113	31	101	default:river_water_source	0
114	31	101	default:river_water_source	0
115	31	101	default:river_water_source	0
116	31	101	default:river_water_source	0
117	31	101	default:river_water_source	0
118	31	101	default:river_water_source	0
72	32	101	default:river_water_source	0
73	32	101	default:river_water_source	0
74	32	101	default:river_water_source	0
75	32	101	default:river_water_source	0
76	32	101	default:river_water_source	0
77	32	101	default:river_water_source	0
78	32	101	default:river_water_source	0
79	32	101	default:river_water_source	0
80	32	101	default:river_water_source	0
81	32	101	default:river_water_source	0
82	32	101	default:river_water_source	0
83	32	101	default:river_water_source	0
84	32	101	default:river_water_source	0
85	32	101	default:river_water_source	0
86	32	101	default:river_water_source	0
87	32	101	default:river_water_source	0
88	32	101	default:river_water_source	0
89	32	101	default:river_water_source	0
90	32	101	default:river_water_source	0
91	32	101	default:river_water_source	0
92	32	101	default:river_water_source	0
93	32	101	default:river_water_source	0
94	32	101	default:river_water_source	0
95	32	101	default:river_water_source	0
96	32	101	default:river_water_source	0
97	32	101	default:river_water_source	0
98	32	101	default:river_water_source	0
99	32	101	default:river_water_source	0
100	32	101	default:river_water_source	0
101	32	101	default:river_water_source	0
102	32	101	default:river_water_source	0
103	32	101	default:river_water_source	0
104	32	101	default:river_water_source	0
105	32	101	default:river_water_source	0
106	32	101	default:river_water_source	0
107	32	101	default:river_water_source	0
108	32	101	default:river_water_source	0
109	32	101	default:river_water_source	0
110	32	101	default:river_water_source	0
111	32	101	default:river_water_source	0
112	32	101	default:river_water_source	0
113	32	101	default:river_water_source	0
114	32	101	default:river_water_source	0
115	32	101	default:river_water_source	0
116	32	101	default:river_water_source	0
117	32	101	default:river_water_source	0
118	32	101	default:river_water_source	0
72	33	101	default:river_water_source	0
73	33	101	default:river_water_source	0
74	33	101	default:river_water_source	0
75	33	101	default:river_water_source	0
76	33	101	default:river_water_source	0
77	33	101	default:river_water_source	0
78	33	101	default:river_water_source	0
79	33	101	default:river_water_source	0
80	33	101	default:river_water_source	0
81	33	101	default:river_water_source	0
82	33	101	default:river_water_source	0
83	33	101	default:river_water_source	0
84	33	101	default:river_water_source	0
85	33	101	default:river_water_source	0
86	33	101	default:river_water_source	0
87	33	101	default:river_water_source	0
88	33	101	default:river_water_source	0
89	33	101	default:river_water_source	0
90	33	101	default:river_water_source	0
91	33	101	default:river_water_source	0
92	33	101	default:river_water_source	0
93	33	101	default:river_water_source	0
94	33	101	default:river_water_source	0
95	33	101	default:river_water_source	0
96	33	101	default:river_water_source	0
97	33	101	default:river_water_source	0
98	33	101	default:river_water_source	0
99	33	101	default:river_water_source	0
100	33	101	default:river_water_source	0
101	33	101	default:river_water_source	0
102	33	101	default:river_water_source	0
103	33	101	default:river_water_source	0
104	33	101	default:river_water_source	0
105	33	101	default:river_water_source	0
106	33	101	default:river_water_source	0
107	33	101	default:river_water_source	0
108	33	101	default:river_water_source	0
109	33	101	default:river_water_source	0
110	33	101	default:river_water_source	0
111	33	101	default:river_water_source	0
112	33	101	default:river_water_source	0
113	33	101	default:river_water_source	0
114	33	101	default:river_water_source	0
115	33	101	default:river_water_source	0
116	33	101	default:river_water_source	0
117	33	101	default:river_water_source	0
118	33	101	default:river_water_source	0
72	34	101	default:river_water_source	0
73	34	101	default:river_water_source	0
74	34	101	default:river_water_source	0
75	34	101	default:river_water_source	0
76	34	101	default:river_water_source	0
77	34	101	default:river_water_source	0
78	34	101	default:river_water_source	0
79	34	101	default:river_water_source	0
80	34	101	default:river_water_source	0
81	34	101	default:river_water_source	0
82	34	101	default:river_water_source	0
83	34	101	default:river_water_source	0
84	34	101	default:river_water_source	0
85	34	101	default:river_water_source	0
86	34	101	default:river_water_source	0
87	34	101	default:river_water_source	0
88	34	101	default:river_water_source	0
89	34	101	default:river_water_source	0
90	34	101	default:river_water_source	0
91	34	101	default:river_water_source	0
92	34	101	default:river_water_source	0
93	34	101	default:river_water_source	0
94	34	101	default:river_water_source	0
95	34	101	default:river_water_source	0
96	34	101	default:river_water_source	0
97	34	101	default:river_water_source	0
98	34	101	default:river_water_source	0
99	34	101	default:river_water_source	0
100	34	101	default:river_water_source	0
101	34	101	default:river_water_source	0
102	34	101	default:river_water_source	0
103	34	101	default:river_water_source	0
104	34	101	default:river_water_source	0
105	34	101	default:river_water_source	0
106	34	101	default:river_water_source	0
107	34	101	default:river_water_source	0
108	34	101	default:river_water_source	0
109	34	101	default:river_water_source	0
110	34	101	default:river_water_source	0
111	34	101	default:river_water_source	0
112	34	101	default:river_water_source	0
113	34	101	default:river_water_source	0
114	34	101	default:river_water_source	0
115	34	101	default:river_water_source	0
116	34	101	default:river_water_source	0
117	34	101	default:river_water_source	0
118	34	101	default:river_water_source	0
72	35	101	default:river_water_source	0
73	35	101	default:river_water_source	0
74	35	101	default:river_water_source	0
75	35	101	default:river_water_source	0
76	35	101	default:river_water_source	0
77	35	101	default:river_water_source	0
78	35	101	default:river_water_source	0
79	35	101	default:river_water_source	0
80	35	101	default:river_water_source	0
81	35	101	default:river_water_source	0
82	35	101	default:river_water_source	0
83	35	101	default:river_water_source	0
84	35	101	default:river_water_source	0
85	35	101	default:river_water_source	0
86	35	101	default:river_water_source	0
87	35	101	default:river_water_source	0
88	35	101	default:river_water_source	0
89	35	101	default:river_water_source	0
90	35	101	default:river_water_source	0
91	35	101	default:river_water_source	0
92	35	101	default:river_water_source	0
93	35	101	default:river_water_source	0
94	35	101	default:river_water_source	0
95	35	101	default:river_water_source	0
96	35	101	default:river_water_source	0
97	35	101	default:river_water_source	0
98	35	101	default:river_water_source	0
99	35	101	default:river_water_source	0
100	35	101	default:river_water_source	0
101	35	101	default:river_water_source	0
102	35	101	default:river_water_source	0
103	35	101	default:river_water_source	0
104	35	101	default:river_water_source	0
105	35	101	default:river_water_source	0
106	35	101	default:river_water_source	0
107	35	101	default:river_water_source	0
108	35	101	default:river_water_source	0
109	35	101	default:river_water_source	0
110	35	101	default:river_water_source	0
111	35	101	default:river_water_source	0
112	35	101	default:river_water_source	0
113	35	101	default:river_water_source	0
114	35	101	default:river_water_source	0
115	35	101	default:river_water_source	0
116	35	101	default:river_water_source	0
117	35	101	default:river_water_source	0
118	35	101	default:river_water_source	0
72	25	102	default:dirt	0
73	25	102	default:dirt	0
74	25	102	default:dirt	0
75	25	102	default:dirt	0
76	25	102	default:dirt	0
77	25	102	default:dirt	0
78	25	102	default:dirt	0
79	25	102	default:dirt	0
80	25	102	default:dirt	0
81	25	102	default:dirt	0
98	25	102	default:dirt	0
99	25	102	default:dirt	0
100	25	102	default:dirt	0
101	25	102	default:dirt	0
102	25	102	default:dirt	0
103	25	102	default:dirt	0
104	25	102	default:dirt	0
105	25	102	default:dirt	0
106	25	102	default:dirt	0
107	25	102	default:dirt	0
108	25	102	default:dirt	0
109	25	102	default:dirt	0
110	25	102	default:dirt	0
111	25	102	default:dirt	0
112	25	102	default:dirt	0
113	25	102	default:dirt	0
114	25	102	default:dirt	0
115	25	102	default:dirt	0
116	25	102	default:dirt	0
117	25	102	default:dirt	0
118	25	102	default:dirt	0
72	26	102	default:dirt	0
73	26	102	default:dirt	0
74	26	102	default:dirt	0
75	26	102	default:dirt	0
76	26	102	default:dirt	0
77	26	102	default:dirt	0
78	26	102	default:dirt	0
79	26	102	default:dirt	0
80	26	102	default:dirt	0
81	26	102	default:dirt	0
82	26	102	default:dirt	0
83	26	102	default:dirt	0
84	26	102	default:dirt	0
85	26	102	default:dirt	0
86	26	102	default:dirt	0
87	26	102	default:dirt	0
88	26	102	default:dirt	0
89	26	102	default:dirt	0
90	26	102	default:dirt	0
91	26	102	default:dirt	0
92	26	102	default:dirt	0
93	26	102	default:dirt	0
94	26	102	default:dirt	0
95	26	102	default:dirt	0
96	26	102	default:dirt	0
97	26	102	default:dirt	0
98	26	102	default:dirt	0
99	26	102	default:dirt	0
100	26	102	default:dirt	0
101	26	102	default:dirt	0
102	26	102	default:dirt	0
103	26	102	default:dirt	0
104	26	102	default:dirt	0
105	26	102	default:dirt	0
106	26	102	default:dirt	0
107	26	102	default:dirt	0
108	26	102	default:dirt	0
109	26	102	default:dirt	0
110	26	102	default:dirt	0
111	26	102	default:dirt	0
112	26	102	default:dirt	0
113	26	102	default:dirt	0
114	26	102	default:dirt	0
115	26	102	default:dirt	0
116	26	102	default:dirt	0
117	26	102	default:dirt	0
118	26	102	default:dirt	0
72	27	102	default:dirt	0
73	27	102	default:dirt	0
74	27	102	default:dirt	0
75	27	102	default:dirt	0
76	27	102	default:dirt	0
77	27	102	default:dirt	0
78	27	102	default:dirt	0
79	27	102	default:dirt	0
80	27	102	default:dirt	0
81	27	102	default:dirt	0
82	27	102	default:dirt	0
83	27	102	default:dirt	0
84	27	102	default:dirt	0
85	27	102	default:dirt	0
86	27	102	default:dirt	0
87	27	102	default:dirt	0
88	27	102	default:dirt	0
89	27	102	default:dirt	0
90	27	102	default:dirt	0
91	27	102	default:dirt	0
92	27	102	default:dirt	0
93	27	102	default:dirt	0
94	27	102	default:dirt	0
95	27	102	default:dirt	0
96	27	102	default:dirt	0
97	27	102	default:dirt	0
98	27	102	default:dirt	0
99	27	102	default:dirt	0
100	27	102	default:dirt	0
101	27	102	default:dirt	0
102	27	102	default:dirt	0
103	27	102	default:dirt	0
104	27	102	default:dirt	0
105	27	102	default:dirt	0
106	27	102	default:dirt	0
107	27	102	default:dirt	0
108	27	102	default:dirt	0
109	27	102	default:dirt	0
110	27	102	default:dirt	0
111	27	102	default:dirt	0
112	27	102	default:dirt	0
113	27	102	default:dirt	0
114	27	102	default:dirt	0
115	27	102	default:dirt	0
116	27	102	default:dirt	0
117	27	102	default:dirt	0
118	27	102	default:dirt	0
72	28	102	grug_nodes:dirt_with_silver_litter	0
73	28	102	grug_nodes:dirt_with_silver_litter	0
74	28	102	grug_nodes:dirt_with_silver_litter	0
75	28	102	grug_nodes:dirt_with_silver_litter	0
76	28	102	grug_nodes:dirt_with_silver_litter	0
77	28	102	grug_nodes:dirt_with_silver_litter	0
78	28	102	grug_nodes:dirt_with_silver_litter	0
79	28	102	grug_nodes:dirt_with_silver_litter	0
80	28	102	grug_nodes:dirt_with_silver_litter	0
81	28	102	grug_nodes:dirt_with_silver_litter	0
82	28	102	default:dirt	0
83	28	102	default:dirt	0
84	28	102	default:dirt	0
85	28	102	default:dirt	0
86	28	102	default:dirt	0
87	28	102	default:dirt	0
88	28	102	default:dirt	0
89	28	102	default:dirt	0
90	28	102	default:dirt	0
91	28	102	default:dirt	0
92	28	102	default:dirt	0
93	28	102	default:dirt	0
94	28	102	default:dirt	0
95	28	102	default:dirt	0
96	28	102	default:dirt	0
97	28	102	default:dirt	0
98	28	102	grug_nodes:dirt_with_silver_litter	0
99	28	102	grug_nodes:dirt_with_silver_litter	0
100	28	102	grug_nodes:dirt_with_silver_litter	0
101	28	102	grug_nodes:dirt_with_silver_litter	0
102	28	102	grug_nodes:dirt_with_silver_litter	0
103	28	102	grug_nodes:dirt_with_silver_litter	0
104	28	102	grug_nodes:dirt_with_silver_litter	0
105	28	102	grug_nodes:dirt_with_silver_litter	0
106	28	102	grug_nodes:dirt_with_silver_litter	0
107	28	102	grug_nodes:dirt_with_silver_litter	0
108	28	102	grug_nodes:dirt_with_silver_litter	0
109	28	102	grug_nodes:dirt_with_silver_litter	0
110	28	102	grug_nodes:dirt_with_silver_litter	0
111	28	102	grug_nodes:dirt_with_silver_litter	0
112	28	102	grug_nodes:dirt_with_silver_litter	0
113	28	102	grug_nodes:dirt_with_silver_litter	0
114	28	102	grug_nodes:dirt_with_silver_litter	0
115	28	102	grug_nodes:dirt_with_silver_litter	0
116	28	102	grug_nodes:dirt_with_silver_litter	0
117	28	102	grug_nodes:dirt_with_silver_litter	0
118	28	102	grug_nodes:dirt_with_silver_litter	0
72	29	102	default:river_water_source	0
73	29	102	default:river_water_source	0
74	29	102	default:river_water_source	0
75	29	102	default:river_water_source	0
76	29	102	default:river_water_source	0
77	29	102	default:river_water_source	0
78	29	102	default:river_water_source	0
79	29	102	default:river_water_source	0
80	29	102	default:river_water_source	0
81	29	102	default:river_water_source	0
82	29	102	grug_nodes:dirt_with_silver_litter	0
83	29	102	grug_nodes:dirt_with_silver_litter	0
84	29	102	grug_nodes:dirt_with_silver_litter	0
85	29	102	grug_nodes:dirt_with_silver_litter	0
86	29	102	grug_nodes:dirt_with_silver_litter	0
87	29	102	grug_nodes:dirt_with_silver_litter	0
88	29	102	grug_nodes:dirt_with_silver_litter	0
89	29	102	grug_nodes:dirt_with_silver_litter	0
90	29	102	grug_nodes:dirt_with_silver_litter	0
91	29	102	grug_nodes:dirt_with_silver_litter	0
92	29	102	grug_nodes:dirt_with_silver_litter	0
93	29	102	grug_nodes:dirt_with_silver_litter	0
94	29	102	grug_nodes:dirt_with_silver_litter	0
95	29	102	grug_nodes:dirt_with_silver_litter	0
96	29	102	grug_nodes:dirt_with_silver_litter	0
97	29	102	grug_nodes:dirt_with_silver_litter	0
98	29	102	default:river_water_source	0
99	29	102	default:river_water_source	0
100	29	102	default:river_water_source	0
101	29	102	default:river_water_source	0
102	29	102	default:river_water_source	0
103	29	102	default:river_water_source	0
104	29	102	default:river_water_source	0
105	29	102	default:river_water_source	0
106	29	102	default:river_water_source	0
107	29	102	default:river_water_source	0
108	29	102	default:river_water_source	0
109	29	102	default:river_water_source	0
110	29	102	default:river_water_source	0
111	29	102	default:river_water_source	0
112	29	102	default:river_water_source	0
113	29	102	default:river_water_source	0
114	29	102	default:river_water_source	0
115	29	102	default:river_water_source	0
116	29	102	default:river_water_source	0
117	29	102	default:river_water_source	0
118	29	102	default:river_water_source	0
72	30	102	default:river_water_source	0
73	30	102	default:river_water_source	0
74	30	102	default:river_water_source	0
75	30	102	default:river_water_source	0
76	30	102	default:river_water_source	0
77	30	102	default:river_water_source	0
78	30	102	default:river_water_source	0
79	30	102	default:river_water_source	0
80	30	102	default:river_water_source	0
81	30	102	default:river_water_source	0
82	30	102	default:river_water_source	0
83	30	102	default:river_water_source	0
84	30	102	default:river_water_source	0
85	30	102	default:river_water_source	0
86	30	102	default:river_water_source	0
87	30	102	default:river_water_source	0
88	30	102	default:river_water_source	0
89	30	102	default:river_water_source	0
90	30	102	default:river_water_source	0
91	30	102	default:river_water_source	0
92	30	102	default:river_water_source	0
93	30	102	default:river_water_source	0
94	30	102	default:river_water_source	0
95	30	102	default:river_water_source	0
96	30	102	default:river_water_source	0
97	30	102	default:river_water_source	0
98	30	102	default:river_water_source	0
99	30	102	default:river_water_source	0
100	30	102	default:river_water_source	0
101	30	102	default:river_water_source	0
102	30	102	default:river_water_source	0
103	30	102	default:river_water_source	0
104	30	102	default:river_water_source	0
105	30	102	default:river_water_source	0
106	30	102	default:river_water_source	0
107	30	102	default:river_water_source	0
108	30	102	default:river_water_source	0
109	30	102	default:river_water_source	0
110	30	102	default:river_water_source	0
111	30	102	default:river_water_source	0
112	30	102	default:river_water_source	0
113	30	102	default:river_water_source	0
114	30	102	default:river_water_source	0
115	30	102	default:river_water_source	0
116	30	102	default:river_water_source	0
117	30	102	default:river_water_source	0
118	30	102	default:river_water_source	0
72	31	102	default:river_water_source	0
73	31	102	default:river_water_source	0
74	31	102	default:river_water_source	0
75	31	102	default:river_water_source	0
76	31	102	default:river_water_source	0
77	31	102	default:river_water_source	0
78	31	102	default:river_water_source	0
79	31	102	default:river_water_source	0
80	31	102	default:river_water_source	0
81	31	102	default:river_water_source	0
82	31	102	default:river_water_source	0
83	31	102	default:river_water_source	0
84	31	102	default:river_water_source	0
85	31	102	default:river_water_source	0
86	31	102	default:river_water_source	0
87	31	102	default:river_water_source	0
88	31	102	default:river_water_source	0
89	31	102	default:river_water_source	0
90	31	102	default:river_water_source	0
91	31	102	default:river_water_source	0
92	31	102	default:river_water_source	0
93	31	102	default:river_water_source	0
94	31	102	default:river_water_source	0
95	31	102	default:river_water_source	0
96	31	102	default:river_water_source	0
97	31	102	default:river_water_source	0
98	31	102	default:river_water_source	0
99	31	102	default:river_water_source	0
100	31	102	default:river_water_source	0
101	31	102	default:river_water_source	0
102	31	102	default:river_water_source	0
103	31	102	default:river_water_source	0
104	31	102	default:river_water_source	0
105	31	102	default:river_water_source	0
106	31	102	default:river_water_source	0
107	31	102	default:river_water_source	0
108	31	102	default:river_water_source	0
109	31	102	default:river_water_source	0
110	31	102	default:river_water_source	0
111	31	102	default:river_water_source	0
112	31	102	default:river_water_source	0
113	31	102	default:river_water_source	0
114	31	102	default:river_water_source	0
115	31	102	default:river_water_source	0
116	31	102	default:river_water_source	0
117	31	102	default:river_water_source	0
118	31	102	default:river_water_source	0
72	32	102	default:river_water_source	0
73	32	102	default:river_water_source	0
74	32	102	default:river_water_source	0
75	32	102	default:river_water_source	0
76	32	102	default:river_water_source	0
77	32	102	default:river_water_source	0
78	32	102	default:river_water_source	0
79	32	102	default:river_water_source	0
80	32	102	default:river_water_source	0
81	32	102	default:river_water_source	0
82	32	102	default:river_water_source	0
83	32	102	default:river_water_source	0
84	32	102	default:river_water_source	0
85	32	102	default:river_water_source	0
86	32	102	default:river_water_source	0
87	32	102	default:river_water_source	0
88	32	102	default:river_water_source	0
89	32	102	default:river_water_source	0
90	32	102	default:river_water_source	0
91	32	102	default:river_water_source	0
92	32	102	default:river_water_source	0
93	32	102	default:river_water_source	0
94	32	102	default:river_water_source	0
95	32	102	default:river_water_source	0
96	32	102	default:river_water_source	0
97	32	102	default:river_water_source	0
98	32	102	default:river_water_source	0
99	32	102	default:river_water_source	0
100	32	102	default:river_water_source	0
101	32	102	default:river_water_source	0
102	32	102	default:river_water_source	0
103	32	102	default:river_water_source	0
104	32	102	default:river_water_source	0
105	32	102	default:river_water_source	0
106	32	102	default:river_water_source	0
107	32	102	default:river_water_source	0
108	32	102	default:river_water_source	0
109	32	102	default:river_water_source	0
110	32	102	default:river_water_source	0
111	32	102	default:river_water_source	0
112	32	102	default:river_water_source	0
113	32	102	default:river_water_source	0
114	32	102	default:river_water_source	0
115	32	102	default:river_water_source	0
116	32	102	default:river_water_source	0
117	32	102	default:river_water_source	0
118	32	102	default:river_water_source	0
72	33	102	default:river_water_source	0
73	33	102	default:river_water_source	0
74	33	102	default:river_water_source	0
75	33	102	default:river_water_source	0
76	33	102	default:river_water_source	0
77	33	102	default:river_water_source	0
78	33	102	default:river_water_source	0
79	33	102	default:river_water_source	0
80	33	102	default:river_water_source	0
81	33	102	default:river_water_source	0
82	33	102	default:river_water_source	0
83	33	102	default:river_water_source	0
84	33	102	default:river_water_source	0
85	33	102	default:river_water_source	0
86	33	102	default:river_water_source	0
87	33	102	default:river_water_source	0
88	33	102	default:river_water_source	0
89	33	102	default:river_water_source	0
90	33	102	default:river_water_source	0
91	33	102	default:river_water_source	0
92	33	102	default:river_water_source	0
93	33	102	default:river_water_source	0
94	33	102	default:river_water_source	0
95	33	102	default:river_water_source	0
96	33	102	default:river_water_source	0
97	33	102	default:river_water_source	0
98	33	102	default:river_water_source	0
99	33	102	default:river_water_source	0
100	33	102	default:river_water_source	0
101	33	102	default:river_water_source	0
102	33	102	default:river_water_source	0
103	33	102	default:river_water_source	0
104	33	102	default:river_water_source	0
105	33	102	default:river_water_source	0
106	33	102	default:river_water_source	0
107	33	102	default:river_water_source	0
108	33	102	default:river_water_source	0
109	33	102	default:river_water_source	0
110	33	102	default:river_water_source	0
111	33	102	default:river_water_source	0
112	33	102	default:river_water_source	0
113	33	102	default:river_water_source	0
114	33	102	default:river_water_source	0
115	33	102	default:river_water_source	0
116	33	102	default:river_water_source	0
117	33	102	default:river_water_source	0
118	33	102	default:river_water_source	0
72	34	102	default:river_water_source	0
73	34	102	default:river_water_source	0
74	34	102	default:river_water_source	0
75	34	102	default:river_water_source	0
76	34	102	default:river_water_source	0
77	34	102	default:river_water_source	0
78	34	102	default:river_water_source	0
79	34	102	default:river_water_source	0
80	34	102	default:river_water_source	0
81	34	102	default:river_water_source	0
82	34	102	default:river_water_source	0
83	34	102	default:river_water_source	0
84	34	102	default:river_water_source	0
85	34	102	default:river_water_source	0
86	34	102	default:river_water_source	0
87	34	102	default:river_water_source	0
88	34	102	default:river_water_source	0
89	34	102	default:river_water_source	0
90	34	102	default:river_water_source	0
91	34	102	default:river_water_source	0
92	34	102	default:river_water_source	0
93	34	102	default:river_water_source	0
94	34	102	default:river_water_source	0
95	34	102	default:river_water_source	0
96	34	102	default:river_water_source	0
97	34	102	default:river_water_source	0
98	34	102	default:river_water_source	0
99	34	102	default:river_water_source	0
100	34	102	default:river_water_source	0
101	34	102	default:river_water_source	0
102	34	102	default:river_water_source	0
103	34	102	default:river_water_source	0
104	34	102	default:river_water_source	0
105	34	102	default:river_water_source	0
106	34	102	default:river_water_source	0
107	34	102	default:river_water_source	0
108	34	102	default:river_water_source	0
109	34	102	default:river_water_source	0
110	34	102	default:river_water_source	0
111	34	102	default:river_water_source	0
112	34	102	default:river_water_source	0
113	34	102	default:river_water_source	0
114	34	102	default:river_water_source	0
115	34	102	default:river_water_source	0
116	34	102	default:river_water_source	0
117	34	102	default:river_water_source	0
118	34	102	default:river_water_source	0
72	35	102	default:river_water_source	0
73	35	102	default:river_water_source	0
74	35	102	default:river_water_source	0
75	35	102	default:river_water_source	0
76	35	102	default:river_water_source	0
77	35	102	default:river_water_source	0
78	35	102	default:river_water_source	0
79	35	102	default:river_water_source	0
80	35	102	default:river_water_source	0
81	35	102	default:river_water_source	0
82	35	102	default:river_water_source	0
83	35	102	default:river_water_source	0
84	35	102	default:river_water_source	0
85	35	102	default:river_water_source	0
86	35	102	default:river_water_source	0
87	35	102	default:river_water_source	0
88	35	102	default:river_water_source	0
89	35	102	default:river_water_source	0
90	35	102	default:river_water_source	0
91	35	102	default:river_water_source	0
92	35	102	default:river_water_source	0
93	35	102	default:river_water_source	0
94	35	102	default:river_water_source	0
95	35	102	default:river_water_source	0
96	35	102	default:river_water_source	0
97	35	102	default:river_water_source	0
98	35	102	default:river_water_source	0
99	35	102	default:river_water_source	0
100	35	102	default:river_water_source	0
101	35	102	default:river_water_source	0
102	35	102	default:river_water_source	0
103	35	102	default:river_water_source	0
104	35	102	default:river_water_source	0
105	35	102	default:river_water_source	0
106	35	102	default:river_water_source	0
107	35	102	default:river_water_source	0
108	35	102	default:river_water_source	0
109	35	102	default:river_water_source	0
110	35	102	default:river_water_source	0
111	35	102	default:river_water_source	0
112	35	102	default:river_water_source	0
113	35	102	default:river_water_source	0
114	35	102	default:river_water_source	0
115	35	102	default:river_water_source	0
116	35	102	default:river_water_source	0
117	35	102	default:river_water_source	0
118	35	102	default:river_water_source	0
72	25	103	default:dirt	0
73	25	103	default:dirt	0
74	25	103	default:dirt	0
75	25	103	default:dirt	0
76	25	103	default:dirt	0
77	25	103	default:dirt	0
78	25	103	default:dirt	0
79	25	103	default:dirt	0
80	25	103	default:dirt	0
81	25	103	default:dirt	0
82	25	103	default:dirt	0
97	25	103	default:dirt	0
98	25	103	default:dirt	0
99	25	103	default:dirt	0
100	25	103	default:dirt	0
101	25	103	default:dirt	0
102	25	103	default:dirt	0
103	25	103	default:dirt	0
104	25	103	default:dirt	0
105	25	103	default:dirt	0
106	25	103	default:dirt	0
107	25	103	default:dirt	0
108	25	103	default:dirt	0
109	25	103	default:dirt	0
110	25	103	default:dirt	0
111	25	103	default:dirt	0
112	25	103	default:dirt	0
113	25	103	default:dirt	0
114	25	103	default:dirt	0
115	25	103	default:dirt	0
116	25	103	default:dirt	0
117	25	103	default:dirt	0
118	25	103	default:dirt	0
72	26	103	default:dirt	0
73	26	103	default:dirt	0
74	26	103	default:dirt	0
75	26	103	default:dirt	0
76	26	103	default:dirt	0
77	26	103	default:dirt	0
78	26	103	default:dirt	0
79	26	103	default:dirt	0
80	26	103	default:dirt	0
81	26	103	default:dirt	0
82	26	103	default:dirt	0
83	26	103	default:dirt	0
84	26	103	default:dirt	0
85	26	103	default:dirt	0
86	26	103	default:dirt	0
87	26	103	default:dirt	0
88	26	103	default:dirt	0
89	26	103	default:dirt	0
90	26	103	default:dirt	0
91	26	103	default:dirt	0
92	26	103	default:dirt	0
93	26	103	default:dirt	0
94	26	103	default:dirt	0
95	26	103	default:dirt	0
96	26	103	default:dirt	0
97	26	103	default:dirt	0
98	26	103	default:dirt	0
99	26	103	default:dirt	0
100	26	103	default:dirt	0
101	26	103	default:dirt	0
102	26	103	default:dirt	0
103	26	103	default:dirt	0
104	26	103	default:dirt	0
105	26	103	default:dirt	0
106	26	103	default:dirt	0
107	26	103	default:dirt	0
108	26	103	default:dirt	0
109	26	103	default:dirt	0
110	26	103	default:dirt	0
111	26	103	default:dirt	0
112	26	103	default:dirt	0
113	26	103	default:dirt	0
114	26	103	default:dirt	0
115	26	103	default:dirt	0
116	26	103	default:dirt	0
117	26	103	default:dirt	0
118	26	103	default:dirt	0
72	27	103	default:dirt	0
73	27	103	default:dirt	0
74	27	103	default:dirt	0
75	27	103	default:dirt	0
76	27	103	default:dirt	0
77	27	103	default:dirt	0
78	27	103	default:dirt	0
79	27	103	default:dirt	0
80	27	103	default:dirt	0
81	27	103	default:dirt	0
82	27	103	default:dirt	0
83	27	103	default:dirt	0
84	27	103	default:dirt	0
85	27	103	default:dirt	0
86	27	103	default:dirt	0
87	27	103	default:dirt	0
88	27	103	default:dirt	0
89	27	103	default:dirt	0
90	27	103	default:dirt	0
91	27	103	default:dirt	0
92	27	103	default:dirt	0
93	27	103	default:dirt	0
94	27	103	default:dirt	0
95	27	103	default:dirt	0
96	27	103	default:dirt	0
97	27	103	default:dirt	0
98	27	103	default:dirt	0
99	27	103	default:dirt	0
100	27	103	default:dirt	0
101	27	103	default:dirt	0
102	27	103	default:dirt	0
103	27	103	default:dirt	0
104	27	103	default:dirt	0
105	27	103	default:dirt	0
106	27	103	default:dirt	0
107	27	103	default:dirt	0
108	27	103	default:dirt	0
109	27	103	default:dirt	0
110	27	103	default:dirt	0
111	27	103	default:dirt	0
112	27	103	default:dirt	0
113	27	103	default:dirt	0
114	27	103	default:dirt	0
115	27	103	default:dirt	0
116	27	103	default:dirt	0
117	27	103	default:dirt	0
118	27	103	default:dirt	0
72	28	103	grug_nodes:dirt_with_silver_litter	0
73	28	103	grug_nodes:dirt_with_silver_litter	0
74	28	103	grug_nodes:dirt_with_silver_litter	0
75	28	103	grug_nodes:dirt_with_silver_litter	0
76	28	103	grug_nodes:dirt_with_silver_litter	0
77	28	103	grug_nodes:dirt_with_silver_litter	0
78	28	103	grug_nodes:dirt_with_silver_litter	0
79	28	103	grug_nodes:dirt_with_silver_litter	0
80	28	103	grug_nodes:dirt_with_silver_litter	0
81	28	103	grug_nodes:dirt_with_silver_litter	0
82	28	103	grug_nodes:dirt_with_silver_litter	0
83	28	103	default:dirt	0
84	28	103	default:dirt	0
85	28	103	default:dirt	0
86	28	103	default:dirt	0
87	28	103	default:dirt	0
88	28	103	default:dirt	0
89	28	103	default:dirt	0
90	28	103	default:dirt	0
91	28	103	default:dirt	0
92	28	103	default:dirt	0
93	28	103	default:dirt	0
94	28	103	default:dirt	0
95	28	103	default:dirt	0
96	28	103	default:dirt	0
97	28	103	grug_nodes:dirt_with_silver_litter	0
98	28	103	grug_nodes:dirt_with_silver_litter	0
99	28	103	grug_nodes:dirt_with_silver_litter	0
100	28	103	grug_nodes:dirt_with_silver_litter	0
101	28	103	grug_nodes:dirt_with_silver_litter	0
102	28	103	grug_nodes:dirt_with_silver_litter	0
103	28	103	grug_nodes:dirt_with_silver_litter	0
104	28	103	grug_nodes:dirt_with_silver_litter	0
105	28	103	grug_nodes:dirt_with_silver_litter	0
106	28	103	grug_nodes:dirt_with_silver_litter	0
107	28	103	grug_nodes:dirt_with_silver_litter	0
108	28	103	grug_nodes:dirt_with_silver_litter	0
109	28	103	grug_nodes:dirt_with_silver_litter	0
110	28	103	grug_nodes:dirt_with_silver_litter	0
111	28	103	grug_nodes:dirt_with_silver_litter	0
112	28	103	grug_nodes:dirt_with_silver_litter	0
113	28	103	grug_nodes:dirt_with_silver_litter	0
114	28	103	grug_nodes:dirt_with_silver_litter	0
115	28	103	grug_nodes:dirt_with_silver_litter	0
116	28	103	grug_nodes:dirt_with_silver_litter	0
117	28	103	grug_nodes:dirt_with_silver_litter	0
118	28	103	grug_nodes:dirt_with_silver_litter	0
72	29	103	default:river_water_source	0
73	29	103	default:river_water_source	0
74	29	103	default:river_water_source	0
75	29	103	default:river_water_source	0
76	29	103	default:river_water_source	0
77	29	103	default:river_water_source	0
78	29	103	default:river_water_source	0
79	29	103	default:river_water_source	0
80	29	103	default:river_water_source	0
81	29	103	default:river_water_source	0
82	29	103	default:river_water_source	0
83	29	103	grug_nodes:dirt_with_silver_litter	0
84	29	103	grug_nodes:dirt_with_silver_litter	0
85	29	103	grug_nodes:dirt_with_silver_litter	0
86	29	103	grug_nodes:dirt_with_silver_litter	0
87	29	103	grug_nodes:dirt_with_silver_litter	0
88	29	103	grug_nodes:dirt_with_silver_litter	0
89	29	103	grug_nodes:dirt_with_silver_litter	0
90	29	103	grug_nodes:dirt_with_silver_litter	0
91	29	103	grug_nodes:dirt_with_silver_litter	0
92	29	103	grug_nodes:dirt_with_silver_litter	0
93	29	103	grug_nodes:dirt_with_silver_litter	0
94	29	103	grug_nodes:dirt_with_silver_litter	0
95	29	103	grug_nodes:dirt_with_silver_litter	0
96	29	103	grug_nodes:dirt_with_silver_litter	0
97	29	103	default:river_water_source	0
98	29	103	default:river_water_source	0
99	29	103	default:river_water_source	0
100	29	103	default:river_water_source	0
101	29	103	default:river_water_source	0
102	29	103	default:river_water_source	0
103	29	103	default:river_water_source	0
104	29	103	default:river_water_source	0
105	29	103	default:river_water_source	0
106	29	103	default:river_water_source	0
107	29	103	default:river_water_source	0
108	29	103	default:river_water_source	0
109	29	103	default:river_water_source	0
110	29	103	default:river_water_source	0
111	29	103	default:river_water_source	0
112	29	103	default:river_water_source	0
113	29	103	default:river_water_source	0
114	29	103	default:river_water_source	0
115	29	103	default:river_water_source	0
116	29	103	default:river_water_source	0
117	29	103	default:river_water_source	0
118	29	103	default:river_water_source	0
72	30	103	default:river_water_source	0
73	30	103	default:river_water_source	0
74	30	103	default:river_water_source	0
75	30	103	default:river_water_source	0
76	30	103	default:river_water_source	0
77	30	103	default:river_water_source	0
78	30	103	default:river_water_source	0
79	30	103	default:river_water_source	0
80	30	103	default:river_water_source	0
81	30	103	default:river_water_source	0
82	30	103	default:river_water_source	0
83	30	103	default:river_water_source	0
84	30	103	default:river_water_source	0
85	30	103	default:river_water_source	0
86	30	103	default:river_water_source	0
87	30	103	default:river_water_source	0
88	30	103	default:river_water_source	0
89	30	103	default:river_water_source	0
90	30	103	default:river_water_source	0
91	30	103	default:river_water_source	0
92	30	103	default:river_water_source	0
93	30	103	default:river_water_source	0
94	30	103	default:river_water_source	0
95	30	103	default:river_water_source	0
96	30	103	default:river_water_source	0
97	30	103	default:river_water_source	0
98	30	103	default:river_water_source	0
99	30	103	default:river_water_source	0
100	30	103	default:river_water_source	0
101	30	103	default:river_water_source	0
102	30	103	default:river_water_source	0
103	30	103	default:river_water_source	0
104	30	103	default:river_water_source	0
105	30	103	default:river_water_source	0
106	30	103	default:river_water_source	0
107	30	103	default:river_water_source	0
108	30	103	default:river_water_source	0
109	30	103	default:river_water_source	0
110	30	103	default:river_water_source	0
111	30	103	default:river_water_source	0
112	30	103	default:river_water_source	0
113	30	103	default:river_water_source	0
114	30	103	default:river_water_source	0
115	30	103	default:river_water_source	0
116	30	103	default:river_water_source	0
117	30	103	default:river_water_source	0
118	30	103	default:river_water_source	0
72	31	103	default:river_water_source	0
73	31	103	default:river_water_source	0
74	31	103	default:river_water_source	0
75	31	103	default:river_water_source	0
76	31	103	default:river_water_source	0
77	31	103	default:river_water_source	0
78	31	103	default:river_water_source	0
79	31	103	default:river_water_source	0
80	31	103	default:river_water_source	0
81	31	103	default:river_water_source	0
82	31	103	default:river_water_source	0
83	31	103	default:river_water_source	0
84	31	103	default:river_water_source	0
85	31	103	default:river_water_source	0
86	31	103	default:river_water_source	0
87	31	103	default:river_water_source	0
88	31	103	default:river_water_source	0
89	31	103	default:river_water_source	0
90	31	103	default:river_water_source	0
91	31	103	default:river_water_source	0
92	31	103	default:river_water_source	0
93	31	103	default:river_water_source	0
94	31	103	default:river_water_source	0
95	31	103	default:river_water_source	0
96	31	103	default:river_water_source	0
97	31	103	default:river_water_source	0
98	31	103	default:river_water_source	0
99	31	103	default:river_water_source	0
100	31	103	default:river_water_source	0
101	31	103	default:river_water_source	0
102	31	103	default:river_water_source	0
103	31	103	default:river_water_source	0
104	31	103	default:river_water_source	0
105	31	103	default:river_water_source	0
106	31	103	default:river_water_source	0
107	31	103	default:river_water_source	0
108	31	103	default:river_water_source	0
109	31	103	default:river_water_source	0
110	31	103	default:river_water_source	0
111	31	103	default:river_water_source	0
112	31	103	default:river_water_source	0
113	31	103	default:river_water_source	0
114	31	103	default:river_water_source	0
115	31	103	default:river_water_source	0
116	31	103	default:river_water_source	0
117	31	103	default:river_water_source	0
118	31	103	default:river_water_source	0
72	32	103	default:river_water_source	0
73	32	103	default:river_water_source	0
74	32	103	default:river_water_source	0
75	32	103	default:river_water_source	0
76	32	103	default:river_water_source	0
77	32	103	default:river_water_source	0
78	32	103	default:river_water_source	0
79	32	103	default:river_water_source	0
80	32	103	default:river_water_source	0
81	32	103	default:river_water_source	0
82	32	103	default:river_water_source	0
83	32	103	default:river_water_source	0
84	32	103	default:river_water_source	0
85	32	103	default:river_water_source	0
86	32	103	default:river_water_source	0
87	32	103	default:river_water_source	0
88	32	103	default:river_water_source	0
89	32	103	default:river_water_source	0
90	32	103	default:river_water_source	0
91	32	103	default:river_water_source	0
92	32	103	default:river_water_source	0
93	32	103	default:river_water_source	0
94	32	103	default:river_water_source	0
95	32	103	default:river_water_source	0
96	32	103	default:river_water_source	0
97	32	103	default:river_water_source	0
98	32	103	default:river_water_source	0
99	32	103	default:river_water_source	0
100	32	103	default:river_water_source	0
101	32	103	default:river_water_source	0
102	32	103	default:river_water_source	0
103	32	103	default:river_water_source	0
104	32	103	default:river_water_source	0
105	32	103	default:river_water_source	0
106	32	103	default:river_water_source	0
107	32	103	default:river_water_source	0
108	32	103	default:river_water_source	0
109	32	103	default:river_water_source	0
110	32	103	default:river_water_source	0
111	32	103	default:river_water_source	0
112	32	103	default:river_water_source	0
113	32	103	default:river_water_source	0
114	32	103	default:river_water_source	0
115	32	103	default:river_water_source	0
116	32	103	default:river_water_source	0
117	32	103	default:river_water_source	0
118	32	103	default:river_water_source	0
72	33	103	default:river_water_source	0
73	33	103	default:river_water_source	0
74	33	103	default:river_water_source	0
75	33	103	default:river_water_source	0
76	33	103	default:river_water_source	0
77	33	103	default:river_water_source	0
78	33	103	default:river_water_source	0
79	33	103	default:river_water_source	0
80	33	103	default:river_water_source	0
81	33	103	default:river_water_source	0
82	33	103	default:river_water_source	0
83	33	103	default:river_water_source	0
84	33	103	default:river_water_source	0
85	33	103	default:river_water_source	0
86	33	103	default:river_water_source	0
87	33	103	default:river_water_source	0
88	33	103	default:river_water_source	0
89	33	103	default:river_water_source	0
90	33	103	default:river_water_source	0
91	33	103	default:river_water_source	0
92	33	103	default:river_water_source	0
93	33	103	default:river_water_source	0
94	33	103	default:river_water_source	0
95	33	103	default:river_water_source	0
96	33	103	default:river_water_source	0
97	33	103	default:river_water_source	0
98	33	103	default:river_water_source	0
99	33	103	default:river_water_source	0
100	33	103	default:river_water_source	0
101	33	103	default:river_water_source	0
102	33	103	default:river_water_source	0
103	33	103	default:river_water_source	0
104	33	103	default:river_water_source	0
105	33	103	default:river_water_source	0
106	33	103	default:river_water_source	0
107	33	103	default:river_water_source	0
108	33	103	default:river_water_source	0
109	33	103	default:river_water_source	0
110	33	103	default:river_water_source	0
111	33	103	default:river_water_source	0
112	33	103	default:river_water_source	0
113	33	103	default:river_water_source	0
114	33	103	default:river_water_source	0
115	33	103	default:river_water_source	0
116	33	103	default:river_water_source	0
117	33	103	default:river_water_source	0
118	33	103	default:river_water_source	0
72	34	103	default:river_water_source	0
73	34	103	default:river_water_source	0
74	34	103	default:river_water_source	0
75	34	103	default:river_water_source	0
76	34	103	default:river_water_source	0
77	34	103	default:river_water_source	0
78	34	103	default:river_water_source	0
79	34	103	default:river_water_source	0
80	34	103	default:river_water_source	0
81	34	103	default:river_water_source	0
82	34	103	default:river_water_source	0
83	34	103	default:river_water_source	0
84	34	103	default:river_water_source	0
85	34	103	default:river_water_source	0
86	34	103	default:river_water_source	0
87	34	103	default:river_water_source	0
88	34	103	default:river_water_source	0
89	34	103	default:river_water_source	0
90	34	103	default:river_water_source	0
91	34	103	default:river_water_source	0
92	34	103	default:river_water_source	0
93	34	103	default:river_water_source	0
94	34	103	default:river_water_source	0
95	34	103	default:river_water_source	0
96	34	103	default:river_water_source	0
97	34	103	default:river_water_source	0
98	34	103	default:river_water_source	0
99	34	103	default:river_water_source	0
100	34	103	default:river_water_source	0
101	34	103	default:river_water_source	0
102	34	103	default:river_water_source	0
103	34	103	default:river_water_source	0
104	34	103	default:river_water_source	0
105	34	103	default:river_water_source	0
106	34	103	default:river_water_source	0
107	34	103	default:river_water_source	0
108	34	103	default:river_water_source	0
109	34	103	default:river_water_source	0
110	34	103	default:river_water_source	0
111	34	103	default:river_water_source	0
112	34	103	default:river_water_source	0
113	34	103	default:river_water_source	0
114	34	103	default:river_water_source	0
115	34	103	default:river_water_source	0
116	34	103	default:river_water_source	0
117	34	103	default:river_water_source	0
118	34	103	default:river_water_source	0
72	35	103	default:river_water_source	0
73	35	103	default:river_water_source	0
74	35	103	default:river_water_source	0
75	35	103	default:river_water_source	0
76	35	103	default:river_water_source	0
77	35	103	default:river_water_source	0
78	35	103	default:river_water_source	0
79	35	103	default:river_water_source	0
80	35	103	default:river_water_source	0
81	35	103	default:river_water_source	0
82	35	103	default:river_water_source	0
83	35	103	default:river_water_source	0
84	35	103	default:river_water_source	0
85	35	103	default:river_water_source	0
86	35	103	default:river_water_source	0
87	35	103	default:river_water_source	0
88	35	103	default:river_water_source	0
89	35	103	default:river_water_source	0
90	35	103	default:river_water_source	0
91	35	103	default:river_water_source	0
92	35	103	default:river_water_source	0
93	35	103	default:river_water_source	0
94	35	103	default:river_water_source	0
95	35	103	default:river_water_source	0
96	35	103	default:river_water_source	0
97	35	103	default:river_water_source	0
98	35	103	default:river_water_source	0
99	35	103	default:river_water_source	0
100	35	103	default:river_water_source	0
101	35	103	default:river_water_source	0
102	35	103	default:river_water_source	0
103	35	103	default:river_water_source	0
104	35	103	default:river_water_source	0
105	35	103	default:river_water_source	0
106	35	103	default:river_water_source	0
107	35	103	default:river_water_source	0
108	35	103	default:river_water_source	0
109	35	103	default:river_water_source	0
110	35	103	default:river_water_source	0
111	35	103	default:river_water_source	0
112	35	103	default:river_water_source	0
113	35	103	default:river_water_source	0
114	35	103	default:river_water_source	0
115	35	103	default:river_water_source	0
116	35	103	default:river_water_source	0
117	35	103	default:river_water_source	0
118	35	103	default:river_water_source	0
72	25	104	default:dirt	0
73	25	104	default:dirt	0
74	25	104	default:dirt	0
75	25	104	default:dirt	0
76	25	104	default:dirt	0
77	25	104	default:dirt	0
78	25	104	default:dirt	0
79	25	104	default:dirt	0
80	25	104	default:dirt	0
81	25	104	default:dirt	0
82	25	104	default:dirt	0
83	25	104	default:dirt	0
84	25	104	default:dirt	0
96	25	104	default:dirt	0
97	25	104	default:dirt	0
98	25	104	default:dirt	0
99	25	104	default:dirt	0
100	25	104	default:dirt	0
101	25	104	default:dirt	0
102	25	104	default:dirt	0
103	25	104	default:dirt	0
104	25	104	default:dirt	0
105	25	104	default:dirt	0
106	25	104	default:dirt	0
107	25	104	default:dirt	0
108	25	104	default:dirt	0
109	25	104	default:dirt	0
110	25	104	default:dirt	0
111	25	104	default:dirt	0
112	25	104	default:dirt	0
113	25	104	default:dirt	0
114	25	104	default:dirt	0
115	25	104	default:dirt	0
116	25	104	default:dirt	0
117	25	104	default:dirt	0
118	25	104	default:dirt	0
72	26	104	default:dirt	0
73	26	104	default:dirt	0
74	26	104	default:dirt	0
75	26	104	default:dirt	0
76	26	104	default:dirt	0
77	26	104	default:dirt	0
78	26	104	default:dirt	0
79	26	104	default:dirt	0
80	26	104	default:dirt	0
81	26	104	default:dirt	0
82	26	104	default:dirt	0
83	26	104	default:dirt	0
84	26	104	default:dirt	0
85	26	104	default:dirt	0
86	26	104	default:dirt	0
87	26	104	default:dirt	0
88	26	104	default:dirt	0
89	26	104	default:dirt	0
90	26	104	default:dirt	0
91	26	104	default:dirt	0
92	26	104	default:dirt	0
93	26	104	default:dirt	0
94	26	104	default:dirt	0
95	26	104	default:dirt	0
96	26	104	default:dirt	0
97	26	104	default:dirt	0
98	26	104	default:dirt	0
99	26	104	default:dirt	0
100	26	104	default:dirt	0
101	26	104	default:dirt	0
102	26	104	default:dirt	0
103	26	104	default:dirt	0
104	26	104	default:dirt	0
105	26	104	default:dirt	0
106	26	104	default:dirt	0
107	26	104	default:dirt	0
108	26	104	default:dirt	0
109	26	104	default:dirt	0
110	26	104	default:dirt	0
111	26	104	default:dirt	0
112	26	104	default:dirt	0
113	26	104	default:dirt	0
114	26	104	default:dirt	0
115	26	104	default:dirt	0
116	26	104	default:dirt	0
117	26	104	default:dirt	0
118	26	104	default:dirt	0
72	27	104	default:dirt	0
73	27	104	default:dirt	0
74	27	104	default:dirt	0
75	27	104	default:dirt	0
76	27	104	default:dirt	0
77	27	104	default:dirt	0
78	27	104	default:dirt	0
79	27	104	default:dirt	0
80	27	104	default:dirt	0
81	27	104	default:dirt	0
82	27	104	default:dirt	0
83	27	104	default:dirt	0
84	27	104	default:dirt	0
85	27	104	default:dirt	0
86	27	104	default:dirt	0
87	27	104	default:dirt	0
88	27	104	default:dirt	0
89	27	104	default:dirt	0
90	27	104	default:dirt	0
91	27	104	default:dirt	0
92	27	104	default:dirt	0
93	27	104	default:dirt	0
94	27	104	default:dirt	0
95	27	104	default:dirt	0
96	27	104	default:dirt	0
97	27	104	default:dirt	0
98	27	104	default:dirt	0
99	27	104	default:dirt	0
100	27	104	default:dirt	0
101	27	104	default:dirt	0
102	27	104	default:dirt	0
103	27	104	default:dirt	0
104	27	104	default:dirt	0
105	27	104	default:dirt	0
106	27	104	default:dirt	0
107	27	104	default:dirt	0
108	27	104	default:dirt	0
109	27	104	default:dirt	0
110	27	104	default:dirt	0
111	27	104	default:dirt	0
112	27	104	default:dirt	0
113	27	104	default:dirt	0
114	27	104	default:dirt	0
115	27	104	default:dirt	0
116	27	104	default:dirt	0
117	27	104	default:dirt	0
118	27	104	default:dirt	0
72	28	104	grug_nodes:dirt_with_silver_litter	0
73	28	104	grug_nodes:dirt_with_silver_litter	0
74	28	104	grug_nodes:dirt_with_silver_litter	0
75	28	104	grug_nodes:dirt_with_silver_litter	0
76	28	104	grug_nodes:dirt_with_silver_litter	0
77	28	104	grug_nodes:dirt_with_silver_litter	0
78	28	104	grug_nodes:dirt_with_silver_litter	0
79	28	104	grug_nodes:dirt_with_silver_litter	0
80	28	104	grug_nodes:dirt_with_silver_litter	0
81	28	104	grug_nodes:dirt_with_silver_litter	0
82	28	104	grug_nodes:dirt_with_silver_litter	0
83	28	104	grug_nodes:dirt_with_silver_litter	0
84	28	104	grug_nodes:dirt_with_silver_litter	0
85	28	104	default:dirt	0
86	28	104	default:dirt	0
87	28	104	default:dirt	0
88	28	104	default:dirt	0
89	28	104	default:dirt	0
90	28	104	default:dirt	0
91	28	104	default:dirt	0
92	28	104	default:dirt	0
93	28	104	default:dirt	0
94	28	104	default:dirt	0
95	28	104	default:dirt	0
96	28	104	grug_nodes:dirt_with_silver_litter	0
97	28	104	grug_nodes:dirt_with_silver_litter	0
98	28	104	grug_nodes:dirt_with_silver_litter	0
99	28	104	grug_nodes:dirt_with_silver_litter	0
100	28	104	grug_nodes:dirt_with_silver_litter	0
101	28	104	grug_nodes:dirt_with_silver_litter	0
102	28	104	grug_nodes:dirt_with_silver_litter	0
103	28	104	grug_nodes:dirt_with_silver_litter	0
104	28	104	grug_nodes:dirt_with_silver_litter	0
105	28	104	grug_nodes:dirt_with_silver_litter	0
106	28	104	grug_nodes:dirt_with_silver_litter	0
107	28	104	grug_nodes:dirt_with_silver_litter	0
108	28	104	grug_nodes:dirt_with_silver_litter	0
109	28	104	grug_nodes:dirt_with_silver_litter	0
110	28	104	grug_nodes:dirt_with_silver_litter	0
111	28	104	grug_nodes:dirt_with_silver_litter	0
112	28	104	grug_nodes:dirt_with_silver_litter	0
113	28	104	grug_nodes:dirt_with_silver_litter	0
114	28	104	grug_nodes:dirt_with_silver_litter	0
115	28	104	grug_nodes:dirt_with_silver_litter	0
116	28	104	grug_nodes:dirt_with_silver_litter	0
117	28	104	grug_nodes:dirt_with_silver_litter	0
118	28	104	grug_nodes:dirt_with_silver_litter	0
72	29	104	default:river_water_source	0
73	29	104	default:river_water_source	0
74	29	104	default:river_water_source	0
75	29	104	default:river_water_source	0
76	29	104	default:river_water_source	0
77	29	104	default:river_water_source	0
78	29	104	default:river_water_source	0
79	29	104	default:river_water_source	0
80	29	104	default:river_water_source	0
81	29	104	default:river_water_source	0
82	29	104	default:river_water_source	0
83	29	104	default:river_water_source	0
84	29	104	default:river_water_source	0
85	29	104	grug_nodes:dirt_with_silver_litter	0
86	29	104	grug_nodes:dirt_with_silver_litter	0
87	29	104	grug_nodes:dirt_with_silver_litter	0
88	29	104	grug_nodes:dirt_with_silver_litter	0
89	29	104	grug_nodes:dirt_with_silver_litter	0
90	29	104	grug_nodes:dirt_with_silver_litter	0
91	29	104	grug_nodes:dirt_with_silver_litter	0
92	29	104	grug_nodes:dirt_with_silver_litter	0
93	29	104	grug_nodes:dirt_with_silver_litter	0
94	29	104	grug_nodes:dirt_with_silver_litter	0
95	29	104	grug_nodes:dirt_with_silver_litter	0
96	29	104	default:river_water_source	0
97	29	104	default:river_water_source	0
98	29	104	default:river_water_source	0
99	29	104	default:river_water_source	0
100	29	104	default:river_water_source	0
101	29	104	default:river_water_source	0
102	29	104	default:river_water_source	0
103	29	104	default:river_water_source	0
104	29	104	default:river_water_source	0
105	29	104	default:river_water_source	0
106	29	104	default:river_water_source	0
107	29	104	default:river_water_source	0
108	29	104	default:river_water_source	0
109	29	104	default:river_water_source	0
110	29	104	default:river_water_source	0
111	29	104	default:river_water_source	0
112	29	104	default:river_water_source	0
113	29	104	default:river_water_source	0
114	29	104	default:river_water_source	0
115	29	104	default:river_water_source	0
116	29	104	default:river_water_source	0
117	29	104	default:river_water_source	0
118	29	104	default:river_water_source	0
72	30	104	default:river_water_source	0
73	30	104	default:river_water_source	0
74	30	104	default:river_water_source	0
75	30	104	default:river_water_source	0
76	30	104	default:river_water_source	0
77	30	104	default:river_water_source	0
78	30	104	default:river_water_source	0
79	30	104	default:river_water_source	0
80	30	104	default:river_water_source	0
81	30	104	default:river_water_source	0
82	30	104	default:river_water_source	0
83	30	104	default:river_water_source	0
84	30	104	default:river_water_source	0
85	30	104	default:river_water_source	0
86	30	104	default:river_water_source	0
87	30	104	default:river_water_source	0
88	30	104	default:river_water_source	0
89	30	104	default:river_water_source	0
90	30	104	default:river_water_source	0
91	30	104	default:river_water_source	0
92	30	104	default:river_water_source	0
93	30	104	default:river_water_source	0
94	30	104	default:river_water_source	0
95	30	104	default:river_water_source	0
96	30	104	default:river_water_source	0
97	30	104	default:river_water_source	0
98	30	104	default:river_water_source	0
99	30	104	default:river_water_source	0
100	30	104	default:river_water_source	0
101	30	104	default:river_water_source	0
102	30	104	default:river_water_source	0
103	30	104	default:river_water_source	0
104	30	104	default:river_water_source	0
105	30	104	default:river_water_source	0
106	30	104	default:river_water_source	0
107	30	104	default:river_water_source	0
108	30	104	default:river_water_source	0
109	30	104	default:river_water_source	0
110	30	104	default:river_water_source	0
111	30	104	default:river_water_source	0
112	30	104	default:river_water_source	0
113	30	104	default:river_water_source	0
114	30	104	default:river_water_source	0
115	30	104	default:river_water_source	0
116	30	104	default:river_water_source	0
117	30	104	default:river_water_source	0
118	30	104	default:river_water_source	0
72	31	104	default:river_water_source	0
73	31	104	default:river_water_source	0
74	31	104	default:river_water_source	0
75	31	104	default:river_water_source	0
76	31	104	default:river_water_source	0
77	31	104	default:river_water_source	0
78	31	104	default:river_water_source	0
79	31	104	default:river_water_source	0
80	31	104	default:river_water_source	0
81	31	104	default:river_water_source	0
82	31	104	default:river_water_source	0
83	31	104	default:river_water_source	0
84	31	104	default:river_water_source	0
85	31	104	default:river_water_source	0
86	31	104	default:river_water_source	0
87	31	104	default:river_water_source	0
88	31	104	default:river_water_source	0
89	31	104	default:river_water_source	0
90	31	104	default:river_water_source	0
91	31	104	default:river_water_source	0
92	31	104	default:river_water_source	0
93	31	104	default:river_water_source	0
94	31	104	default:river_water_source	0
95	31	104	default:river_water_source	0
96	31	104	default:river_water_source	0
97	31	104	default:river_water_source	0
98	31	104	default:river_water_source	0
99	31	104	default:river_water_source	0
100	31	104	default:river_water_source	0
101	31	104	default:river_water_source	0
102	31	104	default:river_water_source	0
103	31	104	default:river_water_source	0
104	31	104	default:river_water_source	0
105	31	104	default:river_water_source	0
106	31	104	default:river_water_source	0
107	31	104	default:river_water_source	0
108	31	104	default:river_water_source	0
109	31	104	default:river_water_source	0
110	31	104	default:river_water_source	0
111	31	104	default:river_water_source	0
112	31	104	default:river_water_source	0
113	31	104	default:river_water_source	0
114	31	104	default:river_water_source	0
115	31	104	default:river_water_source	0
116	31	104	default:river_water_source	0
117	31	104	default:river_water_source	0
118	31	104	default:river_water_source	0
72	32	104	default:river_water_source	0
73	32	104	default:river_water_source	0
74	32	104	default:river_water_source	0
75	32	104	default:river_water_source	0
76	32	104	default:river_water_source	0
77	32	104	default:river_water_source	0
78	32	104	default:river_water_source	0
79	32	104	default:river_water_source	0
80	32	104	default:river_water_source	0
81	32	104	default:river_water_source	0
82	32	104	default:river_water_source	0
83	32	104	default:river_water_source	0
84	32	104	default:river_water_source	0
85	32	104	default:river_water_source	0
86	32	104	default:river_water_source	0
87	32	104	default:river_water_source	0
88	32	104	default:river_water_source	0
89	32	104	default:river_water_source	0
90	32	104	default:river_water_source	0
91	32	104	default:river_water_source	0
92	32	104	default:river_water_source	0
93	32	104	default:river_water_source	0
94	32	104	default:river_water_source	0
95	32	104	default:river_water_source	0
96	32	104	default:river_water_source	0
97	32	104	default:river_water_source	0
98	32	104	default:river_water_source	0
99	32	104	default:river_water_source	0
100	32	104	default:river_water_source	0
101	32	104	default:river_water_source	0
102	32	104	default:river_water_source	0
103	32	104	default:river_water_source	0
104	32	104	default:river_water_source	0
105	32	104	default:river_water_source	0
106	32	104	default:river_water_source	0
107	32	104	default:river_water_source	0
108	32	104	default:river_water_source	0
109	32	104	default:river_water_source	0
110	32	104	default:river_water_source	0
111	32	104	default:river_water_source	0
112	32	104	default:river_water_source	0
113	32	104	default:river_water_source	0
114	32	104	default:river_water_source	0
115	32	104	default:river_water_source	0
116	32	104	default:river_water_source	0
117	32	104	default:river_water_source	0
118	32	104	default:river_water_source	0
72	33	104	default:river_water_source	0
73	33	104	default:river_water_source	0
74	33	104	default:river_water_source	0
75	33	104	default:river_water_source	0
76	33	104	default:river_water_source	0
77	33	104	default:river_water_source	0
78	33	104	default:river_water_source	0
79	33	104	default:river_water_source	0
80	33	104	default:river_water_source	0
81	33	104	default:river_water_source	0
82	33	104	default:river_water_source	0
83	33	104	default:river_water_source	0
84	33	104	default:river_water_source	0
85	33	104	default:river_water_source	0
86	33	104	default:river_water_source	0
87	33	104	default:river_water_source	0
88	33	104	default:river_water_source	0
89	33	104	default:river_water_source	0
90	33	104	default:river_water_source	0
91	33	104	default:river_water_source	0
92	33	104	default:river_water_source	0
93	33	104	default:river_water_source	0
94	33	104	default:river_water_source	0
95	33	104	default:river_water_source	0
96	33	104	default:river_water_source	0
97	33	104	default:river_water_source	0
98	33	104	default:river_water_source	0
99	33	104	default:river_water_source	0
100	33	104	default:river_water_source	0
101	33	104	default:river_water_source	0
102	33	104	default:river_water_source	0
103	33	104	default:river_water_source	0
104	33	104	default:river_water_source	0
105	33	104	default:river_water_source	0
106	33	104	default:river_water_source	0
107	33	104	default:river_water_source	0
108	33	104	default:river_water_source	0
109	33	104	default:river_water_source	0
110	33	104	default:river_water_source	0
111	33	104	default:river_water_source	0
112	33	104	default:river_water_source	0
113	33	104	default:river_water_source	0
114	33	104	default:river_water_source	0
115	33	104	default:river_water_source	0
116	33	104	default:river_water_source	0
117	33	104	default:river_water_source	0
118	33	104	default:river_water_source	0
72	34	104	default:river_water_source	0
73	34	104	default:river_water_source	0
74	34	104	default:river_water_source	0
75	34	104	default:river_water_source	0
76	34	104	default:river_water_source	0
77	34	104	default:river_water_source	0
78	34	104	default:river_water_source	0
79	34	104	default:river_water_source	0
80	34	104	default:river_water_source	0
81	34	104	default:river_water_source	0
82	34	104	default:river_water_source	0
83	34	104	default:river_water_source	0
84	34	104	default:river_water_source	0
85	34	104	default:river_water_source	0
86	34	104	default:river_water_source	0
87	34	104	default:river_water_source	0
88	34	104	default:river_water_source	0
89	34	104	default:river_water_source	0
90	34	104	default:river_water_source	0
91	34	104	default:river_water_source	0
92	34	104	default:river_water_source	0
93	34	104	default:river_water_source	0
94	34	104	default:river_water_source	0
95	34	104	default:river_water_source	0
96	34	104	default:river_water_source	0
97	34	104	default:river_water_source	0
98	34	104	default:river_water_source	0
99	34	104	default:river_water_source	0
100	34	104	default:river_water_source	0
101	34	104	default:river_water_source	0
102	34	104	default:river_water_source	0
103	34	104	default:river_water_source	0
104	34	104	default:river_water_source	0
105	34	104	default:river_water_source	0
106	34	104	default:river_water_source	0
107	34	104	default:river_water_source	0
108	34	104	default:river_water_source	0
109	34	104	default:river_water_source	0
110	34	104	default:river_water_source	0
111	34	104	default:river_water_source	0
112	34	104	default:river_water_source	0
113	34	104	default:river_water_source	0
114	34	104	default:river_water_source	0
115	34	104	default:river_water_source	0
116	34	104	default:river_water_source	0
117	34	104	default:river_water_source	0
118	34	104	default:river_water_source	0
72	35	104	default:river_water_source	0
73	35	104	default:river_water_source	0
74	35	104	default:river_water_source	0
75	35	104	default:river_water_source	0
76	35	104	default:river_water_source	0
77	35	104	default:river_water_source	0
78	35	104	default:river_water_source	0
79	35	104	default:river_water_source	0
80	35	104	default:river_water_source	0
81	35	104	default:river_water_source	0
82	35	104	default:river_water_source	0
83	35	104	default:river_water_source	0
84	35	104	default:river_water_source	0
85	35	104	default:river_water_source	0
86	35	104	default:river_water_source	0
87	35	104	default:river_water_source	0
88	35	104	default:river_water_source	0
89	35	104	default:river_water_source	0
90	35	104	default:river_water_source	0
91	35	104	default:river_water_source	0
92	35	104	default:river_water_source	0
93	35	104	default:river_water_source	0
94	35	104	default:river_water_source	0
95	35	104	default:river_water_source	0
96	35	104	default:river_water_source	0
97	35	104	default:river_water_source	0
98	35	104	default:river_water_source	0
99	35	104	default:river_water_source	0
100	35	104	default:river_water_source	0
101	35	104	default:river_water_source	0
102	35	104	default:river_water_source	0
103	35	104	default:river_water_source	0
104	35	104	default:river_water_source	0
105	35	104	default:river_water_source	0
106	35	104	default:river_water_source	0
107	35	104	default:river_water_source	0
108	35	104	default:river_water_source	0
109	35	104	default:river_water_source	0
110	35	104	default:river_water_source	0
111	35	104	default:river_water_source	0
112	35	104	default:river_water_source	0
113	35	104	default:river_water_source	0
114	35	104	default:river_water_source	0
115	35	104	default:river_water_source	0
116	35	104	default:river_water_source	0
117	35	104	default:river_water_source	0
118	35	104	default:river_water_source	0
72	25	105	default:dirt	0
73	25	105	default:dirt	0
74	25	105	default:dirt	0
75	25	105	default:dirt	0
76	25	105	default:dirt	0
77	25	105	default:dirt	0
78	25	105	default:dirt	0
79	25	105	default:dirt	0
80	25	105	default:dirt	0
81	25	105	default:dirt	0
82	25	105	default:dirt	0
83	25	105	default:dirt	0
84	25	105	default:dirt	0
85	25	105	default:dirt	0
86	25	105	default:dirt	0
87	25	105	default:dirt	0
88	25	105	default:dirt	0
89	25	105	default:dirt	0
90	25	105	default:dirt	0
91	25	105	default:dirt	0
92	25	105	default:dirt	0
93	25	105	default:dirt	0
94	25	105	default:dirt	0
95	25	105	default:dirt	0
96	25	105	default:dirt	0
97	25	105	default:dirt	0
98	25	105	default:dirt	0
99	25	105	default:dirt	0
100	25	105	default:dirt	0
101	25	105	default:dirt	0
102	25	105	default:dirt	0
103	25	105	default:dirt	0
104	25	105	default:dirt	0
105	25	105	default:dirt	0
106	25	105	default:dirt	0
107	25	105	default:dirt	0
108	25	105	default:dirt	0
109	25	105	default:dirt	0
110	25	105	default:dirt	0
111	25	105	default:dirt	0
112	25	105	default:dirt	0
113	25	105	default:dirt	0
114	25	105	default:dirt	0
115	25	105	default:dirt	0
116	25	105	default:dirt	0
117	25	105	default:dirt	0
118	25	105	default:dirt	0
72	26	105	default:dirt	0
73	26	105	default:dirt	0
74	26	105	default:dirt	0
75	26	105	default:dirt	0
76	26	105	default:dirt	0
77	26	105	default:dirt	0
78	26	105	default:dirt	0
79	26	105	default:dirt	0
80	26	105	default:dirt	0
81	26	105	default:dirt	0
82	26	105	default:dirt	0
83	26	105	default:dirt	0
84	26	105	default:dirt	0
85	26	105	default:dirt	0
86	26	105	default:dirt	0
87	26	105	default:dirt	0
88	26	105	default:dirt	0
89	26	105	default:dirt	0
90	26	105	default:dirt	0
91	26	105	default:dirt	0
92	26	105	default:dirt	0
93	26	105	default:dirt	0
94	26	105	default:dirt	0
95	26	105	default:dirt	0
96	26	105	default:dirt	0
97	26	105	default:dirt	0
98	26	105	default:dirt	0
99	26	105	default:dirt	0
100	26	105	default:dirt	0
101	26	105	default:dirt	0
102	26	105	default:dirt	0
103	26	105	default:dirt	0
104	26	105	default:dirt	0
105	26	105	default:dirt	0
106	26	105	default:dirt	0
107	26	105	default:dirt	0
108	26	105	default:dirt	0
109	26	105	default:dirt	0
110	26	105	default:dirt	0
111	26	105	default:dirt	0
112	26	105	default:dirt	0
113	26	105	default:dirt	0
114	26	105	default:dirt	0
115	26	105	default:dirt	0
116	26	105	default:dirt	0
117	26	105	default:dirt	0
118	26	105	default:dirt	0
72	27	105	default:dirt	0
73	27	105	default:dirt	0
74	27	105	default:dirt	0
75	27	105	default:dirt	0
76	27	105	default:dirt	0
77	27	105	default:dirt	0
78	27	105	default:dirt	0
79	27	105	default:dirt	0
80	27	105	default:dirt	0
81	27	105	default:dirt	0
82	27	105	default:dirt	0
83	27	105	default:dirt	0
84	27	105	default:dirt	0
85	27	105	default:dirt	0
86	27	105	default:dirt	0
87	27	105	default:dirt	0
88	27	105	default:dirt	0
89	27	105	default:dirt	0
90	27	105	default:dirt	0
91	27	105	default:dirt	0
92	27	105	default:dirt	0
93	27	105	default:dirt	0
94	27	105	default:dirt	0
95	27	105	default:dirt	0
96	27	105	default:dirt	0
97	27	105	default:dirt	0
98	27	105	default:dirt	0
99	27	105	default:dirt	0
100	27	105	default:dirt	0
101	27	105	default:dirt	0
102	27	105	default:dirt	0
103	27	105	default:dirt	0
104	27	105	default:dirt	0
105	27	105	default:dirt	0
106	27	105	default:dirt	0
107	27	105	default:dirt	0
108	27	105	default:dirt	0
109	27	105	default:dirt	0
110	27	105	default:dirt	0
111	27	105	default:dirt	0
112	27	105	default:dirt	0
113	27	105	default:dirt	0
114	27	105	default:dirt	0
115	27	105	default:dirt	0
116	27	105	default:dirt	0
117	27	105	default:dirt	0
118	27	105	default:dirt	0
72	28	105	grug_nodes:dirt_with_silver_litter	0
73	28	105	grug_nodes:dirt_with_silver_litter	0
74	28	105	grug_nodes:dirt_with_silver_litter	0
75	28	105	grug_nodes:dirt_with_silver_litter	0
76	28	105	grug_nodes:dirt_with_silver_litter	0
77	28	105	grug_nodes:dirt_with_silver_litter	0
78	28	105	grug_nodes:dirt_with_silver_litter	0
79	28	105	grug_nodes:dirt_with_silver_litter	0
80	28	105	grug_nodes:dirt_with_silver_litter	0
81	28	105	grug_nodes:dirt_with_silver_litter	0
82	28	105	grug_nodes:dirt_with_silver_litter	0
83	28	105	grug_nodes:dirt_with_silver_litter	0
84	28	105	grug_nodes:dirt_with_silver_litter	0
85	28	105	grug_nodes:dirt_with_silver_litter	0
86	28	105	grug_nodes:dirt_with_silver_litter	0
87	28	105	grug_nodes:dirt_with_silver_litter	0
88	28	105	grug_nodes:dirt_with_silver_litter	0
89	28	105	grug_nodes:dirt_with_silver_litter	0
90	28	105	grug_nodes:dirt_with_silver_litter	0
91	28	105	grug_nodes:dirt_with_silver_litter	0
92	28	105	grug_nodes:dirt_with_silver_litter	0
93	28	105	grug_nodes:dirt_with_silver_litter	0
94	28	105	grug_nodes:dirt_with_silver_litter	0
95	28	105	grug_nodes:dirt_with_silver_litter	0
96	28	105	grug_nodes:dirt_with_silver_litter	0
97	28	105	grug_nodes:dirt_with_silver_litter	0
98	28	105	grug_nodes:dirt_with_silver_litter	0
99	28	105	grug_nodes:dirt_with_silver_litter	0
100	28	105	grug_nodes:dirt_with_silver_litter	0
101	28	105	grug_nodes:dirt_with_silver_litter	0
102	28	105	grug_nodes:dirt_with_silver_litter	0
103	28	105	grug_nodes:dirt_with_silver_litter	0
104	28	105	grug_nodes:dirt_with_silver_litter	0
105	28	105	grug_nodes:dirt_with_silver_litter	0
106	28	105	grug_nodes:dirt_with_silver_litter	0
107	28	105	grug_nodes:dirt_with_silver_litter	0
108	28	105	grug_nodes:dirt_with_silver_litter	0
109	28	105	grug_nodes:dirt_with_silver_litter	0
110	28	105	grug_nodes:dirt_with_silver_litter	0
111	28	105	grug_nodes:dirt_with_silver_litter	0
112	28	105	grug_nodes:dirt_with_silver_litter	0
113	28	105	grug_nodes:dirt_with_silver_litter	0
114	28	105	grug_nodes:dirt_with_silver_litter	0
115	28	105	grug_nodes:dirt_with_silver_litter	0
116	28	105	grug_nodes:dirt_with_silver_litter	0
117	28	105	grug_nodes:dirt_with_silver_litter	0
118	28	105	grug_nodes:dirt_with_silver_litter	0
72	29	105	default:river_water_source	0
73	29	105	default:river_water_source	0
74	29	105	default:river_water_source	0
75	29	105	default:river_water_source	0
76	29	105	default:river_water_source	0
77	29	105	default:river_water_source	0
78	29	105	default:river_water_source	0
79	29	105	default:river_water_source	0
80	29	105	default:river_water_source	0
81	29	105	default:river_water_source	0
82	29	105	default:river_water_source	0
83	29	105	default:river_water_source	0
84	29	105	default:river_water_source	0
85	29	105	default:river_water_source	0
86	29	105	default:river_water_source	0
87	29	105	default:river_water_source	0
88	29	105	default:river_water_source	0
89	29	105	default:river_water_source	0
90	29	105	default:river_water_source	0
91	29	105	default:river_water_source	0
92	29	105	default:river_water_source	0
93	29	105	default:river_water_source	0
94	29	105	default:river_water_source	0
95	29	105	default:river_water_source	0
96	29	105	default:river_water_source	0
97	29	105	default:river_water_source	0
98	29	105	default:river_water_source	0
99	29	105	default:river_water_source	0
100	29	105	default:river_water_source	0
101	29	105	default:river_water_source	0
102	29	105	default:river_water_source	0
103	29	105	default:river_water_source	0
104	29	105	default:river_water_source	0
105	29	105	default:river_water_source	0
106	29	105	default:river_water_source	0
107	29	105	default:river_water_source	0
108	29	105	default:river_water_source	0
109	29	105	default:river_water_source	0
110	29	105	default:river_water_source	0
111	29	105	default:river_water_source	0
112	29	105	default:river_water_source	0
113	29	105	default:river_water_source	0
114	29	105	default:river_water_source	0
115	29	105	default:river_water_source	0
116	29	105	default:river_water_source	0
117	29	105	default:river_water_source	0
118	29	105	default:river_water_source	0
72	30	105	default:river_water_source	0
73	30	105	default:river_water_source	0
74	30	105	default:river_water_source	0
75	30	105	default:river_water_source	0
76	30	105	default:river_water_source	0
77	30	105	default:river_water_source	0
78	30	105	default:river_water_source	0
79	30	105	default:river_water_source	0
80	30	105	default:river_water_source	0
81	30	105	default:river_water_source	0
82	30	105	default:river_water_source	0
83	30	105	default:river_water_source	0
84	30	105	default:river_water_source	0
85	30	105	default:river_water_source	0
86	30	105	default:river_water_source	0
87	30	105	default:river_water_source	0
88	30	105	default:river_water_source	0
89	30	105	default:river_water_source	0
90	30	105	default:river_water_source	0
91	30	105	default:river_water_source	0
92	30	105	default:river_water_source	0
93	30	105	default:river_water_source	0
94	30	105	default:river_water_source	0
95	30	105	default:river_water_source	0
96	30	105	default:river_water_source	0
97	30	105	default:river_water_source	0
98	30	105	default:river_water_source	0
99	30	105	default:river_water_source	0
100	30	105	default:river_water_source	0
101	30	105	default:river_water_source	0
102	30	105	default:river_water_source	0
103	30	105	default:river_water_source	0
104	30	105	default:river_water_source	0
105	30	105	default:river_water_source	0
106	30	105	default:river_water_source	0
107	30	105	default:river_water_source	0
108	30	105	default:river_water_source	0
109	30	105	default:river_water_source	0
110	30	105	default:river_water_source	0
111	30	105	default:river_water_source	0
112	30	105	default:river_water_source	0
113	30	105	default:river_water_source	0
114	30	105	default:river_water_source	0
115	30	105	default:river_water_source	0
116	30	105	default:river_water_source	0
117	30	105	default:river_water_source	0
118	30	105	default:river_water_source	0
72	31	105	default:river_water_source	0
73	31	105	default:river_water_source	0
74	31	105	default:river_water_source	0
75	31	105	default:river_water_source	0
76	31	105	default:river_water_source	0
77	31	105	default:river_water_source	0
78	31	105	default:river_water_source	0
79	31	105	default:river_water_source	0
80	31	105	default:river_water_source	0
81	31	105	default:river_water_source	0
82	31	105	default:river_water_source	0
83	31	105	default:river_water_source	0
84	31	105	default:river_water_source	0
85	31	105	default:river_water_source	0
86	31	105	default:river_water_source	0
87	31	105	default:river_water_source	0
88	31	105	default:river_water_source	0
89	31	105	default:river_water_source	0
90	31	105	default:river_water_source	0
91	31	105	default:river_water_source	0
92	31	105	default:river_water_source	0
93	31	105	default:river_water_source	0
94	31	105	default:river_water_source	0
95	31	105	default:river_water_source	0
96	31	105	default:river_water_source	0
97	31	105	default:river_water_source	0
98	31	105	default:river_water_source	0
99	31	105	default:river_water_source	0
100	31	105	default:river_water_source	0
101	31	105	default:river_water_source	0
102	31	105	default:river_water_source	0
103	31	105	default:river_water_source	0
104	31	105	default:river_water_source	0
105	31	105	default:river_water_source	0
106	31	105	default:river_water_source	0
107	31	105	default:river_water_source	0
108	31	105	default:river_water_source	0
109	31	105	default:river_water_source	0
110	31	105	default:river_water_source	0
111	31	105	default:river_water_source	0
112	31	105	default:river_water_source	0
113	31	105	default:river_water_source	0
114	31	105	default:river_water_source	0
115	31	105	default:river_water_source	0
116	31	105	default:river_water_source	0
117	31	105	default:river_water_source	0
118	31	105	default:river_water_source	0
72	32	105	default:river_water_source	0
73	32	105	default:river_water_source	0
74	32	105	default:river_water_source	0
75	32	105	default:river_water_source	0
76	32	105	default:river_water_source	0
77	32	105	default:river_water_source	0
78	32	105	default:river_water_source	0
79	32	105	default:river_water_source	0
80	32	105	default:river_water_source	0
81	32	105	default:river_water_source	0
82	32	105	default:river_water_source	0
83	32	105	default:river_water_source	0
84	32	105	default:river_water_source	0
85	32	105	default:river_water_source	0
86	32	105	default:river_water_source	0
87	32	105	default:river_water_source	0
88	32	105	default:river_water_source	0
89	32	105	default:river_water_source	0
90	32	105	default:river_water_source	0
91	32	105	default:river_water_source	0
92	32	105	default:river_water_source	0
93	32	105	default:river_water_source	0
94	32	105	default:river_water_source	0
95	32	105	default:river_water_source	0
96	32	105	default:river_water_source	0
97	32	105	default:river_water_source	0
98	32	105	default:river_water_source	0
99	32	105	default:river_water_source	0
100	32	105	default:river_water_source	0
101	32	105	default:river_water_source	0
102	32	105	default:river_water_source	0
103	32	105	default:river_water_source	0
104	32	105	default:river_water_source	0
105	32	105	default:river_water_source	0
106	32	105	default:river_water_source	0
107	32	105	default:river_water_source	0
108	32	105	default:river_water_source	0
109	32	105	default:river_water_source	0
110	32	105	default:river_water_source	0
111	32	105	default:river_water_source	0
112	32	105	default:river_water_source	0
113	32	105	default:river_water_source	0
114	32	105	default:river_water_source	0
115	32	105	default:river_water_source	0
116	32	105	default:river_water_source	0
117	32	105	default:river_water_source	0
118	32	105	default:river_water_source	0
72	33	105	default:river_water_source	0
73	33	105	default:river_water_source	0
74	33	105	default:river_water_source	0
75	33	105	default:river_water_source	0
76	33	105	default:river_water_source	0
77	33	105	default:river_water_source	0
78	33	105	default:river_water_source	0
79	33	105	default:river_water_source	0
80	33	105	default:river_water_source	0
81	33	105	default:river_water_source	0
82	33	105	default:river_water_source	0
83	33	105	default:river_water_source	0
84	33	105	default:river_water_source	0
85	33	105	default:river_water_source	0
86	33	105	default:river_water_source	0
87	33	105	default:river_water_source	0
88	33	105	default:river_water_source	0
89	33	105	default:river_water_source	0
90	33	105	default:river_water_source	0
91	33	105	default:river_water_source	0
92	33	105	default:river_water_source	0
93	33	105	default:river_water_source	0
94	33	105	default:river_water_source	0
95	33	105	default:river_water_source	0
96	33	105	default:river_water_source	0
97	33	105	default:river_water_source	0
98	33	105	default:river_water_source	0
99	33	105	default:river_water_source	0
100	33	105	default:river_water_source	0
101	33	105	default:river_water_source	0
102	33	105	default:river_water_source	0
103	33	105	default:river_water_source	0
104	33	105	default:river_water_source	0
105	33	105	default:river_water_source	0
106	33	105	default:river_water_source	0
107	33	105	default:river_water_source	0
108	33	105	default:river_water_source	0
109	33	105	default:river_water_source	0
110	33	105	default:river_water_source	0
111	33	105	default:river_water_source	0
112	33	105	default:river_water_source	0
113	33	105	default:river_water_source	0
114	33	105	default:river_water_source	0
115	33	105	default:river_water_source	0
116	33	105	default:river_water_source	0
117	33	105	default:river_water_source	0
118	33	105	default:river_water_source	0
72	34	105	default:river_water_source	0
73	34	105	default:river_water_source	0
74	34	105	default:river_water_source	0
75	34	105	default:river_water_source	0
76	34	105	default:river_water_source	0
77	34	105	default:river_water_source	0
78	34	105	default:river_water_source	0
79	34	105	default:river_water_source	0
80	34	105	default:river_water_source	0
81	34	105	default:river_water_source	0
82	34	105	default:river_water_source	0
83	34	105	default:river_water_source	0
84	34	105	default:river_water_source	0
85	34	105	default:river_water_source	0
86	34	105	default:river_water_source	0
87	34	105	default:river_water_source	0
88	34	105	default:river_water_source	0
89	34	105	default:river_water_source	0
90	34	105	default:river_water_source	0
91	34	105	default:river_water_source	0
92	34	105	default:river_water_source	0
93	34	105	default:river_water_source	0
94	34	105	default:river_water_source	0
95	34	105	default:river_water_source	0
96	34	105	default:river_water_source	0
97	34	105	default:river_water_source	0
98	34	105	default:river_water_source	0
99	34	105	default:river_water_source	0
100	34	105	default:river_water_source	0
101	34	105	default:river_water_source	0
102	34	105	default:river_water_source	0
103	34	105	default:river_water_source	0
104	34	105	default:river_water_source	0
105	34	105	default:river_water_source	0
106	34	105	default:river_water_source	0
107	34	105	default:river_water_source	0
108	34	105	default:river_water_source	0
109	34	105	default:river_water_source	0
110	34	105	default:river_water_source	0
111	34	105	default:river_water_source	0
112	34	105	default:river_water_source	0
113	34	105	default:river_water_source	0
114	34	105	default:river_water_source	0
115	34	105	default:river_water_source	0
116	34	105	default:river_water_source	0
117	34	105	default:river_water_source	0
118	34	105	default:river_water_source	0
72	35	105	default:river_water_source	0
73	35	105	default:river_water_source	0
74	35	105	default:river_water_source	0
75	35	105	default:river_water_source	0
76	35	105	default:river_water_source	0
77	35	105	default:river_water_source	0
78	35	105	default:river_water_source	0
79	35	105	default:river_water_source	0
80	35	105	default:river_water_source	0
81	35	105	default:river_water_source	0
82	35	105	default:river_water_source	0
83	35	105	default:river_water_source	0
84	35	105	default:river_water_source	0
85	35	105	default:river_water_source	0
86	35	105	default:river_water_source	0
87	35	105	default:river_water_source	0
88	35	105	default:river_water_source	0
89	35	105	default:river_water_source	0
90	35	105	default:river_water_source	0
91	35	105	default:river_water_source	0
92	35	105	default:river_water_source	0
93	35	105	default:river_water_source	0
94	35	105	default:river_water_source	0
95	35	105	default:river_water_source	0
96	35	105	default:river_water_source	0
97	35	105	default:river_water_source	0
98	35	105	default:river_water_source	0
99	35	105	default:river_water_source	0
100	35	105	default:river_water_source	0
101	35	105	default:river_water_source	0
102	35	105	default:river_water_source	0
103	35	105	default:river_water_source	0
104	35	105	default:river_water_source	0
105	35	105	default:river_water_source	0
106	35	105	default:river_water_source	0
107	35	105	default:river_water_source	0
108	35	105	default:river_water_source	0
109	35	105	default:river_water_source	0
110	35	105	default:river_water_source	0
111	35	105	default:river_water_source	0
112	35	105	default:river_water_source	0
113	35	105	default:river_water_source	0
114	35	105	default:river_water_source	0
115	35	105	default:river_water_source	0
116	35	105	default:river_water_source	0
117	35	105	default:river_water_source	0
118	35	105	default:river_water_source	0
72	25	106	default:dirt	0
73	25	106	default:dirt	0
74	25	106	default:dirt	0
75	25	106	default:dirt	0
76	25	106	default:dirt	0
77	25	106	default:dirt	0
78	25	106	default:dirt	0
79	25	106	default:dirt	0
80	25	106	default:dirt	0
81	25	106	default:dirt	0
82	25	106	default:dirt	0
83	25	106	default:dirt	0
84	25	106	default:dirt	0
85	25	106	default:dirt	0
86	25	106	default:dirt	0
87	25	106	default:dirt	0
88	25	106	default:dirt	0
89	25	106	default:dirt	0
90	25	106	default:dirt	0
91	25	106	default:dirt	0
92	25	106	default:dirt	0
93	25	106	default:dirt	0
94	25	106	default:dirt	0
95	25	106	default:dirt	0
96	25	106	default:dirt	0
97	25	106	default:dirt	0
98	25	106	default:dirt	0
99	25	106	default:dirt	0
100	25	106	default:dirt	0
101	25	106	default:dirt	0
102	25	106	default:dirt	0
103	25	106	default:dirt	0
104	25	106	default:dirt	0
105	25	106	default:dirt	0
106	25	106	default:dirt	0
107	25	106	default:dirt	0
108	25	106	default:dirt	0
109	25	106	default:dirt	0
110	25	106	default:dirt	0
111	25	106	default:dirt	0
112	25	106	default:dirt	0
113	25	106	default:dirt	0
114	25	106	default:dirt	0
115	25	106	default:dirt	0
116	25	106	default:dirt	0
117	25	106	default:dirt	0
118	25	106	default:dirt	0
72	26	106	default:dirt	0
73	26	106	default:dirt	0
74	26	106	default:dirt	0
75	26	106	default:dirt	0
76	26	106	default:dirt	0
77	26	106	default:dirt	0
78	26	106	default:dirt	0
79	26	106	default:dirt	0
80	26	106	default:dirt	0
81	26	106	default:dirt	0
82	26	106	default:dirt	0
83	26	106	default:dirt	0
84	26	106	default:dirt	0
85	26	106	default:dirt	0
86	26	106	default:dirt	0
87	26	106	default:dirt	0
88	26	106	default:dirt	0
89	26	106	default:dirt	0
90	26	106	default:dirt	0
91	26	106	default:dirt	0
92	26	106	default:dirt	0
93	26	106	default:dirt	0
94	26	106	default:dirt	0
95	26	106	default:dirt	0
96	26	106	default:dirt	0
97	26	106	default:dirt	0
98	26	106	default:dirt	0
99	26	106	default:dirt	0
100	26	106	default:dirt	0
101	26	106	default:dirt	0
102	26	106	default:dirt	0
103	26	106	default:dirt	0
104	26	106	default:dirt	0
105	26	106	default:dirt	0
106	26	106	default:dirt	0
107	26	106	default:dirt	0
108	26	106	default:dirt	0
109	26	106	default:dirt	0
110	26	106	default:dirt	0
111	26	106	default:dirt	0
112	26	106	default:dirt	0
113	26	106	default:dirt	0
114	26	106	default:dirt	0
115	26	106	default:dirt	0
116	26	106	default:dirt	0
117	26	106	default:dirt	0
118	26	106	default:dirt	0
72	27	106	default:dirt	0
73	27	106	default:dirt	0
74	27	106	default:dirt	0
75	27	106	default:dirt	0
76	27	106	default:dirt	0
77	27	106	default:dirt	0
78	27	106	default:dirt	0
79	27	106	default:dirt	0
80	27	106	default:dirt	0
81	27	106	default:dirt	0
82	27	106	default:dirt	0
83	27	106	default:dirt	0
84	27	106	default:dirt	0
85	27	106	default:dirt	0
86	27	106	default:dirt	0
87	27	106	default:dirt	0
88	27	106	default:dirt	0
89	27	106	default:dirt	0
90	27	106	default:dirt	0
91	27	106	default:dirt	0
92	27	106	default:dirt	0
93	27	106	default:dirt	0
94	27	106	default:dirt	0
95	27	106	default:dirt	0
96	27	106	default:dirt	0
97	27	106	default:dirt	0
98	27	106	default:dirt	0
99	27	106	default:dirt	0
100	27	106	default:dirt	0
101	27	106	default:dirt	0
102	27	106	default:dirt	0
103	27	106	default:dirt	0
104	27	106	default:dirt	0
105	27	106	default:dirt	0
106	27	106	default:dirt	0
107	27	106	default:dirt	0
108	27	106	default:dirt	0
109	27	106	default:dirt	0
110	27	106	default:dirt	0
111	27	106	default:dirt	0
112	27	106	default:dirt	0
113	27	106	default:dirt	0
114	27	106	default:dirt	0
115	27	106	default:dirt	0
116	27	106	default:dirt	0
117	27	106	default:dirt	0
118	27	106	default:dirt	0
72	28	106	grug_nodes:dirt_with_silver_litter	0
73	28	106	grug_nodes:dirt_with_silver_litter	0
74	28	106	grug_nodes:dirt_with_silver_litter	0
75	28	106	grug_nodes:dirt_with_silver_litter	0
76	28	106	grug_nodes:dirt_with_silver_litter	0
77	28	106	grug_nodes:dirt_with_silver_litter	0
78	28	106	grug_nodes:dirt_with_silver_litter	0
79	28	106	grug_nodes:dirt_with_silver_litter	0
80	28	106	grug_nodes:dirt_with_silver_litter	0
81	28	106	grug_nodes:dirt_with_silver_litter	0
82	28	106	grug_nodes:dirt_with_silver_litter	0
83	28	106	grug_nodes:dirt_with_silver_litter	0
84	28	106	grug_nodes:dirt_with_silver_litter	0
85	28	106	grug_nodes:dirt_with_silver_litter	0
86	28	106	grug_nodes:dirt_with_silver_litter	0
87	28	106	grug_nodes:dirt_with_silver_litter	0
88	28	106	grug_nodes:dirt_with_silver_litter	0
89	28	106	grug_nodes:dirt_with_silver_litter	0
90	28	106	grug_nodes:dirt_with_silver_litter	0
91	28	106	grug_nodes:dirt_with_silver_litter	0
92	28	106	grug_nodes:dirt_with_silver_litter	0
93	28	106	grug_nodes:dirt_with_silver_litter	0
94	28	106	grug_nodes:dirt_with_silver_litter	0
95	28	106	grug_nodes:dirt_with_silver_litter	0
96	28	106	grug_nodes:dirt_with_silver_litter	0
97	28	106	grug_nodes:dirt_with_silver_litter	0
98	28	106	grug_nodes:dirt_with_silver_litter	0
99	28	106	grug_nodes:dirt_with_silver_litter	0
100	28	106	grug_nodes:dirt_with_silver_litter	0
101	28	106	grug_nodes:dirt_with_silver_litter	0
102	28	106	grug_nodes:dirt_with_silver_litter	0
103	28	106	grug_nodes:dirt_with_silver_litter	0
104	28	106	grug_nodes:dirt_with_silver_litter	0
105	28	106	grug_nodes:dirt_with_silver_litter	0
106	28	106	grug_nodes:dirt_with_silver_litter	0
107	28	106	grug_nodes:dirt_with_silver_litter	0
108	28	106	grug_nodes:dirt_with_silver_litter	0
109	28	106	grug_nodes:dirt_with_silver_litter	0
110	28	106	grug_nodes:dirt_with_silver_litter	0
111	28	106	grug_nodes:dirt_with_silver_litter	0
112	28	106	grug_nodes:dirt_with_silver_litter	0
113	28	106	grug_nodes:dirt_with_silver_litter	0
114	28	106	grug_nodes:dirt_with_silver_litter	0
115	28	106	grug_nodes:dirt_with_silver_litter	0
116	28	106	grug_nodes:dirt_with_silver_litter	0
117	28	106	grug_nodes:dirt_with_silver_litter	0
118	28	106	grug_nodes:dirt_with_silver_litter	0
72	29	106	default:river_water_source	0
73	29	106	default:river_water_source	0
74	29	106	default:river_water_source	0
75	29	106	default:river_water_source	0
76	29	106	default:river_water_source	0
77	29	106	default:river_water_source	0
78	29	106	default:river_water_source	0
79	29	106	default:river_water_source	0
80	29	106	default:river_water_source	0
81	29	106	default:river_water_source	0
82	29	106	default:river_water_source	0
83	29	106	default:river_water_source	0
84	29	106	default:river_water_source	0
85	29	106	default:river_water_source	0
86	29	106	default:river_water_source	0
87	29	106	default:river_water_source	0
88	29	106	default:river_water_source	0
89	29	106	default:river_water_source	0
90	29	106	default:river_water_source	0
91	29	106	default:river_water_source	0
92	29	106	default:river_water_source	0
93	29	106	default:river_water_source	0
94	29	106	default:river_water_source	0
95	29	106	default:river_water_source	0
96	29	106	default:river_water_source	0
97	29	106	default:river_water_source	0
98	29	106	default:river_water_source	0
99	29	106	default:river_water_source	0
100	29	106	default:river_water_source	0
101	29	106	default:river_water_source	0
102	29	106	default:river_water_source	0
103	29	106	default:river_water_source	0
104	29	106	default:river_water_source	0
105	29	106	default:river_water_source	0
106	29	106	default:river_water_source	0
107	29	106	default:river_water_source	0
108	29	106	default:river_water_source	0
109	29	106	default:river_water_source	0
110	29	106	default:river_water_source	0
111	29	106	default:river_water_source	0
112	29	106	default:river_water_source	0
113	29	106	default:river_water_source	0
114	29	106	default:river_water_source	0
115	29	106	default:river_water_source	0
116	29	106	default:river_water_source	0
117	29	106	default:river_water_source	0
118	29	106	default:river_water_source	0
72	30	106	default:river_water_source	0
73	30	106	default:river_water_source	0
74	30	106	default:river_water_source	0
75	30	106	default:river_water_source	0
76	30	106	default:river_water_source	0
77	30	106	default:river_water_source	0
78	30	106	default:river_water_source	0
79	30	106	default:river_water_source	0
80	30	106	default:river_water_source	0
81	30	106	default:river_water_source	0
82	30	106	default:river_water_source	0
83	30	106	default:river_water_source	0
84	30	106	default:river_water_source	0
85	30	106	default:river_water_source	0
86	30	106	default:river_water_source	0
87	30	106	default:river_water_source	0
88	30	106	default:river_water_source	0
89	30	106	default:river_water_source	0
90	30	106	default:river_water_source	0
91	30	106	default:river_water_source	0
92	30	106	default:river_water_source	0
93	30	106	default:river_water_source	0
94	30	106	default:river_water_source	0
95	30	106	default:river_water_source	0
96	30	106	default:river_water_source	0
97	30	106	default:river_water_source	0
98	30	106	default:river_water_source	0
99	30	106	default:river_water_source	0
100	30	106	default:river_water_source	0
101	30	106	default:river_water_source	0
102	30	106	default:river_water_source	0
103	30	106	default:river_water_source	0
104	30	106	default:river_water_source	0
105	30	106	default:river_water_source	0
106	30	106	default:river_water_source	0
107	30	106	default:river_water_source	0
108	30	106	default:river_water_source	0
109	30	106	default:river_water_source	0
110	30	106	default:river_water_source	0
111	30	106	default:river_water_source	0
112	30	106	default:river_water_source	0
113	30	106	default:river_water_source	0
114	30	106	default:river_water_source	0
115	30	106	default:river_water_source	0
116	30	106	default:river_water_source	0
117	30	106	default:river_water_source	0
118	30	106	default:river_water_source	0
72	31	106	default:river_water_source	0
73	31	106	default:river_water_source	0
74	31	106	default:river_water_source	0
75	31	106	default:river_water_source	0
76	31	106	default:river_water_source	0
77	31	106	default:river_water_source	0
78	31	106	default:river_water_source	0
79	31	106	default:river_water_source	0
80	31	106	default:river_water_source	0
81	31	106	default:river_water_source	0
82	31	106	default:river_water_source	0
83	31	106	default:river_water_source	0
84	31	106	default:river_water_source	0
85	31	106	default:river_water_source	0
86	31	106	default:river_water_source	0
87	31	106	default:river_water_source	0
88	31	106	default:river_water_source	0
89	31	106	default:river_water_source	0
90	31	106	default:river_water_source	0
91	31	106	default:river_water_source	0
92	31	106	default:river_water_source	0
93	31	106	default:river_water_source	0
94	31	106	default:river_water_source	0
95	31	106	default:river_water_source	0
96	31	106	default:river_water_source	0
97	31	106	default:river_water_source	0
98	31	106	default:river_water_source	0
99	31	106	default:river_water_source	0
100	31	106	default:river_water_source	0
101	31	106	default:river_water_source	0
102	31	106	default:river_water_source	0
103	31	106	default:river_water_source	0
104	31	106	default:river_water_source	0
105	31	106	default:river_water_source	0
106	31	106	default:river_water_source	0
107	31	106	default:river_water_source	0
108	31	106	default:river_water_source	0
109	31	106	default:river_water_source	0
110	31	106	default:river_water_source	0
111	31	106	default:river_water_source	0
112	31	106	default:river_water_source	0
113	31	106	default:river_water_source	0
114	31	106	default:river_water_source	0
115	31	106	default:river_water_source	0
116	31	106	default:river_water_source	0
117	31	106	default:river_water_source	0
118	31	106	default:river_water_source	0
72	32	106	default:river_water_source	0
73	32	106	default:river_water_source	0
74	32	106	default:river_water_source	0
75	32	106	default:river_water_source	0
76	32	106	default:river_water_source	0
77	32	106	default:river_water_source	0
78	32	106	default:river_water_source	0
79	32	106	default:river_water_source	0
80	32	106	default:river_water_source	0
81	32	106	default:river_water_source	0
82	32	106	default:river_water_source	0
83	32	106	default:river_water_source	0
84	32	106	default:river_water_source	0
85	32	106	default:river_water_source	0
86	32	106	default:river_water_source	0
87	32	106	default:river_water_source	0
88	32	106	default:river_water_source	0
89	32	106	default:river_water_source	0
90	32	106	default:river_water_source	0
91	32	106	default:river_water_source	0
92	32	106	default:river_water_source	0
93	32	106	default:river_water_source	0
94	32	106	default:river_water_source	0
95	32	106	default:river_water_source	0
96	32	106	default:river_water_source	0
97	32	106	default:river_water_source	0
98	32	106	default:river_water_source	0
99	32	106	default:river_water_source	0
100	32	106	default:river_water_source	0
101	32	106	default:river_water_source	0
102	32	106	default:river_water_source	0
103	32	106	default:river_water_source	0
104	32	106	default:river_water_source	0
105	32	106	default:river_water_source	0
106	32	106	default:river_water_source	0
107	32	106	default:river_water_source	0
108	32	106	default:river_water_source	0
109	32	106	default:river_water_source	0
110	32	106	default:river_water_source	0
111	32	106	default:river_water_source	0
112	32	106	default:river_water_source	0
113	32	106	default:river_water_source	0
114	32	106	default:river_water_source	0
115	32	106	default:river_water_source	0
116	32	106	default:river_water_source	0
117	32	106	default:river_water_source	0
118	32	106	default:river_water_source	0
72	33	106	default:river_water_source	0
73	33	106	default:river_water_source	0
74	33	106	default:river_water_source	0
75	33	106	default:river_water_source	0
76	33	106	default:river_water_source	0
77	33	106	default:river_water_source	0
78	33	106	default:river_water_source	0
79	33	106	default:river_water_source	0
80	33	106	default:river_water_source	0
81	33	106	default:river_water_source	0
82	33	106	default:river_water_source	0
83	33	106	default:river_water_source	0
84	33	106	default:river_water_source	0
85	33	106	default:river_water_source	0
86	33	106	default:river_water_source	0
87	33	106	default:river_water_source	0
88	33	106	default:river_water_source	0
89	33	106	default:river_water_source	0
90	33	106	default:river_water_source	0
91	33	106	default:river_water_source	0
92	33	106	default:river_water_source	0
93	33	106	default:river_water_source	0
94	33	106	default:river_water_source	0
95	33	106	default:river_water_source	0
96	33	106	default:river_water_source	0
97	33	106	default:river_water_source	0
98	33	106	default:river_water_source	0
99	33	106	default:river_water_source	0
100	33	106	default:river_water_source	0
101	33	106	default:river_water_source	0
102	33	106	default:river_water_source	0
103	33	106	default:river_water_source	0
104	33	106	default:river_water_source	0
105	33	106	default:river_water_source	0
106	33	106	default:river_water_source	0
107	33	106	default:river_water_source	0
108	33	106	default:river_water_source	0
109	33	106	default:river_water_source	0
110	33	106	default:river_water_source	0
111	33	106	default:river_water_source	0
112	33	106	default:river_water_source	0
113	33	106	default:river_water_source	0
114	33	106	default:river_water_source	0
115	33	106	default:river_water_source	0
116	33	106	default:river_water_source	0
117	33	106	default:river_water_source	0
118	33	106	default:river_water_source	0
72	34	106	default:river_water_source	0
73	34	106	default:river_water_source	0
74	34	106	default:river_water_source	0
75	34	106	default:river_water_source	0
76	34	106	default:river_water_source	0
77	34	106	default:river_water_source	0
78	34	106	default:river_water_source	0
79	34	106	default:river_water_source	0
80	34	106	default:river_water_source	0
81	34	106	default:river_water_source	0
82	34	106	default:river_water_source	0
83	34	106	default:river_water_source	0
84	34	106	default:river_water_source	0
85	34	106	default:river_water_source	0
86	34	106	default:river_water_source	0
87	34	106	default:river_water_source	0
88	34	106	default:river_water_source	0
89	34	106	default:river_water_source	0
90	34	106	default:river_water_source	0
91	34	106	default:river_water_source	0
92	34	106	default:river_water_source	0
93	34	106	default:river_water_source	0
94	34	106	default:river_water_source	0
95	34	106	default:river_water_source	0
96	34	106	default:river_water_source	0
97	34	106	default:river_water_source	0
98	34	106	default:river_water_source	0
99	34	106	default:river_water_source	0
100	34	106	default:river_water_source	0
101	34	106	default:river_water_source	0
102	34	106	default:river_water_source	0
103	34	106	default:river_water_source	0
104	34	106	default:river_water_source	0
105	34	106	default:river_water_source	0
106	34	106	default:river_water_source	0
107	34	106	default:river_water_source	0
108	34	106	default:river_water_source	0
109	34	106	default:river_water_source	0
110	34	106	default:river_water_source	0
111	34	106	default:river_water_source	0
112	34	106	default:river_water_source	0
113	34	106	default:river_water_source	0
114	34	106	default:river_water_source	0
115	34	106	default:river_water_source	0
116	34	106	default:river_water_source	0
117	34	106	default:river_water_source	0
118	34	106	default:river_water_source	0
72	35	106	default:river_water_source	0
73	35	106	default:river_water_source	0
74	35	106	default:river_water_source	0
75	35	106	default:river_water_source	0
76	35	106	default:river_water_source	0
77	35	106	default:river_water_source	0
78	35	106	default:river_water_source	0
79	35	106	default:river_water_source	0
80	35	106	default:river_water_source	0
81	35	106	default:river_water_source	0
82	35	106	default:river_water_source	0
83	35	106	default:river_water_source	0
84	35	106	default:river_water_source	0
85	35	106	default:river_water_source	0
86	35	106	default:river_water_source	0
87	35	106	default:river_water_source	0
88	35	106	default:river_water_source	0
89	35	106	default:river_water_source	0
90	35	106	default:river_water_source	0
91	35	106	default:river_water_source	0
92	35	106	default:river_water_source	0
93	35	106	default:river_water_source	0
94	35	106	default:river_water_source	0
95	35	106	default:river_water_source	0
96	35	106	default:river_water_source	0
97	35	106	default:river_water_source	0
98	35	106	default:river_water_source	0
99	35	106	default:river_water_source	0
100	35	106	default:river_water_source	0
101	35	106	default:river_water_source	0
102	35	106	default:river_water_source	0
103	35	106	default:river_water_source	0
104	35	106	default:river_water_source	0
105	35	106	default:river_water_source	0
106	35	106	default:river_water_source	0
107	35	106	default:river_water_source	0
108	35	106	default:river_water_source	0
109	35	106	default:river_water_source	0
110	35	106	default:river_water_source	0
111	35	106	default:river_water_source	0
112	35	106	default:river_water_source	0
113	35	106	default:river_water_source	0
114	35	106	default:river_water_source	0
115	35	106	default:river_water_source	0
116	35	106	default:river_water_source	0
117	35	106	default:river_water_source	0
118	35	106	default:river_water_source	0
72	25	107	default:dirt	0
73	25	107	default:dirt	0
74	25	107	default:dirt	0
75	25	107	default:dirt	0
76	25	107	default:dirt	0
77	25	107	default:dirt	0
78	25	107	default:dirt	0
79	25	107	default:dirt	0
80	25	107	default:dirt	0
81	25	107	default:dirt	0
82	25	107	default:dirt	0
83	25	107	default:dirt	0
84	25	107	default:dirt	0
85	25	107	default:dirt	0
86	25	107	default:dirt	0
87	25	107	default:dirt	0
88	25	107	default:dirt	0
89	25	107	default:dirt	0
90	25	107	default:dirt	0
91	25	107	default:dirt	0
92	25	107	default:dirt	0
93	25	107	default:dirt	0
94	25	107	default:dirt	0
95	25	107	default:dirt	0
96	25	107	default:dirt	0
97	25	107	default:dirt	0
98	25	107	default:dirt	0
99	25	107	default:dirt	0
100	25	107	default:dirt	0
101	25	107	default:dirt	0
102	25	107	default:dirt	0
103	25	107	default:dirt	0
104	25	107	default:dirt	0
105	25	107	default:dirt	0
106	25	107	default:dirt	0
107	25	107	default:dirt	0
108	25	107	default:dirt	0
109	25	107	default:dirt	0
110	25	107	default:dirt	0
111	25	107	default:dirt	0
112	25	107	default:dirt	0
113	25	107	default:dirt	0
114	25	107	default:dirt	0
115	25	107	default:dirt	0
116	25	107	default:dirt	0
117	25	107	default:dirt	0
118	25	107	default:dirt	0
72	26	107	default:dirt	0
73	26	107	default:dirt	0
74	26	107	default:dirt	0
75	26	107	default:dirt	0
76	26	107	default:dirt	0
77	26	107	default:dirt	0
78	26	107	default:dirt	0
79	26	107	default:dirt	0
80	26	107	default:dirt	0
81	26	107	default:dirt	0
82	26	107	default:dirt	0
83	26	107	default:dirt	0
84	26	107	default:dirt	0
85	26	107	default:dirt	0
86	26	107	default:dirt	0
87	26	107	default:dirt	0
88	26	107	default:dirt	0
89	26	107	default:dirt	0
90	26	107	default:dirt	0
91	26	107	default:dirt	0
92	26	107	default:dirt	0
93	26	107	default:dirt	0
94	26	107	default:dirt	0
95	26	107	default:dirt	0
96	26	107	default:dirt	0
97	26	107	default:dirt	0
98	26	107	default:dirt	0
99	26	107	default:dirt	0
100	26	107	default:dirt	0
101	26	107	default:dirt	0
102	26	107	default:dirt	0
103	26	107	default:dirt	0
104	26	107	default:dirt	0
105	26	107	default:dirt	0
106	26	107	default:dirt	0
107	26	107	default:dirt	0
108	26	107	default:dirt	0
109	26	107	default:dirt	0
110	26	107	default:dirt	0
111	26	107	default:dirt	0
112	26	107	default:dirt	0
113	26	107	default:dirt	0
114	26	107	default:dirt	0
115	26	107	default:dirt	0
116	26	107	default:dirt	0
117	26	107	default:dirt	0
118	26	107	default:dirt	0
72	27	107	default:dirt	0
73	27	107	default:dirt	0
74	27	107	default:dirt	0
75	27	107	default:dirt	0
76	27	107	default:dirt	0
77	27	107	default:dirt	0
78	27	107	default:dirt	0
79	27	107	default:dirt	0
80	27	107	default:dirt	0
81	27	107	default:dirt	0
82	27	107	default:dirt	0
83	27	107	default:dirt	0
84	27	107	default:dirt	0
85	27	107	default:dirt	0
86	27	107	default:dirt	0
87	27	107	default:dirt	0
88	27	107	default:dirt	0
89	27	107	default:dirt	0
90	27	107	default:dirt	0
91	27	107	default:dirt	0
92	27	107	default:dirt	0
93	27	107	default:dirt	0
94	27	107	default:dirt	0
95	27	107	default:dirt	0
96	27	107	default:dirt	0
97	27	107	default:dirt	0
98	27	107	default:dirt	0
99	27	107	default:dirt	0
100	27	107	default:dirt	0
101	27	107	default:dirt	0
102	27	107	default:dirt	0
103	27	107	default:dirt	0
104	27	107	default:dirt	0
105	27	107	default:dirt	0
106	27	107	default:dirt	0
107	27	107	default:dirt	0
108	27	107	default:dirt	0
109	27	107	default:dirt	0
110	27	107	default:dirt	0
111	27	107	default:dirt	0
112	27	107	default:dirt	0
113	27	107	default:dirt	0
114	27	107	default:dirt	0
115	27	107	default:dirt	0
116	27	107	default:dirt	0
117	27	107	default:dirt	0
118	27	107	default:dirt	0
72	28	107	grug_nodes:dirt_with_silver_litter	0
73	28	107	grug_nodes:dirt_with_silver_litter	0
74	28	107	grug_nodes:dirt_with_silver_litter	0
75	28	107	grug_nodes:dirt_with_silver_litter	0
76	28	107	grug_nodes:dirt_with_silver_litter	0
77	28	107	grug_nodes:dirt_with_silver_litter	0
78	28	107	grug_nodes:dirt_with_silver_litter	0
79	28	107	grug_nodes:dirt_with_silver_litter	0
80	28	107	grug_nodes:dirt_with_silver_litter	0
81	28	107	grug_nodes:dirt_with_silver_litter	0
82	28	107	grug_nodes:dirt_with_silver_litter	0
83	28	107	grug_nodes:dirt_with_silver_litter	0
84	28	107	grug_nodes:dirt_with_silver_litter	0
85	28	107	grug_nodes:dirt_with_silver_litter	0
86	28	107	grug_nodes:dirt_with_silver_litter	0
87	28	107	grug_nodes:dirt_with_silver_litter	0
88	28	107	grug_nodes:dirt_with_silver_litter	0
89	28	107	grug_nodes:dirt_with_silver_litter	0
90	28	107	grug_nodes:dirt_with_silver_litter	0
91	28	107	grug_nodes:dirt_with_silver_litter	0
92	28	107	grug_nodes:dirt_with_silver_litter	0
93	28	107	grug_nodes:dirt_with_silver_litter	0
94	28	107	grug_nodes:dirt_with_silver_litter	0
95	28	107	grug_nodes:dirt_with_silver_litter	0
96	28	107	grug_nodes:dirt_with_silver_litter	0
97	28	107	grug_nodes:dirt_with_silver_litter	0
98	28	107	grug_nodes:dirt_with_silver_litter	0
99	28	107	grug_nodes:dirt_with_silver_litter	0
100	28	107	grug_nodes:dirt_with_silver_litter	0
101	28	107	grug_nodes:dirt_with_silver_litter	0
102	28	107	grug_nodes:dirt_with_silver_litter	0
103	28	107	grug_nodes:dirt_with_silver_litter	0
104	28	107	grug_nodes:dirt_with_silver_litter	0
105	28	107	grug_nodes:dirt_with_silver_litter	0
106	28	107	grug_nodes:dirt_with_silver_litter	0
107	28	107	grug_nodes:dirt_with_silver_litter	0
108	28	107	grug_nodes:dirt_with_silver_litter	0
109	28	107	grug_nodes:dirt_with_silver_litter	0
110	28	107	grug_nodes:dirt_with_silver_litter	0
111	28	107	grug_nodes:dirt_with_silver_litter	0
112	28	107	grug_nodes:dirt_with_silver_litter	0
113	28	107	grug_nodes:dirt_with_silver_litter	0
114	28	107	grug_nodes:dirt_with_silver_litter	0
115	28	107	grug_nodes:dirt_with_silver_litter	0
116	28	107	grug_nodes:dirt_with_silver_litter	0
117	28	107	grug_nodes:dirt_with_silver_litter	0
118	28	107	grug_nodes:dirt_with_silver_litter	0
72	29	107	default:river_water_source	0
73	29	107	default:river_water_source	0
74	29	107	default:river_water_source	0
75	29	107	default:river_water_source	0
76	29	107	default:river_water_source	0
77	29	107	default:river_water_source	0
78	29	107	default:river_water_source	0
79	29	107	default:river_water_source	0
80	29	107	default:river_water_source	0
81	29	107	default:river_water_source	0
82	29	107	default:river_water_source	0
83	29	107	default:river_water_source	0
84	29	107	default:river_water_source	0
85	29	107	default:river_water_source	0
86	29	107	default:river_water_source	0
87	29	107	default:river_water_source	0
88	29	107	default:river_water_source	0
89	29	107	default:river_water_source	0
90	29	107	default:river_water_source	0
91	29	107	default:river_water_source	0
92	29	107	default:river_water_source	0
93	29	107	default:river_water_source	0
94	29	107	default:river_water_source	0
95	29	107	default:river_water_source	0
96	29	107	default:river_water_source	0
97	29	107	default:river_water_source	0
98	29	107	default:river_water_source	0
99	29	107	default:river_water_source	0
100	29	107	default:river_water_source	0
101	29	107	default:river_water_source	0
102	29	107	default:river_water_source	0
103	29	107	default:river_water_source	0
104	29	107	default:river_water_source	0
105	29	107	default:river_water_source	0
106	29	107	default:river_water_source	0
107	29	107	default:river_water_source	0
108	29	107	default:river_water_source	0
109	29	107	default:river_water_source	0
110	29	107	default:river_water_source	0
111	29	107	default:river_water_source	0
112	29	107	default:river_water_source	0
113	29	107	default:river_water_source	0
114	29	107	default:river_water_source	0
115	29	107	default:river_water_source	0
116	29	107	default:river_water_source	0
117	29	107	default:river_water_source	0
118	29	107	default:river_water_source	0
72	30	107	default:river_water_source	0
73	30	107	default:river_water_source	0
74	30	107	default:river_water_source	0
75	30	107	default:river_water_source	0
76	30	107	default:river_water_source	0
77	30	107	default:river_water_source	0
78	30	107	default:river_water_source	0
79	30	107	default:river_water_source	0
80	30	107	default:river_water_source	0
81	30	107	default:river_water_source	0
82	30	107	default:river_water_source	0
83	30	107	default:river_water_source	0
84	30	107	default:river_water_source	0
85	30	107	default:river_water_source	0
86	30	107	default:river_water_source	0
87	30	107	default:river_water_source	0
88	30	107	default:river_water_source	0
89	30	107	default:river_water_source	0
90	30	107	default:river_water_source	0
91	30	107	default:river_water_source	0
92	30	107	default:river_water_source	0
93	30	107	default:river_water_source	0
94	30	107	default:river_water_source	0
95	30	107	default:river_water_source	0
96	30	107	default:river_water_source	0
97	30	107	default:river_water_source	0
98	30	107	default:river_water_source	0
99	30	107	default:river_water_source	0
100	30	107	default:river_water_source	0
101	30	107	default:river_water_source	0
102	30	107	default:river_water_source	0
103	30	107	default:river_water_source	0
104	30	107	default:river_water_source	0
105	30	107	default:river_water_source	0
106	30	107	default:river_water_source	0
107	30	107	default:river_water_source	0
108	30	107	default:river_water_source	0
109	30	107	default:river_water_source	0
110	30	107	default:river_water_source	0
111	30	107	default:river_water_source	0
112	30	107	default:river_water_source	0
113	30	107	default:river_water_source	0
114	30	107	default:river_water_source	0
115	30	107	default:river_water_source	0
116	30	107	default:river_water_source	0
117	30	107	default:river_water_source	0
118	30	107	default:river_water_source	0
72	31	107	default:river_water_source	0
73	31	107	default:river_water_source	0
74	31	107	default:river_water_source	0
75	31	107	default:river_water_source	0
76	31	107	default:river_water_source	0
77	31	107	default:river_water_source	0
78	31	107	default:river_water_source	0
79	31	107	default:river_water_source	0
80	31	107	default:river_water_source	0
81	31	107	default:river_water_source	0
82	31	107	default:river_water_source	0
83	31	107	default:river_water_source	0
84	31	107	default:river_water_source	0
85	31	107	default:river_water_source	0
86	31	107	default:river_water_source	0
87	31	107	default:river_water_source	0
88	31	107	default:river_water_source	0
89	31	107	default:river_water_source	0
90	31	107	default:river_water_source	0
91	31	107	default:river_water_source	0
92	31	107	default:river_water_source	0
93	31	107	default:river_water_source	0
94	31	107	default:river_water_source	0
95	31	107	default:river_water_source	0
96	31	107	default:river_water_source	0
97	31	107	default:river_water_source	0
98	31	107	default:river_water_source	0
99	31	107	default:river_water_source	0
100	31	107	default:river_water_source	0
101	31	107	default:river_water_source	0
102	31	107	default:river_water_source	0
103	31	107	default:river_water_source	0
104	31	107	default:river_water_source	0
105	31	107	default:river_water_source	0
106	31	107	default:river_water_source	0
107	31	107	default:river_water_source	0
108	31	107	default:river_water_source	0
109	31	107	default:river_water_source	0
110	31	107	default:river_water_source	0
111	31	107	default:river_water_source	0
112	31	107	default:river_water_source	0
113	31	107	default:river_water_source	0
114	31	107	default:river_water_source	0
115	31	107	default:river_water_source	0
116	31	107	default:river_water_source	0
117	31	107	default:river_water_source	0
118	31	107	default:river_water_source	0
72	32	107	default:river_water_source	0
73	32	107	default:river_water_source	0
74	32	107	default:river_water_source	0
75	32	107	default:river_water_source	0
76	32	107	default:river_water_source	0
77	32	107	default:river_water_source	0
78	32	107	default:river_water_source	0
79	32	107	default:river_water_source	0
80	32	107	default:river_water_source	0
81	32	107	default:river_water_source	0
82	32	107	default:river_water_source	0
83	32	107	default:river_water_source	0
84	32	107	default:river_water_source	0
85	32	107	default:river_water_source	0
86	32	107	default:river_water_source	0
87	32	107	default:river_water_source	0
88	32	107	default:river_water_source	0
89	32	107	default:river_water_source	0
90	32	107	default:river_water_source	0
91	32	107	default:river_water_source	0
92	32	107	default:river_water_source	0
93	32	107	default:river_water_source	0
94	32	107	default:river_water_source	0
95	32	107	default:river_water_source	0
96	32	107	default:river_water_source	0
97	32	107	default:river_water_source	0
98	32	107	default:river_water_source	0
99	32	107	default:river_water_source	0
100	32	107	default:river_water_source	0
101	32	107	default:river_water_source	0
102	32	107	default:river_water_source	0
103	32	107	default:river_water_source	0
104	32	107	default:river_water_source	0
105	32	107	default:river_water_source	0
106	32	107	default:river_water_source	0
107	32	107	default:river_water_source	0
108	32	107	default:river_water_source	0
109	32	107	default:river_water_source	0
110	32	107	default:river_water_source	0
111	32	107	default:river_water_source	0
112	32	107	default:river_water_source	0
113	32	107	default:river_water_source	0
114	32	107	default:river_water_source	0
115	32	107	default:river_water_source	0
116	32	107	default:river_water_source	0
117	32	107	default:river_water_source	0
118	32	107	default:river_water_source	0
72	33	107	default:river_water_source	0
73	33	107	default:river_water_source	0
74	33	107	default:river_water_source	0
75	33	107	default:river_water_source	0
76	33	107	default:river_water_source	0
77	33	107	default:river_water_source	0
78	33	107	default:river_water_source	0
79	33	107	default:river_water_source	0
80	33	107	default:river_water_source	0
81	33	107	default:river_water_source	0
82	33	107	default:river_water_source	0
83	33	107	default:river_water_source	0
84	33	107	default:river_water_source	0
85	33	107	default:river_water_source	0
86	33	107	default:river_water_source	0
87	33	107	default:river_water_source	0
88	33	107	default:river_water_source	0
89	33	107	default:river_water_source	0
90	33	107	default:river_water_source	0
91	33	107	default:river_water_source	0
92	33	107	default:river_water_source	0
93	33	107	default:river_water_source	0
94	33	107	default:river_water_source	0
95	33	107	default:river_water_source	0
96	33	107	default:river_water_source	0
97	33	107	default:river_water_source	0
98	33	107	default:river_water_source	0
99	33	107	default:river_water_source	0
100	33	107	default:river_water_source	0
101	33	107	default:river_water_source	0
102	33	107	default:river_water_source	0
103	33	107	default:river_water_source	0
104	33	107	default:river_water_source	0
105	33	107	default:river_water_source	0
106	33	107	default:river_water_source	0
107	33	107	default:river_water_source	0
108	33	107	default:river_water_source	0
109	33	107	default:river_water_source	0
110	33	107	default:river_water_source	0
111	33	107	default:river_water_source	0
112	33	107	default:river_water_source	0
113	33	107	default:river_water_source	0
114	33	107	default:river_water_source	0
115	33	107	default:river_water_source	0
116	33	107	default:river_water_source	0
117	33	107	default:river_water_source	0
118	33	107	default:river_water_source	0
72	34	107	default:river_water_source	0
73	34	107	default:river_water_source	0
74	34	107	default:river_water_source	0
75	34	107	default:river_water_source	0
76	34	107	default:river_water_source	0
77	34	107	default:river_water_source	0
78	34	107	default:river_water_source	0
79	34	107	default:river_water_source	0
80	34	107	default:river_water_source	0
81	34	107	default:river_water_source	0
82	34	107	default:river_water_source	0
83	34	107	default:river_water_source	0
84	34	107	default:river_water_source	0
85	34	107	default:river_water_source	0
86	34	107	default:river_water_source	0
87	34	107	default:river_water_source	0
88	34	107	default:river_water_source	0
89	34	107	default:river_water_source	0
90	34	107	default:river_water_source	0
91	34	107	default:river_water_source	0
92	34	107	default:river_water_source	0
93	34	107	default:river_water_source	0
94	34	107	default:river_water_source	0
95	34	107	default:river_water_source	0
96	34	107	default:river_water_source	0
97	34	107	default:river_water_source	0
98	34	107	default:river_water_source	0
99	34	107	default:river_water_source	0
100	34	107	default:river_water_source	0
101	34	107	default:river_water_source	0
102	34	107	default:river_water_source	0
103	34	107	default:river_water_source	0
104	34	107	default:river_water_source	0
105	34	107	default:river_water_source	0
106	34	107	default:river_water_source	0
107	34	107	default:river_water_source	0
108	34	107	default:river_water_source	0
109	34	107	default:river_water_source	0
110	34	107	default:river_water_source	0
111	34	107	default:river_water_source	0
112	34	107	default:river_water_source	0
113	34	107	default:river_water_source	0
114	34	107	default:river_water_source	0
115	34	107	default:river_water_source	0
116	34	107	default:river_water_source	0
117	34	107	default:river_water_source	0
118	34	107	default:river_water_source	0
72	35	107	default:river_water_source	0
73	35	107	default:river_water_source	0
74	35	107	default:river_water_source	0
75	35	107	default:river_water_source	0
76	35	107	default:river_water_source	0
77	35	107	default:river_water_source	0
78	35	107	default:river_water_source	0
79	35	107	default:river_water_source	0
80	35	107	default:river_water_source	0
81	35	107	default:river_water_source	0
82	35	107	default:river_water_source	0
83	35	107	default:river_water_source	0
84	35	107	default:river_water_source	0
85	35	107	default:river_water_source	0
86	35	107	default:river_water_source	0
87	35	107	default:river_water_source	0
88	35	107	default:river_water_source	0
89	35	107	default:river_water_source	0
90	35	107	default:river_water_source	0
91	35	107	default:river_water_source	0
92	35	107	default:river_water_source	0
93	35	107	default:river_water_source	0
94	35	107	default:river_water_source	0
95	35	107	default:river_water_source	0
96	35	107	default:river_water_source	0
97	35	107	default:river_water_source	0
98	35	107	default:river_water_source	0
99	35	107	default:river_water_source	0
100	35	107	default:river_water_source	0
101	35	107	default:river_water_source	0
102	35	107	default:river_water_source	0
103	35	107	default:river_water_source	0
104	35	107	default:river_water_source	0
105	35	107	default:river_water_source	0
106	35	107	default:river_water_source	0
107	35	107	default:river_water_source	0
108	35	107	default:river_water_source	0
109	35	107	default:river_water_source	0
110	35	107	default:river_water_source	0
111	35	107	default:river_water_source	0
112	35	107	default:river_water_source	0
113	35	107	default:river_water_source	0
114	35	107	default:river_water_source	0
115	35	107	default:river_water_source	0
116	35	107	default:river_water_source	0
117	35	107	default:river_water_source	0
118	35	107	default:river_water_source	0
72	25	108	default:dirt	0
73	25	108	default:dirt	0
74	25	108	default:dirt	0
75	25	108	default:dirt	0
76	25	108	default:dirt	0
77	25	108	default:dirt	0
78	25	108	default:dirt	0
79	25	108	default:dirt	0
80	25	108	default:dirt	0
81	25	108	default:dirt	0
82	25	108	default:dirt	0
83	25	108	default:dirt	0
84	25	108	default:dirt	0
85	25	108	default:dirt	0
86	25	108	default:dirt	0
87	25	108	default:dirt	0
88	25	108	default:dirt	0
89	25	108	default:dirt	0
90	25	108	default:dirt	0
91	25	108	default:dirt	0
92	25	108	default:dirt	0
93	25	108	default:dirt	0
94	25	108	default:dirt	0
95	25	108	default:dirt	0
96	25	108	default:dirt	0
97	25	108	default:dirt	0
98	25	108	default:dirt	0
99	25	108	default:dirt	0
100	25	108	default:dirt	0
101	25	108	default:dirt	0
102	25	108	default:dirt	0
103	25	108	default:dirt	0
104	25	108	default:dirt	0
105	25	108	default:dirt	0
106	25	108	default:dirt	0
107	25	108	default:dirt	0
108	25	108	default:dirt	0
109	25	108	default:dirt	0
110	25	108	default:dirt	0
111	25	108	default:dirt	0
112	25	108	default:dirt	0
113	25	108	default:dirt	0
114	25	108	default:dirt	0
115	25	108	default:dirt	0
116	25	108	default:dirt	0
117	25	108	default:dirt	0
118	25	108	default:dirt	0
72	26	108	default:dirt	0
73	26	108	default:dirt	0
74	26	108	default:dirt	0
75	26	108	default:dirt	0
76	26	108	default:dirt	0
77	26	108	default:dirt	0
78	26	108	default:dirt	0
79	26	108	default:dirt	0
80	26	108	default:dirt	0
81	26	108	default:dirt	0
82	26	108	default:dirt	0
83	26	108	default:dirt	0
84	26	108	default:dirt	0
85	26	108	default:dirt	0
86	26	108	default:dirt	0
87	26	108	default:dirt	0
88	26	108	default:dirt	0
89	26	108	default:dirt	0
90	26	108	default:dirt	0
91	26	108	default:dirt	0
92	26	108	default:dirt	0
93	26	108	default:dirt	0
94	26	108	default:dirt	0
95	26	108	default:dirt	0
96	26	108	default:dirt	0
97	26	108	default:dirt	0
98	26	108	default:dirt	0
99	26	108	default:dirt	0
100	26	108	default:dirt	0
101	26	108	default:dirt	0
102	26	108	default:dirt	0
103	26	108	default:dirt	0
104	26	108	default:dirt	0
105	26	108	default:dirt	0
106	26	108	default:dirt	0
107	26	108	default:dirt	0
108	26	108	default:dirt	0
109	26	108	default:dirt	0
110	26	108	default:dirt	0
111	26	108	default:dirt	0
112	26	108	default:dirt	0
113	26	108	default:dirt	0
114	26	108	default:dirt	0
115	26	108	default:dirt	0
116	26	108	default:dirt	0
117	26	108	default:dirt	0
118	26	108	default:dirt	0
72	27	108	default:dirt	0
73	27	108	default:dirt	0
74	27	108	default:dirt	0
75	27	108	default:dirt	0
76	27	108	default:dirt	0
77	27	108	default:dirt	0
78	27	108	default:dirt	0
79	27	108	default:dirt	0
80	27	108	default:dirt	0
81	27	108	default:dirt	0
82	27	108	default:dirt	0
83	27	108	default:dirt	0
84	27	108	default:dirt	0
85	27	108	default:dirt	0
86	27	108	default:dirt	0
87	27	108	default:dirt	0
88	27	108	default:dirt	0
89	27	108	default:dirt	0
90	27	108	default:dirt	0
91	27	108	default:dirt	0
92	27	108	default:dirt	0
93	27	108	default:dirt	0
94	27	108	default:dirt	0
95	27	108	default:dirt	0
96	27	108	default:dirt	0
97	27	108	default:dirt	0
98	27	108	default:dirt	0
99	27	108	default:dirt	0
100	27	108	default:dirt	0
101	27	108	default:dirt	0
102	27	108	default:dirt	0
103	27	108	default:dirt	0
104	27	108	default:dirt	0
105	27	108	default:dirt	0
106	27	108	default:dirt	0
107	27	108	default:dirt	0
108	27	108	default:dirt	0
109	27	108	default:dirt	0
110	27	108	default:dirt	0
111	27	108	default:dirt	0
112	27	108	default:dirt	0
113	27	108	default:dirt	0
114	27	108	default:dirt	0
115	27	108	default:dirt	0
116	27	108	default:dirt	0
117	27	108	default:dirt	0
118	27	108	default:dirt	0
72	28	108	grug_nodes:dirt_with_silver_litter	0
73	28	108	grug_nodes:dirt_with_silver_litter	0
74	28	108	grug_nodes:dirt_with_silver_litter	0
75	28	108	grug_nodes:dirt_with_silver_litter	0
76	28	108	grug_nodes:dirt_with_silver_litter	0
77	28	108	grug_nodes:dirt_with_silver_litter	0
78	28	108	grug_nodes:dirt_with_silver_litter	0
79	28	108	grug_nodes:dirt_with_silver_litter	0
80	28	108	grug_nodes:dirt_with_silver_litter	0
81	28	108	grug_nodes:dirt_with_silver_litter	0
82	28	108	grug_nodes:dirt_with_silver_litter	0
83	28	108	grug_nodes:dirt_with_silver_litter	0
84	28	108	grug_nodes:dirt_with_silver_litter	0
85	28	108	grug_nodes:dirt_with_silver_litter	0
86	28	108	grug_nodes:dirt_with_silver_litter	0
87	28	108	grug_nodes:dirt_with_silver_litter	0
88	28	108	grug_nodes:dirt_with_silver_litter	0
89	28	108	grug_nodes:dirt_with_silver_litter	0
90	28	108	grug_nodes:dirt_with_silver_litter	0
91	28	108	grug_nodes:dirt_with_silver_litter	0
92	28	108	grug_nodes:dirt_with_silver_litter	0
93	28	108	grug_nodes:dirt_with_silver_litter	0
94	28	108	grug_nodes:dirt_with_silver_litter	0
95	28	108	grug_nodes:dirt_with_silver_litter	0
96	28	108	grug_nodes:dirt_with_silver_litter	0
97	28	108	grug_nodes:dirt_with_silver_litter	0
98	28	108	grug_nodes:dirt_with_silver_litter	0
99	28	108	grug_nodes:dirt_with_silver_litter	0
100	28	108	grug_nodes:dirt_with_silver_litter	0
101	28	108	grug_nodes:dirt_with_silver_litter	0
102	28	108	grug_nodes:dirt_with_silver_litter	0
103	28	108	grug_nodes:dirt_with_silver_litter	0
104	28	108	grug_nodes:dirt_with_silver_litter	0
105	28	108	grug_nodes:dirt_with_silver_litter	0
106	28	108	grug_nodes:dirt_with_silver_litter	0
107	28	108	grug_nodes:dirt_with_silver_litter	0
108	28	108	grug_nodes:dirt_with_silver_litter	0
109	28	108	grug_nodes:dirt_with_silver_litter	0
110	28	108	grug_nodes:dirt_with_silver_litter	0
111	28	108	grug_nodes:dirt_with_silver_litter	0
112	28	108	grug_nodes:dirt_with_silver_litter	0
113	28	108	grug_nodes:dirt_with_silver_litter	0
114	28	108	grug_nodes:dirt_with_silver_litter	0
115	28	108	grug_nodes:dirt_with_silver_litter	0
116	28	108	grug_nodes:dirt_with_silver_litter	0
117	28	108	grug_nodes:dirt_with_silver_litter	0
118	28	108	grug_nodes:dirt_with_silver_litter	0
72	29	108	default:river_water_source	0
73	29	108	default:river_water_source	0
74	29	108	default:river_water_source	0
75	29	108	default:river_water_source	0
76	29	108	default:river_water_source	0
77	29	108	default:river_water_source	0
78	29	108	default:river_water_source	0
79	29	108	default:river_water_source	0
80	29	108	default:river_water_source	0
81	29	108	default:river_water_source	0
82	29	108	default:river_water_source	0
83	29	108	default:river_water_source	0
84	29	108	default:river_water_source	0
85	29	108	default:river_water_source	0
86	29	108	default:river_water_source	0
87	29	108	default:river_water_source	0
88	29	108	default:river_water_source	0
89	29	108	default:river_water_source	0
90	29	108	default:river_water_source	0
91	29	108	default:river_water_source	0
92	29	108	default:river_water_source	0
93	29	108	default:river_water_source	0
94	29	108	default:river_water_source	0
95	29	108	default:river_water_source	0
96	29	108	default:river_water_source	0
97	29	108	default:river_water_source	0
98	29	108	default:river_water_source	0
99	29	108	default:river_water_source	0
100	29	108	default:river_water_source	0
101	29	108	default:river_water_source	0
102	29	108	default:river_water_source	0
103	29	108	default:river_water_source	0
104	29	108	default:river_water_source	0
105	29	108	default:river_water_source	0
106	29	108	default:river_water_source	0
107	29	108	default:river_water_source	0
108	29	108	default:river_water_source	0
109	29	108	default:river_water_source	0
110	29	108	default:river_water_source	0
111	29	108	default:river_water_source	0
112	29	108	default:river_water_source	0
113	29	108	default:river_water_source	0
114	29	108	default:river_water_source	0
115	29	108	default:river_water_source	0
116	29	108	default:river_water_source	0
117	29	108	default:river_water_source	0
118	29	108	default:river_water_source	0
72	30	108	default:river_water_source	0
73	30	108	default:river_water_source	0
74	30	108	default:river_water_source	0
75	30	108	default:river_water_source	0
76	30	108	default:river_water_source	0
77	30	108	default:river_water_source	0
78	30	108	default:river_water_source	0
79	30	108	default:river_water_source	0
80	30	108	default:river_water_source	0
81	30	108	default:river_water_source	0
82	30	108	default:river_water_source	0
83	30	108	default:river_water_source	0
84	30	108	default:river_water_source	0
85	30	108	default:river_water_source	0
86	30	108	default:river_water_source	0
87	30	108	default:river_water_source	0
88	30	108	default:river_water_source	0
89	30	108	default:river_water_source	0
90	30	108	default:river_water_source	0
91	30	108	default:river_water_source	0
92	30	108	default:river_water_source	0
93	30	108	default:river_water_source	0
94	30	108	default:river_water_source	0
95	30	108	default:river_water_source	0
96	30	108	default:river_water_source	0
97	30	108	default:river_water_source	0
98	30	108	default:river_water_source	0
99	30	108	default:river_water_source	0
100	30	108	default:river_water_source	0
101	30	108	default:river_water_source	0
102	30	108	default:river_water_source	0
103	30	108	default:river_water_source	0
104	30	108	default:river_water_source	0
105	30	108	default:river_water_source	0
106	30	108	default:river_water_source	0
107	30	108	default:river_water_source	0
108	30	108	default:river_water_source	0
109	30	108	default:river_water_source	0
110	30	108	default:river_water_source	0
111	30	108	default:river_water_source	0
112	30	108	default:river_water_source	0
113	30	108	default:river_water_source	0
114	30	108	default:river_water_source	0
115	30	108	default:river_water_source	0
116	30	108	default:river_water_source	0
117	30	108	default:river_water_source	0
118	30	108	default:river_water_source	0
72	31	108	default:river_water_source	0
73	31	108	default:river_water_source	0
74	31	108	default:river_water_source	0
75	31	108	default:river_water_source	0
76	31	108	default:river_water_source	0
77	31	108	default:river_water_source	0
78	31	108	default:river_water_source	0
79	31	108	default:river_water_source	0
80	31	108	default:river_water_source	0
81	31	108	default:river_water_source	0
82	31	108	default:river_water_source	0
83	31	108	default:river_water_source	0
84	31	108	default:river_water_source	0
85	31	108	default:river_water_source	0
86	31	108	default:river_water_source	0
87	31	108	default:river_water_source	0
88	31	108	default:river_water_source	0
89	31	108	default:river_water_source	0
90	31	108	default:river_water_source	0
91	31	108	default:river_water_source	0
92	31	108	default:river_water_source	0
93	31	108	default:river_water_source	0
94	31	108	default:river_water_source	0
95	31	108	default:river_water_source	0
96	31	108	default:river_water_source	0
97	31	108	default:river_water_source	0
98	31	108	default:river_water_source	0
99	31	108	default:river_water_source	0
100	31	108	default:river_water_source	0
101	31	108	default:river_water_source	0
102	31	108	default:river_water_source	0
103	31	108	default:river_water_source	0
104	31	108	default:river_water_source	0
105	31	108	default:river_water_source	0
106	31	108	default:river_water_source	0
107	31	108	default:river_water_source	0
108	31	108	default:river_water_source	0
109	31	108	default:river_water_source	0
110	31	108	default:river_water_source	0
111	31	108	default:river_water_source	0
112	31	108	default:river_water_source	0
113	31	108	default:river_water_source	0
114	31	108	default:river_water_source	0
115	31	108	default:river_water_source	0
116	31	108	default:river_water_source	0
117	31	108	default:river_water_source	0
118	31	108	default:river_water_source	0
72	32	108	default:river_water_source	0
73	32	108	default:river_water_source	0
74	32	108	default:river_water_source	0
75	32	108	default:river_water_source	0
76	32	108	default:river_water_source	0
77	32	108	default:river_water_source	0
78	32	108	default:river_water_source	0
79	32	108	default:river_water_source	0
80	32	108	default:river_water_source	0
81	32	108	default:river_water_source	0
82	32	108	default:river_water_source	0
83	32	108	default:river_water_source	0
84	32	108	default:river_water_source	0
85	32	108	default:river_water_source	0
86	32	108	default:river_water_source	0
87	32	108	default:river_water_source	0
88	32	108	default:river_water_source	0
89	32	108	default:river_water_source	0
90	32	108	default:river_water_source	0
91	32	108	default:river_water_source	0
92	32	108	default:river_water_source	0
93	32	108	default:river_water_source	0
94	32	108	default:river_water_source	0
95	32	108	default:river_water_source	0
96	32	108	default:river_water_source	0
97	32	108	default:river_water_source	0
98	32	108	default:river_water_source	0
99	32	108	default:river_water_source	0
100	32	108	default:river_water_source	0
101	32	108	default:river_water_source	0
102	32	108	default:river_water_source	0
103	32	108	default:river_water_source	0
104	32	108	default:river_water_source	0
105	32	108	default:river_water_source	0
106	32	108	default:river_water_source	0
107	32	108	default:river_water_source	0
108	32	108	default:river_water_source	0
109	32	108	default:river_water_source	0
110	32	108	default:river_water_source	0
111	32	108	default:river_water_source	0
112	32	108	default:river_water_source	0
113	32	108	default:river_water_source	0
114	32	108	default:river_water_source	0
115	32	108	default:river_water_source	0
116	32	108	default:river_water_source	0
117	32	108	default:river_water_source	0
118	32	108	default:river_water_source	0
72	33	108	default:river_water_source	0
73	33	108	default:river_water_source	0
74	33	108	default:river_water_source	0
75	33	108	default:river_water_source	0
76	33	108	default:river_water_source	0
77	33	108	default:river_water_source	0
78	33	108	default:river_water_source	0
79	33	108	default:river_water_source	0
80	33	108	default:river_water_source	0
81	33	108	default:river_water_source	0
82	33	108	default:river_water_source	0
83	33	108	default:river_water_source	0
84	33	108	default:river_water_source	0
85	33	108	default:river_water_source	0
86	33	108	default:river_water_source	0
87	33	108	default:river_water_source	0
88	33	108	default:river_water_source	0
89	33	108	default:river_water_source	0
90	33	108	default:river_water_source	0
91	33	108	default:river_water_source	0
92	33	108	default:river_water_source	0
93	33	108	default:river_water_source	0
94	33	108	default:river_water_source	0
95	33	108	default:river_water_source	0
96	33	108	default:river_water_source	0
97	33	108	default:river_water_source	0
98	33	108	default:river_water_source	0
99	33	108	default:river_water_source	0
100	33	108	default:river_water_source	0
101	33	108	default:river_water_source	0
102	33	108	default:river_water_source	0
103	33	108	default:river_water_source	0
104	33	108	default:river_water_source	0
105	33	108	default:river_water_source	0
106	33	108	default:river_water_source	0
107	33	108	default:river_water_source	0
108	33	108	default:river_water_source	0
109	33	108	default:river_water_source	0
110	33	108	default:river_water_source	0
111	33	108	default:river_water_source	0
112	33	108	default:river_water_source	0
113	33	108	default:river_water_source	0
114	33	108	default:river_water_source	0
115	33	108	default:river_water_source	0
116	33	108	default:river_water_source	0
117	33	108	default:river_water_source	0
118	33	108	default:river_water_source	0
72	34	108	default:river_water_source	0
73	34	108	default:river_water_source	0
74	34	108	default:river_water_source	0
75	34	108	default:river_water_source	0
76	34	108	default:river_water_source	0
77	34	108	default:river_water_source	0
78	34	108	default:river_water_source	0
79	34	108	default:river_water_source	0
80	34	108	default:river_water_source	0
81	34	108	default:river_water_source	0
82	34	108	default:river_water_source	0
83	34	108	default:river_water_source	0
84	34	108	default:river_water_source	0
85	34	108	default:river_water_source	0
86	34	108	default:river_water_source	0
87	34	108	default:river_water_source	0
88	34	108	default:river_water_source	0
89	34	108	default:river_water_source	0
90	34	108	default:river_water_source	0
91	34	108	default:river_water_source	0
92	34	108	default:river_water_source	0
93	34	108	default:river_water_source	0
94	34	108	default:river_water_source	0
95	34	108	default:river_water_source	0
96	34	108	default:river_water_source	0
97	34	108	default:river_water_source	0
98	34	108	default:river_water_source	0
99	34	108	default:river_water_source	0
100	34	108	default:river_water_source	0
101	34	108	default:river_water_source	0
102	34	108	default:river_water_source	0
103	34	108	default:river_water_source	0
104	34	108	default:river_water_source	0
105	34	108	default:river_water_source	0
106	34	108	default:river_water_source	0
107	34	108	default:river_water_source	0
108	34	108	default:river_water_source	0
109	34	108	default:river_water_source	0
110	34	108	default:river_water_source	0
111	34	108	default:river_water_source	0
112	34	108	default:river_water_source	0
113	34	108	default:river_water_source	0
114	34	108	default:river_water_source	0
115	34	108	default:river_water_source	0
116	34	108	default:river_water_source	0
117	34	108	default:river_water_source	0
118	34	108	default:river_water_source	0
72	35	108	default:river_water_source	0
73	35	108	default:river_water_source	0
74	35	108	default:river_water_source	0
75	35	108	default:river_water_source	0
76	35	108	default:river_water_source	0
77	35	108	default:river_water_source	0
78	35	108	default:river_water_source	0
79	35	108	default:river_water_source	0
80	35	108	default:river_water_source	0
81	35	108	default:river_water_source	0
82	35	108	default:river_water_source	0
83	35	108	default:river_water_source	0
84	35	108	default:river_water_source	0
85	35	108	default:river_water_source	0
86	35	108	default:river_water_source	0
87	35	108	default:river_water_source	0
88	35	108	default:river_water_source	0
89	35	108	default:river_water_source	0
90	35	108	default:river_water_source	0
91	35	108	default:river_water_source	0
92	35	108	default:river_water_source	0
93	35	108	default:river_water_source	0
94	35	108	default:river_water_source	0
95	35	108	default:river_water_source	0
96	35	108	default:river_water_source	0
97	35	108	default:river_water_source	0
98	35	108	default:river_water_source	0
99	35	108	default:river_water_source	0
100	35	108	default:river_water_source	0
101	35	108	default:river_water_source	0
102	35	108	default:river_water_source	0
103	35	108	default:river_water_source	0
104	35	108	default:river_water_source	0
105	35	108	default:river_water_source	0
106	35	108	default:river_water_source	0
107	35	108	default:river_water_source	0
108	35	108	default:river_water_source	0
109	35	108	default:river_water_source	0
110	35	108	default:river_water_source	0
111	35	108	default:river_water_source	0
112	35	108	default:river_water_source	0
113	35	108	default:river_water_source	0
114	35	108	default:river_water_source	0
115	35	108	default:river_water_source	0
116	35	108	default:river_water_source	0
117	35	108	default:river_water_source	0
118	35	108	default:river_water_source	0
72	25	109	default:dirt	0
73	25	109	default:dirt	0
74	25	109	default:dirt	0
75	25	109	default:dirt	0
76	25	109	default:dirt	0
77	25	109	default:dirt	0
78	25	109	default:dirt	0
79	25	109	default:dirt	0
80	25	109	default:dirt	0
81	25	109	default:dirt	0
82	25	109	default:dirt	0
83	25	109	default:dirt	0
84	25	109	default:dirt	0
85	25	109	default:dirt	0
86	25	109	default:dirt	0
87	25	109	default:dirt	0
88	25	109	default:dirt	0
89	25	109	default:dirt	0
90	25	109	default:dirt	0
91	25	109	default:dirt	0
92	25	109	default:dirt	0
93	25	109	default:dirt	0
94	25	109	default:dirt	0
95	25	109	default:dirt	0
96	25	109	default:dirt	0
97	25	109	default:dirt	0
98	25	109	default:dirt	0
99	25	109	default:dirt	0
100	25	109	default:dirt	0
101	25	109	default:dirt	0
102	25	109	default:dirt	0
103	25	109	default:dirt	0
104	25	109	default:dirt	0
105	25	109	default:dirt	0
106	25	109	default:dirt	0
107	25	109	default:dirt	0
108	25	109	default:dirt	0
109	25	109	default:dirt	0
110	25	109	default:dirt	0
111	25	109	default:dirt	0
112	25	109	default:dirt	0
113	25	109	default:dirt	0
114	25	109	default:dirt	0
115	25	109	default:dirt	0
116	25	109	default:dirt	0
117	25	109	default:dirt	0
118	25	109	default:dirt	0
72	26	109	default:dirt	0
73	26	109	default:dirt	0
74	26	109	default:dirt	0
75	26	109	default:dirt	0
76	26	109	default:dirt	0
77	26	109	default:dirt	0
78	26	109	default:dirt	0
79	26	109	default:dirt	0
80	26	109	default:dirt	0
81	26	109	default:dirt	0
82	26	109	default:dirt	0
83	26	109	default:dirt	0
84	26	109	default:dirt	0
85	26	109	default:dirt	0
86	26	109	default:dirt	0
87	26	109	default:dirt	0
88	26	109	default:dirt	0
89	26	109	default:dirt	0
90	26	109	default:dirt	0
91	26	109	default:dirt	0
92	26	109	default:dirt	0
93	26	109	default:dirt	0
94	26	109	default:dirt	0
95	26	109	default:dirt	0
96	26	109	default:dirt	0
97	26	109	default:dirt	0
98	26	109	default:dirt	0
99	26	109	default:dirt	0
100	26	109	default:dirt	0
101	26	109	default:dirt	0
102	26	109	default:dirt	0
103	26	109	default:dirt	0
104	26	109	default:dirt	0
105	26	109	default:dirt	0
106	26	109	default:dirt	0
107	26	109	default:dirt	0
108	26	109	default:dirt	0
109	26	109	default:dirt	0
110	26	109	default:dirt	0
111	26	109	default:dirt	0
112	26	109	default:dirt	0
113	26	109	default:dirt	0
114	26	109	default:dirt	0
115	26	109	default:dirt	0
116	26	109	default:dirt	0
117	26	109	default:dirt	0
118	26	109	default:dirt	0
72	27	109	default:dirt	0
73	27	109	default:dirt	0
74	27	109	default:dirt	0
75	27	109	default:dirt	0
76	27	109	default:dirt	0
77	27	109	default:dirt	0
78	27	109	default:dirt	0
79	27	109	default:dirt	0
80	27	109	default:dirt	0
81	27	109	default:dirt	0
82	27	109	default:dirt	0
83	27	109	default:dirt	0
84	27	109	default:dirt	0
85	27	109	default:dirt	0
86	27	109	default:dirt	0
87	27	109	default:dirt	0
88	27	109	default:dirt	0
89	27	109	default:dirt	0
90	27	109	default:dirt	0
91	27	109	default:dirt	0
92	27	109	default:dirt	0
93	27	109	default:dirt	0
94	27	109	default:dirt	0
95	27	109	default:dirt	0
96	27	109	default:dirt	0
97	27	109	default:dirt	0
98	27	109	default:dirt	0
99	27	109	default:dirt	0
100	27	109	default:dirt	0
101	27	109	default:dirt	0
102	27	109	default:dirt	0
103	27	109	default:dirt	0
104	27	109	default:dirt	0
105	27	109	default:dirt	0
106	27	109	default:dirt	0
107	27	109	default:dirt	0
108	27	109	default:dirt	0
109	27	109	default:dirt	0
110	27	109	default:dirt	0
111	27	109	default:dirt	0
112	27	109	default:dirt	0
113	27	109	default:dirt	0
114	27	109	default:dirt	0
115	27	109	default:dirt	0
116	27	109	default:dirt	0
117	27	109	default:dirt	0
118	27	109	default:dirt	0
72	28	109	grug_nodes:dirt_with_silver_litter	0
73	28	109	grug_nodes:dirt_with_silver_litter	0
74	28	109	grug_nodes:dirt_with_silver_litter	0
75	28	109	grug_nodes:dirt_with_silver_litter	0
76	28	109	grug_nodes:dirt_with_silver_litter	0
77	28	109	grug_nodes:dirt_with_silver_litter	0
78	28	109	grug_nodes:dirt_with_silver_litter	0
79	28	109	grug_nodes:dirt_with_silver_litter	0
80	28	109	grug_nodes:dirt_with_silver_litter	0
81	28	109	grug_nodes:dirt_with_silver_litter	0
82	28	109	grug_nodes:dirt_with_silver_litter	0
83	28	109	grug_nodes:dirt_with_silver_litter	0
84	28	109	grug_nodes:dirt_with_silver_litter	0
85	28	109	grug_nodes:dirt_with_silver_litter	0
86	28	109	grug_nodes:dirt_with_silver_litter	0
87	28	109	grug_nodes:dirt_with_silver_litter	0
88	28	109	grug_nodes:dirt_with_silver_litter	0
89	28	109	grug_nodes:dirt_with_silver_litter	0
90	28	109	grug_nodes:dirt_with_silver_litter	0
91	28	109	grug_nodes:dirt_with_silver_litter	0
92	28	109	grug_nodes:dirt_with_silver_litter	0
93	28	109	grug_nodes:dirt_with_silver_litter	0
94	28	109	grug_nodes:dirt_with_silver_litter	0
95	28	109	grug_nodes:dirt_with_silver_litter	0
96	28	109	grug_nodes:dirt_with_silver_litter	0
97	28	109	grug_nodes:dirt_with_silver_litter	0
98	28	109	grug_nodes:dirt_with_silver_litter	0
99	28	109	grug_nodes:dirt_with_silver_litter	0
100	28	109	grug_nodes:dirt_with_silver_litter	0
101	28	109	grug_nodes:dirt_with_silver_litter	0
102	28	109	grug_nodes:dirt_with_silver_litter	0
103	28	109	grug_nodes:dirt_with_silver_litter	0
104	28	109	grug_nodes:dirt_with_silver_litter	0
105	28	109	grug_nodes:dirt_with_silver_litter	0
106	28	109	grug_nodes:dirt_with_silver_litter	0
107	28	109	grug_nodes:dirt_with_silver_litter	0
108	28	109	grug_nodes:dirt_with_silver_litter	0
109	28	109	grug_nodes:dirt_with_silver_litter	0
110	28	109	grug_nodes:dirt_with_silver_litter	0
111	28	109	grug_nodes:dirt_with_silver_litter	0
112	28	109	grug_nodes:dirt_with_silver_litter	0
113	28	109	grug_nodes:dirt_with_silver_litter	0
114	28	109	grug_nodes:dirt_with_silver_litter	0
115	28	109	grug_nodes:dirt_with_silver_litter	0
116	28	109	grug_nodes:dirt_with_silver_litter	0
117	28	109	grug_nodes:dirt_with_silver_litter	0
118	28	109	grug_nodes:dirt_with_silver_litter	0
72	29	109	default:river_water_source	0
73	29	109	default:river_water_source	0
74	29	109	default:river_water_source	0
75	29	109	default:river_water_source	0
76	29	109	default:river_water_source	0
77	29	109	default:river_water_source	0
78	29	109	default:river_water_source	0
79	29	109	default:river_water_source	0
80	29	109	default:river_water_source	0
81	29	109	default:river_water_source	0
82	29	109	default:river_water_source	0
83	29	109	default:river_water_source	0
84	29	109	default:river_water_source	0
85	29	109	default:river_water_source	0
86	29	109	default:river_water_source	0
87	29	109	default:river_water_source	0
88	29	109	default:river_water_source	0
89	29	109	default:river_water_source	0
90	29	109	default:river_water_source	0
91	29	109	default:river_water_source	0
92	29	109	default:river_water_source	0
93	29	109	default:river_water_source	0
94	29	109	default:river_water_source	0
95	29	109	default:river_water_source	0
96	29	109	default:river_water_source	0
97	29	109	default:river_water_source	0
98	29	109	default:river_water_source	0
99	29	109	default:river_water_source	0
100	29	109	default:river_water_source	0
101	29	109	default:river_water_source	0
102	29	109	default:river_water_source	0
103	29	109	default:river_water_source	0
104	29	109	default:river_water_source	0
105	29	109	default:river_water_source	0
106	29	109	default:river_water_source	0
107	29	109	default:river_water_source	0
108	29	109	default:river_water_source	0
109	29	109	default:river_water_source	0
110	29	109	default:river_water_source	0
111	29	109	default:river_water_source	0
112	29	109	default:river_water_source	0
113	29	109	default:river_water_source	0
114	29	109	default:river_water_source	0
115	29	109	default:river_water_source	0
116	29	109	default:river_water_source	0
117	29	109	default:river_water_source	0
118	29	109	default:river_water_source	0
72	30	109	default:river_water_source	0
73	30	109	default:river_water_source	0
74	30	109	default:river_water_source	0
75	30	109	default:river_water_source	0
76	30	109	default:river_water_source	0
77	30	109	default:river_water_source	0
78	30	109	default:river_water_source	0
79	30	109	default:river_water_source	0
80	30	109	default:river_water_source	0
81	30	109	default:river_water_source	0
82	30	109	default:river_water_source	0
83	30	109	default:river_water_source	0
84	30	109	default:river_water_source	0
85	30	109	default:river_water_source	0
86	30	109	default:river_water_source	0
87	30	109	default:river_water_source	0
88	30	109	default:river_water_source	0
89	30	109	default:river_water_source	0
90	30	109	default:river_water_source	0
91	30	109	default:river_water_source	0
92	30	109	default:river_water_source	0
93	30	109	default:river_water_source	0
94	30	109	default:river_water_source	0
95	30	109	default:river_water_source	0
96	30	109	default:river_water_source	0
97	30	109	default:river_water_source	0
98	30	109	default:river_water_source	0
99	30	109	default:river_water_source	0
100	30	109	default:river_water_source	0
101	30	109	default:river_water_source	0
102	30	109	default:river_water_source	0
103	30	109	default:river_water_source	0
104	30	109	default:river_water_source	0
105	30	109	default:river_water_source	0
106	30	109	default:river_water_source	0
107	30	109	default:river_water_source	0
108	30	109	default:river_water_source	0
109	30	109	default:river_water_source	0
110	30	109	default:river_water_source	0
111	30	109	default:river_water_source	0
112	30	109	default:river_water_source	0
113	30	109	default:river_water_source	0
114	30	109	default:river_water_source	0
115	30	109	default:river_water_source	0
116	30	109	default:river_water_source	0
117	30	109	default:river_water_source	0
118	30	109	default:river_water_source	0
72	31	109	default:river_water_source	0
73	31	109	default:river_water_source	0
74	31	109	default:river_water_source	0
75	31	109	default:river_water_source	0
76	31	109	default:river_water_source	0
77	31	109	default:river_water_source	0
78	31	109	default:river_water_source	0
79	31	109	default:river_water_source	0
80	31	109	default:river_water_source	0
81	31	109	default:river_water_source	0
82	31	109	default:river_water_source	0
83	31	109	default:river_water_source	0
84	31	109	default:river_water_source	0
85	31	109	default:river_water_source	0
86	31	109	default:river_water_source	0
87	31	109	default:river_water_source	0
88	31	109	default:river_water_source	0
89	31	109	default:river_water_source	0
90	31	109	default:river_water_source	0
91	31	109	default:river_water_source	0
92	31	109	default:river_water_source	0
93	31	109	default:river_water_source	0
94	31	109	default:river_water_source	0
95	31	109	default:river_water_source	0
96	31	109	default:river_water_source	0
97	31	109	default:river_water_source	0
98	31	109	default:river_water_source	0
99	31	109	default:river_water_source	0
100	31	109	default:river_water_source	0
101	31	109	default:river_water_source	0
102	31	109	default:river_water_source	0
103	31	109	default:river_water_source	0
104	31	109	default:river_water_source	0
105	31	109	default:river_water_source	0
106	31	109	default:river_water_source	0
107	31	109	default:river_water_source	0
108	31	109	default:river_water_source	0
109	31	109	default:river_water_source	0
110	31	109	default:river_water_source	0
111	31	109	default:river_water_source	0
112	31	109	default:river_water_source	0
113	31	109	default:river_water_source	0
114	31	109	default:river_water_source	0
115	31	109	default:river_water_source	0
116	31	109	default:river_water_source	0
117	31	109	default:river_water_source	0
118	31	109	default:river_water_source	0
72	32	109	default:river_water_source	0
73	32	109	default:river_water_source	0
74	32	109	default:river_water_source	0
75	32	109	default:river_water_source	0
76	32	109	default:river_water_source	0
77	32	109	default:river_water_source	0
78	32	109	default:river_water_source	0
79	32	109	default:river_water_source	0
80	32	109	default:river_water_source	0
81	32	109	default:river_water_source	0
82	32	109	default:river_water_source	0
83	32	109	default:river_water_source	0
84	32	109	default:river_water_source	0
85	32	109	default:river_water_source	0
86	32	109	default:river_water_source	0
87	32	109	default:river_water_source	0
88	32	109	default:river_water_source	0
89	32	109	default:river_water_source	0
90	32	109	default:river_water_source	0
91	32	109	default:river_water_source	0
92	32	109	default:river_water_source	0
93	32	109	default:river_water_source	0
94	32	109	default:river_water_source	0
95	32	109	default:river_water_source	0
96	32	109	default:river_water_source	0
97	32	109	default:river_water_source	0
98	32	109	default:river_water_source	0
99	32	109	default:river_water_source	0
100	32	109	default:river_water_source	0
101	32	109	default:river_water_source	0
102	32	109	default:river_water_source	0
103	32	109	default:river_water_source	0
104	32	109	default:river_water_source	0
105	32	109	default:river_water_source	0
106	32	109	default:river_water_source	0
107	32	109	default:river_water_source	0
108	32	109	default:river_water_source	0
109	32	109	default:river_water_source	0
110	32	109	default:river_water_source	0
111	32	109	default:river_water_source	0
112	32	109	default:river_water_source	0
113	32	109	default:river_water_source	0
114	32	109	default:river_water_source	0
115	32	109	default:river_water_source	0
116	32	109	default:river_water_source	0
117	32	109	default:river_water_source	0
118	32	109	default:river_water_source	0
72	33	109	default:river_water_source	0
73	33	109	default:river_water_source	0
74	33	109	default:river_water_source	0
75	33	109	default:river_water_source	0
76	33	109	default:river_water_source	0
77	33	109	default:river_water_source	0
78	33	109	default:river_water_source	0
79	33	109	default:river_water_source	0
80	33	109	default:river_water_source	0
81	33	109	default:river_water_source	0
82	33	109	default:river_water_source	0
83	33	109	default:river_water_source	0
84	33	109	default:river_water_source	0
85	33	109	default:river_water_source	0
86	33	109	default:river_water_source	0
87	33	109	default:river_water_source	0
88	33	109	default:river_water_source	0
89	33	109	default:river_water_source	0
90	33	109	default:river_water_source	0
91	33	109	default:river_water_source	0
92	33	109	default:river_water_source	0
93	33	109	default:river_water_source	0
94	33	109	default:river_water_source	0
95	33	109	default:river_water_source	0
96	33	109	default:river_water_source	0
97	33	109	default:river_water_source	0
98	33	109	default:river_water_source	0
99	33	109	default:river_water_source	0
100	33	109	default:river_water_source	0
101	33	109	default:river_water_source	0
102	33	109	default:river_water_source	0
103	33	109	default:river_water_source	0
104	33	109	default:river_water_source	0
105	33	109	default:river_water_source	0
106	33	109	default:river_water_source	0
107	33	109	default:river_water_source	0
108	33	109	default:river_water_source	0
109	33	109	default:river_water_source	0
110	33	109	default:river_water_source	0
111	33	109	default:river_water_source	0
112	33	109	default:river_water_source	0
113	33	109	default:river_water_source	0
114	33	109	default:river_water_source	0
115	33	109	default:river_water_source	0
116	33	109	default:river_water_source	0
117	33	109	default:river_water_source	0
118	33	109	default:river_water_source	0
72	34	109	default:river_water_source	0
73	34	109	default:river_water_source	0
74	34	109	default:river_water_source	0
75	34	109	default:river_water_source	0
76	34	109	default:river_water_source	0
77	34	109	default:river_water_source	0
78	34	109	default:river_water_source	0
79	34	109	default:river_water_source	0
80	34	109	default:river_water_source	0
81	34	109	default:river_water_source	0
82	34	109	default:river_water_source	0
83	34	109	default:river_water_source	0
84	34	109	default:river_water_source	0
85	34	109	default:river_water_source	0
86	34	109	default:river_water_source	0
87	34	109	default:river_water_source	0
88	34	109	default:river_water_source	0
89	34	109	default:river_water_source	0
90	34	109	default:river_water_source	0
91	34	109	default:river_water_source	0
92	34	109	default:river_water_source	0
93	34	109	default:river_water_source	0
94	34	109	default:river_water_source	0
95	34	109	default:river_water_source	0
96	34	109	default:river_water_source	0
97	34	109	default:river_water_source	0
98	34	109	default:river_water_source	0
99	34	109	default:river_water_source	0
100	34	109	default:river_water_source	0
101	34	109	default:river_water_source	0
102	34	109	default:river_water_source	0
103	34	109	default:river_water_source	0
104	34	109	default:river_water_source	0
105	34	109	default:river_water_source	0
106	34	109	default:river_water_source	0
107	34	109	default:river_water_source	0
108	34	109	default:river_water_source	0
109	34	109	default:river_water_source	0
110	34	109	default:river_water_source	0
111	34	109	default:river_water_source	0
112	34	109	default:river_water_source	0
113	34	109	default:river_water_source	0
114	34	109	default:river_water_source	0
115	34	109	default:river_water_source	0
116	34	109	default:river_water_source	0
117	34	109	default:river_water_source	0
118	34	109	default:river_water_source	0
72	35	109	default:river_water_source	0
73	35	109	default:river_water_source	0
74	35	109	default:river_water_source	0
75	35	109	default:river_water_source	0
76	35	109	default:river_water_source	0
77	35	109	default:river_water_source	0
78	35	109	default:river_water_source	0
79	35	109	default:river_water_source	0
80	35	109	default:river_water_source	0
81	35	109	default:river_water_source	0
82	35	109	default:river_water_source	0
83	35	109	default:river_water_source	0
84	35	109	default:river_water_source	0
85	35	109	default:river_water_source	0
86	35	109	default:river_water_source	0
87	35	109	default:river_water_source	0
88	35	109	default:river_water_source	0
89	35	109	default:river_water_source	0
90	35	109	default:river_water_source	0
91	35	109	default:river_water_source	0
92	35	109	default:river_water_source	0
93	35	109	default:river_water_source	0
94	35	109	default:river_water_source	0
95	35	109	default:river_water_source	0
96	35	109	default:river_water_source	0
97	35	109	default:river_water_source	0
98	35	109	default:river_water_source	0
99	35	109	default:river_water_source	0
100	35	109	default:river_water_source	0
101	35	109	default:river_water_source	0
102	35	109	default:river_water_source	0
103	35	109	default:river_water_source	0
104	35	109	default:river_water_source	0
105	35	109	default:river_water_source	0
106	35	109	default:river_water_source	0
107	35	109	default:river_water_source	0
108	35	109	default:river_water_source	0
109	35	109	default:river_water_source	0
110	35	109	default:river_water_source	0
111	35	109	default:river_water_source	0
112	35	109	default:river_water_source	0
113	35	109	default:river_water_source	0
114	35	109	default:river_water_source	0
115	35	109	default:river_water_source	0
116	35	109	default:river_water_source	0
117	35	109	default:river_water_source	0
118	35	109	default:river_water_source	0
72	25	110	default:dirt	0
73	25	110	default:dirt	0
74	25	110	default:dirt	0
75	25	110	default:dirt	0
76	25	110	default:dirt	0
77	25	110	default:dirt	0
78	25	110	default:dirt	0
79	25	110	default:dirt	0
80	25	110	default:dirt	0
81	25	110	default:dirt	0
82	25	110	default:dirt	0
83	25	110	default:dirt	0
84	25	110	default:dirt	0
85	25	110	default:dirt	0
86	25	110	default:dirt	0
87	25	110	default:dirt	0
88	25	110	default:dirt	0
89	25	110	default:dirt	0
90	25	110	default:dirt	0
91	25	110	default:dirt	0
92	25	110	default:dirt	0
93	25	110	default:dirt	0
94	25	110	default:dirt	0
95	25	110	default:dirt	0
96	25	110	default:dirt	0
97	25	110	default:dirt	0
98	25	110	default:dirt	0
99	25	110	default:dirt	0
100	25	110	default:dirt	0
101	25	110	default:dirt	0
102	25	110	default:dirt	0
103	25	110	default:dirt	0
104	25	110	default:dirt	0
105	25	110	default:dirt	0
106	25	110	default:dirt	0
107	25	110	default:dirt	0
108	25	110	default:dirt	0
109	25	110	default:dirt	0
110	25	110	default:dirt	0
111	25	110	default:dirt	0
112	25	110	default:dirt	0
113	25	110	default:dirt	0
114	25	110	default:dirt	0
115	25	110	default:dirt	0
116	25	110	default:dirt	0
117	25	110	default:dirt	0
118	25	110	default:dirt	0
72	26	110	default:dirt	0
73	26	110	default:dirt	0
74	26	110	default:dirt	0
75	26	110	default:dirt	0
76	26	110	default:dirt	0
77	26	110	default:dirt	0
78	26	110	default:dirt	0
79	26	110	default:dirt	0
80	26	110	default:dirt	0
81	26	110	default:dirt	0
82	26	110	default:dirt	0
83	26	110	default:dirt	0
84	26	110	default:dirt	0
85	26	110	default:dirt	0
86	26	110	default:dirt	0
87	26	110	default:dirt	0
88	26	110	default:dirt	0
89	26	110	default:dirt	0
90	26	110	default:dirt	0
91	26	110	default:dirt	0
92	26	110	default:dirt	0
93	26	110	default:dirt	0
94	26	110	default:dirt	0
95	26	110	default:dirt	0
96	26	110	default:dirt	0
97	26	110	default:dirt	0
98	26	110	default:dirt	0
99	26	110	default:dirt	0
100	26	110	default:dirt	0
101	26	110	default:dirt	0
102	26	110	default:dirt	0
103	26	110	default:dirt	0
104	26	110	default:dirt	0
105	26	110	default:dirt	0
106	26	110	default:dirt	0
107	26	110	default:dirt	0
108	26	110	default:dirt	0
109	26	110	default:dirt	0
110	26	110	default:dirt	0
111	26	110	default:dirt	0
112	26	110	default:dirt	0
113	26	110	default:dirt	0
114	26	110	default:dirt	0
115	26	110	default:dirt	0
116	26	110	default:dirt	0
117	26	110	default:dirt	0
118	26	110	default:dirt	0
72	27	110	default:dirt	0
73	27	110	default:dirt	0
74	27	110	default:dirt	0
75	27	110	default:dirt	0
76	27	110	default:dirt	0
77	27	110	default:dirt	0
78	27	110	default:dirt	0
79	27	110	default:dirt	0
80	27	110	default:dirt	0
81	27	110	default:dirt	0
82	27	110	default:dirt	0
83	27	110	default:dirt	0
84	27	110	default:dirt	0
85	27	110	default:dirt	0
86	27	110	default:dirt	0
87	27	110	default:dirt	0
88	27	110	default:dirt	0
89	27	110	default:dirt	0
90	27	110	default:dirt	0
91	27	110	default:dirt	0
92	27	110	default:dirt	0
93	27	110	default:dirt	0
94	27	110	default:dirt	0
95	27	110	default:dirt	0
96	27	110	default:dirt	0
97	27	110	default:dirt	0
98	27	110	default:dirt	0
99	27	110	default:dirt	0
100	27	110	default:dirt	0
101	27	110	default:dirt	0
102	27	110	default:dirt	0
103	27	110	default:dirt	0
104	27	110	default:dirt	0
105	27	110	default:dirt	0
106	27	110	default:dirt	0
107	27	110	default:dirt	0
108	27	110	default:dirt	0
109	27	110	default:dirt	0
110	27	110	default:dirt	0
111	27	110	default:dirt	0
112	27	110	default:dirt	0
113	27	110	default:dirt	0
114	27	110	default:dirt	0
115	27	110	default:dirt	0
116	27	110	default:dirt	0
117	27	110	default:dirt	0
118	27	110	default:dirt	0
72	28	110	grug_nodes:dirt_with_silver_litter	0
73	28	110	grug_nodes:dirt_with_silver_litter	0
74	28	110	grug_nodes:dirt_with_silver_litter	0
75	28	110	grug_nodes:dirt_with_silver_litter	0
76	28	110	grug_nodes:dirt_with_silver_litter	0
77	28	110	grug_nodes:dirt_with_silver_litter	0
78	28	110	grug_nodes:dirt_with_silver_litter	0
79	28	110	grug_nodes:dirt_with_silver_litter	0
80	28	110	grug_nodes:dirt_with_silver_litter	0
81	28	110	grug_nodes:dirt_with_silver_litter	0
82	28	110	grug_nodes:dirt_with_silver_litter	0
83	28	110	grug_nodes:dirt_with_silver_litter	0
84	28	110	grug_nodes:dirt_with_silver_litter	0
85	28	110	grug_nodes:dirt_with_silver_litter	0
86	28	110	grug_nodes:dirt_with_silver_litter	0
87	28	110	grug_nodes:dirt_with_silver_litter	0
88	28	110	grug_nodes:dirt_with_silver_litter	0
89	28	110	grug_nodes:dirt_with_silver_litter	0
90	28	110	grug_nodes:dirt_with_silver_litter	0
91	28	110	grug_nodes:dirt_with_silver_litter	0
92	28	110	grug_nodes:dirt_with_silver_litter	0
93	28	110	grug_nodes:dirt_with_silver_litter	0
94	28	110	grug_nodes:dirt_with_silver_litter	0
95	28	110	grug_nodes:dirt_with_silver_litter	0
96	28	110	grug_nodes:dirt_with_silver_litter	0
97	28	110	grug_nodes:dirt_with_silver_litter	0
98	28	110	grug_nodes:dirt_with_silver_litter	0
99	28	110	grug_nodes:dirt_with_silver_litter	0
100	28	110	grug_nodes:dirt_with_silver_litter	0
101	28	110	grug_nodes:dirt_with_silver_litter	0
102	28	110	grug_nodes:dirt_with_silver_litter	0
103	28	110	grug_nodes:dirt_with_silver_litter	0
104	28	110	grug_nodes:dirt_with_silver_litter	0
105	28	110	grug_nodes:dirt_with_silver_litter	0
106	28	110	grug_nodes:dirt_with_silver_litter	0
107	28	110	grug_nodes:dirt_with_silver_litter	0
108	28	110	grug_nodes:dirt_with_silver_litter	0
109	28	110	grug_nodes:dirt_with_silver_litter	0
110	28	110	grug_nodes:dirt_with_silver_litter	0
111	28	110	grug_nodes:dirt_with_silver_litter	0
112	28	110	grug_nodes:dirt_with_silver_litter	0
113	28	110	grug_nodes:dirt_with_silver_litter	0
114	28	110	grug_nodes:dirt_with_silver_litter	0
115	28	110	grug_nodes:dirt_with_silver_litter	0
116	28	110	grug_nodes:dirt_with_silver_litter	0
117	28	110	grug_nodes:dirt_with_silver_litter	0
118	28	110	grug_nodes:dirt_with_silver_litter	0
72	29	110	default:river_water_source	0
73	29	110	default:river_water_source	0
74	29	110	default:river_water_source	0
75	29	110	default:river_water_source	0
76	29	110	default:river_water_source	0
77	29	110	default:river_water_source	0
78	29	110	default:river_water_source	0
79	29	110	default:river_water_source	0
80	29	110	default:river_water_source	0
81	29	110	default:river_water_source	0
82	29	110	default:river_water_source	0
83	29	110	default:river_water_source	0
84	29	110	default:river_water_source	0
85	29	110	default:river_water_source	0
86	29	110	default:river_water_source	0
87	29	110	default:river_water_source	0
88	29	110	default:river_water_source	0
89	29	110	default:river_water_source	0
90	29	110	default:river_water_source	0
91	29	110	default:river_water_source	0
92	29	110	default:river_water_source	0
93	29	110	default:river_water_source	0
94	29	110	default:river_water_source	0
95	29	110	default:river_water_source	0
96	29	110	default:river_water_source	0
97	29	110	default:river_water_source	0
98	29	110	default:river_water_source	0
99	29	110	default:river_water_source	0
100	29	110	default:river_water_source	0
101	29	110	default:river_water_source	0
102	29	110	default:river_water_source	0
103	29	110	default:river_water_source	0
104	29	110	default:river_water_source	0
105	29	110	default:river_water_source	0
106	29	110	default:river_water_source	0
107	29	110	default:river_water_source	0
108	29	110	default:river_water_source	0
109	29	110	default:river_water_source	0
110	29	110	default:river_water_source	0
111	29	110	default:river_water_source	0
112	29	110	default:river_water_source	0
113	29	110	default:river_water_source	0
114	29	110	default:river_water_source	0
115	29	110	default:river_water_source	0
116	29	110	default:river_water_source	0
117	29	110	default:river_water_source	0
118	29	110	default:river_water_source	0
72	30	110	default:river_water_source	0
73	30	110	default:river_water_source	0
74	30	110	default:river_water_source	0
75	30	110	default:river_water_source	0
76	30	110	default:river_water_source	0
77	30	110	default:river_water_source	0
78	30	110	default:river_water_source	0
79	30	110	default:river_water_source	0
80	30	110	default:river_water_source	0
81	30	110	default:river_water_source	0
82	30	110	default:river_water_source	0
83	30	110	default:river_water_source	0
84	30	110	default:river_water_source	0
85	30	110	default:river_water_source	0
86	30	110	default:river_water_source	0
87	30	110	default:river_water_source	0
88	30	110	default:river_water_source	0
89	30	110	default:river_water_source	0
90	30	110	default:river_water_source	0
91	30	110	default:river_water_source	0
92	30	110	default:river_water_source	0
93	30	110	default:river_water_source	0
94	30	110	default:river_water_source	0
95	30	110	default:river_water_source	0
96	30	110	default:river_water_source	0
97	30	110	default:river_water_source	0
98	30	110	default:river_water_source	0
99	30	110	default:river_water_source	0
100	30	110	default:river_water_source	0
101	30	110	default:river_water_source	0
102	30	110	default:river_water_source	0
103	30	110	default:river_water_source	0
104	30	110	default:river_water_source	0
105	30	110	default:river_water_source	0
106	30	110	default:river_water_source	0
107	30	110	default:river_water_source	0
108	30	110	default:river_water_source	0
109	30	110	default:river_water_source	0
110	30	110	default:river_water_source	0
111	30	110	default:river_water_source	0
112	30	110	default:river_water_source	0
113	30	110	default:river_water_source	0
114	30	110	default:river_water_source	0
115	30	110	default:river_water_source	0
116	30	110	default:river_water_source	0
117	30	110	default:river_water_source	0
118	30	110	default:river_water_source	0
72	31	110	default:river_water_source	0
73	31	110	default:river_water_source	0
74	31	110	default:river_water_source	0
75	31	110	default:river_water_source	0
76	31	110	default:river_water_source	0
77	31	110	default:river_water_source	0
78	31	110	default:river_water_source	0
79	31	110	default:river_water_source	0
80	31	110	default:river_water_source	0
81	31	110	default:river_water_source	0
82	31	110	default:river_water_source	0
83	31	110	default:river_water_source	0
84	31	110	default:river_water_source	0
85	31	110	default:river_water_source	0
86	31	110	default:river_water_source	0
87	31	110	default:river_water_source	0
88	31	110	default:river_water_source	0
89	31	110	default:river_water_source	0
90	31	110	default:river_water_source	0
91	31	110	default:river_water_source	0
92	31	110	default:river_water_source	0
93	31	110	default:river_water_source	0
94	31	110	default:river_water_source	0
95	31	110	default:river_water_source	0
96	31	110	default:river_water_source	0
97	31	110	default:river_water_source	0
98	31	110	default:river_water_source	0
99	31	110	default:river_water_source	0
100	31	110	default:river_water_source	0
101	31	110	default:river_water_source	0
102	31	110	default:river_water_source	0
103	31	110	default:river_water_source	0
104	31	110	default:river_water_source	0
105	31	110	default:river_water_source	0
106	31	110	default:river_water_source	0
107	31	110	default:river_water_source	0
108	31	110	default:river_water_source	0
109	31	110	default:river_water_source	0
110	31	110	default:river_water_source	0
111	31	110	default:river_water_source	0
112	31	110	default:river_water_source	0
113	31	110	default:river_water_source	0
114	31	110	default:river_water_source	0
115	31	110	default:river_water_source	0
116	31	110	default:river_water_source	0
117	31	110	default:river_water_source	0
118	31	110	default:river_water_source	0
72	32	110	default:river_water_source	0
73	32	110	default:river_water_source	0
74	32	110	default:river_water_source	0
75	32	110	default:river_water_source	0
76	32	110	default:river_water_source	0
77	32	110	default:river_water_source	0
78	32	110	default:river_water_source	0
79	32	110	default:river_water_source	0
80	32	110	default:river_water_source	0
81	32	110	default:river_water_source	0
82	32	110	default:river_water_source	0
83	32	110	default:river_water_source	0
84	32	110	default:river_water_source	0
85	32	110	default:river_water_source	0
86	32	110	default:river_water_source	0
87	32	110	default:river_water_source	0
88	32	110	default:river_water_source	0
89	32	110	default:river_water_source	0
90	32	110	default:river_water_source	0
91	32	110	default:river_water_source	0
92	32	110	default:river_water_source	0
93	32	110	default:river_water_source	0
94	32	110	default:river_water_source	0
95	32	110	default:river_water_source	0
96	32	110	default:river_water_source	0
97	32	110	default:river_water_source	0
98	32	110	default:river_water_source	0
99	32	110	default:river_water_source	0
100	32	110	default:river_water_source	0
101	32	110	default:river_water_source	0
102	32	110	default:river_water_source	0
103	32	110	default:river_water_source	0
104	32	110	default:river_water_source	0
105	32	110	default:river_water_source	0
106	32	110	default:river_water_source	0
107	32	110	default:river_water_source	0
108	32	110	default:river_water_source	0
109	32	110	default:river_water_source	0
110	32	110	default:river_water_source	0
111	32	110	default:river_water_source	0
112	32	110	default:river_water_source	0
113	32	110	default:river_water_source	0
114	32	110	default:river_water_source	0
115	32	110	default:river_water_source	0
116	32	110	default:river_water_source	0
117	32	110	default:river_water_source	0
118	32	110	default:river_water_source	0
72	33	110	default:river_water_source	0
73	33	110	default:river_water_source	0
74	33	110	default:river_water_source	0
75	33	110	default:river_water_source	0
76	33	110	default:river_water_source	0
77	33	110	default:river_water_source	0
78	33	110	default:river_water_source	0
79	33	110	default:river_water_source	0
80	33	110	default:river_water_source	0
81	33	110	default:river_water_source	0
82	33	110	default:river_water_source	0
83	33	110	default:river_water_source	0
84	33	110	default:river_water_source	0
85	33	110	default:river_water_source	0
86	33	110	default:river_water_source	0
87	33	110	default:river_water_source	0
88	33	110	default:river_water_source	0
89	33	110	default:river_water_source	0
90	33	110	default:river_water_source	0
91	33	110	default:river_water_source	0
92	33	110	default:river_water_source	0
93	33	110	default:river_water_source	0
94	33	110	default:river_water_source	0
95	33	110	default:river_water_source	0
96	33	110	default:river_water_source	0
97	33	110	default:river_water_source	0
98	33	110	default:river_water_source	0
99	33	110	default:river_water_source	0
100	33	110	default:river_water_source	0
101	33	110	default:river_water_source	0
102	33	110	default:river_water_source	0
103	33	110	default:river_water_source	0
104	33	110	default:river_water_source	0
105	33	110	default:river_water_source	0
106	33	110	default:river_water_source	0
107	33	110	default:river_water_source	0
108	33	110	default:river_water_source	0
109	33	110	default:river_water_source	0
110	33	110	default:river_water_source	0
111	33	110	default:river_water_source	0
112	33	110	default:river_water_source	0
113	33	110	default:river_water_source	0
114	33	110	default:river_water_source	0
115	33	110	default:river_water_source	0
116	33	110	default:river_water_source	0
117	33	110	default:river_water_source	0
118	33	110	default:river_water_source	0
72	34	110	default:river_water_source	0
73	34	110	default:river_water_source	0
74	34	110	default:river_water_source	0
75	34	110	default:river_water_source	0
76	34	110	default:river_water_source	0
77	34	110	default:river_water_source	0
78	34	110	default:river_water_source	0
79	34	110	default:river_water_source	0
80	34	110	default:river_water_source	0
81	34	110	default:river_water_source	0
82	34	110	default:river_water_source	0
83	34	110	default:river_water_source	0
84	34	110	default:river_water_source	0
85	34	110	default:river_water_source	0
86	34	110	default:river_water_source	0
87	34	110	default:river_water_source	0
88	34	110	default:river_water_source	0
89	34	110	default:river_water_source	0
90	34	110	default:river_water_source	0
91	34	110	default:river_water_source	0
92	34	110	default:river_water_source	0
93	34	110	default:river_water_source	0
94	34	110	default:river_water_source	0
95	34	110	default:river_water_source	0
96	34	110	default:river_water_source	0
97	34	110	default:river_water_source	0
98	34	110	default:river_water_source	0
99	34	110	default:river_water_source	0
100	34	110	default:river_water_source	0
101	34	110	default:river_water_source	0
102	34	110	default:river_water_source	0
103	34	110	default:river_water_source	0
104	34	110	default:river_water_source	0
105	34	110	default:river_water_source	0
106	34	110	default:river_water_source	0
107	34	110	default:river_water_source	0
108	34	110	default:river_water_source	0
109	34	110	default:river_water_source	0
110	34	110	default:river_water_source	0
111	34	110	default:river_water_source	0
112	34	110	default:river_water_source	0
113	34	110	default:river_water_source	0
114	34	110	default:river_water_source	0
115	34	110	default:river_water_source	0
116	34	110	default:river_water_source	0
117	34	110	default:river_water_source	0
118	34	110	default:river_water_source	0
72	35	110	default:river_water_source	0
73	35	110	default:river_water_source	0
74	35	110	default:river_water_source	0
75	35	110	default:river_water_source	0
76	35	110	default:river_water_source	0
77	35	110	default:river_water_source	0
78	35	110	default:river_water_source	0
79	35	110	default:river_water_source	0
80	35	110	default:river_water_source	0
81	35	110	default:river_water_source	0
82	35	110	default:river_water_source	0
83	35	110	default:river_water_source	0
84	35	110	default:river_water_source	0
85	35	110	default:river_water_source	0
86	35	110	default:river_water_source	0
87	35	110	default:river_water_source	0
88	35	110	default:river_water_source	0
89	35	110	default:river_water_source	0
90	35	110	default:river_water_source	0
91	35	110	default:river_water_source	0
92	35	110	default:river_water_source	0
93	35	110	default:river_water_source	0
94	35	110	default:river_water_source	0
95	35	110	default:river_water_source	0
96	35	110	default:river_water_source	0
97	35	110	default:river_water_source	0
98	35	110	default:river_water_source	0
99	35	110	default:river_water_source	0
100	35	110	default:river_water_source	0
101	35	110	default:river_water_source	0
102	35	110	default:river_water_source	0
103	35	110	default:river_water_source	0
104	35	110	default:river_water_source	0
105	35	110	default:river_water_source	0
106	35	110	default:river_water_source	0
107	35	110	default:river_water_source	0
108	35	110	default:river_water_source	0
109	35	110	default:river_water_source	0
110	35	110	default:river_water_source	0
111	35	110	default:river_water_source	0
112	35	110	default:river_water_source	0
113	35	110	default:river_water_source	0
114	35	110	default:river_water_source	0
115	35	110	default:river_water_source	0
116	35	110	default:river_water_source	0
117	35	110	default:river_water_source	0
118	35	110	default:river_water_source	0
72	25	111	default:dirt	0
73	25	111	default:dirt	0
74	25	111	default:dirt	0
75	25	111	default:dirt	0
76	25	111	default:dirt	0
77	25	111	default:dirt	0
78	25	111	default:dirt	0
79	25	111	default:dirt	0
80	25	111	default:dirt	0
81	25	111	default:dirt	0
82	25	111	default:dirt	0
83	25	111	default:dirt	0
84	25	111	default:dirt	0
85	25	111	default:dirt	0
86	25	111	default:dirt	0
87	25	111	default:dirt	0
88	25	111	default:dirt	0
89	25	111	default:dirt	0
90	25	111	default:dirt	0
91	25	111	default:dirt	0
92	25	111	default:dirt	0
93	25	111	default:dirt	0
94	25	111	default:dirt	0
95	25	111	default:dirt	0
96	25	111	default:dirt	0
97	25	111	default:dirt	0
98	25	111	default:dirt	0
99	25	111	default:dirt	0
100	25	111	default:dirt	0
101	25	111	default:dirt	0
102	25	111	default:dirt	0
103	25	111	default:dirt	0
104	25	111	default:dirt	0
105	25	111	default:dirt	0
106	25	111	default:dirt	0
107	25	111	default:dirt	0
108	25	111	default:dirt	0
109	25	111	default:dirt	0
72	26	111	default:dirt	0
73	26	111	default:dirt	0
74	26	111	default:dirt	0
75	26	111	default:dirt	0
76	26	111	default:dirt	0
77	26	111	default:dirt	0
78	26	111	default:dirt	0
79	26	111	default:dirt	0
80	26	111	default:dirt	0
81	26	111	default:dirt	0
82	26	111	default:dirt	0
83	26	111	default:dirt	0
84	26	111	default:dirt	0
85	26	111	default:dirt	0
86	26	111	default:dirt	0
87	26	111	default:dirt	0
88	26	111	default:dirt	0
89	26	111	default:dirt	0
90	26	111	default:dirt	0
91	26	111	default:dirt	0
92	26	111	default:dirt	0
93	26	111	default:dirt	0
94	26	111	default:dirt	0
95	26	111	default:dirt	0
96	26	111	default:dirt	0
97	26	111	default:dirt	0
98	26	111	default:dirt	0
99	26	111	default:dirt	0
100	26	111	default:dirt	0
101	26	111	default:dirt	0
102	26	111	default:dirt	0
103	26	111	default:dirt	0
104	26	111	default:dirt	0
105	26	111	default:dirt	0
106	26	111	default:dirt	0
107	26	111	default:dirt	0
108	26	111	default:dirt	0
109	26	111	default:dirt	0
110	26	111	default:dirt	0
111	26	111	default:dirt	0
112	26	111	default:dirt	0
113	26	111	default:dirt	0
114	26	111	default:dirt	0
115	26	111	default:dirt	0
116	26	111	default:dirt	0
117	26	111	default:dirt	0
118	26	111	default:dirt	0
72	27	111	default:dirt	0
73	27	111	default:dirt	0
74	27	111	default:dirt	0
75	27	111	default:dirt	0
76	27	111	default:dirt	0
77	27	111	default:dirt	0
78	27	111	default:dirt	0
79	27	111	default:dirt	0
80	27	111	default:dirt	0
81	27	111	default:dirt	0
82	27	111	default:dirt	0
83	27	111	default:dirt	0
84	27	111	default:dirt	0
85	27	111	default:dirt	0
86	27	111	default:dirt	0
87	27	111	default:dirt	0
88	27	111	default:dirt	0
89	27	111	default:dirt	0
90	27	111	default:dirt	0
91	27	111	default:dirt	0
92	27	111	default:dirt	0
93	27	111	default:dirt	0
94	27	111	default:dirt	0
95	27	111	default:dirt	0
96	27	111	default:dirt	0
97	27	111	default:dirt	0
98	27	111	default:dirt	0
99	27	111	default:dirt	0
100	27	111	default:dirt	0
101	27	111	default:dirt	0
102	27	111	default:dirt	0
103	27	111	default:dirt	0
104	27	111	default:dirt	0
105	27	111	default:dirt	0
106	27	111	default:dirt	0
107	27	111	default:dirt	0
108	27	111	default:dirt	0
109	27	111	default:dirt	0
110	27	111	default:dirt	0
111	27	111	default:dirt	0
112	27	111	default:dirt	0
113	27	111	default:dirt	0
114	27	111	default:dirt	0
115	27	111	default:dirt	0
116	27	111	default:dirt	0
117	27	111	default:dirt	0
118	27	111	default:dirt	0
72	28	111	grug_nodes:dirt_with_silver_litter	0
73	28	111	grug_nodes:dirt_with_silver_litter	0
74	28	111	grug_nodes:dirt_with_silver_litter	0
75	28	111	grug_nodes:dirt_with_silver_litter	0
76	28	111	grug_nodes:dirt_with_silver_litter	0
77	28	111	grug_nodes:dirt_with_silver_litter	0
78	28	111	grug_nodes:dirt_with_silver_litter	0
79	28	111	grug_nodes:dirt_with_silver_litter	0
80	28	111	grug_nodes:dirt_with_silver_litter	0
81	28	111	grug_nodes:dirt_with_silver_litter	0
82	28	111	grug_nodes:dirt_with_silver_litter	0
83	28	111	grug_nodes:dirt_with_silver_litter	0
84	28	111	grug_nodes:dirt_with_silver_litter	0
85	28	111	grug_nodes:dirt_with_silver_litter	0
86	28	111	grug_nodes:dirt_with_silver_litter	0
87	28	111	grug_nodes:dirt_with_silver_litter	0
88	28	111	grug_nodes:dirt_with_silver_litter	0
89	28	111	grug_nodes:dirt_with_silver_litter	0
90	28	111	grug_nodes:dirt_with_silver_litter	0
91	28	111	grug_nodes:dirt_with_silver_litter	0
92	28	111	grug_nodes:dirt_with_silver_litter	0
93	28	111	grug_nodes:dirt_with_silver_litter	0
94	28	111	grug_nodes:dirt_with_silver_litter	0
95	28	111	grug_nodes:dirt_with_silver_litter	0
96	28	111	grug_nodes:dirt_with_silver_litter	0
97	28	111	grug_nodes:dirt_with_silver_litter	0
98	28	111	grug_nodes:dirt_with_silver_litter	0
99	28	111	grug_nodes:dirt_with_silver_litter	0
100	28	111	grug_nodes:dirt_with_silver_litter	0
101	28	111	grug_nodes:dirt_with_silver_litter	0
102	28	111	grug_nodes:dirt_with_silver_litter	0
103	28	111	grug_nodes:dirt_with_silver_litter	0
104	28	111	grug_nodes:dirt_with_silver_litter	0
105	28	111	grug_nodes:dirt_with_silver_litter	0
106	28	111	grug_nodes:dirt_with_silver_litter	0
107	28	111	grug_nodes:dirt_with_silver_litter	0
108	28	111	grug_nodes:dirt_with_silver_litter	0
109	28	111	grug_nodes:dirt_with_silver_litter	0
110	28	111	default:dirt	0
111	28	111	default:dirt	0
112	28	111	default:dirt	0
113	28	111	default:dirt	0
114	28	111	default:dirt	0
115	28	111	default:dirt	0
116	28	111	default:dirt	0
117	28	111	default:dirt	0
118	28	111	default:dirt	0
72	29	111	default:river_water_source	0
73	29	111	default:river_water_source	0
74	29	111	default:river_water_source	0
75	29	111	default:river_water_source	0
76	29	111	default:river_water_source	0
77	29	111	default:river_water_source	0
78	29	111	default:river_water_source	0
79	29	111	default:river_water_source	0
80	29	111	default:river_water_source	0
81	29	111	default:river_water_source	0
82	29	111	default:river_water_source	0
83	29	111	default:river_water_source	0
84	29	111	default:river_water_source	0
85	29	111	default:river_water_source	0
86	29	111	default:river_water_source	0
87	29	111	default:river_water_source	0
88	29	111	default:river_water_source	0
89	29	111	default:river_water_source	0
90	29	111	default:river_water_source	0
91	29	111	default:river_water_source	0
92	29	111	default:river_water_source	0
93	29	111	default:river_water_source	0
94	29	111	default:river_water_source	0
95	29	111	default:river_water_source	0
96	29	111	default:river_water_source	0
97	29	111	default:river_water_source	0
98	29	111	default:river_water_source	0
99	29	111	default:river_water_source	0
100	29	111	default:river_water_source	0
101	29	111	default:river_water_source	0
102	29	111	default:river_water_source	0
103	29	111	default:river_water_source	0
104	29	111	default:river_water_source	0
105	29	111	default:river_water_source	0
106	29	111	default:river_water_source	0
107	29	111	default:river_water_source	0
108	29	111	default:river_water_source	0
109	29	111	default:river_water_source	0
110	29	111	grug_nodes:dirt_with_silver_litter	0
111	29	111	grug_nodes:dirt_with_silver_litter	0
112	29	111	grug_nodes:dirt_with_silver_litter	0
113	29	111	grug_nodes:dirt_with_silver_litter	0
114	29	111	grug_nodes:dirt_with_silver_litter	0
115	29	111	grug_nodes:dirt_with_silver_litter	0
116	29	111	grug_nodes:dirt_with_silver_litter	0
117	29	111	grug_nodes:dirt_with_silver_litter	0
118	29	111	grug_nodes:dirt_with_silver_litter	0
72	30	111	default:river_water_source	0
73	30	111	default:river_water_source	0
74	30	111	default:river_water_source	0
75	30	111	default:river_water_source	0
76	30	111	default:river_water_source	0
77	30	111	default:river_water_source	0
78	30	111	default:river_water_source	0
79	30	111	default:river_water_source	0
80	30	111	default:river_water_source	0
81	30	111	default:river_water_source	0
82	30	111	default:river_water_source	0
83	30	111	default:river_water_source	0
84	30	111	default:river_water_source	0
85	30	111	default:river_water_source	0
86	30	111	default:river_water_source	0
87	30	111	default:river_water_source	0
88	30	111	default:river_water_source	0
89	30	111	default:river_water_source	0
90	30	111	default:river_water_source	0
91	30	111	default:river_water_source	0
92	30	111	default:river_water_source	0
93	30	111	default:river_water_source	0
94	30	111	default:river_water_source	0
95	30	111	default:river_water_source	0
96	30	111	default:river_water_source	0
97	30	111	default:river_water_source	0
98	30	111	default:river_water_source	0
99	30	111	default:river_water_source	0
100	30	111	default:river_water_source	0
101	30	111	default:river_water_source	0
102	30	111	default:river_water_source	0
103	30	111	default:river_water_source	0
104	30	111	default:river_water_source	0
105	30	111	default:river_water_source	0
106	30	111	default:river_water_source	0
107	30	111	default:river_water_source	0
108	30	111	default:river_water_source	0
109	30	111	default:river_water_source	0
110	30	111	default:river_water_source	0
111	30	111	default:river_water_source	0
112	30	111	default:river_water_source	0
113	30	111	default:river_water_source	0
114	30	111	default:river_water_source	0
115	30	111	default:river_water_source	0
116	30	111	default:river_water_source	0
117	30	111	default:river_water_source	0
118	30	111	default:river_water_source	0
72	31	111	default:river_water_source	0
73	31	111	default:river_water_source	0
74	31	111	default:river_water_source	0
75	31	111	default:river_water_source	0
76	31	111	default:river_water_source	0
77	31	111	default:river_water_source	0
78	31	111	default:river_water_source	0
79	31	111	default:river_water_source	0
80	31	111	default:river_water_source	0
81	31	111	default:river_water_source	0
82	31	111	default:river_water_source	0
83	31	111	default:river_water_source	0
84	31	111	default:river_water_source	0
85	31	111	default:river_water_source	0
86	31	111	default:river_water_source	0
87	31	111	default:river_water_source	0
88	31	111	default:river_water_source	0
89	31	111	default:river_water_source	0
90	31	111	default:river_water_source	0
91	31	111	default:river_water_source	0
92	31	111	default:river_water_source	0
93	31	111	default:river_water_source	0
94	31	111	default:river_water_source	0
95	31	111	default:river_water_source	0
96	31	111	default:river_water_source	0
97	31	111	default:river_water_source	0
98	31	111	default:river_water_source	0
99	31	111	default:river_water_source	0
100	31	111	default:river_water_source	0
101	31	111	default:river_water_source	0
102	31	111	default:river_water_source	0
103	31	111	default:river_water_source	0
104	31	111	default:river_water_source	0
105	31	111	default:river_water_source	0
106	31	111	default:river_water_source	0
107	31	111	default:river_water_source	0
108	31	111	default:river_water_source	0
109	31	111	default:river_water_source	0
110	31	111	default:river_water_source	0
111	31	111	default:river_water_source	0
112	31	111	default:river_water_source	0
113	31	111	default:river_water_source	0
114	31	111	default:river_water_source	0
115	31	111	default:river_water_source	0
116	31	111	default:river_water_source	0
117	31	111	default:river_water_source	0
118	31	111	default:river_water_source	0
72	32	111	default:river_water_source	0
73	32	111	default:river_water_source	0
74	32	111	default:river_water_source	0
75	32	111	default:river_water_source	0
76	32	111	default:river_water_source	0
77	32	111	default:river_water_source	0
78	32	111	default:river_water_source	0
79	32	111	default:river_water_source	0
80	32	111	default:river_water_source	0
81	32	111	default:river_water_source	0
82	32	111	default:river_water_source	0
83	32	111	default:river_water_source	0
84	32	111	default:river_water_source	0
85	32	111	default:river_water_source	0
86	32	111	default:river_water_source	0
87	32	111	default:river_water_source	0
88	32	111	default:river_water_source	0
89	32	111	default:river_water_source	0
90	32	111	default:river_water_source	0
91	32	111	default:river_water_source	0
92	32	111	default:river_water_source	0
93	32	111	default:river_water_source	0
94	32	111	default:river_water_source	0
95	32	111	default:river_water_source	0
96	32	111	default:river_water_source	0
97	32	111	default:river_water_source	0
98	32	111	default:river_water_source	0
99	32	111	default:river_water_source	0
100	32	111	default:river_water_source	0
101	32	111	default:river_water_source	0
102	32	111	default:river_water_source	0
103	32	111	default:river_water_source	0
104	32	111	default:river_water_source	0
105	32	111	default:river_water_source	0
106	32	111	default:river_water_source	0
107	32	111	default:river_water_source	0
108	32	111	default:river_water_source	0
109	32	111	default:river_water_source	0
110	32	111	default:river_water_source	0
111	32	111	default:river_water_source	0
112	32	111	default:river_water_source	0
113	32	111	default:river_water_source	0
114	32	111	default:river_water_source	0
115	32	111	default:river_water_source	0
116	32	111	default:river_water_source	0
117	32	111	default:river_water_source	0
118	32	111	default:river_water_source	0
72	33	111	default:river_water_source	0
73	33	111	default:river_water_source	0
74	33	111	default:river_water_source	0
75	33	111	default:river_water_source	0
76	33	111	default:river_water_source	0
77	33	111	default:river_water_source	0
78	33	111	default:river_water_source	0
79	33	111	default:river_water_source	0
80	33	111	default:river_water_source	0
81	33	111	default:river_water_source	0
82	33	111	default:river_water_source	0
83	33	111	default:river_water_source	0
84	33	111	default:river_water_source	0
85	33	111	default:river_water_source	0
86	33	111	default:river_water_source	0
87	33	111	default:river_water_source	0
88	33	111	default:river_water_source	0
89	33	111	default:river_water_source	0
90	33	111	default:river_water_source	0
91	33	111	default:river_water_source	0
92	33	111	default:river_water_source	0
93	33	111	default:river_water_source	0
94	33	111	default:river_water_source	0
95	33	111	default:river_water_source	0
96	33	111	default:river_water_source	0
97	33	111	default:river_water_source	0
98	33	111	default:river_water_source	0
99	33	111	default:river_water_source	0
100	33	111	default:river_water_source	0
101	33	111	default:river_water_source	0
102	33	111	default:river_water_source	0
103	33	111	default:river_water_source	0
104	33	111	default:river_water_source	0
105	33	111	default:river_water_source	0
106	33	111	default:river_water_source	0
107	33	111	default:river_water_source	0
108	33	111	default:river_water_source	0
109	33	111	default:river_water_source	0
110	33	111	default:river_water_source	0
111	33	111	default:river_water_source	0
112	33	111	default:river_water_source	0
113	33	111	default:river_water_source	0
114	33	111	default:river_water_source	0
115	33	111	default:river_water_source	0
116	33	111	default:river_water_source	0
117	33	111	default:river_water_source	0
118	33	111	default:river_water_source	0
72	34	111	default:river_water_source	0
73	34	111	default:river_water_source	0
74	34	111	default:river_water_source	0
75	34	111	default:river_water_source	0
76	34	111	default:river_water_source	0
77	34	111	default:river_water_source	0
78	34	111	default:river_water_source	0
79	34	111	default:river_water_source	0
80	34	111	default:river_water_source	0
81	34	111	default:river_water_source	0
82	34	111	default:river_water_source	0
83	34	111	default:river_water_source	0
84	34	111	default:river_water_source	0
85	34	111	default:river_water_source	0
86	34	111	default:river_water_source	0
87	34	111	default:river_water_source	0
88	34	111	default:river_water_source	0
89	34	111	default:river_water_source	0
90	34	111	default:river_water_source	0
91	34	111	default:river_water_source	0
92	34	111	default:river_water_source	0
93	34	111	default:river_water_source	0
94	34	111	default:river_water_source	0
95	34	111	default:river_water_source	0
96	34	111	default:river_water_source	0
97	34	111	default:river_water_source	0
98	34	111	default:river_water_source	0
99	34	111	default:river_water_source	0
100	34	111	default:river_water_source	0
101	34	111	default:river_water_source	0
102	34	111	default:river_water_source	0
103	34	111	default:river_water_source	0
104	34	111	default:river_water_source	0
105	34	111	default:river_water_source	0
106	34	111	default:river_water_source	0
107	34	111	default:river_water_source	0
108	34	111	default:river_water_source	0
109	34	111	default:river_water_source	0
110	34	111	default:river_water_source	0
111	34	111	default:river_water_source	0
112	34	111	default:river_water_source	0
113	34	111	default:river_water_source	0
114	34	111	default:river_water_source	0
115	34	111	default:river_water_source	0
116	34	111	default:river_water_source	0
117	34	111	default:river_water_source	0
118	34	111	default:river_water_source	0
72	35	111	default:river_water_source	0
73	35	111	default:river_water_source	0
74	35	111	default:river_water_source	0
75	35	111	default:river_water_source	0
76	35	111	default:river_water_source	0
77	35	111	default:river_water_source	0
78	35	111	default:river_water_source	0
79	35	111	default:river_water_source	0
80	35	111	default:river_water_source	0
81	35	111	default:river_water_source	0
82	35	111	default:river_water_source	0
83	35	111	default:river_water_source	0
84	35	111	default:river_water_source	0
85	35	111	default:river_water_source	0
86	35	111	default:river_water_source	0
87	35	111	default:river_water_source	0
88	35	111	default:river_water_source	0
89	35	111	default:river_water_source	0
90	35	111	default:river_water_source	0
91	35	111	default:river_water_source	0
92	35	111	default:river_water_source	0
93	35	111	default:river_water_source	0
94	35	111	default:river_water_source	0
95	35	111	default:river_water_source	0
96	35	111	default:river_water_source	0
97	35	111	default:river_water_source	0
98	35	111	default:river_water_source	0
99	35	111	default:river_water_source	0
100	35	111	default:river_water_source	0
101	35	111	default:river_water_source	0
102	35	111	default:river_water_source	0
103	35	111	default:river_water_source	0
104	35	111	default:river_water_source	0
105	35	111	default:river_water_source	0
106	35	111	default:river_water_source	0
107	35	111	default:river_water_source	0
108	35	111	default:river_water_source	0
109	35	111	default:river_water_source	0
110	35	111	default:river_water_source	0
111	35	111	default:river_water_source	0
112	35	111	default:river_water_source	0
113	35	111	default:river_water_source	0
114	35	111	default:river_water_source	0
115	35	111	default:river_water_source	0
116	35	111	default:river_water_source	0
117	35	111	default:river_water_source	0
118	35	111	default:river_water_source	0
72	25	112	default:dirt	0
73	25	112	default:dirt	0
74	25	112	default:dirt	0
75	25	112	default:dirt	0
76	25	112	default:dirt	0
77	25	112	default:dirt	0
78	25	112	default:dirt	0
79	25	112	default:dirt	0
80	25	112	default:dirt	0
81	25	112	default:dirt	0
82	25	112	default:dirt	0
83	25	112	default:dirt	0
84	25	112	default:dirt	0
85	25	112	default:dirt	0
86	25	112	default:dirt	0
87	25	112	default:dirt	0
88	25	112	default:dirt	0
89	25	112	default:dirt	0
90	25	112	default:dirt	0
91	25	112	default:dirt	0
92	25	112	default:dirt	0
93	25	112	default:dirt	0
94	25	112	default:dirt	0
95	25	112	default:dirt	0
96	25	112	default:dirt	0
97	25	112	default:dirt	0
98	25	112	default:dirt	0
99	25	112	default:dirt	0
100	25	112	default:dirt	0
101	25	112	default:dirt	0
102	25	112	default:dirt	0
103	25	112	default:dirt	0
104	25	112	default:dirt	0
105	25	112	default:dirt	0
106	25	112	default:dirt	0
107	25	112	default:dirt	0
72	26	112	default:dirt	0
73	26	112	default:dirt	0
74	26	112	default:dirt	0
75	26	112	default:dirt	0
76	26	112	default:dirt	0
77	26	112	default:dirt	0
78	26	112	default:dirt	0
79	26	112	default:dirt	0
80	26	112	default:dirt	0
81	26	112	default:dirt	0
82	26	112	default:dirt	0
83	26	112	default:dirt	0
84	26	112	default:dirt	0
85	26	112	default:dirt	0
86	26	112	default:dirt	0
87	26	112	default:dirt	0
88	26	112	default:dirt	0
89	26	112	default:dirt	0
90	26	112	default:dirt	0
91	26	112	default:dirt	0
92	26	112	default:dirt	0
93	26	112	default:dirt	0
94	26	112	default:dirt	0
95	26	112	default:dirt	0
96	26	112	default:dirt	0
97	26	112	default:dirt	0
98	26	112	default:dirt	0
99	26	112	default:dirt	0
100	26	112	default:dirt	0
101	26	112	default:dirt	0
102	26	112	default:dirt	0
103	26	112	default:dirt	0
104	26	112	default:dirt	0
105	26	112	default:dirt	0
106	26	112	default:dirt	0
107	26	112	default:dirt	0
108	26	112	default:dirt	0
109	26	112	default:dirt	0
110	26	112	default:dirt	0
111	26	112	default:dirt	0
112	26	112	default:dirt	0
113	26	112	default:dirt	0
114	26	112	default:dirt	0
115	26	112	default:dirt	0
116	26	112	default:dirt	0
117	26	112	default:dirt	0
118	26	112	default:dirt	0
72	27	112	default:dirt	0
73	27	112	default:dirt	0
74	27	112	default:dirt	0
75	27	112	default:dirt	0
76	27	112	default:dirt	0
77	27	112	default:dirt	0
78	27	112	default:dirt	0
79	27	112	default:dirt	0
80	27	112	default:dirt	0
81	27	112	default:dirt	0
82	27	112	default:dirt	0
83	27	112	default:dirt	0
84	27	112	default:dirt	0
85	27	112	default:dirt	0
86	27	112	default:dirt	0
87	27	112	default:dirt	0
88	27	112	default:dirt	0
89	27	112	default:dirt	0
90	27	112	default:dirt	0
91	27	112	default:dirt	0
92	27	112	default:dirt	0
93	27	112	default:dirt	0
94	27	112	default:dirt	0
95	27	112	default:dirt	0
96	27	112	default:dirt	0
97	27	112	default:dirt	0
98	27	112	default:dirt	0
99	27	112	default:dirt	0
100	27	112	default:dirt	0
101	27	112	default:dirt	0
102	27	112	default:dirt	0
103	27	112	default:dirt	0
104	27	112	default:dirt	0
105	27	112	default:dirt	0
106	27	112	default:dirt	0
107	27	112	default:dirt	0
108	27	112	default:dirt	0
109	27	112	default:dirt	0
110	27	112	default:dirt	0
111	27	112	default:dirt	0
112	27	112	default:dirt	0
113	27	112	default:dirt	0
114	27	112	default:dirt	0
115	27	112	default:dirt	0
116	27	112	default:dirt	0
117	27	112	default:dirt	0
118	27	112	default:dirt	0
72	28	112	grug_nodes:dirt_with_silver_litter	0
73	28	112	grug_nodes:dirt_with_silver_litter	0
74	28	112	grug_nodes:dirt_with_silver_litter	0
75	28	112	grug_nodes:dirt_with_silver_litter	0
76	28	112	grug_nodes:dirt_with_silver_litter	0
77	28	112	grug_nodes:dirt_with_silver_litter	0
78	28	112	grug_nodes:dirt_with_silver_litter	0
79	28	112	grug_nodes:dirt_with_silver_litter	0
80	28	112	grug_nodes:dirt_with_silver_litter	0
81	28	112	grug_nodes:dirt_with_silver_litter	0
82	28	112	grug_nodes:dirt_with_silver_litter	0
83	28	112	grug_nodes:dirt_with_silver_litter	0
84	28	112	grug_nodes:dirt_with_silver_litter	0
85	28	112	grug_nodes:dirt_with_silver_litter	0
86	28	112	grug_nodes:dirt_with_silver_litter	0
87	28	112	grug_nodes:dirt_with_silver_litter	0
88	28	112	grug_nodes:dirt_with_silver_litter	0
89	28	112	grug_nodes:dirt_with_silver_litter	0
90	28	112	grug_nodes:dirt_with_silver_litter	0
91	28	112	grug_nodes:dirt_with_silver_litter	0
92	28	112	grug_nodes:dirt_with_silver_litter	0
93	28	112	grug_nodes:dirt_with_silver_litter	0
94	28	112	grug_nodes:dirt_with_silver_litter	0
95	28	112	grug_nodes:dirt_with_silver_litter	0
96	28	112	grug_nodes:dirt_with_silver_litter	0
97	28	112	grug_nodes:dirt_with_silver_litter	0
98	28	112	grug_nodes:dirt_with_silver_litter	0
99	28	112	grug_nodes:dirt_with_silver_litter	0
100	28	112	grug_nodes:dirt_with_silver_litter	0
101	28	112	grug_nodes:dirt_with_silver_litter	0
102	28	112	grug_nodes:dirt_with_silver_litter	0
103	28	112	grug_nodes:dirt_with_silver_litter	0
104	28	112	grug_nodes:dirt_with_silver_litter	0
105	28	112	grug_nodes:dirt_with_silver_litter	0
106	28	112	grug_nodes:dirt_with_silver_litter	0
107	28	112	grug_nodes:dirt_with_silver_litter	0
108	28	112	default:dirt	0
109	28	112	default:dirt	0
110	28	112	default:dirt	0
111	28	112	default:dirt	0
112	28	112	default:dirt	0
113	28	112	default:dirt	0
114	28	112	default:dirt	0
115	28	112	default:dirt	0
116	28	112	default:dirt	0
117	28	112	default:dirt	0
118	28	112	default:dirt	0
72	29	112	default:river_water_source	0
73	29	112	default:river_water_source	0
74	29	112	default:river_water_source	0
75	29	112	default:river_water_source	0
76	29	112	default:river_water_source	0
77	29	112	default:river_water_source	0
78	29	112	default:river_water_source	0
79	29	112	default:river_water_source	0
80	29	112	default:river_water_source	0
81	29	112	default:river_water_source	0
82	29	112	default:river_water_source	0
83	29	112	default:river_water_source	0
84	29	112	default:river_water_source	0
85	29	112	default:river_water_source	0
86	29	112	default:river_water_source	0
87	29	112	default:river_water_source	0
88	29	112	default:river_water_source	0
89	29	112	default:river_water_source	0
90	29	112	default:river_water_source	0
91	29	112	default:river_water_source	0
92	29	112	default:river_water_source	0
93	29	112	default:river_water_source	0
94	29	112	default:river_water_source	0
95	29	112	default:river_water_source	0
96	29	112	default:river_water_source	0
97	29	112	default:river_water_source	0
98	29	112	default:river_water_source	0
99	29	112	default:river_water_source	0
100	29	112	default:river_water_source	0
101	29	112	default:river_water_source	0
102	29	112	default:river_water_source	0
103	29	112	default:river_water_source	0
104	29	112	default:river_water_source	0
105	29	112	default:river_water_source	0
106	29	112	default:river_water_source	0
107	29	112	default:river_water_source	0
108	29	112	grug_nodes:dirt_with_silver_litter	0
109	29	112	grug_nodes:dirt_with_silver_litter	0
110	29	112	grug_nodes:dirt_with_silver_litter	0
111	29	112	grug_nodes:dirt_with_silver_litter	0
112	29	112	grug_nodes:dirt_with_silver_litter	0
113	29	112	grug_nodes:dirt_with_silver_litter	0
114	29	112	grug_nodes:dirt_with_silver_litter	0
115	29	112	grug_nodes:dirt_with_silver_litter	0
116	29	112	grug_nodes:dirt_with_silver_litter	0
117	29	112	grug_nodes:dirt_with_silver_litter	0
118	29	112	grug_nodes:dirt_with_silver_litter	0
72	30	112	default:river_water_source	0
73	30	112	default:river_water_source	0
74	30	112	default:river_water_source	0
75	30	112	default:river_water_source	0
76	30	112	default:river_water_source	0
77	30	112	default:river_water_source	0
78	30	112	default:river_water_source	0
79	30	112	default:river_water_source	0
80	30	112	default:river_water_source	0
81	30	112	default:river_water_source	0
82	30	112	default:river_water_source	0
83	30	112	default:river_water_source	0
84	30	112	default:river_water_source	0
85	30	112	default:river_water_source	0
86	30	112	default:river_water_source	0
87	30	112	default:river_water_source	0
88	30	112	default:river_water_source	0
89	30	112	default:river_water_source	0
90	30	112	default:river_water_source	0
91	30	112	default:river_water_source	0
92	30	112	default:river_water_source	0
93	30	112	default:river_water_source	0
94	30	112	default:river_water_source	0
95	30	112	default:river_water_source	0
96	30	112	default:river_water_source	0
97	30	112	default:river_water_source	0
98	30	112	default:river_water_source	0
99	30	112	default:river_water_source	0
100	30	112	default:river_water_source	0
101	30	112	default:river_water_source	0
102	30	112	default:river_water_source	0
103	30	112	default:river_water_source	0
104	30	112	default:river_water_source	0
105	30	112	default:river_water_source	0
106	30	112	default:river_water_source	0
107	30	112	default:river_water_source	0
108	30	112	default:river_water_source	0
109	30	112	default:river_water_source	0
110	30	112	default:river_water_source	0
111	30	112	default:river_water_source	0
112	30	112	default:river_water_source	0
113	30	112	default:river_water_source	0
114	30	112	default:river_water_source	0
115	30	112	default:river_water_source	0
116	30	112	default:river_water_source	0
117	30	112	default:river_water_source	0
118	30	112	default:river_water_source	0
72	31	112	default:river_water_source	0
73	31	112	default:river_water_source	0
74	31	112	default:river_water_source	0
75	31	112	default:river_water_source	0
76	31	112	default:river_water_source	0
77	31	112	default:river_water_source	0
78	31	112	default:river_water_source	0
79	31	112	default:river_water_source	0
80	31	112	default:river_water_source	0
81	31	112	default:river_water_source	0
82	31	112	default:river_water_source	0
83	31	112	default:river_water_source	0
84	31	112	default:river_water_source	0
85	31	112	default:river_water_source	0
86	31	112	default:river_water_source	0
87	31	112	default:river_water_source	0
88	31	112	default:river_water_source	0
89	31	112	default:river_water_source	0
90	31	112	default:river_water_source	0
91	31	112	default:river_water_source	0
92	31	112	default:river_water_source	0
93	31	112	default:river_water_source	0
94	31	112	default:river_water_source	0
95	31	112	default:river_water_source	0
96	31	112	default:river_water_source	0
97	31	112	default:river_water_source	0
98	31	112	default:river_water_source	0
99	31	112	default:river_water_source	0
100	31	112	default:river_water_source	0
101	31	112	default:river_water_source	0
102	31	112	default:river_water_source	0
103	31	112	default:river_water_source	0
104	31	112	default:river_water_source	0
105	31	112	default:river_water_source	0
106	31	112	default:river_water_source	0
107	31	112	default:river_water_source	0
108	31	112	default:river_water_source	0
109	31	112	default:river_water_source	0
110	31	112	default:river_water_source	0
111	31	112	default:river_water_source	0
112	31	112	default:river_water_source	0
113	31	112	default:river_water_source	0
114	31	112	default:river_water_source	0
115	31	112	default:river_water_source	0
116	31	112	default:river_water_source	0
117	31	112	default:river_water_source	0
118	31	112	default:river_water_source	0
72	32	112	default:river_water_source	0
73	32	112	default:river_water_source	0
74	32	112	default:river_water_source	0
75	32	112	default:river_water_source	0
76	32	112	default:river_water_source	0
77	32	112	default:river_water_source	0
78	32	112	default:river_water_source	0
79	32	112	default:river_water_source	0
80	32	112	default:river_water_source	0
81	32	112	default:river_water_source	0
82	32	112	default:river_water_source	0
83	32	112	default:river_water_source	0
84	32	112	default:river_water_source	0
85	32	112	default:river_water_source	0
86	32	112	default:river_water_source	0
87	32	112	default:river_water_source	0
88	32	112	default:river_water_source	0
89	32	112	default:river_water_source	0
90	32	112	default:river_water_source	0
91	32	112	default:river_water_source	0
92	32	112	default:river_water_source	0
93	32	112	default:river_water_source	0
94	32	112	default:river_water_source	0
95	32	112	default:river_water_source	0
96	32	112	default:river_water_source	0
97	32	112	default:river_water_source	0
98	32	112	default:river_water_source	0
99	32	112	default:river_water_source	0
100	32	112	default:river_water_source	0
101	32	112	default:river_water_source	0
102	32	112	default:river_water_source	0
103	32	112	default:river_water_source	0
104	32	112	default:river_water_source	0
105	32	112	default:river_water_source	0
106	32	112	default:river_water_source	0
107	32	112	default:river_water_source	0
108	32	112	default:river_water_source	0
109	32	112	default:river_water_source	0
110	32	112	default:river_water_source	0
111	32	112	default:river_water_source	0
112	32	112	default:river_water_source	0
113	32	112	default:river_water_source	0
114	32	112	default:river_water_source	0
115	32	112	default:river_water_source	0
116	32	112	default:river_water_source	0
117	32	112	default:river_water_source	0
118	32	112	default:river_water_source	0
72	33	112	default:river_water_source	0
73	33	112	default:river_water_source	0
74	33	112	default:river_water_source	0
75	33	112	default:river_water_source	0
76	33	112	default:river_water_source	0
77	33	112	default:river_water_source	0
78	33	112	default:river_water_source	0
79	33	112	default:river_water_source	0
80	33	112	default:river_water_source	0
81	33	112	default:river_water_source	0
82	33	112	default:river_water_source	0
83	33	112	default:river_water_source	0
84	33	112	default:river_water_source	0
85	33	112	default:river_water_source	0
86	33	112	default:river_water_source	0
87	33	112	default:river_water_source	0
88	33	112	default:river_water_source	0
89	33	112	default:river_water_source	0
90	33	112	default:river_water_source	0
91	33	112	default:river_water_source	0
92	33	112	default:river_water_source	0
93	33	112	default:river_water_source	0
94	33	112	default:river_water_source	0
95	33	112	default:river_water_source	0
96	33	112	default:river_water_source	0
97	33	112	default:river_water_source	0
98	33	112	default:river_water_source	0
99	33	112	default:river_water_source	0
100	33	112	default:river_water_source	0
101	33	112	default:river_water_source	0
102	33	112	default:river_water_source	0
103	33	112	default:river_water_source	0
104	33	112	default:river_water_source	0
105	33	112	default:river_water_source	0
106	33	112	default:river_water_source	0
107	33	112	default:river_water_source	0
108	33	112	default:river_water_source	0
109	33	112	default:river_water_source	0
110	33	112	default:river_water_source	0
111	33	112	default:river_water_source	0
112	33	112	default:river_water_source	0
113	33	112	default:river_water_source	0
114	33	112	default:river_water_source	0
115	33	112	default:river_water_source	0
116	33	112	default:river_water_source	0
117	33	112	default:river_water_source	0
118	33	112	default:river_water_source	0
72	34	112	default:river_water_source	0
73	34	112	default:river_water_source	0
74	34	112	default:river_water_source	0
75	34	112	default:river_water_source	0
76	34	112	default:river_water_source	0
77	34	112	default:river_water_source	0
78	34	112	default:river_water_source	0
79	34	112	default:river_water_source	0
80	34	112	default:river_water_source	0
81	34	112	default:river_water_source	0
82	34	112	default:river_water_source	0
83	34	112	default:river_water_source	0
84	34	112	default:river_water_source	0
85	34	112	default:river_water_source	0
86	34	112	default:river_water_source	0
87	34	112	default:river_water_source	0
88	34	112	default:river_water_source	0
89	34	112	default:river_water_source	0
90	34	112	default:river_water_source	0
91	34	112	default:river_water_source	0
92	34	112	default:river_water_source	0
93	34	112	default:river_water_source	0
94	34	112	default:river_water_source	0
95	34	112	default:river_water_source	0
96	34	112	default:river_water_source	0
97	34	112	default:river_water_source	0
98	34	112	default:river_water_source	0
99	34	112	default:river_water_source	0
100	34	112	default:river_water_source	0
101	34	112	default:river_water_source	0
102	34	112	default:river_water_source	0
103	34	112	default:river_water_source	0
104	34	112	default:river_water_source	0
105	34	112	default:river_water_source	0
106	34	112	default:river_water_source	0
107	34	112	default:river_water_source	0
108	34	112	default:river_water_source	0
109	34	112	default:river_water_source	0
110	34	112	default:river_water_source	0
111	34	112	default:river_water_source	0
112	34	112	default:river_water_source	0
113	34	112	default:river_water_source	0
114	34	112	default:river_water_source	0
115	34	112	default:river_water_source	0
116	34	112	default:river_water_source	0
117	34	112	default:river_water_source	0
118	34	112	default:river_water_source	0
72	35	112	default:river_water_source	0
73	35	112	default:river_water_source	0
74	35	112	default:river_water_source	0
75	35	112	default:river_water_source	0
76	35	112	default:river_water_source	0
77	35	112	default:river_water_source	0
78	35	112	default:river_water_source	0
79	35	112	default:river_water_source	0
80	35	112	default:river_water_source	0
81	35	112	default:river_water_source	0
82	35	112	default:river_water_source	0
83	35	112	default:river_water_source	0
84	35	112	default:river_water_source	0
85	35	112	default:river_water_source	0
86	35	112	default:river_water_source	0
87	35	112	default:river_water_source	0
88	35	112	default:river_water_source	0
89	35	112	default:river_water_source	0
90	35	112	default:river_water_source	0
91	35	112	default:river_water_source	0
92	35	112	default:river_water_source	0
93	35	112	default:river_water_source	0
94	35	112	default:river_water_source	0
95	35	112	default:river_water_source	0
96	35	112	default:river_water_source	0
97	35	112	default:river_water_source	0
98	35	112	default:river_water_source	0
99	35	112	default:river_water_source	0
100	35	112	default:river_water_source	0
101	35	112	default:river_water_source	0
102	35	112	default:river_water_source	0
103	35	112	default:river_water_source	0
104	35	112	default:river_water_source	0
105	35	112	default:river_water_source	0
106	35	112	default:river_water_source	0
107	35	112	default:river_water_source	0
108	35	112	default:river_water_source	0
109	35	112	default:river_water_source	0
110	35	112	default:river_water_source	0
111	35	112	default:river_water_source	0
112	35	112	default:river_water_source	0
113	35	112	default:river_water_source	0
114	35	112	default:river_water_source	0
115	35	112	default:river_water_source	0
116	35	112	default:river_water_source	0
117	35	112	default:river_water_source	0
118	35	112	default:river_water_source	0
72	25	113	default:dirt	0
73	25	113	default:dirt	0
74	25	113	default:dirt	0
75	25	113	default:dirt	0
76	25	113	default:dirt	0
77	25	113	default:dirt	0
78	25	113	default:dirt	0
79	25	113	default:dirt	0
80	25	113	default:dirt	0
81	25	113	default:dirt	0
82	25	113	default:dirt	0
83	25	113	default:dirt	0
84	25	113	default:dirt	0
85	25	113	default:dirt	0
86	25	113	default:dirt	0
87	25	113	default:dirt	0
88	25	113	default:dirt	0
89	25	113	default:dirt	0
90	25	113	default:dirt	0
91	25	113	default:dirt	0
92	25	113	default:dirt	0
93	25	113	default:dirt	0
94	25	113	default:dirt	0
95	25	113	default:dirt	0
96	25	113	default:dirt	0
97	25	113	default:dirt	0
98	25	113	default:dirt	0
99	25	113	default:dirt	0
100	25	113	default:dirt	0
101	25	113	default:dirt	0
102	25	113	default:dirt	0
103	25	113	default:dirt	0
104	25	113	default:dirt	0
105	25	113	default:dirt	0
106	25	113	default:dirt	0
72	26	113	default:dirt	0
73	26	113	default:dirt	0
74	26	113	default:dirt	0
75	26	113	default:dirt	0
76	26	113	default:dirt	0
77	26	113	default:dirt	0
78	26	113	default:dirt	0
79	26	113	default:dirt	0
80	26	113	default:dirt	0
81	26	113	default:dirt	0
82	26	113	default:dirt	0
83	26	113	default:dirt	0
84	26	113	default:dirt	0
85	26	113	default:dirt	0
86	26	113	default:dirt	0
87	26	113	default:dirt	0
88	26	113	default:dirt	0
89	26	113	default:dirt	0
90	26	113	default:dirt	0
91	26	113	default:dirt	0
92	26	113	default:dirt	0
93	26	113	default:dirt	0
94	26	113	default:dirt	0
95	26	113	default:dirt	0
96	26	113	default:dirt	0
97	26	113	default:dirt	0
98	26	113	default:dirt	0
99	26	113	default:dirt	0
100	26	113	default:dirt	0
101	26	113	default:dirt	0
102	26	113	default:dirt	0
103	26	113	default:dirt	0
104	26	113	default:dirt	0
105	26	113	default:dirt	0
106	26	113	default:dirt	0
107	26	113	default:dirt	0
108	26	113	default:dirt	0
109	26	113	default:dirt	0
110	26	113	default:dirt	0
111	26	113	default:dirt	0
112	26	113	default:dirt	0
113	26	113	default:dirt	0
114	26	113	default:dirt	0
115	26	113	default:dirt	0
116	26	113	default:dirt	0
117	26	113	default:dirt	0
118	26	113	default:dirt	0
72	27	113	default:dirt	0
73	27	113	default:dirt	0
74	27	113	default:dirt	0
75	27	113	default:dirt	0
76	27	113	default:dirt	0
77	27	113	default:dirt	0
78	27	113	default:dirt	0
79	27	113	default:dirt	0
80	27	113	default:dirt	0
81	27	113	default:dirt	0
82	27	113	default:dirt	0
83	27	113	default:dirt	0
84	27	113	default:dirt	0
85	27	113	default:dirt	0
86	27	113	default:dirt	0
87	27	113	default:dirt	0
88	27	113	default:dirt	0
89	27	113	default:dirt	0
90	27	113	default:dirt	0
91	27	113	default:dirt	0
92	27	113	default:dirt	0
93	27	113	default:dirt	0
94	27	113	default:dirt	0
95	27	113	default:dirt	0
96	27	113	default:dirt	0
97	27	113	default:dirt	0
98	27	113	default:dirt	0
99	27	113	default:dirt	0
100	27	113	default:dirt	0
101	27	113	default:dirt	0
102	27	113	default:dirt	0
103	27	113	default:dirt	0
104	27	113	default:dirt	0
105	27	113	default:dirt	0
106	27	113	default:dirt	0
107	27	113	default:dirt	0
108	27	113	default:dirt	0
109	27	113	default:dirt	0
110	27	113	default:dirt	0
111	27	113	default:dirt	0
112	27	113	default:dirt	0
113	27	113	default:dirt	0
114	27	113	default:dirt	0
115	27	113	default:dirt	0
116	27	113	default:dirt	0
117	27	113	default:dirt	0
118	27	113	default:dirt	0
72	28	113	grug_nodes:dirt_with_silver_litter	0
73	28	113	grug_nodes:dirt_with_silver_litter	0
74	28	113	grug_nodes:dirt_with_silver_litter	0
75	28	113	grug_nodes:dirt_with_silver_litter	0
76	28	113	grug_nodes:dirt_with_silver_litter	0
77	28	113	grug_nodes:dirt_with_silver_litter	0
78	28	113	grug_nodes:dirt_with_silver_litter	0
79	28	113	grug_nodes:dirt_with_silver_litter	0
80	28	113	grug_nodes:dirt_with_silver_litter	0
81	28	113	grug_nodes:dirt_with_silver_litter	0
82	28	113	grug_nodes:dirt_with_silver_litter	0
83	28	113	grug_nodes:dirt_with_silver_litter	0
84	28	113	grug_nodes:dirt_with_silver_litter	0
85	28	113	grug_nodes:dirt_with_silver_litter	0
86	28	113	grug_nodes:dirt_with_silver_litter	0
87	28	113	grug_nodes:dirt_with_silver_litter	0
88	28	113	grug_nodes:dirt_with_silver_litter	0
89	28	113	grug_nodes:dirt_with_silver_litter	0
90	28	113	grug_nodes:dirt_with_silver_litter	0
91	28	113	grug_nodes:dirt_with_silver_litter	0
92	28	113	grug_nodes:dirt_with_silver_litter	0
93	28	113	grug_nodes:dirt_with_silver_litter	0
94	28	113	grug_nodes:dirt_with_silver_litter	0
95	28	113	grug_nodes:dirt_with_silver_litter	0
96	28	113	grug_nodes:dirt_with_silver_litter	0
97	28	113	grug_nodes:dirt_with_silver_litter	0
98	28	113	grug_nodes:dirt_with_silver_litter	0
99	28	113	grug_nodes:dirt_with_silver_litter	0
100	28	113	grug_nodes:dirt_with_silver_litter	0
101	28	113	grug_nodes:dirt_with_silver_litter	0
102	28	113	grug_nodes:dirt_with_silver_litter	0
103	28	113	grug_nodes:dirt_with_silver_litter	0
104	28	113	grug_nodes:dirt_with_silver_litter	0
105	28	113	grug_nodes:dirt_with_silver_litter	0
106	28	113	grug_nodes:dirt_with_silver_litter	0
107	28	113	default:dirt	0
108	28	113	default:dirt	0
109	28	113	default:dirt	0
110	28	113	default:dirt	0
111	28	113	default:dirt	0
112	28	113	default:dirt	0
113	28	113	default:dirt	0
114	28	113	default:dirt	0
115	28	113	default:dirt	0
116	28	113	default:dirt	0
117	28	113	default:dirt	0
118	28	113	default:dirt	0
72	29	113	default:river_water_source	0
73	29	113	default:river_water_source	0
74	29	113	default:river_water_source	0
75	29	113	default:river_water_source	0
76	29	113	default:river_water_source	0
77	29	113	default:river_water_source	0
78	29	113	default:river_water_source	0
79	29	113	default:river_water_source	0
80	29	113	default:river_water_source	0
81	29	113	default:river_water_source	0
82	29	113	default:river_water_source	0
83	29	113	default:river_water_source	0
84	29	113	default:river_water_source	0
85	29	113	default:river_water_source	0
86	29	113	default:river_water_source	0
87	29	113	default:river_water_source	0
88	29	113	default:river_water_source	0
89	29	113	default:river_water_source	0
90	29	113	default:river_water_source	0
91	29	113	default:river_water_source	0
92	29	113	default:river_water_source	0
93	29	113	default:river_water_source	0
94	29	113	default:river_water_source	0
95	29	113	default:river_water_source	0
96	29	113	default:river_water_source	0
97	29	113	default:river_water_source	0
98	29	113	default:river_water_source	0
99	29	113	default:river_water_source	0
100	29	113	default:river_water_source	0
101	29	113	default:river_water_source	0
102	29	113	default:river_water_source	0
103	29	113	default:river_water_source	0
104	29	113	default:river_water_source	0
105	29	113	default:river_water_source	0
106	29	113	default:river_water_source	0
107	29	113	grug_nodes:dirt_with_silver_litter	0
108	29	113	grug_nodes:dirt_with_silver_litter	0
109	29	113	grug_nodes:dirt_with_silver_litter	0
110	29	113	grug_nodes:dirt_with_silver_litter	0
111	29	113	grug_nodes:dirt_with_silver_litter	0
112	29	113	grug_nodes:dirt_with_silver_litter	0
113	29	113	grug_nodes:dirt_with_silver_litter	0
114	29	113	grug_nodes:dirt_with_silver_litter	0
115	29	113	grug_nodes:dirt_with_silver_litter	0
116	29	113	grug_nodes:dirt_with_silver_litter	0
117	29	113	grug_nodes:dirt_with_silver_litter	0
118	29	113	grug_nodes:dirt_with_silver_litter	0
72	30	113	default:river_water_source	0
73	30	113	default:river_water_source	0
74	30	113	default:river_water_source	0
75	30	113	default:river_water_source	0
76	30	113	default:river_water_source	0
77	30	113	default:river_water_source	0
78	30	113	default:river_water_source	0
79	30	113	default:river_water_source	0
80	30	113	default:river_water_source	0
81	30	113	default:river_water_source	0
82	30	113	default:river_water_source	0
83	30	113	default:river_water_source	0
84	30	113	default:river_water_source	0
85	30	113	default:river_water_source	0
86	30	113	default:river_water_source	0
87	30	113	default:river_water_source	0
88	30	113	default:river_water_source	0
89	30	113	default:river_water_source	0
90	30	113	default:river_water_source	0
91	30	113	default:river_water_source	0
92	30	113	default:river_water_source	0
93	30	113	default:river_water_source	0
94	30	113	default:river_water_source	0
95	30	113	default:river_water_source	0
96	30	113	default:river_water_source	0
97	30	113	default:river_water_source	0
98	30	113	default:river_water_source	0
99	30	113	default:river_water_source	0
100	30	113	default:river_water_source	0
101	30	113	default:river_water_source	0
102	30	113	default:river_water_source	0
103	30	113	default:river_water_source	0
104	30	113	default:river_water_source	0
105	30	113	default:river_water_source	0
106	30	113	default:river_water_source	0
107	30	113	default:river_water_source	0
108	30	113	default:river_water_source	0
109	30	113	default:river_water_source	0
110	30	113	default:river_water_source	0
111	30	113	default:river_water_source	0
112	30	113	default:river_water_source	0
113	30	113	default:river_water_source	0
114	30	113	default:river_water_source	0
115	30	113	default:river_water_source	0
116	30	113	default:river_water_source	0
117	30	113	default:river_water_source	0
118	30	113	default:river_water_source	0
72	31	113	default:river_water_source	0
73	31	113	default:river_water_source	0
74	31	113	default:river_water_source	0
75	31	113	default:river_water_source	0
76	31	113	default:river_water_source	0
77	31	113	default:river_water_source	0
78	31	113	default:river_water_source	0
79	31	113	default:river_water_source	0
80	31	113	default:river_water_source	0
81	31	113	default:river_water_source	0
82	31	113	default:river_water_source	0
83	31	113	default:river_water_source	0
84	31	113	default:river_water_source	0
85	31	113	default:river_water_source	0
86	31	113	default:river_water_source	0
87	31	113	default:river_water_source	0
88	31	113	default:river_water_source	0
89	31	113	default:river_water_source	0
90	31	113	default:river_water_source	0
91	31	113	default:river_water_source	0
92	31	113	default:river_water_source	0
93	31	113	default:river_water_source	0
94	31	113	default:river_water_source	0
95	31	113	default:river_water_source	0
96	31	113	default:river_water_source	0
97	31	113	default:river_water_source	0
98	31	113	default:river_water_source	0
99	31	113	default:river_water_source	0
100	31	113	default:river_water_source	0
101	31	113	default:river_water_source	0
102	31	113	default:river_water_source	0
103	31	113	default:river_water_source	0
104	31	113	default:river_water_source	0
105	31	113	default:river_water_source	0
106	31	113	default:river_water_source	0
107	31	113	default:river_water_source	0
108	31	113	default:river_water_source	0
109	31	113	default:river_water_source	0
110	31	113	default:river_water_source	0
111	31	113	default:river_water_source	0
112	31	113	default:river_water_source	0
113	31	113	default:river_water_source	0
114	31	113	default:river_water_source	0
115	31	113	default:river_water_source	0
116	31	113	default:river_water_source	0
117	31	113	default:river_water_source	0
118	31	113	default:river_water_source	0
72	32	113	default:river_water_source	0
73	32	113	default:river_water_source	0
74	32	113	default:river_water_source	0
75	32	113	default:river_water_source	0
76	32	113	default:river_water_source	0
77	32	113	default:river_water_source	0
78	32	113	default:river_water_source	0
79	32	113	default:river_water_source	0
80	32	113	default:river_water_source	0
81	32	113	default:river_water_source	0
82	32	113	default:river_water_source	0
83	32	113	default:river_water_source	0
84	32	113	default:river_water_source	0
85	32	113	default:river_water_source	0
86	32	113	default:river_water_source	0
87	32	113	default:river_water_source	0
88	32	113	default:river_water_source	0
89	32	113	default:river_water_source	0
90	32	113	default:river_water_source	0
91	32	113	default:river_water_source	0
92	32	113	default:river_water_source	0
93	32	113	default:river_water_source	0
94	32	113	default:river_water_source	0
95	32	113	default:river_water_source	0
96	32	113	default:river_water_source	0
97	32	113	default:river_water_source	0
98	32	113	default:river_water_source	0
99	32	113	default:river_water_source	0
100	32	113	default:river_water_source	0
101	32	113	default:river_water_source	0
102	32	113	default:river_water_source	0
103	32	113	default:river_water_source	0
104	32	113	default:river_water_source	0
105	32	113	default:river_water_source	0
106	32	113	default:river_water_source	0
107	32	113	default:river_water_source	0
108	32	113	default:river_water_source	0
109	32	113	default:river_water_source	0
110	32	113	default:river_water_source	0
111	32	113	default:river_water_source	0
112	32	113	default:river_water_source	0
113	32	113	default:river_water_source	0
114	32	113	default:river_water_source	0
115	32	113	default:river_water_source	0
116	32	113	default:river_water_source	0
117	32	113	default:river_water_source	0
118	32	113	default:river_water_source	0
72	33	113	default:river_water_source	0
73	33	113	default:river_water_source	0
74	33	113	default:river_water_source	0
75	33	113	default:river_water_source	0
76	33	113	default:river_water_source	0
77	33	113	default:river_water_source	0
78	33	113	default:river_water_source	0
79	33	113	default:river_water_source	0
80	33	113	default:river_water_source	0
81	33	113	default:river_water_source	0
82	33	113	default:river_water_source	0
83	33	113	default:river_water_source	0
84	33	113	default:river_water_source	0
85	33	113	default:river_water_source	0
86	33	113	default:river_water_source	0
87	33	113	default:river_water_source	0
88	33	113	default:river_water_source	0
89	33	113	default:river_water_source	0
90	33	113	default:river_water_source	0
91	33	113	default:river_water_source	0
92	33	113	default:river_water_source	0
93	33	113	default:river_water_source	0
94	33	113	default:river_water_source	0
95	33	113	default:river_water_source	0
96	33	113	default:river_water_source	0
97	33	113	default:river_water_source	0
98	33	113	default:river_water_source	0
99	33	113	default:river_water_source	0
100	33	113	default:river_water_source	0
101	33	113	default:river_water_source	0
102	33	113	default:river_water_source	0
103	33	113	default:river_water_source	0
104	33	113	default:river_water_source	0
105	33	113	default:river_water_source	0
106	33	113	default:river_water_source	0
107	33	113	default:river_water_source	0
108	33	113	default:river_water_source	0
109	33	113	default:river_water_source	0
110	33	113	default:river_water_source	0
111	33	113	default:river_water_source	0
112	33	113	default:river_water_source	0
113	33	113	default:river_water_source	0
114	33	113	default:river_water_source	0
115	33	113	default:river_water_source	0
116	33	113	default:river_water_source	0
117	33	113	default:river_water_source	0
118	33	113	default:river_water_source	0
72	34	113	default:river_water_source	0
73	34	113	default:river_water_source	0
74	34	113	default:river_water_source	0
75	34	113	default:river_water_source	0
76	34	113	default:river_water_source	0
77	34	113	default:river_water_source	0
78	34	113	default:river_water_source	0
79	34	113	default:river_water_source	0
80	34	113	default:river_water_source	0
81	34	113	default:river_water_source	0
82	34	113	default:river_water_source	0
83	34	113	default:river_water_source	0
84	34	113	default:river_water_source	0
85	34	113	default:river_water_source	0
86	34	113	default:river_water_source	0
87	34	113	default:river_water_source	0
88	34	113	default:river_water_source	0
89	34	113	default:river_water_source	0
90	34	113	default:river_water_source	0
91	34	113	default:river_water_source	0
92	34	113	default:river_water_source	0
93	34	113	default:river_water_source	0
94	34	113	default:river_water_source	0
95	34	113	default:river_water_source	0
96	34	113	default:river_water_source	0
97	34	113	default:river_water_source	0
98	34	113	default:river_water_source	0
99	34	113	default:river_water_source	0
100	34	113	default:river_water_source	0
101	34	113	default:river_water_source	0
102	34	113	default:river_water_source	0
103	34	113	default:river_water_source	0
104	34	113	default:river_water_source	0
105	34	113	default:river_water_source	0
106	34	113	default:river_water_source	0
107	34	113	default:river_water_source	0
108	34	113	default:river_water_source	0
109	34	113	default:river_water_source	0
110	34	113	default:river_water_source	0
111	34	113	default:river_water_source	0
112	34	113	default:river_water_source	0
113	34	113	default:river_water_source	0
114	34	113	default:river_water_source	0
115	34	113	default:river_water_source	0
116	34	113	default:river_water_source	0
117	34	113	default:river_water_source	0
118	34	113	default:river_water_source	0
72	35	113	default:river_water_source	0
73	35	113	default:river_water_source	0
74	35	113	default:river_water_source	0
75	35	113	default:river_water_source	0
76	35	113	default:river_water_source	0
77	35	113	default:river_water_source	0
78	35	113	default:river_water_source	0
79	35	113	default:river_water_source	0
80	35	113	default:river_water_source	0
81	35	113	default:river_water_source	0
82	35	113	default:river_water_source	0
83	35	113	default:river_water_source	0
84	35	113	default:river_water_source	0
85	35	113	default:river_water_source	0
86	35	113	default:river_water_source	0
87	35	113	default:river_water_source	0
88	35	113	default:river_water_source	0
89	35	113	default:river_water_source	0
90	35	113	default:river_water_source	0
91	35	113	default:river_water_source	0
92	35	113	default:river_water_source	0
93	35	113	default:river_water_source	0
94	35	113	default:river_water_source	0
95	35	113	default:river_water_source	0
96	35	113	default:river_water_source	0
97	35	113	default:river_water_source	0
98	35	113	default:river_water_source	0
99	35	113	default:river_water_source	0
100	35	113	default:river_water_source	0
101	35	113	default:river_water_source	0
102	35	113	default:river_water_source	0
103	35	113	default:river_water_source	0
104	35	113	default:river_water_source	0
105	35	113	default:river_water_source	0
106	35	113	default:river_water_source	0
107	35	113	default:river_water_source	0
108	35	113	default:river_water_source	0
109	35	113	default:river_water_source	0
110	35	113	default:river_water_source	0
111	35	113	default:river_water_source	0
112	35	113	default:river_water_source	0
113	35	113	default:river_water_source	0
114	35	113	default:river_water_source	0
115	35	113	default:river_water_source	0
116	35	113	default:river_water_source	0
117	35	113	default:river_water_source	0
118	35	113	default:river_water_source	0
72	25	114	default:dirt	0
73	25	114	default:dirt	0
74	25	114	default:dirt	0
75	25	114	default:dirt	0
76	25	114	default:dirt	0
77	25	114	default:dirt	0
78	25	114	default:dirt	0
79	25	114	default:dirt	0
80	25	114	default:dirt	0
81	25	114	default:dirt	0
82	25	114	default:dirt	0
83	25	114	default:dirt	0
84	25	114	default:dirt	0
85	25	114	default:dirt	0
86	25	114	default:dirt	0
87	25	114	default:dirt	0
88	25	114	default:dirt	0
89	25	114	default:dirt	0
90	25	114	default:dirt	0
91	25	114	default:dirt	0
92	25	114	default:dirt	0
93	25	114	default:dirt	0
94	25	114	default:dirt	0
95	25	114	default:dirt	0
96	25	114	default:dirt	0
97	25	114	default:dirt	0
98	25	114	default:dirt	0
99	25	114	default:dirt	0
100	25	114	default:dirt	0
101	25	114	default:dirt	0
102	25	114	default:dirt	0
103	25	114	default:dirt	0
104	25	114	default:dirt	0
105	25	114	default:dirt	0
72	26	114	default:dirt	0
73	26	114	default:dirt	0
74	26	114	default:dirt	0
75	26	114	default:dirt	0
76	26	114	default:dirt	0
77	26	114	default:dirt	0
78	26	114	default:dirt	0
79	26	114	default:dirt	0
80	26	114	default:dirt	0
81	26	114	default:dirt	0
82	26	114	default:dirt	0
83	26	114	default:dirt	0
84	26	114	default:dirt	0
85	26	114	default:dirt	0
86	26	114	default:dirt	0
87	26	114	default:dirt	0
88	26	114	default:dirt	0
89	26	114	default:dirt	0
90	26	114	default:dirt	0
91	26	114	default:dirt	0
92	26	114	default:dirt	0
93	26	114	default:dirt	0
94	26	114	default:dirt	0
95	26	114	default:dirt	0
96	26	114	default:dirt	0
97	26	114	default:dirt	0
98	26	114	default:dirt	0
99	26	114	default:dirt	0
100	26	114	default:dirt	0
101	26	114	default:dirt	0
102	26	114	default:dirt	0
103	26	114	default:dirt	0
104	26	114	default:dirt	0
105	26	114	default:dirt	0
106	26	114	default:dirt	0
107	26	114	default:dirt	0
108	26	114	default:dirt	0
109	26	114	default:dirt	0
110	26	114	default:dirt	0
111	26	114	default:dirt	0
112	26	114	default:dirt	0
113	26	114	default:dirt	0
114	26	114	default:dirt	0
115	26	114	default:dirt	0
116	26	114	default:dirt	0
117	26	114	default:dirt	0
118	26	114	default:dirt	0
72	27	114	default:dirt	0
73	27	114	default:dirt	0
74	27	114	default:dirt	0
75	27	114	default:dirt	0
76	27	114	default:dirt	0
77	27	114	default:dirt	0
78	27	114	default:dirt	0
79	27	114	default:dirt	0
80	27	114	default:dirt	0
81	27	114	default:dirt	0
82	27	114	default:dirt	0
83	27	114	default:dirt	0
84	27	114	default:dirt	0
85	27	114	default:dirt	0
86	27	114	default:dirt	0
87	27	114	default:dirt	0
88	27	114	default:dirt	0
89	27	114	default:dirt	0
90	27	114	default:dirt	0
91	27	114	default:dirt	0
92	27	114	default:dirt	0
93	27	114	default:dirt	0
94	27	114	default:dirt	0
95	27	114	default:dirt	0
96	27	114	default:dirt	0
97	27	114	default:dirt	0
98	27	114	default:dirt	0
99	27	114	default:dirt	0
100	27	114	default:dirt	0
101	27	114	default:dirt	0
102	27	114	default:dirt	0
103	27	114	default:dirt	0
104	27	114	default:dirt	0
105	27	114	default:dirt	0
106	27	114	default:dirt	0
107	27	114	default:dirt	0
108	27	114	default:dirt	0
109	27	114	default:dirt	0
110	27	114	default:dirt	0
111	27	114	default:dirt	0
112	27	114	default:dirt	0
113	27	114	default:dirt	0
114	27	114	default:dirt	0
115	27	114	default:dirt	0
116	27	114	default:dirt	0
117	27	114	default:dirt	0
118	27	114	default:dirt	0
72	28	114	grug_nodes:dirt_with_silver_litter	0
73	28	114	grug_nodes:dirt_with_silver_litter	0
74	28	114	grug_nodes:dirt_with_silver_litter	0
75	28	114	grug_nodes:dirt_with_silver_litter	0
76	28	114	grug_nodes:dirt_with_silver_litter	0
77	28	114	grug_nodes:dirt_with_silver_litter	0
78	28	114	grug_nodes:dirt_with_silver_litter	0
79	28	114	grug_nodes:dirt_with_silver_litter	0
80	28	114	grug_nodes:dirt_with_silver_litter	0
81	28	114	grug_nodes:dirt_with_silver_litter	0
82	28	114	grug_nodes:dirt_with_silver_litter	0
83	28	114	grug_nodes:dirt_with_silver_litter	0
84	28	114	grug_nodes:dirt_with_silver_litter	0
85	28	114	grug_nodes:dirt_with_silver_litter	0
86	28	114	grug_nodes:dirt_with_silver_litter	0
87	28	114	grug_nodes:dirt_with_silver_litter	0
88	28	114	grug_nodes:dirt_with_silver_litter	0
89	28	114	grug_nodes:dirt_with_silver_litter	0
90	28	114	grug_nodes:dirt_with_silver_litter	0
91	28	114	grug_nodes:dirt_with_silver_litter	0
92	28	114	grug_nodes:dirt_with_silver_litter	0
93	28	114	grug_nodes:dirt_with_silver_litter	0
94	28	114	grug_nodes:dirt_with_silver_litter	0
95	28	114	grug_nodes:dirt_with_silver_litter	0
96	28	114	grug_nodes:dirt_with_silver_litter	0
97	28	114	grug_nodes:dirt_with_silver_litter	0
98	28	114	grug_nodes:dirt_with_silver_litter	0
99	28	114	grug_nodes:dirt_with_silver_litter	0
100	28	114	grug_nodes:dirt_with_silver_litter	0
101	28	114	grug_nodes:dirt_with_silver_litter	0
102	28	114	grug_nodes:dirt_with_silver_litter	0
103	28	114	grug_nodes:dirt_with_silver_litter	0
104	28	114	grug_nodes:dirt_with_silver_litter	0
105	28	114	grug_nodes:dirt_with_silver_litter	0
106	28	114	default:dirt	0
107	28	114	default:dirt	0
108	28	114	default:dirt	0
109	28	114	default:dirt	0
110	28	114	default:dirt	0
111	28	114	default:dirt	0
112	28	114	default:dirt	0
113	28	114	default:dirt	0
114	28	114	default:dirt	0
115	28	114	default:dirt	0
116	28	114	default:dirt	0
117	28	114	default:dirt	0
118	28	114	default:dirt	0
72	29	114	default:river_water_source	0
73	29	114	default:river_water_source	0
74	29	114	default:river_water_source	0
75	29	114	default:river_water_source	0
76	29	114	default:river_water_source	0
77	29	114	default:river_water_source	0
78	29	114	default:river_water_source	0
79	29	114	default:river_water_source	0
80	29	114	default:river_water_source	0
81	29	114	default:river_water_source	0
82	29	114	default:river_water_source	0
83	29	114	default:river_water_source	0
84	29	114	default:river_water_source	0
85	29	114	default:river_water_source	0
86	29	114	default:river_water_source	0
87	29	114	default:river_water_source	0
88	29	114	default:river_water_source	0
89	29	114	default:river_water_source	0
90	29	114	default:river_water_source	0
91	29	114	default:river_water_source	0
92	29	114	default:river_water_source	0
93	29	114	default:river_water_source	0
94	29	114	default:river_water_source	0
95	29	114	default:river_water_source	0
96	29	114	default:river_water_source	0
97	29	114	default:river_water_source	0
98	29	114	default:river_water_source	0
99	29	114	default:river_water_source	0
100	29	114	default:river_water_source	0
101	29	114	default:river_water_source	0
102	29	114	default:river_water_source	0
103	29	114	default:river_water_source	0
104	29	114	default:river_water_source	0
105	29	114	default:river_water_source	0
106	29	114	grug_nodes:dirt_with_silver_litter	0
107	29	114	grug_nodes:dirt_with_silver_litter	0
108	29	114	grug_nodes:dirt_with_silver_litter	0
109	29	114	grug_nodes:dirt_with_silver_litter	0
110	29	114	grug_nodes:dirt_with_silver_litter	0
111	29	114	grug_nodes:dirt_with_silver_litter	0
112	29	114	grug_nodes:dirt_with_silver_litter	0
113	29	114	grug_nodes:dirt_with_silver_litter	0
114	29	114	grug_nodes:dirt_with_silver_litter	0
115	29	114	grug_nodes:dirt_with_silver_litter	0
116	29	114	grug_nodes:dirt_with_silver_litter	0
117	29	114	grug_nodes:dirt_with_silver_litter	0
118	29	114	grug_nodes:dirt_with_silver_litter	0
72	30	114	default:river_water_source	0
73	30	114	default:river_water_source	0
74	30	114	default:river_water_source	0
75	30	114	default:river_water_source	0
76	30	114	default:river_water_source	0
77	30	114	default:river_water_source	0
78	30	114	default:river_water_source	0
79	30	114	default:river_water_source	0
80	30	114	default:river_water_source	0
81	30	114	default:river_water_source	0
82	30	114	default:river_water_source	0
83	30	114	default:river_water_source	0
84	30	114	default:river_water_source	0
85	30	114	default:river_water_source	0
86	30	114	default:river_water_source	0
87	30	114	default:river_water_source	0
88	30	114	default:river_water_source	0
89	30	114	default:river_water_source	0
90	30	114	default:river_water_source	0
91	30	114	default:river_water_source	0
92	30	114	default:river_water_source	0
93	30	114	default:river_water_source	0
94	30	114	default:river_water_source	0
95	30	114	default:river_water_source	0
96	30	114	default:river_water_source	0
97	30	114	default:river_water_source	0
98	30	114	default:river_water_source	0
99	30	114	default:river_water_source	0
100	30	114	default:river_water_source	0
101	30	114	default:river_water_source	0
102	30	114	default:river_water_source	0
103	30	114	default:river_water_source	0
104	30	114	default:river_water_source	0
105	30	114	default:river_water_source	0
106	30	114	default:river_water_source	0
107	30	114	default:river_water_source	0
108	30	114	default:river_water_source	0
109	30	114	default:river_water_source	0
110	30	114	default:river_water_source	0
111	30	114	default:river_water_source	0
112	30	114	default:river_water_source	0
113	30	114	default:river_water_source	0
114	30	114	default:river_water_source	0
115	30	114	default:river_water_source	0
116	30	114	default:river_water_source	0
117	30	114	default:river_water_source	0
118	30	114	default:river_water_source	0
72	31	114	default:river_water_source	0
73	31	114	default:river_water_source	0
74	31	114	default:river_water_source	0
75	31	114	default:river_water_source	0
76	31	114	default:river_water_source	0
77	31	114	default:river_water_source	0
78	31	114	default:river_water_source	0
79	31	114	default:river_water_source	0
80	31	114	default:river_water_source	0
81	31	114	default:river_water_source	0
82	31	114	default:river_water_source	0
83	31	114	default:river_water_source	0
84	31	114	default:river_water_source	0
85	31	114	default:river_water_source	0
86	31	114	default:river_water_source	0
87	31	114	default:river_water_source	0
88	31	114	default:river_water_source	0
89	31	114	default:river_water_source	0
90	31	114	default:river_water_source	0
91	31	114	default:river_water_source	0
92	31	114	default:river_water_source	0
93	31	114	default:river_water_source	0
94	31	114	default:river_water_source	0
95	31	114	default:river_water_source	0
96	31	114	default:river_water_source	0
97	31	114	default:river_water_source	0
98	31	114	default:river_water_source	0
99	31	114	default:river_water_source	0
100	31	114	default:river_water_source	0
101	31	114	default:river_water_source	0
102	31	114	default:river_water_source	0
103	31	114	default:river_water_source	0
104	31	114	default:river_water_source	0
105	31	114	default:river_water_source	0
106	31	114	default:river_water_source	0
107	31	114	default:river_water_source	0
108	31	114	default:river_water_source	0
109	31	114	default:river_water_source	0
110	31	114	default:river_water_source	0
111	31	114	default:river_water_source	0
112	31	114	default:river_water_source	0
113	31	114	default:river_water_source	0
114	31	114	default:river_water_source	0
115	31	114	default:river_water_source	0
116	31	114	default:river_water_source	0
117	31	114	default:river_water_source	0
118	31	114	default:river_water_source	0
72	32	114	default:river_water_source	0
73	32	114	default:river_water_source	0
74	32	114	default:river_water_source	0
75	32	114	default:river_water_source	0
76	32	114	default:river_water_source	0
77	32	114	default:river_water_source	0
78	32	114	default:river_water_source	0
79	32	114	default:river_water_source	0
80	32	114	default:river_water_source	0
81	32	114	default:river_water_source	0
82	32	114	default:river_water_source	0
83	32	114	default:river_water_source	0
84	32	114	default:river_water_source	0
85	32	114	default:river_water_source	0
86	32	114	default:river_water_source	0
87	32	114	default:river_water_source	0
88	32	114	default:river_water_source	0
89	32	114	default:river_water_source	0
90	32	114	default:river_water_source	0
91	32	114	default:river_water_source	0
92	32	114	default:river_water_source	0
93	32	114	default:river_water_source	0
94	32	114	default:river_water_source	0
95	32	114	default:river_water_source	0
96	32	114	default:river_water_source	0
97	32	114	default:river_water_source	0
98	32	114	default:river_water_source	0
99	32	114	default:river_water_source	0
100	32	114	default:river_water_source	0
101	32	114	default:river_water_source	0
102	32	114	default:river_water_source	0
103	32	114	default:river_water_source	0
104	32	114	default:river_water_source	0
105	32	114	default:river_water_source	0
106	32	114	default:river_water_source	0
107	32	114	default:river_water_source	0
108	32	114	default:river_water_source	0
109	32	114	default:river_water_source	0
110	32	114	default:river_water_source	0
111	32	114	default:river_water_source	0
112	32	114	default:river_water_source	0
113	32	114	default:river_water_source	0
114	32	114	default:river_water_source	0
115	32	114	default:river_water_source	0
116	32	114	default:river_water_source	0
117	32	114	default:river_water_source	0
118	32	114	default:river_water_source	0
72	33	114	default:river_water_source	0
73	33	114	default:river_water_source	0
74	33	114	default:river_water_source	0
75	33	114	default:river_water_source	0
76	33	114	default:river_water_source	0
77	33	114	default:river_water_source	0
78	33	114	default:river_water_source	0
79	33	114	default:river_water_source	0
80	33	114	default:river_water_source	0
81	33	114	default:river_water_source	0
82	33	114	default:river_water_source	0
83	33	114	default:river_water_source	0
84	33	114	default:river_water_source	0
85	33	114	default:river_water_source	0
86	33	114	default:river_water_source	0
87	33	114	default:river_water_source	0
88	33	114	default:river_water_source	0
89	33	114	default:river_water_source	0
90	33	114	default:river_water_source	0
91	33	114	default:river_water_source	0
92	33	114	default:river_water_source	0
93	33	114	default:river_water_source	0
94	33	114	default:river_water_source	0
95	33	114	default:river_water_source	0
96	33	114	default:river_water_source	0
97	33	114	default:river_water_source	0
98	33	114	default:river_water_source	0
99	33	114	default:river_water_source	0
100	33	114	default:river_water_source	0
101	33	114	default:river_water_source	0
102	33	114	default:river_water_source	0
103	33	114	default:river_water_source	0
104	33	114	default:river_water_source	0
105	33	114	default:river_water_source	0
106	33	114	default:river_water_source	0
107	33	114	default:river_water_source	0
108	33	114	default:river_water_source	0
109	33	114	default:river_water_source	0
110	33	114	default:river_water_source	0
111	33	114	default:river_water_source	0
112	33	114	default:river_water_source	0
113	33	114	default:river_water_source	0
114	33	114	default:river_water_source	0
115	33	114	default:river_water_source	0
116	33	114	default:river_water_source	0
117	33	114	default:river_water_source	0
118	33	114	default:river_water_source	0
72	34	114	default:river_water_source	0
73	34	114	default:river_water_source	0
74	34	114	default:river_water_source	0
75	34	114	default:river_water_source	0
76	34	114	default:river_water_source	0
77	34	114	default:river_water_source	0
78	34	114	default:river_water_source	0
79	34	114	default:river_water_source	0
80	34	114	default:river_water_source	0
81	34	114	default:river_water_source	0
82	34	114	default:river_water_source	0
83	34	114	default:river_water_source	0
84	34	114	default:river_water_source	0
85	34	114	default:river_water_source	0
86	34	114	default:river_water_source	0
87	34	114	default:river_water_source	0
88	34	114	default:river_water_source	0
89	34	114	default:river_water_source	0
90	34	114	default:river_water_source	0
91	34	114	default:river_water_source	0
92	34	114	default:river_water_source	0
93	34	114	default:river_water_source	0
94	34	114	default:river_water_source	0
95	34	114	default:river_water_source	0
96	34	114	default:river_water_source	0
97	34	114	default:river_water_source	0
98	34	114	default:river_water_source	0
99	34	114	default:river_water_source	0
100	34	114	default:river_water_source	0
101	34	114	default:river_water_source	0
102	34	114	default:river_water_source	0
103	34	114	default:river_water_source	0
104	34	114	default:river_water_source	0
105	34	114	default:river_water_source	0
106	34	114	default:river_water_source	0
107	34	114	default:river_water_source	0
108	34	114	default:river_water_source	0
109	34	114	default:river_water_source	0
110	34	114	default:river_water_source	0
111	34	114	default:river_water_source	0
112	34	114	default:river_water_source	0
113	34	114	default:river_water_source	0
114	34	114	default:river_water_source	0
115	34	114	default:river_water_source	0
116	34	114	default:river_water_source	0
117	34	114	default:river_water_source	0
118	34	114	default:river_water_source	0
72	35	114	default:river_water_source	0
73	35	114	default:river_water_source	0
74	35	114	default:river_water_source	0
75	35	114	default:river_water_source	0
76	35	114	default:river_water_source	0
77	35	114	default:river_water_source	0
78	35	114	default:river_water_source	0
79	35	114	default:river_water_source	0
80	35	114	default:river_water_source	0
81	35	114	default:river_water_source	0
82	35	114	default:river_water_source	0
83	35	114	default:river_water_source	0
84	35	114	default:river_water_source	0
85	35	114	default:river_water_source	0
86	35	114	default:river_water_source	0
87	35	114	default:river_water_source	0
88	35	114	default:river_water_source	0
89	35	114	default:river_water_source	0
90	35	114	default:river_water_source	0
91	35	114	default:river_water_source	0
92	35	114	default:river_water_source	0
93	35	114	default:river_water_source	0
94	35	114	default:river_water_source	0
95	35	114	default:river_water_source	0
96	35	114	default:river_water_source	0
97	35	114	default:river_water_source	0
98	35	114	default:river_water_source	0
99	35	114	default:river_water_source	0
100	35	114	default:river_water_source	0
101	35	114	default:river_water_source	0
102	35	114	default:river_water_source	0
103	35	114	default:river_water_source	0
104	35	114	default:river_water_source	0
105	35	114	default:river_water_source	0
106	35	114	default:river_water_source	0
107	35	114	default:river_water_source	0
108	35	114	default:river_water_source	0
109	35	114	default:river_water_source	0
110	35	114	default:river_water_source	0
111	35	114	default:river_water_source	0
112	35	114	default:river_water_source	0
113	35	114	default:river_water_source	0
114	35	114	default:river_water_source	0
115	35	114	default:river_water_source	0
116	35	114	default:river_water_source	0
117	35	114	default:river_water_source	0
118	35	114	default:river_water_source	0
72	25	115	default:dirt	0
73	25	115	default:dirt	0
74	25	115	default:dirt	0
75	25	115	default:dirt	0
76	25	115	default:dirt	0
77	25	115	default:dirt	0
78	25	115	default:dirt	0
79	25	115	default:dirt	0
80	25	115	default:dirt	0
81	25	115	default:dirt	0
82	25	115	default:dirt	0
83	25	115	default:dirt	0
84	25	115	default:dirt	0
85	25	115	default:dirt	0
86	25	115	default:dirt	0
87	25	115	default:dirt	0
88	25	115	default:dirt	0
89	25	115	default:dirt	0
90	25	115	default:dirt	0
91	25	115	default:dirt	0
92	25	115	default:dirt	0
93	25	115	default:dirt	0
94	25	115	default:dirt	0
95	25	115	default:dirt	0
96	25	115	default:dirt	0
97	25	115	default:dirt	0
98	25	115	default:dirt	0
99	25	115	default:dirt	0
100	25	115	default:dirt	0
101	25	115	default:dirt	0
102	25	115	default:dirt	0
103	25	115	default:dirt	0
104	25	115	default:dirt	0
72	26	115	default:dirt	0
73	26	115	default:dirt	0
74	26	115	default:dirt	0
75	26	115	default:dirt	0
76	26	115	default:dirt	0
77	26	115	default:dirt	0
78	26	115	default:dirt	0
79	26	115	default:dirt	0
80	26	115	default:dirt	0
81	26	115	default:dirt	0
82	26	115	default:dirt	0
83	26	115	default:dirt	0
84	26	115	default:dirt	0
85	26	115	default:dirt	0
86	26	115	default:dirt	0
87	26	115	default:dirt	0
88	26	115	default:dirt	0
89	26	115	default:dirt	0
90	26	115	default:dirt	0
91	26	115	default:dirt	0
92	26	115	default:dirt	0
93	26	115	default:dirt	0
94	26	115	default:dirt	0
95	26	115	default:dirt	0
96	26	115	default:dirt	0
97	26	115	default:dirt	0
98	26	115	default:dirt	0
99	26	115	default:dirt	0
100	26	115	default:dirt	0
101	26	115	default:dirt	0
102	26	115	default:dirt	0
103	26	115	default:dirt	0
104	26	115	default:dirt	0
105	26	115	default:dirt	0
106	26	115	default:dirt	0
107	26	115	default:dirt	0
108	26	115	default:dirt	0
109	26	115	default:dirt	0
110	26	115	default:dirt	0
111	26	115	default:dirt	0
112	26	115	default:dirt	0
113	26	115	default:dirt	0
114	26	115	default:dirt	0
115	26	115	default:dirt	0
116	26	115	default:dirt	0
117	26	115	default:dirt	0
118	26	115	default:dirt	0
72	27	115	default:dirt	0
73	27	115	default:dirt	0
74	27	115	default:dirt	0
75	27	115	default:dirt	0
76	27	115	default:dirt	0
77	27	115	default:dirt	0
78	27	115	default:dirt	0
79	27	115	default:dirt	0
80	27	115	default:dirt	0
81	27	115	default:dirt	0
82	27	115	default:dirt	0
83	27	115	default:dirt	0
84	27	115	default:dirt	0
85	27	115	default:dirt	0
86	27	115	default:dirt	0
87	27	115	default:dirt	0
88	27	115	default:dirt	0
89	27	115	default:dirt	0
90	27	115	default:dirt	0
91	27	115	default:dirt	0
92	27	115	default:dirt	0
93	27	115	default:dirt	0
94	27	115	default:dirt	0
95	27	115	default:dirt	0
96	27	115	default:dirt	0
97	27	115	default:dirt	0
98	27	115	default:dirt	0
99	27	115	default:dirt	0
100	27	115	default:dirt	0
101	27	115	default:dirt	0
102	27	115	default:dirt	0
103	27	115	default:dirt	0
104	27	115	default:dirt	0
105	27	115	default:dirt	0
106	27	115	default:dirt	0
107	27	115	default:dirt	0
108	27	115	default:dirt	0
109	27	115	default:dirt	0
110	27	115	default:dirt	0
111	27	115	default:dirt	0
112	27	115	default:dirt	0
113	27	115	default:dirt	0
114	27	115	default:dirt	0
115	27	115	default:dirt	0
116	27	115	default:dirt	0
117	27	115	default:dirt	0
118	27	115	default:dirt	0
72	28	115	grug_nodes:dirt_with_silver_litter	0
73	28	115	grug_nodes:dirt_with_silver_litter	0
74	28	115	grug_nodes:dirt_with_silver_litter	0
75	28	115	grug_nodes:dirt_with_silver_litter	0
76	28	115	grug_nodes:dirt_with_silver_litter	0
77	28	115	grug_nodes:dirt_with_silver_litter	0
78	28	115	grug_nodes:dirt_with_silver_litter	0
79	28	115	grug_nodes:dirt_with_silver_litter	0
80	28	115	grug_nodes:dirt_with_silver_litter	0
81	28	115	grug_nodes:dirt_with_silver_litter	0
82	28	115	grug_nodes:dirt_with_silver_litter	0
83	28	115	grug_nodes:dirt_with_silver_litter	0
84	28	115	grug_nodes:dirt_with_silver_litter	0
85	28	115	grug_nodes:dirt_with_silver_litter	0
86	28	115	grug_nodes:dirt_with_silver_litter	0
87	28	115	grug_nodes:dirt_with_silver_litter	0
88	28	115	grug_nodes:dirt_with_silver_litter	0
89	28	115	grug_nodes:dirt_with_silver_litter	0
90	28	115	grug_nodes:dirt_with_silver_litter	0
91	28	115	grug_nodes:dirt_with_silver_litter	0
92	28	115	grug_nodes:dirt_with_silver_litter	0
93	28	115	grug_nodes:dirt_with_silver_litter	0
94	28	115	grug_nodes:dirt_with_silver_litter	0
95	28	115	grug_nodes:dirt_with_silver_litter	0
96	28	115	grug_nodes:dirt_with_silver_litter	0
97	28	115	grug_nodes:dirt_with_silver_litter	0
98	28	115	grug_nodes:dirt_with_silver_litter	0
99	28	115	grug_nodes:dirt_with_silver_litter	0
100	28	115	grug_nodes:dirt_with_silver_litter	0
101	28	115	grug_nodes:dirt_with_silver_litter	0
102	28	115	grug_nodes:dirt_with_silver_litter	0
103	28	115	grug_nodes:dirt_with_silver_litter	0
104	28	115	grug_nodes:dirt_with_silver_litter	0
105	28	115	default:dirt	0
106	28	115	default:dirt	0
107	28	115	default:dirt	0
108	28	115	default:dirt	0
109	28	115	default:dirt	0
110	28	115	default:dirt	0
111	28	115	default:dirt	0
112	28	115	default:dirt	0
113	28	115	default:dirt	0
114	28	115	default:dirt	0
115	28	115	default:dirt	0
116	28	115	default:dirt	0
117	28	115	default:dirt	0
118	28	115	default:dirt	0
72	29	115	default:river_water_source	0
73	29	115	default:river_water_source	0
74	29	115	default:river_water_source	0
75	29	115	default:river_water_source	0
76	29	115	default:river_water_source	0
77	29	115	default:river_water_source	0
78	29	115	default:river_water_source	0
79	29	115	default:river_water_source	0
80	29	115	default:river_water_source	0
81	29	115	default:river_water_source	0
82	29	115	default:river_water_source	0
83	29	115	default:river_water_source	0
84	29	115	default:river_water_source	0
85	29	115	default:river_water_source	0
86	29	115	default:river_water_source	0
87	29	115	default:river_water_source	0
88	29	115	default:river_water_source	0
89	29	115	default:river_water_source	0
90	29	115	default:river_water_source	0
91	29	115	default:river_water_source	0
92	29	115	default:river_water_source	0
93	29	115	default:river_water_source	0
94	29	115	default:river_water_source	0
95	29	115	default:river_water_source	0
96	29	115	default:river_water_source	0
97	29	115	default:river_water_source	0
98	29	115	default:river_water_source	0
99	29	115	default:river_water_source	0
100	29	115	default:river_water_source	0
101	29	115	default:river_water_source	0
102	29	115	default:river_water_source	0
103	29	115	default:river_water_source	0
104	29	115	default:river_water_source	0
105	29	115	grug_nodes:dirt_with_silver_litter	0
106	29	115	grug_nodes:dirt_with_silver_litter	0
107	29	115	grug_nodes:dirt_with_silver_litter	0
108	29	115	grug_nodes:dirt_with_silver_litter	0
109	29	115	grug_nodes:dirt_with_silver_litter	0
110	29	115	grug_nodes:dirt_with_silver_litter	0
111	29	115	grug_nodes:dirt_with_silver_litter	0
112	29	115	grug_nodes:dirt_with_silver_litter	0
113	29	115	grug_nodes:dirt_with_silver_litter	0
114	29	115	grug_nodes:dirt_with_silver_litter	0
115	29	115	grug_nodes:dirt_with_silver_litter	0
116	29	115	grug_nodes:dirt_with_silver_litter	0
117	29	115	grug_nodes:dirt_with_silver_litter	0
118	29	115	grug_nodes:dirt_with_silver_litter	0
72	30	115	default:river_water_source	0
73	30	115	default:river_water_source	0
74	30	115	default:river_water_source	0
75	30	115	default:river_water_source	0
76	30	115	default:river_water_source	0
77	30	115	default:river_water_source	0
78	30	115	default:river_water_source	0
79	30	115	default:river_water_source	0
80	30	115	default:river_water_source	0
81	30	115	default:river_water_source	0
82	30	115	default:river_water_source	0
83	30	115	default:river_water_source	0
84	30	115	default:river_water_source	0
85	30	115	default:river_water_source	0
86	30	115	default:river_water_source	0
87	30	115	default:river_water_source	0
88	30	115	default:river_water_source	0
89	30	115	default:river_water_source	0
90	30	115	default:river_water_source	0
91	30	115	default:river_water_source	0
92	30	115	default:river_water_source	0
93	30	115	default:river_water_source	0
94	30	115	default:river_water_source	0
95	30	115	default:river_water_source	0
96	30	115	default:river_water_source	0
97	30	115	default:river_water_source	0
98	30	115	default:river_water_source	0
99	30	115	default:river_water_source	0
100	30	115	default:river_water_source	0
101	30	115	default:river_water_source	0
102	30	115	default:river_water_source	0
103	30	115	default:river_water_source	0
104	30	115	default:river_water_source	0
105	30	115	default:river_water_source	0
106	30	115	default:river_water_source	0
107	30	115	default:river_water_source	0
108	30	115	default:river_water_source	0
109	30	115	default:river_water_source	0
110	30	115	default:river_water_source	0
111	30	115	default:river_water_source	0
112	30	115	default:river_water_source	0
113	30	115	default:river_water_source	0
114	30	115	default:river_water_source	0
115	30	115	default:river_water_source	0
116	30	115	default:river_water_source	0
117	30	115	default:river_water_source	0
118	30	115	default:river_water_source	0
72	31	115	default:river_water_source	0
73	31	115	default:river_water_source	0
74	31	115	default:river_water_source	0
75	31	115	default:river_water_source	0
76	31	115	default:river_water_source	0
77	31	115	default:river_water_source	0
78	31	115	default:river_water_source	0
79	31	115	default:river_water_source	0
80	31	115	default:river_water_source	0
81	31	115	default:river_water_source	0
82	31	115	default:river_water_source	0
83	31	115	default:river_water_source	0
84	31	115	default:river_water_source	0
85	31	115	default:river_water_source	0
86	31	115	default:river_water_source	0
87	31	115	default:river_water_source	0
88	31	115	default:river_water_source	0
89	31	115	default:river_water_source	0
90	31	115	default:river_water_source	0
91	31	115	default:river_water_source	0
92	31	115	default:river_water_source	0
93	31	115	default:river_water_source	0
94	31	115	default:river_water_source	0
95	31	115	default:river_water_source	0
96	31	115	default:river_water_source	0
97	31	115	default:river_water_source	0
98	31	115	default:river_water_source	0
99	31	115	default:river_water_source	0
100	31	115	default:river_water_source	0
101	31	115	default:river_water_source	0
102	31	115	default:river_water_source	0
103	31	115	default:river_water_source	0
104	31	115	default:river_water_source	0
105	31	115	default:river_water_source	0
106	31	115	default:river_water_source	0
107	31	115	default:river_water_source	0
108	31	115	default:river_water_source	0
109	31	115	default:river_water_source	0
110	31	115	default:river_water_source	0
111	31	115	default:river_water_source	0
112	31	115	default:river_water_source	0
113	31	115	default:river_water_source	0
114	31	115	default:river_water_source	0
115	31	115	default:river_water_source	0
116	31	115	default:river_water_source	0
117	31	115	default:river_water_source	0
118	31	115	default:river_water_source	0
72	32	115	default:river_water_source	0
73	32	115	default:river_water_source	0
74	32	115	default:river_water_source	0
75	32	115	default:river_water_source	0
76	32	115	default:river_water_source	0
77	32	115	default:river_water_source	0
78	32	115	default:river_water_source	0
79	32	115	default:river_water_source	0
80	32	115	default:river_water_source	0
81	32	115	default:river_water_source	0
82	32	115	default:river_water_source	0
83	32	115	default:river_water_source	0
84	32	115	default:river_water_source	0
85	32	115	default:river_water_source	0
86	32	115	default:river_water_source	0
87	32	115	default:river_water_source	0
88	32	115	default:river_water_source	0
89	32	115	default:river_water_source	0
90	32	115	default:river_water_source	0
91	32	115	default:river_water_source	0
92	32	115	default:river_water_source	0
93	32	115	default:river_water_source	0
94	32	115	default:river_water_source	0
95	32	115	default:river_water_source	0
96	32	115	default:river_water_source	0
97	32	115	default:river_water_source	0
98	32	115	default:river_water_source	0
99	32	115	default:river_water_source	0
100	32	115	default:river_water_source	0
101	32	115	default:river_water_source	0
102	32	115	default:river_water_source	0
103	32	115	default:river_water_source	0
104	32	115	default:river_water_source	0
105	32	115	default:river_water_source	0
106	32	115	default:river_water_source	0
107	32	115	default:river_water_source	0
108	32	115	default:river_water_source	0
109	32	115	default:river_water_source	0
110	32	115	default:river_water_source	0
111	32	115	default:river_water_source	0
112	32	115	default:river_water_source	0
113	32	115	default:river_water_source	0
114	32	115	default:river_water_source	0
115	32	115	default:river_water_source	0
116	32	115	default:river_water_source	0
117	32	115	default:river_water_source	0
118	32	115	default:river_water_source	0
72	33	115	default:river_water_source	0
73	33	115	default:river_water_source	0
74	33	115	default:river_water_source	0
75	33	115	default:river_water_source	0
76	33	115	default:river_water_source	0
77	33	115	default:river_water_source	0
78	33	115	default:river_water_source	0
79	33	115	default:river_water_source	0
80	33	115	default:river_water_source	0
81	33	115	default:river_water_source	0
82	33	115	default:river_water_source	0
83	33	115	default:river_water_source	0
84	33	115	default:river_water_source	0
85	33	115	default:river_water_source	0
86	33	115	default:river_water_source	0
87	33	115	default:river_water_source	0
88	33	115	default:river_water_source	0
89	33	115	default:river_water_source	0
90	33	115	default:river_water_source	0
91	33	115	default:river_water_source	0
92	33	115	default:river_water_source	0
93	33	115	default:river_water_source	0
94	33	115	default:river_water_source	0
95	33	115	default:river_water_source	0
96	33	115	default:river_water_source	0
97	33	115	default:river_water_source	0
98	33	115	default:river_water_source	0
99	33	115	default:river_water_source	0
100	33	115	default:river_water_source	0
101	33	115	default:river_water_source	0
102	33	115	default:river_water_source	0
103	33	115	default:river_water_source	0
104	33	115	default:river_water_source	0
105	33	115	default:river_water_source	0
106	33	115	default:river_water_source	0
107	33	115	default:river_water_source	0
108	33	115	default:river_water_source	0
109	33	115	default:river_water_source	0
110	33	115	default:river_water_source	0
111	33	115	default:river_water_source	0
112	33	115	default:river_water_source	0
113	33	115	default:river_water_source	0
114	33	115	default:river_water_source	0
115	33	115	default:river_water_source	0
116	33	115	default:river_water_source	0
117	33	115	default:river_water_source	0
118	33	115	default:river_water_source	0
72	34	115	default:river_water_source	0
73	34	115	default:river_water_source	0
74	34	115	default:river_water_source	0
75	34	115	default:river_water_source	0
76	34	115	default:river_water_source	0
77	34	115	default:river_water_source	0
78	34	115	default:river_water_source	0
79	34	115	default:river_water_source	0
80	34	115	default:river_water_source	0
81	34	115	default:river_water_source	0
82	34	115	default:river_water_source	0
83	34	115	default:river_water_source	0
84	34	115	default:river_water_source	0
85	34	115	default:river_water_source	0
86	34	115	default:river_water_source	0
87	34	115	default:river_water_source	0
88	34	115	default:river_water_source	0
89	34	115	default:river_water_source	0
90	34	115	default:river_water_source	0
91	34	115	default:river_water_source	0
92	34	115	default:river_water_source	0
93	34	115	default:river_water_source	0
94	34	115	default:river_water_source	0
95	34	115	default:river_water_source	0
96	34	115	default:river_water_source	0
97	34	115	default:river_water_source	0
98	34	115	default:river_water_source	0
99	34	115	default:river_water_source	0
100	34	115	default:river_water_source	0
101	34	115	default:river_water_source	0
102	34	115	default:river_water_source	0
103	34	115	default:river_water_source	0
104	34	115	default:river_water_source	0
105	34	115	default:river_water_source	0
106	34	115	default:river_water_source	0
107	34	115	default:river_water_source	0
108	34	115	default:river_water_source	0
109	34	115	default:river_water_source	0
110	34	115	default:river_water_source	0
111	34	115	default:river_water_source	0
112	34	115	default:river_water_source	0
113	34	115	default:river_water_source	0
114	34	115	default:river_water_source	0
115	34	115	default:river_water_source	0
116	34	115	default:river_water_source	0
117	34	115	default:river_water_source	0
118	34	115	default:river_water_source	0
72	35	115	default:river_water_source	0
73	35	115	default:river_water_source	0
74	35	115	default:river_water_source	0
75	35	115	default:river_water_source	0
76	35	115	default:river_water_source	0
77	35	115	default:river_water_source	0
78	35	115	default:river_water_source	0
79	35	115	default:river_water_source	0
80	35	115	default:river_water_source	0
81	35	115	default:river_water_source	0
82	35	115	default:river_water_source	0
83	35	115	default:river_water_source	0
84	35	115	default:river_water_source	0
85	35	115	default:river_water_source	0
86	35	115	default:river_water_source	0
87	35	115	default:river_water_source	0
88	35	115	default:river_water_source	0
89	35	115	default:river_water_source	0
90	35	115	default:river_water_source	0
91	35	115	default:river_water_source	0
92	35	115	default:river_water_source	0
93	35	115	default:river_water_source	0
94	35	115	default:river_water_source	0
95	35	115	default:river_water_source	0
96	35	115	default:river_water_source	0
97	35	115	default:river_water_source	0
98	35	115	default:river_water_source	0
99	35	115	default:river_water_source	0
100	35	115	default:river_water_source	0
101	35	115	default:river_water_source	0
102	35	115	default:river_water_source	0
103	35	115	default:river_water_source	0
104	35	115	default:river_water_source	0
105	35	115	default:river_water_source	0
106	35	115	default:river_water_source	0
107	35	115	default:river_water_source	0
108	35	115	default:river_water_source	0
109	35	115	default:river_water_source	0
110	35	115	default:river_water_source	0
111	35	115	default:river_water_source	0
112	35	115	default:river_water_source	0
113	35	115	default:river_water_source	0
114	35	115	default:river_water_source	0
115	35	115	default:river_water_source	0
116	35	115	default:river_water_source	0
117	35	115	default:river_water_source	0
118	35	115	default:river_water_source	0
72	25	116	default:dirt	0
73	25	116	default:dirt	0
74	25	116	default:dirt	0
75	25	116	default:dirt	0
76	25	116	default:dirt	0
77	25	116	default:dirt	0
78	25	116	default:dirt	0
79	25	116	default:dirt	0
80	25	116	default:dirt	0
81	25	116	default:dirt	0
82	25	116	default:dirt	0
83	25	116	default:dirt	0
84	25	116	default:dirt	0
85	25	116	default:dirt	0
86	25	116	default:dirt	0
87	25	116	default:dirt	0
88	25	116	default:dirt	0
89	25	116	default:dirt	0
90	25	116	default:dirt	0
91	25	116	default:dirt	0
92	25	116	default:dirt	0
93	25	116	default:dirt	0
94	25	116	default:dirt	0
95	25	116	default:dirt	0
96	25	116	default:dirt	0
97	25	116	default:dirt	0
98	25	116	default:dirt	0
99	25	116	default:dirt	0
100	25	116	default:dirt	0
101	25	116	default:dirt	0
102	25	116	default:dirt	0
103	25	116	default:dirt	0
104	25	116	default:dirt	0
72	26	116	default:dirt	0
73	26	116	default:dirt	0
74	26	116	default:dirt	0
75	26	116	default:dirt	0
76	26	116	default:dirt	0
77	26	116	default:dirt	0
78	26	116	default:dirt	0
79	26	116	default:dirt	0
80	26	116	default:dirt	0
81	26	116	default:dirt	0
82	26	116	default:dirt	0
83	26	116	default:dirt	0
84	26	116	default:dirt	0
85	26	116	default:dirt	0
86	26	116	default:dirt	0
87	26	116	default:dirt	0
88	26	116	default:dirt	0
89	26	116	default:dirt	0
90	26	116	default:dirt	0
91	26	116	default:dirt	0
92	26	116	default:dirt	0
93	26	116	default:dirt	0
94	26	116	default:dirt	0
95	26	116	default:dirt	0
96	26	116	default:dirt	0
97	26	116	default:dirt	0
98	26	116	default:dirt	0
99	26	116	default:dirt	0
100	26	116	default:dirt	0
101	26	116	default:dirt	0
102	26	116	default:dirt	0
103	26	116	default:dirt	0
104	26	116	default:dirt	0
105	26	116	default:dirt	0
106	26	116	default:dirt	0
107	26	116	default:dirt	0
108	26	116	default:dirt	0
109	26	116	default:dirt	0
110	26	116	default:dirt	0
111	26	116	default:dirt	0
112	26	116	default:dirt	0
113	26	116	default:dirt	0
114	26	116	default:dirt	0
115	26	116	default:dirt	0
116	26	116	default:dirt	0
117	26	116	default:dirt	0
118	26	116	default:dirt	0
72	27	116	default:dirt	0
73	27	116	default:dirt	0
74	27	116	default:dirt	0
75	27	116	default:dirt	0
76	27	116	default:dirt	0
77	27	116	default:dirt	0
78	27	116	default:dirt	0
79	27	116	default:dirt	0
80	27	116	default:dirt	0
81	27	116	default:dirt	0
82	27	116	default:dirt	0
83	27	116	default:dirt	0
84	27	116	default:dirt	0
85	27	116	default:dirt	0
86	27	116	default:dirt	0
87	27	116	default:dirt	0
88	27	116	default:dirt	0
89	27	116	default:dirt	0
90	27	116	default:dirt	0
91	27	116	default:dirt	0
92	27	116	default:dirt	0
93	27	116	default:dirt	0
94	27	116	default:dirt	0
95	27	116	default:dirt	0
96	27	116	default:dirt	0
97	27	116	default:dirt	0
98	27	116	default:dirt	0
99	27	116	default:dirt	0
100	27	116	default:dirt	0
101	27	116	default:dirt	0
102	27	116	default:dirt	0
103	27	116	default:dirt	0
104	27	116	default:dirt	0
105	27	116	default:dirt	0
106	27	116	default:dirt	0
107	27	116	default:dirt	0
108	27	116	default:dirt	0
109	27	116	default:dirt	0
110	27	116	default:dirt	0
111	27	116	default:dirt	0
112	27	116	default:dirt	0
113	27	116	default:dirt	0
114	27	116	default:dirt	0
115	27	116	default:dirt	0
116	27	116	default:dirt	0
117	27	116	default:dirt	0
118	27	116	default:dirt	0
72	28	116	grug_nodes:dirt_with_silver_litter	0
73	28	116	grug_nodes:dirt_with_silver_litter	0
74	28	116	grug_nodes:dirt_with_silver_litter	0
75	28	116	grug_nodes:dirt_with_silver_litter	0
76	28	116	grug_nodes:dirt_with_silver_litter	0
77	28	116	grug_nodes:dirt_with_silver_litter	0
78	28	116	grug_nodes:dirt_with_silver_litter	0
79	28	116	grug_nodes:dirt_with_silver_litter	0
80	28	116	grug_nodes:dirt_with_silver_litter	0
81	28	116	grug_nodes:dirt_with_silver_litter	0
82	28	116	grug_nodes:dirt_with_silver_litter	0
83	28	116	grug_nodes:dirt_with_silver_litter	0
84	28	116	grug_nodes:dirt_with_silver_litter	0
85	28	116	grug_nodes:dirt_with_silver_litter	0
86	28	116	grug_nodes:dirt_with_silver_litter	0
87	28	116	grug_nodes:dirt_with_silver_litter	0
88	28	116	grug_nodes:dirt_with_silver_litter	0
89	28	116	grug_nodes:dirt_with_silver_litter	0
90	28	116	grug_nodes:dirt_with_silver_litter	0
91	28	116	grug_nodes:dirt_with_silver_litter	0
92	28	116	grug_nodes:dirt_with_silver_litter	0
93	28	116	grug_nodes:dirt_with_silver_litter	0
94	28	116	grug_nodes:dirt_with_silver_litter	0
95	28	116	grug_nodes:dirt_with_silver_litter	0
96	28	116	grug_nodes:dirt_with_silver_litter	0
97	28	116	grug_nodes:dirt_with_silver_litter	0
98	28	116	grug_nodes:dirt_with_silver_litter	0
99	28	116	grug_nodes:dirt_with_silver_litter	0
100	28	116	grug_nodes:dirt_with_silver_litter	0
101	28	116	grug_nodes:dirt_with_silver_litter	0
102	28	116	grug_nodes:dirt_with_silver_litter	0
103	28	116	grug_nodes:dirt_with_silver_litter	0
104	28	116	grug_nodes:dirt_with_silver_litter	0
105	28	116	default:dirt	0
106	28	116	default:dirt	0
107	28	116	default:dirt	0
108	28	116	default:dirt	0
109	28	116	default:dirt	0
110	28	116	default:dirt	0
111	28	116	default:dirt	0
112	28	116	default:dirt	0
113	28	116	default:dirt	0
114	28	116	default:dirt	0
115	28	116	default:dirt	0
116	28	116	default:dirt	0
117	28	116	default:dirt	0
118	28	116	default:dirt	0
72	29	116	default:river_water_source	0
73	29	116	default:river_water_source	0
74	29	116	default:river_water_source	0
75	29	116	default:river_water_source	0
76	29	116	default:river_water_source	0
77	29	116	default:river_water_source	0
78	29	116	default:river_water_source	0
79	29	116	default:river_water_source	0
80	29	116	default:river_water_source	0
81	29	116	default:river_water_source	0
82	29	116	default:river_water_source	0
83	29	116	default:river_water_source	0
84	29	116	default:river_water_source	0
85	29	116	default:river_water_source	0
86	29	116	default:river_water_source	0
87	29	116	default:river_water_source	0
88	29	116	default:river_water_source	0
89	29	116	default:river_water_source	0
90	29	116	default:river_water_source	0
91	29	116	default:river_water_source	0
92	29	116	default:river_water_source	0
93	29	116	default:river_water_source	0
94	29	116	default:river_water_source	0
95	29	116	default:river_water_source	0
96	29	116	default:river_water_source	0
97	29	116	default:river_water_source	0
98	29	116	default:river_water_source	0
99	29	116	default:river_water_source	0
100	29	116	default:river_water_source	0
101	29	116	default:river_water_source	0
102	29	116	default:river_water_source	0
103	29	116	default:river_water_source	0
104	29	116	default:river_water_source	0
105	29	116	grug_nodes:dirt_with_silver_litter	0
106	29	116	grug_nodes:dirt_with_silver_litter	0
107	29	116	grug_nodes:dirt_with_silver_litter	0
108	29	116	grug_nodes:dirt_with_silver_litter	0
109	29	116	grug_nodes:dirt_with_silver_litter	0
110	29	116	grug_nodes:dirt_with_silver_litter	0
111	29	116	grug_nodes:dirt_with_silver_litter	0
112	29	116	grug_nodes:dirt_with_silver_litter	0
113	29	116	grug_nodes:dirt_with_silver_litter	0
114	29	116	grug_nodes:dirt_with_silver_litter	0
115	29	116	grug_nodes:dirt_with_silver_litter	0
116	29	116	grug_nodes:dirt_with_silver_litter	0
117	29	116	grug_nodes:dirt_with_silver_litter	0
118	29	116	grug_nodes:dirt_with_silver_litter	0
72	30	116	default:river_water_source	0
73	30	116	default:river_water_source	0
74	30	116	default:river_water_source	0
75	30	116	default:river_water_source	0
76	30	116	default:river_water_source	0
77	30	116	default:river_water_source	0
78	30	116	default:river_water_source	0
79	30	116	default:river_water_source	0
80	30	116	default:river_water_source	0
81	30	116	default:river_water_source	0
82	30	116	default:river_water_source	0
83	30	116	default:river_water_source	0
84	30	116	default:river_water_source	0
85	30	116	default:river_water_source	0
86	30	116	default:river_water_source	0
87	30	116	default:river_water_source	0
88	30	116	default:river_water_source	0
89	30	116	default:river_water_source	0
90	30	116	default:river_water_source	0
91	30	116	default:river_water_source	0
92	30	116	default:river_water_source	0
93	30	116	default:river_water_source	0
94	30	116	default:river_water_source	0
95	30	116	default:river_water_source	0
96	30	116	default:river_water_source	0
97	30	116	default:river_water_source	0
98	30	116	default:river_water_source	0
99	30	116	default:river_water_source	0
100	30	116	default:river_water_source	0
101	30	116	default:river_water_source	0
102	30	116	default:river_water_source	0
103	30	116	default:river_water_source	0
104	30	116	default:river_water_source	0
105	30	116	default:river_water_source	0
106	30	116	default:river_water_source	0
107	30	116	default:river_water_source	0
108	30	116	default:river_water_source	0
109	30	116	default:river_water_source	0
110	30	116	default:river_water_source	0
111	30	116	default:river_water_source	0
112	30	116	default:river_water_source	0
113	30	116	default:river_water_source	0
114	30	116	default:river_water_source	0
115	30	116	default:river_water_source	0
116	30	116	default:river_water_source	0
117	30	116	default:river_water_source	0
118	30	116	default:river_water_source	0
72	31	116	default:river_water_source	0
73	31	116	default:river_water_source	0
74	31	116	default:river_water_source	0
75	31	116	default:river_water_source	0
76	31	116	default:river_water_source	0
77	31	116	default:river_water_source	0
78	31	116	default:river_water_source	0
79	31	116	default:river_water_source	0
80	31	116	default:river_water_source	0
81	31	116	default:river_water_source	0
82	31	116	default:river_water_source	0
83	31	116	default:river_water_source	0
84	31	116	default:river_water_source	0
85	31	116	default:river_water_source	0
86	31	116	default:river_water_source	0
87	31	116	default:river_water_source	0
88	31	116	default:river_water_source	0
89	31	116	default:river_water_source	0
90	31	116	default:river_water_source	0
91	31	116	default:river_water_source	0
92	31	116	default:river_water_source	0
93	31	116	default:river_water_source	0
94	31	116	default:river_water_source	0
95	31	116	default:river_water_source	0
96	31	116	default:river_water_source	0
97	31	116	default:river_water_source	0
98	31	116	default:river_water_source	0
99	31	116	default:river_water_source	0
100	31	116	default:river_water_source	0
101	31	116	default:river_water_source	0
102	31	116	default:river_water_source	0
103	31	116	default:river_water_source	0
104	31	116	default:river_water_source	0
105	31	116	default:river_water_source	0
106	31	116	default:river_water_source	0
107	31	116	default:river_water_source	0
108	31	116	default:river_water_source	0
109	31	116	default:river_water_source	0
110	31	116	default:river_water_source	0
111	31	116	default:river_water_source	0
112	31	116	default:river_water_source	0
113	31	116	default:river_water_source	0
114	31	116	default:river_water_source	0
115	31	116	default:river_water_source	0
116	31	116	default:river_water_source	0
117	31	116	default:river_water_source	0
118	31	116	default:river_water_source	0
72	32	116	default:river_water_source	0
73	32	116	default:river_water_source	0
74	32	116	default:river_water_source	0
75	32	116	default:river_water_source	0
76	32	116	default:river_water_source	0
77	32	116	default:river_water_source	0
78	32	116	default:river_water_source	0
79	32	116	default:river_water_source	0
80	32	116	default:river_water_source	0
81	32	116	default:river_water_source	0
82	32	116	default:river_water_source	0
83	32	116	default:river_water_source	0
84	32	116	default:river_water_source	0
85	32	116	default:river_water_source	0
86	32	116	default:river_water_source	0
87	32	116	default:river_water_source	0
88	32	116	default:river_water_source	0
89	32	116	default:river_water_source	0
90	32	116	default:river_water_source	0
91	32	116	default:river_water_source	0
92	32	116	default:river_water_source	0
93	32	116	default:river_water_source	0
94	32	116	default:river_water_source	0
95	32	116	default:river_water_source	0
96	32	116	default:river_water_source	0
97	32	116	default:river_water_source	0
98	32	116	default:river_water_source	0
99	32	116	default:river_water_source	0
100	32	116	default:river_water_source	0
101	32	116	default:river_water_source	0
102	32	116	default:river_water_source	0
103	32	116	default:river_water_source	0
104	32	116	default:river_water_source	0
105	32	116	default:river_water_source	0
106	32	116	default:river_water_source	0
107	32	116	default:river_water_source	0
108	32	116	default:river_water_source	0
109	32	116	default:river_water_source	0
110	32	116	default:river_water_source	0
111	32	116	default:river_water_source	0
112	32	116	default:river_water_source	0
113	32	116	default:river_water_source	0
114	32	116	default:river_water_source	0
115	32	116	default:river_water_source	0
116	32	116	default:river_water_source	0
117	32	116	default:river_water_source	0
118	32	116	default:river_water_source	0
72	33	116	default:river_water_source	0
73	33	116	default:river_water_source	0
74	33	116	default:river_water_source	0
75	33	116	default:river_water_source	0
76	33	116	default:river_water_source	0
77	33	116	default:river_water_source	0
78	33	116	default:river_water_source	0
79	33	116	default:river_water_source	0
80	33	116	default:river_water_source	0
81	33	116	default:river_water_source	0
82	33	116	default:river_water_source	0
83	33	116	default:river_water_source	0
84	33	116	default:river_water_source	0
85	33	116	default:river_water_source	0
86	33	116	default:river_water_source	0
87	33	116	default:river_water_source	0
88	33	116	default:river_water_source	0
89	33	116	default:river_water_source	0
90	33	116	default:river_water_source	0
91	33	116	default:river_water_source	0
92	33	116	default:river_water_source	0
93	33	116	default:river_water_source	0
94	33	116	default:river_water_source	0
95	33	116	default:river_water_source	0
96	33	116	default:river_water_source	0
97	33	116	default:river_water_source	0
98	33	116	default:river_water_source	0
99	33	116	default:river_water_source	0
100	33	116	default:river_water_source	0
101	33	116	default:river_water_source	0
102	33	116	default:river_water_source	0
103	33	116	default:river_water_source	0
104	33	116	default:river_water_source	0
105	33	116	default:river_water_source	0
106	33	116	default:river_water_source	0
107	33	116	default:river_water_source	0
108	33	116	default:river_water_source	0
109	33	116	default:river_water_source	0
110	33	116	default:river_water_source	0
111	33	116	default:river_water_source	0
112	33	116	default:river_water_source	0
113	33	116	default:river_water_source	0
114	33	116	default:river_water_source	0
115	33	116	default:river_water_source	0
116	33	116	default:river_water_source	0
117	33	116	default:river_water_source	0
118	33	116	default:river_water_source	0
72	34	116	default:river_water_source	0
73	34	116	default:river_water_source	0
74	34	116	default:river_water_source	0
75	34	116	default:river_water_source	0
76	34	116	default:river_water_source	0
77	34	116	default:river_water_source	0
78	34	116	default:river_water_source	0
79	34	116	default:river_water_source	0
80	34	116	default:river_water_source	0
81	34	116	default:river_water_source	0
82	34	116	default:river_water_source	0
83	34	116	default:river_water_source	0
84	34	116	default:river_water_source	0
85	34	116	default:river_water_source	0
86	34	116	default:river_water_source	0
87	34	116	default:river_water_source	0
88	34	116	default:river_water_source	0
89	34	116	default:river_water_source	0
90	34	116	default:river_water_source	0
91	34	116	default:river_water_source	0
92	34	116	default:river_water_source	0
93	34	116	default:river_water_source	0
94	34	116	default:river_water_source	0
95	34	116	default:river_water_source	0
96	34	116	default:river_water_source	0
97	34	116	default:river_water_source	0
98	34	116	default:river_water_source	0
99	34	116	default:river_water_source	0
100	34	116	default:river_water_source	0
101	34	116	default:river_water_source	0
102	34	116	default:river_water_source	0
103	34	116	default:river_water_source	0
104	34	116	default:river_water_source	0
105	34	116	default:river_water_source	0
106	34	116	default:river_water_source	0
107	34	116	default:river_water_source	0
108	34	116	default:river_water_source	0
109	34	116	default:river_water_source	0
110	34	116	default:river_water_source	0
111	34	116	default:river_water_source	0
112	34	116	default:river_water_source	0
113	34	116	default:river_water_source	0
114	34	116	default:river_water_source	0
115	34	116	default:river_water_source	0
116	34	116	default:river_water_source	0
117	34	116	default:river_water_source	0
118	34	116	default:river_water_source	0
72	35	116	default:river_water_source	0
73	35	116	default:river_water_source	0
74	35	116	default:river_water_source	0
75	35	116	default:river_water_source	0
76	35	116	default:river_water_source	0
77	35	116	default:river_water_source	0
78	35	116	default:river_water_source	0
79	35	116	default:river_water_source	0
80	35	116	default:river_water_source	0
81	35	116	default:river_water_source	0
82	35	116	default:river_water_source	0
83	35	116	default:river_water_source	0
84	35	116	default:river_water_source	0
85	35	116	default:river_water_source	0
86	35	116	default:river_water_source	0
87	35	116	default:river_water_source	0
88	35	116	default:river_water_source	0
89	35	116	default:river_water_source	0
90	35	116	default:river_water_source	0
91	35	116	default:river_water_source	0
92	35	116	default:river_water_source	0
93	35	116	default:river_water_source	0
94	35	116	default:river_water_source	0
95	35	116	default:river_water_source	0
96	35	116	default:river_water_source	0
97	35	116	default:river_water_source	0
98	35	116	default:river_water_source	0
99	35	116	default:river_water_source	0
100	35	116	default:river_water_source	0
101	35	116	default:river_water_source	0
102	35	116	default:river_water_source	0
103	35	116	default:river_water_source	0
104	35	116	default:river_water_source	0
105	35	116	default:river_water_source	0
106	35	116	default:river_water_source	0
107	35	116	default:river_water_source	0
108	35	116	default:river_water_source	0
109	35	116	default:river_water_source	0
110	35	116	default:river_water_source	0
111	35	116	default:river_water_source	0
112	35	116	default:river_water_source	0
113	35	116	default:river_water_source	0
114	35	116	default:river_water_source	0
115	35	116	default:river_water_source	0
116	35	116	default:river_water_source	0
117	35	116	default:river_water_source	0
118	35	116	default:river_water_source	0
72	25	117	default:dirt	0
73	25	117	default:dirt	0
74	25	117	default:dirt	0
75	25	117	default:dirt	0
76	25	117	default:dirt	0
77	25	117	default:dirt	0
78	25	117	default:dirt	0
79	25	117	default:dirt	0
80	25	117	default:dirt	0
81	25	117	default:dirt	0
82	25	117	default:dirt	0
83	25	117	default:dirt	0
84	25	117	default:dirt	0
85	25	117	default:dirt	0
86	25	117	default:dirt	0
87	25	117	default:dirt	0
88	25	117	default:dirt	0
89	25	117	default:dirt	0
90	25	117	default:dirt	0
91	25	117	default:dirt	0
92	25	117	default:dirt	0
93	25	117	default:dirt	0
94	25	117	default:dirt	0
95	25	117	default:dirt	0
96	25	117	default:dirt	0
97	25	117	default:dirt	0
98	25	117	default:dirt	0
99	25	117	default:dirt	0
100	25	117	default:dirt	0
101	25	117	default:dirt	0
102	25	117	default:dirt	0
103	25	117	default:dirt	0
104	25	117	default:dirt	0
72	26	117	default:dirt	0
73	26	117	default:dirt	0
74	26	117	default:dirt	0
75	26	117	default:dirt	0
76	26	117	default:dirt	0
77	26	117	default:dirt	0
78	26	117	default:dirt	0
79	26	117	default:dirt	0
80	26	117	default:dirt	0
81	26	117	default:dirt	0
82	26	117	default:dirt	0
83	26	117	default:dirt	0
84	26	117	default:dirt	0
85	26	117	default:dirt	0
86	26	117	default:dirt	0
87	26	117	default:dirt	0
88	26	117	default:dirt	0
89	26	117	default:dirt	0
90	26	117	default:dirt	0
91	26	117	default:dirt	0
92	26	117	default:dirt	0
93	26	117	default:dirt	0
94	26	117	default:dirt	0
95	26	117	default:dirt	0
96	26	117	default:dirt	0
97	26	117	default:dirt	0
98	26	117	default:dirt	0
99	26	117	default:dirt	0
100	26	117	default:dirt	0
101	26	117	default:dirt	0
102	26	117	default:dirt	0
103	26	117	default:dirt	0
104	26	117	default:dirt	0
105	26	117	default:dirt	0
106	26	117	default:dirt	0
107	26	117	default:dirt	0
108	26	117	default:dirt	0
109	26	117	default:dirt	0
110	26	117	default:dirt	0
111	26	117	default:dirt	0
112	26	117	default:dirt	0
113	26	117	default:dirt	0
114	26	117	default:dirt	0
115	26	117	default:dirt	0
116	26	117	default:dirt	0
117	26	117	default:dirt	0
118	26	117	default:dirt	0
72	27	117	default:dirt	0
73	27	117	default:dirt	0
74	27	117	default:dirt	0
75	27	117	default:dirt	0
76	27	117	default:dirt	0
77	27	117	default:dirt	0
78	27	117	default:dirt	0
79	27	117	default:dirt	0
80	27	117	default:dirt	0
81	27	117	default:dirt	0
82	27	117	default:dirt	0
83	27	117	default:dirt	0
84	27	117	default:dirt	0
85	27	117	default:dirt	0
86	27	117	default:dirt	0
87	27	117	default:dirt	0
88	27	117	default:dirt	0
89	27	117	default:dirt	0
90	27	117	default:dirt	0
91	27	117	default:dirt	0
92	27	117	default:dirt	0
93	27	117	default:dirt	0
94	27	117	default:dirt	0
95	27	117	default:dirt	0
96	27	117	default:dirt	0
97	27	117	default:dirt	0
98	27	117	default:dirt	0
99	27	117	default:dirt	0
100	27	117	default:dirt	0
101	27	117	default:dirt	0
102	27	117	default:dirt	0
103	27	117	default:dirt	0
104	27	117	default:dirt	0
105	27	117	default:dirt	0
106	27	117	default:dirt	0
107	27	117	default:dirt	0
108	27	117	default:dirt	0
109	27	117	default:dirt	0
110	27	117	default:dirt	0
111	27	117	default:dirt	0
112	27	117	default:dirt	0
113	27	117	default:dirt	0
114	27	117	default:dirt	0
115	27	117	default:dirt	0
116	27	117	default:dirt	0
117	27	117	default:dirt	0
118	27	117	default:dirt	0
72	28	117	grug_nodes:dirt_with_silver_litter	0
73	28	117	grug_nodes:dirt_with_silver_litter	0
74	28	117	grug_nodes:dirt_with_silver_litter	0
75	28	117	grug_nodes:dirt_with_silver_litter	0
76	28	117	grug_nodes:dirt_with_silver_litter	0
77	28	117	grug_nodes:dirt_with_silver_litter	0
78	28	117	grug_nodes:dirt_with_silver_litter	0
79	28	117	grug_nodes:dirt_with_silver_litter	0
80	28	117	grug_nodes:dirt_with_silver_litter	0
81	28	117	grug_nodes:dirt_with_silver_litter	0
82	28	117	grug_nodes:dirt_with_silver_litter	0
83	28	117	grug_nodes:dirt_with_silver_litter	0
84	28	117	grug_nodes:dirt_with_silver_litter	0
85	28	117	grug_nodes:dirt_with_silver_litter	0
86	28	117	grug_nodes:dirt_with_silver_litter	0
87	28	117	grug_nodes:dirt_with_silver_litter	0
88	28	117	grug_nodes:dirt_with_silver_litter	0
89	28	117	grug_nodes:dirt_with_silver_litter	0
90	28	117	grug_nodes:dirt_with_silver_litter	0
91	28	117	grug_nodes:dirt_with_silver_litter	0
92	28	117	grug_nodes:dirt_with_silver_litter	0
93	28	117	grug_nodes:dirt_with_silver_litter	0
94	28	117	grug_nodes:dirt_with_silver_litter	0
95	28	117	grug_nodes:dirt_with_silver_litter	0
96	28	117	grug_nodes:dirt_with_silver_litter	0
97	28	117	grug_nodes:dirt_with_silver_litter	0
98	28	117	grug_nodes:dirt_with_silver_litter	0
99	28	117	grug_nodes:dirt_with_silver_litter	0
100	28	117	grug_nodes:dirt_with_silver_litter	0
101	28	117	grug_nodes:dirt_with_silver_litter	0
102	28	117	grug_nodes:dirt_with_silver_litter	0
103	28	117	grug_nodes:dirt_with_silver_litter	0
104	28	117	grug_nodes:dirt_with_silver_litter	0
105	28	117	default:dirt	0
106	28	117	default:dirt	0
107	28	117	default:dirt	0
108	28	117	default:dirt	0
109	28	117	default:dirt	0
110	28	117	default:dirt	0
111	28	117	default:dirt	0
112	28	117	default:dirt	0
113	28	117	default:dirt	0
114	28	117	default:dirt	0
115	28	117	default:dirt	0
116	28	117	default:dirt	0
117	28	117	default:dirt	0
118	28	117	default:dirt	0
72	29	117	default:river_water_source	0
73	29	117	default:river_water_source	0
74	29	117	default:river_water_source	0
75	29	117	default:river_water_source	0
76	29	117	default:river_water_source	0
77	29	117	default:river_water_source	0
78	29	117	default:river_water_source	0
79	29	117	default:river_water_source	0
80	29	117	default:river_water_source	0
81	29	117	default:river_water_source	0
82	29	117	default:river_water_source	0
83	29	117	default:river_water_source	0
84	29	117	default:river_water_source	0
85	29	117	default:river_water_source	0
86	29	117	default:river_water_source	0
87	29	117	default:river_water_source	0
88	29	117	default:river_water_source	0
89	29	117	default:river_water_source	0
90	29	117	default:river_water_source	0
91	29	117	default:river_water_source	0
92	29	117	default:river_water_source	0
93	29	117	default:river_water_source	0
94	29	117	default:river_water_source	0
95	29	117	default:river_water_source	0
96	29	117	default:river_water_source	0
97	29	117	default:river_water_source	0
98	29	117	default:river_water_source	0
99	29	117	default:river_water_source	0
100	29	117	default:river_water_source	0
101	29	117	default:river_water_source	0
102	29	117	default:river_water_source	0
103	29	117	default:river_water_source	0
104	29	117	default:river_water_source	0
105	29	117	grug_nodes:dirt_with_silver_litter	0
106	29	117	grug_nodes:dirt_with_silver_litter	0
107	29	117	grug_nodes:dirt_with_silver_litter	0
108	29	117	grug_nodes:dirt_with_silver_litter	0
109	29	117	grug_nodes:dirt_with_silver_litter	0
110	29	117	grug_nodes:dirt_with_silver_litter	0
111	29	117	grug_nodes:dirt_with_silver_litter	0
112	29	117	grug_nodes:dirt_with_silver_litter	0
113	29	117	grug_nodes:dirt_with_silver_litter	0
114	29	117	grug_nodes:dirt_with_silver_litter	0
115	29	117	grug_nodes:dirt_with_silver_litter	0
116	29	117	grug_nodes:dirt_with_silver_litter	0
117	29	117	grug_nodes:dirt_with_silver_litter	0
118	29	117	grug_nodes:dirt_with_silver_litter	0
72	30	117	default:river_water_source	0
73	30	117	default:river_water_source	0
74	30	117	default:river_water_source	0
75	30	117	default:river_water_source	0
76	30	117	default:river_water_source	0
77	30	117	default:river_water_source	0
78	30	117	default:river_water_source	0
79	30	117	default:river_water_source	0
80	30	117	default:river_water_source	0
81	30	117	default:river_water_source	0
82	30	117	default:river_water_source	0
83	30	117	default:river_water_source	0
84	30	117	default:river_water_source	0
85	30	117	default:river_water_source	0
86	30	117	default:river_water_source	0
87	30	117	default:river_water_source	0
88	30	117	default:river_water_source	0
89	30	117	default:river_water_source	0
90	30	117	default:river_water_source	0
91	30	117	default:river_water_source	0
92	30	117	default:river_water_source	0
93	30	117	default:river_water_source	0
94	30	117	default:river_water_source	0
95	30	117	default:river_water_source	0
96	30	117	default:river_water_source	0
97	30	117	default:river_water_source	0
98	30	117	default:river_water_source	0
99	30	117	default:river_water_source	0
100	30	117	default:river_water_source	0
101	30	117	default:river_water_source	0
102	30	117	default:river_water_source	0
103	30	117	default:river_water_source	0
104	30	117	default:river_water_source	0
105	30	117	default:river_water_source	0
106	30	117	default:river_water_source	0
107	30	117	default:river_water_source	0
108	30	117	default:river_water_source	0
109	30	117	default:river_water_source	0
110	30	117	default:river_water_source	0
111	30	117	default:river_water_source	0
112	30	117	default:river_water_source	0
113	30	117	default:river_water_source	0
114	30	117	default:river_water_source	0
115	30	117	default:river_water_source	0
116	30	117	default:river_water_source	0
117	30	117	default:river_water_source	0
118	30	117	default:river_water_source	0
72	31	117	default:river_water_source	0
73	31	117	default:river_water_source	0
74	31	117	default:river_water_source	0
75	31	117	default:river_water_source	0
76	31	117	default:river_water_source	0
77	31	117	default:river_water_source	0
78	31	117	default:river_water_source	0
79	31	117	default:river_water_source	0
80	31	117	default:river_water_source	0
81	31	117	default:river_water_source	0
82	31	117	default:river_water_source	0
83	31	117	default:river_water_source	0
84	31	117	default:river_water_source	0
85	31	117	default:river_water_source	0
86	31	117	default:river_water_source	0
87	31	117	default:river_water_source	0
88	31	117	default:river_water_source	0
89	31	117	default:river_water_source	0
90	31	117	default:river_water_source	0
91	31	117	default:river_water_source	0
92	31	117	default:river_water_source	0
93	31	117	default:river_water_source	0
94	31	117	default:river_water_source	0
95	31	117	default:river_water_source	0
96	31	117	default:river_water_source	0
97	31	117	default:river_water_source	0
98	31	117	default:river_water_source	0
99	31	117	default:river_water_source	0
100	31	117	default:river_water_source	0
101	31	117	default:river_water_source	0
102	31	117	default:river_water_source	0
103	31	117	default:river_water_source	0
104	31	117	default:river_water_source	0
105	31	117	default:river_water_source	0
106	31	117	default:river_water_source	0
107	31	117	default:river_water_source	0
108	31	117	default:river_water_source	0
109	31	117	default:river_water_source	0
110	31	117	default:river_water_source	0
111	31	117	default:river_water_source	0
112	31	117	default:river_water_source	0
113	31	117	default:river_water_source	0
114	31	117	default:river_water_source	0
115	31	117	default:river_water_source	0
116	31	117	default:river_water_source	0
117	31	117	default:river_water_source	0
118	31	117	default:river_water_source	0
72	32	117	default:river_water_source	0
73	32	117	default:river_water_source	0
74	32	117	default:river_water_source	0
75	32	117	default:river_water_source	0
76	32	117	default:river_water_source	0
77	32	117	default:river_water_source	0
78	32	117	default:river_water_source	0
79	32	117	default:river_water_source	0
80	32	117	default:river_water_source	0
81	32	117	default:river_water_source	0
82	32	117	default:river_water_source	0
83	32	117	default:river_water_source	0
84	32	117	default:river_water_source	0
85	32	117	default:river_water_source	0
86	32	117	default:river_water_source	0
87	32	117	default:river_water_source	0
88	32	117	default:river_water_source	0
89	32	117	default:river_water_source	0
90	32	117	default:river_water_source	0
91	32	117	default:river_water_source	0
92	32	117	default:river_water_source	0
93	32	117	default:river_water_source	0
94	32	117	default:river_water_source	0
95	32	117	default:river_water_source	0
96	32	117	default:river_water_source	0
97	32	117	default:river_water_source	0
98	32	117	default:river_water_source	0
99	32	117	default:river_water_source	0
100	32	117	default:river_water_source	0
101	32	117	default:river_water_source	0
102	32	117	default:river_water_source	0
103	32	117	default:river_water_source	0
104	32	117	default:river_water_source	0
105	32	117	default:river_water_source	0
106	32	117	default:river_water_source	0
107	32	117	default:river_water_source	0
108	32	117	default:river_water_source	0
109	32	117	default:river_water_source	0
110	32	117	default:river_water_source	0
111	32	117	default:river_water_source	0
112	32	117	default:river_water_source	0
113	32	117	default:river_water_source	0
114	32	117	default:river_water_source	0
115	32	117	default:river_water_source	0
116	32	117	default:river_water_source	0
117	32	117	default:river_water_source	0
118	32	117	default:river_water_source	0
72	33	117	default:river_water_source	0
73	33	117	default:river_water_source	0
74	33	117	default:river_water_source	0
75	33	117	default:river_water_source	0
76	33	117	default:river_water_source	0
77	33	117	default:river_water_source	0
78	33	117	default:river_water_source	0
79	33	117	default:river_water_source	0
80	33	117	default:river_water_source	0
81	33	117	default:river_water_source	0
82	33	117	default:river_water_source	0
83	33	117	default:river_water_source	0
84	33	117	default:river_water_source	0
85	33	117	default:river_water_source	0
86	33	117	default:river_water_source	0
87	33	117	default:river_water_source	0
88	33	117	default:river_water_source	0
89	33	117	default:river_water_source	0
90	33	117	default:river_water_source	0
91	33	117	default:river_water_source	0
92	33	117	default:river_water_source	0
93	33	117	default:river_water_source	0
94	33	117	default:river_water_source	0
95	33	117	default:river_water_source	0
96	33	117	default:river_water_source	0
97	33	117	default:river_water_source	0
98	33	117	default:river_water_source	0
99	33	117	default:river_water_source	0
100	33	117	default:river_water_source	0
101	33	117	default:river_water_source	0
102	33	117	default:river_water_source	0
103	33	117	default:river_water_source	0
104	33	117	default:river_water_source	0
105	33	117	default:river_water_source	0
106	33	117	default:river_water_source	0
107	33	117	default:river_water_source	0
108	33	117	default:river_water_source	0
109	33	117	default:river_water_source	0
110	33	117	default:river_water_source	0
111	33	117	default:river_water_source	0
112	33	117	default:river_water_source	0
113	33	117	default:river_water_source	0
114	33	117	default:river_water_source	0
115	33	117	default:river_water_source	0
116	33	117	default:river_water_source	0
117	33	117	default:river_water_source	0
118	33	117	default:river_water_source	0
72	34	117	default:river_water_source	0
73	34	117	default:river_water_source	0
74	34	117	default:river_water_source	0
75	34	117	default:river_water_source	0
76	34	117	default:river_water_source	0
77	34	117	default:river_water_source	0
78	34	117	default:river_water_source	0
79	34	117	default:river_water_source	0
80	34	117	default:river_water_source	0
81	34	117	default:river_water_source	0
82	34	117	default:river_water_source	0
83	34	117	default:river_water_source	0
84	34	117	default:river_water_source	0
85	34	117	default:river_water_source	0
86	34	117	default:river_water_source	0
87	34	117	default:river_water_source	0
88	34	117	default:river_water_source	0
89	34	117	default:river_water_source	0
90	34	117	default:river_water_source	0
91	34	117	default:river_water_source	0
92	34	117	default:river_water_source	0
93	34	117	default:river_water_source	0
94	34	117	default:river_water_source	0
95	34	117	default:river_water_source	0
96	34	117	default:river_water_source	0
97	34	117	default:river_water_source	0
98	34	117	default:river_water_source	0
99	34	117	default:river_water_source	0
100	34	117	default:river_water_source	0
101	34	117	default:river_water_source	0
102	34	117	default:river_water_source	0
103	34	117	default:river_water_source	0
104	34	117	default:river_water_source	0
105	34	117	default:river_water_source	0
106	34	117	default:river_water_source	0
107	34	117	default:river_water_source	0
108	34	117	default:river_water_source	0
109	34	117	default:river_water_source	0
110	34	117	default:river_water_source	0
111	34	117	default:river_water_source	0
112	34	117	default:river_water_source	0
113	34	117	default:river_water_source	0
114	34	117	default:river_water_source	0
115	34	117	default:river_water_source	0
116	34	117	default:river_water_source	0
117	34	117	default:river_water_source	0
118	34	117	default:river_water_source	0
72	35	117	default:river_water_source	0
73	35	117	default:river_water_source	0
74	35	117	default:river_water_source	0
75	35	117	default:river_water_source	0
76	35	117	default:river_water_source	0
77	35	117	default:river_water_source	0
78	35	117	default:river_water_source	0
79	35	117	default:river_water_source	0
80	35	117	default:river_water_source	0
81	35	117	default:river_water_source	0
82	35	117	default:river_water_source	0
83	35	117	default:river_water_source	0
84	35	117	default:river_water_source	0
85	35	117	default:river_water_source	0
86	35	117	default:river_water_source	0
87	35	117	default:river_water_source	0
88	35	117	default:river_water_source	0
89	35	117	default:river_water_source	0
90	35	117	default:river_water_source	0
91	35	117	default:river_water_source	0
92	35	117	default:river_water_source	0
93	35	117	default:river_water_source	0
94	35	117	default:river_water_source	0
95	35	117	default:river_water_source	0
96	35	117	default:river_water_source	0
97	35	117	default:river_water_source	0
98	35	117	default:river_water_source	0
99	35	117	default:river_water_source	0
100	35	117	default:river_water_source	0
101	35	117	default:river_water_source	0
102	35	117	default:river_water_source	0
103	35	117	default:river_water_source	0
104	35	117	default:river_water_source	0
105	35	117	default:river_water_source	0
106	35	117	default:river_water_source	0
107	35	117	default:river_water_source	0
108	35	117	default:river_water_source	0
109	35	117	default:river_water_source	0
110	35	117	default:river_water_source	0
111	35	117	default:river_water_source	0
112	35	117	default:river_water_source	0
113	35	117	default:river_water_source	0
114	35	117	default:river_water_source	0
115	35	117	default:river_water_source	0
116	35	117	default:river_water_source	0
117	35	117	default:river_water_source	0
118	35	117	default:river_water_source	0
72	25	118	default:dirt	0
73	25	118	default:dirt	0
74	25	118	default:dirt	0
75	25	118	default:dirt	0
76	25	118	default:dirt	0
77	25	118	default:dirt	0
78	25	118	default:dirt	0
79	25	118	default:dirt	0
80	25	118	default:dirt	0
81	25	118	default:dirt	0
82	25	118	default:dirt	0
83	25	118	default:dirt	0
84	25	118	default:dirt	0
85	25	118	default:dirt	0
86	25	118	default:dirt	0
87	25	118	default:dirt	0
88	25	118	default:dirt	0
89	25	118	default:dirt	0
90	25	118	default:dirt	0
91	25	118	default:dirt	0
92	25	118	default:dirt	0
93	25	118	default:dirt	0
94	25	118	default:dirt	0
95	25	118	default:dirt	0
96	25	118	default:dirt	0
97	25	118	default:dirt	0
98	25	118	default:dirt	0
99	25	118	default:dirt	0
100	25	118	default:dirt	0
101	25	118	default:dirt	0
102	25	118	default:dirt	0
103	25	118	default:dirt	0
104	25	118	default:dirt	0
72	26	118	default:dirt	0
73	26	118	default:dirt	0
74	26	118	default:dirt	0
75	26	118	default:dirt	0
76	26	118	default:dirt	0
77	26	118	default:dirt	0
78	26	118	default:dirt	0
79	26	118	default:dirt	0
80	26	118	default:dirt	0
81	26	118	default:dirt	0
82	26	118	default:dirt	0
83	26	118	default:dirt	0
84	26	118	default:dirt	0
85	26	118	default:dirt	0
86	26	118	default:dirt	0
87	26	118	default:dirt	0
88	26	118	default:dirt	0
89	26	118	default:dirt	0
90	26	118	default:dirt	0
91	26	118	default:dirt	0
92	26	118	default:dirt	0
93	26	118	default:dirt	0
94	26	118	default:dirt	0
95	26	118	default:dirt	0
96	26	118	default:dirt	0
97	26	118	default:dirt	0
98	26	118	default:dirt	0
99	26	118	default:dirt	0
100	26	118	default:dirt	0
101	26	118	default:dirt	0
102	26	118	default:dirt	0
103	26	118	default:dirt	0
104	26	118	default:dirt	0
105	26	118	default:dirt	0
106	26	118	default:dirt	0
107	26	118	default:dirt	0
108	26	118	default:dirt	0
109	26	118	default:dirt	0
110	26	118	default:dirt	0
111	26	118	default:dirt	0
112	26	118	default:dirt	0
113	26	118	default:dirt	0
114	26	118	default:dirt	0
115	26	118	default:dirt	0
116	26	118	default:dirt	0
117	26	118	default:dirt	0
118	26	118	default:dirt	0
72	27	118	default:dirt	0
73	27	118	default:dirt	0
74	27	118	default:dirt	0
75	27	118	default:dirt	0
76	27	118	default:dirt	0
77	27	118	default:dirt	0
78	27	118	default:dirt	0
79	27	118	default:dirt	0
80	27	118	default:dirt	0
81	27	118	default:dirt	0
82	27	118	default:dirt	0
83	27	118	default:dirt	0
84	27	118	default:dirt	0
85	27	118	default:dirt	0
86	27	118	default:dirt	0
87	27	118	default:dirt	0
88	27	118	default:dirt	0
89	27	118	default:dirt	0
90	27	118	default:dirt	0
91	27	118	default:dirt	0
92	27	118	default:dirt	0
93	27	118	default:dirt	0
94	27	118	default:dirt	0
95	27	118	default:dirt	0
96	27	118	default:dirt	0
97	27	118	default:dirt	0
98	27	118	default:dirt	0
99	27	118	default:dirt	0
100	27	118	default:dirt	0
101	27	118	default:dirt	0
102	27	118	default:dirt	0
103	27	118	default:dirt	0
104	27	118	default:dirt	0
105	27	118	default:dirt	0
106	27	118	default:dirt	0
107	27	118	default:dirt	0
108	27	118	default:dirt	0
109	27	118	default:dirt	0
110	27	118	default:dirt	0
111	27	118	default:dirt	0
112	27	118	default:dirt	0
113	27	118	default:dirt	0
114	27	118	default:dirt	0
115	27	118	default:dirt	0
116	27	118	default:dirt	0
117	27	118	default:dirt	0
118	27	118	default:dirt	0
72	28	118	grug_nodes:dirt_with_silver_litter	0
73	28	118	grug_nodes:dirt_with_silver_litter	0
74	28	118	grug_nodes:dirt_with_silver_litter	0
75	28	118	grug_nodes:dirt_with_silver_litter	0
76	28	118	grug_nodes:dirt_with_silver_litter	0
77	28	118	grug_nodes:dirt_with_silver_litter	0
78	28	118	grug_nodes:dirt_with_silver_litter	0
79	28	118	grug_nodes:dirt_with_silver_litter	0
80	28	118	grug_nodes:dirt_with_silver_litter	0
81	28	118	grug_nodes:dirt_with_silver_litter	0
82	28	118	grug_nodes:dirt_with_silver_litter	0
83	28	118	grug_nodes:dirt_with_silver_litter	0
84	28	118	grug_nodes:dirt_with_silver_litter	0
85	28	118	grug_nodes:dirt_with_silver_litter	0
86	28	118	grug_nodes:dirt_with_silver_litter	0
87	28	118	grug_nodes:dirt_with_silver_litter	0
88	28	118	grug_nodes:dirt_with_silver_litter	0
89	28	118	grug_nodes:dirt_with_silver_litter	0
90	28	118	grug_nodes:dirt_with_silver_litter	0
91	28	118	grug_nodes:dirt_with_silver_litter	0
92	28	118	grug_nodes:dirt_with_silver_litter	0
93	28	118	grug_nodes:dirt_with_silver_litter	0
94	28	118	grug_nodes:dirt_with_silver_litter	0
95	28	118	grug_nodes:dirt_with_silver_litter	0
96	28	118	grug_nodes:dirt_with_silver_litter	0
97	28	118	grug_nodes:dirt_with_silver_litter	0
98	28	118	grug_nodes:dirt_with_silver_litter	0
99	28	118	grug_nodes:dirt_with_silver_litter	0
100	28	118	grug_nodes:dirt_with_silver_litter	0
101	28	118	grug_nodes:dirt_with_silver_litter	0
102	28	118	grug_nodes:dirt_with_silver_litter	0
103	28	118	grug_nodes:dirt_with_silver_litter	0
104	28	118	grug_nodes:dirt_with_silver_litter	0
105	28	118	default:dirt	0
106	28	118	default:dirt	0
107	28	118	default:dirt	0
108	28	118	default:dirt	0
109	28	118	default:dirt	0
110	28	118	default:dirt	0
111	28	118	default:dirt	0
112	28	118	default:dirt	0
113	28	118	default:dirt	0
114	28	118	default:dirt	0
115	28	118	default:dirt	0
116	28	118	default:dirt	0
117	28	118	default:dirt	0
118	28	118	default:dirt	0
72	29	118	default:river_water_source	0
73	29	118	default:river_water_source	0
74	29	118	default:river_water_source	0
75	29	118	default:river_water_source	0
76	29	118	default:river_water_source	0
77	29	118	default:river_water_source	0
78	29	118	default:river_water_source	0
79	29	118	default:river_water_source	0
80	29	118	default:river_water_source	0
81	29	118	default:river_water_source	0
82	29	118	default:river_water_source	0
83	29	118	default:river_water_source	0
84	29	118	default:river_water_source	0
85	29	118	default:river_water_source	0
86	29	118	default:river_water_source	0
87	29	118	default:river_water_source	0
88	29	118	default:river_water_source	0
89	29	118	default:river_water_source	0
90	29	118	default:river_water_source	0
91	29	118	default:river_water_source	0
92	29	118	default:river_water_source	0
93	29	118	default:river_water_source	0
94	29	118	default:river_water_source	0
95	29	118	default:river_water_source	0
96	29	118	default:river_water_source	0
97	29	118	default:river_water_source	0
98	29	118	default:river_water_source	0
99	29	118	default:river_water_source	0
100	29	118	default:river_water_source	0
101	29	118	default:river_water_source	0
102	29	118	default:river_water_source	0
103	29	118	default:river_water_source	0
104	29	118	default:river_water_source	0
105	29	118	grug_nodes:dirt_with_silver_litter	0
106	29	118	grug_nodes:dirt_with_silver_litter	0
107	29	118	grug_nodes:dirt_with_silver_litter	0
108	29	118	grug_nodes:dirt_with_silver_litter	0
109	29	118	grug_nodes:dirt_with_silver_litter	0
110	29	118	grug_nodes:dirt_with_silver_litter	0
111	29	118	grug_nodes:dirt_with_silver_litter	0
112	29	118	grug_nodes:dirt_with_silver_litter	0
113	29	118	grug_nodes:dirt_with_silver_litter	0
114	29	118	grug_nodes:dirt_with_silver_litter	0
115	29	118	grug_nodes:dirt_with_silver_litter	0
116	29	118	grug_nodes:dirt_with_silver_litter	0
117	29	118	grug_nodes:dirt_with_silver_litter	0
118	29	118	grug_nodes:dirt_with_silver_litter	0
72	30	118	default:river_water_source	0
73	30	118	default:river_water_source	0
74	30	118	default:river_water_source	0
75	30	118	default:river_water_source	0
76	30	118	default:river_water_source	0
77	30	118	default:river_water_source	0
78	30	118	default:river_water_source	0
79	30	118	default:river_water_source	0
80	30	118	default:river_water_source	0
81	30	118	default:river_water_source	0
82	30	118	default:river_water_source	0
83	30	118	default:river_water_source	0
84	30	118	default:river_water_source	0
85	30	118	default:river_water_source	0
86	30	118	default:river_water_source	0
87	30	118	default:river_water_source	0
88	30	118	default:river_water_source	0
89	30	118	default:river_water_source	0
90	30	118	default:river_water_source	0
91	30	118	default:river_water_source	0
92	30	118	default:river_water_source	0
93	30	118	default:river_water_source	0
94	30	118	default:river_water_source	0
95	30	118	default:river_water_source	0
96	30	118	default:river_water_source	0
97	30	118	default:river_water_source	0
98	30	118	default:river_water_source	0
99	30	118	default:river_water_source	0
100	30	118	default:river_water_source	0
101	30	118	default:river_water_source	0
102	30	118	default:river_water_source	0
103	30	118	default:river_water_source	0
104	30	118	default:river_water_source	0
105	30	118	default:river_water_source	0
106	30	118	default:river_water_source	0
107	30	118	default:river_water_source	0
108	30	118	default:river_water_source	0
109	30	118	default:river_water_source	0
110	30	118	default:river_water_source	0
111	30	118	default:river_water_source	0
112	30	118	default:river_water_source	0
113	30	118	default:river_water_source	0
114	30	118	default:river_water_source	0
115	30	118	default:river_water_source	0
116	30	118	default:river_water_source	0
117	30	118	default:river_water_source	0
118	30	118	default:river_water_source	0
72	31	118	default:river_water_source	0
73	31	118	default:river_water_source	0
74	31	118	default:river_water_source	0
75	31	118	default:river_water_source	0
76	31	118	default:river_water_source	0
77	31	118	default:river_water_source	0
78	31	118	default:river_water_source	0
79	31	118	default:river_water_source	0
80	31	118	default:river_water_source	0
81	31	118	default:river_water_source	0
82	31	118	default:river_water_source	0
83	31	118	default:river_water_source	0
84	31	118	default:river_water_source	0
85	31	118	default:river_water_source	0
86	31	118	default:river_water_source	0
87	31	118	default:river_water_source	0
88	31	118	default:river_water_source	0
89	31	118	default:river_water_source	0
90	31	118	default:river_water_source	0
91	31	118	default:river_water_source	0
92	31	118	default:river_water_source	0
93	31	118	default:river_water_source	0
94	31	118	default:river_water_source	0
95	31	118	default:river_water_source	0
96	31	118	default:river_water_source	0
97	31	118	default:river_water_source	0
98	31	118	default:river_water_source	0
99	31	118	default:river_water_source	0
100	31	118	default:river_water_source	0
101	31	118	default:river_water_source	0
102	31	118	default:river_water_source	0
103	31	118	default:river_water_source	0
104	31	118	default:river_water_source	0
105	31	118	default:river_water_source	0
106	31	118	default:river_water_source	0
107	31	118	default:river_water_source	0
108	31	118	default:river_water_source	0
109	31	118	default:river_water_source	0
110	31	118	default:river_water_source	0
111	31	118	default:river_water_source	0
112	31	118	default:river_water_source	0
113	31	118	default:river_water_source	0
114	31	118	default:river_water_source	0
115	31	118	default:river_water_source	0
116	31	118	default:river_water_source	0
117	31	118	default:river_water_source	0
118	31	118	default:river_water_source	0
72	32	118	default:river_water_source	0
73	32	118	default:river_water_source	0
74	32	118	default:river_water_source	0
75	32	118	default:river_water_source	0
76	32	118	default:river_water_source	0
77	32	118	default:river_water_source	0
78	32	118	default:river_water_source	0
79	32	118	default:river_water_source	0
80	32	118	default:river_water_source	0
81	32	118	default:river_water_source	0
82	32	118	default:river_water_source	0
83	32	118	default:river_water_source	0
84	32	118	default:river_water_source	0
85	32	118	default:river_water_source	0
86	32	118	default:river_water_source	0
87	32	118	default:river_water_source	0
88	32	118	default:river_water_source	0
89	32	118	default:river_water_source	0
90	32	118	default:river_water_source	0
91	32	118	default:river_water_source	0
92	32	118	default:river_water_source	0
93	32	118	default:river_water_source	0
94	32	118	default:river_water_source	0
95	32	118	default:river_water_source	0
96	32	118	default:river_water_source	0
97	32	118	default:river_water_source	0
98	32	118	default:river_water_source	0
99	32	118	default:river_water_source	0
100	32	118	default:river_water_source	0
101	32	118	default:river_water_source	0
102	32	118	default:river_water_source	0
103	32	118	default:river_water_source	0
104	32	118	default:river_water_source	0
105	32	118	default:river_water_source	0
106	32	118	default:river_water_source	0
107	32	118	default:river_water_source	0
108	32	118	default:river_water_source	0
109	32	118	default:river_water_source	0
110	32	118	default:river_water_source	0
111	32	118	default:river_water_source	0
112	32	118	default:river_water_source	0
113	32	118	default:river_water_source	0
114	32	118	default:river_water_source	0
115	32	118	default:river_water_source	0
116	32	118	default:river_water_source	0
117	32	118	default:river_water_source	0
118	32	118	default:river_water_source	0
72	33	118	default:river_water_source	0
73	33	118	default:river_water_source	0
74	33	118	default:river_water_source	0
75	33	118	default:river_water_source	0
76	33	118	default:river_water_source	0
77	33	118	default:river_water_source	0
78	33	118	default:river_water_source	0
79	33	118	default:river_water_source	0
80	33	118	default:river_water_source	0
81	33	118	default:river_water_source	0
82	33	118	default:river_water_source	0
83	33	118	default:river_water_source	0
84	33	118	default:river_water_source	0
85	33	118	default:river_water_source	0
86	33	118	default:river_water_source	0
87	33	118	default:river_water_source	0
88	33	118	default:river_water_source	0
89	33	118	default:river_water_source	0
90	33	118	default:river_water_source	0
91	33	118	default:river_water_source	0
92	33	118	default:river_water_source	0
93	33	118	default:river_water_source	0
94	33	118	default:river_water_source	0
95	33	118	default:river_water_source	0
96	33	118	default:river_water_source	0
97	33	118	default:river_water_source	0
98	33	118	default:river_water_source	0
99	33	118	default:river_water_source	0
100	33	118	default:river_water_source	0
101	33	118	default:river_water_source	0
102	33	118	default:river_water_source	0
103	33	118	default:river_water_source	0
104	33	118	default:river_water_source	0
105	33	118	default:river_water_source	0
106	33	118	default:river_water_source	0
107	33	118	default:river_water_source	0
108	33	118	default:river_water_source	0
109	33	118	default:river_water_source	0
110	33	118	default:river_water_source	0
111	33	118	default:river_water_source	0
112	33	118	default:river_water_source	0
113	33	118	default:river_water_source	0
114	33	118	default:river_water_source	0
115	33	118	default:river_water_source	0
116	33	118	default:river_water_source	0
117	33	118	default:river_water_source	0
118	33	118	default:river_water_source	0
72	34	118	default:river_water_source	0
73	34	118	default:river_water_source	0
74	34	118	default:river_water_source	0
75	34	118	default:river_water_source	0
76	34	118	default:river_water_source	0
77	34	118	default:river_water_source	0
78	34	118	default:river_water_source	0
79	34	118	default:river_water_source	0
80	34	118	default:river_water_source	0
81	34	118	default:river_water_source	0
82	34	118	default:river_water_source	0
83	34	118	default:river_water_source	0
84	34	118	default:river_water_source	0
85	34	118	default:river_water_source	0
86	34	118	default:river_water_source	0
87	34	118	default:river_water_source	0
88	34	118	default:river_water_source	0
89	34	118	default:river_water_source	0
90	34	118	default:river_water_source	0
91	34	118	default:river_water_source	0
92	34	118	default:river_water_source	0
93	34	118	default:river_water_source	0
94	34	118	default:river_water_source	0
95	34	118	default:river_water_source	0
96	34	118	default:river_water_source	0
97	34	118	default:river_water_source	0
98	34	118	default:river_water_source	0
99	34	118	default:river_water_source	0
100	34	118	default:river_water_source	0
101	34	118	default:river_water_source	0
102	34	118	default:river_water_source	0
103	34	118	default:river_water_source	0
104	34	118	default:river_water_source	0
105	34	118	default:river_water_source	0
106	34	118	default:river_water_source	0
107	34	118	default:river_water_source	0
108	34	118	default:river_water_source	0
109	34	118	default:river_water_source	0
110	34	118	default:river_water_source	0
111	34	118	default:river_water_source	0
112	34	118	default:river_water_source	0
113	34	118	default:river_water_source	0
114	34	118	default:river_water_source	0
115	34	118	default:river_water_source	0
116	34	118	default:river_water_source	0
117	34	118	default:river_water_source	0
118	34	118	default:river_water_source	0
72	35	118	default:river_water_source	0
73	35	118	default:river_water_source	0
74	35	118	default:river_water_source	0
75	35	118	default:river_water_source	0
76	35	118	default:river_water_source	0
77	35	118	default:river_water_source	0
78	35	118	default:river_water_source	0
79	35	118	default:river_water_source	0
80	35	118	default:river_water_source	0
81	35	118	default:river_water_source	0
82	35	118	default:river_water_source	0
83	35	118	default:river_water_source	0
84	35	118	default:river_water_source	0
85	35	118	default:river_water_source	0
86	35	118	default:river_water_source	0
87	35	118	default:river_water_source	0
88	35	118	default:river_water_source	0
89	35	118	default:river_water_source	0
90	35	118	default:river_water_source	0
91	35	118	default:river_water_source	0
92	35	118	default:river_water_source	0
93	35	118	default:river_water_source	0
94	35	118	default:river_water_source	0
95	35	118	default:river_water_source	0
96	35	118	default:river_water_source	0
97	35	118	default:river_water_source	0
98	35	118	default:river_water_source	0
99	35	118	default:river_water_source	0
100	35	118	default:river_water_source	0
101	35	118	default:river_water_source	0
102	35	118	default:river_water_source	0
103	35	118	default:river_water_source	0
104	35	118	default:river_water_source	0
105	35	118	default:river_water_source	0
106	35	118	default:river_water_source	0
107	35	118	default:river_water_source	0
108	35	118	default:river_water_source	0
109	35	118	default:river_water_source	0
110	35	118	default:river_water_source	0
111	35	118	default:river_water_source	0
112	35	118	default:river_water_source	0
113	35	118	default:river_water_source	0
114	35	118	default:river_water_source	0
115	35	118	default:river_water_source	0
116	35	118	default:river_water_source	0
117	35	118	default:river_water_source	0
118	35	118	default:river_water_source	0
