# Highcourt highcourt, seed 8675309, window x 150..220 z -14..14, ground 31..37
# anchor 0,-1500
156	27	-14	default:dirt	0
157	27	-14	default:dirt	0
158	27	-14	default:dirt	0
159	27	-14	default:dirt	0
160	27	-14	default:dirt	0
161	27	-14	default:dirt	0
162	27	-14	default:dirt	0
163	27	-14	default:dirt	0
164	27	-14	default:dirt	0
165	27	-14	default:dirt	0
166	27	-14	default:dirt	0
167	27	-14	default:dirt	0
168	27	-14	default:dirt	0
169	27	-14	default:dirt	0
170	27	-14	default:dirt	0
171	27	-14	default:dirt	0
172	27	-14	default:dirt	0
173	27	-14	default:dirt	0
174	27	-14	default:dirt	0
175	27	-14	default:dirt	0
176	27	-14	default:dirt	0
177	27	-14	default:dirt	0
178	27	-14	default:dirt	0
179	27	-14	default:dirt	0
180	27	-14	default:dirt	0
181	27	-14	default:dirt	0
182	27	-14	default:dirt	0
183	27	-14	default:dirt	0
184	27	-14	default:dirt	0
185	27	-14	default:dirt	0
186	27	-14	default:dirt	0
187	27	-14	default:dirt	0
188	27	-14	default:dirt	0
189	27	-14	default:dirt	0
190	27	-14	default:dirt	0
191	27	-14	default:dirt	0
192	27	-14	default:dirt	0
193	27	-14	default:dirt	0
194	27	-14	default:dirt	0
195	27	-14	default:dirt	0
196	27	-14	default:dirt	0
197	27	-14	default:dirt	0
153	28	-14	default:dirt	0
154	28	-14	default:dirt	0
155	28	-14	default:dirt	0
156	28	-14	default:dirt	0
157	28	-14	default:dirt	0
158	28	-14	default:dirt	0
159	28	-14	default:dirt	0
160	28	-14	default:dirt	0
161	28	-14	default:dirt	0
162	28	-14	default:dirt	0
163	28	-14	default:dirt	0
164	28	-14	default:dirt	0
165	28	-14	default:dirt	0
166	28	-14	default:dirt	0
167	28	-14	default:dirt	0
168	28	-14	default:dirt	0
169	28	-14	default:dirt	0
170	28	-14	default:dirt	0
171	28	-14	default:dirt	0
172	28	-14	default:dirt	0
173	28	-14	default:dirt	0
174	28	-14	default:dirt	0
175	28	-14	default:dirt	0
176	28	-14	default:dirt	0
177	28	-14	default:dirt	0
178	28	-14	default:dirt	0
179	28	-14	default:dirt	0
180	28	-14	default:dirt	0
181	28	-14	default:dirt	0
182	28	-14	default:dirt	0
183	28	-14	default:dirt	0
184	28	-14	default:dirt	0
185	28	-14	default:dirt	0
186	28	-14	default:dirt	0
187	28	-14	default:dirt	0
188	28	-14	default:dirt	0
189	28	-14	default:dirt	0
190	28	-14	default:dirt	0
191	28	-14	default:dirt	0
192	28	-14	default:dirt	0
193	28	-14	default:dirt	0
194	28	-14	default:dirt	0
195	28	-14	default:dirt	0
196	28	-14	default:dirt	0
197	28	-14	default:dirt	0
198	28	-14	default:dirt	0
199	28	-14	default:dirt	0
200	28	-14	default:dirt	0
201	28	-14	default:dirt	0
202	28	-14	default:dirt	0
203	28	-14	default:dirt	0
204	28	-14	default:dirt	0
205	28	-14	default:dirt	0
206	28	-14	default:dirt	0
207	28	-14	default:dirt	0
208	28	-14	default:dirt	0
209	28	-14	default:dirt	0
210	28	-14	default:dirt	0
211	28	-14	default:dirt	0
153	29	-14	default:dirt	0
154	29	-14	default:dirt	0
155	29	-14	default:dirt	0
156	29	-14	default:dirt	0
157	29	-14	default:dirt	0
158	29	-14	default:dirt	0
159	29	-14	default:dirt	0
160	29	-14	default:dirt	0
161	29	-14	default:dirt	0
162	29	-14	default:dirt	0
163	29	-14	default:dirt	0
164	29	-14	default:dirt	0
165	29	-14	default:dirt	0
166	29	-14	default:dirt	0
167	29	-14	default:dirt	0
168	29	-14	default:dirt	0
169	29	-14	default:dirt	0
170	29	-14	default:dirt	0
171	29	-14	default:dirt	0
172	29	-14	default:dirt	0
173	29	-14	default:dirt	0
174	29	-14	default:dirt	0
175	29	-14	default:dirt	0
176	29	-14	default:dirt	0
177	29	-14	default:dirt	0
178	29	-14	default:dirt	0
179	29	-14	default:dirt	0
180	29	-14	default:dirt	0
181	29	-14	default:dirt	0
182	29	-14	default:dirt	0
183	29	-14	default:dirt	0
184	29	-14	default:dirt	0
185	29	-14	default:dirt	0
186	29	-14	default:dirt	0
187	29	-14	default:dirt	0
188	29	-14	default:dirt	0
189	29	-14	default:dirt	0
190	29	-14	default:dirt	0
191	29	-14	default:dirt	0
192	29	-14	default:dirt	0
193	29	-14	default:dirt	0
194	29	-14	default:dirt	0
195	29	-14	default:dirt	0
196	29	-14	default:dirt	0
197	29	-14	default:dirt	0
198	29	-14	default:dirt	0
199	29	-14	default:dirt	0
200	29	-14	default:dirt	0
201	29	-14	default:dirt	0
202	29	-14	default:dirt	0
203	29	-14	default:dirt	0
204	29	-14	default:dirt	0
205	29	-14	default:dirt	0
206	29	-14	default:dirt	0
207	29	-14	default:dirt	0
208	29	-14	default:dirt	0
209	29	-14	default:dirt	0
210	29	-14	default:dirt	0
211	29	-14	default:dirt	0
153	30	-14	default:dirt	0
154	30	-14	default:dirt	0
155	30	-14	default:dirt	0
156	30	-14	default:dirt_with_grass	0
157	30	-14	default:dirt_with_grass	0
158	30	-14	default:dirt_with_grass	0
159	30	-14	default:dirt_with_grass	0
160	30	-14	default:dirt_with_grass	0
161	30	-14	default:dirt_with_grass	0
162	30	-14	default:dirt_with_grass	0
163	30	-14	default:dirt_with_grass	0
164	30	-14	default:dirt_with_grass	0
165	30	-14	default:dirt_with_grass	0
166	30	-14	default:dirt_with_grass	0
167	30	-14	default:dirt_with_grass	0
168	30	-14	default:dirt_with_grass	0
169	30	-14	default:dirt_with_grass	0
170	30	-14	default:dirt_with_grass	0
171	30	-14	default:dirt_with_grass	0
172	30	-14	default:dirt_with_grass	0
173	30	-14	default:dirt_with_grass	0
174	30	-14	default:dirt_with_grass	0
175	30	-14	default:dirt_with_grass	0
176	30	-14	default:dirt_with_grass	0
177	30	-14	default:dirt_with_grass	0
178	30	-14	default:dirt_with_grass	0
179	30	-14	default:dirt_with_grass	0
180	30	-14	default:dirt_with_grass	0
181	30	-14	default:dirt_with_grass	0
182	30	-14	default:dirt_with_grass	0
183	30	-14	default:dirt_with_grass	0
184	30	-14	default:dirt_with_grass	0
185	30	-14	default:dirt_with_grass	0
186	30	-14	default:dirt_with_grass	0
187	30	-14	default:dirt_with_grass	0
188	30	-14	default:dirt_with_grass	0
189	30	-14	default:dirt_with_grass	0
190	30	-14	default:dirt_with_grass	0
191	30	-14	default:dirt_with_grass	0
192	30	-14	default:dirt_with_grass	0
193	30	-14	default:dirt_with_grass	0
194	30	-14	default:dirt_with_grass	0
195	30	-14	default:dirt_with_grass	0
196	30	-14	default:dirt_with_grass	0
197	30	-14	default:dirt_with_grass	0
198	30	-14	default:dirt	0
199	30	-14	default:dirt	0
200	30	-14	default:dirt	0
201	30	-14	default:dirt	0
202	30	-14	default:dirt	0
203	30	-14	default:dirt	0
204	30	-14	default:dirt	0
205	30	-14	default:dirt	0
206	30	-14	default:dirt	0
207	30	-14	default:dirt	0
208	30	-14	default:dirt	0
209	30	-14	default:dirt	0
210	30	-14	default:dirt	0
211	30	-14	default:dirt	0
153	31	-14	default:dirt_with_grass	0
154	31	-14	default:dirt_with_grass	0
155	31	-14	default:dirt_with_grass	0
156	31	-14	default:river_water_source	0
157	31	-14	default:river_water_source	0
158	31	-14	default:river_water_source	0
159	31	-14	default:river_water_source	0
160	31	-14	default:river_water_source	0
161	31	-14	default:river_water_source	0
162	31	-14	default:river_water_source	0
163	31	-14	default:river_water_source	0
164	31	-14	default:river_water_source	0
165	31	-14	default:river_water_source	0
166	31	-14	default:river_water_source	0
167	31	-14	default:river_water_source	0
168	31	-14	default:river_water_source	0
169	31	-14	default:river_water_source	0
170	31	-14	default:river_water_source	0
171	31	-14	default:river_water_source	0
172	31	-14	default:river_water_source	0
173	31	-14	default:river_water_source	0
174	31	-14	default:river_water_source	0
175	31	-14	default:river_water_source	0
176	31	-14	default:river_water_source	0
177	31	-14	default:river_water_source	0
178	31	-14	default:river_water_source	0
179	31	-14	default:river_water_source	0
180	31	-14	default:river_water_source	0
181	31	-14	default:river_water_source	0
182	31	-14	default:river_water_source	0
183	31	-14	default:river_water_source	0
184	31	-14	default:river_water_source	0
185	31	-14	default:river_water_source	0
186	31	-14	default:river_water_source	0
187	31	-14	default:river_water_source	0
188	31	-14	default:river_water_source	0
189	31	-14	default:river_water_source	0
190	31	-14	default:river_water_source	0
191	31	-14	default:river_water_source	0
192	31	-14	default:river_water_source	0
193	31	-14	default:river_water_source	0
194	31	-14	default:river_water_source	0
195	31	-14	default:river_water_source	0
196	31	-14	default:river_water_source	0
197	31	-14	default:river_water_source	0
198	31	-14	default:dirt_with_grass	0
199	31	-14	default:dirt_with_grass	0
200	31	-14	default:dirt_with_grass	0
201	31	-14	default:dirt_with_grass	0
202	31	-14	default:dirt_with_grass	0
203	31	-14	default:dirt_with_grass	0
204	31	-14	default:dirt_with_grass	0
205	31	-14	default:dirt_with_grass	0
206	31	-14	default:dirt_with_grass	0
207	31	-14	default:dirt_with_grass	0
208	31	-14	default:dirt_with_grass	0
209	31	-14	default:dirt_with_grass	0
210	31	-14	default:dirt_with_grass	0
211	31	-14	default:dirt_with_grass	0
153	32	-14	default:river_water_source	0
154	32	-14	default:river_water_source	0
155	32	-14	default:river_water_source	0
156	32	-14	default:river_water_source	0
157	32	-14	default:river_water_source	0
158	32	-14	default:river_water_source	0
159	32	-14	default:river_water_source	0
160	32	-14	default:river_water_source	0
161	32	-14	default:river_water_source	0
162	32	-14	default:river_water_source	0
163	32	-14	default:river_water_source	0
164	32	-14	default:river_water_source	0
165	32	-14	default:river_water_source	0
166	32	-14	default:river_water_source	0
167	32	-14	default:river_water_source	0
168	32	-14	default:river_water_source	0
169	32	-14	default:river_water_source	0
170	32	-14	default:river_water_source	0
171	32	-14	default:river_water_source	0
172	32	-14	default:river_water_source	0
173	32	-14	default:river_water_source	0
174	32	-14	default:river_water_source	0
175	32	-14	default:river_water_source	0
176	32	-14	default:river_water_source	0
177	32	-14	default:river_water_source	0
178	32	-14	default:river_water_source	0
179	32	-14	default:river_water_source	0
180	32	-14	default:river_water_source	0
181	32	-14	default:river_water_source	0
182	32	-14	default:river_water_source	0
183	32	-14	default:river_water_source	0
184	32	-14	default:river_water_source	0
185	32	-14	default:river_water_source	0
186	32	-14	default:river_water_source	0
187	32	-14	default:river_water_source	0
188	32	-14	default:river_water_source	0
189	32	-14	default:river_water_source	0
190	32	-14	default:river_water_source	0
191	32	-14	default:river_water_source	0
192	32	-14	default:river_water_source	0
193	32	-14	default:river_water_source	0
194	32	-14	default:river_water_source	0
195	32	-14	default:river_water_source	0
196	32	-14	default:river_water_source	0
197	32	-14	default:river_water_source	0
198	32	-14	default:river_water_source	0
199	32	-14	default:river_water_source	0
200	32	-14	default:river_water_source	0
201	32	-14	default:river_water_source	0
202	32	-14	default:river_water_source	0
203	32	-14	default:river_water_source	0
204	32	-14	default:river_water_source	0
205	32	-14	default:river_water_source	0
206	32	-14	default:river_water_source	0
207	32	-14	default:river_water_source	0
208	32	-14	default:river_water_source	0
209	32	-14	default:river_water_source	0
210	32	-14	default:river_water_source	0
211	32	-14	default:river_water_source	0
219	32	-14	default:dirt	0
220	32	-14	default:dirt	0
153	33	-14	default:river_water_source	0
154	33	-14	default:river_water_source	0
155	33	-14	default:river_water_source	0
156	33	-14	default:river_water_source	0
157	33	-14	default:river_water_source	0
158	33	-14	default:river_water_source	0
159	33	-14	default:river_water_source	0
160	33	-14	default:river_water_source	0
161	33	-14	default:river_water_source	0
162	33	-14	default:river_water_source	0
163	33	-14	default:river_water_source	0
164	33	-14	default:river_water_source	0
165	33	-14	default:river_water_source	0
166	33	-14	default:river_water_source	0
167	33	-14	default:river_water_source	0
168	33	-14	default:river_water_source	0
169	33	-14	default:river_water_source	0
170	33	-14	default:river_water_source	0
171	33	-14	default:river_water_source	0
172	33	-14	default:river_water_source	0
173	33	-14	default:river_water_source	0
174	33	-14	default:river_water_source	0
175	33	-14	default:river_water_source	0
176	33	-14	default:river_water_source	0
177	33	-14	default:river_water_source	0
178	33	-14	default:river_water_source	0
179	33	-14	default:river_water_source	0
180	33	-14	default:river_water_source	0
181	33	-14	default:river_water_source	0
182	33	-14	default:river_water_source	0
183	33	-14	default:river_water_source	0
184	33	-14	default:river_water_source	0
185	33	-14	default:river_water_source	0
186	33	-14	default:river_water_source	0
187	33	-14	default:river_water_source	0
188	33	-14	default:river_water_source	0
189	33	-14	default:river_water_source	0
190	33	-14	default:river_water_source	0
191	33	-14	default:river_water_source	0
192	33	-14	default:river_water_source	0
193	33	-14	default:river_water_source	0
194	33	-14	default:river_water_source	0
195	33	-14	default:river_water_source	0
196	33	-14	default:river_water_source	0
197	33	-14	default:river_water_source	0
198	33	-14	default:river_water_source	0
199	33	-14	default:river_water_source	0
200	33	-14	default:river_water_source	0
201	33	-14	default:river_water_source	0
202	33	-14	default:river_water_source	0
203	33	-14	default:river_water_source	0
204	33	-14	default:river_water_source	0
205	33	-14	default:river_water_source	0
206	33	-14	default:river_water_source	0
207	33	-14	default:river_water_source	0
208	33	-14	default:river_water_source	0
209	33	-14	default:river_water_source	0
210	33	-14	default:river_water_source	0
211	33	-14	default:river_water_source	0
217	33	-14	default:dirt	0
218	33	-14	default:dirt	0
219	33	-14	default:dirt	0
220	33	-14	default:dirt	0
150	34	-14	default:dirt	0
151	34	-14	default:dirt	0
152	34	-14	default:dirt	0
153	34	-14	default:river_water_source	0
154	34	-14	default:river_water_source	0
155	34	-14	default:river_water_source	0
156	34	-14	default:river_water_source	0
157	34	-14	default:river_water_source	0
158	34	-14	default:river_water_source	0
159	34	-14	default:river_water_source	0
160	34	-14	default:river_water_source	0
161	34	-14	default:river_water_source	0
162	34	-14	default:river_water_source	0
163	34	-14	default:river_water_source	0
164	34	-14	default:river_water_source	0
165	34	-14	default:river_water_source	0
166	34	-14	default:river_water_source	0
167	34	-14	default:river_water_source	0
168	34	-14	default:river_water_source	0
169	34	-14	default:river_water_source	0
170	34	-14	default:river_water_source	0
171	34	-14	default:river_water_source	0
172	34	-14	default:river_water_source	0
173	34	-14	default:river_water_source	0
174	34	-14	default:river_water_source	0
175	34	-14	default:river_water_source	0
176	34	-14	default:river_water_source	0
177	34	-14	default:river_water_source	0
178	34	-14	default:river_water_source	0
179	34	-14	default:river_water_source	0
180	34	-14	default:river_water_source	0
181	34	-14	default:river_water_source	0
182	34	-14	default:river_water_source	0
183	34	-14	default:river_water_source	0
184	34	-14	default:river_water_source	0
185	34	-14	default:river_water_source	0
186	34	-14	default:river_water_source	0
187	34	-14	default:river_water_source	0
188	34	-14	default:river_water_source	0
189	34	-14	default:river_water_source	0
190	34	-14	default:river_water_source	0
191	34	-14	default:river_water_source	0
192	34	-14	default:river_water_source	0
193	34	-14	default:river_water_source	0
194	34	-14	default:river_water_source	0
195	34	-14	default:river_water_source	0
196	34	-14	default:river_water_source	0
197	34	-14	default:river_water_source	0
198	34	-14	default:river_water_source	0
199	34	-14	default:river_water_source	0
200	34	-14	default:river_water_source	0
201	34	-14	default:river_water_source	0
202	34	-14	default:river_water_source	0
203	34	-14	default:river_water_source	0
204	34	-14	default:river_water_source	0
205	34	-14	default:river_water_source	0
206	34	-14	default:river_water_source	0
207	34	-14	default:river_water_source	0
208	34	-14	default:river_water_source	0
209	34	-14	default:river_water_source	0
210	34	-14	default:river_water_source	0
211	34	-14	default:river_water_source	0
212	34	-14	default:dirt	0
213	34	-14	default:dirt	0
214	34	-14	default:dirt	0
215	34	-14	default:dirt	0
216	34	-14	default:dirt	0
217	34	-14	default:dirt	0
218	34	-14	default:dirt	0
219	34	-14	default:dirt	0
220	34	-14	default:dirt	0
150	35	-14	default:dirt	0
151	35	-14	default:dirt	0
152	35	-14	default:dirt	0
153	35	-14	default:river_water_source	0
154	35	-14	default:river_water_source	0
155	35	-14	default:river_water_source	0
156	35	-14	default:river_water_source	0
157	35	-14	default:river_water_source	0
158	35	-14	default:river_water_source	0
159	35	-14	default:river_water_source	0
160	35	-14	default:river_water_source	0
161	35	-14	default:river_water_source	0
162	35	-14	default:river_water_source	0
163	35	-14	default:river_water_source	0
164	35	-14	default:river_water_source	0
165	35	-14	default:river_water_source	0
166	35	-14	default:river_water_source	0
167	35	-14	default:river_water_source	0
168	35	-14	default:river_water_source	0
169	35	-14	default:river_water_source	0
170	35	-14	default:river_water_source	0
171	35	-14	default:river_water_source	0
172	35	-14	default:river_water_source	0
173	35	-14	default:river_water_source	0
174	35	-14	default:river_water_source	0
175	35	-14	default:river_water_source	0
176	35	-14	default:river_water_source	0
177	35	-14	default:river_water_source	0
178	35	-14	default:river_water_source	0
179	35	-14	default:river_water_source	0
180	35	-14	default:river_water_source	0
181	35	-14	default:river_water_source	0
182	35	-14	default:river_water_source	0
183	35	-14	default:river_water_source	0
184	35	-14	default:river_water_source	0
185	35	-14	default:river_water_source	0
186	35	-14	default:river_water_source	0
187	35	-14	default:river_water_source	0
188	35	-14	default:river_water_source	0
189	35	-14	default:river_water_source	0
190	35	-14	default:river_water_source	0
191	35	-14	default:river_water_source	0
192	35	-14	default:river_water_source	0
193	35	-14	default:river_water_source	0
194	35	-14	default:river_water_source	0
195	35	-14	default:river_water_source	0
196	35	-14	default:river_water_source	0
197	35	-14	default:river_water_source	0
198	35	-14	default:river_water_source	0
199	35	-14	default:river_water_source	0
200	35	-14	default:river_water_source	0
201	35	-14	default:river_water_source	0
202	35	-14	default:river_water_source	0
203	35	-14	default:river_water_source	0
204	35	-14	default:river_water_source	0
205	35	-14	default:river_water_source	0
206	35	-14	default:river_water_source	0
207	35	-14	default:river_water_source	0
208	35	-14	default:river_water_source	0
209	35	-14	default:river_water_source	0
210	35	-14	default:river_water_source	0
211	35	-14	default:river_water_source	0
212	35	-14	default:dirt	0
213	35	-14	default:dirt	0
214	35	-14	default:dirt	0
215	35	-14	default:dirt	0
216	35	-14	default:dirt	0
217	35	-14	default:dirt	0
218	35	-14	default:dirt	0
219	35	-14	default:dirt_with_grass	0
220	35	-14	default:dirt_with_grass	0
150	36	-14	default:dirt	0
151	36	-14	default:dirt	0
152	36	-14	default:dirt	0
212	36	-14	default:dirt	0
213	36	-14	default:dirt	0
214	36	-14	default:dirt	0
215	36	-14	default:dirt	0
216	36	-14	default:dirt	0
217	36	-14	default:dirt_with_grass	0
218	36	-14	default:dirt_with_grass	0
150	37	-14	default:dirt_with_grass	0
151	37	-14	default:dirt_with_grass	0
152	37	-14	default:dirt_with_grass	0
212	37	-14	default:dirt_with_grass	0
213	37	-14	default:dirt_with_grass	0
214	37	-14	default:dirt_with_grass	0
215	37	-14	default:dirt_with_grass	0
216	37	-14	default:dirt_with_grass	0
156	27	-13	default:dirt	0
157	27	-13	default:dirt	0
158	27	-13	default:dirt	0
159	27	-13	default:dirt	0
160	27	-13	default:dirt	0
161	27	-13	default:dirt	0
162	27	-13	default:dirt	0
163	27	-13	default:dirt	0
164	27	-13	default:dirt	0
165	27	-13	default:dirt	0
166	27	-13	default:dirt	0
167	27	-13	default:dirt	0
168	27	-13	default:dirt	0
169	27	-13	default:dirt	0
170	27	-13	default:dirt	0
171	27	-13	default:dirt	0
172	27	-13	default:dirt	0
173	27	-13	default:dirt	0
174	27	-13	default:dirt	0
175	27	-13	default:dirt	0
176	27	-13	default:dirt	0
177	27	-13	default:dirt	0
178	27	-13	default:dirt	0
179	27	-13	default:dirt	0
180	27	-13	default:dirt	0
181	27	-13	default:dirt	0
182	27	-13	default:dirt	0
183	27	-13	default:dirt	0
184	27	-13	default:dirt	0
185	27	-13	default:dirt	0
186	27	-13	default:dirt	0
187	27	-13	default:dirt	0
188	27	-13	default:dirt	0
189	27	-13	default:dirt	0
190	27	-13	default:dirt	0
191	27	-13	default:dirt	0
192	27	-13	default:dirt	0
193	27	-13	default:dirt	0
194	27	-13	default:dirt	0
195	27	-13	default:dirt	0
196	27	-13	default:dirt	0
197	27	-13	default:dirt	0
198	27	-13	default:dirt	0
199	27	-13	default:dirt	0
200	27	-13	default:dirt	0
201	27	-13	default:dirt	0
152	28	-13	default:dirt	0
153	28	-13	default:dirt	0
154	28	-13	default:dirt	0
155	28	-13	default:dirt	0
156	28	-13	default:dirt	0
157	28	-13	default:dirt	0
158	28	-13	default:dirt	0
159	28	-13	default:dirt	0
160	28	-13	default:dirt	0
161	28	-13	default:dirt	0
162	28	-13	default:dirt	0
163	28	-13	default:dirt	0
164	28	-13	default:dirt	0
165	28	-13	default:dirt	0
166	28	-13	default:dirt	0
167	28	-13	default:dirt	0
168	28	-13	default:dirt	0
169	28	-13	default:dirt	0
170	28	-13	default:dirt	0
171	28	-13	default:dirt	0
172	28	-13	default:dirt	0
173	28	-13	default:dirt	0
174	28	-13	default:dirt	0
175	28	-13	default:dirt	0
176	28	-13	default:dirt	0
177	28	-13	default:dirt	0
178	28	-13	default:dirt	0
179	28	-13	default:dirt	0
180	28	-13	default:dirt	0
181	28	-13	default:dirt	0
182	28	-13	default:dirt	0
183	28	-13	default:dirt	0
184	28	-13	default:dirt	0
185	28	-13	default:dirt	0
186	28	-13	default:dirt	0
187	28	-13	default:dirt	0
188	28	-13	default:dirt	0
189	28	-13	default:dirt	0
190	28	-13	default:dirt	0
191	28	-13	default:dirt	0
192	28	-13	default:dirt	0
193	28	-13	default:dirt	0
194	28	-13	default:dirt	0
195	28	-13	default:dirt	0
196	28	-13	default:dirt	0
197	28	-13	default:dirt	0
198	28	-13	default:dirt	0
199	28	-13	default:dirt	0
200	28	-13	default:dirt	0
201	28	-13	default:dirt	0
202	28	-13	default:dirt	0
203	28	-13	default:dirt	0
204	28	-13	default:dirt	0
205	28	-13	default:dirt	0
206	28	-13	default:dirt	0
207	28	-13	default:dirt	0
208	28	-13	default:dirt	0
209	28	-13	default:dirt	0
210	28	-13	default:dirt	0
152	29	-13	default:dirt	0
153	29	-13	default:dirt	0
154	29	-13	default:dirt	0
155	29	-13	default:dirt	0
156	29	-13	default:dirt	0
157	29	-13	default:dirt	0
158	29	-13	default:dirt	0
159	29	-13	default:dirt	0
160	29	-13	default:dirt	0
161	29	-13	default:dirt	0
162	29	-13	default:dirt	0
163	29	-13	default:dirt	0
164	29	-13	default:dirt	0
165	29	-13	default:dirt	0
166	29	-13	default:dirt	0
167	29	-13	default:dirt	0
168	29	-13	default:dirt	0
169	29	-13	default:dirt	0
170	29	-13	default:dirt	0
171	29	-13	default:dirt	0
172	29	-13	default:dirt	0
173	29	-13	default:dirt	0
174	29	-13	default:dirt	0
175	29	-13	default:dirt	0
176	29	-13	default:dirt	0
177	29	-13	default:dirt	0
178	29	-13	default:dirt	0
179	29	-13	default:dirt	0
180	29	-13	default:dirt	0
181	29	-13	default:dirt	0
182	29	-13	default:dirt	0
183	29	-13	default:dirt	0
184	29	-13	default:dirt	0
185	29	-13	default:dirt	0
186	29	-13	default:dirt	0
187	29	-13	default:dirt	0
188	29	-13	default:dirt	0
189	29	-13	default:dirt	0
190	29	-13	default:dirt	0
191	29	-13	default:dirt	0
192	29	-13	default:dirt	0
193	29	-13	default:dirt	0
194	29	-13	default:dirt	0
195	29	-13	default:dirt	0
196	29	-13	default:dirt	0
197	29	-13	default:dirt	0
198	29	-13	default:dirt	0
199	29	-13	default:dirt	0
200	29	-13	default:dirt	0
201	29	-13	default:dirt	0
202	29	-13	default:dirt	0
203	29	-13	default:dirt	0
204	29	-13	default:dirt	0
205	29	-13	default:dirt	0
206	29	-13	default:dirt	0
207	29	-13	default:dirt	0
208	29	-13	default:dirt	0
209	29	-13	default:dirt	0
210	29	-13	default:dirt	0
152	30	-13	default:dirt	0
153	30	-13	default:dirt	0
154	30	-13	default:dirt	0
155	30	-13	default:dirt	0
156	30	-13	default:dirt_with_grass	0
157	30	-13	default:dirt_with_grass	0
158	30	-13	default:dirt_with_grass	0
159	30	-13	default:dirt_with_grass	0
160	30	-13	default:dirt_with_grass	0
161	30	-13	default:dirt_with_grass	0
162	30	-13	default:dirt_with_grass	0
163	30	-13	default:dirt_with_grass	0
164	30	-13	default:dirt_with_grass	0
165	30	-13	default:dirt_with_grass	0
166	30	-13	default:dirt_with_grass	0
167	30	-13	default:dirt_with_grass	0
168	30	-13	default:dirt_with_grass	0
169	30	-13	default:dirt_with_grass	0
170	30	-13	default:dirt_with_grass	0
171	30	-13	default:dirt_with_grass	0
172	30	-13	default:dirt_with_grass	0
173	30	-13	default:dirt_with_grass	0
174	30	-13	default:dirt_with_grass	0
175	30	-13	default:dirt_with_grass	0
176	30	-13	default:dirt_with_grass	0
177	30	-13	default:dirt_with_grass	0
178	30	-13	default:dirt_with_grass	0
179	30	-13	default:dirt_with_grass	0
180	30	-13	default:dirt_with_grass	0
181	30	-13	default:dirt_with_grass	0
182	30	-13	default:dirt_with_grass	0
183	30	-13	default:dirt_with_grass	0
184	30	-13	default:dirt_with_grass	0
185	30	-13	default:dirt_with_grass	0
186	30	-13	default:dirt_with_grass	0
187	30	-13	default:dirt_with_grass	0
188	30	-13	default:dirt_with_grass	0
189	30	-13	default:dirt_with_grass	0
190	30	-13	default:dirt_with_grass	0
191	30	-13	default:dirt_with_grass	0
192	30	-13	default:dirt_with_grass	0
193	30	-13	default:dirt_with_grass	0
194	30	-13	default:dirt_with_grass	0
195	30	-13	default:dirt_with_grass	0
196	30	-13	default:dirt_with_grass	0
197	30	-13	default:dirt_with_grass	0
198	30	-13	default:dirt_with_grass	0
199	30	-13	default:dirt_with_grass	0
200	30	-13	default:dirt_with_grass	0
201	30	-13	default:dirt_with_grass	0
202	30	-13	default:dirt	0
203	30	-13	default:dirt	0
204	30	-13	default:dirt	0
205	30	-13	default:dirt	0
206	30	-13	default:dirt	0
207	30	-13	default:dirt	0
208	30	-13	default:dirt	0
209	30	-13	default:dirt	0
210	30	-13	default:dirt	0
152	31	-13	default:dirt_with_grass	0
153	31	-13	default:dirt_with_grass	0
154	31	-13	default:dirt_with_grass	0
155	31	-13	default:dirt_with_grass	0
156	31	-13	default:river_water_source	0
157	31	-13	default:river_water_source	0
158	31	-13	default:river_water_source	0
159	31	-13	default:river_water_source	0
160	31	-13	default:river_water_source	0
161	31	-13	default:river_water_source	0
162	31	-13	default:river_water_source	0
163	31	-13	default:river_water_source	0
164	31	-13	default:river_water_source	0
165	31	-13	default:river_water_source	0
166	31	-13	default:river_water_source	0
167	31	-13	default:river_water_source	0
168	31	-13	default:river_water_source	0
169	31	-13	default:river_water_source	0
170	31	-13	default:river_water_source	0
171	31	-13	default:river_water_source	0
172	31	-13	default:river_water_source	0
173	31	-13	default:river_water_source	0
174	31	-13	default:river_water_source	0
175	31	-13	default:river_water_source	0
176	31	-13	default:river_water_source	0
177	31	-13	default:river_water_source	0
178	31	-13	default:river_water_source	0
179	31	-13	default:river_water_source	0
180	31	-13	default:river_water_source	0
181	31	-13	default:river_water_source	0
182	31	-13	default:river_water_source	0
183	31	-13	default:river_water_source	0
184	31	-13	default:river_water_source	0
185	31	-13	default:river_water_source	0
186	31	-13	default:river_water_source	0
187	31	-13	default:river_water_source	0
188	31	-13	default:river_water_source	0
189	31	-13	default:river_water_source	0
190	31	-13	default:river_water_source	0
191	31	-13	default:river_water_source	0
192	31	-13	default:river_water_source	0
193	31	-13	default:river_water_source	0
194	31	-13	default:river_water_source	0
195	31	-13	default:river_water_source	0
196	31	-13	default:river_water_source	0
197	31	-13	default:river_water_source	0
198	31	-13	default:river_water_source	0
199	31	-13	default:river_water_source	0
200	31	-13	default:river_water_source	0
201	31	-13	default:river_water_source	0
202	31	-13	default:dirt_with_grass	0
203	31	-13	default:dirt_with_grass	0
204	31	-13	default:dirt_with_grass	0
205	31	-13	default:dirt_with_grass	0
206	31	-13	default:dirt_with_grass	0
207	31	-13	default:dirt_with_grass	0
208	31	-13	default:dirt_with_grass	0
209	31	-13	default:dirt_with_grass	0
210	31	-13	default:dirt_with_grass	0
220	31	-13	default:dirt	0
152	32	-13	default:river_water_source	0
153	32	-13	default:river_water_source	0
154	32	-13	default:river_water_source	0
155	32	-13	default:river_water_source	0
156	32	-13	default:river_water_source	0
157	32	-13	default:river_water_source	0
158	32	-13	default:river_water_source	0
159	32	-13	default:river_water_source	0
160	32	-13	default:river_water_source	0
161	32	-13	default:river_water_source	0
162	32	-13	default:river_water_source	0
163	32	-13	default:river_water_source	0
164	32	-13	default:river_water_source	0
165	32	-13	default:river_water_source	0
166	32	-13	default:river_water_source	0
167	32	-13	default:river_water_source	0
168	32	-13	default:river_water_source	0
169	32	-13	default:river_water_source	0
170	32	-13	default:river_water_source	0
171	32	-13	default:river_water_source	0
172	32	-13	default:river_water_source	0
173	32	-13	default:river_water_source	0
174	32	-13	default:river_water_source	0
175	32	-13	default:river_water_source	0
176	32	-13	default:river_water_source	0
177	32	-13	default:river_water_source	0
178	32	-13	default:river_water_source	0
179	32	-13	default:river_water_source	0
180	32	-13	default:river_water_source	0
181	32	-13	default:river_water_source	0
182	32	-13	default:river_water_source	0
183	32	-13	default:river_water_source	0
184	32	-13	default:river_water_source	0
185	32	-13	default:river_water_source	0
186	32	-13	default:river_water_source	0
187	32	-13	default:river_water_source	0
188	32	-13	default:river_water_source	0
189	32	-13	default:river_water_source	0
190	32	-13	default:river_water_source	0
191	32	-13	default:river_water_source	0
192	32	-13	default:river_water_source	0
193	32	-13	default:river_water_source	0
194	32	-13	default:river_water_source	0
195	32	-13	default:river_water_source	0
196	32	-13	default:river_water_source	0
197	32	-13	default:river_water_source	0
198	32	-13	default:river_water_source	0
199	32	-13	default:river_water_source	0
200	32	-13	default:river_water_source	0
201	32	-13	default:river_water_source	0
202	32	-13	default:river_water_source	0
203	32	-13	default:river_water_source	0
204	32	-13	default:river_water_source	0
205	32	-13	default:river_water_source	0
206	32	-13	default:river_water_source	0
207	32	-13	default:river_water_source	0
208	32	-13	default:river_water_source	0
209	32	-13	default:river_water_source	0
210	32	-13	default:river_water_source	0
218	32	-13	default:dirt	0
219	32	-13	default:dirt	0
220	32	-13	default:dirt	0
152	33	-13	default:river_water_source	0
153	33	-13	default:river_water_source	0
154	33	-13	default:river_water_source	0
155	33	-13	default:river_water_source	0
156	33	-13	default:river_water_source	0
157	33	-13	default:river_water_source	0
158	33	-13	default:river_water_source	0
159	33	-13	default:river_water_source	0
160	33	-13	default:river_water_source	0
161	33	-13	default:river_water_source	0
162	33	-13	default:river_water_source	0
163	33	-13	default:river_water_source	0
164	33	-13	default:river_water_source	0
165	33	-13	default:river_water_source	0
166	33	-13	default:river_water_source	0
167	33	-13	default:river_water_source	0
168	33	-13	default:river_water_source	0
169	33	-13	default:river_water_source	0
170	33	-13	default:river_water_source	0
171	33	-13	default:river_water_source	0
172	33	-13	default:river_water_source	0
173	33	-13	default:river_water_source	0
174	33	-13	default:river_water_source	0
175	33	-13	default:river_water_source	0
176	33	-13	default:river_water_source	0
177	33	-13	default:river_water_source	0
178	33	-13	default:river_water_source	0
179	33	-13	default:river_water_source	0
180	33	-13	default:river_water_source	0
181	33	-13	default:river_water_source	0
182	33	-13	default:river_water_source	0
183	33	-13	default:river_water_source	0
184	33	-13	default:river_water_source	0
185	33	-13	default:river_water_source	0
186	33	-13	default:river_water_source	0
187	33	-13	default:river_water_source	0
188	33	-13	default:river_water_source	0
189	33	-13	default:river_water_source	0
190	33	-13	default:river_water_source	0
191	33	-13	default:river_water_source	0
192	33	-13	default:river_water_source	0
193	33	-13	default:river_water_source	0
194	33	-13	default:river_water_source	0
195	33	-13	default:river_water_source	0
196	33	-13	default:river_water_source	0
197	33	-13	default:river_water_source	0
198	33	-13	default:river_water_source	0
199	33	-13	default:river_water_source	0
200	33	-13	default:river_water_source	0
201	33	-13	default:river_water_source	0
202	33	-13	default:river_water_source	0
203	33	-13	default:river_water_source	0
204	33	-13	default:river_water_source	0
205	33	-13	default:river_water_source	0
206	33	-13	default:river_water_source	0
207	33	-13	default:river_water_source	0
208	33	-13	default:river_water_source	0
209	33	-13	default:river_water_source	0
210	33	-13	default:river_water_source	0
216	33	-13	default:dirt	0
217	33	-13	default:dirt	0
218	33	-13	default:dirt	0
219	33	-13	default:dirt	0
220	33	-13	default:dirt	0
150	34	-13	default:dirt	0
151	34	-13	default:dirt	0
152	34	-13	default:river_water_source	0
153	34	-13	default:river_water_source	0
154	34	-13	default:river_water_source	0
155	34	-13	default:river_water_source	0
156	34	-13	default:river_water_source	0
157	34	-13	default:river_water_source	0
158	34	-13	default:river_water_source	0
159	34	-13	default:river_water_source	0
160	34	-13	default:river_water_source	0
161	34	-13	default:river_water_source	0
162	34	-13	default:river_water_source	0
163	34	-13	default:river_water_source	0
164	34	-13	default:river_water_source	0
165	34	-13	default:river_water_source	0
166	34	-13	default:river_water_source	0
167	34	-13	default:river_water_source	0
168	34	-13	default:river_water_source	0
169	34	-13	default:river_water_source	0
170	34	-13	default:river_water_source	0
171	34	-13	default:river_water_source	0
172	34	-13	default:river_water_source	0
173	34	-13	default:river_water_source	0
174	34	-13	default:river_water_source	0
175	34	-13	default:river_water_source	0
176	34	-13	default:river_water_source	0
177	34	-13	default:river_water_source	0
178	34	-13	default:river_water_source	0
179	34	-13	default:river_water_source	0
180	34	-13	default:river_water_source	0
181	34	-13	default:river_water_source	0
182	34	-13	default:river_water_source	0
183	34	-13	default:river_water_source	0
184	34	-13	default:river_water_source	0
185	34	-13	default:river_water_source	0
186	34	-13	default:river_water_source	0
187	34	-13	default:river_water_source	0
188	34	-13	default:river_water_source	0
189	34	-13	default:river_water_source	0
190	34	-13	default:river_water_source	0
191	34	-13	default:river_water_source	0
192	34	-13	default:river_water_source	0
193	34	-13	default:river_water_source	0
194	34	-13	default:river_water_source	0
195	34	-13	default:river_water_source	0
196	34	-13	default:river_water_source	0
197	34	-13	default:river_water_source	0
198	34	-13	default:river_water_source	0
199	34	-13	default:river_water_source	0
200	34	-13	default:river_water_source	0
201	34	-13	default:river_water_source	0
202	34	-13	default:river_water_source	0
203	34	-13	default:river_water_source	0
204	34	-13	default:river_water_source	0
205	34	-13	default:river_water_source	0
206	34	-13	default:river_water_source	0
207	34	-13	default:river_water_source	0
208	34	-13	default:river_water_source	0
209	34	-13	default:river_water_source	0
210	34	-13	default:river_water_source	0
211	34	-13	default:dirt	0
212	34	-13	default:dirt	0
213	34	-13	default:dirt	0
214	34	-13	default:dirt	0
215	34	-13	default:dirt	0
216	34	-13	default:dirt	0
217	34	-13	default:dirt	0
218	34	-13	default:dirt	0
219	34	-13	default:dirt	0
220	34	-13	default:dirt_with_grass	0
150	35	-13	default:dirt	0
151	35	-13	default:dirt	0
152	35	-13	default:river_water_source	0
153	35	-13	default:river_water_source	0
154	35	-13	default:river_water_source	0
155	35	-13	default:river_water_source	0
156	35	-13	default:river_water_source	0
157	35	-13	default:river_water_source	0
158	35	-13	default:river_water_source	0
159	35	-13	default:river_water_source	0
160	35	-13	default:river_water_source	0
161	35	-13	default:river_water_source	0
162	35	-13	default:river_water_source	0
163	35	-13	default:river_water_source	0
164	35	-13	default:river_water_source	0
165	35	-13	default:river_water_source	0
166	35	-13	default:river_water_source	0
167	35	-13	default:river_water_source	0
168	35	-13	default:river_water_source	0
169	35	-13	default:river_water_source	0
170	35	-13	default:river_water_source	0
171	35	-13	default:river_water_source	0
172	35	-13	default:river_water_source	0
173	35	-13	default:river_water_source	0
174	35	-13	default:river_water_source	0
175	35	-13	default:river_water_source	0
176	35	-13	default:river_water_source	0
177	35	-13	default:river_water_source	0
178	35	-13	default:river_water_source	0
179	35	-13	default:river_water_source	0
180	35	-13	default:river_water_source	0
181	35	-13	default:river_water_source	0
182	35	-13	default:river_water_source	0
183	35	-13	default:river_water_source	0
184	35	-13	default:river_water_source	0
185	35	-13	default:river_water_source	0
186	35	-13	default:river_water_source	0
187	35	-13	default:river_water_source	0
188	35	-13	default:river_water_source	0
189	35	-13	default:river_water_source	0
190	35	-13	default:river_water_source	0
191	35	-13	default:river_water_source	0
192	35	-13	default:river_water_source	0
193	35	-13	default:river_water_source	0
194	35	-13	default:river_water_source	0
195	35	-13	default:river_water_source	0
196	35	-13	default:river_water_source	0
197	35	-13	default:river_water_source	0
198	35	-13	default:river_water_source	0
199	35	-13	default:river_water_source	0
200	35	-13	default:river_water_source	0
201	35	-13	default:river_water_source	0
202	35	-13	default:river_water_source	0
203	35	-13	default:river_water_source	0
204	35	-13	default:river_water_source	0
205	35	-13	default:river_water_source	0
206	35	-13	default:river_water_source	0
207	35	-13	default:river_water_source	0
208	35	-13	default:river_water_source	0
209	35	-13	default:river_water_source	0
210	35	-13	default:river_water_source	0
211	35	-13	default:dirt	0
212	35	-13	default:dirt	0
213	35	-13	default:dirt	0
214	35	-13	default:dirt	0
215	35	-13	default:dirt	0
216	35	-13	default:dirt	0
217	35	-13	default:dirt	0
218	35	-13	default:dirt_with_grass	0
219	35	-13	default:dirt_with_grass	0
150	36	-13	default:dirt	0
151	36	-13	default:dirt	0
211	36	-13	default:dirt	0
212	36	-13	default:dirt	0
213	36	-13	default:dirt	0
214	36	-13	default:dirt	0
215	36	-13	default:dirt	0
216	36	-13	default:dirt_with_grass	0
217	36	-13	default:dirt_with_grass	0
150	37	-13	default:dirt_with_grass	0
151	37	-13	default:dirt_with_grass	0
211	37	-13	default:dirt_with_grass	0
212	37	-13	default:dirt_with_grass	0
213	37	-13	default:dirt_with_grass	0
214	37	-13	default:dirt_with_grass	0
215	37	-13	default:dirt_with_grass	0
155	27	-12	default:dirt	0
156	27	-12	default:dirt	0
157	27	-12	default:dirt	0
158	27	-12	default:dirt	0
159	27	-12	default:dirt	0
160	27	-12	default:dirt	0
161	27	-12	default:dirt	0
162	27	-12	default:dirt	0
163	27	-12	default:dirt	0
164	27	-12	default:dirt	0
165	27	-12	default:dirt	0
166	27	-12	default:dirt	0
167	27	-12	default:dirt	0
168	27	-12	default:dirt	0
169	27	-12	default:dirt	0
170	27	-12	default:dirt	0
171	27	-12	default:dirt	0
172	27	-12	default:dirt	0
173	27	-12	default:dirt	0
174	27	-12	default:dirt	0
175	27	-12	default:dirt	0
176	27	-12	default:dirt	0
177	27	-12	default:dirt	0
178	27	-12	default:dirt	0
179	27	-12	default:dirt	0
180	27	-12	default:dirt	0
181	27	-12	default:dirt	0
182	27	-12	default:dirt	0
183	27	-12	default:dirt	0
184	27	-12	default:dirt	0
185	27	-12	default:dirt	0
186	27	-12	default:dirt	0
187	27	-12	default:dirt	0
188	27	-12	default:dirt	0
189	27	-12	default:dirt	0
190	27	-12	default:dirt	0
191	27	-12	default:dirt	0
192	27	-12	default:dirt	0
193	27	-12	default:dirt	0
194	27	-12	default:dirt	0
195	27	-12	default:dirt	0
196	27	-12	default:dirt	0
197	27	-12	default:dirt	0
198	27	-12	default:dirt	0
199	27	-12	default:dirt	0
200	27	-12	default:dirt	0
201	27	-12	default:dirt	0
202	27	-12	default:dirt	0
203	27	-12	default:dirt	0
151	28	-12	default:dirt	0
152	28	-12	default:dirt	0
153	28	-12	default:dirt	0
154	28	-12	default:dirt	0
155	28	-12	default:dirt	0
156	28	-12	default:dirt	0
157	28	-12	default:dirt	0
158	28	-12	default:dirt	0
159	28	-12	default:dirt	0
160	28	-12	default:dirt	0
161	28	-12	default:dirt	0
162	28	-12	default:dirt	0
163	28	-12	default:dirt	0
164	28	-12	default:dirt	0
165	28	-12	default:dirt	0
166	28	-12	default:dirt	0
167	28	-12	default:dirt	0
168	28	-12	default:dirt	0
169	28	-12	default:dirt	0
170	28	-12	default:dirt	0
171	28	-12	default:dirt	0
172	28	-12	default:dirt	0
173	28	-12	default:dirt	0
174	28	-12	default:dirt	0
175	28	-12	default:dirt	0
176	28	-12	default:dirt	0
177	28	-12	default:dirt	0
178	28	-12	default:dirt	0
179	28	-12	default:dirt	0
180	28	-12	default:dirt	0
181	28	-12	default:dirt	0
182	28	-12	default:dirt	0
183	28	-12	default:dirt	0
184	28	-12	default:dirt	0
185	28	-12	default:dirt	0
186	28	-12	default:dirt	0
187	28	-12	default:dirt	0
188	28	-12	default:dirt	0
189	28	-12	default:dirt	0
190	28	-12	default:dirt	0
191	28	-12	default:dirt	0
192	28	-12	default:dirt	0
193	28	-12	default:dirt	0
194	28	-12	default:dirt	0
195	28	-12	default:dirt	0
196	28	-12	default:dirt	0
197	28	-12	default:dirt	0
198	28	-12	default:dirt	0
199	28	-12	default:dirt	0
200	28	-12	default:dirt	0
201	28	-12	default:dirt	0
202	28	-12	default:dirt	0
203	28	-12	default:dirt	0
204	28	-12	default:dirt	0
205	28	-12	default:dirt	0
206	28	-12	default:dirt	0
207	28	-12	default:dirt	0
208	28	-12	default:dirt	0
209	28	-12	default:dirt	0
210	28	-12	default:dirt	0
151	29	-12	default:dirt	0
152	29	-12	default:dirt	0
153	29	-12	default:dirt	0
154	29	-12	default:dirt	0
155	29	-12	default:dirt	0
156	29	-12	default:dirt	0
157	29	-12	default:dirt	0
158	29	-12	default:dirt	0
159	29	-12	default:dirt	0
160	29	-12	default:dirt	0
161	29	-12	default:dirt	0
162	29	-12	default:dirt	0
163	29	-12	default:dirt	0
164	29	-12	default:dirt	0
165	29	-12	default:dirt	0
166	29	-12	default:dirt	0
167	29	-12	default:dirt	0
168	29	-12	default:dirt	0
169	29	-12	default:dirt	0
170	29	-12	default:dirt	0
171	29	-12	default:dirt	0
172	29	-12	default:dirt	0
173	29	-12	default:dirt	0
174	29	-12	default:dirt	0
175	29	-12	default:dirt	0
176	29	-12	default:dirt	0
177	29	-12	default:dirt	0
178	29	-12	default:dirt	0
179	29	-12	default:dirt	0
180	29	-12	default:dirt	0
181	29	-12	default:dirt	0
182	29	-12	default:dirt	0
183	29	-12	default:dirt	0
184	29	-12	default:dirt	0
185	29	-12	default:dirt	0
186	29	-12	default:dirt	0
187	29	-12	default:dirt	0
188	29	-12	default:dirt	0
189	29	-12	default:dirt	0
190	29	-12	default:dirt	0
191	29	-12	default:dirt	0
192	29	-12	default:dirt	0
193	29	-12	default:dirt	0
194	29	-12	default:dirt	0
195	29	-12	default:dirt	0
196	29	-12	default:dirt	0
197	29	-12	default:dirt	0
198	29	-12	default:dirt	0
199	29	-12	default:dirt	0
200	29	-12	default:dirt	0
201	29	-12	default:dirt	0
202	29	-12	default:dirt	0
203	29	-12	default:dirt	0
204	29	-12	default:dirt	0
205	29	-12	default:dirt	0
206	29	-12	default:dirt	0
207	29	-12	default:dirt	0
208	29	-12	default:dirt	0
209	29	-12	default:dirt	0
210	29	-12	default:dirt	0
151	30	-12	default:dirt	0
152	30	-12	default:dirt	0
153	30	-12	default:dirt	0
154	30	-12	default:dirt	0
155	30	-12	default:dirt_with_grass	0
156	30	-12	default:dirt_with_grass	0
157	30	-12	default:dirt_with_grass	0
158	30	-12	default:dirt_with_grass	0
159	30	-12	default:dirt_with_grass	0
160	30	-12	default:dirt_with_grass	0
161	30	-12	default:dirt_with_grass	0
162	30	-12	default:dirt_with_grass	0
163	30	-12	default:dirt_with_grass	0
164	30	-12	default:dirt_with_grass	0
165	30	-12	default:dirt_with_grass	0
166	30	-12	default:dirt_with_grass	0
167	30	-12	default:dirt_with_grass	0
168	30	-12	default:dirt_with_grass	0
169	30	-12	default:dirt_with_grass	0
170	30	-12	default:dirt_with_grass	0
171	30	-12	default:dirt_with_grass	0
172	30	-12	default:dirt_with_grass	0
173	30	-12	default:dirt_with_grass	0
174	30	-12	default:dirt_with_grass	0
175	30	-12	default:dirt_with_grass	0
176	30	-12	default:dirt_with_grass	0
177	30	-12	default:dirt_with_grass	0
178	30	-12	default:dirt_with_grass	0
179	30	-12	default:dirt_with_grass	0
180	30	-12	default:dirt_with_grass	0
181	30	-12	default:dirt_with_grass	0
182	30	-12	default:dirt_with_grass	0
183	30	-12	default:dirt_with_grass	0
184	30	-12	default:dirt_with_grass	0
185	30	-12	default:dirt_with_grass	0
186	30	-12	default:dirt_with_grass	0
187	30	-12	default:dirt_with_grass	0
188	30	-12	default:dirt_with_grass	0
189	30	-12	default:dirt_with_grass	0
190	30	-12	default:dirt_with_grass	0
191	30	-12	default:dirt_with_grass	0
192	30	-12	default:dirt_with_grass	0
193	30	-12	default:dirt_with_grass	0
194	30	-12	default:dirt_with_grass	0
195	30	-12	default:dirt_with_grass	0
196	30	-12	default:dirt_with_grass	0
197	30	-12	default:dirt_with_grass	0
198	30	-12	default:dirt_with_grass	0
199	30	-12	default:dirt_with_grass	0
200	30	-12	default:dirt_with_grass	0
201	30	-12	default:dirt_with_grass	0
202	30	-12	default:dirt_with_grass	0
203	30	-12	default:dirt_with_grass	0
204	30	-12	default:dirt	0
205	30	-12	default:dirt	0
206	30	-12	default:dirt	0
207	30	-12	default:dirt	0
208	30	-12	default:dirt	0
209	30	-12	default:dirt	0
210	30	-12	default:dirt	0
151	31	-12	default:dirt_with_grass	0
152	31	-12	default:dirt_with_grass	0
153	31	-12	default:dirt_with_grass	0
154	31	-12	default:dirt_with_grass	0
155	31	-12	default:river_water_source	0
156	31	-12	default:river_water_source	0
157	31	-12	default:river_water_source	0
158	31	-12	default:river_water_source	0
159	31	-12	default:river_water_source	0
160	31	-12	default:river_water_source	0
161	31	-12	default:river_water_source	0
162	31	-12	default:river_water_source	0
163	31	-12	default:river_water_source	0
164	31	-12	default:river_water_source	0
165	31	-12	default:river_water_source	0
166	31	-12	default:river_water_source	0
167	31	-12	default:river_water_source	0
168	31	-12	default:river_water_source	0
169	31	-12	default:river_water_source	0
170	31	-12	default:river_water_source	0
171	31	-12	default:river_water_source	0
172	31	-12	default:river_water_source	0
173	31	-12	default:river_water_source	0
174	31	-12	default:river_water_source	0
175	31	-12	default:river_water_source	0
176	31	-12	default:river_water_source	0
177	31	-12	default:river_water_source	0
178	31	-12	default:river_water_source	0
179	31	-12	default:river_water_source	0
180	31	-12	default:river_water_source	0
181	31	-12	default:river_water_source	0
182	31	-12	default:river_water_source	0
183	31	-12	default:river_water_source	0
184	31	-12	default:river_water_source	0
185	31	-12	default:river_water_source	0
186	31	-12	default:river_water_source	0
187	31	-12	default:river_water_source	0
188	31	-12	default:river_water_source	0
189	31	-12	default:river_water_source	0
190	31	-12	default:river_water_source	0
191	31	-12	default:river_water_source	0
192	31	-12	default:river_water_source	0
193	31	-12	default:river_water_source	0
194	31	-12	default:river_water_source	0
195	31	-12	default:river_water_source	0
196	31	-12	default:river_water_source	0
197	31	-12	default:river_water_source	0
198	31	-12	default:river_water_source	0
199	31	-12	default:river_water_source	0
200	31	-12	default:river_water_source	0
201	31	-12	default:river_water_source	0
202	31	-12	default:river_water_source	0
203	31	-12	default:river_water_source	0
204	31	-12	default:dirt_with_grass	0
205	31	-12	default:dirt_with_grass	0
206	31	-12	default:dirt_with_grass	0
207	31	-12	default:dirt_with_grass	0
208	31	-12	default:dirt_with_grass	0
209	31	-12	default:dirt_with_grass	0
210	31	-12	default:dirt_with_grass	0
219	31	-12	default:dirt	0
220	31	-12	default:dirt	0
151	32	-12	default:river_water_source	0
152	32	-12	default:river_water_source	0
153	32	-12	default:river_water_source	0
154	32	-12	default:river_water_source	0
155	32	-12	default:river_water_source	0
156	32	-12	default:river_water_source	0
157	32	-12	default:river_water_source	0
158	32	-12	default:river_water_source	0
159	32	-12	default:river_water_source	0
160	32	-12	default:river_water_source	0
161	32	-12	default:river_water_source	0
162	32	-12	default:river_water_source	0
163	32	-12	default:river_water_source	0
164	32	-12	default:river_water_source	0
165	32	-12	default:river_water_source	0
166	32	-12	default:river_water_source	0
167	32	-12	default:river_water_source	0
168	32	-12	default:river_water_source	0
169	32	-12	default:river_water_source	0
170	32	-12	default:river_water_source	0
171	32	-12	default:river_water_source	0
172	32	-12	default:river_water_source	0
173	32	-12	default:river_water_source	0
174	32	-12	default:river_water_source	0
175	32	-12	default:river_water_source	0
176	32	-12	default:river_water_source	0
177	32	-12	default:river_water_source	0
178	32	-12	default:river_water_source	0
179	32	-12	default:river_water_source	0
180	32	-12	default:river_water_source	0
181	32	-12	default:river_water_source	0
182	32	-12	default:river_water_source	0
183	32	-12	default:river_water_source	0
184	32	-12	default:river_water_source	0
185	32	-12	default:river_water_source	0
186	32	-12	default:river_water_source	0
187	32	-12	default:river_water_source	0
188	32	-12	default:river_water_source	0
189	32	-12	default:river_water_source	0
190	32	-12	default:river_water_source	0
191	32	-12	default:river_water_source	0
192	32	-12	default:river_water_source	0
193	32	-12	default:river_water_source	0
194	32	-12	default:river_water_source	0
195	32	-12	default:river_water_source	0
196	32	-12	default:river_water_source	0
197	32	-12	default:river_water_source	0
198	32	-12	default:river_water_source	0
199	32	-12	default:river_water_source	0
200	32	-12	default:river_water_source	0
201	32	-12	default:river_water_source	0
202	32	-12	default:river_water_source	0
203	32	-12	default:river_water_source	0
204	32	-12	default:river_water_source	0
205	32	-12	default:river_water_source	0
206	32	-12	default:river_water_source	0
207	32	-12	default:river_water_source	0
208	32	-12	default:river_water_source	0
209	32	-12	default:river_water_source	0
210	32	-12	default:river_water_source	0
217	32	-12	default:dirt	0
218	32	-12	default:dirt	0
219	32	-12	default:dirt	0
220	32	-12	default:dirt	0
151	33	-12	default:river_water_source	0
152	33	-12	default:river_water_source	0
153	33	-12	default:river_water_source	0
154	33	-12	default:river_water_source	0
155	33	-12	default:river_water_source	0
156	33	-12	default:river_water_source	0
157	33	-12	default:river_water_source	0
158	33	-12	default:river_water_source	0
159	33	-12	default:river_water_source	0
160	33	-12	default:river_water_source	0
161	33	-12	default:river_water_source	0
162	33	-12	default:river_water_source	0
163	33	-12	default:river_water_source	0
164	33	-12	default:river_water_source	0
165	33	-12	default:river_water_source	0
166	33	-12	default:river_water_source	0
167	33	-12	default:river_water_source	0
168	33	-12	default:river_water_source	0
169	33	-12	default:river_water_source	0
170	33	-12	default:river_water_source	0
171	33	-12	default:river_water_source	0
172	33	-12	default:river_water_source	0
173	33	-12	default:river_water_source	0
174	33	-12	default:river_water_source	0
175	33	-12	default:river_water_source	0
176	33	-12	default:river_water_source	0
177	33	-12	default:river_water_source	0
178	33	-12	default:river_water_source	0
179	33	-12	default:river_water_source	0
180	33	-12	default:river_water_source	0
181	33	-12	default:river_water_source	0
182	33	-12	default:river_water_source	0
183	33	-12	default:river_water_source	0
184	33	-12	default:river_water_source	0
185	33	-12	default:river_water_source	0
186	33	-12	default:river_water_source	0
187	33	-12	default:river_water_source	0
188	33	-12	default:river_water_source	0
189	33	-12	default:river_water_source	0
190	33	-12	default:river_water_source	0
191	33	-12	default:river_water_source	0
192	33	-12	default:river_water_source	0
193	33	-12	default:river_water_source	0
194	33	-12	default:river_water_source	0
195	33	-12	default:river_water_source	0
196	33	-12	default:river_water_source	0
197	33	-12	default:river_water_source	0
198	33	-12	default:river_water_source	0
199	33	-12	default:river_water_source	0
200	33	-12	default:river_water_source	0
201	33	-12	default:river_water_source	0
202	33	-12	default:river_water_source	0
203	33	-12	default:river_water_source	0
204	33	-12	default:river_water_source	0
205	33	-12	default:river_water_source	0
206	33	-12	default:river_water_source	0
207	33	-12	default:river_water_source	0
208	33	-12	default:river_water_source	0
209	33	-12	default:river_water_source	0
210	33	-12	default:river_water_source	0
216	33	-12	default:dirt	0
217	33	-12	default:dirt	0
218	33	-12	default:dirt	0
219	33	-12	default:dirt	0
220	33	-12	default:dirt	0
150	34	-12	default:dirt	0
151	34	-12	default:river_water_source	0
152	34	-12	default:river_water_source	0
153	34	-12	default:river_water_source	0
154	34	-12	default:river_water_source	0
155	34	-12	default:river_water_source	0
156	34	-12	default:river_water_source	0
157	34	-12	default:river_water_source	0
158	34	-12	default:river_water_source	0
159	34	-12	default:river_water_source	0
160	34	-12	default:river_water_source	0
161	34	-12	default:river_water_source	0
162	34	-12	default:river_water_source	0
163	34	-12	default:river_water_source	0
164	34	-12	default:river_water_source	0
165	34	-12	default:river_water_source	0
166	34	-12	default:river_water_source	0
167	34	-12	default:river_water_source	0
168	34	-12	default:river_water_source	0
169	34	-12	default:river_water_source	0
170	34	-12	default:river_water_source	0
171	34	-12	default:river_water_source	0
172	34	-12	default:river_water_source	0
173	34	-12	default:river_water_source	0
174	34	-12	default:river_water_source	0
175	34	-12	default:river_water_source	0
176	34	-12	default:river_water_source	0
177	34	-12	default:river_water_source	0
178	34	-12	default:river_water_source	0
179	34	-12	default:river_water_source	0
180	34	-12	default:river_water_source	0
181	34	-12	default:river_water_source	0
182	34	-12	default:river_water_source	0
183	34	-12	default:river_water_source	0
184	34	-12	default:river_water_source	0
185	34	-12	default:river_water_source	0
186	34	-12	default:river_water_source	0
187	34	-12	default:river_water_source	0
188	34	-12	default:river_water_source	0
189	34	-12	default:river_water_source	0
190	34	-12	default:river_water_source	0
191	34	-12	default:river_water_source	0
192	34	-12	default:river_water_source	0
193	34	-12	default:river_water_source	0
194	34	-12	default:river_water_source	0
195	34	-12	default:river_water_source	0
196	34	-12	default:river_water_source	0
197	34	-12	default:river_water_source	0
198	34	-12	default:river_water_source	0
199	34	-12	default:river_water_source	0
200	34	-12	default:river_water_source	0
201	34	-12	default:river_water_source	0
202	34	-12	default:river_water_source	0
203	34	-12	default:river_water_source	0
204	34	-12	default:river_water_source	0
205	34	-12	default:river_water_source	0
206	34	-12	default:river_water_source	0
207	34	-12	default:river_water_source	0
208	34	-12	default:river_water_source	0
209	34	-12	default:river_water_source	0
210	34	-12	default:river_water_source	0
211	34	-12	default:dirt	0
212	34	-12	default:dirt	0
213	34	-12	default:dirt	0
214	34	-12	default:dirt	0
215	34	-12	default:dirt	0
216	34	-12	default:dirt	0
217	34	-12	default:dirt	0
218	34	-12	default:dirt	0
219	34	-12	default:dirt_with_grass	0
220	34	-12	default:dirt_with_grass	0
150	35	-12	default:dirt	0
151	35	-12	default:river_water_source	0
152	35	-12	default:river_water_source	0
153	35	-12	default:river_water_source	0
154	35	-12	default:river_water_source	0
155	35	-12	default:river_water_source	0
156	35	-12	default:river_water_source	0
157	35	-12	default:river_water_source	0
158	35	-12	default:river_water_source	0
159	35	-12	default:river_water_source	0
160	35	-12	default:river_water_source	0
161	35	-12	default:river_water_source	0
162	35	-12	default:river_water_source	0
163	35	-12	default:river_water_source	0
164	35	-12	default:river_water_source	0
165	35	-12	default:river_water_source	0
166	35	-12	default:river_water_source	0
167	35	-12	default:river_water_source	0
168	35	-12	default:river_water_source	0
169	35	-12	default:river_water_source	0
170	35	-12	default:river_water_source	0
171	35	-12	default:river_water_source	0
172	35	-12	default:river_water_source	0
173	35	-12	default:river_water_source	0
174	35	-12	default:river_water_source	0
175	35	-12	default:river_water_source	0
176	35	-12	default:river_water_source	0
177	35	-12	default:river_water_source	0
178	35	-12	default:river_water_source	0
179	35	-12	default:river_water_source	0
180	35	-12	default:river_water_source	0
181	35	-12	default:river_water_source	0
182	35	-12	default:river_water_source	0
183	35	-12	default:river_water_source	0
184	35	-12	default:river_water_source	0
185	35	-12	default:river_water_source	0
186	35	-12	default:river_water_source	0
187	35	-12	default:river_water_source	0
188	35	-12	default:river_water_source	0
189	35	-12	default:river_water_source	0
190	35	-12	default:river_water_source	0
191	35	-12	default:river_water_source	0
192	35	-12	default:river_water_source	0
193	35	-12	default:river_water_source	0
194	35	-12	default:river_water_source	0
195	35	-12	default:river_water_source	0
196	35	-12	default:river_water_source	0
197	35	-12	default:river_water_source	0
198	35	-12	default:river_water_source	0
199	35	-12	default:river_water_source	0
200	35	-12	default:river_water_source	0
201	35	-12	default:river_water_source	0
202	35	-12	default:river_water_source	0
203	35	-12	default:river_water_source	0
204	35	-12	default:river_water_source	0
205	35	-12	default:river_water_source	0
206	35	-12	default:river_water_source	0
207	35	-12	default:river_water_source	0
208	35	-12	default:river_water_source	0
209	35	-12	default:river_water_source	0
210	35	-12	default:river_water_source	0
211	35	-12	default:dirt	0
212	35	-12	default:dirt	0
213	35	-12	default:dirt	0
214	35	-12	default:dirt	0
215	35	-12	default:dirt	0
216	35	-12	default:dirt	0
217	35	-12	default:dirt_with_grass	0
218	35	-12	default:dirt_with_grass	0
150	36	-12	default:dirt	0
211	36	-12	default:dirt	0
212	36	-12	default:dirt	0
213	36	-12	default:dirt	0
214	36	-12	default:dirt	0
215	36	-12	default:dirt	0
216	36	-12	default:dirt_with_grass	0
150	37	-12	default:dirt_with_grass	0
211	37	-12	default:dirt_with_grass	0
212	37	-12	default:dirt_with_grass	0
213	37	-12	default:dirt_with_grass	0
214	37	-12	default:dirt_with_grass	0
215	37	-12	default:dirt_with_grass	0
155	27	-11	default:dirt	0
156	27	-11	default:dirt	0
157	27	-11	default:dirt	0
158	27	-11	default:dirt	0
159	27	-11	default:dirt	0
160	27	-11	default:dirt	0
161	27	-11	default:dirt	0
162	27	-11	default:dirt	0
163	27	-11	default:dirt	0
164	27	-11	default:dirt	0
165	27	-11	default:dirt	0
166	27	-11	default:dirt	0
167	27	-11	default:dirt	0
168	27	-11	default:dirt	0
169	27	-11	default:dirt	0
170	27	-11	default:dirt	0
171	27	-11	default:dirt	0
172	27	-11	default:dirt	0
173	27	-11	default:dirt	0
174	27	-11	default:dirt	0
175	27	-11	default:dirt	0
176	27	-11	default:dirt	0
177	27	-11	default:dirt	0
178	27	-11	default:dirt	0
179	27	-11	default:dirt	0
180	27	-11	default:dirt	0
181	27	-11	default:dirt	0
182	27	-11	default:dirt	0
183	27	-11	default:dirt	0
184	27	-11	default:dirt	0
185	27	-11	default:dirt	0
186	27	-11	default:dirt	0
187	27	-11	default:dirt	0
188	27	-11	default:dirt	0
189	27	-11	default:dirt	0
190	27	-11	default:dirt	0
191	27	-11	default:dirt	0
192	27	-11	default:dirt	0
193	27	-11	default:dirt	0
194	27	-11	default:dirt	0
195	27	-11	default:dirt	0
196	27	-11	default:dirt	0
197	27	-11	default:dirt	0
198	27	-11	default:dirt	0
199	27	-11	default:dirt	0
200	27	-11	default:dirt	0
201	27	-11	default:dirt	0
202	27	-11	default:dirt	0
203	27	-11	default:dirt	0
204	27	-11	default:dirt	0
150	28	-11	default:dirt	0
151	28	-11	default:dirt	0
152	28	-11	default:dirt	0
153	28	-11	default:dirt	0
154	28	-11	default:dirt	0
155	28	-11	default:dirt	0
156	28	-11	default:dirt	0
157	28	-11	default:dirt	0
158	28	-11	default:dirt	0
159	28	-11	default:dirt	0
160	28	-11	default:dirt	0
161	28	-11	default:dirt	0
162	28	-11	default:dirt	0
163	28	-11	default:dirt	0
164	28	-11	default:dirt	0
165	28	-11	default:dirt	0
166	28	-11	default:dirt	0
167	28	-11	default:dirt	0
168	28	-11	default:dirt	0
169	28	-11	default:dirt	0
170	28	-11	default:dirt	0
171	28	-11	default:dirt	0
172	28	-11	default:dirt	0
173	28	-11	default:dirt	0
174	28	-11	default:dirt	0
175	28	-11	default:dirt	0
176	28	-11	default:dirt	0
177	28	-11	default:dirt	0
178	28	-11	default:dirt	0
179	28	-11	default:dirt	0
180	28	-11	default:dirt	0
181	28	-11	default:dirt	0
182	28	-11	default:dirt	0
183	28	-11	default:dirt	0
184	28	-11	default:dirt	0
185	28	-11	default:dirt	0
186	28	-11	default:dirt	0
187	28	-11	default:dirt	0
188	28	-11	default:dirt	0
189	28	-11	default:dirt	0
190	28	-11	default:dirt	0
191	28	-11	default:dirt	0
192	28	-11	default:dirt	0
193	28	-11	default:dirt	0
194	28	-11	default:dirt	0
195	28	-11	default:dirt	0
196	28	-11	default:dirt	0
197	28	-11	default:dirt	0
198	28	-11	default:dirt	0
199	28	-11	default:dirt	0
200	28	-11	default:dirt	0
201	28	-11	default:dirt	0
202	28	-11	default:dirt	0
203	28	-11	default:dirt	0
204	28	-11	default:dirt	0
205	28	-11	default:dirt	0
206	28	-11	default:dirt	0
207	28	-11	default:dirt	0
208	28	-11	default:dirt	0
209	28	-11	default:dirt	0
150	29	-11	default:dirt	0
151	29	-11	default:dirt	0
152	29	-11	default:dirt	0
153	29	-11	default:dirt	0
154	29	-11	default:dirt	0
155	29	-11	default:dirt	0
156	29	-11	default:dirt	0
157	29	-11	default:dirt	0
158	29	-11	default:dirt	0
159	29	-11	default:dirt	0
160	29	-11	default:dirt	0
161	29	-11	default:dirt	0
162	29	-11	default:dirt	0
163	29	-11	default:dirt	0
164	29	-11	default:dirt	0
165	29	-11	default:dirt	0
166	29	-11	default:dirt	0
167	29	-11	default:dirt	0
168	29	-11	default:dirt	0
169	29	-11	default:dirt	0
170	29	-11	default:dirt	0
171	29	-11	default:dirt	0
172	29	-11	default:dirt	0
173	29	-11	default:dirt	0
174	29	-11	default:dirt	0
175	29	-11	default:dirt	0
176	29	-11	default:dirt	0
177	29	-11	default:dirt	0
178	29	-11	default:dirt	0
179	29	-11	default:dirt	0
180	29	-11	default:dirt	0
181	29	-11	default:dirt	0
182	29	-11	default:dirt	0
183	29	-11	default:dirt	0
184	29	-11	default:dirt	0
185	29	-11	default:dirt	0
186	29	-11	default:dirt	0
187	29	-11	default:dirt	0
188	29	-11	default:dirt	0
189	29	-11	default:dirt	0
190	29	-11	default:dirt	0
191	29	-11	default:dirt	0
192	29	-11	default:dirt	0
193	29	-11	default:dirt	0
194	29	-11	default:dirt	0
195	29	-11	default:dirt	0
196	29	-11	default:dirt	0
197	29	-11	default:dirt	0
198	29	-11	default:dirt	0
199	29	-11	default:dirt	0
200	29	-11	default:dirt	0
201	29	-11	default:dirt	0
202	29	-11	default:dirt	0
203	29	-11	default:dirt	0
204	29	-11	default:dirt	0
205	29	-11	default:dirt	0
206	29	-11	default:dirt	0
207	29	-11	default:dirt	0
208	29	-11	default:dirt	0
209	29	-11	default:dirt	0
150	30	-11	default:dirt	0
151	30	-11	default:dirt	0
152	30	-11	default:dirt	0
153	30	-11	default:dirt	0
154	30	-11	default:dirt	0
155	30	-11	default:dirt_with_grass	0
156	30	-11	default:dirt_with_grass	0
157	30	-11	default:dirt_with_grass	0
158	30	-11	default:dirt_with_grass	0
159	30	-11	default:dirt_with_grass	0
160	30	-11	default:dirt_with_grass	0
161	30	-11	default:dirt_with_grass	0
162	30	-11	default:dirt_with_grass	0
163	30	-11	default:dirt_with_grass	0
164	30	-11	default:dirt_with_grass	0
165	30	-11	default:dirt_with_grass	0
166	30	-11	default:dirt_with_grass	0
167	30	-11	default:dirt_with_grass	0
168	30	-11	default:dirt_with_grass	0
169	30	-11	default:dirt_with_grass	0
170	30	-11	default:dirt_with_grass	0
171	30	-11	default:dirt_with_grass	0
172	30	-11	default:dirt_with_grass	0
173	30	-11	default:dirt_with_grass	0
174	30	-11	default:dirt_with_grass	0
175	30	-11	default:dirt_with_grass	0
176	30	-11	default:dirt_with_grass	0
177	30	-11	default:dirt_with_grass	0
178	30	-11	default:dirt_with_grass	0
179	30	-11	default:dirt_with_grass	0
180	30	-11	default:dirt_with_grass	0
181	30	-11	default:dirt_with_grass	0
182	30	-11	default:dirt_with_grass	0
183	30	-11	default:dirt_with_grass	0
184	30	-11	default:dirt_with_grass	0
185	30	-11	default:dirt_with_grass	0
186	30	-11	default:dirt_with_grass	0
187	30	-11	default:dirt_with_grass	0
188	30	-11	default:dirt_with_grass	0
189	30	-11	default:dirt_with_grass	0
190	30	-11	default:dirt_with_grass	0
191	30	-11	default:dirt_with_grass	0
192	30	-11	default:dirt_with_grass	0
193	30	-11	default:dirt_with_grass	0
194	30	-11	default:dirt_with_grass	0
195	30	-11	default:dirt_with_grass	0
196	30	-11	default:dirt_with_grass	0
197	30	-11	default:dirt_with_grass	0
198	30	-11	default:dirt_with_grass	0
199	30	-11	default:dirt_with_grass	0
200	30	-11	default:dirt_with_grass	0
201	30	-11	default:dirt_with_grass	0
202	30	-11	default:dirt_with_grass	0
203	30	-11	default:dirt_with_grass	0
204	30	-11	default:dirt_with_grass	0
205	30	-11	default:dirt	0
206	30	-11	default:dirt	0
207	30	-11	default:dirt	0
208	30	-11	default:dirt	0
209	30	-11	default:dirt	0
150	31	-11	default:dirt_with_grass	0
151	31	-11	default:dirt_with_grass	0
152	31	-11	default:dirt_with_grass	0
153	31	-11	default:dirt_with_grass	0
154	31	-11	default:dirt_with_grass	0
155	31	-11	default:river_water_source	0
156	31	-11	default:river_water_source	0
157	31	-11	default:river_water_source	0
158	31	-11	default:river_water_source	0
159	31	-11	default:river_water_source	0
160	31	-11	default:river_water_source	0
161	31	-11	default:river_water_source	0
162	31	-11	default:river_water_source	0
163	31	-11	default:river_water_source	0
164	31	-11	default:river_water_source	0
165	31	-11	default:river_water_source	0
166	31	-11	default:river_water_source	0
167	31	-11	default:river_water_source	0
168	31	-11	default:river_water_source	0
169	31	-11	default:river_water_source	0
170	31	-11	default:river_water_source	0
171	31	-11	default:river_water_source	0
172	31	-11	default:river_water_source	0
173	31	-11	default:river_water_source	0
174	31	-11	default:river_water_source	0
175	31	-11	default:river_water_source	0
176	31	-11	default:river_water_source	0
177	31	-11	default:river_water_source	0
178	31	-11	default:river_water_source	0
179	31	-11	default:river_water_source	0
180	31	-11	default:river_water_source	0
181	31	-11	default:river_water_source	0
182	31	-11	default:river_water_source	0
183	31	-11	default:river_water_source	0
184	31	-11	default:river_water_source	0
185	31	-11	default:river_water_source	0
186	31	-11	default:river_water_source	0
187	31	-11	default:river_water_source	0
188	31	-11	default:river_water_source	0
189	31	-11	default:river_water_source	0
190	31	-11	default:river_water_source	0
191	31	-11	default:river_water_source	0
192	31	-11	default:river_water_source	0
193	31	-11	default:river_water_source	0
194	31	-11	default:river_water_source	0
195	31	-11	default:river_water_source	0
196	31	-11	default:river_water_source	0
197	31	-11	default:river_water_source	0
198	31	-11	default:river_water_source	0
199	31	-11	default:river_water_source	0
200	31	-11	default:river_water_source	0
201	31	-11	default:river_water_source	0
202	31	-11	default:river_water_source	0
203	31	-11	default:river_water_source	0
204	31	-11	default:river_water_source	0
205	31	-11	default:dirt_with_grass	0
206	31	-11	default:dirt_with_grass	0
207	31	-11	default:dirt_with_grass	0
208	31	-11	default:dirt_with_grass	0
209	31	-11	default:dirt_with_grass	0
219	31	-11	default:dirt	0
150	32	-11	default:river_water_source	0
151	32	-11	default:river_water_source	0
152	32	-11	default:river_water_source	0
153	32	-11	default:river_water_source	0
154	32	-11	default:river_water_source	0
155	32	-11	default:river_water_source	0
156	32	-11	default:river_water_source	0
157	32	-11	default:river_water_source	0
158	32	-11	default:river_water_source	0
159	32	-11	default:river_water_source	0
160	32	-11	default:river_water_source	0
161	32	-11	default:river_water_source	0
162	32	-11	default:river_water_source	0
163	32	-11	default:river_water_source	0
164	32	-11	default:river_water_source	0
165	32	-11	default:river_water_source	0
166	32	-11	default:river_water_source	0
167	32	-11	default:river_water_source	0
168	32	-11	default:river_water_source	0
169	32	-11	default:river_water_source	0
170	32	-11	default:river_water_source	0
171	32	-11	default:river_water_source	0
172	32	-11	default:river_water_source	0
173	32	-11	default:river_water_source	0
174	32	-11	default:river_water_source	0
175	32	-11	default:river_water_source	0
176	32	-11	default:river_water_source	0
177	32	-11	default:river_water_source	0
178	32	-11	default:river_water_source	0
179	32	-11	default:river_water_source	0
180	32	-11	default:river_water_source	0
181	32	-11	default:river_water_source	0
182	32	-11	default:river_water_source	0
183	32	-11	default:river_water_source	0
184	32	-11	default:river_water_source	0
185	32	-11	default:river_water_source	0
186	32	-11	default:river_water_source	0
187	32	-11	default:river_water_source	0
188	32	-11	default:river_water_source	0
189	32	-11	default:river_water_source	0
190	32	-11	default:river_water_source	0
191	32	-11	default:river_water_source	0
192	32	-11	default:river_water_source	0
193	32	-11	default:river_water_source	0
194	32	-11	default:river_water_source	0
195	32	-11	default:river_water_source	0
196	32	-11	default:river_water_source	0
197	32	-11	default:river_water_source	0
198	32	-11	default:river_water_source	0
199	32	-11	default:river_water_source	0
200	32	-11	default:river_water_source	0
201	32	-11	default:river_water_source	0
202	32	-11	default:river_water_source	0
203	32	-11	default:river_water_source	0
204	32	-11	default:river_water_source	0
205	32	-11	default:river_water_source	0
206	32	-11	default:river_water_source	0
207	32	-11	default:river_water_source	0
208	32	-11	default:river_water_source	0
209	32	-11	default:river_water_source	0
217	32	-11	default:dirt	0
218	32	-11	default:dirt	0
219	32	-11	default:dirt	0
220	32	-11	default:dirt	0
150	33	-11	default:river_water_source	0
151	33	-11	default:river_water_source	0
152	33	-11	default:river_water_source	0
153	33	-11	default:river_water_source	0
154	33	-11	default:river_water_source	0
155	33	-11	default:river_water_source	0
156	33	-11	default:river_water_source	0
157	33	-11	default:river_water_source	0
158	33	-11	default:river_water_source	0
159	33	-11	default:river_water_source	0
160	33	-11	default:river_water_source	0
161	33	-11	default:river_water_source	0
162	33	-11	default:river_water_source	0
163	33	-11	default:river_water_source	0
164	33	-11	default:river_water_source	0
165	33	-11	default:river_water_source	0
166	33	-11	default:river_water_source	0
167	33	-11	default:river_water_source	0
168	33	-11	default:river_water_source	0
169	33	-11	default:river_water_source	0
170	33	-11	default:river_water_source	0
171	33	-11	default:river_water_source	0
172	33	-11	default:river_water_source	0
173	33	-11	default:river_water_source	0
174	33	-11	default:river_water_source	0
175	33	-11	default:river_water_source	0
176	33	-11	default:river_water_source	0
177	33	-11	default:river_water_source	0
178	33	-11	default:river_water_source	0
179	33	-11	default:river_water_source	0
180	33	-11	default:river_water_source	0
181	33	-11	default:river_water_source	0
182	33	-11	default:river_water_source	0
183	33	-11	default:river_water_source	0
184	33	-11	default:river_water_source	0
185	33	-11	default:river_water_source	0
186	33	-11	default:river_water_source	0
187	33	-11	default:river_water_source	0
188	33	-11	default:river_water_source	0
189	33	-11	default:river_water_source	0
190	33	-11	default:river_water_source	0
191	33	-11	default:river_water_source	0
192	33	-11	default:river_water_source	0
193	33	-11	default:river_water_source	0
194	33	-11	default:river_water_source	0
195	33	-11	default:river_water_source	0
196	33	-11	default:river_water_source	0
197	33	-11	default:river_water_source	0
198	33	-11	default:river_water_source	0
199	33	-11	default:river_water_source	0
200	33	-11	default:river_water_source	0
201	33	-11	default:river_water_source	0
202	33	-11	default:river_water_source	0
203	33	-11	default:river_water_source	0
204	33	-11	default:river_water_source	0
205	33	-11	default:river_water_source	0
206	33	-11	default:river_water_source	0
207	33	-11	default:river_water_source	0
208	33	-11	default:river_water_source	0
209	33	-11	default:river_water_source	0
215	33	-11	default:dirt	0
216	33	-11	default:dirt	0
217	33	-11	default:dirt	0
218	33	-11	default:dirt	0
219	33	-11	default:dirt	0
220	33	-11	default:dirt	0
150	34	-11	default:river_water_source	0
151	34	-11	default:river_water_source	0
152	34	-11	default:river_water_source	0
153	34	-11	default:river_water_source	0
154	34	-11	default:river_water_source	0
155	34	-11	default:river_water_source	0
156	34	-11	default:river_water_source	0
157	34	-11	default:river_water_source	0
158	34	-11	default:river_water_source	0
159	34	-11	default:river_water_source	0
160	34	-11	default:river_water_source	0
161	34	-11	default:river_water_source	0
162	34	-11	default:river_water_source	0
163	34	-11	default:river_water_source	0
164	34	-11	default:river_water_source	0
165	34	-11	default:river_water_source	0
166	34	-11	default:river_water_source	0
167	34	-11	default:river_water_source	0
168	34	-11	default:river_water_source	0
169	34	-11	default:river_water_source	0
170	34	-11	default:river_water_source	0
171	34	-11	default:river_water_source	0
172	34	-11	default:river_water_source	0
173	34	-11	default:river_water_source	0
174	34	-11	default:river_water_source	0
175	34	-11	default:river_water_source	0
176	34	-11	default:river_water_source	0
177	34	-11	default:river_water_source	0
178	34	-11	default:river_water_source	0
179	34	-11	default:river_water_source	0
180	34	-11	default:river_water_source	0
181	34	-11	default:river_water_source	0
182	34	-11	default:river_water_source	0
183	34	-11	default:river_water_source	0
184	34	-11	default:river_water_source	0
185	34	-11	default:river_water_source	0
186	34	-11	default:river_water_source	0
187	34	-11	default:river_water_source	0
188	34	-11	default:river_water_source	0
189	34	-11	default:river_water_source	0
190	34	-11	default:river_water_source	0
191	34	-11	default:river_water_source	0
192	34	-11	default:river_water_source	0
193	34	-11	default:river_water_source	0
194	34	-11	default:river_water_source	0
195	34	-11	default:river_water_source	0
196	34	-11	default:river_water_source	0
197	34	-11	default:river_water_source	0
198	34	-11	default:river_water_source	0
199	34	-11	default:river_water_source	0
200	34	-11	default:river_water_source	0
201	34	-11	default:river_water_source	0
202	34	-11	default:river_water_source	0
203	34	-11	default:river_water_source	0
204	34	-11	default:river_water_source	0
205	34	-11	default:river_water_source	0
206	34	-11	default:river_water_source	0
207	34	-11	default:river_water_source	0
208	34	-11	default:river_water_source	0
209	34	-11	default:river_water_source	0
210	34	-11	default:dirt	0
211	34	-11	default:dirt	0
212	34	-11	default:dirt	0
213	34	-11	default:dirt	0
214	34	-11	default:dirt	0
215	34	-11	default:dirt	0
216	34	-11	default:dirt	0
217	34	-11	default:dirt	0
218	34	-11	default:dirt	0
219	34	-11	default:dirt_with_grass	0
220	34	-11	default:dirt	0
150	35	-11	default:river_water_source	0
151	35	-11	default:river_water_source	0
152	35	-11	default:river_water_source	0
153	35	-11	default:river_water_source	0
154	35	-11	default:river_water_source	0
155	35	-11	default:river_water_source	0
156	35	-11	default:river_water_source	0
157	35	-11	default:river_water_source	0
158	35	-11	default:river_water_source	0
159	35	-11	default:river_water_source	0
160	35	-11	default:river_water_source	0
161	35	-11	default:river_water_source	0
162	35	-11	default:river_water_source	0
163	35	-11	default:river_water_source	0
164	35	-11	default:river_water_source	0
165	35	-11	default:river_water_source	0
166	35	-11	default:river_water_source	0
167	35	-11	default:river_water_source	0
168	35	-11	default:river_water_source	0
169	35	-11	default:river_water_source	0
170	35	-11	default:river_water_source	0
171	35	-11	default:river_water_source	0
172	35	-11	default:river_water_source	0
173	35	-11	default:river_water_source	0
174	35	-11	default:river_water_source	0
175	35	-11	default:river_water_source	0
176	35	-11	default:river_water_source	0
177	35	-11	default:river_water_source	0
178	35	-11	default:river_water_source	0
179	35	-11	default:river_water_source	0
180	35	-11	default:river_water_source	0
181	35	-11	default:river_water_source	0
182	35	-11	default:river_water_source	0
183	35	-11	default:river_water_source	0
184	35	-11	default:river_water_source	0
185	35	-11	default:river_water_source	0
186	35	-11	default:river_water_source	0
187	35	-11	default:river_water_source	0
188	35	-11	default:river_water_source	0
189	35	-11	default:river_water_source	0
190	35	-11	default:river_water_source	0
191	35	-11	default:river_water_source	0
192	35	-11	default:river_water_source	0
193	35	-11	default:river_water_source	0
194	35	-11	default:river_water_source	0
195	35	-11	default:river_water_source	0
196	35	-11	default:river_water_source	0
197	35	-11	default:river_water_source	0
198	35	-11	default:river_water_source	0
199	35	-11	default:river_water_source	0
200	35	-11	default:river_water_source	0
201	35	-11	default:river_water_source	0
202	35	-11	default:river_water_source	0
203	35	-11	default:river_water_source	0
204	35	-11	default:river_water_source	0
205	35	-11	default:river_water_source	0
206	35	-11	default:river_water_source	0
207	35	-11	default:river_water_source	0
208	35	-11	default:river_water_source	0
209	35	-11	default:river_water_source	0
210	35	-11	default:dirt	0
211	35	-11	default:dirt	0
212	35	-11	default:dirt	0
213	35	-11	default:dirt	0
214	35	-11	default:dirt	0
215	35	-11	default:dirt	0
216	35	-11	default:dirt	0
217	35	-11	default:dirt_with_grass	0
218	35	-11	default:dirt_with_grass	0
220	35	-11	default:dirt_with_grass	0
210	36	-11	default:dirt	0
211	36	-11	default:dirt	0
212	36	-11	default:dirt	0
213	36	-11	default:dirt	0
214	36	-11	default:dirt	0
215	36	-11	default:dirt_with_grass	0
216	36	-11	default:dirt_with_grass	0
210	37	-11	default:dirt_with_grass	0
211	37	-11	default:dirt_with_grass	0
212	37	-11	default:dirt_with_grass	0
213	37	-11	default:dirt_with_grass	0
214	37	-11	default:dirt_with_grass	0
155	27	-10	default:dirt	0
156	27	-10	default:dirt	0
157	27	-10	default:dirt	0
158	27	-10	default:dirt	0
159	27	-10	default:dirt	0
160	27	-10	default:dirt	0
161	27	-10	default:dirt	0
162	27	-10	default:dirt	0
163	27	-10	default:dirt	0
164	27	-10	default:dirt	0
165	27	-10	default:dirt	0
166	27	-10	default:dirt	0
167	27	-10	default:dirt	0
168	27	-10	default:dirt	0
169	27	-10	default:dirt	0
170	27	-10	default:dirt	0
171	27	-10	default:dirt	0
172	27	-10	default:dirt	0
173	27	-10	default:dirt	0
174	27	-10	default:dirt	0
175	27	-10	default:dirt	0
176	27	-10	default:dirt	0
177	27	-10	default:dirt	0
178	27	-10	default:dirt	0
179	27	-10	default:dirt	0
180	27	-10	default:dirt	0
181	27	-10	default:dirt	0
182	27	-10	default:dirt	0
183	27	-10	default:dirt	0
184	27	-10	default:dirt	0
185	27	-10	default:dirt	0
186	27	-10	default:dirt	0
187	27	-10	default:dirt	0
188	27	-10	default:dirt	0
189	27	-10	default:dirt	0
190	27	-10	default:dirt	0
191	27	-10	default:dirt	0
192	27	-10	default:dirt	0
193	27	-10	default:dirt	0
194	27	-10	default:dirt	0
195	27	-10	default:dirt	0
196	27	-10	default:dirt	0
197	27	-10	default:dirt	0
198	27	-10	default:dirt	0
199	27	-10	default:dirt	0
200	27	-10	default:dirt	0
201	27	-10	default:dirt	0
202	27	-10	default:dirt	0
203	27	-10	default:dirt	0
204	27	-10	default:dirt	0
205	27	-10	default:dirt	0
206	27	-10	default:dirt	0
150	28	-10	default:dirt	0
151	28	-10	default:dirt	0
152	28	-10	default:dirt	0
153	28	-10	default:dirt	0
154	28	-10	default:dirt	0
155	28	-10	default:dirt	0
156	28	-10	default:dirt	0
157	28	-10	default:dirt	0
158	28	-10	default:dirt	0
159	28	-10	default:dirt	0
160	28	-10	default:dirt	0
161	28	-10	default:dirt	0
162	28	-10	default:dirt	0
163	28	-10	default:dirt	0
164	28	-10	default:dirt	0
165	28	-10	default:dirt	0
166	28	-10	default:dirt	0
167	28	-10	default:dirt	0
168	28	-10	default:dirt	0
169	28	-10	default:dirt	0
170	28	-10	default:dirt	0
171	28	-10	default:dirt	0
172	28	-10	default:dirt	0
173	28	-10	default:dirt	0
174	28	-10	default:dirt	0
175	28	-10	default:dirt	0
176	28	-10	default:dirt	0
177	28	-10	default:dirt	0
178	28	-10	default:dirt	0
179	28	-10	default:dirt	0
180	28	-10	default:dirt	0
181	28	-10	default:dirt	0
182	28	-10	default:dirt	0
183	28	-10	default:dirt	0
184	28	-10	default:dirt	0
185	28	-10	default:dirt	0
186	28	-10	default:dirt	0
187	28	-10	default:dirt	0
188	28	-10	default:dirt	0
189	28	-10	default:dirt	0
190	28	-10	default:dirt	0
191	28	-10	default:dirt	0
192	28	-10	default:dirt	0
193	28	-10	default:dirt	0
194	28	-10	default:dirt	0
195	28	-10	default:dirt	0
196	28	-10	default:dirt	0
197	28	-10	default:dirt	0
198	28	-10	default:dirt	0
199	28	-10	default:dirt	0
200	28	-10	default:dirt	0
201	28	-10	default:dirt	0
202	28	-10	default:dirt	0
203	28	-10	default:dirt	0
204	28	-10	default:dirt	0
205	28	-10	default:dirt	0
206	28	-10	default:dirt	0
207	28	-10	default:dirt	0
208	28	-10	default:dirt	0
150	29	-10	default:dirt	0
151	29	-10	default:dirt	0
152	29	-10	default:dirt	0
153	29	-10	default:dirt	0
154	29	-10	default:dirt	0
155	29	-10	default:dirt	0
156	29	-10	default:dirt	0
157	29	-10	default:dirt	0
158	29	-10	default:dirt	0
159	29	-10	default:dirt	0
160	29	-10	default:dirt	0
161	29	-10	default:dirt	0
162	29	-10	default:dirt	0
163	29	-10	default:dirt	0
164	29	-10	default:dirt	0
165	29	-10	default:dirt	0
166	29	-10	default:dirt	0
167	29	-10	default:dirt	0
168	29	-10	default:dirt	0
169	29	-10	default:dirt	0
170	29	-10	default:dirt	0
171	29	-10	default:dirt	0
172	29	-10	default:dirt	0
173	29	-10	default:dirt	0
174	29	-10	default:dirt	0
175	29	-10	default:dirt	0
176	29	-10	default:dirt	0
177	29	-10	default:dirt	0
178	29	-10	default:dirt	0
179	29	-10	default:dirt	0
180	29	-10	default:dirt	0
181	29	-10	default:dirt	0
182	29	-10	default:dirt	0
183	29	-10	default:dirt	0
184	29	-10	default:dirt	0
185	29	-10	default:dirt	0
186	29	-10	default:dirt	0
187	29	-10	default:dirt	0
188	29	-10	default:dirt	0
189	29	-10	default:dirt	0
190	29	-10	default:dirt	0
191	29	-10	default:dirt	0
192	29	-10	default:dirt	0
193	29	-10	default:dirt	0
194	29	-10	default:dirt	0
195	29	-10	default:dirt	0
196	29	-10	default:dirt	0
197	29	-10	default:dirt	0
198	29	-10	default:dirt	0
199	29	-10	default:dirt	0
200	29	-10	default:dirt	0
201	29	-10	default:dirt	0
202	29	-10	default:dirt	0
203	29	-10	default:dirt	0
204	29	-10	default:dirt	0
205	29	-10	default:dirt	0
206	29	-10	default:dirt	0
207	29	-10	default:dirt	0
208	29	-10	default:dirt	0
150	30	-10	default:dirt	0
151	30	-10	default:dirt	0
152	30	-10	default:dirt	0
153	30	-10	default:dirt	0
154	30	-10	default:dirt	0
155	30	-10	default:dirt_with_grass	0
156	30	-10	default:dirt_with_grass	0
157	30	-10	default:dirt_with_grass	0
158	30	-10	default:dirt_with_grass	0
159	30	-10	default:dirt_with_grass	0
160	30	-10	default:dirt_with_grass	0
161	30	-10	default:dirt_with_grass	0
162	30	-10	default:dirt_with_grass	0
163	30	-10	default:dirt_with_grass	0
164	30	-10	default:dirt_with_grass	0
165	30	-10	default:dirt_with_grass	0
166	30	-10	default:dirt_with_grass	0
167	30	-10	default:dirt_with_grass	0
168	30	-10	default:dirt_with_grass	0
169	30	-10	default:dirt_with_grass	0
170	30	-10	default:dirt_with_grass	0
171	30	-10	default:dirt_with_grass	0
172	30	-10	default:dirt_with_grass	0
173	30	-10	default:dirt_with_grass	0
174	30	-10	default:dirt_with_grass	0
175	30	-10	default:dirt_with_grass	0
176	30	-10	default:dirt_with_grass	0
177	30	-10	default:dirt_with_grass	0
178	30	-10	default:dirt_with_grass	0
179	30	-10	default:dirt_with_grass	0
180	30	-10	default:dirt_with_grass	0
181	30	-10	default:dirt_with_grass	0
182	30	-10	default:dirt_with_grass	0
183	30	-10	default:dirt_with_grass	0
184	30	-10	default:dirt_with_grass	0
185	30	-10	default:dirt_with_grass	0
186	30	-10	default:dirt_with_grass	0
187	30	-10	default:dirt_with_grass	0
188	30	-10	default:dirt_with_grass	0
189	30	-10	default:dirt_with_grass	0
190	30	-10	default:dirt_with_grass	0
191	30	-10	default:dirt_with_grass	0
192	30	-10	default:dirt_with_grass	0
193	30	-10	default:dirt_with_grass	0
194	30	-10	default:dirt_with_grass	0
195	30	-10	default:dirt_with_grass	0
196	30	-10	default:dirt_with_grass	0
197	30	-10	default:dirt_with_grass	0
198	30	-10	default:dirt_with_grass	0
199	30	-10	default:dirt_with_grass	0
200	30	-10	default:dirt_with_grass	0
201	30	-10	default:dirt_with_grass	0
202	30	-10	default:dirt_with_grass	0
203	30	-10	default:dirt_with_grass	0
204	30	-10	default:dirt_with_grass	0
205	30	-10	default:dirt_with_grass	0
206	30	-10	default:dirt_with_grass	0
207	30	-10	default:dirt	0
208	30	-10	default:dirt	0
150	31	-10	default:dirt_with_grass	0
151	31	-10	default:dirt_with_grass	0
152	31	-10	default:dirt_with_grass	0
153	31	-10	default:dirt_with_grass	0
154	31	-10	default:dirt_with_grass	0
155	31	-10	default:river_water_source	0
156	31	-10	default:river_water_source	0
157	31	-10	default:river_water_source	0
158	31	-10	default:river_water_source	0
159	31	-10	default:river_water_source	0
160	31	-10	default:river_water_source	0
161	31	-10	default:river_water_source	0
162	31	-10	default:river_water_source	0
163	31	-10	default:river_water_source	0
164	31	-10	default:river_water_source	0
165	31	-10	default:river_water_source	0
166	31	-10	default:river_water_source	0
167	31	-10	default:river_water_source	0
168	31	-10	default:river_water_source	0
169	31	-10	default:river_water_source	0
170	31	-10	default:river_water_source	0
171	31	-10	default:river_water_source	0
172	31	-10	default:river_water_source	0
173	31	-10	default:river_water_source	0
174	31	-10	default:river_water_source	0
175	31	-10	default:river_water_source	0
176	31	-10	default:river_water_source	0
177	31	-10	default:river_water_source	0
178	31	-10	default:river_water_source	0
179	31	-10	default:river_water_source	0
180	31	-10	default:river_water_source	0
181	31	-10	default:river_water_source	0
182	31	-10	default:river_water_source	0
183	31	-10	default:river_water_source	0
184	31	-10	default:river_water_source	0
185	31	-10	default:river_water_source	0
186	31	-10	default:river_water_source	0
187	31	-10	default:river_water_source	0
188	31	-10	default:river_water_source	0
189	31	-10	default:river_water_source	0
190	31	-10	default:river_water_source	0
191	31	-10	default:river_water_source	0
192	31	-10	default:river_water_source	0
193	31	-10	default:river_water_source	0
194	31	-10	default:river_water_source	0
195	31	-10	default:river_water_source	0
196	31	-10	default:river_water_source	0
197	31	-10	default:river_water_source	0
198	31	-10	default:river_water_source	0
199	31	-10	default:river_water_source	0
200	31	-10	default:river_water_source	0
201	31	-10	default:river_water_source	0
202	31	-10	default:river_water_source	0
203	31	-10	default:river_water_source	0
204	31	-10	default:river_water_source	0
205	31	-10	default:river_water_source	0
206	31	-10	default:river_water_source	0
207	31	-10	default:dirt_with_grass	0
208	31	-10	default:dirt_with_grass	0
218	31	-10	default:dirt	0
220	31	-10	default:dirt	0
150	32	-10	default:river_water_source	0
151	32	-10	default:river_water_source	0
152	32	-10	default:river_water_source	0
153	32	-10	default:river_water_source	0
154	32	-10	default:river_water_source	0
155	32	-10	default:river_water_source	0
156	32	-10	default:river_water_source	0
157	32	-10	default:river_water_source	0
158	32	-10	default:river_water_source	0
159	32	-10	default:river_water_source	0
160	32	-10	default:river_water_source	0
161	32	-10	default:river_water_source	0
162	32	-10	default:river_water_source	0
163	32	-10	default:river_water_source	0
164	32	-10	default:river_water_source	0
165	32	-10	default:river_water_source	0
166	32	-10	default:river_water_source	0
167	32	-10	default:river_water_source	0
168	32	-10	default:river_water_source	0
169	32	-10	default:river_water_source	0
170	32	-10	default:river_water_source	0
171	32	-10	default:river_water_source	0
172	32	-10	default:river_water_source	0
173	32	-10	default:river_water_source	0
174	32	-10	default:river_water_source	0
175	32	-10	default:river_water_source	0
176	32	-10	default:river_water_source	0
177	32	-10	default:river_water_source	0
178	32	-10	default:river_water_source	0
179	32	-10	default:river_water_source	0
180	32	-10	default:river_water_source	0
181	32	-10	default:river_water_source	0
182	32	-10	default:river_water_source	0
183	32	-10	default:river_water_source	0
184	32	-10	default:river_water_source	0
185	32	-10	default:river_water_source	0
186	32	-10	default:river_water_source	0
187	32	-10	default:river_water_source	0
188	32	-10	default:river_water_source	0
189	32	-10	default:river_water_source	0
190	32	-10	default:river_water_source	0
191	32	-10	default:river_water_source	0
192	32	-10	default:river_water_source	0
193	32	-10	default:river_water_source	0
194	32	-10	default:river_water_source	0
195	32	-10	default:river_water_source	0
196	32	-10	default:river_water_source	0
197	32	-10	default:river_water_source	0
198	32	-10	default:river_water_source	0
199	32	-10	default:river_water_source	0
200	32	-10	default:river_water_source	0
201	32	-10	default:river_water_source	0
202	32	-10	default:river_water_source	0
203	32	-10	default:river_water_source	0
204	32	-10	default:river_water_source	0
205	32	-10	default:river_water_source	0
206	32	-10	default:river_water_source	0
207	32	-10	default:river_water_source	0
208	32	-10	default:river_water_source	0
216	32	-10	default:dirt	0
217	32	-10	default:dirt	0
218	32	-10	default:dirt	0
219	32	-10	default:dirt	0
220	32	-10	default:dirt	0
150	33	-10	default:river_water_source	0
151	33	-10	default:river_water_source	0
152	33	-10	default:river_water_source	0
153	33	-10	default:river_water_source	0
154	33	-10	default:river_water_source	0
155	33	-10	default:river_water_source	0
156	33	-10	default:river_water_source	0
157	33	-10	default:river_water_source	0
158	33	-10	default:river_water_source	0
159	33	-10	default:river_water_source	0
160	33	-10	default:river_water_source	0
161	33	-10	default:river_water_source	0
162	33	-10	default:river_water_source	0
163	33	-10	default:river_water_source	0
164	33	-10	default:river_water_source	0
165	33	-10	default:river_water_source	0
166	33	-10	default:river_water_source	0
167	33	-10	default:river_water_source	0
168	33	-10	default:river_water_source	0
169	33	-10	default:river_water_source	0
170	33	-10	default:river_water_source	0
171	33	-10	default:river_water_source	0
172	33	-10	default:river_water_source	0
173	33	-10	default:river_water_source	0
174	33	-10	default:river_water_source	0
175	33	-10	default:river_water_source	0
176	33	-10	default:river_water_source	0
177	33	-10	default:river_water_source	0
178	33	-10	default:river_water_source	0
179	33	-10	default:river_water_source	0
180	33	-10	default:river_water_source	0
181	33	-10	default:river_water_source	0
182	33	-10	default:river_water_source	0
183	33	-10	default:river_water_source	0
184	33	-10	default:river_water_source	0
185	33	-10	default:river_water_source	0
186	33	-10	default:river_water_source	0
187	33	-10	default:river_water_source	0
188	33	-10	default:river_water_source	0
189	33	-10	default:river_water_source	0
190	33	-10	default:river_water_source	0
191	33	-10	default:river_water_source	0
192	33	-10	default:river_water_source	0
193	33	-10	default:river_water_source	0
194	33	-10	default:river_water_source	0
195	33	-10	default:river_water_source	0
196	33	-10	default:river_water_source	0
197	33	-10	default:river_water_source	0
198	33	-10	default:river_water_source	0
199	33	-10	default:river_water_source	0
200	33	-10	default:river_water_source	0
201	33	-10	default:river_water_source	0
202	33	-10	default:river_water_source	0
203	33	-10	default:river_water_source	0
204	33	-10	default:river_water_source	0
205	33	-10	default:river_water_source	0
206	33	-10	default:river_water_source	0
207	33	-10	default:river_water_source	0
208	33	-10	default:river_water_source	0
214	33	-10	default:dirt	0
215	33	-10	default:dirt	0
216	33	-10	default:dirt	0
217	33	-10	default:dirt	0
218	33	-10	default:dirt	0
219	33	-10	default:dirt	0
220	33	-10	default:dirt	0
150	34	-10	default:river_water_source	0
151	34	-10	default:river_water_source	0
152	34	-10	default:river_water_source	0
153	34	-10	default:river_water_source	0
154	34	-10	default:river_water_source	0
155	34	-10	default:river_water_source	0
156	34	-10	default:river_water_source	0
157	34	-10	default:river_water_source	0
158	34	-10	default:river_water_source	0
159	34	-10	default:river_water_source	0
160	34	-10	default:river_water_source	0
161	34	-10	default:river_water_source	0
162	34	-10	default:river_water_source	0
163	34	-10	default:river_water_source	0
164	34	-10	default:river_water_source	0
165	34	-10	default:river_water_source	0
166	34	-10	default:river_water_source	0
167	34	-10	default:river_water_source	0
168	34	-10	default:river_water_source	0
169	34	-10	default:river_water_source	0
170	34	-10	default:river_water_source	0
171	34	-10	default:river_water_source	0
172	34	-10	default:river_water_source	0
173	34	-10	default:river_water_source	0
174	34	-10	default:river_water_source	0
175	34	-10	default:river_water_source	0
176	34	-10	default:river_water_source	0
177	34	-10	default:river_water_source	0
178	34	-10	default:river_water_source	0
179	34	-10	default:river_water_source	0
180	34	-10	default:river_water_source	0
181	34	-10	default:river_water_source	0
182	34	-10	default:river_water_source	0
183	34	-10	default:river_water_source	0
184	34	-10	default:river_water_source	0
185	34	-10	default:river_water_source	0
186	34	-10	default:river_water_source	0
187	34	-10	default:river_water_source	0
188	34	-10	default:river_water_source	0
189	34	-10	default:river_water_source	0
190	34	-10	default:river_water_source	0
191	34	-10	default:river_water_source	0
192	34	-10	default:river_water_source	0
193	34	-10	default:river_water_source	0
194	34	-10	default:river_water_source	0
195	34	-10	default:river_water_source	0
196	34	-10	default:river_water_source	0
197	34	-10	default:river_water_source	0
198	34	-10	default:river_water_source	0
199	34	-10	default:river_water_source	0
200	34	-10	default:river_water_source	0
201	34	-10	default:river_water_source	0
202	34	-10	default:river_water_source	0
203	34	-10	default:river_water_source	0
204	34	-10	default:river_water_source	0
205	34	-10	default:river_water_source	0
206	34	-10	default:river_water_source	0
207	34	-10	default:river_water_source	0
208	34	-10	default:river_water_source	0
209	34	-10	default:dirt	0
210	34	-10	default:dirt	0
211	34	-10	default:dirt	0
212	34	-10	default:dirt	0
213	34	-10	default:dirt	0
214	34	-10	default:dirt	0
215	34	-10	default:dirt	0
216	34	-10	default:dirt	0
217	34	-10	default:dirt	0
218	34	-10	default:dirt_with_grass	0
219	34	-10	default:dirt	0
220	34	-10	default:dirt_with_grass	0
150	35	-10	default:river_water_source	0
151	35	-10	default:river_water_source	0
152	35	-10	default:river_water_source	0
153	35	-10	default:river_water_source	0
154	35	-10	default:river_water_source	0
155	35	-10	default:river_water_source	0
156	35	-10	default:river_water_source	0
157	35	-10	default:river_water_source	0
158	35	-10	default:river_water_source	0
159	35	-10	default:river_water_source	0
160	35	-10	default:river_water_source	0
161	35	-10	default:river_water_source	0
162	35	-10	default:river_water_source	0
163	35	-10	default:river_water_source	0
164	35	-10	default:river_water_source	0
165	35	-10	default:river_water_source	0
166	35	-10	default:river_water_source	0
167	35	-10	default:river_water_source	0
168	35	-10	default:river_water_source	0
169	35	-10	default:river_water_source	0
170	35	-10	default:river_water_source	0
171	35	-10	default:river_water_source	0
172	35	-10	default:river_water_source	0
173	35	-10	default:river_water_source	0
174	35	-10	default:river_water_source	0
175	35	-10	default:river_water_source	0
176	35	-10	default:river_water_source	0
177	35	-10	default:river_water_source	0
178	35	-10	default:river_water_source	0
179	35	-10	default:river_water_source	0
180	35	-10	default:river_water_source	0
181	35	-10	default:river_water_source	0
182	35	-10	default:river_water_source	0
183	35	-10	default:river_water_source	0
184	35	-10	default:river_water_source	0
185	35	-10	default:river_water_source	0
186	35	-10	default:river_water_source	0
187	35	-10	default:river_water_source	0
188	35	-10	default:river_water_source	0
189	35	-10	default:river_water_source	0
190	35	-10	default:river_water_source	0
191	35	-10	default:river_water_source	0
192	35	-10	default:river_water_source	0
193	35	-10	default:river_water_source	0
194	35	-10	default:river_water_source	0
195	35	-10	default:river_water_source	0
196	35	-10	default:river_water_source	0
197	35	-10	default:river_water_source	0
198	35	-10	default:river_water_source	0
199	35	-10	default:river_water_source	0
200	35	-10	default:river_water_source	0
201	35	-10	default:river_water_source	0
202	35	-10	default:river_water_source	0
203	35	-10	default:river_water_source	0
204	35	-10	default:river_water_source	0
205	35	-10	default:river_water_source	0
206	35	-10	default:river_water_source	0
207	35	-10	default:river_water_source	0
208	35	-10	default:river_water_source	0
209	35	-10	default:dirt	0
210	35	-10	default:dirt	0
211	35	-10	default:dirt	0
212	35	-10	default:dirt	0
213	35	-10	default:dirt	0
214	35	-10	default:dirt	0
215	35	-10	default:dirt	0
216	35	-10	default:dirt_with_grass	0
217	35	-10	default:dirt_with_grass	0
219	35	-10	default:dirt_with_grass	0
209	36	-10	default:dirt	0
210	36	-10	default:dirt	0
211	36	-10	default:dirt	0
212	36	-10	default:dirt	0
213	36	-10	default:dirt	0
214	36	-10	default:dirt_with_grass	0
215	36	-10	default:dirt_with_grass	0
209	37	-10	default:dirt_with_grass	0
210	37	-10	default:dirt_with_grass	0
211	37	-10	default:dirt_with_grass	0
212	37	-10	default:dirt_with_grass	0
213	37	-10	default:dirt_with_grass	0
156	27	-9	default:dirt	0
157	27	-9	default:dirt	0
158	27	-9	default:dirt	0
159	27	-9	default:dirt	0
160	27	-9	default:dirt	0
161	27	-9	default:dirt	0
162	27	-9	default:dirt	0
163	27	-9	default:dirt	0
164	27	-9	default:dirt	0
165	27	-9	default:dirt	0
166	27	-9	default:dirt	0
167	27	-9	default:dirt	0
168	27	-9	default:dirt	0
169	27	-9	default:dirt	0
170	27	-9	default:dirt	0
171	27	-9	default:dirt	0
172	27	-9	default:dirt	0
173	27	-9	default:dirt	0
174	27	-9	default:dirt	0
175	27	-9	default:dirt	0
176	27	-9	default:dirt	0
177	27	-9	default:dirt	0
178	27	-9	default:dirt	0
179	27	-9	default:dirt	0
180	27	-9	default:dirt	0
181	27	-9	default:dirt	0
182	27	-9	default:dirt	0
183	27	-9	default:dirt	0
184	27	-9	default:dirt	0
185	27	-9	default:dirt	0
186	27	-9	default:dirt	0
187	27	-9	default:dirt	0
188	27	-9	default:dirt	0
189	27	-9	default:dirt	0
190	27	-9	default:dirt	0
191	27	-9	default:dirt	0
192	27	-9	default:dirt	0
193	27	-9	default:dirt	0
194	27	-9	default:dirt	0
195	27	-9	default:dirt	0
196	27	-9	default:dirt	0
197	27	-9	default:dirt	0
198	27	-9	default:dirt	0
199	27	-9	default:dirt	0
200	27	-9	default:dirt	0
201	27	-9	default:dirt	0
202	27	-9	default:dirt	0
203	27	-9	default:dirt	0
204	27	-9	default:dirt	0
205	27	-9	default:dirt	0
206	27	-9	default:dirt	0
207	27	-9	default:dirt	0
150	28	-9	default:dirt	0
151	28	-9	default:dirt	0
152	28	-9	default:dirt	0
153	28	-9	default:dirt	0
154	28	-9	default:dirt	0
155	28	-9	default:dirt	0
156	28	-9	default:dirt	0
157	28	-9	default:dirt	0
158	28	-9	default:dirt	0
159	28	-9	default:dirt	0
160	28	-9	default:dirt	0
161	28	-9	default:dirt	0
162	28	-9	default:dirt	0
163	28	-9	default:dirt	0
164	28	-9	default:dirt	0
165	28	-9	default:dirt	0
166	28	-9	default:dirt	0
167	28	-9	default:dirt	0
168	28	-9	default:dirt	0
169	28	-9	default:dirt	0
170	28	-9	default:dirt	0
171	28	-9	default:dirt	0
172	28	-9	default:dirt	0
173	28	-9	default:dirt	0
174	28	-9	default:dirt	0
175	28	-9	default:dirt	0
176	28	-9	default:dirt	0
177	28	-9	default:dirt	0
178	28	-9	default:dirt	0
179	28	-9	default:dirt	0
180	28	-9	default:dirt	0
181	28	-9	default:dirt	0
182	28	-9	default:dirt	0
183	28	-9	default:dirt	0
184	28	-9	default:dirt	0
185	28	-9	default:dirt	0
186	28	-9	default:dirt	0
187	28	-9	default:dirt	0
188	28	-9	default:dirt	0
189	28	-9	default:dirt	0
190	28	-9	default:dirt	0
191	28	-9	default:dirt	0
192	28	-9	default:dirt	0
193	28	-9	default:dirt	0
194	28	-9	default:dirt	0
195	28	-9	default:dirt	0
196	28	-9	default:dirt	0
197	28	-9	default:dirt	0
198	28	-9	default:dirt	0
199	28	-9	default:dirt	0
200	28	-9	default:dirt	0
201	28	-9	default:dirt	0
202	28	-9	default:dirt	0
203	28	-9	default:dirt	0
204	28	-9	default:dirt	0
205	28	-9	default:dirt	0
206	28	-9	default:dirt	0
207	28	-9	default:dirt	0
150	29	-9	default:dirt	0
151	29	-9	default:dirt	0
152	29	-9	default:dirt	0
153	29	-9	default:dirt	0
154	29	-9	default:dirt	0
155	29	-9	default:dirt	0
156	29	-9	default:dirt	0
157	29	-9	default:dirt	0
158	29	-9	default:dirt	0
159	29	-9	default:dirt	0
160	29	-9	default:dirt	0
161	29	-9	default:dirt	0
162	29	-9	default:dirt	0
163	29	-9	default:dirt	0
164	29	-9	default:dirt	0
165	29	-9	default:dirt	0
166	29	-9	default:dirt	0
167	29	-9	default:dirt	0
168	29	-9	default:dirt	0
169	29	-9	default:dirt	0
170	29	-9	default:dirt	0
171	29	-9	default:dirt	0
172	29	-9	default:dirt	0
173	29	-9	default:dirt	0
174	29	-9	default:dirt	0
175	29	-9	default:dirt	0
176	29	-9	default:dirt	0
177	29	-9	default:dirt	0
178	29	-9	default:dirt	0
179	29	-9	default:dirt	0
180	29	-9	default:dirt	0
181	29	-9	default:dirt	0
182	29	-9	default:dirt	0
183	29	-9	default:dirt	0
184	29	-9	default:dirt	0
185	29	-9	default:dirt	0
186	29	-9	default:dirt	0
187	29	-9	default:dirt	0
188	29	-9	default:dirt	0
189	29	-9	default:dirt	0
190	29	-9	default:dirt	0
191	29	-9	default:dirt	0
192	29	-9	default:dirt	0
193	29	-9	default:dirt	0
194	29	-9	default:dirt	0
195	29	-9	default:dirt	0
196	29	-9	default:dirt	0
197	29	-9	default:dirt	0
198	29	-9	default:dirt	0
199	29	-9	default:dirt	0
200	29	-9	default:dirt	0
201	29	-9	default:dirt	0
202	29	-9	default:dirt	0
203	29	-9	default:dirt	0
204	29	-9	default:dirt	0
205	29	-9	default:dirt	0
206	29	-9	default:dirt	0
207	29	-9	default:dirt	0
150	30	-9	default:dirt	0
151	30	-9	default:dirt	0
152	30	-9	default:dirt	0
153	30	-9	default:dirt	0
154	30	-9	default:dirt	0
155	30	-9	default:dirt	0
156	30	-9	default:dirt_with_grass	0
157	30	-9	default:dirt_with_grass	0
158	30	-9	default:dirt_with_grass	0
159	30	-9	default:dirt_with_grass	0
160	30	-9	default:dirt_with_grass	0
161	30	-9	default:dirt_with_grass	0
162	30	-9	default:dirt_with_grass	0
163	30	-9	default:dirt_with_grass	0
164	30	-9	default:dirt_with_grass	0
165	30	-9	default:dirt_with_grass	0
166	30	-9	default:dirt_with_grass	0
167	30	-9	default:dirt_with_grass	0
168	30	-9	default:dirt_with_grass	0
169	30	-9	default:dirt_with_grass	0
170	30	-9	default:dirt_with_grass	0
171	30	-9	default:dirt_with_grass	0
172	30	-9	default:dirt_with_grass	0
173	30	-9	default:dirt_with_grass	0
174	30	-9	default:dirt_with_grass	0
175	30	-9	default:dirt_with_grass	0
176	30	-9	default:dirt_with_grass	0
177	30	-9	default:dirt_with_grass	0
178	30	-9	default:dirt_with_grass	0
179	30	-9	default:dirt_with_grass	0
180	30	-9	default:dirt_with_grass	0
181	30	-9	default:dirt_with_grass	0
182	30	-9	default:dirt_with_grass	0
183	30	-9	default:dirt_with_grass	0
184	30	-9	default:dirt_with_grass	0
185	30	-9	default:dirt_with_grass	0
186	30	-9	default:dirt_with_grass	0
187	30	-9	default:dirt_with_grass	0
188	30	-9	default:dirt_with_grass	0
189	30	-9	default:dirt_with_grass	0
190	30	-9	default:dirt_with_grass	0
191	30	-9	default:dirt_with_grass	0
192	30	-9	default:dirt_with_grass	0
193	30	-9	default:dirt_with_grass	0
194	30	-9	default:dirt_with_grass	0
195	30	-9	default:dirt_with_grass	0
196	30	-9	default:dirt_with_grass	0
197	30	-9	default:dirt_with_grass	0
198	30	-9	default:dirt_with_grass	0
199	30	-9	default:dirt_with_grass	0
200	30	-9	default:dirt_with_grass	0
201	30	-9	default:dirt_with_grass	0
202	30	-9	default:dirt_with_grass	0
203	30	-9	default:dirt_with_grass	0
204	30	-9	default:dirt_with_grass	0
205	30	-9	default:dirt_with_grass	0
206	30	-9	default:dirt_with_grass	0
207	30	-9	default:dirt_with_grass	0
150	31	-9	default:dirt_with_grass	0
151	31	-9	default:dirt_with_grass	0
152	31	-9	default:dirt_with_grass	0
153	31	-9	default:dirt_with_grass	0
154	31	-9	default:dirt_with_grass	0
155	31	-9	default:dirt_with_grass	0
156	31	-9	default:river_water_source	0
157	31	-9	default:river_water_source	0
158	31	-9	default:river_water_source	0
159	31	-9	default:river_water_source	0
160	31	-9	default:river_water_source	0
161	31	-9	default:river_water_source	0
162	31	-9	default:river_water_source	0
163	31	-9	default:river_water_source	0
164	31	-9	default:river_water_source	0
165	31	-9	default:river_water_source	0
166	31	-9	default:river_water_source	0
167	31	-9	default:river_water_source	0
168	31	-9	default:river_water_source	0
169	31	-9	default:river_water_source	0
170	31	-9	default:river_water_source	0
171	31	-9	default:river_water_source	0
172	31	-9	default:river_water_source	0
173	31	-9	default:river_water_source	0
174	31	-9	default:river_water_source	0
175	31	-9	default:river_water_source	0
176	31	-9	default:river_water_source	0
177	31	-9	default:river_water_source	0
178	31	-9	default:river_water_source	0
179	31	-9	default:river_water_source	0
180	31	-9	default:river_water_source	0
181	31	-9	default:river_water_source	0
182	31	-9	default:river_water_source	0
183	31	-9	default:river_water_source	0
184	31	-9	default:river_water_source	0
185	31	-9	default:river_water_source	0
186	31	-9	default:river_water_source	0
187	31	-9	default:river_water_source	0
188	31	-9	default:river_water_source	0
189	31	-9	default:river_water_source	0
190	31	-9	default:river_water_source	0
191	31	-9	default:river_water_source	0
192	31	-9	default:river_water_source	0
193	31	-9	default:river_water_source	0
194	31	-9	default:river_water_source	0
195	31	-9	default:river_water_source	0
196	31	-9	default:river_water_source	0
197	31	-9	default:river_water_source	0
198	31	-9	default:river_water_source	0
199	31	-9	default:river_water_source	0
200	31	-9	default:river_water_source	0
201	31	-9	default:river_water_source	0
202	31	-9	default:river_water_source	0
203	31	-9	default:river_water_source	0
204	31	-9	default:river_water_source	0
205	31	-9	default:river_water_source	0
206	31	-9	default:river_water_source	0
207	31	-9	default:river_water_source	0
217	31	-9	default:dirt	0
220	31	-9	default:dirt	0
150	32	-9	default:river_water_source	0
151	32	-9	default:river_water_source	0
152	32	-9	default:river_water_source	0
153	32	-9	default:river_water_source	0
154	32	-9	default:river_water_source	0
155	32	-9	default:river_water_source	0
156	32	-9	default:river_water_source	0
157	32	-9	default:river_water_source	0
158	32	-9	default:river_water_source	0
159	32	-9	default:river_water_source	0
160	32	-9	default:river_water_source	0
161	32	-9	default:river_water_source	0
162	32	-9	default:river_water_source	0
163	32	-9	default:river_water_source	0
164	32	-9	default:river_water_source	0
165	32	-9	default:river_water_source	0
166	32	-9	default:river_water_source	0
167	32	-9	default:river_water_source	0
168	32	-9	default:river_water_source	0
169	32	-9	default:river_water_source	0
170	32	-9	default:river_water_source	0
171	32	-9	default:river_water_source	0
172	32	-9	default:river_water_source	0
173	32	-9	default:river_water_source	0
174	32	-9	default:river_water_source	0
175	32	-9	default:river_water_source	0
176	32	-9	default:river_water_source	0
177	32	-9	default:river_water_source	0
178	32	-9	default:river_water_source	0
179	32	-9	default:river_water_source	0
180	32	-9	default:river_water_source	0
181	32	-9	default:river_water_source	0
182	32	-9	default:river_water_source	0
183	32	-9	default:river_water_source	0
184	32	-9	default:river_water_source	0
185	32	-9	default:river_water_source	0
186	32	-9	default:river_water_source	0
187	32	-9	default:river_water_source	0
188	32	-9	default:river_water_source	0
189	32	-9	default:river_water_source	0
190	32	-9	default:river_water_source	0
191	32	-9	default:river_water_source	0
192	32	-9	default:river_water_source	0
193	32	-9	default:river_water_source	0
194	32	-9	default:river_water_source	0
195	32	-9	default:river_water_source	0
196	32	-9	default:river_water_source	0
197	32	-9	default:river_water_source	0
198	32	-9	default:river_water_source	0
199	32	-9	default:river_water_source	0
200	32	-9	default:river_water_source	0
201	32	-9	default:river_water_source	0
202	32	-9	default:river_water_source	0
203	32	-9	default:river_water_source	0
204	32	-9	default:river_water_source	0
205	32	-9	default:river_water_source	0
206	32	-9	default:river_water_source	0
207	32	-9	default:river_water_source	0
215	32	-9	default:dirt	0
216	32	-9	default:dirt	0
217	32	-9	default:dirt	0
218	32	-9	default:dirt	0
219	32	-9	default:dirt	0
220	32	-9	default:dirt	0
150	33	-9	default:river_water_source	0
151	33	-9	default:river_water_source	0
152	33	-9	default:river_water_source	0
153	33	-9	default:river_water_source	0
154	33	-9	default:river_water_source	0
155	33	-9	default:river_water_source	0
156	33	-9	default:river_water_source	0
157	33	-9	default:river_water_source	0
158	33	-9	default:river_water_source	0
159	33	-9	default:river_water_source	0
160	33	-9	default:river_water_source	0
161	33	-9	default:river_water_source	0
162	33	-9	default:river_water_source	0
163	33	-9	default:river_water_source	0
164	33	-9	default:river_water_source	0
165	33	-9	default:river_water_source	0
166	33	-9	default:river_water_source	0
167	33	-9	default:river_water_source	0
168	33	-9	default:river_water_source	0
169	33	-9	default:river_water_source	0
170	33	-9	default:river_water_source	0
171	33	-9	default:river_water_source	0
172	33	-9	default:river_water_source	0
173	33	-9	default:river_water_source	0
174	33	-9	default:river_water_source	0
175	33	-9	default:river_water_source	0
176	33	-9	default:river_water_source	0
177	33	-9	default:river_water_source	0
178	33	-9	default:river_water_source	0
179	33	-9	default:river_water_source	0
180	33	-9	default:river_water_source	0
181	33	-9	default:river_water_source	0
182	33	-9	default:river_water_source	0
183	33	-9	default:river_water_source	0
184	33	-9	default:river_water_source	0
185	33	-9	default:river_water_source	0
186	33	-9	default:river_water_source	0
187	33	-9	default:river_water_source	0
188	33	-9	default:river_water_source	0
189	33	-9	default:river_water_source	0
190	33	-9	default:river_water_source	0
191	33	-9	default:river_water_source	0
192	33	-9	default:river_water_source	0
193	33	-9	default:river_water_source	0
194	33	-9	default:river_water_source	0
195	33	-9	default:river_water_source	0
196	33	-9	default:river_water_source	0
197	33	-9	default:river_water_source	0
198	33	-9	default:river_water_source	0
199	33	-9	default:river_water_source	0
200	33	-9	default:river_water_source	0
201	33	-9	default:river_water_source	0
202	33	-9	default:river_water_source	0
203	33	-9	default:river_water_source	0
204	33	-9	default:river_water_source	0
205	33	-9	default:river_water_source	0
206	33	-9	default:river_water_source	0
207	33	-9	default:river_water_source	0
213	33	-9	default:dirt	0
214	33	-9	default:dirt	0
215	33	-9	default:dirt	0
216	33	-9	default:dirt	0
217	33	-9	default:dirt	0
218	33	-9	default:dirt	0
219	33	-9	default:dirt	0
220	33	-9	default:dirt	0
150	34	-9	default:river_water_source	0
151	34	-9	default:river_water_source	0
152	34	-9	default:river_water_source	0
153	34	-9	default:river_water_source	0
154	34	-9	default:river_water_source	0
155	34	-9	default:river_water_source	0
156	34	-9	default:river_water_source	0
157	34	-9	default:river_water_source	0
158	34	-9	default:river_water_source	0
159	34	-9	default:river_water_source	0
160	34	-9	default:river_water_source	0
161	34	-9	default:river_water_source	0
162	34	-9	default:river_water_source	0
163	34	-9	default:river_water_source	0
164	34	-9	default:river_water_source	0
165	34	-9	default:river_water_source	0
166	34	-9	default:river_water_source	0
167	34	-9	default:river_water_source	0
168	34	-9	default:river_water_source	0
169	34	-9	default:river_water_source	0
170	34	-9	default:river_water_source	0
171	34	-9	default:river_water_source	0
172	34	-9	default:river_water_source	0
173	34	-9	default:river_water_source	0
174	34	-9	default:river_water_source	0
175	34	-9	default:river_water_source	0
176	34	-9	default:river_water_source	0
177	34	-9	default:river_water_source	0
178	34	-9	default:river_water_source	0
179	34	-9	default:river_water_source	0
180	34	-9	default:river_water_source	0
181	34	-9	default:river_water_source	0
182	34	-9	default:river_water_source	0
183	34	-9	default:river_water_source	0
184	34	-9	default:river_water_source	0
185	34	-9	default:river_water_source	0
186	34	-9	default:river_water_source	0
187	34	-9	default:river_water_source	0
188	34	-9	default:river_water_source	0
189	34	-9	default:river_water_source	0
190	34	-9	default:river_water_source	0
191	34	-9	default:river_water_source	0
192	34	-9	default:river_water_source	0
193	34	-9	default:river_water_source	0
194	34	-9	default:river_water_source	0
195	34	-9	default:river_water_source	0
196	34	-9	default:river_water_source	0
197	34	-9	default:river_water_source	0
198	34	-9	default:river_water_source	0
199	34	-9	default:river_water_source	0
200	34	-9	default:river_water_source	0
201	34	-9	default:river_water_source	0
202	34	-9	default:river_water_source	0
203	34	-9	default:river_water_source	0
204	34	-9	default:river_water_source	0
205	34	-9	default:river_water_source	0
206	34	-9	default:river_water_source	0
207	34	-9	default:river_water_source	0
208	34	-9	default:dirt	0
209	34	-9	default:dirt	0
210	34	-9	default:dirt	0
211	34	-9	default:dirt	0
212	34	-9	default:dirt	0
213	34	-9	default:dirt	0
214	34	-9	default:dirt	0
215	34	-9	default:dirt	0
216	34	-9	default:dirt	0
217	34	-9	default:dirt_with_grass	0
218	34	-9	default:dirt	0
219	34	-9	default:dirt	0
220	34	-9	default:dirt_with_grass	0
150	35	-9	default:river_water_source	0
151	35	-9	default:river_water_source	0
152	35	-9	default:river_water_source	0
153	35	-9	default:river_water_source	0
154	35	-9	default:river_water_source	0
155	35	-9	default:river_water_source	0
156	35	-9	default:river_water_source	0
157	35	-9	default:river_water_source	0
158	35	-9	default:river_water_source	0
159	35	-9	default:river_water_source	0
160	35	-9	default:river_water_source	0
161	35	-9	default:river_water_source	0
162	35	-9	default:river_water_source	0
163	35	-9	default:river_water_source	0
164	35	-9	default:river_water_source	0
165	35	-9	default:river_water_source	0
166	35	-9	default:river_water_source	0
167	35	-9	default:river_water_source	0
168	35	-9	default:river_water_source	0
169	35	-9	default:river_water_source	0
170	35	-9	default:river_water_source	0
171	35	-9	default:river_water_source	0
172	35	-9	default:river_water_source	0
173	35	-9	default:river_water_source	0
174	35	-9	default:river_water_source	0
175	35	-9	default:river_water_source	0
176	35	-9	default:river_water_source	0
177	35	-9	default:river_water_source	0
178	35	-9	default:river_water_source	0
179	35	-9	default:river_water_source	0
180	35	-9	default:river_water_source	0
181	35	-9	default:river_water_source	0
182	35	-9	default:river_water_source	0
183	35	-9	default:river_water_source	0
184	35	-9	default:river_water_source	0
185	35	-9	default:river_water_source	0
186	35	-9	default:river_water_source	0
187	35	-9	default:river_water_source	0
188	35	-9	default:river_water_source	0
189	35	-9	default:river_water_source	0
190	35	-9	default:river_water_source	0
191	35	-9	default:river_water_source	0
192	35	-9	default:river_water_source	0
193	35	-9	default:river_water_source	0
194	35	-9	default:river_water_source	0
195	35	-9	default:river_water_source	0
196	35	-9	default:river_water_source	0
197	35	-9	default:river_water_source	0
198	35	-9	default:river_water_source	0
199	35	-9	default:river_water_source	0
200	35	-9	default:river_water_source	0
201	35	-9	default:river_water_source	0
202	35	-9	default:river_water_source	0
203	35	-9	default:river_water_source	0
204	35	-9	default:river_water_source	0
205	35	-9	default:river_water_source	0
206	35	-9	default:river_water_source	0
207	35	-9	default:river_water_source	0
208	35	-9	default:dirt	0
209	35	-9	default:dirt	0
210	35	-9	default:dirt	0
211	35	-9	default:dirt	0
212	35	-9	default:dirt	0
213	35	-9	default:dirt	0
214	35	-9	default:dirt	0
215	35	-9	default:dirt_with_grass	0
216	35	-9	default:dirt_with_grass	0
218	35	-9	default:dirt_with_grass	0
219	35	-9	default:dirt_with_grass	0
208	36	-9	default:dirt	0
209	36	-9	default:dirt	0
210	36	-9	default:dirt	0
211	36	-9	default:dirt	0
212	36	-9	default:dirt	0
213	36	-9	default:dirt_with_grass	0
214	36	-9	default:dirt_with_grass	0
208	37	-9	default:dirt_with_grass	0
209	37	-9	default:dirt_with_grass	0
210	37	-9	default:dirt_with_grass	0
211	37	-9	default:dirt_with_grass	0
212	37	-9	default:dirt_with_grass	0
156	27	-8	default:dirt	0
157	27	-8	default:dirt	0
158	27	-8	default:dirt	0
159	27	-8	default:dirt	0
160	27	-8	default:dirt	0
161	27	-8	default:dirt	0
162	27	-8	default:dirt	0
163	27	-8	default:dirt	0
164	27	-8	default:dirt	0
165	27	-8	default:dirt	0
166	27	-8	default:dirt	0
167	27	-8	default:dirt	0
168	27	-8	default:dirt	0
169	27	-8	default:dirt	0
170	27	-8	default:dirt	0
171	27	-8	default:dirt	0
172	27	-8	default:dirt	0
173	27	-8	default:dirt	0
174	27	-8	default:dirt	0
175	27	-8	default:dirt	0
176	27	-8	default:dirt	0
177	27	-8	default:dirt	0
178	27	-8	default:dirt	0
179	27	-8	default:dirt	0
180	27	-8	default:dirt	0
181	27	-8	default:dirt	0
182	27	-8	default:dirt	0
183	27	-8	default:dirt	0
184	27	-8	default:dirt	0
185	27	-8	default:dirt	0
186	27	-8	default:dirt	0
187	27	-8	default:dirt	0
188	27	-8	default:dirt	0
189	27	-8	default:dirt	0
190	27	-8	default:dirt	0
191	27	-8	default:dirt	0
192	27	-8	default:dirt	0
193	27	-8	default:dirt	0
194	27	-8	default:dirt	0
195	27	-8	default:dirt	0
196	27	-8	default:dirt	0
197	27	-8	default:dirt	0
198	27	-8	default:dirt	0
199	27	-8	default:dirt	0
200	27	-8	default:dirt	0
201	27	-8	default:dirt	0
202	27	-8	default:dirt	0
203	27	-8	default:dirt	0
204	27	-8	default:dirt	0
205	27	-8	default:dirt	0
206	27	-8	default:dirt	0
207	27	-8	default:dirt	0
150	28	-8	default:dirt	0
151	28	-8	default:dirt	0
152	28	-8	default:dirt	0
153	28	-8	default:dirt	0
154	28	-8	default:dirt	0
155	28	-8	default:dirt	0
156	28	-8	default:dirt	0
157	28	-8	default:dirt	0
158	28	-8	default:dirt	0
159	28	-8	default:dirt	0
160	28	-8	default:dirt	0
161	28	-8	default:dirt	0
162	28	-8	default:dirt	0
163	28	-8	default:dirt	0
164	28	-8	default:dirt	0
165	28	-8	default:dirt	0
166	28	-8	default:dirt	0
167	28	-8	default:dirt	0
168	28	-8	default:dirt	0
169	28	-8	default:dirt	0
170	28	-8	default:dirt	0
171	28	-8	default:dirt	0
172	28	-8	default:dirt	0
173	28	-8	default:dirt	0
174	28	-8	default:dirt	0
175	28	-8	default:dirt	0
176	28	-8	default:dirt	0
177	28	-8	default:dirt	0
178	28	-8	default:dirt	0
179	28	-8	default:dirt	0
180	28	-8	default:dirt	0
181	28	-8	default:dirt	0
182	28	-8	default:dirt	0
183	28	-8	default:dirt	0
184	28	-8	default:dirt	0
185	28	-8	default:dirt	0
186	28	-8	default:dirt	0
187	28	-8	default:dirt	0
188	28	-8	default:dirt	0
189	28	-8	default:dirt	0
190	28	-8	default:dirt	0
191	28	-8	default:dirt	0
192	28	-8	default:dirt	0
193	28	-8	default:dirt	0
194	28	-8	default:dirt	0
195	28	-8	default:dirt	0
196	28	-8	default:dirt	0
197	28	-8	default:dirt	0
198	28	-8	default:dirt	0
199	28	-8	default:dirt	0
200	28	-8	default:dirt	0
201	28	-8	default:dirt	0
202	28	-8	default:dirt	0
203	28	-8	default:dirt	0
204	28	-8	default:dirt	0
205	28	-8	default:dirt	0
206	28	-8	default:dirt	0
207	28	-8	default:dirt	0
150	29	-8	default:dirt	0
151	29	-8	default:dirt	0
152	29	-8	default:dirt	0
153	29	-8	default:dirt	0
154	29	-8	default:dirt	0
155	29	-8	default:dirt	0
156	29	-8	default:dirt	0
157	29	-8	default:dirt	0
158	29	-8	default:dirt	0
159	29	-8	default:dirt	0
160	29	-8	default:dirt	0
161	29	-8	default:dirt	0
162	29	-8	default:dirt	0
163	29	-8	default:dirt	0
164	29	-8	default:dirt	0
165	29	-8	default:dirt	0
166	29	-8	default:dirt	0
167	29	-8	default:dirt	0
168	29	-8	default:dirt	0
169	29	-8	default:dirt	0
170	29	-8	default:dirt	0
171	29	-8	default:dirt	0
172	29	-8	default:dirt	0
173	29	-8	default:dirt	0
174	29	-8	default:dirt	0
175	29	-8	default:dirt	0
176	29	-8	default:dirt	0
177	29	-8	default:dirt	0
178	29	-8	default:dirt	0
179	29	-8	default:dirt	0
180	29	-8	default:dirt	0
181	29	-8	default:dirt	0
182	29	-8	default:dirt	0
183	29	-8	default:dirt	0
184	29	-8	default:dirt	0
185	29	-8	default:dirt	0
186	29	-8	default:dirt	0
187	29	-8	default:dirt	0
188	29	-8	default:dirt	0
189	29	-8	default:dirt	0
190	29	-8	default:dirt	0
191	29	-8	default:dirt	0
192	29	-8	default:dirt	0
193	29	-8	default:dirt	0
194	29	-8	default:dirt	0
195	29	-8	default:dirt	0
196	29	-8	default:dirt	0
197	29	-8	default:dirt	0
198	29	-8	default:dirt	0
199	29	-8	default:dirt	0
200	29	-8	default:dirt	0
201	29	-8	default:dirt	0
202	29	-8	default:dirt	0
203	29	-8	default:dirt	0
204	29	-8	default:dirt	0
205	29	-8	default:dirt	0
206	29	-8	default:dirt	0
207	29	-8	default:dirt	0
150	30	-8	default:dirt	0
151	30	-8	default:dirt	0
152	30	-8	default:dirt	0
153	30	-8	default:dirt	0
154	30	-8	default:dirt	0
155	30	-8	default:dirt	0
156	30	-8	default:dirt_with_grass	0
157	30	-8	default:dirt_with_grass	0
158	30	-8	default:dirt_with_grass	0
159	30	-8	default:dirt_with_grass	0
160	30	-8	default:dirt_with_grass	0
161	30	-8	default:dirt_with_grass	0
162	30	-8	default:dirt_with_grass	0
163	30	-8	default:dirt_with_grass	0
164	30	-8	default:dirt_with_grass	0
165	30	-8	default:dirt_with_grass	0
166	30	-8	default:dirt_with_grass	0
167	30	-8	default:dirt_with_grass	0
168	30	-8	default:dirt_with_grass	0
169	30	-8	default:dirt_with_grass	0
170	30	-8	default:dirt_with_grass	0
171	30	-8	default:dirt_with_grass	0
172	30	-8	default:dirt_with_grass	0
173	30	-8	default:dirt_with_grass	0
174	30	-8	default:dirt_with_grass	0
175	30	-8	default:dirt_with_grass	0
176	30	-8	default:dirt_with_grass	0
177	30	-8	default:dirt_with_grass	0
178	30	-8	default:dirt_with_grass	0
179	30	-8	default:dirt_with_grass	0
180	30	-8	default:dirt_with_grass	0
181	30	-8	default:dirt_with_grass	0
182	30	-8	default:dirt_with_grass	0
183	30	-8	default:dirt_with_grass	0
184	30	-8	default:dirt_with_grass	0
185	30	-8	default:dirt_with_grass	0
186	30	-8	default:dirt_with_grass	0
187	30	-8	default:dirt_with_grass	0
188	30	-8	default:dirt_with_grass	0
189	30	-8	default:dirt_with_grass	0
190	30	-8	default:dirt_with_grass	0
191	30	-8	default:dirt_with_grass	0
192	30	-8	default:dirt_with_grass	0
193	30	-8	default:dirt_with_grass	0
194	30	-8	default:dirt_with_grass	0
195	30	-8	default:dirt_with_grass	0
196	30	-8	default:dirt_with_grass	0
197	30	-8	default:dirt_with_grass	0
198	30	-8	default:dirt_with_grass	0
199	30	-8	default:dirt_with_grass	0
200	30	-8	default:dirt_with_grass	0
201	30	-8	default:dirt_with_grass	0
202	30	-8	default:dirt_with_grass	0
203	30	-8	default:dirt_with_grass	0
204	30	-8	default:dirt_with_grass	0
205	30	-8	default:dirt_with_grass	0
206	30	-8	default:dirt_with_grass	0
207	30	-8	default:dirt_with_grass	0
150	31	-8	default:dirt_with_grass	0
151	31	-8	default:dirt_with_grass	0
152	31	-8	default:dirt_with_grass	0
153	31	-8	default:dirt_with_grass	0
154	31	-8	default:dirt_with_grass	0
155	31	-8	default:dirt_with_grass	0
156	31	-8	default:river_water_source	0
157	31	-8	default:river_water_source	0
158	31	-8	default:river_water_source	0
159	31	-8	default:river_water_source	0
160	31	-8	default:river_water_source	0
161	31	-8	default:river_water_source	0
162	31	-8	default:river_water_source	0
163	31	-8	default:river_water_source	0
164	31	-8	default:river_water_source	0
165	31	-8	default:river_water_source	0
166	31	-8	default:river_water_source	0
167	31	-8	default:river_water_source	0
168	31	-8	default:river_water_source	0
169	31	-8	default:river_water_source	0
170	31	-8	default:river_water_source	0
171	31	-8	default:river_water_source	0
172	31	-8	default:river_water_source	0
173	31	-8	default:river_water_source	0
174	31	-8	default:river_water_source	0
175	31	-8	default:river_water_source	0
176	31	-8	default:river_water_source	0
177	31	-8	default:river_water_source	0
178	31	-8	default:river_water_source	0
179	31	-8	default:river_water_source	0
180	31	-8	default:river_water_source	0
181	31	-8	default:river_water_source	0
182	31	-8	default:river_water_source	0
183	31	-8	default:river_water_source	0
184	31	-8	default:river_water_source	0
185	31	-8	default:river_water_source	0
186	31	-8	default:river_water_source	0
187	31	-8	default:river_water_source	0
188	31	-8	default:river_water_source	0
189	31	-8	default:river_water_source	0
190	31	-8	default:river_water_source	0
191	31	-8	default:river_water_source	0
192	31	-8	default:river_water_source	0
193	31	-8	default:river_water_source	0
194	31	-8	default:river_water_source	0
195	31	-8	default:river_water_source	0
196	31	-8	default:river_water_source	0
197	31	-8	default:river_water_source	0
198	31	-8	default:river_water_source	0
199	31	-8	default:river_water_source	0
200	31	-8	default:river_water_source	0
201	31	-8	default:river_water_source	0
202	31	-8	default:river_water_source	0
203	31	-8	default:river_water_source	0
204	31	-8	default:river_water_source	0
205	31	-8	default:river_water_source	0
206	31	-8	default:river_water_source	0
207	31	-8	default:river_water_source	0
219	31	-8	default:dirt	0
150	32	-8	default:river_water_source	0
151	32	-8	default:river_water_source	0
152	32	-8	default:river_water_source	0
153	32	-8	default:river_water_source	0
154	32	-8	default:river_water_source	0
155	32	-8	default:river_water_source	0
156	32	-8	default:river_water_source	0
157	32	-8	default:river_water_source	0
158	32	-8	default:river_water_source	0
159	32	-8	default:river_water_source	0
160	32	-8	default:river_water_source	0
161	32	-8	default:river_water_source	0
162	32	-8	default:river_water_source	0
163	32	-8	default:river_water_source	0
164	32	-8	default:river_water_source	0
165	32	-8	default:river_water_source	0
166	32	-8	default:river_water_source	0
167	32	-8	default:river_water_source	0
168	32	-8	default:river_water_source	0
169	32	-8	default:river_water_source	0
170	32	-8	default:river_water_source	0
171	32	-8	default:river_water_source	0
172	32	-8	default:river_water_source	0
173	32	-8	default:river_water_source	0
174	32	-8	default:river_water_source	0
175	32	-8	default:river_water_source	0
176	32	-8	default:river_water_source	0
177	32	-8	default:river_water_source	0
178	32	-8	default:river_water_source	0
179	32	-8	default:river_water_source	0
180	32	-8	default:river_water_source	0
181	32	-8	default:river_water_source	0
182	32	-8	default:river_water_source	0
183	32	-8	default:river_water_source	0
184	32	-8	default:river_water_source	0
185	32	-8	default:river_water_source	0
186	32	-8	default:river_water_source	0
187	32	-8	default:river_water_source	0
188	32	-8	default:river_water_source	0
189	32	-8	default:river_water_source	0
190	32	-8	default:river_water_source	0
191	32	-8	default:river_water_source	0
192	32	-8	default:river_water_source	0
193	32	-8	default:river_water_source	0
194	32	-8	default:river_water_source	0
195	32	-8	default:river_water_source	0
196	32	-8	default:river_water_source	0
197	32	-8	default:river_water_source	0
198	32	-8	default:river_water_source	0
199	32	-8	default:river_water_source	0
200	32	-8	default:river_water_source	0
201	32	-8	default:river_water_source	0
202	32	-8	default:river_water_source	0
203	32	-8	default:river_water_source	0
204	32	-8	default:river_water_source	0
205	32	-8	default:river_water_source	0
206	32	-8	default:river_water_source	0
207	32	-8	default:river_water_source	0
215	32	-8	default:dirt	0
216	32	-8	default:dirt	0
217	32	-8	default:dirt	0
218	32	-8	default:dirt	0
219	32	-8	default:dirt	0
220	32	-8	default:dirt	0
150	33	-8	default:river_water_source	0
151	33	-8	default:river_water_source	0
152	33	-8	default:river_water_source	0
153	33	-8	default:river_water_source	0
154	33	-8	default:river_water_source	0
155	33	-8	default:river_water_source	0
156	33	-8	default:river_water_source	0
157	33	-8	default:river_water_source	0
158	33	-8	default:river_water_source	0
159	33	-8	default:river_water_source	0
160	33	-8	default:river_water_source	0
161	33	-8	default:river_water_source	0
162	33	-8	default:river_water_source	0
163	33	-8	default:river_water_source	0
164	33	-8	default:river_water_source	0
165	33	-8	default:river_water_source	0
166	33	-8	default:river_water_source	0
167	33	-8	default:river_water_source	0
168	33	-8	default:river_water_source	0
169	33	-8	default:river_water_source	0
170	33	-8	default:river_water_source	0
171	33	-8	default:river_water_source	0
172	33	-8	default:river_water_source	0
173	33	-8	default:river_water_source	0
174	33	-8	default:river_water_source	0
175	33	-8	default:river_water_source	0
176	33	-8	default:river_water_source	0
177	33	-8	default:river_water_source	0
178	33	-8	default:river_water_source	0
179	33	-8	default:river_water_source	0
180	33	-8	default:river_water_source	0
181	33	-8	default:river_water_source	0
182	33	-8	default:river_water_source	0
183	33	-8	default:river_water_source	0
184	33	-8	default:river_water_source	0
185	33	-8	default:river_water_source	0
186	33	-8	default:river_water_source	0
187	33	-8	default:river_water_source	0
188	33	-8	default:river_water_source	0
189	33	-8	default:river_water_source	0
190	33	-8	default:river_water_source	0
191	33	-8	default:river_water_source	0
192	33	-8	default:river_water_source	0
193	33	-8	default:river_water_source	0
194	33	-8	default:river_water_source	0
195	33	-8	default:river_water_source	0
196	33	-8	default:river_water_source	0
197	33	-8	default:river_water_source	0
198	33	-8	default:river_water_source	0
199	33	-8	default:river_water_source	0
200	33	-8	default:river_water_source	0
201	33	-8	default:river_water_source	0
202	33	-8	default:river_water_source	0
203	33	-8	default:river_water_source	0
204	33	-8	default:river_water_source	0
205	33	-8	default:river_water_source	0
206	33	-8	default:river_water_source	0
207	33	-8	default:river_water_source	0
214	33	-8	default:dirt	0
215	33	-8	default:dirt	0
216	33	-8	default:dirt	0
217	33	-8	default:dirt	0
218	33	-8	default:dirt	0
219	33	-8	default:dirt	0
220	33	-8	default:dirt	0
150	34	-8	default:river_water_source	0
151	34	-8	default:river_water_source	0
152	34	-8	default:river_water_source	0
153	34	-8	default:river_water_source	0
154	34	-8	default:river_water_source	0
155	34	-8	default:river_water_source	0
156	34	-8	default:river_water_source	0
157	34	-8	default:river_water_source	0
158	34	-8	default:river_water_source	0
159	34	-8	default:river_water_source	0
160	34	-8	default:river_water_source	0
161	34	-8	default:river_water_source	0
162	34	-8	default:river_water_source	0
163	34	-8	default:river_water_source	0
164	34	-8	default:river_water_source	0
165	34	-8	default:river_water_source	0
166	34	-8	default:river_water_source	0
167	34	-8	default:river_water_source	0
168	34	-8	default:river_water_source	0
169	34	-8	default:river_water_source	0
170	34	-8	default:river_water_source	0
171	34	-8	default:river_water_source	0
172	34	-8	default:river_water_source	0
173	34	-8	default:river_water_source	0
174	34	-8	default:river_water_source	0
175	34	-8	default:river_water_source	0
176	34	-8	default:river_water_source	0
177	34	-8	default:river_water_source	0
178	34	-8	default:river_water_source	0
179	34	-8	default:river_water_source	0
180	34	-8	default:river_water_source	0
181	34	-8	default:river_water_source	0
182	34	-8	default:river_water_source	0
183	34	-8	default:river_water_source	0
184	34	-8	default:river_water_source	0
185	34	-8	default:river_water_source	0
186	34	-8	default:river_water_source	0
187	34	-8	default:river_water_source	0
188	34	-8	default:river_water_source	0
189	34	-8	default:river_water_source	0
190	34	-8	default:river_water_source	0
191	34	-8	default:river_water_source	0
192	34	-8	default:river_water_source	0
193	34	-8	default:river_water_source	0
194	34	-8	default:river_water_source	0
195	34	-8	default:river_water_source	0
196	34	-8	default:river_water_source	0
197	34	-8	default:river_water_source	0
198	34	-8	default:river_water_source	0
199	34	-8	default:river_water_source	0
200	34	-8	default:river_water_source	0
201	34	-8	default:river_water_source	0
202	34	-8	default:river_water_source	0
203	34	-8	default:river_water_source	0
204	34	-8	default:river_water_source	0
205	34	-8	default:river_water_source	0
206	34	-8	default:river_water_source	0
207	34	-8	default:river_water_source	0
208	34	-8	default:dirt	0
209	34	-8	default:dirt	0
210	34	-8	default:dirt	0
211	34	-8	default:dirt	0
212	34	-8	default:dirt	0
213	34	-8	default:dirt	0
214	34	-8	default:dirt	0
215	34	-8	default:dirt	0
216	34	-8	default:dirt	0
217	34	-8	default:dirt	0
218	34	-8	default:dirt	0
219	34	-8	default:dirt_with_grass	0
220	34	-8	default:dirt	0
150	35	-8	default:river_water_source	0
151	35	-8	default:river_water_source	0
152	35	-8	default:river_water_source	0
153	35	-8	default:river_water_source	0
154	35	-8	default:river_water_source	0
155	35	-8	default:river_water_source	0
156	35	-8	default:river_water_source	0
157	35	-8	default:river_water_source	0
158	35	-8	default:river_water_source	0
159	35	-8	default:river_water_source	0
160	35	-8	default:river_water_source	0
161	35	-8	default:river_water_source	0
162	35	-8	default:river_water_source	0
163	35	-8	default:river_water_source	0
164	35	-8	default:river_water_source	0
165	35	-8	default:river_water_source	0
166	35	-8	default:river_water_source	0
167	35	-8	default:river_water_source	0
168	35	-8	default:river_water_source	0
169	35	-8	default:river_water_source	0
170	35	-8	default:river_water_source	0
171	35	-8	default:river_water_source	0
172	35	-8	default:river_water_source	0
173	35	-8	default:river_water_source	0
174	35	-8	default:river_water_source	0
175	35	-8	default:river_water_source	0
176	35	-8	default:river_water_source	0
177	35	-8	default:river_water_source	0
178	35	-8	default:river_water_source	0
179	35	-8	default:river_water_source	0
180	35	-8	default:river_water_source	0
181	35	-8	default:river_water_source	0
182	35	-8	default:river_water_source	0
183	35	-8	default:river_water_source	0
184	35	-8	default:river_water_source	0
185	35	-8	default:river_water_source	0
186	35	-8	default:river_water_source	0
187	35	-8	default:river_water_source	0
188	35	-8	default:river_water_source	0
189	35	-8	default:river_water_source	0
190	35	-8	default:river_water_source	0
191	35	-8	default:river_water_source	0
192	35	-8	default:river_water_source	0
193	35	-8	default:river_water_source	0
194	35	-8	default:river_water_source	0
195	35	-8	default:river_water_source	0
196	35	-8	default:river_water_source	0
197	35	-8	default:river_water_source	0
198	35	-8	default:river_water_source	0
199	35	-8	default:river_water_source	0
200	35	-8	default:river_water_source	0
201	35	-8	default:river_water_source	0
202	35	-8	default:river_water_source	0
203	35	-8	default:river_water_source	0
204	35	-8	default:river_water_source	0
205	35	-8	default:river_water_source	0
206	35	-8	default:river_water_source	0
207	35	-8	default:river_water_source	0
208	35	-8	default:dirt	0
209	35	-8	default:dirt	0
210	35	-8	default:dirt	0
211	35	-8	default:dirt	0
212	35	-8	default:dirt	0
213	35	-8	default:dirt	0
214	35	-8	default:dirt	0
215	35	-8	default:dirt_with_grass	0
216	35	-8	default:dirt_with_grass	0
217	35	-8	default:dirt_with_grass	0
218	35	-8	default:dirt_with_grass	0
220	35	-8	default:dirt_with_grass	0
208	36	-8	default:dirt	0
209	36	-8	default:dirt	0
210	36	-8	default:dirt	0
211	36	-8	default:dirt	0
212	36	-8	default:dirt	0
213	36	-8	default:dirt	0
214	36	-8	default:dirt_with_grass	0
208	37	-8	default:dirt_with_grass	0
209	37	-8	default:dirt_with_grass	0
210	37	-8	default:dirt_with_grass	0
211	37	-8	default:dirt_with_grass	0
212	37	-8	default:dirt_with_grass	0
213	37	-8	default:dirt_with_grass	0
157	27	-7	default:dirt	0
158	27	-7	default:dirt	0
159	27	-7	default:dirt	0
160	27	-7	default:dirt	0
161	27	-7	default:dirt	0
162	27	-7	default:dirt	0
163	27	-7	default:dirt	0
164	27	-7	default:dirt	0
165	27	-7	default:dirt	0
166	27	-7	default:dirt	0
167	27	-7	default:dirt	0
168	27	-7	default:dirt	0
169	27	-7	default:dirt	0
170	27	-7	default:dirt	0
171	27	-7	default:dirt	0
172	27	-7	default:dirt	0
173	27	-7	default:dirt	0
174	27	-7	default:dirt	0
175	27	-7	default:dirt	0
176	27	-7	default:dirt	0
177	27	-7	default:dirt	0
178	27	-7	default:dirt	0
179	27	-7	default:dirt	0
180	27	-7	default:dirt	0
181	27	-7	default:dirt	0
182	27	-7	default:dirt	0
183	27	-7	default:dirt	0
184	27	-7	default:dirt	0
185	27	-7	default:dirt	0
186	27	-7	default:dirt	0
187	27	-7	default:dirt	0
188	27	-7	default:dirt	0
189	27	-7	default:dirt	0
190	27	-7	default:dirt	0
191	27	-7	default:dirt	0
192	27	-7	default:dirt	0
193	27	-7	default:dirt	0
194	27	-7	default:dirt	0
195	27	-7	default:dirt	0
196	27	-7	default:dirt	0
197	27	-7	default:dirt	0
198	27	-7	default:dirt	0
199	27	-7	default:dirt	0
200	27	-7	default:dirt	0
201	27	-7	default:dirt	0
202	27	-7	default:dirt	0
203	27	-7	default:dirt	0
204	27	-7	default:dirt	0
205	27	-7	default:dirt	0
206	27	-7	default:dirt	0
150	28	-7	default:dirt	0
151	28	-7	default:dirt	0
152	28	-7	default:dirt	0
153	28	-7	default:dirt	0
154	28	-7	default:dirt	0
155	28	-7	default:dirt	0
156	28	-7	default:dirt	0
157	28	-7	default:dirt	0
158	28	-7	default:dirt	0
159	28	-7	default:dirt	0
160	28	-7	default:dirt	0
161	28	-7	default:dirt	0
162	28	-7	default:dirt	0
163	28	-7	default:dirt	0
164	28	-7	default:dirt	0
165	28	-7	default:dirt	0
166	28	-7	default:dirt	0
167	28	-7	default:dirt	0
168	28	-7	default:dirt	0
169	28	-7	default:dirt	0
170	28	-7	default:dirt	0
171	28	-7	default:dirt	0
172	28	-7	default:dirt	0
173	28	-7	default:dirt	0
174	28	-7	default:dirt	0
175	28	-7	default:dirt	0
176	28	-7	default:dirt	0
177	28	-7	default:dirt	0
178	28	-7	default:dirt	0
179	28	-7	default:dirt	0
180	28	-7	default:dirt	0
181	28	-7	default:dirt	0
182	28	-7	default:dirt	0
183	28	-7	default:dirt	0
184	28	-7	default:dirt	0
185	28	-7	default:dirt	0
186	28	-7	default:dirt	0
187	28	-7	default:dirt	0
188	28	-7	default:dirt	0
189	28	-7	default:dirt	0
190	28	-7	default:dirt	0
191	28	-7	default:dirt	0
192	28	-7	default:dirt	0
193	28	-7	default:dirt	0
194	28	-7	default:dirt	0
195	28	-7	default:dirt	0
196	28	-7	default:dirt	0
197	28	-7	default:dirt	0
198	28	-7	default:dirt	0
199	28	-7	default:dirt	0
200	28	-7	default:dirt	0
201	28	-7	default:dirt	0
202	28	-7	default:dirt	0
203	28	-7	default:dirt	0
204	28	-7	default:dirt	0
205	28	-7	default:dirt	0
206	28	-7	default:dirt	0
150	29	-7	default:dirt	0
151	29	-7	default:dirt	0
152	29	-7	default:dirt	0
153	29	-7	default:dirt	0
154	29	-7	default:dirt	0
155	29	-7	default:dirt	0
156	29	-7	default:dirt	0
157	29	-7	default:dirt	0
158	29	-7	default:dirt	0
159	29	-7	default:dirt	0
160	29	-7	default:dirt	0
161	29	-7	default:dirt	0
162	29	-7	default:dirt	0
163	29	-7	default:dirt	0
164	29	-7	default:dirt	0
165	29	-7	default:dirt	0
166	29	-7	default:dirt	0
167	29	-7	default:dirt	0
168	29	-7	default:dirt	0
169	29	-7	default:dirt	0
170	29	-7	default:dirt	0
171	29	-7	default:dirt	0
172	29	-7	default:dirt	0
173	29	-7	default:dirt	0
174	29	-7	default:dirt	0
175	29	-7	default:dirt	0
176	29	-7	default:dirt	0
177	29	-7	default:dirt	0
178	29	-7	default:dirt	0
179	29	-7	default:dirt	0
180	29	-7	default:dirt	0
181	29	-7	default:dirt	0
182	29	-7	default:dirt	0
183	29	-7	default:dirt	0
184	29	-7	default:dirt	0
185	29	-7	default:dirt	0
186	29	-7	default:dirt	0
187	29	-7	default:dirt	0
188	29	-7	default:dirt	0
189	29	-7	default:dirt	0
190	29	-7	default:dirt	0
191	29	-7	default:dirt	0
192	29	-7	default:dirt	0
193	29	-7	default:dirt	0
194	29	-7	default:dirt	0
195	29	-7	default:dirt	0
196	29	-7	default:dirt	0
197	29	-7	default:dirt	0
198	29	-7	default:dirt	0
199	29	-7	default:dirt	0
200	29	-7	default:dirt	0
201	29	-7	default:dirt	0
202	29	-7	default:dirt	0
203	29	-7	default:dirt	0
204	29	-7	default:dirt	0
205	29	-7	default:dirt	0
206	29	-7	default:dirt	0
150	30	-7	default:dirt	0
151	30	-7	default:dirt	0
152	30	-7	default:dirt	0
153	30	-7	default:dirt	0
154	30	-7	default:dirt	0
155	30	-7	default:dirt	0
156	30	-7	default:dirt	0
157	30	-7	default:dirt_with_grass	0
158	30	-7	default:dirt_with_grass	0
159	30	-7	default:dirt_with_grass	0
160	30	-7	default:dirt_with_grass	0
161	30	-7	default:dirt_with_grass	0
162	30	-7	default:dirt_with_grass	0
163	30	-7	default:dirt_with_grass	0
164	30	-7	default:dirt_with_grass	0
165	30	-7	default:dirt_with_grass	0
166	30	-7	default:dirt_with_grass	0
167	30	-7	default:dirt_with_grass	0
168	30	-7	default:dirt_with_grass	0
169	30	-7	default:dirt_with_grass	0
170	30	-7	default:dirt_with_grass	0
171	30	-7	default:dirt_with_grass	0
172	30	-7	default:dirt_with_grass	0
173	30	-7	default:dirt_with_grass	0
174	30	-7	default:dirt_with_grass	0
175	30	-7	default:dirt_with_grass	0
176	30	-7	default:dirt_with_grass	0
177	30	-7	default:dirt_with_grass	0
178	30	-7	default:dirt_with_grass	0
179	30	-7	default:dirt_with_grass	0
180	30	-7	default:dirt_with_grass	0
181	30	-7	default:dirt_with_grass	0
182	30	-7	default:dirt_with_grass	0
183	30	-7	default:dirt_with_grass	0
184	30	-7	default:dirt_with_grass	0
185	30	-7	default:dirt_with_grass	0
186	30	-7	default:dirt_with_grass	0
187	30	-7	default:dirt_with_grass	0
188	30	-7	default:dirt_with_grass	0
189	30	-7	default:dirt_with_grass	0
190	30	-7	default:dirt_with_grass	0
191	30	-7	default:dirt_with_grass	0
192	30	-7	default:dirt_with_grass	0
193	30	-7	default:dirt_with_grass	0
194	30	-7	default:dirt_with_grass	0
195	30	-7	default:dirt_with_grass	0
196	30	-7	default:dirt_with_grass	0
197	30	-7	default:dirt_with_grass	0
198	30	-7	default:dirt_with_grass	0
199	30	-7	default:dirt_with_grass	0
200	30	-7	default:dirt_with_grass	0
201	30	-7	default:dirt_with_grass	0
202	30	-7	default:dirt_with_grass	0
203	30	-7	default:dirt_with_grass	0
204	30	-7	default:dirt_with_grass	0
205	30	-7	default:dirt_with_grass	0
206	30	-7	default:dirt_with_grass	0
150	31	-7	default:dirt_with_grass	0
151	31	-7	default:dirt_with_grass	0
152	31	-7	default:dirt_with_grass	0
153	31	-7	default:dirt_with_grass	0
154	31	-7	default:dirt_with_grass	0
155	31	-7	default:dirt_with_grass	0
156	31	-7	default:dirt_with_grass	0
157	31	-7	default:river_water_source	0
158	31	-7	default:river_water_source	0
159	31	-7	default:river_water_source	0
160	31	-7	default:river_water_source	0
161	31	-7	default:river_water_source	0
162	31	-7	default:river_water_source	0
163	31	-7	default:river_water_source	0
164	31	-7	default:river_water_source	0
165	31	-7	default:river_water_source	0
166	31	-7	default:river_water_source	0
167	31	-7	default:river_water_source	0
168	31	-7	default:river_water_source	0
169	31	-7	default:river_water_source	0
170	31	-7	default:river_water_source	0
171	31	-7	default:river_water_source	0
172	31	-7	default:river_water_source	0
173	31	-7	default:river_water_source	0
174	31	-7	default:river_water_source	0
175	31	-7	default:river_water_source	0
176	31	-7	default:river_water_source	0
177	31	-7	default:river_water_source	0
178	31	-7	default:river_water_source	0
179	31	-7	default:river_water_source	0
180	31	-7	default:river_water_source	0
181	31	-7	default:river_water_source	0
182	31	-7	default:river_water_source	0
183	31	-7	default:river_water_source	0
184	31	-7	default:river_water_source	0
185	31	-7	default:river_water_source	0
186	31	-7	default:river_water_source	0
187	31	-7	default:river_water_source	0
188	31	-7	default:river_water_source	0
189	31	-7	default:river_water_source	0
190	31	-7	default:river_water_source	0
191	31	-7	default:river_water_source	0
192	31	-7	default:river_water_source	0
193	31	-7	default:river_water_source	0
194	31	-7	default:river_water_source	0
195	31	-7	default:river_water_source	0
196	31	-7	default:river_water_source	0
197	31	-7	default:river_water_source	0
198	31	-7	default:river_water_source	0
199	31	-7	default:river_water_source	0
200	31	-7	default:river_water_source	0
201	31	-7	default:river_water_source	0
202	31	-7	default:river_water_source	0
203	31	-7	default:river_water_source	0
204	31	-7	default:river_water_source	0
205	31	-7	default:river_water_source	0
206	31	-7	default:river_water_source	0
218	31	-7	default:dirt	0
219	31	-7	default:dirt	0
150	32	-7	default:river_water_source	0
151	32	-7	default:river_water_source	0
152	32	-7	default:river_water_source	0
153	32	-7	default:river_water_source	0
154	32	-7	default:river_water_source	0
155	32	-7	default:river_water_source	0
156	32	-7	default:river_water_source	0
157	32	-7	default:river_water_source	0
158	32	-7	default:river_water_source	0
159	32	-7	default:river_water_source	0
160	32	-7	default:river_water_source	0
161	32	-7	default:river_water_source	0
162	32	-7	default:river_water_source	0
163	32	-7	default:river_water_source	0
164	32	-7	default:river_water_source	0
165	32	-7	default:river_water_source	0
166	32	-7	default:river_water_source	0
167	32	-7	default:river_water_source	0
168	32	-7	default:river_water_source	0
169	32	-7	default:river_water_source	0
170	32	-7	default:river_water_source	0
171	32	-7	default:river_water_source	0
172	32	-7	default:river_water_source	0
173	32	-7	default:river_water_source	0
174	32	-7	default:river_water_source	0
175	32	-7	default:river_water_source	0
176	32	-7	default:river_water_source	0
177	32	-7	default:river_water_source	0
178	32	-7	default:river_water_source	0
179	32	-7	default:river_water_source	0
180	32	-7	default:river_water_source	0
181	32	-7	default:river_water_source	0
182	32	-7	default:river_water_source	0
183	32	-7	default:river_water_source	0
184	32	-7	default:river_water_source	0
185	32	-7	default:river_water_source	0
186	32	-7	default:river_water_source	0
187	32	-7	default:river_water_source	0
188	32	-7	default:river_water_source	0
189	32	-7	default:river_water_source	0
190	32	-7	default:river_water_source	0
191	32	-7	default:river_water_source	0
192	32	-7	default:river_water_source	0
193	32	-7	default:river_water_source	0
194	32	-7	default:river_water_source	0
195	32	-7	default:river_water_source	0
196	32	-7	default:river_water_source	0
197	32	-7	default:river_water_source	0
198	32	-7	default:river_water_source	0
199	32	-7	default:river_water_source	0
200	32	-7	default:river_water_source	0
201	32	-7	default:river_water_source	0
202	32	-7	default:river_water_source	0
203	32	-7	default:river_water_source	0
204	32	-7	default:river_water_source	0
205	32	-7	default:river_water_source	0
206	32	-7	default:river_water_source	0
215	32	-7	default:dirt	0
216	32	-7	default:dirt	0
217	32	-7	default:dirt	0
218	32	-7	default:dirt	0
219	32	-7	default:dirt	0
220	32	-7	default:dirt	0
150	33	-7	default:river_water_source	0
151	33	-7	default:river_water_source	0
152	33	-7	default:river_water_source	0
153	33	-7	default:river_water_source	0
154	33	-7	default:river_water_source	0
155	33	-7	default:river_water_source	0
156	33	-7	default:river_water_source	0
157	33	-7	default:river_water_source	0
158	33	-7	default:river_water_source	0
159	33	-7	default:river_water_source	0
160	33	-7	default:river_water_source	0
161	33	-7	default:river_water_source	0
162	33	-7	default:river_water_source	0
163	33	-7	default:river_water_source	0
164	33	-7	default:river_water_source	0
165	33	-7	default:river_water_source	0
166	33	-7	default:river_water_source	0
167	33	-7	default:river_water_source	0
168	33	-7	default:river_water_source	0
169	33	-7	default:river_water_source	0
170	33	-7	default:river_water_source	0
171	33	-7	default:river_water_source	0
172	33	-7	default:river_water_source	0
173	33	-7	default:river_water_source	0
174	33	-7	default:river_water_source	0
175	33	-7	default:river_water_source	0
176	33	-7	default:river_water_source	0
177	33	-7	default:river_water_source	0
178	33	-7	default:river_water_source	0
179	33	-7	default:river_water_source	0
180	33	-7	default:river_water_source	0
181	33	-7	default:river_water_source	0
182	33	-7	default:river_water_source	0
183	33	-7	default:river_water_source	0
184	33	-7	default:river_water_source	0
185	33	-7	default:river_water_source	0
186	33	-7	default:river_water_source	0
187	33	-7	default:river_water_source	0
188	33	-7	default:river_water_source	0
189	33	-7	default:river_water_source	0
190	33	-7	default:river_water_source	0
191	33	-7	default:river_water_source	0
192	33	-7	default:river_water_source	0
193	33	-7	default:river_water_source	0
194	33	-7	default:river_water_source	0
195	33	-7	default:river_water_source	0
196	33	-7	default:river_water_source	0
197	33	-7	default:river_water_source	0
198	33	-7	default:river_water_source	0
199	33	-7	default:river_water_source	0
200	33	-7	default:river_water_source	0
201	33	-7	default:river_water_source	0
202	33	-7	default:river_water_source	0
203	33	-7	default:river_water_source	0
204	33	-7	default:river_water_source	0
205	33	-7	default:river_water_source	0
206	33	-7	default:river_water_source	0
213	33	-7	default:dirt	0
214	33	-7	default:dirt	0
215	33	-7	default:dirt	0
216	33	-7	default:dirt	0
217	33	-7	default:dirt	0
218	33	-7	default:dirt	0
219	33	-7	default:dirt	0
220	33	-7	default:dirt	0
150	34	-7	default:river_water_source	0
151	34	-7	default:river_water_source	0
152	34	-7	default:river_water_source	0
153	34	-7	default:river_water_source	0
154	34	-7	default:river_water_source	0
155	34	-7	default:river_water_source	0
156	34	-7	default:river_water_source	0
157	34	-7	default:river_water_source	0
158	34	-7	default:river_water_source	0
159	34	-7	default:river_water_source	0
160	34	-7	default:river_water_source	0
161	34	-7	default:river_water_source	0
162	34	-7	default:river_water_source	0
163	34	-7	default:river_water_source	0
164	34	-7	default:river_water_source	0
165	34	-7	default:river_water_source	0
166	34	-7	default:river_water_source	0
167	34	-7	default:river_water_source	0
168	34	-7	default:river_water_source	0
169	34	-7	default:river_water_source	0
170	34	-7	default:river_water_source	0
171	34	-7	default:river_water_source	0
172	34	-7	default:river_water_source	0
173	34	-7	default:river_water_source	0
174	34	-7	default:river_water_source	0
175	34	-7	default:river_water_source	0
176	34	-7	default:river_water_source	0
177	34	-7	default:river_water_source	0
178	34	-7	default:river_water_source	0
179	34	-7	default:river_water_source	0
180	34	-7	default:river_water_source	0
181	34	-7	default:river_water_source	0
182	34	-7	default:river_water_source	0
183	34	-7	default:river_water_source	0
184	34	-7	default:river_water_source	0
185	34	-7	default:river_water_source	0
186	34	-7	default:river_water_source	0
187	34	-7	default:river_water_source	0
188	34	-7	default:river_water_source	0
189	34	-7	default:river_water_source	0
190	34	-7	default:river_water_source	0
191	34	-7	default:river_water_source	0
192	34	-7	default:river_water_source	0
193	34	-7	default:river_water_source	0
194	34	-7	default:river_water_source	0
195	34	-7	default:river_water_source	0
196	34	-7	default:river_water_source	0
197	34	-7	default:river_water_source	0
198	34	-7	default:river_water_source	0
199	34	-7	default:river_water_source	0
200	34	-7	default:river_water_source	0
201	34	-7	default:river_water_source	0
202	34	-7	default:river_water_source	0
203	34	-7	default:river_water_source	0
204	34	-7	default:river_water_source	0
205	34	-7	default:river_water_source	0
206	34	-7	default:river_water_source	0
207	34	-7	default:dirt	0
208	34	-7	default:dirt	0
209	34	-7	default:dirt	0
210	34	-7	default:dirt	0
211	34	-7	default:dirt	0
212	34	-7	default:dirt	0
213	34	-7	default:dirt	0
214	34	-7	default:dirt	0
215	34	-7	default:dirt	0
216	34	-7	default:dirt	0
217	34	-7	default:dirt	0
218	34	-7	default:dirt_with_grass	0
219	34	-7	default:dirt_with_grass	0
220	34	-7	default:dirt	0
150	35	-7	default:river_water_source	0
151	35	-7	default:river_water_source	0
152	35	-7	default:river_water_source	0
153	35	-7	default:river_water_source	0
154	35	-7	default:river_water_source	0
155	35	-7	default:river_water_source	0
156	35	-7	default:river_water_source	0
157	35	-7	default:river_water_source	0
158	35	-7	default:river_water_source	0
159	35	-7	default:river_water_source	0
160	35	-7	default:river_water_source	0
161	35	-7	default:river_water_source	0
162	35	-7	default:river_water_source	0
163	35	-7	default:river_water_source	0
164	35	-7	default:river_water_source	0
165	35	-7	default:river_water_source	0
166	35	-7	default:river_water_source	0
167	35	-7	default:river_water_source	0
168	35	-7	default:river_water_source	0
169	35	-7	default:river_water_source	0
170	35	-7	default:river_water_source	0
171	35	-7	default:river_water_source	0
172	35	-7	default:river_water_source	0
173	35	-7	default:river_water_source	0
174	35	-7	default:river_water_source	0
175	35	-7	default:river_water_source	0
176	35	-7	default:river_water_source	0
177	35	-7	default:river_water_source	0
178	35	-7	default:river_water_source	0
179	35	-7	default:river_water_source	0
180	35	-7	default:river_water_source	0
181	35	-7	default:river_water_source	0
182	35	-7	default:river_water_source	0
183	35	-7	default:river_water_source	0
184	35	-7	default:river_water_source	0
185	35	-7	default:river_water_source	0
186	35	-7	default:river_water_source	0
187	35	-7	default:river_water_source	0
188	35	-7	default:river_water_source	0
189	35	-7	default:river_water_source	0
190	35	-7	default:river_water_source	0
191	35	-7	default:river_water_source	0
192	35	-7	default:river_water_source	0
193	35	-7	default:river_water_source	0
194	35	-7	default:river_water_source	0
195	35	-7	default:river_water_source	0
196	35	-7	default:river_water_source	0
197	35	-7	default:river_water_source	0
198	35	-7	default:river_water_source	0
199	35	-7	default:river_water_source	0
200	35	-7	default:river_water_source	0
201	35	-7	default:river_water_source	0
202	35	-7	default:river_water_source	0
203	35	-7	default:river_water_source	0
204	35	-7	default:river_water_source	0
205	35	-7	default:river_water_source	0
206	35	-7	default:river_water_source	0
207	35	-7	default:dirt	0
208	35	-7	default:dirt	0
209	35	-7	default:dirt	0
210	35	-7	default:dirt	0
211	35	-7	default:dirt	0
212	35	-7	default:dirt	0
213	35	-7	default:dirt	0
214	35	-7	default:dirt	0
215	35	-7	default:dirt_with_grass	0
216	35	-7	default:dirt_with_grass	0
217	35	-7	default:dirt_with_grass	0
220	35	-7	default:dirt_with_grass	0
207	36	-7	default:dirt	0
208	36	-7	default:dirt	0
209	36	-7	default:dirt	0
210	36	-7	default:dirt	0
211	36	-7	default:dirt	0
212	36	-7	default:dirt	0
213	36	-7	default:dirt_with_grass	0
214	36	-7	default:dirt_with_grass	0
207	37	-7	default:dirt_with_grass	0
208	37	-7	default:dirt_with_grass	0
209	37	-7	default:dirt_with_grass	0
210	37	-7	default:dirt_with_grass	0
211	37	-7	default:dirt_with_grass	0
212	37	-7	default:dirt_with_grass	0
157	27	-6	default:dirt	0
158	27	-6	default:dirt	0
159	27	-6	default:dirt	0
160	27	-6	default:dirt	0
161	27	-6	default:dirt	0
162	27	-6	default:dirt	0
163	27	-6	default:dirt	0
164	27	-6	default:dirt	0
165	27	-6	default:dirt	0
166	27	-6	default:dirt	0
167	27	-6	default:dirt	0
168	27	-6	default:dirt	0
169	27	-6	default:dirt	0
170	27	-6	default:dirt	0
171	27	-6	default:dirt	0
172	27	-6	default:dirt	0
173	27	-6	default:dirt	0
174	27	-6	default:dirt	0
175	27	-6	default:dirt	0
176	27	-6	default:dirt	0
177	27	-6	default:dirt	0
178	27	-6	default:dirt	0
179	27	-6	default:dirt	0
180	27	-6	default:dirt	0
181	27	-6	default:dirt	0
182	27	-6	default:dirt	0
183	27	-6	default:dirt	0
184	27	-6	default:dirt	0
185	27	-6	default:dirt	0
186	27	-6	default:dirt	0
187	27	-6	default:dirt	0
188	27	-6	default:dirt	0
189	27	-6	default:dirt	0
190	27	-6	default:dirt	0
191	27	-6	default:dirt	0
192	27	-6	default:dirt	0
193	27	-6	default:dirt	0
194	27	-6	default:dirt	0
195	27	-6	default:dirt	0
196	27	-6	default:dirt	0
197	27	-6	default:dirt	0
198	27	-6	default:dirt	0
199	27	-6	default:dirt	0
200	27	-6	default:dirt	0
201	27	-6	default:dirt	0
202	27	-6	default:dirt	0
203	27	-6	default:dirt	0
204	27	-6	default:dirt	0
205	27	-6	default:dirt	0
150	28	-6	default:dirt	0
151	28	-6	default:dirt	0
152	28	-6	default:dirt	0
153	28	-6	default:dirt	0
154	28	-6	default:dirt	0
155	28	-6	default:dirt	0
156	28	-6	default:dirt	0
157	28	-6	default:dirt	0
158	28	-6	default:dirt	0
159	28	-6	default:dirt	0
160	28	-6	default:dirt	0
161	28	-6	default:dirt	0
162	28	-6	default:dirt	0
163	28	-6	default:dirt	0
164	28	-6	default:dirt	0
165	28	-6	default:dirt	0
166	28	-6	default:dirt	0
167	28	-6	default:dirt	0
168	28	-6	default:dirt	0
169	28	-6	default:dirt	0
170	28	-6	default:dirt	0
171	28	-6	default:dirt	0
172	28	-6	default:dirt	0
173	28	-6	default:dirt	0
174	28	-6	default:dirt	0
175	28	-6	default:dirt	0
176	28	-6	default:dirt	0
177	28	-6	default:dirt	0
178	28	-6	default:dirt	0
179	28	-6	default:dirt	0
180	28	-6	default:dirt	0
181	28	-6	default:dirt	0
182	28	-6	default:dirt	0
183	28	-6	default:dirt	0
184	28	-6	default:dirt	0
185	28	-6	default:dirt	0
186	28	-6	default:dirt	0
187	28	-6	default:dirt	0
188	28	-6	default:dirt	0
189	28	-6	default:dirt	0
190	28	-6	default:dirt	0
191	28	-6	default:dirt	0
192	28	-6	default:dirt	0
193	28	-6	default:dirt	0
194	28	-6	default:dirt	0
195	28	-6	default:dirt	0
196	28	-6	default:dirt	0
197	28	-6	default:dirt	0
198	28	-6	default:dirt	0
199	28	-6	default:dirt	0
200	28	-6	default:dirt	0
201	28	-6	default:dirt	0
202	28	-6	default:dirt	0
203	28	-6	default:dirt	0
204	28	-6	default:dirt	0
205	28	-6	default:dirt	0
150	29	-6	default:dirt	0
151	29	-6	default:dirt	0
152	29	-6	default:dirt	0
153	29	-6	default:dirt	0
154	29	-6	default:dirt	0
155	29	-6	default:dirt	0
156	29	-6	default:dirt	0
157	29	-6	default:dirt	0
158	29	-6	default:dirt	0
159	29	-6	default:dirt	0
160	29	-6	default:dirt	0
161	29	-6	default:dirt	0
162	29	-6	default:dirt	0
163	29	-6	default:dirt	0
164	29	-6	default:dirt	0
165	29	-6	default:dirt	0
166	29	-6	default:dirt	0
167	29	-6	default:dirt	0
168	29	-6	default:dirt	0
169	29	-6	default:dirt	0
170	29	-6	default:dirt	0
171	29	-6	default:dirt	0
172	29	-6	default:dirt	0
173	29	-6	default:dirt	0
174	29	-6	default:dirt	0
175	29	-6	default:dirt	0
176	29	-6	default:dirt	0
177	29	-6	default:dirt	0
178	29	-6	default:dirt	0
179	29	-6	default:dirt	0
180	29	-6	default:dirt	0
181	29	-6	default:dirt	0
182	29	-6	default:dirt	0
183	29	-6	default:dirt	0
184	29	-6	default:dirt	0
185	29	-6	default:dirt	0
186	29	-6	default:dirt	0
187	29	-6	default:dirt	0
188	29	-6	default:dirt	0
189	29	-6	default:dirt	0
190	29	-6	default:dirt	0
191	29	-6	default:dirt	0
192	29	-6	default:dirt	0
193	29	-6	default:dirt	0
194	29	-6	default:dirt	0
195	29	-6	default:dirt	0
196	29	-6	default:dirt	0
197	29	-6	default:dirt	0
198	29	-6	default:dirt	0
199	29	-6	default:dirt	0
200	29	-6	default:dirt	0
201	29	-6	default:dirt	0
202	29	-6	default:dirt	0
203	29	-6	default:dirt	0
204	29	-6	default:dirt	0
205	29	-6	default:dirt	0
150	30	-6	default:dirt	0
151	30	-6	default:dirt	0
152	30	-6	default:dirt	0
153	30	-6	default:dirt	0
154	30	-6	default:dirt	0
155	30	-6	default:dirt	0
156	30	-6	default:dirt	0
157	30	-6	default:dirt_with_grass	0
158	30	-6	default:dirt_with_grass	0
159	30	-6	default:dirt_with_grass	0
160	30	-6	default:dirt_with_grass	0
161	30	-6	default:dirt_with_grass	0
162	30	-6	default:dirt_with_grass	0
163	30	-6	default:dirt_with_grass	0
164	30	-6	default:dirt_with_grass	0
165	30	-6	default:dirt_with_grass	0
166	30	-6	default:dirt_with_grass	0
167	30	-6	default:dirt_with_grass	0
168	30	-6	default:dirt_with_grass	0
169	30	-6	default:dirt_with_grass	0
170	30	-6	default:dirt_with_grass	0
171	30	-6	default:dirt_with_grass	0
172	30	-6	default:dirt_with_grass	0
173	30	-6	default:dirt_with_grass	0
174	30	-6	default:dirt_with_grass	0
175	30	-6	default:dirt_with_grass	0
176	30	-6	default:dirt_with_grass	0
177	30	-6	default:dirt_with_grass	0
178	30	-6	default:dirt_with_grass	0
179	30	-6	default:dirt_with_grass	0
180	30	-6	default:dirt_with_grass	0
181	30	-6	default:dirt_with_grass	0
182	30	-6	default:dirt_with_grass	0
183	30	-6	default:dirt_with_grass	0
184	30	-6	default:dirt_with_grass	0
185	30	-6	default:dirt_with_grass	0
186	30	-6	default:dirt_with_grass	0
187	30	-6	default:dirt_with_grass	0
188	30	-6	default:dirt_with_grass	0
189	30	-6	default:dirt_with_grass	0
190	30	-6	default:dirt_with_grass	0
191	30	-6	default:dirt_with_grass	0
192	30	-6	default:dirt_with_grass	0
193	30	-6	default:dirt_with_grass	0
194	30	-6	default:dirt_with_grass	0
195	30	-6	default:dirt_with_grass	0
196	30	-6	default:dirt_with_grass	0
197	30	-6	default:dirt_with_grass	0
198	30	-6	default:dirt_with_grass	0
199	30	-6	default:dirt_with_grass	0
200	30	-6	default:dirt_with_grass	0
201	30	-6	default:dirt_with_grass	0
202	30	-6	default:dirt_with_grass	0
203	30	-6	default:dirt_with_grass	0
204	30	-6	default:dirt_with_grass	0
205	30	-6	default:dirt_with_grass	0
150	31	-6	default:dirt_with_grass	0
151	31	-6	default:dirt_with_grass	0
152	31	-6	default:dirt_with_grass	0
153	31	-6	default:dirt_with_grass	0
154	31	-6	default:dirt_with_grass	0
155	31	-6	default:dirt_with_grass	0
156	31	-6	default:dirt_with_grass	0
157	31	-6	default:river_water_source	0
158	31	-6	default:river_water_source	0
159	31	-6	default:river_water_source	0
160	31	-6	default:river_water_source	0
161	31	-6	default:river_water_source	0
162	31	-6	default:river_water_source	0
163	31	-6	default:river_water_source	0
164	31	-6	default:river_water_source	0
165	31	-6	default:river_water_source	0
166	31	-6	default:river_water_source	0
167	31	-6	default:river_water_source	0
168	31	-6	default:river_water_source	0
169	31	-6	default:river_water_source	0
170	31	-6	default:river_water_source	0
171	31	-6	default:river_water_source	0
172	31	-6	default:river_water_source	0
173	31	-6	default:river_water_source	0
174	31	-6	default:river_water_source	0
175	31	-6	default:river_water_source	0
176	31	-6	default:river_water_source	0
177	31	-6	default:river_water_source	0
178	31	-6	default:river_water_source	0
179	31	-6	default:river_water_source	0
180	31	-6	default:river_water_source	0
181	31	-6	default:river_water_source	0
182	31	-6	default:river_water_source	0
183	31	-6	default:river_water_source	0
184	31	-6	default:river_water_source	0
185	31	-6	default:river_water_source	0
186	31	-6	default:river_water_source	0
187	31	-6	default:river_water_source	0
188	31	-6	default:river_water_source	0
189	31	-6	default:river_water_source	0
190	31	-6	default:river_water_source	0
191	31	-6	default:river_water_source	0
192	31	-6	default:river_water_source	0
193	31	-6	default:river_water_source	0
194	31	-6	default:river_water_source	0
195	31	-6	default:river_water_source	0
196	31	-6	default:river_water_source	0
197	31	-6	default:river_water_source	0
198	31	-6	default:river_water_source	0
199	31	-6	default:river_water_source	0
200	31	-6	default:river_water_source	0
201	31	-6	default:river_water_source	0
202	31	-6	default:river_water_source	0
203	31	-6	default:river_water_source	0
204	31	-6	default:river_water_source	0
205	31	-6	default:river_water_source	0
217	31	-6	default:dirt	0
218	31	-6	default:dirt	0
219	31	-6	default:dirt	0
150	32	-6	default:river_water_source	0
151	32	-6	default:river_water_source	0
152	32	-6	default:river_water_source	0
153	32	-6	default:river_water_source	0
154	32	-6	default:river_water_source	0
155	32	-6	default:river_water_source	0
156	32	-6	default:river_water_source	0
157	32	-6	default:river_water_source	0
158	32	-6	default:river_water_source	0
159	32	-6	default:river_water_source	0
160	32	-6	default:river_water_source	0
161	32	-6	default:river_water_source	0
162	32	-6	default:river_water_source	0
163	32	-6	default:river_water_source	0
164	32	-6	default:river_water_source	0
165	32	-6	default:river_water_source	0
166	32	-6	default:river_water_source	0
167	32	-6	default:river_water_source	0
168	32	-6	default:river_water_source	0
169	32	-6	default:river_water_source	0
170	32	-6	default:river_water_source	0
171	32	-6	default:river_water_source	0
172	32	-6	default:river_water_source	0
173	32	-6	default:river_water_source	0
174	32	-6	default:river_water_source	0
175	32	-6	default:river_water_source	0
176	32	-6	default:river_water_source	0
177	32	-6	default:river_water_source	0
178	32	-6	default:river_water_source	0
179	32	-6	default:river_water_source	0
180	32	-6	default:river_water_source	0
181	32	-6	default:river_water_source	0
182	32	-6	default:river_water_source	0
183	32	-6	default:river_water_source	0
184	32	-6	default:river_water_source	0
185	32	-6	default:river_water_source	0
186	32	-6	default:river_water_source	0
187	32	-6	default:river_water_source	0
188	32	-6	default:river_water_source	0
189	32	-6	default:river_water_source	0
190	32	-6	default:river_water_source	0
191	32	-6	default:river_water_source	0
192	32	-6	default:river_water_source	0
193	32	-6	default:river_water_source	0
194	32	-6	default:river_water_source	0
195	32	-6	default:river_water_source	0
196	32	-6	default:river_water_source	0
197	32	-6	default:river_water_source	0
198	32	-6	default:river_water_source	0
199	32	-6	default:river_water_source	0
200	32	-6	default:river_water_source	0
201	32	-6	default:river_water_source	0
202	32	-6	default:river_water_source	0
203	32	-6	default:river_water_source	0
204	32	-6	default:river_water_source	0
205	32	-6	default:river_water_source	0
214	32	-6	default:dirt	0
215	32	-6	default:dirt	0
216	32	-6	default:dirt	0
217	32	-6	default:dirt	0
218	32	-6	default:dirt	0
219	32	-6	default:dirt	0
220	32	-6	default:dirt	0
150	33	-6	default:river_water_source	0
151	33	-6	default:river_water_source	0
152	33	-6	default:river_water_source	0
153	33	-6	default:river_water_source	0
154	33	-6	default:river_water_source	0
155	33	-6	default:river_water_source	0
156	33	-6	default:river_water_source	0
157	33	-6	default:river_water_source	0
158	33	-6	default:river_water_source	0
159	33	-6	default:river_water_source	0
160	33	-6	default:river_water_source	0
161	33	-6	default:river_water_source	0
162	33	-6	default:river_water_source	0
163	33	-6	default:river_water_source	0
164	33	-6	default:river_water_source	0
165	33	-6	default:river_water_source	0
166	33	-6	default:river_water_source	0
167	33	-6	default:river_water_source	0
168	33	-6	default:river_water_source	0
169	33	-6	default:river_water_source	0
170	33	-6	default:river_water_source	0
171	33	-6	default:river_water_source	0
172	33	-6	default:river_water_source	0
173	33	-6	default:river_water_source	0
174	33	-6	default:river_water_source	0
175	33	-6	default:river_water_source	0
176	33	-6	default:river_water_source	0
177	33	-6	default:river_water_source	0
178	33	-6	default:river_water_source	0
179	33	-6	default:river_water_source	0
180	33	-6	default:river_water_source	0
181	33	-6	default:river_water_source	0
182	33	-6	default:river_water_source	0
183	33	-6	default:river_water_source	0
184	33	-6	default:river_water_source	0
185	33	-6	default:river_water_source	0
186	33	-6	default:river_water_source	0
187	33	-6	default:river_water_source	0
188	33	-6	default:river_water_source	0
189	33	-6	default:river_water_source	0
190	33	-6	default:river_water_source	0
191	33	-6	default:river_water_source	0
192	33	-6	default:river_water_source	0
193	33	-6	default:river_water_source	0
194	33	-6	default:river_water_source	0
195	33	-6	default:river_water_source	0
196	33	-6	default:river_water_source	0
197	33	-6	default:river_water_source	0
198	33	-6	default:river_water_source	0
199	33	-6	default:river_water_source	0
200	33	-6	default:river_water_source	0
201	33	-6	default:river_water_source	0
202	33	-6	default:river_water_source	0
203	33	-6	default:river_water_source	0
204	33	-6	default:river_water_source	0
205	33	-6	default:river_water_source	0
212	33	-6	default:dirt	0
213	33	-6	default:dirt	0
214	33	-6	default:dirt	0
215	33	-6	default:dirt	0
216	33	-6	default:dirt	0
217	33	-6	default:dirt	0
218	33	-6	default:dirt	0
219	33	-6	default:dirt	0
220	33	-6	default:dirt	0
150	34	-6	default:river_water_source	0
151	34	-6	default:river_water_source	0
152	34	-6	default:river_water_source	0
153	34	-6	default:river_water_source	0
154	34	-6	default:river_water_source	0
155	34	-6	default:river_water_source	0
156	34	-6	default:river_water_source	0
157	34	-6	default:river_water_source	0
158	34	-6	default:river_water_source	0
159	34	-6	default:river_water_source	0
160	34	-6	default:river_water_source	0
161	34	-6	default:river_water_source	0
162	34	-6	default:river_water_source	0
163	34	-6	default:river_water_source	0
164	34	-6	default:river_water_source	0
165	34	-6	default:river_water_source	0
166	34	-6	default:river_water_source	0
167	34	-6	default:river_water_source	0
168	34	-6	default:river_water_source	0
169	34	-6	default:river_water_source	0
170	34	-6	default:river_water_source	0
171	34	-6	default:river_water_source	0
172	34	-6	default:river_water_source	0
173	34	-6	default:river_water_source	0
174	34	-6	default:river_water_source	0
175	34	-6	default:river_water_source	0
176	34	-6	default:river_water_source	0
177	34	-6	default:river_water_source	0
178	34	-6	default:river_water_source	0
179	34	-6	default:river_water_source	0
180	34	-6	default:river_water_source	0
181	34	-6	default:river_water_source	0
182	34	-6	default:river_water_source	0
183	34	-6	default:river_water_source	0
184	34	-6	default:river_water_source	0
185	34	-6	default:river_water_source	0
186	34	-6	default:river_water_source	0
187	34	-6	default:river_water_source	0
188	34	-6	default:river_water_source	0
189	34	-6	default:river_water_source	0
190	34	-6	default:river_water_source	0
191	34	-6	default:river_water_source	0
192	34	-6	default:river_water_source	0
193	34	-6	default:river_water_source	0
194	34	-6	default:river_water_source	0
195	34	-6	default:river_water_source	0
196	34	-6	default:river_water_source	0
197	34	-6	default:river_water_source	0
198	34	-6	default:river_water_source	0
199	34	-6	default:river_water_source	0
200	34	-6	default:river_water_source	0
201	34	-6	default:river_water_source	0
202	34	-6	default:river_water_source	0
203	34	-6	default:river_water_source	0
204	34	-6	default:river_water_source	0
205	34	-6	default:river_water_source	0
206	34	-6	default:dirt	0
207	34	-6	default:dirt	0
208	34	-6	default:dirt	0
209	34	-6	default:dirt	0
210	34	-6	default:dirt	0
211	34	-6	default:dirt	0
212	34	-6	default:dirt	0
213	34	-6	default:dirt	0
214	34	-6	default:dirt	0
215	34	-6	default:dirt	0
216	34	-6	default:dirt	0
217	34	-6	default:dirt_with_grass	0
218	34	-6	default:dirt_with_grass	0
219	34	-6	default:dirt_with_grass	0
220	34	-6	default:dirt	0
150	35	-6	default:river_water_source	0
151	35	-6	default:river_water_source	0
152	35	-6	default:river_water_source	0
153	35	-6	default:river_water_source	0
154	35	-6	default:river_water_source	0
155	35	-6	default:river_water_source	0
156	35	-6	default:river_water_source	0
157	35	-6	default:river_water_source	0
158	35	-6	default:river_water_source	0
159	35	-6	default:river_water_source	0
160	35	-6	default:river_water_source	0
161	35	-6	default:river_water_source	0
162	35	-6	default:river_water_source	0
163	35	-6	default:river_water_source	0
164	35	-6	default:river_water_source	0
165	35	-6	default:river_water_source	0
166	35	-6	default:river_water_source	0
167	35	-6	default:river_water_source	0
168	35	-6	default:river_water_source	0
169	35	-6	default:river_water_source	0
170	35	-6	default:river_water_source	0
171	35	-6	default:river_water_source	0
172	35	-6	default:river_water_source	0
173	35	-6	default:river_water_source	0
174	35	-6	default:river_water_source	0
175	35	-6	default:river_water_source	0
176	35	-6	default:river_water_source	0
177	35	-6	default:river_water_source	0
178	35	-6	default:river_water_source	0
179	35	-6	default:river_water_source	0
180	35	-6	default:river_water_source	0
181	35	-6	default:river_water_source	0
182	35	-6	default:river_water_source	0
183	35	-6	default:river_water_source	0
184	35	-6	default:river_water_source	0
185	35	-6	default:river_water_source	0
186	35	-6	default:river_water_source	0
187	35	-6	default:river_water_source	0
188	35	-6	default:river_water_source	0
189	35	-6	default:river_water_source	0
190	35	-6	default:river_water_source	0
191	35	-6	default:river_water_source	0
192	35	-6	default:river_water_source	0
193	35	-6	default:river_water_source	0
194	35	-6	default:river_water_source	0
195	35	-6	default:river_water_source	0
196	35	-6	default:river_water_source	0
197	35	-6	default:river_water_source	0
198	35	-6	default:river_water_source	0
199	35	-6	default:river_water_source	0
200	35	-6	default:river_water_source	0
201	35	-6	default:river_water_source	0
202	35	-6	default:river_water_source	0
203	35	-6	default:river_water_source	0
204	35	-6	default:river_water_source	0
205	35	-6	default:river_water_source	0
206	35	-6	default:dirt	0
207	35	-6	default:dirt	0
208	35	-6	default:dirt	0
209	35	-6	default:dirt	0
210	35	-6	default:dirt	0
211	35	-6	default:dirt	0
212	35	-6	default:dirt	0
213	35	-6	default:dirt	0
214	35	-6	default:dirt_with_grass	0
215	35	-6	default:dirt_with_grass	0
216	35	-6	default:dirt_with_grass	0
220	35	-6	default:dirt_with_grass	0
206	36	-6	default:dirt	0
207	36	-6	default:dirt	0
208	36	-6	default:dirt	0
209	36	-6	default:dirt	0
210	36	-6	default:dirt	0
211	36	-6	default:dirt	0
212	36	-6	default:dirt_with_grass	0
213	36	-6	default:dirt_with_grass	0
206	37	-6	default:dirt_with_grass	0
207	37	-6	default:dirt_with_grass	0
208	37	-6	default:dirt_with_grass	0
209	37	-6	default:dirt_with_grass	0
210	37	-6	default:dirt_with_grass	0
211	37	-6	default:dirt_with_grass	0
158	27	-5	default:dirt	0
159	27	-5	default:dirt	0
160	27	-5	default:dirt	0
161	27	-5	default:dirt	0
162	27	-5	default:dirt	0
163	27	-5	default:dirt	0
164	27	-5	default:dirt	0
165	27	-5	default:dirt	0
166	27	-5	default:dirt	0
167	27	-5	default:dirt	0
168	27	-5	default:dirt	0
169	27	-5	default:dirt	0
170	27	-5	default:dirt	0
171	27	-5	default:dirt	0
172	27	-5	default:dirt	0
173	27	-5	default:dirt	0
174	27	-5	default:dirt	0
175	27	-5	default:dirt	0
176	27	-5	default:dirt	0
177	27	-5	default:dirt	0
178	27	-5	default:dirt	0
179	27	-5	default:dirt	0
180	27	-5	default:dirt	0
181	27	-5	default:dirt	0
182	27	-5	default:dirt	0
183	27	-5	default:dirt	0
184	27	-5	default:dirt	0
185	27	-5	default:dirt	0
186	27	-5	default:dirt	0
187	27	-5	default:dirt	0
188	27	-5	default:dirt	0
189	27	-5	default:dirt	0
190	27	-5	default:dirt	0
191	27	-5	default:dirt	0
192	27	-5	default:dirt	0
193	27	-5	default:dirt	0
194	27	-5	default:dirt	0
195	27	-5	default:dirt	0
196	27	-5	default:dirt	0
197	27	-5	default:dirt	0
198	27	-5	default:dirt	0
199	27	-5	default:dirt	0
200	27	-5	default:dirt	0
201	27	-5	default:dirt	0
202	27	-5	default:dirt	0
203	27	-5	default:dirt	0
204	27	-5	default:dirt	0
150	28	-5	default:dirt	0
151	28	-5	default:dirt	0
152	28	-5	default:dirt	0
153	28	-5	default:dirt	0
154	28	-5	default:dirt	0
155	28	-5	default:dirt	0
156	28	-5	default:dirt	0
157	28	-5	default:dirt	0
158	28	-5	default:dirt	0
159	28	-5	default:dirt	0
160	28	-5	default:dirt	0
161	28	-5	default:dirt	0
162	28	-5	default:dirt	0
163	28	-5	default:dirt	0
164	28	-5	default:dirt	0
165	28	-5	default:dirt	0
166	28	-5	default:dirt	0
167	28	-5	default:dirt	0
168	28	-5	default:dirt	0
169	28	-5	default:dirt	0
170	28	-5	default:dirt	0
171	28	-5	default:dirt	0
172	28	-5	default:dirt	0
173	28	-5	default:dirt	0
174	28	-5	default:dirt	0
175	28	-5	default:dirt	0
176	28	-5	default:dirt	0
177	28	-5	default:dirt	0
178	28	-5	default:dirt	0
179	28	-5	default:dirt	0
180	28	-5	default:dirt	0
181	28	-5	default:dirt	0
182	28	-5	default:dirt	0
183	28	-5	default:dirt	0
184	28	-5	default:dirt	0
185	28	-5	default:dirt	0
186	28	-5	default:dirt	0
187	28	-5	default:dirt	0
188	28	-5	default:dirt	0
189	28	-5	default:dirt	0
190	28	-5	default:dirt	0
191	28	-5	default:dirt	0
192	28	-5	default:dirt	0
193	28	-5	default:dirt	0
194	28	-5	default:dirt	0
195	28	-5	default:dirt	0
196	28	-5	default:dirt	0
197	28	-5	default:dirt	0
198	28	-5	default:dirt	0
199	28	-5	default:dirt	0
200	28	-5	default:dirt	0
201	28	-5	default:dirt	0
202	28	-5	default:dirt	0
203	28	-5	default:dirt	0
204	28	-5	default:dirt	0
150	29	-5	default:dirt	0
151	29	-5	default:dirt	0
152	29	-5	default:dirt	0
153	29	-5	default:dirt	0
154	29	-5	default:dirt	0
155	29	-5	default:dirt	0
156	29	-5	default:dirt	0
157	29	-5	default:dirt	0
158	29	-5	default:dirt	0
159	29	-5	default:dirt	0
160	29	-5	default:dirt	0
161	29	-5	default:dirt	0
162	29	-5	default:dirt	0
163	29	-5	default:dirt	0
164	29	-5	default:dirt	0
165	29	-5	default:dirt	0
166	29	-5	default:dirt	0
167	29	-5	default:dirt	0
168	29	-5	default:dirt	0
169	29	-5	default:dirt	0
170	29	-5	default:dirt	0
171	29	-5	default:dirt	0
172	29	-5	default:dirt	0
173	29	-5	default:dirt	0
174	29	-5	default:dirt	0
175	29	-5	default:dirt	0
176	29	-5	default:dirt	0
177	29	-5	default:dirt	0
178	29	-5	default:dirt	0
179	29	-5	default:dirt	0
180	29	-5	default:dirt	0
181	29	-5	default:dirt	0
182	29	-5	default:dirt	0
183	29	-5	default:dirt	0
184	29	-5	default:dirt	0
185	29	-5	default:dirt	0
186	29	-5	default:dirt	0
187	29	-5	default:dirt	0
188	29	-5	default:dirt	0
189	29	-5	default:dirt	0
190	29	-5	default:dirt	0
191	29	-5	default:dirt	0
192	29	-5	default:dirt	0
193	29	-5	default:dirt	0
194	29	-5	default:dirt	0
195	29	-5	default:dirt	0
196	29	-5	default:dirt	0
197	29	-5	default:dirt	0
198	29	-5	default:dirt	0
199	29	-5	default:dirt	0
200	29	-5	default:dirt	0
201	29	-5	default:dirt	0
202	29	-5	default:dirt	0
203	29	-5	default:dirt	0
204	29	-5	default:dirt	0
150	30	-5	default:dirt	0
151	30	-5	default:dirt	0
152	30	-5	default:dirt	0
153	30	-5	default:dirt	0
154	30	-5	default:dirt	0
155	30	-5	default:dirt	0
156	30	-5	default:dirt	0
157	30	-5	default:dirt	0
158	30	-5	default:dirt_with_grass	0
159	30	-5	default:dirt_with_grass	0
160	30	-5	default:dirt_with_grass	0
161	30	-5	default:dirt_with_grass	0
162	30	-5	default:dirt_with_grass	0
163	30	-5	default:dirt_with_grass	0
164	30	-5	default:dirt_with_grass	0
165	30	-5	default:dirt_with_grass	0
166	30	-5	default:dirt_with_grass	0
167	30	-5	default:dirt_with_grass	0
168	30	-5	default:dirt_with_grass	0
169	30	-5	default:dirt_with_grass	0
170	30	-5	default:dirt_with_grass	0
171	30	-5	default:dirt_with_grass	0
172	30	-5	default:dirt_with_grass	0
173	30	-5	default:dirt_with_grass	0
174	30	-5	default:dirt_with_grass	0
175	30	-5	default:dirt_with_grass	0
176	30	-5	default:dirt_with_grass	0
177	30	-5	default:dirt_with_grass	0
178	30	-5	default:dirt_with_grass	0
179	30	-5	default:dirt_with_grass	0
180	30	-5	default:dirt_with_grass	0
181	30	-5	default:dirt_with_grass	0
182	30	-5	default:dirt_with_grass	0
183	30	-5	default:dirt_with_grass	0
184	30	-5	default:dirt_with_grass	0
185	30	-5	default:dirt_with_grass	0
186	30	-5	default:dirt_with_grass	0
187	30	-5	default:dirt_with_grass	0
188	30	-5	default:dirt_with_grass	0
189	30	-5	default:dirt_with_grass	0
190	30	-5	default:dirt_with_grass	0
191	30	-5	default:dirt_with_grass	0
192	30	-5	default:dirt_with_grass	0
193	30	-5	default:dirt_with_grass	0
194	30	-5	default:dirt_with_grass	0
195	30	-5	default:dirt_with_grass	0
196	30	-5	default:dirt_with_grass	0
197	30	-5	default:dirt_with_grass	0
198	30	-5	default:dirt_with_grass	0
199	30	-5	default:dirt_with_grass	0
200	30	-5	default:dirt_with_grass	0
201	30	-5	default:dirt_with_grass	0
202	30	-5	default:dirt_with_grass	0
203	30	-5	default:dirt_with_grass	0
204	30	-5	default:dirt_with_grass	0
218	30	-5	default:dirt	0
150	31	-5	default:dirt_with_grass	0
151	31	-5	default:dirt_with_grass	0
152	31	-5	default:dirt_with_grass	0
153	31	-5	default:dirt_with_grass	0
154	31	-5	default:dirt_with_grass	0
155	31	-5	default:dirt_with_grass	0
156	31	-5	default:dirt_with_grass	0
157	31	-5	default:dirt_with_grass	0
158	31	-5	default:river_water_source	0
159	31	-5	default:river_water_source	0
160	31	-5	default:river_water_source	0
161	31	-5	default:river_water_source	0
162	31	-5	default:river_water_source	0
163	31	-5	default:river_water_source	0
164	31	-5	default:river_water_source	0
165	31	-5	default:river_water_source	0
166	31	-5	default:river_water_source	0
167	31	-5	default:river_water_source	0
168	31	-5	default:river_water_source	0
169	31	-5	default:river_water_source	0
170	31	-5	default:river_water_source	0
171	31	-5	default:river_water_source	0
172	31	-5	default:river_water_source	0
173	31	-5	default:river_water_source	0
174	31	-5	default:river_water_source	0
175	31	-5	default:river_water_source	0
176	31	-5	default:river_water_source	0
177	31	-5	default:river_water_source	0
178	31	-5	default:river_water_source	0
179	31	-5	default:river_water_source	0
180	31	-5	default:river_water_source	0
181	31	-5	default:river_water_source	0
182	31	-5	default:river_water_source	0
183	31	-5	default:river_water_source	0
184	31	-5	default:river_water_source	0
185	31	-5	default:river_water_source	0
186	31	-5	default:river_water_source	0
187	31	-5	default:river_water_source	0
188	31	-5	default:river_water_source	0
189	31	-5	default:river_water_source	0
190	31	-5	default:river_water_source	0
191	31	-5	default:river_water_source	0
192	31	-5	default:river_water_source	0
193	31	-5	default:river_water_source	0
194	31	-5	default:river_water_source	0
195	31	-5	default:river_water_source	0
196	31	-5	default:river_water_source	0
197	31	-5	default:river_water_source	0
198	31	-5	default:river_water_source	0
199	31	-5	default:river_water_source	0
200	31	-5	default:river_water_source	0
201	31	-5	default:river_water_source	0
202	31	-5	default:river_water_source	0
203	31	-5	default:river_water_source	0
204	31	-5	default:river_water_source	0
217	31	-5	default:dirt	0
218	31	-5	default:dirt	0
219	31	-5	default:dirt	0
150	32	-5	default:river_water_source	0
151	32	-5	default:river_water_source	0
152	32	-5	default:river_water_source	0
153	32	-5	default:river_water_source	0
154	32	-5	default:river_water_source	0
155	32	-5	default:river_water_source	0
156	32	-5	default:river_water_source	0
157	32	-5	default:river_water_source	0
158	32	-5	default:river_water_source	0
159	32	-5	default:river_water_source	0
160	32	-5	default:river_water_source	0
161	32	-5	default:river_water_source	0
162	32	-5	default:river_water_source	0
163	32	-5	default:river_water_source	0
164	32	-5	default:river_water_source	0
165	32	-5	default:river_water_source	0
166	32	-5	default:river_water_source	0
167	32	-5	default:river_water_source	0
168	32	-5	default:river_water_source	0
169	32	-5	default:river_water_source	0
170	32	-5	default:river_water_source	0
171	32	-5	default:river_water_source	0
172	32	-5	default:river_water_source	0
173	32	-5	default:river_water_source	0
174	32	-5	default:river_water_source	0
175	32	-5	default:river_water_source	0
176	32	-5	default:river_water_source	0
177	32	-5	default:river_water_source	0
178	32	-5	default:river_water_source	0
179	32	-5	default:river_water_source	0
180	32	-5	default:river_water_source	0
181	32	-5	default:river_water_source	0
182	32	-5	default:river_water_source	0
183	32	-5	default:river_water_source	0
184	32	-5	default:river_water_source	0
185	32	-5	default:river_water_source	0
186	32	-5	default:river_water_source	0
187	32	-5	default:river_water_source	0
188	32	-5	default:river_water_source	0
189	32	-5	default:river_water_source	0
190	32	-5	default:river_water_source	0
191	32	-5	default:river_water_source	0
192	32	-5	default:river_water_source	0
193	32	-5	default:river_water_source	0
194	32	-5	default:river_water_source	0
195	32	-5	default:river_water_source	0
196	32	-5	default:river_water_source	0
197	32	-5	default:river_water_source	0
198	32	-5	default:river_water_source	0
199	32	-5	default:river_water_source	0
200	32	-5	default:river_water_source	0
201	32	-5	default:river_water_source	0
202	32	-5	default:river_water_source	0
203	32	-5	default:river_water_source	0
204	32	-5	default:river_water_source	0
213	32	-5	default:dirt	0
214	32	-5	default:dirt	0
215	32	-5	default:dirt	0
216	32	-5	default:dirt	0
217	32	-5	default:dirt	0
218	32	-5	default:dirt	0
219	32	-5	default:dirt	0
220	32	-5	default:dirt	0
150	33	-5	default:river_water_source	0
151	33	-5	default:river_water_source	0
152	33	-5	default:river_water_source	0
153	33	-5	default:river_water_source	0
154	33	-5	default:river_water_source	0
155	33	-5	default:river_water_source	0
156	33	-5	default:river_water_source	0
157	33	-5	default:river_water_source	0
158	33	-5	default:river_water_source	0
159	33	-5	default:river_water_source	0
160	33	-5	default:river_water_source	0
161	33	-5	default:river_water_source	0
162	33	-5	default:river_water_source	0
163	33	-5	default:river_water_source	0
164	33	-5	default:river_water_source	0
165	33	-5	default:river_water_source	0
166	33	-5	default:river_water_source	0
167	33	-5	default:river_water_source	0
168	33	-5	default:river_water_source	0
169	33	-5	default:river_water_source	0
170	33	-5	default:river_water_source	0
171	33	-5	default:river_water_source	0
172	33	-5	default:river_water_source	0
173	33	-5	default:river_water_source	0
174	33	-5	default:river_water_source	0
175	33	-5	default:river_water_source	0
176	33	-5	default:river_water_source	0
177	33	-5	default:river_water_source	0
178	33	-5	default:river_water_source	0
179	33	-5	default:river_water_source	0
180	33	-5	default:river_water_source	0
181	33	-5	default:river_water_source	0
182	33	-5	default:river_water_source	0
183	33	-5	default:river_water_source	0
184	33	-5	default:river_water_source	0
185	33	-5	default:river_water_source	0
186	33	-5	default:river_water_source	0
187	33	-5	default:river_water_source	0
188	33	-5	default:river_water_source	0
189	33	-5	default:river_water_source	0
190	33	-5	default:river_water_source	0
191	33	-5	default:river_water_source	0
192	33	-5	default:river_water_source	0
193	33	-5	default:river_water_source	0
194	33	-5	default:river_water_source	0
195	33	-5	default:river_water_source	0
196	33	-5	default:river_water_source	0
197	33	-5	default:river_water_source	0
198	33	-5	default:river_water_source	0
199	33	-5	default:river_water_source	0
200	33	-5	default:river_water_source	0
201	33	-5	default:river_water_source	0
202	33	-5	default:river_water_source	0
203	33	-5	default:river_water_source	0
204	33	-5	default:river_water_source	0
212	33	-5	default:dirt	0
213	33	-5	default:dirt	0
214	33	-5	default:dirt	0
215	33	-5	default:dirt	0
216	33	-5	default:dirt	0
217	33	-5	default:dirt	0
218	33	-5	default:dirt_with_grass	0
219	33	-5	default:dirt	0
220	33	-5	default:dirt	0
150	34	-5	default:river_water_source	0
151	34	-5	default:river_water_source	0
152	34	-5	default:river_water_source	0
153	34	-5	default:river_water_source	0
154	34	-5	default:river_water_source	0
155	34	-5	default:river_water_source	0
156	34	-5	default:river_water_source	0
157	34	-5	default:river_water_source	0
158	34	-5	default:river_water_source	0
159	34	-5	default:river_water_source	0
160	34	-5	default:river_water_source	0
161	34	-5	default:river_water_source	0
162	34	-5	default:river_water_source	0
163	34	-5	default:river_water_source	0
164	34	-5	default:river_water_source	0
165	34	-5	default:river_water_source	0
166	34	-5	default:river_water_source	0
167	34	-5	default:river_water_source	0
168	34	-5	default:river_water_source	0
169	34	-5	default:river_water_source	0
170	34	-5	default:river_water_source	0
171	34	-5	default:river_water_source	0
172	34	-5	default:river_water_source	0
173	34	-5	default:river_water_source	0
174	34	-5	default:river_water_source	0
175	34	-5	default:river_water_source	0
176	34	-5	default:river_water_source	0
177	34	-5	default:river_water_source	0
178	34	-5	default:river_water_source	0
179	34	-5	default:river_water_source	0
180	34	-5	default:river_water_source	0
181	34	-5	default:river_water_source	0
182	34	-5	default:river_water_source	0
183	34	-5	default:river_water_source	0
184	34	-5	default:river_water_source	0
185	34	-5	default:river_water_source	0
186	34	-5	default:river_water_source	0
187	34	-5	default:river_water_source	0
188	34	-5	default:river_water_source	0
189	34	-5	default:river_water_source	0
190	34	-5	default:river_water_source	0
191	34	-5	default:river_water_source	0
192	34	-5	default:river_water_source	0
193	34	-5	default:river_water_source	0
194	34	-5	default:river_water_source	0
195	34	-5	default:river_water_source	0
196	34	-5	default:river_water_source	0
197	34	-5	default:river_water_source	0
198	34	-5	default:river_water_source	0
199	34	-5	default:river_water_source	0
200	34	-5	default:river_water_source	0
201	34	-5	default:river_water_source	0
202	34	-5	default:river_water_source	0
203	34	-5	default:river_water_source	0
204	34	-5	default:river_water_source	0
205	34	-5	default:dirt	0
206	34	-5	default:dirt	0
207	34	-5	default:dirt	0
208	34	-5	default:dirt	0
209	34	-5	default:dirt	0
210	34	-5	default:dirt	0
211	34	-5	default:dirt	0
212	34	-5	default:dirt	0
213	34	-5	default:dirt	0
214	34	-5	default:dirt	0
215	34	-5	default:dirt	0
216	34	-5	default:dirt	0
217	34	-5	default:dirt_with_grass	0
219	34	-5	default:dirt_with_grass	0
220	34	-5	default:dirt	0
150	35	-5	default:river_water_source	0
151	35	-5	default:river_water_source	0
152	35	-5	default:river_water_source	0
153	35	-5	default:river_water_source	0
154	35	-5	default:river_water_source	0
155	35	-5	default:river_water_source	0
156	35	-5	default:river_water_source	0
157	35	-5	default:river_water_source	0
158	35	-5	default:river_water_source	0
159	35	-5	default:river_water_source	0
160	35	-5	default:river_water_source	0
161	35	-5	default:river_water_source	0
162	35	-5	default:river_water_source	0
163	35	-5	default:river_water_source	0
164	35	-5	default:river_water_source	0
165	35	-5	default:river_water_source	0
166	35	-5	default:river_water_source	0
167	35	-5	default:river_water_source	0
168	35	-5	default:river_water_source	0
169	35	-5	default:river_water_source	0
170	35	-5	default:river_water_source	0
171	35	-5	default:river_water_source	0
172	35	-5	default:river_water_source	0
173	35	-5	default:river_water_source	0
174	35	-5	default:river_water_source	0
175	35	-5	default:river_water_source	0
176	35	-5	default:river_water_source	0
177	35	-5	default:river_water_source	0
178	35	-5	default:river_water_source	0
179	35	-5	default:river_water_source	0
180	35	-5	default:river_water_source	0
181	35	-5	default:river_water_source	0
182	35	-5	default:river_water_source	0
183	35	-5	default:river_water_source	0
184	35	-5	default:river_water_source	0
185	35	-5	default:river_water_source	0
186	35	-5	default:river_water_source	0
187	35	-5	default:river_water_source	0
188	35	-5	default:river_water_source	0
189	35	-5	default:river_water_source	0
190	35	-5	default:river_water_source	0
191	35	-5	default:river_water_source	0
192	35	-5	default:river_water_source	0
193	35	-5	default:river_water_source	0
194	35	-5	default:river_water_source	0
195	35	-5	default:river_water_source	0
196	35	-5	default:river_water_source	0
197	35	-5	default:river_water_source	0
198	35	-5	default:river_water_source	0
199	35	-5	default:river_water_source	0
200	35	-5	default:river_water_source	0
201	35	-5	default:river_water_source	0
202	35	-5	default:river_water_source	0
203	35	-5	default:river_water_source	0
204	35	-5	default:river_water_source	0
205	35	-5	default:dirt	0
206	35	-5	default:dirt	0
207	35	-5	default:dirt	0
208	35	-5	default:dirt	0
209	35	-5	default:dirt	0
210	35	-5	default:dirt	0
211	35	-5	default:dirt	0
212	35	-5	default:dirt	0
213	35	-5	default:dirt_with_grass	0
214	35	-5	default:dirt_with_grass	0
215	35	-5	default:dirt_with_grass	0
216	35	-5	default:dirt_with_grass	0
220	35	-5	default:dirt_with_grass	0
205	36	-5	default:dirt	0
206	36	-5	default:dirt	0
207	36	-5	default:dirt	0
208	36	-5	default:dirt	0
209	36	-5	default:dirt	0
210	36	-5	default:dirt	0
211	36	-5	default:dirt	0
212	36	-5	default:dirt_with_grass	0
205	37	-5	default:dirt_with_grass	0
206	37	-5	default:dirt_with_grass	0
207	37	-5	default:dirt_with_grass	0
208	37	-5	default:dirt_with_grass	0
209	37	-5	default:dirt_with_grass	0
210	37	-5	default:dirt_with_grass	0
211	37	-5	default:dirt_with_grass	0
159	27	-4	default:dirt	0
160	27	-4	default:dirt	0
161	27	-4	default:dirt	0
162	27	-4	default:dirt	0
163	27	-4	default:dirt	0
164	27	-4	default:dirt	0
165	27	-4	default:dirt	0
166	27	-4	default:dirt	0
167	27	-4	default:dirt	0
168	27	-4	default:dirt	0
169	27	-4	default:dirt	0
170	27	-4	default:dirt	0
171	27	-4	default:dirt	0
172	27	-4	default:dirt	0
173	27	-4	default:dirt	0
174	27	-4	default:dirt	0
175	27	-4	default:dirt	0
176	27	-4	default:dirt	0
177	27	-4	default:dirt	0
178	27	-4	default:dirt	0
179	27	-4	default:dirt	0
180	27	-4	default:dirt	0
181	27	-4	default:dirt	0
182	27	-4	default:dirt	0
183	27	-4	default:dirt	0
184	27	-4	default:dirt	0
185	27	-4	default:dirt	0
186	27	-4	default:dirt	0
187	27	-4	default:dirt	0
188	27	-4	default:dirt	0
189	27	-4	default:dirt	0
190	27	-4	default:dirt	0
191	27	-4	default:dirt	0
192	27	-4	default:dirt	0
193	27	-4	default:dirt	0
194	27	-4	default:dirt	0
195	27	-4	default:dirt	0
196	27	-4	default:dirt	0
197	27	-4	default:dirt	0
198	27	-4	default:dirt	0
199	27	-4	default:dirt	0
200	27	-4	default:dirt	0
201	27	-4	default:dirt	0
202	27	-4	default:dirt	0
203	27	-4	default:dirt	0
204	27	-4	default:dirt	0
150	28	-4	default:dirt	0
151	28	-4	default:dirt	0
152	28	-4	default:dirt	0
153	28	-4	default:dirt	0
154	28	-4	default:dirt	0
155	28	-4	default:dirt	0
156	28	-4	default:dirt	0
157	28	-4	default:dirt	0
158	28	-4	default:dirt	0
159	28	-4	default:dirt	0
160	28	-4	default:dirt	0
161	28	-4	default:dirt	0
162	28	-4	default:dirt	0
163	28	-4	default:dirt	0
164	28	-4	default:dirt	0
165	28	-4	default:dirt	0
166	28	-4	default:dirt	0
167	28	-4	default:dirt	0
168	28	-4	default:dirt	0
169	28	-4	default:dirt	0
170	28	-4	default:dirt	0
171	28	-4	default:dirt	0
172	28	-4	default:dirt	0
173	28	-4	default:dirt	0
174	28	-4	default:dirt	0
175	28	-4	default:dirt	0
176	28	-4	default:dirt	0
177	28	-4	default:dirt	0
178	28	-4	default:dirt	0
179	28	-4	default:dirt	0
180	28	-4	default:dirt	0
181	28	-4	default:dirt	0
182	28	-4	default:dirt	0
183	28	-4	default:dirt	0
184	28	-4	default:dirt	0
185	28	-4	default:dirt	0
186	28	-4	default:dirt	0
187	28	-4	default:dirt	0
188	28	-4	default:dirt	0
189	28	-4	default:dirt	0
190	28	-4	default:dirt	0
191	28	-4	default:dirt	0
192	28	-4	default:dirt	0
193	28	-4	default:dirt	0
194	28	-4	default:dirt	0
195	28	-4	default:dirt	0
196	28	-4	default:dirt	0
197	28	-4	default:dirt	0
198	28	-4	default:dirt	0
199	28	-4	default:dirt	0
200	28	-4	default:dirt	0
201	28	-4	default:dirt	0
202	28	-4	default:dirt	0
203	28	-4	default:dirt	0
204	28	-4	default:dirt	0
150	29	-4	default:dirt	0
151	29	-4	default:dirt	0
152	29	-4	default:dirt	0
153	29	-4	default:dirt	0
154	29	-4	default:dirt	0
155	29	-4	default:dirt	0
156	29	-4	default:dirt	0
157	29	-4	default:dirt	0
158	29	-4	default:dirt	0
159	29	-4	default:dirt	0
160	29	-4	default:dirt	0
161	29	-4	default:dirt	0
162	29	-4	default:dirt	0
163	29	-4	default:dirt	0
164	29	-4	default:dirt	0
165	29	-4	default:dirt	0
166	29	-4	default:dirt	0
167	29	-4	default:dirt	0
168	29	-4	default:dirt	0
169	29	-4	default:dirt	0
170	29	-4	default:dirt	0
171	29	-4	default:dirt	0
172	29	-4	default:dirt	0
173	29	-4	default:dirt	0
174	29	-4	default:dirt	0
175	29	-4	default:dirt	0
176	29	-4	default:dirt	0
177	29	-4	default:dirt	0
178	29	-4	default:dirt	0
179	29	-4	default:dirt	0
180	29	-4	default:dirt	0
181	29	-4	default:dirt	0
182	29	-4	default:dirt	0
183	29	-4	default:dirt	0
184	29	-4	default:dirt	0
185	29	-4	default:dirt	0
186	29	-4	default:dirt	0
187	29	-4	default:dirt	0
188	29	-4	default:dirt	0
189	29	-4	default:dirt	0
190	29	-4	default:dirt	0
191	29	-4	default:dirt	0
192	29	-4	default:dirt	0
193	29	-4	default:dirt	0
194	29	-4	default:dirt	0
195	29	-4	default:dirt	0
196	29	-4	default:dirt	0
197	29	-4	default:dirt	0
198	29	-4	default:dirt	0
199	29	-4	default:dirt	0
200	29	-4	default:dirt	0
201	29	-4	default:dirt	0
202	29	-4	default:dirt	0
203	29	-4	default:dirt	0
204	29	-4	default:dirt	0
150	30	-4	default:dirt	0
151	30	-4	default:dirt	0
152	30	-4	default:dirt	0
153	30	-4	default:dirt	0
154	30	-4	default:dirt	0
155	30	-4	default:dirt	0
156	30	-4	default:dirt	0
157	30	-4	default:dirt	0
158	30	-4	default:dirt	0
159	30	-4	default:dirt_with_grass	0
160	30	-4	default:dirt_with_grass	0
161	30	-4	default:dirt_with_grass	0
162	30	-4	default:dirt_with_grass	0
163	30	-4	default:dirt_with_grass	0
164	30	-4	default:dirt_with_grass	0
165	30	-4	default:dirt_with_grass	0
166	30	-4	default:dirt_with_grass	0
167	30	-4	default:dirt_with_grass	0
168	30	-4	default:dirt_with_grass	0
169	30	-4	default:dirt_with_grass	0
170	30	-4	default:dirt_with_grass	0
171	30	-4	default:dirt_with_grass	0
172	30	-4	default:dirt_with_grass	0
173	30	-4	default:dirt_with_grass	0
174	30	-4	default:dirt_with_grass	0
175	30	-4	default:dirt_with_grass	0
176	30	-4	default:dirt_with_grass	0
177	30	-4	default:dirt_with_grass	0
178	30	-4	default:dirt_with_grass	0
179	30	-4	default:dirt_with_grass	0
180	30	-4	default:dirt_with_grass	0
181	30	-4	default:dirt_with_grass	0
182	30	-4	default:dirt_with_grass	0
183	30	-4	default:dirt_with_grass	0
184	30	-4	default:dirt_with_grass	0
185	30	-4	default:dirt_with_grass	0
186	30	-4	default:dirt_with_grass	0
187	30	-4	default:dirt_with_grass	0
188	30	-4	default:dirt_with_grass	0
189	30	-4	default:dirt_with_grass	0
190	30	-4	default:dirt_with_grass	0
191	30	-4	default:dirt_with_grass	0
192	30	-4	default:dirt_with_grass	0
193	30	-4	default:dirt_with_grass	0
194	30	-4	default:dirt_with_grass	0
195	30	-4	default:dirt_with_grass	0
196	30	-4	default:dirt_with_grass	0
197	30	-4	default:dirt_with_grass	0
198	30	-4	default:dirt_with_grass	0
199	30	-4	default:dirt_with_grass	0
200	30	-4	default:dirt_with_grass	0
201	30	-4	default:dirt_with_grass	0
202	30	-4	default:dirt_with_grass	0
203	30	-4	default:dirt_with_grass	0
204	30	-4	default:dirt_with_grass	0
218	30	-4	default:dirt	0
150	31	-4	default:dirt_with_grass	0
151	31	-4	default:dirt_with_grass	0
152	31	-4	default:dirt_with_grass	0
153	31	-4	default:dirt_with_grass	0
154	31	-4	default:dirt_with_grass	0
155	31	-4	default:dirt_with_grass	0
156	31	-4	default:dirt_with_grass	0
157	31	-4	default:dirt_with_grass	0
158	31	-4	default:dirt_with_grass	0
159	31	-4	default:river_water_source	0
160	31	-4	default:river_water_source	0
161	31	-4	default:river_water_source	0
162	31	-4	default:river_water_source	0
163	31	-4	default:river_water_source	0
164	31	-4	default:river_water_source	0
165	31	-4	default:river_water_source	0
166	31	-4	default:river_water_source	0
167	31	-4	default:river_water_source	0
168	31	-4	default:river_water_source	0
169	31	-4	default:river_water_source	0
170	31	-4	default:river_water_source	0
171	31	-4	default:river_water_source	0
172	31	-4	default:river_water_source	0
173	31	-4	default:river_water_source	0
174	31	-4	default:river_water_source	0
175	31	-4	default:river_water_source	0
176	31	-4	default:river_water_source	0
177	31	-4	default:river_water_source	0
178	31	-4	default:river_water_source	0
179	31	-4	default:river_water_source	0
180	31	-4	default:river_water_source	0
181	31	-4	default:river_water_source	0
182	31	-4	default:river_water_source	0
183	31	-4	default:river_water_source	0
184	31	-4	default:river_water_source	0
185	31	-4	default:river_water_source	0
186	31	-4	default:river_water_source	0
187	31	-4	default:river_water_source	0
188	31	-4	default:river_water_source	0
189	31	-4	default:river_water_source	0
190	31	-4	default:river_water_source	0
191	31	-4	default:river_water_source	0
192	31	-4	default:river_water_source	0
193	31	-4	default:river_water_source	0
194	31	-4	default:river_water_source	0
195	31	-4	default:river_water_source	0
196	31	-4	default:river_water_source	0
197	31	-4	default:river_water_source	0
198	31	-4	default:river_water_source	0
199	31	-4	default:river_water_source	0
200	31	-4	default:river_water_source	0
201	31	-4	default:river_water_source	0
202	31	-4	default:river_water_source	0
203	31	-4	default:river_water_source	0
204	31	-4	default:river_water_source	0
216	31	-4	default:dirt	0
217	31	-4	default:dirt	0
218	31	-4	default:dirt	0
219	31	-4	default:dirt	0
150	32	-4	default:river_water_source	0
151	32	-4	default:river_water_source	0
152	32	-4	default:river_water_source	0
153	32	-4	default:river_water_source	0
154	32	-4	default:river_water_source	0
155	32	-4	default:river_water_source	0
156	32	-4	default:river_water_source	0
157	32	-4	default:river_water_source	0
158	32	-4	default:river_water_source	0
159	32	-4	default:river_water_source	0
160	32	-4	default:river_water_source	0
161	32	-4	default:river_water_source	0
162	32	-4	default:river_water_source	0
163	32	-4	default:river_water_source	0
164	32	-4	default:river_water_source	0
165	32	-4	default:river_water_source	0
166	32	-4	default:river_water_source	0
167	32	-4	default:river_water_source	0
168	32	-4	default:river_water_source	0
169	32	-4	default:river_water_source	0
170	32	-4	default:river_water_source	0
171	32	-4	default:river_water_source	0
172	32	-4	default:river_water_source	0
173	32	-4	default:river_water_source	0
174	32	-4	default:river_water_source	0
175	32	-4	default:river_water_source	0
176	32	-4	default:river_water_source	0
177	32	-4	default:river_water_source	0
178	32	-4	default:river_water_source	0
179	32	-4	default:river_water_source	0
180	32	-4	default:river_water_source	0
181	32	-4	default:river_water_source	0
182	32	-4	default:river_water_source	0
183	32	-4	default:river_water_source	0
184	32	-4	default:river_water_source	0
185	32	-4	default:river_water_source	0
186	32	-4	default:river_water_source	0
187	32	-4	default:river_water_source	0
188	32	-4	default:river_water_source	0
189	32	-4	default:river_water_source	0
190	32	-4	default:river_water_source	0
191	32	-4	default:river_water_source	0
192	32	-4	default:river_water_source	0
193	32	-4	default:river_water_source	0
194	32	-4	default:river_water_source	0
195	32	-4	default:river_water_source	0
196	32	-4	default:river_water_source	0
197	32	-4	default:river_water_source	0
198	32	-4	default:river_water_source	0
199	32	-4	default:river_water_source	0
200	32	-4	default:river_water_source	0
201	32	-4	default:river_water_source	0
202	32	-4	default:river_water_source	0
203	32	-4	default:river_water_source	0
204	32	-4	default:river_water_source	0
213	32	-4	default:dirt	0
214	32	-4	default:dirt	0
215	32	-4	default:dirt	0
216	32	-4	default:dirt	0
217	32	-4	default:dirt	0
218	32	-4	default:dirt	0
219	32	-4	default:dirt	0
220	32	-4	default:dirt	0
150	33	-4	default:river_water_source	0
151	33	-4	default:river_water_source	0
152	33	-4	default:river_water_source	0
153	33	-4	default:river_water_source	0
154	33	-4	default:river_water_source	0
155	33	-4	default:river_water_source	0
156	33	-4	default:river_water_source	0
157	33	-4	default:river_water_source	0
158	33	-4	default:river_water_source	0
159	33	-4	default:river_water_source	0
160	33	-4	default:river_water_source	0
161	33	-4	default:river_water_source	0
162	33	-4	default:river_water_source	0
163	33	-4	default:river_water_source	0
164	33	-4	default:river_water_source	0
165	33	-4	default:river_water_source	0
166	33	-4	default:river_water_source	0
167	33	-4	default:river_water_source	0
168	33	-4	default:river_water_source	0
169	33	-4	default:river_water_source	0
170	33	-4	default:river_water_source	0
171	33	-4	default:river_water_source	0
172	33	-4	default:river_water_source	0
173	33	-4	default:river_water_source	0
174	33	-4	default:river_water_source	0
175	33	-4	default:river_water_source	0
176	33	-4	default:river_water_source	0
177	33	-4	default:river_water_source	0
178	33	-4	default:river_water_source	0
179	33	-4	default:river_water_source	0
180	33	-4	default:river_water_source	0
181	33	-4	default:river_water_source	0
182	33	-4	default:river_water_source	0
183	33	-4	default:river_water_source	0
184	33	-4	default:river_water_source	0
185	33	-4	default:river_water_source	0
186	33	-4	default:river_water_source	0
187	33	-4	default:river_water_source	0
188	33	-4	default:river_water_source	0
189	33	-4	default:river_water_source	0
190	33	-4	default:river_water_source	0
191	33	-4	default:river_water_source	0
192	33	-4	default:river_water_source	0
193	33	-4	default:river_water_source	0
194	33	-4	default:river_water_source	0
195	33	-4	default:river_water_source	0
196	33	-4	default:river_water_source	0
197	33	-4	default:river_water_source	0
198	33	-4	default:river_water_source	0
199	33	-4	default:river_water_source	0
200	33	-4	default:river_water_source	0
201	33	-4	default:river_water_source	0
202	33	-4	default:river_water_source	0
203	33	-4	default:river_water_source	0
204	33	-4	default:river_water_source	0
211	33	-4	default:dirt	0
212	33	-4	default:dirt	0
213	33	-4	default:dirt	0
214	33	-4	default:dirt	0
215	33	-4	default:dirt	0
216	33	-4	default:dirt	0
217	33	-4	default:dirt	0
218	33	-4	default:dirt_with_grass	0
219	33	-4	default:dirt	0
220	33	-4	default:dirt	0
150	34	-4	default:river_water_source	0
151	34	-4	default:river_water_source	0
152	34	-4	default:river_water_source	0
153	34	-4	default:river_water_source	0
154	34	-4	default:river_water_source	0
155	34	-4	default:river_water_source	0
156	34	-4	default:river_water_source	0
157	34	-4	default:river_water_source	0
158	34	-4	default:river_water_source	0
159	34	-4	default:river_water_source	0
160	34	-4	default:river_water_source	0
161	34	-4	default:river_water_source	0
162	34	-4	default:river_water_source	0
163	34	-4	default:river_water_source	0
164	34	-4	default:river_water_source	0
165	34	-4	default:river_water_source	0
166	34	-4	default:river_water_source	0
167	34	-4	default:river_water_source	0
168	34	-4	default:river_water_source	0
169	34	-4	default:river_water_source	0
170	34	-4	default:river_water_source	0
171	34	-4	default:river_water_source	0
172	34	-4	default:river_water_source	0
173	34	-4	default:river_water_source	0
174	34	-4	default:river_water_source	0
175	34	-4	default:river_water_source	0
176	34	-4	default:river_water_source	0
177	34	-4	default:river_water_source	0
178	34	-4	default:river_water_source	0
179	34	-4	default:river_water_source	0
180	34	-4	default:river_water_source	0
181	34	-4	default:river_water_source	0
182	34	-4	default:river_water_source	0
183	34	-4	default:river_water_source	0
184	34	-4	default:river_water_source	0
185	34	-4	default:river_water_source	0
186	34	-4	default:river_water_source	0
187	34	-4	default:river_water_source	0
188	34	-4	default:river_water_source	0
189	34	-4	default:river_water_source	0
190	34	-4	default:river_water_source	0
191	34	-4	default:river_water_source	0
192	34	-4	default:river_water_source	0
193	34	-4	default:river_water_source	0
194	34	-4	default:river_water_source	0
195	34	-4	default:river_water_source	0
196	34	-4	default:river_water_source	0
197	34	-4	default:river_water_source	0
198	34	-4	default:river_water_source	0
199	34	-4	default:river_water_source	0
200	34	-4	default:river_water_source	0
201	34	-4	default:river_water_source	0
202	34	-4	default:river_water_source	0
203	34	-4	default:river_water_source	0
204	34	-4	default:river_water_source	0
205	34	-4	default:dirt	0
206	34	-4	default:dirt	0
207	34	-4	default:dirt	0
208	34	-4	default:dirt	0
209	34	-4	default:dirt	0
210	34	-4	default:dirt	0
211	34	-4	default:dirt	0
212	34	-4	default:dirt	0
213	34	-4	default:dirt	0
214	34	-4	default:dirt	0
215	34	-4	default:dirt	0
216	34	-4	default:dirt_with_grass	0
217	34	-4	default:dirt_with_grass	0
219	34	-4	default:dirt_with_grass	0
220	34	-4	default:dirt	0
150	35	-4	default:river_water_source	0
151	35	-4	default:river_water_source	0
152	35	-4	default:river_water_source	0
153	35	-4	default:river_water_source	0
154	35	-4	default:river_water_source	0
155	35	-4	default:river_water_source	0
156	35	-4	default:river_water_source	0
157	35	-4	default:river_water_source	0
158	35	-4	default:river_water_source	0
159	35	-4	default:river_water_source	0
160	35	-4	default:river_water_source	0
161	35	-4	default:river_water_source	0
162	35	-4	default:river_water_source	0
163	35	-4	default:river_water_source	0
164	35	-4	default:river_water_source	0
165	35	-4	default:river_water_source	0
166	35	-4	default:river_water_source	0
167	35	-4	default:river_water_source	0
168	35	-4	default:river_water_source	0
169	35	-4	default:river_water_source	0
170	35	-4	default:river_water_source	0
171	35	-4	default:river_water_source	0
172	35	-4	default:river_water_source	0
173	35	-4	default:river_water_source	0
174	35	-4	default:river_water_source	0
175	35	-4	default:river_water_source	0
176	35	-4	default:river_water_source	0
177	35	-4	default:river_water_source	0
178	35	-4	default:river_water_source	0
179	35	-4	default:river_water_source	0
180	35	-4	default:river_water_source	0
181	35	-4	default:river_water_source	0
182	35	-4	default:river_water_source	0
183	35	-4	default:river_water_source	0
184	35	-4	default:river_water_source	0
185	35	-4	default:river_water_source	0
186	35	-4	default:river_water_source	0
187	35	-4	default:river_water_source	0
188	35	-4	default:river_water_source	0
189	35	-4	default:river_water_source	0
190	35	-4	default:river_water_source	0
191	35	-4	default:river_water_source	0
192	35	-4	default:river_water_source	0
193	35	-4	default:river_water_source	0
194	35	-4	default:river_water_source	0
195	35	-4	default:river_water_source	0
196	35	-4	default:river_water_source	0
197	35	-4	default:river_water_source	0
198	35	-4	default:river_water_source	0
199	35	-4	default:river_water_source	0
200	35	-4	default:river_water_source	0
201	35	-4	default:river_water_source	0
202	35	-4	default:river_water_source	0
203	35	-4	default:river_water_source	0
204	35	-4	default:river_water_source	0
205	35	-4	default:dirt	0
206	35	-4	default:dirt	0
207	35	-4	default:dirt	0
208	35	-4	default:dirt	0
209	35	-4	default:dirt	0
210	35	-4	default:dirt	0
211	35	-4	default:dirt	0
212	35	-4	default:dirt	0
213	35	-4	default:dirt_with_grass	0
214	35	-4	default:dirt_with_grass	0
215	35	-4	default:dirt_with_grass	0
220	35	-4	default:dirt_with_grass	0
205	36	-4	default:dirt	0
206	36	-4	default:dirt	0
207	36	-4	default:dirt	0
208	36	-4	default:dirt	0
209	36	-4	default:dirt	0
210	36	-4	default:dirt	0
211	36	-4	default:dirt_with_grass	0
212	36	-4	default:dirt_with_grass	0
205	37	-4	default:dirt_with_grass	0
206	37	-4	default:dirt_with_grass	0
207	37	-4	default:dirt_with_grass	0
208	37	-4	default:dirt_with_grass	0
209	37	-4	default:dirt_with_grass	0
210	37	-4	default:dirt_with_grass	0
160	27	-3	default:dirt	0
161	27	-3	default:dirt	0
162	27	-3	default:dirt	0
163	27	-3	default:dirt	0
164	27	-3	default:dirt	0
165	27	-3	default:dirt	0
166	27	-3	default:dirt	0
167	27	-3	default:dirt	0
168	27	-3	default:dirt	0
169	27	-3	default:dirt	0
170	27	-3	default:dirt	0
171	27	-3	default:dirt	0
172	27	-3	default:dirt	0
173	27	-3	default:dirt	0
174	27	-3	default:dirt	0
175	27	-3	default:dirt	0
176	27	-3	default:dirt	0
177	27	-3	default:dirt	0
178	27	-3	default:dirt	0
179	27	-3	default:dirt	0
180	27	-3	default:dirt	0
181	27	-3	default:dirt	0
182	27	-3	default:dirt	0
183	27	-3	default:dirt	0
184	27	-3	default:dirt	0
185	27	-3	default:dirt	0
186	27	-3	default:dirt	0
187	27	-3	default:dirt	0
188	27	-3	default:dirt	0
189	27	-3	default:dirt	0
190	27	-3	default:dirt	0
191	27	-3	default:dirt	0
192	27	-3	default:dirt	0
193	27	-3	default:dirt	0
194	27	-3	default:dirt	0
195	27	-3	default:dirt	0
196	27	-3	default:dirt	0
197	27	-3	default:dirt	0
198	27	-3	default:dirt	0
199	27	-3	default:dirt	0
200	27	-3	default:dirt	0
201	27	-3	default:dirt	0
202	27	-3	default:dirt	0
203	27	-3	default:dirt	0
150	28	-3	default:dirt	0
151	28	-3	default:dirt	0
152	28	-3	default:dirt	0
153	28	-3	default:dirt	0
154	28	-3	default:dirt	0
155	28	-3	default:dirt	0
156	28	-3	default:dirt	0
157	28	-3	default:dirt	0
158	28	-3	default:dirt	0
159	28	-3	default:dirt	0
160	28	-3	default:dirt	0
161	28	-3	default:dirt	0
162	28	-3	default:dirt	0
163	28	-3	default:dirt	0
164	28	-3	default:dirt	0
165	28	-3	default:dirt	0
166	28	-3	default:dirt	0
167	28	-3	default:dirt	0
168	28	-3	default:dirt	0
169	28	-3	default:dirt	0
170	28	-3	default:dirt	0
171	28	-3	default:dirt	0
172	28	-3	default:dirt	0
173	28	-3	default:dirt	0
174	28	-3	default:dirt	0
175	28	-3	default:dirt	0
176	28	-3	default:dirt	0
177	28	-3	default:dirt	0
178	28	-3	default:dirt	0
179	28	-3	default:dirt	0
180	28	-3	default:dirt	0
181	28	-3	default:dirt	0
182	28	-3	default:dirt	0
183	28	-3	default:dirt	0
184	28	-3	default:dirt	0
185	28	-3	default:dirt	0
186	28	-3	default:dirt	0
187	28	-3	default:dirt	0
188	28	-3	default:dirt	0
189	28	-3	default:dirt	0
190	28	-3	default:dirt	0
191	28	-3	default:dirt	0
192	28	-3	default:dirt	0
193	28	-3	default:dirt	0
194	28	-3	default:dirt	0
195	28	-3	default:dirt	0
196	28	-3	default:dirt	0
197	28	-3	default:dirt	0
198	28	-3	default:dirt	0
199	28	-3	default:dirt	0
200	28	-3	default:dirt	0
201	28	-3	default:dirt	0
202	28	-3	default:dirt	0
203	28	-3	default:dirt	0
150	29	-3	default:dirt	0
151	29	-3	default:dirt	0
152	29	-3	default:dirt	0
153	29	-3	default:dirt	0
154	29	-3	default:dirt	0
155	29	-3	default:dirt	0
156	29	-3	default:dirt	0
157	29	-3	default:dirt	0
158	29	-3	default:dirt	0
159	29	-3	default:dirt	0
160	29	-3	default:dirt	0
161	29	-3	default:dirt	0
162	29	-3	default:dirt	0
163	29	-3	default:dirt	0
164	29	-3	default:dirt	0
165	29	-3	default:dirt	0
166	29	-3	default:dirt	0
167	29	-3	default:dirt	0
168	29	-3	default:dirt	0
169	29	-3	default:dirt	0
170	29	-3	default:dirt	0
171	29	-3	default:dirt	0
172	29	-3	default:dirt	0
173	29	-3	default:dirt	0
174	29	-3	default:dirt	0
175	29	-3	default:dirt	0
176	29	-3	default:dirt	0
177	29	-3	default:dirt	0
178	29	-3	default:dirt	0
179	29	-3	default:dirt	0
180	29	-3	default:dirt	0
181	29	-3	default:dirt	0
182	29	-3	default:dirt	0
183	29	-3	default:dirt	0
184	29	-3	default:dirt	0
185	29	-3	default:dirt	0
186	29	-3	default:dirt	0
187	29	-3	default:dirt	0
188	29	-3	default:dirt	0
189	29	-3	default:dirt	0
190	29	-3	default:dirt	0
191	29	-3	default:dirt	0
192	29	-3	default:dirt	0
193	29	-3	default:dirt	0
194	29	-3	default:dirt	0
195	29	-3	default:dirt	0
196	29	-3	default:dirt	0
197	29	-3	default:dirt	0
198	29	-3	default:dirt	0
199	29	-3	default:dirt	0
200	29	-3	default:dirt	0
201	29	-3	default:dirt	0
202	29	-3	default:dirt	0
203	29	-3	default:dirt	0
150	30	-3	default:dirt	0
151	30	-3	default:dirt	0
152	30	-3	default:dirt	0
153	30	-3	default:dirt	0
154	30	-3	default:dirt	0
155	30	-3	default:dirt	0
156	30	-3	default:dirt	0
157	30	-3	default:dirt	0
158	30	-3	default:dirt	0
159	30	-3	default:dirt	0
160	30	-3	default:dirt_with_grass	0
161	30	-3	default:dirt_with_grass	0
162	30	-3	default:dirt_with_grass	0
163	30	-3	default:dirt_with_grass	0
164	30	-3	default:dirt_with_grass	0
165	30	-3	default:dirt_with_grass	0
166	30	-3	default:dirt_with_grass	0
167	30	-3	default:dirt_with_grass	0
168	30	-3	default:dirt_with_grass	0
169	30	-3	default:dirt_with_grass	0
170	30	-3	default:dirt_with_grass	0
171	30	-3	default:dirt_with_grass	0
172	30	-3	default:dirt_with_grass	0
173	30	-3	default:dirt_with_grass	0
174	30	-3	default:dirt_with_grass	0
175	30	-3	default:dirt_with_grass	0
176	30	-3	default:dirt_with_grass	0
177	30	-3	default:dirt_with_grass	0
178	30	-3	default:dirt_with_grass	0
179	30	-3	default:dirt_with_grass	0
180	30	-3	default:dirt_with_grass	0
181	30	-3	default:dirt_with_grass	0
182	30	-3	default:dirt_with_grass	0
183	30	-3	default:dirt_with_grass	0
184	30	-3	default:dirt_with_grass	0
185	30	-3	default:dirt_with_grass	0
186	30	-3	default:dirt_with_grass	0
187	30	-3	default:dirt_with_grass	0
188	30	-3	default:dirt_with_grass	0
189	30	-3	default:dirt_with_grass	0
190	30	-3	default:dirt_with_grass	0
191	30	-3	default:dirt_with_grass	0
192	30	-3	default:dirt_with_grass	0
193	30	-3	default:dirt_with_grass	0
194	30	-3	default:dirt_with_grass	0
195	30	-3	default:dirt_with_grass	0
196	30	-3	default:dirt_with_grass	0
197	30	-3	default:dirt_with_grass	0
198	30	-3	default:dirt_with_grass	0
199	30	-3	default:dirt_with_grass	0
200	30	-3	default:dirt_with_grass	0
201	30	-3	default:dirt_with_grass	0
202	30	-3	default:dirt_with_grass	0
203	30	-3	default:dirt_with_grass	0
217	30	-3	default:dirt	0
218	30	-3	default:dirt	0
150	31	-3	default:dirt_with_grass	0
151	31	-3	default:dirt_with_grass	0
152	31	-3	default:dirt_with_grass	0
153	31	-3	default:dirt_with_grass	0
154	31	-3	default:dirt_with_grass	0
155	31	-3	default:dirt_with_grass	0
156	31	-3	default:dirt_with_grass	0
157	31	-3	default:dirt_with_grass	0
158	31	-3	default:dirt_with_grass	0
159	31	-3	default:dirt_with_grass	0
160	31	-3	default:river_water_source	0
161	31	-3	default:river_water_source	0
162	31	-3	default:river_water_source	0
163	31	-3	default:river_water_source	0
164	31	-3	default:river_water_source	0
165	31	-3	default:river_water_source	0
166	31	-3	default:river_water_source	0
167	31	-3	default:river_water_source	0
168	31	-3	default:river_water_source	0
169	31	-3	default:river_water_source	0
170	31	-3	default:river_water_source	0
171	31	-3	default:river_water_source	0
172	31	-3	default:river_water_source	0
173	31	-3	default:river_water_source	0
174	31	-3	default:river_water_source	0
175	31	-3	default:river_water_source	0
176	31	-3	default:river_water_source	0
177	31	-3	default:river_water_source	0
178	31	-3	default:river_water_source	0
179	31	-3	default:river_water_source	0
180	31	-3	default:river_water_source	0
181	31	-3	default:river_water_source	0
182	31	-3	default:river_water_source	0
183	31	-3	default:river_water_source	0
184	31	-3	default:river_water_source	0
185	31	-3	default:river_water_source	0
186	31	-3	default:river_water_source	0
187	31	-3	default:river_water_source	0
188	31	-3	default:river_water_source	0
189	31	-3	default:river_water_source	0
190	31	-3	default:river_water_source	0
191	31	-3	default:river_water_source	0
192	31	-3	default:river_water_source	0
193	31	-3	default:river_water_source	0
194	31	-3	default:river_water_source	0
195	31	-3	default:river_water_source	0
196	31	-3	default:river_water_source	0
197	31	-3	default:river_water_source	0
198	31	-3	default:river_water_source	0
199	31	-3	default:river_water_source	0
200	31	-3	default:river_water_source	0
201	31	-3	default:river_water_source	0
202	31	-3	default:river_water_source	0
203	31	-3	default:river_water_source	0
215	31	-3	default:dirt	0
216	31	-3	default:dirt	0
217	31	-3	default:dirt	0
218	31	-3	default:dirt	0
219	31	-3	default:dirt	0
150	32	-3	default:river_water_source	0
151	32	-3	default:river_water_source	0
152	32	-3	default:river_water_source	0
153	32	-3	default:river_water_source	0
154	32	-3	default:river_water_source	0
155	32	-3	default:river_water_source	0
156	32	-3	default:river_water_source	0
157	32	-3	default:river_water_source	0
158	32	-3	default:river_water_source	0
159	32	-3	default:river_water_source	0
160	32	-3	default:river_water_source	0
161	32	-3	default:river_water_source	0
162	32	-3	default:river_water_source	0
163	32	-3	default:river_water_source	0
164	32	-3	default:river_water_source	0
165	32	-3	default:river_water_source	0
166	32	-3	default:river_water_source	0
167	32	-3	default:river_water_source	0
168	32	-3	default:river_water_source	0
169	32	-3	default:river_water_source	0
170	32	-3	default:river_water_source	0
171	32	-3	default:river_water_source	0
172	32	-3	default:river_water_source	0
173	32	-3	default:river_water_source	0
174	32	-3	default:river_water_source	0
175	32	-3	default:river_water_source	0
176	32	-3	default:river_water_source	0
177	32	-3	default:river_water_source	0
178	32	-3	default:river_water_source	0
179	32	-3	default:river_water_source	0
180	32	-3	default:river_water_source	0
181	32	-3	default:river_water_source	0
182	32	-3	default:river_water_source	0
183	32	-3	default:river_water_source	0
184	32	-3	default:river_water_source	0
185	32	-3	default:river_water_source	0
186	32	-3	default:river_water_source	0
187	32	-3	default:river_water_source	0
188	32	-3	default:river_water_source	0
189	32	-3	default:river_water_source	0
190	32	-3	default:river_water_source	0
191	32	-3	default:river_water_source	0
192	32	-3	default:river_water_source	0
193	32	-3	default:river_water_source	0
194	32	-3	default:river_water_source	0
195	32	-3	default:river_water_source	0
196	32	-3	default:river_water_source	0
197	32	-3	default:river_water_source	0
198	32	-3	default:river_water_source	0
199	32	-3	default:river_water_source	0
200	32	-3	default:river_water_source	0
201	32	-3	default:river_water_source	0
202	32	-3	default:river_water_source	0
203	32	-3	default:river_water_source	0
212	32	-3	default:dirt	0
213	32	-3	default:dirt	0
214	32	-3	default:dirt	0
215	32	-3	default:dirt	0
216	32	-3	default:dirt	0
217	32	-3	default:dirt	0
218	32	-3	default:dirt	0
219	32	-3	default:dirt	0
220	32	-3	default:dirt	0
150	33	-3	default:river_water_source	0
151	33	-3	default:river_water_source	0
152	33	-3	default:river_water_source	0
153	33	-3	default:river_water_source	0
154	33	-3	default:river_water_source	0
155	33	-3	default:river_water_source	0
156	33	-3	default:river_water_source	0
157	33	-3	default:river_water_source	0
158	33	-3	default:river_water_source	0
159	33	-3	default:river_water_source	0
160	33	-3	default:river_water_source	0
161	33	-3	default:river_water_source	0
162	33	-3	default:river_water_source	0
163	33	-3	default:river_water_source	0
164	33	-3	default:river_water_source	0
165	33	-3	default:river_water_source	0
166	33	-3	default:river_water_source	0
167	33	-3	default:river_water_source	0
168	33	-3	default:river_water_source	0
169	33	-3	default:river_water_source	0
170	33	-3	default:river_water_source	0
171	33	-3	default:river_water_source	0
172	33	-3	default:river_water_source	0
173	33	-3	default:river_water_source	0
174	33	-3	default:river_water_source	0
175	33	-3	default:river_water_source	0
176	33	-3	default:river_water_source	0
177	33	-3	default:river_water_source	0
178	33	-3	default:river_water_source	0
179	33	-3	default:river_water_source	0
180	33	-3	default:river_water_source	0
181	33	-3	default:river_water_source	0
182	33	-3	default:river_water_source	0
183	33	-3	default:river_water_source	0
184	33	-3	default:river_water_source	0
185	33	-3	default:river_water_source	0
186	33	-3	default:river_water_source	0
187	33	-3	default:river_water_source	0
188	33	-3	default:river_water_source	0
189	33	-3	default:river_water_source	0
190	33	-3	default:river_water_source	0
191	33	-3	default:river_water_source	0
192	33	-3	default:river_water_source	0
193	33	-3	default:river_water_source	0
194	33	-3	default:river_water_source	0
195	33	-3	default:river_water_source	0
196	33	-3	default:river_water_source	0
197	33	-3	default:river_water_source	0
198	33	-3	default:river_water_source	0
199	33	-3	default:river_water_source	0
200	33	-3	default:river_water_source	0
201	33	-3	default:river_water_source	0
202	33	-3	default:river_water_source	0
203	33	-3	default:river_water_source	0
210	33	-3	default:dirt	0
211	33	-3	default:dirt	0
212	33	-3	default:dirt	0
213	33	-3	default:dirt	0
214	33	-3	default:dirt	0
215	33	-3	default:dirt	0
216	33	-3	default:dirt	0
217	33	-3	default:dirt_with_grass	0
218	33	-3	default:dirt_with_grass	0
219	33	-3	default:dirt	0
220	33	-3	default:dirt	0
150	34	-3	default:river_water_source	0
151	34	-3	default:river_water_source	0
152	34	-3	default:river_water_source	0
153	34	-3	default:river_water_source	0
154	34	-3	default:river_water_source	0
155	34	-3	default:river_water_source	0
156	34	-3	default:river_water_source	0
157	34	-3	default:river_water_source	0
158	34	-3	default:river_water_source	0
159	34	-3	default:river_water_source	0
160	34	-3	default:river_water_source	0
161	34	-3	default:river_water_source	0
162	34	-3	default:river_water_source	0
163	34	-3	default:river_water_source	0
164	34	-3	default:river_water_source	0
165	34	-3	default:river_water_source	0
166	34	-3	default:river_water_source	0
167	34	-3	default:river_water_source	0
168	34	-3	default:river_water_source	0
169	34	-3	default:river_water_source	0
170	34	-3	default:river_water_source	0
171	34	-3	default:river_water_source	0
172	34	-3	default:river_water_source	0
173	34	-3	default:river_water_source	0
174	34	-3	default:river_water_source	0
175	34	-3	default:river_water_source	0
176	34	-3	default:river_water_source	0
177	34	-3	default:river_water_source	0
178	34	-3	default:river_water_source	0
179	34	-3	default:river_water_source	0
180	34	-3	default:river_water_source	0
181	34	-3	default:river_water_source	0
182	34	-3	default:river_water_source	0
183	34	-3	default:river_water_source	0
184	34	-3	default:river_water_source	0
185	34	-3	default:river_water_source	0
186	34	-3	default:river_water_source	0
187	34	-3	default:river_water_source	0
188	34	-3	default:river_water_source	0
189	34	-3	default:river_water_source	0
190	34	-3	default:river_water_source	0
191	34	-3	default:river_water_source	0
192	34	-3	default:river_water_source	0
193	34	-3	default:river_water_source	0
194	34	-3	default:river_water_source	0
195	34	-3	default:river_water_source	0
196	34	-3	default:river_water_source	0
197	34	-3	default:river_water_source	0
198	34	-3	default:river_water_source	0
199	34	-3	default:river_water_source	0
200	34	-3	default:river_water_source	0
201	34	-3	default:river_water_source	0
202	34	-3	default:river_water_source	0
203	34	-3	default:river_water_source	0
204	34	-3	default:dirt	0
205	34	-3	default:dirt	0
206	34	-3	default:dirt	0
207	34	-3	default:dirt	0
208	34	-3	default:dirt	0
209	34	-3	default:dirt	0
210	34	-3	default:dirt	0
211	34	-3	default:dirt	0
212	34	-3	default:dirt	0
213	34	-3	default:dirt	0
214	34	-3	default:dirt	0
215	34	-3	default:dirt_with_grass	0
216	34	-3	default:brick	0
216	34	-3	default:dirt_with_grass	0
219	34	-3	default:dirt_with_grass	0
220	34	-3	default:dirt	0
150	35	-3	default:river_water_source	0
151	35	-3	default:river_water_source	0
152	35	-3	default:brick	0
152	35	-3	default:river_water_source	0
153	35	-3	default:river_water_source	0
154	35	-3	default:river_water_source	0
155	35	-3	default:river_water_source	0
156	35	-3	default:river_water_source	0
157	35	-3	default:river_water_source	0
158	35	-3	default:river_water_source	0
159	35	-3	default:river_water_source	0
160	35	-3	default:brick	0
160	35	-3	default:river_water_source	0
161	35	-3	default:river_water_source	0
162	35	-3	default:river_water_source	0
163	35	-3	default:river_water_source	0
164	35	-3	default:river_water_source	0
165	35	-3	default:river_water_source	0
166	35	-3	default:river_water_source	0
167	35	-3	default:river_water_source	0
168	35	-3	default:brick	0
168	35	-3	default:river_water_source	0
169	35	-3	default:river_water_source	0
170	35	-3	default:river_water_source	0
171	35	-3	default:river_water_source	0
172	35	-3	default:river_water_source	0
173	35	-3	default:river_water_source	0
174	35	-3	default:river_water_source	0
175	35	-3	default:river_water_source	0
176	35	-3	default:brick	0
176	35	-3	default:river_water_source	0
177	35	-3	default:river_water_source	0
178	35	-3	default:river_water_source	0
179	35	-3	default:river_water_source	0
180	35	-3	default:river_water_source	0
181	35	-3	default:river_water_source	0
182	35	-3	default:river_water_source	0
183	35	-3	default:river_water_source	0
184	35	-3	default:brick	0
184	35	-3	default:river_water_source	0
185	35	-3	default:river_water_source	0
186	35	-3	default:river_water_source	0
187	35	-3	default:river_water_source	0
188	35	-3	default:river_water_source	0
189	35	-3	default:river_water_source	0
190	35	-3	default:river_water_source	0
191	35	-3	default:river_water_source	0
192	35	-3	default:brick	0
192	35	-3	default:river_water_source	0
193	35	-3	default:river_water_source	0
194	35	-3	default:river_water_source	0
195	35	-3	default:river_water_source	0
196	35	-3	default:river_water_source	0
197	35	-3	default:river_water_source	0
198	35	-3	default:river_water_source	0
199	35	-3	default:river_water_source	0
200	35	-3	default:brick	0
200	35	-3	default:river_water_source	0
201	35	-3	default:river_water_source	0
202	35	-3	default:river_water_source	0
203	35	-3	default:river_water_source	0
204	35	-3	default:dirt	0
205	35	-3	default:dirt	0
206	35	-3	default:dirt	0
207	35	-3	default:dirt	0
208	35	-3	default:dirt	0
209	35	-3	default:dirt	0
210	35	-3	default:dirt	0
211	35	-3	default:dirt	0
212	35	-3	default:dirt_with_grass	0
213	35	-3	default:dirt_with_grass	0
214	35	-3	default:dirt_with_grass	0
216	35	-3	default:tree	0
220	35	-3	default:dirt_with_grass	0
152	36	-3	default:tree	0
160	36	-3	default:tree	0
168	36	-3	default:tree	0
176	36	-3	default:tree	0
184	36	-3	default:tree	0
192	36	-3	default:tree	0
200	36	-3	default:tree	0
204	36	-3	default:dirt	0
205	36	-3	default:dirt	0
206	36	-3	default:dirt	0
207	36	-3	default:dirt	0
208	36	-3	default:dirt	0
209	36	-3	default:dirt	0
210	36	-3	default:dirt_with_grass	0
211	36	-3	default:dirt_with_grass	0
216	36	-3	default:tree	0
152	37	-3	default:tree	0
160	37	-3	default:tree	0
168	37	-3	default:tree	0
176	37	-3	default:tree	0
184	37	-3	default:tree	0
192	37	-3	default:tree	0
200	37	-3	default:tree	0
204	37	-3	default:dirt_with_grass	0
205	37	-3	default:dirt_with_grass	0
206	37	-3	default:dirt_with_grass	0
207	37	-3	default:dirt_with_grass	0
208	37	-3	default:brick	0
208	37	-3	default:dirt_with_grass	0
209	37	-3	default:dirt_with_grass	0
216	37	-3	default:torch	1
152	38	-3	default:torch	1
160	38	-3	default:torch	1
168	38	-3	default:torch	1
176	38	-3	default:torch	1
184	38	-3	default:torch	1
192	38	-3	default:torch	1
200	38	-3	default:torch	1
208	38	-3	default:tree	0
208	39	-3	default:tree	0
208	40	-3	default:torch	1
161	27	-2	default:dirt	0
162	27	-2	default:dirt	0
163	27	-2	default:dirt	0
164	27	-2	default:dirt	0
165	27	-2	default:dirt	0
166	27	-2	default:dirt	0
167	27	-2	default:dirt	0
168	27	-2	default:dirt	0
169	27	-2	default:dirt	0
170	27	-2	default:dirt	0
171	27	-2	default:dirt	0
172	27	-2	default:dirt	0
173	27	-2	default:dirt	0
174	27	-2	default:dirt	0
175	27	-2	default:dirt	0
176	27	-2	default:dirt	0
177	27	-2	default:dirt	0
178	27	-2	default:dirt	0
179	27	-2	default:dirt	0
180	27	-2	default:dirt	0
181	27	-2	default:dirt	0
182	27	-2	default:dirt	0
183	27	-2	default:dirt	0
184	27	-2	default:dirt	0
185	27	-2	default:dirt	0
186	27	-2	default:dirt	0
187	27	-2	default:dirt	0
188	27	-2	default:dirt	0
189	27	-2	default:dirt	0
190	27	-2	default:dirt	0
191	27	-2	default:dirt	0
192	27	-2	default:dirt	0
193	27	-2	default:dirt	0
194	27	-2	default:dirt	0
195	27	-2	default:dirt	0
196	27	-2	default:dirt	0
197	27	-2	default:dirt	0
198	27	-2	default:dirt	0
199	27	-2	default:dirt	0
200	27	-2	default:dirt	0
201	27	-2	default:dirt	0
202	27	-2	default:dirt	0
150	28	-2	default:dirt	0
151	28	-2	default:dirt	0
152	28	-2	default:dirt	0
153	28	-2	default:dirt	0
154	28	-2	default:dirt	0
155	28	-2	default:dirt	0
156	28	-2	default:dirt	0
157	28	-2	default:dirt	0
158	28	-2	default:dirt	0
159	28	-2	default:dirt	0
160	28	-2	default:dirt	0
161	28	-2	default:dirt	0
162	28	-2	default:dirt	0
163	28	-2	default:dirt	0
164	28	-2	default:dirt	0
165	28	-2	default:dirt	0
166	28	-2	default:dirt	0
167	28	-2	default:dirt	0
168	28	-2	default:dirt	0
169	28	-2	default:dirt	0
170	28	-2	default:dirt	0
171	28	-2	default:dirt	0
172	28	-2	default:dirt	0
173	28	-2	default:dirt	0
174	28	-2	default:dirt	0
175	28	-2	default:dirt	0
176	28	-2	default:dirt	0
177	28	-2	default:dirt	0
178	28	-2	default:dirt	0
179	28	-2	default:dirt	0
180	28	-2	default:dirt	0
181	28	-2	default:dirt	0
182	28	-2	default:dirt	0
183	28	-2	default:dirt	0
184	28	-2	default:dirt	0
185	28	-2	default:dirt	0
186	28	-2	default:dirt	0
187	28	-2	default:dirt	0
188	28	-2	default:dirt	0
189	28	-2	default:dirt	0
190	28	-2	default:dirt	0
191	28	-2	default:dirt	0
192	28	-2	default:dirt	0
193	28	-2	default:dirt	0
194	28	-2	default:dirt	0
195	28	-2	default:dirt	0
196	28	-2	default:dirt	0
197	28	-2	default:dirt	0
198	28	-2	default:dirt	0
199	28	-2	default:dirt	0
200	28	-2	default:dirt	0
201	28	-2	default:dirt	0
202	28	-2	default:dirt	0
150	29	-2	default:dirt	0
151	29	-2	default:dirt	0
152	29	-2	default:dirt	0
153	29	-2	default:dirt	0
154	29	-2	default:dirt	0
155	29	-2	default:dirt	0
156	29	-2	default:dirt	0
157	29	-2	default:dirt	0
158	29	-2	default:dirt	0
159	29	-2	default:dirt	0
160	29	-2	default:dirt	0
161	29	-2	default:dirt	0
162	29	-2	default:dirt	0
163	29	-2	default:dirt	0
164	29	-2	default:dirt	0
165	29	-2	default:dirt	0
166	29	-2	default:dirt	0
167	29	-2	default:dirt	0
168	29	-2	default:dirt	0
169	29	-2	default:dirt	0
170	29	-2	default:dirt	0
171	29	-2	default:dirt	0
172	29	-2	default:dirt	0
173	29	-2	default:dirt	0
174	29	-2	default:dirt	0
175	29	-2	default:dirt	0
176	29	-2	default:dirt	0
177	29	-2	default:dirt	0
178	29	-2	default:dirt	0
179	29	-2	default:dirt	0
180	29	-2	default:dirt	0
181	29	-2	default:dirt	0
182	29	-2	default:dirt	0
183	29	-2	default:dirt	0
184	29	-2	default:dirt	0
185	29	-2	default:dirt	0
186	29	-2	default:dirt	0
187	29	-2	default:dirt	0
188	29	-2	default:dirt	0
189	29	-2	default:dirt	0
190	29	-2	default:dirt	0
191	29	-2	default:dirt	0
192	29	-2	default:dirt	0
193	29	-2	default:dirt	0
194	29	-2	default:dirt	0
195	29	-2	default:dirt	0
196	29	-2	default:dirt	0
197	29	-2	default:dirt	0
198	29	-2	default:dirt	0
199	29	-2	default:dirt	0
200	29	-2	default:dirt	0
201	29	-2	default:dirt	0
202	29	-2	default:dirt	0
150	30	-2	default:dirt	0
151	30	-2	default:dirt	0
152	30	-2	default:dirt	0
153	30	-2	default:dirt	0
154	30	-2	default:dirt	0
155	30	-2	default:dirt	0
156	30	-2	default:dirt	0
157	30	-2	default:dirt	0
158	30	-2	default:dirt	0
159	30	-2	default:dirt	0
160	30	-2	default:dirt	0
161	30	-2	default:dirt_with_grass	0
162	30	-2	default:dirt_with_grass	0
163	30	-2	default:dirt_with_grass	0
164	30	-2	default:dirt_with_grass	0
165	30	-2	default:dirt_with_grass	0
166	30	-2	default:dirt_with_grass	0
167	30	-2	default:dirt_with_grass	0
168	30	-2	default:dirt_with_grass	0
169	30	-2	default:dirt_with_grass	0
170	30	-2	default:dirt_with_grass	0
171	30	-2	default:dirt_with_grass	0
172	30	-2	default:dirt_with_grass	0
173	30	-2	default:dirt_with_grass	0
174	30	-2	default:dirt_with_grass	0
175	30	-2	default:dirt_with_grass	0
176	30	-2	default:dirt_with_grass	0
177	30	-2	default:dirt_with_grass	0
178	30	-2	default:dirt_with_grass	0
179	30	-2	default:dirt_with_grass	0
180	30	-2	default:dirt_with_grass	0
181	30	-2	default:dirt_with_grass	0
182	30	-2	default:dirt_with_grass	0
183	30	-2	default:dirt_with_grass	0
184	30	-2	default:dirt_with_grass	0
185	30	-2	default:dirt_with_grass	0
186	30	-2	default:dirt_with_grass	0
187	30	-2	default:dirt_with_grass	0
188	30	-2	default:dirt_with_grass	0
189	30	-2	default:dirt_with_grass	0
190	30	-2	default:dirt_with_grass	0
191	30	-2	default:dirt_with_grass	0
192	30	-2	default:dirt_with_grass	0
193	30	-2	default:dirt_with_grass	0
194	30	-2	default:dirt_with_grass	0
195	30	-2	default:dirt_with_grass	0
196	30	-2	default:dirt_with_grass	0
197	30	-2	default:dirt_with_grass	0
198	30	-2	default:dirt_with_grass	0
199	30	-2	default:dirt_with_grass	0
200	30	-2	default:dirt_with_grass	0
201	30	-2	default:dirt_with_grass	0
202	30	-2	default:dirt_with_grass	0
216	30	-2	default:dirt	0
217	30	-2	default:dirt	0
218	30	-2	default:dirt	0
150	31	-2	default:dirt_with_grass	0
151	31	-2	default:dirt_with_grass	0
152	31	-2	default:dirt_with_grass	0
153	31	-2	default:dirt_with_grass	0
154	31	-2	default:dirt_with_grass	0
155	31	-2	default:dirt_with_grass	0
156	31	-2	default:dirt_with_grass	0
157	31	-2	default:dirt_with_grass	0
158	31	-2	default:dirt_with_grass	0
159	31	-2	default:dirt_with_grass	0
160	31	-2	default:dirt_with_grass	0
161	31	-2	default:river_water_source	0
162	31	-2	default:river_water_source	0
163	31	-2	default:river_water_source	0
164	31	-2	default:river_water_source	0
165	31	-2	default:river_water_source	0
166	31	-2	default:river_water_source	0
167	31	-2	default:river_water_source	0
168	31	-2	default:river_water_source	0
169	31	-2	default:river_water_source	0
170	31	-2	default:river_water_source	0
171	31	-2	default:river_water_source	0
172	31	-2	default:river_water_source	0
173	31	-2	default:river_water_source	0
174	31	-2	default:river_water_source	0
175	31	-2	default:river_water_source	0
176	31	-2	default:river_water_source	0
177	31	-2	default:river_water_source	0
178	31	-2	default:river_water_source	0
179	31	-2	default:river_water_source	0
180	31	-2	default:river_water_source	0
181	31	-2	default:river_water_source	0
182	31	-2	default:river_water_source	0
183	31	-2	default:river_water_source	0
184	31	-2	default:river_water_source	0
185	31	-2	default:river_water_source	0
186	31	-2	default:river_water_source	0
187	31	-2	default:river_water_source	0
188	31	-2	default:river_water_source	0
189	31	-2	default:river_water_source	0
190	31	-2	default:river_water_source	0
191	31	-2	default:river_water_source	0
192	31	-2	default:river_water_source	0
193	31	-2	default:river_water_source	0
194	31	-2	default:river_water_source	0
195	31	-2	default:river_water_source	0
196	31	-2	default:river_water_source	0
197	31	-2	default:river_water_source	0
198	31	-2	default:river_water_source	0
199	31	-2	default:river_water_source	0
200	31	-2	default:river_water_source	0
201	31	-2	default:river_water_source	0
202	31	-2	default:river_water_source	0
214	31	-2	default:dirt	0
215	31	-2	default:dirt	0
216	31	-2	default:dirt	0
217	31	-2	default:dirt	0
218	31	-2	default:dirt	0
219	31	-2	default:dirt	0
220	31	-2	default:dirt	0
150	32	-2	default:river_water_source	0
151	32	-2	default:river_water_source	0
152	32	-2	default:river_water_source	0
153	32	-2	default:river_water_source	0
154	32	-2	default:river_water_source	0
155	32	-2	default:river_water_source	0
156	32	-2	default:river_water_source	0
157	32	-2	default:river_water_source	0
158	32	-2	default:river_water_source	0
159	32	-2	default:river_water_source	0
160	32	-2	default:river_water_source	0
161	32	-2	default:river_water_source	0
162	32	-2	default:river_water_source	0
163	32	-2	default:river_water_source	0
164	32	-2	default:river_water_source	0
165	32	-2	default:river_water_source	0
166	32	-2	default:river_water_source	0
167	32	-2	default:river_water_source	0
168	32	-2	default:river_water_source	0
169	32	-2	default:river_water_source	0
170	32	-2	default:river_water_source	0
171	32	-2	default:river_water_source	0
172	32	-2	default:river_water_source	0
173	32	-2	default:river_water_source	0
174	32	-2	default:river_water_source	0
175	32	-2	default:river_water_source	0
176	32	-2	default:river_water_source	0
177	32	-2	default:river_water_source	0
178	32	-2	default:river_water_source	0
179	32	-2	default:river_water_source	0
180	32	-2	default:river_water_source	0
181	32	-2	default:river_water_source	0
182	32	-2	default:river_water_source	0
183	32	-2	default:river_water_source	0
184	32	-2	default:river_water_source	0
185	32	-2	default:river_water_source	0
186	32	-2	default:river_water_source	0
187	32	-2	default:river_water_source	0
188	32	-2	default:river_water_source	0
189	32	-2	default:river_water_source	0
190	32	-2	default:river_water_source	0
191	32	-2	default:river_water_source	0
192	32	-2	default:river_water_source	0
193	32	-2	default:river_water_source	0
194	32	-2	default:river_water_source	0
195	32	-2	default:river_water_source	0
196	32	-2	default:river_water_source	0
197	32	-2	default:river_water_source	0
198	32	-2	default:river_water_source	0
199	32	-2	default:river_water_source	0
200	32	-2	default:river_water_source	0
201	32	-2	default:river_water_source	0
202	32	-2	default:river_water_source	0
211	32	-2	default:dirt	0
212	32	-2	default:dirt	0
213	32	-2	default:dirt	0
214	32	-2	default:dirt	0
215	32	-2	default:dirt	0
216	32	-2	default:dirt	0
217	32	-2	default:dirt	0
218	32	-2	default:dirt	0
219	32	-2	default:dirt	0
220	32	-2	default:dirt	0
150	33	-2	default:river_water_source	0
151	33	-2	default:river_water_source	0
152	33	-2	default:river_water_source	0
153	33	-2	default:river_water_source	0
154	33	-2	default:river_water_source	0
155	33	-2	default:river_water_source	0
156	33	-2	default:river_water_source	0
157	33	-2	default:river_water_source	0
158	33	-2	default:river_water_source	0
159	33	-2	default:river_water_source	0
160	33	-2	default:river_water_source	0
161	33	-2	default:river_water_source	0
162	33	-2	default:river_water_source	0
163	33	-2	default:river_water_source	0
164	33	-2	default:river_water_source	0
165	33	-2	default:river_water_source	0
166	33	-2	default:river_water_source	0
167	33	-2	default:river_water_source	0
168	33	-2	default:river_water_source	0
169	33	-2	default:river_water_source	0
170	33	-2	default:river_water_source	0
171	33	-2	default:river_water_source	0
172	33	-2	default:river_water_source	0
173	33	-2	default:river_water_source	0
174	33	-2	default:river_water_source	0
175	33	-2	default:river_water_source	0
176	33	-2	default:river_water_source	0
177	33	-2	default:river_water_source	0
178	33	-2	default:river_water_source	0
179	33	-2	default:river_water_source	0
180	33	-2	default:river_water_source	0
181	33	-2	default:river_water_source	0
182	33	-2	default:river_water_source	0
183	33	-2	default:river_water_source	0
184	33	-2	default:river_water_source	0
185	33	-2	default:river_water_source	0
186	33	-2	default:river_water_source	0
187	33	-2	default:river_water_source	0
188	33	-2	default:river_water_source	0
189	33	-2	default:river_water_source	0
190	33	-2	default:river_water_source	0
191	33	-2	default:river_water_source	0
192	33	-2	default:river_water_source	0
193	33	-2	default:river_water_source	0
194	33	-2	default:river_water_source	0
195	33	-2	default:river_water_source	0
196	33	-2	default:river_water_source	0
197	33	-2	default:river_water_source	0
198	33	-2	default:river_water_source	0
199	33	-2	default:river_water_source	0
200	33	-2	default:river_water_source	0
201	33	-2	default:river_water_source	0
202	33	-2	default:river_water_source	0
209	33	-2	default:dirt	0
210	33	-2	default:dirt	0
211	33	-2	default:dirt	0
212	33	-2	default:dirt	0
213	33	-2	default:dirt	0
214	33	-2	default:dirt	0
215	33	-2	default:dirt	0
216	33	-2	default:brick	0
216	33	-2	default:dirt_with_grass	0
217	33	-2	default:brick	0
217	33	-2	default:dirt_with_grass	0
218	33	-2	default:brick	0
218	33	-2	default:dirt_with_grass	0
219	33	-2	default:dirt	0
220	33	-2	default:dirt	0
150	34	-2	default:river_water_source	0
151	34	-2	default:river_water_source	0
152	34	-2	default:river_water_source	0
153	34	-2	default:river_water_source	0
154	34	-2	default:river_water_source	0
155	34	-2	default:river_water_source	0
156	34	-2	default:river_water_source	0
157	34	-2	default:river_water_source	0
158	34	-2	default:river_water_source	0
159	34	-2	default:river_water_source	0
160	34	-2	default:river_water_source	0
161	34	-2	default:river_water_source	0
162	34	-2	default:river_water_source	0
163	34	-2	default:river_water_source	0
164	34	-2	default:river_water_source	0
165	34	-2	default:river_water_source	0
166	34	-2	default:river_water_source	0
167	34	-2	default:river_water_source	0
168	34	-2	default:river_water_source	0
169	34	-2	default:river_water_source	0
170	34	-2	default:river_water_source	0
171	34	-2	default:river_water_source	0
172	34	-2	default:river_water_source	0
173	34	-2	default:river_water_source	0
174	34	-2	default:river_water_source	0
175	34	-2	default:river_water_source	0
176	34	-2	default:river_water_source	0
177	34	-2	default:river_water_source	0
178	34	-2	default:river_water_source	0
179	34	-2	default:river_water_source	0
180	34	-2	default:river_water_source	0
181	34	-2	default:river_water_source	0
182	34	-2	default:river_water_source	0
183	34	-2	default:river_water_source	0
184	34	-2	default:river_water_source	0
185	34	-2	default:river_water_source	0
186	34	-2	default:river_water_source	0
187	34	-2	default:river_water_source	0
188	34	-2	default:river_water_source	0
189	34	-2	default:river_water_source	0
190	34	-2	default:river_water_source	0
191	34	-2	default:river_water_source	0
192	34	-2	default:river_water_source	0
193	34	-2	default:river_water_source	0
194	34	-2	default:river_water_source	0
195	34	-2	default:river_water_source	0
196	34	-2	default:river_water_source	0
197	34	-2	default:river_water_source	0
198	34	-2	default:river_water_source	0
199	34	-2	default:river_water_source	0
200	34	-2	default:river_water_source	0
201	34	-2	default:river_water_source	0
202	34	-2	default:river_water_source	0
203	34	-2	default:dirt	0
204	34	-2	default:dirt	0
205	34	-2	default:dirt	0
206	34	-2	default:dirt	0
207	34	-2	default:dirt	0
208	34	-2	default:dirt	0
209	34	-2	default:dirt	0
210	34	-2	default:dirt	0
211	34	-2	default:dirt	0
212	34	-2	default:dirt	0
213	34	-2	default:dirt	0
214	34	-2	default:brick	0
214	34	-2	default:dirt_with_grass	0
215	34	-2	default:dirt_with_grass	0
215	34	-2	grug_decor:castle_stonewall_stair	3
219	34	-2	default:dirt_with_grass	0
219	34	-2	grug_decor:castle_stonewall_stair	1
220	34	-2	default:brick	0
220	34	-2	default:dirt_with_grass	0
150	35	-2	default:brick	0
150	35	-2	default:river_water_source	0
151	35	-2	default:brick	0
151	35	-2	default:river_water_source	0
152	35	-2	default:brick	0
152	35	-2	default:river_water_source	0
153	35	-2	default:brick	0
153	35	-2	default:river_water_source	0
154	35	-2	default:brick	0
154	35	-2	default:river_water_source	0
155	35	-2	default:brick	0
155	35	-2	default:river_water_source	0
156	35	-2	default:brick	0
156	35	-2	default:river_water_source	0
157	35	-2	default:brick	0
157	35	-2	default:river_water_source	0
158	35	-2	default:brick	0
158	35	-2	default:river_water_source	0
159	35	-2	default:brick	0
159	35	-2	default:river_water_source	0
160	35	-2	default:brick	0
160	35	-2	default:river_water_source	0
161	35	-2	default:brick	0
161	35	-2	default:river_water_source	0
162	35	-2	default:brick	0
162	35	-2	default:river_water_source	0
163	35	-2	default:brick	0
163	35	-2	default:river_water_source	0
164	35	-2	default:brick	0
164	35	-2	default:river_water_source	0
165	35	-2	default:brick	0
165	35	-2	default:river_water_source	0
166	35	-2	default:brick	0
166	35	-2	default:river_water_source	0
167	35	-2	default:brick	0
167	35	-2	default:river_water_source	0
168	35	-2	default:brick	0
168	35	-2	default:river_water_source	0
169	35	-2	default:brick	0
169	35	-2	default:river_water_source	0
170	35	-2	default:brick	0
170	35	-2	default:river_water_source	0
171	35	-2	default:brick	0
171	35	-2	default:river_water_source	0
172	35	-2	default:brick	0
172	35	-2	default:river_water_source	0
173	35	-2	default:brick	0
173	35	-2	default:river_water_source	0
174	35	-2	default:brick	0
174	35	-2	default:river_water_source	0
175	35	-2	default:brick	0
175	35	-2	default:river_water_source	0
176	35	-2	default:brick	0
176	35	-2	default:river_water_source	0
177	35	-2	default:brick	0
177	35	-2	default:river_water_source	0
178	35	-2	default:brick	0
178	35	-2	default:river_water_source	0
179	35	-2	default:brick	0
179	35	-2	default:river_water_source	0
180	35	-2	default:brick	0
180	35	-2	default:river_water_source	0
181	35	-2	default:brick	0
181	35	-2	default:river_water_source	0
182	35	-2	default:brick	0
182	35	-2	default:river_water_source	0
183	35	-2	default:brick	0
183	35	-2	default:river_water_source	0
184	35	-2	default:brick	0
184	35	-2	default:river_water_source	0
185	35	-2	default:brick	0
185	35	-2	default:river_water_source	0
186	35	-2	default:brick	0
186	35	-2	default:river_water_source	0
187	35	-2	default:brick	0
187	35	-2	default:river_water_source	0
188	35	-2	default:brick	0
188	35	-2	default:river_water_source	0
189	35	-2	default:brick	0
189	35	-2	default:river_water_source	0
190	35	-2	default:brick	0
190	35	-2	default:river_water_source	0
191	35	-2	default:brick	0
191	35	-2	default:river_water_source	0
192	35	-2	default:brick	0
192	35	-2	default:river_water_source	0
193	35	-2	default:brick	0
193	35	-2	default:river_water_source	0
194	35	-2	default:brick	0
194	35	-2	default:river_water_source	0
195	35	-2	default:brick	0
195	35	-2	default:river_water_source	0
196	35	-2	default:brick	0
196	35	-2	default:river_water_source	0
197	35	-2	default:brick	0
197	35	-2	default:river_water_source	0
198	35	-2	default:brick	0
198	35	-2	default:river_water_source	0
199	35	-2	default:brick	0
199	35	-2	default:river_water_source	0
200	35	-2	default:brick	0
200	35	-2	default:river_water_source	0
201	35	-2	default:brick	0
201	35	-2	default:river_water_source	0
202	35	-2	default:brick	0
202	35	-2	default:river_water_source	0
203	35	-2	default:dirt	0
204	35	-2	default:dirt	0
205	35	-2	default:dirt	0
206	35	-2	default:dirt	0
207	35	-2	default:dirt	0
208	35	-2	default:dirt	0
209	35	-2	default:dirt	0
210	35	-2	default:dirt	0
211	35	-2	default:brick	0
211	35	-2	default:dirt_with_grass	0
212	35	-2	default:brick	0
212	35	-2	default:dirt_with_grass	0
213	35	-2	default:dirt_with_grass	0
213	35	-2	grug_decor:castle_stonewall_stair	3
202	36	-2	grug_decor:castle_stonewall_stair	1
203	36	-2	default:dirt	0
204	36	-2	default:dirt	0
205	36	-2	default:dirt	0
206	36	-2	default:dirt	0
207	36	-2	default:dirt	0
208	36	-2	default:dirt	0
209	36	-2	default:brick	0
209	36	-2	default:dirt_with_grass	0
210	36	-2	default:dirt_with_grass	0
210	36	-2	grug_decor:castle_stonewall_stair	3
203	37	-2	default:dirt_with_grass	0
203	37	-2	grug_decor:castle_stonewall_stair	1
204	37	-2	default:brick	0
204	37	-2	default:dirt_with_grass	0
205	37	-2	default:brick	0
205	37	-2	default:dirt_with_grass	0
206	37	-2	default:brick	0
206	37	-2	default:dirt_with_grass	0
207	37	-2	default:brick	0
207	37	-2	default:dirt_with_grass	0
208	37	-2	default:dirt_with_grass	0
208	37	-2	grug_decor:castle_stonewall_stair	3
162	27	-1	default:dirt	0
163	27	-1	default:dirt	0
164	27	-1	default:dirt	0
165	27	-1	default:dirt	0
166	27	-1	default:dirt	0
167	27	-1	default:dirt	0
168	27	-1	default:dirt	0
169	27	-1	default:dirt	0
170	27	-1	default:dirt	0
171	27	-1	default:dirt	0
172	27	-1	default:dirt	0
173	27	-1	default:dirt	0
174	27	-1	default:dirt	0
175	27	-1	default:dirt	0
176	27	-1	default:dirt	0
177	27	-1	default:dirt	0
178	27	-1	default:dirt	0
179	27	-1	default:dirt	0
180	27	-1	default:dirt	0
181	27	-1	default:dirt	0
182	27	-1	default:dirt	0
183	27	-1	default:dirt	0
184	27	-1	default:dirt	0
185	27	-1	default:dirt	0
186	27	-1	default:dirt	0
187	27	-1	default:dirt	0
188	27	-1	default:dirt	0
189	27	-1	default:dirt	0
190	27	-1	default:dirt	0
191	27	-1	default:dirt	0
192	27	-1	default:dirt	0
193	27	-1	default:dirt	0
194	27	-1	default:dirt	0
195	27	-1	default:dirt	0
196	27	-1	default:dirt	0
197	27	-1	default:dirt	0
198	27	-1	default:dirt	0
199	27	-1	default:dirt	0
200	27	-1	default:dirt	0
201	27	-1	default:dirt	0
150	28	-1	default:dirt	0
151	28	-1	default:dirt	0
152	28	-1	default:dirt	0
153	28	-1	default:dirt	0
154	28	-1	default:dirt	0
155	28	-1	default:dirt	0
156	28	-1	default:dirt	0
157	28	-1	default:dirt	0
158	28	-1	default:dirt	0
159	28	-1	default:dirt	0
160	28	-1	default:dirt	0
161	28	-1	default:dirt	0
162	28	-1	default:dirt	0
163	28	-1	default:dirt	0
164	28	-1	default:dirt	0
165	28	-1	default:dirt	0
166	28	-1	default:dirt	0
167	28	-1	default:dirt	0
168	28	-1	default:dirt	0
169	28	-1	default:dirt	0
170	28	-1	default:dirt	0
171	28	-1	default:dirt	0
172	28	-1	default:dirt	0
173	28	-1	default:dirt	0
174	28	-1	default:dirt	0
175	28	-1	default:dirt	0
176	28	-1	default:dirt	0
177	28	-1	default:dirt	0
178	28	-1	default:dirt	0
179	28	-1	default:dirt	0
180	28	-1	default:dirt	0
181	28	-1	default:dirt	0
182	28	-1	default:dirt	0
183	28	-1	default:dirt	0
184	28	-1	default:dirt	0
185	28	-1	default:dirt	0
186	28	-1	default:dirt	0
187	28	-1	default:dirt	0
188	28	-1	default:dirt	0
189	28	-1	default:dirt	0
190	28	-1	default:dirt	0
191	28	-1	default:dirt	0
192	28	-1	default:dirt	0
193	28	-1	default:dirt	0
194	28	-1	default:dirt	0
195	28	-1	default:dirt	0
196	28	-1	default:dirt	0
197	28	-1	default:dirt	0
198	28	-1	default:dirt	0
199	28	-1	default:dirt	0
200	28	-1	default:dirt	0
201	28	-1	default:dirt	0
150	29	-1	default:dirt	0
151	29	-1	default:dirt	0
152	29	-1	default:dirt	0
153	29	-1	default:dirt	0
154	29	-1	default:dirt	0
155	29	-1	default:dirt	0
156	29	-1	default:dirt	0
157	29	-1	default:dirt	0
158	29	-1	default:dirt	0
159	29	-1	default:dirt	0
160	29	-1	default:dirt	0
161	29	-1	default:dirt	0
162	29	-1	default:dirt	0
163	29	-1	default:dirt	0
164	29	-1	default:dirt	0
165	29	-1	default:dirt	0
166	29	-1	default:dirt	0
167	29	-1	default:dirt	0
168	29	-1	default:dirt	0
169	29	-1	default:dirt	0
170	29	-1	default:dirt	0
171	29	-1	default:dirt	0
172	29	-1	default:dirt	0
173	29	-1	default:dirt	0
174	29	-1	default:dirt	0
175	29	-1	default:dirt	0
176	29	-1	default:dirt	0
177	29	-1	default:dirt	0
178	29	-1	default:dirt	0
179	29	-1	default:dirt	0
180	29	-1	default:dirt	0
181	29	-1	default:dirt	0
182	29	-1	default:dirt	0
183	29	-1	default:dirt	0
184	29	-1	default:dirt	0
185	29	-1	default:dirt	0
186	29	-1	default:dirt	0
187	29	-1	default:dirt	0
188	29	-1	default:dirt	0
189	29	-1	default:dirt	0
190	29	-1	default:dirt	0
191	29	-1	default:dirt	0
192	29	-1	default:dirt	0
193	29	-1	default:dirt	0
194	29	-1	default:dirt	0
195	29	-1	default:dirt	0
196	29	-1	default:dirt	0
197	29	-1	default:dirt	0
198	29	-1	default:dirt	0
199	29	-1	default:dirt	0
200	29	-1	default:dirt	0
201	29	-1	default:dirt	0
150	30	-1	default:dirt	0
151	30	-1	default:dirt	0
152	30	-1	default:dirt	0
153	30	-1	default:dirt	0
154	30	-1	default:dirt	0
155	30	-1	default:dirt	0
156	30	-1	default:dirt	0
157	30	-1	default:dirt	0
158	30	-1	default:dirt	0
159	30	-1	default:dirt	0
160	30	-1	default:dirt	0
161	30	-1	default:dirt	0
162	30	-1	default:dirt_with_grass	0
163	30	-1	default:dirt_with_grass	0
164	30	-1	default:dirt_with_grass	0
165	30	-1	default:dirt_with_grass	0
166	30	-1	default:dirt_with_grass	0
167	30	-1	default:dirt_with_grass	0
168	30	-1	default:dirt_with_grass	0
169	30	-1	default:dirt_with_grass	0
170	30	-1	default:dirt_with_grass	0
171	30	-1	default:dirt_with_grass	0
172	30	-1	default:dirt_with_grass	0
173	30	-1	default:dirt_with_grass	0
174	30	-1	default:dirt_with_grass	0
175	30	-1	default:dirt_with_grass	0
176	30	-1	default:dirt_with_grass	0
177	30	-1	default:dirt_with_grass	0
178	30	-1	default:dirt_with_grass	0
179	30	-1	default:dirt_with_grass	0
180	30	-1	default:dirt_with_grass	0
181	30	-1	default:dirt_with_grass	0
182	30	-1	default:dirt_with_grass	0
183	30	-1	default:dirt_with_grass	0
184	30	-1	default:dirt_with_grass	0
185	30	-1	default:dirt_with_grass	0
186	30	-1	default:dirt_with_grass	0
187	30	-1	default:dirt_with_grass	0
188	30	-1	default:dirt_with_grass	0
189	30	-1	default:dirt_with_grass	0
190	30	-1	default:dirt_with_grass	0
191	30	-1	default:dirt_with_grass	0
192	30	-1	default:dirt_with_grass	0
193	30	-1	default:dirt_with_grass	0
194	30	-1	default:dirt_with_grass	0
195	30	-1	default:dirt_with_grass	0
196	30	-1	default:dirt_with_grass	0
197	30	-1	default:dirt_with_grass	0
198	30	-1	default:dirt_with_grass	0
199	30	-1	default:dirt_with_grass	0
200	30	-1	default:dirt_with_grass	0
201	30	-1	default:dirt_with_grass	0
215	30	-1	default:dirt	0
216	30	-1	default:dirt	0
217	30	-1	default:dirt	0
218	30	-1	default:dirt	0
219	30	-1	default:dirt	0
150	31	-1	default:dirt_with_grass	0
151	31	-1	default:dirt_with_grass	0
152	31	-1	default:dirt_with_grass	0
153	31	-1	default:dirt_with_grass	0
154	31	-1	default:dirt_with_grass	0
155	31	-1	default:dirt_with_grass	0
156	31	-1	default:dirt_with_grass	0
157	31	-1	default:dirt_with_grass	0
158	31	-1	default:dirt_with_grass	0
159	31	-1	default:dirt_with_grass	0
160	31	-1	default:dirt_with_grass	0
161	31	-1	default:dirt_with_grass	0
162	31	-1	default:river_water_source	0
163	31	-1	default:river_water_source	0
164	31	-1	default:river_water_source	0
165	31	-1	default:river_water_source	0
166	31	-1	default:river_water_source	0
167	31	-1	default:river_water_source	0
168	31	-1	default:river_water_source	0
169	31	-1	default:river_water_source	0
170	31	-1	default:river_water_source	0
171	31	-1	default:river_water_source	0
172	31	-1	default:river_water_source	0
173	31	-1	default:river_water_source	0
174	31	-1	default:river_water_source	0
175	31	-1	default:river_water_source	0
176	31	-1	default:river_water_source	0
177	31	-1	default:river_water_source	0
178	31	-1	default:river_water_source	0
179	31	-1	default:river_water_source	0
180	31	-1	default:river_water_source	0
181	31	-1	default:river_water_source	0
182	31	-1	default:river_water_source	0
183	31	-1	default:river_water_source	0
184	31	-1	default:river_water_source	0
185	31	-1	default:river_water_source	0
186	31	-1	default:river_water_source	0
187	31	-1	default:river_water_source	0
188	31	-1	default:river_water_source	0
189	31	-1	default:river_water_source	0
190	31	-1	default:river_water_source	0
191	31	-1	default:river_water_source	0
192	31	-1	default:river_water_source	0
193	31	-1	default:river_water_source	0
194	31	-1	default:river_water_source	0
195	31	-1	default:river_water_source	0
196	31	-1	default:river_water_source	0
197	31	-1	default:river_water_source	0
198	31	-1	default:river_water_source	0
199	31	-1	default:river_water_source	0
200	31	-1	default:river_water_source	0
201	31	-1	default:river_water_source	0
214	31	-1	default:dirt	0
215	31	-1	default:dirt	0
216	31	-1	default:dirt	0
217	31	-1	default:dirt	0
218	31	-1	default:dirt	0
219	31	-1	default:dirt	0
220	31	-1	default:dirt	0
150	32	-1	default:river_water_source	0
151	32	-1	default:river_water_source	0
152	32	-1	default:river_water_source	0
153	32	-1	default:river_water_source	0
154	32	-1	default:river_water_source	0
155	32	-1	default:river_water_source	0
156	32	-1	default:river_water_source	0
157	32	-1	default:river_water_source	0
158	32	-1	default:river_water_source	0
159	32	-1	default:river_water_source	0
160	32	-1	default:river_water_source	0
161	32	-1	default:river_water_source	0
162	32	-1	default:river_water_source	0
163	32	-1	default:river_water_source	0
164	32	-1	default:river_water_source	0
165	32	-1	default:river_water_source	0
166	32	-1	default:river_water_source	0
167	32	-1	default:river_water_source	0
168	32	-1	default:river_water_source	0
169	32	-1	default:river_water_source	0
170	32	-1	default:river_water_source	0
171	32	-1	default:river_water_source	0
172	32	-1	default:river_water_source	0
173	32	-1	default:river_water_source	0
174	32	-1	default:river_water_source	0
175	32	-1	default:river_water_source	0
176	32	-1	default:river_water_source	0
177	32	-1	default:river_water_source	0
178	32	-1	default:river_water_source	0
179	32	-1	default:river_water_source	0
180	32	-1	default:river_water_source	0
181	32	-1	default:river_water_source	0
182	32	-1	default:river_water_source	0
183	32	-1	default:river_water_source	0
184	32	-1	default:river_water_source	0
185	32	-1	default:river_water_source	0
186	32	-1	default:river_water_source	0
187	32	-1	default:river_water_source	0
188	32	-1	default:river_water_source	0
189	32	-1	default:river_water_source	0
190	32	-1	default:river_water_source	0
191	32	-1	default:river_water_source	0
192	32	-1	default:river_water_source	0
193	32	-1	default:river_water_source	0
194	32	-1	default:river_water_source	0
195	32	-1	default:river_water_source	0
196	32	-1	default:river_water_source	0
197	32	-1	default:river_water_source	0
198	32	-1	default:river_water_source	0
199	32	-1	default:river_water_source	0
200	32	-1	default:river_water_source	0
201	32	-1	default:river_water_source	0
210	32	-1	default:dirt	0
211	32	-1	default:dirt	0
212	32	-1	default:dirt	0
213	32	-1	default:dirt	0
214	32	-1	default:dirt	0
215	32	-1	default:dirt	0
216	32	-1	default:dirt	0
217	32	-1	default:dirt	0
218	32	-1	default:dirt	0
219	32	-1	default:dirt	0
220	32	-1	default:dirt	0
150	33	-1	default:river_water_source	0
151	33	-1	default:river_water_source	0
152	33	-1	default:river_water_source	0
153	33	-1	default:river_water_source	0
154	33	-1	default:river_water_source	0
155	33	-1	default:river_water_source	0
156	33	-1	default:river_water_source	0
157	33	-1	default:river_water_source	0
158	33	-1	default:river_water_source	0
159	33	-1	default:river_water_source	0
160	33	-1	default:river_water_source	0
161	33	-1	default:river_water_source	0
162	33	-1	default:river_water_source	0
163	33	-1	default:river_water_source	0
164	33	-1	default:river_water_source	0
165	33	-1	default:river_water_source	0
166	33	-1	default:river_water_source	0
167	33	-1	default:river_water_source	0
168	33	-1	default:river_water_source	0
169	33	-1	default:river_water_source	0
170	33	-1	default:river_water_source	0
171	33	-1	default:river_water_source	0
172	33	-1	default:river_water_source	0
173	33	-1	default:river_water_source	0
174	33	-1	default:river_water_source	0
175	33	-1	default:river_water_source	0
176	33	-1	default:river_water_source	0
177	33	-1	default:river_water_source	0
178	33	-1	default:river_water_source	0
179	33	-1	default:river_water_source	0
180	33	-1	default:river_water_source	0
181	33	-1	default:river_water_source	0
182	33	-1	default:river_water_source	0
183	33	-1	default:river_water_source	0
184	33	-1	default:river_water_source	0
185	33	-1	default:river_water_source	0
186	33	-1	default:river_water_source	0
187	33	-1	default:river_water_source	0
188	33	-1	default:river_water_source	0
189	33	-1	default:river_water_source	0
190	33	-1	default:river_water_source	0
191	33	-1	default:river_water_source	0
192	33	-1	default:river_water_source	0
193	33	-1	default:river_water_source	0
194	33	-1	default:river_water_source	0
195	33	-1	default:river_water_source	0
196	33	-1	default:river_water_source	0
197	33	-1	default:river_water_source	0
198	33	-1	default:river_water_source	0
199	33	-1	default:river_water_source	0
200	33	-1	default:river_water_source	0
201	33	-1	default:river_water_source	0
209	33	-1	default:dirt	0
210	33	-1	default:dirt	0
211	33	-1	default:dirt	0
212	33	-1	default:dirt	0
213	33	-1	default:dirt	0
214	33	-1	default:dirt	0
215	33	-1	default:dirt_with_grass	0
215	33	-1	grug_decor:castle_pavement_brick	0
216	33	-1	default:dirt_with_grass	0
216	33	-1	grug_decor:castle_pavement_brick	0
217	33	-1	default:dirt_with_grass	0
217	33	-1	grug_decor:castle_pavement_brick	0
218	33	-1	default:dirt_with_grass	0
218	33	-1	grug_decor:castle_pavement_brick	0
219	33	-1	default:dirt_with_grass	0
219	33	-1	grug_decor:castle_pavement_brick	0
220	33	-1	default:dirt	0
150	34	-1	default:river_water_source	0
151	34	-1	default:river_water_source	0
152	34	-1	default:river_water_source	0
153	34	-1	default:river_water_source	0
154	34	-1	default:river_water_source	0
155	34	-1	default:river_water_source	0
156	34	-1	default:river_water_source	0
157	34	-1	default:river_water_source	0
158	34	-1	default:river_water_source	0
159	34	-1	default:river_water_source	0
160	34	-1	default:river_water_source	0
161	34	-1	default:river_water_source	0
162	34	-1	default:river_water_source	0
163	34	-1	default:river_water_source	0
164	34	-1	default:river_water_source	0
165	34	-1	default:river_water_source	0
166	34	-1	default:river_water_source	0
167	34	-1	default:river_water_source	0
168	34	-1	default:river_water_source	0
169	34	-1	default:river_water_source	0
170	34	-1	default:river_water_source	0
171	34	-1	default:river_water_source	0
172	34	-1	default:river_water_source	0
173	34	-1	default:river_water_source	0
174	34	-1	default:river_water_source	0
175	34	-1	default:river_water_source	0
176	34	-1	default:river_water_source	0
177	34	-1	default:river_water_source	0
178	34	-1	default:river_water_source	0
179	34	-1	default:river_water_source	0
180	34	-1	default:river_water_source	0
181	34	-1	default:river_water_source	0
182	34	-1	default:river_water_source	0
183	34	-1	default:river_water_source	0
184	34	-1	default:river_water_source	0
185	34	-1	default:river_water_source	0
186	34	-1	default:river_water_source	0
187	34	-1	default:river_water_source	0
188	34	-1	default:river_water_source	0
189	34	-1	default:river_water_source	0
190	34	-1	default:river_water_source	0
191	34	-1	default:river_water_source	0
192	34	-1	default:river_water_source	0
193	34	-1	default:river_water_source	0
194	34	-1	default:river_water_source	0
195	34	-1	default:river_water_source	0
196	34	-1	default:river_water_source	0
197	34	-1	default:river_water_source	0
198	34	-1	default:river_water_source	0
199	34	-1	default:river_water_source	0
200	34	-1	default:river_water_source	0
201	34	-1	default:river_water_source	0
202	34	-1	default:dirt	0
203	34	-1	default:dirt	0
204	34	-1	default:dirt	0
205	34	-1	default:dirt	0
206	34	-1	default:dirt	0
207	34	-1	default:dirt	0
208	34	-1	default:dirt	0
209	34	-1	default:dirt	0
210	34	-1	default:dirt	0
211	34	-1	default:dirt	0
212	34	-1	default:dirt	0
213	34	-1	default:dirt	0
214	34	-1	default:dirt_with_grass	0
214	34	-1	grug_decor:castle_stonewall_stair	3
220	34	-1	default:dirt_with_grass	0
220	34	-1	grug_decor:castle_stonewall_stair	1
150	35	-1	default:river_water_source	0
150	35	-1	grug_decor:castle_pavement_brick	0
151	35	-1	default:river_water_source	0
151	35	-1	grug_decor:castle_pavement_brick	0
152	35	-1	default:river_water_source	0
152	35	-1	grug_decor:castle_pavement_brick	0
153	35	-1	default:river_water_source	0
153	35	-1	grug_decor:castle_pavement_brick	0
154	35	-1	default:river_water_source	0
154	35	-1	grug_decor:castle_pavement_brick	0
155	35	-1	default:river_water_source	0
155	35	-1	grug_decor:castle_pavement_brick	0
156	35	-1	default:river_water_source	0
156	35	-1	grug_decor:castle_pavement_brick	0
157	35	-1	default:river_water_source	0
157	35	-1	grug_decor:castle_pavement_brick	0
158	35	-1	default:river_water_source	0
158	35	-1	grug_decor:castle_pavement_brick	0
159	35	-1	default:river_water_source	0
159	35	-1	grug_decor:castle_pavement_brick	0
160	35	-1	default:river_water_source	0
160	35	-1	grug_decor:castle_pavement_brick	0
161	35	-1	default:river_water_source	0
161	35	-1	grug_decor:castle_pavement_brick	0
162	35	-1	default:river_water_source	0
162	35	-1	grug_decor:castle_pavement_brick	0
163	35	-1	default:river_water_source	0
163	35	-1	grug_decor:castle_pavement_brick	0
164	35	-1	default:river_water_source	0
164	35	-1	grug_decor:castle_pavement_brick	0
165	35	-1	default:river_water_source	0
165	35	-1	grug_decor:castle_pavement_brick	0
166	35	-1	default:river_water_source	0
166	35	-1	grug_decor:castle_pavement_brick	0
167	35	-1	default:river_water_source	0
167	35	-1	grug_decor:castle_pavement_brick	0
168	35	-1	default:river_water_source	0
168	35	-1	grug_decor:castle_pavement_brick	0
169	35	-1	default:river_water_source	0
169	35	-1	grug_decor:castle_pavement_brick	0
170	35	-1	default:river_water_source	0
170	35	-1	grug_decor:castle_pavement_brick	0
171	35	-1	default:river_water_source	0
171	35	-1	grug_decor:castle_pavement_brick	0
172	35	-1	default:river_water_source	0
172	35	-1	grug_decor:castle_pavement_brick	0
173	35	-1	default:river_water_source	0
173	35	-1	grug_decor:castle_pavement_brick	0
174	35	-1	default:river_water_source	0
174	35	-1	grug_decor:castle_pavement_brick	0
175	35	-1	default:river_water_source	0
175	35	-1	grug_decor:castle_pavement_brick	0
176	35	-1	default:river_water_source	0
176	35	-1	grug_decor:castle_pavement_brick	0
177	35	-1	default:river_water_source	0
177	35	-1	grug_decor:castle_pavement_brick	0
178	35	-1	default:river_water_source	0
178	35	-1	grug_decor:castle_pavement_brick	0
179	35	-1	default:river_water_source	0
179	35	-1	grug_decor:castle_pavement_brick	0
180	35	-1	default:river_water_source	0
180	35	-1	grug_decor:castle_pavement_brick	0
181	35	-1	default:river_water_source	0
181	35	-1	grug_decor:castle_pavement_brick	0
182	35	-1	default:river_water_source	0
182	35	-1	grug_decor:castle_pavement_brick	0
183	35	-1	default:river_water_source	0
183	35	-1	grug_decor:castle_pavement_brick	0
184	35	-1	default:river_water_source	0
184	35	-1	grug_decor:castle_pavement_brick	0
185	35	-1	default:river_water_source	0
185	35	-1	grug_decor:castle_pavement_brick	0
186	35	-1	default:river_water_source	0
186	35	-1	grug_decor:castle_pavement_brick	0
187	35	-1	default:river_water_source	0
187	35	-1	grug_decor:castle_pavement_brick	0
188	35	-1	default:river_water_source	0
188	35	-1	grug_decor:castle_pavement_brick	0
189	35	-1	default:river_water_source	0
189	35	-1	grug_decor:castle_pavement_brick	0
190	35	-1	default:river_water_source	0
190	35	-1	grug_decor:castle_pavement_brick	0
191	35	-1	default:river_water_source	0
191	35	-1	grug_decor:castle_pavement_brick	0
192	35	-1	default:river_water_source	0
192	35	-1	grug_decor:castle_pavement_brick	0
193	35	-1	default:river_water_source	0
193	35	-1	grug_decor:castle_pavement_brick	0
194	35	-1	default:river_water_source	0
194	35	-1	grug_decor:castle_pavement_brick	0
195	35	-1	default:river_water_source	0
195	35	-1	grug_decor:castle_pavement_brick	0
196	35	-1	default:river_water_source	0
196	35	-1	grug_decor:castle_pavement_brick	0
197	35	-1	default:river_water_source	0
197	35	-1	grug_decor:castle_pavement_brick	0
198	35	-1	default:river_water_source	0
198	35	-1	grug_decor:castle_pavement_brick	0
199	35	-1	default:river_water_source	0
199	35	-1	grug_decor:castle_pavement_brick	0
200	35	-1	default:river_water_source	0
200	35	-1	grug_decor:castle_pavement_brick	0
201	35	-1	default:river_water_source	0
201	35	-1	grug_decor:castle_pavement_brick	0
202	35	-1	default:dirt	0
203	35	-1	default:dirt	0
204	35	-1	default:dirt	0
205	35	-1	default:dirt	0
206	35	-1	default:dirt	0
207	35	-1	default:dirt	0
208	35	-1	default:dirt	0
209	35	-1	default:dirt	0
210	35	-1	default:dirt_with_grass	0
210	35	-1	grug_decor:castle_pavement_brick	0
211	35	-1	default:dirt_with_grass	0
211	35	-1	grug_decor:castle_pavement_brick	0
212	35	-1	default:dirt_with_grass	0
212	35	-1	grug_decor:castle_pavement_brick	0
213	35	-1	default:dirt_with_grass	0
213	35	-1	grug_decor:castle_stonewall_stair	3
201	36	-1	grug_decor:castle_stonewall_stair	1
202	36	-1	default:dirt	0
203	36	-1	default:dirt	0
204	36	-1	default:dirt	0
205	36	-1	default:dirt	0
206	36	-1	default:dirt	0
207	36	-1	default:dirt	0
208	36	-1	default:dirt	0
209	36	-1	default:dirt_with_grass	0
209	36	-1	grug_decor:castle_stonewall_stair	3
202	37	-1	default:dirt_with_grass	0
202	37	-1	grug_decor:castle_stonewall_stair	1
203	37	-1	default:dirt_with_grass	0
203	37	-1	grug_decor:castle_pavement_brick	0
204	37	-1	default:dirt_with_grass	0
204	37	-1	grug_decor:castle_pavement_brick	0
205	37	-1	default:dirt_with_grass	0
205	37	-1	grug_decor:castle_pavement_brick	0
206	37	-1	default:dirt_with_grass	0
206	37	-1	grug_decor:castle_pavement_brick	0
207	37	-1	default:dirt_with_grass	0
207	37	-1	grug_decor:castle_pavement_brick	0
208	37	-1	default:dirt_with_grass	0
208	37	-1	grug_decor:castle_stonewall_stair	3
164	27	0	default:dirt	0
165	27	0	default:dirt	0
166	27	0	default:dirt	0
167	27	0	default:dirt	0
168	27	0	default:dirt	0
169	27	0	default:dirt	0
170	27	0	default:dirt	0
171	27	0	default:dirt	0
172	27	0	default:dirt	0
173	27	0	default:dirt	0
174	27	0	default:dirt	0
175	27	0	default:dirt	0
176	27	0	default:dirt	0
177	27	0	default:dirt	0
178	27	0	default:dirt	0
179	27	0	default:dirt	0
180	27	0	default:dirt	0
181	27	0	default:dirt	0
182	27	0	default:dirt	0
183	27	0	default:dirt	0
184	27	0	default:dirt	0
185	27	0	default:dirt	0
186	27	0	default:dirt	0
187	27	0	default:dirt	0
188	27	0	default:dirt	0
189	27	0	default:dirt	0
190	27	0	default:dirt	0
191	27	0	default:dirt	0
192	27	0	default:dirt	0
193	27	0	default:dirt	0
194	27	0	default:dirt	0
195	27	0	default:dirt	0
196	27	0	default:dirt	0
197	27	0	default:dirt	0
198	27	0	default:dirt	0
199	27	0	default:dirt	0
200	27	0	default:dirt	0
201	27	0	default:dirt	0
150	28	0	default:dirt	0
151	28	0	default:dirt	0
152	28	0	default:dirt	0
153	28	0	default:dirt	0
154	28	0	default:dirt	0
155	28	0	default:dirt	0
156	28	0	default:dirt	0
157	28	0	default:dirt	0
158	28	0	default:dirt	0
159	28	0	default:dirt	0
160	28	0	default:dirt	0
161	28	0	default:dirt	0
162	28	0	default:dirt	0
163	28	0	default:dirt	0
164	28	0	default:dirt	0
165	28	0	default:dirt	0
166	28	0	default:dirt	0
167	28	0	default:dirt	0
168	28	0	default:dirt	0
169	28	0	default:dirt	0
170	28	0	default:dirt	0
171	28	0	default:dirt	0
172	28	0	default:dirt	0
173	28	0	default:dirt	0
174	28	0	default:dirt	0
175	28	0	default:dirt	0
176	28	0	default:dirt	0
177	28	0	default:dirt	0
178	28	0	default:dirt	0
179	28	0	default:dirt	0
180	28	0	default:dirt	0
181	28	0	default:dirt	0
182	28	0	default:dirt	0
183	28	0	default:dirt	0
184	28	0	default:dirt	0
185	28	0	default:dirt	0
186	28	0	default:dirt	0
187	28	0	default:dirt	0
188	28	0	default:dirt	0
189	28	0	default:dirt	0
190	28	0	default:dirt	0
191	28	0	default:dirt	0
192	28	0	default:dirt	0
193	28	0	default:dirt	0
194	28	0	default:dirt	0
195	28	0	default:dirt	0
196	28	0	default:dirt	0
197	28	0	default:dirt	0
198	28	0	default:dirt	0
199	28	0	default:dirt	0
200	28	0	default:dirt	0
201	28	0	default:dirt	0
150	29	0	default:dirt	0
151	29	0	default:dirt	0
152	29	0	default:dirt	0
153	29	0	default:dirt	0
154	29	0	default:dirt	0
155	29	0	default:dirt	0
156	29	0	default:dirt	0
157	29	0	default:dirt	0
158	29	0	default:dirt	0
159	29	0	default:dirt	0
160	29	0	default:dirt	0
161	29	0	default:dirt	0
162	29	0	default:dirt	0
163	29	0	default:dirt	0
164	29	0	default:dirt	0
165	29	0	default:dirt	0
166	29	0	default:dirt	0
167	29	0	default:dirt	0
168	29	0	default:dirt	0
169	29	0	default:dirt	0
170	29	0	default:dirt	0
171	29	0	default:dirt	0
172	29	0	default:dirt	0
173	29	0	default:dirt	0
174	29	0	default:dirt	0
175	29	0	default:dirt	0
176	29	0	default:dirt	0
177	29	0	default:dirt	0
178	29	0	default:dirt	0
179	29	0	default:dirt	0
180	29	0	default:dirt	0
181	29	0	default:dirt	0
182	29	0	default:dirt	0
183	29	0	default:dirt	0
184	29	0	default:dirt	0
185	29	0	default:dirt	0
186	29	0	default:dirt	0
187	29	0	default:dirt	0
188	29	0	default:dirt	0
189	29	0	default:dirt	0
190	29	0	default:dirt	0
191	29	0	default:dirt	0
192	29	0	default:dirt	0
193	29	0	default:dirt	0
194	29	0	default:dirt	0
195	29	0	default:dirt	0
196	29	0	default:dirt	0
197	29	0	default:dirt	0
198	29	0	default:dirt	0
199	29	0	default:dirt	0
200	29	0	default:dirt	0
201	29	0	default:dirt	0
150	30	0	default:dirt	0
151	30	0	default:dirt	0
152	30	0	default:dirt	0
153	30	0	default:dirt	0
154	30	0	default:dirt	0
155	30	0	default:dirt	0
156	30	0	default:dirt	0
157	30	0	default:dirt	0
158	30	0	default:dirt	0
159	30	0	default:dirt	0
160	30	0	default:dirt	0
161	30	0	default:dirt	0
162	30	0	default:dirt	0
163	30	0	default:dirt	0
164	30	0	default:dirt_with_grass	0
165	30	0	default:dirt_with_grass	0
166	30	0	default:dirt_with_grass	0
167	30	0	default:dirt_with_grass	0
168	30	0	default:dirt_with_grass	0
169	30	0	default:dirt_with_grass	0
170	30	0	default:dirt_with_grass	0
171	30	0	default:dirt_with_grass	0
172	30	0	default:dirt_with_grass	0
173	30	0	default:dirt_with_grass	0
174	30	0	default:dirt_with_grass	0
175	30	0	default:dirt_with_grass	0
176	30	0	default:dirt_with_grass	0
177	30	0	default:dirt_with_grass	0
178	30	0	default:dirt_with_grass	0
179	30	0	default:dirt_with_grass	0
180	30	0	default:dirt_with_grass	0
181	30	0	default:dirt_with_grass	0
182	30	0	default:dirt_with_grass	0
183	30	0	default:dirt_with_grass	0
184	30	0	default:dirt_with_grass	0
185	30	0	default:dirt_with_grass	0
186	30	0	default:dirt_with_grass	0
187	30	0	default:dirt_with_grass	0
188	30	0	default:dirt_with_grass	0
189	30	0	default:dirt_with_grass	0
190	30	0	default:dirt_with_grass	0
191	30	0	default:dirt_with_grass	0
192	30	0	default:dirt_with_grass	0
193	30	0	default:dirt_with_grass	0
194	30	0	default:dirt_with_grass	0
195	30	0	default:dirt_with_grass	0
196	30	0	default:dirt_with_grass	0
197	30	0	default:dirt_with_grass	0
198	30	0	default:dirt_with_grass	0
199	30	0	default:dirt_with_grass	0
200	30	0	default:dirt_with_grass	0
201	30	0	default:dirt_with_grass	0
215	30	0	default:dirt	0
216	30	0	default:dirt	0
217	30	0	default:dirt	0
218	30	0	default:dirt	0
219	30	0	default:dirt	0
220	30	0	default:dirt	0
150	31	0	default:dirt_with_grass	0
151	31	0	default:dirt_with_grass	0
152	31	0	default:dirt_with_grass	0
153	31	0	default:dirt_with_grass	0
154	31	0	default:dirt_with_grass	0
155	31	0	default:dirt_with_grass	0
156	31	0	default:dirt_with_grass	0
157	31	0	default:dirt_with_grass	0
158	31	0	default:dirt_with_grass	0
159	31	0	default:dirt_with_grass	0
160	31	0	default:dirt_with_grass	0
161	31	0	default:dirt_with_grass	0
162	31	0	default:dirt_with_grass	0
163	31	0	default:dirt_with_grass	0
164	31	0	default:river_water_source	0
165	31	0	default:river_water_source	0
166	31	0	default:river_water_source	0
167	31	0	default:river_water_source	0
168	31	0	default:river_water_source	0
169	31	0	default:river_water_source	0
170	31	0	default:river_water_source	0
171	31	0	default:river_water_source	0
172	31	0	default:river_water_source	0
173	31	0	default:river_water_source	0
174	31	0	default:river_water_source	0
175	31	0	default:river_water_source	0
176	31	0	default:river_water_source	0
177	31	0	default:river_water_source	0
178	31	0	default:river_water_source	0
179	31	0	default:river_water_source	0
180	31	0	default:river_water_source	0
181	31	0	default:river_water_source	0
182	31	0	default:river_water_source	0
183	31	0	default:river_water_source	0
184	31	0	default:river_water_source	0
185	31	0	default:river_water_source	0
186	31	0	default:river_water_source	0
187	31	0	default:river_water_source	0
188	31	0	default:river_water_source	0
189	31	0	default:river_water_source	0
190	31	0	default:river_water_source	0
191	31	0	default:river_water_source	0
192	31	0	default:river_water_source	0
193	31	0	default:river_water_source	0
194	31	0	default:river_water_source	0
195	31	0	default:river_water_source	0
196	31	0	default:river_water_source	0
197	31	0	default:river_water_source	0
198	31	0	default:river_water_source	0
199	31	0	default:river_water_source	0
200	31	0	default:river_water_source	0
201	31	0	default:river_water_source	0
213	31	0	default:dirt	0
214	31	0	default:dirt	0
215	31	0	default:dirt	0
216	31	0	default:dirt	0
217	31	0	default:dirt	0
218	31	0	default:dirt	0
219	31	0	default:dirt	0
220	31	0	default:dirt	0
150	32	0	default:river_water_source	0
151	32	0	default:river_water_source	0
152	32	0	default:river_water_source	0
153	32	0	default:river_water_source	0
154	32	0	default:river_water_source	0
155	32	0	default:river_water_source	0
156	32	0	default:river_water_source	0
157	32	0	default:river_water_source	0
158	32	0	default:river_water_source	0
159	32	0	default:river_water_source	0
160	32	0	default:river_water_source	0
161	32	0	default:river_water_source	0
162	32	0	default:river_water_source	0
163	32	0	default:river_water_source	0
164	32	0	default:river_water_source	0
165	32	0	default:river_water_source	0
166	32	0	default:river_water_source	0
167	32	0	default:river_water_source	0
168	32	0	default:river_water_source	0
169	32	0	default:river_water_source	0
170	32	0	default:river_water_source	0
171	32	0	default:river_water_source	0
172	32	0	default:river_water_source	0
173	32	0	default:river_water_source	0
174	32	0	default:river_water_source	0
175	32	0	default:river_water_source	0
176	32	0	default:river_water_source	0
177	32	0	default:river_water_source	0
178	32	0	default:river_water_source	0
179	32	0	default:river_water_source	0
180	32	0	default:river_water_source	0
181	32	0	default:river_water_source	0
182	32	0	default:river_water_source	0
183	32	0	default:river_water_source	0
184	32	0	default:river_water_source	0
185	32	0	default:river_water_source	0
186	32	0	default:river_water_source	0
187	32	0	default:river_water_source	0
188	32	0	default:river_water_source	0
189	32	0	default:river_water_source	0
190	32	0	default:river_water_source	0
191	32	0	default:river_water_source	0
192	32	0	default:river_water_source	0
193	32	0	default:river_water_source	0
194	32	0	default:river_water_source	0
195	32	0	default:river_water_source	0
196	32	0	default:river_water_source	0
197	32	0	default:river_water_source	0
198	32	0	default:river_water_source	0
199	32	0	default:river_water_source	0
200	32	0	default:river_water_source	0
201	32	0	default:river_water_source	0
210	32	0	default:dirt	0
211	32	0	default:dirt	0
212	32	0	default:dirt	0
213	32	0	default:dirt	0
214	32	0	default:dirt	0
215	32	0	default:dirt	0
216	32	0	default:dirt	0
217	32	0	default:dirt	0
218	32	0	default:dirt	0
219	32	0	default:dirt	0
220	32	0	default:dirt	0
150	33	0	default:river_water_source	0
151	33	0	default:river_water_source	0
152	33	0	default:river_water_source	0
153	33	0	default:river_water_source	0
154	33	0	default:river_water_source	0
155	33	0	default:river_water_source	0
156	33	0	default:river_water_source	0
157	33	0	default:river_water_source	0
158	33	0	default:river_water_source	0
159	33	0	default:river_water_source	0
160	33	0	default:river_water_source	0
161	33	0	default:river_water_source	0
162	33	0	default:river_water_source	0
163	33	0	default:river_water_source	0
164	33	0	default:river_water_source	0
165	33	0	default:river_water_source	0
166	33	0	default:river_water_source	0
167	33	0	default:river_water_source	0
168	33	0	default:river_water_source	0
169	33	0	default:river_water_source	0
170	33	0	default:river_water_source	0
171	33	0	default:river_water_source	0
172	33	0	default:river_water_source	0
173	33	0	default:river_water_source	0
174	33	0	default:river_water_source	0
175	33	0	default:river_water_source	0
176	33	0	default:river_water_source	0
177	33	0	default:river_water_source	0
178	33	0	default:river_water_source	0
179	33	0	default:river_water_source	0
180	33	0	default:river_water_source	0
181	33	0	default:river_water_source	0
182	33	0	default:river_water_source	0
183	33	0	default:river_water_source	0
184	33	0	default:river_water_source	0
185	33	0	default:river_water_source	0
186	33	0	default:river_water_source	0
187	33	0	default:river_water_source	0
188	33	0	default:river_water_source	0
189	33	0	default:river_water_source	0
190	33	0	default:river_water_source	0
191	33	0	default:river_water_source	0
192	33	0	default:river_water_source	0
193	33	0	default:river_water_source	0
194	33	0	default:river_water_source	0
195	33	0	default:river_water_source	0
196	33	0	default:river_water_source	0
197	33	0	default:river_water_source	0
198	33	0	default:river_water_source	0
199	33	0	default:river_water_source	0
200	33	0	default:river_water_source	0
201	33	0	default:river_water_source	0
208	33	0	default:dirt	0
209	33	0	default:dirt	0
210	33	0	default:dirt	0
211	33	0	default:dirt	0
212	33	0	default:dirt	0
213	33	0	default:dirt	0
214	33	0	default:dirt	0
215	33	0	default:dirt_with_grass	0
215	33	0	grug_decor:castle_pavement_brick	0
216	33	0	default:dirt_with_grass	0
216	33	0	grug_decor:castle_pavement_brick	0
217	33	0	default:dirt_with_grass	0
217	33	0	grug_decor:castle_pavement_brick	0
218	33	0	default:dirt_with_grass	0
218	33	0	grug_decor:castle_pavement_brick	0
219	33	0	default:dirt_with_grass	0
219	33	0	grug_decor:castle_pavement_brick	0
220	33	0	default:dirt_with_grass	0
220	33	0	grug_decor:castle_pavement_brick	0
150	34	0	default:river_water_source	0
151	34	0	default:river_water_source	0
152	34	0	default:river_water_source	0
153	34	0	default:river_water_source	0
154	34	0	default:river_water_source	0
155	34	0	default:river_water_source	0
156	34	0	default:river_water_source	0
157	34	0	default:river_water_source	0
158	34	0	default:river_water_source	0
159	34	0	default:river_water_source	0
160	34	0	default:river_water_source	0
161	34	0	default:river_water_source	0
162	34	0	default:river_water_source	0
163	34	0	default:river_water_source	0
164	34	0	default:river_water_source	0
165	34	0	default:river_water_source	0
166	34	0	default:river_water_source	0
167	34	0	default:river_water_source	0
168	34	0	default:river_water_source	0
169	34	0	default:river_water_source	0
170	34	0	default:river_water_source	0
171	34	0	default:river_water_source	0
172	34	0	default:river_water_source	0
173	34	0	default:river_water_source	0
174	34	0	default:river_water_source	0
175	34	0	default:river_water_source	0
176	34	0	default:river_water_source	0
177	34	0	default:river_water_source	0
178	34	0	default:river_water_source	0
179	34	0	default:river_water_source	0
180	34	0	default:river_water_source	0
181	34	0	default:river_water_source	0
182	34	0	default:river_water_source	0
183	34	0	default:river_water_source	0
184	34	0	default:river_water_source	0
185	34	0	default:river_water_source	0
186	34	0	default:river_water_source	0
187	34	0	default:river_water_source	0
188	34	0	default:river_water_source	0
189	34	0	default:river_water_source	0
190	34	0	default:river_water_source	0
191	34	0	default:river_water_source	0
192	34	0	default:river_water_source	0
193	34	0	default:river_water_source	0
194	34	0	default:river_water_source	0
195	34	0	default:river_water_source	0
196	34	0	default:river_water_source	0
197	34	0	default:river_water_source	0
198	34	0	default:river_water_source	0
199	34	0	default:river_water_source	0
200	34	0	default:river_water_source	0
201	34	0	default:river_water_source	0
202	34	0	default:dirt	0
203	34	0	default:dirt	0
204	34	0	default:dirt	0
205	34	0	default:dirt	0
206	34	0	default:dirt	0
207	34	0	default:dirt	0
208	34	0	default:dirt	0
209	34	0	default:dirt	0
210	34	0	default:dirt	0
211	34	0	default:dirt	0
212	34	0	default:dirt	0
213	34	0	default:dirt_with_grass	0
213	34	0	grug_decor:castle_pavement_brick	0
214	34	0	default:dirt_with_grass	0
214	34	0	grug_decor:castle_stonewall_stair	3
150	35	0	default:river_water_source	0
150	35	0	grug_decor:castle_pavement_brick	0
151	35	0	default:river_water_source	0
151	35	0	grug_decor:castle_pavement_brick	0
152	35	0	default:river_water_source	0
152	35	0	grug_decor:castle_pavement_brick	0
153	35	0	default:river_water_source	0
153	35	0	grug_decor:castle_pavement_brick	0
154	35	0	default:river_water_source	0
154	35	0	grug_decor:castle_pavement_brick	0
155	35	0	default:river_water_source	0
155	35	0	grug_decor:castle_pavement_brick	0
156	35	0	default:river_water_source	0
156	35	0	grug_decor:castle_pavement_brick	0
157	35	0	default:river_water_source	0
157	35	0	grug_decor:castle_pavement_brick	0
158	35	0	default:river_water_source	0
158	35	0	grug_decor:castle_pavement_brick	0
159	35	0	default:river_water_source	0
159	35	0	grug_decor:castle_pavement_brick	0
160	35	0	default:river_water_source	0
160	35	0	grug_decor:castle_pavement_brick	0
161	35	0	default:river_water_source	0
161	35	0	grug_decor:castle_pavement_brick	0
162	35	0	default:river_water_source	0
162	35	0	grug_decor:castle_pavement_brick	0
163	35	0	default:river_water_source	0
163	35	0	grug_decor:castle_pavement_brick	0
164	35	0	default:river_water_source	0
164	35	0	grug_decor:castle_pavement_brick	0
165	35	0	default:river_water_source	0
165	35	0	grug_decor:castle_pavement_brick	0
166	35	0	default:river_water_source	0
166	35	0	grug_decor:castle_pavement_brick	0
167	35	0	default:river_water_source	0
167	35	0	grug_decor:castle_pavement_brick	0
168	35	0	default:river_water_source	0
168	35	0	grug_decor:castle_pavement_brick	0
169	35	0	default:river_water_source	0
169	35	0	grug_decor:castle_pavement_brick	0
170	35	0	default:river_water_source	0
170	35	0	grug_decor:castle_pavement_brick	0
171	35	0	default:river_water_source	0
171	35	0	grug_decor:castle_pavement_brick	0
172	35	0	default:river_water_source	0
172	35	0	grug_decor:castle_pavement_brick	0
173	35	0	default:river_water_source	0
173	35	0	grug_decor:castle_pavement_brick	0
174	35	0	default:river_water_source	0
174	35	0	grug_decor:castle_pavement_brick	0
175	35	0	default:river_water_source	0
175	35	0	grug_decor:castle_pavement_brick	0
176	35	0	default:river_water_source	0
176	35	0	grug_decor:castle_pavement_brick	0
177	35	0	default:river_water_source	0
177	35	0	grug_decor:castle_pavement_brick	0
178	35	0	default:river_water_source	0
178	35	0	grug_decor:castle_pavement_brick	0
179	35	0	default:river_water_source	0
179	35	0	grug_decor:castle_pavement_brick	0
180	35	0	default:river_water_source	0
180	35	0	grug_decor:castle_pavement_brick	0
181	35	0	default:river_water_source	0
181	35	0	grug_decor:castle_pavement_brick	0
182	35	0	default:river_water_source	0
182	35	0	grug_decor:castle_pavement_brick	0
183	35	0	default:river_water_source	0
183	35	0	grug_decor:castle_pavement_brick	0
184	35	0	default:river_water_source	0
184	35	0	grug_decor:castle_pavement_brick	0
185	35	0	default:river_water_source	0
185	35	0	grug_decor:castle_pavement_brick	0
186	35	0	default:river_water_source	0
186	35	0	grug_decor:castle_pavement_brick	0
187	35	0	default:river_water_source	0
187	35	0	grug_decor:castle_pavement_brick	0
188	35	0	default:river_water_source	0
188	35	0	grug_decor:castle_pavement_brick	0
189	35	0	default:river_water_source	0
189	35	0	grug_decor:castle_pavement_brick	0
190	35	0	default:river_water_source	0
190	35	0	grug_decor:castle_pavement_brick	0
191	35	0	default:river_water_source	0
191	35	0	grug_decor:castle_pavement_brick	0
192	35	0	default:river_water_source	0
192	35	0	grug_decor:castle_pavement_brick	0
193	35	0	default:river_water_source	0
193	35	0	grug_decor:castle_pavement_brick	0
194	35	0	default:river_water_source	0
194	35	0	grug_decor:castle_pavement_brick	0
195	35	0	default:brick	0
195	35	0	default:river_water_source	0
195	35	0	grug_decor:castle_pavement_brick	0
196	35	0	default:brick	0
196	35	0	default:river_water_source	0
196	35	0	grug_decor:castle_pavement_brick	0
197	35	0	default:river_water_source	0
197	35	0	grug_decor:castle_pavement_brick	0
197	35	0	grug_decor:castle_pavement_brick	0
198	35	0	default:river_water_source	0
198	35	0	grug_decor:castle_pavement_brick	0
198	35	0	grug_decor:castle_pavement_brick	0
199	35	0	default:river_water_source	0
199	35	0	grug_decor:castle_pavement_brick	0
199	35	0	grug_decor:castle_pavement_brick	0
200	35	0	default:brick	0
200	35	0	default:river_water_source	0
200	35	0	grug_decor:castle_pavement_brick	0
201	35	0	default:brick	0
201	35	0	default:river_water_source	0
201	35	0	grug_decor:castle_pavement_brick	0
202	35	0	default:dirt	0
203	35	0	default:dirt	0
204	35	0	default:dirt	0
205	35	0	default:dirt	0
206	35	0	default:dirt	0
207	35	0	default:dirt	0
208	35	0	default:dirt	0
209	35	0	default:dirt	0
210	35	0	default:dirt_with_grass	0
210	35	0	grug_decor:castle_pavement_brick	0
211	35	0	default:dirt_with_grass	0
211	35	0	grug_decor:castle_pavement_brick	0
212	35	0	default:dirt_with_grass	0
212	35	0	grug_decor:castle_stonewall_stair	3
195	36	0	default:tree	0
201	36	0	default:tree	0
201	36	0	grug_decor:castle_stonewall_stair	1
202	36	0	default:dirt	0
203	36	0	default:dirt	0
204	36	0	default:dirt	0
205	36	0	default:dirt	0
206	36	0	default:dirt	0
207	36	0	default:dirt	0
208	36	0	default:dirt_with_grass	0
208	36	0	grug_decor:castle_pavement_brick	0
209	36	0	default:dirt_with_grass	0
209	36	0	grug_decor:castle_stonewall_stair	3
195	37	0	default:tree	0
201	37	0	default:tree	0
202	37	0	default:dirt_with_grass	0
202	37	0	grug_decor:castle_stonewall_stair	1
203	37	0	default:dirt_with_grass	0
203	37	0	grug_decor:castle_pavement_brick	0
204	37	0	default:dirt_with_grass	0
204	37	0	grug_decor:castle_pavement_brick	0
205	37	0	default:dirt_with_grass	0
205	37	0	grug_decor:castle_pavement_brick	0
206	37	0	default:dirt_with_grass	0
206	37	0	grug_decor:castle_pavement_brick	0
207	37	0	default:dirt_with_grass	0
207	37	0	grug_decor:castle_stonewall_stair	3
195	38	0	default:torch	1
201	38	0	default:torch	1
166	27	1	default:dirt	0
167	27	1	default:dirt	0
168	27	1	default:dirt	0
169	27	1	default:dirt	0
170	27	1	default:dirt	0
171	27	1	default:dirt	0
172	27	1	default:dirt	0
173	27	1	default:dirt	0
174	27	1	default:dirt	0
175	27	1	default:dirt	0
176	27	1	default:dirt	0
177	27	1	default:dirt	0
178	27	1	default:dirt	0
179	27	1	default:dirt	0
180	27	1	default:dirt	0
181	27	1	default:dirt	0
182	27	1	default:dirt	0
183	27	1	default:dirt	0
184	27	1	default:dirt	0
185	27	1	default:dirt	0
186	27	1	default:dirt	0
187	27	1	default:dirt	0
188	27	1	default:dirt	0
189	27	1	default:dirt	0
190	27	1	default:dirt	0
191	27	1	default:dirt	0
192	27	1	default:dirt	0
193	27	1	default:dirt	0
194	27	1	default:dirt	0
195	27	1	default:dirt	0
196	27	1	default:dirt	0
197	27	1	default:dirt	0
198	27	1	default:dirt	0
199	27	1	default:dirt	0
200	27	1	default:dirt	0
150	28	1	default:dirt	0
151	28	1	default:dirt	0
152	28	1	default:dirt	0
153	28	1	default:dirt	0
154	28	1	default:dirt	0
155	28	1	default:dirt	0
156	28	1	default:dirt	0
157	28	1	default:dirt	0
158	28	1	default:dirt	0
159	28	1	default:dirt	0
160	28	1	default:dirt	0
161	28	1	default:dirt	0
162	28	1	default:dirt	0
163	28	1	default:dirt	0
164	28	1	default:dirt	0
165	28	1	default:dirt	0
166	28	1	default:dirt	0
167	28	1	default:dirt	0
168	28	1	default:dirt	0
169	28	1	default:dirt	0
170	28	1	default:dirt	0
171	28	1	default:dirt	0
172	28	1	default:dirt	0
173	28	1	default:dirt	0
174	28	1	default:dirt	0
175	28	1	default:dirt	0
176	28	1	default:dirt	0
177	28	1	default:dirt	0
178	28	1	default:dirt	0
179	28	1	default:dirt	0
180	28	1	default:dirt	0
181	28	1	default:dirt	0
182	28	1	default:dirt	0
183	28	1	default:dirt	0
184	28	1	default:dirt	0
185	28	1	default:dirt	0
186	28	1	default:dirt	0
187	28	1	default:dirt	0
188	28	1	default:dirt	0
189	28	1	default:dirt	0
190	28	1	default:dirt	0
191	28	1	default:dirt	0
192	28	1	default:dirt	0
193	28	1	default:dirt	0
194	28	1	default:dirt	0
195	28	1	default:dirt	0
196	28	1	default:dirt	0
197	28	1	default:dirt	0
198	28	1	default:dirt	0
199	28	1	default:dirt	0
200	28	1	default:dirt	0
150	29	1	default:dirt	0
151	29	1	default:dirt	0
152	29	1	default:dirt	0
153	29	1	default:dirt	0
154	29	1	default:dirt	0
155	29	1	default:dirt	0
156	29	1	default:dirt	0
157	29	1	default:dirt	0
158	29	1	default:dirt	0
159	29	1	default:dirt	0
160	29	1	default:dirt	0
161	29	1	default:dirt	0
162	29	1	default:dirt	0
163	29	1	default:dirt	0
164	29	1	default:dirt	0
165	29	1	default:dirt	0
166	29	1	default:dirt	0
167	29	1	default:dirt	0
168	29	1	default:dirt	0
169	29	1	default:dirt	0
170	29	1	default:dirt	0
171	29	1	default:dirt	0
172	29	1	default:dirt	0
173	29	1	default:dirt	0
174	29	1	default:dirt	0
175	29	1	default:dirt	0
176	29	1	default:dirt	0
177	29	1	default:dirt	0
178	29	1	default:dirt	0
179	29	1	default:dirt	0
180	29	1	default:dirt	0
181	29	1	default:dirt	0
182	29	1	default:dirt	0
183	29	1	default:dirt	0
184	29	1	default:dirt	0
185	29	1	default:dirt	0
186	29	1	default:dirt	0
187	29	1	default:dirt	0
188	29	1	default:dirt	0
189	29	1	default:dirt	0
190	29	1	default:dirt	0
191	29	1	default:dirt	0
192	29	1	default:dirt	0
193	29	1	default:dirt	0
194	29	1	default:dirt	0
195	29	1	default:dirt	0
196	29	1	default:dirt	0
197	29	1	default:dirt	0
198	29	1	default:dirt	0
199	29	1	default:dirt	0
200	29	1	default:dirt	0
150	30	1	default:dirt	0
151	30	1	default:dirt	0
152	30	1	default:dirt	0
153	30	1	default:dirt	0
154	30	1	default:dirt	0
155	30	1	default:dirt	0
156	30	1	default:dirt	0
157	30	1	default:dirt	0
158	30	1	default:dirt	0
159	30	1	default:dirt	0
160	30	1	default:dirt	0
161	30	1	default:dirt	0
162	30	1	default:dirt	0
163	30	1	default:dirt	0
164	30	1	default:dirt	0
165	30	1	default:dirt	0
166	30	1	default:dirt_with_grass	0
167	30	1	default:dirt_with_grass	0
168	30	1	default:dirt_with_grass	0
169	30	1	default:dirt_with_grass	0
170	30	1	default:dirt_with_grass	0
171	30	1	default:dirt_with_grass	0
172	30	1	default:dirt_with_grass	0
173	30	1	default:dirt_with_grass	0
174	30	1	default:dirt_with_grass	0
175	30	1	default:dirt_with_grass	0
176	30	1	default:dirt_with_grass	0
177	30	1	default:dirt_with_grass	0
178	30	1	default:dirt_with_grass	0
179	30	1	default:dirt_with_grass	0
180	30	1	default:dirt_with_grass	0
181	30	1	default:dirt_with_grass	0
182	30	1	default:dirt_with_grass	0
183	30	1	default:dirt_with_grass	0
184	30	1	default:dirt_with_grass	0
185	30	1	default:dirt_with_grass	0
186	30	1	default:dirt_with_grass	0
187	30	1	default:dirt_with_grass	0
188	30	1	default:dirt_with_grass	0
189	30	1	default:dirt_with_grass	0
190	30	1	default:dirt_with_grass	0
191	30	1	default:dirt_with_grass	0
192	30	1	default:dirt_with_grass	0
193	30	1	default:dirt_with_grass	0
194	30	1	default:dirt_with_grass	0
195	30	1	default:dirt_with_grass	0
196	30	1	default:dirt_with_grass	0
197	30	1	default:dirt_with_grass	0
198	30	1	default:dirt_with_grass	0
199	30	1	default:dirt_with_grass	0
200	30	1	default:dirt_with_grass	0
214	30	1	default:dirt	0
215	30	1	default:dirt	0
216	30	1	default:dirt	0
217	30	1	default:dirt	0
218	30	1	default:dirt	0
219	30	1	default:dirt	0
220	30	1	default:dirt	0
150	31	1	default:dirt_with_grass	0
151	31	1	default:dirt_with_grass	0
152	31	1	default:dirt_with_grass	0
153	31	1	default:dirt_with_grass	0
154	31	1	default:dirt_with_grass	0
155	31	1	default:dirt_with_grass	0
156	31	1	default:dirt_with_grass	0
157	31	1	default:dirt_with_grass	0
158	31	1	default:dirt_with_grass	0
159	31	1	default:dirt_with_grass	0
160	31	1	default:dirt_with_grass	0
161	31	1	default:dirt_with_grass	0
162	31	1	default:dirt_with_grass	0
163	31	1	default:dirt_with_grass	0
164	31	1	default:dirt_with_grass	0
165	31	1	default:dirt_with_grass	0
166	31	1	default:river_water_source	0
167	31	1	default:river_water_source	0
168	31	1	default:river_water_source	0
169	31	1	default:river_water_source	0
170	31	1	default:river_water_source	0
171	31	1	default:river_water_source	0
172	31	1	default:river_water_source	0
173	31	1	default:river_water_source	0
174	31	1	default:river_water_source	0
175	31	1	default:river_water_source	0
176	31	1	default:river_water_source	0
177	31	1	default:river_water_source	0
178	31	1	default:river_water_source	0
179	31	1	default:river_water_source	0
180	31	1	default:river_water_source	0
181	31	1	default:river_water_source	0
182	31	1	default:river_water_source	0
183	31	1	default:river_water_source	0
184	31	1	default:river_water_source	0
185	31	1	default:river_water_source	0
186	31	1	default:river_water_source	0
187	31	1	default:river_water_source	0
188	31	1	default:river_water_source	0
189	31	1	default:river_water_source	0
190	31	1	default:river_water_source	0
191	31	1	default:river_water_source	0
192	31	1	default:river_water_source	0
193	31	1	default:river_water_source	0
194	31	1	default:river_water_source	0
195	31	1	default:river_water_source	0
196	31	1	default:river_water_source	0
197	31	1	default:river_water_source	0
198	31	1	default:river_water_source	0
199	31	1	default:river_water_source	0
200	31	1	default:river_water_source	0
212	31	1	default:dirt	0
213	31	1	default:dirt	0
214	31	1	default:dirt	0
215	31	1	default:dirt	0
216	31	1	default:dirt	0
217	31	1	default:dirt	0
218	31	1	default:dirt	0
219	31	1	default:dirt	0
220	31	1	default:dirt	0
150	32	1	default:river_water_source	0
151	32	1	default:river_water_source	0
152	32	1	default:river_water_source	0
153	32	1	default:river_water_source	0
154	32	1	default:river_water_source	0
155	32	1	default:river_water_source	0
156	32	1	default:river_water_source	0
157	32	1	default:river_water_source	0
158	32	1	default:river_water_source	0
159	32	1	default:river_water_source	0
160	32	1	default:river_water_source	0
161	32	1	default:river_water_source	0
162	32	1	default:river_water_source	0
163	32	1	default:river_water_source	0
164	32	1	default:river_water_source	0
165	32	1	default:river_water_source	0
166	32	1	default:river_water_source	0
167	32	1	default:river_water_source	0
168	32	1	default:river_water_source	0
169	32	1	default:river_water_source	0
170	32	1	default:river_water_source	0
171	32	1	default:river_water_source	0
172	32	1	default:river_water_source	0
173	32	1	default:river_water_source	0
174	32	1	default:river_water_source	0
175	32	1	default:river_water_source	0
176	32	1	default:river_water_source	0
177	32	1	default:river_water_source	0
178	32	1	default:river_water_source	0
179	32	1	default:river_water_source	0
180	32	1	default:river_water_source	0
181	32	1	default:river_water_source	0
182	32	1	default:river_water_source	0
183	32	1	default:river_water_source	0
184	32	1	default:river_water_source	0
185	32	1	default:river_water_source	0
186	32	1	default:river_water_source	0
187	32	1	default:river_water_source	0
188	32	1	default:river_water_source	0
189	32	1	default:river_water_source	0
190	32	1	default:river_water_source	0
191	32	1	default:river_water_source	0
192	32	1	default:river_water_source	0
193	32	1	default:river_water_source	0
194	32	1	default:river_water_source	0
195	32	1	default:river_water_source	0
196	32	1	default:river_water_source	0
197	32	1	default:river_water_source	0
198	32	1	default:river_water_source	0
199	32	1	default:river_water_source	0
200	32	1	default:river_water_source	0
209	32	1	default:dirt	0
210	32	1	default:dirt	0
211	32	1	default:dirt	0
212	32	1	default:dirt	0
213	32	1	default:dirt	0
214	32	1	default:dirt	0
215	32	1	default:dirt	0
216	32	1	default:dirt	0
217	32	1	default:dirt	0
218	32	1	default:dirt	0
219	32	1	default:dirt	0
220	32	1	default:dirt	0
150	33	1	default:river_water_source	0
151	33	1	default:river_water_source	0
152	33	1	default:river_water_source	0
153	33	1	default:river_water_source	0
154	33	1	default:river_water_source	0
155	33	1	default:river_water_source	0
156	33	1	default:river_water_source	0
157	33	1	default:river_water_source	0
158	33	1	default:river_water_source	0
159	33	1	default:river_water_source	0
160	33	1	default:river_water_source	0
161	33	1	default:river_water_source	0
162	33	1	default:river_water_source	0
163	33	1	default:river_water_source	0
164	33	1	default:river_water_source	0
165	33	1	default:river_water_source	0
166	33	1	default:river_water_source	0
167	33	1	default:river_water_source	0
168	33	1	default:river_water_source	0
169	33	1	default:river_water_source	0
170	33	1	default:river_water_source	0
171	33	1	default:river_water_source	0
172	33	1	default:river_water_source	0
173	33	1	default:river_water_source	0
174	33	1	default:river_water_source	0
175	33	1	default:river_water_source	0
176	33	1	default:river_water_source	0
177	33	1	default:river_water_source	0
178	33	1	default:river_water_source	0
179	33	1	default:river_water_source	0
180	33	1	default:river_water_source	0
181	33	1	default:river_water_source	0
182	33	1	default:river_water_source	0
183	33	1	default:river_water_source	0
184	33	1	default:river_water_source	0
185	33	1	default:river_water_source	0
186	33	1	default:river_water_source	0
187	33	1	default:river_water_source	0
188	33	1	default:river_water_source	0
189	33	1	default:river_water_source	0
190	33	1	default:river_water_source	0
191	33	1	default:river_water_source	0
192	33	1	default:river_water_source	0
193	33	1	default:river_water_source	0
194	33	1	default:river_water_source	0
195	33	1	default:river_water_source	0
196	33	1	default:river_water_source	0
197	33	1	default:river_water_source	0
198	33	1	default:river_water_source	0
199	33	1	default:river_water_source	0
200	33	1	default:river_water_source	0
207	33	1	default:dirt	0
208	33	1	default:dirt	0
209	33	1	default:dirt	0
210	33	1	default:dirt	0
211	33	1	default:dirt	0
212	33	1	default:dirt	0
213	33	1	default:dirt	0
214	33	1	default:dirt_with_grass	0
214	33	1	grug_decor:castle_pavement_brick	0
215	33	1	default:dirt_with_grass	0
215	33	1	grug_decor:castle_pavement_brick	0
216	33	1	default:dirt_with_grass	0
216	33	1	grug_decor:castle_pavement_brick	0
217	33	1	default:dirt_with_grass	0
217	33	1	grug_decor:castle_pavement_brick	0
218	33	1	default:dirt_with_grass	0
218	33	1	grug_decor:castle_pavement_brick	0
219	33	1	default:dirt_with_grass	0
219	33	1	grug_decor:castle_pavement_brick	0
220	33	1	default:dirt_with_grass	0
220	33	1	grug_decor:castle_pavement_brick	0
150	34	1	default:river_water_source	0
151	34	1	default:river_water_source	0
152	34	1	default:river_water_source	0
153	34	1	default:river_water_source	0
154	34	1	default:river_water_source	0
155	34	1	default:river_water_source	0
156	34	1	default:river_water_source	0
157	34	1	default:river_water_source	0
158	34	1	default:river_water_source	0
159	34	1	default:river_water_source	0
160	34	1	default:river_water_source	0
161	34	1	default:river_water_source	0
162	34	1	default:river_water_source	0
163	34	1	default:river_water_source	0
164	34	1	default:river_water_source	0
165	34	1	default:river_water_source	0
166	34	1	default:river_water_source	0
167	34	1	default:river_water_source	0
168	34	1	default:river_water_source	0
169	34	1	default:river_water_source	0
170	34	1	default:river_water_source	0
171	34	1	default:river_water_source	0
172	34	1	default:river_water_source	0
173	34	1	default:river_water_source	0
174	34	1	default:river_water_source	0
175	34	1	default:river_water_source	0
176	34	1	default:river_water_source	0
177	34	1	default:river_water_source	0
178	34	1	default:river_water_source	0
179	34	1	default:river_water_source	0
180	34	1	default:river_water_source	0
181	34	1	default:river_water_source	0
182	34	1	default:river_water_source	0
183	34	1	default:river_water_source	0
184	34	1	default:river_water_source	0
185	34	1	default:river_water_source	0
186	34	1	default:river_water_source	0
187	34	1	default:river_water_source	0
188	34	1	default:river_water_source	0
189	34	1	default:river_water_source	0
190	34	1	default:river_water_source	0
191	34	1	default:river_water_source	0
192	34	1	default:river_water_source	0
193	34	1	default:river_water_source	0
194	34	1	default:river_water_source	0
195	34	1	default:river_water_source	0
196	34	1	default:river_water_source	0
197	34	1	default:river_water_source	0
198	34	1	default:river_water_source	0
199	34	1	default:river_water_source	0
200	34	1	default:river_water_source	0
201	34	1	default:dirt	0
202	34	1	default:dirt	0
203	34	1	default:dirt	0
204	34	1	default:dirt	0
205	34	1	default:dirt	0
206	34	1	default:dirt	0
207	34	1	default:dirt	0
208	34	1	default:dirt	0
209	34	1	default:dirt	0
210	34	1	default:dirt	0
211	34	1	default:dirt	0
212	34	1	default:dirt_with_grass	0
212	34	1	grug_decor:castle_pavement_brick	0
213	34	1	default:dirt_with_grass	0
213	34	1	grug_decor:castle_stonewall_stair	3
150	35	1	default:river_water_source	0
150	35	1	grug_decor:castle_pavement_brick	0
151	35	1	default:river_water_source	0
151	35	1	grug_decor:castle_pavement_brick	0
152	35	1	default:river_water_source	0
152	35	1	grug_decor:castle_pavement_brick	0
153	35	1	default:river_water_source	0
153	35	1	grug_decor:castle_pavement_brick	0
154	35	1	default:river_water_source	0
154	35	1	grug_decor:castle_pavement_brick	0
155	35	1	default:river_water_source	0
155	35	1	grug_decor:castle_pavement_brick	0
156	35	1	default:river_water_source	0
156	35	1	grug_decor:castle_pavement_brick	0
157	35	1	default:river_water_source	0
157	35	1	grug_decor:castle_pavement_brick	0
158	35	1	default:river_water_source	0
158	35	1	grug_decor:castle_pavement_brick	0
159	35	1	default:river_water_source	0
159	35	1	grug_decor:castle_pavement_brick	0
160	35	1	default:river_water_source	0
160	35	1	grug_decor:castle_pavement_brick	0
161	35	1	default:river_water_source	0
161	35	1	grug_decor:castle_pavement_brick	0
162	35	1	default:river_water_source	0
162	35	1	grug_decor:castle_pavement_brick	0
163	35	1	default:river_water_source	0
163	35	1	grug_decor:castle_pavement_brick	0
164	35	1	default:river_water_source	0
164	35	1	grug_decor:castle_pavement_brick	0
165	35	1	default:river_water_source	0
165	35	1	grug_decor:castle_pavement_brick	0
166	35	1	default:river_water_source	0
166	35	1	grug_decor:castle_pavement_brick	0
167	35	1	default:river_water_source	0
167	35	1	grug_decor:castle_pavement_brick	0
168	35	1	default:river_water_source	0
168	35	1	grug_decor:castle_pavement_brick	0
169	35	1	default:river_water_source	0
169	35	1	grug_decor:castle_pavement_brick	0
170	35	1	default:river_water_source	0
170	35	1	grug_decor:castle_pavement_brick	0
171	35	1	default:river_water_source	0
171	35	1	grug_decor:castle_pavement_brick	0
172	35	1	default:river_water_source	0
172	35	1	grug_decor:castle_pavement_brick	0
173	35	1	default:river_water_source	0
173	35	1	grug_decor:castle_pavement_brick	0
174	35	1	default:river_water_source	0
174	35	1	grug_decor:castle_pavement_brick	0
175	35	1	default:river_water_source	0
175	35	1	grug_decor:castle_pavement_brick	0
176	35	1	default:river_water_source	0
176	35	1	grug_decor:castle_pavement_brick	0
177	35	1	default:river_water_source	0
177	35	1	grug_decor:castle_pavement_brick	0
178	35	1	default:river_water_source	0
178	35	1	grug_decor:castle_pavement_brick	0
179	35	1	default:river_water_source	0
179	35	1	grug_decor:castle_pavement_brick	0
180	35	1	default:river_water_source	0
180	35	1	grug_decor:castle_pavement_brick	0
181	35	1	default:river_water_source	0
181	35	1	grug_decor:castle_pavement_brick	0
182	35	1	default:river_water_source	0
182	35	1	grug_decor:castle_pavement_brick	0
183	35	1	default:river_water_source	0
183	35	1	grug_decor:castle_pavement_brick	0
184	35	1	default:river_water_source	0
184	35	1	grug_decor:castle_pavement_brick	0
185	35	1	default:river_water_source	0
185	35	1	grug_decor:castle_pavement_brick	0
186	35	1	default:river_water_source	0
186	35	1	grug_decor:castle_pavement_brick	0
187	35	1	default:river_water_source	0
187	35	1	grug_decor:castle_pavement_brick	0
188	35	1	default:river_water_source	0
188	35	1	grug_decor:castle_pavement_brick	0
189	35	1	default:river_water_source	0
189	35	1	grug_decor:castle_pavement_brick	0
190	35	1	default:river_water_source	0
190	35	1	grug_decor:castle_pavement_brick	0
191	35	1	default:river_water_source	0
191	35	1	grug_decor:castle_pavement_brick	0
192	35	1	default:river_water_source	0
192	35	1	grug_decor:castle_pavement_brick	0
193	35	1	default:river_water_source	0
193	35	1	grug_decor:castle_pavement_brick	0
194	35	1	default:river_water_source	0
194	35	1	grug_decor:castle_pavement_brick	0
195	35	1	default:river_water_source	0
195	35	1	grug_decor:castle_pavement_brick	0
196	35	1	default:brick	0
196	35	1	default:river_water_source	0
196	35	1	grug_decor:castle_pavement_brick	0
197	35	1	default:river_water_source	0
197	35	1	grug_decor:castle_pavement_brick	0
197	35	1	grug_decor:castle_pavement_brick	0
198	35	1	default:river_water_source	0
198	35	1	grug_decor:castle_pavement_brick	0
198	35	1	grug_decor:castle_pavement_brick	0
199	35	1	default:river_water_source	0
199	35	1	grug_decor:castle_pavement_brick	0
199	35	1	grug_decor:castle_pavement_brick	0
200	35	1	default:brick	0
200	35	1	default:river_water_source	0
200	35	1	grug_decor:castle_pavement_brick	0
201	35	1	default:dirt	0
202	35	1	default:dirt	0
203	35	1	default:dirt	0
204	35	1	default:dirt	0
205	35	1	default:dirt	0
206	35	1	default:dirt	0
207	35	1	default:dirt	0
208	35	1	default:dirt	0
209	35	1	default:dirt_with_grass	0
209	35	1	grug_decor:castle_pavement_brick	0
210	35	1	default:dirt_with_grass	0
210	35	1	grug_decor:castle_pavement_brick	0
211	35	1	default:dirt_with_grass	0
211	35	1	grug_decor:castle_stonewall_stair	3
200	36	1	grug_decor:castle_stonewall_stair	0
200	36	1	grug_decor:castle_stonewall_stair	1
201	36	1	default:dirt	0
202	36	1	default:dirt	0
203	36	1	default:dirt	0
204	36	1	default:dirt	0
205	36	1	default:dirt	0
206	36	1	default:dirt	0
207	36	1	default:dirt_with_grass	0
207	36	1	grug_decor:castle_pavement_brick	0
208	36	1	default:dirt_with_grass	0
208	36	1	grug_decor:castle_stonewall_stair	3
201	37	1	default:dirt_with_grass	0
201	37	1	grug_decor:castle_stonewall_stair	1
202	37	1	default:dirt_with_grass	0
202	37	1	grug_decor:castle_pavement_brick	0
203	37	1	default:dirt_with_grass	0
203	37	1	grug_decor:castle_pavement_brick	0
204	37	1	default:dirt_with_grass	0
204	37	1	grug_decor:castle_pavement_brick	0
205	37	1	default:dirt_with_grass	0
205	37	1	grug_decor:castle_pavement_brick	0
206	37	1	default:dirt_with_grass	0
206	37	1	grug_decor:castle_stonewall_stair	3
169	27	2	default:dirt	0
170	27	2	default:dirt	0
171	27	2	default:dirt	0
172	27	2	default:dirt	0
173	27	2	default:dirt	0
174	27	2	default:dirt	0
175	27	2	default:dirt	0
176	27	2	default:dirt	0
177	27	2	default:dirt	0
178	27	2	default:dirt	0
179	27	2	default:dirt	0
180	27	2	default:dirt	0
181	27	2	default:dirt	0
182	27	2	default:dirt	0
183	27	2	default:dirt	0
184	27	2	default:dirt	0
185	27	2	default:dirt	0
186	27	2	default:dirt	0
187	27	2	default:dirt	0
188	27	2	default:dirt	0
189	27	2	default:dirt	0
190	27	2	default:dirt	0
191	27	2	default:dirt	0
192	27	2	default:dirt	0
193	27	2	default:dirt	0
194	27	2	default:dirt	0
195	27	2	default:dirt	0
196	27	2	default:dirt	0
197	27	2	default:dirt	0
198	27	2	default:dirt	0
199	27	2	default:dirt	0
150	28	2	default:dirt	0
151	28	2	default:dirt	0
152	28	2	default:dirt	0
153	28	2	default:dirt	0
154	28	2	default:dirt	0
155	28	2	default:dirt	0
156	28	2	default:dirt	0
157	28	2	default:dirt	0
158	28	2	default:dirt	0
159	28	2	default:dirt	0
160	28	2	default:dirt	0
161	28	2	default:dirt	0
162	28	2	default:dirt	0
163	28	2	default:dirt	0
164	28	2	default:dirt	0
165	28	2	default:dirt	0
166	28	2	default:dirt	0
167	28	2	default:dirt	0
168	28	2	default:dirt	0
169	28	2	default:dirt	0
170	28	2	default:dirt	0
171	28	2	default:dirt	0
172	28	2	default:dirt	0
173	28	2	default:dirt	0
174	28	2	default:dirt	0
175	28	2	default:dirt	0
176	28	2	default:dirt	0
177	28	2	default:dirt	0
178	28	2	default:dirt	0
179	28	2	default:dirt	0
180	28	2	default:dirt	0
181	28	2	default:dirt	0
182	28	2	default:dirt	0
183	28	2	default:dirt	0
184	28	2	default:dirt	0
185	28	2	default:dirt	0
186	28	2	default:dirt	0
187	28	2	default:dirt	0
188	28	2	default:dirt	0
189	28	2	default:dirt	0
190	28	2	default:dirt	0
191	28	2	default:dirt	0
192	28	2	default:dirt	0
193	28	2	default:dirt	0
194	28	2	default:dirt	0
195	28	2	default:dirt	0
196	28	2	default:dirt	0
197	28	2	default:dirt	0
198	28	2	default:dirt	0
199	28	2	default:dirt	0
150	29	2	default:dirt	0
151	29	2	default:dirt	0
152	29	2	default:dirt	0
153	29	2	default:dirt	0
154	29	2	default:dirt	0
155	29	2	default:dirt	0
156	29	2	default:dirt	0
157	29	2	default:dirt	0
158	29	2	default:dirt	0
159	29	2	default:dirt	0
160	29	2	default:dirt	0
161	29	2	default:dirt	0
162	29	2	default:dirt	0
163	29	2	default:dirt	0
164	29	2	default:dirt	0
165	29	2	default:dirt	0
166	29	2	default:dirt	0
167	29	2	default:dirt	0
168	29	2	default:dirt	0
169	29	2	default:dirt	0
170	29	2	default:dirt	0
171	29	2	default:dirt	0
172	29	2	default:dirt	0
173	29	2	default:dirt	0
174	29	2	default:dirt	0
175	29	2	default:dirt	0
176	29	2	default:dirt	0
177	29	2	default:dirt	0
178	29	2	default:dirt	0
179	29	2	default:dirt	0
180	29	2	default:dirt	0
181	29	2	default:dirt	0
182	29	2	default:dirt	0
183	29	2	default:dirt	0
184	29	2	default:dirt	0
185	29	2	default:dirt	0
186	29	2	default:dirt	0
187	29	2	default:dirt	0
188	29	2	default:dirt	0
189	29	2	default:dirt	0
190	29	2	default:dirt	0
191	29	2	default:dirt	0
192	29	2	default:dirt	0
193	29	2	default:dirt	0
194	29	2	default:dirt	0
195	29	2	default:dirt	0
196	29	2	default:dirt	0
197	29	2	default:dirt	0
198	29	2	default:dirt	0
199	29	2	default:dirt	0
150	30	2	default:dirt	0
151	30	2	default:dirt	0
152	30	2	default:dirt	0
153	30	2	default:dirt	0
154	30	2	default:dirt	0
155	30	2	default:dirt	0
156	30	2	default:dirt	0
157	30	2	default:dirt	0
158	30	2	default:dirt	0
159	30	2	default:dirt	0
160	30	2	default:dirt	0
161	30	2	default:dirt	0
162	30	2	default:dirt	0
163	30	2	default:dirt	0
164	30	2	default:dirt	0
165	30	2	default:dirt	0
166	30	2	default:dirt	0
167	30	2	default:dirt	0
168	30	2	default:dirt	0
169	30	2	default:dirt_with_grass	0
170	30	2	default:dirt_with_grass	0
171	30	2	default:dirt_with_grass	0
172	30	2	default:dirt_with_grass	0
173	30	2	default:dirt_with_grass	0
174	30	2	default:dirt_with_grass	0
175	30	2	default:dirt_with_grass	0
176	30	2	default:dirt_with_grass	0
177	30	2	default:dirt_with_grass	0
178	30	2	default:dirt_with_grass	0
179	30	2	default:dirt_with_grass	0
180	30	2	default:dirt_with_grass	0
181	30	2	default:dirt_with_grass	0
182	30	2	default:dirt_with_grass	0
183	30	2	default:dirt_with_grass	0
184	30	2	default:dirt_with_grass	0
185	30	2	default:dirt_with_grass	0
186	30	2	default:dirt_with_grass	0
187	30	2	default:dirt_with_grass	0
188	30	2	default:dirt_with_grass	0
189	30	2	default:dirt_with_grass	0
190	30	2	default:dirt_with_grass	0
191	30	2	default:dirt_with_grass	0
192	30	2	default:dirt_with_grass	0
193	30	2	default:dirt_with_grass	0
194	30	2	default:dirt_with_grass	0
195	30	2	default:dirt_with_grass	0
196	30	2	default:dirt_with_grass	0
197	30	2	default:dirt_with_grass	0
198	30	2	default:dirt_with_grass	0
199	30	2	default:dirt_with_grass	0
213	30	2	default:dirt	0
214	30	2	default:dirt	0
215	30	2	default:dirt	0
216	30	2	default:dirt	0
217	30	2	default:dirt	0
218	30	2	default:dirt	0
219	30	2	default:dirt	0
220	30	2	default:dirt	0
150	31	2	default:dirt_with_grass	0
151	31	2	default:dirt_with_grass	0
152	31	2	default:dirt_with_grass	0
153	31	2	default:dirt_with_grass	0
154	31	2	default:dirt_with_grass	0
155	31	2	default:dirt_with_grass	0
156	31	2	default:dirt_with_grass	0
157	31	2	default:dirt_with_grass	0
158	31	2	default:dirt_with_grass	0
159	31	2	default:dirt_with_grass	0
160	31	2	default:dirt_with_grass	0
161	31	2	default:dirt_with_grass	0
162	31	2	default:dirt_with_grass	0
163	31	2	default:dirt_with_grass	0
164	31	2	default:dirt_with_grass	0
165	31	2	default:dirt_with_grass	0
166	31	2	default:dirt_with_grass	0
167	31	2	default:dirt_with_grass	0
168	31	2	default:dirt_with_grass	0
169	31	2	default:river_water_source	0
170	31	2	default:river_water_source	0
171	31	2	default:river_water_source	0
172	31	2	default:river_water_source	0
173	31	2	default:river_water_source	0
174	31	2	default:river_water_source	0
175	31	2	default:river_water_source	0
176	31	2	default:river_water_source	0
177	31	2	default:river_water_source	0
178	31	2	default:river_water_source	0
179	31	2	default:river_water_source	0
180	31	2	default:river_water_source	0
181	31	2	default:river_water_source	0
182	31	2	default:river_water_source	0
183	31	2	default:river_water_source	0
184	31	2	default:river_water_source	0
185	31	2	default:river_water_source	0
186	31	2	default:river_water_source	0
187	31	2	default:river_water_source	0
188	31	2	default:river_water_source	0
189	31	2	default:river_water_source	0
190	31	2	default:river_water_source	0
191	31	2	default:river_water_source	0
192	31	2	default:river_water_source	0
193	31	2	default:river_water_source	0
194	31	2	default:river_water_source	0
195	31	2	default:river_water_source	0
196	31	2	default:river_water_source	0
197	31	2	default:river_water_source	0
198	31	2	default:river_water_source	0
199	31	2	default:river_water_source	0
211	31	2	default:dirt	0
212	31	2	default:dirt	0
213	31	2	default:dirt	0
214	31	2	default:dirt	0
215	31	2	default:dirt	0
216	31	2	default:dirt	0
217	31	2	default:dirt	0
218	31	2	default:dirt	0
219	31	2	default:dirt	0
220	31	2	default:dirt	0
150	32	2	default:river_water_source	0
151	32	2	default:river_water_source	0
152	32	2	default:river_water_source	0
153	32	2	default:river_water_source	0
154	32	2	default:river_water_source	0
155	32	2	default:river_water_source	0
156	32	2	default:river_water_source	0
157	32	2	default:river_water_source	0
158	32	2	default:river_water_source	0
159	32	2	default:river_water_source	0
160	32	2	default:river_water_source	0
161	32	2	default:river_water_source	0
162	32	2	default:river_water_source	0
163	32	2	default:river_water_source	0
164	32	2	default:river_water_source	0
165	32	2	default:river_water_source	0
166	32	2	default:river_water_source	0
167	32	2	default:river_water_source	0
168	32	2	default:river_water_source	0
169	32	2	default:river_water_source	0
170	32	2	default:river_water_source	0
171	32	2	default:river_water_source	0
172	32	2	default:river_water_source	0
173	32	2	default:river_water_source	0
174	32	2	default:river_water_source	0
175	32	2	default:river_water_source	0
176	32	2	default:river_water_source	0
177	32	2	default:river_water_source	0
178	32	2	default:river_water_source	0
179	32	2	default:river_water_source	0
180	32	2	default:river_water_source	0
181	32	2	default:river_water_source	0
182	32	2	default:river_water_source	0
183	32	2	default:river_water_source	0
184	32	2	default:river_water_source	0
185	32	2	default:river_water_source	0
186	32	2	default:river_water_source	0
187	32	2	default:river_water_source	0
188	32	2	default:river_water_source	0
189	32	2	default:river_water_source	0
190	32	2	default:river_water_source	0
191	32	2	default:river_water_source	0
192	32	2	default:river_water_source	0
193	32	2	default:river_water_source	0
194	32	2	default:river_water_source	0
195	32	2	default:river_water_source	0
196	32	2	default:river_water_source	0
197	32	2	default:river_water_source	0
198	32	2	default:river_water_source	0
199	32	2	default:river_water_source	0
208	32	2	default:dirt	0
209	32	2	default:dirt	0
210	32	2	default:dirt	0
211	32	2	default:dirt	0
212	32	2	default:dirt	0
213	32	2	default:dirt	0
214	32	2	default:dirt	0
215	32	2	default:dirt	0
216	32	2	default:dirt	0
217	32	2	default:dirt	0
218	32	2	default:dirt	0
219	32	2	default:dirt	0
220	32	2	default:dirt	0
150	33	2	default:river_water_source	0
151	33	2	default:river_water_source	0
152	33	2	default:river_water_source	0
153	33	2	default:river_water_source	0
154	33	2	default:river_water_source	0
155	33	2	default:river_water_source	0
156	33	2	default:river_water_source	0
157	33	2	default:river_water_source	0
158	33	2	default:river_water_source	0
159	33	2	default:river_water_source	0
160	33	2	default:river_water_source	0
161	33	2	default:river_water_source	0
162	33	2	default:river_water_source	0
163	33	2	default:river_water_source	0
164	33	2	default:river_water_source	0
165	33	2	default:river_water_source	0
166	33	2	default:river_water_source	0
167	33	2	default:river_water_source	0
168	33	2	default:river_water_source	0
169	33	2	default:river_water_source	0
170	33	2	default:river_water_source	0
171	33	2	default:river_water_source	0
172	33	2	default:river_water_source	0
173	33	2	default:river_water_source	0
174	33	2	default:river_water_source	0
175	33	2	default:river_water_source	0
176	33	2	default:river_water_source	0
177	33	2	default:river_water_source	0
178	33	2	default:river_water_source	0
179	33	2	default:river_water_source	0
180	33	2	default:river_water_source	0
181	33	2	default:river_water_source	0
182	33	2	default:river_water_source	0
183	33	2	default:river_water_source	0
184	33	2	default:river_water_source	0
185	33	2	default:river_water_source	0
186	33	2	default:river_water_source	0
187	33	2	default:river_water_source	0
188	33	2	default:river_water_source	0
189	33	2	default:river_water_source	0
190	33	2	default:river_water_source	0
191	33	2	default:river_water_source	0
192	33	2	default:river_water_source	0
193	33	2	default:river_water_source	0
194	33	2	default:river_water_source	0
195	33	2	default:river_water_source	0
196	33	2	default:river_water_source	0
197	33	2	default:river_water_source	0
198	33	2	default:river_water_source	0
199	33	2	default:river_water_source	0
206	33	2	default:dirt	0
207	33	2	default:dirt	0
208	33	2	default:dirt	0
209	33	2	default:dirt	0
210	33	2	default:dirt	0
211	33	2	default:dirt	0
212	33	2	default:dirt	0
213	33	2	default:brick	0
213	33	2	default:dirt_with_grass	0
214	33	2	default:brick	0
214	33	2	default:dirt_with_grass	0
215	33	2	default:brick	0
215	33	2	default:dirt_with_grass	0
216	33	2	default:brick	0
216	33	2	default:dirt_with_grass	0
217	33	2	default:brick	0
217	33	2	default:dirt_with_grass	0
218	33	2	default:brick	0
218	33	2	default:dirt_with_grass	0
219	33	2	default:brick	0
219	33	2	default:dirt_with_grass	0
220	33	2	default:brick	0
220	33	2	default:dirt_with_grass	0
150	34	2	default:river_water_source	0
151	34	2	default:river_water_source	0
152	34	2	default:river_water_source	0
153	34	2	default:river_water_source	0
154	34	2	default:river_water_source	0
155	34	2	default:river_water_source	0
156	34	2	default:river_water_source	0
157	34	2	default:river_water_source	0
158	34	2	default:river_water_source	0
159	34	2	default:river_water_source	0
160	34	2	default:river_water_source	0
161	34	2	default:river_water_source	0
162	34	2	default:river_water_source	0
163	34	2	default:river_water_source	0
164	34	2	default:river_water_source	0
165	34	2	default:river_water_source	0
166	34	2	default:river_water_source	0
167	34	2	default:river_water_source	0
168	34	2	default:river_water_source	0
169	34	2	default:river_water_source	0
170	34	2	default:river_water_source	0
171	34	2	default:river_water_source	0
172	34	2	default:river_water_source	0
173	34	2	default:river_water_source	0
174	34	2	default:river_water_source	0
175	34	2	default:river_water_source	0
176	34	2	default:river_water_source	0
177	34	2	default:river_water_source	0
178	34	2	default:river_water_source	0
179	34	2	default:river_water_source	0
180	34	2	default:river_water_source	0
181	34	2	default:river_water_source	0
182	34	2	default:river_water_source	0
183	34	2	default:river_water_source	0
184	34	2	default:river_water_source	0
185	34	2	default:river_water_source	0
186	34	2	default:river_water_source	0
187	34	2	default:river_water_source	0
188	34	2	default:river_water_source	0
189	34	2	default:river_water_source	0
190	34	2	default:river_water_source	0
191	34	2	default:river_water_source	0
192	34	2	default:river_water_source	0
193	34	2	default:river_water_source	0
194	34	2	default:river_water_source	0
195	34	2	default:river_water_source	0
196	34	2	default:river_water_source	0
197	34	2	default:river_water_source	0
198	34	2	default:river_water_source	0
199	34	2	default:river_water_source	0
200	34	2	default:dirt	0
201	34	2	default:dirt	0
202	34	2	default:dirt	0
203	34	2	default:dirt	0
204	34	2	default:dirt	0
205	34	2	default:dirt	0
206	34	2	default:dirt	0
207	34	2	default:dirt	0
208	34	2	default:dirt	0
209	34	2	default:dirt	0
210	34	2	default:dirt	0
211	34	2	default:brick	0
211	34	2	default:dirt_with_grass	0
212	34	2	default:dirt_with_grass	0
212	34	2	grug_decor:castle_stonewall_stair	3
150	35	2	default:brick	0
150	35	2	default:river_water_source	0
151	35	2	default:brick	0
151	35	2	default:river_water_source	0
152	35	2	default:brick	0
152	35	2	default:river_water_source	0
153	35	2	default:brick	0
153	35	2	default:river_water_source	0
154	35	2	default:brick	0
154	35	2	default:river_water_source	0
155	35	2	default:brick	0
155	35	2	default:river_water_source	0
156	35	2	default:brick	0
156	35	2	default:river_water_source	0
157	35	2	default:brick	0
157	35	2	default:river_water_source	0
158	35	2	default:brick	0
158	35	2	default:river_water_source	0
159	35	2	default:brick	0
159	35	2	default:river_water_source	0
160	35	2	default:brick	0
160	35	2	default:river_water_source	0
161	35	2	default:brick	0
161	35	2	default:river_water_source	0
162	35	2	default:brick	0
162	35	2	default:river_water_source	0
163	35	2	default:brick	0
163	35	2	default:river_water_source	0
164	35	2	default:brick	0
164	35	2	default:river_water_source	0
165	35	2	default:brick	0
165	35	2	default:river_water_source	0
166	35	2	default:brick	0
166	35	2	default:river_water_source	0
167	35	2	default:brick	0
167	35	2	default:river_water_source	0
168	35	2	default:brick	0
168	35	2	default:river_water_source	0
169	35	2	default:brick	0
169	35	2	default:river_water_source	0
170	35	2	default:brick	0
170	35	2	default:river_water_source	0
171	35	2	default:brick	0
171	35	2	default:river_water_source	0
172	35	2	default:brick	0
172	35	2	default:river_water_source	0
173	35	2	default:brick	0
173	35	2	default:river_water_source	0
174	35	2	default:brick	0
174	35	2	default:river_water_source	0
175	35	2	default:brick	0
175	35	2	default:river_water_source	0
176	35	2	default:brick	0
176	35	2	default:river_water_source	0
177	35	2	default:brick	0
177	35	2	default:river_water_source	0
178	35	2	default:brick	0
178	35	2	default:river_water_source	0
179	35	2	default:brick	0
179	35	2	default:river_water_source	0
180	35	2	default:brick	0
180	35	2	default:river_water_source	0
181	35	2	default:brick	0
181	35	2	default:river_water_source	0
182	35	2	default:brick	0
182	35	2	default:river_water_source	0
183	35	2	default:brick	0
183	35	2	default:river_water_source	0
184	35	2	default:brick	0
184	35	2	default:river_water_source	0
185	35	2	default:brick	0
185	35	2	default:river_water_source	0
186	35	2	default:brick	0
186	35	2	default:river_water_source	0
187	35	2	default:brick	0
187	35	2	default:river_water_source	0
188	35	2	default:brick	0
188	35	2	default:river_water_source	0
189	35	2	default:brick	0
189	35	2	default:river_water_source	0
190	35	2	default:brick	0
190	35	2	default:river_water_source	0
191	35	2	default:brick	0
191	35	2	default:river_water_source	0
192	35	2	default:brick	0
192	35	2	default:river_water_source	0
193	35	2	default:brick	0
193	35	2	default:river_water_source	0
194	35	2	default:brick	0
194	35	2	default:river_water_source	0
195	35	2	default:brick	0
195	35	2	default:river_water_source	0
196	35	2	default:brick	0
196	35	2	default:brick	0
196	35	2	default:river_water_source	0
197	35	2	default:brick	0
197	35	2	default:river_water_source	0
197	35	2	grug_decor:castle_pavement_brick	0
198	35	2	default:brick	0
198	35	2	default:river_water_source	0
198	35	2	grug_decor:castle_pavement_brick	0
199	35	2	default:brick	0
199	35	2	default:river_water_source	0
199	35	2	grug_decor:castle_pavement_brick	0
200	35	2	default:dirt	0
201	35	2	default:dirt	0
202	35	2	default:dirt	0
203	35	2	default:dirt	0
204	35	2	default:dirt	0
205	35	2	default:dirt	0
206	35	2	default:dirt	0
207	35	2	default:dirt	0
208	35	2	default:brick	0
208	35	2	default:dirt_with_grass	0
209	35	2	default:brick	0
209	35	2	default:dirt_with_grass	0
210	35	2	default:dirt_with_grass	0
210	35	2	grug_decor:castle_stonewall_stair	3
199	36	2	grug_decor:castle_stonewall_stair	0
199	36	2	grug_decor:castle_stonewall_stair	1
200	36	2	default:dirt	0
201	36	2	default:dirt	0
202	36	2	default:dirt	0
203	36	2	default:dirt	0
204	36	2	default:dirt	0
205	36	2	default:dirt	0
206	36	2	default:brick	0
206	36	2	default:dirt_with_grass	0
207	36	2	default:dirt_with_grass	0
207	36	2	grug_decor:castle_stonewall_stair	3
200	37	2	default:dirt_with_grass	0
200	37	2	grug_decor:castle_stonewall_stair	0
200	37	2	grug_decor:castle_stonewall_stair	1
201	37	2	default:brick	0
201	37	2	default:dirt_with_grass	0
202	37	2	default:brick	0
202	37	2	default:dirt_with_grass	0
203	37	2	default:brick	0
203	37	2	default:dirt_with_grass	0
204	37	2	default:brick	0
204	37	2	default:dirt_with_grass	0
205	37	2	default:dirt_with_grass	0
205	37	2	grug_decor:castle_stonewall_stair	3
172	27	3	default:dirt	0
173	27	3	default:dirt	0
174	27	3	default:dirt	0
175	27	3	default:dirt	0
176	27	3	default:dirt	0
177	27	3	default:dirt	0
178	27	3	default:dirt	0
179	27	3	default:dirt	0
180	27	3	default:dirt	0
181	27	3	default:dirt	0
182	27	3	default:dirt	0
183	27	3	default:dirt	0
184	27	3	default:dirt	0
185	27	3	default:dirt	0
186	27	3	default:dirt	0
187	27	3	default:dirt	0
188	27	3	default:dirt	0
189	27	3	default:dirt	0
190	27	3	default:dirt	0
191	27	3	default:dirt	0
192	27	3	default:dirt	0
193	27	3	default:dirt	0
194	27	3	default:dirt	0
195	27	3	default:dirt	0
196	27	3	default:dirt	0
197	27	3	default:dirt	0
198	27	3	default:dirt	0
150	28	3	default:dirt	0
151	28	3	default:dirt	0
152	28	3	default:dirt	0
153	28	3	default:dirt	0
154	28	3	default:dirt	0
155	28	3	default:dirt	0
156	28	3	default:dirt	0
157	28	3	default:dirt	0
158	28	3	default:dirt	0
159	28	3	default:dirt	0
160	28	3	default:dirt	0
161	28	3	default:dirt	0
162	28	3	default:dirt	0
163	28	3	default:dirt	0
164	28	3	default:dirt	0
165	28	3	default:dirt	0
166	28	3	default:dirt	0
167	28	3	default:dirt	0
168	28	3	default:dirt	0
169	28	3	default:dirt	0
170	28	3	default:dirt	0
171	28	3	default:dirt	0
172	28	3	default:dirt	0
173	28	3	default:dirt	0
174	28	3	default:dirt	0
175	28	3	default:dirt	0
176	28	3	default:dirt	0
177	28	3	default:dirt	0
178	28	3	default:dirt	0
179	28	3	default:dirt	0
180	28	3	default:dirt	0
181	28	3	default:dirt	0
182	28	3	default:dirt	0
183	28	3	default:dirt	0
184	28	3	default:dirt	0
185	28	3	default:dirt	0
186	28	3	default:dirt	0
187	28	3	default:dirt	0
188	28	3	default:dirt	0
189	28	3	default:dirt	0
190	28	3	default:dirt	0
191	28	3	default:dirt	0
192	28	3	default:dirt	0
193	28	3	default:dirt	0
194	28	3	default:dirt	0
195	28	3	default:dirt	0
196	28	3	default:dirt	0
197	28	3	default:dirt	0
198	28	3	default:dirt	0
150	29	3	default:dirt	0
151	29	3	default:dirt	0
152	29	3	default:dirt	0
153	29	3	default:dirt	0
154	29	3	default:dirt	0
155	29	3	default:dirt	0
156	29	3	default:dirt	0
157	29	3	default:dirt	0
158	29	3	default:dirt	0
159	29	3	default:dirt	0
160	29	3	default:dirt	0
161	29	3	default:dirt	0
162	29	3	default:dirt	0
163	29	3	default:dirt	0
164	29	3	default:dirt	0
165	29	3	default:dirt	0
166	29	3	default:dirt	0
167	29	3	default:dirt	0
168	29	3	default:dirt	0
169	29	3	default:dirt	0
170	29	3	default:dirt	0
171	29	3	default:dirt	0
172	29	3	default:dirt	0
173	29	3	default:dirt	0
174	29	3	default:dirt	0
175	29	3	default:dirt	0
176	29	3	default:dirt	0
177	29	3	default:dirt	0
178	29	3	default:dirt	0
179	29	3	default:dirt	0
180	29	3	default:dirt	0
181	29	3	default:dirt	0
182	29	3	default:dirt	0
183	29	3	default:dirt	0
184	29	3	default:dirt	0
185	29	3	default:dirt	0
186	29	3	default:dirt	0
187	29	3	default:dirt	0
188	29	3	default:dirt	0
189	29	3	default:dirt	0
190	29	3	default:dirt	0
191	29	3	default:dirt	0
192	29	3	default:dirt	0
193	29	3	default:dirt	0
194	29	3	default:dirt	0
195	29	3	default:dirt	0
196	29	3	default:dirt	0
197	29	3	default:dirt	0
198	29	3	default:dirt	0
150	30	3	default:dirt	0
151	30	3	default:dirt	0
152	30	3	default:dirt	0
153	30	3	default:dirt	0
154	30	3	default:dirt	0
155	30	3	default:dirt	0
156	30	3	default:dirt	0
157	30	3	default:dirt	0
158	30	3	default:dirt	0
159	30	3	default:dirt	0
160	30	3	default:dirt	0
161	30	3	default:dirt	0
162	30	3	default:dirt	0
163	30	3	default:dirt	0
164	30	3	default:dirt	0
165	30	3	default:dirt	0
166	30	3	default:dirt	0
167	30	3	default:dirt	0
168	30	3	default:dirt	0
169	30	3	default:dirt	0
170	30	3	default:dirt	0
171	30	3	default:dirt	0
172	30	3	default:dirt_with_grass	0
173	30	3	default:dirt_with_grass	0
174	30	3	default:dirt_with_grass	0
175	30	3	default:dirt_with_grass	0
176	30	3	default:dirt_with_grass	0
177	30	3	default:dirt_with_grass	0
178	30	3	default:dirt_with_grass	0
179	30	3	default:dirt_with_grass	0
180	30	3	default:dirt_with_grass	0
181	30	3	default:dirt_with_grass	0
182	30	3	default:dirt_with_grass	0
183	30	3	default:dirt_with_grass	0
184	30	3	default:dirt_with_grass	0
185	30	3	default:dirt_with_grass	0
186	30	3	default:dirt_with_grass	0
187	30	3	default:dirt_with_grass	0
188	30	3	default:dirt_with_grass	0
189	30	3	default:dirt_with_grass	0
190	30	3	default:dirt_with_grass	0
191	30	3	default:dirt_with_grass	0
192	30	3	default:dirt_with_grass	0
193	30	3	default:dirt_with_grass	0
194	30	3	default:dirt_with_grass	0
195	30	3	default:dirt_with_grass	0
196	30	3	default:dirt_with_grass	0
197	30	3	default:dirt_with_grass	0
198	30	3	default:dirt_with_grass	0
212	30	3	default:dirt	0
213	30	3	default:dirt	0
214	30	3	default:dirt	0
215	30	3	default:dirt	0
216	30	3	default:dirt	0
217	30	3	default:dirt	0
218	30	3	default:dirt	0
219	30	3	default:dirt	0
220	30	3	default:dirt	0
150	31	3	default:dirt_with_grass	0
151	31	3	default:dirt_with_grass	0
152	31	3	default:dirt_with_grass	0
153	31	3	default:dirt_with_grass	0
154	31	3	default:dirt_with_grass	0
155	31	3	default:dirt_with_grass	0
156	31	3	default:dirt_with_grass	0
157	31	3	default:dirt_with_grass	0
158	31	3	default:dirt_with_grass	0
159	31	3	default:dirt_with_grass	0
160	31	3	default:dirt_with_grass	0
161	31	3	default:dirt_with_grass	0
162	31	3	default:dirt_with_grass	0
163	31	3	default:dirt_with_grass	0
164	31	3	default:dirt_with_grass	0
165	31	3	default:dirt_with_grass	0
166	31	3	default:dirt_with_grass	0
167	31	3	default:dirt_with_grass	0
168	31	3	default:dirt_with_grass	0
169	31	3	default:dirt_with_grass	0
170	31	3	default:dirt_with_grass	0
171	31	3	default:dirt_with_grass	0
172	31	3	default:river_water_source	0
173	31	3	default:river_water_source	0
174	31	3	default:river_water_source	0
175	31	3	default:river_water_source	0
176	31	3	default:river_water_source	0
177	31	3	default:river_water_source	0
178	31	3	default:river_water_source	0
179	31	3	default:river_water_source	0
180	31	3	default:river_water_source	0
181	31	3	default:river_water_source	0
182	31	3	default:river_water_source	0
183	31	3	default:river_water_source	0
184	31	3	default:river_water_source	0
185	31	3	default:river_water_source	0
186	31	3	default:river_water_source	0
187	31	3	default:river_water_source	0
188	31	3	default:river_water_source	0
189	31	3	default:river_water_source	0
190	31	3	default:river_water_source	0
191	31	3	default:river_water_source	0
192	31	3	default:river_water_source	0
193	31	3	default:river_water_source	0
194	31	3	default:river_water_source	0
195	31	3	default:river_water_source	0
196	31	3	default:river_water_source	0
197	31	3	default:river_water_source	0
198	31	3	default:river_water_source	0
211	31	3	default:dirt	0
212	31	3	default:dirt	0
213	31	3	default:dirt	0
214	31	3	default:dirt	0
215	31	3	default:dirt	0
216	31	3	default:dirt	0
217	31	3	default:dirt	0
218	31	3	default:dirt	0
219	31	3	default:dirt	0
220	31	3	default:dirt	0
150	32	3	default:river_water_source	0
151	32	3	default:river_water_source	0
152	32	3	default:river_water_source	0
153	32	3	default:river_water_source	0
154	32	3	default:river_water_source	0
155	32	3	default:river_water_source	0
156	32	3	default:river_water_source	0
157	32	3	default:river_water_source	0
158	32	3	default:river_water_source	0
159	32	3	default:river_water_source	0
160	32	3	default:river_water_source	0
161	32	3	default:river_water_source	0
162	32	3	default:river_water_source	0
163	32	3	default:river_water_source	0
164	32	3	default:river_water_source	0
165	32	3	default:river_water_source	0
166	32	3	default:river_water_source	0
167	32	3	default:river_water_source	0
168	32	3	default:river_water_source	0
169	32	3	default:river_water_source	0
170	32	3	default:river_water_source	0
171	32	3	default:river_water_source	0
172	32	3	default:river_water_source	0
173	32	3	default:river_water_source	0
174	32	3	default:river_water_source	0
175	32	3	default:river_water_source	0
176	32	3	default:river_water_source	0
177	32	3	default:river_water_source	0
178	32	3	default:river_water_source	0
179	32	3	default:river_water_source	0
180	32	3	default:river_water_source	0
181	32	3	default:river_water_source	0
182	32	3	default:river_water_source	0
183	32	3	default:river_water_source	0
184	32	3	default:river_water_source	0
185	32	3	default:river_water_source	0
186	32	3	default:river_water_source	0
187	32	3	default:river_water_source	0
188	32	3	default:river_water_source	0
189	32	3	default:river_water_source	0
190	32	3	default:river_water_source	0
191	32	3	default:river_water_source	0
192	32	3	default:river_water_source	0
193	32	3	default:river_water_source	0
194	32	3	default:river_water_source	0
195	32	3	default:river_water_source	0
196	32	3	default:river_water_source	0
197	32	3	default:river_water_source	0
198	32	3	default:river_water_source	0
207	32	3	default:dirt	0
208	32	3	default:dirt	0
209	32	3	default:dirt	0
210	32	3	default:dirt	0
211	32	3	default:dirt	0
212	32	3	default:dirt	0
213	32	3	default:dirt	0
214	32	3	default:dirt	0
215	32	3	default:dirt	0
216	32	3	default:dirt	0
217	32	3	default:dirt	0
218	32	3	default:dirt	0
219	32	3	default:dirt	0
220	32	3	default:dirt	0
150	33	3	default:river_water_source	0
151	33	3	default:river_water_source	0
152	33	3	default:river_water_source	0
153	33	3	default:river_water_source	0
154	33	3	default:river_water_source	0
155	33	3	default:river_water_source	0
156	33	3	default:river_water_source	0
157	33	3	default:river_water_source	0
158	33	3	default:river_water_source	0
159	33	3	default:river_water_source	0
160	33	3	default:river_water_source	0
161	33	3	default:river_water_source	0
162	33	3	default:river_water_source	0
163	33	3	default:river_water_source	0
164	33	3	default:river_water_source	0
165	33	3	default:river_water_source	0
166	33	3	default:river_water_source	0
167	33	3	default:river_water_source	0
168	33	3	default:river_water_source	0
169	33	3	default:river_water_source	0
170	33	3	default:river_water_source	0
171	33	3	default:river_water_source	0
172	33	3	default:river_water_source	0
173	33	3	default:river_water_source	0
174	33	3	default:river_water_source	0
175	33	3	default:river_water_source	0
176	33	3	default:river_water_source	0
177	33	3	default:river_water_source	0
178	33	3	default:river_water_source	0
179	33	3	default:river_water_source	0
180	33	3	default:river_water_source	0
181	33	3	default:river_water_source	0
182	33	3	default:river_water_source	0
183	33	3	default:river_water_source	0
184	33	3	default:river_water_source	0
185	33	3	default:river_water_source	0
186	33	3	default:river_water_source	0
187	33	3	default:river_water_source	0
188	33	3	default:river_water_source	0
189	33	3	default:river_water_source	0
190	33	3	default:river_water_source	0
191	33	3	default:river_water_source	0
192	33	3	default:river_water_source	0
193	33	3	default:river_water_source	0
194	33	3	default:river_water_source	0
195	33	3	default:river_water_source	0
196	33	3	default:river_water_source	0
197	33	3	default:river_water_source	0
198	33	3	default:river_water_source	0
206	33	3	default:dirt	0
207	33	3	default:dirt	0
208	33	3	default:dirt	0
209	33	3	default:dirt	0
210	33	3	default:dirt	0
211	33	3	default:dirt	0
212	33	3	default:dirt_with_grass	0
213	33	3	default:dirt_with_grass	0
214	33	3	default:dirt_with_grass	0
215	33	3	default:dirt_with_grass	0
216	33	3	default:brick	0
216	33	3	default:dirt_with_grass	0
217	33	3	default:dirt_with_grass	0
218	33	3	default:dirt_with_grass	0
219	33	3	default:dirt_with_grass	0
220	33	3	default:dirt_with_grass	0
150	34	3	default:river_water_source	0
151	34	3	default:river_water_source	0
152	34	3	default:river_water_source	0
153	34	3	default:river_water_source	0
154	34	3	default:river_water_source	0
155	34	3	default:river_water_source	0
156	34	3	default:river_water_source	0
157	34	3	default:river_water_source	0
158	34	3	default:river_water_source	0
159	34	3	default:river_water_source	0
160	34	3	default:river_water_source	0
161	34	3	default:river_water_source	0
162	34	3	default:river_water_source	0
163	34	3	default:river_water_source	0
164	34	3	default:river_water_source	0
165	34	3	default:river_water_source	0
166	34	3	default:river_water_source	0
167	34	3	default:river_water_source	0
168	34	3	default:river_water_source	0
169	34	3	default:river_water_source	0
170	34	3	default:river_water_source	0
171	34	3	default:river_water_source	0
172	34	3	default:river_water_source	0
173	34	3	default:river_water_source	0
174	34	3	default:river_water_source	0
175	34	3	default:river_water_source	0
176	34	3	default:river_water_source	0
177	34	3	default:river_water_source	0
178	34	3	default:river_water_source	0
179	34	3	default:river_water_source	0
180	34	3	default:river_water_source	0
181	34	3	default:river_water_source	0
182	34	3	default:river_water_source	0
183	34	3	default:river_water_source	0
184	34	3	default:river_water_source	0
185	34	3	default:river_water_source	0
186	34	3	default:river_water_source	0
187	34	3	default:river_water_source	0
188	34	3	default:river_water_source	0
189	34	3	default:river_water_source	0
190	34	3	default:river_water_source	0
191	34	3	default:river_water_source	0
192	34	3	default:river_water_source	0
193	34	3	default:river_water_source	0
194	34	3	default:river_water_source	0
195	34	3	default:river_water_source	0
196	34	3	default:river_water_source	0
197	34	3	default:river_water_source	0
198	34	3	default:river_water_source	0
199	34	3	default:dirt	0
200	34	3	default:dirt	0
201	34	3	default:dirt	0
202	34	3	default:dirt	0
203	34	3	default:dirt	0
204	34	3	default:dirt	0
205	34	3	default:dirt	0
206	34	3	default:dirt	0
207	34	3	default:dirt	0
208	34	3	default:dirt	0
209	34	3	default:dirt	0
210	34	3	default:dirt	0
211	34	3	default:dirt_with_grass	0
216	34	3	default:tree	0
150	35	3	default:river_water_source	0
151	35	3	default:river_water_source	0
152	35	3	default:brick	0
152	35	3	default:river_water_source	0
153	35	3	default:river_water_source	0
154	35	3	default:river_water_source	0
155	35	3	default:river_water_source	0
156	35	3	default:river_water_source	0
157	35	3	default:river_water_source	0
158	35	3	default:river_water_source	0
159	35	3	default:river_water_source	0
160	35	3	default:brick	0
160	35	3	default:river_water_source	0
161	35	3	default:river_water_source	0
162	35	3	default:river_water_source	0
163	35	3	default:river_water_source	0
164	35	3	default:river_water_source	0
165	35	3	default:river_water_source	0
166	35	3	default:river_water_source	0
167	35	3	default:river_water_source	0
168	35	3	default:brick	0
168	35	3	default:river_water_source	0
169	35	3	default:river_water_source	0
170	35	3	default:river_water_source	0
171	35	3	default:river_water_source	0
172	35	3	default:river_water_source	0
173	35	3	default:river_water_source	0
174	35	3	default:river_water_source	0
175	35	3	default:river_water_source	0
176	35	3	default:brick	0
176	35	3	default:river_water_source	0
177	35	3	default:river_water_source	0
178	35	3	default:river_water_source	0
179	35	3	default:river_water_source	0
180	35	3	default:river_water_source	0
181	35	3	default:river_water_source	0
182	35	3	default:river_water_source	0
183	35	3	default:river_water_source	0
184	35	3	default:brick	0
184	35	3	default:river_water_source	0
185	35	3	default:river_water_source	0
186	35	3	default:river_water_source	0
187	35	3	default:river_water_source	0
188	35	3	default:river_water_source	0
189	35	3	default:river_water_source	0
190	35	3	default:river_water_source	0
191	35	3	default:river_water_source	0
192	35	3	default:brick	0
192	35	3	default:river_water_source	0
193	35	3	default:river_water_source	0
194	35	3	default:river_water_source	0
195	35	3	default:river_water_source	0
196	35	3	default:brick	0
196	35	3	default:river_water_source	0
197	35	3	default:river_water_source	0
197	35	3	grug_decor:castle_pavement_brick	0
198	35	3	default:river_water_source	0
198	35	3	grug_decor:castle_pavement_brick	0
199	35	3	default:dirt	0
200	35	3	default:dirt	0
201	35	3	default:dirt	0
202	35	3	default:dirt	0
203	35	3	default:dirt	0
204	35	3	default:dirt	0
205	35	3	default:dirt	0
206	35	3	default:dirt	0
207	35	3	default:dirt_with_grass	0
208	35	3	default:brick	0
208	35	3	default:dirt_with_grass	0
209	35	3	default:dirt_with_grass	0
210	35	3	default:dirt_with_grass	0
216	35	3	default:tree	0
152	36	3	default:tree	0
160	36	3	default:tree	0
168	36	3	default:tree	0
176	36	3	default:tree	0
184	36	3	default:tree	0
192	36	3	default:tree	0
199	36	3	default:dirt	0
200	36	3	default:dirt	0
201	36	3	default:dirt	0
202	36	3	default:dirt	0
203	36	3	default:dirt	0
204	36	3	default:dirt	0
205	36	3	default:dirt	0
206	36	3	default:dirt_with_grass	0
208	36	3	default:tree	0
216	36	3	default:torch	1
152	37	3	default:tree	0
160	37	3	default:tree	0
168	37	3	default:tree	0
176	37	3	default:tree	0
184	37	3	default:tree	0
192	37	3	default:tree	0
199	37	3	default:dirt_with_grass	0
199	37	3	grug_decor:castle_stonewall_stair	0
200	37	3	default:brick	0
200	37	3	default:brick	0
200	37	3	default:dirt_with_grass	0
201	37	3	default:dirt_with_grass	0
202	37	3	default:dirt_with_grass	0
203	37	3	default:dirt_with_grass	0
204	37	3	default:dirt_with_grass	0
205	37	3	default:dirt_with_grass	0
208	37	3	default:tree	0
152	38	3	default:torch	1
160	38	3	default:torch	1
168	38	3	default:torch	1
176	38	3	default:torch	1
184	38	3	default:torch	1
192	38	3	default:torch	1
200	38	3	default:tree	0
208	38	3	default:torch	1
200	39	3	default:tree	0
200	40	3	default:torch	1
177	27	4	default:dirt	0
178	27	4	default:dirt	0
179	27	4	default:dirt	0
180	27	4	default:dirt	0
181	27	4	default:dirt	0
182	27	4	default:dirt	0
183	27	4	default:dirt	0
184	27	4	default:dirt	0
185	27	4	default:dirt	0
186	27	4	default:dirt	0
187	27	4	default:dirt	0
188	27	4	default:dirt	0
189	27	4	default:dirt	0
190	27	4	default:dirt	0
191	27	4	default:dirt	0
192	27	4	default:dirt	0
193	27	4	default:dirt	0
194	27	4	default:dirt	0
195	27	4	default:dirt	0
196	27	4	default:dirt	0
197	27	4	default:dirt	0
198	27	4	default:dirt	0
150	28	4	default:dirt	0
151	28	4	default:dirt	0
152	28	4	default:dirt	0
153	28	4	default:dirt	0
154	28	4	default:dirt	0
155	28	4	default:dirt	0
156	28	4	default:dirt	0
157	28	4	default:dirt	0
158	28	4	default:dirt	0
159	28	4	default:dirt	0
160	28	4	default:dirt	0
161	28	4	default:dirt	0
162	28	4	default:dirt	0
163	28	4	default:dirt	0
164	28	4	default:dirt	0
165	28	4	default:dirt	0
166	28	4	default:dirt	0
167	28	4	default:dirt	0
168	28	4	default:dirt	0
169	28	4	default:dirt	0
170	28	4	default:dirt	0
171	28	4	default:dirt	0
172	28	4	default:dirt	0
173	28	4	default:dirt	0
174	28	4	default:dirt	0
175	28	4	default:dirt	0
176	28	4	default:dirt	0
177	28	4	default:dirt	0
178	28	4	default:dirt	0
179	28	4	default:dirt	0
180	28	4	default:dirt	0
181	28	4	default:dirt	0
182	28	4	default:dirt	0
183	28	4	default:dirt	0
184	28	4	default:dirt	0
185	28	4	default:dirt	0
186	28	4	default:dirt	0
187	28	4	default:dirt	0
188	28	4	default:dirt	0
189	28	4	default:dirt	0
190	28	4	default:dirt	0
191	28	4	default:dirt	0
192	28	4	default:dirt	0
193	28	4	default:dirt	0
194	28	4	default:dirt	0
195	28	4	default:dirt	0
196	28	4	default:dirt	0
197	28	4	default:dirt	0
198	28	4	default:dirt	0
150	29	4	default:dirt	0
151	29	4	default:dirt	0
152	29	4	default:dirt	0
153	29	4	default:dirt	0
154	29	4	default:dirt	0
155	29	4	default:dirt	0
156	29	4	default:dirt	0
157	29	4	default:dirt	0
158	29	4	default:dirt	0
159	29	4	default:dirt	0
160	29	4	default:dirt	0
161	29	4	default:dirt	0
162	29	4	default:dirt	0
163	29	4	default:dirt	0
164	29	4	default:dirt	0
165	29	4	default:dirt	0
166	29	4	default:dirt	0
167	29	4	default:dirt	0
168	29	4	default:dirt	0
169	29	4	default:dirt	0
170	29	4	default:dirt	0
171	29	4	default:dirt	0
172	29	4	default:dirt	0
173	29	4	default:dirt	0
174	29	4	default:dirt	0
175	29	4	default:dirt	0
176	29	4	default:dirt	0
177	29	4	default:dirt	0
178	29	4	default:dirt	0
179	29	4	default:dirt	0
180	29	4	default:dirt	0
181	29	4	default:dirt	0
182	29	4	default:dirt	0
183	29	4	default:dirt	0
184	29	4	default:dirt	0
185	29	4	default:dirt	0
186	29	4	default:dirt	0
187	29	4	default:dirt	0
188	29	4	default:dirt	0
189	29	4	default:dirt	0
190	29	4	default:dirt	0
191	29	4	default:dirt	0
192	29	4	default:dirt	0
193	29	4	default:dirt	0
194	29	4	default:dirt	0
195	29	4	default:dirt	0
196	29	4	default:dirt	0
197	29	4	default:dirt	0
198	29	4	default:dirt	0
150	30	4	default:dirt	0
151	30	4	default:dirt	0
152	30	4	default:dirt	0
153	30	4	default:dirt	0
154	30	4	default:dirt	0
155	30	4	default:dirt	0
156	30	4	default:dirt	0
157	30	4	default:dirt	0
158	30	4	default:dirt	0
159	30	4	default:dirt	0
160	30	4	default:dirt	0
161	30	4	default:dirt	0
162	30	4	default:dirt	0
163	30	4	default:dirt	0
164	30	4	default:dirt	0
165	30	4	default:dirt	0
166	30	4	default:dirt	0
167	30	4	default:dirt	0
168	30	4	default:dirt	0
169	30	4	default:dirt	0
170	30	4	default:dirt	0
171	30	4	default:dirt	0
172	30	4	default:dirt	0
173	30	4	default:dirt	0
174	30	4	default:dirt	0
175	30	4	default:dirt	0
176	30	4	default:dirt	0
177	30	4	default:dirt_with_grass	0
178	30	4	default:dirt_with_grass	0
179	30	4	default:dirt_with_grass	0
180	30	4	default:dirt_with_grass	0
181	30	4	default:dirt_with_grass	0
182	30	4	default:dirt_with_grass	0
183	30	4	default:dirt_with_grass	0
184	30	4	default:dirt_with_grass	0
185	30	4	default:dirt_with_grass	0
186	30	4	default:dirt_with_grass	0
187	30	4	default:dirt_with_grass	0
188	30	4	default:dirt_with_grass	0
189	30	4	default:dirt_with_grass	0
190	30	4	default:dirt_with_grass	0
191	30	4	default:dirt_with_grass	0
192	30	4	default:dirt_with_grass	0
193	30	4	default:dirt_with_grass	0
194	30	4	default:dirt_with_grass	0
195	30	4	default:dirt_with_grass	0
196	30	4	default:dirt_with_grass	0
197	30	4	default:dirt_with_grass	0
198	30	4	default:dirt_with_grass	0
212	30	4	default:dirt	0
213	30	4	default:dirt	0
214	30	4	default:dirt	0
215	30	4	default:dirt	0
216	30	4	default:dirt	0
217	30	4	default:dirt	0
218	30	4	default:dirt	0
219	30	4	default:dirt	0
220	30	4	default:dirt	0
150	31	4	default:dirt_with_grass	0
151	31	4	default:dirt_with_grass	0
152	31	4	default:dirt_with_grass	0
153	31	4	default:dirt_with_grass	0
154	31	4	default:dirt_with_grass	0
155	31	4	default:dirt_with_grass	0
156	31	4	default:dirt_with_grass	0
157	31	4	default:dirt_with_grass	0
158	31	4	default:dirt_with_grass	0
159	31	4	default:dirt_with_grass	0
160	31	4	default:dirt_with_grass	0
161	31	4	default:dirt_with_grass	0
162	31	4	default:dirt_with_grass	0
163	31	4	default:dirt_with_grass	0
164	31	4	default:dirt_with_grass	0
165	31	4	default:dirt_with_grass	0
166	31	4	default:dirt_with_grass	0
167	31	4	default:dirt_with_grass	0
168	31	4	default:dirt_with_grass	0
169	31	4	default:dirt_with_grass	0
170	31	4	default:dirt_with_grass	0
171	31	4	default:dirt_with_grass	0
172	31	4	default:dirt_with_grass	0
173	31	4	default:dirt_with_grass	0
174	31	4	default:dirt_with_grass	0
175	31	4	default:dirt_with_grass	0
176	31	4	default:dirt_with_grass	0
177	31	4	default:river_water_source	0
178	31	4	default:river_water_source	0
179	31	4	default:river_water_source	0
180	31	4	default:river_water_source	0
181	31	4	default:river_water_source	0
182	31	4	default:river_water_source	0
183	31	4	default:river_water_source	0
184	31	4	default:river_water_source	0
185	31	4	default:river_water_source	0
186	31	4	default:river_water_source	0
187	31	4	default:river_water_source	0
188	31	4	default:river_water_source	0
189	31	4	default:river_water_source	0
190	31	4	default:river_water_source	0
191	31	4	default:river_water_source	0
192	31	4	default:river_water_source	0
193	31	4	default:river_water_source	0
194	31	4	default:river_water_source	0
195	31	4	default:river_water_source	0
196	31	4	default:river_water_source	0
197	31	4	default:river_water_source	0
198	31	4	default:river_water_source	0
210	31	4	default:dirt	0
211	31	4	default:dirt	0
212	31	4	default:dirt	0
213	31	4	default:dirt	0
214	31	4	default:dirt	0
215	31	4	default:dirt	0
216	31	4	default:dirt	0
217	31	4	default:dirt	0
218	31	4	default:dirt	0
219	31	4	default:dirt	0
220	31	4	default:dirt	0
150	32	4	default:river_water_source	0
151	32	4	default:river_water_source	0
152	32	4	default:river_water_source	0
153	32	4	default:river_water_source	0
154	32	4	default:river_water_source	0
155	32	4	default:river_water_source	0
156	32	4	default:river_water_source	0
157	32	4	default:river_water_source	0
158	32	4	default:river_water_source	0
159	32	4	default:river_water_source	0
160	32	4	default:river_water_source	0
161	32	4	default:river_water_source	0
162	32	4	default:river_water_source	0
163	32	4	default:river_water_source	0
164	32	4	default:river_water_source	0
165	32	4	default:river_water_source	0
166	32	4	default:river_water_source	0
167	32	4	default:river_water_source	0
168	32	4	default:river_water_source	0
169	32	4	default:river_water_source	0
170	32	4	default:river_water_source	0
171	32	4	default:river_water_source	0
172	32	4	default:river_water_source	0
173	32	4	default:river_water_source	0
174	32	4	default:river_water_source	0
175	32	4	default:river_water_source	0
176	32	4	default:river_water_source	0
177	32	4	default:river_water_source	0
178	32	4	default:river_water_source	0
179	32	4	default:river_water_source	0
180	32	4	default:river_water_source	0
181	32	4	default:river_water_source	0
182	32	4	default:river_water_source	0
183	32	4	default:river_water_source	0
184	32	4	default:river_water_source	0
185	32	4	default:river_water_source	0
186	32	4	default:river_water_source	0
187	32	4	default:river_water_source	0
188	32	4	default:river_water_source	0
189	32	4	default:river_water_source	0
190	32	4	default:river_water_source	0
191	32	4	default:river_water_source	0
192	32	4	default:river_water_source	0
193	32	4	default:river_water_source	0
194	32	4	default:river_water_source	0
195	32	4	default:river_water_source	0
196	32	4	default:river_water_source	0
197	32	4	default:river_water_source	0
198	32	4	default:river_water_source	0
207	32	4	default:dirt	0
208	32	4	default:dirt	0
209	32	4	default:dirt	0
210	32	4	default:dirt	0
211	32	4	default:dirt	0
212	32	4	default:dirt	0
213	32	4	default:dirt	0
214	32	4	default:dirt	0
215	32	4	default:dirt	0
216	32	4	default:dirt	0
217	32	4	default:dirt	0
218	32	4	default:dirt	0
219	32	4	default:dirt	0
220	32	4	default:dirt	0
150	33	4	default:river_water_source	0
151	33	4	default:river_water_source	0
152	33	4	default:river_water_source	0
153	33	4	default:river_water_source	0
154	33	4	default:river_water_source	0
155	33	4	default:river_water_source	0
156	33	4	default:river_water_source	0
157	33	4	default:river_water_source	0
158	33	4	default:river_water_source	0
159	33	4	default:river_water_source	0
160	33	4	default:river_water_source	0
161	33	4	default:river_water_source	0
162	33	4	default:river_water_source	0
163	33	4	default:river_water_source	0
164	33	4	default:river_water_source	0
165	33	4	default:river_water_source	0
166	33	4	default:river_water_source	0
167	33	4	default:river_water_source	0
168	33	4	default:river_water_source	0
169	33	4	default:river_water_source	0
170	33	4	default:river_water_source	0
171	33	4	default:river_water_source	0
172	33	4	default:river_water_source	0
173	33	4	default:river_water_source	0
174	33	4	default:river_water_source	0
175	33	4	default:river_water_source	0
176	33	4	default:river_water_source	0
177	33	4	default:river_water_source	0
178	33	4	default:river_water_source	0
179	33	4	default:river_water_source	0
180	33	4	default:river_water_source	0
181	33	4	default:river_water_source	0
182	33	4	default:river_water_source	0
183	33	4	default:river_water_source	0
184	33	4	default:river_water_source	0
185	33	4	default:river_water_source	0
186	33	4	default:river_water_source	0
187	33	4	default:river_water_source	0
188	33	4	default:river_water_source	0
189	33	4	default:river_water_source	0
190	33	4	default:river_water_source	0
191	33	4	default:river_water_source	0
192	33	4	default:river_water_source	0
193	33	4	default:river_water_source	0
194	33	4	default:river_water_source	0
195	33	4	default:river_water_source	0
196	33	4	default:river_water_source	0
197	33	4	default:river_water_source	0
198	33	4	default:river_water_source	0
205	33	4	default:dirt	0
206	33	4	default:dirt	0
207	33	4	default:dirt	0
208	33	4	default:dirt	0
209	33	4	default:dirt	0
210	33	4	default:dirt	0
211	33	4	default:dirt	0
212	33	4	default:dirt_with_grass	0
213	33	4	default:dirt_with_grass	0
214	33	4	default:dirt_with_grass	0
215	33	4	default:dirt_with_grass	0
216	33	4	default:dirt_with_grass	0
217	33	4	default:dirt_with_grass	0
218	33	4	default:dirt_with_grass	0
219	33	4	default:dirt_with_grass	0
220	33	4	default:dirt_with_grass	0
150	34	4	default:river_water_source	0
151	34	4	default:river_water_source	0
152	34	4	default:river_water_source	0
153	34	4	default:river_water_source	0
154	34	4	default:river_water_source	0
155	34	4	default:river_water_source	0
156	34	4	default:river_water_source	0
157	34	4	default:river_water_source	0
158	34	4	default:river_water_source	0
159	34	4	default:river_water_source	0
160	34	4	default:river_water_source	0
161	34	4	default:river_water_source	0
162	34	4	default:river_water_source	0
163	34	4	default:river_water_source	0
164	34	4	default:river_water_source	0
165	34	4	default:river_water_source	0
166	34	4	default:river_water_source	0
167	34	4	default:river_water_source	0
168	34	4	default:river_water_source	0
169	34	4	default:river_water_source	0
170	34	4	default:river_water_source	0
171	34	4	default:river_water_source	0
172	34	4	default:river_water_source	0
173	34	4	default:river_water_source	0
174	34	4	default:river_water_source	0
175	34	4	default:river_water_source	0
176	34	4	default:river_water_source	0
177	34	4	default:river_water_source	0
178	34	4	default:river_water_source	0
179	34	4	default:river_water_source	0
180	34	4	default:river_water_source	0
181	34	4	default:river_water_source	0
182	34	4	default:river_water_source	0
183	34	4	default:river_water_source	0
184	34	4	default:river_water_source	0
185	34	4	default:river_water_source	0
186	34	4	default:river_water_source	0
187	34	4	default:river_water_source	0
188	34	4	default:river_water_source	0
189	34	4	default:river_water_source	0
190	34	4	default:river_water_source	0
191	34	4	default:river_water_source	0
192	34	4	default:river_water_source	0
193	34	4	default:river_water_source	0
194	34	4	default:river_water_source	0
195	34	4	default:river_water_source	0
196	34	4	default:river_water_source	0
197	34	4	default:river_water_source	0
198	34	4	default:river_water_source	0
199	34	4	default:dirt	0
200	34	4	default:dirt	0
201	34	4	default:dirt	0
202	34	4	default:dirt	0
203	34	4	default:dirt	0
204	34	4	default:dirt	0
205	34	4	default:dirt	0
206	34	4	default:dirt	0
207	34	4	default:dirt	0
208	34	4	default:dirt	0
209	34	4	default:dirt	0
210	34	4	default:dirt_with_grass	0
211	34	4	default:dirt_with_grass	0
150	35	4	default:river_water_source	0
151	35	4	default:river_water_source	0
152	35	4	default:river_water_source	0
153	35	4	default:river_water_source	0
154	35	4	default:river_water_source	0
155	35	4	default:river_water_source	0
156	35	4	default:river_water_source	0
157	35	4	default:river_water_source	0
158	35	4	default:river_water_source	0
159	35	4	default:river_water_source	0
160	35	4	default:river_water_source	0
161	35	4	default:river_water_source	0
162	35	4	default:river_water_source	0
163	35	4	default:river_water_source	0
164	35	4	default:river_water_source	0
165	35	4	default:river_water_source	0
166	35	4	default:river_water_source	0
167	35	4	default:river_water_source	0
168	35	4	default:river_water_source	0
169	35	4	default:river_water_source	0
170	35	4	default:river_water_source	0
171	35	4	default:river_water_source	0
172	35	4	default:river_water_source	0
173	35	4	default:river_water_source	0
174	35	4	default:river_water_source	0
175	35	4	default:river_water_source	0
176	35	4	default:river_water_source	0
177	35	4	default:river_water_source	0
178	35	4	default:river_water_source	0
179	35	4	default:river_water_source	0
180	35	4	default:river_water_source	0
181	35	4	default:river_water_source	0
182	35	4	default:river_water_source	0
183	35	4	default:river_water_source	0
184	35	4	default:river_water_source	0
185	35	4	default:river_water_source	0
186	35	4	default:river_water_source	0
187	35	4	default:river_water_source	0
188	35	4	default:river_water_source	0
189	35	4	default:river_water_source	0
190	35	4	default:river_water_source	0
191	35	4	default:river_water_source	0
192	35	4	default:river_water_source	0
193	35	4	default:river_water_source	0
194	35	4	default:river_water_source	0
195	35	4	default:river_water_source	0
196	35	4	default:brick	0
196	35	4	default:river_water_source	0
197	35	4	default:river_water_source	0
197	35	4	grug_decor:castle_pavement_brick	0
198	35	4	default:river_water_source	0
198	35	4	grug_decor:castle_pavement_brick	0
199	35	4	default:dirt	0
200	35	4	default:dirt	0
201	35	4	default:dirt	0
202	35	4	default:dirt	0
203	35	4	default:dirt	0
204	35	4	default:dirt	0
205	35	4	default:dirt	0
206	35	4	default:dirt	0
207	35	4	default:dirt_with_grass	0
208	35	4	default:dirt_with_grass	0
209	35	4	default:dirt_with_grass	0
198	36	4	grug_decor:castle_stonewall_stair	0
199	36	4	default:dirt	0
200	36	4	default:dirt	0
201	36	4	default:dirt	0
202	36	4	default:dirt	0
203	36	4	default:dirt	0
204	36	4	default:dirt	0
205	36	4	default:dirt_with_grass	0
206	36	4	default:dirt_with_grass	0
199	37	4	default:dirt_with_grass	0
199	37	4	grug_decor:castle_pavement_brick	0
200	37	4	default:brick	0
200	37	4	default:dirt_with_grass	0
201	37	4	default:dirt_with_grass	0
202	37	4	default:dirt_with_grass	0
203	37	4	default:dirt_with_grass	0
204	37	4	default:dirt_with_grass	0
150	28	5	default:dirt	0
151	28	5	default:dirt	0
152	28	5	default:dirt	0
153	28	5	default:dirt	0
154	28	5	default:dirt	0
155	28	5	default:dirt	0
156	28	5	default:dirt	0
157	28	5	default:dirt	0
158	28	5	default:dirt	0
159	28	5	default:dirt	0
160	28	5	default:dirt	0
161	28	5	default:dirt	0
162	28	5	default:dirt	0
163	28	5	default:dirt	0
164	28	5	default:dirt	0
165	28	5	default:dirt	0
166	28	5	default:dirt	0
167	28	5	default:dirt	0
168	28	5	default:dirt	0
169	28	5	default:dirt	0
170	28	5	default:dirt	0
171	28	5	default:dirt	0
172	28	5	default:dirt	0
173	28	5	default:dirt	0
174	28	5	default:dirt	0
175	28	5	default:dirt	0
176	28	5	default:dirt	0
177	28	5	default:dirt	0
178	28	5	default:dirt	0
179	28	5	default:dirt	0
180	28	5	default:dirt	0
181	28	5	default:dirt	0
182	28	5	default:dirt	0
183	28	5	default:dirt	0
184	28	5	default:dirt	0
185	28	5	default:dirt	0
186	28	5	default:dirt	0
187	28	5	default:dirt	0
188	28	5	default:dirt	0
189	28	5	default:dirt	0
190	28	5	default:dirt	0
191	28	5	default:dirt	0
192	28	5	default:dirt	0
193	28	5	default:dirt	0
194	28	5	default:dirt	0
195	28	5	default:dirt	0
196	28	5	default:dirt	0
197	28	5	default:dirt	0
150	29	5	default:dirt	0
151	29	5	default:dirt	0
152	29	5	default:dirt	0
153	29	5	default:dirt	0
154	29	5	default:dirt	0
155	29	5	default:dirt	0
156	29	5	default:dirt	0
157	29	5	default:dirt	0
158	29	5	default:dirt	0
159	29	5	default:dirt	0
160	29	5	default:dirt	0
161	29	5	default:dirt	0
162	29	5	default:dirt	0
163	29	5	default:dirt	0
164	29	5	default:dirt	0
165	29	5	default:dirt	0
166	29	5	default:dirt	0
167	29	5	default:dirt	0
168	29	5	default:dirt	0
169	29	5	default:dirt	0
170	29	5	default:dirt	0
171	29	5	default:dirt	0
172	29	5	default:dirt	0
173	29	5	default:dirt	0
174	29	5	default:dirt	0
175	29	5	default:dirt	0
176	29	5	default:dirt	0
177	29	5	default:dirt	0
178	29	5	default:dirt	0
179	29	5	default:dirt	0
180	29	5	default:dirt	0
181	29	5	default:dirt	0
182	29	5	default:dirt	0
183	29	5	default:dirt	0
184	29	5	default:dirt	0
185	29	5	default:dirt	0
186	29	5	default:dirt	0
187	29	5	default:dirt	0
188	29	5	default:dirt	0
189	29	5	default:dirt	0
190	29	5	default:dirt	0
191	29	5	default:dirt	0
192	29	5	default:dirt	0
193	29	5	default:dirt	0
194	29	5	default:dirt	0
195	29	5	default:dirt	0
196	29	5	default:dirt	0
197	29	5	default:dirt	0
217	29	5	default:dirt	0
218	29	5	default:dirt	0
150	30	5	default:dirt	0
151	30	5	default:dirt	0
152	30	5	default:dirt	0
153	30	5	default:dirt	0
154	30	5	default:dirt	0
155	30	5	default:dirt	0
156	30	5	default:dirt	0
157	30	5	default:dirt	0
158	30	5	default:dirt	0
159	30	5	default:dirt	0
160	30	5	default:dirt	0
161	30	5	default:dirt	0
162	30	5	default:dirt	0
163	30	5	default:dirt	0
164	30	5	default:dirt	0
165	30	5	default:dirt	0
166	30	5	default:dirt	0
167	30	5	default:dirt	0
168	30	5	default:dirt	0
169	30	5	default:dirt	0
170	30	5	default:dirt	0
171	30	5	default:dirt	0
172	30	5	default:dirt	0
173	30	5	default:dirt	0
174	30	5	default:dirt	0
175	30	5	default:dirt	0
176	30	5	default:dirt	0
177	30	5	default:dirt	0
178	30	5	default:dirt	0
179	30	5	default:dirt	0
180	30	5	default:dirt	0
181	30	5	default:dirt	0
182	30	5	default:dirt	0
183	30	5	default:dirt	0
184	30	5	default:dirt	0
185	30	5	default:dirt	0
186	30	5	default:dirt	0
187	30	5	default:dirt	0
188	30	5	default:dirt	0
189	30	5	default:dirt	0
190	30	5	default:dirt	0
191	30	5	default:dirt	0
192	30	5	default:dirt	0
193	30	5	default:dirt	0
194	30	5	default:dirt	0
195	30	5	default:dirt	0
196	30	5	default:dirt	0
197	30	5	default:dirt	0
211	30	5	default:dirt	0
212	30	5	default:dirt	0
213	30	5	default:dirt	0
214	30	5	default:dirt	0
215	30	5	default:dirt	0
216	30	5	default:dirt	0
217	30	5	default:dirt	0
218	30	5	default:dirt	0
219	30	5	default:dirt	0
220	30	5	default:dirt	0
150	31	5	default:dirt_with_grass	0
151	31	5	default:dirt_with_grass	0
152	31	5	default:dirt_with_grass	0
153	31	5	default:dirt_with_grass	0
154	31	5	default:dirt_with_grass	0
155	31	5	default:dirt_with_grass	0
156	31	5	default:dirt_with_grass	0
157	31	5	default:dirt_with_grass	0
158	31	5	default:dirt_with_grass	0
159	31	5	default:dirt_with_grass	0
160	31	5	default:dirt_with_grass	0
161	31	5	default:dirt_with_grass	0
162	31	5	default:dirt_with_grass	0
163	31	5	default:dirt_with_grass	0
164	31	5	default:dirt_with_grass	0
165	31	5	default:dirt_with_grass	0
166	31	5	default:dirt_with_grass	0
167	31	5	default:dirt_with_grass	0
168	31	5	default:dirt_with_grass	0
169	31	5	default:dirt_with_grass	0
170	31	5	default:dirt_with_grass	0
171	31	5	default:dirt_with_grass	0
172	31	5	default:dirt_with_grass	0
173	31	5	default:dirt_with_grass	0
174	31	5	default:dirt_with_grass	0
175	31	5	default:dirt_with_grass	0
176	31	5	default:dirt_with_grass	0
177	31	5	default:dirt_with_grass	0
178	31	5	default:dirt_with_grass	0
179	31	5	default:dirt_with_grass	0
180	31	5	default:dirt_with_grass	0
181	31	5	default:dirt_with_grass	0
182	31	5	default:dirt_with_grass	0
183	31	5	default:dirt_with_grass	0
184	31	5	default:dirt_with_grass	0
185	31	5	default:dirt_with_grass	0
186	31	5	default:dirt_with_grass	0
187	31	5	default:dirt_with_grass	0
188	31	5	default:dirt_with_grass	0
189	31	5	default:dirt_with_grass	0
190	31	5	default:dirt_with_grass	0
191	31	5	default:dirt_with_grass	0
192	31	5	default:dirt_with_grass	0
193	31	5	default:dirt_with_grass	0
194	31	5	default:dirt_with_grass	0
195	31	5	default:dirt_with_grass	0
196	31	5	default:dirt_with_grass	0
197	31	5	default:dirt_with_grass	0
209	31	5	default:dirt	0
210	31	5	default:dirt	0
211	31	5	default:dirt	0
212	31	5	default:dirt	0
213	31	5	default:dirt	0
214	31	5	default:dirt	0
215	31	5	default:dirt	0
216	31	5	default:dirt	0
217	31	5	default:dirt	0
218	31	5	default:dirt	0
219	31	5	default:dirt	0
220	31	5	default:dirt	0
150	32	5	default:river_water_source	0
151	32	5	default:river_water_source	0
152	32	5	default:river_water_source	0
153	32	5	default:river_water_source	0
154	32	5	default:river_water_source	0
155	32	5	default:river_water_source	0
156	32	5	default:river_water_source	0
157	32	5	default:river_water_source	0
158	32	5	default:river_water_source	0
159	32	5	default:river_water_source	0
160	32	5	default:river_water_source	0
161	32	5	default:river_water_source	0
162	32	5	default:river_water_source	0
163	32	5	default:river_water_source	0
164	32	5	default:river_water_source	0
165	32	5	default:river_water_source	0
166	32	5	default:river_water_source	0
167	32	5	default:river_water_source	0
168	32	5	default:river_water_source	0
169	32	5	default:river_water_source	0
170	32	5	default:river_water_source	0
171	32	5	default:river_water_source	0
172	32	5	default:river_water_source	0
173	32	5	default:river_water_source	0
174	32	5	default:river_water_source	0
175	32	5	default:river_water_source	0
176	32	5	default:river_water_source	0
177	32	5	default:river_water_source	0
178	32	5	default:river_water_source	0
179	32	5	default:river_water_source	0
180	32	5	default:river_water_source	0
181	32	5	default:river_water_source	0
182	32	5	default:river_water_source	0
183	32	5	default:river_water_source	0
184	32	5	default:river_water_source	0
185	32	5	default:river_water_source	0
186	32	5	default:river_water_source	0
187	32	5	default:river_water_source	0
188	32	5	default:river_water_source	0
189	32	5	default:river_water_source	0
190	32	5	default:river_water_source	0
191	32	5	default:river_water_source	0
192	32	5	default:river_water_source	0
193	32	5	default:river_water_source	0
194	32	5	default:river_water_source	0
195	32	5	default:river_water_source	0
196	32	5	default:river_water_source	0
197	32	5	default:river_water_source	0
206	32	5	default:dirt	0
207	32	5	default:dirt	0
208	32	5	default:dirt	0
209	32	5	default:dirt	0
210	32	5	default:dirt	0
211	32	5	default:dirt	0
212	32	5	default:dirt	0
213	32	5	default:dirt	0
214	32	5	default:dirt	0
215	32	5	default:dirt	0
216	32	5	default:dirt	0
217	32	5	default:dirt_with_grass	0
218	32	5	default:dirt_with_grass	0
219	32	5	default:dirt	0
220	32	5	default:dirt	0
150	33	5	default:river_water_source	0
151	33	5	default:river_water_source	0
152	33	5	default:river_water_source	0
153	33	5	default:river_water_source	0
154	33	5	default:river_water_source	0
155	33	5	default:river_water_source	0
156	33	5	default:river_water_source	0
157	33	5	default:river_water_source	0
158	33	5	default:river_water_source	0
159	33	5	default:river_water_source	0
160	33	5	default:river_water_source	0
161	33	5	default:river_water_source	0
162	33	5	default:river_water_source	0
163	33	5	default:river_water_source	0
164	33	5	default:river_water_source	0
165	33	5	default:river_water_source	0
166	33	5	default:river_water_source	0
167	33	5	default:river_water_source	0
168	33	5	default:river_water_source	0
169	33	5	default:river_water_source	0
170	33	5	default:river_water_source	0
171	33	5	default:river_water_source	0
172	33	5	default:river_water_source	0
173	33	5	default:river_water_source	0
174	33	5	default:river_water_source	0
175	33	5	default:river_water_source	0
176	33	5	default:river_water_source	0
177	33	5	default:river_water_source	0
178	33	5	default:river_water_source	0
179	33	5	default:river_water_source	0
180	33	5	default:river_water_source	0
181	33	5	default:river_water_source	0
182	33	5	default:river_water_source	0
183	33	5	default:river_water_source	0
184	33	5	default:river_water_source	0
185	33	5	default:river_water_source	0
186	33	5	default:river_water_source	0
187	33	5	default:river_water_source	0
188	33	5	default:river_water_source	0
189	33	5	default:river_water_source	0
190	33	5	default:river_water_source	0
191	33	5	default:river_water_source	0
192	33	5	default:river_water_source	0
193	33	5	default:river_water_source	0
194	33	5	default:river_water_source	0
195	33	5	default:river_water_source	0
196	33	5	default:river_water_source	0
197	33	5	default:river_water_source	0
203	33	5	default:dirt	0
204	33	5	default:dirt	0
205	33	5	default:dirt	0
206	33	5	default:dirt	0
207	33	5	default:dirt	0
208	33	5	default:dirt	0
209	33	5	default:dirt	0
210	33	5	default:dirt	0
211	33	5	default:dirt_with_grass	0
212	33	5	default:dirt_with_grass	0
213	33	5	default:dirt_with_grass	0
214	33	5	default:dirt_with_grass	0
215	33	5	default:dirt_with_grass	0
216	33	5	default:dirt_with_grass	0
219	33	5	default:dirt_with_grass	0
220	33	5	default:dirt_with_grass	0
150	34	5	default:river_water_source	0
151	34	5	default:river_water_source	0
152	34	5	default:river_water_source	0
153	34	5	default:river_water_source	0
154	34	5	default:river_water_source	0
155	34	5	default:river_water_source	0
156	34	5	default:river_water_source	0
157	34	5	default:river_water_source	0
158	34	5	default:river_water_source	0
159	34	5	default:river_water_source	0
160	34	5	default:river_water_source	0
161	34	5	default:river_water_source	0
162	34	5	default:river_water_source	0
163	34	5	default:river_water_source	0
164	34	5	default:river_water_source	0
165	34	5	default:river_water_source	0
166	34	5	default:river_water_source	0
167	34	5	default:river_water_source	0
168	34	5	default:river_water_source	0
169	34	5	default:river_water_source	0
170	34	5	default:river_water_source	0
171	34	5	default:river_water_source	0
172	34	5	default:river_water_source	0
173	34	5	default:river_water_source	0
174	34	5	default:river_water_source	0
175	34	5	default:river_water_source	0
176	34	5	default:river_water_source	0
177	34	5	default:river_water_source	0
178	34	5	default:river_water_source	0
179	34	5	default:river_water_source	0
180	34	5	default:river_water_source	0
181	34	5	default:river_water_source	0
182	34	5	default:river_water_source	0
183	34	5	default:river_water_source	0
184	34	5	default:river_water_source	0
185	34	5	default:river_water_source	0
186	34	5	default:river_water_source	0
187	34	5	default:river_water_source	0
188	34	5	default:river_water_source	0
189	34	5	default:river_water_source	0
190	34	5	default:river_water_source	0
191	34	5	default:river_water_source	0
192	34	5	default:river_water_source	0
193	34	5	default:river_water_source	0
194	34	5	default:river_water_source	0
195	34	5	default:river_water_source	0
196	34	5	default:river_water_source	0
197	34	5	default:river_water_source	0
198	34	5	default:dirt	0
199	34	5	default:dirt	0
200	34	5	default:dirt	0
201	34	5	default:dirt	0
202	34	5	default:dirt	0
203	34	5	default:dirt	0
204	34	5	default:dirt	0
205	34	5	default:dirt	0
206	34	5	default:dirt	0
207	34	5	default:dirt	0
208	34	5	default:dirt	0
209	34	5	default:dirt_with_grass	0
210	34	5	default:dirt_with_grass	0
150	35	5	default:river_water_source	0
151	35	5	default:river_water_source	0
152	35	5	default:river_water_source	0
153	35	5	default:river_water_source	0
154	35	5	default:river_water_source	0
155	35	5	default:river_water_source	0
156	35	5	default:river_water_source	0
157	35	5	default:river_water_source	0
158	35	5	default:river_water_source	0
159	35	5	default:river_water_source	0
160	35	5	default:river_water_source	0
161	35	5	default:river_water_source	0
162	35	5	default:river_water_source	0
163	35	5	default:river_water_source	0
164	35	5	default:river_water_source	0
165	35	5	default:river_water_source	0
166	35	5	default:river_water_source	0
167	35	5	default:river_water_source	0
168	35	5	default:river_water_source	0
169	35	5	default:river_water_source	0
170	35	5	default:river_water_source	0
171	35	5	default:river_water_source	0
172	35	5	default:river_water_source	0
173	35	5	default:river_water_source	0
174	35	5	default:river_water_source	0
175	35	5	default:river_water_source	0
176	35	5	default:river_water_source	0
177	35	5	default:river_water_source	0
178	35	5	default:river_water_source	0
179	35	5	default:river_water_source	0
180	35	5	default:river_water_source	0
181	35	5	default:river_water_source	0
182	35	5	default:river_water_source	0
183	35	5	default:river_water_source	0
184	35	5	default:river_water_source	0
185	35	5	default:river_water_source	0
186	35	5	default:river_water_source	0
187	35	5	default:river_water_source	0
188	35	5	default:river_water_source	0
189	35	5	default:river_water_source	0
190	35	5	default:river_water_source	0
191	35	5	default:river_water_source	0
192	35	5	default:river_water_source	0
193	35	5	default:river_water_source	0
194	35	5	default:river_water_source	0
195	35	5	default:river_water_source	0
196	35	5	default:brick	0
196	35	5	default:river_water_source	0
197	35	5	default:river_water_source	0
197	35	5	grug_decor:castle_pavement_brick	0
198	35	5	default:dirt	0
199	35	5	default:dirt	0
200	35	5	default:dirt	0
201	35	5	default:dirt	0
202	35	5	default:dirt	0
203	35	5	default:dirt	0
204	35	5	default:dirt	0
205	35	5	default:dirt	0
206	35	5	default:dirt_with_grass	0
207	35	5	default:dirt_with_grass	0
208	35	5	default:dirt_with_grass	0
197	36	5	grug_decor:castle_stonewall_stair	0
198	36	5	default:dirt	0
199	36	5	default:dirt	0
200	36	5	default:dirt	0
201	36	5	default:dirt	0
202	36	5	default:dirt	0
203	36	5	default:dirt_with_grass	0
204	36	5	default:dirt_with_grass	0
205	36	5	default:dirt_with_grass	0
198	37	5	default:dirt_with_grass	0
198	37	5	grug_decor:castle_stonewall_stair	0
199	37	5	default:dirt_with_grass	0
199	37	5	grug_decor:castle_pavement_brick	0
200	37	5	default:brick	0
200	37	5	default:dirt_with_grass	0
201	37	5	default:dirt_with_grass	0
202	37	5	default:dirt_with_grass	0
150	28	6	default:dirt	0
151	28	6	default:dirt	0
152	28	6	default:dirt	0
153	28	6	default:dirt	0
154	28	6	default:dirt	0
155	28	6	default:dirt	0
156	28	6	default:dirt	0
157	28	6	default:dirt	0
158	28	6	default:dirt	0
159	28	6	default:dirt	0
160	28	6	default:dirt	0
161	28	6	default:dirt	0
162	28	6	default:dirt	0
163	28	6	default:dirt	0
164	28	6	default:dirt	0
165	28	6	default:dirt	0
166	28	6	default:dirt	0
167	28	6	default:dirt	0
168	28	6	default:dirt	0
169	28	6	default:dirt	0
170	28	6	default:dirt	0
171	28	6	default:dirt	0
172	28	6	default:dirt	0
173	28	6	default:dirt	0
174	28	6	default:dirt	0
175	28	6	default:dirt	0
176	28	6	default:dirt	0
177	28	6	default:dirt	0
178	28	6	default:dirt	0
179	28	6	default:dirt	0
180	28	6	default:dirt	0
181	28	6	default:dirt	0
182	28	6	default:dirt	0
183	28	6	default:dirt	0
184	28	6	default:dirt	0
185	28	6	default:dirt	0
186	28	6	default:dirt	0
187	28	6	default:dirt	0
188	28	6	default:dirt	0
189	28	6	default:dirt	0
190	28	6	default:dirt	0
191	28	6	default:dirt	0
192	28	6	default:dirt	0
193	28	6	default:dirt	0
194	28	6	default:dirt	0
195	28	6	default:dirt	0
196	28	6	default:dirt	0
150	29	6	default:dirt	0
151	29	6	default:dirt	0
152	29	6	default:dirt	0
153	29	6	default:dirt	0
154	29	6	default:dirt	0
155	29	6	default:dirt	0
156	29	6	default:dirt	0
157	29	6	default:dirt	0
158	29	6	default:dirt	0
159	29	6	default:dirt	0
160	29	6	default:dirt	0
161	29	6	default:dirt	0
162	29	6	default:dirt	0
163	29	6	default:dirt	0
164	29	6	default:dirt	0
165	29	6	default:dirt	0
166	29	6	default:dirt	0
167	29	6	default:dirt	0
168	29	6	default:dirt	0
169	29	6	default:dirt	0
170	29	6	default:dirt	0
171	29	6	default:dirt	0
172	29	6	default:dirt	0
173	29	6	default:dirt	0
174	29	6	default:dirt	0
175	29	6	default:dirt	0
176	29	6	default:dirt	0
177	29	6	default:dirt	0
178	29	6	default:dirt	0
179	29	6	default:dirt	0
180	29	6	default:dirt	0
181	29	6	default:dirt	0
182	29	6	default:dirt	0
183	29	6	default:dirt	0
184	29	6	default:dirt	0
185	29	6	default:dirt	0
186	29	6	default:dirt	0
187	29	6	default:dirt	0
188	29	6	default:dirt	0
189	29	6	default:dirt	0
190	29	6	default:dirt	0
191	29	6	default:dirt	0
192	29	6	default:dirt	0
193	29	6	default:dirt	0
194	29	6	default:dirt	0
195	29	6	default:dirt	0
196	29	6	default:dirt	0
217	29	6	default:dirt	0
218	29	6	default:dirt	0
150	30	6	default:dirt	0
151	30	6	default:dirt	0
152	30	6	default:dirt	0
153	30	6	default:dirt	0
154	30	6	default:dirt	0
155	30	6	default:dirt	0
156	30	6	default:dirt	0
157	30	6	default:dirt	0
158	30	6	default:dirt	0
159	30	6	default:dirt	0
160	30	6	default:dirt	0
161	30	6	default:dirt	0
162	30	6	default:dirt	0
163	30	6	default:dirt	0
164	30	6	default:dirt	0
165	30	6	default:dirt	0
166	30	6	default:dirt	0
167	30	6	default:dirt	0
168	30	6	default:dirt	0
169	30	6	default:dirt	0
170	30	6	default:dirt	0
171	30	6	default:dirt	0
172	30	6	default:dirt	0
173	30	6	default:dirt	0
174	30	6	default:dirt	0
175	30	6	default:dirt	0
176	30	6	default:dirt	0
177	30	6	default:dirt	0
178	30	6	default:dirt	0
179	30	6	default:dirt	0
180	30	6	default:dirt	0
181	30	6	default:dirt	0
182	30	6	default:dirt	0
183	30	6	default:dirt	0
184	30	6	default:dirt	0
185	30	6	default:dirt	0
186	30	6	default:dirt	0
187	30	6	default:dirt	0
188	30	6	default:dirt	0
189	30	6	default:dirt	0
190	30	6	default:dirt	0
191	30	6	default:dirt	0
192	30	6	default:dirt	0
193	30	6	default:dirt	0
194	30	6	default:dirt	0
195	30	6	default:dirt	0
196	30	6	default:dirt	0
210	30	6	default:dirt	0
211	30	6	default:dirt	0
212	30	6	default:dirt	0
213	30	6	default:dirt	0
214	30	6	default:dirt	0
215	30	6	default:dirt	0
216	30	6	default:dirt	0
217	30	6	default:dirt	0
218	30	6	default:dirt	0
219	30	6	default:dirt	0
220	30	6	default:dirt	0
150	31	6	default:dirt_with_grass	0
151	31	6	default:dirt_with_grass	0
152	31	6	default:dirt_with_grass	0
153	31	6	default:dirt_with_grass	0
154	31	6	default:dirt_with_grass	0
155	31	6	default:dirt_with_grass	0
156	31	6	default:dirt_with_grass	0
157	31	6	default:dirt_with_grass	0
158	31	6	default:dirt_with_grass	0
159	31	6	default:dirt_with_grass	0
160	31	6	default:dirt_with_grass	0
161	31	6	default:dirt_with_grass	0
162	31	6	default:dirt_with_grass	0
163	31	6	default:dirt_with_grass	0
164	31	6	default:dirt_with_grass	0
165	31	6	default:dirt_with_grass	0
166	31	6	default:dirt_with_grass	0
167	31	6	default:dirt_with_grass	0
168	31	6	default:dirt_with_grass	0
169	31	6	default:dirt_with_grass	0
170	31	6	default:dirt_with_grass	0
171	31	6	default:dirt_with_grass	0
172	31	6	default:dirt_with_grass	0
173	31	6	default:dirt_with_grass	0
174	31	6	default:dirt_with_grass	0
175	31	6	default:dirt_with_grass	0
176	31	6	default:dirt_with_grass	0
177	31	6	default:dirt_with_grass	0
178	31	6	default:dirt_with_grass	0
179	31	6	default:dirt_with_grass	0
180	31	6	default:dirt_with_grass	0
181	31	6	default:dirt_with_grass	0
182	31	6	default:dirt_with_grass	0
183	31	6	default:dirt_with_grass	0
184	31	6	default:dirt_with_grass	0
185	31	6	default:dirt_with_grass	0
186	31	6	default:dirt_with_grass	0
187	31	6	default:dirt_with_grass	0
188	31	6	default:dirt_with_grass	0
189	31	6	default:dirt_with_grass	0
190	31	6	default:dirt_with_grass	0
191	31	6	default:dirt_with_grass	0
192	31	6	default:dirt_with_grass	0
193	31	6	default:dirt_with_grass	0
194	31	6	default:dirt_with_grass	0
195	31	6	default:dirt_with_grass	0
196	31	6	default:dirt_with_grass	0
208	31	6	default:dirt	0
209	31	6	default:dirt	0
210	31	6	default:dirt	0
211	31	6	default:dirt	0
212	31	6	default:dirt	0
213	31	6	default:dirt	0
214	31	6	default:dirt	0
215	31	6	default:dirt	0
216	31	6	default:dirt	0
217	31	6	default:dirt	0
218	31	6	default:dirt	0
219	31	6	default:dirt	0
220	31	6	default:dirt	0
150	32	6	default:river_water_source	0
151	32	6	default:river_water_source	0
152	32	6	default:river_water_source	0
153	32	6	default:river_water_source	0
154	32	6	default:river_water_source	0
155	32	6	default:river_water_source	0
156	32	6	default:river_water_source	0
157	32	6	default:river_water_source	0
158	32	6	default:river_water_source	0
159	32	6	default:river_water_source	0
160	32	6	default:river_water_source	0
161	32	6	default:river_water_source	0
162	32	6	default:river_water_source	0
163	32	6	default:river_water_source	0
164	32	6	default:river_water_source	0
165	32	6	default:river_water_source	0
166	32	6	default:river_water_source	0
167	32	6	default:river_water_source	0
168	32	6	default:river_water_source	0
169	32	6	default:river_water_source	0
170	32	6	default:river_water_source	0
171	32	6	default:river_water_source	0
172	32	6	default:river_water_source	0
173	32	6	default:river_water_source	0
174	32	6	default:river_water_source	0
175	32	6	default:river_water_source	0
176	32	6	default:river_water_source	0
177	32	6	default:river_water_source	0
178	32	6	default:river_water_source	0
179	32	6	default:river_water_source	0
180	32	6	default:river_water_source	0
181	32	6	default:river_water_source	0
182	32	6	default:river_water_source	0
183	32	6	default:river_water_source	0
184	32	6	default:river_water_source	0
185	32	6	default:river_water_source	0
186	32	6	default:river_water_source	0
187	32	6	default:river_water_source	0
188	32	6	default:river_water_source	0
189	32	6	default:river_water_source	0
190	32	6	default:river_water_source	0
191	32	6	default:river_water_source	0
192	32	6	default:river_water_source	0
193	32	6	default:river_water_source	0
194	32	6	default:river_water_source	0
195	32	6	default:river_water_source	0
196	32	6	default:river_water_source	0
204	32	6	default:dirt	0
205	32	6	default:dirt	0
206	32	6	default:dirt	0
207	32	6	default:dirt	0
208	32	6	default:dirt	0
209	32	6	default:dirt	0
210	32	6	default:dirt	0
211	32	6	default:dirt	0
212	32	6	default:dirt	0
213	32	6	default:dirt	0
214	32	6	default:dirt	0
215	32	6	default:dirt	0
216	32	6	default:dirt	0
217	32	6	default:dirt_with_grass	0
218	32	6	default:dirt_with_grass	0
219	32	6	default:dirt	0
220	32	6	default:dirt	0
150	33	6	default:river_water_source	0
151	33	6	default:river_water_source	0
152	33	6	default:river_water_source	0
153	33	6	default:river_water_source	0
154	33	6	default:river_water_source	0
155	33	6	default:river_water_source	0
156	33	6	default:river_water_source	0
157	33	6	default:river_water_source	0
158	33	6	default:river_water_source	0
159	33	6	default:river_water_source	0
160	33	6	default:river_water_source	0
161	33	6	default:river_water_source	0
162	33	6	default:river_water_source	0
163	33	6	default:river_water_source	0
164	33	6	default:river_water_source	0
165	33	6	default:river_water_source	0
166	33	6	default:river_water_source	0
167	33	6	default:river_water_source	0
168	33	6	default:river_water_source	0
169	33	6	default:river_water_source	0
170	33	6	default:river_water_source	0
171	33	6	default:river_water_source	0
172	33	6	default:river_water_source	0
173	33	6	default:river_water_source	0
174	33	6	default:river_water_source	0
175	33	6	default:river_water_source	0
176	33	6	default:river_water_source	0
177	33	6	default:river_water_source	0
178	33	6	default:river_water_source	0
179	33	6	default:river_water_source	0
180	33	6	default:river_water_source	0
181	33	6	default:river_water_source	0
182	33	6	default:river_water_source	0
183	33	6	default:river_water_source	0
184	33	6	default:river_water_source	0
185	33	6	default:river_water_source	0
186	33	6	default:river_water_source	0
187	33	6	default:river_water_source	0
188	33	6	default:river_water_source	0
189	33	6	default:river_water_source	0
190	33	6	default:river_water_source	0
191	33	6	default:river_water_source	0
192	33	6	default:river_water_source	0
193	33	6	default:river_water_source	0
194	33	6	default:river_water_source	0
195	33	6	default:river_water_source	0
196	33	6	default:river_water_source	0
202	33	6	default:dirt	0
203	33	6	default:dirt	0
204	33	6	default:dirt	0
205	33	6	default:dirt	0
206	33	6	default:dirt	0
207	33	6	default:dirt	0
208	33	6	default:dirt	0
209	33	6	default:dirt	0
210	33	6	default:dirt_with_grass	0
211	33	6	default:dirt_with_grass	0
212	33	6	default:dirt_with_grass	0
213	33	6	default:dirt_with_grass	0
214	33	6	default:dirt_with_grass	0
215	33	6	default:dirt_with_grass	0
216	33	6	default:dirt_with_grass	0
219	33	6	default:dirt_with_grass	0
220	33	6	default:dirt_with_grass	0
150	34	6	default:river_water_source	0
151	34	6	default:river_water_source	0
152	34	6	default:river_water_source	0
153	34	6	default:river_water_source	0
154	34	6	default:river_water_source	0
155	34	6	default:river_water_source	0
156	34	6	default:river_water_source	0
157	34	6	default:river_water_source	0
158	34	6	default:river_water_source	0
159	34	6	default:river_water_source	0
160	34	6	default:river_water_source	0
161	34	6	default:river_water_source	0
162	34	6	default:river_water_source	0
163	34	6	default:river_water_source	0
164	34	6	default:river_water_source	0
165	34	6	default:river_water_source	0
166	34	6	default:river_water_source	0
167	34	6	default:river_water_source	0
168	34	6	default:river_water_source	0
169	34	6	default:river_water_source	0
170	34	6	default:river_water_source	0
171	34	6	default:river_water_source	0
172	34	6	default:river_water_source	0
173	34	6	default:river_water_source	0
174	34	6	default:river_water_source	0
175	34	6	default:river_water_source	0
176	34	6	default:river_water_source	0
177	34	6	default:river_water_source	0
178	34	6	default:river_water_source	0
179	34	6	default:river_water_source	0
180	34	6	default:river_water_source	0
181	34	6	default:river_water_source	0
182	34	6	default:river_water_source	0
183	34	6	default:river_water_source	0
184	34	6	default:river_water_source	0
185	34	6	default:river_water_source	0
186	34	6	default:river_water_source	0
187	34	6	default:river_water_source	0
188	34	6	default:river_water_source	0
189	34	6	default:river_water_source	0
190	34	6	default:river_water_source	0
191	34	6	default:river_water_source	0
192	34	6	default:river_water_source	0
193	34	6	default:river_water_source	0
194	34	6	default:river_water_source	0
195	34	6	default:river_water_source	0
196	34	6	default:river_water_source	0
197	34	6	default:dirt	0
198	34	6	default:dirt	0
199	34	6	default:dirt	0
200	34	6	default:dirt	0
201	34	6	default:dirt	0
202	34	6	default:dirt	0
203	34	6	default:dirt	0
204	34	6	default:dirt	0
205	34	6	default:dirt	0
206	34	6	default:dirt	0
207	34	6	default:dirt	0
208	34	6	default:dirt_with_grass	0
209	34	6	default:dirt_with_grass	0
150	35	6	default:river_water_source	0
151	35	6	default:river_water_source	0
152	35	6	default:river_water_source	0
153	35	6	default:river_water_source	0
154	35	6	default:river_water_source	0
155	35	6	default:river_water_source	0
156	35	6	default:river_water_source	0
157	35	6	default:river_water_source	0
158	35	6	default:river_water_source	0
159	35	6	default:river_water_source	0
160	35	6	default:river_water_source	0
161	35	6	default:river_water_source	0
162	35	6	default:river_water_source	0
163	35	6	default:river_water_source	0
164	35	6	default:river_water_source	0
165	35	6	default:river_water_source	0
166	35	6	default:river_water_source	0
167	35	6	default:river_water_source	0
168	35	6	default:river_water_source	0
169	35	6	default:river_water_source	0
170	35	6	default:river_water_source	0
171	35	6	default:river_water_source	0
172	35	6	default:river_water_source	0
173	35	6	default:river_water_source	0
174	35	6	default:river_water_source	0
175	35	6	default:river_water_source	0
176	35	6	default:river_water_source	0
177	35	6	default:river_water_source	0
178	35	6	default:river_water_source	0
179	35	6	default:river_water_source	0
180	35	6	default:river_water_source	0
181	35	6	default:river_water_source	0
182	35	6	default:river_water_source	0
183	35	6	default:river_water_source	0
184	35	6	default:river_water_source	0
185	35	6	default:river_water_source	0
186	35	6	default:river_water_source	0
187	35	6	default:river_water_source	0
188	35	6	default:river_water_source	0
189	35	6	default:river_water_source	0
190	35	6	default:river_water_source	0
191	35	6	default:river_water_source	0
192	35	6	default:river_water_source	0
193	35	6	default:river_water_source	0
194	35	6	default:river_water_source	0
195	35	6	default:river_water_source	0
196	35	6	default:brick	0
196	35	6	default:river_water_source	0
197	35	6	default:dirt	0
198	35	6	default:dirt	0
199	35	6	default:dirt	0
200	35	6	default:dirt	0
201	35	6	default:dirt	0
202	35	6	default:dirt	0
203	35	6	default:dirt	0
204	35	6	default:dirt_with_grass	0
205	35	6	default:dirt_with_grass	0
206	35	6	default:dirt_with_grass	0
207	35	6	default:dirt_with_grass	0
196	36	6	grug_decor:castle_stonewall_stair	0
197	36	6	default:dirt	0
198	36	6	default:dirt	0
199	36	6	default:dirt	0
200	36	6	default:dirt	0
201	36	6	default:dirt	0
202	36	6	default:dirt_with_grass	0
203	36	6	default:dirt_with_grass	0
197	37	6	default:dirt_with_grass	0
197	37	6	grug_decor:castle_stonewall_stair	0
198	37	6	default:dirt_with_grass	0
198	37	6	grug_decor:castle_pavement_brick	0
199	37	6	default:dirt_with_grass	0
199	37	6	grug_decor:castle_pavement_brick	0
200	37	6	default:brick	0
200	37	6	default:dirt_with_grass	0
201	37	6	default:dirt_with_grass	0
150	28	7	default:dirt	0
151	28	7	default:dirt	0
152	28	7	default:dirt	0
153	28	7	default:dirt	0
154	28	7	default:dirt	0
155	28	7	default:dirt	0
156	28	7	default:dirt	0
157	28	7	default:dirt	0
158	28	7	default:dirt	0
159	28	7	default:dirt	0
160	28	7	default:dirt	0
161	28	7	default:dirt	0
162	28	7	default:dirt	0
163	28	7	default:dirt	0
164	28	7	default:dirt	0
165	28	7	default:dirt	0
166	28	7	default:dirt	0
167	28	7	default:dirt	0
168	28	7	default:dirt	0
169	28	7	default:dirt	0
170	28	7	default:dirt	0
171	28	7	default:dirt	0
172	28	7	default:dirt	0
173	28	7	default:dirt	0
174	28	7	default:dirt	0
175	28	7	default:dirt	0
176	28	7	default:dirt	0
177	28	7	default:dirt	0
178	28	7	default:dirt	0
179	28	7	default:dirt	0
180	28	7	default:dirt	0
181	28	7	default:dirt	0
182	28	7	default:dirt	0
183	28	7	default:dirt	0
184	28	7	default:dirt	0
185	28	7	default:dirt	0
186	28	7	default:dirt	0
187	28	7	default:dirt	0
188	28	7	default:dirt	0
189	28	7	default:dirt	0
190	28	7	default:dirt	0
191	28	7	default:dirt	0
192	28	7	default:dirt	0
193	28	7	default:dirt	0
194	28	7	default:dirt	0
195	28	7	default:dirt	0
150	29	7	default:dirt	0
151	29	7	default:dirt	0
152	29	7	default:dirt	0
153	29	7	default:dirt	0
154	29	7	default:dirt	0
155	29	7	default:dirt	0
156	29	7	default:dirt	0
157	29	7	default:dirt	0
158	29	7	default:dirt	0
159	29	7	default:dirt	0
160	29	7	default:dirt	0
161	29	7	default:dirt	0
162	29	7	default:dirt	0
163	29	7	default:dirt	0
164	29	7	default:dirt	0
165	29	7	default:dirt	0
166	29	7	default:dirt	0
167	29	7	default:dirt	0
168	29	7	default:dirt	0
169	29	7	default:dirt	0
170	29	7	default:dirt	0
171	29	7	default:dirt	0
172	29	7	default:dirt	0
173	29	7	default:dirt	0
174	29	7	default:dirt	0
175	29	7	default:dirt	0
176	29	7	default:dirt	0
177	29	7	default:dirt	0
178	29	7	default:dirt	0
179	29	7	default:dirt	0
180	29	7	default:dirt	0
181	29	7	default:dirt	0
182	29	7	default:dirt	0
183	29	7	default:dirt	0
184	29	7	default:dirt	0
185	29	7	default:dirt	0
186	29	7	default:dirt	0
187	29	7	default:dirt	0
188	29	7	default:dirt	0
189	29	7	default:dirt	0
190	29	7	default:dirt	0
191	29	7	default:dirt	0
192	29	7	default:dirt	0
193	29	7	default:dirt	0
194	29	7	default:dirt	0
195	29	7	default:dirt	0
217	29	7	default:dirt	0
218	29	7	default:dirt	0
150	30	7	default:dirt	0
151	30	7	default:dirt	0
152	30	7	default:dirt	0
153	30	7	default:dirt	0
154	30	7	default:dirt	0
155	30	7	default:dirt	0
156	30	7	default:dirt	0
157	30	7	default:dirt	0
158	30	7	default:dirt	0
159	30	7	default:dirt	0
160	30	7	default:dirt	0
161	30	7	default:dirt	0
162	30	7	default:dirt	0
163	30	7	default:dirt	0
164	30	7	default:dirt	0
165	30	7	default:dirt	0
166	30	7	default:dirt	0
167	30	7	default:dirt	0
168	30	7	default:dirt	0
169	30	7	default:dirt	0
170	30	7	default:dirt	0
171	30	7	default:dirt	0
172	30	7	default:dirt	0
173	30	7	default:dirt	0
174	30	7	default:dirt	0
175	30	7	default:dirt	0
176	30	7	default:dirt	0
177	30	7	default:dirt	0
178	30	7	default:dirt	0
179	30	7	default:dirt	0
180	30	7	default:dirt	0
181	30	7	default:dirt	0
182	30	7	default:dirt	0
183	30	7	default:dirt	0
184	30	7	default:dirt	0
185	30	7	default:dirt	0
186	30	7	default:dirt	0
187	30	7	default:dirt	0
188	30	7	default:dirt	0
189	30	7	default:dirt	0
190	30	7	default:dirt	0
191	30	7	default:dirt	0
192	30	7	default:dirt	0
193	30	7	default:dirt	0
194	30	7	default:dirt	0
195	30	7	default:dirt	0
209	30	7	default:dirt	0
210	30	7	default:dirt	0
211	30	7	default:dirt	0
212	30	7	default:dirt	0
213	30	7	default:dirt	0
214	30	7	default:dirt	0
215	30	7	default:dirt	0
216	30	7	default:dirt	0
217	30	7	default:dirt	0
218	30	7	default:dirt	0
219	30	7	default:dirt	0
220	30	7	default:dirt	0
150	31	7	default:dirt_with_grass	0
151	31	7	default:dirt_with_grass	0
152	31	7	default:dirt_with_grass	0
153	31	7	default:dirt_with_grass	0
154	31	7	default:dirt_with_grass	0
155	31	7	default:dirt_with_grass	0
156	31	7	default:dirt_with_grass	0
157	31	7	default:dirt_with_grass	0
158	31	7	default:dirt_with_grass	0
159	31	7	default:dirt_with_grass	0
160	31	7	default:dirt_with_grass	0
161	31	7	default:dirt_with_grass	0
162	31	7	default:dirt_with_grass	0
163	31	7	default:dirt_with_grass	0
164	31	7	default:dirt_with_grass	0
165	31	7	default:dirt_with_grass	0
166	31	7	default:dirt_with_grass	0
167	31	7	default:dirt_with_grass	0
168	31	7	default:dirt_with_grass	0
169	31	7	default:dirt_with_grass	0
170	31	7	default:dirt_with_grass	0
171	31	7	default:dirt_with_grass	0
172	31	7	default:dirt_with_grass	0
173	31	7	default:dirt_with_grass	0
174	31	7	default:dirt_with_grass	0
175	31	7	default:dirt_with_grass	0
176	31	7	default:dirt_with_grass	0
177	31	7	default:dirt_with_grass	0
178	31	7	default:dirt_with_grass	0
179	31	7	default:dirt_with_grass	0
180	31	7	default:dirt_with_grass	0
181	31	7	default:dirt_with_grass	0
182	31	7	default:dirt_with_grass	0
183	31	7	default:dirt_with_grass	0
184	31	7	default:dirt_with_grass	0
185	31	7	default:dirt_with_grass	0
186	31	7	default:dirt_with_grass	0
187	31	7	default:dirt_with_grass	0
188	31	7	default:dirt_with_grass	0
189	31	7	default:dirt_with_grass	0
190	31	7	default:dirt_with_grass	0
191	31	7	default:dirt_with_grass	0
192	31	7	default:dirt_with_grass	0
193	31	7	default:dirt_with_grass	0
194	31	7	default:dirt_with_grass	0
195	31	7	default:dirt_with_grass	0
207	31	7	default:dirt	0
208	31	7	default:dirt	0
209	31	7	default:dirt	0
210	31	7	default:dirt	0
211	31	7	default:dirt	0
212	31	7	default:dirt	0
213	31	7	default:dirt	0
214	31	7	default:dirt	0
215	31	7	default:dirt	0
216	31	7	default:dirt	0
217	31	7	default:dirt	0
218	31	7	default:dirt	0
219	31	7	default:dirt	0
220	31	7	default:dirt	0
150	32	7	default:river_water_source	0
151	32	7	default:river_water_source	0
152	32	7	default:river_water_source	0
153	32	7	default:river_water_source	0
154	32	7	default:river_water_source	0
155	32	7	default:river_water_source	0
156	32	7	default:river_water_source	0
157	32	7	default:river_water_source	0
158	32	7	default:river_water_source	0
159	32	7	default:river_water_source	0
160	32	7	default:river_water_source	0
161	32	7	default:river_water_source	0
162	32	7	default:river_water_source	0
163	32	7	default:river_water_source	0
164	32	7	default:river_water_source	0
165	32	7	default:river_water_source	0
166	32	7	default:river_water_source	0
167	32	7	default:river_water_source	0
168	32	7	default:river_water_source	0
169	32	7	default:river_water_source	0
170	32	7	default:river_water_source	0
171	32	7	default:river_water_source	0
172	32	7	default:river_water_source	0
173	32	7	default:river_water_source	0
174	32	7	default:river_water_source	0
175	32	7	default:river_water_source	0
176	32	7	default:river_water_source	0
177	32	7	default:river_water_source	0
178	32	7	default:river_water_source	0
179	32	7	default:river_water_source	0
180	32	7	default:river_water_source	0
181	32	7	default:river_water_source	0
182	32	7	default:river_water_source	0
183	32	7	default:river_water_source	0
184	32	7	default:river_water_source	0
185	32	7	default:river_water_source	0
186	32	7	default:river_water_source	0
187	32	7	default:river_water_source	0
188	32	7	default:river_water_source	0
189	32	7	default:river_water_source	0
190	32	7	default:river_water_source	0
191	32	7	default:river_water_source	0
192	32	7	default:river_water_source	0
193	32	7	default:river_water_source	0
194	32	7	default:river_water_source	0
195	32	7	default:river_water_source	0
203	32	7	default:dirt	0
204	32	7	default:dirt	0
205	32	7	default:dirt	0
206	32	7	default:dirt	0
207	32	7	default:dirt	0
208	32	7	default:dirt	0
209	32	7	default:dirt	0
210	32	7	default:dirt	0
211	32	7	default:dirt	0
212	32	7	default:dirt	0
213	32	7	default:dirt	0
214	32	7	default:dirt	0
215	32	7	default:dirt	0
216	32	7	default:dirt	0
217	32	7	default:dirt_with_grass	0
218	32	7	default:dirt_with_grass	0
219	32	7	default:dirt	0
220	32	7	default:dirt	0
150	33	7	default:river_water_source	0
151	33	7	default:river_water_source	0
152	33	7	default:river_water_source	0
153	33	7	default:river_water_source	0
154	33	7	default:river_water_source	0
155	33	7	default:river_water_source	0
156	33	7	default:river_water_source	0
157	33	7	default:river_water_source	0
158	33	7	default:river_water_source	0
159	33	7	default:river_water_source	0
160	33	7	default:river_water_source	0
161	33	7	default:river_water_source	0
162	33	7	default:river_water_source	0
163	33	7	default:river_water_source	0
164	33	7	default:river_water_source	0
165	33	7	default:river_water_source	0
166	33	7	default:river_water_source	0
167	33	7	default:river_water_source	0
168	33	7	default:river_water_source	0
169	33	7	default:river_water_source	0
170	33	7	default:river_water_source	0
171	33	7	default:river_water_source	0
172	33	7	default:river_water_source	0
173	33	7	default:river_water_source	0
174	33	7	default:river_water_source	0
175	33	7	default:river_water_source	0
176	33	7	default:river_water_source	0
177	33	7	default:river_water_source	0
178	33	7	default:river_water_source	0
179	33	7	default:river_water_source	0
180	33	7	default:river_water_source	0
181	33	7	default:river_water_source	0
182	33	7	default:river_water_source	0
183	33	7	default:river_water_source	0
184	33	7	default:river_water_source	0
185	33	7	default:river_water_source	0
186	33	7	default:river_water_source	0
187	33	7	default:river_water_source	0
188	33	7	default:river_water_source	0
189	33	7	default:river_water_source	0
190	33	7	default:river_water_source	0
191	33	7	default:river_water_source	0
192	33	7	default:river_water_source	0
193	33	7	default:river_water_source	0
194	33	7	default:river_water_source	0
195	33	7	default:river_water_source	0
201	33	7	default:dirt	0
202	33	7	default:dirt	0
203	33	7	default:dirt	0
204	33	7	default:dirt	0
205	33	7	default:dirt	0
206	33	7	default:dirt	0
207	33	7	default:dirt	0
208	33	7	default:dirt	0
209	33	7	default:dirt_with_grass	0
210	33	7	default:dirt_with_grass	0
211	33	7	default:dirt_with_grass	0
212	33	7	default:dirt_with_grass	0
213	33	7	default:dirt_with_grass	0
214	33	7	default:dirt_with_grass	0
215	33	7	default:dirt_with_grass	0
216	33	7	default:dirt_with_grass	0
219	33	7	default:dirt_with_grass	0
220	33	7	default:dirt_with_grass	0
150	34	7	default:river_water_source	0
151	34	7	default:river_water_source	0
152	34	7	default:river_water_source	0
153	34	7	default:river_water_source	0
154	34	7	default:river_water_source	0
155	34	7	default:river_water_source	0
156	34	7	default:river_water_source	0
157	34	7	default:river_water_source	0
158	34	7	default:river_water_source	0
159	34	7	default:river_water_source	0
160	34	7	default:river_water_source	0
161	34	7	default:river_water_source	0
162	34	7	default:river_water_source	0
163	34	7	default:river_water_source	0
164	34	7	default:river_water_source	0
165	34	7	default:river_water_source	0
166	34	7	default:river_water_source	0
167	34	7	default:river_water_source	0
168	34	7	default:river_water_source	0
169	34	7	default:river_water_source	0
170	34	7	default:river_water_source	0
171	34	7	default:river_water_source	0
172	34	7	default:river_water_source	0
173	34	7	default:river_water_source	0
174	34	7	default:river_water_source	0
175	34	7	default:river_water_source	0
176	34	7	default:river_water_source	0
177	34	7	default:river_water_source	0
178	34	7	default:river_water_source	0
179	34	7	default:river_water_source	0
180	34	7	default:river_water_source	0
181	34	7	default:river_water_source	0
182	34	7	default:river_water_source	0
183	34	7	default:river_water_source	0
184	34	7	default:river_water_source	0
185	34	7	default:river_water_source	0
186	34	7	default:river_water_source	0
187	34	7	default:river_water_source	0
188	34	7	default:river_water_source	0
189	34	7	default:river_water_source	0
190	34	7	default:river_water_source	0
191	34	7	default:river_water_source	0
192	34	7	default:river_water_source	0
193	34	7	default:river_water_source	0
194	34	7	default:river_water_source	0
195	34	7	default:river_water_source	0
196	34	7	default:dirt	0
197	34	7	default:dirt	0
198	34	7	default:dirt	0
199	34	7	default:dirt	0
200	34	7	default:dirt	0
201	34	7	default:dirt	0
202	34	7	default:dirt	0
203	34	7	default:dirt	0
204	34	7	default:dirt	0
205	34	7	default:dirt	0
206	34	7	default:dirt	0
207	34	7	default:dirt_with_grass	0
208	34	7	default:dirt_with_grass	0
150	35	7	default:river_water_source	0
151	35	7	default:river_water_source	0
152	35	7	default:river_water_source	0
153	35	7	default:river_water_source	0
154	35	7	default:river_water_source	0
155	35	7	default:river_water_source	0
156	35	7	default:river_water_source	0
157	35	7	default:river_water_source	0
158	35	7	default:river_water_source	0
159	35	7	default:river_water_source	0
160	35	7	default:river_water_source	0
161	35	7	default:river_water_source	0
162	35	7	default:river_water_source	0
163	35	7	default:river_water_source	0
164	35	7	default:river_water_source	0
165	35	7	default:river_water_source	0
166	35	7	default:river_water_source	0
167	35	7	default:river_water_source	0
168	35	7	default:river_water_source	0
169	35	7	default:river_water_source	0
170	35	7	default:river_water_source	0
171	35	7	default:river_water_source	0
172	35	7	default:river_water_source	0
173	35	7	default:river_water_source	0
174	35	7	default:river_water_source	0
175	35	7	default:river_water_source	0
176	35	7	default:river_water_source	0
177	35	7	default:river_water_source	0
178	35	7	default:river_water_source	0
179	35	7	default:river_water_source	0
180	35	7	default:river_water_source	0
181	35	7	default:river_water_source	0
182	35	7	default:river_water_source	0
183	35	7	default:river_water_source	0
184	35	7	default:river_water_source	0
185	35	7	default:river_water_source	0
186	35	7	default:river_water_source	0
187	35	7	default:river_water_source	0
188	35	7	default:river_water_source	0
189	35	7	default:river_water_source	0
190	35	7	default:river_water_source	0
191	35	7	default:river_water_source	0
192	35	7	default:river_water_source	0
193	35	7	default:river_water_source	0
194	35	7	default:river_water_source	0
195	35	7	default:river_water_source	0
196	35	7	default:dirt	0
197	35	7	default:dirt	0
198	35	7	default:dirt	0
199	35	7	default:dirt	0
200	35	7	default:dirt	0
201	35	7	default:dirt	0
202	35	7	default:dirt	0
203	35	7	default:dirt_with_grass	0
204	35	7	default:dirt_with_grass	0
205	35	7	default:dirt_with_grass	0
206	35	7	default:dirt_with_grass	0
196	36	7	default:dirt	0
197	36	7	default:dirt	0
198	36	7	default:dirt	0
199	36	7	default:dirt	0
200	36	7	default:dirt	0
201	36	7	default:dirt_with_grass	0
202	36	7	default:dirt_with_grass	0
196	37	7	default:dirt_with_grass	0
196	37	7	grug_decor:castle_stonewall_stair	0
197	37	7	default:dirt_with_grass	0
197	37	7	grug_decor:castle_pavement_brick	0
198	37	7	default:dirt_with_grass	0
198	37	7	grug_decor:castle_pavement_brick	0
199	37	7	default:dirt_with_grass	0
199	37	7	grug_decor:castle_pavement_brick	0
200	37	7	default:brick	0
200	37	7	default:dirt_with_grass	0
151	28	8	default:dirt	0
152	28	8	default:dirt	0
153	28	8	default:dirt	0
154	28	8	default:dirt	0
155	28	8	default:dirt	0
156	28	8	default:dirt	0
157	28	8	default:dirt	0
158	28	8	default:dirt	0
159	28	8	default:dirt	0
160	28	8	default:dirt	0
161	28	8	default:dirt	0
162	28	8	default:dirt	0
163	28	8	default:dirt	0
164	28	8	default:dirt	0
165	28	8	default:dirt	0
166	28	8	default:dirt	0
167	28	8	default:dirt	0
168	28	8	default:dirt	0
169	28	8	default:dirt	0
170	28	8	default:dirt	0
171	28	8	default:dirt	0
172	28	8	default:dirt	0
173	28	8	default:dirt	0
174	28	8	default:dirt	0
175	28	8	default:dirt	0
176	28	8	default:dirt	0
177	28	8	default:dirt	0
178	28	8	default:dirt	0
179	28	8	default:dirt	0
180	28	8	default:dirt	0
181	28	8	default:dirt	0
182	28	8	default:dirt	0
183	28	8	default:dirt	0
184	28	8	default:dirt	0
185	28	8	default:dirt	0
186	28	8	default:dirt	0
187	28	8	default:dirt	0
188	28	8	default:dirt	0
189	28	8	default:dirt	0
190	28	8	default:dirt	0
191	28	8	default:dirt	0
192	28	8	default:dirt	0
193	28	8	default:dirt	0
194	28	8	default:dirt	0
150	29	8	default:dirt	0
151	29	8	default:dirt	0
152	29	8	default:dirt	0
153	29	8	default:dirt	0
154	29	8	default:dirt	0
155	29	8	default:dirt	0
156	29	8	default:dirt	0
157	29	8	default:dirt	0
158	29	8	default:dirt	0
159	29	8	default:dirt	0
160	29	8	default:dirt	0
161	29	8	default:dirt	0
162	29	8	default:dirt	0
163	29	8	default:dirt	0
164	29	8	default:dirt	0
165	29	8	default:dirt	0
166	29	8	default:dirt	0
167	29	8	default:dirt	0
168	29	8	default:dirt	0
169	29	8	default:dirt	0
170	29	8	default:dirt	0
171	29	8	default:dirt	0
172	29	8	default:dirt	0
173	29	8	default:dirt	0
174	29	8	default:dirt	0
175	29	8	default:dirt	0
176	29	8	default:dirt	0
177	29	8	default:dirt	0
178	29	8	default:dirt	0
179	29	8	default:dirt	0
180	29	8	default:dirt	0
181	29	8	default:dirt	0
182	29	8	default:dirt	0
183	29	8	default:dirt	0
184	29	8	default:dirt	0
185	29	8	default:dirt	0
186	29	8	default:dirt	0
187	29	8	default:dirt	0
188	29	8	default:dirt	0
189	29	8	default:dirt	0
190	29	8	default:dirt	0
191	29	8	default:dirt	0
192	29	8	default:dirt	0
193	29	8	default:dirt	0
194	29	8	default:dirt	0
217	29	8	default:dirt	0
218	29	8	default:dirt	0
150	30	8	default:dirt	0
151	30	8	default:dirt	0
152	30	8	default:dirt	0
153	30	8	default:dirt	0
154	30	8	default:dirt	0
155	30	8	default:dirt	0
156	30	8	default:dirt	0
157	30	8	default:dirt	0
158	30	8	default:dirt	0
159	30	8	default:dirt	0
160	30	8	default:dirt	0
161	30	8	default:dirt	0
162	30	8	default:dirt	0
163	30	8	default:dirt	0
164	30	8	default:dirt	0
165	30	8	default:dirt	0
166	30	8	default:dirt	0
167	30	8	default:dirt	0
168	30	8	default:dirt	0
169	30	8	default:dirt	0
170	30	8	default:dirt	0
171	30	8	default:dirt	0
172	30	8	default:dirt	0
173	30	8	default:dirt	0
174	30	8	default:dirt	0
175	30	8	default:dirt	0
176	30	8	default:dirt	0
177	30	8	default:dirt	0
178	30	8	default:dirt	0
179	30	8	default:dirt	0
180	30	8	default:dirt	0
181	30	8	default:dirt	0
182	30	8	default:dirt	0
183	30	8	default:dirt	0
184	30	8	default:dirt	0
185	30	8	default:dirt	0
186	30	8	default:dirt	0
187	30	8	default:dirt	0
188	30	8	default:dirt	0
189	30	8	default:dirt	0
190	30	8	default:dirt	0
191	30	8	default:dirt	0
192	30	8	default:dirt	0
193	30	8	default:dirt	0
194	30	8	default:dirt	0
208	30	8	default:dirt	0
209	30	8	default:dirt	0
210	30	8	default:dirt	0
211	30	8	default:dirt	0
212	30	8	default:dirt	0
213	30	8	default:dirt	0
214	30	8	default:dirt	0
215	30	8	default:dirt	0
216	30	8	default:dirt	0
217	30	8	default:dirt	0
218	30	8	default:dirt	0
219	30	8	default:dirt	0
220	30	8	default:dirt	0
150	31	8	default:dirt	0
151	31	8	default:dirt_with_grass	0
152	31	8	default:dirt_with_grass	0
153	31	8	default:dirt_with_grass	0
154	31	8	default:dirt_with_grass	0
155	31	8	default:dirt_with_grass	0
156	31	8	default:dirt_with_grass	0
157	31	8	default:dirt_with_grass	0
158	31	8	default:dirt_with_grass	0
159	31	8	default:dirt_with_grass	0
160	31	8	default:dirt_with_grass	0
161	31	8	default:dirt_with_grass	0
162	31	8	default:dirt_with_grass	0
163	31	8	default:dirt_with_grass	0
164	31	8	default:dirt_with_grass	0
165	31	8	default:dirt_with_grass	0
166	31	8	default:dirt_with_grass	0
167	31	8	default:dirt_with_grass	0
168	31	8	default:dirt_with_grass	0
169	31	8	default:dirt_with_grass	0
170	31	8	default:dirt_with_grass	0
171	31	8	default:dirt_with_grass	0
172	31	8	default:dirt_with_grass	0
173	31	8	default:dirt_with_grass	0
174	31	8	default:dirt_with_grass	0
175	31	8	default:dirt_with_grass	0
176	31	8	default:dirt_with_grass	0
177	31	8	default:dirt_with_grass	0
178	31	8	default:dirt_with_grass	0
179	31	8	default:dirt_with_grass	0
180	31	8	default:dirt_with_grass	0
181	31	8	default:dirt_with_grass	0
182	31	8	default:dirt_with_grass	0
183	31	8	default:dirt_with_grass	0
184	31	8	default:dirt_with_grass	0
185	31	8	default:dirt_with_grass	0
186	31	8	default:dirt_with_grass	0
187	31	8	default:dirt_with_grass	0
188	31	8	default:dirt_with_grass	0
189	31	8	default:dirt_with_grass	0
190	31	8	default:dirt_with_grass	0
191	31	8	default:dirt_with_grass	0
192	31	8	default:dirt_with_grass	0
193	31	8	default:dirt_with_grass	0
194	31	8	default:dirt_with_grass	0
204	31	8	default:dirt	0
205	31	8	default:dirt	0
206	31	8	default:dirt	0
207	31	8	default:dirt	0
208	31	8	default:dirt	0
209	31	8	default:dirt	0
210	31	8	default:dirt	0
211	31	8	default:dirt	0
212	31	8	default:dirt	0
213	31	8	default:dirt	0
214	31	8	default:dirt	0
215	31	8	default:dirt	0
216	31	8	default:dirt	0
217	31	8	default:dirt	0
218	31	8	default:dirt	0
219	31	8	default:dirt	0
220	31	8	default:dirt	0
150	32	8	default:dirt_with_grass	0
151	32	8	default:river_water_source	0
152	32	8	default:river_water_source	0
153	32	8	default:river_water_source	0
154	32	8	default:river_water_source	0
155	32	8	default:river_water_source	0
156	32	8	default:river_water_source	0
157	32	8	default:river_water_source	0
158	32	8	default:river_water_source	0
159	32	8	default:river_water_source	0
160	32	8	default:river_water_source	0
161	32	8	default:river_water_source	0
162	32	8	default:river_water_source	0
163	32	8	default:river_water_source	0
164	32	8	default:river_water_source	0
165	32	8	default:river_water_source	0
166	32	8	default:river_water_source	0
167	32	8	default:river_water_source	0
168	32	8	default:river_water_source	0
169	32	8	default:river_water_source	0
170	32	8	default:river_water_source	0
171	32	8	default:river_water_source	0
172	32	8	default:river_water_source	0
173	32	8	default:river_water_source	0
174	32	8	default:river_water_source	0
175	32	8	default:river_water_source	0
176	32	8	default:river_water_source	0
177	32	8	default:river_water_source	0
178	32	8	default:river_water_source	0
179	32	8	default:river_water_source	0
180	32	8	default:river_water_source	0
181	32	8	default:river_water_source	0
182	32	8	default:river_water_source	0
183	32	8	default:river_water_source	0
184	32	8	default:river_water_source	0
185	32	8	default:river_water_source	0
186	32	8	default:river_water_source	0
187	32	8	default:river_water_source	0
188	32	8	default:river_water_source	0
189	32	8	default:river_water_source	0
190	32	8	default:river_water_source	0
191	32	8	default:river_water_source	0
192	32	8	default:river_water_source	0
193	32	8	default:river_water_source	0
194	32	8	default:river_water_source	0
202	32	8	default:dirt	0
203	32	8	default:dirt	0
204	32	8	default:dirt	0
205	32	8	default:dirt	0
206	32	8	default:dirt	0
207	32	8	default:dirt	0
208	32	8	default:dirt	0
209	32	8	default:dirt	0
210	32	8	default:dirt	0
211	32	8	default:dirt	0
212	32	8	default:dirt	0
213	32	8	default:dirt	0
214	32	8	default:dirt	0
215	32	8	default:dirt	0
216	32	8	default:dirt	0
217	32	8	default:dirt_with_grass	0
218	32	8	default:dirt_with_grass	0
219	32	8	default:dirt	0
220	32	8	default:dirt	0
150	33	8	default:river_water_source	0
151	33	8	default:river_water_source	0
152	33	8	default:river_water_source	0
153	33	8	default:river_water_source	0
154	33	8	default:river_water_source	0
155	33	8	default:river_water_source	0
156	33	8	default:river_water_source	0
157	33	8	default:river_water_source	0
158	33	8	default:river_water_source	0
159	33	8	default:river_water_source	0
160	33	8	default:river_water_source	0
161	33	8	default:river_water_source	0
162	33	8	default:river_water_source	0
163	33	8	default:river_water_source	0
164	33	8	default:river_water_source	0
165	33	8	default:river_water_source	0
166	33	8	default:river_water_source	0
167	33	8	default:river_water_source	0
168	33	8	default:river_water_source	0
169	33	8	default:river_water_source	0
170	33	8	default:river_water_source	0
171	33	8	default:river_water_source	0
172	33	8	default:river_water_source	0
173	33	8	default:river_water_source	0
174	33	8	default:river_water_source	0
175	33	8	default:river_water_source	0
176	33	8	default:river_water_source	0
177	33	8	default:river_water_source	0
178	33	8	default:river_water_source	0
179	33	8	default:river_water_source	0
180	33	8	default:river_water_source	0
181	33	8	default:river_water_source	0
182	33	8	default:river_water_source	0
183	33	8	default:river_water_source	0
184	33	8	default:river_water_source	0
185	33	8	default:river_water_source	0
186	33	8	default:river_water_source	0
187	33	8	default:river_water_source	0
188	33	8	default:river_water_source	0
189	33	8	default:river_water_source	0
190	33	8	default:river_water_source	0
191	33	8	default:river_water_source	0
192	33	8	default:river_water_source	0
193	33	8	default:river_water_source	0
194	33	8	default:river_water_source	0
201	33	8	default:dirt	0
202	33	8	default:dirt	0
203	33	8	default:dirt	0
204	33	8	default:dirt	0
205	33	8	default:dirt	0
206	33	8	default:dirt	0
207	33	8	default:dirt	0
208	33	8	default:dirt_with_grass	0
209	33	8	default:dirt_with_grass	0
210	33	8	default:dirt_with_grass	0
211	33	8	default:dirt_with_grass	0
212	33	8	default:dirt_with_grass	0
213	33	8	default:dirt_with_grass	0
214	33	8	default:dirt_with_grass	0
215	33	8	default:dirt_with_grass	0
216	33	8	default:dirt_with_grass	0
219	33	8	default:dirt_with_grass	0
220	33	8	default:dirt_with_grass	0
150	34	8	default:river_water_source	0
151	34	8	default:river_water_source	0
152	34	8	default:river_water_source	0
153	34	8	default:river_water_source	0
154	34	8	default:river_water_source	0
155	34	8	default:river_water_source	0
156	34	8	default:river_water_source	0
157	34	8	default:river_water_source	0
158	34	8	default:river_water_source	0
159	34	8	default:river_water_source	0
160	34	8	default:river_water_source	0
161	34	8	default:river_water_source	0
162	34	8	default:river_water_source	0
163	34	8	default:river_water_source	0
164	34	8	default:river_water_source	0
165	34	8	default:river_water_source	0
166	34	8	default:river_water_source	0
167	34	8	default:river_water_source	0
168	34	8	default:river_water_source	0
169	34	8	default:river_water_source	0
170	34	8	default:river_water_source	0
171	34	8	default:river_water_source	0
172	34	8	default:river_water_source	0
173	34	8	default:river_water_source	0
174	34	8	default:river_water_source	0
175	34	8	default:river_water_source	0
176	34	8	default:river_water_source	0
177	34	8	default:river_water_source	0
178	34	8	default:river_water_source	0
179	34	8	default:river_water_source	0
180	34	8	default:river_water_source	0
181	34	8	default:river_water_source	0
182	34	8	default:river_water_source	0
183	34	8	default:river_water_source	0
184	34	8	default:river_water_source	0
185	34	8	default:river_water_source	0
186	34	8	default:river_water_source	0
187	34	8	default:river_water_source	0
188	34	8	default:river_water_source	0
189	34	8	default:river_water_source	0
190	34	8	default:river_water_source	0
191	34	8	default:river_water_source	0
192	34	8	default:river_water_source	0
193	34	8	default:river_water_source	0
194	34	8	default:river_water_source	0
195	34	8	default:dirt	0
196	34	8	default:dirt	0
197	34	8	default:dirt	0
198	34	8	default:dirt	0
199	34	8	default:dirt	0
200	34	8	default:dirt	0
201	34	8	default:dirt	0
202	34	8	default:dirt	0
203	34	8	default:dirt	0
204	34	8	default:dirt_with_grass	0
205	34	8	default:dirt_with_grass	0
206	34	8	default:dirt_with_grass	0
207	34	8	default:dirt_with_grass	0
150	35	8	default:river_water_source	0
151	35	8	default:river_water_source	0
152	35	8	default:river_water_source	0
153	35	8	default:river_water_source	0
154	35	8	default:river_water_source	0
155	35	8	default:river_water_source	0
156	35	8	default:river_water_source	0
157	35	8	default:river_water_source	0
158	35	8	default:river_water_source	0
159	35	8	default:river_water_source	0
160	35	8	default:river_water_source	0
161	35	8	default:river_water_source	0
162	35	8	default:river_water_source	0
163	35	8	default:river_water_source	0
164	35	8	default:river_water_source	0
165	35	8	default:river_water_source	0
166	35	8	default:river_water_source	0
167	35	8	default:river_water_source	0
168	35	8	default:river_water_source	0
169	35	8	default:river_water_source	0
170	35	8	default:river_water_source	0
171	35	8	default:river_water_source	0
172	35	8	default:river_water_source	0
173	35	8	default:river_water_source	0
174	35	8	default:river_water_source	0
175	35	8	default:river_water_source	0
176	35	8	default:river_water_source	0
177	35	8	default:river_water_source	0
178	35	8	default:river_water_source	0
179	35	8	default:river_water_source	0
180	35	8	default:river_water_source	0
181	35	8	default:river_water_source	0
182	35	8	default:river_water_source	0
183	35	8	default:river_water_source	0
184	35	8	default:river_water_source	0
185	35	8	default:river_water_source	0
186	35	8	default:river_water_source	0
187	35	8	default:river_water_source	0
188	35	8	default:river_water_source	0
189	35	8	default:river_water_source	0
190	35	8	default:river_water_source	0
191	35	8	default:river_water_source	0
192	35	8	default:river_water_source	0
193	35	8	default:river_water_source	0
194	35	8	default:river_water_source	0
195	35	8	default:dirt	0
196	35	8	default:dirt	0
197	35	8	default:dirt	0
198	35	8	default:dirt	0
199	35	8	default:dirt	0
200	35	8	default:dirt	0
201	35	8	default:dirt	0
202	35	8	default:dirt_with_grass	0
203	35	8	default:dirt_with_grass	0
195	36	8	default:dirt	0
196	36	8	default:dirt	0
197	36	8	default:dirt	0
198	36	8	default:dirt	0
199	36	8	default:dirt	0
200	36	8	default:dirt	0
201	36	8	default:brick	0
201	36	8	default:dirt_with_grass	0
195	37	8	default:brick	0
195	37	8	default:dirt_with_grass	0
196	37	8	default:brick	0
196	37	8	default:dirt_with_grass	0
197	37	8	default:dirt_with_grass	0
197	37	8	grug_decor:castle_pavement_brick	0
198	37	8	default:dirt_with_grass	0
198	37	8	grug_decor:castle_pavement_brick	0
199	37	8	default:dirt_with_grass	0
199	37	8	grug_decor:castle_pavement_brick	0
200	37	8	default:dirt_with_grass	0
200	37	8	grug_decor:castle_stonewall_stair	2
201	37	8	default:tree	0
195	38	8	default:tree	0
201	38	8	default:tree	0
195	39	8	default:tree	0
201	39	8	default:torch	1
195	40	8	default:torch	1
153	28	9	default:dirt	0
154	28	9	default:dirt	0
155	28	9	default:dirt	0
156	28	9	default:dirt	0
157	28	9	default:dirt	0
158	28	9	default:dirt	0
159	28	9	default:dirt	0
160	28	9	default:dirt	0
161	28	9	default:dirt	0
162	28	9	default:dirt	0
163	28	9	default:dirt	0
164	28	9	default:dirt	0
165	28	9	default:dirt	0
166	28	9	default:dirt	0
167	28	9	default:dirt	0
168	28	9	default:dirt	0
169	28	9	default:dirt	0
170	28	9	default:dirt	0
171	28	9	default:dirt	0
172	28	9	default:dirt	0
173	28	9	default:dirt	0
174	28	9	default:dirt	0
175	28	9	default:dirt	0
176	28	9	default:dirt	0
177	28	9	default:dirt	0
178	28	9	default:dirt	0
179	28	9	default:dirt	0
180	28	9	default:dirt	0
181	28	9	default:dirt	0
182	28	9	default:dirt	0
183	28	9	default:dirt	0
184	28	9	default:dirt	0
185	28	9	default:dirt	0
186	28	9	default:dirt	0
187	28	9	default:dirt	0
188	28	9	default:dirt	0
189	28	9	default:dirt	0
190	28	9	default:dirt	0
191	28	9	default:dirt	0
192	28	9	default:dirt	0
193	28	9	default:dirt	0
150	29	9	default:dirt	0
151	29	9	default:dirt	0
152	29	9	default:dirt	0
153	29	9	default:dirt	0
154	29	9	default:dirt	0
155	29	9	default:dirt	0
156	29	9	default:dirt	0
157	29	9	default:dirt	0
158	29	9	default:dirt	0
159	29	9	default:dirt	0
160	29	9	default:dirt	0
161	29	9	default:dirt	0
162	29	9	default:dirt	0
163	29	9	default:dirt	0
164	29	9	default:dirt	0
165	29	9	default:dirt	0
166	29	9	default:dirt	0
167	29	9	default:dirt	0
168	29	9	default:dirt	0
169	29	9	default:dirt	0
170	29	9	default:dirt	0
171	29	9	default:dirt	0
172	29	9	default:dirt	0
173	29	9	default:dirt	0
174	29	9	default:dirt	0
175	29	9	default:dirt	0
176	29	9	default:dirt	0
177	29	9	default:dirt	0
178	29	9	default:dirt	0
179	29	9	default:dirt	0
180	29	9	default:dirt	0
181	29	9	default:dirt	0
182	29	9	default:dirt	0
183	29	9	default:dirt	0
184	29	9	default:dirt	0
185	29	9	default:dirt	0
186	29	9	default:dirt	0
187	29	9	default:dirt	0
188	29	9	default:dirt	0
189	29	9	default:dirt	0
190	29	9	default:dirt	0
191	29	9	default:dirt	0
192	29	9	default:dirt	0
193	29	9	default:dirt	0
213	29	9	default:dirt	0
214	29	9	default:dirt	0
215	29	9	default:dirt	0
216	29	9	default:dirt	0
217	29	9	default:dirt	0
218	29	9	default:dirt	0
219	29	9	default:dirt	0
220	29	9	default:dirt	0
150	30	9	default:dirt	0
151	30	9	default:dirt	0
152	30	9	default:dirt	0
153	30	9	default:dirt	0
154	30	9	default:dirt	0
155	30	9	default:dirt	0
156	30	9	default:dirt	0
157	30	9	default:dirt	0
158	30	9	default:dirt	0
159	30	9	default:dirt	0
160	30	9	default:dirt	0
161	30	9	default:dirt	0
162	30	9	default:dirt	0
163	30	9	default:dirt	0
164	30	9	default:dirt	0
165	30	9	default:dirt	0
166	30	9	default:dirt	0
167	30	9	default:dirt	0
168	30	9	default:dirt	0
169	30	9	default:dirt	0
170	30	9	default:dirt	0
171	30	9	default:dirt	0
172	30	9	default:dirt	0
173	30	9	default:dirt	0
174	30	9	default:dirt	0
175	30	9	default:dirt	0
176	30	9	default:dirt	0
177	30	9	default:dirt	0
178	30	9	default:dirt	0
179	30	9	default:dirt	0
180	30	9	default:dirt	0
181	30	9	default:dirt	0
182	30	9	default:dirt	0
183	30	9	default:dirt	0
184	30	9	default:dirt	0
185	30	9	default:dirt	0
186	30	9	default:dirt	0
187	30	9	default:dirt	0
188	30	9	default:dirt	0
189	30	9	default:dirt	0
190	30	9	default:dirt	0
191	30	9	default:dirt	0
192	30	9	default:dirt	0
193	30	9	default:dirt	0
205	30	9	default:dirt	0
206	30	9	default:dirt	0
207	30	9	default:dirt	0
208	30	9	default:dirt	0
209	30	9	default:dirt	0
210	30	9	default:dirt	0
211	30	9	default:dirt	0
212	30	9	default:dirt	0
213	30	9	default:dirt	0
214	30	9	default:dirt	0
215	30	9	default:dirt	0
216	30	9	default:dirt	0
217	30	9	default:dirt	0
218	30	9	default:dirt	0
219	30	9	default:dirt	0
220	30	9	default:dirt	0
150	31	9	default:dirt	0
151	31	9	default:dirt	0
152	31	9	default:dirt	0
153	31	9	default:dirt_with_grass	0
154	31	9	default:dirt_with_grass	0
155	31	9	default:dirt_with_grass	0
156	31	9	default:dirt_with_grass	0
157	31	9	default:dirt_with_grass	0
158	31	9	default:dirt_with_grass	0
159	31	9	default:dirt_with_grass	0
160	31	9	default:dirt_with_grass	0
161	31	9	default:dirt_with_grass	0
162	31	9	default:dirt_with_grass	0
163	31	9	default:dirt_with_grass	0
164	31	9	default:dirt_with_grass	0
165	31	9	default:dirt_with_grass	0
166	31	9	default:dirt_with_grass	0
167	31	9	default:dirt_with_grass	0
168	31	9	default:dirt_with_grass	0
169	31	9	default:dirt_with_grass	0
170	31	9	default:dirt_with_grass	0
171	31	9	default:dirt_with_grass	0
172	31	9	default:dirt_with_grass	0
173	31	9	default:dirt_with_grass	0
174	31	9	default:dirt_with_grass	0
175	31	9	default:dirt_with_grass	0
176	31	9	default:dirt_with_grass	0
177	31	9	default:dirt_with_grass	0
178	31	9	default:dirt_with_grass	0
179	31	9	default:dirt_with_grass	0
180	31	9	default:dirt_with_grass	0
181	31	9	default:dirt_with_grass	0
182	31	9	default:dirt_with_grass	0
183	31	9	default:dirt_with_grass	0
184	31	9	default:dirt_with_grass	0
185	31	9	default:dirt_with_grass	0
186	31	9	default:dirt_with_grass	0
187	31	9	default:dirt_with_grass	0
188	31	9	default:dirt_with_grass	0
189	31	9	default:dirt_with_grass	0
190	31	9	default:dirt_with_grass	0
191	31	9	default:dirt_with_grass	0
192	31	9	default:dirt_with_grass	0
193	31	9	default:dirt_with_grass	0
204	31	9	default:dirt	0
205	31	9	default:dirt	0
206	31	9	default:dirt	0
207	31	9	default:dirt	0
208	31	9	default:dirt	0
209	31	9	default:dirt	0
210	31	9	default:dirt	0
211	31	9	default:dirt	0
212	31	9	default:dirt	0
213	31	9	default:dirt	0
214	31	9	default:dirt	0
215	31	9	default:dirt	0
216	31	9	default:dirt	0
217	31	9	default:dirt	0
218	31	9	default:dirt	0
219	31	9	default:dirt	0
220	31	9	default:dirt	0
150	32	9	default:dirt_with_grass	0
151	32	9	default:dirt_with_grass	0
152	32	9	default:dirt_with_grass	0
153	32	9	default:river_water_source	0
154	32	9	default:river_water_source	0
155	32	9	default:river_water_source	0
156	32	9	default:river_water_source	0
157	32	9	default:river_water_source	0
158	32	9	default:river_water_source	0
159	32	9	default:river_water_source	0
160	32	9	default:river_water_source	0
161	32	9	default:river_water_source	0
162	32	9	default:river_water_source	0
163	32	9	default:river_water_source	0
164	32	9	default:river_water_source	0
165	32	9	default:river_water_source	0
166	32	9	default:river_water_source	0
167	32	9	default:river_water_source	0
168	32	9	default:river_water_source	0
169	32	9	default:river_water_source	0
170	32	9	default:river_water_source	0
171	32	9	default:river_water_source	0
172	32	9	default:river_water_source	0
173	32	9	default:river_water_source	0
174	32	9	default:river_water_source	0
175	32	9	default:river_water_source	0
176	32	9	default:river_water_source	0
177	32	9	default:river_water_source	0
178	32	9	default:river_water_source	0
179	32	9	default:river_water_source	0
180	32	9	default:river_water_source	0
181	32	9	default:river_water_source	0
182	32	9	default:river_water_source	0
183	32	9	default:river_water_source	0
184	32	9	default:river_water_source	0
185	32	9	default:river_water_source	0
186	32	9	default:river_water_source	0
187	32	9	default:river_water_source	0
188	32	9	default:river_water_source	0
189	32	9	default:river_water_source	0
190	32	9	default:river_water_source	0
191	32	9	default:river_water_source	0
192	32	9	default:river_water_source	0
193	32	9	default:river_water_source	0
202	32	9	default:dirt	0
203	32	9	default:dirt	0
204	32	9	default:dirt	0
205	32	9	default:dirt	0
206	32	9	default:dirt	0
207	32	9	default:dirt	0
208	32	9	default:dirt	0
209	32	9	default:dirt	0
210	32	9	default:dirt	0
211	32	9	default:dirt	0
212	32	9	default:dirt	0
213	32	9	default:dirt_with_grass	0
214	32	9	default:dirt_with_grass	0
215	32	9	default:dirt_with_grass	0
216	32	9	default:dirt_with_grass	0
217	32	9	default:dirt_with_grass	0
218	32	9	default:dirt_with_grass	0
219	32	9	default:dirt_with_grass	0
220	32	9	default:dirt_with_grass	0
150	33	9	default:river_water_source	0
151	33	9	default:river_water_source	0
152	33	9	default:river_water_source	0
153	33	9	default:river_water_source	0
154	33	9	default:river_water_source	0
155	33	9	default:river_water_source	0
156	33	9	default:river_water_source	0
157	33	9	default:river_water_source	0
158	33	9	default:river_water_source	0
159	33	9	default:river_water_source	0
160	33	9	default:river_water_source	0
161	33	9	default:river_water_source	0
162	33	9	default:river_water_source	0
163	33	9	default:river_water_source	0
164	33	9	default:river_water_source	0
165	33	9	default:river_water_source	0
166	33	9	default:river_water_source	0
167	33	9	default:river_water_source	0
168	33	9	default:river_water_source	0
169	33	9	default:river_water_source	0
170	33	9	default:river_water_source	0
171	33	9	default:river_water_source	0
172	33	9	default:river_water_source	0
173	33	9	default:river_water_source	0
174	33	9	default:river_water_source	0
175	33	9	default:river_water_source	0
176	33	9	default:river_water_source	0
177	33	9	default:river_water_source	0
178	33	9	default:river_water_source	0
179	33	9	default:river_water_source	0
180	33	9	default:river_water_source	0
181	33	9	default:river_water_source	0
182	33	9	default:river_water_source	0
183	33	9	default:river_water_source	0
184	33	9	default:river_water_source	0
185	33	9	default:river_water_source	0
186	33	9	default:river_water_source	0
187	33	9	default:river_water_source	0
188	33	9	default:river_water_source	0
189	33	9	default:river_water_source	0
190	33	9	default:river_water_source	0
191	33	9	default:river_water_source	0
192	33	9	default:river_water_source	0
193	33	9	default:river_water_source	0
200	33	9	default:dirt	0
201	33	9	default:dirt	0
202	33	9	default:dirt	0
203	33	9	default:dirt	0
204	33	9	default:dirt	0
205	33	9	default:dirt_with_grass	0
206	33	9	default:dirt_with_grass	0
207	33	9	default:dirt_with_grass	0
208	33	9	default:dirt_with_grass	0
209	33	9	default:dirt_with_grass	0
210	33	9	default:dirt_with_grass	0
211	33	9	default:dirt_with_grass	0
212	33	9	default:dirt_with_grass	0
150	34	9	default:river_water_source	0
151	34	9	default:river_water_source	0
152	34	9	default:river_water_source	0
153	34	9	default:river_water_source	0
154	34	9	default:river_water_source	0
155	34	9	default:river_water_source	0
156	34	9	default:river_water_source	0
157	34	9	default:river_water_source	0
158	34	9	default:river_water_source	0
159	34	9	default:river_water_source	0
160	34	9	default:river_water_source	0
161	34	9	default:river_water_source	0
162	34	9	default:river_water_source	0
163	34	9	default:river_water_source	0
164	34	9	default:river_water_source	0
165	34	9	default:river_water_source	0
166	34	9	default:river_water_source	0
167	34	9	default:river_water_source	0
168	34	9	default:river_water_source	0
169	34	9	default:river_water_source	0
170	34	9	default:river_water_source	0
171	34	9	default:river_water_source	0
172	34	9	default:river_water_source	0
173	34	9	default:river_water_source	0
174	34	9	default:river_water_source	0
175	34	9	default:river_water_source	0
176	34	9	default:river_water_source	0
177	34	9	default:river_water_source	0
178	34	9	default:river_water_source	0
179	34	9	default:river_water_source	0
180	34	9	default:river_water_source	0
181	34	9	default:river_water_source	0
182	34	9	default:river_water_source	0
183	34	9	default:river_water_source	0
184	34	9	default:river_water_source	0
185	34	9	default:river_water_source	0
186	34	9	default:river_water_source	0
187	34	9	default:river_water_source	0
188	34	9	default:river_water_source	0
189	34	9	default:river_water_source	0
190	34	9	default:river_water_source	0
191	34	9	default:river_water_source	0
192	34	9	default:river_water_source	0
193	34	9	default:river_water_source	0
194	34	9	default:dirt	0
195	34	9	default:dirt	0
196	34	9	default:dirt	0
197	34	9	default:dirt	0
198	34	9	default:dirt	0
199	34	9	default:dirt	0
200	34	9	default:dirt	0
201	34	9	default:dirt	0
202	34	9	default:dirt	0
203	34	9	default:dirt	0
204	34	9	default:dirt_with_grass	0
150	35	9	default:river_water_source	0
151	35	9	default:river_water_source	0
152	35	9	default:river_water_source	0
153	35	9	default:river_water_source	0
154	35	9	default:river_water_source	0
155	35	9	default:river_water_source	0
156	35	9	default:river_water_source	0
157	35	9	default:river_water_source	0
158	35	9	default:river_water_source	0
159	35	9	default:river_water_source	0
160	35	9	default:river_water_source	0
161	35	9	default:river_water_source	0
162	35	9	default:river_water_source	0
163	35	9	default:river_water_source	0
164	35	9	default:river_water_source	0
165	35	9	default:river_water_source	0
166	35	9	default:river_water_source	0
167	35	9	default:river_water_source	0
168	35	9	default:river_water_source	0
169	35	9	default:river_water_source	0
170	35	9	default:river_water_source	0
171	35	9	default:river_water_source	0
172	35	9	default:river_water_source	0
173	35	9	default:river_water_source	0
174	35	9	default:river_water_source	0
175	35	9	default:river_water_source	0
176	35	9	default:river_water_source	0
177	35	9	default:river_water_source	0
178	35	9	default:river_water_source	0
179	35	9	default:river_water_source	0
180	35	9	default:river_water_source	0
181	35	9	default:river_water_source	0
182	35	9	default:river_water_source	0
183	35	9	default:river_water_source	0
184	35	9	default:river_water_source	0
185	35	9	default:river_water_source	0
186	35	9	default:river_water_source	0
187	35	9	default:river_water_source	0
188	35	9	default:river_water_source	0
189	35	9	default:river_water_source	0
190	35	9	default:river_water_source	0
191	35	9	default:river_water_source	0
192	35	9	default:river_water_source	0
193	35	9	default:river_water_source	0
194	35	9	default:dirt	0
195	35	9	default:dirt	0
196	35	9	default:dirt	0
197	35	9	default:dirt	0
198	35	9	default:dirt	0
199	35	9	default:dirt	0
200	35	9	default:dirt	0
201	35	9	default:dirt	0
202	35	9	default:dirt_with_grass	0
203	35	9	default:dirt_with_grass	0
194	36	9	default:dirt	0
195	36	9	default:dirt	0
196	36	9	default:dirt	0
197	36	9	default:dirt	0
198	36	9	default:dirt	0
199	36	9	default:dirt	0
200	36	9	default:brick	0
200	36	9	default:dirt_with_grass	0
201	36	9	default:dirt_with_grass	0
194	37	9	default:dirt_with_grass	0
195	37	9	default:dirt_with_grass	0
196	37	9	default:brick	0
196	37	9	default:dirt_with_grass	0
197	37	9	default:dirt_with_grass	0
197	37	9	grug_decor:castle_pavement_brick	0
198	37	9	default:dirt_with_grass	0
198	37	9	grug_decor:castle_pavement_brick	0
199	37	9	default:dirt_with_grass	0
199	37	9	grug_decor:castle_stonewall_stair	2
157	28	10	default:dirt	0
158	28	10	default:dirt	0
159	28	10	default:dirt	0
160	28	10	default:dirt	0
161	28	10	default:dirt	0
162	28	10	default:dirt	0
163	28	10	default:dirt	0
164	28	10	default:dirt	0
165	28	10	default:dirt	0
166	28	10	default:dirt	0
167	28	10	default:dirt	0
168	28	10	default:dirt	0
169	28	10	default:dirt	0
170	28	10	default:dirt	0
171	28	10	default:dirt	0
172	28	10	default:dirt	0
173	28	10	default:dirt	0
174	28	10	default:dirt	0
175	28	10	default:dirt	0
176	28	10	default:dirt	0
177	28	10	default:dirt	0
178	28	10	default:dirt	0
179	28	10	default:dirt	0
180	28	10	default:dirt	0
181	28	10	default:dirt	0
182	28	10	default:dirt	0
183	28	10	default:dirt	0
184	28	10	default:dirt	0
185	28	10	default:dirt	0
186	28	10	default:dirt	0
187	28	10	default:dirt	0
188	28	10	default:dirt	0
189	28	10	default:dirt	0
190	28	10	default:dirt	0
191	28	10	default:dirt	0
192	28	10	default:dirt	0
214	28	10	default:dirt	0
215	28	10	default:dirt	0
216	28	10	default:dirt	0
217	28	10	default:dirt	0
218	28	10	default:dirt	0
219	28	10	default:dirt	0
220	28	10	default:dirt	0
150	29	10	default:dirt	0
151	29	10	default:dirt	0
152	29	10	default:dirt	0
153	29	10	default:dirt	0
154	29	10	default:dirt	0
155	29	10	default:dirt	0
156	29	10	default:dirt	0
157	29	10	default:dirt	0
158	29	10	default:dirt	0
159	29	10	default:dirt	0
160	29	10	default:dirt	0
161	29	10	default:dirt	0
162	29	10	default:dirt	0
163	29	10	default:dirt	0
164	29	10	default:dirt	0
165	29	10	default:dirt	0
166	29	10	default:dirt	0
167	29	10	default:dirt	0
168	29	10	default:dirt	0
169	29	10	default:dirt	0
170	29	10	default:dirt	0
171	29	10	default:dirt	0
172	29	10	default:dirt	0
173	29	10	default:dirt	0
174	29	10	default:dirt	0
175	29	10	default:dirt	0
176	29	10	default:dirt	0
177	29	10	default:dirt	0
178	29	10	default:dirt	0
179	29	10	default:dirt	0
180	29	10	default:dirt	0
181	29	10	default:dirt	0
182	29	10	default:dirt	0
183	29	10	default:dirt	0
184	29	10	default:dirt	0
185	29	10	default:dirt	0
186	29	10	default:dirt	0
187	29	10	default:dirt	0
188	29	10	default:dirt	0
189	29	10	default:dirt	0
190	29	10	default:dirt	0
191	29	10	default:dirt	0
192	29	10	default:dirt	0
208	29	10	default:dirt	0
209	29	10	default:dirt	0
210	29	10	default:dirt	0
211	29	10	default:dirt	0
212	29	10	default:dirt	0
213	29	10	default:dirt	0
214	29	10	default:dirt	0
215	29	10	default:dirt	0
216	29	10	default:dirt	0
217	29	10	default:dirt	0
218	29	10	default:dirt	0
219	29	10	default:dirt	0
220	29	10	default:dirt	0
150	30	10	default:dirt	0
151	30	10	default:dirt	0
152	30	10	default:dirt	0
153	30	10	default:dirt	0
154	30	10	default:dirt	0
155	30	10	default:dirt	0
156	30	10	default:dirt	0
157	30	10	default:dirt	0
158	30	10	default:dirt	0
159	30	10	default:dirt	0
160	30	10	default:dirt	0
161	30	10	default:dirt	0
162	30	10	default:dirt	0
163	30	10	default:dirt	0
164	30	10	default:dirt	0
165	30	10	default:dirt	0
166	30	10	default:dirt	0
167	30	10	default:dirt	0
168	30	10	default:dirt	0
169	30	10	default:dirt	0
170	30	10	default:dirt	0
171	30	10	default:dirt	0
172	30	10	default:dirt	0
173	30	10	default:dirt	0
174	30	10	default:dirt	0
175	30	10	default:dirt	0
176	30	10	default:dirt	0
177	30	10	default:dirt	0
178	30	10	default:dirt	0
179	30	10	default:dirt	0
180	30	10	default:dirt	0
181	30	10	default:dirt	0
182	30	10	default:dirt	0
183	30	10	default:dirt	0
184	30	10	default:dirt	0
185	30	10	default:dirt	0
186	30	10	default:dirt	0
187	30	10	default:dirt	0
188	30	10	default:dirt	0
189	30	10	default:dirt	0
190	30	10	default:dirt	0
191	30	10	default:dirt	0
192	30	10	default:dirt	0
205	30	10	default:dirt	0
206	30	10	default:dirt	0
207	30	10	default:dirt	0
208	30	10	default:dirt	0
209	30	10	default:dirt	0
210	30	10	default:dirt	0
211	30	10	default:dirt	0
212	30	10	default:dirt	0
213	30	10	default:dirt	0
214	30	10	default:dirt	0
215	30	10	default:dirt	0
216	30	10	default:dirt	0
217	30	10	default:dirt	0
218	30	10	default:dirt	0
219	30	10	default:dirt	0
220	30	10	default:dirt	0
150	31	10	default:dirt	0
151	31	10	default:dirt	0
152	31	10	default:dirt	0
153	31	10	default:dirt	0
154	31	10	default:dirt	0
155	31	10	default:dirt	0
156	31	10	default:dirt	0
157	31	10	default:dirt_with_grass	0
158	31	10	default:dirt_with_grass	0
159	31	10	default:dirt_with_grass	0
160	31	10	default:dirt_with_grass	0
161	31	10	default:dirt_with_grass	0
162	31	10	default:dirt_with_grass	0
163	31	10	default:dirt_with_grass	0
164	31	10	default:dirt_with_grass	0
165	31	10	default:dirt_with_grass	0
166	31	10	default:dirt_with_grass	0
167	31	10	default:dirt_with_grass	0
168	31	10	default:dirt_with_grass	0
169	31	10	default:dirt_with_grass	0
170	31	10	default:dirt_with_grass	0
171	31	10	default:dirt_with_grass	0
172	31	10	default:dirt_with_grass	0
173	31	10	default:dirt_with_grass	0
174	31	10	default:dirt_with_grass	0
175	31	10	default:dirt_with_grass	0
176	31	10	default:dirt_with_grass	0
177	31	10	default:dirt_with_grass	0
178	31	10	default:dirt_with_grass	0
179	31	10	default:dirt_with_grass	0
180	31	10	default:dirt_with_grass	0
181	31	10	default:dirt_with_grass	0
182	31	10	default:dirt_with_grass	0
183	31	10	default:dirt_with_grass	0
184	31	10	default:dirt_with_grass	0
185	31	10	default:dirt_with_grass	0
186	31	10	default:dirt_with_grass	0
187	31	10	default:dirt_with_grass	0
188	31	10	default:dirt_with_grass	0
189	31	10	default:dirt_with_grass	0
190	31	10	default:dirt_with_grass	0
191	31	10	default:dirt_with_grass	0
192	31	10	default:dirt_with_grass	0
203	31	10	default:dirt	0
204	31	10	default:dirt	0
205	31	10	default:dirt	0
206	31	10	default:dirt	0
207	31	10	default:dirt	0
208	31	10	default:dirt	0
209	31	10	default:dirt	0
210	31	10	default:dirt	0
211	31	10	default:dirt	0
212	31	10	default:dirt	0
213	31	10	default:dirt	0
214	31	10	default:dirt_with_grass	0
215	31	10	default:dirt_with_grass	0
216	31	10	default:dirt_with_grass	0
217	31	10	default:dirt_with_grass	0
218	31	10	default:dirt_with_grass	0
219	31	10	default:dirt_with_grass	0
220	31	10	default:dirt_with_grass	0
150	32	10	default:dirt_with_grass	0
151	32	10	default:dirt_with_grass	0
152	32	10	default:dirt_with_grass	0
153	32	10	default:dirt_with_grass	0
154	32	10	default:dirt_with_grass	0
155	32	10	default:dirt_with_grass	0
156	32	10	default:dirt_with_grass	0
157	32	10	default:river_water_source	0
158	32	10	default:river_water_source	0
159	32	10	default:river_water_source	0
160	32	10	default:river_water_source	0
161	32	10	default:river_water_source	0
162	32	10	default:river_water_source	0
163	32	10	default:river_water_source	0
164	32	10	default:river_water_source	0
165	32	10	default:river_water_source	0
166	32	10	default:river_water_source	0
167	32	10	default:river_water_source	0
168	32	10	default:river_water_source	0
169	32	10	default:river_water_source	0
170	32	10	default:river_water_source	0
171	32	10	default:river_water_source	0
172	32	10	default:river_water_source	0
173	32	10	default:river_water_source	0
174	32	10	default:river_water_source	0
175	32	10	default:river_water_source	0
176	32	10	default:river_water_source	0
177	32	10	default:river_water_source	0
178	32	10	default:river_water_source	0
179	32	10	default:river_water_source	0
180	32	10	default:river_water_source	0
181	32	10	default:river_water_source	0
182	32	10	default:river_water_source	0
183	32	10	default:river_water_source	0
184	32	10	default:river_water_source	0
185	32	10	default:river_water_source	0
186	32	10	default:river_water_source	0
187	32	10	default:river_water_source	0
188	32	10	default:river_water_source	0
189	32	10	default:river_water_source	0
190	32	10	default:river_water_source	0
191	32	10	default:river_water_source	0
192	32	10	default:river_water_source	0
201	32	10	default:dirt	0
202	32	10	default:dirt	0
203	32	10	default:dirt	0
204	32	10	default:dirt	0
205	32	10	default:dirt	0
206	32	10	default:dirt	0
207	32	10	default:dirt	0
208	32	10	default:dirt_with_grass	0
209	32	10	default:dirt_with_grass	0
210	32	10	default:dirt_with_grass	0
211	32	10	default:dirt_with_grass	0
212	32	10	default:dirt_with_grass	0
213	32	10	default:dirt_with_grass	0
150	33	10	default:river_water_source	0
151	33	10	default:river_water_source	0
152	33	10	default:river_water_source	0
153	33	10	default:river_water_source	0
154	33	10	default:river_water_source	0
155	33	10	default:river_water_source	0
156	33	10	default:river_water_source	0
157	33	10	default:river_water_source	0
158	33	10	default:river_water_source	0
159	33	10	default:river_water_source	0
160	33	10	default:river_water_source	0
161	33	10	default:river_water_source	0
162	33	10	default:river_water_source	0
163	33	10	default:river_water_source	0
164	33	10	default:river_water_source	0
165	33	10	default:river_water_source	0
166	33	10	default:river_water_source	0
167	33	10	default:river_water_source	0
168	33	10	default:river_water_source	0
169	33	10	default:river_water_source	0
170	33	10	default:river_water_source	0
171	33	10	default:river_water_source	0
172	33	10	default:river_water_source	0
173	33	10	default:river_water_source	0
174	33	10	default:river_water_source	0
175	33	10	default:river_water_source	0
176	33	10	default:river_water_source	0
177	33	10	default:river_water_source	0
178	33	10	default:river_water_source	0
179	33	10	default:river_water_source	0
180	33	10	default:river_water_source	0
181	33	10	default:river_water_source	0
182	33	10	default:river_water_source	0
183	33	10	default:river_water_source	0
184	33	10	default:river_water_source	0
185	33	10	default:river_water_source	0
186	33	10	default:river_water_source	0
187	33	10	default:river_water_source	0
188	33	10	default:river_water_source	0
189	33	10	default:river_water_source	0
190	33	10	default:river_water_source	0
191	33	10	default:river_water_source	0
192	33	10	default:river_water_source	0
199	33	10	default:dirt	0
200	33	10	default:dirt	0
201	33	10	default:dirt	0
202	33	10	default:dirt	0
203	33	10	default:dirt	0
204	33	10	default:dirt	0
205	33	10	default:dirt_with_grass	0
206	33	10	default:dirt_with_grass	0
207	33	10	default:dirt_with_grass	0
150	34	10	default:river_water_source	0
151	34	10	default:river_water_source	0
152	34	10	default:river_water_source	0
153	34	10	default:river_water_source	0
154	34	10	default:river_water_source	0
155	34	10	default:river_water_source	0
156	34	10	default:river_water_source	0
157	34	10	default:river_water_source	0
158	34	10	default:river_water_source	0
159	34	10	default:river_water_source	0
160	34	10	default:river_water_source	0
161	34	10	default:river_water_source	0
162	34	10	default:river_water_source	0
163	34	10	default:river_water_source	0
164	34	10	default:river_water_source	0
165	34	10	default:river_water_source	0
166	34	10	default:river_water_source	0
167	34	10	default:river_water_source	0
168	34	10	default:river_water_source	0
169	34	10	default:river_water_source	0
170	34	10	default:river_water_source	0
171	34	10	default:river_water_source	0
172	34	10	default:river_water_source	0
173	34	10	default:river_water_source	0
174	34	10	default:river_water_source	0
175	34	10	default:river_water_source	0
176	34	10	default:river_water_source	0
177	34	10	default:river_water_source	0
178	34	10	default:river_water_source	0
179	34	10	default:river_water_source	0
180	34	10	default:river_water_source	0
181	34	10	default:river_water_source	0
182	34	10	default:river_water_source	0
183	34	10	default:river_water_source	0
184	34	10	default:river_water_source	0
185	34	10	default:river_water_source	0
186	34	10	default:river_water_source	0
187	34	10	default:river_water_source	0
188	34	10	default:river_water_source	0
189	34	10	default:river_water_source	0
190	34	10	default:river_water_source	0
191	34	10	default:river_water_source	0
192	34	10	default:river_water_source	0
193	34	10	default:dirt	0
194	34	10	default:dirt	0
195	34	10	default:dirt	0
196	34	10	default:dirt	0
197	34	10	default:dirt	0
198	34	10	default:dirt	0
199	34	10	default:dirt	0
200	34	10	default:dirt	0
201	34	10	default:dirt	0
202	34	10	default:dirt	0
203	34	10	default:dirt_with_grass	0
204	34	10	default:dirt_with_grass	0
150	35	10	default:river_water_source	0
151	35	10	default:river_water_source	0
152	35	10	default:river_water_source	0
153	35	10	default:river_water_source	0
154	35	10	default:river_water_source	0
155	35	10	default:river_water_source	0
156	35	10	default:river_water_source	0
157	35	10	default:river_water_source	0
158	35	10	default:river_water_source	0
159	35	10	default:river_water_source	0
160	35	10	default:river_water_source	0
161	35	10	default:river_water_source	0
162	35	10	default:river_water_source	0
163	35	10	default:river_water_source	0
164	35	10	default:river_water_source	0
165	35	10	default:river_water_source	0
166	35	10	default:river_water_source	0
167	35	10	default:river_water_source	0
168	35	10	default:river_water_source	0
169	35	10	default:river_water_source	0
170	35	10	default:river_water_source	0
171	35	10	default:river_water_source	0
172	35	10	default:river_water_source	0
173	35	10	default:river_water_source	0
174	35	10	default:river_water_source	0
175	35	10	default:river_water_source	0
176	35	10	default:river_water_source	0
177	35	10	default:river_water_source	0
178	35	10	default:river_water_source	0
179	35	10	default:river_water_source	0
180	35	10	default:river_water_source	0
181	35	10	default:river_water_source	0
182	35	10	default:river_water_source	0
183	35	10	default:river_water_source	0
184	35	10	default:river_water_source	0
185	35	10	default:river_water_source	0
186	35	10	default:river_water_source	0
187	35	10	default:river_water_source	0
188	35	10	default:river_water_source	0
189	35	10	default:river_water_source	0
190	35	10	default:river_water_source	0
191	35	10	default:river_water_source	0
192	35	10	default:river_water_source	0
193	35	10	default:dirt	0
194	35	10	default:dirt	0
195	35	10	default:dirt	0
196	35	10	default:dirt	0
197	35	10	default:dirt	0
198	35	10	default:dirt	0
199	35	10	default:dirt	0
200	35	10	default:dirt	0
201	35	10	default:dirt_with_grass	0
202	35	10	default:dirt_with_grass	0
193	36	10	default:dirt	0
194	36	10	default:dirt	0
195	36	10	default:dirt	0
196	36	10	default:dirt	0
197	36	10	default:dirt	0
198	36	10	default:dirt	0
199	36	10	default:dirt_with_grass	0
199	36	10	grug_decor:castle_pavement_brick	0
200	36	10	default:dirt_with_grass	0
200	36	10	grug_decor:castle_stonewall_stair	2
193	37	10	default:dirt_with_grass	0
194	37	10	default:dirt_with_grass	0
195	37	10	default:dirt_with_grass	0
196	37	10	default:brick	0
196	37	10	default:dirt_with_grass	0
197	37	10	default:dirt_with_grass	0
197	37	10	grug_decor:castle_pavement_brick	0
198	37	10	default:dirt_with_grass	0
198	37	10	grug_decor:castle_stonewall_stair	2
161	28	11	default:dirt	0
162	28	11	default:dirt	0
163	28	11	default:dirt	0
164	28	11	default:dirt	0
165	28	11	default:dirt	0
166	28	11	default:dirt	0
167	28	11	default:dirt	0
168	28	11	default:dirt	0
169	28	11	default:dirt	0
170	28	11	default:dirt	0
171	28	11	default:dirt	0
172	28	11	default:dirt	0
173	28	11	default:dirt	0
174	28	11	default:dirt	0
175	28	11	default:dirt	0
176	28	11	default:dirt	0
177	28	11	default:dirt	0
178	28	11	default:dirt	0
179	28	11	default:dirt	0
180	28	11	default:dirt	0
181	28	11	default:dirt	0
182	28	11	default:dirt	0
183	28	11	default:dirt	0
184	28	11	default:dirt	0
185	28	11	default:dirt	0
186	28	11	default:dirt	0
187	28	11	default:dirt	0
188	28	11	default:dirt	0
189	28	11	default:dirt	0
190	28	11	default:dirt	0
191	28	11	default:dirt	0
209	28	11	default:dirt	0
210	28	11	default:dirt	0
211	28	11	default:dirt	0
212	28	11	default:dirt	0
213	28	11	default:dirt	0
214	28	11	default:dirt	0
215	28	11	default:dirt	0
216	28	11	default:dirt	0
217	28	11	default:dirt	0
218	28	11	default:dirt	0
219	28	11	default:dirt	0
220	28	11	default:dirt	0
150	29	11	default:dirt	0
151	29	11	default:dirt	0
152	29	11	default:dirt	0
153	29	11	default:dirt	0
154	29	11	default:dirt	0
155	29	11	default:dirt	0
156	29	11	default:dirt	0
157	29	11	default:dirt	0
158	29	11	default:dirt	0
159	29	11	default:dirt	0
160	29	11	default:dirt	0
161	29	11	default:dirt	0
162	29	11	default:dirt	0
163	29	11	default:dirt	0
164	29	11	default:dirt	0
165	29	11	default:dirt	0
166	29	11	default:dirt	0
167	29	11	default:dirt	0
168	29	11	default:dirt	0
169	29	11	default:dirt	0
170	29	11	default:dirt	0
171	29	11	default:dirt	0
172	29	11	default:dirt	0
173	29	11	default:dirt	0
174	29	11	default:dirt	0
175	29	11	default:dirt	0
176	29	11	default:dirt	0
177	29	11	default:dirt	0
178	29	11	default:dirt	0
179	29	11	default:dirt	0
180	29	11	default:dirt	0
181	29	11	default:dirt	0
182	29	11	default:dirt	0
183	29	11	default:dirt	0
184	29	11	default:dirt	0
185	29	11	default:dirt	0
186	29	11	default:dirt	0
187	29	11	default:dirt	0
188	29	11	default:dirt	0
189	29	11	default:dirt	0
190	29	11	default:dirt	0
191	29	11	default:dirt	0
206	29	11	default:dirt	0
207	29	11	default:dirt	0
208	29	11	default:dirt	0
209	29	11	default:dirt	0
210	29	11	default:dirt	0
211	29	11	default:dirt	0
212	29	11	default:dirt	0
213	29	11	default:dirt	0
214	29	11	default:dirt	0
215	29	11	default:dirt	0
216	29	11	default:dirt	0
217	29	11	default:dirt	0
218	29	11	default:dirt	0
219	29	11	default:dirt	0
220	29	11	default:dirt	0
150	30	11	default:dirt	0
151	30	11	default:dirt	0
152	30	11	default:dirt	0
153	30	11	default:dirt	0
154	30	11	default:dirt	0
155	30	11	default:dirt	0
156	30	11	default:dirt	0
157	30	11	default:dirt	0
158	30	11	default:dirt	0
159	30	11	default:dirt	0
160	30	11	default:dirt	0
161	30	11	default:dirt	0
162	30	11	default:dirt	0
163	30	11	default:dirt	0
164	30	11	default:dirt	0
165	30	11	default:dirt	0
166	30	11	default:dirt	0
167	30	11	default:dirt	0
168	30	11	default:dirt	0
169	30	11	default:dirt	0
170	30	11	default:dirt	0
171	30	11	default:dirt	0
172	30	11	default:dirt	0
173	30	11	default:dirt	0
174	30	11	default:dirt	0
175	30	11	default:dirt	0
176	30	11	default:dirt	0
177	30	11	default:dirt	0
178	30	11	default:dirt	0
179	30	11	default:dirt	0
180	30	11	default:dirt	0
181	30	11	default:dirt	0
182	30	11	default:dirt	0
183	30	11	default:dirt	0
184	30	11	default:dirt	0
185	30	11	default:dirt	0
186	30	11	default:dirt	0
187	30	11	default:dirt	0
188	30	11	default:dirt	0
189	30	11	default:dirt	0
190	30	11	default:dirt	0
191	30	11	default:dirt	0
204	30	11	default:dirt	0
205	30	11	default:dirt	0
206	30	11	default:dirt	0
207	30	11	default:dirt	0
208	30	11	default:dirt	0
209	30	11	default:dirt	0
210	30	11	default:dirt	0
211	30	11	default:dirt	0
212	30	11	default:dirt	0
213	30	11	default:dirt	0
214	30	11	default:dirt	0
215	30	11	default:dirt	0
216	30	11	default:dirt	0
217	30	11	default:dirt	0
218	30	11	default:dirt	0
219	30	11	default:dirt	0
220	30	11	default:dirt	0
150	31	11	default:dirt	0
151	31	11	default:dirt	0
152	31	11	default:dirt	0
153	31	11	default:dirt	0
154	31	11	default:dirt	0
155	31	11	default:dirt	0
156	31	11	default:dirt	0
157	31	11	default:dirt	0
158	31	11	default:dirt	0
159	31	11	default:dirt	0
160	31	11	default:dirt	0
161	31	11	default:dirt_with_grass	0
162	31	11	default:dirt_with_grass	0
163	31	11	default:dirt_with_grass	0
164	31	11	default:dirt_with_grass	0
165	31	11	default:dirt_with_grass	0
166	31	11	default:dirt_with_grass	0
167	31	11	default:dirt_with_grass	0
168	31	11	default:dirt_with_grass	0
169	31	11	default:dirt_with_grass	0
170	31	11	default:dirt_with_grass	0
171	31	11	default:dirt_with_grass	0
172	31	11	default:dirt_with_grass	0
173	31	11	default:dirt_with_grass	0
174	31	11	default:dirt_with_grass	0
175	31	11	default:dirt_with_grass	0
176	31	11	default:dirt_with_grass	0
177	31	11	default:dirt_with_grass	0
178	31	11	default:dirt_with_grass	0
179	31	11	default:dirt_with_grass	0
180	31	11	default:dirt_with_grass	0
181	31	11	default:dirt_with_grass	0
182	31	11	default:dirt_with_grass	0
183	31	11	default:dirt_with_grass	0
184	31	11	default:dirt_with_grass	0
185	31	11	default:dirt_with_grass	0
186	31	11	default:dirt_with_grass	0
187	31	11	default:dirt_with_grass	0
188	31	11	default:dirt_with_grass	0
189	31	11	default:dirt_with_grass	0
190	31	11	default:dirt_with_grass	0
191	31	11	default:dirt_with_grass	0
202	31	11	default:dirt	0
203	31	11	default:dirt	0
204	31	11	default:dirt	0
205	31	11	default:dirt	0
206	31	11	default:dirt	0
207	31	11	default:dirt	0
208	31	11	default:dirt	0
209	31	11	default:dirt_with_grass	0
210	31	11	default:dirt_with_grass	0
211	31	11	default:dirt_with_grass	0
212	31	11	default:dirt_with_grass	0
213	31	11	default:dirt_with_grass	0
214	31	11	default:dirt_with_grass	0
215	31	11	default:dirt_with_grass	0
216	31	11	default:dirt_with_grass	0
217	31	11	default:dirt_with_grass	0
218	31	11	default:dirt_with_grass	0
219	31	11	default:dirt_with_grass	0
220	31	11	default:dirt_with_grass	0
150	32	11	default:dirt_with_grass	0
151	32	11	default:dirt_with_grass	0
152	32	11	default:dirt_with_grass	0
153	32	11	default:dirt_with_grass	0
154	32	11	default:dirt_with_grass	0
155	32	11	default:dirt_with_grass	0
156	32	11	default:dirt_with_grass	0
157	32	11	default:dirt_with_grass	0
158	32	11	default:dirt_with_grass	0
159	32	11	default:dirt_with_grass	0
160	32	11	default:dirt_with_grass	0
161	32	11	default:river_water_source	0
162	32	11	default:river_water_source	0
163	32	11	default:river_water_source	0
164	32	11	default:river_water_source	0
165	32	11	default:river_water_source	0
166	32	11	default:river_water_source	0
167	32	11	default:river_water_source	0
168	32	11	default:river_water_source	0
169	32	11	default:river_water_source	0
170	32	11	default:river_water_source	0
171	32	11	default:river_water_source	0
172	32	11	default:river_water_source	0
173	32	11	default:river_water_source	0
174	32	11	default:river_water_source	0
175	32	11	default:river_water_source	0
176	32	11	default:river_water_source	0
177	32	11	default:river_water_source	0
178	32	11	default:river_water_source	0
179	32	11	default:river_water_source	0
180	32	11	default:river_water_source	0
181	32	11	default:river_water_source	0
182	32	11	default:river_water_source	0
183	32	11	default:river_water_source	0
184	32	11	default:river_water_source	0
185	32	11	default:river_water_source	0
186	32	11	default:river_water_source	0
187	32	11	default:river_water_source	0
188	32	11	default:river_water_source	0
189	32	11	default:river_water_source	0
190	32	11	default:river_water_source	0
191	32	11	default:river_water_source	0
200	32	11	default:dirt	0
201	32	11	default:dirt	0
202	32	11	default:dirt	0
203	32	11	default:dirt	0
204	32	11	default:dirt	0
205	32	11	default:dirt	0
206	32	11	default:dirt_with_grass	0
207	32	11	default:dirt_with_grass	0
208	32	11	default:dirt_with_grass	0
150	33	11	default:river_water_source	0
151	33	11	default:river_water_source	0
152	33	11	default:river_water_source	0
153	33	11	default:river_water_source	0
154	33	11	default:river_water_source	0
155	33	11	default:river_water_source	0
156	33	11	default:river_water_source	0
157	33	11	default:river_water_source	0
158	33	11	default:river_water_source	0
159	33	11	default:river_water_source	0
160	33	11	default:river_water_source	0
161	33	11	default:river_water_source	0
162	33	11	default:river_water_source	0
163	33	11	default:river_water_source	0
164	33	11	default:river_water_source	0
165	33	11	default:river_water_source	0
166	33	11	default:river_water_source	0
167	33	11	default:river_water_source	0
168	33	11	default:river_water_source	0
169	33	11	default:river_water_source	0
170	33	11	default:river_water_source	0
171	33	11	default:river_water_source	0
172	33	11	default:river_water_source	0
173	33	11	default:river_water_source	0
174	33	11	default:river_water_source	0
175	33	11	default:river_water_source	0
176	33	11	default:river_water_source	0
177	33	11	default:river_water_source	0
178	33	11	default:river_water_source	0
179	33	11	default:river_water_source	0
180	33	11	default:river_water_source	0
181	33	11	default:river_water_source	0
182	33	11	default:river_water_source	0
183	33	11	default:river_water_source	0
184	33	11	default:river_water_source	0
185	33	11	default:river_water_source	0
186	33	11	default:river_water_source	0
187	33	11	default:river_water_source	0
188	33	11	default:river_water_source	0
189	33	11	default:river_water_source	0
190	33	11	default:river_water_source	0
191	33	11	default:river_water_source	0
198	33	11	default:dirt	0
199	33	11	default:dirt	0
200	33	11	default:dirt	0
201	33	11	default:dirt	0
202	33	11	default:dirt	0
203	33	11	default:dirt	0
204	33	11	default:dirt_with_grass	0
205	33	11	default:dirt_with_grass	0
150	34	11	default:river_water_source	0
151	34	11	default:river_water_source	0
152	34	11	default:river_water_source	0
153	34	11	default:river_water_source	0
154	34	11	default:river_water_source	0
155	34	11	default:river_water_source	0
156	34	11	default:river_water_source	0
157	34	11	default:river_water_source	0
158	34	11	default:river_water_source	0
159	34	11	default:river_water_source	0
160	34	11	default:river_water_source	0
161	34	11	default:river_water_source	0
162	34	11	default:river_water_source	0
163	34	11	default:river_water_source	0
164	34	11	default:river_water_source	0
165	34	11	default:river_water_source	0
166	34	11	default:river_water_source	0
167	34	11	default:river_water_source	0
168	34	11	default:river_water_source	0
169	34	11	default:river_water_source	0
170	34	11	default:river_water_source	0
171	34	11	default:river_water_source	0
172	34	11	default:river_water_source	0
173	34	11	default:river_water_source	0
174	34	11	default:river_water_source	0
175	34	11	default:river_water_source	0
176	34	11	default:river_water_source	0
177	34	11	default:river_water_source	0
178	34	11	default:river_water_source	0
179	34	11	default:river_water_source	0
180	34	11	default:river_water_source	0
181	34	11	default:river_water_source	0
182	34	11	default:river_water_source	0
183	34	11	default:river_water_source	0
184	34	11	default:river_water_source	0
185	34	11	default:river_water_source	0
186	34	11	default:river_water_source	0
187	34	11	default:river_water_source	0
188	34	11	default:river_water_source	0
189	34	11	default:river_water_source	0
190	34	11	default:river_water_source	0
191	34	11	default:river_water_source	0
192	34	11	default:dirt	0
193	34	11	default:dirt	0
194	34	11	default:dirt	0
195	34	11	default:dirt	0
196	34	11	default:dirt	0
197	34	11	default:dirt	0
198	34	11	default:dirt	0
199	34	11	default:dirt	0
200	34	11	default:dirt	0
201	34	11	default:dirt	0
202	34	11	default:dirt_with_grass	0
203	34	11	default:dirt_with_grass	0
150	35	11	default:river_water_source	0
151	35	11	default:river_water_source	0
152	35	11	default:river_water_source	0
153	35	11	default:river_water_source	0
154	35	11	default:river_water_source	0
155	35	11	default:river_water_source	0
156	35	11	default:river_water_source	0
157	35	11	default:river_water_source	0
158	35	11	default:river_water_source	0
159	35	11	default:river_water_source	0
160	35	11	default:river_water_source	0
161	35	11	default:river_water_source	0
162	35	11	default:river_water_source	0
163	35	11	default:river_water_source	0
164	35	11	default:river_water_source	0
165	35	11	default:river_water_source	0
166	35	11	default:river_water_source	0
167	35	11	default:river_water_source	0
168	35	11	default:river_water_source	0
169	35	11	default:river_water_source	0
170	35	11	default:river_water_source	0
171	35	11	default:river_water_source	0
172	35	11	default:river_water_source	0
173	35	11	default:river_water_source	0
174	35	11	default:river_water_source	0
175	35	11	default:river_water_source	0
176	35	11	default:river_water_source	0
177	35	11	default:river_water_source	0
178	35	11	default:river_water_source	0
179	35	11	default:river_water_source	0
180	35	11	default:river_water_source	0
181	35	11	default:river_water_source	0
182	35	11	default:river_water_source	0
183	35	11	default:river_water_source	0
184	35	11	default:river_water_source	0
185	35	11	default:river_water_source	0
186	35	11	default:river_water_source	0
187	35	11	default:river_water_source	0
188	35	11	default:river_water_source	0
189	35	11	default:river_water_source	0
190	35	11	default:river_water_source	0
191	35	11	default:river_water_source	0
192	35	11	default:dirt	0
193	35	11	default:dirt	0
194	35	11	default:dirt	0
195	35	11	default:dirt	0
196	35	11	default:dirt	0
197	35	11	default:dirt	0
198	35	11	default:dirt	0
199	35	11	default:dirt	0
200	35	11	default:brick	0
200	35	11	default:dirt_with_grass	0
201	35	11	default:dirt_with_grass	0
192	36	11	default:dirt	0
193	36	11	default:dirt	0
194	36	11	default:dirt	0
195	36	11	default:dirt	0
196	36	11	default:dirt	0
197	36	11	default:dirt	0
198	36	11	default:dirt_with_grass	0
198	36	11	grug_decor:castle_pavement_brick	0
199	36	11	default:dirt_with_grass	0
199	36	11	grug_decor:castle_stonewall_stair	2
192	37	11	default:dirt_with_grass	0
193	37	11	default:dirt_with_grass	0
194	37	11	default:dirt_with_grass	0
195	37	11	default:dirt_with_grass	0
196	37	11	default:dirt_with_grass	0
196	37	11	grug_decor:castle_stonewall_stair	2
197	37	11	default:dirt_with_grass	0
197	37	11	grug_decor:castle_stonewall_stair	2
165	28	12	default:dirt	0
166	28	12	default:dirt	0
167	28	12	default:dirt	0
168	28	12	default:dirt	0
169	28	12	default:dirt	0
170	28	12	default:dirt	0
171	28	12	default:dirt	0
172	28	12	default:dirt	0
173	28	12	default:dirt	0
174	28	12	default:dirt	0
175	28	12	default:dirt	0
176	28	12	default:dirt	0
177	28	12	default:dirt	0
178	28	12	default:dirt	0
179	28	12	default:dirt	0
180	28	12	default:dirt	0
181	28	12	default:dirt	0
182	28	12	default:dirt	0
183	28	12	default:dirt	0
184	28	12	default:dirt	0
185	28	12	default:dirt	0
186	28	12	default:dirt	0
187	28	12	default:dirt	0
188	28	12	default:dirt	0
189	28	12	default:dirt	0
190	28	12	default:dirt	0
207	28	12	default:dirt	0
208	28	12	default:dirt	0
209	28	12	default:dirt	0
210	28	12	default:dirt	0
211	28	12	default:dirt	0
212	28	12	default:dirt	0
213	28	12	default:dirt	0
214	28	12	default:dirt	0
215	28	12	default:dirt	0
216	28	12	default:dirt	0
217	28	12	default:dirt	0
218	28	12	default:dirt	0
219	28	12	default:dirt	0
220	28	12	default:dirt	0
150	29	12	default:dirt	0
151	29	12	default:dirt	0
152	29	12	default:dirt	0
153	29	12	default:dirt	0
154	29	12	default:dirt	0
155	29	12	default:dirt	0
156	29	12	default:dirt	0
157	29	12	default:dirt	0
158	29	12	default:dirt	0
159	29	12	default:dirt	0
160	29	12	default:dirt	0
161	29	12	default:dirt	0
162	29	12	default:dirt	0
163	29	12	default:dirt	0
164	29	12	default:dirt	0
165	29	12	default:dirt	0
166	29	12	default:dirt	0
167	29	12	default:dirt	0
168	29	12	default:dirt	0
169	29	12	default:dirt	0
170	29	12	default:dirt	0
171	29	12	default:dirt	0
172	29	12	default:dirt	0
173	29	12	default:dirt	0
174	29	12	default:dirt	0
175	29	12	default:dirt	0
176	29	12	default:dirt	0
177	29	12	default:dirt	0
178	29	12	default:dirt	0
179	29	12	default:dirt	0
180	29	12	default:dirt	0
181	29	12	default:dirt	0
182	29	12	default:dirt	0
183	29	12	default:dirt	0
184	29	12	default:dirt	0
185	29	12	default:dirt	0
186	29	12	default:dirt	0
187	29	12	default:dirt	0
188	29	12	default:dirt	0
189	29	12	default:dirt	0
190	29	12	default:dirt	0
205	29	12	default:dirt	0
206	29	12	default:dirt	0
207	29	12	default:dirt	0
208	29	12	default:dirt	0
209	29	12	default:dirt	0
210	29	12	default:dirt	0
211	29	12	default:dirt	0
212	29	12	default:dirt	0
213	29	12	default:dirt	0
214	29	12	default:dirt	0
215	29	12	default:dirt	0
216	29	12	default:dirt	0
217	29	12	default:dirt	0
218	29	12	default:dirt	0
219	29	12	default:dirt	0
220	29	12	default:dirt	0
150	30	12	default:dirt	0
151	30	12	default:dirt	0
152	30	12	default:dirt	0
153	30	12	default:dirt	0
154	30	12	default:dirt	0
155	30	12	default:dirt	0
156	30	12	default:dirt	0
157	30	12	default:dirt	0
158	30	12	default:dirt	0
159	30	12	default:dirt	0
160	30	12	default:dirt	0
161	30	12	default:dirt	0
162	30	12	default:dirt	0
163	30	12	default:dirt	0
164	30	12	default:dirt	0
165	30	12	default:dirt	0
166	30	12	default:dirt	0
167	30	12	default:dirt	0
168	30	12	default:dirt	0
169	30	12	default:dirt	0
170	30	12	default:dirt	0
171	30	12	default:dirt	0
172	30	12	default:dirt	0
173	30	12	default:dirt	0
174	30	12	default:dirt	0
175	30	12	default:dirt	0
176	30	12	default:dirt	0
177	30	12	default:dirt	0
178	30	12	default:dirt	0
179	30	12	default:dirt	0
180	30	12	default:dirt	0
181	30	12	default:dirt	0
182	30	12	default:dirt	0
183	30	12	default:dirt	0
184	30	12	default:dirt	0
185	30	12	default:dirt	0
186	30	12	default:dirt	0
187	30	12	default:dirt	0
188	30	12	default:dirt	0
189	30	12	default:dirt	0
190	30	12	default:dirt	0
203	30	12	default:dirt	0
204	30	12	default:dirt	0
205	30	12	default:dirt	0
206	30	12	default:dirt	0
207	30	12	default:dirt	0
208	30	12	default:dirt	0
209	30	12	default:dirt	0
210	30	12	default:dirt	0
211	30	12	default:dirt	0
212	30	12	default:dirt	0
213	30	12	default:dirt	0
214	30	12	default:dirt	0
215	30	12	default:dirt	0
216	30	12	default:dirt	0
217	30	12	default:dirt	0
218	30	12	default:dirt	0
219	30	12	default:dirt	0
220	30	12	default:dirt	0
150	31	12	default:dirt	0
151	31	12	default:dirt	0
152	31	12	default:dirt	0
153	31	12	default:dirt	0
154	31	12	default:dirt	0
155	31	12	default:dirt	0
156	31	12	default:dirt	0
157	31	12	default:dirt	0
158	31	12	default:dirt	0
159	31	12	default:dirt	0
160	31	12	default:dirt	0
161	31	12	default:dirt	0
162	31	12	default:dirt	0
163	31	12	default:dirt	0
164	31	12	default:dirt	0
165	31	12	default:dirt_with_grass	0
166	31	12	default:dirt_with_grass	0
167	31	12	default:dirt_with_grass	0
168	31	12	default:dirt_with_grass	0
169	31	12	default:dirt_with_grass	0
170	31	12	default:dirt_with_grass	0
171	31	12	default:dirt_with_grass	0
172	31	12	default:dirt_with_grass	0
173	31	12	default:dirt_with_grass	0
174	31	12	default:dirt_with_grass	0
175	31	12	default:dirt_with_grass	0
176	31	12	default:dirt_with_grass	0
177	31	12	default:dirt_with_grass	0
178	31	12	default:dirt_with_grass	0
179	31	12	default:dirt_with_grass	0
180	31	12	default:dirt_with_grass	0
181	31	12	default:dirt_with_grass	0
182	31	12	default:dirt_with_grass	0
183	31	12	default:dirt_with_grass	0
184	31	12	default:dirt_with_grass	0
185	31	12	default:dirt_with_grass	0
186	31	12	default:dirt_with_grass	0
187	31	12	default:dirt_with_grass	0
188	31	12	default:dirt_with_grass	0
189	31	12	default:dirt_with_grass	0
190	31	12	default:dirt_with_grass	0
201	31	12	default:dirt	0
202	31	12	default:dirt	0
203	31	12	default:dirt	0
204	31	12	default:dirt	0
205	31	12	default:dirt	0
206	31	12	default:dirt	0
207	31	12	default:dirt_with_grass	0
208	31	12	default:dirt_with_grass	0
209	31	12	default:dirt_with_grass	0
210	31	12	default:dirt_with_grass	0
211	31	12	default:dirt_with_grass	0
212	31	12	default:dirt_with_grass	0
213	31	12	default:dirt_with_grass	0
214	31	12	default:dirt_with_grass	0
215	31	12	default:dirt_with_grass	0
216	31	12	default:dirt_with_grass	0
217	31	12	default:dirt_with_grass	0
218	31	12	default:dirt_with_grass	0
219	31	12	default:dirt_with_grass	0
220	31	12	default:dirt_with_grass	0
150	32	12	default:dirt_with_grass	0
151	32	12	default:dirt_with_grass	0
152	32	12	default:dirt_with_grass	0
153	32	12	default:dirt_with_grass	0
154	32	12	default:dirt_with_grass	0
155	32	12	default:dirt_with_grass	0
156	32	12	default:dirt_with_grass	0
157	32	12	default:dirt_with_grass	0
158	32	12	default:dirt_with_grass	0
159	32	12	default:dirt_with_grass	0
160	32	12	default:dirt_with_grass	0
161	32	12	default:dirt_with_grass	0
162	32	12	default:dirt_with_grass	0
163	32	12	default:dirt_with_grass	0
164	32	12	default:dirt_with_grass	0
165	32	12	default:river_water_source	0
166	32	12	default:river_water_source	0
167	32	12	default:river_water_source	0
168	32	12	default:river_water_source	0
169	32	12	default:river_water_source	0
170	32	12	default:river_water_source	0
171	32	12	default:river_water_source	0
172	32	12	default:river_water_source	0
173	32	12	default:river_water_source	0
174	32	12	default:river_water_source	0
175	32	12	default:river_water_source	0
176	32	12	default:river_water_source	0
177	32	12	default:river_water_source	0
178	32	12	default:river_water_source	0
179	32	12	default:river_water_source	0
180	32	12	default:river_water_source	0
181	32	12	default:river_water_source	0
182	32	12	default:river_water_source	0
183	32	12	default:river_water_source	0
184	32	12	default:river_water_source	0
185	32	12	default:river_water_source	0
186	32	12	default:river_water_source	0
187	32	12	default:river_water_source	0
188	32	12	default:river_water_source	0
189	32	12	default:river_water_source	0
190	32	12	default:river_water_source	0
199	32	12	default:dirt	0
200	32	12	default:dirt	0
201	32	12	default:dirt	0
202	32	12	default:dirt	0
203	32	12	default:dirt	0
204	32	12	default:dirt	0
205	32	12	default:dirt_with_grass	0
206	32	12	default:dirt_with_grass	0
150	33	12	default:river_water_source	0
151	33	12	default:river_water_source	0
152	33	12	default:river_water_source	0
153	33	12	default:river_water_source	0
154	33	12	default:river_water_source	0
155	33	12	default:river_water_source	0
156	33	12	default:river_water_source	0
157	33	12	default:river_water_source	0
158	33	12	default:river_water_source	0
159	33	12	default:river_water_source	0
160	33	12	default:river_water_source	0
161	33	12	default:river_water_source	0
162	33	12	default:river_water_source	0
163	33	12	default:river_water_source	0
164	33	12	default:river_water_source	0
165	33	12	default:river_water_source	0
166	33	12	default:river_water_source	0
167	33	12	default:river_water_source	0
168	33	12	default:river_water_source	0
169	33	12	default:river_water_source	0
170	33	12	default:river_water_source	0
171	33	12	default:river_water_source	0
172	33	12	default:river_water_source	0
173	33	12	default:river_water_source	0
174	33	12	default:river_water_source	0
175	33	12	default:river_water_source	0
176	33	12	default:river_water_source	0
177	33	12	default:river_water_source	0
178	33	12	default:river_water_source	0
179	33	12	default:river_water_source	0
180	33	12	default:river_water_source	0
181	33	12	default:river_water_source	0
182	33	12	default:river_water_source	0
183	33	12	default:river_water_source	0
184	33	12	default:river_water_source	0
185	33	12	default:river_water_source	0
186	33	12	default:river_water_source	0
187	33	12	default:river_water_source	0
188	33	12	default:river_water_source	0
189	33	12	default:river_water_source	0
190	33	12	default:river_water_source	0
195	33	12	default:dirt	0
196	33	12	default:dirt	0
197	33	12	default:dirt	0
198	33	12	default:dirt	0
199	33	12	default:dirt	0
200	33	12	default:dirt	0
201	33	12	default:dirt	0
202	33	12	default:dirt	0
203	33	12	default:dirt_with_grass	0
204	33	12	default:dirt_with_grass	0
150	34	12	default:river_water_source	0
151	34	12	default:river_water_source	0
152	34	12	default:river_water_source	0
153	34	12	default:river_water_source	0
154	34	12	default:river_water_source	0
155	34	12	default:river_water_source	0
156	34	12	default:river_water_source	0
157	34	12	default:river_water_source	0
158	34	12	default:river_water_source	0
159	34	12	default:river_water_source	0
160	34	12	default:river_water_source	0
161	34	12	default:river_water_source	0
162	34	12	default:river_water_source	0
163	34	12	default:river_water_source	0
164	34	12	default:river_water_source	0
165	34	12	default:river_water_source	0
166	34	12	default:river_water_source	0
167	34	12	default:river_water_source	0
168	34	12	default:river_water_source	0
169	34	12	default:river_water_source	0
170	34	12	default:river_water_source	0
171	34	12	default:river_water_source	0
172	34	12	default:river_water_source	0
173	34	12	default:river_water_source	0
174	34	12	default:river_water_source	0
175	34	12	default:river_water_source	0
176	34	12	default:river_water_source	0
177	34	12	default:river_water_source	0
178	34	12	default:river_water_source	0
179	34	12	default:river_water_source	0
180	34	12	default:river_water_source	0
181	34	12	default:river_water_source	0
182	34	12	default:river_water_source	0
183	34	12	default:river_water_source	0
184	34	12	default:river_water_source	0
185	34	12	default:river_water_source	0
186	34	12	default:river_water_source	0
187	34	12	default:river_water_source	0
188	34	12	default:river_water_source	0
189	34	12	default:river_water_source	0
190	34	12	default:river_water_source	0
191	34	12	default:dirt	0
192	34	12	default:dirt	0
193	34	12	default:dirt	0
194	34	12	default:dirt	0
195	34	12	default:dirt	0
196	34	12	default:dirt	0
197	34	12	default:dirt	0
198	34	12	default:dirt	0
199	34	12	default:dirt	0
200	34	12	default:dirt	0
201	34	12	default:dirt_with_grass	0
202	34	12	default:dirt_with_grass	0
150	35	12	default:river_water_source	0
151	35	12	default:river_water_source	0
152	35	12	default:river_water_source	0
153	35	12	default:river_water_source	0
154	35	12	default:river_water_source	0
155	35	12	default:river_water_source	0
156	35	12	default:river_water_source	0
157	35	12	default:river_water_source	0
158	35	12	default:river_water_source	0
159	35	12	default:river_water_source	0
160	35	12	default:river_water_source	0
161	35	12	default:river_water_source	0
162	35	12	default:river_water_source	0
163	35	12	default:river_water_source	0
164	35	12	default:river_water_source	0
165	35	12	default:river_water_source	0
166	35	12	default:river_water_source	0
167	35	12	default:river_water_source	0
168	35	12	default:river_water_source	0
169	35	12	default:river_water_source	0
170	35	12	default:river_water_source	0
171	35	12	default:river_water_source	0
172	35	12	default:river_water_source	0
173	35	12	default:river_water_source	0
174	35	12	default:river_water_source	0
175	35	12	default:river_water_source	0
176	35	12	default:river_water_source	0
177	35	12	default:river_water_source	0
178	35	12	default:river_water_source	0
179	35	12	default:river_water_source	0
180	35	12	default:river_water_source	0
181	35	12	default:river_water_source	0
182	35	12	default:river_water_source	0
183	35	12	default:river_water_source	0
184	35	12	default:river_water_source	0
185	35	12	default:river_water_source	0
186	35	12	default:river_water_source	0
187	35	12	default:river_water_source	0
188	35	12	default:river_water_source	0
189	35	12	default:river_water_source	0
190	35	12	default:river_water_source	0
191	35	12	default:dirt	0
192	35	12	default:dirt	0
193	35	12	default:dirt	0
194	35	12	default:dirt	0
195	35	12	default:dirt	0
196	35	12	default:dirt	0
197	35	12	default:dirt	0
198	35	12	default:dirt	0
199	35	12	default:dirt_with_grass	0
199	35	12	grug_decor:castle_pavement_brick	0
200	35	12	default:dirt_with_grass	0
200	35	12	grug_decor:castle_stonewall_stair	2
191	36	12	default:dirt	0
192	36	12	default:dirt	0
193	36	12	default:dirt	0
194	36	12	default:dirt	0
195	36	12	default:dirt_with_grass	0
196	36	12	default:dirt_with_grass	0
196	36	12	grug_decor:castle_stonewall_stair	2
197	36	12	default:dirt_with_grass	0
197	36	12	grug_decor:castle_stonewall_stair	2
198	36	12	default:dirt_with_grass	0
198	36	12	grug_decor:castle_stonewall_stair	2
191	37	12	default:dirt_with_grass	0
192	37	12	default:dirt_with_grass	0
193	37	12	default:dirt_with_grass	0
194	37	12	default:dirt_with_grass	0
170	28	13	default:dirt	0
171	28	13	default:dirt	0
172	28	13	default:dirt	0
173	28	13	default:dirt	0
174	28	13	default:dirt	0
175	28	13	default:dirt	0
176	28	13	default:dirt	0
177	28	13	default:dirt	0
178	28	13	default:dirt	0
179	28	13	default:dirt	0
180	28	13	default:dirt	0
181	28	13	default:dirt	0
182	28	13	default:dirt	0
183	28	13	default:dirt	0
184	28	13	default:dirt	0
185	28	13	default:dirt	0
186	28	13	default:dirt	0
187	28	13	default:dirt	0
188	28	13	default:dirt	0
189	28	13	default:dirt	0
206	28	13	default:dirt	0
207	28	13	default:dirt	0
208	28	13	default:dirt	0
209	28	13	default:dirt	0
210	28	13	default:dirt	0
211	28	13	default:dirt	0
212	28	13	default:dirt	0
213	28	13	default:dirt	0
214	28	13	default:dirt	0
215	28	13	default:dirt	0
216	28	13	default:dirt	0
217	28	13	default:dirt	0
218	28	13	default:dirt	0
219	28	13	default:dirt	0
220	28	13	default:dirt	0
150	29	13	default:dirt	0
151	29	13	default:dirt	0
152	29	13	default:dirt	0
153	29	13	default:dirt	0
154	29	13	default:dirt	0
155	29	13	default:dirt	0
156	29	13	default:dirt	0
157	29	13	default:dirt	0
158	29	13	default:dirt	0
159	29	13	default:dirt	0
160	29	13	default:dirt	0
161	29	13	default:dirt	0
162	29	13	default:dirt	0
163	29	13	default:dirt	0
164	29	13	default:dirt	0
165	29	13	default:dirt	0
166	29	13	default:dirt	0
167	29	13	default:dirt	0
168	29	13	default:dirt	0
169	29	13	default:dirt	0
170	29	13	default:dirt	0
171	29	13	default:dirt	0
172	29	13	default:dirt	0
173	29	13	default:dirt	0
174	29	13	default:dirt	0
175	29	13	default:dirt	0
176	29	13	default:dirt	0
177	29	13	default:dirt	0
178	29	13	default:dirt	0
179	29	13	default:dirt	0
180	29	13	default:dirt	0
181	29	13	default:dirt	0
182	29	13	default:dirt	0
183	29	13	default:dirt	0
184	29	13	default:dirt	0
185	29	13	default:dirt	0
186	29	13	default:dirt	0
187	29	13	default:dirt	0
188	29	13	default:dirt	0
189	29	13	default:dirt	0
204	29	13	default:dirt	0
205	29	13	default:dirt	0
206	29	13	default:dirt	0
207	29	13	default:dirt	0
208	29	13	default:dirt	0
209	29	13	default:dirt	0
210	29	13	default:dirt	0
211	29	13	default:dirt	0
212	29	13	default:dirt	0
213	29	13	default:dirt	0
214	29	13	default:dirt	0
215	29	13	default:dirt	0
216	29	13	default:dirt	0
217	29	13	default:dirt	0
218	29	13	default:dirt	0
219	29	13	default:dirt	0
220	29	13	default:dirt	0
150	30	13	default:dirt	0
151	30	13	default:dirt	0
152	30	13	default:dirt	0
153	30	13	default:dirt	0
154	30	13	default:dirt	0
155	30	13	default:dirt	0
156	30	13	default:dirt	0
157	30	13	default:dirt	0
158	30	13	default:dirt	0
159	30	13	default:dirt	0
160	30	13	default:dirt	0
161	30	13	default:dirt	0
162	30	13	default:dirt	0
163	30	13	default:dirt	0
164	30	13	default:dirt	0
165	30	13	default:dirt	0
166	30	13	default:dirt	0
167	30	13	default:dirt	0
168	30	13	default:dirt	0
169	30	13	default:dirt	0
170	30	13	default:dirt	0
171	30	13	default:dirt	0
172	30	13	default:dirt	0
173	30	13	default:dirt	0
174	30	13	default:dirt	0
175	30	13	default:dirt	0
176	30	13	default:dirt	0
177	30	13	default:dirt	0
178	30	13	default:dirt	0
179	30	13	default:dirt	0
180	30	13	default:dirt	0
181	30	13	default:dirt	0
182	30	13	default:dirt	0
183	30	13	default:dirt	0
184	30	13	default:dirt	0
185	30	13	default:dirt	0
186	30	13	default:dirt	0
187	30	13	default:dirt	0
188	30	13	default:dirt	0
189	30	13	default:dirt	0
200	30	13	default:dirt	0
201	30	13	default:dirt	0
202	30	13	default:dirt	0
203	30	13	default:dirt	0
204	30	13	default:dirt	0
205	30	13	default:dirt	0
206	30	13	default:dirt	0
207	30	13	default:dirt	0
208	30	13	default:dirt	0
209	30	13	default:dirt	0
210	30	13	default:dirt	0
211	30	13	default:dirt	0
212	30	13	default:dirt	0
213	30	13	default:dirt	0
214	30	13	default:dirt	0
215	30	13	default:dirt	0
216	30	13	default:dirt	0
217	30	13	default:dirt	0
218	30	13	default:dirt	0
219	30	13	default:dirt	0
220	30	13	default:dirt	0
150	31	13	default:dirt	0
151	31	13	default:dirt	0
152	31	13	default:dirt	0
153	31	13	default:dirt	0
154	31	13	default:dirt	0
155	31	13	default:dirt	0
156	31	13	default:dirt	0
157	31	13	default:dirt	0
158	31	13	default:dirt	0
159	31	13	default:dirt	0
160	31	13	default:dirt	0
161	31	13	default:dirt	0
162	31	13	default:dirt	0
163	31	13	default:dirt	0
164	31	13	default:dirt	0
165	31	13	default:dirt	0
166	31	13	default:dirt	0
167	31	13	default:dirt	0
168	31	13	default:dirt	0
169	31	13	default:dirt	0
170	31	13	default:dirt_with_grass	0
171	31	13	default:dirt_with_grass	0
172	31	13	default:dirt_with_grass	0
173	31	13	default:dirt_with_grass	0
174	31	13	default:dirt_with_grass	0
175	31	13	default:dirt_with_grass	0
176	31	13	default:dirt_with_grass	0
177	31	13	default:dirt_with_grass	0
178	31	13	default:dirt_with_grass	0
179	31	13	default:dirt_with_grass	0
180	31	13	default:dirt_with_grass	0
181	31	13	default:dirt_with_grass	0
182	31	13	default:dirt_with_grass	0
183	31	13	default:dirt_with_grass	0
184	31	13	default:dirt_with_grass	0
185	31	13	default:dirt_with_grass	0
186	31	13	default:dirt_with_grass	0
187	31	13	default:dirt_with_grass	0
188	31	13	default:dirt_with_grass	0
189	31	13	default:dirt_with_grass	0
200	31	13	default:dirt	0
201	31	13	default:dirt	0
202	31	13	default:dirt	0
203	31	13	default:dirt	0
204	31	13	default:dirt	0
205	31	13	default:dirt	0
206	31	13	default:dirt_with_grass	0
207	31	13	default:dirt_with_grass	0
208	31	13	default:dirt_with_grass	0
209	31	13	default:dirt_with_grass	0
210	31	13	default:dirt_with_grass	0
211	31	13	default:dirt_with_grass	0
212	31	13	default:dirt_with_grass	0
213	31	13	default:dirt_with_grass	0
214	31	13	default:dirt_with_grass	0
215	31	13	default:dirt_with_grass	0
216	31	13	default:dirt_with_grass	0
217	31	13	default:dirt_with_grass	0
218	31	13	default:dirt_with_grass	0
219	31	13	default:dirt_with_grass	0
220	31	13	default:dirt_with_grass	0
150	32	13	default:dirt_with_grass	0
151	32	13	default:dirt_with_grass	0
152	32	13	default:dirt_with_grass	0
153	32	13	default:dirt_with_grass	0
154	32	13	default:dirt_with_grass	0
155	32	13	default:dirt_with_grass	0
156	32	13	default:dirt_with_grass	0
157	32	13	default:dirt_with_grass	0
158	32	13	default:dirt_with_grass	0
159	32	13	default:dirt_with_grass	0
160	32	13	default:dirt_with_grass	0
161	32	13	default:dirt_with_grass	0
162	32	13	default:dirt_with_grass	0
163	32	13	default:dirt_with_grass	0
164	32	13	default:dirt_with_grass	0
165	32	13	default:dirt_with_grass	0
166	32	13	default:dirt_with_grass	0
167	32	13	default:dirt_with_grass	0
168	32	13	default:dirt_with_grass	0
169	32	13	default:dirt_with_grass	0
170	32	13	default:river_water_source	0
171	32	13	default:river_water_source	0
172	32	13	default:river_water_source	0
173	32	13	default:river_water_source	0
174	32	13	default:river_water_source	0
175	32	13	default:river_water_source	0
176	32	13	default:river_water_source	0
177	32	13	default:river_water_source	0
178	32	13	default:river_water_source	0
179	32	13	default:river_water_source	0
180	32	13	default:river_water_source	0
181	32	13	default:river_water_source	0
182	32	13	default:river_water_source	0
183	32	13	default:river_water_source	0
184	32	13	default:river_water_source	0
185	32	13	default:river_water_source	0
186	32	13	default:river_water_source	0
187	32	13	default:river_water_source	0
188	32	13	default:river_water_source	0
189	32	13	default:river_water_source	0
196	32	13	default:dirt	0
197	32	13	default:dirt	0
198	32	13	default:dirt	0
199	32	13	default:dirt	0
200	32	13	default:dirt	0
201	32	13	default:dirt	0
202	32	13	default:dirt	0
203	32	13	default:dirt	0
204	32	13	default:dirt_with_grass	0
205	32	13	default:dirt_with_grass	0
150	33	13	default:river_water_source	0
151	33	13	default:river_water_source	0
152	33	13	default:river_water_source	0
153	33	13	default:river_water_source	0
154	33	13	default:river_water_source	0
155	33	13	default:river_water_source	0
156	33	13	default:river_water_source	0
157	33	13	default:river_water_source	0
158	33	13	default:river_water_source	0
159	33	13	default:river_water_source	0
160	33	13	default:river_water_source	0
161	33	13	default:river_water_source	0
162	33	13	default:river_water_source	0
163	33	13	default:river_water_source	0
164	33	13	default:river_water_source	0
165	33	13	default:river_water_source	0
166	33	13	default:river_water_source	0
167	33	13	default:river_water_source	0
168	33	13	default:river_water_source	0
169	33	13	default:river_water_source	0
170	33	13	default:river_water_source	0
171	33	13	default:river_water_source	0
172	33	13	default:river_water_source	0
173	33	13	default:river_water_source	0
174	33	13	default:river_water_source	0
175	33	13	default:river_water_source	0
176	33	13	default:river_water_source	0
177	33	13	default:river_water_source	0
178	33	13	default:river_water_source	0
179	33	13	default:river_water_source	0
180	33	13	default:river_water_source	0
181	33	13	default:river_water_source	0
182	33	13	default:river_water_source	0
183	33	13	default:river_water_source	0
184	33	13	default:river_water_source	0
185	33	13	default:river_water_source	0
186	33	13	default:river_water_source	0
187	33	13	default:river_water_source	0
188	33	13	default:river_water_source	0
189	33	13	default:river_water_source	0
195	33	13	default:dirt	0
196	33	13	default:dirt	0
197	33	13	default:dirt	0
198	33	13	default:dirt	0
199	33	13	default:dirt	0
200	33	13	default:brick	0
200	33	13	default:dirt_with_grass	0
201	33	13	default:dirt_with_grass	0
202	33	13	default:dirt_with_grass	0
203	33	13	default:dirt_with_grass	0
150	34	13	default:river_water_source	0
151	34	13	default:river_water_source	0
152	34	13	default:river_water_source	0
153	34	13	default:river_water_source	0
154	34	13	default:river_water_source	0
155	34	13	default:river_water_source	0
156	34	13	default:river_water_source	0
157	34	13	default:river_water_source	0
158	34	13	default:river_water_source	0
159	34	13	default:river_water_source	0
160	34	13	default:river_water_source	0
161	34	13	default:river_water_source	0
162	34	13	default:river_water_source	0
163	34	13	default:river_water_source	0
164	34	13	default:river_water_source	0
165	34	13	default:river_water_source	0
166	34	13	default:river_water_source	0
167	34	13	default:river_water_source	0
168	34	13	default:river_water_source	0
169	34	13	default:river_water_source	0
170	34	13	default:river_water_source	0
171	34	13	default:river_water_source	0
172	34	13	default:river_water_source	0
173	34	13	default:river_water_source	0
174	34	13	default:river_water_source	0
175	34	13	default:river_water_source	0
176	34	13	default:river_water_source	0
177	34	13	default:river_water_source	0
178	34	13	default:river_water_source	0
179	34	13	default:river_water_source	0
180	34	13	default:river_water_source	0
181	34	13	default:river_water_source	0
182	34	13	default:river_water_source	0
183	34	13	default:river_water_source	0
184	34	13	default:river_water_source	0
185	34	13	default:river_water_source	0
186	34	13	default:river_water_source	0
187	34	13	default:river_water_source	0
188	34	13	default:river_water_source	0
189	34	13	default:river_water_source	0
190	34	13	default:dirt	0
191	34	13	default:dirt	0
192	34	13	default:dirt	0
193	34	13	default:dirt	0
194	34	13	default:dirt	0
195	34	13	default:dirt	0
196	34	13	default:dirt	0
197	34	13	default:dirt	0
198	34	13	default:dirt	0
199	34	13	default:dirt	0
200	34	13	grug_decor:castle_stonewall_stair	2
150	35	13	default:river_water_source	0
151	35	13	default:river_water_source	0
152	35	13	default:river_water_source	0
153	35	13	default:river_water_source	0
154	35	13	default:river_water_source	0
155	35	13	default:river_water_source	0
156	35	13	default:river_water_source	0
157	35	13	default:river_water_source	0
158	35	13	default:river_water_source	0
159	35	13	default:river_water_source	0
160	35	13	default:river_water_source	0
161	35	13	default:river_water_source	0
162	35	13	default:river_water_source	0
163	35	13	default:river_water_source	0
164	35	13	default:river_water_source	0
165	35	13	default:river_water_source	0
166	35	13	default:river_water_source	0
167	35	13	default:river_water_source	0
168	35	13	default:river_water_source	0
169	35	13	default:river_water_source	0
170	35	13	default:river_water_source	0
171	35	13	default:river_water_source	0
172	35	13	default:river_water_source	0
173	35	13	default:river_water_source	0
174	35	13	default:river_water_source	0
175	35	13	default:river_water_source	0
176	35	13	default:river_water_source	0
177	35	13	default:river_water_source	0
178	35	13	default:river_water_source	0
179	35	13	default:river_water_source	0
180	35	13	default:river_water_source	0
181	35	13	default:river_water_source	0
182	35	13	default:river_water_source	0
183	35	13	default:river_water_source	0
184	35	13	default:river_water_source	0
185	35	13	default:river_water_source	0
186	35	13	default:river_water_source	0
187	35	13	default:river_water_source	0
188	35	13	default:river_water_source	0
189	35	13	default:river_water_source	0
190	35	13	default:dirt	0
191	35	13	default:dirt	0
192	35	13	default:dirt	0
193	35	13	default:dirt	0
194	35	13	default:dirt	0
195	35	13	default:dirt	0
196	35	13	default:brick	0
196	35	13	default:dirt_with_grass	0
197	35	13	default:dirt_with_grass	0
197	35	13	grug_decor:castle_pavement_brick	0
198	35	13	default:dirt_with_grass	0
198	35	13	grug_decor:castle_stonewall_stair	2
199	35	13	default:dirt_with_grass	0
199	35	13	grug_decor:castle_stonewall_stair	2
190	36	13	default:dirt	0
191	36	13	default:dirt	0
192	36	13	default:dirt	0
193	36	13	default:dirt	0
194	36	13	default:dirt	0
195	36	13	default:dirt_with_grass	0
190	37	13	default:dirt_with_grass	0
191	37	13	default:dirt_with_grass	0
192	37	13	default:dirt_with_grass	0
193	37	13	default:dirt_with_grass	0
194	37	13	default:dirt_with_grass	0
177	28	14	default:dirt	0
178	28	14	default:dirt	0
179	28	14	default:dirt	0
180	28	14	default:dirt	0
181	28	14	default:dirt	0
182	28	14	default:dirt	0
183	28	14	default:dirt	0
184	28	14	default:dirt	0
185	28	14	default:dirt	0
186	28	14	default:dirt	0
187	28	14	default:dirt	0
188	28	14	default:dirt	0
189	28	14	default:dirt	0
205	28	14	default:dirt	0
206	28	14	default:dirt	0
207	28	14	default:dirt	0
208	28	14	default:dirt	0
209	28	14	default:dirt	0
210	28	14	default:dirt	0
211	28	14	default:dirt	0
212	28	14	default:dirt	0
213	28	14	default:dirt	0
214	28	14	default:dirt	0
215	28	14	default:dirt	0
216	28	14	default:dirt	0
217	28	14	default:dirt	0
218	28	14	default:dirt	0
219	28	14	default:dirt	0
220	28	14	default:dirt	0
150	29	14	default:dirt	0
151	29	14	default:dirt	0
152	29	14	default:dirt	0
153	29	14	default:dirt	0
154	29	14	default:dirt	0
155	29	14	default:dirt	0
156	29	14	default:dirt	0
157	29	14	default:dirt	0
158	29	14	default:dirt	0
159	29	14	default:dirt	0
160	29	14	default:dirt	0
161	29	14	default:dirt	0
162	29	14	default:dirt	0
163	29	14	default:dirt	0
164	29	14	default:dirt	0
165	29	14	default:dirt	0
166	29	14	default:dirt	0
167	29	14	default:dirt	0
168	29	14	default:dirt	0
169	29	14	default:dirt	0
170	29	14	default:dirt	0
171	29	14	default:dirt	0
172	29	14	default:dirt	0
173	29	14	default:dirt	0
174	29	14	default:dirt	0
175	29	14	default:dirt	0
176	29	14	default:dirt	0
177	29	14	default:dirt	0
178	29	14	default:dirt	0
179	29	14	default:dirt	0
180	29	14	default:dirt	0
181	29	14	default:dirt	0
182	29	14	default:dirt	0
183	29	14	default:dirt	0
184	29	14	default:dirt	0
185	29	14	default:dirt	0
186	29	14	default:dirt	0
187	29	14	default:dirt	0
188	29	14	default:dirt	0
189	29	14	default:dirt	0
200	29	14	default:dirt	0
201	29	14	default:dirt	0
202	29	14	default:dirt	0
203	29	14	default:dirt	0
204	29	14	default:dirt	0
205	29	14	default:dirt	0
206	29	14	default:dirt	0
207	29	14	default:dirt	0
208	29	14	default:dirt	0
209	29	14	default:dirt	0
210	29	14	default:dirt	0
211	29	14	default:dirt	0
212	29	14	default:dirt	0
213	29	14	default:dirt	0
214	29	14	default:dirt	0
215	29	14	default:dirt	0
216	29	14	default:dirt	0
217	29	14	default:dirt	0
218	29	14	default:dirt	0
219	29	14	default:dirt	0
220	29	14	default:dirt	0
150	30	14	default:dirt	0
151	30	14	default:dirt	0
152	30	14	default:dirt	0
153	30	14	default:dirt	0
154	30	14	default:dirt	0
155	30	14	default:dirt	0
156	30	14	default:dirt	0
157	30	14	default:dirt	0
158	30	14	default:dirt	0
159	30	14	default:dirt	0
160	30	14	default:dirt	0
161	30	14	default:dirt	0
162	30	14	default:dirt	0
163	30	14	default:dirt	0
164	30	14	default:dirt	0
165	30	14	default:dirt	0
166	30	14	default:dirt	0
167	30	14	default:dirt	0
168	30	14	default:dirt	0
169	30	14	default:dirt	0
170	30	14	default:dirt	0
171	30	14	default:dirt	0
172	30	14	default:dirt	0
173	30	14	default:dirt	0
174	30	14	default:dirt	0
175	30	14	default:dirt	0
176	30	14	default:dirt	0
177	30	14	default:dirt	0
178	30	14	default:dirt	0
179	30	14	default:dirt	0
180	30	14	default:dirt	0
181	30	14	default:dirt	0
182	30	14	default:dirt	0
183	30	14	default:dirt	0
184	30	14	default:dirt	0
185	30	14	default:dirt	0
186	30	14	default:dirt	0
187	30	14	default:dirt	0
188	30	14	default:dirt	0
189	30	14	default:dirt	0
199	30	14	default:dirt	0
200	30	14	default:dirt	0
201	30	14	default:dirt	0
202	30	14	default:dirt	0
203	30	14	default:dirt	0
204	30	14	default:dirt	0
205	30	14	default:dirt	0
206	30	14	default:dirt	0
207	30	14	default:dirt	0
208	30	14	default:dirt	0
209	30	14	default:dirt	0
210	30	14	default:dirt	0
211	30	14	default:dirt	0
212	30	14	default:dirt	0
213	30	14	default:dirt	0
214	30	14	default:dirt	0
215	30	14	default:dirt	0
216	30	14	default:dirt	0
217	30	14	default:dirt	0
218	30	14	default:dirt	0
219	30	14	default:dirt	0
220	30	14	default:dirt	0
150	31	14	default:dirt	0
151	31	14	default:dirt	0
152	31	14	default:dirt	0
153	31	14	default:dirt	0
154	31	14	default:dirt	0
155	31	14	default:dirt	0
156	31	14	default:dirt	0
157	31	14	default:dirt	0
158	31	14	default:dirt	0
159	31	14	default:dirt	0
160	31	14	default:dirt	0
161	31	14	default:dirt	0
162	31	14	default:dirt	0
163	31	14	default:dirt	0
164	31	14	default:dirt	0
165	31	14	default:dirt	0
166	31	14	default:dirt	0
167	31	14	default:dirt	0
168	31	14	default:dirt	0
169	31	14	default:dirt	0
170	31	14	default:dirt	0
171	31	14	default:dirt	0
172	31	14	default:dirt	0
173	31	14	default:dirt	0
174	31	14	default:dirt	0
175	31	14	default:dirt	0
176	31	14	default:dirt	0
177	31	14	default:dirt_with_grass	0
178	31	14	default:dirt_with_grass	0
179	31	14	default:dirt_with_grass	0
180	31	14	default:dirt_with_grass	0
181	31	14	default:dirt_with_grass	0
182	31	14	default:dirt_with_grass	0
183	31	14	default:dirt_with_grass	0
184	31	14	default:dirt_with_grass	0
185	31	14	default:dirt_with_grass	0
186	31	14	default:dirt_with_grass	0
187	31	14	default:dirt_with_grass	0
188	31	14	default:dirt_with_grass	0
189	31	14	default:dirt_with_grass	0
198	31	14	default:dirt	0
199	31	14	default:dirt	0
200	31	14	default:dirt	0
201	31	14	default:dirt	0
202	31	14	default:dirt	0
203	31	14	default:dirt	0
204	31	14	default:dirt	0
205	31	14	default:dirt_with_grass	0
206	31	14	default:dirt_with_grass	0
207	31	14	default:dirt_with_grass	0
208	31	14	default:dirt_with_grass	0
209	31	14	default:dirt_with_grass	0
210	31	14	default:dirt_with_grass	0
211	31	14	default:dirt_with_grass	0
212	31	14	default:dirt_with_grass	0
213	31	14	default:dirt_with_grass	0
214	31	14	default:dirt_with_grass	0
215	31	14	default:dirt_with_grass	0
216	31	14	default:dirt_with_grass	0
217	31	14	default:dirt_with_grass	0
218	31	14	default:dirt_with_grass	0
219	31	14	default:dirt_with_grass	0
220	31	14	default:dirt_with_grass	0
150	32	14	default:dirt_with_grass	0
151	32	14	default:dirt_with_grass	0
152	32	14	default:dirt_with_grass	0
153	32	14	default:dirt_with_grass	0
154	32	14	default:dirt_with_grass	0
155	32	14	default:dirt_with_grass	0
156	32	14	default:dirt_with_grass	0
157	32	14	default:dirt_with_grass	0
158	32	14	default:dirt_with_grass	0
159	32	14	default:dirt_with_grass	0
160	32	14	default:dirt_with_grass	0
161	32	14	default:dirt_with_grass	0
162	32	14	default:dirt_with_grass	0
163	32	14	default:dirt_with_grass	0
164	32	14	default:dirt_with_grass	0
165	32	14	default:dirt_with_grass	0
166	32	14	default:dirt_with_grass	0
167	32	14	default:dirt_with_grass	0
168	32	14	default:dirt_with_grass	0
169	32	14	default:dirt_with_grass	0
170	32	14	default:dirt_with_grass	0
171	32	14	default:dirt_with_grass	0
172	32	14	default:dirt_with_grass	0
173	32	14	default:dirt_with_grass	0
174	32	14	default:dirt_with_grass	0
175	32	14	default:dirt_with_grass	0
176	32	14	default:dirt_with_grass	0
177	32	14	default:river_water_source	0
178	32	14	default:river_water_source	0
179	32	14	default:river_water_source	0
180	32	14	default:river_water_source	0
181	32	14	default:river_water_source	0
182	32	14	default:river_water_source	0
183	32	14	default:river_water_source	0
184	32	14	default:river_water_source	0
185	32	14	default:river_water_source	0
186	32	14	default:river_water_source	0
187	32	14	default:river_water_source	0
188	32	14	default:river_water_source	0
189	32	14	default:river_water_source	0
196	32	14	default:dirt	0
197	32	14	default:dirt	0
198	32	14	default:dirt	0
199	32	14	default:dirt	0
200	32	14	default:brick	0
200	32	14	default:dirt_with_grass	0
201	32	14	default:dirt_with_grass	0
202	32	14	default:dirt_with_grass	0
203	32	14	default:dirt_with_grass	0
204	32	14	default:dirt_with_grass	0
150	33	14	default:river_water_source	0
151	33	14	default:river_water_source	0
152	33	14	default:river_water_source	0
153	33	14	default:river_water_source	0
154	33	14	default:river_water_source	0
155	33	14	default:river_water_source	0
156	33	14	default:river_water_source	0
157	33	14	default:river_water_source	0
158	33	14	default:river_water_source	0
159	33	14	default:river_water_source	0
160	33	14	default:river_water_source	0
161	33	14	default:river_water_source	0
162	33	14	default:river_water_source	0
163	33	14	default:river_water_source	0
164	33	14	default:river_water_source	0
165	33	14	default:river_water_source	0
166	33	14	default:river_water_source	0
167	33	14	default:river_water_source	0
168	33	14	default:river_water_source	0
169	33	14	default:river_water_source	0
170	33	14	default:river_water_source	0
171	33	14	default:river_water_source	0
172	33	14	default:river_water_source	0
173	33	14	default:river_water_source	0
174	33	14	default:river_water_source	0
175	33	14	default:river_water_source	0
176	33	14	default:river_water_source	0
177	33	14	default:river_water_source	0
178	33	14	default:river_water_source	0
179	33	14	default:river_water_source	0
180	33	14	default:river_water_source	0
181	33	14	default:river_water_source	0
182	33	14	default:river_water_source	0
183	33	14	default:river_water_source	0
184	33	14	default:river_water_source	0
185	33	14	default:river_water_source	0
186	33	14	default:river_water_source	0
187	33	14	default:river_water_source	0
188	33	14	default:river_water_source	0
189	33	14	default:river_water_source	0
194	33	14	default:dirt	0
195	33	14	default:dirt	0
196	33	14	default:dirt	0
197	33	14	default:dirt	0
198	33	14	default:dirt	0
199	33	14	default:dirt_with_grass	0
199	33	14	grug_decor:castle_pavement_brick	0
200	33	14	grug_decor:castle_stonewall_stair	2
150	34	14	default:river_water_source	0
151	34	14	default:river_water_source	0
152	34	14	default:river_water_source	0
153	34	14	default:river_water_source	0
154	34	14	default:river_water_source	0
155	34	14	default:river_water_source	0
156	34	14	default:river_water_source	0
157	34	14	default:river_water_source	0
158	34	14	default:river_water_source	0
159	34	14	default:river_water_source	0
160	34	14	default:river_water_source	0
161	34	14	default:river_water_source	0
162	34	14	default:river_water_source	0
163	34	14	default:river_water_source	0
164	34	14	default:river_water_source	0
165	34	14	default:river_water_source	0
166	34	14	default:river_water_source	0
167	34	14	default:river_water_source	0
168	34	14	default:river_water_source	0
169	34	14	default:river_water_source	0
170	34	14	default:river_water_source	0
171	34	14	default:river_water_source	0
172	34	14	default:river_water_source	0
173	34	14	default:river_water_source	0
174	34	14	default:river_water_source	0
175	34	14	default:river_water_source	0
176	34	14	default:river_water_source	0
177	34	14	default:river_water_source	0
178	34	14	default:river_water_source	0
179	34	14	default:river_water_source	0
180	34	14	default:river_water_source	0
181	34	14	default:river_water_source	0
182	34	14	default:river_water_source	0
183	34	14	default:river_water_source	0
184	34	14	default:river_water_source	0
185	34	14	default:river_water_source	0
186	34	14	default:river_water_source	0
187	34	14	default:river_water_source	0
188	34	14	default:river_water_source	0
189	34	14	default:river_water_source	0
190	34	14	default:dirt	0
191	34	14	default:dirt	0
192	34	14	default:dirt	0
193	34	14	default:dirt	0
194	34	14	default:dirt	0
195	34	14	default:dirt	0
196	34	14	default:dirt	0
197	34	14	default:dirt	0
198	34	14	default:dirt_with_grass	0
198	34	14	grug_decor:castle_stonewall_stair	2
199	34	14	grug_decor:castle_stonewall_stair	2
150	35	14	default:river_water_source	0
151	35	14	default:river_water_source	0
152	35	14	default:river_water_source	0
153	35	14	default:river_water_source	0
154	35	14	default:river_water_source	0
155	35	14	default:river_water_source	0
156	35	14	default:river_water_source	0
157	35	14	default:river_water_source	0
158	35	14	default:river_water_source	0
159	35	14	default:river_water_source	0
160	35	14	default:river_water_source	0
161	35	14	default:river_water_source	0
162	35	14	default:river_water_source	0
163	35	14	default:river_water_source	0
164	35	14	default:river_water_source	0
165	35	14	default:river_water_source	0
166	35	14	default:river_water_source	0
167	35	14	default:river_water_source	0
168	35	14	default:river_water_source	0
169	35	14	default:river_water_source	0
170	35	14	default:river_water_source	0
171	35	14	default:river_water_source	0
172	35	14	default:river_water_source	0
173	35	14	default:river_water_source	0
174	35	14	default:river_water_source	0
175	35	14	default:river_water_source	0
176	35	14	default:river_water_source	0
177	35	14	default:river_water_source	0
178	35	14	default:river_water_source	0
179	35	14	default:river_water_source	0
180	35	14	default:river_water_source	0
181	35	14	default:river_water_source	0
182	35	14	default:river_water_source	0
183	35	14	default:river_water_source	0
184	35	14	default:river_water_source	0
185	35	14	default:river_water_source	0
186	35	14	default:river_water_source	0
187	35	14	default:river_water_source	0
188	35	14	default:river_water_source	0
189	35	14	default:river_water_source	0
190	35	14	default:dirt	0
191	35	14	default:dirt	0
192	35	14	default:dirt	0
193	35	14	default:dirt	0
194	35	14	default:dirt	0
195	35	14	default:dirt	0
196	35	14	default:brick	0
196	35	14	default:dirt_with_grass	0
197	35	14	default:dirt_with_grass	0
197	35	14	grug_decor:castle_stonewall_stair	2
190	36	14	default:dirt	0
191	36	14	default:dirt	0
192	36	14	default:dirt	0
193	36	14	default:dirt	0
194	36	14	default:dirt_with_grass	0
195	36	14	default:dirt_with_grass	0
190	37	14	default:dirt_with_grass	0
191	37	14	default:dirt_with_grass	0
192	37	14	default:dirt_with_grass	0
193	37	14	default:dirt_with_grass	0
