WARNING[Main]: /!\ You are using the old mod storage files backend. This backend is deprecated and may be removed in a future release /!\
WARNING[Main]: Switching to SQLite3 is advised, please read https://docs.luanti.org/for-server-hosts/database-backends.
[MOD] Mobs Redo loaded
ACTION[Main]: [grug_materials] 12 tools completing the six-tier pick/axe/shovel ladder
WARNING[Main]: No craft recipe matches input (type: fuel, items: ['default:pick_mese'])
WARNING[Main]: No craft recipe matches input (type: fuel, items: ['default:shovel_mese'])
WARNING[Main]: No craft recipe matches input (type: fuel, items: ['default:axe_mese'])
WARNING[Main]: No craft recipe matches input (type: fuel, items: ['default:sword_mese'])
WARNING[Main]: No craft recipe matches input (type: fuel, items: ['default:pick_diamond'])
WARNING[Main]: No craft recipe matches input (type: fuel, items: ['default:shovel_diamond'])
WARNING[Main]: No craft recipe matches input (type: fuel, items: ['default:axe_diamond'])
WARNING[Main]: No craft recipe matches input (type: fuel, items: ['default:sword_diamond'])
WARNING[Main]: No craft recipe matches input (type: fuel, items: ['default:sword_bronze'])
WARNING[Main]: No craft recipe matches input (type: fuel, items: ['default:sword_steel'])
WARNING[Main]: No craft recipe matches input (type: fuel, items: ['default:copper_ingot'])
WARNING[Main]: No craft recipe matches input (type: fuel, items: ['default:copperblock'])
WARNING[Main]: No craft recipe matches input (type: fuel, items: ['default:tin_ingot'])
WARNING[Main]: No craft recipe matches input (type: fuel, items: ['default:tinblock'])
WARNING[Main]: No craft recipe matches input (type: fuel, items: ['default:bronze_ingot'])
WARNING[Main]: No craft recipe matches input (type: fuel, items: ['default:bronzeblock'])
WARNING[Main]: No craft recipe matches input (type: fuel, items: ['default:steel_ingot'])
WARNING[Main]: No craft recipe matches input (type: fuel, items: ['default:steelblock'])
WARNING[Main]: No craft recipe matches input (type: fuel, items: ['default:gold_ingot'])
WARNING[Main]: No craft recipe matches input (type: fuel, items: ['default:goldblock'])
WARNING[Main]: No craft recipe known for output 'default:stone_with_mese'
WARNING[Main]: No craft recipe matches input (type: fuel, items: ['default:stone_with_mese'])
WARNING[Main]: No craft recipe matches input (type: fuel, items: ['default:mese'])
WARNING[Main]: No craft recipe matches input (type: fuel, items: ['default:mese_crystal'])
WARNING[Main]: No craft recipe matches input (type: fuel, items: ['default:mese_crystal_fragment'])
WARNING[Main]: No craft recipe matches input (type: fuel, items: ['default:meselamp'])
WARNING[Main]: No craft recipe matches input (type: fuel, items: ['default:mese_post_light'])
WARNING[Main]: No craft recipe matches input (type: fuel, items: ['default:mese_post_light_acacia_wood'])
WARNING[Main]: No craft recipe matches input (type: fuel, items: ['default:mese_post_light_junglewood'])
WARNING[Main]: No craft recipe matches input (type: fuel, items: ['default:mese_post_light_pine_wood'])
WARNING[Main]: No craft recipe matches input (type: fuel, items: ['default:mese_post_light_aspen_wood'])
WARNING[Main]: No craft recipe known for output 'default:stone_with_diamond'
WARNING[Main]: No craft recipe matches input (type: fuel, items: ['default:stone_with_diamond'])
WARNING[Main]: No craft recipe matches input (type: fuel, items: ['default:diamond'])
WARNING[Main]: No craft recipe matches input (type: fuel, items: ['default:diamondblock'])
WARNING[Main]: No craft recipe matches input (type: fuel, items: ['default:sign_wall_steel'])
WARNING[Main]: No craft recipe matches input (type: fuel, items: ['default:ladder_steel'])
WARNING[Main]: No craft recipe matches input (type: fuel, items: ['stairs:stair_steelblock'])
WARNING[Main]: No craft recipe matches input (type: fuel, items: ['stairs:stair_inner_steelblock'])
WARNING[Main]: No craft recipe matches input (type: fuel, items: ['stairs:stair_outer_steelblock'])
WARNING[Main]: No craft recipe matches input (type: fuel, items: ['stairs:slab_steelblock'])
WARNING[Main]: No craft recipe matches input (type: fuel, items: ['stairs:stair_tinblock'])
WARNING[Main]: No craft recipe matches input (type: fuel, items: ['stairs:stair_inner_tinblock'])
WARNING[Main]: No craft recipe matches input (type: fuel, items: ['stairs:stair_outer_tinblock'])
WARNING[Main]: No craft recipe matches input (type: fuel, items: ['stairs:slab_tinblock'])
WARNING[Main]: No craft recipe matches input (type: fuel, items: ['stairs:stair_copperblock'])
WARNING[Main]: No craft recipe matches input (type: fuel, items: ['stairs:stair_inner_copperblock'])
WARNING[Main]: No craft recipe matches input (type: fuel, items: ['stairs:stair_outer_copperblock'])
WARNING[Main]: No craft recipe matches input (type: fuel, items: ['stairs:slab_copperblock'])
WARNING[Main]: No craft recipe matches input (type: fuel, items: ['stairs:stair_bronzeblock'])
WARNING[Main]: No craft recipe matches input (type: fuel, items: ['stairs:stair_inner_bronzeblock'])
WARNING[Main]: No craft recipe matches input (type: fuel, items: ['stairs:stair_outer_bronzeblock'])
WARNING[Main]: No craft recipe matches input (type: fuel, items: ['stairs:slab_bronzeblock'])
WARNING[Main]: No craft recipe matches input (type: fuel, items: ['stairs:stair_goldblock'])
WARNING[Main]: No craft recipe matches input (type: fuel, items: ['stairs:stair_inner_goldblock'])
WARNING[Main]: No craft recipe matches input (type: fuel, items: ['stairs:stair_outer_goldblock'])
WARNING[Main]: No craft recipe matches input (type: fuel, items: ['stairs:slab_goldblock'])
ACTION[Main]: [grug_gear] 6 bracket catalogs: 42 weapons + 72 armor pieces
ACTION[Main]: [grug_quality] deterministic PcgRandom quality rolls enabled
WARNING[Main]: No craft recipe known for output 'grug_gear:sword_bronze'
WARNING[Main]: No craft recipe known for output 'grug_gear:dagger_bronze'
WARNING[Main]: No craft recipe known for output 'grug_gear:greataxe_bronze'
WARNING[Main]: No craft recipe known for output 'grug_gear:wand_bronze'
WARNING[Main]: No craft recipe known for output 'grug_gear:scepter_bronze'
WARNING[Main]: No craft recipe known for output 'grug_gear:orb_bronze'
WARNING[Main]: No craft recipe known for output 'grug_gear:staff_bronze'
WARNING[Main]: No craft recipe known for output 'grug_gear:chest_leather_light'
WARNING[Main]: No craft recipe known for output 'grug_gear:head_leather_light'
WARNING[Main]: No craft recipe known for output 'grug_gear:feet_leather_light'
WARNING[Main]: No craft recipe known for output 'grug_gear:legs_leather_light'
WARNING[Main]: No craft recipe known for output 'grug_gear:chest_metal_bronze'
WARNING[Main]: No craft recipe known for output 'grug_gear:head_metal_bronze'
WARNING[Main]: No craft recipe known for output 'grug_gear:feet_metal_bronze'
WARNING[Main]: No craft recipe known for output 'grug_gear:legs_metal_bronze'
WARNING[Main]: No craft recipe known for output 'grug_gear:chest_cloth_patch'
WARNING[Main]: No craft recipe known for output 'grug_gear:head_cloth_patch'
WARNING[Main]: No craft recipe known for output 'grug_gear:feet_cloth_patch'
WARNING[Main]: No craft recipe known for output 'grug_gear:legs_cloth_patch'
WARNING[Main]: No craft recipe known for output 'grug_gear:sword_iron'
WARNING[Main]: No craft recipe known for output 'grug_materials:pick_iron'
WARNING[Main]: No craft recipe known for output 'grug_materials:shovel_iron'
WARNING[Main]: No craft recipe known for output 'grug_materials:axe_iron'
WARNING[Main]: No craft recipe known for output 'grug_gear:dagger_iron'
WARNING[Main]: No craft recipe known for output 'grug_gear:greataxe_iron'
WARNING[Main]: No craft recipe known for output 'grug_gear:wand_iron'
WARNING[Main]: No craft recipe known for output 'grug_gear:scepter_iron'
WARNING[Main]: No craft recipe known for output 'grug_gear:orb_iron'
WARNING[Main]: No craft recipe known for output 'grug_gear:staff_iron'
WARNING[Main]: No craft recipe known for output 'grug_gear:chest_leather_cured'
WARNING[Main]: No craft recipe known for output 'grug_gear:head_leather_cured'
WARNING[Main]: No craft recipe known for output 'grug_gear:feet_leather_cured'
WARNING[Main]: No craft recipe known for output 'grug_gear:legs_leather_cured'
WARNING[Main]: No craft recipe known for output 'grug_gear:chest_metal_iron'
WARNING[Main]: No craft recipe known for output 'grug_gear:head_metal_iron'
WARNING[Main]: No craft recipe known for output 'grug_gear:feet_metal_iron'
WARNING[Main]: No craft recipe known for output 'grug_gear:legs_metal_iron'
WARNING[Main]: No craft recipe known for output 'grug_gear:chest_cloth_woven'
WARNING[Main]: No craft recipe known for output 'grug_gear:head_cloth_woven'
WARNING[Main]: No craft recipe known for output 'grug_gear:feet_cloth_woven'
WARNING[Main]: No craft recipe known for output 'grug_gear:legs_cloth_woven'
WARNING[Main]: No craft recipe known for output 'grug_gear:sword_steel'
WARNING[Main]: No craft recipe known for output 'default:pick_steel'
WARNING[Main]: No craft recipe known for output 'grug_gear:dagger_steel'
WARNING[Main]: No craft recipe known for output 'grug_gear:greataxe_steel'
WARNING[Main]: No craft recipe known for output 'grug_gear:wand_steel'
WARNING[Main]: No craft recipe known for output 'grug_gear:scepter_steel'
WARNING[Main]: No craft recipe known for output 'grug_gear:orb_steel'
WARNING[Main]: No craft recipe known for output 'grug_gear:staff_steel'
WARNING[Main]: No craft recipe known for output 'grug_gear:chest_leather_heavy'
WARNING[Main]: No craft recipe known for output 'grug_gear:head_leather_heavy'
WARNING[Main]: No craft recipe known for output 'grug_gear:feet_leather_heavy'
WARNING[Main]: No craft recipe known for output 'grug_gear:legs_leather_heavy'
WARNING[Main]: No craft recipe known for output 'grug_gear:chest_metal_steel'
WARNING[Main]: No craft recipe known for output 'grug_gear:head_metal_steel'
WARNING[Main]: No craft recipe known for output 'grug_gear:feet_metal_steel'
WARNING[Main]: No craft recipe known for output 'grug_gear:legs_metal_steel'
WARNING[Main]: No craft recipe known for output 'grug_gear:chest_cloth_heavy'
WARNING[Main]: No craft recipe known for output 'grug_gear:head_cloth_heavy'
WARNING[Main]: No craft recipe known for output 'grug_gear:feet_cloth_heavy'
WARNING[Main]: No craft recipe known for output 'grug_gear:legs_cloth_heavy'
WARNING[Main]: No craft recipe known for output 'grug_gear:sword_silversteel'
WARNING[Main]: No craft recipe known for output 'grug_materials:pick_silversteel'
WARNING[Main]: No craft recipe known for output 'grug_materials:shovel_silversteel'
WARNING[Main]: No craft recipe known for output 'grug_materials:axe_silversteel'
WARNING[Main]: No craft recipe known for output 'grug_gear:dagger_silversteel'
WARNING[Main]: No craft recipe known for output 'grug_gear:greataxe_silversteel'
WARNING[Main]: No craft recipe known for output 'grug_gear:wand_silversteel'
WARNING[Main]: No craft recipe known for output 'grug_gear:scepter_silversteel'
WARNING[Main]: No craft recipe known for output 'grug_gear:orb_silversteel'
WARNING[Main]: No craft recipe known for output 'grug_gear:staff_silversteel'
WARNING[Main]: No craft recipe known for output 'grug_gear:chest_leather_scaled'
WARNING[Main]: No craft recipe known for output 'grug_gear:head_leather_scaled'
WARNING[Main]: No craft recipe known for output 'grug_gear:feet_leather_scaled'
WARNING[Main]: No craft recipe known for output 'grug_gear:legs_leather_scaled'
WARNING[Main]: No craft recipe known for output 'grug_gear:chest_metal_silversteel'
WARNING[Main]: No craft recipe known for output 'grug_gear:head_metal_silversteel'
WARNING[Main]: No craft recipe known for output 'grug_gear:feet_metal_silversteel'
WARNING[Main]: No craft recipe known for output 'grug_gear:legs_metal_silversteel'
WARNING[Main]: No craft recipe known for output 'grug_gear:chest_cloth_silkweave'
WARNING[Main]: No craft recipe known for output 'grug_gear:head_cloth_silkweave'
WARNING[Main]: No craft recipe known for output 'grug_gear:feet_cloth_silkweave'
WARNING[Main]: No craft recipe known for output 'grug_gear:legs_cloth_silkweave'
WARNING[Main]: No craft recipe known for output 'grug_gear:sword_embersteel'
WARNING[Main]: No craft recipe known for output 'grug_materials:pick_embersteel'
WARNING[Main]: No craft recipe known for output 'grug_materials:shovel_embersteel'
WARNING[Main]: No craft recipe known for output 'grug_materials:axe_embersteel'
WARNING[Main]: No craft recipe known for output 'grug_gear:dagger_embersteel'
WARNING[Main]: No craft recipe known for output 'grug_gear:greataxe_embersteel'
WARNING[Main]: No craft recipe known for output 'grug_gear:wand_embersteel'
WARNING[Main]: No craft recipe known for output 'grug_gear:scepter_embersteel'
WARNING[Main]: No craft recipe known for output 'grug_gear:orb_embersteel'
WARNING[Main]: No craft recipe known for output 'grug_gear:staff_embersteel'
WARNING[Main]: No craft recipe known for output 'grug_gear:chest_leather_sleek'
WARNING[Main]: No craft recipe known for output 'grug_gear:head_leather_sleek'
WARNING[Main]: No craft recipe known for output 'grug_gear:feet_leather_sleek'
WARNING[Main]: No craft recipe known for output 'grug_gear:legs_leather_sleek'
WARNING[Main]: No craft recipe known for output 'grug_gear:chest_metal_embersteel'
WARNING[Main]: No craft recipe known for output 'grug_gear:head_metal_embersteel'
WARNING[Main]: No craft recipe known for output 'grug_gear:feet_metal_embersteel'
WARNING[Main]: No craft recipe known for output 'grug_gear:legs_metal_embersteel'
WARNING[Main]: No craft recipe known for output 'grug_gear:chest_cloth_silk'
WARNING[Main]: No craft recipe known for output 'grug_gear:head_cloth_silk'
WARNING[Main]: No craft recipe known for output 'grug_gear:feet_cloth_silk'
WARNING[Main]: No craft recipe known for output 'grug_gear:legs_cloth_silk'
WARNING[Main]: No craft recipe known for output 'grug_gear:sword_abyssal_steel'
WARNING[Main]: No craft recipe known for output 'grug_materials:pick_abyssal_steel'
WARNING[Main]: No craft recipe known for output 'grug_materials:shovel_abyssal_steel'
WARNING[Main]: No craft recipe known for output 'grug_materials:axe_abyssal_steel'
WARNING[Main]: No craft recipe known for output 'grug_gear:dagger_abyssal_steel'
WARNING[Main]: No craft recipe known for output 'grug_gear:greataxe_abyssal_steel'
WARNING[Main]: No craft recipe known for output 'grug_gear:wand_abyssal_steel'
WARNING[Main]: No craft recipe known for output 'grug_gear:scepter_abyssal_steel'
WARNING[Main]: No craft recipe known for output 'grug_gear:orb_abyssal_steel'
WARNING[Main]: No craft recipe known for output 'grug_gear:staff_abyssal_steel'
WARNING[Main]: No craft recipe known for output 'grug_gear:chest_leather_nightscale'
WARNING[Main]: No craft recipe known for output 'grug_gear:head_leather_nightscale'
WARNING[Main]: No craft recipe known for output 'grug_gear:feet_leather_nightscale'
WARNING[Main]: No craft recipe known for output 'grug_gear:legs_leather_nightscale'
WARNING[Main]: No craft recipe known for output 'grug_gear:chest_metal_abyssal_steel'
WARNING[Main]: No craft recipe known for output 'grug_gear:head_metal_abyssal_steel'
WARNING[Main]: No craft recipe known for output 'grug_gear:feet_metal_abyssal_steel'
WARNING[Main]: No craft recipe known for output 'grug_gear:legs_metal_abyssal_steel'
WARNING[Main]: No craft recipe known for output 'grug_gear:chest_cloth_stormweave'
WARNING[Main]: No craft recipe known for output 'grug_gear:head_cloth_stormweave'
WARNING[Main]: No craft recipe known for output 'grug_gear:feet_cloth_stormweave'
WARNING[Main]: No craft recipe known for output 'grug_gear:legs_cloth_stormweave'
WARNING[Main]: No craft recipe known for output 'grug_mobs:light_leather'
WARNING[Main]: No craft recipe known for output 'grug_professions:cured_leather'
WARNING[Main]: No craft recipe known for output 'grug_mobs:heavy_leather'
WARNING[Main]: No craft recipe known for output 'grug_mobs:scaled_hide'
WARNING[Main]: No craft recipe known for output 'grug_professions:sleek_leather'
WARNING[Main]: No craft recipe known for output 'grug_professions:nightscale_leather'
WARNING[Main]: No craft recipe known for output 'grug_professions:bolt_patch'
WARNING[Main]: No craft recipe known for output 'grug_professions:bolt_woven'
WARNING[Main]: No craft recipe known for output 'grug_professions:bolt_heavy'
WARNING[Main]: No craft recipe known for output 'grug_professions:bolt_silkweave'
WARNING[Main]: No craft recipe known for output 'grug_professions:bolt_silk'
WARNING[Main]: No craft recipe known for output 'grug_professions:bolt_stormweave'
ACTION[Main]: [grug_professions] registered Weaponsmith, Armorsmith, Leatherworker and Tailor catalogs
WARNING[Main]: No craft recipe known for output 'grug_artisans:seasoned_wood'
WARNING[Main]: No craft recipe known for output 'grug_artisans:polished_wood'
WARNING[Main]: No craft recipe known for output 'grug_artisans:hardened_wood'
WARNING[Main]: No craft recipe known for output 'grug_artisans:inlaid_wood'
WARNING[Main]: No craft recipe known for output 'grug_artisans:lacquered_wood'
WARNING[Main]: No craft recipe known for output 'grug_artisans:heartwood_wood'
ACTION[Main]: [grug_artisans] registered Woodcarver and Goldsmith catalogs
ACTION[Main]: [grug_materials] registry audit passed: 6 tiers, 15 resources, 12 processed forms, 6 race regions
ACTION[Main]: [grug_smelting] recipe audit passed: 5 cooking, 5 dualfurn, 12 storage pairs, 1 station
ACTION[Main]: GRUG_WP40_PROFILE_PROBE phase=cold event=start engine=5.17.0 lua=LuaJIT_2.1.1784272936 seed=531802985935182545 cases=44 manifest=1ed903592bfb06c812f89e92dc7bd283fee2b81fe08aba9b146294fd85795051 full_digest=false
ACTION[Main]: [grug_visuals] 72 armor pieces indexed for overlays, 3 art lines x 4 slots
ACTION[Main]: [grug_mobs] settlement work activities: tools 7, weapon families 1, all registered
ACTION[Main]: [grug_fishing] tables=6 entries=18 weight=100 bite=3..10s rod_uses=64
ACTION[Main]: [grug_inventory] starter weapons: mage=grug_gear:staff_wood (2H), priest=grug_gear:staff_wood (2H), warrior=default:sword_stone
ACTION[Main]: [grug_traders] 12 profession shelves, 122 offers, all registered
ACTION[Main]: [grug_traders] dwarf capital vendors come from the sockets of dur_brannoc
ACTION[Main]: [grug_traders] elf capital vendors come from the sockets of lethariel
ACTION[Main]: [grug_traders] human capital vendors come from the sockets of highcourt
ACTION[Main]: [grug_traders] orc capital vendors come from the sockets of gor_drazhak
ACTION[Main]: [grug_traders] troll capital vendors come from the sockets of kezamba
ACTION[Main]: [grug_traders] undead capital vendors come from the sockets of nhal_veyr
ACTION[Main]: [grug_traders] 12 settlements indexed for profession vendor appearance
ACTION[Main]: [grug_traders] drop audit: 3 mob(s) use a `drops` FUNCTION and cannot be walked statically (grug_mobs:bandit, grug_mobs:bandit_archer, grug_mobs:poacher); their items are audited from the hardcoded FUNCTION_DROPS list
WARNING[Main]: [grug_traders] no vendor price for dropped item 'default:apple' (dropped by grug_mobs:ashen_treant, grug_mobs:gravewood_treant) — add a _grug_sell_price to its def or a grug_traders.set_price override; traders must buy every mob drop (economy.md §3)
WARNING[Main]: [grug_traders] no vendor price for dropped item 'default:stick' (dropped by grug_mobs:ashen_treant, grug_mobs:gravewood_treant) — add a _grug_sell_price to its def or a grug_traders.set_price override; traders must buy every mob drop (economy.md §3)
 _                   _   _ 
| |_   _  __ _ _ __ | |_(_)
| | | | |/ _` | '_ \| __| |
| | |_| | (_| | | | | |_| |
|_|\__,_|\__,_|_| |_|\__|_|  ___ 5.17.0
ACTION[Main]: World at [/tmp/grudgelands-wp40-profile-run.niWaSrWs/world]
ACTION[Main]: Server for gameid="grudgelands" listening on 127.0.0.1:32460.
ACTION[Server]: [grug_core] start preload: emerging 6 start areas (128 x 128 nodes each, 2 at a time)
ACTION[Emerge-0]: GRUG_WP40_PROFILE_CALLBACK callback=1 minp=-1872,-32,-2672 maxp=-1793,47,-2593 blockseed=2347589339 plan_us=612477 writer_us=244829 total_us=857306 columns=6400 candidate_cells=49 candidates=631 r5_runs=25600 result=applied_cplq vm_get_emerged_area_calls=1 vm_get_emerged_area_us=2 vm_get_data_calls=1 vm_get_data_us=4337 vm_get_param2_data_calls=1 vm_get_param2_data_us=4329 vm_get_light_data_calls=2 vm_get_light_data_us=8145 vm_set_data_calls=1 vm_set_data_us=7223 vm_set_param2_data_calls=1 vm_set_param2_data_us=7112 vm_set_lighting_calls=1 vm_set_lighting_us=80 vm_calc_lighting_calls=1 vm_calc_lighting_us=3237 vm_set_light_data_calls=1 vm_set_light_data_us=7033 vm_update_liquids_calls=1 vm_update_liquids_us=970
ACTION[Emerge-0]: GRUG_WP40_PROFILE_CALLBACK callback=2 minp=-1792,-32,-2672 maxp=-1713,47,-2593 blockseed=3424714971 plan_us=451313 writer_us=243971 total_us=695284 columns=6400 candidate_cells=49 candidates=678 r5_runs=25600 result=applied_cplq vm_get_emerged_area_calls=1 vm_get_emerged_area_us=2 vm_get_data_calls=1 vm_get_data_us=4065 vm_get_param2_data_calls=1 vm_get_param2_data_us=4060 vm_get_light_data_calls=2 vm_get_light_data_us=8658 vm_set_data_calls=1 vm_set_data_us=7204 vm_set_param2_data_calls=1 vm_set_param2_data_us=7086 vm_set_lighting_calls=1 vm_set_lighting_us=79 vm_calc_lighting_calls=1 vm_calc_lighting_us=3696 vm_set_light_data_calls=1 vm_set_light_data_us=7026 vm_update_liquids_calls=1 vm_update_liquids_us=1015
ACTION[Emerge-0]: GRUG_WP40_PROFILE_CALLBACK callback=3 minp=-1872,48,-2672 maxp=-1793,127,-2593 blockseed=1436017481 plan_us=169834 writer_us=95035 total_us=264869 columns=6400 candidate_cells=49 candidates=631 r5_runs=6400 result=applied_clq vm_get_emerged_area_calls=1 vm_get_emerged_area_us=1 vm_get_data_calls=1 vm_get_data_us=4068 vm_get_param2_data_calls=1 vm_get_param2_data_us=4064 vm_get_light_data_calls=2 vm_get_light_data_us=8126 vm_set_data_calls=1 vm_set_data_us=7210 vm_set_param2_data_calls=0 vm_set_param2_data_us=0 vm_set_lighting_calls=35 vm_set_lighting_us=36 vm_calc_lighting_calls=1 vm_calc_lighting_us=9651 vm_set_light_data_calls=1 vm_set_light_data_us=7035 vm_update_liquids_calls=1 vm_update_liquids_us=903
ACTION[Emerge-0]: GRUG_WP40_PROFILE_CALLBACK callback=4 minp=-1792,48,-2672 maxp=-1713,127,-2593 blockseed=1894791017 plan_us=188744 writer_us=92868 total_us=281612 columns=6400 candidate_cells=49 candidates=678 r5_runs=6400 result=applied_clq vm_get_emerged_area_calls=1 vm_get_emerged_area_us=2 vm_get_data_calls=1 vm_get_data_us=4068 vm_get_param2_data_calls=1 vm_get_param2_data_us=4058 vm_get_light_data_calls=2 vm_get_light_data_us=8123 vm_set_data_calls=1 vm_set_data_us=7478 vm_set_param2_data_calls=0 vm_set_param2_data_us=0 vm_set_lighting_calls=36 vm_set_lighting_us=20 vm_calc_lighting_calls=1 vm_calc_lighting_us=10705 vm_set_light_data_calls=1 vm_set_light_data_us=7285 vm_update_liquids_calls=1 vm_update_liquids_us=987
ACTION[Emerge-0]: GRUG_WP40_PROFILE_CALLBACK callback=5 minp=-1872,-32,-2592 maxp=-1793,47,-2513 blockseed=1061529625 plan_us=340732 writer_us=237614 total_us=578346 columns=6400 candidate_cells=49 candidates=175 r5_runs=25600 result=applied_cplq vm_get_emerged_area_calls=1 vm_get_emerged_area_us=2 vm_get_data_calls=1 vm_get_data_us=4072 vm_get_param2_data_calls=1 vm_get_param2_data_us=4057 vm_get_light_data_calls=2 vm_get_light_data_us=8125 vm_set_data_calls=1 vm_set_data_us=7222 vm_set_param2_data_calls=1 vm_set_param2_data_us=7084 vm_set_lighting_calls=16 vm_set_lighting_us=104 vm_calc_lighting_calls=1 vm_calc_lighting_us=5313 vm_set_light_data_calls=1 vm_set_light_data_us=7022 vm_update_liquids_calls=1 vm_update_liquids_us=1013
ACTION[Emerge-0]: GRUG_WP40_PROFILE_CALLBACK callback=6 minp=-1792,-32,-2592 maxp=-1713,47,-2513 blockseed=477511193 plan_us=290583 writer_us=235506 total_us=526089 columns=6400 candidate_cells=49 candidates=301 r5_runs=25600 result=applied_cplq vm_get_emerged_area_calls=1 vm_get_emerged_area_us=2 vm_get_data_calls=1 vm_get_data_us=4066 vm_get_param2_data_calls=1 vm_get_param2_data_us=4058 vm_get_light_data_calls=2 vm_get_light_data_us=8120 vm_set_data_calls=1 vm_set_data_us=7201 vm_set_param2_data_calls=1 vm_set_param2_data_us=7085 vm_set_lighting_calls=16 vm_set_lighting_us=108 vm_calc_lighting_calls=1 vm_calc_lighting_us=5894 vm_set_light_data_calls=1 vm_set_light_data_us=7015 vm_update_liquids_calls=1 vm_update_liquids_us=984
ACTION[Emerge-0]: GRUG_WP40_PROFILE_CALLBACK callback=7 minp=-1872,48,-2592 maxp=-1793,127,-2513 blockseed=1013608399 plan_us=88142 writer_us=42367 total_us=130509 columns=6400 candidate_cells=49 candidates=175 r5_runs=6400 result=noop_equal_content vm_get_emerged_area_calls=1 vm_get_emerged_area_us=2 vm_get_data_calls=1 vm_get_data_us=4067 vm_get_param2_data_calls=1 vm_get_param2_data_us=4055 vm_get_light_data_calls=0 vm_get_light_data_us=0 vm_set_data_calls=0 vm_set_data_us=0 vm_set_param2_data_calls=0 vm_set_param2_data_us=0 vm_set_lighting_calls=0 vm_set_lighting_us=0 vm_calc_lighting_calls=0 vm_calc_lighting_us=0 vm_set_light_data_calls=0 vm_set_light_data_us=0 vm_update_liquids_calls=0 vm_update_liquids_us=0
ACTION[Emerge-0]: GRUG_WP40_PROFILE_CALLBACK callback=8 minp=-1792,48,-2592 maxp=-1713,127,-2513 blockseed=1271228879 plan_us=119125 writer_us=43099 total_us=162224 columns=6400 candidate_cells=49 candidates=301 r5_runs=6400 result=noop_equal_content vm_get_emerged_area_calls=1 vm_get_emerged_area_us=2 vm_get_data_calls=1 vm_get_data_us=4069 vm_get_param2_data_calls=1 vm_get_param2_data_us=4058 vm_get_light_data_calls=0 vm_get_light_data_us=0 vm_set_data_calls=0 vm_set_data_us=0 vm_set_param2_data_calls=0 vm_set_param2_data_us=0 vm_set_lighting_calls=0 vm_set_lighting_us=0 vm_calc_lighting_calls=0 vm_calc_lighting_us=0 vm_set_light_data_calls=0 vm_set_light_data_us=0 vm_update_liquids_calls=0 vm_update_liquids_us=0
ACTION[Emerge-0]: GRUG_WP40_PROFILE_CALLBACK callback=9 minp=-1872,-32,-2512 maxp=-1793,47,-2433 blockseed=3973185169 plan_us=405404 writer_us=237019 total_us=642423 columns=6400 candidate_cells=49 candidates=490 r5_runs=25600 result=applied_cplq vm_get_emerged_area_calls=1 vm_get_emerged_area_us=2 vm_get_data_calls=1 vm_get_data_us=4072 vm_get_param2_data_calls=1 vm_get_param2_data_us=4055 vm_get_light_data_calls=2 vm_get_light_data_us=8658 vm_set_data_calls=1 vm_set_data_us=7208 vm_set_param2_data_calls=1 vm_set_param2_data_us=7094 vm_set_lighting_calls=16 vm_set_lighting_us=173 vm_calc_lighting_calls=1 vm_calc_lighting_us=5280 vm_set_light_data_calls=1 vm_set_light_data_us=7026 vm_update_liquids_calls=1 vm_update_liquids_us=963
ACTION[Emerge-0]: GRUG_WP40_PROFILE_CALLBACK callback=10 minp=-1792,-32,-2512 maxp=-1713,47,-2433 blockseed=582672721 plan_us=370057 writer_us=239401 total_us=609458 columns=6400 candidate_cells=49 candidates=535 r5_runs=25600 result=applied_cplq vm_get_emerged_area_calls=1 vm_get_emerged_area_us=2 vm_get_data_calls=1 vm_get_data_us=4059 vm_get_param2_data_calls=1 vm_get_param2_data_us=4056 vm_get_light_data_calls=2 vm_get_light_data_us=8116 vm_set_data_calls=1 vm_set_data_us=7206 vm_set_param2_data_calls=1 vm_set_param2_data_us=7091 vm_set_lighting_calls=16 vm_set_lighting_us=113 vm_calc_lighting_calls=1 vm_calc_lighting_us=5691 vm_set_light_data_calls=1 vm_set_light_data_us=7021 vm_update_liquids_calls=1 vm_update_liquids_us=1021
ACTION[Emerge-0]: GRUG_WP40_PROFILE_CALLBACK callback=11 minp=-1872,48,-2512 maxp=-1793,127,-2433 blockseed=2887152057 plan_us=139823 writer_us=42393 total_us=182216 columns=6400 candidate_cells=49 candidates=490 r5_runs=6400 result=noop_equal_content vm_get_emerged_area_calls=1 vm_get_emerged_area_us=2 vm_get_data_calls=1 vm_get_data_us=4064 vm_get_param2_data_calls=1 vm_get_param2_data_us=4053 vm_get_light_data_calls=0 vm_get_light_data_us=0 vm_set_data_calls=0 vm_set_data_us=0 vm_set_param2_data_calls=0 vm_set_param2_data_us=0 vm_set_lighting_calls=0 vm_set_lighting_us=0 vm_calc_lighting_calls=0 vm_calc_lighting_us=0 vm_set_light_data_calls=0 vm_set_light_data_us=0 vm_update_liquids_calls=0 vm_update_liquids_us=0
ACTION[Emerge-0]: GRUG_WP40_PROFILE_CALLBACK callback=12 minp=-1792,48,-2512 maxp=-1713,127,-2433 blockseed=1713225977 plan_us=159961 writer_us=42985 total_us=202946 columns=6400 candidate_cells=49 candidates=535 r5_runs=6400 result=noop_equal_content vm_get_emerged_area_calls=1 vm_get_emerged_area_us=2 vm_get_data_calls=1 vm_get_data_us=4064 vm_get_param2_data_calls=1 vm_get_param2_data_us=4057 vm_get_light_data_calls=0 vm_get_light_data_us=0 vm_set_data_calls=0 vm_set_data_us=0 vm_set_param2_data_calls=0 vm_set_param2_data_us=0 vm_set_lighting_calls=0 vm_set_lighting_us=0 vm_calc_lighting_calls=0 vm_calc_lighting_us=0 vm_set_light_data_calls=0 vm_set_light_data_us=0 vm_update_liquids_calls=0 vm_update_liquids_us=0
ACTION[Emerge-0]: [grug_core] start area ready: dwarf (1/6, 21.5 s)
ACTION[Server]: [grug_mobs] start npcs hearthpine: grug_mobs:guard_accord placed at socket gate_west (-1804,26,-2491)
ACTION[Server]: [grug_mobs] start npcs hearthpine: grug_mobs:guard_accord placed at socket gate_east (-1796,26,-2491)
ACTION[Server]: [grug_mobs] start npcs hearthpine: grug_mobs:guard_accord placed at socket watch_gate (-1800,26,-2498)
ACTION[Server]: [grug_mobs] start npcs hearthpine: grug_traders:vendor_race_dwarf placed at socket plaza_vendor (-1793,26,-2555)
ACTION[Server]: [grug_mobs] start npcs hearthpine: grug_mobs:villager_dwarf placed at socket idle_west_door (-1816,26,-2546)
ACTION[Server]: [grug_mobs] start npcs hearthpine: grug_mobs:villager_dwarf placed at socket idle_plaza_bench (-1793,26,-2549)
ACTION[Server]: [grug_mobs] start npcs hearthpine: grug_mobs:villager_dwarf placed at socket idle_workyard (-1819,26,-2533)
ACTION[Server]: [grug_mobs] start npcs hearthpine: grug_mobs:villager_dwarf placed at socket idle_forge_door (-1798,26,-2560)
ACTION[Server]: [grug_mobs] start npcs hearthpine: grug_mobs:villager_dwarf placed at socket work_woodpile (-1812,26,-2563)
ACTION[Server]: [grug_mobs] start npcs hearthpine: grug_mobs:villager_dwarf placed at socket work_garden (-1819,26,-2529)
ACTION[Server]: [grug_mobs] start npcs hearthpine: grug_mobs:elder_dwarf placed at socket hall_quest (-1828,26,-2524)
ACTION[Server]: [grug_mobs] start npcs hearthpine: grug_mobs:villager_dwarf placed at socket trainer_cooking (-1798,26,-2540)
ACTION[Server]: [grug_mobs] start npcs dwarf hearthpine: guards 3/3 flair 7/7 vendor 1/1 quest 1/1 royal 0/0 new 12 pending 0 spare 3 residents 6 walkers 1
ACTION[Emerge-0]: GRUG_WP40_PROFILE_CALLBACK callback=13 minp=-112,-32,-2672 maxp=-33,47,-2593 blockseed=2649330407 plan_us=545657 writer_us=307920 total_us=853577 columns=6400 candidate_cells=49 candidates=3133 r5_runs=25600 result=applied_cplq vm_get_emerged_area_calls=1 vm_get_emerged_area_us=1 vm_get_data_calls=1 vm_get_data_us=4064 vm_get_param2_data_calls=1 vm_get_param2_data_us=4058 vm_get_light_data_calls=2 vm_get_light_data_us=9195 vm_set_data_calls=1 vm_set_data_us=7204 vm_set_param2_data_calls=1 vm_set_param2_data_us=7083 vm_set_lighting_calls=81 vm_set_lighting_us=82 vm_calc_lighting_calls=1 vm_calc_lighting_us=3699 vm_set_light_data_calls=1 vm_set_light_data_us=7014 vm_update_liquids_calls=1 vm_update_liquids_us=973
ACTION[Emerge-0]: GRUG_WP40_PROFILE_CALLBACK callback=14 minp=-32,-32,-2672 maxp=47,47,-2593 blockseed=3815956711 plan_us=393002 writer_us=315479 total_us=708481 columns=6400 candidate_cells=49 candidates=2331 r5_runs=25600 result=applied_cplq vm_get_emerged_area_calls=1 vm_get_emerged_area_us=2 vm_get_data_calls=1 vm_get_data_us=4342 vm_get_param2_data_calls=1 vm_get_param2_data_us=4331 vm_get_light_data_calls=2 vm_get_light_data_us=8657 vm_set_data_calls=1 vm_set_data_us=7469 vm_set_param2_data_calls=1 vm_set_param2_data_us=7357 vm_set_lighting_calls=81 vm_set_lighting_us=105 vm_calc_lighting_calls=1 vm_calc_lighting_us=4298 vm_set_light_data_calls=1 vm_set_light_data_us=7281 vm_update_liquids_calls=1 vm_update_liquids_us=975
ACTION[Emerge-0]: GRUG_WP40_PROFILE_CALLBACK callback=15 minp=48,-32,-2672 maxp=127,47,-2593 blockseed=2143039207 plan_us=448628 writer_us=318396 total_us=767024 columns=6400 candidate_cells=49 candidates=3291 r5_runs=25514 result=applied_cplq vm_get_emerged_area_calls=1 vm_get_emerged_area_us=2 vm_get_data_calls=1 vm_get_data_us=4336 vm_get_param2_data_calls=1 vm_get_param2_data_us=4332 vm_get_light_data_calls=2 vm_get_light_data_us=9192 vm_set_data_calls=1 vm_set_data_us=7198 vm_set_param2_data_calls=1 vm_set_param2_data_us=7082 vm_set_lighting_calls=81 vm_set_lighting_us=78 vm_calc_lighting_calls=1 vm_calc_lighting_us=4024 vm_set_light_data_calls=1 vm_set_light_data_us=7014 vm_update_liquids_calls=1 vm_update_liquids_us=992
ACTION[Emerge-0]: GRUG_WP40_PROFILE_CALLBACK callback=16 minp=-112,48,-2672 maxp=-33,127,-2593 blockseed=3316011157 plan_us=183171 writer_us=42434 total_us=225605 columns=6400 candidate_cells=49 candidates=3133 r5_runs=6400 result=noop_equal_content vm_get_emerged_area_calls=1 vm_get_emerged_area_us=2 vm_get_data_calls=1 vm_get_data_us=4068 vm_get_param2_data_calls=1 vm_get_param2_data_us=4062 vm_get_light_data_calls=0 vm_get_light_data_us=0 vm_set_data_calls=0 vm_set_data_us=0 vm_set_param2_data_calls=0 vm_set_param2_data_us=0 vm_set_lighting_calls=0 vm_set_lighting_us=0 vm_calc_lighting_calls=0 vm_calc_lighting_us=0 vm_set_light_data_calls=0 vm_set_light_data_us=0 vm_update_liquids_calls=0 vm_update_liquids_us=0
ACTION[Emerge-0]: GRUG_WP40_PROFILE_CALLBACK callback=17 minp=-32,48,-2672 maxp=47,127,-2593 blockseed=182747797 plan_us=148765 writer_us=43479 total_us=192244 columns=6400 candidate_cells=49 candidates=2331 r5_runs=6400 result=noop_equal_content vm_get_emerged_area_calls=1 vm_get_emerged_area_us=2 vm_get_data_calls=1 vm_get_data_us=4069 vm_get_param2_data_calls=1 vm_get_param2_data_us=4060 vm_get_light_data_calls=0 vm_get_light_data_us=0 vm_set_data_calls=0 vm_set_data_us=0 vm_set_param2_data_calls=0 vm_set_param2_data_us=0 vm_set_lighting_calls=0 vm_set_lighting_us=0 vm_calc_lighting_calls=0 vm_calc_lighting_us=0 vm_set_light_data_calls=0 vm_set_light_data_us=0 vm_update_liquids_calls=0 vm_update_liquids_us=0
ACTION[Emerge-0]: GRUG_WP40_PROFILE_CALLBACK callback=18 minp=48,48,-2672 maxp=127,127,-2593 blockseed=1939586197 plan_us=191552 writer_us=43113 total_us=234665 columns=6400 candidate_cells=49 candidates=3291 r5_runs=6400 result=noop_equal_content vm_get_emerged_area_calls=1 vm_get_emerged_area_us=3 vm_get_data_calls=1 vm_get_data_us=3793 vm_get_param2_data_calls=1 vm_get_param2_data_us=3786 vm_get_light_data_calls=0 vm_get_light_data_us=0 vm_set_data_calls=0 vm_set_data_us=0 vm_set_param2_data_calls=0 vm_set_param2_data_us=0 vm_set_lighting_calls=0 vm_set_lighting_us=0 vm_calc_lighting_calls=0 vm_calc_lighting_us=0 vm_set_light_data_calls=0 vm_set_light_data_us=0 vm_update_liquids_calls=0 vm_update_liquids_us=0
ACTION[Emerge-0]: GRUG_WP40_PROFILE_CALLBACK callback=19 minp=-112,-32,-2592 maxp=-33,47,-2513 blockseed=2906213861 plan_us=467218 writer_us=292496 total_us=759714 columns=6400 candidate_cells=49 candidates=2095 r5_runs=25600 result=applied_cplq vm_get_emerged_area_calls=1 vm_get_emerged_area_us=2 vm_get_data_calls=1 vm_get_data_us=3796 vm_get_param2_data_calls=1 vm_get_param2_data_us=3790 vm_get_light_data_calls=2 vm_get_light_data_us=8120 vm_set_data_calls=1 vm_set_data_us=7478 vm_set_param2_data_calls=1 vm_set_param2_data_us=7365 vm_set_lighting_calls=16 vm_set_lighting_us=120 vm_calc_lighting_calls=1 vm_calc_lighting_us=5516 vm_set_light_data_calls=1 vm_set_light_data_us=7296 vm_update_liquids_calls=1 vm_update_liquids_us=979
ACTION[Emerge-0]: GRUG_WP40_PROFILE_CALLBACK callback=20 minp=-32,-32,-2592 maxp=47,47,-2513 blockseed=3750423273 plan_us=216977 writer_us=298769 total_us=515746 columns=6400 candidate_cells=49 candidates=0 r5_runs=25600 result=applied_cplq vm_get_emerged_area_calls=1 vm_get_emerged_area_us=2 vm_get_data_calls=1 vm_get_data_us=4065 vm_get_param2_data_calls=1 vm_get_param2_data_us=4057 vm_get_light_data_calls=2 vm_get_light_data_us=9208 vm_set_data_calls=1 vm_set_data_us=7474 vm_set_param2_data_calls=1 vm_set_param2_data_us=7351 vm_set_lighting_calls=16 vm_set_lighting_us=88 vm_calc_lighting_calls=1 vm_calc_lighting_us=7412 vm_set_light_data_calls=1 vm_set_light_data_us=7295 vm_update_liquids_calls=1 vm_update_liquids_us=1008
ACTION[Emerge-0]: GRUG_WP40_PROFILE_CALLBACK callback=21 minp=48,-32,-2592 maxp=127,47,-2513 blockseed=4105102377 plan_us=350544 writer_us=331738 total_us=682282 columns=6400 candidate_cells=49 candidates=2618 r5_runs=25495 result=applied_cplq vm_get_emerged_area_calls=1 vm_get_emerged_area_us=3 vm_get_data_calls=1 vm_get_data_us=4065 vm_get_param2_data_calls=1 vm_get_param2_data_us=4059 vm_get_light_data_calls=2 vm_get_light_data_us=9194 vm_set_data_calls=1 vm_set_data_us=7201 vm_set_param2_data_calls=1 vm_set_param2_data_us=7088 vm_set_lighting_calls=96 vm_set_lighting_us=95 vm_calc_lighting_calls=1 vm_calc_lighting_us=5141 vm_set_light_data_calls=1 vm_set_light_data_us=7016 vm_update_liquids_calls=1 vm_update_liquids_us=1027
ACTION[Emerge-0]: GRUG_WP40_PROFILE_CALLBACK callback=22 minp=-112,48,-2592 maxp=-33,127,-2513 blockseed=2551251339 plan_us=144557 writer_us=93013 total_us=237570 columns=6400 candidate_cells=49 candidates=2095 r5_runs=6400 result=applied_clq vm_get_emerged_area_calls=1 vm_get_emerged_area_us=1 vm_get_data_calls=1 vm_get_data_us=4331 vm_get_param2_data_calls=1 vm_get_param2_data_us=4329 vm_get_light_data_calls=2 vm_get_light_data_us=8668 vm_set_data_calls=1 vm_set_data_us=7484 vm_set_param2_data_calls=0 vm_set_param2_data_us=0 vm_set_lighting_calls=37 vm_set_lighting_us=23 vm_calc_lighting_calls=1 vm_calc_lighting_us=11338 vm_set_light_data_calls=1 vm_set_light_data_us=7287 vm_update_liquids_calls=1 vm_update_liquids_us=889
ACTION[Emerge-0]: GRUG_WP40_PROFILE_CALLBACK callback=23 minp=-32,48,-2592 maxp=47,127,-2513 blockseed=3595103865 plan_us=60188 writer_us=43559 total_us=103747 columns=6400 candidate_cells=49 candidates=0 r5_runs=6400 result=noop_equal_content vm_get_emerged_area_calls=1 vm_get_emerged_area_us=1 vm_get_data_calls=1 vm_get_data_us=4335 vm_get_param2_data_calls=1 vm_get_param2_data_us=4332 vm_get_light_data_calls=0 vm_get_light_data_us=0 vm_set_data_calls=0 vm_set_data_us=0 vm_set_param2_data_calls=0 vm_set_param2_data_us=0 vm_set_lighting_calls=0 vm_set_lighting_us=0 vm_calc_lighting_calls=0 vm_calc_lighting_us=0 vm_set_light_data_calls=0 vm_set_light_data_us=0 vm_update_liquids_calls=0 vm_update_liquids_us=0
ACTION[Emerge-0]: GRUG_WP40_PROFILE_CALLBACK callback=24 minp=48,48,-2592 maxp=127,127,-2513 blockseed=3933311033 plan_us=169427 writer_us=43333 total_us=212760 columns=6400 candidate_cells=49 candidates=2618 r5_runs=6400 result=noop_equal_content vm_get_emerged_area_calls=1 vm_get_emerged_area_us=1 vm_get_data_calls=1 vm_get_data_us=4072 vm_get_param2_data_calls=1 vm_get_param2_data_us=4057 vm_get_light_data_calls=0 vm_get_light_data_us=0 vm_set_data_calls=0 vm_set_data_us=0 vm_set_param2_data_calls=0 vm_set_param2_data_us=0 vm_set_lighting_calls=0 vm_set_lighting_us=0 vm_calc_lighting_calls=0 vm_calc_lighting_us=0 vm_set_light_data_calls=0 vm_set_light_data_us=0 vm_update_liquids_calls=0 vm_update_liquids_us=0
ACTION[Emerge-0]: GRUG_WP40_PROFILE_CALLBACK callback=25 minp=-112,-32,-2512 maxp=-33,47,-2433 blockseed=477054105 plan_us=440010 writer_us=291168 total_us=731178 columns=6400 candidate_cells=49 candidates=3155 r5_runs=25600 result=applied_cplq vm_get_emerged_area_calls=1 vm_get_emerged_area_us=2 vm_get_data_calls=1 vm_get_data_us=4069 vm_get_param2_data_calls=1 vm_get_param2_data_us=4057 vm_get_light_data_calls=2 vm_get_light_data_us=8112 vm_set_data_calls=1 vm_set_data_us=7198 vm_set_param2_data_calls=1 vm_set_param2_data_us=7084 vm_set_lighting_calls=96 vm_set_lighting_us=122 vm_calc_lighting_calls=1 vm_calc_lighting_us=4599 vm_set_light_data_calls=1 vm_set_light_data_us=7017 vm_update_liquids_calls=1 vm_update_liquids_us=968
ACTION[Emerge-0]: GRUG_WP40_PROFILE_CALLBACK callback=26 minp=-32,-32,-2512 maxp=47,47,-2433 blockseed=3787661465 plan_us=288957 writer_us=325307 total_us=614264 columns=6400 candidate_cells=49 candidates=1658 r5_runs=25635 result=applied_cplq vm_get_emerged_area_calls=1 vm_get_emerged_area_us=2 vm_get_data_calls=1 vm_get_data_us=4059 vm_get_param2_data_calls=1 vm_get_param2_data_us=4053 vm_get_light_data_calls=2 vm_get_light_data_us=8128 vm_set_data_calls=1 vm_set_data_us=6933 vm_set_param2_data_calls=1 vm_set_param2_data_us=6812 vm_set_lighting_calls=16 vm_set_lighting_us=128 vm_calc_lighting_calls=1 vm_calc_lighting_us=6110 vm_set_light_data_calls=1 vm_set_light_data_us=6747 vm_update_liquids_calls=1 vm_update_liquids_us=970
ACTION[Emerge-0]: GRUG_WP40_PROFILE_CALLBACK callback=27 minp=48,-32,-2512 maxp=127,47,-2433 blockseed=2231744537 plan_us=357670 writer_us=251401 total_us=609071 columns=6400 candidate_cells=49 candidates=1898 r5_runs=25661 result=applied_clq vm_get_emerged_area_calls=1 vm_get_emerged_area_us=2 vm_get_data_calls=1 vm_get_data_us=4059 vm_get_param2_data_calls=1 vm_get_param2_data_us=4054 vm_get_light_data_calls=2 vm_get_light_data_us=8124 vm_set_data_calls=1 vm_set_data_us=6935 vm_set_param2_data_calls=0 vm_set_param2_data_us=0 vm_set_lighting_calls=96 vm_set_lighting_us=85 vm_calc_lighting_calls=1 vm_calc_lighting_us=5313 vm_set_light_data_calls=1 vm_set_light_data_us=6750 vm_update_liquids_calls=1 vm_update_liquids_us=984
ACTION[Emerge-0]: GRUG_WP40_PROFILE_CALLBACK callback=28 minp=-112,48,-2512 maxp=-33,127,-2433 blockseed=2136013441 plan_us=213175 writer_us=67816 total_us=280991 columns=6400 candidate_cells=49 candidates=3155 r5_runs=6400 result=noop_equal_content vm_get_emerged_area_calls=1 vm_get_emerged_area_us=2 vm_get_data_calls=1 vm_get_data_us=4062 vm_get_param2_data_calls=1 vm_get_param2_data_us=4067 vm_get_light_data_calls=0 vm_get_light_data_us=0 vm_set_data_calls=0 vm_set_data_us=0 vm_set_param2_data_calls=0 vm_set_param2_data_us=0 vm_set_lighting_calls=0 vm_set_lighting_us=0 vm_calc_lighting_calls=0 vm_calc_lighting_us=0 vm_set_light_data_calls=0 vm_set_light_data_us=0 vm_update_liquids_calls=0 vm_update_liquids_us=0
ACTION[Emerge-0]: GRUG_WP40_PROFILE_CALLBACK callback=29 minp=-32,48,-2512 maxp=47,127,-2433 blockseed=3940567617 plan_us=141549 writer_us=65985 total_us=207534 columns=6400 candidate_cells=49 candidates=1658 r5_runs=6400 result=noop_equal_content vm_get_emerged_area_calls=1 vm_get_emerged_area_us=2 vm_get_data_calls=1 vm_get_data_us=3805 vm_get_param2_data_calls=1 vm_get_param2_data_us=3797 vm_get_light_data_calls=0 vm_get_light_data_us=0 vm_set_data_calls=0 vm_set_data_us=0 vm_set_param2_data_calls=0 vm_set_param2_data_us=0 vm_set_lighting_calls=0 vm_set_lighting_us=0 vm_calc_lighting_calls=0 vm_calc_lighting_us=0 vm_set_light_data_calls=0 vm_set_light_data_us=0 vm_update_liquids_calls=0 vm_update_liquids_us=0
ACTION[Emerge-0]: GRUG_WP40_PROFILE_CALLBACK callback=30 minp=48,48,-2512 maxp=127,127,-2433 blockseed=3606848129 plan_us=161316 writer_us=65337 total_us=226653 columns=6400 candidate_cells=49 candidates=1898 r5_runs=6400 result=noop_equal_content vm_get_emerged_area_calls=1 vm_get_emerged_area_us=2 vm_get_data_calls=1 vm_get_data_us=3797 vm_get_param2_data_calls=1 vm_get_param2_data_us=3788 vm_get_light_data_calls=0 vm_get_light_data_us=0 vm_set_data_calls=0 vm_set_data_us=0 vm_set_param2_data_calls=0 vm_set_param2_data_us=0 vm_set_lighting_calls=0 vm_set_lighting_us=0 vm_calc_lighting_calls=0 vm_calc_lighting_us=0 vm_set_light_data_calls=0 vm_set_light_data_us=0 vm_update_liquids_calls=0 vm_update_liquids_us=0
ACTION[Emerge-0]: [grug_core] start area ready: human (2/6, 30.2 s)
ACTION[Emerge-0]: GRUG_WP40_PROFILE_PROBE phase=cold event=emerge case=owner_-112:-32:-2512 mapchunk=-112,-32,-2512 elapsed_us=30193204 generated=1 disk=0 memory=124 cancelled=0 errored=0
ACTION[Server]: [grug_mobs] start npcs dawnmere: grug_mobs:guard_accord placed at socket gate_west (-4,18,-2493)
ACTION[Server]: [grug_mobs] start npcs dawnmere: grug_mobs:guard_accord placed at socket gate_east (4,18,-2493)
ACTION[Server]: [grug_mobs] start npcs dawnmere: grug_mobs:guard_accord placed at socket watch_gate (0,18,-2498)
ACTION[Server]: [grug_mobs] start npcs dawnmere: grug_traders:vendor_race_human placed at socket green_vendor (6,18,-2554)
ACTION[Server]: [grug_mobs] start npcs dawnmere: grug_mobs:villager_human placed at socket idle_cottage_door (10,18,-2566)
ACTION[Server]: [grug_mobs] start npcs dawnmere: grug_mobs:villager_human placed at socket idle_green_bench (-6,18,-2543)
ACTION[Server]: [grug_mobs] start npcs dawnmere: grug_mobs:villager_human placed at socket idle_barn (-19,18,-2550)
ACTION[Server]: [grug_mobs] start npcs dawnmere: grug_mobs:villager_human placed at socket idle_smithy (22,18,-2551)
ACTION[Server]: [grug_mobs] start npcs dawnmere: grug_mobs:villager_human placed at socket work_field (18,18,-2519)
ACTION[Server]: [grug_mobs] start npcs dawnmere: grug_mobs:villager_human placed at socket work_green_seat (-5,18,-2535)
ACTION[Server]: [grug_mobs] start npcs dawnmere: grug_mobs:elder_human placed at socket hall_quest (-11,18,-2542)
ACTION[Server]: [grug_mobs] start npcs dawnmere: grug_mobs:villager_human placed at socket trainer_cooking (2,18,-2540)
ACTION[Server]: [grug_mobs] start npcs human dawnmere: guards 3/3 flair 7/7 vendor 1/1 quest 1/1 royal 0/0 new 12 pending 0 spare 3 residents 6 walkers 1
ACTION[Emerge-0]: GRUG_WP40_PROFILE_CALLBACK callback=31 minp=1728,-32,-2672 maxp=1807,47,-2593 blockseed=531517827 plan_us=524310 writer_us=283800 total_us=808110 columns=6400 candidate_cells=49 candidates=584 r5_runs=25600 result=applied_cplq vm_get_emerged_area_calls=1 vm_get_emerged_area_us=2 vm_get_data_calls=1 vm_get_data_us=4061 vm_get_param2_data_calls=1 vm_get_param2_data_us=4058 vm_get_light_data_calls=2 vm_get_light_data_us=8128 vm_set_data_calls=1 vm_set_data_us=7204 vm_set_param2_data_calls=1 vm_set_param2_data_us=7090 vm_set_lighting_calls=1 vm_set_lighting_us=118 vm_calc_lighting_calls=1 vm_calc_lighting_us=3734 vm_set_light_data_calls=1 vm_set_light_data_us=7022 vm_update_liquids_calls=1 vm_update_liquids_us=938
ACTION[Emerge-0]: GRUG_WP40_PROFILE_CALLBACK callback=32 minp=1808,-32,-2672 maxp=1887,47,-2593 blockseed=3863239555 plan_us=377151 writer_us=277328 total_us=654479 columns=6400 candidate_cells=49 candidates=636 r5_runs=25600 result=applied_cplq vm_get_emerged_area_calls=1 vm_get_emerged_area_us=1 vm_get_data_calls=1 vm_get_data_us=4058 vm_get_param2_data_calls=1 vm_get_param2_data_us=4328 vm_get_light_data_calls=2 vm_get_light_data_us=8125 vm_set_data_calls=1 vm_set_data_us=7207 vm_set_param2_data_calls=1 vm_set_param2_data_us=7084 vm_set_lighting_calls=1 vm_set_lighting_us=100 vm_calc_lighting_calls=1 vm_calc_lighting_us=4189 vm_set_light_data_calls=1 vm_set_light_data_us=7017 vm_update_liquids_calls=1 vm_update_liquids_us=965
ACTION[Emerge-0]: GRUG_WP40_PROFILE_CALLBACK callback=33 minp=1728,48,-2672 maxp=1807,127,-2593 blockseed=1176672465 plan_us=173321 writer_us=65722 total_us=239043 columns=6400 candidate_cells=49 candidates=584 r5_runs=6400 result=noop_equal_content vm_get_emerged_area_calls=1 vm_get_emerged_area_us=2 vm_get_data_calls=1 vm_get_data_us=3805 vm_get_param2_data_calls=1 vm_get_param2_data_us=3791 vm_get_light_data_calls=0 vm_get_light_data_us=0 vm_set_data_calls=0 vm_set_data_us=0 vm_set_param2_data_calls=0 vm_set_param2_data_us=0 vm_set_lighting_calls=0 vm_set_lighting_us=0 vm_calc_lighting_calls=0 vm_calc_lighting_us=0 vm_set_light_data_calls=0 vm_set_light_data_us=0 vm_update_liquids_calls=0 vm_update_liquids_us=0
ACTION[Emerge-0]: GRUG_WP40_PROFILE_CALLBACK callback=34 minp=1808,48,-2672 maxp=1887,127,-2593 blockseed=1474394833 plan_us=157878 writer_us=65363 total_us=223241 columns=6400 candidate_cells=49 candidates=636 r5_runs=6400 result=noop_equal_content vm_get_emerged_area_calls=1 vm_get_emerged_area_us=4 vm_get_data_calls=1 vm_get_data_us=4061 vm_get_param2_data_calls=1 vm_get_param2_data_us=4053 vm_get_light_data_calls=0 vm_get_light_data_us=0 vm_set_data_calls=0 vm_set_data_us=0 vm_set_param2_data_calls=0 vm_set_param2_data_us=0 vm_set_lighting_calls=0 vm_set_lighting_us=0 vm_calc_lighting_calls=0 vm_calc_lighting_us=0 vm_set_light_data_calls=0 vm_set_light_data_us=0 vm_update_liquids_calls=0 vm_update_liquids_us=0
ACTION[Emerge-0]: GRUG_WP40_PROFILE_CALLBACK callback=35 minp=1728,-32,-2592 maxp=1807,47,-2513 blockseed=2502033521 plan_us=333808 writer_us=242491 total_us=576299 columns=6400 candidate_cells=49 candidates=164 r5_runs=25600 result=applied_cplq vm_get_emerged_area_calls=1 vm_get_emerged_area_us=2 vm_get_data_calls=1 vm_get_data_us=4058 vm_get_param2_data_calls=1 vm_get_param2_data_us=4057 vm_get_light_data_calls=2 vm_get_light_data_us=8661 vm_set_data_calls=1 vm_set_data_us=7204 vm_set_param2_data_calls=1 vm_set_param2_data_us=7098 vm_set_lighting_calls=16 vm_set_lighting_us=154 vm_calc_lighting_calls=1 vm_calc_lighting_us=6435 vm_set_light_data_calls=1 vm_set_light_data_us=7020 vm_update_liquids_calls=1 vm_update_liquids_us=960
ACTION[Emerge-0]: GRUG_WP40_PROFILE_CALLBACK callback=36 minp=1808,-32,-2592 maxp=1887,47,-2513 blockseed=4271983665 plan_us=263309 writer_us=219390 total_us=482699 columns=6400 candidate_cells=49 candidates=258 r5_runs=25600 result=applied_cplq vm_get_emerged_area_calls=1 vm_get_emerged_area_us=1 vm_get_data_calls=1 vm_get_data_us=4061 vm_get_param2_data_calls=1 vm_get_param2_data_us=4059 vm_get_light_data_calls=2 vm_get_light_data_us=8120 vm_set_data_calls=1 vm_set_data_us=6970 vm_set_param2_data_calls=1 vm_set_param2_data_us=6822 vm_set_lighting_calls=16 vm_set_lighting_us=110 vm_calc_lighting_calls=1 vm_calc_lighting_us=6806 vm_set_light_data_calls=1 vm_set_light_data_us=6747 vm_update_liquids_calls=1 vm_update_liquids_us=991
ACTION[Emerge-0]: GRUG_WP40_PROFILE_CALLBACK callback=37 minp=1728,48,-2592 maxp=1807,127,-2513 blockseed=1520138433 plan_us=110361 writer_us=65443 total_us=175804 columns=6400 candidate_cells=49 candidates=164 r5_runs=6400 result=noop_equal_content vm_get_emerged_area_calls=1 vm_get_emerged_area_us=2 vm_get_data_calls=1 vm_get_data_us=4064 vm_get_param2_data_calls=1 vm_get_param2_data_us=4056 vm_get_light_data_calls=0 vm_get_light_data_us=0 vm_set_data_calls=0 vm_set_data_us=0 vm_set_param2_data_calls=0 vm_set_param2_data_us=0 vm_set_lighting_calls=0 vm_set_lighting_us=0 vm_calc_lighting_calls=0 vm_calc_lighting_us=0 vm_set_light_data_calls=0 vm_set_light_data_us=0 vm_update_liquids_calls=0 vm_update_liquids_us=0
ACTION[Emerge-0]: GRUG_WP40_PROFILE_CALLBACK callback=38 minp=1808,48,-2592 maxp=1887,127,-2513 blockseed=3325787137 plan_us=108286 writer_us=64907 total_us=173193 columns=6400 candidate_cells=49 candidates=258 r5_runs=6400 result=noop_equal_content vm_get_emerged_area_calls=1 vm_get_emerged_area_us=2 vm_get_data_calls=1 vm_get_data_us=3805 vm_get_param2_data_calls=1 vm_get_param2_data_us=3790 vm_get_light_data_calls=0 vm_get_light_data_us=0 vm_set_data_calls=0 vm_set_data_us=0 vm_set_param2_data_calls=0 vm_set_param2_data_us=0 vm_set_lighting_calls=0 vm_set_lighting_us=0 vm_calc_lighting_calls=0 vm_calc_lighting_us=0 vm_set_light_data_calls=0 vm_set_light_data_us=0 vm_update_liquids_calls=0 vm_update_liquids_us=0
ACTION[Emerge-0]: GRUG_WP40_PROFILE_CALLBACK callback=39 minp=1728,-32,-2512 maxp=1807,47,-2433 blockseed=1028341473 plan_us=404498 writer_us=255548 total_us=660046 columns=6400 candidate_cells=49 candidates=477 r5_runs=25600 result=applied_cplq vm_get_emerged_area_calls=1 vm_get_emerged_area_us=2 vm_get_data_calls=1 vm_get_data_us=4336 vm_get_param2_data_calls=1 vm_get_param2_data_us=4332 vm_get_light_data_calls=2 vm_get_light_data_us=9212 vm_set_data_calls=1 vm_set_data_us=6935 vm_set_param2_data_calls=1 vm_set_param2_data_us=6814 vm_set_lighting_calls=16 vm_set_lighting_us=165 vm_calc_lighting_calls=1 vm_calc_lighting_us=6046 vm_set_light_data_calls=1 vm_set_light_data_us=6747 vm_update_liquids_calls=1 vm_update_liquids_us=1149
ACTION[Emerge-0]: GRUG_WP40_PROFILE_CALLBACK callback=40 minp=1808,-32,-2512 maxp=1887,47,-2433 blockseed=3301998945 plan_us=305610 writer_us=236738 total_us=542348 columns=6400 candidate_cells=49 candidates=508 r5_runs=25600 result=applied_cplq vm_get_emerged_area_calls=1 vm_get_emerged_area_us=3 vm_get_data_calls=1 vm_get_data_us=4059 vm_get_param2_data_calls=1 vm_get_param2_data_us=4065 vm_get_light_data_calls=2 vm_get_light_data_us=8122 vm_set_data_calls=1 vm_set_data_us=7214 vm_set_param2_data_calls=1 vm_set_param2_data_us=7085 vm_set_lighting_calls=16 vm_set_lighting_us=116 vm_calc_lighting_calls=1 vm_calc_lighting_us=5995 vm_set_light_data_calls=1 vm_set_light_data_us=7015 vm_update_liquids_calls=1 vm_update_liquids_us=960
ACTION[Emerge-0]: GRUG_WP40_PROFILE_CALLBACK callback=41 minp=1728,48,-2512 maxp=1807,127,-2433 blockseed=3670819657 plan_us=156357 writer_us=145975 total_us=302332 columns=6400 candidate_cells=49 candidates=477 r5_runs=6400 result=applied_clq vm_get_emerged_area_calls=1 vm_get_emerged_area_us=7 vm_get_data_calls=1 vm_get_data_us=4064 vm_get_param2_data_calls=1 vm_get_param2_data_us=4060 vm_get_light_data_calls=2 vm_get_light_data_us=9209 vm_set_data_calls=1 vm_set_data_us=7470 vm_set_param2_data_calls=0 vm_set_param2_data_us=0 vm_set_lighting_calls=1 vm_set_lighting_us=112 vm_calc_lighting_calls=1 vm_calc_lighting_us=12191 vm_set_light_data_calls=1 vm_set_light_data_us=7284 vm_update_liquids_calls=1 vm_update_liquids_us=891
ACTION[Emerge-0]: GRUG_WP40_PROFILE_CALLBACK callback=42 minp=1808,48,-2512 maxp=1887,127,-2433 blockseed=3607480137 plan_us=144676 writer_us=113597 total_us=258273 columns=6400 candidate_cells=49 candidates=508 r5_runs=6400 result=applied_cl vm_get_emerged_area_calls=1 vm_get_emerged_area_us=2 vm_get_data_calls=1 vm_get_data_us=4063 vm_get_param2_data_calls=1 vm_get_param2_data_us=4071 vm_get_light_data_calls=2 vm_get_light_data_us=8121 vm_set_data_calls=1 vm_set_data_us=7208 vm_set_param2_data_calls=0 vm_set_param2_data_us=0 vm_set_lighting_calls=60 vm_set_lighting_us=39 vm_calc_lighting_calls=1 vm_calc_lighting_us=12727 vm_set_light_data_calls=1 vm_set_light_data_us=7015 vm_update_liquids_calls=0 vm_update_liquids_us=0
ACTION[Emerge-0]: [grug_core] start area ready: elf (3/6, 35.7 s)
ACTION[Server]: [grug_mobs] start npcs silverleaf: grug_mobs:guard_accord placed at socket gate_west (1796,22,-2493)
ACTION[Server]: [grug_mobs] start npcs silverleaf: grug_mobs:guard_accord placed at socket gate_east (1804,22,-2493)
ACTION[Server]: [grug_mobs] start npcs silverleaf: grug_mobs:guard_accord placed at socket watch_gate (1800,22,-2498)
ACTION[Server]: [grug_mobs] start npcs silverleaf: grug_traders:vendor_race_elf placed at socket court_vendor (1807,22,-2554)
ACTION[Server]: [grug_mobs] start npcs silverleaf: grug_mobs:villager_elf placed at socket idle_shrine_door (1779,22,-2534)
ACTION[Server]: [grug_mobs] start npcs silverleaf: grug_mobs:villager_elf placed at socket idle_court_bench (1793,22,-2545)
ACTION[Server]: [grug_mobs] start npcs silverleaf: grug_mobs:villager_elf placed at socket idle_bowyer (1828,22,-2551)
ACTION[Server]: [grug_mobs] start npcs silverleaf: grug_mobs:villager_elf placed at socket idle_market (1769,22,-2550)
ACTION[Server]: [grug_mobs] start npcs silverleaf: grug_mobs:villager_elf placed at socket work_planters (1804,22,-2539)
ACTION[Server]: [grug_mobs] start npcs silverleaf: grug_mobs:villager_elf placed at socket work_market (1767,22,-2545)
ACTION[Server]: [grug_mobs] start npcs silverleaf: grug_mobs:elder_elf placed at socket hall_quest (1820,22,-2536)
ACTION[Server]: [grug_mobs] start npcs silverleaf: grug_mobs:villager_elf placed at socket trainer_cooking (1802,22,-2540)
ACTION[Server]: [grug_mobs] start npcs elf silverleaf: guards 3/3 flair 7/7 vendor 1/1 quest 1/1 royal 0/0 new 12 pending 0 spare 3 residents 6 walkers 1
ACTION[Emerge-0]: GRUG_WP40_PROFILE_CALLBACK callback=43 minp=-1872,-32,2448 maxp=-1793,47,2527 blockseed=3438686605 plan_us=532239 writer_us=263791 total_us=796030 columns=6400 candidate_cells=49 candidates=110 r5_runs=6400 result=applied_clq vm_get_emerged_area_calls=1 vm_get_emerged_area_us=2 vm_get_data_calls=1 vm_get_data_us=4059 vm_get_param2_data_calls=1 vm_get_param2_data_us=4059 vm_get_light_data_calls=2 vm_get_light_data_us=8656 vm_set_data_calls=1 vm_set_data_us=6934 vm_set_param2_data_calls=0 vm_set_param2_data_us=0 vm_set_lighting_calls=1 vm_set_lighting_us=111 vm_calc_lighting_calls=1 vm_calc_lighting_us=812 vm_set_light_data_calls=1 vm_set_light_data_us=6749 vm_update_liquids_calls=1 vm_update_liquids_us=937
ACTION[Emerge-0]: GRUG_WP40_PROFILE_CALLBACK callback=44 minp=-1792,-32,2448 maxp=-1713,47,2527 blockseed=693882809 plan_us=410659 writer_us=261180 total_us=671839 columns=6400 candidate_cells=49 candidates=133 r5_runs=6400 result=applied_clq vm_get_emerged_area_calls=1 vm_get_emerged_area_us=2 vm_get_data_calls=1 vm_get_data_us=4060 vm_get_param2_data_calls=1 vm_get_param2_data_us=4060 vm_get_light_data_calls=2 vm_get_light_data_us=8119 vm_set_data_calls=1 vm_set_data_us=7208 vm_set_param2_data_calls=0 vm_set_param2_data_us=0 vm_set_lighting_calls=1 vm_set_lighting_us=114 vm_calc_lighting_calls=1 vm_calc_lighting_us=909 vm_set_light_data_calls=1 vm_set_light_data_us=7013 vm_update_liquids_calls=1 vm_update_liquids_us=1004
ACTION[Emerge-0]: GRUG_WP40_PROFILE_CALLBACK callback=45 minp=-1872,48,2448 maxp=-1793,127,2527 blockseed=3675838547 plan_us=116688 writer_us=181054 total_us=297742 columns=6400 candidate_cells=49 candidates=110 r5_runs=25600 result=applied_cplq vm_get_emerged_area_calls=1 vm_get_emerged_area_us=2 vm_get_data_calls=1 vm_get_data_us=3790 vm_get_param2_data_calls=1 vm_get_param2_data_us=3786 vm_get_light_data_calls=2 vm_get_light_data_us=7584 vm_set_data_calls=1 vm_set_data_us=6940 vm_set_param2_data_calls=1 vm_set_param2_data_us=6819 vm_set_lighting_calls=81 vm_set_lighting_us=91 vm_calc_lighting_calls=1 vm_calc_lighting_us=7390 vm_set_light_data_calls=1 vm_set_light_data_us=6746 vm_update_liquids_calls=1 vm_update_liquids_us=956
ACTION[Emerge-0]: GRUG_WP40_PROFILE_CALLBACK callback=46 minp=-1792,48,2448 maxp=-1713,127,2527 blockseed=1681576073 plan_us=125003 writer_us=186517 total_us=311520 columns=6400 candidate_cells=49 candidates=133 r5_runs=25600 result=applied_cplq vm_get_emerged_area_calls=1 vm_get_emerged_area_us=2 vm_get_data_calls=1 vm_get_data_us=4063 vm_get_param2_data_calls=1 vm_get_param2_data_us=4062 vm_get_light_data_calls=2 vm_get_light_data_us=8667 vm_set_data_calls=1 vm_set_data_us=7472 vm_set_param2_data_calls=1 vm_set_param2_data_us=7353 vm_set_lighting_calls=81 vm_set_lighting_us=98 vm_calc_lighting_calls=1 vm_calc_lighting_us=8749 vm_set_light_data_calls=1 vm_set_light_data_us=7302 vm_update_liquids_calls=1 vm_update_liquids_us=937
ACTION[Emerge-0]: GRUG_WP40_PROFILE_CALLBACK callback=47 minp=-1872,128,2448 maxp=-1793,207,2527 blockseed=232134273 plan_us=116079 writer_us=68029 total_us=184108 columns=6400 candidate_cells=49 candidates=110 r5_runs=6400 result=noop_equal_content vm_get_emerged_area_calls=1 vm_get_emerged_area_us=2 vm_get_data_calls=1 vm_get_data_us=4065 vm_get_param2_data_calls=1 vm_get_param2_data_us=4055 vm_get_light_data_calls=0 vm_get_light_data_us=0 vm_set_data_calls=0 vm_set_data_us=0 vm_set_param2_data_calls=0 vm_set_param2_data_us=0 vm_set_lighting_calls=0 vm_set_lighting_us=0 vm_calc_lighting_calls=0 vm_calc_lighting_us=0 vm_set_light_data_calls=0 vm_set_light_data_us=0 vm_update_liquids_calls=0 vm_update_liquids_us=0
ACTION[Emerge-0]: GRUG_WP40_PROFILE_CALLBACK callback=48 minp=-1792,128,2448 maxp=-1713,207,2527 blockseed=4293727921 plan_us=125011 writer_us=68282 total_us=193293 columns=6400 candidate_cells=49 candidates=133 r5_runs=6400 result=noop_equal_content vm_get_emerged_area_calls=1 vm_get_emerged_area_us=2 vm_get_data_calls=1 vm_get_data_us=3827 vm_get_param2_data_calls=1 vm_get_param2_data_us=3788 vm_get_light_data_calls=0 vm_get_light_data_us=0 vm_set_data_calls=0 vm_set_data_us=0 vm_set_param2_data_calls=0 vm_set_param2_data_us=0 vm_set_lighting_calls=0 vm_set_lighting_us=0 vm_calc_lighting_calls=0 vm_calc_lighting_us=0 vm_set_light_data_calls=0 vm_set_light_data_us=0 vm_update_liquids_calls=0 vm_update_liquids_us=0
ACTION[Emerge-0]: GRUG_WP40_PROFILE_CALLBACK callback=49 minp=-1872,-32,2528 maxp=-1793,47,2607 blockseed=4017669865 plan_us=381279 writer_us=278166 total_us=659445 columns=6400 candidate_cells=49 candidates=55 r5_runs=6400 result=applied_clq vm_get_emerged_area_calls=1 vm_get_emerged_area_us=2 vm_get_data_calls=1 vm_get_data_us=4088 vm_get_param2_data_calls=1 vm_get_param2_data_us=4061 vm_get_light_data_calls=2 vm_get_light_data_us=8114 vm_set_data_calls=1 vm_set_data_us=7223 vm_set_param2_data_calls=0 vm_set_param2_data_us=0 vm_set_lighting_calls=34 vm_set_lighting_us=149 vm_calc_lighting_calls=1 vm_calc_lighting_us=1437 vm_set_light_data_calls=1 vm_set_light_data_us=7018 vm_update_liquids_calls=1 vm_update_liquids_us=994
ACTION[Emerge-0]: GRUG_WP40_PROFILE_CALLBACK callback=50 minp=-1792,-32,2528 maxp=-1713,47,2607 blockseed=158761833 plan_us=302884 writer_us=266645 total_us=569529 columns=6400 candidate_cells=49 candidates=86 r5_runs=6400 result=applied_clq vm_get_emerged_area_calls=1 vm_get_emerged_area_us=2 vm_get_data_calls=1 vm_get_data_us=4061 vm_get_param2_data_calls=1 vm_get_param2_data_us=4057 vm_get_light_data_calls=2 vm_get_light_data_us=8118 vm_set_data_calls=1 vm_set_data_us=7220 vm_set_param2_data_calls=0 vm_set_param2_data_us=0 vm_set_lighting_calls=28 vm_set_lighting_us=132 vm_calc_lighting_calls=1 vm_calc_lighting_us=1568 vm_set_light_data_calls=1 vm_set_light_data_us=7017 vm_update_liquids_calls=1 vm_update_liquids_us=1014
ACTION[Emerge-0]: GRUG_WP40_PROFILE_CALLBACK callback=51 minp=-1872,48,2528 maxp=-1793,127,2607 blockseed=1186318033 plan_us=101289 writer_us=165528 total_us=266817 columns=6400 candidate_cells=49 candidates=55 r5_runs=25600 result=applied_cplq vm_get_emerged_area_calls=1 vm_get_emerged_area_us=1 vm_get_data_calls=1 vm_get_data_us=3795 vm_get_param2_data_calls=1 vm_get_param2_data_us=3789 vm_get_light_data_calls=2 vm_get_light_data_us=7595 vm_set_data_calls=1 vm_set_data_us=7212 vm_set_param2_data_calls=1 vm_set_param2_data_us=7086 vm_set_lighting_calls=96 vm_set_lighting_us=109 vm_calc_lighting_calls=1 vm_calc_lighting_us=9946 vm_set_light_data_calls=1 vm_set_light_data_us=7015 vm_update_liquids_calls=1 vm_update_liquids_us=953
ACTION[Emerge-0]: GRUG_WP40_PROFILE_CALLBACK callback=52 minp=-1792,48,2528 maxp=-1713,127,2607 blockseed=3372141265 plan_us=119212 writer_us=187109 total_us=306321 columns=6400 candidate_cells=49 candidates=86 r5_runs=25600 result=applied_cplq vm_get_emerged_area_calls=1 vm_get_emerged_area_us=2 vm_get_data_calls=1 vm_get_data_us=4057 vm_get_param2_data_calls=1 vm_get_param2_data_us=4054 vm_get_light_data_calls=2 vm_get_light_data_us=8658 vm_set_data_calls=1 vm_set_data_us=7209 vm_set_param2_data_calls=1 vm_set_param2_data_us=7102 vm_set_lighting_calls=96 vm_set_lighting_us=125 vm_calc_lighting_calls=1 vm_calc_lighting_us=11340 vm_set_light_data_calls=1 vm_set_light_data_us=7020 vm_update_liquids_calls=1 vm_update_liquids_us=954
ACTION[Emerge-0]: GRUG_WP40_PROFILE_CALLBACK callback=53 minp=-1872,128,2528 maxp=-1793,207,2607 blockseed=2033322337 plan_us=101921 writer_us=68564 total_us=170485 columns=6400 candidate_cells=49 candidates=55 r5_runs=6400 result=noop_equal_content vm_get_emerged_area_calls=1 vm_get_emerged_area_us=2 vm_get_data_calls=1 vm_get_data_us=4061 vm_get_param2_data_calls=1 vm_get_param2_data_us=4055 vm_get_light_data_calls=0 vm_get_light_data_us=0 vm_set_data_calls=0 vm_set_data_us=0 vm_set_param2_data_calls=0 vm_set_param2_data_us=0 vm_set_lighting_calls=0 vm_set_lighting_us=0 vm_calc_lighting_calls=0 vm_calc_lighting_us=0 vm_set_light_data_calls=0 vm_set_light_data_us=0 vm_update_liquids_calls=0 vm_update_liquids_us=0
ACTION[Emerge-0]: GRUG_WP40_PROFILE_CALLBACK callback=54 minp=-1792,128,2528 maxp=-1713,207,2607 blockseed=1839709665 plan_us=115067 writer_us=68680 total_us=183747 columns=6400 candidate_cells=49 candidates=86 r5_runs=6400 result=noop_equal_content vm_get_emerged_area_calls=1 vm_get_emerged_area_us=1 vm_get_data_calls=1 vm_get_data_us=4333 vm_get_param2_data_calls=1 vm_get_param2_data_us=4327 vm_get_light_data_calls=0 vm_get_light_data_us=0 vm_set_data_calls=0 vm_set_data_us=0 vm_set_param2_data_calls=0 vm_set_param2_data_us=0 vm_set_lighting_calls=0 vm_set_lighting_us=0 vm_calc_lighting_calls=0 vm_calc_lighting_us=0 vm_set_light_data_calls=0 vm_set_light_data_us=0 vm_update_liquids_calls=0 vm_update_liquids_us=0
ACTION[Emerge-0]: GRUG_WP40_PROFILE_CALLBACK callback=55 minp=-1872,-32,2608 maxp=-1793,47,2687 blockseed=2533785649 plan_us=427093 writer_us=401384 total_us=828477 columns=6400 candidate_cells=49 candidates=195 r5_runs=7316 result=applied_cplq vm_get_emerged_area_calls=1 vm_get_emerged_area_us=2 vm_get_data_calls=1 vm_get_data_us=4062 vm_get_param2_data_calls=1 vm_get_param2_data_us=4061 vm_get_light_data_calls=2 vm_get_light_data_us=8661 vm_set_data_calls=1 vm_set_data_us=6957 vm_set_param2_data_calls=1 vm_set_param2_data_us=6818 vm_set_lighting_calls=20 vm_set_lighting_us=107 vm_calc_lighting_calls=1 vm_calc_lighting_us=1494 vm_set_light_data_calls=1 vm_set_light_data_us=6918 vm_update_liquids_calls=1 vm_update_liquids_us=1028
ACTION[Emerge-0]: GRUG_WP40_PROFILE_CALLBACK callback=56 minp=-1792,-32,2608 maxp=-1713,47,2687 blockseed=1356997617 plan_us=350224 writer_us=324293 total_us=674517 columns=6400 candidate_cells=49 candidates=203 r5_runs=6407 result=applied_clq vm_get_emerged_area_calls=1 vm_get_emerged_area_us=4 vm_get_data_calls=1 vm_get_data_us=4063 vm_get_param2_data_calls=1 vm_get_param2_data_us=4060 vm_get_light_data_calls=2 vm_get_light_data_us=8118 vm_set_data_calls=1 vm_set_data_us=7233 vm_set_param2_data_calls=0 vm_set_param2_data_us=0 vm_set_lighting_calls=16 vm_set_lighting_us=123 vm_calc_lighting_calls=1 vm_calc_lighting_us=1460 vm_set_light_data_calls=1 vm_set_light_data_us=7296 vm_update_liquids_calls=1 vm_update_liquids_us=1022
ACTION[Emerge-0]: GRUG_WP40_PROFILE_CALLBACK callback=57 minp=-1872,48,2608 maxp=-1793,127,2687 blockseed=4210826753 plan_us=141366 writer_us=184522 total_us=325888 columns=6400 candidate_cells=49 candidates=195 r5_runs=23071 result=applied_cplq vm_get_emerged_area_calls=1 vm_get_emerged_area_us=2 vm_get_data_calls=1 vm_get_data_us=3956 vm_get_param2_data_calls=1 vm_get_param2_data_us=3833 vm_get_light_data_calls=2 vm_get_light_data_us=8697 vm_set_data_calls=1 vm_set_data_us=7227 vm_set_param2_data_calls=1 vm_set_param2_data_us=7103 vm_set_lighting_calls=96 vm_set_lighting_us=102 vm_calc_lighting_calls=1 vm_calc_lighting_us=9284 vm_set_light_data_calls=1 vm_set_light_data_us=7045 vm_update_liquids_calls=1 vm_update_liquids_us=1203
ACTION[Emerge-0]: GRUG_WP40_PROFILE_CALLBACK callback=58 minp=-1792,48,2608 maxp=-1713,127,2687 blockseed=3846021825 plan_us=156346 writer_us=206854 total_us=363200 columns=6400 candidate_cells=49 candidates=203 r5_runs=24315 result=applied_cplq vm_get_emerged_area_calls=1 vm_get_emerged_area_us=2 vm_get_data_calls=1 vm_get_data_us=4064 vm_get_param2_data_calls=1 vm_get_param2_data_us=4058 vm_get_light_data_calls=2 vm_get_light_data_us=8670 vm_set_data_calls=1 vm_set_data_us=6944 vm_set_param2_data_calls=1 vm_set_param2_data_us=6827 vm_set_lighting_calls=96 vm_set_lighting_us=147 vm_calc_lighting_calls=1 vm_calc_lighting_us=10704 vm_set_light_data_calls=1 vm_set_light_data_us=6753 vm_update_liquids_calls=1 vm_update_liquids_us=1114
ACTION[Emerge-0]: GRUG_WP40_PROFILE_CALLBACK callback=59 minp=-1872,128,2608 maxp=-1793,207,2687 blockseed=686784297 plan_us=227707 writer_us=79263 total_us=306970 columns=6400 candidate_cells=49 candidates=195 r5_runs=6400 result=noop_equal_content vm_get_emerged_area_calls=1 vm_get_emerged_area_us=2 vm_get_data_calls=1 vm_get_data_us=4064 vm_get_param2_data_calls=1 vm_get_param2_data_us=4071 vm_get_light_data_calls=0 vm_get_light_data_us=0 vm_set_data_calls=0 vm_set_data_us=0 vm_set_param2_data_calls=0 vm_set_param2_data_us=0 vm_set_lighting_calls=0 vm_set_lighting_us=0 vm_calc_lighting_calls=0 vm_calc_lighting_us=0 vm_set_light_data_calls=0 vm_set_light_data_us=0 vm_update_liquids_calls=0 vm_update_liquids_us=0
ACTION[Emerge-0]: GRUG_WP40_PROFILE_CALLBACK callback=60 minp=-1792,128,2608 maxp=-1713,207,2687 blockseed=316424297 plan_us=268931 writer_us=80032 total_us=348963 columns=6400 candidate_cells=49 candidates=203 r5_runs=6400 result=noop_equal_content vm_get_emerged_area_calls=1 vm_get_emerged_area_us=2 vm_get_data_calls=1 vm_get_data_us=4083 vm_get_param2_data_calls=1 vm_get_param2_data_us=4062 vm_get_light_data_calls=0 vm_get_light_data_us=0 vm_set_data_calls=0 vm_set_data_us=0 vm_set_param2_data_calls=0 vm_set_param2_data_us=0 vm_set_lighting_calls=0 vm_set_lighting_us=0 vm_calc_lighting_calls=0 vm_calc_lighting_us=0 vm_set_light_data_calls=0 vm_set_light_data_us=0 vm_update_liquids_calls=0 vm_update_liquids_us=0
ACTION[Emerge-0]: [grug_core] start area ready: undead (4/6, 43.7 s)
ACTION[Emerge-0]: GRUG_WP40_PROFILE_PROBE phase=cold event=emerge case=owner_-112:-32:-2592 mapchunk=-112,-32,-2592 elapsed_us=13479233 generated=0 disk=0 memory=125 cancelled=0 errored=0
ACTION[Server]: [grug_mobs] start npcs stillgrave: grug_mobs:guard_throng placed at socket gate_west (-1804,55,2494)
ACTION[Server]: [grug_mobs] start npcs stillgrave: grug_mobs:guard_throng placed at socket gate_east (-1796,55,2494)
ACTION[Server]: [grug_mobs] start npcs stillgrave: grug_mobs:guard_throng placed at socket watch_gate (-1800,55,2498)
ACTION[Server]: [grug_mobs] start npcs stillgrave: grug_traders:vendor_race_undead placed at socket court_vendor (-1793,55,2545)
ACTION[Server]: [grug_mobs] start npcs stillgrave: grug_mobs:villager_undead placed at socket idle_warden_door (-1813,55,2582)
ACTION[Server]: [grug_mobs] start npcs stillgrave: grug_mobs:villager_undead placed at socket idle_court_settle (-1810,55,2554)
ACTION[Server]: [grug_mobs] start npcs stillgrave: grug_mobs:villager_undead placed at socket idle_bone_works (-1778,55,2549)
ACTION[Server]: [grug_mobs] start npcs stillgrave: grug_mobs:villager_undead placed at socket idle_gate_brazier (-1805,55,2493)
ACTION[Server]: [grug_mobs] start npcs stillgrave: grug_mobs:villager_undead placed at socket work_gravewood (-1790,55,2544)
ACTION[Server]: [grug_mobs] start npcs stillgrave: grug_mobs:villager_undead placed at socket work_blightbed (-1822,55,2542)
ACTION[Server]: [grug_mobs] start npcs stillgrave: grug_mobs:elder_undead placed at socket hall_quest (-1798,55,2560)
ACTION[Server]: [grug_mobs] start npcs stillgrave: grug_mobs:villager_undead placed at socket trainer_cooking (-1798,55,2540)
ACTION[Server]: [grug_mobs] start npcs undead stillgrave: guards 3/3 flair 7/7 vendor 1/1 quest 1/1 royal 0/0 new 12 pending 0 spare 3 residents 6 walkers 1
ACTION[Emerge-0]: GRUG_WP40_PROFILE_CALLBACK callback=61 minp=-112,-32,2448 maxp=-33,47,2527 blockseed=1182291649 plan_us=857725 writer_us=377227 total_us=1234952 columns=6400 candidate_cells=49 candidates=2837 r5_runs=25600 result=applied_cplq vm_get_emerged_area_calls=1 vm_get_emerged_area_us=2 vm_get_data_calls=1 vm_get_data_us=4071 vm_get_param2_data_calls=1 vm_get_param2_data_us=4065 vm_get_light_data_calls=2 vm_get_light_data_us=8688 vm_set_data_calls=1 vm_set_data_us=7213 vm_set_param2_data_calls=1 vm_set_param2_data_us=7094 vm_set_lighting_calls=1 vm_set_lighting_us=103 vm_calc_lighting_calls=1 vm_calc_lighting_us=3165 vm_set_light_data_calls=1 vm_set_light_data_us=7029 vm_update_liquids_calls=1 vm_update_liquids_us=975
ACTION[Emerge-0]: GRUG_WP40_PROFILE_CALLBACK callback=62 minp=-32,-32,2448 maxp=47,47,2527 blockseed=274748545 plan_us=386401 writer_us=307306 total_us=693707 columns=6400 candidate_cells=49 candidates=1538 r5_runs=25600 result=applied_cplq vm_get_emerged_area_calls=1 vm_get_emerged_area_us=2 vm_get_data_calls=1 vm_get_data_us=4065 vm_get_param2_data_calls=1 vm_get_param2_data_us=4066 vm_get_light_data_calls=2 vm_get_light_data_us=8678 vm_set_data_calls=1 vm_set_data_us=6944 vm_set_param2_data_calls=1 vm_set_param2_data_us=6839 vm_set_lighting_calls=1 vm_set_lighting_us=76 vm_calc_lighting_calls=1 vm_calc_lighting_us=4173 vm_set_light_data_calls=1 vm_set_light_data_us=6758 vm_update_liquids_calls=1 vm_update_liquids_us=968
ACTION[Emerge-0]: GRUG_WP40_PROFILE_CALLBACK callback=63 minp=48,-32,2448 maxp=127,47,2527 blockseed=1694184257 plan_us=536330 writer_us=318535 total_us=854865 columns=6400 candidate_cells=49 candidates=3137 r5_runs=25474 result=applied_cplq vm_get_emerged_area_calls=1 vm_get_emerged_area_us=4 vm_get_data_calls=1 vm_get_data_us=4066 vm_get_param2_data_calls=1 vm_get_param2_data_us=4080 vm_get_light_data_calls=2 vm_get_light_data_us=8127 vm_set_data_calls=1 vm_set_data_us=7482 vm_set_param2_data_calls=1 vm_set_param2_data_us=7366 vm_set_lighting_calls=1 vm_set_lighting_us=152 vm_calc_lighting_calls=1 vm_calc_lighting_us=3954 vm_set_light_data_calls=1 vm_set_light_data_us=7297 vm_update_liquids_calls=1 vm_update_liquids_us=1104
ACTION[Emerge-0]: GRUG_WP40_PROFILE_CALLBACK callback=64 minp=-112,48,2448 maxp=-33,127,2527 blockseed=536823633 plan_us=253193 writer_us=68728 total_us=321921 columns=6400 candidate_cells=49 candidates=2837 r5_runs=6400 result=noop_equal_content vm_get_emerged_area_calls=1 vm_get_emerged_area_us=2 vm_get_data_calls=1 vm_get_data_us=4074 vm_get_param2_data_calls=1 vm_get_param2_data_us=4067 vm_get_light_data_calls=0 vm_get_light_data_us=0 vm_set_data_calls=0 vm_set_data_us=0 vm_set_param2_data_calls=0 vm_set_param2_data_us=0 vm_set_lighting_calls=0 vm_set_lighting_us=0 vm_calc_lighting_calls=0 vm_calc_lighting_us=0 vm_set_light_data_calls=0 vm_set_light_data_us=0 vm_update_liquids_calls=0 vm_update_liquids_us=0
ACTION[Emerge-0]: GRUG_WP40_PROFILE_CALLBACK callback=65 minp=-32,48,2448 maxp=47,127,2527 blockseed=2872540305 plan_us=163588 writer_us=67620 total_us=231208 columns=6400 candidate_cells=49 candidates=1538 r5_runs=6400 result=noop_equal_content vm_get_emerged_area_calls=1 vm_get_emerged_area_us=3 vm_get_data_calls=1 vm_get_data_us=3799 vm_get_param2_data_calls=1 vm_get_param2_data_us=3802 vm_get_light_data_calls=0 vm_get_light_data_us=0 vm_set_data_calls=0 vm_set_data_us=0 vm_set_param2_data_calls=0 vm_set_param2_data_us=0 vm_set_lighting_calls=0 vm_set_lighting_us=0 vm_calc_lighting_calls=0 vm_calc_lighting_us=0 vm_set_light_data_calls=0 vm_set_light_data_us=0 vm_update_liquids_calls=0 vm_update_liquids_us=0
ACTION[Emerge-0]: GRUG_WP40_PROFILE_CALLBACK callback=66 minp=48,48,2448 maxp=127,127,2527 blockseed=2056494929 plan_us=252964 writer_us=66977 total_us=319941 columns=6400 candidate_cells=49 candidates=3137 r5_runs=6400 result=noop_equal_content vm_get_emerged_area_calls=1 vm_get_emerged_area_us=2 vm_get_data_calls=1 vm_get_data_us=3794 vm_get_param2_data_calls=1 vm_get_param2_data_us=3795 vm_get_light_data_calls=0 vm_get_light_data_us=0 vm_set_data_calls=0 vm_set_data_us=0 vm_set_param2_data_calls=0 vm_set_param2_data_us=0 vm_set_lighting_calls=0 vm_set_lighting_us=0 vm_calc_lighting_calls=0 vm_calc_lighting_us=0 vm_set_light_data_calls=0 vm_set_light_data_us=0 vm_update_liquids_calls=0 vm_update_liquids_us=0
ACTION[Emerge-0]: GRUG_WP40_PROFILE_CALLBACK callback=67 minp=-112,-32,2528 maxp=-33,47,2607 blockseed=2368640881 plan_us=437309 writer_us=291766 total_us=729075 columns=6400 candidate_cells=49 candidates=2258 r5_runs=25600 result=applied_cplq vm_get_emerged_area_calls=1 vm_get_emerged_area_us=2 vm_get_data_calls=1 vm_get_data_us=4073 vm_get_param2_data_calls=1 vm_get_param2_data_us=4065 vm_get_light_data_calls=2 vm_get_light_data_us=8676 vm_set_data_calls=1 vm_set_data_us=7210 vm_set_param2_data_calls=1 vm_set_param2_data_us=7091 vm_set_lighting_calls=16 vm_set_lighting_us=67 vm_calc_lighting_calls=1 vm_calc_lighting_us=4340 vm_set_light_data_calls=1 vm_set_light_data_us=7024 vm_update_liquids_calls=1 vm_update_liquids_us=1016
ACTION[Emerge-0]: GRUG_WP40_PROFILE_CALLBACK callback=68 minp=-32,-32,2528 maxp=47,47,2607 blockseed=2089223153 plan_us=245913 writer_us=284248 total_us=530161 columns=6400 candidate_cells=49 candidates=282 r5_runs=25600 result=applied_cplq vm_get_emerged_area_calls=1 vm_get_emerged_area_us=1 vm_get_data_calls=1 vm_get_data_us=3795 vm_get_param2_data_calls=1 vm_get_param2_data_us=3796 vm_get_light_data_calls=2 vm_get_light_data_us=7613 vm_set_data_calls=1 vm_set_data_us=7521 vm_set_param2_data_calls=1 vm_set_param2_data_us=7436 vm_set_lighting_calls=16 vm_set_lighting_us=131 vm_calc_lighting_calls=1 vm_calc_lighting_us=6475 vm_set_light_data_calls=1 vm_set_light_data_us=7308 vm_update_liquids_calls=1 vm_update_liquids_us=1040
ACTION[Emerge-0]: GRUG_WP40_PROFILE_CALLBACK callback=69 minp=48,-32,2528 maxp=127,47,2607 blockseed=934311921 plan_us=393993 writer_us=298395 total_us=692388 columns=6400 candidate_cells=49 candidates=2698 r5_runs=25503 result=applied_cplq vm_get_emerged_area_calls=1 vm_get_emerged_area_us=2 vm_get_data_calls=1 vm_get_data_us=4071 vm_get_param2_data_calls=1 vm_get_param2_data_us=4081 vm_get_light_data_calls=2 vm_get_light_data_us=8705 vm_set_data_calls=1 vm_set_data_us=7232 vm_set_param2_data_calls=1 vm_set_param2_data_us=7114 vm_set_lighting_calls=16 vm_set_lighting_us=109 vm_calc_lighting_calls=1 vm_calc_lighting_us=5107 vm_set_light_data_calls=1 vm_set_light_data_us=7056 vm_update_liquids_calls=1 vm_update_liquids_us=1009
ACTION[Emerge-0]: GRUG_WP40_PROFILE_CALLBACK callback=70 minp=-112,48,2528 maxp=-33,127,2607 blockseed=1824437721 plan_us=197515 writer_us=67759 total_us=265274 columns=6400 candidate_cells=49 candidates=2258 r5_runs=6400 result=noop_equal_content vm_get_emerged_area_calls=1 vm_get_emerged_area_us=2 vm_get_data_calls=1 vm_get_data_us=3806 vm_get_param2_data_calls=1 vm_get_param2_data_us=3815 vm_get_light_data_calls=0 vm_get_light_data_us=0 vm_set_data_calls=0 vm_set_data_us=0 vm_set_param2_data_calls=0 vm_set_param2_data_us=0 vm_set_lighting_calls=0 vm_set_lighting_us=0 vm_calc_lighting_calls=0 vm_calc_lighting_us=0 vm_set_light_data_calls=0 vm_set_light_data_us=0 vm_update_liquids_calls=0 vm_update_liquids_us=0
ACTION[Emerge-0]: GRUG_WP40_PROFILE_CALLBACK callback=71 minp=-32,48,2528 maxp=47,127,2607 blockseed=3649155545 plan_us=91362 writer_us=67350 total_us=158712 columns=6400 candidate_cells=49 candidates=282 r5_runs=6400 result=noop_equal_content vm_get_emerged_area_calls=1 vm_get_emerged_area_us=1 vm_get_data_calls=1 vm_get_data_us=4084 vm_get_param2_data_calls=1 vm_get_param2_data_us=4081 vm_get_light_data_calls=0 vm_get_light_data_us=0 vm_set_data_calls=0 vm_set_data_us=0 vm_set_param2_data_calls=0 vm_set_param2_data_us=0 vm_set_lighting_calls=0 vm_set_lighting_us=0 vm_calc_lighting_calls=0 vm_calc_lighting_us=0 vm_set_light_data_calls=0 vm_set_light_data_us=0 vm_update_liquids_calls=0 vm_update_liquids_us=0
ACTION[Emerge-0]: GRUG_WP40_PROFILE_CALLBACK callback=72 minp=48,48,2528 maxp=127,127,2607 blockseed=1986684761 plan_us=220605 writer_us=66689 total_us=287294 columns=6400 candidate_cells=49 candidates=2698 r5_runs=6400 result=noop_equal_content vm_get_emerged_area_calls=1 vm_get_emerged_area_us=2 vm_get_data_calls=1 vm_get_data_us=4082 vm_get_param2_data_calls=1 vm_get_param2_data_us=4085 vm_get_light_data_calls=0 vm_get_light_data_us=0 vm_set_data_calls=0 vm_set_data_us=0 vm_set_param2_data_calls=0 vm_set_param2_data_us=0 vm_set_lighting_calls=0 vm_set_lighting_us=0 vm_calc_lighting_calls=0 vm_calc_lighting_us=0 vm_set_light_data_calls=0 vm_set_light_data_us=0 vm_update_liquids_calls=0 vm_update_liquids_us=0
ACTION[Emerge-0]: GRUG_WP40_PROFILE_CALLBACK callback=73 minp=-112,-32,2608 maxp=-33,47,2687 blockseed=2865193273 plan_us=483960 writer_us=330795 total_us=814755 columns=6400 candidate_cells=49 candidates=3529 r5_runs=24720 result=applied_cplq vm_get_emerged_area_calls=1 vm_get_emerged_area_us=2 vm_get_data_calls=1 vm_get_data_us=3812 vm_get_param2_data_calls=1 vm_get_param2_data_us=3871 vm_get_light_data_calls=2 vm_get_light_data_us=8713 vm_set_data_calls=1 vm_set_data_us=7225 vm_set_param2_data_calls=1 vm_set_param2_data_us=7253 vm_set_lighting_calls=16 vm_set_lighting_us=134 vm_calc_lighting_calls=1 vm_calc_lighting_us=4287 vm_set_light_data_calls=1 vm_set_light_data_us=7017 vm_update_liquids_calls=1 vm_update_liquids_us=1026
ACTION[Emerge-0]: GRUG_WP40_PROFILE_CALLBACK callback=74 minp=-32,-32,2608 maxp=47,47,2687 blockseed=2111383743 plan_us=379081 writer_us=326788 total_us=705869 columns=6400 candidate_cells=49 candidates=3016 r5_runs=24663 result=applied_cplq vm_get_emerged_area_calls=1 vm_get_emerged_area_us=2 vm_get_data_calls=1 vm_get_data_us=4068 vm_get_param2_data_calls=1 vm_get_param2_data_us=4064 vm_get_light_data_calls=2 vm_get_light_data_us=7882 vm_set_data_calls=1 vm_set_data_us=7215 vm_set_param2_data_calls=1 vm_set_param2_data_us=7036 vm_set_lighting_calls=16 vm_set_lighting_us=112 vm_calc_lighting_calls=1 vm_calc_lighting_us=5205 vm_set_light_data_calls=1 vm_set_light_data_us=6765 vm_update_liquids_calls=1 vm_update_liquids_us=1026
ACTION[Emerge-0]: GRUG_WP40_PROFILE_CALLBACK callback=75 minp=48,-32,2608 maxp=127,47,2687 blockseed=2694271519 plan_us=503173 writer_us=322908 total_us=826081 columns=6400 candidate_cells=49 candidates=3586 r5_runs=24625 result=applied_cplq vm_get_emerged_area_calls=1 vm_get_emerged_area_us=2 vm_get_data_calls=1 vm_get_data_us=4067 vm_get_param2_data_calls=1 vm_get_param2_data_us=4081 vm_get_light_data_calls=2 vm_get_light_data_us=8717 vm_set_data_calls=1 vm_set_data_us=6951 vm_set_param2_data_calls=1 vm_set_param2_data_us=6837 vm_set_lighting_calls=16 vm_set_lighting_us=108 vm_calc_lighting_calls=1 vm_calc_lighting_us=4493 vm_set_light_data_calls=1 vm_set_light_data_us=6766 vm_update_liquids_calls=1 vm_update_liquids_us=1041
ACTION[Emerge-0]: GRUG_WP40_PROFILE_CALLBACK callback=76 minp=-112,48,2608 maxp=-33,127,2687 blockseed=2220919305 plan_us=262143 writer_us=76892 total_us=339035 columns=6400 candidate_cells=49 candidates=3529 r5_runs=6400 result=noop_equal_content vm_get_emerged_area_calls=1 vm_get_emerged_area_us=2 vm_get_data_calls=1 vm_get_data_us=4075 vm_get_param2_data_calls=1 vm_get_param2_data_us=4066 vm_get_light_data_calls=0 vm_get_light_data_us=0 vm_set_data_calls=0 vm_set_data_us=0 vm_set_param2_data_calls=0 vm_set_param2_data_us=0 vm_set_lighting_calls=0 vm_set_lighting_us=0 vm_calc_lighting_calls=0 vm_calc_lighting_us=0 vm_set_light_data_calls=0 vm_set_light_data_us=0 vm_update_liquids_calls=0 vm_update_liquids_us=0
ACTION[Emerge-0]: GRUG_WP40_PROFILE_CALLBACK callback=77 minp=-32,48,2608 maxp=47,127,2687 blockseed=1685016685 plan_us=227537 writer_us=74181 total_us=301718 columns=6400 candidate_cells=49 candidates=3016 r5_runs=6400 result=noop_equal_content vm_get_emerged_area_calls=1 vm_get_emerged_area_us=3 vm_get_data_calls=1 vm_get_data_us=4064 vm_get_param2_data_calls=1 vm_get_param2_data_us=4066 vm_get_light_data_calls=0 vm_get_light_data_us=0 vm_set_data_calls=0 vm_set_data_us=0 vm_set_param2_data_calls=0 vm_set_param2_data_us=0 vm_set_lighting_calls=0 vm_set_lighting_us=0 vm_calc_lighting_calls=0 vm_calc_lighting_us=0 vm_set_light_data_calls=0 vm_set_light_data_us=0 vm_update_liquids_calls=0 vm_update_liquids_us=0
ACTION[Emerge-0]: GRUG_WP40_PROFILE_CALLBACK callback=78 minp=48,48,2608 maxp=127,127,2687 blockseed=2248844941 plan_us=260865 writer_us=75228 total_us=336093 columns=6400 candidate_cells=49 candidates=3586 r5_runs=6400 result=noop_equal_content vm_get_emerged_area_calls=1 vm_get_emerged_area_us=2 vm_get_data_calls=1 vm_get_data_us=4074 vm_get_param2_data_calls=1 vm_get_param2_data_us=4069 vm_get_light_data_calls=0 vm_get_light_data_us=0 vm_set_data_calls=0 vm_set_data_us=0 vm_set_param2_data_calls=0 vm_set_param2_data_us=0 vm_set_lighting_calls=0 vm_set_lighting_us=0 vm_calc_lighting_calls=0 vm_calc_lighting_us=0 vm_set_light_data_calls=0 vm_set_light_data_us=0 vm_update_liquids_calls=0 vm_update_liquids_us=0
ACTION[Emerge-0]: [grug_core] start area ready: orc (5/6, 53.9 s)
ACTION[Server]: [grug_mobs] start npcs sunscar: grug_mobs:guard_throng placed at socket gate_west (-4,28,2499)
ACTION[Server]: [grug_mobs] start npcs sunscar: grug_mobs:guard_throng placed at socket gate_east (4,28,2499)
ACTION[Server]: [grug_mobs] start npcs sunscar: grug_mobs:guard_throng placed at socket watch_gate (0,28,2510)
ACTION[Server]: [grug_mobs] start npcs sunscar: grug_traders:vendor_race_orc placed at socket yard_vendor (8,28,2545)
ACTION[Server]: [grug_mobs] start npcs sunscar: grug_mobs:villager_orc placed at socket idle_tusk_door (-11,28,2528)
ACTION[Server]: [grug_mobs] start npcs sunscar: grug_mobs:villager_orc placed at socket idle_council_seat (-3,28,2558)
ACTION[Server]: [grug_mobs] start npcs sunscar: grug_mobs:villager_orc placed at socket idle_beast_pen (-25,28,2548)
ACTION[Server]: [grug_mobs] start npcs sunscar: grug_mobs:villager_orc placed at socket idle_armoury_forge (20,28,2548)
ACTION[Server]: [grug_mobs] start npcs sunscar: grug_mobs:villager_orc placed at socket work_forge (-34,28,2552)
ACTION[Server]: [grug_mobs] start npcs sunscar: grug_mobs:villager_orc placed at socket work_acacia (-14,28,2549)
ACTION[Server]: [grug_mobs] start npcs sunscar: grug_mobs:elder_orc placed at socket hall_quest (3,28,2562)
ACTION[Server]: [grug_mobs] start npcs sunscar: grug_mobs:villager_orc placed at socket trainer_cooking (2,28,2540)
ACTION[Server]: [grug_mobs] start npcs orc sunscar: guards 3/3 flair 7/7 vendor 1/1 quest 1/1 royal 0/0 new 12 pending 0 spare 3 residents 6 walkers 1
ACTION[Emerge-0]: GRUG_WP40_PROFILE_CALLBACK callback=79 minp=1728,-32,2448 maxp=1807,47,2527 blockseed=2256119497 plan_us=429453 writer_us=338440 total_us=767893 columns=6400 candidate_cells=49 candidates=288 r5_runs=25600 result=applied_cplq vm_get_emerged_area_calls=1 vm_get_emerged_area_us=2 vm_get_data_calls=1 vm_get_data_us=4340 vm_get_param2_data_calls=1 vm_get_param2_data_us=4341 vm_get_light_data_calls=2 vm_get_light_data_us=8133 vm_set_data_calls=1 vm_set_data_us=7215 vm_set_param2_data_calls=1 vm_set_param2_data_us=7102 vm_set_lighting_calls=1 vm_set_lighting_us=142 vm_calc_lighting_calls=1 vm_calc_lighting_us=4262 vm_set_light_data_calls=1 vm_set_light_data_us=7051 vm_update_liquids_calls=1 vm_update_liquids_us=986
ACTION[Emerge-0]: GRUG_WP40_PROFILE_CALLBACK callback=80 minp=1808,-32,2448 maxp=1887,47,2527 blockseed=767045961 plan_us=318015 writer_us=347234 total_us=665249 columns=6400 candidate_cells=49 candidates=329 r5_runs=25600 result=applied_cplq vm_get_emerged_area_calls=1 vm_get_emerged_area_us=2 vm_get_data_calls=1 vm_get_data_us=4073 vm_get_param2_data_calls=1 vm_get_param2_data_us=4062 vm_get_light_data_calls=2 vm_get_light_data_us=8135 vm_set_data_calls=1 vm_set_data_us=7215 vm_set_param2_data_calls=1 vm_set_param2_data_us=7094 vm_set_lighting_calls=1 vm_set_lighting_us=141 vm_calc_lighting_calls=1 vm_calc_lighting_us=5000 vm_set_light_data_calls=1 vm_set_light_data_us=7026 vm_update_liquids_calls=1 vm_update_liquids_us=975
ACTION[Emerge-0]: GRUG_WP40_PROFILE_CALLBACK callback=81 minp=1728,48,2448 maxp=1807,127,2527 blockseed=442165913 plan_us=107814 writer_us=66169 total_us=173983 columns=6400 candidate_cells=49 candidates=288 r5_runs=6400 result=noop_equal_content vm_get_emerged_area_calls=1 vm_get_emerged_area_us=2 vm_get_data_calls=1 vm_get_data_us=4070 vm_get_param2_data_calls=1 vm_get_param2_data_us=4074 vm_get_light_data_calls=0 vm_get_light_data_us=0 vm_set_data_calls=0 vm_set_data_us=0 vm_set_param2_data_calls=0 vm_set_param2_data_us=0 vm_set_lighting_calls=0 vm_set_lighting_us=0 vm_calc_lighting_calls=0 vm_calc_lighting_us=0 vm_set_light_data_calls=0 vm_set_light_data_us=0 vm_update_liquids_calls=0 vm_update_liquids_us=0
ACTION[Emerge-0]: GRUG_WP40_PROFILE_CALLBACK callback=82 minp=1808,48,2448 maxp=1887,127,2527 blockseed=2158675609 plan_us=100998 writer_us=128132 total_us=229130 columns=6400 candidate_cells=49 candidates=329 r5_runs=6400 result=applied_clq vm_get_emerged_area_calls=1 vm_get_emerged_area_us=2 vm_get_data_calls=1 vm_get_data_us=4070 vm_get_param2_data_calls=1 vm_get_param2_data_us=4063 vm_get_light_data_calls=2 vm_get_light_data_us=8159 vm_set_data_calls=1 vm_set_data_us=7486 vm_set_param2_data_calls=0 vm_set_param2_data_us=0 vm_set_lighting_calls=81 vm_set_lighting_us=121 vm_calc_lighting_calls=1 vm_calc_lighting_us=11045 vm_set_light_data_calls=1 vm_set_light_data_us=7298 vm_update_liquids_calls=1 vm_update_liquids_us=895
ACTION[Emerge-0]: GRUG_WP40_PROFILE_CALLBACK callback=83 minp=1728,-32,2528 maxp=1807,47,2607 blockseed=3123793657 plan_us=316696 writer_us=335054 total_us=651750 columns=6400 candidate_cells=49 candidates=142 r5_runs=25600 result=applied_cplq vm_get_emerged_area_calls=1 vm_get_emerged_area_us=2 vm_get_data_calls=1 vm_get_data_us=4071 vm_get_param2_data_calls=1 vm_get_param2_data_us=4061 vm_get_light_data_calls=2 vm_get_light_data_us=8693 vm_set_data_calls=1 vm_set_data_us=7215 vm_set_param2_data_calls=1 vm_set_param2_data_us=7097 vm_set_lighting_calls=16 vm_set_lighting_us=85 vm_calc_lighting_calls=1 vm_calc_lighting_us=6733 vm_set_light_data_calls=1 vm_set_light_data_us=7030 vm_update_liquids_calls=1 vm_update_liquids_us=1009
ACTION[Emerge-0]: GRUG_WP40_PROFILE_CALLBACK callback=84 minp=1808,-32,2528 maxp=1887,47,2607 blockseed=2230869381 plan_us=232619 writer_us=321075 total_us=553694 columns=6400 candidate_cells=49 candidates=227 r5_runs=25600 result=applied_cplq vm_get_emerged_area_calls=1 vm_get_emerged_area_us=2 vm_get_data_calls=1 vm_get_data_us=4077 vm_get_param2_data_calls=1 vm_get_param2_data_us=4076 vm_get_light_data_calls=2 vm_get_light_data_us=7886 vm_set_data_calls=1 vm_set_data_us=7214 vm_set_param2_data_calls=1 vm_set_param2_data_us=7100 vm_set_lighting_calls=16 vm_set_lighting_us=117 vm_calc_lighting_calls=1 vm_calc_lighting_us=7693 vm_set_light_data_calls=1 vm_set_light_data_us=7047 vm_update_liquids_calls=1 vm_update_liquids_us=1014
ACTION[Emerge-0]: GRUG_WP40_PROFILE_CALLBACK callback=85 minp=1728,48,2528 maxp=1807,127,2607 blockseed=2982630305 plan_us=97543 writer_us=114034 total_us=211577 columns=6400 candidate_cells=49 candidates=142 r5_runs=6400 result=applied_clq vm_get_emerged_area_calls=1 vm_get_emerged_area_us=2 vm_get_data_calls=1 vm_get_data_us=3803 vm_get_param2_data_calls=1 vm_get_param2_data_us=3802 vm_get_light_data_calls=2 vm_get_light_data_us=8706 vm_set_data_calls=1 vm_set_data_us=7495 vm_set_param2_data_calls=0 vm_set_param2_data_us=0 vm_set_lighting_calls=70 vm_set_lighting_us=35 vm_calc_lighting_calls=1 vm_calc_lighting_us=11461 vm_set_light_data_calls=1 vm_set_light_data_us=7302 vm_update_liquids_calls=1 vm_update_liquids_us=902
ACTION[Emerge-0]: GRUG_WP40_PROFILE_CALLBACK callback=86 minp=1808,48,2528 maxp=1887,127,2607 blockseed=872428577 plan_us=89082 writer_us=66902 total_us=155984 columns=6400 candidate_cells=49 candidates=227 r5_runs=6400 result=noop_equal_content vm_get_emerged_area_calls=1 vm_get_emerged_area_us=1 vm_get_data_calls=1 vm_get_data_us=4351 vm_get_param2_data_calls=1 vm_get_param2_data_us=4346 vm_get_light_data_calls=0 vm_get_light_data_us=0 vm_set_data_calls=0 vm_set_data_us=0 vm_set_param2_data_calls=0 vm_set_param2_data_us=0 vm_set_lighting_calls=0 vm_set_lighting_us=0 vm_calc_lighting_calls=0 vm_calc_lighting_us=0 vm_set_light_data_calls=0 vm_set_light_data_us=0 vm_update_liquids_calls=0 vm_update_liquids_us=0
ACTION[Emerge-0]: GRUG_WP40_PROFILE_CALLBACK callback=87 minp=1728,-32,2608 maxp=1807,47,2687 blockseed=2203731867 plan_us=363366 writer_us=340666 total_us=704032 columns=6400 candidate_cells=49 candidates=469 r5_runs=24710 result=applied_cplq vm_get_emerged_area_calls=1 vm_get_emerged_area_us=1 vm_get_data_calls=1 vm_get_data_us=4343 vm_get_param2_data_calls=1 vm_get_param2_data_us=4339 vm_get_light_data_calls=2 vm_get_light_data_us=8677 vm_set_data_calls=1 vm_set_data_us=7212 vm_set_param2_data_calls=1 vm_set_param2_data_us=7108 vm_set_lighting_calls=16 vm_set_lighting_us=85 vm_calc_lighting_calls=1 vm_calc_lighting_us=5700 vm_set_light_data_calls=1 vm_set_light_data_us=7023 vm_update_liquids_calls=1 vm_update_liquids_us=1025
ACTION[Emerge-0]: GRUG_WP40_PROFILE_CALLBACK callback=88 minp=1808,-32,2608 maxp=1887,47,2687 blockseed=2624435995 plan_us=265744 writer_us=322926 total_us=588670 columns=6400 candidate_cells=49 candidates=481 r5_runs=24714 result=applied_cplq vm_get_emerged_area_calls=1 vm_get_emerged_area_us=2 vm_get_data_calls=1 vm_get_data_us=4067 vm_get_param2_data_calls=1 vm_get_param2_data_us=4058 vm_get_light_data_calls=2 vm_get_light_data_us=8130 vm_set_data_calls=1 vm_set_data_us=7210 vm_set_param2_data_calls=1 vm_set_param2_data_us=7092 vm_set_lighting_calls=16 vm_set_lighting_us=125 vm_calc_lighting_calls=1 vm_calc_lighting_us=6162 vm_set_light_data_calls=1 vm_set_light_data_us=7024 vm_update_liquids_calls=1 vm_update_liquids_us=1036
ACTION[Emerge-0]: GRUG_WP40_PROFILE_CALLBACK callback=89 minp=1728,48,2608 maxp=1807,127,2687 blockseed=748242345 plan_us=134616 writer_us=75607 total_us=210223 columns=6400 candidate_cells=49 candidates=469 r5_runs=6400 result=noop_equal_content vm_get_emerged_area_calls=1 vm_get_emerged_area_us=1 vm_get_data_calls=1 vm_get_data_us=4064 vm_get_param2_data_calls=1 vm_get_param2_data_us=4058 vm_get_light_data_calls=0 vm_get_light_data_us=0 vm_set_data_calls=0 vm_set_data_us=0 vm_set_param2_data_calls=0 vm_set_param2_data_us=0 vm_set_lighting_calls=0 vm_set_lighting_us=0 vm_calc_lighting_calls=0 vm_calc_lighting_us=0 vm_set_light_data_calls=0 vm_set_light_data_us=0 vm_update_liquids_calls=0 vm_update_liquids_us=0
ACTION[Emerge-0]: GRUG_WP40_PROFILE_CALLBACK callback=90 minp=1808,48,2608 maxp=1887,127,2687 blockseed=2336779657 plan_us=118489 writer_us=73582 total_us=192071 columns=6400 candidate_cells=49 candidates=481 r5_runs=6400 result=noop_equal_content vm_get_emerged_area_calls=1 vm_get_emerged_area_us=1 vm_get_data_calls=1 vm_get_data_us=4063 vm_get_param2_data_calls=1 vm_get_param2_data_us=4055 vm_get_light_data_calls=0 vm_get_light_data_us=0 vm_set_data_calls=0 vm_set_data_us=0 vm_set_param2_data_calls=0 vm_set_param2_data_us=0 vm_set_lighting_calls=0 vm_set_lighting_us=0 vm_calc_lighting_calls=0 vm_calc_lighting_us=0 vm_set_light_data_calls=0 vm_set_light_data_us=0 vm_update_liquids_calls=0 vm_update_liquids_us=0
ACTION[Emerge-0]: [grug_core] start area ready: troll (6/6, 59.4 s)
ACTION[Emerge-0]: [grug_core] all 6 start areas ready after 59.4 s
ACTION[Emerge-0]: GRUG_WP40_PROFILE_PROBE phase=cold event=emerge case=owner_-112:-32:-2672 mapchunk=-112,-32,-2672 elapsed_us=15705327 generated=0 disk=0 memory=125 cancelled=0 errored=0
ACTION[Server]: [grug_mobs] start npcs kapok: grug_mobs:guard_throng placed at socket gate_west (1796,21,2505)
ACTION[Server]: [grug_mobs] start npcs kapok: grug_mobs:guard_throng placed at socket gate_east (1804,21,2505)
ACTION[Server]: [grug_mobs] start npcs kapok: grug_mobs:guard_throng placed at socket watch_gate (1800,21,2514)
ACTION[Server]: [grug_mobs] start npcs kapok: grug_traders:vendor_race_troll placed at socket clearing_vendor (1807,21,2546)
ACTION[Server]: [grug_mobs] start npcs kapok: grug_mobs:villager_troll placed at socket idle_lodge_door (1798,21,2567)
ACTION[Server]: [grug_mobs] start npcs kapok: grug_mobs:villager_troll placed at socket idle_terrace_settle (1788,21,2577)
ACTION[Server]: [grug_mobs] start npcs kapok: grug_mobs:villager_troll placed at socket idle_drying_shed (1783,21,2574)
ACTION[Server]: [grug_mobs] start npcs kapok: grug_mobs:villager_troll placed at socket idle_smoker (1813,21,2570)
ACTION[Server]: [grug_mobs] start npcs kapok: grug_mobs:villager_troll placed at socket work_jungle (1771,21,2563)
ACTION[Server]: [grug_mobs] start npcs kapok: grug_mobs:villager_troll placed at socket work_terrace (1784,21,2574)
ACTION[Server]: [grug_mobs] start npcs kapok: grug_mobs:elder_troll placed at socket hall_quest (1803,21,2567)
ACTION[Server]: [grug_mobs] start npcs kapok: grug_mobs:villager_troll placed at socket trainer_cooking (1802,21,2540)
ACTION[Server]: [grug_mobs] start npcs troll kapok: guards 3/3 flair 7/7 vendor 1/1 quest 1/1 royal 0/0 new 12 pending 0 spare 3 residents 6 walkers 1
ACTION[Emerge-0]: GRUG_WP40_PROFILE_PROBE phase=cold event=emerge case=owner_-112:-32:2448 mapchunk=-112,-32,2448 elapsed_us=456 generated=0 disk=0 memory=125 cancelled=0 errored=0
ACTION[Emerge-0]: GRUG_WP40_PROFILE_PROBE phase=cold event=emerge case=owner_-112:-32:2528 mapchunk=-112,-32,2528 elapsed_us=474 generated=0 disk=0 memory=125 cancelled=0 errored=0
ACTION[Emerge-0]: GRUG_WP40_PROFILE_PROBE phase=cold event=emerge case=owner_-112:-32:2608 mapchunk=-112,-32,2608 elapsed_us=423 generated=0 disk=0 memory=125 cancelled=0 errored=0
ACTION[Emerge-0]: GRUG_WP40_PROFILE_CALLBACK callback=91 minp=-1712,-112,-2592 maxp=-1633,-33,-2513 blockseed=1910607929 plan_us=656542 writer_us=279552 total_us=936094 columns=6400 candidate_cells=49 candidates=903 r5_runs=6400 result=applied_c vm_get_emerged_area_calls=1 vm_get_emerged_area_us=2 vm_get_data_calls=1 vm_get_data_us=4067 vm_get_param2_data_calls=1 vm_get_param2_data_us=4061 vm_get_light_data_calls=0 vm_get_light_data_us=0 vm_set_data_calls=1 vm_set_data_us=7219 vm_set_param2_data_calls=0 vm_set_param2_data_us=0 vm_set_lighting_calls=0 vm_set_lighting_us=0 vm_calc_lighting_calls=0 vm_calc_lighting_us=0 vm_set_light_data_calls=0 vm_set_light_data_us=0 vm_update_liquids_calls=0 vm_update_liquids_us=0
ACTION[Emerge-0]: GRUG_WP40_PROFILE_PROBE phase=cold event=emerge case=owner_-1712:-112:-2592 mapchunk=-1712,-112,-2592 elapsed_us=963715 generated=1 disk=0 memory=124 cancelled=0 errored=0
ACTION[Emerge-0]: GRUG_WP40_PROFILE_CALLBACK callback=92 minp=-1792,-112,-2592 maxp=-1713,-33,-2513 blockseed=1545260395 plan_us=385502 writer_us=75463 total_us=460965 columns=6400 candidate_cells=49 candidates=301 r5_runs=6400 result=applied_clq vm_get_emerged_area_calls=1 vm_get_emerged_area_us=2 vm_get_data_calls=1 vm_get_data_us=4066 vm_get_param2_data_calls=1 vm_get_param2_data_us=4063 vm_get_light_data_calls=2 vm_get_light_data_us=8208 vm_set_data_calls=1 vm_set_data_us=6942 vm_set_param2_data_calls=0 vm_set_param2_data_us=0 vm_set_lighting_calls=1 vm_set_lighting_us=23 vm_calc_lighting_calls=1 vm_calc_lighting_us=945 vm_set_light_data_calls=1 vm_set_light_data_us=6756 vm_update_liquids_calls=1 vm_update_liquids_us=1093
ACTION[Emerge-0]: GRUG_WP40_PROFILE_PROBE phase=cold event=emerge case=owner_-1792:-112:-2592 mapchunk=-1792,-112,-2592 elapsed_us=483507 generated=1 disk=0 memory=124 cancelled=0 errored=0
ACTION[Emerge-0]: GRUG_WP40_PROFILE_PROBE phase=cold event=emerge case=owner_-1792:-32:-2512 mapchunk=-1792,-32,-2512 elapsed_us=184 generated=0 disk=0 memory=125 cancelled=0 errored=0
ACTION[Emerge-0]: GRUG_WP40_PROFILE_PROBE phase=cold event=emerge case=owner_-1792:-32:-2592 mapchunk=-1792,-32,-2592 elapsed_us=9602 generated=0 disk=0 memory=125 cancelled=0 errored=0
ACTION[Emerge-0]: GRUG_WP40_PROFILE_PROBE phase=cold event=emerge case=owner_-1792:-32:-2672 mapchunk=-1792,-32,-2672 elapsed_us=193 generated=0 disk=0 memory=125 cancelled=0 errored=0
ACTION[Emerge-0]: GRUG_WP40_PROFILE_PROBE phase=cold event=emerge case=owner_-1792:48:2448 mapchunk=-1792,48,2448 elapsed_us=280 generated=0 disk=0 memory=125 cancelled=0 errored=0
ACTION[Emerge-0]: GRUG_WP40_PROFILE_PROBE phase=cold event=emerge case=owner_-1792:48:2528 mapchunk=-1792,48,2528 elapsed_us=231 generated=0 disk=0 memory=125 cancelled=0 errored=0
ACTION[Emerge-0]: GRUG_WP40_PROFILE_PROBE phase=cold event=emerge case=owner_-1792:48:2608 mapchunk=-1792,48,2608 elapsed_us=954 generated=0 disk=0 memory=125 cancelled=0 errored=0
ACTION[Emerge-0]: GRUG_WP40_PROFILE_PROBE phase=cold event=emerge case=owner_-1872:-32:-2512 mapchunk=-1872,-32,-2512 elapsed_us=218 generated=0 disk=0 memory=125 cancelled=0 errored=0
ACTION[Emerge-0]: GRUG_WP40_PROFILE_PROBE phase=cold event=emerge case=owner_-1872:-32:-2592 mapchunk=-1872,-32,-2592 elapsed_us=243 generated=0 disk=0 memory=125 cancelled=0 errored=0
ACTION[Emerge-0]: GRUG_WP40_PROFILE_PROBE phase=cold event=emerge case=owner_-1872:-32:-2672 mapchunk=-1872,-32,-2672 elapsed_us=244 generated=0 disk=0 memory=125 cancelled=0 errored=0
ACTION[Emerge-0]: GRUG_WP40_PROFILE_PROBE phase=cold event=emerge case=owner_-1872:48:2448 mapchunk=-1872,48,2448 elapsed_us=215 generated=0 disk=0 memory=125 cancelled=0 errored=0
ACTION[Emerge-0]: GRUG_WP40_PROFILE_PROBE phase=cold event=emerge case=owner_-1872:48:2528 mapchunk=-1872,48,2528 elapsed_us=230 generated=0 disk=0 memory=125 cancelled=0 errored=0
ACTION[Emerge-0]: GRUG_WP40_PROFILE_PROBE phase=cold event=emerge case=owner_-1872:48:2608 mapchunk=-1872,48,2608 elapsed_us=233 generated=0 disk=0 memory=125 cancelled=0 errored=0
ACTION[Emerge-0]: GRUG_WP40_PROFILE_PROBE phase=cold event=emerge case=owner_-32:-32:-2512 mapchunk=-32,-32,-2512 elapsed_us=226 generated=0 disk=0 memory=125 cancelled=0 errored=0
ACTION[Emerge-0]: GRUG_WP40_PROFILE_PROBE phase=cold event=emerge case=owner_-32:-32:-2592 mapchunk=-32,-32,-2592 elapsed_us=228 generated=0 disk=0 memory=125 cancelled=0 errored=0
ACTION[Emerge-0]: GRUG_WP40_PROFILE_PROBE phase=cold event=emerge case=owner_-32:-32:-2672 mapchunk=-32,-32,-2672 elapsed_us=233 generated=0 disk=0 memory=125 cancelled=0 errored=0
ACTION[Emerge-0]: GRUG_WP40_PROFILE_PROBE phase=cold event=emerge case=owner_-32:-32:2448 mapchunk=-32,-32,2448 elapsed_us=260 generated=0 disk=0 memory=125 cancelled=0 errored=0
ACTION[Emerge-0]: GRUG_WP40_PROFILE_PROBE phase=cold event=emerge case=owner_-32:-32:2528 mapchunk=-32,-32,2528 elapsed_us=220 generated=0 disk=0 memory=125 cancelled=0 errored=0
ACTION[Emerge-0]: GRUG_WP40_PROFILE_PROBE phase=cold event=emerge case=owner_-32:-32:2608 mapchunk=-32,-32,2608 elapsed_us=205 generated=0 disk=0 memory=125 cancelled=0 errored=0
ACTION[Emerge-0]: GRUG_WP40_PROFILE_PROBE phase=cold event=emerge case=owner_1728:-32:-2512 mapchunk=1728,-32,-2512 elapsed_us=243 generated=0 disk=0 memory=125 cancelled=0 errored=0
ACTION[Emerge-0]: GRUG_WP40_PROFILE_PROBE phase=cold event=emerge case=owner_1728:-32:-2592 mapchunk=1728,-32,-2592 elapsed_us=216 generated=0 disk=0 memory=125 cancelled=0 errored=0
ACTION[Emerge-0]: GRUG_WP40_PROFILE_PROBE phase=cold event=emerge case=owner_1728:-32:-2672 mapchunk=1728,-32,-2672 elapsed_us=260 generated=0 disk=0 memory=125 cancelled=0 errored=0
ACTION[Emerge-0]: GRUG_WP40_PROFILE_PROBE phase=cold event=emerge case=owner_1728:-32:2448 mapchunk=1728,-32,2448 elapsed_us=1025 generated=0 disk=0 memory=125 cancelled=0 errored=0
ACTION[Emerge-0]: GRUG_WP40_PROFILE_PROBE phase=cold event=emerge case=owner_1728:-32:2528 mapchunk=1728,-32,2528 elapsed_us=230 generated=0 disk=0 memory=125 cancelled=0 errored=0
ACTION[Emerge-0]: GRUG_WP40_PROFILE_PROBE phase=cold event=emerge case=owner_1728:-32:2608 mapchunk=1728,-32,2608 elapsed_us=249 generated=0 disk=0 memory=125 cancelled=0 errored=0
ACTION[Emerge-0]: GRUG_WP40_PROFILE_PROBE phase=cold event=emerge case=owner_1808:-32:-2512 mapchunk=1808,-32,-2512 elapsed_us=220 generated=0 disk=0 memory=125 cancelled=0 errored=0
ACTION[Emerge-0]: GRUG_WP40_PROFILE_PROBE phase=cold event=emerge case=owner_1808:-32:-2592 mapchunk=1808,-32,-2592 elapsed_us=249 generated=0 disk=0 memory=125 cancelled=0 errored=0
ACTION[Emerge-0]: GRUG_WP40_PROFILE_PROBE phase=cold event=emerge case=owner_1808:-32:-2672 mapchunk=1808,-32,-2672 elapsed_us=248 generated=0 disk=0 memory=125 cancelled=0 errored=0
ACTION[Emerge-0]: GRUG_WP40_PROFILE_PROBE phase=cold event=emerge case=owner_1808:-32:2448 mapchunk=1808,-32,2448 elapsed_us=235 generated=0 disk=0 memory=125 cancelled=0 errored=0
ACTION[Emerge-0]: GRUG_WP40_PROFILE_PROBE phase=cold event=emerge case=owner_1808:-32:2528 mapchunk=1808,-32,2528 elapsed_us=220 generated=0 disk=0 memory=125 cancelled=0 errored=0
ACTION[Emerge-0]: GRUG_WP40_PROFILE_PROBE phase=cold event=emerge case=owner_1808:-32:2608 mapchunk=1808,-32,2608 elapsed_us=220 generated=0 disk=0 memory=125 cancelled=0 errored=0
ACTION[Emerge-0]: GRUG_WP40_PROFILE_PROBE phase=cold event=emerge case=owner_48:-32:-2512 mapchunk=48,-32,-2512 elapsed_us=244 generated=0 disk=0 memory=125 cancelled=0 errored=0
ACTION[Emerge-0]: GRUG_WP40_PROFILE_PROBE phase=cold event=emerge case=owner_48:-32:-2592 mapchunk=48,-32,-2592 elapsed_us=247 generated=0 disk=0 memory=125 cancelled=0 errored=0
ACTION[Emerge-0]: GRUG_WP40_PROFILE_PROBE phase=cold event=emerge case=owner_48:-32:-2672 mapchunk=48,-32,-2672 elapsed_us=220 generated=0 disk=0 memory=125 cancelled=0 errored=0
ACTION[Emerge-0]: GRUG_WP40_PROFILE_PROBE phase=cold event=emerge case=owner_48:-32:2448 mapchunk=48,-32,2448 elapsed_us=259 generated=0 disk=0 memory=125 cancelled=0 errored=0
ACTION[Emerge-0]: GRUG_WP40_PROFILE_PROBE phase=cold event=emerge case=owner_48:-32:2528 mapchunk=48,-32,2528 elapsed_us=261 generated=0 disk=0 memory=125 cancelled=0 errored=0
ACTION[Emerge-0]: GRUG_WP40_PROFILE_PROBE phase=cold event=emerge case=owner_48:-32:2608 mapchunk=48,-32,2608 elapsed_us=219 generated=0 disk=0 memory=125 cancelled=0 errored=0
ACTION[Server]: GRUG_WP40_PROFILE_PROBE phase=cold event=complete requested=44 completed=44 callbacks=92 generated=3 disk=0 memory=5497 cancelled=0 errored=0 samples=1628 expected_nodes=0 digest=c49c5223a9a97deccb2652c74c8db9de8a949be66bf811d545724dee30fd84a0 full_digest=disabled full_vocabulary_digest=- full_voxels=0 full_owners=0 measured_elapsed_us=63132897 diagnostic_us=1381
ACTION[Main]: Server: Shutting down
ACTION[Main]: GRUG_WP13_ENGINE phase=cold starts=6 owners=44 edit_canary=placed digest_excluded_cells=1 filler_boundary=false hearthpine_cells=61932 hearthpine_torches=74 hearthpine_soil=2 hearthpine_apron=38/588 hearthpine_ring=155/1888 hearthpine_wild=0/0 hearthpine_anchor=-1800,25,-2550 hearthpine_digest=03311c95b8463c422371e78afabcba743ed70d4f56a013c16a362938ac00693c dawnmere_cells=66361 dawnmere_torches=98 dawnmere_soil=2 dawnmere_apron=130/637 dawnmere_ring=1006/3999 dawnmere_wild=0/0 dawnmere_anchor=0,17,-2550 dawnmere_digest=93e71a77d0a33fadada7a3d2a6689752b95eb15f6ad5d34ac051f95262edbdd1 silverleaf_cells=71495 silverleaf_torches=113 silverleaf_soil=3 silverleaf_apron=24/588 silverleaf_ring=95/1888 silverleaf_wild=0/0 silverleaf_anchor=1800,21,-2550 silverleaf_digest=a81a370a26a293f676a78f35b9e1f18dd9487320d8de9849b1151b86eb763a4c stillgrave_cells=51641 stillgrave_torches=78 stillgrave_soil=3 stillgrave_apron=10/588 stillgrave_ring=33/1676 stillgrave_wild=1/212 stillgrave_anchor=-1800,54,2550 stillgrave_digest=13f3cff1f580eb6d79146ee0233e0f46ff0227ba37b0f2a001fd0a16625d2ca1 sunscar_cells=57227 sunscar_torches=112 sunscar_soil=3 sunscar_apron=134/637 sunscar_ring=849/3679 sunscar_wild=80/320 sunscar_anchor=0,27,2550 sunscar_digest=de46c91105d3612598cc415e79a8fd44e45dc8f299971a331fd090d42e1da3c0 kapok_cells=72535 kapok_torches=87 kapok_soil=3 kapok_apron=21/588 kapok_ring=99/1676 kapok_wild=9/212 kapok_anchor=1800,20,2550 kapok_digest=e11c30ec9e88b7ce16f8942cd12f4bb5449fc489bf96c48004f5405790f8fd01 digest=27ab0ba785073e61c6a8f83249f5da08e675cdb1066dbe983347063acddcc96f
