# Lethariel district plot market_granary as built, anchor-relative
# anchor 1800,41,-1500
-87	-9	61	default:stone	0
-86	-9	61	default:gravel	0
-85	-9	61	default:gravel	0
-84	-9	61	default:gravel	0
-83	-9	61	default:gravel	0
-82	-9	61	default:gravel	0
-81	-9	61	default:stone	0
-80	-9	61	default:stone	0
-79	-9	61	default:stone	0
-78	-9	61	default:stone	0
-77	-9	61	default:stone	0
-76	-9	61	default:stone	0
-75	-9	61	default:stone	0
-74	-9	61	default:stone	0
-73	-9	61	default:stone	0
-72	-9	61	default:stone	0
-71	-9	61	default:stone	0
-70	-9	61	default:stone	0
-69	-9	61	default:stone	0
-68	-9	61	default:stone	0
-67	-9	61	default:stone	0
-66	-9	61	default:stone	0
-65	-9	61	default:stone	0
-64	-9	61	default:stone	0
-63	-9	61	default:stone	0
-62	-9	61	default:stone	0
-61	-9	61	default:stone	0
-60	-9	61	default:stone	0
-59	-9	61	default:stone	0
-58	-9	61	default:stone	0
-57	-9	61	default:stone	0
-87	-8	61	default:stone	0
-86	-8	61	default:gravel	0
-85	-8	61	default:gravel	0
-84	-8	61	default:gravel	0
-83	-8	61	default:gravel	0
-82	-8	61	default:gravel	0
-81	-8	61	default:stone	0
-80	-8	61	default:stone	0
-79	-8	61	default:stone	0
-78	-8	61	default:stone	0
-77	-8	61	default:stone	0
-76	-8	61	default:stone	0
-75	-8	61	default:stone	0
-74	-8	61	default:stone	0
-73	-8	61	default:stone	0
-72	-8	61	default:stone	0
-71	-8	61	default:stone	0
-70	-8	61	default:stone	0
-69	-8	61	default:stone	0
-68	-8	61	default:stone	0
-67	-8	61	default:stone	0
-66	-8	61	default:stone	0
-65	-8	61	default:stone	0
-64	-8	61	default:stone	0
-63	-8	61	default:stone	0
-62	-8	61	default:stone	0
-61	-8	61	default:stone	0
-60	-8	61	default:stone	0
-59	-8	61	default:stone	0
-58	-8	61	default:stone	0
-57	-8	61	default:stone	0
-87	-7	61	default:stone	0
-86	-7	61	default:stone	0
-85	-7	61	default:stone	0
-84	-7	61	default:gravel	0
-83	-7	61	default:gravel	0
-82	-7	61	default:stone	0
-81	-7	61	default:stone	0
-80	-7	61	default:stone	0
-79	-7	61	default:stone	0
-78	-7	61	default:stone	0
-77	-7	61	default:stone	0
-76	-7	61	default:stone	0
-75	-7	61	default:stone	0
-74	-7	61	default:stone	0
-73	-7	61	default:stone	0
-72	-7	61	default:stone	0
-71	-7	61	default:stone	0
-70	-7	61	default:stone	0
-69	-7	61	default:stone	0
-68	-7	61	default:stone	0
-67	-7	61	default:stone	0
-66	-7	61	default:stone	0
-65	-7	61	default:stone	0
-64	-7	61	default:stone	0
-63	-7	61	default:stone	0
-62	-7	61	default:stone	0
-61	-7	61	default:stone	0
-60	-7	61	default:stone	0
-59	-7	61	default:stone	0
-58	-7	61	default:stone	0
-57	-7	61	default:stone	0
-87	-6	61	default:stone	0
-86	-6	61	default:stone	0
-85	-6	61	default:stone	0
-84	-6	61	default:stone	0
-83	-6	61	default:stone	0
-82	-6	61	default:stone	0
-81	-6	61	default:stone	0
-80	-6	61	default:stone	0
-79	-6	61	default:stone	0
-78	-6	61	default:stone	0
-77	-6	61	default:stone	0
-76	-6	61	default:stone	0
-75	-6	61	default:stone	0
-74	-6	61	default:stone	0
-73	-6	61	default:stone	0
-72	-6	61	default:stone	0
-71	-6	61	default:stone	0
-70	-6	61	default:stone	0
-69	-6	61	default:stone	0
-68	-6	61	default:stone	0
-67	-6	61	default:stone	0
-66	-6	61	default:stone	0
-65	-6	61	default:stone	0
-64	-6	61	default:stone	0
-63	-6	61	default:stone	0
-62	-6	61	default:stone	0
-61	-6	61	default:stone	0
-60	-6	61	default:stone	0
-59	-6	61	default:stone	0
-58	-6	61	default:stone	0
-57	-6	61	default:stone	0
-87	-5	61	default:stone	0
-86	-5	61	default:stone	0
-85	-5	61	default:stone	0
-84	-5	61	default:stone	0
-83	-5	61	default:stone	0
-82	-5	61	default:stone	0
-81	-5	61	default:stone	0
-80	-5	61	default:stone	0
-79	-5	61	default:stone	0
-78	-5	61	default:stone	0
-77	-5	61	default:stone	0
-76	-5	61	default:stone	0
-75	-5	61	default:stone	0
-74	-5	61	default:stone	0
-73	-5	61	default:stone	0
-72	-5	61	default:stone	0
-71	-5	61	default:stone	0
-70	-5	61	default:stone	0
-69	-5	61	default:stone	0
-68	-5	61	default:stone	0
-67	-5	61	default:stone	0
-66	-5	61	default:stone	0
-65	-5	61	default:stone	0
-64	-5	61	default:stone	0
-63	-5	61	default:stone	0
-62	-5	61	default:stone	0
-61	-5	61	default:stone	0
-60	-5	61	default:stone	0
-59	-5	61	default:stone	0
-58	-5	61	default:stone	0
-57	-5	61	default:stone	0
-87	-4	61	default:stone	0
-86	-4	61	default:stone	0
-85	-4	61	default:stone	0
-84	-4	61	default:stone	0
-83	-4	61	default:stone	0
-82	-4	61	default:stone	0
-81	-4	61	default:stone	0
-80	-4	61	default:stone	0
-79	-4	61	default:stone	0
-78	-4	61	default:stone	0
-77	-4	61	default:stone	0
-76	-4	61	default:stone	0
-75	-4	61	default:stone	0
-74	-4	61	default:stone	0
-73	-4	61	default:stone	0
-72	-4	61	default:stone	0
-71	-4	61	default:stone	0
-70	-4	61	default:stone	0
-69	-4	61	default:stone	0
-68	-4	61	default:stone	0
-67	-4	61	default:stone	0
-66	-4	61	default:stone	0
-65	-4	61	default:stone	0
-64	-4	61	default:stone	0
-63	-4	61	default:stone	0
-62	-4	61	default:stone	0
-61	-4	61	default:stone	0
-60	-4	61	default:stone	0
-59	-4	61	default:stone	0
-58	-4	61	default:stone	0
-57	-4	61	default:stone	0
-87	-3	61	default:dirt	0
-86	-3	61	default:dirt	0
-85	-3	61	default:dirt	0
-84	-3	61	default:dirt	0
-83	-3	61	default:gravel	0
-82	-3	61	default:gravel	0
-81	-3	61	default:stone	0
-80	-3	61	default:stone	0
-79	-3	61	default:stone	0
-78	-3	61	default:stone	0
-77	-3	61	default:stone	0
-76	-3	61	default:stone	0
-75	-3	61	default:stone	0
-74	-3	61	default:stone	0
-73	-3	61	default:stone	0
-72	-3	61	default:stone	0
-71	-3	61	default:stone	0
-70	-3	61	default:stone	0
-69	-3	61	default:stone	0
-68	-3	61	default:stone	0
-67	-3	61	default:stone	0
-66	-3	61	default:stone	0
-65	-3	61	default:stone	0
-64	-3	61	default:stone	0
-63	-3	61	default:stone	0
-62	-3	61	default:stone	0
-61	-3	61	default:stone	0
-60	-3	61	default:stone	0
-59	-3	61	default:stone	0
-58	-3	61	default:stone	0
-57	-3	61	default:stone	0
-87	-2	61	default:dirt_with_grass	0
-86	-2	61	default:dirt_with_grass	0
-85	-2	61	default:dirt_with_grass	0
-84	-2	61	default:dirt_with_grass	0
-83	-2	61	default:dirt	0
-82	-2	61	default:dirt	0
-81	-2	61	default:dirt	0
-80	-2	61	default:stone	0
-79	-2	61	default:stone	0
-78	-2	61	default:stone	0
-77	-2	61	default:stone	0
-76	-2	61	default:stone	0
-75	-2	61	default:stone	0
-74	-2	61	default:stone	0
-73	-2	61	default:stone	0
-72	-2	61	default:stone	0
-71	-2	61	default:stone	0
-70	-2	61	default:stone	0
-69	-2	61	default:stone	0
-68	-2	61	default:stone	0
-67	-2	61	default:stone	0
-66	-2	61	default:stone	0
-65	-2	61	default:stone	0
-64	-2	61	default:stone	0
-63	-2	61	default:stone	0
-62	-2	61	default:stone	0
-61	-2	61	default:stone	0
-60	-2	61	default:stone	0
-59	-2	61	default:stone	0
-58	-2	61	default:stone	0
-57	-2	61	default:stone	0
-83	-1	61	default:dirt_with_grass	0
-82	-1	61	default:dirt_with_grass	0
-81	-1	61	default:dirt_with_grass	0
-80	-1	61	default:dirt	0
-79	-1	61	default:dirt	0
-78	-1	61	default:dirt	0
-77	-1	61	default:dirt	0
-76	-1	61	default:dirt	0
-75	-1	61	default:dirt	0
-74	-1	61	default:dirt	0
-73	-1	61	default:dirt	0
-72	-1	61	default:dirt	0
-71	-1	61	default:dirt	0
-70	-1	61	default:dirt	0
-69	-1	61	default:dirt	0
-68	-1	61	default:dirt	0
-67	-1	61	default:dirt	0
-66	-1	61	default:dirt	0
-65	-1	61	default:dirt	0
-64	-1	61	default:dirt	0
-63	-1	61	default:dirt	0
-62	-1	61	default:dirt	0
-61	-1	61	default:dirt	0
-60	-1	61	default:dirt	0
-59	-1	61	default:dirt	0
-58	-1	61	default:dirt	0
-57	-1	61	default:dirt	0
-80	0	61	grug_nodes:dirt_with_forest_litter	0
-79	0	61	grug_nodes:dirt_with_forest_litter	0
-78	0	61	grug_nodes:dirt_with_forest_litter	0
-77	0	61	grug_nodes:dirt_with_forest_litter	0
-76	0	61	grug_nodes:dirt_with_forest_litter	0
-75	0	61	grug_nodes:dirt_with_forest_litter	0
-74	0	61	grug_nodes:dirt_with_forest_litter	0
-73	0	61	grug_nodes:dirt_with_forest_litter	0
-72	0	61	grug_nodes:dirt_with_forest_litter	0
-71	0	61	grug_nodes:dirt_with_forest_litter	0
-70	0	61	grug_nodes:dirt_with_forest_litter	0
-69	0	61	grug_nodes:dirt_with_forest_litter	0
-68	0	61	grug_nodes:dirt_with_forest_litter	0
-67	0	61	grug_nodes:dirt_with_forest_litter	0
-66	0	61	grug_nodes:dirt_with_forest_litter	0
-65	0	61	grug_nodes:dirt_with_forest_litter	0
-64	0	61	grug_nodes:dirt_with_forest_litter	0
-63	0	61	grug_nodes:dirt_with_forest_litter	0
-62	0	61	grug_nodes:dirt_with_forest_litter	0
-61	0	61	grug_nodes:dirt_with_forest_litter	0
-60	0	61	grug_nodes:dirt_with_forest_litter	0
-59	0	61	grug_nodes:dirt_with_forest_litter	0
-58	0	61	grug_nodes:dirt_with_forest_litter	0
-57	0	61	grug_nodes:dirt_with_forest_litter	0
-87	-9	62	default:stone	0
-86	-9	62	default:stone	0
-85	-9	62	default:gravel	0
-84	-9	62	default:gravel	0
-83	-9	62	default:gravel	0
-82	-9	62	default:stone	0
-81	-9	62	default:stone	0
-80	-9	62	default:stone	0
-79	-9	62	default:stone	0
-78	-9	62	default:stone	0
-77	-9	62	default:stone	0
-76	-9	62	default:stone	0
-75	-9	62	default:stone	0
-74	-9	62	default:stone	0
-73	-9	62	default:stone	0
-72	-9	62	default:stone	0
-71	-9	62	default:stone	0
-70	-9	62	default:stone	0
-69	-9	62	default:stone	0
-68	-9	62	default:stone	0
-67	-9	62	default:stone	0
-66	-9	62	default:stone	0
-65	-9	62	default:stone	0
-64	-9	62	default:stone	0
-63	-9	62	default:stone	0
-62	-9	62	default:stone	0
-61	-9	62	default:stone	0
-60	-9	62	default:stone	0
-59	-9	62	default:stone	0
-58	-9	62	default:stone	0
-57	-9	62	default:stone	0
-87	-8	62	default:stone	0
-86	-8	62	default:stone	0
-85	-8	62	default:stone	0
-84	-8	62	default:gravel	0
-83	-8	62	default:gravel	0
-82	-8	62	default:stone	0
-81	-8	62	default:stone	0
-80	-8	62	default:stone	0
-79	-8	62	default:stone	0
-78	-8	62	default:stone	0
-77	-8	62	default:stone	0
-76	-8	62	default:stone	0
-75	-8	62	default:stone	0
-74	-8	62	default:stone	0
-73	-8	62	default:stone	0
-72	-8	62	default:stone	0
-71	-8	62	default:stone	0
-70	-8	62	default:stone	0
-69	-8	62	default:stone	0
-68	-8	62	default:stone	0
-67	-8	62	default:stone	0
-66	-8	62	default:stone	0
-65	-8	62	default:stone	0
-64	-8	62	default:stone	0
-63	-8	62	default:stone	0
-62	-8	62	default:stone	0
-61	-8	62	default:stone	0
-60	-8	62	default:stone	0
-59	-8	62	default:stone	0
-58	-8	62	default:stone	0
-57	-8	62	default:stone	0
-87	-7	62	default:stone	0
-86	-7	62	default:stone	0
-85	-7	62	default:stone	0
-84	-7	62	default:stone	0
-83	-7	62	default:stone	0
-82	-7	62	default:stone	0
-81	-7	62	default:stone	0
-80	-7	62	default:stone	0
-79	-7	62	default:stone	0
-78	-7	62	default:stone	0
-77	-7	62	default:stone	0
-76	-7	62	default:stone	0
-75	-7	62	default:stone	0
-74	-7	62	default:stone	0
-73	-7	62	default:stone	0
-72	-7	62	default:stone	0
-71	-7	62	default:stone	0
-70	-7	62	default:stone	0
-69	-7	62	default:stone	0
-68	-7	62	default:stone	0
-67	-7	62	default:stone	0
-66	-7	62	default:stone	0
-65	-7	62	default:stone	0
-64	-7	62	default:stone	0
-63	-7	62	default:stone	0
-62	-7	62	default:stone	0
-61	-7	62	default:stone	0
-60	-7	62	default:stone	0
-59	-7	62	default:stone	0
-58	-7	62	default:stone	0
-57	-7	62	default:stone	0
-87	-6	62	default:stone	0
-86	-6	62	default:stone	0
-85	-6	62	default:stone	0
-84	-6	62	default:stone	0
-83	-6	62	default:stone	0
-82	-6	62	default:stone	0
-81	-6	62	default:stone	0
-80	-6	62	default:stone	0
-79	-6	62	default:stone	0
-78	-6	62	default:stone	0
-77	-6	62	default:stone	0
-76	-6	62	default:stone	0
-75	-6	62	default:stone	0
-74	-6	62	default:stone	0
-73	-6	62	default:stone	0
-72	-6	62	default:stone	0
-71	-6	62	default:stone	0
-70	-6	62	default:stone	0
-69	-6	62	default:stone	0
-68	-6	62	default:stone	0
-67	-6	62	default:stone	0
-66	-6	62	default:stone	0
-65	-6	62	default:stone	0
-64	-6	62	default:stone	0
-63	-6	62	default:stone	0
-62	-6	62	default:stone	0
-61	-6	62	default:stone	0
-60	-6	62	default:stone	0
-59	-6	62	default:stone	0
-58	-6	62	default:stone	0
-57	-6	62	default:stone	0
-87	-5	62	default:stone	0
-86	-5	62	default:stone	0
-85	-5	62	default:stone	0
-84	-5	62	default:stone	0
-83	-5	62	default:stone	0
-82	-5	62	default:stone	0
-81	-5	62	default:stone	0
-80	-5	62	default:stone	0
-79	-5	62	default:stone	0
-78	-5	62	default:stone	0
-77	-5	62	default:stone	0
-76	-5	62	default:stone	0
-75	-5	62	default:stone	0
-74	-5	62	default:stone	0
-73	-5	62	default:stone	0
-72	-5	62	default:stone	0
-71	-5	62	default:stone	0
-70	-5	62	default:stone	0
-69	-5	62	default:stone	0
-68	-5	62	default:stone	0
-67	-5	62	default:stone	0
-66	-5	62	default:stone	0
-65	-5	62	default:stone	0
-64	-5	62	default:stone	0
-63	-5	62	default:stone	0
-62	-5	62	default:stone	0
-61	-5	62	default:stone	0
-60	-5	62	default:stone	0
-59	-5	62	default:stone	0
-58	-5	62	default:stone	0
-57	-5	62	default:stone	0
-87	-4	62	default:stone	0
-86	-4	62	default:stone	0
-85	-4	62	default:stone	0
-84	-4	62	default:stone	0
-83	-4	62	default:stone	0
-82	-4	62	default:stone	0
-81	-4	62	default:stone	0
-80	-4	62	default:stone	0
-79	-4	62	default:stone	0
-78	-4	62	default:stone	0
-77	-4	62	default:stone	0
-76	-4	62	default:stone	0
-75	-4	62	default:stone	0
-74	-4	62	default:stone	0
-73	-4	62	default:stone	0
-72	-4	62	default:stone	0
-71	-4	62	default:stone	0
-70	-4	62	default:stone	0
-69	-4	62	default:stone	0
-68	-4	62	default:stone	0
-67	-4	62	default:stone	0
-66	-4	62	default:stone	0
-65	-4	62	default:stone	0
-64	-4	62	default:stone	0
-63	-4	62	default:stone	0
-62	-4	62	default:stone	0
-61	-4	62	default:stone	0
-60	-4	62	default:stone	0
-59	-4	62	default:stone	0
-58	-4	62	default:stone	0
-57	-4	62	default:stone	0
-87	-3	62	default:dirt	0
-86	-3	62	default:dirt	0
-85	-3	62	default:dirt	0
-84	-3	62	default:dirt	0
-83	-3	62	default:dirt	0
-82	-3	62	default:dirt	0
-81	-3	62	default:stone	0
-80	-3	62	default:stone	0
-79	-3	62	default:stone	0
-78	-3	62	default:stone	0
-77	-3	62	default:stone	0
-76	-3	62	default:stone	0
-75	-3	62	default:stone	0
-74	-3	62	default:stone	0
-73	-3	62	default:stone	0
-72	-3	62	default:stone	0
-71	-3	62	default:stone	0
-70	-3	62	default:stone	0
-69	-3	62	default:stone	0
-68	-3	62	default:stone	0
-67	-3	62	default:stone	0
-66	-3	62	default:stone	0
-65	-3	62	default:stone	0
-64	-3	62	default:stone	0
-63	-3	62	default:stone	0
-62	-3	62	default:stone	0
-61	-3	62	default:stone	0
-60	-3	62	default:stone	0
-59	-3	62	default:stone	0
-58	-3	62	default:stone	0
-57	-3	62	default:stone	0
-87	-2	62	default:dirt_with_grass	0
-86	-2	62	default:dirt_with_grass	0
-85	-2	62	default:dirt_with_grass	0
-84	-2	62	default:dirt_with_grass	0
-83	-2	62	default:dirt_with_grass	0
-82	-2	62	default:dirt_with_grass	0
-81	-2	62	default:dirt	0
-80	-2	62	default:stone	0
-79	-2	62	default:stone	0
-78	-2	62	default:stone	0
-77	-2	62	default:stone	0
-76	-2	62	default:stone	0
-75	-2	62	default:stone	0
-74	-2	62	default:stone	0
-73	-2	62	default:stone	0
-72	-2	62	default:stone	0
-71	-2	62	default:stone	0
-70	-2	62	default:stone	0
-69	-2	62	default:stone	0
-68	-2	62	default:stone	0
-67	-2	62	default:stone	0
-66	-2	62	default:stone	0
-65	-2	62	default:stone	0
-64	-2	62	default:stone	0
-63	-2	62	default:stone	0
-62	-2	62	default:stone	0
-61	-2	62	default:stone	0
-60	-2	62	default:stone	0
-59	-2	62	default:stone	0
-58	-2	62	default:stone	0
-57	-2	62	default:stone	0
-81	-1	62	default:dirt_with_grass	0
-80	-1	62	default:dirt	0
-79	-1	62	default:dirt	0
-78	-1	62	default:dirt	0
-77	-1	62	default:dirt	0
-76	-1	62	default:dirt	0
-75	-1	62	default:dirt	0
-74	-1	62	default:dirt	0
-73	-1	62	default:dirt	0
-72	-1	62	default:dirt	0
-71	-1	62	default:dirt	0
-70	-1	62	default:dirt	0
-69	-1	62	default:dirt	0
-68	-1	62	default:dirt	0
-67	-1	62	default:dirt	0
-66	-1	62	default:dirt	0
-65	-1	62	default:dirt	0
-64	-1	62	default:dirt	0
-63	-1	62	default:dirt	0
-62	-1	62	default:dirt	0
-61	-1	62	default:dirt	0
-60	-1	62	default:dirt	0
-59	-1	62	default:dirt	0
-58	-1	62	default:dirt	0
-57	-1	62	default:dirt	0
-80	0	62	default:dirt_with_grass	0
-79	0	62	grug_nodes:dirt_with_forest_litter	0
-78	0	62	grug_nodes:dirt_with_forest_litter	0
-77	0	62	grug_nodes:dirt_with_forest_litter	0
-76	0	62	grug_nodes:dirt_with_forest_litter	0
-75	0	62	grug_nodes:dirt_with_forest_litter	0
-74	0	62	grug_nodes:dirt_with_forest_litter	0
-73	0	62	grug_nodes:dirt_with_forest_litter	0
-72	0	62	grug_nodes:dirt_with_forest_litter	0
-71	0	62	grug_nodes:dirt_with_forest_litter	0
-70	0	62	grug_nodes:dirt_with_forest_litter	0
-69	0	62	grug_nodes:dirt_with_forest_litter	0
-68	0	62	grug_nodes:dirt_with_forest_litter	0
-67	0	62	grug_nodes:dirt_with_forest_litter	0
-66	0	62	grug_nodes:dirt_with_forest_litter	0
-65	0	62	grug_nodes:dirt_with_forest_litter	0
-64	0	62	grug_nodes:dirt_with_forest_litter	0
-63	0	62	grug_nodes:dirt_with_forest_litter	0
-62	0	62	grug_nodes:dirt_with_forest_litter	0
-61	0	62	grug_nodes:dirt_with_forest_litter	0
-60	0	62	grug_nodes:dirt_with_forest_litter	0
-59	0	62	grug_nodes:dirt_with_forest_litter	0
-58	0	62	grug_nodes:dirt_with_forest_litter	0
-57	0	62	grug_nodes:dirt_with_forest_litter	0
-87	-9	63	default:stone	0
-86	-9	63	default:stone	0
-85	-9	63	default:stone	0
-84	-9	63	default:stone	0
-83	-9	63	default:stone	0
-82	-9	63	default:stone	0
-81	-9	63	default:stone	0
-80	-9	63	default:stone	0
-79	-9	63	default:stone	0
-78	-9	63	default:stone	0
-77	-9	63	default:stone	0
-76	-9	63	default:stone	0
-75	-9	63	default:stone	0
-74	-9	63	default:stone	0
-73	-9	63	default:stone	0
-72	-9	63	default:stone	0
-71	-9	63	default:stone	0
-70	-9	63	default:stone	0
-69	-9	63	default:stone	0
-68	-9	63	default:stone	0
-67	-9	63	default:stone	0
-66	-9	63	default:stone	0
-65	-9	63	default:stone	0
-64	-9	63	default:stone	0
-63	-9	63	default:stone	0
-62	-9	63	default:stone	0
-61	-9	63	default:stone	0
-60	-9	63	default:stone	0
-59	-9	63	default:stone	0
-58	-9	63	default:stone	0
-57	-9	63	default:stone	0
-87	-8	63	default:stone	0
-86	-8	63	default:stone	0
-85	-8	63	default:stone	0
-84	-8	63	default:stone	0
-83	-8	63	default:stone	0
-82	-8	63	default:stone	0
-81	-8	63	default:stone	0
-80	-8	63	default:stone	0
-79	-8	63	default:stone	0
-78	-8	63	default:stone	0
-77	-8	63	default:stone	0
-76	-8	63	default:stone	0
-75	-8	63	default:stone	0
-74	-8	63	default:stone	0
-73	-8	63	default:stone	0
-72	-8	63	default:stone	0
-71	-8	63	default:stone	0
-70	-8	63	default:stone	0
-69	-8	63	default:stone	0
-68	-8	63	default:stone	0
-67	-8	63	default:stone	0
-66	-8	63	default:stone	0
-65	-8	63	default:stone	0
-64	-8	63	default:stone	0
-63	-8	63	default:stone	0
-62	-8	63	default:stone	0
-61	-8	63	default:stone	0
-60	-8	63	default:stone	0
-59	-8	63	default:stone	0
-58	-8	63	default:stone	0
-57	-8	63	default:stone	0
-87	-7	63	default:stone	0
-86	-7	63	default:stone	0
-85	-7	63	default:stone	0
-84	-7	63	default:stone	0
-83	-7	63	default:stone	0
-82	-7	63	default:stone	0
-81	-7	63	default:stone	0
-80	-7	63	default:stone	0
-79	-7	63	default:stone	0
-78	-7	63	default:stone	0
-77	-7	63	default:stone	0
-76	-7	63	default:stone	0
-75	-7	63	default:stone	0
-74	-7	63	default:stone	0
-73	-7	63	default:stone	0
-72	-7	63	default:stone	0
-71	-7	63	default:stone	0
-70	-7	63	default:stone	0
-69	-7	63	default:stone	0
-68	-7	63	default:stone	0
-67	-7	63	default:stone	0
-66	-7	63	default:stone	0
-65	-7	63	default:stone	0
-64	-7	63	default:stone	0
-63	-7	63	default:stone	0
-62	-7	63	default:stone	0
-61	-7	63	default:stone	0
-60	-7	63	default:stone	0
-59	-7	63	default:stone	0
-58	-7	63	default:stone	0
-57	-7	63	default:stone	0
-87	-6	63	default:stone	0
-86	-6	63	default:stone	0
-85	-6	63	default:stone	0
-84	-6	63	default:stone	0
-83	-6	63	default:stone	0
-82	-6	63	default:stone	0
-81	-6	63	default:stone	0
-80	-6	63	default:stone	0
-79	-6	63	default:stone	0
-78	-6	63	default:stone	0
-77	-6	63	default:stone	0
-76	-6	63	default:stone	0
-75	-6	63	default:stone	0
-74	-6	63	default:stone	0
-73	-6	63	default:stone	0
-72	-6	63	default:stone	0
-71	-6	63	default:stone	0
-70	-6	63	default:stone	0
-69	-6	63	default:stone	0
-68	-6	63	default:stone	0
-67	-6	63	default:stone	0
-66	-6	63	default:stone	0
-65	-6	63	default:stone	0
-64	-6	63	default:stone	0
-63	-6	63	default:stone	0
-62	-6	63	default:stone	0
-61	-6	63	default:stone	0
-60	-6	63	default:stone	0
-59	-6	63	default:stone	0
-58	-6	63	default:stone	0
-57	-6	63	default:stone	0
-87	-5	63	default:stone	0
-86	-5	63	default:stone	0
-85	-5	63	default:stone	0
-84	-5	63	default:stone	0
-83	-5	63	default:stone	0
-82	-5	63	default:stone	0
-81	-5	63	default:stone	0
-80	-5	63	default:stone	0
-79	-5	63	default:stone	0
-78	-5	63	default:stone	0
-77	-5	63	default:stone	0
-76	-5	63	default:stone	0
-75	-5	63	default:stone	0
-74	-5	63	default:stone	0
-73	-5	63	default:stone	0
-72	-5	63	default:stone	0
-71	-5	63	default:stone	0
-70	-5	63	default:stone	0
-69	-5	63	default:stone	0
-68	-5	63	default:stone	0
-67	-5	63	default:stone	0
-66	-5	63	default:stone	0
-65	-5	63	default:stone	0
-64	-5	63	default:stone	0
-63	-5	63	default:stone	0
-62	-5	63	default:stone	0
-61	-5	63	default:stone	0
-60	-5	63	default:stone	0
-59	-5	63	default:stone	0
-58	-5	63	default:stone	0
-57	-5	63	default:stone	0
-87	-4	63	default:dirt	0
-86	-4	63	default:dirt	0
-85	-4	63	default:stone	0
-84	-4	63	default:stone	0
-83	-4	63	default:stone	0
-82	-4	63	default:stone	0
-81	-4	63	default:stone	0
-80	-4	63	default:stone	0
-79	-4	63	default:stone	0
-78	-4	63	default:stone	0
-77	-4	63	default:stone	0
-76	-4	63	default:stone	0
-75	-4	63	default:stone	0
-74	-4	63	default:stone	0
-73	-4	63	default:stone	0
-72	-4	63	default:stone	0
-71	-4	63	default:stone	0
-70	-4	63	default:stone	0
-69	-4	63	default:stone	0
-68	-4	63	default:stone	0
-67	-4	63	default:stone	0
-66	-4	63	default:stone	0
-65	-4	63	default:stone	0
-64	-4	63	default:stone	0
-63	-4	63	default:stone	0
-62	-4	63	default:stone	0
-61	-4	63	default:stone	0
-60	-4	63	default:stone	0
-59	-4	63	default:stone	0
-58	-4	63	default:stone	0
-57	-4	63	default:stone	0
-87	-3	63	default:dirt_with_grass	0
-86	-3	63	default:dirt_with_grass	0
-85	-3	63	default:dirt	0
-84	-3	63	default:dirt	0
-83	-3	63	default:dirt	0
-82	-3	63	default:dirt	0
-81	-3	63	default:stone	0
-80	-3	63	default:stone	0
-79	-3	63	default:stone	0
-78	-3	63	default:stone	0
-77	-3	63	default:stone	0
-76	-3	63	default:stone	0
-75	-3	63	default:stone	0
-74	-3	63	default:stone	0
-73	-3	63	default:stone	0
-72	-3	63	default:stone	0
-71	-3	63	default:stone	0
-70	-3	63	default:stone	0
-69	-3	63	default:stone	0
-68	-3	63	default:stone	0
-67	-3	63	default:stone	0
-66	-3	63	default:stone	0
-65	-3	63	default:stone	0
-64	-3	63	default:stone	0
-63	-3	63	default:stone	0
-62	-3	63	default:stone	0
-61	-3	63	default:stone	0
-60	-3	63	default:stone	0
-59	-3	63	default:stone	0
-58	-3	63	default:stone	0
-57	-3	63	default:stone	0
-85	-2	63	default:dirt_with_grass	0
-84	-2	63	default:dirt_with_grass	0
-83	-2	63	default:dirt_with_grass	0
-82	-2	63	default:dirt_with_grass	0
-81	-2	63	default:dirt	0
-80	-2	63	default:dirt	0
-79	-2	63	default:stone	0
-78	-2	63	default:stone	0
-77	-2	63	default:stone	0
-76	-2	63	default:stone	0
-75	-2	63	default:stone	0
-74	-2	63	default:stone	0
-73	-2	63	default:stone	0
-72	-2	63	default:stone	0
-71	-2	63	default:stone	0
-70	-2	63	default:stone	0
-69	-2	63	default:stone	0
-68	-2	63	default:stone	0
-67	-2	63	default:stone	0
-66	-2	63	default:stone	0
-65	-2	63	default:stone	0
-64	-2	63	default:stone	0
-63	-2	63	default:stone	0
-62	-2	63	default:stone	0
-61	-2	63	default:stone	0
-60	-2	63	default:stone	0
-59	-2	63	default:stone	0
-58	-2	63	default:stone	0
-57	-2	63	default:dirt	0
-81	-1	63	default:dirt_with_grass	0
-80	-1	63	default:dirt_with_grass	0
-79	-1	63	default:dirt	0
-78	-1	63	default:dirt	0
-77	-1	63	default:dirt	0
-76	-1	63	default:dirt	0
-75	-1	63	default:dirt	0
-74	-1	63	default:dirt	0
-73	-1	63	default:dirt	0
-72	-1	63	default:dirt	0
-71	-1	63	default:dirt	0
-70	-1	63	default:dirt	0
-69	-1	63	default:dirt	0
-68	-1	63	default:dirt	0
-67	-1	63	default:dirt	0
-66	-1	63	default:dirt	0
-65	-1	63	default:dirt	0
-64	-1	63	default:dirt	0
-63	-1	63	default:dirt	0
-62	-1	63	default:dirt	0
-61	-1	63	default:dirt	0
-60	-1	63	default:dirt	0
-59	-1	63	default:dirt	0
-58	-1	63	default:dirt	0
-57	-1	63	grug_nodes:dirt_with_forest_litter	0
-79	0	63	grug_nodes:dirt_with_forest_litter	0
-78	0	63	grug_nodes:dirt_with_forest_litter	0
-77	0	63	grug_nodes:dirt_with_forest_litter	0
-76	0	63	grug_nodes:dirt_with_forest_litter	0
-75	0	63	grug_nodes:dirt_with_forest_litter	0
-74	0	63	grug_nodes:dirt_with_forest_litter	0
-73	0	63	grug_nodes:dirt_with_forest_litter	0
-72	0	63	grug_nodes:dirt_with_forest_litter	0
-71	0	63	grug_nodes:dirt_with_forest_litter	0
-70	0	63	grug_nodes:dirt_with_forest_litter	0
-69	0	63	grug_nodes:dirt_with_forest_litter	0
-68	0	63	grug_nodes:dirt_with_forest_litter	0
-67	0	63	grug_nodes:dirt_with_forest_litter	0
-66	0	63	grug_nodes:dirt_with_forest_litter	0
-65	0	63	grug_nodes:dirt_with_forest_litter	0
-64	0	63	grug_nodes:dirt_with_forest_litter	0
-63	0	63	grug_nodes:dirt_with_forest_litter	0
-62	0	63	grug_nodes:dirt_with_forest_litter	0
-61	0	63	grug_nodes:dirt_with_forest_litter	0
-60	0	63	grug_nodes:dirt_with_forest_litter	0
-59	0	63	grug_nodes:dirt_with_forest_litter	0
-58	0	63	grug_nodes:dirt_with_forest_litter	0
-87	-9	64	default:stone	0
-86	-9	64	default:stone	0
-85	-9	64	default:stone	0
-84	-9	64	default:stone	0
-83	-9	64	default:stone	0
-82	-9	64	default:stone	0
-81	-9	64	default:stone	0
-80	-9	64	default:stone	0
-79	-9	64	default:stone	0
-78	-9	64	default:stone	0
-77	-9	64	default:stone	0
-76	-9	64	default:stone	0
-75	-9	64	default:stone	0
-74	-9	64	default:stone	0
-73	-9	64	default:stone	0
-72	-9	64	default:stone	0
-71	-9	64	default:stone	0
-70	-9	64	default:stone	0
-69	-9	64	default:stone	0
-68	-9	64	default:stone	0
-67	-9	64	default:stone	0
-66	-9	64	default:stone	0
-65	-9	64	default:stone	0
-64	-9	64	default:stone	0
-63	-9	64	default:stone	0
-62	-9	64	default:stone	0
-61	-9	64	default:stone	0
-60	-9	64	default:stone	0
-59	-9	64	default:stone	0
-58	-9	64	default:stone	0
-57	-9	64	default:stone	0
-87	-8	64	default:stone	0
-86	-8	64	default:stone	0
-85	-8	64	default:stone	0
-84	-8	64	default:stone	0
-83	-8	64	default:stone	0
-82	-8	64	default:stone	0
-81	-8	64	default:stone	0
-80	-8	64	default:stone	0
-79	-8	64	default:stone	0
-78	-8	64	default:stone	0
-77	-8	64	default:stone	0
-76	-8	64	default:stone	0
-75	-8	64	default:stone	0
-74	-8	64	default:stone	0
-73	-8	64	default:stone	0
-72	-8	64	default:stone	0
-71	-8	64	default:stone	0
-70	-8	64	default:stone	0
-69	-8	64	default:stone	0
-68	-8	64	default:stone	0
-67	-8	64	default:stone	0
-66	-8	64	default:stone	0
-65	-8	64	default:stone	0
-64	-8	64	default:stone	0
-63	-8	64	default:stone	0
-62	-8	64	default:stone	0
-61	-8	64	default:stone	0
-60	-8	64	default:stone	0
-59	-8	64	default:stone	0
-58	-8	64	default:stone	0
-57	-8	64	default:stone	0
-87	-7	64	default:stone	0
-86	-7	64	default:stone	0
-85	-7	64	default:stone	0
-84	-7	64	default:stone	0
-83	-7	64	default:stone	0
-82	-7	64	default:stone	0
-81	-7	64	default:stone	0
-80	-7	64	default:stone	0
-79	-7	64	default:stone	0
-78	-7	64	default:stone	0
-77	-7	64	default:stone	0
-76	-7	64	default:stone	0
-75	-7	64	default:stone	0
-74	-7	64	default:stone	0
-73	-7	64	default:stone	0
-72	-7	64	default:stone	0
-71	-7	64	default:stone	0
-70	-7	64	default:stone	0
-69	-7	64	default:stone	0
-68	-7	64	default:stone	0
-67	-7	64	default:stone	0
-66	-7	64	default:stone	0
-65	-7	64	default:stone	0
-64	-7	64	default:stone	0
-63	-7	64	default:stone	0
-62	-7	64	default:stone	0
-61	-7	64	default:stone	0
-60	-7	64	default:stone	0
-59	-7	64	default:stone	0
-58	-7	64	default:stone	0
-57	-7	64	default:stone	0
-87	-6	64	default:stone	0
-86	-6	64	default:stone	0
-85	-6	64	default:stone	0
-84	-6	64	default:stone	0
-83	-6	64	default:stone	0
-82	-6	64	default:stone	0
-81	-6	64	default:stone	0
-80	-6	64	default:stone	0
-79	-6	64	default:stone	0
-78	-6	64	default:stone	0
-77	-6	64	default:stone	0
-76	-6	64	default:stone	0
-75	-6	64	default:stone	0
-74	-6	64	default:stone	0
-73	-6	64	default:stone	0
-72	-6	64	default:stone	0
-71	-6	64	default:stone	0
-70	-6	64	default:stone	0
-69	-6	64	default:stone	0
-68	-6	64	default:stone	0
-67	-6	64	default:stone	0
-66	-6	64	default:stone	0
-65	-6	64	default:stone	0
-64	-6	64	default:stone	0
-63	-6	64	default:stone	0
-62	-6	64	default:stone	0
-61	-6	64	default:stone	0
-60	-6	64	default:stone	0
-59	-6	64	default:stone	0
-58	-6	64	default:stone	0
-57	-6	64	default:stone	0
-87	-5	64	default:stone	0
-86	-5	64	default:stone	0
-85	-5	64	default:stone	0
-84	-5	64	default:stone	0
-83	-5	64	default:stone	0
-82	-5	64	default:stone	0
-81	-5	64	default:stone	0
-80	-5	64	default:stone	0
-79	-5	64	default:stone	0
-78	-5	64	default:stone	0
-77	-5	64	default:stone	0
-76	-5	64	default:stone	0
-75	-5	64	default:stone	0
-74	-5	64	default:stone	0
-73	-5	64	default:stone	0
-72	-5	64	default:stone	0
-71	-5	64	default:stone	0
-70	-5	64	default:stone	0
-69	-5	64	default:stone	0
-68	-5	64	default:stone	0
-67	-5	64	default:stone	0
-66	-5	64	default:stone	0
-65	-5	64	default:stone	0
-64	-5	64	default:stone	0
-63	-5	64	default:stone	0
-62	-5	64	default:stone	0
-61	-5	64	default:stone	0
-60	-5	64	default:stone	0
-59	-5	64	default:stone	0
-58	-5	64	default:stone	0
-57	-5	64	default:stone	0
-87	-4	64	default:dirt	0
-86	-4	64	default:dirt	0
-85	-4	64	default:dirt	0
-84	-4	64	default:dirt	0
-83	-4	64	default:stone	0
-82	-4	64	default:stone	0
-81	-4	64	default:stone	0
-80	-4	64	default:stone	0
-79	-4	64	default:stone	0
-78	-4	64	default:stone	0
-77	-4	64	default:stone	0
-76	-4	64	default:stone	0
-75	-4	64	default:stone	0
-74	-4	64	default:stone	0
-73	-4	64	default:stone	0
-72	-4	64	default:stone	0
-71	-4	64	default:stone	0
-70	-4	64	default:stone	0
-69	-4	64	default:stone	0
-68	-4	64	default:stone	0
-67	-4	64	default:stone	0
-66	-4	64	default:stone	0
-65	-4	64	default:stone	0
-64	-4	64	default:stone	0
-63	-4	64	default:stone	0
-62	-4	64	default:stone	0
-61	-4	64	default:stone	0
-60	-4	64	default:stone	0
-59	-4	64	default:stone	0
-58	-4	64	default:stone	0
-57	-4	64	default:stone	0
-87	-3	64	default:dirt_with_grass	0
-86	-3	64	default:dirt_with_grass	0
-85	-3	64	default:dirt_with_grass	0
-84	-3	64	default:dirt_with_grass	0
-83	-3	64	default:dirt	0
-82	-3	64	default:dirt	0
-81	-3	64	default:dirt	0
-80	-3	64	default:stone	0
-79	-3	64	default:stone	0
-78	-3	64	default:stone	0
-77	-3	64	default:stone	0
-76	-3	64	default:stone	0
-75	-3	64	default:stone	0
-74	-3	64	default:stone	0
-73	-3	64	default:stone	0
-72	-3	64	default:stone	0
-71	-3	64	default:stone	0
-70	-3	64	default:stone	0
-69	-3	64	default:stone	0
-68	-3	64	default:stone	0
-67	-3	64	default:stone	0
-66	-3	64	default:stone	0
-65	-3	64	default:stone	0
-64	-3	64	default:stone	0
-63	-3	64	default:stone	0
-62	-3	64	default:stone	0
-61	-3	64	default:stone	0
-60	-3	64	default:stone	0
-59	-3	64	default:stone	0
-58	-3	64	default:stone	0
-57	-3	64	default:stone	0
-83	-2	64	default:dirt_with_grass	0
-82	-2	64	default:dirt_with_grass	0
-81	-2	64	default:dirt_with_grass	0
-80	-2	64	default:dirt	0
-79	-2	64	default:stone	0
-78	-2	64	default:stone	0
-77	-2	64	default:stone	0
-76	-2	64	default:stone	0
-75	-2	64	default:stone	0
-74	-2	64	default:stone	0
-73	-2	64	default:stone	0
-72	-2	64	default:stone	0
-71	-2	64	default:stone	0
-70	-2	64	default:stone	0
-69	-2	64	default:stone	0
-68	-2	64	default:stone	0
-67	-2	64	default:stone	0
-66	-2	64	default:stone	0
-65	-2	64	default:stone	0
-64	-2	64	default:stone	0
-63	-2	64	default:stone	0
-62	-2	64	default:stone	0
-61	-2	64	default:stone	0
-60	-2	64	default:stone	0
-59	-2	64	default:dirt	0
-58	-2	64	default:dirt	0
-57	-2	64	default:dirt	0
-80	-1	64	default:dirt_with_grass	0
-79	-1	64	default:dirt	0
-78	-1	64	default:dirt	0
-77	-1	64	default:dirt	0
-76	-1	64	default:dirt	0
-75	-1	64	default:dirt	0
-74	-1	64	default:dirt	0
-73	-1	64	default:dirt	0
-72	-1	64	default:dirt	0
-71	-1	64	default:dirt	0
-70	-1	64	default:dirt	0
-69	-1	64	default:dirt	0
-68	-1	64	default:dirt	0
-67	-1	64	default:dirt	0
-66	-1	64	default:dirt	0
-65	-1	64	default:dirt	0
-64	-1	64	default:dirt	0
-63	-1	64	default:dirt	0
-62	-1	64	default:dirt	0
-61	-1	64	default:dirt	0
-60	-1	64	default:dirt	0
-59	-1	64	grug_nodes:dirt_with_forest_litter	0
-58	-1	64	grug_nodes:dirt_with_forest_litter	0
-57	-1	64	grug_nodes:dirt_with_forest_litter	0
-79	0	64	grug_nodes:dirt_with_forest_litter	0
-78	0	64	grug_nodes:dirt_with_forest_litter	0
-77	0	64	grug_nodes:dirt_with_forest_litter	0
-76	0	64	grug_nodes:dirt_with_forest_litter	0
-75	0	64	grug_nodes:dirt_with_forest_litter	0
-74	0	64	grug_nodes:dirt_with_forest_litter	0
-73	0	64	grug_nodes:dirt_with_forest_litter	0
-72	0	64	grug_nodes:dirt_with_forest_litter	0
-71	0	64	grug_nodes:dirt_with_forest_litter	0
-70	0	64	grug_nodes:dirt_with_forest_litter	0
-69	0	64	grug_nodes:dirt_with_forest_litter	0
-68	0	64	grug_nodes:dirt_with_forest_litter	0
-67	0	64	grug_nodes:dirt_with_forest_litter	0
-66	0	64	grug_nodes:dirt_with_forest_litter	0
-65	0	64	default:dirt_with_grass	0
-64	0	64	default:dirt_with_grass	0
-63	0	64	grug_nodes:dirt_with_forest_litter	0
-62	0	64	grug_nodes:dirt_with_forest_litter	0
-61	0	64	grug_nodes:dirt_with_forest_litter	0
-60	0	64	grug_nodes:dirt_with_forest_litter	0
-87	-9	65	default:stone	0
-86	-9	65	default:stone	0
-85	-9	65	default:stone	0
-84	-9	65	default:stone	0
-83	-9	65	default:stone	0
-82	-9	65	default:stone	0
-81	-9	65	default:stone	0
-80	-9	65	default:stone	0
-79	-9	65	default:stone	0
-78	-9	65	default:stone	0
-77	-9	65	default:stone	0
-76	-9	65	default:stone	0
-75	-9	65	default:stone	0
-74	-9	65	default:stone	0
-73	-9	65	default:stone	0
-72	-9	65	default:stone	0
-71	-9	65	default:stone	0
-70	-9	65	default:stone	0
-69	-9	65	default:stone	0
-68	-9	65	default:stone	0
-67	-9	65	default:stone	0
-66	-9	65	default:stone	0
-65	-9	65	default:stone	0
-64	-9	65	default:stone	0
-63	-9	65	default:stone	0
-62	-9	65	default:stone	0
-61	-9	65	default:stone	0
-60	-9	65	default:stone	0
-59	-9	65	default:stone	0
-58	-9	65	default:stone	0
-57	-9	65	default:stone	0
-87	-8	65	default:stone	0
-86	-8	65	default:stone	0
-85	-8	65	default:stone	0
-84	-8	65	default:stone	0
-83	-8	65	default:stone	0
-82	-8	65	default:stone	0
-81	-8	65	default:stone	0
-80	-8	65	default:stone	0
-79	-8	65	default:stone	0
-78	-8	65	default:stone	0
-77	-8	65	default:stone	0
-76	-8	65	default:stone	0
-75	-8	65	default:stone	0
-74	-8	65	default:stone	0
-73	-8	65	default:stone	0
-72	-8	65	default:stone	0
-71	-8	65	default:stone	0
-70	-8	65	default:stone	0
-69	-8	65	default:stone	0
-68	-8	65	default:stone	0
-67	-8	65	default:stone	0
-66	-8	65	default:stone	0
-65	-8	65	default:stone	0
-64	-8	65	default:stone	0
-63	-8	65	default:stone	0
-62	-8	65	default:stone	0
-61	-8	65	default:stone	0
-60	-8	65	default:stone	0
-59	-8	65	default:stone	0
-58	-8	65	default:stone	0
-57	-8	65	default:stone	0
-87	-7	65	default:stone	0
-86	-7	65	default:stone	0
-85	-7	65	default:stone	0
-84	-7	65	default:stone	0
-83	-7	65	default:stone	0
-82	-7	65	default:stone	0
-81	-7	65	default:stone	0
-80	-7	65	default:stone	0
-79	-7	65	default:stone	0
-78	-7	65	default:stone	0
-77	-7	65	default:stone	0
-76	-7	65	default:stone	0
-75	-7	65	default:stone	0
-74	-7	65	default:stone	0
-73	-7	65	default:stone	0
-72	-7	65	default:stone	0
-71	-7	65	default:stone	0
-70	-7	65	default:stone	0
-69	-7	65	default:stone	0
-68	-7	65	default:stone	0
-67	-7	65	default:stone	0
-66	-7	65	default:stone	0
-65	-7	65	default:stone	0
-64	-7	65	default:stone	0
-63	-7	65	default:stone	0
-62	-7	65	default:stone	0
-61	-7	65	default:stone	0
-60	-7	65	default:stone	0
-59	-7	65	default:stone	0
-58	-7	65	default:stone	0
-57	-7	65	default:stone	0
-87	-6	65	default:stone	0
-86	-6	65	default:stone	0
-85	-6	65	default:stone	0
-84	-6	65	default:stone	0
-83	-6	65	default:stone	0
-82	-6	65	default:stone	0
-81	-6	65	default:stone	0
-80	-6	65	default:stone	0
-79	-6	65	default:stone	0
-78	-6	65	default:stone	0
-77	-6	65	default:stone	0
-76	-6	65	default:stone	0
-75	-6	65	default:stone	0
-74	-6	65	default:stone	0
-73	-6	65	default:stone	0
-72	-6	65	default:stone	0
-71	-6	65	default:stone	0
-70	-6	65	default:stone	0
-69	-6	65	default:stone	0
-68	-6	65	default:stone	0
-67	-6	65	default:stone	0
-66	-6	65	default:stone	0
-65	-6	65	default:stone	0
-64	-6	65	default:stone	0
-63	-6	65	default:stone	0
-62	-6	65	default:stone	0
-61	-6	65	default:stone	0
-60	-6	65	default:stone	0
-59	-6	65	default:stone	0
-58	-6	65	default:stone	0
-57	-6	65	default:stone	0
-87	-5	65	default:stone	0
-86	-5	65	default:stone	0
-85	-5	65	default:stone	0
-84	-5	65	default:stone	0
-83	-5	65	default:stone	0
-82	-5	65	default:stone	0
-81	-5	65	default:stone	0
-80	-5	65	default:stone	0
-79	-5	65	default:stone	0
-78	-5	65	default:stone	0
-77	-5	65	default:stone	0
-76	-5	65	default:stone	0
-75	-5	65	default:stone	0
-74	-5	65	default:stone	0
-73	-5	65	default:stone	0
-72	-5	65	default:stone	0
-71	-5	65	default:stone	0
-70	-5	65	default:stone	0
-69	-5	65	default:stone	0
-68	-5	65	default:stone	0
-67	-5	65	default:stone	0
-66	-5	65	default:stone	0
-65	-5	65	default:stone	0
-64	-5	65	default:stone	0
-63	-5	65	default:stone	0
-62	-5	65	default:stone	0
-61	-5	65	default:stone	0
-60	-5	65	default:stone	0
-59	-5	65	default:stone	0
-58	-5	65	default:stone	0
-57	-5	65	default:stone	0
-87	-4	65	default:dirt	0
-86	-4	65	default:dirt	0
-85	-4	65	default:dirt	0
-84	-4	65	default:dirt	0
-83	-4	65	default:stone	0
-82	-4	65	default:stone	0
-81	-4	65	default:stone	0
-80	-4	65	default:stone	0
-79	-4	65	default:stone	0
-78	-4	65	default:stone	0
-77	-4	65	default:stone	0
-76	-4	65	default:stone	0
-75	-4	65	default:stone	0
-74	-4	65	default:stone	0
-73	-4	65	default:stone	0
-72	-4	65	default:stone	0
-71	-4	65	default:stone	0
-70	-4	65	default:stone	0
-69	-4	65	default:stone	0
-68	-4	65	default:stone	0
-67	-4	65	default:stone	0
-66	-4	65	default:stone	0
-65	-4	65	default:stone	0
-64	-4	65	default:stone	0
-63	-4	65	default:stone	0
-62	-4	65	default:stone	0
-61	-4	65	default:stone	0
-60	-4	65	default:stone	0
-59	-4	65	default:stone	0
-58	-4	65	default:stone	0
-57	-4	65	default:stone	0
-87	-3	65	default:dirt_with_grass	0
-86	-3	65	default:dirt_with_grass	0
-85	-3	65	default:dirt_with_grass	0
-84	-3	65	default:dirt_with_grass	0
-83	-3	65	default:dirt	0
-82	-3	65	default:dirt	0
-81	-3	65	default:dirt	0
-80	-3	65	default:stone	0
-79	-3	65	default:stone	0
-78	-3	65	default:stone	0
-77	-3	65	default:stone	0
-76	-3	65	default:stone	0
-75	-3	65	default:stone	0
-74	-3	65	default:stone	0
-73	-3	65	default:stone	0
-72	-3	65	default:stone	0
-71	-3	65	default:stone	0
-70	-3	65	default:stone	0
-69	-3	65	default:stone	0
-68	-3	65	default:stone	0
-67	-3	65	default:stone	0
-66	-3	65	default:stone	0
-65	-3	65	default:stone	0
-64	-3	65	default:stone	0
-63	-3	65	default:stone	0
-62	-3	65	default:stone	0
-61	-3	65	default:stone	0
-60	-3	65	default:stone	0
-59	-3	65	default:stone	0
-58	-3	65	default:stone	0
-57	-3	65	default:stone	0
-83	-2	65	default:dirt_with_grass	0
-82	-2	65	default:dirt_with_grass	0
-81	-2	65	default:dirt_with_grass	0
-80	-2	65	default:dirt	0
-79	-2	65	default:stone	0
-78	-2	65	default:stone	0
-77	-2	65	default:stone	0
-76	-2	65	default:stone	0
-75	-2	65	default:stone	0
-74	-2	65	default:stone	0
-73	-2	65	default:stone	0
-72	-2	65	default:stone	0
-71	-2	65	default:stone	0
-70	-2	65	default:stone	0
-69	-2	65	default:stone	0
-68	-2	65	default:stone	0
-67	-2	65	default:stone	0
-66	-2	65	default:stone	0
-65	-2	65	default:stone	0
-64	-2	65	default:stone	0
-63	-2	65	default:stone	0
-62	-2	65	default:stone	0
-61	-2	65	default:stone	0
-60	-2	65	default:stone	0
-59	-2	65	default:dirt	0
-58	-2	65	default:dirt	0
-57	-2	65	default:dirt	0
-80	-1	65	default:dirt_with_grass	0
-79	-1	65	default:dirt	0
-78	-1	65	default:dirt	0
-77	-1	65	default:dirt	0
-76	-1	65	default:dirt	0
-75	-1	65	default:dirt	0
-74	-1	65	default:dirt	0
-73	-1	65	default:dirt	0
-72	-1	65	default:dirt	0
-71	-1	65	default:dirt	0
-70	-1	65	default:dirt	0
-69	-1	65	default:dirt	0
-68	-1	65	default:dirt	0
-67	-1	65	default:dirt	0
-66	-1	65	default:dirt	0
-65	-1	65	default:dirt	0
-64	-1	65	default:dirt	0
-63	-1	65	default:dirt	0
-62	-1	65	default:dirt	0
-61	-1	65	default:dirt	0
-60	-1	65	default:dirt	0
-59	-1	65	grug_nodes:dirt_with_forest_litter	0
-58	-1	65	grug_nodes:dirt_with_forest_litter	0
-57	-1	65	grug_nodes:dirt_with_forest_litter	0
-79	0	65	grug_nodes:dirt_with_forest_litter	0
-78	0	65	grug_nodes:dirt_with_forest_litter	0
-77	0	65	grug_nodes:dirt_with_forest_litter	0
-76	0	65	grug_nodes:dirt_with_forest_litter	0
-75	0	65	grug_nodes:dirt_with_forest_litter	0
-74	0	65	grug_nodes:dirt_with_forest_litter	0
-73	0	65	grug_nodes:dirt_with_forest_litter	0
-72	0	65	grug_nodes:dirt_with_forest_litter	0
-71	0	65	grug_nodes:dirt_with_forest_litter	0
-70	0	65	grug_nodes:dirt_with_forest_litter	0
-69	0	65	grug_nodes:dirt_with_forest_litter	0
-68	0	65	grug_nodes:dirt_with_forest_litter	0
-67	0	65	grug_nodes:dirt_with_forest_litter	0
-66	0	65	grug_nodes:dirt_with_forest_litter	0
-65	0	65	default:dirt_with_grass	0
-64	0	65	default:dirt_with_grass	0
-63	0	65	default:dirt_with_grass	0
-62	0	65	grug_nodes:dirt_with_forest_litter	0
-61	0	65	grug_nodes:dirt_with_forest_litter	0
-60	0	65	grug_nodes:dirt_with_forest_litter	0
-87	-9	66	default:stone	0
-86	-9	66	default:stone	0
-85	-9	66	default:stone	0
-84	-9	66	default:stone	0
-83	-9	66	default:stone	0
-82	-9	66	default:stone	0
-81	-9	66	default:stone	0
-80	-9	66	grug_decor:darkage_marble_tile	0
-79	-9	66	grug_decor:darkage_marble_tile	0
-78	-9	66	grug_decor:darkage_marble_tile	0
-77	-9	66	grug_decor:darkage_marble_tile	0
-76	-9	66	grug_decor:darkage_marble_tile	0
-75	-9	66	grug_decor:darkage_marble_tile	0
-74	-9	66	grug_decor:darkage_marble_tile	0
-73	-9	66	grug_decor:darkage_marble_tile	0
-72	-9	66	grug_decor:darkage_marble_tile	0
-71	-9	66	grug_decor:darkage_marble_tile	0
-70	-9	66	grug_decor:darkage_marble_tile	0
-69	-9	66	grug_decor:darkage_marble_tile	0
-68	-9	66	grug_decor:darkage_marble_tile	0
-67	-9	66	grug_decor:darkage_marble_tile	0
-66	-9	66	grug_decor:darkage_marble_tile	0
-65	-9	66	grug_decor:darkage_marble_tile	0
-64	-9	66	grug_decor:darkage_marble_tile	0
-63	-9	66	default:stone	0
-62	-9	66	default:stone	0
-61	-9	66	default:stone	0
-60	-9	66	default:stone	0
-59	-9	66	default:stone	0
-58	-9	66	default:stone	0
-57	-9	66	default:stone	0
-87	-8	66	default:stone	0
-86	-8	66	default:stone	0
-85	-8	66	default:stone	0
-84	-8	66	default:stone	0
-83	-8	66	default:stone	0
-82	-8	66	default:stone	0
-81	-8	66	default:stone	0
-80	-8	66	grug_decor:darkage_marble_tile	0
-79	-8	66	grug_decor:darkage_marble_tile	0
-78	-8	66	grug_decor:darkage_marble_tile	0
-77	-8	66	grug_decor:darkage_marble_tile	0
-76	-8	66	grug_decor:darkage_marble_tile	0
-75	-8	66	grug_decor:darkage_marble_tile	0
-74	-8	66	grug_decor:darkage_marble_tile	0
-73	-8	66	grug_decor:darkage_marble_tile	0
-72	-8	66	grug_decor:darkage_marble_tile	0
-71	-8	66	grug_decor:darkage_marble_tile	0
-70	-8	66	grug_decor:darkage_marble_tile	0
-69	-8	66	grug_decor:darkage_marble_tile	0
-68	-8	66	grug_decor:darkage_marble_tile	0
-67	-8	66	grug_decor:darkage_marble_tile	0
-66	-8	66	grug_decor:darkage_marble_tile	0
-65	-8	66	grug_decor:darkage_marble_tile	0
-64	-8	66	grug_decor:darkage_marble_tile	0
-63	-8	66	default:stone	0
-62	-8	66	default:stone	0
-61	-8	66	default:stone	0
-60	-8	66	default:stone	0
-59	-8	66	default:stone	0
-58	-8	66	default:stone	0
-57	-8	66	default:stone	0
-87	-7	66	default:stone	0
-86	-7	66	default:stone	0
-85	-7	66	default:stone	0
-84	-7	66	default:stone	0
-83	-7	66	default:stone	0
-82	-7	66	default:stone	0
-81	-7	66	default:stone	0
-80	-7	66	grug_decor:darkage_marble_tile	0
-79	-7	66	grug_decor:darkage_marble_tile	0
-78	-7	66	grug_decor:darkage_marble_tile	0
-77	-7	66	grug_decor:darkage_marble_tile	0
-76	-7	66	grug_decor:darkage_marble_tile	0
-75	-7	66	grug_decor:darkage_marble_tile	0
-74	-7	66	grug_decor:darkage_marble_tile	0
-73	-7	66	grug_decor:darkage_marble_tile	0
-72	-7	66	grug_decor:darkage_marble_tile	0
-71	-7	66	grug_decor:darkage_marble_tile	0
-70	-7	66	grug_decor:darkage_marble_tile	0
-69	-7	66	grug_decor:darkage_marble_tile	0
-68	-7	66	grug_decor:darkage_marble_tile	0
-67	-7	66	grug_decor:darkage_marble_tile	0
-66	-7	66	grug_decor:darkage_marble_tile	0
-65	-7	66	grug_decor:darkage_marble_tile	0
-64	-7	66	grug_decor:darkage_marble_tile	0
-63	-7	66	default:stone	0
-62	-7	66	default:stone	0
-61	-7	66	default:stone	0
-60	-7	66	default:stone	0
-59	-7	66	default:stone	0
-58	-7	66	default:stone	0
-57	-7	66	default:stone	0
-87	-6	66	default:stone	0
-86	-6	66	default:stone	0
-85	-6	66	default:stone	0
-84	-6	66	default:stone	0
-83	-6	66	default:stone	0
-82	-6	66	default:stone	0
-81	-6	66	default:stone	0
-80	-6	66	grug_decor:darkage_marble_tile	0
-79	-6	66	grug_decor:darkage_marble_tile	0
-78	-6	66	grug_decor:darkage_marble_tile	0
-77	-6	66	grug_decor:darkage_marble_tile	0
-76	-6	66	grug_decor:darkage_marble_tile	0
-75	-6	66	grug_decor:darkage_marble_tile	0
-74	-6	66	grug_decor:darkage_marble_tile	0
-73	-6	66	grug_decor:darkage_marble_tile	0
-72	-6	66	grug_decor:darkage_marble_tile	0
-71	-6	66	grug_decor:darkage_marble_tile	0
-70	-6	66	grug_decor:darkage_marble_tile	0
-69	-6	66	grug_decor:darkage_marble_tile	0
-68	-6	66	grug_decor:darkage_marble_tile	0
-67	-6	66	grug_decor:darkage_marble_tile	0
-66	-6	66	grug_decor:darkage_marble_tile	0
-65	-6	66	grug_decor:darkage_marble_tile	0
-64	-6	66	grug_decor:darkage_marble_tile	0
-63	-6	66	default:stone	0
-62	-6	66	default:stone	0
-61	-6	66	default:stone	0
-60	-6	66	default:stone	0
-59	-6	66	default:stone	0
-58	-6	66	default:stone	0
-57	-6	66	default:stone	0
-87	-5	66	default:stone	0
-86	-5	66	default:stone	0
-85	-5	66	default:stone	0
-84	-5	66	default:stone	0
-83	-5	66	default:stone	0
-82	-5	66	default:stone	0
-81	-5	66	default:stone	0
-80	-5	66	grug_decor:darkage_marble_tile	0
-79	-5	66	grug_decor:darkage_marble_tile	0
-78	-5	66	grug_decor:darkage_marble_tile	0
-77	-5	66	grug_decor:darkage_marble_tile	0
-76	-5	66	grug_decor:darkage_marble_tile	0
-75	-5	66	grug_decor:darkage_marble_tile	0
-74	-5	66	grug_decor:darkage_marble_tile	0
-73	-5	66	grug_decor:darkage_marble_tile	0
-72	-5	66	grug_decor:darkage_marble_tile	0
-71	-5	66	grug_decor:darkage_marble_tile	0
-70	-5	66	grug_decor:darkage_marble_tile	0
-69	-5	66	grug_decor:darkage_marble_tile	0
-68	-5	66	grug_decor:darkage_marble_tile	0
-67	-5	66	grug_decor:darkage_marble_tile	0
-66	-5	66	grug_decor:darkage_marble_tile	0
-65	-5	66	grug_decor:darkage_marble_tile	0
-64	-5	66	grug_decor:darkage_marble_tile	0
-63	-5	66	default:stone	0
-62	-5	66	default:stone	0
-61	-5	66	default:stone	0
-60	-5	66	default:stone	0
-59	-5	66	default:stone	0
-58	-5	66	default:stone	0
-57	-5	66	default:stone	0
-87	-4	66	default:dirt	0
-86	-4	66	default:dirt	0
-85	-4	66	default:dirt	0
-84	-4	66	default:dirt	0
-83	-4	66	default:dirt	0
-82	-4	66	default:stone	0
-81	-4	66	default:stone	0
-80	-4	66	grug_decor:darkage_marble_tile	0
-79	-4	66	grug_decor:darkage_marble_tile	0
-78	-4	66	grug_decor:darkage_marble_tile	0
-77	-4	66	grug_decor:darkage_marble_tile	0
-76	-4	66	grug_decor:darkage_marble_tile	0
-75	-4	66	grug_decor:darkage_marble_tile	0
-74	-4	66	grug_decor:darkage_marble_tile	0
-73	-4	66	grug_decor:darkage_marble_tile	0
-72	-4	66	grug_decor:darkage_marble_tile	0
-71	-4	66	grug_decor:darkage_marble_tile	0
-70	-4	66	grug_decor:darkage_marble_tile	0
-69	-4	66	grug_decor:darkage_marble_tile	0
-68	-4	66	grug_decor:darkage_marble_tile	0
-67	-4	66	grug_decor:darkage_marble_tile	0
-66	-4	66	grug_decor:darkage_marble_tile	0
-65	-4	66	grug_decor:darkage_marble_tile	0
-64	-4	66	grug_decor:darkage_marble_tile	0
-63	-4	66	default:stone	0
-62	-4	66	default:stone	0
-61	-4	66	default:stone	0
-60	-4	66	default:stone	0
-59	-4	66	default:stone	0
-58	-4	66	default:stone	0
-57	-4	66	default:stone	0
-87	-3	66	default:dirt_with_grass	0
-86	-3	66	default:dirt_with_grass	0
-85	-3	66	default:dirt_with_grass	0
-84	-3	66	default:dirt_with_grass	0
-83	-3	66	default:dirt_with_grass	0
-82	-3	66	default:dirt	0
-81	-3	66	default:dirt	0
-80	-3	66	grug_decor:darkage_serpentine	0
-79	-3	66	grug_decor:darkage_serpentine	0
-78	-3	66	grug_decor:darkage_serpentine	0
-77	-3	66	grug_decor:darkage_serpentine	0
-76	-3	66	grug_decor:darkage_serpentine	0
-75	-3	66	grug_decor:darkage_serpentine	0
-74	-3	66	grug_decor:darkage_serpentine	0
-73	-3	66	grug_decor:darkage_serpentine	0
-72	-3	66	grug_decor:darkage_serpentine	0
-71	-3	66	grug_decor:darkage_serpentine	0
-70	-3	66	grug_decor:darkage_serpentine	0
-69	-3	66	grug_decor:darkage_serpentine	0
-68	-3	66	grug_decor:darkage_serpentine	0
-67	-3	66	grug_decor:darkage_serpentine	0
-66	-3	66	grug_decor:darkage_serpentine	0
-65	-3	66	grug_decor:darkage_serpentine	0
-64	-3	66	grug_decor:darkage_serpentine	0
-63	-3	66	default:stone	0
-62	-3	66	default:stone	0
-61	-3	66	default:stone	0
-60	-3	66	default:stone	0
-59	-3	66	default:stone	0
-58	-3	66	default:stone	0
-57	-3	66	default:stone	0
-82	-2	66	default:dirt_with_grass	0
-81	-2	66	default:dirt_with_grass	0
-63	-2	66	default:stone	0
-62	-2	66	default:stone	0
-61	-2	66	default:stone	0
-60	-2	66	default:stone	0
-59	-2	66	default:dirt	0
-58	-2	66	default:dirt	0
-57	-2	66	default:dirt	0
-63	-1	66	default:dirt	0
-62	-1	66	default:dirt	0
-61	-1	66	default:dirt	0
-60	-1	66	default:dirt	0
-59	-1	66	grug_nodes:dirt_with_forest_litter	0
-58	-1	66	grug_nodes:dirt_with_forest_litter	0
-57	-1	66	grug_nodes:dirt_with_forest_litter	0
-63	0	66	default:dirt_with_grass	0
-62	0	66	grug_nodes:dirt_with_forest_litter	0
-61	0	66	grug_nodes:dirt_with_forest_litter	0
-60	0	66	grug_nodes:dirt_with_forest_litter	0
-87	-9	67	default:stone	0
-86	-9	67	default:stone	0
-85	-9	67	default:stone	0
-84	-9	67	default:stone	0
-83	-9	67	default:stone	0
-82	-9	67	default:stone	0
-81	-9	67	default:stone	0
-80	-9	67	grug_decor:darkage_marble_tile	0
-79	-9	67	default:stone	0
-78	-9	67	default:stone	0
-77	-9	67	default:stone	0
-76	-9	67	default:stone	0
-75	-9	67	default:stone	0
-74	-9	67	default:stone	0
-73	-9	67	default:stone	0
-72	-9	67	default:stone	0
-71	-9	67	default:gravel	0
-70	-9	67	default:gravel	0
-69	-9	67	default:gravel	0
-68	-9	67	default:stone	0
-67	-9	67	default:stone	0
-66	-9	67	default:stone	0
-65	-9	67	default:stone	0
-64	-9	67	grug_decor:darkage_marble_tile	0
-63	-9	67	default:stone	0
-62	-9	67	default:stone	0
-61	-9	67	default:stone	0
-60	-9	67	default:stone	0
-59	-9	67	default:stone	0
-58	-9	67	default:stone	0
-57	-9	67	default:stone	0
-87	-8	67	default:stone	0
-86	-8	67	default:stone	0
-85	-8	67	default:stone	0
-84	-8	67	default:stone	0
-83	-8	67	default:stone	0
-82	-8	67	default:stone	0
-81	-8	67	default:stone	0
-80	-8	67	grug_decor:darkage_marble_tile	0
-79	-8	67	default:stone	0
-78	-8	67	default:stone	0
-77	-8	67	default:stone	0
-76	-8	67	default:stone	0
-75	-8	67	default:stone	0
-74	-8	67	default:stone	0
-73	-8	67	default:stone	0
-72	-8	67	default:gravel	0
-71	-8	67	default:gravel	0
-70	-8	67	default:gravel	0
-69	-8	67	default:gravel	0
-68	-8	67	default:gravel	0
-67	-8	67	default:stone	0
-66	-8	67	default:stone	0
-65	-8	67	default:stone	0
-64	-8	67	grug_decor:darkage_marble_tile	0
-63	-8	67	default:stone	0
-62	-8	67	default:stone	0
-61	-8	67	default:stone	0
-60	-8	67	default:stone	0
-59	-8	67	default:stone	0
-58	-8	67	default:stone	0
-57	-8	67	default:stone	0
-87	-7	67	default:stone	0
-86	-7	67	default:stone	0
-85	-7	67	default:stone	0
-84	-7	67	default:stone	0
-83	-7	67	default:stone	0
-82	-7	67	default:stone	0
-81	-7	67	default:stone	0
-80	-7	67	grug_decor:darkage_marble_tile	0
-79	-7	67	default:stone	0
-78	-7	67	default:stone	0
-77	-7	67	default:stone	0
-76	-7	67	default:stone	0
-75	-7	67	default:stone	0
-74	-7	67	default:stone	0
-73	-7	67	default:stone	0
-72	-7	67	default:gravel	0
-71	-7	67	default:gravel	0
-70	-7	67	default:gravel	0
-69	-7	67	default:gravel	0
-68	-7	67	default:gravel	0
-67	-7	67	default:stone	0
-66	-7	67	default:stone	0
-65	-7	67	default:stone	0
-64	-7	67	grug_decor:darkage_marble_tile	0
-63	-7	67	default:stone	0
-62	-7	67	default:stone	0
-61	-7	67	default:stone	0
-60	-7	67	default:stone	0
-59	-7	67	default:stone	0
-58	-7	67	default:stone	0
-57	-7	67	default:stone	0
-87	-6	67	default:stone	0
-86	-6	67	default:stone	0
-85	-6	67	default:stone	0
-84	-6	67	default:stone	0
-83	-6	67	default:stone	0
-82	-6	67	default:stone	0
-81	-6	67	default:stone	0
-80	-6	67	grug_decor:darkage_marble_tile	0
-79	-6	67	default:stone	0
-78	-6	67	default:stone	0
-77	-6	67	default:stone	0
-76	-6	67	default:stone	0
-75	-6	67	default:stone	0
-74	-6	67	default:stone	0
-73	-6	67	default:stone	0
-72	-6	67	default:stone	0
-71	-6	67	default:gravel	0
-70	-6	67	default:gravel	0
-69	-6	67	default:gravel	0
-68	-6	67	default:gravel	0
-67	-6	67	default:stone	0
-66	-6	67	default:stone	0
-65	-6	67	default:stone	0
-64	-6	67	grug_decor:darkage_marble_tile	0
-63	-6	67	default:stone	0
-62	-6	67	default:stone	0
-61	-6	67	default:stone	0
-60	-6	67	default:stone	0
-59	-6	67	default:stone	0
-58	-6	67	default:stone	0
-57	-6	67	default:stone	0
-87	-5	67	default:stone	0
-86	-5	67	default:stone	0
-85	-5	67	default:stone	0
-84	-5	67	default:stone	0
-83	-5	67	default:stone	0
-82	-5	67	default:stone	0
-81	-5	67	default:stone	0
-80	-5	67	grug_decor:darkage_marble_tile	0
-79	-5	67	default:stone	0
-78	-5	67	default:stone	0
-77	-5	67	default:stone	0
-76	-5	67	default:stone	0
-75	-5	67	default:stone	0
-74	-5	67	default:stone	0
-73	-5	67	default:stone	0
-72	-5	67	default:stone	0
-71	-5	67	default:gravel	0
-70	-5	67	default:gravel	0
-69	-5	67	default:gravel	0
-68	-5	67	default:stone	0
-67	-5	67	default:stone	0
-66	-5	67	default:stone	0
-65	-5	67	default:stone	0
-64	-5	67	grug_decor:darkage_marble_tile	0
-63	-5	67	default:stone	0
-62	-5	67	default:stone	0
-61	-5	67	default:stone	0
-60	-5	67	default:stone	0
-59	-5	67	default:stone	0
-58	-5	67	default:stone	0
-57	-5	67	default:stone	0
-87	-4	67	default:dirt	0
-86	-4	67	default:dirt	0
-85	-4	67	default:dirt	0
-84	-4	67	default:dirt	0
-83	-4	67	default:dirt	0
-82	-4	67	default:stone	0
-81	-4	67	default:stone	0
-80	-4	67	grug_decor:darkage_marble_tile	0
-79	-4	67	default:dirt	0
-78	-4	67	default:dirt	0
-77	-4	67	default:dirt	0
-76	-4	67	default:dirt	0
-75	-4	67	default:dirt	0
-74	-4	67	default:dirt	0
-73	-4	67	default:dirt	0
-72	-4	67	default:dirt	0
-71	-4	67	default:dirt	0
-70	-4	67	default:dirt	0
-69	-4	67	default:dirt	0
-68	-4	67	default:dirt	0
-67	-4	67	default:dirt	0
-66	-4	67	default:dirt	0
-65	-4	67	default:dirt	0
-64	-4	67	grug_decor:darkage_marble_tile	0
-63	-4	67	default:stone	0
-62	-4	67	default:stone	0
-61	-4	67	default:stone	0
-60	-4	67	default:stone	0
-59	-4	67	default:stone	0
-58	-4	67	default:stone	0
-57	-4	67	default:stone	0
-87	-3	67	default:dirt_with_grass	0
-86	-3	67	default:dirt_with_grass	0
-85	-3	67	default:dirt_with_grass	0
-84	-3	67	default:dirt_with_grass	0
-83	-3	67	default:dirt_with_grass	0
-82	-3	67	default:dirt	0
-81	-3	67	default:dirt	0
-80	-3	67	grug_decor:darkage_serpentine	0
-79	-3	67	grug_nodes:dirt_with_silver_litter	0
-78	-3	67	grug_nodes:dirt_with_silver_litter	0
-77	-3	67	grug_nodes:dirt_with_silver_litter	0
-76	-3	67	grug_nodes:dirt_with_silver_litter	0
-75	-3	67	grug_nodes:dirt_with_silver_litter	0
-74	-3	67	grug_nodes:dirt_with_silver_litter	0
-73	-3	67	grug_decor:darkage_slate_tile	0
-72	-3	67	grug_decor:darkage_slate_tile	0
-71	-3	67	grug_decor:darkage_slate_tile	0
-70	-3	67	grug_nodes:dirt_with_silver_litter	0
-69	-3	67	grug_nodes:dirt_with_silver_litter	0
-68	-3	67	grug_nodes:dirt_with_silver_litter	0
-67	-3	67	grug_nodes:dirt_with_silver_litter	0
-66	-3	67	grug_nodes:dirt_with_silver_litter	0
-65	-3	67	grug_nodes:dirt_with_silver_litter	0
-64	-3	67	grug_decor:darkage_serpentine	0
-63	-3	67	default:stone	0
-62	-3	67	default:stone	0
-61	-3	67	default:stone	0
-60	-3	67	default:stone	0
-59	-3	67	default:stone	0
-58	-3	67	default:stone	0
-57	-3	67	default:stone	0
-82	-2	67	default:dirt_with_grass	0
-81	-2	67	default:dirt_with_grass	0
-79	-2	67	grug_decor:darkage_serpentine	0
-78	-2	67	grug_decor:darkage_serpentine	0
-77	-2	67	grug_decor:darkage_serpentine	0
-67	-2	67	grug_decor:darkage_serpentine	0
-66	-2	67	grug_decor:darkage_serpentine	0
-65	-2	67	grug_decor:darkage_serpentine	0
-63	-2	67	default:stone	0
-62	-2	67	default:stone	0
-61	-2	67	default:stone	0
-60	-2	67	default:stone	0
-59	-2	67	default:dirt	0
-58	-2	67	default:dirt	0
-57	-2	67	default:dirt	0
-79	-1	67	grug_trees:silverwood_tree	0
-78	-1	67	xpanes:pane_flat	0
-77	-1	67	grug_trees:silverwood_tree	0
-67	-1	67	grug_trees:silverwood_tree	0
-66	-1	67	xpanes:pane_flat	0
-65	-1	67	grug_trees:silverwood_tree	0
-63	-1	67	default:dirt	0
-62	-1	67	default:dirt	0
-61	-1	67	default:dirt	0
-60	-1	67	default:dirt	0
-59	-1	67	grug_nodes:dirt_with_forest_litter	0
-58	-1	67	grug_nodes:dirt_with_forest_litter	0
-57	-1	67	grug_nodes:dirt_with_forest_litter	0
-79	0	67	grug_trees:silverwood_tree	0
-78	0	67	xpanes:pane	0
-77	0	67	grug_trees:silverwood_tree	0
-67	0	67	grug_trees:silverwood_tree	0
-66	0	67	xpanes:pane	0
-65	0	67	grug_trees:silverwood_tree	0
-63	0	67	default:dirt_with_grass	0
-62	0	67	grug_nodes:dirt_with_forest_litter	0
-61	0	67	grug_nodes:dirt_with_forest_litter	0
-60	0	67	grug_nodes:dirt_with_forest_litter	0
-79	1	67	grug_decor:darkage_slate_tile_slab	0
-78	1	67	grug_decor:darkage_slate_tile_slab	0
-77	1	67	grug_decor:darkage_slate_tile_slab	0
-67	1	67	grug_decor:darkage_slate_tile_slab	0
-66	1	67	grug_decor:darkage_slate_tile_slab	0
-65	1	67	grug_decor:darkage_slate_tile_slab	0
-87	-9	68	default:stone	0
-86	-9	68	default:stone	0
-85	-9	68	default:stone	0
-84	-9	68	default:stone	0
-83	-9	68	default:stone	0
-82	-9	68	default:stone	0
-81	-9	68	default:stone	0
-80	-9	68	grug_decor:darkage_marble_tile	0
-79	-9	68	default:stone	0
-78	-9	68	default:stone	0
-77	-9	68	default:stone	0
-76	-9	68	default:stone	0
-75	-9	68	default:stone	0
-74	-9	68	default:stone	0
-73	-9	68	default:stone	0
-72	-9	68	default:gravel	0
-71	-9	68	default:gravel	0
-70	-9	68	default:gravel	0
-69	-9	68	default:gravel	0
-68	-9	68	default:stone	0
-67	-9	68	default:stone	0
-66	-9	68	default:stone	0
-65	-9	68	default:stone	0
-64	-9	68	grug_decor:darkage_marble_tile	0
-63	-9	68	default:stone	0
-62	-9	68	default:stone	0
-61	-9	68	default:stone	0
-60	-9	68	default:stone	0
-59	-9	68	default:stone	0
-58	-9	68	default:stone	0
-57	-9	68	default:stone	0
-87	-8	68	default:stone	0
-86	-8	68	default:stone	0
-85	-8	68	default:stone	0
-84	-8	68	default:stone	0
-83	-8	68	default:stone	0
-82	-8	68	default:stone	0
-81	-8	68	default:stone	0
-80	-8	68	grug_decor:darkage_marble_tile	0
-79	-8	68	default:stone	0
-78	-8	68	default:stone	0
-77	-8	68	default:stone	0
-76	-8	68	default:stone	0
-75	-8	68	default:stone	0
-74	-8	68	default:stone	0
-73	-8	68	default:stone	0
-72	-8	68	default:gravel	0
-71	-8	68	default:gravel	0
-70	-8	68	default:gravel	0
-69	-8	68	default:gravel	0
-68	-8	68	default:gravel	0
-67	-8	68	default:stone	0
-66	-8	68	default:stone	0
-65	-8	68	default:stone	0
-64	-8	68	grug_decor:darkage_marble_tile	0
-63	-8	68	default:stone	0
-62	-8	68	default:stone	0
-61	-8	68	default:stone	0
-60	-8	68	default:stone	0
-59	-8	68	default:stone	0
-58	-8	68	default:stone	0
-57	-8	68	default:stone	0
-87	-7	68	default:stone	0
-86	-7	68	default:stone	0
-85	-7	68	default:stone	0
-84	-7	68	default:stone	0
-83	-7	68	default:stone	0
-82	-7	68	default:stone	0
-81	-7	68	default:stone	0
-80	-7	68	grug_decor:darkage_marble_tile	0
-79	-7	68	default:stone	0
-78	-7	68	default:stone	0
-77	-7	68	default:stone	0
-76	-7	68	default:stone	0
-75	-7	68	default:stone	0
-74	-7	68	default:stone	0
-73	-7	68	default:stone	0
-72	-7	68	default:gravel	0
-71	-7	68	default:gravel	0
-70	-7	68	default:gravel	0
-69	-7	68	default:gravel	0
-68	-7	68	default:gravel	0
-67	-7	68	default:stone	0
-66	-7	68	default:stone	0
-65	-7	68	default:stone	0
-64	-7	68	grug_decor:darkage_marble_tile	0
-63	-7	68	default:stone	0
-62	-7	68	default:stone	0
-61	-7	68	default:stone	0
-60	-7	68	default:stone	0
-59	-7	68	default:stone	0
-58	-7	68	default:stone	0
-57	-7	68	default:stone	0
-87	-6	68	default:stone	0
-86	-6	68	default:stone	0
-85	-6	68	default:stone	0
-84	-6	68	default:stone	0
-83	-6	68	default:stone	0
-82	-6	68	default:stone	0
-81	-6	68	default:stone	0
-80	-6	68	grug_decor:darkage_marble_tile	0
-79	-6	68	default:stone	0
-78	-6	68	default:stone	0
-77	-6	68	default:stone	0
-76	-6	68	default:stone	0
-75	-6	68	default:stone	0
-74	-6	68	default:stone	0
-73	-6	68	default:stone	0
-72	-6	68	default:gravel	0
-71	-6	68	default:gravel	0
-70	-6	68	default:gravel	0
-69	-6	68	default:gravel	0
-68	-6	68	default:gravel	0
-67	-6	68	default:stone	0
-66	-6	68	default:stone	0
-65	-6	68	default:stone	0
-64	-6	68	grug_decor:darkage_marble_tile	0
-63	-6	68	default:stone	0
-62	-6	68	default:stone	0
-61	-6	68	default:stone	0
-60	-6	68	default:stone	0
-59	-6	68	default:stone	0
-58	-6	68	default:stone	0
-57	-6	68	default:stone	0
-87	-5	68	default:stone	0
-86	-5	68	default:stone	0
-85	-5	68	default:stone	0
-84	-5	68	default:stone	0
-83	-5	68	default:stone	0
-82	-5	68	default:stone	0
-81	-5	68	default:stone	0
-80	-5	68	grug_decor:darkage_marble_tile	0
-79	-5	68	default:stone	0
-78	-5	68	default:stone	0
-77	-5	68	default:stone	0
-76	-5	68	default:stone	0
-75	-5	68	default:stone	0
-74	-5	68	default:stone	0
-73	-5	68	default:stone	0
-72	-5	68	default:stone	0
-71	-5	68	default:gravel	0
-70	-5	68	default:gravel	0
-69	-5	68	default:gravel	0
-68	-5	68	default:stone	0
-67	-5	68	default:stone	0
-66	-5	68	default:stone	0
-65	-5	68	default:stone	0
-64	-5	68	grug_decor:darkage_marble_tile	0
-63	-5	68	default:stone	0
-62	-5	68	default:stone	0
-61	-5	68	default:stone	0
-60	-5	68	default:stone	0
-59	-5	68	default:stone	0
-58	-5	68	default:stone	0
-57	-5	68	default:stone	0
-87	-4	68	default:dirt	0
-86	-4	68	default:dirt	0
-85	-4	68	default:dirt	0
-84	-4	68	default:dirt	0
-83	-4	68	default:dirt	0
-82	-4	68	default:stone	0
-81	-4	68	default:stone	0
-80	-4	68	grug_decor:darkage_marble_tile	0
-79	-4	68	default:dirt	0
-78	-4	68	default:dirt	0
-77	-4	68	default:dirt	0
-76	-4	68	default:dirt	0
-75	-4	68	default:dirt	0
-74	-4	68	default:dirt	0
-73	-4	68	default:dirt	0
-72	-4	68	default:dirt	0
-71	-4	68	default:dirt	0
-70	-4	68	default:dirt	0
-69	-4	68	default:dirt	0
-68	-4	68	default:dirt	0
-67	-4	68	default:dirt	0
-66	-4	68	default:dirt	0
-65	-4	68	default:dirt	0
-64	-4	68	grug_decor:darkage_marble_tile	0
-63	-4	68	default:stone	0
-62	-4	68	default:stone	0
-61	-4	68	default:stone	0
-60	-4	68	default:stone	0
-59	-4	68	default:stone	0
-58	-4	68	default:stone	0
-57	-4	68	default:stone	0
-87	-3	68	default:dirt_with_grass	0
-86	-3	68	default:dirt_with_grass	0
-85	-3	68	default:dirt_with_grass	0
-84	-3	68	default:dirt_with_grass	0
-83	-3	68	default:dirt_with_grass	0
-82	-3	68	default:dirt	0
-81	-3	68	default:dirt	0
-80	-3	68	grug_decor:darkage_serpentine	0
-79	-3	68	grug_nodes:dirt_with_silver_litter	0
-78	-3	68	grug_decor:darkage_slate_tile	0
-77	-3	68	grug_decor:darkage_slate_tile	0
-76	-3	68	grug_decor:darkage_slate_tile	0
-75	-3	68	grug_decor:darkage_slate_tile	0
-74	-3	68	grug_decor:darkage_slate_tile	0
-73	-3	68	grug_decor:darkage_slate_tile	0
-72	-3	68	grug_decor:darkage_slate_tile	0
-71	-3	68	grug_decor:darkage_slate_tile	0
-70	-3	68	grug_decor:darkage_slate_tile	0
-69	-3	68	grug_decor:darkage_slate_tile	0
-68	-3	68	grug_decor:darkage_slate_tile	0
-67	-3	68	grug_decor:darkage_slate_tile	0
-66	-3	68	grug_decor:darkage_slate_tile	0
-65	-3	68	grug_nodes:dirt_with_silver_litter	0
-64	-3	68	grug_decor:darkage_serpentine	0
-63	-3	68	default:stone	0
-62	-3	68	default:stone	0
-61	-3	68	default:stone	0
-60	-3	68	default:stone	0
-59	-3	68	default:stone	0
-58	-3	68	default:dirt	0
-57	-3	68	default:dirt	0
-82	-2	68	default:dirt_with_grass	0
-81	-2	68	default:dirt_with_grass	0
-79	-2	68	grug_decor:darkage_serpentine	0
-78	-2	68	grug_decor:darkage_serpentine	0
-77	-2	68	grug_decor:darkage_serpentine	0
-69	-2	68	stairs:stair_silver_sandstone	2
-68	-2	68	stairs:stair_silver_sandstone	2
-67	-2	68	stairs:stair_silver_sandstone	2
-66	-2	68	grug_decor:darkage_serpentine	0
-65	-2	68	grug_decor:darkage_serpentine	0
-63	-2	68	default:dirt	0
-62	-2	68	default:dirt	0
-61	-2	68	default:dirt	0
-60	-2	68	default:stone	0
-59	-2	68	default:dirt	0
-58	-2	68	grug_nodes:dirt_with_forest_litter	0
-57	-2	68	grug_nodes:dirt_with_forest_litter	0
-79	-1	68	xpanes:pane_flat	3
-78	-1	68	grug_materials:emberglass_lamp	0
-77	-1	68	xpanes:pane_flat	3
-67	-1	68	xpanes:pane_flat	3
-66	-1	68	grug_materials:emberglass_lamp	0
-65	-1	68	xpanes:pane_flat	3
-63	-1	68	default:dirt_with_grass	0
-62	-1	68	grug_nodes:dirt_with_forest_litter	0
-61	-1	68	grug_nodes:dirt_with_forest_litter	0
-60	-1	68	default:dirt	0
-59	-1	68	grug_nodes:dirt_with_forest_litter	0
-79	0	68	xpanes:pane	0
-78	0	68	grug_trees:silverwood_tree	0
-77	0	68	xpanes:pane	0
-74	0	68	grug_decor:xdecor_candle	4
-70	0	68	grug_decor:xdecor_candle	4
-67	0	68	xpanes:pane	0
-66	0	68	grug_trees:silverwood_tree	0
-65	0	68	xpanes:pane	0
-60	0	68	grug_nodes:dirt_with_forest_litter	0
-79	1	68	grug_decor:darkage_slate_tile_slab	0
-78	1	68	grug_decor:darkage_slate_tile_slab	0
-77	1	68	grug_decor:darkage_slate_tile_slab	0
-67	1	68	grug_decor:darkage_slate_tile_slab	0
-66	1	68	grug_decor:darkage_slate_tile_slab	0
-65	1	68	grug_decor:darkage_slate_tile_slab	0
-66	2	68	stairs:stair_silver_sandstone_brick	3
-67	3	68	stairs:stair_silver_sandstone_brick	3
-78	4	68	stairs:stair_silver_sandstone_brick	1
-68	4	68	stairs:stair_silver_sandstone_brick	3
-77	5	68	stairs:stair_silver_sandstone_brick	1
-69	5	68	stairs:stair_silver_sandstone_brick	3
-76	6	68	stairs:stair_silver_sandstone_brick	1
-70	6	68	stairs:stair_silver_sandstone_brick	3
-75	7	68	stairs:stair_silver_sandstone_brick	1
-71	7	68	stairs:stair_silver_sandstone_brick	3
-74	8	68	stairs:slab_silver_sandstone_brick	0
-73	8	68	stairs:slab_silver_sandstone_brick	0
-72	8	68	stairs:slab_silver_sandstone_brick	0
-87	-9	69	default:stone	0
-86	-9	69	default:stone	0
-85	-9	69	default:stone	0
-84	-9	69	default:stone	0
-83	-9	69	default:stone	0
-82	-9	69	default:stone	0
-81	-9	69	default:stone	0
-80	-9	69	grug_decor:darkage_marble_tile	0
-79	-9	69	default:stone	0
-78	-9	69	default:stone	0
-77	-9	69	default:stone	0
-76	-9	69	default:stone	0
-75	-9	69	default:stone	0
-74	-9	69	default:stone	0
-73	-9	69	default:stone	0
-72	-9	69	default:gravel	0
-71	-9	69	default:gravel	0
-70	-9	69	default:gravel	0
-69	-9	69	default:gravel	0
-68	-9	69	default:stone	0
-67	-9	69	default:stone	0
-66	-9	69	default:stone	0
-65	-9	69	default:stone	0
-64	-9	69	grug_decor:darkage_marble_tile	0
-63	-9	69	default:stone	0
-62	-9	69	default:stone	0
-61	-9	69	default:stone	0
-60	-9	69	default:stone	0
-59	-9	69	default:stone	0
-58	-9	69	default:stone	0
-57	-9	69	default:stone	0
-87	-8	69	default:stone	0
-86	-8	69	default:stone	0
-85	-8	69	default:stone	0
-84	-8	69	default:stone	0
-83	-8	69	default:stone	0
-82	-8	69	default:stone	0
-81	-8	69	default:stone	0
-80	-8	69	grug_decor:darkage_marble_tile	0
-79	-8	69	default:stone	0
-78	-8	69	default:stone	0
-77	-8	69	default:stone	0
-76	-8	69	default:stone	0
-75	-8	69	default:stone	0
-74	-8	69	default:stone	0
-73	-8	69	default:stone	0
-72	-8	69	default:gravel	0
-71	-8	69	default:gravel	0
-70	-8	69	default:gravel	0
-69	-8	69	default:gravel	0
-68	-8	69	default:gravel	0
-67	-8	69	default:stone	0
-66	-8	69	default:stone	0
-65	-8	69	default:stone	0
-64	-8	69	grug_decor:darkage_marble_tile	0
-63	-8	69	default:stone	0
-62	-8	69	default:stone	0
-61	-8	69	default:stone	0
-60	-8	69	default:stone	0
-59	-8	69	default:stone	0
-58	-8	69	default:stone	0
-57	-8	69	default:stone	0
-87	-7	69	default:stone	0
-86	-7	69	default:stone	0
-85	-7	69	default:stone	0
-84	-7	69	default:stone	0
-83	-7	69	default:stone	0
-82	-7	69	default:stone	0
-81	-7	69	default:stone	0
-80	-7	69	grug_decor:darkage_marble_tile	0
-79	-7	69	default:stone	0
-78	-7	69	default:stone	0
-77	-7	69	default:stone	0
-76	-7	69	default:stone	0
-75	-7	69	default:stone	0
-74	-7	69	default:stone	0
-73	-7	69	default:stone	0
-72	-7	69	default:gravel	0
-71	-7	69	default:gravel	0
-70	-7	69	default:gravel	0
-69	-7	69	default:gravel	0
-68	-7	69	default:gravel	0
-67	-7	69	default:stone	0
-66	-7	69	default:stone	0
-65	-7	69	default:stone	0
-64	-7	69	grug_decor:darkage_marble_tile	0
-63	-7	69	default:stone	0
-62	-7	69	default:stone	0
-61	-7	69	default:stone	0
-60	-7	69	default:stone	0
-59	-7	69	default:stone	0
-58	-7	69	default:stone	0
-57	-7	69	default:stone	0
-87	-6	69	default:stone	0
-86	-6	69	default:stone	0
-85	-6	69	default:stone	0
-84	-6	69	default:stone	0
-83	-6	69	default:stone	0
-82	-6	69	default:stone	0
-81	-6	69	default:stone	0
-80	-6	69	grug_decor:darkage_marble_tile	0
-79	-6	69	default:stone	0
-78	-6	69	default:stone	0
-77	-6	69	default:stone	0
-76	-6	69	default:stone	0
-75	-6	69	default:stone	0
-74	-6	69	default:stone	0
-73	-6	69	default:stone	0
-72	-6	69	default:gravel	0
-71	-6	69	default:gravel	0
-70	-6	69	default:gravel	0
-69	-6	69	default:gravel	0
-68	-6	69	default:gravel	0
-67	-6	69	default:stone	0
-66	-6	69	default:stone	0
-65	-6	69	default:stone	0
-64	-6	69	grug_decor:darkage_marble_tile	0
-63	-6	69	default:stone	0
-62	-6	69	default:stone	0
-61	-6	69	default:stone	0
-60	-6	69	default:stone	0
-59	-6	69	default:stone	0
-58	-6	69	default:stone	0
-57	-6	69	default:stone	0
-87	-5	69	default:stone	0
-86	-5	69	default:stone	0
-85	-5	69	default:stone	0
-84	-5	69	default:stone	0
-83	-5	69	default:stone	0
-82	-5	69	default:stone	0
-81	-5	69	default:stone	0
-80	-5	69	grug_decor:darkage_marble_tile	0
-79	-5	69	default:stone	0
-78	-5	69	default:stone	0
-77	-5	69	default:stone	0
-76	-5	69	default:stone	0
-75	-5	69	default:stone	0
-74	-5	69	default:stone	0
-73	-5	69	default:stone	0
-72	-5	69	default:stone	0
-71	-5	69	default:gravel	0
-70	-5	69	default:gravel	0
-69	-5	69	default:gravel	0
-68	-5	69	default:stone	0
-67	-5	69	default:stone	0
-66	-5	69	default:stone	0
-65	-5	69	default:stone	0
-64	-5	69	grug_decor:darkage_marble_tile	0
-63	-5	69	default:stone	0
-62	-5	69	default:stone	0
-61	-5	69	default:stone	0
-60	-5	69	default:stone	0
-59	-5	69	default:stone	0
-58	-5	69	default:stone	0
-57	-5	69	default:stone	0
-87	-4	69	default:dirt	0
-86	-4	69	default:dirt	0
-85	-4	69	default:dirt	0
-84	-4	69	default:dirt	0
-83	-4	69	default:dirt	0
-82	-4	69	default:dirt	0
-81	-4	69	default:stone	0
-80	-4	69	grug_decor:darkage_marble_tile	0
-79	-4	69	default:dirt	0
-78	-4	69	default:dirt	0
-77	-4	69	default:dirt	0
-76	-4	69	default:dirt	0
-75	-4	69	default:dirt	0
-74	-4	69	default:dirt	0
-73	-4	69	default:dirt	0
-72	-4	69	default:dirt	0
-71	-4	69	default:dirt	0
-70	-4	69	default:dirt	0
-69	-4	69	default:dirt	0
-68	-4	69	default:dirt	0
-67	-4	69	default:dirt	0
-66	-4	69	default:dirt	0
-65	-4	69	default:dirt	0
-64	-4	69	grug_decor:darkage_marble_tile	0
-63	-4	69	default:stone	0
-62	-4	69	default:stone	0
-61	-4	69	default:stone	0
-60	-4	69	default:stone	0
-59	-4	69	default:stone	0
-58	-4	69	default:stone	0
-57	-4	69	default:stone	0
-87	-3	69	default:dirt_with_grass	0
-86	-3	69	default:dirt_with_grass	0
-85	-3	69	default:dirt_with_grass	0
-84	-3	69	default:dirt_with_grass	0
-83	-3	69	default:dirt_with_grass	0
-82	-3	69	default:dirt_with_grass	0
-81	-3	69	default:dirt	0
-80	-3	69	grug_decor:darkage_serpentine	0
-79	-3	69	grug_nodes:dirt_with_silver_litter	0
-78	-3	69	grug_decor:darkage_slate_tile	0
-77	-3	69	grug_decor:darkage_marble_tile	0
-76	-3	69	grug_decor:darkage_marble_tile	0
-75	-3	69	grug_decor:darkage_marble_tile	0
-74	-3	69	grug_decor:darkage_marble_tile	0
-73	-3	69	grug_decor:darkage_marble_tile	0
-72	-3	69	grug_decor:darkage_marble_tile	0
-71	-3	69	grug_decor:darkage_marble_tile	0
-70	-3	69	grug_decor:darkage_marble_tile	0
-69	-3	69	grug_decor:darkage_marble_tile	0
-68	-3	69	grug_decor:darkage_marble_tile	0
-67	-3	69	grug_decor:darkage_marble_tile	0
-66	-3	69	grug_decor:darkage_slate_tile	0
-65	-3	69	grug_nodes:dirt_with_silver_litter	0
-64	-3	69	grug_decor:darkage_serpentine	0
-63	-3	69	default:dirt	0
-62	-3	69	default:dirt	0
-61	-3	69	default:stone	0
-60	-3	69	default:stone	0
-59	-3	69	default:stone	0
-58	-3	69	default:dirt	0
-57	-3	69	default:dirt	0
-81	-2	69	default:dirt_with_grass	0
-79	-2	69	grug_decor:darkage_serpentine	0
-78	-2	69	grug_decor:darkage_serpentine	0
-77	-2	69	grug_decor:darkage_serpentine	0
-76	-2	69	grug_decor:darkage_slate_brick	0
-75	-2	69	grug_decor:darkage_slate_brick	0
-74	-2	69	grug_decor:darkage_slate_brick	0
-73	-2	69	grug_decor:darkage_slate_brick	0
-72	-2	69	doors:door_wood_a	0
-71	-2	69	doors:door_wood_b	0
-70	-2	69	grug_trees:silverwood_tree	0
-69	-2	69	grug_decor:darkage_slate_brick	0
-68	-2	69	grug_decor:darkage_slate_brick	0
-67	-2	69	grug_decor:darkage_serpentine	0
-66	-2	69	grug_decor:darkage_serpentine	0
-65	-2	69	grug_decor:darkage_serpentine	0
-63	-2	69	default:dirt_with_grass	0
-62	-2	69	grug_nodes:dirt_with_forest_litter	0
-61	-2	69	default:dirt	0
-60	-2	69	default:dirt	0
-59	-2	69	default:dirt	0
-58	-2	69	grug_nodes:dirt_with_forest_litter	0
-57	-2	69	grug_nodes:dirt_with_forest_litter	0
-79	-1	69	grug_trees:silverwood_tree	0
-78	-1	69	xpanes:pane_flat	0
-77	-1	69	grug_trees:silverwood_tree	0
-76	-1	69	grug_trees:silverwood_wood	0
-75	-1	69	grug_trees:silverwood_wood	0
-74	-1	69	grug_trees:silverwood_wood	0
-73	-1	69	grug_trees:silverwood_wood	0
-72	-1	69	doors:hidden	0
-71	-1	69	doors:hidden	3
-70	-1	69	grug_trees:silverwood_tree	0
-69	-1	69	xpanes:pane_flat	0
-68	-1	69	xpanes:pane_flat	0
-67	-1	69	grug_trees:silverwood_tree	0
-66	-1	69	xpanes:pane_flat	0
-65	-1	69	grug_trees:silverwood_tree	0
-61	-1	69	grug_nodes:dirt_with_forest_litter	0
-60	-1	69	grug_nodes:dirt_with_forest_litter	0
-59	-1	69	grug_nodes:dirt_with_forest_litter	0
-79	0	69	grug_trees:silverwood_tree	0
-78	0	69	xpanes:pane	0
-77	0	69	grug_trees:silverwood_tree	0
-76	0	69	grug_trees:silverwood_wood	0
-75	0	69	grug_trees:silverwood_wood	0
-74	0	69	grug_trees:silverwood_wood	0
-73	0	69	grug_trees:silverwood_wood	0
-72	0	69	grug_trees:silverwood_wood	0
-71	0	69	grug_trees:silverwood_wood	0
-70	0	69	grug_trees:silverwood_tree	0
-69	0	69	xpanes:pane_flat	0
-68	0	69	xpanes:pane_flat	0
-67	0	69	grug_trees:silverwood_tree	0
-66	0	69	xpanes:pane	0
-65	0	69	grug_trees:silverwood_tree	0
-79	1	69	grug_decor:darkage_slate_tile_slab	0
-78	1	69	grug_decor:darkage_slate_tile_slab	0
-77	1	69	grug_decor:darkage_slate_tile_slab	0
-76	1	69	grug_trees:silverwood_wood	0
-75	1	69	grug_trees:silverwood_wood	0
-74	1	69	grug_trees:silverwood_wood	0
-73	1	69	grug_trees:silverwood_wood	0
-72	1	69	grug_trees:silverwood_wood	0
-71	1	69	grug_trees:silverwood_wood	0
-70	1	69	grug_trees:silverwood_tree	0
-69	1	69	grug_trees:silverwood_wood	0
-68	1	69	grug_trees:silverwood_wood	0
-67	1	69	grug_decor:darkage_slate_tile_slab	0
-66	1	69	grug_decor:darkage_slate_tile_slab	0
-65	1	69	grug_decor:darkage_slate_tile_slab	0
-77	2	69	grug_trees:silverwood_tree	0
-76	2	69	grug_trees:silverwood_wood	0
-75	2	69	grug_trees:silverwood_wood	0
-74	2	69	grug_trees:silverwood_wood	0
-73	2	69	grug_trees:silverwood_wood	0
-72	2	69	grug_trees:silverwood_wood	0
-71	2	69	grug_trees:silverwood_wood	0
-70	2	69	grug_trees:silverwood_tree	0
-69	2	69	grug_trees:silverwood_wood	0
-68	2	69	grug_trees:silverwood_wood	0
-67	2	69	grug_trees:silverwood_tree	0
-66	2	69	stairs:stair_silver_sandstone_brick	3
-77	3	69	grug_trees:silverwood_tree	0
-76	3	69	grug_trees:silverwood_wood	0
-75	3	69	grug_trees:silverwood_wood	0
-74	3	69	grug_trees:silverwood_wood	0
-73	3	69	grug_trees:silverwood_wood	0
-72	3	69	grug_trees:silverwood_wood	0
-71	3	69	grug_trees:silverwood_wood	0
-70	3	69	grug_trees:silverwood_wood	0
-69	3	69	grug_trees:silverwood_wood	0
-68	3	69	grug_trees:silverwood_wood	0
-67	3	69	stairs:stair_silver_sandstone_brick	3
-78	4	69	stairs:stair_silver_sandstone_brick	1
-77	4	69	grug_trees:silverwood_tree	0
-76	4	69	grug_trees:silverwood_wood	0
-75	4	69	grug_trees:silverwood_wood	0
-74	4	69	grug_trees:silverwood_wood	0
-73	4	69	grug_trees:silverwood_wood	0
-72	4	69	grug_trees:silverwood_wood	0
-71	4	69	grug_trees:silverwood_wood	0
-70	4	69	grug_trees:silverwood_wood	0
-69	4	69	grug_trees:silverwood_wood	0
-68	4	69	stairs:stair_silver_sandstone_brick	3
-77	5	69	stairs:stair_silver_sandstone_brick	1
-76	5	69	grug_trees:silverwood_wood	0
-75	5	69	grug_trees:silverwood_wood	0
-74	5	69	grug_trees:silverwood_wood	0
-73	5	69	grug_trees:silverwood_wood	0
-72	5	69	grug_trees:silverwood_wood	0
-71	5	69	grug_trees:silverwood_wood	0
-70	5	69	grug_trees:silverwood_wood	0
-69	5	69	stairs:stair_silver_sandstone_brick	3
-76	6	69	stairs:stair_silver_sandstone_brick	1
-75	6	69	grug_trees:silverwood_wood	0
-74	6	69	grug_trees:silverwood_wood	0
-73	6	69	grug_trees:silverwood_wood	0
-72	6	69	grug_trees:silverwood_wood	0
-71	6	69	grug_trees:silverwood_wood	0
-70	6	69	stairs:stair_silver_sandstone_brick	3
-75	7	69	stairs:stair_silver_sandstone_brick	1
-74	7	69	grug_trees:silverwood_wood	0
-73	7	69	grug_trees:silverwood_wood	0
-72	7	69	grug_trees:silverwood_wood	0
-71	7	69	stairs:stair_silver_sandstone_brick	3
-74	8	69	stairs:slab_silver_sandstone_brick	0
-73	8	69	stairs:slab_silver_sandstone_brick	0
-72	8	69	stairs:slab_silver_sandstone_brick	0
-87	-9	70	default:stone	0
-86	-9	70	default:stone	0
-85	-9	70	default:stone	0
-84	-9	70	default:stone	0
-83	-9	70	default:stone	0
-82	-9	70	default:stone	0
-81	-9	70	default:stone	0
-80	-9	70	grug_decor:darkage_marble_tile	0
-79	-9	70	default:stone	0
-78	-9	70	default:stone	0
-77	-9	70	default:stone	0
-76	-9	70	default:stone	0
-75	-9	70	default:stone	0
-74	-9	70	default:stone	0
-73	-9	70	default:stone	0
-72	-9	70	default:stone	0
-71	-9	70	default:gravel	0
-70	-9	70	default:gravel	0
-69	-9	70	default:gravel	0
-68	-9	70	default:stone	0
-67	-9	70	default:stone	0
-66	-9	70	default:stone	0
-65	-9	70	default:stone	0
-64	-9	70	grug_decor:darkage_marble_tile	0
-63	-9	70	default:stone	0
-62	-9	70	default:stone	0
-61	-9	70	default:stone	0
-60	-9	70	default:stone	0
-59	-9	70	default:stone	0
-58	-9	70	default:stone	0
-57	-9	70	default:stone	0
-87	-8	70	default:stone	0
-86	-8	70	default:stone	0
-85	-8	70	default:stone	0
-84	-8	70	default:stone	0
-83	-8	70	default:stone	0
-82	-8	70	default:stone	0
-81	-8	70	default:stone	0
-80	-8	70	grug_decor:darkage_marble_tile	0
-79	-8	70	default:stone	0
-78	-8	70	default:stone	0
-77	-8	70	default:stone	0
-76	-8	70	default:stone	0
-75	-8	70	default:stone	0
-74	-8	70	default:stone	0
-73	-8	70	default:stone	0
-72	-8	70	default:gravel	0
-71	-8	70	default:gravel	0
-70	-8	70	default:gravel	0
-69	-8	70	default:gravel	0
-68	-8	70	default:stone	0
-67	-8	70	default:stone	0
-66	-8	70	default:stone	0
-65	-8	70	default:stone	0
-64	-8	70	grug_decor:darkage_marble_tile	0
-63	-8	70	default:stone	0
-62	-8	70	default:stone	0
-61	-8	70	default:stone	0
-60	-8	70	default:stone	0
-59	-8	70	default:stone	0
-58	-8	70	default:stone	0
-57	-8	70	default:stone	0
-87	-7	70	default:stone	0
-86	-7	70	default:stone	0
-85	-7	70	default:stone	0
-84	-7	70	default:stone	0
-83	-7	70	default:stone	0
-82	-7	70	default:stone	0
-81	-7	70	default:stone	0
-80	-7	70	grug_decor:darkage_marble_tile	0
-79	-7	70	default:stone	0
-78	-7	70	default:stone	0
-77	-7	70	default:stone	0
-76	-7	70	default:stone	0
-75	-7	70	default:stone	0
-74	-7	70	default:stone	0
-73	-7	70	default:stone	0
-72	-7	70	default:gravel	0
-71	-7	70	default:gravel	0
-70	-7	70	default:gravel	0
-69	-7	70	default:gravel	0
-68	-7	70	default:gravel	0
-67	-7	70	default:stone	0
-66	-7	70	default:stone	0
-65	-7	70	default:stone	0
-64	-7	70	grug_decor:darkage_marble_tile	0
-63	-7	70	default:stone	0
-62	-7	70	default:stone	0
-61	-7	70	default:stone	0
-60	-7	70	default:stone	0
-59	-7	70	default:stone	0
-58	-7	70	default:stone	0
-57	-7	70	default:stone	0
-87	-6	70	default:stone	0
-86	-6	70	default:stone	0
-85	-6	70	default:stone	0
-84	-6	70	default:stone	0
-83	-6	70	default:stone	0
-82	-6	70	default:stone	0
-81	-6	70	default:stone	0
-80	-6	70	grug_decor:darkage_marble_tile	0
-79	-6	70	default:stone	0
-78	-6	70	default:stone	0
-77	-6	70	default:stone	0
-76	-6	70	default:stone	0
-75	-6	70	default:stone	0
-74	-6	70	default:stone	0
-73	-6	70	default:stone	0
-72	-6	70	default:gravel	0
-71	-6	70	default:gravel	0
-70	-6	70	default:gravel	0
-69	-6	70	default:gravel	0
-68	-6	70	default:stone	0
-67	-6	70	default:stone	0
-66	-6	70	default:stone	0
-65	-6	70	default:stone	0
-64	-6	70	grug_decor:darkage_marble_tile	0
-63	-6	70	default:stone	0
-62	-6	70	default:stone	0
-61	-6	70	default:stone	0
-60	-6	70	default:stone	0
-59	-6	70	default:stone	0
-58	-6	70	default:stone	0
-57	-6	70	default:stone	0
-87	-5	70	default:stone	0
-86	-5	70	default:stone	0
-85	-5	70	default:stone	0
-84	-5	70	default:stone	0
-83	-5	70	default:stone	0
-82	-5	70	default:stone	0
-81	-5	70	default:stone	0
-80	-5	70	grug_decor:darkage_marble_tile	0
-79	-5	70	default:stone	0
-78	-5	70	default:stone	0
-77	-5	70	default:stone	0
-76	-5	70	default:stone	0
-75	-5	70	default:stone	0
-74	-5	70	default:stone	0
-73	-5	70	default:stone	0
-72	-5	70	default:stone	0
-71	-5	70	default:gravel	0
-70	-5	70	default:gravel	0
-69	-5	70	default:gravel	0
-68	-5	70	default:stone	0
-67	-5	70	default:stone	0
-66	-5	70	default:stone	0
-65	-5	70	default:stone	0
-64	-5	70	grug_decor:darkage_marble_tile	0
-63	-5	70	default:stone	0
-62	-5	70	default:stone	0
-61	-5	70	default:stone	0
-60	-5	70	default:stone	0
-59	-5	70	default:stone	0
-58	-5	70	default:stone	0
-57	-5	70	default:stone	0
-87	-4	70	default:dirt	0
-86	-4	70	default:dirt	0
-85	-4	70	default:dirt	0
-84	-4	70	default:dirt	0
-83	-4	70	default:dirt	0
-82	-4	70	default:dirt	0
-81	-4	70	default:dirt	0
-80	-4	70	grug_decor:darkage_marble_tile	0
-79	-4	70	default:dirt	0
-78	-4	70	default:dirt	0
-77	-4	70	default:dirt	0
-76	-4	70	default:dirt	0
-75	-4	70	default:dirt	0
-74	-4	70	default:dirt	0
-73	-4	70	default:dirt	0
-72	-4	70	default:dirt	0
-71	-4	70	default:dirt	0
-70	-4	70	default:dirt	0
-69	-4	70	default:dirt	0
-68	-4	70	default:dirt	0
-67	-4	70	default:dirt	0
-66	-4	70	default:dirt	0
-65	-4	70	default:dirt	0
-64	-4	70	grug_decor:darkage_marble_tile	0
-63	-4	70	default:stone	0
-62	-4	70	default:stone	0
-61	-4	70	default:stone	0
-60	-4	70	default:stone	0
-59	-4	70	default:stone	0
-58	-4	70	default:stone	0
-57	-4	70	default:stone	0
-87	-3	70	default:dirt_with_grass	0
-86	-3	70	default:dirt_with_grass	0
-85	-3	70	default:dirt_with_grass	0
-84	-3	70	default:dirt_with_grass	0
-83	-3	70	default:dirt_with_grass	0
-82	-3	70	default:dirt_with_grass	0
-81	-3	70	default:dirt_with_grass	0
-80	-3	70	grug_decor:darkage_serpentine	0
-79	-3	70	grug_nodes:dirt_with_silver_litter	0
-78	-3	70	grug_decor:darkage_slate_tile	0
-77	-3	70	grug_decor:darkage_marble_tile	0
-76	-3	70	grug_trees:silverwood_wood	0
-75	-3	70	grug_trees:silverwood_wood	0
-74	-3	70	grug_trees:silverwood_wood	0
-73	-3	70	grug_trees:silverwood_wood	0
-72	-3	70	grug_trees:silverwood_wood	0
-71	-3	70	grug_trees:silverwood_wood	0
-70	-3	70	grug_trees:silverwood_wood	0
-69	-3	70	grug_trees:silverwood_wood	0
-68	-3	70	grug_trees:silverwood_wood	0
-67	-3	70	grug_decor:darkage_marble_tile	0
-66	-3	70	grug_decor:darkage_slate_tile	0
-65	-3	70	grug_nodes:dirt_with_silver_litter	0
-64	-3	70	grug_decor:darkage_serpentine	0
-63	-3	70	default:dirt	0
-62	-3	70	default:dirt	0
-61	-3	70	default:dirt	0
-60	-3	70	default:dirt	0
-59	-3	70	default:dirt	0
-58	-3	70	default:dirt	0
-57	-3	70	default:dirt	0
-77	-2	70	grug_trees:silverwood_tree	0
-75	-2	70	grug_decor:xdecor_barrel	2
-74	-2	70	grug_decor:xdecor_barrel	2
-70	-2	70	grug_decor:xdecor_barrel	2
-69	-2	70	grug_decor:xdecor_barrel	2
-67	-2	70	grug_trees:silverwood_tree	0
-63	-2	70	grug_nodes:dirt_with_forest_litter	0
-62	-2	70	grug_nodes:dirt_with_forest_litter	0
-61	-2	70	grug_nodes:dirt_with_forest_litter	0
-60	-2	70	grug_nodes:dirt_with_forest_litter	0
-59	-2	70	grug_nodes:dirt_with_forest_litter	0
-58	-2	70	grug_nodes:dirt_with_forest_litter	0
-57	-2	70	grug_nodes:dirt_with_forest_litter	0
-77	-1	70	grug_trees:silverwood_tree	0
-67	-1	70	grug_trees:silverwood_tree	0
-77	0	70	grug_trees:silverwood_tree	0
-67	0	70	grug_trees:silverwood_tree	0
-77	1	70	grug_trees:silverwood_tree	0
-67	1	70	grug_trees:silverwood_tree	0
-77	2	70	grug_trees:silverwood_tree	0
-67	2	70	grug_trees:silverwood_tree	0
-66	2	70	stairs:stair_silver_sandstone_brick	3
-77	3	70	grug_trees:silverwood_wood	0
-67	3	70	stairs:stair_silver_sandstone_brick	3
-78	4	70	stairs:stair_silver_sandstone_brick	1
-77	4	70	grug_trees:silverwood_wood	0
-68	4	70	stairs:stair_silver_sandstone_brick	3
-77	5	70	stairs:stair_silver_sandstone_brick	1
-69	5	70	stairs:stair_silver_sandstone_brick	3
-76	6	70	stairs:stair_silver_sandstone_brick	1
-70	6	70	stairs:stair_silver_sandstone_brick	3
-75	7	70	stairs:stair_silver_sandstone_brick	1
-71	7	70	stairs:stair_silver_sandstone_brick	3
-74	8	70	stairs:slab_silver_sandstone_brick	0
-73	8	70	stairs:slab_silver_sandstone_brick	0
-72	8	70	stairs:slab_silver_sandstone_brick	0
-87	-9	71	default:stone	0
-86	-9	71	default:stone	0
-85	-9	71	default:stone	0
-84	-9	71	default:stone	0
-83	-9	71	default:stone	0
-82	-9	71	default:stone	0
-81	-9	71	default:stone	0
-80	-9	71	grug_decor:darkage_marble_tile	0
-79	-9	71	default:stone	0
-78	-9	71	default:stone	0
-77	-9	71	default:stone	0
-76	-9	71	default:stone	0
-75	-9	71	default:stone	0
-74	-9	71	default:stone	0
-73	-9	71	default:stone	0
-72	-9	71	default:stone	0
-71	-9	71	default:stone	0
-70	-9	71	default:stone	0
-69	-9	71	default:stone	0
-68	-9	71	default:stone	0
-67	-9	71	default:stone	0
-66	-9	71	default:stone	0
-65	-9	71	default:stone	0
-64	-9	71	grug_decor:darkage_marble_tile	0
-63	-9	71	default:stone	0
-62	-9	71	default:stone	0
-61	-9	71	default:stone	0
-60	-9	71	default:stone	0
-59	-9	71	default:stone	0
-58	-9	71	default:stone	0
-57	-9	71	default:stone	0
-87	-8	71	default:stone	0
-86	-8	71	default:stone	0
-85	-8	71	default:stone	0
-84	-8	71	default:stone	0
-83	-8	71	default:stone	0
-82	-8	71	default:stone	0
-81	-8	71	default:stone	0
-80	-8	71	grug_decor:darkage_marble_tile	0
-79	-8	71	default:stone	0
-78	-8	71	default:stone	0
-77	-8	71	default:stone	0
-76	-8	71	default:stone	0
-75	-8	71	default:stone	0
-74	-8	71	default:stone	0
-73	-8	71	default:stone	0
-72	-8	71	default:stone	0
-71	-8	71	default:stone	0
-70	-8	71	default:stone	0
-69	-8	71	default:stone	0
-68	-8	71	default:stone	0
-67	-8	71	default:stone	0
-66	-8	71	default:stone	0
-65	-8	71	default:stone	0
-64	-8	71	grug_decor:darkage_marble_tile	0
-63	-8	71	default:stone	0
-62	-8	71	default:stone	0
-61	-8	71	default:stone	0
-60	-8	71	default:stone	0
-59	-8	71	default:stone	0
-58	-8	71	default:stone	0
-57	-8	71	default:stone	0
-87	-7	71	default:stone	0
-86	-7	71	default:stone	0
-85	-7	71	default:stone	0
-84	-7	71	default:stone	0
-83	-7	71	default:stone	0
-82	-7	71	default:stone	0
-81	-7	71	default:stone	0
-80	-7	71	grug_decor:darkage_marble_tile	0
-79	-7	71	default:stone	0
-78	-7	71	default:stone	0
-77	-7	71	default:stone	0
-76	-7	71	default:stone	0
-75	-7	71	default:stone	0
-74	-7	71	default:stone	0
-73	-7	71	default:stone	0
-72	-7	71	default:stone	0
-71	-7	71	default:stone	0
-70	-7	71	default:stone	0
-69	-7	71	default:stone	0
-68	-7	71	default:stone	0
-67	-7	71	default:stone	0
-66	-7	71	default:stone	0
-65	-7	71	default:stone	0
-64	-7	71	grug_decor:darkage_marble_tile	0
-63	-7	71	default:stone	0
-62	-7	71	default:stone	0
-61	-7	71	default:stone	0
-60	-7	71	default:stone	0
-59	-7	71	default:stone	0
-58	-7	71	default:stone	0
-57	-7	71	default:stone	0
-87	-6	71	default:stone	0
-86	-6	71	default:stone	0
-85	-6	71	default:stone	0
-84	-6	71	default:stone	0
-83	-6	71	default:stone	0
-82	-6	71	default:stone	0
-81	-6	71	default:stone	0
-80	-6	71	grug_decor:darkage_marble_tile	0
-79	-6	71	default:stone	0
-78	-6	71	default:stone	0
-77	-6	71	default:stone	0
-76	-6	71	default:stone	0
-75	-6	71	default:stone	0
-74	-6	71	default:stone	0
-73	-6	71	default:stone	0
-72	-6	71	default:stone	0
-71	-6	71	default:stone	0
-70	-6	71	default:stone	0
-69	-6	71	default:stone	0
-68	-6	71	default:stone	0
-67	-6	71	default:stone	0
-66	-6	71	default:stone	0
-65	-6	71	default:stone	0
-64	-6	71	grug_decor:darkage_marble_tile	0
-63	-6	71	default:stone	0
-62	-6	71	default:stone	0
-61	-6	71	default:stone	0
-60	-6	71	default:stone	0
-59	-6	71	default:stone	0
-58	-6	71	default:stone	0
-57	-6	71	default:stone	0
-87	-5	71	default:stone	0
-86	-5	71	default:stone	0
-85	-5	71	default:stone	0
-84	-5	71	default:stone	0
-83	-5	71	default:stone	0
-82	-5	71	default:stone	0
-81	-5	71	default:stone	0
-80	-5	71	grug_decor:darkage_marble_tile	0
-79	-5	71	default:stone	0
-78	-5	71	default:stone	0
-77	-5	71	default:stone	0
-76	-5	71	default:stone	0
-75	-5	71	default:stone	0
-74	-5	71	default:stone	0
-73	-5	71	default:stone	0
-72	-5	71	default:stone	0
-71	-5	71	default:stone	0
-70	-5	71	default:stone	0
-69	-5	71	default:stone	0
-68	-5	71	default:stone	0
-67	-5	71	default:stone	0
-66	-5	71	default:stone	0
-65	-5	71	default:stone	0
-64	-5	71	grug_decor:darkage_marble_tile	0
-63	-5	71	default:stone	0
-62	-5	71	default:stone	0
-61	-5	71	default:stone	0
-60	-5	71	default:stone	0
-59	-5	71	default:stone	0
-58	-5	71	default:stone	0
-57	-5	71	default:stone	0
-87	-4	71	default:dirt	0
-86	-4	71	default:dirt	0
-85	-4	71	default:dirt	0
-84	-4	71	default:dirt	0
-83	-4	71	default:dirt	0
-82	-4	71	default:dirt	0
-81	-4	71	default:dirt	0
-80	-4	71	grug_decor:darkage_marble_tile	0
-79	-4	71	default:dirt	0
-78	-4	71	default:dirt	0
-77	-4	71	default:dirt	0
-76	-4	71	default:dirt	0
-75	-4	71	default:dirt	0
-74	-4	71	default:dirt	0
-73	-4	71	default:dirt	0
-72	-4	71	default:dirt	0
-71	-4	71	default:dirt	0
-70	-4	71	default:dirt	0
-69	-4	71	default:dirt	0
-68	-4	71	default:dirt	0
-67	-4	71	default:dirt	0
-66	-4	71	default:dirt	0
-65	-4	71	default:dirt	0
-64	-4	71	grug_decor:darkage_marble_tile	0
-63	-4	71	default:stone	0
-62	-4	71	default:stone	0
-61	-4	71	default:stone	0
-60	-4	71	default:stone	0
-59	-4	71	default:stone	0
-58	-4	71	default:stone	0
-57	-4	71	default:stone	0
-87	-3	71	default:dirt_with_grass	0
-86	-3	71	default:dirt_with_grass	0
-85	-3	71	default:dirt_with_grass	0
-84	-3	71	default:dirt_with_grass	0
-83	-3	71	default:dirt_with_grass	0
-82	-3	71	default:dirt_with_grass	0
-81	-3	71	grug_nodes:dirt_with_forest_litter	0
-80	-3	71	grug_decor:darkage_serpentine	0
-79	-3	71	grug_nodes:dirt_with_silver_litter	0
-78	-3	71	grug_decor:darkage_slate_tile	0
-77	-3	71	grug_decor:darkage_marble_tile	0
-76	-3	71	grug_trees:silverwood_wood	0
-75	-3	71	grug_trees:silverwood_wood	0
-74	-3	71	grug_trees:silverwood_wood	0
-73	-3	71	grug_trees:silverwood_wood	0
-72	-3	71	grug_trees:silverwood_wood	0
-71	-3	71	grug_trees:silverwood_wood	0
-70	-3	71	grug_trees:silverwood_wood	0
-69	-3	71	grug_trees:silverwood_wood	0
-68	-3	71	grug_trees:silverwood_wood	0
-67	-3	71	grug_decor:darkage_marble_tile	0
-66	-3	71	grug_decor:darkage_slate_tile	0
-65	-3	71	grug_nodes:dirt_with_silver_litter	0
-64	-3	71	grug_decor:darkage_serpentine	0
-63	-3	71	default:dirt	0
-62	-3	71	default:dirt	0
-61	-3	71	default:dirt	0
-60	-3	71	default:dirt	0
-59	-3	71	default:dirt	0
-58	-3	71	default:dirt	0
-57	-3	71	default:dirt	0
-77	-2	71	grug_decor:darkage_slate_brick	0
-76	-2	71	grug_decor:darkage_slate_brick	0
-68	-2	71	grug_decor:darkage_slate_brick	0
-67	-2	71	grug_decor:darkage_slate_brick	0
-63	-2	71	grug_nodes:dirt_with_forest_litter	0
-62	-2	71	grug_nodes:dirt_with_forest_litter	0
-61	-2	71	grug_nodes:dirt_with_forest_litter	0
-60	-2	71	grug_nodes:dirt_with_forest_litter	0
-59	-2	71	grug_nodes:dirt_with_forest_litter	0
-58	-2	71	grug_nodes:dirt_with_forest_litter	0
-57	-2	71	grug_nodes:dirt_with_forest_litter	0
-77	-1	71	xpanes:pane_flat	3
-67	-1	71	xpanes:pane_flat	3
-77	0	71	xpanes:pane_flat	3
-67	0	71	xpanes:pane_flat	3
-77	1	71	grug_trees:silverwood_wood	0
-67	1	71	grug_trees:silverwood_wood	0
-77	2	71	grug_trees:silverwood_wood	0
-67	2	71	grug_trees:silverwood_wood	0
-66	2	71	stairs:stair_silver_sandstone_brick	3
-77	3	71	grug_trees:silverwood_wood	0
-67	3	71	stairs:stair_silver_sandstone_brick	3
-78	4	71	stairs:stair_silver_sandstone_brick	1
-77	4	71	grug_trees:silverwood_wood	0
-68	4	71	stairs:stair_silver_sandstone_brick	3
-77	5	71	stairs:stair_silver_sandstone_brick	1
-69	5	71	stairs:stair_silver_sandstone_brick	3
-76	6	71	stairs:stair_silver_sandstone_brick	1
-70	6	71	stairs:stair_silver_sandstone_brick	3
-75	7	71	stairs:stair_silver_sandstone_brick	1
-71	7	71	stairs:stair_silver_sandstone_brick	3
-74	8	71	stairs:slab_silver_sandstone_brick	0
-73	8	71	stairs:slab_silver_sandstone_brick	0
-72	8	71	stairs:slab_silver_sandstone_brick	0
-87	-9	72	default:stone	0
-86	-9	72	default:stone	0
-85	-9	72	default:stone	0
-84	-9	72	default:stone	0
-83	-9	72	default:stone	0
-82	-9	72	default:stone	0
-81	-9	72	default:stone	0
-80	-9	72	grug_decor:darkage_marble_tile	0
-79	-9	72	default:stone	0
-78	-9	72	default:stone	0
-77	-9	72	default:stone	0
-76	-9	72	default:stone	0
-75	-9	72	default:stone	0
-74	-9	72	default:stone	0
-73	-9	72	default:stone	0
-72	-9	72	default:stone	0
-71	-9	72	default:stone	0
-70	-9	72	default:stone	0
-69	-9	72	default:stone	0
-68	-9	72	default:stone	0
-67	-9	72	default:stone	0
-66	-9	72	default:stone	0
-65	-9	72	default:stone	0
-64	-9	72	grug_decor:darkage_marble_tile	0
-63	-9	72	default:stone	0
-62	-9	72	default:stone	0
-61	-9	72	default:stone	0
-60	-9	72	default:stone	0
-59	-9	72	default:stone	0
-58	-9	72	default:stone	0
-57	-9	72	default:stone	0
-87	-8	72	default:stone	0
-86	-8	72	default:stone	0
-85	-8	72	default:stone	0
-84	-8	72	default:stone	0
-83	-8	72	default:gravel	0
-82	-8	72	default:gravel	0
-81	-8	72	default:gravel	0
-80	-8	72	grug_decor:darkage_marble_tile	0
-79	-8	72	default:stone	0
-78	-8	72	default:stone	0
-77	-8	72	default:stone	0
-76	-8	72	default:stone	0
-75	-8	72	default:stone	0
-74	-8	72	default:stone	0
-73	-8	72	default:stone	0
-72	-8	72	default:stone	0
-71	-8	72	default:stone	0
-70	-8	72	default:stone	0
-69	-8	72	default:stone	0
-68	-8	72	default:stone	0
-67	-8	72	default:stone	0
-66	-8	72	default:stone	0
-65	-8	72	default:stone	0
-64	-8	72	grug_decor:darkage_marble_tile	0
-63	-8	72	default:stone	0
-62	-8	72	default:stone	0
-61	-8	72	default:stone	0
-60	-8	72	default:stone	0
-59	-8	72	default:stone	0
-58	-8	72	default:stone	0
-57	-8	72	default:stone	0
-87	-7	72	default:stone	0
-86	-7	72	default:stone	0
-85	-7	72	default:stone	0
-84	-7	72	default:gravel	0
-83	-7	72	default:gravel	0
-82	-7	72	default:gravel	0
-81	-7	72	default:gravel	0
-80	-7	72	grug_decor:darkage_marble_tile	0
-79	-7	72	default:stone	0
-78	-7	72	default:stone	0
-77	-7	72	default:stone	0
-76	-7	72	default:stone	0
-75	-7	72	default:stone	0
-74	-7	72	default:stone	0
-73	-7	72	default:stone	0
-72	-7	72	default:stone	0
-71	-7	72	default:stone	0
-70	-7	72	default:stone	0
-69	-7	72	default:stone	0
-68	-7	72	default:stone	0
-67	-7	72	default:stone	0
-66	-7	72	default:stone	0
-65	-7	72	default:stone	0
-64	-7	72	grug_decor:darkage_marble_tile	0
-63	-7	72	default:stone	0
-62	-7	72	default:stone	0
-61	-7	72	default:stone	0
-60	-7	72	default:stone	0
-59	-7	72	default:stone	0
-58	-7	72	default:stone	0
-57	-7	72	default:stone	0
-87	-6	72	default:stone	0
-86	-6	72	default:stone	0
-85	-6	72	default:stone	0
-84	-6	72	default:gravel	0
-83	-6	72	default:gravel	0
-82	-6	72	default:gravel	0
-81	-6	72	default:gravel	0
-80	-6	72	grug_decor:darkage_marble_tile	0
-79	-6	72	default:stone	0
-78	-6	72	default:stone	0
-77	-6	72	default:stone	0
-76	-6	72	default:stone	0
-75	-6	72	default:stone	0
-74	-6	72	default:stone	0
-73	-6	72	default:stone	0
-72	-6	72	default:stone	0
-71	-6	72	default:stone	0
-70	-6	72	default:stone	0
-69	-6	72	default:stone	0
-68	-6	72	default:stone	0
-67	-6	72	default:stone	0
-66	-6	72	default:stone	0
-65	-6	72	default:stone	0
-64	-6	72	grug_decor:darkage_marble_tile	0
-63	-6	72	default:stone	0
-62	-6	72	default:stone	0
-61	-6	72	default:stone	0
-60	-6	72	default:stone	0
-59	-6	72	default:stone	0
-58	-6	72	default:stone	0
-57	-6	72	default:stone	0
-87	-5	72	default:stone	0
-86	-5	72	default:stone	0
-85	-5	72	default:stone	0
-84	-5	72	default:gravel	0
-83	-5	72	default:gravel	0
-82	-5	72	default:gravel	0
-81	-5	72	default:gravel	0
-80	-5	72	grug_decor:darkage_marble_tile	0
-79	-5	72	default:stone	0
-78	-5	72	default:stone	0
-77	-5	72	default:stone	0
-76	-5	72	default:stone	0
-75	-5	72	default:stone	0
-74	-5	72	default:stone	0
-73	-5	72	default:stone	0
-72	-5	72	default:stone	0
-71	-5	72	default:stone	0
-70	-5	72	default:stone	0
-69	-5	72	default:stone	0
-68	-5	72	default:stone	0
-67	-5	72	default:stone	0
-66	-5	72	default:stone	0
-65	-5	72	default:stone	0
-64	-5	72	grug_decor:darkage_marble_tile	0
-63	-5	72	default:stone	0
-62	-5	72	default:stone	0
-61	-5	72	default:stone	0
-60	-5	72	default:stone	0
-59	-5	72	default:stone	0
-58	-5	72	default:stone	0
-57	-5	72	default:stone	0
-87	-4	72	default:dirt	0
-86	-4	72	default:dirt	0
-85	-4	72	default:dirt	0
-84	-4	72	default:dirt	0
-83	-4	72	default:dirt	0
-82	-4	72	default:dirt	0
-81	-4	72	default:dirt	0
-80	-4	72	grug_decor:darkage_marble_tile	0
-79	-4	72	default:dirt	0
-78	-4	72	default:dirt	0
-77	-4	72	default:dirt	0
-76	-4	72	default:dirt	0
-75	-4	72	default:dirt	0
-74	-4	72	default:dirt	0
-73	-4	72	default:dirt	0
-72	-4	72	default:dirt	0
-71	-4	72	default:dirt	0
-70	-4	72	default:dirt	0
-69	-4	72	default:dirt	0
-68	-4	72	default:dirt	0
-67	-4	72	default:dirt	0
-66	-4	72	default:dirt	0
-65	-4	72	default:dirt	0
-64	-4	72	grug_decor:darkage_marble_tile	0
-63	-4	72	default:dirt	0
-62	-4	72	default:dirt	0
-61	-4	72	default:dirt	0
-60	-4	72	default:dirt	0
-59	-4	72	default:dirt	0
-58	-4	72	default:dirt	0
-57	-4	72	default:dirt	0
-87	-3	72	default:dirt_with_coniferous_litter	0
-86	-3	72	default:dirt_with_grass	0
-85	-3	72	default:dirt_with_grass	0
-84	-3	72	default:dirt_with_grass	0
-83	-3	72	default:dirt_with_grass	0
-82	-3	72	grug_nodes:dirt_with_forest_litter	0
-81	-3	72	grug_nodes:dirt_with_forest_litter	0
-80	-3	72	grug_decor:darkage_serpentine	0
-79	-3	72	grug_nodes:dirt_with_silver_litter	0
-78	-3	72	grug_decor:darkage_slate_tile	0
-77	-3	72	grug_decor:darkage_marble_tile	0
-76	-3	72	grug_trees:silverwood_wood	0
-75	-3	72	grug_trees:silverwood_wood	0
-74	-3	72	grug_trees:silverwood_wood	0
-73	-3	72	grug_trees:silverwood_wood	0
-72	-3	72	grug_trees:silverwood_wood	0
-71	-3	72	grug_trees:silverwood_wood	0
-70	-3	72	grug_trees:silverwood_wood	0
-69	-3	72	grug_trees:silverwood_wood	0
-68	-3	72	grug_trees:silverwood_wood	0
-67	-3	72	grug_decor:darkage_marble_tile	0
-66	-3	72	grug_decor:darkage_slate_tile	0
-65	-3	72	grug_nodes:dirt_with_silver_litter	0
-64	-3	72	grug_decor:darkage_serpentine	0
-63	-3	72	grug_nodes:dirt_with_forest_litter	0
-62	-3	72	grug_nodes:dirt_with_forest_litter	0
-61	-3	72	grug_nodes:dirt_with_forest_litter	0
-60	-3	72	grug_nodes:dirt_with_forest_litter	0
-59	-3	72	grug_nodes:dirt_with_forest_litter	0
-58	-3	72	grug_nodes:dirt_with_forest_litter	0
-57	-3	72	grug_nodes:dirt_with_forest_litter	0
-77	-2	72	grug_decor:darkage_slate_brick	0
-76	-2	72	grug_decor:darkage_slate_brick	0
-68	-2	72	grug_decor:darkage_slate_brick	0
-67	-2	72	grug_decor:darkage_slate_brick	0
-77	-1	72	xpanes:pane_flat	3
-67	-1	72	xpanes:pane_flat	3
-77	0	72	xpanes:pane_flat	3
-67	0	72	xpanes:pane_flat	3
-77	1	72	grug_trees:silverwood_wood	0
-67	1	72	grug_trees:silverwood_wood	0
-77	2	72	grug_trees:silverwood_wood	0
-67	2	72	grug_trees:silverwood_wood	0
-66	2	72	stairs:stair_silver_sandstone_brick	3
-77	3	72	grug_trees:silverwood_wood	0
-67	3	72	stairs:stair_silver_sandstone_brick	3
-78	4	72	stairs:stair_silver_sandstone_brick	1
-77	4	72	grug_trees:silverwood_wood	0
-68	4	72	stairs:stair_silver_sandstone_brick	3
-77	5	72	stairs:stair_silver_sandstone_brick	1
-69	5	72	stairs:stair_silver_sandstone_brick	3
-76	6	72	stairs:stair_silver_sandstone_brick	1
-70	6	72	stairs:stair_silver_sandstone_brick	3
-75	7	72	stairs:stair_silver_sandstone_brick	1
-71	7	72	stairs:stair_silver_sandstone_brick	3
-74	8	72	stairs:slab_silver_sandstone_brick	0
-73	8	72	stairs:slab_silver_sandstone_brick	0
-72	8	72	stairs:slab_silver_sandstone_brick	0
-87	-9	73	default:stone	0
-86	-9	73	default:stone	0
-85	-9	73	default:stone	0
-84	-9	73	default:stone	0
-83	-9	73	default:stone	0
-82	-9	73	default:stone	0
-81	-9	73	default:stone	0
-80	-9	73	grug_decor:darkage_marble_tile	0
-79	-9	73	default:stone	0
-78	-9	73	default:stone	0
-77	-9	73	default:stone	0
-76	-9	73	default:stone	0
-75	-9	73	default:stone	0
-74	-9	73	default:stone	0
-73	-9	73	default:stone	0
-72	-9	73	default:stone	0
-71	-9	73	default:stone	0
-70	-9	73	default:stone	0
-69	-9	73	default:stone	0
-68	-9	73	default:stone	0
-67	-9	73	default:stone	0
-66	-9	73	default:stone	0
-65	-9	73	default:stone	0
-64	-9	73	grug_decor:darkage_marble_tile	0
-63	-9	73	default:stone	0
-62	-9	73	default:stone	0
-61	-9	73	default:stone	0
-60	-9	73	default:stone	0
-59	-9	73	default:stone	0
-58	-9	73	default:stone	0
-57	-9	73	default:stone	0
-87	-8	73	default:stone	0
-86	-8	73	default:stone	0
-85	-8	73	default:stone	0
-84	-8	73	default:stone	0
-83	-8	73	default:gravel	0
-82	-8	73	default:gravel	0
-81	-8	73	default:gravel	0
-80	-8	73	grug_decor:darkage_marble_tile	0
-79	-8	73	default:stone	0
-78	-8	73	default:stone	0
-77	-8	73	default:stone	0
-76	-8	73	default:stone	0
-75	-8	73	default:stone	0
-74	-8	73	default:stone	0
-73	-8	73	default:stone	0
-72	-8	73	default:stone	0
-71	-8	73	default:stone	0
-70	-8	73	default:stone	0
-69	-8	73	default:stone	0
-68	-8	73	default:stone	0
-67	-8	73	default:stone	0
-66	-8	73	default:stone	0
-65	-8	73	default:stone	0
-64	-8	73	grug_decor:darkage_marble_tile	0
-63	-8	73	default:stone	0
-62	-8	73	default:stone	0
-61	-8	73	default:stone	0
-60	-8	73	default:stone	0
-59	-8	73	default:stone	0
-58	-8	73	default:stone	0
-57	-8	73	default:stone	0
-87	-7	73	default:stone	0
-86	-7	73	default:stone	0
-85	-7	73	default:stone	0
-84	-7	73	default:gravel	0
-83	-7	73	default:gravel	0
-82	-7	73	default:gravel	0
-81	-7	73	default:gravel	0
-80	-7	73	grug_decor:darkage_marble_tile	0
-79	-7	73	default:stone	0
-78	-7	73	default:stone	0
-77	-7	73	default:stone	0
-76	-7	73	default:stone	0
-75	-7	73	default:stone	0
-74	-7	73	default:stone	0
-73	-7	73	default:stone	0
-72	-7	73	default:stone	0
-71	-7	73	default:stone	0
-70	-7	73	default:stone	0
-69	-7	73	default:stone	0
-68	-7	73	default:stone	0
-67	-7	73	default:stone	0
-66	-7	73	default:stone	0
-65	-7	73	default:stone	0
-64	-7	73	grug_decor:darkage_marble_tile	0
-63	-7	73	default:stone	0
-62	-7	73	default:stone	0
-61	-7	73	default:stone	0
-60	-7	73	default:stone	0
-59	-7	73	default:stone	0
-58	-7	73	default:stone	0
-57	-7	73	default:stone	0
-87	-6	73	default:stone	0
-86	-6	73	default:stone	0
-85	-6	73	default:stone	0
-84	-6	73	default:gravel	0
-83	-6	73	default:gravel	0
-82	-6	73	default:gravel	0
-81	-6	73	default:gravel	0
-80	-6	73	grug_decor:darkage_marble_tile	0
-79	-6	73	default:stone	0
-78	-6	73	default:stone	0
-77	-6	73	default:stone	0
-76	-6	73	default:stone	0
-75	-6	73	default:stone	0
-74	-6	73	default:stone	0
-73	-6	73	default:stone	0
-72	-6	73	default:stone	0
-71	-6	73	default:stone	0
-70	-6	73	default:stone	0
-69	-6	73	default:stone	0
-68	-6	73	default:stone	0
-67	-6	73	default:stone	0
-66	-6	73	default:stone	0
-65	-6	73	default:stone	0
-64	-6	73	grug_decor:darkage_marble_tile	0
-63	-6	73	default:stone	0
-62	-6	73	default:stone	0
-61	-6	73	default:stone	0
-60	-6	73	default:stone	0
-59	-6	73	default:stone	0
-58	-6	73	default:stone	0
-57	-6	73	default:stone	0
-87	-5	73	default:stone	0
-86	-5	73	default:stone	0
-85	-5	73	default:stone	0
-84	-5	73	default:gravel	0
-83	-5	73	default:gravel	0
-82	-5	73	default:gravel	0
-81	-5	73	default:gravel	0
-80	-5	73	grug_decor:darkage_marble_tile	0
-79	-5	73	default:stone	0
-78	-5	73	default:stone	0
-77	-5	73	default:stone	0
-76	-5	73	default:stone	0
-75	-5	73	default:stone	0
-74	-5	73	default:stone	0
-73	-5	73	default:stone	0
-72	-5	73	default:stone	0
-71	-5	73	default:stone	0
-70	-5	73	default:stone	0
-69	-5	73	default:stone	0
-68	-5	73	default:stone	0
-67	-5	73	default:stone	0
-66	-5	73	default:stone	0
-65	-5	73	default:stone	0
-64	-5	73	grug_decor:darkage_marble_tile	0
-63	-5	73	default:stone	0
-62	-5	73	default:stone	0
-61	-5	73	default:stone	0
-60	-5	73	default:stone	0
-59	-5	73	default:stone	0
-58	-5	73	default:stone	0
-57	-5	73	default:stone	0
-87	-4	73	default:dirt	0
-86	-4	73	default:dirt	0
-85	-4	73	default:dirt	0
-84	-4	73	default:dirt	0
-83	-4	73	default:dirt	0
-82	-4	73	default:dirt	0
-81	-4	73	default:dirt	0
-80	-4	73	grug_decor:darkage_marble_tile	0
-79	-4	73	default:dirt	0
-78	-4	73	default:dirt	0
-77	-4	73	default:dirt	0
-76	-4	73	default:dirt	0
-75	-4	73	default:dirt	0
-74	-4	73	default:dirt	0
-73	-4	73	default:dirt	0
-72	-4	73	default:dirt	0
-71	-4	73	default:dirt	0
-70	-4	73	default:dirt	0
-69	-4	73	default:dirt	0
-68	-4	73	default:dirt	0
-67	-4	73	default:dirt	0
-66	-4	73	default:dirt	0
-65	-4	73	default:dirt	0
-64	-4	73	grug_decor:darkage_marble_tile	0
-63	-4	73	default:dirt	0
-62	-4	73	default:dirt	0
-61	-4	73	default:dirt	0
-60	-4	73	default:dirt	0
-59	-4	73	default:dirt	0
-58	-4	73	default:dirt	0
-57	-4	73	default:dirt	0
-87	-3	73	default:dirt_with_coniferous_litter	0
-86	-3	73	default:dirt_with_grass	0
-85	-3	73	default:dirt_with_grass	0
-84	-3	73	default:dirt_with_grass	0
-83	-3	73	default:dirt_with_grass	0
-82	-3	73	grug_nodes:dirt_with_forest_litter	0
-81	-3	73	grug_nodes:dirt_with_forest_litter	0
-80	-3	73	grug_decor:darkage_serpentine	0
-79	-3	73	grug_nodes:dirt_with_silver_litter	0
-78	-3	73	grug_decor:darkage_slate_tile	0
-77	-3	73	grug_decor:darkage_marble_tile	0
-76	-3	73	grug_trees:silverwood_wood	0
-75	-3	73	grug_trees:silverwood_wood	0
-74	-3	73	grug_trees:silverwood_wood	0
-73	-3	73	grug_trees:silverwood_wood	0
-72	-3	73	grug_trees:silverwood_wood	0
-71	-3	73	grug_trees:silverwood_wood	0
-70	-3	73	grug_trees:silverwood_wood	0
-69	-3	73	grug_trees:silverwood_wood	0
-68	-3	73	grug_trees:silverwood_wood	0
-67	-3	73	grug_decor:darkage_marble_tile	0
-66	-3	73	grug_decor:darkage_slate_tile	0
-65	-3	73	grug_nodes:dirt_with_silver_litter	0
-64	-3	73	grug_decor:darkage_serpentine	0
-63	-3	73	grug_nodes:dirt_with_forest_litter	0
-62	-3	73	grug_nodes:dirt_with_forest_litter	0
-61	-3	73	grug_nodes:dirt_with_forest_litter	0
-60	-3	73	grug_nodes:dirt_with_forest_litter	0
-59	-3	73	grug_nodes:dirt_with_forest_litter	0
-58	-3	73	grug_nodes:dirt_with_forest_litter	0
-57	-3	73	grug_nodes:dirt_with_forest_litter	0
-77	-2	73	grug_trees:silverwood_tree	0
-76	-2	73	grug_decor:darkage_slate_brick	0
-68	-2	73	grug_decor:darkage_slate_brick	0
-67	-2	73	grug_trees:silverwood_tree	0
-77	-1	73	grug_trees:silverwood_tree	0
-67	-1	73	grug_trees:silverwood_tree	0
-77	0	73	grug_trees:silverwood_tree	0
-76	0	73	grug_decor:xdecor_candle	3
-68	0	73	grug_decor:xdecor_candle	2
-67	0	73	grug_trees:silverwood_tree	0
-77	1	73	grug_trees:silverwood_tree	0
-67	1	73	grug_trees:silverwood_tree	0
-77	2	73	grug_trees:silverwood_tree	0
-67	2	73	grug_trees:silverwood_tree	0
-66	2	73	stairs:stair_silver_sandstone_brick	3
-77	3	73	grug_trees:silverwood_wood	0
-67	3	73	stairs:stair_silver_sandstone_brick	3
-78	4	73	stairs:stair_silver_sandstone_brick	1
-77	4	73	grug_trees:silverwood_wood	0
-68	4	73	stairs:stair_silver_sandstone_brick	3
-77	5	73	stairs:stair_silver_sandstone_brick	1
-69	5	73	stairs:stair_silver_sandstone_brick	3
-76	6	73	stairs:stair_silver_sandstone_brick	1
-70	6	73	stairs:stair_silver_sandstone_brick	3
-75	7	73	stairs:stair_silver_sandstone_brick	1
-71	7	73	stairs:stair_silver_sandstone_brick	3
-74	8	73	stairs:slab_silver_sandstone_brick	0
-73	8	73	stairs:slab_silver_sandstone_brick	0
-72	8	73	stairs:slab_silver_sandstone_brick	0
-87	-9	74	default:stone	0
-86	-9	74	default:stone	0
-85	-9	74	default:stone	0
-84	-9	74	default:stone	0
-83	-9	74	default:stone	0
-82	-9	74	default:stone	0
-81	-9	74	default:stone	0
-80	-9	74	grug_decor:darkage_marble_tile	0
-79	-9	74	default:stone	0
-78	-9	74	default:stone	0
-77	-9	74	default:stone	0
-76	-9	74	default:stone	0
-75	-9	74	default:stone	0
-74	-9	74	default:stone	0
-73	-9	74	default:stone	0
-72	-9	74	default:stone	0
-71	-9	74	default:stone	0
-70	-9	74	default:stone	0
-69	-9	74	default:stone	0
-68	-9	74	default:stone	0
-67	-9	74	default:stone	0
-66	-9	74	default:stone	0
-65	-9	74	default:stone	0
-64	-9	74	grug_decor:darkage_marble_tile	0
-63	-9	74	default:stone	0
-62	-9	74	default:stone	0
-61	-9	74	default:stone	0
-60	-9	74	default:stone	0
-59	-9	74	default:stone	0
-58	-9	74	default:stone	0
-57	-9	74	default:stone	0
-87	-8	74	default:stone	0
-86	-8	74	default:stone	0
-85	-8	74	default:stone	0
-84	-8	74	default:gravel	0
-83	-8	74	default:gravel	0
-82	-8	74	default:gravel	0
-81	-8	74	default:gravel	0
-80	-8	74	grug_decor:darkage_marble_tile	0
-79	-8	74	default:stone	0
-78	-8	74	default:stone	0
-77	-8	74	default:stone	0
-76	-8	74	default:stone	0
-75	-8	74	default:stone	0
-74	-8	74	default:stone	0
-73	-8	74	default:stone	0
-72	-8	74	default:stone	0
-71	-8	74	default:stone	0
-70	-8	74	default:stone	0
-69	-8	74	default:stone	0
-68	-8	74	default:stone	0
-67	-8	74	default:stone	0
-66	-8	74	default:stone	0
-65	-8	74	default:stone	0
-64	-8	74	grug_decor:darkage_marble_tile	0
-63	-8	74	default:stone	0
-62	-8	74	default:stone	0
-61	-8	74	default:stone	0
-60	-8	74	default:stone	0
-59	-8	74	default:stone	0
-58	-8	74	default:stone	0
-57	-8	74	default:stone	0
-87	-7	74	default:stone	0
-86	-7	74	default:stone	0
-85	-7	74	default:stone	0
-84	-7	74	default:gravel	0
-83	-7	74	default:gravel	0
-82	-7	74	default:gravel	0
-81	-7	74	default:gravel	0
-80	-7	74	grug_decor:darkage_marble_tile	0
-79	-7	74	default:stone	0
-78	-7	74	default:stone	0
-77	-7	74	default:stone	0
-76	-7	74	default:stone	0
-75	-7	74	default:stone	0
-74	-7	74	default:stone	0
-73	-7	74	default:stone	0
-72	-7	74	default:stone	0
-71	-7	74	default:stone	0
-70	-7	74	default:stone	0
-69	-7	74	default:stone	0
-68	-7	74	default:stone	0
-67	-7	74	default:stone	0
-66	-7	74	default:stone	0
-65	-7	74	default:stone	0
-64	-7	74	grug_decor:darkage_marble_tile	0
-63	-7	74	default:stone	0
-62	-7	74	default:stone	0
-61	-7	74	default:stone	0
-60	-7	74	default:stone	0
-59	-7	74	default:stone	0
-58	-7	74	default:stone	0
-57	-7	74	default:stone	0
-87	-6	74	default:stone	0
-86	-6	74	default:stone	0
-85	-6	74	default:stone	0
-84	-6	74	default:gravel	0
-83	-6	74	default:gravel	0
-82	-6	74	default:gravel	0
-81	-6	74	default:gravel	0
-80	-6	74	grug_decor:darkage_marble_tile	0
-79	-6	74	default:stone	0
-78	-6	74	default:stone	0
-77	-6	74	default:stone	0
-76	-6	74	default:stone	0
-75	-6	74	default:stone	0
-74	-6	74	default:stone	0
-73	-6	74	default:stone	0
-72	-6	74	default:stone	0
-71	-6	74	default:stone	0
-70	-6	74	default:stone	0
-69	-6	74	default:stone	0
-68	-6	74	default:stone	0
-67	-6	74	default:stone	0
-66	-6	74	default:stone	0
-65	-6	74	default:stone	0
-64	-6	74	grug_decor:darkage_marble_tile	0
-63	-6	74	default:stone	0
-62	-6	74	default:stone	0
-61	-6	74	default:stone	0
-60	-6	74	default:stone	0
-59	-6	74	default:stone	0
-58	-6	74	default:stone	0
-57	-6	74	default:stone	0
-87	-5	74	default:stone	0
-86	-5	74	default:stone	0
-85	-5	74	default:stone	0
-84	-5	74	default:gravel	0
-83	-5	74	default:gravel	0
-82	-5	74	default:gravel	0
-81	-5	74	default:gravel	0
-80	-5	74	grug_decor:darkage_marble_tile	0
-79	-5	74	default:stone	0
-78	-5	74	default:stone	0
-77	-5	74	default:stone	0
-76	-5	74	default:stone	0
-75	-5	74	default:stone	0
-74	-5	74	default:stone	0
-73	-5	74	default:stone	0
-72	-5	74	default:stone	0
-71	-5	74	default:stone	0
-70	-5	74	default:stone	0
-69	-5	74	default:stone	0
-68	-5	74	default:stone	0
-67	-5	74	default:stone	0
-66	-5	74	default:stone	0
-65	-5	74	default:stone	0
-64	-5	74	grug_decor:darkage_marble_tile	0
-63	-5	74	default:stone	0
-62	-5	74	default:stone	0
-61	-5	74	default:stone	0
-60	-5	74	default:stone	0
-59	-5	74	default:stone	0
-58	-5	74	default:stone	0
-57	-5	74	default:stone	0
-87	-4	74	default:dirt	0
-86	-4	74	default:dirt	0
-85	-4	74	default:dirt	0
-84	-4	74	default:dirt	0
-83	-4	74	default:dirt	0
-82	-4	74	default:dirt	0
-81	-4	74	default:dirt	0
-80	-4	74	grug_decor:darkage_marble_tile	0
-79	-4	74	default:dirt	0
-78	-4	74	default:dirt	0
-77	-4	74	default:dirt	0
-76	-4	74	default:dirt	0
-75	-4	74	default:dirt	0
-74	-4	74	default:dirt	0
-73	-4	74	default:dirt	0
-72	-4	74	default:dirt	0
-71	-4	74	default:dirt	0
-70	-4	74	default:dirt	0
-69	-4	74	default:dirt	0
-68	-4	74	default:dirt	0
-67	-4	74	default:dirt	0
-66	-4	74	default:dirt	0
-65	-4	74	default:dirt	0
-64	-4	74	grug_decor:darkage_marble_tile	0
-63	-4	74	default:dirt	0
-62	-4	74	default:dirt	0
-61	-4	74	default:dirt	0
-60	-4	74	default:dirt	0
-59	-4	74	default:dirt	0
-58	-4	74	default:dirt	0
-57	-4	74	default:dirt	0
-87	-3	74	default:dirt_with_coniferous_litter	0
-86	-3	74	default:dirt_with_grass	0
-85	-3	74	default:dirt_with_grass	0
-84	-3	74	default:dirt_with_grass	0
-83	-3	74	grug_nodes:dirt_with_forest_litter	0
-82	-3	74	grug_nodes:dirt_with_forest_litter	0
-81	-3	74	grug_nodes:dirt_with_forest_litter	0
-80	-3	74	grug_decor:darkage_serpentine	0
-79	-3	74	grug_nodes:dirt_with_silver_litter	0
-78	-3	74	grug_decor:darkage_slate_tile	0
-77	-3	74	grug_decor:darkage_marble_tile	0
-76	-3	74	grug_trees:silverwood_wood	0
-75	-3	74	grug_trees:silverwood_wood	0
-74	-3	74	grug_trees:silverwood_wood	0
-73	-3	74	grug_trees:silverwood_wood	0
-72	-3	74	grug_trees:silverwood_wood	0
-71	-3	74	grug_trees:silverwood_wood	0
-70	-3	74	grug_trees:silverwood_wood	0
-69	-3	74	grug_trees:silverwood_wood	0
-68	-3	74	grug_trees:silverwood_wood	0
-67	-3	74	grug_decor:darkage_marble_tile	0
-66	-3	74	grug_decor:darkage_slate_tile	0
-65	-3	74	grug_nodes:dirt_with_silver_litter	0
-64	-3	74	grug_decor:darkage_serpentine	0
-63	-3	74	grug_nodes:dirt_with_forest_litter	0
-62	-3	74	grug_nodes:dirt_with_forest_litter	0
-61	-3	74	grug_nodes:dirt_with_forest_litter	0
-60	-3	74	grug_nodes:dirt_with_forest_litter	0
-59	-3	74	grug_nodes:dirt_with_forest_litter	0
-58	-3	74	grug_nodes:dirt_with_forest_litter	0
-57	-3	74	grug_nodes:dirt_with_forest_litter	0
-77	-2	74	grug_trees:silverwood_tree	0
-76	-2	74	grug_decor:darkage_slate_brick	0
-68	-2	74	grug_decor:darkage_slate_brick	0
-67	-2	74	grug_trees:silverwood_tree	0
-77	-1	74	grug_trees:silverwood_tree	0
-67	-1	74	grug_trees:silverwood_tree	0
-77	0	74	grug_trees:silverwood_tree	0
-67	0	74	grug_trees:silverwood_tree	0
-77	1	74	grug_trees:silverwood_tree	0
-67	1	74	grug_trees:silverwood_tree	0
-77	2	74	grug_trees:silverwood_tree	0
-67	2	74	grug_trees:silverwood_tree	0
-66	2	74	stairs:stair_silver_sandstone_brick	3
-77	3	74	grug_trees:silverwood_wood	0
-67	3	74	stairs:stair_silver_sandstone_brick	3
-78	4	74	stairs:stair_silver_sandstone_brick	1
-77	4	74	grug_trees:silverwood_wood	0
-68	4	74	stairs:stair_silver_sandstone_brick	3
-77	5	74	stairs:stair_silver_sandstone_brick	1
-69	5	74	stairs:stair_silver_sandstone_brick	3
-76	6	74	stairs:stair_silver_sandstone_brick	1
-70	6	74	stairs:stair_silver_sandstone_brick	3
-75	7	74	stairs:stair_silver_sandstone_brick	1
-71	7	74	stairs:stair_silver_sandstone_brick	3
-74	8	74	stairs:slab_silver_sandstone_brick	0
-73	8	74	stairs:slab_silver_sandstone_brick	0
-72	8	74	stairs:slab_silver_sandstone_brick	0
-87	-9	75	default:stone	0
-86	-9	75	default:stone	0
-85	-9	75	default:stone	0
-84	-9	75	default:stone	0
-83	-9	75	default:stone	0
-82	-9	75	default:stone	0
-81	-9	75	default:stone	0
-80	-9	75	grug_decor:darkage_marble_tile	0
-79	-9	75	default:stone	0
-78	-9	75	default:stone	0
-77	-9	75	default:stone	0
-76	-9	75	default:stone	0
-75	-9	75	default:stone	0
-74	-9	75	default:stone	0
-73	-9	75	default:stone	0
-72	-9	75	default:stone	0
-71	-9	75	default:stone	0
-70	-9	75	default:stone	0
-69	-9	75	default:stone	0
-68	-9	75	default:stone	0
-67	-9	75	default:stone	0
-66	-9	75	default:stone	0
-65	-9	75	default:stone	0
-64	-9	75	grug_decor:darkage_marble_tile	0
-63	-9	75	default:stone	0
-62	-9	75	default:stone	0
-61	-9	75	default:stone	0
-60	-9	75	default:stone	0
-59	-9	75	default:stone	0
-58	-9	75	default:stone	0
-57	-9	75	default:stone	0
-87	-8	75	default:stone	0
-86	-8	75	default:stone	0
-85	-8	75	default:stone	0
-84	-8	75	default:stone	0
-83	-8	75	default:gravel	0
-82	-8	75	default:gravel	0
-81	-8	75	default:gravel	0
-80	-8	75	grug_decor:darkage_marble_tile	0
-79	-8	75	default:stone	0
-78	-8	75	default:stone	0
-77	-8	75	default:stone	0
-76	-8	75	default:stone	0
-75	-8	75	default:stone	0
-74	-8	75	default:stone	0
-73	-8	75	default:stone	0
-72	-8	75	default:stone	0
-71	-8	75	default:stone	0
-70	-8	75	default:stone	0
-69	-8	75	default:stone	0
-68	-8	75	default:stone	0
-67	-8	75	default:stone	0
-66	-8	75	default:stone	0
-65	-8	75	default:stone	0
-64	-8	75	grug_decor:darkage_marble_tile	0
-63	-8	75	default:stone	0
-62	-8	75	default:stone	0
-61	-8	75	default:stone	0
-60	-8	75	default:stone	0
-59	-8	75	default:stone	0
-58	-8	75	default:stone	0
-57	-8	75	default:stone	0
-87	-7	75	default:stone	0
-86	-7	75	default:stone	0
-85	-7	75	default:stone	0
-84	-7	75	default:gravel	0
-83	-7	75	default:gravel	0
-82	-7	75	default:gravel	0
-81	-7	75	default:gravel	0
-80	-7	75	grug_decor:darkage_marble_tile	0
-79	-7	75	default:stone	0
-78	-7	75	default:stone	0
-77	-7	75	default:stone	0
-76	-7	75	default:stone	0
-75	-7	75	default:stone	0
-74	-7	75	default:stone	0
-73	-7	75	default:stone	0
-72	-7	75	default:stone	0
-71	-7	75	default:stone	0
-70	-7	75	default:stone	0
-69	-7	75	default:stone	0
-68	-7	75	default:stone	0
-67	-7	75	default:stone	0
-66	-7	75	default:stone	0
-65	-7	75	default:stone	0
-64	-7	75	grug_decor:darkage_marble_tile	0
-63	-7	75	default:stone	0
-62	-7	75	default:stone	0
-61	-7	75	default:stone	0
-60	-7	75	default:stone	0
-59	-7	75	default:stone	0
-58	-7	75	default:stone	0
-57	-7	75	default:stone	0
-87	-6	75	default:stone	0
-86	-6	75	default:stone	0
-85	-6	75	default:stone	0
-84	-6	75	default:gravel	0
-83	-6	75	default:gravel	0
-82	-6	75	default:gravel	0
-81	-6	75	default:gravel	0
-80	-6	75	grug_decor:darkage_marble_tile	0
-79	-6	75	default:stone	0
-78	-6	75	default:stone	0
-77	-6	75	default:stone	0
-76	-6	75	default:stone	0
-75	-6	75	default:stone	0
-74	-6	75	default:stone	0
-73	-6	75	default:stone	0
-72	-6	75	default:stone	0
-71	-6	75	default:stone	0
-70	-6	75	default:stone	0
-69	-6	75	default:stone	0
-68	-6	75	default:stone	0
-67	-6	75	default:stone	0
-66	-6	75	default:stone	0
-65	-6	75	default:stone	0
-64	-6	75	grug_decor:darkage_marble_tile	0
-63	-6	75	default:stone	0
-62	-6	75	default:stone	0
-61	-6	75	default:stone	0
-60	-6	75	default:stone	0
-59	-6	75	default:stone	0
-58	-6	75	default:stone	0
-57	-6	75	default:stone	0
-87	-5	75	default:stone	0
-86	-5	75	default:stone	0
-85	-5	75	default:stone	0
-84	-5	75	default:gravel	0
-83	-5	75	default:gravel	0
-82	-5	75	default:gravel	0
-81	-5	75	default:gravel	0
-80	-5	75	grug_decor:darkage_marble_tile	0
-79	-5	75	default:stone	0
-78	-5	75	default:stone	0
-77	-5	75	default:stone	0
-76	-5	75	default:stone	0
-75	-5	75	default:stone	0
-74	-5	75	default:stone	0
-73	-5	75	default:stone	0
-72	-5	75	default:stone	0
-71	-5	75	default:stone	0
-70	-5	75	default:stone	0
-69	-5	75	default:stone	0
-68	-5	75	default:stone	0
-67	-5	75	default:stone	0
-66	-5	75	default:stone	0
-65	-5	75	default:stone	0
-64	-5	75	grug_decor:darkage_marble_tile	0
-63	-5	75	default:stone	0
-62	-5	75	default:stone	0
-61	-5	75	default:stone	0
-60	-5	75	default:stone	0
-59	-5	75	default:stone	0
-58	-5	75	default:stone	0
-57	-5	75	default:stone	0
-87	-4	75	default:dirt	0
-86	-4	75	default:dirt	0
-85	-4	75	default:dirt	0
-84	-4	75	default:dirt	0
-83	-4	75	default:dirt	0
-82	-4	75	default:dirt	0
-81	-4	75	default:dirt	0
-80	-4	75	grug_decor:darkage_marble_tile	0
-79	-4	75	default:dirt	0
-78	-4	75	default:dirt	0
-77	-4	75	default:dirt	0
-76	-4	75	default:dirt	0
-75	-4	75	default:dirt	0
-74	-4	75	default:dirt	0
-73	-4	75	default:dirt	0
-72	-4	75	default:dirt	0
-71	-4	75	default:dirt	0
-70	-4	75	default:dirt	0
-69	-4	75	default:dirt	0
-68	-4	75	default:dirt	0
-67	-4	75	default:dirt	0
-66	-4	75	default:dirt	0
-65	-4	75	default:dirt	0
-64	-4	75	grug_decor:darkage_marble_tile	0
-63	-4	75	default:dirt	0
-62	-4	75	default:dirt	0
-61	-4	75	default:dirt	0
-60	-4	75	default:dirt	0
-59	-4	75	default:dirt	0
-58	-4	75	default:dirt	0
-57	-4	75	default:dirt	0
-87	-3	75	default:dirt_with_coniferous_litter	0
-86	-3	75	default:dirt_with_coniferous_litter	0
-85	-3	75	default:dirt_with_grass	0
-84	-3	75	default:dirt_with_grass	0
-83	-3	75	grug_nodes:dirt_with_forest_litter	0
-82	-3	75	grug_nodes:dirt_with_forest_litter	0
-81	-3	75	grug_nodes:dirt_with_forest_litter	0
-80	-3	75	grug_decor:darkage_serpentine	0
-79	-3	75	grug_nodes:dirt_with_silver_litter	0
-78	-3	75	grug_decor:darkage_slate_tile	0
-77	-3	75	grug_decor:darkage_marble_tile	0
-76	-3	75	grug_trees:silverwood_wood	0
-75	-3	75	grug_trees:silverwood_wood	0
-74	-3	75	grug_trees:silverwood_wood	0
-73	-3	75	grug_trees:silverwood_wood	0
-72	-3	75	grug_trees:silverwood_wood	0
-71	-3	75	grug_trees:silverwood_wood	0
-70	-3	75	grug_trees:silverwood_wood	0
-69	-3	75	grug_trees:silverwood_wood	0
-68	-3	75	grug_trees:silverwood_wood	0
-67	-3	75	grug_decor:darkage_marble_tile	0
-66	-3	75	grug_decor:darkage_slate_tile	0
-65	-3	75	grug_nodes:dirt_with_silver_litter	0
-64	-3	75	grug_decor:darkage_serpentine	0
-63	-3	75	grug_nodes:dirt_with_forest_litter	0
-62	-3	75	grug_nodes:dirt_with_forest_litter	0
-61	-3	75	grug_nodes:dirt_with_forest_litter	0
-60	-3	75	grug_nodes:dirt_with_forest_litter	0
-59	-3	75	grug_nodes:dirt_with_forest_litter	0
-58	-3	75	grug_nodes:dirt_with_forest_litter	0
-57	-3	75	grug_nodes:dirt_with_forest_litter	0
-77	-2	75	grug_decor:darkage_slate_brick	0
-76	-2	75	grug_decor:darkage_slate_brick	0
-68	-2	75	grug_decor:darkage_slate_brick	0
-67	-2	75	grug_decor:darkage_slate_brick	0
-77	-1	75	xpanes:pane_flat	3
-67	-1	75	xpanes:pane_flat	3
-77	0	75	xpanes:pane_flat	3
-67	0	75	xpanes:pane_flat	3
-77	1	75	grug_trees:silverwood_wood	0
-67	1	75	grug_trees:silverwood_wood	0
-77	2	75	grug_trees:silverwood_wood	0
-67	2	75	grug_trees:silverwood_wood	0
-66	2	75	stairs:stair_silver_sandstone_brick	3
-77	3	75	grug_trees:silverwood_wood	0
-67	3	75	stairs:stair_silver_sandstone_brick	3
-78	4	75	stairs:stair_silver_sandstone_brick	1
-77	4	75	grug_trees:silverwood_wood	0
-68	4	75	stairs:stair_silver_sandstone_brick	3
-77	5	75	stairs:stair_silver_sandstone_brick	1
-69	5	75	stairs:stair_silver_sandstone_brick	3
-76	6	75	stairs:stair_silver_sandstone_brick	1
-70	6	75	stairs:stair_silver_sandstone_brick	3
-75	7	75	stairs:stair_silver_sandstone_brick	1
-71	7	75	stairs:stair_silver_sandstone_brick	3
-74	8	75	stairs:slab_silver_sandstone_brick	0
-73	8	75	stairs:slab_silver_sandstone_brick	0
-72	8	75	stairs:slab_silver_sandstone_brick	0
-87	-9	76	default:stone	0
-86	-9	76	default:stone	0
-85	-9	76	default:stone	0
-84	-9	76	default:stone	0
-83	-9	76	default:stone	0
-82	-9	76	default:stone	0
-81	-9	76	default:stone	0
-80	-9	76	grug_decor:darkage_marble_tile	0
-79	-9	76	default:stone	0
-78	-9	76	default:stone	0
-77	-9	76	default:stone	0
-76	-9	76	default:stone	0
-75	-9	76	default:stone	0
-74	-9	76	default:stone	0
-73	-9	76	default:stone	0
-72	-9	76	default:stone	0
-71	-9	76	default:stone	0
-70	-9	76	default:stone	0
-69	-9	76	default:stone	0
-68	-9	76	default:stone	0
-67	-9	76	default:stone	0
-66	-9	76	default:stone	0
-65	-9	76	default:stone	0
-64	-9	76	grug_decor:darkage_marble_tile	0
-63	-9	76	default:stone	0
-62	-9	76	default:stone	0
-61	-9	76	default:stone	0
-60	-9	76	default:stone	0
-59	-9	76	default:stone	0
-58	-9	76	default:gravel	0
-57	-9	76	default:gravel	0
-87	-8	76	default:stone	0
-86	-8	76	default:stone	0
-85	-8	76	default:stone	0
-84	-8	76	default:stone	0
-83	-8	76	default:stone	0
-82	-8	76	default:stone	0
-81	-8	76	default:stone	0
-80	-8	76	grug_decor:darkage_marble_tile	0
-79	-8	76	default:stone	0
-78	-8	76	default:stone	0
-77	-8	76	default:stone	0
-76	-8	76	default:stone	0
-75	-8	76	default:stone	0
-74	-8	76	default:stone	0
-73	-8	76	default:stone	0
-72	-8	76	default:stone	0
-71	-8	76	default:stone	0
-70	-8	76	default:stone	0
-69	-8	76	default:stone	0
-68	-8	76	default:stone	0
-67	-8	76	default:stone	0
-66	-8	76	default:stone	0
-65	-8	76	default:stone	0
-64	-8	76	grug_decor:darkage_marble_tile	0
-63	-8	76	default:stone	0
-62	-8	76	default:stone	0
-61	-8	76	default:stone	0
-60	-8	76	default:stone	0
-59	-8	76	default:stone	0
-58	-8	76	default:stone	0
-57	-8	76	default:stone	0
-87	-7	76	default:stone	0
-86	-7	76	default:stone	0
-85	-7	76	default:stone	0
-84	-7	76	default:stone	0
-83	-7	76	default:gravel	0
-82	-7	76	default:gravel	0
-81	-7	76	default:gravel	0
-80	-7	76	grug_decor:darkage_marble_tile	0
-79	-7	76	default:stone	0
-78	-7	76	default:stone	0
-77	-7	76	default:stone	0
-76	-7	76	default:stone	0
-75	-7	76	default:stone	0
-74	-7	76	default:stone	0
-73	-7	76	default:stone	0
-72	-7	76	default:stone	0
-71	-7	76	default:stone	0
-70	-7	76	default:stone	0
-69	-7	76	default:stone	0
-68	-7	76	default:stone	0
-67	-7	76	default:stone	0
-66	-7	76	default:stone	0
-65	-7	76	default:stone	0
-64	-7	76	grug_decor:darkage_marble_tile	0
-63	-7	76	default:stone	0
-62	-7	76	default:stone	0
-61	-7	76	default:stone	0
-60	-7	76	default:stone	0
-59	-7	76	default:stone	0
-58	-7	76	default:stone	0
-57	-7	76	default:stone	0
-87	-6	76	default:stone	0
-86	-6	76	default:stone	0
-85	-6	76	default:stone	0
-84	-6	76	default:gravel	0
-83	-6	76	default:gravel	0
-82	-6	76	default:gravel	0
-81	-6	76	default:gravel	0
-80	-6	76	grug_decor:darkage_marble_tile	0
-79	-6	76	default:stone	0
-78	-6	76	default:stone	0
-77	-6	76	default:stone	0
-76	-6	76	default:stone	0
-75	-6	76	default:stone	0
-74	-6	76	default:stone	0
-73	-6	76	default:stone	0
-72	-6	76	default:stone	0
-71	-6	76	default:stone	0
-70	-6	76	default:stone	0
-69	-6	76	default:stone	0
-68	-6	76	default:stone	0
-67	-6	76	default:stone	0
-66	-6	76	default:stone	0
-65	-6	76	default:stone	0
-64	-6	76	grug_decor:darkage_marble_tile	0
-63	-6	76	default:stone	0
-62	-6	76	default:stone	0
-61	-6	76	default:stone	0
-60	-6	76	default:stone	0
-59	-6	76	default:stone	0
-58	-6	76	default:stone	0
-57	-6	76	default:stone	0
-87	-5	76	default:stone	0
-86	-5	76	default:stone	0
-85	-5	76	default:stone	0
-84	-5	76	default:stone	0
-83	-5	76	default:gravel	0
-82	-5	76	default:gravel	0
-81	-5	76	default:gravel	0
-80	-5	76	grug_decor:darkage_marble_tile	0
-79	-5	76	default:stone	0
-78	-5	76	default:stone	0
-77	-5	76	default:stone	0
-76	-5	76	default:stone	0
-75	-5	76	default:stone	0
-74	-5	76	default:stone	0
-73	-5	76	default:stone	0
-72	-5	76	default:stone	0
-71	-5	76	default:stone	0
-70	-5	76	default:stone	0
-69	-5	76	default:stone	0
-68	-5	76	default:stone	0
-67	-5	76	default:stone	0
-66	-5	76	default:stone	0
-65	-5	76	default:stone	0
-64	-5	76	grug_decor:darkage_marble_tile	0
-63	-5	76	default:stone	0
-62	-5	76	default:stone	0
-61	-5	76	default:stone	0
-60	-5	76	default:stone	0
-59	-5	76	default:stone	0
-58	-5	76	default:stone	0
-57	-5	76	default:stone	0
-87	-4	76	default:dirt	0
-86	-4	76	default:dirt	0
-85	-4	76	default:dirt	0
-84	-4	76	default:dirt	0
-83	-4	76	default:dirt	0
-82	-4	76	default:dirt	0
-81	-4	76	default:dirt	0
-80	-4	76	grug_decor:darkage_marble_tile	0
-79	-4	76	default:dirt	0
-78	-4	76	default:dirt	0
-77	-4	76	default:dirt	0
-76	-4	76	default:dirt	0
-75	-4	76	default:dirt	0
-74	-4	76	default:dirt	0
-73	-4	76	default:dirt	0
-72	-4	76	default:dirt	0
-71	-4	76	default:dirt	0
-70	-4	76	default:dirt	0
-69	-4	76	default:dirt	0
-68	-4	76	default:dirt	0
-67	-4	76	default:dirt	0
-66	-4	76	default:dirt	0
-65	-4	76	default:dirt	0
-64	-4	76	grug_decor:darkage_marble_tile	0
-63	-4	76	default:dirt	0
-62	-4	76	default:dirt	0
-61	-4	76	default:dirt	0
-60	-4	76	default:dirt	0
-59	-4	76	default:dirt	0
-58	-4	76	default:dirt	0
-57	-4	76	default:dirt	0
-87	-3	76	default:dirt_with_coniferous_litter	0
-86	-3	76	default:dirt_with_coniferous_litter	0
-85	-3	76	default:dirt_with_grass	0
-84	-3	76	default:dirt_with_grass	0
-83	-3	76	grug_nodes:dirt_with_forest_litter	0
-82	-3	76	grug_nodes:dirt_with_forest_litter	0
-81	-3	76	grug_nodes:dirt_with_forest_litter	0
-80	-3	76	grug_decor:darkage_serpentine	0
-79	-3	76	grug_nodes:dirt_with_silver_litter	0
-78	-3	76	grug_decor:darkage_slate_tile	0
-77	-3	76	grug_decor:darkage_marble_tile	0
-76	-3	76	grug_trees:silverwood_wood	0
-75	-3	76	grug_trees:silverwood_wood	0
-74	-3	76	grug_trees:silverwood_wood	0
-73	-3	76	grug_trees:silverwood_wood	0
-72	-3	76	grug_trees:silverwood_wood	0
-71	-3	76	grug_trees:silverwood_wood	0
-70	-3	76	grug_trees:silverwood_wood	0
-69	-3	76	grug_trees:silverwood_wood	0
-68	-3	76	grug_trees:silverwood_wood	0
-67	-3	76	grug_decor:darkage_marble_tile	0
-66	-3	76	grug_decor:darkage_slate_tile	0
-65	-3	76	grug_nodes:dirt_with_silver_litter	0
-64	-3	76	grug_decor:darkage_serpentine	0
-63	-3	76	grug_nodes:dirt_with_forest_litter	0
-62	-3	76	grug_nodes:dirt_with_forest_litter	0
-61	-3	76	grug_nodes:dirt_with_forest_litter	0
-60	-3	76	grug_nodes:dirt_with_forest_litter	0
-59	-3	76	grug_nodes:dirt_with_forest_litter	0
-58	-3	76	grug_nodes:dirt_with_forest_litter	0
-57	-3	76	grug_nodes:dirt_with_forest_litter	0
-77	-2	76	grug_decor:darkage_slate_brick	0
-76	-2	76	grug_decor:darkage_slate_brick	0
-68	-2	76	grug_decor:darkage_slate_brick	0
-67	-2	76	grug_decor:darkage_slate_brick	0
-77	-1	76	xpanes:pane_flat	3
-67	-1	76	xpanes:pane_flat	3
-77	0	76	xpanes:pane_flat	3
-67	0	76	xpanes:pane_flat	3
-77	1	76	grug_trees:silverwood_wood	0
-67	1	76	grug_trees:silverwood_wood	0
-77	2	76	grug_trees:silverwood_wood	0
-67	2	76	grug_trees:silverwood_wood	0
-66	2	76	stairs:stair_silver_sandstone_brick	3
-77	3	76	grug_trees:silverwood_wood	0
-67	3	76	stairs:stair_silver_sandstone_brick	3
-78	4	76	stairs:stair_silver_sandstone_brick	1
-77	4	76	grug_trees:silverwood_wood	0
-68	4	76	stairs:stair_silver_sandstone_brick	3
-77	5	76	stairs:stair_silver_sandstone_brick	1
-69	5	76	stairs:stair_silver_sandstone_brick	3
-76	6	76	stairs:stair_silver_sandstone_brick	1
-70	6	76	stairs:stair_silver_sandstone_brick	3
-75	7	76	stairs:stair_silver_sandstone_brick	1
-71	7	76	stairs:stair_silver_sandstone_brick	3
-74	8	76	stairs:slab_silver_sandstone_brick	0
-73	8	76	stairs:slab_silver_sandstone_brick	0
-72	8	76	stairs:slab_silver_sandstone_brick	0
-87	-9	77	default:stone	0
-86	-9	77	default:stone	0
-85	-9	77	default:stone	0
-84	-9	77	default:stone	0
-83	-9	77	default:stone	0
-82	-9	77	default:stone	0
-81	-9	77	default:stone	0
-80	-9	77	grug_decor:darkage_marble_tile	0
-79	-9	77	default:stone	0
-78	-9	77	default:stone	0
-77	-9	77	default:stone	0
-76	-9	77	default:stone	0
-75	-9	77	default:stone	0
-74	-9	77	default:stone	0
-73	-9	77	default:stone	0
-72	-9	77	default:stone	0
-71	-9	77	default:stone	0
-70	-9	77	default:stone	0
-69	-9	77	default:stone	0
-68	-9	77	default:stone	0
-67	-9	77	default:stone	0
-66	-9	77	default:stone	0
-65	-9	77	default:stone	0
-64	-9	77	grug_decor:darkage_marble_tile	0
-63	-9	77	default:stone	0
-62	-9	77	default:stone	0
-61	-9	77	default:stone	0
-60	-9	77	default:stone	0
-59	-9	77	default:stone	0
-58	-9	77	default:gravel	0
-57	-9	77	default:gravel	0
-87	-8	77	default:stone	0
-86	-8	77	default:stone	0
-85	-8	77	default:stone	0
-84	-8	77	default:stone	0
-83	-8	77	default:stone	0
-82	-8	77	default:stone	0
-81	-8	77	default:stone	0
-80	-8	77	grug_decor:darkage_marble_tile	0
-79	-8	77	default:stone	0
-78	-8	77	default:stone	0
-77	-8	77	default:stone	0
-76	-8	77	default:stone	0
-75	-8	77	default:stone	0
-74	-8	77	default:stone	0
-73	-8	77	default:stone	0
-72	-8	77	default:stone	0
-71	-8	77	default:stone	0
-70	-8	77	default:stone	0
-69	-8	77	default:stone	0
-68	-8	77	default:stone	0
-67	-8	77	default:stone	0
-66	-8	77	default:stone	0
-65	-8	77	default:stone	0
-64	-8	77	grug_decor:darkage_marble_tile	0
-63	-8	77	default:stone	0
-62	-8	77	default:stone	0
-61	-8	77	default:stone	0
-60	-8	77	default:stone	0
-59	-8	77	default:stone	0
-58	-8	77	default:stone	0
-57	-8	77	default:gravel	0
-87	-7	77	default:stone	0
-86	-7	77	default:stone	0
-85	-7	77	default:stone	0
-84	-7	77	default:stone	0
-83	-7	77	default:stone	0
-82	-7	77	default:stone	0
-81	-7	77	default:stone	0
-80	-7	77	grug_decor:darkage_marble_tile	0
-79	-7	77	default:stone	0
-78	-7	77	default:stone	0
-77	-7	77	default:stone	0
-76	-7	77	default:stone	0
-75	-7	77	default:stone	0
-74	-7	77	default:stone	0
-73	-7	77	default:stone	0
-72	-7	77	default:stone	0
-71	-7	77	default:stone	0
-70	-7	77	default:stone	0
-69	-7	77	default:stone	0
-68	-7	77	default:stone	0
-67	-7	77	default:stone	0
-66	-7	77	default:stone	0
-65	-7	77	default:stone	0
-64	-7	77	grug_decor:darkage_marble_tile	0
-63	-7	77	default:stone	0
-62	-7	77	default:stone	0
-61	-7	77	default:stone	0
-60	-7	77	default:stone	0
-59	-7	77	default:stone	0
-58	-7	77	default:stone	0
-57	-7	77	default:stone	0
-87	-6	77	default:stone	0
-86	-6	77	default:stone	0
-85	-6	77	default:stone	0
-84	-6	77	default:stone	0
-83	-6	77	default:stone	0
-82	-6	77	default:stone	0
-81	-6	77	default:stone	0
-80	-6	77	grug_decor:darkage_marble_tile	0
-79	-6	77	default:stone	0
-78	-6	77	default:stone	0
-77	-6	77	default:stone	0
-76	-6	77	default:stone	0
-75	-6	77	default:stone	0
-74	-6	77	default:stone	0
-73	-6	77	default:stone	0
-72	-6	77	default:stone	0
-71	-6	77	default:stone	0
-70	-6	77	default:stone	0
-69	-6	77	default:stone	0
-68	-6	77	default:stone	0
-67	-6	77	default:stone	0
-66	-6	77	default:stone	0
-65	-6	77	default:stone	0
-64	-6	77	grug_decor:darkage_marble_tile	0
-63	-6	77	default:stone	0
-62	-6	77	default:stone	0
-61	-6	77	default:stone	0
-60	-6	77	default:stone	0
-59	-6	77	default:stone	0
-58	-6	77	default:stone	0
-57	-6	77	default:stone	0
-87	-5	77	default:stone	0
-86	-5	77	default:stone	0
-85	-5	77	default:stone	0
-84	-5	77	default:stone	0
-83	-5	77	default:stone	0
-82	-5	77	default:stone	0
-81	-5	77	default:stone	0
-80	-5	77	grug_decor:darkage_marble_tile	0
-79	-5	77	default:stone	0
-78	-5	77	default:stone	0
-77	-5	77	default:stone	0
-76	-5	77	default:stone	0
-75	-5	77	default:stone	0
-74	-5	77	default:stone	0
-73	-5	77	default:stone	0
-72	-5	77	default:stone	0
-71	-5	77	default:stone	0
-70	-5	77	default:stone	0
-69	-5	77	default:stone	0
-68	-5	77	default:stone	0
-67	-5	77	default:stone	0
-66	-5	77	default:stone	0
-65	-5	77	default:stone	0
-64	-5	77	grug_decor:darkage_marble_tile	0
-63	-5	77	default:stone	0
-62	-5	77	default:stone	0
-61	-5	77	default:stone	0
-60	-5	77	default:stone	0
-59	-5	77	default:stone	0
-58	-5	77	default:stone	0
-57	-5	77	default:stone	0
-87	-4	77	default:dirt	0
-86	-4	77	default:dirt	0
-85	-4	77	default:dirt	0
-84	-4	77	default:dirt	0
-83	-4	77	default:dirt	0
-82	-4	77	default:dirt	0
-81	-4	77	default:dirt	0
-80	-4	77	grug_decor:darkage_marble_tile	0
-79	-4	77	default:dirt	0
-78	-4	77	default:dirt	0
-77	-4	77	default:dirt	0
-76	-4	77	default:dirt	0
-75	-4	77	default:dirt	0
-74	-4	77	default:dirt	0
-73	-4	77	default:dirt	0
-72	-4	77	default:dirt	0
-71	-4	77	default:dirt	0
-70	-4	77	default:dirt	0
-69	-4	77	default:dirt	0
-68	-4	77	default:dirt	0
-67	-4	77	default:dirt	0
-66	-4	77	default:dirt	0
-65	-4	77	default:dirt	0
-64	-4	77	grug_decor:darkage_marble_tile	0
-63	-4	77	default:dirt	0
-62	-4	77	default:dirt	0
-61	-4	77	default:dirt	0
-60	-4	77	default:dirt	0
-59	-4	77	default:dirt	0
-58	-4	77	default:dirt	0
-57	-4	77	default:dirt	0
-87	-3	77	default:dirt_with_coniferous_litter	0
-86	-3	77	default:dirt_with_coniferous_litter	0
-85	-3	77	default:dirt_with_grass	0
-84	-3	77	default:dirt_with_grass	0
-83	-3	77	grug_nodes:dirt_with_forest_litter	0
-82	-3	77	grug_nodes:dirt_with_forest_litter	0
-81	-3	77	grug_nodes:dirt_with_forest_litter	0
-80	-3	77	grug_decor:darkage_serpentine	0
-79	-3	77	grug_nodes:dirt_with_silver_litter	0
-78	-3	77	grug_decor:darkage_slate_tile	0
-77	-3	77	grug_decor:darkage_marble_tile	0
-76	-3	77	grug_trees:silverwood_wood	0
-75	-3	77	grug_trees:silverwood_wood	0
-74	-3	77	grug_trees:silverwood_wood	0
-73	-3	77	grug_trees:silverwood_wood	0
-72	-3	77	grug_trees:silverwood_wood	0
-71	-3	77	grug_trees:silverwood_wood	0
-70	-3	77	grug_trees:silverwood_wood	0
-69	-3	77	grug_trees:silverwood_wood	0
-68	-3	77	grug_trees:silverwood_wood	0
-67	-3	77	grug_decor:darkage_marble_tile	0
-66	-3	77	grug_decor:darkage_slate_tile	0
-65	-3	77	grug_nodes:dirt_with_silver_litter	0
-64	-3	77	grug_decor:darkage_serpentine	0
-63	-3	77	grug_nodes:dirt_with_forest_litter	0
-62	-3	77	grug_nodes:dirt_with_forest_litter	0
-61	-3	77	grug_nodes:dirt_with_forest_litter	0
-60	-3	77	grug_nodes:dirt_with_forest_litter	0
-59	-3	77	grug_nodes:dirt_with_forest_litter	0
-58	-3	77	grug_nodes:dirt_with_forest_litter	0
-57	-3	77	grug_nodes:dirt_with_forest_litter	0
-77	-2	77	grug_trees:silverwood_tree	0
-76	-2	77	grug_decor:darkage_slate_brick	0
-68	-2	77	grug_decor:darkage_slate_brick	0
-67	-2	77	grug_trees:silverwood_tree	0
-77	-1	77	grug_trees:silverwood_tree	0
-67	-1	77	grug_trees:silverwood_tree	0
-77	0	77	grug_trees:silverwood_tree	0
-67	0	77	grug_trees:silverwood_tree	0
-77	1	77	grug_trees:silverwood_tree	0
-67	1	77	grug_trees:silverwood_tree	0
-77	2	77	grug_trees:silverwood_tree	0
-67	2	77	grug_trees:silverwood_tree	0
-66	2	77	stairs:stair_silver_sandstone_brick	3
-77	3	77	grug_trees:silverwood_wood	0
-67	3	77	stairs:stair_silver_sandstone_brick	3
-78	4	77	stairs:stair_silver_sandstone_brick	1
-77	4	77	grug_trees:silverwood_wood	0
-68	4	77	stairs:stair_silver_sandstone_brick	3
-77	5	77	stairs:stair_silver_sandstone_brick	1
-69	5	77	stairs:stair_silver_sandstone_brick	3
-76	6	77	stairs:stair_silver_sandstone_brick	1
-70	6	77	stairs:stair_silver_sandstone_brick	3
-75	7	77	stairs:stair_silver_sandstone_brick	1
-71	7	77	stairs:stair_silver_sandstone_brick	3
-74	8	77	stairs:slab_silver_sandstone_brick	0
-73	8	77	stairs:slab_silver_sandstone_brick	0
-72	8	77	stairs:slab_silver_sandstone_brick	0
-87	-9	78	default:stone	0
-86	-9	78	default:stone	0
-85	-9	78	default:stone	0
-84	-9	78	default:stone	0
-83	-9	78	default:stone	0
-82	-9	78	default:stone	0
-81	-9	78	default:stone	0
-80	-9	78	grug_decor:darkage_marble_tile	0
-79	-9	78	default:stone	0
-78	-9	78	default:stone	0
-77	-9	78	default:stone	0
-76	-9	78	default:stone	0
-75	-9	78	default:stone	0
-74	-9	78	default:stone	0
-73	-9	78	default:stone	0
-72	-9	78	default:stone	0
-71	-9	78	default:stone	0
-70	-9	78	default:stone	0
-69	-9	78	default:stone	0
-68	-9	78	default:stone	0
-67	-9	78	default:stone	0
-66	-9	78	default:stone	0
-65	-9	78	default:stone	0
-64	-9	78	grug_decor:darkage_marble_tile	0
-63	-9	78	default:stone	0
-62	-9	78	default:stone	0
-61	-9	78	default:stone	0
-60	-9	78	default:stone	0
-59	-9	78	default:gravel	0
-58	-9	78	default:gravel	0
-57	-9	78	default:gravel	0
-87	-8	78	default:stone	0
-86	-8	78	default:stone	0
-85	-8	78	default:stone	0
-84	-8	78	default:stone	0
-83	-8	78	default:stone	0
-82	-8	78	default:stone	0
-81	-8	78	default:stone	0
-80	-8	78	grug_decor:darkage_marble_tile	0
-79	-8	78	default:stone	0
-78	-8	78	default:stone	0
-77	-8	78	default:stone	0
-76	-8	78	default:stone	0
-75	-8	78	default:stone	0
-74	-8	78	default:stone	0
-73	-8	78	default:stone	0
-72	-8	78	default:stone	0
-71	-8	78	default:stone	0
-70	-8	78	default:stone	0
-69	-8	78	default:stone	0
-68	-8	78	default:stone	0
-67	-8	78	default:stone	0
-66	-8	78	default:stone	0
-65	-8	78	default:stone	0
-64	-8	78	grug_decor:darkage_marble_tile	0
-63	-8	78	default:stone	0
-62	-8	78	default:stone	0
-61	-8	78	default:stone	0
-60	-8	78	default:stone	0
-59	-8	78	default:stone	0
-58	-8	78	default:gravel	0
-57	-8	78	default:gravel	0
-87	-7	78	default:stone	0
-86	-7	78	default:stone	0
-85	-7	78	default:stone	0
-84	-7	78	default:stone	0
-83	-7	78	default:stone	0
-82	-7	78	default:stone	0
-81	-7	78	default:stone	0
-80	-7	78	grug_decor:darkage_marble_tile	0
-79	-7	78	default:stone	0
-78	-7	78	default:stone	0
-77	-7	78	default:stone	0
-76	-7	78	default:stone	0
-75	-7	78	default:stone	0
-74	-7	78	default:stone	0
-73	-7	78	default:stone	0
-72	-7	78	default:stone	0
-71	-7	78	default:stone	0
-70	-7	78	default:stone	0
-69	-7	78	default:stone	0
-68	-7	78	default:stone	0
-67	-7	78	default:stone	0
-66	-7	78	default:stone	0
-65	-7	78	default:stone	0
-64	-7	78	grug_decor:darkage_marble_tile	0
-63	-7	78	default:stone	0
-62	-7	78	default:stone	0
-61	-7	78	default:stone	0
-60	-7	78	default:stone	0
-59	-7	78	default:stone	0
-58	-7	78	default:stone	0
-57	-7	78	default:stone	0
-87	-6	78	default:stone	0
-86	-6	78	default:stone	0
-85	-6	78	default:stone	0
-84	-6	78	default:stone	0
-83	-6	78	default:stone	0
-82	-6	78	default:stone	0
-81	-6	78	default:stone	0
-80	-6	78	grug_decor:darkage_marble_tile	0
-79	-6	78	default:stone	0
-78	-6	78	default:stone	0
-77	-6	78	default:stone	0
-76	-6	78	default:stone	0
-75	-6	78	default:stone	0
-74	-6	78	default:stone	0
-73	-6	78	default:stone	0
-72	-6	78	default:stone	0
-71	-6	78	default:stone	0
-70	-6	78	default:stone	0
-69	-6	78	default:stone	0
-68	-6	78	default:stone	0
-67	-6	78	default:stone	0
-66	-6	78	default:stone	0
-65	-6	78	default:stone	0
-64	-6	78	grug_decor:darkage_marble_tile	0
-63	-6	78	default:stone	0
-62	-6	78	default:stone	0
-61	-6	78	default:stone	0
-60	-6	78	default:stone	0
-59	-6	78	default:stone	0
-58	-6	78	default:stone	0
-57	-6	78	default:stone	0
-87	-5	78	default:stone	0
-86	-5	78	default:stone	0
-85	-5	78	default:stone	0
-84	-5	78	default:stone	0
-83	-5	78	default:stone	0
-82	-5	78	default:stone	0
-81	-5	78	default:stone	0
-80	-5	78	grug_decor:darkage_marble_tile	0
-79	-5	78	default:stone	0
-78	-5	78	default:stone	0
-77	-5	78	default:stone	0
-76	-5	78	default:stone	0
-75	-5	78	default:stone	0
-74	-5	78	default:stone	0
-73	-5	78	default:stone	0
-72	-5	78	default:stone	0
-71	-5	78	default:stone	0
-70	-5	78	default:stone	0
-69	-5	78	default:stone	0
-68	-5	78	default:stone	0
-67	-5	78	default:stone	0
-66	-5	78	default:stone	0
-65	-5	78	default:stone	0
-64	-5	78	grug_decor:darkage_marble_tile	0
-63	-5	78	default:stone	0
-62	-5	78	default:stone	0
-61	-5	78	default:stone	0
-60	-5	78	default:stone	0
-59	-5	78	default:stone	0
-58	-5	78	default:stone	0
-57	-5	78	default:stone	0
-87	-4	78	default:dirt	0
-86	-4	78	default:dirt	0
-85	-4	78	default:dirt	0
-84	-4	78	default:dirt	0
-83	-4	78	default:dirt	0
-82	-4	78	default:dirt	0
-81	-4	78	default:dirt	0
-80	-4	78	grug_decor:darkage_marble_tile	0
-79	-4	78	default:dirt	0
-78	-4	78	default:dirt	0
-77	-4	78	default:dirt	0
-76	-4	78	default:dirt	0
-75	-4	78	default:dirt	0
-74	-4	78	default:dirt	0
-73	-4	78	default:dirt	0
-72	-4	78	default:dirt	0
-71	-4	78	default:dirt	0
-70	-4	78	default:dirt	0
-69	-4	78	default:dirt	0
-68	-4	78	default:dirt	0
-67	-4	78	default:dirt	0
-66	-4	78	default:dirt	0
-65	-4	78	default:dirt	0
-64	-4	78	grug_decor:darkage_marble_tile	0
-63	-4	78	default:dirt	0
-62	-4	78	default:dirt	0
-61	-4	78	default:dirt	0
-60	-4	78	default:dirt	0
-59	-4	78	default:dirt	0
-58	-4	78	default:dirt	0
-57	-4	78	default:dirt	0
-87	-3	78	default:dirt_with_coniferous_litter	0
-86	-3	78	default:dirt_with_grass	0
-85	-3	78	default:dirt_with_grass	0
-84	-3	78	default:dirt_with_grass	0
-83	-3	78	default:dirt_with_grass	0
-82	-3	78	grug_nodes:dirt_with_forest_litter	0
-81	-3	78	grug_nodes:dirt_with_forest_litter	0
-80	-3	78	grug_decor:darkage_serpentine	0
-79	-3	78	grug_nodes:dirt_with_silver_litter	0
-78	-3	78	grug_decor:darkage_slate_tile	0
-77	-3	78	grug_decor:darkage_marble_tile	0
-76	-3	78	grug_trees:silverwood_wood	0
-75	-3	78	grug_trees:silverwood_wood	0
-74	-3	78	grug_trees:silverwood_wood	0
-73	-3	78	grug_trees:silverwood_wood	0
-72	-3	78	grug_trees:silverwood_wood	0
-71	-3	78	grug_trees:silverwood_wood	0
-70	-3	78	grug_trees:silverwood_wood	0
-69	-3	78	grug_trees:silverwood_wood	0
-68	-3	78	grug_trees:silverwood_wood	0
-67	-3	78	grug_decor:darkage_marble_tile	0
-66	-3	78	grug_decor:darkage_slate_tile	0
-65	-3	78	grug_nodes:dirt_with_silver_litter	0
-64	-3	78	grug_decor:darkage_serpentine	0
-63	-3	78	grug_nodes:dirt_with_forest_litter	0
-62	-3	78	grug_nodes:dirt_with_forest_litter	0
-61	-3	78	grug_nodes:dirt_with_forest_litter	0
-60	-3	78	grug_nodes:dirt_with_forest_litter	0
-59	-3	78	grug_nodes:dirt_with_forest_litter	0
-58	-3	78	grug_nodes:dirt_with_forest_litter	0
-57	-3	78	grug_nodes:dirt_with_forest_litter	0
-77	-2	78	grug_trees:silverwood_tree	0
-76	-2	78	grug_decor:darkage_slate_brick	0
-68	-2	78	grug_decor:darkage_slate_brick	0
-67	-2	78	grug_trees:silverwood_tree	0
-77	-1	78	grug_trees:silverwood_tree	0
-67	-1	78	grug_trees:silverwood_tree	0
-77	0	78	grug_trees:silverwood_tree	0
-67	0	78	grug_trees:silverwood_tree	0
-77	1	78	grug_trees:silverwood_tree	0
-67	1	78	grug_trees:silverwood_tree	0
-77	2	78	grug_trees:silverwood_tree	0
-67	2	78	grug_trees:silverwood_tree	0
-66	2	78	stairs:stair_silver_sandstone_brick	3
-77	3	78	grug_trees:silverwood_wood	0
-67	3	78	stairs:stair_silver_sandstone_brick	3
-78	4	78	stairs:stair_silver_sandstone_brick	1
-77	4	78	grug_trees:silverwood_wood	0
-68	4	78	stairs:stair_silver_sandstone_brick	3
-77	5	78	stairs:stair_silver_sandstone_brick	1
-69	5	78	stairs:stair_silver_sandstone_brick	3
-76	6	78	stairs:stair_silver_sandstone_brick	1
-70	6	78	stairs:stair_silver_sandstone_brick	3
-75	7	78	stairs:stair_silver_sandstone_brick	1
-71	7	78	stairs:stair_silver_sandstone_brick	3
-74	8	78	stairs:slab_silver_sandstone_brick	0
-73	8	78	stairs:slab_silver_sandstone_brick	0
-72	8	78	stairs:slab_silver_sandstone_brick	0
-87	-9	79	default:stone	0
-86	-9	79	default:stone	0
-85	-9	79	default:stone	0
-84	-9	79	default:stone	0
-83	-9	79	default:stone	0
-82	-9	79	default:stone	0
-81	-9	79	default:stone	0
-80	-9	79	grug_decor:darkage_marble_tile	0
-79	-9	79	default:stone	0
-78	-9	79	default:stone	0
-77	-9	79	default:stone	0
-76	-9	79	default:stone	0
-75	-9	79	default:stone	0
-74	-9	79	default:stone	0
-73	-9	79	default:stone	0
-72	-9	79	default:stone	0
-71	-9	79	default:stone	0
-70	-9	79	default:stone	0
-69	-9	79	default:stone	0
-68	-9	79	default:stone	0
-67	-9	79	default:stone	0
-66	-9	79	default:stone	0
-65	-9	79	default:stone	0
-64	-9	79	grug_decor:darkage_marble_tile	0
-63	-9	79	default:stone	0
-62	-9	79	default:stone	0
-61	-9	79	default:stone	0
-60	-9	79	default:stone	0
-59	-9	79	default:stone	0
-58	-9	79	default:gravel	0
-57	-9	79	default:gravel	0
-87	-8	79	default:stone	0
-86	-8	79	default:stone	0
-85	-8	79	default:stone	0
-84	-8	79	default:stone	0
-83	-8	79	default:stone	0
-82	-8	79	default:stone	0
-81	-8	79	default:stone	0
-80	-8	79	grug_decor:darkage_marble_tile	0
-79	-8	79	default:stone	0
-78	-8	79	default:stone	0
-77	-8	79	default:stone	0
-76	-8	79	default:stone	0
-75	-8	79	default:stone	0
-74	-8	79	default:stone	0
-73	-8	79	default:stone	0
-72	-8	79	default:stone	0
-71	-8	79	default:stone	0
-70	-8	79	default:stone	0
-69	-8	79	default:stone	0
-68	-8	79	default:stone	0
-67	-8	79	default:stone	0
-66	-8	79	default:stone	0
-65	-8	79	default:stone	0
-64	-8	79	grug_decor:darkage_marble_tile	0
-63	-8	79	default:stone	0
-62	-8	79	default:stone	0
-61	-8	79	default:stone	0
-60	-8	79	default:stone	0
-59	-8	79	default:stone	0
-58	-8	79	default:stone	0
-57	-8	79	default:gravel	0
-87	-7	79	default:stone	0
-86	-7	79	default:stone	0
-85	-7	79	default:stone	0
-84	-7	79	default:stone	0
-83	-7	79	default:stone	0
-82	-7	79	default:stone	0
-81	-7	79	default:stone	0
-80	-7	79	grug_decor:darkage_marble_tile	0
-79	-7	79	default:stone	0
-78	-7	79	default:stone	0
-77	-7	79	default:stone	0
-76	-7	79	default:stone	0
-75	-7	79	default:stone	0
-74	-7	79	default:stone	0
-73	-7	79	default:stone	0
-72	-7	79	default:stone	0
-71	-7	79	default:stone	0
-70	-7	79	default:stone	0
-69	-7	79	default:stone	0
-68	-7	79	default:stone	0
-67	-7	79	default:stone	0
-66	-7	79	default:stone	0
-65	-7	79	default:stone	0
-64	-7	79	grug_decor:darkage_marble_tile	0
-63	-7	79	default:stone	0
-62	-7	79	default:stone	0
-61	-7	79	default:stone	0
-60	-7	79	default:stone	0
-59	-7	79	default:stone	0
-58	-7	79	default:stone	0
-57	-7	79	default:stone	0
-87	-6	79	default:stone	0
-86	-6	79	default:stone	0
-85	-6	79	default:stone	0
-84	-6	79	default:stone	0
-83	-6	79	default:stone	0
-82	-6	79	default:stone	0
-81	-6	79	default:stone	0
-80	-6	79	grug_decor:darkage_marble_tile	0
-79	-6	79	default:stone	0
-78	-6	79	default:stone	0
-77	-6	79	default:stone	0
-76	-6	79	default:stone	0
-75	-6	79	default:stone	0
-74	-6	79	default:stone	0
-73	-6	79	default:stone	0
-72	-6	79	default:stone	0
-71	-6	79	default:stone	0
-70	-6	79	default:stone	0
-69	-6	79	default:stone	0
-68	-6	79	default:stone	0
-67	-6	79	default:stone	0
-66	-6	79	default:stone	0
-65	-6	79	default:stone	0
-64	-6	79	grug_decor:darkage_marble_tile	0
-63	-6	79	default:stone	0
-62	-6	79	default:stone	0
-61	-6	79	default:stone	0
-60	-6	79	default:stone	0
-59	-6	79	default:stone	0
-58	-6	79	default:stone	0
-57	-6	79	default:stone	0
-87	-5	79	default:dirt	0
-86	-5	79	default:dirt	0
-85	-5	79	default:dirt	0
-84	-5	79	default:dirt	0
-83	-5	79	default:dirt	0
-82	-5	79	default:dirt	0
-81	-5	79	default:dirt	0
-80	-5	79	grug_decor:darkage_marble_tile	0
-79	-5	79	default:dirt	0
-78	-5	79	default:dirt	0
-77	-5	79	default:dirt	0
-76	-5	79	default:dirt	0
-75	-5	79	default:stone	0
-74	-5	79	default:stone	0
-73	-5	79	default:stone	0
-72	-5	79	default:stone	0
-71	-5	79	default:stone	0
-70	-5	79	default:stone	0
-69	-5	79	default:stone	0
-68	-5	79	default:stone	0
-67	-5	79	default:stone	0
-66	-5	79	default:stone	0
-65	-5	79	default:stone	0
-64	-5	79	grug_decor:darkage_marble_tile	0
-63	-5	79	default:stone	0
-62	-5	79	default:stone	0
-61	-5	79	default:stone	0
-60	-5	79	default:stone	0
-59	-5	79	default:stone	0
-58	-5	79	default:stone	0
-57	-5	79	default:stone	0
-87	-4	79	default:dirt_with_coniferous_litter	0
-86	-4	79	default:dirt_with_grass	0
-85	-4	79	default:dirt_with_grass	0
-84	-4	79	default:dirt_with_grass	0
-83	-4	79	default:dirt_with_grass	0
-82	-4	79	grug_nodes:dirt_with_forest_litter	0
-81	-4	79	grug_nodes:dirt_with_forest_litter	0
-80	-4	79	grug_decor:darkage_marble_tile	0
-79	-4	79	default:dirt	0
-78	-4	79	default:dirt	0
-77	-4	79	default:dirt	0
-76	-4	79	default:dirt	0
-75	-4	79	default:dirt	0
-74	-4	79	default:dirt	0
-73	-4	79	default:dirt	0
-72	-4	79	default:dirt	0
-71	-4	79	default:dirt	0
-70	-4	79	default:dirt	0
-69	-4	79	default:dirt	0
-68	-4	79	default:dirt	0
-67	-4	79	default:dirt	0
-66	-4	79	default:dirt	0
-65	-4	79	default:dirt	0
-64	-4	79	grug_decor:darkage_marble_tile	0
-63	-4	79	default:dirt	0
-62	-4	79	default:dirt	0
-61	-4	79	default:dirt	0
-60	-4	79	default:dirt	0
-59	-4	79	default:dirt	0
-58	-4	79	default:dirt	0
-57	-4	79	default:dirt	0
-80	-3	79	grug_decor:darkage_serpentine	0
-79	-3	79	grug_nodes:dirt_with_silver_litter	0
-78	-3	79	grug_decor:darkage_slate_tile	0
-77	-3	79	grug_decor:darkage_marble_tile	0
-76	-3	79	grug_trees:silverwood_wood	0
-75	-3	79	grug_trees:silverwood_wood	0
-74	-3	79	grug_trees:silverwood_wood	0
-73	-3	79	grug_trees:silverwood_wood	0
-72	-3	79	grug_trees:silverwood_wood	0
-71	-3	79	grug_trees:silverwood_wood	0
-70	-3	79	grug_trees:silverwood_wood	0
-69	-3	79	grug_trees:silverwood_wood	0
-68	-3	79	grug_trees:silverwood_wood	0
-67	-3	79	grug_decor:darkage_marble_tile	0
-66	-3	79	grug_decor:darkage_slate_tile	0
-65	-3	79	grug_nodes:dirt_with_silver_litter	0
-64	-3	79	grug_decor:darkage_serpentine	0
-63	-3	79	grug_nodes:dirt_with_forest_litter	0
-62	-3	79	grug_nodes:dirt_with_forest_litter	0
-61	-3	79	grug_nodes:dirt_with_forest_litter	0
-60	-3	79	grug_nodes:dirt_with_forest_litter	0
-59	-3	79	grug_nodes:dirt_with_forest_litter	0
-58	-3	79	grug_nodes:dirt_with_forest_litter	0
-57	-3	79	grug_nodes:dirt_with_forest_litter	0
-77	-2	79	grug_decor:darkage_slate_brick	0
-76	-2	79	grug_decor:darkage_slate_brick	0
-68	-2	79	grug_decor:darkage_slate_brick	0
-67	-2	79	grug_decor:darkage_slate_brick	0
-77	-1	79	xpanes:pane_flat	3
-67	-1	79	xpanes:pane_flat	3
-77	0	79	xpanes:pane_flat	3
-67	0	79	xpanes:pane_flat	3
-77	1	79	grug_trees:silverwood_wood	0
-67	1	79	grug_trees:silverwood_wood	0
-77	2	79	grug_trees:silverwood_wood	0
-67	2	79	grug_trees:silverwood_wood	0
-66	2	79	stairs:stair_silver_sandstone_brick	3
-77	3	79	grug_trees:silverwood_wood	0
-67	3	79	stairs:stair_silver_sandstone_brick	3
-78	4	79	stairs:stair_silver_sandstone_brick	1
-77	4	79	grug_trees:silverwood_wood	0
-68	4	79	stairs:stair_silver_sandstone_brick	3
-77	5	79	stairs:stair_silver_sandstone_brick	1
-69	5	79	stairs:stair_silver_sandstone_brick	3
-76	6	79	stairs:stair_silver_sandstone_brick	1
-70	6	79	stairs:stair_silver_sandstone_brick	3
-75	7	79	stairs:stair_silver_sandstone_brick	1
-71	7	79	stairs:stair_silver_sandstone_brick	3
-74	8	79	stairs:slab_silver_sandstone_brick	0
-73	8	79	stairs:slab_silver_sandstone_brick	0
-72	8	79	stairs:slab_silver_sandstone_brick	0
-87	-9	80	default:stone	0
-86	-9	80	default:stone	0
-85	-9	80	default:stone	0
-84	-9	80	default:stone	0
-83	-9	80	default:stone	0
-82	-9	80	default:stone	0
-81	-9	80	default:stone	0
-80	-9	80	grug_decor:darkage_marble_tile	0
-79	-9	80	default:stone	0
-78	-9	80	default:stone	0
-77	-9	80	default:stone	0
-76	-9	80	default:stone	0
-75	-9	80	default:stone	0
-74	-9	80	default:stone	0
-73	-9	80	default:stone	0
-72	-9	80	default:stone	0
-71	-9	80	default:stone	0
-70	-9	80	default:stone	0
-69	-9	80	default:stone	0
-68	-9	80	default:stone	0
-67	-9	80	default:stone	0
-66	-9	80	default:stone	0
-65	-9	80	default:stone	0
-64	-9	80	grug_decor:darkage_marble_tile	0
-63	-9	80	default:stone	0
-62	-9	80	default:stone	0
-61	-9	80	default:stone	0
-60	-9	80	default:stone	0
-59	-9	80	default:stone	0
-58	-9	80	default:stone	0
-57	-9	80	default:gravel	0
-87	-8	80	default:stone	0
-86	-8	80	default:stone	0
-85	-8	80	default:stone	0
-84	-8	80	default:stone	0
-83	-8	80	default:stone	0
-82	-8	80	default:stone	0
-81	-8	80	default:stone	0
-80	-8	80	grug_decor:darkage_marble_tile	0
-79	-8	80	default:stone	0
-78	-8	80	default:stone	0
-77	-8	80	default:stone	0
-76	-8	80	default:stone	0
-75	-8	80	default:stone	0
-74	-8	80	default:stone	0
-73	-8	80	default:stone	0
-72	-8	80	default:stone	0
-71	-8	80	default:stone	0
-70	-8	80	default:stone	0
-69	-8	80	default:stone	0
-68	-8	80	default:stone	0
-67	-8	80	default:stone	0
-66	-8	80	default:stone	0
-65	-8	80	default:stone	0
-64	-8	80	grug_decor:darkage_marble_tile	0
-63	-8	80	default:stone	0
-62	-8	80	default:stone	0
-61	-8	80	default:stone	0
-60	-8	80	default:stone	0
-59	-8	80	default:stone	0
-58	-8	80	default:stone	0
-57	-8	80	default:stone	0
-87	-7	80	default:stone	0
-86	-7	80	default:stone	0
-85	-7	80	default:stone	0
-84	-7	80	default:stone	0
-83	-7	80	default:stone	0
-82	-7	80	default:stone	0
-81	-7	80	default:stone	0
-80	-7	80	grug_decor:darkage_marble_tile	0
-79	-7	80	default:stone	0
-78	-7	80	default:stone	0
-77	-7	80	default:stone	0
-76	-7	80	default:stone	0
-75	-7	80	default:stone	0
-74	-7	80	default:stone	0
-73	-7	80	default:stone	0
-72	-7	80	default:stone	0
-71	-7	80	default:stone	0
-70	-7	80	default:stone	0
-69	-7	80	default:stone	0
-68	-7	80	default:stone	0
-67	-7	80	default:stone	0
-66	-7	80	default:stone	0
-65	-7	80	default:stone	0
-64	-7	80	grug_decor:darkage_marble_tile	0
-63	-7	80	default:stone	0
-62	-7	80	default:stone	0
-61	-7	80	default:stone	0
-60	-7	80	default:stone	0
-59	-7	80	default:stone	0
-58	-7	80	default:stone	0
-57	-7	80	default:stone	0
-87	-6	80	default:dirt	0
-86	-6	80	default:dirt	0
-85	-6	80	default:dirt	0
-84	-6	80	default:dirt	0
-83	-6	80	default:dirt	0
-82	-6	80	default:dirt	0
-81	-6	80	default:dirt	0
-80	-6	80	grug_decor:darkage_marble_tile	0
-79	-6	80	default:dirt	0
-78	-6	80	default:dirt	0
-77	-6	80	default:dirt	0
-76	-6	80	default:stone	0
-75	-6	80	default:stone	0
-74	-6	80	default:stone	0
-73	-6	80	default:stone	0
-72	-6	80	default:stone	0
-71	-6	80	default:stone	0
-70	-6	80	default:stone	0
-69	-6	80	default:stone	0
-68	-6	80	default:stone	0
-67	-6	80	default:stone	0
-66	-6	80	default:stone	0
-65	-6	80	default:stone	0
-64	-6	80	grug_decor:darkage_marble_tile	0
-63	-6	80	default:stone	0
-62	-6	80	default:stone	0
-61	-6	80	default:stone	0
-60	-6	80	default:stone	0
-59	-6	80	default:stone	0
-58	-6	80	default:stone	0
-57	-6	80	default:stone	0
-87	-5	80	default:dirt_with_coniferous_litter	0
-86	-5	80	default:dirt_with_grass	0
-85	-5	80	default:dirt_with_grass	0
-84	-5	80	default:dirt_with_grass	0
-83	-5	80	default:dirt_with_grass	0
-82	-5	80	default:dirt_with_grass	0
-81	-5	80	grug_nodes:dirt_with_forest_litter	0
-80	-5	80	grug_decor:darkage_marble_tile	0
-79	-5	80	grug_nodes:dirt_with_forest_litter	0
-78	-5	80	grug_nodes:dirt_with_forest_litter	0
-77	-5	80	grug_nodes:dirt_with_forest_litter	0
-76	-5	80	default:dirt	0
-75	-5	80	default:dirt	0
-74	-5	80	default:dirt	0
-73	-5	80	default:dirt	0
-72	-5	80	default:dirt	0
-71	-5	80	default:dirt	0
-70	-5	80	default:stone	0
-69	-5	80	default:stone	0
-68	-5	80	default:stone	0
-67	-5	80	default:stone	0
-66	-5	80	default:stone	0
-65	-5	80	default:stone	0
-64	-5	80	grug_decor:darkage_marble_tile	0
-63	-5	80	default:stone	0
-62	-5	80	default:stone	0
-61	-5	80	default:stone	0
-60	-5	80	default:stone	0
-59	-5	80	default:stone	0
-58	-5	80	default:stone	0
-57	-5	80	default:stone	0
-80	-4	80	grug_decor:darkage_marble_tile	0
-79	-4	80	default:dirt	0
-78	-4	80	default:dirt	0
-77	-4	80	default:dirt	0
-76	-4	80	default:dirt	0
-75	-4	80	default:dirt	0
-74	-4	80	default:dirt	0
-73	-4	80	default:dirt	0
-72	-4	80	default:dirt	0
-71	-4	80	default:dirt	0
-70	-4	80	default:dirt	0
-69	-4	80	default:dirt	0
-68	-4	80	default:dirt	0
-67	-4	80	default:dirt	0
-66	-4	80	default:dirt	0
-65	-4	80	default:dirt	0
-64	-4	80	grug_decor:darkage_marble_tile	0
-63	-4	80	default:dirt	0
-62	-4	80	default:dirt	0
-61	-4	80	default:dirt	0
-60	-4	80	default:dirt	0
-59	-4	80	default:dirt	0
-58	-4	80	default:dirt	0
-57	-4	80	default:dirt	0
-80	-3	80	grug_decor:darkage_serpentine	0
-79	-3	80	grug_nodes:dirt_with_silver_litter	0
-78	-3	80	grug_decor:darkage_slate_tile	0
-77	-3	80	grug_decor:darkage_marble_tile	0
-76	-3	80	grug_trees:silverwood_wood	0
-75	-3	80	grug_trees:silverwood_wood	0
-74	-3	80	grug_trees:silverwood_wood	0
-73	-3	80	grug_trees:silverwood_wood	0
-72	-3	80	grug_trees:silverwood_wood	0
-71	-3	80	grug_trees:silverwood_wood	0
-70	-3	80	grug_trees:silverwood_wood	0
-69	-3	80	grug_trees:silverwood_wood	0
-68	-3	80	grug_trees:silverwood_wood	0
-67	-3	80	grug_decor:darkage_marble_tile	0
-66	-3	80	grug_decor:darkage_slate_tile	0
-65	-3	80	grug_nodes:dirt_with_silver_litter	0
-64	-3	80	grug_decor:darkage_serpentine	0
-63	-3	80	grug_nodes:dirt_with_forest_litter	0
-62	-3	80	grug_nodes:dirt_with_forest_litter	0
-61	-3	80	grug_nodes:dirt_with_forest_litter	0
-60	-3	80	grug_nodes:dirt_with_forest_litter	0
-59	-3	80	grug_nodes:dirt_with_forest_litter	0
-58	-3	80	grug_nodes:dirt_with_forest_litter	0
-57	-3	80	grug_nodes:dirt_with_forest_litter	0
-77	-2	80	grug_decor:darkage_slate_brick	0
-76	-2	80	grug_decor:darkage_slate_brick	0
-68	-2	80	grug_decor:darkage_slate_brick	0
-67	-2	80	grug_decor:darkage_slate_brick	0
-77	-1	80	xpanes:pane_flat	3
-67	-1	80	xpanes:pane_flat	3
-77	0	80	xpanes:pane_flat	3
-67	0	80	xpanes:pane_flat	3
-77	1	80	grug_trees:silverwood_wood	0
-67	1	80	grug_trees:silverwood_wood	0
-77	2	80	grug_trees:silverwood_wood	0
-67	2	80	grug_trees:silverwood_wood	0
-66	2	80	stairs:stair_silver_sandstone_brick	3
-77	3	80	grug_trees:silverwood_wood	0
-67	3	80	stairs:stair_silver_sandstone_brick	3
-78	4	80	stairs:stair_silver_sandstone_brick	1
-77	4	80	grug_trees:silverwood_wood	0
-68	4	80	stairs:stair_silver_sandstone_brick	3
-77	5	80	stairs:stair_silver_sandstone_brick	1
-69	5	80	stairs:stair_silver_sandstone_brick	3
-76	6	80	stairs:stair_silver_sandstone_brick	1
-70	6	80	stairs:stair_silver_sandstone_brick	3
-75	7	80	stairs:stair_silver_sandstone_brick	1
-71	7	80	stairs:stair_silver_sandstone_brick	3
-74	8	80	stairs:slab_silver_sandstone_brick	0
-73	8	80	stairs:slab_silver_sandstone_brick	0
-72	8	80	stairs:slab_silver_sandstone_brick	0
-87	-9	81	default:stone	0
-86	-9	81	default:stone	0
-85	-9	81	default:stone	0
-84	-9	81	default:stone	0
-83	-9	81	default:stone	0
-82	-9	81	default:stone	0
-81	-9	81	default:stone	0
-80	-9	81	grug_decor:darkage_marble_tile	0
-79	-9	81	default:stone	0
-78	-9	81	default:stone	0
-77	-9	81	default:stone	0
-76	-9	81	default:stone	0
-75	-9	81	default:stone	0
-74	-9	81	default:stone	0
-73	-9	81	default:stone	0
-72	-9	81	default:stone	0
-71	-9	81	default:stone	0
-70	-9	81	default:stone	0
-69	-9	81	default:stone	0
-68	-9	81	default:stone	0
-67	-9	81	default:stone	0
-66	-9	81	default:stone	0
-65	-9	81	default:stone	0
-64	-9	81	grug_decor:darkage_marble_tile	0
-63	-9	81	default:stone	0
-62	-9	81	default:stone	0
-61	-9	81	default:stone	0
-60	-9	81	default:stone	0
-59	-9	81	default:stone	0
-58	-9	81	default:stone	0
-57	-9	81	default:stone	0
-87	-8	81	default:stone	0
-86	-8	81	default:stone	0
-85	-8	81	default:stone	0
-84	-8	81	default:stone	0
-83	-8	81	default:stone	0
-82	-8	81	default:stone	0
-81	-8	81	default:stone	0
-80	-8	81	grug_decor:darkage_marble_tile	0
-79	-8	81	default:stone	0
-78	-8	81	default:stone	0
-77	-8	81	default:stone	0
-76	-8	81	default:stone	0
-75	-8	81	default:stone	0
-74	-8	81	default:stone	0
-73	-8	81	default:stone	0
-72	-8	81	default:stone	0
-71	-8	81	default:stone	0
-70	-8	81	default:stone	0
-69	-8	81	default:stone	0
-68	-8	81	default:stone	0
-67	-8	81	default:stone	0
-66	-8	81	default:stone	0
-65	-8	81	default:stone	0
-64	-8	81	grug_decor:darkage_marble_tile	0
-63	-8	81	default:stone	0
-62	-8	81	default:stone	0
-61	-8	81	default:stone	0
-60	-8	81	default:stone	0
-59	-8	81	default:stone	0
-58	-8	81	default:stone	0
-57	-8	81	default:stone	0
-87	-7	81	default:stone	0
-86	-7	81	default:stone	0
-85	-7	81	default:stone	0
-84	-7	81	default:stone	0
-83	-7	81	default:stone	0
-82	-7	81	default:stone	0
-81	-7	81	default:stone	0
-80	-7	81	grug_decor:darkage_marble_tile	0
-79	-7	81	default:stone	0
-78	-7	81	default:stone	0
-77	-7	81	default:stone	0
-76	-7	81	default:stone	0
-75	-7	81	default:stone	0
-74	-7	81	default:stone	0
-73	-7	81	default:stone	0
-72	-7	81	default:stone	0
-71	-7	81	default:stone	0
-70	-7	81	default:stone	0
-69	-7	81	default:stone	0
-68	-7	81	default:stone	0
-67	-7	81	default:stone	0
-66	-7	81	default:stone	0
-65	-7	81	default:stone	0
-64	-7	81	grug_decor:darkage_marble_tile	0
-63	-7	81	default:stone	0
-62	-7	81	default:stone	0
-61	-7	81	default:stone	0
-60	-7	81	default:stone	0
-59	-7	81	default:stone	0
-58	-7	81	default:stone	0
-57	-7	81	default:stone	0
-87	-6	81	default:dirt	0
-86	-6	81	default:dirt	0
-85	-6	81	default:dirt	0
-84	-6	81	default:dirt	0
-83	-6	81	default:dirt	0
-82	-6	81	default:dirt	0
-81	-6	81	default:dirt	0
-80	-6	81	grug_decor:darkage_marble_tile	0
-79	-6	81	default:dirt	0
-78	-6	81	default:dirt	0
-77	-6	81	default:dirt	0
-76	-6	81	default:dirt	0
-75	-6	81	default:dirt	0
-74	-6	81	default:dirt	0
-73	-6	81	default:dirt	0
-72	-6	81	default:dirt	0
-71	-6	81	default:stone	0
-70	-6	81	default:stone	0
-69	-6	81	default:stone	0
-68	-6	81	default:stone	0
-67	-6	81	default:stone	0
-66	-6	81	default:stone	0
-65	-6	81	default:stone	0
-64	-6	81	grug_decor:darkage_marble_tile	0
-63	-6	81	default:stone	0
-62	-6	81	default:stone	0
-61	-6	81	default:stone	0
-60	-6	81	default:stone	0
-59	-6	81	default:stone	0
-58	-6	81	default:stone	0
-57	-6	81	default:stone	0
-87	-5	81	default:dirt_with_grass	0
-86	-5	81	default:dirt_with_grass	0
-85	-5	81	default:dirt_with_grass	0
-84	-5	81	default:dirt_with_grass	0
-83	-5	81	default:dirt_with_grass	0
-82	-5	81	default:dirt_with_grass	0
-81	-5	81	default:dirt_with_grass	0
-80	-5	81	grug_decor:darkage_marble_tile	0
-79	-5	81	grug_nodes:dirt_with_forest_litter	0
-78	-5	81	grug_nodes:dirt_with_forest_litter	0
-77	-5	81	grug_nodes:dirt_with_forest_litter	0
-76	-5	81	grug_nodes:dirt_with_forest_litter	0
-75	-5	81	grug_nodes:dirt_with_forest_litter	0
-74	-5	81	grug_nodes:dirt_with_forest_litter	0
-73	-5	81	grug_nodes:dirt_with_forest_litter	0
-72	-5	81	grug_nodes:dirt_with_forest_litter	0
-71	-5	81	default:dirt	0
-70	-5	81	default:dirt	0
-69	-5	81	default:dirt	0
-68	-5	81	default:dirt	0
-67	-5	81	default:dirt	0
-66	-5	81	default:dirt	0
-65	-5	81	default:stone	0
-64	-5	81	grug_decor:darkage_marble_tile	0
-63	-5	81	default:stone	0
-62	-5	81	default:stone	0
-61	-5	81	default:stone	0
-60	-5	81	default:stone	0
-59	-5	81	default:stone	0
-58	-5	81	default:stone	0
-57	-5	81	default:stone	0
-80	-4	81	grug_decor:darkage_marble_tile	0
-79	-4	81	default:dirt	0
-78	-4	81	default:dirt	0
-77	-4	81	default:dirt	0
-76	-4	81	default:dirt	0
-75	-4	81	default:dirt	0
-74	-4	81	default:dirt	0
-73	-4	81	default:dirt	0
-72	-4	81	default:dirt	0
-71	-4	81	default:dirt	0
-70	-4	81	default:dirt	0
-69	-4	81	default:dirt	0
-68	-4	81	default:dirt	0
-67	-4	81	default:dirt	0
-66	-4	81	default:dirt	0
-65	-4	81	default:dirt	0
-64	-4	81	grug_decor:darkage_marble_tile	0
-63	-4	81	default:dirt	0
-62	-4	81	default:dirt	0
-61	-4	81	default:dirt	0
-60	-4	81	default:dirt	0
-59	-4	81	default:dirt	0
-58	-4	81	default:dirt	0
-57	-4	81	default:dirt	0
-80	-3	81	grug_decor:darkage_serpentine	0
-79	-3	81	grug_nodes:dirt_with_silver_litter	0
-78	-3	81	grug_decor:darkage_slate_tile	0
-77	-3	81	grug_decor:darkage_marble_tile	0
-76	-3	81	grug_trees:silverwood_wood	0
-75	-3	81	grug_trees:silverwood_wood	0
-74	-3	81	grug_trees:silverwood_wood	0
-73	-3	81	grug_trees:silverwood_wood	0
-72	-3	81	grug_trees:silverwood_wood	0
-71	-3	81	grug_trees:silverwood_wood	0
-70	-3	81	grug_trees:silverwood_wood	0
-69	-3	81	grug_trees:silverwood_wood	0
-68	-3	81	grug_trees:silverwood_wood	0
-67	-3	81	grug_decor:darkage_marble_tile	0
-66	-3	81	grug_decor:darkage_slate_tile	0
-65	-3	81	grug_nodes:dirt_with_silver_litter	0
-64	-3	81	grug_decor:darkage_serpentine	0
-63	-3	81	grug_nodes:dirt_with_forest_litter	0
-62	-3	81	grug_nodes:dirt_with_forest_litter	0
-61	-3	81	grug_nodes:dirt_with_forest_litter	0
-60	-3	81	grug_nodes:dirt_with_forest_litter	0
-59	-3	81	grug_nodes:dirt_with_forest_litter	0
-58	-3	81	grug_nodes:dirt_with_forest_litter	0
-57	-3	81	grug_nodes:dirt_with_forest_litter	0
-77	-2	81	grug_trees:silverwood_tree	0
-76	-2	81	grug_decor:darkage_slate_brick	0
-68	-2	81	grug_decor:darkage_slate_brick	0
-67	-2	81	grug_trees:silverwood_tree	0
-77	-1	81	grug_trees:silverwood_tree	0
-67	-1	81	grug_trees:silverwood_tree	0
-77	0	81	grug_trees:silverwood_tree	0
-76	0	81	grug_decor:xdecor_candle	3
-68	0	81	grug_decor:xdecor_candle	2
-67	0	81	grug_trees:silverwood_tree	0
-77	1	81	grug_trees:silverwood_tree	0
-67	1	81	grug_trees:silverwood_tree	0
-77	2	81	grug_trees:silverwood_tree	0
-67	2	81	grug_trees:silverwood_tree	0
-66	2	81	stairs:stair_silver_sandstone_brick	3
-77	3	81	grug_trees:silverwood_wood	0
-67	3	81	stairs:stair_silver_sandstone_brick	3
-78	4	81	stairs:stair_silver_sandstone_brick	1
-77	4	81	grug_trees:silverwood_wood	0
-68	4	81	stairs:stair_silver_sandstone_brick	3
-77	5	81	stairs:stair_silver_sandstone_brick	1
-69	5	81	stairs:stair_silver_sandstone_brick	3
-76	6	81	stairs:stair_silver_sandstone_brick	1
-70	6	81	stairs:stair_silver_sandstone_brick	3
-75	7	81	stairs:stair_silver_sandstone_brick	1
-71	7	81	stairs:stair_silver_sandstone_brick	3
-74	8	81	stairs:slab_silver_sandstone_brick	0
-73	8	81	stairs:slab_silver_sandstone_brick	0
-72	8	81	stairs:slab_silver_sandstone_brick	0
-87	-9	82	default:stone	0
-86	-9	82	default:stone	0
-85	-9	82	default:stone	0
-84	-9	82	default:stone	0
-83	-9	82	default:stone	0
-82	-9	82	default:stone	0
-81	-9	82	default:stone	0
-80	-9	82	grug_decor:darkage_marble_tile	0
-79	-9	82	default:stone	0
-78	-9	82	default:stone	0
-77	-9	82	default:stone	0
-76	-9	82	default:stone	0
-75	-9	82	default:stone	0
-74	-9	82	default:stone	0
-73	-9	82	default:stone	0
-72	-9	82	default:stone	0
-71	-9	82	default:stone	0
-70	-9	82	default:stone	0
-69	-9	82	default:stone	0
-68	-9	82	default:stone	0
-67	-9	82	default:stone	0
-66	-9	82	default:stone	0
-65	-9	82	default:stone	0
-64	-9	82	grug_decor:darkage_marble_tile	0
-63	-9	82	default:stone	0
-62	-9	82	default:stone	0
-61	-9	82	default:stone	0
-60	-9	82	default:stone	0
-59	-9	82	default:stone	0
-58	-9	82	default:stone	0
-57	-9	82	default:stone	0
-87	-8	82	default:stone	0
-86	-8	82	default:stone	0
-85	-8	82	default:stone	0
-84	-8	82	default:stone	0
-83	-8	82	default:stone	0
-82	-8	82	default:stone	0
-81	-8	82	default:stone	0
-80	-8	82	grug_decor:darkage_marble_tile	0
-79	-8	82	default:stone	0
-78	-8	82	default:stone	0
-77	-8	82	default:stone	0
-76	-8	82	default:stone	0
-75	-8	82	default:stone	0
-74	-8	82	default:stone	0
-73	-8	82	default:stone	0
-72	-8	82	default:stone	0
-71	-8	82	default:stone	0
-70	-8	82	default:stone	0
-69	-8	82	default:stone	0
-68	-8	82	default:stone	0
-67	-8	82	default:stone	0
-66	-8	82	default:stone	0
-65	-8	82	default:stone	0
-64	-8	82	grug_decor:darkage_marble_tile	0
-63	-8	82	default:stone	0
-62	-8	82	default:stone	0
-61	-8	82	default:stone	0
-60	-8	82	default:stone	0
-59	-8	82	default:stone	0
-58	-8	82	default:stone	0
-57	-8	82	default:stone	0
-87	-7	82	default:stone	0
-86	-7	82	default:dirt	0
-85	-7	82	default:dirt	0
-84	-7	82	default:dirt	0
-83	-7	82	default:dirt	0
-82	-7	82	default:dirt	0
-81	-7	82	default:dirt	0
-80	-7	82	grug_decor:darkage_marble_tile	0
-79	-7	82	default:dirt	0
-78	-7	82	default:stone	0
-77	-7	82	default:stone	0
-76	-7	82	default:stone	0
-75	-7	82	default:stone	0
-74	-7	82	default:stone	0
-73	-7	82	default:stone	0
-72	-7	82	default:stone	0
-71	-7	82	default:stone	0
-70	-7	82	default:stone	0
-69	-7	82	default:stone	0
-68	-7	82	default:stone	0
-67	-7	82	default:stone	0
-66	-7	82	default:stone	0
-65	-7	82	default:stone	0
-64	-7	82	grug_decor:darkage_marble_tile	0
-63	-7	82	default:stone	0
-62	-7	82	default:stone	0
-61	-7	82	default:stone	0
-60	-7	82	default:stone	0
-59	-7	82	default:stone	0
-58	-7	82	default:stone	0
-57	-7	82	default:stone	0
-87	-6	82	default:dirt	0
-86	-6	82	default:dirt_with_grass	0
-85	-6	82	default:dirt_with_grass	0
-84	-6	82	default:dirt_with_grass	0
-83	-6	82	default:dirt_with_grass	0
-82	-6	82	default:dirt_with_grass	0
-81	-6	82	default:dirt_with_grass	0
-80	-6	82	grug_decor:darkage_marble_tile	0
-79	-6	82	default:dirt_with_grass	0
-78	-6	82	default:dirt	0
-77	-6	82	default:dirt	0
-76	-6	82	default:dirt	0
-75	-6	82	default:dirt	0
-74	-6	82	default:dirt	0
-73	-6	82	default:dirt	0
-72	-6	82	default:dirt	0
-71	-6	82	default:dirt	0
-70	-6	82	default:dirt	0
-69	-6	82	default:dirt	0
-68	-6	82	default:dirt	0
-67	-6	82	default:dirt	0
-66	-6	82	default:stone	0
-65	-6	82	default:stone	0
-64	-6	82	grug_decor:darkage_marble_tile	0
-63	-6	82	default:stone	0
-62	-6	82	default:stone	0
-61	-6	82	default:stone	0
-60	-6	82	default:stone	0
-59	-6	82	default:stone	0
-58	-6	82	default:stone	0
-57	-6	82	default:stone	0
-87	-5	82	default:dirt_with_grass	0
-80	-5	82	grug_decor:darkage_marble_tile	0
-78	-5	82	grug_nodes:dirt_with_forest_litter	0
-77	-5	82	grug_nodes:dirt_with_forest_litter	0
-76	-5	82	grug_nodes:dirt_with_forest_litter	0
-75	-5	82	grug_nodes:dirt_with_forest_litter	0
-74	-5	82	grug_nodes:dirt_with_forest_litter	0
-73	-5	82	grug_nodes:dirt_with_forest_litter	0
-72	-5	82	grug_nodes:dirt_with_forest_litter	0
-71	-5	82	grug_nodes:dirt_with_forest_litter	0
-70	-5	82	grug_nodes:dirt_with_forest_litter	0
-69	-5	82	grug_nodes:dirt_with_forest_litter	0
-68	-5	82	grug_nodes:dirt_with_forest_litter	0
-67	-5	82	grug_nodes:dirt_with_forest_litter	0
-66	-5	82	default:dirt	0
-65	-5	82	default:dirt	0
-64	-5	82	grug_decor:darkage_marble_tile	0
-63	-5	82	default:dirt	0
-62	-5	82	default:dirt	0
-61	-5	82	default:dirt	0
-60	-5	82	default:dirt	0
-59	-5	82	default:stone	0
-58	-5	82	default:stone	0
-57	-5	82	default:stone	0
-80	-4	82	grug_decor:darkage_marble_tile	0
-79	-4	82	default:dirt	0
-78	-4	82	default:dirt	0
-77	-4	82	default:dirt	0
-76	-4	82	default:dirt	0
-75	-4	82	default:dirt	0
-74	-4	82	default:dirt	0
-73	-4	82	default:dirt	0
-72	-4	82	default:dirt	0
-71	-4	82	default:dirt	0
-70	-4	82	default:dirt	0
-69	-4	82	default:dirt	0
-68	-4	82	default:dirt	0
-67	-4	82	default:dirt	0
-66	-4	82	default:dirt	0
-65	-4	82	default:dirt	0
-64	-4	82	grug_decor:darkage_marble_tile	0
-63	-4	82	grug_nodes:dirt_with_forest_litter	0
-62	-4	82	grug_nodes:dirt_with_forest_litter	0
-61	-4	82	grug_nodes:dirt_with_forest_litter	0
-60	-4	82	grug_nodes:dirt_with_forest_litter	0
-59	-4	82	default:dirt	0
-58	-4	82	default:dirt	0
-57	-4	82	default:dirt	0
-80	-3	82	grug_decor:darkage_serpentine	0
-79	-3	82	grug_nodes:dirt_with_silver_litter	0
-78	-3	82	grug_decor:darkage_slate_tile	0
-77	-3	82	grug_decor:darkage_marble_tile	0
-76	-3	82	grug_trees:silverwood_wood	0
-75	-3	82	grug_trees:silverwood_wood	0
-74	-3	82	grug_trees:silverwood_wood	0
-73	-3	82	grug_trees:silverwood_wood	0
-72	-3	82	grug_trees:silverwood_wood	0
-71	-3	82	grug_trees:silverwood_wood	0
-70	-3	82	grug_trees:silverwood_wood	0
-69	-3	82	grug_trees:silverwood_wood	0
-68	-3	82	grug_trees:silverwood_wood	0
-67	-3	82	grug_decor:darkage_marble_tile	0
-66	-3	82	grug_decor:darkage_slate_tile	0
-65	-3	82	grug_nodes:dirt_with_silver_litter	0
-64	-3	82	grug_decor:darkage_serpentine	0
-59	-3	82	grug_nodes:dirt_with_forest_litter	0
-58	-3	82	grug_nodes:dirt_with_forest_litter	0
-57	-3	82	grug_nodes:dirt_with_forest_litter	0
-77	-2	82	grug_decor:darkage_slate_brick	0
-73	-2	82	grug_decor:xdecor_barrel	0
-71	-2	82	grug_decor:xdecor_barrel	0
-67	-2	82	grug_decor:darkage_slate_brick	0
-77	-1	82	grug_trees:silverwood_wood	0
-67	-1	82	grug_trees:silverwood_wood	0
-77	0	82	grug_trees:silverwood_wood	0
-67	0	82	grug_trees:silverwood_wood	0
-77	1	82	grug_trees:silverwood_wood	0
-67	1	82	grug_trees:silverwood_wood	0
-77	2	82	grug_trees:silverwood_wood	0
-67	2	82	grug_trees:silverwood_wood	0
-66	2	82	stairs:stair_silver_sandstone_brick	3
-77	3	82	grug_trees:silverwood_wood	0
-67	3	82	stairs:stair_silver_sandstone_brick	3
-78	4	82	stairs:stair_silver_sandstone_brick	1
-77	4	82	grug_trees:silverwood_wood	0
-68	4	82	stairs:stair_silver_sandstone_brick	3
-77	5	82	stairs:stair_silver_sandstone_brick	1
-69	5	82	stairs:stair_silver_sandstone_brick	3
-76	6	82	stairs:stair_silver_sandstone_brick	1
-70	6	82	stairs:stair_silver_sandstone_brick	3
-75	7	82	stairs:stair_silver_sandstone_brick	1
-71	7	82	stairs:stair_silver_sandstone_brick	3
-74	8	82	stairs:slab_silver_sandstone_brick	0
-73	8	82	stairs:slab_silver_sandstone_brick	0
-72	8	82	stairs:slab_silver_sandstone_brick	0
-87	-9	83	default:stone	0
-86	-9	83	default:stone	0
-85	-9	83	default:stone	0
-84	-9	83	default:stone	0
-83	-9	83	default:stone	0
-82	-9	83	default:stone	0
-81	-9	83	default:stone	0
-80	-9	83	grug_decor:darkage_marble_tile	0
-79	-9	83	default:stone	0
-78	-9	83	default:stone	0
-77	-9	83	default:stone	0
-76	-9	83	default:stone	0
-75	-9	83	default:stone	0
-74	-9	83	default:stone	0
-73	-9	83	default:stone	0
-72	-9	83	default:stone	0
-71	-9	83	default:stone	0
-70	-9	83	default:stone	0
-69	-9	83	default:stone	0
-68	-9	83	default:stone	0
-67	-9	83	default:stone	0
-66	-9	83	default:stone	0
-65	-9	83	default:stone	0
-64	-9	83	grug_decor:darkage_marble_tile	0
-63	-9	83	default:stone	0
-62	-9	83	default:stone	0
-61	-9	83	default:stone	0
-60	-9	83	default:stone	0
-59	-9	83	default:stone	0
-58	-9	83	default:stone	0
-57	-9	83	default:stone	0
-87	-8	83	default:stone	0
-86	-8	83	default:stone	0
-85	-8	83	default:stone	0
-84	-8	83	default:stone	0
-83	-8	83	default:stone	0
-82	-8	83	default:stone	0
-81	-8	83	default:stone	0
-80	-8	83	grug_decor:darkage_marble_tile	0
-79	-8	83	default:stone	0
-78	-8	83	default:stone	0
-77	-8	83	default:stone	0
-76	-8	83	default:stone	0
-75	-8	83	default:stone	0
-74	-8	83	default:stone	0
-73	-8	83	default:stone	0
-72	-8	83	default:stone	0
-71	-8	83	default:stone	0
-70	-8	83	default:stone	0
-69	-8	83	default:stone	0
-68	-8	83	default:stone	0
-67	-8	83	default:stone	0
-66	-8	83	default:stone	0
-65	-8	83	default:stone	0
-64	-8	83	grug_decor:darkage_marble_tile	0
-63	-8	83	default:stone	0
-62	-8	83	default:stone	0
-61	-8	83	default:stone	0
-60	-8	83	default:stone	0
-59	-8	83	default:stone	0
-58	-8	83	default:stone	0
-57	-8	83	default:stone	0
-87	-7	83	default:dirt	0
-86	-7	83	default:dirt	0
-85	-7	83	default:dirt	0
-84	-7	83	default:dirt	0
-83	-7	83	default:dirt	0
-82	-7	83	default:dirt	0
-81	-7	83	default:dirt	0
-80	-7	83	grug_decor:darkage_marble_tile	0
-79	-7	83	default:dirt	0
-78	-7	83	default:dirt	0
-77	-7	83	default:dirt	0
-76	-7	83	default:dirt	0
-75	-7	83	default:dirt	0
-74	-7	83	default:dirt	0
-73	-7	83	default:stone	0
-72	-7	83	default:stone	0
-71	-7	83	default:stone	0
-70	-7	83	default:stone	0
-69	-7	83	default:stone	0
-68	-7	83	default:stone	0
-67	-7	83	default:stone	0
-66	-7	83	default:stone	0
-65	-7	83	default:stone	0
-64	-7	83	grug_decor:darkage_marble_tile	0
-63	-7	83	default:stone	0
-62	-7	83	default:stone	0
-61	-7	83	default:stone	0
-60	-7	83	default:stone	0
-59	-7	83	default:stone	0
-58	-7	83	default:stone	0
-57	-7	83	default:stone	0
-87	-6	83	default:dirt_with_grass	0
-86	-6	83	default:dirt_with_grass	0
-85	-6	83	default:dirt_with_grass	0
-84	-6	83	default:dirt_with_grass	0
-83	-6	83	default:dirt_with_grass	0
-82	-6	83	default:dirt_with_grass	0
-81	-6	83	default:dirt_with_grass	0
-80	-6	83	grug_decor:darkage_marble_tile	0
-79	-6	83	default:dirt_with_grass	0
-78	-6	83	default:dirt_with_grass	0
-77	-6	83	grug_nodes:dirt_with_forest_litter	0
-76	-6	83	grug_nodes:dirt_with_forest_litter	0
-75	-6	83	grug_nodes:dirt_with_forest_litter	0
-74	-6	83	grug_nodes:dirt_with_forest_litter	0
-73	-6	83	default:dirt	0
-72	-6	83	default:dirt	0
-71	-6	83	default:dirt	0
-70	-6	83	default:dirt	0
-69	-6	83	default:dirt	0
-68	-6	83	default:dirt	0
-67	-6	83	default:dirt	0
-66	-6	83	default:dirt	0
-65	-6	83	default:dirt	0
-64	-6	83	grug_decor:darkage_marble_tile	0
-63	-6	83	default:dirt	0
-62	-6	83	default:dirt	0
-61	-6	83	default:dirt	0
-60	-6	83	default:stone	0
-59	-6	83	default:stone	0
-58	-6	83	default:stone	0
-57	-6	83	default:stone	0
-80	-5	83	grug_decor:darkage_marble_tile	0
-73	-5	83	grug_nodes:dirt_with_forest_litter	0
-72	-5	83	grug_nodes:dirt_with_forest_litter	0
-71	-5	83	grug_nodes:dirt_with_forest_litter	0
-70	-5	83	grug_nodes:dirt_with_forest_litter	0
-69	-5	83	grug_nodes:dirt_with_forest_litter	0
-68	-5	83	grug_nodes:dirt_with_forest_litter	0
-67	-5	83	grug_nodes:dirt_with_forest_litter	0
-66	-5	83	grug_nodes:dirt_with_forest_litter	0
-65	-5	83	grug_nodes:dirt_with_forest_litter	0
-64	-5	83	grug_decor:darkage_marble_tile	0
-63	-5	83	grug_nodes:dirt_with_forest_litter	0
-62	-5	83	grug_nodes:dirt_with_forest_litter	0
-61	-5	83	grug_nodes:dirt_with_forest_litter	0
-60	-5	83	default:dirt	0
-59	-5	83	default:dirt	0
-58	-5	83	default:dirt	0
-57	-5	83	default:dirt	0
-80	-4	83	grug_decor:darkage_marble_tile	0
-79	-4	83	default:dirt	0
-78	-4	83	default:dirt	0
-77	-4	83	default:dirt	0
-76	-4	83	default:dirt	0
-75	-4	83	default:dirt	0
-74	-4	83	default:dirt	0
-73	-4	83	default:dirt	0
-72	-4	83	default:dirt	0
-71	-4	83	default:dirt	0
-70	-4	83	default:dirt	0
-69	-4	83	default:dirt	0
-68	-4	83	default:dirt	0
-67	-4	83	default:dirt	0
-66	-4	83	default:dirt	0
-65	-4	83	default:dirt	0
-64	-4	83	grug_decor:darkage_marble_tile	0
-60	-4	83	grug_nodes:dirt_with_forest_litter	0
-59	-4	83	grug_nodes:dirt_with_forest_litter	0
-58	-4	83	grug_nodes:dirt_with_forest_litter	0
-57	-4	83	grug_nodes:dirt_with_forest_litter	0
-80	-3	83	grug_decor:darkage_serpentine	0
-79	-3	83	grug_nodes:dirt_with_silver_litter	0
-78	-3	83	grug_decor:darkage_slate_tile	0
-77	-3	83	grug_decor:darkage_marble_tile	0
-76	-3	83	grug_decor:darkage_marble_tile	0
-75	-3	83	grug_decor:darkage_marble_tile	0
-74	-3	83	grug_decor:darkage_marble_tile	0
-73	-3	83	grug_decor:darkage_marble_tile	0
-72	-3	83	grug_decor:darkage_marble_tile	0
-71	-3	83	grug_decor:darkage_marble_tile	0
-70	-3	83	grug_decor:darkage_marble_tile	0
-69	-3	83	grug_decor:darkage_marble_tile	0
-68	-3	83	grug_decor:darkage_marble_tile	0
-67	-3	83	grug_decor:darkage_marble_tile	0
-66	-3	83	grug_decor:darkage_slate_tile	0
-65	-3	83	grug_nodes:dirt_with_silver_litter	0
-64	-3	83	grug_decor:darkage_serpentine	0
-77	-2	83	grug_trees:silverwood_tree	0
-76	-2	83	grug_trees:silverwood_tree	0
-75	-2	83	grug_decor:darkage_slate_brick	0
-74	-2	83	grug_decor:darkage_slate_brick	0
-73	-2	83	grug_trees:silverwood_tree	0
-72	-2	83	grug_trees:silverwood_tree	0
-71	-2	83	grug_decor:darkage_slate_brick	0
-70	-2	83	grug_decor:darkage_slate_brick	0
-69	-2	83	grug_trees:silverwood_tree	0
-68	-2	83	grug_decor:darkage_slate_brick	0
-67	-2	83	grug_trees:silverwood_tree	0
-77	-1	83	grug_trees:silverwood_tree	0
-76	-1	83	grug_trees:silverwood_tree	0
-75	-1	83	xpanes:pane_flat	0
-74	-1	83	xpanes:pane_flat	0
-73	-1	83	grug_trees:silverwood_tree	0
-72	-1	83	grug_trees:silverwood_tree	0
-71	-1	83	xpanes:pane_flat	0
-70	-1	83	xpanes:pane_flat	0
-69	-1	83	grug_trees:silverwood_tree	0
-68	-1	83	grug_trees:silverwood_wood	0
-67	-1	83	grug_trees:silverwood_tree	0
-77	0	83	grug_trees:silverwood_tree	0
-76	0	83	grug_trees:silverwood_tree	0
-75	0	83	xpanes:pane_flat	0
-74	0	83	xpanes:pane_flat	0
-73	0	83	grug_trees:silverwood_tree	0
-72	0	83	grug_trees:silverwood_tree	0
-71	0	83	xpanes:pane_flat	0
-70	0	83	xpanes:pane_flat	0
-69	0	83	grug_trees:silverwood_tree	0
-68	0	83	grug_trees:silverwood_wood	0
-67	0	83	grug_trees:silverwood_tree	0
-77	1	83	grug_trees:silverwood_tree	0
-76	1	83	grug_trees:silverwood_tree	0
-75	1	83	grug_trees:silverwood_wood	0
-74	1	83	grug_trees:silverwood_wood	0
-73	1	83	grug_trees:silverwood_tree	0
-72	1	83	grug_trees:silverwood_tree	0
-71	1	83	grug_trees:silverwood_wood	0
-70	1	83	grug_trees:silverwood_wood	0
-69	1	83	grug_trees:silverwood_tree	0
-68	1	83	grug_trees:silverwood_wood	0
-67	1	83	grug_trees:silverwood_tree	0
-77	2	83	grug_trees:silverwood_tree	0
-76	2	83	grug_trees:silverwood_tree	0
-75	2	83	grug_trees:silverwood_wood	0
-74	2	83	grug_trees:silverwood_wood	0
-73	2	83	grug_trees:silverwood_tree	0
-72	2	83	grug_trees:silverwood_tree	0
-71	2	83	grug_trees:silverwood_wood	0
-70	2	83	grug_trees:silverwood_wood	0
-69	2	83	grug_trees:silverwood_tree	0
-68	2	83	grug_trees:silverwood_wood	0
-67	2	83	grug_trees:silverwood_tree	0
-66	2	83	stairs:stair_silver_sandstone_brick	3
-77	3	83	grug_trees:silverwood_tree	0
-76	3	83	grug_trees:silverwood_wood	0
-75	3	83	grug_trees:silverwood_wood	0
-74	3	83	grug_trees:silverwood_wood	0
-73	3	83	grug_trees:silverwood_wood	0
-72	3	83	grug_trees:silverwood_wood	0
-71	3	83	grug_trees:silverwood_wood	0
-70	3	83	grug_trees:silverwood_wood	0
-69	3	83	grug_trees:silverwood_wood	0
-68	3	83	grug_trees:silverwood_wood	0
-67	3	83	stairs:stair_silver_sandstone_brick	3
-78	4	83	stairs:stair_silver_sandstone_brick	1
-77	4	83	grug_trees:silverwood_tree	0
-76	4	83	grug_trees:silverwood_wood	0
-75	4	83	grug_trees:silverwood_wood	0
-74	4	83	grug_trees:silverwood_wood	0
-73	4	83	grug_trees:silverwood_wood	0
-72	4	83	grug_trees:silverwood_wood	0
-71	4	83	grug_trees:silverwood_wood	0
-70	4	83	grug_trees:silverwood_wood	0
-69	4	83	grug_trees:silverwood_wood	0
-68	4	83	stairs:stair_silver_sandstone_brick	3
-77	5	83	stairs:stair_silver_sandstone_brick	1
-76	5	83	grug_trees:silverwood_wood	0
-75	5	83	grug_trees:silverwood_wood	0
-74	5	83	grug_trees:silverwood_wood	0
-73	5	83	grug_trees:silverwood_wood	0
-72	5	83	grug_trees:silverwood_wood	0
-71	5	83	grug_trees:silverwood_wood	0
-70	5	83	grug_trees:silverwood_wood	0
-69	5	83	stairs:stair_silver_sandstone_brick	3
-76	6	83	stairs:stair_silver_sandstone_brick	1
-75	6	83	grug_trees:silverwood_wood	0
-74	6	83	grug_trees:silverwood_wood	0
-73	6	83	grug_trees:silverwood_wood	0
-72	6	83	grug_trees:silverwood_wood	0
-71	6	83	grug_trees:silverwood_wood	0
-70	6	83	stairs:stair_silver_sandstone_brick	3
-75	7	83	stairs:stair_silver_sandstone_brick	1
-74	7	83	grug_trees:silverwood_wood	0
-73	7	83	grug_trees:silverwood_wood	0
-72	7	83	grug_trees:silverwood_wood	0
-71	7	83	stairs:stair_silver_sandstone_brick	3
-74	8	83	stairs:slab_silver_sandstone_brick	0
-73	8	83	stairs:slab_silver_sandstone_brick	0
-72	8	83	stairs:slab_silver_sandstone_brick	0
-87	-9	84	default:stone	0
-86	-9	84	default:stone	0
-85	-9	84	default:stone	0
-84	-9	84	default:stone	0
-83	-9	84	default:stone	0
-82	-9	84	default:stone	0
-81	-9	84	default:stone	0
-80	-9	84	grug_decor:darkage_marble_tile	0
-79	-9	84	default:stone	0
-78	-9	84	default:stone	0
-77	-9	84	default:stone	0
-76	-9	84	default:stone	0
-75	-9	84	default:stone	0
-74	-9	84	default:stone	0
-73	-9	84	default:stone	0
-72	-9	84	default:stone	0
-71	-9	84	default:stone	0
-70	-9	84	default:stone	0
-69	-9	84	default:stone	0
-68	-9	84	default:stone	0
-67	-9	84	default:stone	0
-66	-9	84	default:stone	0
-65	-9	84	default:stone	0
-64	-9	84	grug_decor:darkage_marble_tile	0
-63	-9	84	default:stone	0
-62	-9	84	default:stone	0
-61	-9	84	default:stone	0
-60	-9	84	default:stone	0
-59	-9	84	default:stone	0
-58	-9	84	default:stone	0
-57	-9	84	default:stone	0
-87	-8	84	default:stone	0
-86	-8	84	default:stone	0
-85	-8	84	default:stone	0
-84	-8	84	default:stone	0
-83	-8	84	default:stone	0
-82	-8	84	default:stone	0
-81	-8	84	default:stone	0
-80	-8	84	grug_decor:darkage_marble_tile	0
-79	-8	84	default:stone	0
-78	-8	84	default:stone	0
-77	-8	84	default:stone	0
-76	-8	84	default:stone	0
-75	-8	84	default:stone	0
-74	-8	84	default:stone	0
-73	-8	84	default:stone	0
-72	-8	84	default:stone	0
-71	-8	84	default:stone	0
-70	-8	84	default:stone	0
-69	-8	84	default:stone	0
-68	-8	84	default:stone	0
-67	-8	84	default:stone	0
-66	-8	84	default:stone	0
-65	-8	84	default:stone	0
-64	-8	84	grug_decor:darkage_marble_tile	0
-63	-8	84	default:stone	0
-62	-8	84	default:stone	0
-61	-8	84	default:stone	0
-60	-8	84	default:stone	0
-59	-8	84	default:stone	0
-58	-8	84	default:stone	0
-57	-8	84	default:stone	0
-87	-7	84	default:dirt	0
-86	-7	84	default:dirt	0
-85	-7	84	default:dirt	0
-84	-7	84	default:dirt	0
-83	-7	84	default:dirt	0
-82	-7	84	default:dirt	0
-81	-7	84	default:dirt	0
-80	-7	84	grug_decor:darkage_marble_tile	0
-79	-7	84	default:dirt	0
-78	-7	84	default:dirt	0
-77	-7	84	default:dirt	0
-76	-7	84	default:dirt	0
-75	-7	84	default:dirt	0
-74	-7	84	default:dirt	0
-73	-7	84	default:dirt	0
-72	-7	84	default:dirt	0
-71	-7	84	default:dirt	0
-70	-7	84	default:dirt	0
-69	-7	84	default:dirt	0
-68	-7	84	default:stone	0
-67	-7	84	default:stone	0
-66	-7	84	default:stone	0
-65	-7	84	default:stone	0
-64	-7	84	grug_decor:darkage_marble_tile	0
-63	-7	84	default:stone	0
-62	-7	84	default:stone	0
-61	-7	84	default:stone	0
-60	-7	84	default:stone	0
-59	-7	84	default:stone	0
-58	-7	84	default:stone	0
-57	-7	84	default:stone	0
-87	-6	84	default:dirt_with_grass	0
-86	-6	84	default:dirt_with_grass	0
-85	-6	84	default:dirt_with_grass	0
-84	-6	84	default:dirt_with_grass	0
-83	-6	84	default:dirt_with_grass	0
-82	-6	84	default:dirt_with_grass	0
-81	-6	84	default:dirt_with_grass	0
-80	-6	84	grug_decor:darkage_marble_tile	0
-79	-6	84	default:dirt_with_grass	0
-78	-6	84	default:dirt_with_grass	0
-77	-6	84	grug_nodes:dirt_with_forest_litter	0
-76	-6	84	grug_nodes:dirt_with_forest_litter	0
-75	-6	84	grug_nodes:dirt_with_forest_litter	0
-74	-6	84	grug_nodes:dirt_with_forest_litter	0
-73	-6	84	grug_nodes:dirt_with_forest_litter	0
-72	-6	84	grug_nodes:dirt_with_forest_litter	0
-71	-6	84	grug_nodes:dirt_with_forest_litter	0
-70	-6	84	grug_nodes:dirt_with_forest_litter	0
-69	-6	84	grug_nodes:dirt_with_forest_litter	0
-68	-6	84	default:dirt	0
-67	-6	84	default:dirt	0
-66	-6	84	default:dirt	0
-65	-6	84	default:dirt	0
-64	-6	84	grug_decor:darkage_marble_tile	0
-63	-6	84	default:dirt	0
-62	-6	84	default:dirt	0
-61	-6	84	default:dirt	0
-60	-6	84	default:dirt	0
-59	-6	84	default:dirt	0
-58	-6	84	default:dirt	0
-57	-6	84	default:dirt	0
-80	-5	84	grug_decor:darkage_marble_tile	0
-68	-5	84	grug_nodes:dirt_with_forest_litter	0
-67	-5	84	grug_nodes:dirt_with_forest_litter	0
-66	-5	84	grug_nodes:dirt_with_forest_litter	0
-65	-5	84	grug_nodes:dirt_with_forest_litter	0
-64	-5	84	grug_decor:darkage_marble_tile	0
-63	-5	84	grug_nodes:dirt_with_forest_litter	0
-62	-5	84	grug_nodes:dirt_with_forest_litter	0
-61	-5	84	grug_nodes:dirt_with_forest_litter	0
-60	-5	84	grug_nodes:dirt_with_forest_litter	0
-59	-5	84	grug_nodes:dirt_with_forest_litter	0
-58	-5	84	grug_nodes:dirt_with_forest_litter	0
-57	-5	84	grug_nodes:dirt_with_forest_litter	0
-80	-4	84	grug_decor:darkage_marble_tile	0
-79	-4	84	default:dirt	0
-78	-4	84	default:dirt	0
-77	-4	84	default:dirt	0
-76	-4	84	default:dirt	0
-75	-4	84	default:dirt	0
-74	-4	84	default:dirt	0
-73	-4	84	default:dirt	0
-72	-4	84	default:dirt	0
-71	-4	84	default:dirt	0
-70	-4	84	default:dirt	0
-69	-4	84	default:dirt	0
-68	-4	84	default:dirt	0
-67	-4	84	default:dirt	0
-66	-4	84	default:dirt	0
-65	-4	84	default:dirt	0
-64	-4	84	grug_decor:darkage_marble_tile	0
-80	-3	84	grug_decor:darkage_serpentine	0
-79	-3	84	grug_nodes:dirt_with_silver_litter	0
-78	-3	84	grug_decor:darkage_slate_tile	0
-77	-3	84	grug_decor:darkage_slate_tile	0
-76	-3	84	grug_decor:darkage_slate_tile	0
-75	-3	84	grug_decor:darkage_slate_tile	0
-74	-3	84	grug_decor:darkage_slate_tile	0
-73	-3	84	grug_decor:darkage_slate_tile	0
-72	-3	84	grug_decor:darkage_slate_tile	0
-71	-3	84	grug_decor:darkage_slate_tile	0
-70	-3	84	grug_decor:darkage_slate_tile	0
-69	-3	84	grug_decor:darkage_slate_tile	0
-68	-3	84	grug_decor:darkage_slate_tile	0
-67	-3	84	grug_decor:darkage_slate_tile	0
-66	-3	84	grug_decor:darkage_slate_tile	0
-65	-3	84	grug_nodes:dirt_with_silver_litter	0
-64	-3	84	grug_decor:darkage_serpentine	0
-66	2	84	stairs:stair_silver_sandstone_brick	3
-67	3	84	stairs:stair_silver_sandstone_brick	3
-78	4	84	stairs:stair_silver_sandstone_brick	1
-68	4	84	stairs:stair_silver_sandstone_brick	3
-77	5	84	stairs:stair_silver_sandstone_brick	1
-69	5	84	stairs:stair_silver_sandstone_brick	3
-76	6	84	stairs:stair_silver_sandstone_brick	1
-70	6	84	stairs:stair_silver_sandstone_brick	3
-75	7	84	stairs:stair_silver_sandstone_brick	1
-71	7	84	stairs:stair_silver_sandstone_brick	3
-74	8	84	stairs:slab_silver_sandstone_brick	0
-73	8	84	stairs:slab_silver_sandstone_brick	0
-72	8	84	stairs:slab_silver_sandstone_brick	0
-87	-9	85	default:stone	0
-86	-9	85	default:stone	0
-85	-9	85	default:stone	0
-84	-9	85	default:stone	0
-83	-9	85	default:stone	0
-82	-9	85	default:stone	0
-81	-9	85	default:stone	0
-80	-9	85	grug_decor:darkage_marble_tile	0
-79	-9	85	default:stone	0
-78	-9	85	default:stone	0
-77	-9	85	default:stone	0
-76	-9	85	default:stone	0
-75	-9	85	default:stone	0
-74	-9	85	default:stone	0
-73	-9	85	default:stone	0
-72	-9	85	default:stone	0
-71	-9	85	default:stone	0
-70	-9	85	default:stone	0
-69	-9	85	default:stone	0
-68	-9	85	default:stone	0
-67	-9	85	default:stone	0
-66	-9	85	default:stone	0
-65	-9	85	default:stone	0
-64	-9	85	grug_decor:darkage_marble_tile	0
-63	-9	85	default:stone	0
-62	-9	85	default:stone	0
-61	-9	85	default:stone	0
-60	-9	85	default:stone	0
-59	-9	85	default:stone	0
-58	-9	85	default:stone	0
-57	-9	85	default:stone	0
-87	-8	85	default:dirt	0
-86	-8	85	default:stone	0
-85	-8	85	default:stone	0
-84	-8	85	default:stone	0
-83	-8	85	default:stone	0
-82	-8	85	default:stone	0
-81	-8	85	default:stone	0
-80	-8	85	grug_decor:darkage_marble_tile	0
-79	-8	85	default:stone	0
-78	-8	85	default:stone	0
-77	-8	85	default:stone	0
-76	-8	85	default:stone	0
-75	-8	85	default:stone	0
-74	-8	85	default:stone	0
-73	-8	85	default:stone	0
-72	-8	85	default:stone	0
-71	-8	85	default:stone	0
-70	-8	85	default:stone	0
-69	-8	85	default:stone	0
-68	-8	85	default:stone	0
-67	-8	85	default:stone	0
-66	-8	85	default:stone	0
-65	-8	85	default:stone	0
-64	-8	85	grug_decor:darkage_marble_tile	0
-63	-8	85	default:stone	0
-62	-8	85	default:stone	0
-61	-8	85	default:stone	0
-60	-8	85	default:stone	0
-59	-8	85	default:stone	0
-58	-8	85	default:stone	0
-57	-8	85	default:stone	0
-87	-7	85	default:dirt	0
-86	-7	85	default:dirt	0
-85	-7	85	default:dirt	0
-84	-7	85	default:dirt	0
-83	-7	85	default:dirt	0
-82	-7	85	default:dirt	0
-81	-7	85	default:dirt	0
-80	-7	85	grug_decor:darkage_marble_tile	0
-79	-7	85	default:dirt	0
-78	-7	85	default:dirt	0
-77	-7	85	default:dirt	0
-76	-7	85	default:dirt	0
-75	-7	85	default:dirt	0
-74	-7	85	default:dirt	0
-73	-7	85	default:dirt	0
-72	-7	85	default:dirt	0
-71	-7	85	default:dirt	0
-70	-7	85	default:dirt	0
-69	-7	85	default:dirt	0
-68	-7	85	default:dirt	0
-67	-7	85	default:dirt	0
-66	-7	85	default:dirt	0
-65	-7	85	default:dirt	0
-64	-7	85	grug_decor:darkage_marble_tile	0
-63	-7	85	default:dirt	0
-62	-7	85	default:stone	0
-61	-7	85	default:stone	0
-60	-7	85	default:stone	0
-59	-7	85	default:stone	0
-58	-7	85	default:stone	0
-57	-7	85	default:stone	0
-87	-6	85	default:dirt_with_grass	0
-86	-6	85	default:dirt_with_grass	0
-85	-6	85	default:dirt_with_grass	0
-84	-6	85	default:dirt_with_grass	0
-83	-6	85	default:dirt_with_grass	0
-82	-6	85	default:dirt_with_grass	0
-81	-6	85	default:dirt_with_grass	0
-80	-6	85	grug_decor:darkage_marble_tile	0
-79	-6	85	default:dirt_with_grass	0
-78	-6	85	default:dirt_with_grass	0
-77	-6	85	grug_nodes:dirt_with_forest_litter	0
-76	-6	85	grug_nodes:dirt_with_forest_litter	0
-75	-6	85	grug_nodes:dirt_with_forest_litter	0
-74	-6	85	grug_nodes:dirt_with_forest_litter	0
-73	-6	85	grug_nodes:dirt_with_forest_litter	0
-72	-6	85	grug_nodes:dirt_with_forest_litter	0
-71	-6	85	grug_nodes:dirt_with_forest_litter	0
-70	-6	85	grug_nodes:dirt_with_forest_litter	0
-69	-6	85	grug_nodes:dirt_with_forest_litter	0
-68	-6	85	grug_nodes:dirt_with_forest_litter	0
-67	-6	85	grug_nodes:dirt_with_forest_litter	0
-66	-6	85	grug_nodes:dirt_with_forest_litter	0
-65	-6	85	grug_nodes:dirt_with_forest_litter	0
-64	-6	85	grug_decor:darkage_marble_tile	0
-63	-6	85	grug_nodes:dirt_with_forest_litter	0
-62	-6	85	default:dirt	0
-61	-6	85	default:dirt	0
-60	-6	85	default:dirt	0
-59	-6	85	default:dirt	0
-58	-6	85	default:dirt	0
-57	-6	85	default:dirt	0
-80	-5	85	grug_decor:darkage_marble_tile	0
-64	-5	85	grug_decor:darkage_marble_tile	0
-62	-5	85	grug_nodes:dirt_with_forest_litter	0
-61	-5	85	grug_nodes:dirt_with_forest_litter	0
-60	-5	85	grug_nodes:dirt_with_forest_litter	0
-59	-5	85	grug_nodes:dirt_with_forest_litter	0
-58	-5	85	grug_nodes:dirt_with_forest_litter	0
-57	-5	85	grug_nodes:dirt_with_forest_litter	0
-80	-4	85	grug_decor:darkage_marble_tile	0
-79	-4	85	default:dirt	0
-78	-4	85	default:dirt	0
-77	-4	85	default:dirt	0
-76	-4	85	default:dirt	0
-75	-4	85	default:dirt	0
-74	-4	85	default:dirt	0
-73	-4	85	default:dirt	0
-72	-4	85	default:dirt	0
-71	-4	85	default:dirt	0
-70	-4	85	default:dirt	0
-69	-4	85	default:dirt	0
-68	-4	85	default:dirt	0
-67	-4	85	default:dirt	0
-66	-4	85	default:dirt	0
-65	-4	85	default:dirt	0
-64	-4	85	grug_decor:darkage_marble_tile	0
-80	-3	85	grug_decor:darkage_serpentine	0
-79	-3	85	grug_nodes:dirt_with_silver_litter	0
-78	-3	85	grug_nodes:dirt_with_silver_litter	0
-77	-3	85	grug_nodes:dirt_with_silver_litter	0
-76	-3	85	grug_nodes:dirt_with_silver_litter	0
-75	-3	85	grug_nodes:dirt_with_silver_litter	0
-74	-3	85	grug_nodes:dirt_with_silver_litter	0
-73	-3	85	grug_nodes:dirt_with_silver_litter	0
-72	-3	85	grug_nodes:dirt_with_silver_litter	0
-71	-3	85	grug_nodes:dirt_with_silver_litter	0
-70	-3	85	grug_nodes:dirt_with_silver_litter	0
-69	-3	85	grug_nodes:dirt_with_silver_litter	0
-68	-3	85	grug_nodes:dirt_with_silver_litter	0
-67	-3	85	grug_nodes:dirt_with_silver_litter	0
-66	-3	85	grug_nodes:dirt_with_silver_litter	0
-65	-3	85	grug_nodes:dirt_with_silver_litter	0
-64	-3	85	grug_decor:darkage_serpentine	0
-87	-9	86	default:stone	0
-86	-9	86	default:stone	0
-85	-9	86	default:stone	0
-84	-9	86	default:stone	0
-83	-9	86	default:stone	0
-82	-9	86	default:stone	0
-81	-9	86	default:stone	0
-80	-9	86	grug_decor:darkage_marble_tile	0
-79	-9	86	grug_decor:darkage_marble_tile	0
-78	-9	86	grug_decor:darkage_marble_tile	0
-77	-9	86	grug_decor:darkage_marble_tile	0
-76	-9	86	grug_decor:darkage_marble_tile	0
-75	-9	86	grug_decor:darkage_marble_tile	0
-74	-9	86	grug_decor:darkage_marble_tile	0
-73	-9	86	grug_decor:darkage_marble_tile	0
-72	-9	86	grug_decor:darkage_marble_tile	0
-71	-9	86	grug_decor:darkage_marble_tile	0
-70	-9	86	grug_decor:darkage_marble_tile	0
-69	-9	86	grug_decor:darkage_marble_tile	0
-68	-9	86	grug_decor:darkage_marble_tile	0
-67	-9	86	grug_decor:darkage_marble_tile	0
-66	-9	86	grug_decor:darkage_marble_tile	0
-65	-9	86	grug_decor:darkage_marble_tile	0
-64	-9	86	grug_decor:darkage_marble_tile	0
-63	-9	86	default:stone	0
-62	-9	86	default:stone	0
-61	-9	86	default:stone	0
-60	-9	86	default:stone	0
-59	-9	86	default:stone	0
-58	-9	86	default:stone	0
-57	-9	86	default:stone	0
-87	-8	86	default:dirt	0
-86	-8	86	default:stone	0
-85	-8	86	default:stone	0
-84	-8	86	default:stone	0
-83	-8	86	default:stone	0
-82	-8	86	default:stone	0
-81	-8	86	default:stone	0
-80	-8	86	grug_decor:darkage_marble_tile	0
-79	-8	86	grug_decor:darkage_marble_tile	0
-78	-8	86	grug_decor:darkage_marble_tile	0
-77	-8	86	grug_decor:darkage_marble_tile	0
-76	-8	86	grug_decor:darkage_marble_tile	0
-75	-8	86	grug_decor:darkage_marble_tile	0
-74	-8	86	grug_decor:darkage_marble_tile	0
-73	-8	86	grug_decor:darkage_marble_tile	0
-72	-8	86	grug_decor:darkage_marble_tile	0
-71	-8	86	grug_decor:darkage_marble_tile	0
-70	-8	86	grug_decor:darkage_marble_tile	0
-69	-8	86	grug_decor:darkage_marble_tile	0
-68	-8	86	grug_decor:darkage_marble_tile	0
-67	-8	86	grug_decor:darkage_marble_tile	0
-66	-8	86	grug_decor:darkage_marble_tile	0
-65	-8	86	grug_decor:darkage_marble_tile	0
-64	-8	86	grug_decor:darkage_marble_tile	0
-63	-8	86	default:stone	0
-62	-8	86	default:stone	0
-61	-8	86	default:stone	0
-60	-8	86	default:stone	0
-59	-8	86	default:stone	0
-58	-8	86	default:stone	0
-57	-8	86	default:stone	0
-87	-7	86	default:dirt	0
-86	-7	86	default:dirt	0
-85	-7	86	default:dirt	0
-84	-7	86	default:dirt	0
-83	-7	86	default:dirt	0
-82	-7	86	default:dirt	0
-81	-7	86	default:dirt	0
-80	-7	86	grug_decor:darkage_marble_tile	0
-79	-7	86	grug_decor:darkage_marble_tile	0
-78	-7	86	grug_decor:darkage_marble_tile	0
-77	-7	86	grug_decor:darkage_marble_tile	0
-76	-7	86	grug_decor:darkage_marble_tile	0
-75	-7	86	grug_decor:darkage_marble_tile	0
-74	-7	86	grug_decor:darkage_marble_tile	0
-73	-7	86	grug_decor:darkage_marble_tile	0
-72	-7	86	grug_decor:darkage_marble_tile	0
-71	-7	86	grug_decor:darkage_marble_tile	0
-70	-7	86	grug_decor:darkage_marble_tile	0
-69	-7	86	grug_decor:darkage_marble_tile	0
-68	-7	86	grug_decor:darkage_marble_tile	0
-67	-7	86	grug_decor:darkage_marble_tile	0
-66	-7	86	grug_decor:darkage_marble_tile	0
-65	-7	86	grug_decor:darkage_marble_tile	0
-64	-7	86	grug_decor:darkage_marble_tile	0
-63	-7	86	default:dirt	0
-62	-7	86	default:dirt	0
-61	-7	86	default:dirt	0
-60	-7	86	default:dirt	0
-59	-7	86	default:dirt	0
-58	-7	86	default:dirt	0
-57	-7	86	default:dirt	0
-87	-6	86	default:dirt_with_grass	0
-86	-6	86	default:dirt_with_grass	0
-85	-6	86	default:dirt_with_grass	0
-84	-6	86	default:dirt_with_grass	0
-83	-6	86	default:dirt_with_grass	0
-82	-6	86	default:dirt_with_grass	0
-81	-6	86	default:dirt_with_grass	0
-80	-6	86	grug_decor:darkage_marble_tile	0
-79	-6	86	grug_decor:darkage_marble_tile	0
-78	-6	86	grug_decor:darkage_marble_tile	0
-77	-6	86	grug_decor:darkage_marble_tile	0
-76	-6	86	grug_decor:darkage_marble_tile	0
-75	-6	86	grug_decor:darkage_marble_tile	0
-74	-6	86	grug_decor:darkage_marble_tile	0
-73	-6	86	grug_decor:darkage_marble_tile	0
-72	-6	86	grug_decor:darkage_marble_tile	0
-71	-6	86	grug_decor:darkage_marble_tile	0
-70	-6	86	grug_decor:darkage_marble_tile	0
-69	-6	86	grug_decor:darkage_marble_tile	0
-68	-6	86	grug_decor:darkage_marble_tile	0
-67	-6	86	grug_decor:darkage_marble_tile	0
-66	-6	86	grug_decor:darkage_marble_tile	0
-65	-6	86	grug_decor:darkage_marble_tile	0
-64	-6	86	grug_decor:darkage_marble_tile	0
-63	-6	86	grug_nodes:dirt_with_forest_litter	0
-62	-6	86	grug_nodes:dirt_with_forest_litter	0
-61	-6	86	grug_nodes:dirt_with_forest_litter	0
-60	-6	86	grug_nodes:dirt_with_forest_litter	0
-59	-6	86	grug_nodes:dirt_with_forest_litter	0
-58	-6	86	grug_nodes:dirt_with_forest_litter	0
-57	-6	86	grug_nodes:dirt_with_forest_litter	0
-80	-5	86	grug_decor:darkage_marble_tile	0
-79	-5	86	grug_decor:darkage_marble_tile	0
-78	-5	86	grug_decor:darkage_marble_tile	0
-77	-5	86	grug_decor:darkage_marble_tile	0
-76	-5	86	grug_decor:darkage_marble_tile	0
-75	-5	86	grug_decor:darkage_marble_tile	0
-74	-5	86	grug_decor:darkage_marble_tile	0
-73	-5	86	grug_decor:darkage_marble_tile	0
-72	-5	86	grug_decor:darkage_marble_tile	0
-71	-5	86	grug_decor:darkage_marble_tile	0
-70	-5	86	grug_decor:darkage_marble_tile	0
-69	-5	86	grug_decor:darkage_marble_tile	0
-68	-5	86	grug_decor:darkage_marble_tile	0
-67	-5	86	grug_decor:darkage_marble_tile	0
-66	-5	86	grug_decor:darkage_marble_tile	0
-65	-5	86	grug_decor:darkage_marble_tile	0
-64	-5	86	grug_decor:darkage_marble_tile	0
-80	-4	86	grug_decor:darkage_marble_tile	0
-79	-4	86	grug_decor:darkage_marble_tile	0
-78	-4	86	grug_decor:darkage_marble_tile	0
-77	-4	86	grug_decor:darkage_marble_tile	0
-76	-4	86	grug_decor:darkage_marble_tile	0
-75	-4	86	grug_decor:darkage_marble_tile	0
-74	-4	86	grug_decor:darkage_marble_tile	0
-73	-4	86	grug_decor:darkage_marble_tile	0
-72	-4	86	grug_decor:darkage_marble_tile	0
-71	-4	86	grug_decor:darkage_marble_tile	0
-70	-4	86	grug_decor:darkage_marble_tile	0
-69	-4	86	grug_decor:darkage_marble_tile	0
-68	-4	86	grug_decor:darkage_marble_tile	0
-67	-4	86	grug_decor:darkage_marble_tile	0
-66	-4	86	grug_decor:darkage_marble_tile	0
-65	-4	86	grug_decor:darkage_marble_tile	0
-64	-4	86	grug_decor:darkage_marble_tile	0
-80	-3	86	grug_decor:darkage_serpentine	0
-79	-3	86	grug_decor:darkage_serpentine	0
-78	-3	86	grug_decor:darkage_serpentine	0
-77	-3	86	grug_decor:darkage_serpentine	0
-76	-3	86	grug_decor:darkage_serpentine	0
-75	-3	86	grug_decor:darkage_serpentine	0
-74	-3	86	grug_decor:darkage_serpentine	0
-73	-3	86	grug_decor:darkage_serpentine	0
-72	-3	86	grug_decor:darkage_serpentine	0
-71	-3	86	grug_decor:darkage_serpentine	0
-70	-3	86	grug_decor:darkage_serpentine	0
-69	-3	86	grug_decor:darkage_serpentine	0
-68	-3	86	grug_decor:darkage_serpentine	0
-67	-3	86	grug_decor:darkage_serpentine	0
-66	-3	86	grug_decor:darkage_serpentine	0
-65	-3	86	grug_decor:darkage_serpentine	0
-64	-3	86	grug_decor:darkage_serpentine	0
-87	-9	87	default:stone	0
-86	-9	87	default:stone	0
-85	-9	87	default:stone	0
-84	-9	87	default:stone	0
-83	-9	87	default:stone	0
-82	-9	87	default:stone	0
-81	-9	87	default:stone	0
-80	-9	87	default:stone	0
-79	-9	87	default:stone	0
-78	-9	87	default:stone	0
-77	-9	87	default:stone	0
-76	-9	87	default:stone	0
-75	-9	87	default:stone	0
-74	-9	87	default:stone	0
-73	-9	87	default:stone	0
-72	-9	87	default:stone	0
-71	-9	87	default:stone	0
-70	-9	87	default:stone	0
-69	-9	87	default:stone	0
-68	-9	87	default:stone	0
-67	-9	87	default:stone	0
-66	-9	87	default:stone	0
-65	-9	87	default:stone	0
-64	-9	87	default:stone	0
-63	-9	87	default:stone	0
-62	-9	87	default:stone	0
-61	-9	87	default:stone	0
-60	-9	87	default:stone	0
-59	-9	87	default:stone	0
-58	-9	87	default:stone	0
-57	-9	87	default:stone	0
-87	-8	87	default:dirt	0
-86	-8	87	default:stone	0
-85	-8	87	default:stone	0
-84	-8	87	default:stone	0
-83	-8	87	default:stone	0
-82	-8	87	default:stone	0
-81	-8	87	default:stone	0
-80	-8	87	default:stone	0
-79	-8	87	default:stone	0
-78	-8	87	default:stone	0
-77	-8	87	default:stone	0
-76	-8	87	default:stone	0
-75	-8	87	default:stone	0
-74	-8	87	default:stone	0
-73	-8	87	default:stone	0
-72	-8	87	default:stone	0
-71	-8	87	default:stone	0
-70	-8	87	default:stone	0
-69	-8	87	default:stone	0
-68	-8	87	default:stone	0
-67	-8	87	default:stone	0
-66	-8	87	default:stone	0
-65	-8	87	default:stone	0
-64	-8	87	default:stone	0
-63	-8	87	default:stone	0
-62	-8	87	default:stone	0
-61	-8	87	default:stone	0
-60	-8	87	default:stone	0
-59	-8	87	default:stone	0
-58	-8	87	default:stone	0
-57	-8	87	default:stone	0
-87	-7	87	default:dirt	0
-86	-7	87	default:dirt	0
-85	-7	87	default:dirt	0
-84	-7	87	default:dirt	0
-83	-7	87	default:dirt	0
-82	-7	87	default:dirt	0
-81	-7	87	default:dirt	0
-80	-7	87	default:dirt	0
-79	-7	87	default:dirt	0
-78	-7	87	default:dirt	0
-77	-7	87	default:dirt	0
-76	-7	87	default:dirt	0
-75	-7	87	default:dirt	0
-74	-7	87	default:dirt	0
-73	-7	87	default:dirt	0
-72	-7	87	default:dirt	0
-71	-7	87	default:dirt	0
-70	-7	87	default:dirt	0
-69	-7	87	default:dirt	0
-68	-7	87	default:dirt	0
-67	-7	87	default:dirt	0
-66	-7	87	default:dirt	0
-65	-7	87	default:dirt	0
-64	-7	87	default:dirt	0
-63	-7	87	default:dirt	0
-62	-7	87	default:dirt	0
-61	-7	87	default:dirt	0
-60	-7	87	default:dirt	0
-59	-7	87	default:dirt	0
-58	-7	87	default:dirt	0
-57	-7	87	default:dirt	0
-87	-6	87	default:dirt_with_grass	0
-86	-6	87	default:dirt_with_grass	0
-85	-6	87	default:dirt_with_grass	0
-84	-6	87	default:dirt_with_grass	0
-83	-6	87	default:dirt_with_grass	0
-82	-6	87	default:dirt_with_grass	0
-81	-6	87	default:dirt_with_grass	0
-80	-6	87	default:dirt_with_grass	0
-79	-6	87	default:dirt_with_grass	0
-78	-6	87	default:dirt_with_grass	0
-77	-6	87	grug_nodes:dirt_with_forest_litter	0
-76	-6	87	grug_nodes:dirt_with_forest_litter	0
-75	-6	87	grug_nodes:dirt_with_forest_litter	0
-74	-6	87	grug_nodes:dirt_with_forest_litter	0
-73	-6	87	grug_nodes:dirt_with_forest_litter	0
-72	-6	87	grug_nodes:dirt_with_forest_litter	0
-71	-6	87	grug_nodes:dirt_with_forest_litter	0
-70	-6	87	grug_nodes:dirt_with_forest_litter	0
-69	-6	87	grug_nodes:dirt_with_forest_litter	0
-68	-6	87	grug_nodes:dirt_with_forest_litter	0
-67	-6	87	grug_nodes:dirt_with_forest_litter	0
-66	-6	87	grug_nodes:dirt_with_forest_litter	0
-65	-6	87	grug_nodes:dirt_with_forest_litter	0
-64	-6	87	grug_nodes:dirt_with_forest_litter	0
-63	-6	87	grug_nodes:dirt_with_forest_litter	0
-62	-6	87	grug_nodes:dirt_with_forest_litter	0
-61	-6	87	grug_nodes:dirt_with_forest_litter	0
-60	-6	87	grug_nodes:dirt_with_forest_litter	0
-59	-6	87	grug_nodes:dirt_with_forest_litter	0
-58	-6	87	grug_nodes:dirt_with_forest_litter	0
-57	-6	87	grug_nodes:dirt_with_forest_litter	0
-87	-9	88	default:stone	0
-86	-9	88	default:stone	0
-85	-9	88	default:stone	0
-84	-9	88	default:stone	0
-83	-9	88	default:stone	0
-82	-9	88	default:stone	0
-81	-9	88	default:stone	0
-80	-9	88	default:stone	0
-79	-9	88	default:stone	0
-78	-9	88	default:stone	0
-77	-9	88	default:stone	0
-76	-9	88	default:stone	0
-75	-9	88	default:stone	0
-74	-9	88	default:stone	0
-73	-9	88	default:stone	0
-72	-9	88	default:stone	0
-71	-9	88	default:stone	0
-70	-9	88	default:stone	0
-69	-9	88	default:stone	0
-68	-9	88	default:stone	0
-67	-9	88	default:stone	0
-66	-9	88	default:stone	0
-65	-9	88	default:stone	0
-64	-9	88	default:stone	0
-63	-9	88	default:stone	0
-62	-9	88	default:stone	0
-61	-9	88	default:stone	0
-60	-9	88	default:stone	0
-59	-9	88	default:stone	0
-58	-9	88	default:stone	0
-57	-9	88	default:stone	0
-87	-8	88	default:dirt	0
-86	-8	88	default:stone	0
-85	-8	88	default:stone	0
-84	-8	88	default:stone	0
-83	-8	88	default:stone	0
-82	-8	88	default:stone	0
-81	-8	88	default:stone	0
-80	-8	88	default:stone	0
-79	-8	88	default:stone	0
-78	-8	88	default:stone	0
-77	-8	88	default:stone	0
-76	-8	88	default:stone	0
-75	-8	88	default:stone	0
-74	-8	88	default:stone	0
-73	-8	88	default:stone	0
-72	-8	88	default:stone	0
-71	-8	88	default:stone	0
-70	-8	88	default:stone	0
-69	-8	88	default:stone	0
-68	-8	88	default:stone	0
-67	-8	88	default:stone	0
-66	-8	88	default:stone	0
-65	-8	88	default:stone	0
-64	-8	88	default:stone	0
-63	-8	88	default:stone	0
-62	-8	88	default:stone	0
-61	-8	88	default:stone	0
-60	-8	88	default:stone	0
-59	-8	88	default:stone	0
-58	-8	88	default:stone	0
-57	-8	88	default:stone	0
-87	-7	88	default:dirt	0
-86	-7	88	default:dirt	0
-85	-7	88	default:dirt	0
-84	-7	88	default:dirt	0
-83	-7	88	default:dirt	0
-82	-7	88	default:dirt	0
-81	-7	88	default:dirt	0
-80	-7	88	default:dirt	0
-79	-7	88	default:dirt	0
-78	-7	88	default:dirt	0
-77	-7	88	default:dirt	0
-76	-7	88	default:dirt	0
-75	-7	88	default:dirt	0
-74	-7	88	default:dirt	0
-73	-7	88	default:dirt	0
-72	-7	88	default:dirt	0
-71	-7	88	default:dirt	0
-70	-7	88	default:dirt	0
-69	-7	88	default:dirt	0
-68	-7	88	default:dirt	0
-67	-7	88	default:dirt	0
-66	-7	88	default:dirt	0
-65	-7	88	default:dirt	0
-64	-7	88	default:dirt	0
-63	-7	88	default:dirt	0
-62	-7	88	default:dirt	0
-61	-7	88	default:dirt	0
-60	-7	88	default:dirt	0
-59	-7	88	default:dirt	0
-58	-7	88	default:dirt	0
-57	-7	88	default:dirt	0
-87	-6	88	default:dirt_with_grass	0
-86	-6	88	default:dirt_with_grass	0
-85	-6	88	default:dirt_with_grass	0
-84	-6	88	default:dirt_with_grass	0
-83	-6	88	default:dirt_with_grass	0
-82	-6	88	default:dirt_with_grass	0
-81	-6	88	default:dirt_with_grass	0
-80	-6	88	default:dirt_with_grass	0
-79	-6	88	default:dirt_with_grass	0
-78	-6	88	default:dirt_with_grass	0
-77	-6	88	grug_nodes:dirt_with_forest_litter	0
-76	-6	88	grug_nodes:dirt_with_forest_litter	0
-75	-6	88	grug_nodes:dirt_with_forest_litter	0
-74	-6	88	grug_nodes:dirt_with_forest_litter	0
-73	-6	88	grug_nodes:dirt_with_forest_litter	0
-72	-6	88	grug_nodes:dirt_with_forest_litter	0
-71	-6	88	grug_nodes:dirt_with_forest_litter	0
-70	-6	88	grug_nodes:dirt_with_forest_litter	0
-69	-6	88	grug_nodes:dirt_with_forest_litter	0
-68	-6	88	grug_nodes:dirt_with_forest_litter	0
-67	-6	88	grug_nodes:dirt_with_forest_litter	0
-66	-6	88	grug_nodes:dirt_with_forest_litter	0
-65	-6	88	grug_nodes:dirt_with_forest_litter	0
-64	-6	88	grug_nodes:dirt_with_forest_litter	0
-63	-6	88	grug_nodes:dirt_with_forest_litter	0
-62	-6	88	grug_nodes:dirt_with_forest_litter	0
-61	-6	88	grug_nodes:dirt_with_forest_litter	0
-60	-6	88	grug_nodes:dirt_with_forest_litter	0
-59	-6	88	grug_nodes:dirt_with_forest_litter	0
-58	-6	88	grug_nodes:dirt_with_forest_litter	0
-57	-6	88	grug_nodes:dirt_with_forest_litter	0
-87	-9	89	default:stone	0
-86	-9	89	default:stone	0
-85	-9	89	default:stone	0
-84	-9	89	default:stone	0
-83	-9	89	default:stone	0
-82	-9	89	default:stone	0
-81	-9	89	default:stone	0
-80	-9	89	default:stone	0
-79	-9	89	default:stone	0
-78	-9	89	default:stone	0
-77	-9	89	default:stone	0
-76	-9	89	default:stone	0
-75	-9	89	default:stone	0
-74	-9	89	default:stone	0
-73	-9	89	default:stone	0
-72	-9	89	default:stone	0
-71	-9	89	default:stone	0
-70	-9	89	default:stone	0
-69	-9	89	default:stone	0
-68	-9	89	default:stone	0
-67	-9	89	default:stone	0
-66	-9	89	default:stone	0
-65	-9	89	default:stone	0
-64	-9	89	default:stone	0
-63	-9	89	default:stone	0
-62	-9	89	default:stone	0
-61	-9	89	default:stone	0
-60	-9	89	default:stone	0
-59	-9	89	default:stone	0
-58	-9	89	default:stone	0
-57	-9	89	default:stone	0
-87	-8	89	default:dirt	0
-86	-8	89	default:stone	0
-85	-8	89	default:stone	0
-84	-8	89	default:stone	0
-83	-8	89	default:stone	0
-82	-8	89	default:stone	0
-81	-8	89	default:stone	0
-80	-8	89	default:stone	0
-79	-8	89	default:stone	0
-78	-8	89	default:stone	0
-77	-8	89	default:stone	0
-76	-8	89	default:stone	0
-75	-8	89	default:stone	0
-74	-8	89	default:stone	0
-73	-8	89	default:stone	0
-72	-8	89	default:stone	0
-71	-8	89	default:stone	0
-70	-8	89	default:stone	0
-69	-8	89	default:stone	0
-68	-8	89	default:stone	0
-67	-8	89	default:stone	0
-66	-8	89	default:stone	0
-65	-8	89	default:stone	0
-64	-8	89	default:stone	0
-63	-8	89	default:stone	0
-62	-8	89	default:stone	0
-61	-8	89	default:stone	0
-60	-8	89	default:stone	0
-59	-8	89	default:stone	0
-58	-8	89	default:stone	0
-57	-8	89	default:stone	0
-87	-7	89	default:dirt	0
-86	-7	89	default:dirt	0
-85	-7	89	default:dirt	0
-84	-7	89	default:dirt	0
-83	-7	89	default:dirt	0
-82	-7	89	default:dirt	0
-81	-7	89	default:dirt	0
-80	-7	89	default:dirt	0
-79	-7	89	default:dirt	0
-78	-7	89	default:dirt	0
-77	-7	89	default:dirt	0
-76	-7	89	default:dirt	0
-75	-7	89	default:dirt	0
-74	-7	89	default:dirt	0
-73	-7	89	default:dirt	0
-72	-7	89	default:dirt	0
-71	-7	89	default:dirt	0
-70	-7	89	default:dirt	0
-69	-7	89	default:dirt	0
-68	-7	89	default:dirt	0
-67	-7	89	default:dirt	0
-66	-7	89	default:dirt	0
-65	-7	89	default:dirt	0
-64	-7	89	default:dirt	0
-63	-7	89	default:dirt	0
-62	-7	89	default:dirt	0
-61	-7	89	default:dirt	0
-60	-7	89	default:dirt	0
-59	-7	89	default:dirt	0
-58	-7	89	default:dirt	0
-57	-7	89	default:dirt	0
-87	-6	89	default:dirt_with_grass	0
-86	-6	89	default:dirt_with_grass	0
-85	-6	89	default:dirt_with_grass	0
-84	-6	89	default:dirt_with_grass	0
-83	-6	89	default:dirt_with_grass	0
-82	-6	89	default:dirt_with_grass	0
-81	-6	89	default:dirt_with_grass	0
-80	-6	89	default:dirt_with_grass	0
-79	-6	89	default:dirt_with_grass	0
-78	-6	89	default:dirt_with_grass	0
-77	-6	89	grug_nodes:dirt_with_forest_litter	0
-76	-6	89	grug_nodes:dirt_with_forest_litter	0
-75	-6	89	grug_nodes:dirt_with_forest_litter	0
-74	-6	89	grug_nodes:dirt_with_forest_litter	0
-73	-6	89	grug_nodes:dirt_with_forest_litter	0
-72	-6	89	grug_nodes:dirt_with_forest_litter	0
-71	-6	89	grug_nodes:dirt_with_forest_litter	0
-70	-6	89	grug_nodes:dirt_with_forest_litter	0
-69	-6	89	grug_nodes:dirt_with_forest_litter	0
-68	-6	89	grug_nodes:dirt_with_forest_litter	0
-67	-6	89	grug_nodes:dirt_with_forest_litter	0
-66	-6	89	grug_nodes:dirt_with_forest_litter	0
-65	-6	89	grug_nodes:dirt_with_forest_litter	0
-64	-6	89	grug_nodes:dirt_with_forest_litter	0
-63	-6	89	grug_nodes:dirt_with_forest_litter	0
-62	-6	89	grug_nodes:dirt_with_forest_litter	0
-61	-6	89	grug_nodes:dirt_with_forest_litter	0
-60	-6	89	grug_nodes:dirt_with_forest_litter	0
-59	-6	89	grug_nodes:dirt_with_forest_litter	0
-58	-6	89	grug_nodes:dirt_with_forest_litter	0
-57	-6	89	grug_nodes:dirt_with_forest_litter	0
-87	-9	90	default:stone	0
-86	-9	90	default:stone	0
-85	-9	90	default:stone	0
-84	-9	90	default:stone	0
-83	-9	90	default:stone	0
-82	-9	90	default:stone	0
-81	-9	90	default:stone	0
-80	-9	90	default:stone	0
-79	-9	90	default:stone	0
-78	-9	90	default:stone	0
-77	-9	90	default:stone	0
-76	-9	90	default:stone	0
-75	-9	90	default:stone	0
-74	-9	90	default:stone	0
-73	-9	90	default:stone	0
-72	-9	90	default:stone	0
-71	-9	90	default:stone	0
-70	-9	90	default:stone	0
-69	-9	90	default:stone	0
-68	-9	90	default:stone	0
-67	-9	90	default:stone	0
-66	-9	90	default:stone	0
-65	-9	90	default:stone	0
-64	-9	90	default:stone	0
-63	-9	90	default:stone	0
-62	-9	90	default:stone	0
-61	-9	90	default:stone	0
-60	-9	90	default:stone	0
-59	-9	90	default:stone	0
-58	-9	90	default:gravel	0
-57	-9	90	default:gravel	0
-87	-8	90	default:dirt	0
-86	-8	90	default:stone	0
-85	-8	90	default:stone	0
-84	-8	90	default:stone	0
-83	-8	90	default:stone	0
-82	-8	90	default:stone	0
-81	-8	90	default:stone	0
-80	-8	90	default:stone	0
-79	-8	90	default:stone	0
-78	-8	90	default:stone	0
-77	-8	90	default:stone	0
-76	-8	90	default:stone	0
-75	-8	90	default:stone	0
-74	-8	90	default:stone	0
-73	-8	90	default:stone	0
-72	-8	90	default:stone	0
-71	-8	90	default:stone	0
-70	-8	90	default:stone	0
-69	-8	90	default:stone	0
-68	-8	90	default:stone	0
-67	-8	90	default:stone	0
-66	-8	90	default:stone	0
-65	-8	90	default:stone	0
-64	-8	90	default:stone	0
-63	-8	90	default:stone	0
-62	-8	90	default:stone	0
-61	-8	90	default:stone	0
-60	-8	90	default:stone	0
-59	-8	90	default:stone	0
-58	-8	90	default:stone	0
-57	-8	90	default:stone	0
-87	-7	90	default:dirt	0
-86	-7	90	default:dirt	0
-85	-7	90	default:dirt	0
-84	-7	90	default:dirt	0
-83	-7	90	default:dirt	0
-82	-7	90	default:dirt	0
-81	-7	90	default:dirt	0
-80	-7	90	default:dirt	0
-79	-7	90	default:dirt	0
-78	-7	90	default:dirt	0
-77	-7	90	default:dirt	0
-76	-7	90	default:dirt	0
-75	-7	90	default:dirt	0
-74	-7	90	default:dirt	0
-73	-7	90	default:dirt	0
-72	-7	90	default:dirt	0
-71	-7	90	default:dirt	0
-70	-7	90	default:dirt	0
-69	-7	90	default:dirt	0
-68	-7	90	default:dirt	0
-67	-7	90	default:dirt	0
-66	-7	90	default:dirt	0
-65	-7	90	default:dirt	0
-64	-7	90	default:dirt	0
-63	-7	90	default:dirt	0
-62	-7	90	default:dirt	0
-61	-7	90	default:dirt	0
-60	-7	90	default:dirt	0
-59	-7	90	default:dirt	0
-58	-7	90	default:dirt	0
-57	-7	90	default:dirt	0
-87	-6	90	default:dirt_with_grass	0
-86	-6	90	default:dirt_with_grass	0
-85	-6	90	default:dirt_with_grass	0
-84	-6	90	default:dirt_with_grass	0
-83	-6	90	default:dirt_with_grass	0
-82	-6	90	default:dirt_with_grass	0
-81	-6	90	default:dirt_with_grass	0
-80	-6	90	default:dirt_with_grass	0
-79	-6	90	default:dirt_with_grass	0
-78	-6	90	default:dirt_with_grass	0
-77	-6	90	grug_nodes:dirt_with_forest_litter	0
-76	-6	90	grug_nodes:dirt_with_forest_litter	0
-75	-6	90	grug_nodes:dirt_with_forest_litter	0
-74	-6	90	grug_nodes:dirt_with_forest_litter	0
-73	-6	90	grug_nodes:dirt_with_forest_litter	0
-72	-6	90	grug_nodes:dirt_with_forest_litter	0
-71	-6	90	grug_nodes:dirt_with_forest_litter	0
-70	-6	90	grug_nodes:dirt_with_forest_litter	0
-69	-6	90	grug_nodes:dirt_with_forest_litter	0
-68	-6	90	grug_nodes:dirt_with_forest_litter	0
-67	-6	90	grug_nodes:dirt_with_forest_litter	0
-66	-6	90	grug_nodes:dirt_with_forest_litter	0
-65	-6	90	grug_nodes:dirt_with_forest_litter	0
-64	-6	90	grug_nodes:dirt_with_forest_litter	0
-63	-6	90	grug_nodes:dirt_with_forest_litter	0
-62	-6	90	grug_nodes:dirt_with_forest_litter	0
-61	-6	90	grug_nodes:dirt_with_forest_litter	0
-60	-6	90	grug_nodes:dirt_with_forest_litter	0
-59	-6	90	grug_nodes:dirt_with_forest_litter	0
-58	-6	90	grug_nodes:dirt_with_forest_litter	0
-57	-6	90	grug_nodes:dirt_with_forest_litter	0
-87	-9	91	default:stone	0
-86	-9	91	default:stone	0
-85	-9	91	default:stone	0
-84	-9	91	default:stone	0
-83	-9	91	default:stone	0
-82	-9	91	default:stone	0
-81	-9	91	default:stone	0
-80	-9	91	default:stone	0
-79	-9	91	default:stone	0
-78	-9	91	default:stone	0
-77	-9	91	default:stone	0
-76	-9	91	default:stone	0
-75	-9	91	default:stone	0
-74	-9	91	default:stone	0
-73	-9	91	default:stone	0
-72	-9	91	default:stone	0
-71	-9	91	default:stone	0
-70	-9	91	default:stone	0
-69	-9	91	default:stone	0
-68	-9	91	default:stone	0
-67	-9	91	default:stone	0
-66	-9	91	default:stone	0
-65	-9	91	default:stone	0
-64	-9	91	default:stone	0
-63	-9	91	default:stone	0
-62	-9	91	default:stone	0
-61	-9	91	default:stone	0
-60	-9	91	default:stone	0
-59	-9	91	default:stone	0
-58	-9	91	default:gravel	0
-57	-9	91	default:gravel	0
-87	-8	91	default:dirt	0
-86	-8	91	default:stone	0
-85	-8	91	default:stone	0
-84	-8	91	default:stone	0
-83	-8	91	default:stone	0
-82	-8	91	default:stone	0
-81	-8	91	default:stone	0
-80	-8	91	default:stone	0
-79	-8	91	default:stone	0
-78	-8	91	default:stone	0
-77	-8	91	default:stone	0
-76	-8	91	default:stone	0
-75	-8	91	default:stone	0
-74	-8	91	default:stone	0
-73	-8	91	default:stone	0
-72	-8	91	default:stone	0
-71	-8	91	default:stone	0
-70	-8	91	default:stone	0
-69	-8	91	default:stone	0
-68	-8	91	default:stone	0
-67	-8	91	default:stone	0
-66	-8	91	default:stone	0
-65	-8	91	default:stone	0
-64	-8	91	default:stone	0
-63	-8	91	default:stone	0
-62	-8	91	default:stone	0
-61	-8	91	default:stone	0
-60	-8	91	default:stone	0
-59	-8	91	default:stone	0
-58	-8	91	default:stone	0
-57	-8	91	default:stone	0
-87	-7	91	default:dirt	0
-86	-7	91	default:dirt	0
-85	-7	91	default:dirt	0
-84	-7	91	default:dirt	0
-83	-7	91	default:dirt	0
-82	-7	91	default:dirt	0
-81	-7	91	default:dirt	0
-80	-7	91	default:dirt	0
-79	-7	91	default:dirt	0
-78	-7	91	default:dirt	0
-77	-7	91	default:dirt	0
-76	-7	91	default:dirt	0
-75	-7	91	default:dirt	0
-74	-7	91	default:dirt	0
-73	-7	91	default:dirt	0
-72	-7	91	default:dirt	0
-71	-7	91	default:dirt	0
-70	-7	91	default:dirt	0
-69	-7	91	default:dirt	0
-68	-7	91	default:dirt	0
-67	-7	91	default:dirt	0
-66	-7	91	default:dirt	0
-65	-7	91	default:dirt	0
-64	-7	91	default:dirt	0
-63	-7	91	default:dirt	0
-62	-7	91	default:dirt	0
-61	-7	91	default:dirt	0
-60	-7	91	default:dirt	0
-59	-7	91	default:dirt	0
-58	-7	91	default:dirt	0
-57	-7	91	default:dirt	0
-87	-6	91	default:dirt_with_grass	0
-86	-6	91	default:dirt_with_grass	0
-85	-6	91	default:dirt_with_grass	0
-84	-6	91	default:dirt_with_grass	0
-83	-6	91	default:dirt_with_grass	0
-82	-6	91	default:dirt_with_grass	0
-81	-6	91	default:dirt_with_grass	0
-80	-6	91	default:dirt_with_grass	0
-79	-6	91	default:dirt_with_grass	0
-78	-6	91	default:dirt_with_grass	0
-77	-6	91	grug_nodes:dirt_with_forest_litter	0
-76	-6	91	grug_nodes:dirt_with_forest_litter	0
-75	-6	91	grug_nodes:dirt_with_forest_litter	0
-74	-6	91	grug_nodes:dirt_with_forest_litter	0
-73	-6	91	grug_nodes:dirt_with_forest_litter	0
-72	-6	91	grug_nodes:dirt_with_forest_litter	0
-71	-6	91	grug_nodes:dirt_with_forest_litter	0
-70	-6	91	grug_nodes:dirt_with_forest_litter	0
-69	-6	91	grug_nodes:dirt_with_forest_litter	0
-68	-6	91	grug_nodes:dirt_with_forest_litter	0
-67	-6	91	grug_nodes:dirt_with_forest_litter	0
-66	-6	91	grug_nodes:dirt_with_forest_litter	0
-65	-6	91	grug_nodes:dirt_with_forest_litter	0
-64	-6	91	grug_nodes:dirt_with_forest_litter	0
-63	-6	91	grug_nodes:dirt_with_forest_litter	0
-62	-6	91	grug_nodes:dirt_with_forest_litter	0
-61	-6	91	grug_nodes:dirt_with_forest_litter	0
-60	-6	91	grug_nodes:dirt_with_forest_litter	0
-59	-6	91	grug_nodes:dirt_with_forest_litter	0
-58	-6	91	grug_nodes:dirt_with_forest_litter	0
-57	-6	91	grug_nodes:dirt_with_forest_litter	0
