

-------------
  Separator
-------------

2026-09-23 18:15:20: ACTION[Main]: [grug_materials] 12 tools completing the six-tier pick/axe/shovel ladder
2026-09-23 18:15:20: WARNING[Main]: No craft recipe matches input (type: fuel, items: ['default:pick_mese'])
2026-09-23 18:15:20: WARNING[Main]: No craft recipe matches input (type: fuel, items: ['default:shovel_mese'])
2026-09-23 18:15:20: WARNING[Main]: No craft recipe matches input (type: fuel, items: ['default:axe_mese'])
2026-09-23 18:15:20: WARNING[Main]: No craft recipe matches input (type: fuel, items: ['default:sword_mese'])
2026-09-23 18:15:20: WARNING[Main]: No craft recipe matches input (type: fuel, items: ['default:pick_diamond'])
2026-09-23 18:15:20: WARNING[Main]: No craft recipe matches input (type: fuel, items: ['default:shovel_diamond'])
2026-09-23 18:15:20: WARNING[Main]: No craft recipe matches input (type: fuel, items: ['default:axe_diamond'])
2026-09-23 18:15:20: WARNING[Main]: No craft recipe matches input (type: fuel, items: ['default:sword_diamond'])
2026-09-23 18:15:20: WARNING[Main]: No craft recipe matches input (type: fuel, items: ['default:sword_bronze'])
2026-09-23 18:15:20: WARNING[Main]: No craft recipe matches input (type: fuel, items: ['default:sword_steel'])
2026-09-23 18:15:20: WARNING[Main]: No craft recipe matches input (type: fuel, items: ['default:sword_stone'])
2026-09-23 18:15:20: WARNING[Main]: No craft recipe matches input (type: fuel, items: ['default:copper_ingot'])
2026-09-23 18:15:20: WARNING[Main]: No craft recipe matches input (type: fuel, items: ['default:copperblock'])
2026-09-23 18:15:20: WARNING[Main]: No craft recipe matches input (type: fuel, items: ['default:tin_ingot'])
2026-09-23 18:15:20: WARNING[Main]: No craft recipe matches input (type: fuel, items: ['default:tinblock'])
2026-09-23 18:15:20: WARNING[Main]: No craft recipe matches input (type: fuel, items: ['default:bronze_ingot'])
2026-09-23 18:15:20: WARNING[Main]: No craft recipe matches input (type: fuel, items: ['default:bronzeblock'])
2026-09-23 18:15:20: WARNING[Main]: No craft recipe matches input (type: fuel, items: ['default:steel_ingot'])
2026-09-23 18:15:20: WARNING[Main]: No craft recipe matches input (type: fuel, items: ['default:steelblock'])
2026-09-23 18:15:20: WARNING[Main]: No craft recipe matches input (type: fuel, items: ['default:gold_ingot'])
2026-09-23 18:15:20: WARNING[Main]: No craft recipe matches input (type: fuel, items: ['default:goldblock'])
2026-09-23 18:15:20: WARNING[Main]: No craft recipe known for output 'default:stone_with_mese'
2026-09-23 18:15:20: WARNING[Main]: No craft recipe matches input (type: fuel, items: ['default:stone_with_mese'])
2026-09-23 18:15:20: WARNING[Main]: No craft recipe matches input (type: fuel, items: ['default:mese'])
2026-09-23 18:15:20: WARNING[Main]: No craft recipe matches input (type: fuel, items: ['default:mese_crystal'])
2026-09-23 18:15:20: WARNING[Main]: No craft recipe matches input (type: fuel, items: ['default:mese_crystal_fragment'])
2026-09-23 18:15:20: WARNING[Main]: No craft recipe matches input (type: fuel, items: ['default:meselamp'])
2026-09-23 18:15:20: WARNING[Main]: No craft recipe matches input (type: fuel, items: ['default:mese_post_light'])
2026-09-23 18:15:20: WARNING[Main]: No craft recipe matches input (type: fuel, items: ['default:mese_post_light_acacia_wood'])
2026-09-23 18:15:20: WARNING[Main]: No craft recipe matches input (type: fuel, items: ['default:mese_post_light_junglewood'])
2026-09-23 18:15:20: WARNING[Main]: No craft recipe matches input (type: fuel, items: ['default:mese_post_light_pine_wood'])
2026-09-23 18:15:20: WARNING[Main]: No craft recipe matches input (type: fuel, items: ['default:mese_post_light_aspen_wood'])
2026-09-23 18:15:20: WARNING[Main]: No craft recipe known for output 'default:stone_with_diamond'
2026-09-23 18:15:20: WARNING[Main]: No craft recipe matches input (type: fuel, items: ['default:stone_with_diamond'])
2026-09-23 18:15:20: WARNING[Main]: No craft recipe matches input (type: fuel, items: ['default:diamond'])
2026-09-23 18:15:20: WARNING[Main]: No craft recipe matches input (type: fuel, items: ['default:diamondblock'])
2026-09-23 18:15:20: WARNING[Main]: No craft recipe matches input (type: fuel, items: ['default:sign_wall_steel'])
2026-09-23 18:15:20: WARNING[Main]: No craft recipe matches input (type: fuel, items: ['default:ladder_steel'])
2026-09-23 18:15:20: WARNING[Main]: No craft recipe matches input (type: fuel, items: ['stairs:stair_steelblock'])
2026-09-23 18:15:20: WARNING[Main]: No craft recipe matches input (type: fuel, items: ['stairs:stair_inner_steelblock'])
2026-09-23 18:15:20: WARNING[Main]: No craft recipe matches input (type: fuel, items: ['stairs:stair_outer_steelblock'])
2026-09-23 18:15:20: WARNING[Main]: No craft recipe matches input (type: fuel, items: ['stairs:slab_steelblock'])
2026-09-23 18:15:20: WARNING[Main]: No craft recipe matches input (type: fuel, items: ['stairs:stair_tinblock'])
2026-09-23 18:15:20: WARNING[Main]: No craft recipe matches input (type: fuel, items: ['stairs:stair_inner_tinblock'])
2026-09-23 18:15:20: WARNING[Main]: No craft recipe matches input (type: fuel, items: ['stairs:stair_outer_tinblock'])
2026-09-23 18:15:20: WARNING[Main]: No craft recipe matches input (type: fuel, items: ['stairs:slab_tinblock'])
2026-09-23 18:15:20: WARNING[Main]: No craft recipe matches input (type: fuel, items: ['stairs:stair_copperblock'])
2026-09-23 18:15:20: WARNING[Main]: No craft recipe matches input (type: fuel, items: ['stairs:stair_inner_copperblock'])
2026-09-23 18:15:20: WARNING[Main]: No craft recipe matches input (type: fuel, items: ['stairs:stair_outer_copperblock'])
2026-09-23 18:15:20: WARNING[Main]: No craft recipe matches input (type: fuel, items: ['stairs:slab_copperblock'])
2026-09-23 18:15:20: WARNING[Main]: No craft recipe matches input (type: fuel, items: ['stairs:stair_bronzeblock'])
2026-09-23 18:15:20: WARNING[Main]: No craft recipe matches input (type: fuel, items: ['stairs:stair_inner_bronzeblock'])
2026-09-23 18:15:20: WARNING[Main]: No craft recipe matches input (type: fuel, items: ['stairs:stair_outer_bronzeblock'])
2026-09-23 18:15:20: WARNING[Main]: No craft recipe matches input (type: fuel, items: ['stairs:slab_bronzeblock'])
2026-09-23 18:15:20: WARNING[Main]: No craft recipe matches input (type: fuel, items: ['stairs:stair_goldblock'])
2026-09-23 18:15:20: WARNING[Main]: No craft recipe matches input (type: fuel, items: ['stairs:stair_inner_goldblock'])
2026-09-23 18:15:20: WARNING[Main]: No craft recipe matches input (type: fuel, items: ['stairs:stair_outer_goldblock'])
2026-09-23 18:15:20: WARNING[Main]: No craft recipe matches input (type: fuel, items: ['stairs:slab_goldblock'])
2026-09-23 18:15:20: ACTION[Main]: [grug_gear] 6 bracket catalogs: 36 weapons + 72 armor pieces
2026-09-23 18:15:39: ACTION[Main]: [grug_quality] deterministic PcgRandom quality rolls enabled
2026-09-23 18:15:39: WARNING[Main]: No craft recipe known for output 'grug_gear:sword_bronze'
2026-09-23 18:15:39: WARNING[Main]: No craft recipe known for output 'grug_gear:dagger_bronze'
2026-09-23 18:15:39: WARNING[Main]: No craft recipe known for output 'grug_gear:greataxe_bronze'
2026-09-23 18:15:39: WARNING[Main]: No craft recipe known for output 'grug_gear:wand_bronze'
2026-09-23 18:15:39: WARNING[Main]: No craft recipe known for output 'grug_gear:staff_bronze'
2026-09-23 18:15:39: WARNING[Main]: No craft recipe known for output 'grug_gear:bow_bronze'
2026-09-23 18:15:39: WARNING[Main]: No craft recipe known for output 'grug_gear:shield_bronze'
2026-09-23 18:15:39: WARNING[Main]: No craft recipe known for output 'grug_gear:legs_cloth_patch'
2026-09-23 18:15:39: WARNING[Main]: No craft recipe known for output 'grug_gear:head_cloth_patch'
2026-09-23 18:15:39: WARNING[Main]: No craft recipe known for output 'grug_gear:chest_cloth_patch'
2026-09-23 18:15:39: WARNING[Main]: No craft recipe known for output 'grug_gear:feet_cloth_patch'
2026-09-23 18:15:39: WARNING[Main]: No craft recipe known for output 'grug_gear:legs_leather_light'
2026-09-23 18:15:39: WARNING[Main]: No craft recipe known for output 'grug_gear:head_leather_light'
2026-09-23 18:15:39: WARNING[Main]: No craft recipe known for output 'grug_gear:chest_leather_light'
2026-09-23 18:15:39: WARNING[Main]: No craft recipe known for output 'grug_gear:feet_leather_light'
2026-09-23 18:15:39: WARNING[Main]: No craft recipe known for output 'grug_gear:legs_metal_bronze'
2026-09-23 18:15:39: WARNING[Main]: No craft recipe known for output 'grug_gear:head_metal_bronze'
2026-09-23 18:15:39: WARNING[Main]: No craft recipe known for output 'grug_gear:chest_metal_bronze'
2026-09-23 18:15:39: WARNING[Main]: No craft recipe known for output 'grug_gear:feet_metal_bronze'
2026-09-23 18:15:39: WARNING[Main]: No craft recipe known for output 'grug_gear:sword_iron'
2026-09-23 18:15:39: WARNING[Main]: No craft recipe known for output 'grug_materials:pick_iron'
2026-09-23 18:15:39: WARNING[Main]: No craft recipe known for output 'grug_materials:shovel_iron'
2026-09-23 18:15:39: WARNING[Main]: No craft recipe known for output 'grug_materials:axe_iron'
2026-09-23 18:15:39: WARNING[Main]: No craft recipe known for output 'grug_gear:dagger_iron'
2026-09-23 18:15:39: WARNING[Main]: No craft recipe known for output 'grug_gear:greataxe_iron'
2026-09-23 18:15:39: WARNING[Main]: No craft recipe known for output 'grug_gear:wand_iron'
2026-09-23 18:15:39: WARNING[Main]: No craft recipe known for output 'grug_gear:staff_iron'
2026-09-23 18:15:39: WARNING[Main]: No craft recipe known for output 'grug_gear:bow_iron'
2026-09-23 18:15:39: WARNING[Main]: No craft recipe known for output 'grug_gear:shield_iron'
2026-09-23 18:15:39: WARNING[Main]: No craft recipe known for output 'grug_gear:legs_cloth_woven'
2026-09-23 18:15:39: WARNING[Main]: No craft recipe known for output 'grug_gear:head_cloth_woven'
2026-09-23 18:15:39: WARNING[Main]: No craft recipe known for output 'grug_gear:chest_cloth_woven'
2026-09-23 18:15:39: WARNING[Main]: No craft recipe known for output 'grug_gear:feet_cloth_woven'
2026-09-23 18:15:39: WARNING[Main]: No craft recipe known for output 'grug_gear:legs_leather_cured'
2026-09-23 18:15:39: WARNING[Main]: No craft recipe known for output 'grug_gear:head_leather_cured'
2026-09-23 18:15:39: WARNING[Main]: No craft recipe known for output 'grug_gear:chest_leather_cured'
2026-09-23 18:15:39: WARNING[Main]: No craft recipe known for output 'grug_gear:feet_leather_cured'
2026-09-23 18:15:39: WARNING[Main]: No craft recipe known for output 'grug_gear:legs_metal_iron'
2026-09-23 18:15:39: WARNING[Main]: No craft recipe known for output 'grug_gear:head_metal_iron'
2026-09-23 18:15:39: WARNING[Main]: No craft recipe known for output 'grug_gear:chest_metal_iron'
2026-09-23 18:15:39: WARNING[Main]: No craft recipe known for output 'grug_gear:feet_metal_iron'
2026-09-23 18:15:39: WARNING[Main]: No craft recipe known for output 'grug_gear:sword_steel'
2026-09-23 18:15:39: WARNING[Main]: No craft recipe known for output 'default:pick_steel'
2026-09-23 18:15:39: WARNING[Main]: No craft recipe known for output 'grug_gear:dagger_steel'
2026-09-23 18:15:39: WARNING[Main]: No craft recipe known for output 'grug_gear:greataxe_steel'
2026-09-23 18:15:39: WARNING[Main]: No craft recipe known for output 'grug_gear:wand_steel'
2026-09-23 18:15:39: WARNING[Main]: No craft recipe known for output 'grug_gear:staff_steel'
2026-09-23 18:15:39: WARNING[Main]: No craft recipe known for output 'grug_gear:bow_steel'
2026-09-23 18:15:39: WARNING[Main]: No craft recipe known for output 'grug_gear:shield_steel'
2026-09-23 18:15:39: WARNING[Main]: No craft recipe known for output 'grug_gear:legs_cloth_heavy'
2026-09-23 18:15:39: WARNING[Main]: No craft recipe known for output 'grug_gear:head_cloth_heavy'
2026-09-23 18:15:39: WARNING[Main]: No craft recipe known for output 'grug_gear:chest_cloth_heavy'
2026-09-23 18:15:39: WARNING[Main]: No craft recipe known for output 'grug_gear:feet_cloth_heavy'
2026-09-23 18:15:39: WARNING[Main]: No craft recipe known for output 'grug_gear:legs_leather_heavy'
2026-09-23 18:15:39: WARNING[Main]: No craft recipe known for output 'grug_gear:head_leather_heavy'
2026-09-23 18:15:39: WARNING[Main]: No craft recipe known for output 'grug_gear:chest_leather_heavy'
2026-09-23 18:15:39: WARNING[Main]: No craft recipe known for output 'grug_gear:feet_leather_heavy'
2026-09-23 18:15:39: WARNING[Main]: No craft recipe known for output 'grug_gear:legs_metal_steel'
2026-09-23 18:15:39: WARNING[Main]: No craft recipe known for output 'grug_gear:head_metal_steel'
2026-09-23 18:15:39: WARNING[Main]: No craft recipe known for output 'grug_gear:chest_metal_steel'
2026-09-23 18:15:39: WARNING[Main]: No craft recipe known for output 'grug_gear:feet_metal_steel'
2026-09-23 18:15:39: WARNING[Main]: No craft recipe known for output 'grug_gear:sword_silversteel'
2026-09-23 18:15:39: WARNING[Main]: No craft recipe known for output 'grug_materials:pick_silversteel'
2026-09-23 18:15:39: WARNING[Main]: No craft recipe known for output 'grug_materials:shovel_silversteel'
2026-09-23 18:15:39: WARNING[Main]: No craft recipe known for output 'grug_materials:axe_silversteel'
2026-09-23 18:15:39: WARNING[Main]: No craft recipe known for output 'grug_gear:dagger_silversteel'
2026-09-23 18:15:39: WARNING[Main]: No craft recipe known for output 'grug_gear:greataxe_silversteel'
2026-09-23 18:15:39: WARNING[Main]: No craft recipe known for output 'grug_gear:wand_silversteel'
2026-09-23 18:15:39: WARNING[Main]: No craft recipe known for output 'grug_gear:staff_silversteel'
2026-09-23 18:15:39: WARNING[Main]: No craft recipe known for output 'grug_gear:bow_silversteel'
2026-09-23 18:15:39: WARNING[Main]: No craft recipe known for output 'grug_gear:shield_silversteel'
2026-09-23 18:15:39: WARNING[Main]: No craft recipe known for output 'grug_gear:legs_cloth_silkweave'
2026-09-23 18:15:39: WARNING[Main]: No craft recipe known for output 'grug_gear:head_cloth_silkweave'
2026-09-23 18:15:39: WARNING[Main]: No craft recipe known for output 'grug_gear:chest_cloth_silkweave'
2026-09-23 18:15:39: WARNING[Main]: No craft recipe known for output 'grug_gear:feet_cloth_silkweave'
2026-09-23 18:15:39: WARNING[Main]: No craft recipe known for output 'grug_gear:legs_leather_scaled'
2026-09-23 18:15:39: WARNING[Main]: No craft recipe known for output 'grug_gear:head_leather_scaled'
2026-09-23 18:15:39: WARNING[Main]: No craft recipe known for output 'grug_gear:chest_leather_scaled'
2026-09-23 18:15:39: WARNING[Main]: No craft recipe known for output 'grug_gear:feet_leather_scaled'
2026-09-23 18:15:39: WARNING[Main]: No craft recipe known for output 'grug_gear:legs_metal_silversteel'
2026-09-23 18:15:39: WARNING[Main]: No craft recipe known for output 'grug_gear:head_metal_silversteel'
2026-09-23 18:15:39: WARNING[Main]: No craft recipe known for output 'grug_gear:chest_metal_silversteel'
2026-09-23 18:15:39: WARNING[Main]: No craft recipe known for output 'grug_gear:feet_metal_silversteel'
2026-09-23 18:15:39: WARNING[Main]: No craft recipe known for output 'grug_gear:sword_embersteel'
2026-09-23 18:15:39: WARNING[Main]: No craft recipe known for output 'grug_materials:pick_embersteel'
2026-09-23 18:15:39: WARNING[Main]: No craft recipe known for output 'grug_materials:shovel_embersteel'
2026-09-23 18:15:39: WARNING[Main]: No craft recipe known for output 'grug_materials:axe_embersteel'
2026-09-23 18:15:39: WARNING[Main]: No craft recipe known for output 'grug_gear:dagger_embersteel'
2026-09-23 18:15:39: WARNING[Main]: No craft recipe known for output 'grug_gear:greataxe_embersteel'
2026-09-23 18:15:39: WARNING[Main]: No craft recipe known for output 'grug_gear:wand_embersteel'
2026-09-23 18:15:39: WARNING[Main]: No craft recipe known for output 'grug_gear:staff_embersteel'
2026-09-23 18:15:39: WARNING[Main]: No craft recipe known for output 'grug_gear:bow_embersteel'
2026-09-23 18:15:39: WARNING[Main]: No craft recipe known for output 'grug_gear:shield_embersteel'
2026-09-23 18:15:39: WARNING[Main]: No craft recipe known for output 'grug_gear:legs_cloth_silk'
2026-09-23 18:15:39: WARNING[Main]: No craft recipe known for output 'grug_gear:head_cloth_silk'
2026-09-23 18:15:39: WARNING[Main]: No craft recipe known for output 'grug_gear:chest_cloth_silk'
2026-09-23 18:15:39: WARNING[Main]: No craft recipe known for output 'grug_gear:feet_cloth_silk'
2026-09-23 18:15:39: WARNING[Main]: No craft recipe known for output 'grug_gear:legs_leather_sleek'
2026-09-23 18:15:39: WARNING[Main]: No craft recipe known for output 'grug_gear:head_leather_sleek'
2026-09-23 18:15:39: WARNING[Main]: No craft recipe known for output 'grug_gear:chest_leather_sleek'
2026-09-23 18:15:39: WARNING[Main]: No craft recipe known for output 'grug_gear:feet_leather_sleek'
2026-09-23 18:15:39: WARNING[Main]: No craft recipe known for output 'grug_gear:legs_metal_embersteel'
2026-09-23 18:15:39: WARNING[Main]: No craft recipe known for output 'grug_gear:head_metal_embersteel'
2026-09-23 18:15:39: WARNING[Main]: No craft recipe known for output 'grug_gear:chest_metal_embersteel'
2026-09-23 18:15:39: WARNING[Main]: No craft recipe known for output 'grug_gear:feet_metal_embersteel'
2026-09-23 18:15:39: WARNING[Main]: No craft recipe known for output 'grug_gear:sword_abyssal_steel'
2026-09-23 18:15:39: WARNING[Main]: No craft recipe known for output 'grug_materials:pick_abyssal_steel'
2026-09-23 18:15:39: WARNING[Main]: No craft recipe known for output 'grug_materials:shovel_abyssal_steel'
2026-09-23 18:15:39: WARNING[Main]: No craft recipe known for output 'grug_materials:axe_abyssal_steel'
2026-09-23 18:15:39: WARNING[Main]: No craft recipe known for output 'grug_gear:dagger_abyssal_steel'
2026-09-23 18:15:39: WARNING[Main]: No craft recipe known for output 'grug_gear:greataxe_abyssal_steel'
2026-09-23 18:15:39: WARNING[Main]: No craft recipe known for output 'grug_gear:wand_abyssal_steel'
2026-09-23 18:15:39: WARNING[Main]: No craft recipe known for output 'grug_gear:staff_abyssal_steel'
2026-09-23 18:15:39: WARNING[Main]: No craft recipe known for output 'grug_gear:bow_abyssal_steel'
2026-09-23 18:15:39: WARNING[Main]: No craft recipe known for output 'grug_gear:shield_abyssal_steel'
2026-09-23 18:15:39: WARNING[Main]: No craft recipe known for output 'grug_gear:legs_cloth_stormweave'
2026-09-23 18:15:39: WARNING[Main]: No craft recipe known for output 'grug_gear:head_cloth_stormweave'
2026-09-23 18:15:39: WARNING[Main]: No craft recipe known for output 'grug_gear:chest_cloth_stormweave'
2026-09-23 18:15:39: WARNING[Main]: No craft recipe known for output 'grug_gear:feet_cloth_stormweave'
2026-09-23 18:15:39: WARNING[Main]: No craft recipe known for output 'grug_gear:legs_leather_nightscale'
2026-09-23 18:15:39: WARNING[Main]: No craft recipe known for output 'grug_gear:head_leather_nightscale'
2026-09-23 18:15:39: WARNING[Main]: No craft recipe known for output 'grug_gear:chest_leather_nightscale'
2026-09-23 18:15:39: WARNING[Main]: No craft recipe known for output 'grug_gear:feet_leather_nightscale'
2026-09-23 18:15:39: WARNING[Main]: No craft recipe known for output 'grug_gear:legs_metal_abyssal_steel'
2026-09-23 18:15:39: WARNING[Main]: No craft recipe known for output 'grug_gear:head_metal_abyssal_steel'
2026-09-23 18:15:39: WARNING[Main]: No craft recipe known for output 'grug_gear:chest_metal_abyssal_steel'
2026-09-23 18:15:39: WARNING[Main]: No craft recipe known for output 'grug_gear:feet_metal_abyssal_steel'
2026-09-23 18:15:39: WARNING[Main]: No craft recipe known for output 'grug_gear:arrow'
2026-09-23 18:15:39: WARNING[Main]: No craft recipe known for output 'grug_mobs:light_leather'
2026-09-23 18:15:39: WARNING[Main]: No craft recipe known for output 'grug_professions:cured_leather'
2026-09-23 18:15:39: WARNING[Main]: No craft recipe known for output 'grug_mobs:heavy_leather'
2026-09-23 18:15:39: WARNING[Main]: No craft recipe known for output 'grug_mobs:scaled_hide'
2026-09-23 18:15:39: WARNING[Main]: No craft recipe known for output 'grug_professions:sleek_leather'
2026-09-23 18:15:39: WARNING[Main]: No craft recipe known for output 'grug_professions:nightscale_leather'
2026-09-23 18:15:39: WARNING[Main]: No craft recipe known for output 'grug_professions:bolt_patch'
2026-09-23 18:15:39: WARNING[Main]: No craft recipe known for output 'grug_professions:bolt_woven'
2026-09-23 18:15:39: WARNING[Main]: No craft recipe known for output 'grug_professions:bolt_heavy'
2026-09-23 18:15:39: WARNING[Main]: No craft recipe known for output 'grug_professions:bolt_silkweave'
2026-09-23 18:15:39: WARNING[Main]: No craft recipe known for output 'grug_professions:bolt_silk'
2026-09-23 18:15:39: WARNING[Main]: No craft recipe known for output 'grug_professions:bolt_stormweave'
2026-09-23 18:15:39: ACTION[Main]: [grug_professions] registered Weaponsmith, Armorsmith, Leatherworker and Tailor catalogs
2026-09-23 18:15:39: WARNING[Main]: No craft recipe known for output 'grug_artisans:seasoned_wood'
2026-09-23 18:15:39: WARNING[Main]: No craft recipe known for output 'grug_artisans:polished_wood'
2026-09-23 18:15:39: WARNING[Main]: No craft recipe known for output 'grug_artisans:hardened_wood'
2026-09-23 18:15:39: WARNING[Main]: No craft recipe known for output 'grug_artisans:inlaid_wood'
2026-09-23 18:15:39: WARNING[Main]: No craft recipe known for output 'grug_artisans:lacquered_wood'
2026-09-23 18:15:39: WARNING[Main]: No craft recipe known for output 'grug_artisans:heartwood_wood'
2026-09-23 18:15:39: ACTION[Main]: [grug_artisans] registered Woodcarver and Goldsmith catalogs
2026-09-23 18:15:40: ACTION[Main]: [grug_materials] registry audit passed: 6 tiers, 15 resources, 12 processed forms, 6 race regions
2026-09-23 18:15:40: ACTION[Main]: [grug_smelting] recipe audit passed: 5 cooking, 5 dualfurn, 12 storage pairs, 1 station
2026-09-23 18:15:40: ACTION[Main]: [grug_core] world preparation mode=full cursor=0/8811
2026-09-23 18:15:40: ACTION[Main]: [pregen_diag] {"data":{"emerge_threads":"1","jit":"LuaJIT 2.1.1784272936","seed":"8675309","step":"0.09","version":{"is_dev":false,"project":"Luanti","proto_max":53,"proto_min":37,"string":"5.17.0"}},"kind":"settings","us":35385884737}
2026-09-23 18:15:40: ACTION[Main]: [grug_visuals] 72 armor pieces indexed for overlays, 3 art lines x 4 slots
2026-09-23 18:15:40: ACTION[Main]: [grug_mobs] settlement work activities: tools 7, weapon families 1, all registered
2026-09-23 18:15:40: ACTION[Main]: [grug_inventory] starter weapons: mage=grug_gear:staff_bronze (2H), priest=grug_gear:staff_bronze (2H), scout=grug_gear:bow_bronze (2H), warrior=grug_gear:sword_bronze
2026-09-23 18:15:40: ACTION[Main]: [grug_traders] 12 profession shelves, 98 offers, all registered
2026-09-23 18:15:40: ACTION[Main]: [grug_traders] dwarf capital vendors come from the sockets of dur_brannoc
2026-09-23 18:15:40: ACTION[Main]: [grug_traders] elf capital vendors come from the sockets of lethariel
2026-09-23 18:15:40: ACTION[Main]: [grug_traders] human capital vendors come from the sockets of highcourt
2026-09-23 18:15:40: ACTION[Main]: [grug_traders] orc capital vendors come from the sockets of gor_drazhak
2026-09-23 18:15:40: ACTION[Main]: [grug_traders] troll capital vendors come from the sockets of kezamba
2026-09-23 18:15:40: ACTION[Main]: [grug_traders] undead capital vendors come from the sockets of nhal_veyr
2026-09-23 18:15:40: ACTION[Main]: [grug_traders] 30 settlements indexed for profession vendor appearance
2026-09-23 18:15:40: ACTION[Main]: [grug_traders] drop audit: 3 mob(s) use a `drops` FUNCTION and cannot be walked statically (grug_mobs:bandit, grug_mobs:bandit_archer, grug_mobs:poacher); their items are audited from the hardcoded FUNCTION_DROPS list
2026-09-23 18:15:40: WARNING[Main]: [grug_traders] no vendor price for dropped item 'default:apple' (dropped by grug_mobs:ashen_treant, grug_mobs:gravewood_treant) — add a _grug_sell_price to its def or a grug_traders.set_price override; traders must buy every mob drop (economy.md §3)
2026-09-23 18:15:40: WARNING[Main]: [grug_traders] no vendor price for dropped item 'default:stick' (dropped by grug_mobs:ashen_treant, grug_mobs:gravewood_treant) — add a _grug_sell_price to its def or a grug_traders.set_price override; traders must buy every mob drop (economy.md §3)
2026-09-23 18:15:40: ACTION[Main]: [grug_fishing] tables=6 entries=18 weight=100 bite=3..10s rod_uses=64
2026-09-23 18:15:40: ACTION[Main]: World at [/home/jan/projects/grudgelands/tools/wp40/results/preparation-budget-wn0ay4sn/world]
2026-09-23 18:15:40: ACTION[Main]: Server for gameid="grudgelands" listening on 127.0.0.1:32990.
2026-09-23 18:15:40: ACTION[Server]: [pregen_diag] {"data":{"actions":null,"callbacks":0,"cursor":0,"dispatches":0,"failed":false,"pending":false,"persist_us":142,"persists":1,"scan_steps":0,"scan_us":0,"steps":1},"kind":"sample","us":35385960289}
2026-09-23 18:15:40: ACTION[Server]: [pregen_diag] {"data":{"cursor":0,"hi":{"x":-3873,"y":47,"z":-3473},"id":1,"lo":{"x":-3952,"y":-32,"z":-3552},"selection":{"index":1,"inner":0,"x":-3952,"y_max":-32,"y_min":-32,"z":-3552}},"kind":"dispatch","us":35386058976}
2026-09-23 18:15:45: ACTION[Server]: [pregen_diag] {"data":{"actions":null,"callbacks":0,"cursor":0,"dispatches":1,"failed":false,"pending":true,"persist_us":253,"persists":1,"scan_max_us":7374,"scan_steps":1,"scan_us":7374,"selection":{"index":1,"inner":0,"x":-3952,"y_max":-32,"y_min":-32,"z":-3552},"step_hist":{"90":55,"91":1},"step_max_us":91225,"step_us":5049416,"steps":56},"kind":"sample","us":35391009706}
2026-09-23 18:15:50: ACTION[Server]: [pregen_diag] {"data":{"actions":null,"callbacks":0,"cursor":0,"dispatches":1,"failed":false,"pending":true,"persist_us":0,"persists":0,"scan_steps":0,"scan_us":0,"selection":{"index":1,"inner":0,"x":-3952,"y_max":-32,"y_min":-32,"z":-3552},"step_hist":{"90":56},"step_max_us":90519,"step_us":5047348,"steps":56},"kind":"sample","us":35396057053}
2026-09-23 18:15:55: ACTION[Server]: [pregen_diag] {"data":{"actions":null,"callbacks":0,"cursor":0,"dispatches":1,"failed":false,"pending":true,"persist_us":0,"persists":0,"scan_steps":0,"scan_us":0,"selection":{"index":1,"inner":0,"x":-3952,"y_max":-32,"y_min":-32,"z":-3552},"step_hist":{"90":56},"step_max_us":90843,"step_us":5046896,"steps":56},"kind":"sample","us":35401103949}
2026-09-23 18:15:56: ACTION[Emerge-0]: [pregen_diag] {"data":{"actions":{"2":124,"4":1},"cursor":1,"duration_us":15866309,"id":1},"kind":"complete","us":35401925285}
2026-09-23 18:15:56: ACTION[Server]: [pregen_diag] {"data":{"cursor":1,"gap_us":88848,"hi":{"x":-3793,"y":47,"z":-3473},"id":2,"lo":{"x":-3872,"y":-32,"z":-3552},"selection":{"index":2,"inner":0,"x":-3872,"y_max":-32,"y_min":-32,"z":-3552}},"kind":"dispatch","us":35402014132}
2026-09-23 18:15:56: ACTION[Emerge-0]: [pregen_diag] {"data":{"actions":{"2":248,"4":2},"cursor":2,"duration_us":179629,"id":2},"kind":"complete","us":35402193762}
2026-09-23 18:15:56: ACTION[Server]: [pregen_diag] {"data":{"cursor":2,"gap_us":89831,"hi":{"x":-3713,"y":47,"z":-3473},"id":3,"lo":{"x":-3792,"y":-32,"z":-3552},"selection":{"index":3,"inner":0,"x":-3792,"y_max":-32,"y_min":-32,"z":-3552}},"kind":"dispatch","us":35402283593}
2026-09-23 18:15:56: ACTION[Emerge-0]: [pregen_diag] {"data":{"actions":{"2":372,"4":3},"cursor":3,"duration_us":188504,"id":3},"kind":"complete","us":35402472097}
2026-09-23 18:15:56: ACTION[Server]: [pregen_diag] {"data":{"cursor":3,"gap_us":81653,"hi":{"x":-3633,"y":47,"z":-3473},"id":4,"lo":{"x":-3712,"y":-32,"z":-3552},"selection":{"index":4,"inner":0,"x":-3712,"y_max":-32,"y_min":-32,"z":-3552}},"kind":"dispatch","us":35402553750}
2026-09-23 18:15:56: ACTION[Emerge-0]: [pregen_diag] {"data":{"actions":{"2":496,"4":4},"cursor":4,"duration_us":184226,"id":4},"kind":"complete","us":35402737976}
2026-09-23 18:15:56: ACTION[Server]: [pregen_diag] {"data":{"cursor":4,"gap_us":86898,"hi":{"x":-3553,"y":47,"z":-3473},"id":5,"lo":{"x":-3632,"y":-32,"z":-3552},"selection":{"index":5,"inner":0,"x":-3632,"y_max":-32,"y_min":-32,"z":-3552}},"kind":"dispatch","us":35402824874}
2026-09-23 18:15:57: ACTION[Emerge-0]: [pregen_diag] {"data":{"actions":{"2":620,"4":5},"cursor":5,"duration_us":182138,"id":5},"kind":"complete","us":35403007012}
2026-09-23 18:15:57: ACTION[Server]: [pregen_diag] {"data":{"cursor":5,"gap_us":89261,"hi":{"x":-3473,"y":47,"z":-3473},"id":6,"lo":{"x":-3552,"y":-32,"z":-3552},"selection":{"index":6,"inner":0,"x":-3552,"y_max":-32,"y_min":-32,"z":-3552}},"kind":"dispatch","us":35403096273}
2026-09-23 18:15:57: ACTION[Emerge-0]: [pregen_diag] {"data":{"actions":{"2":744,"4":6},"cursor":6,"duration_us":179139,"id":6},"kind":"complete","us":35403275412}
2026-09-23 18:15:57: ACTION[Server]: [pregen_diag] {"data":{"cursor":6,"gap_us":91166,"hi":{"x":-3393,"y":47,"z":-3473},"id":7,"lo":{"x":-3472,"y":-32,"z":-3552},"selection":{"index":7,"inner":0,"x":-3472,"y_max":-32,"y_min":-32,"z":-3552}},"kind":"dispatch","us":35403366578}
2026-09-23 18:15:57: ACTION[Emerge-0]: [pregen_diag] {"data":{"actions":{"2":868,"4":7},"cursor":7,"duration_us":180644,"id":7},"kind":"complete","us":35403547222}
2026-09-23 18:15:57: ACTION[Server]: [pregen_diag] {"data":{"cursor":7,"gap_us":90375,"hi":{"x":-3313,"y":47,"z":-3473},"id":8,"lo":{"x":-3392,"y":-32,"z":-3552},"selection":{"index":8,"inner":0,"x":-3392,"y_max":-32,"y_min":-32,"z":-3552}},"kind":"dispatch","us":35403637597}
2026-09-23 18:15:57: ACTION[Emerge-0]: [pregen_diag] {"data":{"actions":{"2":992,"4":8},"cursor":8,"duration_us":181350,"id":8},"kind":"complete","us":35403818947}
2026-09-23 18:15:58: ACTION[Server]: [pregen_diag] {"data":{"cursor":8,"gap_us":89889,"hi":{"x":-3233,"y":47,"z":-3473},"id":9,"lo":{"x":-3312,"y":-32,"z":-3552},"selection":{"index":9,"inner":0,"x":-3312,"y_max":-32,"y_min":-32,"z":-3552}},"kind":"dispatch","us":35403908835}
2026-09-23 18:15:58: ACTION[Emerge-0]: [pregen_diag] {"data":{"actions":{"2":1116,"4":9},"cursor":9,"duration_us":180270,"id":9},"kind":"complete","us":35404089106}
2026-09-23 18:15:58: ACTION[Server]: [pregen_diag] {"data":{"cursor":9,"gap_us":91043,"hi":{"x":-3153,"y":47,"z":-3473},"id":10,"lo":{"x":-3232,"y":-32,"z":-3552},"selection":{"index":10,"inner":0,"x":-3232,"y_max":-32,"y_min":-32,"z":-3552}},"kind":"dispatch","us":35404180149}
2026-09-23 18:15:58: ACTION[Emerge-0]: [pregen_diag] {"data":{"actions":{"2":1240,"4":10},"cursor":10,"duration_us":178150,"id":10},"kind":"complete","us":35404358299}
2026-09-23 18:15:58: ACTION[Server]: [pregen_diag] {"data":{"cursor":10,"gap_us":92911,"hi":{"x":-3073,"y":47,"z":-3473},"id":11,"lo":{"x":-3152,"y":-32,"z":-3552},"selection":{"index":11,"inner":0,"x":-3152,"y_max":-32,"y_min":-32,"z":-3552}},"kind":"dispatch","us":35404451209}
2026-09-23 18:15:58: ACTION[Emerge-0]: [pregen_diag] {"data":{"actions":{"2":1364,"4":11},"cursor":11,"duration_us":178554,"id":11},"kind":"complete","us":35404629764}
2026-09-23 18:15:58: ACTION[Server]: [pregen_diag] {"data":{"cursor":11,"gap_us":92426,"hi":{"x":-2993,"y":47,"z":-3473},"id":12,"lo":{"x":-3072,"y":-32,"z":-3552},"selection":{"index":12,"inner":0,"x":-3072,"y_max":-32,"y_min":-32,"z":-3552}},"kind":"dispatch","us":35404722190}
2026-09-23 18:15:59: ACTION[Emerge-0]: [pregen_diag] {"data":{"actions":{"2":1488,"4":12},"cursor":12,"duration_us":172521,"id":12},"kind":"complete","us":35404894712}
2026-09-23 18:15:59: ACTION[Server]: [pregen_diag] {"data":{"cursor":12,"gap_us":8368,"hi":{"x":-2913,"y":47,"z":-3473},"id":13,"lo":{"x":-2992,"y":-32,"z":-3552},"selection":{"index":13,"inner":0,"x":-2992,"y_max":-32,"y_min":-32,"z":-3552}},"kind":"dispatch","us":35404903096}
2026-09-23 18:15:59: ACTION[Emerge-0]: [pregen_diag] {"data":{"actions":{"2":1612,"4":13},"cursor":13,"duration_us":171672,"id":13},"kind":"complete","us":35405074751}
2026-09-23 18:15:59: ACTION[Server]: [pregen_diag] {"data":{"cursor":13,"gap_us":9126,"hi":{"x":-2833,"y":47,"z":-3473},"id":14,"lo":{"x":-2912,"y":-32,"z":-3552},"selection":{"index":14,"inner":0,"x":-2912,"y_max":-32,"y_min":-32,"z":-3552}},"kind":"dispatch","us":35405083877}
2026-09-23 18:15:59: ACTION[Emerge-0]: [pregen_diag] {"data":{"actions":{"2":1736,"4":14},"cursor":14,"duration_us":173151,"id":14},"kind":"complete","us":35405257028}
2026-09-23 18:15:59: ACTION[Server]: [pregen_diag] {"data":{"cursor":14,"gap_us":8313,"hi":{"x":-2753,"y":47,"z":-3473},"id":15,"lo":{"x":-2832,"y":-32,"z":-3552},"selection":{"index":15,"inner":0,"x":-2832,"y_max":-32,"y_min":-32,"z":-3552}},"kind":"dispatch","us":35405265341}
2026-09-23 18:15:59: ACTION[Emerge-0]: [pregen_diag] {"data":{"actions":{"2":1860,"4":15},"cursor":15,"duration_us":181532,"id":15},"kind":"complete","us":35405446873}
2026-09-23 18:15:59: ACTION[Server]: [pregen_diag] {"data":{"cursor":15,"gap_us":88608,"hi":{"x":-2673,"y":47,"z":-3473},"id":16,"lo":{"x":-2752,"y":-32,"z":-3552},"selection":{"index":16,"inner":0,"x":-2752,"y_max":-32,"y_min":-32,"z":-3552}},"kind":"dispatch","us":35405535481}
2026-09-23 18:15:59: ACTION[Emerge-0]: [pregen_diag] {"data":{"actions":{"2":1984,"4":16},"cursor":16,"duration_us":180642,"id":16},"kind":"complete","us":35405716123}
2026-09-23 18:15:59: ACTION[Server]: [pregen_diag] {"data":{"cursor":16,"gap_us":90251,"hi":{"x":-2593,"y":47,"z":-3473},"id":17,"lo":{"x":-2672,"y":-32,"z":-3552},"selection":{"index":17,"inner":0,"x":-2672,"y_max":-32,"y_min":-32,"z":-3552}},"kind":"dispatch","us":35405806374}
2026-09-23 18:16:00: ACTION[Emerge-0]: [pregen_diag] {"data":{"actions":{"2":2108,"4":17},"cursor":17,"duration_us":175942,"id":17},"kind":"complete","us":35405982316}
2026-09-23 18:16:00: ACTION[Server]: [pregen_diag] {"data":{"cursor":17,"gap_us":95385,"hi":{"x":-2513,"y":47,"z":-3473},"id":18,"lo":{"x":-2592,"y":-32,"z":-3552},"selection":{"index":18,"inner":0,"x":-2592,"y_max":-32,"y_min":-32,"z":-3552}},"kind":"dispatch","us":35406077702}
2026-09-23 18:16:00: ACTION[Server]: [pregen_diag] {"data":{"actions":{"2":2108,"4":17},"callbacks":2125,"cursor":17,"dispatches":18,"failed":false,"pending":true,"persist_us":3381,"persists":34,"scan_max_us":7845,"scan_steps":17,"scan_us":113767,"selection":{"index":18,"inner":0,"x":-2592,"y_max":-32,"y_min":-32,"z":-3552},"step_hist":{"89":1,"90":53,"91":2},"step_max_us":91320,"step_us":5057959,"steps":56},"kind":"sample","us":35406161912}
2026-09-23 18:16:00: ACTION[Emerge-0]: [pregen_diag] {"data":{"actions":{"2":2232,"4":18},"cursor":18,"duration_us":179250,"id":18},"kind":"complete","us":35406256951}
2026-09-23 18:16:00: ACTION[Server]: [pregen_diag] {"data":{"cursor":18,"gap_us":91812,"hi":{"x":-2433,"y":47,"z":-3473},"id":19,"lo":{"x":-2512,"y":-32,"z":-3552},"selection":{"index":19,"inner":0,"x":-2512,"y_max":-32,"y_min":-32,"z":-3552}},"kind":"dispatch","us":35406348763}
2026-09-23 18:16:00: ACTION[Emerge-0]: [pregen_diag] {"data":{"actions":{"2":2356,"4":19},"cursor":19,"duration_us":181193,"id":19},"kind":"complete","us":35406529956}
2026-09-23 18:16:00: ACTION[Server]: [pregen_diag] {"data":{"cursor":19,"gap_us":90177,"hi":{"x":-2353,"y":47,"z":-3473},"id":20,"lo":{"x":-2432,"y":-32,"z":-3552},"selection":{"index":20,"inner":0,"x":-2432,"y_max":-32,"y_min":-32,"z":-3552}},"kind":"dispatch","us":35406620133}
2026-09-23 18:16:00: ACTION[Emerge-0]: [pregen_diag] {"data":{"actions":{"2":2480,"4":20},"cursor":20,"duration_us":179714,"id":20},"kind":"complete","us":35406799847}
2026-09-23 18:16:01: ACTION[Server]: [pregen_diag] {"data":{"cursor":20,"gap_us":91821,"hi":{"x":-2273,"y":47,"z":-3473},"id":21,"lo":{"x":-2352,"y":-32,"z":-3552},"selection":{"index":21,"inner":0,"x":-2352,"y_max":-32,"y_min":-32,"z":-3552}},"kind":"dispatch","us":35406891668}
2026-09-23 18:16:01: ACTION[Emerge-0]: [pregen_diag] {"data":{"actions":{"2":2604,"4":21},"cursor":21,"duration_us":174065,"id":21},"kind":"complete","us":35407065733}
2026-09-23 18:16:01: ACTION[Server]: [pregen_diag] {"data":{"cursor":21,"gap_us":96365,"hi":{"x":-2193,"y":47,"z":-3473},"id":22,"lo":{"x":-2272,"y":-32,"z":-3552},"selection":{"index":22,"inner":0,"x":-2272,"y_max":-32,"y_min":-32,"z":-3552}},"kind":"dispatch","us":35407162098}
2026-09-23 18:16:01: ACTION[Emerge-0]: [pregen_diag] {"data":{"actions":{"2":2728,"4":22},"cursor":22,"duration_us":175453,"id":22},"kind":"complete","us":35407337552}
2026-09-23 18:16:01: ACTION[Server]: [pregen_diag] {"data":{"cursor":22,"gap_us":96563,"hi":{"x":-2113,"y":47,"z":-3473},"id":23,"lo":{"x":-2192,"y":-32,"z":-3552},"selection":{"index":23,"inner":0,"x":-2192,"y_max":-32,"y_min":-32,"z":-3552}},"kind":"dispatch","us":35407434114}
2026-09-23 18:16:01: ACTION[Emerge-0]: [pregen_diag] {"data":{"actions":{"2":2852,"4":23},"cursor":23,"duration_us":179492,"id":23},"kind":"complete","us":35407613606}
2026-09-23 18:16:01: ACTION[Server]: [pregen_diag] {"data":{"cursor":23,"gap_us":91698,"hi":{"x":-2033,"y":47,"z":-3473},"id":24,"lo":{"x":-2112,"y":-32,"z":-3552},"selection":{"index":24,"inner":0,"x":-2112,"y_max":-32,"y_min":-32,"z":-3552}},"kind":"dispatch","us":35407705304}
2026-09-23 18:16:02: ACTION[Emerge-0]: [pregen_diag] {"data":{"actions":{"2":2976,"4":24},"cursor":24,"duration_us":179604,"id":24},"kind":"complete","us":35407884909}
2026-09-23 18:16:02: ACTION[Server]: [pregen_diag] {"data":{"cursor":24,"gap_us":91574,"hi":{"x":-1953,"y":47,"z":-3473},"id":25,"lo":{"x":-2032,"y":-32,"z":-3552},"selection":{"index":25,"inner":0,"x":-2032,"y_max":-32,"y_min":-32,"z":-3552}},"kind":"dispatch","us":35407976482}
2026-09-23 18:16:02: ACTION[Emerge-0]: [pregen_diag] {"data":{"actions":{"2":3100,"4":25},"cursor":25,"duration_us":179898,"id":25},"kind":"complete","us":35408156381}
2026-09-23 18:16:02: ACTION[Server]: [pregen_diag] {"data":{"cursor":25,"gap_us":90992,"hi":{"x":-1873,"y":47,"z":-3473},"id":26,"lo":{"x":-1952,"y":-32,"z":-3552},"selection":{"index":26,"inner":0,"x":-1952,"y_max":-32,"y_min":-32,"z":-3552}},"kind":"dispatch","us":35408247372}
2026-09-23 18:16:02: ACTION[Emerge-0]: [pregen_diag] {"data":{"actions":{"2":3224,"4":26},"cursor":26,"duration_us":179027,"id":26},"kind":"complete","us":35408426399}
2026-09-23 18:16:02: ACTION[Server]: [pregen_diag] {"data":{"cursor":26,"gap_us":92450,"hi":{"x":-1793,"y":47,"z":-3473},"id":27,"lo":{"x":-1872,"y":-32,"z":-3552},"selection":{"index":27,"inner":0,"x":-1872,"y_max":-32,"y_min":-32,"z":-3552}},"kind":"dispatch","us":35408518849}
2026-09-23 18:16:02: ACTION[Emerge-0]: [pregen_diag] {"data":{"actions":{"2":3348,"4":27},"cursor":27,"duration_us":177957,"id":27},"kind":"complete","us":35408696806}
2026-09-23 18:16:02: ACTION[Server]: [pregen_diag] {"data":{"cursor":27,"gap_us":92151,"hi":{"x":-1713,"y":47,"z":-3473},"id":28,"lo":{"x":-1792,"y":-32,"z":-3552},"selection":{"index":28,"inner":0,"x":-1792,"y_max":-32,"y_min":-32,"z":-3552}},"kind":"dispatch","us":35408788956}
2026-09-23 18:16:03: ACTION[Emerge-0]: [pregen_diag] {"data":{"actions":{"2":3472,"4":28},"cursor":28,"duration_us":180362,"id":28},"kind":"complete","us":35408969319}
2026-09-23 18:16:03: ACTION[Server]: [pregen_diag] {"data":{"cursor":28,"gap_us":90836,"hi":{"x":-1633,"y":47,"z":-3473},"id":29,"lo":{"x":-1712,"y":-32,"z":-3552},"selection":{"index":29,"inner":0,"x":-1712,"y_max":-32,"y_min":-32,"z":-3552}},"kind":"dispatch","us":35409060155}
2026-09-23 18:16:03: ACTION[Emerge-0]: [pregen_diag] {"data":{"actions":{"2":3596,"4":29},"cursor":29,"duration_us":180943,"id":29},"kind":"complete","us":35409241098}
2026-09-23 18:16:03: ACTION[Server]: [pregen_diag] {"data":{"cursor":29,"gap_us":90106,"hi":{"x":-1553,"y":47,"z":-3473},"id":30,"lo":{"x":-1632,"y":-32,"z":-3552},"selection":{"index":30,"inner":0,"x":-1632,"y_max":-32,"y_min":-32,"z":-3552}},"kind":"dispatch","us":35409331204}
2026-09-23 18:16:03: ACTION[Emerge-0]: [pregen_diag] {"data":{"actions":{"2":3720,"4":30},"cursor":30,"duration_us":181861,"id":30},"kind":"complete","us":35409513066}
2026-09-23 18:16:03: ACTION[Server]: [pregen_diag] {"data":{"cursor":30,"gap_us":89402,"hi":{"x":-1473,"y":47,"z":-3473},"id":31,"lo":{"x":-1552,"y":-32,"z":-3552},"selection":{"index":31,"inner":0,"x":-1552,"y_max":-32,"y_min":-32,"z":-3552}},"kind":"dispatch","us":35409602467}
2026-09-23 18:16:03: ACTION[Emerge-0]: [pregen_diag] {"data":{"actions":{"2":3844,"4":31},"cursor":31,"duration_us":179550,"id":31},"kind":"complete","us":35409782017}
2026-09-23 18:16:04: ACTION[Server]: [pregen_diag] {"data":{"cursor":31,"gap_us":91414,"hi":{"x":-1393,"y":47,"z":-3473},"id":32,"lo":{"x":-1472,"y":-32,"z":-3552},"selection":{"index":32,"inner":0,"x":-1472,"y_max":-32,"y_min":-32,"z":-3552}},"kind":"dispatch","us":35409873431}
2026-09-23 18:16:04: ACTION[Emerge-0]: [pregen_diag] {"data":{"actions":{"2":3968,"4":32},"cursor":32,"duration_us":175602,"id":32},"kind":"complete","us":35410049034}
2026-09-23 18:16:04: ACTION[Server]: [pregen_diag] {"data":{"cursor":32,"gap_us":96623,"hi":{"x":-1313,"y":47,"z":-3473},"id":33,"lo":{"x":-1392,"y":-32,"z":-3552},"selection":{"index":33,"inner":0,"x":-1392,"y_max":-32,"y_min":-32,"z":-3552}},"kind":"dispatch","us":35410145656}
2026-09-23 18:16:04: ACTION[Emerge-0]: [pregen_diag] {"data":{"actions":{"2":4092,"4":33},"cursor":33,"duration_us":177531,"id":33},"kind":"complete","us":35410323187}
2026-09-23 18:16:04: ACTION[Server]: [pregen_diag] {"data":{"cursor":33,"gap_us":92563,"hi":{"x":-1233,"y":47,"z":-3473},"id":34,"lo":{"x":-1312,"y":-32,"z":-3552},"selection":{"index":34,"inner":0,"x":-1312,"y_max":-32,"y_min":-32,"z":-3552}},"kind":"dispatch","us":35410415751}
2026-09-23 18:16:04: ACTION[Emerge-0]: [pregen_diag] {"data":{"actions":{"2":4216,"4":34},"cursor":34,"duration_us":178451,"id":34},"kind":"complete","us":35410594201}
2026-09-23 18:16:04: ACTION[Server]: [pregen_diag] {"data":{"cursor":34,"gap_us":92667,"hi":{"x":-1153,"y":47,"z":-3473},"id":35,"lo":{"x":-1232,"y":-32,"z":-3552},"selection":{"index":35,"inner":0,"x":-1232,"y_max":-32,"y_min":-32,"z":-3552}},"kind":"dispatch","us":35410686867}
2026-09-23 18:16:05: ACTION[Emerge-0]: [pregen_diag] {"data":{"actions":{"2":4340,"4":35},"cursor":35,"duration_us":183241,"id":35},"kind":"complete","us":35410870109}
2026-09-23 18:16:05: ACTION[Server]: [pregen_diag] {"data":{"cursor":35,"gap_us":87777,"hi":{"x":-1073,"y":47,"z":-3473},"id":36,"lo":{"x":-1152,"y":-32,"z":-3552},"selection":{"index":36,"inner":0,"x":-1152,"y_max":-32,"y_min":-32,"z":-3552}},"kind":"dispatch","us":35410957886}
2026-09-23 18:16:05: ACTION[Emerge-0]: [pregen_diag] {"data":{"actions":{"2":4464,"4":36},"cursor":36,"duration_us":179684,"id":36},"kind":"complete","us":35411137570}
2026-09-23 18:16:05: ACTION[Server]: [pregen_diag] {"data":{"actions":{"2":4464,"4":36},"callbacks":4500,"cursor":36,"dispatches":36,"failed":false,"pending":false,"persist_us":3063,"persists":37,"scan_max_us":7015,"scan_steps":18,"scan_us":118181,"step_hist":{"89":3,"90":50,"92":3},"step_max_us":92128,"step_us":5060454,"steps":56},"kind":"sample","us":35411222363}
2026-09-23 18:16:05: ACTION[Server]: [pregen_diag] {"data":{"cursor":36,"gap_us":91797,"hi":{"x":-993,"y":47,"z":-3473},"id":37,"lo":{"x":-1072,"y":-32,"z":-3552},"selection":{"index":37,"inner":0,"x":-1072,"y_max":-32,"y_min":-32,"z":-3552}},"kind":"dispatch","us":35411229366}
2026-09-23 18:16:05: ACTION[Emerge-0]: [pregen_diag] {"data":{"actions":{"2":4588,"4":37},"cursor":37,"duration_us":178558,"id":37},"kind":"complete","us":35411407925}
2026-09-23 18:16:05: ACTION[Server]: [pregen_diag] {"data":{"cursor":37,"gap_us":91739,"hi":{"x":-913,"y":47,"z":-3473},"id":38,"lo":{"x":-992,"y":-32,"z":-3552},"selection":{"index":38,"inner":0,"x":-992,"y_max":-32,"y_min":-32,"z":-3552}},"kind":"dispatch","us":35411499664}
2026-09-23 18:16:05: ACTION[Emerge-0]: [pregen_diag] {"data":{"actions":{"2":4712,"4":38},"cursor":38,"duration_us":178268,"id":38},"kind":"complete","us":35411677966}
2026-09-23 18:16:05: ACTION[Server]: [pregen_diag] {"data":{"cursor":38,"gap_us":92799,"hi":{"x":-833,"y":47,"z":-3473},"id":39,"lo":{"x":-912,"y":-32,"z":-3552},"selection":{"index":39,"inner":0,"x":-912,"y_max":-32,"y_min":-32,"z":-3552}},"kind":"dispatch","us":35411770731}
2026-09-23 18:16:06: ACTION[Emerge-0]: [pregen_diag] {"data":{"actions":{"2":4836,"4":39},"cursor":39,"duration_us":179427,"id":39},"kind":"complete","us":35411950158}
2026-09-23 18:16:06: ACTION[Server]: [pregen_diag] {"data":{"cursor":39,"gap_us":102278,"hi":{"x":-753,"y":47,"z":-3473},"id":40,"lo":{"x":-832,"y":-32,"z":-3552},"selection":{"index":40,"inner":0,"x":-832,"y_max":-32,"y_min":-32,"z":-3552}},"kind":"dispatch","us":35412052436}
2026-09-23 18:16:06: ACTION[Emerge-0]: [pregen_diag] {"data":{"actions":{"2":4960,"4":40},"cursor":40,"duration_us":175251,"id":40},"kind":"complete","us":35412227687}
2026-09-23 18:16:06: ACTION[Server]: [pregen_diag] {"data":{"cursor":40,"gap_us":88410,"hi":{"x":-673,"y":47,"z":-3473},"id":41,"lo":{"x":-752,"y":-32,"z":-3552},"selection":{"index":41,"inner":0,"x":-752,"y_max":-32,"y_min":-32,"z":-3552}},"kind":"dispatch","us":35412316097}
2026-09-23 18:16:06: ACTION[Emerge-0]: [pregen_diag] {"data":{"actions":{"2":5084,"4":41},"cursor":41,"duration_us":181255,"id":41},"kind":"complete","us":35412497352}
2026-09-23 18:16:06: ACTION[Server]: [pregen_diag] {"data":{"cursor":41,"gap_us":89638,"hi":{"x":-593,"y":47,"z":-3473},"id":42,"lo":{"x":-672,"y":-32,"z":-3552},"selection":{"index":42,"inner":0,"x":-672,"y_max":-32,"y_min":-32,"z":-3552}},"kind":"dispatch","us":35412586989}
2026-09-23 18:16:06: ACTION[Emerge-0]: [pregen_diag] {"data":{"actions":{"2":5208,"4":42},"cursor":42,"duration_us":241076,"id":42},"kind":"complete","us":35412828066}
2026-09-23 18:16:07: ACTION[Server]: [pregen_diag] {"data":{"cursor":42,"gap_us":30196,"hi":{"x":-513,"y":47,"z":-3473},"id":43,"lo":{"x":-592,"y":-32,"z":-3552},"selection":{"index":43,"inner":0,"x":-592,"y_max":-32,"y_min":-32,"z":-3552}},"kind":"dispatch","us":35412858262}
2026-09-23 18:16:07: ACTION[Emerge-0]: [pregen_diag] {"data":{"actions":{"2":5332,"4":43},"cursor":43,"duration_us":179584,"id":43},"kind":"complete","us":35413037846}
2026-09-23 18:16:07: ACTION[Server]: [pregen_diag] {"data":{"cursor":43,"gap_us":91791,"hi":{"x":-433,"y":47,"z":-3473},"id":44,"lo":{"x":-512,"y":-32,"z":-3552},"selection":{"index":44,"inner":0,"x":-512,"y_max":-32,"y_min":-32,"z":-3552}},"kind":"dispatch","us":35413129637}
2026-09-23 18:16:07: ACTION[Emerge-0]: [pregen_diag] {"data":{"actions":{"2":5456,"4":44},"cursor":44,"duration_us":177120,"id":44},"kind":"complete","us":35413306757}
2026-09-23 18:16:07: ACTION[Server]: [pregen_diag] {"data":{"cursor":44,"gap_us":92486,"hi":{"x":-353,"y":47,"z":-3473},"id":45,"lo":{"x":-432,"y":-32,"z":-3552},"selection":{"index":45,"inner":0,"x":-432,"y_max":-32,"y_min":-32,"z":-3552}},"kind":"dispatch","us":35413399243}
2026-09-23 18:16:07: ACTION[Emerge-0]: [pregen_diag] {"data":{"actions":{"2":5580,"4":45},"cursor":45,"duration_us":177998,"id":45},"kind":"complete","us":35413577241}
2026-09-23 18:16:07: ACTION[Server]: [pregen_diag] {"data":{"cursor":45,"gap_us":92528,"hi":{"x":-273,"y":47,"z":-3473},"id":46,"lo":{"x":-352,"y":-32,"z":-3552},"selection":{"index":46,"inner":0,"x":-352,"y_max":-32,"y_min":-32,"z":-3552}},"kind":"dispatch","us":35413669769}
2026-09-23 18:16:08: ACTION[Emerge-0]: [pregen_diag] {"data":{"actions":{"2":5704,"4":46},"cursor":46,"duration_us":179059,"id":46},"kind":"complete","us":35413848828}
2026-09-23 18:16:08: ACTION[Server]: [pregen_diag] {"data":{"cursor":46,"gap_us":91972,"hi":{"x":-193,"y":47,"z":-3473},"id":47,"lo":{"x":-272,"y":-32,"z":-3552},"selection":{"index":47,"inner":0,"x":-272,"y_max":-32,"y_min":-32,"z":-3552}},"kind":"dispatch","us":35413940800}
2026-09-23 18:16:08: ACTION[Emerge-0]: [pregen_diag] {"data":{"actions":{"2":5828,"4":47},"cursor":47,"duration_us":176273,"id":47},"kind":"complete","us":35414117073}
2026-09-23 18:16:08: ACTION[Server]: [pregen_diag] {"data":{"cursor":47,"gap_us":93627,"hi":{"x":-113,"y":47,"z":-3473},"id":48,"lo":{"x":-192,"y":-32,"z":-3552},"selection":{"index":48,"inner":0,"x":-192,"y_max":-32,"y_min":-32,"z":-3552}},"kind":"dispatch","us":35414210700}
2026-09-23 18:16:08: ACTION[Emerge-0]: [pregen_diag] {"data":{"actions":{"2":5952,"4":48},"cursor":48,"duration_us":174069,"id":48},"kind":"complete","us":35414384770}
2026-09-23 18:16:08: ACTION[Server]: [pregen_diag] {"data":{"cursor":48,"gap_us":97870,"hi":{"x":-33,"y":47,"z":-3473},"id":49,"lo":{"x":-112,"y":-32,"z":-3552},"selection":{"index":49,"inner":0,"x":-112,"y_max":-32,"y_min":-32,"z":-3552}},"kind":"dispatch","us":35414482639}
2026-09-23 18:16:08: ACTION[Emerge-0]: [pregen_diag] {"data":{"actions":{"2":6076,"4":49},"cursor":49,"duration_us":176609,"id":49},"kind":"complete","us":35414659249}
2026-09-23 18:16:08: ACTION[Server]: [pregen_diag] {"data":{"cursor":49,"gap_us":94331,"hi":{"x":47,"y":47,"z":-3473},"id":50,"lo":{"x":-32,"y":-32,"z":-3552},"selection":{"index":50,"inner":0,"x":-32,"y_max":-32,"y_min":-32,"z":-3552}},"kind":"dispatch","us":35414753579}
2026-09-23 18:16:09: ACTION[Emerge-0]: [pregen_diag] {"data":{"actions":{"2":6200,"4":50},"cursor":50,"duration_us":178356,"id":50},"kind":"complete","us":35414931935}
2026-09-23 18:16:09: ACTION[Server]: [pregen_diag] {"data":{"cursor":50,"gap_us":93182,"hi":{"x":127,"y":47,"z":-3473},"id":51,"lo":{"x":48,"y":-32,"z":-3552},"selection":{"index":51,"inner":0,"x":48,"y_max":-32,"y_min":-32,"z":-3552}},"kind":"dispatch","us":35415025117}
2026-09-23 18:16:09: ACTION[Emerge-0]: [pregen_diag] {"data":{"actions":{"2":6324,"4":51},"cursor":51,"duration_us":174177,"id":51},"kind":"complete","us":35415199294}
2026-09-23 18:16:09: ACTION[Server]: [pregen_diag] {"data":{"cursor":51,"gap_us":96975,"hi":{"x":207,"y":47,"z":-3473},"id":52,"lo":{"x":128,"y":-32,"z":-3552},"selection":{"index":52,"inner":0,"x":128,"y_max":-32,"y_min":-32,"z":-3552}},"kind":"dispatch","us":35415296269}
2026-09-23 18:16:09: ACTION[Emerge-0]: [pregen_diag] {"data":{"actions":{"2":6448,"4":52},"cursor":52,"duration_us":170177,"id":52},"kind":"complete","us":35415466446}
2026-09-23 18:16:09: ACTION[Server]: [pregen_diag] {"data":{"cursor":52,"gap_us":9362,"hi":{"x":287,"y":47,"z":-3473},"id":53,"lo":{"x":208,"y":-32,"z":-3552},"selection":{"index":53,"inner":0,"x":208,"y_max":-32,"y_min":-32,"z":-3552}},"kind":"dispatch","us":35415475807}
2026-09-23 18:16:09: ACTION[Emerge-0]: [pregen_diag] {"data":{"actions":{"2":6572,"4":53},"cursor":53,"duration_us":170259,"id":53},"kind":"complete","us":35415646067}
2026-09-23 18:16:09: ACTION[Server]: [pregen_diag] {"data":{"cursor":53,"gap_us":10149,"hi":{"x":367,"y":47,"z":-3473},"id":54,"lo":{"x":288,"y":-32,"z":-3552},"selection":{"index":54,"inner":0,"x":288,"y_max":-32,"y_min":-32,"z":-3552}},"kind":"dispatch","us":35415656215}
2026-09-23 18:16:09: ACTION[Emerge-0]: [pregen_diag] {"data":{"actions":{"2":6696,"4":54},"cursor":54,"duration_us":170091,"id":54},"kind":"complete","us":35415826307}
2026-09-23 18:16:09: ACTION[Server]: [pregen_diag] {"data":{"cursor":54,"gap_us":10432,"hi":{"x":447,"y":47,"z":-3473},"id":55,"lo":{"x":368,"y":-32,"z":-3552},"selection":{"index":55,"inner":0,"x":368,"y_max":-32,"y_min":-32,"z":-3552}},"kind":"dispatch","us":35415836739}
2026-09-23 18:16:10: ACTION[Emerge-0]: [pregen_diag] {"data":{"actions":{"2":6820,"4":55},"cursor":55,"duration_us":172492,"id":55},"kind":"complete","us":35416009231}
2026-09-23 18:16:10: ACTION[Server]: [pregen_diag] {"data":{"cursor":55,"gap_us":98892,"hi":{"x":527,"y":47,"z":-3473},"id":56,"lo":{"x":448,"y":-32,"z":-3552},"selection":{"index":56,"inner":0,"x":448,"y_max":-32,"y_min":-32,"z":-3552}},"kind":"dispatch","us":35416108123}
2026-09-23 18:16:10: ACTION[Server]: [pregen_diag] {"data":{"actions":{"2":6833,"4":56},"callbacks":6889,"cursor":55,"dispatches":56,"failed":false,"pending":true,"persist_us":6302,"persists":39,"scan_max_us":16967,"scan_steps":20,"scan_us":187310,"selection":{"index":56,"inner":0,"x":448,"y_max":-32,"y_min":-32,"z":-3552},"step_hist":{"89":2,"90":53,"92":1},"step_max_us":92149,"step_us":5057209,"steps":56},"kind":"sample","us":35416279572}
2026-09-23 18:16:10: ACTION[Emerge-0]: [pregen_diag] {"data":{"actions":{"2":6944,"4":56},"cursor":56,"duration_us":172622,"id":56},"kind":"complete","us":35416280745}
2026-09-23 18:16:10: ACTION[Server]: [pregen_diag] {"data":{"cursor":56,"gap_us":98982,"hi":{"x":607,"y":47,"z":-3473},"id":57,"lo":{"x":528,"y":-32,"z":-3552},"selection":{"index":57,"inner":0,"x":528,"y_max":-32,"y_min":-32,"z":-3552}},"kind":"dispatch","us":35416379727}
2026-09-23 18:16:10: ACTION[Emerge-0]: [pregen_diag] {"data":{"actions":{"2":7068,"4":57},"cursor":57,"duration_us":173348,"id":57},"kind":"complete","us":35416553075}
2026-09-23 18:16:10: ACTION[Server]: [pregen_diag] {"data":{"cursor":57,"gap_us":97977,"hi":{"x":687,"y":47,"z":-3473},"id":58,"lo":{"x":608,"y":-32,"z":-3552},"selection":{"index":58,"inner":0,"x":608,"y_max":-32,"y_min":-32,"z":-3552}},"kind":"dispatch","us":35416651052}
2026-09-23 18:16:10: ACTION[Emerge-0]: [pregen_diag] {"data":{"actions":{"2":7192,"4":58},"cursor":58,"duration_us":175258,"id":58},"kind":"complete","us":35416826310}
2026-09-23 18:16:11: ACTION[Server]: [pregen_diag] {"data":{"cursor":58,"gap_us":96160,"hi":{"x":767,"y":47,"z":-3473},"id":59,"lo":{"x":688,"y":-32,"z":-3552},"selection":{"index":59,"inner":0,"x":688,"y_max":-32,"y_min":-32,"z":-3552}},"kind":"dispatch","us":35416922470}
2026-09-23 18:16:11: ACTION[Emerge-0]: [pregen_diag] {"data":{"actions":{"2":7316,"4":59},"cursor":59,"duration_us":172349,"id":59},"kind":"complete","us":35417094819}
2026-09-23 18:16:11: ACTION[Server]: [pregen_diag] {"data":{"cursor":59,"gap_us":99211,"hi":{"x":847,"y":47,"z":-3473},"id":60,"lo":{"x":768,"y":-32,"z":-3552},"selection":{"index":60,"inner":0,"x":768,"y_max":-32,"y_min":-32,"z":-3552}},"kind":"dispatch","us":35417194030}
2026-09-23 18:16:11: ACTION[Emerge-0]: [pregen_diag] {"data":{"actions":{"2":7440,"4":60},"cursor":60,"duration_us":173031,"id":60},"kind":"complete","us":35417367061}
2026-09-23 18:16:11: ACTION[Server]: [pregen_diag] {"data":{"cursor":60,"gap_us":97589,"hi":{"x":927,"y":47,"z":-3473},"id":61,"lo":{"x":848,"y":-32,"z":-3552},"selection":{"index":61,"inner":0,"x":848,"y_max":-32,"y_min":-32,"z":-3552}},"kind":"dispatch","us":35417464650}
2026-09-23 18:16:11: ACTION[Emerge-0]: [pregen_diag] {"data":{"actions":{"2":7564,"4":61},"cursor":61,"duration_us":175001,"id":61},"kind":"complete","us":35417639652}
2026-09-23 18:16:11: ACTION[Server]: [pregen_diag] {"data":{"cursor":61,"gap_us":96904,"hi":{"x":1007,"y":47,"z":-3473},"id":62,"lo":{"x":928,"y":-32,"z":-3552},"selection":{"index":62,"inner":0,"x":928,"y_max":-32,"y_min":-32,"z":-3552}},"kind":"dispatch","us":35417736555}
2026-09-23 18:16:12: ACTION[Emerge-0]: [pregen_diag] {"data":{"actions":{"2":7688,"4":62},"cursor":62,"duration_us":241796,"id":62},"kind":"complete","us":35417978351}
2026-09-23 18:16:12: ACTION[Server]: [pregen_diag] {"data":{"cursor":62,"gap_us":28995,"hi":{"x":1087,"y":47,"z":-3473},"id":63,"lo":{"x":1008,"y":-32,"z":-3552},"selection":{"index":63,"inner":0,"x":1008,"y_max":-32,"y_min":-32,"z":-3552}},"kind":"dispatch","us":35418007346}
2026-09-23 18:16:12: ACTION[Emerge-0]: [pregen_diag] {"data":{"actions":{"2":7812,"4":63},"cursor":63,"duration_us":176381,"id":63},"kind":"complete","us":35418183727}
2026-09-23 18:16:12: ACTION[Server]: [pregen_diag] {"data":{"cursor":63,"gap_us":93840,"hi":{"x":1167,"y":47,"z":-3473},"id":64,"lo":{"x":1088,"y":-32,"z":-3552},"selection":{"index":64,"inner":0,"x":1088,"y_max":-32,"y_min":-32,"z":-3552}},"kind":"dispatch","us":35418277567}
2026-09-23 18:16:12: ACTION[Emerge-0]: [pregen_diag] {"data":{"actions":{"2":7936,"4":64},"cursor":64,"duration_us":176480,"id":64},"kind":"complete","us":35418454047}
2026-09-23 18:16:12: ACTION[Server]: [pregen_diag] {"data":{"cursor":64,"gap_us":94463,"hi":{"x":1247,"y":47,"z":-3473},"id":65,"lo":{"x":1168,"y":-32,"z":-3552},"selection":{"index":65,"inner":0,"x":1168,"y_max":-32,"y_min":-32,"z":-3552}},"kind":"dispatch","us":35418548510}
2026-09-23 18:16:12: ACTION[Emerge-0]: [pregen_diag] {"data":{"actions":{"2":8060,"4":65},"cursor":65,"duration_us":175879,"id":65},"kind":"complete","us":35418724389}
2026-09-23 18:16:12: ACTION[Server]: [pregen_diag] {"data":{"cursor":65,"gap_us":94376,"hi":{"x":1327,"y":47,"z":-3473},"id":66,"lo":{"x":1248,"y":-32,"z":-3552},"selection":{"index":66,"inner":0,"x":1248,"y_max":-32,"y_min":-32,"z":-3552}},"kind":"dispatch","us":35418818764}
2026-09-23 18:16:13: ACTION[Emerge-0]: [pregen_diag] {"data":{"actions":{"2":8184,"4":66},"cursor":66,"duration_us":174976,"id":66},"kind":"complete","us":35418993741}
2026-09-23 18:16:13: ACTION[Server]: [pregen_diag] {"data":{"cursor":66,"gap_us":96551,"hi":{"x":1407,"y":47,"z":-3473},"id":67,"lo":{"x":1328,"y":-32,"z":-3552},"selection":{"index":67,"inner":0,"x":1328,"y_max":-32,"y_min":-32,"z":-3552}},"kind":"dispatch","us":35419090292}
2026-09-23 18:16:13: ACTION[Emerge-0]: [pregen_diag] {"data":{"actions":{"2":8308,"4":67},"cursor":67,"duration_us":175954,"id":67},"kind":"complete","us":35419266246}
2026-09-23 18:16:13: ACTION[Server]: [pregen_diag] {"data":{"cursor":67,"gap_us":94331,"hi":{"x":1487,"y":47,"z":-3473},"id":68,"lo":{"x":1408,"y":-32,"z":-3552},"selection":{"index":68,"inner":0,"x":1408,"y_max":-32,"y_min":-32,"z":-3552}},"kind":"dispatch","us":35419360577}
2026-09-23 18:16:13: ACTION[Emerge-0]: [pregen_diag] {"data":{"actions":{"2":8432,"4":68},"cursor":68,"duration_us":177175,"id":68},"kind":"complete","us":35419537752}
2026-09-23 18:16:13: ACTION[Server]: [pregen_diag] {"data":{"cursor":68,"gap_us":94567,"hi":{"x":1567,"y":47,"z":-3473},"id":69,"lo":{"x":1488,"y":-32,"z":-3552},"selection":{"index":69,"inner":0,"x":1488,"y_max":-32,"y_min":-32,"z":-3552}},"kind":"dispatch","us":35419632319}
2026-09-23 18:16:13: ACTION[Emerge-0]: [pregen_diag] {"data":{"actions":{"2":8556,"4":69},"cursor":69,"duration_us":175095,"id":69},"kind":"complete","us":35419807414}
2026-09-23 18:16:14: ACTION[Server]: [pregen_diag] {"data":{"cursor":69,"gap_us":95288,"hi":{"x":1647,"y":47,"z":-3473},"id":70,"lo":{"x":1568,"y":-32,"z":-3552},"selection":{"index":70,"inner":0,"x":1568,"y_max":-32,"y_min":-32,"z":-3552}},"kind":"dispatch","us":35419902702}
2026-09-23 18:16:14: ACTION[Emerge-0]: [pregen_diag] {"data":{"actions":{"2":8680,"4":70},"cursor":70,"duration_us":174533,"id":70},"kind":"complete","us":35420077236}
2026-09-23 18:16:14: ACTION[Server]: [pregen_diag] {"data":{"cursor":70,"gap_us":95564,"hi":{"x":1727,"y":47,"z":-3473},"id":71,"lo":{"x":1648,"y":-32,"z":-3552},"selection":{"index":71,"inner":0,"x":1648,"y_max":-32,"y_min":-32,"z":-3552}},"kind":"dispatch","us":35420172799}
2026-09-23 18:16:14: ACTION[Emerge-0]: [pregen_diag] {"data":{"actions":{"2":8804,"4":71},"cursor":71,"duration_us":174547,"id":71},"kind":"complete","us":35420347346}
2026-09-23 18:16:14: ACTION[Server]: [pregen_diag] {"data":{"cursor":71,"gap_us":97458,"hi":{"x":1807,"y":47,"z":-3473},"id":72,"lo":{"x":1728,"y":-32,"z":-3552},"selection":{"index":72,"inner":0,"x":1728,"y_max":-32,"y_min":-32,"z":-3552}},"kind":"dispatch","us":35420444804}
2026-09-23 18:16:14: ACTION[Emerge-0]: [pregen_diag] {"data":{"actions":{"2":8928,"4":72},"cursor":72,"duration_us":172866,"id":72},"kind":"complete","us":35420617670}
2026-09-23 18:16:14: ACTION[Server]: [pregen_diag] {"data":{"cursor":72,"gap_us":97917,"hi":{"x":1887,"y":47,"z":-3473},"id":73,"lo":{"x":1808,"y":-32,"z":-3552},"selection":{"index":73,"inner":0,"x":1808,"y_max":-32,"y_min":-32,"z":-3552}},"kind":"dispatch","us":35420715587}
2026-09-23 18:16:15: ACTION[Emerge-0]: [pregen_diag] {"data":{"actions":{"2":9052,"4":73},"cursor":73,"duration_us":173173,"id":73},"kind":"complete","us":35420888760}
2026-09-23 18:16:15: ACTION[Server]: [pregen_diag] {"data":{"cursor":73,"gap_us":98538,"hi":{"x":1967,"y":47,"z":-3473},"id":74,"lo":{"x":1888,"y":-32,"z":-3552},"selection":{"index":74,"inner":0,"x":1888,"y_max":-32,"y_min":-32,"z":-3552}},"kind":"dispatch","us":35420987298}
2026-09-23 18:16:15: ACTION[Emerge-0]: [pregen_diag] {"data":{"actions":{"2":9176,"4":74},"cursor":74,"duration_us":170471,"id":74},"kind":"complete","us":35421157769}
2026-09-23 18:16:15: ACTION[Server]: [pregen_diag] {"data":{"cursor":74,"gap_us":10647,"hi":{"x":2047,"y":47,"z":-3473},"id":75,"lo":{"x":1968,"y":-32,"z":-3552},"selection":{"index":75,"inner":0,"x":1968,"y_max":-32,"y_min":-32,"z":-3552}},"kind":"dispatch","us":35421168416}
2026-09-23 18:16:15: ACTION[Emerge-0]: [pregen_diag] {"data":{"actions":{"2":9300,"4":75},"cursor":75,"duration_us":167835,"id":75},"kind":"complete","us":35421336252}
2026-09-23 18:16:15: ACTION[Server]: [pregen_diag] {"data":{"actions":{"2":9300,"4":75},"callbacks":9375,"cursor":75,"dispatches":75,"failed":false,"pending":false,"persist_us":6207,"persists":39,"scan_max_us":10115,"scan_steps":19,"scan_us":172789,"step_hist":{"88":2,"89":5,"90":40,"91":5,"92":4},"step_max_us":92601,"step_us":5060217,"steps":56},"kind":"sample","us":35421339789}
2026-09-23 18:16:15: ACTION[Server]: [pregen_diag] {"data":{"cursor":75,"gap_us":12747,"hi":{"x":2127,"y":47,"z":-3473},"id":76,"lo":{"x":2048,"y":-32,"z":-3552},"selection":{"index":76,"inner":0,"x":2048,"y_max":-32,"y_min":-32,"z":-3552}},"kind":"dispatch","us":35421348998}
2026-09-23 18:16:15: ACTION[Emerge-0]: [pregen_diag] {"data":{"actions":{"2":9424,"4":76},"cursor":76,"duration_us":169613,"id":76},"kind":"complete","us":35421518611}
2026-09-23 18:16:15: ACTION[Server]: [pregen_diag] {"data":{"cursor":76,"gap_us":12263,"hi":{"x":2207,"y":47,"z":-3473},"id":77,"lo":{"x":2128,"y":-32,"z":-3552},"selection":{"index":77,"inner":0,"x":2128,"y_max":-32,"y_min":-32,"z":-3552}},"kind":"dispatch","us":35421530874}
2026-09-23 18:16:15: ACTION[Emerge-0]: [pregen_diag] {"data":{"actions":{"2":9548,"4":77},"cursor":77,"duration_us":169927,"id":77},"kind":"complete","us":35421700801}
2026-09-23 18:16:15: ACTION[Server]: [pregen_diag] {"data":{"cursor":77,"gap_us":10803,"hi":{"x":2287,"y":47,"z":-3473},"id":78,"lo":{"x":2208,"y":-32,"z":-3552},"selection":{"index":78,"inner":0,"x":2208,"y_max":-32,"y_min":-32,"z":-3552}},"kind":"dispatch","us":35421711604}
2026-09-23 18:16:16: ACTION[Emerge-0]: [pregen_diag] {"data":{"actions":{"2":9672,"4":78},"cursor":78,"duration_us":170708,"id":78},"kind":"complete","us":35421882313}
2026-09-23 18:16:16: ACTION[Server]: [pregen_diag] {"data":{"cursor":78,"gap_us":99857,"hi":{"x":2367,"y":47,"z":-3473},"id":79,"lo":{"x":2288,"y":-32,"z":-3552},"selection":{"index":79,"inner":0,"x":2288,"y_max":-32,"y_min":-32,"z":-3552}},"kind":"dispatch","us":35421982169}
2026-09-23 18:16:16: ACTION[Emerge-0]: [pregen_diag] {"data":{"actions":{"2":9796,"4":79},"cursor":79,"duration_us":176925,"id":79},"kind":"complete","us":35422159094}
2026-09-23 18:16:16: ACTION[Server]: [pregen_diag] {"data":{"cursor":79,"gap_us":93727,"hi":{"x":2447,"y":47,"z":-3473},"id":80,"lo":{"x":2368,"y":-32,"z":-3552},"selection":{"index":80,"inner":0,"x":2368,"y_max":-32,"y_min":-32,"z":-3552}},"kind":"dispatch","us":35422252821}
2026-09-23 18:16:16: ACTION[Emerge-0]: [pregen_diag] {"data":{"actions":{"2":9920,"4":80},"cursor":80,"duration_us":176125,"id":80},"kind":"complete","us":35422428946}
2026-09-23 18:16:16: ACTION[Server]: [pregen_diag] {"data":{"cursor":80,"gap_us":94400,"hi":{"x":2527,"y":47,"z":-3473},"id":81,"lo":{"x":2448,"y":-32,"z":-3552},"selection":{"index":81,"inner":0,"x":2448,"y_max":-32,"y_min":-32,"z":-3552}},"kind":"dispatch","us":35422523347}
2026-09-23 18:16:16: ACTION[Emerge-0]: [pregen_diag] {"data":{"actions":{"2":10044,"4":81},"cursor":81,"duration_us":177231,"id":81},"kind":"complete","us":35422700577}
2026-09-23 18:16:16: ACTION[Server]: [pregen_diag] {"data":{"cursor":81,"gap_us":93402,"hi":{"x":2607,"y":47,"z":-3473},"id":82,"lo":{"x":2528,"y":-32,"z":-3552},"selection":{"index":82,"inner":0,"x":2528,"y_max":-32,"y_min":-32,"z":-3552}},"kind":"dispatch","us":35422793979}
2026-09-23 18:16:17: ACTION[Emerge-0]: [pregen_diag] {"data":{"actions":{"2":10168,"4":82},"cursor":82,"duration_us":176878,"id":82},"kind":"complete","us":35422970857}
2026-09-23 18:16:17: ACTION[Server]: [pregen_diag] {"data":{"cursor":82,"gap_us":94827,"hi":{"x":2687,"y":47,"z":-3473},"id":83,"lo":{"x":2608,"y":-32,"z":-3552},"selection":{"index":83,"inner":0,"x":2608,"y_max":-32,"y_min":-32,"z":-3552}},"kind":"dispatch","us":35423065684}
2026-09-23 18:16:17: ACTION[Emerge-0]: [pregen_diag] {"data":{"actions":{"2":10292,"4":83},"cursor":83,"duration_us":240669,"id":83},"kind":"complete","us":35423306354}
2026-09-23 18:16:17: ACTION[Server]: [pregen_diag] {"data":{"cursor":83,"gap_us":29804,"hi":{"x":2767,"y":47,"z":-3473},"id":84,"lo":{"x":2688,"y":-32,"z":-3552},"selection":{"index":84,"inner":0,"x":2688,"y_max":-32,"y_min":-32,"z":-3552}},"kind":"dispatch","us":35423336157}
2026-09-23 18:16:17: ACTION[Emerge-0]: [pregen_diag] {"data":{"actions":{"2":10416,"4":84},"cursor":84,"duration_us":169618,"id":84},"kind":"complete","us":35423505776}
2026-09-23 18:16:17: ACTION[Server]: [pregen_diag] {"data":{"cursor":84,"gap_us":10615,"hi":{"x":2847,"y":47,"z":-3473},"id":85,"lo":{"x":2768,"y":-32,"z":-3552},"selection":{"index":85,"inner":0,"x":2768,"y_max":-32,"y_min":-32,"z":-3552}},"kind":"dispatch","us":35423516390}
2026-09-23 18:16:17: ACTION[Emerge-0]: [pregen_diag] {"data":{"actions":{"2":10540,"4":85},"cursor":85,"duration_us":173245,"id":85},"kind":"complete","us":35423689635}
2026-09-23 18:16:17: ACTION[Server]: [pregen_diag] {"data":{"cursor":85,"gap_us":99086,"hi":{"x":2927,"y":47,"z":-3473},"id":86,"lo":{"x":2848,"y":-32,"z":-3552},"selection":{"index":86,"inner":0,"x":2848,"y_max":-32,"y_min":-32,"z":-3552}},"kind":"dispatch","us":35423788721}
2026-09-23 18:16:18: ACTION[Emerge-0]: [pregen_diag] {"data":{"actions":{"2":10664,"4":86},"cursor":86,"duration_us":173616,"id":86},"kind":"complete","us":35423962337}
2026-09-23 18:16:18: ACTION[Server]: [pregen_diag] {"data":{"cursor":86,"gap_us":97359,"hi":{"x":3007,"y":47,"z":-3473},"id":87,"lo":{"x":2928,"y":-32,"z":-3552},"selection":{"index":87,"inner":0,"x":2928,"y_max":-32,"y_min":-32,"z":-3552}},"kind":"dispatch","us":35424059696}
2026-09-23 18:16:18: ACTION[Emerge-0]: [pregen_diag] {"data":{"actions":{"2":10788,"4":87},"cursor":87,"duration_us":171638,"id":87},"kind":"complete","us":35424231334}
2026-09-23 18:16:18: ACTION[Server]: [pregen_diag] {"data":{"cursor":87,"gap_us":100416,"hi":{"x":3087,"y":47,"z":-3473},"id":88,"lo":{"x":3008,"y":-32,"z":-3552},"selection":{"index":88,"inner":0,"x":3008,"y_max":-32,"y_min":-32,"z":-3552}},"kind":"dispatch","us":35424331750}
2026-09-23 18:16:18: ACTION[Emerge-0]: [pregen_diag] {"data":{"actions":{"2":10912,"4":88},"cursor":88,"duration_us":172009,"id":88},"kind":"complete","us":35424503760}
2026-09-23 18:16:18: ACTION[Server]: [pregen_diag] {"data":{"cursor":88,"gap_us":101296,"hi":{"x":3167,"y":47,"z":-3473},"id":89,"lo":{"x":3088,"y":-32,"z":-3552},"selection":{"index":89,"inner":0,"x":3088,"y_max":-32,"y_min":-32,"z":-3552}},"kind":"dispatch","us":35424605055}
2026-09-23 18:16:18: ACTION[Emerge-0]: [pregen_diag] {"data":{"actions":{"2":11036,"4":89},"cursor":89,"duration_us":177198,"id":89},"kind":"complete","us":35424782254}
2026-09-23 18:16:19: ACTION[Server]: [pregen_diag] {"data":{"cursor":89,"gap_us":92509,"hi":{"x":3247,"y":47,"z":-3473},"id":90,"lo":{"x":3168,"y":-32,"z":-3552},"selection":{"index":90,"inner":0,"x":3168,"y_max":-32,"y_min":-32,"z":-3552}},"kind":"dispatch","us":35424874762}
2026-09-23 18:16:19: ACTION[Emerge-0]: [pregen_diag] {"data":{"actions":{"2":11160,"4":90},"cursor":90,"duration_us":177196,"id":90},"kind":"complete","us":35425051959}
2026-09-23 18:16:19: ACTION[Server]: [pregen_diag] {"data":{"cursor":90,"gap_us":93439,"hi":{"x":3327,"y":47,"z":-3473},"id":91,"lo":{"x":3248,"y":-32,"z":-3552},"selection":{"index":91,"inner":0,"x":3248,"y_max":-32,"y_min":-32,"z":-3552}},"kind":"dispatch","us":35425145397}
2026-09-23 18:16:19: ACTION[Emerge-0]: [pregen_diag] {"data":{"actions":{"2":11284,"4":91},"cursor":91,"duration_us":179144,"id":91},"kind":"complete","us":35425324541}
2026-09-23 18:16:19: ACTION[Server]: [pregen_diag] {"data":{"cursor":91,"gap_us":91667,"hi":{"x":3407,"y":47,"z":-3473},"id":92,"lo":{"x":3328,"y":-32,"z":-3552},"selection":{"index":92,"inner":0,"x":3328,"y_max":-32,"y_min":-32,"z":-3552}},"kind":"dispatch","us":35425416208}
2026-09-23 18:16:19: ACTION[Emerge-0]: [pregen_diag] {"data":{"actions":{"2":11408,"4":92},"cursor":92,"duration_us":179226,"id":92},"kind":"complete","us":35425595435}
2026-09-23 18:16:19: ACTION[Server]: [pregen_diag] {"data":{"cursor":92,"gap_us":91427,"hi":{"x":3487,"y":47,"z":-3473},"id":93,"lo":{"x":3408,"y":-32,"z":-3552},"selection":{"index":93,"inner":0,"x":3408,"y_max":-32,"y_min":-32,"z":-3552}},"kind":"dispatch","us":35425686861}
2026-09-23 18:16:20: ACTION[Emerge-0]: [pregen_diag] {"data":{"actions":{"2":11532,"4":93},"cursor":93,"duration_us":181685,"id":93},"kind":"complete","us":35425868546}
2026-09-23 18:16:20: ACTION[Server]: [pregen_diag] {"data":{"cursor":93,"gap_us":89051,"hi":{"x":3567,"y":47,"z":-3473},"id":94,"lo":{"x":3488,"y":-32,"z":-3552},"selection":{"index":94,"inner":0,"x":3488,"y_max":-32,"y_min":-32,"z":-3552}},"kind":"dispatch","us":35425957597}
2026-09-23 18:16:20: ACTION[Emerge-0]: [pregen_diag] {"data":{"actions":{"2":11656,"4":94},"cursor":94,"duration_us":181928,"id":94},"kind":"complete","us":35426139525}
2026-09-23 18:16:20: ACTION[Server]: [pregen_diag] {"data":{"cursor":94,"gap_us":84833,"hi":{"x":3647,"y":47,"z":-3473},"id":95,"lo":{"x":3568,"y":-32,"z":-3552},"selection":{"index":95,"inner":0,"x":3568,"y_max":-32,"y_min":-32,"z":-3552}},"kind":"dispatch","us":35426224358}
2026-09-23 18:16:20: ACTION[Server]: [pregen_diag] {"data":{"actions":{"2":11656,"4":95},"callbacks":11751,"cursor":94,"dispatches":95,"failed":false,"pending":true,"persist_us":7648,"persists":39,"scan_max_us":12846,"scan_steps":20,"scan_us":212429,"selection":{"index":95,"inner":0,"x":3568,"y_max":-32,"y_min":-32,"z":-3552},"step_hist":{"88":1,"89":2,"90":48,"91":3,"92":2},"step_max_us":92663,"step_us":5059468,"steps":56},"kind":"sample","us":35426399258}
2026-09-23 18:16:20: ACTION[Emerge-0]: [pregen_diag] {"data":{"actions":{"2":11780,"4":95},"cursor":95,"duration_us":176214,"id":95},"kind":"complete","us":35426400572}
2026-09-23 18:16:20: ACTION[Server]: [pregen_diag] {"data":{"cursor":95,"gap_us":97391,"hi":{"x":3727,"y":47,"z":-3473},"id":96,"lo":{"x":3648,"y":-32,"z":-3552},"selection":{"index":96,"inner":0,"x":3648,"y_max":-32,"y_min":-32,"z":-3552}},"kind":"dispatch","us":35426497962}
2026-09-23 18:16:20: ACTION[Emerge-0]: [pregen_diag] {"data":{"actions":{"2":11904,"4":96},"cursor":96,"duration_us":178149,"id":96},"kind":"complete","us":35426676113}
2026-09-23 18:16:20: ACTION[Server]: [pregen_diag] {"data":{"cursor":96,"gap_us":91821,"hi":{"x":3807,"y":47,"z":-3473},"id":97,"lo":{"x":3728,"y":-32,"z":-3552},"selection":{"index":97,"inner":0,"x":3728,"y_max":-32,"y_min":-32,"z":-3552}},"kind":"dispatch","us":35426767933}
2026-09-23 18:16:21: ACTION[Emerge-0]: [pregen_diag] {"data":{"actions":{"2":12028,"4":97},"cursor":97,"duration_us":177981,"id":97},"kind":"complete","us":35426945914}
2026-09-23 18:16:21: ACTION[Server]: [pregen_diag] {"data":{"cursor":97,"gap_us":93363,"hi":{"x":3887,"y":47,"z":-3473},"id":98,"lo":{"x":3808,"y":-32,"z":-3552},"selection":{"index":98,"inner":0,"x":3808,"y_max":-32,"y_min":-32,"z":-3552}},"kind":"dispatch","us":35427039277}
2026-09-23 18:16:21: ACTION[Emerge-0]: [pregen_diag] {"data":{"actions":{"2":12152,"4":98},"cursor":98,"duration_us":175978,"id":98},"kind":"complete","us":35427215255}
2026-09-23 18:16:21: ACTION[Server]: [pregen_diag] {"data":{"cursor":98,"gap_us":94389,"hi":{"x":3967,"y":47,"z":-3473},"id":99,"lo":{"x":3888,"y":-32,"z":-3552},"selection":{"index":99,"inner":0,"x":3888,"y_max":-32,"y_min":-32,"z":-3552}},"kind":"dispatch","us":35427309644}
2026-09-23 18:16:21: ACTION[Emerge-0]: [pregen_diag] {"data":{"actions":{"2":12276,"4":99},"cursor":99,"duration_us":174932,"id":99},"kind":"complete","us":35427484576}
2026-09-23 18:16:21: ACTION[Server]: [pregen_diag] {"data":{"cursor":99,"gap_us":99907,"hi":{"x":-3873,"y":47,"z":-3393},"id":100,"lo":{"x":-3952,"y":-32,"z":-3472},"selection":{"index":100,"inner":0,"x":-3952,"y_max":-32,"y_min":-32,"z":-3472}},"kind":"dispatch","us":35427584483}
2026-09-23 18:16:21: ACTION[Emerge-0]: [pregen_diag] {"data":{"actions":{"2":12400,"4":100},"cursor":100,"duration_us":179312,"id":100},"kind":"complete","us":35427763795}
2026-09-23 18:16:22: ACTION[Server]: [pregen_diag] {"data":{"cursor":100,"gap_us":89548,"hi":{"x":-3793,"y":47,"z":-3393},"id":101,"lo":{"x":-3872,"y":-32,"z":-3472},"selection":{"index":101,"inner":0,"x":-3872,"y_max":-32,"y_min":-32,"z":-3472}},"kind":"dispatch","us":35427853343}
2026-09-23 18:16:22: ACTION[Emerge-0]: [pregen_diag] {"data":{"actions":{"2":12524,"4":101},"cursor":101,"duration_us":179891,"id":101},"kind":"complete","us":35428033234}
2026-09-23 18:16:22: ACTION[Server]: [pregen_diag] {"data":{"cursor":101,"gap_us":92132,"hi":{"x":-3713,"y":47,"z":-3393},"id":102,"lo":{"x":-3792,"y":-32,"z":-3472},"selection":{"index":102,"inner":0,"x":-3792,"y_max":-32,"y_min":-32,"z":-3472}},"kind":"dispatch","us":35428125366}
2026-09-23 18:16:22: ACTION[Emerge-0]: [pregen_diag] {"data":{"actions":{"2":12648,"4":102},"cursor":102,"duration_us":181119,"id":102},"kind":"complete","us":35428306486}
2026-09-23 18:16:22: ACTION[Server]: [pregen_diag] {"data":{"cursor":102,"gap_us":89032,"hi":{"x":-3633,"y":47,"z":-3393},"id":103,"lo":{"x":-3712,"y":-32,"z":-3472},"selection":{"index":103,"inner":0,"x":-3712,"y_max":-32,"y_min":-32,"z":-3472}},"kind":"dispatch","us":35428395517}
2026-09-23 18:16:22: ACTION[Emerge-0]: [pregen_diag] {"data":{"actions":{"2":12772,"4":103},"cursor":103,"duration_us":237024,"id":103},"kind":"complete","us":35428632542}
2026-09-23 18:16:22: ACTION[Server]: [pregen_diag] {"data":{"cursor":103,"gap_us":36136,"hi":{"x":-3553,"y":47,"z":-3393},"id":104,"lo":{"x":-3632,"y":-32,"z":-3472},"selection":{"index":104,"inner":0,"x":-3632,"y_max":-32,"y_min":-32,"z":-3472}},"kind":"dispatch","us":35428668676}
2026-09-23 18:16:23: ACTION[Emerge-0]: [pregen_diag] {"data":{"actions":{"2":12896,"4":104},"cursor":104,"duration_us":181067,"id":104},"kind":"complete","us":35428849745}
2026-09-23 18:16:23: ACTION[Server]: [pregen_diag] {"data":{"cursor":104,"gap_us":88293,"hi":{"x":-3473,"y":47,"z":-3393},"id":105,"lo":{"x":-3552,"y":-32,"z":-3472},"selection":{"index":105,"inner":0,"x":-3552,"y_max":-32,"y_min":-32,"z":-3472}},"kind":"dispatch","us":35428938037}
2026-09-23 18:16:23: ACTION[Emerge-0]: [pregen_diag] {"data":{"actions":{"2":13020,"4":105},"cursor":105,"duration_us":182870,"id":105},"kind":"complete","us":35429120907}
2026-09-23 18:16:23: ACTION[Server]: [pregen_diag] {"data":{"cursor":105,"gap_us":88224,"hi":{"x":-3393,"y":47,"z":-3393},"id":106,"lo":{"x":-3472,"y":-32,"z":-3472},"selection":{"index":106,"inner":0,"x":-3472,"y_max":-32,"y_min":-32,"z":-3472}},"kind":"dispatch","us":35429209130}
2026-09-23 18:16:23: ACTION[Emerge-0]: [pregen_diag] {"data":{"actions":{"2":13144,"4":106},"cursor":106,"duration_us":182142,"id":106},"kind":"complete","us":35429391273}
2026-09-23 18:16:23: ACTION[Server]: [pregen_diag] {"data":{"cursor":106,"gap_us":89037,"hi":{"x":-3313,"y":47,"z":-3393},"id":107,"lo":{"x":-3392,"y":-32,"z":-3472},"selection":{"index":107,"inner":0,"x":-3392,"y_max":-32,"y_min":-32,"z":-3472}},"kind":"dispatch","us":35429480310}
2026-09-23 18:16:23: ACTION[Emerge-0]: [pregen_diag] {"data":{"actions":{"2":13268,"4":107},"cursor":107,"duration_us":185805,"id":107},"kind":"complete","us":35429666115}
2026-09-23 18:16:23: ACTION[Server]: [pregen_diag] {"data":{"cursor":107,"gap_us":85487,"hi":{"x":-3233,"y":47,"z":-3393},"id":108,"lo":{"x":-3312,"y":-32,"z":-3472},"selection":{"index":108,"inner":0,"x":-3312,"y_max":-32,"y_min":-32,"z":-3472}},"kind":"dispatch","us":35429751602}
2026-09-23 18:16:24: ACTION[Emerge-0]: [pregen_diag] {"data":{"actions":{"2":13392,"4":108},"cursor":108,"duration_us":186263,"id":108},"kind":"complete","us":35429937865}
2026-09-23 18:16:24: ACTION[Server]: [pregen_diag] {"data":{"cursor":108,"gap_us":85196,"hi":{"x":-3153,"y":47,"z":-3393},"id":109,"lo":{"x":-3232,"y":-32,"z":-3472},"selection":{"index":109,"inner":0,"x":-3232,"y_max":-32,"y_min":-32,"z":-3472}},"kind":"dispatch","us":35430023061}
2026-09-23 18:16:24: ACTION[Emerge-0]: [pregen_diag] {"data":{"actions":{"2":13516,"4":109},"cursor":109,"duration_us":184900,"id":109},"kind":"complete","us":35430207961}
2026-09-23 18:16:24: ACTION[Server]: [pregen_diag] {"data":{"cursor":109,"gap_us":84742,"hi":{"x":-3073,"y":47,"z":-3393},"id":110,"lo":{"x":-3152,"y":-32,"z":-3472},"selection":{"index":110,"inner":0,"x":-3152,"y_max":-32,"y_min":-32,"z":-3472}},"kind":"dispatch","us":35430292703}
2026-09-23 18:16:24: ACTION[Emerge-0]: [pregen_diag] {"data":{"actions":{"2":13640,"4":110},"cursor":110,"duration_us":184333,"id":110},"kind":"complete","us":35430477037}
2026-09-23 18:16:24: ACTION[Server]: [pregen_diag] {"data":{"cursor":110,"gap_us":87144,"hi":{"x":-2993,"y":47,"z":-3393},"id":111,"lo":{"x":-3072,"y":-32,"z":-3472},"selection":{"index":111,"inner":0,"x":-3072,"y_max":-32,"y_min":-32,"z":-3472}},"kind":"dispatch","us":35430564180}
2026-09-23 18:16:24: ACTION[Emerge-0]: [pregen_diag] {"data":{"actions":{"2":13764,"4":111},"cursor":111,"duration_us":179250,"id":111},"kind":"complete","us":35430743430}
2026-09-23 18:16:24: ACTION[Server]: [pregen_diag] {"data":{"cursor":111,"gap_us":91140,"hi":{"x":-2913,"y":47,"z":-3393},"id":112,"lo":{"x":-2992,"y":-32,"z":-3472},"selection":{"index":112,"inner":0,"x":-2992,"y_max":-32,"y_min":-32,"z":-3472}},"kind":"dispatch","us":35430834570}
2026-09-23 18:16:25: ACTION[Emerge-0]: [pregen_diag] {"data":{"actions":{"2":13888,"4":112},"cursor":112,"duration_us":181848,"id":112},"kind":"complete","us":35431016418}
2026-09-23 18:16:25: ACTION[Server]: [pregen_diag] {"data":{"cursor":112,"gap_us":89570,"hi":{"x":-2833,"y":47,"z":-3393},"id":113,"lo":{"x":-2912,"y":-32,"z":-3472},"selection":{"index":113,"inner":0,"x":-2912,"y_max":-32,"y_min":-32,"z":-3472}},"kind":"dispatch","us":35431105988}
2026-09-23 18:16:25: ACTION[Emerge-0]: [pregen_diag] {"data":{"actions":{"2":14012,"4":113},"cursor":113,"duration_us":187152,"id":113},"kind":"complete","us":35431293140}
2026-09-23 18:16:25: ACTION[Server]: [pregen_diag] {"data":{"cursor":113,"gap_us":83511,"hi":{"x":-2753,"y":47,"z":-3393},"id":114,"lo":{"x":-2832,"y":-32,"z":-3472},"selection":{"index":114,"inner":0,"x":-2832,"y_max":-32,"y_min":-32,"z":-3472}},"kind":"dispatch","us":35431376651}
2026-09-23 18:16:25: ACTION[Server]: [pregen_diag] {"data":{"actions":{"2":14012,"4":113},"callbacks":14125,"cursor":113,"dispatches":114,"failed":false,"pending":true,"persist_us":8534,"persists":38,"scan_max_us":12917,"scan_steps":19,"scan_us":215555,"selection":{"index":114,"inner":0,"x":-2832,"y_max":-32,"y_min":-32,"z":-3472},"step_hist":{"87":1,"88":1,"89":3,"90":47,"92":4},"step_max_us":92280,"step_us":5056628,"steps":56},"kind":"sample","us":35431455889}
2026-09-23 18:16:25: ACTION[Emerge-0]: [pregen_diag] {"data":{"actions":{"2":14136,"4":114},"cursor":114,"duration_us":182876,"id":114},"kind":"complete","us":35431559527}
2026-09-23 18:16:25: ACTION[Server]: [pregen_diag] {"data":{"cursor":114,"gap_us":85462,"hi":{"x":-2673,"y":47,"z":-3393},"id":115,"lo":{"x":-2752,"y":-32,"z":-3472},"selection":{"index":115,"inner":0,"x":-2752,"y_max":-32,"y_min":-32,"z":-3472}},"kind":"dispatch","us":35431644989}
2026-09-23 18:16:25: ACTION[Emerge-0]: [pregen_diag] {"data":{"actions":{"2":14260,"4":115},"cursor":115,"duration_us":180022,"id":115},"kind":"complete","us":35431825011}
2026-09-23 18:16:26: ACTION[Server]: [pregen_diag] {"data":{"cursor":115,"gap_us":88698,"hi":{"x":-2593,"y":47,"z":-3393},"id":116,"lo":{"x":-2672,"y":-32,"z":-3472},"selection":{"index":116,"inner":0,"x":-2672,"y_max":-32,"y_min":-32,"z":-3472}},"kind":"dispatch","us":35431913708}
2026-09-23 18:16:26: ACTION[Emerge-0]: [pregen_diag] {"data":{"actions":{"2":14384,"4":116},"cursor":116,"duration_us":180474,"id":116},"kind":"complete","us":35432094183}
2026-09-23 18:16:26: ACTION[Server]: [pregen_diag] {"data":{"cursor":116,"gap_us":90452,"hi":{"x":-2513,"y":47,"z":-3393},"id":117,"lo":{"x":-2592,"y":-32,"z":-3472},"selection":{"index":117,"inner":0,"x":-2592,"y_max":-32,"y_min":-32,"z":-3472}},"kind":"dispatch","us":35432184635}
2026-09-23 18:16:26: ACTION[Emerge-0]: [pregen_diag] {"data":{"actions":{"2":14508,"4":117},"cursor":117,"duration_us":183426,"id":117},"kind":"complete","us":35432368061}
2026-09-23 18:16:26: ACTION[Server]: [pregen_diag] {"data":{"cursor":117,"gap_us":87340,"hi":{"x":-2433,"y":47,"z":-3393},"id":118,"lo":{"x":-2512,"y":-32,"z":-3472},"selection":{"index":118,"inner":0,"x":-2512,"y_max":-32,"y_min":-32,"z":-3472}},"kind":"dispatch","us":35432455401}
2026-09-23 18:16:26: ACTION[Emerge-0]: [pregen_diag] {"data":{"actions":{"2":14632,"4":118},"cursor":118,"duration_us":181498,"id":118},"kind":"complete","us":35432636899}
2026-09-23 18:16:26: ACTION[Server]: [pregen_diag] {"data":{"cursor":118,"gap_us":89365,"hi":{"x":-2353,"y":47,"z":-3393},"id":119,"lo":{"x":-2432,"y":-32,"z":-3472},"selection":{"index":119,"inner":0,"x":-2432,"y_max":-32,"y_min":-32,"z":-3472}},"kind":"dispatch","us":35432726264}
2026-09-23 18:16:27: ACTION[Emerge-0]: [pregen_diag] {"data":{"actions":{"2":14756,"4":119},"cursor":119,"duration_us":193004,"id":119},"kind":"complete","us":35432919268}
2026-09-23 18:16:27: ACTION[Server]: [pregen_diag] {"data":{"cursor":119,"gap_us":77930,"hi":{"x":-2273,"y":47,"z":-3393},"id":120,"lo":{"x":-2352,"y":-32,"z":-3472},"selection":{"index":120,"inner":0,"x":-2352,"y_max":-32,"y_min":-32,"z":-3472}},"kind":"dispatch","us":35432997198}
2026-09-23 18:16:27: ACTION[Emerge-0]: [pregen_diag] {"data":{"actions":{"2":14880,"4":120},"cursor":120,"duration_us":178669,"id":120},"kind":"complete","us":35433175867}
2026-09-23 18:16:27: ACTION[Server]: [pregen_diag] {"data":{"cursor":120,"gap_us":91999,"hi":{"x":-2193,"y":47,"z":-3393},"id":121,"lo":{"x":-2272,"y":-32,"z":-3472},"selection":{"index":121,"inner":0,"x":-2272,"y_max":-32,"y_min":-32,"z":-3472}},"kind":"dispatch","us":35433267866}
2026-09-23 18:16:27: ACTION[Emerge-0]: [pregen_diag] {"data":{"actions":{"2":15004,"4":121},"cursor":121,"duration_us":179877,"id":121},"kind":"complete","us":35433447746}
2026-09-23 18:16:27: ACTION[Server]: [pregen_diag] {"data":{"cursor":121,"gap_us":91171,"hi":{"x":-2113,"y":47,"z":-3393},"id":122,"lo":{"x":-2192,"y":-32,"z":-3472},"selection":{"index":122,"inner":0,"x":-2192,"y_max":-32,"y_min":-32,"z":-3472}},"kind":"dispatch","us":35433538913}
2026-09-23 18:16:27: ACTION[Emerge-0]: [pregen_diag] {"data":{"actions":{"2":15128,"4":122},"cursor":122,"duration_us":176831,"id":122},"kind":"complete","us":35433715745}
2026-09-23 18:16:27: ACTION[Server]: [pregen_diag] {"data":{"cursor":122,"gap_us":94226,"hi":{"x":-2033,"y":47,"z":-3393},"id":123,"lo":{"x":-2112,"y":-32,"z":-3472},"selection":{"index":123,"inner":0,"x":-2112,"y_max":-32,"y_min":-32,"z":-3472}},"kind":"dispatch","us":35433809971}
2026-09-23 18:16:28: ACTION[Emerge-0]: [pregen_diag] {"data":{"actions":{"2":15252,"4":123},"cursor":123,"duration_us":182231,"id":123},"kind":"complete","us":35433992202}
2026-09-23 18:16:28: ACTION[Server]: [pregen_diag] {"data":{"cursor":123,"gap_us":88692,"hi":{"x":-1953,"y":47,"z":-3393},"id":124,"lo":{"x":-2032,"y":-32,"z":-3472},"selection":{"index":124,"inner":0,"x":-2032,"y_max":-32,"y_min":-32,"z":-3472}},"kind":"dispatch","us":35434080894}
2026-09-23 18:16:28: ACTION[Emerge-0]: [pregen_diag] {"data":{"actions":{"2":15376,"4":124},"cursor":124,"duration_us":179953,"id":124},"kind":"complete","us":35434260847}
2026-09-23 18:16:28: ACTION[Server]: [pregen_diag] {"data":{"cursor":124,"gap_us":91294,"hi":{"x":-1873,"y":47,"z":-3393},"id":125,"lo":{"x":-1952,"y":-32,"z":-3472},"selection":{"index":125,"inner":0,"x":-1952,"y_max":-32,"y_min":-32,"z":-3472}},"kind":"dispatch","us":35434352141}
2026-09-23 18:16:28: ACTION[Emerge-0]: [pregen_diag] {"data":{"actions":{"2":15500,"4":125},"cursor":125,"duration_us":183991,"id":125},"kind":"complete","us":35434536133}
2026-09-23 18:16:28: ACTION[Server]: [pregen_diag] {"data":{"cursor":125,"gap_us":86663,"hi":{"x":-1793,"y":47,"z":-3393},"id":126,"lo":{"x":-1872,"y":-32,"z":-3472},"selection":{"index":126,"inner":0,"x":-1872,"y_max":-32,"y_min":-32,"z":-3472}},"kind":"dispatch","us":35434622795}
2026-09-23 18:16:28: ACTION[Emerge-0]: [pregen_diag] {"data":{"actions":{"2":15624,"4":126},"cursor":126,"duration_us":184142,"id":126},"kind":"complete","us":35434806937}
2026-09-23 18:16:29: ACTION[Server]: [pregen_diag] {"data":{"cursor":126,"gap_us":86718,"hi":{"x":-1713,"y":47,"z":-3393},"id":127,"lo":{"x":-1792,"y":-32,"z":-3472},"selection":{"index":127,"inner":0,"x":-1792,"y_max":-32,"y_min":-32,"z":-3472}},"kind":"dispatch","us":35434893655}
2026-09-23 18:16:29: ACTION[Emerge-0]: [pregen_diag] {"data":{"actions":{"2":15748,"4":127},"cursor":127,"duration_us":183222,"id":127},"kind":"complete","us":35435076877}
2026-09-23 18:16:29: ACTION[Server]: [pregen_diag] {"data":{"cursor":127,"gap_us":87685,"hi":{"x":-1633,"y":47,"z":-3393},"id":128,"lo":{"x":-1712,"y":-32,"z":-3472},"selection":{"index":128,"inner":0,"x":-1712,"y_max":-32,"y_min":-32,"z":-3472}},"kind":"dispatch","us":35435164562}
2026-09-23 18:16:29: ACTION[Emerge-0]: [pregen_diag] {"data":{"actions":{"2":15872,"4":128},"cursor":128,"duration_us":182668,"id":128},"kind":"complete","us":35435347230}
2026-09-23 18:16:29: ACTION[Server]: [pregen_diag] {"data":{"cursor":128,"gap_us":88041,"hi":{"x":-1553,"y":47,"z":-3393},"id":129,"lo":{"x":-1632,"y":-32,"z":-3472},"selection":{"index":129,"inner":0,"x":-1632,"y_max":-32,"y_min":-32,"z":-3472}},"kind":"dispatch","us":35435435271}
2026-09-23 18:16:29: ACTION[Emerge-0]: [pregen_diag] {"data":{"actions":{"2":15996,"4":129},"cursor":129,"duration_us":186402,"id":129},"kind":"complete","us":35435621673}
2026-09-23 18:16:29: ACTION[Server]: [pregen_diag] {"data":{"cursor":129,"gap_us":85337,"hi":{"x":-1473,"y":47,"z":-3393},"id":130,"lo":{"x":-1552,"y":-32,"z":-3472},"selection":{"index":130,"inner":0,"x":-1552,"y_max":-32,"y_min":-32,"z":-3472}},"kind":"dispatch","us":35435707010}
2026-09-23 18:16:30: ACTION[Emerge-0]: [pregen_diag] {"data":{"actions":{"2":16120,"4":130},"cursor":130,"duration_us":179877,"id":130},"kind":"complete","us":35435886887}
2026-09-23 18:16:30: ACTION[Server]: [pregen_diag] {"data":{"cursor":130,"gap_us":90819,"hi":{"x":-1393,"y":47,"z":-3393},"id":131,"lo":{"x":-1472,"y":-32,"z":-3472},"selection":{"index":131,"inner":0,"x":-1472,"y_max":-32,"y_min":-32,"z":-3472}},"kind":"dispatch","us":35435977706}
2026-09-23 18:16:30: ACTION[Emerge-0]: [pregen_diag] {"data":{"actions":{"2":16244,"4":131},"cursor":131,"duration_us":180996,"id":131},"kind":"complete","us":35436158702}
2026-09-23 18:16:30: ACTION[Server]: [pregen_diag] {"data":{"cursor":131,"gap_us":90001,"hi":{"x":-1313,"y":47,"z":-3393},"id":132,"lo":{"x":-1392,"y":-32,"z":-3472},"selection":{"index":132,"inner":0,"x":-1392,"y_max":-32,"y_min":-32,"z":-3472}},"kind":"dispatch","us":35436248703}
2026-09-23 18:16:30: ACTION[Emerge-0]: [pregen_diag] {"data":{"actions":{"2":16368,"4":132},"cursor":132,"duration_us":180203,"id":132},"kind":"complete","us":35436428906}
2026-09-23 18:16:30: ACTION[Server]: [pregen_diag] {"data":{"actions":{"2":16368,"4":132},"callbacks":16500,"cursor":132,"dispatches":132,"failed":false,"pending":false,"persist_us":2604,"persists":37,"scan_max_us":8061,"scan_steps":18,"scan_us":115230,"step_hist":{"88":1,"90":53,"91":1,"92":1},"step_max_us":92047,"step_us":5057376,"steps":56},"kind":"sample","us":35436513260}
2026-09-23 18:16:30: ACTION[Server]: [pregen_diag] {"data":{"cursor":132,"gap_us":90687,"hi":{"x":-1233,"y":47,"z":-3393},"id":133,"lo":{"x":-1312,"y":-32,"z":-3472},"selection":{"index":133,"inner":0,"x":-1312,"y_max":-32,"y_min":-32,"z":-3472}},"kind":"dispatch","us":35436519593}
2026-09-23 18:16:30: ACTION[Emerge-0]: [pregen_diag] {"data":{"actions":{"2":16492,"4":133},"cursor":133,"duration_us":183310,"id":133},"kind":"complete","us":35436702903}
2026-09-23 18:16:30: ACTION[Server]: [pregen_diag] {"data":{"cursor":133,"gap_us":87505,"hi":{"x":-1153,"y":47,"z":-3393},"id":134,"lo":{"x":-1232,"y":-32,"z":-3472},"selection":{"index":134,"inner":0,"x":-1232,"y_max":-32,"y_min":-32,"z":-3472}},"kind":"dispatch","us":35436790407}
2026-09-23 18:16:31: ACTION[Emerge-0]: [pregen_diag] {"data":{"actions":{"2":16616,"4":134},"cursor":134,"duration_us":180639,"id":134},"kind":"complete","us":35436971047}
2026-09-23 18:16:31: ACTION[Server]: [pregen_diag] {"data":{"cursor":134,"gap_us":90044,"hi":{"x":-1073,"y":47,"z":-3393},"id":135,"lo":{"x":-1152,"y":-32,"z":-3472},"selection":{"index":135,"inner":0,"x":-1152,"y_max":-32,"y_min":-32,"z":-3472}},"kind":"dispatch","us":35437061091}
2026-09-23 18:16:31: ACTION[Emerge-0]: [pregen_diag] {"data":{"actions":{"2":16740,"4":135},"cursor":135,"duration_us":181433,"id":135},"kind":"complete","us":35437242524}
2026-09-23 18:16:31: ACTION[Server]: [pregen_diag] {"data":{"cursor":135,"gap_us":89763,"hi":{"x":-993,"y":47,"z":-3393},"id":136,"lo":{"x":-1072,"y":-32,"z":-3472},"selection":{"index":136,"inner":0,"x":-1072,"y_max":-32,"y_min":-32,"z":-3472}},"kind":"dispatch","us":35437332287}
2026-09-23 18:16:31: ACTION[Emerge-0]: [pregen_diag] {"data":{"actions":{"2":16864,"4":136},"cursor":136,"duration_us":179111,"id":136},"kind":"complete","us":35437511398}
2026-09-23 18:16:31: ACTION[Server]: [pregen_diag] {"data":{"cursor":136,"gap_us":91898,"hi":{"x":-913,"y":47,"z":-3393},"id":137,"lo":{"x":-992,"y":-32,"z":-3472},"selection":{"index":137,"inner":0,"x":-992,"y_max":-32,"y_min":-32,"z":-3472}},"kind":"dispatch","us":35437603296}
2026-09-23 18:16:31: ACTION[Emerge-0]: [pregen_diag] {"data":{"actions":{"2":16988,"4":137},"cursor":137,"duration_us":178026,"id":137},"kind":"complete","us":35437781322}
2026-09-23 18:16:32: ACTION[Server]: [pregen_diag] {"data":{"cursor":137,"gap_us":92821,"hi":{"x":-833,"y":47,"z":-3393},"id":138,"lo":{"x":-912,"y":-32,"z":-3472},"selection":{"index":138,"inner":0,"x":-912,"y_max":-32,"y_min":-32,"z":-3472}},"kind":"dispatch","us":35437874142}
2026-09-23 18:16:32: ACTION[Emerge-0]: [pregen_diag] {"data":{"actions":{"2":17112,"4":138},"cursor":138,"duration_us":178737,"id":138},"kind":"complete","us":35438052881}
2026-09-23 18:16:32: ACTION[Server]: [pregen_diag] {"data":{"cursor":138,"gap_us":92062,"hi":{"x":-753,"y":47,"z":-3393},"id":139,"lo":{"x":-832,"y":-32,"z":-3472},"selection":{"index":139,"inner":0,"x":-832,"y_max":-32,"y_min":-32,"z":-3472}},"kind":"dispatch","us":35438144941}
2026-09-23 18:16:32: ACTION[Emerge-0]: [pregen_diag] {"data":{"actions":{"2":17236,"4":139},"cursor":139,"duration_us":185291,"id":139},"kind":"complete","us":35438330233}
2026-09-23 18:16:32: ACTION[Server]: [pregen_diag] {"data":{"cursor":139,"gap_us":85584,"hi":{"x":-673,"y":47,"z":-3393},"id":140,"lo":{"x":-752,"y":-32,"z":-3472},"selection":{"index":140,"inner":0,"x":-752,"y_max":-32,"y_min":-32,"z":-3472}},"kind":"dispatch","us":35438415818}
2026-09-23 18:16:32: ACTION[Emerge-0]: [pregen_diag] {"data":{"actions":{"2":17360,"4":140},"cursor":140,"duration_us":192488,"id":140},"kind":"complete","us":35438608305}
2026-09-23 18:16:32: ACTION[Server]: [pregen_diag] {"data":{"cursor":140,"gap_us":78864,"hi":{"x":-593,"y":47,"z":-3393},"id":141,"lo":{"x":-672,"y":-32,"z":-3472},"selection":{"index":141,"inner":0,"x":-672,"y_max":-32,"y_min":-32,"z":-3472}},"kind":"dispatch","us":35438687168}
2026-09-23 18:16:33: ACTION[Emerge-0]: [pregen_diag] {"data":{"actions":{"2":17484,"4":141},"cursor":141,"duration_us":185037,"id":141},"kind":"complete","us":35438872206}
2026-09-23 18:16:33: ACTION[Server]: [pregen_diag] {"data":{"cursor":141,"gap_us":85889,"hi":{"x":-513,"y":47,"z":-3393},"id":142,"lo":{"x":-592,"y":-32,"z":-3472},"selection":{"index":142,"inner":0,"x":-592,"y_max":-32,"y_min":-32,"z":-3472}},"kind":"dispatch","us":35438958095}
2026-09-23 18:16:33: ACTION[Emerge-0]: [pregen_diag] {"data":{"actions":{"2":17608,"4":142},"cursor":142,"duration_us":184173,"id":142},"kind":"complete","us":35439142268}
2026-09-23 18:16:33: ACTION[Server]: [pregen_diag] {"data":{"cursor":142,"gap_us":87174,"hi":{"x":-433,"y":47,"z":-3393},"id":143,"lo":{"x":-512,"y":-32,"z":-3472},"selection":{"index":143,"inner":0,"x":-512,"y_max":-32,"y_min":-32,"z":-3472}},"kind":"dispatch","us":35439229442}
2026-09-23 18:16:33: ACTION[Emerge-0]: [pregen_diag] {"data":{"actions":{"2":17732,"4":143},"cursor":143,"duration_us":232278,"id":143},"kind":"complete","us":35439461721}
2026-09-23 18:16:33: ACTION[Server]: [pregen_diag] {"data":{"cursor":143,"gap_us":37733,"hi":{"x":-353,"y":47,"z":-3393},"id":144,"lo":{"x":-432,"y":-32,"z":-3472},"selection":{"index":144,"inner":0,"x":-432,"y_max":-32,"y_min":-32,"z":-3472}},"kind":"dispatch","us":35439499453}
2026-09-23 18:16:33: ACTION[Emerge-0]: [pregen_diag] {"data":{"actions":{"2":17856,"4":144},"cursor":144,"duration_us":179220,"id":144},"kind":"complete","us":35439678673}
2026-09-23 18:16:33: ACTION[Server]: [pregen_diag] {"data":{"cursor":144,"gap_us":91980,"hi":{"x":-273,"y":47,"z":-3393},"id":145,"lo":{"x":-352,"y":-32,"z":-3472},"selection":{"index":145,"inner":0,"x":-352,"y_max":-32,"y_min":-32,"z":-3472}},"kind":"dispatch","us":35439770652}
2026-09-23 18:16:34: ACTION[Emerge-0]: [pregen_diag] {"data":{"actions":{"2":17980,"4":145},"cursor":145,"duration_us":179118,"id":145},"kind":"complete","us":35439949771}
2026-09-23 18:16:34: ACTION[Server]: [pregen_diag] {"data":{"cursor":145,"gap_us":92187,"hi":{"x":-193,"y":47,"z":-3393},"id":146,"lo":{"x":-272,"y":-32,"z":-3472},"selection":{"index":146,"inner":0,"x":-272,"y_max":-32,"y_min":-32,"z":-3472}},"kind":"dispatch","us":35440041958}
2026-09-23 18:16:34: ACTION[Emerge-0]: [pregen_diag] {"data":{"actions":{"2":18104,"4":146},"cursor":146,"duration_us":176234,"id":146},"kind":"complete","us":35440218192}
2026-09-23 18:16:34: ACTION[Server]: [pregen_diag] {"data":{"cursor":146,"gap_us":96517,"hi":{"x":-113,"y":47,"z":-3393},"id":147,"lo":{"x":-192,"y":-32,"z":-3472},"selection":{"index":147,"inner":0,"x":-192,"y_max":-32,"y_min":-32,"z":-3472}},"kind":"dispatch","us":35440314709}
2026-09-23 18:16:34: ACTION[Emerge-0]: [pregen_diag] {"data":{"actions":{"2":18228,"4":147},"cursor":147,"duration_us":179548,"id":147},"kind":"complete","us":35440494257}
2026-09-23 18:16:34: ACTION[Server]: [pregen_diag] {"data":{"cursor":147,"gap_us":90227,"hi":{"x":-33,"y":47,"z":-3393},"id":148,"lo":{"x":-112,"y":-32,"z":-3472},"selection":{"index":148,"inner":0,"x":-112,"y_max":-32,"y_min":-32,"z":-3472}},"kind":"dispatch","us":35440584484}
2026-09-23 18:16:34: ACTION[Emerge-0]: [pregen_diag] {"data":{"actions":{"2":18352,"4":148},"cursor":148,"duration_us":179079,"id":148},"kind":"complete","us":35440763563}
2026-09-23 18:16:35: ACTION[Server]: [pregen_diag] {"data":{"cursor":148,"gap_us":91758,"hi":{"x":47,"y":47,"z":-3393},"id":149,"lo":{"x":-32,"y":-32,"z":-3472},"selection":{"index":149,"inner":0,"x":-32,"y_max":-32,"y_min":-32,"z":-3472}},"kind":"dispatch","us":35440855321}
2026-09-23 18:16:35: ACTION[Emerge-0]: [pregen_diag] {"data":{"actions":{"2":18476,"4":149},"cursor":149,"duration_us":174731,"id":149},"kind":"complete","us":35441030052}
2026-09-23 18:16:35: ACTION[Server]: [pregen_diag] {"data":{"cursor":149,"gap_us":96178,"hi":{"x":127,"y":47,"z":-3393},"id":150,"lo":{"x":48,"y":-32,"z":-3472},"selection":{"index":150,"inner":0,"x":48,"y_max":-32,"y_min":-32,"z":-3472}},"kind":"dispatch","us":35441126230}
2026-09-23 18:16:35: ACTION[Emerge-0]: [pregen_diag] {"data":{"actions":{"2":18600,"4":150},"cursor":150,"duration_us":173374,"id":150},"kind":"complete","us":35441299605}
2026-09-23 18:16:35: ACTION[Server]: [pregen_diag] {"data":{"cursor":150,"gap_us":7304,"hi":{"x":207,"y":47,"z":-3393},"id":151,"lo":{"x":128,"y":-32,"z":-3472},"selection":{"index":151,"inner":0,"x":128,"y_max":-32,"y_min":-32,"z":-3472}},"kind":"dispatch","us":35441306908}
2026-09-23 18:16:35: ACTION[Emerge-0]: [pregen_diag] {"data":{"actions":{"2":18724,"4":151},"cursor":151,"duration_us":172600,"id":151},"kind":"complete","us":35441479508}
2026-09-23 18:16:35: ACTION[Server]: [pregen_diag] {"data":{"cursor":151,"gap_us":8197,"hi":{"x":287,"y":47,"z":-3393},"id":152,"lo":{"x":208,"y":-32,"z":-3472},"selection":{"index":152,"inner":0,"x":208,"y_max":-32,"y_min":-32,"z":-3472}},"kind":"dispatch","us":35441487705}
2026-09-23 18:16:35: ACTION[Server]: [pregen_diag] {"data":{"actions":{"2":18724,"4":151},"callbacks":18875,"cursor":151,"dispatches":152,"failed":false,"pending":true,"persist_us":2757,"persists":39,"scan_max_us":7580,"scan_steps":20,"scan_us":129528,"selection":{"index":152,"inner":0,"x":208,"y_max":-32,"y_min":-32,"z":-3472},"step_hist":{"89":2,"90":52,"92":2},"step_max_us":92102,"step_us":5058909,"steps":56},"kind":"sample","us":35441572173}
2026-09-23 18:16:35: ACTION[Emerge-0]: [pregen_diag] {"data":{"actions":{"2":18848,"4":152},"cursor":152,"duration_us":183719,"id":152},"kind":"complete","us":35441671424}
2026-09-23 18:16:35: ACTION[Server]: [pregen_diag] {"data":{"cursor":152,"gap_us":87617,"hi":{"x":367,"y":47,"z":-3393},"id":153,"lo":{"x":288,"y":-32,"z":-3472},"selection":{"index":153,"inner":0,"x":288,"y_max":-32,"y_min":-32,"z":-3472}},"kind":"dispatch","us":35441759041}
2026-09-23 18:16:36: ACTION[Emerge-0]: [pregen_diag] {"data":{"actions":{"2":18972,"4":153},"cursor":153,"duration_us":170388,"id":153},"kind":"complete","us":35441929429}
2026-09-23 18:16:36: ACTION[Server]: [pregen_diag] {"data":{"cursor":153,"gap_us":10036,"hi":{"x":447,"y":47,"z":-3393},"id":154,"lo":{"x":368,"y":-32,"z":-3472},"selection":{"index":154,"inner":0,"x":368,"y_max":-32,"y_min":-32,"z":-3472}},"kind":"dispatch","us":35441939465}
2026-09-23 18:16:36: ACTION[Emerge-0]: [pregen_diag] {"data":{"actions":{"2":19096,"4":154},"cursor":154,"duration_us":172995,"id":154},"kind":"complete","us":35442112460}
2026-09-23 18:16:36: ACTION[Server]: [pregen_diag] {"data":{"cursor":154,"gap_us":7724,"hi":{"x":527,"y":47,"z":-3393},"id":155,"lo":{"x":448,"y":-32,"z":-3472},"selection":{"index":155,"inner":0,"x":448,"y_max":-32,"y_min":-32,"z":-3472}},"kind":"dispatch","us":35442120184}
2026-09-23 18:16:36: ACTION[Emerge-0]: [pregen_diag] {"data":{"actions":{"2":19220,"4":155},"cursor":155,"duration_us":176332,"id":155},"kind":"complete","us":35442296516}
2026-09-23 18:16:36: ACTION[Server]: [pregen_diag] {"data":{"cursor":155,"gap_us":95349,"hi":{"x":607,"y":47,"z":-3393},"id":156,"lo":{"x":528,"y":-32,"z":-3472},"selection":{"index":156,"inner":0,"x":528,"y_max":-32,"y_min":-32,"z":-3472}},"kind":"dispatch","us":35442391865}
2026-09-23 18:16:36: ACTION[Emerge-0]: [pregen_diag] {"data":{"actions":{"2":19344,"4":156},"cursor":156,"duration_us":178713,"id":156},"kind":"complete","us":35442570579}
2026-09-23 18:16:36: ACTION[Server]: [pregen_diag] {"data":{"cursor":156,"gap_us":92005,"hi":{"x":687,"y":47,"z":-3393},"id":157,"lo":{"x":608,"y":-32,"z":-3472},"selection":{"index":157,"inner":0,"x":608,"y_max":-32,"y_min":-32,"z":-3472}},"kind":"dispatch","us":35442662583}
2026-09-23 18:16:37: ACTION[Emerge-0]: [pregen_diag] {"data":{"actions":{"2":19468,"4":157},"cursor":157,"duration_us":179169,"id":157},"kind":"complete","us":35442841752}
2026-09-23 18:16:37: ACTION[Server]: [pregen_diag] {"data":{"cursor":157,"gap_us":91582,"hi":{"x":767,"y":47,"z":-3393},"id":158,"lo":{"x":688,"y":-32,"z":-3472},"selection":{"index":158,"inner":0,"x":688,"y_max":-32,"y_min":-32,"z":-3472}},"kind":"dispatch","us":35442933334}
2026-09-23 18:16:37: ACTION[Emerge-0]: [pregen_diag] {"data":{"actions":{"2":19592,"4":158},"cursor":158,"duration_us":172979,"id":158},"kind":"complete","us":35443106313}
2026-09-23 18:16:37: ACTION[Server]: [pregen_diag] {"data":{"cursor":158,"gap_us":7459,"hi":{"x":847,"y":47,"z":-3393},"id":159,"lo":{"x":768,"y":-32,"z":-3472},"selection":{"index":159,"inner":0,"x":768,"y_max":-32,"y_min":-32,"z":-3472}},"kind":"dispatch","us":35443113772}
2026-09-23 18:16:37: ACTION[Emerge-0]: [pregen_diag] {"data":{"actions":{"2":19716,"4":159},"cursor":159,"duration_us":173320,"id":159},"kind":"complete","us":35443287093}
2026-09-23 18:16:37: ACTION[Server]: [pregen_diag] {"data":{"cursor":159,"gap_us":7178,"hi":{"x":927,"y":47,"z":-3393},"id":160,"lo":{"x":848,"y":-32,"z":-3472},"selection":{"index":160,"inner":0,"x":848,"y_max":-32,"y_min":-32,"z":-3472}},"kind":"dispatch","us":35443294270}
2026-09-23 18:16:37: ACTION[Emerge-0]: [pregen_diag] {"data":{"actions":{"2":19840,"4":160},"cursor":160,"duration_us":174304,"id":160},"kind":"complete","us":35443468575}
2026-09-23 18:16:37: ACTION[Server]: [pregen_diag] {"data":{"cursor":160,"gap_us":6021,"hi":{"x":1007,"y":47,"z":-3393},"id":161,"lo":{"x":928,"y":-32,"z":-3472},"selection":{"index":161,"inner":0,"x":928,"y_max":-32,"y_min":-32,"z":-3472}},"kind":"dispatch","us":35443474595}
2026-09-23 18:16:37: ACTION[Emerge-0]: [pregen_diag] {"data":{"actions":{"2":19964,"4":161},"cursor":161,"duration_us":175229,"id":161},"kind":"complete","us":35443649824}
2026-09-23 18:16:37: ACTION[Server]: [pregen_diag] {"data":{"cursor":161,"gap_us":6078,"hi":{"x":1087,"y":47,"z":-3393},"id":162,"lo":{"x":1008,"y":-32,"z":-3472},"selection":{"index":162,"inner":0,"x":1008,"y_max":-32,"y_min":-32,"z":-3472}},"kind":"dispatch","us":35443655902}
2026-09-23 18:16:37: ACTION[Emerge-0]: [pregen_diag] {"data":{"actions":{"2":20088,"4":162},"cursor":162,"duration_us":178537,"id":162},"kind":"complete","us":35443834439}
2026-09-23 18:16:38: ACTION[Server]: [pregen_diag] {"data":{"cursor":162,"gap_us":91860,"hi":{"x":1167,"y":47,"z":-3393},"id":163,"lo":{"x":1088,"y":-32,"z":-3472},"selection":{"index":163,"inner":0,"x":1088,"y_max":-32,"y_min":-32,"z":-3472}},"kind":"dispatch","us":35443926299}
2026-09-23 18:16:38: ACTION[Emerge-0]: [pregen_diag] {"data":{"actions":{"2":20212,"4":163},"cursor":163,"duration_us":181331,"id":163},"kind":"complete","us":35444107630}
2026-09-23 18:16:38: ACTION[Server]: [pregen_diag] {"data":{"cursor":163,"gap_us":89659,"hi":{"x":1247,"y":47,"z":-3393},"id":164,"lo":{"x":1168,"y":-32,"z":-3472},"selection":{"index":164,"inner":0,"x":1168,"y_max":-32,"y_min":-32,"z":-3472}},"kind":"dispatch","us":35444197289}
2026-09-23 18:16:38: ACTION[Emerge-0]: [pregen_diag] {"data":{"actions":{"2":20336,"4":164},"cursor":164,"duration_us":192535,"id":164},"kind":"complete","us":35444389825}
2026-09-23 18:16:38: ACTION[Server]: [pregen_diag] {"data":{"cursor":164,"gap_us":78467,"hi":{"x":1327,"y":47,"z":-3393},"id":165,"lo":{"x":1248,"y":-32,"z":-3472},"selection":{"index":165,"inner":0,"x":1248,"y_max":-32,"y_min":-32,"z":-3472}},"kind":"dispatch","us":35444468291}
2026-09-23 18:16:38: ACTION[Emerge-0]: [pregen_diag] {"data":{"actions":{"2":20460,"4":165},"cursor":165,"duration_us":183305,"id":165},"kind":"complete","us":35444651596}
2026-09-23 18:16:38: ACTION[Server]: [pregen_diag] {"data":{"cursor":165,"gap_us":87581,"hi":{"x":1407,"y":47,"z":-3393},"id":166,"lo":{"x":1328,"y":-32,"z":-3472},"selection":{"index":166,"inner":0,"x":1328,"y_max":-32,"y_min":-32,"z":-3472}},"kind":"dispatch","us":35444739177}
2026-09-23 18:16:39: ACTION[Emerge-0]: [pregen_diag] {"data":{"actions":{"2":20584,"4":166},"cursor":166,"duration_us":180425,"id":166},"kind":"complete","us":35444919603}
2026-09-23 18:16:39: ACTION[Server]: [pregen_diag] {"data":{"cursor":166,"gap_us":89953,"hi":{"x":1487,"y":47,"z":-3393},"id":167,"lo":{"x":1408,"y":-32,"z":-3472},"selection":{"index":167,"inner":0,"x":1408,"y_max":-32,"y_min":-32,"z":-3472}},"kind":"dispatch","us":35445009555}
2026-09-23 18:16:39: ACTION[Emerge-0]: [pregen_diag] {"data":{"actions":{"2":20708,"4":167},"cursor":167,"duration_us":180171,"id":167},"kind":"complete","us":35445189726}
2026-09-23 18:16:39: ACTION[Server]: [pregen_diag] {"data":{"cursor":167,"gap_us":90322,"hi":{"x":1567,"y":47,"z":-3393},"id":168,"lo":{"x":1488,"y":-32,"z":-3472},"selection":{"index":168,"inner":0,"x":1488,"y_max":-32,"y_min":-32,"z":-3472}},"kind":"dispatch","us":35445280048}
2026-09-23 18:16:39: ACTION[Emerge-0]: [pregen_diag] {"data":{"actions":{"2":20832,"4":168},"cursor":168,"duration_us":178954,"id":168},"kind":"complete","us":35445459002}
2026-09-23 18:16:39: ACTION[Server]: [pregen_diag] {"data":{"cursor":168,"gap_us":91601,"hi":{"x":1647,"y":47,"z":-3393},"id":169,"lo":{"x":1568,"y":-32,"z":-3472},"selection":{"index":169,"inner":0,"x":1568,"y_max":-32,"y_min":-32,"z":-3472}},"kind":"dispatch","us":35445550603}
2026-09-23 18:16:39: ACTION[Emerge-0]: [pregen_diag] {"data":{"actions":{"2":20956,"4":169},"cursor":169,"duration_us":176142,"id":169},"kind":"complete","us":35445726745}
2026-09-23 18:16:39: ACTION[Server]: [pregen_diag] {"data":{"cursor":169,"gap_us":94856,"hi":{"x":1727,"y":47,"z":-3393},"id":170,"lo":{"x":1648,"y":-32,"z":-3472},"selection":{"index":170,"inner":0,"x":1648,"y_max":-32,"y_min":-32,"z":-3472}},"kind":"dispatch","us":35445821601}
2026-09-23 18:16:40: ACTION[Emerge-0]: [pregen_diag] {"data":{"actions":{"2":21080,"4":170},"cursor":170,"duration_us":178324,"id":170},"kind":"complete","us":35445999925}
2026-09-23 18:16:40: ACTION[Server]: [pregen_diag] {"data":{"cursor":170,"gap_us":92366,"hi":{"x":1807,"y":47,"z":-3393},"id":171,"lo":{"x":1728,"y":-32,"z":-3472},"selection":{"index":171,"inner":0,"x":1728,"y_max":-32,"y_min":-32,"z":-3472}},"kind":"dispatch","us":35446092291}
2026-09-23 18:16:40: ACTION[Emerge-0]: [pregen_diag] {"data":{"actions":{"2":21204,"4":171},"cursor":171,"duration_us":174927,"id":171},"kind":"complete","us":35446267219}
2026-09-23 18:16:40: ACTION[Server]: [pregen_diag] {"data":{"cursor":171,"gap_us":95897,"hi":{"x":1887,"y":47,"z":-3393},"id":172,"lo":{"x":1808,"y":-32,"z":-3472},"selection":{"index":172,"inner":0,"x":1808,"y_max":-32,"y_min":-32,"z":-3472}},"kind":"dispatch","us":35446363115}
2026-09-23 18:16:40: ACTION[Emerge-0]: [pregen_diag] {"data":{"actions":{"2":21328,"4":172},"cursor":172,"duration_us":175042,"id":172},"kind":"complete","us":35446538157}
2026-09-23 18:16:40: ACTION[Server]: [pregen_diag] {"data":{"actions":{"2":21328,"4":172},"callbacks":21500,"cursor":172,"dispatches":172,"failed":false,"pending":false,"persist_us":2845,"persists":41,"scan_max_us":6424,"scan_steps":20,"scan_us":121207,"step_hist":{"89":3,"90":50,"91":2,"92":1},"step_max_us":92100,"step_us":5055824,"steps":56},"kind":"sample","us":35446628042}
2026-09-23 18:16:40: ACTION[Server]: [pregen_diag] {"data":{"cursor":172,"gap_us":96695,"hi":{"x":1967,"y":47,"z":-3393},"id":173,"lo":{"x":1888,"y":-32,"z":-3472},"selection":{"index":173,"inner":0,"x":1888,"y_max":-32,"y_min":-32,"z":-3472}},"kind":"dispatch","us":35446634852}
2026-09-23 18:16:40: ACTION[Emerge-0]: [pregen_diag] {"data":{"actions":{"2":21452,"4":173},"cursor":173,"duration_us":174850,"id":173},"kind":"complete","us":35446809702}
2026-09-23 18:16:41: ACTION[Server]: [pregen_diag] {"data":{"cursor":173,"gap_us":96025,"hi":{"x":2047,"y":47,"z":-3393},"id":174,"lo":{"x":1968,"y":-32,"z":-3472},"selection":{"index":174,"inner":0,"x":1968,"y_max":-32,"y_min":-32,"z":-3472}},"kind":"dispatch","us":35446905727}
2026-09-23 18:16:41: ACTION[Emerge-0]: [pregen_diag] {"data":{"actions":{"2":21576,"4":174},"cursor":174,"duration_us":171983,"id":174},"kind":"complete","us":35447077710}
2026-09-23 18:16:41: ACTION[Server]: [pregen_diag] {"data":{"cursor":174,"gap_us":8583,"hi":{"x":2127,"y":47,"z":-3393},"id":175,"lo":{"x":2048,"y":-32,"z":-3472},"selection":{"index":175,"inner":0,"x":2048,"y_max":-32,"y_min":-32,"z":-3472}},"kind":"dispatch","us":35447086293}
2026-09-23 18:16:41: ACTION[Emerge-0]: [pregen_diag] {"data":{"actions":{"2":21700,"4":175},"cursor":175,"duration_us":173739,"id":175},"kind":"complete","us":35447260032}
2026-09-23 18:16:41: ACTION[Server]: [pregen_diag] {"data":{"cursor":175,"gap_us":6694,"hi":{"x":2207,"y":47,"z":-3393},"id":176,"lo":{"x":2128,"y":-32,"z":-3472},"selection":{"index":176,"inner":0,"x":2128,"y_max":-32,"y_min":-32,"z":-3472}},"kind":"dispatch","us":35447266726}
2026-09-23 18:16:41: ACTION[Emerge-0]: [pregen_diag] {"data":{"actions":{"2":21824,"4":176},"cursor":176,"duration_us":179942,"id":176},"kind":"complete","us":35447446668}
2026-09-23 18:16:41: ACTION[Server]: [pregen_diag] {"data":{"cursor":176,"gap_us":91226,"hi":{"x":2287,"y":47,"z":-3393},"id":177,"lo":{"x":2208,"y":-32,"z":-3472},"selection":{"index":177,"inner":0,"x":2208,"y_max":-32,"y_min":-32,"z":-3472}},"kind":"dispatch","us":35447537893}
2026-09-23 18:16:41: ACTION[Emerge-0]: [pregen_diag] {"data":{"actions":{"2":21948,"4":177},"cursor":177,"duration_us":180763,"id":177},"kind":"complete","us":35447718657}
2026-09-23 18:16:41: ACTION[Server]: [pregen_diag] {"data":{"cursor":177,"gap_us":89738,"hi":{"x":2367,"y":47,"z":-3393},"id":178,"lo":{"x":2288,"y":-32,"z":-3472},"selection":{"index":178,"inner":0,"x":2288,"y_max":-32,"y_min":-32,"z":-3472}},"kind":"dispatch","us":35447808395}
2026-09-23 18:16:42: ACTION[Emerge-0]: [pregen_diag] {"data":{"actions":{"2":22072,"4":178},"cursor":178,"duration_us":179585,"id":178},"kind":"complete","us":35447987980}
2026-09-23 18:16:42: ACTION[Server]: [pregen_diag] {"data":{"cursor":178,"gap_us":90980,"hi":{"x":2447,"y":47,"z":-3393},"id":179,"lo":{"x":2368,"y":-32,"z":-3472},"selection":{"index":179,"inner":0,"x":2368,"y_max":-32,"y_min":-32,"z":-3472}},"kind":"dispatch","us":35448078961}
2026-09-23 18:16:42: ACTION[Emerge-0]: [pregen_diag] {"data":{"actions":{"2":22196,"4":179},"cursor":179,"duration_us":179077,"id":179},"kind":"complete","us":35448258037}
2026-09-23 18:16:42: ACTION[Server]: [pregen_diag] {"data":{"cursor":179,"gap_us":91616,"hi":{"x":2527,"y":47,"z":-3393},"id":180,"lo":{"x":2448,"y":-32,"z":-3472},"selection":{"index":180,"inner":0,"x":2448,"y_max":-32,"y_min":-32,"z":-3472}},"kind":"dispatch","us":35448349653}
2026-09-23 18:16:42: ACTION[Emerge-0]: [pregen_diag] {"data":{"actions":{"2":22320,"4":180},"cursor":180,"duration_us":182912,"id":180},"kind":"complete","us":35448532565}
2026-09-23 18:16:42: ACTION[Server]: [pregen_diag] {"data":{"cursor":180,"gap_us":87762,"hi":{"x":2607,"y":47,"z":-3393},"id":181,"lo":{"x":2528,"y":-32,"z":-3472},"selection":{"index":181,"inner":0,"x":2528,"y_max":-32,"y_min":-32,"z":-3472}},"kind":"dispatch","us":35448620327}
2026-09-23 18:16:42: ACTION[Emerge-0]: [pregen_diag] {"data":{"actions":{"2":22444,"4":181},"cursor":181,"duration_us":181941,"id":181},"kind":"complete","us":35448802268}
2026-09-23 18:16:43: ACTION[Server]: [pregen_diag] {"data":{"cursor":181,"gap_us":88808,"hi":{"x":2687,"y":47,"z":-3393},"id":182,"lo":{"x":2608,"y":-32,"z":-3472},"selection":{"index":182,"inner":0,"x":2608,"y_max":-32,"y_min":-32,"z":-3472}},"kind":"dispatch","us":35448891076}
2026-09-23 18:16:43: ACTION[Emerge-0]: [pregen_diag] {"data":{"actions":{"2":22568,"4":182},"cursor":182,"duration_us":174711,"id":182},"kind":"complete","us":35449065787}
2026-09-23 18:16:43: ACTION[Server]: [pregen_diag] {"data":{"cursor":182,"gap_us":96130,"hi":{"x":2767,"y":47,"z":-3393},"id":183,"lo":{"x":2688,"y":-32,"z":-3472},"selection":{"index":183,"inner":0,"x":2688,"y_max":-32,"y_min":-32,"z":-3472}},"kind":"dispatch","us":35449161917}
2026-09-23 18:16:43: ACTION[Emerge-0]: [pregen_diag] {"data":{"actions":{"2":22692,"4":183},"cursor":183,"duration_us":174082,"id":183},"kind":"complete","us":35449335999}
2026-09-23 18:16:43: ACTION[Server]: [pregen_diag] {"data":{"cursor":183,"gap_us":7112,"hi":{"x":2847,"y":47,"z":-3393},"id":184,"lo":{"x":2768,"y":-32,"z":-3472},"selection":{"index":184,"inner":0,"x":2768,"y_max":-32,"y_min":-32,"z":-3472}},"kind":"dispatch","us":35449343111}
2026-09-23 18:16:43: ACTION[Emerge-0]: [pregen_diag] {"data":{"actions":{"2":22816,"4":184},"cursor":184,"duration_us":174161,"id":184},"kind":"complete","us":35449517272}
2026-09-23 18:16:43: ACTION[Server]: [pregen_diag] {"data":{"cursor":184,"gap_us":6311,"hi":{"x":2927,"y":47,"z":-3393},"id":185,"lo":{"x":2848,"y":-32,"z":-3472},"selection":{"index":185,"inner":0,"x":2848,"y_max":-32,"y_min":-32,"z":-3472}},"kind":"dispatch","us":35449523583}
2026-09-23 18:16:43: ACTION[Emerge-0]: [pregen_diag] {"data":{"actions":{"2":22940,"4":185},"cursor":185,"duration_us":177743,"id":185},"kind":"complete","us":35449701326}
2026-09-23 18:16:43: ACTION[Server]: [pregen_diag] {"data":{"cursor":185,"gap_us":92826,"hi":{"x":3007,"y":47,"z":-3393},"id":186,"lo":{"x":2928,"y":-32,"z":-3472},"selection":{"index":186,"inner":0,"x":2928,"y_max":-32,"y_min":-32,"z":-3472}},"kind":"dispatch","us":35449794151}
2026-09-23 18:16:44: ACTION[Emerge-0]: [pregen_diag] {"data":{"actions":{"2":23064,"4":186},"cursor":186,"duration_us":179651,"id":186},"kind":"complete","us":35449973803}
2026-09-23 18:16:44: ACTION[Server]: [pregen_diag] {"data":{"cursor":186,"gap_us":92175,"hi":{"x":3087,"y":47,"z":-3393},"id":187,"lo":{"x":3008,"y":-32,"z":-3472},"selection":{"index":187,"inner":0,"x":3008,"y_max":-32,"y_min":-32,"z":-3472}},"kind":"dispatch","us":35450065978}
2026-09-23 18:16:44: ACTION[Emerge-0]: [pregen_diag] {"data":{"actions":{"2":23188,"4":187},"cursor":187,"duration_us":180507,"id":187},"kind":"complete","us":35450246485}
2026-09-23 18:16:44: ACTION[Server]: [pregen_diag] {"data":{"cursor":187,"gap_us":90800,"hi":{"x":3167,"y":47,"z":-3393},"id":188,"lo":{"x":3088,"y":-32,"z":-3472},"selection":{"index":188,"inner":0,"x":3088,"y_max":-32,"y_min":-32,"z":-3472}},"kind":"dispatch","us":35450337285}
2026-09-23 18:16:44: ACTION[Emerge-0]: [pregen_diag] {"data":{"actions":{"2":23312,"4":188},"cursor":188,"duration_us":181339,"id":188},"kind":"complete","us":35450518624}
2026-09-23 18:16:44: ACTION[Server]: [pregen_diag] {"data":{"cursor":188,"gap_us":89259,"hi":{"x":3247,"y":47,"z":-3393},"id":189,"lo":{"x":3168,"y":-32,"z":-3472},"selection":{"index":189,"inner":0,"x":3168,"y_max":-32,"y_min":-32,"z":-3472}},"kind":"dispatch","us":35450607882}
2026-09-23 18:16:44: ACTION[Emerge-0]: [pregen_diag] {"data":{"actions":{"2":23436,"4":189},"cursor":189,"duration_us":182654,"id":189},"kind":"complete","us":35450790538}
2026-09-23 18:16:45: ACTION[Server]: [pregen_diag] {"data":{"cursor":189,"gap_us":87973,"hi":{"x":3327,"y":47,"z":-3393},"id":190,"lo":{"x":3248,"y":-32,"z":-3472},"selection":{"index":190,"inner":0,"x":3248,"y_max":-32,"y_min":-32,"z":-3472}},"kind":"dispatch","us":35450878510}
2026-09-23 18:16:45: ACTION[Emerge-0]: [pregen_diag] {"data":{"actions":{"2":23560,"4":190},"cursor":190,"duration_us":184084,"id":190},"kind":"complete","us":35451062594}
2026-09-23 18:16:45: ACTION[Server]: [pregen_diag] {"data":{"cursor":190,"gap_us":86655,"hi":{"x":3407,"y":47,"z":-3393},"id":191,"lo":{"x":3328,"y":-32,"z":-3472},"selection":{"index":191,"inner":0,"x":3328,"y_max":-32,"y_min":-32,"z":-3472}},"kind":"dispatch","us":35451149249}
2026-09-23 18:16:45: ACTION[Emerge-0]: [pregen_diag] {"data":{"actions":{"2":23684,"4":191},"cursor":191,"duration_us":179484,"id":191},"kind":"complete","us":35451328733}
2026-09-23 18:16:45: ACTION[Server]: [pregen_diag] {"data":{"cursor":191,"gap_us":92227,"hi":{"x":3487,"y":47,"z":-3393},"id":192,"lo":{"x":3408,"y":-32,"z":-3472},"selection":{"index":192,"inner":0,"x":3408,"y_max":-32,"y_min":-32,"z":-3472}},"kind":"dispatch","us":35451420960}
2026-09-23 18:16:45: ACTION[Emerge-0]: [pregen_diag] {"data":{"actions":{"2":23808,"4":192},"cursor":192,"duration_us":183979,"id":192},"kind":"complete","us":35451604939}
2026-09-23 18:16:45: ACTION[Server]: [pregen_diag] {"data":{"actions":{"2":23808,"4":192},"callbacks":24000,"cursor":192,"dispatches":192,"failed":false,"pending":false,"persist_us":2698,"persists":40,"scan_max_us":7209,"scan_steps":20,"scan_us":124881,"step_hist":{"89":2,"90":52,"92":2},"step_max_us":92126,"step_us":5056446,"steps":56},"kind":"sample","us":35451684442}
2026-09-23 18:16:45: ACTION[Server]: [pregen_diag] {"data":{"cursor":192,"gap_us":86793,"hi":{"x":3567,"y":47,"z":-3393},"id":193,"lo":{"x":3488,"y":-32,"z":-3472},"selection":{"index":193,"inner":0,"x":3488,"y_max":-32,"y_min":-32,"z":-3472}},"kind":"dispatch","us":35451691732}
2026-09-23 18:16:46: ACTION[Emerge-0]: [pregen_diag] {"data":{"actions":{"2":23932,"4":193},"cursor":193,"duration_us":184747,"id":193},"kind":"complete","us":35451876479}
2026-09-23 18:16:46: ACTION[Server]: [pregen_diag] {"data":{"cursor":193,"gap_us":85364,"hi":{"x":3647,"y":47,"z":-3393},"id":194,"lo":{"x":3568,"y":-32,"z":-3472},"selection":{"index":194,"inner":0,"x":3568,"y_max":-32,"y_min":-32,"z":-3472}},"kind":"dispatch","us":35451961843}
2026-09-23 18:16:46: ACTION[Emerge-0]: [pregen_diag] {"data":{"actions":{"2":24056,"4":194},"cursor":194,"duration_us":185208,"id":194},"kind":"complete","us":35452147051}
2026-09-23 18:16:46: ACTION[Server]: [pregen_diag] {"data":{"cursor":194,"gap_us":85894,"hi":{"x":3727,"y":47,"z":-3393},"id":195,"lo":{"x":3648,"y":-32,"z":-3472},"selection":{"index":195,"inner":0,"x":3648,"y_max":-32,"y_min":-32,"z":-3472}},"kind":"dispatch","us":35452232945}
2026-09-23 18:16:46: ACTION[Emerge-0]: [pregen_diag] {"data":{"actions":{"2":24180,"4":195},"cursor":195,"duration_us":182084,"id":195},"kind":"complete","us":35452415029}
2026-09-23 18:16:46: ACTION[Server]: [pregen_diag] {"data":{"cursor":195,"gap_us":87600,"hi":{"x":3807,"y":47,"z":-3393},"id":196,"lo":{"x":3728,"y":-32,"z":-3472},"selection":{"index":196,"inner":0,"x":3728,"y_max":-32,"y_min":-32,"z":-3472}},"kind":"dispatch","us":35452502628}
2026-09-23 18:16:46: ACTION[Emerge-0]: [pregen_diag] {"data":{"actions":{"2":24304,"4":196},"cursor":196,"duration_us":178932,"id":196},"kind":"complete","us":35452681561}
2026-09-23 18:16:46: ACTION[Server]: [pregen_diag] {"data":{"cursor":196,"gap_us":91468,"hi":{"x":3887,"y":47,"z":-3393},"id":197,"lo":{"x":3808,"y":-32,"z":-3472},"selection":{"index":197,"inner":0,"x":3808,"y_max":-32,"y_min":-32,"z":-3472}},"kind":"dispatch","us":35452773028}
2026-09-23 18:16:47: ACTION[Emerge-0]: [pregen_diag] {"data":{"actions":{"2":24428,"4":197},"cursor":197,"duration_us":178163,"id":197},"kind":"complete","us":35452951192}
2026-09-23 18:16:47: ACTION[Server]: [pregen_diag] {"data":{"cursor":197,"gap_us":92240,"hi":{"x":3967,"y":47,"z":-3393},"id":198,"lo":{"x":3888,"y":-32,"z":-3472},"selection":{"index":198,"inner":0,"x":3888,"y_max":-32,"y_min":-32,"z":-3472}},"kind":"dispatch","us":35453043432}
2026-09-23 18:16:47: ACTION[Emerge-0]: [pregen_diag] {"data":{"actions":{"2":24552,"4":198},"cursor":198,"duration_us":181980,"id":198},"kind":"complete","us":35453225412}
2026-09-23 18:16:47: ACTION[Server]: [pregen_diag] {"data":{"cursor":198,"gap_us":89541,"hi":{"x":-3873,"y":47,"z":-3313},"id":199,"lo":{"x":-3952,"y":-32,"z":-3392},"selection":{"index":199,"inner":0,"x":-3952,"y_max":-32,"y_min":-32,"z":-3392}},"kind":"dispatch","us":35453314953}
2026-09-23 18:16:47: ACTION[Emerge-0]: [pregen_diag] {"data":{"actions":{"2":24676,"4":199},"cursor":199,"duration_us":178340,"id":199},"kind":"complete","us":35453493293}
2026-09-23 18:16:47: ACTION[Server]: [pregen_diag] {"data":{"cursor":199,"gap_us":92782,"hi":{"x":-3793,"y":47,"z":-3313},"id":200,"lo":{"x":-3872,"y":-32,"z":-3392},"selection":{"index":200,"inner":0,"x":-3872,"y_max":-32,"y_min":-32,"z":-3392}},"kind":"dispatch","us":35453586074}
2026-09-23 18:16:47: ACTION[Emerge-0]: [pregen_diag] {"data":{"actions":{"2":24800,"4":200},"cursor":200,"duration_us":183744,"id":200},"kind":"complete","us":35453769820}
2026-09-23 18:16:48: ACTION[Server]: [pregen_diag] {"data":{"cursor":200,"gap_us":91655,"hi":{"x":-3713,"y":47,"z":-3313},"id":201,"lo":{"x":-3792,"y":-32,"z":-3392},"selection":{"index":201,"inner":0,"x":-3792,"y_max":-32,"y_min":-32,"z":-3392}},"kind":"dispatch","us":35453861474}
2026-09-23 18:16:48: ACTION[Emerge-0]: [pregen_diag] {"data":{"actions":{"2":24924,"4":201},"cursor":201,"duration_us":191400,"id":201},"kind":"complete","us":35454052874}
2026-09-23 18:16:48: ACTION[Server]: [pregen_diag] {"data":{"cursor":201,"gap_us":85440,"hi":{"x":-3633,"y":47,"z":-3313},"id":202,"lo":{"x":-3712,"y":-32,"z":-3392},"selection":{"index":202,"inner":0,"x":-3712,"y_max":-32,"y_min":-32,"z":-3392}},"kind":"dispatch","us":35454138314}
2026-09-23 18:16:48: ACTION[Emerge-0]: [pregen_diag] {"data":{"actions":{"2":25048,"4":202},"cursor":202,"duration_us":200569,"id":202},"kind":"complete","us":35454338884}
2026-09-23 18:16:48: ACTION[Server]: [pregen_diag] {"data":{"cursor":202,"gap_us":69768,"hi":{"x":-3553,"y":47,"z":-3313},"id":203,"lo":{"x":-3632,"y":-32,"z":-3392},"selection":{"index":203,"inner":0,"x":-3632,"y_max":-32,"y_min":-32,"z":-3392}},"kind":"dispatch","us":35454408651}
2026-09-23 18:16:48: ACTION[Emerge-0]: [pregen_diag] {"data":{"actions":{"2":25172,"4":203},"cursor":203,"duration_us":200606,"id":203},"kind":"complete","us":35454609257}
2026-09-23 18:16:48: ACTION[Server]: [pregen_diag] {"data":{"cursor":203,"gap_us":70404,"hi":{"x":-3473,"y":47,"z":-3313},"id":204,"lo":{"x":-3552,"y":-32,"z":-3392},"selection":{"index":204,"inner":0,"x":-3552,"y_max":-32,"y_min":-32,"z":-3392}},"kind":"dispatch","us":35454679661}
2026-09-23 18:16:49: ACTION[Emerge-0]: [pregen_diag] {"data":{"actions":{"2":25296,"4":204},"cursor":204,"duration_us":196744,"id":204},"kind":"complete","us":35454876405}
2026-09-23 18:16:49: ACTION[Server]: [pregen_diag] {"data":{"cursor":204,"gap_us":74153,"hi":{"x":-3393,"y":47,"z":-3313},"id":205,"lo":{"x":-3472,"y":-32,"z":-3392},"selection":{"index":205,"inner":0,"x":-3472,"y_max":-32,"y_min":-32,"z":-3392}},"kind":"dispatch","us":35454950558}
2026-09-23 18:16:49: ACTION[Emerge-0]: [pregen_diag] {"data":{"actions":{"2":25420,"4":205},"cursor":205,"duration_us":197915,"id":205},"kind":"complete","us":35455148473}
2026-09-23 18:16:49: ACTION[Server]: [pregen_diag] {"data":{"cursor":205,"gap_us":72603,"hi":{"x":-3313,"y":47,"z":-3313},"id":206,"lo":{"x":-3392,"y":-32,"z":-3392},"selection":{"index":206,"inner":0,"x":-3392,"y_max":-32,"y_min":-32,"z":-3392}},"kind":"dispatch","us":35455221076}
2026-09-23 18:16:49: ACTION[Emerge-0]: [pregen_diag] {"data":{"actions":{"2":25544,"4":206},"cursor":206,"duration_us":203796,"id":206},"kind":"complete","us":35455424872}
2026-09-23 18:16:49: ACTION[Server]: [pregen_diag] {"data":{"cursor":206,"gap_us":67222,"hi":{"x":-3233,"y":47,"z":-3313},"id":207,"lo":{"x":-3312,"y":-32,"z":-3392},"selection":{"index":207,"inner":0,"x":-3312,"y_max":-32,"y_min":-32,"z":-3392}},"kind":"dispatch","us":35455492093}
2026-09-23 18:16:49: ACTION[Emerge-0]: [pregen_diag] {"data":{"actions":{"2":25668,"4":207},"cursor":207,"duration_us":199303,"id":207},"kind":"complete","us":35455691397}
2026-09-23 18:16:49: ACTION[Server]: [pregen_diag] {"data":{"cursor":207,"gap_us":71335,"hi":{"x":-3153,"y":47,"z":-3313},"id":208,"lo":{"x":-3232,"y":-32,"z":-3392},"selection":{"index":208,"inner":0,"x":-3232,"y_max":-32,"y_min":-32,"z":-3392}},"kind":"dispatch","us":35455762732}
2026-09-23 18:16:50: ACTION[Emerge-0]: [pregen_diag] {"data":{"actions":{"2":25792,"4":208},"cursor":208,"duration_us":199247,"id":208},"kind":"complete","us":35455961979}
2026-09-23 18:16:50: ACTION[Server]: [pregen_diag] {"data":{"cursor":208,"gap_us":72160,"hi":{"x":-3073,"y":47,"z":-3313},"id":209,"lo":{"x":-3152,"y":-32,"z":-3392},"selection":{"index":209,"inner":0,"x":-3152,"y_max":-32,"y_min":-32,"z":-3392}},"kind":"dispatch","us":35456034139}
2026-09-23 18:16:50: ACTION[Emerge-0]: [pregen_diag] {"data":{"actions":{"2":25916,"4":209},"cursor":209,"duration_us":196649,"id":209},"kind":"complete","us":35456230788}
2026-09-23 18:16:50: ACTION[Server]: [pregen_diag] {"data":{"cursor":209,"gap_us":74214,"hi":{"x":-2993,"y":47,"z":-3313},"id":210,"lo":{"x":-3072,"y":-32,"z":-3392},"selection":{"index":210,"inner":0,"x":-3072,"y_max":-32,"y_min":-32,"z":-3392}},"kind":"dispatch","us":35456305002}
2026-09-23 18:16:50: ACTION[Emerge-0]: [pregen_diag] {"data":{"actions":{"2":26040,"4":210},"cursor":210,"duration_us":198057,"id":210},"kind":"complete","us":35456503059}
2026-09-23 18:16:50: ACTION[Server]: [pregen_diag] {"data":{"cursor":210,"gap_us":74180,"hi":{"x":-2913,"y":47,"z":-3313},"id":211,"lo":{"x":-2992,"y":-32,"z":-3392},"selection":{"index":211,"inner":0,"x":-2992,"y_max":-32,"y_min":-32,"z":-3392}},"kind":"dispatch","us":35456577239}
2026-09-23 18:16:50: ACTION[Server]: [pregen_diag] {"data":{"actions":{"2":26040,"4":210},"callbacks":26250,"cursor":210,"dispatches":211,"failed":false,"pending":true,"persist_us":2720,"persists":37,"scan_max_us":16765,"scan_steps":19,"scan_us":216223,"selection":{"index":211,"inner":0,"x":-2992,"y_max":-32,"y_min":-32,"z":-3392},"step_hist":{"89":1,"90":54,"92":1},"step_max_us":92059,"step_us":5056415,"steps":56},"kind":"sample","us":35456740857}
2026-09-23 18:16:50: ACTION[Emerge-0]: [pregen_diag] {"data":{"actions":{"2":26164,"4":211},"cursor":211,"duration_us":196825,"id":211},"kind":"complete","us":35456774064}
2026-09-23 18:16:51: ACTION[Server]: [pregen_diag] {"data":{"cursor":211,"gap_us":73334,"hi":{"x":-2833,"y":47,"z":-3313},"id":212,"lo":{"x":-2912,"y":-32,"z":-3392},"selection":{"index":212,"inner":0,"x":-2912,"y_max":-32,"y_min":-32,"z":-3392}},"kind":"dispatch","us":35456847398}
2026-09-23 18:16:51: ACTION[Emerge-0]: [pregen_diag] {"data":{"actions":{"2":26288,"4":212},"cursor":212,"duration_us":194068,"id":212},"kind":"complete","us":35457041466}
2026-09-23 18:16:51: ACTION[Server]: [pregen_diag] {"data":{"cursor":212,"gap_us":75214,"hi":{"x":-2753,"y":47,"z":-3313},"id":213,"lo":{"x":-2832,"y":-32,"z":-3392},"selection":{"index":213,"inner":0,"x":-2832,"y_max":-32,"y_min":-32,"z":-3392}},"kind":"dispatch","us":35457116679}
2026-09-23 18:16:51: ACTION[Emerge-0]: [pregen_diag] {"data":{"actions":{"2":26412,"4":213},"cursor":213,"duration_us":193281,"id":213},"kind":"complete","us":35457309961}
2026-09-23 18:16:51: ACTION[Server]: [pregen_diag] {"data":{"cursor":213,"gap_us":76945,"hi":{"x":-2673,"y":47,"z":-3313},"id":214,"lo":{"x":-2752,"y":-32,"z":-3392},"selection":{"index":214,"inner":0,"x":-2752,"y_max":-32,"y_min":-32,"z":-3392}},"kind":"dispatch","us":35457386906}
2026-09-23 18:16:51: ACTION[Emerge-0]: [pregen_diag] {"data":{"actions":{"2":26536,"4":214},"cursor":214,"duration_us":192637,"id":214},"kind":"complete","us":35457579543}
2026-09-23 18:16:51: ACTION[Server]: [pregen_diag] {"data":{"cursor":214,"gap_us":79864,"hi":{"x":-2593,"y":47,"z":-3313},"id":215,"lo":{"x":-2672,"y":-32,"z":-3392},"selection":{"index":215,"inner":0,"x":-2672,"y_max":-32,"y_min":-32,"z":-3392}},"kind":"dispatch","us":35457659406}
2026-09-23 18:16:52: ACTION[Emerge-0]: [pregen_diag] {"data":{"actions":{"2":26660,"4":215},"cursor":215,"duration_us":195103,"id":215},"kind":"complete","us":35457854510}
2026-09-23 18:16:52: ACTION[Server]: [pregen_diag] {"data":{"cursor":215,"gap_us":75085,"hi":{"x":-2513,"y":47,"z":-3313},"id":216,"lo":{"x":-2592,"y":-32,"z":-3392},"selection":{"index":216,"inner":0,"x":-2592,"y_max":-32,"y_min":-32,"z":-3392}},"kind":"dispatch","us":35457929595}
2026-09-23 18:16:52: ACTION[Emerge-0]: [pregen_diag] {"data":{"actions":{"2":26784,"4":216},"cursor":216,"duration_us":195481,"id":216},"kind":"complete","us":35458125076}
2026-09-23 18:16:52: ACTION[Server]: [pregen_diag] {"data":{"cursor":216,"gap_us":75318,"hi":{"x":-2433,"y":47,"z":-3313},"id":217,"lo":{"x":-2512,"y":-32,"z":-3392},"selection":{"index":217,"inner":0,"x":-2512,"y_max":-32,"y_min":-32,"z":-3392}},"kind":"dispatch","us":35458200394}
2026-09-23 18:16:52: ACTION[Emerge-0]: [pregen_diag] {"data":{"actions":{"2":26908,"4":217},"cursor":217,"duration_us":198310,"id":217},"kind":"complete","us":35458398705}
2026-09-23 18:16:52: ACTION[Server]: [pregen_diag] {"data":{"cursor":217,"gap_us":72387,"hi":{"x":-2353,"y":47,"z":-3313},"id":218,"lo":{"x":-2432,"y":-32,"z":-3392},"selection":{"index":218,"inner":0,"x":-2432,"y_max":-32,"y_min":-32,"z":-3392}},"kind":"dispatch","us":35458471091}
2026-09-23 18:16:52: ACTION[Emerge-0]: [pregen_diag] {"data":{"actions":{"2":27032,"4":218},"cursor":218,"duration_us":198017,"id":218},"kind":"complete","us":35458669109}
2026-09-23 18:16:52: ACTION[Server]: [pregen_diag] {"data":{"cursor":218,"gap_us":73406,"hi":{"x":-2273,"y":47,"z":-3313},"id":219,"lo":{"x":-2352,"y":-32,"z":-3392},"selection":{"index":219,"inner":0,"x":-2352,"y_max":-32,"y_min":-32,"z":-3392}},"kind":"dispatch","us":35458742514}
2026-09-23 18:16:53: ACTION[Emerge-0]: [pregen_diag] {"data":{"actions":{"2":27156,"4":219},"cursor":219,"duration_us":196930,"id":219},"kind":"complete","us":35458939445}
2026-09-23 18:16:53: ACTION[Server]: [pregen_diag] {"data":{"cursor":219,"gap_us":74885,"hi":{"x":-2193,"y":47,"z":-3313},"id":220,"lo":{"x":-2272,"y":-32,"z":-3392},"selection":{"index":220,"inner":0,"x":-2272,"y_max":-32,"y_min":-32,"z":-3392}},"kind":"dispatch","us":35459014329}
2026-09-23 18:16:53: ACTION[Emerge-0]: [pregen_diag] {"data":{"actions":{"2":27280,"4":220},"cursor":220,"duration_us":212547,"id":220},"kind":"complete","us":35459226876}
2026-09-23 18:16:53: ACTION[Server]: [pregen_diag] {"data":{"cursor":220,"gap_us":56810,"hi":{"x":-2113,"y":47,"z":-3313},"id":221,"lo":{"x":-2192,"y":-32,"z":-3392},"selection":{"index":221,"inner":0,"x":-2192,"y_max":-32,"y_min":-32,"z":-3392}},"kind":"dispatch","us":35459283686}
2026-09-23 18:16:53: ACTION[Emerge-0]: [pregen_diag] {"data":{"actions":{"2":27404,"4":221},"cursor":221,"duration_us":194862,"id":221},"kind":"complete","us":35459478548}
2026-09-23 18:16:53: ACTION[Server]: [pregen_diag] {"data":{"cursor":221,"gap_us":75701,"hi":{"x":-2033,"y":47,"z":-3313},"id":222,"lo":{"x":-2112,"y":-32,"z":-3392},"selection":{"index":222,"inner":0,"x":-2112,"y_max":-32,"y_min":-32,"z":-3392}},"kind":"dispatch","us":35459554249}
2026-09-23 18:16:53: ACTION[Emerge-0]: [pregen_diag] {"data":{"actions":{"2":27528,"4":222},"cursor":222,"duration_us":199109,"id":222},"kind":"complete","us":35459753358}
2026-09-23 18:16:53: ACTION[Server]: [pregen_diag] {"data":{"cursor":222,"gap_us":71354,"hi":{"x":-1953,"y":47,"z":-3313},"id":223,"lo":{"x":-2032,"y":-32,"z":-3392},"selection":{"index":223,"inner":0,"x":-2032,"y_max":-32,"y_min":-32,"z":-3392}},"kind":"dispatch","us":35459824712}
2026-09-23 18:16:54: ACTION[Emerge-0]: [pregen_diag] {"data":{"actions":{"2":27652,"4":223},"cursor":223,"duration_us":195448,"id":223},"kind":"complete","us":35460020160}
2026-09-23 18:16:54: ACTION[Server]: [pregen_diag] {"data":{"cursor":223,"gap_us":75859,"hi":{"x":-1873,"y":47,"z":-3313},"id":224,"lo":{"x":-1952,"y":-32,"z":-3392},"selection":{"index":224,"inner":0,"x":-1952,"y_max":-32,"y_min":-32,"z":-3392}},"kind":"dispatch","us":35460096019}
2026-09-23 18:16:54: ACTION[Emerge-0]: [pregen_diag] {"data":{"actions":{"2":27776,"4":224},"cursor":224,"duration_us":200340,"id":224},"kind":"complete","us":35460296359}
2026-09-23 18:16:54: ACTION[Server]: [pregen_diag] {"data":{"cursor":224,"gap_us":69447,"hi":{"x":-1793,"y":47,"z":-3313},"id":225,"lo":{"x":-1872,"y":-32,"z":-3392},"selection":{"index":225,"inner":0,"x":-1872,"y_max":-32,"y_min":-32,"z":-3392}},"kind":"dispatch","us":35460365805}
2026-09-23 18:16:54: ACTION[Emerge-0]: [pregen_diag] {"data":{"actions":{"2":27900,"4":225},"cursor":225,"duration_us":224279,"id":225},"kind":"complete","us":35460590085}
2026-09-23 18:16:54: ACTION[Server]: [pregen_diag] {"data":{"cursor":225,"gap_us":48625,"hi":{"x":-1713,"y":47,"z":-3313},"id":226,"lo":{"x":-1792,"y":-32,"z":-3392},"selection":{"index":226,"inner":0,"x":-1792,"y_max":-32,"y_min":-32,"z":-3392}},"kind":"dispatch","us":35460638710}
2026-09-23 18:16:55: ACTION[Emerge-0]: [pregen_diag] {"data":{"actions":{"2":28024,"4":226},"cursor":226,"duration_us":220047,"id":226},"kind":"complete","us":35460858757}
2026-09-23 18:16:55: ACTION[Server]: [pregen_diag] {"data":{"cursor":226,"gap_us":49068,"hi":{"x":-1633,"y":47,"z":-3313},"id":227,"lo":{"x":-1712,"y":-32,"z":-3392},"selection":{"index":227,"inner":0,"x":-1712,"y_max":-32,"y_min":-32,"z":-3392}},"kind":"dispatch","us":35460907824}
2026-09-23 18:16:55: ACTION[Emerge-0]: [pregen_diag] {"data":{"actions":{"2":28148,"4":227},"cursor":227,"duration_us":209986,"id":227},"kind":"complete","us":35461117811}
2026-09-23 18:16:55: ACTION[Server]: [pregen_diag] {"data":{"cursor":227,"gap_us":60907,"hi":{"x":-1553,"y":47,"z":-3313},"id":228,"lo":{"x":-1632,"y":-32,"z":-3392},"selection":{"index":228,"inner":0,"x":-1632,"y_max":-32,"y_min":-32,"z":-3392}},"kind":"dispatch","us":35461178717}
2026-09-23 18:16:55: ACTION[Emerge-0]: [pregen_diag] {"data":{"actions":{"2":28272,"4":228},"cursor":228,"duration_us":207526,"id":228},"kind":"complete","us":35461386244}
2026-09-23 18:16:55: ACTION[Server]: [pregen_diag] {"data":{"cursor":228,"gap_us":63333,"hi":{"x":-1473,"y":47,"z":-3313},"id":229,"lo":{"x":-1552,"y":-32,"z":-3392},"selection":{"index":229,"inner":0,"x":-1552,"y_max":-32,"y_min":-32,"z":-3392}},"kind":"dispatch","us":35461449577}
2026-09-23 18:16:55: ACTION[Emerge-0]: [pregen_diag] {"data":{"actions":{"2":28396,"4":229},"cursor":229,"duration_us":205247,"id":229},"kind":"complete","us":35461654824}
2026-09-23 18:16:55: ACTION[Server]: [pregen_diag] {"data":{"cursor":229,"gap_us":65385,"hi":{"x":-1393,"y":47,"z":-3313},"id":230,"lo":{"x":-1472,"y":-32,"z":-3392},"selection":{"index":230,"inner":0,"x":-1472,"y_max":-32,"y_min":-32,"z":-3392}},"kind":"dispatch","us":35461720209}
2026-09-23 18:16:55: ACTION[Server]: [pregen_diag] {"data":{"actions":{"2":28396,"4":229},"callbacks":28625,"cursor":229,"dispatches":230,"failed":false,"pending":true,"persist_us":2631,"persists":38,"scan_max_us":17346,"scan_steps":19,"scan_us":295069,"selection":{"index":230,"inner":0,"x":-1472,"y_max":-32,"y_min":-32,"z":-3392},"step_hist":{"89":1,"90":54,"92":1},"step_max_us":92073,"step_us":5055543,"steps":56},"kind":"sample","us":35461796400}
2026-09-23 18:16:56: ACTION[Emerge-0]: [pregen_diag] {"data":{"actions":{"2":28520,"4":230},"cursor":230,"duration_us":205240,"id":230},"kind":"complete","us":35461925449}
2026-09-23 18:16:56: ACTION[Server]: [pregen_diag] {"data":{"cursor":230,"gap_us":66500,"hi":{"x":-1313,"y":47,"z":-3313},"id":231,"lo":{"x":-1392,"y":-32,"z":-3392},"selection":{"index":231,"inner":0,"x":-1392,"y_max":-32,"y_min":-32,"z":-3392}},"kind":"dispatch","us":35461991949}
2026-09-23 18:16:56: ACTION[Emerge-0]: [pregen_diag] {"data":{"actions":{"2":28644,"4":231},"cursor":231,"duration_us":203196,"id":231},"kind":"complete","us":35462195145}
2026-09-23 18:16:56: ACTION[Server]: [pregen_diag] {"data":{"cursor":231,"gap_us":68052,"hi":{"x":-1233,"y":47,"z":-3313},"id":232,"lo":{"x":-1312,"y":-32,"z":-3392},"selection":{"index":232,"inner":0,"x":-1312,"y_max":-32,"y_min":-32,"z":-3392}},"kind":"dispatch","us":35462263197}
2026-09-23 18:16:56: ACTION[Emerge-0]: [pregen_diag] {"data":{"actions":{"2":28768,"4":232},"cursor":232,"duration_us":208376,"id":232},"kind":"complete","us":35462471573}
2026-09-23 18:16:56: ACTION[Server]: [pregen_diag] {"data":{"cursor":232,"gap_us":62475,"hi":{"x":-1153,"y":47,"z":-3313},"id":233,"lo":{"x":-1232,"y":-32,"z":-3392},"selection":{"index":233,"inner":0,"x":-1232,"y_max":-32,"y_min":-32,"z":-3392}},"kind":"dispatch","us":35462534048}
2026-09-23 18:16:56: ACTION[Emerge-0]: [pregen_diag] {"data":{"actions":{"2":28892,"4":233},"cursor":233,"duration_us":207401,"id":233},"kind":"complete","us":35462741449}
2026-09-23 18:16:56: ACTION[Server]: [pregen_diag] {"data":{"cursor":233,"gap_us":63572,"hi":{"x":-1073,"y":47,"z":-3313},"id":234,"lo":{"x":-1152,"y":-32,"z":-3392},"selection":{"index":234,"inner":0,"x":-1152,"y_max":-32,"y_min":-32,"z":-3392}},"kind":"dispatch","us":35462805021}
2026-09-23 18:16:57: ACTION[Emerge-0]: [pregen_diag] {"data":{"actions":{"2":29016,"4":234},"cursor":234,"duration_us":208473,"id":234},"kind":"complete","us":35463013494}
2026-09-23 18:16:57: ACTION[Server]: [pregen_diag] {"data":{"cursor":234,"gap_us":62114,"hi":{"x":-993,"y":47,"z":-3313},"id":235,"lo":{"x":-1072,"y":-32,"z":-3392},"selection":{"index":235,"inner":0,"x":-1072,"y_max":-32,"y_min":-32,"z":-3392}},"kind":"dispatch","us":35463075608}
2026-09-23 18:16:57: ACTION[Emerge-0]: [pregen_diag] {"data":{"actions":{"2":29140,"4":235},"cursor":235,"duration_us":205037,"id":235},"kind":"complete","us":35463280645}
2026-09-23 18:16:57: ACTION[Server]: [pregen_diag] {"data":{"cursor":235,"gap_us":65215,"hi":{"x":-913,"y":47,"z":-3313},"id":236,"lo":{"x":-992,"y":-32,"z":-3392},"selection":{"index":236,"inner":0,"x":-992,"y_max":-32,"y_min":-32,"z":-3392}},"kind":"dispatch","us":35463345860}
2026-09-23 18:16:57: ACTION[Emerge-0]: [pregen_diag] {"data":{"actions":{"2":29264,"4":236},"cursor":236,"duration_us":201916,"id":236},"kind":"complete","us":35463547776}
2026-09-23 18:16:57: ACTION[Server]: [pregen_diag] {"data":{"cursor":236,"gap_us":69439,"hi":{"x":-833,"y":47,"z":-3313},"id":237,"lo":{"x":-912,"y":-32,"z":-3392},"selection":{"index":237,"inner":0,"x":-912,"y_max":-32,"y_min":-32,"z":-3392}},"kind":"dispatch","us":35463617215}
2026-09-23 18:16:57: ACTION[Emerge-0]: [pregen_diag] {"data":{"actions":{"2":29388,"4":237},"cursor":237,"duration_us":202240,"id":237},"kind":"complete","us":35463819455}
2026-09-23 18:16:58: ACTION[Server]: [pregen_diag] {"data":{"cursor":237,"gap_us":69651,"hi":{"x":-753,"y":47,"z":-3313},"id":238,"lo":{"x":-832,"y":-32,"z":-3392},"selection":{"index":238,"inner":0,"x":-832,"y_max":-32,"y_min":-32,"z":-3392}},"kind":"dispatch","us":35463889105}
2026-09-23 18:16:58: ACTION[Emerge-0]: [pregen_diag] {"data":{"actions":{"2":29512,"4":238},"cursor":238,"duration_us":202138,"id":238},"kind":"complete","us":35464091244}
2026-09-23 18:16:58: ACTION[Server]: [pregen_diag] {"data":{"cursor":238,"gap_us":68748,"hi":{"x":-673,"y":47,"z":-3313},"id":239,"lo":{"x":-752,"y":-32,"z":-3392},"selection":{"index":239,"inner":0,"x":-752,"y_max":-32,"y_min":-32,"z":-3392}},"kind":"dispatch","us":35464159992}
2026-09-23 18:16:58: ACTION[Emerge-0]: [pregen_diag] {"data":{"actions":{"2":29636,"4":239},"cursor":239,"duration_us":205319,"id":239},"kind":"complete","us":35464365311}
2026-09-23 18:16:58: ACTION[Server]: [pregen_diag] {"data":{"cursor":239,"gap_us":65583,"hi":{"x":-593,"y":47,"z":-3313},"id":240,"lo":{"x":-672,"y":-32,"z":-3392},"selection":{"index":240,"inner":0,"x":-672,"y_max":-32,"y_min":-32,"z":-3392}},"kind":"dispatch","us":35464430894}
2026-09-23 18:16:58: ACTION[Emerge-0]: [pregen_diag] {"data":{"actions":{"2":29760,"4":240},"cursor":240,"duration_us":206254,"id":240},"kind":"complete","us":35464637148}
2026-09-23 18:16:58: ACTION[Server]: [pregen_diag] {"data":{"cursor":240,"gap_us":64993,"hi":{"x":-513,"y":47,"z":-3313},"id":241,"lo":{"x":-592,"y":-32,"z":-3392},"selection":{"index":241,"inner":0,"x":-592,"y_max":-32,"y_min":-32,"z":-3392}},"kind":"dispatch","us":35464702141}
2026-09-23 18:16:59: ACTION[Emerge-0]: [pregen_diag] {"data":{"actions":{"2":29884,"4":241},"cursor":241,"duration_us":208192,"id":241},"kind":"complete","us":35464910333}
2026-09-23 18:16:59: ACTION[Server]: [pregen_diag] {"data":{"cursor":241,"gap_us":63480,"hi":{"x":-433,"y":47,"z":-3313},"id":242,"lo":{"x":-512,"y":-32,"z":-3392},"selection":{"index":242,"inner":0,"x":-512,"y_max":-32,"y_min":-32,"z":-3392}},"kind":"dispatch","us":35464973813}
2026-09-23 18:16:59: ACTION[Emerge-0]: [pregen_diag] {"data":{"actions":{"2":30008,"4":242},"cursor":242,"duration_us":207683,"id":242},"kind":"complete","us":35465181496}
2026-09-23 18:16:59: ACTION[Server]: [pregen_diag] {"data":{"cursor":242,"gap_us":63106,"hi":{"x":-353,"y":47,"z":-3313},"id":243,"lo":{"x":-432,"y":-32,"z":-3392},"selection":{"index":243,"inner":0,"x":-432,"y_max":-32,"y_min":-32,"z":-3392}},"kind":"dispatch","us":35465244602}
2026-09-23 18:16:59: ACTION[Emerge-0]: [pregen_diag] {"data":{"actions":{"2":30132,"4":243},"cursor":243,"duration_us":205817,"id":243},"kind":"complete","us":35465450419}
2026-09-23 18:16:59: ACTION[Server]: [pregen_diag] {"data":{"cursor":243,"gap_us":65040,"hi":{"x":-273,"y":47,"z":-3313},"id":244,"lo":{"x":-352,"y":-32,"z":-3392},"selection":{"index":244,"inner":0,"x":-352,"y_max":-32,"y_min":-32,"z":-3392}},"kind":"dispatch","us":35465515458}
2026-09-23 18:16:59: ACTION[Emerge-0]: [pregen_diag] {"data":{"actions":{"2":30256,"4":244},"cursor":244,"duration_us":204176,"id":244},"kind":"complete","us":35465719635}
2026-09-23 18:16:59: ACTION[Server]: [pregen_diag] {"data":{"cursor":244,"gap_us":67898,"hi":{"x":-193,"y":47,"z":-3313},"id":245,"lo":{"x":-272,"y":-32,"z":-3392},"selection":{"index":245,"inner":0,"x":-272,"y_max":-32,"y_min":-32,"z":-3392}},"kind":"dispatch","us":35465787533}
2026-09-23 18:17:00: ACTION[Emerge-0]: [pregen_diag] {"data":{"actions":{"2":30380,"4":245},"cursor":245,"duration_us":206707,"id":245},"kind":"complete","us":35465994240}
2026-09-23 18:17:00: ACTION[Server]: [pregen_diag] {"data":{"cursor":245,"gap_us":66475,"hi":{"x":-113,"y":47,"z":-3313},"id":246,"lo":{"x":-192,"y":-32,"z":-3392},"selection":{"index":246,"inner":0,"x":-192,"y_max":-32,"y_min":-32,"z":-3392}},"kind":"dispatch","us":35466060715}
2026-09-23 18:17:00: ACTION[Emerge-0]: [pregen_diag] {"data":{"actions":{"2":30504,"4":246},"cursor":246,"duration_us":201487,"id":246},"kind":"complete","us":35466262203}
2026-09-23 18:17:00: ACTION[Server]: [pregen_diag] {"data":{"cursor":246,"gap_us":68986,"hi":{"x":-33,"y":47,"z":-3313},"id":247,"lo":{"x":-112,"y":-32,"z":-3392},"selection":{"index":247,"inner":0,"x":-112,"y_max":-32,"y_min":-32,"z":-3392}},"kind":"dispatch","us":35466331188}
2026-09-23 18:17:00: ACTION[Emerge-0]: [pregen_diag] {"data":{"actions":{"2":30628,"4":247},"cursor":247,"duration_us":202048,"id":247},"kind":"complete","us":35466533236}
2026-09-23 18:17:00: ACTION[Server]: [pregen_diag] {"data":{"cursor":247,"gap_us":67432,"hi":{"x":47,"y":47,"z":-3313},"id":248,"lo":{"x":-32,"y":-32,"z":-3392},"selection":{"index":248,"inner":0,"x":-32,"y_max":-32,"y_min":-32,"z":-3392}},"kind":"dispatch","us":35466600668}
2026-09-23 18:17:00: ACTION[Emerge-0]: [pregen_diag] {"data":{"actions":{"2":30752,"4":248},"cursor":248,"duration_us":191248,"id":248},"kind":"complete","us":35466791916}
2026-09-23 18:17:01: ACTION[Server]: [pregen_diag] {"data":{"actions":{"2":30752,"4":248},"callbacks":31000,"cursor":248,"dispatches":248,"failed":false,"pending":false,"persist_us":2445,"persists":37,"scan_max_us":16923,"scan_steps":18,"scan_us":266444,"step_hist":{"89":2,"90":51,"91":1,"92":2},"step_max_us":92087,"step_us":5058713,"steps":56},"kind":"sample","us":35466855110}
2026-09-23 18:17:01: ACTION[Server]: [pregen_diag] {"data":{"cursor":248,"gap_us":78847,"hi":{"x":127,"y":47,"z":-3313},"id":249,"lo":{"x":48,"y":-32,"z":-3392},"selection":{"index":249,"inner":0,"x":48,"y_max":-32,"y_min":-32,"z":-3392}},"kind":"dispatch","us":35466870763}
2026-09-23 18:17:01: ACTION[Emerge-0]: [pregen_diag] {"data":{"actions":{"2":30876,"4":249},"cursor":249,"duration_us":197369,"id":249},"kind":"complete","us":35467068132}
2026-09-23 18:17:01: ACTION[Server]: [pregen_diag] {"data":{"cursor":249,"gap_us":72816,"hi":{"x":207,"y":47,"z":-3313},"id":250,"lo":{"x":128,"y":-32,"z":-3392},"selection":{"index":250,"inner":0,"x":128,"y_max":-32,"y_min":-32,"z":-3392}},"kind":"dispatch","us":35467140948}
2026-09-23 18:17:01: ACTION[Emerge-0]: [pregen_diag] {"data":{"actions":{"2":31000,"4":250},"cursor":250,"duration_us":208191,"id":250},"kind":"complete","us":35467349139}
2026-09-23 18:17:01: ACTION[Server]: [pregen_diag] {"data":{"cursor":250,"gap_us":62672,"hi":{"x":287,"y":47,"z":-3313},"id":251,"lo":{"x":208,"y":-32,"z":-3392},"selection":{"index":251,"inner":0,"x":208,"y_max":-32,"y_min":-32,"z":-3392}},"kind":"dispatch","us":35467411811}
2026-09-23 18:17:01: ACTION[Emerge-0]: [pregen_diag] {"data":{"actions":{"2":31124,"4":251},"cursor":251,"duration_us":198572,"id":251},"kind":"complete","us":35467610383}
2026-09-23 18:17:01: ACTION[Server]: [pregen_diag] {"data":{"cursor":251,"gap_us":72380,"hi":{"x":367,"y":47,"z":-3313},"id":252,"lo":{"x":288,"y":-32,"z":-3392},"selection":{"index":252,"inner":0,"x":288,"y_max":-32,"y_min":-32,"z":-3392}},"kind":"dispatch","us":35467682763}
2026-09-23 18:17:02: ACTION[Emerge-0]: [pregen_diag] {"data":{"actions":{"2":31248,"4":252},"cursor":252,"duration_us":202455,"id":252},"kind":"complete","us":35467885218}
2026-09-23 18:17:02: ACTION[Server]: [pregen_diag] {"data":{"cursor":252,"gap_us":68543,"hi":{"x":447,"y":47,"z":-3313},"id":253,"lo":{"x":368,"y":-32,"z":-3392},"selection":{"index":253,"inner":0,"x":368,"y_max":-32,"y_min":-32,"z":-3392}},"kind":"dispatch","us":35467953761}
2026-09-23 18:17:02: ACTION[Emerge-0]: [pregen_diag] {"data":{"actions":{"2":31372,"4":253},"cursor":253,"duration_us":201355,"id":253},"kind":"complete","us":35468155116}
2026-09-23 18:17:02: ACTION[Server]: [pregen_diag] {"data":{"cursor":253,"gap_us":68888,"hi":{"x":527,"y":47,"z":-3313},"id":254,"lo":{"x":448,"y":-32,"z":-3392},"selection":{"index":254,"inner":0,"x":448,"y_max":-32,"y_min":-32,"z":-3392}},"kind":"dispatch","us":35468224003}
2026-09-23 18:17:02: ACTION[Emerge-0]: [pregen_diag] {"data":{"actions":{"2":31496,"4":254},"cursor":254,"duration_us":200903,"id":254},"kind":"complete","us":35468424908}
2026-09-23 18:17:02: ACTION[Server]: [pregen_diag] {"data":{"cursor":254,"gap_us":70047,"hi":{"x":607,"y":47,"z":-3313},"id":255,"lo":{"x":528,"y":-32,"z":-3392},"selection":{"index":255,"inner":0,"x":528,"y_max":-32,"y_min":-32,"z":-3392}},"kind":"dispatch","us":35468494954}
2026-09-23 18:17:02: ACTION[Emerge-0]: [pregen_diag] {"data":{"actions":{"2":31620,"4":255},"cursor":255,"duration_us":204273,"id":255},"kind":"complete","us":35468699227}
2026-09-23 18:17:02: ACTION[Server]: [pregen_diag] {"data":{"cursor":255,"gap_us":66621,"hi":{"x":687,"y":47,"z":-3313},"id":256,"lo":{"x":608,"y":-32,"z":-3392},"selection":{"index":256,"inner":0,"x":608,"y_max":-32,"y_min":-32,"z":-3392}},"kind":"dispatch","us":35468765848}
2026-09-23 18:17:03: ACTION[Emerge-0]: [pregen_diag] {"data":{"actions":{"2":31744,"4":256},"cursor":256,"duration_us":201867,"id":256},"kind":"complete","us":35468967715}
2026-09-23 18:17:03: ACTION[Server]: [pregen_diag] {"data":{"cursor":256,"gap_us":69405,"hi":{"x":767,"y":47,"z":-3313},"id":257,"lo":{"x":688,"y":-32,"z":-3392},"selection":{"index":257,"inner":0,"x":688,"y_max":-32,"y_min":-32,"z":-3392}},"kind":"dispatch","us":35469037120}
2026-09-23 18:17:03: ACTION[Emerge-0]: [pregen_diag] {"data":{"actions":{"2":31868,"4":257},"cursor":257,"duration_us":199499,"id":257},"kind":"complete","us":35469236619}
2026-09-23 18:17:03: ACTION[Server]: [pregen_diag] {"data":{"cursor":257,"gap_us":71234,"hi":{"x":847,"y":47,"z":-3313},"id":258,"lo":{"x":768,"y":-32,"z":-3392},"selection":{"index":258,"inner":0,"x":768,"y_max":-32,"y_min":-32,"z":-3392}},"kind":"dispatch","us":35469307853}
2026-09-23 18:17:03: ACTION[Emerge-0]: [pregen_diag] {"data":{"actions":{"2":31992,"4":258},"cursor":258,"duration_us":200898,"id":258},"kind":"complete","us":35469508751}
2026-09-23 18:17:03: ACTION[Server]: [pregen_diag] {"data":{"cursor":258,"gap_us":69449,"hi":{"x":927,"y":47,"z":-3313},"id":259,"lo":{"x":848,"y":-32,"z":-3392},"selection":{"index":259,"inner":0,"x":848,"y_max":-32,"y_min":-32,"z":-3392}},"kind":"dispatch","us":35469578200}
2026-09-23 18:17:03: ACTION[Emerge-0]: [pregen_diag] {"data":{"actions":{"2":32116,"4":259},"cursor":259,"duration_us":201770,"id":259},"kind":"complete","us":35469779970}
2026-09-23 18:17:04: ACTION[Server]: [pregen_diag] {"data":{"cursor":259,"gap_us":69571,"hi":{"x":1007,"y":47,"z":-3313},"id":260,"lo":{"x":928,"y":-32,"z":-3392},"selection":{"index":260,"inner":0,"x":928,"y_max":-32,"y_min":-32,"z":-3392}},"kind":"dispatch","us":35469849541}
2026-09-23 18:17:04: ACTION[Emerge-0]: [pregen_diag] {"data":{"actions":{"2":32240,"4":260},"cursor":260,"duration_us":203273,"id":260},"kind":"complete","us":35470052815}
2026-09-23 18:17:04: ACTION[Server]: [pregen_diag] {"data":{"cursor":260,"gap_us":65781,"hi":{"x":1087,"y":47,"z":-3313},"id":261,"lo":{"x":1008,"y":-32,"z":-3392},"selection":{"index":261,"inner":0,"x":1008,"y_max":-32,"y_min":-32,"z":-3392}},"kind":"dispatch","us":35470118594}
2026-09-23 18:17:04: ACTION[Emerge-0]: [pregen_diag] {"data":{"actions":{"2":32364,"4":261},"cursor":261,"duration_us":203361,"id":261},"kind":"complete","us":35470321957}
2026-09-23 18:17:04: ACTION[Server]: [pregen_diag] {"data":{"cursor":261,"gap_us":68609,"hi":{"x":1167,"y":47,"z":-3313},"id":262,"lo":{"x":1088,"y":-32,"z":-3392},"selection":{"index":262,"inner":0,"x":1088,"y_max":-32,"y_min":-32,"z":-3392}},"kind":"dispatch","us":35470390564}
2026-09-23 18:17:04: ACTION[Emerge-0]: [pregen_diag] {"data":{"actions":{"2":32488,"4":262},"cursor":262,"duration_us":206079,"id":262},"kind":"complete","us":35470596645}
2026-09-23 18:17:04: ACTION[Server]: [pregen_diag] {"data":{"cursor":262,"gap_us":65161,"hi":{"x":1247,"y":47,"z":-3313},"id":263,"lo":{"x":1168,"y":-32,"z":-3392},"selection":{"index":263,"inner":0,"x":1168,"y_max":-32,"y_min":-32,"z":-3392}},"kind":"dispatch","us":35470661805}
2026-09-23 18:17:05: ACTION[Emerge-0]: [pregen_diag] {"data":{"actions":{"2":32612,"4":263},"cursor":263,"duration_us":220467,"id":263},"kind":"complete","us":35470882272}
2026-09-23 18:17:05: ACTION[Server]: [pregen_diag] {"data":{"cursor":263,"gap_us":49907,"hi":{"x":1327,"y":47,"z":-3313},"id":264,"lo":{"x":1248,"y":-32,"z":-3392},"selection":{"index":264,"inner":0,"x":1248,"y_max":-32,"y_min":-32,"z":-3392}},"kind":"dispatch","us":35470932179}
2026-09-23 18:17:05: ACTION[Emerge-0]: [pregen_diag] {"data":{"actions":{"2":32736,"4":264},"cursor":264,"duration_us":203665,"id":264},"kind":"complete","us":35471135845}
2026-09-23 18:17:05: ACTION[Server]: [pregen_diag] {"data":{"cursor":264,"gap_us":67869,"hi":{"x":1407,"y":47,"z":-3313},"id":265,"lo":{"x":1328,"y":-32,"z":-3392},"selection":{"index":265,"inner":0,"x":1328,"y_max":-32,"y_min":-32,"z":-3392}},"kind":"dispatch","us":35471203712}
2026-09-23 18:17:05: ACTION[Emerge-0]: [pregen_diag] {"data":{"actions":{"2":32860,"4":265},"cursor":265,"duration_us":250958,"id":265},"kind":"complete","us":35471454671}
2026-09-23 18:17:05: ACTION[Server]: [pregen_diag] {"data":{"cursor":265,"gap_us":20767,"hi":{"x":1487,"y":47,"z":-3313},"id":266,"lo":{"x":1408,"y":-32,"z":-3392},"selection":{"index":266,"inner":0,"x":1408,"y_max":-32,"y_min":-32,"z":-3392}},"kind":"dispatch","us":35471475438}
2026-09-23 18:17:05: ACTION[Emerge-0]: [pregen_diag] {"data":{"actions":{"2":32984,"4":266},"cursor":266,"duration_us":205586,"id":266},"kind":"complete","us":35471681024}
2026-09-23 18:17:05: ACTION[Server]: [pregen_diag] {"data":{"cursor":266,"gap_us":65181,"hi":{"x":1567,"y":47,"z":-3313},"id":267,"lo":{"x":1488,"y":-32,"z":-3392},"selection":{"index":267,"inner":0,"x":1488,"y_max":-32,"y_min":-32,"z":-3392}},"kind":"dispatch","us":35471746204}
2026-09-23 18:17:06: ACTION[Server]: [pregen_diag] {"data":{"actions":{"2":32984,"4":266},"callbacks":33250,"cursor":266,"dispatches":267,"failed":false,"pending":true,"persist_us":2520,"persists":37,"scan_max_us":16186,"scan_steps":19,"scan_us":282387,"selection":{"index":267,"inner":0,"x":1488,"y_max":-32,"y_min":-32,"z":-3392},"step_hist":{"89":1,"90":54,"92":1},"step_max_us":92076,"step_us":5055435,"steps":56},"kind":"sample","us":35471910548}
2026-09-23 18:17:06: ACTION[Emerge-0]: [pregen_diag] {"data":{"actions":{"2":33108,"4":267},"cursor":267,"duration_us":209408,"id":267},"kind":"complete","us":35471955613}
2026-09-23 18:17:06: ACTION[Server]: [pregen_diag] {"data":{"cursor":267,"gap_us":62649,"hi":{"x":1647,"y":47,"z":-3313},"id":268,"lo":{"x":1568,"y":-32,"z":-3392},"selection":{"index":268,"inner":0,"x":1568,"y_max":-32,"y_min":-32,"z":-3392}},"kind":"dispatch","us":35472018262}
2026-09-23 18:17:06: ACTION[Emerge-0]: [pregen_diag] {"data":{"actions":{"2":33232,"4":268},"cursor":268,"duration_us":206210,"id":268},"kind":"complete","us":35472224472}
2026-09-23 18:17:06: ACTION[Server]: [pregen_diag] {"data":{"cursor":268,"gap_us":62946,"hi":{"x":1727,"y":47,"z":-3313},"id":269,"lo":{"x":1648,"y":-32,"z":-3392},"selection":{"index":269,"inner":0,"x":1648,"y_max":-32,"y_min":-32,"z":-3392}},"kind":"dispatch","us":35472287418}
2026-09-23 18:17:06: ACTION[Emerge-0]: [pregen_diag] {"data":{"actions":{"2":33356,"4":269},"cursor":269,"duration_us":202017,"id":269},"kind":"complete","us":35472489435}
2026-09-23 18:17:06: ACTION[Server]: [pregen_diag] {"data":{"cursor":269,"gap_us":69743,"hi":{"x":1807,"y":47,"z":-3313},"id":270,"lo":{"x":1728,"y":-32,"z":-3392},"selection":{"index":270,"inner":0,"x":1728,"y_max":-32,"y_min":-32,"z":-3392}},"kind":"dispatch","us":35472559177}
2026-09-23 18:17:06: ACTION[Emerge-0]: [pregen_diag] {"data":{"actions":{"2":33480,"4":270},"cursor":270,"duration_us":208064,"id":270},"kind":"complete","us":35472767242}
2026-09-23 18:17:06: ACTION[Server]: [pregen_diag] {"data":{"cursor":270,"gap_us":61565,"hi":{"x":1887,"y":47,"z":-3313},"id":271,"lo":{"x":1808,"y":-32,"z":-3392},"selection":{"index":271,"inner":0,"x":1808,"y_max":-32,"y_min":-32,"z":-3392}},"kind":"dispatch","us":35472828808}
2026-09-23 18:17:07: ACTION[Emerge-0]: [pregen_diag] {"data":{"actions":{"2":33604,"4":271},"cursor":271,"duration_us":196917,"id":271},"kind":"complete","us":35473025725}
2026-09-23 18:17:07: ACTION[Server]: [pregen_diag] {"data":{"cursor":271,"gap_us":74222,"hi":{"x":1967,"y":47,"z":-3313},"id":272,"lo":{"x":1888,"y":-32,"z":-3392},"selection":{"index":272,"inner":0,"x":1888,"y_max":-32,"y_min":-32,"z":-3392}},"kind":"dispatch","us":35473099945}
2026-09-23 18:17:07: ACTION[Emerge-0]: [pregen_diag] {"data":{"actions":{"2":33728,"4":272},"cursor":272,"duration_us":196684,"id":272},"kind":"complete","us":35473296630}
2026-09-23 18:17:07: ACTION[Server]: [pregen_diag] {"data":{"cursor":272,"gap_us":75090,"hi":{"x":2047,"y":47,"z":-3313},"id":273,"lo":{"x":1968,"y":-32,"z":-3392},"selection":{"index":273,"inner":0,"x":1968,"y_max":-32,"y_min":-32,"z":-3392}},"kind":"dispatch","us":35473371720}
2026-09-23 18:17:07: ACTION[Emerge-0]: [pregen_diag] {"data":{"actions":{"2":33852,"4":273},"cursor":273,"duration_us":189321,"id":273},"kind":"complete","us":35473561041}
2026-09-23 18:17:07: ACTION[Server]: [pregen_diag] {"data":{"cursor":273,"gap_us":83363,"hi":{"x":2127,"y":47,"z":-3313},"id":274,"lo":{"x":2048,"y":-32,"z":-3392},"selection":{"index":274,"inner":0,"x":2048,"y_max":-32,"y_min":-32,"z":-3392}},"kind":"dispatch","us":35473644404}
2026-09-23 18:17:08: ACTION[Emerge-0]: [pregen_diag] {"data":{"actions":{"2":33976,"4":274},"cursor":274,"duration_us":202284,"id":274},"kind":"complete","us":35473846689}
2026-09-23 18:17:08: ACTION[Server]: [pregen_diag] {"data":{"cursor":274,"gap_us":67471,"hi":{"x":2207,"y":47,"z":-3313},"id":275,"lo":{"x":2128,"y":-32,"z":-3392},"selection":{"index":275,"inner":0,"x":2128,"y_max":-32,"y_min":-32,"z":-3392}},"kind":"dispatch","us":35473914159}
2026-09-23 18:17:08: ACTION[Emerge-0]: [pregen_diag] {"data":{"actions":{"2":34100,"4":275},"cursor":275,"duration_us":189963,"id":275},"kind":"complete","us":35474104123}
2026-09-23 18:17:08: ACTION[Server]: [pregen_diag] {"data":{"cursor":275,"gap_us":80106,"hi":{"x":2287,"y":47,"z":-3313},"id":276,"lo":{"x":2208,"y":-32,"z":-3392},"selection":{"index":276,"inner":0,"x":2208,"y_max":-32,"y_min":-32,"z":-3392}},"kind":"dispatch","us":35474184228}
2026-09-23 18:17:08: ACTION[Emerge-0]: [pregen_diag] {"data":{"actions":{"2":34224,"4":276},"cursor":276,"duration_us":194591,"id":276},"kind":"complete","us":35474378819}
2026-09-23 18:17:08: ACTION[Server]: [pregen_diag] {"data":{"cursor":276,"gap_us":77482,"hi":{"x":2367,"y":47,"z":-3313},"id":277,"lo":{"x":2288,"y":-32,"z":-3392},"selection":{"index":277,"inner":0,"x":2288,"y_max":-32,"y_min":-32,"z":-3392}},"kind":"dispatch","us":35474456301}
2026-09-23 18:17:08: ACTION[Emerge-0]: [pregen_diag] {"data":{"actions":{"2":34348,"4":277},"cursor":277,"duration_us":198565,"id":277},"kind":"complete","us":35474654866}
2026-09-23 18:17:08: ACTION[Server]: [pregen_diag] {"data":{"cursor":277,"gap_us":71976,"hi":{"x":2447,"y":47,"z":-3313},"id":278,"lo":{"x":2368,"y":-32,"z":-3392},"selection":{"index":278,"inner":0,"x":2368,"y_max":-32,"y_min":-32,"z":-3392}},"kind":"dispatch","us":35474726842}
2026-09-23 18:17:09: ACTION[Emerge-0]: [pregen_diag] {"data":{"actions":{"2":34472,"4":278},"cursor":278,"duration_us":203596,"id":278},"kind":"complete","us":35474930438}
2026-09-23 18:17:09: ACTION[Server]: [pregen_diag] {"data":{"cursor":278,"gap_us":66769,"hi":{"x":2527,"y":47,"z":-3313},"id":279,"lo":{"x":2448,"y":-32,"z":-3392},"selection":{"index":279,"inner":0,"x":2448,"y_max":-32,"y_min":-32,"z":-3392}},"kind":"dispatch","us":35474997207}
2026-09-23 18:17:09: ACTION[Emerge-0]: [pregen_diag] {"data":{"actions":{"2":34596,"4":279},"cursor":279,"duration_us":200058,"id":279},"kind":"complete","us":35475197265}
2026-09-23 18:17:09: ACTION[Server]: [pregen_diag] {"data":{"cursor":279,"gap_us":69267,"hi":{"x":2607,"y":47,"z":-3313},"id":280,"lo":{"x":2528,"y":-32,"z":-3392},"selection":{"index":280,"inner":0,"x":2528,"y_max":-32,"y_min":-32,"z":-3392}},"kind":"dispatch","us":35475266532}
2026-09-23 18:17:09: ACTION[Emerge-0]: [pregen_diag] {"data":{"actions":{"2":34720,"4":280},"cursor":280,"duration_us":198879,"id":280},"kind":"complete","us":35475465411}
2026-09-23 18:17:09: ACTION[Server]: [pregen_diag] {"data":{"cursor":280,"gap_us":73821,"hi":{"x":2687,"y":47,"z":-3313},"id":281,"lo":{"x":2608,"y":-32,"z":-3392},"selection":{"index":281,"inner":0,"x":2608,"y_max":-32,"y_min":-32,"z":-3392}},"kind":"dispatch","us":35475539232}
2026-09-23 18:17:09: ACTION[Emerge-0]: [pregen_diag] {"data":{"actions":{"2":34844,"4":281},"cursor":281,"duration_us":196330,"id":281},"kind":"complete","us":35475735562}
2026-09-23 18:17:09: ACTION[Server]: [pregen_diag] {"data":{"cursor":281,"gap_us":73841,"hi":{"x":2767,"y":47,"z":-3313},"id":282,"lo":{"x":2688,"y":-32,"z":-3392},"selection":{"index":282,"inner":0,"x":2688,"y_max":-32,"y_min":-32,"z":-3392}},"kind":"dispatch","us":35475809402}
2026-09-23 18:17:10: ACTION[Emerge-0]: [pregen_diag] {"data":{"actions":{"2":34968,"4":282},"cursor":282,"duration_us":197810,"id":282},"kind":"complete","us":35476007213}
2026-09-23 18:17:10: ACTION[Server]: [pregen_diag] {"data":{"cursor":282,"gap_us":74212,"hi":{"x":2847,"y":47,"z":-3313},"id":283,"lo":{"x":2768,"y":-32,"z":-3392},"selection":{"index":283,"inner":0,"x":2768,"y_max":-32,"y_min":-32,"z":-3392}},"kind":"dispatch","us":35476081425}
2026-09-23 18:17:10: ACTION[Emerge-0]: [pregen_diag] {"data":{"actions":{"2":35092,"4":283},"cursor":283,"duration_us":196491,"id":283},"kind":"complete","us":35476277916}
2026-09-23 18:17:10: ACTION[Server]: [pregen_diag] {"data":{"cursor":283,"gap_us":74720,"hi":{"x":2927,"y":47,"z":-3313},"id":284,"lo":{"x":2848,"y":-32,"z":-3392},"selection":{"index":284,"inner":0,"x":2848,"y_max":-32,"y_min":-32,"z":-3392}},"kind":"dispatch","us":35476352636}
2026-09-23 18:17:10: ACTION[Emerge-0]: [pregen_diag] {"data":{"actions":{"2":35216,"4":284},"cursor":284,"duration_us":227811,"id":284},"kind":"complete","us":35476580447}
2026-09-23 18:17:10: ACTION[Server]: [pregen_diag] {"data":{"cursor":284,"gap_us":42881,"hi":{"x":3007,"y":47,"z":-3313},"id":285,"lo":{"x":2928,"y":-32,"z":-3392},"selection":{"index":285,"inner":0,"x":2928,"y_max":-32,"y_min":-32,"z":-3392}},"kind":"dispatch","us":35476623328}
2026-09-23 18:17:10: ACTION[Emerge-0]: [pregen_diag] {"data":{"actions":{"2":35340,"4":285},"cursor":285,"duration_us":200629,"id":285},"kind":"complete","us":35476823957}
2026-09-23 18:17:11: ACTION[Server]: [pregen_diag] {"data":{"cursor":285,"gap_us":70120,"hi":{"x":3087,"y":47,"z":-3313},"id":286,"lo":{"x":3008,"y":-32,"z":-3392},"selection":{"index":286,"inner":0,"x":3008,"y_max":-32,"y_min":-32,"z":-3392}},"kind":"dispatch","us":35476894077}
2026-09-23 18:17:11: ACTION[Server]: [pregen_diag] {"data":{"actions":{"2":35340,"4":285},"callbacks":35625,"cursor":285,"dispatches":286,"failed":false,"pending":true,"persist_us":2791,"persists":38,"scan_max_us":18180,"scan_steps":19,"scan_us":317639,"selection":{"index":286,"inner":0,"x":3008,"y_max":-32,"y_min":-32,"z":-3392},"step_hist":{"89":1,"90":54,"92":1},"step_max_us":92090,"step_us":5056783,"steps":56},"kind":"sample","us":35476967331}
2026-09-23 18:17:11: ACTION[Emerge-0]: [pregen_diag] {"data":{"actions":{"2":35464,"4":286},"cursor":286,"duration_us":200136,"id":286},"kind":"complete","us":35477094213}
2026-09-23 18:17:11: ACTION[Server]: [pregen_diag] {"data":{"cursor":286,"gap_us":69759,"hi":{"x":3167,"y":47,"z":-3313},"id":287,"lo":{"x":3088,"y":-32,"z":-3392},"selection":{"index":287,"inner":0,"x":3088,"y_max":-32,"y_min":-32,"z":-3392}},"kind":"dispatch","us":35477163972}
2026-09-23 18:17:11: ACTION[Emerge-0]: [pregen_diag] {"data":{"actions":{"2":35588,"4":287},"cursor":287,"duration_us":196204,"id":287},"kind":"complete","us":35477360176}
2026-09-23 18:17:11: ACTION[Server]: [pregen_diag] {"data":{"cursor":287,"gap_us":75288,"hi":{"x":3247,"y":47,"z":-3313},"id":288,"lo":{"x":3168,"y":-32,"z":-3392},"selection":{"index":288,"inner":0,"x":3168,"y_max":-32,"y_min":-32,"z":-3392}},"kind":"dispatch","us":35477435464}
2026-09-23 18:17:11: ACTION[Emerge-0]: [pregen_diag] {"data":{"actions":{"2":35712,"4":288},"cursor":288,"duration_us":196292,"id":288},"kind":"complete","us":35477631755}
2026-09-23 18:17:11: ACTION[Server]: [pregen_diag] {"data":{"cursor":288,"gap_us":74217,"hi":{"x":3327,"y":47,"z":-3313},"id":289,"lo":{"x":3248,"y":-32,"z":-3392},"selection":{"index":289,"inner":0,"x":3248,"y_max":-32,"y_min":-32,"z":-3392}},"kind":"dispatch","us":35477705973}
2026-09-23 18:17:12: ACTION[Emerge-0]: [pregen_diag] {"data":{"actions":{"2":35836,"4":289},"cursor":289,"duration_us":196008,"id":289},"kind":"complete","us":35477901982}
2026-09-23 18:17:12: ACTION[Server]: [pregen_diag] {"data":{"cursor":289,"gap_us":74018,"hi":{"x":3407,"y":47,"z":-3313},"id":290,"lo":{"x":3328,"y":-32,"z":-3392},"selection":{"index":290,"inner":0,"x":3328,"y_max":-32,"y_min":-32,"z":-3392}},"kind":"dispatch","us":35477975998}
2026-09-23 18:17:12: ACTION[Emerge-0]: [pregen_diag] {"data":{"actions":{"2":35960,"4":290},"cursor":290,"duration_us":198819,"id":290},"kind":"complete","us":35478174818}
2026-09-23 18:17:12: ACTION[Server]: [pregen_diag] {"data":{"cursor":290,"gap_us":72433,"hi":{"x":3487,"y":47,"z":-3313},"id":291,"lo":{"x":3408,"y":-32,"z":-3392},"selection":{"index":291,"inner":0,"x":3408,"y_max":-32,"y_min":-32,"z":-3392}},"kind":"dispatch","us":35478247251}
2026-09-23 18:17:12: ACTION[Emerge-0]: [pregen_diag] {"data":{"actions":{"2":36084,"4":291},"cursor":291,"duration_us":209603,"id":291},"kind":"complete","us":35478456854}
2026-09-23 18:17:12: ACTION[Server]: [pregen_diag] {"data":{"cursor":291,"gap_us":61758,"hi":{"x":3567,"y":47,"z":-3313},"id":292,"lo":{"x":3488,"y":-32,"z":-3392},"selection":{"index":292,"inner":0,"x":3488,"y_max":-32,"y_min":-32,"z":-3392}},"kind":"dispatch","us":35478518612}
2026-09-23 18:17:12: ACTION[Emerge-0]: [pregen_diag] {"data":{"actions":{"2":36208,"4":292},"cursor":292,"duration_us":202288,"id":292},"kind":"complete","us":35478720900}
2026-09-23 18:17:12: ACTION[Server]: [pregen_diag] {"data":{"cursor":292,"gap_us":70292,"hi":{"x":3647,"y":47,"z":-3313},"id":293,"lo":{"x":3568,"y":-32,"z":-3392},"selection":{"index":293,"inner":0,"x":3568,"y_max":-32,"y_min":-32,"z":-3392}},"kind":"dispatch","us":35478791192}
2026-09-23 18:17:13: ACTION[Emerge-0]: [pregen_diag] {"data":{"actions":{"2":36332,"4":293},"cursor":293,"duration_us":197092,"id":293},"kind":"complete","us":35478988290}
2026-09-23 18:17:13: ACTION[Server]: [pregen_diag] {"data":{"cursor":293,"gap_us":73651,"hi":{"x":3727,"y":47,"z":-3313},"id":294,"lo":{"x":3648,"y":-32,"z":-3392},"selection":{"index":294,"inner":0,"x":3648,"y_max":-32,"y_min":-32,"z":-3392}},"kind":"dispatch","us":35479061935}
2026-09-23 18:17:13: ACTION[Emerge-0]: [pregen_diag] {"data":{"actions":{"2":36456,"4":294},"cursor":294,"duration_us":204384,"id":294},"kind":"complete","us":35479266319}
2026-09-23 18:17:13: ACTION[Server]: [pregen_diag] {"data":{"cursor":294,"gap_us":55735,"hi":{"x":3807,"y":47,"z":-3313},"id":295,"lo":{"x":3728,"y":-32,"z":-3392},"selection":{"index":295,"inner":0,"x":3728,"y_max":-32,"y_min":-32,"z":-3392}},"kind":"dispatch","us":35479322054}
2026-09-23 18:17:13: ACTION[Emerge-0]: [pregen_diag] {"data":{"actions":{"2":36580,"4":295},"cursor":295,"duration_us":182502,"id":295},"kind":"complete","us":35479504556}
2026-09-23 18:17:13: ACTION[Server]: [pregen_diag] {"data":{"cursor":295,"gap_us":87794,"hi":{"x":3887,"y":47,"z":-3313},"id":296,"lo":{"x":3808,"y":-32,"z":-3392},"selection":{"index":296,"inner":0,"x":3808,"y_max":-32,"y_min":-32,"z":-3392}},"kind":"dispatch","us":35479592350}
2026-09-23 18:17:13: ACTION[Emerge-0]: [pregen_diag] {"data":{"actions":{"2":36704,"4":296},"cursor":296,"duration_us":183804,"id":296},"kind":"complete","us":35479776154}
2026-09-23 18:17:14: ACTION[Server]: [pregen_diag] {"data":{"cursor":296,"gap_us":86855,"hi":{"x":3967,"y":47,"z":-3313},"id":297,"lo":{"x":3888,"y":-32,"z":-3392},"selection":{"index":297,"inner":0,"x":3888,"y_max":-32,"y_min":-32,"z":-3392}},"kind":"dispatch","us":35479863008}
2026-09-23 18:17:14: ACTION[Emerge-0]: [pregen_diag] {"data":{"actions":{"2":36828,"4":297},"cursor":297,"duration_us":179278,"id":297},"kind":"complete","us":35480042287}
2026-09-23 18:17:14: ACTION[Server]: [pregen_diag] {"data":{"cursor":297,"gap_us":91664,"hi":{"x":-3873,"y":47,"z":-3233},"id":298,"lo":{"x":-3952,"y":-32,"z":-3312},"selection":{"index":298,"inner":0,"x":-3952,"y_max":-32,"y_min":-32,"z":-3312}},"kind":"dispatch","us":35480133952}
2026-09-23 18:17:14: ACTION[Emerge-0]: [pregen_diag] {"data":{"actions":{"2":36952,"4":298},"cursor":298,"duration_us":173445,"id":298},"kind":"complete","us":35480307396}
2026-09-23 18:17:14: ACTION[Server]: [pregen_diag] {"data":{"cursor":298,"gap_us":6937,"hi":{"x":-3793,"y":47,"z":-3233},"id":299,"lo":{"x":-3872,"y":-32,"z":-3312},"selection":{"index":299,"inner":0,"x":-3872,"y_max":-32,"y_min":-32,"z":-3312}},"kind":"dispatch","us":35480314333}
2026-09-23 18:17:14: ACTION[Emerge-0]: [pregen_diag] {"data":{"actions":{"2":37076,"4":299},"cursor":299,"duration_us":177545,"id":299},"kind":"complete","us":35480491878}
2026-09-23 18:17:14: ACTION[Server]: [pregen_diag] {"data":{"cursor":299,"gap_us":105044,"hi":{"x":-3713,"y":47,"z":-3233},"id":300,"lo":{"x":-3792,"y":-32,"z":-3312},"selection":{"index":300,"inner":0,"x":-3792,"y_max":-32,"y_min":-32,"z":-3312}},"kind":"dispatch","us":35480596922}
2026-09-23 18:17:14: ACTION[Emerge-0]: [pregen_diag] {"data":{"actions":{"2":37200,"4":300},"cursor":300,"duration_us":199481,"id":300},"kind":"complete","us":35480796403}
2026-09-23 18:17:15: ACTION[Server]: [pregen_diag] {"data":{"cursor":300,"gap_us":87096,"hi":{"x":-3633,"y":47,"z":-3233},"id":301,"lo":{"x":-3712,"y":-32,"z":-3312},"selection":{"index":301,"inner":0,"x":-3712,"y_max":-32,"y_min":-32,"z":-3312}},"kind":"dispatch","us":35480883498}
2026-09-23 18:17:15: ACTION[Emerge-0]: [pregen_diag] {"data":{"actions":{"2":37324,"4":301},"cursor":301,"duration_us":214816,"id":301},"kind":"complete","us":35481098315}
2026-09-23 18:17:15: ACTION[Server]: [pregen_diag] {"data":{"cursor":301,"gap_us":133150,"hi":{"x":-3553,"y":47,"z":-3233},"id":302,"lo":{"x":-3632,"y":-32,"z":-3312},"selection":{"index":302,"inner":0,"x":-3632,"y_max":-32,"y_min":-32,"z":-3312}},"kind":"dispatch","us":35481231464}
2026-09-23 18:17:15: ACTION[Emerge-0]: [pregen_diag] {"data":{"actions":{"2":37448,"4":302},"cursor":302,"duration_us":217182,"id":302},"kind":"complete","us":35481448647}
2026-09-23 18:17:15: ACTION[Server]: [pregen_diag] {"data":{"cursor":302,"gap_us":215306,"hi":{"x":-3473,"y":47,"z":-3233},"id":303,"lo":{"x":-3552,"y":-32,"z":-3312},"selection":{"index":303,"inner":0,"x":-3552,"y_max":-32,"y_min":-32,"z":-3312}},"kind":"dispatch","us":35481663953}
2026-09-23 18:17:16: ACTION[Emerge-0]: [pregen_diag] {"data":{"actions":{"2":37572,"4":303},"cursor":303,"duration_us":244566,"id":303},"kind":"complete","us":35481908519}
2026-09-23 18:17:16: ACTION[Server]: [pregen_diag] {"data":{"actions":{"2":37572,"4":303},"callbacks":37875,"cursor":303,"dispatches":303,"failed":false,"pending":false,"persist_us":3305,"persists":35,"scan":{"bottom":-10,"index":304,"inner":0,"next_x":-3460,"next_z":-3262,"top":34,"x":-3472,"x_max":-3389,"x_min":-3476,"z":-3312,"z_max":-3229,"z_min":-3316},"scan_max_us":40169,"scan_steps":21,"scan_us":387875,"step_hist":{"88":1,"89":2,"90":49,"91":1,"92":3},"step_max_us":92146,"step_us":5056305,"steps":56},"kind":"sample","us":35482023634}
2026-09-23 18:17:16: ACTION[Server]: [pregen_diag] {"data":{"cursor":303,"gap_us":126930,"hi":{"x":-3393,"y":47,"z":-3233},"id":304,"lo":{"x":-3472,"y":-32,"z":-3312},"selection":{"index":304,"inner":0,"x":-3472,"y_max":-32,"y_min":-32,"z":-3312}},"kind":"dispatch","us":35482035449}
2026-09-23 18:17:16: ACTION[Emerge-0]: [pregen_diag] {"data":{"actions":{"2":37696,"4":304},"cursor":304,"duration_us":218112,"id":304},"kind":"complete","us":35482253561}
2026-09-23 18:17:16: ACTION[Server]: [pregen_diag] {"data":{"cursor":304,"gap_us":72069,"hi":{"x":-3313,"y":47,"z":-3233},"id":305,"lo":{"x":-3392,"y":-32,"z":-3312},"selection":{"index":305,"inner":0,"x":-3392,"y_max":-32,"y_min":-32,"z":-3312}},"kind":"dispatch","us":35482325630}
2026-09-23 18:17:16: ACTION[Emerge-0]: [pregen_diag] {"data":{"actions":{"2":37820,"4":305},"cursor":305,"duration_us":217512,"id":305},"kind":"complete","us":35482543143}
2026-09-23 18:17:16: ACTION[Server]: [pregen_diag] {"data":{"cursor":305,"gap_us":55551,"hi":{"x":-3233,"y":47,"z":-3233},"id":306,"lo":{"x":-3312,"y":-32,"z":-3312},"selection":{"index":306,"inner":0,"x":-3312,"y_max":-32,"y_min":-32,"z":-3312}},"kind":"dispatch","us":35482598693}
2026-09-23 18:17:16: ACTION[Emerge-0]: [pregen_diag] {"data":{"actions":{"2":37944,"4":306},"cursor":306,"duration_us":215845,"id":306},"kind":"complete","us":35482814539}
2026-09-23 18:17:17: ACTION[Server]: [pregen_diag] {"data":{"cursor":306,"gap_us":54244,"hi":{"x":-3153,"y":47,"z":-3233},"id":307,"lo":{"x":-3232,"y":-32,"z":-3312},"selection":{"index":307,"inner":0,"x":-3232,"y_max":-32,"y_min":-32,"z":-3312}},"kind":"dispatch","us":35482868782}
2026-09-23 18:17:17: ACTION[Emerge-0]: [pregen_diag] {"data":{"actions":{"2":38068,"4":307},"cursor":307,"duration_us":219272,"id":307},"kind":"complete","us":35483088054}
2026-09-23 18:17:17: ACTION[Server]: [pregen_diag] {"data":{"cursor":307,"gap_us":51611,"hi":{"x":-3073,"y":47,"z":-3233},"id":308,"lo":{"x":-3152,"y":-32,"z":-3312},"selection":{"index":308,"inner":0,"x":-3152,"y_max":-32,"y_min":-32,"z":-3312}},"kind":"dispatch","us":35483139664}
2026-09-23 18:17:17: ACTION[Emerge-0]: [pregen_diag] {"data":{"actions":{"2":38192,"4":308},"cursor":308,"duration_us":219313,"id":308},"kind":"complete","us":35483358978}
2026-09-23 18:17:17: ACTION[Server]: [pregen_diag] {"data":{"cursor":308,"gap_us":53420,"hi":{"x":-2993,"y":47,"z":-3233},"id":309,"lo":{"x":-3072,"y":-32,"z":-3312},"selection":{"index":309,"inner":0,"x":-3072,"y_max":-32,"y_min":-32,"z":-3312}},"kind":"dispatch","us":35483412398}
2026-09-23 18:17:17: ACTION[Emerge-0]: [pregen_diag] {"data":{"actions":{"2":38316,"4":309},"cursor":309,"duration_us":219336,"id":309},"kind":"complete","us":35483631735}
2026-09-23 18:17:17: ACTION[Server]: [pregen_diag] {"data":{"cursor":309,"gap_us":51125,"hi":{"x":-2913,"y":47,"z":-3233},"id":310,"lo":{"x":-2992,"y":-32,"z":-3312},"selection":{"index":310,"inner":0,"x":-2992,"y_max":-32,"y_min":-32,"z":-3312}},"kind":"dispatch","us":35483682859}
2026-09-23 18:17:18: ACTION[Emerge-0]: [pregen_diag] {"data":{"actions":{"2":38440,"4":310},"cursor":310,"duration_us":218904,"id":310},"kind":"complete","us":35483901763}
2026-09-23 18:17:18: ACTION[Server]: [pregen_diag] {"data":{"cursor":310,"gap_us":51925,"hi":{"x":-2833,"y":47,"z":-3233},"id":311,"lo":{"x":-2912,"y":-32,"z":-3312},"selection":{"index":311,"inner":0,"x":-2912,"y_max":-32,"y_min":-32,"z":-3312}},"kind":"dispatch","us":35483953688}
2026-09-23 18:17:18: ACTION[Emerge-0]: [pregen_diag] {"data":{"actions":{"2":38564,"4":311},"cursor":311,"duration_us":218505,"id":311},"kind":"complete","us":35484172193}
2026-09-23 18:17:18: ACTION[Server]: [pregen_diag] {"data":{"cursor":311,"gap_us":48431,"hi":{"x":-2753,"y":47,"z":-3233},"id":312,"lo":{"x":-2832,"y":-32,"z":-3312},"selection":{"index":312,"inner":0,"x":-2832,"y_max":-32,"y_min":-32,"z":-3312}},"kind":"dispatch","us":35484220624}
2026-09-23 18:17:18: ACTION[Emerge-0]: [pregen_diag] {"data":{"actions":{"2":38688,"4":312},"cursor":312,"duration_us":209996,"id":312},"kind":"complete","us":35484430620}
2026-09-23 18:17:18: ACTION[Server]: [pregen_diag] {"data":{"cursor":312,"gap_us":61190,"hi":{"x":-2673,"y":47,"z":-3233},"id":313,"lo":{"x":-2752,"y":-32,"z":-3312},"selection":{"index":313,"inner":0,"x":-2752,"y_max":-32,"y_min":-32,"z":-3312}},"kind":"dispatch","us":35484491809}
2026-09-23 18:17:18: ACTION[Emerge-0]: [pregen_diag] {"data":{"actions":{"2":38812,"4":313},"cursor":313,"duration_us":208358,"id":313},"kind":"complete","us":35484700168}
2026-09-23 18:17:18: ACTION[Server]: [pregen_diag] {"data":{"cursor":313,"gap_us":62266,"hi":{"x":-2593,"y":47,"z":-3233},"id":314,"lo":{"x":-2672,"y":-32,"z":-3312},"selection":{"index":314,"inner":0,"x":-2672,"y_max":-32,"y_min":-32,"z":-3312}},"kind":"dispatch","us":35484762433}
2026-09-23 18:17:19: ACTION[Emerge-0]: [pregen_diag] {"data":{"actions":{"2":38936,"4":314},"cursor":314,"duration_us":212039,"id":314},"kind":"complete","us":35484974473}
2026-09-23 18:17:19: ACTION[Server]: [pregen_diag] {"data":{"cursor":314,"gap_us":59944,"hi":{"x":-2513,"y":47,"z":-3233},"id":315,"lo":{"x":-2592,"y":-32,"z":-3312},"selection":{"index":315,"inner":0,"x":-2592,"y_max":-32,"y_min":-32,"z":-3312}},"kind":"dispatch","us":35485034417}
2026-09-23 18:17:19: ACTION[Emerge-0]: [pregen_diag] {"data":{"actions":{"2":39060,"4":315},"cursor":315,"duration_us":212940,"id":315},"kind":"complete","us":35485247357}
2026-09-23 18:17:19: ACTION[Server]: [pregen_diag] {"data":{"cursor":315,"gap_us":58935,"hi":{"x":-2433,"y":47,"z":-3233},"id":316,"lo":{"x":-2512,"y":-32,"z":-3312},"selection":{"index":316,"inner":0,"x":-2512,"y_max":-32,"y_min":-32,"z":-3312}},"kind":"dispatch","us":35485306292}
2026-09-23 18:17:19: ACTION[Emerge-0]: [pregen_diag] {"data":{"actions":{"2":39184,"4":316},"cursor":316,"duration_us":229202,"id":316},"kind":"complete","us":35485535494}
2026-09-23 18:17:19: ACTION[Server]: [pregen_diag] {"data":{"cursor":316,"gap_us":40240,"hi":{"x":-2353,"y":47,"z":-3233},"id":317,"lo":{"x":-2432,"y":-32,"z":-3312},"selection":{"index":317,"inner":0,"x":-2432,"y_max":-32,"y_min":-32,"z":-3312}},"kind":"dispatch","us":35485575734}
2026-09-23 18:17:19: ACTION[Emerge-0]: [pregen_diag] {"data":{"actions":{"2":39308,"4":317},"cursor":317,"duration_us":216985,"id":317},"kind":"complete","us":35485792719}
2026-09-23 18:17:20: ACTION[Server]: [pregen_diag] {"data":{"cursor":317,"gap_us":55575,"hi":{"x":-2273,"y":47,"z":-3233},"id":318,"lo":{"x":-2352,"y":-32,"z":-3312},"selection":{"index":318,"inner":0,"x":-2352,"y_max":-32,"y_min":-32,"z":-3312}},"kind":"dispatch","us":35485848294}
2026-09-23 18:17:20: ACTION[Emerge-0]: [pregen_diag] {"data":{"actions":{"2":39432,"4":318},"cursor":318,"duration_us":217826,"id":318},"kind":"complete","us":35486066121}
2026-09-23 18:17:20: ACTION[Server]: [pregen_diag] {"data":{"cursor":318,"gap_us":53554,"hi":{"x":-2193,"y":47,"z":-3233},"id":319,"lo":{"x":-2272,"y":-32,"z":-3312},"selection":{"index":319,"inner":0,"x":-2272,"y_max":-32,"y_min":-32,"z":-3312}},"kind":"dispatch","us":35486119673}
2026-09-23 18:17:20: ACTION[Emerge-0]: [pregen_diag] {"data":{"actions":{"2":39556,"4":319},"cursor":319,"duration_us":218747,"id":319},"kind":"complete","us":35486338421}
2026-09-23 18:17:20: ACTION[Server]: [pregen_diag] {"data":{"cursor":319,"gap_us":52072,"hi":{"x":-2113,"y":47,"z":-3233},"id":320,"lo":{"x":-2192,"y":-32,"z":-3312},"selection":{"index":320,"inner":0,"x":-2192,"y_max":-32,"y_min":-32,"z":-3312}},"kind":"dispatch","us":35486390493}
2026-09-23 18:17:20: ACTION[Emerge-0]: [pregen_diag] {"data":{"actions":{"2":39680,"4":320},"cursor":320,"duration_us":216900,"id":320},"kind":"complete","us":35486607393}
2026-09-23 18:17:20: ACTION[Server]: [pregen_diag] {"data":{"cursor":320,"gap_us":53603,"hi":{"x":-2033,"y":47,"z":-3233},"id":321,"lo":{"x":-2112,"y":-32,"z":-3312},"selection":{"index":321,"inner":0,"x":-2112,"y_max":-32,"y_min":-32,"z":-3312}},"kind":"dispatch","us":35486660996}
2026-09-23 18:17:21: ACTION[Emerge-0]: [pregen_diag] {"data":{"actions":{"2":39804,"4":321},"cursor":321,"duration_us":214374,"id":321},"kind":"complete","us":35486875370}
2026-09-23 18:17:21: ACTION[Server]: [pregen_diag] {"data":{"cursor":321,"gap_us":54241,"hi":{"x":-1953,"y":47,"z":-3233},"id":322,"lo":{"x":-2032,"y":-32,"z":-3312},"selection":{"index":322,"inner":0,"x":-2032,"y_max":-32,"y_min":-32,"z":-3312}},"kind":"dispatch","us":35486929611}
2026-09-23 18:17:21: ACTION[Server]: [pregen_diag] {"data":{"actions":{"2":39804,"4":321},"callbacks":40125,"cursor":321,"dispatches":322,"failed":false,"pending":true,"persist_us":2483,"persists":37,"scan_max_us":34258,"scan_steps":19,"scan_us":593368,"selection":{"index":322,"inner":0,"x":-2032,"y_max":-32,"y_min":-32,"z":-3312},"step_hist":{"90":56},"step_max_us":90961,"step_us":5055341,"steps":56},"kind":"sample","us":35487078977}
2026-09-23 18:17:21: ACTION[Emerge-0]: [pregen_diag] {"data":{"actions":{"2":39928,"4":322},"cursor":322,"duration_us":214124,"id":322},"kind":"complete","us":35487143735}
2026-09-23 18:17:21: ACTION[Server]: [pregen_diag] {"data":{"cursor":322,"gap_us":57003,"hi":{"x":-1873,"y":47,"z":-3233},"id":323,"lo":{"x":-1952,"y":-32,"z":-3312},"selection":{"index":323,"inner":0,"x":-1952,"y_max":-32,"y_min":-32,"z":-3312}},"kind":"dispatch","us":35487200738}
2026-09-23 18:17:21: ACTION[Emerge-0]: [pregen_diag] {"data":{"actions":{"2":40052,"4":323},"cursor":323,"duration_us":275664,"id":323},"kind":"complete","us":35487476402}
2026-09-23 18:17:21: ACTION[Server]: [pregen_diag] {"data":{"cursor":323,"gap_us":85644,"hi":{"x":-1793,"y":47,"z":-3233},"id":324,"lo":{"x":-1872,"y":-32,"z":-3312},"selection":{"index":324,"inner":0,"x":-1872,"y_max":-32,"y_min":-32,"z":-3312}},"kind":"dispatch","us":35487562046}
2026-09-23 18:17:21: ACTION[Emerge-0]: [pregen_diag] {"data":{"actions":{"2":40176,"4":324},"cursor":324,"duration_us":231917,"id":324},"kind":"complete","us":35487793963}
2026-09-23 18:17:21: ACTION[Server]: [pregen_diag] {"data":{"cursor":324,"gap_us":41725,"hi":{"x":-1713,"y":47,"z":-3233},"id":325,"lo":{"x":-1792,"y":-32,"z":-3312},"selection":{"index":325,"inner":0,"x":-1792,"y_max":-32,"y_min":-32,"z":-3312}},"kind":"dispatch","us":35487835688}
2026-09-23 18:17:22: ACTION[Emerge-0]: [pregen_diag] {"data":{"actions":{"2":40300,"4":325},"cursor":325,"duration_us":262418,"id":325},"kind":"complete","us":35488098106}
2026-09-23 18:17:22: ACTION[Server]: [pregen_diag] {"data":{"cursor":325,"gap_us":96136,"hi":{"x":-1633,"y":47,"z":-3233},"id":326,"lo":{"x":-1712,"y":-32,"z":-3312},"selection":{"index":326,"inner":0,"x":-1712,"y_max":-32,"y_min":-32,"z":-3312}},"kind":"dispatch","us":35488194241}
2026-09-23 18:17:22: ACTION[Emerge-0]: [pregen_diag] {"data":{"actions":{"2":40424,"4":326},"cursor":326,"duration_us":257273,"id":326},"kind":"complete","us":35488451516}
2026-09-23 18:17:22: ACTION[Server]: [pregen_diag] {"data":{"cursor":326,"gap_us":100301,"hi":{"x":-1553,"y":47,"z":-3233},"id":327,"lo":{"x":-1632,"y":-32,"z":-3312},"selection":{"index":327,"inner":0,"x":-1632,"y_max":-32,"y_min":-32,"z":-3312}},"kind":"dispatch","us":35488551815}
2026-09-23 18:17:22: ACTION[Emerge-0]: [pregen_diag] {"data":{"actions":{"2":40548,"4":327},"cursor":327,"duration_us":257623,"id":327},"kind":"complete","us":35488809439}
2026-09-23 18:17:23: ACTION[Server]: [pregen_diag] {"data":{"cursor":327,"gap_us":102469,"hi":{"x":-1473,"y":47,"z":-3233},"id":328,"lo":{"x":-1552,"y":-32,"z":-3312},"selection":{"index":328,"inner":0,"x":-1552,"y_max":-32,"y_min":-32,"z":-3312}},"kind":"dispatch","us":35488911908}
2026-09-23 18:17:23: ACTION[Emerge-0]: [pregen_diag] {"data":{"actions":{"2":40672,"4":328},"cursor":328,"duration_us":248613,"id":328},"kind":"complete","us":35489160521}
2026-09-23 18:17:23: ACTION[Server]: [pregen_diag] {"data":{"cursor":328,"gap_us":111894,"hi":{"x":-1393,"y":47,"z":-3233},"id":329,"lo":{"x":-1472,"y":-32,"z":-3312},"selection":{"index":329,"inner":0,"x":-1472,"y_max":-32,"y_min":-32,"z":-3312}},"kind":"dispatch","us":35489272414}
2026-09-23 18:17:23: ACTION[Emerge-0]: [pregen_diag] {"data":{"actions":{"2":40796,"4":329},"cursor":329,"duration_us":249542,"id":329},"kind":"complete","us":35489521957}
2026-09-23 18:17:23: ACTION[Server]: [pregen_diag] {"data":{"cursor":329,"gap_us":111492,"hi":{"x":-1313,"y":47,"z":-3233},"id":330,"lo":{"x":-1392,"y":-32,"z":-3312},"selection":{"index":330,"inner":0,"x":-1392,"y_max":-32,"y_min":-32,"z":-3312}},"kind":"dispatch","us":35489633449}
2026-09-23 18:17:24: ACTION[Emerge-0]: [pregen_diag] {"data":{"actions":{"2":40920,"4":330},"cursor":330,"duration_us":251424,"id":330},"kind":"complete","us":35489884873}
2026-09-23 18:17:24: ACTION[Server]: [pregen_diag] {"data":{"cursor":330,"gap_us":110109,"hi":{"x":-1233,"y":47,"z":-3233},"id":331,"lo":{"x":-1312,"y":-32,"z":-3312},"selection":{"index":331,"inner":0,"x":-1312,"y_max":-32,"y_min":-32,"z":-3312}},"kind":"dispatch","us":35489994982}
2026-09-23 18:17:24: ACTION[Emerge-0]: [pregen_diag] {"data":{"actions":{"2":41044,"4":331},"cursor":331,"duration_us":256324,"id":331},"kind":"complete","us":35490251306}
2026-09-23 18:17:24: ACTION[Server]: [pregen_diag] {"data":{"cursor":331,"gap_us":105068,"hi":{"x":-1153,"y":47,"z":-3233},"id":332,"lo":{"x":-1232,"y":-32,"z":-3312},"selection":{"index":332,"inner":0,"x":-1232,"y_max":-32,"y_min":-32,"z":-3312}},"kind":"dispatch","us":35490356374}
2026-09-23 18:17:24: ACTION[Emerge-0]: [pregen_diag] {"data":{"actions":{"2":41168,"4":332},"cursor":332,"duration_us":253109,"id":332},"kind":"complete","us":35490609484}
2026-09-23 18:17:24: ACTION[Server]: [pregen_diag] {"data":{"cursor":332,"gap_us":109336,"hi":{"x":-1073,"y":47,"z":-3233},"id":333,"lo":{"x":-1152,"y":-32,"z":-3312},"selection":{"index":333,"inner":0,"x":-1152,"y_max":-32,"y_min":-32,"z":-3312}},"kind":"dispatch","us":35490718819}
2026-09-23 18:17:25: ACTION[Emerge-0]: [pregen_diag] {"data":{"actions":{"2":41292,"4":333},"cursor":333,"duration_us":252736,"id":333},"kind":"complete","us":35490971555}
2026-09-23 18:17:25: ACTION[Server]: [pregen_diag] {"data":{"cursor":333,"gap_us":107561,"hi":{"x":-993,"y":47,"z":-3233},"id":334,"lo":{"x":-1072,"y":-32,"z":-3312},"selection":{"index":334,"inner":0,"x":-1072,"y_max":-32,"y_min":-32,"z":-3312}},"kind":"dispatch","us":35491079116}
2026-09-23 18:17:25: ACTION[Emerge-0]: [pregen_diag] {"data":{"actions":{"2":41416,"4":334},"cursor":334,"duration_us":245737,"id":334},"kind":"complete","us":35491324853}
2026-09-23 18:17:25: ACTION[Server]: [pregen_diag] {"data":{"cursor":334,"gap_us":114464,"hi":{"x":-913,"y":47,"z":-3233},"id":335,"lo":{"x":-992,"y":-32,"z":-3312},"selection":{"index":335,"inner":0,"x":-992,"y_max":-32,"y_min":-32,"z":-3312}},"kind":"dispatch","us":35491439317}
2026-09-23 18:17:25: ACTION[Emerge-0]: [pregen_diag] {"data":{"actions":{"2":41540,"4":335},"cursor":335,"duration_us":244666,"id":335},"kind":"complete","us":35491683983}
2026-09-23 18:17:25: ACTION[Server]: [pregen_diag] {"data":{"cursor":335,"gap_us":117302,"hi":{"x":-833,"y":47,"z":-3233},"id":336,"lo":{"x":-912,"y":-32,"z":-3312},"selection":{"index":336,"inner":0,"x":-912,"y_max":-32,"y_min":-32,"z":-3312}},"kind":"dispatch","us":35491801285}
2026-09-23 18:17:26: ACTION[Emerge-0]: [pregen_diag] {"data":{"actions":{"2":41664,"4":336},"cursor":336,"duration_us":246737,"id":336},"kind":"complete","us":35492048023}
2026-09-23 18:17:26: ACTION[Server]: [pregen_diag] {"data":{"actions":{"2":41664,"4":336},"callbacks":42000,"cursor":336,"dispatches":336,"failed":false,"pending":false,"persist_us":2057,"persists":29,"scan_max_us":34110,"scan_steps":14,"scan_us":407806,"step_hist":{"88":1,"89":1,"90":51,"91":1,"92":2},"step_max_us":92275,"step_us":5056077,"steps":56},"kind":"sample","us":35492135052}
2026-09-23 18:17:26: ACTION[Server]: [pregen_diag] {"data":{"cursor":336,"gap_us":115662,"hi":{"x":-753,"y":47,"z":-3233},"id":337,"lo":{"x":-832,"y":-32,"z":-3312},"selection":{"index":337,"inner":0,"x":-832,"y_max":-32,"y_min":-32,"z":-3312}},"kind":"dispatch","us":35492163684}
2026-09-23 18:17:26: ACTION[Emerge-0]: [pregen_diag] {"data":{"actions":{"2":41788,"4":337},"cursor":337,"duration_us":248131,"id":337},"kind":"complete","us":35492411815}
2026-09-23 18:17:26: ACTION[Server]: [pregen_diag] {"data":{"cursor":337,"gap_us":113497,"hi":{"x":-673,"y":47,"z":-3233},"id":338,"lo":{"x":-752,"y":-32,"z":-3312},"selection":{"index":338,"inner":0,"x":-752,"y_max":-32,"y_min":-32,"z":-3312}},"kind":"dispatch","us":35492525312}
2026-09-23 18:17:26: ACTION[Emerge-0]: [pregen_diag] {"data":{"actions":{"2":41912,"4":338},"cursor":338,"duration_us":298588,"id":338},"kind":"complete","us":35492823900}
2026-09-23 18:17:27: ACTION[Server]: [pregen_diag] {"data":{"cursor":338,"gap_us":60912,"hi":{"x":-593,"y":47,"z":-3233},"id":339,"lo":{"x":-672,"y":-32,"z":-3312},"selection":{"index":339,"inner":0,"x":-672,"y_max":-32,"y_min":-32,"z":-3312}},"kind":"dispatch","us":35492884812}
2026-09-23 18:17:27: ACTION[Emerge-0]: [pregen_diag] {"data":{"actions":{"2":42036,"4":339},"cursor":339,"duration_us":262871,"id":339},"kind":"complete","us":35493147683}
2026-09-23 18:17:27: ACTION[Server]: [pregen_diag] {"data":{"cursor":339,"gap_us":99446,"hi":{"x":-513,"y":47,"z":-3233},"id":340,"lo":{"x":-592,"y":-32,"z":-3312},"selection":{"index":340,"inner":0,"x":-592,"y_max":-32,"y_min":-32,"z":-3312}},"kind":"dispatch","us":35493247129}
2026-09-23 18:17:27: ACTION[Emerge-0]: [pregen_diag] {"data":{"actions":{"2":42160,"4":340},"cursor":340,"duration_us":259851,"id":340},"kind":"complete","us":35493506980}
2026-09-23 18:17:27: ACTION[Server]: [pregen_diag] {"data":{"cursor":340,"gap_us":99788,"hi":{"x":-433,"y":47,"z":-3233},"id":341,"lo":{"x":-512,"y":-32,"z":-3312},"selection":{"index":341,"inner":0,"x":-512,"y_max":-32,"y_min":-32,"z":-3312}},"kind":"dispatch","us":35493606767}
2026-09-23 18:17:28: ACTION[Emerge-0]: [pregen_diag] {"data":{"actions":{"2":42284,"4":341},"cursor":341,"duration_us":255298,"id":341},"kind":"complete","us":35493862066}
2026-09-23 18:17:28: ACTION[Server]: [pregen_diag] {"data":{"cursor":341,"gap_us":105178,"hi":{"x":-353,"y":47,"z":-3233},"id":342,"lo":{"x":-432,"y":-32,"z":-3312},"selection":{"index":342,"inner":0,"x":-432,"y_max":-32,"y_min":-32,"z":-3312}},"kind":"dispatch","us":35493967244}
2026-09-23 18:17:28: ACTION[Emerge-0]: [pregen_diag] {"data":{"actions":{"2":42408,"4":342},"cursor":342,"duration_us":249428,"id":342},"kind":"complete","us":35494216673}
2026-09-23 18:17:28: ACTION[Server]: [pregen_diag] {"data":{"cursor":342,"gap_us":112765,"hi":{"x":-273,"y":47,"z":-3233},"id":343,"lo":{"x":-352,"y":-32,"z":-3312},"selection":{"index":343,"inner":0,"x":-352,"y_max":-32,"y_min":-32,"z":-3312}},"kind":"dispatch","us":35494329436}
2026-09-23 18:17:28: ACTION[Emerge-0]: [pregen_diag] {"data":{"actions":{"2":42532,"4":343},"cursor":343,"duration_us":248701,"id":343},"kind":"complete","us":35494578138}
2026-09-23 18:17:28: ACTION[Server]: [pregen_diag] {"data":{"cursor":343,"gap_us":116323,"hi":{"x":-193,"y":47,"z":-3233},"id":344,"lo":{"x":-272,"y":-32,"z":-3312},"selection":{"index":344,"inner":0,"x":-272,"y_max":-32,"y_min":-32,"z":-3312}},"kind":"dispatch","us":35494694461}
2026-09-23 18:17:29: ACTION[Emerge-0]: [pregen_diag] {"data":{"actions":{"2":42656,"4":344},"cursor":344,"duration_us":249762,"id":344},"kind":"complete","us":35494944223}
2026-09-23 18:17:29: ACTION[Server]: [pregen_diag] {"data":{"cursor":344,"gap_us":112291,"hi":{"x":-113,"y":47,"z":-3233},"id":345,"lo":{"x":-192,"y":-32,"z":-3312},"selection":{"index":345,"inner":0,"x":-192,"y_max":-32,"y_min":-32,"z":-3312}},"kind":"dispatch","us":35495056513}
2026-09-23 18:17:29: ACTION[Emerge-0]: [pregen_diag] {"data":{"actions":{"2":42780,"4":345},"cursor":345,"duration_us":247173,"id":345},"kind":"complete","us":35495303687}
2026-09-23 18:17:29: ACTION[Server]: [pregen_diag] {"data":{"cursor":345,"gap_us":113426,"hi":{"x":-33,"y":47,"z":-3233},"id":346,"lo":{"x":-112,"y":-32,"z":-3312},"selection":{"index":346,"inner":0,"x":-112,"y_max":-32,"y_min":-32,"z":-3312}},"kind":"dispatch","us":35495417113}
2026-09-23 18:17:29: ACTION[Emerge-0]: [pregen_diag] {"data":{"actions":{"2":42904,"4":346},"cursor":346,"duration_us":231593,"id":346},"kind":"complete","us":35495648707}
2026-09-23 18:17:29: ACTION[Server]: [pregen_diag] {"data":{"cursor":346,"gap_us":37759,"hi":{"x":47,"y":47,"z":-3233},"id":347,"lo":{"x":-32,"y":-32,"z":-3312},"selection":{"index":347,"inner":0,"x":-32,"y_max":-32,"y_min":-32,"z":-3312}},"kind":"dispatch","us":35495686465}
2026-09-23 18:17:30: ACTION[Emerge-0]: [pregen_diag] {"data":{"actions":{"2":43028,"4":347},"cursor":347,"duration_us":213453,"id":347},"kind":"complete","us":35495899918}
2026-09-23 18:17:30: ACTION[Server]: [pregen_diag] {"data":{"cursor":347,"gap_us":57802,"hi":{"x":127,"y":47,"z":-3233},"id":348,"lo":{"x":48,"y":-32,"z":-3312},"selection":{"index":348,"inner":0,"x":48,"y_max":-32,"y_min":-32,"z":-3312}},"kind":"dispatch","us":35495957720}
2026-09-23 18:17:30: ACTION[Emerge-0]: [pregen_diag] {"data":{"actions":{"2":43152,"4":348},"cursor":348,"duration_us":229531,"id":348},"kind":"complete","us":35496187251}
2026-09-23 18:17:30: ACTION[Server]: [pregen_diag] {"data":{"cursor":348,"gap_us":41445,"hi":{"x":207,"y":47,"z":-3233},"id":349,"lo":{"x":128,"y":-32,"z":-3312},"selection":{"index":349,"inner":0,"x":128,"y_max":-32,"y_min":-32,"z":-3312}},"kind":"dispatch","us":35496228696}
2026-09-23 18:17:30: ACTION[Emerge-0]: [pregen_diag] {"data":{"actions":{"2":43276,"4":349},"cursor":349,"duration_us":236495,"id":349},"kind":"complete","us":35496465191}
2026-09-23 18:17:30: ACTION[Server]: [pregen_diag] {"data":{"cursor":349,"gap_us":34640,"hi":{"x":287,"y":47,"z":-3233},"id":350,"lo":{"x":208,"y":-32,"z":-3312},"selection":{"index":350,"inner":0,"x":208,"y_max":-32,"y_min":-32,"z":-3312}},"kind":"dispatch","us":35496499831}
2026-09-23 18:17:30: ACTION[Emerge-0]: [pregen_diag] {"data":{"actions":{"2":43400,"4":350},"cursor":350,"duration_us":242000,"id":350},"kind":"complete","us":35496741832}
2026-09-23 18:17:31: ACTION[Server]: [pregen_diag] {"data":{"cursor":350,"gap_us":117441,"hi":{"x":367,"y":47,"z":-3233},"id":351,"lo":{"x":288,"y":-32,"z":-3312},"selection":{"index":351,"inner":0,"x":288,"y_max":-32,"y_min":-32,"z":-3312}},"kind":"dispatch","us":35496859271}
2026-09-23 18:17:31: ACTION[Emerge-0]: [pregen_diag] {"data":{"actions":{"2":43524,"4":351},"cursor":351,"duration_us":252877,"id":351},"kind":"complete","us":35497112149}
2026-09-23 18:17:31: ACTION[Server]: [pregen_diag] {"data":{"actions":{"2":43524,"4":351},"callbacks":43875,"cursor":351,"dispatches":351,"failed":false,"pending":false,"persist_us":1938,"persists":30,"scan_max_us":33457,"scan_steps":15,"scan_us":459334,"step_hist":{"89":1,"90":54,"92":1},"step_max_us":92098,"step_us":5054528,"steps":56},"kind":"sample","us":35497189580}
2026-09-23 18:17:31: ACTION[Server]: [pregen_diag] {"data":{"cursor":351,"gap_us":108567,"hi":{"x":447,"y":47,"z":-3233},"id":352,"lo":{"x":368,"y":-32,"z":-3312},"selection":{"index":352,"inner":0,"x":368,"y_max":-32,"y_min":-32,"z":-3312}},"kind":"dispatch","us":35497220716}
2026-09-23 18:17:31: ACTION[Emerge-0]: [pregen_diag] {"data":{"actions":{"2":43648,"4":352},"cursor":352,"duration_us":255335,"id":352},"kind":"complete","us":35497476051}
2026-09-23 18:17:31: ACTION[Server]: [pregen_diag] {"data":{"cursor":352,"gap_us":105800,"hi":{"x":527,"y":47,"z":-3233},"id":353,"lo":{"x":448,"y":-32,"z":-3312},"selection":{"index":353,"inner":0,"x":448,"y_max":-32,"y_min":-32,"z":-3312}},"kind":"dispatch","us":35497581851}
2026-09-23 18:17:32: ACTION[Emerge-0]: [pregen_diag] {"data":{"actions":{"2":43772,"4":353},"cursor":353,"duration_us":297535,"id":353},"kind":"complete","us":35497879386}
2026-09-23 18:17:32: ACTION[Server]: [pregen_diag] {"data":{"cursor":353,"gap_us":59623,"hi":{"x":607,"y":47,"z":-3233},"id":354,"lo":{"x":528,"y":-32,"z":-3312},"selection":{"index":354,"inner":0,"x":528,"y_max":-32,"y_min":-32,"z":-3312}},"kind":"dispatch","us":35497939009}
2026-09-23 18:17:32: ACTION[Emerge-0]: [pregen_diag] {"data":{"actions":{"2":43896,"4":354},"cursor":354,"duration_us":251393,"id":354},"kind":"complete","us":35498190403}
2026-09-23 18:17:32: ACTION[Server]: [pregen_diag] {"data":{"cursor":354,"gap_us":110377,"hi":{"x":687,"y":47,"z":-3233},"id":355,"lo":{"x":608,"y":-32,"z":-3312},"selection":{"index":355,"inner":0,"x":608,"y_max":-32,"y_min":-32,"z":-3312}},"kind":"dispatch","us":35498300779}
2026-09-23 18:17:32: ACTION[Emerge-0]: [pregen_diag] {"data":{"actions":{"2":44020,"4":355},"cursor":355,"duration_us":244995,"id":355},"kind":"complete","us":35498545775}
2026-09-23 18:17:32: ACTION[Server]: [pregen_diag] {"data":{"cursor":355,"gap_us":116902,"hi":{"x":767,"y":47,"z":-3233},"id":356,"lo":{"x":688,"y":-32,"z":-3312},"selection":{"index":356,"inner":0,"x":688,"y_max":-32,"y_min":-32,"z":-3312}},"kind":"dispatch","us":35498662676}
2026-09-23 18:17:33: ACTION[Emerge-0]: [pregen_diag] {"data":{"actions":{"2":44144,"4":356},"cursor":356,"duration_us":246488,"id":356},"kind":"complete","us":35498909164}
2026-09-23 18:17:33: ACTION[Server]: [pregen_diag] {"data":{"cursor":356,"gap_us":117762,"hi":{"x":847,"y":47,"z":-3233},"id":357,"lo":{"x":768,"y":-32,"z":-3312},"selection":{"index":357,"inner":0,"x":768,"y_max":-32,"y_min":-32,"z":-3312}},"kind":"dispatch","us":35499026926}
2026-09-23 18:17:33: ACTION[Emerge-0]: [pregen_diag] {"data":{"actions":{"2":44268,"4":357},"cursor":357,"duration_us":256436,"id":357},"kind":"complete","us":35499283362}
2026-09-23 18:17:33: ACTION[Server]: [pregen_diag] {"data":{"cursor":357,"gap_us":102881,"hi":{"x":927,"y":47,"z":-3233},"id":358,"lo":{"x":848,"y":-32,"z":-3312},"selection":{"index":358,"inner":0,"x":848,"y_max":-32,"y_min":-32,"z":-3312}},"kind":"dispatch","us":35499386243}
2026-09-23 18:17:33: ACTION[Emerge-0]: [pregen_diag] {"data":{"actions":{"2":44392,"4":358},"cursor":358,"duration_us":252998,"id":358},"kind":"complete","us":35499639241}
2026-09-23 18:17:33: ACTION[Server]: [pregen_diag] {"data":{"cursor":358,"gap_us":108339,"hi":{"x":1007,"y":47,"z":-3233},"id":359,"lo":{"x":928,"y":-32,"z":-3312},"selection":{"index":359,"inner":0,"x":928,"y_max":-32,"y_min":-32,"z":-3312}},"kind":"dispatch","us":35499747580}
2026-09-23 18:17:34: ACTION[Emerge-0]: [pregen_diag] {"data":{"actions":{"2":44516,"4":359},"cursor":359,"duration_us":250858,"id":359},"kind":"complete","us":35499998439}
2026-09-23 18:17:34: ACTION[Server]: [pregen_diag] {"data":{"cursor":359,"gap_us":111321,"hi":{"x":1087,"y":47,"z":-3233},"id":360,"lo":{"x":1008,"y":-32,"z":-3312},"selection":{"index":360,"inner":0,"x":1008,"y_max":-32,"y_min":-32,"z":-3312}},"kind":"dispatch","us":35500109758}
2026-09-23 18:17:34: ACTION[Emerge-0]: [pregen_diag] {"data":{"actions":{"2":44640,"4":360},"cursor":360,"duration_us":246420,"id":360},"kind":"complete","us":35500356180}
2026-09-23 18:17:34: ACTION[Server]: [pregen_diag] {"data":{"cursor":360,"gap_us":111612,"hi":{"x":1167,"y":47,"z":-3233},"id":361,"lo":{"x":1088,"y":-32,"z":-3312},"selection":{"index":361,"inner":0,"x":1088,"y_max":-32,"y_min":-32,"z":-3312}},"kind":"dispatch","us":35500467791}
2026-09-23 18:17:34: ACTION[Emerge-0]: [pregen_diag] {"data":{"actions":{"2":44764,"4":361},"cursor":361,"duration_us":248975,"id":361},"kind":"complete","us":35500716766}
2026-09-23 18:17:34: ACTION[Server]: [pregen_diag] {"data":{"cursor":361,"gap_us":112687,"hi":{"x":1247,"y":47,"z":-3233},"id":362,"lo":{"x":1168,"y":-32,"z":-3312},"selection":{"index":362,"inner":0,"x":1168,"y_max":-32,"y_min":-32,"z":-3312}},"kind":"dispatch","us":35500829453}
2026-09-23 18:17:35: ACTION[Emerge-0]: [pregen_diag] {"data":{"actions":{"2":44888,"4":362},"cursor":362,"duration_us":248233,"id":362},"kind":"complete","us":35501077686}
2026-09-23 18:17:35: ACTION[Server]: [pregen_diag] {"data":{"cursor":362,"gap_us":110923,"hi":{"x":1327,"y":47,"z":-3233},"id":363,"lo":{"x":1248,"y":-32,"z":-3312},"selection":{"index":363,"inner":0,"x":1248,"y_max":-32,"y_min":-32,"z":-3312}},"kind":"dispatch","us":35501188609}
2026-09-23 18:17:35: ACTION[Emerge-0]: [pregen_diag] {"data":{"actions":{"2":45012,"4":363},"cursor":363,"duration_us":243465,"id":363},"kind":"complete","us":35501432074}
2026-09-23 18:17:35: ACTION[Server]: [pregen_diag] {"data":{"cursor":363,"gap_us":97759,"hi":{"x":1407,"y":47,"z":-3233},"id":364,"lo":{"x":1328,"y":-32,"z":-3312},"selection":{"index":364,"inner":0,"x":1328,"y_max":-32,"y_min":-32,"z":-3312}},"kind":"dispatch","us":35501529833}
2026-09-23 18:17:35: ACTION[Emerge-0]: [pregen_diag] {"data":{"actions":{"2":45136,"4":364},"cursor":364,"duration_us":241559,"id":364},"kind":"complete","us":35501771392}
2026-09-23 18:17:36: ACTION[Server]: [pregen_diag] {"data":{"cursor":364,"gap_us":126241,"hi":{"x":1487,"y":47,"z":-3233},"id":365,"lo":{"x":1408,"y":-32,"z":-3312},"selection":{"index":365,"inner":0,"x":1408,"y_max":-32,"y_min":-32,"z":-3312}},"kind":"dispatch","us":35501897633}
2026-09-23 18:17:36: ACTION[Emerge-0]: [pregen_diag] {"data":{"actions":{"2":45260,"4":365},"cursor":365,"duration_us":245226,"id":365},"kind":"complete","us":35502142860}
2026-09-23 18:17:36: ACTION[Server]: [pregen_diag] {"data":{"actions":{"2":45260,"4":365},"callbacks":45625,"cursor":365,"dispatches":365,"failed":false,"pending":false,"persist_us":2474,"persists":28,"scan":{"bottom":-10,"index":366,"inner":0,"next_x":1524,"next_z":-3261,"top":34,"x":1488,"x_max":1571,"x_min":1484,"z":-3312,"z_max":-3229,"z_min":-3316},"scan_max_us":40417,"scan_steps":17,"scan_us":497500,"step_hist":{"88":1,"89":2,"90":50,"92":3},"step_max_us":92374,"step_us":5055816,"steps":56},"kind":"sample","us":35502245396}
2026-09-23 18:17:36: ACTION[Server]: [pregen_diag] {"data":{"cursor":365,"gap_us":127199,"hi":{"x":1567,"y":47,"z":-3233},"id":366,"lo":{"x":1488,"y":-32,"z":-3312},"selection":{"index":366,"inner":0,"x":1488,"y_max":-32,"y_min":-32,"z":-3312}},"kind":"dispatch","us":35502270058}
2026-09-23 18:17:36: ACTION[Emerge-0]: [pregen_diag] {"data":{"actions":{"2":45384,"4":366},"cursor":366,"duration_us":252626,"id":366},"kind":"complete","us":35502522685}
2026-09-23 18:17:36: ACTION[Server]: [pregen_diag] {"data":{"cursor":366,"gap_us":178885,"hi":{"x":1647,"y":47,"z":-3233},"id":367,"lo":{"x":1568,"y":-32,"z":-3312},"selection":{"index":367,"inner":0,"x":1568,"y_max":-32,"y_min":-32,"z":-3312}},"kind":"dispatch","us":35502701569}
2026-09-23 18:17:37: ACTION[Emerge-0]: [pregen_diag] {"data":{"actions":{"2":45508,"4":367},"cursor":367,"duration_us":248686,"id":367},"kind":"complete","us":35502950256}
2026-09-23 18:17:37: ACTION[Server]: [pregen_diag] {"data":{"cursor":367,"gap_us":49495,"hi":{"x":1727,"y":47,"z":-3233},"id":368,"lo":{"x":1648,"y":-32,"z":-3312},"selection":{"index":368,"inner":0,"x":1648,"y_max":-32,"y_min":-32,"z":-3312}},"kind":"dispatch","us":35502999749}
2026-09-23 18:17:37: ACTION[Emerge-0]: [pregen_diag] {"data":{"actions":{"2":45632,"4":368},"cursor":368,"duration_us":248192,"id":368},"kind":"complete","us":35503247942}
2026-09-23 18:17:37: ACTION[Server]: [pregen_diag] {"data":{"cursor":368,"gap_us":116364,"hi":{"x":1807,"y":47,"z":-3233},"id":369,"lo":{"x":1728,"y":-32,"z":-3312},"selection":{"index":369,"inner":0,"x":1728,"y_max":-32,"y_min":-32,"z":-3312}},"kind":"dispatch","us":35503364306}
2026-09-23 18:17:37: ACTION[Emerge-0]: [pregen_diag] {"data":{"actions":{"2":45756,"4":369},"cursor":369,"duration_us":241850,"id":369},"kind":"complete","us":35503606156}
2026-09-23 18:17:37: ACTION[Server]: [pregen_diag] {"data":{"cursor":369,"gap_us":117507,"hi":{"x":1887,"y":47,"z":-3233},"id":370,"lo":{"x":1808,"y":-32,"z":-3312},"selection":{"index":370,"inner":0,"x":1808,"y_max":-32,"y_min":-32,"z":-3312}},"kind":"dispatch","us":35503723663}
2026-09-23 18:17:38: ACTION[Emerge-0]: [pregen_diag] {"data":{"actions":{"2":45880,"4":370},"cursor":370,"duration_us":215941,"id":370},"kind":"complete","us":35503939605}
2026-09-23 18:17:38: ACTION[Server]: [pregen_diag] {"data":{"cursor":370,"gap_us":55118,"hi":{"x":1967,"y":47,"z":-3233},"id":371,"lo":{"x":1888,"y":-32,"z":-3312},"selection":{"index":371,"inner":0,"x":1888,"y_max":-32,"y_min":-32,"z":-3312}},"kind":"dispatch","us":35503994722}
2026-09-23 18:17:38: ACTION[Emerge-0]: [pregen_diag] {"data":{"actions":{"2":46004,"4":371},"cursor":371,"duration_us":215735,"id":371},"kind":"complete","us":35504210458}
2026-09-23 18:17:38: ACTION[Server]: [pregen_diag] {"data":{"cursor":371,"gap_us":54317,"hi":{"x":2047,"y":47,"z":-3233},"id":372,"lo":{"x":1968,"y":-32,"z":-3312},"selection":{"index":372,"inner":0,"x":1968,"y_max":-32,"y_min":-32,"z":-3312}},"kind":"dispatch","us":35504264774}
2026-09-23 18:17:38: ACTION[Emerge-0]: [pregen_diag] {"data":{"actions":{"2":46128,"4":372},"cursor":372,"duration_us":218893,"id":372},"kind":"complete","us":35504483667}
2026-09-23 18:17:38: ACTION[Server]: [pregen_diag] {"data":{"cursor":372,"gap_us":53711,"hi":{"x":2127,"y":47,"z":-3233},"id":373,"lo":{"x":2048,"y":-32,"z":-3312},"selection":{"index":373,"inner":0,"x":2048,"y_max":-32,"y_min":-32,"z":-3312}},"kind":"dispatch","us":35504537378}
2026-09-23 18:17:38: ACTION[Emerge-0]: [pregen_diag] {"data":{"actions":{"2":46252,"4":373},"cursor":373,"duration_us":218112,"id":373},"kind":"complete","us":35504755491}
2026-09-23 18:17:38: ACTION[Server]: [pregen_diag] {"data":{"cursor":373,"gap_us":51170,"hi":{"x":2207,"y":47,"z":-3233},"id":374,"lo":{"x":2128,"y":-32,"z":-3312},"selection":{"index":374,"inner":0,"x":2128,"y_max":-32,"y_min":-32,"z":-3312}},"kind":"dispatch","us":35504806660}
2026-09-23 18:17:39: ACTION[Emerge-0]: [pregen_diag] {"data":{"actions":{"2":46376,"4":374},"cursor":374,"duration_us":212072,"id":374},"kind":"complete","us":35505018732}
2026-09-23 18:17:39: ACTION[Server]: [pregen_diag] {"data":{"cursor":374,"gap_us":61344,"hi":{"x":2287,"y":47,"z":-3233},"id":375,"lo":{"x":2208,"y":-32,"z":-3312},"selection":{"index":375,"inner":0,"x":2208,"y_max":-32,"y_min":-32,"z":-3312}},"kind":"dispatch","us":35505080076}
2026-09-23 18:17:39: ACTION[Emerge-0]: [pregen_diag] {"data":{"actions":{"2":46500,"4":375},"cursor":375,"duration_us":214760,"id":375},"kind":"complete","us":35505294837}
2026-09-23 18:17:39: ACTION[Server]: [pregen_diag] {"data":{"cursor":375,"gap_us":54791,"hi":{"x":2367,"y":47,"z":-3233},"id":376,"lo":{"x":2288,"y":-32,"z":-3312},"selection":{"index":376,"inner":0,"x":2288,"y_max":-32,"y_min":-32,"z":-3312}},"kind":"dispatch","us":35505349627}
2026-09-23 18:17:39: ACTION[Emerge-0]: [pregen_diag] {"data":{"actions":{"2":46624,"4":376},"cursor":376,"duration_us":221083,"id":376},"kind":"complete","us":35505570710}
2026-09-23 18:17:39: ACTION[Server]: [pregen_diag] {"data":{"cursor":376,"gap_us":51673,"hi":{"x":2447,"y":47,"z":-3233},"id":377,"lo":{"x":2368,"y":-32,"z":-3312},"selection":{"index":377,"inner":0,"x":2368,"y_max":-32,"y_min":-32,"z":-3312}},"kind":"dispatch","us":35505622383}
2026-09-23 18:17:40: ACTION[Emerge-0]: [pregen_diag] {"data":{"actions":{"2":46748,"4":377},"cursor":377,"duration_us":222245,"id":377},"kind":"complete","us":35505844628}
2026-09-23 18:17:40: ACTION[Server]: [pregen_diag] {"data":{"cursor":377,"gap_us":48038,"hi":{"x":2527,"y":47,"z":-3233},"id":378,"lo":{"x":2448,"y":-32,"z":-3312},"selection":{"index":378,"inner":0,"x":2448,"y_max":-32,"y_min":-32,"z":-3312}},"kind":"dispatch","us":35505892666}
2026-09-23 18:17:40: ACTION[Emerge-0]: [pregen_diag] {"data":{"actions":{"2":46872,"4":378},"cursor":378,"duration_us":225604,"id":378},"kind":"complete","us":35506118270}
2026-09-23 18:17:40: ACTION[Server]: [pregen_diag] {"data":{"cursor":378,"gap_us":41930,"hi":{"x":2607,"y":47,"z":-3233},"id":379,"lo":{"x":2528,"y":-32,"z":-3312},"selection":{"index":379,"inner":0,"x":2528,"y_max":-32,"y_min":-32,"z":-3312}},"kind":"dispatch","us":35506160200}
2026-09-23 18:17:40: ACTION[Emerge-0]: [pregen_diag] {"data":{"actions":{"2":46996,"4":379},"cursor":379,"duration_us":213371,"id":379},"kind":"complete","us":35506373571}
2026-09-23 18:17:40: ACTION[Server]: [pregen_diag] {"data":{"cursor":379,"gap_us":57279,"hi":{"x":2687,"y":47,"z":-3233},"id":380,"lo":{"x":2608,"y":-32,"z":-3312},"selection":{"index":380,"inner":0,"x":2608,"y_max":-32,"y_min":-32,"z":-3312}},"kind":"dispatch","us":35506430850}
2026-09-23 18:17:40: ACTION[Emerge-0]: [pregen_diag] {"data":{"actions":{"2":47120,"4":380},"cursor":380,"duration_us":216313,"id":380},"kind":"complete","us":35506647163}
2026-09-23 18:17:40: ACTION[Server]: [pregen_diag] {"data":{"cursor":380,"gap_us":54484,"hi":{"x":2767,"y":47,"z":-3233},"id":381,"lo":{"x":2688,"y":-32,"z":-3312},"selection":{"index":381,"inner":0,"x":2688,"y_max":-32,"y_min":-32,"z":-3312}},"kind":"dispatch","us":35506701646}
2026-09-23 18:17:41: ACTION[Emerge-0]: [pregen_diag] {"data":{"actions":{"2":47244,"4":381},"cursor":381,"duration_us":220381,"id":381},"kind":"complete","us":35506922028}
2026-09-23 18:17:41: ACTION[Server]: [pregen_diag] {"data":{"cursor":381,"gap_us":52751,"hi":{"x":2847,"y":47,"z":-3233},"id":382,"lo":{"x":2768,"y":-32,"z":-3312},"selection":{"index":382,"inner":0,"x":2768,"y_max":-32,"y_min":-32,"z":-3312}},"kind":"dispatch","us":35506974779}
2026-09-23 18:17:41: ACTION[Emerge-0]: [pregen_diag] {"data":{"actions":{"2":47368,"4":382},"cursor":382,"duration_us":226594,"id":382},"kind":"complete","us":35507201373}
2026-09-23 18:17:41: ACTION[Server]: [pregen_diag] {"data":{"cursor":382,"gap_us":47549,"hi":{"x":2927,"y":47,"z":-3233},"id":383,"lo":{"x":2848,"y":-32,"z":-3312},"selection":{"index":383,"inner":0,"x":2848,"y_max":-32,"y_min":-32,"z":-3312}},"kind":"dispatch","us":35507248922}
2026-09-23 18:17:41: ACTION[Server]: [pregen_diag] {"data":{"actions":{"2":47368,"4":382},"callbacks":47750,"cursor":382,"dispatches":383,"failed":false,"pending":true,"persist_us":2542,"persists":35,"scan_max_us":40015,"scan_steps":19,"scan_us":592711,"selection":{"index":383,"inner":0,"x":2848,"y_max":-32,"y_min":-32,"z":-3312},"step_hist":{"89":4,"90":48,"92":4},"step_max_us":92110,"step_us":5058710,"steps":56},"kind":"sample","us":35507304107}
2026-09-23 18:17:41: ACTION[Emerge-0]: [pregen_diag] {"data":{"actions":{"2":47492,"4":383},"cursor":383,"duration_us":223883,"id":383},"kind":"complete","us":35507472805}
2026-09-23 18:17:41: ACTION[Server]: [pregen_diag] {"data":{"cursor":383,"gap_us":46485,"hi":{"x":3007,"y":47,"z":-3233},"id":384,"lo":{"x":2928,"y":-32,"z":-3312},"selection":{"index":384,"inner":0,"x":2928,"y_max":-32,"y_min":-32,"z":-3312}},"kind":"dispatch","us":35507519290}
2026-09-23 18:17:41: ACTION[Emerge-0]: [pregen_diag] {"data":{"actions":{"2":47616,"4":384},"cursor":384,"duration_us":228387,"id":384},"kind":"complete","us":35507747677}
2026-09-23 18:17:41: ACTION[Server]: [pregen_diag] {"data":{"cursor":384,"gap_us":40400,"hi":{"x":3087,"y":47,"z":-3233},"id":385,"lo":{"x":3008,"y":-32,"z":-3312},"selection":{"index":385,"inner":0,"x":3008,"y_max":-32,"y_min":-32,"z":-3312}},"kind":"dispatch","us":35507788077}
2026-09-23 18:17:42: ACTION[Emerge-0]: [pregen_diag] {"data":{"actions":{"2":47740,"4":385},"cursor":385,"duration_us":218499,"id":385},"kind":"complete","us":35508006577}
2026-09-23 18:17:42: ACTION[Server]: [pregen_diag] {"data":{"cursor":385,"gap_us":49260,"hi":{"x":3167,"y":47,"z":-3233},"id":386,"lo":{"x":3088,"y":-32,"z":-3312},"selection":{"index":386,"inner":0,"x":3088,"y_max":-32,"y_min":-32,"z":-3312}},"kind":"dispatch","us":35508055836}
2026-09-23 18:17:42: ACTION[Emerge-0]: [pregen_diag] {"data":{"actions":{"2":47864,"4":386},"cursor":386,"duration_us":212172,"id":386},"kind":"complete","us":35508268008}
2026-09-23 18:17:42: ACTION[Server]: [pregen_diag] {"data":{"cursor":386,"gap_us":57948,"hi":{"x":3247,"y":47,"z":-3233},"id":387,"lo":{"x":3168,"y":-32,"z":-3312},"selection":{"index":387,"inner":0,"x":3168,"y_max":-32,"y_min":-32,"z":-3312}},"kind":"dispatch","us":35508325956}
2026-09-23 18:17:42: ACTION[Emerge-0]: [pregen_diag] {"data":{"actions":{"2":47988,"4":387},"cursor":387,"duration_us":223574,"id":387},"kind":"complete","us":35508549530}
2026-09-23 18:17:42: ACTION[Server]: [pregen_diag] {"data":{"cursor":387,"gap_us":49195,"hi":{"x":3327,"y":47,"z":-3233},"id":388,"lo":{"x":3248,"y":-32,"z":-3312},"selection":{"index":388,"inner":0,"x":3248,"y_max":-32,"y_min":-32,"z":-3312}},"kind":"dispatch","us":35508598725}
2026-09-23 18:17:42: ACTION[Emerge-0]: [pregen_diag] {"data":{"actions":{"2":48112,"4":388},"cursor":388,"duration_us":216166,"id":388},"kind":"complete","us":35508814891}
2026-09-23 18:17:43: ACTION[Server]: [pregen_diag] {"data":{"cursor":388,"gap_us":54285,"hi":{"x":3407,"y":47,"z":-3233},"id":389,"lo":{"x":3328,"y":-32,"z":-3312},"selection":{"index":389,"inner":0,"x":3328,"y_max":-32,"y_min":-32,"z":-3312}},"kind":"dispatch","us":35508869176}
2026-09-23 18:17:43: ACTION[Emerge-0]: [pregen_diag] {"data":{"actions":{"2":48236,"4":389},"cursor":389,"duration_us":217862,"id":389},"kind":"complete","us":35509087038}
2026-09-23 18:17:43: ACTION[Server]: [pregen_diag] {"data":{"cursor":389,"gap_us":53535,"hi":{"x":3487,"y":47,"z":-3233},"id":390,"lo":{"x":3408,"y":-32,"z":-3312},"selection":{"index":390,"inner":0,"x":3408,"y_max":-32,"y_min":-32,"z":-3312}},"kind":"dispatch","us":35509140573}
2026-09-23 18:17:43: ACTION[Emerge-0]: [pregen_diag] {"data":{"actions":{"2":48360,"4":390},"cursor":390,"duration_us":219864,"id":390},"kind":"complete","us":35509360437}
2026-09-23 18:17:43: ACTION[Server]: [pregen_diag] {"data":{"cursor":390,"gap_us":50778,"hi":{"x":3567,"y":47,"z":-3233},"id":391,"lo":{"x":3488,"y":-32,"z":-3312},"selection":{"index":391,"inner":0,"x":3488,"y_max":-32,"y_min":-32,"z":-3312}},"kind":"dispatch","us":35509411215}
2026-09-23 18:17:43: ACTION[Emerge-0]: [pregen_diag] {"data":{"actions":{"2":48484,"4":391},"cursor":391,"duration_us":221049,"id":391},"kind":"complete","us":35509632264}
2026-09-23 18:17:43: ACTION[Server]: [pregen_diag] {"data":{"cursor":391,"gap_us":51377,"hi":{"x":3647,"y":47,"z":-3233},"id":392,"lo":{"x":3568,"y":-32,"z":-3312},"selection":{"index":392,"inner":0,"x":3568,"y_max":-32,"y_min":-32,"z":-3312}},"kind":"dispatch","us":35509683641}
2026-09-23 18:17:44: ACTION[Emerge-0]: [pregen_diag] {"data":{"actions":{"2":48608,"4":392},"cursor":392,"duration_us":220970,"id":392},"kind":"complete","us":35509904612}
2026-09-23 18:17:44: ACTION[Server]: [pregen_diag] {"data":{"cursor":392,"gap_us":49647,"hi":{"x":3727,"y":47,"z":-3233},"id":393,"lo":{"x":3648,"y":-32,"z":-3312},"selection":{"index":393,"inner":0,"x":3648,"y_max":-32,"y_min":-32,"z":-3312}},"kind":"dispatch","us":35509954258}
2026-09-23 18:17:44: ACTION[Emerge-0]: [pregen_diag] {"data":{"actions":{"2":48732,"4":393},"cursor":393,"duration_us":218708,"id":393},"kind":"complete","us":35510172967}
2026-09-23 18:17:44: ACTION[Server]: [pregen_diag] {"data":{"cursor":393,"gap_us":28940,"hi":{"x":3807,"y":47,"z":-3233},"id":394,"lo":{"x":3728,"y":-32,"z":-3312},"selection":{"index":394,"inner":0,"x":3728,"y_max":-32,"y_min":-32,"z":-3312}},"kind":"dispatch","us":35510201905}
2026-09-23 18:17:44: ACTION[Emerge-0]: [pregen_diag] {"data":{"actions":{"2":48856,"4":394},"cursor":394,"duration_us":181930,"id":394},"kind":"complete","us":35510383836}
2026-09-23 18:17:44: ACTION[Server]: [pregen_diag] {"data":{"cursor":394,"gap_us":85404,"hi":{"x":3887,"y":47,"z":-3233},"id":395,"lo":{"x":3808,"y":-32,"z":-3312},"selection":{"index":395,"inner":0,"x":3808,"y_max":-32,"y_min":-32,"z":-3312}},"kind":"dispatch","us":35510469240}
2026-09-23 18:17:44: ACTION[Emerge-0]: [pregen_diag] {"data":{"actions":{"2":48980,"4":395},"cursor":395,"duration_us":174380,"id":395},"kind":"complete","us":35510643620}
2026-09-23 18:17:44: ACTION[Server]: [pregen_diag] {"data":{"cursor":395,"gap_us":5922,"hi":{"x":3967,"y":47,"z":-3233},"id":396,"lo":{"x":3888,"y":-32,"z":-3312},"selection":{"index":396,"inner":0,"x":3888,"y_max":-32,"y_min":-32,"z":-3312}},"kind":"dispatch","us":35510649542}
2026-09-23 18:17:44: ACTION[Emerge-0]: [pregen_diag] {"data":{"actions":{"2":49104,"4":396},"cursor":396,"duration_us":175287,"id":396},"kind":"complete","us":35510824830}
2026-09-23 18:17:44: ACTION[Server]: [pregen_diag] {"data":{"cursor":396,"gap_us":5173,"hi":{"x":-3873,"y":47,"z":-3153},"id":397,"lo":{"x":-3952,"y":-32,"z":-3232},"selection":{"index":397,"inner":0,"x":-3952,"y_max":-32,"y_min":-32,"z":-3232}},"kind":"dispatch","us":35510830002}
2026-09-23 18:17:45: ACTION[Emerge-0]: [pregen_diag] {"data":{"actions":{"2":49228,"4":397},"cursor":397,"duration_us":174639,"id":397},"kind":"complete","us":35511004641}
2026-09-23 18:17:45: ACTION[Server]: [pregen_diag] {"data":{"cursor":397,"gap_us":5566,"hi":{"x":-3793,"y":47,"z":-3153},"id":398,"lo":{"x":-3872,"y":-32,"z":-3232},"selection":{"index":398,"inner":0,"x":-3872,"y_max":-32,"y_min":-32,"z":-3232}},"kind":"dispatch","us":35511010207}
2026-09-23 18:17:45: ACTION[Emerge-0]: [pregen_diag] {"data":{"actions":{"2":49352,"4":398},"cursor":398,"duration_us":178299,"id":398},"kind":"complete","us":35511188507}
2026-09-23 18:17:45: ACTION[Server]: [pregen_diag] {"data":{"cursor":398,"gap_us":103011,"hi":{"x":-3713,"y":47,"z":-3153},"id":399,"lo":{"x":-3792,"y":-32,"z":-3232},"selection":{"index":399,"inner":0,"x":-3792,"y_max":-32,"y_min":-32,"z":-3232}},"kind":"dispatch","us":35511291517}
2026-09-23 18:17:45: ACTION[Emerge-0]: [pregen_diag] {"data":{"actions":{"2":49476,"4":399},"cursor":399,"duration_us":201125,"id":399},"kind":"complete","us":35511492642}
2026-09-23 18:17:45: ACTION[Server]: [pregen_diag] {"data":{"cursor":399,"gap_us":85785,"hi":{"x":-3633,"y":47,"z":-3153},"id":400,"lo":{"x":-3712,"y":-32,"z":-3232},"selection":{"index":400,"inner":0,"x":-3712,"y_max":-32,"y_min":-32,"z":-3232}},"kind":"dispatch","us":35511578427}
2026-09-23 18:17:45: ACTION[Emerge-0]: [pregen_diag] {"data":{"actions":{"2":49600,"4":400},"cursor":400,"duration_us":220795,"id":400},"kind":"complete","us":35511799222}
2026-09-23 18:17:46: ACTION[Server]: [pregen_diag] {"data":{"cursor":400,"gap_us":49302,"hi":{"x":-3553,"y":47,"z":-3153},"id":401,"lo":{"x":-3632,"y":-32,"z":-3232},"selection":{"index":401,"inner":0,"x":-3632,"y_max":-32,"y_min":-32,"z":-3232}},"kind":"dispatch","us":35511848524}
2026-09-23 18:17:46: ACTION[Emerge-0]: [pregen_diag] {"data":{"actions":{"2":49724,"4":401},"cursor":401,"duration_us":215793,"id":401},"kind":"complete","us":35512064317}
2026-09-23 18:17:46: ACTION[Server]: [pregen_diag] {"data":{"cursor":401,"gap_us":54890,"hi":{"x":-3473,"y":47,"z":-3153},"id":402,"lo":{"x":-3552,"y":-32,"z":-3232},"selection":{"index":402,"inner":0,"x":-3552,"y_max":-32,"y_min":-32,"z":-3232}},"kind":"dispatch","us":35512119207}
2026-09-23 18:17:46: ACTION[Emerge-0]: [pregen_diag] {"data":{"actions":{"2":49848,"4":402},"cursor":402,"duration_us":220843,"id":402},"kind":"complete","us":35512340051}
2026-09-23 18:17:46: ACTION[Server]: [pregen_diag] {"data":{"actions":{"2":49848,"4":402},"callbacks":50250,"cursor":402,"dispatches":402,"failed":false,"pending":false,"persist_us":2352,"persists":39,"scan_max_us":34462,"scan_steps":19,"scan_us":437971,"step_hist":{"89":1,"90":54,"92":1},"step_max_us":92076,"step_us":5055515,"steps":56},"kind":"sample","us":35512359620}
2026-09-23 18:17:46: ACTION[Server]: [pregen_diag] {"data":{"cursor":402,"gap_us":49962,"hi":{"x":-3393,"y":47,"z":-3153},"id":403,"lo":{"x":-3472,"y":-32,"z":-3232},"selection":{"index":403,"inner":0,"x":-3472,"y_max":-32,"y_min":-32,"z":-3232}},"kind":"dispatch","us":35512390012}
2026-09-23 18:17:46: ACTION[Emerge-0]: [pregen_diag] {"data":{"actions":{"2":49972,"4":403},"cursor":403,"duration_us":216156,"id":403},"kind":"complete","us":35512606168}
2026-09-23 18:17:46: ACTION[Server]: [pregen_diag] {"data":{"cursor":403,"gap_us":55287,"hi":{"x":-3313,"y":47,"z":-3153},"id":404,"lo":{"x":-3392,"y":-32,"z":-3232},"selection":{"index":404,"inner":0,"x":-3392,"y_max":-32,"y_min":-32,"z":-3232}},"kind":"dispatch","us":35512661454}
2026-09-23 18:17:47: ACTION[Emerge-0]: [pregen_diag] {"data":{"actions":{"2":50096,"4":404},"cursor":404,"duration_us":225820,"id":404},"kind":"complete","us":35512887275}
2026-09-23 18:17:47: ACTION[Server]: [pregen_diag] {"data":{"cursor":404,"gap_us":45456,"hi":{"x":-3233,"y":47,"z":-3153},"id":405,"lo":{"x":-3312,"y":-32,"z":-3232},"selection":{"index":405,"inner":0,"x":-3312,"y_max":-32,"y_min":-32,"z":-3232}},"kind":"dispatch","us":35512932731}
2026-09-23 18:17:47: ACTION[Emerge-0]: [pregen_diag] {"data":{"actions":{"2":50220,"4":405},"cursor":405,"duration_us":220537,"id":405},"kind":"complete","us":35513153268}
2026-09-23 18:17:47: ACTION[Server]: [pregen_diag] {"data":{"cursor":405,"gap_us":50154,"hi":{"x":-3153,"y":47,"z":-3153},"id":406,"lo":{"x":-3232,"y":-32,"z":-3232},"selection":{"index":406,"inner":0,"x":-3232,"y_max":-32,"y_min":-32,"z":-3232}},"kind":"dispatch","us":35513203421}
2026-09-23 18:17:47: ACTION[Emerge-0]: [pregen_diag] {"data":{"actions":{"2":50344,"4":406},"cursor":406,"duration_us":220623,"id":406},"kind":"complete","us":35513424046}
2026-09-23 18:17:47: ACTION[Server]: [pregen_diag] {"data":{"cursor":406,"gap_us":51435,"hi":{"x":-3073,"y":47,"z":-3153},"id":407,"lo":{"x":-3152,"y":-32,"z":-3232},"selection":{"index":407,"inner":0,"x":-3152,"y_max":-32,"y_min":-32,"z":-3232}},"kind":"dispatch","us":35513475480}
2026-09-23 18:17:47: ACTION[Emerge-0]: [pregen_diag] {"data":{"actions":{"2":50468,"4":407},"cursor":407,"duration_us":217361,"id":407},"kind":"complete","us":35513692841}
2026-09-23 18:17:47: ACTION[Server]: [pregen_diag] {"data":{"cursor":407,"gap_us":53218,"hi":{"x":-2993,"y":47,"z":-3153},"id":408,"lo":{"x":-3072,"y":-32,"z":-3232},"selection":{"index":408,"inner":0,"x":-3072,"y_max":-32,"y_min":-32,"z":-3232}},"kind":"dispatch","us":35513746059}
2026-09-23 18:17:48: ACTION[Emerge-0]: [pregen_diag] {"data":{"actions":{"2":50592,"4":408},"cursor":408,"duration_us":221127,"id":408},"kind":"complete","us":35513967186}
2026-09-23 18:17:48: ACTION[Server]: [pregen_diag] {"data":{"cursor":408,"gap_us":52314,"hi":{"x":-2913,"y":47,"z":-3153},"id":409,"lo":{"x":-2992,"y":-32,"z":-3232},"selection":{"index":409,"inner":0,"x":-2992,"y_max":-32,"y_min":-32,"z":-3232}},"kind":"dispatch","us":35514019499}
2026-09-23 18:17:48: ACTION[Emerge-0]: [pregen_diag] {"data":{"actions":{"2":50716,"4":409},"cursor":409,"duration_us":221810,"id":409},"kind":"complete","us":35514241312}
2026-09-23 18:17:48: ACTION[Server]: [pregen_diag] {"data":{"cursor":409,"gap_us":48434,"hi":{"x":-2833,"y":47,"z":-3153},"id":410,"lo":{"x":-2912,"y":-32,"z":-3232},"selection":{"index":410,"inner":0,"x":-2912,"y_max":-32,"y_min":-32,"z":-3232}},"kind":"dispatch","us":35514289744}
2026-09-23 18:17:48: ACTION[Emerge-0]: [pregen_diag] {"data":{"actions":{"2":50840,"4":410},"cursor":410,"duration_us":219502,"id":410},"kind":"complete","us":35514509246}
2026-09-23 18:17:48: ACTION[Server]: [pregen_diag] {"data":{"cursor":410,"gap_us":50763,"hi":{"x":-2753,"y":47,"z":-3153},"id":411,"lo":{"x":-2832,"y":-32,"z":-3232},"selection":{"index":411,"inner":0,"x":-2832,"y_max":-32,"y_min":-32,"z":-3232}},"kind":"dispatch","us":35514560009}
2026-09-23 18:17:48: ACTION[Emerge-0]: [pregen_diag] {"data":{"actions":{"2":50964,"4":411},"cursor":411,"duration_us":220010,"id":411},"kind":"complete","us":35514780019}
2026-09-23 18:17:48: ACTION[Server]: [pregen_diag] {"data":{"cursor":411,"gap_us":49924,"hi":{"x":-2673,"y":47,"z":-3153},"id":412,"lo":{"x":-2752,"y":-32,"z":-3232},"selection":{"index":412,"inner":0,"x":-2752,"y_max":-32,"y_min":-32,"z":-3232}},"kind":"dispatch","us":35514829942}
2026-09-23 18:17:49: ACTION[Emerge-0]: [pregen_diag] {"data":{"actions":{"2":51088,"4":412},"cursor":412,"duration_us":213379,"id":412},"kind":"complete","us":35515043323}
2026-09-23 18:17:49: ACTION[Server]: [pregen_diag] {"data":{"cursor":412,"gap_us":56649,"hi":{"x":-2593,"y":47,"z":-3153},"id":413,"lo":{"x":-2672,"y":-32,"z":-3232},"selection":{"index":413,"inner":0,"x":-2672,"y_max":-32,"y_min":-32,"z":-3232}},"kind":"dispatch","us":35515099971}
2026-09-23 18:17:49: ACTION[Emerge-0]: [pregen_diag] {"data":{"actions":{"2":51212,"4":413},"cursor":413,"duration_us":215698,"id":413},"kind":"complete","us":35515315669}
2026-09-23 18:17:49: ACTION[Server]: [pregen_diag] {"data":{"cursor":413,"gap_us":55975,"hi":{"x":-2513,"y":47,"z":-3153},"id":414,"lo":{"x":-2592,"y":-32,"z":-3232},"selection":{"index":414,"inner":0,"x":-2592,"y_max":-32,"y_min":-32,"z":-3232}},"kind":"dispatch","us":35515371643}
2026-09-23 18:17:49: ACTION[Emerge-0]: [pregen_diag] {"data":{"actions":{"2":51336,"4":414},"cursor":414,"duration_us":211290,"id":414},"kind":"complete","us":35515582934}
2026-09-23 18:17:49: ACTION[Server]: [pregen_diag] {"data":{"cursor":414,"gap_us":58849,"hi":{"x":-2433,"y":47,"z":-3153},"id":415,"lo":{"x":-2512,"y":-32,"z":-3232},"selection":{"index":415,"inner":0,"x":-2512,"y_max":-32,"y_min":-32,"z":-3232}},"kind":"dispatch","us":35515641783}
2026-09-23 18:17:50: ACTION[Emerge-0]: [pregen_diag] {"data":{"actions":{"2":51460,"4":415},"cursor":415,"duration_us":213041,"id":415},"kind":"complete","us":35515854824}
2026-09-23 18:17:50: ACTION[Server]: [pregen_diag] {"data":{"cursor":415,"gap_us":60423,"hi":{"x":-2353,"y":47,"z":-3153},"id":416,"lo":{"x":-2432,"y":-32,"z":-3232},"selection":{"index":416,"inner":0,"x":-2432,"y_max":-32,"y_min":-32,"z":-3232}},"kind":"dispatch","us":35515915246}
2026-09-23 18:17:50: ACTION[Emerge-0]: [pregen_diag] {"data":{"actions":{"2":51584,"4":416},"cursor":416,"duration_us":214545,"id":416},"kind":"complete","us":35516129793}
2026-09-23 18:17:50: ACTION[Server]: [pregen_diag] {"data":{"cursor":416,"gap_us":58427,"hi":{"x":-2273,"y":47,"z":-3153},"id":417,"lo":{"x":-2352,"y":-32,"z":-3232},"selection":{"index":417,"inner":0,"x":-2352,"y_max":-32,"y_min":-32,"z":-3232}},"kind":"dispatch","us":35516188219}
2026-09-23 18:17:50: ACTION[Emerge-0]: [pregen_diag] {"data":{"actions":{"2":51708,"4":417},"cursor":417,"duration_us":216215,"id":417},"kind":"complete","us":35516404435}
2026-09-23 18:17:50: ACTION[Server]: [pregen_diag] {"data":{"cursor":417,"gap_us":58757,"hi":{"x":-2193,"y":47,"z":-3153},"id":418,"lo":{"x":-2272,"y":-32,"z":-3232},"selection":{"index":418,"inner":0,"x":-2272,"y_max":-32,"y_min":-32,"z":-3232}},"kind":"dispatch","us":35516463191}
2026-09-23 18:17:50: ACTION[Emerge-0]: [pregen_diag] {"data":{"actions":{"2":51832,"4":418},"cursor":418,"duration_us":217792,"id":418},"kind":"complete","us":35516680983}
2026-09-23 18:17:50: ACTION[Server]: [pregen_diag] {"data":{"cursor":418,"gap_us":47748,"hi":{"x":-2113,"y":47,"z":-3153},"id":419,"lo":{"x":-2192,"y":-32,"z":-3232},"selection":{"index":419,"inner":0,"x":-2192,"y_max":-32,"y_min":-32,"z":-3232}},"kind":"dispatch","us":35516728730}
2026-09-23 18:17:51: ACTION[Emerge-0]: [pregen_diag] {"data":{"actions":{"2":51956,"4":419},"cursor":419,"duration_us":217115,"id":419},"kind":"complete","us":35516945846}
2026-09-23 18:17:51: ACTION[Server]: [pregen_diag] {"data":{"cursor":419,"gap_us":52913,"hi":{"x":-2033,"y":47,"z":-3153},"id":420,"lo":{"x":-2112,"y":-32,"z":-3232},"selection":{"index":420,"inner":0,"x":-2112,"y_max":-32,"y_min":-32,"z":-3232}},"kind":"dispatch","us":35516998759}
2026-09-23 18:17:51: ACTION[Emerge-0]: [pregen_diag] {"data":{"actions":{"2":52080,"4":420},"cursor":420,"duration_us":216846,"id":420},"kind":"complete","us":35517215605}
2026-09-23 18:17:51: ACTION[Server]: [pregen_diag] {"data":{"cursor":420,"gap_us":53507,"hi":{"x":-1953,"y":47,"z":-3153},"id":421,"lo":{"x":-2032,"y":-32,"z":-3232},"selection":{"index":421,"inner":0,"x":-2032,"y_max":-32,"y_min":-32,"z":-3232}},"kind":"dispatch","us":35517269112}
2026-09-23 18:17:51: ACTION[Server]: [pregen_diag] {"data":{"actions":{"2":52080,"4":420},"callbacks":52500,"cursor":420,"dispatches":421,"failed":false,"pending":true,"persist_us":2565,"persists":37,"scan_max_us":39455,"scan_steps":19,"scan_us":613740,"selection":{"index":421,"inner":0,"x":-2032,"y_max":-32,"y_min":-32,"z":-3232},"step_hist":{"89":1,"90":54,"92":1},"step_max_us":92094,"step_us":5056808,"steps":56},"kind":"sample","us":35517416432}
2026-09-23 18:17:51: ACTION[Emerge-0]: [pregen_diag] {"data":{"actions":{"2":52204,"4":421},"cursor":421,"duration_us":220519,"id":421},"kind":"complete","us":35517489631}
2026-09-23 18:17:51: ACTION[Server]: [pregen_diag] {"data":{"cursor":421,"gap_us":50418,"hi":{"x":-1873,"y":47,"z":-3153},"id":422,"lo":{"x":-1952,"y":-32,"z":-3232},"selection":{"index":422,"inner":0,"x":-1952,"y_max":-32,"y_min":-32,"z":-3232}},"kind":"dispatch","us":35517540048}
2026-09-23 18:17:51: ACTION[Emerge-0]: [pregen_diag] {"data":{"actions":{"2":52328,"4":422},"cursor":422,"duration_us":220816,"id":422},"kind":"complete","us":35517760865}
2026-09-23 18:17:51: ACTION[Server]: [pregen_diag] {"data":{"cursor":422,"gap_us":50237,"hi":{"x":-1793,"y":47,"z":-3153},"id":423,"lo":{"x":-1872,"y":-32,"z":-3232},"selection":{"index":423,"inner":0,"x":-1872,"y_max":-32,"y_min":-32,"z":-3232}},"kind":"dispatch","us":35517811102}
2026-09-23 18:17:52: ACTION[Emerge-0]: [pregen_diag] {"data":{"actions":{"2":52452,"4":423},"cursor":423,"duration_us":231601,"id":423},"kind":"complete","us":35518042703}
2026-09-23 18:17:52: ACTION[Server]: [pregen_diag] {"data":{"cursor":423,"gap_us":42654,"hi":{"x":-1713,"y":47,"z":-3153},"id":424,"lo":{"x":-1792,"y":-32,"z":-3232},"selection":{"index":424,"inner":0,"x":-1792,"y_max":-32,"y_min":-32,"z":-3232}},"kind":"dispatch","us":35518085357}
2026-09-23 18:17:52: ACTION[Emerge-0]: [pregen_diag] {"data":{"actions":{"2":52576,"4":424},"cursor":424,"duration_us":261213,"id":424},"kind":"complete","us":35518346570}
2026-09-23 18:17:52: ACTION[Server]: [pregen_diag] {"data":{"cursor":424,"gap_us":100205,"hi":{"x":-1633,"y":47,"z":-3153},"id":425,"lo":{"x":-1712,"y":-32,"z":-3232},"selection":{"index":425,"inner":0,"x":-1712,"y_max":-32,"y_min":-32,"z":-3232}},"kind":"dispatch","us":35518446775}
2026-09-23 18:17:52: ACTION[Emerge-0]: [pregen_diag] {"data":{"actions":{"2":52700,"4":425},"cursor":425,"duration_us":257559,"id":425},"kind":"complete","us":35518704334}
2026-09-23 18:17:52: ACTION[Server]: [pregen_diag] {"data":{"cursor":425,"gap_us":100380,"hi":{"x":-1553,"y":47,"z":-3153},"id":426,"lo":{"x":-1632,"y":-32,"z":-3232},"selection":{"index":426,"inner":0,"x":-1632,"y_max":-32,"y_min":-32,"z":-3232}},"kind":"dispatch","us":35518804713}
2026-09-23 18:17:53: ACTION[Emerge-0]: [pregen_diag] {"data":{"actions":{"2":52824,"4":426},"cursor":426,"duration_us":255747,"id":426},"kind":"complete","us":35519060461}
2026-09-23 18:17:53: ACTION[Server]: [pregen_diag] {"data":{"cursor":426,"gap_us":101441,"hi":{"x":-1473,"y":47,"z":-3153},"id":427,"lo":{"x":-1552,"y":-32,"z":-3232},"selection":{"index":427,"inner":0,"x":-1552,"y_max":-32,"y_min":-32,"z":-3232}},"kind":"dispatch","us":35519161902}
2026-09-23 18:17:53: ACTION[Emerge-0]: [pregen_diag] {"data":{"actions":{"2":52948,"4":427},"cursor":427,"duration_us":332397,"id":427},"kind":"complete","us":35519494300}
2026-09-23 18:17:53: ACTION[Server]: [pregen_diag] {"data":{"cursor":427,"gap_us":32340,"hi":{"x":-1393,"y":47,"z":-3153},"id":428,"lo":{"x":-1472,"y":-32,"z":-3232},"selection":{"index":428,"inner":0,"x":-1472,"y_max":-32,"y_min":-32,"z":-3232}},"kind":"dispatch","us":35519526639}
2026-09-23 18:17:53: ACTION[Emerge-0]: [pregen_diag] {"data":{"actions":{"2":53072,"4":428},"cursor":428,"duration_us":252453,"id":428},"kind":"complete","us":35519779092}
2026-09-23 18:17:54: ACTION[Server]: [pregen_diag] {"data":{"cursor":428,"gap_us":110348,"hi":{"x":-1313,"y":47,"z":-3153},"id":429,"lo":{"x":-1392,"y":-32,"z":-3232},"selection":{"index":429,"inner":0,"x":-1392,"y_max":-32,"y_min":-32,"z":-3232}},"kind":"dispatch","us":35519889440}
2026-09-23 18:17:54: ACTION[Emerge-0]: [pregen_diag] {"data":{"actions":{"2":53196,"4":429},"cursor":429,"duration_us":254667,"id":429},"kind":"complete","us":35520144107}
2026-09-23 18:17:54: ACTION[Server]: [pregen_diag] {"data":{"cursor":429,"gap_us":107397,"hi":{"x":-1233,"y":47,"z":-3153},"id":430,"lo":{"x":-1312,"y":-32,"z":-3232},"selection":{"index":430,"inner":0,"x":-1312,"y_max":-32,"y_min":-32,"z":-3232}},"kind":"dispatch","us":35520251504}
2026-09-23 18:17:54: ACTION[Emerge-0]: [pregen_diag] {"data":{"actions":{"2":53320,"4":430},"cursor":430,"duration_us":269343,"id":430},"kind":"complete","us":35520520848}
2026-09-23 18:17:54: ACTION[Server]: [pregen_diag] {"data":{"cursor":430,"gap_us":91149,"hi":{"x":-1153,"y":47,"z":-3153},"id":431,"lo":{"x":-1232,"y":-32,"z":-3232},"selection":{"index":431,"inner":0,"x":-1232,"y_max":-32,"y_min":-32,"z":-3232}},"kind":"dispatch","us":35520611996}
2026-09-23 18:17:55: ACTION[Emerge-0]: [pregen_diag] {"data":{"actions":{"2":53444,"4":431},"cursor":431,"duration_us":265855,"id":431},"kind":"complete","us":35520877851}
2026-09-23 18:17:55: ACTION[Server]: [pregen_diag] {"data":{"cursor":431,"gap_us":161604,"hi":{"x":-1073,"y":47,"z":-3153},"id":432,"lo":{"x":-1152,"y":-32,"z":-3232},"selection":{"index":432,"inner":0,"x":-1152,"y_max":-32,"y_min":-32,"z":-3232}},"kind":"dispatch","us":35521039454}
2026-09-23 18:17:55: ACTION[Emerge-0]: [pregen_diag] {"data":{"actions":{"2":53568,"4":432},"cursor":432,"duration_us":261464,"id":432},"kind":"complete","us":35521300919}
2026-09-23 18:17:55: ACTION[Server]: [pregen_diag] {"data":{"cursor":432,"gap_us":113007,"hi":{"x":-993,"y":47,"z":-3153},"id":433,"lo":{"x":-1072,"y":-32,"z":-3232},"selection":{"index":433,"inner":0,"x":-1072,"y_max":-32,"y_min":-32,"z":-3232}},"kind":"dispatch","us":35521413926}
2026-09-23 18:17:55: ACTION[Emerge-0]: [pregen_diag] {"data":{"actions":{"2":53692,"4":433},"cursor":433,"duration_us":249983,"id":433},"kind":"complete","us":35521663909}
2026-09-23 18:17:55: ACTION[Server]: [pregen_diag] {"data":{"cursor":433,"gap_us":115465,"hi":{"x":-913,"y":47,"z":-3153},"id":434,"lo":{"x":-992,"y":-32,"z":-3232},"selection":{"index":434,"inner":0,"x":-992,"y_max":-32,"y_min":-32,"z":-3232}},"kind":"dispatch","us":35521779374}
2026-09-23 18:17:56: ACTION[Emerge-0]: [pregen_diag] {"data":{"actions":{"2":53816,"4":434},"cursor":434,"duration_us":250205,"id":434},"kind":"complete","us":35522029579}
2026-09-23 18:17:56: ACTION[Server]: [pregen_diag] {"data":{"cursor":434,"gap_us":188748,"hi":{"x":-833,"y":47,"z":-3153},"id":435,"lo":{"x":-912,"y":-32,"z":-3232},"selection":{"index":435,"inner":0,"x":-912,"y_max":-32,"y_min":-32,"z":-3232}},"kind":"dispatch","us":35522218327}
2026-09-23 18:17:56: ACTION[Emerge-0]: [pregen_diag] {"data":{"actions":{"2":53940,"4":435},"cursor":435,"duration_us":252915,"id":435},"kind":"complete","us":35522471243}
2026-09-23 18:17:56: ACTION[Server]: [pregen_diag] {"data":{"actions":{"2":53940,"4":435},"callbacks":54375,"cursor":435,"dispatches":435,"failed":false,"pending":false,"persist_us":2790,"persists":29,"scan_max_us":40087,"scan_steps":18,"scan_us":544170,"step_hist":{"87":1,"89":1,"90":51,"91":2,"98":1},"step_max_us":98807,"step_us":5062317,"steps":56},"kind":"sample","us":35522478746}
2026-09-23 18:17:56: ACTION[Server]: [pregen_diag] {"data":{"cursor":435,"gap_us":34512,"hi":{"x":-753,"y":47,"z":-3153},"id":436,"lo":{"x":-832,"y":-32,"z":-3232},"selection":{"index":436,"inner":0,"x":-832,"y_max":-32,"y_min":-32,"z":-3232}},"kind":"dispatch","us":35522505753}
2026-09-23 18:17:56: ACTION[Emerge-0]: [pregen_diag] {"data":{"actions":{"2":54064,"4":436},"cursor":436,"duration_us":251738,"id":436},"kind":"complete","us":35522757492}
2026-09-23 18:17:57: ACTION[Server]: [pregen_diag] {"data":{"cursor":436,"gap_us":111992,"hi":{"x":-673,"y":47,"z":-3153},"id":437,"lo":{"x":-752,"y":-32,"z":-3232},"selection":{"index":437,"inner":0,"x":-752,"y_max":-32,"y_min":-32,"z":-3232}},"kind":"dispatch","us":35522869483}
2026-09-23 18:17:57: ACTION[Emerge-0]: [pregen_diag] {"data":{"actions":{"2":54188,"4":437},"cursor":437,"duration_us":261302,"id":437},"kind":"complete","us":35523130786}
2026-09-23 18:17:57: ACTION[Server]: [pregen_diag] {"data":{"cursor":437,"gap_us":99372,"hi":{"x":-593,"y":47,"z":-3153},"id":438,"lo":{"x":-672,"y":-32,"z":-3232},"selection":{"index":438,"inner":0,"x":-672,"y_max":-32,"y_min":-32,"z":-3232}},"kind":"dispatch","us":35523230157}
2026-09-23 18:17:57: ACTION[Emerge-0]: [pregen_diag] {"data":{"actions":{"2":54312,"4":438},"cursor":438,"duration_us":262711,"id":438},"kind":"complete","us":35523492869}
2026-09-23 18:17:57: ACTION[Server]: [pregen_diag] {"data":{"cursor":438,"gap_us":98944,"hi":{"x":-513,"y":47,"z":-3153},"id":439,"lo":{"x":-592,"y":-32,"z":-3232},"selection":{"index":439,"inner":0,"x":-592,"y_max":-32,"y_min":-32,"z":-3232}},"kind":"dispatch","us":35523591813}
2026-09-23 18:17:58: ACTION[Emerge-0]: [pregen_diag] {"data":{"actions":{"2":54436,"4":439},"cursor":439,"duration_us":267243,"id":439},"kind":"complete","us":35523859056}
2026-09-23 18:17:58: ACTION[Server]: [pregen_diag] {"data":{"cursor":439,"gap_us":92883,"hi":{"x":-433,"y":47,"z":-3153},"id":440,"lo":{"x":-512,"y":-32,"z":-3232},"selection":{"index":440,"inner":0,"x":-512,"y_max":-32,"y_min":-32,"z":-3232}},"kind":"dispatch","us":35523951939}
2026-09-23 18:17:58: ACTION[Emerge-0]: [pregen_diag] {"data":{"actions":{"2":54560,"4":440},"cursor":440,"duration_us":261099,"id":440},"kind":"complete","us":35524213039}
2026-09-23 18:17:58: ACTION[Server]: [pregen_diag] {"data":{"cursor":440,"gap_us":98926,"hi":{"x":-353,"y":47,"z":-3153},"id":441,"lo":{"x":-432,"y":-32,"z":-3232},"selection":{"index":441,"inner":0,"x":-432,"y_max":-32,"y_min":-32,"z":-3232}},"kind":"dispatch","us":35524311964}
2026-09-23 18:17:58: ACTION[Emerge-0]: [pregen_diag] {"data":{"actions":{"2":54684,"4":441},"cursor":441,"duration_us":252313,"id":441},"kind":"complete","us":35524564278}
2026-09-23 18:17:58: ACTION[Server]: [pregen_diag] {"data":{"cursor":441,"gap_us":112603,"hi":{"x":-273,"y":47,"z":-3153},"id":442,"lo":{"x":-352,"y":-32,"z":-3232},"selection":{"index":442,"inner":0,"x":-352,"y_max":-32,"y_min":-32,"z":-3232}},"kind":"dispatch","us":35524676880}
2026-09-23 18:17:59: ACTION[Emerge-0]: [pregen_diag] {"data":{"actions":{"2":54808,"4":442},"cursor":442,"duration_us":261811,"id":442},"kind":"complete","us":35524938692}
2026-09-23 18:17:59: ACTION[Server]: [pregen_diag] {"data":{"cursor":442,"gap_us":104082,"hi":{"x":-193,"y":47,"z":-3153},"id":443,"lo":{"x":-272,"y":-32,"z":-3232},"selection":{"index":443,"inner":0,"x":-272,"y_max":-32,"y_min":-32,"z":-3232}},"kind":"dispatch","us":35525042773}
2026-09-23 18:17:59: ACTION[Emerge-0]: [pregen_diag] {"data":{"actions":{"2":54932,"4":443},"cursor":443,"duration_us":255752,"id":443},"kind":"complete","us":35525298525}
2026-09-23 18:17:59: ACTION[Server]: [pregen_diag] {"data":{"cursor":443,"gap_us":103826,"hi":{"x":-113,"y":47,"z":-3153},"id":444,"lo":{"x":-192,"y":-32,"z":-3232},"selection":{"index":444,"inner":0,"x":-192,"y_max":-32,"y_min":-32,"z":-3232}},"kind":"dispatch","us":35525402351}
2026-09-23 18:17:59: ACTION[Emerge-0]: [pregen_diag] {"data":{"actions":{"2":55056,"4":444},"cursor":444,"duration_us":252502,"id":444},"kind":"complete","us":35525654853}
2026-09-23 18:17:59: ACTION[Server]: [pregen_diag] {"data":{"cursor":444,"gap_us":107659,"hi":{"x":-33,"y":47,"z":-3153},"id":445,"lo":{"x":-112,"y":-32,"z":-3232},"selection":{"index":445,"inner":0,"x":-112,"y_max":-32,"y_min":-32,"z":-3232}},"kind":"dispatch","us":35525762511}
2026-09-23 18:18:00: ACTION[Emerge-0]: [pregen_diag] {"data":{"actions":{"2":55180,"4":445},"cursor":445,"duration_us":234199,"id":445},"kind":"complete","us":35525996711}
2026-09-23 18:18:00: ACTION[Server]: [pregen_diag] {"data":{"cursor":445,"gap_us":35146,"hi":{"x":47,"y":47,"z":-3153},"id":446,"lo":{"x":-32,"y":-32,"z":-3232},"selection":{"index":446,"inner":0,"x":-32,"y_max":-32,"y_min":-32,"z":-3232}},"kind":"dispatch","us":35526031857}
2026-09-23 18:18:00: ACTION[Emerge-0]: [pregen_diag] {"data":{"actions":{"2":55304,"4":446},"cursor":446,"duration_us":218533,"id":446},"kind":"complete","us":35526250390}
2026-09-23 18:18:00: ACTION[Server]: [pregen_diag] {"data":{"cursor":446,"gap_us":49881,"hi":{"x":127,"y":47,"z":-3153},"id":447,"lo":{"x":48,"y":-32,"z":-3232},"selection":{"index":447,"inner":0,"x":48,"y_max":-32,"y_min":-32,"z":-3232}},"kind":"dispatch","us":35526300271}
2026-09-23 18:18:00: ACTION[Emerge-0]: [pregen_diag] {"data":{"actions":{"2":55428,"4":447},"cursor":447,"duration_us":231846,"id":447},"kind":"complete","us":35526532117}
2026-09-23 18:18:00: ACTION[Server]: [pregen_diag] {"data":{"cursor":447,"gap_us":39314,"hi":{"x":207,"y":47,"z":-3153},"id":448,"lo":{"x":128,"y":-32,"z":-3232},"selection":{"index":448,"inner":0,"x":128,"y_max":-32,"y_min":-32,"z":-3232}},"kind":"dispatch","us":35526571431}
2026-09-23 18:18:00: ACTION[Emerge-0]: [pregen_diag] {"data":{"actions":{"2":55552,"4":448},"cursor":448,"duration_us":240348,"id":448},"kind":"complete","us":35526811779}
2026-09-23 18:18:01: ACTION[Server]: [pregen_diag] {"data":{"cursor":448,"gap_us":30938,"hi":{"x":287,"y":47,"z":-3153},"id":449,"lo":{"x":208,"y":-32,"z":-3232},"selection":{"index":449,"inner":0,"x":208,"y_max":-32,"y_min":-32,"z":-3232}},"kind":"dispatch","us":35526842717}
2026-09-23 18:18:01: ACTION[Emerge-0]: [pregen_diag] {"data":{"actions":{"2":55676,"4":449},"cursor":449,"duration_us":248272,"id":449},"kind":"complete","us":35527090989}
2026-09-23 18:18:01: ACTION[Server]: [pregen_diag] {"data":{"cursor":449,"gap_us":112277,"hi":{"x":367,"y":47,"z":-3153},"id":450,"lo":{"x":288,"y":-32,"z":-3232},"selection":{"index":450,"inner":0,"x":288,"y_max":-32,"y_min":-32,"z":-3232}},"kind":"dispatch","us":35527203265}
2026-09-23 18:18:01: ACTION[Emerge-0]: [pregen_diag] {"data":{"actions":{"2":55800,"4":450},"cursor":450,"duration_us":259718,"id":450},"kind":"complete","us":35527462984}
2026-09-23 18:18:01: ACTION[Server]: [pregen_diag] {"data":{"actions":{"2":55800,"4":450},"callbacks":56250,"cursor":450,"dispatches":450,"failed":false,"pending":false,"persist_us":2131,"persists":30,"scan_max_us":36224,"scan_steps":15,"scan_us":466850,"step_hist":{"89":1,"90":54,"92":1},"step_max_us":92105,"step_us":5055086,"steps":56},"kind":"sample","us":35527533832}
2026-09-23 18:18:01: ACTION[Server]: [pregen_diag] {"data":{"cursor":450,"gap_us":100589,"hi":{"x":447,"y":47,"z":-3153},"id":451,"lo":{"x":368,"y":-32,"z":-3232},"selection":{"index":451,"inner":0,"x":368,"y_max":-32,"y_min":-32,"z":-3232}},"kind":"dispatch","us":35527563573}
2026-09-23 18:18:01: ACTION[Emerge-0]: [pregen_diag] {"data":{"actions":{"2":55924,"4":451},"cursor":451,"duration_us":263304,"id":451},"kind":"complete","us":35527826877}
2026-09-23 18:18:02: ACTION[Server]: [pregen_diag] {"data":{"cursor":451,"gap_us":96257,"hi":{"x":527,"y":47,"z":-3153},"id":452,"lo":{"x":448,"y":-32,"z":-3232},"selection":{"index":452,"inner":0,"x":448,"y_max":-32,"y_min":-32,"z":-3232}},"kind":"dispatch","us":35527923134}
2026-09-23 18:18:02: ACTION[Emerge-0]: [pregen_diag] {"data":{"actions":{"2":56048,"4":452},"cursor":452,"duration_us":259819,"id":452},"kind":"complete","us":35528182954}
2026-09-23 18:18:02: ACTION[Server]: [pregen_diag] {"data":{"cursor":452,"gap_us":98510,"hi":{"x":607,"y":47,"z":-3153},"id":453,"lo":{"x":528,"y":-32,"z":-3232},"selection":{"index":453,"inner":0,"x":528,"y_max":-32,"y_min":-32,"z":-3232}},"kind":"dispatch","us":35528281462}
2026-09-23 18:18:02: ACTION[Emerge-0]: [pregen_diag] {"data":{"actions":{"2":56172,"4":453},"cursor":453,"duration_us":250686,"id":453},"kind":"complete","us":35528532149}
2026-09-23 18:18:02: ACTION[Server]: [pregen_diag] {"data":{"cursor":453,"gap_us":111171,"hi":{"x":687,"y":47,"z":-3153},"id":454,"lo":{"x":608,"y":-32,"z":-3232},"selection":{"index":454,"inner":0,"x":608,"y_max":-32,"y_min":-32,"z":-3232}},"kind":"dispatch","us":35528643320}
2026-09-23 18:18:03: ACTION[Emerge-0]: [pregen_diag] {"data":{"actions":{"2":56296,"4":454},"cursor":454,"duration_us":248255,"id":454},"kind":"complete","us":35528891575}
2026-09-23 18:18:03: ACTION[Server]: [pregen_diag] {"data":{"cursor":454,"gap_us":112378,"hi":{"x":767,"y":47,"z":-3153},"id":455,"lo":{"x":688,"y":-32,"z":-3232},"selection":{"index":455,"inner":0,"x":688,"y_max":-32,"y_min":-32,"z":-3232}},"kind":"dispatch","us":35529003953}
2026-09-23 18:18:03: ACTION[Emerge-0]: [pregen_diag] {"data":{"actions":{"2":56420,"4":455},"cursor":455,"duration_us":249033,"id":455},"kind":"complete","us":35529252986}
2026-09-23 18:18:03: ACTION[Server]: [pregen_diag] {"data":{"cursor":455,"gap_us":114015,"hi":{"x":847,"y":47,"z":-3153},"id":456,"lo":{"x":768,"y":-32,"z":-3232},"selection":{"index":456,"inner":0,"x":768,"y_max":-32,"y_min":-32,"z":-3232}},"kind":"dispatch","us":35529367001}
2026-09-23 18:18:03: ACTION[Emerge-0]: [pregen_diag] {"data":{"actions":{"2":56544,"4":456},"cursor":456,"duration_us":255110,"id":456},"kind":"complete","us":35529622111}
2026-09-23 18:18:03: ACTION[Server]: [pregen_diag] {"data":{"cursor":456,"gap_us":106397,"hi":{"x":927,"y":47,"z":-3153},"id":457,"lo":{"x":848,"y":-32,"z":-3232},"selection":{"index":457,"inner":0,"x":848,"y_max":-32,"y_min":-32,"z":-3232}},"kind":"dispatch","us":35529728508}
2026-09-23 18:18:04: ACTION[Emerge-0]: [pregen_diag] {"data":{"actions":{"2":56668,"4":457},"cursor":457,"duration_us":255082,"id":457},"kind":"complete","us":35529983590}
2026-09-23 18:18:04: ACTION[Server]: [pregen_diag] {"data":{"cursor":457,"gap_us":105558,"hi":{"x":1007,"y":47,"z":-3153},"id":458,"lo":{"x":928,"y":-32,"z":-3232},"selection":{"index":458,"inner":0,"x":928,"y_max":-32,"y_min":-32,"z":-3232}},"kind":"dispatch","us":35530089148}
2026-09-23 18:18:04: ACTION[Emerge-0]: [pregen_diag] {"data":{"actions":{"2":56792,"4":458},"cursor":458,"duration_us":257269,"id":458},"kind":"complete","us":35530346418}
2026-09-23 18:18:04: ACTION[Server]: [pregen_diag] {"data":{"cursor":458,"gap_us":102728,"hi":{"x":1087,"y":47,"z":-3153},"id":459,"lo":{"x":1008,"y":-32,"z":-3232},"selection":{"index":459,"inner":0,"x":1008,"y_max":-32,"y_min":-32,"z":-3232}},"kind":"dispatch","us":35530449145}
2026-09-23 18:18:04: ACTION[Emerge-0]: [pregen_diag] {"data":{"actions":{"2":56916,"4":459},"cursor":459,"duration_us":253065,"id":459},"kind":"complete","us":35530702210}
2026-09-23 18:18:04: ACTION[Server]: [pregen_diag] {"data":{"cursor":459,"gap_us":107768,"hi":{"x":1167,"y":47,"z":-3153},"id":460,"lo":{"x":1088,"y":-32,"z":-3232},"selection":{"index":460,"inner":0,"x":1088,"y_max":-32,"y_min":-32,"z":-3232}},"kind":"dispatch","us":35530809978}
2026-09-23 18:18:05: ACTION[Emerge-0]: [pregen_diag] {"data":{"actions":{"2":57040,"4":460},"cursor":460,"duration_us":253790,"id":460},"kind":"complete","us":35531063769}
2026-09-23 18:18:05: ACTION[Server]: [pregen_diag] {"data":{"cursor":460,"gap_us":106858,"hi":{"x":1247,"y":47,"z":-3153},"id":461,"lo":{"x":1168,"y":-32,"z":-3232},"selection":{"index":461,"inner":0,"x":1168,"y_max":-32,"y_min":-32,"z":-3232}},"kind":"dispatch","us":35531170626}
2026-09-23 18:18:05: ACTION[Emerge-0]: [pregen_diag] {"data":{"actions":{"2":57164,"4":461},"cursor":461,"duration_us":252235,"id":461},"kind":"complete","us":35531422861}
2026-09-23 18:18:05: ACTION[Server]: [pregen_diag] {"data":{"cursor":461,"gap_us":107310,"hi":{"x":1327,"y":47,"z":-3153},"id":462,"lo":{"x":1248,"y":-32,"z":-3232},"selection":{"index":462,"inner":0,"x":1248,"y_max":-32,"y_min":-32,"z":-3232}},"kind":"dispatch","us":35531530171}
2026-09-23 18:18:05: ACTION[Emerge-0]: [pregen_diag] {"data":{"actions":{"2":57288,"4":462},"cursor":462,"duration_us":246285,"id":462},"kind":"complete","us":35531776456}
2026-09-23 18:18:06: ACTION[Server]: [pregen_diag] {"data":{"cursor":462,"gap_us":115145,"hi":{"x":1407,"y":47,"z":-3153},"id":463,"lo":{"x":1328,"y":-32,"z":-3232},"selection":{"index":463,"inner":0,"x":1328,"y_max":-32,"y_min":-32,"z":-3232}},"kind":"dispatch","us":35531891601}
2026-09-23 18:18:06: ACTION[Emerge-0]: [pregen_diag] {"data":{"actions":{"2":57412,"4":463},"cursor":463,"duration_us":245172,"id":463},"kind":"complete","us":35532136773}
2026-09-23 18:18:06: ACTION[Server]: [pregen_diag] {"data":{"cursor":463,"gap_us":115660,"hi":{"x":1487,"y":47,"z":-3153},"id":464,"lo":{"x":1408,"y":-32,"z":-3232},"selection":{"index":464,"inner":0,"x":1408,"y_max":-32,"y_min":-32,"z":-3232}},"kind":"dispatch","us":35532252433}
2026-09-23 18:18:06: ACTION[Emerge-0]: [pregen_diag] {"data":{"actions":{"2":57536,"4":464},"cursor":464,"duration_us":243768,"id":464},"kind":"complete","us":35532496201}
2026-09-23 18:18:06: ACTION[Server]: [pregen_diag] {"data":{"cursor":464,"gap_us":28723,"hi":{"x":1567,"y":47,"z":-3153},"id":465,"lo":{"x":1488,"y":-32,"z":-3232},"selection":{"index":465,"inner":0,"x":1488,"y_max":-32,"y_min":-32,"z":-3232}},"kind":"dispatch","us":35532524924}
2026-09-23 18:18:06: ACTION[Server]: [pregen_diag] {"data":{"actions":{"2":57536,"4":464},"callbacks":58000,"cursor":464,"dispatches":465,"failed":false,"pending":true,"persist_us":1965,"persists":29,"scan_max_us":29663,"scan_steps":15,"scan_us":408852,"selection":{"index":465,"inner":0,"x":1488,"y_max":-32,"y_min":-32,"z":-3232},"step_hist":{"89":1,"90":54,"91":1},"step_max_us":91354,"step_us":5054305,"steps":56},"kind":"sample","us":35532588138}
2026-09-23 18:18:06: ACTION[Emerge-0]: [pregen_diag] {"data":{"actions":{"2":57660,"4":465},"cursor":465,"duration_us":251094,"id":465},"kind":"complete","us":35532776018}
2026-09-23 18:18:07: ACTION[Server]: [pregen_diag] {"data":{"cursor":465,"gap_us":114192,"hi":{"x":1647,"y":47,"z":-3153},"id":466,"lo":{"x":1568,"y":-32,"z":-3232},"selection":{"index":466,"inner":0,"x":1568,"y_max":-32,"y_min":-32,"z":-3232}},"kind":"dispatch","us":35532890209}
2026-09-23 18:18:07: ACTION[Emerge-0]: [pregen_diag] {"data":{"actions":{"2":57784,"4":466},"cursor":466,"duration_us":250849,"id":466},"kind":"complete","us":35533141059}
2026-09-23 18:18:07: ACTION[Server]: [pregen_diag] {"data":{"cursor":466,"gap_us":111387,"hi":{"x":1727,"y":47,"z":-3153},"id":467,"lo":{"x":1648,"y":-32,"z":-3232},"selection":{"index":467,"inner":0,"x":1648,"y_max":-32,"y_min":-32,"z":-3232}},"kind":"dispatch","us":35533252445}
2026-09-23 18:18:07: ACTION[Emerge-0]: [pregen_diag] {"data":{"actions":{"2":57908,"4":467},"cursor":467,"duration_us":251610,"id":467},"kind":"complete","us":35533504056}
2026-09-23 18:18:07: ACTION[Server]: [pregen_diag] {"data":{"cursor":467,"gap_us":107946,"hi":{"x":1807,"y":47,"z":-3153},"id":468,"lo":{"x":1728,"y":-32,"z":-3232},"selection":{"index":468,"inner":0,"x":1728,"y_max":-32,"y_min":-32,"z":-3232}},"kind":"dispatch","us":35533612001}
2026-09-23 18:18:08: ACTION[Emerge-0]: [pregen_diag] {"data":{"actions":{"2":58032,"4":468},"cursor":468,"duration_us":250673,"id":468},"kind":"complete","us":35533862675}
2026-09-23 18:18:08: ACTION[Server]: [pregen_diag] {"data":{"cursor":468,"gap_us":108282,"hi":{"x":1887,"y":47,"z":-3153},"id":469,"lo":{"x":1808,"y":-32,"z":-3232},"selection":{"index":469,"inner":0,"x":1808,"y_max":-32,"y_min":-32,"z":-3232}},"kind":"dispatch","us":35533970956}
2026-09-23 18:18:08: ACTION[Emerge-0]: [pregen_diag] {"data":{"actions":{"2":58156,"4":469},"cursor":469,"duration_us":219076,"id":469},"kind":"complete","us":35534190033}
2026-09-23 18:18:08: ACTION[Server]: [pregen_diag] {"data":{"cursor":469,"gap_us":51803,"hi":{"x":1967,"y":47,"z":-3153},"id":470,"lo":{"x":1888,"y":-32,"z":-3232},"selection":{"index":470,"inner":0,"x":1888,"y_max":-32,"y_min":-32,"z":-3232}},"kind":"dispatch","us":35534241836}
2026-09-23 18:18:08: ACTION[Emerge-0]: [pregen_diag] {"data":{"actions":{"2":58280,"4":470},"cursor":470,"duration_us":219007,"id":470},"kind":"complete","us":35534460844}
2026-09-23 18:18:08: ACTION[Server]: [pregen_diag] {"data":{"cursor":470,"gap_us":53114,"hi":{"x":2047,"y":47,"z":-3153},"id":471,"lo":{"x":1968,"y":-32,"z":-3232},"selection":{"index":471,"inner":0,"x":1968,"y_max":-32,"y_min":-32,"z":-3232}},"kind":"dispatch","us":35534513957}
2026-09-23 18:18:08: ACTION[Emerge-0]: [pregen_diag] {"data":{"actions":{"2":58404,"4":471},"cursor":471,"duration_us":224637,"id":471},"kind":"complete","us":35534738594}
2026-09-23 18:18:08: ACTION[Server]: [pregen_diag] {"data":{"cursor":471,"gap_us":48697,"hi":{"x":2127,"y":47,"z":-3153},"id":472,"lo":{"x":2048,"y":-32,"z":-3232},"selection":{"index":472,"inner":0,"x":2048,"y_max":-32,"y_min":-32,"z":-3232}},"kind":"dispatch","us":35534787291}
2026-09-23 18:18:09: ACTION[Emerge-0]: [pregen_diag] {"data":{"actions":{"2":58528,"4":472},"cursor":472,"duration_us":221178,"id":472},"kind":"complete","us":35535008469}
2026-09-23 18:18:09: ACTION[Server]: [pregen_diag] {"data":{"cursor":472,"gap_us":48282,"hi":{"x":2207,"y":47,"z":-3153},"id":473,"lo":{"x":2128,"y":-32,"z":-3232},"selection":{"index":473,"inner":0,"x":2128,"y_max":-32,"y_min":-32,"z":-3232}},"kind":"dispatch","us":35535056750}
2026-09-23 18:18:09: ACTION[Emerge-0]: [pregen_diag] {"data":{"actions":{"2":58652,"4":473},"cursor":473,"duration_us":246372,"id":473},"kind":"complete","us":35535303123}
2026-09-23 18:18:09: ACTION[Server]: [pregen_diag] {"data":{"cursor":473,"gap_us":114751,"hi":{"x":2287,"y":47,"z":-3153},"id":474,"lo":{"x":2208,"y":-32,"z":-3232},"selection":{"index":474,"inner":0,"x":2208,"y_max":-32,"y_min":-32,"z":-3232}},"kind":"dispatch","us":35535417874}
2026-09-23 18:18:09: ACTION[Emerge-0]: [pregen_diag] {"data":{"actions":{"2":58776,"4":474},"cursor":474,"duration_us":255931,"id":474},"kind":"complete","us":35535673805}
2026-09-23 18:18:09: ACTION[Server]: [pregen_diag] {"data":{"cursor":474,"gap_us":105645,"hi":{"x":2367,"y":47,"z":-3153},"id":475,"lo":{"x":2288,"y":-32,"z":-3232},"selection":{"index":475,"inner":0,"x":2288,"y_max":-32,"y_min":-32,"z":-3232}},"kind":"dispatch","us":35535779451}
2026-09-23 18:18:10: ACTION[Emerge-0]: [pregen_diag] {"data":{"actions":{"2":58900,"4":475},"cursor":475,"duration_us":256817,"id":475},"kind":"complete","us":35536036267}
2026-09-23 18:18:10: ACTION[Server]: [pregen_diag] {"data":{"cursor":475,"gap_us":104890,"hi":{"x":2447,"y":47,"z":-3153},"id":476,"lo":{"x":2368,"y":-32,"z":-3232},"selection":{"index":476,"inner":0,"x":2368,"y_max":-32,"y_min":-32,"z":-3232}},"kind":"dispatch","us":35536141157}
2026-09-23 18:18:10: ACTION[Emerge-0]: [pregen_diag] {"data":{"actions":{"2":59024,"4":476},"cursor":476,"duration_us":264519,"id":476},"kind":"complete","us":35536405676}
2026-09-23 18:18:10: ACTION[Server]: [pregen_diag] {"data":{"cursor":476,"gap_us":96579,"hi":{"x":2527,"y":47,"z":-3153},"id":477,"lo":{"x":2448,"y":-32,"z":-3232},"selection":{"index":477,"inner":0,"x":2448,"y_max":-32,"y_min":-32,"z":-3232}},"kind":"dispatch","us":35536502255}
2026-09-23 18:18:10: ACTION[Emerge-0]: [pregen_diag] {"data":{"actions":{"2":59148,"4":477},"cursor":477,"duration_us":265568,"id":477},"kind":"complete","us":35536767823}
2026-09-23 18:18:11: ACTION[Server]: [pregen_diag] {"data":{"cursor":477,"gap_us":93224,"hi":{"x":2607,"y":47,"z":-3153},"id":478,"lo":{"x":2528,"y":-32,"z":-3232},"selection":{"index":478,"inner":0,"x":2528,"y_max":-32,"y_min":-32,"z":-3232}},"kind":"dispatch","us":35536861047}
2026-09-23 18:18:11: ACTION[Emerge-0]: [pregen_diag] {"data":{"actions":{"2":59272,"4":478},"cursor":478,"duration_us":266632,"id":478},"kind":"complete","us":35537127680}
2026-09-23 18:18:11: ACTION[Server]: [pregen_diag] {"data":{"cursor":478,"gap_us":94730,"hi":{"x":2687,"y":47,"z":-3153},"id":479,"lo":{"x":2608,"y":-32,"z":-3232},"selection":{"index":479,"inner":0,"x":2608,"y_max":-32,"y_min":-32,"z":-3232}},"kind":"dispatch","us":35537222409}
2026-09-23 18:18:11: ACTION[Emerge-0]: [pregen_diag] {"data":{"actions":{"2":59396,"4":479},"cursor":479,"duration_us":260010,"id":479},"kind":"complete","us":35537482419}
2026-09-23 18:18:11: ACTION[Server]: [pregen_diag] {"data":{"cursor":479,"gap_us":102248,"hi":{"x":2767,"y":47,"z":-3153},"id":480,"lo":{"x":2688,"y":-32,"z":-3232},"selection":{"index":480,"inner":0,"x":2688,"y_max":-32,"y_min":-32,"z":-3232}},"kind":"dispatch","us":35537584667}
2026-09-23 18:18:11: ACTION[Server]: [pregen_diag] {"data":{"actions":{"2":59396,"4":479},"callbacks":59875,"cursor":479,"dispatches":480,"failed":false,"pending":true,"persist_us":2079,"persists":30,"scan_max_us":33636,"scan_steps":15,"scan_us":464149,"selection":{"index":480,"inner":0,"x":2688,"y_max":-32,"y_min":-32,"z":-3232},"step_hist":{"90":56},"step_max_us":90991,"step_us":5056745,"steps":56},"kind":"sample","us":35537644883}
2026-09-23 18:18:12: ACTION[Emerge-0]: [pregen_diag] {"data":{"actions":{"2":59520,"4":480},"cursor":480,"duration_us":269262,"id":480},"kind":"complete","us":35537853929}
2026-09-23 18:18:12: ACTION[Server]: [pregen_diag] {"data":{"cursor":480,"gap_us":99280,"hi":{"x":2847,"y":47,"z":-3153},"id":481,"lo":{"x":2768,"y":-32,"z":-3232},"selection":{"index":481,"inner":0,"x":2768,"y_max":-32,"y_min":-32,"z":-3232}},"kind":"dispatch","us":35537953209}
2026-09-23 18:18:12: ACTION[Emerge-0]: [pregen_diag] {"data":{"actions":{"2":59644,"4":481},"cursor":481,"duration_us":268997,"id":481},"kind":"complete","us":35538222206}
2026-09-23 18:18:12: ACTION[Server]: [pregen_diag] {"data":{"cursor":481,"gap_us":89757,"hi":{"x":2927,"y":47,"z":-3153},"id":482,"lo":{"x":2848,"y":-32,"z":-3232},"selection":{"index":482,"inner":0,"x":2848,"y_max":-32,"y_min":-32,"z":-3232}},"kind":"dispatch","us":35538311963}
2026-09-23 18:18:12: ACTION[Emerge-0]: [pregen_diag] {"data":{"actions":{"2":59768,"4":482},"cursor":482,"duration_us":258274,"id":482},"kind":"complete","us":35538570237}
2026-09-23 18:18:12: ACTION[Server]: [pregen_diag] {"data":{"cursor":482,"gap_us":102686,"hi":{"x":3007,"y":47,"z":-3153},"id":483,"lo":{"x":2928,"y":-32,"z":-3232},"selection":{"index":483,"inner":0,"x":2928,"y_max":-32,"y_min":-32,"z":-3232}},"kind":"dispatch","us":35538672923}
2026-09-23 18:18:13: ACTION[Emerge-0]: [pregen_diag] {"data":{"actions":{"2":59892,"4":483},"cursor":483,"duration_us":236498,"id":483},"kind":"complete","us":35538909421}
2026-09-23 18:18:13: ACTION[Server]: [pregen_diag] {"data":{"cursor":483,"gap_us":33624,"hi":{"x":3087,"y":47,"z":-3153},"id":484,"lo":{"x":3008,"y":-32,"z":-3232},"selection":{"index":484,"inner":0,"x":3008,"y_max":-32,"y_min":-32,"z":-3232}},"kind":"dispatch","us":35538943044}
2026-09-23 18:18:13: ACTION[Emerge-0]: [pregen_diag] {"data":{"actions":{"2":60016,"4":484},"cursor":484,"duration_us":226498,"id":484},"kind":"complete","us":35539169543}
2026-09-23 18:18:13: ACTION[Server]: [pregen_diag] {"data":{"cursor":484,"gap_us":42084,"hi":{"x":3167,"y":47,"z":-3153},"id":485,"lo":{"x":3088,"y":-32,"z":-3232},"selection":{"index":485,"inner":0,"x":3088,"y_max":-32,"y_min":-32,"z":-3232}},"kind":"dispatch","us":35539211627}
2026-09-23 18:18:13: ACTION[Emerge-0]: [pregen_diag] {"data":{"actions":{"2":60140,"4":485},"cursor":485,"duration_us":219469,"id":485},"kind":"complete","us":35539431096}
2026-09-23 18:18:13: ACTION[Server]: [pregen_diag] {"data":{"cursor":485,"gap_us":50179,"hi":{"x":3247,"y":47,"z":-3153},"id":486,"lo":{"x":3168,"y":-32,"z":-3232},"selection":{"index":486,"inner":0,"x":3168,"y_max":-32,"y_min":-32,"z":-3232}},"kind":"dispatch","us":35539481274}
2026-09-23 18:18:13: ACTION[Emerge-0]: [pregen_diag] {"data":{"actions":{"2":60264,"4":486},"cursor":486,"duration_us":219249,"id":486},"kind":"complete","us":35539700524}
2026-09-23 18:18:13: ACTION[Server]: [pregen_diag] {"data":{"cursor":486,"gap_us":53139,"hi":{"x":3327,"y":47,"z":-3153},"id":487,"lo":{"x":3248,"y":-32,"z":-3232},"selection":{"index":487,"inner":0,"x":3248,"y_max":-32,"y_min":-32,"z":-3232}},"kind":"dispatch","us":35539753663}
2026-09-23 18:18:14: ACTION[Emerge-0]: [pregen_diag] {"data":{"actions":{"2":60388,"4":487},"cursor":487,"duration_us":221044,"id":487},"kind":"complete","us":35539974708}
2026-09-23 18:18:14: ACTION[Server]: [pregen_diag] {"data":{"cursor":487,"gap_us":49704,"hi":{"x":3407,"y":47,"z":-3153},"id":488,"lo":{"x":3328,"y":-32,"z":-3232},"selection":{"index":488,"inner":0,"x":3328,"y_max":-32,"y_min":-32,"z":-3232}},"kind":"dispatch","us":35540024410}
2026-09-23 18:18:14: ACTION[Emerge-0]: [pregen_diag] {"data":{"actions":{"2":60512,"4":488},"cursor":488,"duration_us":222168,"id":488},"kind":"complete","us":35540246579}
2026-09-23 18:18:14: ACTION[Server]: [pregen_diag] {"data":{"cursor":488,"gap_us":46452,"hi":{"x":3487,"y":47,"z":-3153},"id":489,"lo":{"x":3408,"y":-32,"z":-3232},"selection":{"index":489,"inner":0,"x":3408,"y_max":-32,"y_min":-32,"z":-3232}},"kind":"dispatch","us":35540293031}
2026-09-23 18:18:14: ACTION[Emerge-0]: [pregen_diag] {"data":{"actions":{"2":60636,"4":489},"cursor":489,"duration_us":227090,"id":489},"kind":"complete","us":35540520121}
2026-09-23 18:18:14: ACTION[Server]: [pregen_diag] {"data":{"cursor":489,"gap_us":44963,"hi":{"x":3567,"y":47,"z":-3153},"id":490,"lo":{"x":3488,"y":-32,"z":-3232},"selection":{"index":490,"inner":0,"x":3488,"y_max":-32,"y_min":-32,"z":-3232}},"kind":"dispatch","us":35540565084}
2026-09-23 18:18:14: ACTION[Emerge-0]: [pregen_diag] {"data":{"actions":{"2":60760,"4":490},"cursor":490,"duration_us":226759,"id":490},"kind":"complete","us":35540791843}
2026-09-23 18:18:14: ACTION[Server]: [pregen_diag] {"data":{"cursor":490,"gap_us":45176,"hi":{"x":3647,"y":47,"z":-3153},"id":491,"lo":{"x":3568,"y":-32,"z":-3232},"selection":{"index":491,"inner":0,"x":3568,"y_max":-32,"y_min":-32,"z":-3232}},"kind":"dispatch","us":35540837019}
2026-09-23 18:18:15: ACTION[Emerge-0]: [pregen_diag] {"data":{"actions":{"2":60884,"4":491},"cursor":491,"duration_us":231313,"id":491},"kind":"complete","us":35541068332}
2026-09-23 18:18:15: ACTION[Server]: [pregen_diag] {"data":{"cursor":491,"gap_us":39118,"hi":{"x":3727,"y":47,"z":-3153},"id":492,"lo":{"x":3648,"y":-32,"z":-3232},"selection":{"index":492,"inner":0,"x":3648,"y_max":-32,"y_min":-32,"z":-3232}},"kind":"dispatch","us":35541107449}
2026-09-23 18:18:15: ACTION[Emerge-0]: [pregen_diag] {"data":{"actions":{"2":61008,"4":492},"cursor":492,"duration_us":223578,"id":492},"kind":"complete","us":35541331028}
2026-09-23 18:18:15: ACTION[Server]: [pregen_diag] {"data":{"cursor":492,"gap_us":24404,"hi":{"x":3807,"y":47,"z":-3153},"id":493,"lo":{"x":3728,"y":-32,"z":-3232},"selection":{"index":493,"inner":0,"x":3728,"y_max":-32,"y_min":-32,"z":-3232}},"kind":"dispatch","us":35541355432}
2026-09-23 18:18:15: ACTION[Emerge-0]: [pregen_diag] {"data":{"actions":{"2":61132,"4":493},"cursor":493,"duration_us":183649,"id":493},"kind":"complete","us":35541539081}
2026-09-23 18:18:15: ACTION[Server]: [pregen_diag] {"data":{"cursor":493,"gap_us":83944,"hi":{"x":3887,"y":47,"z":-3153},"id":494,"lo":{"x":3808,"y":-32,"z":-3232},"selection":{"index":494,"inner":0,"x":3808,"y_max":-32,"y_min":-32,"z":-3232}},"kind":"dispatch","us":35541623025}
2026-09-23 18:18:15: ACTION[Emerge-0]: [pregen_diag] {"data":{"actions":{"2":61256,"4":494},"cursor":494,"duration_us":180557,"id":494},"kind":"complete","us":35541803582}
2026-09-23 18:18:16: ACTION[Server]: [pregen_diag] {"data":{"cursor":494,"gap_us":90461,"hi":{"x":3967,"y":47,"z":-3153},"id":495,"lo":{"x":3888,"y":-32,"z":-3232},"selection":{"index":495,"inner":0,"x":3888,"y_max":-32,"y_min":-32,"z":-3232}},"kind":"dispatch","us":35541894043}
2026-09-23 18:18:16: ACTION[Emerge-0]: [pregen_diag] {"data":{"actions":{"2":61380,"4":495},"cursor":495,"duration_us":181674,"id":495},"kind":"complete","us":35542075717}
2026-09-23 18:18:16: ACTION[Server]: [pregen_diag] {"data":{"cursor":495,"gap_us":88818,"hi":{"x":-3873,"y":47,"z":-3073},"id":496,"lo":{"x":-3952,"y":-32,"z":-3152},"selection":{"index":496,"inner":0,"x":-3952,"y_max":-32,"y_min":-32,"z":-3152}},"kind":"dispatch","us":35542164534}
2026-09-23 18:18:16: ACTION[Emerge-0]: [pregen_diag] {"data":{"actions":{"2":61504,"4":496},"cursor":496,"duration_us":181497,"id":496},"kind":"complete","us":35542346032}
2026-09-23 18:18:16: ACTION[Server]: [pregen_diag] {"data":{"cursor":496,"gap_us":88859,"hi":{"x":-3793,"y":47,"z":-3073},"id":497,"lo":{"x":-3872,"y":-32,"z":-3152},"selection":{"index":497,"inner":0,"x":-3872,"y_max":-32,"y_min":-32,"z":-3152}},"kind":"dispatch","us":35542434891}
2026-09-23 18:18:16: ACTION[Emerge-0]: [pregen_diag] {"data":{"actions":{"2":61628,"4":497},"cursor":497,"duration_us":180344,"id":497},"kind":"complete","us":35542615235}
2026-09-23 18:18:16: ACTION[Server]: [pregen_diag] {"data":{"actions":{"2":61628,"4":497},"callbacks":62125,"cursor":497,"dispatches":497,"failed":false,"pending":false,"persist_us":2606,"persists":35,"scan_max_us":36790,"scan_steps":17,"scan_us":416619,"step_hist":{"89":2,"90":52,"92":2},"step_max_us":92091,"step_us":5055491,"steps":56},"kind":"sample","us":35542700372}
2026-09-23 18:18:16: ACTION[Server]: [pregen_diag] {"data":{"cursor":497,"gap_us":101884,"hi":{"x":-3713,"y":47,"z":-3073},"id":498,"lo":{"x":-3792,"y":-32,"z":-3152},"selection":{"index":498,"inner":0,"x":-3792,"y_max":-32,"y_min":-32,"z":-3152}},"kind":"dispatch","us":35542717119}
2026-09-23 18:18:17: ACTION[Emerge-0]: [pregen_diag] {"data":{"actions":{"2":61752,"4":498},"cursor":498,"duration_us":210383,"id":498},"kind":"complete","us":35542927502}
2026-09-23 18:18:17: ACTION[Server]: [pregen_diag] {"data":{"cursor":498,"gap_us":76287,"hi":{"x":-3633,"y":47,"z":-3073},"id":499,"lo":{"x":-3712,"y":-32,"z":-3152},"selection":{"index":499,"inner":0,"x":-3712,"y_max":-32,"y_min":-32,"z":-3152}},"kind":"dispatch","us":35543003788}
2026-09-23 18:18:17: ACTION[Emerge-0]: [pregen_diag] {"data":{"actions":{"2":61876,"4":499},"cursor":499,"duration_us":228019,"id":499},"kind":"complete","us":35543231808}
2026-09-23 18:18:17: ACTION[Server]: [pregen_diag] {"data":{"cursor":499,"gap_us":107416,"hi":{"x":-3553,"y":47,"z":-3073},"id":500,"lo":{"x":-3632,"y":-32,"z":-3152},"selection":{"index":500,"inner":0,"x":-3632,"y_max":-32,"y_min":-32,"z":-3152}},"kind":"dispatch","us":35543339224}
2026-09-23 18:18:17: ACTION[Emerge-0]: [pregen_diag] {"data":{"actions":{"2":62000,"4":500},"cursor":500,"duration_us":226129,"id":500},"kind":"complete","us":35543565354}
2026-09-23 18:18:17: ACTION[Server]: [pregen_diag] {"data":{"cursor":500,"gap_us":148406,"hi":{"x":-3473,"y":47,"z":-3073},"id":501,"lo":{"x":-3552,"y":-32,"z":-3152},"selection":{"index":501,"inner":0,"x":-3552,"y_max":-32,"y_min":-32,"z":-3152}},"kind":"dispatch","us":35543713759}
2026-09-23 18:18:18: ACTION[Emerge-0]: [pregen_diag] {"data":{"actions":{"2":62124,"4":501},"cursor":501,"duration_us":228083,"id":501},"kind":"complete","us":35543941842}
2026-09-23 18:18:18: ACTION[Server]: [pregen_diag] {"data":{"cursor":501,"gap_us":139685,"hi":{"x":-3393,"y":47,"z":-3073},"id":502,"lo":{"x":-3472,"y":-32,"z":-3152},"selection":{"index":502,"inner":0,"x":-3472,"y_max":-32,"y_min":-32,"z":-3152}},"kind":"dispatch","us":35544081527}
2026-09-23 18:18:18: ACTION[Emerge-0]: [pregen_diag] {"data":{"actions":{"2":62248,"4":502},"cursor":502,"duration_us":220714,"id":502},"kind":"complete","us":35544302241}
2026-09-23 18:18:18: ACTION[Server]: [pregen_diag] {"data":{"cursor":502,"gap_us":129633,"hi":{"x":-3313,"y":47,"z":-3073},"id":503,"lo":{"x":-3392,"y":-32,"z":-3152},"selection":{"index":503,"inner":0,"x":-3392,"y_max":-32,"y_min":-32,"z":-3152}},"kind":"dispatch","us":35544431873}
2026-09-23 18:18:18: ACTION[Emerge-0]: [pregen_diag] {"data":{"actions":{"2":62372,"4":503},"cursor":503,"duration_us":221238,"id":503},"kind":"complete","us":35544653112}
2026-09-23 18:18:18: ACTION[Server]: [pregen_diag] {"data":{"cursor":503,"gap_us":63704,"hi":{"x":-3233,"y":47,"z":-3073},"id":504,"lo":{"x":-3312,"y":-32,"z":-3152},"selection":{"index":504,"inner":0,"x":-3312,"y_max":-32,"y_min":-32,"z":-3152}},"kind":"dispatch","us":35544716816}
2026-09-23 18:18:19: ACTION[Emerge-0]: [pregen_diag] {"data":{"actions":{"2":62496,"4":504},"cursor":504,"duration_us":221003,"id":504},"kind":"complete","us":35544937819}
2026-09-23 18:18:19: ACTION[Server]: [pregen_diag] {"data":{"cursor":504,"gap_us":49553,"hi":{"x":-3153,"y":47,"z":-3073},"id":505,"lo":{"x":-3232,"y":-32,"z":-3152},"selection":{"index":505,"inner":0,"x":-3232,"y_max":-32,"y_min":-32,"z":-3152}},"kind":"dispatch","us":35544987372}
2026-09-23 18:18:19: ACTION[Emerge-0]: [pregen_diag] {"data":{"actions":{"2":62620,"4":505},"cursor":505,"duration_us":219450,"id":505},"kind":"complete","us":35545206822}
2026-09-23 18:18:19: ACTION[Server]: [pregen_diag] {"data":{"cursor":505,"gap_us":51296,"hi":{"x":-3073,"y":47,"z":-3073},"id":506,"lo":{"x":-3152,"y":-32,"z":-3152},"selection":{"index":506,"inner":0,"x":-3152,"y_max":-32,"y_min":-32,"z":-3152}},"kind":"dispatch","us":35545258118}
2026-09-23 18:18:19: ACTION[Emerge-0]: [pregen_diag] {"data":{"actions":{"2":62744,"4":506},"cursor":506,"duration_us":224320,"id":506},"kind":"complete","us":35545482438}
2026-09-23 18:18:19: ACTION[Server]: [pregen_diag] {"data":{"cursor":506,"gap_us":47524,"hi":{"x":-2993,"y":47,"z":-3073},"id":507,"lo":{"x":-3072,"y":-32,"z":-3152},"selection":{"index":507,"inner":0,"x":-3072,"y_max":-32,"y_min":-32,"z":-3152}},"kind":"dispatch","us":35545529962}
2026-09-23 18:18:19: ACTION[Emerge-0]: [pregen_diag] {"data":{"actions":{"2":62868,"4":507},"cursor":507,"duration_us":225765,"id":507},"kind":"complete","us":35545755727}
2026-09-23 18:18:19: ACTION[Server]: [pregen_diag] {"data":{"cursor":507,"gap_us":45511,"hi":{"x":-2913,"y":47,"z":-3073},"id":508,"lo":{"x":-2992,"y":-32,"z":-3152},"selection":{"index":508,"inner":0,"x":-2992,"y_max":-32,"y_min":-32,"z":-3152}},"kind":"dispatch","us":35545801238}
2026-09-23 18:18:20: ACTION[Emerge-0]: [pregen_diag] {"data":{"actions":{"2":62992,"4":508},"cursor":508,"duration_us":293190,"id":508},"kind":"complete","us":35546094428}
2026-09-23 18:18:20: ACTION[Server]: [pregen_diag] {"data":{"cursor":508,"gap_us":76286,"hi":{"x":-2833,"y":47,"z":-3073},"id":509,"lo":{"x":-2912,"y":-32,"z":-3152},"selection":{"index":509,"inner":0,"x":-2912,"y_max":-32,"y_min":-32,"z":-3152}},"kind":"dispatch","us":35546170714}
2026-09-23 18:18:20: ACTION[Emerge-0]: [pregen_diag] {"data":{"actions":{"2":63116,"4":509},"cursor":509,"duration_us":223340,"id":509},"kind":"complete","us":35546394054}
2026-09-23 18:18:20: ACTION[Server]: [pregen_diag] {"data":{"cursor":509,"gap_us":45836,"hi":{"x":-2753,"y":47,"z":-3073},"id":510,"lo":{"x":-2832,"y":-32,"z":-3152},"selection":{"index":510,"inner":0,"x":-2832,"y_max":-32,"y_min":-32,"z":-3152}},"kind":"dispatch","us":35546439890}
2026-09-23 18:18:20: ACTION[Emerge-0]: [pregen_diag] {"data":{"actions":{"2":63240,"4":510},"cursor":510,"duration_us":220375,"id":510},"kind":"complete","us":35546660266}
2026-09-23 18:18:20: ACTION[Server]: [pregen_diag] {"data":{"cursor":510,"gap_us":50434,"hi":{"x":-2673,"y":47,"z":-3073},"id":511,"lo":{"x":-2752,"y":-32,"z":-3152},"selection":{"index":511,"inner":0,"x":-2752,"y_max":-32,"y_min":-32,"z":-3152}},"kind":"dispatch","us":35546710699}
2026-09-23 18:18:21: ACTION[Emerge-0]: [pregen_diag] {"data":{"actions":{"2":63364,"4":511},"cursor":511,"duration_us":219584,"id":511},"kind":"complete","us":35546930284}
2026-09-23 18:18:21: ACTION[Server]: [pregen_diag] {"data":{"cursor":511,"gap_us":51538,"hi":{"x":-2593,"y":47,"z":-3073},"id":512,"lo":{"x":-2672,"y":-32,"z":-3152},"selection":{"index":512,"inner":0,"x":-2672,"y_max":-32,"y_min":-32,"z":-3152}},"kind":"dispatch","us":35546981820}
2026-09-23 18:18:21: ACTION[Emerge-0]: [pregen_diag] {"data":{"actions":{"2":63488,"4":512},"cursor":512,"duration_us":219091,"id":512},"kind":"complete","us":35547200912}
2026-09-23 18:18:21: ACTION[Server]: [pregen_diag] {"data":{"cursor":512,"gap_us":51732,"hi":{"x":-2513,"y":47,"z":-3073},"id":513,"lo":{"x":-2592,"y":-32,"z":-3152},"selection":{"index":513,"inner":0,"x":-2592,"y_max":-32,"y_min":-32,"z":-3152}},"kind":"dispatch","us":35547252644}
2026-09-23 18:18:21: ACTION[Emerge-0]: [pregen_diag] {"data":{"actions":{"2":63612,"4":513},"cursor":513,"duration_us":218194,"id":513},"kind":"complete","us":35547470838}
2026-09-23 18:18:21: ACTION[Server]: [pregen_diag] {"data":{"cursor":513,"gap_us":53070,"hi":{"x":-2433,"y":47,"z":-3073},"id":514,"lo":{"x":-2512,"y":-32,"z":-3152},"selection":{"index":514,"inner":0,"x":-2512,"y_max":-32,"y_min":-32,"z":-3152}},"kind":"dispatch","us":35547523907}
2026-09-23 18:18:21: ACTION[Emerge-0]: [pregen_diag] {"data":{"actions":{"2":63736,"4":514},"cursor":514,"duration_us":217842,"id":514},"kind":"complete","us":35547741751}
2026-09-23 18:18:21: ACTION[Server]: [pregen_diag] {"data":{"actions":{"2":63736,"4":514},"callbacks":64250,"cursor":514,"dispatches":514,"failed":false,"pending":false,"persist_us":2880,"persists":34,"scan_max_us":40045,"scan_steps":21,"scan_us":623861,"step_hist":{"100":1,"88":1,"89":1,"90":52,"92":1},"step_max_us":100510,"step_us":5063042,"steps":56},"kind":"sample","us":35547763414}
2026-09-23 18:18:21: ACTION[Server]: [pregen_diag] {"data":{"cursor":514,"gap_us":52533,"hi":{"x":-2353,"y":47,"z":-3073},"id":515,"lo":{"x":-2432,"y":-32,"z":-3152},"selection":{"index":515,"inner":0,"x":-2432,"y_max":-32,"y_min":-32,"z":-3152}},"kind":"dispatch","us":35547794283}
2026-09-23 18:18:22: ACTION[Emerge-0]: [pregen_diag] {"data":{"actions":{"2":63860,"4":515},"cursor":515,"duration_us":219510,"id":515},"kind":"complete","us":35548013793}
2026-09-23 18:18:22: ACTION[Server]: [pregen_diag] {"data":{"cursor":515,"gap_us":52585,"hi":{"x":-2273,"y":47,"z":-3073},"id":516,"lo":{"x":-2352,"y":-32,"z":-3152},"selection":{"index":516,"inner":0,"x":-2352,"y_max":-32,"y_min":-32,"z":-3152}},"kind":"dispatch","us":35548066380}
2026-09-23 18:18:22: ACTION[Emerge-0]: [pregen_diag] {"data":{"actions":{"2":63984,"4":516},"cursor":516,"duration_us":219346,"id":516},"kind":"complete","us":35548285724}
2026-09-23 18:18:22: ACTION[Server]: [pregen_diag] {"data":{"cursor":516,"gap_us":53269,"hi":{"x":-2193,"y":47,"z":-3073},"id":517,"lo":{"x":-2272,"y":-32,"z":-3152},"selection":{"index":517,"inner":0,"x":-2272,"y_max":-32,"y_min":-32,"z":-3152}},"kind":"dispatch","us":35548338993}
2026-09-23 18:18:22: ACTION[Emerge-0]: [pregen_diag] {"data":{"actions":{"2":64108,"4":517},"cursor":517,"duration_us":221940,"id":517},"kind":"complete","us":35548560933}
2026-09-23 18:18:22: ACTION[Server]: [pregen_diag] {"data":{"cursor":517,"gap_us":48172,"hi":{"x":-2113,"y":47,"z":-3073},"id":518,"lo":{"x":-2192,"y":-32,"z":-3152},"selection":{"index":518,"inner":0,"x":-2192,"y_max":-32,"y_min":-32,"z":-3152}},"kind":"dispatch","us":35548609105}
2026-09-23 18:18:22: ACTION[Emerge-0]: [pregen_diag] {"data":{"actions":{"2":64232,"4":518},"cursor":518,"duration_us":223525,"id":518},"kind":"complete","us":35548832630}
2026-09-23 18:18:23: ACTION[Server]: [pregen_diag] {"data":{"cursor":518,"gap_us":47062,"hi":{"x":-2033,"y":47,"z":-3073},"id":519,"lo":{"x":-2112,"y":-32,"z":-3152},"selection":{"index":519,"inner":0,"x":-2112,"y_max":-32,"y_min":-32,"z":-3152}},"kind":"dispatch","us":35548879692}
2026-09-23 18:18:23: ACTION[Emerge-0]: [pregen_diag] {"data":{"actions":{"2":64356,"4":519},"cursor":519,"duration_us":220380,"id":519},"kind":"complete","us":35549100072}
2026-09-23 18:18:23: ACTION[Server]: [pregen_diag] {"data":{"cursor":519,"gap_us":48398,"hi":{"x":-1953,"y":47,"z":-3073},"id":520,"lo":{"x":-2032,"y":-32,"z":-3152},"selection":{"index":520,"inner":0,"x":-2032,"y_max":-32,"y_min":-32,"z":-3152}},"kind":"dispatch","us":35549148470}
2026-09-23 18:18:23: ACTION[Emerge-0]: [pregen_diag] {"data":{"actions":{"2":64480,"4":520},"cursor":520,"duration_us":225175,"id":520},"kind":"complete","us":35549373645}
2026-09-23 18:18:23: ACTION[Server]: [pregen_diag] {"data":{"cursor":520,"gap_us":45599,"hi":{"x":-1873,"y":47,"z":-3073},"id":521,"lo":{"x":-1952,"y":-32,"z":-3152},"selection":{"index":521,"inner":0,"x":-1952,"y_max":-32,"y_min":-32,"z":-3152}},"kind":"dispatch","us":35549419244}
2026-09-23 18:18:23: ACTION[Emerge-0]: [pregen_diag] {"data":{"actions":{"2":64604,"4":521},"cursor":521,"duration_us":225349,"id":521},"kind":"complete","us":35549644593}
2026-09-23 18:18:23: ACTION[Server]: [pregen_diag] {"data":{"cursor":521,"gap_us":45879,"hi":{"x":-1793,"y":47,"z":-3073},"id":522,"lo":{"x":-1872,"y":-32,"z":-3152},"selection":{"index":522,"inner":0,"x":-1872,"y_max":-32,"y_min":-32,"z":-3152}},"kind":"dispatch","us":35549690472}
2026-09-23 18:18:24: ACTION[Emerge-0]: [pregen_diag] {"data":{"actions":{"2":64728,"4":522},"cursor":522,"duration_us":225463,"id":522},"kind":"complete","us":35549915935}
2026-09-23 18:18:24: ACTION[Server]: [pregen_diag] {"data":{"cursor":522,"gap_us":46100,"hi":{"x":-1713,"y":47,"z":-3073},"id":523,"lo":{"x":-1792,"y":-32,"z":-3152},"selection":{"index":523,"inner":0,"x":-1792,"y_max":-32,"y_min":-32,"z":-3152}},"kind":"dispatch","us":35549962035}
2026-09-23 18:18:24: ACTION[Emerge-0]: [pregen_diag] {"data":{"actions":{"2":64852,"4":523},"cursor":523,"duration_us":253225,"id":523},"kind":"complete","us":35550215260}
2026-09-23 18:18:24: ACTION[Server]: [pregen_diag] {"data":{"cursor":523,"gap_us":109387,"hi":{"x":-1633,"y":47,"z":-3073},"id":524,"lo":{"x":-1712,"y":-32,"z":-3152},"selection":{"index":524,"inner":0,"x":-1712,"y_max":-32,"y_min":-32,"z":-3152}},"kind":"dispatch","us":35550324646}
2026-09-23 18:18:24: ACTION[Emerge-0]: [pregen_diag] {"data":{"actions":{"2":64976,"4":524},"cursor":524,"duration_us":255780,"id":524},"kind":"complete","us":35550580428}
2026-09-23 18:18:24: ACTION[Server]: [pregen_diag] {"data":{"cursor":524,"gap_us":104695,"hi":{"x":-1553,"y":47,"z":-3073},"id":525,"lo":{"x":-1632,"y":-32,"z":-3152},"selection":{"index":525,"inner":0,"x":-1632,"y_max":-32,"y_min":-32,"z":-3152}},"kind":"dispatch","us":35550685122}
2026-09-23 18:18:25: ACTION[Emerge-0]: [pregen_diag] {"data":{"actions":{"2":65100,"4":525},"cursor":525,"duration_us":264098,"id":525},"kind":"complete","us":35550949220}
2026-09-23 18:18:25: ACTION[Server]: [pregen_diag] {"data":{"cursor":525,"gap_us":92919,"hi":{"x":-1473,"y":47,"z":-3073},"id":526,"lo":{"x":-1552,"y":-32,"z":-3152},"selection":{"index":526,"inner":0,"x":-1552,"y_max":-32,"y_min":-32,"z":-3152}},"kind":"dispatch","us":35551042139}
2026-09-23 18:18:25: ACTION[Emerge-0]: [pregen_diag] {"data":{"actions":{"2":65224,"4":526},"cursor":526,"duration_us":251758,"id":526},"kind":"complete","us":35551293897}
2026-09-23 18:18:25: ACTION[Server]: [pregen_diag] {"data":{"cursor":526,"gap_us":108156,"hi":{"x":-1393,"y":47,"z":-3073},"id":527,"lo":{"x":-1472,"y":-32,"z":-3152},"selection":{"index":527,"inner":0,"x":-1472,"y_max":-32,"y_min":-32,"z":-3152}},"kind":"dispatch","us":35551402053}
2026-09-23 18:18:25: ACTION[Emerge-0]: [pregen_diag] {"data":{"actions":{"2":65348,"4":527},"cursor":527,"duration_us":256338,"id":527},"kind":"complete","us":35551658391}
2026-09-23 18:18:25: ACTION[Server]: [pregen_diag] {"data":{"cursor":527,"gap_us":106139,"hi":{"x":-1313,"y":47,"z":-3073},"id":528,"lo":{"x":-1392,"y":-32,"z":-3152},"selection":{"index":528,"inner":0,"x":-1392,"y_max":-32,"y_min":-32,"z":-3152}},"kind":"dispatch","us":35551764529}
2026-09-23 18:18:26: ACTION[Emerge-0]: [pregen_diag] {"data":{"actions":{"2":65472,"4":528},"cursor":528,"duration_us":256411,"id":528},"kind":"complete","us":35552020942}
2026-09-23 18:18:26: ACTION[Server]: [pregen_diag] {"data":{"cursor":528,"gap_us":104409,"hi":{"x":-1233,"y":47,"z":-3073},"id":529,"lo":{"x":-1312,"y":-32,"z":-3152},"selection":{"index":529,"inner":0,"x":-1312,"y_max":-32,"y_min":-32,"z":-3152}},"kind":"dispatch","us":35552125350}
2026-09-23 18:18:26: ACTION[Emerge-0]: [pregen_diag] {"data":{"actions":{"2":65596,"4":529},"cursor":529,"duration_us":263167,"id":529},"kind":"complete","us":35552388517}
2026-09-23 18:18:26: ACTION[Server]: [pregen_diag] {"data":{"cursor":529,"gap_us":98187,"hi":{"x":-1153,"y":47,"z":-3073},"id":530,"lo":{"x":-1232,"y":-32,"z":-3152},"selection":{"index":530,"inner":0,"x":-1232,"y_max":-32,"y_min":-32,"z":-3152}},"kind":"dispatch","us":35552486704}
2026-09-23 18:18:26: ACTION[Emerge-0]: [pregen_diag] {"data":{"actions":{"2":65720,"4":530},"cursor":530,"duration_us":262333,"id":530},"kind":"complete","us":35552749037}
2026-09-23 18:18:26: ACTION[Server]: [pregen_diag] {"data":{"actions":{"2":65720,"4":530},"callbacks":66250,"cursor":530,"dispatches":530,"failed":false,"pending":false,"persist_us":2170,"persists":32,"scan_max_us":34117,"scan_steps":16,"scan_us":502610,"step_hist":{"89":1,"90":54,"92":1},"step_max_us":92076,"step_us":5054494,"steps":56},"kind":"sample","us":35552817911}
2026-09-23 18:18:27: ACTION[Server]: [pregen_diag] {"data":{"cursor":530,"gap_us":97884,"hi":{"x":-1073,"y":47,"z":-3073},"id":531,"lo":{"x":-1152,"y":-32,"z":-3152},"selection":{"index":531,"inner":0,"x":-1152,"y_max":-32,"y_min":-32,"z":-3152}},"kind":"dispatch","us":35552846921}
2026-09-23 18:18:27: ACTION[Emerge-0]: [pregen_diag] {"data":{"actions":{"2":65844,"4":531},"cursor":531,"duration_us":260186,"id":531},"kind":"complete","us":35553107107}
2026-09-23 18:18:27: ACTION[Server]: [pregen_diag] {"data":{"cursor":531,"gap_us":99500,"hi":{"x":-993,"y":47,"z":-3073},"id":532,"lo":{"x":-1072,"y":-32,"z":-3152},"selection":{"index":532,"inner":0,"x":-1072,"y_max":-32,"y_min":-32,"z":-3152}},"kind":"dispatch","us":35553206606}
2026-09-23 18:18:27: ACTION[Emerge-0]: [pregen_diag] {"data":{"actions":{"2":65968,"4":532},"cursor":532,"duration_us":252779,"id":532},"kind":"complete","us":35553459386}
2026-09-23 18:18:27: ACTION[Server]: [pregen_diag] {"data":{"cursor":532,"gap_us":108228,"hi":{"x":-913,"y":47,"z":-3073},"id":533,"lo":{"x":-992,"y":-32,"z":-3152},"selection":{"index":533,"inner":0,"x":-992,"y_max":-32,"y_min":-32,"z":-3152}},"kind":"dispatch","us":35553567613}
2026-09-23 18:18:27: ACTION[Emerge-0]: [pregen_diag] {"data":{"actions":{"2":66092,"4":533},"cursor":533,"duration_us":246597,"id":533},"kind":"complete","us":35553814211}
2026-09-23 18:18:28: ACTION[Server]: [pregen_diag] {"data":{"cursor":533,"gap_us":112757,"hi":{"x":-833,"y":47,"z":-3073},"id":534,"lo":{"x":-912,"y":-32,"z":-3152},"selection":{"index":534,"inner":0,"x":-912,"y_max":-32,"y_min":-32,"z":-3152}},"kind":"dispatch","us":35553926968}
2026-09-23 18:18:28: ACTION[Emerge-0]: [pregen_diag] {"data":{"actions":{"2":66216,"4":534},"cursor":534,"duration_us":247126,"id":534},"kind":"complete","us":35554174094}
2026-09-23 18:18:28: ACTION[Server]: [pregen_diag] {"data":{"cursor":534,"gap_us":115465,"hi":{"x":-753,"y":47,"z":-3073},"id":535,"lo":{"x":-832,"y":-32,"z":-3152},"selection":{"index":535,"inner":0,"x":-832,"y_max":-32,"y_min":-32,"z":-3152}},"kind":"dispatch","us":35554289559}
2026-09-23 18:18:28: ACTION[Emerge-0]: [pregen_diag] {"data":{"actions":{"2":66340,"4":535},"cursor":535,"duration_us":251898,"id":535},"kind":"complete","us":35554541456}
2026-09-23 18:18:28: ACTION[Server]: [pregen_diag] {"data":{"cursor":535,"gap_us":110955,"hi":{"x":-673,"y":47,"z":-3073},"id":536,"lo":{"x":-752,"y":-32,"z":-3152},"selection":{"index":536,"inner":0,"x":-752,"y_max":-32,"y_min":-32,"z":-3152}},"kind":"dispatch","us":35554652411}
2026-09-23 18:18:29: ACTION[Emerge-0]: [pregen_diag] {"data":{"actions":{"2":66464,"4":536},"cursor":536,"duration_us":258876,"id":536},"kind":"complete","us":35554911288}
2026-09-23 18:18:29: ACTION[Server]: [pregen_diag] {"data":{"cursor":536,"gap_us":102404,"hi":{"x":-593,"y":47,"z":-3073},"id":537,"lo":{"x":-672,"y":-32,"z":-3152},"selection":{"index":537,"inner":0,"x":-672,"y_max":-32,"y_min":-32,"z":-3152}},"kind":"dispatch","us":35555013692}
2026-09-23 18:18:29: ACTION[Emerge-0]: [pregen_diag] {"data":{"actions":{"2":66588,"4":537},"cursor":537,"duration_us":258681,"id":537},"kind":"complete","us":35555272374}
2026-09-23 18:18:29: ACTION[Server]: [pregen_diag] {"data":{"cursor":537,"gap_us":103511,"hi":{"x":-513,"y":47,"z":-3073},"id":538,"lo":{"x":-592,"y":-32,"z":-3152},"selection":{"index":538,"inner":0,"x":-592,"y_max":-32,"y_min":-32,"z":-3152}},"kind":"dispatch","us":35555375884}
2026-09-23 18:18:29: ACTION[Emerge-0]: [pregen_diag] {"data":{"actions":{"2":66712,"4":538},"cursor":538,"duration_us":267622,"id":538},"kind":"complete","us":35555643506}
2026-09-23 18:18:29: ACTION[Server]: [pregen_diag] {"data":{"cursor":538,"gap_us":91592,"hi":{"x":-433,"y":47,"z":-3073},"id":539,"lo":{"x":-512,"y":-32,"z":-3152},"selection":{"index":539,"inner":0,"x":-512,"y_max":-32,"y_min":-32,"z":-3152}},"kind":"dispatch","us":35555735098}
2026-09-23 18:18:30: ACTION[Emerge-0]: [pregen_diag] {"data":{"actions":{"2":66836,"4":539},"cursor":539,"duration_us":262189,"id":539},"kind":"complete","us":35555997288}
2026-09-23 18:18:30: ACTION[Server]: [pregen_diag] {"data":{"cursor":539,"gap_us":98393,"hi":{"x":-353,"y":47,"z":-3073},"id":540,"lo":{"x":-432,"y":-32,"z":-3152},"selection":{"index":540,"inner":0,"x":-432,"y_max":-32,"y_min":-32,"z":-3152}},"kind":"dispatch","us":35556095680}
2026-09-23 18:18:30: ACTION[Emerge-0]: [pregen_diag] {"data":{"actions":{"2":66960,"4":540},"cursor":540,"duration_us":252291,"id":540},"kind":"complete","us":35556347972}
2026-09-23 18:18:30: ACTION[Server]: [pregen_diag] {"data":{"cursor":540,"gap_us":113297,"hi":{"x":-273,"y":47,"z":-3073},"id":541,"lo":{"x":-352,"y":-32,"z":-3152},"selection":{"index":541,"inner":0,"x":-352,"y_max":-32,"y_min":-32,"z":-3152}},"kind":"dispatch","us":35556461268}
2026-09-23 18:18:30: ACTION[Emerge-0]: [pregen_diag] {"data":{"actions":{"2":67084,"4":541},"cursor":541,"duration_us":255478,"id":541},"kind":"complete","us":35556716746}
2026-09-23 18:18:30: ACTION[Server]: [pregen_diag] {"data":{"cursor":541,"gap_us":106664,"hi":{"x":-193,"y":47,"z":-3073},"id":542,"lo":{"x":-272,"y":-32,"z":-3152},"selection":{"index":542,"inner":0,"x":-272,"y_max":-32,"y_min":-32,"z":-3152}},"kind":"dispatch","us":35556823409}
2026-09-23 18:18:31: ACTION[Emerge-0]: [pregen_diag] {"data":{"actions":{"2":67208,"4":542},"cursor":542,"duration_us":256952,"id":542},"kind":"complete","us":35557080362}
2026-09-23 18:18:31: ACTION[Server]: [pregen_diag] {"data":{"cursor":542,"gap_us":103797,"hi":{"x":-113,"y":47,"z":-3073},"id":543,"lo":{"x":-192,"y":-32,"z":-3152},"selection":{"index":543,"inner":0,"x":-192,"y_max":-32,"y_min":-32,"z":-3152}},"kind":"dispatch","us":35557184158}
2026-09-23 18:18:31: ACTION[Emerge-0]: [pregen_diag] {"data":{"actions":{"2":67332,"4":543},"cursor":543,"duration_us":251066,"id":543},"kind":"complete","us":35557435226}
2026-09-23 18:18:31: ACTION[Server]: [pregen_diag] {"data":{"cursor":543,"gap_us":108822,"hi":{"x":-33,"y":47,"z":-3073},"id":544,"lo":{"x":-112,"y":-32,"z":-3152},"selection":{"index":544,"inner":0,"x":-112,"y_max":-32,"y_min":-32,"z":-3152}},"kind":"dispatch","us":35557544047}
2026-09-23 18:18:31: ACTION[Emerge-0]: [pregen_diag] {"data":{"actions":{"2":67456,"4":544},"cursor":544,"duration_us":231228,"id":544},"kind":"complete","us":35557775275}
2026-09-23 18:18:31: ACTION[Server]: [pregen_diag] {"data":{"cursor":544,"gap_us":38474,"hi":{"x":47,"y":47,"z":-3073},"id":545,"lo":{"x":-32,"y":-32,"z":-3152},"selection":{"index":545,"inner":0,"x":-32,"y_max":-32,"y_min":-32,"z":-3152}},"kind":"dispatch","us":35557813749}
2026-09-23 18:18:32: ACTION[Server]: [pregen_diag] {"data":{"actions":{"2":67456,"4":544},"callbacks":68000,"cursor":544,"dispatches":545,"failed":false,"pending":true,"persist_us":1983,"persists":29,"scan_max_us":33376,"scan_steps":15,"scan_us":440824,"selection":{"index":545,"inner":0,"x":-32,"y_max":-32,"y_min":-32,"z":-3152},"step_hist":{"89":1,"90":52,"91":3},"step_max_us":91242,"step_us":5055041,"steps":56},"kind":"sample","us":35557872999}
2026-09-23 18:18:32: ACTION[Emerge-0]: [pregen_diag] {"data":{"actions":{"2":67580,"4":545},"cursor":545,"duration_us":216060,"id":545},"kind":"complete","us":35558029810}
2026-09-23 18:18:32: ACTION[Server]: [pregen_diag] {"data":{"cursor":545,"gap_us":53898,"hi":{"x":127,"y":47,"z":-3073},"id":546,"lo":{"x":48,"y":-32,"z":-3152},"selection":{"index":546,"inner":0,"x":48,"y_max":-32,"y_min":-32,"z":-3152}},"kind":"dispatch","us":35558083707}
2026-09-23 18:18:32: ACTION[Emerge-0]: [pregen_diag] {"data":{"actions":{"2":67704,"4":546},"cursor":546,"duration_us":229896,"id":546},"kind":"complete","us":35558313603}
2026-09-23 18:18:32: ACTION[Server]: [pregen_diag] {"data":{"cursor":546,"gap_us":45416,"hi":{"x":207,"y":47,"z":-3073},"id":547,"lo":{"x":128,"y":-32,"z":-3152},"selection":{"index":547,"inner":0,"x":128,"y_max":-32,"y_min":-32,"z":-3152}},"kind":"dispatch","us":35558359019}
2026-09-23 18:18:32: ACTION[Emerge-0]: [pregen_diag] {"data":{"actions":{"2":67828,"4":547},"cursor":547,"duration_us":246554,"id":547},"kind":"complete","us":35558605574}
2026-09-23 18:18:32: ACTION[Server]: [pregen_diag] {"data":{"cursor":547,"gap_us":113859,"hi":{"x":287,"y":47,"z":-3073},"id":548,"lo":{"x":208,"y":-32,"z":-3152},"selection":{"index":548,"inner":0,"x":208,"y_max":-32,"y_min":-32,"z":-3152}},"kind":"dispatch","us":35558719432}
2026-09-23 18:18:33: ACTION[Emerge-0]: [pregen_diag] {"data":{"actions":{"2":67952,"4":548},"cursor":548,"duration_us":251270,"id":548},"kind":"complete","us":35558970703}
2026-09-23 18:18:33: ACTION[Server]: [pregen_diag] {"data":{"cursor":548,"gap_us":109149,"hi":{"x":367,"y":47,"z":-3073},"id":549,"lo":{"x":288,"y":-32,"z":-3152},"selection":{"index":549,"inner":0,"x":288,"y_max":-32,"y_min":-32,"z":-3152}},"kind":"dispatch","us":35559079851}
2026-09-23 18:18:33: ACTION[Emerge-0]: [pregen_diag] {"data":{"actions":{"2":68076,"4":549},"cursor":549,"duration_us":263859,"id":549},"kind":"complete","us":35559343710}
2026-09-23 18:18:33: ACTION[Server]: [pregen_diag] {"data":{"cursor":549,"gap_us":94834,"hi":{"x":447,"y":47,"z":-3073},"id":550,"lo":{"x":368,"y":-32,"z":-3152},"selection":{"index":550,"inner":0,"x":368,"y_max":-32,"y_min":-32,"z":-3152}},"kind":"dispatch","us":35559438544}
2026-09-23 18:18:33: ACTION[Emerge-0]: [pregen_diag] {"data":{"actions":{"2":68200,"4":550},"cursor":550,"duration_us":264043,"id":550},"kind":"complete","us":35559702588}
2026-09-23 18:18:33: ACTION[Server]: [pregen_diag] {"data":{"cursor":550,"gap_us":96058,"hi":{"x":527,"y":47,"z":-3073},"id":551,"lo":{"x":448,"y":-32,"z":-3152},"selection":{"index":551,"inner":0,"x":448,"y_max":-32,"y_min":-32,"z":-3152}},"kind":"dispatch","us":35559798645}
2026-09-23 18:18:34: ACTION[Emerge-0]: [pregen_diag] {"data":{"actions":{"2":68324,"4":551},"cursor":551,"duration_us":263382,"id":551},"kind":"complete","us":35560062027}
2026-09-23 18:18:34: ACTION[Server]: [pregen_diag] {"data":{"cursor":551,"gap_us":94439,"hi":{"x":607,"y":47,"z":-3073},"id":552,"lo":{"x":528,"y":-32,"z":-3152},"selection":{"index":552,"inner":0,"x":528,"y_max":-32,"y_min":-32,"z":-3152}},"kind":"dispatch","us":35560156466}
2026-09-23 18:18:34: ACTION[Emerge-0]: [pregen_diag] {"data":{"actions":{"2":68448,"4":552},"cursor":552,"duration_us":252136,"id":552},"kind":"complete","us":35560408602}
2026-09-23 18:18:34: ACTION[Server]: [pregen_diag] {"data":{"cursor":552,"gap_us":108397,"hi":{"x":687,"y":47,"z":-3073},"id":553,"lo":{"x":608,"y":-32,"z":-3152},"selection":{"index":553,"inner":0,"x":608,"y_max":-32,"y_min":-32,"z":-3152}},"kind":"dispatch","us":35560516999}
2026-09-23 18:18:34: ACTION[Emerge-0]: [pregen_diag] {"data":{"actions":{"2":68572,"4":553},"cursor":553,"duration_us":247176,"id":553},"kind":"complete","us":35560764175}
2026-09-23 18:18:35: ACTION[Server]: [pregen_diag] {"data":{"cursor":553,"gap_us":114352,"hi":{"x":767,"y":47,"z":-3073},"id":554,"lo":{"x":688,"y":-32,"z":-3152},"selection":{"index":554,"inner":0,"x":688,"y_max":-32,"y_min":-32,"z":-3152}},"kind":"dispatch","us":35560878527}
2026-09-23 18:18:35: ACTION[Emerge-0]: [pregen_diag] {"data":{"actions":{"2":68696,"4":554},"cursor":554,"duration_us":246481,"id":554},"kind":"complete","us":35561125008}
2026-09-23 18:18:35: ACTION[Server]: [pregen_diag] {"data":{"cursor":554,"gap_us":121053,"hi":{"x":847,"y":47,"z":-3073},"id":555,"lo":{"x":768,"y":-32,"z":-3152},"selection":{"index":555,"inner":0,"x":768,"y_max":-32,"y_min":-32,"z":-3152}},"kind":"dispatch","us":35561246061}
2026-09-23 18:18:35: ACTION[Emerge-0]: [pregen_diag] {"data":{"actions":{"2":68820,"4":555},"cursor":555,"duration_us":255554,"id":555},"kind":"complete","us":35561501615}
2026-09-23 18:18:35: ACTION[Server]: [pregen_diag] {"data":{"cursor":555,"gap_us":101095,"hi":{"x":927,"y":47,"z":-3073},"id":556,"lo":{"x":848,"y":-32,"z":-3152},"selection":{"index":556,"inner":0,"x":848,"y_max":-32,"y_min":-32,"z":-3152}},"kind":"dispatch","us":35561602710}
2026-09-23 18:18:36: ACTION[Emerge-0]: [pregen_diag] {"data":{"actions":{"2":68944,"4":556},"cursor":556,"duration_us":254583,"id":556},"kind":"complete","us":35561857293}
2026-09-23 18:18:36: ACTION[Server]: [pregen_diag] {"data":{"cursor":556,"gap_us":106926,"hi":{"x":1007,"y":47,"z":-3073},"id":557,"lo":{"x":928,"y":-32,"z":-3152},"selection":{"index":557,"inner":0,"x":928,"y_max":-32,"y_min":-32,"z":-3152}},"kind":"dispatch","us":35561964219}
2026-09-23 18:18:36: ACTION[Emerge-0]: [pregen_diag] {"data":{"actions":{"2":69068,"4":557},"cursor":557,"duration_us":256594,"id":557},"kind":"complete","us":35562220813}
2026-09-23 18:18:36: ACTION[Server]: [pregen_diag] {"data":{"cursor":557,"gap_us":102300,"hi":{"x":1087,"y":47,"z":-3073},"id":558,"lo":{"x":1008,"y":-32,"z":-3152},"selection":{"index":558,"inner":0,"x":1008,"y_max":-32,"y_min":-32,"z":-3152}},"kind":"dispatch","us":35562323112}
2026-09-23 18:18:36: ACTION[Emerge-0]: [pregen_diag] {"data":{"actions":{"2":69192,"4":558},"cursor":558,"duration_us":247459,"id":558},"kind":"complete","us":35562570572}
2026-09-23 18:18:36: ACTION[Server]: [pregen_diag] {"data":{"cursor":558,"gap_us":115318,"hi":{"x":1167,"y":47,"z":-3073},"id":559,"lo":{"x":1088,"y":-32,"z":-3152},"selection":{"index":559,"inner":0,"x":1088,"y_max":-32,"y_min":-32,"z":-3152}},"kind":"dispatch","us":35562685890}
2026-09-23 18:18:37: ACTION[Server]: [pregen_diag] {"data":{"actions":{"2":69192,"4":558},"callbacks":69750,"cursor":558,"dispatches":559,"failed":false,"pending":true,"persist_us":2154,"persists":28,"scan_max_us":34822,"scan_steps":14,"scan_us":429578,"selection":{"index":559,"inner":0,"x":1088,"y_max":-32,"y_min":-32,"z":-3152},"step_hist":{"88":1,"89":1,"90":52,"92":2},"step_max_us":92294,"step_us":5053385,"steps":56},"kind":"sample","us":35562926337}
2026-09-23 18:18:37: ACTION[Emerge-0]: [pregen_diag] {"data":{"actions":{"2":69316,"4":559},"cursor":559,"duration_us":245770,"id":559},"kind":"complete","us":35562931660}
2026-09-23 18:18:37: ACTION[Server]: [pregen_diag] {"data":{"cursor":559,"gap_us":114644,"hi":{"x":1247,"y":47,"z":-3073},"id":560,"lo":{"x":1168,"y":-32,"z":-3152},"selection":{"index":560,"inner":0,"x":1168,"y_max":-32,"y_min":-32,"z":-3152}},"kind":"dispatch","us":35563046303}
2026-09-23 18:18:37: ACTION[Emerge-0]: [pregen_diag] {"data":{"actions":{"2":69440,"4":560},"cursor":560,"duration_us":249377,"id":560},"kind":"complete","us":35563295681}
2026-09-23 18:18:37: ACTION[Server]: [pregen_diag] {"data":{"cursor":560,"gap_us":109567,"hi":{"x":1327,"y":47,"z":-3073},"id":561,"lo":{"x":1248,"y":-32,"z":-3152},"selection":{"index":561,"inner":0,"x":1248,"y_max":-32,"y_min":-32,"z":-3152}},"kind":"dispatch","us":35563405248}
2026-09-23 18:18:37: ACTION[Emerge-0]: [pregen_diag] {"data":{"actions":{"2":69564,"4":561},"cursor":561,"duration_us":241756,"id":561},"kind":"complete","us":35563647004}
2026-09-23 18:18:37: ACTION[Main]: Server: Shutting down
2026-09-23 18:18:37: ACTION[Main]: [pregen_diag] {"data":{"status":{"completed":561,"eta_seconds":2129.4993823529403,"failed":false,"mode":"full","percent":6.3670411985018722,"ready":false,"total":8811}},"kind":"shutdown","us":35563739686}
