# Highcourt district plot market_granary as built, anchor-relative
# anchor 0,40,-1500
57	0	-43	default:stone	0
58	0	-43	default:stone	0
59	0	-43	default:stone	0
60	0	-43	default:stone	0
61	0	-43	default:stone	0
62	0	-43	default:stone	0
63	0	-43	default:stone	0
64	0	-43	default:stone	0
65	0	-43	default:stone	0
66	0	-43	default:stone	0
67	0	-43	default:stone	0
68	0	-43	default:stone	0
69	0	-43	default:stone	0
70	0	-43	default:stone	0
71	0	-43	default:stone	0
72	0	-43	default:stone	0
73	0	-43	default:stone	0
74	0	-43	default:stone	0
75	0	-43	default:stone	0
76	0	-43	default:stone	0
77	0	-43	default:stone	0
78	0	-43	default:stone	0
79	0	-43	default:stone	0
80	0	-43	default:stone	0
81	0	-43	default:stone	0
82	0	-43	default:stone	0
83	0	-43	default:stone	0
84	0	-43	default:stone	0
85	0	-43	default:stone	0
86	0	-43	default:stone	0
87	0	-43	default:stone	0
57	1	-43	default:stone	0
58	1	-43	default:stone	0
59	1	-43	default:stone	0
60	1	-43	default:stone	0
61	1	-43	default:stone	0
62	1	-43	default:stone	0
63	1	-43	default:stone	0
64	1	-43	default:stone	0
65	1	-43	default:stone	0
66	1	-43	default:stone	0
67	1	-43	default:stone	0
68	1	-43	default:stone	0
69	1	-43	default:stone	0
70	1	-43	default:stone	0
71	1	-43	default:stone	0
72	1	-43	default:stone	0
73	1	-43	default:stone	0
74	1	-43	default:stone	0
75	1	-43	default:stone	0
76	1	-43	default:stone	0
77	1	-43	default:stone	0
78	1	-43	default:stone	0
79	1	-43	default:stone	0
80	1	-43	default:stone	0
81	1	-43	default:stone	0
82	1	-43	default:stone	0
83	1	-43	default:stone	0
84	1	-43	default:stone	0
85	1	-43	default:stone	0
86	1	-43	default:stone	0
87	1	-43	default:stone	0
59	2	-43	default:stone	0
60	2	-43	default:stone	0
61	2	-43	default:stone	0
62	2	-43	default:stone	0
63	2	-43	default:stone	0
64	2	-43	default:stone	0
65	2	-43	default:stone	0
66	2	-43	default:stone	0
67	2	-43	default:stone	0
68	2	-43	default:stone	0
69	2	-43	default:stone	0
70	2	-43	default:stone	0
71	2	-43	default:stone	0
72	2	-43	default:stone	0
73	2	-43	default:stone	0
74	2	-43	default:stone	0
75	2	-43	default:stone	0
76	2	-43	default:stone	0
77	2	-43	default:stone	0
78	2	-43	default:stone	0
79	2	-43	default:stone	0
80	2	-43	default:stone	0
81	2	-43	default:stone	0
82	2	-43	default:stone	0
83	2	-43	default:stone	0
84	2	-43	default:stone	0
85	2	-43	default:stone	0
86	2	-43	default:stone	0
87	2	-43	default:stone	0
62	3	-43	default:stone	0
63	3	-43	default:stone	0
64	3	-43	default:stone	0
65	3	-43	default:stone	0
66	3	-43	default:stone	0
67	3	-43	default:stone	0
68	3	-43	default:stone	0
69	3	-43	default:stone	0
70	3	-43	default:stone	0
71	3	-43	default:stone	0
72	3	-43	default:stone	0
73	3	-43	default:stone	0
74	3	-43	default:stone	0
75	3	-43	default:stone	0
76	3	-43	default:stone	0
77	3	-43	default:stone	0
78	3	-43	default:stone	0
79	3	-43	default:stone	0
80	3	-43	default:stone	0
81	3	-43	default:stone	0
82	3	-43	default:stone	0
83	3	-43	default:stone	0
84	3	-43	default:stone	0
85	3	-43	default:stone	0
86	3	-43	default:stone	0
87	3	-43	default:stone	0
65	4	-43	default:stone	0
66	4	-43	default:stone	0
67	4	-43	default:stone	0
68	4	-43	default:stone	0
69	4	-43	default:stone	0
70	4	-43	default:stone	0
71	4	-43	default:stone	0
72	4	-43	default:stone	0
73	4	-43	default:stone	0
74	4	-43	default:stone	0
75	4	-43	default:stone	0
76	4	-43	default:stone	0
77	4	-43	default:stone	0
78	4	-43	default:stone	0
79	4	-43	default:stone	0
80	4	-43	default:stone	0
81	4	-43	default:stone	0
82	4	-43	default:stone	0
83	4	-43	default:stone	0
84	4	-43	default:stone	0
85	4	-43	default:stone	0
86	4	-43	default:stone	0
87	4	-43	default:stone	0
68	5	-43	default:stone	0
69	5	-43	default:stone	0
70	5	-43	default:stone	0
71	5	-43	default:stone	0
72	5	-43	default:stone	0
73	5	-43	default:stone	0
74	5	-43	default:stone	0
77	5	-43	default:stone	0
78	5	-43	default:stone	0
79	5	-43	default:stone	0
80	5	-43	default:stone	0
81	5	-43	default:stone	0
82	5	-43	default:stone	0
83	5	-43	default:stone	0
84	5	-43	default:stone	0
85	5	-43	default:stone	0
86	5	-43	default:stone	0
87	5	-43	default:stone	0
72	6	-43	default:stone	0
73	6	-43	default:stone	0
74	6	-43	default:stone	0
77	6	-43	default:stone	0
78	6	-43	default:stone	0
79	6	-43	default:stone	0
80	6	-43	default:stone	0
81	6	-43	default:stone	0
82	6	-43	default:stone	0
83	6	-43	default:stone	0
84	6	-43	default:stone	0
85	6	-43	default:stone	0
86	6	-43	default:stone	0
87	6	-43	default:stone	0
57	0	-42	default:stone	0
58	0	-42	default:stone	0
59	0	-42	default:stone	0
60	0	-42	default:stone	0
61	0	-42	default:stone	0
62	0	-42	default:stone	0
63	0	-42	default:stone	0
64	0	-42	default:stone	0
65	0	-42	default:stone	0
66	0	-42	default:stone	0
67	0	-42	default:stone	0
68	0	-42	default:stone	0
69	0	-42	default:stone	0
70	0	-42	default:stone	0
71	0	-42	default:stone	0
72	0	-42	default:stone	0
73	0	-42	default:stone	0
74	0	-42	default:stone	0
75	0	-42	default:stone	0
76	0	-42	default:stone	0
77	0	-42	default:stone	0
78	0	-42	default:stone	0
79	0	-42	default:stone	0
80	0	-42	default:stone	0
81	0	-42	default:stone	0
82	0	-42	default:stone	0
83	0	-42	default:stone	0
84	0	-42	default:stone	0
85	0	-42	default:stone	0
86	0	-42	default:stone	0
87	0	-42	default:stone	0
57	1	-42	default:stone	0
58	1	-42	default:stone	0
59	1	-42	default:stone	0
60	1	-42	default:stone	0
61	1	-42	default:stone	0
62	1	-42	default:stone	0
63	1	-42	default:stone	0
64	1	-42	default:stone	0
65	1	-42	default:stone	0
66	1	-42	default:stone	0
67	1	-42	default:stone	0
68	1	-42	default:stone	0
69	1	-42	default:stone	0
70	1	-42	default:stone	0
71	1	-42	default:stone	0
72	1	-42	default:stone	0
73	1	-42	default:stone	0
74	1	-42	default:stone	0
75	1	-42	default:stone	0
76	1	-42	default:stone	0
77	1	-42	default:stone	0
78	1	-42	default:stone	0
79	1	-42	default:stone	0
80	1	-42	default:stone	0
81	1	-42	default:stone	0
82	1	-42	default:stone	0
83	1	-42	default:stone	0
84	1	-42	default:stone	0
85	1	-42	default:stone	0
86	1	-42	default:stone	0
87	1	-42	default:stone	0
59	2	-42	default:stone	0
60	2	-42	default:stone	0
61	2	-42	default:stone	0
62	2	-42	default:stone	0
63	2	-42	default:stone	0
64	2	-42	default:stone	0
65	2	-42	default:stone	0
66	2	-42	default:stone	0
67	2	-42	default:stone	0
68	2	-42	default:stone	0
69	2	-42	default:stone	0
70	2	-42	default:stone	0
71	2	-42	default:stone	0
72	2	-42	default:stone	0
73	2	-42	default:stone	0
74	2	-42	default:stone	0
75	2	-42	default:stone	0
76	2	-42	default:stone	0
77	2	-42	default:stone	0
78	2	-42	default:stone	0
79	2	-42	default:stone	0
80	2	-42	default:stone	0
81	2	-42	default:stone	0
82	2	-42	default:stone	0
83	2	-42	default:stone	0
84	2	-42	default:stone	0
85	2	-42	default:stone	0
86	2	-42	default:stone	0
87	2	-42	default:stone	0
62	3	-42	default:stone	0
63	3	-42	default:stone	0
64	3	-42	default:stone	0
65	3	-42	default:stone	0
66	3	-42	default:stone	0
67	3	-42	default:stone	0
68	3	-42	default:stone	0
69	3	-42	default:stone	0
70	3	-42	default:stone	0
71	3	-42	default:stone	0
72	3	-42	default:stone	0
73	3	-42	default:stone	0
74	3	-42	default:stone	0
75	3	-42	default:stone	0
76	3	-42	default:stone	0
77	3	-42	default:stone	0
78	3	-42	default:stone	0
79	3	-42	default:stone	0
80	3	-42	default:stone	0
81	3	-42	default:stone	0
82	3	-42	default:stone	0
83	3	-42	default:stone	0
84	3	-42	default:stone	0
85	3	-42	default:stone	0
86	3	-42	default:stone	0
87	3	-42	default:stone	0
65	4	-42	default:stone	0
66	4	-42	default:stone	0
67	4	-42	default:stone	0
68	4	-42	default:stone	0
69	4	-42	default:stone	0
70	4	-42	default:stone	0
71	4	-42	default:stone	0
72	4	-42	default:stone	0
73	4	-42	default:stone	0
74	4	-42	default:stone	0
75	4	-42	default:stone	0
76	4	-42	default:stone	0
77	4	-42	default:stone	0
78	4	-42	default:stone	0
79	4	-42	default:stone	0
80	4	-42	default:stone	0
81	4	-42	default:stone	0
82	4	-42	default:stone	0
83	4	-42	default:stone	0
84	4	-42	default:stone	0
85	4	-42	default:stone	0
86	4	-42	default:stone	0
87	4	-42	default:stone	0
68	5	-42	default:stone	0
69	5	-42	default:stone	0
70	5	-42	default:stone	0
71	5	-42	default:stone	0
72	5	-42	default:stone	0
73	5	-42	default:stone	0
74	5	-42	default:stone	0
76	5	-42	default:stone	0
77	5	-42	default:stone	0
78	5	-42	default:stone	0
79	5	-42	default:stone	0
80	5	-42	default:stone	0
81	5	-42	default:stone	0
82	5	-42	default:stone	0
83	5	-42	default:stone	0
84	5	-42	default:stone	0
85	5	-42	default:stone	0
86	5	-42	default:stone	0
87	5	-42	default:stone	0
72	6	-42	default:stone	0
73	6	-42	default:stone	0
74	6	-42	default:stone	0
76	6	-42	default:stone	0
77	6	-42	default:stone	0
78	6	-42	default:stone	0
79	6	-42	default:stone	0
80	6	-42	default:stone	0
81	6	-42	default:stone	0
82	6	-42	default:stone	0
83	6	-42	default:stone	0
84	6	-42	default:stone	0
85	6	-42	default:stone	0
86	6	-42	default:stone	0
87	6	-42	default:stone	0
57	0	-41	default:stone	0
58	0	-41	default:stone	0
59	0	-41	default:stone	0
60	0	-41	default:stone	0
61	0	-41	default:stone	0
62	0	-41	default:stone	0
63	0	-41	default:stone	0
64	0	-41	default:stone	0
65	0	-41	default:stone	0
66	0	-41	default:stone	0
67	0	-41	default:stone	0
68	0	-41	default:stone	0
69	0	-41	default:stone	0
70	0	-41	default:stone	0
71	0	-41	default:stone	0
72	0	-41	default:stone	0
73	0	-41	default:stone	0
74	0	-41	default:stone	0
75	0	-41	default:stone	0
76	0	-41	default:stone	0
77	0	-41	default:stone	0
78	0	-41	default:stone	0
79	0	-41	default:stone	0
80	0	-41	default:stone	0
81	0	-41	default:stone	0
82	0	-41	default:stone	0
83	0	-41	default:stone	0
84	0	-41	default:stone	0
85	0	-41	default:stone	0
86	0	-41	default:stone	0
87	0	-41	default:stone	0
57	1	-41	default:stone	0
58	1	-41	default:stone	0
59	1	-41	default:stone	0
60	1	-41	default:stone	0
61	1	-41	default:stone	0
62	1	-41	default:stone	0
63	1	-41	default:stone	0
64	1	-41	default:stone	0
65	1	-41	default:stone	0
66	1	-41	default:stone	0
67	1	-41	default:stone	0
68	1	-41	default:stone	0
69	1	-41	default:stone	0
70	1	-41	default:stone	0
71	1	-41	default:stone	0
72	1	-41	default:stone	0
73	1	-41	default:stone	0
74	1	-41	default:stone	0
75	1	-41	default:stone	0
76	1	-41	default:stone	0
77	1	-41	default:stone	0
78	1	-41	default:stone	0
79	1	-41	default:stone	0
80	1	-41	default:stone	0
81	1	-41	default:stone	0
82	1	-41	default:stone	0
83	1	-41	default:stone	0
84	1	-41	default:stone	0
85	1	-41	default:stone	0
86	1	-41	default:stone	0
87	1	-41	default:stone	0
59	2	-41	default:stone	0
60	2	-41	default:stone	0
61	2	-41	default:stone	0
62	2	-41	default:stone	0
63	2	-41	default:stone	0
64	2	-41	default:stone	0
65	2	-41	default:stone	0
66	2	-41	default:stone	0
67	2	-41	default:stone	0
68	2	-41	default:stone	0
69	2	-41	default:stone	0
70	2	-41	default:stone	0
71	2	-41	default:stone	0
72	2	-41	default:stone	0
73	2	-41	default:stone	0
74	2	-41	default:stone	0
75	2	-41	default:stone	0
76	2	-41	default:stone	0
77	2	-41	default:stone	0
78	2	-41	default:stone	0
79	2	-41	default:stone	0
80	2	-41	default:stone	0
81	2	-41	default:stone	0
82	2	-41	default:stone	0
83	2	-41	default:stone	0
84	2	-41	default:stone	0
85	2	-41	default:stone	0
86	2	-41	default:stone	0
87	2	-41	default:stone	0
62	3	-41	default:stone	0
63	3	-41	default:stone	0
64	3	-41	default:stone	0
65	3	-41	default:stone	0
66	3	-41	default:stone	0
67	3	-41	default:stone	0
68	3	-41	default:stone	0
69	3	-41	default:stone	0
70	3	-41	default:stone	0
71	3	-41	default:stone	0
72	3	-41	default:stone	0
73	3	-41	default:stone	0
74	3	-41	default:stone	0
75	3	-41	default:stone	0
76	3	-41	default:stone	0
77	3	-41	default:stone	0
78	3	-41	default:stone	0
79	3	-41	default:stone	0
80	3	-41	default:stone	0
81	3	-41	default:stone	0
82	3	-41	default:stone	0
83	3	-41	default:stone	0
84	3	-41	default:stone	0
85	3	-41	default:stone	0
86	3	-41	default:stone	0
87	3	-41	default:stone	0
65	4	-41	default:stone	0
66	4	-41	default:stone	0
67	4	-41	default:stone	0
68	4	-41	default:stone	0
69	4	-41	default:stone	0
70	4	-41	default:stone	0
71	4	-41	default:stone	0
72	4	-41	default:stone	0
73	4	-41	default:stone	0
74	4	-41	default:stone	0
75	4	-41	default:stone	0
76	4	-41	default:stone	0
77	4	-41	default:stone	0
78	4	-41	default:stone	0
79	4	-41	default:stone	0
80	4	-41	default:stone	0
81	4	-41	default:stone	0
82	4	-41	default:stone	0
83	4	-41	default:stone	0
84	4	-41	default:stone	0
85	4	-41	default:stone	0
86	4	-41	default:stone	0
87	4	-41	default:stone	0
68	5	-41	default:stone	0
69	5	-41	default:stone	0
70	5	-41	default:stone	0
71	5	-41	default:stone	0
72	5	-41	default:stone	0
73	5	-41	default:stone	0
74	5	-41	default:stone	0
75	5	-41	default:stone	0
76	5	-41	default:stone	0
77	5	-41	default:stone	0
78	5	-41	default:stone	0
79	5	-41	default:stone	0
80	5	-41	default:stone	0
81	5	-41	default:stone	0
82	5	-41	default:stone	0
83	5	-41	default:stone	0
84	5	-41	default:stone	0
85	5	-41	default:stone	0
86	5	-41	default:stone	0
87	5	-41	default:stone	0
72	6	-41	default:stone	0
73	6	-41	default:stone	0
74	6	-41	default:stone	0
75	6	-41	default:stone	0
76	6	-41	default:stone	0
77	6	-41	default:stone	0
78	6	-41	default:stone	0
79	6	-41	default:stone	0
80	6	-41	default:stone	0
81	6	-41	default:stone	0
82	6	-41	default:stone	0
83	6	-41	default:stone	0
84	6	-41	default:stone	0
85	6	-41	default:stone	0
86	6	-41	default:stone	0
87	6	-41	default:stone	0
57	0	-40	default:stone	0
58	0	-40	default:stone	0
59	0	-40	default:stone	0
60	0	-40	default:stone	0
61	0	-40	default:stone	0
62	0	-40	default:stone	0
63	0	-40	default:stone	0
64	0	-40	default:stone	0
65	0	-40	default:stone	0
66	0	-40	default:stone	0
67	0	-40	default:stone	0
68	0	-40	default:stone	0
69	0	-40	default:stone	0
70	0	-40	default:stone	0
71	0	-40	default:stone	0
72	0	-40	default:stone	0
73	0	-40	default:stone	0
74	0	-40	default:stone	0
75	0	-40	default:stone	0
76	0	-40	default:stone	0
77	0	-40	default:stone	0
78	0	-40	default:stone	0
79	0	-40	default:stone	0
80	0	-40	default:stone	0
81	0	-40	default:stone	0
82	0	-40	default:stone	0
83	0	-40	default:stone	0
84	0	-40	default:stone	0
85	0	-40	default:stone	0
86	0	-40	default:stone	0
87	0	-40	default:stone	0
57	1	-40	default:stone	0
58	1	-40	default:stone	0
59	1	-40	default:stone	0
60	1	-40	default:stone	0
61	1	-40	default:stone	0
62	1	-40	default:stone	0
63	1	-40	default:stone	0
64	1	-40	default:stone	0
65	1	-40	default:stone	0
66	1	-40	default:stone	0
67	1	-40	default:stone	0
68	1	-40	default:stone	0
69	1	-40	default:stone	0
70	1	-40	default:stone	0
71	1	-40	default:stone	0
72	1	-40	default:stone	0
73	1	-40	default:stone	0
74	1	-40	default:stone	0
75	1	-40	default:stone	0
76	1	-40	default:stone	0
77	1	-40	default:stone	0
78	1	-40	default:stone	0
79	1	-40	default:stone	0
80	1	-40	default:stone	0
81	1	-40	default:stone	0
82	1	-40	default:stone	0
83	1	-40	default:stone	0
84	1	-40	default:stone	0
85	1	-40	default:stone	0
86	1	-40	default:stone	0
87	1	-40	default:stone	0
59	2	-40	default:stone	0
60	2	-40	default:stone	0
61	2	-40	default:stone	0
62	2	-40	default:stone	0
63	2	-40	default:stone	0
64	2	-40	default:stone	0
65	2	-40	default:stone	0
66	2	-40	default:stone	0
67	2	-40	default:stone	0
68	2	-40	default:stone	0
69	2	-40	default:stone	0
70	2	-40	default:stone	0
71	2	-40	default:stone	0
72	2	-40	default:stone	0
73	2	-40	default:stone	0
74	2	-40	default:stone	0
75	2	-40	default:stone	0
76	2	-40	default:stone	0
77	2	-40	default:stone	0
78	2	-40	default:stone	0
79	2	-40	default:stone	0
80	2	-40	default:stone	0
81	2	-40	default:stone	0
82	2	-40	default:stone	0
83	2	-40	default:stone	0
84	2	-40	default:stone	0
85	2	-40	default:stone	0
86	2	-40	default:stone	0
87	2	-40	default:stone	0
62	3	-40	default:stone	0
63	3	-40	default:stone	0
64	3	-40	default:stone	0
65	3	-40	default:stone	0
66	3	-40	default:stone	0
67	3	-40	default:stone	0
68	3	-40	default:stone	0
69	3	-40	default:stone	0
70	3	-40	default:stone	0
71	3	-40	default:stone	0
72	3	-40	default:stone	0
73	3	-40	default:stone	0
74	3	-40	default:stone	0
75	3	-40	default:stone	0
76	3	-40	default:stone	0
77	3	-40	default:stone	0
78	3	-40	default:stone	0
79	3	-40	default:stone	0
80	3	-40	default:stone	0
81	3	-40	default:stone	0
82	3	-40	default:stone	0
83	3	-40	default:stone	0
84	3	-40	default:stone	0
85	3	-40	default:stone	0
86	3	-40	default:stone	0
87	3	-40	default:stone	0
65	4	-40	default:stone	0
66	4	-40	default:stone	0
67	4	-40	default:stone	0
68	4	-40	default:stone	0
69	4	-40	default:stone	0
70	4	-40	default:stone	0
71	4	-40	default:stone	0
72	4	-40	default:stone	0
73	4	-40	default:stone	0
74	4	-40	default:stone	0
75	4	-40	default:stone	0
76	4	-40	default:stone	0
77	4	-40	default:stone	0
78	4	-40	default:stone	0
79	4	-40	default:stone	0
80	4	-40	default:stone	0
81	4	-40	default:stone	0
82	4	-40	default:stone	0
83	4	-40	default:stone	0
84	4	-40	default:stone	0
85	4	-40	default:stone	0
86	4	-40	default:stone	0
87	4	-40	default:stone	0
68	5	-40	default:stone	0
69	5	-40	default:stone	0
70	5	-40	default:stone	0
71	5	-40	default:stone	0
72	5	-40	default:stone	0
73	5	-40	default:stone	0
74	5	-40	default:stone	0
75	5	-40	default:stone	0
76	5	-40	default:stone	0
77	5	-40	default:stone	0
78	5	-40	default:stone	0
79	5	-40	default:stone	0
80	5	-40	default:stone	0
81	5	-40	default:stone	0
82	5	-40	default:stone	0
83	5	-40	default:stone	0
84	5	-40	default:stone	0
85	5	-40	default:stone	0
86	5	-40	default:stone	0
87	5	-40	default:stone	0
72	6	-40	default:stone	0
73	6	-40	default:stone	0
74	6	-40	default:stone	0
75	6	-40	default:stone	0
76	6	-40	default:stone	0
77	6	-40	default:stone	0
78	6	-40	default:stone	0
79	6	-40	default:stone	0
80	6	-40	default:stone	0
81	6	-40	default:stone	0
82	6	-40	default:stone	0
83	6	-40	default:stone	0
84	6	-40	default:stone	0
85	6	-40	default:stone	0
86	6	-40	default:stone	0
87	6	-40	default:stone	0
57	0	-39	default:stone	0
58	0	-39	default:stone	0
59	0	-39	default:stone	0
60	0	-39	default:stone	0
61	0	-39	default:stone	0
62	0	-39	default:stone	0
63	0	-39	default:stone	0
64	0	-39	default:stone	0
65	0	-39	default:stone	0
66	0	-39	default:stone	0
67	0	-39	default:stone	0
68	0	-39	default:stone	0
69	0	-39	default:stone	0
70	0	-39	default:stone	0
71	0	-39	default:stone	0
72	0	-39	default:stone	0
73	0	-39	default:stone	0
74	0	-39	default:stone	0
75	0	-39	default:stone	0
76	0	-39	default:stone	0
77	0	-39	default:stone	0
78	0	-39	default:stone	0
79	0	-39	default:stone	0
80	0	-39	default:stone	0
81	0	-39	default:stone	0
82	0	-39	default:stone	0
83	0	-39	default:stone	0
84	0	-39	default:stone	0
85	0	-39	default:stone	0
86	0	-39	default:stone	0
87	0	-39	default:stone	0
57	1	-39	default:stone	0
58	1	-39	default:stone	0
59	1	-39	default:stone	0
60	1	-39	default:stone	0
61	1	-39	default:stone	0
62	1	-39	default:stone	0
63	1	-39	default:stone	0
64	1	-39	default:stone	0
65	1	-39	default:stone	0
66	1	-39	default:stone	0
67	1	-39	default:stone	0
68	1	-39	default:stone	0
69	1	-39	default:stone	0
70	1	-39	default:stone	0
71	1	-39	default:stone	0
72	1	-39	default:stone	0
73	1	-39	default:stone	0
74	1	-39	default:stone	0
75	1	-39	default:stone	0
76	1	-39	default:stone	0
77	1	-39	default:stone	0
78	1	-39	default:stone	0
79	1	-39	default:stone	0
80	1	-39	default:stone	0
81	1	-39	default:stone	0
82	1	-39	default:stone	0
83	1	-39	default:stone	0
84	1	-39	default:stone	0
85	1	-39	default:stone	0
86	1	-39	default:stone	0
87	1	-39	default:stone	0
59	2	-39	default:stone	0
60	2	-39	default:stone	0
61	2	-39	default:stone	0
62	2	-39	default:stone	0
63	2	-39	default:stone	0
64	2	-39	default:stone	0
65	2	-39	default:stone	0
66	2	-39	default:stone	0
67	2	-39	default:stone	0
68	2	-39	default:stone	0
69	2	-39	default:stone	0
70	2	-39	default:stone	0
71	2	-39	default:stone	0
72	2	-39	default:stone	0
73	2	-39	default:stone	0
74	2	-39	default:stone	0
75	2	-39	default:stone	0
76	2	-39	default:stone	0
77	2	-39	default:stone	0
78	2	-39	default:stone	0
79	2	-39	default:stone	0
80	2	-39	default:stone	0
81	2	-39	default:stone	0
82	2	-39	default:stone	0
83	2	-39	default:stone	0
84	2	-39	default:stone	0
85	2	-39	default:stone	0
86	2	-39	default:stone	0
87	2	-39	default:stone	0
62	3	-39	default:stone	0
63	3	-39	default:stone	0
64	3	-39	default:stone	0
65	3	-39	default:stone	0
66	3	-39	default:stone	0
67	3	-39	default:stone	0
68	3	-39	default:stone	0
69	3	-39	default:stone	0
70	3	-39	default:stone	0
71	3	-39	default:stone	0
72	3	-39	default:stone	0
73	3	-39	default:stone	0
74	3	-39	default:stone	0
75	3	-39	default:stone	0
76	3	-39	default:stone	0
77	3	-39	default:stone	0
78	3	-39	default:stone	0
79	3	-39	default:stone	0
80	3	-39	default:stone	0
81	3	-39	default:stone	0
82	3	-39	default:stone	0
83	3	-39	default:stone	0
84	3	-39	default:stone	0
85	3	-39	default:stone	0
86	3	-39	default:stone	0
87	3	-39	default:stone	0
65	4	-39	default:stone	0
66	4	-39	default:stone	0
67	4	-39	default:stone	0
68	4	-39	default:stone	0
69	4	-39	default:stone	0
70	4	-39	default:stone	0
71	4	-39	default:stone	0
72	4	-39	default:stone	0
73	4	-39	default:stone	0
74	4	-39	default:stone	0
75	4	-39	default:stone	0
76	4	-39	default:stone	0
77	4	-39	default:stone	0
78	4	-39	default:stone	0
79	4	-39	default:stone	0
80	4	-39	default:stone	0
81	4	-39	default:stone	0
82	4	-39	default:stone	0
83	4	-39	default:stone	0
84	4	-39	default:stone	0
85	4	-39	default:stone	0
86	4	-39	default:stone	0
87	4	-39	default:stone	0
68	5	-39	default:stone	0
69	5	-39	default:stone	0
70	5	-39	default:stone	0
71	5	-39	default:stone	0
72	5	-39	default:stone	0
73	5	-39	default:stone	0
74	5	-39	default:stone	0
75	5	-39	default:stone	0
76	5	-39	default:stone	0
77	5	-39	default:stone	0
78	5	-39	default:stone	0
79	5	-39	default:stone	0
80	5	-39	default:stone	0
81	5	-39	default:stone	0
82	5	-39	default:stone	0
83	5	-39	default:stone	0
84	5	-39	default:stone	0
85	5	-39	default:stone	0
86	5	-39	default:stone	0
87	5	-39	default:stone	0
72	6	-39	default:stone	0
73	6	-39	default:stone	0
74	6	-39	default:stone	0
75	6	-39	default:stone	0
76	6	-39	default:stone	0
77	6	-39	default:stone	0
78	6	-39	default:stone	0
79	6	-39	default:stone	0
80	6	-39	default:stone	0
81	6	-39	default:stone	0
82	6	-39	default:stone	0
83	6	-39	default:stone	0
84	6	-39	default:stone	0
85	6	-39	default:stone	0
86	6	-39	default:stone	0
87	6	-39	default:stone	0
57	0	-38	default:stone	0
58	0	-38	default:stone	0
59	0	-38	default:stone	0
60	0	-38	default:stone	0
61	0	-38	default:stone	0
62	0	-38	default:stone	0
63	0	-38	default:stone	0
64	0	-38	default:cobble	0
65	0	-38	default:cobble	0
66	0	-38	default:cobble	0
67	0	-38	default:cobble	0
68	0	-38	default:cobble	0
69	0	-38	default:cobble	0
70	0	-38	default:cobble	0
71	0	-38	default:cobble	0
72	0	-38	default:cobble	0
73	0	-38	default:cobble	0
74	0	-38	default:cobble	0
75	0	-38	default:cobble	0
76	0	-38	default:cobble	0
77	0	-38	default:cobble	0
78	0	-38	default:cobble	0
79	0	-38	default:cobble	0
80	0	-38	default:cobble	0
81	0	-38	default:stone	0
82	0	-38	default:stone	0
83	0	-38	default:stone	0
84	0	-38	default:stone	0
85	0	-38	default:stone	0
86	0	-38	default:stone	0
87	0	-38	default:stone	0
57	1	-38	default:stone	0
58	1	-38	default:stone	0
59	1	-38	default:stone	0
60	1	-38	default:stone	0
61	1	-38	default:stone	0
62	1	-38	default:stone	0
63	1	-38	default:stone	0
64	1	-38	default:cobble	0
65	1	-38	default:cobble	0
66	1	-38	default:cobble	0
67	1	-38	default:cobble	0
68	1	-38	default:cobble	0
69	1	-38	default:cobble	0
70	1	-38	default:cobble	0
71	1	-38	default:cobble	0
72	1	-38	default:cobble	0
73	1	-38	default:cobble	0
74	1	-38	default:cobble	0
75	1	-38	default:cobble	0
76	1	-38	default:cobble	0
77	1	-38	default:cobble	0
78	1	-38	default:cobble	0
79	1	-38	default:cobble	0
80	1	-38	default:cobble	0
81	1	-38	default:stone	0
82	1	-38	default:stone	0
83	1	-38	default:stone	0
84	1	-38	default:stone	0
85	1	-38	default:stone	0
86	1	-38	default:stone	0
87	1	-38	default:stone	0
59	2	-38	default:stone	0
60	2	-38	default:stone	0
61	2	-38	default:stone	0
62	2	-38	default:stone	0
63	2	-38	default:stone	0
64	2	-38	default:cobble	0
65	2	-38	default:cobble	0
66	2	-38	default:cobble	0
67	2	-38	default:cobble	0
68	2	-38	default:cobble	0
69	2	-38	default:cobble	0
70	2	-38	default:cobble	0
71	2	-38	default:cobble	0
72	2	-38	default:cobble	0
73	2	-38	default:cobble	0
74	2	-38	default:cobble	0
75	2	-38	default:cobble	0
76	2	-38	default:cobble	0
77	2	-38	default:cobble	0
78	2	-38	default:cobble	0
79	2	-38	default:cobble	0
80	2	-38	default:cobble	0
81	2	-38	default:stone	0
82	2	-38	default:stone	0
83	2	-38	default:stone	0
84	2	-38	default:stone	0
85	2	-38	default:stone	0
86	2	-38	default:stone	0
87	2	-38	default:stone	0
62	3	-38	default:stone	0
63	3	-38	default:stone	0
64	3	-38	default:cobble	0
65	3	-38	default:cobble	0
66	3	-38	default:cobble	0
67	3	-38	default:cobble	0
68	3	-38	default:cobble	0
69	3	-38	default:cobble	0
70	3	-38	default:cobble	0
71	3	-38	default:cobble	0
72	3	-38	default:cobble	0
73	3	-38	default:cobble	0
74	3	-38	default:cobble	0
75	3	-38	default:cobble	0
76	3	-38	default:cobble	0
77	3	-38	default:cobble	0
78	3	-38	default:cobble	0
79	3	-38	default:cobble	0
80	3	-38	default:cobble	0
81	3	-38	default:stone	0
82	3	-38	default:stone	0
83	3	-38	default:stone	0
84	3	-38	default:stone	0
85	3	-38	default:stone	0
86	3	-38	default:stone	0
87	3	-38	default:stone	0
64	4	-38	default:cobble	0
65	4	-38	default:cobble	0
66	4	-38	default:cobble	0
67	4	-38	default:cobble	0
68	4	-38	default:cobble	0
69	4	-38	default:cobble	0
70	4	-38	default:cobble	0
71	4	-38	default:cobble	0
72	4	-38	default:cobble	0
73	4	-38	default:cobble	0
74	4	-38	default:cobble	0
75	4	-38	default:cobble	0
76	4	-38	default:cobble	0
77	4	-38	default:cobble	0
78	4	-38	default:cobble	0
79	4	-38	default:cobble	0
80	4	-38	default:cobble	0
81	4	-38	default:stone	0
82	4	-38	default:stone	0
83	4	-38	default:stone	0
84	4	-38	default:stone	0
85	4	-38	default:stone	0
86	4	-38	default:stone	0
87	4	-38	default:stone	0
64	5	-38	default:cobble	0
65	5	-38	default:cobble	0
66	5	-38	default:cobble	0
67	5	-38	default:cobble	0
68	5	-38	default:cobble	0
69	5	-38	default:cobble	0
70	5	-38	default:cobble	0
71	5	-38	default:cobble	0
72	5	-38	default:cobble	0
73	5	-38	default:cobble	0
74	5	-38	default:cobble	0
75	5	-38	default:cobble	0
76	5	-38	default:cobble	0
77	5	-38	default:cobble	0
78	5	-38	default:cobble	0
79	5	-38	default:cobble	0
80	5	-38	default:cobble	0
81	5	-38	default:stone	0
82	5	-38	default:stone	0
83	5	-38	default:stone	0
84	5	-38	default:stone	0
85	5	-38	default:stone	0
86	5	-38	default:stone	0
87	5	-38	default:stone	0
64	6	-38	default:brick	0
65	6	-38	default:brick	0
66	6	-38	default:brick	0
67	6	-38	default:brick	0
68	6	-38	default:brick	0
69	6	-38	default:brick	0
70	6	-38	default:brick	0
71	6	-38	default:brick	0
72	6	-38	default:brick	0
73	6	-38	default:brick	0
74	6	-38	default:brick	0
75	6	-38	default:brick	0
76	6	-38	default:brick	0
77	6	-38	default:brick	0
78	6	-38	default:brick	0
79	6	-38	default:brick	0
80	6	-38	default:brick	0
81	6	-38	default:stone	0
82	6	-38	default:stone	0
83	6	-38	default:stone	0
84	6	-38	default:stone	0
85	6	-38	default:stone	0
86	6	-38	default:stone	0
87	6	-38	default:stone	0
57	0	-37	default:stone	0
58	0	-37	default:stone	0
59	0	-37	default:stone	0
60	0	-37	default:stone	0
61	0	-37	default:stone	0
62	0	-37	default:stone	0
63	0	-37	default:stone	0
64	0	-37	default:cobble	0
65	0	-37	default:stone	0
66	0	-37	default:stone	0
67	0	-37	default:stone	0
68	0	-37	default:stone	0
69	0	-37	default:stone	0
70	0	-37	default:stone	0
71	0	-37	default:stone	0
72	0	-37	default:stone	0
73	0	-37	default:stone	0
74	0	-37	default:stone	0
75	0	-37	default:stone	0
76	0	-37	default:stone	0
77	0	-37	default:stone	0
78	0	-37	default:stone	0
79	0	-37	default:stone	0
80	0	-37	default:cobble	0
81	0	-37	default:stone	0
82	0	-37	default:stone	0
83	0	-37	default:stone	0
84	0	-37	default:stone	0
85	0	-37	default:stone	0
86	0	-37	default:stone	0
87	0	-37	default:stone	0
57	1	-37	default:stone	0
58	1	-37	default:stone	0
59	1	-37	default:stone	0
60	1	-37	default:stone	0
61	1	-37	default:stone	0
62	1	-37	default:stone	0
63	1	-37	default:stone	0
64	1	-37	default:cobble	0
65	1	-37	default:stone	0
66	1	-37	default:stone	0
67	1	-37	default:stone	0
68	1	-37	default:stone	0
69	1	-37	default:stone	0
70	1	-37	default:stone	0
71	1	-37	default:stone	0
72	1	-37	default:stone	0
73	1	-37	default:stone	0
74	1	-37	default:stone	0
75	1	-37	default:stone	0
76	1	-37	default:stone	0
77	1	-37	default:stone	0
78	1	-37	default:stone	0
79	1	-37	default:stone	0
80	1	-37	default:cobble	0
81	1	-37	default:stone	0
82	1	-37	default:stone	0
83	1	-37	default:stone	0
84	1	-37	default:stone	0
85	1	-37	default:stone	0
86	1	-37	default:stone	0
87	1	-37	default:stone	0
59	2	-37	default:stone	0
60	2	-37	default:stone	0
61	2	-37	default:stone	0
62	2	-37	default:stone	0
63	2	-37	default:stone	0
64	2	-37	default:cobble	0
65	2	-37	default:stone	0
66	2	-37	default:stone	0
67	2	-37	default:stone	0
68	2	-37	default:stone	0
69	2	-37	default:stone	0
70	2	-37	default:stone	0
71	2	-37	default:stone	0
72	2	-37	default:stone	0
73	2	-37	default:stone	0
74	2	-37	default:stone	0
75	2	-37	default:stone	0
76	2	-37	default:stone	0
77	2	-37	default:stone	0
78	2	-37	default:stone	0
79	2	-37	default:stone	0
80	2	-37	default:cobble	0
81	2	-37	default:stone	0
82	2	-37	default:stone	0
83	2	-37	default:stone	0
84	2	-37	default:stone	0
85	2	-37	default:stone	0
86	2	-37	default:stone	0
87	2	-37	default:stone	0
62	3	-37	default:stone	0
63	3	-37	default:stone	0
64	3	-37	default:cobble	0
65	3	-37	default:stone	0
66	3	-37	default:stone	0
67	3	-37	default:stone	0
68	3	-37	default:stone	0
69	3	-37	default:stone	0
70	3	-37	default:stone	0
71	3	-37	default:stone	0
72	3	-37	default:stone	0
73	3	-37	default:stone	0
74	3	-37	default:stone	0
75	3	-37	default:stone	0
76	3	-37	default:stone	0
77	3	-37	default:stone	0
78	3	-37	default:stone	0
79	3	-37	default:stone	0
80	3	-37	default:cobble	0
81	3	-37	default:stone	0
82	3	-37	default:stone	0
83	3	-37	default:stone	0
84	3	-37	default:stone	0
85	3	-37	default:stone	0
86	3	-37	default:stone	0
87	3	-37	default:stone	0
64	4	-37	default:cobble	0
65	4	-37	default:stone	0
66	4	-37	default:stone	0
67	4	-37	default:stone	0
68	4	-37	default:stone	0
69	4	-37	default:stone	0
70	4	-37	default:stone	0
71	4	-37	default:stone	0
72	4	-37	default:stone	0
73	4	-37	default:stone	0
74	4	-37	default:stone	0
75	4	-37	default:stone	0
76	4	-37	default:stone	0
77	4	-37	default:stone	0
78	4	-37	default:stone	0
79	4	-37	default:stone	0
80	4	-37	default:cobble	0
81	4	-37	default:stone	0
82	4	-37	default:stone	0
83	4	-37	default:stone	0
84	4	-37	default:stone	0
85	4	-37	default:stone	0
86	4	-37	default:stone	0
87	4	-37	default:stone	0
64	5	-37	default:cobble	0
65	5	-37	default:dirt	0
66	5	-37	default:dirt	0
67	5	-37	default:dirt	0
68	5	-37	default:dirt	0
69	5	-37	default:dirt	0
70	5	-37	default:dirt	0
71	5	-37	default:dirt	0
72	5	-37	default:dirt	0
73	5	-37	default:dirt	0
74	5	-37	default:dirt	0
75	5	-37	default:dirt	0
76	5	-37	default:dirt	0
77	5	-37	default:dirt	0
78	5	-37	default:dirt	0
79	5	-37	default:dirt	0
80	5	-37	default:cobble	0
81	5	-37	default:stone	0
82	5	-37	default:stone	0
83	5	-37	default:stone	0
84	5	-37	default:stone	0
85	5	-37	default:stone	0
86	5	-37	default:stone	0
87	5	-37	default:stone	0
64	6	-37	default:brick	0
65	6	-37	default:dirt_with_grass	0
66	6	-37	default:dirt_with_grass	0
67	6	-37	default:dirt_with_grass	0
68	6	-37	default:dirt_with_grass	0
69	6	-37	default:dirt_with_grass	0
70	6	-37	default:dirt_with_grass	0
71	6	-37	default:cobble	0
72	6	-37	default:cobble	0
73	6	-37	default:cobble	0
74	6	-37	default:dirt_with_grass	0
75	6	-37	default:dirt_with_grass	0
76	6	-37	default:dirt_with_grass	0
77	6	-37	default:dirt_with_grass	0
78	6	-37	default:dirt_with_grass	0
79	6	-37	default:dirt_with_grass	0
80	6	-37	default:brick	0
81	6	-37	default:stone	0
82	6	-37	default:stone	0
83	6	-37	default:stone	0
84	6	-37	default:stone	0
85	6	-37	default:stone	0
86	6	-37	default:stone	0
87	6	-37	default:stone	0
65	7	-37	default:tree	0
79	7	-37	default:tree	0
65	8	-37	default:tree	0
79	8	-37	default:tree	0
65	9	-37	default:torch	1
79	9	-37	default:torch	1
57	0	-36	default:stone	0
58	0	-36	default:stone	0
59	0	-36	default:stone	0
60	0	-36	default:stone	0
61	0	-36	default:stone	0
62	0	-36	default:stone	0
63	0	-36	default:stone	0
64	0	-36	default:cobble	0
65	0	-36	default:stone	0
66	0	-36	default:stone	0
67	0	-36	default:stone	0
68	0	-36	default:stone	0
69	0	-36	default:stone	0
70	0	-36	default:stone	0
71	0	-36	default:stone	0
72	0	-36	default:stone	0
73	0	-36	default:stone	0
74	0	-36	default:stone	0
75	0	-36	default:stone	0
76	0	-36	default:stone	0
77	0	-36	default:stone	0
78	0	-36	default:stone	0
79	0	-36	default:stone	0
80	0	-36	default:cobble	0
81	0	-36	default:stone	0
82	0	-36	default:stone	0
83	0	-36	default:stone	0
84	0	-36	default:stone	0
85	0	-36	default:stone	0
86	0	-36	default:stone	0
87	0	-36	default:stone	0
57	1	-36	default:stone	0
58	1	-36	default:stone	0
59	1	-36	default:stone	0
60	1	-36	default:stone	0
61	1	-36	default:stone	0
62	1	-36	default:stone	0
63	1	-36	default:stone	0
64	1	-36	default:cobble	0
65	1	-36	default:stone	0
66	1	-36	default:stone	0
67	1	-36	default:stone	0
68	1	-36	default:stone	0
69	1	-36	default:stone	0
70	1	-36	default:stone	0
71	1	-36	default:stone	0
72	1	-36	default:stone	0
73	1	-36	default:stone	0
74	1	-36	default:stone	0
75	1	-36	default:stone	0
76	1	-36	default:stone	0
77	1	-36	default:stone	0
78	1	-36	default:stone	0
79	1	-36	default:stone	0
80	1	-36	default:cobble	0
81	1	-36	default:stone	0
82	1	-36	default:stone	0
83	1	-36	default:stone	0
84	1	-36	default:stone	0
85	1	-36	default:stone	0
86	1	-36	default:stone	0
87	1	-36	default:stone	0
59	2	-36	default:stone	0
60	2	-36	default:stone	0
61	2	-36	default:stone	0
62	2	-36	default:stone	0
63	2	-36	default:stone	0
64	2	-36	default:cobble	0
65	2	-36	default:stone	0
66	2	-36	default:stone	0
67	2	-36	default:stone	0
68	2	-36	default:stone	0
69	2	-36	default:stone	0
70	2	-36	default:stone	0
71	2	-36	default:stone	0
72	2	-36	default:stone	0
73	2	-36	default:stone	0
74	2	-36	default:stone	0
75	2	-36	default:stone	0
76	2	-36	default:stone	0
77	2	-36	default:stone	0
78	2	-36	default:stone	0
79	2	-36	default:stone	0
80	2	-36	default:cobble	0
81	2	-36	default:stone	0
82	2	-36	default:stone	0
83	2	-36	default:stone	0
84	2	-36	default:stone	0
85	2	-36	default:stone	0
86	2	-36	default:stone	0
87	2	-36	default:stone	0
62	3	-36	default:stone	0
63	3	-36	default:stone	0
64	3	-36	default:cobble	0
65	3	-36	default:stone	0
66	3	-36	default:stone	0
67	3	-36	default:stone	0
68	3	-36	default:stone	0
69	3	-36	default:stone	0
70	3	-36	default:stone	0
71	3	-36	default:stone	0
72	3	-36	default:stone	0
73	3	-36	default:stone	0
74	3	-36	default:stone	0
75	3	-36	default:stone	0
76	3	-36	default:stone	0
77	3	-36	default:stone	0
78	3	-36	default:stone	0
79	3	-36	default:stone	0
80	3	-36	default:cobble	0
81	3	-36	default:stone	0
82	3	-36	default:stone	0
83	3	-36	default:stone	0
84	3	-36	default:stone	0
85	3	-36	default:stone	0
86	3	-36	default:stone	0
87	3	-36	default:stone	0
64	4	-36	default:cobble	0
65	4	-36	default:stone	0
66	4	-36	default:stone	0
67	4	-36	default:stone	0
68	4	-36	default:stone	0
69	4	-36	default:stone	0
70	4	-36	default:stone	0
71	4	-36	default:stone	0
72	4	-36	default:stone	0
73	4	-36	default:stone	0
74	4	-36	default:stone	0
75	4	-36	default:stone	0
76	4	-36	default:stone	0
77	4	-36	default:stone	0
78	4	-36	default:stone	0
79	4	-36	default:stone	0
80	4	-36	default:cobble	0
81	4	-36	default:stone	0
82	4	-36	default:stone	0
83	4	-36	default:stone	0
84	4	-36	default:stone	0
85	4	-36	default:stone	0
86	4	-36	default:stone	0
87	4	-36	default:stone	0
64	5	-36	default:cobble	0
65	5	-36	default:dirt	0
66	5	-36	default:dirt	0
67	5	-36	default:dirt	0
68	5	-36	default:dirt	0
69	5	-36	default:dirt	0
70	5	-36	default:dirt	0
71	5	-36	default:dirt	0
72	5	-36	default:dirt	0
73	5	-36	default:dirt	0
74	5	-36	default:dirt	0
75	5	-36	default:dirt	0
76	5	-36	default:dirt	0
77	5	-36	default:dirt	0
78	5	-36	default:dirt	0
79	5	-36	default:dirt	0
80	5	-36	default:cobble	0
81	5	-36	default:stone	0
82	5	-36	default:stone	0
83	5	-36	default:stone	0
84	5	-36	default:stone	0
85	5	-36	default:stone	0
86	5	-36	default:stone	0
87	5	-36	default:stone	0
64	6	-36	default:brick	0
65	6	-36	default:dirt_with_grass	0
66	6	-36	default:cobble	0
67	6	-36	default:cobble	0
68	6	-36	default:cobble	0
69	6	-36	default:cobble	0
70	6	-36	default:cobble	0
71	6	-36	default:cobble	0
72	6	-36	default:cobble	0
73	6	-36	default:cobble	0
74	6	-36	default:cobble	0
75	6	-36	default:cobble	0
76	6	-36	default:cobble	0
77	6	-36	default:cobble	0
78	6	-36	default:cobble	0
79	6	-36	default:dirt_with_grass	0
80	6	-36	default:brick	0
81	6	-36	default:stone	0
82	6	-36	default:stone	0
83	6	-36	default:stone	0
84	6	-36	default:stone	0
85	6	-36	default:stone	0
86	6	-36	default:stone	0
87	6	-36	default:stone	0
75	7	-36	stairs:stair_wood	2
76	7	-36	stairs:stair_wood	2
77	7	-36	stairs:stair_wood	2
70	9	-36	default:torch_wall	4
74	9	-36	default:torch_wall	4
78	11	-36	stairs:stair_wood	3
77	12	-36	stairs:stair_wood	3
66	13	-36	stairs:stair_wood	1
76	13	-36	stairs:stair_wood	3
67	14	-36	stairs:stair_wood	1
75	14	-36	stairs:stair_wood	3
68	15	-36	stairs:stair_wood	1
74	15	-36	stairs:stair_wood	3
69	16	-36	stairs:stair_wood	1
73	16	-36	stairs:stair_wood	3
70	17	-36	stairs:slab_wood	0
71	17	-36	stairs:slab_wood	0
72	17	-36	stairs:slab_wood	0
57	0	-35	default:stone	0
58	0	-35	default:stone	0
59	0	-35	default:stone	0
60	0	-35	default:stone	0
61	0	-35	default:stone	0
62	0	-35	default:stone	0
63	0	-35	default:stone	0
64	0	-35	default:cobble	0
65	0	-35	default:stone	0
66	0	-35	default:stone	0
67	0	-35	default:stone	0
68	0	-35	default:stone	0
69	0	-35	default:stone	0
70	0	-35	default:stone	0
71	0	-35	default:stone	0
72	0	-35	default:stone	0
73	0	-35	default:stone	0
74	0	-35	default:stone	0
75	0	-35	default:stone	0
76	0	-35	default:stone	0
77	0	-35	default:stone	0
78	0	-35	default:stone	0
79	0	-35	default:stone	0
80	0	-35	default:cobble	0
81	0	-35	default:stone	0
82	0	-35	default:stone	0
83	0	-35	default:stone	0
84	0	-35	default:stone	0
85	0	-35	default:stone	0
86	0	-35	default:stone	0
87	0	-35	default:stone	0
57	1	-35	default:stone	0
58	1	-35	default:stone	0
59	1	-35	default:stone	0
60	1	-35	default:stone	0
61	1	-35	default:stone	0
62	1	-35	default:stone	0
63	1	-35	default:stone	0
64	1	-35	default:cobble	0
65	1	-35	default:stone	0
66	1	-35	default:stone	0
67	1	-35	default:stone	0
68	1	-35	default:stone	0
69	1	-35	default:stone	0
70	1	-35	default:stone	0
71	1	-35	default:stone	0
72	1	-35	default:stone	0
73	1	-35	default:stone	0
74	1	-35	default:stone	0
75	1	-35	default:stone	0
76	1	-35	default:stone	0
77	1	-35	default:stone	0
78	1	-35	default:stone	0
79	1	-35	default:stone	0
80	1	-35	default:cobble	0
81	1	-35	default:stone	0
82	1	-35	default:stone	0
83	1	-35	default:stone	0
84	1	-35	default:stone	0
85	1	-35	default:stone	0
86	1	-35	default:stone	0
87	1	-35	default:stone	0
59	2	-35	default:stone	0
60	2	-35	default:stone	0
61	2	-35	default:stone	0
62	2	-35	default:stone	0
63	2	-35	default:stone	0
64	2	-35	default:cobble	0
65	2	-35	default:stone	0
66	2	-35	default:stone	0
67	2	-35	default:stone	0
68	2	-35	default:stone	0
69	2	-35	default:stone	0
70	2	-35	default:stone	0
71	2	-35	default:stone	0
72	2	-35	default:stone	0
73	2	-35	default:stone	0
74	2	-35	default:stone	0
75	2	-35	default:stone	0
76	2	-35	default:stone	0
77	2	-35	default:stone	0
78	2	-35	default:stone	0
79	2	-35	default:stone	0
80	2	-35	default:cobble	0
81	2	-35	default:stone	0
82	2	-35	default:stone	0
83	2	-35	default:stone	0
84	2	-35	default:stone	0
85	2	-35	default:stone	0
86	2	-35	default:stone	0
87	2	-35	default:stone	0
62	3	-35	default:stone	0
63	3	-35	default:stone	0
64	3	-35	default:cobble	0
65	3	-35	default:stone	0
66	3	-35	default:stone	0
67	3	-35	default:stone	0
68	3	-35	default:stone	0
69	3	-35	default:stone	0
70	3	-35	default:stone	0
71	3	-35	default:stone	0
72	3	-35	default:stone	0
73	3	-35	default:stone	0
74	3	-35	default:stone	0
75	3	-35	default:stone	0
76	3	-35	default:stone	0
77	3	-35	default:stone	0
78	3	-35	default:stone	0
79	3	-35	default:stone	0
80	3	-35	default:cobble	0
81	3	-35	default:stone	0
82	3	-35	default:stone	0
83	3	-35	default:stone	0
84	3	-35	default:stone	0
85	3	-35	default:stone	0
86	3	-35	default:stone	0
87	3	-35	default:stone	0
64	4	-35	default:cobble	0
65	4	-35	default:stone	0
66	4	-35	default:stone	0
67	4	-35	default:stone	0
68	4	-35	default:stone	0
69	4	-35	default:stone	0
70	4	-35	default:stone	0
71	4	-35	default:stone	0
72	4	-35	default:stone	0
73	4	-35	default:stone	0
74	4	-35	default:stone	0
75	4	-35	default:stone	0
76	4	-35	default:stone	0
77	4	-35	default:stone	0
78	4	-35	default:stone	0
79	4	-35	default:stone	0
80	4	-35	default:cobble	0
81	4	-35	default:stone	0
82	4	-35	default:stone	0
83	4	-35	default:stone	0
84	4	-35	default:stone	0
85	4	-35	default:stone	0
86	4	-35	default:stone	0
87	4	-35	default:stone	0
64	5	-35	default:cobble	0
65	5	-35	default:dirt	0
66	5	-35	default:dirt	0
67	5	-35	default:dirt	0
68	5	-35	default:dirt	0
69	5	-35	default:dirt	0
70	5	-35	default:dirt	0
71	5	-35	default:dirt	0
72	5	-35	default:dirt	0
73	5	-35	default:dirt	0
74	5	-35	default:dirt	0
75	5	-35	default:dirt	0
76	5	-35	default:dirt	0
77	5	-35	default:dirt	0
78	5	-35	default:dirt	0
79	5	-35	default:dirt	0
80	5	-35	default:cobble	0
81	5	-35	default:stone	0
82	5	-35	default:stone	0
83	5	-35	default:stone	0
84	5	-35	default:stone	0
85	5	-35	default:stone	0
86	5	-35	default:stone	0
87	5	-35	default:stone	0
64	6	-35	default:brick	0
65	6	-35	default:dirt_with_grass	0
66	6	-35	default:cobble	0
67	6	-35	default:cobble	0
68	6	-35	default:cobble	0
69	6	-35	default:cobble	0
70	6	-35	default:cobble	0
71	6	-35	default:cobble	0
72	6	-35	default:cobble	0
73	6	-35	default:cobble	0
74	6	-35	default:cobble	0
75	6	-35	default:cobble	0
76	6	-35	default:cobble	0
77	6	-35	default:cobble	0
78	6	-35	default:cobble	0
79	6	-35	default:dirt_with_grass	0
80	6	-35	default:brick	0
81	6	-35	default:stone	0
82	6	-35	default:stone	0
83	6	-35	default:stone	0
84	6	-35	default:stone	0
85	6	-35	default:stone	0
86	6	-35	default:stone	0
87	6	-35	default:stone	0
67	7	-35	default:tree	0
68	7	-35	default:brick	0
69	7	-35	default:brick	0
70	7	-35	default:brick	0
71	7	-35	default:brick	0
72	7	-35	doors:door_wood_a	0
73	7	-35	doors:door_wood_b	0
74	7	-35	default:tree	0
75	7	-35	default:brick	0
76	7	-35	default:brick	0
77	7	-35	default:tree	0
67	8	-35	default:tree	0
68	8	-35	grug_decor:cottages_loam	0
69	8	-35	grug_decor:cottages_loam	0
70	8	-35	default:tree	0
71	8	-35	grug_decor:cottages_loam	0
72	8	-35	doors:hidden	0
73	8	-35	doors:hidden	3
74	8	-35	default:tree	0
75	8	-35	xpanes:pane_flat	0
76	8	-35	xpanes:pane_flat	0
77	8	-35	default:tree	0
67	9	-35	default:tree	0
68	9	-35	grug_decor:cottages_loam	0
69	9	-35	grug_decor:cottages_loam	0
70	9	-35	default:tree	0
71	9	-35	grug_decor:cottages_loam	0
72	9	-35	grug_decor:cottages_loam	0
73	9	-35	default:tree	0
74	9	-35	default:tree	0
75	9	-35	xpanes:pane_flat	0
76	9	-35	xpanes:pane_flat	0
77	9	-35	default:tree	0
67	10	-35	default:tree	0
68	10	-35	grug_decor:cottages_loam	0
69	10	-35	grug_decor:cottages_loam	0
70	10	-35	default:tree	0
71	10	-35	grug_decor:cottages_loam	0
72	10	-35	grug_decor:cottages_loam	0
73	10	-35	default:tree	0
74	10	-35	default:tree	0
75	10	-35	grug_decor:cottages_loam	0
76	10	-35	default:tree	0
77	10	-35	default:tree	0
67	11	-35	default:tree	0
68	11	-35	grug_decor:cottages_loam	0
69	11	-35	grug_decor:cottages_loam	0
70	11	-35	default:tree	0
71	11	-35	grug_decor:cottages_loam	0
72	11	-35	grug_decor:cottages_loam	0
73	11	-35	default:tree	0
74	11	-35	default:tree	0
75	11	-35	grug_decor:cottages_loam	0
76	11	-35	default:tree	0
77	11	-35	default:tree	0
78	11	-35	stairs:stair_wood	3
67	12	-35	default:tree	0
68	12	-35	grug_decor:cottages_loam	0
69	12	-35	grug_decor:cottages_loam	0
70	12	-35	default:tree	0
71	12	-35	grug_decor:cottages_loam	0
72	12	-35	grug_decor:cottages_loam	0
73	12	-35	default:tree	0
74	12	-35	grug_decor:cottages_loam	0
75	12	-35	grug_decor:cottages_loam	0
76	12	-35	default:tree	0
77	12	-35	stairs:stair_wood	3
66	13	-35	stairs:stair_wood	1
67	13	-35	default:tree	0
68	13	-35	grug_decor:cottages_loam	0
69	13	-35	grug_decor:cottages_loam	0
70	13	-35	default:tree	0
71	13	-35	grug_decor:cottages_loam	0
72	13	-35	grug_decor:cottages_loam	0
73	13	-35	default:tree	0
74	13	-35	grug_decor:cottages_loam	0
75	13	-35	grug_decor:cottages_loam	0
76	13	-35	stairs:stair_wood	3
67	14	-35	stairs:stair_wood	1
68	14	-35	grug_decor:cottages_loam	0
69	14	-35	grug_decor:cottages_loam	0
70	14	-35	default:tree	0
71	14	-35	grug_decor:cottages_loam	0
72	14	-35	grug_decor:cottages_loam	0
73	14	-35	default:tree	0
74	14	-35	grug_decor:cottages_loam	0
75	14	-35	stairs:stair_wood	3
68	15	-35	stairs:stair_wood	1
69	15	-35	grug_decor:cottages_loam	0
70	15	-35	default:tree	0
71	15	-35	grug_decor:cottages_loam	0
72	15	-35	grug_decor:cottages_loam	0
73	15	-35	default:tree	0
74	15	-35	stairs:stair_wood	3
69	16	-35	stairs:stair_wood	1
70	16	-35	default:tree	0
71	16	-35	grug_decor:cottages_loam	0
72	16	-35	grug_decor:cottages_loam	0
73	16	-35	stairs:stair_wood	3
70	17	-35	stairs:slab_wood	0
71	17	-35	stairs:slab_wood	0
72	17	-35	stairs:slab_wood	0
57	0	-34	default:stone	0
58	0	-34	default:stone	0
59	0	-34	default:stone	0
60	0	-34	default:stone	0
61	0	-34	default:stone	0
62	0	-34	default:stone	0
63	0	-34	default:stone	0
64	0	-34	default:cobble	0
65	0	-34	default:stone	0
66	0	-34	default:stone	0
67	0	-34	default:stone	0
68	0	-34	default:stone	0
69	0	-34	default:stone	0
70	0	-34	default:stone	0
71	0	-34	default:stone	0
72	0	-34	default:stone	0
73	0	-34	default:stone	0
74	0	-34	default:stone	0
75	0	-34	default:stone	0
76	0	-34	default:stone	0
77	0	-34	default:stone	0
78	0	-34	default:stone	0
79	0	-34	default:stone	0
80	0	-34	default:cobble	0
81	0	-34	default:stone	0
82	0	-34	default:stone	0
83	0	-34	default:stone	0
84	0	-34	default:stone	0
85	0	-34	default:stone	0
86	0	-34	default:stone	0
87	0	-34	default:stone	0
57	1	-34	default:stone	0
58	1	-34	default:stone	0
59	1	-34	default:stone	0
60	1	-34	default:stone	0
61	1	-34	default:stone	0
62	1	-34	default:stone	0
63	1	-34	default:stone	0
64	1	-34	default:cobble	0
65	1	-34	default:stone	0
66	1	-34	default:stone	0
67	1	-34	default:stone	0
68	1	-34	default:stone	0
69	1	-34	default:stone	0
70	1	-34	default:stone	0
71	1	-34	default:stone	0
72	1	-34	default:stone	0
73	1	-34	default:stone	0
74	1	-34	default:stone	0
75	1	-34	default:stone	0
76	1	-34	default:stone	0
77	1	-34	default:stone	0
78	1	-34	default:stone	0
79	1	-34	default:stone	0
80	1	-34	default:cobble	0
81	1	-34	default:stone	0
82	1	-34	default:stone	0
83	1	-34	default:stone	0
84	1	-34	default:stone	0
85	1	-34	default:stone	0
86	1	-34	default:stone	0
87	1	-34	default:stone	0
59	2	-34	default:stone	0
60	2	-34	default:stone	0
61	2	-34	default:stone	0
62	2	-34	default:stone	0
63	2	-34	default:stone	0
64	2	-34	default:cobble	0
65	2	-34	default:stone	0
66	2	-34	default:stone	0
67	2	-34	default:stone	0
68	2	-34	default:stone	0
69	2	-34	default:stone	0
70	2	-34	default:stone	0
71	2	-34	default:stone	0
72	2	-34	default:stone	0
73	2	-34	default:stone	0
74	2	-34	default:stone	0
75	2	-34	default:stone	0
76	2	-34	default:stone	0
77	2	-34	default:stone	0
78	2	-34	default:stone	0
79	2	-34	default:stone	0
80	2	-34	default:cobble	0
81	2	-34	default:stone	0
82	2	-34	default:stone	0
83	2	-34	default:stone	0
84	2	-34	default:stone	0
85	2	-34	default:stone	0
86	2	-34	default:stone	0
87	2	-34	default:stone	0
62	3	-34	default:stone	0
63	3	-34	default:stone	0
64	3	-34	default:cobble	0
65	3	-34	default:stone	0
66	3	-34	default:stone	0
67	3	-34	default:stone	0
68	3	-34	default:stone	0
69	3	-34	default:stone	0
70	3	-34	default:stone	0
71	3	-34	default:stone	0
72	3	-34	default:stone	0
73	3	-34	default:stone	0
74	3	-34	default:stone	0
75	3	-34	default:stone	0
76	3	-34	default:stone	0
77	3	-34	default:stone	0
78	3	-34	default:stone	0
79	3	-34	default:stone	0
80	3	-34	default:cobble	0
81	3	-34	default:stone	0
82	3	-34	default:stone	0
83	3	-34	default:stone	0
84	3	-34	default:stone	0
85	3	-34	default:stone	0
86	3	-34	default:stone	0
87	3	-34	default:stone	0
64	4	-34	default:cobble	0
65	4	-34	default:stone	0
66	4	-34	default:stone	0
67	4	-34	default:stone	0
68	4	-34	default:stone	0
69	4	-34	default:stone	0
70	4	-34	default:stone	0
71	4	-34	default:stone	0
72	4	-34	default:stone	0
73	4	-34	default:stone	0
74	4	-34	default:stone	0
75	4	-34	default:stone	0
76	4	-34	default:stone	0
77	4	-34	default:stone	0
78	4	-34	default:stone	0
79	4	-34	default:stone	0
80	4	-34	default:cobble	0
81	4	-34	default:stone	0
82	4	-34	default:stone	0
83	4	-34	default:stone	0
84	4	-34	default:stone	0
85	4	-34	default:stone	0
86	4	-34	default:stone	0
87	4	-34	default:stone	0
64	5	-34	default:cobble	0
65	5	-34	default:dirt	0
66	5	-34	default:dirt	0
67	5	-34	default:dirt	0
68	5	-34	default:dirt	0
69	5	-34	default:dirt	0
70	5	-34	default:dirt	0
71	5	-34	default:dirt	0
72	5	-34	default:dirt	0
73	5	-34	default:dirt	0
74	5	-34	default:dirt	0
75	5	-34	default:dirt	0
76	5	-34	default:dirt	0
77	5	-34	default:dirt	0
78	5	-34	default:dirt	0
79	5	-34	default:dirt	0
80	5	-34	default:cobble	0
81	5	-34	default:stone	0
82	5	-34	default:stone	0
83	5	-34	default:stone	0
84	5	-34	default:stone	0
85	5	-34	default:stone	0
86	5	-34	default:stone	0
87	5	-34	default:stone	0
64	6	-34	default:brick	0
65	6	-34	default:dirt_with_grass	0
66	6	-34	default:cobble	0
67	6	-34	default:cobble	0
68	6	-34	grug_decor:cottages_straw_ground	0
69	6	-34	grug_decor:cottages_straw_ground	0
70	6	-34	grug_decor:cottages_straw_ground	0
71	6	-34	grug_decor:cottages_straw_ground	0
72	6	-34	default:wood	0
73	6	-34	grug_decor:cottages_straw_ground	0
74	6	-34	grug_decor:cottages_straw_ground	0
75	6	-34	grug_decor:cottages_straw_ground	0
76	6	-34	grug_decor:cottages_straw_ground	0
77	6	-34	default:cobble	0
78	6	-34	default:cobble	0
79	6	-34	default:dirt_with_grass	0
80	6	-34	default:brick	0
81	6	-34	default:stone	0
82	6	-34	default:stone	0
83	6	-34	default:stone	0
84	6	-34	default:stone	0
85	6	-34	default:stone	0
86	6	-34	default:stone	0
87	6	-34	default:stone	0
67	7	-34	default:tree	0
69	7	-34	grug_decor:xdecor_barrel	2
70	7	-34	grug_decor:xdecor_barrel	2
74	7	-34	grug_decor:xdecor_barrel	2
75	7	-34	grug_decor:xdecor_barrel	2
77	7	-34	default:tree	0
67	8	-34	default:tree	0
77	8	-34	default:tree	0
67	9	-34	default:tree	0
77	9	-34	default:tree	0
67	10	-34	default:tree	0
77	10	-34	default:tree	0
67	11	-34	default:tree	0
77	11	-34	default:tree	0
78	11	-34	stairs:stair_wood	3
67	12	-34	grug_decor:cottages_loam	0
77	12	-34	stairs:stair_wood	3
66	13	-34	stairs:stair_wood	1
67	13	-34	grug_decor:cottages_loam	0
76	13	-34	stairs:stair_wood	3
67	14	-34	stairs:stair_wood	1
75	14	-34	stairs:stair_wood	3
68	15	-34	stairs:stair_wood	1
74	15	-34	stairs:stair_wood	3
69	16	-34	stairs:stair_wood	1
73	16	-34	stairs:stair_wood	3
70	17	-34	stairs:slab_wood	0
71	17	-34	stairs:slab_wood	0
72	17	-34	stairs:slab_wood	0
57	0	-33	default:stone	0
58	0	-33	default:stone	0
59	0	-33	default:stone	0
60	0	-33	default:stone	0
61	0	-33	default:stone	0
62	0	-33	default:stone	0
63	0	-33	default:stone	0
64	0	-33	default:cobble	0
65	0	-33	default:stone	0
66	0	-33	default:stone	0
67	0	-33	default:stone	0
68	0	-33	default:stone	0
69	0	-33	default:stone	0
70	0	-33	default:stone	0
71	0	-33	default:stone	0
72	0	-33	default:stone	0
73	0	-33	default:stone	0
74	0	-33	default:stone	0
75	0	-33	default:stone	0
76	0	-33	default:stone	0
77	0	-33	default:stone	0
78	0	-33	default:stone	0
79	0	-33	default:stone	0
80	0	-33	default:cobble	0
81	0	-33	default:stone	0
82	0	-33	default:stone	0
83	0	-33	default:stone	0
84	0	-33	default:stone	0
85	0	-33	default:stone	0
86	0	-33	default:stone	0
87	0	-33	default:stone	0
57	1	-33	default:stone	0
58	1	-33	default:stone	0
59	1	-33	default:stone	0
60	1	-33	default:stone	0
61	1	-33	default:stone	0
62	1	-33	default:stone	0
63	1	-33	default:stone	0
64	1	-33	default:cobble	0
65	1	-33	default:stone	0
66	1	-33	default:stone	0
67	1	-33	default:stone	0
68	1	-33	default:stone	0
69	1	-33	default:stone	0
70	1	-33	default:stone	0
71	1	-33	default:stone	0
72	1	-33	default:stone	0
73	1	-33	default:stone	0
74	1	-33	default:stone	0
75	1	-33	default:stone	0
76	1	-33	default:stone	0
77	1	-33	default:stone	0
78	1	-33	default:stone	0
79	1	-33	default:stone	0
80	1	-33	default:cobble	0
81	1	-33	default:stone	0
82	1	-33	default:stone	0
83	1	-33	default:stone	0
84	1	-33	default:stone	0
85	1	-33	default:stone	0
86	1	-33	default:stone	0
87	1	-33	default:stone	0
59	2	-33	default:stone	0
60	2	-33	default:stone	0
61	2	-33	default:stone	0
62	2	-33	default:stone	0
63	2	-33	default:stone	0
64	2	-33	default:cobble	0
65	2	-33	default:stone	0
66	2	-33	default:stone	0
67	2	-33	default:stone	0
68	2	-33	default:stone	0
69	2	-33	default:stone	0
70	2	-33	default:stone	0
71	2	-33	default:stone	0
72	2	-33	default:stone	0
73	2	-33	default:stone	0
74	2	-33	default:stone	0
75	2	-33	default:stone	0
76	2	-33	default:stone	0
77	2	-33	default:stone	0
78	2	-33	default:stone	0
79	2	-33	default:stone	0
80	2	-33	default:cobble	0
81	2	-33	default:stone	0
82	2	-33	default:stone	0
83	2	-33	default:stone	0
84	2	-33	default:stone	0
85	2	-33	default:stone	0
86	2	-33	default:stone	0
87	2	-33	default:stone	0
62	3	-33	default:stone	0
63	3	-33	default:stone	0
64	3	-33	default:cobble	0
65	3	-33	default:stone	0
66	3	-33	default:stone	0
67	3	-33	default:stone	0
68	3	-33	default:stone	0
69	3	-33	default:stone	0
70	3	-33	default:stone	0
71	3	-33	default:stone	0
72	3	-33	default:stone	0
73	3	-33	default:stone	0
74	3	-33	default:stone	0
75	3	-33	default:stone	0
76	3	-33	default:stone	0
77	3	-33	default:stone	0
78	3	-33	default:stone	0
79	3	-33	default:stone	0
80	3	-33	default:cobble	0
81	3	-33	default:stone	0
82	3	-33	default:stone	0
83	3	-33	default:stone	0
84	3	-33	default:stone	0
85	3	-33	default:stone	0
86	3	-33	default:stone	0
87	3	-33	default:stone	0
64	4	-33	default:cobble	0
65	4	-33	default:stone	0
66	4	-33	default:stone	0
67	4	-33	default:stone	0
68	4	-33	default:stone	0
69	4	-33	default:stone	0
70	4	-33	default:stone	0
71	4	-33	default:stone	0
72	4	-33	default:stone	0
73	4	-33	default:stone	0
74	4	-33	default:stone	0
75	4	-33	default:stone	0
76	4	-33	default:stone	0
77	4	-33	default:stone	0
78	4	-33	default:stone	0
79	4	-33	default:stone	0
80	4	-33	default:cobble	0
81	4	-33	default:stone	0
82	4	-33	default:stone	0
83	4	-33	default:stone	0
84	4	-33	default:stone	0
85	4	-33	default:stone	0
86	4	-33	default:stone	0
87	4	-33	default:stone	0
64	5	-33	default:cobble	0
65	5	-33	default:dirt	0
66	5	-33	default:dirt	0
67	5	-33	default:dirt	0
68	5	-33	default:dirt	0
69	5	-33	default:dirt	0
70	5	-33	default:dirt	0
71	5	-33	default:dirt	0
72	5	-33	default:dirt	0
73	5	-33	default:dirt	0
74	5	-33	default:dirt	0
75	5	-33	default:dirt	0
76	5	-33	default:dirt	0
77	5	-33	default:dirt	0
78	5	-33	default:dirt	0
79	5	-33	default:dirt	0
80	5	-33	default:cobble	0
81	5	-33	default:stone	0
82	5	-33	default:stone	0
83	5	-33	default:stone	0
84	5	-33	default:stone	0
85	5	-33	default:stone	0
86	5	-33	default:stone	0
87	5	-33	default:stone	0
64	6	-33	default:brick	0
65	6	-33	default:dirt_with_grass	0
66	6	-33	default:cobble	0
67	6	-33	default:cobble	0
68	6	-33	grug_decor:cottages_straw_ground	0
69	6	-33	grug_decor:cottages_straw_ground	0
70	6	-33	grug_decor:cottages_straw_ground	0
71	6	-33	grug_decor:cottages_straw_ground	0
72	6	-33	default:wood	0
73	6	-33	grug_decor:cottages_straw_ground	0
74	6	-33	grug_decor:cottages_straw_ground	0
75	6	-33	grug_decor:cottages_straw_ground	0
76	6	-33	grug_decor:cottages_straw_ground	0
77	6	-33	default:cobble	0
78	6	-33	default:cobble	0
79	6	-33	default:dirt_with_grass	0
80	6	-33	default:brick	0
81	6	-33	default:stone	0
82	6	-33	default:stone	0
83	6	-33	default:stone	0
84	6	-33	default:stone	0
85	6	-33	default:stone	0
86	6	-33	default:stone	0
87	6	-33	default:stone	0
67	7	-33	default:brick	0
68	7	-33	default:brick	0
76	7	-33	default:brick	0
77	7	-33	default:brick	0
67	8	-33	xpanes:pane_flat	3
77	8	-33	xpanes:pane_flat	3
67	9	-33	xpanes:pane_flat	3
77	9	-33	xpanes:pane_flat	3
67	10	-33	grug_decor:cottages_loam	0
77	10	-33	grug_decor:cottages_loam	0
67	11	-33	grug_decor:cottages_loam	0
77	11	-33	grug_decor:cottages_loam	0
78	11	-33	stairs:stair_wood	3
67	12	-33	grug_decor:cottages_loam	0
77	12	-33	stairs:stair_wood	3
66	13	-33	stairs:stair_wood	1
67	13	-33	grug_decor:cottages_loam	0
76	13	-33	stairs:stair_wood	3
67	14	-33	stairs:stair_wood	1
75	14	-33	stairs:stair_wood	3
68	15	-33	stairs:stair_wood	1
74	15	-33	stairs:stair_wood	3
69	16	-33	stairs:stair_wood	1
73	16	-33	stairs:stair_wood	3
70	17	-33	stairs:slab_wood	0
71	17	-33	stairs:slab_wood	0
72	17	-33	stairs:slab_wood	0
57	0	-32	default:stone	0
58	0	-32	default:stone	0
59	0	-32	default:stone	0
60	0	-32	default:stone	0
61	0	-32	default:stone	0
62	0	-32	default:stone	0
63	0	-32	default:stone	0
64	0	-32	default:cobble	0
65	0	-32	default:stone	0
66	0	-32	default:stone	0
67	0	-32	default:stone	0
68	0	-32	default:stone	0
69	0	-32	default:stone	0
70	0	-32	default:stone	0
71	0	-32	default:stone	0
72	0	-32	default:stone	0
73	0	-32	default:stone	0
74	0	-32	default:stone	0
75	0	-32	default:stone	0
76	0	-32	default:stone	0
77	0	-32	default:stone	0
78	0	-32	default:stone	0
79	0	-32	default:stone	0
80	0	-32	default:cobble	0
81	0	-32	default:stone	0
82	0	-32	default:stone	0
83	0	-32	default:stone	0
84	0	-32	default:stone	0
85	0	-32	default:stone	0
86	0	-32	default:stone	0
87	0	-32	default:stone	0
57	1	-32	default:stone	0
58	1	-32	default:stone	0
59	1	-32	default:stone	0
60	1	-32	default:stone	0
61	1	-32	default:stone	0
62	1	-32	default:stone	0
63	1	-32	default:stone	0
64	1	-32	default:cobble	0
65	1	-32	default:stone	0
66	1	-32	default:stone	0
67	1	-32	default:stone	0
68	1	-32	default:stone	0
69	1	-32	default:stone	0
70	1	-32	default:stone	0
71	1	-32	default:stone	0
72	1	-32	default:stone	0
73	1	-32	default:stone	0
74	1	-32	default:stone	0
75	1	-32	default:stone	0
76	1	-32	default:stone	0
77	1	-32	default:stone	0
78	1	-32	default:stone	0
79	1	-32	default:stone	0
80	1	-32	default:cobble	0
81	1	-32	default:stone	0
82	1	-32	default:stone	0
83	1	-32	default:stone	0
84	1	-32	default:stone	0
85	1	-32	default:stone	0
86	1	-32	default:stone	0
87	1	-32	default:stone	0
59	2	-32	default:stone	0
60	2	-32	default:stone	0
61	2	-32	default:stone	0
62	2	-32	default:stone	0
63	2	-32	default:stone	0
64	2	-32	default:cobble	0
65	2	-32	default:stone	0
66	2	-32	default:stone	0
67	2	-32	default:stone	0
68	2	-32	default:stone	0
69	2	-32	default:stone	0
70	2	-32	default:stone	0
71	2	-32	default:stone	0
72	2	-32	default:stone	0
73	2	-32	default:stone	0
74	2	-32	default:stone	0
75	2	-32	default:stone	0
76	2	-32	default:stone	0
77	2	-32	default:stone	0
78	2	-32	default:stone	0
79	2	-32	default:stone	0
80	2	-32	default:cobble	0
81	2	-32	default:stone	0
82	2	-32	default:stone	0
83	2	-32	default:stone	0
84	2	-32	default:stone	0
85	2	-32	default:stone	0
86	2	-32	default:stone	0
87	2	-32	default:stone	0
62	3	-32	default:stone	0
63	3	-32	default:stone	0
64	3	-32	default:cobble	0
65	3	-32	default:stone	0
66	3	-32	default:stone	0
67	3	-32	default:stone	0
68	3	-32	default:stone	0
69	3	-32	default:stone	0
70	3	-32	default:stone	0
71	3	-32	default:stone	0
72	3	-32	default:stone	0
73	3	-32	default:stone	0
74	3	-32	default:stone	0
75	3	-32	default:stone	0
76	3	-32	default:stone	0
77	3	-32	default:stone	0
78	3	-32	default:stone	0
79	3	-32	default:stone	0
80	3	-32	default:cobble	0
81	3	-32	default:stone	0
82	3	-32	default:stone	0
83	3	-32	default:stone	0
84	3	-32	default:stone	0
85	3	-32	default:stone	0
86	3	-32	default:stone	0
87	3	-32	default:stone	0
64	4	-32	default:cobble	0
65	4	-32	default:stone	0
66	4	-32	default:stone	0
67	4	-32	default:stone	0
68	4	-32	default:stone	0
69	4	-32	default:stone	0
70	4	-32	default:stone	0
71	4	-32	default:stone	0
72	4	-32	default:stone	0
73	4	-32	default:stone	0
74	4	-32	default:stone	0
75	4	-32	default:stone	0
76	4	-32	default:stone	0
77	4	-32	default:stone	0
78	4	-32	default:stone	0
79	4	-32	default:stone	0
80	4	-32	default:cobble	0
81	4	-32	default:stone	0
82	4	-32	default:stone	0
83	4	-32	default:stone	0
84	4	-32	default:stone	0
85	4	-32	default:stone	0
86	4	-32	default:stone	0
87	4	-32	default:stone	0
64	5	-32	default:cobble	0
65	5	-32	default:dirt	0
66	5	-32	default:dirt	0
67	5	-32	default:dirt	0
68	5	-32	default:dirt	0
69	5	-32	default:dirt	0
70	5	-32	default:dirt	0
71	5	-32	default:dirt	0
72	5	-32	default:dirt	0
73	5	-32	default:dirt	0
74	5	-32	default:dirt	0
75	5	-32	default:dirt	0
76	5	-32	default:dirt	0
77	5	-32	default:dirt	0
78	5	-32	default:dirt	0
79	5	-32	default:dirt	0
80	5	-32	default:cobble	0
81	5	-32	default:stone	0
82	5	-32	default:stone	0
83	5	-32	default:stone	0
84	5	-32	default:stone	0
85	5	-32	default:stone	0
86	5	-32	default:stone	0
87	5	-32	default:stone	0
64	6	-32	default:brick	0
65	6	-32	default:dirt_with_grass	0
66	6	-32	default:cobble	0
67	6	-32	default:cobble	0
68	6	-32	grug_decor:cottages_straw_ground	0
69	6	-32	grug_decor:cottages_straw_ground	0
70	6	-32	grug_decor:cottages_straw_ground	0
71	6	-32	grug_decor:cottages_straw_ground	0
72	6	-32	default:wood	0
73	6	-32	grug_decor:cottages_straw_ground	0
74	6	-32	grug_decor:cottages_straw_ground	0
75	6	-32	grug_decor:cottages_straw_ground	0
76	6	-32	grug_decor:cottages_straw_ground	0
77	6	-32	default:cobble	0
78	6	-32	default:cobble	0
79	6	-32	default:dirt_with_grass	0
80	6	-32	default:brick	0
81	6	-32	default:stone	0
82	6	-32	default:stone	0
83	6	-32	default:stone	0
84	6	-32	default:stone	0
85	6	-32	default:stone	0
86	6	-32	default:stone	0
87	6	-32	default:stone	0
67	7	-32	default:brick	0
68	7	-32	default:brick	0
76	7	-32	default:brick	0
77	7	-32	default:brick	0
67	8	-32	xpanes:pane_flat	3
77	8	-32	xpanes:pane_flat	3
67	9	-32	xpanes:pane_flat	3
77	9	-32	xpanes:pane_flat	3
67	10	-32	default:tree	0
77	10	-32	default:tree	0
67	11	-32	default:tree	0
77	11	-32	default:tree	0
78	11	-32	stairs:stair_wood	3
67	12	-32	default:tree	0
77	12	-32	stairs:stair_wood	3
66	13	-32	stairs:stair_wood	1
67	13	-32	default:tree	0
76	13	-32	stairs:stair_wood	3
67	14	-32	stairs:stair_wood	1
75	14	-32	stairs:stair_wood	3
68	15	-32	stairs:stair_wood	1
74	15	-32	stairs:stair_wood	3
69	16	-32	stairs:stair_wood	1
73	16	-32	stairs:stair_wood	3
70	17	-32	stairs:slab_wood	0
71	17	-32	stairs:slab_wood	0
72	17	-32	stairs:slab_wood	0
57	0	-31	default:stone	0
58	0	-31	default:stone	0
59	0	-31	default:stone	0
60	0	-31	default:stone	0
61	0	-31	default:stone	0
62	0	-31	default:stone	0
63	0	-31	default:stone	0
64	0	-31	default:cobble	0
65	0	-31	default:stone	0
66	0	-31	default:stone	0
67	0	-31	default:stone	0
68	0	-31	default:stone	0
69	0	-31	default:stone	0
70	0	-31	default:stone	0
71	0	-31	default:stone	0
72	0	-31	default:stone	0
73	0	-31	default:stone	0
74	0	-31	default:stone	0
75	0	-31	default:stone	0
76	0	-31	default:stone	0
77	0	-31	default:stone	0
78	0	-31	default:stone	0
79	0	-31	default:stone	0
80	0	-31	default:cobble	0
81	0	-31	default:stone	0
82	0	-31	default:stone	0
83	0	-31	default:stone	0
84	0	-31	default:stone	0
85	0	-31	default:stone	0
86	0	-31	default:stone	0
87	0	-31	default:stone	0
57	1	-31	default:stone	0
58	1	-31	default:stone	0
59	1	-31	default:stone	0
60	1	-31	default:stone	0
61	1	-31	default:stone	0
62	1	-31	default:stone	0
63	1	-31	default:stone	0
64	1	-31	default:cobble	0
65	1	-31	default:stone	0
66	1	-31	default:stone	0
67	1	-31	default:stone	0
68	1	-31	default:stone	0
69	1	-31	default:stone	0
70	1	-31	default:stone	0
71	1	-31	default:stone	0
72	1	-31	default:stone	0
73	1	-31	default:stone	0
74	1	-31	default:stone	0
75	1	-31	default:stone	0
76	1	-31	default:stone	0
77	1	-31	default:stone	0
78	1	-31	default:stone	0
79	1	-31	default:stone	0
80	1	-31	default:cobble	0
81	1	-31	default:stone	0
82	1	-31	default:stone	0
83	1	-31	default:stone	0
84	1	-31	default:stone	0
85	1	-31	default:stone	0
86	1	-31	default:stone	0
87	1	-31	default:stone	0
59	2	-31	default:stone	0
60	2	-31	default:stone	0
61	2	-31	default:stone	0
62	2	-31	default:stone	0
63	2	-31	default:stone	0
64	2	-31	default:cobble	0
65	2	-31	default:stone	0
66	2	-31	default:stone	0
67	2	-31	default:stone	0
68	2	-31	default:stone	0
69	2	-31	default:stone	0
70	2	-31	default:stone	0
71	2	-31	default:stone	0
72	2	-31	default:stone	0
73	2	-31	default:stone	0
74	2	-31	default:stone	0
75	2	-31	default:stone	0
76	2	-31	default:stone	0
77	2	-31	default:stone	0
78	2	-31	default:stone	0
79	2	-31	default:stone	0
80	2	-31	default:cobble	0
81	2	-31	default:stone	0
82	2	-31	default:stone	0
83	2	-31	default:stone	0
84	2	-31	default:stone	0
85	2	-31	default:stone	0
86	2	-31	default:stone	0
87	2	-31	default:stone	0
62	3	-31	default:stone	0
63	3	-31	default:stone	0
64	3	-31	default:cobble	0
65	3	-31	default:stone	0
66	3	-31	default:stone	0
67	3	-31	default:stone	0
68	3	-31	default:stone	0
69	3	-31	default:stone	0
70	3	-31	default:stone	0
71	3	-31	default:stone	0
72	3	-31	default:stone	0
73	3	-31	default:stone	0
74	3	-31	default:stone	0
75	3	-31	default:stone	0
76	3	-31	default:stone	0
77	3	-31	default:stone	0
78	3	-31	default:stone	0
79	3	-31	default:stone	0
80	3	-31	default:cobble	0
81	3	-31	default:stone	0
82	3	-31	default:stone	0
83	3	-31	default:stone	0
84	3	-31	default:stone	0
85	3	-31	default:stone	0
86	3	-31	default:stone	0
87	3	-31	default:stone	0
64	4	-31	default:cobble	0
65	4	-31	default:stone	0
66	4	-31	default:stone	0
67	4	-31	default:stone	0
68	4	-31	default:stone	0
69	4	-31	default:stone	0
70	4	-31	default:stone	0
71	4	-31	default:stone	0
72	4	-31	default:stone	0
73	4	-31	default:stone	0
74	4	-31	default:stone	0
75	4	-31	default:stone	0
76	4	-31	default:stone	0
77	4	-31	default:stone	0
78	4	-31	default:stone	0
79	4	-31	default:stone	0
80	4	-31	default:cobble	0
81	4	-31	default:stone	0
82	4	-31	default:stone	0
83	4	-31	default:stone	0
84	4	-31	default:stone	0
85	4	-31	default:stone	0
86	4	-31	default:stone	0
87	4	-31	default:stone	0
64	5	-31	default:cobble	0
65	5	-31	default:dirt	0
66	5	-31	default:dirt	0
67	5	-31	default:dirt	0
68	5	-31	default:dirt	0
69	5	-31	default:dirt	0
70	5	-31	default:dirt	0
71	5	-31	default:dirt	0
72	5	-31	default:dirt	0
73	5	-31	default:dirt	0
74	5	-31	default:dirt	0
75	5	-31	default:dirt	0
76	5	-31	default:dirt	0
77	5	-31	default:dirt	0
78	5	-31	default:dirt	0
79	5	-31	default:dirt	0
80	5	-31	default:cobble	0
81	5	-31	default:stone	0
82	5	-31	default:stone	0
83	5	-31	default:stone	0
84	5	-31	default:stone	0
85	5	-31	default:stone	0
86	5	-31	default:stone	0
87	5	-31	default:stone	0
64	6	-31	default:brick	0
65	6	-31	default:dirt_with_grass	0
66	6	-31	default:cobble	0
67	6	-31	default:cobble	0
68	6	-31	grug_decor:cottages_straw_ground	0
69	6	-31	grug_decor:cottages_straw_ground	0
70	6	-31	grug_decor:cottages_straw_ground	0
71	6	-31	grug_decor:cottages_straw_ground	0
72	6	-31	default:wood	0
73	6	-31	grug_decor:cottages_straw_ground	0
74	6	-31	grug_decor:cottages_straw_ground	0
75	6	-31	grug_decor:cottages_straw_ground	0
76	6	-31	grug_decor:cottages_straw_ground	0
77	6	-31	default:cobble	0
78	6	-31	default:cobble	0
79	6	-31	default:dirt_with_grass	0
80	6	-31	default:brick	0
81	6	-31	default:stone	0
82	6	-31	default:stone	0
83	6	-31	default:stone	0
84	6	-31	default:stone	0
85	6	-31	default:stone	0
86	6	-31	default:stone	0
87	6	-31	default:stone	0
67	7	-31	default:tree	0
68	7	-31	default:brick	0
76	7	-31	default:brick	0
77	7	-31	default:tree	0
67	8	-31	default:tree	0
77	8	-31	default:tree	0
67	9	-31	default:tree	0
68	9	-31	default:torch_wall	3
76	9	-31	default:torch_wall	2
77	9	-31	default:tree	0
67	10	-31	default:tree	0
77	10	-31	default:tree	0
67	11	-31	default:tree	0
77	11	-31	default:tree	0
78	11	-31	stairs:stair_wood	3
67	12	-31	grug_decor:cottages_loam	0
77	12	-31	stairs:stair_wood	3
66	13	-31	stairs:stair_wood	1
67	13	-31	grug_decor:cottages_loam	0
76	13	-31	stairs:stair_wood	3
67	14	-31	stairs:stair_wood	1
75	14	-31	stairs:stair_wood	3
68	15	-31	stairs:stair_wood	1
74	15	-31	stairs:stair_wood	3
69	16	-31	stairs:stair_wood	1
73	16	-31	stairs:stair_wood	3
70	17	-31	stairs:slab_wood	0
71	17	-31	stairs:slab_wood	0
72	17	-31	stairs:slab_wood	0
57	0	-30	default:stone	0
58	0	-30	default:stone	0
59	0	-30	default:stone	0
60	0	-30	default:stone	0
61	0	-30	default:stone	0
62	0	-30	default:stone	0
63	0	-30	default:stone	0
64	0	-30	default:cobble	0
65	0	-30	default:stone	0
66	0	-30	default:stone	0
67	0	-30	default:stone	0
68	0	-30	default:stone	0
69	0	-30	default:stone	0
70	0	-30	default:stone	0
71	0	-30	default:stone	0
72	0	-30	default:stone	0
73	0	-30	default:stone	0
74	0	-30	default:stone	0
75	0	-30	default:stone	0
76	0	-30	default:stone	0
77	0	-30	default:stone	0
78	0	-30	default:stone	0
79	0	-30	default:stone	0
80	0	-30	default:cobble	0
81	0	-30	default:stone	0
82	0	-30	default:stone	0
83	0	-30	default:stone	0
84	0	-30	default:stone	0
85	0	-30	default:stone	0
86	0	-30	default:stone	0
87	0	-30	default:stone	0
57	1	-30	default:stone	0
58	1	-30	default:stone	0
59	1	-30	default:stone	0
60	1	-30	default:stone	0
61	1	-30	default:stone	0
62	1	-30	default:stone	0
63	1	-30	default:stone	0
64	1	-30	default:cobble	0
65	1	-30	default:stone	0
66	1	-30	default:stone	0
67	1	-30	default:stone	0
68	1	-30	default:stone	0
69	1	-30	default:stone	0
70	1	-30	default:stone	0
71	1	-30	default:stone	0
72	1	-30	default:stone	0
73	1	-30	default:stone	0
74	1	-30	default:stone	0
75	1	-30	default:stone	0
76	1	-30	default:stone	0
77	1	-30	default:stone	0
78	1	-30	default:stone	0
79	1	-30	default:stone	0
80	1	-30	default:cobble	0
81	1	-30	default:stone	0
82	1	-30	default:stone	0
83	1	-30	default:stone	0
84	1	-30	default:stone	0
85	1	-30	default:stone	0
86	1	-30	default:stone	0
87	1	-30	default:stone	0
59	2	-30	default:stone	0
60	2	-30	default:stone	0
61	2	-30	default:stone	0
62	2	-30	default:stone	0
63	2	-30	default:stone	0
64	2	-30	default:cobble	0
65	2	-30	default:stone	0
66	2	-30	default:stone	0
67	2	-30	default:stone	0
68	2	-30	default:stone	0
69	2	-30	default:stone	0
70	2	-30	default:stone	0
71	2	-30	default:stone	0
72	2	-30	default:stone	0
73	2	-30	default:stone	0
74	2	-30	default:stone	0
75	2	-30	default:stone	0
76	2	-30	default:stone	0
77	2	-30	default:stone	0
78	2	-30	default:stone	0
79	2	-30	default:stone	0
80	2	-30	default:cobble	0
81	2	-30	default:stone	0
82	2	-30	default:stone	0
83	2	-30	default:stone	0
84	2	-30	default:stone	0
85	2	-30	default:stone	0
86	2	-30	default:stone	0
87	2	-30	default:stone	0
62	3	-30	default:stone	0
63	3	-30	default:stone	0
64	3	-30	default:cobble	0
65	3	-30	default:stone	0
66	3	-30	default:stone	0
67	3	-30	default:stone	0
68	3	-30	default:stone	0
69	3	-30	default:stone	0
70	3	-30	default:stone	0
71	3	-30	default:stone	0
72	3	-30	default:stone	0
73	3	-30	default:stone	0
74	3	-30	default:stone	0
75	3	-30	default:stone	0
76	3	-30	default:stone	0
77	3	-30	default:stone	0
78	3	-30	default:stone	0
79	3	-30	default:stone	0
80	3	-30	default:cobble	0
81	3	-30	default:stone	0
82	3	-30	default:stone	0
83	3	-30	default:stone	0
84	3	-30	default:stone	0
85	3	-30	default:stone	0
86	3	-30	default:stone	0
87	3	-30	default:stone	0
64	4	-30	default:cobble	0
65	4	-30	default:stone	0
66	4	-30	default:stone	0
67	4	-30	default:stone	0
68	4	-30	default:stone	0
69	4	-30	default:stone	0
70	4	-30	default:stone	0
71	4	-30	default:stone	0
72	4	-30	default:stone	0
73	4	-30	default:stone	0
74	4	-30	default:stone	0
75	4	-30	default:stone	0
76	4	-30	default:stone	0
77	4	-30	default:stone	0
78	4	-30	default:stone	0
79	4	-30	default:stone	0
80	4	-30	default:cobble	0
81	4	-30	default:stone	0
82	4	-30	default:stone	0
83	4	-30	default:stone	0
84	4	-30	default:stone	0
85	4	-30	default:stone	0
86	4	-30	default:stone	0
87	4	-30	default:stone	0
64	5	-30	default:cobble	0
65	5	-30	default:dirt	0
66	5	-30	default:dirt	0
67	5	-30	default:dirt	0
68	5	-30	default:dirt	0
69	5	-30	default:dirt	0
70	5	-30	default:dirt	0
71	5	-30	default:dirt	0
72	5	-30	default:dirt	0
73	5	-30	default:dirt	0
74	5	-30	default:dirt	0
75	5	-30	default:dirt	0
76	5	-30	default:dirt	0
77	5	-30	default:dirt	0
78	5	-30	default:dirt	0
79	5	-30	default:dirt	0
80	5	-30	default:cobble	0
81	5	-30	default:stone	0
82	5	-30	default:stone	0
83	5	-30	default:stone	0
84	5	-30	default:stone	0
85	5	-30	default:stone	0
86	5	-30	default:stone	0
87	5	-30	default:stone	0
64	6	-30	default:brick	0
65	6	-30	default:dirt_with_grass	0
66	6	-30	default:cobble	0
67	6	-30	default:cobble	0
68	6	-30	grug_decor:cottages_straw_ground	0
69	6	-30	grug_decor:cottages_straw_ground	0
70	6	-30	grug_decor:cottages_straw_ground	0
71	6	-30	grug_decor:cottages_straw_ground	0
72	6	-30	default:wood	0
73	6	-30	grug_decor:cottages_straw_ground	0
74	6	-30	grug_decor:cottages_straw_ground	0
75	6	-30	grug_decor:cottages_straw_ground	0
76	6	-30	grug_decor:cottages_straw_ground	0
77	6	-30	default:cobble	0
78	6	-30	default:cobble	0
79	6	-30	default:dirt_with_grass	0
80	6	-30	default:brick	0
81	6	-30	default:stone	0
82	6	-30	default:stone	0
83	6	-30	default:stone	0
84	6	-30	default:stone	0
85	6	-30	default:stone	0
86	6	-30	default:stone	0
87	6	-30	default:stone	0
67	7	-30	default:tree	0
68	7	-30	default:brick	0
76	7	-30	default:brick	0
77	7	-30	default:tree	0
67	8	-30	default:tree	0
77	8	-30	default:tree	0
67	9	-30	default:tree	0
77	9	-30	default:tree	0
67	10	-30	default:tree	0
77	10	-30	default:tree	0
67	11	-30	default:tree	0
77	11	-30	default:tree	0
78	11	-30	stairs:stair_wood	3
67	12	-30	grug_decor:cottages_loam	0
77	12	-30	stairs:stair_wood	3
66	13	-30	stairs:stair_wood	1
67	13	-30	grug_decor:cottages_loam	0
76	13	-30	stairs:stair_wood	3
67	14	-30	stairs:stair_wood	1
75	14	-30	stairs:stair_wood	3
68	15	-30	stairs:stair_wood	1
74	15	-30	stairs:stair_wood	3
69	16	-30	stairs:stair_wood	1
73	16	-30	stairs:stair_wood	3
70	17	-30	stairs:slab_wood	0
71	17	-30	stairs:slab_wood	0
72	17	-30	stairs:slab_wood	0
57	0	-29	default:stone	0
58	0	-29	default:stone	0
59	0	-29	default:stone	0
60	0	-29	default:stone	0
61	0	-29	default:stone	0
62	0	-29	default:stone	0
63	0	-29	default:stone	0
64	0	-29	default:cobble	0
65	0	-29	default:stone	0
66	0	-29	default:stone	0
67	0	-29	default:stone	0
68	0	-29	default:stone	0
69	0	-29	default:stone	0
70	0	-29	default:stone	0
71	0	-29	default:stone	0
72	0	-29	default:stone	0
73	0	-29	default:stone	0
74	0	-29	default:stone	0
75	0	-29	default:stone	0
76	0	-29	default:stone	0
77	0	-29	default:stone	0
78	0	-29	default:stone	0
79	0	-29	default:stone	0
80	0	-29	default:cobble	0
81	0	-29	default:stone	0
82	0	-29	default:stone	0
83	0	-29	default:stone	0
84	0	-29	default:stone	0
85	0	-29	default:stone	0
86	0	-29	default:stone	0
87	0	-29	default:stone	0
57	1	-29	default:stone	0
58	1	-29	default:stone	0
59	1	-29	default:stone	0
60	1	-29	default:stone	0
61	1	-29	default:stone	0
62	1	-29	default:stone	0
63	1	-29	default:stone	0
64	1	-29	default:cobble	0
65	1	-29	default:stone	0
66	1	-29	default:stone	0
67	1	-29	default:stone	0
68	1	-29	default:stone	0
69	1	-29	default:stone	0
70	1	-29	default:stone	0
71	1	-29	default:stone	0
72	1	-29	default:stone	0
73	1	-29	default:stone	0
74	1	-29	default:stone	0
75	1	-29	default:stone	0
76	1	-29	default:stone	0
77	1	-29	default:stone	0
78	1	-29	default:stone	0
79	1	-29	default:stone	0
80	1	-29	default:cobble	0
81	1	-29	default:stone	0
82	1	-29	default:stone	0
83	1	-29	default:stone	0
84	1	-29	default:stone	0
85	1	-29	default:stone	0
86	1	-29	default:stone	0
87	1	-29	default:stone	0
59	2	-29	default:stone	0
60	2	-29	default:stone	0
61	2	-29	default:stone	0
62	2	-29	default:stone	0
63	2	-29	default:stone	0
64	2	-29	default:cobble	0
65	2	-29	default:stone	0
66	2	-29	default:stone	0
67	2	-29	default:stone	0
68	2	-29	default:stone	0
69	2	-29	default:stone	0
70	2	-29	default:stone	0
71	2	-29	default:stone	0
72	2	-29	default:stone	0
73	2	-29	default:stone	0
74	2	-29	default:stone	0
75	2	-29	default:stone	0
76	2	-29	default:stone	0
77	2	-29	default:stone	0
78	2	-29	default:stone	0
79	2	-29	default:stone	0
80	2	-29	default:cobble	0
81	2	-29	default:stone	0
82	2	-29	default:stone	0
83	2	-29	default:stone	0
84	2	-29	default:stone	0
85	2	-29	default:stone	0
86	2	-29	default:stone	0
87	2	-29	default:stone	0
62	3	-29	default:stone	0
63	3	-29	default:stone	0
64	3	-29	default:cobble	0
65	3	-29	default:stone	0
66	3	-29	default:stone	0
67	3	-29	default:stone	0
68	3	-29	default:stone	0
69	3	-29	default:stone	0
70	3	-29	default:stone	0
71	3	-29	default:stone	0
72	3	-29	default:stone	0
73	3	-29	default:stone	0
74	3	-29	default:stone	0
75	3	-29	default:stone	0
76	3	-29	default:stone	0
77	3	-29	default:stone	0
78	3	-29	default:stone	0
79	3	-29	default:stone	0
80	3	-29	default:cobble	0
81	3	-29	default:stone	0
82	3	-29	default:stone	0
83	3	-29	default:stone	0
84	3	-29	default:stone	0
85	3	-29	default:stone	0
86	3	-29	default:stone	0
87	3	-29	default:stone	0
64	4	-29	default:cobble	0
65	4	-29	default:stone	0
66	4	-29	default:stone	0
67	4	-29	default:stone	0
68	4	-29	default:stone	0
69	4	-29	default:stone	0
70	4	-29	default:stone	0
71	4	-29	default:stone	0
72	4	-29	default:stone	0
73	4	-29	default:stone	0
74	4	-29	default:stone	0
75	4	-29	default:stone	0
76	4	-29	default:stone	0
77	4	-29	default:stone	0
78	4	-29	default:stone	0
79	4	-29	default:stone	0
80	4	-29	default:cobble	0
81	4	-29	default:stone	0
82	4	-29	default:stone	0
83	4	-29	default:stone	0
84	4	-29	default:stone	0
85	4	-29	default:stone	0
86	4	-29	default:stone	0
87	4	-29	default:stone	0
64	5	-29	default:cobble	0
65	5	-29	default:dirt	0
66	5	-29	default:dirt	0
67	5	-29	default:dirt	0
68	5	-29	default:dirt	0
69	5	-29	default:dirt	0
70	5	-29	default:dirt	0
71	5	-29	default:dirt	0
72	5	-29	default:dirt	0
73	5	-29	default:dirt	0
74	5	-29	default:dirt	0
75	5	-29	default:dirt	0
76	5	-29	default:dirt	0
77	5	-29	default:dirt	0
78	5	-29	default:dirt	0
79	5	-29	default:dirt	0
80	5	-29	default:cobble	0
81	5	-29	default:stone	0
82	5	-29	default:stone	0
83	5	-29	default:stone	0
84	5	-29	default:stone	0
85	5	-29	default:stone	0
86	5	-29	default:stone	0
87	5	-29	default:stone	0
64	6	-29	default:brick	0
65	6	-29	default:dirt_with_grass	0
66	6	-29	default:cobble	0
67	6	-29	default:cobble	0
68	6	-29	grug_decor:cottages_straw_ground	0
69	6	-29	grug_decor:cottages_straw_ground	0
70	6	-29	grug_decor:cottages_straw_ground	0
71	6	-29	grug_decor:cottages_straw_ground	0
72	6	-29	default:wood	0
73	6	-29	grug_decor:cottages_straw_ground	0
74	6	-29	grug_decor:cottages_straw_ground	0
75	6	-29	grug_decor:cottages_straw_ground	0
76	6	-29	grug_decor:cottages_straw_ground	0
77	6	-29	default:cobble	0
78	6	-29	default:cobble	0
79	6	-29	default:dirt_with_grass	0
80	6	-29	default:brick	0
81	6	-29	default:stone	0
82	6	-29	default:stone	0
83	6	-29	default:stone	0
84	6	-29	default:stone	0
85	6	-29	default:stone	0
86	6	-29	default:stone	0
87	6	-29	default:stone	0
67	7	-29	default:brick	0
68	7	-29	default:brick	0
76	7	-29	default:brick	0
77	7	-29	default:brick	0
67	8	-29	xpanes:pane_flat	3
77	8	-29	xpanes:pane_flat	3
67	9	-29	xpanes:pane_flat	3
77	9	-29	xpanes:pane_flat	3
67	10	-29	default:tree	0
77	10	-29	default:tree	0
67	11	-29	default:tree	0
77	11	-29	default:tree	0
78	11	-29	stairs:stair_wood	3
67	12	-29	default:tree	0
77	12	-29	stairs:stair_wood	3
66	13	-29	stairs:stair_wood	1
67	13	-29	default:tree	0
76	13	-29	stairs:stair_wood	3
67	14	-29	stairs:stair_wood	1
75	14	-29	stairs:stair_wood	3
68	15	-29	stairs:stair_wood	1
74	15	-29	stairs:stair_wood	3
69	16	-29	stairs:stair_wood	1
73	16	-29	stairs:stair_wood	3
70	17	-29	stairs:slab_wood	0
71	17	-29	stairs:slab_wood	0
72	17	-29	stairs:slab_wood	0
57	0	-28	default:stone	0
58	0	-28	default:stone	0
59	0	-28	default:stone	0
60	0	-28	default:stone	0
61	0	-28	default:stone	0
62	0	-28	default:stone	0
63	0	-28	default:stone	0
64	0	-28	default:cobble	0
65	0	-28	default:stone	0
66	0	-28	default:stone	0
67	0	-28	default:stone	0
68	0	-28	default:stone	0
69	0	-28	default:stone	0
70	0	-28	default:stone	0
71	0	-28	default:stone	0
72	0	-28	default:stone	0
73	0	-28	default:stone	0
74	0	-28	default:stone	0
75	0	-28	default:stone	0
76	0	-28	default:stone	0
77	0	-28	default:stone	0
78	0	-28	default:stone	0
79	0	-28	default:stone	0
80	0	-28	default:cobble	0
81	0	-28	default:stone	0
82	0	-28	default:stone	0
83	0	-28	default:stone	0
84	0	-28	default:stone	0
85	0	-28	default:stone	0
86	0	-28	default:stone	0
87	0	-28	default:stone	0
57	1	-28	default:stone	0
58	1	-28	default:stone	0
59	1	-28	default:stone	0
60	1	-28	default:stone	0
61	1	-28	default:stone	0
62	1	-28	default:stone	0
63	1	-28	default:stone	0
64	1	-28	default:cobble	0
65	1	-28	default:stone	0
66	1	-28	default:stone	0
67	1	-28	default:stone	0
68	1	-28	default:stone	0
69	1	-28	default:stone	0
70	1	-28	default:stone	0
71	1	-28	default:stone	0
72	1	-28	default:stone	0
73	1	-28	default:stone	0
74	1	-28	default:stone	0
75	1	-28	default:stone	0
76	1	-28	default:stone	0
77	1	-28	default:stone	0
78	1	-28	default:stone	0
79	1	-28	default:stone	0
80	1	-28	default:cobble	0
81	1	-28	default:stone	0
82	1	-28	default:stone	0
83	1	-28	default:stone	0
84	1	-28	default:stone	0
85	1	-28	default:stone	0
86	1	-28	default:stone	0
87	1	-28	default:stone	0
59	2	-28	default:stone	0
60	2	-28	default:stone	0
61	2	-28	default:stone	0
62	2	-28	default:stone	0
63	2	-28	default:stone	0
64	2	-28	default:cobble	0
65	2	-28	default:stone	0
66	2	-28	default:stone	0
67	2	-28	default:stone	0
68	2	-28	default:stone	0
69	2	-28	default:stone	0
70	2	-28	default:stone	0
71	2	-28	default:stone	0
72	2	-28	default:stone	0
73	2	-28	default:stone	0
74	2	-28	default:stone	0
75	2	-28	default:stone	0
76	2	-28	default:stone	0
77	2	-28	default:stone	0
78	2	-28	default:stone	0
79	2	-28	default:stone	0
80	2	-28	default:cobble	0
81	2	-28	default:stone	0
82	2	-28	default:stone	0
83	2	-28	default:stone	0
84	2	-28	default:stone	0
85	2	-28	default:stone	0
86	2	-28	default:stone	0
87	2	-28	default:stone	0
62	3	-28	default:stone	0
63	3	-28	default:stone	0
64	3	-28	default:cobble	0
65	3	-28	default:stone	0
66	3	-28	default:stone	0
67	3	-28	default:stone	0
68	3	-28	default:stone	0
69	3	-28	default:stone	0
70	3	-28	default:stone	0
71	3	-28	default:stone	0
72	3	-28	default:stone	0
73	3	-28	default:stone	0
74	3	-28	default:stone	0
75	3	-28	default:stone	0
76	3	-28	default:stone	0
77	3	-28	default:stone	0
78	3	-28	default:stone	0
79	3	-28	default:stone	0
80	3	-28	default:cobble	0
81	3	-28	default:stone	0
82	3	-28	default:stone	0
83	3	-28	default:stone	0
84	3	-28	default:stone	0
85	3	-28	default:stone	0
86	3	-28	default:stone	0
87	3	-28	default:stone	0
64	4	-28	default:cobble	0
65	4	-28	default:stone	0
66	4	-28	default:stone	0
67	4	-28	default:stone	0
68	4	-28	default:stone	0
69	4	-28	default:stone	0
70	4	-28	default:stone	0
71	4	-28	default:stone	0
72	4	-28	default:stone	0
73	4	-28	default:stone	0
74	4	-28	default:stone	0
75	4	-28	default:stone	0
76	4	-28	default:stone	0
77	4	-28	default:stone	0
78	4	-28	default:stone	0
79	4	-28	default:stone	0
80	4	-28	default:cobble	0
81	4	-28	default:stone	0
82	4	-28	default:stone	0
83	4	-28	default:stone	0
84	4	-28	default:stone	0
85	4	-28	default:stone	0
86	4	-28	default:stone	0
87	4	-28	default:stone	0
64	5	-28	default:cobble	0
65	5	-28	default:dirt	0
66	5	-28	default:dirt	0
67	5	-28	default:dirt	0
68	5	-28	default:dirt	0
69	5	-28	default:dirt	0
70	5	-28	default:dirt	0
71	5	-28	default:dirt	0
72	5	-28	default:dirt	0
73	5	-28	default:dirt	0
74	5	-28	default:dirt	0
75	5	-28	default:dirt	0
76	5	-28	default:dirt	0
77	5	-28	default:dirt	0
78	5	-28	default:dirt	0
79	5	-28	default:dirt	0
80	5	-28	default:cobble	0
81	5	-28	default:stone	0
82	5	-28	default:stone	0
83	5	-28	default:stone	0
84	5	-28	default:stone	0
85	5	-28	default:stone	0
86	5	-28	default:stone	0
87	5	-28	default:stone	0
64	6	-28	default:brick	0
65	6	-28	default:dirt_with_grass	0
66	6	-28	default:cobble	0
67	6	-28	default:cobble	0
68	6	-28	grug_decor:cottages_straw_ground	0
69	6	-28	grug_decor:cottages_straw_ground	0
70	6	-28	grug_decor:cottages_straw_ground	0
71	6	-28	grug_decor:cottages_straw_ground	0
72	6	-28	default:wood	0
73	6	-28	grug_decor:cottages_straw_ground	0
74	6	-28	grug_decor:cottages_straw_ground	0
75	6	-28	grug_decor:cottages_straw_ground	0
76	6	-28	grug_decor:cottages_straw_ground	0
77	6	-28	default:cobble	0
78	6	-28	default:cobble	0
79	6	-28	default:dirt_with_grass	0
80	6	-28	default:brick	0
81	6	-28	default:stone	0
82	6	-28	default:stone	0
83	6	-28	default:stone	0
84	6	-28	default:stone	0
85	6	-28	default:stone	0
86	6	-28	default:stone	0
87	6	-28	default:stone	0
67	7	-28	default:brick	0
68	7	-28	default:brick	0
76	7	-28	default:brick	0
77	7	-28	default:brick	0
67	8	-28	xpanes:pane_flat	3
77	8	-28	xpanes:pane_flat	3
67	9	-28	xpanes:pane_flat	3
77	9	-28	xpanes:pane_flat	3
67	10	-28	grug_decor:cottages_loam	0
77	10	-28	grug_decor:cottages_loam	0
67	11	-28	grug_decor:cottages_loam	0
77	11	-28	grug_decor:cottages_loam	0
78	11	-28	stairs:stair_wood	3
67	12	-28	grug_decor:cottages_loam	0
77	12	-28	stairs:stair_wood	3
66	13	-28	stairs:stair_wood	1
67	13	-28	grug_decor:cottages_loam	0
76	13	-28	stairs:stair_wood	3
67	14	-28	stairs:stair_wood	1
75	14	-28	stairs:stair_wood	3
68	15	-28	stairs:stair_wood	1
74	15	-28	stairs:stair_wood	3
69	16	-28	stairs:stair_wood	1
73	16	-28	stairs:stair_wood	3
70	17	-28	stairs:slab_wood	0
71	17	-28	stairs:slab_wood	0
72	17	-28	stairs:slab_wood	0
57	0	-27	default:stone	0
58	0	-27	default:stone	0
59	0	-27	default:stone	0
60	0	-27	default:stone	0
61	0	-27	default:stone	0
62	0	-27	default:stone	0
63	0	-27	default:stone	0
64	0	-27	default:cobble	0
65	0	-27	default:stone	0
66	0	-27	default:stone	0
67	0	-27	default:stone	0
68	0	-27	default:stone	0
69	0	-27	default:stone	0
70	0	-27	default:stone	0
71	0	-27	default:stone	0
72	0	-27	default:stone	0
73	0	-27	default:stone	0
74	0	-27	default:stone	0
75	0	-27	default:stone	0
76	0	-27	default:stone	0
77	0	-27	default:stone	0
78	0	-27	default:stone	0
79	0	-27	default:stone	0
80	0	-27	default:cobble	0
81	0	-27	default:stone	0
82	0	-27	default:stone	0
83	0	-27	default:stone	0
84	0	-27	default:stone	0
85	0	-27	default:stone	0
86	0	-27	default:stone	0
87	0	-27	default:stone	0
57	1	-27	default:stone	0
58	1	-27	default:stone	0
59	1	-27	default:stone	0
60	1	-27	default:stone	0
61	1	-27	default:stone	0
62	1	-27	default:stone	0
63	1	-27	default:stone	0
64	1	-27	default:cobble	0
65	1	-27	default:stone	0
66	1	-27	default:stone	0
67	1	-27	default:stone	0
68	1	-27	default:stone	0
69	1	-27	default:stone	0
70	1	-27	default:stone	0
71	1	-27	default:stone	0
72	1	-27	default:stone	0
73	1	-27	default:stone	0
74	1	-27	default:stone	0
75	1	-27	default:stone	0
76	1	-27	default:stone	0
77	1	-27	default:stone	0
78	1	-27	default:stone	0
79	1	-27	default:stone	0
80	1	-27	default:cobble	0
81	1	-27	default:stone	0
82	1	-27	default:stone	0
83	1	-27	default:stone	0
84	1	-27	default:stone	0
85	1	-27	default:stone	0
86	1	-27	default:stone	0
87	1	-27	default:stone	0
59	2	-27	default:stone	0
60	2	-27	default:stone	0
61	2	-27	default:stone	0
62	2	-27	default:stone	0
63	2	-27	default:stone	0
64	2	-27	default:cobble	0
65	2	-27	default:stone	0
66	2	-27	default:stone	0
67	2	-27	default:stone	0
68	2	-27	default:stone	0
69	2	-27	default:stone	0
70	2	-27	default:stone	0
71	2	-27	default:stone	0
72	2	-27	default:stone	0
73	2	-27	default:stone	0
74	2	-27	default:stone	0
75	2	-27	default:stone	0
76	2	-27	default:stone	0
77	2	-27	default:stone	0
78	2	-27	default:stone	0
79	2	-27	default:stone	0
80	2	-27	default:cobble	0
81	2	-27	default:stone	0
82	2	-27	default:stone	0
83	2	-27	default:stone	0
84	2	-27	default:stone	0
85	2	-27	default:stone	0
86	2	-27	default:stone	0
87	2	-27	default:stone	0
62	3	-27	default:stone	0
63	3	-27	default:stone	0
64	3	-27	default:cobble	0
65	3	-27	default:stone	0
66	3	-27	default:stone	0
67	3	-27	default:stone	0
68	3	-27	default:stone	0
69	3	-27	default:stone	0
70	3	-27	default:stone	0
71	3	-27	default:stone	0
72	3	-27	default:stone	0
73	3	-27	default:stone	0
74	3	-27	default:stone	0
75	3	-27	default:stone	0
76	3	-27	default:stone	0
77	3	-27	default:stone	0
78	3	-27	default:stone	0
79	3	-27	default:stone	0
80	3	-27	default:cobble	0
81	3	-27	default:stone	0
82	3	-27	default:stone	0
83	3	-27	default:stone	0
84	3	-27	default:stone	0
85	3	-27	default:stone	0
86	3	-27	default:stone	0
87	3	-27	default:stone	0
64	4	-27	default:cobble	0
65	4	-27	default:stone	0
66	4	-27	default:stone	0
67	4	-27	default:stone	0
68	4	-27	default:stone	0
69	4	-27	default:stone	0
70	4	-27	default:stone	0
71	4	-27	default:stone	0
72	4	-27	default:stone	0
73	4	-27	default:stone	0
74	4	-27	default:stone	0
75	4	-27	default:stone	0
76	4	-27	default:stone	0
77	4	-27	default:stone	0
78	4	-27	default:stone	0
79	4	-27	default:stone	0
80	4	-27	default:cobble	0
81	4	-27	default:stone	0
82	4	-27	default:stone	0
83	4	-27	default:stone	0
84	4	-27	default:stone	0
85	4	-27	default:stone	0
86	4	-27	default:stone	0
87	4	-27	default:stone	0
64	5	-27	default:cobble	0
65	5	-27	default:dirt	0
66	5	-27	default:dirt	0
67	5	-27	default:dirt	0
68	5	-27	default:dirt	0
69	5	-27	default:dirt	0
70	5	-27	default:dirt	0
71	5	-27	default:dirt	0
72	5	-27	default:dirt	0
73	5	-27	default:dirt	0
74	5	-27	default:dirt	0
75	5	-27	default:dirt	0
76	5	-27	default:dirt	0
77	5	-27	default:dirt	0
78	5	-27	default:dirt	0
79	5	-27	default:dirt	0
80	5	-27	default:cobble	0
81	5	-27	default:stone	0
82	5	-27	default:stone	0
83	5	-27	default:stone	0
84	5	-27	default:stone	0
85	5	-27	default:stone	0
86	5	-27	default:stone	0
87	5	-27	default:stone	0
64	6	-27	default:brick	0
65	6	-27	default:dirt_with_grass	0
66	6	-27	default:cobble	0
67	6	-27	default:cobble	0
68	6	-27	grug_decor:cottages_straw_ground	0
69	6	-27	grug_decor:cottages_straw_ground	0
70	6	-27	grug_decor:cottages_straw_ground	0
71	6	-27	grug_decor:cottages_straw_ground	0
72	6	-27	default:wood	0
73	6	-27	grug_decor:cottages_straw_ground	0
74	6	-27	grug_decor:cottages_straw_ground	0
75	6	-27	grug_decor:cottages_straw_ground	0
76	6	-27	grug_decor:cottages_straw_ground	0
77	6	-27	default:cobble	0
78	6	-27	default:cobble	0
79	6	-27	default:dirt_with_grass	0
80	6	-27	default:brick	0
81	6	-27	default:stone	0
82	6	-27	default:stone	0
83	6	-27	default:stone	0
84	6	-27	default:stone	0
85	6	-27	default:stone	0
86	6	-27	default:stone	0
87	6	-27	default:stone	0
67	7	-27	default:tree	0
68	7	-27	default:brick	0
76	7	-27	default:brick	0
77	7	-27	default:tree	0
67	8	-27	default:tree	0
77	8	-27	default:tree	0
67	9	-27	default:tree	0
77	9	-27	default:tree	0
67	10	-27	default:tree	0
77	10	-27	default:tree	0
67	11	-27	default:tree	0
77	11	-27	default:tree	0
78	11	-27	stairs:stair_wood	3
67	12	-27	grug_decor:cottages_loam	0
77	12	-27	stairs:stair_wood	3
66	13	-27	stairs:stair_wood	1
67	13	-27	grug_decor:cottages_loam	0
76	13	-27	stairs:stair_wood	3
67	14	-27	stairs:stair_wood	1
75	14	-27	stairs:stair_wood	3
68	15	-27	stairs:stair_wood	1
74	15	-27	stairs:stair_wood	3
69	16	-27	stairs:stair_wood	1
73	16	-27	stairs:stair_wood	3
70	17	-27	stairs:slab_wood	0
71	17	-27	stairs:slab_wood	0
72	17	-27	stairs:slab_wood	0
57	0	-26	default:stone	0
58	0	-26	default:stone	0
59	0	-26	default:stone	0
60	0	-26	default:stone	0
61	0	-26	default:stone	0
62	0	-26	default:stone	0
63	0	-26	default:stone	0
64	0	-26	default:cobble	0
65	0	-26	default:stone	0
66	0	-26	default:stone	0
67	0	-26	default:stone	0
68	0	-26	default:stone	0
69	0	-26	default:stone	0
70	0	-26	default:stone	0
71	0	-26	default:stone	0
72	0	-26	default:stone	0
73	0	-26	default:stone	0
74	0	-26	default:stone	0
75	0	-26	default:stone	0
76	0	-26	default:stone	0
77	0	-26	default:stone	0
78	0	-26	default:stone	0
79	0	-26	default:stone	0
80	0	-26	default:cobble	0
81	0	-26	default:stone	0
82	0	-26	default:stone	0
83	0	-26	default:stone	0
84	0	-26	default:stone	0
85	0	-26	default:stone	0
86	0	-26	default:stone	0
87	0	-26	default:stone	0
57	1	-26	default:stone	0
58	1	-26	default:stone	0
59	1	-26	default:stone	0
60	1	-26	default:stone	0
61	1	-26	default:stone	0
62	1	-26	default:stone	0
63	1	-26	default:stone	0
64	1	-26	default:cobble	0
65	1	-26	default:stone	0
66	1	-26	default:stone	0
67	1	-26	default:stone	0
68	1	-26	default:stone	0
69	1	-26	default:stone	0
70	1	-26	default:stone	0
71	1	-26	default:stone	0
72	1	-26	default:stone	0
73	1	-26	default:stone	0
74	1	-26	default:stone	0
75	1	-26	default:stone	0
76	1	-26	default:stone	0
77	1	-26	default:stone	0
78	1	-26	default:stone	0
79	1	-26	default:stone	0
80	1	-26	default:cobble	0
81	1	-26	default:stone	0
82	1	-26	default:stone	0
83	1	-26	default:stone	0
84	1	-26	default:stone	0
85	1	-26	default:stone	0
86	1	-26	default:stone	0
87	1	-26	default:stone	0
59	2	-26	default:stone	0
60	2	-26	default:stone	0
61	2	-26	default:stone	0
62	2	-26	default:stone	0
63	2	-26	default:stone	0
64	2	-26	default:cobble	0
65	2	-26	default:stone	0
66	2	-26	default:stone	0
67	2	-26	default:stone	0
68	2	-26	default:stone	0
69	2	-26	default:stone	0
70	2	-26	default:stone	0
71	2	-26	default:stone	0
72	2	-26	default:stone	0
73	2	-26	default:stone	0
74	2	-26	default:stone	0
75	2	-26	default:stone	0
76	2	-26	default:stone	0
77	2	-26	default:stone	0
78	2	-26	default:stone	0
79	2	-26	default:stone	0
80	2	-26	default:cobble	0
81	2	-26	default:stone	0
82	2	-26	default:stone	0
83	2	-26	default:stone	0
84	2	-26	default:stone	0
85	2	-26	default:stone	0
86	2	-26	default:stone	0
87	2	-26	default:stone	0
62	3	-26	default:stone	0
63	3	-26	default:stone	0
64	3	-26	default:cobble	0
65	3	-26	default:stone	0
66	3	-26	default:stone	0
67	3	-26	default:stone	0
68	3	-26	default:stone	0
69	3	-26	default:stone	0
70	3	-26	default:stone	0
71	3	-26	default:stone	0
72	3	-26	default:stone	0
73	3	-26	default:stone	0
74	3	-26	default:stone	0
75	3	-26	default:stone	0
76	3	-26	default:stone	0
77	3	-26	default:stone	0
78	3	-26	default:stone	0
79	3	-26	default:stone	0
80	3	-26	default:cobble	0
81	3	-26	default:stone	0
82	3	-26	default:stone	0
83	3	-26	default:stone	0
84	3	-26	default:stone	0
85	3	-26	default:stone	0
86	3	-26	default:stone	0
87	3	-26	default:stone	0
64	4	-26	default:cobble	0
65	4	-26	default:stone	0
66	4	-26	default:stone	0
67	4	-26	default:stone	0
68	4	-26	default:stone	0
69	4	-26	default:stone	0
70	4	-26	default:stone	0
71	4	-26	default:stone	0
72	4	-26	default:stone	0
73	4	-26	default:stone	0
74	4	-26	default:stone	0
75	4	-26	default:stone	0
76	4	-26	default:stone	0
77	4	-26	default:stone	0
78	4	-26	default:stone	0
79	4	-26	default:stone	0
80	4	-26	default:cobble	0
81	4	-26	default:stone	0
82	4	-26	default:stone	0
83	4	-26	default:stone	0
84	4	-26	default:stone	0
85	4	-26	default:stone	0
86	4	-26	default:stone	0
87	4	-26	default:stone	0
64	5	-26	default:cobble	0
65	5	-26	default:dirt	0
66	5	-26	default:dirt	0
67	5	-26	default:dirt	0
68	5	-26	default:dirt	0
69	5	-26	default:dirt	0
70	5	-26	default:dirt	0
71	5	-26	default:dirt	0
72	5	-26	default:dirt	0
73	5	-26	default:dirt	0
74	5	-26	default:dirt	0
75	5	-26	default:dirt	0
76	5	-26	default:dirt	0
77	5	-26	default:dirt	0
78	5	-26	default:dirt	0
79	5	-26	default:dirt	0
80	5	-26	default:cobble	0
81	5	-26	default:stone	0
82	5	-26	default:stone	0
83	5	-26	default:stone	0
84	5	-26	default:stone	0
85	5	-26	default:stone	0
86	5	-26	default:stone	0
87	5	-26	default:stone	0
64	6	-26	default:brick	0
65	6	-26	default:dirt_with_grass	0
66	6	-26	default:cobble	0
67	6	-26	default:cobble	0
68	6	-26	grug_decor:cottages_straw_ground	0
69	6	-26	grug_decor:cottages_straw_ground	0
70	6	-26	grug_decor:cottages_straw_ground	0
71	6	-26	grug_decor:cottages_straw_ground	0
72	6	-26	default:wood	0
73	6	-26	grug_decor:cottages_straw_ground	0
74	6	-26	grug_decor:cottages_straw_ground	0
75	6	-26	grug_decor:cottages_straw_ground	0
76	6	-26	grug_decor:cottages_straw_ground	0
77	6	-26	default:cobble	0
78	6	-26	default:cobble	0
79	6	-26	default:dirt_with_grass	0
80	6	-26	default:brick	0
81	6	-26	default:stone	0
82	6	-26	default:stone	0
83	6	-26	default:stone	0
84	6	-26	default:stone	0
85	6	-26	default:stone	0
86	6	-26	default:stone	0
87	6	-26	default:stone	0
67	7	-26	default:tree	0
68	7	-26	default:brick	0
76	7	-26	default:brick	0
77	7	-26	default:tree	0
67	8	-26	default:tree	0
77	8	-26	default:tree	0
67	9	-26	default:tree	0
77	9	-26	default:tree	0
67	10	-26	default:tree	0
77	10	-26	default:tree	0
67	11	-26	default:tree	0
77	11	-26	default:tree	0
78	11	-26	stairs:stair_wood	3
67	12	-26	default:tree	0
77	12	-26	stairs:stair_wood	3
66	13	-26	stairs:stair_wood	1
67	13	-26	default:tree	0
76	13	-26	stairs:stair_wood	3
67	14	-26	stairs:stair_wood	1
75	14	-26	stairs:stair_wood	3
68	15	-26	stairs:stair_wood	1
74	15	-26	stairs:stair_wood	3
69	16	-26	stairs:stair_wood	1
73	16	-26	stairs:stair_wood	3
70	17	-26	stairs:slab_wood	0
71	17	-26	stairs:slab_wood	0
72	17	-26	stairs:slab_wood	0
57	0	-25	default:stone	0
58	0	-25	default:stone	0
59	0	-25	default:stone	0
60	0	-25	default:stone	0
61	0	-25	default:stone	0
62	0	-25	default:stone	0
63	0	-25	default:stone	0
64	0	-25	default:cobble	0
65	0	-25	default:stone	0
66	0	-25	default:stone	0
67	0	-25	default:stone	0
68	0	-25	default:stone	0
69	0	-25	default:stone	0
70	0	-25	default:stone	0
71	0	-25	default:stone	0
72	0	-25	default:stone	0
73	0	-25	default:stone	0
74	0	-25	default:stone	0
75	0	-25	default:stone	0
76	0	-25	default:stone	0
77	0	-25	default:stone	0
78	0	-25	default:stone	0
79	0	-25	default:stone	0
80	0	-25	default:cobble	0
81	0	-25	default:stone	0
82	0	-25	default:stone	0
83	0	-25	default:stone	0
84	0	-25	default:stone	0
85	0	-25	default:stone	0
86	0	-25	default:stone	0
87	0	-25	default:stone	0
57	1	-25	default:stone	0
58	1	-25	default:stone	0
59	1	-25	default:stone	0
60	1	-25	default:stone	0
61	1	-25	default:stone	0
62	1	-25	default:stone	0
63	1	-25	default:stone	0
64	1	-25	default:cobble	0
65	1	-25	default:stone	0
66	1	-25	default:stone	0
67	1	-25	default:stone	0
68	1	-25	default:stone	0
69	1	-25	default:stone	0
70	1	-25	default:stone	0
71	1	-25	default:stone	0
72	1	-25	default:stone	0
73	1	-25	default:stone	0
74	1	-25	default:stone	0
75	1	-25	default:stone	0
76	1	-25	default:stone	0
77	1	-25	default:stone	0
78	1	-25	default:stone	0
79	1	-25	default:stone	0
80	1	-25	default:cobble	0
81	1	-25	default:stone	0
82	1	-25	default:stone	0
83	1	-25	default:stone	0
84	1	-25	default:stone	0
85	1	-25	default:stone	0
86	1	-25	default:stone	0
87	1	-25	default:stone	0
61	2	-25	default:stone	0
62	2	-25	default:stone	0
63	2	-25	default:stone	0
64	2	-25	default:cobble	0
65	2	-25	default:stone	0
66	2	-25	default:stone	0
67	2	-25	default:stone	0
68	2	-25	default:stone	0
69	2	-25	default:stone	0
70	2	-25	default:stone	0
71	2	-25	default:stone	0
72	2	-25	default:stone	0
73	2	-25	default:stone	0
74	2	-25	default:stone	0
75	2	-25	default:stone	0
76	2	-25	default:stone	0
77	2	-25	default:stone	0
78	2	-25	default:stone	0
79	2	-25	default:stone	0
80	2	-25	default:cobble	0
81	2	-25	default:stone	0
82	2	-25	default:stone	0
83	2	-25	default:stone	0
84	2	-25	default:stone	0
85	2	-25	default:stone	0
86	2	-25	default:stone	0
87	2	-25	default:stone	0
64	3	-25	default:cobble	0
66	3	-25	default:stone	0
67	3	-25	default:stone	0
68	3	-25	default:stone	0
69	3	-25	default:stone	0
70	3	-25	default:stone	0
71	3	-25	default:stone	0
72	3	-25	default:stone	0
73	3	-25	default:stone	0
74	3	-25	default:stone	0
75	3	-25	default:stone	0
76	3	-25	default:stone	0
77	3	-25	default:stone	0
78	3	-25	default:stone	0
79	3	-25	default:stone	0
80	3	-25	default:cobble	0
81	3	-25	default:stone	0
82	3	-25	default:stone	0
83	3	-25	default:stone	0
84	3	-25	default:stone	0
85	3	-25	default:stone	0
86	3	-25	default:stone	0
87	3	-25	default:stone	0
64	4	-25	default:cobble	0
70	4	-25	default:stone	0
71	4	-25	default:stone	0
72	4	-25	default:stone	0
73	4	-25	default:stone	0
74	4	-25	default:stone	0
75	4	-25	default:stone	0
76	4	-25	default:stone	0
77	4	-25	default:stone	0
78	4	-25	default:stone	0
79	4	-25	default:stone	0
80	4	-25	default:cobble	0
81	4	-25	default:stone	0
82	4	-25	default:stone	0
83	4	-25	default:stone	0
84	4	-25	default:stone	0
85	4	-25	default:stone	0
86	4	-25	default:stone	0
87	4	-25	default:stone	0
64	5	-25	default:cobble	0
65	5	-25	default:dirt	0
66	5	-25	default:dirt	0
67	5	-25	default:dirt	0
68	5	-25	default:dirt	0
69	5	-25	default:dirt	0
70	5	-25	default:dirt	0
71	5	-25	default:dirt	0
72	5	-25	default:dirt	0
73	5	-25	default:dirt	0
74	5	-25	default:dirt	0
75	5	-25	default:dirt	0
76	5	-25	default:dirt	0
77	5	-25	default:dirt	0
78	5	-25	default:dirt	0
79	5	-25	default:dirt	0
80	5	-25	default:cobble	0
81	5	-25	default:stone	0
82	5	-25	default:stone	0
83	5	-25	default:stone	0
84	5	-25	default:stone	0
85	5	-25	default:stone	0
86	5	-25	default:stone	0
87	5	-25	default:stone	0
64	6	-25	default:brick	0
65	6	-25	default:dirt_with_grass	0
66	6	-25	default:cobble	0
67	6	-25	default:cobble	0
68	6	-25	grug_decor:cottages_straw_ground	0
69	6	-25	grug_decor:cottages_straw_ground	0
70	6	-25	grug_decor:cottages_straw_ground	0
71	6	-25	grug_decor:cottages_straw_ground	0
72	6	-25	default:wood	0
73	6	-25	grug_decor:cottages_straw_ground	0
74	6	-25	grug_decor:cottages_straw_ground	0
75	6	-25	grug_decor:cottages_straw_ground	0
76	6	-25	grug_decor:cottages_straw_ground	0
77	6	-25	default:cobble	0
78	6	-25	default:cobble	0
79	6	-25	default:dirt_with_grass	0
80	6	-25	default:brick	0
81	6	-25	default:stone	0
82	6	-25	default:stone	0
83	6	-25	default:stone	0
84	6	-25	default:stone	0
85	6	-25	default:stone	0
86	6	-25	default:stone	0
87	6	-25	default:stone	0
67	7	-25	default:brick	0
68	7	-25	default:brick	0
76	7	-25	default:brick	0
77	7	-25	default:brick	0
67	8	-25	xpanes:pane_flat	3
77	8	-25	xpanes:pane_flat	3
67	9	-25	xpanes:pane_flat	3
77	9	-25	xpanes:pane_flat	3
67	10	-25	grug_decor:cottages_loam	0
77	10	-25	grug_decor:cottages_loam	0
67	11	-25	grug_decor:cottages_loam	0
77	11	-25	grug_decor:cottages_loam	0
78	11	-25	stairs:stair_wood	3
67	12	-25	grug_decor:cottages_loam	0
77	12	-25	stairs:stair_wood	3
66	13	-25	stairs:stair_wood	1
67	13	-25	grug_decor:cottages_loam	0
76	13	-25	stairs:stair_wood	3
67	14	-25	stairs:stair_wood	1
75	14	-25	stairs:stair_wood	3
68	15	-25	stairs:stair_wood	1
74	15	-25	stairs:stair_wood	3
69	16	-25	stairs:stair_wood	1
73	16	-25	stairs:stair_wood	3
70	17	-25	stairs:slab_wood	0
71	17	-25	stairs:slab_wood	0
72	17	-25	stairs:slab_wood	0
57	0	-24	default:stone	0
58	0	-24	default:stone	0
59	0	-24	default:stone	0
60	0	-24	default:stone	0
61	0	-24	default:stone	0
62	0	-24	default:stone	0
63	0	-24	default:stone	0
64	0	-24	default:cobble	0
65	0	-24	default:stone	0
66	0	-24	default:stone	0
67	0	-24	default:stone	0
68	0	-24	default:stone	0
69	0	-24	default:stone	0
70	0	-24	default:stone	0
71	0	-24	default:stone	0
72	0	-24	default:stone	0
73	0	-24	default:stone	0
74	0	-24	default:stone	0
75	0	-24	default:stone	0
76	0	-24	default:stone	0
77	0	-24	default:stone	0
78	0	-24	default:stone	0
79	0	-24	default:stone	0
80	0	-24	default:cobble	0
81	0	-24	default:stone	0
82	0	-24	default:stone	0
83	0	-24	default:stone	0
84	0	-24	default:stone	0
85	0	-24	default:stone	0
86	0	-24	default:stone	0
87	0	-24	default:stone	0
57	1	-24	default:stone	0
58	1	-24	default:stone	0
59	1	-24	default:stone	0
60	1	-24	default:stone	0
61	1	-24	default:stone	0
62	1	-24	default:stone	0
63	1	-24	default:stone	0
64	1	-24	default:cobble	0
65	1	-24	default:stone	0
66	1	-24	default:stone	0
67	1	-24	default:stone	0
68	1	-24	default:stone	0
69	1	-24	default:stone	0
70	1	-24	default:stone	0
71	1	-24	default:stone	0
72	1	-24	default:stone	0
73	1	-24	default:stone	0
74	1	-24	default:stone	0
75	1	-24	default:stone	0
76	1	-24	default:stone	0
77	1	-24	default:stone	0
78	1	-24	default:stone	0
79	1	-24	default:stone	0
80	1	-24	default:cobble	0
81	1	-24	default:stone	0
82	1	-24	default:stone	0
83	1	-24	default:stone	0
84	1	-24	default:stone	0
85	1	-24	default:stone	0
86	1	-24	default:stone	0
87	1	-24	default:stone	0
61	2	-24	default:stone	0
62	2	-24	default:stone	0
63	2	-24	default:stone	0
64	2	-24	default:cobble	0
65	2	-24	default:stone	0
66	2	-24	default:stone	0
67	2	-24	default:stone	0
68	2	-24	default:stone	0
69	2	-24	default:stone	0
70	2	-24	default:stone	0
71	2	-24	default:stone	0
72	2	-24	default:stone	0
73	2	-24	default:stone	0
74	2	-24	default:stone	0
75	2	-24	default:stone	0
76	2	-24	default:stone	0
77	2	-24	default:stone	0
78	2	-24	default:stone	0
79	2	-24	default:stone	0
80	2	-24	default:cobble	0
81	2	-24	default:stone	0
82	2	-24	default:stone	0
83	2	-24	default:stone	0
84	2	-24	default:stone	0
85	2	-24	default:stone	0
86	2	-24	default:stone	0
87	2	-24	default:stone	0
64	3	-24	default:cobble	0
66	3	-24	default:stone	0
67	3	-24	default:stone	0
68	3	-24	default:stone	0
69	3	-24	default:stone	0
70	3	-24	default:stone	0
71	3	-24	default:stone	0
72	3	-24	default:stone	0
73	3	-24	default:stone	0
74	3	-24	default:stone	0
75	3	-24	default:stone	0
76	3	-24	default:stone	0
77	3	-24	default:stone	0
78	3	-24	default:stone	0
79	3	-24	default:stone	0
80	3	-24	default:cobble	0
81	3	-24	default:stone	0
82	3	-24	default:stone	0
83	3	-24	default:stone	0
84	3	-24	default:stone	0
85	3	-24	default:stone	0
86	3	-24	default:stone	0
87	3	-24	default:stone	0
64	4	-24	default:cobble	0
71	4	-24	default:stone	0
72	4	-24	default:stone	0
73	4	-24	default:stone	0
74	4	-24	default:stone	0
75	4	-24	default:stone	0
76	4	-24	default:stone	0
77	4	-24	default:stone	0
78	4	-24	default:stone	0
79	4	-24	default:stone	0
80	4	-24	default:cobble	0
81	4	-24	default:stone	0
82	4	-24	default:stone	0
83	4	-24	default:stone	0
84	4	-24	default:stone	0
85	4	-24	default:stone	0
86	4	-24	default:stone	0
87	4	-24	default:stone	0
64	5	-24	default:cobble	0
65	5	-24	default:dirt	0
66	5	-24	default:dirt	0
67	5	-24	default:dirt	0
68	5	-24	default:dirt	0
69	5	-24	default:dirt	0
70	5	-24	default:dirt	0
71	5	-24	default:dirt	0
72	5	-24	default:dirt	0
73	5	-24	default:dirt	0
74	5	-24	default:dirt	0
75	5	-24	default:dirt	0
76	5	-24	default:dirt	0
77	5	-24	default:dirt	0
78	5	-24	default:dirt	0
79	5	-24	default:dirt	0
80	5	-24	default:cobble	0
82	5	-24	default:stone	0
83	5	-24	default:stone	0
84	5	-24	default:stone	0
85	5	-24	default:stone	0
86	5	-24	default:stone	0
87	5	-24	default:stone	0
64	6	-24	default:brick	0
65	6	-24	default:dirt_with_grass	0
66	6	-24	default:cobble	0
67	6	-24	default:cobble	0
68	6	-24	grug_decor:cottages_straw_ground	0
69	6	-24	grug_decor:cottages_straw_ground	0
70	6	-24	grug_decor:cottages_straw_ground	0
71	6	-24	grug_decor:cottages_straw_ground	0
72	6	-24	default:wood	0
73	6	-24	grug_decor:cottages_straw_ground	0
74	6	-24	grug_decor:cottages_straw_ground	0
75	6	-24	grug_decor:cottages_straw_ground	0
76	6	-24	grug_decor:cottages_straw_ground	0
77	6	-24	default:cobble	0
78	6	-24	default:cobble	0
79	6	-24	default:dirt_with_grass	0
80	6	-24	default:brick	0
82	6	-24	default:stone	0
83	6	-24	default:stone	0
84	6	-24	default:stone	0
85	6	-24	default:stone	0
86	6	-24	default:stone	0
87	6	-24	default:stone	0
67	7	-24	default:brick	0
68	7	-24	default:brick	0
76	7	-24	default:brick	0
77	7	-24	default:brick	0
67	8	-24	xpanes:pane_flat	3
77	8	-24	xpanes:pane_flat	3
67	9	-24	xpanes:pane_flat	3
77	9	-24	xpanes:pane_flat	3
67	10	-24	grug_decor:cottages_loam	0
77	10	-24	grug_decor:cottages_loam	0
67	11	-24	grug_decor:cottages_loam	0
77	11	-24	grug_decor:cottages_loam	0
78	11	-24	stairs:stair_wood	3
67	12	-24	grug_decor:cottages_loam	0
77	12	-24	stairs:stair_wood	3
66	13	-24	stairs:stair_wood	1
67	13	-24	grug_decor:cottages_loam	0
76	13	-24	stairs:stair_wood	3
67	14	-24	stairs:stair_wood	1
75	14	-24	stairs:stair_wood	3
68	15	-24	stairs:stair_wood	1
74	15	-24	stairs:stair_wood	3
69	16	-24	stairs:stair_wood	1
73	16	-24	stairs:stair_wood	3
70	17	-24	stairs:slab_wood	0
71	17	-24	stairs:slab_wood	0
72	17	-24	stairs:slab_wood	0
57	0	-23	default:stone	0
58	0	-23	default:stone	0
59	0	-23	default:stone	0
60	0	-23	default:stone	0
61	0	-23	default:stone	0
62	0	-23	default:stone	0
63	0	-23	default:stone	0
64	0	-23	default:cobble	0
65	0	-23	default:stone	0
66	0	-23	default:stone	0
67	0	-23	default:stone	0
68	0	-23	default:stone	0
69	0	-23	default:stone	0
70	0	-23	default:stone	0
71	0	-23	default:stone	0
72	0	-23	default:stone	0
73	0	-23	default:stone	0
74	0	-23	default:stone	0
75	0	-23	default:stone	0
76	0	-23	default:stone	0
77	0	-23	default:stone	0
78	0	-23	default:stone	0
79	0	-23	default:stone	0
80	0	-23	default:cobble	0
81	0	-23	default:stone	0
82	0	-23	default:stone	0
83	0	-23	default:stone	0
84	0	-23	default:stone	0
85	0	-23	default:stone	0
86	0	-23	default:stone	0
87	0	-23	default:stone	0
57	1	-23	default:stone	0
58	1	-23	default:stone	0
59	1	-23	default:stone	0
60	1	-23	default:stone	0
61	1	-23	default:stone	0
62	1	-23	default:stone	0
63	1	-23	default:stone	0
64	1	-23	default:cobble	0
65	1	-23	default:stone	0
66	1	-23	default:stone	0
67	1	-23	default:stone	0
68	1	-23	default:stone	0
69	1	-23	default:stone	0
70	1	-23	default:stone	0
71	1	-23	default:stone	0
72	1	-23	default:stone	0
73	1	-23	default:stone	0
74	1	-23	default:stone	0
75	1	-23	default:stone	0
76	1	-23	default:stone	0
77	1	-23	default:stone	0
78	1	-23	default:stone	0
79	1	-23	default:stone	0
80	1	-23	default:cobble	0
81	1	-23	default:stone	0
82	1	-23	default:stone	0
83	1	-23	default:stone	0
84	1	-23	default:stone	0
85	1	-23	default:stone	0
86	1	-23	default:stone	0
87	1	-23	default:stone	0
61	2	-23	default:stone	0
62	2	-23	default:stone	0
63	2	-23	default:stone	0
64	2	-23	default:cobble	0
65	2	-23	default:stone	0
66	2	-23	default:stone	0
67	2	-23	default:stone	0
68	2	-23	default:stone	0
69	2	-23	default:stone	0
70	2	-23	default:stone	0
71	2	-23	default:stone	0
72	2	-23	default:stone	0
73	2	-23	default:stone	0
74	2	-23	default:stone	0
75	2	-23	default:stone	0
76	2	-23	default:stone	0
77	2	-23	default:stone	0
78	2	-23	default:stone	0
79	2	-23	default:stone	0
80	2	-23	default:cobble	0
81	2	-23	default:stone	0
82	2	-23	default:stone	0
83	2	-23	default:stone	0
84	2	-23	default:stone	0
85	2	-23	default:stone	0
86	2	-23	default:stone	0
87	2	-23	default:stone	0
64	3	-23	default:cobble	0
66	3	-23	default:stone	0
67	3	-23	default:stone	0
68	3	-23	default:stone	0
69	3	-23	default:stone	0
70	3	-23	default:stone	0
71	3	-23	default:stone	0
72	3	-23	default:stone	0
73	3	-23	default:stone	0
74	3	-23	default:stone	0
75	3	-23	default:stone	0
76	3	-23	default:stone	0
77	3	-23	default:stone	0
78	3	-23	default:stone	0
79	3	-23	default:stone	0
80	3	-23	default:cobble	0
81	3	-23	default:stone	0
82	3	-23	default:stone	0
83	3	-23	default:stone	0
84	3	-23	default:stone	0
85	3	-23	default:stone	0
86	3	-23	default:stone	0
87	3	-23	default:stone	0
64	4	-23	default:cobble	0
71	4	-23	default:stone	0
72	4	-23	default:stone	0
73	4	-23	default:stone	0
74	4	-23	default:stone	0
75	4	-23	default:stone	0
76	4	-23	default:stone	0
77	4	-23	default:stone	0
78	4	-23	default:stone	0
79	4	-23	default:stone	0
80	4	-23	default:cobble	0
81	4	-23	default:stone	0
82	4	-23	default:stone	0
83	4	-23	default:stone	0
84	4	-23	default:stone	0
85	4	-23	default:stone	0
86	4	-23	default:stone	0
87	4	-23	default:stone	0
64	5	-23	default:cobble	0
65	5	-23	default:dirt	0
66	5	-23	default:dirt	0
67	5	-23	default:dirt	0
68	5	-23	default:dirt	0
69	5	-23	default:dirt	0
70	5	-23	default:dirt	0
71	5	-23	default:dirt	0
72	5	-23	default:dirt	0
73	5	-23	default:dirt	0
74	5	-23	default:dirt	0
75	5	-23	default:dirt	0
76	5	-23	default:dirt	0
77	5	-23	default:dirt	0
78	5	-23	default:dirt	0
79	5	-23	default:dirt	0
80	5	-23	default:cobble	0
83	5	-23	default:stone	0
84	5	-23	default:stone	0
85	5	-23	default:stone	0
86	5	-23	default:stone	0
87	5	-23	default:stone	0
64	6	-23	default:brick	0
65	6	-23	default:dirt_with_grass	0
66	6	-23	default:cobble	0
67	6	-23	default:cobble	0
68	6	-23	grug_decor:cottages_straw_ground	0
69	6	-23	grug_decor:cottages_straw_ground	0
70	6	-23	grug_decor:cottages_straw_ground	0
71	6	-23	grug_decor:cottages_straw_ground	0
72	6	-23	default:wood	0
73	6	-23	grug_decor:cottages_straw_ground	0
74	6	-23	grug_decor:cottages_straw_ground	0
75	6	-23	grug_decor:cottages_straw_ground	0
76	6	-23	grug_decor:cottages_straw_ground	0
77	6	-23	default:cobble	0
78	6	-23	default:cobble	0
79	6	-23	default:dirt_with_grass	0
80	6	-23	default:brick	0
83	6	-23	default:stone	0
84	6	-23	default:stone	0
85	6	-23	default:stone	0
86	6	-23	default:stone	0
87	6	-23	default:stone	0
67	7	-23	default:tree	0
68	7	-23	default:brick	0
76	7	-23	default:brick	0
77	7	-23	default:tree	0
67	8	-23	default:tree	0
77	8	-23	default:tree	0
67	9	-23	default:tree	0
68	9	-23	default:torch_wall	3
76	9	-23	default:torch_wall	2
77	9	-23	default:tree	0
67	10	-23	default:tree	0
77	10	-23	default:tree	0
67	11	-23	default:tree	0
77	11	-23	default:tree	0
78	11	-23	stairs:stair_wood	3
67	12	-23	default:tree	0
77	12	-23	stairs:stair_wood	3
66	13	-23	stairs:stair_wood	1
67	13	-23	default:tree	0
76	13	-23	stairs:stair_wood	3
67	14	-23	stairs:stair_wood	1
75	14	-23	stairs:stair_wood	3
68	15	-23	stairs:stair_wood	1
74	15	-23	stairs:stair_wood	3
69	16	-23	stairs:stair_wood	1
73	16	-23	stairs:stair_wood	3
70	17	-23	stairs:slab_wood	0
71	17	-23	stairs:slab_wood	0
72	17	-23	stairs:slab_wood	0
57	0	-22	default:stone	0
58	0	-22	default:stone	0
59	0	-22	default:stone	0
60	0	-22	default:stone	0
61	0	-22	default:stone	0
62	0	-22	default:stone	0
63	0	-22	default:stone	0
64	0	-22	default:cobble	0
65	0	-22	default:stone	0
66	0	-22	default:stone	0
67	0	-22	default:stone	0
68	0	-22	default:stone	0
69	0	-22	default:stone	0
70	0	-22	default:stone	0
71	0	-22	default:stone	0
72	0	-22	default:stone	0
73	0	-22	default:stone	0
74	0	-22	default:stone	0
75	0	-22	default:stone	0
76	0	-22	default:stone	0
77	0	-22	default:stone	0
78	0	-22	default:stone	0
79	0	-22	default:stone	0
80	0	-22	default:cobble	0
81	0	-22	default:stone	0
82	0	-22	default:stone	0
83	0	-22	default:stone	0
84	0	-22	default:stone	0
85	0	-22	default:stone	0
86	0	-22	default:stone	0
87	0	-22	default:stone	0
57	1	-22	default:stone	0
58	1	-22	default:stone	0
59	1	-22	default:stone	0
60	1	-22	default:stone	0
61	1	-22	default:stone	0
62	1	-22	default:stone	0
63	1	-22	default:stone	0
64	1	-22	default:cobble	0
65	1	-22	default:stone	0
66	1	-22	default:stone	0
67	1	-22	default:stone	0
68	1	-22	default:stone	0
69	1	-22	default:stone	0
70	1	-22	default:stone	0
71	1	-22	default:stone	0
72	1	-22	default:stone	0
73	1	-22	default:stone	0
74	1	-22	default:stone	0
75	1	-22	default:stone	0
76	1	-22	default:stone	0
77	1	-22	default:stone	0
78	1	-22	default:stone	0
79	1	-22	default:stone	0
80	1	-22	default:cobble	0
81	1	-22	default:stone	0
82	1	-22	default:stone	0
83	1	-22	default:stone	0
84	1	-22	default:stone	0
85	1	-22	default:stone	0
86	1	-22	default:stone	0
87	1	-22	default:stone	0
61	2	-22	default:stone	0
62	2	-22	default:stone	0
63	2	-22	default:stone	0
64	2	-22	default:cobble	0
65	2	-22	default:stone	0
66	2	-22	default:stone	0
67	2	-22	default:stone	0
68	2	-22	default:stone	0
69	2	-22	default:stone	0
70	2	-22	default:stone	0
71	2	-22	default:stone	0
72	2	-22	default:stone	0
73	2	-22	default:stone	0
74	2	-22	default:stone	0
75	2	-22	default:stone	0
76	2	-22	default:stone	0
77	2	-22	default:stone	0
78	2	-22	default:stone	0
79	2	-22	default:stone	0
80	2	-22	default:cobble	0
81	2	-22	default:stone	0
82	2	-22	default:stone	0
83	2	-22	default:stone	0
84	2	-22	default:stone	0
85	2	-22	default:stone	0
86	2	-22	default:stone	0
87	2	-22	default:stone	0
64	3	-22	default:cobble	0
66	3	-22	default:stone	0
67	3	-22	default:stone	0
68	3	-22	default:stone	0
69	3	-22	default:stone	0
70	3	-22	default:stone	0
71	3	-22	default:stone	0
72	3	-22	default:stone	0
73	3	-22	default:stone	0
74	3	-22	default:stone	0
75	3	-22	default:stone	0
76	3	-22	default:stone	0
77	3	-22	default:stone	0
78	3	-22	default:stone	0
79	3	-22	default:stone	0
80	3	-22	default:cobble	0
81	3	-22	default:stone	0
82	3	-22	default:stone	0
83	3	-22	default:stone	0
84	3	-22	default:stone	0
85	3	-22	default:stone	0
86	3	-22	default:stone	0
87	3	-22	default:stone	0
64	4	-22	default:cobble	0
71	4	-22	default:stone	0
72	4	-22	default:stone	0
73	4	-22	default:stone	0
74	4	-22	default:stone	0
75	4	-22	default:stone	0
76	4	-22	default:stone	0
77	4	-22	default:stone	0
78	4	-22	default:stone	0
79	4	-22	default:stone	0
80	4	-22	default:cobble	0
81	4	-22	default:stone	0
82	4	-22	default:stone	0
83	4	-22	default:stone	0
84	4	-22	default:stone	0
85	4	-22	default:stone	0
86	4	-22	default:stone	0
87	4	-22	default:stone	0
64	5	-22	default:cobble	0
65	5	-22	default:dirt	0
66	5	-22	default:dirt	0
67	5	-22	default:dirt	0
68	5	-22	default:dirt	0
69	5	-22	default:dirt	0
70	5	-22	default:dirt	0
71	5	-22	default:dirt	0
72	5	-22	default:dirt	0
73	5	-22	default:dirt	0
74	5	-22	default:dirt	0
75	5	-22	default:dirt	0
76	5	-22	default:dirt	0
77	5	-22	default:dirt	0
78	5	-22	default:dirt	0
79	5	-22	default:dirt	0
80	5	-22	default:cobble	0
84	5	-22	default:stone	0
85	5	-22	default:stone	0
86	5	-22	default:stone	0
87	5	-22	default:stone	0
64	6	-22	default:brick	0
65	6	-22	default:dirt_with_grass	0
66	6	-22	default:cobble	0
67	6	-22	default:cobble	0
68	6	-22	grug_decor:cottages_straw_ground	0
69	6	-22	grug_decor:cottages_straw_ground	0
70	6	-22	grug_decor:cottages_straw_ground	0
71	6	-22	grug_decor:cottages_straw_ground	0
72	6	-22	default:wood	0
73	6	-22	grug_decor:cottages_straw_ground	0
74	6	-22	grug_decor:cottages_straw_ground	0
75	6	-22	grug_decor:cottages_straw_ground	0
76	6	-22	grug_decor:cottages_straw_ground	0
77	6	-22	default:cobble	0
78	6	-22	default:cobble	0
79	6	-22	default:dirt_with_grass	0
80	6	-22	default:brick	0
84	6	-22	default:stone	0
85	6	-22	default:stone	0
86	6	-22	default:stone	0
87	6	-22	default:stone	0
67	7	-22	default:brick	0
71	7	-22	grug_decor:cottages_straw_bale	0
73	7	-22	grug_decor:cottages_straw_bale	0
77	7	-22	default:brick	0
67	8	-22	grug_decor:cottages_loam	0
77	8	-22	grug_decor:cottages_loam	0
67	9	-22	grug_decor:cottages_loam	0
77	9	-22	grug_decor:cottages_loam	0
67	10	-22	grug_decor:cottages_loam	0
77	10	-22	grug_decor:cottages_loam	0
67	11	-22	grug_decor:cottages_loam	0
77	11	-22	grug_decor:cottages_loam	0
78	11	-22	stairs:stair_wood	3
67	12	-22	grug_decor:cottages_loam	0
77	12	-22	stairs:stair_wood	3
66	13	-22	stairs:stair_wood	1
67	13	-22	grug_decor:cottages_loam	0
76	13	-22	stairs:stair_wood	3
67	14	-22	stairs:stair_wood	1
75	14	-22	stairs:stair_wood	3
68	15	-22	stairs:stair_wood	1
74	15	-22	stairs:stair_wood	3
69	16	-22	stairs:stair_wood	1
73	16	-22	stairs:stair_wood	3
70	17	-22	stairs:slab_wood	0
71	17	-22	stairs:slab_wood	0
72	17	-22	stairs:slab_wood	0
57	0	-21	default:stone	0
58	0	-21	default:stone	0
59	0	-21	default:stone	0
60	0	-21	default:stone	0
61	0	-21	default:stone	0
62	0	-21	default:stone	0
63	0	-21	default:stone	0
64	0	-21	default:cobble	0
65	0	-21	default:stone	0
66	0	-21	default:stone	0
67	0	-21	default:stone	0
68	0	-21	default:stone	0
69	0	-21	default:stone	0
70	0	-21	default:stone	0
71	0	-21	default:stone	0
72	0	-21	default:stone	0
73	0	-21	default:stone	0
74	0	-21	default:stone	0
75	0	-21	default:stone	0
76	0	-21	default:stone	0
77	0	-21	default:stone	0
78	0	-21	default:stone	0
79	0	-21	default:stone	0
80	0	-21	default:cobble	0
81	0	-21	default:stone	0
82	0	-21	default:stone	0
83	0	-21	default:stone	0
84	0	-21	default:stone	0
85	0	-21	default:stone	0
86	0	-21	default:stone	0
87	0	-21	default:stone	0
57	1	-21	default:stone	0
58	1	-21	default:stone	0
59	1	-21	default:stone	0
60	1	-21	default:stone	0
61	1	-21	default:stone	0
62	1	-21	default:stone	0
63	1	-21	default:stone	0
64	1	-21	default:cobble	0
65	1	-21	default:stone	0
66	1	-21	default:stone	0
67	1	-21	default:stone	0
68	1	-21	default:stone	0
69	1	-21	default:stone	0
70	1	-21	default:stone	0
71	1	-21	default:stone	0
72	1	-21	default:stone	0
73	1	-21	default:stone	0
74	1	-21	default:stone	0
75	1	-21	default:stone	0
76	1	-21	default:stone	0
77	1	-21	default:stone	0
78	1	-21	default:stone	0
79	1	-21	default:stone	0
80	1	-21	default:cobble	0
81	1	-21	default:stone	0
82	1	-21	default:stone	0
83	1	-21	default:stone	0
84	1	-21	default:stone	0
85	1	-21	default:stone	0
86	1	-21	default:stone	0
87	1	-21	default:stone	0
61	2	-21	default:stone	0
62	2	-21	default:stone	0
63	2	-21	default:stone	0
64	2	-21	default:cobble	0
65	2	-21	default:stone	0
66	2	-21	default:stone	0
67	2	-21	default:stone	0
68	2	-21	default:stone	0
69	2	-21	default:stone	0
70	2	-21	default:stone	0
71	2	-21	default:stone	0
72	2	-21	default:stone	0
73	2	-21	default:stone	0
74	2	-21	default:stone	0
75	2	-21	default:stone	0
76	2	-21	default:stone	0
77	2	-21	default:stone	0
78	2	-21	default:stone	0
79	2	-21	default:stone	0
80	2	-21	default:cobble	0
81	2	-21	default:stone	0
82	2	-21	default:stone	0
83	2	-21	default:stone	0
84	2	-21	default:stone	0
85	2	-21	default:stone	0
86	2	-21	default:stone	0
87	2	-21	default:stone	0
64	3	-21	default:cobble	0
66	3	-21	default:stone	0
67	3	-21	default:stone	0
68	3	-21	default:stone	0
69	3	-21	default:stone	0
70	3	-21	default:stone	0
71	3	-21	default:stone	0
72	3	-21	default:stone	0
73	3	-21	default:stone	0
74	3	-21	default:stone	0
75	3	-21	default:stone	0
76	3	-21	default:stone	0
77	3	-21	default:stone	0
78	3	-21	default:stone	0
79	3	-21	default:stone	0
80	3	-21	default:cobble	0
81	3	-21	default:stone	0
82	3	-21	default:stone	0
83	3	-21	default:stone	0
84	3	-21	default:stone	0
85	3	-21	default:stone	0
86	3	-21	default:stone	0
87	3	-21	default:stone	0
64	4	-21	default:cobble	0
71	4	-21	default:stone	0
72	4	-21	default:stone	0
73	4	-21	default:stone	0
74	4	-21	default:stone	0
75	4	-21	default:stone	0
76	4	-21	default:stone	0
77	4	-21	default:stone	0
78	4	-21	default:stone	0
79	4	-21	default:stone	0
80	4	-21	default:cobble	0
81	4	-21	default:stone	0
82	4	-21	default:stone	0
83	4	-21	default:stone	0
84	4	-21	default:stone	0
85	4	-21	default:stone	0
86	4	-21	default:stone	0
87	4	-21	default:stone	0
64	5	-21	default:cobble	0
65	5	-21	default:dirt	0
66	5	-21	default:dirt	0
67	5	-21	default:dirt	0
68	5	-21	default:dirt	0
69	5	-21	default:dirt	0
70	5	-21	default:dirt	0
71	5	-21	default:dirt	0
72	5	-21	default:dirt	0
73	5	-21	default:dirt	0
74	5	-21	default:dirt	0
75	5	-21	default:dirt	0
76	5	-21	default:dirt	0
77	5	-21	default:dirt	0
78	5	-21	default:dirt	0
79	5	-21	default:dirt	0
80	5	-21	default:cobble	0
86	5	-21	default:stone	0
87	5	-21	default:stone	0
64	6	-21	default:brick	0
65	6	-21	default:dirt_with_grass	0
66	6	-21	default:cobble	0
67	6	-21	default:cobble	0
68	6	-21	default:cobble	0
69	6	-21	default:cobble	0
70	6	-21	default:cobble	0
71	6	-21	default:cobble	0
72	6	-21	default:cobble	0
73	6	-21	default:cobble	0
74	6	-21	default:cobble	0
75	6	-21	default:cobble	0
76	6	-21	default:cobble	0
77	6	-21	default:cobble	0
78	6	-21	default:cobble	0
79	6	-21	default:dirt_with_grass	0
80	6	-21	default:brick	0
86	6	-21	default:stone	0
87	6	-21	default:stone	0
67	7	-21	default:tree	0
68	7	-21	default:tree	0
69	7	-21	default:brick	0
70	7	-21	default:brick	0
71	7	-21	default:tree	0
72	7	-21	default:tree	0
73	7	-21	default:brick	0
74	7	-21	default:brick	0
75	7	-21	default:tree	0
76	7	-21	default:brick	0
77	7	-21	default:tree	0
67	8	-21	default:tree	0
68	8	-21	default:tree	0
69	8	-21	xpanes:pane_flat	0
70	8	-21	xpanes:pane_flat	0
71	8	-21	default:tree	0
72	8	-21	default:tree	0
73	8	-21	xpanes:pane_flat	0
74	8	-21	xpanes:pane_flat	0
75	8	-21	default:tree	0
76	8	-21	default:tree	0
77	8	-21	default:tree	0
67	9	-21	default:tree	0
68	9	-21	default:tree	0
69	9	-21	xpanes:pane_flat	0
70	9	-21	xpanes:pane_flat	0
71	9	-21	default:tree	0
72	9	-21	default:tree	0
73	9	-21	xpanes:pane_flat	0
74	9	-21	xpanes:pane_flat	0
75	9	-21	default:tree	0
76	9	-21	default:tree	0
77	9	-21	default:tree	0
67	10	-21	default:tree	0
68	10	-21	default:tree	0
69	10	-21	grug_decor:cottages_loam	0
70	10	-21	default:tree	0
71	10	-21	default:tree	0
72	10	-21	default:tree	0
73	10	-21	default:tree	0
74	10	-21	grug_decor:cottages_loam	0
75	10	-21	default:tree	0
76	10	-21	default:tree	0
77	10	-21	default:tree	0
67	11	-21	default:tree	0
68	11	-21	default:tree	0
69	11	-21	grug_decor:cottages_loam	0
70	11	-21	default:tree	0
71	11	-21	default:tree	0
72	11	-21	default:tree	0
73	11	-21	default:tree	0
74	11	-21	grug_decor:cottages_loam	0
75	11	-21	default:tree	0
76	11	-21	default:tree	0
77	11	-21	default:tree	0
78	11	-21	stairs:stair_wood	3
67	12	-21	default:tree	0
68	12	-21	grug_decor:cottages_loam	0
69	12	-21	grug_decor:cottages_loam	0
70	12	-21	default:tree	0
71	12	-21	grug_decor:cottages_loam	0
72	12	-21	grug_decor:cottages_loam	0
73	12	-21	default:tree	0
74	12	-21	grug_decor:cottages_loam	0
75	12	-21	grug_decor:cottages_loam	0
76	12	-21	default:tree	0
77	12	-21	stairs:stair_wood	3
66	13	-21	stairs:stair_wood	1
67	13	-21	default:tree	0
68	13	-21	grug_decor:cottages_loam	0
69	13	-21	grug_decor:cottages_loam	0
70	13	-21	default:tree	0
71	13	-21	grug_decor:cottages_loam	0
72	13	-21	grug_decor:cottages_loam	0
73	13	-21	default:tree	0
74	13	-21	grug_decor:cottages_loam	0
75	13	-21	grug_decor:cottages_loam	0
76	13	-21	stairs:stair_wood	3
67	14	-21	stairs:stair_wood	1
68	14	-21	grug_decor:cottages_loam	0
69	14	-21	grug_decor:cottages_loam	0
70	14	-21	default:tree	0
71	14	-21	grug_decor:cottages_loam	0
72	14	-21	grug_decor:cottages_loam	0
73	14	-21	default:tree	0
74	14	-21	grug_decor:cottages_loam	0
75	14	-21	stairs:stair_wood	3
68	15	-21	stairs:stair_wood	1
69	15	-21	grug_decor:cottages_loam	0
70	15	-21	default:tree	0
71	15	-21	grug_decor:cottages_loam	0
72	15	-21	grug_decor:cottages_loam	0
73	15	-21	default:tree	0
74	15	-21	stairs:stair_wood	3
69	16	-21	stairs:stair_wood	1
70	16	-21	default:tree	0
71	16	-21	grug_decor:cottages_loam	0
72	16	-21	grug_decor:cottages_loam	0
73	16	-21	stairs:stair_wood	3
70	17	-21	stairs:slab_wood	0
71	17	-21	stairs:slab_wood	0
72	17	-21	stairs:slab_wood	0
57	0	-20	default:stone	0
58	0	-20	default:stone	0
59	0	-20	default:stone	0
60	0	-20	default:stone	0
61	0	-20	default:stone	0
62	0	-20	default:stone	0
63	0	-20	default:stone	0
64	0	-20	default:cobble	0
65	0	-20	default:stone	0
66	0	-20	default:stone	0
67	0	-20	default:stone	0
68	0	-20	default:stone	0
69	0	-20	default:stone	0
70	0	-20	default:stone	0
71	0	-20	default:stone	0
72	0	-20	default:stone	0
73	0	-20	default:stone	0
74	0	-20	default:stone	0
75	0	-20	default:stone	0
76	0	-20	default:stone	0
77	0	-20	default:stone	0
78	0	-20	default:stone	0
79	0	-20	default:stone	0
80	0	-20	default:cobble	0
81	0	-20	default:stone	0
82	0	-20	default:stone	0
83	0	-20	default:stone	0
84	0	-20	default:stone	0
85	0	-20	default:stone	0
86	0	-20	default:stone	0
87	0	-20	default:stone	0
57	1	-20	default:stone	0
58	1	-20	default:stone	0
59	1	-20	default:stone	0
60	1	-20	default:stone	0
61	1	-20	default:stone	0
62	1	-20	default:stone	0
63	1	-20	default:stone	0
64	1	-20	default:cobble	0
65	1	-20	default:stone	0
66	1	-20	default:stone	0
67	1	-20	default:stone	0
68	1	-20	default:stone	0
69	1	-20	default:stone	0
70	1	-20	default:stone	0
71	1	-20	default:stone	0
72	1	-20	default:stone	0
73	1	-20	default:stone	0
74	1	-20	default:stone	0
75	1	-20	default:stone	0
76	1	-20	default:stone	0
77	1	-20	default:stone	0
78	1	-20	default:stone	0
79	1	-20	default:stone	0
80	1	-20	default:cobble	0
81	1	-20	default:stone	0
82	1	-20	default:stone	0
83	1	-20	default:stone	0
84	1	-20	default:stone	0
85	1	-20	default:stone	0
86	1	-20	default:stone	0
87	1	-20	default:stone	0
61	2	-20	default:stone	0
62	2	-20	default:stone	0
63	2	-20	default:stone	0
64	2	-20	default:cobble	0
65	2	-20	default:stone	0
66	2	-20	default:stone	0
67	2	-20	default:stone	0
68	2	-20	default:stone	0
69	2	-20	default:stone	0
70	2	-20	default:stone	0
71	2	-20	default:stone	0
72	2	-20	default:stone	0
73	2	-20	default:stone	0
74	2	-20	default:stone	0
75	2	-20	default:stone	0
76	2	-20	default:stone	0
77	2	-20	default:stone	0
78	2	-20	default:stone	0
79	2	-20	default:stone	0
80	2	-20	default:cobble	0
81	2	-20	default:stone	0
82	2	-20	default:stone	0
83	2	-20	default:stone	0
84	2	-20	default:stone	0
85	2	-20	default:stone	0
86	2	-20	default:stone	0
87	2	-20	default:stone	0
64	3	-20	default:cobble	0
66	3	-20	default:stone	0
67	3	-20	default:stone	0
68	3	-20	default:stone	0
69	3	-20	default:stone	0
72	3	-20	default:stone	0
73	3	-20	default:stone	0
74	3	-20	default:stone	0
75	3	-20	default:stone	0
76	3	-20	default:stone	0
77	3	-20	default:stone	0
78	3	-20	default:stone	0
79	3	-20	default:stone	0
80	3	-20	default:cobble	0
81	3	-20	default:stone	0
82	3	-20	default:stone	0
83	3	-20	default:stone	0
84	3	-20	default:stone	0
85	3	-20	default:stone	0
86	3	-20	default:stone	0
87	3	-20	default:stone	0
64	4	-20	default:cobble	0
72	4	-20	default:stone	0
73	4	-20	default:stone	0
74	4	-20	default:stone	0
75	4	-20	default:stone	0
76	4	-20	default:stone	0
77	4	-20	default:stone	0
78	4	-20	default:stone	0
79	4	-20	default:stone	0
80	4	-20	default:cobble	0
81	4	-20	default:stone	0
82	4	-20	default:stone	0
83	4	-20	default:stone	0
84	4	-20	default:stone	0
85	4	-20	default:stone	0
86	4	-20	default:stone	0
87	4	-20	default:stone	0
64	5	-20	default:cobble	0
65	5	-20	default:dirt	0
66	5	-20	default:dirt	0
67	5	-20	default:dirt	0
68	5	-20	default:dirt	0
69	5	-20	default:dirt	0
70	5	-20	default:dirt	0
71	5	-20	default:dirt	0
72	5	-20	default:dirt	0
73	5	-20	default:dirt	0
74	5	-20	default:dirt	0
75	5	-20	default:dirt	0
76	5	-20	default:dirt	0
77	5	-20	default:dirt	0
78	5	-20	default:dirt	0
79	5	-20	default:dirt	0
80	5	-20	default:cobble	0
87	5	-20	default:stone	0
64	6	-20	default:brick	0
65	6	-20	default:dirt_with_grass	0
66	6	-20	default:cobble	0
67	6	-20	default:cobble	0
68	6	-20	default:cobble	0
69	6	-20	default:cobble	0
70	6	-20	default:cobble	0
71	6	-20	default:cobble	0
72	6	-20	default:cobble	0
73	6	-20	default:cobble	0
74	6	-20	default:cobble	0
75	6	-20	default:cobble	0
76	6	-20	default:cobble	0
77	6	-20	default:cobble	0
78	6	-20	default:cobble	0
79	6	-20	default:dirt_with_grass	0
80	6	-20	default:brick	0
87	6	-20	default:stone	0
78	11	-20	stairs:stair_wood	3
77	12	-20	stairs:stair_wood	3
66	13	-20	stairs:stair_wood	1
76	13	-20	stairs:stair_wood	3
67	14	-20	stairs:stair_wood	1
75	14	-20	stairs:stair_wood	3
68	15	-20	stairs:stair_wood	1
74	15	-20	stairs:stair_wood	3
69	16	-20	stairs:stair_wood	1
73	16	-20	stairs:stair_wood	3
70	17	-20	stairs:slab_wood	0
71	17	-20	stairs:slab_wood	0
72	17	-20	stairs:slab_wood	0
57	0	-19	default:stone	0
58	0	-19	default:stone	0
59	0	-19	default:stone	0
60	0	-19	default:stone	0
61	0	-19	default:stone	0
62	0	-19	default:stone	0
63	0	-19	default:stone	0
64	0	-19	default:cobble	0
65	0	-19	default:stone	0
66	0	-19	default:stone	0
67	0	-19	default:stone	0
68	0	-19	default:stone	0
69	0	-19	default:stone	0
70	0	-19	default:stone	0
71	0	-19	default:stone	0
72	0	-19	default:stone	0
73	0	-19	default:stone	0
74	0	-19	default:stone	0
75	0	-19	default:stone	0
76	0	-19	default:stone	0
77	0	-19	default:stone	0
78	0	-19	default:stone	0
79	0	-19	default:stone	0
80	0	-19	default:cobble	0
81	0	-19	default:stone	0
82	0	-19	default:stone	0
83	0	-19	default:stone	0
84	0	-19	default:stone	0
85	0	-19	default:stone	0
86	0	-19	default:stone	0
87	0	-19	default:stone	0
57	1	-19	default:stone	0
58	1	-19	default:stone	0
59	1	-19	default:stone	0
60	1	-19	default:stone	0
61	1	-19	default:stone	0
62	1	-19	default:stone	0
63	1	-19	default:stone	0
64	1	-19	default:cobble	0
65	1	-19	default:stone	0
66	1	-19	default:stone	0
67	1	-19	default:stone	0
68	1	-19	default:stone	0
69	1	-19	default:stone	0
70	1	-19	default:stone	0
71	1	-19	default:stone	0
72	1	-19	default:stone	0
73	1	-19	default:stone	0
74	1	-19	default:stone	0
75	1	-19	default:stone	0
76	1	-19	default:stone	0
77	1	-19	default:stone	0
78	1	-19	default:stone	0
79	1	-19	default:stone	0
80	1	-19	default:cobble	0
81	1	-19	default:stone	0
82	1	-19	default:stone	0
83	1	-19	default:stone	0
84	1	-19	default:stone	0
85	1	-19	default:stone	0
86	1	-19	default:stone	0
87	1	-19	default:stone	0
61	2	-19	default:stone	0
62	2	-19	default:stone	0
63	2	-19	default:stone	0
64	2	-19	default:cobble	0
65	2	-19	default:stone	0
66	2	-19	default:stone	0
67	2	-19	default:stone	0
68	2	-19	default:stone	0
69	2	-19	default:stone	0
70	2	-19	default:stone	0
71	2	-19	default:stone	0
72	2	-19	default:stone	0
73	2	-19	default:stone	0
74	2	-19	default:stone	0
75	2	-19	default:stone	0
76	2	-19	default:stone	0
77	2	-19	default:stone	0
78	2	-19	default:stone	0
79	2	-19	default:stone	0
80	2	-19	default:cobble	0
81	2	-19	default:stone	0
82	2	-19	default:stone	0
83	2	-19	default:stone	0
84	2	-19	default:stone	0
85	2	-19	default:stone	0
86	2	-19	default:stone	0
87	2	-19	default:stone	0
64	3	-19	default:cobble	0
66	3	-19	default:stone	0
67	3	-19	default:stone	0
68	3	-19	default:stone	0
69	3	-19	default:stone	0
75	3	-19	default:stone	0
76	3	-19	default:stone	0
77	3	-19	default:stone	0
78	3	-19	default:stone	0
79	3	-19	default:stone	0
80	3	-19	default:cobble	0
81	3	-19	default:stone	0
82	3	-19	default:stone	0
83	3	-19	default:stone	0
84	3	-19	default:stone	0
85	3	-19	default:stone	0
86	3	-19	default:stone	0
87	3	-19	default:stone	0
64	4	-19	default:cobble	0
75	4	-19	default:stone	0
76	4	-19	default:stone	0
77	4	-19	default:stone	0
78	4	-19	default:stone	0
79	4	-19	default:stone	0
80	4	-19	default:cobble	0
81	4	-19	default:stone	0
82	4	-19	default:stone	0
83	4	-19	default:stone	0
84	4	-19	default:stone	0
85	4	-19	default:stone	0
86	4	-19	default:stone	0
87	4	-19	default:stone	0
64	5	-19	default:cobble	0
65	5	-19	default:dirt	0
66	5	-19	default:dirt	0
67	5	-19	default:dirt	0
68	5	-19	default:dirt	0
69	5	-19	default:dirt	0
70	5	-19	default:dirt	0
71	5	-19	default:dirt	0
72	5	-19	default:dirt	0
73	5	-19	default:dirt	0
74	5	-19	default:dirt	0
75	5	-19	default:dirt	0
76	5	-19	default:dirt	0
77	5	-19	default:dirt	0
78	5	-19	default:dirt	0
79	5	-19	default:dirt	0
80	5	-19	default:cobble	0
64	6	-19	default:brick	0
65	6	-19	default:dirt_with_grass	0
66	6	-19	default:dirt_with_grass	0
67	6	-19	default:dirt_with_grass	0
68	6	-19	default:dirt_with_grass	0
69	6	-19	default:dirt_with_grass	0
70	6	-19	default:dirt_with_grass	0
71	6	-19	default:dirt_with_grass	0
72	6	-19	default:dirt_with_grass	0
73	6	-19	default:dirt_with_grass	0
74	6	-19	default:dirt_with_grass	0
75	6	-19	default:dirt_with_grass	0
76	6	-19	default:dirt_with_grass	0
77	6	-19	default:dirt_with_grass	0
78	6	-19	default:dirt_with_grass	0
79	6	-19	default:dirt_with_grass	0
80	6	-19	default:brick	0
57	0	-18	default:stone	0
58	0	-18	default:stone	0
59	0	-18	default:stone	0
60	0	-18	default:stone	0
61	0	-18	default:stone	0
62	0	-18	default:stone	0
63	0	-18	default:stone	0
64	0	-18	default:cobble	0
65	0	-18	default:cobble	0
66	0	-18	default:cobble	0
67	0	-18	default:cobble	0
68	0	-18	default:cobble	0
69	0	-18	default:cobble	0
70	0	-18	default:cobble	0
71	0	-18	default:cobble	0
72	0	-18	default:cobble	0
73	0	-18	default:cobble	0
74	0	-18	default:cobble	0
75	0	-18	default:cobble	0
76	0	-18	default:cobble	0
77	0	-18	default:cobble	0
78	0	-18	default:cobble	0
79	0	-18	default:cobble	0
80	0	-18	default:cobble	0
81	0	-18	default:stone	0
82	0	-18	default:stone	0
83	0	-18	default:stone	0
84	0	-18	default:stone	0
85	0	-18	default:stone	0
86	0	-18	default:stone	0
87	0	-18	default:stone	0
57	1	-18	default:stone	0
58	1	-18	default:stone	0
59	1	-18	default:stone	0
60	1	-18	default:stone	0
61	1	-18	default:stone	0
62	1	-18	default:stone	0
63	1	-18	default:stone	0
64	1	-18	default:cobble	0
65	1	-18	default:cobble	0
66	1	-18	default:cobble	0
67	1	-18	default:cobble	0
68	1	-18	default:cobble	0
69	1	-18	default:cobble	0
70	1	-18	default:cobble	0
71	1	-18	default:cobble	0
72	1	-18	default:cobble	0
73	1	-18	default:cobble	0
74	1	-18	default:cobble	0
75	1	-18	default:cobble	0
76	1	-18	default:cobble	0
77	1	-18	default:cobble	0
78	1	-18	default:cobble	0
79	1	-18	default:cobble	0
80	1	-18	default:cobble	0
81	1	-18	default:stone	0
82	1	-18	default:stone	0
83	1	-18	default:stone	0
84	1	-18	default:stone	0
85	1	-18	default:stone	0
86	1	-18	default:stone	0
87	1	-18	default:stone	0
61	2	-18	default:stone	0
62	2	-18	default:stone	0
63	2	-18	default:stone	0
64	2	-18	default:cobble	0
65	2	-18	default:cobble	0
66	2	-18	default:cobble	0
67	2	-18	default:cobble	0
68	2	-18	default:cobble	0
69	2	-18	default:cobble	0
70	2	-18	default:cobble	0
71	2	-18	default:cobble	0
72	2	-18	default:cobble	0
73	2	-18	default:cobble	0
74	2	-18	default:cobble	0
75	2	-18	default:cobble	0
76	2	-18	default:cobble	0
77	2	-18	default:cobble	0
78	2	-18	default:cobble	0
79	2	-18	default:cobble	0
80	2	-18	default:cobble	0
81	2	-18	default:stone	0
82	2	-18	default:stone	0
83	2	-18	default:stone	0
84	2	-18	default:stone	0
85	2	-18	default:stone	0
86	2	-18	default:stone	0
87	2	-18	default:stone	0
64	3	-18	default:cobble	0
65	3	-18	default:cobble	0
66	3	-18	default:cobble	0
67	3	-18	default:cobble	0
68	3	-18	default:cobble	0
69	3	-18	default:cobble	0
70	3	-18	default:cobble	0
71	3	-18	default:cobble	0
72	3	-18	default:cobble	0
73	3	-18	default:cobble	0
74	3	-18	default:cobble	0
75	3	-18	default:cobble	0
76	3	-18	default:cobble	0
77	3	-18	default:cobble	0
78	3	-18	default:cobble	0
79	3	-18	default:cobble	0
80	3	-18	default:cobble	0
81	3	-18	default:stone	0
82	3	-18	default:stone	0
83	3	-18	default:stone	0
84	3	-18	default:stone	0
85	3	-18	default:stone	0
86	3	-18	default:stone	0
87	3	-18	default:stone	0
64	4	-18	default:cobble	0
65	4	-18	default:cobble	0
66	4	-18	default:cobble	0
67	4	-18	default:cobble	0
68	4	-18	default:cobble	0
69	4	-18	default:cobble	0
70	4	-18	default:cobble	0
71	4	-18	default:cobble	0
72	4	-18	default:cobble	0
73	4	-18	default:cobble	0
74	4	-18	default:cobble	0
75	4	-18	default:cobble	0
76	4	-18	default:cobble	0
77	4	-18	default:cobble	0
78	4	-18	default:cobble	0
79	4	-18	default:cobble	0
80	4	-18	default:cobble	0
81	4	-18	default:stone	0
82	4	-18	default:stone	0
83	4	-18	default:stone	0
84	4	-18	default:stone	0
85	4	-18	default:stone	0
86	4	-18	default:stone	0
87	4	-18	default:stone	0
64	5	-18	default:cobble	0
65	5	-18	default:cobble	0
66	5	-18	default:cobble	0
67	5	-18	default:cobble	0
68	5	-18	default:cobble	0
69	5	-18	default:cobble	0
70	5	-18	default:cobble	0
71	5	-18	default:cobble	0
72	5	-18	default:cobble	0
73	5	-18	default:cobble	0
74	5	-18	default:cobble	0
75	5	-18	default:cobble	0
76	5	-18	default:cobble	0
77	5	-18	default:cobble	0
78	5	-18	default:cobble	0
79	5	-18	default:cobble	0
80	5	-18	default:cobble	0
64	6	-18	default:brick	0
65	6	-18	default:brick	0
66	6	-18	default:brick	0
67	6	-18	default:brick	0
68	6	-18	default:brick	0
69	6	-18	default:brick	0
70	6	-18	default:brick	0
71	6	-18	default:brick	0
72	6	-18	default:brick	0
73	6	-18	default:brick	0
74	6	-18	default:brick	0
75	6	-18	default:brick	0
76	6	-18	default:brick	0
77	6	-18	default:brick	0
78	6	-18	default:brick	0
79	6	-18	default:brick	0
80	6	-18	default:brick	0
57	0	-17	default:stone	0
58	0	-17	default:stone	0
59	0	-17	default:stone	0
60	0	-17	default:stone	0
61	0	-17	default:stone	0
62	0	-17	default:stone	0
63	0	-17	default:stone	0
64	0	-17	default:stone	0
65	0	-17	default:stone	0
66	0	-17	default:stone	0
67	0	-17	default:stone	0
68	0	-17	default:stone	0
69	0	-17	default:stone	0
70	0	-17	default:stone	0
71	0	-17	default:stone	0
72	0	-17	default:stone	0
73	0	-17	default:stone	0
74	0	-17	default:stone	0
75	0	-17	default:stone	0
76	0	-17	default:stone	0
77	0	-17	default:stone	0
78	0	-17	default:stone	0
79	0	-17	default:stone	0
80	0	-17	default:stone	0
81	0	-17	default:stone	0
82	0	-17	default:stone	0
83	0	-17	default:stone	0
84	0	-17	default:stone	0
85	0	-17	default:stone	0
86	0	-17	default:stone	0
87	0	-17	default:stone	0
58	1	-17	default:stone	0
59	1	-17	default:stone	0
60	1	-17	default:stone	0
61	1	-17	default:stone	0
62	1	-17	default:stone	0
63	1	-17	default:stone	0
64	1	-17	default:stone	0
65	1	-17	default:stone	0
66	1	-17	default:stone	0
67	1	-17	default:stone	0
68	1	-17	default:stone	0
69	1	-17	default:stone	0
70	1	-17	default:stone	0
71	1	-17	default:stone	0
72	1	-17	default:stone	0
73	1	-17	default:stone	0
74	1	-17	default:stone	0
75	1	-17	default:stone	0
76	1	-17	default:stone	0
77	1	-17	default:stone	0
78	1	-17	default:stone	0
79	1	-17	default:stone	0
80	1	-17	default:stone	0
81	1	-17	default:stone	0
82	1	-17	default:stone	0
83	1	-17	default:stone	0
84	1	-17	default:stone	0
85	1	-17	default:stone	0
86	1	-17	default:stone	0
87	1	-17	default:stone	0
61	2	-17	default:stone	0
62	2	-17	default:stone	0
63	2	-17	default:stone	0
64	2	-17	default:stone	0
65	2	-17	default:stone	0
66	2	-17	default:stone	0
67	2	-17	default:stone	0
68	2	-17	default:stone	0
69	2	-17	default:stone	0
70	2	-17	default:stone	0
71	2	-17	default:stone	0
72	2	-17	default:stone	0
73	2	-17	default:stone	0
74	2	-17	default:stone	0
75	2	-17	default:stone	0
76	2	-17	default:stone	0
77	2	-17	default:stone	0
78	2	-17	default:stone	0
79	2	-17	default:stone	0
80	2	-17	default:stone	0
81	2	-17	default:stone	0
82	2	-17	default:stone	0
83	2	-17	default:stone	0
84	2	-17	default:stone	0
85	2	-17	default:stone	0
86	2	-17	default:stone	0
87	2	-17	default:stone	0
66	3	-17	default:stone	0
67	3	-17	default:stone	0
68	3	-17	default:stone	0
79	3	-17	default:stone	0
80	3	-17	default:stone	0
81	3	-17	default:stone	0
82	3	-17	default:stone	0
83	3	-17	default:stone	0
84	3	-17	default:stone	0
85	3	-17	default:stone	0
86	3	-17	default:stone	0
87	3	-17	default:stone	0
79	4	-17	default:stone	0
80	4	-17	default:stone	0
81	4	-17	default:stone	0
82	4	-17	default:stone	0
83	4	-17	default:stone	0
84	4	-17	default:stone	0
85	4	-17	default:stone	0
86	4	-17	default:stone	0
87	4	-17	default:stone	0
57	0	-16	default:stone	0
58	0	-16	default:stone	0
59	0	-16	default:stone	0
60	0	-16	default:stone	0
61	0	-16	default:stone	0
62	0	-16	default:stone	0
63	0	-16	default:stone	0
64	0	-16	default:stone	0
65	0	-16	default:stone	0
66	0	-16	default:stone	0
67	0	-16	default:stone	0
68	0	-16	default:stone	0
69	0	-16	default:stone	0
70	0	-16	default:stone	0
71	0	-16	default:stone	0
72	0	-16	default:stone	0
73	0	-16	default:stone	0
74	0	-16	default:stone	0
75	0	-16	default:stone	0
76	0	-16	default:stone	0
77	0	-16	default:stone	0
78	0	-16	default:stone	0
79	0	-16	default:stone	0
80	0	-16	default:stone	0
81	0	-16	default:stone	0
82	0	-16	default:stone	0
83	0	-16	default:stone	0
84	0	-16	default:stone	0
85	0	-16	default:stone	0
86	0	-16	default:stone	0
87	0	-16	default:stone	0
59	1	-16	default:stone	0
60	1	-16	default:stone	0
61	1	-16	default:stone	0
62	1	-16	default:stone	0
63	1	-16	default:stone	0
64	1	-16	default:stone	0
65	1	-16	default:stone	0
66	1	-16	default:stone	0
67	1	-16	default:stone	0
68	1	-16	default:stone	0
69	1	-16	default:stone	0
70	1	-16	default:stone	0
71	1	-16	default:stone	0
72	1	-16	default:stone	0
73	1	-16	default:stone	0
74	1	-16	default:stone	0
75	1	-16	default:stone	0
76	1	-16	default:stone	0
77	1	-16	default:stone	0
78	1	-16	default:stone	0
79	1	-16	default:stone	0
80	1	-16	default:stone	0
81	1	-16	default:stone	0
82	1	-16	default:stone	0
83	1	-16	default:stone	0
84	1	-16	default:stone	0
85	1	-16	default:stone	0
86	1	-16	default:stone	0
87	1	-16	default:stone	0
68	2	-16	default:stone	0
69	2	-16	default:stone	0
70	2	-16	default:stone	0
71	2	-16	default:stone	0
72	2	-16	default:stone	0
73	2	-16	default:stone	0
74	2	-16	default:stone	0
75	2	-16	default:stone	0
76	2	-16	default:stone	0
77	2	-16	default:stone	0
78	2	-16	default:stone	0
79	2	-16	default:stone	0
80	2	-16	default:stone	0
81	2	-16	default:stone	0
82	2	-16	default:stone	0
83	2	-16	default:stone	0
84	2	-16	default:stone	0
85	2	-16	default:stone	0
86	2	-16	default:stone	0
87	2	-16	default:stone	0
80	3	-16	default:stone	0
81	3	-16	default:stone	0
82	3	-16	default:stone	0
83	3	-16	default:stone	0
84	3	-16	default:stone	0
85	3	-16	default:stone	0
86	3	-16	default:stone	0
87	3	-16	default:stone	0
80	4	-16	default:stone	0
81	4	-16	default:stone	0
82	4	-16	default:stone	0
83	4	-16	default:stone	0
84	4	-16	default:stone	0
85	4	-16	default:stone	0
86	4	-16	default:stone	0
87	4	-16	default:stone	0
57	0	-15	default:stone	0
58	0	-15	default:stone	0
59	0	-15	default:stone	0
60	0	-15	default:stone	0
61	0	-15	default:stone	0
62	0	-15	default:stone	0
63	0	-15	default:stone	0
64	0	-15	default:stone	0
65	0	-15	default:stone	0
66	0	-15	default:stone	0
67	0	-15	default:stone	0
68	0	-15	default:stone	0
69	0	-15	default:stone	0
70	0	-15	default:stone	0
71	0	-15	default:stone	0
72	0	-15	default:stone	0
73	0	-15	default:stone	0
74	0	-15	default:stone	0
75	0	-15	default:stone	0
76	0	-15	default:stone	0
77	0	-15	default:stone	0
78	0	-15	default:stone	0
79	0	-15	default:stone	0
80	0	-15	default:stone	0
81	0	-15	default:stone	0
82	0	-15	default:stone	0
83	0	-15	default:stone	0
84	0	-15	default:stone	0
85	0	-15	default:stone	0
86	0	-15	default:stone	0
87	0	-15	default:stone	0
59	1	-15	default:stone	0
60	1	-15	default:stone	0
61	1	-15	default:stone	0
62	1	-15	default:stone	0
63	1	-15	default:stone	0
64	1	-15	default:stone	0
65	1	-15	default:stone	0
66	1	-15	default:stone	0
67	1	-15	default:stone	0
68	1	-15	default:stone	0
69	1	-15	default:stone	0
70	1	-15	default:stone	0
71	1	-15	default:stone	0
72	1	-15	default:stone	0
73	1	-15	default:stone	0
74	1	-15	default:stone	0
75	1	-15	default:stone	0
76	1	-15	default:stone	0
77	1	-15	default:stone	0
78	1	-15	default:stone	0
79	1	-15	default:stone	0
80	1	-15	default:stone	0
81	1	-15	default:stone	0
82	1	-15	default:stone	0
83	1	-15	default:stone	0
84	1	-15	default:stone	0
85	1	-15	default:stone	0
86	1	-15	default:stone	0
87	1	-15	default:stone	0
68	2	-15	default:stone	0
69	2	-15	default:stone	0
70	2	-15	default:stone	0
71	2	-15	default:stone	0
72	2	-15	default:stone	0
73	2	-15	default:stone	0
74	2	-15	default:stone	0
75	2	-15	default:stone	0
76	2	-15	default:stone	0
77	2	-15	default:stone	0
78	2	-15	default:stone	0
79	2	-15	default:stone	0
80	2	-15	default:stone	0
81	2	-15	default:stone	0
82	2	-15	default:stone	0
83	2	-15	default:stone	0
84	2	-15	default:stone	0
85	2	-15	default:stone	0
86	2	-15	default:stone	0
87	2	-15	default:stone	0
82	3	-15	default:stone	0
83	3	-15	default:stone	0
84	3	-15	default:stone	0
85	3	-15	default:stone	0
86	3	-15	default:stone	0
87	3	-15	default:stone	0
82	4	-15	default:stone	0
83	4	-15	default:stone	0
84	4	-15	default:stone	0
85	4	-15	default:stone	0
86	4	-15	default:stone	0
87	4	-15	default:stone	0
57	0	-14	default:stone	0
58	0	-14	default:stone	0
59	0	-14	default:stone	0
60	0	-14	default:stone	0
61	0	-14	default:stone	0
62	0	-14	default:stone	0
63	0	-14	default:stone	0
64	0	-14	default:stone	0
65	0	-14	default:stone	0
66	0	-14	default:stone	0
67	0	-14	default:stone	0
68	0	-14	default:stone	0
69	0	-14	default:stone	0
70	0	-14	default:stone	0
71	0	-14	default:stone	0
72	0	-14	default:stone	0
73	0	-14	default:stone	0
74	0	-14	default:stone	0
75	0	-14	default:stone	0
76	0	-14	default:stone	0
77	0	-14	default:stone	0
78	0	-14	default:stone	0
79	0	-14	default:stone	0
80	0	-14	default:stone	0
81	0	-14	default:stone	0
82	0	-14	default:stone	0
83	0	-14	default:stone	0
84	0	-14	default:stone	0
85	0	-14	default:stone	0
86	0	-14	default:stone	0
87	0	-14	default:stone	0
59	1	-14	default:stone	0
60	1	-14	default:stone	0
61	1	-14	default:stone	0
62	1	-14	default:stone	0
63	1	-14	default:stone	0
64	1	-14	default:stone	0
65	1	-14	default:stone	0
66	1	-14	default:stone	0
67	1	-14	default:stone	0
68	1	-14	default:stone	0
69	1	-14	default:stone	0
70	1	-14	default:stone	0
71	1	-14	default:stone	0
72	1	-14	default:stone	0
73	1	-14	default:stone	0
74	1	-14	default:stone	0
75	1	-14	default:stone	0
76	1	-14	default:stone	0
77	1	-14	default:stone	0
78	1	-14	default:stone	0
79	1	-14	default:stone	0
80	1	-14	default:stone	0
81	1	-14	default:stone	0
82	1	-14	default:stone	0
83	1	-14	default:stone	0
84	1	-14	default:stone	0
85	1	-14	default:stone	0
86	1	-14	default:stone	0
87	1	-14	default:stone	0
68	2	-14	default:stone	0
69	2	-14	default:stone	0
70	2	-14	default:stone	0
71	2	-14	default:stone	0
72	2	-14	default:stone	0
73	2	-14	default:stone	0
74	2	-14	default:stone	0
75	2	-14	default:stone	0
76	2	-14	default:stone	0
77	2	-14	default:stone	0
78	2	-14	default:stone	0
79	2	-14	default:stone	0
80	2	-14	default:stone	0
81	2	-14	default:stone	0
82	2	-14	default:stone	0
83	2	-14	default:stone	0
84	2	-14	default:stone	0
85	2	-14	default:stone	0
86	2	-14	default:stone	0
87	2	-14	default:stone	0
83	3	-14	default:stone	0
84	3	-14	default:stone	0
85	3	-14	default:stone	0
86	3	-14	default:stone	0
87	3	-14	default:stone	0
83	4	-14	default:stone	0
84	4	-14	default:stone	0
85	4	-14	default:stone	0
86	4	-14	default:stone	0
87	4	-14	default:stone	0
57	0	-13	default:stone	0
58	0	-13	default:stone	0
59	0	-13	default:stone	0
60	0	-13	default:stone	0
61	0	-13	default:stone	0
62	0	-13	default:stone	0
63	0	-13	default:stone	0
64	0	-13	default:stone	0
65	0	-13	default:stone	0
66	0	-13	default:stone	0
67	0	-13	default:stone	0
68	0	-13	default:stone	0
69	0	-13	default:stone	0
70	0	-13	default:stone	0
71	0	-13	default:stone	0
72	0	-13	default:stone	0
73	0	-13	default:stone	0
74	0	-13	default:stone	0
75	0	-13	default:stone	0
76	0	-13	default:stone	0
77	0	-13	default:stone	0
78	0	-13	default:stone	0
79	0	-13	default:stone	0
80	0	-13	default:stone	0
81	0	-13	default:stone	0
82	0	-13	default:stone	0
83	0	-13	default:stone	0
84	0	-13	default:stone	0
85	0	-13	default:stone	0
86	0	-13	default:stone	0
87	0	-13	default:stone	0
59	1	-13	default:stone	0
60	1	-13	default:stone	0
61	1	-13	default:stone	0
62	1	-13	default:stone	0
63	1	-13	default:stone	0
64	1	-13	default:stone	0
65	1	-13	default:stone	0
66	1	-13	default:stone	0
67	1	-13	default:stone	0
68	1	-13	default:stone	0
69	1	-13	default:stone	0
70	1	-13	default:stone	0
71	1	-13	default:stone	0
72	1	-13	default:stone	0
73	1	-13	default:stone	0
74	1	-13	default:stone	0
75	1	-13	default:stone	0
76	1	-13	default:stone	0
77	1	-13	default:stone	0
78	1	-13	default:stone	0
79	1	-13	default:stone	0
80	1	-13	default:stone	0
81	1	-13	default:stone	0
82	1	-13	default:stone	0
83	1	-13	default:stone	0
84	1	-13	default:stone	0
85	1	-13	default:stone	0
86	1	-13	default:stone	0
87	1	-13	default:stone	0
68	2	-13	default:stone	0
69	2	-13	default:stone	0
70	2	-13	default:stone	0
71	2	-13	default:stone	0
72	2	-13	default:stone	0
73	2	-13	default:stone	0
74	2	-13	default:stone	0
75	2	-13	default:stone	0
76	2	-13	default:stone	0
77	2	-13	default:stone	0
78	2	-13	default:stone	0
79	2	-13	default:stone	0
80	2	-13	default:stone	0
81	2	-13	default:stone	0
82	2	-13	default:stone	0
83	2	-13	default:stone	0
84	2	-13	default:stone	0
85	2	-13	default:stone	0
86	2	-13	default:stone	0
87	2	-13	default:stone	0
85	3	-13	default:stone	0
86	3	-13	default:stone	0
87	3	-13	default:stone	0
85	4	-13	default:stone	0
86	4	-13	default:stone	0
87	4	-13	default:stone	0
