4017763783937269271	64	6	13	0	18	1	2	0	0	highcourt[gates=south,west,north;cols=10;leak=south;off=;road=0;dip=0;cross=0;named=0;req=0;lake=0] dur_brannoc[gates=east,south,west;cols=18;leak=east,south;off=;road=0;dip=0;cross=0;named=0;req=0;lake=0] gor_drazhak[gates=east,west,north;cols=6;leak=west,north;off=;road=0;dip=0;cross=0;named=0;req=0;lake=0] lethariel[gates=east,south,north;cols=10;leak=east,south,north;off=;road=17;dip=1;cross=2;named=0;req=0;lake=152] kezamba[gates=east,south,west;cols=13;leak=east,south,west;off=;road=1;dip=0;cross=0;named=0;req=0;lake=82] nhal_veyr[gates=south,north;cols=7;leak=south,north;off=;road=0;dip=0;cross=0;named=0;req=0;lake=0]
14581472591061539453	49	6	9	0	41	1	9	0	0	highcourt[gates=south,west;cols=6;leak=south;off=;road=0;dip=0;cross=0;named=0;req=0;lake=0] dur_brannoc[gates=west;cols=3;leak=west;off=;road=0;dip=1;cross=0;named=0;req=0;lake=0] gor_drazhak[gates=east,south,west,north;cols=8;leak=south,north;off=;road=0;dip=0;cross=2;named=0;req=0;lake=0] lethariel[gates=east,south,west,north;cols=10;leak=south,west;off=;road=14;dip=0;cross=2;named=0;req=0;lake=156] kezamba[gates=east,south,north;cols=18;leak=south,north;off=;road=27;dip=0;cross=5;named=0;req=0;lake=82] nhal_veyr[gates=east;cols=4;leak=east;off=;road=0;dip=0;cross=0;named=0;req=0;lake=0]
13850148706045623975	72	6	12	0	79	1	5	0	0	highcourt[gates=east,west,north;cols=20;leak=east,west,north;off=;road=0;dip=0;cross=1;named=0;req=0;lake=0] dur_brannoc[gates=south,north;cols=8;leak=south;off=;road=2;dip=1;cross=0;named=0;req=0;lake=0] gor_drazhak[gates=east,south,west,north;cols=15;leak=south,west,north;off=;road=35;dip=0;cross=0;named=0;req=0;lake=0] lethariel[gates=east,south,west;cols=13;leak=east,south;off=;road=27;dip=0;cross=3;named=0;req=0;lake=135] kezamba[gates=east,west,north;cols=9;leak=east,west,north;off=;road=15;dip=0;cross=0;named=0;req=0;lake=82] nhal_veyr[gates=north;cols=7;leak=;off=;road=0;dip=0;cross=1;named=0;req=0;lake=0]
14167208788589180537	40	6	9	0	53	0	6	0	0	highcourt[gates=east,west,north;cols=8;leak=east,north;off=;road=1;dip=0;cross=1;named=0;req=0;lake=0] dur_brannoc[gates=south;cols=1;leak=;off=;road=0;dip=0;cross=1;named=0;req=0;lake=0] gor_drazhak[gates=east,south,west,north;cols=8;leak=east,south,north;off=;road=0;dip=0;cross=0;named=0;req=0;lake=0] lethariel[gates=east,south,west,north;cols=14;leak=south,west,north;off=;road=52;dip=0;cross=2;named=0;req=0;lake=156] kezamba[gates=east,south,west;cols=8;leak=east;off=;road=0;dip=0;cross=0;named=0;req=0;lake=82] nhal_veyr[gates=south;cols=1;leak=;off=;road=0;dip=0;cross=2;named=0;req=0;lake=0]
10977656699485584087	46	6	15	0	43	2	2	0	0	highcourt[gates=east,west;cols=7;leak=east,west;off=;road=0;dip=0;cross=0;named=0;req=0;lake=0] dur_brannoc[gates=west;cols=1;leak=west;off=;road=0;dip=0;cross=0;named=0;req=0;lake=0] gor_drazhak[gates=east,south,west,north;cols=5;leak=east,south,west,north;off=;road=0;dip=1;cross=0;named=0;req=0;lake=0] lethariel[gates=south,west,north;cols=12;leak=south,west,north;off=;road=29;dip=1;cross=0;named=0;req=0;lake=86] kezamba[gates=east,south,west,north;cols=16;leak=east,south,west,north;off=;road=14;dip=0;cross=0;named=0;req=0;lake=82] nhal_veyr[gates=north;cols=5;leak=north;off=;road=0;dip=0;cross=2;named=0;req=0;lake=0]
5776292175143428446	61	6	12	0	34	0	10	0	0	highcourt[gates=east,south,north;cols=13;leak=east,south,north;off=;road=0;dip=0;cross=1;named=0;req=0;lake=0] dur_brannoc[gates=north;cols=5;leak=north;off=;road=0;dip=0;cross=0;named=0;req=0;lake=0] gor_drazhak[gates=east,south,west;cols=15;leak=east,south;off=;road=19;dip=0;cross=0;named=0;req=0;lake=0] lethariel[gates=east,south,north;cols=8;leak=east,south;off=;road=15;dip=0;cross=3;named=0;req=0;lake=155] kezamba[gates=east,south,west,north;cols=10;leak=east,south,north;off=;road=0;dip=0;cross=5;named=0;req=0;lake=82] nhal_veyr[gates=south,west,north;cols=10;leak=north;off=;road=0;dip=0;cross=1;named=0;req=0;lake=0]
8095268560794393928	69	5	10	0	25	0	6	0	0	highcourt[gates=north;cols=4;leak=north;off=;road=0;dip=0;cross=0;named=0;req=0;lake=0] dur_brannoc[gates=;cols=0;leak=;off=;road=0;dip=0;cross=1;named=0;req=0;lake=0] gor_drazhak[gates=east,south,west,north;cols=26;leak=east,south,west,north;off=;road=12;dip=0;cross=0;named=0;req=0;lake=0] lethariel[gates=east,south,west;cols=16;leak=east,south,west;off=;road=13;dip=0;cross=3;named=0;req=0;lake=133] kezamba[gates=east,south,west,north;cols=15;leak=south;off=;road=0;dip=0;cross=1;named=0;req=0;lake=82] nhal_veyr[gates=west;cols=8;leak=west;off=;road=0;dip=0;cross=1;named=0;req=0;lake=0]
6717975732142314365	37	6	10	0	34	0	5	0	0	highcourt[gates=east,north;cols=2;leak=east;off=;road=0;dip=0;cross=0;named=0;req=0;lake=0] dur_brannoc[gates=north;cols=2;leak=north;off=;road=0;dip=0;cross=0;named=0;req=0;lake=0] gor_drazhak[gates=east,west,north;cols=7;leak=east,west,north;off=;road=0;dip=0;cross=0;named=0;req=0;lake=0] lethariel[gates=east,south,west,north;cols=9;leak=east,south;off=;road=12;dip=0;cross=0;named=0;req=0;lake=88] kezamba[gates=east,south,west,north;cols=15;leak=west,north;off=;road=22;dip=0;cross=3;named=0;req=0;lake=82] nhal_veyr[gates=west;cols=2;leak=west;off=;road=0;dip=0;cross=2;named=0;req=0;lake=0]
9180203993734598481	60	6	13	0	37	0	0	0	0	highcourt[gates=east,north;cols=10;leak=east,north;off=;road=0;dip=0;cross=0;named=0;req=0;lake=0] dur_brannoc[gates=east;cols=1;leak=;off=;road=0;dip=0;cross=0;named=0;req=0;lake=0] gor_drazhak[gates=east,south,west;cols=11;leak=east,south,west;off=;road=0;dip=0;cross=0;named=0;req=0;lake=0] lethariel[gates=east,south,west,north;cols=20;leak=east,south,west,north;off=;road=18;dip=0;cross=0;named=0;req=0;lake=88] kezamba[gates=east,south,west,north;cols=15;leak=east,south,north;off=;road=19;dip=0;cross=0;named=0;req=0;lake=82] nhal_veyr[gates=south,north;cols=3;leak=south;off=;road=0;dip=0;cross=0;named=0;req=0;lake=0]
14774343661145486988	57	6	14	0	37	1	11	0	0	highcourt[gates=east,south,west,north;cols=11;leak=south,west;off=;road=0;dip=0;cross=1;named=0;req=0;lake=0] dur_brannoc[gates=south;cols=3;leak=south;off=;road=0;dip=0;cross=2;named=0;req=0;lake=0] gor_drazhak[gates=south,west,north;cols=6;leak=south,west,north;off=;road=0;dip=0;cross=0;named=0;req=0;lake=0] lethariel[gates=east,south,west,north;cols=12;leak=east,south,west,north;off=;road=13;dip=0;cross=3;named=0;req=0;lake=134] kezamba[gates=east,south,west,north;cols=18;leak=east,west,north;off=;road=19;dip=0;cross=3;named=0;req=0;lake=82] nhal_veyr[gates=east;cols=7;leak=east;off=;road=5;dip=1;cross=2;named=0;req=0;lake=0]
5029670285485429253	55	6	13	0	23	2	6	0	0	highcourt[gates=east,west;cols=6;leak=east;off=;road=0;dip=0;cross=1;named=0;req=0;lake=0] dur_brannoc[gates=north;cols=1;leak=;off=;road=0;dip=0;cross=0;named=0;req=0;lake=0] gor_drazhak[gates=east,south,west,north;cols=11;leak=east,south,west,north;off=;road=0;dip=0;cross=0;named=0;req=0;lake=0] lethariel[gates=south,west;cols=14;leak=south,west;off=;road=14;dip=1;cross=4;named=0;req=0;lake=156] kezamba[gates=east,south,west,north;cols=18;leak=east,south,west,north;off=;road=9;dip=0;cross=1;named=0;req=0;lake=82] nhal_veyr[gates=east,west,north;cols=5;leak=east,west;off=;road=0;dip=1;cross=0;named=0;req=0;lake=0]
4336416052331232316	70	6	15	0	28	2	4	0	0	highcourt[gates=south,west,north;cols=19;leak=south,west,north;off=;road=0;dip=1;cross=1;named=0;req=0;lake=0] dur_brannoc[gates=south,west;cols=4;leak=west;off=;road=0;dip=1;cross=0;named=0;req=0;lake=0] gor_drazhak[gates=east,south,west,north;cols=16;leak=east,south,north;off=;road=3;dip=0;cross=0;named=0;req=0;lake=0] lethariel[gates=east,south,west,north;cols=11;leak=east,south,west;off=;road=23;dip=0;cross=3;named=0;req=0;lake=155] kezamba[gates=east,south;cols=10;leak=east,south;off=;road=2;dip=0;cross=0;named=0;req=0;lake=82] nhal_veyr[gates=east,south,north;cols=10;leak=east,south,north;off=;road=0;dip=0;cross=0;named=0;req=0;lake=0]
2841616719707071751	58	6	10	0	55	3	9	0	0	highcourt[gates=west,north;cols=5;leak=west,north;off=;road=0;dip=1;cross=0;named=0;req=0;lake=0] dur_brannoc[gates=east;cols=1;leak=east;off=;road=0;dip=0;cross=1;named=0;req=0;lake=0] gor_drazhak[gates=south,west,north;cols=17;leak=west,north;off=;road=20;dip=0;cross=1;named=0;req=0;lake=0] lethariel[gates=south,west,north;cols=8;leak=south;off=;road=15;dip=1;cross=0;named=0;req=0;lake=130] kezamba[gates=east,south,west,north;cols=25;leak=east,south,west,north;off=;road=20;dip=1;cross=7;named=0;req=0;lake=82] nhal_veyr[gates=east,north;cols=2;leak=;off=;road=0;dip=0;cross=0;named=0;req=0;lake=0]
9915720017010428390	45	6	13	0	18	0	7	0	0	highcourt[gates=east;cols=7;leak=east;off=;road=0;dip=0;cross=0;named=0;req=0;lake=0] dur_brannoc[gates=east;cols=4;leak=east;off=;road=0;dip=0;cross=3;named=0;req=0;lake=0] gor_drazhak[gates=east,south,west,north;cols=12;leak=east,south,west;off=;road=2;dip=0;cross=0;named=0;req=0;lake=0] lethariel[gates=east,south,west,north;cols=9;leak=east,south,west,north;off=;road=16;dip=0;cross=4;named=0;req=0;lake=150] kezamba[gates=east,south,west;cols=10;leak=east,south,west;off=;road=0;dip=0;cross=0;named=0;req=0;lake=82] nhal_veyr[gates=south,north;cols=3;leak=south;off=;road=0;dip=0;cross=0;named=0;req=0;lake=0]
4418745469937915682	35	6	9	0	21	1	9	0	0	highcourt[gates=east,south;cols=2;leak=east;off=;road=0;dip=0;cross=0;named=0;req=0;lake=0] dur_brannoc[gates=south;cols=2;leak=;off=;road=0;dip=0;cross=0;named=0;req=0;lake=0] gor_drazhak[gates=east,south,west,north;cols=10;leak=east,south,north;off=;road=2;dip=0;cross=1;named=0;req=0;lake=0] lethariel[gates=south,west;cols=10;leak=south,west;off=;road=17;dip=1;cross=4;named=0;req=0;lake=144] kezamba[gates=east,south,west,north;cols=10;leak=east,south,north;off=;road=2;dip=0;cross=4;named=0;req=0;lake=82] nhal_veyr[gates=north;cols=1;leak=;off=;road=0;dip=0;cross=0;named=0;req=0;lake=0]
6027758971751052800	60	5	13	0	63	3	10	0	0	highcourt[gates=east,south,west,north;cols=19;leak=east,south,west;off=;road=4;dip=0;cross=1;named=0;req=0;lake=0] dur_brannoc[gates=;cols=0;leak=;off=;road=0;dip=1;cross=0;named=0;req=0;lake=0] gor_drazhak[gates=east,south,north;cols=9;leak=east,south;off=;road=26;dip=0;cross=1;named=0;req=0;lake=0] lethariel[gates=south,west,north;cols=8;leak=south,west;off=;road=15;dip=1;cross=1;named=0;req=0;lake=150] kezamba[gates=east,south,west;cols=19;leak=east,south,west;off=;road=18;dip=1;cross=5;named=0;req=0;lake=82] nhal_veyr[gates=south,west,north;cols=5;leak=south,west,north;off=;road=0;dip=0;cross=2;named=0;req=0;lake=0]
14510580266745809613	67	6	12	0	36	1	3	0	0	highcourt[gates=south,west;cols=8;leak=south,west;off=;road=10;dip=0;cross=0;named=0;req=0;lake=0] dur_brannoc[gates=south;cols=9;leak=south;off=;road=1;dip=0;cross=0;named=0;req=0;lake=0] gor_drazhak[gates=east,south,north;cols=12;leak=east,north;off=;road=2;dip=0;cross=0;named=0;req=0;lake=0] lethariel[gates=south,west;cols=12;leak=south,west;off=;road=14;dip=0;cross=2;named=0;req=0;lake=149] kezamba[gates=east,south,north;cols=14;leak=east,south,north;off=;road=9;dip=0;cross=1;named=0;req=0;lake=82] nhal_veyr[gates=east,south;cols=12;leak=east,south;off=;road=0;dip=1;cross=0;named=0;req=0;lake=0]
9486456930519929266	52	6	10	0	41	0	11	0	0	highcourt[gates=west,north;cols=11;leak=west,north;off=;road=0;dip=0;cross=0;named=0;req=0;lake=0] dur_brannoc[gates=east,west;cols=2;leak=east;off=;road=0;dip=0;cross=4;named=0;req=0;lake=0] gor_drazhak[gates=east,south,west,north;cols=17;leak=south,west,north;off=;road=4;dip=0;cross=0;named=0;req=0;lake=0] lethariel[gates=east,south,north;cols=12;leak=south,north;off=;road=27;dip=0;cross=3;named=0;req=0;lake=147] kezamba[gates=east,south,west;cols=9;leak=east,west;off=;road=10;dip=0;cross=4;named=0;req=0;lake=82] nhal_veyr[gates=west;cols=1;leak=;off=;road=0;dip=0;cross=0;named=0;req=0;lake=0]
17253767337544019389	29	4	9	0	22	0	8	0	0	highcourt[gates=south;cols=1;leak=;off=;road=0;dip=0;cross=0;named=0;req=0;lake=0] dur_brannoc[gates=;cols=0;leak=;off=;road=0;dip=0;cross=1;named=0;req=0;lake=0] gor_drazhak[gates=east,west,north;cols=9;leak=east,west,north;off=;road=4;dip=0;cross=0;named=0;req=0;lake=0] lethariel[gates=east,south,west,north;cols=10;leak=east,south,north;off=;road=16;dip=0;cross=0;named=0;req=0;lake=87] kezamba[gates=east,south,west;cols=9;leak=east,south,west;off=;road=2;dip=0;cross=7;named=0;req=0;lake=82] nhal_veyr[gates=;cols=0;leak=;off=;road=0;dip=0;cross=0;named=0;req=0;lake=0]
6684770904676748065	64	6	11	0	30	0	10	0	0	highcourt[gates=east,south,west;cols=18;leak=east,south,west;off=;road=0;dip=0;cross=1;named=0;req=0;lake=0] dur_brannoc[gates=east,west;cols=2;leak=east;off=;road=0;dip=0;cross=0;named=0;req=0;lake=0] gor_drazhak[gates=south,west;cols=14;leak=south,west;off=;road=11;dip=0;cross=0;named=0;req=0;lake=0] lethariel[gates=east,south,west,north;cols=19;leak=east,south,west,north;off=;road=19;dip=0;cross=4;named=0;req=0;lake=157] kezamba[gates=east,south,west,north;cols=8;leak=;off=;road=0;dip=0;cross=5;named=0;req=0;lake=82] nhal_veyr[gates=south,north;cols=3;leak=north;off=;road=0;dip=0;cross=0;named=0;req=0;lake=0]
6228384934452605138	42	5	10	0	21	1	4	0	0	highcourt[gates=east,west;cols=12;leak=east,west;off=;road=0;dip=0;cross=0;named=0;req=0;lake=0] dur_brannoc[gates=;cols=0;leak=;off=;road=0;dip=0;cross=0;named=0;req=0;lake=0] gor_drazhak[gates=east,west,north;cols=3;leak=west;off=;road=0;dip=0;cross=0;named=0;req=0;lake=0] lethariel[gates=east,south,west,north;cols=11;leak=east,south,west,north;off=;road=15;dip=1;cross=4;named=0;req=0;lake=147] kezamba[gates=east,south,west;cols=15;leak=east,west;off=;road=6;dip=0;cross=0;named=0;req=0;lake=82] nhal_veyr[gates=west;cols=1;leak=west;off=;road=0;dip=0;cross=0;named=0;req=0;lake=0]
16955857952228090166	69	5	16	0	51	0	4	0	0	highcourt[gates=south,north;cols=15;leak=south,north;off=;road=1;dip=0;cross=0;named=0;req=0;lake=0] dur_brannoc[gates=south,west,north;cols=7;leak=south,north;off=;road=2;dip=0;cross=3;named=0;req=0;lake=0] gor_drazhak[gates=east,south,west,north;cols=17;leak=east,south,west,north;off=;road=26;dip=0;cross=0;named=0;req=0;lake=0] lethariel[gates=east,south,west,north;cols=10;leak=east,south,west,north;off=;road=15;dip=0;cross=0;named=0;req=0;lake=83] kezamba[gates=east,south,west,north;cols=20;leak=east,south,west,north;off=;road=7;dip=0;cross=0;named=0;req=0;lake=82] nhal_veyr[gates=;cols=0;leak=;off=;road=0;dip=0;cross=1;named=0;req=0;lake=0]
12130346958380678732	59	6	11	0	62	0	5	0	0	highcourt[gates=south,north;cols=16;leak=south,north;off=;road=4;dip=0;cross=0;named=0;req=0;lake=0] dur_brannoc[gates=south;cols=1;leak=;off=;road=0;dip=0;cross=0;named=0;req=0;lake=0] gor_drazhak[gates=east,south,west,north;cols=14;leak=south,west,north;off=;road=17;dip=0;cross=1;named=0;req=0;lake=0] lethariel[gates=east,south,north;cols=7;leak=south,north;off=;road=21;dip=0;cross=2;named=0;req=0;lake=153] kezamba[gates=east,south,north;cols=11;leak=east,south,north;off=;road=20;dip=0;cross=1;named=0;req=0;lake=82] nhal_veyr[gates=south;cols=10;leak=south;off=;road=0;dip=0;cross=1;named=0;req=0;lake=0]
1120637696370979787	49	6	10	0	18	1	4	0	0	highcourt[gates=east,south;cols=2;leak=;off=;road=0;dip=0;cross=0;named=0;req=0;lake=0] dur_brannoc[gates=east;cols=2;leak=east;off=;road=0;dip=0;cross=0;named=0;req=0;lake=0] gor_drazhak[gates=east,south,west;cols=12;leak=south,west;off=;road=0;dip=0;cross=0;named=0;req=0;lake=0] lethariel[gates=south,west,north;cols=9;leak=south,north;off=;road=16;dip=0;cross=3;named=0;req=0;lake=154] kezamba[gates=east,south,west,north;cols=16;leak=east,south,west,north;off=;road=2;dip=1;cross=1;named=0;req=0;lake=82] nhal_veyr[gates=north;cols=8;leak=north;off=;road=0;dip=0;cross=0;named=0;req=0;lake=0]
14721898813662465622	42	6	10	0	35	0	6	0	0	highcourt[gates=east,north;cols=3;leak=east;off=;road=0;dip=0;cross=0;named=0;req=0;lake=0] dur_brannoc[gates=west;cols=3;leak=west;off=;road=0;dip=0;cross=1;named=0;req=0;lake=0] gor_drazhak[gates=east,west,north;cols=8;leak=west;off=;road=0;dip=0;cross=0;named=0;req=0;lake=0] lethariel[gates=east,south,west,north;cols=11;leak=east,south,west,north;off=;road=14;dip=0;cross=0;named=0;req=0;lake=86] kezamba[gates=east,south,west,north;cols=16;leak=east,west,north;off=;road=21;dip=0;cross=5;named=0;req=0;lake=82] nhal_veyr[gates=east;cols=1;leak=;off=;road=0;dip=0;cross=0;named=0;req=0;lake=0]
9365713090932231451	41	6	12	0	18	1	3	0	0	highcourt[gates=south;cols=8;leak=south;off=;road=0;dip=0;cross=0;named=0;req=0;lake=0] dur_brannoc[gates=south;cols=1;leak=;off=;road=0;dip=0;cross=0;named=0;req=0;lake=0] gor_drazhak[gates=east,south,west,north;cols=8;leak=east,west,north;off=;road=0;dip=0;cross=0;named=0;req=0;lake=0] lethariel[gates=east,south,west,north;cols=9;leak=east,south,west,north;off=;road=17;dip=0;cross=2;named=0;req=0;lake=155] kezamba[gates=east,south,west,north;cols=7;leak=east,south,west;off=;road=1;dip=0;cross=1;named=0;req=0;lake=82] nhal_veyr[gates=east,north;cols=8;leak=north;off=;road=0;dip=1;cross=0;named=0;req=0;lake=0]
2407201615962504523	68	6	13	0	52	2	7	0	0	highcourt[gates=south,west,north;cols=12;leak=north;off=;road=2;dip=1;cross=0;named=0;req=0;lake=0] dur_brannoc[gates=east;cols=1;leak=;off=;road=0;dip=0;cross=0;named=0;req=0;lake=0] gor_drazhak[gates=east,south,west,north;cols=16;leak=east,south,west,north;off=;road=7;dip=0;cross=1;named=0;req=0;lake=0] lethariel[gates=east,south,west,north;cols=12;leak=east,south,west,north;off=;road=27;dip=0;cross=3;named=0;req=0;lake=147] kezamba[gates=east,south,west,north;cols=25;leak=east,south,west,north;off=;road=16;dip=0;cross=3;named=0;req=0;lake=82] nhal_veyr[gates=west,north;cols=2;leak=;off=;road=0;dip=1;cross=0;named=0;req=0;lake=0]
14411403497071920682	41	6	9	0	28	0	7	0	0	highcourt[gates=east,west;cols=2;leak=east,west;off=;road=0;dip=0;cross=0;named=0;req=0;lake=0] dur_brannoc[gates=east,south;cols=2;leak=;off=;road=0;dip=0;cross=2;named=0;req=0;lake=0] gor_drazhak[gates=south,west,north;cols=10;leak=north;off=;road=3;dip=0;cross=1;named=0;req=0;lake=0] lethariel[gates=south,west;cols=6;leak=south;off=;road=15;dip=0;cross=2;named=0;req=0;lake=158] kezamba[gates=east,south,west,north;cols=17;leak=east,south,west,north;off=;road=10;dip=0;cross=1;named=0;req=0;lake=82] nhal_veyr[gates=west;cols=4;leak=west;off=;road=0;dip=0;cross=1;named=0;req=0;lake=0]
1819881656621426663	27	5	11	0	16	0	2	0	0	highcourt[gates=west;cols=1;leak=;off=;road=0;dip=0;cross=0;named=0;req=0;lake=0] dur_brannoc[gates=east,west;cols=2;leak=east,west;off=;road=0;dip=0;cross=0;named=0;req=0;lake=0] gor_drazhak[gates=east,south,north;cols=3;leak=east,south,north;off=;road=0;dip=0;cross=0;named=0;req=0;lake=0] lethariel[gates=east,south,west;cols=8;leak=south,west;off=;road=13;dip=0;cross=0;named=0;req=0;lake=85] kezamba[gates=east,south,west,north;cols=13;leak=east,south,west,north;off=;road=3;dip=0;cross=1;named=0;req=0;lake=82] nhal_veyr[gates=;cols=0;leak=;off=;road=0;dip=0;cross=1;named=0;req=0;lake=0]
10146917838559087513	59	6	11	0	50	3	6	0	0	highcourt[gates=east,south;cols=9;leak=south;off=;road=1;dip=0;cross=0;named=0;req=0;lake=0] dur_brannoc[gates=east;cols=2;leak=east;off=;road=0;dip=0;cross=0;named=0;req=0;lake=0] gor_drazhak[gates=east,south,west,north;cols=12;leak=east,west,north;off=;road=1;dip=1;cross=1;named=0;req=0;lake=0] lethariel[gates=south,west,north;cols=16;leak=south,west,north;off=;road=23;dip=1;cross=2;named=0;req=0;lake=143] kezamba[gates=east,south,west;cols=14;leak=south,west;off=;road=25;dip=1;cross=3;named=0;req=0;lake=82] nhal_veyr[gates=west,north;cols=6;leak=west;off=;road=0;dip=0;cross=0;named=0;req=0;lake=0]
11487774765844639437	47	6	11	0	26	0	1	0	0	highcourt[gates=south;cols=7;leak=south;off=;road=0;dip=0;cross=1;named=0;req=0;lake=0] dur_brannoc[gates=south,west;cols=3;leak=south;off=;road=0;dip=0;cross=0;named=0;req=0;lake=0] gor_drazhak[gates=east,south,west,north;cols=11;leak=south,west,north;off=;road=2;dip=0;cross=0;named=0;req=0;lake=0] lethariel[gates=east,south,west,north;cols=10;leak=south,west;off=;road=14;dip=0;cross=0;named=0;req=0;lake=86] kezamba[gates=east,south,west,north;cols=14;leak=east,south,west;off=;road=10;dip=0;cross=0;named=0;req=0;lake=82] nhal_veyr[gates=east,west;cols=2;leak=west;off=;road=0;dip=0;cross=0;named=0;req=0;lake=0]
16016690184937389740	46	6	11	0	24	2	5	0	0	highcourt[gates=east,south;cols=9;leak=east,south;off=;road=6;dip=0;cross=0;named=0;req=0;lake=0] dur_brannoc[gates=south,west;cols=6;leak=south;off=;road=0;dip=1;cross=1;named=0;req=0;lake=0] gor_drazhak[gates=south,north;cols=2;leak=;off=;road=0;dip=0;cross=0;named=0;req=0;lake=0] lethariel[gates=south,west,north;cols=9;leak=south,west,north;off=;road=14;dip=0;cross=0;named=0;req=0;lake=126] kezamba[gates=east,west,north;cols=12;leak=east,west,north;off=;road=4;dip=1;cross=3;named=0;req=0;lake=82] nhal_veyr[gates=east,south;cols=8;leak=east,south;off=;road=0;dip=0;cross=1;named=0;req=0;lake=0]
11043517093650747403	64	6	11	0	29	3	7	0	0	highcourt[gates=east,west,north;cols=22;leak=east,west,north;off=;road=0;dip=0;cross=0;named=0;req=0;lake=0] dur_brannoc[gates=east,south,west;cols=9;leak=south;off=;road=0;dip=0;cross=0;named=0;req=0;lake=0] gor_drazhak[gates=east,south,west,north;cols=12;leak=east,south,west,north;off=;road=0;dip=0;cross=0;named=0;req=0;lake=0] lethariel[gates=south,west,north;cols=11;leak=south,west;off=;road=29;dip=0;cross=2;named=0;req=0;lake=127] kezamba[gates=east,south,north;cols=9;leak=south;off=;road=0;dip=1;cross=1;named=0;req=0;lake=82] nhal_veyr[gates=west;cols=1;leak=;off=;road=0;dip=2;cross=4;named=0;req=0;lake=0]
17260228751475632239	63	6	13	0	119	2	8	0	0	highcourt[gates=north;cols=2;leak=north;off=;road=0;dip=0;cross=0;named=0;req=0;lake=0] dur_brannoc[gates=south,west;cols=6;leak=south,west;off=;road=2;dip=0;cross=3;named=0;req=0;lake=0] gor_drazhak[gates=east,south,west,north;cols=10;leak=east,south,west;off=;road=44;dip=0;cross=0;named=0;req=0;lake=0] lethariel[gates=east,south,west,north;cols=20;leak=east,south,north;off=;road=44;dip=1;cross=2;named=0;req=0;lake=148] kezamba[gates=east,south,west;cols=20;leak=east,south,west;off=;road=29;dip=1;cross=3;named=0;req=0;lake=82] nhal_veyr[gates=north;cols=5;leak=north;off=;road=0;dip=0;cross=0;named=0;req=0;lake=0]
7432900538052871728	53	5	10	0	55	2	10	0	0	highcourt[gates=south,north;cols=2;leak=;off=;road=0;dip=0;cross=0;named=0;req=0;lake=0] dur_brannoc[gates=east,west;cols=5;leak=east;off=;road=0;dip=0;cross=0;named=0;req=0;lake=0] gor_drazhak[gates=east,south,west,north;cols=16;leak=east,south,west;off=;road=1;dip=2;cross=2;named=0;req=0;lake=0] lethariel[gates=south,west,north;cols=10;leak=south,north;off=;road=12;dip=0;cross=2;named=0;req=0;lake=157] kezamba[gates=east,south,west,north;cols=20;leak=east,south,west,north;off=;road=42;dip=0;cross=5;named=0;req=0;lake=82] nhal_veyr[gates=;cols=0;leak=;off=;road=0;dip=0;cross=1;named=0;req=0;lake=0]
1027566366468880048	76	6	13	0	45	3	6	0	0	highcourt[gates=east,south,west;cols=20;leak=east,south,west;off=;road=0;dip=0;cross=0;named=0;req=0;lake=0] dur_brannoc[gates=south;cols=1;leak=;off=;road=0;dip=0;cross=1;named=0;req=0;lake=0] gor_drazhak[gates=east,south,west,north;cols=13;leak=east,south,north;off=;road=16;dip=1;cross=1;named=0;req=0;lake=0] lethariel[gates=south,north;cols=8;leak=south,north;off=;road=15;dip=0;cross=3;named=0;req=0;lake=156] kezamba[gates=east,south,west,north;cols=23;leak=east,south,west,north;off=;road=10;dip=0;cross=0;named=0;req=0;lake=82] nhal_veyr[gates=east,south,west;cols=11;leak=east;off=;road=4;dip=2;cross=1;named=0;req=0;lake=0]
4514642745554805569	47	6	10	0	47	1	10	0	0	highcourt[gates=east,south,west;cols=9;leak=east;off=;road=8;dip=0;cross=0;named=0;req=0;lake=0] dur_brannoc[gates=north;cols=1;leak=;off=;road=0;dip=0;cross=0;named=0;req=0;lake=0] gor_drazhak[gates=east,south,west;cols=12;leak=east,south,west;off=;road=25;dip=0;cross=0;named=0;req=0;lake=0] lethariel[gates=south,west,north;cols=14;leak=south,west,north;off=;road=14;dip=0;cross=4;named=0;req=0;lake=147] kezamba[gates=east,south,west;cols=8;leak=south,west;off=;road=0;dip=1;cross=2;named=0;req=0;lake=82] nhal_veyr[gates=south,west,north;cols=3;leak=west;off=;road=0;dip=0;cross=4;named=0;req=0;lake=0]
2491630561649197677	61	6	11	0	29	1	8	0	0	highcourt[gates=east,west;cols=17;leak=east,west;off=;road=5;dip=0;cross=0;named=0;req=0;lake=0] dur_brannoc[gates=east,south,west,north;cols=6;leak=east;off=;road=0;dip=0;cross=6;named=0;req=0;lake=0] gor_drazhak[gates=east,west,north;cols=11;leak=east;off=;road=3;dip=0;cross=0;named=0;req=0;lake=0] lethariel[gates=south,west,north;cols=10;leak=south,west,north;off=;road=14;dip=0;cross=1;named=0;req=0;lake=143] kezamba[gates=east,south,north;cols=13;leak=east,south,north;off=;road=7;dip=0;cross=1;named=0;req=0;lake=82] nhal_veyr[gates=west;cols=4;leak=west;off=;road=0;dip=1;cross=0;named=0;req=0;lake=0]
7654433329849036158	39	6	10	0	33	2	6	0	0	highcourt[gates=west,north;cols=3;leak=;off=;road=0;dip=0;cross=0;named=0;req=0;lake=0] dur_brannoc[gates=south,west;cols=6;leak=west;off=;road=0;dip=1;cross=0;named=0;req=0;lake=0] gor_drazhak[gates=east,south,west;cols=8;leak=east,south,west;off=;road=1;dip=1;cross=0;named=0;req=0;lake=0] lethariel[gates=south,west,north;cols=8;leak=south,west;off=;road=16;dip=0;cross=5;named=0;req=0;lake=156] kezamba[gates=east,south,west,north;cols=9;leak=east,west,north;off=;road=5;dip=0;cross=0;named=0;req=0;lake=82] nhal_veyr[gates=south,north;cols=5;leak=north;off=;road=11;dip=0;cross=1;named=0;req=0;lake=0]
7198274837471467776	43	6	11	0	36	0	5	0	0	highcourt[gates=west;cols=1;leak=west;off=;road=0;dip=0;cross=0;named=0;req=0;lake=0] dur_brannoc[gates=east;cols=1;leak=east;off=;road=0;dip=0;cross=0;named=0;req=0;lake=0] gor_drazhak[gates=east,south,west,north;cols=12;leak=east,south,west,north;off=;road=3;dip=0;cross=0;named=0;req=0;lake=0] lethariel[gates=east,south,west,north;cols=13;leak=south,west;off=;road=27;dip=0;cross=4;named=0;req=0;lake=148] kezamba[gates=east,south,west;cols=13;leak=east,south;off=;road=6;dip=0;cross=1;named=0;req=0;lake=82] nhal_veyr[gates=south,west;cols=3;leak=south;off=;road=0;dip=0;cross=0;named=0;req=0;lake=0]
10368156103349733760	42	5	7	0	12	1	5	0	0	highcourt[gates=;cols=0;leak=;off=;road=0;dip=0;cross=0;named=0;req=0;lake=0] dur_brannoc[gates=east,north;cols=2;leak=;off=;road=0;dip=0;cross=1;named=0;req=0;lake=0] gor_drazhak[gates=east,south,west,north;cols=14;leak=east,south,west;off=;road=2;dip=0;cross=0;named=0;req=0;lake=0] lethariel[gates=east,south,west,north;cols=13;leak=south,north;off=;road=10;dip=0;cross=3;named=0;req=0;lake=146] kezamba[gates=east,south,west,north;cols=12;leak=east,north;off=;road=0;dip=0;cross=0;named=0;req=0;lake=82] nhal_veyr[gates=south;cols=1;leak=;off=;road=0;dip=1;cross=1;named=0;req=0;lake=0]
9027723305091012300	51	6	11	0	28	1	2	0	0	highcourt[gates=south,north;cols=7;leak=north;off=;road=0;dip=1;cross=0;named=0;req=0;lake=0] dur_brannoc[gates=south;cols=1;leak=south;off=;road=0;dip=0;cross=1;named=0;req=0;lake=0] gor_drazhak[gates=east,south,west,north;cols=20;leak=east,west,north;off=;road=14;dip=0;cross=0;named=0;req=0;lake=0] lethariel[gates=east,south,west,north;cols=12;leak=south,west,north;off=;road=14;dip=0;cross=1;named=0;req=0;lake=85] kezamba[gates=east,south,west;cols=7;leak=east,west;off=;road=0;dip=0;cross=0;named=0;req=0;lake=82] nhal_veyr[gates=south,west,north;cols=4;leak=west;off=;road=0;dip=0;cross=0;named=0;req=0;lake=0]
2842823217684751194	43	4	9	0	28	1	2	0	0	highcourt[gates=;cols=0;leak=;off=;road=0;dip=0;cross=0;named=0;req=0;lake=0] dur_brannoc[gates=south,north;cols=3;leak=south,north;off=;road=0;dip=0;cross=1;named=0;req=0;lake=0] gor_drazhak[gates=east,south,west;cols=13;leak=east,south;off=;road=7;dip=0;cross=0;named=0;req=0;lake=0] lethariel[gates=east,south,west,north;cols=14;leak=south,west,north;off=;road=15;dip=0;cross=0;named=0;req=0;lake=83] kezamba[gates=south,west,north;cols=13;leak=south,north;off=;road=6;dip=1;cross=0;named=0;req=0;lake=82] nhal_veyr[gates=;cols=0;leak=;off=;road=0;dip=0;cross=1;named=0;req=0;lake=0]
13771137541254298863	60	6	12	0	39	3	3	0	0	highcourt[gates=west,north;cols=11;leak=west,north;off=;road=1;dip=0;cross=0;named=0;req=0;lake=0] dur_brannoc[gates=east,west;cols=7;leak=east;off=;road=12;dip=1;cross=1;named=0;req=0;lake=0] gor_drazhak[gates=south,west,north;cols=11;leak=south,west;off=;road=0;dip=0;cross=0;named=0;req=0;lake=0] lethariel[gates=south,west,north;cols=16;leak=south,west,north;off=;road=22;dip=0;cross=2;named=0;req=0;lake=147] kezamba[gates=east,south,west;cols=14;leak=east,south,west;off=;road=4;dip=1;cross=0;named=0;req=0;lake=82] nhal_veyr[gates=east;cols=1;leak=east;off=;road=0;dip=1;cross=0;named=0;req=0;lake=0]
12998988373783063118	31	4	10	0	24	2	8	0	0	highcourt[gates=;cols=0;leak=;off=;road=0;dip=0;cross=0;named=0;req=0;lake=0] dur_brannoc[gates=north;cols=1;leak=;off=;road=0;dip=1;cross=5;named=0;req=0;lake=0] gor_drazhak[gates=east,south,west,north;cols=13;leak=east,south,west,north;off=;road=4;dip=0;cross=0;named=0;req=0;lake=0] lethariel[gates=south,north;cols=7;leak=south,north;off=;road=15;dip=1;cross=2;named=0;req=0;lake=156] kezamba[gates=east,south,west,north;cols=10;leak=east,south,west,north;off=;road=5;dip=0;cross=1;named=0;req=0;lake=82] nhal_veyr[gates=;cols=0;leak=;off=;road=0;dip=0;cross=0;named=0;req=0;lake=0]
17783009737415588749	63	6	12	0	26	0	1	0	0	highcourt[gates=east,south;cols=3;leak=;off=;road=0;dip=0;cross=0;named=0;req=0;lake=0] dur_brannoc[gates=east,south,west;cols=6;leak=south;off=;road=0;dip=0;cross=0;named=0;req=0;lake=0] gor_drazhak[gates=south,west,north;cols=11;leak=south,west,north;off=;road=4;dip=0;cross=0;named=0;req=0;lake=0] lethariel[gates=south,north;cols=8;leak=south,north;off=;road=16;dip=0;cross=0;named=0;req=0;lake=127] kezamba[gates=east,south,west,north;cols=26;leak=east,south,west,north;off=;road=5;dip=0;cross=0;named=0;req=0;lake=82] nhal_veyr[gates=west,north;cols=9;leak=west,north;off=;road=1;dip=0;cross=1;named=0;req=0;lake=0]
17465427015255315953	41	5	10	0	29	1	2	0	0	highcourt[gates=east,west,north;cols=3;leak=east,north;off=;road=0;dip=0;cross=1;named=0;req=0;lake=0] dur_brannoc[gates=south;cols=9;leak=south;off=;road=0;dip=1;cross=0;named=0;req=0;lake=0] gor_drazhak[gates=east,west,north;cols=8;leak=east,west,north;off=;road=0;dip=0;cross=0;named=0;req=0;lake=0] lethariel[gates=east,south,west,north;cols=9;leak=east,south;off=;road=16;dip=0;cross=0;named=0;req=0;lake=88] kezamba[gates=east,south,north;cols=12;leak=east,north;off=;road=13;dip=0;cross=1;named=0;req=0;lake=82] nhal_veyr[gates=;cols=0;leak=;off=;road=0;dip=0;cross=0;named=0;req=0;lake=0]
11898133217064477001	60	6	14	0	54	1	8	0	0	highcourt[gates=south;cols=8;leak=south;off=;road=0;dip=0;cross=0;named=0;req=0;lake=0] dur_brannoc[gates=south,west;cols=4;leak=;off=;road=0;dip=1;cross=0;named=0;req=0;lake=0] gor_drazhak[gates=south,west,north;cols=11;leak=south,west,north;off=;road=29;dip=0;cross=0;named=0;req=0;lake=0] lethariel[gates=east,south,west,north;cols=12;leak=east,south,west,north;off=;road=15;dip=0;cross=2;named=0;req=0;lake=89] kezamba[gates=east,south,west,north;cols=12;leak=east,south,west,north;off=;road=10;dip=0;cross=5;named=0;req=0;lake=82] nhal_veyr[gates=east,south,north;cols=13;leak=east,south;off=;road=0;dip=0;cross=1;named=0;req=0;lake=0]
2597089212424395511	70	6	15	0	73	2	5	0	0	highcourt[gates=east,south,west,north;cols=13;leak=east,north;off=;road=14;dip=0;cross=1;named=0;req=0;lake=0] dur_brannoc[gates=south,west;cols=5;leak=south;off=;road=0;dip=0;cross=0;named=0;req=0;lake=0] gor_drazhak[gates=east,south,north;cols=9;leak=east,south,north;off=;road=0;dip=0;cross=0;named=0;req=0;lake=0] lethariel[gates=south,west,north;cols=13;leak=south,west,north;off=;road=33;dip=0;cross=1;named=0;req=0;lake=127] kezamba[gates=east,south,west,north;cols=21;leak=east,south,west,north;off=;road=10;dip=0;cross=3;named=0;req=0;lake=82] nhal_veyr[gates=east,west;cols=9;leak=east,west;off=;road=16;dip=2;cross=0;named=0;req=0;lake=0]
674046991087768888	41	5	12	0	46	0	1	0	0	highcourt[gates=east,south,north;cols=3;leak=east,south;off=;road=0;dip=0;cross=0;named=0;req=0;lake=0] dur_brannoc[gates=;cols=0;leak=;off=;road=0;dip=0;cross=0;named=0;req=0;lake=0] gor_drazhak[gates=east,south,west;cols=9;leak=east,south,west;off=;road=24;dip=0;cross=0;named=0;req=0;lake=0] lethariel[gates=east,south,west;cols=14;leak=east,south,west;off=;road=20;dip=0;cross=1;named=0;req=0;lake=154] kezamba[gates=east,south,west,north;cols=9;leak=east,south,west;off=;road=2;dip=0;cross=0;named=0;req=0;lake=82] nhal_veyr[gates=east,west,north;cols=6;leak=east;off=;road=0;dip=0;cross=0;named=0;req=0;lake=0]
5211461191541063668	55	6	15	0	17	0	13	0	0	highcourt[gates=east,west;cols=10;leak=east,west;off=;road=0;dip=0;cross=4;named=0;req=0;lake=0] dur_brannoc[gates=east,west,north;cols=3;leak=west;off=;road=0;dip=0;cross=1;named=0;req=0;lake=0] gor_drazhak[gates=east,south,west,north;cols=17;leak=east,south,west,north;off=;road=0;dip=0;cross=1;named=0;req=0;lake=0] lethariel[gates=east,south,west,north;cols=10;leak=east,south,west,north;off=;road=13;dip=0;cross=0;named=0;req=0;lake=126] kezamba[gates=east,south,west,north;cols=14;leak=east,south,west,north;off=;road=4;dip=0;cross=4;named=0;req=0;lake=82] nhal_veyr[gates=east;cols=1;leak=;off=;road=0;dip=0;cross=3;named=0;req=0;lake=0]
6287740798664364067	42	5	10	0	34	2	6	0	0	highcourt[gates=south,west,north;cols=3;leak=west;off=;road=0;dip=0;cross=0;named=0;req=0;lake=0] dur_brannoc[gates=;cols=0;leak=;off=;road=0;dip=0;cross=0;named=0;req=0;lake=0] gor_drazhak[gates=east,south,west,north;cols=9;leak=east,south,west;off=;road=1;dip=0;cross=0;named=0;req=0;lake=0] lethariel[gates=east,south,west,north;cols=21;leak=east,south,west,north;off=;road=26;dip=2;cross=0;named=0;req=0;lake=85] kezamba[gates=east,south,west;cols=7;leak=east,west;off=;road=7;dip=0;cross=5;named=0;req=0;lake=82] nhal_veyr[gates=east;cols=2;leak=;off=;road=0;dip=0;cross=1;named=0;req=0;lake=0]
588511827912093423	65	6	13	0	17	0	4	0	0	highcourt[gates=west,north;cols=6;leak=west;off=;road=0;dip=0;cross=0;named=0;req=0;lake=0] dur_brannoc[gates=east,west,north;cols=8;leak=west;off=;road=2;dip=0;cross=3;named=0;req=0;lake=0] gor_drazhak[gates=east,south,west,north;cols=22;leak=east,south,west,north;off=;road=3;dip=0;cross=0;named=0;req=0;lake=0] lethariel[gates=east,south,west,north;cols=9;leak=east,south,north;off=;road=12;dip=0;cross=0;named=0;req=0;lake=85] kezamba[gates=east,west;cols=7;leak=east,west;off=;road=0;dip=0;cross=0;named=0;req=0;lake=82] nhal_veyr[gates=south,west;cols=13;leak=south,west;off=;road=0;dip=0;cross=1;named=0;req=0;lake=0]
1525282952141710950	68	6	12	0	30	2	7	0	0	highcourt[gates=north;cols=5;leak=north;off=;road=0;dip=0;cross=1;named=0;req=0;lake=0] dur_brannoc[gates=south,west;cols=12;leak=south,west;off=;road=3;dip=0;cross=6;named=0;req=0;lake=0] gor_drazhak[gates=east,south,west,north;cols=18;leak=south,west;off=;road=9;dip=0;cross=0;named=0;req=0;lake=0] lethariel[gates=east,south,west;cols=8;leak=south,west;off=;road=15;dip=0;cross=0;named=0;req=0;lake=88] kezamba[gates=east,south,north;cols=13;leak=east,south,north;off=;road=1;dip=1;cross=0;named=0;req=0;lake=82] nhal_veyr[gates=east,south,north;cols=12;leak=east,north;off=;road=2;dip=1;cross=0;named=0;req=0;lake=0]
9355983109475866947	49	6	12	0	37	2	1	0	0	highcourt[gates=south,north;cols=6;leak=north;off=;road=0;dip=0;cross=0;named=0;req=0;lake=0] dur_brannoc[gates=east,north;cols=2;leak=east,north;off=;road=0;dip=1;cross=0;named=0;req=0;lake=0] gor_drazhak[gates=east,south,west,north;cols=22;leak=east,south,west,north;off=;road=14;dip=0;cross=0;named=0;req=0;lake=0] lethariel[gates=south,west;cols=8;leak=south,west;off=;road=17;dip=0;cross=0;named=0;req=0;lake=89] kezamba[gates=east,south,west,north;cols=9;leak=east,west,north;off=;road=6;dip=1;cross=1;named=0;req=0;lake=82] nhal_veyr[gates=south;cols=2;leak=;off=;road=0;dip=0;cross=0;named=0;req=0;lake=0]
3983918278448363278	40	4	10	0	22	0	2	0	0	highcourt[gates=west,north;cols=13;leak=west,north;off=;road=0;dip=0;cross=0;named=0;req=0;lake=0] dur_brannoc[gates=;cols=0;leak=;off=;road=0;dip=0;cross=0;named=0;req=0;lake=0] gor_drazhak[gates=east,west,north;cols=5;leak=east,west,north;off=;road=1;dip=0;cross=0;named=0;req=0;lake=0] lethariel[gates=south,west,north;cols=11;leak=south,north;off=;road=16;dip=0;cross=2;named=0;req=0;lake=152] kezamba[gates=east,south,north;cols=11;leak=east,south,north;off=;road=5;dip=0;cross=0;named=0;req=0;lake=82] nhal_veyr[gates=;cols=0;leak=;off=;road=0;dip=0;cross=0;named=0;req=0;lake=0]
10298991512425689666	48	6	11	0	29	0	7	0	0	highcourt[gates=east,south,west,north;cols=12;leak=south,west;off=;road=8;dip=0;cross=0;named=0;req=0;lake=0] dur_brannoc[gates=north;cols=1;leak=;off=;road=0;dip=0;cross=0;named=0;req=0;lake=0] gor_drazhak[gates=east,south,west,north;cols=11;leak=east,south,west;off=;road=3;dip=0;cross=0;named=0;req=0;lake=0] lethariel[gates=east,south,west;cols=9;leak=south;off=;road=16;dip=0;cross=0;named=0;req=0;lake=84] kezamba[gates=east,south,west,north;cols=11;leak=east,west,north;off=;road=2;dip=0;cross=5;named=0;req=0;lake=82] nhal_veyr[gates=east,west;cols=4;leak=east,west;off=;road=0;dip=0;cross=2;named=0;req=0;lake=0]
5589327216092471002	48	6	10	0	23	3	11	0	0	highcourt[gates=south,west;cols=2;leak=;off=;road=0;dip=0;cross=0;named=0;req=0;lake=0] dur_brannoc[gates=west,north;cols=7;leak=west,north;off=;road=0;dip=0;cross=0;named=0;req=0;lake=0] gor_drazhak[gates=east,west,north;cols=9;leak=east,west;off=;road=1;dip=1;cross=0;named=0;req=0;lake=0] lethariel[gates=south,west,north;cols=13;leak=south,west;off=;road=16;dip=0;cross=2;named=0;req=0;lake=155] kezamba[gates=east,south,west,north;cols=15;leak=east,south,west,north;off=;road=6;dip=2;cross=3;named=0;req=0;lake=82] nhal_veyr[gates=west,north;cols=2;leak=;off=;road=0;dip=0;cross=6;named=0;req=0;lake=0]
2087074925085408845	35	6	8	0	21	2	5	0	0	highcourt[gates=east;cols=1;leak=;off=;road=0;dip=1;cross=0;named=0;req=0;lake=0] dur_brannoc[gates=south;cols=3;leak=south;off=;road=0;dip=0;cross=1;named=0;req=0;lake=0] gor_drazhak[gates=east,south,west,north;cols=6;leak=west;off=;road=0;dip=0;cross=0;named=0;req=0;lake=0] lethariel[gates=east,south;cols=8;leak=east,south;off=;road=16;dip=0;cross=1;named=0;req=0;lake=156] kezamba[gates=east,south,west,north;cols=16;leak=east,south,west;off=;road=5;dip=1;cross=3;named=0;req=0;lake=82] nhal_veyr[gates=east;cols=1;leak=east;off=;road=0;dip=0;cross=0;named=0;req=0;lake=0]
14096747799324980364	35	6	12	0	37	3	10	0	0	highcourt[gates=west;cols=2;leak=;off=;road=0;dip=0;cross=0;named=0;req=0;lake=0] dur_brannoc[gates=west;cols=1;leak=west;off=;road=0;dip=0;cross=0;named=0;req=0;lake=0] gor_drazhak[gates=east,south,west,north;cols=11;leak=east,south,west,north;off=;road=10;dip=0;cross=0;named=0;req=0;lake=0] lethariel[gates=east,south,north;cols=12;leak=east,south,north;off=;road=27;dip=1;cross=4;named=0;req=0;lake=152] kezamba[gates=south,west,north;cols=7;leak=south,west,north;off=;road=0;dip=1;cross=3;named=0;req=0;lake=82] nhal_veyr[gates=west,north;cols=2;leak=north;off=;road=0;dip=1;cross=3;named=0;req=0;lake=0]
7749974119224875204	31	6	7	0	17	1	3	0	0	highcourt[gates=south;cols=1;leak=;off=;road=0;dip=0;cross=0;named=0;req=0;lake=0] dur_brannoc[gates=south,west;cols=2;leak=;off=;road=0;dip=0;cross=0;named=0;req=0;lake=0] gor_drazhak[gates=east,south,west,north;cols=9;leak=south,west;off=;road=0;dip=0;cross=0;named=0;req=0;lake=0] lethariel[gates=south,north;cols=7;leak=south,north;off=;road=17;dip=1;cross=3;named=0;req=0;lake=151] kezamba[gates=south,west,north;cols=10;leak=south,west;off=;road=0;dip=0;cross=0;named=0;req=0;lake=82] nhal_veyr[gates=east,west;cols=2;leak=east;off=;road=0;dip=0;cross=0;named=0;req=0;lake=0]
10273672598029794497	84	6	12	0	25	2	1	0	0	highcourt[gates=south;cols=6;leak=south;off=;road=0;dip=1;cross=0;named=0;req=0;lake=0] dur_brannoc[gates=east,south;cols=7;leak=;off=;road=0;dip=0;cross=0;named=0;req=0;lake=0] gor_drazhak[gates=south,west,north;cols=12;leak=west,north;off=;road=1;dip=0;cross=0;named=0;req=0;lake=0] lethariel[gates=east,south,west,north;cols=20;leak=east,south,west;off=;road=19;dip=0;cross=0;named=0;req=0;lake=89] kezamba[gates=east,south,west;cols=10;leak=east,south,west;off=;road=5;dip=0;cross=1;named=0;req=0;lake=82] nhal_veyr[gates=east,south,west;cols=29;leak=east,south,west;off=;road=0;dip=1;cross=0;named=0;req=0;lake=0]
2010480278454314851	76	6	14	0	30	3	2	0	0	highcourt[gates=west,north;cols=9;leak=west,north;off=;road=0;dip=0;cross=0;named=0;req=0;lake=0] dur_brannoc[gates=west,north;cols=7;leak=north;off=;road=0;dip=2;cross=1;named=0;req=0;lake=0] gor_drazhak[gates=east,south,west,north;cols=10;leak=north;off=;road=0;dip=0;cross=0;named=0;req=0;lake=0] lethariel[gates=east,south,west,north;cols=15;leak=east,south,west,north;off=;road=15;dip=0;cross=0;named=0;req=0;lake=86] kezamba[gates=east,south,west,north;cols=23;leak=east,south,west,north;off=;road=15;dip=0;cross=0;named=0;req=0;lake=82] nhal_veyr[gates=west,north;cols=12;leak=west,north;off=;road=0;dip=1;cross=1;named=0;req=0;lake=0]
15791693261149658645	76	6	15	0	51	0	6	0	0	highcourt[gates=south,west,north;cols=13;leak=south,west;off=;road=18;dip=0;cross=0;named=0;req=0;lake=0] dur_brannoc[gates=east,south;cols=12;leak=east,south;off=;road=0;dip=0;cross=0;named=0;req=0;lake=0] gor_drazhak[gates=east,south,west,north;cols=11;leak=east,south,west,north;off=;road=9;dip=0;cross=0;named=0;req=0;lake=0] lethariel[gates=east,south,west,north;cols=13;leak=south,west,north;off=;road=13;dip=0;cross=2;named=0;req=0;lake=155] kezamba[gates=east,south,north;cols=17;leak=east,south;off=;road=9;dip=0;cross=1;named=0;req=0;lake=82] nhal_veyr[gates=south,west;cols=10;leak=south,west;off=;road=2;dip=0;cross=3;named=0;req=0;lake=0]
4016138105214780121	54	6	9	0	37	2	19	0	0	highcourt[gates=east,south,north;cols=5;leak=;off=;road=0;dip=0;cross=1;named=0;req=0;lake=0] dur_brannoc[gates=south,west,north;cols=4;leak=;off=;road=0;dip=1;cross=1;named=0;req=0;lake=0] gor_drazhak[gates=east,west,north;cols=8;leak=east,west;off=;road=0;dip=1;cross=0;named=0;req=0;lake=0] lethariel[gates=south,west,north;cols=9;leak=south,north;off=;road=15;dip=0;cross=6;named=0;req=0;lake=158] kezamba[gates=east,south,west,north;cols=21;leak=east,south,west,north;off=;road=22;dip=0;cross=8;named=0;req=0;lake=82] nhal_veyr[gates=west,north;cols=7;leak=north;off=;road=0;dip=0;cross=3;named=0;req=0;lake=0]
4205313115137717109	42	6	8	0	46	2	7	0	0	highcourt[gates=east,north;cols=9;leak=east;off=;road=1;dip=0;cross=0;named=0;req=0;lake=0] dur_brannoc[gates=south;cols=3;leak=south;off=;road=0;dip=0;cross=0;named=0;req=0;lake=0] gor_drazhak[gates=east,south,west,north;cols=4;leak=;off=;road=0;dip=0;cross=1;named=0;req=0;lake=0] lethariel[gates=south,west;cols=8;leak=south,west;off=;road=27;dip=0;cross=3;named=0;req=0;lake=152] kezamba[gates=east,south,west,north;cols=15;leak=south,west,north;off=;road=18;dip=0;cross=3;named=0;req=0;lake=82] nhal_veyr[gates=east,north;cols=3;leak=east;off=;road=0;dip=2;cross=0;named=0;req=0;lake=0]
11892656633360257874	46	6	11	0	32	0	8	0	0	highcourt[gates=north;cols=4;leak=north;off=;road=0;dip=0;cross=0;named=0;req=0;lake=0] dur_brannoc[gates=west;cols=7;leak=west;off=;road=0;dip=0;cross=0;named=0;req=0;lake=0] gor_drazhak[gates=east,south,north;cols=10;leak=east,south,north;off=;road=0;dip=0;cross=0;named=0;req=0;lake=0] lethariel[gates=south,west,north;cols=11;leak=south,west,north;off=;road=25;dip=0;cross=1;named=0;req=0;lake=148] kezamba[gates=east,south,west;cols=12;leak=east,south,west;off=;road=7;dip=0;cross=0;named=0;req=0;lake=82] nhal_veyr[gates=south;cols=2;leak=;off=;road=0;dip=0;cross=7;named=0;req=0;lake=0]
15396678960799299151	51	4	9	0	17	4	10	0	0	highcourt[gates=;cols=0;leak=;off=;road=0;dip=1;cross=0;named=0;req=0;lake=0] dur_brannoc[gates=;cols=0;leak=;off=;road=0;dip=0;cross=1;named=0;req=0;lake=0] gor_drazhak[gates=south,west,north;cols=10;leak=south,west;off=;road=1;dip=0;cross=0;named=0;req=0;lake=0] lethariel[gates=east,south,north;cols=8;leak=east,south;off=;road=13;dip=0;cross=2;named=0;req=0;lake=159] kezamba[gates=east,south,west,north;cols=24;leak=south,west,north;off=;road=3;dip=1;cross=5;named=0;req=0;lake=82] nhal_veyr[gates=east,south,north;cols=9;leak=south,north;off=;road=0;dip=2;cross=2;named=0;req=0;lake=0]
14959769122089851604	51	6	11	0	28	0	1	0	0	highcourt[gates=south;cols=5;leak=south;off=;road=0;dip=0;cross=0;named=0;req=0;lake=0] dur_brannoc[gates=north;cols=2;leak=north;off=;road=0;dip=0;cross=0;named=0;req=0;lake=0] gor_drazhak[gates=south,west,north;cols=19;leak=south,west,north;off=;road=1;dip=0;cross=1;named=0;req=0;lake=0] lethariel[gates=east,south,west,north;cols=12;leak=east,south,north;off=;road=15;dip=0;cross=0;named=0;req=0;lake=87] kezamba[gates=east,south,west,north;cols=10;leak=east,north;off=;road=12;dip=0;cross=0;named=0;req=0;lake=82] nhal_veyr[gates=east;cols=3;leak=east;off=;road=0;dip=0;cross=0;named=0;req=0;lake=0]
14402018182688909832	46	5	10	0	19	0	8	0	0	highcourt[gates=east,south,west;cols=3;leak=east,south,west;off=;road=0;dip=0;cross=0;named=0;req=0;lake=0] dur_brannoc[gates=;cols=0;leak=;off=;road=0;dip=0;cross=0;named=0;req=0;lake=0] gor_drazhak[gates=east,south,west,north;cols=14;leak=east,north;off=;road=3;dip=0;cross=0;named=0;req=0;lake=0] lethariel[gates=south,west,north;cols=9;leak=south,west,north;off=;road=14;dip=0;cross=2;named=0;req=0;lake=157] kezamba[gates=east,south,north;cols=19;leak=south,north;off=;road=2;dip=0;cross=1;named=0;req=0;lake=82] nhal_veyr[gates=north;cols=1;leak=;off=;road=0;dip=0;cross=5;named=0;req=0;lake=0]
10814371586586021451	44	5	12	0	19	1	3	0	0	highcourt[gates=north;cols=1;leak=;off=;road=0;dip=0;cross=0;named=0;req=0;lake=0] dur_brannoc[gates=east,west;cols=4;leak=east,west;off=;road=0;dip=0;cross=0;named=0;req=0;lake=0] gor_drazhak[gates=east,west,north;cols=10;leak=east,west,north;off=;road=1;dip=0;cross=0;named=0;req=0;lake=0] lethariel[gates=south,west,north;cols=15;leak=south,west,north;off=;road=18;dip=0;cross=1;named=0;req=0;lake=127] kezamba[gates=east,south,west,north;cols=14;leak=east,south,west,north;off=;road=0;dip=0;cross=1;named=0;req=0;lake=82] nhal_veyr[gates=;cols=0;leak=;off=;road=0;dip=1;cross=1;named=0;req=0;lake=0]
13448554223262126224	48	6	11	0	50	0	14	0	0	highcourt[gates=west;cols=3;leak=west;off=;road=16;dip=0;cross=9;named=0;req=0;lake=0] dur_brannoc[gates=east,west;cols=3;leak=east;off=;road=0;dip=0;cross=0;named=0;req=0;lake=0] gor_drazhak[gates=south,west,north;cols=9;leak=west,north;off=;road=2;dip=0;cross=0;named=0;req=0;lake=0] lethariel[gates=south,west,north;cols=22;leak=south,west,north;off=;road=24;dip=0;cross=0;named=0;req=0;lake=85] kezamba[gates=east,south,west;cols=8;leak=east,south,west;off=;road=8;dip=0;cross=5;named=0;req=0;lake=82] nhal_veyr[gates=east,south,west;cols=3;leak=west;off=;road=0;dip=0;cross=0;named=0;req=0;lake=0]
12442995571406657747	30	6	9	0	21	1	7	0	0	highcourt[gates=south;cols=1;leak=south;off=;road=0;dip=0;cross=0;named=0;req=0;lake=0] dur_brannoc[gates=north;cols=3;leak=;off=;road=0;dip=0;cross=3;named=0;req=0;lake=0] gor_drazhak[gates=east,west,north;cols=6;leak=west,north;off=;road=0;dip=0;cross=0;named=0;req=0;lake=0] lethariel[gates=south,north;cols=7;leak=south,north;off=;road=14;dip=0;cross=3;named=0;req=0;lake=158] kezamba[gates=east,south,west;cols=10;leak=east,south,west;off=;road=7;dip=1;cross=0;named=0;req=0;lake=82] nhal_veyr[gates=south,north;cols=3;leak=south;off=;road=0;dip=0;cross=1;named=0;req=0;lake=0]
6404538897243258015	55	5	10	0	50	0	7	0	0	highcourt[gates=south,west;cols=2;leak=;off=;road=0;dip=0;cross=0;named=0;req=0;lake=0] dur_brannoc[gates=east;cols=1;leak=east;off=;road=0;dip=0;cross=0;named=0;req=0;lake=0] gor_drazhak[gates=east,south,north;cols=16;leak=south,north;off=;road=15;dip=0;cross=0;named=0;req=0;lake=0] lethariel[gates=east,south,north;cols=8;leak=east,south,north;off=;road=15;dip=0;cross=3;named=0;req=0;lake=154] kezamba[gates=east,south,west,north;cols=28;leak=east,south,west,north;off=;road=20;dip=0;cross=4;named=0;req=0;lake=82] nhal_veyr[gates=;cols=0;leak=;off=;road=0;dip=0;cross=0;named=0;req=0;lake=0]
16500392448699795095	68	6	13	0	61	2	6	0	0	highcourt[gates=east,south,north;cols=15;leak=east,south,north;off=;road=10;dip=0;cross=0;named=0;req=0;lake=0] dur_brannoc[gates=east,west;cols=3;leak=east,west;off=;road=0;dip=0;cross=3;named=0;req=0;lake=0] gor_drazhak[gates=east,south,west,north;cols=9;leak=south,west;off=;road=9;dip=0;cross=0;named=0;req=0;lake=0] lethariel[gates=south,north;cols=9;leak=south,north;off=;road=31;dip=1;cross=2;named=0;req=0;lake=146] kezamba[gates=east,south,west,north;cols=20;leak=west,north;off=;road=11;dip=1;cross=1;named=0;req=0;lake=82] nhal_veyr[gates=east,west,north;cols=12;leak=east,north;off=;road=0;dip=0;cross=0;named=0;req=0;lake=0]
16190052255148292318	44	5	10	0	43	1	11	0	0	highcourt[gates=south,north;cols=9;leak=north;off=;road=2;dip=0;cross=6;named=0;req=0;lake=0] dur_brannoc[gates=;cols=0;leak=;off=;road=0;dip=0;cross=0;named=0;req=0;lake=0] gor_drazhak[gates=east,south,west;cols=7;leak=east,south,west;off=;road=0;dip=0;cross=0;named=0;req=0;lake=0] lethariel[gates=east,south,west,north;cols=14;leak=east,south;off=;road=32;dip=0;cross=2;named=0;req=0;lake=156] kezamba[gates=east,south,west,north;cols=13;leak=east,south,west,north;off=;road=9;dip=1;cross=3;named=0;req=0;lake=82] nhal_veyr[gates=north;cols=1;leak=;off=;road=0;dip=0;cross=0;named=0;req=0;lake=0]
11203038853985275083	52	6	11	0	24	0	2	0	0	highcourt[gates=east,west;cols=8;leak=west;off=;road=0;dip=0;cross=0;named=0;req=0;lake=0] dur_brannoc[gates=north;cols=1;leak=north;off=;road=0;dip=0;cross=0;named=0;req=0;lake=0] gor_drazhak[gates=south,west,north;cols=6;leak=west,north;off=;road=0;dip=0;cross=0;named=0;req=0;lake=0] lethariel[gates=south,west,north;cols=10;leak=south,west,north;off=;road=12;dip=0;cross=2;named=0;req=0;lake=153] kezamba[gates=east,south,west,north;cols=17;leak=east,west,north;off=;road=12;dip=0;cross=0;named=0;req=0;lake=82] nhal_veyr[gates=east,north;cols=10;leak=east;off=;road=0;dip=0;cross=0;named=0;req=0;lake=0]
17608184500408850831	54	4	11	0	66	1	5	0	0	highcourt[gates=west;cols=1;leak=west;off=;road=0;dip=0;cross=0;named=0;req=0;lake=0] dur_brannoc[gates=;cols=0;leak=;off=;road=0;dip=0;cross=0;named=0;req=0;lake=0] gor_drazhak[gates=east,south,west;cols=20;leak=east,south,west;off=;road=29;dip=0;cross=0;named=0;req=0;lake=0] lethariel[gates=east,south,west,north;cols=21;leak=east,south,west;off=;road=32;dip=0;cross=2;named=0;req=0;lake=157] kezamba[gates=east,south,west,north;cols=12;leak=east,south,west,north;off=;road=5;dip=0;cross=3;named=0;req=0;lake=82] nhal_veyr[gates=;cols=0;leak=;off=;road=0;dip=1;cross=0;named=0;req=0;lake=0]
3107115788482909302	46	4	9	0	33	0	4	0	0	highcourt[gates=south,west;cols=13;leak=south,west;off=;road=3;dip=0;cross=0;named=0;req=0;lake=0] dur_brannoc[gates=;cols=0;leak=;off=;road=0;dip=0;cross=0;named=0;req=0;lake=0] gor_drazhak[gates=east,west,north;cols=8;leak=west;off=;road=0;dip=0;cross=0;named=0;req=0;lake=0] lethariel[gates=south,north;cols=7;leak=south,north;off=;road=13;dip=0;cross=1;named=0;req=0;lake=155] kezamba[gates=east,south,west,north;cols=18;leak=east,south,west,north;off=;road=17;dip=0;cross=3;named=0;req=0;lake=82] nhal_veyr[gates=;cols=0;leak=;off=;road=0;dip=0;cross=0;named=0;req=0;lake=0]
16234633967765466630	41	5	9	0	19	1	6	0	0	highcourt[gates=east;cols=6;leak=east;off=;road=0;dip=0;cross=0;named=0;req=0;lake=0] dur_brannoc[gates=;cols=0;leak=;off=;road=0;dip=0;cross=2;named=0;req=0;lake=0] gor_drazhak[gates=east,south,west,north;cols=15;leak=east,south,north;off=;road=2;dip=0;cross=0;named=0;req=0;lake=0] lethariel[gates=south,north;cols=6;leak=south,north;off=;road=14;dip=1;cross=3;named=0;req=0;lake=149] kezamba[gates=east,south,west;cols=12;leak=east,south,west;off=;road=3;dip=0;cross=0;named=0;req=0;lake=82] nhal_veyr[gates=east,north;cols=2;leak=;off=;road=0;dip=0;cross=1;named=0;req=0;lake=0]
9156622373429034539	53	6	11	0	34	2	7	0	0	highcourt[gates=south,west,north;cols=3;leak=west;off=;road=0;dip=0;cross=0;named=0;req=0;lake=0] dur_brannoc[gates=east,north;cols=7;leak=east;off=;road=6;dip=0;cross=2;named=0;req=0;lake=0] gor_drazhak[gates=east,west,north;cols=17;leak=west,north;off=;road=2;dip=0;cross=0;named=0;req=0;lake=0] lethariel[gates=south,west;cols=8;leak=south,west;off=;road=15;dip=0;cross=1;named=0;req=0;lake=87] kezamba[gates=east,south,west,north;cols=11;leak=east,south,west;off=;road=11;dip=2;cross=3;named=0;req=0;lake=82] nhal_veyr[gates=east,south;cols=7;leak=east,south;off=;road=0;dip=0;cross=1;named=0;req=0;lake=0]
4940730977331847287	59	6	11	0	53	5	14	0	0	highcourt[gates=south,west,north;cols=17;leak=south,west,north;off=;road=12;dip=1;cross=6;named=0;req=0;lake=0] dur_brannoc[gates=east;cols=1;leak=;off=;road=0;dip=1;cross=1;named=0;req=0;lake=0] gor_drazhak[gates=east,south,north;cols=3;leak=south;off=;road=0;dip=0;cross=0;named=0;req=0;lake=0] lethariel[gates=south,west;cols=7;leak=south,west;off=;road=14;dip=1;cross=3;named=0;req=0;lake=147] kezamba[gates=east,south,west,north;cols=23;leak=east,south,west,north;off=;road=27;dip=2;cross=3;named=0;req=0;lake=82] nhal_veyr[gates=east,west;cols=8;leak=west;off=;road=0;dip=0;cross=1;named=0;req=0;lake=0]
17001111980221068240	55	6	11	0	58	0	4	0	0	highcourt[gates=east,south;cols=6;leak=south;off=;road=0;dip=0;cross=0;named=0;req=0;lake=0] dur_brannoc[gates=north;cols=1;leak=;off=;road=0;dip=0;cross=1;named=0;req=0;lake=0] gor_drazhak[gates=east,west;cols=13;leak=east,west;off=;road=17;dip=0;cross=0;named=0;req=0;lake=0] lethariel[gates=south,west,north;cols=13;leak=south,west,north;off=;road=23;dip=0;cross=2;named=0;req=0;lake=155] kezamba[gates=east,south,west,north;cols=14;leak=east,south,north;off=;road=18;dip=0;cross=1;named=0;req=0;lake=82] nhal_veyr[gates=east,south,west;cols=8;leak=east,south;off=;road=0;dip=0;cross=0;named=0;req=0;lake=0]
1181124898643762161	48	6	11	0	44	2	15	0	0	highcourt[gates=west;cols=2;leak=;off=;road=0;dip=0;cross=0;named=0;req=0;lake=0] dur_brannoc[gates=east,north;cols=2;leak=east;off=;road=0;dip=0;cross=1;named=0;req=0;lake=0] gor_drazhak[gates=east,south,west,north;cols=14;leak=south,west,north;off=;road=21;dip=0;cross=3;named=0;req=0;lake=0] lethariel[gates=south,west;cols=8;leak=south,west;off=;road=13;dip=1;cross=4;named=0;req=0;lake=148] kezamba[gates=east,south,west;cols=15;leak=east,south,west;off=;road=8;dip=0;cross=5;named=0;req=0;lake=82] nhal_veyr[gates=east,south;cols=7;leak=east,south;off=;road=2;dip=1;cross=2;named=0;req=0;lake=0]
7042201640385088875	33	5	8	0	20	2	9	0	0	highcourt[gates=west;cols=2;leak=west;off=;road=0;dip=0;cross=0;named=0;req=0;lake=0] dur_brannoc[gates=south;cols=1;leak=;off=;road=0;dip=0;cross=0;named=0;req=0;lake=0] gor_drazhak[gates=east,south,west,north;cols=7;leak=south,west,north;off=;road=0;dip=1;cross=0;named=0;req=0;lake=0] lethariel[gates=south;cols=6;leak=south;off=;road=14;dip=0;cross=4;named=0;req=0;lake=148] kezamba[gates=east,south,west,north;cols=17;leak=south,west,north;off=;road=6;dip=0;cross=2;named=0;req=0;lake=82] nhal_veyr[gates=;cols=0;leak=;off=;road=0;dip=1;cross=3;named=0;req=0;lake=0]
5062001792694215252	50	6	12	0	35	1	12	0	0	highcourt[gates=east,south,west,north;cols=13;leak=west,north;off=;road=1;dip=0;cross=1;named=0;req=0;lake=0] dur_brannoc[gates=south;cols=6;leak=south;off=;road=0;dip=0;cross=0;named=0;req=0;lake=0] gor_drazhak[gates=east,south,west,north;cols=9;leak=south,north;off=;road=17;dip=1;cross=9;named=0;req=0;lake=0] lethariel[gates=east,south,west,north;cols=13;leak=east,south,north;off=;road=12;dip=0;cross=2;named=0;req=0;lake=154] kezamba[gates=east,south,north;cols=8;leak=east,south,north;off=;road=5;dip=0;cross=0;named=0;req=0;lake=82] nhal_veyr[gates=east;cols=1;leak=east;off=;road=0;dip=0;cross=0;named=0;req=0;lake=0]
2092241566259471617	80	6	14	0	22	0	8	0	0	highcourt[gates=east,south,west,north;cols=9;leak=south;off=;road=0;dip=0;cross=1;named=0;req=0;lake=0] dur_brannoc[gates=east,south;cols=16;leak=east,south;off=;road=0;dip=0;cross=0;named=0;req=0;lake=0] gor_drazhak[gates=east,south,west,north;cols=27;leak=east,south,west,north;off=;road=6;dip=0;cross=0;named=0;req=0;lake=0] lethariel[gates=south,west,north;cols=12;leak=south,west,north;off=;road=16;dip=0;cross=2;named=0;req=0;lake=157] kezamba[gates=east,west,north;cols=11;leak=west,north;off=;road=0;dip=0;cross=5;named=0;req=0;lake=82] nhal_veyr[gates=east,west,north;cols=5;leak=west,north;off=;road=0;dip=0;cross=0;named=0;req=0;lake=0]
16740115798282967557	39	6	9	0	20	0	8	0	0	highcourt[gates=west;cols=1;leak=west;off=;road=0;dip=0;cross=0;named=0;req=0;lake=0] dur_brannoc[gates=east,south,west;cols=5;leak=west;off=;road=0;dip=0;cross=1;named=0;req=0;lake=0] gor_drazhak[gates=east,south;cols=12;leak=east,south;off=;road=1;dip=0;cross=0;named=0;req=0;lake=0] lethariel[gates=east,south,west;cols=8;leak=east,south;off=;road=14;dip=0;cross=6;named=0;req=0;lake=150] kezamba[gates=east,south,north;cols=12;leak=east,south,north;off=;road=5;dip=0;cross=1;named=0;req=0;lake=82] nhal_veyr[gates=west;cols=1;leak=;off=;road=0;dip=0;cross=0;named=0;req=0;lake=0]
1672520136043578697	41	5	11	0	22	1	7	0	0	highcourt[gates=east,north;cols=2;leak=east;off=;road=0;dip=0;cross=1;named=0;req=0;lake=0] dur_brannoc[gates=;cols=0;leak=;off=;road=0;dip=1;cross=1;named=0;req=0;lake=0] gor_drazhak[gates=east,south,west,north;cols=14;leak=east,south,west,north;off=;road=0;dip=0;cross=0;named=0;req=0;lake=0] lethariel[gates=south;cols=5;leak=south;off=;road=14;dip=0;cross=5;named=0;req=0;lake=145] kezamba[gates=east,south,west,north;cols=19;leak=east,south,west,north;off=;road=8;dip=0;cross=0;named=0;req=0;lake=82] nhal_veyr[gates=east;cols=1;leak=east;off=;road=0;dip=0;cross=0;named=0;req=0;lake=0]
10086036900283954633	73	5	13	0	46	2	5	0	0	highcourt[gates=east,south,west,north;cols=25;leak=east,south,west;off=;road=2;dip=0;cross=0;named=0;req=0;lake=0] dur_brannoc[gates=;cols=0;leak=;off=;road=0;dip=0;cross=0;named=0;req=0;lake=0] gor_drazhak[gates=south,west,north;cols=22;leak=south,west,north;off=;road=0;dip=0;cross=0;named=0;req=0;lake=0] lethariel[gates=east,south,west,north;cols=19;leak=east,south,west,north;off=;road=43;dip=1;cross=4;named=0;req=0;lake=154] kezamba[gates=east,west,north;cols=6;leak=east,west;off=;road=1;dip=0;cross=1;named=0;req=0;lake=82] nhal_veyr[gates=east;cols=1;leak=east;off=;road=0;dip=1;cross=0;named=0;req=0;lake=0]
8357687800086222875	77	6	14	0	21	2	3	0	0	highcourt[gates=east,south,west,north;cols=16;leak=east,north;off=;road=0;dip=0;cross=0;named=0;req=0;lake=0] dur_brannoc[gates=south,west;cols=4;leak=south;off=;road=0;dip=1;cross=1;named=0;req=0;lake=0] gor_drazhak[gates=east,south,west,north;cols=7;leak=south,west,north;off=;road=0;dip=0;cross=0;named=0;req=0;lake=0] lethariel[gates=east,south,west,north;cols=19;leak=east,south,west;off=;road=16;dip=0;cross=0;named=0;req=0;lake=86] kezamba[gates=east,south,west,north;cols=25;leak=east,south,west,north;off=;road=4;dip=1;cross=0;named=0;req=0;lake=82] nhal_veyr[gates=east,north;cols=6;leak=north;off=;road=1;dip=0;cross=2;named=0;req=0;lake=0]
5530505363341515427	49	6	10	0	43	0	7	0	0	highcourt[gates=south,north;cols=2;leak=;off=;road=0;dip=0;cross=1;named=0;req=0;lake=0] dur_brannoc[gates=west,north;cols=2;leak=west;off=;road=0;dip=0;cross=0;named=0;req=0;lake=0] gor_drazhak[gates=east,south,west,north;cols=13;leak=east,west,north;off=;road=30;dip=0;cross=1;named=0;req=0;lake=0] lethariel[gates=south,west,north;cols=14;leak=south,west;off=;road=12;dip=0;cross=4;named=0;req=0;lake=146] kezamba[gates=east,south,west;cols=13;leak=east,west;off=;road=1;dip=0;cross=0;named=0;req=0;lake=82] nhal_veyr[gates=east,south,west;cols=5;leak=east,west;off=;road=0;dip=0;cross=1;named=0;req=0;lake=0]
5303256338037530373	56	6	15	0	25	3	3	0	0	highcourt[gates=east,west;cols=9;leak=east,west;off=;road=5;dip=1;cross=0;named=0;req=0;lake=0] dur_brannoc[gates=west,north;cols=3;leak=west;off=;road=0;dip=0;cross=0;named=0;req=0;lake=0] gor_drazhak[gates=east,south,north;cols=11;leak=east,south,north;off=;road=0;dip=1;cross=0;named=0;req=0;lake=0] lethariel[gates=east,south,west,north;cols=9;leak=east,south,west;off=;road=16;dip=1;cross=2;named=0;req=0;lake=146] kezamba[gates=east,south,west,north;cols=16;leak=east,south,west,north;off=;road=4;dip=0;cross=1;named=0;req=0;lake=82] nhal_veyr[gates=south,north;cols=8;leak=south,north;off=;road=0;dip=0;cross=0;named=0;req=0;lake=0]
6976665996084301048	45	6	7	0	18	0	1	0	0	highcourt[gates=east,west,north;cols=6;leak=north;off=;road=0;dip=0;cross=0;named=0;req=0;lake=0] dur_brannoc[gates=east;cols=3;leak=;off=;road=0;dip=0;cross=0;named=0;req=0;lake=0] gor_drazhak[gates=east,south,west,north;cols=15;leak=south,north;off=;road=5;dip=0;cross=0;named=0;req=0;lake=0] lethariel[gates=south;cols=6;leak=south;off=;road=13;dip=0;cross=1;named=0;req=0;lake=144] kezamba[gates=east,south,west,north;cols=12;leak=east,south,north;off=;road=0;dip=0;cross=0;named=0;req=0;lake=82] nhal_veyr[gates=west;cols=3;leak=;off=;road=0;dip=0;cross=0;named=0;req=0;lake=0]
10131113280343415741	41	5	9	0	21	0	5	0	0	highcourt[gates=east,south,north;cols=4;leak=east;off=;road=0;dip=0;cross=0;named=0;req=0;lake=0] dur_brannoc[gates=east,south,west,north;cols=11;leak=south,west,north;off=;road=0;dip=0;cross=1;named=0;req=0;lake=0] gor_drazhak[gates=east,south,north;cols=5;leak=south,north;off=;road=0;dip=0;cross=0;named=0;req=0;lake=0] lethariel[gates=east,south,north;cols=9;leak=south;off=;road=16;dip=0;cross=1;named=0;req=0;lake=89] kezamba[gates=east,south,north;cols=12;leak=south,north;off=;road=5;dip=0;cross=2;named=0;req=0;lake=82] nhal_veyr[gates=;cols=0;leak=;off=;road=0;dip=0;cross=1;named=0;req=0;lake=0]
17396274778243905761	56	5	13	0	36	7	17	0	0	highcourt[gates=south,west;cols=2;leak=;off=;road=0;dip=0;cross=0;named=0;req=0;lake=0] dur_brannoc[gates=south,west,north;cols=10;leak=south,west,north;off=;road=0;dip=0;cross=2;named=0;req=0;lake=0] gor_drazhak[gates=east,south,west,north;cols=9;leak=east,south,west,north;off=;road=14;dip=5;cross=3;named=0;req=0;lake=0] lethariel[gates=east,south,west,north;cols=18;leak=east,south,west;off=;road=14;dip=1;cross=2;named=0;req=0;lake=155] kezamba[gates=east,south,west,north;cols=17;leak=east,west,north;off=;road=8;dip=1;cross=8;named=0;req=0;lake=82] nhal_veyr[gates=;cols=0;leak=;off=;road=0;dip=0;cross=2;named=0;req=0;lake=0]
14411843471202193230	43	6	10	0	19	0	4	0	0	highcourt[gates=east,south;cols=8;leak=east,south;off=;road=0;dip=0;cross=0;named=0;req=0;lake=0] dur_brannoc[gates=south;cols=2;leak=south;off=;road=0;dip=0;cross=0;named=0;req=0;lake=0] gor_drazhak[gates=east,south,west,north;cols=9;leak=east,west,north;off=;road=0;dip=0;cross=0;named=0;req=0;lake=0] lethariel[gates=south,west,north;cols=9;leak=south;off=;road=13;dip=0;cross=2;named=0;req=0;lake=156] kezamba[gates=east,south,west,north;cols=12;leak=east,south,west;off=;road=6;dip=0;cross=1;named=0;req=0;lake=82] nhal_veyr[gates=south,west;cols=3;leak=;off=;road=0;dip=0;cross=1;named=0;req=0;lake=0]
3138063647324892063	55	6	12	0	54	1	8	0	0	highcourt[gates=east;cols=1;leak=east;off=;road=0;dip=0;cross=0;named=0;req=0;lake=0] dur_brannoc[gates=south,west;cols=9;leak=south,west;off=;road=18;dip=0;cross=4;named=0;req=0;lake=0] gor_drazhak[gates=east,south,west;cols=16;leak=east,south,west;off=;road=2;dip=0;cross=0;named=0;req=0;lake=0] lethariel[gates=south,west;cols=9;leak=south,west;off=;road=26;dip=1;cross=3;named=0;req=0;lake=147] kezamba[gates=east,south,west,north;cols=13;leak=east,west,north;off=;road=7;dip=0;cross=0;named=0;req=0;lake=82] nhal_veyr[gates=east,north;cols=7;leak=north;off=;road=1;dip=0;cross=1;named=0;req=0;lake=0]
17175927337665330950	51	6	12	0	26	1	8	0	0	highcourt[gates=south,west,north;cols=7;leak=west;off=;road=0;dip=0;cross=0;named=0;req=0;lake=0] dur_brannoc[gates=west;cols=1;leak=;off=;road=0;dip=0;cross=3;named=0;req=0;lake=0] gor_drazhak[gates=east,south,west;cols=9;leak=south,west;off=;road=0;dip=0;cross=0;named=0;req=0;lake=0] lethariel[gates=east,south,west,north;cols=17;leak=east,south,west,north;off=;road=26;dip=0;cross=4;named=0;req=0;lake=129] kezamba[gates=east,south,west,north;cols=13;leak=east,south,west,north;off=;road=0;dip=0;cross=1;named=0;req=0;lake=82] nhal_veyr[gates=south,north;cols=4;leak=south;off=;road=0;dip=1;cross=0;named=0;req=0;lake=0]
16119656790058930094	54	6	12	0	51	2	4	0	0	highcourt[gates=east,west,north;cols=11;leak=east,west,north;off=;road=0;dip=0;cross=0;named=0;req=0;lake=0] dur_brannoc[gates=east;cols=1;leak=east;off=;road=0;dip=0;cross=0;named=0;req=0;lake=0] gor_drazhak[gates=south,west;cols=12;leak=south,west;off=;road=0;dip=0;cross=0;named=0;req=0;lake=0] lethariel[gates=east,south,west,north;cols=15;leak=east,south;off=;road=37;dip=1;cross=2;named=0;req=0;lake=91] kezamba[gates=south,west,north;cols=14;leak=south,west,north;off=;road=14;dip=1;cross=1;named=0;req=0;lake=82] nhal_veyr[gates=north;cols=1;leak=north;off=;road=0;dip=0;cross=1;named=0;req=0;lake=0]
2416523602036836406	54	6	13	0	28	1	6	0	0	highcourt[gates=south;cols=7;leak=south;off=;road=0;dip=0;cross=0;named=0;req=0;lake=0] dur_brannoc[gates=east,south;cols=5;leak=east,south;off=;road=0;dip=0;cross=1;named=0;req=0;lake=0] gor_drazhak[gates=east,south,west,north;cols=11;leak=east,west,north;off=;road=3;dip=0;cross=0;named=0;req=0;lake=0] lethariel[gates=south,west,north;cols=14;leak=south,west;off=;road=13;dip=0;cross=2;named=0;req=0;lake=155] kezamba[gates=east,south,west,north;cols=15;leak=east,south,west,north;off=;road=12;dip=1;cross=3;named=0;req=0;lake=82] nhal_veyr[gates=east;cols=2;leak=east;off=;road=0;dip=0;cross=0;named=0;req=0;lake=0]
8500884885353252696	41	5	10	0	18	0	14	0	0	highcourt[gates=south,west,north;cols=13;leak=south,west,north;off=;road=4;dip=0;cross=0;named=0;req=0;lake=0] dur_brannoc[gates=north;cols=5;leak=north;off=;road=0;dip=0;cross=1;named=0;req=0;lake=0] gor_drazhak[gates=east,west,north;cols=6;leak=east;off=;road=0;dip=0;cross=0;named=0;req=0;lake=0] lethariel[gates=south,north;cols=7;leak=south,north;off=;road=12;dip=0;cross=6;named=0;req=0;lake=149] kezamba[gates=east,south,north;cols=10;leak=east,south,north;off=;road=2;dip=0;cross=7;named=0;req=0;lake=82] nhal_veyr[gates=;cols=0;leak=;off=;road=0;dip=0;cross=0;named=0;req=0;lake=0]
8825816786334113922	48	6	13	0	32	0	9	0	0	highcourt[gates=west,north;cols=2;leak=west;off=;road=0;dip=0;cross=0;named=0;req=0;lake=0] dur_brannoc[gates=south;cols=3;leak=south;off=;road=0;dip=0;cross=3;named=0;req=0;lake=0] gor_drazhak[gates=east,south,west,north;cols=16;leak=east,south,west,north;off=;road=10;dip=0;cross=0;named=0;req=0;lake=0] lethariel[gates=south,north;cols=11;leak=south,north;off=;road=18;dip=0;cross=2;named=0;req=0;lake=132] kezamba[gates=east,south,west,north;cols=9;leak=east,south,north;off=;road=4;dip=0;cross=3;named=0;req=0;lake=82] nhal_veyr[gates=south,west;cols=7;leak=south,west;off=;road=0;dip=0;cross=1;named=0;req=0;lake=0]
12104063293664407578	79	6	13	0	39	0	2	0	0	highcourt[gates=east,west,north;cols=19;leak=east,west;off=;road=3;dip=0;cross=0;named=0;req=0;lake=0] dur_brannoc[gates=east,west,north;cols=4;leak=east;off=;road=0;dip=0;cross=2;named=0;req=0;lake=0] gor_drazhak[gates=east,south,west,north;cols=10;leak=north;off=;road=2;dip=0;cross=0;named=0;req=0;lake=0] lethariel[gates=east,south,west,north;cols=8;leak=east,south,west;off=;road=14;dip=0;cross=0;named=0;req=0;lake=87] kezamba[gates=east,south,west,north;cols=29;leak=east,south,west,north;off=;road=20;dip=0;cross=0;named=0;req=0;lake=82] nhal_veyr[gates=east,south,west,north;cols=9;leak=south,north;off=;road=0;dip=0;cross=0;named=0;req=0;lake=0]
5439873429273352264	58	6	13	0	19	3	7	0	0	highcourt[gates=east,south,west,north;cols=12;leak=east,west,north;off=;road=0;dip=0;cross=1;named=0;req=0;lake=0] dur_brannoc[gates=east,west;cols=2;leak=;off=;road=0;dip=1;cross=0;named=0;req=0;lake=0] gor_drazhak[gates=east,south,west,north;cols=11;leak=east,south,west;off=;road=0;dip=0;cross=0;named=0;req=0;lake=0] lethariel[gates=south,west,north;cols=15;leak=south,west,north;off=;road=13;dip=0;cross=2;named=0;req=0;lake=155] kezamba[gates=east,south,west,north;cols=16;leak=east,south,west,north;off=;road=6;dip=1;cross=3;named=0;req=0;lake=82] nhal_veyr[gates=east,south;cols=2;leak=;off=;road=0;dip=1;cross=1;named=0;req=0;lake=0]
10488320394780439524	58	6	13	0	38	3	6	0	0	highcourt[gates=east,west,north;cols=14;leak=east,west;off=;road=0;dip=0;cross=0;named=0;req=0;lake=0] dur_brannoc[gates=east,north;cols=2;leak=north;off=;road=0;dip=1;cross=0;named=0;req=0;lake=0] gor_drazhak[gates=east,south,west,north;cols=11;leak=east,south,north;off=;road=9;dip=1;cross=1;named=0;req=0;lake=0] lethariel[gates=east,south,west,north;cols=10;leak=south,north;off=;road=15;dip=0;cross=0;named=0;req=0;lake=128] kezamba[gates=east,south,west,north;cols=18;leak=east,south,west,north;off=;road=5;dip=1;cross=0;named=0;req=0;lake=82] nhal_veyr[gates=east,west;cols=3;leak=west;off=;road=9;dip=0;cross=5;named=0;req=0;lake=0]
16237141078023352545	56	6	13	0	15	1	5	0	0	highcourt[gates=east,west,north;cols=15;leak=east,west,north;off=;road=0;dip=0;cross=2;named=0;req=0;lake=0] dur_brannoc[gates=south;cols=1;leak=;off=;road=0;dip=0;cross=0;named=0;req=0;lake=0] gor_drazhak[gates=east,south,west,north;cols=12;leak=east,west,north;off=;road=0;dip=0;cross=0;named=0;req=0;lake=0] lethariel[gates=east,south,west,north;cols=12;leak=east,south,west,north;off=;road=13;dip=0;cross=2;named=0;req=0;lake=156] kezamba[gates=east,south,west,north;cols=12;leak=north;off=;road=2;dip=1;cross=1;named=0;req=0;lake=82] nhal_veyr[gates=east,north;cols=4;leak=east,north;off=;road=0;dip=0;cross=0;named=0;req=0;lake=0]
2009124736521016287	67	6	15	0	71	1	5	0	0	highcourt[gates=east,south;cols=2;leak=east;off=;road=0;dip=0;cross=0;named=0;req=0;lake=0] dur_brannoc[gates=south,north;cols=2;leak=north;off=;road=0;dip=0;cross=0;named=0;req=0;lake=0] gor_drazhak[gates=east,south,west,north;cols=13;leak=east,south,west,north;off=;road=7;dip=0;cross=0;named=0;req=0;lake=0] lethariel[gates=east,south,west,north;cols=19;leak=east,south,west,north;off=;road=36;dip=0;cross=0;named=0;req=0;lake=85] kezamba[gates=east,south,west,north;cols=20;leak=east,south,west;off=;road=24;dip=1;cross=0;named=0;req=0;lake=82] nhal_veyr[gates=east,west,north;cols=11;leak=east,west;off=;road=4;dip=0;cross=5;named=0;req=0;lake=0]
4781487369627765198	51	6	9	0	17	1	9	0	0	highcourt[gates=south,west,north;cols=3;leak=north;off=;road=0;dip=0;cross=0;named=0;req=0;lake=0] dur_brannoc[gates=south;cols=9;leak=south;off=;road=0;dip=0;cross=2;named=0;req=0;lake=0] gor_drazhak[gates=east,south,west;cols=12;leak=east,south,west;off=;road=1;dip=0;cross=0;named=0;req=0;lake=0] lethariel[gates=south,west;cols=6;leak=south;off=;road=12;dip=1;cross=4;named=0;req=0;lake=127] kezamba[gates=east,south,west,north;cols=20;leak=east,south,north;off=;road=4;dip=0;cross=3;named=0;req=0;lake=82] nhal_veyr[gates=east;cols=1;leak=;off=;road=0;dip=0;cross=0;named=0;req=0;lake=0]
15233649416512778733	59	6	10	0	25	1	3	0	0	highcourt[gates=east,south,north;cols=11;leak=east;off=;road=0;dip=0;cross=0;named=0;req=0;lake=0] dur_brannoc[gates=east,north;cols=16;leak=east,north;off=;road=8;dip=1;cross=0;named=0;req=0;lake=0] gor_drazhak[gates=east,south,west,north;cols=11;leak=east,south;off=;road=0;dip=0;cross=0;named=0;req=0;lake=0] lethariel[gates=south,west,north;cols=11;leak=south,west,north;off=;road=15;dip=0;cross=2;named=0;req=0;lake=146] kezamba[gates=east,south,north;cols=7;leak=east,south;off=;road=2;dip=0;cross=1;named=0;req=0;lake=82] nhal_veyr[gates=west,north;cols=3;leak=;off=;road=0;dip=0;cross=0;named=0;req=0;lake=0]
9732887703317077450	36	6	6	0	20	2	1	0	0	highcourt[gates=east,south,north;cols=3;leak=;off=;road=0;dip=0;cross=0;named=0;req=0;lake=0] dur_brannoc[gates=east;cols=3;leak=east;off=;road=0;dip=0;cross=0;named=0;req=0;lake=0] gor_drazhak[gates=south,west,north;cols=4;leak=;off=;road=0;dip=0;cross=0;named=0;req=0;lake=0] lethariel[gates=south,west;cols=9;leak=south,west;off=;road=16;dip=0;cross=0;named=0;req=0;lake=86] kezamba[gates=east,south,north;cols=8;leak=east,south;off=;road=4;dip=1;cross=1;named=0;req=0;lake=82] nhal_veyr[gates=west,north;cols=9;leak=west;off=;road=0;dip=1;cross=0;named=0;req=0;lake=0]
6899480595625053821	82	6	15	0	32	2	6	0	0	highcourt[gates=east,south,west;cols=15;leak=east,south,west;off=;road=3;dip=0;cross=0;named=0;req=0;lake=0] dur_brannoc[gates=west;cols=3;leak=;off=;road=0;dip=0;cross=2;named=0;req=0;lake=0] gor_drazhak[gates=east,south,west;cols=17;leak=east,south,west;off=;road=9;dip=0;cross=0;named=0;req=0;lake=0] lethariel[gates=south,west,north;cols=15;leak=south,west,north;off=;road=17;dip=0;cross=3;named=0;req=0;lake=156] kezamba[gates=east,south,west,north;cols=15;leak=east,south,north;off=;road=3;dip=1;cross=0;named=0;req=0;lake=82] nhal_veyr[gates=east,south,west;cols=17;leak=east,south,west;off=;road=0;dip=1;cross=1;named=0;req=0;lake=0]
16975130792441338923	69	6	15	0	38	2	9	0	0	highcourt[gates=east,south,north;cols=4;leak=south;off=;road=0;dip=1;cross=4;named=0;req=0;lake=0] dur_brannoc[gates=west,north;cols=14;leak=west,north;off=;road=0;dip=0;cross=0;named=0;req=0;lake=0] gor_drazhak[gates=east,west,north;cols=11;leak=east,west,north;off=;road=22;dip=1;cross=0;named=0;req=0;lake=0] lethariel[gates=south,west,north;cols=16;leak=south,west,north;off=;road=11;dip=0;cross=0;named=0;req=0;lake=89] kezamba[gates=east,south,west,north;cols=19;leak=east,south,west,north;off=;road=5;dip=0;cross=5;named=0;req=0;lake=82] nhal_veyr[gates=south,north;cols=5;leak=south,north;off=;road=0;dip=0;cross=0;named=0;req=0;lake=0]
8980988280727844827	51	5	12	0	33	1	8	0	0	highcourt[gates=;cols=0;leak=;off=;road=0;dip=0;cross=0;named=0;req=0;lake=0] dur_brannoc[gates=north;cols=1;leak=;off=;road=0;dip=0;cross=5;named=0;req=0;lake=0] gor_drazhak[gates=east,south,north;cols=13;leak=east,south,north;off=;road=15;dip=0;cross=0;named=0;req=0;lake=0] lethariel[gates=south,west,north;cols=10;leak=south,west,north;off=;road=15;dip=0;cross=0;named=0;req=0;lake=85] kezamba[gates=east,south,west,north;cols=16;leak=east,south,west,north;off=;road=3;dip=1;cross=0;named=0;req=0;lake=82] nhal_veyr[gates=east,south,west,north;cols=11;leak=south,north;off=;road=0;dip=0;cross=3;named=0;req=0;lake=0]
9580954328002146945	59	6	15	0	31	3	6	0	0	highcourt[gates=east,north;cols=7;leak=north;off=;road=0;dip=0;cross=0;named=0;req=0;lake=0] dur_brannoc[gates=east,north;cols=3;leak=north;off=;road=0;dip=0;cross=0;named=0;req=0;lake=0] gor_drazhak[gates=east,west,north;cols=14;leak=east,west,north;off=;road=10;dip=0;cross=0;named=0;req=0;lake=0] lethariel[gates=south,west,north;cols=13;leak=south,west,north;off=;road=11;dip=0;cross=1;named=0;req=0;lake=128] kezamba[gates=east,south,west,north;cols=18;leak=east,south,west,north;off=;road=10;dip=2;cross=3;named=0;req=0;lake=82] nhal_veyr[gates=east,west,north;cols=4;leak=east,west,north;off=;road=0;dip=1;cross=2;named=0;req=0;lake=0]
13735207929783793590	43	5	12	0	19	1	5	0	0	highcourt[gates=south,west;cols=9;leak=south,west;off=;road=0;dip=1;cross=2;named=0;req=0;lake=0] dur_brannoc[gates=;cols=0;leak=;off=;road=0;dip=0;cross=1;named=0;req=0;lake=0] gor_drazhak[gates=west,north;cols=3;leak=west,north;off=;road=0;dip=0;cross=0;named=0;req=0;lake=0] lethariel[gates=east,south,north;cols=10;leak=south,north;off=;road=12;dip=0;cross=0;named=0;req=0;lake=83] kezamba[gates=east,south,west,north;cols=14;leak=east,south,west,north;off=;road=7;dip=0;cross=1;named=0;req=0;lake=82] nhal_veyr[gates=west,north;cols=7;leak=west,north;off=;road=0;dip=0;cross=1;named=0;req=0;lake=0]
9899295537406215186	47	5	10	0	26	4	11	0	0	highcourt[gates=west;cols=9;leak=west;off=;road=0;dip=1;cross=0;named=0;req=0;lake=0] dur_brannoc[gates=;cols=0;leak=;off=;road=0;dip=0;cross=1;named=0;req=0;lake=0] gor_drazhak[gates=east,south,west,north;cols=12;leak=east,west,north;off=;road=0;dip=0;cross=1;named=0;req=0;lake=0] lethariel[gates=east,south,west,north;cols=17;leak=east,south,west;off=;road=26;dip=1;cross=3;named=0;req=0;lake=145] kezamba[gates=east,south,west,north;cols=8;leak=east,west,north;off=;road=0;dip=0;cross=3;named=0;req=0;lake=82] nhal_veyr[gates=north;cols=1;leak=;off=;road=0;dip=2;cross=3;named=0;req=0;lake=0]
5726084059744344512	37	6	9	0	46	2	3	0	0	highcourt[gates=north;cols=8;leak=north;off=;road=0;dip=0;cross=0;named=0;req=0;lake=0] dur_brannoc[gates=west,north;cols=4;leak=west,north;off=;road=0;dip=1;cross=0;named=0;req=0;lake=0] gor_drazhak[gates=east,south,west;cols=4;leak=east;off=;road=0;dip=1;cross=2;named=0;req=0;lake=0] lethariel[gates=east,south,west;cols=7;leak=south,west;off=;road=14;dip=0;cross=0;named=0;req=0;lake=89] kezamba[gates=east,south,north;cols=12;leak=east,north;off=;road=32;dip=0;cross=1;named=0;req=0;lake=82] nhal_veyr[gates=west;cols=2;leak=west;off=;road=0;dip=0;cross=0;named=0;req=0;lake=0]
13094141985803758170	45	5	12	0	42	2	4	0	0	highcourt[gates=;cols=0;leak=;off=;road=0;dip=0;cross=0;named=0;req=0;lake=0] dur_brannoc[gates=east,south,west;cols=9;leak=east,south,west;off=;road=0;dip=1;cross=1;named=0;req=0;lake=0] gor_drazhak[gates=east,south,west,north;cols=6;leak=south,north;off=;road=0;dip=0;cross=0;named=0;req=0;lake=0] lethariel[gates=south,west,north;cols=16;leak=south,west,north;off=;road=37;dip=0;cross=1;named=0;req=0;lake=124] kezamba[gates=east,south,west,north;cols=11;leak=east,south,west;off=;road=5;dip=0;cross=1;named=0;req=0;lake=82] nhal_veyr[gates=east,south;cols=3;leak=east;off=;road=0;dip=1;cross=1;named=0;req=0;lake=0]
1451272855318491438	59	5	9	0	60	3	7	0	0	highcourt[gates=east,west;cols=16;leak=east,west;off=;road=0;dip=0;cross=0;named=0;req=0;lake=0] dur_brannoc[gates=;cols=0;leak=;off=;road=0;dip=0;cross=1;named=0;req=0;lake=0] gor_drazhak[gates=east,south,west,north;cols=10;leak=west,north;off=;road=35;dip=2;cross=0;named=0;req=0;lake=0] lethariel[gates=east,south,north;cols=8;leak=south;off=;road=14;dip=1;cross=4;named=0;req=0;lake=152] kezamba[gates=east,south,west,north;cols=17;leak=east,south,west;off=;road=8;dip=0;cross=0;named=0;req=0;lake=82] nhal_veyr[gates=west,north;cols=8;leak=west;off=;road=3;dip=0;cross=2;named=0;req=0;lake=0]
7547589907258370542	58	6	14	0	15	1	6	0	0	highcourt[gates=east,south;cols=15;leak=east,south;off=;road=1;dip=0;cross=0;named=0;req=0;lake=0] dur_brannoc[gates=east,south,north;cols=9;leak=south,north;off=;road=0;dip=0;cross=0;named=0;req=0;lake=0] gor_drazhak[gates=east,south,west,north;cols=6;leak=south,west,north;off=;road=0;dip=0;cross=1;named=0;req=0;lake=0] lethariel[gates=south,west,north;cols=12;leak=south,north;off=;road=14;dip=1;cross=3;named=0;req=0;lake=152] kezamba[gates=east,south,west,north;cols=10;leak=south,west,north;off=;road=0;dip=0;cross=2;named=0;req=0;lake=82] nhal_veyr[gates=east,north;cols=6;leak=east,north;off=;road=0;dip=0;cross=0;named=0;req=0;lake=0]
4093263148550434734	63	5	13	0	44	0	1	0	0	highcourt[gates=east,west;cols=12;leak=east,west;off=;road=0;dip=0;cross=0;named=0;req=0;lake=0] dur_brannoc[gates=;cols=0;leak=;off=;road=0;dip=0;cross=0;named=0;req=0;lake=0] gor_drazhak[gates=east,south,west,north;cols=13;leak=south,west,north;off=;road=1;dip=0;cross=0;named=0;req=0;lake=0] lethariel[gates=east,south,west;cols=13;leak=east,south,west;off=;road=19;dip=0;cross=1;named=0;req=0;lake=86] kezamba[gates=east,south,west;cols=16;leak=east,south,west;off=;road=19;dip=0;cross=0;named=0;req=0;lake=82] nhal_veyr[gates=east,south;cols=9;leak=east,south;off=;road=5;dip=0;cross=0;named=0;req=0;lake=0]
8805379267306515202	57	5	10	0	24	2	4	0	0	highcourt[gates=south,west;cols=4;leak=south;off=;road=0;dip=0;cross=0;named=0;req=0;lake=0] dur_brannoc[gates=east;cols=11;leak=east;off=;road=0;dip=0;cross=0;named=0;req=0;lake=0] gor_drazhak[gates=east,south,west,north;cols=8;leak=east,north;off=;road=0;dip=0;cross=0;named=0;req=0;lake=0] lethariel[gates=east,south,west,north;cols=17;leak=east,south,north;off=;road=23;dip=1;cross=2;named=0;req=0;lake=147] kezamba[gates=east,south,west,north;cols=17;leak=south,west,north;off=;road=1;dip=1;cross=2;named=0;req=0;lake=82] nhal_veyr[gates=;cols=0;leak=;off=;road=0;dip=0;cross=0;named=0;req=0;lake=0]
17123504485228363969	56	6	13	0	42	0	6	0	0	highcourt[gates=west,north;cols=3;leak=west,north;off=;road=0;dip=0;cross=0;named=0;req=0;lake=0] dur_brannoc[gates=east,west,north;cols=5;leak=west,north;off=;road=0;dip=0;cross=0;named=0;req=0;lake=0] gor_drazhak[gates=south,west;cols=11;leak=south,west;off=;road=8;dip=0;cross=0;named=0;req=0;lake=0] lethariel[gates=south,west,north;cols=12;leak=south,west;off=;road=14;dip=0;cross=0;named=0;req=0;lake=88] kezamba[gates=east,south,west,north;cols=20;leak=east,south,west,north;off=;road=20;dip=0;cross=5;named=0;req=0;lake=82] nhal_veyr[gates=west;cols=5;leak=west;off=;road=0;dip=0;cross=1;named=0;req=0;lake=0]
7927746796349976847	60	6	10	0	47	1	9	0	0	highcourt[gates=east,north;cols=14;leak=east;off=;road=0;dip=0;cross=0;named=0;req=0;lake=0] dur_brannoc[gates=east,west;cols=4;leak=west;off=;road=3;dip=0;cross=2;named=0;req=0;lake=0] gor_drazhak[gates=east,south,north;cols=10;leak=east,south;off=;road=3;dip=0;cross=0;named=0;req=0;lake=0] lethariel[gates=east,south;cols=7;leak=east,south;off=;road=18;dip=0;cross=0;named=0;req=0;lake=85] kezamba[gates=east,south,west,north;cols=17;leak=south,west,north;off=;road=23;dip=1;cross=4;named=0;req=0;lake=82] nhal_veyr[gates=east,south;cols=8;leak=east;off=;road=0;dip=0;cross=3;named=0;req=0;lake=0]
14429518700006000534	38	5	8	0	24	2	7	0	0	highcourt[gates=;cols=0;leak=;off=;road=0;dip=0;cross=0;named=0;req=0;lake=0] dur_brannoc[gates=north;cols=1;leak=;off=;road=0;dip=0;cross=0;named=0;req=0;lake=0] gor_drazhak[gates=east,south,west,north;cols=15;leak=south,west;off=;road=1;dip=0;cross=0;named=0;req=0;lake=0] lethariel[gates=south,west;cols=8;leak=south,west;off=;road=15;dip=1;cross=6;named=0;req=0;lake=155] kezamba[gates=east,south,west,north;cols=13;leak=south,west,north;off=;road=8;dip=1;cross=1;named=0;req=0;lake=82] nhal_veyr[gates=north;cols=1;leak=north;off=;road=0;dip=0;cross=0;named=0;req=0;lake=0]
12860822765420952960	40	6	11	0	23	1	6	0	0	highcourt[gates=east;cols=2;leak=east;off=;road=0;dip=0;cross=0;named=0;req=0;lake=0] dur_brannoc[gates=west;cols=1;leak=;off=;road=0;dip=1;cross=0;named=0;req=0;lake=0] gor_drazhak[gates=south,west,north;cols=8;leak=west,north;off=;road=0;dip=0;cross=0;named=0;req=0;lake=0] lethariel[gates=east,south,west,north;cols=9;leak=east,south,west,north;off=;road=12;dip=0;cross=4;named=0;req=0;lake=155] kezamba[gates=east,south,west;cols=12;leak=east,south;off=;road=9;dip=0;cross=1;named=0;req=0;lake=82] nhal_veyr[gates=east,south;cols=8;leak=east,south;off=;road=2;dip=0;cross=1;named=0;req=0;lake=0]
8682907380683175177	36	6	13	0	21	0	10	0	0	highcourt[gates=west,north;cols=4;leak=west,north;off=;road=3;dip=0;cross=0;named=0;req=0;lake=0] dur_brannoc[gates=south;cols=1;leak=;off=;road=0;dip=0;cross=0;named=0;req=0;lake=0] gor_drazhak[gates=east,south,west,north;cols=7;leak=south,west,north;off=;road=0;dip=0;cross=0;named=0;req=0;lake=0] lethariel[gates=east,south,west;cols=9;leak=east,south,west;off=;road=12;dip=0;cross=5;named=0;req=0;lake=150] kezamba[gates=east,south,west,north;cols=9;leak=east,south,west,north;off=;road=0;dip=0;cross=0;named=0;req=0;lake=82] nhal_veyr[gates=south;cols=6;leak=south;off=;road=6;dip=0;cross=5;named=0;req=0;lake=0]
16347859178987113864	34	6	10	0	30	3	11	0	0	highcourt[gates=west;cols=8;leak=west;off=;road=5;dip=0;cross=0;named=0;req=0;lake=0] dur_brannoc[gates=east;cols=1;leak=east;off=;road=0;dip=1;cross=0;named=0;req=0;lake=0] gor_drazhak[gates=east,south;cols=4;leak=east;off=;road=0;dip=0;cross=0;named=0;req=0;lake=0] lethariel[gates=east,south,north;cols=9;leak=east,south,north;off=;road=18;dip=0;cross=2;named=0;req=0;lake=142] kezamba[gates=east,south,west,north;cols=10;leak=east,south,west,north;off=;road=7;dip=2;cross=5;named=0;req=0;lake=82] nhal_veyr[gates=west;cols=2;leak=;off=;road=0;dip=0;cross=4;named=0;req=0;lake=0]
2539444895356623563	33	5	9	0	33	1	6	0	0	highcourt[gates=south;cols=1;leak=south;off=;road=0;dip=0;cross=0;named=0;req=0;lake=0] dur_brannoc[gates=south,west;cols=2;leak=west;off=;road=0;dip=0;cross=0;named=0;req=0;lake=0] gor_drazhak[gates=east,west,north;cols=5;leak=east,west;off=;road=0;dip=0;cross=0;named=0;req=0;lake=0] lethariel[gates=east,south,west;cols=11;leak=east,south;off=;road=14;dip=0;cross=2;named=0;req=0;lake=150] kezamba[gates=east,south,west,north;cols=14;leak=south,west,north;off=;road=19;dip=0;cross=4;named=0;req=0;lake=82] nhal_veyr[gates=;cols=0;leak=;off=;road=0;dip=1;cross=0;named=0;req=0;lake=0]
11276661928177924166	47	6	14	0	23	4	3	0	0	highcourt[gates=east,north;cols=7;leak=east,north;off=;road=1;dip=1;cross=0;named=0;req=0;lake=0] dur_brannoc[gates=east,north;cols=2;leak=;off=;road=0;dip=0;cross=0;named=0;req=0;lake=0] gor_drazhak[gates=east,south,west,north;cols=13;leak=east,south,west,north;off=;road=4;dip=0;cross=0;named=0;req=0;lake=0] lethariel[gates=south;cols=5;leak=south;off=;road=14;dip=0;cross=1;named=0;req=0;lake=85] kezamba[gates=east,south,west,north;cols=10;leak=east,south,west,north;off=;road=4;dip=1;cross=1;named=0;req=0;lake=82] nhal_veyr[gates=east,west,north;cols=10;leak=east,west,north;off=;road=0;dip=2;cross=1;named=0;req=0;lake=0]
9469376632389957802	55	6	12	0	25	3	2	0	0	highcourt[gates=east;cols=1;leak=;off=;road=0;dip=0;cross=0;named=0;req=0;lake=0] dur_brannoc[gates=north;cols=1;leak=north;off=;road=0;dip=0;cross=0;named=0;req=0;lake=0] gor_drazhak[gates=east,south,west,north;cols=15;leak=east,west,north;off=;road=10;dip=0;cross=0;named=0;req=0;lake=0] lethariel[gates=south,west,north;cols=13;leak=south,west,north;off=;road=15;dip=1;cross=1;named=0;req=0;lake=124] kezamba[gates=east,south,west,north;cols=12;leak=west,north;off=;road=0;dip=2;cross=1;named=0;req=0;lake=82] nhal_veyr[gates=south,west,north;cols=13;leak=south,west,north;off=;road=0;dip=0;cross=0;named=0;req=0;lake=0]
17840315060185877060	44	6	15	0	19	1	8	0	0	highcourt[gates=east,south,west,north;cols=4;leak=east,north;off=;road=0;dip=0;cross=0;named=0;req=0;lake=0] dur_brannoc[gates=east,south,west;cols=8;leak=east,south,west;off=;road=0;dip=1;cross=2;named=0;req=0;lake=0] gor_drazhak[gates=south,west,north;cols=6;leak=west,north;off=;road=0;dip=0;cross=0;named=0;req=0;lake=0] lethariel[gates=east,south,west,north;cols=8;leak=east,south,north;off=;road=15;dip=0;cross=3;named=0;req=0;lake=151] kezamba[gates=east,south,west;cols=13;leak=east,south,west;off=;road=4;dip=0;cross=0;named=0;req=0;lake=82] nhal_veyr[gates=east,north;cols=5;leak=east,north;off=;road=0;dip=0;cross=3;named=0;req=0;lake=0]
10043192731901147055	58	5	10	0	30	0	1	0	0	highcourt[gates=west,north;cols=13;leak=west,north;off=;road=0;dip=0;cross=0;named=0;req=0;lake=0] dur_brannoc[gates=;cols=0;leak=;off=;road=0;dip=0;cross=0;named=0;req=0;lake=0] gor_drazhak[gates=east,south,west,north;cols=12;leak=east,north;off=;road=7;dip=0;cross=1;named=0;req=0;lake=0] lethariel[gates=south,west,north;cols=8;leak=south,west;off=;road=15;dip=0;cross=0;named=0;req=0;lake=88] kezamba[gates=east,south,west,north;cols=23;leak=east,south,west,north;off=;road=8;dip=0;cross=0;named=0;req=0;lake=82] nhal_veyr[gates=south,north;cols=2;leak=;off=;road=0;dip=0;cross=0;named=0;req=0;lake=0]
13151387229114106659	73	6	16	0	42	2	8	0	0	highcourt[gates=south,west,north;cols=17;leak=south,west,north;off=;road=0;dip=0;cross=0;named=0;req=0;lake=0] dur_brannoc[gates=south;cols=2;leak=south;off=;road=0;dip=0;cross=4;named=0;req=0;lake=0] gor_drazhak[gates=east,south,west,north;cols=13;leak=east,south,north;off=;road=3;dip=0;cross=0;named=0;req=0;lake=0] lethariel[gates=east,south,north;cols=14;leak=east,south;off=;road=18;dip=1;cross=3;named=0;req=0;lake=159] kezamba[gates=east,south,west,north;cols=19;leak=east,south,west,north;off=;road=19;dip=0;cross=0;named=0;req=0;lake=82] nhal_veyr[gates=east,west,north;cols=8;leak=east,west,north;off=;road=2;dip=1;cross=1;named=0;req=0;lake=0]
8542752821126866020	69	6	15	0	41	1	4	0	0	highcourt[gates=west,north;cols=7;leak=west;off=;road=0;dip=0;cross=1;named=0;req=0;lake=0] dur_brannoc[gates=east,west;cols=7;leak=east,west;off=;road=0;dip=0;cross=2;named=0;req=0;lake=0] gor_drazhak[gates=east,south,west,north;cols=17;leak=east,south,west,north;off=;road=2;dip=0;cross=0;named=0;req=0;lake=0] lethariel[gates=south,west,north;cols=11;leak=south,west,north;off=;road=36;dip=1;cross=0;named=0;req=0;lake=87] kezamba[gates=east,south,west,north;cols=18;leak=east,south,north;off=;road=1;dip=0;cross=0;named=0;req=0;lake=82] nhal_veyr[gates=west,north;cols=9;leak=west,north;off=;road=2;dip=0;cross=1;named=0;req=0;lake=0]
13121646001014010616	45	6	13	0	33	1	6	0	0	highcourt[gates=west;cols=1;leak=;off=;road=0;dip=0;cross=0;named=0;req=0;lake=0] dur_brannoc[gates=east,west;cols=6;leak=east,west;off=;road=0;dip=1;cross=1;named=0;req=0;lake=0] gor_drazhak[gates=east,south,west,north;cols=7;leak=south,north;off=;road=0;dip=0;cross=0;named=0;req=0;lake=0] lethariel[gates=south,west,north;cols=10;leak=south,west,north;off=;road=15;dip=0;cross=2;named=0;req=0;lake=154] kezamba[gates=east,south,west,north;cols=18;leak=east,south,west,north;off=;road=18;dip=0;cross=3;named=0;req=0;lake=82] nhal_veyr[gates=east,south;cols=3;leak=east,south;off=;road=0;dip=0;cross=0;named=0;req=0;lake=0]
3427671027419187611	30	5	7	0	18	2	5	0	0	highcourt[gates=west,north;cols=6;leak=west;off=;road=0;dip=0;cross=0;named=0;req=0;lake=0] dur_brannoc[gates=;cols=0;leak=;off=;road=0;dip=0;cross=0;named=0;req=0;lake=0] gor_drazhak[gates=east,south,north;cols=6;leak=east,north;off=;road=0;dip=0;cross=0;named=0;req=0;lake=0] lethariel[gates=south,north;cols=7;leak=south,north;off=;road=15;dip=2;cross=4;named=0;req=0;lake=150] kezamba[gates=east;cols=6;leak=east;off=;road=3;dip=0;cross=0;named=0;req=0;lake=82] nhal_veyr[gates=east,north;cols=5;leak=east;off=;road=0;dip=0;cross=1;named=0;req=0;lake=0]
14084802644947587159	40	4	10	0	20	1	12	0	0	highcourt[gates=south,west,north;cols=12;leak=south,west,north;off=;road=1;dip=0;cross=4;named=0;req=0;lake=0] dur_brannoc[gates=;cols=0;leak=;off=;road=0;dip=0;cross=0;named=0;req=0;lake=0] gor_drazhak[gates=east,west,north;cols=5;leak=east,west;off=;road=1;dip=0;cross=0;named=0;req=0;lake=0] lethariel[gates=south,west;cols=8;leak=south,west;off=;road=13;dip=0;cross=2;named=0;req=0;lake=153] kezamba[gates=east,south,west,north;cols=15;leak=south,west,north;off=;road=5;dip=1;cross=5;named=0;req=0;lake=82] nhal_veyr[gates=;cols=0;leak=;off=;road=0;dip=0;cross=1;named=0;req=0;lake=0]
6739656885418346387	58	6	14	0	28	7	7	0	0	highcourt[gates=south,west,north;cols=11;leak=south,west,north;off=;road=0;dip=0;cross=0;named=0;req=0;lake=0] dur_brannoc[gates=east,west;cols=2;leak=west;off=;road=0;dip=0;cross=0;named=0;req=0;lake=0] gor_drazhak[gates=east,south,west,north;cols=9;leak=east,west,north;off=;road=0;dip=3;cross=0;named=0;req=0;lake=0] lethariel[gates=south,west,north;cols=10;leak=south,west,north;off=;road=15;dip=2;cross=4;named=0;req=0;lake=153] kezamba[gates=east,south,west;cols=18;leak=east,south,west;off=;road=12;dip=2;cross=1;named=0;req=0;lake=82] nhal_veyr[gates=west;cols=8;leak=west;off=;road=1;dip=0;cross=2;named=0;req=0;lake=0]
6959200294933323818	58	6	11	0	35	3	12	0	0	highcourt[gates=west,north;cols=5;leak=west;off=;road=0;dip=1;cross=0;named=0;req=0;lake=0] dur_brannoc[gates=south,west;cols=2;leak=south;off=;road=0;dip=0;cross=0;named=0;req=0;lake=0] gor_drazhak[gates=east,south,west,north;cols=19;leak=south,west,north;off=;road=6;dip=1;cross=8;named=0;req=0;lake=0] lethariel[gates=south,west;cols=7;leak=south,west;off=;road=15;dip=0;cross=2;named=0;req=0;lake=154] kezamba[gates=east,west,north;cols=17;leak=east,west,north;off=;road=14;dip=1;cross=0;named=0;req=0;lake=82] nhal_veyr[gates=south;cols=8;leak=south;off=;road=0;dip=0;cross=2;named=0;req=0;lake=0]
7950299496086484370	59	6	10	0	40	4	10	0	0	highcourt[gates=east,west;cols=4;leak=east;off=;road=0;dip=2;cross=6;named=0;req=0;lake=0] dur_brannoc[gates=east,south;cols=5;leak=;off=;road=0;dip=0;cross=0;named=0;req=0;lake=0] gor_drazhak[gates=south,west;cols=7;leak=south;off=;road=5;dip=0;cross=1;named=0;req=0;lake=0] lethariel[gates=south,west,north;cols=14;leak=south,west,north;off=;road=18;dip=0;cross=2;named=0;req=0;lake=127] kezamba[gates=east,south,west,north;cols=15;leak=east,south,north;off=;road=15;dip=1;cross=1;named=0;req=0;lake=82] nhal_veyr[gates=east,south;cols=14;leak=east,south;off=;road=2;dip=1;cross=0;named=0;req=0;lake=0]
7070241454117857495	44	6	11	0	26	1	5	0	0	highcourt[gates=east,south;cols=7;leak=south;off=;road=6;dip=1;cross=0;named=0;req=0;lake=0] dur_brannoc[gates=east,south,north;cols=5;leak=east,south,north;off=;road=0;dip=0;cross=0;named=0;req=0;lake=0] gor_drazhak[gates=east,south,west,north;cols=10;leak=south,north;off=;road=0;dip=0;cross=0;named=0;req=0;lake=0] lethariel[gates=east,south,west;cols=8;leak=east,south;off=;road=20;dip=0;cross=2;named=0;req=0;lake=155] kezamba[gates=east,south,west;cols=13;leak=east,south,west;off=;road=0;dip=0;cross=1;named=0;req=0;lake=82] nhal_veyr[gates=west;cols=1;leak=;off=;road=0;dip=0;cross=2;named=0;req=0;lake=0]
2626415936881148555	50	6	14	0	31	2	5	0	0	highcourt[gates=east,south;cols=10;leak=east,south;off=;road=0;dip=1;cross=0;named=0;req=0;lake=0] dur_brannoc[gates=west;cols=1;leak=;off=;road=0;dip=0;cross=0;named=0;req=0;lake=0] gor_drazhak[gates=east,south;cols=4;leak=east,south;off=;road=0;dip=0;cross=0;named=0;req=0;lake=0] lethariel[gates=east,south,west,north;cols=10;leak=east,south,west,north;off=;road=14;dip=0;cross=0;named=0;req=0;lake=88] kezamba[gates=east,south,west,north;cols=14;leak=east,west,north;off=;road=17;dip=1;cross=0;named=0;req=0;lake=82] nhal_veyr[gates=east,south,west,north;cols=11;leak=east,west,north;off=;road=0;dip=0;cross=5;named=0;req=0;lake=0]
4068046742388606267	65	5	13	0	19	0	3	0	0	highcourt[gates=east,south,west,north;cols=16;leak=south;off=;road=2;dip=0;cross=0;named=0;req=0;lake=0] dur_brannoc[gates=;cols=0;leak=;off=;road=0;dip=0;cross=0;named=0;req=0;lake=0] gor_drazhak[gates=east,south,west,north;cols=12;leak=east,south,north;off=;road=0;dip=0;cross=0;named=0;req=0;lake=0] lethariel[gates=east,south,west,north;cols=11;leak=east,south,west;off=;road=14;dip=0;cross=2;named=0;req=0;lake=128] kezamba[gates=east,south,west,north;cols=19;leak=east,south,west,north;off=;road=3;dip=0;cross=0;named=0;req=0;lake=82] nhal_veyr[gates=east,south;cols=7;leak=east,south;off=;road=0;dip=0;cross=1;named=0;req=0;lake=0]
681662375904397414	56	6	14	0	29	4	14	0	0	highcourt[gates=east;cols=1;leak=east;off=;road=0;dip=2;cross=3;named=0;req=0;lake=0] dur_brannoc[gates=west;cols=8;leak=west;off=;road=0;dip=0;cross=0;named=0;req=0;lake=0] gor_drazhak[gates=east,south,west;cols=11;leak=east,south,west;off=;road=15;dip=0;cross=0;named=0;req=0;lake=0] lethariel[gates=east,south,west,north;cols=13;leak=east,south,west,north;off=;road=13;dip=1;cross=4;named=0;req=0;lake=155] kezamba[gates=east,south,west,north;cols=16;leak=east,south,west,north;off=;road=1;dip=0;cross=3;named=0;req=0;lake=82] nhal_veyr[gates=east,north;cols=7;leak=east;off=;road=0;dip=1;cross=4;named=0;req=0;lake=0]
6946941727073070250	41	6	12	0	23	0	4	0	0	highcourt[gates=south;cols=1;leak=south;off=;road=0;dip=0;cross=0;named=0;req=0;lake=0] dur_brannoc[gates=west;cols=1;leak=west;off=;road=0;dip=0;cross=1;named=0;req=0;lake=0] gor_drazhak[gates=east,south,west,north;cols=11;leak=east,west,north;off=;road=0;dip=0;cross=0;named=0;req=0;lake=0] lethariel[gates=south,north;cols=8;leak=south,north;off=;road=15;dip=0;cross=3;named=0;req=0;lake=151] kezamba[gates=east,south,west,north;cols=19;leak=east,south,west,north;off=;road=8;dip=0;cross=0;named=0;req=0;lake=82] nhal_veyr[gates=north;cols=1;leak=north;off=;road=0;dip=0;cross=0;named=0;req=0;lake=0]
15886449741471832109	44	6	13	0	15	2	1	0	0	highcourt[gates=north;cols=1;leak=north;off=;road=0;dip=0;cross=0;named=0;req=0;lake=0] dur_brannoc[gates=north;cols=6;leak=north;off=;road=0;dip=1;cross=0;named=0;req=0;lake=0] gor_drazhak[gates=east,south,west,north;cols=11;leak=east,south;off=;road=0;dip=0;cross=1;named=0;req=0;lake=0] lethariel[gates=east,south,west,north;cols=12;leak=east,south,north;off=;road=15;dip=0;cross=0;named=0;req=0;lake=86] kezamba[gates=east,south,west,north;cols=12;leak=east,south,west,north;off=;road=0;dip=0;cross=0;named=0;req=0;lake=82] nhal_veyr[gates=east,south;cols=2;leak=east,south;off=;road=0;dip=1;cross=0;named=0;req=0;lake=0]
2721744485437540940	45	6	12	0	26	3	9	0	0	highcourt[gates=east,north;cols=2;leak=north;off=;road=0;dip=0;cross=0;named=0;req=0;lake=0] dur_brannoc[gates=west,north;cols=2;leak=north;off=;road=0;dip=0;cross=2;named=0;req=0;lake=0] gor_drazhak[gates=east,south,west,north;cols=13;leak=east,south,north;off=;road=3;dip=0;cross=0;named=0;req=0;lake=0] lethariel[gates=east,south,west,north;cols=9;leak=east,south,north;off=;road=18;dip=1;cross=6;named=0;req=0;lake=154] kezamba[gates=east,south,west;cols=10;leak=east,south,west;off=;road=5;dip=0;cross=1;named=0;req=0;lake=82] nhal_veyr[gates=east,south;cols=9;leak=east;off=;road=0;dip=2;cross=0;named=0;req=0;lake=0]
3118603472624195771	50	5	9	0	49	2	8	0	0	highcourt[gates=;cols=0;leak=;off=;road=0;dip=0;cross=0;named=0;req=0;lake=0] dur_brannoc[gates=north;cols=1;leak=;off=;road=0;dip=0;cross=2;named=0;req=0;lake=0] gor_drazhak[gates=east,south,west,north;cols=14;leak=east,south,north;off=;road=5;dip=1;cross=0;named=0;req=0;lake=0] lethariel[gates=south,north;cols=7;leak=south;off=;road=17;dip=1;cross=4;named=0;req=0;lake=148] kezamba[gates=east,south,west,north;cols=22;leak=east,south,west,north;off=;road=27;dip=0;cross=1;named=0;req=0;lake=82] nhal_veyr[gates=north;cols=6;leak=north;off=;road=0;dip=0;cross=1;named=0;req=0;lake=0]
18197100996547393295	59	6	13	0	16	1	5	0	0	highcourt[gates=west,north;cols=8;leak=west;off=;road=0;dip=0;cross=0;named=0;req=0;lake=0] dur_brannoc[gates=south,north;cols=12;leak=north;off=;road=0;dip=1;cross=0;named=0;req=0;lake=0] gor_drazhak[gates=east,south,west,north;cols=10;leak=east,south,west;off=;road=1;dip=0;cross=0;named=0;req=0;lake=0] lethariel[gates=east,south,west,north;cols=16;leak=east,south,west,north;off=;road=15;dip=0;cross=4;named=0;req=0;lake=147] kezamba[gates=east,south,west,north;cols=10;leak=east,west,north;off=;road=0;dip=0;cross=0;named=0;req=0;lake=82] nhal_veyr[gates=east,west;cols=3;leak=west;off=;road=0;dip=0;cross=1;named=0;req=0;lake=0]
17415913386422530034	61	6	14	0	57	0	10	0	0	highcourt[gates=east,south,west,north;cols=7;leak=east,south,west,north;off=;road=0;dip=0;cross=5;named=0;req=0;lake=0] dur_brannoc[gates=west,north;cols=2;leak=;off=;road=0;dip=0;cross=2;named=0;req=0;lake=0] gor_drazhak[gates=east,south,west,north;cols=15;leak=east,south,west,north;off=;road=32;dip=0;cross=0;named=0;req=0;lake=0] lethariel[gates=south,west,north;cols=11;leak=south,west,north;off=;road=16;dip=0;cross=0;named=0;req=0;lake=84] kezamba[gates=east,south,west,north;cols=18;leak=south,west;off=;road=7;dip=0;cross=2;named=0;req=0;lake=82] nhal_veyr[gates=north;cols=8;leak=north;off=;road=2;dip=0;cross=1;named=0;req=0;lake=0]
6165981489295865760	55	5	14	0	38	2	4	0	0	highcourt[gates=east,west;cols=4;leak=west;off=;road=0;dip=0;cross=0;named=0;req=0;lake=0] dur_brannoc[gates=;cols=0;leak=;off=;road=0;dip=0;cross=1;named=0;req=0;lake=0] gor_drazhak[gates=east,south,west,north;cols=10;leak=east,south,west,north;off=;road=0;dip=0;cross=0;named=0;req=0;lake=0] lethariel[gates=east,south,west,north;cols=16;leak=east,south,west,north;off=;road=19;dip=0;cross=2;named=0;req=0;lake=149] kezamba[gates=east,south,west,north;cols=22;leak=east,south,west,north;off=;road=19;dip=1;cross=1;named=0;req=0;lake=82] nhal_veyr[gates=south,west;cols=3;leak=west;off=;road=0;dip=1;cross=0;named=0;req=0;lake=0]
12618078572367294504	43	6	9	0	22	3	6	0	0	highcourt[gates=south,west,north;cols=7;leak=south;off=;road=0;dip=0;cross=0;named=0;req=0;lake=0] dur_brannoc[gates=south;cols=2;leak=south;off=;road=0;dip=0;cross=0;named=0;req=0;lake=0] gor_drazhak[gates=east,south,north;cols=3;leak=south,north;off=;road=0;dip=0;cross=0;named=0;req=0;lake=0] lethariel[gates=south,west,north;cols=10;leak=south,west,north;off=;road=15;dip=1;cross=0;named=0;req=0;lake=86] kezamba[gates=east,south,west,north;cols=13;leak=south;off=;road=1;dip=2;cross=3;named=0;req=0;lake=82] nhal_veyr[gates=east,west;cols=8;leak=west;off=;road=6;dip=0;cross=3;named=0;req=0;lake=0]
1923180004749218548	46	6	11	0	23	2	3	0	0	highcourt[gates=north;cols=1;leak=north;off=;road=0;dip=0;cross=1;named=0;req=0;lake=0] dur_brannoc[gates=east,west;cols=2;leak=west;off=;road=0;dip=0;cross=0;named=0;req=0;lake=0] gor_drazhak[gates=east,south,west,north;cols=15;leak=east,south;off=;road=6;dip=0;cross=0;named=0;req=0;lake=0] lethariel[gates=south,west,north;cols=13;leak=south,west;off=;road=15;dip=1;cross=1;named=0;req=0;lake=85] kezamba[gates=east,south,north;cols=12;leak=east,south,north;off=;road=2;dip=0;cross=0;named=0;req=0;lake=82] nhal_veyr[gates=south,west;cols=3;leak=south,west;off=;road=0;dip=1;cross=1;named=0;req=0;lake=0]
3844521293757908988	62	6	11	0	21	1	5	0	0	highcourt[gates=east,west;cols=8;leak=east,west;off=;road=0;dip=0;cross=1;named=0;req=0;lake=0] dur_brannoc[gates=east,west;cols=10;leak=east;off=;road=0;dip=0;cross=2;named=0;req=0;lake=0] gor_drazhak[gates=west,north;cols=8;leak=north;off=;road=0;dip=0;cross=0;named=0;req=0;lake=0] lethariel[gates=east,south,west,north;cols=18;leak=east,south,north;off=;road=15;dip=0;cross=0;named=0;req=0;lake=127] kezamba[gates=east,south,west,north;cols=17;leak=east,south,west,north;off=;road=6;dip=1;cross=1;named=0;req=0;lake=82] nhal_veyr[gates=south;cols=1;leak=;off=;road=0;dip=0;cross=1;named=0;req=0;lake=0]
6584068884421996514	65	6	13	0	41	2	4	0	0	highcourt[gates=south;cols=7;leak=south;off=;road=1;dip=0;cross=0;named=0;req=0;lake=0] dur_brannoc[gates=east,north;cols=4;leak=east,north;off=;road=0;dip=0;cross=0;named=0;req=0;lake=0] gor_drazhak[gates=east,west,north;cols=13;leak=west;off=;road=3;dip=1;cross=0;named=0;req=0;lake=0] lethariel[gates=east,south,west;cols=13;leak=east,south,west;off=;road=27;dip=0;cross=3;named=0;req=0;lake=128] kezamba[gates=east,south,west,north;cols=15;leak=east,west,north;off=;road=10;dip=1;cross=0;named=0;req=0;lake=82] nhal_veyr[gates=east,south,west,north;cols=13;leak=east,west,north;off=;road=0;dip=0;cross=1;named=0;req=0;lake=0]
18014498326101973346	51	5	8	0	38	2	4	0	0	highcourt[gates=east,south,north;cols=6;leak=east,south;off=;road=0;dip=0;cross=0;named=0;req=0;lake=0] dur_brannoc[gates=;cols=0;leak=;off=;road=0;dip=0;cross=0;named=0;req=0;lake=0] gor_drazhak[gates=south,west;cols=8;leak=;off=;road=4;dip=0;cross=0;named=0;req=0;lake=0] lethariel[gates=south,west;cols=10;leak=south,west;off=;road=22;dip=2;cross=0;named=0;req=0;lake=144] kezamba[gates=east,south,west,north;cols=22;leak=east,south,west;off=;road=12;dip=0;cross=0;named=0;req=0;lake=82] nhal_veyr[gates=east;cols=5;leak=east;off=;road=0;dip=0;cross=4;named=0;req=0;lake=0]
14441319275569780537	37	5	11	0	54	0	9	0	0	highcourt[gates=east,south;cols=2;leak=east;off=;road=0;dip=0;cross=1;named=0;req=0;lake=0] dur_brannoc[gates=south,west;cols=4;leak=south,west;off=;road=0;dip=0;cross=1;named=0;req=0;lake=0] gor_drazhak[gates=;cols=0;leak=;off=;road=0;dip=0;cross=0;named=0;req=0;lake=0] lethariel[gates=east,south,west,north;cols=14;leak=east,south,west,north;off=;road=16;dip=0;cross=4;named=0;req=0;lake=151] kezamba[gates=east,south,west,north;cols=16;leak=south,west,north;off=;road=38;dip=0;cross=3;named=0;req=0;lake=82] nhal_veyr[gates=west;cols=1;leak=west;off=;road=0;dip=0;cross=0;named=0;req=0;lake=0]
1530076063032820478	40	5	8	0	24	1	11	0	0	highcourt[gates=;cols=0;leak=;off=;road=0;dip=0;cross=0;named=0;req=0;lake=0] dur_brannoc[gates=east;cols=2;leak=east;off=;road=0;dip=0;cross=2;named=0;req=0;lake=0] gor_drazhak[gates=east,south,west;cols=12;leak=east,south;off=;road=5;dip=0;cross=0;named=0;req=0;lake=0] lethariel[gates=south,west;cols=6;leak=south;off=;road=14;dip=0;cross=4;named=0;req=0;lake=147] kezamba[gates=east,south,west,north;cols=14;leak=east,north;off=;road=5;dip=0;cross=0;named=0;req=0;lake=82] nhal_veyr[gates=south,north;cols=6;leak=south,north;off=;road=0;dip=1;cross=5;named=0;req=0;lake=0]
12702643102468657816	71	6	13	0	69	0	4	0	0	highcourt[gates=east,south;cols=16;leak=east,south;off=;road=2;dip=0;cross=0;named=0;req=0;lake=0] dur_brannoc[gates=east,south,west;cols=8;leak=south;off=;road=6;dip=0;cross=0;named=0;req=0;lake=0] gor_drazhak[gates=east,south,west;cols=11;leak=south,west;off=;road=35;dip=0;cross=0;named=0;req=0;lake=0] lethariel[gates=east,south,west,north;cols=10;leak=east,south,west;off=;road=15;dip=0;cross=0;named=0;req=0;lake=85] kezamba[gates=east,south,west,north;cols=15;leak=south,west,north;off=;road=8;dip=0;cross=3;named=0;req=0;lake=82] nhal_veyr[gates=east,south,north;cols=11;leak=east,south;off=;road=3;dip=0;cross=1;named=0;req=0;lake=0]
4855992227934226974	51	6	11	0	61	0	8	0	0	highcourt[gates=east,south,west;cols=10;leak=east;off=;road=7;dip=0;cross=3;named=0;req=0;lake=0] dur_brannoc[gates=east,south,north;cols=3;leak=south;off=;road=0;dip=0;cross=0;named=0;req=0;lake=0] gor_drazhak[gates=east,south,west,north;cols=15;leak=east,south,west;off=;road=16;dip=0;cross=0;named=0;req=0;lake=0] lethariel[gates=east,south,west,north;cols=11;leak=south,west,north;off=;road=29;dip=0;cross=3;named=0;req=0;lake=153] kezamba[gates=east,south,west,north;cols=9;leak=east,west,north;off=;road=9;dip=0;cross=1;named=0;req=0;lake=82] nhal_veyr[gates=east,west;cols=3;leak=;off=;road=0;dip=0;cross=1;named=0;req=0;lake=0]
4930130712268812616	48	6	10	0	26	3	9	0	0	highcourt[gates=west;cols=1;leak=;off=;road=0;dip=0;cross=0;named=0;req=0;lake=0] dur_brannoc[gates=south;cols=7;leak=south;off=;road=0;dip=0;cross=2;named=0;req=0;lake=0] gor_drazhak[gates=east,south,west,north;cols=7;leak=south,north;off=;road=0;dip=0;cross=0;named=0;req=0;lake=0] lethariel[gates=east,south,west,north;cols=13;leak=east,south,west,north;off=;road=16;dip=0;cross=0;named=0;req=0;lake=88] kezamba[gates=east,south;cols=13;leak=east,south;off=;road=10;dip=1;cross=3;named=0;req=0;lake=82] nhal_veyr[gates=east,south,north;cols=7;leak=east;off=;road=0;dip=2;cross=4;named=0;req=0;lake=0]
8087015556336599176	40	5	13	0	34	2	6	0	0	highcourt[gates=west;cols=1;leak=west;off=;road=0;dip=0;cross=0;named=0;req=0;lake=0] dur_brannoc[gates=east,south,west;cols=8;leak=east,west;off=;road=0;dip=0;cross=0;named=0;req=0;lake=0] gor_drazhak[gates=east,south,west,north;cols=8;leak=east,west,north;off=;road=2;dip=0;cross=0;named=0;req=0;lake=0] lethariel[gates=east,south,west,north;cols=10;leak=east,south,west,north;off=;road=17;dip=0;cross=3;named=0;req=0;lake=149] kezamba[gates=east,south,west,north;cols=13;leak=east,south,west;off=;road=15;dip=1;cross=3;named=0;req=0;lake=82] nhal_veyr[gates=;cols=0;leak=;off=;road=0;dip=1;cross=0;named=0;req=0;lake=0]
398654067273040517	36	5	10	0	25	1	4	0	0	highcourt[gates=south,west;cols=2;leak=west;off=;road=0;dip=0;cross=0;named=0;req=0;lake=0] dur_brannoc[gates=east,north;cols=14;leak=east,north;off=;road=0;dip=1;cross=1;named=0;req=0;lake=0] gor_drazhak[gates=east,south,west,north;cols=4;leak=west;off=;road=0;dip=0;cross=0;named=0;req=0;lake=0] lethariel[gates=east,south,north;cols=7;leak=south,north;off=;road=14;dip=0;cross=2;named=0;req=0;lake=88] kezamba[gates=east,south,west,north;cols=9;leak=east,south,west,north;off=;road=11;dip=0;cross=1;named=0;req=0;lake=82] nhal_veyr[gates=;cols=0;leak=;off=;road=0;dip=0;cross=0;named=0;req=0;lake=0]
2918782725690111152	46	6	12	0	69	4	7	0	0	highcourt[gates=east;cols=1;leak=;off=;road=0;dip=0;cross=1;named=0;req=0;lake=0] dur_brannoc[gates=east,south;cols=9;leak=east,south;off=;road=0;dip=0;cross=0;named=0;req=0;lake=0] gor_drazhak[gates=south,west,north;cols=7;leak=south,north;off=;road=17;dip=2;cross=0;named=0;req=0;lake=0] lethariel[gates=east,south,north;cols=14;leak=east,south,north;off=;road=49;dip=2;cross=5;named=0;req=0;lake=150] kezamba[gates=east,south,west,north;cols=13;leak=east,south,west,north;off=;road=3;dip=0;cross=1;named=0;req=0;lake=82] nhal_veyr[gates=east,west;cols=2;leak=west;off=;road=0;dip=0;cross=0;named=0;req=0;lake=0]
1965661194820635139	42	5	10	0	25	1	3	0	0	highcourt[gates=east,south;cols=9;leak=south;off=;road=11;dip=0;cross=0;named=0;req=0;lake=0] dur_brannoc[gates=east;cols=2;leak=east;off=;road=0;dip=0;cross=1;named=0;req=0;lake=0] gor_drazhak[gates=east,south,west,north;cols=8;leak=east,south,north;off=;road=0;dip=0;cross=0;named=0;req=0;lake=0] lethariel[gates=south,west;cols=8;leak=south,west;off=;road=14;dip=1;cross=2;named=0;req=0;lake=153] kezamba[gates=east,south,west,north;cols=15;leak=east,south,north;off=;road=0;dip=0;cross=0;named=0;req=0;lake=82] nhal_veyr[gates=;cols=0;leak=;off=;road=0;dip=0;cross=0;named=0;req=0;lake=0]
15236188817815462330	45	5	12	0	68	1	12	0	0	highcourt[gates=east,south;cols=4;leak=east,south;off=;road=0;dip=1;cross=0;named=0;req=0;lake=0] dur_brannoc[gates=;cols=0;leak=;off=;road=0;dip=0;cross=4;named=0;req=0;lake=0] gor_drazhak[gates=east,south,west;cols=12;leak=east,south,west;off=;road=36;dip=0;cross=1;named=0;req=0;lake=0] lethariel[gates=east,south,west;cols=8;leak=south,west;off=;road=16;dip=0;cross=0;named=0;req=0;lake=122] kezamba[gates=east,south,west,north;cols=12;leak=east,south,west;off=;road=4;dip=0;cross=5;named=0;req=0;lake=82] nhal_veyr[gates=east,west;cols=9;leak=east,west;off=;road=12;dip=0;cross=2;named=0;req=0;lake=0]
18039570569385456436	55	6	13	0	38	2	12	0	0	highcourt[gates=east,south,north;cols=4;leak=east;off=;road=0;dip=0;cross=0;named=0;req=0;lake=0] dur_brannoc[gates=south,west;cols=11;leak=south;off=;road=0;dip=0;cross=0;named=0;req=0;lake=0] gor_drazhak[gates=east,north;cols=6;leak=north;off=;road=14;dip=0;cross=1;named=0;req=0;lake=0] lethariel[gates=east,south,west,north;cols=15;leak=east,south,west,north;off=;road=17;dip=0;cross=6;named=0;req=0;lake=159] kezamba[gates=east,south,west,north;cols=16;leak=east,south,west,north;off=;road=7;dip=0;cross=1;named=0;req=0;lake=82] nhal_veyr[gates=west,north;cols=3;leak=west,north;off=;road=0;dip=2;cross=4;named=0;req=0;lake=0]
18342628316766334297	37	6	11	0	28	0	2	0	0	highcourt[gates=east;cols=1;leak=east;off=;road=0;dip=0;cross=0;named=0;req=0;lake=0] dur_brannoc[gates=east,west,north;cols=3;leak=west;off=;road=0;dip=0;cross=0;named=0;req=0;lake=0] gor_drazhak[gates=east,west,north;cols=14;leak=east,west,north;off=;road=15;dip=0;cross=0;named=0;req=0;lake=0] lethariel[gates=east,south;cols=9;leak=east,south;off=;road=13;dip=0;cross=2;named=0;req=0;lake=124] kezamba[gates=east,south,west;cols=9;leak=east,south,west;off=;road=0;dip=0;cross=0;named=0;req=0;lake=82] nhal_veyr[gates=west;cols=1;leak=west;off=;road=0;dip=0;cross=0;named=0;req=0;lake=0]
17310136206089631483	60	6	10	0	37	1	4	0	0	highcourt[gates=south,west;cols=12;leak=west;off=;road=0;dip=0;cross=1;named=0;req=0;lake=0] dur_brannoc[gates=east,west,north;cols=8;leak=west;off=;road=0;dip=0;cross=0;named=0;req=0;lake=0] gor_drazhak[gates=east,south,west,north;cols=14;leak=south,north;off=;road=2;dip=0;cross=0;named=0;req=0;lake=0] lethariel[gates=east,south,west,north;cols=13;leak=east,south,west;off=;road=15;dip=0;cross=3;named=0;req=0;lake=149] kezamba[gates=east,south,west,north;cols=12;leak=east,west,north;off=;road=20;dip=1;cross=0;named=0;req=0;lake=82] nhal_veyr[gates=west;cols=1;leak=;off=;road=0;dip=0;cross=0;named=0;req=0;lake=0]
1208724562299944836	46	6	10	0	29	1	3	0	0	highcourt[gates=west;cols=7;leak=west;off=;road=0;dip=0;cross=0;named=0;req=0;lake=0] dur_brannoc[gates=west,north;cols=5;leak=north;off=;road=5;dip=0;cross=1;named=0;req=0;lake=0] gor_drazhak[gates=east,south,west;cols=6;leak=east;off=;road=0;dip=0;cross=0;named=0;req=0;lake=0] lethariel[gates=east,south,west,north;cols=15;leak=east,south,north;off=;road=18;dip=0;cross=0;named=0;req=0;lake=85] kezamba[gates=east,south,west,north;cols=12;leak=east,south,west;off=;road=6;dip=1;cross=1;named=0;req=0;lake=82] nhal_veyr[gates=south;cols=1;leak=south;off=;road=0;dip=0;cross=1;named=0;req=0;lake=0]
7091191912874987668	31	5	8	0	26	2	6	0	0	highcourt[gates=north;cols=1;leak=;off=;road=0;dip=1;cross=1;named=0;req=0;lake=0] dur_brannoc[gates=west,north;cols=2;leak=west;off=;road=0;dip=0;cross=3;named=0;req=0;lake=0] gor_drazhak[gates=east,south,west;cols=12;leak=south,west;off=;road=2;dip=0;cross=0;named=0;req=0;lake=0] lethariel[gates=east,south,west;cols=9;leak=east,south,west;off=;road=24;dip=1;cross=1;named=0;req=0;lake=149] kezamba[gates=east,south,north;cols=7;leak=east,north;off=;road=0;dip=0;cross=1;named=0;req=0;lake=82] nhal_veyr[gates=;cols=0;leak=;off=;road=0;dip=0;cross=0;named=0;req=0;lake=0]
17181197134287225774	83	6	16	0	39	1	5	0	0	highcourt[gates=south,west,north;cols=28;leak=south,west,north;off=;road=9;dip=0;cross=0;named=0;req=0;lake=0] dur_brannoc[gates=east,south,west,north;cols=12;leak=east,south,north;off=;road=0;dip=0;cross=2;named=0;req=0;lake=0] gor_drazhak[gates=east,south;cols=10;leak=east,south;off=;road=7;dip=0;cross=0;named=0;req=0;lake=0] lethariel[gates=east,south,west,north;cols=10;leak=south,west,north;off=;road=15;dip=0;cross=2;named=0;req=0;lake=154] kezamba[gates=east,south,west,north;cols=16;leak=east,south,north;off=;road=8;dip=0;cross=0;named=0;req=0;lake=82] nhal_veyr[gates=east,south,north;cols=7;leak=east,north;off=;road=0;dip=1;cross=1;named=0;req=0;lake=0]
5218936401758240267	40	6	12	0	33	0	5	0	0	highcourt[gates=south;cols=2;leak=south;off=;road=0;dip=0;cross=1;named=0;req=0;lake=0] dur_brannoc[gates=south,west,north;cols=4;leak=north;off=;road=0;dip=0;cross=0;named=0;req=0;lake=0] gor_drazhak[gates=east,south,west,north;cols=8;leak=east,west,north;off=;road=11;dip=0;cross=1;named=0;req=0;lake=0] lethariel[gates=south,west,north;cols=12;leak=south,west,north;off=;road=18;dip=0;cross=3;named=0;req=0;lake=149] kezamba[gates=east,south,west,north;cols=11;leak=east,west,north;off=;road=4;dip=0;cross=0;named=0;req=0;lake=82] nhal_veyr[gates=north;cols=3;leak=north;off=;road=0;dip=0;cross=0;named=0;req=0;lake=0]
6645067110456208152	66	6	12	0	27	1	2	0	0	highcourt[gates=east,west,north;cols=7;leak=east,north;off=;road=0;dip=0;cross=0;named=0;req=0;lake=0] dur_brannoc[gates=east,west;cols=8;leak=east;off=;road=2;dip=0;cross=0;named=0;req=0;lake=0] gor_drazhak[gates=south,west,north;cols=10;leak=west,north;off=;road=0;dip=0;cross=0;named=0;req=0;lake=0] lethariel[gates=south,west;cols=7;leak=south;off=;road=13;dip=0;cross=2;named=0;req=0;lake=155] kezamba[gates=east,south,west,north;cols=21;leak=east,west,north;off=;road=12;dip=0;cross=0;named=0;req=0;lake=82] nhal_veyr[gates=south,west,north;cols=13;leak=south,west,north;off=;road=0;dip=1;cross=0;named=0;req=0;lake=0]
12283167925447661392	56	6	15	0	26	1	6	0	0	highcourt[gates=east,south,west,north;cols=9;leak=east,north;off=;road=0;dip=0;cross=1;named=0;req=0;lake=0] dur_brannoc[gates=east,south,west;cols=10;leak=south;off=;road=0;dip=0;cross=4;named=0;req=0;lake=0] gor_drazhak[gates=east,south,west,north;cols=7;leak=east,south,north;off=;road=0;dip=0;cross=0;named=0;req=0;lake=0] lethariel[gates=east,south,west;cols=8;leak=east,south,west;off=;road=14;dip=0;cross=0;named=0;req=0;lake=85] kezamba[gates=east,south,west,north;cols=15;leak=east,south,west,north;off=;road=12;dip=0;cross=1;named=0;req=0;lake=82] nhal_veyr[gates=east,south,west;cols=7;leak=east,south;off=;road=0;dip=1;cross=0;named=0;req=0;lake=0]
3884603298339960873	52	6	13	0	17	1	7	0	0	highcourt[gates=east,west,north;cols=9;leak=north;off=;road=0;dip=0;cross=0;named=0;req=0;lake=0] dur_brannoc[gates=east;cols=5;leak=east;off=;road=0;dip=0;cross=1;named=0;req=0;lake=0] gor_drazhak[gates=east,south,west,north;cols=17;leak=east,south,west,north;off=;road=5;dip=1;cross=0;named=0;req=0;lake=0] lethariel[gates=south,north;cols=8;leak=south,north;off=;road=12;dip=0;cross=4;named=0;req=0;lake=154] kezamba[gates=east,south,west,north;cols=11;leak=east,south,west,north;off=;road=0;dip=0;cross=1;named=0;req=0;lake=82] nhal_veyr[gates=south;cols=2;leak=south;off=;road=0;dip=0;cross=1;named=0;req=0;lake=0]
15373504249176734598	57	6	13	0	64	2	9	0	0	highcourt[gates=south,west;cols=6;leak=south,west;off=;road=0;dip=0;cross=0;named=0;req=0;lake=0] dur_brannoc[gates=east,south;cols=7;leak=south;off=;road=10;dip=1;cross=0;named=0;req=0;lake=0] gor_drazhak[gates=south,west,north;cols=11;leak=south,west,north;off=;road=4;dip=0;cross=0;named=0;req=0;lake=0] lethariel[gates=east,south,west,north;cols=23;leak=east,south,west,north;off=;road=40;dip=1;cross=4;named=0;req=0;lake=146] kezamba[gates=east,south,west;cols=8;leak=east,south,west;off=;road=10;dip=0;cross=5;named=0;req=0;lake=82] nhal_veyr[gates=west,north;cols=2;leak=;off=;road=0;dip=0;cross=0;named=0;req=0;lake=0]
7655711798378535765	53	6	14	0	30	2	5	0	0	highcourt[gates=south,north;cols=2;leak=south,north;off=;road=0;dip=0;cross=0;named=0;req=0;lake=0] dur_brannoc[gates=west;cols=1;leak=west;off=;road=0;dip=0;cross=0;named=0;req=0;lake=0] gor_drazhak[gates=south,west,north;cols=12;leak=west,north;off=;road=1;dip=0;cross=1;named=0;req=0;lake=0] lethariel[gates=south,west,north;cols=13;leak=south,west,north;off=;road=14;dip=2;cross=4;named=0;req=0;lake=150] kezamba[gates=east,south,west,north;cols=17;leak=east,south,west,north;off=;road=9;dip=0;cross=0;named=0;req=0;lake=82] nhal_veyr[gates=south,north;cols=8;leak=south,north;off=;road=6;dip=0;cross=0;named=0;req=0;lake=0]
8977053906526359739	45	6	12	0	24	1	2	0	0	highcourt[gates=east,west,north;cols=3;leak=east;off=;road=0;dip=0;cross=0;named=0;req=0;lake=0] dur_brannoc[gates=west;cols=1;leak=west;off=;road=0;dip=0;cross=0;named=0;req=0;lake=0] gor_drazhak[gates=east,south,west,north;cols=11;leak=south,north;off=;road=3;dip=1;cross=0;named=0;req=0;lake=0] lethariel[gates=east,south,west,north;cols=13;leak=east,south,west;off=;road=16;dip=0;cross=1;named=0;req=0;lake=147] kezamba[gates=east,south,west,north;cols=15;leak=east,south,west,north;off=;road=5;dip=0;cross=1;named=0;req=0;lake=82] nhal_veyr[gates=east;cols=2;leak=east;off=;road=0;dip=0;cross=0;named=0;req=0;lake=0]
8083391186420783633	46	6	8	0	20	0	4	0	0	highcourt[gates=south;cols=1;leak=;off=;road=0;dip=0;cross=0;named=0;req=0;lake=0] dur_brannoc[gates=east,south;cols=16;leak=east,south;off=;road=3;dip=0;cross=2;named=0;req=0;lake=0] gor_drazhak[gates=east,south,west;cols=7;leak=south;off=;road=0;dip=0;cross=0;named=0;req=0;lake=0] lethariel[gates=east,south,west;cols=13;leak=east,south,west;off=;road=15;dip=0;cross=0;named=0;req=0;lake=87] kezamba[gates=east,south,north;cols=7;leak=east,north;off=;road=2;dip=0;cross=1;named=0;req=0;lake=82] nhal_veyr[gates=south,north;cols=2;leak=;off=;road=0;dip=0;cross=1;named=0;req=0;lake=0]
13899442774998286106	43	6	10	0	26	2	8	0	0	highcourt[gates=north;cols=1;leak=north;off=;road=0;dip=0;cross=0;named=0;req=0;lake=0] dur_brannoc[gates=south,north;cols=4;leak=north;off=;road=0;dip=1;cross=5;named=0;req=0;lake=0] gor_drazhak[gates=east,north;cols=8;leak=east;off=;road=0;dip=0;cross=0;named=0;req=0;lake=0] lethariel[gates=east,south,west,north;cols=14;leak=south,west,north;off=;road=23;dip=0;cross=0;named=0;req=0;lake=130] kezamba[gates=east,south,west;cols=13;leak=east,south,west;off=;road=3;dip=0;cross=2;named=0;req=0;lake=82] nhal_veyr[gates=east,north;cols=3;leak=east;off=;road=0;dip=1;cross=1;named=0;req=0;lake=0]
6864459143792150239	50	6	13	0	42	0	1	0	0	highcourt[gates=south;cols=4;leak=south;off=;road=0;dip=0;cross=0;named=0;req=0;lake=0] dur_brannoc[gates=east;cols=1;leak=east;off=;road=0;dip=0;cross=1;named=0;req=0;lake=0] gor_drazhak[gates=east,south,west,north;cols=12;leak=east,south,west,north;off=;road=21;dip=0;cross=0;named=0;req=0;lake=0] lethariel[gates=east,south,west,north;cols=9;leak=east,south,west;off=;road=14;dip=0;cross=0;named=0;req=0;lake=123] kezamba[gates=east,south,west,north;cols=23;leak=east,south,west,north;off=;road=7;dip=0;cross=0;named=0;req=0;lake=82] nhal_veyr[gates=south;cols=1;leak=;off=;road=0;dip=0;cross=0;named=0;req=0;lake=0]
2945787421682877018	55	6	15	0	31	1	8	0	0	highcourt[gates=east,west,north;cols=11;leak=east,west,north;off=;road=3;dip=0;cross=0;named=0;req=0;lake=0] dur_brannoc[gates=east,north;cols=2;leak=east,north;off=;road=0;dip=0;cross=1;named=0;req=0;lake=0] gor_drazhak[gates=east,south,north;cols=5;leak=north;off=;road=0;dip=0;cross=0;named=0;req=0;lake=0] lethariel[gates=south,west,north;cols=16;leak=south,west,north;off=;road=17;dip=0;cross=0;named=0;req=0;lake=86] kezamba[gates=east,south,west,north;cols=12;leak=east,south,west,north;off=;road=8;dip=1;cross=3;named=0;req=0;lake=82] nhal_veyr[gates=west,north;cols=9;leak=west,north;off=;road=3;dip=0;cross=4;named=0;req=0;lake=0]
3187159220648160485	65	6	16	0	63	1	2	0	0	highcourt[gates=east,south,west;cols=9;leak=east,west;off=;road=3;dip=0;cross=0;named=0;req=0;lake=0] dur_brannoc[gates=south;cols=1;leak=south;off=;road=0;dip=0;cross=0;named=0;req=0;lake=0] gor_drazhak[gates=east,west,north;cols=19;leak=east,west,north;off=;road=23;dip=0;cross=0;named=0;req=0;lake=0] lethariel[gates=east,south,west,north;cols=18;leak=east,south,west,north;off=;road=21;dip=1;cross=2;named=0;req=0;lake=155] kezamba[gates=east,south,west,north;cols=11;leak=east,south,west,north;off=;road=4;dip=0;cross=0;named=0;req=0;lake=82] nhal_veyr[gates=east,south,west;cols=7;leak=east,south;off=;road=12;dip=0;cross=0;named=0;req=0;lake=0]
14115757444063357752	36	6	9	0	18	0	4	0	0	highcourt[gates=east;cols=1;leak=;off=;road=0;dip=0;cross=0;named=0;req=0;lake=0] dur_brannoc[gates=north;cols=1;leak=north;off=;road=0;dip=0;cross=0;named=0;req=0;lake=0] gor_drazhak[gates=east,west,north;cols=10;leak=west,north;off=;road=0;dip=0;cross=0;named=0;req=0;lake=0] lethariel[gates=east,south,north;cols=10;leak=south,north;off=;road=15;dip=0;cross=2;named=0;req=0;lake=146] kezamba[gates=east,south,west,north;cols=12;leak=south,west,north;off=;road=3;dip=0;cross=1;named=0;req=0;lake=82] nhal_veyr[gates=east,south;cols=2;leak=south;off=;road=0;dip=0;cross=1;named=0;req=0;lake=0]
2996960090633490375	56	5	13	0	25	0	0	0	0	highcourt[gates=east,south,north;cols=8;leak=east;off=;road=0;dip=0;cross=0;named=0;req=0;lake=0] dur_brannoc[gates=;cols=0;leak=;off=;road=0;dip=0;cross=0;named=0;req=0;lake=0] gor_drazhak[gates=east,south,west,north;cols=11;leak=east,south,north;off=;road=0;dip=0;cross=0;named=0;req=0;lake=0] lethariel[gates=east,south,west,north;cols=16;leak=east,south,west;off=;road=16;dip=0;cross=0;named=0;req=0;lake=83] kezamba[gates=east,south,west,north;cols=17;leak=east,south,west,north;off=;road=9;dip=0;cross=0;named=0;req=0;lake=82] nhal_veyr[gates=east,south,north;cols=4;leak=east,south;off=;road=0;dip=0;cross=0;named=0;req=0;lake=0]
12011297951403572710	44	6	9	0	21	4	8	0	0	highcourt[gates=east,south;cols=2;leak=south;off=;road=0;dip=1;cross=1;named=0;req=0;lake=0] dur_brannoc[gates=west;cols=9;leak=west;off=;road=0;dip=0;cross=0;named=0;req=0;lake=0] gor_drazhak[gates=east,south,west,north;cols=6;leak=east,south,north;off=;road=0;dip=1;cross=0;named=0;req=0;lake=0] lethariel[gates=east,south,west,north;cols=9;leak=east,south;off=;road=13;dip=1;cross=3;named=0;req=0;lake=146] kezamba[gates=east,south,west;cols=6;leak=;off=;road=6;dip=0;cross=1;named=0;req=0;lake=82] nhal_veyr[gates=east,north;cols=12;leak=east,north;off=;road=2;dip=1;cross=3;named=0;req=0;lake=0]
14785653829126429406	55	5	10	0	40	1	4	0	0	highcourt[gates=east,north;cols=12;leak=east,north;off=;road=5;dip=0;cross=1;named=0;req=0;lake=0] dur_brannoc[gates=;cols=0;leak=;off=;road=0;dip=0;cross=0;named=0;req=0;lake=0] gor_drazhak[gates=east,south,west,north;cols=17;leak=east,west,north;off=;road=1;dip=0;cross=0;named=0;req=0;lake=0] lethariel[gates=east,south,west,north;cols=8;leak=east,south;off=;road=15;dip=1;cross=0;named=0;req=0;lake=90] kezamba[gates=east,south,north;cols=14;leak=south,north;off=;road=19;dip=0;cross=1;named=0;req=0;lake=82] nhal_veyr[gates=north;cols=4;leak=north;off=;road=0;dip=0;cross=2;named=0;req=0;lake=0]
11885145842215287385	36	6	11	0	24	1	3	0	0	highcourt[gates=east,south,north;cols=4;leak=south,north;off=;road=0;dip=0;cross=0;named=0;req=0;lake=0] dur_brannoc[gates=north;cols=1;leak=north;off=;road=0;dip=0;cross=0;named=0;req=0;lake=0] gor_drazhak[gates=east;cols=3;leak=;off=;road=0;dip=0;cross=0;named=0;req=0;lake=0] lethariel[gates=south,west,north;cols=14;leak=south,west,north;off=;road=17;dip=0;cross=2;named=0;req=0;lake=155] kezamba[gates=east,south,west,north;cols=13;leak=east,south,west,north;off=;road=7;dip=1;cross=1;named=0;req=0;lake=82] nhal_veyr[gates=east;cols=1;leak=east;off=;road=0;dip=0;cross=0;named=0;req=0;lake=0]
5633483834388356326	61	6	13	0	24	0	3	0	0	highcourt[gates=east,south;cols=14;leak=east,south;off=;road=1;dip=0;cross=0;named=0;req=0;lake=0] dur_brannoc[gates=north;cols=1;leak=north;off=;road=0;dip=0;cross=0;named=0;req=0;lake=0] gor_drazhak[gates=east,south,west,north;cols=16;leak=east,south,west,north;off=;road=3;dip=0;cross=0;named=0;req=0;lake=0] lethariel[gates=south,west,north;cols=11;leak=south,north;off=;road=11;dip=0;cross=3;named=0;req=0;lake=124] kezamba[gates=east,south,west;cols=11;leak=east,west;off=;road=9;dip=0;cross=0;named=0;req=0;lake=82] nhal_veyr[gates=east,west;cols=8;leak=east,west;off=;road=0;dip=0;cross=0;named=0;req=0;lake=0]
11945639089235725434	36	6	9	0	22	1	7	0	0	highcourt[gates=south,north;cols=7;leak=south;off=;road=3;dip=1;cross=6;named=0;req=0;lake=0] dur_brannoc[gates=south,north;cols=2;leak=north;off=;road=0;dip=0;cross=0;named=0;req=0;lake=0] gor_drazhak[gates=east,south,north;cols=6;leak=east,south;off=;road=0;dip=0;cross=1;named=0;req=0;lake=0] lethariel[gates=south,west,north;cols=11;leak=south,west,north;off=;road=16;dip=0;cross=0;named=0;req=0;lake=87] kezamba[gates=east,south,west,north;cols=9;leak=west,north;off=;road=3;dip=0;cross=0;named=0;req=0;lake=82] nhal_veyr[gates=west;cols=1;leak=;off=;road=0;dip=0;cross=0;named=0;req=0;lake=0]
5647534682494518757	67	6	14	0	49	0	8	0	0	highcourt[gates=east,south,west,north;cols=16;leak=east,south,west;off=;road=0;dip=0;cross=0;named=0;req=0;lake=0] dur_brannoc[gates=east,south,west;cols=4;leak=east,south;off=;road=0;dip=0;cross=3;named=0;req=0;lake=0] gor_drazhak[gates=east,south,north;cols=8;leak=east;off=;road=17;dip=0;cross=0;named=0;req=0;lake=0] lethariel[gates=east,south,west;cols=12;leak=east,south,west;off=;road=21;dip=0;cross=3;named=0;req=0;lake=154] kezamba[gates=east,south,west,north;cols=19;leak=east,south,west,north;off=;road=7;dip=0;cross=1;named=0;req=0;lake=82] nhal_veyr[gates=north;cols=8;leak=north;off=;road=4;dip=0;cross=1;named=0;req=0;lake=0]
17838901073935529621	54	6	12	0	28	3	6	0	0	highcourt[gates=east,west,north;cols=5;leak=;off=;road=0;dip=0;cross=0;named=0;req=0;lake=0] dur_brannoc[gates=south,west,north;cols=8;leak=west,north;off=;road=5;dip=1;cross=4;named=0;req=0;lake=0] gor_drazhak[gates=east,north;cols=4;leak=east,north;off=;road=0;dip=0;cross=0;named=0;req=0;lake=0] lethariel[gates=east,south,west;cols=10;leak=south,west;off=;road=15;dip=0;cross=2;named=0;req=0;lake=157] kezamba[gates=east,south,west,north;cols=18;leak=east,south,north;off=;road=8;dip=1;cross=0;named=0;req=0;lake=82] nhal_veyr[gates=east,west,north;cols=9;leak=east,west,north;off=;road=0;dip=1;cross=0;named=0;req=0;lake=0]
10169497247219210556	42	5	11	0	29	1	7	0	0	highcourt[gates=east,south,west,north;cols=7;leak=south,west;off=;road=0;dip=0;cross=0;named=0;req=0;lake=0] dur_brannoc[gates=north;cols=4;leak=north;off=;road=0;dip=0;cross=0;named=0;req=0;lake=0] gor_drazhak[gates=east,south,north;cols=4;leak=east,north;off=;road=0;dip=0;cross=0;named=0;req=0;lake=0] lethariel[gates=east,south,west,north;cols=12;leak=east,south,west,north;off=;road=14;dip=1;cross=2;named=0;req=0;lake=148] kezamba[gates=east,west,north;cols=15;leak=west,north;off=;road=15;dip=0;cross=5;named=0;req=0;lake=82] nhal_veyr[gates=;cols=0;leak=;off=;road=0;dip=0;cross=0;named=0;req=0;lake=0]
5867803415078542447	49	6	11	0	30	1	2	0	0	highcourt[gates=east;cols=5;leak=east;off=;road=0;dip=0;cross=0;named=0;req=0;lake=0] dur_brannoc[gates=east,west;cols=3;leak=east;off=;road=0;dip=0;cross=1;named=0;req=0;lake=0] gor_drazhak[gates=east,south,west,north;cols=18;leak=east,west;off=;road=12;dip=0;cross=0;named=0;req=0;lake=0] lethariel[gates=south,west,north;cols=8;leak=south,west;off=;road=15;dip=1;cross=0;named=0;req=0;lake=87] kezamba[gates=east,south,west,north;cols=13;leak=east,south,west;off=;road=3;dip=0;cross=1;named=0;req=0;lake=82] nhal_veyr[gates=east,north;cols=2;leak=east,north;off=;road=0;dip=0;cross=0;named=0;req=0;lake=0]
13696474914803147509	39	6	6	0	34	2	7	0	0	highcourt[gates=south,west,north;cols=7;leak=north;off=;road=0;dip=0;cross=0;named=0;req=0;lake=0] dur_brannoc[gates=north;cols=1;leak=;off=;road=0;dip=0;cross=0;named=0;req=0;lake=0] gor_drazhak[gates=east,south,west;cols=11;leak=east,south;off=;road=3;dip=0;cross=0;named=0;req=0;lake=0] lethariel[gates=south,north;cols=13;leak=south,north;off=;road=31;dip=1;cross=3;named=0;req=0;lake=153] kezamba[gates=east,north;cols=5;leak=north;off=;road=0;dip=1;cross=3;named=0;req=0;lake=82] nhal_veyr[gates=south;cols=2;leak=;off=;road=0;dip=0;cross=1;named=0;req=0;lake=0]
15175052468335635610	44	6	11	0	28	2	5	0	0	highcourt[gates=south,west,north;cols=8;leak=south,west;off=;road=0;dip=0;cross=0;named=0;req=0;lake=0] dur_brannoc[gates=west,north;cols=7;leak=north;off=;road=0;dip=1;cross=0;named=0;req=0;lake=0] gor_drazhak[gates=east,north;cols=3;leak=east,north;off=;road=0;dip=0;cross=0;named=0;req=0;lake=0] lethariel[gates=south,west,north;cols=10;leak=south,west,north;off=;road=28;dip=0;cross=3;named=0;req=0;lake=148] kezamba[gates=east,south,west;cols=13;leak=east,south;off=;road=0;dip=1;cross=0;named=0;req=0;lake=82] nhal_veyr[gates=east;cols=3;leak=east;off=;road=0;dip=0;cross=2;named=0;req=0;lake=0]
15779725245894099517	64	6	14	0	49	3	12	0	0	highcourt[gates=south,west;cols=4;leak=south,west;off=;road=0;dip=0;cross=1;named=0;req=0;lake=0] dur_brannoc[gates=east,north;cols=3;leak=east;off=;road=0;dip=2;cross=2;named=0;req=0;lake=0] gor_drazhak[gates=east,south,west,north;cols=21;leak=east,south,west,north;off=;road=11;dip=0;cross=0;named=0;req=0;lake=0] lethariel[gates=south,north;cols=8;leak=south,north;off=;road=14;dip=0;cross=2;named=0;req=0;lake=154] kezamba[gates=east,south,west,north;cols=20;leak=east,south,west,north;off=;road=22;dip=1;cross=5;named=0;req=0;lake=82] nhal_veyr[gates=south,north;cols=8;leak=south;off=;road=2;dip=0;cross=2;named=0;req=0;lake=0]
