4017763783937269271	0	0	0	0	0	0	2	0	0	0	0	0	54	highcourt[gates=;cols=0;leak=;off=;road=0;dip=0;cross=0;named=0;req=0;lake=0;open=0;openk=;line=0;linek=;float=0;fgate=0;hang=0] dur_brannoc[gates=;cols=0;leak=;off=;road=0;dip=0;cross=0;named=0;req=0;lake=0;open=0;openk=;line=0;linek=;float=0;fgate=0;hang=0] gor_drazhak[gates=;cols=0;leak=;off=;road=0;dip=0;cross=0;named=0;req=0;lake=0;open=0;openk=;line=0;linek=;float=0;fgate=0;hang=0] lethariel[gates=;cols=0;leak=;off=;road=0;dip=0;cross=2;named=0;req=0;lake=174;open=0;openk=;line=0;linek=;float=0;fgate=0;hang=54] kezamba[gates=;cols=0;leak=;off=;road=0;dip=0;cross=0;named=0;req=0;lake=82;open=0;openk=;line=0;linek=;float=0;fgate=0;hang=0] nhal_veyr[gates=;cols=0;leak=;off=;road=0;dip=0;cross=0;named=0;req=0;lake=0;open=0;openk=;line=0;linek=;float=0;fgate=0;hang=0]
14581472591061539453	0	0	0	0	0	0	5	0	0	0	0	0	204	highcourt[gates=;cols=0;leak=;off=;road=0;dip=0;cross=0;named=0;req=0;lake=0;open=0;openk=;line=0;linek=;float=0;fgate=0;hang=0] dur_brannoc[gates=;cols=0;leak=;off=;road=0;dip=0;cross=0;named=0;req=0;lake=0;open=0;openk=;line=0;linek=;float=0;fgate=0;hang=0] gor_drazhak[gates=;cols=0;leak=;off=;road=0;dip=0;cross=0;named=0;req=0;lake=0;open=0;openk=;line=0;linek=;float=0;fgate=0;hang=0] lethariel[gates=;cols=0;leak=;off=;road=0;dip=0;cross=2;named=0;req=0;lake=181;open=0;openk=;line=0;linek=;float=0;fgate=0;hang=79] kezamba[gates=;cols=0;leak=;off=;road=0;dip=0;cross=3;named=0;req=0;lake=82;open=0;openk=;line=0;linek=;float=0;fgate=0;hang=121] nhal_veyr[gates=;cols=0;leak=;off=;road=0;dip=0;cross=0;named=0;req=0;lake=0;open=0;openk=;line=0;linek=;float=0;fgate=0;hang=4]
13850148706045623975	0	0	0	0	0	0	5	0	0	0	0	0	154	highcourt[gates=;cols=0;leak=;off=;road=0;dip=0;cross=1;named=0;req=0;lake=0;open=0;openk=;line=0;linek=;float=0;fgate=0;hang=25] dur_brannoc[gates=;cols=0;leak=;off=;road=0;dip=0;cross=0;named=0;req=0;lake=0;open=0;openk=;line=0;linek=;float=0;fgate=0;hang=0] gor_drazhak[gates=;cols=0;leak=;off=;road=0;dip=0;cross=0;named=0;req=0;lake=0;open=0;openk=;line=0;linek=;float=0;fgate=0;hang=0] lethariel[gates=;cols=0;leak=;off=;road=0;dip=0;cross=3;named=0;req=0;lake=182;open=0;openk=;line=0;linek=;float=0;fgate=0;hang=120] kezamba[gates=;cols=0;leak=;off=;road=0;dip=0;cross=0;named=0;req=0;lake=82;open=0;openk=;line=0;linek=;float=0;fgate=0;hang=0] nhal_veyr[gates=;cols=0;leak=;off=;road=0;dip=0;cross=1;named=0;req=0;lake=0;open=0;openk=;line=0;linek=;float=0;fgate=0;hang=9]
14167208788589180537	0	0	0	0	0	0	6	0	0	0	0	0	236	highcourt[gates=;cols=0;leak=;off=;road=0;dip=0;cross=1;named=0;req=0;lake=0;open=0;openk=;line=0;linek=;float=0;fgate=0;hang=15] dur_brannoc[gates=;cols=0;leak=;off=;road=0;dip=0;cross=1;named=0;req=0;lake=0;open=0;openk=;line=0;linek=;float=0;fgate=0;hang=13] gor_drazhak[gates=;cols=0;leak=;off=;road=0;dip=0;cross=0;named=0;req=0;lake=0;open=0;openk=;line=0;linek=;float=0;fgate=0;hang=0] lethariel[gates=;cols=0;leak=;off=;road=0;dip=0;cross=2;named=0;req=0;lake=179;open=0;openk=;line=0;linek=;float=0;fgate=0;hang=151] kezamba[gates=;cols=0;leak=;off=;road=0;dip=0;cross=0;named=0;req=0;lake=82;open=0;openk=;line=0;linek=;float=0;fgate=0;hang=0] nhal_veyr[gates=;cols=0;leak=;off=;road=0;dip=0;cross=2;named=0;req=0;lake=0;open=0;openk=;line=0;linek=;float=0;fgate=0;hang=57]
10977656699485584087	0	0	0	0	10	2	1	0	0	11	0	0	50	highcourt[gates=;cols=0;leak=;off=;road=0;dip=0;cross=0;named=0;req=0;lake=0;open=0;openk=;line=0;linek=;float=0;fgate=0;hang=0] dur_brannoc[gates=;cols=0;leak=;off=;road=0;dip=0;cross=0;named=0;req=0;lake=0;open=0;openk=;line=0;linek=;float=0;fgate=0;hang=0] gor_drazhak[gates=;cols=0;leak=;off=;road=0;dip=1;cross=0;named=0;req=0;lake=0;open=0;openk=;line=0;linek=;float=0;fgate=0;hang=5] lethariel[gates=;cols=0;leak=;off=;road=10;dip=0;cross=0;named=0;req=0;lake=110;open=11;openk=avenue:11;line=10;linek=avenue:10;float=0;fgate=0;hang=0] kezamba[gates=;cols=0;leak=;off=;road=0;dip=0;cross=0;named=0;req=0;lake=82;open=0;openk=;line=0;linek=;float=0;fgate=0;hang=0] nhal_veyr[gates=;cols=0;leak=;off=;road=0;dip=1;cross=1;named=0;req=0;lake=0;open=0;openk=;line=0;linek=;float=0;fgate=0;hang=45]
5776292175143428446	0	0	0	0	0	0	8	0	0	0	0	0	238	highcourt[gates=;cols=0;leak=;off=;road=0;dip=0;cross=1;named=0;req=0;lake=0;open=0;openk=;line=0;linek=;float=0;fgate=0;hang=9] dur_brannoc[gates=;cols=0;leak=;off=;road=0;dip=0;cross=0;named=0;req=0;lake=0;open=0;openk=;line=0;linek=;float=0;fgate=0;hang=0] gor_drazhak[gates=;cols=0;leak=;off=;road=0;dip=0;cross=0;named=0;req=0;lake=0;open=0;openk=;line=0;linek=;float=0;fgate=0;hang=0] lethariel[gates=;cols=0;leak=;off=;road=0;dip=0;cross=3;named=0;req=0;lake=177;open=0;openk=;line=0;linek=;float=0;fgate=0;hang=117] kezamba[gates=;cols=0;leak=;off=;road=0;dip=0;cross=3;named=0;req=0;lake=82;open=0;openk=;line=0;linek=;float=0;fgate=0;hang=88] nhal_veyr[gates=;cols=0;leak=;off=;road=0;dip=0;cross=1;named=0;req=0;lake=0;open=0;openk=;line=0;linek=;float=0;fgate=0;hang=24]
8095268560794393928	0	0	0	0	0	0	6	0	0	0	0	0	201	highcourt[gates=;cols=0;leak=;off=;road=0;dip=0;cross=0;named=0;req=0;lake=0;open=0;openk=;line=0;linek=;float=0;fgate=0;hang=0] dur_brannoc[gates=;cols=0;leak=;off=;road=0;dip=0;cross=1;named=0;req=0;lake=0;open=0;openk=;line=0;linek=;float=0;fgate=0;hang=24] gor_drazhak[gates=;cols=0;leak=;off=;road=0;dip=0;cross=0;named=0;req=0;lake=0;open=0;openk=;line=0;linek=;float=0;fgate=0;hang=0] lethariel[gates=;cols=0;leak=;off=;road=0;dip=0;cross=3;named=0;req=0;lake=156;open=0;openk=;line=0;linek=;float=0;fgate=0;hang=131] kezamba[gates=;cols=0;leak=;off=;road=0;dip=0;cross=1;named=0;req=0;lake=82;open=0;openk=;line=0;linek=;float=0;fgate=0;hang=20] nhal_veyr[gates=;cols=0;leak=;off=;road=0;dip=0;cross=1;named=0;req=0;lake=0;open=0;openk=;line=0;linek=;float=0;fgate=0;hang=26]
6717975732142314365	0	0	0	0	0	0	5	0	0	0	0	0	98	highcourt[gates=;cols=0;leak=;off=;road=0;dip=0;cross=0;named=0;req=0;lake=0;open=0;openk=;line=0;linek=;float=0;fgate=0;hang=0] dur_brannoc[gates=;cols=0;leak=;off=;road=0;dip=0;cross=0;named=0;req=0;lake=0;open=0;openk=;line=0;linek=;float=0;fgate=0;hang=0] gor_drazhak[gates=;cols=0;leak=;off=;road=0;dip=0;cross=0;named=0;req=0;lake=0;open=0;openk=;line=0;linek=;float=0;fgate=0;hang=0] lethariel[gates=;cols=0;leak=;off=;road=0;dip=0;cross=0;named=0;req=0;lake=111;open=0;openk=;line=0;linek=;float=0;fgate=0;hang=0] kezamba[gates=;cols=0;leak=;off=;road=0;dip=0;cross=3;named=0;req=0;lake=82;open=0;openk=;line=0;linek=;float=0;fgate=0;hang=48] nhal_veyr[gates=;cols=0;leak=;off=;road=0;dip=0;cross=2;named=0;req=0;lake=0;open=0;openk=;line=0;linek=;float=0;fgate=0;hang=50]
9180203993734598481	0	0	0	0	13	0	0	0	0	0	0	0	0	highcourt[gates=;cols=0;leak=;off=;road=0;dip=0;cross=0;named=0;req=0;lake=0;open=0;openk=;line=0;linek=;float=0;fgate=0;hang=0] dur_brannoc[gates=;cols=0;leak=;off=;road=0;dip=0;cross=0;named=0;req=0;lake=0;open=0;openk=;line=0;linek=;float=0;fgate=0;hang=0] gor_drazhak[gates=;cols=0;leak=;off=;road=0;dip=0;cross=0;named=0;req=0;lake=0;open=0;openk=;line=0;linek=;float=0;fgate=0;hang=0] lethariel[gates=;cols=0;leak=;off=;road=0;dip=0;cross=0;named=0;req=0;lake=111;open=0;openk=;line=0;linek=;float=0;fgate=0;hang=0] kezamba[gates=;cols=0;leak=;off=;road=13;dip=0;cross=0;named=0;req=0;lake=82;open=0;openk=;line=13;linek=avenue:13;float=0;fgate=0;hang=0] nhal_veyr[gates=;cols=0;leak=;off=;road=0;dip=0;cross=0;named=0;req=0;lake=0;open=0;openk=;line=0;linek=;float=0;fgate=0;hang=0]
14774343661145486988	0	0	0	0	0	0	7	0	0	0	0	0	241	highcourt[gates=;cols=0;leak=;off=;road=0;dip=0;cross=1;named=0;req=0;lake=0;open=0;openk=;line=0;linek=;float=0;fgate=0;hang=10] dur_brannoc[gates=;cols=0;leak=;off=;road=0;dip=0;cross=0;named=0;req=0;lake=0;open=0;openk=;line=0;linek=;float=0;fgate=0;hang=0] gor_drazhak[gates=;cols=0;leak=;off=;road=0;dip=0;cross=0;named=0;req=0;lake=0;open=0;openk=;line=0;linek=;float=0;fgate=0;hang=0] lethariel[gates=;cols=0;leak=;off=;road=0;dip=0;cross=3;named=0;req=0;lake=158;open=0;openk=;line=0;linek=;float=0;fgate=0;hang=105] kezamba[gates=;cols=0;leak=;off=;road=0;dip=0;cross=1;named=0;req=0;lake=82;open=0;openk=;line=0;linek=;float=0;fgate=0;hang=6] nhal_veyr[gates=;cols=0;leak=;off=;road=0;dip=0;cross=2;named=0;req=0;lake=0;open=0;openk=;line=0;linek=;float=0;fgate=0;hang=120]
5029670285485429253	0	0	0	0	0	0	6	0	0	0	0	0	160	highcourt[gates=;cols=0;leak=;off=;road=0;dip=0;cross=1;named=0;req=0;lake=0;open=0;openk=;line=0;linek=;float=0;fgate=0;hang=23] dur_brannoc[gates=;cols=0;leak=;off=;road=0;dip=0;cross=0;named=0;req=0;lake=0;open=0;openk=;line=0;linek=;float=0;fgate=0;hang=0] gor_drazhak[gates=;cols=0;leak=;off=;road=0;dip=0;cross=0;named=0;req=0;lake=0;open=0;openk=;line=0;linek=;float=0;fgate=0;hang=0] lethariel[gates=;cols=0;leak=;off=;road=0;dip=0;cross=4;named=0;req=0;lake=178;open=0;openk=;line=0;linek=;float=0;fgate=0;hang=135] kezamba[gates=;cols=0;leak=;off=;road=0;dip=0;cross=1;named=0;req=0;lake=82;open=0;openk=;line=0;linek=;float=0;fgate=0;hang=2] nhal_veyr[gates=;cols=0;leak=;off=;road=0;dip=0;cross=0;named=0;req=0;lake=0;open=0;openk=;line=0;linek=;float=0;fgate=0;hang=0]
4336416052331232316	0	0	0	0	7	0	4	0	0	0	0	0	209	highcourt[gates=;cols=0;leak=;off=;road=3;dip=0;cross=1;named=0;req=0;lake=0;open=0;openk=;line=3;linek=avenue:3;float=0;fgate=0;hang=37] dur_brannoc[gates=;cols=0;leak=;off=;road=0;dip=0;cross=0;named=0;req=0;lake=0;open=0;openk=;line=0;linek=;float=0;fgate=0;hang=0] gor_drazhak[gates=;cols=0;leak=;off=;road=0;dip=0;cross=0;named=0;req=0;lake=0;open=0;openk=;line=0;linek=;float=0;fgate=0;hang=0] lethariel[gates=;cols=0;leak=;off=;road=4;dip=0;cross=3;named=0;req=0;lake=175;open=0;openk=;line=4;linek=avenue:4;float=0;fgate=0;hang=172] kezamba[gates=;cols=0;leak=;off=;road=0;dip=0;cross=0;named=0;req=0;lake=82;open=0;openk=;line=0;linek=;float=0;fgate=0;hang=0] nhal_veyr[gates=;cols=0;leak=;off=;road=0;dip=0;cross=0;named=0;req=0;lake=0;open=0;openk=;line=0;linek=;float=0;fgate=0;hang=0]
2841616719707071751	0	0	0	0	0	1	3	0	0	0	0	0	122	highcourt[gates=;cols=0;leak=;off=;road=0;dip=1;cross=0;named=0;req=0;lake=0;open=0;openk=;line=0;linek=;float=0;fgate=0;hang=67] dur_brannoc[gates=;cols=0;leak=;off=;road=0;dip=0;cross=1;named=0;req=0;lake=0;open=0;openk=;line=0;linek=;float=0;fgate=0;hang=25] gor_drazhak[gates=;cols=0;leak=;off=;road=0;dip=0;cross=1;named=0;req=0;lake=0;open=0;openk=;line=0;linek=;float=0;fgate=0;hang=9] lethariel[gates=;cols=0;leak=;off=;road=0;dip=0;cross=0;named=0;req=0;lake=153;open=0;openk=;line=0;linek=;float=0;fgate=0;hang=0] kezamba[gates=;cols=0;leak=;off=;road=0;dip=0;cross=1;named=0;req=0;lake=82;open=0;openk=;line=0;linek=;float=0;fgate=0;hang=21] nhal_veyr[gates=;cols=0;leak=;off=;road=0;dip=0;cross=0;named=0;req=0;lake=0;open=0;openk=;line=0;linek=;float=0;fgate=0;hang=0]
9915720017010428390	0	0	0	0	0	1	5	0	0	0	0	0	286	highcourt[gates=;cols=0;leak=;off=;road=0;dip=0;cross=0;named=0;req=0;lake=0;open=0;openk=;line=0;linek=;float=0;fgate=0;hang=0] dur_brannoc[gates=;cols=0;leak=;off=;road=0;dip=1;cross=1;named=0;req=0;lake=0;open=0;openk=;line=0;linek=;float=0;fgate=0;hang=95] gor_drazhak[gates=;cols=0;leak=;off=;road=0;dip=0;cross=0;named=0;req=0;lake=0;open=0;openk=;line=0;linek=;float=0;fgate=0;hang=0] lethariel[gates=;cols=0;leak=;off=;road=0;dip=0;cross=4;named=0;req=0;lake=173;open=0;openk=;line=0;linek=;float=0;fgate=0;hang=191] kezamba[gates=;cols=0;leak=;off=;road=0;dip=0;cross=0;named=0;req=0;lake=82;open=0;openk=;line=0;linek=;float=0;fgate=0;hang=0] nhal_veyr[gates=;cols=0;leak=;off=;road=0;dip=0;cross=0;named=0;req=0;lake=0;open=0;openk=;line=0;linek=;float=0;fgate=0;hang=0]
4418745469937915682	0	0	0	0	0	0	5	0	0	0	0	0	181	highcourt[gates=;cols=0;leak=;off=;road=0;dip=0;cross=0;named=0;req=0;lake=0;open=0;openk=;line=0;linek=;float=0;fgate=0;hang=1] dur_brannoc[gates=;cols=0;leak=;off=;road=0;dip=0;cross=0;named=0;req=0;lake=0;open=0;openk=;line=0;linek=;float=0;fgate=0;hang=0] gor_drazhak[gates=;cols=0;leak=;off=;road=0;dip=0;cross=1;named=0;req=0;lake=0;open=0;openk=;line=0;linek=;float=0;fgate=0;hang=14] lethariel[gates=;cols=0;leak=;off=;road=0;dip=0;cross=2;named=0;req=0;lake=167;open=0;openk=;line=0;linek=;float=0;fgate=0;hang=113] kezamba[gates=;cols=0;leak=;off=;road=0;dip=0;cross=2;named=0;req=0;lake=82;open=0;openk=;line=0;linek=;float=0;fgate=0;hang=53] nhal_veyr[gates=;cols=0;leak=;off=;road=0;dip=0;cross=0;named=0;req=0;lake=0;open=0;openk=;line=0;linek=;float=0;fgate=0;hang=0]
6027758971751052800	0	0	0	0	4	0	10	0	0	0	0	0	246	highcourt[gates=;cols=0;leak=;off=;road=0;dip=0;cross=1;named=0;req=0;lake=0;open=0;openk=;line=0;linek=;float=0;fgate=0;hang=3] dur_brannoc[gates=;cols=0;leak=;off=;road=0;dip=0;cross=0;named=0;req=0;lake=0;open=0;openk=;line=0;linek=;float=0;fgate=0;hang=0] gor_drazhak[gates=;cols=0;leak=;off=;road=0;dip=0;cross=1;named=0;req=0;lake=0;open=0;openk=;line=0;linek=;float=0;fgate=0;hang=17] lethariel[gates=;cols=0;leak=;off=;road=4;dip=0;cross=1;named=0;req=0;lake=173;open=0;openk=;line=4;linek=avenue:4;float=0;fgate=0;hang=29] kezamba[gates=;cols=0;leak=;off=;road=0;dip=0;cross=5;named=0;req=0;lake=82;open=0;openk=;line=0;linek=;float=0;fgate=0;hang=154] nhal_veyr[gates=;cols=0;leak=;off=;road=0;dip=0;cross=2;named=0;req=0;lake=0;open=0;openk=;line=0;linek=;float=0;fgate=0;hang=43]
14510580266745809613	0	0	0	0	0	0	3	0	0	0	0	0	87	highcourt[gates=;cols=0;leak=;off=;road=0;dip=0;cross=0;named=0;req=0;lake=0;open=0;openk=;line=0;linek=;float=0;fgate=0;hang=1] dur_brannoc[gates=;cols=0;leak=;off=;road=0;dip=0;cross=0;named=0;req=0;lake=0;open=0;openk=;line=0;linek=;float=0;fgate=0;hang=0] gor_drazhak[gates=;cols=0;leak=;off=;road=0;dip=0;cross=0;named=0;req=0;lake=0;open=0;openk=;line=0;linek=;float=0;fgate=0;hang=0] lethariel[gates=;cols=0;leak=;off=;road=0;dip=0;cross=2;named=0;req=0;lake=172;open=0;openk=;line=0;linek=;float=0;fgate=0;hang=75] kezamba[gates=;cols=0;leak=;off=;road=0;dip=0;cross=1;named=0;req=0;lake=82;open=0;openk=;line=0;linek=;float=0;fgate=0;hang=10] nhal_veyr[gates=;cols=0;leak=;off=;road=0;dip=0;cross=0;named=0;req=0;lake=0;open=0;openk=;line=0;linek=;float=0;fgate=0;hang=1]
9486456930519929266	0	0	0	0	0	1	5	0	0	0	0	0	424	highcourt[gates=;cols=0;leak=;off=;road=0;dip=0;cross=0;named=0;req=0;lake=0;open=0;openk=;line=0;linek=;float=0;fgate=0;hang=0] dur_brannoc[gates=;cols=0;leak=;off=;road=0;dip=1;cross=0;named=0;req=0;lake=0;open=0;openk=;line=0;linek=;float=0;fgate=0;hang=103] gor_drazhak[gates=;cols=0;leak=;off=;road=0;dip=0;cross=0;named=0;req=0;lake=0;open=0;openk=;line=0;linek=;float=0;fgate=0;hang=0] lethariel[gates=;cols=0;leak=;off=;road=0;dip=0;cross=3;named=0;req=0;lake=172;open=0;openk=;line=0;linek=;float=0;fgate=0;hang=260] kezamba[gates=;cols=0;leak=;off=;road=0;dip=0;cross=2;named=0;req=0;lake=82;open=0;openk=;line=0;linek=;float=0;fgate=0;hang=61] nhal_veyr[gates=;cols=0;leak=;off=;road=0;dip=0;cross=0;named=0;req=0;lake=0;open=0;openk=;line=0;linek=;float=0;fgate=0;hang=0]
17253767337544019389	0	0	0	0	0	0	6	0	0	0	0	0	142	highcourt[gates=;cols=0;leak=;off=;road=0;dip=0;cross=0;named=0;req=0;lake=0;open=0;openk=;line=0;linek=;float=0;fgate=0;hang=0] dur_brannoc[gates=;cols=0;leak=;off=;road=0;dip=0;cross=1;named=0;req=0;lake=0;open=0;openk=;line=0;linek=;float=0;fgate=0;hang=8] gor_drazhak[gates=;cols=0;leak=;off=;road=0;dip=0;cross=0;named=0;req=0;lake=0;open=0;openk=;line=0;linek=;float=0;fgate=0;hang=0] lethariel[gates=;cols=0;leak=;off=;road=0;dip=0;cross=0;named=0;req=0;lake=111;open=0;openk=;line=0;linek=;float=0;fgate=0;hang=0] kezamba[gates=;cols=0;leak=;off=;road=0;dip=0;cross=5;named=0;req=0;lake=82;open=0;openk=;line=0;linek=;float=0;fgate=0;hang=134] nhal_veyr[gates=;cols=0;leak=;off=;road=0;dip=0;cross=0;named=0;req=0;lake=0;open=0;openk=;line=0;linek=;float=0;fgate=0;hang=0]
6684770904676748065	0	0	0	0	8	1	7	0	0	0	0	0	356	highcourt[gates=;cols=0;leak=;off=;road=0;dip=1;cross=0;named=0;req=0;lake=0;open=0;openk=;line=0;linek=;float=0;fgate=0;hang=144] dur_brannoc[gates=;cols=0;leak=;off=;road=0;dip=0;cross=0;named=0;req=0;lake=0;open=0;openk=;line=0;linek=;float=0;fgate=0;hang=0] gor_drazhak[gates=;cols=0;leak=;off=;road=8;dip=0;cross=0;named=0;req=0;lake=0;open=0;openk=;line=8;linek=avenue:8;float=0;fgate=0;hang=0] lethariel[gates=;cols=0;leak=;off=;road=0;dip=0;cross=4;named=0;req=0;lake=179;open=0;openk=;line=0;linek=;float=0;fgate=0;hang=158] kezamba[gates=;cols=0;leak=;off=;road=0;dip=0;cross=3;named=0;req=0;lake=82;open=0;openk=;line=0;linek=;float=0;fgate=0;hang=54] nhal_veyr[gates=;cols=0;leak=;off=;road=0;dip=0;cross=0;named=0;req=0;lake=0;open=0;openk=;line=0;linek=;float=0;fgate=0;hang=0]
6228384934452605138	0	0	0	0	0	0	6	0	0	0	0	0	322	highcourt[gates=;cols=0;leak=;off=;road=0;dip=0;cross=0;named=0;req=0;lake=0;open=0;openk=;line=0;linek=;float=0;fgate=0;hang=0] dur_brannoc[gates=;cols=0;leak=;off=;road=0;dip=0;cross=0;named=0;req=0;lake=0;open=0;openk=;line=0;linek=;float=0;fgate=0;hang=0] gor_drazhak[gates=;cols=0;leak=;off=;road=0;dip=0;cross=0;named=0;req=0;lake=0;open=0;openk=;line=0;linek=;float=0;fgate=0;hang=2] lethariel[gates=;cols=0;leak=;off=;road=0;dip=0;cross=6;named=0;req=0;lake=170;open=0;openk=;line=0;linek=;float=0;fgate=0;hang=317] kezamba[gates=;cols=0;leak=;off=;road=0;dip=0;cross=0;named=0;req=0;lake=82;open=0;openk=;line=0;linek=;float=0;fgate=0;hang=0] nhal_veyr[gates=;cols=0;leak=;off=;road=0;dip=0;cross=0;named=0;req=0;lake=0;open=0;openk=;line=0;linek=;float=0;fgate=0;hang=3]
16955857952228090166	0	0	0	0	0	0	4	0	0	0	0	0	178	highcourt[gates=;cols=0;leak=;off=;road=0;dip=0;cross=0;named=0;req=0;lake=0;open=0;openk=;line=0;linek=;float=0;fgate=0;hang=0] dur_brannoc[gates=;cols=0;leak=;off=;road=0;dip=0;cross=3;named=0;req=0;lake=0;open=0;openk=;line=0;linek=;float=0;fgate=0;hang=153] gor_drazhak[gates=;cols=0;leak=;off=;road=0;dip=0;cross=0;named=0;req=0;lake=0;open=0;openk=;line=0;linek=;float=0;fgate=0;hang=0] lethariel[gates=;cols=0;leak=;off=;road=0;dip=0;cross=0;named=0;req=0;lake=107;open=0;openk=;line=0;linek=;float=0;fgate=0;hang=0] kezamba[gates=;cols=0;leak=;off=;road=0;dip=0;cross=0;named=0;req=0;lake=82;open=0;openk=;line=0;linek=;float=0;fgate=0;hang=0] nhal_veyr[gates=;cols=0;leak=;off=;road=0;dip=0;cross=1;named=0;req=0;lake=0;open=0;openk=;line=0;linek=;float=0;fgate=0;hang=25]
12130346958380678732	0	0	0	0	0	0	5	0	0	0	0	0	82	highcourt[gates=;cols=0;leak=;off=;road=0;dip=0;cross=0;named=0;req=0;lake=0;open=0;openk=;line=0;linek=;float=0;fgate=0;hang=8] dur_brannoc[gates=;cols=0;leak=;off=;road=0;dip=0;cross=0;named=0;req=0;lake=0;open=0;openk=;line=0;linek=;float=0;fgate=0;hang=0] gor_drazhak[gates=;cols=0;leak=;off=;road=0;dip=0;cross=1;named=0;req=0;lake=0;open=0;openk=;line=0;linek=;float=0;fgate=0;hang=6] lethariel[gates=;cols=0;leak=;off=;road=0;dip=0;cross=2;named=0;req=0;lake=177;open=0;openk=;line=0;linek=;float=0;fgate=0;hang=44] kezamba[gates=;cols=0;leak=;off=;road=0;dip=0;cross=1;named=0;req=0;lake=82;open=0;openk=;line=0;linek=;float=0;fgate=0;hang=7] nhal_veyr[gates=;cols=0;leak=;off=;road=0;dip=0;cross=1;named=0;req=0;lake=0;open=0;openk=;line=0;linek=;float=0;fgate=0;hang=17]
1120637696370979787	0	0	0	0	0	0	4	0	0	0	0	0	103	highcourt[gates=;cols=0;leak=;off=;road=0;dip=0;cross=0;named=0;req=0;lake=0;open=0;openk=;line=0;linek=;float=0;fgate=0;hang=0] dur_brannoc[gates=;cols=0;leak=;off=;road=0;dip=0;cross=0;named=0;req=0;lake=0;open=0;openk=;line=0;linek=;float=0;fgate=0;hang=0] gor_drazhak[gates=;cols=0;leak=;off=;road=0;dip=0;cross=0;named=0;req=0;lake=0;open=0;openk=;line=0;linek=;float=0;fgate=0;hang=0] lethariel[gates=;cols=0;leak=;off=;road=0;dip=0;cross=3;named=0;req=0;lake=177;open=0;openk=;line=0;linek=;float=0;fgate=0;hang=99] kezamba[gates=;cols=0;leak=;off=;road=0;dip=0;cross=1;named=0;req=0;lake=82;open=0;openk=;line=0;linek=;float=0;fgate=0;hang=4] nhal_veyr[gates=;cols=0;leak=;off=;road=0;dip=0;cross=0;named=0;req=0;lake=0;open=0;openk=;line=0;linek=;float=0;fgate=0;hang=0]
14721898813662465622	0	0	0	0	0	0	6	0	0	0	0	0	190	highcourt[gates=;cols=0;leak=;off=;road=0;dip=0;cross=0;named=0;req=0;lake=0;open=0;openk=;line=0;linek=;float=0;fgate=0;hang=0] dur_brannoc[gates=;cols=0;leak=;off=;road=0;dip=0;cross=1;named=0;req=0;lake=0;open=0;openk=;line=0;linek=;float=0;fgate=0;hang=21] gor_drazhak[gates=;cols=0;leak=;off=;road=0;dip=0;cross=0;named=0;req=0;lake=0;open=0;openk=;line=0;linek=;float=0;fgate=0;hang=0] lethariel[gates=;cols=0;leak=;off=;road=0;dip=0;cross=0;named=0;req=0;lake=110;open=0;openk=;line=0;linek=;float=0;fgate=0;hang=0] kezamba[gates=;cols=0;leak=;off=;road=0;dip=0;cross=5;named=0;req=0;lake=82;open=0;openk=;line=0;linek=;float=0;fgate=0;hang=167] nhal_veyr[gates=;cols=0;leak=;off=;road=0;dip=0;cross=0;named=0;req=0;lake=0;open=0;openk=;line=0;linek=;float=0;fgate=0;hang=2]
9365713090932231451	0	0	0	0	0	0	4	0	0	0	0	0	164	highcourt[gates=;cols=0;leak=;off=;road=0;dip=0;cross=0;named=0;req=0;lake=0;open=0;openk=;line=0;linek=;float=0;fgate=0;hang=4] dur_brannoc[gates=;cols=0;leak=;off=;road=0;dip=0;cross=0;named=0;req=0;lake=0;open=0;openk=;line=0;linek=;float=0;fgate=0;hang=0] gor_drazhak[gates=;cols=0;leak=;off=;road=0;dip=0;cross=0;named=0;req=0;lake=0;open=0;openk=;line=0;linek=;float=0;fgate=0;hang=0] lethariel[gates=;cols=0;leak=;off=;road=0;dip=0;cross=2;named=0;req=0;lake=178;open=0;openk=;line=0;linek=;float=0;fgate=0;hang=106] kezamba[gates=;cols=0;leak=;off=;road=0;dip=0;cross=1;named=0;req=0;lake=82;open=0;openk=;line=0;linek=;float=0;fgate=0;hang=16] nhal_veyr[gates=;cols=0;leak=;off=;road=0;dip=0;cross=1;named=0;req=0;lake=0;open=0;openk=;line=0;linek=;float=0;fgate=0;hang=38]
2407201615962504523	0	0	0	0	0	0	7	0	0	0	0	0	241	highcourt[gates=;cols=0;leak=;off=;road=0;dip=0;cross=0;named=0;req=0;lake=0;open=0;openk=;line=0;linek=;float=0;fgate=0;hang=19] dur_brannoc[gates=;cols=0;leak=;off=;road=0;dip=0;cross=0;named=0;req=0;lake=0;open=0;openk=;line=0;linek=;float=0;fgate=0;hang=0] gor_drazhak[gates=;cols=0;leak=;off=;road=0;dip=0;cross=1;named=0;req=0;lake=0;open=0;openk=;line=0;linek=;float=0;fgate=0;hang=2] lethariel[gates=;cols=0;leak=;off=;road=0;dip=0;cross=3;named=0;req=0;lake=174;open=0;openk=;line=0;linek=;float=0;fgate=0;hang=114] kezamba[gates=;cols=0;leak=;off=;road=0;dip=0;cross=3;named=0;req=0;lake=82;open=0;openk=;line=0;linek=;float=0;fgate=0;hang=80] nhal_veyr[gates=;cols=0;leak=;off=;road=0;dip=0;cross=0;named=0;req=0;lake=0;open=0;openk=;line=0;linek=;float=0;fgate=0;hang=26]
14411403497071920682	0	0	0	0	0	0	7	0	0	0	0	0	457	highcourt[gates=;cols=0;leak=;off=;road=0;dip=0;cross=0;named=0;req=0;lake=0;open=0;openk=;line=0;linek=;float=0;fgate=0;hang=0] dur_brannoc[gates=;cols=0;leak=;off=;road=0;dip=0;cross=2;named=0;req=0;lake=0;open=0;openk=;line=0;linek=;float=0;fgate=0;hang=151] gor_drazhak[gates=;cols=0;leak=;off=;road=0;dip=0;cross=1;named=0;req=0;lake=0;open=0;openk=;line=0;linek=;float=0;fgate=0;hang=11] lethariel[gates=;cols=0;leak=;off=;road=0;dip=0;cross=2;named=0;req=0;lake=182;open=0;openk=;line=0;linek=;float=0;fgate=0;hang=91] kezamba[gates=;cols=0;leak=;off=;road=0;dip=0;cross=1;named=0;req=0;lake=82;open=0;openk=;line=0;linek=;float=0;fgate=0;hang=14] nhal_veyr[gates=;cols=0;leak=;off=;road=0;dip=0;cross=1;named=0;req=0;lake=0;open=0;openk=;line=0;linek=;float=0;fgate=0;hang=190]
1819881656621426663	0	0	0	0	0	0	2	0	0	0	0	0	23	highcourt[gates=;cols=0;leak=;off=;road=0;dip=0;cross=0;named=0;req=0;lake=0;open=0;openk=;line=0;linek=;float=0;fgate=0;hang=0] dur_brannoc[gates=;cols=0;leak=;off=;road=0;dip=0;cross=0;named=0;req=0;lake=0;open=0;openk=;line=0;linek=;float=0;fgate=0;hang=0] gor_drazhak[gates=;cols=0;leak=;off=;road=0;dip=0;cross=0;named=0;req=0;lake=0;open=0;openk=;line=0;linek=;float=0;fgate=0;hang=0] lethariel[gates=;cols=0;leak=;off=;road=0;dip=0;cross=0;named=0;req=0;lake=108;open=0;openk=;line=0;linek=;float=0;fgate=0;hang=0] kezamba[gates=;cols=0;leak=;off=;road=0;dip=0;cross=1;named=0;req=0;lake=82;open=0;openk=;line=0;linek=;float=0;fgate=0;hang=7] nhal_veyr[gates=;cols=0;leak=;off=;road=0;dip=0;cross=1;named=0;req=0;lake=0;open=0;openk=;line=0;linek=;float=0;fgate=0;hang=16]
10146917838559087513	0	0	0	0	0	0	6	0	0	0	0	0	154	highcourt[gates=;cols=0;leak=;off=;road=0;dip=0;cross=0;named=0;req=0;lake=0;open=0;openk=;line=0;linek=;float=0;fgate=0;hang=0] dur_brannoc[gates=;cols=0;leak=;off=;road=0;dip=0;cross=0;named=0;req=0;lake=0;open=0;openk=;line=0;linek=;float=0;fgate=0;hang=0] gor_drazhak[gates=;cols=0;leak=;off=;road=0;dip=0;cross=1;named=0;req=0;lake=0;open=0;openk=;line=0;linek=;float=0;fgate=0;hang=4] lethariel[gates=;cols=0;leak=;off=;road=0;dip=0;cross=2;named=0;req=0;lake=166;open=0;openk=;line=0;linek=;float=0;fgate=0;hang=69] kezamba[gates=;cols=0;leak=;off=;road=0;dip=0;cross=3;named=0;req=0;lake=82;open=0;openk=;line=0;linek=;float=0;fgate=0;hang=81] nhal_veyr[gates=;cols=0;leak=;off=;road=0;dip=0;cross=0;named=0;req=0;lake=0;open=0;openk=;line=0;linek=;float=0;fgate=0;hang=0]
11487774765844639437	0	0	0	0	0	0	1	0	0	0	0	0	20	highcourt[gates=;cols=0;leak=;off=;road=0;dip=0;cross=1;named=0;req=0;lake=0;open=0;openk=;line=0;linek=;float=0;fgate=0;hang=20] dur_brannoc[gates=;cols=0;leak=;off=;road=0;dip=0;cross=0;named=0;req=0;lake=0;open=0;openk=;line=0;linek=;float=0;fgate=0;hang=0] gor_drazhak[gates=;cols=0;leak=;off=;road=0;dip=0;cross=0;named=0;req=0;lake=0;open=0;openk=;line=0;linek=;float=0;fgate=0;hang=0] lethariel[gates=;cols=0;leak=;off=;road=0;dip=0;cross=0;named=0;req=0;lake=109;open=0;openk=;line=0;linek=;float=0;fgate=0;hang=0] kezamba[gates=;cols=0;leak=;off=;road=0;dip=0;cross=0;named=0;req=0;lake=82;open=0;openk=;line=0;linek=;float=0;fgate=0;hang=0] nhal_veyr[gates=;cols=0;leak=;off=;road=0;dip=0;cross=0;named=0;req=0;lake=0;open=0;openk=;line=0;linek=;float=0;fgate=0;hang=0]
16016690184937389740	0	0	0	0	0	0	5	0	0	0	0	0	176	highcourt[gates=;cols=0;leak=;off=;road=0;dip=0;cross=0;named=0;req=0;lake=0;open=0;openk=;line=0;linek=;float=0;fgate=0;hang=0] dur_brannoc[gates=;cols=0;leak=;off=;road=0;dip=0;cross=1;named=0;req=0;lake=0;open=0;openk=;line=0;linek=;float=0;fgate=0;hang=46] gor_drazhak[gates=;cols=0;leak=;off=;road=0;dip=0;cross=0;named=0;req=0;lake=0;open=0;openk=;line=0;linek=;float=0;fgate=0;hang=4] lethariel[gates=;cols=0;leak=;off=;road=0;dip=0;cross=0;named=0;req=0;lake=150;open=0;openk=;line=0;linek=;float=0;fgate=0;hang=0] kezamba[gates=;cols=0;leak=;off=;road=0;dip=0;cross=3;named=0;req=0;lake=82;open=0;openk=;line=0;linek=;float=0;fgate=0;hang=96] nhal_veyr[gates=;cols=0;leak=;off=;road=0;dip=0;cross=1;named=0;req=0;lake=0;open=0;openk=;line=0;linek=;float=0;fgate=0;hang=30]
11043517093650747403	0	0	0	0	6	0	5	0	0	0	0	0	322	highcourt[gates=;cols=0;leak=;off=;road=0;dip=0;cross=0;named=0;req=0;lake=0;open=0;openk=;line=0;linek=;float=0;fgate=0;hang=0] dur_brannoc[gates=;cols=0;leak=;off=;road=0;dip=0;cross=0;named=0;req=0;lake=0;open=0;openk=;line=0;linek=;float=0;fgate=0;hang=0] gor_drazhak[gates=;cols=0;leak=;off=;road=0;dip=0;cross=0;named=0;req=0;lake=0;open=0;openk=;line=0;linek=;float=0;fgate=0;hang=0] lethariel[gates=;cols=0;leak=;off=;road=6;dip=0;cross=2;named=0;req=0;lake=151;open=0;openk=;line=6;linek=avenue:6;float=0;fgate=0;hang=40] kezamba[gates=;cols=0;leak=;off=;road=0;dip=0;cross=1;named=0;req=0;lake=82;open=0;openk=;line=0;linek=;float=0;fgate=0;hang=51] nhal_veyr[gates=;cols=0;leak=;off=;road=0;dip=0;cross=2;named=0;req=0;lake=0;open=0;openk=;line=0;linek=;float=0;fgate=0;hang=231]
17260228751475632239	0	0	0	0	0	0	6	0	0	0	0	0	164	highcourt[gates=;cols=0;leak=;off=;road=0;dip=0;cross=0;named=0;req=0;lake=0;open=0;openk=;line=0;linek=;float=0;fgate=0;hang=0] dur_brannoc[gates=;cols=0;leak=;off=;road=0;dip=0;cross=1;named=0;req=0;lake=0;open=0;openk=;line=0;linek=;float=0;fgate=0;hang=26] gor_drazhak[gates=;cols=0;leak=;off=;road=0;dip=0;cross=0;named=0;req=0;lake=0;open=0;openk=;line=0;linek=;float=0;fgate=0;hang=0] lethariel[gates=;cols=0;leak=;off=;road=0;dip=0;cross=2;named=0;req=0;lake=168;open=0;openk=;line=0;linek=;float=0;fgate=0;hang=67] kezamba[gates=;cols=0;leak=;off=;road=0;dip=0;cross=3;named=0;req=0;lake=82;open=0;openk=;line=0;linek=;float=0;fgate=0;hang=54] nhal_veyr[gates=;cols=0;leak=;off=;road=0;dip=0;cross=0;named=0;req=0;lake=0;open=0;openk=;line=0;linek=;float=0;fgate=0;hang=17]
7432900538052871728	0	0	0	0	0	1	6	0	0	0	0	0	213	highcourt[gates=;cols=0;leak=;off=;road=0;dip=0;cross=0;named=0;req=0;lake=0;open=0;openk=;line=0;linek=;float=0;fgate=0;hang=0] dur_brannoc[gates=;cols=0;leak=;off=;road=0;dip=0;cross=0;named=0;req=0;lake=0;open=0;openk=;line=0;linek=;float=0;fgate=0;hang=0] gor_drazhak[gates=;cols=0;leak=;off=;road=0;dip=1;cross=0;named=0;req=0;lake=0;open=0;openk=;line=0;linek=;float=0;fgate=0;hang=73] lethariel[gates=;cols=0;leak=;off=;road=0;dip=0;cross=2;named=0;req=0;lake=181;open=0;openk=;line=0;linek=;float=0;fgate=0;hang=55] kezamba[gates=;cols=0;leak=;off=;road=0;dip=0;cross=3;named=0;req=0;lake=82;open=0;openk=;line=0;linek=;float=0;fgate=0;hang=80] nhal_veyr[gates=;cols=0;leak=;off=;road=0;dip=0;cross=1;named=0;req=0;lake=0;open=0;openk=;line=0;linek=;float=0;fgate=0;hang=5]
1027566366468880048	0	0	0	0	0	2	6	0	0	0	0	0	268	highcourt[gates=;cols=0;leak=;off=;road=0;dip=0;cross=0;named=0;req=0;lake=0;open=0;openk=;line=0;linek=;float=0;fgate=0;hang=0] dur_brannoc[gates=;cols=0;leak=;off=;road=0;dip=0;cross=1;named=0;req=0;lake=0;open=0;openk=;line=0;linek=;float=0;fgate=0;hang=29] gor_drazhak[gates=;cols=0;leak=;off=;road=0;dip=1;cross=1;named=0;req=0;lake=0;open=0;openk=;line=0;linek=;float=0;fgate=0;hang=18] lethariel[gates=;cols=0;leak=;off=;road=0;dip=0;cross=3;named=0;req=0;lake=179;open=0;openk=;line=0;linek=;float=0;fgate=0;hang=169] kezamba[gates=;cols=0;leak=;off=;road=0;dip=0;cross=0;named=0;req=0;lake=82;open=0;openk=;line=0;linek=;float=0;fgate=0;hang=0] nhal_veyr[gates=;cols=0;leak=;off=;road=0;dip=1;cross=1;named=0;req=0;lake=0;open=0;openk=;line=0;linek=;float=0;fgate=0;hang=52]
4514642745554805569	0	0	0	0	0	0	8	0	0	0	0	0	369	highcourt[gates=;cols=0;leak=;off=;road=0;dip=0;cross=0;named=0;req=0;lake=0;open=0;openk=;line=0;linek=;float=0;fgate=0;hang=0] dur_brannoc[gates=;cols=0;leak=;off=;road=0;dip=0;cross=0;named=0;req=0;lake=0;open=0;openk=;line=0;linek=;float=0;fgate=0;hang=0] gor_drazhak[gates=;cols=0;leak=;off=;road=0;dip=0;cross=0;named=0;req=0;lake=0;open=0;openk=;line=0;linek=;float=0;fgate=0;hang=1] lethariel[gates=;cols=0;leak=;off=;road=0;dip=0;cross=2;named=0;req=0;lake=169;open=0;openk=;line=0;linek=;float=0;fgate=0;hang=70] kezamba[gates=;cols=0;leak=;off=;road=0;dip=0;cross=2;named=0;req=0;lake=82;open=0;openk=;line=0;linek=;float=0;fgate=0;hang=49] nhal_veyr[gates=;cols=0;leak=;off=;road=0;dip=0;cross=4;named=0;req=0;lake=0;open=0;openk=;line=0;linek=;float=0;fgate=0;hang=249]
2491630561649197677	0	0	0	0	0	0	8	0	0	0	0	0	407	highcourt[gates=;cols=0;leak=;off=;road=0;dip=0;cross=0;named=0;req=0;lake=0;open=0;openk=;line=0;linek=;float=0;fgate=0;hang=6] dur_brannoc[gates=;cols=0;leak=;off=;road=0;dip=0;cross=6;named=0;req=0;lake=0;open=0;openk=;line=0;linek=;float=0;fgate=0;hang=367] gor_drazhak[gates=;cols=0;leak=;off=;road=0;dip=0;cross=0;named=0;req=0;lake=0;open=0;openk=;line=0;linek=;float=0;fgate=0;hang=0] lethariel[gates=;cols=0;leak=;off=;road=0;dip=0;cross=1;named=0;req=0;lake=167;open=0;openk=;line=0;linek=;float=0;fgate=0;hang=23] kezamba[gates=;cols=0;leak=;off=;road=0;dip=0;cross=1;named=0;req=0;lake=82;open=0;openk=;line=0;linek=;float=0;fgate=0;hang=11] nhal_veyr[gates=;cols=0;leak=;off=;road=0;dip=0;cross=0;named=0;req=0;lake=0;open=0;openk=;line=0;linek=;float=0;fgate=0;hang=0]
7654433329849036158	0	0	0	0	0	2	6	0	0	0	0	0	274	highcourt[gates=;cols=0;leak=;off=;road=0;dip=0;cross=0;named=0;req=0;lake=0;open=0;openk=;line=0;linek=;float=0;fgate=0;hang=0] dur_brannoc[gates=;cols=0;leak=;off=;road=0;dip=0;cross=0;named=0;req=0;lake=0;open=0;openk=;line=0;linek=;float=0;fgate=0;hang=0] gor_drazhak[gates=;cols=0;leak=;off=;road=0;dip=1;cross=0;named=0;req=0;lake=0;open=0;openk=;line=0;linek=;float=0;fgate=0;hang=9] lethariel[gates=;cols=0;leak=;off=;road=0;dip=1;cross=5;named=0;req=0;lake=177;open=0;openk=;line=0;linek=;float=0;fgate=0;hang=265] kezamba[gates=;cols=0;leak=;off=;road=0;dip=0;cross=0;named=0;req=0;lake=82;open=0;openk=;line=0;linek=;float=0;fgate=0;hang=0] nhal_veyr[gates=;cols=0;leak=;off=;road=0;dip=0;cross=1;named=0;req=0;lake=0;open=0;openk=;line=0;linek=;float=0;fgate=0;hang=0]
7198274837471467776	0	0	0	0	0	0	5	0	0	0	0	0	292	highcourt[gates=;cols=0;leak=;off=;road=0;dip=0;cross=0;named=0;req=0;lake=0;open=0;openk=;line=0;linek=;float=0;fgate=0;hang=0] dur_brannoc[gates=;cols=0;leak=;off=;road=0;dip=0;cross=0;named=0;req=0;lake=0;open=0;openk=;line=0;linek=;float=0;fgate=0;hang=0] gor_drazhak[gates=;cols=0;leak=;off=;road=0;dip=0;cross=0;named=0;req=0;lake=0;open=0;openk=;line=0;linek=;float=0;fgate=0;hang=0] lethariel[gates=;cols=0;leak=;off=;road=0;dip=0;cross=4;named=0;req=0;lake=171;open=0;openk=;line=0;linek=;float=0;fgate=0;hang=288] kezamba[gates=;cols=0;leak=;off=;road=0;dip=0;cross=1;named=0;req=0;lake=82;open=0;openk=;line=0;linek=;float=0;fgate=0;hang=4] nhal_veyr[gates=;cols=0;leak=;off=;road=0;dip=0;cross=0;named=0;req=0;lake=0;open=0;openk=;line=0;linek=;float=0;fgate=0;hang=0]
10368156103349733760	0	0	0	0	0	0	6	0	0	0	0	0	148	highcourt[gates=;cols=0;leak=;off=;road=0;dip=0;cross=0;named=0;req=0;lake=0;open=0;openk=;line=0;linek=;float=0;fgate=0;hang=0] dur_brannoc[gates=;cols=0;leak=;off=;road=0;dip=0;cross=1;named=0;req=0;lake=0;open=0;openk=;line=0;linek=;float=0;fgate=0;hang=31] gor_drazhak[gates=;cols=0;leak=;off=;road=0;dip=0;cross=0;named=0;req=0;lake=0;open=0;openk=;line=0;linek=;float=0;fgate=0;hang=0] lethariel[gates=;cols=0;leak=;off=;road=0;dip=0;cross=3;named=0;req=0;lake=171;open=0;openk=;line=0;linek=;float=0;fgate=0;hang=76] kezamba[gates=;cols=0;leak=;off=;road=0;dip=0;cross=0;named=0;req=0;lake=82;open=0;openk=;line=0;linek=;float=0;fgate=0;hang=0] nhal_veyr[gates=;cols=0;leak=;off=;road=0;dip=0;cross=2;named=0;req=0;lake=0;open=0;openk=;line=0;linek=;float=0;fgate=0;hang=41]
9027723305091012300	0	0	0	0	0	1	2	0	0	0	0	0	81	highcourt[gates=;cols=0;leak=;off=;road=0;dip=1;cross=0;named=0;req=0;lake=0;open=0;openk=;line=0;linek=;float=0;fgate=0;hang=47] dur_brannoc[gates=;cols=0;leak=;off=;road=0;dip=0;cross=1;named=0;req=0;lake=0;open=0;openk=;line=0;linek=;float=0;fgate=0;hang=13] gor_drazhak[gates=;cols=0;leak=;off=;road=0;dip=0;cross=0;named=0;req=0;lake=0;open=0;openk=;line=0;linek=;float=0;fgate=0;hang=0] lethariel[gates=;cols=0;leak=;off=;road=0;dip=0;cross=1;named=0;req=0;lake=108;open=0;openk=;line=0;linek=;float=0;fgate=0;hang=21] kezamba[gates=;cols=0;leak=;off=;road=0;dip=0;cross=0;named=0;req=0;lake=82;open=0;openk=;line=0;linek=;float=0;fgate=0;hang=0] nhal_veyr[gates=;cols=0;leak=;off=;road=0;dip=0;cross=0;named=0;req=0;lake=0;open=0;openk=;line=0;linek=;float=0;fgate=0;hang=0]
2842823217684751194	0	0	0	0	0	0	3	0	0	0	0	0	42	highcourt[gates=;cols=0;leak=;off=;road=0;dip=0;cross=0;named=0;req=0;lake=0;open=0;openk=;line=0;linek=;float=0;fgate=0;hang=0] dur_brannoc[gates=;cols=0;leak=;off=;road=0;dip=0;cross=1;named=0;req=0;lake=0;open=0;openk=;line=0;linek=;float=0;fgate=0;hang=13] gor_drazhak[gates=;cols=0;leak=;off=;road=0;dip=0;cross=0;named=0;req=0;lake=0;open=0;openk=;line=0;linek=;float=0;fgate=0;hang=0] lethariel[gates=;cols=0;leak=;off=;road=0;dip=0;cross=0;named=0;req=0;lake=106;open=0;openk=;line=0;linek=;float=0;fgate=0;hang=0] kezamba[gates=;cols=0;leak=;off=;road=0;dip=0;cross=1;named=0;req=0;lake=82;open=0;openk=;line=0;linek=;float=0;fgate=0;hang=1] nhal_veyr[gates=;cols=0;leak=;off=;road=0;dip=0;cross=1;named=0;req=0;lake=0;open=0;openk=;line=0;linek=;float=0;fgate=0;hang=28]
13771137541254298863	0	0	0	0	4	0	3	0	0	0	0	0	88	highcourt[gates=;cols=0;leak=;off=;road=0;dip=0;cross=0;named=0;req=0;lake=0;open=0;openk=;line=0;linek=;float=0;fgate=0;hang=4] dur_brannoc[gates=;cols=0;leak=;off=;road=4;dip=0;cross=1;named=0;req=0;lake=0;open=0;openk=;line=4;linek=avenue:4;float=0;fgate=0;hang=22] gor_drazhak[gates=;cols=0;leak=;off=;road=0;dip=0;cross=0;named=0;req=0;lake=0;open=0;openk=;line=0;linek=;float=0;fgate=0;hang=0] lethariel[gates=;cols=0;leak=;off=;road=0;dip=0;cross=2;named=0;req=0;lake=170;open=0;openk=;line=0;linek=;float=0;fgate=0;hang=62] kezamba[gates=;cols=0;leak=;off=;road=0;dip=0;cross=0;named=0;req=0;lake=82;open=0;openk=;line=0;linek=;float=0;fgate=0;hang=0] nhal_veyr[gates=;cols=0;leak=;off=;road=0;dip=0;cross=0;named=0;req=0;lake=0;open=0;openk=;line=0;linek=;float=0;fgate=0;hang=0]
12998988373783063118	0	0	0	0	0	1	6	0	0	0	0	0	382	highcourt[gates=;cols=0;leak=;off=;road=0;dip=0;cross=0;named=0;req=0;lake=0;open=0;openk=;line=0;linek=;float=0;fgate=0;hang=0] dur_brannoc[gates=;cols=0;leak=;off=;road=0;dip=0;cross=3;named=0;req=0;lake=0;open=0;openk=;line=0;linek=;float=0;fgate=0;hang=149] gor_drazhak[gates=;cols=0;leak=;off=;road=0;dip=0;cross=0;named=0;req=0;lake=0;open=0;openk=;line=0;linek=;float=0;fgate=0;hang=0] lethariel[gates=;cols=0;leak=;off=;road=0;dip=1;cross=2;named=0;req=0;lake=179;open=0;openk=;line=0;linek=;float=0;fgate=0;hang=230] kezamba[gates=;cols=0;leak=;off=;road=0;dip=0;cross=1;named=0;req=0;lake=82;open=0;openk=;line=0;linek=;float=0;fgate=0;hang=3] nhal_veyr[gates=;cols=0;leak=;off=;road=0;dip=0;cross=0;named=0;req=0;lake=0;open=0;openk=;line=0;linek=;float=0;fgate=0;hang=0]
17783009737415588749	0	0	0	0	0	0	1	0	0	0	0	0	21	highcourt[gates=;cols=0;leak=;off=;road=0;dip=0;cross=0;named=0;req=0;lake=0;open=0;openk=;line=0;linek=;float=0;fgate=0;hang=0] dur_brannoc[gates=;cols=0;leak=;off=;road=0;dip=0;cross=0;named=0;req=0;lake=0;open=0;openk=;line=0;linek=;float=0;fgate=0;hang=0] gor_drazhak[gates=;cols=0;leak=;off=;road=0;dip=0;cross=0;named=0;req=0;lake=0;open=0;openk=;line=0;linek=;float=0;fgate=0;hang=0] lethariel[gates=;cols=0;leak=;off=;road=0;dip=0;cross=0;named=0;req=0;lake=150;open=0;openk=;line=0;linek=;float=0;fgate=0;hang=0] kezamba[gates=;cols=0;leak=;off=;road=0;dip=0;cross=0;named=0;req=0;lake=82;open=0;openk=;line=0;linek=;float=0;fgate=0;hang=0] nhal_veyr[gates=;cols=0;leak=;off=;road=0;dip=0;cross=1;named=0;req=0;lake=0;open=0;openk=;line=0;linek=;float=0;fgate=0;hang=21]
17465427015255315953	0	0	0	0	0	1	2	0	0	0	0	0	91	highcourt[gates=;cols=0;leak=;off=;road=0;dip=0;cross=1;named=0;req=0;lake=0;open=0;openk=;line=0;linek=;float=0;fgate=0;hang=11] dur_brannoc[gates=;cols=0;leak=;off=;road=0;dip=1;cross=0;named=0;req=0;lake=0;open=0;openk=;line=0;linek=;float=0;fgate=0;hang=74] gor_drazhak[gates=;cols=0;leak=;off=;road=0;dip=0;cross=0;named=0;req=0;lake=0;open=0;openk=;line=0;linek=;float=0;fgate=0;hang=0] lethariel[gates=;cols=0;leak=;off=;road=0;dip=0;cross=0;named=0;req=0;lake=111;open=0;openk=;line=0;linek=;float=0;fgate=0;hang=0] kezamba[gates=;cols=0;leak=;off=;road=0;dip=0;cross=1;named=0;req=0;lake=82;open=0;openk=;line=0;linek=;float=0;fgate=0;hang=6] nhal_veyr[gates=;cols=0;leak=;off=;road=0;dip=0;cross=0;named=0;req=0;lake=0;open=0;openk=;line=0;linek=;float=0;fgate=0;hang=0]
11898133217064477001	0	0	0	0	0	1	2	0	0	0	0	0	88	highcourt[gates=;cols=0;leak=;off=;road=0;dip=0;cross=0;named=0;req=0;lake=0;open=0;openk=;line=0;linek=;float=0;fgate=0;hang=20] dur_brannoc[gates=;cols=0;leak=;off=;road=0;dip=1;cross=0;named=0;req=0;lake=0;open=0;openk=;line=0;linek=;float=0;fgate=0;hang=48] gor_drazhak[gates=;cols=0;leak=;off=;road=0;dip=0;cross=0;named=0;req=0;lake=0;open=0;openk=;line=0;linek=;float=0;fgate=0;hang=0] lethariel[gates=;cols=0;leak=;off=;road=0;dip=0;cross=0;named=0;req=0;lake=112;open=0;openk=;line=0;linek=;float=0;fgate=0;hang=0] kezamba[gates=;cols=0;leak=;off=;road=0;dip=0;cross=1;named=0;req=0;lake=82;open=0;openk=;line=0;linek=;float=0;fgate=0;hang=17] nhal_veyr[gates=;cols=0;leak=;off=;road=0;dip=0;cross=1;named=0;req=0;lake=0;open=0;openk=;line=0;linek=;float=0;fgate=0;hang=3]
2597089212424395511	0	0	0	0	9	1	4	0	0	0	0	0	125	highcourt[gates=;cols=0;leak=;off=;road=0;dip=0;cross=1;named=0;req=0;lake=0;open=0;openk=;line=0;linek=;float=0;fgate=0;hang=25] dur_brannoc[gates=;cols=0;leak=;off=;road=0;dip=0;cross=0;named=0;req=0;lake=0;open=0;openk=;line=0;linek=;float=0;fgate=0;hang=0] gor_drazhak[gates=;cols=0;leak=;off=;road=0;dip=0;cross=0;named=0;req=0;lake=0;open=0;openk=;line=0;linek=;float=0;fgate=0;hang=0] lethariel[gates=;cols=0;leak=;off=;road=9;dip=0;cross=1;named=0;req=0;lake=149;open=0;openk=;line=9;linek=avenue:9;float=0;fgate=0;hang=19] kezamba[gates=;cols=0;leak=;off=;road=0;dip=0;cross=2;named=0;req=0;lake=82;open=0;openk=;line=0;linek=;float=0;fgate=0;hang=32] nhal_veyr[gates=;cols=0;leak=;off=;road=0;dip=1;cross=0;named=0;req=0;lake=0;open=0;openk=;line=0;linek=;float=0;fgate=0;hang=49]
674046991087768888	0	0	0	0	0	0	1	0	0	0	0	0	39	highcourt[gates=;cols=0;leak=;off=;road=0;dip=0;cross=0;named=0;req=0;lake=0;open=0;openk=;line=0;linek=;float=0;fgate=0;hang=0] dur_brannoc[gates=;cols=0;leak=;off=;road=0;dip=0;cross=0;named=0;req=0;lake=0;open=0;openk=;line=0;linek=;float=0;fgate=0;hang=0] gor_drazhak[gates=;cols=0;leak=;off=;road=0;dip=0;cross=0;named=0;req=0;lake=0;open=0;openk=;line=0;linek=;float=0;fgate=0;hang=0] lethariel[gates=;cols=0;leak=;off=;road=0;dip=0;cross=1;named=0;req=0;lake=177;open=0;openk=;line=0;linek=;float=0;fgate=0;hang=39] kezamba[gates=;cols=0;leak=;off=;road=0;dip=0;cross=0;named=0;req=0;lake=82;open=0;openk=;line=0;linek=;float=0;fgate=0;hang=0] nhal_veyr[gates=;cols=0;leak=;off=;road=0;dip=0;cross=0;named=0;req=0;lake=0;open=0;openk=;line=0;linek=;float=0;fgate=0;hang=0]
5211461191541063668	0	0	0	0	0	0	11	0	0	0	0	0	509	highcourt[gates=;cols=0;leak=;off=;road=0;dip=0;cross=2;named=0;req=0;lake=0;open=0;openk=;line=0;linek=;float=0;fgate=0;hang=208] dur_brannoc[gates=;cols=0;leak=;off=;road=0;dip=0;cross=1;named=0;req=0;lake=0;open=0;openk=;line=0;linek=;float=0;fgate=0;hang=12] gor_drazhak[gates=;cols=0;leak=;off=;road=0;dip=0;cross=1;named=0;req=0;lake=0;open=0;openk=;line=0;linek=;float=0;fgate=0;hang=17] lethariel[gates=;cols=0;leak=;off=;road=0;dip=0;cross=0;named=0;req=0;lake=149;open=0;openk=;line=0;linek=;float=0;fgate=0;hang=0] kezamba[gates=;cols=0;leak=;off=;road=0;dip=0;cross=4;named=0;req=0;lake=82;open=0;openk=;line=0;linek=;float=0;fgate=0;hang=159] nhal_veyr[gates=;cols=0;leak=;off=;road=0;dip=0;cross=3;named=0;req=0;lake=0;open=0;openk=;line=0;linek=;float=0;fgate=0;hang=113]
6287740798664364067	0	0	0	0	10	0	5	0	0	0	0	0	99	highcourt[gates=;cols=0;leak=;off=;road=0;dip=0;cross=0;named=0;req=0;lake=0;open=0;openk=;line=0;linek=;float=0;fgate=0;hang=0] dur_brannoc[gates=;cols=0;leak=;off=;road=0;dip=0;cross=0;named=0;req=0;lake=0;open=0;openk=;line=0;linek=;float=0;fgate=0;hang=0] gor_drazhak[gates=;cols=0;leak=;off=;road=0;dip=0;cross=0;named=0;req=0;lake=0;open=0;openk=;line=0;linek=;float=0;fgate=0;hang=4] lethariel[gates=;cols=0;leak=;off=;road=10;dip=0;cross=1;named=0;req=0;lake=108;open=0;openk=;line=10;linek=avenue:10;float=0;fgate=0;hang=11] kezamba[gates=;cols=0;leak=;off=;road=0;dip=0;cross=3;named=0;req=0;lake=82;open=0;openk=;line=0;linek=;float=0;fgate=0;hang=69] nhal_veyr[gates=;cols=0;leak=;off=;road=0;dip=0;cross=1;named=0;req=0;lake=0;open=0;openk=;line=0;linek=;float=0;fgate=0;hang=15]
588511827912093423	0	0	0	0	0	0	4	0	0	0	0	0	127	highcourt[gates=;cols=0;leak=;off=;road=0;dip=0;cross=0;named=0;req=0;lake=0;open=0;openk=;line=0;linek=;float=0;fgate=0;hang=0] dur_brannoc[gates=;cols=0;leak=;off=;road=0;dip=0;cross=3;named=0;req=0;lake=0;open=0;openk=;line=0;linek=;float=0;fgate=0;hang=109] gor_drazhak[gates=;cols=0;leak=;off=;road=0;dip=0;cross=0;named=0;req=0;lake=0;open=0;openk=;line=0;linek=;float=0;fgate=0;hang=0] lethariel[gates=;cols=0;leak=;off=;road=0;dip=0;cross=0;named=0;req=0;lake=109;open=0;openk=;line=0;linek=;float=0;fgate=0;hang=0] kezamba[gates=;cols=0;leak=;off=;road=0;dip=0;cross=0;named=0;req=0;lake=82;open=0;openk=;line=0;linek=;float=0;fgate=0;hang=0] nhal_veyr[gates=;cols=0;leak=;off=;road=0;dip=0;cross=1;named=0;req=0;lake=0;open=0;openk=;line=0;linek=;float=0;fgate=0;hang=18]
1525282952141710950	0	0	0	0	0	2	6	0	0	0	0	0	325	highcourt[gates=;cols=0;leak=;off=;road=0;dip=1;cross=0;named=0;req=0;lake=0;open=0;openk=;line=0;linek=;float=0;fgate=0;hang=27] dur_brannoc[gates=;cols=0;leak=;off=;road=0;dip=0;cross=6;named=0;req=0;lake=0;open=0;openk=;line=0;linek=;float=0;fgate=0;hang=282] gor_drazhak[gates=;cols=0;leak=;off=;road=0;dip=0;cross=0;named=0;req=0;lake=0;open=0;openk=;line=0;linek=;float=0;fgate=0;hang=0] lethariel[gates=;cols=0;leak=;off=;road=0;dip=0;cross=0;named=0;req=0;lake=112;open=0;openk=;line=0;linek=;float=0;fgate=0;hang=0] kezamba[gates=;cols=0;leak=;off=;road=0;dip=1;cross=0;named=0;req=0;lake=82;open=0;openk=;line=0;linek=;float=0;fgate=0;hang=16] nhal_veyr[gates=;cols=0;leak=;off=;road=0;dip=0;cross=0;named=0;req=0;lake=0;open=0;openk=;line=0;linek=;float=0;fgate=0;hang=0]
9355983109475866947	0	0	0	0	0	0	1	0	0	0	0	0	15	highcourt[gates=;cols=0;leak=;off=;road=0;dip=0;cross=0;named=0;req=0;lake=0;open=0;openk=;line=0;linek=;float=0;fgate=0;hang=0] dur_brannoc[gates=;cols=0;leak=;off=;road=0;dip=0;cross=0;named=0;req=0;lake=0;open=0;openk=;line=0;linek=;float=0;fgate=0;hang=0] gor_drazhak[gates=;cols=0;leak=;off=;road=0;dip=0;cross=0;named=0;req=0;lake=0;open=0;openk=;line=0;linek=;float=0;fgate=0;hang=0] lethariel[gates=;cols=0;leak=;off=;road=0;dip=0;cross=0;named=0;req=0;lake=112;open=0;openk=;line=0;linek=;float=0;fgate=0;hang=0] kezamba[gates=;cols=0;leak=;off=;road=0;dip=0;cross=1;named=0;req=0;lake=82;open=0;openk=;line=0;linek=;float=0;fgate=0;hang=15] nhal_veyr[gates=;cols=0;leak=;off=;road=0;dip=0;cross=0;named=0;req=0;lake=0;open=0;openk=;line=0;linek=;float=0;fgate=0;hang=0]
3983918278448363278	0	0	0	0	0	0	2	0	0	0	0	0	113	highcourt[gates=;cols=0;leak=;off=;road=0;dip=0;cross=0;named=0;req=0;lake=0;open=0;openk=;line=0;linek=;float=0;fgate=0;hang=0] dur_brannoc[gates=;cols=0;leak=;off=;road=0;dip=0;cross=0;named=0;req=0;lake=0;open=0;openk=;line=0;linek=;float=0;fgate=0;hang=0] gor_drazhak[gates=;cols=0;leak=;off=;road=0;dip=0;cross=0;named=0;req=0;lake=0;open=0;openk=;line=0;linek=;float=0;fgate=0;hang=0] lethariel[gates=;cols=0;leak=;off=;road=0;dip=0;cross=2;named=0;req=0;lake=177;open=0;openk=;line=0;linek=;float=0;fgate=0;hang=113] kezamba[gates=;cols=0;leak=;off=;road=0;dip=0;cross=0;named=0;req=0;lake=82;open=0;openk=;line=0;linek=;float=0;fgate=0;hang=0] nhal_veyr[gates=;cols=0;leak=;off=;road=0;dip=0;cross=0;named=0;req=0;lake=0;open=0;openk=;line=0;linek=;float=0;fgate=0;hang=0]
10298991512425689666	0	0	0	0	0	0	7	0	0	0	0	0	249	highcourt[gates=;cols=0;leak=;off=;road=0;dip=0;cross=0;named=0;req=0;lake=0;open=0;openk=;line=0;linek=;float=0;fgate=0;hang=21] dur_brannoc[gates=;cols=0;leak=;off=;road=0;dip=0;cross=0;named=0;req=0;lake=0;open=0;openk=;line=0;linek=;float=0;fgate=0;hang=0] gor_drazhak[gates=;cols=0;leak=;off=;road=0;dip=0;cross=0;named=0;req=0;lake=0;open=0;openk=;line=0;linek=;float=0;fgate=0;hang=1] lethariel[gates=;cols=0;leak=;off=;road=0;dip=0;cross=0;named=0;req=0;lake=106;open=0;openk=;line=0;linek=;float=0;fgate=0;hang=0] kezamba[gates=;cols=0;leak=;off=;road=0;dip=0;cross=5;named=0;req=0;lake=82;open=0;openk=;line=0;linek=;float=0;fgate=0;hang=151] nhal_veyr[gates=;cols=0;leak=;off=;road=0;dip=0;cross=2;named=0;req=0;lake=0;open=0;openk=;line=0;linek=;float=0;fgate=0;hang=76]
5589327216092471002	0	0	0	0	0	1	9	0	0	0	0	0	300	highcourt[gates=;cols=0;leak=;off=;road=0;dip=0;cross=0;named=0;req=0;lake=0;open=0;openk=;line=0;linek=;float=0;fgate=0;hang=0] dur_brannoc[gates=;cols=0;leak=;off=;road=0;dip=0;cross=0;named=0;req=0;lake=0;open=0;openk=;line=0;linek=;float=0;fgate=0;hang=0] gor_drazhak[gates=;cols=0;leak=;off=;road=0;dip=1;cross=0;named=0;req=0;lake=0;open=0;openk=;line=0;linek=;float=0;fgate=0;hang=3] lethariel[gates=;cols=0;leak=;off=;road=0;dip=0;cross=2;named=0;req=0;lake=178;open=0;openk=;line=0;linek=;float=0;fgate=0;hang=67] kezamba[gates=;cols=0;leak=;off=;road=0;dip=0;cross=3;named=0;req=0;lake=82;open=0;openk=;line=0;linek=;float=0;fgate=0;hang=65] nhal_veyr[gates=;cols=0;leak=;off=;road=0;dip=0;cross=4;named=0;req=0;lake=0;open=0;openk=;line=0;linek=;float=0;fgate=0;hang=165]
2087074925085408845	0	0	0	0	0	1	4	0	0	0	0	0	129	highcourt[gates=;cols=0;leak=;off=;road=0;dip=0;cross=0;named=0;req=0;lake=0;open=0;openk=;line=0;linek=;float=0;fgate=0;hang=10] dur_brannoc[gates=;cols=0;leak=;off=;road=0;dip=1;cross=0;named=0;req=0;lake=0;open=0;openk=;line=0;linek=;float=0;fgate=0;hang=1] gor_drazhak[gates=;cols=0;leak=;off=;road=0;dip=0;cross=0;named=0;req=0;lake=0;open=0;openk=;line=0;linek=;float=0;fgate=0;hang=0] lethariel[gates=;cols=0;leak=;off=;road=0;dip=0;cross=1;named=0;req=0;lake=179;open=0;openk=;line=0;linek=;float=0;fgate=0;hang=43] kezamba[gates=;cols=0;leak=;off=;road=0;dip=0;cross=3;named=0;req=0;lake=82;open=0;openk=;line=0;linek=;float=0;fgate=0;hang=75] nhal_veyr[gates=;cols=0;leak=;off=;road=0;dip=0;cross=0;named=0;req=0;lake=0;open=0;openk=;line=0;linek=;float=0;fgate=0;hang=0]
14096747799324980364	0	0	0	0	0	1	8	0	0	0	0	0	413	highcourt[gates=;cols=0;leak=;off=;road=0;dip=0;cross=0;named=0;req=0;lake=0;open=0;openk=;line=0;linek=;float=0;fgate=0;hang=3] dur_brannoc[gates=;cols=0;leak=;off=;road=0;dip=0;cross=0;named=0;req=0;lake=0;open=0;openk=;line=0;linek=;float=0;fgate=0;hang=0] gor_drazhak[gates=;cols=0;leak=;off=;road=0;dip=0;cross=0;named=0;req=0;lake=0;open=0;openk=;line=0;linek=;float=0;fgate=0;hang=0] lethariel[gates=;cols=0;leak=;off=;road=0;dip=0;cross=4;named=0;req=0;lake=175;open=0;openk=;line=0;linek=;float=0;fgate=0;hang=159] kezamba[gates=;cols=0;leak=;off=;road=0;dip=0;cross=1;named=0;req=0;lake=82;open=0;openk=;line=0;linek=;float=0;fgate=0;hang=11] nhal_veyr[gates=;cols=0;leak=;off=;road=0;dip=1;cross=3;named=0;req=0;lake=0;open=0;openk=;line=0;linek=;float=0;fgate=0;hang=240]
7749974119224875204	0	0	0	0	0	0	3	0	0	0	0	0	125	highcourt[gates=;cols=0;leak=;off=;road=0;dip=0;cross=0;named=0;req=0;lake=0;open=0;openk=;line=0;linek=;float=0;fgate=0;hang=0] dur_brannoc[gates=;cols=0;leak=;off=;road=0;dip=0;cross=0;named=0;req=0;lake=0;open=0;openk=;line=0;linek=;float=0;fgate=0;hang=0] gor_drazhak[gates=;cols=0;leak=;off=;road=0;dip=0;cross=0;named=0;req=0;lake=0;open=0;openk=;line=0;linek=;float=0;fgate=0;hang=0] lethariel[gates=;cols=0;leak=;off=;road=0;dip=0;cross=3;named=0;req=0;lake=174;open=0;openk=;line=0;linek=;float=0;fgate=0;hang=125] kezamba[gates=;cols=0;leak=;off=;road=0;dip=0;cross=0;named=0;req=0;lake=82;open=0;openk=;line=0;linek=;float=0;fgate=0;hang=0] nhal_veyr[gates=;cols=0;leak=;off=;road=0;dip=0;cross=0;named=0;req=0;lake=0;open=0;openk=;line=0;linek=;float=0;fgate=0;hang=0]
10273672598029794497	0	0	0	0	0	1	1	0	0	0	0	0	42	highcourt[gates=;cols=0;leak=;off=;road=0;dip=0;cross=0;named=0;req=0;lake=0;open=0;openk=;line=0;linek=;float=0;fgate=0;hang=0] dur_brannoc[gates=;cols=0;leak=;off=;road=0;dip=0;cross=0;named=0;req=0;lake=0;open=0;openk=;line=0;linek=;float=0;fgate=0;hang=18] gor_drazhak[gates=;cols=0;leak=;off=;road=0;dip=0;cross=0;named=0;req=0;lake=0;open=0;openk=;line=0;linek=;float=0;fgate=0;hang=0] lethariel[gates=;cols=0;leak=;off=;road=0;dip=0;cross=0;named=0;req=0;lake=112;open=0;openk=;line=0;linek=;float=0;fgate=0;hang=0] kezamba[gates=;cols=0;leak=;off=;road=0;dip=0;cross=1;named=0;req=0;lake=82;open=0;openk=;line=0;linek=;float=0;fgate=0;hang=8] nhal_veyr[gates=;cols=0;leak=;off=;road=0;dip=1;cross=0;named=0;req=0;lake=0;open=0;openk=;line=0;linek=;float=0;fgate=0;hang=16]
2010480278454314851	0	0	0	0	0	0	2	0	0	0	0	0	38	highcourt[gates=;cols=0;leak=;off=;road=0;dip=0;cross=0;named=0;req=0;lake=0;open=0;openk=;line=0;linek=;float=0;fgate=0;hang=0] dur_brannoc[gates=;cols=0;leak=;off=;road=0;dip=0;cross=1;named=0;req=0;lake=0;open=0;openk=;line=0;linek=;float=0;fgate=0;hang=19] gor_drazhak[gates=;cols=0;leak=;off=;road=0;dip=0;cross=0;named=0;req=0;lake=0;open=0;openk=;line=0;linek=;float=0;fgate=0;hang=0] lethariel[gates=;cols=0;leak=;off=;road=0;dip=0;cross=0;named=0;req=0;lake=109;open=0;openk=;line=0;linek=;float=0;fgate=0;hang=0] kezamba[gates=;cols=0;leak=;off=;road=0;dip=0;cross=0;named=0;req=0;lake=82;open=0;openk=;line=0;linek=;float=0;fgate=0;hang=0] nhal_veyr[gates=;cols=0;leak=;off=;road=0;dip=0;cross=1;named=0;req=0;lake=0;open=0;openk=;line=0;linek=;float=0;fgate=0;hang=19]
15791693261149658645	0	0	0	0	4	1	6	0	0	0	0	0	200	highcourt[gates=;cols=0;leak=;off=;road=0;dip=0;cross=0;named=0;req=0;lake=0;open=0;openk=;line=0;linek=;float=0;fgate=0;hang=0] dur_brannoc[gates=;cols=0;leak=;off=;road=0;dip=1;cross=0;named=0;req=0;lake=0;open=0;openk=;line=0;linek=;float=0;fgate=0;hang=10] gor_drazhak[gates=;cols=0;leak=;off=;road=4;dip=0;cross=0;named=0;req=0;lake=0;open=0;openk=;line=4;linek=avenue:4;float=0;fgate=0;hang=0] lethariel[gates=;cols=0;leak=;off=;road=0;dip=0;cross=2;named=0;req=0;lake=178;open=0;openk=;line=0;linek=;float=0;fgate=0;hang=81] kezamba[gates=;cols=0;leak=;off=;road=0;dip=0;cross=1;named=0;req=0;lake=82;open=0;openk=;line=0;linek=;float=0;fgate=0;hang=8] nhal_veyr[gates=;cols=0;leak=;off=;road=0;dip=0;cross=3;named=0;req=0;lake=0;open=0;openk=;line=0;linek=;float=0;fgate=0;hang=101]
4016138105214780121	0	0	0	0	0	1	18	0	0	0	0	0	846	highcourt[gates=;cols=0;leak=;off=;road=0;dip=0;cross=1;named=0;req=0;lake=0;open=0;openk=;line=0;linek=;float=0;fgate=0;hang=7] dur_brannoc[gates=;cols=0;leak=;off=;road=0;dip=0;cross=1;named=0;req=0;lake=0;open=0;openk=;line=0;linek=;float=0;fgate=0;hang=23] gor_drazhak[gates=;cols=0;leak=;off=;road=0;dip=1;cross=0;named=0;req=0;lake=0;open=0;openk=;line=0;linek=;float=0;fgate=0;hang=0] lethariel[gates=;cols=0;leak=;off=;road=0;dip=0;cross=7;named=0;req=0;lake=181;open=0;openk=;line=0;linek=;float=0;fgate=0;hang=414] kezamba[gates=;cols=0;leak=;off=;road=0;dip=0;cross=7;named=0;req=0;lake=82;open=0;openk=;line=0;linek=;float=0;fgate=0;hang=243] nhal_veyr[gates=;cols=0;leak=;off=;road=0;dip=0;cross=2;named=0;req=0;lake=0;open=0;openk=;line=0;linek=;float=0;fgate=0;hang=159]
4205313115137717109	0	0	0	0	0	2	7	0	0	0	0	0	291	highcourt[gates=;cols=0;leak=;off=;road=0;dip=0;cross=0;named=0;req=0;lake=0;open=0;openk=;line=0;linek=;float=0;fgate=0;hang=0] dur_brannoc[gates=;cols=0;leak=;off=;road=0;dip=0;cross=0;named=0;req=0;lake=0;open=0;openk=;line=0;linek=;float=0;fgate=0;hang=0] gor_drazhak[gates=;cols=0;leak=;off=;road=0;dip=0;cross=1;named=0;req=0;lake=0;open=0;openk=;line=0;linek=;float=0;fgate=0;hang=4] lethariel[gates=;cols=0;leak=;off=;road=0;dip=0;cross=3;named=0;req=0;lake=175;open=0;openk=;line=0;linek=;float=0;fgate=0;hang=154] kezamba[gates=;cols=0;leak=;off=;road=0;dip=1;cross=3;named=0;req=0;lake=82;open=0;openk=;line=0;linek=;float=0;fgate=0;hang=126] nhal_veyr[gates=;cols=0;leak=;off=;road=0;dip=1;cross=0;named=0;req=0;lake=0;open=0;openk=;line=0;linek=;float=0;fgate=0;hang=7]
11892656633360257874	0	0	0	0	0	0	8	0	0	0	0	0	377	highcourt[gates=;cols=0;leak=;off=;road=0;dip=0;cross=0;named=0;req=0;lake=0;open=0;openk=;line=0;linek=;float=0;fgate=0;hang=0] dur_brannoc[gates=;cols=0;leak=;off=;road=0;dip=0;cross=0;named=0;req=0;lake=0;open=0;openk=;line=0;linek=;float=0;fgate=0;hang=10] gor_drazhak[gates=;cols=0;leak=;off=;road=0;dip=0;cross=0;named=0;req=0;lake=0;open=0;openk=;line=0;linek=;float=0;fgate=0;hang=0] lethariel[gates=;cols=0;leak=;off=;road=0;dip=0;cross=1;named=0;req=0;lake=172;open=0;openk=;line=0;linek=;float=0;fgate=0;hang=59] kezamba[gates=;cols=0;leak=;off=;road=0;dip=0;cross=0;named=0;req=0;lake=82;open=0;openk=;line=0;linek=;float=0;fgate=0;hang=0] nhal_veyr[gates=;cols=0;leak=;off=;road=0;dip=0;cross=7;named=0;req=0;lake=0;open=0;openk=;line=0;linek=;float=0;fgate=0;hang=308]
15396678960799299151	0	0	0	0	0	1	10	0	0	0	0	0	442	highcourt[gates=;cols=0;leak=;off=;road=0;dip=0;cross=0;named=0;req=0;lake=0;open=0;openk=;line=0;linek=;float=0;fgate=0;hang=0] dur_brannoc[gates=;cols=0;leak=;off=;road=0;dip=0;cross=1;named=0;req=0;lake=0;open=0;openk=;line=0;linek=;float=0;fgate=0;hang=40] gor_drazhak[gates=;cols=0;leak=;off=;road=0;dip=0;cross=0;named=0;req=0;lake=0;open=0;openk=;line=0;linek=;float=0;fgate=0;hang=1] lethariel[gates=;cols=0;leak=;off=;road=0;dip=0;cross=2;named=0;req=0;lake=182;open=0;openk=;line=0;linek=;float=0;fgate=0;hang=94] kezamba[gates=;cols=0;leak=;off=;road=0;dip=0;cross=5;named=0;req=0;lake=82;open=0;openk=;line=0;linek=;float=0;fgate=0;hang=101] nhal_veyr[gates=;cols=0;leak=;off=;road=0;dip=1;cross=2;named=0;req=0;lake=0;open=0;openk=;line=0;linek=;float=0;fgate=0;hang=206]
14959769122089851604	0	0	0	0	0	0	1	0	0	0	0	0	15	highcourt[gates=;cols=0;leak=;off=;road=0;dip=0;cross=0;named=0;req=0;lake=0;open=0;openk=;line=0;linek=;float=0;fgate=0;hang=3] dur_brannoc[gates=;cols=0;leak=;off=;road=0;dip=0;cross=0;named=0;req=0;lake=0;open=0;openk=;line=0;linek=;float=0;fgate=0;hang=0] gor_drazhak[gates=;cols=0;leak=;off=;road=0;dip=0;cross=1;named=0;req=0;lake=0;open=0;openk=;line=0;linek=;float=0;fgate=0;hang=12] lethariel[gates=;cols=0;leak=;off=;road=0;dip=0;cross=0;named=0;req=0;lake=110;open=0;openk=;line=0;linek=;float=0;fgate=0;hang=0] kezamba[gates=;cols=0;leak=;off=;road=0;dip=0;cross=0;named=0;req=0;lake=82;open=0;openk=;line=0;linek=;float=0;fgate=0;hang=0] nhal_veyr[gates=;cols=0;leak=;off=;road=0;dip=0;cross=0;named=0;req=0;lake=0;open=0;openk=;line=0;linek=;float=0;fgate=0;hang=0]
14402018182688909832	0	0	0	0	0	0	6	0	0	24	0	0	240	highcourt[gates=;cols=0;leak=;off=;road=0;dip=0;cross=0;named=0;req=0;lake=0;open=0;openk=;line=0;linek=;float=0;fgate=0;hang=0] dur_brannoc[gates=;cols=0;leak=;off=;road=0;dip=0;cross=0;named=0;req=0;lake=0;open=0;openk=;line=0;linek=;float=0;fgate=0;hang=0] gor_drazhak[gates=;cols=0;leak=;off=;road=0;dip=0;cross=0;named=0;req=0;lake=0;open=0;openk=;line=0;linek=;float=0;fgate=0;hang=0] lethariel[gates=;cols=0;leak=;off=;road=0;dip=0;cross=2;named=0;req=0;lake=180;open=0;openk=;line=0;linek=;float=0;fgate=0;hang=69] kezamba[gates=;cols=0;leak=;off=;road=0;dip=0;cross=1;named=0;req=0;lake=82;open=24;openk=avenue:24;line=19;linek=avenue:19;float=0;fgate=0;hang=39] nhal_veyr[gates=;cols=0;leak=;off=;road=0;dip=0;cross=3;named=0;req=0;lake=0;open=0;openk=;line=0;linek=;float=0;fgate=0;hang=132]
10814371586586021451	0	0	0	0	0	0	3	0	0	0	0	0	51	highcourt[gates=;cols=0;leak=;off=;road=0;dip=0;cross=0;named=0;req=0;lake=0;open=0;openk=;line=0;linek=;float=0;fgate=0;hang=0] dur_brannoc[gates=;cols=0;leak=;off=;road=0;dip=0;cross=0;named=0;req=0;lake=0;open=0;openk=;line=0;linek=;float=0;fgate=0;hang=0] gor_drazhak[gates=;cols=0;leak=;off=;road=0;dip=0;cross=0;named=0;req=0;lake=0;open=0;openk=;line=0;linek=;float=0;fgate=0;hang=0] lethariel[gates=;cols=0;leak=;off=;road=0;dip=0;cross=1;named=0;req=0;lake=151;open=0;openk=;line=0;linek=;float=0;fgate=0;hang=18] kezamba[gates=;cols=0;leak=;off=;road=0;dip=0;cross=1;named=0;req=0;lake=82;open=0;openk=;line=0;linek=;float=0;fgate=0;hang=14] nhal_veyr[gates=;cols=0;leak=;off=;road=0;dip=0;cross=1;named=0;req=0;lake=0;open=0;openk=;line=0;linek=;float=0;fgate=0;hang=19]
13448554223262126224	0	0	0	0	4	0	8	0	0	0	0	0	572	highcourt[gates=;cols=0;leak=;off=;road=0;dip=0;cross=7;named=0;req=0;lake=0;open=0;openk=;line=0;linek=;float=0;fgate=0;hang=553] dur_brannoc[gates=;cols=0;leak=;off=;road=0;dip=0;cross=0;named=0;req=0;lake=0;open=0;openk=;line=0;linek=;float=0;fgate=0;hang=0] gor_drazhak[gates=;cols=0;leak=;off=;road=0;dip=0;cross=0;named=0;req=0;lake=0;open=0;openk=;line=0;linek=;float=0;fgate=0;hang=0] lethariel[gates=;cols=0;leak=;off=;road=4;dip=0;cross=0;named=0;req=0;lake=108;open=0;openk=;line=4;linek=avenue:4;float=0;fgate=0;hang=0] kezamba[gates=;cols=0;leak=;off=;road=0;dip=0;cross=1;named=0;req=0;lake=82;open=0;openk=;line=0;linek=;float=0;fgate=0;hang=19] nhal_veyr[gates=;cols=0;leak=;off=;road=0;dip=0;cross=0;named=0;req=0;lake=0;open=0;openk=;line=0;linek=;float=0;fgate=0;hang=0]
12442995571406657747	0	0	0	0	0	1	7	0	0	0	0	0	297	highcourt[gates=;cols=0;leak=;off=;road=0;dip=0;cross=0;named=0;req=0;lake=0;open=0;openk=;line=0;linek=;float=0;fgate=0;hang=0] dur_brannoc[gates=;cols=0;leak=;off=;road=0;dip=0;cross=3;named=0;req=0;lake=0;open=0;openk=;line=0;linek=;float=0;fgate=0;hang=147] gor_drazhak[gates=;cols=0;leak=;off=;road=0;dip=0;cross=0;named=0;req=0;lake=0;open=0;openk=;line=0;linek=;float=0;fgate=0;hang=0] lethariel[gates=;cols=0;leak=;off=;road=0;dip=0;cross=3;named=0;req=0;lake=182;open=0;openk=;line=0;linek=;float=0;fgate=0;hang=134] kezamba[gates=;cols=0;leak=;off=;road=0;dip=1;cross=0;named=0;req=0;lake=82;open=0;openk=;line=0;linek=;float=0;fgate=0;hang=0] nhal_veyr[gates=;cols=0;leak=;off=;road=0;dip=0;cross=1;named=0;req=0;lake=0;open=0;openk=;line=0;linek=;float=0;fgate=0;hang=16]
6404538897243258015	0	0	0	0	0	0	5	0	0	0	0	0	225	highcourt[gates=;cols=0;leak=;off=;road=0;dip=0;cross=0;named=0;req=0;lake=0;open=0;openk=;line=0;linek=;float=0;fgate=0;hang=0] dur_brannoc[gates=;cols=0;leak=;off=;road=0;dip=0;cross=0;named=0;req=0;lake=0;open=0;openk=;line=0;linek=;float=0;fgate=0;hang=0] gor_drazhak[gates=;cols=0;leak=;off=;road=0;dip=0;cross=0;named=0;req=0;lake=0;open=0;openk=;line=0;linek=;float=0;fgate=0;hang=0] lethariel[gates=;cols=0;leak=;off=;road=0;dip=0;cross=3;named=0;req=0;lake=179;open=0;openk=;line=0;linek=;float=0;fgate=0;hang=157] kezamba[gates=;cols=0;leak=;off=;road=0;dip=0;cross=2;named=0;req=0;lake=82;open=0;openk=;line=0;linek=;float=0;fgate=0;hang=68] nhal_veyr[gates=;cols=0;leak=;off=;road=0;dip=0;cross=0;named=0;req=0;lake=0;open=0;openk=;line=0;linek=;float=0;fgate=0;hang=0]
16500392448699795095	0	0	0	0	0	1	5	0	0	0	0	0	382	highcourt[gates=;cols=0;leak=;off=;road=0;dip=0;cross=0;named=0;req=0;lake=0;open=0;openk=;line=0;linek=;float=0;fgate=0;hang=0] dur_brannoc[gates=;cols=0;leak=;off=;road=0;dip=1;cross=2;named=0;req=0;lake=0;open=0;openk=;line=0;linek=;float=0;fgate=0;hang=229] gor_drazhak[gates=;cols=0;leak=;off=;road=0;dip=0;cross=0;named=0;req=0;lake=0;open=0;openk=;line=0;linek=;float=0;fgate=0;hang=0] lethariel[gates=;cols=0;leak=;off=;road=0;dip=0;cross=2;named=0;req=0;lake=170;open=0;openk=;line=0;linek=;float=0;fgate=0;hang=145] kezamba[gates=;cols=0;leak=;off=;road=0;dip=0;cross=1;named=0;req=0;lake=82;open=0;openk=;line=0;linek=;float=0;fgate=0;hang=8] nhal_veyr[gates=;cols=0;leak=;off=;road=0;dip=0;cross=0;named=0;req=0;lake=0;open=0;openk=;line=0;linek=;float=0;fgate=0;hang=0]
16190052255148292318	0	0	0	0	8	0	11	0	0	0	0	0	740	highcourt[gates=;cols=0;leak=;off=;road=0;dip=0;cross=6;named=0;req=0;lake=0;open=0;openk=;line=0;linek=;float=0;fgate=0;hang=532] dur_brannoc[gates=;cols=0;leak=;off=;road=0;dip=0;cross=0;named=0;req=0;lake=0;open=0;openk=;line=0;linek=;float=0;fgate=0;hang=0] gor_drazhak[gates=;cols=0;leak=;off=;road=0;dip=0;cross=0;named=0;req=0;lake=0;open=0;openk=;line=0;linek=;float=0;fgate=0;hang=0] lethariel[gates=;cols=0;leak=;off=;road=8;dip=0;cross=2;named=0;req=0;lake=180;open=0;openk=;line=8;linek=avenue:8;float=0;fgate=0;hang=141] kezamba[gates=;cols=0;leak=;off=;road=0;dip=0;cross=3;named=0;req=0;lake=82;open=0;openk=;line=0;linek=;float=0;fgate=0;hang=67] nhal_veyr[gates=;cols=0;leak=;off=;road=0;dip=0;cross=0;named=0;req=0;lake=0;open=0;openk=;line=0;linek=;float=0;fgate=0;hang=0]
11203038853985275083	0	0	0	0	0	0	2	0	0	0	0	0	80	highcourt[gates=;cols=0;leak=;off=;road=0;dip=0;cross=0;named=0;req=0;lake=0;open=0;openk=;line=0;linek=;float=0;fgate=0;hang=0] dur_brannoc[gates=;cols=0;leak=;off=;road=0;dip=0;cross=0;named=0;req=0;lake=0;open=0;openk=;line=0;linek=;float=0;fgate=0;hang=0] gor_drazhak[gates=;cols=0;leak=;off=;road=0;dip=0;cross=0;named=0;req=0;lake=0;open=0;openk=;line=0;linek=;float=0;fgate=0;hang=0] lethariel[gates=;cols=0;leak=;off=;road=0;dip=0;cross=2;named=0;req=0;lake=176;open=0;openk=;line=0;linek=;float=0;fgate=0;hang=80] kezamba[gates=;cols=0;leak=;off=;road=0;dip=0;cross=0;named=0;req=0;lake=82;open=0;openk=;line=0;linek=;float=0;fgate=0;hang=0] nhal_veyr[gates=;cols=0;leak=;off=;road=0;dip=0;cross=0;named=0;req=0;lake=0;open=0;openk=;line=0;linek=;float=0;fgate=0;hang=0]
17608184500408850831	0	0	0	0	14	1	5	0	0	15	0	0	129	highcourt[gates=;cols=0;leak=;off=;road=0;dip=0;cross=0;named=0;req=0;lake=0;open=0;openk=;line=0;linek=;float=0;fgate=0;hang=0] dur_brannoc[gates=;cols=0;leak=;off=;road=0;dip=0;cross=0;named=0;req=0;lake=0;open=0;openk=;line=0;linek=;float=0;fgate=0;hang=10] gor_drazhak[gates=;cols=0;leak=;off=;road=14;dip=0;cross=0;named=0;req=0;lake=0;open=15;openk=avenue:15;line=14;linek=avenue:14;float=0;fgate=0;hang=0] lethariel[gates=;cols=0;leak=;off=;road=0;dip=0;cross=2;named=0;req=0;lake=179;open=0;openk=;line=0;linek=;float=0;fgate=0;hang=52] kezamba[gates=;cols=0;leak=;off=;road=0;dip=0;cross=3;named=0;req=0;lake=82;open=0;openk=;line=0;linek=;float=0;fgate=0;hang=58] nhal_veyr[gates=;cols=0;leak=;off=;road=0;dip=1;cross=0;named=0;req=0;lake=0;open=0;openk=;line=0;linek=;float=0;fgate=0;hang=9]
3107115788482909302	0	0	0	0	0	0	2	0	0	0	0	0	57	highcourt[gates=;cols=0;leak=;off=;road=0;dip=0;cross=0;named=0;req=0;lake=0;open=0;openk=;line=0;linek=;float=0;fgate=0;hang=0] dur_brannoc[gates=;cols=0;leak=;off=;road=0;dip=0;cross=0;named=0;req=0;lake=0;open=0;openk=;line=0;linek=;float=0;fgate=0;hang=0] gor_drazhak[gates=;cols=0;leak=;off=;road=0;dip=0;cross=0;named=0;req=0;lake=0;open=0;openk=;line=0;linek=;float=0;fgate=0;hang=0] lethariel[gates=;cols=0;leak=;off=;road=0;dip=0;cross=1;named=0;req=0;lake=178;open=0;openk=;line=0;linek=;float=0;fgate=0;hang=37] kezamba[gates=;cols=0;leak=;off=;road=0;dip=0;cross=1;named=0;req=0;lake=82;open=0;openk=;line=0;linek=;float=0;fgate=0;hang=20] nhal_veyr[gates=;cols=0;leak=;off=;road=0;dip=0;cross=0;named=0;req=0;lake=0;open=0;openk=;line=0;linek=;float=0;fgate=0;hang=0]
16234633967765466630	0	0	0	0	0	0	6	0	0	0	0	0	198	highcourt[gates=;cols=0;leak=;off=;road=0;dip=0;cross=0;named=0;req=0;lake=0;open=0;openk=;line=0;linek=;float=0;fgate=0;hang=5] dur_brannoc[gates=;cols=0;leak=;off=;road=0;dip=0;cross=2;named=0;req=0;lake=0;open=0;openk=;line=0;linek=;float=0;fgate=0;hang=111] gor_drazhak[gates=;cols=0;leak=;off=;road=0;dip=0;cross=0;named=0;req=0;lake=0;open=0;openk=;line=0;linek=;float=0;fgate=0;hang=0] lethariel[gates=;cols=0;leak=;off=;road=0;dip=0;cross=3;named=0;req=0;lake=171;open=0;openk=;line=0;linek=;float=0;fgate=0;hang=80] kezamba[gates=;cols=0;leak=;off=;road=0;dip=0;cross=0;named=0;req=0;lake=82;open=0;openk=;line=0;linek=;float=0;fgate=0;hang=0] nhal_veyr[gates=;cols=0;leak=;off=;road=0;dip=0;cross=1;named=0;req=0;lake=0;open=0;openk=;line=0;linek=;float=0;fgate=0;hang=2]
9156622373429034539	0	0	0	0	0	0	5	0	0	0	0	0	130	highcourt[gates=;cols=0;leak=;off=;road=0;dip=0;cross=0;named=0;req=0;lake=0;open=0;openk=;line=0;linek=;float=0;fgate=0;hang=0] dur_brannoc[gates=;cols=0;leak=;off=;road=0;dip=0;cross=0;named=0;req=0;lake=0;open=0;openk=;line=0;linek=;float=0;fgate=0;hang=9] gor_drazhak[gates=;cols=0;leak=;off=;road=0;dip=0;cross=0;named=0;req=0;lake=0;open=0;openk=;line=0;linek=;float=0;fgate=0;hang=0] lethariel[gates=;cols=0;leak=;off=;road=0;dip=0;cross=1;named=0;req=0;lake=110;open=0;openk=;line=0;linek=;float=0;fgate=0;hang=15] kezamba[gates=;cols=0;leak=;off=;road=0;dip=0;cross=3;named=0;req=0;lake=82;open=0;openk=;line=0;linek=;float=0;fgate=0;hang=102] nhal_veyr[gates=;cols=0;leak=;off=;road=0;dip=0;cross=1;named=0;req=0;lake=0;open=0;openk=;line=0;linek=;float=0;fgate=0;hang=4]
4940730977331847287	0	0	0	0	0	1	13	0	0	0	0	0	808	highcourt[gates=;cols=0;leak=;off=;road=0;dip=1;cross=5;named=0;req=0;lake=0;open=0;openk=;line=0;linek=;float=0;fgate=0;hang=597] dur_brannoc[gates=;cols=0;leak=;off=;road=0;dip=0;cross=1;named=0;req=0;lake=0;open=0;openk=;line=0;linek=;float=0;fgate=0;hang=17] gor_drazhak[gates=;cols=0;leak=;off=;road=0;dip=0;cross=0;named=0;req=0;lake=0;open=0;openk=;line=0;linek=;float=0;fgate=0;hang=0] lethariel[gates=;cols=0;leak=;off=;road=0;dip=0;cross=3;named=0;req=0;lake=171;open=0;openk=;line=0;linek=;float=0;fgate=0;hang=102] kezamba[gates=;cols=0;leak=;off=;road=0;dip=0;cross=3;named=0;req=0;lake=82;open=0;openk=;line=0;linek=;float=0;fgate=0;hang=72] nhal_veyr[gates=;cols=0;leak=;off=;road=0;dip=0;cross=1;named=0;req=0;lake=0;open=0;openk=;line=0;linek=;float=0;fgate=0;hang=20]
17001111980221068240	0	0	0	0	2	0	4	0	0	0	0	0	122	highcourt[gates=;cols=0;leak=;off=;road=0;dip=0;cross=0;named=0;req=0;lake=0;open=0;openk=;line=0;linek=;float=0;fgate=0;hang=0] dur_brannoc[gates=;cols=0;leak=;off=;road=0;dip=0;cross=1;named=0;req=0;lake=0;open=0;openk=;line=0;linek=;float=0;fgate=0;hang=20] gor_drazhak[gates=;cols=0;leak=;off=;road=0;dip=0;cross=0;named=0;req=0;lake=0;open=0;openk=;line=0;linek=;float=0;fgate=0;hang=0] lethariel[gates=;cols=0;leak=;off=;road=0;dip=0;cross=2;named=0;req=0;lake=179;open=0;openk=;line=0;linek=;float=0;fgate=0;hang=98] kezamba[gates=;cols=0;leak=;off=;road=2;dip=0;cross=1;named=0;req=0;lake=82;open=0;openk=;line=2;linek=avenue:2;float=0;fgate=0;hang=4] nhal_veyr[gates=;cols=0;leak=;off=;road=0;dip=0;cross=0;named=0;req=0;lake=0;open=0;openk=;line=0;linek=;float=0;fgate=0;hang=0]
1181124898643762161	0	0	0	0	12	0	14	0	0	0	0	0	451	highcourt[gates=;cols=0;leak=;off=;road=0;dip=0;cross=0;named=0;req=0;lake=0;open=0;openk=;line=0;linek=;float=0;fgate=0;hang=0] dur_brannoc[gates=;cols=0;leak=;off=;road=0;dip=0;cross=1;named=0;req=0;lake=0;open=0;openk=;line=0;linek=;float=0;fgate=0;hang=17] gor_drazhak[gates=;cols=0;leak=;off=;road=0;dip=0;cross=2;named=0;req=0;lake=0;open=0;openk=;line=0;linek=;float=0;fgate=0;hang=58] lethariel[gates=;cols=0;leak=;off=;road=0;dip=0;cross=4;named=0;req=0;lake=172;open=0;openk=;line=0;linek=;float=0;fgate=0;hang=125] kezamba[gates=;cols=0;leak=;off=;road=12;dip=0;cross=5;named=0;req=0;lake=82;open=0;openk=;line=12;linek=avenue:12;float=0;fgate=0;hang=124] nhal_veyr[gates=;cols=0;leak=;off=;road=0;dip=0;cross=2;named=0;req=0;lake=0;open=0;openk=;line=0;linek=;float=0;fgate=0;hang=127]
7042201640385088875	0	0	0	0	0	2	7	0	0	0	0	0	342	highcourt[gates=;cols=0;leak=;off=;road=0;dip=0;cross=0;named=0;req=0;lake=0;open=0;openk=;line=0;linek=;float=0;fgate=0;hang=0] dur_brannoc[gates=;cols=0;leak=;off=;road=0;dip=0;cross=0;named=0;req=0;lake=0;open=0;openk=;line=0;linek=;float=0;fgate=0;hang=0] gor_drazhak[gates=;cols=0;leak=;off=;road=0;dip=1;cross=0;named=0;req=0;lake=0;open=0;openk=;line=0;linek=;float=0;fgate=0;hang=6] lethariel[gates=;cols=0;leak=;off=;road=0;dip=0;cross=4;named=0;req=0;lake=171;open=0;openk=;line=0;linek=;float=0;fgate=0;hang=204] kezamba[gates=;cols=0;leak=;off=;road=0;dip=0;cross=2;named=0;req=0;lake=82;open=0;openk=;line=0;linek=;float=0;fgate=0;hang=105] nhal_veyr[gates=;cols=0;leak=;off=;road=0;dip=1;cross=1;named=0;req=0;lake=0;open=0;openk=;line=0;linek=;float=0;fgate=0;hang=27]
5062001792694215252	0	0	0	0	0	0	12	0	0	0	0	0	394	highcourt[gates=;cols=0;leak=;off=;road=0;dip=0;cross=1;named=0;req=0;lake=0;open=0;openk=;line=0;linek=;float=0;fgate=0;hang=34] dur_brannoc[gates=;cols=0;leak=;off=;road=0;dip=0;cross=0;named=0;req=0;lake=0;open=0;openk=;line=0;linek=;float=0;fgate=0;hang=0] gor_drazhak[gates=;cols=0;leak=;off=;road=0;dip=0;cross=9;named=0;req=0;lake=0;open=0;openk=;line=0;linek=;float=0;fgate=0;hang=245] lethariel[gates=;cols=0;leak=;off=;road=0;dip=0;cross=2;named=0;req=0;lake=172;open=0;openk=;line=0;linek=;float=0;fgate=0;hang=115] kezamba[gates=;cols=0;leak=;off=;road=0;dip=0;cross=0;named=0;req=0;lake=82;open=0;openk=;line=0;linek=;float=0;fgate=0;hang=0] nhal_veyr[gates=;cols=0;leak=;off=;road=0;dip=0;cross=0;named=0;req=0;lake=0;open=0;openk=;line=0;linek=;float=0;fgate=0;hang=0]
2092241566259471617	0	0	0	0	0	0	8	0	0	0	0	0	181	highcourt[gates=;cols=0;leak=;off=;road=0;dip=0;cross=1;named=0;req=0;lake=0;open=0;openk=;line=0;linek=;float=0;fgate=0;hang=5] dur_brannoc[gates=;cols=0;leak=;off=;road=0;dip=0;cross=0;named=0;req=0;lake=0;open=0;openk=;line=0;linek=;float=0;fgate=0;hang=5] gor_drazhak[gates=;cols=0;leak=;off=;road=0;dip=0;cross=0;named=0;req=0;lake=0;open=0;openk=;line=0;linek=;float=0;fgate=0;hang=0] lethariel[gates=;cols=0;leak=;off=;road=0;dip=0;cross=2;named=0;req=0;lake=180;open=0;openk=;line=0;linek=;float=0;fgate=0;hang=84] kezamba[gates=;cols=0;leak=;off=;road=0;dip=0;cross=5;named=0;req=0;lake=82;open=0;openk=;line=0;linek=;float=0;fgate=0;hang=87] nhal_veyr[gates=;cols=0;leak=;off=;road=0;dip=0;cross=0;named=0;req=0;lake=0;open=0;openk=;line=0;linek=;float=0;fgate=0;hang=0]
16740115798282967557	0	0	0	0	0	0	4	0	0	0	0	0	143	highcourt[gates=;cols=0;leak=;off=;road=0;dip=0;cross=0;named=0;req=0;lake=0;open=0;openk=;line=0;linek=;float=0;fgate=0;hang=1] dur_brannoc[gates=;cols=0;leak=;off=;road=0;dip=0;cross=1;named=0;req=0;lake=0;open=0;openk=;line=0;linek=;float=0;fgate=0;hang=15] gor_drazhak[gates=;cols=0;leak=;off=;road=0;dip=0;cross=0;named=0;req=0;lake=0;open=0;openk=;line=0;linek=;float=0;fgate=0;hang=0] lethariel[gates=;cols=0;leak=;off=;road=0;dip=0;cross=2;named=0;req=0;lake=174;open=0;openk=;line=0;linek=;float=0;fgate=0;hang=121] kezamba[gates=;cols=0;leak=;off=;road=0;dip=0;cross=1;named=0;req=0;lake=82;open=0;openk=;line=0;linek=;float=0;fgate=0;hang=6] nhal_veyr[gates=;cols=0;leak=;off=;road=0;dip=0;cross=0;named=0;req=0;lake=0;open=0;openk=;line=0;linek=;float=0;fgate=0;hang=0]
1672520136043578697	0	0	0	0	0	1	6	0	0	0	0	0	264	highcourt[gates=;cols=0;leak=;off=;road=0;dip=0;cross=1;named=0;req=0;lake=0;open=0;openk=;line=0;linek=;float=0;fgate=0;hang=21] dur_brannoc[gates=;cols=0;leak=;off=;road=0;dip=1;cross=1;named=0;req=0;lake=0;open=0;openk=;line=0;linek=;float=0;fgate=0;hang=74] gor_drazhak[gates=;cols=0;leak=;off=;road=0;dip=0;cross=0;named=0;req=0;lake=0;open=0;openk=;line=0;linek=;float=0;fgate=0;hang=0] lethariel[gates=;cols=0;leak=;off=;road=0;dip=0;cross=4;named=0;req=0;lake=170;open=0;openk=;line=0;linek=;float=0;fgate=0;hang=169] kezamba[gates=;cols=0;leak=;off=;road=0;dip=0;cross=0;named=0;req=0;lake=82;open=0;openk=;line=0;linek=;float=0;fgate=0;hang=0] nhal_veyr[gates=;cols=0;leak=;off=;road=0;dip=0;cross=0;named=0;req=0;lake=0;open=0;openk=;line=0;linek=;float=0;fgate=0;hang=0]
10086036900283954633	0	0	0	0	13	0	5	0	0	20	0	0	140	highcourt[gates=;cols=0;leak=;off=;road=0;dip=0;cross=0;named=0;req=0;lake=0;open=0;openk=;line=0;linek=;float=0;fgate=0;hang=1] dur_brannoc[gates=;cols=0;leak=;off=;road=0;dip=0;cross=0;named=0;req=0;lake=0;open=0;openk=;line=0;linek=;float=0;fgate=0;hang=0] gor_drazhak[gates=;cols=0;leak=;off=;road=0;dip=0;cross=0;named=0;req=0;lake=0;open=0;openk=;line=0;linek=;float=0;fgate=0;hang=0] lethariel[gates=;cols=0;leak=;off=;road=13;dip=0;cross=4;named=0;req=0;lake=175;open=20;openk=avenue:20;line=13;linek=avenue:13;float=0;fgate=0;hang=129] kezamba[gates=;cols=0;leak=;off=;road=0;dip=0;cross=1;named=0;req=0;lake=82;open=0;openk=;line=0;linek=;float=0;fgate=0;hang=10] nhal_veyr[gates=;cols=0;leak=;off=;road=0;dip=0;cross=0;named=0;req=0;lake=0;open=0;openk=;line=0;linek=;float=0;fgate=0;hang=0]
8357687800086222875	0	0	0	0	0	1	4	0	0	0	0	0	179	highcourt[gates=;cols=0;leak=;off=;road=0;dip=0;cross=0;named=0;req=0;lake=0;open=0;openk=;line=0;linek=;float=0;fgate=0;hang=0] dur_brannoc[gates=;cols=0;leak=;off=;road=0;dip=0;cross=2;named=0;req=0;lake=0;open=0;openk=;line=0;linek=;float=0;fgate=0;hang=34] gor_drazhak[gates=;cols=0;leak=;off=;road=0;dip=0;cross=0;named=0;req=0;lake=0;open=0;openk=;line=0;linek=;float=0;fgate=0;hang=0] lethariel[gates=;cols=0;leak=;off=;road=0;dip=0;cross=0;named=0;req=0;lake=109;open=0;openk=;line=0;linek=;float=0;fgate=0;hang=0] kezamba[gates=;cols=0;leak=;off=;road=0;dip=1;cross=0;named=0;req=0;lake=82;open=0;openk=;line=0;linek=;float=0;fgate=0;hang=0] nhal_veyr[gates=;cols=0;leak=;off=;road=0;dip=0;cross=2;named=0;req=0;lake=0;open=0;openk=;line=0;linek=;float=0;fgate=0;hang=145]
5530505363341515427	0	0	0	0	1	0	7	0	0	0	0	0	156	highcourt[gates=;cols=0;leak=;off=;road=0;dip=0;cross=1;named=0;req=0;lake=0;open=0;openk=;line=0;linek=;float=0;fgate=0;hang=11] dur_brannoc[gates=;cols=0;leak=;off=;road=0;dip=0;cross=0;named=0;req=0;lake=0;open=0;openk=;line=0;linek=;float=0;fgate=0;hang=0] gor_drazhak[gates=;cols=0;leak=;off=;road=0;dip=0;cross=1;named=0;req=0;lake=0;open=0;openk=;line=0;linek=;float=0;fgate=0;hang=3] lethariel[gates=;cols=0;leak=;off=;road=0;dip=0;cross=4;named=0;req=0;lake=169;open=0;openk=;line=0;linek=;float=0;fgate=0;hang=129] kezamba[gates=;cols=0;leak=;off=;road=1;dip=0;cross=0;named=0;req=0;lake=82;open=0;openk=;line=1;linek=avenue:1;float=0;fgate=0;hang=0] nhal_veyr[gates=;cols=0;leak=;off=;road=0;dip=0;cross=1;named=0;req=0;lake=0;open=0;openk=;line=0;linek=;float=0;fgate=0;hang=13]
5303256338037530373	0	0	0	0	0	1	4	0	0	0	0	0	118	highcourt[gates=;cols=0;leak=;off=;road=0;dip=0;cross=1;named=0;req=0;lake=0;open=0;openk=;line=0;linek=;float=0;fgate=0;hang=0] dur_brannoc[gates=;cols=0;leak=;off=;road=0;dip=0;cross=0;named=0;req=0;lake=0;open=0;openk=;line=0;linek=;float=0;fgate=0;hang=0] gor_drazhak[gates=;cols=0;leak=;off=;road=0;dip=0;cross=1;named=0;req=0;lake=0;open=0;openk=;line=0;linek=;float=0;fgate=0;hang=3] lethariel[gates=;cols=0;leak=;off=;road=0;dip=0;cross=2;named=0;req=0;lake=170;open=0;openk=;line=0;linek=;float=0;fgate=0;hang=108] kezamba[gates=;cols=0;leak=;off=;road=0;dip=1;cross=0;named=0;req=0;lake=82;open=0;openk=;line=0;linek=;float=0;fgate=0;hang=7] nhal_veyr[gates=;cols=0;leak=;off=;road=0;dip=0;cross=0;named=0;req=0;lake=0;open=0;openk=;line=0;linek=;float=0;fgate=0;hang=0]
6976665996084301048	0	0	0	0	0	0	1	0	0	0	0	0	18	highcourt[gates=;cols=0;leak=;off=;road=0;dip=0;cross=0;named=0;req=0;lake=0;open=0;openk=;line=0;linek=;float=0;fgate=0;hang=0] dur_brannoc[gates=;cols=0;leak=;off=;road=0;dip=0;cross=0;named=0;req=0;lake=0;open=0;openk=;line=0;linek=;float=0;fgate=0;hang=0] gor_drazhak[gates=;cols=0;leak=;off=;road=0;dip=0;cross=0;named=0;req=0;lake=0;open=0;openk=;line=0;linek=;float=0;fgate=0;hang=0] lethariel[gates=;cols=0;leak=;off=;road=0;dip=0;cross=1;named=0;req=0;lake=167;open=0;openk=;line=0;linek=;float=0;fgate=0;hang=17] kezamba[gates=;cols=0;leak=;off=;road=0;dip=0;cross=0;named=0;req=0;lake=82;open=0;openk=;line=0;linek=;float=0;fgate=0;hang=0] nhal_veyr[gates=;cols=0;leak=;off=;road=0;dip=0;cross=0;named=0;req=0;lake=0;open=0;openk=;line=0;linek=;float=0;fgate=0;hang=1]
10131113280343415741	0	0	0	0	0	1	4	0	0	0	0	0	156	highcourt[gates=;cols=0;leak=;off=;road=0;dip=0;cross=0;named=0;req=0;lake=0;open=0;openk=;line=0;linek=;float=0;fgate=0;hang=2] dur_brannoc[gates=;cols=0;leak=;off=;road=0;dip=0;cross=1;named=0;req=0;lake=0;open=0;openk=;line=0;linek=;float=0;fgate=0;hang=52] gor_drazhak[gates=;cols=0;leak=;off=;road=0;dip=0;cross=0;named=0;req=0;lake=0;open=0;openk=;line=0;linek=;float=0;fgate=0;hang=0] lethariel[gates=;cols=0;leak=;off=;road=0;dip=1;cross=0;named=0;req=0;lake=112;open=0;openk=;line=0;linek=;float=0;fgate=0;hang=19] kezamba[gates=;cols=0;leak=;off=;road=0;dip=0;cross=2;named=0;req=0;lake=82;open=0;openk=;line=0;linek=;float=0;fgate=0;hang=82] nhal_veyr[gates=;cols=0;leak=;off=;road=0;dip=0;cross=1;named=0;req=0;lake=0;open=0;openk=;line=0;linek=;float=0;fgate=0;hang=1]
17396274778243905761	0	0	0	0	0	1	16	0	0	0	0	0	804	highcourt[gates=;cols=0;leak=;off=;road=0;dip=0;cross=0;named=0;req=0;lake=0;open=0;openk=;line=0;linek=;float=0;fgate=0;hang=7] dur_brannoc[gates=;cols=0;leak=;off=;road=0;dip=0;cross=2;named=0;req=0;lake=0;open=0;openk=;line=0;linek=;float=0;fgate=0;hang=97] gor_drazhak[gates=;cols=0;leak=;off=;road=0;dip=1;cross=4;named=0;req=0;lake=0;open=0;openk=;line=0;linek=;float=0;fgate=0;hang=329] lethariel[gates=;cols=0;leak=;off=;road=0;dip=0;cross=2;named=0;req=0;lake=179;open=0;openk=;line=0;linek=;float=0;fgate=0;hang=116] kezamba[gates=;cols=0;leak=;off=;road=0;dip=0;cross=6;named=0;req=0;lake=82;open=0;openk=;line=8;linek=primary:8;float=0;fgate=0;hang=146] nhal_veyr[gates=;cols=0;leak=;off=;road=0;dip=0;cross=2;named=0;req=0;lake=0;open=0;openk=;line=0;linek=;float=0;fgate=0;hang=109]
14411843471202193230	0	0	0	0	0	1	3	0	0	0	0	0	173	highcourt[gates=;cols=0;leak=;off=;road=0;dip=0;cross=0;named=0;req=0;lake=0;open=0;openk=;line=0;linek=;float=0;fgate=0;hang=0] dur_brannoc[gates=;cols=0;leak=;off=;road=0;dip=0;cross=0;named=0;req=0;lake=0;open=0;openk=;line=0;linek=;float=0;fgate=0;hang=0] gor_drazhak[gates=;cols=0;leak=;off=;road=0;dip=0;cross=0;named=0;req=0;lake=0;open=0;openk=;line=0;linek=;float=0;fgate=0;hang=0] lethariel[gates=;cols=0;leak=;off=;road=0;dip=0;cross=2;named=0;req=0;lake=180;open=0;openk=;line=0;linek=;float=0;fgate=0;hang=151] kezamba[gates=;cols=0;leak=;off=;road=0;dip=0;cross=1;named=0;req=0;lake=82;open=0;openk=;line=0;linek=;float=0;fgate=0;hang=7] nhal_veyr[gates=;cols=0;leak=;off=;road=0;dip=1;cross=0;named=0;req=0;lake=0;open=0;openk=;line=0;linek=;float=0;fgate=0;hang=15]
3138063647324892063	0	0	0	0	13	0	10	0	0	0	0	0	544	highcourt[gates=;cols=0;leak=;off=;road=0;dip=0;cross=0;named=0;req=0;lake=0;open=0;openk=;line=0;linek=;float=0;fgate=0;hang=0] dur_brannoc[gates=;cols=0;leak=;off=;road=13;dip=0;cross=4;named=0;req=0;lake=0;open=0;openk=;line=13;linek=avenue:13;float=0;fgate=0;hang=326] gor_drazhak[gates=;cols=0;leak=;off=;road=0;dip=0;cross=0;named=0;req=0;lake=0;open=0;openk=;line=0;linek=;float=0;fgate=0;hang=0] lethariel[gates=;cols=0;leak=;off=;road=0;dip=0;cross=5;named=0;req=0;lake=169;open=0;openk=;line=0;linek=;float=0;fgate=0;hang=200] kezamba[gates=;cols=0;leak=;off=;road=0;dip=0;cross=0;named=0;req=0;lake=82;open=0;openk=;line=0;linek=;float=0;fgate=0;hang=0] nhal_veyr[gates=;cols=0;leak=;off=;road=0;dip=0;cross=1;named=0;req=0;lake=0;open=0;openk=;line=0;linek=;float=0;fgate=0;hang=18]
17175927337665330950	0	0	0	0	10	1	8	0	0	12	0	0	454	highcourt[gates=;cols=0;leak=;off=;road=0;dip=0;cross=0;named=0;req=0;lake=0;open=0;openk=;line=0;linek=;float=0;fgate=0;hang=0] dur_brannoc[gates=;cols=0;leak=;off=;road=0;dip=0;cross=3;named=0;req=0;lake=0;open=0;openk=;line=0;linek=;float=0;fgate=0;hang=229] gor_drazhak[gates=;cols=0;leak=;off=;road=0;dip=0;cross=0;named=0;req=0;lake=0;open=0;openk=;line=0;linek=;float=0;fgate=0;hang=0] lethariel[gates=;cols=0;leak=;off=;road=10;dip=0;cross=4;named=0;req=0;lake=153;open=12;openk=avenue:12;line=10;linek=avenue:10;float=0;fgate=0;hang=201] kezamba[gates=;cols=0;leak=;off=;road=0;dip=0;cross=1;named=0;req=0;lake=82;open=0;openk=;line=0;linek=;float=0;fgate=0;hang=9] nhal_veyr[gates=;cols=0;leak=;off=;road=0;dip=1;cross=0;named=0;req=0;lake=0;open=0;openk=;line=0;linek=;float=0;fgate=0;hang=15]
16119656790058930094	0	0	0	0	0	0	4	0	0	0	0	0	124	highcourt[gates=;cols=0;leak=;off=;road=0;dip=0;cross=0;named=0;req=0;lake=0;open=0;openk=;line=0;linek=;float=0;fgate=0;hang=0] dur_brannoc[gates=;cols=0;leak=;off=;road=0;dip=0;cross=0;named=0;req=0;lake=0;open=0;openk=;line=0;linek=;float=0;fgate=0;hang=0] gor_drazhak[gates=;cols=0;leak=;off=;road=0;dip=0;cross=0;named=0;req=0;lake=0;open=0;openk=;line=0;linek=;float=0;fgate=0;hang=0] lethariel[gates=;cols=0;leak=;off=;road=0;dip=0;cross=2;named=0;req=0;lake=115;open=0;openk=;line=0;linek=;float=0;fgate=0;hang=85] kezamba[gates=;cols=0;leak=;off=;road=0;dip=0;cross=1;named=0;req=0;lake=82;open=0;openk=;line=0;linek=;float=0;fgate=0;hang=18] nhal_veyr[gates=;cols=0;leak=;off=;road=0;dip=0;cross=1;named=0;req=0;lake=0;open=0;openk=;line=0;linek=;float=0;fgate=0;hang=21]
2416523602036836406	0	0	0	0	0	0	4	0	0	0	0	0	165	highcourt[gates=;cols=0;leak=;off=;road=0;dip=0;cross=0;named=0;req=0;lake=0;open=0;openk=;line=0;linek=;float=0;fgate=0;hang=0] dur_brannoc[gates=;cols=0;leak=;off=;road=0;dip=0;cross=1;named=0;req=0;lake=0;open=0;openk=;line=0;linek=;float=0;fgate=0;hang=48] gor_drazhak[gates=;cols=0;leak=;off=;road=0;dip=0;cross=0;named=0;req=0;lake=0;open=0;openk=;line=0;linek=;float=0;fgate=0;hang=0] lethariel[gates=;cols=0;leak=;off=;road=0;dip=0;cross=2;named=0;req=0;lake=177;open=0;openk=;line=0;linek=;float=0;fgate=0;hang=97] kezamba[gates=;cols=0;leak=;off=;road=0;dip=0;cross=1;named=0;req=0;lake=82;open=0;openk=;line=0;linek=;float=0;fgate=0;hang=20] nhal_veyr[gates=;cols=0;leak=;off=;road=0;dip=0;cross=0;named=0;req=0;lake=0;open=0;openk=;line=0;linek=;float=0;fgate=0;hang=0]
8500884885353252696	0	0	0	0	0	0	6	0	0	0	0	0	178	highcourt[gates=;cols=0;leak=;off=;road=0;dip=0;cross=0;named=0;req=0;lake=0;open=0;openk=;line=0;linek=;float=0;fgate=0;hang=3] dur_brannoc[gates=;cols=0;leak=;off=;road=0;dip=0;cross=1;named=0;req=0;lake=0;open=0;openk=;line=0;linek=;float=0;fgate=0;hang=19] gor_drazhak[gates=;cols=0;leak=;off=;road=0;dip=0;cross=0;named=0;req=0;lake=0;open=0;openk=;line=0;linek=;float=0;fgate=0;hang=0] lethariel[gates=;cols=0;leak=;off=;road=0;dip=0;cross=2;named=0;req=0;lake=173;open=0;openk=;line=0;linek=;float=0;fgate=0;hang=87] kezamba[gates=;cols=0;leak=;off=;road=0;dip=0;cross=3;named=0;req=0;lake=82;open=0;openk=;line=0;linek=;float=0;fgate=0;hang=59] nhal_veyr[gates=;cols=0;leak=;off=;road=0;dip=0;cross=0;named=0;req=0;lake=0;open=0;openk=;line=0;linek=;float=0;fgate=0;hang=10]
8825816786334113922	0	0	0	0	0	1	7	0	0	0	0	0	458	highcourt[gates=;cols=0;leak=;off=;road=0;dip=0;cross=0;named=0;req=0;lake=0;open=0;openk=;line=0;linek=;float=0;fgate=0;hang=0] dur_brannoc[gates=;cols=0;leak=;off=;road=0;dip=0;cross=3;named=0;req=0;lake=0;open=0;openk=;line=0;linek=;float=0;fgate=0;hang=217] gor_drazhak[gates=;cols=0;leak=;off=;road=0;dip=1;cross=0;named=0;req=0;lake=0;open=0;openk=;line=0;linek=;float=0;fgate=0;hang=7] lethariel[gates=;cols=0;leak=;off=;road=0;dip=0;cross=2;named=0;req=0;lake=155;open=0;openk=;line=0;linek=;float=0;fgate=0;hang=192] kezamba[gates=;cols=0;leak=;off=;road=0;dip=0;cross=1;named=0;req=0;lake=82;open=0;openk=;line=0;linek=;float=0;fgate=0;hang=15] nhal_veyr[gates=;cols=0;leak=;off=;road=0;dip=0;cross=1;named=0;req=0;lake=0;open=0;openk=;line=0;linek=;float=0;fgate=0;hang=27]
12104063293664407578	0	0	0	0	0	0	3	0	0	0	0	0	124	highcourt[gates=;cols=0;leak=;off=;road=0;dip=0;cross=1;named=0;req=0;lake=0;open=0;openk=;line=0;linek=;float=0;fgate=0;hang=27] dur_brannoc[gates=;cols=0;leak=;off=;road=0;dip=0;cross=2;named=0;req=0;lake=0;open=0;openk=;line=0;linek=;float=0;fgate=0;hang=95] gor_drazhak[gates=;cols=0;leak=;off=;road=0;dip=0;cross=0;named=0;req=0;lake=0;open=0;openk=;line=0;linek=;float=0;fgate=0;hang=2] lethariel[gates=;cols=0;leak=;off=;road=0;dip=0;cross=0;named=0;req=0;lake=111;open=0;openk=;line=0;linek=;float=0;fgate=0;hang=0] kezamba[gates=;cols=0;leak=;off=;road=0;dip=0;cross=0;named=0;req=0;lake=82;open=0;openk=;line=0;linek=;float=0;fgate=0;hang=0] nhal_veyr[gates=;cols=0;leak=;off=;road=0;dip=0;cross=0;named=0;req=0;lake=0;open=0;openk=;line=0;linek=;float=0;fgate=0;hang=0]
5439873429273352264	0	0	0	0	0	0	7	0	0	0	0	0	213	highcourt[gates=;cols=0;leak=;off=;road=0;dip=0;cross=1;named=0;req=0;lake=0;open=0;openk=;line=0;linek=;float=0;fgate=0;hang=21] dur_brannoc[gates=;cols=0;leak=;off=;road=0;dip=0;cross=0;named=0;req=0;lake=0;open=0;openk=;line=0;linek=;float=0;fgate=0;hang=0] gor_drazhak[gates=;cols=0;leak=;off=;road=0;dip=0;cross=0;named=0;req=0;lake=0;open=0;openk=;line=0;linek=;float=0;fgate=0;hang=0] lethariel[gates=;cols=0;leak=;off=;road=0;dip=0;cross=2;named=0;req=0;lake=178;open=0;openk=;line=0;linek=;float=0;fgate=0;hang=86] kezamba[gates=;cols=0;leak=;off=;road=0;dip=0;cross=3;named=0;req=0;lake=82;open=0;openk=;line=0;linek=;float=0;fgate=0;hang=77] nhal_veyr[gates=;cols=0;leak=;off=;road=0;dip=0;cross=1;named=0;req=0;lake=0;open=0;openk=;line=0;linek=;float=0;fgate=0;hang=29]
10488320394780439524	0	0	0	0	1	1	4	0	0	0	0	0	254	highcourt[gates=;cols=0;leak=;off=;road=0;dip=0;cross=0;named=0;req=0;lake=0;open=0;openk=;line=0;linek=;float=0;fgate=0;hang=0] dur_brannoc[gates=;cols=0;leak=;off=;road=0;dip=0;cross=0;named=0;req=0;lake=0;open=0;openk=;line=0;linek=;float=0;fgate=0;hang=0] gor_drazhak[gates=;cols=0;leak=;off=;road=0;dip=0;cross=1;named=0;req=0;lake=0;open=0;openk=;line=0;linek=;float=0;fgate=0;hang=16] lethariel[gates=;cols=0;leak=;off=;road=0;dip=0;cross=0;named=0;req=0;lake=151;open=0;openk=;line=0;linek=;float=0;fgate=0;hang=0] kezamba[gates=;cols=0;leak=;off=;road=1;dip=1;cross=0;named=0;req=0;lake=82;open=0;openk=;line=1;linek=avenue:1;float=0;fgate=0;hang=42] nhal_veyr[gates=;cols=0;leak=;off=;road=0;dip=0;cross=3;named=0;req=0;lake=0;open=0;openk=;line=0;linek=;float=0;fgate=0;hang=196]
16237141078023352545	0	0	0	0	0	0	5	0	0	0	0	0	264	highcourt[gates=;cols=0;leak=;off=;road=0;dip=0;cross=2;named=0;req=0;lake=0;open=0;openk=;line=0;linek=;float=0;fgate=0;hang=174] dur_brannoc[gates=;cols=0;leak=;off=;road=0;dip=0;cross=0;named=0;req=0;lake=0;open=0;openk=;line=0;linek=;float=0;fgate=0;hang=0] gor_drazhak[gates=;cols=0;leak=;off=;road=0;dip=0;cross=0;named=0;req=0;lake=0;open=0;openk=;line=0;linek=;float=0;fgate=0;hang=0] lethariel[gates=;cols=0;leak=;off=;road=0;dip=0;cross=2;named=0;req=0;lake=179;open=0;openk=;line=0;linek=;float=0;fgate=0;hang=44] kezamba[gates=;cols=0;leak=;off=;road=0;dip=0;cross=1;named=0;req=0;lake=82;open=0;openk=;line=0;linek=;float=0;fgate=0;hang=37] nhal_veyr[gates=;cols=0;leak=;off=;road=0;dip=0;cross=0;named=0;req=0;lake=0;open=0;openk=;line=0;linek=;float=0;fgate=0;hang=9]
2009124736521016287	0	0	0	0	1	1	3	0	0	0	0	0	172	highcourt[gates=;cols=0;leak=;off=;road=0;dip=0;cross=0;named=0;req=0;lake=0;open=0;openk=;line=0;linek=;float=0;fgate=0;hang=0] dur_brannoc[gates=;cols=0;leak=;off=;road=0;dip=0;cross=0;named=0;req=0;lake=0;open=0;openk=;line=0;linek=;float=0;fgate=0;hang=0] gor_drazhak[gates=;cols=0;leak=;off=;road=0;dip=0;cross=0;named=0;req=0;lake=0;open=0;openk=;line=0;linek=;float=0;fgate=0;hang=0] lethariel[gates=;cols=0;leak=;off=;road=1;dip=0;cross=0;named=0;req=0;lake=108;open=0;openk=;line=1;linek=avenue:1;float=0;fgate=0;hang=7] kezamba[gates=;cols=0;leak=;off=;road=0;dip=1;cross=0;named=0;req=0;lake=82;open=0;openk=;line=0;linek=;float=0;fgate=0;hang=7] nhal_veyr[gates=;cols=0;leak=;off=;road=0;dip=0;cross=3;named=0;req=0;lake=0;open=0;openk=;line=0;linek=;float=0;fgate=0;hang=158]
4781487369627765198	0	0	0	0	0	0	7	0	0	0	0	0	223	highcourt[gates=;cols=0;leak=;off=;road=0;dip=0;cross=0;named=0;req=0;lake=0;open=0;openk=;line=0;linek=;float=0;fgate=0;hang=0] dur_brannoc[gates=;cols=0;leak=;off=;road=0;dip=0;cross=2;named=0;req=0;lake=0;open=0;openk=;line=0;linek=;float=0;fgate=0;hang=97] gor_drazhak[gates=;cols=0;leak=;off=;road=0;dip=0;cross=0;named=0;req=0;lake=0;open=0;openk=;line=0;linek=;float=0;fgate=0;hang=0] lethariel[gates=;cols=0;leak=;off=;road=0;dip=0;cross=4;named=0;req=0;lake=151;open=0;openk=;line=0;linek=;float=0;fgate=0;hang=124] kezamba[gates=;cols=0;leak=;off=;road=0;dip=0;cross=1;named=0;req=0;lake=82;open=0;openk=;line=0;linek=;float=0;fgate=0;hang=2] nhal_veyr[gates=;cols=0;leak=;off=;road=0;dip=0;cross=0;named=0;req=0;lake=0;open=0;openk=;line=0;linek=;float=0;fgate=0;hang=0]
15233649416512778733	0	0	0	0	0	1	3	0	0	0	0	0	84	highcourt[gates=;cols=0;leak=;off=;road=0;dip=0;cross=0;named=0;req=0;lake=0;open=0;openk=;line=0;linek=;float=0;fgate=0;hang=0] dur_brannoc[gates=;cols=0;leak=;off=;road=0;dip=1;cross=0;named=0;req=0;lake=0;open=0;openk=;line=0;linek=;float=0;fgate=0;hang=5] gor_drazhak[gates=;cols=0;leak=;off=;road=0;dip=0;cross=0;named=0;req=0;lake=0;open=0;openk=;line=0;linek=;float=0;fgate=0;hang=0] lethariel[gates=;cols=0;leak=;off=;road=0;dip=0;cross=2;named=0;req=0;lake=169;open=0;openk=;line=0;linek=;float=0;fgate=0;hang=72] kezamba[gates=;cols=0;leak=;off=;road=0;dip=0;cross=1;named=0;req=0;lake=82;open=0;openk=;line=0;linek=;float=0;fgate=0;hang=7] nhal_veyr[gates=;cols=0;leak=;off=;road=0;dip=0;cross=0;named=0;req=0;lake=0;open=0;openk=;line=0;linek=;float=0;fgate=0;hang=0]
9732887703317077450	0	0	0	0	0	1	1	0	0	0	0	0	37	highcourt[gates=;cols=0;leak=;off=;road=0;dip=0;cross=0;named=0;req=0;lake=0;open=0;openk=;line=0;linek=;float=0;fgate=0;hang=0] dur_brannoc[gates=;cols=0;leak=;off=;road=0;dip=0;cross=0;named=0;req=0;lake=0;open=0;openk=;line=0;linek=;float=0;fgate=0;hang=0] gor_drazhak[gates=;cols=0;leak=;off=;road=0;dip=0;cross=0;named=0;req=0;lake=0;open=0;openk=;line=0;linek=;float=0;fgate=0;hang=0] lethariel[gates=;cols=0;leak=;off=;road=0;dip=0;cross=0;named=0;req=0;lake=109;open=0;openk=;line=0;linek=;float=0;fgate=0;hang=0] kezamba[gates=;cols=0;leak=;off=;road=0;dip=0;cross=1;named=0;req=0;lake=82;open=0;openk=;line=0;linek=;float=0;fgate=0;hang=11] nhal_veyr[gates=;cols=0;leak=;off=;road=0;dip=1;cross=0;named=0;req=0;lake=0;open=0;openk=;line=0;linek=;float=0;fgate=0;hang=26]
6899480595625053821	0	0	0	0	0	2	4	0	0	0	0	0	257	highcourt[gates=;cols=0;leak=;off=;road=0;dip=0;cross=0;named=0;req=0;lake=0;open=0;openk=;line=0;linek=;float=0;fgate=0;hang=0] dur_brannoc[gates=;cols=0;leak=;off=;road=0;dip=0;cross=0;named=0;req=0;lake=0;open=0;openk=;line=0;linek=;float=0;fgate=0;hang=0] gor_drazhak[gates=;cols=0;leak=;off=;road=0;dip=0;cross=0;named=0;req=0;lake=0;open=0;openk=;line=0;linek=;float=0;fgate=0;hang=0] lethariel[gates=;cols=0;leak=;off=;road=0;dip=0;cross=3;named=0;req=0;lake=178;open=0;openk=;line=0;linek=;float=0;fgate=0;hang=161] kezamba[gates=;cols=0;leak=;off=;road=0;dip=1;cross=0;named=0;req=0;lake=82;open=0;openk=;line=0;linek=;float=0;fgate=0;hang=11] nhal_veyr[gates=;cols=0;leak=;off=;road=0;dip=1;cross=1;named=0;req=0;lake=0;open=0;openk=;line=0;linek=;float=0;fgate=0;hang=85]
16975130792441338923	0	0	0	0	0	1	7	0	0	0	0	0	393	highcourt[gates=;cols=0;leak=;off=;road=0;dip=0;cross=4;named=0;req=0;lake=0;open=0;openk=;line=0;linek=;float=0;fgate=0;hang=262] dur_brannoc[gates=;cols=0;leak=;off=;road=0;dip=0;cross=0;named=0;req=0;lake=0;open=0;openk=;line=0;linek=;float=0;fgate=0;hang=0] gor_drazhak[gates=;cols=0;leak=;off=;road=0;dip=1;cross=0;named=0;req=0;lake=0;open=0;openk=;line=0;linek=;float=0;fgate=0;hang=50] lethariel[gates=;cols=0;leak=;off=;road=0;dip=0;cross=0;named=0;req=0;lake=113;open=0;openk=;line=0;linek=;float=0;fgate=0;hang=0] kezamba[gates=;cols=0;leak=;off=;road=0;dip=0;cross=3;named=0;req=0;lake=82;open=0;openk=;line=0;linek=;float=0;fgate=0;hang=81] nhal_veyr[gates=;cols=0;leak=;off=;road=0;dip=0;cross=0;named=0;req=0;lake=0;open=0;openk=;line=0;linek=;float=0;fgate=0;hang=0]
8980988280727844827	0	0	0	0	0	2	8	0	0	0	0	0	321	highcourt[gates=;cols=0;leak=;off=;road=0;dip=0;cross=0;named=0;req=0;lake=0;open=0;openk=;line=0;linek=;float=0;fgate=0;hang=0] dur_brannoc[gates=;cols=0;leak=;off=;road=0;dip=0;cross=5;named=0;req=0;lake=0;open=0;openk=;line=0;linek=;float=0;fgate=0;hang=185] gor_drazhak[gates=;cols=0;leak=;off=;road=0;dip=0;cross=0;named=0;req=0;lake=0;open=0;openk=;line=0;linek=;float=0;fgate=0;hang=0] lethariel[gates=;cols=0;leak=;off=;road=0;dip=0;cross=0;named=0;req=0;lake=108;open=0;openk=;line=0;linek=;float=0;fgate=0;hang=0] kezamba[gates=;cols=0;leak=;off=;road=0;dip=1;cross=0;named=0;req=0;lake=82;open=0;openk=;line=0;linek=;float=0;fgate=0;hang=8] nhal_veyr[gates=;cols=0;leak=;off=;road=0;dip=1;cross=3;named=0;req=0;lake=0;open=0;openk=;line=0;linek=;float=0;fgate=0;hang=128]
9580954328002146945	0	0	0	0	0	1	4	0	0	0	0	0	117	highcourt[gates=;cols=0;leak=;off=;road=0;dip=0;cross=0;named=0;req=0;lake=0;open=0;openk=;line=0;linek=;float=0;fgate=0;hang=0] dur_brannoc[gates=;cols=0;leak=;off=;road=0;dip=0;cross=0;named=0;req=0;lake=0;open=0;openk=;line=0;linek=;float=0;fgate=0;hang=0] gor_drazhak[gates=;cols=0;leak=;off=;road=0;dip=0;cross=0;named=0;req=0;lake=0;open=0;openk=;line=0;linek=;float=0;fgate=0;hang=1] lethariel[gates=;cols=0;leak=;off=;road=0;dip=0;cross=1;named=0;req=0;lake=152;open=0;openk=;line=0;linek=;float=0;fgate=0;hang=32] kezamba[gates=;cols=0;leak=;off=;road=0;dip=0;cross=3;named=0;req=0;lake=82;open=0;openk=;line=0;linek=;float=0;fgate=0;hang=72] nhal_veyr[gates=;cols=0;leak=;off=;road=0;dip=1;cross=0;named=0;req=0;lake=0;open=0;openk=;line=0;linek=;float=0;fgate=0;hang=12]
13735207929783793590	0	0	0	0	0	0	5	0	0	0	0	0	115	highcourt[gates=;cols=0;leak=;off=;road=0;dip=0;cross=2;named=0;req=0;lake=0;open=0;openk=;line=0;linek=;float=0;fgate=0;hang=104] dur_brannoc[gates=;cols=0;leak=;off=;road=0;dip=0;cross=1;named=0;req=0;lake=0;open=0;openk=;line=0;linek=;float=0;fgate=0;hang=4] gor_drazhak[gates=;cols=0;leak=;off=;road=0;dip=0;cross=0;named=0;req=0;lake=0;open=0;openk=;line=0;linek=;float=0;fgate=0;hang=0] lethariel[gates=;cols=0;leak=;off=;road=0;dip=0;cross=0;named=0;req=0;lake=107;open=0;openk=;line=0;linek=;float=0;fgate=0;hang=0] kezamba[gates=;cols=0;leak=;off=;road=0;dip=0;cross=1;named=0;req=0;lake=82;open=0;openk=;line=0;linek=;float=0;fgate=0;hang=1] nhal_veyr[gates=;cols=0;leak=;off=;road=0;dip=0;cross=1;named=0;req=0;lake=0;open=0;openk=;line=0;linek=;float=0;fgate=0;hang=6]
9899295537406215186	0	0	0	0	7	1	11	0	0	0	0	0	411	highcourt[gates=;cols=0;leak=;off=;road=0;dip=1;cross=0;named=0;req=0;lake=0;open=0;openk=;line=0;linek=;float=0;fgate=0;hang=8] dur_brannoc[gates=;cols=0;leak=;off=;road=0;dip=0;cross=1;named=0;req=0;lake=0;open=0;openk=;line=0;linek=;float=0;fgate=0;hang=12] gor_drazhak[gates=;cols=0;leak=;off=;road=0;dip=0;cross=1;named=0;req=0;lake=0;open=0;openk=;line=0;linek=;float=0;fgate=0;hang=6] lethariel[gates=;cols=0;leak=;off=;road=7;dip=0;cross=3;named=0;req=0;lake=169;open=0;openk=;line=7;linek=avenue:7;float=0;fgate=0;hang=90] kezamba[gates=;cols=0;leak=;off=;road=0;dip=0;cross=3;named=0;req=0;lake=82;open=0;openk=;line=0;linek=;float=0;fgate=0;hang=102] nhal_veyr[gates=;cols=0;leak=;off=;road=0;dip=0;cross=3;named=0;req=0;lake=0;open=0;openk=;line=0;linek=;float=0;fgate=0;hang=193]
5726084059744344512	0	0	0	0	0	0	3	0	0	0	0	0	51	highcourt[gates=;cols=0;leak=;off=;road=0;dip=0;cross=0;named=0;req=0;lake=0;open=0;openk=;line=0;linek=;float=0;fgate=0;hang=0] dur_brannoc[gates=;cols=0;leak=;off=;road=0;dip=0;cross=0;named=0;req=0;lake=0;open=0;openk=;line=0;linek=;float=0;fgate=0;hang=0] gor_drazhak[gates=;cols=0;leak=;off=;road=0;dip=0;cross=2;named=0;req=0;lake=0;open=0;openk=;line=0;linek=;float=0;fgate=0;hang=39] lethariel[gates=;cols=0;leak=;off=;road=0;dip=0;cross=0;named=0;req=0;lake=113;open=0;openk=;line=0;linek=;float=0;fgate=0;hang=0] kezamba[gates=;cols=0;leak=;off=;road=0;dip=0;cross=1;named=0;req=0;lake=82;open=0;openk=;line=0;linek=;float=0;fgate=0;hang=12] nhal_veyr[gates=;cols=0;leak=;off=;road=0;dip=0;cross=0;named=0;req=0;lake=0;open=0;openk=;line=0;linek=;float=0;fgate=0;hang=0]
13094141985803758170	0	0	0	0	12	0	4	0	0	14	0	0	67	highcourt[gates=;cols=0;leak=;off=;road=0;dip=0;cross=0;named=0;req=0;lake=0;open=0;openk=;line=0;linek=;float=0;fgate=0;hang=2] dur_brannoc[gates=;cols=0;leak=;off=;road=0;dip=0;cross=1;named=0;req=0;lake=0;open=0;openk=;line=0;linek=;float=0;fgate=0;hang=7] gor_drazhak[gates=;cols=0;leak=;off=;road=0;dip=0;cross=0;named=0;req=0;lake=0;open=0;openk=;line=0;linek=;float=0;fgate=0;hang=0] lethariel[gates=;cols=0;leak=;off=;road=12;dip=0;cross=1;named=0;req=0;lake=147;open=14;openk=avenue:14;line=12;linek=avenue:12;float=0;fgate=0;hang=9] kezamba[gates=;cols=0;leak=;off=;road=0;dip=0;cross=1;named=0;req=0;lake=82;open=0;openk=;line=0;linek=;float=0;fgate=0;hang=31] nhal_veyr[gates=;cols=0;leak=;off=;road=0;dip=0;cross=1;named=0;req=0;lake=0;open=0;openk=;line=0;linek=;float=0;fgate=0;hang=18]
1451272855318491438	0	0	0	0	2	0	6	0	0	0	0	0	141	highcourt[gates=;cols=0;leak=;off=;road=0;dip=0;cross=0;named=0;req=0;lake=0;open=0;openk=;line=0;linek=;float=0;fgate=0;hang=0] dur_brannoc[gates=;cols=0;leak=;off=;road=0;dip=0;cross=1;named=0;req=0;lake=0;open=0;openk=;line=0;linek=;float=0;fgate=0;hang=16] gor_drazhak[gates=;cols=0;leak=;off=;road=0;dip=0;cross=1;named=0;req=0;lake=0;open=0;openk=;line=0;linek=;float=0;fgate=0;hang=0] lethariel[gates=;cols=0;leak=;off=;road=0;dip=0;cross=2;named=0;req=0;lake=171;open=0;openk=;line=0;linek=;float=0;fgate=0;hang=72] kezamba[gates=;cols=0;leak=;off=;road=2;dip=0;cross=0;named=0;req=0;lake=82;open=0;openk=;line=2;linek=avenue:2;float=0;fgate=0;hang=0] nhal_veyr[gates=;cols=0;leak=;off=;road=0;dip=0;cross=2;named=0;req=0;lake=0;open=0;openk=;line=0;linek=;float=0;fgate=0;hang=53]
7547589907258370542	0	0	0	0	1	1	3	0	0	0	0	0	113	highcourt[gates=;cols=0;leak=;off=;road=0;dip=0;cross=0;named=0;req=0;lake=0;open=0;openk=;line=0;linek=;float=0;fgate=0;hang=0] dur_brannoc[gates=;cols=0;leak=;off=;road=0;dip=0;cross=0;named=0;req=0;lake=0;open=0;openk=;line=0;linek=;float=0;fgate=0;hang=0] gor_drazhak[gates=;cols=0;leak=;off=;road=1;dip=0;cross=0;named=0;req=0;lake=0;open=0;openk=;line=1;linek=avenue:1;float=0;fgate=0;hang=0] lethariel[gates=;cols=0;leak=;off=;road=0;dip=1;cross=1;named=0;req=0;lake=178;open=0;openk=;line=0;linek=;float=0;fgate=0;hang=46] kezamba[gates=;cols=0;leak=;off=;road=0;dip=0;cross=2;named=0;req=0;lake=82;open=0;openk=;line=0;linek=;float=0;fgate=0;hang=67] nhal_veyr[gates=;cols=0;leak=;off=;road=0;dip=0;cross=0;named=0;req=0;lake=0;open=0;openk=;line=0;linek=;float=0;fgate=0;hang=0]
4093263148550434734	0	0	0	0	0	0	1	0	0	0	0	0	34	highcourt[gates=;cols=0;leak=;off=;road=0;dip=0;cross=0;named=0;req=0;lake=0;open=0;openk=;line=0;linek=;float=0;fgate=0;hang=15] dur_brannoc[gates=;cols=0;leak=;off=;road=0;dip=0;cross=0;named=0;req=0;lake=0;open=0;openk=;line=0;linek=;float=0;fgate=0;hang=0] gor_drazhak[gates=;cols=0;leak=;off=;road=0;dip=0;cross=0;named=0;req=0;lake=0;open=0;openk=;line=0;linek=;float=0;fgate=0;hang=0] lethariel[gates=;cols=0;leak=;off=;road=0;dip=0;cross=1;named=0;req=0;lake=109;open=0;openk=;line=0;linek=;float=0;fgate=0;hang=14] kezamba[gates=;cols=0;leak=;off=;road=0;dip=0;cross=0;named=0;req=0;lake=82;open=0;openk=;line=0;linek=;float=0;fgate=0;hang=0] nhal_veyr[gates=;cols=0;leak=;off=;road=0;dip=0;cross=0;named=0;req=0;lake=0;open=0;openk=;line=0;linek=;float=0;fgate=0;hang=5]
8805379267306515202	0	0	0	0	0	0	3	0	0	0	0	0	114	highcourt[gates=;cols=0;leak=;off=;road=0;dip=0;cross=0;named=0;req=0;lake=0;open=0;openk=;line=0;linek=;float=0;fgate=0;hang=0] dur_brannoc[gates=;cols=0;leak=;off=;road=0;dip=0;cross=0;named=0;req=0;lake=0;open=0;openk=;line=0;linek=;float=0;fgate=0;hang=0] gor_drazhak[gates=;cols=0;leak=;off=;road=0;dip=0;cross=0;named=0;req=0;lake=0;open=0;openk=;line=0;linek=;float=0;fgate=0;hang=0] lethariel[gates=;cols=0;leak=;off=;road=0;dip=0;cross=1;named=0;req=0;lake=165;open=0;openk=;line=0;linek=;float=0;fgate=0;hang=52] kezamba[gates=;cols=0;leak=;off=;road=0;dip=0;cross=2;named=0;req=0;lake=82;open=0;openk=;line=0;linek=;float=0;fgate=0;hang=62] nhal_veyr[gates=;cols=0;leak=;off=;road=0;dip=0;cross=0;named=0;req=0;lake=0;open=0;openk=;line=0;linek=;float=0;fgate=0;hang=0]
17123504485228363969	0	0	0	0	0	0	6	0	0	0	0	0	178	highcourt[gates=;cols=0;leak=;off=;road=0;dip=0;cross=0;named=0;req=0;lake=0;open=0;openk=;line=0;linek=;float=0;fgate=0;hang=1] dur_brannoc[gates=;cols=0;leak=;off=;road=0;dip=0;cross=0;named=0;req=0;lake=0;open=0;openk=;line=0;linek=;float=0;fgate=0;hang=0] gor_drazhak[gates=;cols=0;leak=;off=;road=0;dip=0;cross=0;named=0;req=0;lake=0;open=0;openk=;line=0;linek=;float=0;fgate=0;hang=0] lethariel[gates=;cols=0;leak=;off=;road=0;dip=0;cross=0;named=0;req=0;lake=112;open=0;openk=;line=0;linek=;float=0;fgate=0;hang=0] kezamba[gates=;cols=0;leak=;off=;road=0;dip=0;cross=5;named=0;req=0;lake=82;open=0;openk=;line=0;linek=;float=0;fgate=0;hang=154] nhal_veyr[gates=;cols=0;leak=;off=;road=0;dip=0;cross=1;named=0;req=0;lake=0;open=0;openk=;line=0;linek=;float=0;fgate=0;hang=23]
7927746796349976847	0	0	0	0	0	0	7	0	0	0	0	0	203	highcourt[gates=;cols=0;leak=;off=;road=0;dip=0;cross=0;named=0;req=0;lake=0;open=0;openk=;line=0;linek=;float=0;fgate=0;hang=0] dur_brannoc[gates=;cols=0;leak=;off=;road=0;dip=0;cross=2;named=0;req=0;lake=0;open=0;openk=;line=0;linek=;float=0;fgate=0;hang=71] gor_drazhak[gates=;cols=0;leak=;off=;road=0;dip=0;cross=0;named=0;req=0;lake=0;open=0;openk=;line=0;linek=;float=0;fgate=0;hang=0] lethariel[gates=;cols=0;leak=;off=;road=0;dip=0;cross=0;named=0;req=0;lake=109;open=0;openk=;line=0;linek=;float=0;fgate=0;hang=0] kezamba[gates=;cols=0;leak=;off=;road=0;dip=0;cross=4;named=0;req=0;lake=82;open=0;openk=;line=0;linek=;float=0;fgate=0;hang=105] nhal_veyr[gates=;cols=0;leak=;off=;road=0;dip=0;cross=1;named=0;req=0;lake=0;open=0;openk=;line=0;linek=;float=0;fgate=0;hang=27]
14429518700006000534	0	0	0	0	0	0	10	0	0	0	0	0	636	highcourt[gates=;cols=0;leak=;off=;road=0;dip=0;cross=0;named=0;req=0;lake=0;open=0;openk=;line=0;linek=;float=0;fgate=0;hang=0] dur_brannoc[gates=;cols=0;leak=;off=;road=0;dip=0;cross=0;named=0;req=0;lake=0;open=0;openk=;line=0;linek=;float=0;fgate=0;hang=0] gor_drazhak[gates=;cols=0;leak=;off=;road=0;dip=0;cross=0;named=0;req=0;lake=0;open=0;openk=;line=0;linek=;float=0;fgate=0;hang=0] lethariel[gates=;cols=0;leak=;off=;road=0;dip=0;cross=8;named=0;req=0;lake=177;open=0;openk=;line=0;linek=;float=0;fgate=0;hang=596] kezamba[gates=;cols=0;leak=;off=;road=0;dip=0;cross=2;named=0;req=0;lake=82;open=0;openk=;line=0;linek=;float=0;fgate=0;hang=40] nhal_veyr[gates=;cols=0;leak=;off=;road=0;dip=0;cross=0;named=0;req=0;lake=0;open=0;openk=;line=0;linek=;float=0;fgate=0;hang=0]
12860822765420952960	0	0	0	0	0	0	4	0	0	0	0	0	101	highcourt[gates=;cols=0;leak=;off=;road=0;dip=0;cross=0;named=0;req=0;lake=0;open=0;openk=;line=0;linek=;float=0;fgate=0;hang=0] dur_brannoc[gates=;cols=0;leak=;off=;road=0;dip=0;cross=0;named=0;req=0;lake=0;open=0;openk=;line=0;linek=;float=0;fgate=0;hang=0] gor_drazhak[gates=;cols=0;leak=;off=;road=0;dip=0;cross=0;named=0;req=0;lake=0;open=0;openk=;line=0;linek=;float=0;fgate=0;hang=0] lethariel[gates=;cols=0;leak=;off=;road=0;dip=0;cross=2;named=0;req=0;lake=179;open=0;openk=;line=0;linek=;float=0;fgate=0;hang=85] kezamba[gates=;cols=0;leak=;off=;road=0;dip=0;cross=1;named=0;req=0;lake=82;open=0;openk=;line=0;linek=;float=0;fgate=0;hang=13] nhal_veyr[gates=;cols=0;leak=;off=;road=0;dip=0;cross=1;named=0;req=0;lake=0;open=0;openk=;line=0;linek=;float=0;fgate=0;hang=3]
8682907380683175177	0	0	0	0	0	0	4	0	0	0	0	0	97	highcourt[gates=;cols=0;leak=;off=;road=0;dip=0;cross=0;named=0;req=0;lake=0;open=0;openk=;line=0;linek=;float=0;fgate=0;hang=1] dur_brannoc[gates=;cols=0;leak=;off=;road=0;dip=0;cross=0;named=0;req=0;lake=0;open=0;openk=;line=0;linek=;float=0;fgate=0;hang=0] gor_drazhak[gates=;cols=0;leak=;off=;road=0;dip=0;cross=0;named=0;req=0;lake=0;open=0;openk=;line=0;linek=;float=0;fgate=0;hang=0] lethariel[gates=;cols=0;leak=;off=;road=0;dip=0;cross=3;named=0;req=0;lake=172;open=0;openk=;line=0;linek=;float=0;fgate=0;hang=82] kezamba[gates=;cols=0;leak=;off=;road=0;dip=0;cross=0;named=0;req=0;lake=82;open=0;openk=;line=0;linek=;float=0;fgate=0;hang=0] nhal_veyr[gates=;cols=0;leak=;off=;road=0;dip=0;cross=1;named=0;req=0;lake=0;open=0;openk=;line=0;linek=;float=0;fgate=0;hang=14]
16347859178987113864	0	0	0	0	0	1	9	0	0	0	0	0	608	highcourt[gates=;cols=0;leak=;off=;road=0;dip=0;cross=0;named=0;req=0;lake=0;open=0;openk=;line=0;linek=;float=0;fgate=0;hang=0] dur_brannoc[gates=;cols=0;leak=;off=;road=0;dip=0;cross=0;named=0;req=0;lake=0;open=0;openk=;line=0;linek=;float=0;fgate=0;hang=0] gor_drazhak[gates=;cols=0;leak=;off=;road=0;dip=0;cross=0;named=0;req=0;lake=0;open=0;openk=;line=0;linek=;float=0;fgate=0;hang=0] lethariel[gates=;cols=0;leak=;off=;road=0;dip=0;cross=2;named=0;req=0;lake=166;open=0;openk=;line=0;linek=;float=0;fgate=0;hang=138] kezamba[gates=;cols=0;leak=;off=;road=0;dip=0;cross=3;named=0;req=0;lake=82;open=0;openk=;line=0;linek=;float=0;fgate=0;hang=66] nhal_veyr[gates=;cols=0;leak=;off=;road=0;dip=1;cross=4;named=0;req=0;lake=0;open=0;openk=;line=0;linek=;float=0;fgate=0;hang=404]
2539444895356623563	0	0	0	0	7	0	4	0	0	0	0	0	207	highcourt[gates=;cols=0;leak=;off=;road=0;dip=0;cross=0;named=0;req=0;lake=0;open=0;openk=;line=0;linek=;float=0;fgate=0;hang=0] dur_brannoc[gates=;cols=0;leak=;off=;road=0;dip=0;cross=0;named=0;req=0;lake=0;open=0;openk=;line=0;linek=;float=0;fgate=0;hang=0] gor_drazhak[gates=;cols=0;leak=;off=;road=0;dip=0;cross=0;named=0;req=0;lake=0;open=0;openk=;line=0;linek=;float=0;fgate=0;hang=0] lethariel[gates=;cols=0;leak=;off=;road=0;dip=0;cross=2;named=0;req=0;lake=173;open=0;openk=;line=0;linek=;float=0;fgate=0;hang=160] kezamba[gates=;cols=0;leak=;off=;road=7;dip=0;cross=2;named=0;req=0;lake=82;open=0;openk=;line=7;linek=avenue:7;float=0;fgate=0;hang=46] nhal_veyr[gates=;cols=0;leak=;off=;road=0;dip=0;cross=0;named=0;req=0;lake=0;open=0;openk=;line=0;linek=;float=0;fgate=0;hang=1]
11276661928177924166	0	0	0	0	0	1	3	0	0	0	0	0	65	highcourt[gates=;cols=0;leak=;off=;road=0;dip=1;cross=0;named=0;req=0;lake=0;open=0;openk=;line=0;linek=;float=0;fgate=0;hang=23] dur_brannoc[gates=;cols=0;leak=;off=;road=0;dip=0;cross=0;named=0;req=0;lake=0;open=0;openk=;line=0;linek=;float=0;fgate=0;hang=0] gor_drazhak[gates=;cols=0;leak=;off=;road=0;dip=0;cross=0;named=0;req=0;lake=0;open=0;openk=;line=0;linek=;float=0;fgate=0;hang=0] lethariel[gates=;cols=0;leak=;off=;road=0;dip=0;cross=1;named=0;req=0;lake=109;open=0;openk=;line=0;linek=;float=0;fgate=0;hang=17] kezamba[gates=;cols=0;leak=;off=;road=0;dip=0;cross=1;named=0;req=0;lake=82;open=0;openk=;line=0;linek=;float=0;fgate=0;hang=1] nhal_veyr[gates=;cols=0;leak=;off=;road=0;dip=0;cross=1;named=0;req=0;lake=0;open=0;openk=;line=0;linek=;float=0;fgate=0;hang=24]
9469376632389957802	0	0	0	0	2	2	2	0	0	0	0	0	223	highcourt[gates=;cols=0;leak=;off=;road=0;dip=0;cross=0;named=0;req=0;lake=0;open=0;openk=;line=0;linek=;float=0;fgate=0;hang=0] dur_brannoc[gates=;cols=0;leak=;off=;road=0;dip=0;cross=0;named=0;req=0;lake=0;open=0;openk=;line=0;linek=;float=0;fgate=0;hang=0] gor_drazhak[gates=;cols=0;leak=;off=;road=0;dip=0;cross=0;named=0;req=0;lake=0;open=0;openk=;line=0;linek=;float=0;fgate=0;hang=0] lethariel[gates=;cols=0;leak=;off=;road=2;dip=1;cross=1;named=0;req=0;lake=149;open=0;openk=;line=2;linek=avenue:2;float=0;fgate=0;hang=122] kezamba[gates=;cols=0;leak=;off=;road=0;dip=1;cross=1;named=0;req=0;lake=82;open=0;openk=;line=0;linek=;float=0;fgate=0;hang=101] nhal_veyr[gates=;cols=0;leak=;off=;road=0;dip=0;cross=0;named=0;req=0;lake=0;open=0;openk=;line=0;linek=;float=0;fgate=0;hang=0]
17840315060185877060	0	0	0	0	0	0	8	0	0	0	0	0	338	highcourt[gates=;cols=0;leak=;off=;road=0;dip=0;cross=0;named=0;req=0;lake=0;open=0;openk=;line=0;linek=;float=0;fgate=0;hang=0] dur_brannoc[gates=;cols=0;leak=;off=;road=0;dip=0;cross=2;named=0;req=0;lake=0;open=0;openk=;line=0;linek=;float=0;fgate=0;hang=88] gor_drazhak[gates=;cols=0;leak=;off=;road=0;dip=0;cross=0;named=0;req=0;lake=0;open=0;openk=;line=0;linek=;float=0;fgate=0;hang=0] lethariel[gates=;cols=0;leak=;off=;road=0;dip=0;cross=3;named=0;req=0;lake=175;open=0;openk=;line=0;linek=;float=0;fgate=0;hang=89] kezamba[gates=;cols=0;leak=;off=;road=0;dip=0;cross=0;named=0;req=0;lake=82;open=0;openk=;line=0;linek=;float=0;fgate=0;hang=0] nhal_veyr[gates=;cols=0;leak=;off=;road=0;dip=0;cross=3;named=0;req=0;lake=0;open=0;openk=;line=0;linek=;float=0;fgate=0;hang=161]
10043192731901147055	0	0	0	0	0	0	1	0	0	0	0	0	3	highcourt[gates=;cols=0;leak=;off=;road=0;dip=0;cross=0;named=0;req=0;lake=0;open=0;openk=;line=0;linek=;float=0;fgate=0;hang=0] dur_brannoc[gates=;cols=0;leak=;off=;road=0;dip=0;cross=0;named=0;req=0;lake=0;open=0;openk=;line=0;linek=;float=0;fgate=0;hang=0] gor_drazhak[gates=;cols=0;leak=;off=;road=0;dip=0;cross=1;named=0;req=0;lake=0;open=0;openk=;line=0;linek=;float=0;fgate=0;hang=3] lethariel[gates=;cols=0;leak=;off=;road=0;dip=0;cross=0;named=0;req=0;lake=111;open=0;openk=;line=0;linek=;float=0;fgate=0;hang=0] kezamba[gates=;cols=0;leak=;off=;road=0;dip=0;cross=0;named=0;req=0;lake=82;open=0;openk=;line=0;linek=;float=0;fgate=0;hang=0] nhal_veyr[gates=;cols=0;leak=;off=;road=0;dip=0;cross=0;named=0;req=0;lake=0;open=0;openk=;line=0;linek=;float=0;fgate=0;hang=0]
13151387229114106659	0	0	0	0	0	1	8	0	0	0	0	0	567	highcourt[gates=;cols=0;leak=;off=;road=0;dip=0;cross=0;named=0;req=0;lake=0;open=0;openk=;line=0;linek=;float=0;fgate=0;hang=18] dur_brannoc[gates=;cols=0;leak=;off=;road=0;dip=0;cross=4;named=0;req=0;lake=0;open=0;openk=;line=0;linek=;float=0;fgate=0;hang=174] gor_drazhak[gates=;cols=0;leak=;off=;road=0;dip=0;cross=0;named=0;req=0;lake=0;open=0;openk=;line=0;linek=;float=0;fgate=0;hang=0] lethariel[gates=;cols=0;leak=;off=;road=0;dip=0;cross=3;named=0;req=0;lake=181;open=0;openk=;line=0;linek=;float=0;fgate=0;hang=169] kezamba[gates=;cols=0;leak=;off=;road=0;dip=0;cross=0;named=0;req=0;lake=82;open=0;openk=;line=0;linek=;float=0;fgate=0;hang=0] nhal_veyr[gates=;cols=0;leak=;off=;road=0;dip=1;cross=1;named=0;req=0;lake=0;open=0;openk=;line=0;linek=;float=0;fgate=0;hang=206]
8542752821126866020	0	0	0	0	0	0	4	0	0	0	0	0	125	highcourt[gates=;cols=0;leak=;off=;road=0;dip=0;cross=1;named=0;req=0;lake=0;open=0;openk=;line=0;linek=;float=0;fgate=0;hang=16] dur_brannoc[gates=;cols=0;leak=;off=;road=0;dip=0;cross=2;named=0;req=0;lake=0;open=0;openk=;line=0;linek=;float=0;fgate=0;hang=91] gor_drazhak[gates=;cols=0;leak=;off=;road=0;dip=0;cross=0;named=0;req=0;lake=0;open=0;openk=;line=0;linek=;float=0;fgate=0;hang=0] lethariel[gates=;cols=0;leak=;off=;road=0;dip=0;cross=0;named=0;req=0;lake=110;open=0;openk=;line=0;linek=;float=0;fgate=0;hang=14] kezamba[gates=;cols=0;leak=;off=;road=0;dip=0;cross=0;named=0;req=0;lake=82;open=0;openk=;line=0;linek=;float=0;fgate=0;hang=0] nhal_veyr[gates=;cols=0;leak=;off=;road=0;dip=0;cross=1;named=0;req=0;lake=0;open=0;openk=;line=0;linek=;float=0;fgate=0;hang=4]
13121646001014010616	0	0	0	0	0	0	4	0	0	0	0	0	136	highcourt[gates=;cols=0;leak=;off=;road=0;dip=0;cross=0;named=0;req=0;lake=0;open=0;openk=;line=0;linek=;float=0;fgate=0;hang=0] dur_brannoc[gates=;cols=0;leak=;off=;road=0;dip=0;cross=1;named=0;req=0;lake=0;open=0;openk=;line=0;linek=;float=0;fgate=0;hang=27] gor_drazhak[gates=;cols=0;leak=;off=;road=0;dip=0;cross=0;named=0;req=0;lake=0;open=0;openk=;line=0;linek=;float=0;fgate=0;hang=0] lethariel[gates=;cols=0;leak=;off=;road=0;dip=0;cross=2;named=0;req=0;lake=177;open=0;openk=;line=0;linek=;float=0;fgate=0;hang=89] kezamba[gates=;cols=0;leak=;off=;road=0;dip=0;cross=1;named=0;req=0;lake=82;open=0;openk=;line=0;linek=;float=0;fgate=0;hang=20] nhal_veyr[gates=;cols=0;leak=;off=;road=0;dip=0;cross=0;named=0;req=0;lake=0;open=0;openk=;line=0;linek=;float=0;fgate=0;hang=0]
3427671027419187611	0	0	0	0	0	0	5	0	0	0	0	0	172	highcourt[gates=;cols=0;leak=;off=;road=0;dip=0;cross=0;named=0;req=0;lake=0;open=0;openk=;line=0;linek=;float=0;fgate=0;hang=0] dur_brannoc[gates=;cols=0;leak=;off=;road=0;dip=0;cross=0;named=0;req=0;lake=0;open=0;openk=;line=0;linek=;float=0;fgate=0;hang=0] gor_drazhak[gates=;cols=0;leak=;off=;road=0;dip=0;cross=0;named=0;req=0;lake=0;open=0;openk=;line=0;linek=;float=0;fgate=0;hang=0] lethariel[gates=;cols=0;leak=;off=;road=0;dip=0;cross=4;named=0;req=0;lake=173;open=0;openk=;line=0;linek=;float=0;fgate=0;hang=148] kezamba[gates=;cols=0;leak=;off=;road=0;dip=0;cross=0;named=0;req=0;lake=82;open=0;openk=;line=0;linek=;float=0;fgate=0;hang=0] nhal_veyr[gates=;cols=0;leak=;off=;road=0;dip=0;cross=1;named=0;req=0;lake=0;open=0;openk=;line=0;linek=;float=0;fgate=0;hang=24]
14084802644947587159	0	0	0	0	0	0	7	0	0	0	0	0	284	highcourt[gates=;cols=0;leak=;off=;road=0;dip=0;cross=4;named=0;req=0;lake=0;open=0;openk=;line=0;linek=;float=0;fgate=0;hang=212] dur_brannoc[gates=;cols=0;leak=;off=;road=0;dip=0;cross=0;named=0;req=0;lake=0;open=0;openk=;line=0;linek=;float=0;fgate=0;hang=0] gor_drazhak[gates=;cols=0;leak=;off=;road=0;dip=0;cross=0;named=0;req=0;lake=0;open=0;openk=;line=0;linek=;float=0;fgate=0;hang=0] lethariel[gates=;cols=0;leak=;off=;road=0;dip=0;cross=2;named=0;req=0;lake=176;open=0;openk=;line=0;linek=;float=0;fgate=0;hang=45] kezamba[gates=;cols=0;leak=;off=;road=0;dip=0;cross=1;named=0;req=0;lake=82;open=0;openk=;line=0;linek=;float=0;fgate=0;hang=22] nhal_veyr[gates=;cols=0;leak=;off=;road=0;dip=0;cross=0;named=0;req=0;lake=0;open=0;openk=;line=0;linek=;float=0;fgate=0;hang=5]
6739656885418346387	0	0	0	0	0	0	11	0	0	0	0	0	358	highcourt[gates=;cols=0;leak=;off=;road=0;dip=0;cross=0;named=0;req=0;lake=0;open=0;openk=;line=0;linek=;float=0;fgate=0;hang=0] dur_brannoc[gates=;cols=0;leak=;off=;road=0;dip=0;cross=0;named=0;req=0;lake=0;open=0;openk=;line=0;linek=;float=0;fgate=0;hang=0] gor_drazhak[gates=;cols=0;leak=;off=;road=0;dip=0;cross=2;named=0;req=0;lake=0;open=0;openk=;line=0;linek=;float=0;fgate=0;hang=24] lethariel[gates=;cols=0;leak=;off=;road=0;dip=0;cross=4;named=0;req=0;lake=177;open=0;openk=;line=0;linek=;float=0;fgate=0;hang=213] kezamba[gates=;cols=0;leak=;off=;road=0;dip=0;cross=3;named=0;req=0;lake=82;open=0;openk=;line=0;linek=;float=0;fgate=0;hang=119] nhal_veyr[gates=;cols=0;leak=;off=;road=0;dip=0;cross=2;named=0;req=0;lake=0;open=0;openk=;line=0;linek=;float=0;fgate=0;hang=2]
6959200294933323818	0	0	0	0	11	1	6	0	0	0	0	0	252	highcourt[gates=;cols=0;leak=;off=;road=0;dip=1;cross=0;named=0;req=0;lake=0;open=0;openk=;line=0;linek=;float=0;fgate=0;hang=4] dur_brannoc[gates=;cols=0;leak=;off=;road=0;dip=0;cross=0;named=0;req=0;lake=0;open=0;openk=;line=0;linek=;float=0;fgate=0;hang=0] gor_drazhak[gates=;cols=0;leak=;off=;road=0;dip=0;cross=2;named=0;req=0;lake=0;open=0;openk=;line=0;linek=;float=0;fgate=0;hang=72] lethariel[gates=;cols=0;leak=;off=;road=0;dip=0;cross=2;named=0;req=0;lake=178;open=0;openk=;line=0;linek=;float=0;fgate=0;hang=114] kezamba[gates=;cols=0;leak=;off=;road=11;dip=0;cross=0;named=0;req=0;lake=82;open=0;openk=;line=11;linek=avenue:11;float=0;fgate=0;hang=3] nhal_veyr[gates=;cols=0;leak=;off=;road=0;dip=0;cross=2;named=0;req=0;lake=0;open=0;openk=;line=0;linek=;float=0;fgate=0;hang=59]
7950299496086484370	0	0	0	0	0	1	9	0	0	0	0	0	440	highcourt[gates=;cols=0;leak=;off=;road=0;dip=1;cross=6;named=0;req=0;lake=0;open=0;openk=;line=0;linek=;float=0;fgate=0;hang=377] dur_brannoc[gates=;cols=0;leak=;off=;road=0;dip=0;cross=0;named=0;req=0;lake=0;open=0;openk=;line=0;linek=;float=0;fgate=0;hang=0] gor_drazhak[gates=;cols=0;leak=;off=;road=0;dip=0;cross=1;named=0;req=0;lake=0;open=0;openk=;line=0;linek=;float=0;fgate=0;hang=3] lethariel[gates=;cols=0;leak=;off=;road=0;dip=0;cross=0;named=0;req=0;lake=149;open=0;openk=;line=0;linek=;float=0;fgate=0;hang=0] kezamba[gates=;cols=0;leak=;off=;road=0;dip=0;cross=1;named=0;req=0;lake=82;open=0;openk=;line=0;linek=;float=0;fgate=0;hang=34] nhal_veyr[gates=;cols=0;leak=;off=;road=0;dip=0;cross=1;named=0;req=0;lake=0;open=0;openk=;line=0;linek=;float=0;fgate=0;hang=26]
7070241454117857495	0	0	0	0	0	0	5	0	0	0	0	0	112	highcourt[gates=;cols=0;leak=;off=;road=0;dip=0;cross=0;named=0;req=0;lake=0;open=0;openk=;line=0;linek=;float=0;fgate=0;hang=2] dur_brannoc[gates=;cols=0;leak=;off=;road=0;dip=0;cross=0;named=0;req=0;lake=0;open=0;openk=;line=0;linek=;float=0;fgate=0;hang=0] gor_drazhak[gates=;cols=0;leak=;off=;road=0;dip=0;cross=0;named=0;req=0;lake=0;open=0;openk=;line=0;linek=;float=0;fgate=0;hang=0] lethariel[gates=;cols=0;leak=;off=;road=0;dip=0;cross=2;named=0;req=0;lake=178;open=0;openk=;line=0;linek=;float=0;fgate=0;hang=72] kezamba[gates=;cols=0;leak=;off=;road=0;dip=0;cross=1;named=0;req=0;lake=82;open=0;openk=;line=0;linek=;float=0;fgate=0;hang=14] nhal_veyr[gates=;cols=0;leak=;off=;road=0;dip=0;cross=2;named=0;req=0;lake=0;open=0;openk=;line=0;linek=;float=0;fgate=0;hang=24]
2626415936881148555	0	0	0	0	0	2	1	0	0	0	0	0	75	highcourt[gates=;cols=0;leak=;off=;road=0;dip=1;cross=0;named=0;req=0;lake=0;open=0;openk=;line=0;linek=;float=0;fgate=0;hang=11] dur_brannoc[gates=;cols=0;leak=;off=;road=0;dip=0;cross=0;named=0;req=0;lake=0;open=0;openk=;line=0;linek=;float=0;fgate=0;hang=0] gor_drazhak[gates=;cols=0;leak=;off=;road=0;dip=0;cross=0;named=0;req=0;lake=0;open=0;openk=;line=0;linek=;float=0;fgate=0;hang=0] lethariel[gates=;cols=0;leak=;off=;road=0;dip=0;cross=0;named=0;req=0;lake=112;open=0;openk=;line=0;linek=;float=0;fgate=0;hang=0] kezamba[gates=;cols=0;leak=;off=;road=0;dip=1;cross=0;named=0;req=0;lake=82;open=0;openk=;line=0;linek=;float=0;fgate=0;hang=6] nhal_veyr[gates=;cols=0;leak=;off=;road=0;dip=0;cross=1;named=0;req=0;lake=0;open=0;openk=;line=0;linek=;float=0;fgate=0;hang=58]
4068046742388606267	0	0	0	0	0	0	3	0	0	0	0	0	80	highcourt[gates=;cols=0;leak=;off=;road=0;dip=0;cross=0;named=0;req=0;lake=0;open=0;openk=;line=0;linek=;float=0;fgate=0;hang=0] dur_brannoc[gates=;cols=0;leak=;off=;road=0;dip=0;cross=0;named=0;req=0;lake=0;open=0;openk=;line=0;linek=;float=0;fgate=0;hang=0] gor_drazhak[gates=;cols=0;leak=;off=;road=0;dip=0;cross=0;named=0;req=0;lake=0;open=0;openk=;line=0;linek=;float=0;fgate=0;hang=0] lethariel[gates=;cols=0;leak=;off=;road=0;dip=0;cross=2;named=0;req=0;lake=151;open=0;openk=;line=0;linek=;float=0;fgate=0;hang=64] kezamba[gates=;cols=0;leak=;off=;road=0;dip=0;cross=0;named=0;req=0;lake=82;open=0;openk=;line=0;linek=;float=0;fgate=0;hang=0] nhal_veyr[gates=;cols=0;leak=;off=;road=0;dip=0;cross=1;named=0;req=0;lake=0;open=0;openk=;line=0;linek=;float=0;fgate=0;hang=16]
681662375904397414	0	0	0	0	0	1	12	0	0	0	0	0	757	highcourt[gates=;cols=0;leak=;off=;road=0;dip=1;cross=3;named=0;req=0;lake=0;open=0;openk=;line=0;linek=;float=0;fgate=0;hang=409] dur_brannoc[gates=;cols=0;leak=;off=;road=0;dip=0;cross=0;named=0;req=0;lake=0;open=0;openk=;line=0;linek=;float=0;fgate=0;hang=0] gor_drazhak[gates=;cols=0;leak=;off=;road=0;dip=0;cross=0;named=0;req=0;lake=0;open=0;openk=;line=0;linek=;float=0;fgate=0;hang=0] lethariel[gates=;cols=0;leak=;off=;road=0;dip=0;cross=4;named=0;req=0;lake=179;open=0;openk=;line=0;linek=;float=0;fgate=0;hang=231] kezamba[gates=;cols=0;leak=;off=;road=0;dip=0;cross=3;named=0;req=0;lake=82;open=0;openk=;line=0;linek=;float=0;fgate=0;hang=78] nhal_veyr[gates=;cols=0;leak=;off=;road=0;dip=0;cross=2;named=0;req=0;lake=0;open=0;openk=;line=0;linek=;float=0;fgate=0;hang=39]
6946941727073070250	0	0	0	0	0	0	4	0	0	0	0	0	124	highcourt[gates=;cols=0;leak=;off=;road=0;dip=0;cross=0;named=0;req=0;lake=0;open=0;openk=;line=0;linek=;float=0;fgate=0;hang=0] dur_brannoc[gates=;cols=0;leak=;off=;road=0;dip=0;cross=1;named=0;req=0;lake=0;open=0;openk=;line=0;linek=;float=0;fgate=0;hang=12] gor_drazhak[gates=;cols=0;leak=;off=;road=0;dip=0;cross=0;named=0;req=0;lake=0;open=0;openk=;line=0;linek=;float=0;fgate=0;hang=0] lethariel[gates=;cols=0;leak=;off=;road=0;dip=0;cross=3;named=0;req=0;lake=170;open=0;openk=;line=0;linek=;float=0;fgate=0;hang=112] kezamba[gates=;cols=0;leak=;off=;road=0;dip=0;cross=0;named=0;req=0;lake=82;open=0;openk=;line=0;linek=;float=0;fgate=0;hang=0] nhal_veyr[gates=;cols=0;leak=;off=;road=0;dip=0;cross=0;named=0;req=0;lake=0;open=0;openk=;line=0;linek=;float=0;fgate=0;hang=0]
15886449741471832109	0	0	0	0	0	1	1	0	0	0	0	0	10	highcourt[gates=;cols=0;leak=;off=;road=0;dip=0;cross=0;named=0;req=0;lake=0;open=0;openk=;line=0;linek=;float=0;fgate=0;hang=0] dur_brannoc[gates=;cols=0;leak=;off=;road=0;dip=1;cross=0;named=0;req=0;lake=0;open=0;openk=;line=0;linek=;float=0;fgate=0;hang=2] gor_drazhak[gates=;cols=0;leak=;off=;road=0;dip=0;cross=1;named=0;req=0;lake=0;open=0;openk=;line=0;linek=;float=0;fgate=0;hang=6] lethariel[gates=;cols=0;leak=;off=;road=0;dip=0;cross=0;named=0;req=0;lake=110;open=0;openk=;line=0;linek=;float=0;fgate=0;hang=0] kezamba[gates=;cols=0;leak=;off=;road=0;dip=0;cross=0;named=0;req=0;lake=82;open=0;openk=;line=0;linek=;float=0;fgate=0;hang=0] nhal_veyr[gates=;cols=0;leak=;off=;road=0;dip=0;cross=0;named=0;req=0;lake=0;open=0;openk=;line=0;linek=;float=0;fgate=0;hang=2]
2721744485437540940	0	0	0	0	0	1	8	0	0	0	0	0	336	highcourt[gates=;cols=0;leak=;off=;road=0;dip=0;cross=0;named=0;req=0;lake=0;open=0;openk=;line=0;linek=;float=0;fgate=0;hang=0] dur_brannoc[gates=;cols=0;leak=;off=;road=0;dip=0;cross=2;named=0;req=0;lake=0;open=0;openk=;line=0;linek=;float=0;fgate=0;hang=89] gor_drazhak[gates=;cols=0;leak=;off=;road=0;dip=0;cross=0;named=0;req=0;lake=0;open=0;openk=;line=0;linek=;float=0;fgate=0;hang=0] lethariel[gates=;cols=0;leak=;off=;road=0;dip=0;cross=4;named=0;req=0;lake=180;open=0;openk=;line=0;linek=;float=0;fgate=0;hang=168] kezamba[gates=;cols=0;leak=;off=;road=0;dip=0;cross=1;named=0;req=0;lake=82;open=0;openk=;line=0;linek=;float=0;fgate=0;hang=15] nhal_veyr[gates=;cols=0;leak=;off=;road=0;dip=1;cross=1;named=0;req=0;lake=0;open=0;openk=;line=0;linek=;float=0;fgate=0;hang=64]
3118603472624195771	0	0	0	0	2	1	8	0	0	0	0	0	267	highcourt[gates=;cols=0;leak=;off=;road=0;dip=0;cross=0;named=0;req=0;lake=0;open=0;openk=;line=0;linek=;float=0;fgate=0;hang=0] dur_brannoc[gates=;cols=0;leak=;off=;road=0;dip=0;cross=2;named=0;req=0;lake=0;open=0;openk=;line=0;linek=;float=0;fgate=0;hang=96] gor_drazhak[gates=;cols=0;leak=;off=;road=0;dip=1;cross=0;named=0;req=0;lake=0;open=0;openk=;line=0;linek=;float=0;fgate=0;hang=13] lethariel[gates=;cols=0;leak=;off=;road=0;dip=0;cross=4;named=0;req=0;lake=172;open=0;openk=;line=0;linek=;float=0;fgate=0;hang=123] kezamba[gates=;cols=0;leak=;off=;road=2;dip=0;cross=1;named=0;req=0;lake=82;open=0;openk=;line=2;linek=avenue:2;float=0;fgate=0;hang=13] nhal_veyr[gates=;cols=0;leak=;off=;road=0;dip=0;cross=1;named=0;req=0;lake=0;open=0;openk=;line=0;linek=;float=0;fgate=0;hang=22]
18197100996547393295	0	0	0	0	0	0	5	0	0	0	0	0	223	highcourt[gates=;cols=0;leak=;off=;road=0;dip=0;cross=0;named=0;req=0;lake=0;open=0;openk=;line=0;linek=;float=0;fgate=0;hang=3] dur_brannoc[gates=;cols=0;leak=;off=;road=0;dip=0;cross=0;named=0;req=0;lake=0;open=0;openk=;line=0;linek=;float=0;fgate=0;hang=0] gor_drazhak[gates=;cols=0;leak=;off=;road=0;dip=0;cross=0;named=0;req=0;lake=0;open=0;openk=;line=0;linek=;float=0;fgate=0;hang=1] lethariel[gates=;cols=0;leak=;off=;road=0;dip=0;cross=4;named=0;req=0;lake=171;open=0;openk=;line=0;linek=;float=0;fgate=0;hang=200] kezamba[gates=;cols=0;leak=;off=;road=0;dip=0;cross=0;named=0;req=0;lake=82;open=0;openk=;line=0;linek=;float=0;fgate=0;hang=0] nhal_veyr[gates=;cols=0;leak=;off=;road=0;dip=0;cross=1;named=0;req=0;lake=0;open=0;openk=;line=0;linek=;float=0;fgate=0;hang=19]
17415913386422530034	0	0	0	0	0	0	8	0	0	0	0	0	368	highcourt[gates=;cols=0;leak=;off=;road=0;dip=0;cross=3;named=0;req=0;lake=0;open=0;openk=;line=0;linek=;float=0;fgate=0;hang=164] dur_brannoc[gates=;cols=0;leak=;off=;road=0;dip=0;cross=2;named=0;req=0;lake=0;open=0;openk=;line=0;linek=;float=0;fgate=0;hang=124] gor_drazhak[gates=;cols=0;leak=;off=;road=0;dip=0;cross=0;named=0;req=0;lake=0;open=0;openk=;line=0;linek=;float=0;fgate=0;hang=0] lethariel[gates=;cols=0;leak=;off=;road=0;dip=0;cross=0;named=0;req=0;lake=108;open=0;openk=;line=0;linek=;float=0;fgate=0;hang=0] kezamba[gates=;cols=0;leak=;off=;road=0;dip=0;cross=2;named=0;req=0;lake=82;open=0;openk=;line=0;linek=;float=0;fgate=0;hang=45] nhal_veyr[gates=;cols=0;leak=;off=;road=0;dip=0;cross=1;named=0;req=0;lake=0;open=0;openk=;line=0;linek=;float=0;fgate=0;hang=35]
6165981489295865760	0	0	0	0	0	0	4	0	0	0	0	0	167	highcourt[gates=;cols=0;leak=;off=;road=0;dip=0;cross=0;named=0;req=0;lake=0;open=0;openk=;line=0;linek=;float=0;fgate=0;hang=0] dur_brannoc[gates=;cols=0;leak=;off=;road=0;dip=0;cross=1;named=0;req=0;lake=0;open=0;openk=;line=0;linek=;float=0;fgate=0;hang=36] gor_drazhak[gates=;cols=0;leak=;off=;road=0;dip=0;cross=0;named=0;req=0;lake=0;open=0;openk=;line=0;linek=;float=0;fgate=0;hang=0] lethariel[gates=;cols=0;leak=;off=;road=0;dip=0;cross=2;named=0;req=0;lake=174;open=0;openk=;line=0;linek=;float=0;fgate=0;hang=84] kezamba[gates=;cols=0;leak=;off=;road=0;dip=0;cross=1;named=0;req=0;lake=82;open=0;openk=;line=0;linek=;float=0;fgate=0;hang=41] nhal_veyr[gates=;cols=0;leak=;off=;road=0;dip=0;cross=0;named=0;req=0;lake=0;open=0;openk=;line=0;linek=;float=0;fgate=0;hang=6]
12618078572367294504	0	0	0	0	0	0	4	0	0	0	0	0	178	highcourt[gates=;cols=0;leak=;off=;road=0;dip=0;cross=0;named=0;req=0;lake=0;open=0;openk=;line=0;linek=;float=0;fgate=0;hang=0] dur_brannoc[gates=;cols=0;leak=;off=;road=0;dip=0;cross=0;named=0;req=0;lake=0;open=0;openk=;line=0;linek=;float=0;fgate=0;hang=0] gor_drazhak[gates=;cols=0;leak=;off=;road=0;dip=0;cross=0;named=0;req=0;lake=0;open=0;openk=;line=0;linek=;float=0;fgate=0;hang=0] lethariel[gates=;cols=0;leak=;off=;road=0;dip=0;cross=0;named=0;req=0;lake=109;open=0;openk=;line=0;linek=;float=0;fgate=0;hang=0] kezamba[gates=;cols=0;leak=;off=;road=0;dip=0;cross=1;named=0;req=0;lake=82;open=0;openk=;line=0;linek=;float=0;fgate=0;hang=56] nhal_veyr[gates=;cols=0;leak=;off=;road=0;dip=0;cross=3;named=0;req=0;lake=0;open=0;openk=;line=0;linek=;float=0;fgate=0;hang=122]
1923180004749218548	0	0	0	0	0	0	3	0	0	0	0	0	30	highcourt[gates=;cols=0;leak=;off=;road=0;dip=0;cross=1;named=0;req=0;lake=0;open=0;openk=;line=0;linek=;float=0;fgate=0;hang=10] dur_brannoc[gates=;cols=0;leak=;off=;road=0;dip=0;cross=0;named=0;req=0;lake=0;open=0;openk=;line=0;linek=;float=0;fgate=0;hang=0] gor_drazhak[gates=;cols=0;leak=;off=;road=0;dip=0;cross=0;named=0;req=0;lake=0;open=0;openk=;line=0;linek=;float=0;fgate=0;hang=0] lethariel[gates=;cols=0;leak=;off=;road=0;dip=0;cross=1;named=0;req=0;lake=109;open=0;openk=;line=0;linek=;float=0;fgate=0;hang=2] kezamba[gates=;cols=0;leak=;off=;road=0;dip=0;cross=0;named=0;req=0;lake=82;open=0;openk=;line=0;linek=;float=0;fgate=0;hang=0] nhal_veyr[gates=;cols=0;leak=;off=;road=0;dip=0;cross=1;named=0;req=0;lake=0;open=0;openk=;line=0;linek=;float=0;fgate=0;hang=18]
3844521293757908988	0	0	0	0	0	2	3	0	0	0	0	0	80	highcourt[gates=;cols=0;leak=;off=;road=0;dip=0;cross=1;named=0;req=0;lake=0;open=0;openk=;line=0;linek=;float=0;fgate=0;hang=10] dur_brannoc[gates=;cols=0;leak=;off=;road=0;dip=0;cross=0;named=0;req=0;lake=0;open=0;openk=;line=0;linek=;float=0;fgate=0;hang=0] gor_drazhak[gates=;cols=0;leak=;off=;road=0;dip=1;cross=0;named=0;req=0;lake=0;open=0;openk=;line=0;linek=;float=0;fgate=0;hang=0] lethariel[gates=;cols=0;leak=;off=;road=0;dip=0;cross=0;named=0;req=0;lake=150;open=0;openk=;line=0;linek=;float=0;fgate=0;hang=0] kezamba[gates=;cols=0;leak=;off=;road=0;dip=1;cross=1;named=0;req=0;lake=82;open=0;openk=;line=0;linek=;float=0;fgate=0;hang=67] nhal_veyr[gates=;cols=0;leak=;off=;road=0;dip=0;cross=1;named=0;req=0;lake=0;open=0;openk=;line=0;linek=;float=0;fgate=0;hang=3]
6584068884421996514	0	0	0	0	7	2	4	0	0	0	0	0	105	highcourt[gates=;cols=0;leak=;off=;road=0;dip=0;cross=0;named=0;req=0;lake=0;open=0;openk=;line=0;linek=;float=0;fgate=0;hang=0] dur_brannoc[gates=;cols=0;leak=;off=;road=0;dip=0;cross=0;named=0;req=0;lake=0;open=0;openk=;line=0;linek=;float=0;fgate=0;hang=0] gor_drazhak[gates=;cols=0;leak=;off=;road=0;dip=1;cross=0;named=0;req=0;lake=0;open=0;openk=;line=0;linek=;float=0;fgate=0;hang=7] lethariel[gates=;cols=0;leak=;off=;road=7;dip=0;cross=3;named=0;req=0;lake=151;open=0;openk=;line=7;linek=avenue:7;float=0;fgate=0;hang=83] kezamba[gates=;cols=0;leak=;off=;road=0;dip=1;cross=0;named=0;req=0;lake=82;open=0;openk=;line=0;linek=;float=0;fgate=0;hang=1] nhal_veyr[gates=;cols=0;leak=;off=;road=0;dip=0;cross=1;named=0;req=0;lake=0;open=0;openk=;line=0;linek=;float=0;fgate=0;hang=14]
18014498326101973346	0	0	0	0	1	0	6	0	0	0	0	0	255	highcourt[gates=;cols=0;leak=;off=;road=0;dip=0;cross=0;named=0;req=0;lake=0;open=0;openk=;line=0;linek=;float=0;fgate=0;hang=0] dur_brannoc[gates=;cols=0;leak=;off=;road=0;dip=0;cross=0;named=0;req=0;lake=0;open=0;openk=;line=0;linek=;float=0;fgate=0;hang=0] gor_drazhak[gates=;cols=0;leak=;off=;road=0;dip=0;cross=0;named=0;req=0;lake=0;open=0;openk=;line=0;linek=;float=0;fgate=0;hang=0] lethariel[gates=;cols=0;leak=;off=;road=0;dip=0;cross=2;named=0;req=0;lake=168;open=0;openk=;line=0;linek=;float=0;fgate=0;hang=73] kezamba[gates=;cols=0;leak=;off=;road=1;dip=0;cross=0;named=0;req=0;lake=82;open=0;openk=;line=1;linek=avenue:1;float=0;fgate=0;hang=0] nhal_veyr[gates=;cols=0;leak=;off=;road=0;dip=0;cross=4;named=0;req=0;lake=0;open=0;openk=;line=0;linek=;float=0;fgate=0;hang=182]
14441319275569780537	0	0	0	0	0	0	5	0	0	0	0	0	160	highcourt[gates=;cols=0;leak=;off=;road=0;dip=0;cross=1;named=0;req=0;lake=0;open=0;openk=;line=0;linek=;float=0;fgate=0;hang=4] dur_brannoc[gates=;cols=0;leak=;off=;road=0;dip=0;cross=1;named=0;req=0;lake=0;open=0;openk=;line=0;linek=;float=0;fgate=0;hang=39] gor_drazhak[gates=;cols=0;leak=;off=;road=0;dip=0;cross=0;named=0;req=0;lake=0;open=0;openk=;line=0;linek=;float=0;fgate=0;hang=0] lethariel[gates=;cols=0;leak=;off=;road=0;dip=0;cross=2;named=0;req=0;lake=175;open=0;openk=;line=0;linek=;float=0;fgate=0;hang=80] kezamba[gates=;cols=0;leak=;off=;road=0;dip=0;cross=1;named=0;req=0;lake=82;open=0;openk=;line=0;linek=;float=0;fgate=0;hang=37] nhal_veyr[gates=;cols=0;leak=;off=;road=0;dip=0;cross=0;named=0;req=0;lake=0;open=0;openk=;line=0;linek=;float=0;fgate=0;hang=0]
1530076063032820478	0	0	0	0	1	0	9	0	0	0	0	0	460	highcourt[gates=;cols=0;leak=;off=;road=0;dip=0;cross=0;named=0;req=0;lake=0;open=0;openk=;line=0;linek=;float=0;fgate=0;hang=0] dur_brannoc[gates=;cols=0;leak=;off=;road=0;dip=0;cross=0;named=0;req=0;lake=0;open=0;openk=;line=0;linek=;float=0;fgate=0;hang=27] gor_drazhak[gates=;cols=0;leak=;off=;road=0;dip=0;cross=0;named=0;req=0;lake=0;open=0;openk=;line=0;linek=;float=0;fgate=0;hang=0] lethariel[gates=;cols=0;leak=;off=;road=0;dip=0;cross=4;named=0;req=0;lake=171;open=0;openk=;line=0;linek=;float=0;fgate=0;hang=146] kezamba[gates=;cols=0;leak=;off=;road=1;dip=0;cross=0;named=0;req=0;lake=82;open=0;openk=;line=1;linek=avenue:1;float=0;fgate=0;hang=0] nhal_veyr[gates=;cols=0;leak=;off=;road=0;dip=0;cross=5;named=0;req=0;lake=0;open=0;openk=;line=0;linek=;float=0;fgate=0;hang=287]
12702643102468657816	0	0	0	0	2	0	4	0	0	0	0	0	124	highcourt[gates=;cols=0;leak=;off=;road=0;dip=0;cross=0;named=0;req=0;lake=0;open=0;openk=;line=0;linek=;float=0;fgate=0;hang=0] dur_brannoc[gates=;cols=0;leak=;off=;road=0;dip=0;cross=0;named=0;req=0;lake=0;open=0;openk=;line=0;linek=;float=0;fgate=0;hang=25] gor_drazhak[gates=;cols=0;leak=;off=;road=2;dip=0;cross=0;named=0;req=0;lake=0;open=0;openk=;line=2;linek=avenue:2;float=0;fgate=0;hang=0] lethariel[gates=;cols=0;leak=;off=;road=0;dip=0;cross=0;named=0;req=0;lake=109;open=0;openk=;line=0;linek=;float=0;fgate=0;hang=0] kezamba[gates=;cols=0;leak=;off=;road=0;dip=0;cross=3;named=0;req=0;lake=82;open=0;openk=;line=0;linek=;float=0;fgate=0;hang=57] nhal_veyr[gates=;cols=0;leak=;off=;road=0;dip=0;cross=1;named=0;req=0;lake=0;open=0;openk=;line=0;linek=;float=0;fgate=0;hang=42]
4855992227934226974	0	0	0	0	0	0	7	0	0	0	0	0	307	highcourt[gates=;cols=0;leak=;off=;road=0;dip=0;cross=1;named=0;req=0;lake=0;open=0;openk=;line=0;linek=;float=0;fgate=0;hang=53] dur_brannoc[gates=;cols=0;leak=;off=;road=0;dip=0;cross=0;named=0;req=0;lake=0;open=0;openk=;line=0;linek=;float=0;fgate=0;hang=0] gor_drazhak[gates=;cols=0;leak=;off=;road=0;dip=0;cross=0;named=0;req=0;lake=0;open=0;openk=;line=0;linek=;float=0;fgate=0;hang=0] lethariel[gates=;cols=0;leak=;off=;road=0;dip=0;cross=4;named=0;req=0;lake=178;open=0;openk=;line=0;linek=;float=0;fgate=0;hang=229] kezamba[gates=;cols=0;leak=;off=;road=0;dip=0;cross=1;named=0;req=0;lake=82;open=0;openk=;line=0;linek=;float=0;fgate=0;hang=7] nhal_veyr[gates=;cols=0;leak=;off=;road=0;dip=0;cross=1;named=0;req=0;lake=0;open=0;openk=;line=0;linek=;float=0;fgate=0;hang=18]
4930130712268812616	0	0	0	0	0	1	7	0	0	0	0	0	326	highcourt[gates=;cols=0;leak=;off=;road=0;dip=0;cross=0;named=0;req=0;lake=0;open=0;openk=;line=0;linek=;float=0;fgate=0;hang=0] dur_brannoc[gates=;cols=0;leak=;off=;road=0;dip=0;cross=2;named=0;req=0;lake=0;open=0;openk=;line=0;linek=;float=0;fgate=0;hang=85] gor_drazhak[gates=;cols=0;leak=;off=;road=0;dip=0;cross=0;named=0;req=0;lake=0;open=0;openk=;line=0;linek=;float=0;fgate=0;hang=0] lethariel[gates=;cols=0;leak=;off=;road=0;dip=0;cross=0;named=0;req=0;lake=111;open=0;openk=;line=0;linek=;float=0;fgate=0;hang=0] kezamba[gates=;cols=0;leak=;off=;road=0;dip=0;cross=3;named=0;req=0;lake=82;open=0;openk=;line=0;linek=;float=0;fgate=0;hang=45] nhal_veyr[gates=;cols=0;leak=;off=;road=0;dip=1;cross=2;named=0;req=0;lake=0;open=0;openk=;line=0;linek=;float=0;fgate=0;hang=196]
8087015556336599176	0	0	0	0	4	0	6	0	0	0	0	0	168	highcourt[gates=;cols=0;leak=;off=;road=0;dip=0;cross=0;named=0;req=0;lake=0;open=0;openk=;line=0;linek=;float=0;fgate=0;hang=0] dur_brannoc[gates=;cols=0;leak=;off=;road=0;dip=0;cross=0;named=0;req=0;lake=0;open=0;openk=;line=0;linek=;float=0;fgate=0;hang=7] gor_drazhak[gates=;cols=0;leak=;off=;road=0;dip=0;cross=0;named=0;req=0;lake=0;open=0;openk=;line=0;linek=;float=0;fgate=0;hang=0] lethariel[gates=;cols=0;leak=;off=;road=0;dip=0;cross=3;named=0;req=0;lake=172;open=0;openk=;line=0;linek=;float=0;fgate=0;hang=68] kezamba[gates=;cols=0;leak=;off=;road=4;dip=0;cross=3;named=0;req=0;lake=82;open=0;openk=;line=4;linek=avenue:4;float=0;fgate=0;hang=93] nhal_veyr[gates=;cols=0;leak=;off=;road=0;dip=0;cross=0;named=0;req=0;lake=0;open=0;openk=;line=0;linek=;float=0;fgate=0;hang=0]
398654067273040517	0	0	0	0	0	0	2	0	0	0	0	0	109	highcourt[gates=;cols=0;leak=;off=;road=0;dip=0;cross=0;named=0;req=0;lake=0;open=0;openk=;line=0;linek=;float=0;fgate=0;hang=0] dur_brannoc[gates=;cols=0;leak=;off=;road=0;dip=0;cross=1;named=0;req=0;lake=0;open=0;openk=;line=0;linek=;float=0;fgate=0;hang=90] gor_drazhak[gates=;cols=0;leak=;off=;road=0;dip=0;cross=0;named=0;req=0;lake=0;open=0;openk=;line=0;linek=;float=0;fgate=0;hang=0] lethariel[gates=;cols=0;leak=;off=;road=0;dip=0;cross=0;named=0;req=0;lake=112;open=0;openk=;line=0;linek=;float=0;fgate=0;hang=0] kezamba[gates=;cols=0;leak=;off=;road=0;dip=0;cross=1;named=0;req=0;lake=82;open=0;openk=;line=0;linek=;float=0;fgate=0;hang=19] nhal_veyr[gates=;cols=0;leak=;off=;road=0;dip=0;cross=0;named=0;req=0;lake=0;open=0;openk=;line=0;linek=;float=0;fgate=0;hang=0]
2918782725690111152	0	0	0	0	0	2	6	0	0	0	0	0	414	highcourt[gates=;cols=0;leak=;off=;road=0;dip=0;cross=1;named=0;req=0;lake=0;open=0;openk=;line=0;linek=;float=0;fgate=0;hang=16] dur_brannoc[gates=;cols=0;leak=;off=;road=0;dip=0;cross=0;named=0;req=0;lake=0;open=0;openk=;line=0;linek=;float=0;fgate=0;hang=0] gor_drazhak[gates=;cols=0;leak=;off=;road=0;dip=2;cross=0;named=0;req=0;lake=0;open=0;openk=;line=0;linek=;float=0;fgate=0;hang=36] lethariel[gates=;cols=0;leak=;off=;road=0;dip=0;cross=4;named=0;req=0;lake=173;open=0;openk=;line=0;linek=;float=0;fgate=0;hang=349] kezamba[gates=;cols=0;leak=;off=;road=0;dip=0;cross=1;named=0;req=0;lake=82;open=0;openk=;line=0;linek=;float=0;fgate=0;hang=13] nhal_veyr[gates=;cols=0;leak=;off=;road=0;dip=0;cross=0;named=0;req=0;lake=0;open=0;openk=;line=0;linek=;float=0;fgate=0;hang=0]
1965661194820635139	0	0	0	0	0	1	3	0	0	0	0	0	228	highcourt[gates=;cols=0;leak=;off=;road=0;dip=1;cross=0;named=0;req=0;lake=0;open=0;openk=;line=0;linek=;float=0;fgate=0;hang=15] dur_brannoc[gates=;cols=0;leak=;off=;road=0;dip=0;cross=1;named=0;req=0;lake=0;open=0;openk=;line=0;linek=;float=0;fgate=0;hang=25] gor_drazhak[gates=;cols=0;leak=;off=;road=0;dip=0;cross=0;named=0;req=0;lake=0;open=0;openk=;line=0;linek=;float=0;fgate=0;hang=0] lethariel[gates=;cols=0;leak=;off=;road=0;dip=0;cross=2;named=0;req=0;lake=176;open=0;openk=;line=0;linek=;float=0;fgate=0;hang=180] kezamba[gates=;cols=0;leak=;off=;road=0;dip=0;cross=0;named=0;req=0;lake=82;open=0;openk=;line=0;linek=;float=0;fgate=0;hang=0] nhal_veyr[gates=;cols=0;leak=;off=;road=0;dip=0;cross=0;named=0;req=0;lake=0;open=0;openk=;line=0;linek=;float=0;fgate=0;hang=8]
15236188817815462330	0	0	0	0	14	1	8	0	0	0	0	0	218	highcourt[gates=;cols=0;leak=;off=;road=0;dip=1;cross=0;named=0;req=0;lake=0;open=0;openk=;line=0;linek=;float=0;fgate=0;hang=47] dur_brannoc[gates=;cols=0;leak=;off=;road=0;dip=0;cross=4;named=0;req=0;lake=0;open=0;openk=;line=0;linek=;float=0;fgate=0;hang=132] gor_drazhak[gates=;cols=0;leak=;off=;road=14;dip=0;cross=1;named=0;req=0;lake=0;open=0;openk=;line=14;linek=avenue:14;float=0;fgate=0;hang=16] lethariel[gates=;cols=0;leak=;off=;road=0;dip=0;cross=0;named=0;req=0;lake=145;open=0;openk=;line=0;linek=;float=0;fgate=0;hang=0] kezamba[gates=;cols=0;leak=;off=;road=0;dip=0;cross=1;named=0;req=0;lake=82;open=0;openk=;line=0;linek=;float=0;fgate=0;hang=20] nhal_veyr[gates=;cols=0;leak=;off=;road=0;dip=0;cross=2;named=0;req=0;lake=0;open=0;openk=;line=0;linek=;float=0;fgate=0;hang=3]
18039570569385456436	0	0	0	0	2	0	11	0	0	0	0	0	678	highcourt[gates=;cols=0;leak=;off=;road=0;dip=0;cross=0;named=0;req=0;lake=0;open=0;openk=;line=0;linek=;float=0;fgate=0;hang=0] dur_brannoc[gates=;cols=0;leak=;off=;road=0;dip=0;cross=0;named=0;req=0;lake=0;open=0;openk=;line=0;linek=;float=0;fgate=0;hang=0] gor_drazhak[gates=;cols=0;leak=;off=;road=0;dip=0;cross=1;named=0;req=0;lake=0;open=0;openk=;line=0;linek=;float=0;fgate=0;hang=9] lethariel[gates=;cols=0;leak=;off=;road=2;dip=0;cross=6;named=0;req=0;lake=182;open=0;openk=;line=2;linek=avenue:2;float=0;fgate=0;hang=567] kezamba[gates=;cols=0;leak=;off=;road=0;dip=0;cross=1;named=0;req=0;lake=82;open=0;openk=;line=0;linek=;float=0;fgate=0;hang=8] nhal_veyr[gates=;cols=0;leak=;off=;road=0;dip=0;cross=3;named=0;req=0;lake=0;open=0;openk=;line=0;linek=;float=0;fgate=0;hang=94]
18342628316766334297	0	0	0	0	0	0	2	0	0	0	0	0	101	highcourt[gates=;cols=0;leak=;off=;road=0;dip=0;cross=0;named=0;req=0;lake=0;open=0;openk=;line=0;linek=;float=0;fgate=0;hang=0] dur_brannoc[gates=;cols=0;leak=;off=;road=0;dip=0;cross=0;named=0;req=0;lake=0;open=0;openk=;line=0;linek=;float=0;fgate=0;hang=0] gor_drazhak[gates=;cols=0;leak=;off=;road=0;dip=0;cross=0;named=0;req=0;lake=0;open=0;openk=;line=0;linek=;float=0;fgate=0;hang=0] lethariel[gates=;cols=0;leak=;off=;road=0;dip=0;cross=2;named=0;req=0;lake=147;open=0;openk=;line=0;linek=;float=0;fgate=0;hang=101] kezamba[gates=;cols=0;leak=;off=;road=0;dip=0;cross=0;named=0;req=0;lake=82;open=0;openk=;line=0;linek=;float=0;fgate=0;hang=0] nhal_veyr[gates=;cols=0;leak=;off=;road=0;dip=0;cross=0;named=0;req=0;lake=0;open=0;openk=;line=0;linek=;float=0;fgate=0;hang=0]
17310136206089631483	0	0	0	0	0	0	3	0	0	0	0	0	64	highcourt[gates=;cols=0;leak=;off=;road=0;dip=0;cross=1;named=0;req=0;lake=0;open=0;openk=;line=0;linek=;float=0;fgate=0;hang=29] dur_brannoc[gates=;cols=0;leak=;off=;road=0;dip=0;cross=0;named=0;req=0;lake=0;open=0;openk=;line=0;linek=;float=0;fgate=0;hang=0] gor_drazhak[gates=;cols=0;leak=;off=;road=0;dip=0;cross=0;named=0;req=0;lake=0;open=0;openk=;line=0;linek=;float=0;fgate=0;hang=0] lethariel[gates=;cols=0;leak=;off=;road=0;dip=0;cross=1;named=0;req=0;lake=170;open=0;openk=;line=0;linek=;float=0;fgate=0;hang=35] kezamba[gates=;cols=0;leak=;off=;road=0;dip=0;cross=1;named=0;req=0;lake=82;open=0;openk=;line=0;linek=;float=0;fgate=0;hang=0] nhal_veyr[gates=;cols=0;leak=;off=;road=0;dip=0;cross=0;named=0;req=0;lake=0;open=0;openk=;line=0;linek=;float=0;fgate=0;hang=0]
1208724562299944836	0	0	0	0	0	2	3	0	0	0	0	0	218	highcourt[gates=;cols=0;leak=;off=;road=0;dip=0;cross=0;named=0;req=0;lake=0;open=0;openk=;line=0;linek=;float=0;fgate=0;hang=0] dur_brannoc[gates=;cols=0;leak=;off=;road=0;dip=0;cross=1;named=0;req=0;lake=0;open=0;openk=;line=0;linek=;float=0;fgate=0;hang=21] gor_drazhak[gates=;cols=0;leak=;off=;road=0;dip=0;cross=0;named=0;req=0;lake=0;open=0;openk=;line=0;linek=;float=0;fgate=0;hang=0] lethariel[gates=;cols=0;leak=;off=;road=0;dip=0;cross=0;named=0;req=0;lake=109;open=0;openk=;line=0;linek=;float=0;fgate=0;hang=0] kezamba[gates=;cols=0;leak=;off=;road=0;dip=1;cross=1;named=0;req=0;lake=82;open=0;openk=;line=0;linek=;float=0;fgate=0;hang=52] nhal_veyr[gates=;cols=0;leak=;off=;road=0;dip=1;cross=1;named=0;req=0;lake=0;open=0;openk=;line=0;linek=;float=0;fgate=0;hang=145]
7091191912874987668	0	0	0	0	0	0	8	0	0	0	0	0	359	highcourt[gates=;cols=0;leak=;off=;road=0;dip=0;cross=1;named=0;req=0;lake=0;open=0;openk=;line=0;linek=;float=0;fgate=0;hang=26] dur_brannoc[gates=;cols=0;leak=;off=;road=0;dip=0;cross=3;named=0;req=0;lake=0;open=0;openk=;line=0;linek=;float=0;fgate=0;hang=157] gor_drazhak[gates=;cols=0;leak=;off=;road=0;dip=0;cross=0;named=0;req=0;lake=0;open=0;openk=;line=0;linek=;float=0;fgate=0;hang=0] lethariel[gates=;cols=0;leak=;off=;road=0;dip=0;cross=3;named=0;req=0;lake=172;open=0;openk=;line=0;linek=;float=0;fgate=0;hang=174] kezamba[gates=;cols=0;leak=;off=;road=0;dip=0;cross=1;named=0;req=0;lake=82;open=0;openk=;line=0;linek=;float=0;fgate=0;hang=2] nhal_veyr[gates=;cols=0;leak=;off=;road=0;dip=0;cross=0;named=0;req=0;lake=0;open=0;openk=;line=0;linek=;float=0;fgate=0;hang=0]
17181197134287225774	0	0	0	0	0	0	7	0	0	0	0	0	363	highcourt[gates=;cols=0;leak=;off=;road=0;dip=0;cross=0;named=0;req=0;lake=0;open=0;openk=;line=0;linek=;float=0;fgate=0;hang=2] dur_brannoc[gates=;cols=0;leak=;off=;road=0;dip=0;cross=4;named=0;req=0;lake=0;open=0;openk=;line=0;linek=;float=0;fgate=0;hang=266] gor_drazhak[gates=;cols=0;leak=;off=;road=0;dip=0;cross=0;named=0;req=0;lake=0;open=0;openk=;line=0;linek=;float=0;fgate=0;hang=0] lethariel[gates=;cols=0;leak=;off=;road=0;dip=0;cross=2;named=0;req=0;lake=178;open=0;openk=;line=0;linek=;float=0;fgate=0;hang=76] kezamba[gates=;cols=0;leak=;off=;road=0;dip=0;cross=0;named=0;req=0;lake=82;open=0;openk=;line=0;linek=;float=0;fgate=0;hang=0] nhal_veyr[gates=;cols=0;leak=;off=;road=0;dip=0;cross=1;named=0;req=0;lake=0;open=0;openk=;line=0;linek=;float=0;fgate=0;hang=19]
5218936401758240267	0	0	0	0	13	0	5	0	0	0	0	0	141	highcourt[gates=;cols=0;leak=;off=;road=0;dip=0;cross=1;named=0;req=0;lake=0;open=0;openk=;line=0;linek=;float=0;fgate=0;hang=15] dur_brannoc[gates=;cols=0;leak=;off=;road=0;dip=0;cross=0;named=0;req=0;lake=0;open=0;openk=;line=0;linek=;float=0;fgate=0;hang=0] gor_drazhak[gates=;cols=0;leak=;off=;road=2;dip=0;cross=1;named=0;req=0;lake=0;open=0;openk=;line=2;linek=avenue:2;float=0;fgate=0;hang=4] lethariel[gates=;cols=0;leak=;off=;road=11;dip=0;cross=3;named=0;req=0;lake=173;open=0;openk=;line=11;linek=avenue:10,secondary:1;float=0;fgate=0;hang=122] kezamba[gates=;cols=0;leak=;off=;road=0;dip=0;cross=0;named=0;req=0;lake=82;open=0;openk=;line=0;linek=;float=0;fgate=0;hang=0] nhal_veyr[gates=;cols=0;leak=;off=;road=0;dip=0;cross=0;named=0;req=0;lake=0;open=0;openk=;line=0;linek=;float=0;fgate=0;hang=0]
6645067110456208152	0	0	0	0	0	0	3	0	0	0	0	0	209	highcourt[gates=;cols=0;leak=;off=;road=0;dip=0;cross=0;named=0;req=0;lake=0;open=0;openk=;line=0;linek=;float=0;fgate=0;hang=12] dur_brannoc[gates=;cols=0;leak=;off=;road=0;dip=0;cross=0;named=0;req=0;lake=0;open=0;openk=;line=0;linek=;float=0;fgate=0;hang=0] gor_drazhak[gates=;cols=0;leak=;off=;road=0;dip=0;cross=0;named=0;req=0;lake=0;open=0;openk=;line=0;linek=;float=0;fgate=0;hang=1] lethariel[gates=;cols=0;leak=;off=;road=0;dip=0;cross=2;named=0;req=0;lake=178;open=0;openk=;line=0;linek=;float=0;fgate=0;hang=165] kezamba[gates=;cols=0;leak=;off=;road=0;dip=0;cross=0;named=0;req=0;lake=82;open=0;openk=;line=0;linek=;float=0;fgate=0;hang=0] nhal_veyr[gates=;cols=0;leak=;off=;road=0;dip=0;cross=1;named=0;req=0;lake=0;open=0;openk=;line=0;linek=;float=0;fgate=0;hang=31]
12283167925447661392	0	0	0	0	0	0	6	0	0	0	0	0	177	highcourt[gates=;cols=0;leak=;off=;road=0;dip=0;cross=1;named=0;req=0;lake=0;open=0;openk=;line=0;linek=;float=0;fgate=0;hang=16] dur_brannoc[gates=;cols=0;leak=;off=;road=0;dip=0;cross=2;named=0;req=0;lake=0;open=0;openk=;line=0;linek=;float=0;fgate=0;hang=56] gor_drazhak[gates=;cols=0;leak=;off=;road=0;dip=0;cross=0;named=0;req=0;lake=0;open=0;openk=;line=0;linek=;float=0;fgate=0;hang=0] lethariel[gates=;cols=0;leak=;off=;road=0;dip=0;cross=0;named=0;req=0;lake=109;open=0;openk=;line=0;linek=;float=0;fgate=0;hang=0] kezamba[gates=;cols=0;leak=;off=;road=0;dip=0;cross=1;named=0;req=0;lake=82;open=0;openk=;line=0;linek=;float=0;fgate=0;hang=5] nhal_veyr[gates=;cols=0;leak=;off=;road=0;dip=0;cross=2;named=0;req=0;lake=0;open=0;openk=;line=0;linek=;float=0;fgate=0;hang=100]
3884603298339960873	0	0	0	0	0	1	7	0	0	0	0	0	187	highcourt[gates=;cols=0;leak=;off=;road=0;dip=0;cross=0;named=0;req=0;lake=0;open=0;openk=;line=0;linek=;float=0;fgate=0;hang=11] dur_brannoc[gates=;cols=0;leak=;off=;road=0;dip=0;cross=1;named=0;req=0;lake=0;open=0;openk=;line=0;linek=;float=0;fgate=0;hang=8] gor_drazhak[gates=;cols=0;leak=;off=;road=0;dip=1;cross=0;named=0;req=0;lake=0;open=0;openk=;line=0;linek=;float=0;fgate=0;hang=12] lethariel[gates=;cols=0;leak=;off=;road=0;dip=0;cross=4;named=0;req=0;lake=178;open=0;openk=;line=0;linek=;float=0;fgate=0;hang=144] kezamba[gates=;cols=0;leak=;off=;road=0;dip=0;cross=1;named=0;req=0;lake=82;open=0;openk=;line=0;linek=;float=0;fgate=0;hang=4] nhal_veyr[gates=;cols=0;leak=;off=;road=0;dip=0;cross=1;named=0;req=0;lake=0;open=0;openk=;line=0;linek=;float=0;fgate=0;hang=8]
15373504249176734598	0	0	0	0	0	0	7	0	0	0	0	0	254	highcourt[gates=;cols=0;leak=;off=;road=0;dip=0;cross=0;named=0;req=0;lake=0;open=0;openk=;line=0;linek=;float=0;fgate=0;hang=0] dur_brannoc[gates=;cols=0;leak=;off=;road=0;dip=0;cross=0;named=0;req=0;lake=0;open=0;openk=;line=0;linek=;float=0;fgate=0;hang=0] gor_drazhak[gates=;cols=0;leak=;off=;road=0;dip=0;cross=0;named=0;req=0;lake=0;open=0;openk=;line=0;linek=;float=0;fgate=0;hang=0] lethariel[gates=;cols=0;leak=;off=;road=0;dip=0;cross=4;named=0;req=0;lake=173;open=0;openk=;line=0;linek=;float=0;fgate=0;hang=169] kezamba[gates=;cols=0;leak=;off=;road=0;dip=0;cross=3;named=0;req=0;lake=82;open=0;openk=;line=0;linek=;float=0;fgate=0;hang=85] nhal_veyr[gates=;cols=0;leak=;off=;road=0;dip=0;cross=0;named=0;req=0;lake=0;open=0;openk=;line=0;linek=;float=0;fgate=0;hang=0]
7655711798378535765	0	0	0	0	1	2	3	0	0	0	0	0	279	highcourt[gates=;cols=0;leak=;off=;road=0;dip=0;cross=0;named=0;req=0;lake=0;open=0;openk=;line=0;linek=;float=0;fgate=0;hang=0] dur_brannoc[gates=;cols=0;leak=;off=;road=0;dip=0;cross=0;named=0;req=0;lake=0;open=0;openk=;line=0;linek=;float=0;fgate=0;hang=0] gor_drazhak[gates=;cols=0;leak=;off=;road=0;dip=0;cross=1;named=0;req=0;lake=0;open=0;openk=;line=0;linek=;float=0;fgate=0;hang=4] lethariel[gates=;cols=0;leak=;off=;road=0;dip=1;cross=2;named=0;req=0;lake=174;open=0;openk=;line=0;linek=;float=0;fgate=0;hang=270] kezamba[gates=;cols=0;leak=;off=;road=1;dip=0;cross=0;named=0;req=0;lake=82;open=0;openk=;line=1;linek=avenue:1;float=0;fgate=0;hang=0] nhal_veyr[gates=;cols=0;leak=;off=;road=0;dip=1;cross=0;named=0;req=0;lake=0;open=0;openk=;line=0;linek=;float=0;fgate=0;hang=5]
8977053906526359739	0	0	0	0	0	1	2	0	0	0	0	0	78	highcourt[gates=;cols=0;leak=;off=;road=0;dip=0;cross=0;named=0;req=0;lake=0;open=0;openk=;line=0;linek=;float=0;fgate=0;hang=0] dur_brannoc[gates=;cols=0;leak=;off=;road=0;dip=0;cross=0;named=0;req=0;lake=0;open=0;openk=;line=0;linek=;float=0;fgate=0;hang=0] gor_drazhak[gates=;cols=0;leak=;off=;road=0;dip=1;cross=0;named=0;req=0;lake=0;open=0;openk=;line=0;linek=;float=0;fgate=0;hang=11] lethariel[gates=;cols=0;leak=;off=;road=0;dip=0;cross=1;named=0;req=0;lake=170;open=0;openk=;line=0;linek=;float=0;fgate=0;hang=60] kezamba[gates=;cols=0;leak=;off=;road=0;dip=0;cross=1;named=0;req=0;lake=82;open=0;openk=;line=0;linek=;float=0;fgate=0;hang=7] nhal_veyr[gates=;cols=0;leak=;off=;road=0;dip=0;cross=0;named=0;req=0;lake=0;open=0;openk=;line=0;linek=;float=0;fgate=0;hang=0]
8083391186420783633	0	0	0	0	0	0	4	0	0	0	0	0	132	highcourt[gates=;cols=0;leak=;off=;road=0;dip=0;cross=0;named=0;req=0;lake=0;open=0;openk=;line=0;linek=;float=0;fgate=0;hang=0] dur_brannoc[gates=;cols=0;leak=;off=;road=0;dip=0;cross=2;named=0;req=0;lake=0;open=0;openk=;line=0;linek=;float=0;fgate=0;hang=98] gor_drazhak[gates=;cols=0;leak=;off=;road=0;dip=0;cross=0;named=0;req=0;lake=0;open=0;openk=;line=0;linek=;float=0;fgate=0;hang=0] lethariel[gates=;cols=0;leak=;off=;road=0;dip=0;cross=0;named=0;req=0;lake=110;open=0;openk=;line=0;linek=;float=0;fgate=0;hang=0] kezamba[gates=;cols=0;leak=;off=;road=0;dip=0;cross=1;named=0;req=0;lake=82;open=0;openk=;line=0;linek=;float=0;fgate=0;hang=17] nhal_veyr[gates=;cols=0;leak=;off=;road=0;dip=0;cross=1;named=0;req=0;lake=0;open=0;openk=;line=0;linek=;float=0;fgate=0;hang=17]
13899442774998286106	0	0	0	0	1	1	7	0	0	0	0	0	499	highcourt[gates=;cols=0;leak=;off=;road=0;dip=0;cross=0;named=0;req=0;lake=0;open=0;openk=;line=0;linek=;float=0;fgate=0;hang=0] dur_brannoc[gates=;cols=0;leak=;off=;road=0;dip=0;cross=5;named=0;req=0;lake=0;open=0;openk=;line=0;linek=;float=0;fgate=0;hang=299] gor_drazhak[gates=;cols=0;leak=;off=;road=0;dip=0;cross=0;named=0;req=0;lake=0;open=0;openk=;line=0;linek=;float=0;fgate=0;hang=0] lethariel[gates=;cols=0;leak=;off=;road=1;dip=0;cross=0;named=0;req=0;lake=154;open=0;openk=;line=1;linek=avenue:1;float=0;fgate=0;hang=0] kezamba[gates=;cols=0;leak=;off=;road=0;dip=1;cross=1;named=0;req=0;lake=82;open=0;openk=;line=0;linek=;float=0;fgate=0;hang=41] nhal_veyr[gates=;cols=0;leak=;off=;road=0;dip=0;cross=1;named=0;req=0;lake=0;open=0;openk=;line=0;linek=;float=0;fgate=0;hang=159]
6864459143792150239	0	0	0	0	0	0	1	0	0	0	0	0	0	highcourt[gates=;cols=0;leak=;off=;road=0;dip=0;cross=0;named=0;req=0;lake=0;open=0;openk=;line=0;linek=;float=0;fgate=0;hang=0] dur_brannoc[gates=;cols=0;leak=;off=;road=0;dip=0;cross=1;named=0;req=0;lake=0;open=0;openk=;line=0;linek=;float=0;fgate=0;hang=0] gor_drazhak[gates=;cols=0;leak=;off=;road=0;dip=0;cross=0;named=0;req=0;lake=0;open=0;openk=;line=0;linek=;float=0;fgate=0;hang=0] lethariel[gates=;cols=0;leak=;off=;road=0;dip=0;cross=0;named=0;req=0;lake=146;open=0;openk=;line=0;linek=;float=0;fgate=0;hang=0] kezamba[gates=;cols=0;leak=;off=;road=0;dip=0;cross=0;named=0;req=0;lake=82;open=0;openk=;line=0;linek=;float=0;fgate=0;hang=0] nhal_veyr[gates=;cols=0;leak=;off=;road=0;dip=0;cross=0;named=0;req=0;lake=0;open=0;openk=;line=0;linek=;float=0;fgate=0;hang=0]
2945787421682877018	0	0	0	0	0	0	8	0	0	0	0	0	316	highcourt[gates=;cols=0;leak=;off=;road=0;dip=0;cross=0;named=0;req=0;lake=0;open=0;openk=;line=0;linek=;float=0;fgate=0;hang=0] dur_brannoc[gates=;cols=0;leak=;off=;road=0;dip=0;cross=1;named=0;req=0;lake=0;open=0;openk=;line=0;linek=;float=0;fgate=0;hang=18] gor_drazhak[gates=;cols=0;leak=;off=;road=0;dip=0;cross=0;named=0;req=0;lake=0;open=0;openk=;line=0;linek=;float=0;fgate=0;hang=0] lethariel[gates=;cols=0;leak=;off=;road=0;dip=0;cross=0;named=0;req=0;lake=104;open=0;openk=;line=0;linek=;float=0;fgate=0;hang=0] kezamba[gates=;cols=0;leak=;off=;road=0;dip=0;cross=3;named=0;req=0;lake=82;open=0;openk=;line=0;linek=;float=0;fgate=0;hang=81] nhal_veyr[gates=;cols=0;leak=;off=;road=0;dip=0;cross=4;named=0;req=0;lake=0;open=0;openk=;line=0;linek=;float=0;fgate=0;hang=217]
3187159220648160485	0	0	0	0	0	0	2	0	0	0	0	0	95	highcourt[gates=;cols=0;leak=;off=;road=0;dip=0;cross=0;named=0;req=0;lake=0;open=0;openk=;line=0;linek=;float=0;fgate=0;hang=13] dur_brannoc[gates=;cols=0;leak=;off=;road=0;dip=0;cross=0;named=0;req=0;lake=0;open=0;openk=;line=0;linek=;float=0;fgate=0;hang=0] gor_drazhak[gates=;cols=0;leak=;off=;road=0;dip=0;cross=0;named=0;req=0;lake=0;open=0;openk=;line=0;linek=;float=0;fgate=0;hang=0] lethariel[gates=;cols=0;leak=;off=;road=0;dip=0;cross=2;named=0;req=0;lake=177;open=0;openk=;line=0;linek=;float=0;fgate=0;hang=76] kezamba[gates=;cols=0;leak=;off=;road=0;dip=0;cross=0;named=0;req=0;lake=82;open=0;openk=;line=0;linek=;float=0;fgate=0;hang=0] nhal_veyr[gates=;cols=0;leak=;off=;road=0;dip=0;cross=0;named=0;req=0;lake=0;open=0;openk=;line=0;linek=;float=0;fgate=0;hang=6]
14115757444063357752	0	0	0	0	0	1	4	0	0	0	0	0	158	highcourt[gates=;cols=0;leak=;off=;road=0;dip=0;cross=0;named=0;req=0;lake=0;open=0;openk=;line=0;linek=;float=0;fgate=0;hang=2] dur_brannoc[gates=;cols=0;leak=;off=;road=0;dip=0;cross=0;named=0;req=0;lake=0;open=0;openk=;line=0;linek=;float=0;fgate=0;hang=0] gor_drazhak[gates=;cols=0;leak=;off=;road=0;dip=1;cross=0;named=0;req=0;lake=0;open=0;openk=;line=0;linek=;float=0;fgate=0;hang=0] lethariel[gates=;cols=0;leak=;off=;road=0;dip=0;cross=2;named=0;req=0;lake=170;open=0;openk=;line=0;linek=;float=0;fgate=0;hang=116] kezamba[gates=;cols=0;leak=;off=;road=0;dip=0;cross=1;named=0;req=0;lake=82;open=0;openk=;line=0;linek=;float=0;fgate=0;hang=16] nhal_veyr[gates=;cols=0;leak=;off=;road=0;dip=0;cross=1;named=0;req=0;lake=0;open=0;openk=;line=0;linek=;float=0;fgate=0;hang=24]
2996960090633490375	0	0	0	0	0	0	0	0	0	0	0	0	0	highcourt[gates=;cols=0;leak=;off=;road=0;dip=0;cross=0;named=0;req=0;lake=0;open=0;openk=;line=0;linek=;float=0;fgate=0;hang=0] dur_brannoc[gates=;cols=0;leak=;off=;road=0;dip=0;cross=0;named=0;req=0;lake=0;open=0;openk=;line=0;linek=;float=0;fgate=0;hang=0] gor_drazhak[gates=;cols=0;leak=;off=;road=0;dip=0;cross=0;named=0;req=0;lake=0;open=0;openk=;line=0;linek=;float=0;fgate=0;hang=0] lethariel[gates=;cols=0;leak=;off=;road=0;dip=0;cross=0;named=0;req=0;lake=106;open=0;openk=;line=0;linek=;float=0;fgate=0;hang=0] kezamba[gates=;cols=0;leak=;off=;road=0;dip=0;cross=0;named=0;req=0;lake=82;open=0;openk=;line=0;linek=;float=0;fgate=0;hang=0] nhal_veyr[gates=;cols=0;leak=;off=;road=0;dip=0;cross=0;named=0;req=0;lake=0;open=0;openk=;line=0;linek=;float=0;fgate=0;hang=0]
12011297951403572710	0	0	0	0	0	3	8	0	0	0	0	0	484	highcourt[gates=;cols=0;leak=;off=;road=0;dip=1;cross=1;named=0;req=0;lake=0;open=0;openk=;line=0;linek=;float=0;fgate=0;hang=64] dur_brannoc[gates=;cols=0;leak=;off=;road=0;dip=0;cross=0;named=0;req=0;lake=0;open=0;openk=;line=0;linek=;float=0;fgate=0;hang=0] gor_drazhak[gates=;cols=0;leak=;off=;road=0;dip=1;cross=0;named=0;req=0;lake=0;open=0;openk=;line=0;linek=;float=0;fgate=0;hang=12] lethariel[gates=;cols=0;leak=;off=;road=0;dip=0;cross=3;named=0;req=0;lake=169;open=0;openk=;line=0;linek=;float=0;fgate=0;hang=98] kezamba[gates=;cols=0;leak=;off=;road=0;dip=0;cross=1;named=0;req=0;lake=82;open=0;openk=;line=0;linek=;float=0;fgate=0;hang=5] nhal_veyr[gates=;cols=0;leak=;off=;road=0;dip=1;cross=3;named=0;req=0;lake=0;open=0;openk=;line=0;linek=;float=0;fgate=0;hang=305]
14785653829126429406	0	0	0	0	0	0	2	0	0	0	0	0	45	highcourt[gates=;cols=0;leak=;off=;road=0;dip=0;cross=1;named=0;req=0;lake=0;open=0;openk=;line=0;linek=;float=0;fgate=0;hang=31] dur_brannoc[gates=;cols=0;leak=;off=;road=0;dip=0;cross=0;named=0;req=0;lake=0;open=0;openk=;line=0;linek=;float=0;fgate=0;hang=0] gor_drazhak[gates=;cols=0;leak=;off=;road=0;dip=0;cross=0;named=0;req=0;lake=0;open=0;openk=;line=0;linek=;float=0;fgate=0;hang=0] lethariel[gates=;cols=0;leak=;off=;road=0;dip=0;cross=0;named=0;req=0;lake=114;open=0;openk=;line=0;linek=;float=0;fgate=0;hang=0] kezamba[gates=;cols=0;leak=;off=;road=0;dip=0;cross=1;named=0;req=0;lake=82;open=0;openk=;line=0;linek=;float=0;fgate=0;hang=12] nhal_veyr[gates=;cols=0;leak=;off=;road=0;dip=0;cross=0;named=0;req=0;lake=0;open=0;openk=;line=0;linek=;float=0;fgate=0;hang=2]
11885145842215287385	0	0	0	0	0	0	3	0	0	0	0	0	129	highcourt[gates=;cols=0;leak=;off=;road=0;dip=0;cross=0;named=0;req=0;lake=0;open=0;openk=;line=0;linek=;float=0;fgate=0;hang=0] dur_brannoc[gates=;cols=0;leak=;off=;road=0;dip=0;cross=0;named=0;req=0;lake=0;open=0;openk=;line=0;linek=;float=0;fgate=0;hang=0] gor_drazhak[gates=;cols=0;leak=;off=;road=0;dip=0;cross=0;named=0;req=0;lake=0;open=0;openk=;line=0;linek=;float=0;fgate=0;hang=0] lethariel[gates=;cols=0;leak=;off=;road=0;dip=0;cross=2;named=0;req=0;lake=179;open=0;openk=;line=0;linek=;float=0;fgate=0;hang=124] kezamba[gates=;cols=0;leak=;off=;road=0;dip=0;cross=1;named=0;req=0;lake=82;open=0;openk=;line=0;linek=;float=0;fgate=0;hang=5] nhal_veyr[gates=;cols=0;leak=;off=;road=0;dip=0;cross=0;named=0;req=0;lake=0;open=0;openk=;line=0;linek=;float=0;fgate=0;hang=0]
5633483834388356326	0	0	0	0	3	0	1	0	0	0	0	0	24	highcourt[gates=;cols=0;leak=;off=;road=0;dip=0;cross=0;named=0;req=0;lake=0;open=0;openk=;line=0;linek=;float=0;fgate=0;hang=0] dur_brannoc[gates=;cols=0;leak=;off=;road=0;dip=0;cross=0;named=0;req=0;lake=0;open=0;openk=;line=0;linek=;float=0;fgate=0;hang=0] gor_drazhak[gates=;cols=0;leak=;off=;road=0;dip=0;cross=0;named=0;req=0;lake=0;open=0;openk=;line=0;linek=;float=0;fgate=0;hang=0] lethariel[gates=;cols=0;leak=;off=;road=0;dip=0;cross=1;named=0;req=0;lake=148;open=0;openk=;line=0;linek=;float=0;fgate=0;hang=20] kezamba[gates=;cols=0;leak=;off=;road=3;dip=0;cross=0;named=0;req=0;lake=82;open=0;openk=;line=3;linek=avenue:3;float=0;fgate=0;hang=0] nhal_veyr[gates=;cols=0;leak=;off=;road=0;dip=0;cross=0;named=0;req=0;lake=0;open=0;openk=;line=0;linek=;float=0;fgate=0;hang=4]
11945639089235725434	0	0	0	0	0	0	7	0	0	0	0	0	555	highcourt[gates=;cols=0;leak=;off=;road=0;dip=0;cross=6;named=0;req=0;lake=0;open=0;openk=;line=0;linek=;float=0;fgate=0;hang=545] dur_brannoc[gates=;cols=0;leak=;off=;road=0;dip=0;cross=0;named=0;req=0;lake=0;open=0;openk=;line=0;linek=;float=0;fgate=0;hang=0] gor_drazhak[gates=;cols=0;leak=;off=;road=0;dip=0;cross=1;named=0;req=0;lake=0;open=0;openk=;line=0;linek=;float=0;fgate=0;hang=10] lethariel[gates=;cols=0;leak=;off=;road=0;dip=0;cross=0;named=0;req=0;lake=110;open=0;openk=;line=0;linek=;float=0;fgate=0;hang=0] kezamba[gates=;cols=0;leak=;off=;road=0;dip=0;cross=0;named=0;req=0;lake=82;open=0;openk=;line=0;linek=;float=0;fgate=0;hang=0] nhal_veyr[gates=;cols=0;leak=;off=;road=0;dip=0;cross=0;named=0;req=0;lake=0;open=0;openk=;line=0;linek=;float=0;fgate=0;hang=0]
5647534682494518757	0	0	0	0	12	0	6	0	0	0	0	0	253	highcourt[gates=;cols=0;leak=;off=;road=0;dip=0;cross=0;named=0;req=0;lake=0;open=0;openk=;line=0;linek=;float=0;fgate=0;hang=0] dur_brannoc[gates=;cols=0;leak=;off=;road=0;dip=0;cross=1;named=0;req=0;lake=0;open=0;openk=;line=0;linek=;float=0;fgate=0;hang=54] gor_drazhak[gates=;cols=0;leak=;off=;road=12;dip=0;cross=0;named=0;req=0;lake=0;open=0;openk=;line=12;linek=avenue:12;float=0;fgate=0;hang=0] lethariel[gates=;cols=0;leak=;off=;road=0;dip=0;cross=3;named=0;req=0;lake=178;open=0;openk=;line=0;linek=;float=0;fgate=0;hang=162] kezamba[gates=;cols=0;leak=;off=;road=0;dip=0;cross=1;named=0;req=0;lake=82;open=0;openk=;line=0;linek=;float=0;fgate=0;hang=11] nhal_veyr[gates=;cols=0;leak=;off=;road=0;dip=0;cross=1;named=0;req=0;lake=0;open=0;openk=;line=0;linek=;float=0;fgate=0;hang=26]
17838901073935529621	0	0	0	0	0	0	6	0	0	0	0	0	538	highcourt[gates=;cols=0;leak=;off=;road=0;dip=0;cross=0;named=0;req=0;lake=0;open=0;openk=;line=0;linek=;float=0;fgate=0;hang=0] dur_brannoc[gates=;cols=0;leak=;off=;road=0;dip=0;cross=4;named=0;req=0;lake=0;open=0;openk=;line=0;linek=;float=0;fgate=0;hang=467] gor_drazhak[gates=;cols=0;leak=;off=;road=0;dip=0;cross=0;named=0;req=0;lake=0;open=0;openk=;line=0;linek=;float=0;fgate=0;hang=0] lethariel[gates=;cols=0;leak=;off=;road=0;dip=0;cross=2;named=0;req=0;lake=179;open=0;openk=;line=0;linek=;float=0;fgate=0;hang=70] kezamba[gates=;cols=0;leak=;off=;road=0;dip=0;cross=0;named=0;req=0;lake=82;open=0;openk=;line=0;linek=;float=0;fgate=0;hang=0] nhal_veyr[gates=;cols=0;leak=;off=;road=0;dip=0;cross=0;named=0;req=0;lake=0;open=0;openk=;line=0;linek=;float=0;fgate=0;hang=1]
10169497247219210556	0	0	0	0	0	0	5	0	0	0	0	0	121	highcourt[gates=;cols=0;leak=;off=;road=0;dip=0;cross=0;named=0;req=0;lake=0;open=0;openk=;line=0;linek=;float=0;fgate=0;hang=0] dur_brannoc[gates=;cols=0;leak=;off=;road=0;dip=0;cross=0;named=0;req=0;lake=0;open=0;openk=;line=0;linek=;float=0;fgate=0;hang=0] gor_drazhak[gates=;cols=0;leak=;off=;road=0;dip=0;cross=0;named=0;req=0;lake=0;open=0;openk=;line=0;linek=;float=0;fgate=0;hang=0] lethariel[gates=;cols=0;leak=;off=;road=0;dip=0;cross=2;named=0;req=0;lake=171;open=0;openk=;line=0;linek=;float=0;fgate=0;hang=74] kezamba[gates=;cols=0;leak=;off=;road=0;dip=0;cross=3;named=0;req=0;lake=82;open=0;openk=;line=0;linek=;float=0;fgate=0;hang=47] nhal_veyr[gates=;cols=0;leak=;off=;road=0;dip=0;cross=0;named=0;req=0;lake=0;open=0;openk=;line=0;linek=;float=0;fgate=0;hang=0]
5867803415078542447	0	0	0	0	0	0	2	0	0	0	0	0	31	highcourt[gates=;cols=0;leak=;off=;road=0;dip=0;cross=0;named=0;req=0;lake=0;open=0;openk=;line=0;linek=;float=0;fgate=0;hang=0] dur_brannoc[gates=;cols=0;leak=;off=;road=0;dip=0;cross=1;named=0;req=0;lake=0;open=0;openk=;line=0;linek=;float=0;fgate=0;hang=19] gor_drazhak[gates=;cols=0;leak=;off=;road=0;dip=0;cross=0;named=0;req=0;lake=0;open=0;openk=;line=0;linek=;float=0;fgate=0;hang=0] lethariel[gates=;cols=0;leak=;off=;road=0;dip=0;cross=0;named=0;req=0;lake=112;open=0;openk=;line=0;linek=;float=0;fgate=0;hang=0] kezamba[gates=;cols=0;leak=;off=;road=0;dip=0;cross=1;named=0;req=0;lake=82;open=0;openk=;line=0;linek=;float=0;fgate=0;hang=12] nhal_veyr[gates=;cols=0;leak=;off=;road=0;dip=0;cross=0;named=0;req=0;lake=0;open=0;openk=;line=0;linek=;float=0;fgate=0;hang=0]
13696474914803147509	0	0	0	0	0	0	8	0	0	0	0	0	581	highcourt[gates=;cols=0;leak=;off=;road=0;dip=0;cross=0;named=0;req=0;lake=0;open=0;openk=;line=0;linek=;float=0;fgate=0;hang=1] dur_brannoc[gates=;cols=0;leak=;off=;road=0;dip=0;cross=0;named=0;req=0;lake=0;open=0;openk=;line=0;linek=;float=0;fgate=0;hang=0] gor_drazhak[gates=;cols=0;leak=;off=;road=0;dip=0;cross=0;named=0;req=0;lake=0;open=0;openk=;line=0;linek=;float=0;fgate=0;hang=0] lethariel[gates=;cols=0;leak=;off=;road=0;dip=0;cross=6;named=0;req=0;lake=177;open=0;openk=;line=13;linek=avenue:13;float=0;fgate=0;hang=528] kezamba[gates=;cols=0;leak=;off=;road=0;dip=0;cross=1;named=0;req=0;lake=82;open=0;openk=;line=0;linek=;float=0;fgate=0;hang=29] nhal_veyr[gates=;cols=0;leak=;off=;road=0;dip=0;cross=1;named=0;req=0;lake=0;open=0;openk=;line=0;linek=;float=0;fgate=0;hang=23]
15175052468335635610	0	0	0	0	0	0	5	0	0	0	0	0	327	highcourt[gates=;cols=0;leak=;off=;road=0;dip=0;cross=0;named=0;req=0;lake=0;open=0;openk=;line=0;linek=;float=0;fgate=0;hang=8] dur_brannoc[gates=;cols=0;leak=;off=;road=0;dip=0;cross=0;named=0;req=0;lake=0;open=0;openk=;line=0;linek=;float=0;fgate=0;hang=25] gor_drazhak[gates=;cols=0;leak=;off=;road=0;dip=0;cross=0;named=0;req=0;lake=0;open=0;openk=;line=0;linek=;float=0;fgate=0;hang=0] lethariel[gates=;cols=0;leak=;off=;road=0;dip=0;cross=3;named=0;req=0;lake=172;open=0;openk=;line=0;linek=;float=0;fgate=0;hang=194] kezamba[gates=;cols=0;leak=;off=;road=0;dip=0;cross=0;named=0;req=0;lake=82;open=0;openk=;line=0;linek=;float=0;fgate=0;hang=1] nhal_veyr[gates=;cols=0;leak=;off=;road=0;dip=0;cross=2;named=0;req=0;lake=0;open=0;openk=;line=0;linek=;float=0;fgate=0;hang=99]
15779725245894099517	0	0	0	0	6	1	10	0	0	0	0	0	405	highcourt[gates=;cols=0;leak=;off=;road=0;dip=0;cross=1;named=0;req=0;lake=0;open=0;openk=;line=0;linek=;float=0;fgate=0;hang=12] dur_brannoc[gates=;cols=0;leak=;off=;road=0;dip=1;cross=2;named=0;req=0;lake=0;open=0;openk=;line=0;linek=;float=0;fgate=0;hang=103] gor_drazhak[gates=;cols=0;leak=;off=;road=6;dip=0;cross=0;named=0;req=0;lake=0;open=0;openk=;line=6;linek=avenue:6;float=0;fgate=0;hang=0] lethariel[gates=;cols=0;leak=;off=;road=0;dip=0;cross=2;named=0;req=0;lake=177;open=0;openk=;line=0;linek=;float=0;fgate=0;hang=94] kezamba[gates=;cols=0;leak=;off=;road=0;dip=0;cross=3;named=0;req=0;lake=82;open=0;openk=;line=0;linek=;float=0;fgate=0;hang=80] nhal_veyr[gates=;cols=0;leak=;off=;road=0;dip=0;cross=2;named=0;req=0;lake=0;open=0;openk=;line=0;linek=;float=0;fgate=0;hang=116]
