

-------------
  Separator
-------------

INFO[Main]: Gettext: domainname="luanti" path="/app/share/locale"
INFO[Main]: Message locale is now set to: C
INFO[Main]: Using commanded gameid [grudgelands]
INFO[Main]: Server created for gameid "grudgelands"
INFO[Main]: - world:  /tmp/grudgelands-wp40-profile-run.7ivoyvHf/world
INFO[Main]: - game:   /tmp/grudgelands-wp40-profile-run.7ivoyvHf/user/games/grudgelands
INFO[Main]: Initializing world at /tmp/grudgelands-wp40-profile-run.7ivoyvHf/world
INFO[Main]: ObjDefManager: added biome: name="default" index=0 uid=78
INFO[Main]: BanManager: loading from /tmp/grudgelands-wp40-profile-run.7ivoyvHf/world/ipban.txt
INFO[Main]: BanManager: creating /tmp/grudgelands-wp40-profile-run.7ivoyvHf/world/ipban.txt
WARNING[Main]: /!\ You are using the old mod storage files backend. This backend is deprecated and may be removed in a future release /!\
WARNING[Main]: Switching to SQLite3 is advised, please read https://docs.luanti.org/for-server-hosts/database-backends.
INFO[Main]: Creating map database with backend "sqlite3"
INFO[Main]: MapDatabaseSQLite3: split column format = yes
INFO[Main]: ServerMap: Metadata loaded from /tmp/grudgelands-wp40-profile-run.7ivoyvHf/world
INFO[Main]: Server: Initializing Lua
INFO[Main]: SCRIPTAPI: Initialized game modules
INFO[Main]: Server: Loading mods: sfinv creative player_api default walls vessels stairs mobs grug_trees grug_materials grug_nodes grug_gear grug_decor doors xpanes grug_core grug_xp grug_money grug_gathering dye wool beds grug_mapgen grug_wp40_profile_probe grug_fact
INFO[Main]: ions grug_projectiles grug_classes grug_visuals grug_mobs grug_abilities grug_inventory grug_traders 
INFO[Main]: Mod "sfinv" loaded after 1 ms
INFO[Main]: Server creating detached inventory "trash"
INFO[Main]: Mod "creative" loaded after 0 ms
INFO[Main]: Mod "player_api" loaded after 0 ms
INFO[Main]: Mod "default" loaded after 5 ms
INFO[Main]: Mod "walls" loaded after 0 ms
INFO[Main]: Mod "vessels" loaded after 0 ms
INFO[Main]: Mod "stairs" loaded after 5 ms
INFO[Main]: Mod "mobs" loaded after 2 ms
INFO[Main]: ObjDefManager: added schematic: name="" index=0 uid=123
INFO[Main]: ObjDefManager: added schematic: name="" index=1 uid=43
INFO[Main]: ObjDefManager: added schematic: name="" index=2 uid=3
INFO[Main]: Mod "grug_trees" loaded after 0 ms
WARNING[Main]: No craft recipe matches input (type: fuel, items: ['default:pick_mese'])
WARNING[Main]: No craft recipe matches input (type: fuel, items: ['default:shovel_mese'])
WARNING[Main]: No craft recipe matches input (type: fuel, items: ['default:axe_mese'])
WARNING[Main]: No craft recipe matches input (type: fuel, items: ['default:sword_mese'])
WARNING[Main]: No craft recipe matches input (type: fuel, items: ['default:pick_diamond'])
WARNING[Main]: No craft recipe matches input (type: fuel, items: ['default:shovel_diamond'])
WARNING[Main]: No craft recipe matches input (type: fuel, items: ['default:axe_diamond'])
WARNING[Main]: No craft recipe matches input (type: fuel, items: ['default:sword_diamond'])
WARNING[Main]: No craft recipe matches input (type: fuel, items: ['default:copper_ingot'])
WARNING[Main]: No craft recipe matches input (type: fuel, items: ['default:copperblock'])
WARNING[Main]: No craft recipe matches input (type: fuel, items: ['default:tin_ingot'])
WARNING[Main]: No craft recipe matches input (type: fuel, items: ['default:tinblock'])
WARNING[Main]: No craft recipe matches input (type: fuel, items: ['default:bronze_ingot'])
WARNING[Main]: No craft recipe matches input (type: fuel, items: ['default:bronzeblock'])
WARNING[Main]: No craft recipe matches input (type: fuel, items: ['default:steel_ingot'])
WARNING[Main]: No craft recipe matches input (type: fuel, items: ['default:steelblock'])
WARNING[Main]: No craft recipe matches input (type: fuel, items: ['default:gold_ingot'])
WARNING[Main]: No craft recipe matches input (type: fuel, items: ['default:goldblock'])
WARNING[Main]: No craft recipe known for output 'default:stone_with_mese'
WARNING[Main]: No craft recipe matches input (type: fuel, items: ['default:stone_with_mese'])
WARNING[Main]: No craft recipe matches input (type: fuel, items: ['default:mese'])
WARNING[Main]: No craft recipe matches input (type: fuel, items: ['default:mese_crystal'])
WARNING[Main]: No craft recipe matches input (type: fuel, items: ['default:mese_crystal_fragment'])
WARNING[Main]: No craft recipe matches input (type: fuel, items: ['default:meselamp'])
WARNING[Main]: No craft recipe matches input (type: fuel, items: ['default:mese_post_light'])
WARNING[Main]: No craft recipe matches input (type: fuel, items: ['default:mese_post_light_acacia_wood'])
WARNING[Main]: No craft recipe matches input (type: fuel, items: ['default:mese_post_light_junglewood'])
WARNING[Main]: No craft recipe matches input (type: fuel, items: ['default:mese_post_light_pine_wood'])
WARNING[Main]: No craft recipe matches input (type: fuel, items: ['default:mese_post_light_aspen_wood'])
WARNING[Main]: No craft recipe known for output 'default:stone_with_diamond'
WARNING[Main]: No craft recipe matches input (type: fuel, items: ['default:stone_with_diamond'])
WARNING[Main]: No craft recipe matches input (type: fuel, items: ['default:diamond'])
WARNING[Main]: No craft recipe matches input (type: fuel, items: ['default:diamondblock'])
WARNING[Main]: No craft recipe matches input (type: fuel, items: ['default:sign_wall_steel'])
WARNING[Main]: No craft recipe matches input (type: fuel, items: ['default:ladder_steel'])
WARNING[Main]: No craft recipe matches input (type: fuel, items: ['stairs:stair_steelblock'])
WARNING[Main]: No craft recipe matches input (type: fuel, items: ['stairs:stair_inner_steelblock'])
WARNING[Main]: No craft recipe matches input (type: fuel, items: ['stairs:stair_outer_steelblock'])
WARNING[Main]: No craft recipe matches input (type: fuel, items: ['stairs:slab_steelblock'])
WARNING[Main]: No craft recipe matches input (type: fuel, items: ['stairs:stair_tinblock'])
WARNING[Main]: No craft recipe matches input (type: fuel, items: ['stairs:stair_inner_tinblock'])
WARNING[Main]: No craft recipe matches input (type: fuel, items: ['stairs:stair_outer_tinblock'])
WARNING[Main]: No craft recipe matches input (type: fuel, items: ['stairs:slab_tinblock'])
WARNING[Main]: No craft recipe matches input (type: fuel, items: ['stairs:stair_copperblock'])
WARNING[Main]: No craft recipe matches input (type: fuel, items: ['stairs:stair_inner_copperblock'])
WARNING[Main]: No craft recipe matches input (type: fuel, items: ['stairs:stair_outer_copperblock'])
WARNING[Main]: No craft recipe matches input (type: fuel, items: ['stairs:slab_copperblock'])
WARNING[Main]: No craft recipe matches input (type: fuel, items: ['stairs:stair_bronzeblock'])
WARNING[Main]: No craft recipe matches input (type: fuel, items: ['stairs:stair_inner_bronzeblock'])
WARNING[Main]: No craft recipe matches input (type: fuel, items: ['stairs:stair_outer_bronzeblock'])
WARNING[Main]: No craft recipe matches input (type: fuel, items: ['stairs:slab_bronzeblock'])
WARNING[Main]: No craft recipe matches input (type: fuel, items: ['stairs:stair_goldblock'])
WARNING[Main]: No craft recipe matches input (type: fuel, items: ['stairs:stair_inner_goldblock'])
WARNING[Main]: No craft recipe matches input (type: fuel, items: ['stairs:stair_outer_goldblock'])
WARNING[Main]: No craft recipe matches input (type: fuel, items: ['stairs:slab_goldblock'])
INFO[Main]: Mod "grug_materials" loaded after 4 ms
INFO[Main]: Mod "grug_nodes" loaded after 0 ms
ACTION[Main]: [grug_gear] 6 bracket catalogs: 24 weapons + 48 armor pieces
INFO[Main]: Mod "grug_gear" loaded after 1 ms
INFO[Main]: Mod "grug_decor" loaded after 3 ms
INFO[Main]: Mod "doors" loaded after 1 ms
INFO[Main]: Mod "xpanes" loaded after 0 ms
INFO[Main]: Mod "grug_core" loaded after 2 ms
INFO[Main]: Mod "grug_xp" loaded after 0 ms
INFO[Main]: Mod "grug_money" loaded after 0 ms
INFO[Main]: Mod "grug_gathering" loaded after 2 ms
INFO[Main]: Mod "dye" loaded after 0 ms
INFO[Main]: Mod "wool" loaded after 0 ms
INFO[Main]: Mod "beds" loaded after 0 ms
INFO[Main]: ObjDefManager: added ore: name="grug_mapgen:native_gravel_blob_v1" index=0 uid=24
INFO[Main]: ObjDefManager: added ore: name="grug_mapgen:native_stratum_iron_v1" index=1 uid=108
INFO[Main]: ObjDefManager: added ore: name="grug_mapgen:native_stratum_steel_v1" index=2 uid=85
INFO[Main]: ObjDefManager: added ore: name="grug_mapgen:native_stratum_silversteel_v1" index=3 uid=29
INFO[Main]: ObjDefManager: added ore: name="grug_mapgen:native_stratum_embersteel_v1" index=4 uid=81
INFO[Main]: ObjDefManager: added ore: name="grug_mapgen:native_stratum_abyssal_steel_v1" index=5 uid=48
INFO[Main]: Mod "grug_mapgen" loaded after 8885 ms
INFO[Main]: Mod "grug_wp40_profile_probe" loaded after 506 ms
INFO[Main]: Mod "grug_factions" loaded after 0 ms
INFO[Main]: Mod "grug_projectiles" loaded after 0 ms
INFO[Main]: Mod "grug_classes" loaded after 1 ms
INFO[Main]: Mod "grug_visuals" loaded after 0 ms
INFO[Main]: Mod "grug_mobs" loaded after 3 ms
INFO[Main]: Mod "grug_abilities" loaded after 1 ms
INFO[Main]: Mod "grug_inventory" loaded after 0 ms
INFO[Main]: Mod "grug_traders" loaded after 1 ms
ACTION[Main]: [grug_materials] registry audit passed: 6 tiers, 15 resources, 12 processed forms, 6 race regions
ACTION[Main]: GRUG_WP40_PROFILE_PROBE phase=cold event=start engine=5.17.0 lua=LuaJIT_2.1.1784272936 seed=531802985935182545 cases=44 manifest=f19c5cdccd27c75e882d050360f01651139b1ffe8ac0b203eb27a14b53bb1624 full_digest=false
ACTION[Main]: [grug_visuals] 48 armor pieces indexed for overlays, 2 art lines x 4 slots
ACTION[Main]: [grug_traders] human capital vendors come from the sockets of highcourt
ACTION[Main]: [grug_traders] drop audit: 1 mob(s) use a `drops` FUNCTION and cannot be walked statically (grug_mobs:bandit); their items are audited from the hardcoded FUNCTION_DROPS list
INFO[Main]: All mods loaded after 9425 ms
INFO[Main]: Server: Calculating media file checksums
INFO[Main]: Server: ignoring unsupported file extension: "template.txt"
INFO[Main]: Server: ignoring unsupported file extension: "template.txt"
INFO[Main]: Server: ignoring unsupported file extension: "template.txt"
INFO[Main]: Server: ignoring unsupported file extension: "template.txt"
INFO[Main]: Server: ignoring unsupported file extension: "template.txt"
INFO[Main]: Server: ignoring unsupported file extension: "template.txt"
INFO[Main]: Server: ignoring unsupported file extension: "template.txt"
INFO[Main]: Server: ignoring unsupported file extension: "template.txt"
INFO[Main]: Server: ignoring unsupported file extension: "template.txt"
INFO[Main]: Server: ignoring unsupported file extension: "template.txt"
INFO[Main]: Server: ignoring unsupported file extension: "template.txt"
INFO[Main]: Server: ignoring unsupported file extension: "character.blend"
INFO[Main]: Server: ignoring unsupported file extension: "template.txt"
INFO[Main]: Server: ignoring unsupported file extension: "template.txt"
INFO[Main]: Server: 1035 media files collected
INFO[Main]: EmergeManager: initializing for mapgen=v7 and chunksize=(5,5,5)
INFO[Main]: EmergeManager: using 1 thread(s)
INFO[Main]: SCRIPTAPI: Initializing async engine
INFO[Main]: AsyncEngine: using at most 14 threads with automatic scaling
INFO[Main]: Initializing asynchronous environment (game)
INFO[Main]: ServerEnvironment: 52 ABMs are registered
INFO[Main]: ServerEnvironment: Using default environment metadata
INFO[Main]: LBMManager: 1 unique times in lookup table
INFO[Main]: Starting server thread...
ACTION[Main]: World at [/tmp/grudgelands-wp40-profile-run.7ivoyvHf/world]
ACTION[Main]: Server for gameid="grudgelands" listening on 127.0.0.1:32910.
ACTION[Server]: [grug_core] start preload: emerging 6 start areas (128 x 128 nodes each, 2 at a time)
INFO[Emerge-0]: Initialized emerge Lua environment
INFO[Main]: Profiler:
INFO[Main]:   ActiveObjectMgr: SAO count [#] 
INFO[Main]:   Server: send SAO messages [ms] 
INFO[Main]:   Server: update objects within range [ms] 
INFO[Main]:   Server::AsyncRunStep() [ms] _____________________   20x     0.05
INFO[Main]:   Server::RunStep() (max) [ms] ____________________    1x       51
INFO[Main]:   Server::SendBlocks(): Collect list [ms] 
INFO[Main]:   Server::SendBlocks(): Send to clients [ms] 
INFO[Main]:   ServerEnv: Run SAO::step() [ms] 
INFO[Main]:   ServerEnv: Run node timers [ms] 
INFO[Main]:   ServerEnv::step() [ms] 
INFO[Main]:   ServerEnvironment::removeRemovedObjects() [ms] 
INFO[Main]: Profiler:
INFO[Main]:   ActiveObjectMgr: SAO count [#] 
INFO[Main]:   SEnv: modify in blocks avg per interval [ms] 
INFO[Main]:   Server: map saving (sum) [ms] 
INFO[Main]:   Server: send SAO messages [ms] 
INFO[Main]:   Server: update objects within range [ms] 
INFO[Main]:   Server::AsyncRunStep() [ms] 
INFO[Main]:   Server::RunStep() (max) [ms] ____________________    1x       51
INFO[Main]:   Server::SendBlocks(): Collect list [ms] 
INFO[Main]:   Server::SendBlocks(): Send to clients [ms] 
INFO[Main]:   ServerEnv: ABMs run 
INFO[Main]:   ServerEnv: Run SAO::step() [ms] 
INFO[Main]:   ServerEnv: Run node timers [ms] 
INFO[Main]:   ServerEnv: active blocks 
INFO[Main]:   ServerEnv: active blocks cached 
INFO[Main]:   ServerEnv: active blocks scanned for ABMs 
INFO[Main]:   ServerEnv::step() [ms] 
INFO[Main]:   ServerEnvironment::removeRemovedObjects() [ms] 
INFO[Main]: Profiler:
INFO[Main]:   ActiveObjectMgr: SAO count [#] 
INFO[Main]:   SEnv: modify in blocks avg per interval [ms] 
INFO[Main]:   Server: map saving (sum) [ms] 
INFO[Main]:   Server: map timer and unload [ms] 
INFO[Main]:   Server: send SAO messages [ms] 
INFO[Main]:   Server: update objects within range [ms] 
INFO[Main]:   Server::AsyncRunStep() [ms] 
INFO[Main]:   Server::RunStep() (max) [ms] ____________________    1x       51
INFO[Main]:   Server::SendBlocks(): Collect list [ms] 
INFO[Main]:   Server::SendBlocks(): Send to clients [ms] 
INFO[Main]:   ServerEnv: ABMs run 
INFO[Main]:   ServerEnv: Run SAO::step() [ms] 
INFO[Main]:   ServerEnv: Run node timers [ms] 
INFO[Main]:   ServerEnv: active blocks 
INFO[Main]:   ServerEnv: active blocks cached 
INFO[Main]:   ServerEnv: active blocks scanned for ABMs 
INFO[Main]:   ServerEnv: update active blocks [ms] 
INFO[Main]:   ServerEnv::step() [ms] 
INFO[Main]:   ServerEnvironment::removeRemovedObjects() [ms] 
INFO[Main]: Profiler:
INFO[Main]:   ActiveObjectMgr: SAO count [#] 
INFO[Main]:   SEnv: modify in blocks avg per interval [ms] 
INFO[Main]:   Server: map saving (sum) [ms] 
INFO[Main]:   Server: map timer and unload [ms] 
INFO[Main]:   Server: send SAO messages [ms] 
INFO[Main]:   Server: update objects within range [ms] 
INFO[Main]:   Server::AsyncRunStep() [ms] 
INFO[Main]:   Server::RunStep() (max) [ms] ____________________    1x       51
INFO[Main]:   Server::SendBlocks(): Collect list [ms] 
INFO[Main]:   Server::SendBlocks(): Send to clients [ms] 
INFO[Main]:   ServerEnv: ABMs run 
INFO[Main]:   ServerEnv: Run SAO::step() [ms] 
INFO[Main]:   ServerEnv: Run node timers [ms] 
INFO[Main]:   ServerEnv: active blocks 
INFO[Main]:   ServerEnv: active blocks cached 
INFO[Main]:   ServerEnv: active blocks scanned for ABMs 
INFO[Main]:   ServerEnv: update active blocks [ms] 
INFO[Main]:   ServerEnv::step() [ms] 
INFO[Main]:   ServerEnvironment::removeRemovedObjects() [ms] 
INFO[Main]: Profiler:
INFO[Main]:   ActiveObjectMgr: SAO count [#] 
INFO[Main]:   SEnv: modify in blocks avg per interval [ms] 
INFO[Main]:   Server: map saving (sum) [ms] 
INFO[Main]:   Server: map timer and unload [ms] 
INFO[Main]:   Server: send SAO messages [ms] 
INFO[Main]:   Server: update objects within range [ms] 
INFO[Main]:   Server::AsyncRunStep() [ms] 
INFO[Main]:   Server::RunStep() (max) [ms] ____________________    1x       51
INFO[Main]:   Server::SendBlocks(): Collect list [ms] _________    1x        1
INFO[Main]:   Server::SendBlocks(): Send to clients [ms] 
INFO[Main]:   ServerEnv: ABMs run 
INFO[Main]:   ServerEnv: Run SAO::step() [ms] 
INFO[Main]:   ServerEnv: Run node timers [ms] 
INFO[Main]:   ServerEnv: active blocks 
INFO[Main]:   ServerEnv: active blocks cached 
INFO[Main]:   ServerEnv: active blocks scanned for ABMs 
INFO[Main]:   ServerEnv: update active blocks [ms] 
INFO[Main]:   ServerEnv::step() [ms] 
INFO[Main]:   ServerEnvironment::removeRemovedObjects() [ms] 
INFO[Main]: Profiler:
INFO[Main]:   ActiveObjectMgr: SAO count [#] 
INFO[Main]:   SEnv: modify in blocks avg per interval [ms] 
INFO[Main]:   Server: map saving (sum) [ms] ___________________    1x        1
INFO[Main]:   Server: map timer and unload [ms] 
INFO[Main]:   Server: send SAO messages [ms] 
INFO[Main]:   Server: update objects within range [ms] 
INFO[Main]:   Server::AsyncRunStep() [ms] _____________________   20x     0.05
INFO[Main]:   Server::RunStep() (max) [ms] ____________________    1x       51
INFO[Main]:   Server::SendBlocks(): Collect list [ms] 
INFO[Main]:   Server::SendBlocks(): Send to clients [ms] 
INFO[Main]:   ServerEnv: ABMs run 
INFO[Main]:   ServerEnv: Run SAO::step() [ms] 
INFO[Main]:   ServerEnv: Run node timers [ms] 
INFO[Main]:   ServerEnv: active blocks 
INFO[Main]:   ServerEnv: active blocks cached 
INFO[Main]:   ServerEnv: active blocks scanned for ABMs 
INFO[Main]:   ServerEnv: update active blocks [ms] 
INFO[Main]:   ServerEnv::step() [ms] 
INFO[Main]:   ServerEnvironment::removeRemovedObjects() [ms] 
INFO[Main]: Profiler:
INFO[Main]:   ActiveObjectMgr: SAO count [#] 
INFO[Main]:   SEnv: modify in blocks avg per interval [ms] 
INFO[Main]:   Server: map saving (sum) [ms] 
INFO[Main]:   Server: map timer and unload [ms] 
INFO[Main]:   Server: send SAO messages [ms] 
INFO[Main]:   Server: update objects within range [ms] 
INFO[Main]:   Server::AsyncRunStep() [ms] 
INFO[Main]:   Server::RunStep() (max) [ms] ____________________    1x       51
INFO[Main]:   Server::SendBlocks(): Collect list [ms] _________    1x        1
INFO[Main]:   Server::SendBlocks(): Send to clients [ms] 
INFO[Main]:   ServerEnv: ABMs run 
INFO[Main]:   ServerEnv: Run SAO::step() [ms] 
INFO[Main]:   ServerEnv: Run node timers [ms] 
INFO[Main]:   ServerEnv: active blocks 
INFO[Main]:   ServerEnv: active blocks cached 
INFO[Main]:   ServerEnv: active blocks scanned for ABMs 
INFO[Main]:   ServerEnv: update active blocks [ms] 
INFO[Main]:   ServerEnv::step() [ms] 
INFO[Main]:   ServerEnvironment::removeRemovedObjects() [ms] 
INFO[Main]: Profiler:
INFO[Main]:   ActiveObjectMgr: SAO count [#] 
INFO[Main]:   SEnv: modify in blocks avg per interval [ms] 
INFO[Main]:   Server: map saving (sum) [ms] 
INFO[Main]:   Server: map timer and unload [ms] 
INFO[Main]:   Server: send SAO messages [ms] 
INFO[Main]:   Server: update objects within range [ms] 
INFO[Main]:   Server::AsyncRunStep() [ms] 
INFO[Main]:   Server::RunStep() (max) [ms] ____________________    1x       51
INFO[Main]:   Server::SendBlocks(): Collect list [ms] 
INFO[Main]:   Server::SendBlocks(): Send to clients [ms] 
INFO[Main]:   ServerEnv: ABMs run 
INFO[Main]:   ServerEnv: Run SAO::step() [ms] 
INFO[Main]:   ServerEnv: Run node timers [ms] 
INFO[Main]:   ServerEnv: active blocks 
INFO[Main]:   ServerEnv: active blocks cached 
INFO[Main]:   ServerEnv: active blocks scanned for ABMs 
INFO[Main]:   ServerEnv: update active blocks [ms] 
INFO[Main]:   ServerEnv::step() [ms] 
INFO[Main]:   ServerEnvironment::removeRemovedObjects() [ms] 
INFO[Main]: Profiler:
INFO[Main]:   ActiveObjectMgr: SAO count [#] 
INFO[Main]:   SEnv: modify in blocks avg per interval [ms] 
INFO[Main]:   Server: map saving (sum) [ms] 
INFO[Main]:   Server: map timer and unload [ms] 
INFO[Main]:   Server: send SAO messages [ms] 
INFO[Main]:   Server: update objects within range [ms] 
INFO[Main]:   Server::AsyncRunStep() [ms] _____________________   20x     0.05
INFO[Main]:   Server::RunStep() (max) [ms] ____________________    1x       51
INFO[Main]:   Server::SendBlocks(): Collect list [ms] 
INFO[Main]:   Server::SendBlocks(): Send to clients [ms] 
INFO[Main]:   ServerEnv: ABMs run 
INFO[Main]:   ServerEnv: Run SAO::step() [ms] 
INFO[Main]:   ServerEnv: Run node timers [ms] 
INFO[Main]:   ServerEnv: active blocks 
INFO[Main]:   ServerEnv: active blocks cached 
INFO[Main]:   ServerEnv: active blocks scanned for ABMs 
INFO[Main]:   ServerEnv: update active blocks [ms] 
INFO[Main]:   ServerEnv::step() [ms] __________________________   20x     0.05
INFO[Main]:   ServerEnvironment::removeRemovedObjects() [ms] 
INFO[Emerge-0]: initialEmerge: area: (-1888,-48,-2688)(-1777,63,-2577)=112x112x112=1404928 (5MB)
INFO[Main]: Profiler:
INFO[Main]:   ActiveObjectMgr: SAO count [#] 
INFO[Main]:   Emerge-0: processed [#] _________________________    1x        1
INFO[Main]:   EmergeThread: Mapgen::makeChunk [ms] ____________    1x       29
INFO[Main]:   EmergeThread: load block - async (sum) [ms] 
INFO[Main]:   EmergeThread: update lighting [ms] ______________    1x        3
INFO[Main]:   SEnv: modify in blocks avg per interval [ms] 
INFO[Main]:   Server: map saving (sum) [ms] 
INFO[Main]:   Server: map timer and unload [ms] 
INFO[Main]:   Server: send SAO messages [ms] 
INFO[Main]:   Server: update objects within range [ms] 
INFO[Main]:   Server::AsyncRunStep() [ms] 
INFO[Main]:   Server::RunStep() (max) [ms] ____________________    1x       51
INFO[Main]:   Server::SendBlocks(): Collect list [ms] 
INFO[Main]:   Server::SendBlocks(): Send to clients [ms] 
INFO[Main]:   ServerEnv: ABMs run 
INFO[Main]:   ServerEnv: Run SAO::step() [ms] 
INFO[Main]:   ServerEnv: Run node timers [ms] 
INFO[Main]:   ServerEnv: active blocks 
INFO[Main]:   ServerEnv: active blocks cached 
INFO[Main]:   ServerEnv: active blocks scanned for ABMs 
INFO[Main]:   ServerEnv: update active blocks [ms] 
INFO[Main]:   ServerEnv::step() [ms] 
INFO[Main]:   ServerEnvironment::removeRemovedObjects() [ms] 
INFO[Main]:   ServerMap: load block - sync (sum) [ms] 
INFO[Server]: ServerMap: Written: 343 blocks, 343 blocks in memory.
INFO[Server]: ServerMap: Blocks modified by: 
INFO[Server]:   setIsUnderground ________________________________    1x      343
ACTION[Emerge-0]: GRUG_WP40_PROFILE_CALLBACK callback=1 minp=-1872,-32,-2672 maxp=-1793,47,-2593 blockseed=2347589339 plan_us=471900 writer_us=229562 total_us=701462 columns=6400 candidate_cells=49 candidates=631 r5_runs=25600 result=applied_cplq vm_get_emerged_area_calls=1 vm_get_emerged_area_us=1 vm_get_data_calls=1 vm_get_data_us=4075 vm_get_param2_data_calls=1 vm_get_param2_data_us=4065 vm_get_light_data_calls=2 vm_get_light_data_us=8682 vm_set_data_calls=1 vm_set_data_us=7272 vm_set_param2_data_calls=1 vm_set_param2_data_us=7089 vm_set_lighting_calls=1 vm_set_lighting_us=144 vm_calc_lighting_calls=1 vm_calc_lighting_us=3207 vm_set_light_data_calls=1 vm_set_light_data_us=7086 vm_update_liquids_calls=1 vm_update_liquids_us=943
INFO[Emerge-0]: initialEmerge: area: (-1808,-48,-2688)(-1697,63,-2577)=112x112x112=1404928 (5MB)
ACTION[Emerge-0]: GRUG_WP40_PROFILE_CALLBACK callback=2 minp=-1792,-32,-2672 maxp=-1713,47,-2593 blockseed=3424714971 plan_us=404461 writer_us=264469 total_us=668930 columns=6400 candidate_cells=49 candidates=678 r5_runs=25600 result=applied_cplq vm_get_emerged_area_calls=1 vm_get_emerged_area_us=1 vm_get_data_calls=1 vm_get_data_us=4333 vm_get_param2_data_calls=1 vm_get_param2_data_us=4331 vm_get_light_data_calls=2 vm_get_light_data_us=8527 vm_set_data_calls=1 vm_set_data_us=7312 vm_set_param2_data_calls=1 vm_set_param2_data_us=7140 vm_set_lighting_calls=1 vm_set_lighting_us=143 vm_calc_lighting_calls=1 vm_calc_lighting_us=3688 vm_set_light_data_calls=1 vm_set_light_data_us=7086 vm_update_liquids_calls=1 vm_update_liquids_us=938
INFO[Emerge-0]: initialEmerge: area: (-1888,32,-2688)(-1777,143,-2577)=112x112x112=1404928 (5MB)
INFO[Main]: Profiler:
INFO[Main]:   ActiveObjectMgr: SAO count [#] 
INFO[Main]:   Emerge-0: processed [#] _________________________    1x       27
INFO[Main]:   EmergeThread: Lua on_generated [ms] _____________    2x      685
INFO[Main]:   EmergeThread: Mapgen::makeChunk [ms] ____________    2x     31.5
INFO[Main]:   EmergeThread: after Mapgen::makeChunk [ms] ______    2x        1
INFO[Main]:   EmergeThread: load block - async (sum) [ms] 
INFO[Main]:   EmergeThread: update lighting [ms] ______________    6x      3.5
INFO[Main]:   SEnv: modify in blocks avg per interval [ms] 
INFO[Main]:   Server: map saving (sum) [ms] ___________________    1x        4
INFO[Main]:   Server: map timer and unload [ms] 
INFO[Main]:   Server: send SAO messages [ms] 
INFO[Main]:   Server: update objects within range [ms] 
INFO[Main]:   Server::AsyncRunStep() [ms] _____________________   20x     0.25
INFO[Main]:   Server::RunStep() (max) [ms] ____________________    1x       51
INFO[Main]:   Server::SendBlocks(): Collect list [ms] 
INFO[Main]:   Server::SendBlocks(): Send to clients [ms] 
INFO[Main]:   ServerEnv: ABMs run 
INFO[Main]:   ServerEnv: Run SAO::step() [ms] 
INFO[Main]:   ServerEnv: Run node timers [ms] 
INFO[Main]:   ServerEnv: active blocks 
INFO[Main]:   ServerEnv: active blocks cached 
INFO[Main]:   ServerEnv: active blocks scanned for ABMs 
INFO[Main]:   ServerEnv: update active blocks [ms] 
INFO[Main]:   ServerEnv::step() [ms] __________________________   20x     0.05
INFO[Main]:   ServerEnvironment::removeRemovedObjects() [ms] 
INFO[Main]:   ServerMap: load block - sync (sum) [ms] 
INFO[Server]: ServerMap: Written: 833 blocks, 833 blocks in memory.
INFO[Server]: ServerMap: Blocks modified by: 
INFO[Server]:   finishBlockMake: expireIsAir, MMVManip::blitBackAll     1x      193
INFO[Server]:   setGenerated, finishBlockMake: expireIsAir, MMVManip::blitBackAll     1x      150
INFO[Server]:   setIsUnderground ________________________________    1x      245
INFO[Server]:   setIsUnderground, finishBlockMake: expireIsAir, MMVManip::blitBackAll     1x      145
INFO[Server]:   setIsUnderground, setGenerated, finishBlockMake: expireIsAir, MMVManip::blitBackAll     1x      100
ACTION[Emerge-0]: GRUG_WP40_PROFILE_CALLBACK callback=3 minp=-1872,48,-2672 maxp=-1793,127,-2593 blockseed=1436017481 plan_us=110891 writer_us=103031 total_us=213922 columns=6400 candidate_cells=49 candidates=631 r5_runs=6400 result=applied_clq vm_get_emerged_area_calls=1 vm_get_emerged_area_us=2 vm_get_data_calls=1 vm_get_data_us=4348 vm_get_param2_data_calls=1 vm_get_param2_data_us=4335 vm_get_light_data_calls=2 vm_get_light_data_us=8208 vm_set_data_calls=1 vm_set_data_us=7277 vm_set_param2_data_calls=0 vm_set_param2_data_us=0 vm_set_lighting_calls=35 vm_set_lighting_us=34 vm_calc_lighting_calls=1 vm_calc_lighting_us=9686 vm_set_light_data_calls=1 vm_set_light_data_us=7151 vm_update_liquids_calls=1 vm_update_liquids_us=897
INFO[Emerge-0]: initialEmerge: area: (-1808,32,-2688)(-1697,143,-2577)=112x112x112=1404928 (5MB)
ACTION[Emerge-0]: GRUG_WP40_PROFILE_CALLBACK callback=4 minp=-1792,48,-2672 maxp=-1713,127,-2593 blockseed=1894791017 plan_us=133938 writer_us=95958 total_us=229896 columns=6400 candidate_cells=49 candidates=678 r5_runs=6400 result=applied_clq vm_get_emerged_area_calls=1 vm_get_emerged_area_us=2 vm_get_data_calls=1 vm_get_data_us=4386 vm_get_param2_data_calls=1 vm_get_param2_data_us=4106 vm_get_light_data_calls=2 vm_get_light_data_us=8665 vm_set_data_calls=1 vm_set_data_us=7272 vm_set_param2_data_calls=0 vm_set_param2_data_us=0 vm_set_lighting_calls=36 vm_set_lighting_us=23 vm_calc_lighting_calls=1 vm_calc_lighting_us=10748 vm_set_light_data_calls=1 vm_set_light_data_us=7174 vm_update_liquids_calls=1 vm_update_liquids_us=908
INFO[Emerge-0]: initialEmerge: area: (-1888,-48,-2608)(-1777,63,-2497)=112x112x112=1404928 (5MB)
INFO[Main]: Profiler:
INFO[Main]:   ActiveObjectMgr: SAO count [#] 
INFO[Main]:   Emerge-0: processed [#] _________________________    1x       99
INFO[Main]:   EmergeThread: Lua on_generated [ms] _____________    2x      222
INFO[Main]:   EmergeThread: Mapgen::makeChunk [ms] ____________    2x     33.5
INFO[Main]:   EmergeThread: after Mapgen::makeChunk [ms] ______    2x      0.5
INFO[Main]:   EmergeThread: load block - async (sum) [ms] 
INFO[Main]:   EmergeThread: update lighting [ms] ______________   92x    0.456
INFO[Main]:   SEnv: modify in blocks avg per interval [ms] 
INFO[Main]:   Server: map saving (sum) [ms] ___________________    1x       10
INFO[Main]:   Server: map timer and unload [ms] 
INFO[Main]:   Server: send SAO messages [ms] 
INFO[Main]:   Server: update objects within range [ms] 
INFO[Main]:   Server::AsyncRunStep() [ms] _____________________   20x      0.5
INFO[Main]:   Server::RunStep() (max) [ms] ____________________    1x       51
INFO[Main]:   Server::SendBlocks(): Collect list [ms] 
INFO[Main]:   Server::SendBlocks(): Send to clients [ms] 
INFO[Main]:   ServerEnv: ABMs run 
INFO[Main]:   ServerEnv: Run SAO::step() [ms] 
INFO[Main]:   ServerEnv: Run node timers [ms] 
INFO[Main]:   ServerEnv: active blocks 
INFO[Main]:   ServerEnv: active blocks cached 
INFO[Main]:   ServerEnv: active blocks scanned for ABMs 
INFO[Main]:   ServerEnv: update active blocks [ms] 
INFO[Main]:   ServerEnv::step() [ms] 
INFO[Main]:   ServerEnvironment::removeRemovedObjects() [ms] 
INFO[Main]:   ServerMap: load block - sync (sum) [ms] 
ACTION[Emerge-0]: GRUG_WP40_PROFILE_CALLBACK callback=5 minp=-1872,-32,-2592 maxp=-1793,47,-2513 blockseed=1061529625 plan_us=287998 writer_us=282940 total_us=570938 columns=6400 candidate_cells=49 candidates=175 r5_runs=25600 result=applied_cplq vm_get_emerged_area_calls=1 vm_get_emerged_area_us=2 vm_get_data_calls=1 vm_get_data_us=4279 vm_get_param2_data_calls=1 vm_get_param2_data_us=4090 vm_get_light_data_calls=2 vm_get_light_data_us=8412 vm_set_data_calls=1 vm_set_data_us=7328 vm_set_param2_data_calls=1 vm_set_param2_data_us=7085 vm_set_lighting_calls=16 vm_set_lighting_us=135 vm_calc_lighting_calls=1 vm_calc_lighting_us=5293 vm_set_light_data_calls=1 vm_set_light_data_us=7089 vm_update_liquids_calls=1 vm_update_liquids_us=952
INFO[Server]: ServerMap: Written: 833 blocks, 1253 blocks in memory.
INFO[Server]: ServerMap: Blocks modified by: 
INFO[Server]:   finishBlockMake: expireIsAir, MMVManip::blitBackAll     1x      243
INFO[Server]:   setGenerated, finishBlockMake: expireIsAir, MMVManip::blitBackAll     1x      170
INFO[Server]:   setIsUnderground ________________________________    1x      245
INFO[Server]:   setIsUnderground, finishBlockMake: expireIsAir, MMVManip::blitBackAll     1x       95
INFO[Server]:   setIsUnderground, setGenerated, finishBlockMake: expireIsAir, MMVManip::blitBackAll     1x       80
INFO[Emerge-0]: initialEmerge: area: (-1808,-48,-2608)(-1697,63,-2497)=112x112x112=1404928 (5MB)
ACTION[Emerge-0]: GRUG_WP40_PROFILE_CALLBACK callback=6 minp=-1792,-32,-2592 maxp=-1713,47,-2513 blockseed=477511193 plan_us=245003 writer_us=311849 total_us=556852 columns=6400 candidate_cells=49 candidates=301 r5_runs=25600 result=applied_cplq vm_get_emerged_area_calls=1 vm_get_emerged_area_us=2 vm_get_data_calls=1 vm_get_data_us=4346 vm_get_param2_data_calls=1 vm_get_param2_data_us=4335 vm_get_light_data_calls=2 vm_get_light_data_us=8672 vm_set_data_calls=1 vm_set_data_us=7284 vm_set_param2_data_calls=1 vm_set_param2_data_us=7090 vm_set_lighting_calls=16 vm_set_lighting_us=136 vm_calc_lighting_calls=1 vm_calc_lighting_us=5843 vm_set_light_data_calls=1 vm_set_light_data_us=7084 vm_update_liquids_calls=1 vm_update_liquids_us=947
INFO[Emerge-0]: initialEmerge: area: (-1888,32,-2608)(-1777,143,-2497)=112x112x112=1404928 (5MB)
ACTION[Emerge-0]: GRUG_WP40_PROFILE_CALLBACK callback=7 minp=-1872,48,-2592 maxp=-1793,127,-2513 blockseed=1013608399 plan_us=53244 writer_us=36969 total_us=90213 columns=6400 candidate_cells=49 candidates=175 r5_runs=6400 result=noop_equal_content vm_get_emerged_area_calls=1 vm_get_emerged_area_us=2 vm_get_data_calls=1 vm_get_data_us=4347 vm_get_param2_data_calls=1 vm_get_param2_data_us=4339 vm_get_light_data_calls=0 vm_get_light_data_us=0 vm_set_data_calls=0 vm_set_data_us=0 vm_set_param2_data_calls=0 vm_set_param2_data_us=0 vm_set_lighting_calls=0 vm_set_lighting_us=0 vm_calc_lighting_calls=0 vm_calc_lighting_us=0 vm_set_light_data_calls=0 vm_set_light_data_us=0 vm_update_liquids_calls=0 vm_update_liquids_us=0
INFO[Emerge-0]: initialEmerge: area: (-1808,32,-2608)(-1697,143,-2497)=112x112x112=1404928 (5MB)
ACTION[Emerge-0]: GRUG_WP40_PROFILE_CALLBACK callback=8 minp=-1792,48,-2592 maxp=-1713,127,-2513 blockseed=1271228879 plan_us=81664 writer_us=36915 total_us=118579 columns=6400 candidate_cells=49 candidates=301 r5_runs=6400 result=noop_equal_content vm_get_emerged_area_calls=1 vm_get_emerged_area_us=1 vm_get_data_calls=1 vm_get_data_us=4346 vm_get_param2_data_calls=1 vm_get_param2_data_us=4336 vm_get_light_data_calls=0 vm_get_light_data_us=0 vm_set_data_calls=0 vm_set_data_us=0 vm_set_param2_data_calls=0 vm_set_param2_data_us=0 vm_set_lighting_calls=0 vm_set_lighting_us=0 vm_calc_lighting_calls=0 vm_calc_lighting_us=0 vm_set_light_data_calls=0 vm_set_light_data_us=0 vm_update_liquids_calls=0 vm_update_liquids_us=0
INFO[Emerge-0]: initialEmerge: area: (-1888,-48,-2528)(-1777,63,-2417)=112x112x112=1404928 (5MB)
INFO[Main]: Profiler:
INFO[Main]:   ActiveObjectMgr: SAO count [#] 
INFO[Main]:   Emerge-0: processed [#] _________________________    1x      315
INFO[Main]:   EmergeThread: Lua on_generated [ms] _____________    4x   334.25
INFO[Main]:   EmergeThread: Mapgen::makeChunk [ms] ____________    4x    28.75
INFO[Main]:   EmergeThread: after Mapgen::makeChunk [ms] ______    4x     0.75
INFO[Main]:   EmergeThread: load block - async (sum) [ms] 
INFO[Main]:   EmergeThread: update lighting [ms] ______________   21x    1.857
INFO[Main]:   SEnv: modify in blocks avg per interval [ms] 
INFO[Main]:   Server: map saving (sum) [ms] ___________________    1x       10
INFO[Main]:   Server: map timer and unload [ms] 
INFO[Main]:   Server: send SAO messages [ms] 
INFO[Main]:   Server: update objects within range [ms] 
INFO[Main]:   Server::AsyncRunStep() [ms] _____________________   20x      0.5
INFO[Main]:   Server::RunStep() (max) [ms] ____________________    1x       51
INFO[Main]:   Server::SendBlocks(): Collect list [ms] 
INFO[Main]:   Server::SendBlocks(): Send to clients [ms] 
INFO[Main]:   ServerEnv: ABMs run 
INFO[Main]:   ServerEnv: Run SAO::step() [ms] 
INFO[Main]:   ServerEnv: Run node timers [ms] 
INFO[Main]:   ServerEnv: active blocks 
INFO[Main]:   ServerEnv: active blocks cached 
INFO[Main]:   ServerEnv: active blocks scanned for ABMs 
INFO[Main]:   ServerEnv: update active blocks [ms] 
INFO[Main]:   ServerEnv::step() [ms] 
INFO[Main]:   ServerEnvironment::removeRemovedObjects() [ms] 
INFO[Main]:   ServerMap: load block - sync (sum) [ms] _________    1x        1
INFO[Server]: ServerMap: Written: 1253 blocks, 1973 blocks in memory.
INFO[Server]: ServerMap: Blocks modified by: 
INFO[Server]:   finishBlockMake: expireIsAir, MMVManip::blitBackAll     1x      289
INFO[Server]:   setGenerated, finishBlockMake: expireIsAir, MMVManip::blitBackAll     1x      244
INFO[Server]:   setIsUnderground ________________________________    1x      245
INFO[Server]:   setIsUnderground, finishBlockMake: expireIsAir, MMVManip::blitBackAll     1x      219
INFO[Server]:   setIsUnderground, setGenerated, finishBlockMake: expireIsAir, MMVManip::blitBackAll     1x      256
ACTION[Emerge-0]: GRUG_WP40_PROFILE_CALLBACK callback=9 minp=-1872,-32,-2512 maxp=-1793,47,-2433 blockseed=3973185169 plan_us=346526 writer_us=295575 total_us=642101 columns=6400 candidate_cells=49 candidates=490 r5_runs=25600 result=applied_cplq vm_get_emerged_area_calls=1 vm_get_emerged_area_us=3 vm_get_data_calls=1 vm_get_data_us=4350 vm_get_param2_data_calls=1 vm_get_param2_data_us=4348 vm_get_light_data_calls=2 vm_get_light_data_us=8668 vm_set_data_calls=1 vm_set_data_us=7311 vm_set_param2_data_calls=1 vm_set_param2_data_us=6970 vm_set_lighting_calls=16 vm_set_lighting_us=181 vm_calc_lighting_calls=1 vm_calc_lighting_us=5276 vm_set_light_data_calls=1 vm_set_light_data_us=6832 vm_update_liquids_calls=1 vm_update_liquids_us=1022
INFO[Emerge-0]: initialEmerge: area: (-1808,-48,-2528)(-1697,63,-2417)=112x112x112=1404928 (5MB)
INFO[Main]: Profiler:
INFO[Main]:   ActiveObjectMgr: SAO count [#] 
INFO[Main]:   Emerge-0: processed [#] _________________________    1x        5
INFO[Main]:   EmergeThread: Lua on_generated [ms] _____________    1x      642
INFO[Main]:   EmergeThread: Mapgen::makeChunk [ms] ____________    1x       31
INFO[Main]:   EmergeThread: after Mapgen::makeChunk [ms] ______    1x        1
INFO[Main]:   EmergeThread: load block - async (sum) [ms] 
INFO[Main]:   EmergeThread: update lighting [ms] ______________   18x      0.5
INFO[Main]:   SEnv: modify in blocks avg per interval [ms] 
INFO[Main]:   Server: map saving (sum) [ms] ___________________    1x       16
INFO[Main]:   Server: map timer and unload [ms] 
INFO[Main]:   Server: send SAO messages [ms] 
INFO[Main]:   Server: update objects within range [ms] 
INFO[Main]:   Server::AsyncRunStep() [ms] _____________________   20x      0.8
INFO[Main]:   Server::RunStep() (max) [ms] ____________________    1x       51
INFO[Main]:   Server::SendBlocks(): Collect list [ms] 
INFO[Main]:   Server::SendBlocks(): Send to clients [ms] 
INFO[Main]:   ServerEnv: ABMs run 
INFO[Main]:   ServerEnv: Run SAO::step() [ms] 
INFO[Main]:   ServerEnv: Run node timers [ms] 
INFO[Main]:   ServerEnv: active blocks 
INFO[Main]:   ServerEnv: active blocks cached 
INFO[Main]:   ServerEnv: active blocks scanned for ABMs 
INFO[Main]:   ServerEnv: update active blocks [ms] 
INFO[Main]:   ServerEnv::step() [ms] 
INFO[Main]:   ServerEnvironment::removeRemovedObjects() [ms] 
INFO[Main]:   ServerMap: load block - sync (sum) [ms] 
INFO[Server]: ServerMap: Written: 518 blocks, 2148 blocks in memory.
INFO[Server]: ServerMap: Blocks modified by: 
INFO[Server]:   finishBlockMake: expireIsAir, MMVManip::blitBackAll     1x      218
INFO[Server]:   setGenerated, finishBlockMake: expireIsAir, MMVManip::blitBackAll     1x      125
INFO[Server]:   setIsUnderground ________________________________    1x      175
ACTION[Emerge-0]: GRUG_WP40_PROFILE_CALLBACK callback=10 minp=-1792,-32,-2512 maxp=-1713,47,-2433 blockseed=582672721 plan_us=288567 writer_us=288906 total_us=577473 columns=6400 candidate_cells=49 candidates=535 r5_runs=25600 result=applied_cplq vm_get_emerged_area_calls=1 vm_get_emerged_area_us=2 vm_get_data_calls=1 vm_get_data_us=4336 vm_get_param2_data_calls=1 vm_get_param2_data_us=4334 vm_get_light_data_calls=2 vm_get_light_data_us=8410 vm_set_data_calls=1 vm_set_data_us=7411 vm_set_param2_data_calls=1 vm_set_param2_data_us=6994 vm_set_lighting_calls=16 vm_set_lighting_us=230 vm_calc_lighting_calls=1 vm_calc_lighting_us=5490 vm_set_light_data_calls=1 vm_set_light_data_us=7085 vm_update_liquids_calls=1 vm_update_liquids_us=1007
INFO[Emerge-0]: initialEmerge: area: (-1888,32,-2528)(-1777,143,-2417)=112x112x112=1404928 (5MB)
ACTION[Emerge-0]: GRUG_WP40_PROFILE_CALLBACK callback=11 minp=-1872,48,-2512 maxp=-1793,127,-2433 blockseed=2887152057 plan_us=99414 writer_us=36947 total_us=136361 columns=6400 candidate_cells=49 candidates=490 r5_runs=6400 result=noop_equal_content vm_get_emerged_area_calls=1 vm_get_emerged_area_us=2 vm_get_data_calls=1 vm_get_data_us=4343 vm_get_param2_data_calls=1 vm_get_param2_data_us=4338 vm_get_light_data_calls=0 vm_get_light_data_us=0 vm_set_data_calls=0 vm_set_data_us=0 vm_set_param2_data_calls=0 vm_set_param2_data_us=0 vm_set_lighting_calls=0 vm_set_lighting_us=0 vm_calc_lighting_calls=0 vm_calc_lighting_us=0 vm_set_light_data_calls=0 vm_set_light_data_us=0 vm_update_liquids_calls=0 vm_update_liquids_us=0
INFO[Emerge-0]: initialEmerge: area: (-1808,32,-2528)(-1697,143,-2417)=112x112x112=1404928 (5MB)
ACTION[Emerge-0]: GRUG_WP40_PROFILE_CALLBACK callback=12 minp=-1792,48,-2512 maxp=-1713,127,-2433 blockseed=1713225977 plan_us=119502 writer_us=36825 total_us=156327 columns=6400 candidate_cells=49 candidates=535 r5_runs=6400 result=noop_equal_content vm_get_emerged_area_calls=1 vm_get_emerged_area_us=2 vm_get_data_calls=1 vm_get_data_us=4339 vm_get_param2_data_calls=1 vm_get_param2_data_us=4331 vm_get_light_data_calls=0 vm_get_light_data_us=0 vm_set_data_calls=0 vm_set_data_us=0 vm_set_param2_data_calls=0 vm_set_param2_data_us=0 vm_set_lighting_calls=0 vm_set_lighting_us=0 vm_calc_lighting_calls=0 vm_calc_lighting_us=0 vm_set_light_data_calls=0 vm_set_light_data_us=0 vm_update_liquids_calls=0 vm_update_liquids_us=0
ACTION[Emerge-0]: [grug_core] start area ready: dwarf (1/6, 14.5 s)
INFO[Emerge-0]: initialEmerge: area: (-128,-48,-2688)(-17,63,-2577)=112x112x112=1404928 (5MB)
ACTION[Server]: [grug_mobs] start npcs hearthpine: grug_mobs:guard_accord placed at socket gate_west (-1804,26,-2491)
ACTION[Server]: [grug_mobs] start npcs hearthpine: grug_mobs:guard_accord placed at socket gate_east (-1796,26,-2491)
ACTION[Server]: [grug_mobs] start npcs hearthpine: grug_mobs:guard_accord placed at socket watch_gate (-1800,26,-2498)
ACTION[Server]: [grug_mobs] start npcs hearthpine: grug_traders:vendor_race_dwarf placed at socket plaza_vendor (-1793,26,-2555)
ACTION[Server]: [grug_mobs] start npcs hearthpine: grug_mobs:villager_dwarf placed at socket idle_west_door (-1816,26,-2546)
ACTION[Server]: [grug_mobs] start npcs hearthpine: grug_mobs:villager_dwarf placed at socket idle_plaza_bench (-1793,26,-2549)
ACTION[Server]: [grug_mobs] start npcs hearthpine: grug_mobs:villager_dwarf placed at socket idle_workyard (-1819,26,-2533)
ACTION[Server]: [grug_mobs] start npcs hearthpine: grug_mobs:villager_dwarf placed at socket idle_forge_door (-1798,26,-2560)
ACTION[Server]: [grug_mobs] start npcs hearthpine: grug_mobs:elder_dwarf placed at socket hall_quest (-1828,26,-2524)
ACTION[Server]: [grug_mobs] start npcs dwarf hearthpine: guards 3/3 flair 4/4 vendor 1/1 quest 1/1 new 9 pending 0
INFO[Main]: Profiler:
INFO[Main]:   ActiveObjectMgr: SAO count [#] __________________   20x      5.4
INFO[Main]:   Emerge-0: processed [#] _________________________    1x      121
INFO[Main]:   EmergeThread: Lua on_generated [ms] _____________    3x  290.333
INFO[Main]:   EmergeThread: Mapgen::makeChunk [ms] ____________    3x   28.333
INFO[Main]:   EmergeThread: after Mapgen::makeChunk [ms] ______    3x    1.333
INFO[Main]:   EmergeThread: load block - async (sum) [ms] 
INFO[Main]:   EmergeThread: update lighting [ms] ______________   20x      1.7
INFO[Main]:   SEnv: modify in blocks avg per interval [ms] 
INFO[Main]:   Server: collisionMoveSimple() [us] ______________   81x    3.308
INFO[Main]:   Server: map saving (sum) [ms] ___________________    1x        7
INFO[Main]:   Server: map timer and unload [ms] 
INFO[Main]:   Server: send SAO messages [ms] 
INFO[Main]:   Server: update objects within range [ms] 
INFO[Main]:   Server::AsyncRunStep() [ms] _____________________   20x      0.5
INFO[Main]:   Server::RunStep() (max) [ms] ____________________    1x       51
INFO[Main]:   Server::SendBlocks(): Collect list [ms] 
INFO[Main]:   Server::SendBlocks(): Send to clients [ms] 
INFO[Main]:   ServerEnv: ABMs run 
INFO[Main]:   ServerEnv: Run SAO::step() [ms] 
INFO[Main]:   ServerEnv: Run node timers [ms] 
INFO[Main]:   ServerEnv: active blocks 
INFO[Main]:   ServerEnv: active blocks cached 
INFO[Main]:   ServerEnv: active blocks scanned for ABMs 
INFO[Main]:   ServerEnv: update active blocks [ms] 
INFO[Main]:   ServerEnv::step() [ms] __________________________   20x     0.15
INFO[Main]:   ServerEnvironment::removeRemovedObjects() [ms] 
INFO[Main]:   ServerMap: load block - sync (sum) [ms] _________    1x        2
INFO[Server]: ServerMap: Written: 1180 blocks, 2791 blocks in memory.
INFO[Server]: ServerMap: Blocks modified by: 
INFO[Server]:   addActiveObjectRaw ______________________________    1x        4
INFO[Server]:   addActiveObjectRaw, finishBlockMake: expireIsAir, MMVManip::blitBackAll     1x        2
INFO[Server]:   finishBlockMake: expireIsAir, MMVManip::blitBackAll     1x      316
INFO[Server]:   setGenerated, finishBlockMake: expireIsAir, MMVManip::blitBackAll     1x      215
INFO[Server]:   setIsUnderground ________________________________    1x      343
INFO[Server]:   setIsUnderground, finishBlockMake: expireIsAir, MMVManip::blitBackAll     1x      140
INFO[Server]:   setIsUnderground, setGenerated, finishBlockMake: expireIsAir, MMVManip::blitBackAll     1x      160
ACTION[Emerge-0]: GRUG_WP40_PROFILE_CALLBACK callback=13 minp=-112,-32,-2672 maxp=-33,47,-2593 blockseed=2649330407 plan_us=487814 writer_us=318720 total_us=806534 columns=6400 candidate_cells=49 candidates=3133 r5_runs=25600 result=applied_cplq vm_get_emerged_area_calls=1 vm_get_emerged_area_us=2 vm_get_data_calls=1 vm_get_data_us=4342 vm_get_param2_data_calls=1 vm_get_param2_data_us=4333 vm_get_light_data_calls=2 vm_get_light_data_us=8693 vm_set_data_calls=1 vm_set_data_us=7339 vm_set_param2_data_calls=1 vm_set_param2_data_us=7103 vm_set_lighting_calls=81 vm_set_lighting_us=182 vm_calc_lighting_calls=1 vm_calc_lighting_us=3554 vm_set_light_data_calls=1 vm_set_light_data_us=7104 vm_update_liquids_calls=1 vm_update_liquids_us=999
INFO[Emerge-0]: initialEmerge: area: (-48,-48,-2688)(63,63,-2577)=112x112x112=1404928 (5MB)
INFO[Main]: Profiler:
INFO[Main]:   ActiveObjectMgr: SAO count [#] __________________   20x       12
INFO[Main]:   Emerge-0: processed [#] _________________________    1x        2
INFO[Main]:   EmergeThread: Lua on_generated [ms] _____________    1x      807
INFO[Main]:   EmergeThread: Mapgen::makeChunk [ms] ____________    1x       29
INFO[Main]:   EmergeThread: after Mapgen::makeChunk [ms] 
INFO[Main]:   EmergeThread: load block - async (sum) [ms] 
INFO[Main]:   EmergeThread: update lighting [ms] ______________   83x    0.096
INFO[Main]:   SEnv: modify in blocks avg per interval [ms] 
INFO[Main]:   Server: collisionMoveSimple() [us] ______________  180x    4.605
INFO[Main]:   Server: map saving (sum) [ms] ___________________    1x       14
INFO[Main]:   Server: map timer and unload [ms] 
INFO[Main]:   Server: send SAO messages [ms] 
INFO[Main]:   Server: update objects within range [ms] 
INFO[Main]:   Server::AsyncRunStep() [ms] _____________________   20x     0.85
INFO[Main]:   Server::RunStep() (max) [ms] ____________________    1x       51
INFO[Main]:   Server::SendBlocks(): Collect list [ms] 
INFO[Main]:   Server::SendBlocks(): Send to clients [ms] 
INFO[Main]:   ServerEnv: ABMs run 
INFO[Main]:   ServerEnv: Run SAO::step() [ms] _________________   20x     0.15
INFO[Main]:   ServerEnv: Run node timers [ms] 
INFO[Main]:   ServerEnv: active blocks 
INFO[Main]:   ServerEnv: active blocks cached 
INFO[Main]:   ServerEnv: active blocks scanned for ABMs 
INFO[Main]:   ServerEnv: update active blocks [ms] 
INFO[Main]:   ServerEnv::step() [ms] __________________________   20x     0.15
INFO[Main]:   ServerEnvironment::removeRemovedObjects() [ms] 
INFO[Main]:   ServerMap: load block - sync (sum) [ms] 
INFO[Server]: ServerMap: Written: 594 blocks, 3036 blocks in memory.
INFO[Server]: ServerMap: Blocks modified by: 
INFO[Server]:   deactivateFarObjects: static data changed _______    1x        6
INFO[Server]:   finishBlockMake: expireIsAir, MMVManip::blitBackAll     1x      218
INFO[Server]:   setGenerated, finishBlockMake: expireIsAir, MMVManip::blitBackAll     1x      125
INFO[Server]:   setIsUnderground ________________________________    1x      245
ACTION[Emerge-0]: GRUG_WP40_PROFILE_CALLBACK callback=14 minp=-32,-32,-2672 maxp=47,47,-2593 blockseed=3815956711 plan_us=434495 writer_us=343253 total_us=777748 columns=6400 candidate_cells=49 candidates=2331 r5_runs=25600 result=applied_cplq vm_get_emerged_area_calls=1 vm_get_emerged_area_us=2 vm_get_data_calls=1 vm_get_data_us=4344 vm_get_param2_data_calls=1 vm_get_param2_data_us=4344 vm_get_light_data_calls=2 vm_get_light_data_us=8722 vm_set_data_calls=1 vm_set_data_us=7296 vm_set_param2_data_calls=1 vm_set_param2_data_us=7107 vm_set_lighting_calls=81 vm_set_lighting_us=165 vm_calc_lighting_calls=1 vm_calc_lighting_us=4129 vm_set_light_data_calls=1 vm_set_light_data_us=7103 vm_update_liquids_calls=1 vm_update_liquids_us=953
INFO[Emerge-0]: initialEmerge: area: (32,-48,-2688)(143,63,-2577)=112x112x112=1404928 (5MB)
ACTION[Emerge-0]: GRUG_WP40_PROFILE_CALLBACK callback=15 minp=48,-32,-2672 maxp=127,47,-2593 blockseed=2143039207 plan_us=379165 writer_us=332288 total_us=711453 columns=6400 candidate_cells=49 candidates=3291 r5_runs=25514 result=applied_cplq vm_get_emerged_area_calls=1 vm_get_emerged_area_us=2 vm_get_data_calls=1 vm_get_data_us=4340 vm_get_param2_data_calls=1 vm_get_param2_data_us=4341 vm_get_light_data_calls=2 vm_get_light_data_us=8680 vm_set_data_calls=1 vm_set_data_us=7285 vm_set_param2_data_calls=1 vm_set_param2_data_us=7099 vm_set_lighting_calls=81 vm_set_lighting_us=194 vm_calc_lighting_calls=1 vm_calc_lighting_us=3981 vm_set_light_data_calls=1 vm_set_light_data_us=7096 vm_update_liquids_calls=1 vm_update_liquids_us=1025
INFO[Emerge-0]: initialEmerge: area: (-128,32,-2688)(-17,143,-2577)=112x112x112=1404928 (5MB)
INFO[Main]: Profiler:
INFO[Main]:   ActiveObjectMgr: SAO count [#] __________________   20x     1.65
INFO[Main]:   Emerge-0: processed [#] _________________________    1x       30
INFO[Main]:   EmergeThread: Lua on_generated [ms] _____________    2x      745
INFO[Main]:   EmergeThread: Mapgen::makeChunk [ms] ____________    2x     27.5
INFO[Main]:   EmergeThread: after Mapgen::makeChunk [ms] ______    2x      0.5
INFO[Main]:   EmergeThread: load block - async (sum) [ms] 
INFO[Main]:   EmergeThread: update lighting [ms] ______________  166x    0.138
INFO[Main]:   SEnv: modify in blocks avg per interval [ms] 
INFO[Main]:   Server: collisionMoveSimple() [us] 
INFO[Main]:   Server: map saving (sum) [ms] ___________________    1x        7
INFO[Main]:   Server: map timer and unload [ms] 
INFO[Main]:   Server: send SAO messages [ms] 
INFO[Main]:   Server: update objects within range [ms] 
INFO[Main]:   Server::AsyncRunStep() [ms] _____________________   20x      0.5
INFO[Main]:   Server::RunStep() (max) [ms] ____________________    1x       51
INFO[Main]:   Server::SendBlocks(): Collect list [ms] 
INFO[Main]:   Server::SendBlocks(): Send to clients [ms] 
INFO[Main]:   ServerEnv: ABMs run 
INFO[Main]:   ServerEnv: Run SAO::step() [ms] _________________   20x     0.05
INFO[Main]:   ServerEnv: Run node timers [ms] 
INFO[Main]:   ServerEnv: active blocks 
INFO[Main]:   ServerEnv: active blocks cached 
INFO[Main]:   ServerEnv: active blocks scanned for ABMs 
INFO[Main]:   ServerEnv: update active blocks [ms] ____________    1x        2
INFO[Main]:   ServerEnv::step() [ms] __________________________   20x     0.15
INFO[Main]:   ServerEnvironment::removeRemovedObjects() [ms] 
INFO[Main]:   ServerMap: load block - sync (sum) [ms] _________    1x        2
INFO[Server]: ServerMap: Written: 833 blocks, 3526 blocks in memory.
INFO[Server]: ServerMap: Blocks modified by: 
INFO[Server]:   finishBlockMake: expireIsAir, MMVManip::blitBackAll     1x      193
INFO[Server]:   setGenerated, finishBlockMake: expireIsAir, MMVManip::blitBackAll     1x      150
INFO[Server]:   setIsUnderground ________________________________    1x      245
INFO[Server]:   setIsUnderground, finishBlockMake: expireIsAir, MMVManip::blitBackAll     1x      145
INFO[Server]:   setIsUnderground, setGenerated, finishBlockMake: expireIsAir, MMVManip::blitBackAll     1x      100
ACTION[Emerge-0]: GRUG_WP40_PROFILE_CALLBACK callback=16 minp=-112,48,-2672 maxp=-33,127,-2593 blockseed=3316011157 plan_us=142216 writer_us=38019 total_us=180235 columns=6400 candidate_cells=49 candidates=3133 r5_runs=6400 result=noop_equal_content vm_get_emerged_area_calls=1 vm_get_emerged_area_us=2 vm_get_data_calls=1 vm_get_data_us=4345 vm_get_param2_data_calls=1 vm_get_param2_data_us=4651 vm_get_light_data_calls=0 vm_get_light_data_us=0 vm_set_data_calls=0 vm_set_data_us=0 vm_set_param2_data_calls=0 vm_set_param2_data_us=0 vm_set_lighting_calls=0 vm_set_lighting_us=0 vm_calc_lighting_calls=0 vm_calc_lighting_us=0 vm_set_light_data_calls=0 vm_set_light_data_us=0 vm_update_liquids_calls=0 vm_update_liquids_us=0
INFO[Emerge-0]: initialEmerge: area: (-48,32,-2688)(63,143,-2577)=112x112x112=1404928 (5MB)
ACTION[Emerge-0]: GRUG_WP40_PROFILE_CALLBACK callback=17 minp=-32,48,-2672 maxp=47,127,-2593 blockseed=182747797 plan_us=112040 writer_us=37053 total_us=149093 columns=6400 candidate_cells=49 candidates=2331 r5_runs=6400 result=noop_equal_content vm_get_emerged_area_calls=1 vm_get_emerged_area_us=2 vm_get_data_calls=1 vm_get_data_us=4368 vm_get_param2_data_calls=1 vm_get_param2_data_us=4365 vm_get_light_data_calls=0 vm_get_light_data_us=0 vm_set_data_calls=0 vm_set_data_us=0 vm_set_param2_data_calls=0 vm_set_param2_data_us=0 vm_set_lighting_calls=0 vm_set_lighting_us=0 vm_calc_lighting_calls=0 vm_calc_lighting_us=0 vm_set_light_data_calls=0 vm_set_light_data_us=0 vm_update_liquids_calls=0 vm_update_liquids_us=0
INFO[Emerge-0]: initialEmerge: area: (32,32,-2688)(143,143,-2577)=112x112x112=1404928 (5MB)
ACTION[Emerge-0]: GRUG_WP40_PROFILE_CALLBACK callback=18 minp=48,48,-2672 maxp=127,127,-2593 blockseed=1939586197 plan_us=148006 writer_us=37160 total_us=185166 columns=6400 candidate_cells=49 candidates=3291 r5_runs=6400 result=noop_equal_content vm_get_emerged_area_calls=1 vm_get_emerged_area_us=3 vm_get_data_calls=1 vm_get_data_us=4368 vm_get_param2_data_calls=1 vm_get_param2_data_us=4351 vm_get_light_data_calls=0 vm_get_light_data_us=0 vm_set_data_calls=0 vm_set_data_us=0 vm_set_param2_data_calls=0 vm_set_param2_data_us=0 vm_set_lighting_calls=0 vm_set_lighting_us=0 vm_calc_lighting_calls=0 vm_calc_lighting_us=0 vm_set_light_data_calls=0 vm_set_light_data_us=0 vm_update_liquids_calls=0 vm_update_liquids_us=0
INFO[Emerge-0]: initialEmerge: area: (-128,-48,-2608)(-17,63,-2497)=112x112x112=1404928 (5MB)
INFO[Main]: Profiler:
INFO[Main]:   ActiveObjectMgr: SAO count [#] 
INFO[Main]:   Emerge-0: processed [#] _________________________    1x       96
INFO[Main]:   EmergeThread: Lua on_generated [ms] _____________    3x  171.333
INFO[Main]:   EmergeThread: Mapgen::makeChunk [ms] ____________    3x       28
INFO[Main]:   EmergeThread: after Mapgen::makeChunk [ms] ______    3x    1.666
INFO[Main]:   EmergeThread: load block - async (sum) [ms] 
INFO[Main]:   EmergeThread: update lighting [ms] ______________    3x    8.666
INFO[Main]:   SEnv: modify in blocks avg per interval [ms] 
INFO[Main]:   Server: collisionMoveSimple() [us] 
INFO[Main]:   Server: map saving (sum) [ms] ___________________    1x       11
INFO[Main]:   Server: map timer and unload [ms] 
INFO[Main]:   Server: send SAO messages [ms] 
INFO[Main]:   Server: update objects within range [ms] 
INFO[Main]:   Server::AsyncRunStep() [ms] _____________________   20x     0.55
INFO[Main]:   Server::RunStep() (max) [ms] ____________________    1x       51
INFO[Main]:   Server::SendBlocks(): Collect list [ms] 
INFO[Main]:   Server::SendBlocks(): Send to clients [ms] 
INFO[Main]:   ServerEnv: ABMs run 
INFO[Main]:   ServerEnv: Run SAO::step() [ms] 
INFO[Main]:   ServerEnv: Run node timers [ms] 
INFO[Main]:   ServerEnv: active blocks 
INFO[Main]:   ServerEnv: active blocks cached 
INFO[Main]:   ServerEnv: active blocks scanned for ABMs 
INFO[Main]:   ServerEnv: update active blocks [ms] 
INFO[Main]:   ServerEnv::step() [ms] 
INFO[Main]:   ServerEnvironment::removeRemovedObjects() [ms] 
INFO[Main]:   ServerMap: load block - sync (sum) [ms] 
INFO[Server]: ServerMap: Written: 1078 blocks, 4121 blocks in memory.
INFO[Server]: ServerMap: Blocks modified by: 
INFO[Server]:   finishBlockMake: expireIsAir, MMVManip::blitBackAll     1x      288
INFO[Server]:   setGenerated, finishBlockMake: expireIsAir, MMVManip::blitBackAll     1x      195
INFO[Server]:   setIsUnderground ________________________________    1x      245
INFO[Server]:   setIsUnderground, finishBlockMake: expireIsAir, MMVManip::blitBackAll     1x      170
INFO[Server]:   setIsUnderground, setGenerated, finishBlockMake: expireIsAir, MMVManip::blitBackAll     1x      180
ACTION[Emerge-0]: GRUG_WP40_PROFILE_CALLBACK callback=19 minp=-112,-32,-2592 maxp=-33,47,-2513 blockseed=2906213861 plan_us=459716 writer_us=336880 total_us=796596 columns=6400 candidate_cells=49 candidates=2095 r5_runs=25600 result=applied_cplq vm_get_emerged_area_calls=1 vm_get_emerged_area_us=2 vm_get_data_calls=1 vm_get_data_us=4371 vm_get_param2_data_calls=1 vm_get_param2_data_us=4366 vm_get_light_data_calls=2 vm_get_light_data_us=8728 vm_set_data_calls=1 vm_set_data_us=7310 vm_set_param2_data_calls=1 vm_set_param2_data_us=7149 vm_set_lighting_calls=16 vm_set_lighting_us=177 vm_calc_lighting_calls=1 vm_calc_lighting_us=5492 vm_set_light_data_calls=1 vm_set_light_data_us=7145 vm_update_liquids_calls=1 vm_update_liquids_us=1014
INFO[Emerge-0]: initialEmerge: area: (-48,-48,-2608)(63,63,-2497)=112x112x112=1404928 (5MB)
ACTION[Emerge-0]: GRUG_WP40_PROFILE_CALLBACK callback=20 minp=-32,-32,-2592 maxp=47,47,-2513 blockseed=3750423273 plan_us=188439 writer_us=380984 total_us=569423 columns=6400 candidate_cells=49 candidates=0 r5_runs=25600 result=applied_cplq vm_get_emerged_area_calls=1 vm_get_emerged_area_us=1 vm_get_data_calls=1 vm_get_data_us=4359 vm_get_param2_data_calls=1 vm_get_param2_data_us=4339 vm_get_light_data_calls=2 vm_get_light_data_us=8755 vm_set_data_calls=1 vm_set_data_us=7365 vm_set_param2_data_calls=1 vm_set_param2_data_us=7159 vm_set_lighting_calls=16 vm_set_lighting_us=249 vm_calc_lighting_calls=1 vm_calc_lighting_us=7416 vm_set_light_data_calls=1 vm_set_light_data_us=7102 vm_update_liquids_calls=1 vm_update_liquids_us=990
INFO[Emerge-0]: initialEmerge: area: (32,-48,-2608)(143,63,-2497)=112x112x112=1404928 (5MB)
INFO[Main]: Profiler:
INFO[Main]:   ActiveObjectMgr: SAO count [#] 
INFO[Main]:   Emerge-0: processed [#] _________________________    1x        7
INFO[Main]:   EmergeThread: Lua on_generated [ms] _____________    2x    683.5
INFO[Main]:   EmergeThread: Mapgen::makeChunk [ms] ____________    2x     30.5
INFO[Main]:   EmergeThread: after Mapgen::makeChunk [ms] ______    2x        1
INFO[Main]:   EmergeThread: load block - async (sum) [ms] 
INFO[Main]:   EmergeThread: update lighting [ms] ______________   36x    0.638
INFO[Main]:   SEnv: modify in blocks avg per interval [ms] 
INFO[Main]:   Server: collisionMoveSimple() [us] 
INFO[Main]:   Server: map saving (sum) [ms] ___________________    1x       14
INFO[Main]:   Server: map timer and unload [ms] 
INFO[Main]:   Server: send SAO messages [ms] 
INFO[Main]:   Server: update objects within range [ms] 
INFO[Main]:   Server::AsyncRunStep() [ms] _____________________   20x      0.7
INFO[Main]:   Server::RunStep() (max) [ms] ____________________    1x       51
INFO[Main]:   Server::SendBlocks(): Collect list [ms] 
INFO[Main]:   Server::SendBlocks(): Send to clients [ms] 
INFO[Main]:   ServerEnv: ABMs run 
INFO[Main]:   ServerEnv: Run SAO::step() [ms] 
INFO[Main]:   ServerEnv: Run node timers [ms] 
INFO[Main]:   ServerEnv: active blocks 
INFO[Main]:   ServerEnv: active blocks cached 
INFO[Main]:   ServerEnv: active blocks scanned for ABMs 
INFO[Main]:   ServerEnv: update active blocks [ms] 
INFO[Main]:   ServerEnv::step() [ms] 
INFO[Main]:   ServerEnvironment::removeRemovedObjects() [ms] 
INFO[Main]:   ServerMap: load block - sync (sum) [ms] _________    1x        1
INFO[Server]: ServerMap: Written: 763 blocks, 4471 blocks in memory.
INFO[Server]: ServerMap: Blocks modified by: 
INFO[Server]:   finishBlockMake: expireIsAir, MMVManip::blitBackAll     1x      243
INFO[Server]:   setGenerated, finishBlockMake: expireIsAir, MMVManip::blitBackAll     1x      170
INFO[Server]:   setIsUnderground ________________________________    1x      175
INFO[Server]:   setIsUnderground, finishBlockMake: expireIsAir, MMVManip::blitBackAll     1x       95
INFO[Server]:   setIsUnderground, setGenerated, finishBlockMake: expireIsAir, MMVManip::blitBackAll     1x       80
ACTION[Emerge-0]: GRUG_WP40_PROFILE_CALLBACK callback=21 minp=48,-32,-2592 maxp=127,47,-2513 blockseed=4105102377 plan_us=364308 writer_us=340919 total_us=705227 columns=6400 candidate_cells=49 candidates=2618 r5_runs=25495 result=applied_cplq vm_get_emerged_area_calls=1 vm_get_emerged_area_us=2 vm_get_data_calls=1 vm_get_data_us=4347 vm_get_param2_data_calls=1 vm_get_param2_data_us=4341 vm_get_light_data_calls=2 vm_get_light_data_us=8696 vm_set_data_calls=1 vm_set_data_us=7284 vm_set_param2_data_calls=1 vm_set_param2_data_us=7093 vm_set_lighting_calls=96 vm_set_lighting_us=158 vm_calc_lighting_calls=1 vm_calc_lighting_us=5157 vm_set_light_data_calls=1 vm_set_light_data_us=7099 vm_update_liquids_calls=1 vm_update_liquids_us=1034
INFO[Emerge-0]: initialEmerge: area: (-128,32,-2608)(-17,143,-2497)=112x112x112=1404928 (5MB)
ACTION[Emerge-0]: GRUG_WP40_PROFILE_CALLBACK callback=22 minp=-112,48,-2592 maxp=-33,127,-2513 blockseed=2551251339 plan_us=107687 writer_us=97182 total_us=204869 columns=6400 candidate_cells=49 candidates=2095 r5_runs=6400 result=applied_clq vm_get_emerged_area_calls=1 vm_get_emerged_area_us=2 vm_get_data_calls=1 vm_get_data_us=4349 vm_get_param2_data_calls=1 vm_get_param2_data_us=4351 vm_get_light_data_calls=2 vm_get_light_data_us=8680 vm_set_data_calls=1 vm_set_data_us=7283 vm_set_param2_data_calls=0 vm_set_param2_data_us=0 vm_set_lighting_calls=37 vm_set_lighting_us=25 vm_calc_lighting_calls=1 vm_calc_lighting_us=11295 vm_set_light_data_calls=1 vm_set_light_data_us=7096 vm_update_liquids_calls=1 vm_update_liquids_us=980
INFO[Emerge-0]: initialEmerge: area: (-48,32,-2608)(63,143,-2497)=112x112x112=1404928 (5MB)
INFO[Main]: Profiler:
INFO[Main]:   ActiveObjectMgr: SAO count [#] 
INFO[Main]:   Emerge-0: processed [#] _________________________    1x       27
INFO[Main]:   EmergeThread: Lua on_generated [ms] _____________    2x      455
INFO[Main]:   EmergeThread: Mapgen::makeChunk [ms] ____________    2x       33
INFO[Main]:   EmergeThread: after Mapgen::makeChunk [ms] ______    2x        1
INFO[Main]:   EmergeThread: load block - async (sum) [ms] 
INFO[Main]:   EmergeThread: update lighting [ms] ______________  137x    0.306
INFO[Main]:   SEnv: modify in blocks avg per interval [ms] 
INFO[Main]:   Server: collisionMoveSimple() [us] 
INFO[Main]:   Server: map saving (sum) [ms] ___________________    1x       11
INFO[Main]:   Server: map timer and unload [ms] 
INFO[Main]:   Server: send SAO messages [ms] 
INFO[Main]:   Server: update objects within range [ms] 
INFO[Main]:   Server::AsyncRunStep() [ms] _____________________   20x      0.6
INFO[Main]:   Server::RunStep() (max) [ms] ____________________    1x       51
INFO[Main]:   Server::SendBlocks(): Collect list [ms] 
INFO[Main]:   Server::SendBlocks(): Send to clients [ms] 
INFO[Main]:   ServerEnv: ABMs run 
INFO[Main]:   ServerEnv: Run SAO::step() [ms] 
INFO[Main]:   ServerEnv: Run node timers [ms] 
INFO[Main]:   ServerEnv: active blocks 
INFO[Main]:   ServerEnv: active blocks cached 
INFO[Main]:   ServerEnv: active blocks scanned for ABMs 
INFO[Main]:   ServerEnv: update active blocks [ms] 
INFO[Main]:   ServerEnv::step() [ms] __________________________   20x     0.05
INFO[Main]:   ServerEnvironment::removeRemovedObjects() [ms] 
INFO[Main]:   ServerMap: load block - sync (sum) [ms] _________    1x        1
ACTION[Emerge-0]: GRUG_WP40_PROFILE_CALLBACK callback=23 minp=-32,48,-2592 maxp=47,127,-2513 blockseed=3595103865 plan_us=33283 writer_us=37212 total_us=70495 columns=6400 candidate_cells=49 candidates=0 r5_runs=6400 result=noop_equal_content vm_get_emerged_area_calls=1 vm_get_emerged_area_us=2 vm_get_data_calls=1 vm_get_data_us=4340 vm_get_param2_data_calls=1 vm_get_param2_data_us=4335 vm_get_light_data_calls=0 vm_get_light_data_us=0 vm_set_data_calls=0 vm_set_data_us=0 vm_set_param2_data_calls=0 vm_set_param2_data_us=0 vm_set_lighting_calls=0 vm_set_lighting_us=0 vm_calc_lighting_calls=0 vm_calc_lighting_us=0 vm_set_light_data_calls=0 vm_set_light_data_us=0 vm_update_liquids_calls=0 vm_update_liquids_us=0
INFO[Emerge-0]: initialEmerge: area: (32,32,-2608)(143,143,-2497)=112x112x112=1404928 (5MB)
INFO[Server]: ServerMap: Written: 1028 blocks, 4896 blocks in memory.
INFO[Server]: ServerMap: Blocks modified by: 
INFO[Server]:   finishBlockMake: expireIsAir, MMVManip::blitBackAll     1x      388
INFO[Server]:   setGenerated, finishBlockMake: expireIsAir, MMVManip::blitBackAll     1x      215
INFO[Server]:   setIsUnderground ________________________________    1x      125
INFO[Server]:   setIsUnderground, finishBlockMake: expireIsAir, MMVManip::blitBackAll     1x      140
INFO[Server]:   setIsUnderground, setGenerated, finishBlockMake: expireIsAir, MMVManip::blitBackAll     1x      160
ACTION[Emerge-0]: GRUG_WP40_PROFILE_CALLBACK callback=24 minp=48,48,-2592 maxp=127,127,-2513 blockseed=3933311033 plan_us=134040 writer_us=36374 total_us=170414 columns=6400 candidate_cells=49 candidates=2618 r5_runs=6400 result=noop_equal_content vm_get_emerged_area_calls=1 vm_get_emerged_area_us=2 vm_get_data_calls=1 vm_get_data_us=4076 vm_get_param2_data_calls=1 vm_get_param2_data_us=4070 vm_get_light_data_calls=0 vm_get_light_data_us=0 vm_set_data_calls=0 vm_set_data_us=0 vm_set_param2_data_calls=0 vm_set_param2_data_us=0 vm_set_lighting_calls=0 vm_set_lighting_us=0 vm_calc_lighting_calls=0 vm_calc_lighting_us=0 vm_set_light_data_calls=0 vm_set_light_data_us=0 vm_update_liquids_calls=0 vm_update_liquids_us=0
INFO[Emerge-0]: initialEmerge: area: (-128,-48,-2528)(-17,63,-2417)=112x112x112=1404928 (5MB)
ACTION[Emerge-0]: GRUG_WP40_PROFILE_CALLBACK callback=25 minp=-112,-32,-2512 maxp=-33,47,-2433 blockseed=477054105 plan_us=374488 writer_us=283940 total_us=658428 columns=6400 candidate_cells=49 candidates=3155 r5_runs=25600 result=applied_cplq vm_get_emerged_area_calls=1 vm_get_emerged_area_us=2 vm_get_data_calls=1 vm_get_data_us=4349 vm_get_param2_data_calls=1 vm_get_param2_data_us=4347 vm_get_light_data_calls=2 vm_get_light_data_us=8682 vm_set_data_calls=1 vm_set_data_us=7294 vm_set_param2_data_calls=1 vm_set_param2_data_us=7111 vm_set_lighting_calls=96 vm_set_lighting_us=199 vm_calc_lighting_calls=1 vm_calc_lighting_us=4638 vm_set_light_data_calls=1 vm_set_light_data_us=7109 vm_update_liquids_calls=1 vm_update_liquids_us=972
INFO[Emerge-0]: initialEmerge: area: (-48,-48,-2528)(63,63,-2417)=112x112x112=1404928 (5MB)
INFO[Main]: Profiler:
INFO[Main]:   ActiveObjectMgr: SAO count [#] 
INFO[Main]:   Emerge-0: processed [#] _________________________    1x      288
INFO[Main]:   EmergeThread: Lua on_generated [ms] _____________    3x      300
INFO[Main]:   EmergeThread: Mapgen::makeChunk [ms] ____________    3x   29.666
INFO[Main]:   EmergeThread: after Mapgen::makeChunk [ms] ______    3x    1.333
INFO[Main]:   EmergeThread: load block - async (sum) [ms] 
INFO[Main]:   EmergeThread: update lighting [ms] ______________  100x     0.26
INFO[Main]:   SEnv: modify in blocks avg per interval [ms] 
INFO[Main]:   Server: collisionMoveSimple() [us] 
INFO[Main]:   Server: map saving (sum) [ms] ___________________    1x       13
INFO[Main]:   Server: map timer and unload [ms] _______________    1x        1
INFO[Main]:   Server: send SAO messages [ms] 
INFO[Main]:   Server: update objects within range [ms] 
INFO[Main]:   Server::AsyncRunStep() [ms] _____________________   20x      0.7
INFO[Main]:   Server::RunStep() (max) [ms] ____________________    1x       51
INFO[Main]:   Server::SendBlocks(): Collect list [ms] 
INFO[Main]:   Server::SendBlocks(): Send to clients [ms] 
INFO[Main]:   ServerEnv: ABMs run 
INFO[Main]:   ServerEnv: Run SAO::step() [ms] 
INFO[Main]:   ServerEnv: Run node timers [ms] 
INFO[Main]:   ServerEnv: active blocks 
INFO[Main]:   ServerEnv: active blocks cached 
INFO[Main]:   ServerEnv: active blocks scanned for ABMs 
INFO[Main]:   ServerEnv: update active blocks [ms] 
INFO[Main]:   ServerEnv::step() [ms] 
INFO[Main]:   ServerEnvironment::removeRemovedObjects() [ms] 
INFO[Main]:   ServerMap: load block - sync (sum) [ms] _________    1x        1
INFO[Server]: ServerMap: Written: 861 blocks, 5316 blocks in memory.
INFO[Server]: ServerMap: Blocks modified by: 
INFO[Server]:   finishBlockMake: expireIsAir, MMVManip::blitBackAll     1x      291
INFO[Server]:   setGenerated, finishBlockMake: expireIsAir, MMVManip::blitBackAll     1x      150
INFO[Server]:   setIsUnderground ________________________________    1x      175
INFO[Server]:   setIsUnderground, finishBlockMake: expireIsAir, MMVManip::blitBackAll     1x      145
INFO[Server]:   setIsUnderground, setGenerated, finishBlockMake: expireIsAir, MMVManip::blitBackAll     1x      100
ACTION[Emerge-0]: GRUG_WP40_PROFILE_CALLBACK callback=26 minp=-32,-32,-2512 maxp=47,47,-2433 blockseed=3787661465 plan_us=260090 writer_us=294846 total_us=554936 columns=6400 candidate_cells=49 candidates=1662 r5_runs=25696 result=applied_cplq vm_get_emerged_area_calls=1 vm_get_emerged_area_us=2 vm_get_data_calls=1 vm_get_data_us=4349 vm_get_param2_data_calls=1 vm_get_param2_data_us=4354 vm_get_light_data_calls=2 vm_get_light_data_us=8704 vm_set_data_calls=1 vm_set_data_us=7312 vm_set_param2_data_calls=1 vm_set_param2_data_us=7120 vm_set_lighting_calls=16 vm_set_lighting_us=133 vm_calc_lighting_calls=1 vm_calc_lighting_us=6111 vm_set_light_data_calls=1 vm_set_light_data_us=7104 vm_update_liquids_calls=1 vm_update_liquids_us=976
INFO[Emerge-0]: initialEmerge: area: (32,-48,-2528)(143,63,-2417)=112x112x112=1404928 (5MB)
INFO[Main]: Profiler:
INFO[Main]:   ActiveObjectMgr: SAO count [#] 
INFO[Main]:   Emerge-0: processed [#] _________________________    1x        5
INFO[Main]:   EmergeThread: Lua on_generated [ms] _____________    1x      555
INFO[Main]:   EmergeThread: Mapgen::makeChunk [ms] ____________    1x       31
INFO[Main]:   EmergeThread: after Mapgen::makeChunk [ms] ______    1x        1
INFO[Main]:   EmergeThread: load block - async (sum) [ms] 
INFO[Main]:   EmergeThread: update lighting [ms] ______________   18x    0.666
INFO[Main]:   SEnv: modify in blocks avg per interval [ms] 
INFO[Main]:   Server: collisionMoveSimple() [us] 
INFO[Main]:   Server: map saving (sum) [ms] ___________________    1x       10
INFO[Main]:   Server: map timer and unload [ms] 
INFO[Main]:   Server: send SAO messages [ms] 
INFO[Main]:   Server: update objects within range [ms] 
INFO[Main]:   Server::AsyncRunStep() [ms] _____________________   20x      0.5
INFO[Main]:   Server::RunStep() (max) [ms] ____________________    1x       51
INFO[Main]:   Server::SendBlocks(): Collect list [ms] 
INFO[Main]:   Server::SendBlocks(): Send to clients [ms] 
INFO[Main]:   ServerEnv: ABMs run 
INFO[Main]:   ServerEnv: Run SAO::step() [ms] 
INFO[Main]:   ServerEnv: Run node timers [ms] 
INFO[Main]:   ServerEnv: active blocks 
INFO[Main]:   ServerEnv: active blocks cached 
INFO[Main]:   ServerEnv: active blocks scanned for ABMs 
INFO[Main]:   ServerEnv: update active blocks [ms] 
INFO[Main]:   ServerEnv::step() [ms] 
INFO[Main]:   ServerEnvironment::removeRemovedObjects() [ms] 
INFO[Main]:   ServerMap: load block - sync (sum) [ms] 
INFO[Server]: ServerMap: Written: 518 blocks, 5491 blocks in memory.
INFO[Server]: ServerMap: Blocks modified by: 
INFO[Server]:   finishBlockMake: expireIsAir, MMVManip::blitBackAll     1x      218
INFO[Server]:   setGenerated, finishBlockMake: expireIsAir, MMVManip::blitBackAll     1x      125
INFO[Server]:   setIsUnderground ________________________________    1x      175
ACTION[Emerge-0]: GRUG_WP40_PROFILE_CALLBACK callback=27 minp=48,-32,-2512 maxp=127,47,-2433 blockseed=2231744537 plan_us=266058 writer_us=286195 total_us=552253 columns=6400 candidate_cells=49 candidates=1910 r5_runs=25825 result=applied_clq vm_get_emerged_area_calls=1 vm_get_emerged_area_us=3 vm_get_data_calls=1 vm_get_data_us=4313 vm_get_param2_data_calls=1 vm_get_param2_data_us=4086 vm_get_light_data_calls=2 vm_get_light_data_us=8427 vm_set_data_calls=1 vm_set_data_us=7440 vm_set_param2_data_calls=0 vm_set_param2_data_us=0 vm_set_lighting_calls=96 vm_set_lighting_us=160 vm_calc_lighting_calls=1 vm_calc_lighting_us=5663 vm_set_light_data_calls=1 vm_set_light_data_us=7149 vm_update_liquids_calls=1 vm_update_liquids_us=1037
INFO[Emerge-0]: initialEmerge: area: (-128,32,-2528)(-17,143,-2417)=112x112x112=1404928 (5MB)
ACTION[Emerge-0]: GRUG_WP40_PROFILE_CALLBACK callback=28 minp=-112,48,-2512 maxp=-33,127,-2433 blockseed=2136013441 plan_us=141438 writer_us=37005 total_us=178443 columns=6400 candidate_cells=49 candidates=3155 r5_runs=6400 result=noop_equal_content vm_get_emerged_area_calls=1 vm_get_emerged_area_us=3 vm_get_data_calls=1 vm_get_data_us=4348 vm_get_param2_data_calls=1 vm_get_param2_data_us=4344 vm_get_light_data_calls=0 vm_get_light_data_us=0 vm_set_data_calls=0 vm_set_data_us=0 vm_set_param2_data_calls=0 vm_set_param2_data_us=0 vm_set_lighting_calls=0 vm_set_lighting_us=0 vm_calc_lighting_calls=0 vm_calc_lighting_us=0 vm_set_light_data_calls=0 vm_set_light_data_us=0 vm_update_liquids_calls=0 vm_update_liquids_us=0
INFO[Emerge-0]: initialEmerge: area: (-48,32,-2528)(63,143,-2417)=112x112x112=1404928 (5MB)
ACTION[Emerge-0]: GRUG_WP40_PROFILE_CALLBACK callback=29 minp=-32,48,-2512 maxp=47,127,-2433 blockseed=3940567617 plan_us=82677 writer_us=36819 total_us=119496 columns=6400 candidate_cells=49 candidates=1662 r5_runs=6400 result=noop_equal_content vm_get_emerged_area_calls=1 vm_get_emerged_area_us=2 vm_get_data_calls=1 vm_get_data_us=4344 vm_get_param2_data_calls=1 vm_get_param2_data_us=4351 vm_get_light_data_calls=0 vm_get_light_data_us=0 vm_set_data_calls=0 vm_set_data_us=0 vm_set_param2_data_calls=0 vm_set_param2_data_us=0 vm_set_lighting_calls=0 vm_set_lighting_us=0 vm_calc_lighting_calls=0 vm_calc_lighting_us=0 vm_set_light_data_calls=0 vm_set_light_data_us=0 vm_update_liquids_calls=0 vm_update_liquids_us=0
INFO[Emerge-0]: initialEmerge: area: (32,32,-2528)(143,143,-2417)=112x112x112=1404928 (5MB)
ACTION[Emerge-0]: GRUG_WP40_PROFILE_CALLBACK callback=30 minp=48,48,-2512 maxp=127,127,-2433 blockseed=3606848129 plan_us=100049 writer_us=37111 total_us=137160 columns=6400 candidate_cells=49 candidates=1910 r5_runs=6400 result=noop_equal_content vm_get_emerged_area_calls=1 vm_get_emerged_area_us=2 vm_get_data_calls=1 vm_get_data_us=4344 vm_get_param2_data_calls=1 vm_get_param2_data_us=4350 vm_get_light_data_calls=0 vm_get_light_data_us=0 vm_set_data_calls=0 vm_set_data_us=0 vm_set_param2_data_calls=0 vm_set_param2_data_us=0 vm_set_lighting_calls=0 vm_set_lighting_us=0 vm_calc_lighting_calls=0 vm_calc_lighting_us=0 vm_set_light_data_calls=0 vm_set_light_data_us=0 vm_update_liquids_calls=0 vm_update_liquids_us=0
ACTION[Emerge-0]: [grug_core] start area ready: human (2/6, 22.6 s)
INFO[Emerge-0]: initialEmerge: area: (32,-48,2592)(143,63,2703)=112x112x112=1404928 (5MB)
ACTION[Server]: [grug_mobs] start npcs dawnmere: grug_mobs:guard_accord placed at socket gate_west (-4,18,-2493)
ACTION[Server]: [grug_mobs] start npcs dawnmere: grug_mobs:guard_accord placed at socket gate_east (4,18,-2493)
ACTION[Server]: [grug_mobs] start npcs dawnmere: grug_mobs:guard_accord placed at socket watch_gate (0,18,-2498)
ACTION[Server]: [grug_mobs] start npcs dawnmere: grug_traders:vendor_race_human placed at socket green_vendor (6,18,-2554)
ACTION[Server]: [grug_mobs] start npcs dawnmere: grug_mobs:villager_human placed at socket idle_cottage_door (10,18,-2566)
ACTION[Server]: [grug_mobs] start npcs dawnmere: grug_mobs:villager_human placed at socket idle_green_bench (-6,18,-2543)
ACTION[Server]: [grug_mobs] start npcs dawnmere: grug_mobs:villager_human placed at socket idle_barn (-19,18,-2550)
ACTION[Server]: [grug_mobs] start npcs dawnmere: grug_mobs:villager_human placed at socket idle_smithy (22,18,-2551)
ACTION[Server]: [grug_mobs] start npcs dawnmere: grug_mobs:elder_human placed at socket hall_quest (-11,18,-2542)
ACTION[Server]: [grug_mobs] start npcs human dawnmere: guards 3/3 flair 4/4 vendor 1/1 quest 1/1 new 9 pending 0
INFO[Main]: Profiler:
INFO[Main]:   ActiveObjectMgr: SAO count [#] __________________   20x      4.8
INFO[Main]:   Emerge-0: processed [#] _________________________    1x      121
INFO[Main]:   EmergeThread: Lua on_generated [ms] _____________    4x   247.25
INFO[Main]:   EmergeThread: Mapgen::makeChunk [ms] ____________    4x       29
INFO[Main]:   EmergeThread: after Mapgen::makeChunk [ms] ______    4x        1
INFO[Main]:   EmergeThread: load block - async (sum) [ms] 
INFO[Main]:   EmergeThread: update lighting [ms] ______________  101x    0.465
INFO[Main]:   SEnv: modify in blocks avg per interval [ms] 
INFO[Main]:   Server: collisionMoveSimple() [us] ______________   72x    3.361
INFO[Main]:   Server: map saving (sum) [ms] ___________________    1x        7
INFO[Main]:   Server: map timer and unload [ms] 
INFO[Main]:   Server: send SAO messages [ms] 
INFO[Main]:   Server: update objects within range [ms] 
INFO[Main]:   Server::AsyncRunStep() [ms] _____________________   20x      0.5
INFO[Main]:   Server::RunStep() (max) [ms] ____________________    1x       51
INFO[Main]:   Server::SendBlocks(): Collect list [ms] 
INFO[Main]:   Server::SendBlocks(): Send to clients [ms] 
INFO[Main]:   ServerEnv: ABMs run 
INFO[Main]:   ServerEnv: Run SAO::step() [ms] _________________   20x      0.1
INFO[Main]:   ServerEnv: Run node timers [ms] 
INFO[Main]:   ServerEnv: active blocks 
INFO[Main]:   ServerEnv: active blocks cached 
INFO[Main]:   ServerEnv: active blocks scanned for ABMs 
INFO[Main]:   ServerEnv: update active blocks [ms] 
INFO[Main]:   ServerEnv::step() [ms] __________________________   20x     0.15
INFO[Main]:   ServerEnvironment::removeRemovedObjects() [ms] 
INFO[Main]:   ServerMap: load block - sync (sum) [ms] _________    1x        2
INFO[Server]: ServerMap: Written: 1429 blocks, 6259 blocks in memory.
INFO[Server]: ServerMap: Blocks modified by: 
INFO[Server]:   addActiveObjectRaw ______________________________    1x        8
INFO[Server]:   finishBlockMake: expireIsAir, MMVManip::blitBackAll     1x      393
INFO[Server]:   setGenerated, finishBlockMake: expireIsAir, MMVManip::blitBackAll     1x      260
INFO[Server]:   setIsUnderground ________________________________    1x      343
INFO[Server]:   setIsUnderground, finishBlockMake: expireIsAir, MMVManip::blitBackAll     1x      185
INFO[Server]:   setIsUnderground, setGenerated, finishBlockMake: expireIsAir, MMVManip::blitBackAll     1x      240
ACTION[Emerge-0]: GRUG_WP40_PROFILE_CALLBACK callback=31 minp=48,-32,2608 maxp=127,47,2687 blockseed=2694271519 plan_us=460938 writer_us=494480 total_us=955418 columns=6400 candidate_cells=49 candidates=3586 r5_runs=24625 result=applied_cplq vm_get_emerged_area_calls=1 vm_get_emerged_area_us=2 vm_get_data_calls=1 vm_get_data_us=4336 vm_get_param2_data_calls=1 vm_get_param2_data_us=4342 vm_get_light_data_calls=2 vm_get_light_data_us=9234 vm_set_data_calls=1 vm_set_data_us=7030 vm_set_param2_data_calls=1 vm_set_param2_data_us=6840 vm_set_lighting_calls=1 vm_set_lighting_us=139 vm_calc_lighting_calls=1 vm_calc_lighting_us=2981 vm_set_light_data_calls=1 vm_set_light_data_us=6850 vm_update_liquids_calls=1 vm_update_liquids_us=1104
ACTION[Emerge-0]: GRUG_WP40_PROFILE_PROBE phase=cold event=emerge case=owner_48:-32:2608 mapchunk=48,-32,2608 elapsed_us=23627294 generated=1 disk=0 memory=124 cancelled=0 errored=0
INFO[Emerge-0]: initialEmerge: area: (1712,-48,-2688)(1823,63,-2577)=112x112x112=1404928 (5MB)
INFO[Main]: Profiler:
INFO[Main]:   ActiveObjectMgr: SAO count [#] __________________   20x    11.55
INFO[Main]:   Emerge-0: processed [#] _________________________    1x      125
INFO[Main]:   EmergeThread: Lua on_generated [ms] _____________    1x      956
INFO[Main]:   EmergeThread: Mapgen::makeChunk [ms] ____________    1x       31
INFO[Main]:   EmergeThread: after Mapgen::makeChunk [ms] ______    1x        1
INFO[Main]:   EmergeThread: load block - async (sum) [ms] 
INFO[Main]:   EmergeThread: update lighting [ms] ______________    3x    2.666
INFO[Main]:   SEnv: modify in blocks avg per interval [ms] 
INFO[Main]:   Server: collisionMoveSimple() [us] ______________  171x    4.087
INFO[Main]:   Server: map saving (sum) [ms] ___________________    1x       16
INFO[Main]:   Server: map timer and unload [ms] 
INFO[Main]:   Server: send SAO messages [ms] 
INFO[Main]:   Server: update objects within range [ms] 
INFO[Main]:   Server::AsyncRunStep() [ms] _____________________   20x      1.1
INFO[Main]:   Server::RunStep() (max) [ms] ____________________    1x       51
INFO[Main]:   Server::SendBlocks(): Collect list [ms] 
INFO[Main]:   Server::SendBlocks(): Send to clients [ms] 
INFO[Main]:   ServerEnv: ABMs run 
INFO[Main]:   ServerEnv: Run SAO::step() [ms] _________________   20x     0.25
INFO[Main]:   ServerEnv: Run node timers [ms] 
INFO[Main]:   ServerEnv: active blocks 
INFO[Main]:   ServerEnv: active blocks cached 
INFO[Main]:   ServerEnv: active blocks scanned for ABMs 
INFO[Main]:   ServerEnv: update active blocks [ms] ____________    1x        1
INFO[Main]:   ServerEnv::step() [ms] __________________________   20x      0.3
INFO[Main]:   ServerEnvironment::removeRemovedObjects() [ms] 
INFO[Main]:   ServerMap: load block - sync (sum) [ms] 
INFO[Server]: ServerMap: Written: 694 blocks, 6602 blocks in memory.
INFO[Server]: ServerMap: Blocks modified by: 
INFO[Server]:   deactivateFarObjects: static data changed _______    1x        8
INFO[Server]:   finishBlockMake: expireIsAir, MMVManip::blitBackAll     1x      218
INFO[Server]:   setGenerated, finishBlockMake: expireIsAir, MMVManip::blitBackAll     1x      125
INFO[Server]:   setIsUnderground ________________________________    1x      343
ACTION[Emerge-0]: GRUG_WP40_PROFILE_CALLBACK callback=32 minp=1728,-32,-2672 maxp=1807,47,-2593 blockseed=531517827 plan_us=436963 writer_us=409586 total_us=846549 columns=6400 candidate_cells=49 candidates=584 r5_runs=25600 result=applied_cplq vm_get_emerged_area_calls=1 vm_get_emerged_area_us=2 vm_get_data_calls=1 vm_get_data_us=4353 vm_get_param2_data_calls=1 vm_get_param2_data_us=4337 vm_get_light_data_calls=2 vm_get_light_data_us=8680 vm_set_data_calls=1 vm_set_data_us=7296 vm_set_param2_data_calls=1 vm_set_param2_data_us=7100 vm_set_lighting_calls=1 vm_set_lighting_us=132 vm_calc_lighting_calls=1 vm_calc_lighting_us=3712 vm_set_light_data_calls=1 vm_set_light_data_us=7110 vm_update_liquids_calls=1 vm_update_liquids_us=936
INFO[Emerge-0]: initialEmerge: area: (1792,-48,-2688)(1903,63,-2577)=112x112x112=1404928 (5MB)
INFO[Main]: Profiler:
INFO[Main]:   ActiveObjectMgr: SAO count [#] __________________   20x        3
INFO[Main]:   Emerge-0: processed [#] _________________________    1x        5
INFO[Main]:   EmergeThread: Lua on_generated [ms] _____________    1x      847
INFO[Main]:   EmergeThread: Mapgen::makeChunk [ms] ____________    1x       31
INFO[Main]:   EmergeThread: after Mapgen::makeChunk [ms] 
INFO[Main]:   EmergeThread: load block - async (sum) [ms] 
INFO[Main]:   EmergeThread: update lighting [ms] ______________    3x        3
INFO[Main]:   SEnv: modify in blocks avg per interval [ms] 
INFO[Main]:   Server: collisionMoveSimple() [us] 
INFO[Main]:   Server: map saving (sum) [ms] ___________________    1x        9
INFO[Main]:   Server: map timer and unload [ms] 
INFO[Main]:   Server: send SAO messages [ms] 
INFO[Main]:   Server: update objects within range [ms] 
INFO[Main]:   Server::AsyncRunStep() [ms] _____________________   20x     0.45
INFO[Main]:   Server::RunStep() (max) [ms] ____________________    1x       51
INFO[Main]:   Server::SendBlocks(): Collect list [ms] 
INFO[Main]:   Server::SendBlocks(): Send to clients [ms] 
INFO[Main]:   ServerEnv: ABMs run 
INFO[Main]:   ServerEnv: Run SAO::step() [ms] 
INFO[Main]:   ServerEnv: Run node timers [ms] 
INFO[Main]:   ServerEnv: active blocks 
INFO[Main]:   ServerEnv: active blocks cached 
INFO[Main]:   ServerEnv: active blocks scanned for ABMs 
INFO[Main]:   ServerEnv: update active blocks [ms] 
INFO[Main]:   ServerEnv::step() [ms] 
INFO[Main]:   ServerEnvironment::removeRemovedObjects() [ms] 
INFO[Main]:   ServerMap: load block - sync (sum) [ms] 
INFO[Server]: ServerMap: Written: 588 blocks, 6847 blocks in memory.
INFO[Server]: ServerMap: Blocks modified by: 
INFO[Server]:   finishBlockMake: expireIsAir, MMVManip::blitBackAll     1x      218
INFO[Server]:   setGenerated, finishBlockMake: expireIsAir, MMVManip::blitBackAll     1x      125
INFO[Server]:   setIsUnderground ________________________________    1x      245
ACTION[Emerge-0]: GRUG_WP40_PROFILE_CALLBACK callback=33 minp=1808,-32,-2672 maxp=1887,47,-2593 blockseed=3863239555 plan_us=397927 writer_us=401144 total_us=799071 columns=6400 candidate_cells=49 candidates=636 r5_runs=25600 result=applied_cplq vm_get_emerged_area_calls=1 vm_get_emerged_area_us=3 vm_get_data_calls=1 vm_get_data_us=4351 vm_get_param2_data_calls=1 vm_get_param2_data_us=4346 vm_get_light_data_calls=2 vm_get_light_data_us=8676 vm_set_data_calls=1 vm_set_data_us=7281 vm_set_param2_data_calls=1 vm_set_param2_data_us=7098 vm_set_lighting_calls=1 vm_set_lighting_us=168 vm_calc_lighting_calls=1 vm_calc_lighting_us=4183 vm_set_light_data_calls=1 vm_set_light_data_us=7119 vm_update_liquids_calls=1 vm_update_liquids_us=1044
INFO[Emerge-0]: initialEmerge: area: (1712,32,-2688)(1823,143,-2577)=112x112x112=1404928 (5MB)
ACTION[Emerge-0]: GRUG_WP40_PROFILE_CALLBACK callback=34 minp=1728,48,-2672 maxp=1807,127,-2593 blockseed=1176672465 plan_us=110492 writer_us=36276 total_us=146768 columns=6400 candidate_cells=49 candidates=584 r5_runs=6400 result=noop_equal_content vm_get_emerged_area_calls=1 vm_get_emerged_area_us=6 vm_get_data_calls=1 vm_get_data_us=4103 vm_get_param2_data_calls=1 vm_get_param2_data_us=4081 vm_get_light_data_calls=0 vm_get_light_data_us=0 vm_set_data_calls=0 vm_set_data_us=0 vm_set_param2_data_calls=0 vm_set_param2_data_us=0 vm_set_lighting_calls=0 vm_set_lighting_us=0 vm_calc_lighting_calls=0 vm_calc_lighting_us=0 vm_set_light_data_calls=0 vm_set_light_data_us=0 vm_update_liquids_calls=0 vm_update_liquids_us=0
INFO[Emerge-0]: initialEmerge: area: (1792,32,-2688)(1903,143,-2577)=112x112x112=1404928 (5MB)
ACTION[Emerge-0]: GRUG_WP40_PROFILE_CALLBACK callback=35 minp=1808,48,-2672 maxp=1887,127,-2593 blockseed=1474394833 plan_us=95249 writer_us=36545 total_us=131794 columns=6400 candidate_cells=49 candidates=636 r5_runs=6400 result=noop_equal_content vm_get_emerged_area_calls=1 vm_get_emerged_area_us=1 vm_get_data_calls=1 vm_get_data_us=4073 vm_get_param2_data_calls=1 vm_get_param2_data_us=4081 vm_get_light_data_calls=0 vm_get_light_data_us=0 vm_set_data_calls=0 vm_set_data_us=0 vm_set_param2_data_calls=0 vm_set_param2_data_us=0 vm_set_lighting_calls=0 vm_set_lighting_us=0 vm_calc_lighting_calls=0 vm_calc_lighting_us=0 vm_set_light_data_calls=0 vm_set_light_data_us=0 vm_update_liquids_calls=0 vm_update_liquids_us=0
INFO[Emerge-0]: initialEmerge: area: (1712,-48,-2608)(1823,63,-2497)=112x112x112=1404928 (5MB)
INFO[Main]: Profiler:
INFO[Main]:   ActiveObjectMgr: SAO count [#] 
INFO[Main]:   Emerge-0: processed [#] _________________________    1x      139
INFO[Main]:   EmergeThread: Lua on_generated [ms] _____________    3x      359
INFO[Main]:   EmergeThread: Mapgen::makeChunk [ms] ____________    3x       28
INFO[Main]:   EmergeThread: after Mapgen::makeChunk [ms] ______    3x    1.333
INFO[Main]:   EmergeThread: load block - async (sum) [ms] 
INFO[Main]:   EmergeThread: update lighting [ms] ______________    5x      6.4
INFO[Main]:   SEnv: modify in blocks avg per interval [ms] 
INFO[Main]:   Server: collisionMoveSimple() [us] 
INFO[Main]:   Server: map saving (sum) [ms] ___________________    1x        8
INFO[Main]:   Server: map timer and unload [ms] 
INFO[Main]:   Server: send SAO messages [ms] 
INFO[Main]:   Server: update objects within range [ms] 
INFO[Main]:   Server::AsyncRunStep() [ms] _____________________   20x     0.45
INFO[Main]:   Server::RunStep() (max) [ms] ____________________    1x       51
INFO[Main]:   Server::SendBlocks(): Collect list [ms] 
INFO[Main]:   Server::SendBlocks(): Send to clients [ms] 
INFO[Main]:   ServerEnv: ABMs run 
INFO[Main]:   ServerEnv: Run SAO::step() [ms] 
INFO[Main]:   ServerEnv: Run node timers [ms] _________________    5x      0.2
INFO[Main]:   ServerEnv: active blocks 
INFO[Main]:   ServerEnv: active blocks cached 
INFO[Main]:   ServerEnv: active blocks scanned for ABMs 
INFO[Main]:   ServerEnv: update active blocks [ms] 
INFO[Main]:   ServerEnv::step() [ms] __________________________   20x     0.05
INFO[Main]:   ServerEnvironment::removeRemovedObjects() [ms] 
INFO[Main]:   ServerMap: load block - sync (sum) [ms] _________    1x        1
INFO[Server]: ServerMap: Written: 1078 blocks, 7512 blocks in memory.
INFO[Server]: ServerMap: Blocks modified by: 
INFO[Server]:   finishBlockMake: expireIsAir, MMVManip::blitBackAll     1x      238
INFO[Server]:   setGenerated, finishBlockMake: expireIsAir, MMVManip::blitBackAll     1x      175
INFO[Server]:   setIsUnderground ________________________________    1x      245
INFO[Server]:   setIsUnderground, finishBlockMake: expireIsAir, MMVManip::blitBackAll     1x      220
INFO[Server]:   setIsUnderground, setGenerated, finishBlockMake: expireIsAir, MMVManip::blitBackAll     1x      200
ACTION[Emerge-0]: GRUG_WP40_PROFILE_CALLBACK callback=36 minp=1728,-32,-2592 maxp=1807,47,-2513 blockseed=2502033521 plan_us=286173 writer_us=381540 total_us=667713 columns=6400 candidate_cells=49 candidates=164 r5_runs=25600 result=applied_cplq vm_get_emerged_area_calls=1 vm_get_emerged_area_us=2 vm_get_data_calls=1 vm_get_data_us=4387 vm_get_param2_data_calls=1 vm_get_param2_data_us=4357 vm_get_light_data_calls=2 vm_get_light_data_us=8421 vm_set_data_calls=1 vm_set_data_us=7334 vm_set_param2_data_calls=1 vm_set_param2_data_us=7129 vm_set_lighting_calls=16 vm_set_lighting_us=143 vm_calc_lighting_calls=1 vm_calc_lighting_us=6510 vm_set_light_data_calls=1 vm_set_light_data_us=7126 vm_update_liquids_calls=1 vm_update_liquids_us=1051
INFO[Emerge-0]: initialEmerge: area: (1792,-48,-2608)(1903,63,-2497)=112x112x112=1404928 (5MB)
INFO[Main]: Profiler:
INFO[Main]:   ActiveObjectMgr: SAO count [#] 
INFO[Main]:   Emerge-0: processed [#] _________________________    1x        5
INFO[Main]:   EmergeThread: Lua on_generated [ms] _____________    1x      668
INFO[Main]:   EmergeThread: Mapgen::makeChunk [ms] ____________    1x       32
INFO[Main]:   EmergeThread: after Mapgen::makeChunk [ms] ______    1x        1
INFO[Main]:   EmergeThread: load block - async (sum) [ms] 
INFO[Main]:   EmergeThread: update lighting [ms] ______________   35x      0.6
INFO[Main]:   SEnv: modify in blocks avg per interval [ms] 
INFO[Main]:   Server: collisionMoveSimple() [us] 
INFO[Main]:   Server: map saving (sum) [ms] ___________________    1x       13
INFO[Main]:   Server: map timer and unload [ms] 
INFO[Main]:   Server: send SAO messages [ms] 
INFO[Main]:   Server: update objects within range [ms] 
INFO[Main]:   Server::AsyncRunStep() [ms] _____________________   20x     0.65
INFO[Main]:   Server::RunStep() (max) [ms] ____________________    1x       51
INFO[Main]:   Server::SendBlocks(): Collect list [ms] 
INFO[Main]:   Server::SendBlocks(): Send to clients [ms] 
INFO[Main]:   ServerEnv: ABMs run 
INFO[Main]:   ServerEnv: Run SAO::step() [ms] 
INFO[Main]:   ServerEnv: Run node timers [ms] 
INFO[Main]:   ServerEnv: active blocks 
INFO[Main]:   ServerEnv: active blocks cached 
INFO[Main]:   ServerEnv: active blocks scanned for ABMs 
INFO[Main]:   ServerEnv: update active blocks [ms] 
INFO[Main]:   ServerEnv::step() [ms] 
INFO[Main]:   ServerEnvironment::removeRemovedObjects() [ms] 
INFO[Main]:   ServerMap: load block - sync (sum) [ms] _________    1x        1
ACTION[Emerge-0]: GRUG_WP40_PROFILE_CALLBACK callback=37 minp=1808,-32,-2592 maxp=1887,47,-2513 blockseed=4271983665 plan_us=221160 writer_us=399916 total_us=621076 columns=6400 candidate_cells=49 candidates=258 r5_runs=25600 result=applied_cplq vm_get_emerged_area_calls=1 vm_get_emerged_area_us=1 vm_get_data_calls=1 vm_get_data_us=4349 vm_get_param2_data_calls=1 vm_get_param2_data_us=4357 vm_get_light_data_calls=2 vm_get_light_data_us=8698 vm_set_data_calls=1 vm_set_data_us=7308 vm_set_param2_data_calls=1 vm_set_param2_data_us=7116 vm_set_lighting_calls=16 vm_set_lighting_us=136 vm_calc_lighting_calls=1 vm_calc_lighting_us=6778 vm_set_light_data_calls=1 vm_set_light_data_us=7109 vm_update_liquids_calls=1 vm_update_liquids_us=1074
INFO[Emerge-0]: initialEmerge: area: (1712,32,-2608)(1823,143,-2497)=112x112x112=1404928 (5MB)
INFO[Server]: ServerMap: Written: 763 blocks, 7862 blocks in memory.
INFO[Server]: ServerMap: Blocks modified by: 
INFO[Server]:   finishBlockMake: expireIsAir, MMVManip::blitBackAll     1x      243
INFO[Server]:   setGenerated, finishBlockMake: expireIsAir, MMVManip::blitBackAll     1x      170
INFO[Server]:   setIsUnderground ________________________________    1x      175
INFO[Server]:   setIsUnderground, finishBlockMake: expireIsAir, MMVManip::blitBackAll     1x       95
INFO[Server]:   setIsUnderground, setGenerated, finishBlockMake: expireIsAir, MMVManip::blitBackAll     1x       80
ACTION[Emerge-0]: GRUG_WP40_PROFILE_CALLBACK callback=38 minp=1728,48,-2592 maxp=1807,127,-2513 blockseed=1520138433 plan_us=61846 writer_us=36934 total_us=98780 columns=6400 candidate_cells=49 candidates=164 r5_runs=6400 result=noop_equal_content vm_get_emerged_area_calls=1 vm_get_emerged_area_us=2 vm_get_data_calls=1 vm_get_data_us=4361 vm_get_param2_data_calls=1 vm_get_param2_data_us=4354 vm_get_light_data_calls=0 vm_get_light_data_us=0 vm_set_data_calls=0 vm_set_data_us=0 vm_set_param2_data_calls=0 vm_set_param2_data_us=0 vm_set_lighting_calls=0 vm_set_lighting_us=0 vm_calc_lighting_calls=0 vm_calc_lighting_us=0 vm_set_light_data_calls=0 vm_set_light_data_us=0 vm_update_liquids_calls=0 vm_update_liquids_us=0
INFO[Emerge-0]: initialEmerge: area: (1792,32,-2608)(1903,143,-2497)=112x112x112=1404928 (5MB)
ACTION[Emerge-0]: GRUG_WP40_PROFILE_CALLBACK callback=39 minp=1808,48,-2592 maxp=1887,127,-2513 blockseed=3325787137 plan_us=59235 writer_us=37203 total_us=96438 columns=6400 candidate_cells=49 candidates=258 r5_runs=6400 result=noop_equal_content vm_get_emerged_area_calls=1 vm_get_emerged_area_us=3 vm_get_data_calls=1 vm_get_data_us=4406 vm_get_param2_data_calls=1 vm_get_param2_data_us=4339 vm_get_light_data_calls=0 vm_get_light_data_us=0 vm_set_data_calls=0 vm_set_data_us=0 vm_set_param2_data_calls=0 vm_set_param2_data_us=0 vm_set_lighting_calls=0 vm_set_lighting_us=0 vm_calc_lighting_calls=0 vm_calc_lighting_us=0 vm_set_light_data_calls=0 vm_set_light_data_us=0 vm_update_liquids_calls=0 vm_update_liquids_us=0
INFO[Emerge-0]: initialEmerge: area: (1712,-48,-2528)(1823,63,-2417)=112x112x112=1404928 (5MB)
ACTION[Emerge-0]: GRUG_WP40_PROFILE_CALLBACK callback=40 minp=1728,-32,-2512 maxp=1807,47,-2433 blockseed=1028341473 plan_us=323294 writer_us=385175 total_us=708469 columns=6400 candidate_cells=49 candidates=477 r5_runs=25600 result=applied_cplq vm_get_emerged_area_calls=1 vm_get_emerged_area_us=1 vm_get_data_calls=1 vm_get_data_us=4358 vm_get_param2_data_calls=1 vm_get_param2_data_us=4351 vm_get_light_data_calls=2 vm_get_light_data_us=8684 vm_set_data_calls=1 vm_set_data_us=7283 vm_set_param2_data_calls=1 vm_set_param2_data_us=7095 vm_set_lighting_calls=16 vm_set_lighting_us=148 vm_calc_lighting_calls=1 vm_calc_lighting_us=5843 vm_set_light_data_calls=1 vm_set_light_data_us=7101 vm_update_liquids_calls=1 vm_update_liquids_us=1112
INFO[Emerge-0]: initialEmerge: area: (1792,-48,-2528)(1903,63,-2417)=112x112x112=1404928 (5MB)
INFO[Main]: Profiler:
INFO[Main]:   ActiveObjectMgr: SAO count [#] 
INFO[Main]:   Emerge-0: processed [#] _________________________    1x      360
INFO[Main]:   EmergeThread: Lua on_generated [ms] _____________    4x   381.25
INFO[Main]:   EmergeThread: Mapgen::makeChunk [ms] ____________    3x   29.333
INFO[Main]:   EmergeThread: after Mapgen::makeChunk [ms] ______    4x     0.75
INFO[Main]:   EmergeThread: load block - async (sum) [ms] 
INFO[Main]:   EmergeThread: update lighting [ms] ______________   20x      1.9
INFO[Main]:   SEnv: modify in blocks avg per interval [ms] 
INFO[Main]:   Server: collisionMoveSimple() [us] 
INFO[Main]:   Server: map saving (sum) [ms] ___________________    1x       11
INFO[Main]:   Server: map timer and unload [ms] 
INFO[Main]:   Server: send SAO messages [ms] 
INFO[Main]:   Server: update objects within range [ms] 
INFO[Main]:   Server::AsyncRunStep() [ms] _____________________   20x      0.6
INFO[Main]:   Server::RunStep() (max) [ms] ____________________    1x       51
INFO[Main]:   Server::SendBlocks(): Collect list [ms] 
INFO[Main]:   Server::SendBlocks(): Send to clients [ms] 
INFO[Main]:   ServerEnv: ABMs run 
INFO[Main]:   ServerEnv: Run SAO::step() [ms] 
INFO[Main]:   ServerEnv: Run node timers [ms] 
INFO[Main]:   ServerEnv: active blocks 
INFO[Main]:   ServerEnv: active blocks cached 
INFO[Main]:   ServerEnv: active blocks scanned for ABMs 
INFO[Main]:   ServerEnv: update active blocks [ms] 
INFO[Main]:   ServerEnv::step() [ms] __________________________   20x     0.05
INFO[Main]:   ServerEnvironment::removeRemovedObjects() [ms] 
INFO[Main]:   ServerMap: load block - sync (sum) [ms] _________    1x        3
INFO[Server]: ServerMap: Written: 1078 blocks, 8407 blocks in memory.
INFO[Server]: ServerMap: Blocks modified by: 
INFO[Server]:   finishBlockMake: expireIsAir, MMVManip::blitBackAll     1x      322
INFO[Server]:   setGenerated, finishBlockMake: expireIsAir, MMVManip::blitBackAll     1x      211
INFO[Server]:   setIsUnderground ________________________________    1x      175
INFO[Server]:   setIsUnderground, finishBlockMake: expireIsAir, MMVManip::blitBackAll     1x      206
INFO[Server]:   setIsUnderground, setGenerated, finishBlockMake: expireIsAir, MMVManip::blitBackAll     1x      164
ACTION[Emerge-0]: GRUG_WP40_PROFILE_CALLBACK callback=41 minp=1808,-32,-2512 maxp=1887,47,-2433 blockseed=3301998945 plan_us=243866 writer_us=403529 total_us=647395 columns=6400 candidate_cells=49 candidates=508 r5_runs=25600 result=applied_cplq vm_get_emerged_area_calls=1 vm_get_emerged_area_us=1 vm_get_data_calls=1 vm_get_data_us=4356 vm_get_param2_data_calls=1 vm_get_param2_data_us=4358 vm_get_light_data_calls=2 vm_get_light_data_us=8438 vm_set_data_calls=1 vm_set_data_us=7303 vm_set_param2_data_calls=1 vm_set_param2_data_us=7107 vm_set_lighting_calls=16 vm_set_lighting_us=144 vm_calc_lighting_calls=1 vm_calc_lighting_us=6040 vm_set_light_data_calls=1 vm_set_light_data_us=7100 vm_update_liquids_calls=1 vm_update_liquids_us=1037
INFO[Emerge-0]: initialEmerge: area: (1712,32,-2528)(1823,143,-2417)=112x112x112=1404928 (5MB)
ACTION[Emerge-0]: GRUG_WP40_PROFILE_CALLBACK callback=42 minp=1728,48,-2512 maxp=1807,127,-2433 blockseed=3670819657 plan_us=91523 writer_us=174426 total_us=265949 columns=6400 candidate_cells=49 candidates=477 r5_runs=6400 result=applied_clq vm_get_emerged_area_calls=1 vm_get_emerged_area_us=2 vm_get_data_calls=1 vm_get_data_us=4116 vm_get_param2_data_calls=1 vm_get_param2_data_us=4083 vm_get_light_data_calls=2 vm_get_light_data_us=8161 vm_set_data_calls=1 vm_set_data_us=7314 vm_set_param2_data_calls=0 vm_set_param2_data_us=0 vm_set_lighting_calls=1 vm_set_lighting_us=126 vm_calc_lighting_calls=1 vm_calc_lighting_us=12300 vm_set_light_data_calls=1 vm_set_light_data_us=7126 vm_update_liquids_calls=1 vm_update_liquids_us=910
INFO[Emerge-0]: initialEmerge: area: (1792,32,-2528)(1903,143,-2417)=112x112x112=1404928 (5MB)
INFO[Main]: Profiler:
INFO[Main]:   ActiveObjectMgr: SAO count [#] 
INFO[Main]:   Emerge-0: processed [#] _________________________    1x       36
INFO[Main]:   EmergeThread: Lua on_generated [ms] _____________    2x    456.5
INFO[Main]:   EmergeThread: Mapgen::makeChunk [ms] ____________    2x     34.5
INFO[Main]:   EmergeThread: after Mapgen::makeChunk [ms] ______    2x        1
INFO[Main]:   EmergeThread: load block - async (sum) [ms] 
INFO[Main]:   EmergeThread: update lighting [ms] ______________   21x    1.809
INFO[Main]:   SEnv: modify in blocks avg per interval [ms] 
INFO[Main]:   Server: collisionMoveSimple() [us] 
INFO[Main]:   Server: map saving (sum) [ms] ___________________    1x       13
INFO[Main]:   Server: map timer and unload [ms] 
INFO[Main]:   Server: send SAO messages [ms] 
INFO[Main]:   Server: update objects within range [ms] 
INFO[Main]:   Server::AsyncRunStep() [ms] _____________________   20x     0.65
INFO[Main]:   Server::RunStep() (max) [ms] ____________________    1x       51
INFO[Main]:   Server::SendBlocks(): Collect list [ms] 
INFO[Main]:   Server::SendBlocks(): Send to clients [ms] 
INFO[Main]:   ServerEnv: ABMs run 
INFO[Main]:   ServerEnv: Run SAO::step() [ms] 
INFO[Main]:   ServerEnv: Run node timers [ms] 
INFO[Main]:   ServerEnv: active blocks 
INFO[Main]:   ServerEnv: active blocks cached 
INFO[Main]:   ServerEnv: active blocks scanned for ABMs 
INFO[Main]:   ServerEnv: update active blocks [ms] 
INFO[Main]:   ServerEnv::step() [ms] 
INFO[Main]:   ServerEnvironment::removeRemovedObjects() [ms] 
INFO[Main]:   ServerMap: load block - sync (sum) [ms] 
INFO[Server]: ServerMap: Written: 783 blocks, 8707 blocks in memory.
INFO[Server]: ServerMap: Blocks modified by: 
INFO[Server]:   finishBlockMake: expireIsAir, MMVManip::blitBackAll     1x      313
INFO[Server]:   setGenerated, finishBlockMake: expireIsAir, MMVManip::blitBackAll     1x      170
INFO[Server]:   setIsUnderground ________________________________    1x      125
INFO[Server]:   setIsUnderground, finishBlockMake: expireIsAir, MMVManip::blitBackAll     1x       95
INFO[Server]:   setIsUnderground, setGenerated, finishBlockMake: expireIsAir, MMVManip::blitBackAll     1x       80
ACTION[Emerge-0]: GRUG_WP40_PROFILE_CALLBACK callback=43 minp=1808,48,-2512 maxp=1887,127,-2433 blockseed=3607480137 plan_us=84180 writer_us=102857 total_us=187037 columns=6400 candidate_cells=49 candidates=508 r5_runs=6400 result=applied_cl vm_get_emerged_area_calls=1 vm_get_emerged_area_us=2 vm_get_data_calls=1 vm_get_data_us=4348 vm_get_param2_data_calls=1 vm_get_param2_data_us=4345 vm_get_light_data_calls=2 vm_get_light_data_us=8760 vm_set_data_calls=1 vm_set_data_us=7325 vm_set_param2_data_calls=0 vm_set_param2_data_us=0 vm_set_lighting_calls=60 vm_set_lighting_us=38 vm_calc_lighting_calls=1 vm_calc_lighting_us=12792 vm_set_light_data_calls=1 vm_set_light_data_us=7122 vm_update_liquids_calls=0 vm_update_liquids_us=0
ACTION[Emerge-0]: [grug_core] start area ready: elf (3/6, 29.2 s)
INFO[Emerge-0]: initialEmerge: area: (-1888,-48,2432)(-1777,63,2543)=112x112x112=1404928 (5MB)
ACTION[Server]: [grug_mobs] start npcs silverleaf: grug_mobs:guard_accord placed at socket gate_west (1796,22,-2493)
ACTION[Server]: [grug_mobs] start npcs silverleaf: grug_mobs:guard_accord placed at socket gate_east (1804,22,-2493)
ACTION[Server]: [grug_mobs] start npcs silverleaf: grug_mobs:guard_accord placed at socket watch_gate (1800,22,-2498)
ACTION[Server]: [grug_mobs] start npcs silverleaf: grug_traders:vendor_race_elf placed at socket court_vendor (1807,22,-2554)
ACTION[Server]: [grug_mobs] start npcs silverleaf: grug_mobs:villager_elf placed at socket idle_shrine_door (1779,22,-2534)
ACTION[Server]: [grug_mobs] start npcs silverleaf: grug_mobs:villager_elf placed at socket idle_court_bench (1793,22,-2545)
ACTION[Server]: [grug_mobs] start npcs silverleaf: grug_mobs:villager_elf placed at socket idle_bowyer (1828,22,-2551)
ACTION[Server]: [grug_mobs] start npcs silverleaf: grug_mobs:villager_elf placed at socket idle_market (1769,22,-2550)
ACTION[Server]: [grug_mobs] start npcs silverleaf: grug_mobs:elder_elf placed at socket hall_quest (1820,22,-2536)
ACTION[Server]: [grug_mobs] start npcs elf silverleaf: guards 3/3 flair 4/4 vendor 1/1 quest 1/1 new 9 pending 0
INFO[Main]: Profiler:
INFO[Main]:   ActiveObjectMgr: SAO count [#] __________________   20x     9.15
INFO[Main]:   Emerge-0: processed [#] _________________________    1x      103
INFO[Main]:   EmergeThread: Lua on_generated [ms] _____________    1x      187
INFO[Main]:   EmergeThread: Mapgen::makeChunk [ms] ____________    2x     32.5
INFO[Main]:   EmergeThread: after Mapgen::makeChunk [ms] ______    1x        1
INFO[Main]:   EmergeThread: load block - async (sum) [ms] 
INFO[Main]:   EmergeThread: update lighting [ms] ______________   63x    0.444
INFO[Main]:   SEnv: modify in blocks avg per interval [ms] 
INFO[Main]:   Server: collisionMoveSimple() [us] ______________  135x    2.748
INFO[Main]:   Server: map saving (sum) [ms] ___________________    1x        9
INFO[Main]:   Server: map timer and unload [ms] 
INFO[Main]:   Server: send SAO messages [ms] 
INFO[Main]:   Server: update objects within range [ms] 
INFO[Main]:   Server::AsyncRunStep() [ms] _____________________   20x     0.75
INFO[Main]:   Server::RunStep() (max) [ms] ____________________    1x       51
INFO[Main]:   Server::SendBlocks(): Collect list [ms] 
INFO[Main]:   Server::SendBlocks(): Send to clients [ms] 
INFO[Main]:   ServerEnv: ABMs run 
INFO[Main]:   ServerEnv: Run SAO::step() [ms] _________________   20x      0.2
INFO[Main]:   ServerEnv: Run node timers [ms] 
INFO[Main]:   ServerEnv: active blocks 
INFO[Main]:   ServerEnv: active blocks cached 
INFO[Main]:   ServerEnv: active blocks scanned for ABMs 
INFO[Main]:   ServerEnv: update active blocks [ms] 
INFO[Main]:   ServerEnv::step() [ms] __________________________   20x      0.3
INFO[Main]:   ServerEnvironment::removeRemovedObjects() [ms] 
INFO[Main]:   ServerMap: load block - sync (sum) [ms] 
ACTION[Emerge-0]: GRUG_WP40_PROFILE_CALLBACK callback=44 minp=-1872,-32,2448 maxp=-1793,47,2527 blockseed=3438686605 plan_us=467192 writer_us=331691 total_us=798883 columns=6400 candidate_cells=49 candidates=110 r5_runs=6400 result=applied_clq vm_get_emerged_area_calls=1 vm_get_emerged_area_us=2 vm_get_data_calls=1 vm_get_data_us=4346 vm_get_param2_data_calls=1 vm_get_param2_data_us=4409 vm_get_light_data_calls=2 vm_get_light_data_us=8698 vm_set_data_calls=1 vm_set_data_us=7308 vm_set_param2_data_calls=0 vm_set_param2_data_us=0 vm_set_lighting_calls=1 vm_set_lighting_us=145 vm_calc_lighting_calls=1 vm_calc_lighting_us=811 vm_set_light_data_calls=1 vm_set_light_data_us=7125 vm_update_liquids_calls=1 vm_update_liquids_us=929
INFO[Emerge-0]: initialEmerge: area: (-1808,-48,2432)(-1697,63,2543)=112x112x112=1404928 (5MB)
INFO[Server]: ServerMap: Written: 938 blocks, 9295 blocks in memory.
INFO[Server]: ServerMap: Blocks modified by: 
INFO[Server]:   addActiveObjectRaw, deactivateFarObjects: static data changed     1x        7
INFO[Server]:   finishBlockMake: expireIsAir, MMVManip::blitBackAll     1x      218
INFO[Server]:   setGenerated, finishBlockMake: expireIsAir, MMVManip::blitBackAll     1x      125
INFO[Server]:   setIsUnderground ________________________________    1x      245
INFO[Server]:   setIsUnderground, finishBlockMake: expireIsAir, MMVManip::blitBackAll     1x      218
INFO[Server]:   setIsUnderground, setGenerated, finishBlockMake: expireIsAir, MMVManip::blitBackAll     1x      125
ACTION[Emerge-0]: GRUG_WP40_PROFILE_CALLBACK callback=45 minp=-1792,-32,2448 maxp=-1713,47,2527 blockseed=693882809 plan_us=356396 writer_us=355865 total_us=712261 columns=6400 candidate_cells=49 candidates=133 r5_runs=6400 result=applied_clq vm_get_emerged_area_calls=1 vm_get_emerged_area_us=2 vm_get_data_calls=1 vm_get_data_us=4358 vm_get_param2_data_calls=1 vm_get_param2_data_us=4354 vm_get_light_data_calls=2 vm_get_light_data_us=8163 vm_set_data_calls=1 vm_set_data_us=7310 vm_set_param2_data_calls=0 vm_set_param2_data_us=0 vm_set_lighting_calls=1 vm_set_lighting_us=145 vm_calc_lighting_calls=1 vm_calc_lighting_us=900 vm_set_light_data_calls=1 vm_set_light_data_us=7115 vm_update_liquids_calls=1 vm_update_liquids_us=946
INFO[Emerge-0]: initialEmerge: area: (-1888,32,2432)(-1777,143,2543)=112x112x112=1404928 (5MB)
INFO[Main]: Profiler:
INFO[Main]:   ActiveObjectMgr: SAO count [#] __________________   20x      1.5
INFO[Main]:   Emerge-0: processed [#] _________________________    1x       18
INFO[Main]:   EmergeThread: Lua on_generated [ms] _____________    2x    755.5
INFO[Main]:   EmergeThread: Mapgen::makeChunk [ms] ____________    2x     26.5
INFO[Main]:   EmergeThread: after Mapgen::makeChunk [ms] ______    2x        1
INFO[Main]:   EmergeThread: load block - async (sum) [ms] 
INFO[Main]:   EmergeThread: update lighting [ms] ______________    6x    2.166
INFO[Main]:   SEnv: modify in blocks avg per interval [ms] 
INFO[Main]:   Server: collisionMoveSimple() [us] 
INFO[Main]:   Server: map saving (sum) [ms] ___________________    1x       11
INFO[Main]:   Server: map timer and unload [ms] 
INFO[Main]:   Server: send SAO messages [ms] 
INFO[Main]:   Server: update objects within range [ms] 
INFO[Main]:   Server::AsyncRunStep() [ms] _____________________   20x     0.65
INFO[Main]:   Server::RunStep() (max) [ms] ____________________    1x       51
INFO[Main]:   Server::SendBlocks(): Collect list [ms] 
INFO[Main]:   Server::SendBlocks(): Send to clients [ms] 
INFO[Main]:   ServerEnv: ABMs run 
INFO[Main]:   ServerEnv: Run SAO::step() [ms] 
INFO[Main]:   ServerEnv: Run node timers [ms] 
INFO[Main]:   ServerEnv: active blocks 
INFO[Main]:   ServerEnv: active blocks cached 
INFO[Main]:   ServerEnv: active blocks scanned for ABMs 
INFO[Main]:   ServerEnv: update active blocks [ms] 
INFO[Main]:   ServerEnv::step() [ms] __________________________   20x     0.05
INFO[Main]:   ServerEnvironment::removeRemovedObjects() [ms] __    2x      0.5
INFO[Main]:   ServerMap: load block - sync (sum) [ms] _________    1x        2
INFO[Server]: ServerMap: Written: 588 blocks, 9540 blocks in memory.
INFO[Server]: ServerMap: Blocks modified by: 
INFO[Server]:   finishBlockMake: expireIsAir, MMVManip::blitBackAll     1x      218
INFO[Server]:   setGenerated, finishBlockMake: expireIsAir, MMVManip::blitBackAll     1x      125
INFO[Server]:   setIsUnderground ________________________________    1x      245
ACTION[Emerge-0]: GRUG_WP40_PROFILE_CALLBACK callback=46 minp=-1872,48,2448 maxp=-1793,127,2527 blockseed=3675838547 plan_us=60616 writer_us=235129 total_us=295745 columns=6400 candidate_cells=49 candidates=110 r5_runs=25600 result=applied_cplq vm_get_emerged_area_calls=1 vm_get_emerged_area_us=2 vm_get_data_calls=1 vm_get_data_us=4079 vm_get_param2_data_calls=1 vm_get_param2_data_us=4081 vm_get_light_data_calls=2 vm_get_light_data_us=8704 vm_set_data_calls=1 vm_set_data_us=7384 vm_set_param2_data_calls=1 vm_set_param2_data_us=7107 vm_set_lighting_calls=81 vm_set_lighting_us=88 vm_calc_lighting_calls=1 vm_calc_lighting_us=7397 vm_set_light_data_calls=1 vm_set_light_data_us=7115 vm_update_liquids_calls=1 vm_update_liquids_us=965
INFO[Emerge-0]: initialEmerge: area: (-1808,32,2432)(-1697,143,2543)=112x112x112=1404928 (5MB)
ACTION[Emerge-0]: GRUG_WP40_PROFILE_CALLBACK callback=47 minp=-1792,48,2448 maxp=-1713,127,2527 blockseed=1681576073 plan_us=72803 writer_us=232854 total_us=305657 columns=6400 candidate_cells=49 candidates=133 r5_runs=25600 result=applied_cplq vm_get_emerged_area_calls=1 vm_get_emerged_area_us=5 vm_get_data_calls=1 vm_get_data_us=4372 vm_get_param2_data_calls=1 vm_get_param2_data_us=4357 vm_get_light_data_calls=2 vm_get_light_data_us=8699 vm_set_data_calls=1 vm_set_data_us=7307 vm_set_param2_data_calls=1 vm_set_param2_data_us=7120 vm_set_lighting_calls=81 vm_set_lighting_us=92 vm_calc_lighting_calls=1 vm_calc_lighting_us=8777 vm_set_light_data_calls=1 vm_set_light_data_us=7118 vm_update_liquids_calls=1 vm_update_liquids_us=972
INFO[Emerge-0]: initialEmerge: area: (-1888,112,2432)(-1777,223,2543)=112x112x112=1404928 (5MB)
ACTION[Emerge-0]: GRUG_WP40_PROFILE_CALLBACK callback=48 minp=-1872,128,2448 maxp=-1793,207,2527 blockseed=232134273 plan_us=57944 writer_us=36130 total_us=94074 columns=6400 candidate_cells=49 candidates=110 r5_runs=6400 result=noop_equal_content vm_get_emerged_area_calls=1 vm_get_emerged_area_us=2 vm_get_data_calls=1 vm_get_data_us=4088 vm_get_param2_data_calls=1 vm_get_param2_data_us=4080 vm_get_light_data_calls=0 vm_get_light_data_us=0 vm_set_data_calls=0 vm_set_data_us=0 vm_set_param2_data_calls=0 vm_set_param2_data_us=0 vm_set_lighting_calls=0 vm_set_lighting_us=0 vm_calc_lighting_calls=0 vm_calc_lighting_us=0 vm_set_light_data_calls=0 vm_set_light_data_us=0 vm_update_liquids_calls=0 vm_update_liquids_us=0
INFO[Emerge-0]: initialEmerge: area: (-1808,112,2432)(-1697,223,2543)=112x112x112=1404928 (5MB)
ACTION[Emerge-0]: GRUG_WP40_PROFILE_CALLBACK callback=49 minp=-1792,128,2448 maxp=-1713,207,2527 blockseed=4293727921 plan_us=70635 writer_us=36240 total_us=106875 columns=6400 candidate_cells=49 candidates=133 r5_runs=6400 result=noop_equal_content vm_get_emerged_area_calls=1 vm_get_emerged_area_us=2 vm_get_data_calls=1 vm_get_data_us=4075 vm_get_param2_data_calls=1 vm_get_param2_data_us=4077 vm_get_light_data_calls=0 vm_get_light_data_us=0 vm_set_data_calls=0 vm_set_data_us=0 vm_set_param2_data_calls=0 vm_set_param2_data_us=0 vm_set_lighting_calls=0 vm_set_lighting_us=0 vm_calc_lighting_calls=0 vm_calc_lighting_us=0 vm_set_light_data_calls=0 vm_set_light_data_us=0 vm_update_liquids_calls=0 vm_update_liquids_us=0
INFO[Emerge-0]: initialEmerge: area: (-1888,-48,2512)(-1777,63,2623)=112x112x112=1404928 (5MB)
INFO[Main]: Profiler:
INFO[Main]:   ActiveObjectMgr: SAO count [#] 
INFO[Main]:   Emerge-0: processed [#] _________________________    1x      198
INFO[Main]:   EmergeThread: Lua on_generated [ms] _____________    4x   200.75
INFO[Main]:   EmergeThread: Mapgen::makeChunk [ms] ____________    4x    26.75
INFO[Main]:   EmergeThread: after Mapgen::makeChunk [ms] ______    4x     1.25
INFO[Main]:   EmergeThread: load block - async (sum) [ms] 
INFO[Main]:   EmergeThread: update lighting [ms] ______________  168x    0.291
INFO[Main]:   SEnv: modify in blocks avg per interval [ms] 
INFO[Main]:   Server: collisionMoveSimple() [us] 
INFO[Main]:   Server: map saving (sum) [ms] ___________________    1x        7
INFO[Main]:   Server: map timer and unload [ms] 
INFO[Main]:   Server: send SAO messages [ms] 
INFO[Main]:   Server: update objects within range [ms] 
INFO[Main]:   Server::AsyncRunStep() [ms] _____________________   20x      0.4
INFO[Main]:   Server::RunStep() (max) [ms] ____________________    1x       51
INFO[Main]:   Server::SendBlocks(): Collect list [ms] 
INFO[Main]:   Server::SendBlocks(): Send to clients [ms] 
INFO[Main]:   ServerEnv: ABMs run 
INFO[Main]:   ServerEnv: Run SAO::step() [ms] 
INFO[Main]:   ServerEnv: Run node timers [ms] 
INFO[Main]:   ServerEnv: active blocks 
INFO[Main]:   ServerEnv: active blocks cached 
INFO[Main]:   ServerEnv: active blocks scanned for ABMs 
INFO[Main]:   ServerEnv: update active blocks [ms] 
INFO[Main]:   ServerEnv::step() [ms] 
INFO[Main]:   ServerEnvironment::removeRemovedObjects() [ms] 
INFO[Main]:   ServerMap: load block - sync (sum) [ms] _________    1x        3
INFO[Server]: ServerMap: Written: 1253 blocks, 10380 blocks in memory.
INFO[Server]: ServerMap: Blocks modified by: 
INFO[Server]:   finishBlockMake: expireIsAir, MMVManip::blitBackAll     1x      213
INFO[Server]:   setGenerated, finishBlockMake: expireIsAir, MMVManip::blitBackAll     1x      200
INFO[Server]:   setIsUnderground ________________________________    1x      245
INFO[Server]:   setIsUnderground, finishBlockMake: expireIsAir, MMVManip::blitBackAll     1x      295
INFO[Server]:   setIsUnderground, setGenerated, finishBlockMake: expireIsAir, MMVManip::blitBackAll     1x      300
ACTION[Emerge-0]: GRUG_WP40_PROFILE_CALLBACK callback=50 minp=-1872,-32,2528 maxp=-1793,47,2607 blockseed=4017669865 plan_us=320324 writer_us=404765 total_us=725089 columns=6400 candidate_cells=49 candidates=55 r5_runs=6400 result=applied_clq vm_get_emerged_area_calls=1 vm_get_emerged_area_us=1 vm_get_data_calls=1 vm_get_data_us=4363 vm_get_param2_data_calls=1 vm_get_param2_data_us=4367 vm_get_light_data_calls=2 vm_get_light_data_us=8141 vm_set_data_calls=1 vm_set_data_us=7562 vm_set_param2_data_calls=0 vm_set_param2_data_us=0 vm_set_lighting_calls=34 vm_set_lighting_us=157 vm_calc_lighting_calls=1 vm_calc_lighting_us=1386 vm_set_light_data_calls=1 vm_set_light_data_us=7436 vm_update_liquids_calls=1 vm_update_liquids_us=953
INFO[Emerge-0]: initialEmerge: area: (-1808,-48,2512)(-1697,63,2623)=112x112x112=1404928 (5MB)
INFO[Main]: Profiler:
INFO[Main]:   ActiveObjectMgr: SAO count [#] 
INFO[Main]:   Emerge-0: processed [#] _________________________    1x        5
INFO[Main]:   EmergeThread: Lua on_generated [ms] _____________    1x      725
INFO[Main]:   EmergeThread: Mapgen::makeChunk [ms] ____________    1x       30
INFO[Main]:   EmergeThread: after Mapgen::makeChunk [ms] ______    1x        1
INFO[Main]:   EmergeThread: load block - async (sum) [ms] 
INFO[Main]:   EmergeThread: update lighting [ms] ______________   36x    0.166
INFO[Main]:   SEnv: modify in blocks avg per interval [ms] 
INFO[Main]:   Server: collisionMoveSimple() [us] 
INFO[Main]:   Server: map saving (sum) [ms] ___________________    1x       15
INFO[Main]:   Server: map timer and unload [ms] _______________    1x        1
INFO[Main]:   Server: send SAO messages [ms] 
INFO[Main]:   Server: update objects within range [ms] 
INFO[Main]:   Server::AsyncRunStep() [ms] _____________________   20x      0.8
INFO[Main]:   Server::RunStep() (max) [ms] ____________________    1x       51
INFO[Main]:   Server::SendBlocks(): Collect list [ms] 
INFO[Main]:   Server::SendBlocks(): Send to clients [ms] 
INFO[Main]:   ServerEnv: ABMs run 
INFO[Main]:   ServerEnv: Run SAO::step() [ms] 
INFO[Main]:   ServerEnv: Run node timers [ms] 
INFO[Main]:   ServerEnv: active blocks 
INFO[Main]:   ServerEnv: active blocks cached 
INFO[Main]:   ServerEnv: active blocks scanned for ABMs 
INFO[Main]:   ServerEnv: update active blocks [ms] 
INFO[Main]:   ServerEnv::step() [ms] 
INFO[Main]:   ServerEnvironment::removeRemovedObjects() [ms] 
INFO[Main]:   ServerMap: load block - sync (sum) [ms] _________    1x        1
INFO[Server]: ServerMap: Written: 518 blocks, 10555 blocks in memory.
INFO[Server]: ServerMap: Blocks modified by: 
INFO[Server]:   finishBlockMake: expireIsAir, MMVManip::blitBackAll     1x      218
INFO[Server]:   setGenerated, finishBlockMake: expireIsAir, MMVManip::blitBackAll     1x      125
INFO[Server]:   setIsUnderground ________________________________    1x      175
ACTION[Emerge-0]: GRUG_WP40_PROFILE_CALLBACK callback=51 minp=-1792,-32,2528 maxp=-1713,47,2607 blockseed=158761833 plan_us=252660 writer_us=411031 total_us=663691 columns=6400 candidate_cells=49 candidates=86 r5_runs=6400 result=applied_clq vm_get_emerged_area_calls=1 vm_get_emerged_area_us=2 vm_get_data_calls=1 vm_get_data_us=4359 vm_get_param2_data_calls=1 vm_get_param2_data_us=4356 vm_get_light_data_calls=2 vm_get_light_data_us=8683 vm_set_data_calls=1 vm_set_data_us=7291 vm_set_param2_data_calls=0 vm_set_param2_data_us=0 vm_set_lighting_calls=28 vm_set_lighting_us=159 vm_calc_lighting_calls=1 vm_calc_lighting_us=1452 vm_set_light_data_calls=1 vm_set_light_data_us=7116 vm_update_liquids_calls=1 vm_update_liquids_us=993
INFO[Emerge-0]: initialEmerge: area: (-1888,32,2512)(-1777,143,2623)=112x112x112=1404928 (5MB)
ACTION[Emerge-0]: GRUG_WP40_PROFILE_CALLBACK callback=52 minp=-1872,48,2528 maxp=-1793,127,2607 blockseed=1186318033 plan_us=50840 writer_us=216068 total_us=266908 columns=6400 candidate_cells=49 candidates=55 r5_runs=25600 result=applied_cplq vm_get_emerged_area_calls=1 vm_get_emerged_area_us=2 vm_get_data_calls=1 vm_get_data_us=4355 vm_get_param2_data_calls=1 vm_get_param2_data_us=4340 vm_get_light_data_calls=2 vm_get_light_data_us=8681 vm_set_data_calls=1 vm_set_data_us=7279 vm_set_param2_data_calls=1 vm_set_param2_data_us=7097 vm_set_lighting_calls=96 vm_set_lighting_us=90 vm_calc_lighting_calls=1 vm_calc_lighting_us=9986 vm_set_light_data_calls=1 vm_set_light_data_us=7106 vm_update_liquids_calls=1 vm_update_liquids_us=957
INFO[Emerge-0]: initialEmerge: area: (-1808,32,2512)(-1697,143,2623)=112x112x112=1404928 (5MB)
ACTION[Emerge-0]: GRUG_WP40_PROFILE_CALLBACK callback=53 minp=-1792,48,2528 maxp=-1713,127,2607 blockseed=3372141265 plan_us=67075 writer_us=238866 total_us=305941 columns=6400 candidate_cells=49 candidates=86 r5_runs=25600 result=applied_cplq vm_get_emerged_area_calls=1 vm_get_emerged_area_us=2 vm_get_data_calls=1 vm_get_data_us=4345 vm_get_param2_data_calls=1 vm_get_param2_data_us=4337 vm_get_light_data_calls=2 vm_get_light_data_us=10961 vm_set_data_calls=1 vm_set_data_us=7309 vm_set_param2_data_calls=1 vm_set_param2_data_us=7705 vm_set_lighting_calls=96 vm_set_lighting_us=102 vm_calc_lighting_calls=1 vm_calc_lighting_us=11393 vm_set_light_data_calls=1 vm_set_light_data_us=7101 vm_update_liquids_calls=1 vm_update_liquids_us=954
INFO[Emerge-0]: initialEmerge: area: (-1888,112,2512)(-1777,223,2623)=112x112x112=1404928 (5MB)
ACTION[Emerge-0]: GRUG_WP40_PROFILE_CALLBACK callback=54 minp=-1872,128,2528 maxp=-1793,207,2607 blockseed=2033322337 plan_us=48686 writer_us=38759 total_us=87445 columns=6400 candidate_cells=49 candidates=55 r5_runs=6400 result=noop_equal_content vm_get_emerged_area_calls=1 vm_get_emerged_area_us=1 vm_get_data_calls=1 vm_get_data_us=4374 vm_get_param2_data_calls=1 vm_get_param2_data_us=4393 vm_get_light_data_calls=0 vm_get_light_data_us=0 vm_set_data_calls=0 vm_set_data_us=0 vm_set_param2_data_calls=0 vm_set_param2_data_us=0 vm_set_lighting_calls=0 vm_set_lighting_us=0 vm_calc_lighting_calls=0 vm_calc_lighting_us=0 vm_set_light_data_calls=0 vm_set_light_data_us=0 vm_update_liquids_calls=0 vm_update_liquids_us=0
INFO[Emerge-0]: initialEmerge: area: (-1808,112,2512)(-1697,223,2623)=112x112x112=1404928 (5MB)
INFO[Main]: Profiler:
INFO[Main]:   ActiveObjectMgr: SAO count [#] 
INFO[Main]:   Emerge-0: processed [#] _________________________    1x       63
INFO[Main]:   EmergeThread: Lua on_generated [ms] _____________    4x   331.25
INFO[Main]:   EmergeThread: Mapgen::makeChunk [ms] ____________    4x    27.25
INFO[Main]:   EmergeThread: after Mapgen::makeChunk [ms] ______    4x     0.75
INFO[Main]:   EmergeThread: load block - async (sum) [ms] 
INFO[Main]:   EmergeThread: update lighting [ms] ______________  227x    0.295
INFO[Main]:   SEnv: modify in blocks avg per interval [ms] 
INFO[Main]:   Server: collisionMoveSimple() [us] 
INFO[Main]:   Server: map saving (sum) [ms] ___________________    1x        7
INFO[Main]:   Server: map timer and unload [ms] 
INFO[Main]:   Server: send SAO messages [ms] 
INFO[Main]:   Server: update objects within range [ms] 
INFO[Main]:   Server::AsyncRunStep() [ms] _____________________   20x     0.35
INFO[Main]:   Server::RunStep() (max) [ms] ____________________    1x       51
INFO[Main]:   Server::SendBlocks(): Collect list [ms] 
INFO[Main]:   Server::SendBlocks(): Send to clients [ms] 
INFO[Main]:   ServerEnv: ABMs run 
INFO[Main]:   ServerEnv: Run SAO::step() [ms] 
INFO[Main]:   ServerEnv: Run node timers [ms] 
INFO[Main]:   ServerEnv: active blocks 
INFO[Main]:   ServerEnv: active blocks cached 
INFO[Main]:   ServerEnv: active blocks scanned for ABMs 
INFO[Main]:   ServerEnv: update active blocks [ms] 
INFO[Main]:   ServerEnv::step() [ms] 
INFO[Main]:   ServerEnvironment::removeRemovedObjects() [ms] 
INFO[Main]:   ServerMap: load block - sync (sum) [ms] 
ACTION[Emerge-0]: GRUG_WP40_PROFILE_CALLBACK callback=55 minp=-1792,128,2528 maxp=-1713,207,2607 blockseed=1839709665 plan_us=64771 writer_us=36623 total_us=101394 columns=6400 candidate_cells=49 candidates=86 r5_runs=6400 result=noop_equal_content vm_get_emerged_area_calls=1 vm_get_emerged_area_us=2 vm_get_data_calls=1 vm_get_data_us=4348 vm_get_param2_data_calls=1 vm_get_param2_data_us=4345 vm_get_light_data_calls=0 vm_get_light_data_us=0 vm_set_data_calls=0 vm_set_data_us=0 vm_set_param2_data_calls=0 vm_set_param2_data_us=0 vm_set_lighting_calls=0 vm_set_lighting_us=0 vm_calc_lighting_calls=0 vm_calc_lighting_us=0 vm_set_light_data_calls=0 vm_set_light_data_us=0 vm_update_liquids_calls=0 vm_update_liquids_us=0
INFO[Emerge-0]: initialEmerge: area: (-1888,-48,2592)(-1777,63,2703)=112x112x112=1404928 (5MB)
INFO[Server]: ServerMap: Written: 1498 blocks, 11400 blocks in memory.
INFO[Server]: ServerMap: Blocks modified by: 
INFO[Server]:   finishBlockMake: expireIsAir, MMVManip::blitBackAll     1x      388
INFO[Server]:   setGenerated, finishBlockMake: expireIsAir, MMVManip::blitBackAll     1x      265
INFO[Server]:   setIsUnderground ________________________________    1x      245
INFO[Server]:   setIsUnderground, finishBlockMake: expireIsAir, MMVManip::blitBackAll     1x      240
INFO[Server]:   setIsUnderground, setGenerated, finishBlockMake: expireIsAir, MMVManip::blitBackAll     1x      360
ACTION[Emerge-0]: GRUG_WP40_PROFILE_CALLBACK callback=56 minp=-1872,-32,2608 maxp=-1793,47,2687 blockseed=2533785649 plan_us=335663 writer_us=485642 total_us=821305 columns=6400 candidate_cells=49 candidates=195 r5_runs=7316 result=applied_cplq vm_get_emerged_area_calls=1 vm_get_emerged_area_us=2 vm_get_data_calls=1 vm_get_data_us=4344 vm_get_param2_data_calls=1 vm_get_param2_data_us=4337 vm_get_light_data_calls=2 vm_get_light_data_us=8676 vm_set_data_calls=1 vm_set_data_us=7285 vm_set_param2_data_calls=1 vm_set_param2_data_us=7096 vm_set_lighting_calls=20 vm_set_lighting_us=164 vm_calc_lighting_calls=1 vm_calc_lighting_us=1444 vm_set_light_data_calls=1 vm_set_light_data_us=7092 vm_update_liquids_calls=1 vm_update_liquids_us=994
INFO[Emerge-0]: initialEmerge: area: (-1808,-48,2592)(-1697,63,2703)=112x112x112=1404928 (5MB)
INFO[Main]: Profiler:
INFO[Main]:   ActiveObjectMgr: SAO count [#] 
INFO[Main]:   Emerge-0: processed [#] _________________________    1x      297
INFO[Main]:   EmergeThread: Lua on_generated [ms] _____________    2x    461.5
INFO[Main]:   EmergeThread: Mapgen::makeChunk [ms] ____________    2x     28.5
INFO[Main]:   EmergeThread: after Mapgen::makeChunk [ms] ______    2x      0.5
INFO[Main]:   EmergeThread: load block - async (sum) [ms] 
INFO[Main]:   EmergeThread: update lighting [ms] ______________   23x    0.347
INFO[Main]:   SEnv: modify in blocks avg per interval [ms] 
INFO[Main]:   Server: collisionMoveSimple() [us] 
INFO[Main]:   Server: map saving (sum) [ms] ___________________    1x       17
INFO[Main]:   Server: map timer and unload [ms] 
INFO[Main]:   Server: send SAO messages [ms] 
INFO[Main]:   Server: update objects within range [ms] 
INFO[Main]:   Server::AsyncRunStep() [ms] _____________________   20x      0.9
INFO[Main]:   Server::RunStep() (max) [ms] ____________________    1x       51
INFO[Main]:   Server::SendBlocks(): Collect list [ms] 
INFO[Main]:   Server::SendBlocks(): Send to clients [ms] 
INFO[Main]:   ServerEnv: ABMs run 
INFO[Main]:   ServerEnv: Run SAO::step() [ms] 
INFO[Main]:   ServerEnv: Run node timers [ms] 
INFO[Main]:   ServerEnv: active blocks 
INFO[Main]:   ServerEnv: active blocks cached 
INFO[Main]:   ServerEnv: active blocks scanned for ABMs 
INFO[Main]:   ServerEnv: update active blocks [ms] 
INFO[Main]:   ServerEnv::step() [ms] __________________________   20x     0.05
INFO[Main]:   ServerEnvironment::removeRemovedObjects() [ms] 
INFO[Main]:   ServerMap: load block - sync (sum) [ms] _________    1x        1
INFO[Server]: ServerMap: Written: 518 blocks, 11575 blocks in memory.
INFO[Server]: ServerMap: Blocks modified by: 
INFO[Server]:   finishBlockMake: expireIsAir, MMVManip::blitBackAll     1x      218
INFO[Server]:   setGenerated, finishBlockMake: expireIsAir, MMVManip::blitBackAll     1x      125
INFO[Server]:   setIsUnderground ________________________________    1x      175
ACTION[Emerge-0]: GRUG_WP40_PROFILE_CALLBACK callback=57 minp=-1792,-32,2608 maxp=-1713,47,2687 blockseed=1356997617 plan_us=270951 writer_us=369287 total_us=640238 columns=6400 candidate_cells=49 candidates=203 r5_runs=6407 result=applied_clq vm_get_emerged_area_calls=1 vm_get_emerged_area_us=2 vm_get_data_calls=1 vm_get_data_us=4351 vm_get_param2_data_calls=1 vm_get_param2_data_us=4343 vm_get_light_data_calls=2 vm_get_light_data_us=8691 vm_set_data_calls=1 vm_set_data_us=7285 vm_set_param2_data_calls=0 vm_set_param2_data_us=0 vm_set_lighting_calls=16 vm_set_lighting_us=147 vm_calc_lighting_calls=1 vm_calc_lighting_us=1461 vm_set_light_data_calls=1 vm_set_light_data_us=7110 vm_update_liquids_calls=1 vm_update_liquids_us=984
INFO[Emerge-0]: initialEmerge: area: (-1888,32,2592)(-1777,143,2703)=112x112x112=1404928 (5MB)
ACTION[Emerge-0]: GRUG_WP40_PROFILE_CALLBACK callback=58 minp=-1872,48,2608 maxp=-1793,127,2687 blockseed=4210826753 plan_us=73208 writer_us=194839 total_us=268047 columns=6400 candidate_cells=49 candidates=195 r5_runs=23071 result=applied_cplq vm_get_emerged_area_calls=1 vm_get_emerged_area_us=2 vm_get_data_calls=1 vm_get_data_us=4346 vm_get_param2_data_calls=1 vm_get_param2_data_us=4344 vm_get_light_data_calls=2 vm_get_light_data_us=9227 vm_set_data_calls=1 vm_set_data_us=7584 vm_set_param2_data_calls=1 vm_set_param2_data_us=7377 vm_set_lighting_calls=96 vm_set_lighting_us=82 vm_calc_lighting_calls=1 vm_calc_lighting_us=9304 vm_set_light_data_calls=1 vm_set_light_data_us=7372 vm_update_liquids_calls=1 vm_update_liquids_us=940
INFO[Emerge-0]: initialEmerge: area: (-1808,32,2592)(-1697,143,2703)=112x112x112=1404928 (5MB)
INFO[Main]: Profiler:
INFO[Main]:   ActiveObjectMgr: SAO count [#] 
INFO[Main]:   Emerge-0: processed [#] _________________________    1x       18
INFO[Main]:   EmergeThread: Lua on_generated [ms] _____________    2x    454.5
INFO[Main]:   EmergeThread: Mapgen::makeChunk [ms] ____________    2x     25.5
INFO[Main]:   EmergeThread: after Mapgen::makeChunk [ms] ______    2x      0.5
INFO[Main]:   EmergeThread: load block - async (sum) [ms] 
INFO[Main]:   EmergeThread: update lighting [ms] ______________  116x    0.284
INFO[Main]:   SEnv: modify in blocks avg per interval [ms] 
INFO[Main]:   Server: collisionMoveSimple() [us] 
INFO[Main]:   Server: map saving (sum) [ms] ___________________    1x        7
INFO[Main]:   Server: map timer and unload [ms] _______________    1x        1
INFO[Main]:   Server: send SAO messages [ms] 
INFO[Main]:   Server: update objects within range [ms] 
INFO[Main]:   Server::AsyncRunStep() [ms] _____________________   20x      0.4
INFO[Main]:   Server::RunStep() (max) [ms] ____________________    1x       51
INFO[Main]:   Server::SendBlocks(): Collect list [ms] 
INFO[Main]:   Server::SendBlocks(): Send to clients [ms] 
INFO[Main]:   ServerEnv: ABMs run 
INFO[Main]:   ServerEnv: Run SAO::step() [ms] 
INFO[Main]:   ServerEnv: Run node timers [ms] 
INFO[Main]:   ServerEnv: active blocks 
INFO[Main]:   ServerEnv: active blocks cached 
INFO[Main]:   ServerEnv: active blocks scanned for ABMs 
INFO[Main]:   ServerEnv: update active blocks [ms] 
INFO[Main]:   ServerEnv::step() [ms] 
INFO[Main]:   ServerEnvironment::removeRemovedObjects() [ms] 
INFO[Main]:   ServerMap: load block - sync (sum) [ms] _________    1x        1
INFO[Server]: ServerMap: Written: 783 blocks, 11875 blocks in memory.
INFO[Server]: ServerMap: Blocks modified by: 
INFO[Server]:   finishBlockMake: expireIsAir, MMVManip::blitBackAll     1x      313
INFO[Server]:   setGenerated, finishBlockMake: expireIsAir, MMVManip::blitBackAll     1x      170
INFO[Server]:   setIsUnderground ________________________________    1x      125
INFO[Server]:   setIsUnderground, finishBlockMake: expireIsAir, MMVManip::blitBackAll     1x       95
INFO[Server]:   setIsUnderground, setGenerated, finishBlockMake: expireIsAir, MMVManip::blitBackAll     1x       80
ACTION[Emerge-0]: GRUG_WP40_PROFILE_CALLBACK callback=59 minp=-1792,48,2608 maxp=-1713,127,2687 blockseed=3846021825 plan_us=87660 writer_us=208925 total_us=296585 columns=6400 candidate_cells=49 candidates=203 r5_runs=24315 result=applied_cplq vm_get_emerged_area_calls=1 vm_get_emerged_area_us=2 vm_get_data_calls=1 vm_get_data_us=4353 vm_get_param2_data_calls=1 vm_get_param2_data_us=4342 vm_get_light_data_calls=2 vm_get_light_data_us=8695 vm_set_data_calls=1 vm_set_data_us=7297 vm_set_param2_data_calls=1 vm_set_param2_data_us=7113 vm_set_lighting_calls=96 vm_set_lighting_us=88 vm_calc_lighting_calls=1 vm_calc_lighting_us=10613 vm_set_light_data_calls=1 vm_set_light_data_us=7104 vm_update_liquids_calls=1 vm_update_liquids_us=949
INFO[Emerge-0]: initialEmerge: area: (-1888,112,2592)(-1777,223,2703)=112x112x112=1404928 (5MB)
ACTION[Emerge-0]: GRUG_WP40_PROFILE_CALLBACK callback=60 minp=-1872,128,2608 maxp=-1793,207,2687 blockseed=686784297 plan_us=70762 writer_us=39303 total_us=110065 columns=6400 candidate_cells=49 candidates=195 r5_runs=6400 result=noop_equal_content vm_get_emerged_area_calls=1 vm_get_emerged_area_us=2 vm_get_data_calls=1 vm_get_data_us=4349 vm_get_param2_data_calls=1 vm_get_param2_data_us=4309 vm_get_light_data_calls=0 vm_get_light_data_us=0 vm_set_data_calls=0 vm_set_data_us=0 vm_set_param2_data_calls=0 vm_set_param2_data_us=0 vm_set_lighting_calls=0 vm_set_lighting_us=0 vm_calc_lighting_calls=0 vm_calc_lighting_us=0 vm_set_light_data_calls=0 vm_set_light_data_us=0 vm_update_liquids_calls=0 vm_update_liquids_us=0
INFO[Emerge-0]: initialEmerge: area: (-1808,112,2592)(-1697,223,2703)=112x112x112=1404928 (5MB)
ACTION[Emerge-0]: GRUG_WP40_PROFILE_CALLBACK callback=61 minp=-1792,128,2608 maxp=-1713,207,2687 blockseed=316424297 plan_us=85258 writer_us=39876 total_us=125134 columns=6400 candidate_cells=49 candidates=203 r5_runs=6400 result=noop_equal_content vm_get_emerged_area_calls=1 vm_get_emerged_area_us=3 vm_get_data_calls=1 vm_get_data_us=4341 vm_get_param2_data_calls=1 vm_get_param2_data_us=4348 vm_get_light_data_calls=0 vm_get_light_data_us=0 vm_set_data_calls=0 vm_set_data_us=0 vm_set_param2_data_calls=0 vm_set_param2_data_us=0 vm_set_lighting_calls=0 vm_set_lighting_us=0 vm_calc_lighting_calls=0 vm_calc_lighting_us=0 vm_set_light_data_calls=0 vm_set_light_data_us=0 vm_update_liquids_calls=0 vm_update_liquids_us=0
ACTION[Emerge-0]: [grug_core] start area ready: undead (4/6, 36.5 s)
INFO[Emerge-0]: initialEmerge: area: (32,-48,2512)(143,63,2623)=112x112x112=1404928 (5MB)
ACTION[Server]: [grug_mobs] start npcs stillgrave: grug_mobs:guard_throng placed at socket gate_west (-1804,55,2494)
ACTION[Server]: [grug_mobs] start npcs stillgrave: grug_mobs:guard_throng placed at socket gate_east (-1796,55,2494)
ACTION[Server]: [grug_mobs] start npcs stillgrave: grug_mobs:guard_throng placed at socket watch_gate (-1800,55,2498)
ACTION[Server]: [grug_mobs] start npcs stillgrave: grug_traders:vendor_race_undead placed at socket court_vendor (-1793,55,2545)
ACTION[Server]: [grug_mobs] start npcs stillgrave: grug_mobs:villager_undead placed at socket idle_warden_door (-1813,55,2582)
ACTION[Server]: [grug_mobs] start npcs stillgrave: grug_mobs:villager_undead placed at socket idle_court_settle (-1810,55,2554)
ACTION[Server]: [grug_mobs] start npcs stillgrave: grug_mobs:villager_undead placed at socket idle_bone_works (-1778,55,2549)
ACTION[Server]: [grug_mobs] start npcs stillgrave: grug_mobs:villager_undead placed at socket idle_gate_brazier (-1805,55,2493)
ACTION[Server]: [grug_mobs] start npcs stillgrave: grug_mobs:elder_undead placed at socket hall_quest (-1798,55,2560)
ACTION[Server]: [grug_mobs] start npcs undead stillgrave: guards 3/3 flair 4/4 vendor 1/1 quest 1/1 new 9 pending 0
INFO[Main]: Profiler:
INFO[Main]:   ActiveObjectMgr: SAO count [#] __________________   20x      6.6
INFO[Main]:   Emerge-0: processed [#] _________________________    1x       49
INFO[Main]:   EmergeThread: Lua on_generated [ms] _____________    3x  177.333
INFO[Main]:   EmergeThread: Mapgen::makeChunk [ms] ____________    3x   29.666
INFO[Main]:   EmergeThread: after Mapgen::makeChunk [ms] ______    3x        1
INFO[Main]:   EmergeThread: load block - async (sum) [ms] 
INFO[Main]:   EmergeThread: update lighting [ms] ______________  100x     0.41
INFO[Main]:   SEnv: modify in blocks avg per interval [ms] 
INFO[Main]:   Server: collisionMoveSimple() [us] ______________   99x    2.636
INFO[Main]:   Server: map saving (sum) [ms] ___________________    1x       10
INFO[Main]:   Server: map timer and unload [ms] 
INFO[Main]:   Server: send SAO messages [ms] 
INFO[Main]:   Server: update objects within range [ms] 
INFO[Main]:   Server::AsyncRunStep() [ms] _____________________   20x      0.8
INFO[Main]:   Server::RunStep() (max) [ms] ____________________    1x       51
INFO[Main]:   Server::SendBlocks(): Collect list [ms] 
INFO[Main]:   Server::SendBlocks(): Send to clients [ms] 
INFO[Main]:   ServerEnv: ABMs run 
INFO[Main]:   ServerEnv: Run SAO::step() [ms] _________________   20x     0.15
INFO[Main]:   ServerEnv: Run node timers [ms] 
INFO[Main]:   ServerEnv: active blocks 
INFO[Main]:   ServerEnv: active blocks cached 
INFO[Main]:   ServerEnv: active blocks scanned for ABMs 
INFO[Main]:   ServerEnv: update active blocks [ms] 
INFO[Main]:   ServerEnv::step() [ms] __________________________   20x      0.3
INFO[Main]:   ServerEnvironment::removeRemovedObjects() [ms] 
INFO[Main]:   ServerMap: load block - sync (sum) [ms] _________    1x        3
INFO[Server]: ServerMap: Written: 1085 blocks, 12420 blocks in memory.
INFO[Server]: ServerMap: Blocks modified by: 
INFO[Server]:   addActiveObjectRaw ______________________________    1x        7
INFO[Server]:   finishBlockMake: expireIsAir, MMVManip::blitBackAll     1x      318
INFO[Server]:   setGenerated, finishBlockMake: expireIsAir, MMVManip::blitBackAll     1x      215
INFO[Server]:   setIsUnderground ________________________________    1x      245
INFO[Server]:   setIsUnderground, finishBlockMake: expireIsAir, MMVManip::blitBackAll     1x      140
INFO[Server]:   setIsUnderground, setGenerated, finishBlockMake: expireIsAir, MMVManip::blitBackAll     1x      160
ACTION[Emerge-0]: GRUG_WP40_PROFILE_CALLBACK callback=62 minp=48,-32,2528 maxp=127,47,2607 blockseed=934311921 plan_us=468528 writer_us=493130 total_us=961658 columns=6400 candidate_cells=49 candidates=2698 r5_runs=25503 result=applied_cplq vm_get_emerged_area_calls=1 vm_get_emerged_area_us=2 vm_get_data_calls=1 vm_get_data_us=4342 vm_get_param2_data_calls=1 vm_get_param2_data_us=4344 vm_get_light_data_calls=2 vm_get_light_data_us=8697 vm_set_data_calls=1 vm_set_data_us=7320 vm_set_param2_data_calls=1 vm_set_param2_data_us=7112 vm_set_lighting_calls=1 vm_set_lighting_us=132 vm_calc_lighting_calls=1 vm_calc_lighting_us=3544 vm_set_light_data_calls=1 vm_set_light_data_us=7125 vm_update_liquids_calls=1 vm_update_liquids_us=1153
ACTION[Emerge-0]: GRUG_WP40_PROFILE_PROBE phase=cold event=emerge case=owner_48:-32:2528 mapchunk=48,-32,2528 elapsed_us=13847052 generated=1 disk=0 memory=124 cancelled=0 errored=0
INFO[Emerge-0]: initialEmerge: area: (-128,-48,2432)(-17,63,2543)=112x112x112=1404928 (5MB)
INFO[Main]: Profiler:
INFO[Main]:   ActiveObjectMgr: SAO count [#] __________________   19x       12
INFO[Main]:   Emerge-0: processed [#] _________________________    1x      125
INFO[Main]:   EmergeThread: Lua on_generated [ms] _____________    1x      961
INFO[Main]:   EmergeThread: Mapgen::makeChunk [ms] ____________    1x       27
INFO[Main]:   EmergeThread: after Mapgen::makeChunk [ms] ______    1x        1
INFO[Main]:   EmergeThread: load block - async (sum) [ms] _____    1x        1
INFO[Main]:   EmergeThread: update lighting [ms] ______________    3x        2
INFO[Main]:   SEnv: modify in blocks avg per interval [ms] 
INFO[Main]:   Server: collisionMoveSimple() [us] ______________  171x    3.058
INFO[Main]:   Server: map saving (sum) [ms] ___________________    1x       13
INFO[Main]:   Server: map timer and unload [ms] 
INFO[Main]:   Server: send SAO messages [ms] 
INFO[Main]:   Server: update objects within range [ms] 
INFO[Main]:   Server::AsyncRunStep() [ms] _____________________   19x    0.894
INFO[Main]:   Server::RunStep() (max) [ms] ____________________    1x       51
INFO[Main]:   Server::SendBlocks(): Collect list [ms] _________    1x        1
INFO[Main]:   Server::SendBlocks(): Send to clients [ms] 
INFO[Main]:   ServerEnv: ABMs run 
INFO[Main]:   ServerEnv: Run SAO::step() [ms] _________________   19x    0.105
INFO[Main]:   ServerEnv: Run node timers [ms] 
INFO[Main]:   ServerEnv: active blocks 
INFO[Main]:   ServerEnv: active blocks cached 
INFO[Main]:   ServerEnv: active blocks scanned for ABMs 
INFO[Main]:   ServerEnv: update active blocks [ms] 
INFO[Main]:   ServerEnv::step() [ms] __________________________   19x    0.157
INFO[Main]:   ServerEnvironment::removeRemovedObjects() [ms] 
INFO[Main]:   ServerMap: load block - sync (sum) [ms] 
INFO[Server]: ServerMap: Written: 693 blocks, 12763 blocks in memory.
INFO[Server]: ServerMap: Blocks modified by: 
INFO[Server]:   deactivateFarObjects: static data changed _______    1x        7
INFO[Server]:   finishBlockMake: expireIsAir, MMVManip::blitBackAll     1x      218
INFO[Server]:   setGenerated, finishBlockMake: expireIsAir, MMVManip::blitBackAll     1x      125
INFO[Server]:   setIsUnderground ________________________________    1x      343
ACTION[Emerge-0]: GRUG_WP40_PROFILE_CALLBACK callback=63 minp=-112,-32,2448 maxp=-33,47,2527 blockseed=1182291649 plan_us=500812 writer_us=312480 total_us=813292 columns=6400 candidate_cells=49 candidates=2837 r5_runs=25600 result=applied_cplq vm_get_emerged_area_calls=1 vm_get_emerged_area_us=2 vm_get_data_calls=1 vm_get_data_us=4339 vm_get_param2_data_calls=1 vm_get_param2_data_us=4334 vm_get_light_data_calls=2 vm_get_light_data_us=8715 vm_set_data_calls=1 vm_set_data_us=7281 vm_set_param2_data_calls=1 vm_set_param2_data_us=7094 vm_set_lighting_calls=1 vm_set_lighting_us=143 vm_calc_lighting_calls=1 vm_calc_lighting_us=3153 vm_set_light_data_calls=1 vm_set_light_data_us=7095 vm_update_liquids_calls=1 vm_update_liquids_us=944
INFO[Emerge-0]: initialEmerge: area: (-48,-48,2432)(63,63,2543)=112x112x112=1404928 (5MB)
ACTION[Emerge-0]: GRUG_WP40_PROFILE_CALLBACK callback=64 minp=-32,-32,2448 maxp=47,47,2527 blockseed=274748545 plan_us=260968 writer_us=307308 total_us=568276 columns=6400 candidate_cells=49 candidates=1538 r5_runs=25600 result=applied_cplq vm_get_emerged_area_calls=1 vm_get_emerged_area_us=1 vm_get_data_calls=1 vm_get_data_us=4370 vm_get_param2_data_calls=1 vm_get_param2_data_us=4517 vm_get_light_data_calls=2 vm_get_light_data_us=8147 vm_set_data_calls=1 vm_set_data_us=7291 vm_set_param2_data_calls=1 vm_set_param2_data_us=7108 vm_set_lighting_calls=1 vm_set_lighting_us=133 vm_calc_lighting_calls=1 vm_calc_lighting_us=4262 vm_set_light_data_calls=1 vm_set_light_data_us=7106 vm_update_liquids_calls=1 vm_update_liquids_us=950
INFO[Emerge-0]: initialEmerge: area: (32,-48,2432)(143,63,2543)=112x112x112=1404928 (5MB)
INFO[Main]: Profiler:
INFO[Main]:   ActiveObjectMgr: SAO count [#] __________________   20x     1.65
INFO[Main]:   Emerge-0: processed [#] _________________________    1x        7
INFO[Main]:   EmergeThread: Lua on_generated [ms] _____________    2x      691
INFO[Main]:   EmergeThread: Mapgen::makeChunk [ms] ____________    2x       28
INFO[Main]:   EmergeThread: after Mapgen::makeChunk [ms] ______    2x      0.5
INFO[Main]:   EmergeThread: load block - async (sum) [ms] 
INFO[Main]:   EmergeThread: update lighting [ms] ______________    6x    2.166
INFO[Main]:   SEnv: modify in blocks avg per interval [ms] 
INFO[Main]:   Server: collisionMoveSimple() [us] 
INFO[Main]:   Server: map saving (sum) [ms] ___________________    1x       10
INFO[Main]:   Server: map timer and unload [ms] 
INFO[Main]:   Server: send SAO messages [ms] 
INFO[Main]:   Server: update objects within range [ms] 
INFO[Main]:   Server::AsyncRunStep() [ms] _____________________   20x      0.6
INFO[Main]:   Server::RunStep() (max) [ms] ____________________    1x       51
INFO[Main]:   Server::SendBlocks(): Collect list [ms] 
INFO[Main]:   Server::SendBlocks(): Send to clients [ms] 
INFO[Main]:   ServerEnv: ABMs run 
INFO[Main]:   ServerEnv: Run SAO::step() [ms] 
INFO[Main]:   ServerEnv: Run node timers [ms] 
INFO[Main]:   ServerEnv: active blocks 
INFO[Main]:   ServerEnv: active blocks cached 
INFO[Main]:   ServerEnv: active blocks scanned for ABMs 
INFO[Main]:   ServerEnv: update active blocks [ms] ____________    1x        1
INFO[Main]:   ServerEnv::step() [ms] __________________________   20x      0.1
INFO[Main]:   ServerEnvironment::removeRemovedObjects() [ms] 
INFO[Main]:   ServerMap: load block - sync (sum) [ms] _________    1x        2
INFO[Server]: ServerMap: Written: 763 blocks, 13155 blocks in memory.
INFO[Server]: ServerMap: Blocks modified by: 
INFO[Server]:   finishBlockMake: expireIsAir, MMVManip::blitBackAll     1x      216
INFO[Server]:   setGenerated, finishBlockMake: expireIsAir, MMVManip::blitBackAll     1x      155
INFO[Server]:   setIsUnderground ________________________________    1x      175
INFO[Server]:   setIsUnderground, finishBlockMake: expireIsAir, MMVManip::blitBackAll     1x      122
INFO[Server]:   setIsUnderground, setGenerated, finishBlockMake: expireIsAir, MMVManip::blitBackAll     1x       95
ACTION[Emerge-0]: GRUG_WP40_PROFILE_CALLBACK callback=65 minp=48,-32,2448 maxp=127,47,2527 blockseed=1694184257 plan_us=348044 writer_us=338016 total_us=686060 columns=6400 candidate_cells=49 candidates=3163 r5_runs=25474 result=applied_cplq vm_get_emerged_area_calls=1 vm_get_emerged_area_us=2 vm_get_data_calls=1 vm_get_data_us=4348 vm_get_param2_data_calls=1 vm_get_param2_data_us=4332 vm_get_light_data_calls=2 vm_get_light_data_us=8142 vm_set_data_calls=1 vm_set_data_us=7285 vm_set_param2_data_calls=1 vm_set_param2_data_us=7096 vm_set_lighting_calls=1 vm_set_lighting_us=140 vm_calc_lighting_calls=1 vm_calc_lighting_us=4188 vm_set_light_data_calls=1 vm_set_light_data_us=7094 vm_update_liquids_calls=1 vm_update_liquids_us=994
INFO[Emerge-0]: initialEmerge: area: (-128,32,2432)(-17,143,2543)=112x112x112=1404928 (5MB)
ACTION[Emerge-0]: GRUG_WP40_PROFILE_CALLBACK callback=66 minp=-112,48,2448 maxp=-33,127,2527 blockseed=536823633 plan_us=135039 writer_us=36567 total_us=171606 columns=6400 candidate_cells=49 candidates=2837 r5_runs=6400 result=noop_equal_content vm_get_emerged_area_calls=1 vm_get_emerged_area_us=2 vm_get_data_calls=1 vm_get_data_us=4061 vm_get_param2_data_calls=1 vm_get_param2_data_us=4080 vm_get_light_data_calls=0 vm_get_light_data_us=0 vm_set_data_calls=0 vm_set_data_us=0 vm_set_param2_data_calls=0 vm_set_param2_data_us=0 vm_set_lighting_calls=0 vm_set_lighting_us=0 vm_calc_lighting_calls=0 vm_calc_lighting_us=0 vm_set_light_data_calls=0 vm_set_light_data_us=0 vm_update_liquids_calls=0 vm_update_liquids_us=0
INFO[Emerge-0]: initialEmerge: area: (-48,32,2432)(63,143,2543)=112x112x112=1404928 (5MB)
ACTION[Emerge-0]: GRUG_WP40_PROFILE_CALLBACK callback=67 minp=-32,48,2448 maxp=47,127,2527 blockseed=2872540305 plan_us=81968 writer_us=36089 total_us=118057 columns=6400 candidate_cells=49 candidates=1538 r5_runs=6400 result=noop_equal_content vm_get_emerged_area_calls=1 vm_get_emerged_area_us=2 vm_get_data_calls=1 vm_get_data_us=4068 vm_get_param2_data_calls=1 vm_get_param2_data_us=4059 vm_get_light_data_calls=0 vm_get_light_data_us=0 vm_set_data_calls=0 vm_set_data_us=0 vm_set_param2_data_calls=0 vm_set_param2_data_us=0 vm_set_lighting_calls=0 vm_set_lighting_us=0 vm_calc_lighting_calls=0 vm_calc_lighting_us=0 vm_set_light_data_calls=0 vm_set_light_data_us=0 vm_update_liquids_calls=0 vm_update_liquids_us=0
INFO[Emerge-0]: initialEmerge: area: (32,32,2432)(143,143,2543)=112x112x112=1404928 (5MB)
INFO[Main]: Profiler:
INFO[Main]:   ActiveObjectMgr: SAO count [#] 
INFO[Main]:   Emerge-0: processed [#] _________________________    1x       24
INFO[Main]:   EmergeThread: Lua on_generated [ms] _____________    3x  325.333
INFO[Main]:   EmergeThread: Mapgen::makeChunk [ms] ____________    3x   26.333
INFO[Main]:   EmergeThread: after Mapgen::makeChunk [ms] ______    3x    0.666
INFO[Main]:   EmergeThread: load block - async (sum) [ms] 
INFO[Main]:   EmergeThread: update lighting [ms] ______________    5x      7.2
INFO[Main]:   SEnv: modify in blocks avg per interval [ms] 
INFO[Main]:   Server: collisionMoveSimple() [us] 
INFO[Main]:   Server: map saving (sum) [ms] ___________________    1x       12
INFO[Main]:   Server: map timer and unload [ms] 
INFO[Main]:   Server: send SAO messages [ms] 
INFO[Main]:   Server: update objects within range [ms] 
INFO[Main]:   Server::AsyncRunStep() [ms] _____________________   20x     0.65
INFO[Main]:   Server::RunStep() (max) [ms] ____________________    1x       51
INFO[Main]:   Server::SendBlocks(): Collect list [ms] 
INFO[Main]:   Server::SendBlocks(): Send to clients [ms] 
INFO[Main]:   ServerEnv: ABMs run 
INFO[Main]:   ServerEnv: Run SAO::step() [ms] 
INFO[Main]:   ServerEnv: Run node timers [ms] 
INFO[Main]:   ServerEnv: active blocks 
INFO[Main]:   ServerEnv: active blocks cached 
INFO[Main]:   ServerEnv: active blocks scanned for ABMs 
INFO[Main]:   ServerEnv: update active blocks [ms] 
INFO[Main]:   ServerEnv::step() [ms] __________________________   20x     0.05
INFO[Main]:   ServerEnvironment::removeRemovedObjects() [ms] 
INFO[Main]:   ServerMap: load block - sync (sum) [ms] _________    1x        2
INFO[Server]: ServerMap: Written: 1078 blocks, 13750 blocks in memory.
INFO[Server]: ServerMap: Blocks modified by: 
INFO[Server]:   finishBlockMake: expireIsAir, MMVManip::blitBackAll     1x      308
INFO[Server]:   setGenerated, finishBlockMake: expireIsAir, MMVManip::blitBackAll     1x      175
INFO[Server]:   setIsUnderground ________________________________    1x      175
INFO[Server]:   setIsUnderground, finishBlockMake: expireIsAir, MMVManip::blitBackAll     1x      220
INFO[Server]:   setIsUnderground, setGenerated, finishBlockMake: expireIsAir, MMVManip::blitBackAll     1x      200
ACTION[Emerge-0]: GRUG_WP40_PROFILE_CALLBACK callback=68 minp=48,48,2448 maxp=127,127,2527 blockseed=2056494929 plan_us=143562 writer_us=35964 total_us=179526 columns=6400 candidate_cells=49 candidates=3163 r5_runs=6400 result=noop_equal_content vm_get_emerged_area_calls=1 vm_get_emerged_area_us=2 vm_get_data_calls=1 vm_get_data_us=4069 vm_get_param2_data_calls=1 vm_get_param2_data_us=4058 vm_get_light_data_calls=0 vm_get_light_data_us=0 vm_set_data_calls=0 vm_set_data_us=0 vm_set_param2_data_calls=0 vm_set_param2_data_us=0 vm_set_lighting_calls=0 vm_set_lighting_us=0 vm_calc_lighting_calls=0 vm_calc_lighting_us=0 vm_set_light_data_calls=0 vm_set_light_data_us=0 vm_update_liquids_calls=0 vm_update_liquids_us=0
INFO[Emerge-0]: initialEmerge: area: (-128,-48,2512)(-17,63,2623)=112x112x112=1404928 (5MB)
ACTION[Emerge-0]: GRUG_WP40_PROFILE_CALLBACK callback=69 minp=-112,-32,2528 maxp=-33,47,2607 blockseed=2368640881 plan_us=343607 writer_us=276728 total_us=620335 columns=6400 candidate_cells=49 candidates=2258 r5_runs=25600 result=applied_cplq vm_get_emerged_area_calls=1 vm_get_emerged_area_us=2 vm_get_data_calls=1 vm_get_data_us=4108 vm_get_param2_data_calls=1 vm_get_param2_data_us=4058 vm_get_light_data_calls=2 vm_get_light_data_us=8669 vm_set_data_calls=1 vm_set_data_us=7275 vm_set_param2_data_calls=1 vm_set_param2_data_us=7089 vm_set_lighting_calls=16 vm_set_lighting_us=139 vm_calc_lighting_calls=1 vm_calc_lighting_us=4363 vm_set_light_data_calls=1 vm_set_light_data_us=7086 vm_update_liquids_calls=1 vm_update_liquids_us=964
INFO[Emerge-0]: initialEmerge: area: (-48,-48,2512)(63,63,2623)=112x112x112=1404928 (5MB)
INFO[Main]: Profiler:
INFO[Main]:   ActiveObjectMgr: SAO count [#] 
INFO[Main]:   Emerge-0: processed [#] _________________________    1x      139
INFO[Main]:   EmergeThread: Lua on_generated [ms] _____________    2x      400
INFO[Main]:   EmergeThread: Mapgen::makeChunk [ms] ____________    2x     30.5
INFO[Main]:   EmergeThread: after Mapgen::makeChunk [ms] ______    2x        1
INFO[Main]:   EmergeThread: load block - async (sum) [ms] 
INFO[Main]:   EmergeThread: update lighting [ms] ______________   19x    0.684
INFO[Main]:   SEnv: modify in blocks avg per interval [ms] 
INFO[Main]:   Server: collisionMoveSimple() [us] 
INFO[Main]:   Server: map saving (sum) [ms] ___________________    1x       14
INFO[Main]:   Server: map timer and unload [ms] 
INFO[Main]:   Server: send SAO messages [ms] 
INFO[Main]:   Server: update objects within range [ms] 
INFO[Main]:   Server::AsyncRunStep() [ms] _____________________   20x     0.75
INFO[Main]:   Server::RunStep() (max) [ms] ____________________    1x       51
INFO[Main]:   Server::SendBlocks(): Collect list [ms] 
INFO[Main]:   Server::SendBlocks(): Send to clients [ms] 
INFO[Main]:   ServerEnv: ABMs run 
INFO[Main]:   ServerEnv: Run SAO::step() [ms] 
INFO[Main]:   ServerEnv: Run node timers [ms] 
INFO[Main]:   ServerEnv: active blocks 
INFO[Main]:   ServerEnv: active blocks cached 
INFO[Main]:   ServerEnv: active blocks scanned for ABMs 
INFO[Main]:   ServerEnv: update active blocks [ms] 
INFO[Main]:   ServerEnv::step() [ms] __________________________   20x     0.05
INFO[Main]:   ServerEnvironment::removeRemovedObjects() [ms] 
INFO[Main]:   ServerMap: load block - sync (sum) [ms] _________    1x        1
INFO[Server]: ServerMap: Written: 791 blocks, 14100 blocks in memory.
INFO[Server]: ServerMap: Blocks modified by: 
INFO[Server]:   finishBlockMake: expireIsAir, MMVManip::blitBackAll     1x      291
INFO[Server]:   setGenerated, finishBlockMake: expireIsAir, MMVManip::blitBackAll     1x      150
INFO[Server]:   setIsUnderground ________________________________    1x      105
INFO[Server]:   setIsUnderground, finishBlockMake: expireIsAir, MMVManip::blitBackAll     1x      145
INFO[Server]:   setIsUnderground, setGenerated, finishBlockMake: expireIsAir, MMVManip::blitBackAll     1x      100
ACTION[Emerge-0]: GRUG_WP40_PROFILE_CALLBACK callback=70 minp=-32,-32,2528 maxp=47,47,2607 blockseed=2089223153 plan_us=119384 writer_us=421781 total_us=541165 columns=6400 candidate_cells=49 candidates=282 r5_runs=25600 result=applied_cplq vm_get_emerged_area_calls=1 vm_get_emerged_area_us=1 vm_get_data_calls=1 vm_get_data_us=4334 vm_get_param2_data_calls=1 vm_get_param2_data_us=4331 vm_get_light_data_calls=2 vm_get_light_data_us=8664 vm_set_data_calls=1 vm_set_data_us=7008 vm_set_param2_data_calls=1 vm_set_param2_data_us=6820 vm_set_lighting_calls=16 vm_set_lighting_us=140 vm_calc_lighting_calls=1 vm_calc_lighting_us=6924 vm_set_light_data_calls=1 vm_set_light_data_us=6817 vm_update_liquids_calls=1 vm_update_liquids_us=974
INFO[Emerge-0]: initialEmerge: area: (-128,32,2512)(-17,143,2623)=112x112x112=1404928 (5MB)
ACTION[Emerge-0]: GRUG_WP40_PROFILE_CALLBACK callback=71 minp=-112,48,2528 maxp=-33,127,2607 blockseed=1824437721 plan_us=113846 writer_us=36775 total_us=150621 columns=6400 candidate_cells=49 candidates=2258 r5_runs=6400 result=noop_equal_content vm_get_emerged_area_calls=1 vm_get_emerged_area_us=2 vm_get_data_calls=1 vm_get_data_us=4332 vm_get_param2_data_calls=1 vm_get_param2_data_us=4340 vm_get_light_data_calls=0 vm_get_light_data_us=0 vm_set_data_calls=0 vm_set_data_us=0 vm_set_param2_data_calls=0 vm_set_param2_data_us=0 vm_set_lighting_calls=0 vm_set_lighting_us=0 vm_calc_lighting_calls=0 vm_calc_lighting_us=0 vm_set_light_data_calls=0 vm_set_light_data_us=0 vm_update_liquids_calls=0 vm_update_liquids_us=0
INFO[Emerge-0]: initialEmerge: area: (-48,32,2512)(63,143,2623)=112x112x112=1404928 (5MB)
ACTION[Emerge-0]: GRUG_WP40_PROFILE_CALLBACK callback=72 minp=-32,48,2528 maxp=47,127,2607 blockseed=3649155545 plan_us=43699 writer_us=36553 total_us=80252 columns=6400 candidate_cells=49 candidates=282 r5_runs=6400 result=noop_equal_content vm_get_emerged_area_calls=1 vm_get_emerged_area_us=2 vm_get_data_calls=1 vm_get_data_us=4337 vm_get_param2_data_calls=1 vm_get_param2_data_us=4333 vm_get_light_data_calls=0 vm_get_light_data_us=0 vm_set_data_calls=0 vm_set_data_us=0 vm_set_param2_data_calls=0 vm_set_param2_data_us=0 vm_set_lighting_calls=0 vm_set_lighting_us=0 vm_calc_lighting_calls=0 vm_calc_lighting_us=0 vm_set_light_data_calls=0 vm_set_light_data_us=0 vm_update_liquids_calls=0 vm_update_liquids_us=0
INFO[Emerge-0]: initialEmerge: area: (32,32,2512)(143,143,2623)=112x112x112=1404928 (5MB)
ACTION[Emerge-0]: GRUG_WP40_PROFILE_CALLBACK callback=73 minp=48,48,2528 maxp=127,127,2607 blockseed=1986684761 plan_us=143377 writer_us=37443 total_us=180820 columns=6400 candidate_cells=49 candidates=2698 r5_runs=6400 result=noop_equal_content vm_get_emerged_area_calls=1 vm_get_emerged_area_us=3 vm_get_data_calls=1 vm_get_data_us=4336 vm_get_param2_data_calls=1 vm_get_param2_data_us=4335 vm_get_light_data_calls=0 vm_get_light_data_us=0 vm_set_data_calls=0 vm_set_data_us=0 vm_set_param2_data_calls=0 vm_set_param2_data_us=0 vm_set_lighting_calls=0 vm_set_lighting_us=0 vm_calc_lighting_calls=0 vm_calc_lighting_us=0 vm_set_light_data_calls=0 vm_set_light_data_us=0 vm_update_liquids_calls=0 vm_update_liquids_us=0
INFO[Emerge-0]: initialEmerge: area: (-128,-48,2592)(-17,63,2703)=112x112x112=1404928 (5MB)
INFO[Main]: Profiler:
INFO[Main]:   ActiveObjectMgr: SAO count [#] 
INFO[Main]:   Emerge-0: processed [#] _________________________    1x      263
INFO[Main]:   EmergeThread: Lua on_generated [ms] _____________    4x    238.5
INFO[Main]:   EmergeThread: Mapgen::makeChunk [ms] ____________    4x     28.5
INFO[Main]:   EmergeThread: after Mapgen::makeChunk [ms] ______    4x        1
INFO[Main]:   EmergeThread: load block - async (sum) [ms] 
INFO[Main]:   EmergeThread: update lighting [ms] ______________   21x    2.333
INFO[Main]:   SEnv: modify in blocks avg per interval [ms] 
INFO[Main]:   Server: collisionMoveSimple() [us] 
INFO[Main]:   Server: map saving (sum) [ms] ___________________    1x       10
INFO[Main]:   Server: map timer and unload [ms] 
INFO[Main]:   Server: send SAO messages [ms] 
INFO[Main]:   Server: update objects within range [ms] 
INFO[Main]:   Server::AsyncRunStep() [ms] _____________________   20x     0.55
INFO[Main]:   Server::RunStep() (max) [ms] ____________________    1x       51
INFO[Main]:   Server::SendBlocks(): Collect list [ms] 
INFO[Main]:   Server::SendBlocks(): Send to clients [ms] 
INFO[Main]:   ServerEnv: ABMs run 
INFO[Main]:   ServerEnv: Run SAO::step() [ms] 
INFO[Main]:   ServerEnv: Run node timers [ms] 
INFO[Main]:   ServerEnv: active blocks 
INFO[Main]:   ServerEnv: active blocks cached 
INFO[Main]:   ServerEnv: active blocks scanned for ABMs 
INFO[Main]:   ServerEnv: update active blocks [ms] 
INFO[Main]:   ServerEnv::step() [ms] __________________________   20x     0.05
INFO[Main]:   ServerEnvironment::removeRemovedObjects() [ms] 
INFO[Main]:   ServerMap: load block - sync (sum) [ms] 
INFO[Server]: ServerMap: Written: 1323 blocks, 14770 blocks in memory.
INFO[Server]: ServerMap: Blocks modified by: 
INFO[Server]:   finishBlockMake: expireIsAir, MMVManip::blitBackAll     1x      393
INFO[Server]:   setGenerated, finishBlockMake: expireIsAir, MMVManip::blitBackAll     1x      260
INFO[Server]:   setIsUnderground ________________________________    1x      245
INFO[Server]:   setIsUnderground, finishBlockMake: expireIsAir, MMVManip::blitBackAll     1x      185
INFO[Server]:   setIsUnderground, setGenerated, finishBlockMake: expireIsAir, MMVManip::blitBackAll     1x      240
ACTION[Emerge-0]: GRUG_WP40_PROFILE_CALLBACK callback=74 minp=-112,-32,2608 maxp=-33,47,2687 blockseed=2865193273 plan_us=523489 writer_us=330122 total_us=853611 columns=6400 candidate_cells=49 candidates=3529 r5_runs=24720 result=applied_cplq vm_get_emerged_area_calls=1 vm_get_emerged_area_us=3 vm_get_data_calls=1 vm_get_data_us=4346 vm_get_param2_data_calls=1 vm_get_param2_data_us=4338 vm_get_light_data_calls=2 vm_get_light_data_us=8680 vm_set_data_calls=1 vm_set_data_us=7280 vm_set_param2_data_calls=1 vm_set_param2_data_us=7098 vm_set_lighting_calls=16 vm_set_lighting_us=135 vm_calc_lighting_calls=1 vm_calc_lighting_us=4140 vm_set_light_data_calls=1 vm_set_light_data_us=7487 vm_update_liquids_calls=1 vm_update_liquids_us=1037
INFO[Emerge-0]: initialEmerge: area: (-48,-48,2592)(63,63,2703)=112x112x112=1404928 (5MB)
INFO[Main]: Profiler:
INFO[Main]:   ActiveObjectMgr: SAO count [#] 
INFO[Main]:   Emerge-0: processed [#] _________________________    1x        2
INFO[Main]:   EmergeThread: Lua on_generated [ms] _____________    1x      854
INFO[Main]:   EmergeThread: Mapgen::makeChunk [ms] ____________    1x       34
INFO[Main]:   EmergeThread: after Mapgen::makeChunk [ms] 
INFO[Main]:   EmergeThread: load block - async (sum) [ms] 
INFO[Main]:   EmergeThread: update lighting [ms] ______________   18x    0.611
INFO[Main]:   SEnv: modify in blocks avg per interval [ms] 
INFO[Main]:   Server: collisionMoveSimple() [us] 
INFO[Main]:   Server: map saving (sum) [ms] ___________________    1x       17
INFO[Main]:   Server: map timer and unload [ms] 
INFO[Main]:   Server: send SAO messages [ms] 
INFO[Main]:   Server: update objects within range [ms] 
INFO[Main]:   Server::AsyncRunStep() [ms] _____________________   20x     0.85
INFO[Main]:   Server::RunStep() (max) [ms] ____________________    1x       51
INFO[Main]:   Server::SendBlocks(): Collect list [ms] 
INFO[Main]:   Server::SendBlocks(): Send to clients [ms] 
INFO[Main]:   ServerEnv: ABMs run 
INFO[Main]:   ServerEnv: Run SAO::step() [ms] 
INFO[Main]:   ServerEnv: Run node timers [ms] 
INFO[Main]:   ServerEnv: active blocks 
INFO[Main]:   ServerEnv: active blocks cached 
INFO[Main]:   ServerEnv: active blocks scanned for ABMs 
INFO[Main]:   ServerEnv: update active blocks [ms] 
INFO[Main]:   ServerEnv::step() [ms] 
INFO[Main]:   ServerEnvironment::removeRemovedObjects() [ms] 
INFO[Main]:   ServerMap: load block - sync (sum) [ms] 
INFO[Server]: ServerMap: Written: 448 blocks, 14875 blocks in memory.
INFO[Server]: ServerMap: Blocks modified by: 
INFO[Server]:   finishBlockMake: expireIsAir, MMVManip::blitBackAll     1x      218
INFO[Server]:   setGenerated, finishBlockMake: expireIsAir, MMVManip::blitBackAll     1x      125
INFO[Server]:   setIsUnderground ________________________________    1x      105
ACTION[Emerge-0]: GRUG_WP40_PROFILE_CALLBACK callback=75 minp=-32,-32,2608 maxp=47,47,2687 blockseed=2111383743 plan_us=271782 writer_us=487381 total_us=759163 columns=6400 candidate_cells=49 candidates=3016 r5_runs=24663 result=applied_cplq vm_get_emerged_area_calls=1 vm_get_emerged_area_us=2 vm_get_data_calls=1 vm_get_data_us=4343 vm_get_param2_data_calls=1 vm_get_param2_data_us=4346 vm_get_light_data_calls=2 vm_get_light_data_us=8695 vm_set_data_calls=1 vm_set_data_us=7303 vm_set_param2_data_calls=1 vm_set_param2_data_us=7100 vm_set_lighting_calls=16 vm_set_lighting_us=143 vm_calc_lighting_calls=1 vm_calc_lighting_us=5437 vm_set_light_data_calls=1 vm_set_light_data_us=7097 vm_update_liquids_calls=1 vm_update_liquids_us=1010
INFO[Emerge-0]: initialEmerge: area: (-128,32,2592)(-17,143,2703)=112x112x112=1404928 (5MB)
ACTION[Emerge-0]: GRUG_WP40_PROFILE_CALLBACK callback=76 minp=-112,48,2608 maxp=-33,127,2687 blockseed=2220919305 plan_us=160019 writer_us=39455 total_us=199474 columns=6400 candidate_cells=49 candidates=3529 r5_runs=6400 result=noop_equal_content vm_get_emerged_area_calls=1 vm_get_emerged_area_us=2 vm_get_data_calls=1 vm_get_data_us=4334 vm_get_param2_data_calls=1 vm_get_param2_data_us=4337 vm_get_light_data_calls=0 vm_get_light_data_us=0 vm_set_data_calls=0 vm_set_data_us=0 vm_set_param2_data_calls=0 vm_set_param2_data_us=0 vm_set_lighting_calls=0 vm_set_lighting_us=0 vm_calc_lighting_calls=0 vm_calc_lighting_us=0 vm_set_light_data_calls=0 vm_set_light_data_us=0 vm_update_liquids_calls=0 vm_update_liquids_us=0
INFO[Emerge-0]: initialEmerge: area: (-48,32,2592)(63,143,2703)=112x112x112=1404928 (5MB)
INFO[Main]: Profiler:
INFO[Main]:   ActiveObjectMgr: SAO count [#] 
INFO[Main]:   Emerge-0: processed [#] _________________________    1x       24
INFO[Main]:   EmergeThread: Lua on_generated [ms] _____________    2x      480
INFO[Main]:   EmergeThread: Mapgen::makeChunk [ms] ____________    2x     28.5
INFO[Main]:   EmergeThread: after Mapgen::makeChunk [ms] ______    2x      0.5
INFO[Main]:   EmergeThread: load block - async (sum) [ms] 
INFO[Main]:   EmergeThread: update lighting [ms] ______________   19x    1.526
INFO[Main]:   SEnv: modify in blocks avg per interval [ms] 
INFO[Main]:   Server: collisionMoveSimple() [us] 
INFO[Main]:   Server: map saving (sum) [ms] ___________________    1x        7
INFO[Main]:   Server: map timer and unload [ms] _______________    1x        1
INFO[Main]:   Server: send SAO messages [ms] 
INFO[Main]:   Server: update objects within range [ms] 
INFO[Main]:   Server::AsyncRunStep() [ms] _____________________   20x      0.4
INFO[Main]:   Server::RunStep() (max) [ms] ____________________    1x       51
INFO[Main]:   Server::SendBlocks(): Collect list [ms] 
INFO[Main]:   Server::SendBlocks(): Send to clients [ms] 
INFO[Main]:   ServerEnv: ABMs run 
INFO[Main]:   ServerEnv: Run SAO::step() [ms] 
INFO[Main]:   ServerEnv: Run node timers [ms] 
INFO[Main]:   ServerEnv: active blocks 
INFO[Main]:   ServerEnv: active blocks cached 
INFO[Main]:   ServerEnv: active blocks scanned for ABMs 
INFO[Main]:   ServerEnv: update active blocks [ms] 
INFO[Main]:   ServerEnv::step() [ms] 
INFO[Main]:   ServerEnvironment::removeRemovedObjects() [ms] 
INFO[Main]:   ServerMap: load block - sync (sum) [ms] _________    1x        1
ACTION[Emerge-0]: GRUG_WP40_PROFILE_CALLBACK callback=77 minp=-32,48,2608 maxp=47,127,2687 blockseed=1685016685 plan_us=134078 writer_us=39883 total_us=173961 columns=6400 candidate_cells=49 candidates=3016 r5_runs=6400 result=noop_equal_content vm_get_emerged_area_calls=1 vm_get_emerged_area_us=2 vm_get_data_calls=1 vm_get_data_us=4611 vm_get_param2_data_calls=1 vm_get_param2_data_us=4606 vm_get_light_data_calls=0 vm_get_light_data_us=0 vm_set_data_calls=0 vm_set_data_us=0 vm_set_param2_data_calls=0 vm_set_param2_data_us=0 vm_set_lighting_calls=0 vm_set_lighting_us=0 vm_calc_lighting_calls=0 vm_calc_lighting_us=0 vm_set_light_data_calls=0 vm_set_light_data_us=0 vm_update_liquids_calls=0 vm_update_liquids_us=0
INFO[Emerge-0]: initialEmerge: area: (32,32,2592)(143,143,2703)=112x112x112=1404928 (5MB)
INFO[Server]: ServerMap: Written: 958 blocks, 15300 blocks in memory.
INFO[Server]: ServerMap: Blocks modified by: 
INFO[Server]:   finishBlockMake: expireIsAir, MMVManip::blitBackAll     1x      318
INFO[Server]:   setGenerated, finishBlockMake: expireIsAir, MMVManip::blitBackAll     1x      215
INFO[Server]:   setIsUnderground ________________________________    1x      125
INFO[Server]:   setIsUnderground, finishBlockMake: expireIsAir, MMVManip::blitBackAll     1x      140
INFO[Server]:   setIsUnderground, setGenerated, finishBlockMake: expireIsAir, MMVManip::blitBackAll     1x      160
ACTION[Emerge-0]: GRUG_WP40_PROFILE_CALLBACK callback=78 minp=48,48,2608 maxp=127,127,2687 blockseed=2248844941 plan_us=343857 writer_us=39671 total_us=383528 columns=6400 candidate_cells=49 candidates=3586 r5_runs=6400 result=noop_equal_content vm_get_emerged_area_calls=1 vm_get_emerged_area_us=2 vm_get_data_calls=1 vm_get_data_us=4342 vm_get_param2_data_calls=1 vm_get_param2_data_us=4333 vm_get_light_data_calls=0 vm_get_light_data_us=0 vm_set_data_calls=0 vm_set_data_us=0 vm_set_param2_data_calls=0 vm_set_param2_data_us=0 vm_set_lighting_calls=0 vm_set_lighting_us=0 vm_calc_lighting_calls=0 vm_calc_lighting_us=0 vm_set_light_data_calls=0 vm_set_light_data_us=0 vm_update_liquids_calls=0 vm_update_liquids_us=0
ACTION[Emerge-0]: [grug_core] start area ready: orc (5/6, 44.5 s)
INFO[Emerge-0]: initialEmerge: area: (1712,-48,2432)(1823,63,2543)=112x112x112=1404928 (5MB)
ACTION[Server]: [grug_mobs] start npcs sunscar: grug_mobs:guard_throng placed at socket gate_west (-4,28,2499)
ACTION[Server]: [grug_mobs] start npcs sunscar: grug_mobs:guard_throng placed at socket gate_east (4,28,2499)
ACTION[Server]: [grug_mobs] start npcs sunscar: grug_mobs:guard_throng placed at socket watch_gate (0,28,2510)
ACTION[Server]: [grug_mobs] start npcs sunscar: grug_traders:vendor_race_orc placed at socket yard_vendor (8,28,2545)
ACTION[Server]: [grug_mobs] start npcs sunscar: grug_mobs:villager_orc placed at socket idle_tusk_door (-11,28,2528)
ACTION[Server]: [grug_mobs] start npcs sunscar: grug_mobs:villager_orc placed at socket idle_council_seat (-3,28,2558)
ACTION[Server]: [grug_mobs] start npcs sunscar: grug_mobs:villager_orc placed at socket idle_beast_pen (-25,28,2548)
ACTION[Server]: [grug_mobs] start npcs sunscar: grug_mobs:villager_orc placed at socket idle_armoury_forge (20,28,2548)
ACTION[Server]: [grug_mobs] start npcs sunscar: grug_mobs:elder_orc placed at socket hall_quest (3,28,2562)
ACTION[Server]: [grug_mobs] start npcs orc sunscar: guards 3/3 flair 4/4 vendor 1/1 quest 1/1 new 9 pending 0
INFO[Main]: Profiler:
INFO[Main]:   ActiveObjectMgr: SAO count [#] __________________   20x      6.6
INFO[Main]:   Emerge-0: processed [#] _________________________    1x       30
INFO[Main]:   EmergeThread: Lua on_generated [ms] _____________    2x      279
INFO[Main]:   EmergeThread: Mapgen::makeChunk [ms] ____________    2x       28
INFO[Main]:   EmergeThread: after Mapgen::makeChunk [ms] ______    2x      1.5
INFO[Main]:   EmergeThread: load block - async (sum) [ms] 
INFO[Main]:   EmergeThread: update lighting [ms] ______________    2x        7
INFO[Main]:   SEnv: modify in blocks avg per interval [ms] 
INFO[Main]:   Server: collisionMoveSimple() [us] ______________   99x    2.545
INFO[Main]:   Server: map saving (sum) [ms] ___________________    1x       12
INFO[Main]:   Server: map timer and unload [ms] 
INFO[Main]:   Server: send SAO messages [ms] 
INFO[Main]:   Server: update objects within range [ms] 
INFO[Main]:   Server::AsyncRunStep() [ms] _____________________   20x     0.85
INFO[Main]:   Server::RunStep() (max) [ms] ____________________    1x       51
INFO[Main]:   Server::SendBlocks(): Collect list [ms] 
INFO[Main]:   Server::SendBlocks(): Send to clients [ms] 
INFO[Main]:   ServerEnv: ABMs run 
INFO[Main]:   ServerEnv: Run SAO::step() [ms] _________________   20x      0.1
INFO[Main]:   ServerEnv: Run node timers [ms] 
INFO[Main]:   ServerEnv: active blocks 
INFO[Main]:   ServerEnv: active blocks cached 
INFO[Main]:   ServerEnv: active blocks scanned for ABMs 
INFO[Main]:   ServerEnv: update active blocks [ms] 
INFO[Main]:   ServerEnv::step() [ms] __________________________   20x     0.25
INFO[Main]:   ServerEnvironment::removeRemovedObjects() [ms] 
INFO[Main]:   ServerMap: load block - sync (sum) [ms] _________    1x        1
INFO[Server]: ServerMap: Written: 694 blocks, 15643 blocks in memory.
INFO[Server]: ServerMap: Blocks modified by: 
INFO[Server]:   addActiveObjectRaw ______________________________    1x        8
INFO[Server]:   finishBlockMake: expireIsAir, MMVManip::blitBackAll     1x      218
INFO[Server]:   setGenerated, finishBlockMake: expireIsAir, MMVManip::blitBackAll     1x      125
INFO[Server]:   setIsUnderground ________________________________    1x      343
ACTION[Emerge-0]: GRUG_WP40_PROFILE_CALLBACK callback=79 minp=1728,-32,2448 maxp=1807,47,2527 blockseed=2256119497 plan_us=385516 writer_us=388632 total_us=774148 columns=6400 candidate_cells=49 candidates=288 r5_runs=25600 result=applied_cplq vm_get_emerged_area_calls=1 vm_get_emerged_area_us=1 vm_get_data_calls=1 vm_get_data_us=4333 vm_get_param2_data_calls=1 vm_get_param2_data_us=4337 vm_get_light_data_calls=2 vm_get_light_data_us=8674 vm_set_data_calls=1 vm_set_data_us=7280 vm_set_param2_data_calls=1 vm_set_param2_data_us=7095 vm_set_lighting_calls=1 vm_set_lighting_us=146 vm_calc_lighting_calls=1 vm_calc_lighting_us=4176 vm_set_light_data_calls=1 vm_set_light_data_us=7109 vm_update_liquids_calls=1 vm_update_liquids_us=945
INFO[Emerge-0]: initialEmerge: area: (1792,-48,2432)(1903,63,2543)=112x112x112=1404928 (5MB)
ACTION[Emerge-0]: GRUG_WP40_PROFILE_CALLBACK callback=80 minp=1808,-32,2448 maxp=1887,47,2527 blockseed=767045961 plan_us=274439 writer_us=344131 total_us=618570 columns=6400 candidate_cells=49 candidates=329 r5_runs=25600 result=applied_cplq vm_get_emerged_area_calls=1 vm_get_emerged_area_us=2 vm_get_data_calls=1 vm_get_data_us=4334 vm_get_param2_data_calls=1 vm_get_param2_data_us=4331 vm_get_light_data_calls=2 vm_get_light_data_us=8662 vm_set_data_calls=1 vm_set_data_us=7267 vm_set_param2_data_calls=1 vm_set_param2_data_us=7082 vm_set_lighting_calls=1 vm_set_lighting_us=143 vm_calc_lighting_calls=1 vm_calc_lighting_us=5020 vm_set_light_data_calls=1 vm_set_light_data_us=7080 vm_update_liquids_calls=1 vm_update_liquids_us=961
INFO[Emerge-0]: initialEmerge: area: (1712,32,2432)(1823,143,2543)=112x112x112=1404928 (5MB)
INFO[Main]: Profiler:
INFO[Main]:   ActiveObjectMgr: SAO count [#] __________________   20x    11.55
INFO[Main]:   Emerge-0: processed [#] _________________________    1x       36
INFO[Main]:   EmergeThread: Lua on_generated [ms] _____________    2x    696.5
INFO[Main]:   EmergeThread: Mapgen::makeChunk [ms] ____________    2x       26
INFO[Main]:   EmergeThread: after Mapgen::makeChunk [ms] ______    2x        1
INFO[Main]:   EmergeThread: load block - async (sum) [ms] 
INFO[Main]:   EmergeThread: update lighting [ms] ______________    6x    3.333
INFO[Main]:   SEnv: modify in blocks avg per interval [ms] 
INFO[Main]:   Server: collisionMoveSimple() [us] ______________  171x    3.111
INFO[Main]:   Server: map saving (sum) [ms] ___________________    1x        9
INFO[Main]:   Server: map timer and unload [ms] 
INFO[Main]:   Server: send SAO messages [ms] 
INFO[Main]:   Server: update objects within range [ms] 
INFO[Main]:   Server::AsyncRunStep() [ms] _____________________   20x     0.55
INFO[Main]:   Server::RunStep() (max) [ms] ____________________    1x       51
INFO[Main]:   Server::SendBlocks(): Collect list [ms] 
INFO[Main]:   Server::SendBlocks(): Send to clients [ms] 
INFO[Main]:   ServerEnv: ABMs run 
INFO[Main]:   ServerEnv: Run SAO::step() [ms] _________________   20x      0.1
INFO[Main]:   ServerEnv: Run node timers [ms] 
INFO[Main]:   ServerEnv: active blocks 
INFO[Main]:   ServerEnv: active blocks cached 
INFO[Main]:   ServerEnv: active blocks scanned for ABMs 
INFO[Main]:   ServerEnv: update active blocks [ms] 
INFO[Main]:   ServerEnv::step() [ms] __________________________   20x      0.1
INFO[Main]:   ServerEnvironment::removeRemovedObjects() [ms] 
INFO[Main]:   ServerMap: load block - sync (sum) [ms] _________    1x        1
ACTION[Emerge-0]: GRUG_WP40_PROFILE_CALLBACK callback=81 minp=1728,48,2448 maxp=1807,127,2527 blockseed=442165913 plan_us=64132 writer_us=36650 total_us=100782 columns=6400 candidate_cells=49 candidates=288 r5_runs=6400 result=noop_equal_content vm_get_emerged_area_calls=1 vm_get_emerged_area_us=2 vm_get_data_calls=1 vm_get_data_us=4335 vm_get_param2_data_calls=1 vm_get_param2_data_us=4329 vm_get_light_data_calls=0 vm_get_light_data_us=0 vm_set_data_calls=0 vm_set_data_us=0 vm_set_param2_data_calls=0 vm_set_param2_data_us=0 vm_set_lighting_calls=0 vm_set_lighting_us=0 vm_calc_lighting_calls=0 vm_calc_lighting_us=0 vm_set_light_data_calls=0 vm_set_light_data_us=0 vm_update_liquids_calls=0 vm_update_liquids_us=0
INFO[Emerge-0]: initialEmerge: area: (1792,32,2432)(1903,143,2543)=112x112x112=1404928 (5MB)
INFO[Server]: ServerMap: Written: 1016 blocks, 16308 blocks in memory.
INFO[Server]: ServerMap: Blocks modified by: 
INFO[Server]:   deactivateFarObjects: static data changed _______    1x        8
INFO[Server]:   finishBlockMake: expireIsAir, MMVManip::blitBackAll     1x      168
INFO[Server]:   setGenerated, finishBlockMake: expireIsAir, MMVManip::blitBackAll     1x      175
INFO[Server]:   setIsUnderground ________________________________    1x      175
INFO[Server]:   setIsUnderground, finishBlockMake: expireIsAir, MMVManip::blitBackAll     1x      290
INFO[Server]:   setIsUnderground, setGenerated, finishBlockMake: expireIsAir, MMVManip::blitBackAll     1x      200
ACTION[Emerge-0]: GRUG_WP40_PROFILE_CALLBACK callback=82 minp=1808,48,2448 maxp=1887,127,2527 blockseed=2158675609 plan_us=56633 writer_us=140594 total_us=197227 columns=6400 candidate_cells=49 candidates=329 r5_runs=6400 result=applied_clq vm_get_emerged_area_calls=1 vm_get_emerged_area_us=1 vm_get_data_calls=1 vm_get_data_us=4336 vm_get_param2_data_calls=1 vm_get_param2_data_us=4334 vm_get_light_data_calls=2 vm_get_light_data_us=9212 vm_set_data_calls=1 vm_set_data_us=7279 vm_set_param2_data_calls=0 vm_set_param2_data_us=0 vm_set_lighting_calls=81 vm_set_lighting_us=122 vm_calc_lighting_calls=1 vm_calc_lighting_us=11028 vm_set_light_data_calls=1 vm_set_light_data_us=7101 vm_update_liquids_calls=1 vm_update_liquids_us=892
INFO[Emerge-0]: initialEmerge: area: (1712,-48,2512)(1823,63,2623)=112x112x112=1404928 (5MB)
ACTION[Emerge-0]: GRUG_WP40_PROFILE_CALLBACK callback=83 minp=1728,-32,2528 maxp=1807,47,2607 blockseed=3123793657 plan_us=260893 writer_us=365028 total_us=625921 columns=6400 candidate_cells=49 candidates=142 r5_runs=25600 result=applied_cplq vm_get_emerged_area_calls=1 vm_get_emerged_area_us=3 vm_get_data_calls=1 vm_get_data_us=4343 vm_get_param2_data_calls=1 vm_get_param2_data_us=4332 vm_get_light_data_calls=2 vm_get_light_data_us=8671 vm_set_data_calls=1 vm_set_data_us=7816 vm_set_param2_data_calls=1 vm_set_param2_data_us=7628 vm_set_lighting_calls=16 vm_set_lighting_us=152 vm_calc_lighting_calls=1 vm_calc_lighting_us=6711 vm_set_light_data_calls=1 vm_set_light_data_us=7626 vm_update_liquids_calls=1 vm_update_liquids_us=973
INFO[Emerge-0]: initialEmerge: area: (1792,-48,2512)(1903,63,2623)=112x112x112=1404928 (5MB)
INFO[Main]: Profiler:
INFO[Main]:   ActiveObjectMgr: SAO count [#] __________________   20x      1.5
INFO[Main]:   Emerge-0: processed [#] _________________________    1x      185
INFO[Main]:   EmergeThread: Lua on_generated [ms] _____________    3x      308
INFO[Main]:   EmergeThread: Mapgen::makeChunk [ms] ____________    3x       31
INFO[Main]:   EmergeThread: after Mapgen::makeChunk [ms] ______    3x        1
INFO[Main]:   EmergeThread: load block - async (sum) [ms] 
INFO[Main]:   EmergeThread: update lighting [ms] ______________  102x    0.333
INFO[Main]:   SEnv: modify in blocks avg per interval [ms] 
INFO[Main]:   Server: collisionMoveSimple() [us] 
INFO[Main]:   Server: map saving (sum) [ms] ___________________    1x       13
INFO[Main]:   Server: map timer and unload [ms] 
INFO[Main]:   Server: send SAO messages [ms] 
INFO[Main]:   Server: update objects within range [ms] 
INFO[Main]:   Server::AsyncRunStep() [ms] _____________________   20x      0.7
INFO[Main]:   Server::RunStep() (max) [ms] ____________________    1x       51
INFO[Main]:   Server::SendBlocks(): Collect list [ms] 
INFO[Main]:   Server::SendBlocks(): Send to clients [ms] 
INFO[Main]:   ServerEnv: ABMs run 
INFO[Main]:   ServerEnv: Run SAO::step() [ms] _________________   20x     0.05
INFO[Main]:   ServerEnv: Run node timers [ms] 
INFO[Main]:   ServerEnv: active blocks 
INFO[Main]:   ServerEnv: active blocks cached 
INFO[Main]:   ServerEnv: active blocks scanned for ABMs 
INFO[Main]:   ServerEnv: update active blocks [ms] 
INFO[Main]:   ServerEnv::step() [ms] __________________________   20x     0.05
INFO[Main]:   ServerEnvironment::removeRemovedObjects() [ms] 
INFO[Main]:   ServerMap: load block - sync (sum) [ms] _________    1x        2
INFO[Server]: ServerMap: Written: 853 blocks, 16728 blocks in memory.
INFO[Server]: ServerMap: Blocks modified by: 
INFO[Server]:   finishBlockMake: expireIsAir, MMVManip::blitBackAll     1x      283
INFO[Server]:   setGenerated, finishBlockMake: expireIsAir, MMVManip::blitBackAll     1x      150
INFO[Server]:   setIsUnderground ________________________________    1x      175
INFO[Server]:   setIsUnderground, finishBlockMake: expireIsAir, MMVManip::blitBackAll     1x      145
INFO[Server]:   setIsUnderground, setGenerated, finishBlockMake: expireIsAir, MMVManip::blitBackAll     1x      100
ACTION[Emerge-0]: GRUG_WP40_PROFILE_CALLBACK callback=84 minp=1808,-32,2528 maxp=1887,47,2607 blockseed=2230869381 plan_us=192017 writer_us=361712 total_us=553729 columns=6400 candidate_cells=49 candidates=227 r5_runs=25600 result=applied_cplq vm_get_emerged_area_calls=1 vm_get_emerged_area_us=2 vm_get_data_calls=1 vm_get_data_us=4340 vm_get_param2_data_calls=1 vm_get_param2_data_us=4329 vm_get_light_data_calls=2 vm_get_light_data_us=8667 vm_set_data_calls=1 vm_set_data_us=7281 vm_set_param2_data_calls=1 vm_set_param2_data_us=7084 vm_set_lighting_calls=16 vm_set_lighting_us=146 vm_calc_lighting_calls=1 vm_calc_lighting_us=7627 vm_set_light_data_calls=1 vm_set_light_data_us=7083 vm_update_liquids_calls=1 vm_update_liquids_us=978
INFO[Emerge-0]: initialEmerge: area: (1712,32,2512)(1823,143,2623)=112x112x112=1404928 (5MB)
ACTION[Emerge-0]: GRUG_WP40_PROFILE_CALLBACK callback=85 minp=1728,48,2528 maxp=1807,127,2607 blockseed=2982630305 plan_us=53162 writer_us=102183 total_us=155345 columns=6400 candidate_cells=49 candidates=142 r5_runs=6400 result=applied_clq vm_get_emerged_area_calls=1 vm_get_emerged_area_us=1 vm_get_data_calls=1 vm_get_data_us=4331 vm_get_param2_data_calls=1 vm_get_param2_data_us=4346 vm_get_light_data_calls=2 vm_get_light_data_us=9203 vm_set_data_calls=1 vm_set_data_us=7541 vm_set_param2_data_calls=0 vm_set_param2_data_us=0 vm_set_lighting_calls=70 vm_set_lighting_us=39 vm_calc_lighting_calls=1 vm_calc_lighting_us=11468 vm_set_light_data_calls=1 vm_set_light_data_us=7352 vm_update_liquids_calls=1 vm_update_liquids_us=897
INFO[Emerge-0]: initialEmerge: area: (1792,32,2512)(1903,143,2623)=112x112x112=1404928 (5MB)
ACTION[Emerge-0]: GRUG_WP40_PROFILE_CALLBACK callback=86 minp=1808,48,2528 maxp=1887,127,2607 blockseed=872428577 plan_us=45529 writer_us=37049 total_us=82578 columns=6400 candidate_cells=49 candidates=227 r5_runs=6400 result=noop_equal_content vm_get_emerged_area_calls=1 vm_get_emerged_area_us=1 vm_get_data_calls=1 vm_get_data_us=4602 vm_get_param2_data_calls=1 vm_get_param2_data_us=4600 vm_get_light_data_calls=0 vm_get_light_data_us=0 vm_set_data_calls=0 vm_set_data_us=0 vm_set_param2_data_calls=0 vm_set_param2_data_us=0 vm_set_lighting_calls=0 vm_set_lighting_us=0 vm_calc_lighting_calls=0 vm_calc_lighting_us=0 vm_set_light_data_calls=0 vm_set_light_data_us=0 vm_update_liquids_calls=0 vm_update_liquids_us=0
INFO[Emerge-0]: initialEmerge: area: (1712,-48,2592)(1823,63,2703)=112x112x112=1404928 (5MB)
INFO[Main]: Profiler:
INFO[Main]:   ActiveObjectMgr: SAO count [#] 
INFO[Main]:   Emerge-0: processed [#] _________________________    1x      355
INFO[Main]:   EmergeThread: Lua on_generated [ms] _____________    3x  263.666
INFO[Main]:   EmergeThread: Mapgen::makeChunk [ms] ____________    3x       31
INFO[Main]:   EmergeThread: after Mapgen::makeChunk [ms] ______    3x    0.666
INFO[Main]:   EmergeThread: load block - async (sum) [ms] 
INFO[Main]:   EmergeThread: update lighting [ms] ______________   91x    0.527
INFO[Main]:   SEnv: modify in blocks avg per interval [ms] 
INFO[Main]:   Server: collisionMoveSimple() [us] 
INFO[Main]:   Server: map saving (sum) [ms] ___________________    1x       11
INFO[Main]:   Server: map timer and unload [ms] 
INFO[Main]:   Server: send SAO messages [ms] 
INFO[Main]:   Server: update objects within range [ms] 
INFO[Main]:   Server::AsyncRunStep() [ms] _____________________   20x      0.6
INFO[Main]:   Server::RunStep() (max) [ms] ____________________    1x       51
INFO[Main]:   Server::SendBlocks(): Collect list [ms] 
INFO[Main]:   Server::SendBlocks(): Send to clients [ms] 
INFO[Main]:   ServerEnv: ABMs run 
INFO[Main]:   ServerEnv: Run SAO::step() [ms] 
INFO[Main]:   ServerEnv: Run node timers [ms] 
INFO[Main]:   ServerEnv: active blocks 
INFO[Main]:   ServerEnv: active blocks cached 
INFO[Main]:   ServerEnv: active blocks scanned for ABMs 
INFO[Main]:   ServerEnv: update active blocks [ms] 
INFO[Main]:   ServerEnv::step() [ms] __________________________   20x     0.05
INFO[Main]:   ServerEnvironment::removeRemovedObjects() [ms] 
INFO[Main]:   ServerMap: load block - sync (sum) [ms] _________    1x        2
INFO[Server]: ServerMap: Written: 1078 blocks, 17273 blocks in memory.
INFO[Server]: ServerMap: Blocks modified by: 
INFO[Server]:   finishBlockMake: expireIsAir, MMVManip::blitBackAll     1x      318
INFO[Server]:   setGenerated, finishBlockMake: expireIsAir, MMVManip::blitBackAll     1x      215
INFO[Server]:   setIsUnderground ________________________________    1x      245
INFO[Server]:   setIsUnderground, finishBlockMake: expireIsAir, MMVManip::blitBackAll     1x      140
INFO[Server]:   setIsUnderground, setGenerated, finishBlockMake: expireIsAir, MMVManip::blitBackAll     1x      160
ACTION[Emerge-0]: GRUG_WP40_PROFILE_CALLBACK callback=87 minp=1728,-32,2608 maxp=1807,47,2687 blockseed=2203731867 plan_us=268632 writer_us=354235 total_us=622867 columns=6400 candidate_cells=49 candidates=469 r5_runs=24710 result=applied_cplq vm_get_emerged_area_calls=1 vm_get_emerged_area_us=2 vm_get_data_calls=1 vm_get_data_us=4348 vm_get_param2_data_calls=1 vm_get_param2_data_us=4327 vm_get_light_data_calls=2 vm_get_light_data_us=8660 vm_set_data_calls=1 vm_set_data_us=7267 vm_set_param2_data_calls=1 vm_set_param2_data_us=7081 vm_set_lighting_calls=16 vm_set_lighting_us=152 vm_calc_lighting_calls=1 vm_calc_lighting_us=5680 vm_set_light_data_calls=1 vm_set_light_data_us=7082 vm_update_liquids_calls=1 vm_update_liquids_us=1001
INFO[Emerge-0]: initialEmerge: area: (1792,-48,2592)(1903,63,2703)=112x112x112=1404928 (5MB)
INFO[Main]: Profiler:
INFO[Main]:   ActiveObjectMgr: SAO count [#] 
INFO[Main]:   Emerge-0: processed [#] _________________________    1x        5
INFO[Main]:   EmergeThread: Lua on_generated [ms] _____________    1x      623
INFO[Main]:   EmergeThread: Mapgen::makeChunk [ms] ____________    1x       30
INFO[Main]:   EmergeThread: after Mapgen::makeChunk [ms] ______    1x        1
INFO[Main]:   EmergeThread: load block - async (sum) [ms] 
INFO[Main]:   EmergeThread: update lighting [ms] ______________   18x    0.555
INFO[Main]:   SEnv: modify in blocks avg per interval [ms] 
INFO[Main]:   Server: collisionMoveSimple() [us] 
INFO[Main]:   Server: map saving (sum) [ms] ___________________    1x       14
INFO[Main]:   Server: map timer and unload [ms] 
INFO[Main]:   Server: send SAO messages [ms] 
INFO[Main]:   Server: update objects within range [ms] 
INFO[Main]:   Server::AsyncRunStep() [ms] _____________________   20x      0.7
INFO[Main]:   Server::RunStep() (max) [ms] ____________________    1x       51
INFO[Main]:   Server::SendBlocks(): Collect list [ms] 
INFO[Main]:   Server::SendBlocks(): Send to clients [ms] 
INFO[Main]:   ServerEnv: ABMs run 
INFO[Main]:   ServerEnv: Run SAO::step() [ms] 
INFO[Main]:   ServerEnv: Run node timers [ms] 
INFO[Main]:   ServerEnv: active blocks 
INFO[Main]:   ServerEnv: active blocks cached 
INFO[Main]:   ServerEnv: active blocks scanned for ABMs 
INFO[Main]:   ServerEnv: update active blocks [ms] 
INFO[Main]:   ServerEnv::step() [ms] 
INFO[Main]:   ServerEnvironment::removeRemovedObjects() [ms] 
INFO[Main]:   ServerMap: load block - sync (sum) [ms] _________    1x        1
ACTION[Emerge-0]: GRUG_WP40_PROFILE_CALLBACK callback=88 minp=1808,-32,2608 maxp=1887,47,2687 blockseed=2624435995 plan_us=208485 writer_us=385742 total_us=594227 columns=6400 candidate_cells=49 candidates=481 r5_runs=24714 result=applied_cplq vm_get_emerged_area_calls=1 vm_get_emerged_area_us=2 vm_get_data_calls=1 vm_get_data_us=4347 vm_get_param2_data_calls=1 vm_get_param2_data_us=4334 vm_get_light_data_calls=2 vm_get_light_data_us=10469 vm_set_data_calls=1 vm_set_data_us=7280 vm_set_param2_data_calls=1 vm_set_param2_data_us=7092 vm_set_lighting_calls=16 vm_set_lighting_us=142 vm_calc_lighting_calls=1 vm_calc_lighting_us=7431 vm_set_light_data_calls=1 vm_set_light_data_us=7338 vm_update_liquids_calls=1 vm_update_liquids_us=1121
INFO[Server]: ServerMap: Written: 518 blocks, 17448 blocks in memory.
INFO[Server]: ServerMap: Blocks modified by: 
INFO[Server]:   finishBlockMake: expireIsAir, MMVManip::blitBackAll     1x      218
INFO[Server]:   setGenerated, finishBlockMake: expireIsAir, MMVManip::blitBackAll     1x      125
INFO[Server]:   setIsUnderground ________________________________    1x      175
INFO[Emerge-0]: initialEmerge: area: (1712,32,2592)(1823,143,2703)=112x112x112=1404928 (5MB)
ACTION[Emerge-0]: GRUG_WP40_PROFILE_CALLBACK callback=89 minp=1728,48,2608 maxp=1807,127,2687 blockseed=748242345 plan_us=80022 writer_us=39414 total_us=119436 columns=6400 candidate_cells=49 candidates=469 r5_runs=6400 result=noop_equal_content vm_get_emerged_area_calls=1 vm_get_emerged_area_us=2 vm_get_data_calls=1 vm_get_data_us=4124 vm_get_param2_data_calls=1 vm_get_param2_data_us=4071 vm_get_light_data_calls=0 vm_get_light_data_us=0 vm_set_data_calls=0 vm_set_data_us=0 vm_set_param2_data_calls=0 vm_set_param2_data_us=0 vm_set_lighting_calls=0 vm_set_lighting_us=0 vm_calc_lighting_calls=0 vm_calc_lighting_us=0 vm_set_light_data_calls=0 vm_set_light_data_us=0 vm_update_liquids_calls=0 vm_update_liquids_us=0
INFO[Emerge-0]: initialEmerge: area: (1792,32,2592)(1903,143,2703)=112x112x112=1404928 (5MB)
ACTION[Emerge-0]: GRUG_WP40_PROFILE_CALLBACK callback=90 minp=1808,48,2608 maxp=1887,127,2687 blockseed=2336779657 plan_us=65704 writer_us=38665 total_us=104369 columns=6400 candidate_cells=49 candidates=481 r5_runs=6400 result=noop_equal_content vm_get_emerged_area_calls=1 vm_get_emerged_area_us=2 vm_get_data_calls=1 vm_get_data_us=4068 vm_get_param2_data_calls=1 vm_get_param2_data_us=4062 vm_get_light_data_calls=0 vm_get_light_data_us=0 vm_set_data_calls=0 vm_set_data_us=0 vm_set_param2_data_calls=0 vm_set_param2_data_us=0 vm_set_lighting_calls=0 vm_set_lighting_us=0 vm_calc_lighting_calls=0 vm_calc_lighting_us=0 vm_set_light_data_calls=0 vm_set_light_data_us=0 vm_update_liquids_calls=0 vm_update_liquids_us=0
ACTION[Emerge-0]: [grug_core] start area ready: troll (6/6, 49.4 s)
ACTION[Emerge-0]: [grug_core] all 6 start areas ready after 49.4 s
ACTION[Emerge-0]: GRUG_WP40_PROFILE_PROBE phase=cold event=emerge case=owner_48:-32:2448 mapchunk=48,-32,2448 elapsed_us=11874039 generated=1 disk=0 memory=124 cancelled=0 errored=0
ACTION[Server]: [grug_mobs] start npcs kapok: grug_mobs:guard_throng placed at socket gate_west (1796,21,2505)
ACTION[Server]: [grug_mobs] start npcs kapok: grug_mobs:guard_throng placed at socket gate_east (1804,21,2505)
ACTION[Server]: [grug_mobs] start npcs kapok: grug_mobs:guard_throng placed at socket watch_gate (1800,21,2514)
ACTION[Server]: [grug_mobs] start npcs kapok: grug_traders:vendor_race_troll placed at socket clearing_vendor (1807,21,2546)
ACTION[Server]: [grug_mobs] start npcs kapok: grug_mobs:villager_troll placed at socket idle_lodge_door (1798,21,2567)
ACTION[Server]: [grug_mobs] start npcs kapok: grug_mobs:villager_troll placed at socket idle_terrace_settle (1788,21,2577)
ACTION[Server]: [grug_mobs] start npcs kapok: grug_mobs:villager_troll placed at socket idle_drying_shed (1783,21,2574)
ACTION[Server]: [grug_mobs] start npcs kapok: grug_mobs:villager_troll placed at socket idle_smoker (1813,21,2570)
ACTION[Server]: [grug_mobs] start npcs kapok: grug_mobs:elder_troll placed at socket hall_quest (1803,21,2567)
ACTION[Server]: [grug_mobs] start npcs troll kapok: guards 3/3 flair 4/4 vendor 1/1 quest 1/1 new 9 pending 0
ACTION[Emerge-0]: GRUG_WP40_PROFILE_PROBE phase=cold event=emerge case=owner_48:-32:-2672 mapchunk=48,-32,-2672 elapsed_us=238 generated=0 disk=0 memory=125 cancelled=0 errored=0
ACTION[Emerge-0]: GRUG_WP40_PROFILE_PROBE phase=cold event=emerge case=owner_48:-32:-2592 mapchunk=48,-32,-2592 elapsed_us=239 generated=0 disk=0 memory=125 cancelled=0 errored=0
ACTION[Emerge-0]: GRUG_WP40_PROFILE_PROBE phase=cold event=emerge case=owner_48:-32:-2512 mapchunk=48,-32,-2512 elapsed_us=267 generated=0 disk=0 memory=125 cancelled=0 errored=0
ACTION[Emerge-0]: GRUG_WP40_PROFILE_PROBE phase=cold event=emerge case=owner_1808:-32:2608 mapchunk=1808,-32,2608 elapsed_us=239 generated=0 disk=0 memory=125 cancelled=0 errored=0
ACTION[Emerge-0]: GRUG_WP40_PROFILE_PROBE phase=cold event=emerge case=owner_1808:-32:2528 mapchunk=1808,-32,2528 elapsed_us=435 generated=0 disk=0 memory=125 cancelled=0 errored=0
ACTION[Emerge-0]: GRUG_WP40_PROFILE_PROBE phase=cold event=emerge case=owner_1808:-32:2448 mapchunk=1808,-32,2448 elapsed_us=993 generated=0 disk=0 memory=125 cancelled=0 errored=0
ACTION[Emerge-0]: GRUG_WP40_PROFILE_PROBE phase=cold event=emerge case=owner_1808:-32:-2672 mapchunk=1808,-32,-2672 elapsed_us=316 generated=0 disk=0 memory=125 cancelled=0 errored=0
ACTION[Emerge-0]: GRUG_WP40_PROFILE_PROBE phase=cold event=emerge case=owner_1808:-32:-2592 mapchunk=1808,-32,-2592 elapsed_us=328 generated=0 disk=0 memory=125 cancelled=0 errored=0
ACTION[Emerge-0]: GRUG_WP40_PROFILE_PROBE phase=cold event=emerge case=owner_1808:-32:-2512 mapchunk=1808,-32,-2512 elapsed_us=263 generated=0 disk=0 memory=125 cancelled=0 errored=0
ACTION[Emerge-0]: GRUG_WP40_PROFILE_PROBE phase=cold event=emerge case=owner_1728:-32:2608 mapchunk=1728,-32,2608 elapsed_us=375 generated=0 disk=0 memory=125 cancelled=0 errored=0
ACTION[Emerge-0]: GRUG_WP40_PROFILE_PROBE phase=cold event=emerge case=owner_1728:-32:2528 mapchunk=1728,-32,2528 elapsed_us=275 generated=0 disk=0 memory=125 cancelled=0 errored=0
ACTION[Emerge-0]: GRUG_WP40_PROFILE_PROBE phase=cold event=emerge case=owner_1728:-32:2448 mapchunk=1728,-32,2448 elapsed_us=338 generated=0 disk=0 memory=125 cancelled=0 errored=0
ACTION[Emerge-0]: GRUG_WP40_PROFILE_PROBE phase=cold event=emerge case=owner_1728:-32:-2672 mapchunk=1728,-32,-2672 elapsed_us=195 generated=0 disk=0 memory=125 cancelled=0 errored=0
INFO[Main]: Profiler:
INFO[Main]:   ActiveObjectMgr: SAO count [#] __________________   20x     7.35
INFO[Main]:   Emerge-0: processed [#] _________________________    1x     1807
INFO[Main]:   EmergeThread: Lua on_generated [ms] _____________    3x  272.666
INFO[Main]:   EmergeThread: Mapgen::makeChunk [ms] ____________    2x       28
INFO[Main]:   EmergeThread: after Mapgen::makeChunk [ms] ______    3x        1
INFO[Main]:   EmergeThread: load block - async (sum) [ms] 
INFO[Main]:   EmergeThread: update lighting [ms] ______________   19x    1.736
INFO[Main]:   SEnv: modify in blocks avg per interval [ms] 
INFO[Main]:   Server: collisionMoveSimple() [us] ______________  108x    3.148
INFO[Main]:   Server: map saving (sum) [ms] ___________________    1x        8
INFO[Main]:   Server: map timer and unload [ms] _______________    1x        1
INFO[Main]:   Server: send SAO messages [ms] 
INFO[Main]:   Server: update objects within range [ms] 
INFO[Main]:   Server::AsyncRunStep() [ms] _____________________   20x     0.65
INFO[Main]:   Server::RunStep() (max) [ms] ____________________    1x       51
INFO[Main]:   Server::SendBlocks(): Collect list [ms] 
INFO[Main]:   Server::SendBlocks(): Send to clients [ms] 
INFO[Main]:   Server::yieldTo...() progress [#] 
INFO[Main]:   Server::yieldTo...() sleep [ms] _________________    1x        1
INFO[Main]:   ServerEnv: ABMs run 
INFO[Main]:   ServerEnv: Run SAO::step() [ms] _________________   20x     0.05
INFO[Main]:   ServerEnv: Run node timers [ms] 
INFO[Main]:   ServerEnv: active blocks 
INFO[Main]:   ServerEnv: active blocks cached 
INFO[Main]:   ServerEnv: active blocks scanned for ABMs 
INFO[Main]:   ServerEnv: update active blocks [ms] 
INFO[Main]:   ServerEnv::step() [ms] __________________________   20x     0.15
INFO[Main]:   ServerEnvironment::removeRemovedObjects() [ms] 
INFO[Main]:   ServerMap: load block - sync (sum) [ms] 
ACTION[Emerge-0]: GRUG_WP40_PROFILE_PROBE phase=cold event=emerge case=owner_1728:-32:-2592 mapchunk=1728,-32,-2592 elapsed_us=193 generated=0 disk=0 memory=125 cancelled=0 errored=0
INFO[Server]: ServerMap: Written: 840 blocks, 17748 blocks in memory.
INFO[Server]: ServerMap: Blocks modified by: 
INFO[Server]:   addActiveObjectRaw, deactivateFarObjects: static data changed     1x        7
INFO[Server]:   finishBlockMake: expireIsAir, MMVManip::blitBackAll     1x      318
INFO[Server]:   setGenerated, finishBlockMake: expireIsAir, MMVManip::blitBackAll     1x      215
INFO[Server]:   setIsUnderground, finishBlockMake: expireIsAir, MMVManip::blitBackAll     1x      140
INFO[Server]:   setIsUnderground, setGenerated, finishBlockMake: expireIsAir, MMVManip::blitBackAll     1x      160
ACTION[Emerge-0]: GRUG_WP40_PROFILE_PROBE phase=cold event=emerge case=owner_1728:-32:-2512 mapchunk=1728,-32,-2512 elapsed_us=12354 generated=0 disk=0 memory=125 cancelled=0 errored=0
ACTION[Emerge-0]: GRUG_WP40_PROFILE_PROBE phase=cold event=emerge case=owner_-32:-32:2608 mapchunk=-32,-32,2608 elapsed_us=144 generated=0 disk=0 memory=125 cancelled=0 errored=0
ACTION[Emerge-0]: GRUG_WP40_PROFILE_PROBE phase=cold event=emerge case=owner_-32:-32:2528 mapchunk=-32,-32,2528 elapsed_us=198 generated=0 disk=0 memory=125 cancelled=0 errored=0
ACTION[Emerge-0]: GRUG_WP40_PROFILE_PROBE phase=cold event=emerge case=owner_-32:-32:2448 mapchunk=-32,-32,2448 elapsed_us=189 generated=0 disk=0 memory=125 cancelled=0 errored=0
ACTION[Emerge-0]: GRUG_WP40_PROFILE_PROBE phase=cold event=emerge case=owner_-32:-32:-2672 mapchunk=-32,-32,-2672 elapsed_us=226 generated=0 disk=0 memory=125 cancelled=0 errored=0
ACTION[Emerge-0]: GRUG_WP40_PROFILE_PROBE phase=cold event=emerge case=owner_-32:-32:-2592 mapchunk=-32,-32,-2592 elapsed_us=244 generated=0 disk=0 memory=125 cancelled=0 errored=0
ACTION[Emerge-0]: GRUG_WP40_PROFILE_PROBE phase=cold event=emerge case=owner_-32:-32:-2512 mapchunk=-32,-32,-2512 elapsed_us=204 generated=0 disk=0 memory=125 cancelled=0 errored=0
ACTION[Emerge-0]: GRUG_WP40_PROFILE_PROBE phase=cold event=emerge case=owner_-1872:48:2608 mapchunk=-1872,48,2608 elapsed_us=200 generated=0 disk=0 memory=125 cancelled=0 errored=0
ACTION[Emerge-0]: GRUG_WP40_PROFILE_PROBE phase=cold event=emerge case=owner_-1872:48:2528 mapchunk=-1872,48,2528 elapsed_us=196 generated=0 disk=0 memory=125 cancelled=0 errored=0
ACTION[Emerge-0]: GRUG_WP40_PROFILE_PROBE phase=cold event=emerge case=owner_-1872:48:2448 mapchunk=-1872,48,2448 elapsed_us=198 generated=0 disk=0 memory=125 cancelled=0 errored=0
ACTION[Emerge-0]: GRUG_WP40_PROFILE_PROBE phase=cold event=emerge case=owner_-1872:-32:-2672 mapchunk=-1872,-32,-2672 elapsed_us=164 generated=0 disk=0 memory=125 cancelled=0 errored=0
ACTION[Emerge-0]: GRUG_WP40_PROFILE_PROBE phase=cold event=emerge case=owner_-1872:-32:-2592 mapchunk=-1872,-32,-2592 elapsed_us=212 generated=0 disk=0 memory=125 cancelled=0 errored=0
ACTION[Emerge-0]: GRUG_WP40_PROFILE_PROBE phase=cold event=emerge case=owner_-1872:-32:-2512 mapchunk=-1872,-32,-2512 elapsed_us=230 generated=0 disk=0 memory=125 cancelled=0 errored=0
ACTION[Emerge-0]: GRUG_WP40_PROFILE_PROBE phase=cold event=emerge case=owner_-1792:48:2608 mapchunk=-1792,48,2608 elapsed_us=203 generated=0 disk=0 memory=125 cancelled=0 errored=0
ACTION[Emerge-0]: GRUG_WP40_PROFILE_PROBE phase=cold event=emerge case=owner_-1792:48:2528 mapchunk=-1792,48,2528 elapsed_us=244 generated=0 disk=0 memory=125 cancelled=0 errored=0
ACTION[Emerge-0]: GRUG_WP40_PROFILE_PROBE phase=cold event=emerge case=owner_-1792:48:2448 mapchunk=-1792,48,2448 elapsed_us=226 generated=0 disk=0 memory=125 cancelled=0 errored=0
ACTION[Emerge-0]: GRUG_WP40_PROFILE_PROBE phase=cold event=emerge case=owner_-1792:-32:-2672 mapchunk=-1792,-32,-2672 elapsed_us=226 generated=0 disk=0 memory=125 cancelled=0 errored=0
ACTION[Emerge-0]: GRUG_WP40_PROFILE_PROBE phase=cold event=emerge case=owner_-1792:-32:-2592 mapchunk=-1792,-32,-2592 elapsed_us=236 generated=0 disk=0 memory=125 cancelled=0 errored=0
ACTION[Emerge-0]: GRUG_WP40_PROFILE_PROBE phase=cold event=emerge case=owner_-1792:-32:-2512 mapchunk=-1792,-32,-2512 elapsed_us=223 generated=0 disk=0 memory=125 cancelled=0 errored=0
INFO[Main]: Profiler:
INFO[Main]:   ActiveObjectMgr: SAO count [#] __________________   20x      1.5
INFO[Main]:   Emerge-0: processed [#] _________________________    1x     2500
INFO[Main]:   EmergeThread: Lua on_generated [ms] 
INFO[Main]:   EmergeThread: Mapgen::makeChunk [ms] 
INFO[Main]:   EmergeThread: after Mapgen::makeChunk [ms] 
INFO[Main]:   EmergeThread: load block - async (sum) [ms] 
INFO[Main]:   EmergeThread: update lighting [ms] 
INFO[Main]:   SEnv: modify in blocks avg per interval [ms] 
INFO[Main]:   Server: collisionMoveSimple() [us] 
INFO[Main]:   Server: map saving (sum) [ms] ___________________    1x       12
INFO[Main]:   Server: map timer and unload [ms] 
INFO[Main]:   Server: send SAO messages [ms] 
INFO[Main]:   Server: update objects within range [ms] 
INFO[Main]:   Server::AsyncRunStep() [ms] _____________________   20x      0.7
INFO[Main]:   Server::RunStep() (max) [ms] ____________________    1x       51
INFO[Main]:   Server::SendBlocks(): Collect list [ms] 
INFO[Main]:   Server::SendBlocks(): Send to clients [ms] 
INFO[Main]:   Server::yieldTo...() progress [#] 
INFO[Main]:   Server::yieldTo...() sleep [ms] 
INFO[Main]:   ServerEnv: ABMs run 
INFO[Main]:   ServerEnv: Run SAO::step() [ms] _________________   20x     0.05
INFO[Main]:   ServerEnv: Run node timers [ms] 
INFO[Main]:   ServerEnv: active blocks 
INFO[Main]:   ServerEnv: active blocks cached 
INFO[Main]:   ServerEnv: active blocks scanned for ABMs 
INFO[Main]:   ServerEnv: update active blocks [ms] 
INFO[Main]:   ServerEnv::step() [ms] __________________________   20x     0.05
INFO[Main]:   ServerEnvironment::removeRemovedObjects() [ms] 
INFO[Main]:   ServerMap: load block - sync (sum) [ms] 
INFO[Emerge-0]: initialEmerge: area: (-1808,-128,-2608)(-1697,-17,-2497)=112x112x112=1404928 (5MB)
INFO[Server]: ServerMap: Written: 245 blocks, 17993 blocks in memory.
INFO[Server]: ServerMap: Blocks modified by: 
INFO[Server]:   setIsUnderground ________________________________    1x      245
ACTION[Emerge-0]: GRUG_WP40_PROFILE_CALLBACK callback=91 minp=-1792,-112,-2592 maxp=-1713,-33,-2513 blockseed=1545260395 plan_us=429934 writer_us=83498 total_us=513432 columns=6400 candidate_cells=49 candidates=301 r5_runs=6400 result=applied_clq vm_get_emerged_area_calls=1 vm_get_emerged_area_us=2 vm_get_data_calls=1 vm_get_data_us=4328 vm_get_param2_data_calls=1 vm_get_param2_data_us=4336 vm_get_light_data_calls=2 vm_get_light_data_us=8667 vm_set_data_calls=1 vm_set_data_us=7273 vm_set_param2_data_calls=0 vm_set_param2_data_us=0 vm_set_lighting_calls=1 vm_set_lighting_us=48 vm_calc_lighting_calls=1 vm_calc_lighting_us=870 vm_set_light_data_calls=1 vm_set_light_data_us=7087 vm_update_liquids_calls=1 vm_update_liquids_us=1043
ACTION[Emerge-0]: GRUG_WP40_PROFILE_PROBE phase=cold event=emerge case=owner_-1792:-112:-2592 mapchunk=-1792,-112,-2592 elapsed_us=537536 generated=1 disk=0 memory=124 cancelled=0 errored=0
INFO[Emerge-0]: initialEmerge: area: (-1728,-128,-2608)(-1617,-17,-2497)=112x112x112=1404928 (5MB)
INFO[Main]: Profiler:
INFO[Main]:   ActiveObjectMgr: SAO count [#] 
INFO[Main]:   Emerge-0: processed [#] _________________________    1x      126
INFO[Main]:   EmergeThread: Lua on_generated [ms] _____________    1x      514
INFO[Main]:   EmergeThread: Mapgen::makeChunk [ms] ____________    2x       21
INFO[Main]:   EmergeThread: after Mapgen::makeChunk [ms] 
INFO[Main]:   EmergeThread: load block - async (sum) [ms] 
INFO[Main]:   EmergeThread: update lighting [ms] ______________    4x     0.75
INFO[Main]:   SEnv: modify in blocks avg per interval [ms] 
INFO[Main]:   Server: collisionMoveSimple() [us] 
INFO[Main]:   Server: map saving (sum) [ms] ___________________    1x        3
INFO[Main]:   Server: map timer and unload [ms] 
INFO[Main]:   Server: send SAO messages [ms] 
INFO[Main]:   Server: update objects within range [ms] 
INFO[Main]:   Server::AsyncRunStep() [ms] _____________________   20x     0.25
INFO[Main]:   Server::RunStep() (max) [ms] ____________________    1x       51
INFO[Main]:   Server::SendBlocks(): Collect list [ms] 
INFO[Main]:   Server::SendBlocks(): Send to clients [ms] 
INFO[Main]:   Server::yieldTo...() progress [#] 
INFO[Main]:   Server::yieldTo...() sleep [ms] 
INFO[Main]:   ServerEnv: ABMs run 
INFO[Main]:   ServerEnv: Run SAO::step() [ms] 
INFO[Main]:   ServerEnv: Run node timers [ms] 
INFO[Main]:   ServerEnv: active blocks 
INFO[Main]:   ServerEnv: active blocks cached 
INFO[Main]:   ServerEnv: active blocks scanned for ABMs 
INFO[Main]:   ServerEnv: update active blocks [ms] 
INFO[Main]:   ServerEnv::step() [ms] __________________________   20x     0.05
INFO[Main]:   ServerEnvironment::removeRemovedObjects() [ms] 
INFO[Main]:   ServerMap: load block - sync (sum) [ms] _________    1x        1
INFO[Server]: ServerMap: Written: 588 blocks, 18238 blocks in memory.
INFO[Server]: ServerMap: Blocks modified by: 
INFO[Server]:   finishBlockMake: expireIsAir, MMVManip::blitBackAll     1x      218
INFO[Server]:   setGenerated, finishBlockMake: expireIsAir, MMVManip::blitBackAll     1x      125
INFO[Server]:   setIsUnderground ________________________________    1x      245
ACTION[Emerge-0]: GRUG_WP40_PROFILE_CALLBACK callback=92 minp=-1712,-112,-2592 maxp=-1633,-33,-2513 blockseed=1910607929 plan_us=397504 writer_us=214803 total_us=612307 columns=6400 candidate_cells=49 candidates=903 r5_runs=6400 result=applied_clq vm_get_emerged_area_calls=1 vm_get_emerged_area_us=3 vm_get_data_calls=1 vm_get_data_us=4343 vm_get_param2_data_calls=1 vm_get_param2_data_us=4330 vm_get_light_data_calls=2 vm_get_light_data_us=8682 vm_set_data_calls=1 vm_set_data_us=7276 vm_set_param2_data_calls=0 vm_set_param2_data_us=0 vm_set_lighting_calls=1 vm_set_lighting_us=33 vm_calc_lighting_calls=1 vm_calc_lighting_us=867 vm_set_light_data_calls=1 vm_set_light_data_us=7360 vm_update_liquids_calls=1 vm_update_liquids_us=1183
ACTION[Emerge-0]: GRUG_WP40_PROFILE_PROBE phase=cold event=emerge case=owner_-1712:-112:-2592 mapchunk=-1712,-112,-2592 elapsed_us=639769 generated=1 disk=0 memory=124 cancelled=0 errored=0
ACTION[Emerge-0]: GRUG_WP40_PROFILE_PROBE phase=cold event=emerge case=owner_-112:-32:2608 mapchunk=-112,-32,2608 elapsed_us=154 generated=0 disk=0 memory=125 cancelled=0 errored=0
ACTION[Emerge-0]: GRUG_WP40_PROFILE_PROBE phase=cold event=emerge case=owner_-112:-32:2528 mapchunk=-112,-32,2528 elapsed_us=213 generated=0 disk=0 memory=125 cancelled=0 errored=0
ACTION[Emerge-0]: GRUG_WP40_PROFILE_PROBE phase=cold event=emerge case=owner_-112:-32:2448 mapchunk=-112,-32,2448 elapsed_us=221 generated=0 disk=0 memory=125 cancelled=0 errored=0
ACTION[Emerge-0]: GRUG_WP40_PROFILE_PROBE phase=cold event=emerge case=owner_-112:-32:-2672 mapchunk=-112,-32,-2672 elapsed_us=240 generated=0 disk=0 memory=125 cancelled=0 errored=0
ACTION[Emerge-0]: GRUG_WP40_PROFILE_PROBE phase=cold event=emerge case=owner_-112:-32:-2592 mapchunk=-112,-32,-2592 elapsed_us=225 generated=0 disk=0 memory=125 cancelled=0 errored=0
ACTION[Emerge-0]: GRUG_WP40_PROFILE_PROBE phase=cold event=emerge case=owner_-112:-32:-2512 mapchunk=-112,-32,-2512 elapsed_us=229 generated=0 disk=0 memory=125 cancelled=0 errored=0
ACTION[Server]: GRUG_WP40_PROFILE_PROBE phase=cold event=complete requested=44 completed=44 callbacks=92 generated=5 disk=0 memory=5495 cancelled=0 errored=0 samples=1628 expected_nodes=0 digest=97ae47ee00e0a855639c4b7530e8f066d10893f20cffd6fe9bdae64168d0d087 full_digest=disabled full_vocabulary_digest=- full_voxels=0 measured_elapsed_us=52617558 diagnostic_us=975
INFO[Server]: *** Server shutting down in 0s.
INFO[Main]: Dedicated server quitting
INFO[Main]: Profiler:
INFO[Main]:   ActiveObjectMgr: SAO count [#] 
INFO[Main]:   Emerge-0: processed [#] _________________________    1x      874
INFO[Main]:   EmergeThread: Lua on_generated [ms] _____________    1x      613
INFO[Main]:   EmergeThread: Mapgen::makeChunk [ms] 
INFO[Main]:   EmergeThread: after Mapgen::makeChunk [ms] ______    1x        3
INFO[Main]:   EmergeThread: load block - async (sum) [ms] 
INFO[Main]:   EmergeThread: update lighting [ms] ______________    2x      0.5
INFO[Main]:   SEnv: modify in blocks avg per interval [ms] 
INFO[Main]:   Server: collisionMoveSimple() [us] 
INFO[Main]:   Server: map saving (sum) [ms] ___________________    1x        9
INFO[Main]:   Server: map timer and unload [ms] 
INFO[Main]:   Server: send SAO messages [ms] 
INFO[Main]:   Server: update objects within range [ms] 
INFO[Main]:   Server::AsyncRunStep() [ms] _____________________   12x    0.916
INFO[Main]:   Server::RunStep() (max) [ms] ____________________    1x       51
INFO[Main]:   Server::SendBlocks(): Collect list [ms] 
INFO[Main]:   Server::SendBlocks(): Send to clients [ms] 
INFO[Main]:   Server::yieldTo...() progress [#] 
INFO[Main]:   Server::yieldTo...() sleep [ms] 
INFO[Main]:   ServerEnv: ABMs run 
INFO[Main]:   ServerEnv: Run SAO::step() [ms] 
INFO[Main]:   ServerEnv: Run node timers [ms] 
INFO[Main]:   ServerEnv: active blocks 
INFO[Main]:   ServerEnv: active blocks cached 
INFO[Main]:   ServerEnv: active blocks scanned for ABMs 
INFO[Main]:   ServerEnv: update active blocks [ms] 
INFO[Main]:   ServerEnv::step() [ms] __________________________   12x    0.166
INFO[Main]:   ServerEnvironment::removeRemovedObjects() [ms] 
INFO[Main]:   ServerMap: load block - sync (sum) [ms] 
ACTION[Main]: Server: Shutting down
INFO[Main]: Server: Stopping and waiting for threads
INFO[Main]: Server: Threads stopped
INFO[Main]: Server: Executing shutdown hooks
ACTION[Main]: GRUG_WP13_ENGINE phase=cold starts=6 owners=44 edit_canary=placed digest_excluded_cells=1 filler_boundary=false hearthpine_cells=61932 hearthpine_torches=74 hearthpine_soil=2 hearthpine_apron=23/588 hearthpine_ring=96/1888 hearthpine_wild=0/0 hearthpine_anchor=-1800,25,-2550 hearthpine_digest=03311c95b8463c422371e78afabcba743ed70d4f56a013c16a362938ac00693c dawnmere_cells=66361 dawnmere_torches=98 dawnmere_soil=2 dawnmere_apron=119/637 dawnmere_ring=934/3999 dawnmere_wild=0/0 dawnmere_anchor=0,17,-2550 dawnmere_digest=19f8c63f3de9dfe052f0143c52486e60938f2543b96b53e20af3fa3d35787c95 silverleaf_cells=71495 silverleaf_torches=113 silverleaf_soil=3 silverleaf_apron=24/588 silverleaf_ring=97/1888 silverleaf_wild=0/0 silverleaf_anchor=1800,21,-2550 silverleaf_digest=a81a370a26a293f676a78f35b9e1f18dd9487320d8de9849b1151b86eb763a4c stillgrave_cells=51641 stillgrave_torches=78 stillgrave_soil=3 stillgrave_apron=10/588 stillgrave_ring=33/1676 stillgrave_wild=1/212 stillgrave_anchor=-1800,54,2550 stillgrave_digest=13f3cff1f580eb6d79146ee0233e0f46ff0227ba37b0f2a001fd0a16625d2ca1 sunscar_cells=57227 sunscar_torches=112 sunscar_soil=3 sunscar_apron=123/637 sunscar_ring=806/3679 sunscar_wild=69/320 sunscar_anchor=0,27,2550 sunscar_digest=de46c91105d3612598cc415e79a8fd44e45dc8f299971a331fd090d42e1da3c0 kapok_cells=72535 kapok_torches=87 kapok_soil=3 kapok_apron=21/588 kapok_ring=100/1676 kapok_wild=8/212 kapok_anchor=1800,20,2550 kapok_digest=e11c30ec9e88b7ce16f8942cd12f4bb5449fc489bf96c48004f5405790f8fd01 digest=206a86a057b0b6ed4cb5ee71df67413e0f40b70f0b486ea3947bbbbb99eac9a6
INFO[Main]: Server: Saving players
INFO[Main]: Server: Kicking players
INFO[Main]: Server: Saving environment metadata
INFO[Main]: AsyncEngine: Waiting for 1 threads
INFO[Main]: ServerMap: Written: 344 blocks, 18238 blocks in memory.
INFO[Main]: ServerMap: Blocks modified by: 
INFO[Main]:   finishBlockMake: expireIsAir, MMVManip::blitBackAll     1x      211
INFO[Main]:   setGenerated, finishBlockMake: expireIsAir, MMVManip::blitBackAll     1x      108
INFO[Main]:   setGenerated, setNode, finishBlockMake: expireIsAir, MMVManip::blitBackAll     1x       17
INFO[Main]:   setNode _________________________________________    1x        1
INFO[Main]:   setNode, finishBlockMake: expireIsAir, MMVManip::blitBackAll     1x        7
INFO[Main]: ServerMap: Saved map to /tmp/grudgelands-wp40-profile-run.7ivoyvHf/world
INFO[Main]: BanManager: saving to /tmp/grudgelands-wp40-profile-run.7ivoyvHf/world/ipban.txt
