x	z	terrain_y	water
-288	-288	109	false
-284	-288	107	false
-280	-288	106	false
-276	-288	106	false
-272	-288	106	false
-268	-288	104	false
-264	-288	103	false
-260	-288	103	false
-256	-288	103	false
-252	-288	101	false
-248	-288	100	false
-244	-288	100	false
-240	-288	100	false
-236	-288	101	false
-232	-288	103	false
-228	-288	103	false
-224	-288	103	false
-220	-288	103	false
-216	-288	103	false
-212	-288	103	false
-208	-288	103	false
-204	-288	102	false
-200	-288	101	false
-196	-288	100	false
-192	-288	100	false
-188	-288	100	false
-184	-288	100	false
-180	-288	100	false
-176	-288	100	false
-172	-288	100	false
-168	-288	100	false
-164	-288	100	false
-160	-288	100	false
-156	-288	100	false
-152	-288	102	false
-148	-288	103	false
-144	-288	103	false
-140	-288	103	false
-136	-288	103	false
-132	-288	103	false
-128	-288	103	false
-124	-288	103	false
-120	-288	103	false
-116	-288	103	false
-112	-288	104	false
-108	-288	106	false
-104	-288	106	false
-100	-288	107	false
-96	-288	109	false
-92	-288	109	false
-88	-288	109	false
-84	-288	109	false
-80	-288	107	false
-76	-288	106	false
-72	-288	104	false
-68	-288	102	false
-64	-288	100	false
-60	-288	100	false
-56	-288	100	false
-52	-288	100	false
-48	-288	100	false
-44	-288	100	false
-40	-288	100	false
-36	-288	100	false
-32	-288	100	false
-28	-288	100	false
-24	-288	100	false
-20	-288	100	false
-16	-288	100	false
-12	-288	100	false
-8	-288	100	false
-4	-288	100	false
0	-288	100	false
4	-288	100	false
8	-288	100	false
12	-288	100	false
16	-288	100	false
20	-288	100	false
24	-288	100	false
28	-288	100	false
32	-288	101	false
36	-288	100	false
40	-288	100	false
44	-288	100	false
48	-288	102	false
52	-288	103	false
56	-288	102	false
60	-288	101	false
64	-288	103	false
68	-288	103	false
72	-288	103	false
76	-288	101	false
80	-288	100	false
84	-288	102	false
88	-288	103	false
92	-288	103	false
96	-288	103	false
100	-288	103	false
104	-288	101	false
108	-288	100	false
112	-288	100	false
116	-288	98	false
120	-288	97	false
124	-288	94	false
128	-288	92	false
132	-288	91	false
136	-288	91	false
140	-288	91	false
144	-288	91	false
148	-288	91	false
152	-288	91	false
156	-288	91	false
160	-288	91	false
164	-288	91	false
168	-288	89	false
172	-288	88	false
176	-288	88	false
180	-288	88	false
184	-288	88	false
188	-288	86	false
192	-288	85	false
196	-288	85	false
200	-288	85	false
204	-288	85	false
208	-288	85	false
212	-288	85	false
216	-288	85	false
220	-288	85	false
224	-288	86	false
228	-288	88	false
232	-288	88	false
236	-288	88	false
240	-288	88	false
244	-288	88	false
248	-288	89	false
252	-288	91	false
256	-288	91	false
260	-288	91	false
264	-288	91	false
268	-288	89	false
272	-288	89	false
276	-288	88	false
280	-288	87	false
284	-288	85	false
288	-288	84	false
-288	-284	109	false
-284	-284	109	false
-280	-284	107	false
-276	-284	106	false
-272	-284	106	false
-268	-284	104	false
-264	-284	103	false
-260	-284	103	false
-256	-284	103	false
-252	-284	101	false
-248	-284	100	false
-244	-284	100	false
-240	-284	100	false
-236	-284	102	false
-232	-284	103	false
-228	-284	103	false
-224	-284	103	false
-220	-284	103	false
-216	-284	103	false
-212	-284	103	false
-208	-284	103	false
-204	-284	103	false
-200	-284	102	false
-196	-284	100	false
-192	-284	100	false
-188	-284	100	false
-184	-284	100	false
-180	-284	100	false
-176	-284	100	false
-172	-284	100	false
-168	-284	100	false
-164	-284	100	false
-160	-284	100	false
-156	-284	100	false
-152	-284	102	false
-148	-284	103	false
-144	-284	103	false
-140	-284	103	false
-136	-284	103	false
-132	-284	103	false
-128	-284	103	false
-124	-284	103	false
-120	-284	103	false
-116	-284	103	false
-112	-284	103	false
-108	-284	106	false
-104	-284	106	false
-100	-284	108	false
-96	-284	109	false
-92	-284	109	false
-88	-284	109	false
-84	-284	109	false
-80	-284	107	false
-76	-284	106	false
-72	-284	104	false
-68	-284	102	false
-64	-284	101	false
-60	-284	100	false
-56	-284	100	false
-52	-284	100	false
-48	-284	100	false
-44	-284	100	false
-40	-284	100	false
-36	-284	100	false
-32	-284	100	false
-28	-284	100	false
-24	-284	100	false
-20	-284	100	false
-16	-284	100	false
-12	-284	100	false
-8	-284	100	false
-4	-284	100	false
0	-284	100	false
4	-284	100	false
8	-284	100	false
12	-284	100	false
16	-284	100	false
20	-284	100	false
24	-284	100	false
28	-284	100	false
32	-284	101	false
36	-284	100	false
40	-284	101	false
44	-284	101	false
48	-284	100	false
52	-284	103	false
56	-284	103	false
60	-284	103	false
64	-284	103	false
68	-284	103	false
72	-284	103	false
76	-284	103	false
80	-284	101	false
84	-284	102	false
88	-284	103	false
92	-284	103	false
96	-284	103	false
100	-284	103	false
104	-284	103	false
108	-284	100	false
112	-284	100	false
116	-284	98	false
120	-284	97	false
124	-284	94	false
128	-284	94	false
132	-284	92	false
136	-284	91	false
140	-284	91	false
144	-284	91	false
148	-284	91	false
152	-284	91	false
156	-284	91	false
160	-284	91	false
164	-284	91	false
168	-284	90	false
172	-284	89	false
176	-284	88	false
180	-284	88	false
184	-284	88	false
188	-284	88	false
192	-284	86	false
196	-284	86	false
200	-284	85	false
204	-284	85	false
208	-284	85	false
212	-284	85	false
216	-284	85	false
220	-284	85	false
224	-284	85	false
228	-284	88	false
232	-284	88	false
236	-284	88	false
240	-284	88	false
244	-284	90	false
248	-284	89	false
252	-284	91	false
256	-284	91	false
260	-284	91	false
264	-284	91	false
268	-284	91	false
272	-284	90	false
276	-284	88	false
280	-284	87	false
284	-284	85	false
288	-284	84	false
-288	-280	107	false
-284	-280	107	false
-280	-280	107	false
-276	-280	106	false
-272	-280	106	false
-268	-280	104	false
-264	-280	103	false
-260	-280	103	false
-256	-280	102	false
-252	-280	101	false
-248	-280	100	false
-244	-280	100	false
-240	-280	100	false
-236	-280	101	false
-232	-280	103	false
-228	-280	103	false
-224	-280	103	false
-220	-280	103	false
-216	-280	103	false
-212	-280	103	false
-208	-280	103	false
-204	-280	103	false
-200	-280	102	false
-196	-280	100	false
-192	-280	100	false
-188	-280	100	false
-184	-280	100	false
-180	-280	100	false
-176	-280	100	false
-172	-280	100	false
-168	-280	100	false
-164	-280	100	false
-160	-280	101	false
-156	-280	101	false
-152	-280	102	false
-148	-280	103	false
-144	-280	103	false
-140	-280	103	false
-136	-280	103	false
-132	-280	103	false
-128	-280	103	false
-124	-280	103	false
-120	-280	103	false
-116	-280	103	false
-112	-280	104	false
-108	-280	106	false
-104	-280	106	false
-100	-280	108	false
-96	-280	109	false
-92	-280	109	false
-88	-280	109	false
-84	-280	109	false
-80	-280	108	false
-76	-280	106	false
-72	-280	104	false
-68	-280	103	false
-64	-280	102	false
-60	-280	100	false
-56	-280	100	false
-52	-280	100	false
-48	-280	100	false
-44	-280	100	false
-40	-280	100	false
-36	-280	100	false
-32	-280	100	false
-28	-280	100	false
-24	-280	100	false
-20	-280	100	false
-16	-280	100	false
-12	-280	100	false
-8	-280	100	false
-4	-280	100	false
0	-280	100	false
4	-280	100	false
8	-280	100	false
12	-280	100	false
16	-280	100	false
20	-280	100	false
24	-280	100	false
28	-280	100	false
32	-280	101	false
36	-280	103	false
40	-280	101	false
44	-280	101	false
48	-280	100	false
52	-280	103	false
56	-280	103	false
60	-280	103	false
64	-280	103	false
68	-280	103	false
72	-280	103	false
76	-280	103	false
80	-280	103	false
84	-280	102	false
88	-280	103	false
92	-280	103	false
96	-280	103	false
100	-280	103	false
104	-280	102	false
108	-280	100	false
112	-280	100	false
116	-280	99	false
120	-280	97	false
124	-280	94	false
128	-280	94	false
132	-280	94	false
136	-280	92	false
140	-280	91	false
144	-280	91	false
148	-280	91	false
152	-280	91	false
156	-280	91	false
160	-280	91	false
164	-280	91	false
168	-280	91	false
172	-280	90	false
176	-280	88	false
180	-280	88	false
184	-280	88	false
188	-280	88	false
192	-280	88	false
196	-280	87	false
200	-280	86	false
204	-280	85	false
208	-280	85	false
212	-280	85	false
216	-280	85	false
220	-280	87	false
224	-280	86	false
228	-280	88	false
232	-280	88	false
236	-280	88	false
240	-280	88	false
244	-280	91	false
248	-280	91	false
252	-280	91	false
256	-280	91	false
260	-280	91	false
264	-280	91	false
268	-280	91	false
272	-280	91	false
276	-280	88	false
280	-280	87	false
284	-280	86	false
288	-280	84	false
-288	-276	106	false
-284	-276	106	false
-280	-276	106	false
-276	-276	106	false
-272	-276	105	false
-268	-276	103	false
-264	-276	103	false
-260	-276	102	false
-256	-276	101	false
-252	-276	100	false
-248	-276	100	false
-244	-276	100	false
-240	-276	100	false
-236	-276	100	false
-232	-276	101	false
-228	-276	102	false
-224	-276	103	false
-220	-276	103	false
-216	-276	103	false
-212	-276	103	false
-208	-276	103	false
-204	-276	103	false
-200	-276	103	false
-196	-276	101	false
-192	-276	101	false
-188	-276	101	false
-184	-276	100	false
-180	-276	100	false
-176	-276	100	false
-172	-276	100	false
-168	-276	100	false
-164	-276	101	false
-160	-276	102	false
-156	-276	103	false
-152	-276	103	false
-148	-276	103	false
-144	-276	103	false
-140	-276	104	false
-136	-276	105	false
-132	-276	104	false
-128	-276	104	false
-124	-276	104	false
-120	-276	104	false
-116	-276	103	false
-112	-276	104	false
-108	-276	106	false
-104	-276	106	false
-100	-276	108	false
-96	-276	109	false
-92	-276	109	false
-88	-276	109	false
-84	-276	109	false
-80	-276	108	false
-76	-276	106	false
-72	-276	104	false
-68	-276	103	false
-64	-276	101	false
-60	-276	100	false
-56	-276	100	false
-52	-276	100	false
-48	-276	100	false
-44	-276	100	false
-40	-276	100	false
-36	-276	100	false
-32	-276	100	false
-28	-276	100	false
-24	-276	100	false
-20	-276	100	false
-16	-276	100	false
-12	-276	100	false
-8	-276	100	false
-4	-276	100	false
0	-276	100	false
4	-276	100	false
8	-276	100	false
12	-276	100	false
16	-276	100	false
20	-276	100	false
24	-276	100	false
28	-276	101	false
32	-276	101	false
36	-276	101	false
40	-276	100	false
44	-276	102	false
48	-276	102	false
52	-276	102	false
56	-276	103	false
60	-276	103	false
64	-276	103	false
68	-276	103	false
72	-276	102	false
76	-276	102	false
80	-276	103	false
84	-276	103	false
88	-276	103	false
92	-276	103	false
96	-276	103	false
100	-276	103	false
104	-276	101	false
108	-276	101	false
112	-276	100	false
116	-276	99	false
120	-276	97	false
124	-276	95	false
128	-276	94	false
132	-276	94	false
136	-276	94	false
140	-276	93	false
144	-276	92	false
148	-276	91	false
152	-276	92	false
156	-276	93	false
160	-276	92	false
164	-276	91	false
168	-276	91	false
172	-276	91	false
176	-276	89	false
180	-276	88	false
184	-276	88	false
188	-276	88	false
192	-276	88	false
196	-276	88	false
200	-276	88	false
204	-276	87	false
208	-276	86	false
212	-276	86	false
216	-276	86	false
220	-276	88	false
224	-276	88	false
228	-276	88	false
232	-276	88	false
236	-276	88	false
240	-276	88	false
244	-276	90	false
248	-276	91	false
252	-276	91	false
256	-276	91	false
260	-276	91	false
264	-276	91	false
268	-276	91	false
272	-276	90	false
276	-276	88	false
280	-276	88	false
284	-276	86	false
288	-276	85	false
-288	-272	106	false
-284	-272	105	false
-280	-272	104	false
-276	-272	104	false
-272	-272	104	false
-268	-272	103	false
-264	-272	102	false
-260	-272	101	false
-256	-272	100	false
-252	-272	100	false
-248	-272	100	false
-244	-272	100	false
-240	-272	100	false
-236	-272	100	false
-232	-272	100	false
-228	-272	101	false
-224	-272	103	false
-220	-272	103	false
-216	-272	103	false
-212	-272	103	false
-208	-272	103	false
-204	-272	103	false
-200	-272	103	false
-196	-272	103	false
-192	-272	103	false
-188	-272	103	false
-184	-272	103	false
-180	-272	103	false
-176	-272	103	false
-172	-272	103	false
-168	-272	103	false
-164	-272	103	false
-160	-272	103	false
-156	-272	103	false
-152	-272	103	false
-148	-272	103	false
-144	-272	104	false
-140	-272	106	false
-136	-272	106	false
-132	-272	106	false
-128	-272	106	false
-124	-272	106	false
-120	-272	106	false
-116	-272	106	false
-112	-272	106	false
-108	-272	106	false
-104	-272	107	false
-100	-272	109	false
-96	-272	109	false
-92	-272	109	false
-88	-272	109	false
-84	-272	109	false
-80	-272	108	false
-76	-272	106	false
-72	-272	104	false
-68	-272	103	false
-64	-272	101	false
-60	-272	100	false
-56	-272	100	false
-52	-272	100	false
-48	-272	100	false
-44	-272	100	false
-40	-272	100	false
-36	-272	100	false
-32	-272	101	false
-28	-272	101	false
-24	-272	101	false
-20	-272	101	false
-16	-272	101	false
-12	-272	102	false
-8	-272	101	false
-4	-272	100	false
0	-272	100	false
4	-272	100	false
8	-272	100	false
12	-272	100	false
16	-272	100	false
20	-272	100	false
24	-272	100	false
28	-272	101	false
32	-272	101	false
36	-272	101	false
40	-272	101	false
44	-272	101	false
48	-272	100	false
52	-272	100	false
56	-272	101	false
60	-272	103	false
64	-272	103	false
68	-272	103	false
72	-272	102	false
76	-272	101	false
80	-272	101	false
84	-272	103	false
88	-272	103	false
92	-272	103	false
96	-272	103	false
100	-272	103	false
104	-272	102	false
108	-272	101	false
112	-272	100	false
116	-272	98	false
120	-272	97	false
124	-272	95	false
128	-272	94	false
132	-272	94	false
136	-272	93	false
140	-272	94	false
144	-272	93	false
148	-272	92	false
152	-272	93	false
156	-272	94	false
160	-272	94	false
164	-272	93	false
168	-272	92	false
172	-272	91	false
176	-272	90	false
180	-272	89	false
184	-272	89	false
188	-272	88	false
192	-272	88	false
196	-272	88	false
200	-272	88	false
204	-272	88	false
208	-272	88	false
212	-272	88	false
216	-272	88	false
220	-272	88	false
224	-272	88	false
228	-272	88	false
232	-272	88	false
236	-272	88	false
240	-272	89	false
244	-272	89	false
248	-272	91	false
252	-272	91	false
256	-272	91	false
260	-272	91	false
264	-272	91	false
268	-272	91	false
272	-272	89	false
276	-272	89	false
280	-272	88	false
284	-272	87	false
288	-272	86	false
-288	-268	103	false
-284	-268	103	false
-280	-268	103	false
-276	-268	103	false
-272	-268	102	false
-268	-268	102	false
-264	-268	101	false
-260	-268	100	false
-256	-268	100	false
-252	-268	100	false
-248	-268	100	false
-244	-268	100	false
-240	-268	100	false
-236	-268	100	false
-232	-268	100	false
-228	-268	100	false
-224	-268	102	false
-220	-268	103	false
-216	-268	103	false
-212	-268	103	false
-208	-268	103	false
-204	-268	103	false
-200	-268	103	false
-196	-268	103	false
-192	-268	103	false
-188	-268	104	false
-184	-268	104	false
-180	-268	104	false
-176	-268	103	false
-172	-268	103	false
-168	-268	103	false
-164	-268	103	false
-160	-268	103	false
-156	-268	103	false
-152	-268	103	false
-148	-268	104	false
-144	-268	105	false
-140	-268	106	false
-136	-268	106	false
-132	-268	106	false
-128	-268	106	false
-124	-268	106	false
-120	-268	106	false
-116	-268	106	false
-112	-268	106	false
-108	-268	107	false
-104	-268	109	false
-100	-268	109	false
-96	-268	109	false
-92	-268	109	false
-88	-268	109	false
-84	-268	109	false
-80	-268	108	false
-76	-268	106	false
-72	-268	104	false
-68	-268	102	false
-64	-268	100	false
-60	-268	100	false
-56	-268	100	false
-52	-268	100	false
-48	-268	100	false
-44	-268	100	false
-40	-268	101	false
-36	-268	101	false
-32	-268	103	false
-28	-268	103	false
-24	-268	103	false
-20	-268	103	false
-16	-268	103	false
-12	-268	103	false
-8	-268	102	false
-4	-268	101	false
0	-268	102	false
4	-268	102	false
8	-268	102	false
12	-268	102	false
16	-268	102	false
20	-268	101	false
24	-268	100	false
28	-268	100	false
32	-268	100	false
36	-268	100	false
40	-268	100	false
44	-268	100	false
48	-268	100	false
52	-268	100	false
56	-268	102	false
60	-268	101	false
64	-268	101	false
68	-268	102	false
72	-268	102	false
76	-268	102	false
80	-268	100	false
84	-268	101	false
88	-268	102	false
92	-268	103	false
96	-268	101	false
100	-268	101	false
104	-268	101	false
108	-268	100	false
112	-268	100	false
116	-268	98	false
120	-268	97	false
124	-268	95	false
128	-268	94	false
132	-268	92	false
136	-268	92	false
140	-268	92	false
144	-268	93	false
148	-268	94	false
152	-268	94	false
156	-268	94	false
160	-268	94	false
164	-268	94	false
168	-268	93	false
172	-268	92	false
176	-268	91	false
180	-268	91	false
184	-268	91	false
188	-268	91	false
192	-268	91	false
196	-268	89	false
200	-268	89	false
204	-268	88	false
208	-268	88	false
212	-268	88	false
216	-268	88	false
220	-268	88	false
224	-268	88	false
228	-268	88	false
232	-268	88	false
236	-268	88	false
240	-268	90	false
244	-268	91	false
248	-268	91	false
252	-268	91	false
256	-268	91	false
260	-268	91	false
264	-268	91	false
268	-268	91	false
272	-268	91	false
276	-268	90	false
280	-268	88	false
284	-268	88	false
288	-268	88	false
-288	-264	101	false
-284	-264	102	false
-280	-264	101	false
-276	-264	102	false
-272	-264	101	false
-268	-264	100	false
-264	-264	100	false
-260	-264	99	false
-256	-264	98	false
-252	-264	99	false
-248	-264	100	false
-244	-264	100	false
-240	-264	100	false
-236	-264	100	false
-232	-264	100	false
-228	-264	101	false
-224	-264	102	false
-220	-264	103	false
-216	-264	103	false
-212	-264	103	false
-208	-264	103	false
-204	-264	103	false
-200	-264	104	false
-196	-264	105	false
-192	-264	106	false
-188	-264	106	false
-184	-264	106	false
-180	-264	106	false
-176	-264	106	false
-172	-264	105	false
-168	-264	104	false
-164	-264	103	false
-160	-264	103	false
-156	-264	103	false
-152	-264	103	false
-148	-264	104	false
-144	-264	106	false
-140	-264	106	false
-136	-264	106	false
-132	-264	106	false
-128	-264	106	false
-124	-264	106	false
-120	-264	106	false
-116	-264	106	false
-112	-264	106	false
-108	-264	108	false
-104	-264	109	false
-100	-264	109	false
-96	-264	109	false
-92	-264	109	false
-88	-264	109	false
-84	-264	109	false
-80	-264	109	false
-76	-264	107	false
-72	-264	104	false
-68	-264	101	false
-64	-264	100	false
-60	-264	100	false
-56	-264	100	false
-52	-264	100	false
-48	-264	100	false
-44	-264	100	false
-40	-264	101	false
-36	-264	103	false
-32	-264	103	false
-28	-264	103	false
-24	-264	103	false
-20	-264	103	false
-16	-264	103	false
-12	-264	103	false
-8	-264	103	false
-4	-264	103	false
0	-264	103	false
4	-264	103	false
8	-264	103	false
12	-264	103	false
16	-264	103	false
20	-264	103	false
24	-264	101	false
28	-264	100	false
32	-264	100	false
36	-264	100	false
40	-264	100	false
44	-264	100	false
48	-264	100	false
52	-264	100	false
56	-264	101	false
60	-264	101	false
64	-264	101	false
68	-264	100	false
72	-264	100	false
76	-264	100	false
80	-264	100	false
84	-264	100	false
88	-264	101	false
92	-264	101	false
96	-264	101	false
100	-264	101	false
104	-264	100	false
108	-264	100	false
112	-264	100	false
116	-264	98	false
120	-264	96	false
124	-264	94	false
128	-264	94	false
132	-264	94	false
136	-264	93	false
140	-264	92	false
144	-264	92	false
148	-264	94	false
152	-264	94	false
156	-264	94	false
160	-264	94	false
164	-264	94	false
168	-264	94	false
172	-264	93	false
176	-264	92	false
180	-264	91	false
184	-264	91	false
188	-264	91	false
192	-264	91	false
196	-264	91	false
200	-264	91	false
204	-264	91	false
208	-264	90	false
212	-264	89	false
216	-264	88	false
220	-264	88	false
224	-264	88	false
228	-264	88	false
232	-264	88	false
236	-264	88	false
240	-264	89	false
244	-264	90	false
248	-264	91	false
252	-264	91	false
256	-264	91	false
260	-264	90	false
264	-264	89	false
268	-264	89	false
272	-264	89	false
276	-264	88	false
280	-264	88	false
284	-264	88	false
288	-264	88	false
-288	-260	99	false
-284	-260	99	false
-280	-260	100	false
-276	-260	100	false
-272	-260	100	false
-268	-260	100	false
-264	-260	98	false
-260	-260	98	false
-256	-260	97	false
-252	-260	97	false
-248	-260	97	false
-244	-260	98	false
-240	-260	99	false
-236	-260	100	false
-232	-260	100	false
-228	-260	102	false
-224	-260	103	false
-220	-260	103	false
-216	-260	103	false
-212	-260	103	false
-208	-260	104	false
-204	-260	105	false
-200	-260	106	false
-196	-260	107	false
-192	-260	107	false
-188	-260	107	false
-184	-260	107	false
-180	-260	107	false
-176	-260	107	false
-172	-260	107	false
-168	-260	106	false
-164	-260	105	false
-160	-260	104	false
-156	-260	103	false
-152	-260	103	false
-148	-260	105	false
-144	-260	106	false
-140	-260	106	false
-136	-260	106	false
-132	-260	106	false
-128	-260	106	false
-124	-260	106	false
-120	-260	106	false
-116	-260	106	false
-112	-260	106	false
-108	-260	108	false
-104	-260	109	false
-100	-260	109	false
-96	-260	109	false
-92	-260	109	false
-88	-260	109	false
-84	-260	109	false
-80	-260	108	false
-76	-260	106	false
-72	-260	104	false
-68	-260	102	false
-64	-260	100	false
-60	-260	98	false
-56	-260	98	false
-52	-260	98	false
-48	-260	99	false
-44	-260	100	false
-40	-260	101	false
-36	-260	103	false
-32	-260	103	false
-28	-260	103	false
-24	-260	103	false
-20	-260	103	false
-16	-260	103	false
-12	-260	103	false
-8	-260	103	false
-4	-260	103	false
0	-260	103	false
4	-260	103	false
8	-260	103	false
12	-260	103	false
16	-260	103	false
20	-260	103	false
24	-260	101	false
28	-260	100	false
32	-260	100	false
36	-260	100	false
40	-260	100	false
44	-260	100	false
48	-260	100	false
52	-260	100	false
56	-260	100	false
60	-260	100	false
64	-260	100	false
68	-260	100	false
72	-260	100	false
76	-260	100	false
80	-260	100	false
84	-260	100	false
88	-260	100	false
92	-260	100	false
96	-260	100	false
100	-260	100	false
104	-260	100	false
108	-260	100	false
112	-260	98	false
116	-260	97	false
120	-260	97	false
124	-260	95	false
128	-260	94	false
132	-260	94	false
136	-260	94	false
140	-260	94	false
144	-260	93	false
148	-260	94	false
152	-260	94	false
156	-260	94	false
160	-260	94	false
164	-260	94	false
168	-260	94	false
172	-260	94	false
176	-260	94	false
180	-260	93	false
184	-260	92	false
188	-260	92	false
192	-260	92	false
196	-260	91	false
200	-260	91	false
204	-260	91	false
208	-260	91	false
212	-260	91	false
216	-260	89	false
220	-260	88	false
224	-260	88	false
228	-260	88	false
232	-260	88	false
236	-260	89	false
240	-260	90	false
244	-260	89	false
248	-260	89	false
252	-260	89	false
256	-260	89	false
260	-260	89	false
264	-260	89	false
268	-260	89	false
272	-260	89	false
276	-260	89	false
280	-260	88	false
284	-260	90	false
288	-260	90	false
-288	-256	97	false
-284	-256	98	false
-280	-256	98	false
-276	-256	98	false
-272	-256	99	false
-268	-256	99	false
-264	-256	97	false
-260	-256	97	false
-256	-256	97	false
-252	-256	97	false
-248	-256	97	false
-244	-256	97	false
-240	-256	98	false
-236	-256	100	false
-232	-256	100	false
-228	-256	102	false
-224	-256	103	false
-220	-256	103	false
-216	-256	103	false
-212	-256	104	false
-208	-256	106	false
-204	-256	106	false
-200	-256	107	false
-196	-256	108	false
-192	-256	109	false
-188	-256	109	false
-184	-256	109	false
-180	-256	109	false
-176	-256	109	false
-172	-256	108	false
-168	-256	107	false
-164	-256	106	false
-160	-256	105	false
-156	-256	105	false
-152	-256	105	false
-148	-256	105	false
-144	-256	106	false
-140	-256	106	false
-136	-256	106	false
-132	-256	106	false
-128	-256	106	false
-124	-256	106	false
-120	-256	106	false
-116	-256	106	false
-112	-256	106	false
-108	-256	107	false
-104	-256	108	false
-100	-256	109	false
-96	-256	109	false
-92	-256	109	false
-88	-256	109	false
-84	-256	109	false
-80	-256	107	false
-76	-256	106	false
-72	-256	104	false
-68	-256	101	false
-64	-256	100	false
-60	-256	99	false
-56	-256	98	false
-52	-256	99	false
-48	-256	98	false
-44	-256	100	false
-40	-256	100	false
-36	-256	102	false
-32	-256	103	false
-28	-256	103	false
-24	-256	103	false
-20	-256	103	false
-16	-256	103	false
-12	-256	103	false
-8	-256	103	false
-4	-256	103	false
0	-256	103	false
4	-256	103	false
8	-256	103	false
12	-256	103	false
16	-256	103	false
20	-256	101	false
24	-256	100	false
28	-256	100	false
32	-256	99	false
36	-256	98	false
40	-256	98	false
44	-256	99	false
48	-256	99	false
52	-256	100	false
56	-256	100	false
60	-256	100	false
64	-256	100	false
68	-256	100	false
72	-256	100	false
76	-256	100	false
80	-256	100	false
84	-256	100	false
88	-256	100	false
92	-256	100	false
96	-256	100	false
100	-256	100	false
104	-256	100	false
108	-256	100	false
112	-256	98	false
116	-256	97	false
120	-256	96	false
124	-256	94	false
128	-256	94	false
132	-256	93	false
136	-256	92	false
140	-256	93	false
144	-256	94	false
148	-256	94	false
152	-256	94	false
156	-256	94	false
160	-256	94	false
164	-256	94	false
168	-256	94	false
172	-256	94	false
176	-256	94	false
180	-256	94	false
184	-256	94	false
188	-256	94	false
192	-256	94	false
196	-256	93	false
200	-256	92	false
204	-256	91	false
208	-256	91	false
212	-256	91	false
216	-256	91	false
220	-256	90	false
224	-256	89	false
228	-256	88	false
232	-256	88	false
236	-256	89	false
240	-256	90	false
244	-256	91	false
248	-256	91	false
252	-256	90	false
256	-256	89	false
260	-256	89	false
264	-256	88	false
268	-256	88	false
272	-256	89	false
276	-256	90	false
280	-256	90	false
284	-256	91	false
288	-256	91	false
-288	-252	96	false
-284	-252	97	false
-280	-252	97	false
-276	-252	97	false
-272	-252	98	false
-268	-252	97	false
-264	-252	97	false
-260	-252	97	false
-256	-252	97	false
-252	-252	97	false
-248	-252	97	false
-244	-252	97	false
-240	-252	98	false
-236	-252	100	false
-232	-252	100	false
-228	-252	102	false
-224	-252	103	false
-220	-252	103	false
-216	-252	103	false
-212	-252	105	false
-208	-252	106	false
-204	-252	106	false
-200	-252	107	false
-196	-252	109	false
-192	-252	109	false
-188	-252	109	false
-184	-252	109	false
-180	-252	109	false
-176	-252	109	false
-172	-252	109	false
-168	-252	107	false
-164	-252	106	false
-160	-252	106	false
-156	-252	106	false
-152	-252	106	false
-148	-252	106	false
-144	-252	106	false
-140	-252	106	false
-136	-252	106	false
-132	-252	106	false
-128	-252	106	false
-124	-252	106	false
-120	-252	106	false
-116	-252	106	false
-112	-252	106	false
-108	-252	107	false
-104	-252	107	false
-100	-252	108	false
-96	-252	109	false
-92	-252	109	false
-88	-252	109	false
-84	-252	108	false
-80	-252	107	false
-76	-252	105	false
-72	-252	103	false
-68	-252	101	false
-64	-252	99	false
-60	-252	98	false
-56	-252	97	false
-52	-252	97	false
-48	-252	98	false
-44	-252	100	false
-40	-252	100	false
-36	-252	101	false
-32	-252	103	false
-28	-252	103	false
-24	-252	103	false
-20	-252	103	false
-16	-252	103	false
-12	-252	103	false
-8	-252	103	false
-4	-252	103	false
0	-252	103	false
4	-252	103	false
8	-252	103	false
12	-252	103	false
16	-252	103	false
20	-252	101	false
24	-252	100	false
28	-252	100	false
32	-252	99	false
36	-252	99	false
40	-252	98	false
44	-252	97	false
48	-252	97	false
52	-252	97	false
56	-252	100	false
60	-252	100	false
64	-252	100	false
68	-252	100	false
72	-252	100	false
76	-252	100	false
80	-252	100	false
84	-252	100	false
88	-252	100	false
92	-252	100	false
96	-252	100	false
100	-252	100	false
104	-252	100	false
108	-252	100	false
112	-252	98	false
116	-252	97	false
120	-252	95	false
124	-252	94	false
128	-252	94	false
132	-252	94	false
136	-252	93	false
140	-252	92	false
144	-252	93	false
148	-252	94	false
152	-252	94	false
156	-252	95	false
160	-252	95	false
164	-252	95	false
168	-252	94	false
172	-252	94	false
176	-252	94	false
180	-252	94	false
184	-252	94	false
188	-252	94	false
192	-252	94	false
196	-252	94	false
200	-252	94	false
204	-252	93	false
208	-252	92	false
212	-252	92	false
216	-252	91	false
220	-252	91	false
224	-252	89	false
228	-252	89	false
232	-252	90	false
236	-252	89	false
240	-252	89	false
244	-252	89	false
248	-252	89	false
252	-252	89	false
256	-252	89	false
260	-252	89	false
264	-252	88	false
268	-252	88	false
272	-252	88	false
276	-252	89	false
280	-252	90	false
284	-252	91	false
288	-252	91	false
-288	-248	94	false
-284	-248	95	false
-280	-248	97	false
-276	-248	97	false
-272	-248	97	false
-268	-248	97	false
-264	-248	97	false
-260	-248	97	false
-256	-248	97	false
-252	-248	97	false
-248	-248	97	false
-244	-248	98	false
-240	-248	99	false
-236	-248	100	false
-232	-248	101	false
-228	-248	103	false
-224	-248	103	false
-220	-248	103	false
-216	-248	104	false
-212	-248	106	false
-208	-248	106	false
-204	-248	106	false
-200	-248	108	false
-196	-248	109	false
-192	-248	109	false
-188	-248	109	false
-184	-248	109	false
-180	-248	109	false
-176	-248	109	false
-172	-248	109	false
-168	-248	108	false
-164	-248	106	false
-160	-248	106	false
-156	-248	106	false
-152	-248	106	false
-148	-248	106	false
-144	-248	106	false
-140	-248	106	false
-136	-248	106	false
-132	-248	106	false
-128	-248	106	false
-124	-248	106	false
-120	-248	106	false
-116	-248	106	false
-112	-248	106	false
-108	-248	106	false
-104	-248	107	false
-100	-248	108	false
-96	-248	109	false
-92	-248	109	false
-88	-248	108	false
-84	-248	108	false
-80	-248	106	false
-76	-248	104	false
-72	-248	102	false
-68	-248	100	false
-64	-248	98	false
-60	-248	97	false
-56	-248	97	false
-52	-248	97	false
-48	-248	98	false
-44	-248	99	false
-40	-248	100	false
-36	-248	102	false
-32	-248	103	false
-28	-248	103	false
-24	-248	103	false
-20	-248	103	false
-16	-248	103	false
-12	-248	103	false
-8	-248	103	false
-4	-248	103	false
0	-248	103	false
4	-248	103	false
8	-248	103	false
12	-248	103	false
16	-248	103	false
20	-248	101	false
24	-248	100	false
28	-248	100	false
32	-248	98	false
36	-248	97	false
40	-248	97	false
44	-248	98	false
48	-248	98	false
52	-248	98	false
56	-248	100	false
60	-248	100	false
64	-248	100	false
68	-248	100	false
72	-248	100	false
76	-248	100	false
80	-248	100	false
84	-248	100	false
88	-248	100	false
92	-248	100	false
96	-248	100	false
100	-248	100	false
104	-248	100	false
108	-248	98	false
112	-248	97	false
116	-248	97	false
120	-248	97	false
124	-248	95	false
128	-248	94	false
132	-248	94	false
136	-248	94	false
140	-248	94	false
144	-248	94	false
148	-248	94	false
152	-248	94	false
156	-248	95	false
160	-248	97	false
164	-248	97	false
168	-248	95	false
172	-248	94	false
176	-248	94	false
180	-248	94	false
184	-248	94	false
188	-248	94	false
192	-248	94	false
196	-248	94	false
200	-248	94	false
204	-248	94	false
208	-248	94	false
212	-248	93	false
216	-248	91	false
220	-248	91	false
224	-248	89	false
228	-248	89	false
232	-248	90	false
236	-248	91	false
240	-248	91	false
244	-248	90	false
248	-248	89	false
252	-248	89	false
256	-248	89	false
260	-248	88	false
264	-248	88	false
268	-248	88	false
272	-248	88	false
276	-248	90	false
280	-248	89	false
284	-248	91	false
288	-248	91	false
-288	-244	93	false
-284	-244	94	false
-280	-244	95	false
-276	-244	97	false
-272	-244	97	false
-268	-244	97	false
-264	-244	97	false
-260	-244	97	false
-256	-244	97	false
-252	-244	98	false
-248	-244	98	false
-244	-244	99	false
-240	-244	100	false
-236	-244	100	false
-232	-244	101	false
-228	-244	103	false
-224	-244	103	false
-220	-244	103	false
-216	-244	105	false
-212	-244	106	false
-208	-244	106	false
-204	-244	106	false
-200	-244	109	false
-196	-244	109	false
-192	-244	109	false
-188	-244	109	false
-184	-244	109	false
-180	-244	109	false
-176	-244	109	false
-172	-244	109	false
-168	-244	109	false
-164	-244	107	false
-160	-244	106	false
-156	-244	106	false
-152	-244	106	false
-148	-244	106	false
-144	-244	105	false
-140	-244	104	false
-136	-244	104	false
-132	-244	104	false
-128	-244	104	false
-124	-244	105	false
-120	-244	105	false
-116	-244	105	false
-112	-244	105	false
-108	-244	106	false
-104	-244	106	false
-100	-244	106	false
-96	-244	106	false
-92	-244	107	false
-88	-244	106	false
-84	-244	106	false
-80	-244	106	false
-76	-244	104	false
-72	-244	103	false
-68	-244	100	false
-64	-244	98	false
-60	-244	98	false
-56	-244	97	false
-52	-244	97	false
-48	-244	97	false
-44	-244	99	false
-40	-244	100	false
-36	-244	101	false
-32	-244	103	false
-28	-244	103	false
-24	-244	103	false
-20	-244	103	false
-16	-244	103	false
-12	-244	103	false
-8	-244	103	false
-4	-244	103	false
0	-244	103	false
4	-244	103	false
8	-244	103	false
12	-244	103	false
16	-244	103	false
20	-244	101	false
24	-244	100	false
28	-244	100	false
32	-244	98	false
36	-244	98	false
40	-244	97	false
44	-244	98	false
48	-244	98	false
52	-244	98	false
56	-244	100	false
60	-244	100	false
64	-244	100	false
68	-244	100	false
72	-244	100	false
76	-244	100	false
80	-244	100	false
84	-244	100	false
88	-244	100	false
92	-244	100	false
96	-244	100	false
100	-244	100	false
104	-244	100	false
108	-244	100	false
112	-244	99	false
116	-244	97	false
120	-244	97	false
124	-244	95	false
128	-244	94	false
132	-244	94	false
136	-244	94	false
140	-244	94	false
144	-244	94	false
148	-244	94	false
152	-244	94	false
156	-244	95	false
160	-244	95	false
164	-244	95	false
168	-244	95	false
172	-244	94	false
176	-244	94	false
180	-244	94	false
184	-244	94	false
188	-244	94	false
192	-244	94	false
196	-244	94	false
200	-244	94	false
204	-244	94	false
208	-244	93	false
212	-244	92	false
216	-244	91	false
220	-244	91	false
224	-244	91	false
228	-244	90	false
232	-244	89	false
236	-244	89	false
240	-244	89	false
244	-244	89	false
248	-244	89	false
252	-244	89	false
256	-244	89	false
260	-244	88	false
264	-244	88	false
268	-244	88	false
272	-244	88	false
276	-244	89	false
280	-244	90	false
284	-244	91	false
288	-244	91	false
-288	-240	92	false
-284	-240	93	false
-280	-240	95	false
-276	-240	96	false
-272	-240	97	false
-268	-240	97	false
-264	-240	97	false
-260	-240	98	false
-256	-240	98	false
-252	-240	98	false
-248	-240	100	false
-244	-240	100	false
-240	-240	100	false
-236	-240	101	false
-232	-240	101	false
-228	-240	103	false
-224	-240	104	false
-220	-240	105	false
-216	-240	105	false
-212	-240	106	false
-208	-240	106	false
-204	-240	108	false
-200	-240	109	false
-196	-240	110	false
-192	-240	111	false
-188	-240	111	false
-184	-240	111	false
-180	-240	111	false
-176	-240	111	false
-172	-240	110	false
-168	-240	109	false
-164	-240	107	false
-160	-240	107	false
-156	-240	106	false
-152	-240	106	false
-148	-240	106	false
-144	-240	104	false
-140	-240	104	false
-136	-240	103	false
-132	-240	103	false
-128	-240	103	false
-124	-240	103	false
-120	-240	103	false
-116	-240	103	false
-112	-240	103	false
-108	-240	104	false
-104	-240	104	false
-100	-240	105	false
-96	-240	105	false
-92	-240	105	false
-88	-240	105	false
-84	-240	105	false
-80	-240	104	false
-76	-240	103	false
-72	-240	102	false
-68	-240	100	false
-64	-240	100	false
-60	-240	99	false
-56	-240	98	false
-52	-240	98	false
-48	-240	98	false
-44	-240	99	false
-40	-240	100	false
-36	-240	100	false
-32	-240	101	false
-28	-240	103	false
-24	-240	103	false
-20	-240	103	false
-16	-240	103	false
-12	-240	103	false
-8	-240	103	false
-4	-240	103	false
0	-240	103	false
4	-240	103	false
8	-240	103	false
12	-240	103	false
16	-240	101	false
20	-240	101	false
24	-240	100	false
28	-240	100	false
32	-240	100	false
36	-240	99	false
40	-240	99	false
44	-240	100	false
48	-240	100	false
52	-240	100	false
56	-240	100	false
60	-240	100	false
64	-240	100	false
68	-240	100	false
72	-240	100	false
76	-240	100	false
80	-240	100	false
84	-240	100	false
88	-240	100	false
92	-240	100	false
96	-240	100	false
100	-240	100	false
104	-240	100	false
108	-240	100	false
112	-240	100	false
116	-240	98	false
120	-240	97	false
124	-240	96	false
128	-240	95	false
132	-240	94	false
136	-240	94	false
140	-240	94	false
144	-240	94	false
148	-240	94	false
152	-240	94	false
156	-240	94	false
160	-240	95	false
164	-240	94	false
168	-240	94	false
172	-240	94	false
176	-240	94	false
180	-240	94	false
184	-240	94	false
188	-240	94	false
192	-240	93	false
196	-240	93	false
200	-240	93	false
204	-240	93	false
208	-240	92	false
212	-240	92	false
216	-240	91	false
220	-240	90	false
224	-240	89	false
228	-240	89	false
232	-240	89	false
236	-240	89	false
240	-240	90	false
244	-240	89	false
248	-240	88	false
252	-240	88	false
256	-240	88	false
260	-240	88	false
264	-240	88	false
268	-240	88	false
272	-240	88	false
276	-240	89	false
280	-240	89	false
284	-240	91	false
288	-240	91	false
-288	-236	90	false
-284	-236	92	false
-280	-236	94	false
-276	-236	96	false
-272	-236	97	false
-268	-236	98	false
-264	-236	99	false
-260	-236	99	false
-256	-236	100	false
-252	-236	100	false
-248	-236	100	false
-244	-236	100	false
-240	-236	100	false
-236	-236	101	false
-232	-236	103	false
-228	-236	103	false
-224	-236	103	false
-220	-236	105	false
-216	-236	106	false
-212	-236	106	false
-208	-236	106	false
-204	-236	108	false
-200	-236	109	false
-196	-236	110	false
-192	-236	112	false
-188	-236	112	false
-184	-236	112	false
-180	-236	112	false
-176	-236	112	false
-172	-236	111	false
-168	-236	109	false
-164	-236	109	false
-160	-236	109	false
-156	-236	107	false
-152	-236	106	false
-148	-236	106	false
-144	-236	106	false
-140	-236	104	false
-136	-236	103	false
-132	-236	103	false
-128	-236	103	false
-124	-236	103	false
-120	-236	103	false
-116	-236	103	false
-112	-236	103	false
-108	-236	103	false
-104	-236	103	false
-100	-236	103	false
-96	-236	103	false
-92	-236	103	false
-88	-236	103	false
-84	-236	103	false
-80	-236	103	false
-76	-236	102	false
-72	-236	101	false
-68	-236	100	false
-64	-236	100	false
-60	-236	100	false
-56	-236	100	false
-52	-236	100	false
-48	-236	100	false
-44	-236	100	false
-40	-236	100	false
-36	-236	101	false
-32	-236	101	false
-28	-236	101	false
-24	-236	101	false
-20	-236	102	false
-16	-236	103	false
-12	-236	103	false
-8	-236	103	false
-4	-236	103	false
0	-236	103	false
4	-236	103	false
8	-236	103	false
12	-236	103	false
16	-236	103	false
20	-236	102	false
24	-236	101	false
28	-236	101	false
32	-236	100	false
36	-236	100	false
40	-236	100	false
44	-236	99	false
48	-236	100	false
52	-236	100	false
56	-236	100	false
60	-236	101	false
64	-236	101	false
68	-236	101	false
72	-236	101	false
76	-236	100	false
80	-236	100	false
84	-236	100	false
88	-236	100	false
92	-236	100	false
96	-236	100	false
100	-236	100	false
104	-236	100	false
108	-236	100	false
112	-236	100	false
116	-236	98	false
120	-236	97	false
124	-236	97	false
128	-236	97	false
132	-236	97	false
136	-236	96	false
140	-236	96	false
144	-236	96	false
148	-236	95	false
152	-236	94	false
156	-236	94	false
160	-236	94	false
164	-236	94	false
168	-236	93	false
172	-236	93	false
176	-236	92	false
180	-236	92	false
184	-236	92	false
188	-236	92	false
192	-236	92	false
196	-236	92	false
200	-236	91	false
204	-236	91	false
208	-236	91	false
212	-236	91	false
216	-236	91	false
220	-236	90	false
224	-236	89	false
228	-236	88	false
232	-236	88	false
236	-236	88	false
240	-236	88	false
244	-236	88	false
248	-236	88	false
252	-236	88	false
256	-236	88	false
260	-236	88	false
264	-236	88	false
268	-236	88	false
272	-236	88	false
276	-236	88	false
280	-236	90	false
284	-236	91	false
288	-236	91	false
-288	-232	89	false
-284	-232	92	false
-280	-232	94	false
-276	-232	96	false
-272	-232	97	false
-268	-232	98	false
-264	-232	99	false
-260	-232	100	false
-256	-232	100	false
-252	-232	100	false
-248	-232	100	false
-244	-232	100	false
-240	-232	100	false
-236	-232	102	false
-232	-232	103	false
-228	-232	103	false
-224	-232	103	false
-220	-232	104	false
-216	-232	106	false
-212	-232	106	false
-208	-232	106	false
-204	-232	107	false
-200	-232	109	false
-196	-232	110	false
-192	-232	112	false
-188	-232	112	false
-184	-232	112	false
-180	-232	112	false
-176	-232	112	false
-172	-232	111	false
-168	-232	109	false
-164	-232	109	false
-160	-232	109	false
-156	-232	108	false
-152	-232	106	false
-148	-232	106	false
-144	-232	106	false
-140	-232	104	false
-136	-232	103	false
-132	-232	102	false
-128	-232	101	false
-124	-232	100	false
-120	-232	100	false
-116	-232	100	false
-112	-232	101	false
-108	-232	101	false
-104	-232	101	false
-100	-232	102	false
-96	-232	103	false
-92	-232	103	false
-88	-232	103	false
-84	-232	102	false
-80	-232	102	false
-76	-232	101	false
-72	-232	101	false
-68	-232	101	false
-64	-232	100	false
-60	-232	100	false
-56	-232	100	false
-52	-232	100	false
-48	-232	100	false
-44	-232	100	false
-40	-232	100	false
-36	-232	101	false
-32	-232	102	false
-28	-232	101	false
-24	-232	101	false
-20	-232	100	false
-16	-232	101	false
-12	-232	103	false
-8	-232	103	false
-4	-232	103	false
0	-232	103	false
4	-232	103	false
8	-232	103	false
12	-232	103	false
16	-232	103	false
20	-232	103	false
24	-232	103	false
28	-232	102	false
32	-232	101	false
36	-232	101	false
40	-232	102	false
44	-232	102	false
48	-232	102	false
52	-232	102	false
56	-232	102	false
60	-232	103	false
64	-232	103	false
68	-232	103	false
72	-232	103	false
76	-232	101	false
80	-232	101	false
84	-232	100	false
88	-232	100	false
92	-232	100	false
96	-232	100	false
100	-232	100	false
104	-232	100	false
108	-232	100	false
112	-232	100	false
116	-232	100	false
120	-232	98	false
124	-232	98	false
128	-232	97	false
132	-232	97	false
136	-232	97	false
140	-232	97	false
144	-232	97	false
148	-232	96	false
152	-232	94	false
156	-232	94	false
160	-232	93	false
164	-232	92	false
168	-232	91	false
172	-232	91	false
176	-232	91	false
180	-232	91	false
184	-232	91	false
188	-232	91	false
192	-232	90	false
196	-232	90	false
200	-232	90	false
204	-232	90	false
208	-232	90	false
212	-232	90	false
216	-232	89	false
220	-232	88	false
224	-232	88	false
228	-232	88	false
232	-232	88	false
236	-232	88	false
240	-232	88	false
244	-232	88	false
248	-232	88	false
252	-232	88	false
256	-232	88	false
260	-232	88	false
264	-232	88	false
268	-232	88	false
272	-232	88	false
276	-232	88	false
280	-232	89	false
284	-232	91	false
288	-232	91	false
-288	-228	87	false
-284	-228	90	false
-280	-228	93	false
-276	-228	95	false
-272	-228	97	false
-268	-228	98	false
-264	-228	99	false
-260	-228	100	false
-256	-228	100	false
-252	-228	100	false
-248	-228	100	false
-244	-228	100	false
-240	-228	101	false
-236	-228	103	false
-232	-228	103	false
-228	-228	103	false
-224	-228	103	false
-220	-228	103	false
-216	-228	104	false
-212	-228	106	false
-208	-228	106	false
-204	-228	107	false
-200	-228	109	false
-196	-228	109	false
-192	-228	112	false
-188	-228	112	false
-184	-228	112	false
-180	-228	112	false
-176	-228	112	false
-172	-228	112	false
-168	-228	109	false
-164	-228	109	false
-160	-228	109	false
-156	-228	109	false
-152	-228	107	false
-148	-228	106	false
-144	-228	106	false
-140	-228	104	false
-136	-228	103	false
-132	-228	101	false
-128	-228	100	false
-124	-228	100	false
-120	-228	100	false
-116	-228	100	false
-112	-228	100	false
-108	-228	100	false
-104	-228	100	false
-100	-228	100	false
-96	-228	100	false
-92	-228	100	false
-88	-228	100	false
-84	-228	100	false
-80	-228	100	false
-76	-228	100	false
-72	-228	101	false
-68	-228	103	false
-64	-228	102	false
-60	-228	101	false
-56	-228	101	false
-52	-228	101	false
-48	-228	100	false
-44	-228	100	false
-40	-228	100	false
-36	-228	100	false
-32	-228	101	false
-28	-228	101	false
-24	-228	103	false
-20	-228	102	false
-16	-228	101	false
-12	-228	101	false
-8	-228	103	false
-4	-228	103	false
0	-228	103	false
4	-228	103	false
8	-228	103	false
12	-228	103	false
16	-228	103	false
20	-228	103	false
24	-228	103	false
28	-228	103	false
32	-228	103	false
36	-228	103	false
40	-228	103	false
44	-228	103	false
48	-228	103	false
52	-228	103	false
56	-228	103	false
60	-228	103	false
64	-228	103	false
68	-228	103	false
72	-228	103	false
76	-228	103	false
80	-228	103	false
84	-228	103	false
88	-228	102	false
92	-228	101	false
96	-228	100	false
100	-228	100	false
104	-228	100	false
108	-228	100	false
112	-228	100	false
116	-228	100	false
120	-228	100	false
124	-228	100	false
128	-228	99	false
132	-228	99	false
136	-228	99	false
140	-228	98	false
144	-228	97	false
148	-228	96	false
152	-228	95	false
156	-228	93	false
160	-228	92	false
164	-228	91	false
168	-228	91	false
172	-228	91	false
176	-228	91	false
180	-228	89	false
184	-228	89	false
188	-228	89	false
192	-228	89	false
196	-228	88	false
200	-228	88	false
204	-228	88	false
208	-228	88	false
212	-228	88	false
216	-228	88	false
220	-228	88	false
224	-228	88	false
228	-228	88	false
232	-228	88	false
236	-228	88	false
240	-228	88	false
244	-228	88	false
248	-228	88	false
252	-228	88	false
256	-228	88	false
260	-228	87	false
264	-228	86	false
268	-228	87	false
272	-228	88	false
276	-228	88	false
280	-228	90	false
284	-228	91	false
288	-228	93	false
-288	-224	85	false
-284	-224	89	false
-280	-224	92	false
-276	-224	94	false
-272	-224	96	false
-268	-224	98	false
-264	-224	98	false
-260	-224	100	false
-256	-224	100	false
-252	-224	100	false
-248	-224	100	false
-244	-224	100	false
-240	-224	101	false
-236	-224	103	false
-232	-224	103	false
-228	-224	103	false
-224	-224	104	false
-220	-224	104	false
-216	-224	104	false
-212	-224	106	false
-208	-224	106	false
-204	-224	107	false
-200	-224	109	false
-196	-224	111	false
-192	-224	112	false
-188	-224	112	false
-184	-224	112	false
-180	-224	112	false
-176	-224	112	false
-172	-224	112	false
-168	-224	112	false
-164	-224	110	false
-160	-224	109	false
-156	-224	109	false
-152	-224	108	false
-148	-224	108	false
-144	-224	106	false
-140	-224	105	false
-136	-224	103	false
-132	-224	102	false
-128	-224	100	false
-124	-224	100	false
-120	-224	100	false
-116	-224	100	false
-112	-224	100	false
-108	-224	100	false
-104	-224	100	false
-100	-224	100	false
-96	-224	100	false
-92	-224	100	false
-88	-224	100	false
-84	-224	100	false
-80	-224	100	false
-76	-224	100	false
-72	-224	101	false
-68	-224	103	false
-64	-224	103	false
-60	-224	103	false
-56	-224	103	false
-52	-224	103	false
-48	-224	102	false
-44	-224	101	false
-40	-224	101	false
-36	-224	101	false
-32	-224	100	false
-28	-224	100	false
-24	-224	101	false
-20	-224	103	false
-16	-224	103	false
-12	-224	103	false
-8	-224	103	false
-4	-224	103	false
0	-224	103	false
4	-224	103	false
8	-224	103	false
12	-224	103	false
16	-224	103	false
20	-224	103	false
24	-224	103	false
28	-224	103	false
32	-224	103	false
36	-224	103	false
40	-224	103	false
44	-224	103	false
48	-224	103	false
52	-224	103	false
56	-224	103	false
60	-224	103	false
64	-224	103	false
68	-224	103	false
72	-224	103	false
76	-224	103	false
80	-224	103	false
84	-224	103	false
88	-224	103	false
92	-224	103	false
96	-224	101	false
100	-224	101	false
104	-224	100	false
108	-224	100	false
112	-224	100	false
116	-224	100	false
120	-224	100	false
124	-224	100	false
128	-224	100	false
132	-224	100	false
136	-224	100	false
140	-224	100	false
144	-224	98	false
148	-224	97	false
152	-224	95	false
156	-224	94	false
160	-224	92	false
164	-224	91	false
168	-224	91	false
172	-224	91	false
176	-224	91	false
180	-224	91	false
184	-224	90	false
188	-224	88	false
192	-224	88	false
196	-224	88	false
200	-224	88	false
204	-224	88	false
208	-224	88	false
212	-224	88	false
216	-224	88	false
220	-224	88	false
224	-224	88	false
228	-224	88	false
232	-224	88	false
236	-224	88	false
240	-224	88	false
244	-224	88	false
248	-224	88	false
252	-224	88	false
256	-224	88	false
260	-224	88	false
264	-224	88	false
268	-224	88	false
272	-224	88	false
276	-224	89	false
280	-224	89	false
284	-224	92	false
288	-224	92	false
-288	-220	83	false
-284	-220	88	false
-280	-220	91	false
-276	-220	94	false
-272	-220	95	false
-268	-220	97	false
-264	-220	98	false
-260	-220	100	false
-256	-220	100	false
-252	-220	100	false
-248	-220	100	false
-244	-220	101	false
-240	-220	101	false
-236	-220	103	false
-232	-220	103	false
-228	-220	103	false
-224	-220	104	false
-220	-220	106	false
-216	-220	106	false
-212	-220	106	false
-208	-220	106	false
-204	-220	109	false
-200	-220	109	false
-196	-220	111	false
-192	-220	112	false
-188	-220	112	false
-184	-220	112	false
-180	-220	112	false
-176	-220	112	false
-172	-220	112	false
-168	-220	112	false
-164	-220	111	false
-160	-220	109	false
-156	-220	109	false
-152	-220	109	false
-148	-220	108	false
-144	-220	106	false
-140	-220	105	false
-136	-220	103	false
-132	-220	101	false
-128	-220	100	false
-124	-220	100	false
-120	-220	100	false
-116	-220	100	false
-112	-220	100	false
-108	-220	100	false
-104	-220	100	false
-100	-220	100	false
-96	-220	100	false
-92	-220	100	false
-88	-220	100	false
-84	-220	100	false
-80	-220	100	false
-76	-220	101	false
-72	-220	101	false
-68	-220	103	false
-64	-220	103	false
-60	-220	103	false
-56	-220	103	false
-52	-220	103	false
-48	-220	103	false
-44	-220	103	false
-40	-220	103	false
-36	-220	103	false
-32	-220	102	false
-28	-220	101	false
-24	-220	101	false
-20	-220	103	false
-16	-220	103	false
-12	-220	103	false
-8	-220	103	false
-4	-220	103	false
0	-220	103	false
4	-220	103	false
8	-220	103	false
12	-220	103	false
16	-220	103	false
20	-220	103	false
24	-220	103	false
28	-220	103	false
32	-220	105	false
36	-220	104	false
40	-220	104	false
44	-220	103	false
48	-220	103	false
52	-220	103	false
56	-220	105	false
60	-220	104	false
64	-220	104	false
68	-220	103	false
72	-220	103	false
76	-220	103	false
80	-220	103	false
84	-220	103	false
88	-220	103	false
92	-220	103	false
96	-220	103	false
100	-220	103	false
104	-220	102	false
108	-220	101	false
112	-220	100	false
116	-220	100	false
120	-220	100	false
124	-220	100	false
128	-220	100	false
132	-220	100	false
136	-220	100	false
140	-220	100	false
144	-220	100	false
148	-220	98	false
152	-220	95	false
156	-220	94	false
160	-220	92	false
164	-220	91	false
168	-220	91	false
172	-220	91	false
176	-220	91	false
180	-220	91	false
184	-220	89	false
188	-220	88	false
192	-220	88	false
196	-220	88	false
200	-220	88	false
204	-220	88	false
208	-220	88	false
212	-220	88	false
216	-220	88	false
220	-220	88	false
224	-220	88	false
228	-220	88	false
232	-220	88	false
236	-220	88	false
240	-220	88	false
244	-220	88	false
248	-220	88	false
252	-220	88	false
256	-220	88	false
260	-220	88	false
264	-220	88	false
268	-220	88	false
272	-220	88	false
276	-220	89	false
280	-220	91	false
284	-220	92	false
288	-220	94	false
-288	-216	83	false
-284	-216	87	false
-280	-216	91	false
-276	-216	93	false
-272	-216	95	false
-268	-216	97	false
-264	-216	98	false
-260	-216	100	false
-256	-216	100	false
-252	-216	101	false
-248	-216	102	false
-244	-216	103	false
-240	-216	103	false
-236	-216	103	false
-232	-216	103	false
-228	-216	103	false
-224	-216	104	false
-220	-216	106	false
-216	-216	106	false
-212	-216	106	false
-208	-216	106	false
-204	-216	109	false
-200	-216	109	false
-196	-216	111	false
-192	-216	112	false
-188	-216	112	false
-184	-216	112	false
-180	-216	112	false
-176	-216	112	false
-172	-216	112	false
-168	-216	112	false
-164	-216	110	false
-160	-216	109	false
-156	-216	109	false
-152	-216	109	false
-148	-216	108	false
-144	-216	106	false
-140	-216	105	false
-136	-216	103	false
-132	-216	102	false
-128	-216	100	false
-124	-216	100	false
-120	-216	100	false
-116	-216	100	false
-112	-216	100	false
-108	-216	100	false
-104	-216	100	false
-100	-216	100	false
-96	-216	100	false
-92	-216	100	false
-88	-216	100	false
-84	-216	100	false
-80	-216	101	false
-76	-216	102	false
-72	-216	103	false
-68	-216	103	false
-64	-216	103	false
-60	-216	103	false
-56	-216	103	false
-52	-216	103	false
-48	-216	103	false
-44	-216	103	false
-40	-216	103	false
-36	-216	103	false
-32	-216	103	false
-28	-216	103	false
-24	-216	103	false
-20	-216	103	false
-16	-216	103	false
-12	-216	103	false
-8	-216	103	false
-4	-216	103	false
0	-216	103	false
4	-216	103	false
8	-216	103	false
12	-216	103	false
16	-216	103	false
20	-216	103	false
24	-216	103	false
28	-216	103	false
32	-216	104	false
36	-216	106	false
40	-216	106	false
44	-216	104	false
48	-216	104	false
52	-216	104	false
56	-216	106	false
60	-216	106	false
64	-216	106	false
68	-216	105	false
72	-216	104	false
76	-216	103	false
80	-216	103	false
84	-216	103	false
88	-216	103	false
92	-216	103	false
96	-216	103	false
100	-216	103	false
104	-216	103	false
108	-216	103	false
112	-216	102	false
116	-216	101	false
120	-216	101	false
124	-216	100	false
128	-216	100	false
132	-216	100	false
136	-216	100	false
140	-216	100	false
144	-216	100	false
148	-216	98	false
152	-216	97	false
156	-216	94	false
160	-216	93	false
164	-216	92	false
168	-216	91	false
172	-216	91	false
176	-216	91	false
180	-216	91	false
184	-216	91	false
188	-216	90	false
192	-216	89	false
196	-216	89	false
200	-216	89	false
204	-216	88	false
208	-216	89	false
212	-216	89	false
216	-216	90	false
220	-216	89	false
224	-216	89	false
228	-216	89	false
232	-216	88	false
236	-216	88	false
240	-216	88	false
244	-216	88	false
248	-216	88	false
252	-216	88	false
256	-216	88	false
260	-216	88	false
264	-216	88	false
268	-216	88	false
272	-216	88	false
276	-216	91	false
280	-216	91	false
284	-216	92	false
288	-216	94	false
-288	-212	82	false
-284	-212	87	false
-280	-212	90	false
-276	-212	93	false
-272	-212	96	false
-268	-212	97	false
-264	-212	98	false
-260	-212	100	false
-256	-212	100	false
-252	-212	102	false
-248	-212	103	false
-244	-212	103	false
-240	-212	103	false
-236	-212	103	false
-232	-212	103	false
-228	-212	103	false
-224	-212	103	false
-220	-212	105	false
-216	-212	106	false
-212	-212	106	false
-208	-212	106	false
-204	-212	108	false
-200	-212	109	false
-196	-212	110	false
-192	-212	112	false
-188	-212	112	false
-184	-212	112	false
-180	-212	112	false
-176	-212	112	false
-172	-212	112	false
-168	-212	110	false
-164	-212	111	false
-160	-212	109	false
-156	-212	109	false
-152	-212	108	false
-148	-212	107	false
-144	-212	106	false
-140	-212	105	false
-136	-212	104	false
-132	-212	102	false
-128	-212	101	false
-124	-212	101	false
-120	-212	101	false
-116	-212	101	false
-112	-212	101	false
-108	-212	100	false
-104	-212	101	false
-100	-212	101	false
-96	-212	102	false
-92	-212	102	false
-88	-212	102	false
-84	-212	102	false
-80	-212	103	false
-76	-212	103	false
-72	-212	103	false
-68	-212	103	false
-64	-212	103	false
-60	-212	103	false
-56	-212	103	false
-52	-212	103	false
-48	-212	103	false
-44	-212	103	false
-40	-212	103	false
-36	-212	103	false
-32	-212	103	false
-28	-212	103	false
-24	-212	103	false
-20	-212	103	false
-16	-212	103	false
-12	-212	103	false
-8	-212	103	false
-4	-212	103	false
0	-212	103	false
4	-212	103	false
8	-212	103	false
12	-212	103	false
16	-212	103	false
20	-212	103	false
24	-212	103	false
28	-212	104	false
32	-212	104	false
36	-212	104	false
40	-212	105	false
44	-212	105	false
48	-212	105	false
52	-212	105	false
56	-212	104	false
60	-212	106	false
64	-212	106	false
68	-212	106	false
72	-212	106	false
76	-212	105	false
80	-212	104	false
84	-212	104	false
88	-212	103	false
92	-212	103	false
96	-212	103	false
100	-212	103	false
104	-212	103	false
108	-212	103	false
112	-212	103	false
116	-212	103	false
120	-212	103	false
124	-212	102	false
128	-212	101	false
132	-212	101	false
136	-212	101	false
140	-212	100	false
144	-212	100	false
148	-212	100	false
152	-212	97	false
156	-212	95	false
160	-212	94	false
164	-212	93	false
168	-212	92	false
172	-212	91	false
176	-212	91	false
180	-212	91	false
184	-212	91	false
188	-212	91	false
192	-212	91	false
196	-212	91	false
200	-212	91	false
204	-212	91	false
208	-212	91	false
212	-212	91	false
216	-212	91	false
220	-212	91	false
224	-212	91	false
228	-212	91	false
232	-212	91	false
236	-212	91	false
240	-212	91	false
244	-212	91	false
248	-212	91	false
252	-212	91	false
256	-212	91	false
260	-212	91	false
264	-212	91	false
268	-212	90	false
272	-212	89	false
276	-212	91	false
280	-212	91	false
284	-212	93	false
288	-212	94	false
-288	-208	82	false
-284	-208	86	false
-280	-208	89	false
-276	-208	92	false
-272	-208	95	false
-268	-208	97	false
-264	-208	98	false
-260	-208	100	false
-256	-208	100	false
-252	-208	103	false
-248	-208	103	false
-244	-208	103	false
-240	-208	103	false
-236	-208	103	false
-232	-208	103	false
-228	-208	103	false
-224	-208	103	false
-220	-208	104	false
-216	-208	106	false
-212	-208	106	false
-208	-208	106	false
-204	-208	109	false
-200	-208	109	false
-196	-208	110	false
-192	-208	111	false
-188	-208	112	false
-184	-208	112	false
-180	-208	112	false
-176	-208	112	false
-172	-208	111	false
-168	-208	110	false
-164	-208	110	false
-160	-208	109	false
-156	-208	109	false
-152	-208	107	false
-148	-208	107	false
-144	-208	106	false
-140	-208	106	false
-136	-208	104	false
-132	-208	103	false
-128	-208	103	false
-124	-208	103	false
-120	-208	103	false
-116	-208	103	false
-112	-208	103	false
-108	-208	103	false
-104	-208	103	false
-100	-208	103	false
-96	-208	104	false
-92	-208	104	false
-88	-208	104	false
-84	-208	104	false
-80	-208	104	false
-76	-208	104	false
-72	-208	104	false
-68	-208	104	false
-64	-208	105	false
-60	-208	106	false
-56	-208	106	false
-52	-208	106	false
-48	-208	106	false
-44	-208	105	false
-40	-208	105	false
-36	-208	105	false
-32	-208	105	false
-28	-208	104	false
-24	-208	104	false
-20	-208	104	false
-16	-208	103	false
-12	-208	103	false
-8	-208	103	false
-4	-208	103	false
0	-208	103	false
4	-208	103	false
8	-208	103	false
12	-208	103	false
16	-208	103	false
20	-208	103	false
24	-208	103	false
28	-208	104	false
32	-208	104	false
36	-208	105	false
40	-208	104	false
44	-208	104	false
48	-208	104	false
52	-208	103	false
56	-208	106	false
60	-208	106	false
64	-208	106	false
68	-208	106	false
72	-208	106	false
76	-208	106	false
80	-208	106	false
84	-208	105	false
88	-208	103	false
92	-208	103	false
96	-208	103	false
100	-208	103	false
104	-208	103	false
108	-208	103	false
112	-208	102	false
116	-208	102	false
120	-208	101	false
124	-208	103	false
128	-208	103	false
132	-208	103	false
136	-208	103	false
140	-208	102	false
144	-208	101	false
148	-208	100	false
152	-208	97	false
156	-208	96	false
160	-208	94	false
164	-208	94	false
168	-208	94	false
172	-208	93	false
176	-208	93	false
180	-208	93	false
184	-208	93	false
188	-208	94	false
192	-208	93	false
196	-208	92	false
200	-208	92	false
204	-208	92	false
208	-208	92	false
212	-208	92	false
216	-208	92	false
220	-208	92	false
224	-208	92	false
228	-208	91	false
232	-208	91	false
236	-208	91	false
240	-208	91	false
244	-208	91	false
248	-208	91	false
252	-208	91	false
256	-208	91	false
260	-208	91	false
264	-208	91	false
268	-208	91	false
272	-208	91	false
276	-208	91	false
280	-208	92	false
284	-208	94	false
288	-208	94	false
-288	-204	81	false
-284	-204	85	false
-280	-204	88	false
-276	-204	92	false
-272	-204	94	false
-268	-204	97	false
-264	-204	98	false
-260	-204	100	false
-256	-204	101	false
-252	-204	103	false
-248	-204	103	false
-244	-204	103	false
-240	-204	103	false
-236	-204	103	false
-232	-204	103	false
-228	-204	104	false
-224	-204	106	false
-220	-204	106	false
-216	-204	106	false
-212	-204	106	false
-208	-204	106	false
-204	-204	107	false
-200	-204	108	false
-196	-204	109	false
-192	-204	109	false
-188	-204	109	false
-184	-204	109	false
-180	-204	109	false
-176	-204	109	false
-172	-204	109	false
-168	-204	109	false
-164	-204	108	false
-160	-204	107	false
-156	-204	107	false
-152	-204	106	false
-148	-204	106	false
-144	-204	105	false
-140	-204	104	false
-136	-204	103	false
-132	-204	103	false
-128	-204	103	false
-124	-204	103	false
-120	-204	103	false
-116	-204	103	false
-112	-204	103	false
-108	-204	104	false
-104	-204	104	false
-100	-204	105	false
-96	-204	106	false
-92	-204	106	false
-88	-204	106	false
-84	-204	106	false
-80	-204	106	false
-76	-204	106	false
-72	-204	106	false
-68	-204	106	false
-64	-204	106	false
-60	-204	106	false
-56	-204	106	false
-52	-204	106	false
-48	-204	106	false
-44	-204	106	false
-40	-204	106	false
-36	-204	106	false
-32	-204	106	false
-28	-204	106	false
-24	-204	106	false
-20	-204	106	false
-16	-204	106	false
-12	-204	104	false
-8	-204	104	false
-4	-204	104	false
0	-204	103	false
4	-204	103	false
8	-204	103	false
12	-204	103	false
16	-204	103	false
20	-204	103	false
24	-204	103	false
28	-204	103	false
32	-204	103	false
36	-204	103	false
40	-204	103	false
44	-204	104	false
48	-204	104	false
52	-204	104	false
56	-204	105	false
60	-204	106	false
64	-204	106	false
68	-204	106	false
72	-204	106	false
76	-204	106	false
80	-204	106	false
84	-204	104	false
88	-204	103	false
92	-204	103	false
96	-204	103	false
100	-204	102	false
104	-204	102	false
108	-204	101	false
112	-204	101	false
116	-204	101	false
120	-204	103	false
124	-204	103	false
128	-204	103	false
132	-204	103	false
136	-204	103	false
140	-204	103	false
144	-204	101	false
148	-204	100	false
152	-204	99	false
156	-204	97	false
160	-204	95	false
164	-204	95	false
168	-204	94	false
172	-204	94	false
176	-204	94	false
180	-204	94	false
184	-204	95	false
188	-204	95	false
192	-204	95	false
196	-204	95	false
200	-204	95	false
204	-204	95	false
208	-204	95	false
212	-204	94	false
216	-204	94	false
220	-204	94	false
224	-204	94	false
228	-204	94	false
232	-204	94	false
236	-204	94	false
240	-204	93	false
244	-204	93	false
248	-204	92	false
252	-204	93	false
256	-204	93	false
260	-204	94	false
264	-204	94	false
268	-204	94	false
272	-204	93	false
276	-204	93	false
280	-204	92	false
284	-204	93	false
288	-204	93	false
-288	-200	80	false
-284	-200	84	false
-280	-200	87	false
-276	-200	91	false
-272	-200	94	false
-268	-200	97	false
-264	-200	98	false
-260	-200	100	false
-256	-200	103	false
-252	-200	103	false
-248	-200	104	false
-244	-200	104	false
-240	-200	105	false
-236	-200	106	false
-232	-200	105	false
-228	-200	104	false
-224	-200	104	false
-220	-200	105	false
-216	-200	106	false
-212	-200	106	false
-208	-200	106	false
-204	-200	106	false
-200	-200	106	false
-196	-200	107	false
-192	-200	107	false
-188	-200	107	false
-184	-200	107	false
-180	-200	107	false
-176	-200	107	false
-172	-200	107	false
-168	-200	107	false
-164	-200	106	false
-160	-200	106	false
-156	-200	105	false
-152	-200	104	false
-148	-200	104	false
-144	-200	103	false
-140	-200	103	false
-136	-200	104	false
-132	-200	104	false
-128	-200	104	false
-124	-200	104	false
-120	-200	105	false
-116	-200	105	false
-112	-200	105	false
-108	-200	106	false
-104	-200	106	false
-100	-200	106	false
-96	-200	106	false
-92	-200	107	false
-88	-200	107	false
-84	-200	107	false
-80	-200	107	false
-76	-200	107	false
-72	-200	107	false
-68	-200	108	false
-64	-200	109	false
-60	-200	109	false
-56	-200	109	false
-52	-200	109	false
-48	-200	109	false
-44	-200	108	false
-40	-200	107	false
-36	-200	107	false
-32	-200	107	false
-28	-200	107	false
-24	-200	107	false
-20	-200	107	false
-16	-200	106	false
-12	-200	106	false
-8	-200	106	false
-4	-200	104	false
0	-200	103	false
4	-200	103	false
8	-200	103	false
12	-200	103	false
16	-200	103	false
20	-200	103	false
24	-200	103	false
28	-200	103	false
32	-200	103	false
36	-200	103	false
40	-200	103	false
44	-200	103	false
48	-200	103	false
52	-200	103	false
56	-200	106	false
60	-200	106	false
64	-200	106	false
68	-200	106	false
72	-200	106	false
76	-200	106	false
80	-200	106	false
84	-200	106	false
88	-200	104	false
92	-200	103	false
96	-200	102	false
100	-200	101	false
104	-200	101	false
108	-200	101	false
112	-200	101	false
116	-200	102	false
120	-200	101	false
124	-200	103	false
128	-200	103	false
132	-200	103	false
136	-200	103	false
140	-200	103	false
144	-200	102	false
148	-200	101	false
152	-200	99	false
156	-200	97	false
160	-200	97	false
164	-200	96	false
168	-200	96	false
172	-200	95	false
176	-200	95	false
180	-200	95	false
184	-200	97	false
188	-200	97	false
192	-200	97	false
196	-200	97	false
200	-200	97	false
204	-200	97	false
208	-200	97	false
212	-200	97	false
216	-200	96	false
220	-200	95	false
224	-200	94	false
228	-200	94	false
232	-200	94	false
236	-200	94	false
240	-200	94	false
244	-200	94	false
248	-200	94	false
252	-200	95	false
256	-200	95	false
260	-200	95	false
264	-200	95	false
268	-200	95	false
272	-200	95	false
276	-200	94	false
280	-200	94	false
284	-200	94	false
288	-200	93	false
-288	-196	79	false
-284	-196	84	false
-280	-196	87	false
-276	-196	90	false
-272	-196	93	false
-268	-196	95	false
-264	-196	98	false
-260	-196	100	false
-256	-196	103	false
-252	-196	104	false
-248	-196	105	false
-244	-196	106	false
-240	-196	106	false
-236	-196	106	false
-232	-196	106	false
-228	-196	104	false
-224	-196	103	false
-220	-196	104	false
-216	-196	104	false
-212	-196	105	false
-208	-196	106	false
-204	-196	106	false
-200	-196	106	false
-196	-196	106	false
-192	-196	106	false
-188	-196	106	false
-184	-196	106	false
-180	-196	106	false
-176	-196	106	false
-172	-196	106	false
-168	-196	106	false
-164	-196	106	false
-160	-196	104	false
-156	-196	104	false
-152	-196	103	false
-148	-196	103	false
-144	-196	103	false
-140	-196	103	false
-136	-196	104	false
-132	-196	106	false
-128	-196	106	false
-124	-196	106	false
-120	-196	106	false
-116	-196	106	false
-112	-196	106	false
-108	-196	107	false
-104	-196	108	false
-100	-196	109	false
-96	-196	109	false
-92	-196	109	false
-88	-196	109	false
-84	-196	109	false
-80	-196	109	false
-76	-196	109	false
-72	-196	109	false
-68	-196	109	false
-64	-196	109	false
-60	-196	109	false
-56	-196	109	false
-52	-196	109	false
-48	-196	109	false
-44	-196	109	false
-40	-196	109	false
-36	-196	109	false
-32	-196	109	false
-28	-196	109	false
-24	-196	109	false
-20	-196	109	false
-16	-196	107	false
-12	-196	107	false
-8	-196	106	false
-4	-196	103	false
0	-196	103	false
4	-196	103	false
8	-196	103	false
12	-196	103	false
16	-196	102	false
20	-196	101	false
24	-196	102	false
28	-196	103	false
32	-196	103	false
36	-196	103	false
40	-196	103	false
44	-196	103	false
48	-196	103	false
52	-196	104	false
56	-196	106	false
60	-196	106	false
64	-196	107	false
68	-196	108	false
72	-196	109	false
76	-196	108	false
80	-196	107	false
84	-196	106	false
88	-196	104	false
92	-196	103	false
96	-196	103	false
100	-196	102	false
104	-196	101	false
108	-196	100	false
112	-196	100	false
116	-196	101	false
120	-196	102	false
124	-196	103	false
128	-196	103	false
132	-196	103	false
136	-196	103	false
140	-196	103	false
144	-196	103	false
148	-196	101	false
152	-196	100	false
156	-196	98	false
160	-196	97	false
164	-196	97	false
168	-196	97	false
172	-196	97	false
176	-196	97	false
180	-196	97	false
184	-196	98	false
188	-196	99	false
192	-196	99	false
196	-196	100	false
200	-196	100	false
204	-196	100	false
208	-196	99	false
212	-196	98	false
216	-196	98	false
220	-196	97	false
224	-196	96	false
228	-196	95	false
232	-196	95	false
236	-196	95	false
240	-196	95	false
244	-196	96	false
248	-196	96	false
252	-196	96	false
256	-196	97	false
260	-196	97	false
264	-196	97	false
268	-196	97	false
272	-196	97	false
276	-196	95	false
280	-196	94	false
284	-196	93	false
288	-196	92	false
-288	-192	79	false
-284	-192	83	false
-280	-192	86	false
-276	-192	90	false
-272	-192	93	false
-268	-192	95	false
-264	-192	99	false
-260	-192	101	false
-256	-192	103	false
-252	-192	106	false
-248	-192	106	false
-244	-192	106	false
-240	-192	106	false
-236	-192	106	false
-232	-192	106	false
-228	-192	105	false
-224	-192	104	false
-220	-192	104	false
-216	-192	105	false
-212	-192	106	false
-208	-192	106	false
-204	-192	106	false
-200	-192	106	false
-196	-192	106	false
-192	-192	106	false
-188	-192	106	false
-184	-192	106	false
-180	-192	106	false
-176	-192	106	false
-172	-192	105	false
-168	-192	104	false
-164	-192	104	false
-160	-192	103	false
-156	-192	103	false
-152	-192	103	false
-148	-192	103	false
-144	-192	103	false
-140	-192	103	false
-136	-192	104	false
-132	-192	106	false
-128	-192	106	false
-124	-192	106	false
-120	-192	106	false
-116	-192	106	false
-112	-192	106	false
-108	-192	108	false
-104	-192	109	false
-100	-192	109	false
-96	-192	109	false
-92	-192	109	false
-88	-192	109	false
-84	-192	109	false
-80	-192	109	false
-76	-192	109	false
-72	-192	110	false
-68	-192	110	false
-64	-192	111	false
-60	-192	111	false
-56	-192	110	false
-52	-192	110	false
-48	-192	110	false
-44	-192	110	false
-40	-192	109	false
-36	-192	109	false
-32	-192	109	false
-28	-192	109	false
-24	-192	109	false
-20	-192	109	false
-16	-192	109	false
-12	-192	107	false
-8	-192	106	false
-4	-192	104	false
0	-192	103	false
4	-192	102	false
8	-192	101	false
12	-192	102	false
16	-192	103	false
20	-192	103	false
24	-192	103	false
28	-192	103	false
32	-192	103	false
36	-192	103	false
40	-192	103	false
44	-192	103	false
48	-192	103	false
52	-192	103	false
56	-192	106	false
60	-192	108	false
64	-192	107	false
68	-192	109	false
72	-192	109	false
76	-192	109	false
80	-192	107	false
84	-192	106	false
88	-192	106	false
92	-192	104	false
96	-192	103	false
100	-192	101	false
104	-192	100	false
108	-192	100	false
112	-192	100	false
116	-192	101	false
120	-192	102	false
124	-192	103	false
128	-192	103	false
132	-192	103	false
136	-192	103	false
140	-192	103	false
144	-192	103	false
148	-192	102	false
152	-192	100	false
156	-192	98	false
160	-192	98	false
164	-192	97	false
168	-192	97	false
172	-192	97	false
176	-192	98	false
180	-192	98	false
184	-192	100	false
188	-192	100	false
192	-192	100	false
196	-192	101	false
200	-192	101	false
204	-192	101	false
208	-192	100	false
212	-192	100	false
216	-192	99	false
220	-192	98	false
224	-192	97	false
228	-192	97	false
232	-192	97	false
236	-192	97	false
240	-192	97	false
244	-192	97	false
248	-192	98	false
252	-192	98	false
256	-192	97	false
260	-192	98	false
264	-192	98	false
268	-192	98	false
272	-192	97	false
276	-192	96	false
280	-192	95	false
284	-192	94	false
288	-192	94	false
-288	-188	79	false
-284	-188	83	false
-280	-188	86	false
-276	-188	90	false
-272	-188	93	false
-268	-188	96	false
-264	-188	99	false
-260	-188	102	false
-256	-188	103	false
-252	-188	106	false
-248	-188	106	false
-244	-188	106	false
-240	-188	106	false
-236	-188	106	false
-232	-188	106	false
-228	-188	106	false
-224	-188	106	false
-220	-188	106	false
-216	-188	106	false
-212	-188	106	false
-208	-188	104	false
-204	-188	104	false
-200	-188	104	false
-196	-188	104	false
-192	-188	104	false
-188	-188	104	false
-184	-188	104	false
-180	-188	104	false
-176	-188	104	false
-172	-188	104	false
-168	-188	103	false
-164	-188	103	false
-160	-188	103	false
-156	-188	103	false
-152	-188	103	false
-148	-188	103	false
-144	-188	103	false
-140	-188	103	false
-136	-188	105	false
-132	-188	106	false
-128	-188	107	false
-124	-188	107	false
-120	-188	107	false
-116	-188	107	false
-112	-188	107	false
-108	-188	109	false
-104	-188	109	false
-100	-188	109	false
-96	-188	109	false
-92	-188	109	false
-88	-188	109	false
-84	-188	109	false
-80	-188	110	false
-76	-188	111	false
-72	-188	112	false
-68	-188	112	false
-64	-188	112	false
-60	-188	112	false
-56	-188	112	false
-52	-188	112	false
-48	-188	112	false
-44	-188	112	false
-40	-188	111	false
-36	-188	111	false
-32	-188	110	false
-28	-188	110	false
-24	-188	110	false
-20	-188	109	false
-16	-188	109	false
-12	-188	107	false
-8	-188	106	false
-4	-188	104	false
0	-188	103	false
4	-188	103	false
8	-188	102	false
12	-188	101	false
16	-188	101	false
20	-188	103	false
24	-188	103	false
28	-188	103	false
32	-188	103	false
36	-188	103	false
40	-188	103	false
44	-188	103	false
48	-188	104	false
52	-188	104	false
56	-188	107	false
60	-188	109	false
64	-188	109	false
68	-188	109	false
72	-188	109	false
76	-188	109	false
80	-188	109	false
84	-188	107	false
88	-188	107	false
92	-188	105	false
96	-188	103	false
100	-188	103	false
104	-188	102	false
108	-188	102	false
112	-188	101	false
116	-188	101	false
120	-188	103	false
124	-188	103	false
128	-188	103	false
132	-188	103	false
136	-188	103	false
140	-188	103	false
144	-188	103	false
148	-188	102	false
152	-188	100	false
156	-188	100	false
160	-188	98	false
164	-188	97	false
168	-188	98	false
172	-188	98	false
176	-188	98	false
180	-188	100	false
184	-188	100	false
188	-188	102	false
192	-188	103	false
196	-188	103	false
200	-188	103	false
204	-188	103	false
208	-188	102	false
212	-188	101	false
216	-188	100	false
220	-188	100	false
224	-188	100	false
228	-188	98	false
232	-188	98	false
236	-188	98	false
240	-188	98	false
244	-188	98	false
248	-188	98	false
252	-188	100	false
256	-188	100	false
260	-188	100	false
264	-188	100	false
268	-188	100	false
272	-188	98	false
276	-188	98	false
280	-188	97	false
284	-188	95	false
288	-188	94	false
-288	-184	79	false
-284	-184	83	false
-280	-184	86	false
-276	-184	90	false
-272	-184	94	false
-268	-184	97	false
-264	-184	100	false
-260	-184	103	false
-256	-184	104	false
-252	-184	106	false
-248	-184	106	false
-244	-184	107	false
-240	-184	107	false
-236	-184	107	false
-232	-184	106	false
-228	-184	106	false
-224	-184	106	false
-220	-184	106	false
-216	-184	106	false
-212	-184	104	false
-208	-184	104	false
-204	-184	104	false
-200	-184	104	false
-196	-184	104	false
-192	-184	104	false
-188	-184	104	false
-184	-184	104	false
-180	-184	104	false
-176	-184	104	false
-172	-184	103	false
-168	-184	103	false
-164	-184	103	false
-160	-184	103	false
-156	-184	103	false
-152	-184	103	false
-148	-184	103	false
-144	-184	103	false
-140	-184	103	false
-136	-184	106	false
-132	-184	106	false
-128	-184	107	false
-124	-184	109	false
-120	-184	109	false
-116	-184	109	false
-112	-184	109	false
-108	-184	109	false
-104	-184	109	false
-100	-184	109	false
-96	-184	111	false
-92	-184	112	false
-88	-184	111	false
-84	-184	111	false
-80	-184	111	false
-76	-184	112	false
-72	-184	112	false
-68	-184	112	false
-64	-184	112	false
-60	-184	112	false
-56	-184	112	false
-52	-184	112	false
-48	-184	112	false
-44	-184	112	false
-40	-184	112	false
-36	-184	112	false
-32	-184	112	false
-28	-184	112	false
-24	-184	112	false
-20	-184	110	false
-16	-184	109	false
-12	-184	107	false
-8	-184	106	false
-4	-184	104	false
0	-184	103	false
4	-184	103	false
8	-184	103	false
12	-184	103	false
16	-184	103	false
20	-184	103	false
24	-184	103	false
28	-184	103	false
32	-184	103	false
36	-184	104	false
40	-184	104	false
44	-184	106	false
48	-184	106	false
52	-184	106	false
56	-184	109	false
60	-184	109	false
64	-184	110	false
68	-184	110	false
72	-184	110	false
76	-184	109	false
80	-184	109	false
84	-184	109	false
88	-184	107	false
92	-184	105	false
96	-184	104	false
100	-184	104	false
104	-184	103	false
108	-184	103	false
112	-184	103	false
116	-184	103	false
120	-184	103	false
124	-184	103	false
128	-184	103	false
132	-184	104	false
136	-184	104	false
140	-184	103	false
144	-184	103	false
148	-184	103	false
152	-184	101	false
156	-184	100	false
160	-184	98	false
164	-184	98	false
168	-184	99	false
172	-184	100	false
176	-184	100	false
180	-184	101	false
184	-184	102	false
188	-184	103	false
192	-184	103	false
196	-184	104	false
200	-184	104	false
204	-184	103	false
208	-184	103	false
212	-184	103	false
216	-184	102	false
220	-184	101	false
224	-184	100	false
228	-184	100	false
232	-184	100	false
236	-184	100	false
240	-184	100	false
244	-184	100	false
248	-184	100	false
252	-184	100	false
256	-184	100	false
260	-184	100	false
264	-184	100	false
268	-184	100	false
272	-184	100	false
276	-184	99	false
280	-184	97	false
284	-184	96	false
288	-184	95	false
-288	-180	80	false
-284	-180	83	false
-280	-180	87	false
-276	-180	91	false
-272	-180	95	false
-268	-180	98	false
-264	-180	100	false
-260	-180	103	false
-256	-180	106	false
-252	-180	106	false
-248	-180	107	false
-244	-180	109	false
-240	-180	109	false
-236	-180	108	false
-232	-180	107	false
-228	-180	106	false
-224	-180	106	false
-220	-180	106	false
-216	-180	106	false
-212	-180	106	false
-208	-180	106	false
-204	-180	106	false
-200	-180	105	false
-196	-180	104	false
-192	-180	103	false
-188	-180	103	false
-184	-180	103	false
-180	-180	103	false
-176	-180	103	false
-172	-180	103	false
-168	-180	103	false
-164	-180	103	false
-160	-180	103	false
-156	-180	103	false
-152	-180	103	false
-148	-180	103	false
-144	-180	103	false
-140	-180	103	false
-136	-180	105	false
-132	-180	106	false
-128	-180	106	false
-124	-180	107	false
-120	-180	107	false
-116	-180	107	false
-112	-180	108	false
-108	-180	109	false
-104	-180	109	false
-100	-180	109	false
-96	-180	110	false
-92	-180	112	false
-88	-180	112	false
-84	-180	112	false
-80	-180	112	false
-76	-180	112	false
-72	-180	112	false
-68	-180	112	false
-64	-180	112	false
-60	-180	112	false
-56	-180	112	false
-52	-180	112	false
-48	-180	112	false
-44	-180	112	false
-40	-180	112	false
-36	-180	112	false
-32	-180	112	false
-28	-180	112	false
-24	-180	110	false
-20	-180	109	false
-16	-180	109	false
-12	-180	109	false
-8	-180	106	false
-4	-180	105	false
0	-180	103	false
4	-180	103	false
8	-180	103	false
12	-180	103	false
16	-180	103	false
20	-180	103	false
24	-180	103	false
28	-180	103	false
32	-180	104	false
36	-180	106	false
40	-180	106	false
44	-180	106	false
48	-180	106	false
52	-180	107	false
56	-180	109	false
60	-180	110	false
64	-180	112	false
68	-180	112	false
72	-180	112	false
76	-180	111	false
80	-180	111	false
84	-180	110	false
88	-180	108	false
92	-180	107	false
96	-180	106	false
100	-180	104	false
104	-180	104	false
108	-180	103	false
112	-180	103	false
116	-180	103	false
120	-180	103	false
124	-180	104	false
128	-180	103	false
132	-180	105	false
136	-180	106	false
140	-180	105	false
144	-180	103	false
148	-180	103	false
152	-180	101	false
156	-180	101	false
160	-180	100	false
164	-180	100	false
168	-180	100	false
172	-180	101	false
176	-180	102	false
180	-180	102	false
184	-180	103	false
188	-180	104	false
192	-180	104	false
196	-180	106	false
200	-180	106	false
204	-180	105	false
208	-180	104	false
212	-180	103	false
216	-180	103	false
220	-180	102	false
224	-180	101	false
228	-180	100	false
232	-180	100	false
236	-180	100	false
240	-180	100	false
244	-180	100	false
248	-180	101	false
252	-180	101	false
256	-180	101	false
260	-180	100	false
264	-180	100	false
268	-180	100	false
272	-180	100	false
276	-180	99	false
280	-180	98	false
284	-180	97	false
288	-180	96	false
-288	-176	80	false
-284	-176	85	false
-280	-176	88	false
-276	-176	92	false
-272	-176	95	false
-268	-176	98	false
-264	-176	101	false
-260	-176	103	false
-256	-176	106	false
-252	-176	106	false
-248	-176	109	false
-244	-176	109	false
-240	-176	109	false
-236	-176	109	false
-232	-176	109	false
-228	-176	108	false
-224	-176	108	false
-220	-176	108	false
-216	-176	107	false
-212	-176	107	false
-208	-176	106	false
-204	-176	106	false
-200	-176	106	false
-196	-176	106	false
-192	-176	105	false
-188	-176	104	false
-184	-176	104	false
-180	-176	104	false
-176	-176	105	false
-172	-176	105	false
-168	-176	104	false
-164	-176	103	false
-160	-176	103	false
-156	-176	103	false
-152	-176	103	false
-148	-176	103	false
-144	-176	103	false
-140	-176	105	false
-136	-176	106	false
-132	-176	106	false
-128	-176	106	false
-124	-176	106	false
-120	-176	106	false
-116	-176	106	false
-112	-176	108	false
-108	-176	108	false
-104	-176	109	false
-100	-176	109	false
-96	-176	110	false
-92	-176	110	false
-88	-176	112	false
-84	-176	112	false
-80	-176	112	false
-76	-176	112	false
-72	-176	112	false
-68	-176	112	false
-64	-176	112	false
-60	-176	112	false
-56	-176	112	false
-52	-176	112	false
-48	-176	112	false
-44	-176	112	false
-40	-176	112	false
-36	-176	112	false
-32	-176	112	false
-28	-176	111	false
-24	-176	111	false
-20	-176	110	false
-16	-176	109	false
-12	-176	108	false
-8	-176	106	false
-4	-176	104	false
0	-176	103	false
4	-176	103	false
8	-176	103	false
12	-176	103	false
16	-176	103	false
20	-176	103	false
24	-176	103	false
28	-176	104	false
32	-176	104	false
36	-176	106	false
40	-176	106	false
44	-176	106	false
48	-176	107	false
52	-176	107	false
56	-176	110	false
60	-176	112	false
64	-176	112	false
68	-176	112	false
72	-176	112	false
76	-176	112	false
80	-176	112	false
84	-176	111	false
88	-176	110	false
92	-176	109	false
96	-176	107	false
100	-176	107	false
104	-176	105	false
108	-176	104	false
112	-176	103	false
116	-176	103	false
120	-176	104	false
124	-176	106	false
128	-176	105	false
132	-176	105	false
136	-176	106	false
140	-176	105	false
144	-176	104	false
148	-176	103	false
152	-176	103	false
156	-176	103	false
160	-176	102	false
164	-176	102	false
168	-176	102	false
172	-176	103	false
176	-176	104	false
180	-176	104	false
184	-176	104	false
188	-176	106	false
192	-176	106	false
196	-176	106	false
200	-176	106	false
204	-176	106	false
208	-176	106	false
212	-176	104	false
216	-176	103	false
220	-176	103	false
224	-176	103	false
228	-176	102	false
232	-176	102	false
236	-176	101	false
240	-176	101	false
244	-176	101	false
248	-176	102	false
252	-176	103	false
256	-176	103	false
260	-176	103	false
264	-176	102	false
268	-176	101	false
272	-176	101	false
276	-176	100	false
280	-176	99	false
284	-176	97	false
288	-176	97	false
-288	-172	82	false
-284	-172	85	false
-280	-172	89	false
-276	-172	93	false
-272	-172	96	false
-268	-172	99	false
-264	-172	102	false
-260	-172	104	false
-256	-172	106	false
-252	-172	106	false
-248	-172	109	false
-244	-172	109	false
-240	-172	109	false
-236	-172	109	false
-232	-172	109	false
-228	-172	110	false
-224	-172	110	false
-220	-172	109	false
-216	-172	109	false
-212	-172	108	false
-208	-172	107	false
-204	-172	107	false
-200	-172	107	false
-196	-172	106	false
-192	-172	106	false
-188	-172	106	false
-184	-172	106	false
-180	-172	106	false
-176	-172	106	false
-172	-172	106	false
-168	-172	106	false
-164	-172	104	false
-160	-172	103	false
-156	-172	103	false
-152	-172	103	false
-148	-172	103	false
-144	-172	103	false
-140	-172	104	false
-136	-172	106	false
-132	-172	106	false
-128	-172	106	false
-124	-172	106	false
-120	-172	106	false
-116	-172	106	false
-112	-172	106	false
-108	-172	107	false
-104	-172	109	false
-100	-172	109	false
-96	-172	110	false
-92	-172	112	false
-88	-172	112	false
-84	-172	112	false
-80	-172	112	false
-76	-172	112	false
-72	-172	112	false
-68	-172	112	false
-64	-172	113	false
-60	-172	113	false
-56	-172	113	false
-52	-172	113	false
-48	-172	113	false
-44	-172	112	false
-40	-172	112	false
-36	-172	112	false
-32	-172	112	false
-28	-172	112	false
-24	-172	111	false
-20	-172	110	false
-16	-172	109	false
-12	-172	109	false
-8	-172	106	false
-4	-172	105	false
0	-172	103	false
4	-172	103	false
8	-172	103	false
12	-172	103	false
16	-172	103	false
20	-172	103	false
24	-172	103	false
28	-172	105	false
32	-172	106	false
36	-172	106	false
40	-172	107	false
44	-172	108	false
48	-172	108	false
52	-172	109	false
56	-172	111	false
60	-172	112	false
64	-172	113	false
68	-172	114	false
72	-172	115	false
76	-172	114	false
80	-172	113	false
84	-172	112	false
88	-172	111	false
92	-172	110	false
96	-172	110	false
100	-172	108	false
104	-172	107	false
108	-172	106	false
112	-172	106	false
116	-172	106	false
120	-172	106	false
124	-172	106	false
128	-172	106	false
132	-172	106	false
136	-172	106	false
140	-172	106	false
144	-172	106	false
148	-172	105	false
152	-172	105	false
156	-172	104	false
160	-172	104	false
164	-172	104	false
168	-172	104	false
172	-172	105	false
176	-172	106	false
180	-172	106	false
184	-172	106	false
188	-172	106	false
192	-172	106	false
196	-172	106	false
200	-172	106	false
204	-172	106	false
208	-172	106	false
212	-172	106	false
216	-172	105	false
220	-172	105	false
224	-172	104	false
228	-172	104	false
232	-172	104	false
236	-172	104	false
240	-172	103	false
244	-172	103	false
248	-172	103	false
252	-172	103	false
256	-172	103	false
260	-172	103	false
264	-172	103	false
268	-172	103	false
272	-172	102	false
276	-172	100	false
280	-172	100	false
284	-172	100	false
288	-172	98	false
-288	-168	82	false
-284	-168	86	false
-280	-168	91	false
-276	-168	94	false
-272	-168	97	false
-268	-168	100	false
-264	-168	102	false
-260	-168	104	false
-256	-168	106	false
-252	-168	107	false
-248	-168	109	false
-244	-168	109	false
-240	-168	109	false
-236	-168	110	false
-232	-168	111	false
-228	-168	112	false
-224	-168	112	false
-220	-168	111	false
-216	-168	110	false
-212	-168	111	false
-208	-168	110	false
-204	-168	109	false
-200	-168	109	false
-196	-168	108	false
-192	-168	107	false
-188	-168	107	false
-184	-168	107	false
-180	-168	107	false
-176	-168	107	false
-172	-168	106	false
-168	-168	106	false
-164	-168	106	false
-160	-168	104	false
-156	-168	104	false
-152	-168	104	false
-148	-168	104	false
-144	-168	104	false
-140	-168	104	false
-136	-168	106	false
-132	-168	104	false
-128	-168	104	false
-124	-168	104	false
-120	-168	104	false
-116	-168	105	false
-112	-168	106	false
-108	-168	106	false
-104	-168	107	false
-100	-168	109	false
-96	-168	109	false
-92	-168	110	false
-88	-168	111	false
-84	-168	112	false
-80	-168	112	false
-76	-168	112	false
-72	-168	112	false
-68	-168	112	false
-64	-168	113	false
-60	-168	115	false
-56	-168	115	false
-52	-168	115	false
-48	-168	113	false
-44	-168	112	false
-40	-168	112	false
-36	-168	112	false
-32	-168	112	false
-28	-168	110	false
-24	-168	110	false
-20	-168	110	false
-16	-168	109	false
-12	-168	108	false
-8	-168	106	false
-4	-168	105	false
0	-168	103	false
4	-168	103	false
8	-168	103	false
12	-168	103	false
16	-168	103	false
20	-168	103	false
24	-168	104	false
28	-168	106	false
32	-168	106	false
36	-168	106	false
40	-168	108	false
44	-168	109	false
48	-168	109	false
52	-168	109	false
56	-168	112	false
60	-168	114	false
64	-168	114	false
68	-168	115	false
72	-168	115	false
76	-168	115	false
80	-168	115	false
84	-168	113	false
88	-168	112	false
92	-168	112	false
96	-168	111	false
100	-168	110	false
104	-168	109	false
108	-168	107	false
112	-168	107	false
116	-168	107	false
120	-168	106	false
124	-168	106	false
128	-168	106	false
132	-168	106	false
136	-168	106	false
140	-168	106	false
144	-168	106	false
148	-168	106	false
152	-168	106	false
156	-168	106	false
160	-168	106	false
164	-168	106	false
168	-168	107	false
172	-168	107	false
176	-168	108	false
180	-168	107	false
184	-168	107	false
188	-168	107	false
192	-168	106	false
196	-168	106	false
200	-168	106	false
204	-168	106	false
208	-168	106	false
212	-168	106	false
216	-168	106	false
220	-168	106	false
224	-168	106	false
228	-168	106	false
232	-168	106	false
236	-168	106	false
240	-168	106	false
244	-168	105	false
248	-168	104	false
252	-168	103	false
256	-168	103	false
260	-168	103	false
264	-168	103	false
268	-168	103	false
272	-168	103	false
276	-168	102	false
280	-168	100	false
284	-168	100	false
288	-168	98	false
-288	-164	83	false
-284	-164	87	false
-280	-164	91	false
-276	-164	95	false
-272	-164	98	false
-268	-164	101	false
-264	-164	103	false
-260	-164	104	false
-256	-164	106	false
-252	-164	107	false
-248	-164	109	false
-244	-164	109	false
-240	-164	109	false
-236	-164	110	false
-232	-164	112	false
-228	-164	113	false
-224	-164	113	false
-220	-164	113	false
-216	-164	112	false
-212	-164	112	false
-208	-164	111	false
-204	-164	110	false
-200	-164	109	false
-196	-164	109	false
-192	-164	109	false
-188	-164	109	false
-184	-164	109	false
-180	-164	109	false
-176	-164	109	false
-172	-164	109	false
-168	-164	107	false
-164	-164	106	false
-160	-164	106	false
-156	-164	106	false
-152	-164	106	false
-148	-164	106	false
-144	-164	106	false
-140	-164	106	false
-136	-164	106	false
-132	-164	106	false
-128	-164	105	false
-124	-164	104	false
-120	-164	104	false
-116	-164	105	false
-112	-164	106	false
-108	-164	106	false
-104	-164	107	false
-100	-164	109	false
-96	-164	109	false
-92	-164	111	false
-88	-164	111	false
-84	-164	111	false
-80	-164	112	false
-76	-164	112	false
-72	-164	113	false
-68	-164	113	false
-64	-164	113	false
-60	-164	115	false
-56	-164	115	false
-52	-164	115	false
-48	-164	113	false
-44	-164	112	false
-40	-164	112	false
-36	-164	112	false
-32	-164	112	false
-28	-164	112	false
-24	-164	112	false
-20	-164	110	false
-16	-164	109	false
-12	-164	108	false
-8	-164	107	false
-4	-164	104	false
0	-164	104	false
4	-164	103	false
8	-164	103	false
12	-164	103	false
16	-164	103	false
20	-164	103	false
24	-164	106	false
28	-164	106	false
32	-164	107	false
36	-164	109	false
40	-164	109	false
44	-164	109	false
48	-164	110	false
52	-164	110	false
56	-164	113	false
60	-164	115	false
64	-164	115	false
68	-164	115	false
72	-164	115	false
76	-164	115	false
80	-164	115	false
84	-164	115	false
88	-164	114	false
92	-164	113	false
96	-164	113	false
100	-164	112	false
104	-164	110	false
108	-164	109	false
112	-164	109	false
116	-164	109	false
120	-164	109	false
124	-164	108	false
128	-164	108	false
132	-164	107	false
136	-164	107	false
140	-164	107	false
144	-164	106	false
148	-164	106	false
152	-164	106	false
156	-164	107	false
160	-164	108	false
164	-164	108	false
168	-164	108	false
172	-164	109	false
176	-164	109	false
180	-164	109	false
184	-164	109	false
188	-164	109	false
192	-164	109	false
196	-164	108	false
200	-164	106	false
204	-164	106	false
208	-164	107	false
212	-164	107	false
216	-164	106	false
220	-164	106	false
224	-164	106	false
228	-164	106	false
232	-164	106	false
236	-164	106	false
240	-164	106	false
244	-164	106	false
248	-164	104	false
252	-164	103	false
256	-164	103	false
260	-164	103	false
264	-164	103	false
268	-164	103	false
272	-164	103	false
276	-164	102	false
280	-164	101	false
284	-164	101	false
288	-164	100	false
-288	-160	83	false
-284	-160	88	false
-280	-160	91	false
-276	-160	96	false
-272	-160	98	false
-268	-160	101	false
-264	-160	103	false
-260	-160	106	false
-256	-160	106	false
-252	-160	107	false
-248	-160	109	false
-244	-160	109	false
-240	-160	109	false
-236	-160	111	false
-232	-160	112	false
-228	-160	114	false
-224	-160	115	false
-220	-160	115	false
-216	-160	113	false
-212	-160	112	false
-208	-160	112	false
-204	-160	111	false
-200	-160	111	false
-196	-160	110	false
-192	-160	109	false
-188	-160	109	false
-184	-160	109	false
-180	-160	109	false
-176	-160	109	false
-172	-160	109	false
-168	-160	107	false
-164	-160	106	false
-160	-160	106	false
-156	-160	106	false
-152	-160	106	false
-148	-160	106	false
-144	-160	106	false
-140	-160	106	false
-136	-160	106	false
-132	-160	105	false
-128	-160	103	false
-124	-160	103	false
-120	-160	103	false
-116	-160	103	false
-112	-160	105	false
-108	-160	106	false
-104	-160	107	false
-100	-160	109	false
-96	-160	109	false
-92	-160	111	false
-88	-160	112	false
-84	-160	112	false
-80	-160	112	false
-76	-160	112	false
-72	-160	113	false
-68	-160	115	false
-64	-160	115	false
-60	-160	115	false
-56	-160	115	false
-52	-160	115	false
-48	-160	114	false
-44	-160	113	false
-40	-160	113	false
-36	-160	112	false
-32	-160	112	false
-28	-160	112	false
-24	-160	111	false
-20	-160	109	false
-16	-160	109	false
-12	-160	109	false
-8	-160	106	false
-4	-160	106	false
0	-160	104	false
4	-160	103	false
8	-160	103	false
12	-160	103	false
16	-160	103	false
20	-160	105	false
24	-160	106	false
28	-160	107	false
32	-160	107	false
36	-160	109	false
40	-160	109	false
44	-160	109	false
48	-160	110	false
52	-160	110	false
56	-160	114	false
60	-160	115	false
64	-160	115	false
68	-160	116	false
72	-160	116	false
76	-160	116	false
80	-160	115	false
84	-160	115	false
88	-160	115	false
92	-160	115	false
96	-160	113	false
100	-160	112	false
104	-160	112	false
108	-160	111	false
112	-160	110	false
116	-160	109	false
120	-160	109	false
124	-160	109	false
128	-160	109	false
132	-160	109	false
136	-160	109	false
140	-160	109	false
144	-160	109	false
148	-160	108	false
152	-160	108	false
156	-160	109	false
160	-160	109	false
164	-160	109	false
168	-160	109	false
172	-160	109	false
176	-160	110	false
180	-160	110	false
184	-160	109	false
188	-160	109	false
192	-160	109	false
196	-160	107	false
200	-160	107	false
204	-160	107	false
208	-160	107	false
212	-160	109	false
216	-160	109	false
220	-160	108	false
224	-160	108	false
228	-160	107	false
232	-160	107	false
236	-160	107	false
240	-160	107	false
244	-160	106	false
248	-160	106	false
252	-160	106	false
256	-160	105	false
260	-160	105	false
264	-160	103	false
268	-160	103	false
272	-160	103	false
276	-160	103	false
280	-160	103	false
284	-160	101	false
288	-160	100	false
-288	-156	84	false
-284	-156	88	false
-280	-156	92	false
-276	-156	96	false
-272	-156	99	false
-268	-156	101	false
-264	-156	104	false
-260	-156	106	false
-256	-156	106	false
-252	-156	109	false
-248	-156	109	false
-244	-156	109	false
-240	-156	110	false
-236	-156	111	false
-232	-156	112	false
-228	-156	114	false
-224	-156	115	false
-220	-156	115	false
-216	-156	113	false
-212	-156	113	false
-208	-156	112	false
-204	-156	112	false
-200	-156	112	false
-196	-156	110	false
-192	-156	109	false
-188	-156	109	false
-184	-156	109	false
-180	-156	110	false
-176	-156	109	false
-172	-156	109	false
-168	-156	108	false
-164	-156	108	false
-160	-156	106	false
-156	-156	106	false
-152	-156	106	false
-148	-156	106	false
-144	-156	106	false
-140	-156	106	false
-136	-156	106	false
-132	-156	105	false
-128	-156	105	false
-124	-156	105	false
-120	-156	105	false
-116	-156	104	false
-112	-156	104	false
-108	-156	106	false
-104	-156	107	false
-100	-156	109	false
-96	-156	110	false
-92	-156	111	false
-88	-156	112	false
-84	-156	112	false
-80	-156	112	false
-76	-156	112	false
-72	-156	112	false
-68	-156	115	false
-64	-156	115	false
-60	-156	115	false
-56	-156	115	false
-52	-156	115	false
-48	-156	115	false
-44	-156	115	false
-40	-156	113	false
-36	-156	112	false
-32	-156	112	false
-28	-156	112	false
-24	-156	112	false
-20	-156	111	false
-16	-156	110	false
-12	-156	109	false
-8	-156	107	false
-4	-156	106	false
0	-156	104	false
4	-156	104	false
8	-156	103	false
12	-156	103	false
16	-156	103	false
20	-156	106	false
24	-156	106	false
28	-156	107	false
32	-156	109	false
36	-156	109	false
40	-156	109	false
44	-156	111	false
48	-156	111	false
52	-156	112	false
56	-156	114	false
60	-156	115	false
64	-156	115	false
68	-156	116	false
72	-156	118	false
76	-156	118	false
80	-156	115	false
84	-156	115	false
88	-156	115	false
92	-156	115	false
96	-156	114	false
100	-156	113	false
104	-156	112	false
108	-156	112	false
112	-156	110	false
116	-156	109	false
120	-156	109	false
124	-156	109	false
128	-156	109	false
132	-156	109	false
136	-156	109	false
140	-156	109	false
144	-156	109	false
148	-156	109	false
152	-156	109	false
156	-156	109	false
160	-156	109	false
164	-156	109	false
168	-156	111	false
172	-156	111	false
176	-156	112	false
180	-156	110	false
184	-156	110	false
188	-156	110	false
192	-156	109	false
196	-156	109	false
200	-156	109	false
204	-156	109	false
208	-156	109	false
212	-156	109	false
216	-156	109	false
220	-156	109	false
224	-156	109	false
228	-156	109	false
232	-156	109	false
236	-156	109	false
240	-156	108	false
244	-156	106	false
248	-156	106	false
252	-156	106	false
256	-156	106	false
260	-156	104	false
264	-156	104	false
268	-156	104	false
272	-156	103	false
276	-156	103	false
280	-156	103	false
284	-156	102	false
288	-156	101	false
-288	-152	84	false
-284	-152	88	false
-280	-152	92	false
-276	-152	96	false
-272	-152	99	false
-268	-152	102	false
-264	-152	104	false
-260	-152	106	false
-256	-152	106	false
-252	-152	109	false
-248	-152	109	false
-244	-152	109	false
-240	-152	111	false
-236	-152	112	false
-232	-152	112	false
-228	-152	114	false
-224	-152	115	false
-220	-152	115	false
-216	-152	115	false
-212	-152	113	false
-208	-152	112	false
-204	-152	112	false
-200	-152	112	false
-196	-152	110	false
-192	-152	110	false
-188	-152	111	false
-184	-152	111	false
-180	-152	110	false
-176	-152	109	false
-172	-152	109	false
-168	-152	109	false
-164	-152	108	false
-160	-152	106	false
-156	-152	106	false
-152	-152	106	false
-148	-152	106	false
-144	-152	106	false
-140	-152	106	false
-136	-152	106	false
-132	-152	106	false
-128	-152	106	false
-124	-152	106	false
-120	-152	106	false
-116	-152	106	false
-112	-152	106	false
-108	-152	106	false
-104	-152	109	false
-100	-152	109	false
-96	-152	111	false
-92	-152	112	false
-88	-152	112	false
-84	-152	112	false
-80	-152	112	false
-76	-152	113	false
-72	-152	114	false
-68	-152	115	false
-64	-152	115	false
-60	-152	115	false
-56	-152	115	false
-52	-152	115	false
-48	-152	115	false
-44	-152	115	false
-40	-152	113	false
-36	-152	112	false
-32	-152	112	false
-28	-152	112	false
-24	-152	112	false
-20	-152	112	false
-16	-152	110	false
-12	-152	109	false
-8	-152	108	false
-4	-152	106	false
0	-152	106	false
4	-152	106	false
8	-152	106	false
12	-152	105	false
16	-152	105	false
20	-152	106	false
24	-152	106	false
28	-152	107	false
32	-152	109	false
36	-152	109	false
40	-152	109	false
44	-152	112	false
48	-152	112	false
52	-152	112	false
56	-152	115	false
60	-152	116	false
64	-152	118	false
68	-152	117	false
72	-152	118	false
76	-152	116	false
80	-152	116	false
84	-152	116	false
88	-152	116	false
92	-152	115	false
96	-152	115	false
100	-152	114	false
104	-152	112	false
108	-152	112	false
112	-152	112	false
116	-152	111	false
120	-152	109	false
124	-152	109	false
128	-152	109	false
132	-152	109	false
136	-152	109	false
140	-152	109	false
144	-152	109	false
148	-152	109	false
152	-152	109	false
156	-152	109	false
160	-152	109	false
164	-152	111	false
168	-152	110	false
172	-152	112	false
176	-152	112	false
180	-152	112	false
184	-152	112	false
188	-152	110	false
192	-152	109	false
196	-152	109	false
200	-152	109	false
204	-152	109	false
208	-152	109	false
212	-152	109	false
216	-152	109	false
220	-152	109	false
224	-152	109	false
228	-152	109	false
232	-152	109	false
236	-152	109	false
240	-152	108	false
244	-152	107	false
248	-152	107	false
252	-152	106	false
256	-152	106	false
260	-152	106	false
264	-152	106	false
268	-152	106	false
272	-152	105	false
276	-152	105	false
280	-152	103	false
284	-152	103	false
288	-152	103	false
-288	-148	84	false
-284	-148	88	false
-280	-148	92	false
-276	-148	95	false
-272	-148	100	false
-268	-148	102	false
-264	-148	104	false
-260	-148	106	false
-256	-148	107	false
-252	-148	109	false
-248	-148	109	false
-244	-148	109	false
-240	-148	112	false
-236	-148	112	false
-232	-148	113	false
-228	-148	114	false
-224	-148	115	false
-220	-148	115	false
-216	-148	115	false
-212	-148	113	false
-208	-148	112	false
-204	-148	112	false
-200	-148	111	false
-196	-148	111	false
-192	-148	110	false
-188	-148	109	false
-184	-148	109	false
-180	-148	109	false
-176	-148	109	false
-172	-148	109	false
-168	-148	109	false
-164	-148	109	false
-160	-148	107	false
-156	-148	107	false
-152	-148	107	false
-148	-148	108	false
-144	-148	108	false
-140	-148	107	false
-136	-148	107	false
-132	-148	107	false
-128	-148	106	false
-124	-148	106	false
-120	-148	106	false
-116	-148	106	false
-112	-148	106	false
-108	-148	107	false
-104	-148	109	false
-100	-148	110	false
-96	-148	112	false
-92	-148	112	false
-88	-148	112	false
-84	-148	112	false
-80	-148	112	false
-76	-148	113	false
-72	-148	115	false
-68	-148	115	false
-64	-148	115	false
-60	-148	115	false
-56	-148	115	false
-52	-148	115	false
-48	-148	115	false
-44	-148	115	false
-40	-148	115	false
-36	-148	113	false
-32	-148	112	false
-28	-148	112	false
-24	-148	112	false
-20	-148	110	false
-16	-148	110	false
-12	-148	109	false
-8	-148	108	false
-4	-148	107	false
0	-148	106	false
4	-148	106	false
8	-148	106	false
12	-148	106	false
16	-148	106	false
20	-148	106	false
24	-148	107	false
28	-148	109	false
32	-148	109	false
36	-148	110	false
40	-148	112	false
44	-148	112	false
48	-148	112	false
52	-148	113	false
56	-148	115	false
60	-148	116	false
64	-148	116	false
68	-148	118	false
72	-148	118	false
76	-148	118	false
80	-148	118	false
84	-148	117	false
88	-148	116	false
92	-148	115	false
96	-148	115	false
100	-148	114	false
104	-148	113	false
108	-148	112	false
112	-148	112	false
116	-148	110	false
120	-148	110	false
124	-148	109	false
128	-148	109	false
132	-148	109	false
136	-148	109	false
140	-148	109	false
144	-148	109	false
148	-148	109	false
152	-148	109	false
156	-148	109	false
160	-148	109	false
164	-148	110	false
168	-148	111	false
172	-148	112	false
176	-148	112	false
180	-148	112	false
184	-148	112	false
188	-148	111	false
192	-148	111	false
196	-148	109	false
200	-148	109	false
204	-148	109	false
208	-148	109	false
212	-148	109	false
216	-148	109	false
220	-148	109	false
224	-148	109	false
228	-148	109	false
232	-148	109	false
236	-148	109	false
240	-148	109	false
244	-148	109	false
248	-148	107	false
252	-148	106	false
256	-148	106	false
260	-148	106	false
264	-148	106	false
268	-148	106	false
272	-148	106	false
276	-148	106	false
280	-148	104	false
284	-148	104	false
288	-148	103	false
-288	-144	84	false
-284	-144	88	false
-280	-144	92	false
-276	-144	95	false
-272	-144	98	false
-268	-144	102	false
-264	-144	104	false
-260	-144	106	false
-256	-144	107	false
-252	-144	109	false
-248	-144	109	false
-244	-144	109	false
-240	-144	112	false
-236	-144	112	false
-232	-144	114	false
-228	-144	115	false
-224	-144	115	false
-220	-144	115	false
-216	-144	115	false
-212	-144	113	false
-208	-144	113	false
-204	-144	112	false
-200	-144	111	false
-196	-144	110	false
-192	-144	109	false
-188	-144	109	false
-184	-144	109	false
-180	-144	109	false
-176	-144	109	false
-172	-144	109	false
-168	-144	109	false
-164	-144	109	false
-160	-144	109	false
-156	-144	109	false
-152	-144	109	false
-148	-144	109	false
-144	-144	109	false
-140	-144	109	false
-136	-144	109	false
-132	-144	109	false
-128	-144	109	false
-124	-144	108	false
-120	-144	108	false
-116	-144	108	false
-112	-144	109	false
-108	-144	109	false
-104	-144	110	false
-100	-144	111	false
-96	-144	112	false
-92	-144	112	false
-88	-144	113	false
-84	-144	113	false
-80	-144	113	false
-76	-144	113	false
-72	-144	115	false
-68	-144	115	false
-64	-144	115	false
-60	-144	115	false
-56	-144	115	false
-52	-144	115	false
-48	-144	115	false
-44	-144	115	false
-40	-144	113	false
-36	-144	112	false
-32	-144	112	false
-28	-144	111	false
-24	-144	111	false
-20	-144	110	false
-16	-144	110	false
-12	-144	109	false
-8	-144	109	false
-4	-144	108	false
0	-144	107	false
4	-144	107	false
8	-144	107	false
12	-144	107	false
16	-144	107	false
20	-144	107	false
24	-144	107	false
28	-144	109	false
32	-144	109	false
36	-144	109	false
40	-144	111	false
44	-144	112	false
48	-144	112	false
52	-144	112	false
56	-144	115	false
60	-144	116	false
64	-144	116	false
68	-144	117	false
72	-144	117	false
76	-144	117	false
80	-144	117	false
84	-144	116	false
88	-144	115	false
92	-144	115	false
96	-144	115	false
100	-144	114	false
104	-144	113	false
108	-144	112	false
112	-144	112	false
116	-144	112	false
120	-144	110	false
124	-144	109	false
128	-144	109	false
132	-144	109	false
136	-144	109	false
140	-144	109	false
144	-144	109	false
148	-144	109	false
152	-144	109	false
156	-144	109	false
160	-144	109	false
164	-144	110	false
168	-144	111	false
172	-144	112	false
176	-144	112	false
180	-144	112	false
184	-144	112	false
188	-144	112	false
192	-144	111	false
196	-144	110	false
200	-144	109	false
204	-144	109	false
208	-144	109	false
212	-144	109	false
216	-144	109	false
220	-144	109	false
224	-144	109	false
228	-144	109	false
232	-144	109	false
236	-144	109	false
240	-144	109	false
244	-144	109	false
248	-144	109	false
252	-144	108	false
256	-144	108	false
260	-144	107	false
264	-144	107	false
268	-144	107	false
272	-144	107	false
276	-144	106	false
280	-144	106	false
284	-144	106	false
288	-144	105	false
-288	-140	83	false
-284	-140	88	false
-280	-140	92	false
-276	-140	95	false
-272	-140	98	false
-268	-140	101	false
-264	-140	103	false
-260	-140	106	false
-256	-140	107	false
-252	-140	109	false
-248	-140	109	false
-244	-140	109	false
-240	-140	112	false
-236	-140	112	false
-232	-140	114	false
-228	-140	115	false
-224	-140	115	false
-220	-140	115	false
-216	-140	115	false
-212	-140	115	false
-208	-140	113	false
-204	-140	112	false
-200	-140	110	false
-196	-140	109	false
-192	-140	109	false
-188	-140	109	false
-184	-140	109	false
-180	-140	109	false
-176	-140	109	false
-172	-140	109	false
-168	-140	109	false
-164	-140	109	false
-160	-140	110	false
-156	-140	111	false
-152	-140	112	false
-148	-140	112	false
-144	-140	112	false
-140	-140	111	false
-136	-140	110	false
-132	-140	110	false
-128	-140	110	false
-124	-140	109	false
-120	-140	109	false
-116	-140	109	false
-112	-140	110	false
-108	-140	110	false
-104	-140	112	false
-100	-140	112	false
-96	-140	112	false
-92	-140	113	false
-88	-140	115	false
-84	-140	115	false
-80	-140	115	false
-76	-140	115	false
-72	-140	115	false
-68	-140	115	false
-64	-140	115	false
-60	-140	115	false
-56	-140	115	false
-52	-140	115	false
-48	-140	115	false
-44	-140	114	false
-40	-140	113	false
-36	-140	112	false
-32	-140	110	false
-28	-140	109	false
-24	-140	109	false
-20	-140	109	false
-16	-140	109	false
-12	-140	109	false
-8	-140	109	false
-4	-140	109	false
0	-140	109	false
4	-140	109	false
8	-140	109	false
12	-140	109	false
16	-140	109	false
20	-140	109	false
24	-140	109	false
28	-140	109	false
32	-140	109	false
36	-140	111	false
40	-140	112	false
44	-140	112	false
48	-140	112	false
52	-140	112	false
56	-140	114	false
60	-140	115	false
64	-140	115	false
68	-140	115	false
72	-140	115	false
76	-140	115	false
80	-140	115	false
84	-140	115	false
88	-140	115	false
92	-140	115	false
96	-140	115	false
100	-140	115	false
104	-140	113	false
108	-140	112	false
112	-140	112	false
116	-140	111	false
120	-140	110	false
124	-140	109	false
128	-140	109	false
132	-140	109	false
136	-140	109	false
140	-140	109	false
144	-140	109	false
148	-140	109	false
152	-140	109	false
156	-140	109	false
160	-140	109	false
164	-140	109	false
168	-140	109	false
172	-140	110	false
176	-140	110	false
180	-140	111	false
184	-140	112	false
188	-140	112	false
192	-140	112	false
196	-140	112	false
200	-140	112	false
204	-140	111	false
208	-140	111	false
212	-140	110	false
216	-140	109	false
220	-140	109	false
224	-140	109	false
228	-140	109	false
232	-140	109	false
236	-140	109	false
240	-140	109	false
244	-140	108	false
248	-140	109	false
252	-140	109	false
256	-140	109	false
260	-140	109	false
264	-140	109	false
268	-140	109	false
272	-140	109	false
276	-140	109	false
280	-140	108	false
284	-140	108	false
288	-140	108	false
-288	-136	83	false
-284	-136	88	false
-280	-136	91	false
-276	-136	95	false
-272	-136	98	false
-268	-136	102	false
-264	-136	104	false
-260	-136	106	false
-256	-136	108	false
-252	-136	109	false
-248	-136	109	false
-244	-136	110	false
-240	-136	112	false
-236	-136	112	false
-232	-136	113	false
-228	-136	115	false
-224	-136	115	false
-220	-136	115	false
-216	-136	115	false
-212	-136	115	false
-208	-136	113	false
-204	-136	112	false
-200	-136	110	false
-196	-136	109	false
-192	-136	107	false
-188	-136	107	false
-184	-136	106	false
-180	-136	106	false
-176	-136	107	false
-172	-136	108	false
-168	-136	110	false
-164	-136	110	false
-160	-136	112	false
-156	-136	113	false
-152	-136	113	false
-148	-136	114	false
-144	-136	114	false
-140	-136	114	false
-136	-136	113	false
-132	-136	113	false
-128	-136	112	false
-124	-136	112	false
-120	-136	112	false
-116	-136	112	false
-112	-136	112	false
-108	-136	113	false
-104	-136	113	false
-100	-136	113	false
-96	-136	114	false
-92	-136	115	false
-88	-136	115	false
-84	-136	115	false
-80	-136	115	false
-76	-136	115	false
-72	-136	115	false
-68	-136	115	false
-64	-136	115	false
-60	-136	115	false
-56	-136	115	false
-52	-136	115	false
-48	-136	115	false
-44	-136	113	false
-40	-136	112	false
-36	-136	111	false
-32	-136	110	false
-28	-136	109	false
-24	-136	109	false
-20	-136	109	false
-16	-136	109	false
-12	-136	109	false
-8	-136	109	false
-4	-136	109	false
0	-136	109	false
4	-136	110	false
8	-136	110	false
12	-136	110	false
16	-136	110	false
20	-136	110	false
24	-136	110	false
28	-136	110	false
32	-136	110	false
36	-136	110	false
40	-136	112	false
44	-136	112	false
48	-136	112	false
52	-136	112	false
56	-136	114	false
60	-136	115	false
64	-136	115	false
68	-136	115	false
72	-136	115	false
76	-136	115	false
80	-136	115	false
84	-136	115	false
88	-136	115	false
92	-136	115	false
96	-136	113	false
100	-136	113	false
104	-136	112	false
108	-136	112	false
112	-136	112	false
116	-136	111	false
120	-136	110	false
124	-136	109	false
128	-136	109	false
132	-136	109	false
136	-136	109	false
140	-136	109	false
144	-136	109	false
148	-136	109	false
152	-136	109	false
156	-136	109	false
160	-136	109	false
164	-136	109	false
168	-136	109	false
172	-136	109	false
176	-136	110	false
180	-136	110	false
184	-136	112	false
188	-136	112	false
192	-136	112	false
196	-136	112	false
200	-136	112	false
204	-136	112	false
208	-136	112	false
212	-136	110	false
216	-136	109	false
220	-136	109	false
224	-136	109	false
228	-136	109	false
232	-136	108	false
236	-136	108	false
240	-136	107	false
244	-136	107	false
248	-136	109	false
252	-136	109	false
256	-136	109	false
260	-136	109	false
264	-136	109	false
268	-136	109	false
272	-136	109	false
276	-136	110	false
280	-136	110	false
284	-136	110	false
288	-136	110	false
-288	-132	83	false
-284	-132	88	false
-280	-132	91	false
-276	-132	95	false
-272	-132	98	false
-268	-132	101	false
-264	-132	104	false
-260	-132	106	false
-256	-132	109	false
-252	-132	109	false
-248	-132	110	false
-244	-132	112	false
-240	-132	112	false
-236	-132	112	false
-232	-132	113	false
-228	-132	115	false
-224	-132	115	false
-220	-132	115	false
-216	-132	115	false
-212	-132	115	false
-208	-132	114	false
-204	-132	112	false
-200	-132	110	false
-196	-132	108	false
-192	-132	106	false
-188	-132	106	false
-184	-132	106	false
-180	-132	106	false
-176	-132	107	false
-172	-132	109	false
-168	-132	110	false
-164	-132	112	false
-160	-132	113	false
-156	-132	115	false
-152	-132	115	false
-148	-132	115	false
-144	-132	115	false
-140	-132	115	false
-136	-132	115	false
-132	-132	115	false
-128	-132	115	false
-124	-132	115	false
-120	-132	115	false
-116	-132	115	false
-112	-132	115	false
-108	-132	115	false
-104	-132	115	false
-100	-132	115	false
-96	-132	115	false
-92	-132	115	false
-88	-132	115	false
-84	-132	115	false
-80	-132	115	false
-76	-132	115	false
-72	-132	115	false
-68	-132	115	false
-64	-132	115	false
-60	-132	115	false
-56	-132	115	false
-52	-132	115	false
-48	-132	115	false
-44	-132	113	false
-40	-132	112	false
-36	-132	110	false
-32	-132	109	false
-28	-132	109	false
-24	-132	107	false
-20	-132	107	false
-16	-132	107	false
-12	-132	109	false
-8	-132	109	false
-4	-132	109	false
0	-132	111	false
4	-132	112	false
8	-132	112	false
12	-132	112	false
16	-132	112	false
20	-132	112	false
24	-132	112	false
28	-132	112	false
32	-132	112	false
36	-132	112	false
40	-132	112	false
44	-132	112	false
48	-132	112	false
52	-132	112	false
56	-132	112	false
60	-132	112	false
64	-132	113	false
68	-132	113	false
72	-132	113	false
76	-132	113	false
80	-132	113	false
84	-132	113	false
88	-132	113	false
92	-132	114	false
96	-132	114	false
100	-132	113	false
104	-132	112	false
108	-132	112	false
112	-132	112	false
116	-132	112	false
120	-132	112	false
124	-132	110	false
128	-132	109	false
132	-132	109	false
136	-132	109	false
140	-132	109	false
144	-132	109	false
148	-132	109	false
152	-132	109	false
156	-132	109	false
160	-132	109	false
164	-132	109	false
168	-132	109	false
172	-132	109	false
176	-132	109	false
180	-132	110	false
184	-132	111	false
188	-132	112	false
192	-132	112	false
196	-132	112	false
200	-132	112	false
204	-132	112	false
208	-132	112	false
212	-132	111	false
216	-132	110	false
220	-132	109	false
224	-132	108	false
228	-132	107	false
232	-132	107	false
236	-132	107	false
240	-132	107	false
244	-132	108	false
248	-132	109	false
252	-132	109	false
256	-132	110	false
260	-132	111	false
264	-132	111	false
268	-132	110	false
272	-132	110	false
276	-132	111	false
280	-132	112	false
284	-132	112	false
288	-132	112	false
-288	-128	83	false
-284	-128	88	false
-280	-128	91	false
-276	-128	95	false
-272	-128	98	false
-268	-128	101	false
-264	-128	103	false
-260	-128	106	false
-256	-128	107	false
-252	-128	109	false
-248	-128	111	false
-244	-128	111	false
-240	-128	112	false
-236	-128	112	false
-232	-128	115	false
-228	-128	115	false
-224	-128	115	false
-220	-128	115	false
-216	-128	115	false
-212	-128	115	false
-208	-128	114	false
-204	-128	112	false
-200	-128	110	false
-196	-128	107	false
-192	-128	107	false
-188	-128	106	false
-184	-128	106	false
-180	-128	106	false
-176	-128	106	false
-172	-128	109	false
-168	-128	110	false
-164	-128	112	false
-160	-128	115	false
-156	-128	115	false
-152	-128	115	false
-148	-128	116	false
-144	-128	116	false
-140	-128	116	false
-136	-128	116	false
-132	-128	116	false
-128	-128	115	false
-124	-128	115	false
-120	-128	115	false
-116	-128	115	false
-112	-128	115	false
-108	-128	115	false
-104	-128	115	false
-100	-128	115	false
-96	-128	115	false
-92	-128	115	false
-88	-128	115	false
-84	-128	115	false
-80	-128	115	false
-76	-128	115	false
-72	-128	115	false
-68	-128	115	false
-64	-128	115	false
-60	-128	115	false
-56	-128	115	false
-52	-128	115	false
-48	-128	115	false
-44	-128	114	false
-40	-128	112	false
-36	-128	111	false
-32	-128	109	false
-28	-128	109	false
-24	-128	109	false
-20	-128	108	false
-16	-128	108	false
-12	-128	109	false
-8	-128	110	false
-4	-128	110	false
0	-128	112	false
4	-128	112	false
8	-128	112	false
12	-128	112	false
16	-128	112	false
20	-128	112	false
24	-128	112	false
28	-128	112	false
32	-128	112	false
36	-128	112	false
40	-128	112	false
44	-128	112	false
48	-128	112	false
52	-128	112	false
56	-128	112	false
60	-128	112	false
64	-128	112	false
68	-128	112	false
72	-128	112	false
76	-128	112	false
80	-128	112	false
84	-128	113	false
88	-128	114	false
92	-128	114	false
96	-128	114	false
100	-128	114	false
104	-128	114	false
108	-128	113	false
112	-128	112	false
116	-128	112	false
120	-128	112	false
124	-128	110	false
128	-128	110	false
132	-128	109	false
136	-128	109	false
140	-128	109	false
144	-128	109	false
148	-128	109	false
152	-128	109	false
156	-128	109	false
160	-128	109	false
164	-128	109	false
168	-128	109	false
172	-128	109	false
176	-128	109	false
180	-128	110	false
184	-128	111	false
188	-128	112	false
192	-128	112	false
196	-128	112	false
200	-128	112	false
204	-128	112	false
208	-128	112	false
212	-128	111	false
216	-128	110	false
220	-128	109	false
224	-128	108	false
228	-128	107	false
232	-128	106	false
236	-128	107	false
240	-128	108	false
244	-128	109	false
248	-128	109	false
252	-128	111	false
256	-128	111	false
260	-128	112	false
264	-128	112	false
268	-128	112	false
272	-128	112	false
276	-128	112	false
280	-128	112	false
284	-128	114	false
288	-128	114	false
-288	-124	85	false
-284	-124	88	false
-280	-124	91	false
-276	-124	95	false
-272	-124	98	false
-268	-124	101	false
-264	-124	103	false
-260	-124	106	false
-256	-124	107	false
-252	-124	109	false
-248	-124	109	false
-244	-124	110	false
-240	-124	111	false
-236	-124	112	false
-232	-124	114	false
-228	-124	115	false
-224	-124	115	false
-220	-124	115	false
-216	-124	115	false
-212	-124	115	false
-208	-124	114	false
-204	-124	113	false
-200	-124	111	false
-196	-124	109	false
-192	-124	107	false
-188	-124	106	false
-184	-124	106	false
-180	-124	106	false
-176	-124	107	false
-172	-124	109	false
-168	-124	111	false
-164	-124	114	false
-160	-124	115	false
-156	-124	117	false
-152	-124	118	false
-148	-124	118	false
-144	-124	118	false
-140	-124	118	false
-136	-124	118	false
-132	-124	118	false
-128	-124	118	false
-124	-124	118	false
-120	-124	118	false
-116	-124	118	false
-112	-124	117	false
-108	-124	117	false
-104	-124	117	false
-100	-124	117	false
-96	-124	118	false
-92	-124	118	false
-88	-124	118	false
-84	-124	118	false
-80	-124	117	false
-76	-124	116	false
-72	-124	116	false
-68	-124	116	false
-64	-124	116	false
-60	-124	115	false
-56	-124	115	false
-52	-124	115	false
-48	-124	115	false
-44	-124	114	false
-40	-124	112	false
-36	-124	111	false
-32	-124	109	false
-28	-124	109	false
-24	-124	109	false
-20	-124	109	false
-16	-124	109	false
-12	-124	109	false
-8	-124	110	false
-4	-124	112	false
0	-124	112	false
4	-124	112	false
8	-124	112	false
12	-124	112	false
16	-124	112	false
20	-124	112	false
24	-124	112	false
28	-124	112	false
32	-124	112	false
36	-124	112	false
40	-124	112	false
44	-124	112	false
48	-124	112	false
52	-124	112	false
56	-124	112	false
60	-124	112	false
64	-124	112	false
68	-124	112	false
72	-124	112	false
76	-124	112	false
80	-124	112	false
84	-124	112	false
88	-124	113	false
92	-124	113	false
96	-124	115	false
100	-124	115	false
104	-124	115	false
108	-124	115	false
112	-124	113	false
116	-124	112	false
120	-124	112	false
124	-124	112	false
128	-124	112	false
132	-124	112	false
136	-124	112	false
140	-124	111	false
144	-124	111	false
148	-124	111	false
152	-124	110	false
156	-124	110	false
160	-124	110	false
164	-124	109	false
168	-124	109	false
172	-124	109	false
176	-124	109	false
180	-124	111	false
184	-124	112	false
188	-124	112	false
192	-124	112	false
196	-124	112	false
200	-124	112	false
204	-124	112	false
208	-124	112	false
212	-124	112	false
216	-124	110	false
220	-124	109	false
224	-124	109	false
228	-124	109	false
232	-124	109	false
236	-124	108	false
240	-124	108	false
244	-124	109	false
248	-124	110	false
252	-124	111	false
256	-124	112	false
260	-124	112	false
264	-124	112	false
268	-124	112	false
272	-124	112	false
276	-124	112	false
280	-124	114	false
284	-124	114	false
288	-124	115	false
-288	-120	85	false
-284	-120	89	false
-280	-120	92	false
-276	-120	95	false
-272	-120	98	false
-268	-120	101	false
-264	-120	104	false
-260	-120	106	false
-256	-120	107	false
-252	-120	109	false
-248	-120	109	false
-244	-120	110	false
-240	-120	112	false
-236	-120	112	false
-232	-120	113	false
-228	-120	115	false
-224	-120	115	false
-220	-120	115	false
-216	-120	115	false
-212	-120	115	false
-208	-120	115	false
-204	-120	113	false
-200	-120	111	false
-196	-120	109	false
-192	-120	107	false
-188	-120	107	false
-184	-120	106	false
-180	-120	107	false
-176	-120	109	false
-172	-120	110	false
-168	-120	112	false
-164	-120	114	false
-160	-120	116	false
-156	-120	118	false
-152	-120	118	false
-148	-120	118	false
-144	-120	118	false
-140	-120	118	false
-136	-120	118	false
-132	-120	118	false
-128	-120	118	false
-124	-120	118	false
-120	-120	118	false
-116	-120	118	false
-112	-120	118	false
-108	-120	118	false
-104	-120	118	false
-100	-120	118	false
-96	-120	118	false
-92	-120	118	false
-88	-120	118	false
-84	-120	118	false
-80	-120	118	false
-76	-120	118	false
-72	-120	118	false
-68	-120	118	false
-64	-120	118	false
-60	-120	118	false
-56	-120	118	false
-52	-120	118	false
-48	-120	116	false
-44	-120	115	false
-40	-120	114	false
-36	-120	111	false
-32	-120	111	false
-28	-120	109	false
-24	-120	109	false
-20	-120	109	false
-16	-120	109	false
-12	-120	110	false
-8	-120	110	false
-4	-120	112	false
0	-120	113	false
4	-120	113	false
8	-120	113	false
12	-120	113	false
16	-120	113	false
20	-120	112	false
24	-120	112	false
28	-120	112	false
32	-120	112	false
36	-120	112	false
40	-120	112	false
44	-120	112	false
48	-120	112	false
52	-120	112	false
56	-120	112	false
60	-120	112	false
64	-120	112	false
68	-120	112	false
72	-120	112	false
76	-120	112	false
80	-120	112	false
84	-120	112	false
88	-120	113	false
92	-120	115	false
96	-120	115	false
100	-120	115	false
104	-120	115	false
108	-120	115	false
112	-120	115	false
116	-120	114	false
120	-120	114	false
124	-120	113	false
128	-120	113	false
132	-120	113	false
136	-120	113	false
140	-120	113	false
144	-120	113	false
148	-120	112	false
152	-120	112	false
156	-120	112	false
160	-120	112	false
164	-120	111	false
168	-120	111	false
172	-120	111	false
176	-120	111	false
180	-120	111	false
184	-120	112	false
188	-120	112	false
192	-120	113	false
196	-120	113	false
200	-120	113	false
204	-120	113	false
208	-120	112	false
212	-120	112	false
216	-120	111	false
220	-120	109	false
224	-120	109	false
228	-120	109	false
232	-120	109	false
236	-120	109	false
240	-120	109	false
244	-120	110	false
248	-120	110	false
252	-120	112	false
256	-120	112	false
260	-120	112	false
264	-120	112	false
268	-120	112	false
272	-120	113	false
276	-120	113	false
280	-120	115	false
284	-120	115	false
288	-120	115	false
-288	-116	86	false
-284	-116	89	false
-280	-116	93	false
-276	-116	96	false
-272	-116	98	false
-268	-116	101	false
-264	-116	104	false
-260	-116	105	false
-256	-116	109	false
-252	-116	109	false
-248	-116	110	false
-244	-116	112	false
-240	-116	112	false
-236	-116	112	false
-232	-116	114	false
-228	-116	115	false
-224	-116	115	false
-220	-116	115	false
-216	-116	115	false
-212	-116	115	false
-208	-116	115	false
-204	-116	113	false
-200	-116	111	false
-196	-116	110	false
-192	-116	109	false
-188	-116	109	false
-184	-116	109	false
-180	-116	109	false
-176	-116	109	false
-172	-116	110	false
-168	-116	112	false
-164	-116	115	false
-160	-116	116	false
-156	-116	118	false
-152	-116	118	false
-148	-116	119	false
-144	-116	119	false
-140	-116	119	false
-136	-116	119	false
-132	-116	119	false
-128	-116	119	false
-124	-116	118	false
-120	-116	118	false
-116	-116	118	false
-112	-116	119	false
-108	-116	119	false
-104	-116	119	false
-100	-116	119	false
-96	-116	119	false
-92	-116	119	false
-88	-116	118	false
-84	-116	118	false
-80	-116	118	false
-76	-116	118	false
-72	-116	118	false
-68	-116	118	false
-64	-116	118	false
-60	-116	118	false
-56	-116	118	false
-52	-116	118	false
-48	-116	117	false
-44	-116	116	false
-40	-116	115	false
-36	-116	113	false
-32	-116	112	false
-28	-116	110	false
-24	-116	110	false
-20	-116	109	false
-16	-116	110	false
-12	-116	111	false
-8	-116	112	false
-4	-116	112	false
0	-116	113	false
4	-116	115	false
8	-116	115	false
12	-116	115	false
16	-116	115	false
20	-116	114	false
24	-116	113	false
28	-116	112	false
32	-116	112	false
36	-116	112	false
40	-116	112	false
44	-116	112	false
48	-116	112	false
52	-116	113	false
56	-116	113	false
60	-116	112	false
64	-116	112	false
68	-116	112	false
72	-116	112	false
76	-116	112	false
80	-116	112	false
84	-116	113	false
88	-116	113	false
92	-116	113	false
96	-116	115	false
100	-116	115	false
104	-116	115	false
108	-116	115	false
112	-116	115	false
116	-116	115	false
120	-116	115	false
124	-116	115	false
128	-116	115	false
132	-116	115	false
136	-116	115	false
140	-116	115	false
144	-116	115	false
148	-116	115	false
152	-116	114	false
156	-116	113	false
160	-116	112	false
164	-116	112	false
168	-116	112	false
172	-116	112	false
176	-116	112	false
180	-116	112	false
184	-116	112	false
188	-116	112	false
192	-116	112	false
196	-116	113	false
200	-116	113	false
204	-116	113	false
208	-116	112	false
212	-116	112	false
216	-116	111	false
220	-116	110	false
224	-116	109	false
228	-116	109	false
232	-116	109	false
236	-116	109	false
240	-116	109	false
244	-116	110	false
248	-116	112	false
252	-116	112	false
256	-116	114	false
260	-116	113	false
264	-116	113	false
268	-116	113	false
272	-116	113	false
276	-116	115	false
280	-116	115	false
284	-116	115	false
288	-116	115	false
-288	-112	86	false
-284	-112	90	false
-280	-112	93	false
-276	-112	96	false
-272	-112	99	false
-268	-112	101	false
-264	-112	104	false
-260	-112	106	false
-256	-112	109	false
-252	-112	109	false
-248	-112	111	false
-244	-112	112	false
-240	-112	112	false
-236	-112	112	false
-232	-112	113	false
-228	-112	113	false
-224	-112	114	false
-220	-112	115	false
-216	-112	115	false
-212	-112	114	false
-208	-112	113	false
-204	-112	112	false
-200	-112	112	false
-196	-112	111	false
-192	-112	110	false
-188	-112	109	false
-184	-112	109	false
-180	-112	110	false
-176	-112	110	false
-172	-112	112	false
-168	-112	114	false
-164	-112	115	false
-160	-112	117	false
-156	-112	118	false
-152	-112	118	false
-148	-112	119	false
-144	-112	121	false
-140	-112	121	false
-136	-112	121	false
-132	-112	121	false
-128	-112	119	false
-124	-112	118	false
-120	-112	118	false
-116	-112	118	false
-112	-112	120	false
-108	-112	121	false
-104	-112	121	false
-100	-112	121	false
-96	-112	121	false
-92	-112	121	false
-88	-112	121	false
-84	-112	120	false
-80	-112	120	false
-76	-112	120	false
-72	-112	120	false
-68	-112	119	false
-64	-112	119	false
-60	-112	119	false
-56	-112	119	false
-52	-112	119	false
-48	-112	118	false
-44	-112	116	false
-40	-112	116	false
-36	-112	114	false
-32	-112	113	false
-28	-112	113	false
-24	-112	112	false
-20	-112	112	false
-16	-112	112	false
-12	-112	112	false
-8	-112	112	false
-4	-112	112	false
0	-112	113	false
4	-112	114	false
8	-112	115	false
12	-112	115	false
16	-112	115	false
20	-112	115	false
24	-112	114	false
28	-112	114	false
32	-112	114	false
36	-112	114	false
40	-112	113	false
44	-112	113	false
48	-112	115	false
52	-112	115	false
56	-112	115	false
60	-112	114	false
64	-112	114	false
68	-112	113	false
72	-112	113	false
76	-112	113	false
80	-112	113	false
84	-112	115	false
88	-112	115	false
92	-112	115	false
96	-112	115	false
100	-112	115	false
104	-112	115	false
108	-112	115	false
112	-112	115	false
116	-112	115	false
120	-112	116	false
124	-112	116	false
128	-112	117	false
132	-112	117	false
136	-112	117	false
140	-112	116	false
144	-112	116	false
148	-112	116	false
152	-112	116	false
156	-112	115	false
160	-112	115	false
164	-112	114	false
168	-112	113	false
172	-112	113	false
176	-112	113	false
180	-112	113	false
184	-112	113	false
188	-112	115	false
192	-112	115	false
196	-112	114	false
200	-112	114	false
204	-112	113	false
208	-112	113	false
212	-112	112	false
216	-112	112	false
220	-112	110	false
224	-112	109	false
228	-112	109	false
232	-112	109	false
236	-112	110	false
240	-112	111	false
244	-112	111	false
248	-112	113	false
252	-112	113	false
256	-112	115	false
260	-112	115	false
264	-112	115	false
268	-112	115	false
272	-112	115	false
276	-112	115	false
280	-112	115	false
284	-112	115	false
288	-112	115	false
-288	-108	86	false
-284	-108	91	false
-280	-108	93	false
-276	-108	97	false
-272	-108	100	false
-268	-108	102	false
-264	-108	104	false
-260	-108	106	false
-256	-108	109	false
-252	-108	109	false
-248	-108	112	false
-244	-108	112	false
-240	-108	112	false
-236	-108	112	false
-232	-108	112	false
-228	-108	112	false
-224	-108	113	false
-220	-108	113	false
-216	-108	112	false
-212	-108	112	false
-208	-108	112	false
-204	-108	112	false
-200	-108	112	false
-196	-108	112	false
-192	-108	112	false
-188	-108	112	false
-184	-108	112	false
-180	-108	112	false
-176	-108	113	false
-172	-108	113	false
-168	-108	115	false
-164	-108	115	false
-160	-108	117	false
-156	-108	118	false
-152	-108	118	false
-148	-108	119	false
-144	-108	120	false
-140	-108	121	false
-136	-108	121	false
-132	-108	119	false
-128	-108	118	false
-124	-108	118	false
-120	-108	118	false
-116	-108	118	false
-112	-108	119	false
-108	-108	121	false
-104	-108	121	false
-100	-108	121	false
-96	-108	121	false
-92	-108	121	false
-88	-108	121	false
-84	-108	121	false
-80	-108	121	false
-76	-108	121	false
-72	-108	121	false
-68	-108	121	false
-64	-108	121	false
-60	-108	121	false
-56	-108	121	false
-52	-108	121	false
-48	-108	119	false
-44	-108	119	false
-40	-108	118	false
-36	-108	116	false
-32	-108	115	false
-28	-108	115	false
-24	-108	114	false
-20	-108	113	false
-16	-108	113	false
-12	-108	113	false
-8	-108	114	false
-4	-108	115	false
0	-108	115	false
4	-108	115	false
8	-108	115	false
12	-108	115	false
16	-108	115	false
20	-108	115	false
24	-108	115	false
28	-108	115	false
32	-108	115	false
36	-108	115	false
40	-108	115	false
44	-108	114	false
48	-108	115	false
52	-108	115	false
56	-108	115	false
60	-108	115	false
64	-108	115	false
68	-108	115	false
72	-108	115	false
76	-108	115	false
80	-108	115	false
84	-108	115	false
88	-108	113	false
92	-108	113	false
96	-108	113	false
100	-108	113	false
104	-108	115	false
108	-108	115	false
112	-108	115	false
116	-108	116	false
120	-108	116	false
124	-108	118	false
128	-108	118	false
132	-108	118	false
136	-108	118	false
140	-108	118	false
144	-108	118	false
148	-108	118	false
152	-108	118	false
156	-108	117	false
160	-108	117	false
164	-108	116	false
168	-108	116	false
172	-108	115	false
176	-108	115	false
180	-108	115	false
184	-108	115	false
188	-108	115	false
192	-108	115	false
196	-108	115	false
200	-108	115	false
204	-108	115	false
208	-108	113	false
212	-108	112	false
216	-108	112	false
220	-108	112	false
224	-108	112	false
228	-108	111	false
232	-108	111	false
236	-108	111	false
240	-108	112	false
244	-108	113	false
248	-108	113	false
252	-108	115	false
256	-108	115	false
260	-108	115	false
264	-108	115	false
268	-108	115	false
272	-108	115	false
276	-108	115	false
280	-108	115	false
284	-108	115	false
288	-108	114	false
-288	-104	87	false
-284	-104	91	false
-280	-104	93	false
-276	-104	97	false
-272	-104	100	false
-268	-104	103	false
-264	-104	105	false
-260	-104	106	false
-256	-104	109	false
-252	-104	110	false
-248	-104	112	false
-244	-104	112	false
-240	-104	112	false
-236	-104	112	false
-232	-104	112	false
-228	-104	112	false
-224	-104	112	false
-220	-104	111	false
-216	-104	110	false
-212	-104	112	false
-208	-104	112	false
-204	-104	112	false
-200	-104	112	false
-196	-104	113	false
-192	-104	114	false
-188	-104	115	false
-184	-104	115	false
-180	-104	115	false
-176	-104	115	false
-172	-104	115	false
-168	-104	115	false
-164	-104	116	false
-160	-104	116	false
-156	-104	118	false
-152	-104	118	false
-148	-104	120	false
-144	-104	120	false
-140	-104	120	false
-136	-104	120	false
-132	-104	120	false
-128	-104	120	false
-124	-104	119	false
-120	-104	118	false
-116	-104	120	false
-112	-104	119	false
-108	-104	121	false
-104	-104	122	false
-100	-104	122	false
-96	-104	123	false
-92	-104	123	false
-88	-104	122	false
-84	-104	122	false
-80	-104	122	false
-76	-104	121	false
-72	-104	121	false
-68	-104	121	false
-64	-104	121	false
-60	-104	121	false
-56	-104	121	false
-52	-104	121	false
-48	-104	121	false
-44	-104	120	false
-40	-104	118	false
-36	-104	118	false
-32	-104	116	false
-28	-104	115	false
-24	-104	115	false
-20	-104	115	false
-16	-104	115	false
-12	-104	115	false
-8	-104	115	false
-4	-104	115	false
0	-104	115	false
4	-104	115	false
8	-104	115	false
12	-104	115	false
16	-104	115	false
20	-104	115	false
24	-104	115	false
28	-104	115	false
32	-104	118	false
36	-104	116	false
40	-104	116	false
44	-104	115	false
48	-104	116	false
52	-104	116	false
56	-104	116	false
60	-104	116	false
64	-104	115	false
68	-104	115	false
72	-104	115	false
76	-104	115	false
80	-104	115	false
84	-104	115	false
88	-104	115	false
92	-104	114	false
96	-104	113	false
100	-104	113	false
104	-104	114	false
108	-104	115	false
112	-104	115	false
116	-104	116	false
120	-104	118	false
124	-104	119	false
128	-104	120	false
132	-104	121	false
136	-104	121	false
140	-104	121	false
144	-104	120	false
148	-104	120	false
152	-104	120	false
156	-104	119	false
160	-104	119	false
164	-104	118	false
168	-104	118	false
172	-104	117	false
176	-104	116	false
180	-104	116	false
184	-104	115	false
188	-104	115	false
192	-104	115	false
196	-104	115	false
200	-104	115	false
204	-104	115	false
208	-104	115	false
212	-104	114	false
216	-104	113	false
220	-104	112	false
224	-104	112	false
228	-104	112	false
232	-104	112	false
236	-104	112	false
240	-104	112	false
244	-104	114	false
248	-104	115	false
252	-104	115	false
256	-104	116	false
260	-104	117	false
264	-104	116	false
268	-104	116	false
272	-104	116	false
276	-104	115	false
280	-104	115	false
284	-104	114	false
288	-104	113	false
-288	-100	88	false
-284	-100	91	false
-280	-100	95	false
-276	-100	97	false
-272	-100	100	false
-268	-100	103	false
-264	-100	105	false
-260	-100	107	false
-256	-100	109	false
-252	-100	110	false
-248	-100	112	false
-244	-100	112	false
-240	-100	112	false
-236	-100	112	false
-232	-100	112	false
-228	-100	111	false
-224	-100	110	false
-220	-100	110	false
-216	-100	110	false
-212	-100	110	false
-208	-100	110	false
-204	-100	112	false
-200	-100	113	false
-196	-100	115	false
-192	-100	115	false
-188	-100	115	false
-184	-100	115	false
-180	-100	116	false
-176	-100	116	false
-172	-100	116	false
-168	-100	116	false
-164	-100	118	false
-160	-100	118	false
-156	-100	118	false
-152	-100	118	false
-148	-100	119	false
-144	-100	121	false
-140	-100	121	false
-136	-100	121	false
-132	-100	119	false
-128	-100	119	false
-124	-100	118	false
-120	-100	118	false
-116	-100	118	false
-112	-100	120	false
-108	-100	121	false
-104	-100	122	false
-100	-100	124	false
-96	-100	124	false
-92	-100	124	false
-88	-100	124	false
-84	-100	124	false
-80	-100	124	false
-76	-100	124	false
-72	-100	124	false
-68	-100	123	false
-64	-100	123	false
-60	-100	122	false
-56	-100	122	false
-52	-100	122	false
-48	-100	121	false
-44	-100	121	false
-40	-100	120	false
-36	-100	119	false
-32	-100	118	false
-28	-100	117	false
-24	-100	116	false
-20	-100	116	false
-16	-100	116	false
-12	-100	115	false
-8	-100	115	false
-4	-100	115	false
0	-100	113	false
4	-100	113	false
8	-100	113	false
12	-100	113	false
16	-100	115	false
20	-100	115	false
24	-100	116	false
28	-100	116	false
32	-100	118	false
36	-100	118	false
40	-100	118	false
44	-100	118	false
48	-100	118	false
52	-100	118	false
56	-100	118	false
60	-100	118	false
64	-100	118	false
68	-100	117	false
72	-100	117	false
76	-100	117	false
80	-100	117	false
84	-100	116	false
88	-100	115	false
92	-100	114	false
96	-100	113	false
100	-100	113	false
104	-100	113	false
108	-100	115	false
112	-100	115	false
116	-100	116	false
120	-100	119	false
124	-100	119	false
128	-100	121	false
132	-100	121	false
136	-100	121	false
140	-100	121	false
144	-100	121	false
148	-100	121	false
152	-100	121	false
156	-100	121	false
160	-100	121	false
164	-100	120	false
168	-100	119	false
172	-100	118	false
176	-100	118	false
180	-100	118	false
184	-100	117	false
188	-100	115	false
192	-100	115	false
196	-100	115	false
200	-100	115	false
204	-100	115	false
208	-100	115	false
212	-100	115	false
216	-100	113	false
220	-100	112	false
224	-100	112	false
228	-100	112	false
232	-100	112	false
236	-100	113	false
240	-100	114	false
244	-100	115	false
248	-100	116	false
252	-100	116	false
256	-100	118	false
260	-100	118	false
264	-100	118	false
268	-100	118	false
272	-100	118	false
276	-100	115	false
280	-100	115	false
284	-100	114	false
288	-100	112	false
-288	-96	88	false
-284	-96	92	false
-280	-96	95	false
-276	-96	97	false
-272	-96	100	false
-268	-96	103	false
-264	-96	105	false
-260	-96	107	false
-256	-96	109	false
-252	-96	110	false
-248	-96	112	false
-244	-96	112	false
-240	-96	112	false
-236	-96	112	false
-232	-96	112	false
-228	-96	110	false
-224	-96	109	false
-220	-96	109	false
-216	-96	109	false
-212	-96	109	false
-208	-96	111	false
-204	-96	112	false
-200	-96	113	false
-196	-96	115	false
-192	-96	116	false
-188	-96	116	false
-184	-96	117	false
-180	-96	118	false
-176	-96	118	false
-172	-96	118	false
-168	-96	118	false
-164	-96	118	false
-160	-96	118	false
-156	-96	118	false
-152	-96	118	false
-148	-96	118	false
-144	-96	121	false
-140	-96	121	false
-136	-96	120	false
-132	-96	119	false
-128	-96	118	false
-124	-96	118	false
-120	-96	118	false
-116	-96	118	false
-112	-96	119	false
-108	-96	121	false
-104	-96	122	false
-100	-96	124	false
-96	-96	124	false
-92	-96	124	false
-88	-96	124	false
-84	-96	124	false
-80	-96	124	false
-76	-96	124	false
-72	-96	124	false
-68	-96	124	false
-64	-96	124	false
-60	-96	124	false
-56	-96	124	false
-52	-96	124	false
-48	-96	122	false
-44	-96	121	false
-40	-96	121	false
-36	-96	120	false
-32	-96	118	false
-28	-96	118	false
-24	-96	118	false
-20	-96	118	false
-16	-96	118	false
-12	-96	116	false
-8	-96	115	false
-4	-96	115	false
0	-96	115	false
4	-96	115	false
8	-96	115	false
12	-96	115	false
16	-96	115	false
20	-96	115	false
24	-96	116	false
28	-96	118	false
32	-96	118	false
36	-96	118	false
40	-96	118	false
44	-96	118	false
48	-96	118	false
52	-96	118	false
56	-96	118	false
60	-96	118	false
64	-96	118	false
68	-96	118	false
72	-96	118	false
76	-96	118	false
80	-96	118	false
84	-96	116	false
88	-96	115	false
92	-96	115	false
96	-96	113	false
100	-96	113	false
104	-96	114	false
108	-96	115	false
112	-96	115	false
116	-96	118	false
120	-96	119	false
124	-96	121	false
128	-96	121	false
132	-96	121	false
136	-96	121	false
140	-96	121	false
144	-96	121	false
148	-96	121	false
152	-96	121	false
156	-96	121	false
160	-96	121	false
164	-96	121	false
168	-96	121	false
172	-96	120	false
176	-96	119	false
180	-96	118	false
184	-96	118	false
188	-96	116	false
192	-96	116	false
196	-96	115	false
200	-96	115	false
204	-96	115	false
208	-96	115	false
212	-96	115	false
216	-96	115	false
220	-96	115	false
224	-96	114	false
228	-96	114	false
232	-96	113	false
236	-96	115	false
240	-96	115	false
244	-96	115	false
248	-96	116	false
252	-96	118	false
256	-96	118	false
260	-96	118	false
264	-96	118	false
268	-96	118	false
272	-96	118	false
276	-96	116	false
280	-96	115	false
284	-96	113	false
288	-96	112	false
-288	-92	88	false
-284	-92	92	false
-280	-92	95	false
-276	-92	97	false
-272	-92	100	false
-268	-92	103	false
-264	-92	106	false
-260	-92	107	false
-256	-92	109	false
-252	-92	110	false
-248	-92	112	false
-244	-92	112	false
-240	-92	112	false
-236	-92	112	false
-232	-92	112	false
-228	-92	110	false
-224	-92	110	false
-220	-92	109	false
-216	-92	109	false
-212	-92	109	false
-208	-92	110	false
-204	-92	112	false
-200	-92	113	false
-196	-92	115	false
-192	-92	117	false
-188	-92	118	false
-184	-92	118	false
-180	-92	118	false
-176	-92	118	false
-172	-92	118	false
-168	-92	118	false
-164	-92	118	false
-160	-92	118	false
-156	-92	118	false
-152	-92	119	false
-148	-92	121	false
-144	-92	121	false
-140	-92	121	false
-136	-92	121	false
-132	-92	121	false
-128	-92	121	false
-124	-92	121	false
-120	-92	120	false
-116	-92	120	false
-112	-92	120	false
-108	-92	121	false
-104	-92	123	false
-100	-92	124	false
-96	-92	125	false
-92	-92	125	false
-88	-92	125	false
-84	-92	124	false
-80	-92	124	false
-76	-92	124	false
-72	-92	124	false
-68	-92	124	false
-64	-92	124	false
-60	-92	124	false
-56	-92	124	false
-52	-92	124	false
-48	-92	122	false
-44	-92	121	false
-40	-92	121	false
-36	-92	120	false
-32	-92	118	false
-28	-92	118	false
-24	-92	118	false
-20	-92	118	false
-16	-92	118	false
-12	-92	116	false
-8	-92	115	false
-4	-92	115	false
0	-92	115	false
4	-92	115	false
8	-92	115	false
12	-92	115	false
16	-92	115	false
20	-92	116	false
24	-92	116	false
28	-92	118	false
32	-92	118	false
36	-92	118	false
40	-92	119	false
44	-92	119	false
48	-92	119	false
52	-92	119	false
56	-92	118	false
60	-92	118	false
64	-92	118	false
68	-92	118	false
72	-92	118	false
76	-92	118	false
80	-92	118	false
84	-92	117	false
88	-92	116	false
92	-92	115	false
96	-92	114	false
100	-92	114	false
104	-92	114	false
108	-92	115	false
112	-92	116	false
116	-92	118	false
120	-92	120	false
124	-92	121	false
128	-92	122	false
132	-92	122	false
136	-92	122	false
140	-92	122	false
144	-92	122	false
148	-92	122	false
152	-92	122	false
156	-92	122	false
160	-92	122	false
164	-92	122	false
168	-92	121	false
172	-92	121	false
176	-92	120	false
180	-92	118	false
184	-92	118	false
188	-92	118	false
192	-92	117	false
196	-92	115	false
200	-92	115	false
204	-92	115	false
208	-92	115	false
212	-92	115	false
216	-92	115	false
220	-92	115	false
224	-92	115	false
228	-92	115	false
232	-92	115	false
236	-92	115	false
240	-92	115	false
244	-92	116	false
248	-92	118	false
252	-92	118	false
256	-92	118	false
260	-92	118	false
264	-92	118	false
268	-92	118	false
272	-92	118	false
276	-92	118	false
280	-92	115	false
284	-92	115	false
288	-92	113	false
-288	-88	88	false
-284	-88	92	false
-280	-88	95	false
-276	-88	97	false
-272	-88	100	false
-268	-88	103	false
-264	-88	106	false
-260	-88	107	false
-256	-88	109	false
-252	-88	111	false
-248	-88	112	false
-244	-88	112	false
-240	-88	112	false
-236	-88	112	false
-232	-88	112	false
-228	-88	112	false
-224	-88	110	false
-220	-88	109	false
-216	-88	109	false
-212	-88	109	false
-208	-88	110	false
-204	-88	112	false
-200	-88	114	false
-196	-88	115	false
-192	-88	117	false
-188	-88	118	false
-184	-88	118	false
-180	-88	118	false
-176	-88	118	false
-172	-88	118	false
-168	-88	118	false
-164	-88	118	false
-160	-88	118	false
-156	-88	118	false
-152	-88	119	false
-148	-88	121	false
-144	-88	121	false
-140	-88	121	false
-136	-88	121	false
-132	-88	121	false
-128	-88	121	false
-124	-88	121	false
-120	-88	121	false
-116	-88	121	false
-112	-88	121	false
-108	-88	121	false
-104	-88	124	false
-100	-88	124	false
-96	-88	125	false
-92	-88	126	false
-88	-88	124	false
-84	-88	124	false
-80	-88	124	false
-76	-88	124	false
-72	-88	124	false
-68	-88	124	false
-64	-88	124	false
-60	-88	124	false
-56	-88	124	false
-52	-88	124	false
-48	-88	124	false
-44	-88	123	false
-40	-88	121	false
-36	-88	121	false
-32	-88	121	false
-28	-88	119	false
-24	-88	118	false
-20	-88	118	false
-16	-88	118	false
-12	-88	118	false
-8	-88	117	false
-4	-88	115	false
0	-88	115	false
4	-88	115	false
8	-88	115	false
12	-88	115	false
16	-88	115	false
20	-88	116	false
24	-88	118	false
28	-88	118	false
32	-88	118	false
36	-88	118	false
40	-88	120	false
44	-88	120	false
48	-88	119	false
52	-88	118	false
56	-88	118	false
60	-88	118	false
64	-88	118	false
68	-88	118	false
72	-88	118	false
76	-88	118	false
80	-88	118	false
84	-88	118	false
88	-88	116	false
92	-88	115	false
96	-88	115	false
100	-88	115	false
104	-88	115	false
108	-88	115	false
112	-88	117	false
116	-88	118	false
120	-88	120	false
124	-88	121	false
128	-88	123	false
132	-88	124	false
136	-88	124	false
140	-88	124	false
144	-88	124	false
148	-88	124	false
152	-88	124	false
156	-88	124	false
160	-88	124	false
164	-88	122	false
168	-88	121	false
172	-88	121	false
176	-88	121	false
180	-88	120	false
184	-88	118	false
188	-88	118	false
192	-88	117	false
196	-88	116	false
200	-88	116	false
204	-88	116	false
208	-88	116	false
212	-88	115	false
216	-88	115	false
220	-88	115	false
224	-88	115	false
228	-88	115	false
232	-88	115	false
236	-88	115	false
240	-88	116	false
244	-88	116	false
248	-88	118	false
252	-88	119	false
256	-88	119	false
260	-88	118	false
264	-88	118	false
268	-88	118	false
272	-88	118	false
276	-88	118	false
280	-88	117	false
284	-88	115	false
288	-88	113	false
-288	-84	88	false
-284	-84	92	false
-280	-84	95	false
-276	-84	98	false
-272	-84	100	false
-268	-84	103	false
-264	-84	106	false
-260	-84	107	false
-256	-84	109	false
-252	-84	112	false
-248	-84	112	false
-244	-84	112	false
-240	-84	112	false
-236	-84	112	false
-232	-84	112	false
-228	-84	112	false
-224	-84	110	false
-220	-84	110	false
-216	-84	109	false
-212	-84	109	false
-208	-84	110	false
-204	-84	112	false
-200	-84	114	false
-196	-84	115	false
-192	-84	117	false
-188	-84	118	false
-184	-84	118	false
-180	-84	118	false
-176	-84	118	false
-172	-84	118	false
-168	-84	118	false
-164	-84	118	false
-160	-84	118	false
-156	-84	118	false
-152	-84	120	false
-148	-84	121	false
-144	-84	121	false
-140	-84	121	false
-136	-84	121	false
-132	-84	121	false
-128	-84	121	false
-124	-84	121	false
-120	-84	121	false
-116	-84	121	false
-112	-84	121	false
-108	-84	121	false
-104	-84	123	false
-100	-84	124	false
-96	-84	124	false
-92	-84	124	false
-88	-84	124	false
-84	-84	124	false
-80	-84	124	false
-76	-84	124	false
-72	-84	124	false
-68	-84	124	false
-64	-84	124	false
-60	-84	124	false
-56	-84	124	false
-52	-84	124	false
-48	-84	123	false
-44	-84	122	false
-40	-84	121	false
-36	-84	121	false
-32	-84	121	false
-28	-84	119	false
-24	-84	118	false
-20	-84	118	false
-16	-84	118	false
-12	-84	118	false
-8	-84	118	false
-4	-84	116	false
0	-84	115	false
4	-84	115	false
8	-84	115	false
12	-84	115	false
16	-84	115	false
20	-84	116	false
24	-84	118	false
28	-84	118	false
32	-84	118	false
36	-84	118	false
40	-84	118	false
44	-84	118	false
48	-84	118	false
52	-84	119	false
56	-84	119	false
60	-84	119	false
64	-84	119	false
68	-84	119	false
72	-84	119	false
76	-84	119	false
80	-84	119	false
84	-84	118	false
88	-84	116	false
92	-84	116	false
96	-84	115	false
100	-84	116	false
104	-84	116	false
108	-84	117	false
112	-84	118	false
116	-84	119	false
120	-84	120	false
124	-84	122	false
128	-84	123	false
132	-84	124	false
136	-84	124	false
140	-84	124	false
144	-84	124	false
148	-84	124	false
152	-84	124	false
156	-84	124	false
160	-84	124	false
164	-84	122	false
168	-84	122	false
172	-84	122	false
176	-84	121	false
180	-84	121	false
184	-84	119	false
188	-84	118	false
192	-84	118	false
196	-84	118	false
200	-84	118	false
204	-84	118	false
208	-84	118	false
212	-84	118	false
216	-84	117	false
220	-84	116	false
224	-84	116	false
228	-84	116	false
232	-84	116	false
236	-84	116	false
240	-84	117	false
244	-84	118	false
248	-84	118	false
252	-84	119	false
256	-84	121	false
260	-84	121	false
264	-84	120	false
268	-84	120	false
272	-84	119	false
276	-84	119	false
280	-84	117	false
284	-84	115	false
288	-84	115	false
-288	-80	88	false
-284	-80	92	false
-280	-80	95	false
-276	-80	98	false
-272	-80	101	false
-268	-80	103	false
-264	-80	106	false
-260	-80	107	false
-256	-80	110	false
-252	-80	112	false
-248	-80	112	false
-244	-80	112	false
-240	-80	112	false
-236	-80	112	false
-232	-80	112	false
-228	-80	111	false
-224	-80	111	false
-220	-80	110	false
-216	-80	109	false
-212	-80	110	false
-208	-80	112	false
-204	-80	112	false
-200	-80	114	false
-196	-80	116	false
-192	-80	117	false
-188	-80	118	false
-184	-80	118	false
-180	-80	118	false
-176	-80	118	false
-172	-80	118	false
-168	-80	118	false
-164	-80	119	false
-160	-80	119	false
-156	-80	120	false
-152	-80	121	false
-148	-80	121	false
-144	-80	121	false
-140	-80	121	false
-136	-80	121	false
-132	-80	121	false
-128	-80	121	false
-124	-80	121	false
-120	-80	121	false
-116	-80	120	false
-112	-80	121	false
-108	-80	122	false
-104	-80	123	false
-100	-80	124	false
-96	-80	125	false
-92	-80	125	false
-88	-80	125	false
-84	-80	124	false
-80	-80	124	false
-76	-80	124	false
-72	-80	123	false
-68	-80	122	false
-64	-80	122	false
-60	-80	122	false
-56	-80	122	false
-52	-80	122	false
-48	-80	121	false
-44	-80	121	false
-40	-80	121	false
-36	-80	121	false
-32	-80	121	false
-28	-80	121	false
-24	-80	120	false
-20	-80	119	false
-16	-80	119	false
-12	-80	119	false
-8	-80	118	false
-4	-80	117	false
0	-80	116	false
4	-80	116	false
8	-80	116	false
12	-80	116	false
16	-80	117	false
20	-80	117	false
24	-80	118	false
28	-80	118	false
32	-80	118	false
36	-80	118	false
40	-80	118	false
44	-80	118	false
48	-80	118	false
52	-80	119	false
56	-80	119	false
60	-80	119	false
64	-80	120	false
68	-80	121	false
72	-80	121	false
76	-80	121	false
80	-80	119	false
84	-80	118	false
88	-80	118	false
92	-80	118	false
96	-80	118	false
100	-80	118	false
104	-80	118	false
108	-80	118	false
112	-80	119	false
116	-80	121	false
120	-80	121	false
124	-80	122	false
128	-80	124	false
132	-80	124	false
136	-80	124	false
140	-80	124	false
144	-80	124	false
148	-80	124	false
152	-80	124	false
156	-80	124	false
160	-80	124	false
164	-80	124	false
168	-80	124	false
172	-80	123	false
176	-80	122	false
180	-80	121	false
184	-80	121	false
188	-80	120	false
192	-80	118	false
196	-80	118	false
200	-80	118	false
204	-80	118	false
208	-80	118	false
212	-80	118	false
216	-80	118	false
220	-80	118	false
224	-80	118	false
228	-80	118	false
232	-80	118	false
236	-80	118	false
240	-80	118	false
244	-80	119	false
248	-80	120	false
252	-80	121	false
256	-80	121	false
260	-80	121	false
264	-80	121	false
268	-80	121	false
272	-80	121	false
276	-80	119	false
280	-80	118	false
284	-80	116	false
288	-80	115	false
-288	-76	88	false
-284	-76	91	false
-280	-76	95	false
-276	-76	98	false
-272	-76	100	false
-268	-76	103	false
-264	-76	105	false
-260	-76	107	false
-256	-76	110	false
-252	-76	110	false
-248	-76	112	false
-244	-76	112	false
-240	-76	112	false
-236	-76	112	false
-232	-76	112	false
-228	-76	110	false
-224	-76	111	false
-220	-76	109	false
-216	-76	110	false
-212	-76	112	false
-208	-76	112	false
-204	-76	112	false
-200	-76	114	false
-196	-76	116	false
-192	-76	118	false
-188	-76	118	false
-184	-76	118	false
-180	-76	118	false
-176	-76	118	false
-172	-76	118	false
-168	-76	119	false
-164	-76	121	false
-160	-76	121	false
-156	-76	121	false
-152	-76	121	false
-148	-76	121	false
-144	-76	121	false
-140	-76	121	false
-136	-76	121	false
-132	-76	121	false
-128	-76	121	false
-124	-76	121	false
-120	-76	121	false
-116	-76	121	false
-112	-76	121	false
-108	-76	121	false
-104	-76	123	false
-100	-76	124	false
-96	-76	124	false
-92	-76	124	false
-88	-76	124	false
-84	-76	124	false
-80	-76	124	false
-76	-76	124	false
-72	-76	123	false
-68	-76	122	false
-64	-76	121	false
-60	-76	121	false
-56	-76	121	false
-52	-76	121	false
-48	-76	121	false
-44	-76	121	false
-40	-76	121	false
-36	-76	121	false
-32	-76	121	false
-28	-76	121	false
-24	-76	121	false
-20	-76	121	false
-16	-76	121	false
-12	-76	120	false
-8	-76	119	false
-4	-76	118	false
0	-76	118	false
4	-76	118	false
8	-76	118	false
12	-76	118	false
16	-76	118	false
20	-76	118	false
24	-76	118	false
28	-76	118	false
32	-76	118	false
36	-76	118	false
40	-76	118	false
44	-76	118	false
48	-76	118	false
52	-76	118	false
56	-76	118	false
60	-76	118	false
64	-76	118	false
68	-76	119	false
72	-76	119	false
76	-76	119	false
80	-76	119	false
84	-76	119	false
88	-76	119	false
92	-76	119	false
96	-76	119	false
100	-76	119	false
104	-76	120	false
108	-76	120	false
112	-76	121	false
116	-76	122	false
120	-76	123	false
124	-76	123	false
128	-76	123	false
132	-76	123	false
136	-76	123	false
140	-76	124	false
144	-76	124	false
148	-76	124	false
152	-76	124	false
156	-76	124	false
160	-76	124	false
164	-76	124	false
168	-76	124	false
172	-76	124	false
176	-76	122	false
180	-76	122	false
184	-76	121	false
188	-76	121	false
192	-76	119	false
196	-76	118	false
200	-76	118	false
204	-76	118	false
208	-76	118	false
212	-76	118	false
216	-76	118	false
220	-76	118	false
224	-76	118	false
228	-76	118	false
232	-76	118	false
236	-76	119	false
240	-76	119	false
244	-76	120	false
248	-76	121	false
252	-76	121	false
256	-76	122	false
260	-76	123	false
264	-76	124	false
268	-76	123	false
272	-76	122	false
276	-76	120	false
280	-76	119	false
284	-76	116	false
288	-76	116	false
-288	-72	88	false
-284	-72	91	false
-280	-72	95	false
-276	-72	97	false
-272	-72	100	false
-268	-72	103	false
-264	-72	105	false
-260	-72	107	false
-256	-72	109	false
-252	-72	110	false
-248	-72	112	false
-244	-72	112	false
-240	-72	112	false
-236	-72	112	false
-232	-72	112	false
-228	-72	112	false
-224	-72	110	false
-220	-72	110	false
-216	-72	112	false
-212	-72	112	false
-208	-72	112	false
-204	-72	113	false
-200	-72	115	false
-196	-72	116	false
-192	-72	118	false
-188	-72	118	false
-184	-72	118	false
-180	-72	118	false
-176	-72	118	false
-172	-72	119	false
-168	-72	121	false
-164	-72	121	false
-160	-72	121	false
-156	-72	121	false
-152	-72	121	false
-148	-72	122	false
-144	-72	123	false
-140	-72	121	false
-136	-72	121	false
-132	-72	121	false
-128	-72	121	false
-124	-72	119	false
-120	-72	119	false
-116	-72	119	false
-112	-72	121	false
-108	-72	121	false
-104	-72	122	false
-100	-72	124	false
-96	-72	124	false
-92	-72	124	false
-88	-72	124	false
-84	-72	124	false
-80	-72	124	false
-76	-72	122	false
-72	-72	121	false
-68	-72	121	false
-64	-72	120	false
-60	-72	120	false
-56	-72	120	false
-52	-72	120	false
-48	-72	120	false
-44	-72	121	false
-40	-72	121	false
-36	-72	121	false
-32	-72	121	false
-28	-72	121	false
-24	-72	121	false
-20	-72	121	false
-16	-72	121	false
-12	-72	121	false
-8	-72	121	false
-4	-72	120	false
0	-72	120	false
4	-72	119	false
8	-72	119	false
12	-72	119	false
16	-72	119	false
20	-72	120	false
24	-72	118	false
28	-72	118	false
32	-72	119	false
36	-72	117	false
40	-72	117	false
44	-72	118	false
48	-72	118	false
52	-72	119	false
56	-72	119	false
60	-72	120	false
64	-72	121	false
68	-72	121	false
72	-72	121	false
76	-72	121	false
80	-72	121	false
84	-72	121	false
88	-72	121	false
92	-72	121	false
96	-72	121	false
100	-72	121	false
104	-72	122	false
108	-72	122	false
112	-72	123	false
116	-72	124	false
120	-72	124	false
124	-72	124	false
128	-72	122	false
132	-72	122	false
136	-72	122	false
140	-72	122	false
144	-72	123	false
148	-72	124	false
152	-72	124	false
156	-72	124	false
160	-72	125	false
164	-72	125	false
168	-72	124	false
172	-72	124	false
176	-72	124	false
180	-72	124	false
184	-72	122	false
188	-72	121	false
192	-72	121	false
196	-72	121	false
200	-72	120	false
204	-72	120	false
208	-72	119	false
212	-72	119	false
216	-72	119	false
220	-72	119	false
224	-72	119	false
228	-72	119	false
232	-72	120	false
236	-72	121	false
240	-72	121	false
244	-72	121	false
248	-72	122	false
252	-72	123	false
256	-72	124	false
260	-72	124	false
264	-72	124	false
268	-72	124	false
272	-72	123	false
276	-72	121	false
280	-72	119	false
284	-72	118	false
288	-72	116	false
-288	-68	88	false
-284	-68	91	false
-280	-68	94	false
-276	-68	97	false
-272	-68	99	false
-268	-68	102	false
-264	-68	104	false
-260	-68	106	false
-256	-68	109	false
-252	-68	110	false
-248	-68	112	false
-244	-68	112	false
-240	-68	112	false
-236	-68	112	false
-232	-68	112	false
-228	-68	110	false
-224	-68	110	false
-220	-68	111	false
-216	-68	112	false
-212	-68	112	false
-208	-68	112	false
-204	-68	114	false
-200	-68	115	false
-196	-68	117	false
-192	-68	118	false
-188	-68	119	false
-184	-68	119	false
-180	-68	119	false
-176	-68	120	false
-172	-68	121	false
-168	-68	121	false
-164	-68	122	false
-160	-68	122	false
-156	-68	122	false
-152	-68	122	false
-148	-68	124	false
-144	-68	123	false
-140	-68	123	false
-136	-68	121	false
-132	-68	121	false
-128	-68	120	false
-124	-68	120	false
-120	-68	120	false
-116	-68	120	false
-112	-68	119	false
-108	-68	121	false
-104	-68	121	false
-100	-68	122	false
-96	-68	124	false
-92	-68	124	false
-88	-68	124	false
-84	-68	124	false
-80	-68	122	false
-76	-68	122	false
-72	-68	121	false
-68	-68	120	false
-64	-68	120	false
-60	-68	120	false
-56	-68	120	false
-52	-68	120	false
-48	-68	120	false
-44	-68	120	false
-40	-68	122	false
-36	-68	123	false
-32	-68	123	false
-28	-68	123	false
-24	-68	123	false
-20	-68	123	false
-16	-68	123	false
-12	-68	122	false
-8	-68	122	false
-4	-68	122	false
0	-68	122	false
4	-68	121	false
8	-68	121	false
12	-68	122	false
16	-68	122	false
20	-68	122	false
24	-68	119	false
28	-68	119	false
32	-68	118	false
36	-68	118	false
40	-68	117	false
44	-68	117	false
48	-68	118	false
52	-68	119	false
56	-68	120	false
60	-68	120	false
64	-68	120	false
68	-68	122	false
72	-68	121	false
76	-68	121	false
80	-68	121	false
84	-68	121	false
88	-68	121	false
92	-68	122	false
96	-68	122	false
100	-68	122	false
104	-68	124	false
108	-68	124	false
112	-68	124	false
116	-68	124	false
120	-68	124	false
124	-68	123	false
128	-68	123	false
132	-68	123	false
136	-68	123	false
140	-68	123	false
144	-68	123	false
148	-68	124	false
152	-68	125	false
156	-68	126	false
160	-68	126	false
164	-68	127	false
168	-68	125	false
172	-68	125	false
176	-68	125	false
180	-68	124	false
184	-68	123	false
188	-68	122	false
192	-68	122	false
196	-68	121	false
200	-68	121	false
204	-68	121	false
208	-68	121	false
212	-68	121	false
216	-68	121	false
220	-68	121	false
224	-68	121	false
228	-68	121	false
232	-68	121	false
236	-68	121	false
240	-68	122	false
244	-68	122	false
248	-68	124	false
252	-68	124	false
256	-68	124	false
260	-68	124	false
264	-68	124	false
268	-68	124	false
272	-68	124	false
276	-68	123	false
280	-68	120	false
284	-68	119	false
288	-68	116	false
-288	-64	86	false
-284	-64	91	false
-280	-64	94	false
-276	-64	97	false
-272	-64	99	false
-268	-64	102	false
-264	-64	104	false
-260	-64	106	false
-256	-64	108	false
-252	-64	110	false
-248	-64	111	false
-244	-64	112	false
-240	-64	112	false
-236	-64	112	false
-232	-64	112	false
-228	-64	110	false
-224	-64	111	false
-220	-64	112	false
-216	-64	112	false
-212	-64	112	false
-208	-64	113	false
-204	-64	114	false
-200	-64	116	false
-196	-64	118	false
-192	-64	119	false
-188	-64	121	false
-184	-64	121	false
-180	-64	121	false
-176	-64	121	false
-172	-64	121	false
-168	-64	121	false
-164	-64	122	false
-160	-64	124	false
-156	-64	124	false
-152	-64	124	false
-148	-64	124	false
-144	-64	124	false
-140	-64	122	false
-136	-64	121	false
-132	-64	121	false
-128	-64	119	false
-124	-64	118	false
-120	-64	118	false
-116	-64	118	false
-112	-64	119	false
-108	-64	121	false
-104	-64	121	false
-100	-64	122	false
-96	-64	124	false
-92	-64	124	false
-88	-64	124	false
-84	-64	124	false
-80	-64	123	false
-76	-64	122	false
-72	-64	121	false
-68	-64	120	false
-64	-64	121	false
-60	-64	121	false
-56	-64	121	false
-52	-64	121	false
-48	-64	121	false
-44	-64	122	false
-40	-64	123	false
-36	-64	123	false
-32	-64	124	false
-28	-64	124	false
-24	-64	124	false
-20	-64	124	false
-16	-64	124	false
-12	-64	123	false
-8	-64	123	false
-4	-64	123	false
0	-64	123	false
4	-64	123	false
8	-64	123	false
12	-64	123	false
16	-64	123	false
20	-64	121	false
24	-64	121	false
28	-64	123	false
32	-64	120	false
36	-64	120	false
40	-64	120	false
44	-64	120	false
48	-64	120	false
52	-64	120	false
56	-64	121	false
60	-64	122	false
64	-64	121	false
68	-64	122	false
72	-64	121	false
76	-64	121	false
80	-64	121	false
84	-64	121	false
88	-64	121	false
92	-64	123	false
96	-64	124	false
100	-64	124	false
104	-64	124	false
108	-64	125	false
112	-64	126	false
116	-64	125	false
120	-64	124	false
124	-64	124	false
128	-64	124	false
132	-64	124	false
136	-64	122	false
140	-64	124	false
144	-64	124	false
148	-64	124	false
152	-64	125	false
156	-64	127	false
160	-64	127	false
164	-64	127	false
168	-64	127	false
172	-64	127	false
176	-64	126	false
180	-64	125	false
184	-64	124	false
188	-64	124	false
192	-64	124	false
196	-64	122	false
200	-64	122	false
204	-64	122	false
208	-64	122	false
212	-64	122	false
216	-64	122	false
220	-64	122	false
224	-64	122	false
228	-64	121	false
232	-64	121	false
236	-64	121	false
240	-64	123	false
244	-64	124	false
248	-64	124	false
252	-64	125	false
256	-64	126	false
260	-64	126	false
264	-64	125	false
268	-64	125	false
272	-64	125	false
276	-64	123	false
280	-64	121	false
284	-64	119	false
288	-64	118	false
-288	-60	86	false
-284	-60	90	false
-280	-60	93	false
-276	-60	96	false
-272	-60	98	false
-268	-60	101	false
-264	-60	104	false
-260	-60	106	false
-256	-60	108	false
-252	-60	109	false
-248	-60	110	false
-244	-60	112	false
-240	-60	112	false
-236	-60	112	false
-232	-60	111	false
-228	-60	110	false
-224	-60	112	false
-220	-60	112	false
-216	-60	112	false
-212	-60	112	false
-208	-60	113	false
-204	-60	116	false
-200	-60	116	false
-196	-60	119	false
-192	-60	120	false
-188	-60	121	false
-184	-60	121	false
-180	-60	121	false
-176	-60	121	false
-172	-60	122	false
-168	-60	123	false
-164	-60	124	false
-160	-60	124	false
-156	-60	124	false
-152	-60	124	false
-148	-60	124	false
-144	-60	123	false
-140	-60	122	false
-136	-60	121	false
-132	-60	119	false
-128	-60	118	false
-124	-60	118	false
-120	-60	118	false
-116	-60	118	false
-112	-60	118	false
-108	-60	119	false
-104	-60	121	false
-100	-60	121	false
-96	-60	122	false
-92	-60	123	false
-88	-60	123	false
-84	-60	122	false
-80	-60	122	false
-76	-60	121	false
-72	-60	121	false
-68	-60	120	false
-64	-60	121	false
-60	-60	122	false
-56	-60	122	false
-52	-60	122	false
-48	-60	122	false
-44	-60	123	false
-40	-60	123	false
-36	-60	123	false
-32	-60	124	false
-28	-60	124	false
-24	-60	124	false
-20	-60	124	false
-16	-60	124	false
-12	-60	123	false
-8	-60	123	false
-4	-60	123	false
0	-60	123	false
4	-60	123	false
8	-60	123	false
12	-60	123	false
16	-60	123	false
20	-60	123	false
24	-60	122	false
28	-60	123	false
32	-60	122	false
36	-60	122	false
40	-60	122	false
44	-60	122	false
48	-60	122	false
52	-60	122	false
56	-60	122	false
60	-60	122	false
64	-60	122	false
68	-60	122	false
72	-60	121	false
76	-60	121	false
80	-60	121	false
84	-60	121	false
88	-60	121	false
92	-60	123	false
96	-60	124	false
100	-60	124	false
104	-60	124	false
108	-60	126	false
112	-60	127	false
116	-60	126	false
120	-60	125	false
124	-60	124	false
128	-60	124	false
132	-60	124	false
136	-60	124	false
140	-60	124	false
144	-60	124	false
148	-60	125	false
152	-60	125	false
156	-60	127	false
160	-60	127	false
164	-60	128	false
168	-60	127	false
172	-60	127	false
176	-60	127	false
180	-60	125	false
184	-60	125	false
188	-60	124	false
192	-60	124	false
196	-60	124	false
200	-60	124	false
204	-60	124	false
208	-60	124	false
212	-60	124	false
216	-60	124	false
220	-60	124	false
224	-60	124	false
228	-60	124	false
232	-60	123	false
236	-60	123	false
240	-60	124	false
244	-60	124	false
248	-60	125	false
252	-60	126	false
256	-60	127	false
260	-60	127	false
264	-60	127	false
268	-60	127	false
272	-60	126	false
276	-60	124	false
280	-60	122	false
284	-60	119	false
288	-60	118	false
-288	-56	86	false
-284	-56	89	false
-280	-56	92	false
-276	-56	95	false
-272	-56	98	false
-268	-56	101	false
-264	-56	104	false
-260	-56	106	false
-256	-56	109	false
-252	-56	109	false
-248	-56	112	false
-244	-56	112	false
-240	-56	112	false
-236	-56	112	false
-232	-56	110	false
-228	-56	112	false
-224	-56	112	false
-220	-56	112	false
-216	-56	112	false
-212	-56	112	false
-208	-56	114	false
-204	-56	116	false
-200	-56	118	false
-196	-56	119	false
-192	-56	121	false
-188	-56	122	false
-184	-56	122	false
-180	-56	122	false
-176	-56	123	false
-172	-56	124	false
-168	-56	124	false
-164	-56	124	false
-160	-56	124	false
-156	-56	124	false
-152	-56	124	false
-148	-56	124	false
-144	-56	122	false
-140	-56	121	false
-136	-56	120	false
-132	-56	119	false
-128	-56	118	false
-124	-56	118	false
-120	-56	118	false
-116	-56	118	false
-112	-56	118	false
-108	-56	118	false
-104	-56	119	false
-100	-56	121	false
-96	-56	121	false
-92	-56	121	false
-88	-56	121	false
-84	-56	121	false
-80	-56	121	false
-76	-56	121	false
-72	-56	120	false
-68	-56	120	false
-64	-56	121	false
-60	-56	122	false
-56	-56	123	false
-52	-56	123	false
-48	-56	123	false
-44	-56	123	false
-40	-56	124	false
-36	-56	124	false
-32	-56	124	false
-28	-56	124	false
-24	-56	124	false
-20	-56	124	false
-16	-56	124	false
-12	-56	124	false
-8	-56	124	false
-4	-56	124	false
0	-56	124	false
4	-56	124	false
8	-56	124	false
12	-56	124	false
16	-56	124	false
20	-56	124	false
24	-56	124	false
28	-56	123	false
32	-56	123	false
36	-56	123	false
40	-56	123	false
44	-56	123	false
48	-56	123	false
52	-56	123	false
56	-56	123	false
60	-56	122	false
64	-56	122	false
68	-56	122	false
72	-56	121	false
76	-56	121	false
80	-56	121	false
84	-56	122	false
88	-56	123	false
92	-56	123	false
96	-56	124	false
100	-56	125	false
104	-56	127	false
108	-56	127	false
112	-56	127	false
116	-56	127	false
120	-56	127	false
124	-56	125	false
128	-56	124	false
132	-56	124	false
136	-56	124	false
140	-56	124	false
144	-56	124	false
148	-56	125	false
152	-56	127	false
156	-56	127	false
160	-56	128	false
164	-56	130	false
168	-56	127	false
172	-56	127	false
176	-56	127	false
180	-56	127	false
184	-56	127	false
188	-56	125	false
192	-56	124	false
196	-56	124	false
200	-56	124	false
204	-56	124	false
208	-56	124	false
212	-56	124	false
216	-56	124	false
220	-56	124	false
224	-56	124	false
228	-56	124	false
232	-56	124	false
236	-56	124	false
240	-56	124	false
244	-56	124	false
248	-56	127	false
252	-56	127	false
256	-56	127	false
260	-56	127	false
264	-56	127	false
268	-56	127	false
272	-56	127	false
276	-56	124	false
280	-56	122	false
284	-56	121	false
288	-56	119	false
-288	-52	85	false
-284	-52	89	false
-280	-52	93	false
-276	-52	95	false
-272	-52	98	false
-268	-52	101	false
-264	-52	104	false
-260	-52	106	false
-256	-52	109	false
-252	-52	109	false
-248	-52	112	false
-244	-52	112	false
-240	-52	112	false
-236	-52	112	false
-232	-52	111	false
-228	-52	112	false
-224	-52	113	false
-220	-52	112	false
-216	-52	113	false
-212	-52	114	false
-208	-52	116	false
-204	-52	118	false
-200	-52	119	false
-196	-52	121	false
-192	-52	122	false
-188	-52	124	false
-184	-52	124	false
-180	-52	124	false
-176	-52	124	false
-172	-52	124	false
-168	-52	124	false
-164	-52	124	false
-160	-52	124	false
-156	-52	124	false
-152	-52	124	false
-148	-52	124	false
-144	-52	121	false
-140	-52	121	false
-136	-52	121	false
-132	-52	118	false
-128	-52	118	false
-124	-52	118	false
-120	-52	118	false
-116	-52	118	false
-112	-52	118	false
-108	-52	118	false
-104	-52	119	false
-100	-52	121	false
-96	-52	121	false
-92	-52	121	false
-88	-52	121	false
-84	-52	121	false
-80	-52	121	false
-76	-52	121	false
-72	-52	120	false
-68	-52	120	false
-64	-52	121	false
-60	-52	122	false
-56	-52	123	false
-52	-52	124	false
-48	-52	124	false
-44	-52	124	false
-40	-52	124	false
-36	-52	124	false
-32	-52	124	false
-28	-52	124	false
-24	-52	124	false
-20	-52	124	false
-16	-52	124	false
-12	-52	124	false
-8	-52	124	false
-4	-52	124	false
0	-52	124	false
4	-52	124	false
8	-52	124	false
12	-52	124	false
16	-52	124	false
20	-52	124	false
24	-52	124	false
28	-52	124	false
32	-52	124	false
36	-52	124	false
40	-52	124	false
44	-52	124	false
48	-52	124	false
52	-52	124	false
56	-52	123	false
60	-52	123	false
64	-52	122	false
68	-52	122	false
72	-52	121	false
76	-52	121	false
80	-52	121	false
84	-52	122	false
88	-52	124	false
92	-52	124	false
96	-52	124	false
100	-52	125	false
104	-52	127	false
108	-52	127	false
112	-52	127	false
116	-52	127	false
120	-52	127	false
124	-52	126	false
128	-52	125	false
132	-52	125	false
136	-52	125	false
140	-52	125	false
144	-52	125	false
148	-52	127	false
152	-52	127	false
156	-52	127	false
160	-52	127	false
164	-52	127	false
168	-52	127	false
172	-52	127	false
176	-52	127	false
180	-52	127	false
184	-52	127	false
188	-52	125	false
192	-52	124	false
196	-52	124	false
200	-52	124	false
204	-52	124	false
208	-52	124	false
212	-52	124	false
216	-52	124	false
220	-52	124	false
224	-52	124	false
228	-52	124	false
232	-52	124	false
236	-52	124	false
240	-52	125	false
244	-52	125	false
248	-52	124	false
252	-52	125	false
256	-52	127	false
260	-52	127	false
264	-52	127	false
268	-52	125	false
272	-52	125	false
276	-52	125	false
280	-52	123	false
284	-52	121	false
288	-52	119	false
-288	-48	85	false
-284	-48	89	false
-280	-48	92	false
-276	-48	95	false
-272	-48	98	false
-268	-48	100	false
-264	-48	104	false
-260	-48	106	false
-256	-48	109	false
-252	-48	109	false
-248	-48	112	false
-244	-48	112	false
-240	-48	112	false
-236	-48	112	false
-232	-48	112	false
-228	-48	112	false
-224	-48	112	false
-220	-48	112	false
-216	-48	113	false
-212	-48	114	false
-208	-48	116	false
-204	-48	118	false
-200	-48	119	false
-196	-48	121	false
-192	-48	122	false
-188	-48	124	false
-184	-48	124	false
-180	-48	124	false
-176	-48	124	false
-172	-48	124	false
-168	-48	124	false
-164	-48	124	false
-160	-48	124	false
-156	-48	124	false
-152	-48	124	false
-148	-48	123	false
-144	-48	121	false
-140	-48	121	false
-136	-48	120	false
-132	-48	118	false
-128	-48	118	false
-124	-48	118	false
-120	-48	118	false
-116	-48	118	false
-112	-48	118	false
-108	-48	118	false
-104	-48	118	false
-100	-48	119	false
-96	-48	119	false
-92	-48	120	false
-88	-48	120	false
-84	-48	121	false
-80	-48	121	false
-76	-48	120	false
-72	-48	120	false
-68	-48	120	false
-64	-48	121	false
-60	-48	122	false
-56	-48	123	false
-52	-48	124	false
-48	-48	124	false
-44	-48	124	false
-40	-48	124	false
-36	-48	124	false
-32	-48	124	false
-28	-48	124	false
-24	-48	124	false
-20	-48	124	false
-16	-48	124	false
-12	-48	124	false
-8	-48	124	false
-4	-48	124	false
0	-48	124	false
4	-48	124	false
8	-48	124	false
12	-48	124	false
16	-48	124	false
20	-48	124	false
24	-48	124	false
28	-48	124	false
32	-48	124	false
36	-48	124	false
40	-48	124	false
44	-48	124	false
48	-48	124	false
52	-48	124	false
56	-48	123	false
60	-48	123	false
64	-48	122	false
68	-48	122	false
72	-48	121	false
76	-48	121	false
80	-48	121	false
84	-48	121	false
88	-48	123	false
92	-48	124	false
96	-48	124	false
100	-48	125	false
104	-48	125	false
108	-48	127	false
112	-48	127	false
116	-48	127	false
120	-48	127	false
124	-48	127	false
128	-48	126	false
132	-48	125	false
136	-48	125	false
140	-48	125	false
144	-48	125	false
148	-48	127	false
152	-48	127	false
156	-48	127	false
160	-48	127	false
164	-48	127	false
168	-48	127	false
172	-48	127	false
176	-48	127	false
180	-48	127	false
184	-48	127	false
188	-48	125	false
192	-48	125	false
196	-48	124	false
200	-48	124	false
204	-48	124	false
208	-48	124	false
212	-48	124	false
216	-48	124	false
220	-48	124	false
224	-48	124	false
228	-48	124	false
232	-48	124	false
236	-48	124	false
240	-48	124	false
244	-48	125	false
248	-48	125	false
252	-48	125	false
256	-48	126	false
260	-48	126	false
264	-48	126	false
268	-48	125	false
272	-48	125	false
276	-48	124	false
280	-48	122	false
284	-48	122	false
288	-48	121	false
-288	-44	84	false
-284	-44	88	false
-280	-44	91	false
-276	-44	94	false
-272	-44	97	false
-268	-44	99	false
-264	-44	104	false
-260	-44	106	false
-256	-44	109	false
-252	-44	110	false
-248	-44	113	false
-244	-44	112	false
-240	-44	112	false
-236	-44	112	false
-232	-44	112	false
-228	-44	113	false
-224	-44	112	false
-220	-44	112	false
-216	-44	113	false
-212	-44	115	false
-208	-44	116	false
-204	-44	118	false
-200	-44	119	false
-196	-44	121	false
-192	-44	121	false
-188	-44	124	false
-184	-44	124	false
-180	-44	124	false
-176	-44	124	false
-172	-44	124	false
-168	-44	124	false
-164	-44	124	false
-160	-44	124	false
-156	-44	124	false
-152	-44	124	false
-148	-44	123	false
-144	-44	121	false
-140	-44	121	false
-136	-44	121	false
-132	-44	118	false
-128	-44	118	false
-124	-44	118	false
-120	-44	118	false
-116	-44	118	false
-112	-44	118	false
-108	-44	118	false
-104	-44	118	false
-100	-44	118	false
-96	-44	118	false
-92	-44	118	false
-88	-44	118	false
-84	-44	118	false
-80	-44	118	false
-76	-44	118	false
-72	-44	119	false
-68	-44	120	false
-64	-44	121	false
-60	-44	122	false
-56	-44	123	false
-52	-44	124	false
-48	-44	124	false
-44	-44	124	false
-40	-44	124	false
-36	-44	124	false
-32	-44	124	false
-28	-44	124	false
-24	-44	124	false
-20	-44	124	false
-16	-44	124	false
-12	-44	124	false
-8	-44	124	false
-4	-44	124	false
0	-44	124	false
4	-44	124	false
8	-44	124	false
12	-44	124	false
16	-44	124	false
20	-44	124	false
24	-44	124	false
28	-44	124	false
32	-44	124	false
36	-44	124	false
40	-44	124	false
44	-44	124	false
48	-44	124	false
52	-44	124	false
56	-44	123	false
60	-44	123	false
64	-44	122	false
68	-44	122	false
72	-44	122	false
76	-44	122	false
80	-44	123	false
84	-44	123	false
88	-44	124	false
92	-44	124	false
96	-44	124	false
100	-44	125	false
104	-44	124	false
108	-44	127	false
112	-44	127	false
116	-44	127	false
120	-44	127	false
124	-44	127	false
128	-44	127	false
132	-44	125	false
136	-44	125	false
140	-44	125	false
144	-44	125	false
148	-44	127	false
152	-44	127	false
156	-44	127	false
160	-44	127	false
164	-44	127	false
168	-44	127	false
172	-44	127	false
176	-44	127	false
180	-44	127	false
184	-44	127	false
188	-44	124	false
192	-44	124	false
196	-44	124	false
200	-44	124	false
204	-44	124	false
208	-44	124	false
212	-44	124	false
216	-44	124	false
220	-44	124	false
224	-44	124	false
228	-44	124	false
232	-44	124	false
236	-44	124	false
240	-44	124	false
244	-44	125	false
248	-44	125	false
252	-44	125	false
256	-44	127	false
260	-44	127	false
264	-44	127	false
268	-44	125	false
272	-44	124	false
276	-44	124	false
280	-44	122	false
284	-44	121	false
288	-44	121	false
-288	-40	83	false
-284	-40	86	false
-280	-40	90	false
-276	-40	92	false
-272	-40	97	false
-268	-40	101	false
-264	-40	104	false
-260	-40	107	false
-256	-40	110	false
-252	-40	113	false
-248	-40	114	false
-244	-40	115	false
-240	-40	115	false
-236	-40	115	false
-232	-40	115	false
-228	-40	115	false
-224	-40	115	false
-220	-40	116	false
-216	-40	117	false
-212	-40	119	false
-208	-40	120	false
-204	-40	121	false
-200	-40	122	false
-196	-40	124	false
-192	-40	124	false
-188	-40	124	false
-184	-40	124	false
-180	-40	124	false
-176	-40	124	false
-172	-40	124	false
-168	-40	124	false
-164	-40	124	false
-160	-40	124	false
-156	-40	124	false
-152	-40	124	false
-148	-40	122	false
-144	-40	121	false
-140	-40	121	false
-136	-40	120	false
-132	-40	119	false
-128	-40	119	false
-124	-40	119	false
-120	-40	118	false
-116	-40	118	false
-112	-40	118	false
-108	-40	118	false
-104	-40	118	false
-100	-40	115	false
-96	-40	116	false
-92	-40	116	false
-88	-40	116	false
-84	-40	117	false
-80	-40	118	false
-76	-40	118	false
-72	-40	119	false
-68	-40	120	false
-64	-40	121	false
-60	-40	122	false
-56	-40	123	false
-52	-40	124	false
-48	-40	124	false
-44	-40	124	false
-40	-40	124	false
-36	-40	124	false
-32	-40	124	false
-28	-40	124	false
-24	-40	124	false
-20	-40	124	false
-16	-40	124	false
-12	-40	124	false
-8	-40	124	false
-4	-40	124	false
0	-40	124	false
4	-40	124	false
8	-40	124	false
12	-40	124	false
16	-40	124	false
20	-40	124	false
24	-40	124	false
28	-40	124	false
32	-40	124	false
36	-40	124	false
40	-40	124	false
44	-40	124	false
48	-40	124	false
52	-40	124	false
56	-40	124	false
60	-40	123	false
64	-40	124	false
68	-40	124	false
72	-40	124	false
76	-40	124	false
80	-40	124	false
84	-40	124	false
88	-40	124	false
92	-40	124	false
96	-40	124	false
100	-40	124	false
104	-40	125	false
108	-40	126	false
112	-40	127	false
116	-40	127	false
120	-40	127	false
124	-40	128	false
128	-40	128	false
132	-40	130	false
136	-40	130	false
140	-40	130	false
144	-40	130	false
148	-40	129	false
152	-40	129	false
156	-40	128	false
160	-40	127	false
164	-40	127	false
168	-40	127	false
172	-40	127	false
176	-40	127	false
180	-40	127	false
184	-40	127	false
188	-40	127	false
192	-40	127	false
196	-40	127	false
200	-40	127	false
204	-40	127	false
208	-40	127	false
212	-40	127	false
216	-40	127	false
220	-40	127	false
224	-40	127	false
228	-40	127	false
232	-40	127	false
236	-40	127	false
240	-40	127	false
244	-40	127	false
248	-40	125	false
252	-40	124	false
256	-40	124	false
260	-40	124	false
264	-40	124	false
268	-40	124	false
272	-40	124	false
276	-40	123	false
280	-40	122	false
284	-40	121	false
288	-40	121	false
-288	-36	83	false
-284	-36	86	false
-280	-36	91	false
-276	-36	94	false
-272	-36	97	false
-268	-36	101	false
-264	-36	105	false
-260	-36	108	false
-256	-36	111	false
-252	-36	113	false
-248	-36	115	false
-244	-36	115	false
-240	-36	115	false
-236	-36	115	false
-232	-36	116	false
-228	-36	116	false
-224	-36	117	false
-220	-36	118	false
-216	-36	119	false
-212	-36	121	false
-208	-36	121	false
-204	-36	122	false
-200	-36	124	false
-196	-36	124	false
-192	-36	124	false
-188	-36	124	false
-184	-36	124	false
-180	-36	124	false
-176	-36	124	false
-172	-36	124	false
-168	-36	124	false
-164	-36	125	false
-160	-36	124	false
-156	-36	124	false
-152	-36	124	false
-148	-36	124	false
-144	-36	121	false
-140	-36	121	false
-136	-36	121	false
-132	-36	121	false
-128	-36	121	false
-124	-36	121	false
-120	-36	121	false
-116	-36	118	false
-112	-36	118	false
-108	-36	118	false
-104	-36	117	false
-100	-36	116	false
-96	-36	115	false
-92	-36	115	false
-88	-36	115	false
-84	-36	115	false
-80	-36	115	false
-76	-36	118	false
-72	-36	119	false
-68	-36	121	false
-64	-36	122	false
-60	-36	123	false
-56	-36	124	false
-52	-36	124	false
-48	-36	124	false
-44	-36	124	false
-40	-36	124	false
-36	-36	124	false
-32	-36	124	false
-28	-36	124	false
-24	-36	124	false
-20	-36	124	false
-16	-36	124	false
-12	-36	124	false
-8	-36	124	false
-4	-36	124	false
0	-36	124	false
4	-36	124	false
8	-36	124	false
12	-36	124	false
16	-36	124	false
20	-36	124	false
24	-36	124	false
28	-36	124	false
32	-36	124	false
36	-36	124	false
40	-36	124	false
44	-36	124	false
48	-36	124	false
52	-36	124	false
56	-36	124	false
60	-36	123	false
64	-36	124	false
68	-36	124	false
72	-36	124	false
76	-36	124	false
80	-36	124	false
84	-36	124	false
88	-36	124	false
92	-36	124	false
96	-36	124	false
100	-36	124	false
104	-36	124	false
108	-36	125	false
112	-36	127	false
116	-36	127	false
120	-36	129	false
124	-36	130	false
128	-36	131	false
132	-36	131	false
136	-36	131	false
140	-36	131	false
144	-36	131	false
148	-36	130	false
152	-36	130	false
156	-36	128	false
160	-36	127	false
164	-36	127	false
168	-36	127	false
172	-36	127	false
176	-36	127	false
180	-36	127	false
184	-36	127	false
188	-36	127	false
192	-36	127	false
196	-36	127	false
200	-36	127	false
204	-36	127	false
208	-36	127	false
212	-36	127	false
216	-36	127	false
220	-36	127	false
224	-36	127	false
228	-36	127	false
232	-36	127	false
236	-36	127	false
240	-36	127	false
244	-36	125	false
248	-36	124	false
252	-36	124	false
256	-36	124	false
260	-36	123	false
264	-36	123	false
268	-36	123	false
272	-36	123	false
276	-36	122	false
280	-36	122	false
284	-36	121	false
288	-36	121	false
-288	-32	83	false
-284	-32	88	false
-280	-32	91	false
-276	-32	94	false
-272	-32	97	false
-268	-32	101	false
-264	-32	105	false
-260	-32	109	false
-256	-32	112	false
-252	-32	115	false
-248	-32	115	false
-244	-32	116	false
-240	-32	117	false
-236	-32	116	false
-232	-32	116	false
-228	-32	118	false
-224	-32	118	false
-220	-32	118	false
-216	-32	120	false
-212	-32	121	false
-208	-32	122	false
-204	-32	124	false
-200	-32	124	false
-196	-32	124	false
-192	-32	124	false
-188	-32	124	false
-184	-32	124	false
-180	-32	124	false
-176	-32	124	false
-172	-32	125	false
-168	-32	126	false
-164	-32	126	false
-160	-32	124	false
-156	-32	124	false
-152	-32	124	false
-148	-32	123	false
-144	-32	121	false
-140	-32	121	false
-136	-32	121	false
-132	-32	121	false
-128	-32	121	false
-124	-32	121	false
-120	-32	121	false
-116	-32	121	false
-112	-32	120	false
-108	-32	118	false
-104	-32	116	false
-100	-32	116	false
-96	-32	115	false
-92	-32	115	false
-88	-32	115	false
-84	-32	115	false
-80	-32	115	false
-76	-32	118	false
-72	-32	119	false
-68	-32	120	false
-64	-32	123	false
-60	-32	123	false
-56	-32	124	false
-52	-32	124	false
-48	-32	124	false
-44	-32	124	false
-40	-32	124	false
-36	-32	124	false
-32	-32	124	false
-28	-32	124	false
-24	-32	124	false
-20	-32	124	false
-16	-32	124	false
-12	-32	124	false
-8	-32	124	false
-4	-32	124	false
0	-32	124	false
4	-32	124	false
8	-32	124	false
12	-32	124	false
16	-32	124	false
20	-32	124	false
24	-32	124	false
28	-32	124	false
32	-32	124	false
36	-32	124	false
40	-32	124	false
44	-32	124	false
48	-32	124	false
52	-32	124	false
56	-32	124	false
60	-32	123	false
64	-32	124	false
68	-32	124	false
72	-32	124	false
76	-32	124	false
80	-32	124	false
84	-32	124	false
88	-32	124	false
92	-32	124	false
96	-32	124	false
100	-32	124	false
104	-32	124	false
108	-32	127	false
112	-32	127	false
116	-32	128	false
120	-32	130	false
124	-32	130	false
128	-32	132	false
132	-32	133	false
136	-32	133	false
140	-32	133	false
144	-32	131	false
148	-32	130	false
152	-32	130	false
156	-32	128	false
160	-32	127	false
164	-32	127	false
168	-32	127	false
172	-32	125	false
176	-32	125	false
180	-32	127	false
184	-32	127	false
188	-32	127	false
192	-32	127	false
196	-32	127	false
200	-32	127	false
204	-32	127	false
208	-32	127	false
212	-32	127	false
216	-32	127	false
220	-32	127	false
224	-32	127	false
228	-32	127	false
232	-32	127	false
236	-32	127	false
240	-32	127	false
244	-32	125	false
248	-32	125	false
252	-32	124	false
256	-32	122	false
260	-32	121	false
264	-32	121	false
268	-32	121	false
272	-32	121	false
276	-32	121	false
280	-32	122	false
284	-32	123	false
288	-32	123	false
-288	-28	84	false
-284	-28	88	false
-280	-28	91	false
-276	-28	95	false
-272	-28	98	false
-268	-28	101	false
-264	-28	105	false
-260	-28	109	false
-256	-28	113	false
-252	-28	115	false
-248	-28	115	false
-244	-28	116	false
-240	-28	118	false
-236	-28	116	false
-232	-28	118	false
-228	-28	118	false
-224	-28	118	false
-220	-28	118	false
-216	-28	121	false
-212	-28	121	false
-208	-28	122	false
-204	-28	124	false
-200	-28	124	false
-196	-28	124	false
-192	-28	124	false
-188	-28	124	false
-184	-28	124	false
-180	-28	124	false
-176	-28	124	false
-172	-28	125	false
-168	-28	127	false
-164	-28	125	false
-160	-28	124	false
-156	-28	124	false
-152	-28	124	false
-148	-28	123	false
-144	-28	121	false
-140	-28	121	false
-136	-28	121	false
-132	-28	121	false
-128	-28	121	false
-124	-28	121	false
-120	-28	121	false
-116	-28	121	false
-112	-28	120	false
-108	-28	118	false
-104	-28	118	false
-100	-28	116	false
-96	-28	115	false
-92	-28	115	false
-88	-28	115	false
-84	-28	115	false
-80	-28	116	false
-76	-28	118	false
-72	-28	118	false
-68	-28	119	false
-64	-28	123	false
-60	-28	123	false
-56	-28	124	false
-52	-28	124	false
-48	-28	124	false
-44	-28	124	false
-40	-28	124	false
-36	-28	124	false
-32	-28	124	false
-28	-28	124	false
-24	-28	124	false
-20	-28	124	false
-16	-28	124	false
-12	-28	124	false
-8	-28	124	false
-4	-28	124	false
0	-28	124	false
4	-28	124	false
8	-28	124	false
12	-28	124	false
16	-28	124	false
20	-28	124	false
24	-28	124	false
28	-28	124	false
32	-28	124	false
36	-28	124	false
40	-28	124	false
44	-28	124	false
48	-28	124	false
52	-28	124	false
56	-28	124	false
60	-28	124	false
64	-28	124	false
68	-28	124	false
72	-28	124	false
76	-28	124	false
80	-28	124	false
84	-28	124	false
88	-28	124	false
92	-28	124	false
96	-28	124	false
100	-28	124	false
104	-28	125	false
108	-28	127	false
112	-28	127	false
116	-28	128	false
120	-28	130	false
124	-28	131	false
128	-28	132	false
132	-28	133	false
136	-28	133	false
140	-28	133	false
144	-28	132	false
148	-28	131	false
152	-28	130	false
156	-28	129	false
160	-28	127	false
164	-28	127	false
168	-28	127	false
172	-28	127	false
176	-28	127	false
180	-28	127	false
184	-28	127	false
188	-28	127	false
192	-28	127	false
196	-28	127	false
200	-28	127	false
204	-28	127	false
208	-28	127	false
212	-28	127	false
216	-28	127	false
220	-28	127	false
224	-28	127	false
228	-28	127	false
232	-28	127	false
236	-28	127	false
240	-28	127	false
244	-28	127	false
248	-28	125	false
252	-28	124	false
256	-28	124	false
260	-28	123	false
264	-28	122	false
268	-28	122	false
272	-28	122	false
276	-28	121	false
280	-28	121	false
284	-28	123	false
288	-28	124	false
-288	-24	84	false
-284	-24	88	false
-280	-24	92	false
-276	-24	95	false
-272	-24	98	false
-268	-24	102	false
-264	-24	105	false
-260	-24	109	false
-256	-24	113	false
-252	-24	115	false
-248	-24	115	false
-244	-24	117	false
-240	-24	118	false
-236	-24	116	false
-232	-24	118	false
-228	-24	118	false
-224	-24	118	false
-220	-24	118	false
-216	-24	121	false
-212	-24	121	false
-208	-24	122	false
-204	-24	124	false
-200	-24	124	false
-196	-24	124	false
-192	-24	124	false
-188	-24	124	false
-184	-24	124	false
-180	-24	124	false
-176	-24	125	false
-172	-24	125	false
-168	-24	127	false
-164	-24	126	false
-160	-24	124	false
-156	-24	124	false
-152	-24	124	false
-148	-24	123	false
-144	-24	121	false
-140	-24	121	false
-136	-24	121	false
-132	-24	121	false
-128	-24	121	false
-124	-24	121	false
-120	-24	121	false
-116	-24	121	false
-112	-24	120	false
-108	-24	118	false
-104	-24	118	false
-100	-24	116	false
-96	-24	115	false
-92	-24	115	false
-88	-24	115	false
-84	-24	115	false
-80	-24	118	false
-76	-24	118	false
-72	-24	119	false
-68	-24	120	false
-64	-24	122	false
-60	-24	123	false
-56	-24	124	false
-52	-24	124	false
-48	-24	124	false
-44	-24	124	false
-40	-24	124	false
-36	-24	124	false
-32	-24	124	false
-28	-24	124	false
-24	-24	124	false
-20	-24	124	false
-16	-24	124	false
-12	-24	124	false
-8	-24	124	false
-4	-24	124	false
0	-24	124	false
4	-24	124	false
8	-24	124	false
12	-24	124	false
16	-24	124	false
20	-24	124	false
24	-24	124	false
28	-24	124	false
32	-24	124	false
36	-24	124	false
40	-24	124	false
44	-24	124	false
48	-24	124	false
52	-24	124	false
56	-24	124	false
60	-24	124	false
64	-24	124	false
68	-24	124	false
72	-24	124	false
76	-24	124	false
80	-24	124	false
84	-24	124	false
88	-24	124	false
92	-24	124	false
96	-24	124	false
100	-24	125	false
104	-24	125	false
108	-24	127	false
112	-24	128	false
116	-24	130	false
120	-24	130	false
124	-24	133	false
128	-24	133	false
132	-24	133	false
136	-24	133	false
140	-24	133	false
144	-24	133	false
148	-24	131	false
152	-24	130	false
156	-24	129	false
160	-24	127	false
164	-24	127	false
168	-24	127	false
172	-24	127	false
176	-24	127	false
180	-24	127	false
184	-24	127	false
188	-24	127	false
192	-24	127	false
196	-24	127	false
200	-24	127	false
204	-24	127	false
208	-24	127	false
212	-24	127	false
216	-24	127	false
220	-24	127	false
224	-24	127	false
228	-24	127	false
232	-24	127	false
236	-24	127	false
240	-24	127	false
244	-24	127	false
248	-24	125	false
252	-24	124	false
256	-24	124	false
260	-24	124	false
264	-24	124	false
268	-24	124	false
272	-24	124	false
276	-24	123	false
280	-24	123	false
284	-24	124	false
288	-24	124	false
-288	-20	84	false
-284	-20	88	false
-280	-20	92	false
-276	-20	95	false
-272	-20	99	false
-268	-20	103	false
-264	-20	106	false
-260	-20	110	false
-256	-20	113	false
-252	-20	115	false
-248	-20	116	false
-244	-20	118	false
-240	-20	118	false
-236	-20	118	false
-232	-20	118	false
-228	-20	118	false
-224	-20	118	false
-220	-20	118	false
-216	-20	121	false
-212	-20	121	false
-208	-20	122	false
-204	-20	124	false
-200	-20	124	false
-196	-20	124	false
-192	-20	124	false
-188	-20	125	false
-184	-20	126	false
-180	-20	126	false
-176	-20	126	false
-172	-20	127	false
-168	-20	127	false
-164	-20	126	false
-160	-20	124	false
-156	-20	124	false
-152	-20	124	false
-148	-20	123	false
-144	-20	122	false
-140	-20	121	false
-136	-20	121	false
-132	-20	121	false
-128	-20	121	false
-124	-20	121	false
-120	-20	121	false
-116	-20	121	false
-112	-20	119	false
-108	-20	119	false
-104	-20	118	false
-100	-20	117	false
-96	-20	116	false
-92	-20	115	false
-88	-20	116	false
-84	-20	116	false
-80	-20	118	false
-76	-20	118	false
-72	-20	119	false
-68	-20	122	false
-64	-20	123	false
-60	-20	123	false
-56	-20	124	false
-52	-20	124	false
-48	-20	124	false
-44	-20	124	false
-40	-20	124	false
-36	-20	124	false
-32	-20	124	false
-28	-20	124	false
-24	-20	124	false
-20	-20	124	false
-16	-20	124	false
-12	-20	124	false
-8	-20	124	false
-4	-20	124	false
0	-20	124	false
4	-20	124	false
8	-20	124	false
12	-20	124	false
16	-20	124	false
20	-20	124	false
24	-20	124	false
28	-20	124	false
32	-20	124	false
36	-20	124	false
40	-20	124	false
44	-20	124	false
48	-20	124	false
52	-20	124	false
56	-20	124	false
60	-20	124	false
64	-20	124	false
68	-20	124	false
72	-20	124	false
76	-20	124	false
80	-20	124	false
84	-20	124	false
88	-20	124	false
92	-20	124	false
96	-20	124	false
100	-20	126	false
104	-20	127	false
108	-20	127	false
112	-20	128	false
116	-20	130	false
120	-20	130	false
124	-20	133	false
128	-20	133	false
132	-20	133	false
136	-20	133	false
140	-20	133	false
144	-20	133	false
148	-20	131	false
152	-20	130	false
156	-20	129	false
160	-20	127	false
164	-20	127	false
168	-20	127	false
172	-20	127	false
176	-20	127	false
180	-20	127	false
184	-20	127	false
188	-20	127	false
192	-20	128	false
196	-20	129	false
200	-20	130	false
204	-20	130	false
208	-20	129	false
212	-20	128	false
216	-20	127	false
220	-20	127	false
224	-20	127	false
228	-20	127	false
232	-20	127	false
236	-20	127	false
240	-20	127	false
244	-20	127	false
248	-20	125	false
252	-20	125	false
256	-20	124	false
260	-20	124	false
264	-20	124	false
268	-20	124	false
272	-20	124	false
276	-20	124	false
280	-20	124	false
284	-20	124	false
288	-20	124	false
-288	-16	85	false
-284	-16	89	false
-280	-16	94	false
-276	-16	96	false
-272	-16	100	false
-268	-16	103	false
-264	-16	107	false
-260	-16	110	false
-256	-16	113	false
-252	-16	115	false
-248	-16	116	false
-244	-16	118	false
-240	-16	118	false
-236	-16	118	false
-232	-16	118	false
-228	-16	118	false
-224	-16	118	false
-220	-16	119	false
-216	-16	121	false
-212	-16	121	false
-208	-16	122	false
-204	-16	124	false
-200	-16	124	false
-196	-16	124	false
-192	-16	125	false
-188	-16	126	false
-184	-16	127	false
-180	-16	127	false
-176	-16	127	false
-172	-16	127	false
-168	-16	127	false
-164	-16	127	false
-160	-16	125	false
-156	-16	126	false
-152	-16	124	false
-148	-16	124	false
-144	-16	124	false
-140	-16	122	false
-136	-16	121	false
-132	-16	121	false
-128	-16	121	false
-124	-16	121	false
-120	-16	121	false
-116	-16	121	false
-112	-16	121	false
-108	-16	119	false
-104	-16	118	false
-100	-16	118	false
-96	-16	118	false
-92	-16	118	false
-88	-16	118	false
-84	-16	118	false
-80	-16	118	false
-76	-16	119	false
-72	-16	121	false
-68	-16	122	false
-64	-16	123	false
-60	-16	124	false
-56	-16	124	false
-52	-16	124	false
-48	-16	124	false
-44	-16	124	false
-40	-16	124	false
-36	-16	124	false
-32	-16	124	false
-28	-16	124	false
-24	-16	124	false
-20	-16	124	false
-16	-16	124	false
-12	-16	124	false
-8	-16	124	false
-4	-16	124	false
0	-16	124	false
4	-16	124	false
8	-16	124	false
12	-16	124	false
16	-16	124	false
20	-16	124	false
24	-16	124	false
28	-16	124	false
32	-16	124	false
36	-16	124	false
40	-16	124	false
44	-16	124	false
48	-16	124	false
52	-16	124	false
56	-16	124	false
60	-16	124	false
64	-16	124	false
68	-16	124	false
72	-16	124	false
76	-16	124	false
80	-16	124	false
84	-16	124	false
88	-16	124	false
92	-16	124	false
96	-16	125	false
100	-16	127	false
104	-16	127	false
108	-16	127	false
112	-16	128	false
116	-16	130	false
120	-16	130	false
124	-16	132	false
128	-16	133	false
132	-16	133	false
136	-16	133	false
140	-16	133	false
144	-16	133	false
148	-16	131	false
152	-16	131	false
156	-16	130	false
160	-16	129	false
164	-16	127	false
168	-16	127	false
172	-16	127	false
176	-16	127	false
180	-16	127	false
184	-16	129	false
188	-16	129	false
192	-16	129	false
196	-16	130	false
200	-16	130	false
204	-16	130	false
208	-16	130	false
212	-16	130	false
216	-16	129	false
220	-16	128	false
224	-16	127	false
228	-16	127	false
232	-16	127	false
236	-16	127	false
240	-16	127	false
244	-16	127	false
248	-16	127	false
252	-16	125	false
256	-16	124	false
260	-16	124	false
264	-16	124	false
268	-16	124	false
272	-16	124	false
276	-16	124	false
280	-16	124	false
284	-16	124	false
288	-16	125	false
-288	-12	87	false
-284	-12	91	false
-280	-12	95	false
-276	-12	98	false
-272	-12	101	false
-268	-12	105	false
-264	-12	108	false
-260	-12	110	false
-256	-12	114	false
-252	-12	116	false
-248	-12	117	false
-244	-12	118	false
-240	-12	118	false
-236	-12	118	false
-232	-12	118	false
-228	-12	118	false
-224	-12	118	false
-220	-12	119	false
-216	-12	121	false
-212	-12	121	false
-208	-12	122	false
-204	-12	124	false
-200	-12	124	false
-196	-12	125	false
-192	-12	126	false
-188	-12	127	false
-184	-12	127	false
-180	-12	127	false
-176	-12	127	false
-172	-12	127	false
-168	-12	127	false
-164	-12	127	false
-160	-12	127	false
-156	-12	126	false
-152	-12	124	false
-148	-12	124	false
-144	-12	124	false
-140	-12	122	false
-136	-12	121	false
-132	-12	121	false
-128	-12	120	false
-124	-12	119	false
-120	-12	119	false
-116	-12	119	false
-112	-12	119	false
-108	-12	118	false
-104	-12	118	false
-100	-12	119	false
-96	-12	119	false
-92	-12	119	false
-88	-12	119	false
-84	-12	120	false
-80	-12	120	false
-76	-12	121	false
-72	-12	121	false
-68	-12	122	false
-64	-12	123	false
-60	-12	123	false
-56	-12	124	false
-52	-12	124	false
-48	-12	124	false
-44	-12	124	false
-40	-12	124	false
-36	-12	124	false
-32	-12	124	false
-28	-12	124	false
-24	-12	124	false
-20	-12	124	false
-16	-12	124	false
-12	-12	124	false
-8	-12	124	false
-4	-12	124	false
0	-12	124	false
4	-12	124	false
8	-12	124	false
12	-12	124	false
16	-12	124	false
20	-12	124	false
24	-12	124	false
28	-12	124	false
32	-12	124	false
36	-12	124	false
40	-12	124	false
44	-12	124	false
48	-12	124	false
52	-12	124	false
56	-12	124	false
60	-12	124	false
64	-12	124	false
68	-12	124	false
72	-12	124	false
76	-12	124	false
80	-12	124	false
84	-12	124	false
88	-12	124	false
92	-12	125	false
96	-12	126	false
100	-12	127	false
104	-12	127	false
108	-12	127	false
112	-12	129	false
116	-12	130	false
120	-12	131	false
124	-12	132	false
128	-12	133	false
132	-12	133	false
136	-12	133	false
140	-12	133	false
144	-12	133	false
148	-12	133	false
152	-12	131	false
156	-12	130	false
160	-12	130	false
164	-12	128	false
168	-12	127	false
172	-12	127	false
176	-12	127	false
180	-12	128	false
184	-12	130	false
188	-12	130	false
192	-12	130	false
196	-12	130	false
200	-12	130	false
204	-12	130	false
208	-12	130	false
212	-12	130	false
216	-12	130	false
220	-12	129	false
224	-12	128	false
228	-12	128	false
232	-12	128	false
236	-12	127	false
240	-12	127	false
244	-12	127	false
248	-12	127	false
252	-12	126	false
256	-12	124	false
260	-12	124	false
264	-12	124	false
268	-12	124	false
272	-12	124	false
276	-12	125	false
280	-12	125	false
284	-12	126	false
288	-12	127	false
-288	-8	88	false
-284	-8	93	false
-280	-8	97	false
-276	-8	100	false
-272	-8	103	false
-268	-8	106	false
-264	-8	109	false
-260	-8	112	false
-256	-8	115	false
-252	-8	116	false
-248	-8	118	false
-244	-8	118	false
-240	-8	118	false
-236	-8	118	false
-232	-8	118	false
-228	-8	118	false
-224	-8	119	false
-220	-8	121	false
-216	-8	121	false
-212	-8	122	false
-208	-8	123	false
-204	-8	124	false
-200	-8	124	false
-196	-8	126	false
-192	-8	127	false
-188	-8	127	false
-184	-8	127	false
-180	-8	127	false
-176	-8	127	false
-172	-8	127	false
-168	-8	127	false
-164	-8	127	false
-160	-8	127	false
-156	-8	127	false
-152	-8	124	false
-148	-8	124	false
-144	-8	124	false
-140	-8	122	false
-136	-8	121	false
-132	-8	121	false
-128	-8	119	false
-124	-8	118	false
-120	-8	118	false
-116	-8	118	false
-112	-8	118	false
-108	-8	118	false
-104	-8	119	false
-100	-8	121	false
-96	-8	121	false
-92	-8	121	false
-88	-8	121	false
-84	-8	121	false
-80	-8	121	false
-76	-8	121	false
-72	-8	121	false
-68	-8	122	false
-64	-8	123	false
-60	-8	123	false
-56	-8	124	false
-52	-8	124	false
-48	-8	124	false
-44	-8	124	false
-40	-8	124	false
-36	-8	124	false
-32	-8	124	false
-28	-8	124	false
-24	-8	124	false
-20	-8	124	false
-16	-8	124	false
-12	-8	124	false
-8	-8	124	false
-4	-8	124	false
0	-8	124	false
4	-8	124	false
8	-8	124	false
12	-8	124	false
16	-8	124	false
20	-8	124	false
24	-8	124	false
28	-8	124	false
32	-8	124	false
36	-8	124	false
40	-8	124	false
44	-8	124	false
48	-8	124	false
52	-8	124	false
56	-8	124	false
60	-8	124	false
64	-8	124	false
68	-8	124	false
72	-8	124	false
76	-8	124	false
80	-8	124	false
84	-8	124	false
88	-8	125	false
92	-8	126	false
96	-8	127	false
100	-8	127	false
104	-8	128	false
108	-8	129	false
112	-8	130	false
116	-8	130	false
120	-8	132	false
124	-8	133	false
128	-8	133	false
132	-8	133	false
136	-8	133	false
140	-8	133	false
144	-8	133	false
148	-8	133	false
152	-8	131	false
156	-8	130	false
160	-8	130	false
164	-8	128	false
168	-8	127	false
172	-8	127	false
176	-8	127	false
180	-8	129	false
184	-8	130	false
188	-8	130	false
192	-8	130	false
196	-8	130	false
200	-8	130	false
204	-8	130	false
208	-8	130	false
212	-8	130	false
216	-8	130	false
220	-8	130	false
224	-8	130	false
228	-8	130	false
232	-8	130	false
236	-8	130	false
240	-8	129	false
244	-8	127	false
248	-8	127	false
252	-8	126	false
256	-8	124	false
260	-8	124	false
264	-8	124	false
268	-8	124	false
272	-8	124	false
276	-8	126	false
280	-8	127	false
284	-8	127	false
288	-8	127	false
-288	-4	89	false
-284	-4	94	false
-280	-4	98	false
-276	-4	101	false
-272	-4	104	false
-268	-4	107	false
-264	-4	111	false
-260	-4	113	false
-256	-4	116	false
-252	-4	116	false
-248	-4	118	false
-244	-4	119	false
-240	-4	119	false
-236	-4	118	false
-232	-4	120	false
-228	-4	119	false
-224	-4	119	false
-220	-4	121	false
-216	-4	121	false
-212	-4	122	false
-208	-4	124	false
-204	-4	124	false
-200	-4	125	false
-196	-4	127	false
-192	-4	127	false
-188	-4	127	false
-184	-4	127	false
-180	-4	127	false
-176	-4	127	false
-172	-4	127	false
-168	-4	127	false
-164	-4	127	false
-160	-4	127	false
-156	-4	127	false
-152	-4	124	false
-148	-4	124	false
-144	-4	124	false
-140	-4	122	false
-136	-4	121	false
-132	-4	121	false
-128	-4	118	false
-124	-4	118	false
-120	-4	118	false
-116	-4	118	false
-112	-4	118	false
-108	-4	119	false
-104	-4	121	false
-100	-4	121	false
-96	-4	121	false
-92	-4	122	false
-88	-4	122	false
-84	-4	122	false
-80	-4	122	false
-76	-4	122	false
-72	-4	121	false
-68	-4	122	false
-64	-4	123	false
-60	-4	123	false
-56	-4	124	false
-52	-4	124	false
-48	-4	124	false
-44	-4	124	false
-40	-4	124	false
-36	-4	124	false
-32	-4	124	false
-28	-4	124	false
-24	-4	124	false
-20	-4	124	false
-16	-4	124	false
-12	-4	124	false
-8	-4	124	false
-4	-4	124	false
0	-4	124	false
4	-4	124	false
8	-4	124	false
12	-4	124	false
16	-4	124	false
20	-4	124	false
24	-4	124	false
28	-4	124	false
32	-4	124	false
36	-4	124	false
40	-4	124	false
44	-4	124	false
48	-4	124	false
52	-4	124	false
56	-4	124	false
60	-4	124	false
64	-4	125	false
68	-4	125	false
72	-4	125	false
76	-4	125	false
80	-4	125	false
84	-4	126	false
88	-4	127	false
92	-4	127	false
96	-4	127	false
100	-4	128	false
104	-4	129	false
108	-4	130	false
112	-4	130	false
116	-4	130	false
120	-4	132	false
124	-4	133	false
128	-4	133	false
132	-4	133	false
136	-4	133	false
140	-4	133	false
144	-4	133	false
148	-4	133	false
152	-4	130	false
156	-4	130	false
160	-4	130	false
164	-4	128	false
168	-4	127	false
172	-4	127	false
176	-4	128	false
180	-4	130	false
184	-4	130	false
188	-4	130	false
192	-4	131	false
196	-4	132	false
200	-4	133	false
204	-4	132	false
208	-4	131	false
212	-4	130	false
216	-4	130	false
220	-4	130	false
224	-4	130	false
228	-4	130	false
232	-4	130	false
236	-4	130	false
240	-4	128	false
244	-4	127	false
248	-4	127	false
252	-4	127	false
256	-4	126	false
260	-4	125	false
264	-4	125	false
268	-4	124	false
272	-4	124	false
276	-4	127	false
280	-4	127	false
284	-4	127	false
288	-4	128	false
-288	0	90	false
-284	0	95	false
-280	0	99	false
-276	0	102	false
-272	0	106	false
-268	0	109	false
-264	0	111	false
-260	0	113	false
-256	0	116	false
-252	0	118	false
-248	0	119	false
-244	0	119	false
-240	0	121	false
-236	0	120	false
-232	0	121	false
-228	0	121	false
-224	0	121	false
-220	0	121	false
-216	0	121	false
-212	0	122	false
-208	0	124	false
-204	0	124	false
-200	0	125	false
-196	0	127	false
-192	0	127	false
-188	0	127	false
-184	0	127	false
-180	0	127	false
-176	0	127	false
-172	0	127	false
-168	0	127	false
-164	0	127	false
-160	0	127	false
-156	0	127	false
-152	0	124	false
-148	0	124	false
-144	0	124	false
-140	0	123	false
-136	0	121	false
-132	0	121	false
-128	0	119	false
-124	0	118	false
-120	0	118	false
-116	0	118	false
-112	0	119	false
-108	0	120	false
-104	0	121	false
-100	0	122	false
-96	0	122	false
-92	0	124	false
-88	0	124	false
-84	0	124	false
-80	0	124	false
-76	0	123	false
-72	0	122	false
-68	0	122	false
-64	0	123	false
-60	0	123	false
-56	0	124	false
-52	0	124	false
-48	0	124	false
-44	0	124	false
-40	0	124	false
-36	0	124	false
-32	0	124	false
-28	0	124	false
-24	0	124	false
-20	0	124	false
-16	0	124	false
-12	0	124	false
-8	0	124	false
-4	0	124	false
0	0	124	false
4	0	124	false
8	0	124	false
12	0	124	false
16	0	124	false
20	0	124	false
24	0	124	false
28	0	124	false
32	0	124	false
36	0	124	false
40	0	124	false
44	0	124	false
48	0	124	false
52	0	124	false
56	0	124	false
60	0	125	false
64	0	126	false
68	0	126	false
72	0	127	false
76	0	127	false
80	0	127	false
84	0	127	false
88	0	127	false
92	0	127	false
96	0	127	false
100	0	128	false
104	0	130	false
108	0	130	false
112	0	130	false
116	0	130	false
120	0	131	false
124	0	133	false
128	0	133	false
132	0	133	false
136	0	133	false
140	0	133	false
144	0	133	false
148	0	132	false
152	0	132	false
156	0	130	false
160	0	130	false
164	0	130	false
168	0	130	false
172	0	130	false
176	0	130	false
180	0	130	false
184	0	131	false
188	0	133	false
192	0	133	false
196	0	133	false
200	0	133	false
204	0	133	false
208	0	133	false
212	0	131	false
216	0	131	false
220	0	130	false
224	0	130	false
228	0	130	false
232	0	130	false
236	0	129	false
240	0	128	false
244	0	127	false
248	0	127	false
252	0	127	false
256	0	126	false
260	0	125	false
264	0	125	false
268	0	125	false
272	0	126	false
276	0	126	false
280	0	127	false
284	0	127	false
288	0	128	false
-288	4	91	false
-284	4	96	false
-280	4	100	false
-276	4	104	false
-272	4	106	false
-268	4	110	false
-264	4	113	false
-260	4	115	false
-256	4	118	false
-252	4	119	false
-248	4	121	false
-244	4	121	false
-240	4	121	false
-236	4	121	false
-232	4	121	false
-228	4	121	false
-224	4	121	false
-220	4	121	false
-216	4	121	false
-212	4	122	false
-208	4	124	false
-204	4	124	false
-200	4	125	false
-196	4	127	false
-192	4	127	false
-188	4	127	false
-184	4	127	false
-180	4	127	false
-176	4	127	false
-172	4	127	false
-168	4	127	false
-164	4	127	false
-160	4	127	false
-156	4	126	false
-152	4	125	false
-148	4	125	false
-144	4	125	false
-140	4	124	false
-136	4	123	false
-132	4	122	false
-128	4	121	false
-124	4	120	false
-120	4	119	false
-116	4	119	false
-112	4	121	false
-108	4	121	false
-104	4	122	false
-100	4	122	false
-96	4	124	false
-92	4	124	false
-88	4	124	false
-84	4	124	false
-80	4	124	false
-76	4	124	false
-72	4	122	false
-68	4	122	false
-64	4	123	false
-60	4	123	false
-56	4	124	false
-52	4	124	false
-48	4	124	false
-44	4	124	false
-40	4	124	false
-36	4	124	false
-32	4	124	false
-28	4	124	false
-24	4	124	false
-20	4	124	false
-16	4	124	false
-12	4	124	false
-8	4	124	false
-4	4	124	false
0	4	124	false
4	4	124	false
8	4	124	false
12	4	124	false
16	4	124	false
20	4	124	false
24	4	124	false
28	4	124	false
32	4	124	false
36	4	124	false
40	4	124	false
44	4	124	false
48	4	124	false
52	4	124	false
56	4	124	false
60	4	125	false
64	4	126	false
68	4	126	false
72	4	127	false
76	4	127	false
80	4	127	false
84	4	127	false
88	4	127	false
92	4	128	false
96	4	129	false
100	4	130	false
104	4	130	false
108	4	130	false
112	4	130	false
116	4	130	false
120	4	131	false
124	4	133	false
128	4	133	false
132	4	133	false
136	4	133	false
140	4	133	false
144	4	133	false
148	4	133	false
152	4	131	false
156	4	130	false
160	4	130	false
164	4	130	false
168	4	130	false
172	4	130	false
176	4	130	false
180	4	130	false
184	4	131	false
188	4	133	false
192	4	133	false
196	4	133	false
200	4	133	false
204	4	133	false
208	4	133	false
212	4	133	false
216	4	133	false
220	4	130	false
224	4	130	false
228	4	130	false
232	4	129	false
236	4	128	false
240	4	127	false
244	4	127	false
248	4	127	false
252	4	126	false
256	4	125	false
260	4	124	false
264	4	124	false
268	4	124	false
272	4	125	false
276	4	127	false
280	4	127	false
284	4	127	false
288	4	128	false
-288	8	91	false
-284	8	97	false
-280	8	100	false
-276	8	104	false
-272	8	107	false
-268	8	111	false
-264	8	113	false
-260	8	116	false
-256	8	118	false
-252	8	121	false
-248	8	121	false
-244	8	121	false
-240	8	121	false
-236	8	122	false
-232	8	121	false
-228	8	121	false
-224	8	121	false
-220	8	121	false
-216	8	121	false
-212	8	121	false
-208	8	122	false
-204	8	124	false
-200	8	124	false
-196	8	125	false
-192	8	126	false
-188	8	127	false
-184	8	127	false
-180	8	127	false
-176	8	127	false
-172	8	127	false
-168	8	127	false
-164	8	127	false
-160	8	126	false
-156	8	126	false
-152	8	127	false
-148	8	127	false
-144	8	126	false
-140	8	124	false
-136	8	124	false
-132	8	123	false
-128	8	122	false
-124	8	121	false
-120	8	121	false
-116	8	121	false
-112	8	122	false
-108	8	122	false
-104	8	124	false
-100	8	124	false
-96	8	124	false
-92	8	124	false
-88	8	125	false
-84	8	124	false
-80	8	124	false
-76	8	124	false
-72	8	124	false
-68	8	124	false
-64	8	124	false
-60	8	123	false
-56	8	124	false
-52	8	124	false
-48	8	124	false
-44	8	124	false
-40	8	124	false
-36	8	124	false
-32	8	124	false
-28	8	124	false
-24	8	124	false
-20	8	124	false
-16	8	124	false
-12	8	124	false
-8	8	124	false
-4	8	124	false
0	8	124	false
4	8	124	false
8	8	124	false
12	8	124	false
16	8	124	false
20	8	124	false
24	8	124	false
28	8	124	false
32	8	124	false
36	8	124	false
40	8	124	false
44	8	124	false
48	8	124	false
52	8	124	false
56	8	124	false
60	8	125	false
64	8	126	false
68	8	127	false
72	8	128	false
76	8	128	false
80	8	128	false
84	8	129	false
88	8	129	false
92	8	130	false
96	8	130	false
100	8	130	false
104	8	130	false
108	8	130	false
112	8	130	false
116	8	131	false
120	8	132	false
124	8	133	false
128	8	133	false
132	8	133	false
136	8	133	false
140	8	133	false
144	8	133	false
148	8	133	false
152	8	131	false
156	8	130	false
160	8	130	false
164	8	130	false
168	8	130	false
172	8	130	false
176	8	130	false
180	8	130	false
184	8	131	false
188	8	133	false
192	8	133	false
196	8	133	false
200	8	133	false
204	8	133	false
208	8	133	false
212	8	133	false
216	8	133	false
220	8	130	false
224	8	130	false
228	8	130	false
232	8	130	false
236	8	130	false
240	8	128	false
244	8	127	false
248	8	126	false
252	8	125	false
256	8	124	false
260	8	124	false
264	8	124	false
268	8	124	false
272	8	124	false
276	8	125	false
280	8	127	false
284	8	127	false
288	8	128	false
-288	12	91	false
-284	12	97	false
-280	12	100	false
-276	12	104	false
-272	12	107	false
-268	12	111	false
-264	12	114	false
-260	12	116	false
-256	12	118	false
-252	12	121	false
-248	12	122	false
-244	12	123	false
-240	12	122	false
-236	12	124	false
-232	12	121	false
-228	12	121	false
-224	12	121	false
-220	12	121	false
-216	12	121	false
-212	12	121	false
-208	12	122	false
-204	12	124	false
-200	12	124	false
-196	12	124	false
-192	12	124	false
-188	12	126	false
-184	12	126	false
-180	12	126	false
-176	12	126	false
-172	12	125	false
-168	12	125	false
-164	12	125	false
-160	12	126	false
-156	12	126	false
-152	12	127	false
-148	12	127	false
-144	12	126	false
-140	12	124	false
-136	12	124	false
-132	12	124	false
-128	12	124	false
-124	12	123	false
-120	12	123	false
-116	12	123	false
-112	12	123	false
-108	12	124	false
-104	12	124	false
-100	12	124	false
-96	12	125	false
-92	12	126	false
-88	12	127	false
-84	12	126	false
-80	12	124	false
-76	12	124	false
-72	12	124	false
-68	12	124	false
-64	12	124	false
-60	12	124	false
-56	12	124	false
-52	12	124	false
-48	12	124	false
-44	12	124	false
-40	12	124	false
-36	12	124	false
-32	12	124	false
-28	12	124	false
-24	12	124	false
-20	12	124	false
-16	12	124	false
-12	12	124	false
-8	12	124	false
-4	12	124	false
0	12	124	false
4	12	124	false
8	12	124	false
12	12	124	false
16	12	124	false
20	12	124	false
24	12	124	false
28	12	124	false
32	12	124	false
36	12	124	false
40	12	124	false
44	12	124	false
48	12	124	false
52	12	124	false
56	12	125	false
60	12	126	false
64	12	127	false
68	12	129	false
72	12	130	false
76	12	130	false
80	12	130	false
84	12	130	false
88	12	130	false
92	12	130	false
96	12	130	false
100	12	130	false
104	12	130	false
108	12	130	false
112	12	130	false
116	12	130	false
120	12	131	false
124	12	132	false
128	12	133	false
132	12	133	false
136	12	133	false
140	12	133	false
144	12	132	false
148	12	131	false
152	12	130	false
156	12	130	false
160	12	130	false
164	12	130	false
168	12	130	false
172	12	130	false
176	12	130	false
180	12	130	false
184	12	131	false
188	12	132	false
192	12	133	false
196	12	133	false
200	12	133	false
204	12	133	false
208	12	133	false
212	12	133	false
216	12	132	false
220	12	130	false
224	12	130	false
228	12	130	false
232	12	130	false
236	12	129	false
240	12	127	false
244	12	127	false
248	12	127	false
252	12	126	false
256	12	124	false
260	12	124	false
264	12	124	false
268	12	124	false
272	12	124	false
276	12	125	false
280	12	127	false
284	12	127	false
288	12	127	false
-288	16	91	false
-284	16	96	false
-280	16	100	false
-276	16	104	false
-272	16	107	false
-268	16	111	false
-264	16	113	false
-260	16	116	false
-256	16	118	false
-252	16	121	false
-248	16	122	false
-244	16	122	false
-240	16	122	false
-236	16	123	false
-232	16	121	false
-228	16	121	false
-224	16	121	false
-220	16	121	false
-216	16	121	false
-212	16	121	false
-208	16	121	false
-204	16	122	false
-200	16	122	false
-196	16	122	false
-192	16	123	false
-188	16	124	false
-184	16	124	false
-180	16	124	false
-176	16	124	false
-172	16	124	false
-168	16	124	false
-164	16	124	false
-160	16	124	false
-156	16	124	false
-152	16	124	false
-148	16	124	false
-144	16	124	false
-140	16	124	false
-136	16	124	false
-132	16	124	false
-128	16	124	false
-124	16	124	false
-120	16	124	false
-116	16	124	false
-112	16	124	false
-108	16	124	false
-104	16	124	false
-100	16	124	false
-96	16	125	false
-92	16	126	false
-88	16	125	false
-84	16	125	false
-80	16	124	false
-76	16	124	false
-72	16	124	false
-68	16	124	false
-64	16	124	false
-60	16	124	false
-56	16	124	false
-52	16	124	false
-48	16	124	false
-44	16	124	false
-40	16	124	false
-36	16	124	false
-32	16	124	false
-28	16	124	false
-24	16	124	false
-20	16	124	false
-16	16	124	false
-12	16	124	false
-8	16	124	false
-4	16	124	false
0	16	124	false
4	16	124	false
8	16	124	false
12	16	124	false
16	16	124	false
20	16	124	false
24	16	124	false
28	16	124	false
32	16	124	false
36	16	124	false
40	16	124	false
44	16	124	false
48	16	124	false
52	16	124	false
56	16	125	false
60	16	126	false
64	16	127	false
68	16	129	false
72	16	130	false
76	16	131	false
80	16	130	false
84	16	130	false
88	16	130	false
92	16	130	false
96	16	130	false
100	16	130	false
104	16	130	false
108	16	130	false
112	16	130	false
116	16	130	false
120	16	130	false
124	16	130	false
128	16	130	false
132	16	131	false
136	16	131	false
140	16	131	false
144	16	130	false
148	16	130	false
152	16	130	false
156	16	129	false
160	16	128	false
164	16	128	false
168	16	128	false
172	16	128	false
176	16	129	false
180	16	130	false
184	16	130	false
188	16	131	false
192	16	131	false
196	16	132	false
200	16	133	false
204	16	132	false
208	16	132	false
212	16	131	false
216	16	131	false
220	16	130	false
224	16	130	false
228	16	130	false
232	16	130	false
236	16	128	false
240	16	127	false
244	16	127	false
248	16	127	false
252	16	125	false
256	16	124	false
260	16	124	false
264	16	124	false
268	16	124	false
272	16	124	false
276	16	125	false
280	16	126	false
284	16	127	false
288	16	127	false
-288	20	90	false
-284	20	95	false
-280	20	99	false
-276	20	103	false
-272	20	107	false
-268	20	110	false
-264	20	114	false
-260	20	116	false
-256	20	118	false
-252	20	121	false
-248	20	121	false
-244	20	121	false
-240	20	123	false
-236	20	122	false
-232	20	121	false
-228	20	121	false
-224	20	121	false
-220	20	121	false
-216	20	121	false
-212	20	120	false
-208	20	121	false
-204	20	121	false
-200	20	121	false
-196	20	121	false
-192	20	122	false
-188	20	122	false
-184	20	122	false
-180	20	122	false
-176	20	122	false
-172	20	123	false
-168	20	123	false
-164	20	123	false
-160	20	123	false
-156	20	123	false
-152	20	124	false
-148	20	124	false
-144	20	124	false
-140	20	124	false
-136	20	125	false
-132	20	126	false
-128	20	127	false
-124	20	127	false
-120	20	127	false
-116	20	127	false
-112	20	127	false
-108	20	127	false
-104	20	127	false
-100	20	126	false
-96	20	124	false
-92	20	124	false
-88	20	124	false
-84	20	124	false
-80	20	124	false
-76	20	124	false
-72	20	124	false
-68	20	124	false
-64	20	124	false
-60	20	124	false
-56	20	124	false
-52	20	124	false
-48	20	124	false
-44	20	124	false
-40	20	124	false
-36	20	124	false
-32	20	124	false
-28	20	124	false
-24	20	124	false
-20	20	124	false
-16	20	124	false
-12	20	124	false
-8	20	124	false
-4	20	124	false
0	20	124	false
4	20	124	false
8	20	124	false
12	20	124	false
16	20	124	false
20	20	124	false
24	20	124	false
28	20	124	false
32	20	124	false
36	20	124	false
40	20	124	false
44	20	124	false
48	20	124	false
52	20	124	false
56	20	125	false
60	20	126	false
64	20	128	false
68	20	131	false
72	20	132	false
76	20	133	false
80	20	132	false
84	20	131	false
88	20	131	false
92	20	130	false
96	20	129	false
100	20	128	false
104	20	128	false
108	20	128	false
112	20	128	false
116	20	128	false
120	20	129	false
124	20	129	false
128	20	129	false
132	20	130	false
136	20	130	false
140	20	130	false
144	20	129	false
148	20	129	false
152	20	129	false
156	20	129	false
160	20	129	false
164	20	128	false
168	20	129	false
172	20	129	false
176	20	130	false
180	20	130	false
184	20	130	false
188	20	131	false
192	20	131	false
196	20	131	false
200	20	131	false
204	20	131	false
208	20	131	false
212	20	130	false
216	20	130	false
220	20	130	false
224	20	130	false
228	20	130	false
232	20	129	false
236	20	127	false
240	20	127	false
244	20	127	false
248	20	127	false
252	20	126	false
256	20	124	false
260	20	124	false
264	20	124	false
268	20	124	false
272	20	125	false
276	20	127	false
280	20	127	false
284	20	127	false
288	20	127	false
-288	24	89	false
-284	24	94	false
-280	24	98	false
-276	24	102	false
-272	24	105	false
-268	24	109	false
-264	24	112	false
-260	24	115	false
-256	24	118	false
-252	24	119	false
-248	24	121	false
-244	24	121	false
-240	24	121	false
-236	24	121	false
-232	24	121	false
-228	24	121	false
-224	24	120	false
-220	24	121	false
-216	24	119	false
-212	24	119	false
-208	24	119	false
-204	24	119	false
-200	24	118	false
-196	24	120	false
-192	24	120	false
-188	24	120	false
-184	24	120	false
-180	24	120	false
-176	24	121	false
-172	24	121	false
-168	24	121	false
-164	24	121	false
-160	24	121	false
-156	24	121	false
-152	24	122	false
-148	24	122	false
-144	24	124	false
-140	24	124	false
-136	24	125	false
-132	24	127	false
-128	24	127	false
-124	24	128	false
-120	24	128	false
-116	24	128	false
-112	24	127	false
-108	24	127	false
-104	24	127	false
-100	24	127	false
-96	24	124	false
-92	24	124	false
-88	24	124	false
-84	24	124	false
-80	24	124	false
-76	24	124	false
-72	24	124	false
-68	24	124	false
-64	24	125	false
-60	24	124	false
-56	24	124	false
-52	24	124	false
-48	24	124	false
-44	24	124	false
-40	24	124	false
-36	24	124	false
-32	24	124	false
-28	24	124	false
-24	24	124	false
-20	24	124	false
-16	24	124	false
-12	24	124	false
-8	24	124	false
-4	24	124	false
0	24	124	false
4	24	124	false
8	24	124	false
12	24	124	false
16	24	124	false
20	24	124	false
24	24	124	false
28	24	124	false
32	24	124	false
36	24	124	false
40	24	124	false
44	24	124	false
48	24	124	false
52	24	124	false
56	24	125	false
60	24	127	false
64	24	129	false
68	24	131	false
72	24	132	false
76	24	133	false
80	24	133	false
84	24	133	false
88	24	131	false
92	24	130	false
96	24	128	false
100	24	127	false
104	24	127	false
108	24	127	false
112	24	127	false
116	24	127	false
120	24	127	false
124	24	127	false
128	24	127	false
132	24	127	false
136	24	127	false
140	24	128	false
144	24	128	false
148	24	128	false
152	24	128	false
156	24	127	false
160	24	127	false
164	24	127	false
168	24	127	false
172	24	127	false
176	24	128	false
180	24	129	false
184	24	130	false
188	24	130	false
192	24	130	false
196	24	130	false
200	24	130	false
204	24	130	false
208	24	130	false
212	24	130	false
216	24	130	false
220	24	130	false
224	24	130	false
228	24	130	false
232	24	129	false
236	24	128	false
240	24	127	false
244	24	127	false
248	24	127	false
252	24	127	false
256	24	125	false
260	24	125	false
264	24	124	false
268	24	125	false
272	24	126	false
276	24	127	false
280	24	127	false
284	24	127	false
288	24	127	false
-288	28	88	false
-284	28	94	false
-280	28	98	false
-276	28	101	false
-272	28	105	false
-268	28	109	false
-264	28	112	false
-260	28	115	false
-256	28	118	false
-252	28	119	false
-248	28	121	false
-244	28	121	false
-240	28	121	false
-236	28	121	false
-232	28	121	false
-228	28	121	false
-224	28	119	false
-220	28	119	false
-216	28	118	false
-212	28	118	false
-208	28	118	false
-204	28	118	false
-200	28	118	false
-196	28	118	false
-192	28	118	false
-188	28	118	false
-184	28	118	false
-180	28	118	false
-176	28	119	false
-172	28	119	false
-168	28	119	false
-164	28	120	false
-160	28	121	false
-156	28	121	false
-152	28	121	false
-148	28	121	false
-144	28	122	false
-140	28	124	false
-136	28	126	false
-132	28	127	false
-128	28	128	false
-124	28	130	false
-120	28	130	false
-116	28	130	false
-112	28	129	false
-108	28	128	false
-104	28	127	false
-100	28	127	false
-96	28	124	false
-92	28	124	false
-88	28	124	false
-84	28	124	false
-80	28	124	false
-76	28	124	false
-72	28	124	false
-68	28	125	false
-64	28	126	false
-60	28	125	false
-56	28	124	false
-52	28	124	false
-48	28	124	false
-44	28	124	false
-40	28	124	false
-36	28	124	false
-32	28	124	false
-28	28	124	false
-24	28	124	false
-20	28	124	false
-16	28	124	false
-12	28	124	false
-8	28	124	false
-4	28	124	false
0	28	124	false
4	28	124	false
8	28	124	false
12	28	124	false
16	28	124	false
20	28	124	false
24	28	124	false
28	28	124	false
32	28	124	false
36	28	124	false
40	28	124	false
44	28	124	false
48	28	124	false
52	28	124	false
56	28	125	false
60	28	127	false
64	28	129	false
68	28	132	false
72	28	133	false
76	28	135	false
80	28	135	false
84	28	133	false
88	28	131	false
92	28	129	false
96	28	127	false
100	28	127	false
104	28	127	false
108	28	127	false
112	28	127	false
116	28	127	false
120	28	127	false
124	28	127	false
128	28	127	false
132	28	127	false
136	28	127	false
140	28	127	false
144	28	127	false
148	28	127	false
152	28	127	false
156	28	127	false
160	28	127	false
164	28	127	false
168	28	127	false
172	28	127	false
176	28	127	false
180	28	127	false
184	28	128	false
188	28	129	false
192	28	130	false
196	28	130	false
200	28	130	false
204	28	130	false
208	28	130	false
212	28	130	false
216	28	130	false
220	28	130	false
224	28	130	false
228	28	130	false
232	28	130	false
236	28	129	false
240	28	127	false
244	28	127	false
248	28	127	false
252	28	127	false
256	28	127	false
260	28	127	false
264	28	127	false
268	28	127	false
272	28	127	false
276	28	127	false
280	28	127	false
284	28	127	false
288	28	127	false
-288	32	88	false
-284	32	92	false
-280	32	97	false
-276	32	101	false
-272	32	104	false
-268	32	109	false
-264	32	112	false
-260	32	113	false
-256	32	118	false
-252	32	118	false
-248	32	121	false
-244	32	121	false
-240	32	121	false
-236	32	121	false
-232	32	121	false
-228	32	120	false
-224	32	120	false
-220	32	118	false
-216	32	118	false
-212	32	118	false
-208	32	118	false
-204	32	118	false
-200	32	118	false
-196	32	118	false
-192	32	118	false
-188	32	118	false
-184	32	118	false
-180	32	118	false
-176	32	118	false
-172	32	118	false
-168	32	118	false
-164	32	118	false
-160	32	119	false
-156	32	121	false
-152	32	121	false
-148	32	121	false
-144	32	122	false
-140	32	124	false
-136	32	126	false
-132	32	127	false
-128	32	130	false
-124	32	130	false
-120	32	130	false
-116	32	130	false
-112	32	130	false
-108	32	128	false
-104	32	127	false
-100	32	126	false
-96	32	124	false
-92	32	124	false
-88	32	124	false
-84	32	124	false
-80	32	124	false
-76	32	124	false
-72	32	124	false
-68	32	125	false
-64	32	126	false
-60	32	125	false
-56	32	124	false
-52	32	124	false
-48	32	124	false
-44	32	124	false
-40	32	124	false
-36	32	124	false
-32	32	124	false
-28	32	124	false
-24	32	124	false
-20	32	124	false
-16	32	124	false
-12	32	124	false
-8	32	124	false
-4	32	124	false
0	32	124	false
4	32	124	false
8	32	124	false
12	32	124	false
16	32	124	false
20	32	124	false
24	32	124	false
28	32	124	false
32	32	124	false
36	32	124	false
40	32	124	false
44	32	124	false
48	32	124	false
52	32	124	false
56	32	125	false
60	32	127	false
64	32	130	false
68	32	133	false
72	32	135	false
76	32	136	false
80	32	135	false
84	32	133	false
88	32	131	false
92	32	129	false
96	32	127	false
100	32	127	false
104	32	127	false
108	32	126	false
112	32	125	false
116	32	126	false
120	32	127	false
124	32	127	false
128	32	127	false
132	32	127	false
136	32	127	false
140	32	127	false
144	32	127	false
148	32	127	false
152	32	127	false
156	32	127	false
160	32	127	false
164	32	127	false
168	32	127	false
172	32	127	false
176	32	127	false
180	32	127	false
184	32	127	false
188	32	127	false
192	32	128	false
196	32	128	false
200	32	128	false
204	32	128	false
208	32	130	false
212	32	130	false
216	32	130	false
220	32	130	false
224	32	130	false
228	32	130	false
232	32	130	false
236	32	129	false
240	32	127	false
244	32	127	false
248	32	127	false
252	32	127	false
256	32	127	false
260	32	127	false
264	32	127	false
268	32	127	false
272	32	127	false
276	32	127	false
280	32	127	false
284	32	127	false
288	32	127	false
-288	36	88	false
-284	36	93	false
-280	36	97	false
-276	36	101	false
-272	36	104	false
-268	36	109	false
-264	36	112	false
-260	36	114	false
-256	36	118	false
-252	36	118	false
-248	36	121	false
-244	36	121	false
-240	36	121	false
-236	36	121	false
-232	36	121	false
-228	36	119	false
-224	36	120	false
-220	36	118	false
-216	36	118	false
-212	36	118	false
-208	36	118	false
-204	36	118	false
-200	36	118	false
-196	36	118	false
-192	36	118	false
-188	36	118	false
-184	36	118	false
-180	36	118	false
-176	36	118	false
-172	36	118	false
-168	36	118	false
-164	36	118	false
-160	36	118	false
-156	36	121	false
-152	36	121	false
-148	36	121	false
-144	36	123	false
-140	36	125	false
-136	36	127	false
-132	36	129	false
-128	36	130	false
-124	36	130	false
-120	36	130	false
-116	36	130	false
-112	36	130	false
-108	36	129	false
-104	36	128	false
-100	36	126	false
-96	36	125	false
-92	36	124	false
-88	36	124	false
-84	36	124	false
-80	36	124	false
-76	36	125	false
-72	36	125	false
-68	36	125	false
-64	36	126	false
-60	36	125	false
-56	36	124	false
-52	36	124	false
-48	36	124	false
-44	36	124	false
-40	36	124	false
-36	36	124	false
-32	36	124	false
-28	36	124	false
-24	36	124	false
-20	36	124	false
-16	36	124	false
-12	36	124	false
-8	36	124	false
-4	36	124	false
0	36	124	false
4	36	124	false
8	36	124	false
12	36	124	false
16	36	124	false
20	36	124	false
24	36	124	false
28	36	124	false
32	36	124	false
36	36	124	false
40	36	124	false
44	36	124	false
48	36	124	false
52	36	124	false
56	36	125	false
60	36	127	false
64	36	130	false
68	36	133	false
72	36	135	false
76	36	136	false
80	36	136	false
84	36	133	false
88	36	131	false
92	36	129	false
96	36	127	false
100	36	127	false
104	36	127	false
108	36	126	false
112	36	127	false
116	36	127	false
120	36	127	false
124	36	127	false
128	36	127	false
132	36	127	false
136	36	127	false
140	36	127	false
144	36	127	false
148	36	127	false
152	36	127	false
156	36	127	false
160	36	127	false
164	36	127	false
168	36	127	false
172	36	127	false
176	36	127	false
180	36	127	false
184	36	127	false
188	36	127	false
192	36	127	false
196	36	127	false
200	36	127	false
204	36	127	false
208	36	130	false
212	36	130	false
216	36	130	false
220	36	130	false
224	36	130	false
228	36	130	false
232	36	130	false
236	36	129	false
240	36	127	false
244	36	127	false
248	36	127	false
252	36	127	false
256	36	127	false
260	36	127	false
264	36	127	false
268	36	127	false
272	36	127	false
276	36	127	false
280	36	127	false
284	36	127	false
288	36	127	false
-288	40	88	false
-284	40	93	false
-280	40	97	false
-276	40	101	false
-272	40	104	false
-268	40	109	false
-264	40	112	false
-260	40	115	false
-256	40	118	false
-252	40	118	false
-248	40	121	false
-244	40	121	false
-240	40	121	false
-236	40	121	false
-232	40	121	false
-228	40	120	false
-224	40	120	false
-220	40	118	false
-216	40	118	false
-212	40	118	false
-208	40	118	false
-204	40	118	false
-200	40	118	false
-196	40	118	false
-192	40	118	false
-188	40	118	false
-184	40	118	false
-180	40	118	false
-176	40	118	false
-172	40	118	false
-168	40	118	false
-164	40	118	false
-160	40	119	false
-156	40	121	false
-152	40	121	false
-148	40	121	false
-144	40	124	false
-140	40	125	false
-136	40	127	false
-132	40	128	false
-128	40	130	false
-124	40	130	false
-120	40	130	false
-116	40	130	false
-112	40	130	false
-108	40	130	false
-104	40	128	false
-100	40	127	false
-96	40	127	false
-92	40	125	false
-88	40	124	false
-84	40	124	false
-80	40	124	false
-76	40	125	false
-72	40	127	false
-68	40	126	false
-64	40	126	false
-60	40	125	false
-56	40	124	false
-52	40	124	false
-48	40	124	false
-44	40	124	false
-40	40	124	false
-36	40	124	false
-32	40	124	false
-28	40	124	false
-24	40	124	false
-20	40	124	false
-16	40	124	false
-12	40	124	false
-8	40	124	false
-4	40	124	false
0	40	124	false
4	40	124	false
8	40	124	false
12	40	124	false
16	40	124	false
20	40	124	false
24	40	124	false
28	40	124	false
32	40	124	false
36	40	124	false
40	40	124	false
44	40	124	false
48	40	124	false
52	40	124	false
56	40	125	false
60	40	127	false
64	40	131	false
68	40	133	false
72	40	135	false
76	40	136	false
80	40	136	false
84	40	133	false
88	40	131	false
92	40	129	false
96	40	127	false
100	40	127	false
104	40	127	false
108	40	127	false
112	40	127	false
116	40	127	false
120	40	127	false
124	40	127	false
128	40	127	false
132	40	127	false
136	40	127	false
140	40	127	false
144	40	127	false
148	40	127	false
152	40	127	false
156	40	127	false
160	40	127	false
164	40	127	false
168	40	127	false
172	40	128	false
176	40	128	false
180	40	129	false
184	40	129	false
188	40	129	false
192	40	129	false
196	40	129	false
200	40	129	false
204	40	128	false
208	40	130	false
212	40	130	false
216	40	130	false
220	40	130	false
224	40	130	false
228	40	130	false
232	40	130	false
236	40	129	false
240	40	127	false
244	40	127	false
248	40	127	false
252	40	127	false
256	40	127	false
260	40	127	false
264	40	127	false
268	40	127	false
272	40	127	false
276	40	127	false
280	40	127	false
284	40	127	false
288	40	127	false
-288	44	88	false
-284	44	93	false
-280	44	97	false
-276	44	102	false
-272	44	104	false
-268	44	109	false
-264	44	111	false
-260	44	115	false
-256	44	117	false
-252	44	119	false
-248	44	121	false
-244	44	121	false
-240	44	121	false
-236	44	121	false
-232	44	121	false
-228	44	121	false
-224	44	121	false
-220	44	119	false
-216	44	120	false
-212	44	119	false
-208	44	119	false
-204	44	119	false
-200	44	118	false
-196	44	118	false
-192	44	119	false
-188	44	119	false
-184	44	119	false
-180	44	119	false
-176	44	118	false
-172	44	118	false
-168	44	119	false
-164	44	119	false
-160	44	121	false
-156	44	121	false
-152	44	121	false
-148	44	122	false
-144	44	124	false
-140	44	125	false
-136	44	127	false
-132	44	128	false
-128	44	130	false
-124	44	130	false
-120	44	130	false
-116	44	130	false
-112	44	130	false
-108	44	130	false
-104	44	128	false
-100	44	127	false
-96	44	127	false
-92	44	126	false
-88	44	125	false
-84	44	125	false
-80	44	125	false
-76	44	126	false
-72	44	127	false
-68	44	126	false
-64	44	126	false
-60	44	125	false
-56	44	124	false
-52	44	124	false
-48	44	124	false
-44	44	124	false
-40	44	124	false
-36	44	124	false
-32	44	124	false
-28	44	124	false
-24	44	124	false
-20	44	124	false
-16	44	124	false
-12	44	124	false
-8	44	124	false
-4	44	124	false
0	44	124	false
4	44	124	false
8	44	124	false
12	44	124	false
16	44	124	false
20	44	124	false
24	44	124	false
28	44	124	false
32	44	124	false
36	44	124	false
40	44	124	false
44	44	124	false
48	44	124	false
52	44	124	false
56	44	125	false
60	44	127	false
64	44	130	false
68	44	133	false
72	44	135	false
76	44	136	false
80	44	135	false
84	44	133	false
88	44	131	false
92	44	129	false
96	44	128	false
100	44	127	false
104	44	127	false
108	44	127	false
112	44	127	false
116	44	127	false
120	44	127	false
124	44	127	false
128	44	127	false
132	44	127	false
136	44	127	false
140	44	127	false
144	44	127	false
148	44	127	false
152	44	127	false
156	44	128	false
160	44	128	false
164	44	129	false
168	44	129	false
172	44	130	false
176	44	130	false
180	44	130	false
184	44	130	false
188	44	130	false
192	44	130	false
196	44	130	false
200	44	130	false
204	44	130	false
208	44	130	false
212	44	130	false
216	44	130	false
220	44	131	false
224	44	131	false
228	44	131	false
232	44	130	false
236	44	130	false
240	44	128	false
244	44	127	false
248	44	127	false
252	44	127	false
256	44	127	false
260	44	127	false
264	44	127	false
268	44	127	false
272	44	127	false
276	44	127	false
280	44	127	false
284	44	127	false
288	44	127	false
-288	48	88	false
-284	48	93	false
-280	48	97	false
-276	48	102	false
-272	48	104	false
-268	48	109	false
-264	48	111	false
-260	48	115	false
-256	48	116	false
-252	48	119	false
-248	48	119	false
-244	48	121	false
-240	48	121	false
-236	48	121	false
-232	48	121	false
-228	48	121	false
-224	48	121	false
-220	48	121	false
-216	48	121	false
-212	48	121	false
-208	48	120	false
-204	48	121	false
-200	48	120	false
-196	48	119	false
-192	48	119	false
-188	48	121	false
-184	48	121	false
-180	48	121	false
-176	48	121	false
-172	48	121	false
-168	48	121	false
-164	48	121	false
-160	48	121	false
-156	48	121	false
-152	48	122	false
-148	48	123	false
-144	48	124	false
-140	48	125	false
-136	48	127	false
-132	48	128	false
-128	48	129	false
-124	48	130	false
-120	48	130	false
-116	48	130	false
-112	48	130	false
-108	48	128	false
-104	48	127	false
-100	48	127	false
-96	48	127	false
-92	48	127	false
-88	48	127	false
-84	48	127	false
-80	48	127	false
-76	48	127	false
-72	48	127	false
-68	48	125	false
-64	48	125	false
-60	48	125	false
-56	48	124	false
-52	48	124	false
-48	48	124	false
-44	48	124	false
-40	48	124	false
-36	48	124	false
-32	48	124	false
-28	48	124	false
-24	48	124	false
-20	48	124	false
-16	48	124	false
-12	48	124	false
-8	48	124	false
-4	48	124	false
0	48	124	false
4	48	124	false
8	48	124	false
12	48	124	false
16	48	124	false
20	48	124	false
24	48	124	false
28	48	124	false
32	48	124	false
36	48	124	false
40	48	124	false
44	48	124	false
48	48	124	false
52	48	124	false
56	48	125	false
60	48	127	false
64	48	130	false
68	48	133	false
72	48	135	false
76	48	135	false
80	48	134	false
84	48	133	false
88	48	132	false
92	48	130	false
96	48	129	false
100	48	128	false
104	48	127	false
108	48	127	false
112	48	127	false
116	48	127	false
120	48	127	false
124	48	127	false
128	48	127	false
132	48	127	false
136	48	127	false
140	48	127	false
144	48	127	false
148	48	128	false
152	48	129	false
156	48	130	false
160	48	130	false
164	48	130	false
168	48	130	false
172	48	130	false
176	48	130	false
180	48	130	false
184	48	130	false
188	48	130	false
192	48	130	false
196	48	130	false
200	48	130	false
204	48	130	false
208	48	130	false
212	48	130	false
216	48	130	false
220	48	132	false
224	48	133	false
228	48	132	false
232	48	131	false
236	48	130	false
240	48	130	false
244	48	128	false
248	48	128	false
252	48	127	false
256	48	127	false
260	48	127	false
264	48	127	false
268	48	127	false
272	48	127	false
276	48	127	false
280	48	127	false
284	48	127	false
288	48	127	false
-288	52	88	false
-284	52	93	false
-280	52	97	false
-276	52	102	false
-272	52	104	false
-268	52	109	false
-264	52	111	false
-260	52	113	false
-256	52	117	false
-252	52	118	false
-248	52	120	false
-244	52	121	false
-240	52	121	false
-236	52	121	false
-232	52	122	false
-228	52	124	false
-224	52	123	false
-220	52	123	false
-216	52	123	false
-212	52	122	false
-208	52	122	false
-204	52	122	false
-200	52	121	false
-196	52	122	false
-192	52	122	false
-188	52	122	false
-184	52	122	false
-180	52	122	false
-176	52	122	false
-172	52	122	false
-168	52	122	false
-164	52	122	false
-160	52	122	false
-156	52	122	false
-152	52	124	false
-148	52	124	false
-144	52	124	false
-140	52	125	false
-136	52	127	false
-132	52	127	false
-128	52	127	false
-124	52	127	false
-120	52	127	false
-116	52	127	false
-112	52	127	false
-108	52	127	false
-104	52	127	false
-100	52	127	false
-96	52	127	false
-92	52	127	false
-88	52	127	false
-84	52	127	false
-80	52	127	false
-76	52	127	false
-72	52	126	false
-68	52	124	false
-64	52	124	false
-60	52	124	false
-56	52	124	false
-52	52	124	false
-48	52	124	false
-44	52	124	false
-40	52	124	false
-36	52	124	false
-32	52	124	false
-28	52	124	false
-24	52	124	false
-20	52	124	false
-16	52	124	false
-12	52	124	false
-8	52	124	false
-4	52	124	false
0	52	124	false
4	52	124	false
8	52	124	false
12	52	124	false
16	52	124	false
20	52	124	false
24	52	124	false
28	52	124	false
32	52	124	false
36	52	124	false
40	52	124	false
44	52	124	false
48	52	124	false
52	52	124	false
56	52	125	false
60	52	127	false
64	52	129	false
68	52	131	false
72	52	132	false
76	52	133	false
80	52	133	false
84	52	133	false
88	52	132	false
92	52	130	false
96	52	130	false
100	52	129	false
104	52	128	false
108	52	128	false
112	52	127	false
116	52	127	false
120	52	127	false
124	52	127	false
128	52	127	false
132	52	127	false
136	52	127	false
140	52	127	false
144	52	128	false
148	52	130	false
152	52	130	false
156	52	131	false
160	52	131	false
164	52	131	false
168	52	132	false
172	52	132	false
176	52	131	false
180	52	131	false
184	52	130	false
188	52	130	false
192	52	130	false
196	52	130	false
200	52	129	false
204	52	130	false
208	52	130	false
212	52	130	false
216	52	131	false
220	52	133	false
224	52	133	false
228	52	133	false
232	52	133	false
236	52	131	false
240	52	130	false
244	52	130	false
248	52	129	false
252	52	127	false
256	52	127	false
260	52	127	false
264	52	127	false
268	52	127	false
272	52	127	false
276	52	127	false
280	52	127	false
284	52	127	false
288	52	127	false
-288	56	88	false
-284	56	93	false
-280	56	98	false
-276	56	102	false
-272	56	105	false
-268	56	108	false
-264	56	112	false
-260	56	113	false
-256	56	115	false
-252	56	118	false
-248	56	118	false
-244	56	119	false
-240	56	120	false
-236	56	121	false
-232	56	122	false
-228	56	124	false
-224	56	125	false
-220	56	125	false
-216	56	124	false
-212	56	124	false
-208	56	124	false
-204	56	124	false
-200	56	124	false
-196	56	123	false
-192	56	124	false
-188	56	124	false
-184	56	124	false
-180	56	124	false
-176	56	124	false
-172	56	124	false
-168	56	124	false
-164	56	124	false
-160	56	124	false
-156	56	124	false
-152	56	124	false
-148	56	124	false
-144	56	124	false
-140	56	125	false
-136	56	127	false
-132	56	127	false
-128	56	127	false
-124	56	127	false
-120	56	127	false
-116	56	127	false
-112	56	127	false
-108	56	127	false
-104	56	127	false
-100	56	128	false
-96	56	128	false
-92	56	128	false
-88	56	128	false
-84	56	128	false
-80	56	127	false
-76	56	127	false
-72	56	125	false
-68	56	124	false
-64	56	124	false
-60	56	124	false
-56	56	124	false
-52	56	124	false
-48	56	124	false
-44	56	124	false
-40	56	124	false
-36	56	124	false
-32	56	124	false
-28	56	125	false
-24	56	124	false
-20	56	124	false
-16	56	124	false
-12	56	124	false
-8	56	124	false
-4	56	124	false
0	56	124	false
4	56	124	false
8	56	124	false
12	56	124	false
16	56	124	false
20	56	124	false
24	56	124	false
28	56	124	false
32	56	124	false
36	56	124	false
40	56	124	false
44	56	124	false
48	56	125	false
52	56	125	false
56	56	125	false
60	56	127	false
64	56	129	false
68	56	131	false
72	56	132	false
76	56	133	false
80	56	133	false
84	56	133	false
88	56	133	false
92	56	130	false
96	56	130	false
100	56	130	false
104	56	130	false
108	56	130	false
112	56	129	false
116	56	128	false
120	56	128	false
124	56	130	false
128	56	128	false
132	56	128	false
136	56	128	false
140	56	128	false
144	56	130	false
148	56	130	false
152	56	131	false
156	56	132	false
160	56	133	false
164	56	133	false
168	56	133	false
172	56	133	false
176	56	133	false
180	56	132	false
184	56	131	false
188	56	130	false
192	56	129	false
196	56	128	false
200	56	127	false
204	56	128	false
208	56	129	false
212	56	130	false
216	56	131	false
220	56	133	false
224	56	133	false
228	56	133	false
232	56	133	false
236	56	133	false
240	56	131	false
244	56	130	false
248	56	130	false
252	56	127	false
256	56	127	false
260	56	127	false
264	56	127	false
268	56	126	false
272	56	126	false
276	56	127	false
280	56	127	false
284	56	127	false
288	56	127	false
-288	60	88	false
-284	60	93	false
-280	60	98	false
-276	60	101	false
-272	60	105	false
-268	60	108	false
-264	60	111	false
-260	60	113	false
-256	60	115	false
-252	60	118	false
-248	60	118	false
-244	60	119	false
-240	60	121	false
-236	60	121	false
-232	60	123	false
-228	60	124	false
-224	60	125	false
-220	60	127	false
-216	60	126	false
-212	60	125	false
-208	60	125	false
-204	60	124	false
-200	60	124	false
-196	60	124	false
-192	60	124	false
-188	60	124	false
-184	60	124	false
-180	60	125	false
-176	60	125	false
-172	60	124	false
-168	60	124	false
-164	60	124	false
-160	60	124	false
-156	60	124	false
-152	60	124	false
-148	60	124	false
-144	60	124	false
-140	60	125	false
-136	60	126	false
-132	60	125	false
-128	60	125	false
-124	60	125	false
-120	60	125	false
-116	60	125	false
-112	60	126	false
-108	60	127	false
-104	60	127	false
-100	60	128	false
-96	60	130	false
-92	60	130	false
-88	60	130	false
-84	60	129	false
-80	60	128	false
-76	60	127	false
-72	60	125	false
-68	60	124	false
-64	60	123	false
-60	60	123	false
-56	60	123	false
-52	60	123	false
-48	60	123	false
-44	60	124	false
-40	60	124	false
-36	60	125	false
-32	60	125	false
-28	60	125	false
-24	60	126	false
-20	60	125	false
-16	60	125	false
-12	60	125	false
-8	60	124	false
-4	60	124	false
0	60	124	false
4	60	123	false
8	60	123	false
12	60	123	false
16	60	123	false
20	60	124	false
24	60	124	false
28	60	124	false
32	60	124	false
36	60	125	false
40	60	125	false
44	60	125	false
48	60	125	false
52	60	126	false
56	60	126	false
60	60	126	false
64	60	129	false
68	60	131	false
72	60	132	false
76	60	133	false
80	60	133	false
84	60	133	false
88	60	133	false
92	60	130	false
96	60	130	false
100	60	130	false
104	60	130	false
108	60	130	false
112	60	130	false
116	60	130	false
120	60	130	false
124	60	130	false
128	60	130	false
132	60	130	false
136	60	130	false
140	60	130	false
144	60	130	false
148	60	130	false
152	60	132	false
156	60	133	false
160	60	133	false
164	60	134	false
168	60	134	false
172	60	134	false
176	60	133	false
180	60	133	false
184	60	131	false
188	60	130	false
192	60	128	false
196	60	127	false
200	60	127	false
204	60	127	false
208	60	128	false
212	60	130	false
216	60	131	false
220	60	133	false
224	60	133	false
228	60	133	false
232	60	133	false
236	60	133	false
240	60	132	false
244	60	130	false
248	60	130	false
252	60	128	false
256	60	127	false
260	60	127	false
264	60	127	false
268	60	127	false
272	60	127	false
276	60	127	false
280	60	127	false
284	60	127	false
288	60	127	false
-288	64	88	false
-284	64	93	false
-280	64	97	false
-276	64	101	false
-272	64	106	false
-268	64	108	false
-264	64	111	false
-260	64	113	false
-256	64	115	false
-252	64	116	false
-248	64	118	false
-244	64	119	false
-240	64	121	false
-236	64	122	false
-232	64	124	false
-228	64	124	false
-224	64	126	false
-220	64	127	false
-216	64	127	false
-212	64	127	false
-208	64	127	false
-204	64	125	false
-200	64	125	false
-196	64	126	false
-192	64	124	false
-188	64	124	false
-184	64	125	false
-180	64	126	false
-176	64	127	false
-172	64	125	false
-168	64	124	false
-164	64	124	false
-160	64	124	false
-156	64	124	false
-152	64	124	false
-148	64	124	false
-144	64	125	false
-140	64	127	false
-136	64	125	false
-132	64	124	false
-128	64	124	false
-124	64	124	false
-120	64	124	false
-116	64	124	false
-112	64	125	false
-108	64	127	false
-104	64	127	false
-100	64	128	false
-96	64	130	false
-92	64	130	false
-88	64	130	false
-84	64	130	false
-80	64	128	false
-76	64	127	false
-72	64	125	false
-68	64	123	false
-64	64	122	false
-60	64	122	false
-56	64	122	false
-52	64	122	false
-48	64	123	false
-44	64	123	false
-40	64	125	false
-36	64	126	false
-32	64	126	false
-28	64	126	false
-24	64	126	false
-20	64	126	false
-16	64	126	false
-12	64	126	false
-8	64	125	false
-4	64	124	false
0	64	123	false
4	64	122	false
8	64	122	false
12	64	122	false
16	64	123	false
20	64	123	false
24	64	124	false
28	64	124	false
32	64	125	false
36	64	126	false
40	64	126	false
44	64	126	false
48	64	126	false
52	64	127	false
56	64	127	false
60	64	128	false
64	64	129	false
68	64	131	false
72	64	132	false
76	64	133	false
80	64	133	false
84	64	133	false
88	64	133	false
92	64	130	false
96	64	130	false
100	64	130	false
104	64	130	false
108	64	130	false
112	64	130	false
116	64	130	false
120	64	130	false
124	64	130	false
128	64	130	false
132	64	130	false
136	64	130	false
140	64	130	false
144	64	130	false
148	64	130	false
152	64	132	false
156	64	133	false
160	64	134	false
164	64	136	false
168	64	136	false
172	64	135	false
176	64	134	false
180	64	133	false
184	64	131	false
188	64	130	false
192	64	128	false
196	64	127	false
200	64	127	false
204	64	127	false
208	64	128	false
212	64	130	false
216	64	131	false
220	64	133	false
224	64	133	false
228	64	133	false
232	64	133	false
236	64	133	false
240	64	133	false
244	64	131	false
248	64	130	false
252	64	128	false
256	64	127	false
260	64	127	false
264	64	127	false
268	64	127	false
272	64	127	false
276	64	127	false
280	64	127	false
284	64	127	false
288	64	127	false
-288	68	89	false
-284	68	93	false
-280	68	97	false
-276	68	101	false
-272	68	106	false
-268	68	108	false
-264	68	111	false
-260	68	113	false
-256	68	115	false
-252	68	117	false
-248	68	118	false
-244	68	118	false
-240	68	121	false
-236	68	122	false
-232	68	124	false
-228	68	125	false
-224	68	127	false
-220	68	127	false
-216	68	127	false
-212	68	127	false
-208	68	127	false
-204	68	125	false
-200	68	127	false
-196	68	127	false
-192	68	124	false
-188	68	124	false
-184	68	126	false
-180	68	127	false
-176	68	127	false
-172	68	125	false
-168	68	124	false
-164	68	124	false
-160	68	124	false
-156	68	124	false
-152	68	125	false
-148	68	125	false
-144	68	126	false
-140	68	127	false
-136	68	127	false
-132	68	127	false
-128	68	127	false
-124	68	127	false
-120	68	126	false
-116	68	126	false
-112	68	126	false
-108	68	127	false
-104	68	128	false
-100	68	128	false
-96	68	130	false
-92	68	130	false
-88	68	130	false
-84	68	130	false
-80	68	128	false
-76	68	127	false
-72	68	125	false
-68	68	122	false
-64	68	122	false
-60	68	122	false
-56	68	122	false
-52	68	122	false
-48	68	122	false
-44	68	124	false
-40	68	125	false
-36	68	126	false
-32	68	126	false
-28	68	126	false
-24	68	126	false
-20	68	126	false
-16	68	126	false
-12	68	126	false
-8	68	125	false
-4	68	124	false
0	68	122	false
4	68	122	false
8	68	122	false
12	68	122	false
16	68	123	false
20	68	124	false
24	68	124	false
28	68	124	false
32	68	125	false
36	68	126	false
40	68	126	false
44	68	126	false
48	68	127	false
52	68	129	false
56	68	129	false
60	68	130	false
64	68	131	false
68	68	131	false
72	68	132	false
76	68	133	false
80	68	133	false
84	68	133	false
88	68	133	false
92	68	130	false
96	68	130	false
100	68	130	false
104	68	130	false
108	68	130	false
112	68	130	false
116	68	130	false
120	68	130	false
124	68	130	false
128	68	130	false
132	68	130	false
136	68	130	false
140	68	130	false
144	68	130	false
148	68	130	false
152	68	133	false
156	68	134	false
160	68	134	false
164	68	136	false
168	68	136	false
172	68	136	false
176	68	135	false
180	68	133	false
184	68	131	false
188	68	130	false
192	68	128	false
196	68	127	false
200	68	127	false
204	68	127	false
208	68	128	false
212	68	130	false
216	68	131	false
220	68	133	false
224	68	133	false
228	68	134	false
232	68	133	false
236	68	133	false
240	68	133	false
244	68	131	false
248	68	130	false
252	68	128	false
256	68	127	false
260	68	127	false
264	68	127	false
268	68	127	false
272	68	127	false
276	68	127	false
280	68	127	false
284	68	127	false
288	68	127	false
-288	72	88	false
-284	72	93	false
-280	72	98	false
-276	72	101	false
-272	72	105	false
-268	72	108	false
-264	72	111	false
-260	72	113	false
-256	72	115	false
-252	72	118	false
-248	72	118	false
-244	72	118	false
-240	72	120	false
-236	72	122	false
-232	72	124	false
-228	72	125	false
-224	72	127	false
-220	72	127	false
-216	72	127	false
-212	72	127	false
-208	72	126	false
-204	72	125	false
-200	72	127	false
-196	72	125	false
-192	72	124	false
-188	72	125	false
-184	72	127	false
-180	72	127	false
-176	72	127	false
-172	72	125	false
-168	72	124	false
-164	72	124	false
-160	72	124	false
-156	72	124	false
-152	72	126	false
-148	72	127	false
-144	72	127	false
-140	72	127	false
-136	72	127	false
-132	72	127	false
-128	72	127	false
-124	72	127	false
-120	72	127	false
-116	72	127	false
-112	72	127	false
-108	72	127	false
-104	72	128	false
-100	72	130	false
-96	72	130	false
-92	72	130	false
-88	72	130	false
-84	72	130	false
-80	72	129	false
-76	72	127	false
-72	72	125	false
-68	72	124	false
-64	72	122	false
-60	72	121	false
-56	72	121	false
-52	72	121	false
-48	72	121	false
-44	72	124	false
-40	72	125	false
-36	72	127	false
-32	72	127	false
-28	72	127	false
-24	72	127	false
-20	72	127	false
-16	72	127	false
-12	72	127	false
-8	72	124	false
-4	72	124	false
0	72	122	false
4	72	122	false
8	72	121	false
12	72	122	false
16	72	124	false
20	72	124	false
24	72	124	false
28	72	124	false
32	72	125	false
36	72	127	false
40	72	127	false
44	72	127	false
48	72	128	false
52	72	130	false
56	72	130	false
60	72	132	false
64	72	132	false
68	72	132	false
72	72	132	false
76	72	133	false
80	72	133	false
84	72	133	false
88	72	133	false
92	72	131	false
96	72	132	false
100	72	131	false
104	72	130	false
108	72	130	false
112	72	130	false
116	72	130	false
120	72	130	false
124	72	130	false
128	72	130	false
132	72	130	false
136	72	130	false
140	72	130	false
144	72	130	false
148	72	131	false
152	72	133	false
156	72	134	false
160	72	136	false
164	72	136	false
168	72	136	false
172	72	136	false
176	72	134	false
180	72	133	false
184	72	131	false
188	72	130	false
192	72	128	false
196	72	127	false
200	72	127	false
204	72	127	false
208	72	128	false
212	72	130	false
216	72	131	false
220	72	133	false
224	72	133	false
228	72	134	false
232	72	133	false
236	72	133	false
240	72	133	false
244	72	131	false
248	72	130	false
252	72	129	false
256	72	127	false
260	72	127	false
264	72	127	false
268	72	127	false
272	72	127	false
276	72	127	false
280	72	127	false
284	72	127	false
288	72	127	false
-288	76	88	false
-284	76	93	false
-280	76	97	false
-276	76	101	false
-272	76	104	false
-268	76	109	false
-264	76	111	false
-260	76	113	false
-256	76	115	false
-252	76	118	false
-248	76	118	false
-244	76	119	false
-240	76	121	false
-236	76	121	false
-232	76	124	false
-228	76	125	false
-224	76	126	false
-220	76	126	false
-216	76	127	false
-212	76	126	false
-208	76	125	false
-204	76	126	false
-200	76	125	false
-196	76	124	false
-192	76	125	false
-188	76	127	false
-184	76	127	false
-180	76	126	false
-176	76	125	false
-172	76	124	false
-168	76	124	false
-164	76	124	false
-160	76	124	false
-156	76	124	false
-152	76	125	false
-148	76	127	false
-144	76	127	false
-140	76	127	false
-136	76	127	false
-132	76	127	false
-128	76	127	false
-124	76	127	false
-120	76	127	false
-116	76	127	false
-112	76	127	false
-108	76	127	false
-104	76	128	false
-100	76	130	false
-96	76	130	false
-92	76	130	false
-88	76	130	false
-84	76	130	false
-80	76	128	false
-76	76	127	false
-72	76	125	false
-68	76	124	false
-64	76	122	false
-60	76	121	false
-56	76	121	false
-52	76	121	false
-48	76	122	false
-44	76	124	false
-40	76	124	false
-36	76	127	false
-32	76	127	false
-28	76	127	false
-24	76	127	false
-20	76	127	false
-16	76	127	false
-12	76	127	false
-8	76	124	false
-4	76	124	false
0	76	122	false
4	76	124	false
8	76	124	false
12	76	124	false
16	76	124	false
20	76	124	false
24	76	124	false
28	76	124	false
32	76	125	false
36	76	127	false
40	76	127	false
44	76	128	false
48	76	128	false
52	76	130	false
56	76	131	false
60	76	133	false
64	76	133	false
68	76	133	false
72	76	133	false
76	76	133	false
80	76	133	false
84	76	133	false
88	76	133	false
92	76	133	false
96	76	133	false
100	76	132	false
104	76	131	false
108	76	131	false
112	76	130	false
116	76	130	false
120	76	130	false
124	76	130	false
128	76	130	false
132	76	130	false
136	76	130	false
140	76	130	false
144	76	130	false
148	76	132	false
152	76	133	false
156	76	134	false
160	76	136	false
164	76	136	false
168	76	136	false
172	76	136	false
176	76	134	false
180	76	133	false
184	76	131	false
188	76	130	false
192	76	128	false
196	76	127	false
200	76	127	false
204	76	127	false
208	76	128	false
212	76	130	false
216	76	131	false
220	76	133	false
224	76	133	false
228	76	133	false
232	76	133	false
236	76	133	false
240	76	133	false
244	76	132	false
248	76	131	false
252	76	130	false
256	76	128	false
260	76	127	false
264	76	127	false
268	76	127	false
272	76	127	false
276	76	127	false
280	76	127	false
284	76	127	false
288	76	127	false
-288	80	88	false
-284	80	93	false
-280	80	97	false
-276	80	101	false
-272	80	104	false
-268	80	109	false
-264	80	111	false
-260	80	113	false
-256	80	117	false
-252	80	118	false
-248	80	120	false
-244	80	121	false
-240	80	121	false
-236	80	121	false
-232	80	123	false
-228	80	124	false
-224	80	124	false
-220	80	125	false
-216	80	125	false
-212	80	124	false
-208	80	124	false
-204	80	124	false
-200	80	124	false
-196	80	124	false
-192	80	124	false
-188	80	124	false
-184	80	124	false
-180	80	124	false
-176	80	124	false
-172	80	124	false
-168	80	124	false
-164	80	124	false
-160	80	124	false
-156	80	124	false
-152	80	124	false
-148	80	125	false
-144	80	126	false
-140	80	127	false
-136	80	127	false
-132	80	127	false
-128	80	127	false
-124	80	127	false
-120	80	127	false
-116	80	127	false
-112	80	127	false
-108	80	127	false
-104	80	128	false
-100	80	130	false
-96	80	130	false
-92	80	130	false
-88	80	129	false
-84	80	128	false
-80	80	127	false
-76	80	127	false
-72	80	125	false
-68	80	124	false
-64	80	124	false
-60	80	123	false
-56	80	123	false
-52	80	123	false
-48	80	124	false
-44	80	124	false
-40	80	125	false
-36	80	127	false
-32	80	127	false
-28	80	127	false
-24	80	127	false
-20	80	127	false
-16	80	127	false
-12	80	126	false
-8	80	125	false
-4	80	124	false
0	80	124	false
4	80	124	false
8	80	124	false
12	80	124	false
16	80	124	false
20	80	124	false
24	80	124	false
28	80	124	false
32	80	126	false
36	80	127	false
40	80	128	false
44	80	129	false
48	80	130	false
52	80	130	false
56	80	131	false
60	80	133	false
64	80	133	false
68	80	133	false
72	80	133	false
76	80	133	false
80	80	133	false
84	80	133	false
88	80	133	false
92	80	133	false
96	80	133	false
100	80	133	false
104	80	133	false
108	80	133	false
112	80	131	false
116	80	130	false
120	80	130	false
124	80	130	false
128	80	130	false
132	80	130	false
136	80	130	false
140	80	130	false
144	80	130	false
148	80	132	false
152	80	133	false
156	80	134	false
160	80	136	false
164	80	136	false
168	80	136	false
172	80	134	false
176	80	133	false
180	80	133	false
184	80	131	false
188	80	130	false
192	80	128	false
196	80	127	false
200	80	127	false
204	80	127	false
208	80	128	false
212	80	130	false
216	80	130	false
220	80	133	false
224	80	133	false
228	80	133	false
232	80	133	false
236	80	133	false
240	80	133	false
244	80	133	false
248	80	131	false
252	80	130	false
256	80	129	false
260	80	128	false
264	80	127	false
268	80	127	false
272	80	127	false
276	80	127	false
280	80	127	false
284	80	127	false
288	80	127	false
-288	84	88	false
-284	84	93	false
-280	84	97	false
-276	84	101	false
-272	84	105	false
-268	84	109	false
-264	84	111	false
-260	84	115	false
-256	84	117	false
-252	84	119	false
-248	84	121	false
-244	84	121	false
-240	84	121	false
-236	84	121	false
-232	84	122	false
-228	84	124	false
-224	84	124	false
-220	84	124	false
-216	84	124	false
-212	84	123	false
-208	84	124	false
-204	84	124	false
-200	84	123	false
-196	84	123	false
-192	84	124	false
-188	84	124	false
-184	84	124	false
-180	84	124	false
-176	84	124	false
-172	84	124	false
-168	84	124	false
-164	84	124	false
-160	84	124	false
-156	84	124	false
-152	84	124	false
-148	84	124	false
-144	84	125	false
-140	84	126	false
-136	84	127	false
-132	84	127	false
-128	84	127	false
-124	84	127	false
-120	84	127	false
-116	84	127	false
-112	84	127	false
-108	84	127	false
-104	84	127	false
-100	84	128	false
-96	84	128	false
-92	84	128	false
-88	84	127	false
-84	84	127	false
-80	84	127	false
-76	84	127	false
-72	84	125	false
-68	84	124	false
-64	84	124	false
-60	84	124	false
-56	84	124	false
-52	84	124	false
-48	84	124	false
-44	84	125	false
-40	84	125	false
-36	84	127	false
-32	84	127	false
-28	84	127	false
-24	84	127	false
-20	84	127	false
-16	84	127	false
-12	84	127	false
-8	84	126	false
-4	84	124	false
0	84	124	false
4	84	124	false
8	84	124	false
12	84	124	false
16	84	124	false
20	84	124	false
24	84	124	false
28	84	125	false
32	84	127	false
36	84	127	false
40	84	128	false
44	84	130	false
48	84	130	false
52	84	130	false
56	84	132	false
60	84	133	false
64	84	133	false
68	84	133	false
72	84	133	false
76	84	133	false
80	84	133	false
84	84	133	false
88	84	133	false
92	84	133	false
96	84	133	false
100	84	133	false
104	84	133	false
108	84	133	false
112	84	133	false
116	84	131	false
120	84	130	false
124	84	130	false
128	84	130	false
132	84	130	false
136	84	130	false
140	84	130	false
144	84	130	false
148	84	132	false
152	84	133	false
156	84	133	false
160	84	135	false
164	84	136	false
168	84	134	false
172	84	133	false
176	84	133	false
180	84	133	false
184	84	131	false
188	84	130	false
192	84	130	false
196	84	129	false
200	84	129	false
204	84	129	false
208	84	130	false
212	84	130	false
216	84	130	false
220	84	132	false
224	84	133	false
228	84	133	false
232	84	133	false
236	84	133	false
240	84	133	false
244	84	133	false
248	84	131	false
252	84	130	false
256	84	130	false
260	84	130	false
264	84	129	false
268	84	129	false
272	84	128	false
276	84	127	false
280	84	127	false
284	84	127	false
288	84	127	false
-288	88	88	false
-284	88	93	false
-280	88	97	false
-276	88	101	false
-272	88	105	false
-268	88	109	false
-264	88	112	false
-260	88	116	false
-256	88	118	false
-252	88	119	false
-248	88	121	false
-244	88	122	false
-240	88	122	false
-236	88	121	false
-232	88	123	false
-228	88	123	false
-224	88	122	false
-220	88	123	false
-216	88	122	false
-212	88	122	false
-208	88	122	false
-204	88	121	false
-200	88	121	false
-196	88	123	false
-192	88	123	false
-188	88	123	false
-184	88	123	false
-180	88	123	false
-176	88	124	false
-172	88	124	false
-168	88	123	false
-164	88	122	false
-160	88	122	false
-156	88	122	false
-152	88	124	false
-148	88	124	false
-144	88	124	false
-140	88	125	false
-136	88	127	false
-132	88	127	false
-128	88	128	false
-124	88	129	false
-120	88	129	false
-116	88	129	false
-112	88	129	false
-108	88	128	false
-104	88	127	false
-100	88	127	false
-96	88	127	false
-92	88	127	false
-88	88	127	false
-84	88	127	false
-80	88	127	false
-76	88	127	false
-72	88	126	false
-68	88	126	false
-64	88	126	false
-60	88	126	false
-56	88	126	false
-52	88	126	false
-48	88	126	false
-44	88	127	false
-40	88	127	false
-36	88	127	false
-32	88	127	false
-28	88	127	false
-24	88	127	false
-20	88	127	false
-16	88	127	false
-12	88	127	false
-8	88	127	false
-4	88	125	false
0	88	124	false
4	88	124	false
8	88	124	false
12	88	124	false
16	88	124	false
20	88	124	false
24	88	125	false
28	88	126	false
32	88	127	false
36	88	128	false
40	88	129	false
44	88	130	false
48	88	130	false
52	88	130	false
56	88	132	false
60	88	133	false
64	88	133	false
68	88	133	false
72	88	133	false
76	88	133	false
80	88	133	false
84	88	133	false
88	88	133	false
92	88	133	false
96	88	133	false
100	88	133	false
104	88	133	false
108	88	133	false
112	88	133	false
116	88	133	false
120	88	131	false
124	88	130	false
128	88	130	false
132	88	130	false
136	88	130	false
140	88	130	false
144	88	130	false
148	88	133	false
152	88	133	false
156	88	133	false
160	88	134	false
164	88	134	false
168	88	133	false
172	88	133	false
176	88	133	false
180	88	133	false
184	88	131	false
188	88	130	false
192	88	130	false
196	88	130	false
200	88	130	false
204	88	130	false
208	88	130	false
212	88	130	false
216	88	130	false
220	88	131	false
224	88	133	false
228	88	133	false
232	88	133	false
236	88	133	false
240	88	133	false
244	88	133	false
248	88	131	false
252	88	130	false
256	88	130	false
260	88	130	false
264	88	130	false
268	88	130	false
272	88	130	false
276	88	128	false
280	88	127	false
284	88	127	false
288	88	126	false
-288	92	89	false
-284	92	93	false
-280	92	97	false
-276	92	101	false
-272	92	105	false
-268	92	110	false
-264	92	113	false
-260	92	116	false
-256	92	118	false
-252	92	121	false
-248	92	121	false
-244	92	122	false
-240	92	124	false
-236	92	122	false
-232	92	123	false
-228	92	122	false
-224	92	121	false
-220	92	121	false
-216	92	121	false
-212	92	121	false
-208	92	121	false
-204	92	121	false
-200	92	121	false
-196	92	121	false
-192	92	121	false
-188	92	121	false
-184	92	121	false
-180	92	123	false
-176	92	123	false
-172	92	122	false
-168	92	121	false
-164	92	121	false
-160	92	121	false
-156	92	121	false
-152	92	122	false
-148	92	124	false
-144	92	124	false
-140	92	125	false
-136	92	127	false
-132	92	128	false
-128	92	129	false
-124	92	130	false
-120	92	130	false
-116	92	130	false
-112	92	130	false
-108	92	129	false
-104	92	127	false
-100	92	127	false
-96	92	127	false
-92	92	127	false
-88	92	126	false
-84	92	125	false
-80	92	124	false
-76	92	125	false
-72	92	127	false
-68	92	127	false
-64	92	127	false
-60	92	127	false
-56	92	127	false
-52	92	127	false
-48	92	127	false
-44	92	127	false
-40	92	127	false
-36	92	127	false
-32	92	127	false
-28	92	127	false
-24	92	127	false
-20	92	127	false
-16	92	127	false
-12	92	127	false
-8	92	127	false
-4	92	126	false
0	92	125	false
4	92	124	false
8	92	124	false
12	92	124	false
16	92	124	false
20	92	125	false
24	92	126	false
28	92	127	false
32	92	127	false
36	92	128	false
40	92	130	false
44	92	130	false
48	92	130	false
52	92	130	false
56	92	133	false
60	92	133	false
64	92	133	false
68	92	133	false
72	92	133	false
76	92	133	false
80	92	133	false
84	92	133	false
88	92	133	false
92	92	133	false
96	92	133	false
100	92	133	false
104	92	133	false
108	92	133	false
112	92	133	false
116	92	133	false
120	92	131	false
124	92	132	false
128	92	130	false
132	92	130	false
136	92	130	false
140	92	130	false
144	92	130	false
148	92	133	false
152	92	133	false
156	92	133	false
160	92	133	false
164	92	133	false
168	92	133	false
172	92	133	false
176	92	133	false
180	92	133	false
184	92	132	false
188	92	131	false
192	92	130	false
196	92	130	false
200	92	130	false
204	92	130	false
208	92	130	false
212	92	130	false
216	92	130	false
220	92	130	false
224	92	131	false
228	92	132	false
232	92	133	false
236	92	133	false
240	92	133	false
244	92	133	false
248	92	131	false
252	92	130	false
256	92	130	false
260	92	130	false
264	92	130	false
268	92	130	false
272	92	130	false
276	92	129	false
280	92	128	false
284	92	127	false
288	92	125	false
-288	96	90	false
-284	96	93	false
-280	96	97	false
-276	96	102	false
-272	96	105	false
-268	96	110	false
-264	96	113	false
-260	96	116	false
-256	96	119	false
-252	96	121	false
-248	96	122	false
-244	96	123	false
-240	96	124	false
-236	96	123	false
-232	96	123	false
-228	96	121	false
-224	96	121	false
-220	96	121	false
-216	96	121	false
-212	96	121	false
-208	96	121	false
-204	96	121	false
-200	96	121	false
-196	96	121	false
-192	96	121	false
-188	96	121	false
-184	96	121	false
-180	96	121	false
-176	96	121	false
-172	96	121	false
-168	96	121	false
-164	96	121	false
-160	96	121	false
-156	96	121	false
-152	96	122	false
-148	96	123	false
-144	96	124	false
-140	96	126	false
-136	96	127	false
-132	96	130	false
-128	96	130	false
-124	96	130	false
-120	96	130	false
-116	96	130	false
-112	96	130	false
-108	96	130	false
-104	96	129	false
-100	96	128	false
-96	96	127	false
-92	96	127	false
-88	96	125	false
-84	96	125	false
-80	96	125	false
-76	96	125	false
-72	96	127	false
-68	96	127	false
-64	96	128	false
-60	96	129	false
-56	96	130	false
-52	96	129	false
-48	96	128	false
-44	96	127	false
-40	96	127	false
-36	96	127	false
-32	96	127	false
-28	96	127	false
-24	96	127	false
-20	96	127	false
-16	96	127	false
-12	96	127	false
-8	96	127	false
-4	96	127	false
0	96	126	false
4	96	125	false
8	96	125	false
12	96	125	false
16	96	126	false
20	96	127	false
24	96	127	false
28	96	127	false
32	96	127	false
36	96	128	false
40	96	130	false
44	96	130	false
48	96	130	false
52	96	130	false
56	96	133	false
60	96	133	false
64	96	133	false
68	96	133	false
72	96	133	false
76	96	133	false
80	96	133	false
84	96	133	false
88	96	133	false
92	96	133	false
96	96	133	false
100	96	133	false
104	96	133	false
108	96	133	false
112	96	133	false
116	96	133	false
120	96	133	false
124	96	132	false
128	96	130	false
132	96	130	false
136	96	130	false
140	96	130	false
144	96	130	false
148	96	133	false
152	96	133	false
156	96	133	false
160	96	133	false
164	96	133	false
168	96	133	false
172	96	133	false
176	96	133	false
180	96	133	false
184	96	133	false
188	96	131	false
192	96	130	false
196	96	130	false
200	96	130	false
204	96	130	false
208	96	130	false
212	96	130	false
216	96	130	false
220	96	130	false
224	96	130	false
228	96	131	false
232	96	133	false
236	96	133	false
240	96	133	false
244	96	133	false
248	96	131	false
252	96	130	false
256	96	130	false
260	96	130	false
264	96	130	false
268	96	130	false
272	96	130	false
276	96	130	false
280	96	128	false
284	96	127	false
288	96	124	false
-288	100	90	false
-284	100	94	false
-280	100	97	false
-276	100	102	false
-272	100	106	false
-268	100	110	false
-264	100	113	false
-260	100	116	false
-256	100	119	false
-252	100	121	false
-248	100	122	false
-244	100	124	false
-240	100	124	false
-236	100	124	false
-232	100	123	false
-228	100	123	false
-224	100	121	false
-220	100	121	false
-216	100	121	false
-212	100	121	false
-208	100	121	false
-204	100	121	false
-200	100	121	false
-196	100	121	false
-192	100	121	false
-188	100	121	false
-184	100	121	false
-180	100	121	false
-176	100	121	false
-172	100	121	false
-168	100	121	false
-164	100	121	false
-160	100	121	false
-156	100	122	false
-152	100	124	false
-148	100	124	false
-144	100	124	false
-140	100	127	false
-136	100	127	false
-132	100	130	false
-128	100	130	false
-124	100	130	false
-120	100	130	false
-116	100	130	false
-112	100	130	false
-108	100	130	false
-104	100	130	false
-100	100	128	false
-96	100	127	false
-92	100	127	false
-88	100	127	false
-84	100	127	false
-80	100	127	false
-76	100	127	false
-72	100	127	false
-68	100	127	false
-64	100	128	false
-60	100	130	false
-56	100	130	false
-52	100	130	false
-48	100	129	false
-44	100	127	false
-40	100	127	false
-36	100	127	false
-32	100	127	false
-28	100	127	false
-24	100	127	false
-20	100	127	false
-16	100	127	false
-12	100	127	false
-8	100	127	false
-4	100	127	false
0	100	127	false
4	100	127	false
8	100	127	false
12	100	127	false
16	100	127	false
20	100	127	false
24	100	127	false
28	100	127	false
32	100	127	false
36	100	128	false
40	100	130	false
44	100	130	false
48	100	130	false
52	100	130	false
56	100	133	false
60	100	133	false
64	100	133	false
68	100	133	false
72	100	133	false
76	100	133	false
80	100	133	false
84	100	133	false
88	100	133	false
92	100	133	false
96	100	133	false
100	100	133	false
104	100	133	false
108	100	133	false
112	100	133	false
116	100	133	false
120	100	133	false
124	100	132	false
128	100	130	false
132	100	130	false
136	100	130	false
140	100	130	false
144	100	130	false
148	100	133	false
152	100	133	false
156	100	133	false
160	100	133	false
164	100	133	false
168	100	133	false
172	100	133	false
176	100	133	false
180	100	133	false
184	100	133	false
188	100	131	false
192	100	130	false
196	100	130	false
200	100	130	false
204	100	130	false
208	100	130	false
212	100	130	false
216	100	130	false
220	100	130	false
224	100	130	false
228	100	130	false
232	100	132	false
236	100	133	false
240	100	133	false
244	100	133	false
248	100	130	false
252	100	130	false
256	100	130	false
260	100	130	false
264	100	130	false
268	100	130	false
272	100	130	false
276	100	130	false
280	100	128	false
284	100	126	false
288	100	124	false
-288	104	90	false
-284	104	94	false
-280	104	97	false
-276	104	102	false
-272	104	106	false
-268	104	110	false
-264	104	113	false
-260	104	116	false
-256	104	120	false
-252	104	121	false
-248	104	123	false
-244	104	124	false
-240	104	124	false
-236	104	124	false
-232	104	123	false
-228	104	123	false
-224	104	121	false
-220	104	121	false
-216	104	121	false
-212	104	121	false
-208	104	121	false
-204	104	121	false
-200	104	121	false
-196	104	121	false
-192	104	121	false
-188	104	121	false
-184	104	121	false
-180	104	121	false
-176	104	121	false
-172	104	121	false
-168	104	122	false
-164	104	121	false
-160	104	121	false
-156	104	122	false
-152	104	124	false
-148	104	124	false
-144	104	125	false
-140	104	127	false
-136	104	128	false
-132	104	130	false
-128	104	130	false
-124	104	130	false
-120	104	130	false
-116	104	130	false
-112	104	130	false
-108	104	130	false
-104	104	130	false
-100	104	128	false
-96	104	127	false
-92	104	127	false
-88	104	127	false
-84	104	127	false
-80	104	127	false
-76	104	127	false
-72	104	127	false
-68	104	127	false
-64	104	128	false
-60	104	130	false
-56	104	130	false
-52	104	130	false
-48	104	128	false
-44	104	127	false
-40	104	127	false
-36	104	127	false
-32	104	127	false
-28	104	127	false
-24	104	127	false
-20	104	127	false
-16	104	127	false
-12	104	127	false
-8	104	127	false
-4	104	127	false
0	104	127	false
4	104	127	false
8	104	127	false
12	104	127	false
16	104	127	false
20	104	127	false
24	104	127	false
28	104	127	false
32	104	127	false
36	104	128	false
40	104	130	false
44	104	130	false
48	104	130	false
52	104	130	false
56	104	133	false
60	104	133	false
64	104	133	false
68	104	133	false
72	104	133	false
76	104	133	false
80	104	133	false
84	104	133	false
88	104	133	false
92	104	133	false
96	104	133	false
100	104	133	false
104	104	133	false
108	104	133	false
112	104	133	false
116	104	133	false
120	104	133	false
124	104	133	false
128	104	130	false
132	104	130	false
136	104	130	false
140	104	130	false
144	104	131	false
148	104	133	false
152	104	133	false
156	104	133	false
160	104	133	false
164	104	133	false
168	104	133	false
172	104	133	false
176	104	133	false
180	104	133	false
184	104	133	false
188	104	131	false
192	104	130	false
196	104	130	false
200	104	130	false
204	104	130	false
208	104	130	false
212	104	130	false
216	104	130	false
220	104	130	false
224	104	130	false
228	104	130	false
232	104	131	false
236	104	133	false
240	104	133	false
244	104	132	false
248	104	130	false
252	104	130	false
256	104	130	false
260	104	130	false
264	104	130	false
268	104	130	false
272	104	130	false
276	104	130	false
280	104	128	false
284	104	127	false
288	104	125	false
-288	108	89	false
-284	108	94	false
-280	108	98	false
-276	108	102	false
-272	108	106	false
-268	108	110	false
-264	108	113	false
-260	108	116	false
-256	108	120	false
-252	108	121	false
-248	108	124	false
-244	108	124	false
-240	108	124	false
-236	108	124	false
-232	108	123	false
-228	108	122	false
-224	108	121	false
-220	108	121	false
-216	108	121	false
-212	108	121	false
-208	108	121	false
-204	108	121	false
-200	108	121	false
-196	108	121	false
-192	108	121	false
-188	108	121	false
-184	108	121	false
-180	108	121	false
-176	108	121	false
-172	108	122	false
-168	108	124	false
-164	108	123	false
-160	108	123	false
-156	108	124	false
-152	108	124	false
-148	108	124	false
-144	108	125	false
-140	108	127	false
-136	108	128	false
-132	108	130	false
-128	108	130	false
-124	108	130	false
-120	108	130	false
-116	108	130	false
-112	108	130	false
-108	108	130	false
-104	108	130	false
-100	108	128	false
-96	108	127	false
-92	108	127	false
-88	108	127	false
-84	108	127	false
-80	108	127	false
-76	108	127	false
-72	108	127	false
-68	108	127	false
-64	108	128	false
-60	108	130	false
-56	108	130	false
-52	108	130	false
-48	108	128	false
-44	108	127	false
-40	108	127	false
-36	108	127	false
-32	108	127	false
-28	108	127	false
-24	108	127	false
-20	108	127	false
-16	108	127	false
-12	108	127	false
-8	108	126	false
-4	108	127	false
0	108	127	false
4	108	127	false
8	108	127	false
12	108	127	false
16	108	127	false
20	108	127	false
24	108	127	false
28	108	127	false
32	108	127	false
36	108	128	false
40	108	130	false
44	108	130	false
48	108	130	false
52	108	131	false
56	108	132	false
60	108	133	false
64	108	133	false
68	108	133	false
72	108	133	false
76	108	133	false
80	108	133	false
84	108	133	false
88	108	133	false
92	108	133	false
96	108	133	false
100	108	133	false
104	108	133	false
108	108	133	false
112	108	133	false
116	108	133	false
120	108	133	false
124	108	133	false
128	108	131	false
132	108	131	false
136	108	131	false
140	108	131	false
144	108	131	false
148	108	133	false
152	108	133	false
156	108	133	false
160	108	133	false
164	108	133	false
168	108	133	false
172	108	133	false
176	108	133	false
180	108	133	false
184	108	132	false
188	108	131	false
192	108	130	false
196	108	130	false
200	108	130	false
204	108	130	false
208	108	130	false
212	108	130	false
216	108	130	false
220	108	130	false
224	108	130	false
228	108	130	false
232	108	131	false
236	108	131	false
240	108	132	false
244	108	131	false
248	108	130	false
252	108	130	false
256	108	130	false
260	108	130	false
264	108	130	false
268	108	130	false
272	108	130	false
276	108	130	false
280	108	129	false
284	108	127	false
288	108	125	false
-288	112	89	false
-284	112	93	false
-280	112	98	false
-276	112	101	false
-272	112	106	false
-268	112	110	false
-264	112	113	false
-260	112	117	false
-256	112	120	false
-252	112	121	false
-248	112	124	false
-244	112	124	false
-240	112	124	false
-236	112	124	false
-232	112	124	false
-228	112	122	false
-224	112	121	false
-220	112	121	false
-216	112	121	false
-212	112	121	false
-208	112	121	false
-204	112	121	false
-200	112	121	false
-196	112	121	false
-192	112	122	false
-188	112	122	false
-184	112	123	false
-180	112	123	false
-176	112	123	false
-172	112	124	false
-168	112	124	false
-164	112	124	false
-160	112	124	false
-156	112	124	false
-152	112	125	false
-148	112	125	false
-144	112	127	false
-140	112	128	false
-136	112	129	false
-132	112	130	false
-128	112	130	false
-124	112	130	false
-120	112	130	false
-116	112	130	false
-112	112	130	false
-108	112	130	false
-104	112	130	false
-100	112	130	false
-96	112	128	false
-92	112	127	false
-88	112	127	false
-84	112	127	false
-80	112	127	false
-76	112	127	false
-72	112	127	false
-68	112	127	false
-64	112	128	false
-60	112	130	false
-56	112	130	false
-52	112	130	false
-48	112	128	false
-44	112	127	false
-40	112	127	false
-36	112	127	false
-32	112	126	false
-28	112	125	false
-24	112	125	false
-20	112	125	false
-16	112	125	false
-12	112	126	false
-8	112	127	false
-4	112	127	false
0	112	127	false
4	112	127	false
8	112	127	false
12	112	127	false
16	112	127	false
20	112	127	false
24	112	127	false
28	112	127	false
32	112	127	false
36	112	127	false
40	112	128	false
44	112	130	false
48	112	130	false
52	112	131	false
56	112	133	false
60	112	133	false
64	112	133	false
68	112	133	false
72	112	133	false
76	112	133	false
80	112	133	false
84	112	133	false
88	112	133	false
92	112	133	false
96	112	133	false
100	112	133	false
104	112	133	false
108	112	133	false
112	112	133	false
116	112	133	false
120	112	133	false
124	112	133	false
128	112	133	false
132	112	133	false
136	112	133	false
140	112	133	false
144	112	133	false
148	112	133	false
152	112	133	false
156	112	133	false
160	112	133	false
164	112	133	false
168	112	133	false
172	112	133	false
176	112	133	false
180	112	131	false
184	112	131	false
188	112	130	false
192	112	130	false
196	112	130	false
200	112	130	false
204	112	130	false
208	112	130	false
212	112	130	false
216	112	130	false
220	112	130	false
224	112	130	false
228	112	130	false
232	112	130	false
236	112	130	false
240	112	130	false
244	112	130	false
248	112	130	false
252	112	130	false
256	112	130	false
260	112	130	false
264	112	130	false
268	112	130	false
272	112	130	false
276	112	130	false
280	112	130	false
284	112	128	false
288	112	127	false
-288	116	89	false
-284	116	94	false
-280	116	98	false
-276	116	102	false
-272	116	106	false
-268	116	110	false
-264	116	113	false
-260	116	118	false
-256	116	121	false
-252	116	121	false
-248	116	124	false
-244	116	124	false
-240	116	124	false
-236	116	124	false
-232	116	124	false
-228	116	122	false
-224	116	121	false
-220	116	121	false
-216	116	121	false
-212	116	121	false
-208	116	121	false
-204	116	121	false
-200	116	121	false
-196	116	121	false
-192	116	122	false
-188	116	124	false
-184	116	124	false
-180	116	124	false
-176	116	124	false
-172	116	124	false
-168	116	124	false
-164	116	124	false
-160	116	125	false
-156	116	126	false
-152	116	127	false
-148	116	127	false
-144	116	128	false
-140	116	129	false
-136	116	130	false
-132	116	130	false
-128	116	130	false
-124	116	131	false
-120	116	132	false
-116	116	131	false
-112	116	131	false
-108	116	130	false
-104	116	130	false
-100	116	130	false
-96	116	130	false
-92	116	128	false
-88	116	128	false
-84	116	127	false
-80	116	127	false
-76	116	127	false
-72	116	127	false
-68	116	127	false
-64	116	128	false
-60	116	130	false
-56	116	130	false
-52	116	130	false
-48	116	127	false
-44	116	127	false
-40	116	127	false
-36	116	127	false
-32	116	125	false
-28	116	124	false
-24	116	125	false
-20	116	125	false
-16	116	125	false
-12	116	125	false
-8	116	125	false
-4	116	125	false
0	116	126	false
4	116	127	false
8	116	127	false
12	116	127	false
16	116	127	false
20	116	127	false
24	116	127	false
28	116	127	false
32	116	127	false
36	116	127	false
40	116	127	false
44	116	128	false
48	116	130	false
52	116	130	false
56	116	131	false
60	116	133	false
64	116	133	false
68	116	133	false
72	116	133	false
76	116	133	false
80	116	133	false
84	116	133	false
88	116	133	false
92	116	133	false
96	116	133	false
100	116	133	false
104	116	133	false
108	116	133	false
112	116	133	false
116	116	133	false
120	116	133	false
124	116	133	false
128	116	133	false
132	116	133	false
136	116	133	false
140	116	133	false
144	116	133	false
148	116	133	false
152	116	133	false
156	116	133	false
160	116	133	false
164	116	133	false
168	116	133	false
172	116	131	false
176	116	131	false
180	116	130	false
184	116	130	false
188	116	130	false
192	116	130	false
196	116	130	false
200	116	130	false
204	116	130	false
208	116	130	false
212	116	130	false
216	116	130	false
220	116	130	false
224	116	130	false
228	116	130	false
232	116	130	false
236	116	130	false
240	116	130	false
244	116	130	false
248	116	130	false
252	116	130	false
256	116	131	false
260	116	131	false
264	116	131	false
268	116	131	false
272	116	131	false
276	116	131	false
280	116	130	false
284	116	129	false
288	116	128	false
-288	120	89	false
-284	120	94	false
-280	120	98	false
-276	120	102	false
-272	120	106	false
-268	120	110	false
-264	120	113	false
-260	120	118	false
-256	120	121	false
-252	120	122	false
-248	120	124	false
-244	120	124	false
-240	120	124	false
-236	120	124	false
-232	120	123	false
-228	120	122	false
-224	120	121	false
-220	120	121	false
-216	120	121	false
-212	120	121	false
-208	120	121	false
-204	120	121	false
-200	120	121	false
-196	120	121	false
-192	120	123	false
-188	120	124	false
-184	120	124	false
-180	120	124	false
-176	120	124	false
-172	120	124	false
-168	120	125	false
-164	120	126	false
-160	120	127	false
-156	120	127	false
-152	120	128	false
-148	120	128	false
-144	120	129	false
-140	120	130	false
-136	120	131	false
-132	120	133	false
-128	120	133	false
-124	120	133	false
-120	120	133	false
-116	120	133	false
-112	120	132	false
-108	120	132	false
-104	120	132	false
-100	120	131	false
-96	120	130	false
-92	120	130	false
-88	120	130	false
-84	120	129	false
-80	120	129	false
-76	120	128	false
-72	120	129	false
-68	120	129	false
-64	120	130	false
-60	120	130	false
-56	120	130	false
-52	120	130	false
-48	120	127	false
-44	120	127	false
-40	120	127	false
-36	120	126	false
-32	120	125	false
-28	120	124	false
-24	120	124	false
-20	120	124	false
-16	120	124	false
-12	120	124	false
-8	120	124	false
-4	120	124	false
0	120	124	false
4	120	125	false
8	120	125	false
12	120	125	false
16	120	125	false
20	120	124	false
24	120	125	false
28	120	125	false
32	120	126	false
36	120	127	false
40	120	127	false
44	120	129	false
48	120	130	false
52	120	130	false
56	120	130	false
60	120	131	false
64	120	131	false
68	120	132	false
72	120	132	false
76	120	133	false
80	120	133	false
84	120	133	false
88	120	133	false
92	120	133	false
96	120	133	false
100	120	133	false
104	120	133	false
108	120	133	false
112	120	133	false
116	120	133	false
120	120	133	false
124	120	133	false
128	120	133	false
132	120	133	false
136	120	133	false
140	120	133	false
144	120	133	false
148	120	133	false
152	120	133	false
156	120	133	false
160	120	132	false
164	120	131	false
168	120	131	false
172	120	130	false
176	120	130	false
180	120	130	false
184	120	130	false
188	120	130	false
192	120	130	false
196	120	130	false
200	120	130	false
204	120	130	false
208	120	130	false
212	120	130	false
216	120	130	false
220	120	130	false
224	120	130	false
228	120	130	false
232	120	130	false
236	120	130	false
240	120	130	false
244	120	130	false
248	120	130	false
252	120	132	false
256	120	133	false
260	120	133	false
264	120	133	false
268	120	133	false
272	120	133	false
276	120	132	false
280	120	130	false
284	120	130	false
288	120	130	false
-288	124	89	false
-284	124	94	false
-280	124	99	false
-276	124	102	false
-272	124	106	false
-268	124	110	false
-264	124	115	false
-260	124	118	false
-256	124	121	false
-252	124	122	false
-248	124	124	false
-244	124	124	false
-240	124	124	false
-236	124	124	false
-232	124	123	false
-228	124	122	false
-224	124	121	false
-220	124	121	false
-216	124	121	false
-212	124	120	false
-208	124	119	false
-204	124	121	false
-200	124	121	false
-196	124	121	false
-192	124	123	false
-188	124	124	false
-184	124	124	false
-180	124	124	false
-176	124	124	false
-172	124	124	false
-168	124	126	false
-164	124	127	false
-160	124	128	false
-156	124	129	false
-152	124	130	false
-148	124	130	false
-144	124	130	false
-140	124	131	false
-136	124	133	false
-132	124	133	false
-128	124	133	false
-124	124	133	false
-120	124	133	false
-116	124	133	false
-112	124	133	false
-108	124	133	false
-104	124	133	false
-100	124	132	false
-96	124	130	false
-92	124	130	false
-88	124	130	false
-84	124	130	false
-80	124	130	false
-76	124	130	false
-72	124	130	false
-68	124	130	false
-64	124	130	false
-60	124	130	false
-56	124	130	false
-52	124	130	false
-48	124	128	false
-44	124	127	false
-40	124	127	false
-36	124	126	false
-32	124	124	false
-28	124	124	false
-24	124	124	false
-20	124	124	false
-16	124	124	false
-12	124	124	false
-8	124	124	false
-4	124	124	false
0	124	124	false
4	124	124	false
8	124	124	false
12	124	124	false
16	124	124	false
20	124	124	false
24	124	124	false
28	124	124	false
32	124	125	false
36	124	127	false
40	124	127	false
44	124	128	false
48	124	129	false
52	124	130	false
56	124	130	false
60	124	130	false
64	124	130	false
68	124	130	false
72	124	130	false
76	124	130	false
80	124	131	false
84	124	132	false
88	124	133	false
92	124	133	false
96	124	133	false
100	124	133	false
104	124	133	false
108	124	133	false
112	124	133	false
116	124	133	false
120	124	133	false
124	124	133	false
128	124	134	false
132	124	135	false
136	124	135	false
140	124	135	false
144	124	133	false
148	124	133	false
152	124	133	false
156	124	132	false
160	124	131	false
164	124	130	false
168	124	130	false
172	124	130	false
176	124	130	false
180	124	130	false
184	124	130	false
188	124	130	false
192	124	130	false
196	124	130	false
200	124	130	false
204	124	130	false
208	124	130	false
212	124	130	false
216	124	130	false
220	124	130	false
224	124	130	false
228	124	130	false
232	124	130	false
236	124	130	false
240	124	130	false
244	124	130	false
248	124	131	false
252	124	133	false
256	124	133	false
260	124	133	false
264	124	133	false
268	124	133	false
272	124	132	false
276	124	133	false
280	124	133	false
284	124	133	false
288	124	133	false
-288	128	89	false
-284	128	94	false
-280	128	99	false
-276	128	102	false
-272	128	106	false
-268	128	110	false
-264	128	115	false
-260	128	118	false
-256	128	121	false
-252	128	122	false
-248	128	124	false
-244	128	124	false
-240	128	124	false
-236	128	124	false
-232	128	124	false
-228	128	122	false
-224	128	121	false
-220	128	121	false
-216	128	121	false
-212	128	119	false
-208	128	120	false
-204	128	121	false
-200	128	121	false
-196	128	122	false
-192	128	123	false
-188	128	124	false
-184	128	124	false
-180	128	124	false
-176	128	124	false
-172	128	125	false
-168	128	127	false
-164	128	127	false
-160	128	129	false
-156	128	130	false
-152	128	130	false
-148	128	130	false
-144	128	130	false
-140	128	131	false
-136	128	133	false
-132	128	133	false
-128	128	133	false
-124	128	133	false
-120	128	133	false
-116	128	133	false
-112	128	133	false
-108	128	133	false
-104	128	133	false
-100	128	133	false
-96	128	130	false
-92	128	130	false
-88	128	130	false
-84	128	130	false
-80	128	130	false
-76	128	130	false
-72	128	130	false
-68	128	130	false
-64	128	130	false
-60	128	130	false
-56	128	130	false
-52	128	130	false
-48	128	129	false
-44	128	128	false
-40	128	128	false
-36	128	126	false
-32	128	124	false
-28	128	124	false
-24	128	124	false
-20	128	124	false
-16	128	124	false
-12	128	124	false
-8	128	124	false
-4	128	124	false
0	128	124	false
4	128	124	false
8	128	124	false
12	128	124	false
16	128	124	false
20	128	124	false
24	128	124	false
28	128	126	false
32	128	127	false
36	128	127	false
40	128	127	false
44	128	127	false
48	128	128	false
52	128	130	false
56	128	130	false
60	128	130	false
64	128	130	false
68	128	130	false
72	128	130	false
76	128	130	false
80	128	130	false
84	128	130	false
88	128	131	false
92	128	132	false
96	128	133	false
100	128	133	false
104	128	132	false
108	128	131	false
112	128	131	false
116	128	133	false
120	128	133	false
124	128	133	false
128	128	134	false
132	128	135	false
136	128	136	false
140	128	135	false
144	128	133	false
148	128	133	false
152	128	133	false
156	128	131	false
160	128	130	false
164	128	130	false
168	128	130	false
172	128	130	false
176	128	130	false
180	128	130	false
184	128	130	false
188	128	130	false
192	128	130	false
196	128	130	false
200	128	130	false
204	128	130	false
208	128	130	false
212	128	130	false
216	128	130	false
220	128	130	false
224	128	130	false
228	128	130	false
232	128	130	false
236	128	130	false
240	128	130	false
244	128	130	false
248	128	132	false
252	128	133	false
256	128	133	false
260	128	133	false
264	128	133	false
268	128	133	false
272	128	133	false
276	128	133	false
280	128	133	false
284	128	133	false
288	128	133	false
-288	132	89	false
-284	132	94	false
-280	132	99	false
-276	132	103	false
-272	132	106	false
-268	132	111	false
-264	132	115	false
-260	132	119	false
-256	132	122	false
-252	132	124	false
-248	132	124	false
-244	132	126	false
-240	132	125	false
-236	132	124	false
-232	132	124	false
-228	132	122	false
-224	132	121	false
-220	132	121	false
-216	132	121	false
-212	132	119	false
-208	132	121	false
-204	132	121	false
-200	132	121	false
-196	132	123	false
-192	132	124	false
-188	132	124	false
-184	132	124	false
-180	132	124	false
-176	132	124	false
-172	132	126	false
-168	132	127	false
-164	132	127	false
-160	132	128	false
-156	132	130	false
-152	132	130	false
-148	132	130	false
-144	132	130	false
-140	132	131	false
-136	132	132	false
-132	132	133	false
-128	132	133	false
-124	132	133	false
-120	132	133	false
-116	132	133	false
-112	132	133	false
-108	132	133	false
-104	132	133	false
-100	132	131	false
-96	132	130	false
-92	132	130	false
-88	132	130	false
-84	132	130	false
-80	132	130	false
-76	132	130	false
-72	132	130	false
-68	132	130	false
-64	132	130	false
-60	132	130	false
-56	132	130	false
-52	132	130	false
-48	132	130	false
-44	132	130	false
-40	132	127	false
-36	132	126	false
-32	132	124	false
-28	132	124	false
-24	132	124	false
-20	132	124	false
-16	132	124	false
-12	132	124	false
-8	132	124	false
-4	132	124	false
0	132	124	false
4	132	124	false
8	132	124	false
12	132	124	false
16	132	124	false
20	132	124	false
24	132	124	false
28	132	124	false
32	132	125	false
36	132	127	false
40	132	127	false
44	132	127	false
48	132	127	false
52	132	129	false
56	132	130	false
60	132	130	false
64	132	130	false
68	132	130	false
72	132	130	false
76	132	130	false
80	132	130	false
84	132	130	false
88	132	130	false
92	132	131	false
96	132	131	false
100	132	131	false
104	132	130	false
108	132	130	false
112	132	130	false
116	132	131	false
120	132	133	false
124	132	133	false
128	132	133	false
132	132	133	false
136	132	133	false
140	132	133	false
144	132	133	false
148	132	133	false
152	132	132	false
156	132	131	false
160	132	130	false
164	132	130	false
168	132	130	false
172	132	130	false
176	132	130	false
180	132	130	false
184	132	130	false
188	132	130	false
192	132	130	false
196	132	130	false
200	132	130	false
204	132	130	false
208	132	130	false
212	132	130	false
216	132	130	false
220	132	130	false
224	132	130	false
228	132	130	false
232	132	130	false
236	132	130	false
240	132	130	false
244	132	131	false
248	132	131	false
252	132	132	false
256	132	133	false
260	132	133	false
264	132	133	false
268	132	133	false
272	132	133	false
276	132	133	false
280	132	133	false
284	132	133	false
288	132	133	false
-288	136	89	false
-284	136	94	false
-280	136	99	false
-276	136	103	false
-272	136	106	false
-268	136	111	false
-264	136	115	false
-260	136	119	false
-256	136	122	false
-252	136	124	false
-248	136	125	false
-244	136	127	false
-240	136	125	false
-236	136	125	false
-232	136	124	false
-228	136	123	false
-224	136	122	false
-220	136	121	false
-216	136	121	false
-212	136	121	false
-208	136	121	false
-204	136	121	false
-200	136	121	false
-196	136	122	false
-192	136	124	false
-188	136	124	false
-184	136	124	false
-180	136	124	false
-176	136	124	false
-172	136	125	false
-168	136	127	false
-164	136	127	false
-160	136	128	false
-156	136	129	false
-152	136	130	false
-148	136	130	false
-144	136	130	false
-140	136	130	false
-136	136	131	false
-132	136	131	false
-128	136	132	false
-124	136	133	false
-120	136	133	false
-116	136	133	false
-112	136	132	false
-108	136	131	false
-104	136	131	false
-100	136	130	false
-96	136	130	false
-92	136	130	false
-88	136	130	false
-84	136	130	false
-80	136	130	false
-76	136	130	false
-72	136	130	false
-68	136	130	false
-64	136	130	false
-60	136	130	false
-56	136	130	false
-52	136	130	false
-48	136	130	false
-44	136	130	false
-40	136	128	false
-36	136	127	false
-32	136	125	false
-28	136	124	false
-24	136	124	false
-20	136	124	false
-16	136	124	false
-12	136	124	false
-8	136	124	false
-4	136	124	false
0	136	124	false
4	136	124	false
8	136	124	false
12	136	124	false
16	136	124	false
20	136	124	false
24	136	124	false
28	136	124	false
32	136	125	false
36	136	127	false
40	136	127	false
44	136	127	false
48	136	127	false
52	136	128	false
56	136	130	false
60	136	130	false
64	136	130	false
68	136	130	false
72	136	130	false
76	136	130	false
80	136	130	false
84	136	130	false
88	136	130	false
92	136	130	false
96	136	130	false
100	136	130	false
104	136	130	false
108	136	130	false
112	136	130	false
116	136	130	false
120	136	131	false
124	136	132	false
128	136	133	false
132	136	133	false
136	136	133	false
140	136	133	false
144	136	133	false
148	136	133	false
152	136	131	false
156	136	130	false
160	136	130	false
164	136	130	false
168	136	130	false
172	136	130	false
176	136	130	false
180	136	130	false
184	136	130	false
188	136	130	false
192	136	130	false
196	136	130	false
200	136	130	false
204	136	130	false
208	136	130	false
212	136	130	false
216	136	130	false
220	136	130	false
224	136	130	false
228	136	130	false
232	136	130	false
236	136	130	false
240	136	130	false
244	136	130	false
248	136	131	false
252	136	133	false
256	136	133	false
260	136	133	false
264	136	133	false
268	136	133	false
272	136	133	false
276	136	133	false
280	136	133	false
284	136	134	false
288	136	134	false
-288	140	90	false
-284	140	95	false
-280	140	99	false
-276	140	104	false
-272	140	108	false
-268	140	112	false
-264	140	115	false
-260	140	119	false
-256	140	123	false
-252	140	124	false
-248	140	126	false
-244	140	127	false
-240	140	126	false
-236	140	126	false
-232	140	124	false
-228	140	124	false
-224	140	123	false
-220	140	122	false
-216	140	122	false
-212	140	121	false
-208	140	121	false
-204	140	121	false
-200	140	121	false
-196	140	123	false
-192	140	124	false
-188	140	124	false
-184	140	124	false
-180	140	124	false
-176	140	124	false
-172	140	125	false
-168	140	126	false
-164	140	127	false
-160	140	127	false
-156	140	128	false
-152	140	128	false
-148	140	129	false
-144	140	130	false
-140	140	130	false
-136	140	130	false
-132	140	130	false
-128	140	131	false
-124	140	131	false
-120	140	131	false
-116	140	131	false
-112	140	131	false
-108	140	130	false
-104	140	130	false
-100	140	130	false
-96	140	130	false
-92	140	130	false
-88	140	131	false
-84	140	131	false
-80	140	131	false
-76	140	131	false
-72	140	131	false
-68	140	131	false
-64	140	131	false
-60	140	131	false
-56	140	131	false
-52	140	130	false
-48	140	130	false
-44	140	130	false
-40	140	128	false
-36	140	128	false
-32	140	125	false
-28	140	126	false
-24	140	125	false
-20	140	124	false
-16	140	124	false
-12	140	124	false
-8	140	124	false
-4	140	124	false
0	140	124	false
4	140	124	false
8	140	124	false
12	140	124	false
16	140	124	false
20	140	124	false
24	140	124	false
28	140	125	false
32	140	126	false
36	140	127	false
40	140	127	false
44	140	127	false
48	140	127	false
52	140	128	false
56	140	130	false
60	140	130	false
64	140	130	false
68	140	130	false
72	140	130	false
76	140	130	false
80	140	130	false
84	140	130	false
88	140	130	false
92	140	130	false
96	140	130	false
100	140	130	false
104	140	130	false
108	140	130	false
112	140	130	false
116	140	130	false
120	140	130	false
124	140	131	false
128	140	131	false
132	140	131	false
136	140	131	false
140	140	131	false
144	140	131	false
148	140	131	false
152	140	131	false
156	140	130	false
160	140	130	false
164	140	130	false
168	140	130	false
172	140	130	false
176	140	130	false
180	140	130	false
184	140	130	false
188	140	130	false
192	140	130	false
196	140	130	false
200	140	130	false
204	140	130	false
208	140	130	false
212	140	130	false
216	140	130	false
220	140	130	false
224	140	130	false
228	140	130	false
232	140	130	false
236	140	130	false
240	140	130	false
244	140	130	false
248	140	132	false
252	140	133	false
256	140	133	false
260	140	133	false
264	140	133	false
268	140	133	false
272	140	133	false
276	140	133	false
280	140	134	false
284	140	136	false
288	140	136	false
-288	144	91	false
-284	144	95	false
-280	144	100	false
-276	144	104	false
-272	144	108	false
-268	144	112	false
-264	144	116	false
-260	144	120	false
-256	144	123	false
-252	144	124	false
-248	144	127	false
-244	144	127	false
-240	144	127	false
-236	144	127	false
-232	144	125	false
-228	144	125	false
-224	144	124	false
-220	144	123	false
-216	144	123	false
-212	144	122	false
-208	144	122	false
-204	144	122	false
-200	144	122	false
-196	144	124	false
-192	144	124	false
-188	144	124	false
-184	144	124	false
-180	144	124	false
-176	144	124	false
-172	144	124	false
-168	144	125	false
-164	144	125	false
-160	144	126	false
-156	144	127	false
-152	144	128	false
-148	144	128	false
-144	144	129	false
-140	144	129	false
-136	144	130	false
-132	144	130	false
-128	144	130	false
-124	144	130	false
-120	144	130	false
-116	144	130	false
-112	144	130	false
-108	144	130	false
-104	144	130	false
-100	144	130	false
-96	144	130	false
-92	144	130	false
-88	144	131	false
-84	144	131	false
-80	144	132	false
-76	144	132	false
-72	144	132	false
-68	144	131	false
-64	144	131	false
-60	144	131	false
-56	144	131	false
-52	144	130	false
-48	144	130	false
-44	144	130	false
-40	144	130	false
-36	144	128	false
-32	144	127	false
-28	144	127	false
-24	144	126	false
-20	144	125	false
-16	144	124	false
-12	144	124	false
-8	144	124	false
-4	144	124	false
0	144	124	false
4	144	124	false
8	144	124	false
12	144	124	false
16	144	124	false
20	144	124	false
24	144	125	false
28	144	126	false
32	144	127	false
36	144	127	false
40	144	127	false
44	144	128	false
48	144	129	false
52	144	130	false
56	144	130	false
60	144	130	false
64	144	130	false
68	144	130	false
72	144	130	false
76	144	130	false
80	144	130	false
84	144	130	false
88	144	130	false
92	144	130	false
96	144	130	false
100	144	130	false
104	144	130	false
108	144	130	false
112	144	129	false
116	144	129	false
120	144	130	false
124	144	130	false
128	144	130	false
132	144	130	false
136	144	130	false
140	144	130	false
144	144	130	false
148	144	130	false
152	144	130	false
156	144	130	false
160	144	130	false
164	144	130	false
168	144	130	false
172	144	130	false
176	144	130	false
180	144	130	false
184	144	130	false
188	144	130	false
192	144	130	false
196	144	130	false
200	144	130	false
204	144	130	false
208	144	130	false
212	144	130	false
216	144	130	false
220	144	130	false
224	144	129	false
228	144	130	false
232	144	130	false
236	144	130	false
240	144	130	false
244	144	131	false
248	144	133	false
252	144	133	false
256	144	133	false
260	144	133	false
264	144	133	false
268	144	134	false
272	144	134	false
276	144	135	false
280	144	136	false
284	144	136	false
288	144	136	false
-288	148	91	false
-284	148	96	false
-280	148	100	false
-276	148	105	false
-272	148	109	false
-268	148	113	false
-264	148	116	false
-260	148	120	false
-256	148	123	false
-252	148	124	false
-248	148	127	false
-244	148	127	false
-240	148	127	false
-236	148	127	false
-232	148	127	false
-228	148	127	false
-224	148	125	false
-220	148	125	false
-216	148	125	false
-212	148	124	false
-208	148	124	false
-204	148	124	false
-200	148	124	false
-196	148	124	false
-192	148	124	false
-188	148	124	false
-184	148	124	false
-180	148	124	false
-176	148	124	false
-172	148	124	false
-168	148	124	false
-164	148	125	false
-160	148	125	false
-156	148	125	false
-152	148	126	false
-148	148	126	false
-144	148	127	false
-140	148	127	false
-136	148	128	false
-132	148	128	false
-128	148	129	false
-124	148	129	false
-120	148	129	false
-116	148	129	false
-112	148	130	false
-108	148	130	false
-104	148	130	false
-100	148	130	false
-96	148	130	false
-92	148	130	false
-88	148	130	false
-84	148	130	false
-80	148	130	false
-76	148	130	false
-72	148	130	false
-68	148	130	false
-64	148	130	false
-60	148	130	false
-56	148	130	false
-52	148	130	false
-48	148	130	false
-44	148	130	false
-40	148	130	false
-36	148	130	false
-32	148	128	false
-28	148	127	false
-24	148	127	false
-20	148	127	false
-16	148	126	false
-12	148	125	false
-8	148	124	false
-4	148	124	false
0	148	124	false
4	148	124	false
8	148	124	false
12	148	124	false
16	148	124	false
20	148	124	false
24	148	125	false
28	148	127	false
32	148	127	false
36	148	128	false
40	148	129	false
44	148	130	false
48	148	130	false
52	148	130	false
56	148	130	false
60	148	130	false
64	148	130	false
68	148	130	false
72	148	130	false
76	148	130	false
80	148	130	false
84	148	130	false
88	148	130	false
92	148	130	false
96	148	129	false
100	148	128	false
104	148	128	false
108	148	127	false
112	148	127	false
116	148	127	false
120	148	127	false
124	148	128	false
128	148	128	false
132	148	128	false
136	148	128	false
140	148	128	false
144	148	128	false
148	148	128	false
152	148	130	false
156	148	130	false
160	148	130	false
164	148	130	false
168	148	130	false
172	148	131	false
176	148	131	false
180	148	131	false
184	148	130	false
188	148	130	false
192	148	130	false
196	148	130	false
200	148	130	false
204	148	130	false
208	148	130	false
212	148	130	false
216	148	130	false
220	148	128	false
224	148	127	false
228	148	128	false
232	148	129	false
236	148	130	false
240	148	130	false
244	148	131	false
248	148	133	false
252	148	133	false
256	148	134	false
260	148	135	false
264	148	136	false
268	148	136	false
272	148	136	false
276	148	136	false
280	148	136	false
284	148	136	false
288	148	136	false
-288	152	92	false
-284	152	96	false
-280	152	102	false
-276	152	105	false
-272	152	110	false
-268	152	114	false
-264	152	117	false
-260	152	121	false
-256	152	123	false
-252	152	124	false
-248	152	127	false
-244	152	127	false
-240	152	127	false
-236	152	127	false
-232	152	127	false
-228	152	128	false
-224	152	127	false
-220	152	127	false
-216	152	126	false
-212	152	126	false
-208	152	125	false
-204	152	124	false
-200	152	124	false
-196	152	124	false
-192	152	124	false
-188	152	124	false
-184	152	124	false
-180	152	125	false
-176	152	125	false
-172	152	124	false
-168	152	124	false
-164	152	124	false
-160	152	124	false
-156	152	124	false
-152	152	124	false
-148	152	124	false
-144	152	125	false
-140	152	125	false
-136	152	126	false
-132	152	127	false
-128	152	127	false
-124	152	127	false
-120	152	127	false
-116	152	127	false
-112	152	127	false
-108	152	127	false
-104	152	127	false
-100	152	128	false
-96	152	128	false
-92	152	129	false
-88	152	130	false
-84	152	130	false
-80	152	130	false
-76	152	130	false
-72	152	130	false
-68	152	130	false
-64	152	130	false
-60	152	130	false
-56	152	130	false
-52	152	130	false
-48	152	130	false
-44	152	130	false
-40	152	130	false
-36	152	130	false
-32	152	130	false
-28	152	129	false
-24	152	128	false
-20	152	127	false
-16	152	127	false
-12	152	125	false
-8	152	124	false
-4	152	124	false
0	152	123	false
4	152	122	false
8	152	122	false
12	152	122	false
16	152	124	false
20	152	124	false
24	152	125	false
28	152	127	false
32	152	128	false
36	152	130	false
40	152	130	false
44	152	130	false
48	152	130	false
52	152	130	false
56	152	130	false
60	152	130	false
64	152	130	false
68	152	130	false
72	152	130	false
76	152	130	false
80	152	130	false
84	152	130	false
88	152	129	false
92	152	128	false
96	152	127	false
100	152	127	false
104	152	127	false
108	152	127	false
112	152	127	false
116	152	127	false
120	152	127	false
124	152	127	false
128	152	127	false
132	152	127	false
136	152	127	false
140	152	127	false
144	152	127	false
148	152	127	false
152	152	129	false
156	152	130	false
160	152	131	false
164	152	131	false
168	152	132	false
172	152	133	false
176	152	133	false
180	152	133	false
184	152	132	false
188	152	131	false
192	152	130	false
196	152	130	false
200	152	130	false
204	152	130	false
208	152	130	false
212	152	130	false
216	152	130	false
220	152	128	false
224	152	127	false
228	152	127	false
232	152	128	false
236	152	129	false
240	152	130	false
244	152	131	false
248	152	133	false
252	152	133	false
256	152	135	false
260	152	135	false
264	152	135	false
268	152	134	false
272	152	134	false
276	152	135	false
280	152	136	false
284	152	136	false
288	152	136	false
-288	156	93	false
-284	156	97	false
-280	156	102	false
-276	156	106	false
-272	156	110	false
-268	156	114	false
-264	156	118	false
-260	156	121	false
-256	156	123	false
-252	156	125	false
-248	156	127	false
-244	156	127	false
-240	156	127	false
-236	156	127	false
-232	156	128	false
-228	156	129	false
-224	156	129	false
-220	156	128	false
-216	156	128	false
-212	156	127	false
-208	156	127	false
-204	156	125	false
-200	156	127	false
-196	156	125	false
-192	156	125	false
-188	156	124	false
-184	156	125	false
-180	156	126	false
-176	156	127	false
-172	156	124	false
-168	156	124	false
-164	156	123	false
-160	156	122	false
-156	156	122	false
-152	156	122	false
-148	156	123	false
-144	156	124	false
-140	156	124	false
-136	156	125	false
-132	156	125	false
-128	156	127	false
-124	156	127	false
-120	156	127	false
-116	156	127	false
-112	156	127	false
-108	156	127	false
-104	156	127	false
-100	156	127	false
-96	156	127	false
-92	156	127	false
-88	156	128	false
-84	156	129	false
-80	156	130	false
-76	156	130	false
-72	156	129	false
-68	156	128	false
-64	156	128	false
-60	156	127	false
-56	156	127	false
-52	156	127	false
-48	156	127	false
-44	156	127	false
-40	156	130	false
-36	156	130	false
-32	156	130	false
-28	156	130	false
-24	156	130	false
-20	156	128	false
-16	156	127	false
-12	156	126	false
-8	156	124	false
-4	156	124	false
0	156	122	false
4	156	121	false
8	156	121	false
12	156	121	false
16	156	122	false
20	156	124	false
24	156	126	false
28	156	128	false
32	156	130	false
36	156	130	false
40	156	130	false
44	156	131	false
48	156	131	false
52	156	131	false
56	156	130	false
60	156	130	false
64	156	130	false
68	156	130	false
72	156	130	false
76	156	130	false
80	156	130	false
84	156	130	false
88	156	128	false
92	156	127	false
96	156	127	false
100	156	127	false
104	156	127	false
108	156	127	false
112	156	127	false
116	156	126	false
120	156	125	false
124	156	125	false
128	156	125	false
132	156	124	false
136	156	124	false
140	156	125	false
144	156	126	false
148	156	127	false
152	156	128	false
156	156	130	false
160	156	131	false
164	156	133	false
168	156	133	false
172	156	133	false
176	156	133	false
180	156	133	false
184	156	133	false
188	156	131	false
192	156	130	false
196	156	130	false
200	156	130	false
204	156	130	false
208	156	130	false
212	156	130	false
216	156	130	false
220	156	127	false
224	156	127	false
228	156	127	false
232	156	127	false
236	156	128	false
240	156	128	false
244	156	131	false
248	156	131	false
252	156	133	false
256	156	133	false
260	156	135	false
264	156	136	false
268	156	136	false
272	156	136	false
276	156	136	false
280	156	136	false
284	156	136	false
288	156	136	false
-288	160	93	false
-284	160	98	false
-280	160	102	false
-276	160	107	false
-272	160	111	false
-268	160	114	false
-264	160	119	false
-260	160	121	false
-256	160	123	false
-252	160	126	false
-248	160	127	false
-244	160	127	false
-240	160	127	false
-236	160	127	false
-232	160	129	false
-228	160	130	false
-224	160	130	false
-220	160	129	false
-216	160	128	false
-212	160	127	false
-208	160	127	false
-204	160	127	false
-200	160	127	false
-196	160	127	false
-192	160	126	false
-188	160	125	false
-184	160	127	false
-180	160	127	false
-176	160	127	false
-172	160	124	false
-168	160	124	false
-164	160	122	false
-160	160	121	false
-156	160	121	false
-152	160	121	false
-148	160	122	false
-144	160	122	false
-140	160	124	false
-136	160	124	false
-132	160	126	false
-128	160	126	false
-124	160	127	false
-120	160	127	false
-116	160	127	false
-112	160	127	false
-108	160	127	false
-104	160	127	false
-100	160	127	false
-96	160	127	false
-92	160	128	false
-88	160	128	false
-84	160	128	false
-80	160	130	false
-76	160	128	false
-72	160	128	false
-68	160	128	false
-64	160	128	false
-60	160	127	false
-56	160	127	false
-52	160	127	false
-48	160	127	false
-44	160	127	false
-40	160	130	false
-36	160	130	false
-32	160	130	false
-28	160	130	false
-24	160	130	false
-20	160	128	false
-16	160	127	false
-12	160	127	false
-8	160	124	false
-4	160	124	false
0	160	121	false
4	160	121	false
8	160	121	false
12	160	121	false
16	160	122	false
20	160	124	false
24	160	126	false
28	160	128	false
32	160	130	false
36	160	130	false
40	160	131	false
44	160	133	false
48	160	133	false
52	160	132	false
56	160	130	false
60	160	130	false
64	160	130	false
68	160	130	false
72	160	130	false
76	160	130	false
80	160	130	false
84	160	130	false
88	160	127	false
92	160	127	false
96	160	127	false
100	160	127	false
104	160	127	false
108	160	127	false
112	160	127	false
116	160	125	false
120	160	124	false
124	160	124	false
128	160	124	false
132	160	124	false
136	160	124	false
140	160	124	false
144	160	125	false
148	160	127	false
152	160	128	false
156	160	130	false
160	160	132	false
164	160	133	false
168	160	133	false
172	160	133	false
176	160	133	false
180	160	133	false
184	160	132	false
188	160	132	false
192	160	130	false
196	160	130	false
200	160	130	false
204	160	130	false
208	160	130	false
212	160	129	false
216	160	127	false
220	160	127	false
224	160	127	false
228	160	127	false
232	160	127	false
236	160	127	false
240	160	128	false
244	160	130	false
248	160	131	false
252	160	133	false
256	160	134	false
260	160	136	false
264	160	136	false
268	160	136	false
272	160	136	false
276	160	136	false
280	160	136	false
284	160	136	false
288	160	136	false
-288	164	93	false
-284	164	98	false
-280	164	103	false
-276	164	107	false
-272	164	111	false
-268	164	114	false
-264	164	119	false
-260	164	121	false
-256	164	123	false
-252	164	126	false
-248	164	127	false
-244	164	127	false
-240	164	127	false
-236	164	128	false
-232	164	130	false
-228	164	130	false
-224	164	130	false
-220	164	130	false
-216	164	129	false
-212	164	127	false
-208	164	127	false
-204	164	127	false
-200	164	127	false
-196	164	127	false
-192	164	126	false
-188	164	127	false
-184	164	127	false
-180	164	127	false
-176	164	127	false
-172	164	124	false
-168	164	124	false
-164	164	122	false
-160	164	122	false
-156	164	121	false
-152	164	121	false
-148	164	124	false
-144	164	124	false
-140	164	124	false
-136	164	124	false
-132	164	126	false
-128	164	127	false
-124	164	127	false
-120	164	127	false
-116	164	127	false
-112	164	127	false
-108	164	127	false
-104	164	127	false
-100	164	127	false
-96	164	127	false
-92	164	128	false
-88	164	130	false
-84	164	130	false
-80	164	130	false
-76	164	130	false
-72	164	130	false
-68	164	130	false
-64	164	128	false
-60	164	127	false
-56	164	127	false
-52	164	127	false
-48	164	128	false
-44	164	128	false
-40	164	130	false
-36	164	130	false
-32	164	130	false
-28	164	130	false
-24	164	130	false
-20	164	129	false
-16	164	128	false
-12	164	127	false
-8	164	125	false
-4	164	124	false
0	164	121	false
4	164	121	false
8	164	121	false
12	164	121	false
16	164	122	false
20	164	124	false
24	164	126	false
28	164	128	false
32	164	130	false
36	164	130	false
40	164	131	false
44	164	133	false
48	164	133	false
52	164	132	false
56	164	130	false
60	164	130	false
64	164	130	false
68	164	130	false
72	164	130	false
76	164	130	false
80	164	130	false
84	164	130	false
88	164	127	false
92	164	127	false
96	164	127	false
100	164	127	false
104	164	127	false
108	164	127	false
112	164	127	false
116	164	124	false
120	164	124	false
124	164	124	false
128	164	124	false
132	164	124	false
136	164	124	false
140	164	124	false
144	164	125	false
148	164	126	false
152	164	128	false
156	164	130	false
160	164	131	false
164	164	133	false
168	164	133	false
172	164	133	false
176	164	133	false
180	164	133	false
184	164	131	false
188	164	130	false
192	164	130	false
196	164	130	false
200	164	130	false
204	164	130	false
208	164	130	false
212	164	129	false
216	164	127	false
220	164	127	false
224	164	127	false
228	164	127	false
232	164	127	false
236	164	127	false
240	164	128	false
244	164	130	false
248	164	131	false
252	164	133	false
256	164	134	false
260	164	136	false
264	164	136	false
268	164	136	false
272	164	136	false
276	164	136	false
280	164	136	false
284	164	136	false
288	164	136	false
-288	168	93	false
-284	168	99	false
-280	168	104	false
-276	168	107	false
-272	168	112	false
-268	168	115	false
-264	168	119	false
-260	168	122	false
-256	168	124	false
-252	168	126	false
-248	168	127	false
-244	168	127	false
-240	168	128	false
-236	168	130	false
-232	168	130	false
-228	168	130	false
-224	168	130	false
-220	168	130	false
-216	168	128	false
-212	168	128	false
-208	168	127	false
-204	168	127	false
-200	168	127	false
-196	168	127	false
-192	168	127	false
-188	168	127	false
-184	168	127	false
-180	168	127	false
-176	168	127	false
-172	168	125	false
-168	168	124	false
-164	168	124	false
-160	168	122	false
-156	168	121	false
-152	168	122	false
-148	168	124	false
-144	168	124	false
-140	168	124	false
-136	168	125	false
-132	168	127	false
-128	168	127	false
-124	168	127	false
-120	168	127	false
-116	168	127	false
-112	168	127	false
-108	168	127	false
-104	168	127	false
-100	168	127	false
-96	168	127	false
-92	168	128	false
-88	168	130	false
-84	168	130	false
-80	168	130	false
-76	168	130	false
-72	168	130	false
-68	168	130	false
-64	168	129	false
-60	168	128	false
-56	168	128	false
-52	168	128	false
-48	168	128	false
-44	168	128	false
-40	168	130	false
-36	168	130	false
-32	168	130	false
-28	168	130	false
-24	168	130	false
-20	168	130	false
-16	168	129	false
-12	168	127	false
-8	168	125	false
-4	168	124	false
0	168	124	false
4	168	122	false
8	168	121	false
12	168	122	false
16	168	122	false
20	168	124	false
24	168	126	false
28	168	128	false
32	168	130	false
36	168	130	false
40	168	131	false
44	168	133	false
48	168	133	false
52	168	132	false
56	168	130	false
60	168	130	false
64	168	130	false
68	168	130	false
72	168	130	false
76	168	130	false
80	168	130	false
84	168	130	false
88	168	127	false
92	168	127	false
96	168	127	false
100	168	127	false
104	168	127	false
108	168	127	false
112	168	127	false
116	168	125	false
120	168	124	false
124	168	124	false
128	168	124	false
132	168	124	false
136	168	124	false
140	168	124	false
144	168	124	false
148	168	125	false
152	168	127	false
156	168	130	false
160	168	130	false
164	168	132	false
168	168	133	false
172	168	133	false
176	168	133	false
180	168	133	false
184	168	131	false
188	168	130	false
192	168	130	false
196	168	130	false
200	168	130	false
204	168	130	false
208	168	130	false
212	168	129	false
216	168	127	false
220	168	127	false
224	168	127	false
228	168	127	false
232	168	127	false
236	168	127	false
240	168	128	false
244	168	130	false
248	168	131	false
252	168	133	false
256	168	134	false
260	168	135	false
264	168	135	false
268	168	135	false
272	168	134	false
276	168	134	false
280	168	134	false
284	168	136	false
288	168	136	false
-288	172	94	false
-284	172	99	false
-280	172	104	false
-276	172	109	false
-272	172	112	false
-268	172	116	false
-264	172	119	false
-260	172	122	false
-256	172	124	false
-252	172	125	false
-248	172	127	false
-244	172	127	false
-240	172	129	false
-236	172	130	false
-232	172	130	false
-228	172	130	false
-224	172	130	false
-220	172	130	false
-216	172	129	false
-212	172	128	false
-208	172	127	false
-204	172	127	false
-200	172	127	false
-196	172	127	false
-192	172	127	false
-188	172	127	false
-184	172	127	false
-180	172	127	false
-176	172	127	false
-172	172	127	false
-168	172	125	false
-164	172	124	false
-160	172	123	false
-156	172	123	false
-152	172	124	false
-148	172	124	false
-144	172	124	false
-140	172	125	false
-136	172	125	false
-132	172	127	false
-128	172	127	false
-124	172	127	false
-120	172	127	false
-116	172	127	false
-112	172	127	false
-108	172	127	false
-104	172	127	false
-100	172	128	false
-96	172	129	false
-92	172	130	false
-88	172	130	false
-84	172	130	false
-80	172	130	false
-76	172	130	false
-72	172	130	false
-68	172	130	false
-64	172	130	false
-60	172	130	false
-56	172	130	false
-52	172	130	false
-48	172	130	false
-44	172	130	false
-40	172	130	false
-36	172	131	false
-32	172	132	false
-28	172	131	false
-24	172	130	false
-20	172	130	false
-16	172	129	false
-12	172	127	false
-8	172	126	false
-4	172	124	false
0	172	124	false
4	172	124	false
8	172	124	false
12	172	124	false
16	172	124	false
20	172	125	false
24	172	126	false
28	172	128	false
32	172	129	false
36	172	130	false
40	172	130	false
44	172	131	false
48	172	131	false
52	172	131	false
56	172	130	false
60	172	130	false
64	172	130	false
68	172	130	false
72	172	130	false
76	172	130	false
80	172	130	false
84	172	130	false
88	172	128	false
92	172	127	false
96	172	127	false
100	172	127	false
104	172	127	false
108	172	127	false
112	172	126	false
116	172	125	false
120	172	124	false
124	172	124	false
128	172	124	false
132	172	124	false
136	172	124	false
140	172	124	false
144	172	124	false
148	172	126	false
152	172	127	false
156	172	129	false
160	172	130	false
164	172	131	false
168	172	131	false
172	172	132	false
176	172	132	false
180	172	132	false
184	172	131	false
188	172	130	false
192	172	130	false
196	172	130	false
200	172	130	false
204	172	130	false
208	172	130	false
212	172	130	false
216	172	127	false
220	172	127	false
224	172	127	false
228	172	127	false
232	172	127	false
236	172	127	false
240	172	128	false
244	172	129	false
248	172	130	false
252	172	133	false
256	172	133	false
260	172	133	false
264	172	133	false
268	172	133	false
272	172	133	false
276	172	133	false
280	172	134	false
284	172	135	false
288	172	136	false
-288	176	94	false
-284	176	100	false
-280	176	105	false
-276	176	109	false
-272	176	113	false
-268	176	116	false
-264	176	119	false
-260	176	122	false
-256	176	124	false
-252	176	126	false
-248	176	127	false
-244	176	127	false
-240	176	128	false
-236	176	128	false
-232	176	130	false
-228	176	130	false
-224	176	129	false
-220	176	129	false
-216	176	128	false
-212	176	127	false
-208	176	127	false
-204	176	127	false
-200	176	127	false
-196	176	127	false
-192	176	127	false
-188	176	127	false
-184	176	127	false
-180	176	127	false
-176	176	127	false
-172	176	127	false
-168	176	126	false
-164	176	125	false
-160	176	124	false
-156	176	124	false
-152	176	124	false
-148	176	124	false
-144	176	125	false
-140	176	126	false
-136	176	128	false
-132	176	128	false
-128	176	128	false
-124	176	128	false
-120	176	128	false
-116	176	128	false
-112	176	128	false
-108	176	128	false
-104	176	129	false
-100	176	130	false
-96	176	130	false
-92	176	130	false
-88	176	130	false
-84	176	131	false
-80	176	131	false
-76	176	131	false
-72	176	131	false
-68	176	130	false
-64	176	130	false
-60	176	130	false
-56	176	130	false
-52	176	130	false
-48	176	130	false
-44	176	130	false
-40	176	131	false
-36	176	133	false
-32	176	133	false
-28	176	133	false
-24	176	131	false
-20	176	130	false
-16	176	130	false
-12	176	128	false
-8	176	127	false
-4	176	125	false
0	176	124	false
4	176	124	false
8	176	124	false
12	176	124	false
16	176	124	false
20	176	125	false
24	176	127	false
28	176	127	false
32	176	128	false
36	176	130	false
40	176	130	false
44	176	130	false
48	176	130	false
52	176	130	false
56	176	130	false
60	176	130	false
64	176	130	false
68	176	130	false
72	176	130	false
76	176	130	false
80	176	130	false
84	176	130	false
88	176	130	false
92	176	128	false
96	176	128	false
100	176	127	false
104	176	127	false
108	176	127	false
112	176	126	false
116	176	125	false
120	176	125	false
124	176	125	false
128	176	125	false
132	176	125	false
136	176	125	false
140	176	125	false
144	176	126	false
148	176	127	false
152	176	127	false
156	176	128	false
160	176	129	false
164	176	130	false
168	176	130	false
172	176	130	false
176	176	130	false
180	176	130	false
184	176	130	false
188	176	130	false
192	176	130	false
196	176	130	false
200	176	130	false
204	176	130	false
208	176	130	false
212	176	128	false
216	176	127	false
220	176	127	false
224	176	127	false
228	176	127	false
232	176	127	false
236	176	127	false
240	176	128	false
244	176	130	false
248	176	130	false
252	176	132	false
256	176	133	false
260	176	133	false
264	176	133	false
268	176	133	false
272	176	133	false
276	176	133	false
280	176	133	false
284	176	134	false
288	176	135	false
-288	180	95	false
-284	180	101	false
-280	180	106	false
-276	180	111	false
-272	180	114	false
-268	180	117	false
-264	180	120	false
-260	180	122	false
-256	180	124	false
-252	180	126	false
-248	180	127	false
-244	180	127	false
-240	180	127	false
-236	180	129	false
-232	180	128	false
-228	180	128	false
-224	180	129	false
-220	180	128	false
-216	180	127	false
-212	180	127	false
-208	180	127	false
-204	180	127	false
-200	180	127	false
-196	180	127	false
-192	180	128	false
-188	180	130	false
-184	180	130	false
-180	180	129	false
-176	180	128	false
-172	180	128	false
-168	180	127	false
-164	180	126	false
-160	180	125	false
-156	180	125	false
-152	180	126	false
-148	180	126	false
-144	180	127	false
-140	180	128	false
-136	180	129	false
-132	180	130	false
-128	180	130	false
-124	180	130	false
-120	180	130	false
-116	180	130	false
-112	180	130	false
-108	180	131	false
-104	180	131	false
-100	180	132	false
-96	180	133	false
-92	180	133	false
-88	180	133	false
-84	180	133	false
-80	180	133	false
-76	180	133	false
-72	180	133	false
-68	180	132	false
-64	180	132	false
-60	180	131	false
-56	180	131	false
-52	180	131	false
-48	180	131	false
-44	180	131	false
-40	180	133	false
-36	180	133	false
-32	180	133	false
-28	180	133	false
-24	180	133	false
-20	180	131	false
-16	180	130	false
-12	180	129	false
-8	180	128	false
-4	180	126	false
0	180	125	false
4	180	124	false
8	180	124	false
12	180	124	false
16	180	124	false
20	180	125	false
24	180	127	false
28	180	127	false
32	180	127	false
36	180	128	false
40	180	128	false
44	180	129	false
48	180	130	false
52	180	130	false
56	180	130	false
60	180	130	false
64	180	130	false
68	180	130	false
72	180	130	false
76	180	130	false
80	180	130	false
84	180	130	false
88	180	130	false
92	180	129	false
96	180	128	false
100	180	127	false
104	180	127	false
108	180	127	false
112	180	127	false
116	180	127	false
120	180	127	false
124	180	127	false
128	180	127	false
132	180	127	false
136	180	127	false
140	180	127	false
144	180	127	false
148	180	127	false
152	180	127	false
156	180	127	false
160	180	127	false
164	180	127	false
168	180	128	false
172	180	128	false
176	180	128	false
180	180	128	false
184	180	128	false
188	180	130	false
192	180	130	false
196	180	130	false
200	180	130	false
204	180	130	false
208	180	130	false
212	180	128	false
216	180	127	false
220	180	127	false
224	180	127	false
228	180	127	false
232	180	127	false
236	180	128	false
240	180	129	false
244	180	130	false
248	180	130	false
252	180	131	false
256	180	133	false
260	180	133	false
264	180	133	false
268	180	133	false
272	180	133	false
276	180	133	false
280	180	133	false
284	180	133	false
288	180	134	false
-288	184	96	false
-284	184	103	false
-280	184	107	false
-276	184	112	false
-272	184	115	false
-268	184	118	false
-264	184	120	false
-260	184	122	false
-256	184	124	false
-252	184	125	false
-248	184	127	false
-244	184	127	false
-240	184	127	false
-236	184	127	false
-232	184	127	false
-228	184	127	false
-224	184	127	false
-220	184	127	false
-216	184	127	false
-212	184	127	false
-208	184	127	false
-204	184	127	false
-200	184	127	false
-196	184	129	false
-192	184	130	false
-188	184	130	false
-184	184	130	false
-180	184	130	false
-176	184	130	false
-172	184	129	false
-168	184	128	false
-164	184	128	false
-160	184	128	false
-156	184	128	false
-152	184	128	false
-148	184	129	false
-144	184	129	false
-140	184	130	false
-136	184	130	false
-132	184	131	false
-128	184	131	false
-124	184	131	false
-120	184	132	false
-116	184	132	false
-112	184	132	false
-108	184	133	false
-104	184	133	false
-100	184	133	false
-96	184	133	false
-92	184	134	false
-88	184	134	false
-84	184	135	false
-80	184	136	false
-76	184	136	false
-72	184	135	false
-68	184	134	false
-64	184	134	false
-60	184	133	false
-56	184	133	false
-52	184	133	false
-48	184	133	false
-44	184	133	false
-40	184	135	false
-36	184	134	false
-32	184	134	false
-28	184	134	false
-24	184	133	false
-20	184	133	false
-16	184	131	false
-12	184	130	false
-8	184	128	false
-4	184	127	false
0	184	126	false
4	184	125	false
8	184	125	false
12	184	125	false
16	184	125	false
20	184	126	false
24	184	127	false
28	184	127	false
32	184	127	false
36	184	127	false
40	184	127	false
44	184	127	false
48	184	128	false
52	184	128	false
56	184	130	false
60	184	130	false
64	184	130	false
68	184	130	false
72	184	130	false
76	184	130	false
80	184	130	false
84	184	130	false
88	184	130	false
92	184	129	false
96	184	128	false
100	184	128	false
104	184	127	false
108	184	127	false
112	184	127	false
116	184	127	false
120	184	127	false
124	184	128	false
128	184	128	false
132	184	128	false
136	184	128	false
140	184	128	false
144	184	127	false
148	184	127	false
152	184	126	false
156	184	125	false
160	184	124	false
164	184	125	false
168	184	125	false
172	184	125	false
176	184	126	false
180	184	127	false
184	184	127	false
188	184	128	false
192	184	130	false
196	184	130	false
200	184	130	false
204	184	130	false
208	184	130	false
212	184	130	false
216	184	128	false
220	184	127	false
224	184	127	false
228	184	127	false
232	184	127	false
236	184	128	false
240	184	128	false
244	184	130	false
248	184	130	false
252	184	131	false
256	184	131	false
260	184	131	false
264	184	131	false
268	184	130	false
272	184	130	false
276	184	131	false
280	184	132	false
284	184	133	false
288	184	133	false
-288	188	97	false
-284	188	103	false
-280	188	108	false
-276	188	112	false
-272	188	116	false
-268	188	119	false
-264	188	121	false
-260	188	123	false
-256	188	124	false
-252	188	125	false
-248	188	127	false
-244	188	127	false
-240	188	127	false
-236	188	127	false
-232	188	127	false
-228	188	127	false
-224	188	127	false
-220	188	127	false
-216	188	127	false
-212	188	125	false
-208	188	125	false
-204	188	127	false
-200	188	128	false
-196	188	130	false
-192	188	130	false
-188	188	130	false
-184	188	130	false
-180	188	131	false
-176	188	131	false
-172	188	130	false
-168	188	130	false
-164	188	130	false
-160	188	130	false
-156	188	130	false
-152	188	130	false
-148	188	130	false
-144	188	130	false
-140	188	131	false
-136	188	131	false
-132	188	133	false
-128	188	133	false
-124	188	133	false
-120	188	133	false
-116	188	133	false
-112	188	133	false
-108	188	133	false
-104	188	133	false
-100	188	134	false
-96	188	135	false
-92	188	136	false
-88	188	136	false
-84	188	136	false
-80	188	136	false
-76	188	136	false
-72	188	136	false
-68	188	136	false
-64	188	136	false
-60	188	136	false
-56	188	136	false
-52	188	136	false
-48	188	136	false
-44	188	136	false
-40	188	136	false
-36	188	136	false
-32	188	136	false
-28	188	136	false
-24	188	135	false
-20	188	134	false
-16	188	133	false
-12	188	131	false
-8	188	130	false
-4	188	128	false
0	188	127	false
4	188	127	false
8	188	127	false
12	188	127	false
16	188	127	false
20	188	127	false
24	188	127	false
28	188	127	false
32	188	127	false
36	188	127	false
40	188	127	false
44	188	127	false
48	188	127	false
52	188	127	false
56	188	128	false
60	188	130	false
64	188	130	false
68	188	130	false
72	188	130	false
76	188	130	false
80	188	130	false
84	188	130	false
88	188	130	false
92	188	130	false
96	188	130	false
100	188	129	false
104	188	128	false
108	188	127	false
112	188	127	false
116	188	127	false
120	188	128	false
124	188	130	false
128	188	130	false
132	188	130	false
136	188	129	false
140	188	129	false
144	188	128	false
148	188	127	false
152	188	126	false
156	188	124	false
160	188	124	false
164	188	124	false
168	188	124	false
172	188	124	false
176	188	124	false
180	188	125	false
184	188	127	false
188	188	127	false
192	188	129	false
196	188	128	false
200	188	128	false
204	188	128	false
208	188	128	false
212	188	128	false
216	188	127	false
220	188	127	false
224	188	127	false
228	188	127	false
232	188	127	false
236	188	127	false
240	188	127	false
244	188	129	false
248	188	130	false
252	188	130	false
256	188	130	false
260	188	130	false
264	188	130	false
268	188	130	false
272	188	130	false
276	188	130	false
280	188	131	false
284	188	131	false
288	188	133	false
-288	192	96	false
-284	192	105	false
-280	192	109	false
-276	192	114	false
-272	192	116	false
-268	192	119	false
-264	192	120	false
-260	192	122	false
-256	192	123	false
-252	192	124	false
-248	192	125	false
-244	192	127	false
-240	192	127	false
-236	192	127	false
-232	192	127	false
-228	192	127	false
-224	192	127	false
-220	192	127	false
-216	192	126	false
-212	192	124	false
-208	192	125	false
-204	192	127	false
-200	192	128	false
-196	192	130	false
-192	192	130	false
-188	192	131	false
-184	192	132	false
-180	192	133	false
-176	192	133	false
-172	192	132	false
-168	192	131	false
-164	192	130	false
-160	192	130	false
-156	192	130	false
-152	192	130	false
-148	192	130	false
-144	192	131	false
-140	192	132	false
-136	192	133	false
-132	192	133	false
-128	192	133	false
-124	192	133	false
-120	192	133	false
-116	192	133	false
-112	192	133	false
-108	192	133	false
-104	192	134	false
-100	192	136	false
-96	192	136	false
-92	192	136	false
-88	192	136	false
-84	192	136	false
-80	192	136	false
-76	192	136	false
-72	192	136	false
-68	192	136	false
-64	192	136	false
-60	192	136	false
-56	192	136	false
-52	192	136	false
-48	192	136	false
-44	192	136	false
-40	192	136	false
-36	192	136	false
-32	192	136	false
-28	192	136	false
-24	192	136	false
-20	192	136	false
-16	192	134	false
-12	192	132	false
-8	192	131	false
-4	192	129	false
0	192	128	false
4	192	127	false
8	192	127	false
12	192	127	false
16	192	127	false
20	192	127	false
24	192	127	false
28	192	127	false
32	192	127	false
36	192	127	false
40	192	127	false
44	192	127	false
48	192	127	false
52	192	127	false
56	192	128	false
60	192	130	false
64	192	130	false
68	192	130	false
72	192	130	false
76	192	130	false
80	192	130	false
84	192	130	false
88	192	130	false
92	192	130	false
96	192	130	false
100	192	130	false
104	192	129	false
108	192	127	false
112	192	127	false
116	192	128	false
120	192	129	false
124	192	128	false
128	192	130	false
132	192	130	false
136	192	130	false
140	192	130	false
144	192	128	false
148	192	127	false
152	192	125	false
156	192	124	false
160	192	122	false
164	192	121	false
168	192	122	false
172	192	122	false
176	192	122	false
180	192	124	false
184	192	125	false
188	192	127	false
192	192	127	false
196	192	127	false
200	192	127	false
204	192	127	false
208	192	127	false
212	192	127	false
216	192	127	false
220	192	127	false
224	192	127	false
228	192	127	false
232	192	127	false
236	192	127	false
240	192	127	false
244	192	127	false
248	192	128	false
252	192	128	false
256	192	129	false
260	192	129	false
264	192	129	false
268	192	129	false
272	192	130	false
276	192	130	false
280	192	130	false
284	192	130	false
288	192	131	false
-288	196	97	false
-284	196	105	false
-280	196	109	false
-276	196	113	false
-272	196	116	false
-268	196	119	false
-264	196	120	false
-260	196	122	false
-256	196	122	false
-252	196	124	false
-248	196	126	false
-244	196	127	false
-240	196	127	false
-236	196	127	false
-232	196	127	false
-228	196	127	false
-224	196	127	false
-220	196	127	false
-216	196	126	false
-212	196	125	false
-208	196	127	false
-204	196	127	false
-200	196	129	false
-196	196	130	false
-192	196	131	false
-188	196	133	false
-184	196	133	false
-180	196	133	false
-176	196	133	false
-172	196	133	false
-168	196	132	false
-164	196	131	false
-160	196	130	false
-156	196	131	false
-152	196	131	false
-148	196	131	false
-144	196	132	false
-140	196	133	false
-136	196	133	false
-132	196	133	false
-128	196	133	false
-124	196	134	false
-120	196	134	false
-116	196	135	false
-112	196	135	false
-108	196	135	false
-104	196	135	false
-100	196	136	false
-96	196	136	false
-92	196	136	false
-88	196	137	false
-84	196	137	false
-80	196	137	false
-76	196	137	false
-72	196	137	false
-68	196	136	false
-64	196	136	false
-60	196	136	false
-56	196	136	false
-52	196	136	false
-48	196	136	false
-44	196	136	false
-40	196	136	false
-36	196	136	false
-32	196	136	false
-28	196	136	false
-24	196	136	false
-20	196	136	false
-16	196	135	false
-12	196	133	false
-8	196	133	false
-4	196	131	false
0	196	129	false
4	196	128	false
8	196	128	false
12	196	128	false
16	196	128	false
20	196	127	false
24	196	127	false
28	196	127	false
32	196	127	false
36	196	127	false
40	196	127	false
44	196	127	false
48	196	127	false
52	196	127	false
56	196	128	false
60	196	130	false
64	196	130	false
68	196	130	false
72	196	130	false
76	196	130	false
80	196	130	false
84	196	130	false
88	196	130	false
92	196	130	false
96	196	130	false
100	196	130	false
104	196	129	false
108	196	127	false
112	196	127	false
116	196	127	false
120	196	127	false
124	196	128	false
128	196	130	false
132	196	130	false
136	196	130	false
140	196	130	false
144	196	128	false
148	196	127	false
152	196	125	false
156	196	122	false
160	196	122	false
164	196	121	false
168	196	121	false
172	196	121	false
176	196	121	false
180	196	123	false
184	196	124	false
188	196	126	false
192	196	127	false
196	196	127	false
200	196	127	false
204	196	127	false
208	196	127	false
212	196	127	false
216	196	127	false
220	196	126	false
224	196	126	false
228	196	126	false
232	196	126	false
236	196	127	false
240	196	127	false
244	196	127	false
248	196	127	false
252	196	127	false
256	196	127	false
260	196	127	false
264	196	127	false
268	196	127	false
272	196	127	false
276	196	127	false
280	196	128	false
284	196	129	false
288	196	130	false
-288	200	97	false
-284	200	105	false
-280	200	109	false
-276	200	113	false
-272	200	117	false
-268	200	119	false
-264	200	120	false
-260	200	121	false
-256	200	123	false
-252	200	124	false
-248	200	125	false
-244	200	125	false
-240	200	127	false
-236	200	127	false
-232	200	127	false
-228	200	127	false
-224	200	127	false
-220	200	127	false
-216	200	126	false
-212	200	127	false
-208	200	127	false
-204	200	128	false
-200	200	130	false
-196	200	132	false
-192	200	133	false
-188	200	133	false
-184	200	133	false
-180	200	133	false
-176	200	133	false
-172	200	133	false
-168	200	133	false
-164	200	133	false
-160	200	133	false
-156	200	133	false
-152	200	133	false
-148	200	133	false
-144	200	133	false
-140	200	133	false
-136	200	133	false
-132	200	133	false
-128	200	134	false
-124	200	136	false
-120	200	136	false
-116	200	136	false
-112	200	136	false
-108	200	136	false
-104	200	136	false
-100	200	136	false
-96	200	136	false
-92	200	136	false
-88	200	137	false
-84	200	138	false
-80	200	139	false
-76	200	138	false
-72	200	137	false
-68	200	136	false
-64	200	136	false
-60	200	136	false
-56	200	136	false
-52	200	136	false
-48	200	136	false
-44	200	136	false
-40	200	136	false
-36	200	136	false
-32	200	136	false
-28	200	136	false
-24	200	136	false
-20	200	136	false
-16	200	136	false
-12	200	134	false
-8	200	133	false
-4	200	132	false
0	200	131	false
4	200	130	false
8	200	130	false
12	200	130	false
16	200	130	false
20	200	129	false
24	200	128	false
28	200	128	false
32	200	127	false
36	200	127	false
40	200	127	false
44	200	127	false
48	200	127	false
52	200	127	false
56	200	129	false
60	200	130	false
64	200	130	false
68	200	130	false
72	200	130	false
76	200	130	false
80	200	130	false
84	200	130	false
88	200	130	false
92	200	130	false
96	200	130	false
100	200	130	false
104	200	129	false
108	200	127	false
112	200	127	false
116	200	127	false
120	200	127	false
124	200	127	false
128	200	129	false
132	200	130	false
136	200	130	false
140	200	129	false
144	200	128	false
148	200	126	false
152	200	124	false
156	200	122	false
160	200	121	false
164	200	121	false
168	200	121	false
172	200	121	false
176	200	121	false
180	200	122	false
184	200	124	false
188	200	125	false
192	200	126	false
196	200	127	false
200	200	127	false
204	200	127	false
208	200	127	false
212	200	126	false
216	200	125	false
220	200	125	false
224	200	124	false
228	200	124	false
232	200	124	false
236	200	125	false
240	200	125	false
244	200	125	false
248	200	125	false
252	200	126	false
256	200	126	false
260	200	126	false
264	200	127	false
268	200	127	false
272	200	127	false
276	200	127	false
280	200	127	false
284	200	127	false
288	200	128	false
-288	204	98	false
-284	204	104	false
-280	204	108	false
-276	204	112	false
-272	204	116	false
-268	204	118	false
-264	204	120	false
-260	204	122	false
-256	204	124	false
-252	204	124	false
-248	204	125	false
-244	204	127	false
-240	204	127	false
-236	204	127	false
-232	204	127	false
-228	204	127	false
-224	204	127	false
-220	204	127	false
-216	204	127	false
-212	204	127	false
-208	204	127	false
-204	204	128	false
-200	204	130	false
-196	204	133	false
-192	204	133	false
-188	204	133	false
-184	204	133	false
-180	204	134	false
-176	204	134	false
-172	204	133	false
-168	204	133	false
-164	204	133	false
-160	204	133	false
-156	204	133	false
-152	204	133	false
-148	204	133	false
-144	204	133	false
-140	204	133	false
-136	204	133	false
-132	204	134	false
-128	204	136	false
-124	204	136	false
-120	204	136	false
-116	204	136	false
-112	204	136	false
-108	204	136	false
-104	204	136	false
-100	204	136	false
-96	204	136	false
-92	204	136	false
-88	204	136	false
-84	204	136	false
-80	204	136	false
-76	204	136	false
-72	204	136	false
-68	204	136	false
-64	204	136	false
-60	204	136	false
-56	204	136	false
-52	204	136	false
-48	204	136	false
-44	204	136	false
-40	204	136	false
-36	204	136	false
-32	204	136	false
-28	204	136	false
-24	204	136	false
-20	204	136	false
-16	204	136	false
-12	204	135	false
-8	204	133	false
-4	204	133	false
0	204	132	false
4	204	131	false
8	204	131	false
12	204	130	false
16	204	130	false
20	204	130	false
24	204	130	false
28	204	130	false
32	204	129	false
36	204	128	false
40	204	128	false
44	204	127	false
48	204	127	false
52	204	128	false
56	204	130	false
60	204	130	false
64	204	130	false
68	204	130	false
72	204	130	false
76	204	130	false
80	204	130	false
84	204	130	false
88	204	130	false
92	204	130	false
96	204	130	false
100	204	129	false
104	204	128	false
108	204	127	false
112	204	127	false
116	204	127	false
120	204	127	false
124	204	127	false
128	204	127	false
132	204	128	false
136	204	128	false
140	204	127	false
144	204	127	false
148	204	125	false
152	204	124	false
156	204	122	false
160	204	121	false
164	204	121	false
168	204	121	false
172	204	120	false
176	204	121	false
180	204	122	false
184	204	122	false
188	204	124	false
192	204	124	false
196	204	125	false
200	204	125	false
204	204	125	false
208	204	125	false
212	204	124	false
216	204	124	false
220	204	124	false
224	204	124	false
228	204	124	false
232	204	124	false
236	204	124	false
240	204	124	false
244	204	124	false
248	204	124	false
252	204	124	false
256	204	124	false
260	204	124	false
264	204	124	false
268	204	124	false
272	204	125	false
276	204	125	false
280	204	126	false
284	204	126	false
288	204	126	false
-288	208	96	false
-284	208	103	false
-280	208	109	false
-276	208	111	false
-272	208	116	false
-268	208	118	false
-264	208	119	false
-260	208	121	false
-256	208	124	false
-252	208	125	false
-248	208	126	false
-244	208	127	false
-240	208	127	false
-236	208	127	false
-232	208	127	false
-228	208	127	false
-224	208	127	false
-220	208	127	false
-216	208	127	false
-212	208	127	false
-208	208	128	false
-204	208	130	false
-200	208	130	false
-196	208	133	false
-192	208	133	false
-188	208	134	false
-184	208	134	false
-180	208	136	false
-176	208	135	false
-172	208	133	false
-168	208	133	false
-164	208	133	false
-160	208	133	false
-156	208	133	false
-152	208	133	false
-148	208	133	false
-144	208	133	false
-140	208	133	false
-136	208	133	false
-132	208	134	false
-128	208	136	false
-124	208	136	false
-120	208	136	false
-116	208	136	false
-112	208	136	false
-108	208	136	false
-104	208	136	false
-100	208	136	false
-96	208	135	false
-92	208	136	false
-88	208	136	false
-84	208	136	false
-80	208	136	false
-76	208	136	false
-72	208	136	false
-68	208	136	false
-64	208	135	false
-60	208	135	false
-56	208	135	false
-52	208	135	false
-48	208	135	false
-44	208	136	false
-40	208	136	false
-36	208	136	false
-32	208	136	false
-28	208	136	false
-24	208	136	false
-20	208	136	false
-16	208	136	false
-12	208	135	false
-8	208	133	false
-4	208	133	false
0	208	133	false
4	208	133	false
8	208	133	false
12	208	131	false
16	208	131	false
20	208	131	false
24	208	130	false
28	208	130	false
32	208	130	false
36	208	130	false
40	208	130	false
44	208	128	false
48	208	129	false
52	208	130	false
56	208	130	false
60	208	130	false
64	208	131	false
68	208	132	false
72	208	130	false
76	208	130	false
80	208	130	false
84	208	130	false
88	208	130	false
92	208	130	false
96	208	130	false
100	208	129	false
104	208	128	false
108	208	127	false
112	208	127	false
116	208	127	false
120	208	127	false
124	208	127	false
128	208	127	false
132	208	127	false
136	208	127	false
140	208	127	false
144	208	126	false
148	208	125	false
152	208	123	false
156	208	121	false
160	208	119	false
164	208	119	false
168	208	119	false
172	208	118	false
176	208	121	false
180	208	121	false
184	208	122	false
188	208	123	false
192	208	124	false
196	208	124	false
200	208	124	false
204	208	124	false
208	208	123	false
212	208	123	false
216	208	123	false
220	208	122	false
224	208	122	false
228	208	122	false
232	208	122	false
236	208	122	false
240	208	122	false
244	208	122	false
248	208	122	false
252	208	122	false
256	208	123	false
260	208	123	false
264	208	123	false
268	208	123	false
272	208	123	false
276	208	124	false
280	208	124	false
284	208	124	false
288	208	124	false
-288	212	95	false
-284	212	102	false
-280	212	107	false
-276	212	111	false
-272	212	115	false
-268	212	118	false
-264	212	120	false
-260	212	122	false
-256	212	124	false
-252	212	126	false
-248	212	127	false
-244	212	127	false
-240	212	127	false
-236	212	127	false
-232	212	127	false
-228	212	127	false
-224	212	127	false
-220	212	127	false
-216	212	127	false
-212	212	127	false
-208	212	127	false
-204	212	130	false
-200	212	130	false
-196	212	132	false
-192	212	133	false
-188	212	134	false
-184	212	135	false
-180	212	135	false
-176	212	134	false
-172	212	133	false
-168	212	133	false
-164	212	133	false
-160	212	131	false
-156	212	131	false
-152	212	131	false
-148	212	131	false
-144	212	131	false
-140	212	133	false
-136	212	134	false
-132	212	134	false
-128	212	136	false
-124	212	136	false
-120	212	136	false
-116	212	136	false
-112	212	136	false
-108	212	136	false
-104	212	134	false
-100	212	134	false
-96	212	133	false
-92	212	133	false
-88	212	133	false
-84	212	134	false
-80	212	134	false
-76	212	134	false
-72	212	134	false
-68	212	133	false
-64	212	133	false
-60	212	133	false
-56	212	133	false
-52	212	133	false
-48	212	133	false
-44	212	133	false
-40	212	134	false
-36	212	136	false
-32	212	136	false
-28	212	136	false
-24	212	136	false
-20	212	136	false
-16	212	135	false
-12	212	134	false
-8	212	133	false
-4	212	133	false
0	212	133	false
4	212	133	false
8	212	133	false
12	212	133	false
16	212	133	false
20	212	133	false
24	212	131	false
28	212	131	false
32	212	130	false
36	212	130	false
40	212	130	false
44	212	130	false
48	212	130	false
52	212	130	false
56	212	131	false
60	212	132	false
64	212	133	false
68	212	132	false
72	212	132	false
76	212	132	false
80	212	132	false
84	212	132	false
88	212	131	false
92	212	131	false
96	212	130	false
100	212	130	false
104	212	129	false
108	212	128	false
112	212	127	false
116	212	127	false
120	212	127	false
124	212	126	false
128	212	125	false
132	212	125	false
136	212	125	false
140	212	125	false
144	212	125	false
148	212	123	false
152	212	122	false
156	212	121	false
160	212	119	false
164	212	118	false
168	212	118	false
172	212	118	false
176	212	120	false
180	212	121	false
184	212	121	false
188	212	122	false
192	212	122	false
196	212	122	false
200	212	122	false
204	212	121	false
208	212	121	false
212	212	121	false
216	212	121	false
220	212	121	false
224	212	121	false
228	212	121	false
232	212	120	false
236	212	120	false
240	212	121	false
244	212	121	false
248	212	121	false
252	212	121	false
256	212	121	false
260	212	121	false
264	212	121	false
268	212	121	false
272	212	121	false
276	212	121	false
280	212	121	false
284	212	122	false
288	212	122	false
-288	216	95	false
-284	216	101	false
-280	216	107	false
-276	216	110	false
-272	216	114	false
-268	216	117	false
-264	216	120	false
-260	216	122	false
-256	216	125	false
-252	216	126	false
-248	216	128	false
-244	216	128	false
-240	216	128	false
-236	216	127	false
-232	216	127	false
-228	216	127	false
-224	216	127	false
-220	216	127	false
-216	216	127	false
-212	216	127	false
-208	216	127	false
-204	216	129	false
-200	216	131	false
-196	216	132	false
-192	216	133	false
-188	216	133	false
-184	216	133	false
-180	216	133	false
-176	216	133	false
-172	216	133	false
-168	216	133	false
-164	216	131	false
-160	216	132	false
-156	216	131	false
-152	216	131	false
-148	216	131	false
-144	216	132	false
-140	216	133	false
-136	216	134	false
-132	216	136	false
-128	216	136	false
-124	216	136	false
-120	216	136	false
-116	216	136	false
-112	216	136	false
-108	216	136	false
-104	216	134	false
-100	216	133	false
-96	216	133	false
-92	216	133	false
-88	216	133	false
-84	216	133	false
-80	216	133	false
-76	216	133	false
-72	216	133	false
-68	216	133	false
-64	216	133	false
-60	216	133	false
-56	216	133	false
-52	216	133	false
-48	216	133	false
-44	216	133	false
-40	216	133	false
-36	216	134	false
-32	216	134	false
-28	216	135	false
-24	216	136	false
-20	216	136	false
-16	216	135	false
-12	216	134	false
-8	216	133	false
-4	216	134	false
0	216	134	false
4	216	134	false
8	216	134	false
12	216	134	false
16	216	134	false
20	216	133	false
24	216	133	false
28	216	133	false
32	216	132	false
36	216	131	false
40	216	131	false
44	216	130	false
48	216	130	false
52	216	131	false
56	216	132	false
60	216	133	false
64	216	133	false
68	216	133	false
72	216	133	false
76	216	133	false
80	216	133	false
84	216	133	false
88	216	132	false
92	216	131	false
96	216	130	false
100	216	130	false
104	216	130	false
108	216	129	false
112	216	128	false
116	216	127	false
120	216	126	false
124	216	124	false
128	216	124	false
132	216	124	false
136	216	124	false
140	216	124	false
144	216	124	false
148	216	122	false
152	216	121	false
156	216	121	false
160	216	119	false
164	216	118	false
168	216	118	false
172	216	118	false
176	216	119	false
180	216	119	false
184	216	119	false
188	216	120	false
192	216	121	false
196	216	121	false
200	216	121	false
204	216	121	false
208	216	121	false
212	216	120	false
216	216	119	false
220	216	119	false
224	216	118	false
228	216	118	false
232	216	118	false
236	216	118	false
240	216	118	false
244	216	119	false
248	216	120	false
252	216	120	false
256	216	120	false
260	216	121	false
264	216	121	false
268	216	121	false
272	216	120	false
276	216	119	false
280	216	119	false
284	216	119	false
288	216	119	false
-288	220	94	false
-284	220	102	false
-280	220	107	false
-276	220	110	false
-272	220	113	false
-268	220	117	false
-264	220	120	false
-260	220	123	false
-256	220	125	false
-252	220	127	false
-248	220	129	false
-244	220	130	false
-240	220	128	false
-236	220	129	false
-232	220	127	false
-228	220	127	false
-224	220	127	false
-220	220	127	false
-216	220	127	false
-212	220	127	false
-208	220	128	false
-204	220	129	false
-200	220	131	false
-196	220	133	false
-192	220	133	false
-188	220	133	false
-184	220	133	false
-180	220	134	false
-176	220	133	false
-172	220	133	false
-168	220	133	false
-164	220	132	false
-160	220	131	false
-156	220	130	false
-152	220	130	false
-148	220	130	false
-144	220	131	false
-140	220	133	false
-136	220	134	false
-132	220	136	false
-128	220	136	false
-124	220	136	false
-120	220	136	false
-116	220	136	false
-112	220	136	false
-108	220	136	false
-104	220	134	false
-100	220	133	false
-96	220	131	false
-92	220	131	false
-88	220	131	false
-84	220	131	false
-80	220	132	false
-76	220	132	false
-72	220	132	false
-68	220	133	false
-64	220	133	false
-60	220	133	false
-56	220	132	false
-52	220	131	false
-48	220	131	false
-44	220	130	false
-40	220	133	false
-36	220	133	false
-32	220	133	false
-28	220	133	false
-24	220	133	false
-20	220	134	false
-16	220	134	false
-12	220	135	false
-8	220	134	false
-4	220	135	false
0	220	136	false
4	220	136	false
8	220	136	false
12	220	136	false
16	220	136	false
20	220	134	false
24	220	133	false
28	220	133	false
32	220	133	false
36	220	133	false
40	220	133	false
44	220	131	false
48	220	130	false
52	220	132	false
56	220	133	false
60	220	133	false
64	220	133	false
68	220	133	false
72	220	133	false
76	220	133	false
80	220	133	false
84	220	133	false
88	220	133	false
92	220	131	false
96	220	130	false
100	220	130	false
104	220	130	false
108	220	128	false
112	220	128	false
116	220	127	false
120	220	125	false
124	220	124	false
128	220	124	false
132	220	123	false
136	220	123	false
140	220	123	false
144	220	122	false
148	220	121	false
152	220	121	false
156	220	121	false
160	220	119	false
164	220	118	false
168	220	118	false
172	220	118	false
176	220	118	false
180	220	118	false
184	220	118	false
188	220	118	false
192	220	119	false
196	220	119	false
200	220	119	false
204	220	119	false
208	220	119	false
212	220	118	false
216	220	118	false
220	220	118	false
224	220	117	false
228	220	116	false
232	220	116	false
236	220	116	false
240	220	117	false
244	220	118	false
248	220	118	false
252	220	118	false
256	220	118	false
260	220	119	false
264	220	119	false
268	220	119	false
272	220	118	false
276	220	118	false
280	220	118	false
284	220	118	false
288	220	118	false
-288	224	94	false
-284	224	101	false
-280	224	106	false
-276	224	110	false
-272	224	113	false
-268	224	117	false
-264	224	121	false
-260	224	123	false
-256	224	125	false
-252	224	127	false
-248	224	130	false
-244	224	130	false
-240	224	130	false
-236	224	129	false
-232	224	127	false
-228	224	127	false
-224	224	127	false
-220	224	127	false
-216	224	127	false
-212	224	127	false
-208	224	129	false
-204	224	130	false
-200	224	131	false
-196	224	133	false
-192	224	133	false
-188	224	134	false
-184	224	134	false
-180	224	135	false
-176	224	133	false
-172	224	133	false
-168	224	133	false
-164	224	131	false
-160	224	130	false
-156	224	130	false
-152	224	130	false
-148	224	130	false
-144	224	130	false
-140	224	133	false
-136	224	133	false
-132	224	136	false
-128	224	136	false
-124	224	136	false
-120	224	136	false
-116	224	136	false
-112	224	136	false
-108	224	136	false
-104	224	133	false
-100	224	132	false
-96	224	130	false
-92	224	130	false
-88	224	130	false
-84	224	130	false
-80	224	130	false
-76	224	130	false
-72	224	130	false
-68	224	130	false
-64	224	130	false
-60	224	130	false
-56	224	130	false
-52	224	131	false
-48	224	131	false
-44	224	130	false
-40	224	133	false
-36	224	133	false
-32	224	133	false
-28	224	133	false
-24	224	133	false
-20	224	133	false
-16	224	133	false
-12	224	135	false
-8	224	136	false
-4	224	136	false
0	224	136	false
4	224	136	false
8	224	136	false
12	224	136	false
16	224	136	false
20	224	134	false
24	224	133	false
28	224	133	false
32	224	133	false
36	224	133	false
40	224	133	false
44	224	131	false
48	224	131	false
52	224	133	false
56	224	133	false
60	224	133	false
64	224	133	false
68	224	133	false
72	224	133	false
76	224	133	false
80	224	133	false
84	224	133	false
88	224	133	false
92	224	133	false
96	224	131	false
100	224	130	false
104	224	130	false
108	224	128	false
112	224	127	false
116	224	127	false
120	224	125	false
124	224	124	false
128	224	123	false
132	224	122	false
136	224	121	false
140	224	121	false
144	224	121	false
148	224	121	false
152	224	120	false
156	224	119	false
160	224	118	false
164	224	118	false
168	224	118	false
172	224	118	false
176	224	118	false
180	224	118	false
184	224	118	false
188	224	118	false
192	224	118	false
196	224	118	false
200	224	118	false
204	224	118	false
208	224	118	false
212	224	118	false
216	224	118	false
220	224	116	false
224	224	116	false
228	224	115	false
232	224	115	false
236	224	115	false
240	224	116	false
244	224	117	false
248	224	118	false
252	224	118	false
256	224	118	false
260	224	118	false
264	224	118	false
268	224	118	false
272	224	118	false
276	224	118	false
280	224	118	false
284	224	117	false
288	224	116	false
-288	228	95	false
-284	228	101	false
-280	228	106	false
-276	228	110	false
-272	228	114	false
-268	228	117	false
-264	228	121	false
-260	228	123	false
-256	228	126	false
-252	228	127	false
-248	228	129	false
-244	228	130	false
-240	228	130	false
-236	228	129	false
-232	228	127	false
-228	228	127	false
-224	228	127	false
-220	228	126	false
-216	228	127	false
-212	228	127	false
-208	228	129	false
-204	228	129	false
-200	228	130	false
-196	228	132	false
-192	228	133	false
-188	228	134	false
-184	228	135	false
-180	228	134	false
-176	228	133	false
-172	228	133	false
-168	228	132	false
-164	228	131	false
-160	228	130	false
-156	228	130	false
-152	228	130	false
-148	228	130	false
-144	228	130	false
-140	228	132	false
-136	228	133	false
-132	228	135	false
-128	228	136	false
-124	228	136	false
-120	228	136	false
-116	228	136	false
-112	228	136	false
-108	228	135	false
-104	228	133	false
-100	228	132	false
-96	228	130	false
-92	228	130	false
-88	228	130	false
-84	228	130	false
-80	228	130	false
-76	228	130	false
-72	228	130	false
-68	228	130	false
-64	228	130	false
-60	228	130	false
-56	228	130	false
-52	228	130	false
-48	228	130	false
-44	228	130	false
-40	228	133	false
-36	228	133	false
-32	228	133	false
-28	228	133	false
-24	228	133	false
-20	228	133	false
-16	228	133	false
-12	228	135	false
-8	228	135	false
-4	228	136	false
0	228	135	false
4	228	135	false
8	228	135	false
12	228	135	false
16	228	135	false
20	228	135	false
24	228	133	false
28	228	133	false
32	228	133	false
36	228	132	false
40	228	132	false
44	228	131	false
48	228	131	false
52	228	132	false
56	228	133	false
60	228	133	false
64	228	133	false
68	228	133	false
72	228	133	false
76	228	133	false
80	228	133	false
84	228	133	false
88	228	132	false
92	228	132	false
96	228	131	false
100	228	130	false
104	228	130	false
108	228	128	false
112	228	127	false
116	228	126	false
120	228	125	false
124	228	124	false
128	228	123	false
132	228	121	false
136	228	121	false
140	228	121	false
144	228	121	false
148	228	121	false
152	228	119	false
156	228	118	false
160	228	118	false
164	228	118	false
168	228	118	false
172	228	118	false
176	228	118	false
180	228	118	false
184	228	118	false
188	228	118	false
192	228	118	false
196	228	118	false
200	228	118	false
204	228	118	false
208	228	117	false
212	228	117	false
216	228	117	false
220	228	116	false
224	228	115	false
228	228	115	false
232	228	115	false
236	228	115	false
240	228	115	false
244	228	116	false
248	228	116	false
252	228	117	false
256	228	118	false
260	228	118	false
264	228	118	false
268	228	118	false
272	228	118	false
276	228	117	false
280	228	116	false
284	228	115	false
288	228	115	false
-288	232	91	false
-284	232	98	false
-280	232	102	false
-276	232	106	false
-272	232	110	false
-268	232	114	false
-264	232	118	false
-260	232	121	false
-256	232	124	false
-252	232	125	false
-248	232	127	false
-244	232	128	false
-240	232	128	false
-236	232	127	false
-232	232	127	false
-228	232	126	false
-224	232	125	false
-220	232	125	false
-216	232	126	false
-212	232	126	false
-208	232	127	false
-204	232	127	false
-200	232	129	false
-196	232	131	false
-192	232	132	false
-188	232	132	false
-184	232	133	false
-180	232	132	false
-176	232	132	false
-172	232	131	false
-168	232	130	false
-164	232	129	false
-160	232	130	false
-156	232	128	false
-152	232	128	false
-148	232	128	false
-144	232	130	false
-140	232	130	false
-136	232	132	false
-132	232	134	false
-128	232	134	false
-124	232	136	false
-120	232	136	false
-116	232	136	false
-112	232	134	false
-108	232	133	false
-104	232	131	false
-100	232	130	false
-96	232	130	false
-92	232	128	false
-88	232	128	false
-84	232	130	false
-80	232	130	false
-76	232	130	false
-72	232	129	false
-68	232	129	false
-64	232	129	false
-60	232	129	false
-56	232	129	false
-52	232	129	false
-48	232	129	false
-44	232	129	false
-40	232	130	false
-36	232	131	false
-32	232	132	false
-28	232	131	false
-24	232	132	false
-20	232	132	false
-16	232	132	false
-12	232	132	false
-8	232	133	false
-4	232	133	false
0	232	133	false
4	232	133	false
8	232	133	false
12	232	133	false
16	232	133	false
20	232	133	false
24	232	131	false
28	232	131	false
32	232	131	false
36	232	130	false
40	232	130	false
44	232	129	false
48	232	129	false
52	232	130	false
56	232	130	false
60	232	131	false
64	232	131	false
68	232	131	false
72	232	132	false
76	232	132	false
80	232	131	false
84	232	130	false
88	232	130	false
92	232	129	false
96	232	129	false
100	232	128	false
104	232	127	false
108	232	126	false
112	232	125	false
116	232	125	false
120	232	122	false
124	232	122	false
128	232	121	false
132	232	120	false
136	232	120	false
140	232	119	false
144	232	119	false
148	232	119	false
152	232	118	false
156	232	117	false
160	232	117	false
164	232	116	false
168	232	115	false
172	232	116	false
176	232	116	false
180	232	116	false
184	232	116	false
188	232	116	false
192	232	116	false
196	232	116	false
200	232	116	false
204	232	116	false
208	232	116	false
212	232	115	false
216	232	115	false
220	232	115	false
224	232	113	false
228	232	113	false
232	232	113	false
236	232	113	false
240	232	113	false
244	232	115	false
248	232	114	false
252	232	116	false
256	232	116	false
260	232	116	false
264	232	116	false
268	232	116	false
272	232	116	false
276	232	116	false
280	232	114	false
284	232	114	false
288	232	113	false
-288	236	86	false
-284	236	93	false
-280	236	98	false
-276	236	102	false
-272	236	106	false
-268	236	110	false
-264	236	114	false
-260	236	117	false
-256	236	120	false
-252	236	123	false
-248	236	125	false
-244	236	125	false
-240	236	126	false
-236	236	125	false
-232	236	124	false
-228	236	123	false
-224	236	123	false
-220	236	123	false
-216	236	123	false
-212	236	124	false
-208	236	124	false
-204	236	126	false
-200	236	127	false
-196	236	128	false
-192	236	129	false
-188	236	130	false
-184	236	130	false
-180	236	130	false
-176	236	129	false
-172	236	129	false
-168	236	129	false
-164	236	128	false
-160	236	127	false
-156	236	127	false
-152	236	127	false
-148	236	127	false
-144	236	127	false
-140	236	128	false
-136	236	129	false
-132	236	130	false
-128	236	132	false
-124	236	132	false
-120	236	133	false
-116	236	132	false
-112	236	132	false
-108	236	130	false
-104	236	129	false
-100	236	128	false
-96	236	127	false
-92	236	127	false
-88	236	127	false
-84	236	127	false
-80	236	127	false
-76	236	127	false
-72	236	127	false
-68	236	127	false
-64	236	127	false
-60	236	127	false
-56	236	126	false
-52	236	127	false
-48	236	127	false
-44	236	127	false
-40	236	127	false
-36	236	128	false
-32	236	129	false
-28	236	129	false
-24	236	129	false
-20	236	128	false
-16	236	129	false
-12	236	129	false
-8	236	130	false
-4	236	130	false
0	236	131	false
4	236	130	false
8	236	130	false
12	236	130	false
16	236	130	false
20	236	130	false
24	236	128	false
28	236	128	false
32	236	128	false
36	236	128	false
40	236	127	false
44	236	126	false
48	236	126	false
52	236	127	false
56	236	128	false
60	236	128	false
64	236	128	false
68	236	128	false
72	236	128	false
76	236	128	false
80	236	127	false
84	236	127	false
88	236	127	false
92	236	126	false
96	236	125	false
100	236	125	false
104	236	124	false
108	236	123	false
112	236	122	false
116	236	121	false
120	236	120	false
124	236	119	false
128	236	118	false
132	236	118	false
136	236	118	false
140	236	118	false
144	236	116	false
148	236	116	false
152	236	115	false
156	236	114	false
160	236	114	false
164	236	114	false
168	236	114	false
172	236	114	false
176	236	113	false
180	236	113	false
184	236	113	false
188	236	114	false
192	236	114	false
196	236	114	false
200	236	114	false
204	236	114	false
208	236	114	false
212	236	113	false
216	236	113	false
220	236	112	false
224	236	112	false
228	236	112	false
232	236	112	false
236	236	111	false
240	236	111	false
244	236	111	false
248	236	112	false
252	236	113	false
256	236	113	false
260	236	113	false
264	236	113	false
268	236	113	false
272	236	113	false
276	236	112	false
280	236	112	false
284	236	111	false
288	236	111	false
-288	240	82	false
-284	240	89	false
-280	240	93	false
-276	240	96	false
-272	240	101	false
-268	240	105	false
-264	240	108	false
-260	240	113	false
-256	240	116	false
-252	240	119	false
-248	240	122	false
-244	240	123	false
-240	240	122	false
-236	240	122	false
-232	240	121	false
-228	240	121	false
-224	240	120	false
-220	240	120	false
-216	240	120	false
-212	240	120	false
-208	240	122	false
-204	240	123	false
-200	240	124	false
-196	240	125	false
-192	240	125	false
-188	240	126	false
-184	240	126	false
-180	240	127	false
-176	240	127	false
-172	240	126	false
-168	240	125	false
-164	240	125	false
-160	240	124	false
-156	240	124	false
-152	240	124	false
-148	240	124	false
-144	240	124	false
-140	240	125	false
-136	240	126	false
-132	240	127	false
-128	240	128	false
-124	240	128	false
-120	240	128	false
-116	240	128	false
-112	240	128	false
-108	240	127	false
-104	240	126	false
-100	240	125	false
-96	240	124	false
-92	240	124	false
-88	240	124	false
-84	240	124	false
-80	240	124	false
-76	240	124	false
-72	240	124	false
-68	240	124	false
-64	240	124	false
-60	240	124	false
-56	240	124	false
-52	240	123	false
-48	240	123	false
-44	240	123	false
-40	240	124	false
-36	240	124	false
-32	240	125	false
-28	240	125	false
-24	240	125	false
-20	240	125	false
-16	240	125	false
-12	240	125	false
-8	240	126	false
-4	240	127	false
0	240	127	false
4	240	127	false
8	240	126	false
12	240	126	false
16	240	126	false
20	240	126	false
24	240	126	false
28	240	124	false
32	240	124	false
36	240	124	false
40	240	124	false
44	240	123	false
48	240	123	false
52	240	123	false
56	240	124	false
60	240	124	false
64	240	124	false
68	240	124	false
72	240	124	false
76	240	124	false
80	240	122	false
84	240	122	false
88	240	122	false
92	240	122	false
96	240	122	false
100	240	121	false
104	240	121	false
108	240	119	false
112	240	119	false
116	240	118	false
120	240	117	false
124	240	116	false
128	240	115	false
132	240	115	false
136	240	115	false
140	240	114	false
144	240	114	false
148	240	112	false
152	240	112	false
156	240	111	false
160	240	110	false
164	240	110	false
168	240	110	false
172	240	110	false
176	240	109	false
180	240	110	false
184	240	110	false
188	240	110	false
192	240	111	false
196	240	111	false
200	240	111	false
204	240	111	false
208	240	111	false
212	240	110	false
216	240	109	false
220	240	109	false
224	240	109	false
228	240	109	false
232	240	109	false
236	240	109	false
240	240	109	false
244	240	108	false
248	240	108	false
252	240	109	false
256	240	109	false
260	240	109	false
264	240	109	false
268	240	109	false
272	240	109	false
276	240	109	false
280	240	108	false
284	240	108	false
288	240	107	false
-288	244	78	false
-284	244	83	false
-280	244	87	false
-276	244	91	false
-272	244	95	false
-268	244	100	false
-264	244	104	false
-260	244	108	false
-256	244	112	false
-252	244	115	false
-248	244	118	false
-244	244	119	false
-240	244	118	false
-236	244	118	false
-232	244	117	false
-228	244	116	false
-224	244	116	false
-220	244	116	false
-216	244	117	false
-212	244	117	false
-208	244	118	false
-204	244	118	false
-200	244	119	false
-196	244	121	false
-192	244	122	false
-188	244	122	false
-184	244	122	false
-180	244	122	false
-176	244	122	false
-172	244	122	false
-168	244	121	false
-164	244	120	false
-160	244	120	false
-156	244	120	false
-152	244	120	false
-148	244	120	false
-144	244	120	false
-140	244	120	false
-136	244	121	false
-132	244	122	false
-128	244	122	false
-124	244	122	false
-120	244	123	false
-116	244	122	false
-112	244	122	false
-108	244	122	false
-104	244	121	false
-100	244	121	false
-96	244	121	false
-92	244	121	false
-88	244	121	false
-84	244	121	false
-80	244	121	false
-76	244	121	false
-72	244	120	false
-68	244	120	false
-64	244	119	false
-60	244	119	false
-56	244	119	false
-52	244	119	false
-48	244	119	false
-44	244	119	false
-40	244	119	false
-36	244	119	false
-32	244	119	false
-28	244	119	false
-24	244	119	false
-20	244	119	false
-16	244	120	false
-12	244	121	false
-8	244	121	false
-4	244	122	false
0	244	122	false
4	244	122	false
8	244	122	false
12	244	122	false
16	244	122	false
20	244	122	false
24	244	122	false
28	244	121	false
32	244	120	false
36	244	120	false
40	244	119	false
44	244	119	false
48	244	119	false
52	244	119	false
56	244	119	false
60	244	119	false
64	244	119	false
68	244	119	false
72	244	118	false
76	244	118	false
80	244	118	false
84	244	118	false
88	244	119	false
92	244	118	false
96	244	118	false
100	244	118	false
104	244	116	false
108	244	116	false
112	244	115	false
116	244	114	false
120	244	113	false
124	244	112	false
128	244	111	false
132	244	111	false
136	244	111	false
140	244	110	false
144	244	110	false
148	244	109	false
152	244	108	false
156	244	107	false
160	244	106	false
164	244	106	false
168	244	105	false
172	244	105	false
176	244	106	false
180	244	106	false
184	244	107	false
188	244	108	false
192	244	108	false
196	244	108	false
200	244	108	false
204	244	108	false
208	244	108	false
212	244	108	false
216	244	106	false
220	244	106	false
224	244	105	false
228	244	105	false
232	244	105	false
236	244	105	false
240	244	105	false
244	244	104	false
248	244	104	false
252	244	104	false
256	244	104	false
260	244	104	false
264	244	104	false
268	244	104	false
272	244	104	false
276	244	104	false
280	244	104	false
284	244	104	false
288	244	104	false
-288	248	73	false
-284	248	78	false
-280	248	82	false
-276	248	87	false
-272	248	90	false
-268	248	94	false
-264	248	98	false
-260	248	103	false
-256	248	107	false
-252	248	110	false
-248	248	113	false
-244	248	113	false
-240	248	113	false
-236	248	113	false
-232	248	113	false
-228	248	113	false
-224	248	113	false
-220	248	112	false
-216	248	113	false
-212	248	113	false
-208	248	113	false
-204	248	115	false
-200	248	116	false
-196	248	117	false
-192	248	117	false
-188	248	118	false
-184	248	118	false
-180	248	118	false
-176	248	118	false
-172	248	118	false
-168	248	116	false
-164	248	116	false
-160	248	116	false
-156	248	116	false
-152	248	116	false
-148	248	116	false
-144	248	116	false
-140	248	117	false
-136	248	117	false
-132	248	117	false
-128	248	117	false
-124	248	117	false
-120	248	117	false
-116	248	117	false
-112	248	117	false
-108	248	117	false
-104	248	117	false
-100	248	117	false
-96	248	117	false
-92	248	117	false
-88	248	117	false
-84	248	117	false
-80	248	117	false
-76	248	116	false
-72	248	116	false
-68	248	115	false
-64	248	115	false
-60	248	114	false
-56	248	114	false
-52	248	115	false
-48	248	115	false
-44	248	115	false
-40	248	114	false
-36	248	113	false
-32	248	113	false
-28	248	115	false
-24	248	114	false
-20	248	114	false
-16	248	115	false
-12	248	115	false
-8	248	116	false
-4	248	116	false
0	248	118	false
4	248	118	false
8	248	119	false
12	248	118	false
16	248	117	false
20	248	116	false
24	248	116	false
28	248	116	false
32	248	116	false
36	248	116	false
40	248	115	false
44	248	115	false
48	248	114	false
52	248	114	false
56	248	114	false
60	248	113	false
64	248	113	false
68	248	113	false
72	248	112	false
76	248	112	false
80	248	112	false
84	248	112	false
88	248	112	false
92	248	113	false
96	248	113	false
100	248	112	false
104	248	112	false
108	248	111	false
112	248	110	false
116	248	110	false
120	248	109	false
124	248	107	false
128	248	107	false
132	248	107	false
136	248	107	false
140	248	107	false
144	248	106	false
148	248	106	false
152	248	104	false
156	248	103	false
160	248	102	false
164	248	101	false
168	248	101	false
172	248	101	false
176	248	102	false
180	248	103	false
184	248	103	false
188	248	104	false
192	248	105	false
196	248	105	false
200	248	105	false
204	248	105	false
208	248	105	false
212	248	104	false
216	248	103	false
220	248	102	false
224	248	101	false
228	248	101	false
232	248	101	false
236	248	101	false
240	248	101	false
244	248	100	false
248	248	100	false
252	248	100	false
256	248	100	false
260	248	100	false
264	248	100	false
268	248	100	false
272	248	100	false
276	248	100	false
280	248	100	false
284	248	100	false
288	248	100	false
-288	252	67	false
-284	252	72	false
-280	252	76	false
-276	252	80	false
-272	252	85	false
-268	252	88	false
-264	252	93	false
-260	252	98	false
-256	252	101	false
-252	252	106	false
-248	252	109	false
-244	252	109	false
-240	252	109	false
-236	252	109	false
-232	252	107	false
-228	252	108	false
-224	252	107	false
-220	252	107	false
-216	252	107	false
-212	252	107	false
-208	252	109	false
-204	252	109	false
-200	252	110	false
-196	252	112	false
-192	252	112	false
-188	252	112	false
-184	252	112	false
-180	252	112	false
-176	252	112	false
-172	252	112	false
-168	252	112	false
-164	252	111	false
-160	252	112	false
-156	252	112	false
-152	252	112	false
-148	252	112	false
-144	252	112	false
-140	252	112	false
-136	252	112	false
-132	252	112	false
-128	252	112	false
-124	252	112	false
-120	252	112	false
-116	252	112	false
-112	252	112	false
-108	252	112	false
-104	252	112	false
-100	252	112	false
-96	252	112	false
-92	252	112	false
-88	252	113	false
-84	252	113	false
-80	252	112	false
-76	252	112	false
-72	252	110	false
-68	252	109	false
-64	252	109	false
-60	252	109	false
-56	252	109	false
-52	252	112	false
-48	252	111	false
-44	252	112	false
-40	252	109	false
-36	252	109	false
-32	252	108	false
-28	252	107	false
-24	252	107	false
-20	252	109	false
-16	252	109	false
-12	252	109	false
-8	252	110	false
-4	252	110	false
0	252	112	false
4	252	112	false
8	252	112	false
12	252	112	false
16	252	112	false
20	252	112	false
24	252	112	false
28	252	110	false
32	252	110	false
36	252	110	false
40	252	109	false
44	252	109	false
48	252	109	false
52	252	109	false
56	252	109	false
60	252	107	false
64	252	107	false
68	252	107	false
72	252	106	false
76	252	106	false
80	252	106	false
84	252	106	false
88	252	107	false
92	252	107	false
96	252	107	false
100	252	106	false
104	252	106	false
108	252	106	false
112	252	104	false
116	252	104	false
120	252	103	false
124	252	103	false
128	252	103	false
132	252	102	false
136	252	102	false
140	252	101	false
144	252	101	false
148	252	100	false
152	252	98	false
156	252	98	false
160	252	97	false
164	252	97	false
168	252	97	false
172	252	97	false
176	252	97	false
180	252	97	false
184	252	98	false
188	252	100	false
192	252	100	false
196	252	101	false
200	252	101	false
204	252	101	false
208	252	100	false
212	252	100	false
216	252	98	false
220	252	98	false
224	252	97	false
228	252	97	false
232	252	97	false
236	252	97	false
240	252	97	false
244	252	97	false
248	252	95	false
252	252	95	false
256	252	94	false
260	252	94	false
264	252	94	false
268	252	94	false
272	252	94	false
276	252	94	false
280	252	95	false
284	252	95	false
288	252	95	false
-288	256	62	false
-284	256	66	false
-280	256	70	false
-276	256	74	false
-272	256	79	false
-268	256	82	false
-264	256	87	false
-260	256	91	false
-256	256	95	false
-252	256	98	false
-248	256	101	false
-244	256	102	false
-240	256	102	false
-236	256	102	false
-232	256	101	false
-228	256	101	false
-224	256	101	false
-220	256	101	false
-216	256	102	false
-212	256	102	false
-208	256	102	false
-204	256	102	false
-200	256	103	false
-196	256	104	false
-192	256	104	false
-188	256	104	false
-184	256	105	false
-180	256	105	false
-176	256	105	false
-172	256	105	false
-168	256	105	false
-164	256	104	false
-160	256	104	false
-156	256	104	false
-152	256	104	false
-148	256	104	false
-144	256	104	false
-140	256	104	false
-136	256	104	false
-132	256	104	false
-128	256	104	false
-124	256	104	false
-120	256	104	false
-116	256	104	false
-112	256	105	false
-108	256	105	false
-104	256	105	false
-100	256	105	false
-96	256	106	false
-92	256	106	false
-88	256	106	false
-84	256	106	false
-80	256	106	false
-76	256	105	false
-72	256	104	false
-68	256	104	false
-64	256	103	false
-60	256	102	false
-56	256	101	false
-52	256	107	false
-48	256	107	false
-44	256	107	false
-40	256	101	false
-36	256	101	false
-32	256	101	false
-28	256	101	false
-24	256	100	false
-20	256	100	false
-16	256	101	false
-12	256	102	false
-8	256	103	false
-4	256	104	false
0	256	105	false
4	256	105	false
8	256	105	false
12	256	104	false
16	256	104	false
20	256	104	false
24	256	104	false
28	256	103	false
32	256	103	false
36	256	103	false
40	256	102	false
44	256	102	false
48	256	102	false
52	256	101	false
56	256	100	false
60	256	100	false
64	256	100	false
68	256	100	false
72	256	100	false
76	256	100	false
80	256	100	false
84	256	99	false
88	256	100	false
92	256	100	false
96	256	99	false
100	256	99	false
104	256	99	false
108	256	99	false
112	256	99	false
116	256	98	false
120	256	98	false
124	256	97	false
128	256	96	false
132	256	96	false
136	256	96	false
140	256	96	false
144	256	95	false
148	256	94	false
152	256	93	false
156	256	91	false
160	256	91	false
164	256	90	false
168	256	90	false
172	256	90	false
176	256	91	false
180	256	92	false
184	256	93	false
188	256	93	false
192	256	94	false
196	256	95	false
200	256	95	false
204	256	95	false
208	256	94	false
212	256	94	false
216	256	93	false
220	256	92	false
224	256	92	false
228	256	91	false
232	256	91	false
236	256	91	false
240	256	91	false
244	256	91	false
248	256	91	false
252	256	89	false
256	256	89	false
260	256	88	false
264	256	88	false
268	256	88	false
272	256	88	false
276	256	89	false
280	256	88	false
284	256	88	false
288	256	88	false
-288	260	57	false
-284	260	61	false
-280	260	64	false
-276	260	69	false
-272	260	72	false
-268	260	77	false
-264	260	81	false
-260	260	84	false
-256	260	88	false
-252	260	93	false
-248	260	95	false
-244	260	95	false
-240	260	94	false
-236	260	95	false
-232	260	95	false
-228	260	94	false
-224	260	94	false
-220	260	94	false
-216	260	95	false
-212	260	95	false
-208	260	95	false
-204	260	95	false
-200	260	96	false
-196	260	96	false
-192	260	97	false
-188	260	98	false
-184	260	98	false
-180	260	98	false
-176	260	98	false
-172	260	98	false
-168	260	98	false
-164	260	97	false
-160	260	97	false
-156	260	97	false
-152	260	97	false
-148	260	97	false
-144	260	97	false
-140	260	97	false
-136	260	97	false
-132	260	97	false
-128	260	97	false
-124	260	97	false
-120	260	97	false
-116	260	96	false
-112	260	97	false
-108	260	97	false
-104	260	97	false
-100	260	97	false
-96	260	98	false
-92	260	98	false
-88	260	98	false
-84	260	98	false
-80	260	98	false
-76	260	97	false
-72	260	96	false
-68	260	95	false
-64	260	95	false
-60	260	95	false
-56	260	94	false
-52	260	103	false
-48	260	103	false
-44	260	103	false
-40	260	94	false
-36	260	94	false
-32	260	94	false
-28	260	94	false
-24	260	94	false
-20	260	93	false
-16	260	94	false
-12	260	95	false
-8	260	96	false
-4	260	97	false
0	260	97	false
4	260	97	false
8	260	97	false
12	260	97	false
16	260	97	false
20	260	97	false
24	260	97	false
28	260	97	false
32	260	96	false
36	260	95	false
40	260	95	false
44	260	95	false
48	260	95	false
52	260	94	false
56	260	93	false
60	260	93	false
64	260	93	false
68	260	92	false
72	260	92	false
76	260	91	false
80	260	92	false
84	260	92	false
88	260	93	false
92	260	93	false
96	260	92	false
100	260	92	false
104	260	92	false
108	260	92	false
112	260	92	false
116	260	90	false
120	260	90	false
124	260	90	false
128	260	89	false
132	260	89	false
136	260	89	false
140	260	89	false
144	260	89	false
148	260	88	false
152	260	87	false
156	260	85	false
160	260	84	false
164	260	84	false
168	260	84	false
172	260	84	false
176	260	84	false
180	260	85	false
184	260	86	false
188	260	88	false
192	260	88	false
196	260	89	false
200	260	89	false
204	260	88	false
208	260	88	false
212	260	87	false
216	260	86	false
220	260	86	false
224	260	85	false
228	260	85	false
232	260	84	false
236	260	84	false
240	260	84	false
244	260	84	false
248	260	83	false
252	260	82	false
256	260	82	false
260	260	82	false
264	260	82	false
268	260	82	false
272	260	82	false
276	260	82	false
280	260	82	false
284	260	83	false
288	260	83	false
-288	264	52	false
-284	264	55	false
-280	264	59	false
-276	264	63	false
-272	264	65	false
-268	264	70	false
-264	264	74	false
-260	264	78	false
-256	264	81	false
-252	264	85	false
-248	264	88	false
-244	264	88	false
-240	264	87	false
-236	264	87	false
-232	264	87	false
-228	264	86	false
-224	264	86	false
-220	264	86	false
-216	264	87	false
-212	264	87	false
-208	264	87	false
-204	264	87	false
-200	264	88	false
-196	264	88	false
-192	264	89	false
-188	264	89	false
-184	264	89	false
-180	264	89	false
-176	264	89	false
-172	264	89	false
-168	264	88	false
-164	264	88	false
-160	264	88	false
-156	264	88	false
-152	264	88	false
-148	264	88	false
-144	264	88	false
-140	264	88	false
-136	264	88	false
-132	264	88	false
-128	264	88	false
-124	264	88	false
-120	264	88	false
-116	264	88	false
-112	264	89	false
-108	264	89	false
-104	264	89	false
-100	264	89	false
-96	264	89	false
-92	264	90	false
-88	264	90	false
-84	264	90	false
-80	264	89	false
-76	264	89	false
-72	264	88	false
-68	264	87	false
-64	264	87	false
-60	264	87	false
-56	264	87	false
-52	264	99	false
-48	264	99	false
-44	264	99	false
-40	264	85	false
-36	264	85	false
-32	264	85	false
-28	264	85	false
-24	264	85	false
-20	264	85	false
-16	264	86	false
-12	264	87	false
-8	264	88	false
-4	264	89	false
0	264	88	false
4	264	89	false
8	264	89	false
12	264	89	false
16	264	89	false
20	264	89	false
24	264	89	false
28	264	88	false
32	264	87	false
36	264	87	false
40	264	87	false
44	264	87	false
48	264	87	false
52	264	85	false
56	264	85	false
60	264	85	false
64	264	84	false
68	264	84	false
72	264	84	false
76	264	84	false
80	264	83	false
84	264	84	false
88	264	84	false
92	264	85	false
96	264	85	false
100	264	84	false
104	264	84	false
108	264	84	false
112	264	84	false
116	264	83	false
120	264	83	false
124	264	83	false
128	264	83	false
132	264	83	false
136	264	82	false
140	264	81	false
144	264	81	false
148	264	80	false
152	264	79	false
156	264	78	false
160	264	78	false
164	264	77	false
168	264	77	false
172	264	77	false
176	264	78	false
180	264	79	false
184	264	80	false
188	264	80	false
192	264	80	false
196	264	81	false
200	264	81	false
204	264	81	false
208	264	81	false
212	264	80	false
216	264	80	false
220	264	79	false
224	264	78	false
228	264	78	false
232	264	78	false
236	264	78	false
240	264	78	false
244	264	77	false
248	264	77	false
252	264	76	false
256	264	76	false
260	264	75	false
264	264	75	false
268	264	75	false
272	264	75	false
276	264	76	false
280	264	76	false
284	264	76	false
288	264	76	false
-288	268	47	false
-284	268	50	false
-280	268	53	false
-276	268	56	false
-272	268	60	false
-268	268	62	false
-264	268	67	false
-260	268	70	false
-256	268	73	false
-252	268	76	false
-248	268	78	false
-244	268	78	false
-240	268	78	false
-236	268	79	false
-232	268	78	false
-228	268	78	false
-224	268	78	false
-220	268	78	false
-216	268	77	false
-212	268	77	false
-208	268	78	false
-204	268	78	false
-200	268	78	false
-196	268	79	false
-192	268	80	false
-188	268	80	false
-184	268	80	false
-180	268	80	false
-176	268	80	false
-172	268	80	false
-168	268	80	false
-164	268	80	false
-160	268	80	false
-156	268	79	false
-152	268	80	false
-148	268	80	false
-144	268	80	false
-140	268	80	false
-136	268	80	false
-132	268	80	false
-128	268	80	false
-124	268	80	false
-120	268	80	false
-116	268	80	false
-112	268	80	false
-108	268	81	false
-104	268	81	false
-100	268	81	false
-96	268	81	false
-92	268	81	false
-88	268	81	false
-84	268	80	false
-80	268	80	false
-76	268	80	false
-72	268	79	false
-68	268	79	false
-64	268	78	false
-60	268	78	false
-56	268	78	false
-52	268	96	false
-48	268	95	false
-44	268	94	false
-40	268	78	false
-36	268	76	false
-32	268	76	false
-28	268	76	false
-24	268	77	false
-20	268	77	false
-16	268	77	false
-12	268	78	false
-8	268	79	false
-4	268	79	false
0	268	80	false
4	268	80	false
8	268	80	false
12	268	80	false
16	268	79	false
20	268	79	false
24	268	79	false
28	268	79	false
32	268	78	false
36	268	78	false
40	268	78	false
44	268	77	false
48	268	77	false
52	268	77	false
56	268	76	false
60	268	76	false
64	268	76	false
68	268	76	false
72	268	76	false
76	268	76	false
80	268	75	false
84	268	75	false
88	268	76	false
92	268	75	false
96	268	76	false
100	268	76	false
104	268	76	false
108	268	76	false
112	268	75	false
116	268	75	false
120	268	75	false
124	268	75	false
128	268	74	false
132	268	73	false
136	268	73	false
140	268	73	false
144	268	72	false
148	268	71	false
152	268	70	false
156	268	70	false
160	268	69	false
164	268	69	false
168	268	69	false
172	268	69	false
176	268	69	false
180	268	70	false
184	268	71	false
188	268	72	false
192	268	72	false
196	268	73	false
200	268	73	false
204	268	73	false
208	268	72	false
212	268	72	false
216	268	72	false
220	268	71	false
224	268	71	false
228	268	71	false
232	268	70	false
236	268	70	false
240	268	70	false
244	268	70	false
248	268	69	false
252	268	69	false
256	268	68	false
260	268	68	false
264	268	68	false
268	268	68	false
272	268	68	false
276	268	68	false
280	268	69	false
284	268	69	false
288	268	69	false
-288	272	41	false
-284	272	44	false
-280	272	47	false
-276	272	50	false
-272	272	52	false
-268	272	55	false
-264	272	59	false
-260	272	61	false
-256	272	64	false
-252	272	67	false
-248	272	69	false
-244	272	69	false
-240	272	69	false
-236	272	68	false
-232	272	68	false
-228	272	68	false
-224	272	67	false
-220	272	67	false
-216	272	68	false
-212	272	68	false
-208	272	68	false
-204	272	68	false
-200	272	69	false
-196	272	69	false
-192	272	70	false
-188	272	70	false
-184	272	70	false
-180	272	70	false
-176	272	70	false
-172	272	70	false
-168	272	70	false
-164	272	70	false
-160	272	70	false
-156	272	70	false
-152	272	70	false
-148	272	70	false
-144	272	70	false
-140	272	70	false
-136	272	70	false
-132	272	70	false
-128	272	70	false
-124	272	70	false
-120	272	70	false
-116	272	70	false
-112	272	70	false
-108	272	71	false
-104	272	71	false
-100	272	71	false
-96	272	71	false
-92	272	71	false
-88	272	71	false
-84	272	71	false
-80	272	71	false
-76	272	71	false
-72	272	70	false
-68	272	69	false
-64	272	68	false
-60	272	68	false
-56	272	68	false
-52	272	88	false
-48	272	92	false
-44	272	90	false
-40	272	82	false
-36	272	68	false
-32	272	68	false
-28	272	67	false
-24	272	67	false
-20	272	67	false
-16	272	67	false
-12	272	68	false
-8	272	68	false
-4	272	69	false
0	272	70	false
4	272	70	false
8	272	70	false
12	272	70	false
16	272	70	false
20	272	70	false
24	272	70	false
28	272	70	false
32	272	68	false
36	272	68	false
40	272	68	false
44	272	68	false
48	272	68	false
52	272	66	false
56	272	66	false
60	272	66	false
64	272	65	false
68	272	65	false
72	272	65	false
76	272	65	false
80	272	65	false
84	272	66	false
88	272	66	false
92	272	67	false
96	272	67	false
100	272	67	false
104	272	66	false
108	272	66	false
112	272	66	false
116	272	66	false
120	272	64	false
124	272	64	false
128	272	64	false
132	272	64	false
136	272	64	false
140	272	64	false
144	272	64	false
148	272	63	false
152	272	63	false
156	272	62	false
160	272	61	false
164	272	61	false
168	272	61	false
172	272	61	false
176	272	60	false
180	272	61	false
184	272	62	false
188	272	62	false
192	272	63	false
196	272	63	false
200	272	63	false
204	272	63	false
208	272	63	false
212	272	63	false
216	272	63	false
220	272	62	false
224	272	62	false
228	272	62	false
232	272	62	false
236	272	62	false
240	272	62	false
244	272	61	false
248	272	61	false
252	272	61	false
256	272	60	false
260	272	60	false
264	272	60	false
268	272	60	false
272	272	60	false
276	272	60	false
280	272	60	false
284	272	61	false
288	272	61	false
-288	276	36	false
-284	276	38	false
-280	276	40	false
-276	276	42	false
-272	276	45	false
-268	276	48	false
-264	276	50	false
-260	276	51	false
-256	276	54	false
-252	276	56	false
-248	276	58	false
-244	276	58	false
-240	276	58	false
-236	276	58	false
-232	276	58	false
-228	276	57	false
-224	276	57	false
-220	276	57	false
-216	276	58	false
-212	276	58	false
-208	276	58	false
-204	276	58	false
-200	276	58	false
-196	276	59	false
-192	276	59	false
-188	276	59	false
-184	276	60	false
-180	276	59	false
-176	276	59	false
-172	276	59	false
-168	276	59	false
-164	276	60	false
-160	276	60	false
-156	276	60	false
-152	276	60	false
-148	276	60	false
-144	276	60	false
-140	276	60	false
-136	276	60	false
-132	276	60	false
-128	276	60	false
-124	276	60	false
-120	276	60	false
-116	276	60	false
-112	276	60	false
-108	276	60	false
-104	276	60	false
-100	276	61	false
-96	276	60	false
-92	276	60	false
-88	276	60	false
-84	276	60	false
-80	276	60	false
-76	276	60	false
-72	276	59	false
-68	276	59	false
-64	276	59	false
-60	276	59	false
-56	276	59	false
-52	276	66	false
-48	276	88	false
-44	276	87	false
-40	276	84	false
-36	276	58	false
-32	276	58	false
-28	276	58	false
-24	276	58	false
-20	276	59	false
-16	276	59	false
-12	276	58	false
-8	276	58	false
-4	276	59	false
0	276	59	false
4	276	59	false
8	276	59	false
12	276	58	false
16	276	58	false
20	276	58	false
24	276	58	false
28	276	58	false
32	276	58	false
36	276	58	false
40	276	58	false
44	276	58	false
48	276	57	false
52	276	57	false
56	276	56	false
60	276	56	false
64	276	56	false
68	276	56	false
72	276	55	false
76	276	55	false
80	276	55	false
84	276	55	false
88	276	55	false
92	276	56	false
96	276	55	false
100	276	55	false
104	276	55	false
108	276	55	false
112	276	55	false
116	276	55	false
120	276	55	false
124	276	55	false
128	276	54	false
132	276	54	false
136	276	54	false
140	276	54	false
144	276	54	false
148	276	54	false
152	276	52	false
156	276	52	false
160	276	52	false
164	276	52	false
168	276	52	false
172	276	52	false
176	276	52	false
180	276	52	false
184	276	52	false
188	276	53	false
192	276	53	false
196	276	53	false
200	276	53	false
204	276	53	false
208	276	53	false
212	276	53	false
216	276	54	false
220	276	54	false
224	276	54	false
228	276	54	false
232	276	54	false
236	276	54	false
240	276	53	false
244	276	53	false
248	276	53	false
252	276	53	false
256	276	52	false
260	276	52	false
264	276	52	false
268	276	52	false
272	276	52	false
276	276	52	false
280	276	52	false
284	276	52	false
288	276	52	false
-288	280	30	false
-284	280	32	false
-280	280	34	false
-276	280	36	false
-272	280	37	false
-268	280	39	false
-264	280	41	false
-260	280	43	false
-256	280	44	false
-252	280	45	false
-248	280	47	false
-244	280	47	false
-240	280	47	false
-236	280	47	false
-232	280	46	false
-228	280	46	false
-224	280	46	false
-220	280	46	false
-216	280	46	false
-212	280	46	false
-208	280	46	false
-204	280	47	false
-200	280	47	false
-196	280	47	false
-192	280	47	false
-188	280	48	false
-184	280	48	false
-180	280	48	false
-176	280	48	false
-172	280	48	false
-168	280	48	false
-164	280	48	false
-160	280	49	false
-156	280	49	false
-152	280	48	false
-148	280	48	false
-144	280	48	false
-140	280	48	false
-136	280	48	false
-132	280	48	false
-128	280	48	false
-124	280	48	false
-120	280	48	false
-116	280	48	false
-112	280	48	false
-108	280	48	false
-104	280	48	false
-100	280	48	false
-96	280	48	false
-92	280	48	false
-88	280	49	false
-84	280	49	false
-80	280	48	false
-76	280	48	false
-72	280	48	false
-68	280	48	false
-64	280	48	false
-60	280	48	false
-56	280	48	false
-52	280	47	false
-48	280	83	false
-44	280	83	false
-40	280	82	false
-36	280	54	false
-32	280	47	false
-28	280	47	false
-24	280	47	false
-20	280	47	false
-16	280	47	false
-12	280	47	false
-8	280	47	false
-4	280	48	false
0	280	48	false
4	280	48	false
8	280	48	false
12	280	48	false
16	280	48	false
20	280	48	false
24	280	48	false
28	280	48	false
32	280	48	false
36	280	47	false
40	280	47	false
44	280	47	false
48	280	47	false
52	280	45	false
56	280	45	false
60	280	45	false
64	280	44	false
68	280	44	false
72	280	44	false
76	280	43	false
80	280	43	false
84	280	43	false
88	280	44	false
92	280	44	false
96	280	44	false
100	280	45	false
104	280	45	false
108	280	45	false
112	280	44	false
116	280	44	false
120	280	44	false
124	280	44	false
128	280	44	false
132	280	44	false
136	280	44	false
140	280	44	false
144	280	44	false
148	280	44	false
152	280	43	false
156	280	43	false
160	280	43	false
164	280	42	false
168	280	42	false
172	280	42	false
176	280	42	false
180	280	42	false
184	280	42	false
188	280	42	false
192	280	42	false
196	280	42	false
200	280	42	false
204	280	43	false
208	280	43	false
212	280	43	false
216	280	43	false
220	280	44	false
224	280	44	false
228	280	44	false
232	280	44	false
236	280	44	false
240	280	44	false
244	280	44	false
248	280	44	false
252	280	43	false
256	280	43	false
260	280	43	false
264	280	43	false
268	280	43	false
272	280	43	false
276	280	43	false
280	280	43	false
284	280	43	false
288	280	43	false
-288	284	24	false
-284	284	26	false
-280	284	27	false
-276	284	28	false
-272	284	29	false
-268	284	30	false
-264	284	32	false
-260	284	32	false
-256	284	34	false
-252	284	34	false
-248	284	36	false
-244	284	35	false
-240	284	35	false
-236	284	35	false
-232	284	35	false
-228	284	35	false
-224	284	35	false
-220	284	34	false
-216	284	34	false
-212	284	34	false
-208	284	34	false
-204	284	34	false
-200	284	35	false
-196	284	35	false
-192	284	35	false
-188	284	35	false
-184	284	35	false
-180	284	35	false
-176	284	35	false
-172	284	36	false
-168	284	36	false
-164	284	36	false
-160	284	37	false
-156	284	37	false
-152	284	37	false
-148	284	37	false
-144	284	37	false
-140	284	37	false
-136	284	37	false
-132	284	37	false
-128	284	36	false
-124	284	36	false
-120	284	36	false
-116	284	36	false
-112	284	36	false
-108	284	36	false
-104	284	36	false
-100	284	36	false
-96	284	36	false
-92	284	36	false
-88	284	36	false
-84	284	36	false
-80	284	36	false
-76	284	36	false
-72	284	36	false
-68	284	36	false
-64	284	36	false
-60	284	36	false
-56	284	36	false
-52	284	36	false
-48	284	66	false
-44	284	80	false
-40	284	78	false
-36	284	67	false
-32	284	35	false
-28	284	35	false
-24	284	35	false
-20	284	35	false
-16	284	35	false
-12	284	35	false
-8	284	35	false
-4	284	35	false
0	284	35	false
4	284	35	false
8	284	35	false
12	284	35	false
16	284	35	false
20	284	35	false
24	284	35	false
28	284	35	false
32	284	35	false
36	284	35	false
40	284	35	false
44	284	35	false
48	284	35	false
52	284	34	false
56	284	34	false
60	284	33	false
64	284	33	false
68	284	33	false
72	284	33	false
76	284	33	false
80	284	33	false
84	284	33	false
88	284	32	false
92	284	33	false
96	284	33	false
100	284	33	false
104	284	33	false
108	284	33	false
112	284	33	false
116	284	33	false
120	284	33	false
124	284	33	false
128	284	33	false
132	284	32	false
136	284	32	false
140	284	32	false
144	284	32	false
148	284	32	false
152	284	32	false
156	284	32	false
160	284	32	false
164	284	32	false
168	284	32	false
172	284	32	false
176	284	32	false
180	284	32	false
184	284	32	false
188	284	32	false
192	284	32	false
196	284	32	false
200	284	32	false
204	284	32	false
208	284	32	false
212	284	33	false
216	284	33	false
220	284	34	false
224	284	34	false
228	284	35	false
232	284	35	false
236	284	34	false
240	284	34	false
244	284	34	false
248	284	34	false
252	284	34	false
256	284	34	false
260	284	33	false
264	284	33	false
268	284	33	false
272	284	33	false
276	284	33	false
280	284	33	false
284	284	33	false
288	284	33	false
-288	288	18	false
-284	288	18	false
-280	288	19	false
-276	288	20	false
-272	288	20	false
-268	288	21	false
-264	288	21	false
-260	288	22	false
-256	288	23	false
-252	288	22	false
-248	288	22	false
-244	288	22	false
-240	288	22	false
-236	288	22	false
-232	288	22	false
-228	288	22	false
-224	288	22	false
-220	288	21	false
-216	288	22	false
-212	288	22	false
-208	288	22	false
-204	288	22	false
-200	288	23	false
-196	288	23	false
-192	288	23	false
-188	288	23	false
-184	288	23	false
-180	288	23	false
-176	288	23	false
-172	288	24	false
-168	288	24	false
-164	288	24	false
-160	288	25	false
-156	288	25	false
-152	288	25	false
-148	288	25	false
-144	288	25	false
-140	288	25	false
-136	288	25	false
-132	288	25	false
-128	288	25	false
-124	288	25	false
-120	288	25	false
-116	288	25	false
-112	288	25	false
-108	288	25	false
-104	288	24	false
-100	288	24	false
-96	288	24	false
-92	288	24	false
-88	288	24	false
-84	288	24	false
-80	288	24	false
-76	288	24	false
-72	288	24	false
-68	288	24	false
-64	288	24	false
-60	288	24	false
-56	288	24	false
-52	288	24	false
-48	288	30	false
-44	288	76	false
-40	288	75	false
-36	288	74	false
-32	288	24	false
-28	288	24	false
-24	288	24	false
-20	288	23	false
-16	288	23	false
-12	288	23	false
-8	288	23	false
-4	288	23	false
0	288	23	false
4	288	23	false
8	288	23	false
12	288	23	false
16	288	23	false
20	288	23	false
24	288	23	false
28	288	23	false
32	288	23	false
36	288	23	false
40	288	23	false
44	288	23	false
48	288	22	false
52	288	21	false
56	288	21	false
60	288	20	false
64	288	20	false
68	288	20	false
72	288	20	false
76	288	20	false
80	288	20	false
84	288	20	false
88	288	20	false
92	288	21	false
96	288	21	false
100	288	21	false
104	288	21	false
108	288	21	false
112	288	21	false
116	288	21	false
120	288	21	false
124	288	21	false
128	288	20	false
132	288	20	false
136	288	20	false
140	288	20	false
144	288	20	false
148	288	20	false
152	288	20	false
156	288	21	false
160	288	21	false
164	288	21	false
168	288	21	false
172	288	21	false
176	288	21	false
180	288	21	false
184	288	21	false
188	288	21	false
192	288	21	false
196	288	21	false
200	288	21	false
204	288	21	false
208	288	21	false
212	288	22	false
216	288	22	false
220	288	23	false
224	288	23	false
228	288	24	false
232	288	24	false
236	288	23	false
240	288	23	false
244	288	23	false
248	288	23	false
252	288	23	false
256	288	23	false
260	288	23	false
264	288	23	false
268	288	23	false
272	288	23	false
276	288	23	false
280	288	22	false
284	288	22	false
288	288	22	false
