line	p	lane	x	z	terrain_y	water
west	-264	-3	-259	-264	96	false
west	-264	-2	-258	-264	97	false
west	-264	-1	-257	-264	98	false
west	-264	0	-256	-264	98	false
west	-264	1	-255	-264	98	false
west	-264	2	-254	-264	98	false
west	-264	3	-253	-264	98	false
west	-263	-3	-259	-263	96	false
west	-263	-2	-258	-263	97	false
west	-263	-1	-257	-263	97	false
west	-263	0	-256	-263	98	false
west	-263	1	-255	-263	98	false
west	-263	2	-254	-263	98	false
west	-263	3	-253	-263	98	false
west	-262	-3	-259	-262	96	false
west	-262	-2	-258	-262	96	false
west	-262	-1	-257	-262	97	false
west	-262	0	-256	-262	98	false
west	-262	1	-255	-262	98	false
west	-262	2	-254	-262	98	false
west	-262	3	-253	-262	98	false
west	-261	-3	-259	-261	96	false
west	-261	-2	-258	-261	96	false
west	-261	-1	-257	-261	97	false
west	-261	0	-256	-261	97	false
west	-261	1	-255	-261	98	false
west	-261	2	-254	-261	98	false
west	-261	3	-253	-261	98	false
west	-260	-3	-259	-260	96	false
west	-260	-2	-258	-260	96	false
west	-260	-1	-257	-260	96	false
west	-260	0	-256	-260	97	false
west	-260	1	-255	-260	98	false
west	-260	2	-254	-260	98	false
west	-260	3	-253	-260	98	false
west	-259	-3	-259	-259	96	false
west	-259	-2	-258	-259	96	false
west	-259	-1	-257	-259	96	false
west	-259	0	-256	-259	97	false
west	-259	1	-255	-259	98	false
west	-259	2	-254	-259	98	false
west	-259	3	-253	-259	98	false
west	-258	-3	-259	-258	95	false
west	-258	-2	-258	-258	96	false
west	-258	-1	-257	-258	96	false
west	-258	0	-256	-258	97	false
west	-258	1	-255	-258	97	false
west	-258	2	-254	-258	98	false
west	-258	3	-253	-258	98	false
west	-257	-3	-259	-257	95	false
west	-257	-2	-258	-257	96	false
west	-257	-1	-257	-257	96	false
west	-257	0	-256	-257	96	false
west	-257	1	-255	-257	97	false
west	-257	2	-254	-257	98	false
west	-257	3	-253	-257	98	false
west	-256	-3	-259	-256	95	false
west	-256	-2	-258	-256	96	false
west	-256	-1	-257	-256	96	false
west	-256	0	-256	-256	96	false
west	-256	1	-255	-256	97	false
west	-256	2	-254	-256	98	false
west	-256	3	-253	-256	98	false
west	-255	-3	-259	-255	95	false
west	-255	-2	-258	-255	95	false
west	-255	-1	-257	-255	96	false
west	-255	0	-256	-255	96	false
west	-255	1	-255	-255	97	false
west	-255	2	-254	-255	98	false
west	-255	3	-253	-255	98	false
west	-254	-3	-259	-254	95	false
west	-254	-2	-258	-254	95	false
west	-254	-1	-257	-254	96	false
west	-254	0	-256	-254	96	false
west	-254	1	-255	-254	97	false
west	-254	2	-254	-254	97	false
west	-254	3	-253	-254	98	false
west	-253	-3	-259	-253	95	false
west	-253	-2	-258	-253	95	false
west	-253	-1	-257	-253	96	false
west	-253	0	-256	-253	96	false
west	-253	1	-255	-253	96	false
west	-253	2	-254	-253	97	false
west	-253	3	-253	-253	98	false
west	-252	-3	-259	-252	95	false
west	-252	-2	-258	-252	95	false
west	-252	-1	-257	-252	96	false
west	-252	0	-256	-252	96	false
west	-252	1	-255	-252	96	false
west	-252	2	-254	-252	97	false
west	-252	3	-253	-252	98	false
west	-251	-3	-259	-251	95	false
west	-251	-2	-258	-251	95	false
west	-251	-1	-257	-251	96	false
west	-251	0	-256	-251	96	false
west	-251	1	-255	-251	97	false
west	-251	2	-254	-251	97	false
west	-251	3	-253	-251	98	false
west	-250	-3	-259	-250	95	false
west	-250	-2	-258	-250	95	false
west	-250	-1	-257	-250	96	false
west	-250	0	-256	-250	96	false
west	-250	1	-255	-250	97	false
west	-250	2	-254	-250	98	false
west	-250	3	-253	-250	98	false
west	-249	-3	-259	-249	95	false
west	-249	-2	-258	-249	95	false
west	-249	-1	-257	-249	96	false
west	-249	0	-256	-249	96	false
west	-249	1	-255	-249	97	false
west	-249	2	-254	-249	98	false
west	-249	3	-253	-249	98	false
west	-248	-3	-259	-248	95	false
west	-248	-2	-258	-248	95	false
west	-248	-1	-257	-248	96	false
west	-248	0	-256	-248	96	false
west	-248	1	-255	-248	97	false
west	-248	2	-254	-248	98	false
west	-248	3	-253	-248	98	false
west	-247	-3	-259	-247	95	false
west	-247	-2	-258	-247	95	false
west	-247	-1	-257	-247	96	false
west	-247	0	-256	-247	96	false
west	-247	1	-255	-247	97	false
west	-247	2	-254	-247	98	false
west	-247	3	-253	-247	98	false
west	-246	-3	-259	-246	95	false
west	-246	-2	-258	-246	95	false
west	-246	-1	-257	-246	96	false
west	-246	0	-256	-246	96	false
west	-246	1	-255	-246	97	false
west	-246	2	-254	-246	98	false
west	-246	3	-253	-246	98	false
west	-245	-3	-259	-245	95	false
west	-245	-2	-258	-245	95	false
west	-245	-1	-257	-245	96	false
west	-245	0	-256	-245	96	false
west	-245	1	-255	-245	97	false
west	-245	2	-254	-245	98	false
west	-245	3	-253	-245	98	false
west	-244	-3	-259	-244	95	false
west	-244	-2	-258	-244	95	false
west	-244	-1	-257	-244	96	false
west	-244	0	-256	-244	96	false
west	-244	1	-255	-244	97	false
west	-244	2	-254	-244	98	false
west	-244	3	-253	-244	98	false
west	-243	-3	-259	-243	95	false
west	-243	-2	-258	-243	95	false
west	-243	-1	-257	-243	96	false
west	-243	0	-256	-243	96	false
west	-243	1	-255	-243	97	false
west	-243	2	-254	-243	97	false
west	-243	3	-253	-243	98	false
west	-242	-3	-259	-242	95	false
west	-242	-2	-258	-242	95	false
west	-242	-1	-257	-242	96	false
west	-242	0	-256	-242	96	false
west	-242	1	-255	-242	96	false
west	-242	2	-254	-242	97	false
west	-242	3	-253	-242	98	false
west	-241	-3	-259	-241	95	false
west	-241	-2	-258	-241	95	false
west	-241	-1	-257	-241	96	false
west	-241	0	-256	-241	96	false
west	-241	1	-255	-241	96	false
west	-241	2	-254	-241	97	false
west	-241	3	-253	-241	98	false
west	-240	-3	-259	-240	95	false
west	-240	-2	-258	-240	95	false
west	-240	-1	-257	-240	95	false
west	-240	0	-256	-240	96	false
west	-240	1	-255	-240	96	false
west	-240	2	-254	-240	97	false
west	-240	3	-253	-240	97	false
west	-239	-3	-259	-239	95	false
west	-239	-2	-258	-239	95	false
west	-239	-1	-257	-239	95	false
west	-239	0	-256	-239	96	false
west	-239	1	-255	-239	96	false
west	-239	2	-254	-239	96	false
west	-239	3	-253	-239	97	false
west	-238	-3	-259	-238	95	false
west	-238	-2	-258	-238	95	false
west	-238	-1	-257	-238	95	false
west	-238	0	-256	-238	96	false
west	-238	1	-255	-238	96	false
west	-238	2	-254	-238	96	false
west	-238	3	-253	-238	97	false
west	-237	-3	-259	-237	95	false
west	-237	-2	-258	-237	95	false
west	-237	-1	-257	-237	95	false
west	-237	0	-256	-237	95	false
west	-237	1	-255	-237	96	false
west	-237	2	-254	-237	96	false
west	-237	3	-253	-237	96	false
west	-236	-3	-259	-236	95	false
west	-236	-2	-258	-236	95	false
west	-236	-1	-257	-236	95	false
west	-236	0	-256	-236	95	false
west	-236	1	-255	-236	96	false
west	-236	2	-254	-236	96	false
west	-236	3	-253	-236	96	false
west	-235	-3	-259	-235	95	false
west	-235	-2	-258	-235	95	false
west	-235	-1	-257	-235	95	false
west	-235	0	-256	-235	95	false
west	-235	1	-255	-235	95	false
west	-235	2	-254	-235	96	false
west	-235	3	-253	-235	96	false
west	-234	-3	-259	-234	95	false
west	-234	-2	-258	-234	95	false
west	-234	-1	-257	-234	95	false
west	-234	0	-256	-234	95	false
west	-234	1	-255	-234	95	false
west	-234	2	-254	-234	96	false
west	-234	3	-253	-234	96	false
west	-233	-3	-259	-233	95	false
west	-233	-2	-258	-233	95	false
west	-233	-1	-257	-233	95	false
west	-233	0	-256	-233	95	false
west	-233	1	-255	-233	95	false
west	-233	2	-254	-233	95	false
west	-233	3	-253	-233	96	false
west	-232	-3	-259	-232	95	false
west	-232	-2	-258	-232	95	false
west	-232	-1	-257	-232	95	false
west	-232	0	-256	-232	95	false
west	-232	1	-255	-232	95	false
west	-232	2	-254	-232	95	false
west	-232	3	-253	-232	96	false
west	-231	-3	-259	-231	95	false
west	-231	-2	-258	-231	95	false
west	-231	-1	-257	-231	95	false
west	-231	0	-256	-231	95	false
west	-231	1	-255	-231	95	false
west	-231	2	-254	-231	95	false
west	-231	3	-253	-231	96	false
west	-230	-3	-259	-230	95	false
west	-230	-2	-258	-230	95	false
west	-230	-1	-257	-230	95	false
west	-230	0	-256	-230	95	false
west	-230	1	-255	-230	95	false
west	-230	2	-254	-230	95	false
west	-230	3	-253	-230	96	false
west	-229	-3	-259	-229	95	false
west	-229	-2	-258	-229	95	false
west	-229	-1	-257	-229	95	false
west	-229	0	-256	-229	95	false
west	-229	1	-255	-229	95	false
west	-229	2	-254	-229	95	false
west	-229	3	-253	-229	96	false
west	-228	-3	-259	-228	95	false
west	-228	-2	-258	-228	95	false
west	-228	-1	-257	-228	95	false
west	-228	0	-256	-228	95	false
west	-228	1	-255	-228	95	false
west	-228	2	-254	-228	95	false
west	-228	3	-253	-228	96	false
west	-227	-3	-259	-227	95	false
west	-227	-2	-258	-227	95	false
west	-227	-1	-257	-227	95	false
west	-227	0	-256	-227	95	false
west	-227	1	-255	-227	95	false
west	-227	2	-254	-227	95	false
west	-227	3	-253	-227	96	false
west	-226	-3	-259	-226	95	false
west	-226	-2	-258	-226	95	false
west	-226	-1	-257	-226	95	false
west	-226	0	-256	-226	95	false
west	-226	1	-255	-226	95	false
west	-226	2	-254	-226	95	false
west	-226	3	-253	-226	96	false
west	-225	-3	-259	-225	95	false
west	-225	-2	-258	-225	95	false
west	-225	-1	-257	-225	95	false
west	-225	0	-256	-225	95	false
west	-225	1	-255	-225	95	false
west	-225	2	-254	-225	95	false
west	-225	3	-253	-225	96	false
west	-224	-3	-259	-224	95	false
west	-224	-2	-258	-224	95	false
west	-224	-1	-257	-224	95	false
west	-224	0	-256	-224	95	false
west	-224	1	-255	-224	95	false
west	-224	2	-254	-224	95	false
west	-224	3	-253	-224	96	false
west	-223	-3	-259	-223	94	false
west	-223	-2	-258	-223	95	false
west	-223	-1	-257	-223	95	false
west	-223	0	-256	-223	95	false
west	-223	1	-255	-223	95	false
west	-223	2	-254	-223	95	false
west	-223	3	-253	-223	96	false
west	-222	-3	-259	-222	94	false
west	-222	-2	-258	-222	95	false
west	-222	-1	-257	-222	95	false
west	-222	0	-256	-222	95	false
west	-222	1	-255	-222	95	false
west	-222	2	-254	-222	95	false
west	-222	3	-253	-222	95	false
west	-221	-3	-259	-221	94	false
west	-221	-2	-258	-221	95	false
west	-221	-1	-257	-221	95	false
west	-221	0	-256	-221	95	false
west	-221	1	-255	-221	95	false
west	-221	2	-254	-221	95	false
west	-221	3	-253	-221	95	false
west	-220	-3	-259	-220	94	false
west	-220	-2	-258	-220	95	false
west	-220	-1	-257	-220	95	false
west	-220	0	-256	-220	95	false
west	-220	1	-255	-220	95	false
west	-220	2	-254	-220	95	false
west	-220	3	-253	-220	95	false
west	-219	-3	-259	-219	94	false
west	-219	-2	-258	-219	95	false
west	-219	-1	-257	-219	95	false
west	-219	0	-256	-219	95	false
west	-219	1	-255	-219	95	false
west	-219	2	-254	-219	95	false
west	-219	3	-253	-219	95	false
west	-218	-3	-259	-218	94	false
west	-218	-2	-258	-218	95	false
west	-218	-1	-257	-218	95	false
west	-218	0	-256	-218	95	false
west	-218	1	-255	-218	95	false
west	-218	2	-254	-218	95	false
west	-218	3	-253	-218	95	false
west	-217	-3	-259	-217	94	false
west	-217	-2	-258	-217	95	false
west	-217	-1	-257	-217	95	false
west	-217	0	-256	-217	95	false
west	-217	1	-255	-217	95	false
west	-217	2	-254	-217	95	false
west	-217	3	-253	-217	95	false
west	-216	-3	-259	-216	94	false
west	-216	-2	-258	-216	95	false
west	-216	-1	-257	-216	95	false
west	-216	0	-256	-216	95	false
west	-216	1	-255	-216	95	false
west	-216	2	-254	-216	95	false
west	-216	3	-253	-216	95	false
west	-215	-3	-259	-215	94	false
west	-215	-2	-258	-215	95	false
west	-215	-1	-257	-215	95	false
west	-215	0	-256	-215	95	false
west	-215	1	-255	-215	95	false
west	-215	2	-254	-215	95	false
west	-215	3	-253	-215	95	false
west	-214	-3	-259	-214	94	false
west	-214	-2	-258	-214	95	false
west	-214	-1	-257	-214	95	false
west	-214	0	-256	-214	95	false
west	-214	1	-255	-214	95	false
west	-214	2	-254	-214	95	false
west	-214	3	-253	-214	95	false
west	-213	-3	-259	-213	94	false
west	-213	-2	-258	-213	95	false
west	-213	-1	-257	-213	95	false
west	-213	0	-256	-213	95	false
west	-213	1	-255	-213	95	false
west	-213	2	-254	-213	95	false
west	-213	3	-253	-213	95	false
west	-212	-3	-259	-212	94	false
west	-212	-2	-258	-212	95	false
west	-212	-1	-257	-212	95	false
west	-212	0	-256	-212	95	false
west	-212	1	-255	-212	95	false
west	-212	2	-254	-212	95	false
west	-212	3	-253	-212	95	false
west	-211	-3	-259	-211	94	false
west	-211	-2	-258	-211	94	false
west	-211	-1	-257	-211	95	false
west	-211	0	-256	-211	95	false
west	-211	1	-255	-211	95	false
west	-211	2	-254	-211	95	false
west	-211	3	-253	-211	95	false
west	-210	-3	-259	-210	93	false
west	-210	-2	-258	-210	94	false
west	-210	-1	-257	-210	94	false
west	-210	0	-256	-210	95	false
west	-210	1	-255	-210	95	false
west	-210	2	-254	-210	95	false
west	-210	3	-253	-210	95	false
west	-209	-3	-259	-209	93	false
west	-209	-2	-258	-209	93	false
west	-209	-1	-257	-209	94	false
west	-209	0	-256	-209	94	false
west	-209	1	-255	-209	94	false
west	-209	2	-254	-209	95	false
west	-209	3	-253	-209	95	false
west	-208	-3	-259	-208	93	false
west	-208	-2	-258	-208	93	false
west	-208	-1	-257	-208	93	false
west	-208	0	-256	-208	93	false
west	-208	1	-255	-208	94	false
west	-208	2	-254	-208	95	false
west	-208	3	-253	-208	95	false
west	-207	-3	-259	-207	93	false
west	-207	-2	-258	-207	93	false
west	-207	-1	-257	-207	93	false
west	-207	0	-256	-207	93	false
west	-207	1	-255	-207	94	false
west	-207	2	-254	-207	95	false
west	-207	3	-253	-207	95	false
west	-206	-3	-259	-206	92	false
west	-206	-2	-258	-206	92	false
west	-206	-1	-257	-206	93	false
west	-206	0	-256	-206	93	false
west	-206	1	-255	-206	94	false
west	-206	2	-254	-206	95	false
west	-206	3	-253	-206	95	false
west	-205	-3	-259	-205	92	false
west	-205	-2	-258	-205	92	false
west	-205	-1	-257	-205	93	false
west	-205	0	-256	-205	93	false
west	-205	1	-255	-205	94	false
west	-205	2	-254	-205	95	false
west	-205	3	-253	-205	95	false
west	-204	-3	-259	-204	92	false
west	-204	-2	-258	-204	92	false
west	-204	-1	-257	-204	93	false
west	-204	0	-256	-204	93	false
west	-204	1	-255	-204	94	false
west	-204	2	-254	-204	94	false
west	-204	3	-253	-204	94	false
west	-203	-3	-259	-203	92	false
west	-203	-2	-258	-203	92	false
west	-203	-1	-257	-203	93	false
west	-203	0	-256	-203	93	false
west	-203	1	-255	-203	93	false
west	-203	2	-254	-203	93	false
west	-203	3	-253	-203	93	false
west	-202	-3	-259	-202	92	false
west	-202	-2	-258	-202	92	false
west	-202	-1	-257	-202	93	false
west	-202	0	-256	-202	93	false
west	-202	1	-255	-202	93	false
west	-202	2	-254	-202	93	false
west	-202	3	-253	-202	93	false
west	-201	-3	-259	-201	92	false
west	-201	-2	-258	-201	92	false
west	-201	-1	-257	-201	92	false
west	-201	0	-256	-201	92	false
west	-201	1	-255	-201	92	false
west	-201	2	-254	-201	92	false
west	-201	3	-253	-201	92	false
west	-200	-3	-259	-200	92	false
west	-200	-2	-258	-200	92	false
west	-200	-1	-257	-200	92	false
west	-200	0	-256	-200	92	false
west	-200	1	-255	-200	92	false
west	-200	2	-254	-200	92	false
west	-200	3	-253	-200	92	false
west	-199	-3	-259	-199	92	false
west	-199	-2	-258	-199	92	false
west	-199	-1	-257	-199	92	false
west	-199	0	-256	-199	92	false
west	-199	1	-255	-199	92	false
west	-199	2	-254	-199	92	false
west	-199	3	-253	-199	92	false
west	-198	-3	-259	-198	91	false
west	-198	-2	-258	-198	91	false
west	-198	-1	-257	-198	92	false
west	-198	0	-256	-198	92	false
west	-198	1	-255	-198	92	false
west	-198	2	-254	-198	92	false
west	-198	3	-253	-198	92	false
west	-197	-3	-259	-197	90	false
west	-197	-2	-258	-197	91	false
west	-197	-1	-257	-197	91	false
west	-197	0	-256	-197	91	false
west	-197	1	-255	-197	92	false
west	-197	2	-254	-197	92	false
west	-197	3	-253	-197	92	false
west	-196	-3	-259	-196	90	false
west	-196	-2	-258	-196	90	false
west	-196	-1	-257	-196	90	false
west	-196	0	-256	-196	91	false
west	-196	1	-255	-196	92	false
west	-196	2	-254	-196	91	false
west	-196	3	-253	-196	91	false
west	-195	-3	-259	-195	90	false
west	-195	-2	-258	-195	90	false
west	-195	-1	-257	-195	90	false
west	-195	0	-256	-195	91	false
west	-195	1	-255	-195	91	false
west	-195	2	-254	-195	91	false
west	-195	3	-253	-195	90	false
west	-194	-3	-259	-194	90	false
west	-194	-2	-258	-194	90	false
west	-194	-1	-257	-194	90	false
west	-194	0	-256	-194	91	false
west	-194	1	-255	-194	90	false
west	-194	2	-254	-194	90	false
west	-194	3	-253	-194	90	false
west	-193	-3	-259	-193	89	false
west	-193	-2	-258	-193	90	false
west	-193	-1	-257	-193	90	false
west	-193	0	-256	-193	90	false
west	-193	1	-255	-193	90	false
west	-193	2	-254	-193	90	false
west	-193	3	-253	-193	90	false
west	-192	-3	-259	-192	89	false
west	-192	-2	-258	-192	90	false
west	-192	-1	-257	-192	90	false
west	-192	0	-256	-192	90	false
west	-192	1	-255	-192	90	false
west	-192	2	-254	-192	90	false
west	-192	3	-253	-192	90	false
west	-191	-3	-259	-191	89	false
west	-191	-2	-258	-191	89	false
west	-191	-1	-257	-191	89	false
west	-191	0	-256	-191	89	false
west	-191	1	-255	-191	89	false
west	-191	2	-254	-191	89	false
west	-191	3	-253	-191	89	false
west	-190	-3	-259	-190	89	false
west	-190	-2	-258	-190	89	false
west	-190	-1	-257	-190	89	false
west	-190	0	-256	-190	89	false
west	-190	1	-255	-190	89	false
west	-190	2	-254	-190	89	false
west	-190	3	-253	-190	89	false
west	-189	-3	-259	-189	89	false
west	-189	-2	-258	-189	89	false
west	-189	-1	-257	-189	89	false
west	-189	0	-256	-189	89	false
west	-189	1	-255	-189	89	false
west	-189	2	-254	-189	89	false
west	-189	3	-253	-189	89	false
west	-188	-3	-259	-188	89	false
west	-188	-2	-258	-188	89	false
west	-188	-1	-257	-188	89	false
west	-188	0	-256	-188	89	false
west	-188	1	-255	-188	89	false
west	-188	2	-254	-188	89	false
west	-188	3	-253	-188	89	false
west	-187	-3	-259	-187	89	false
west	-187	-2	-258	-187	89	false
west	-187	-1	-257	-187	89	false
west	-187	0	-256	-187	89	false
west	-187	1	-255	-187	89	false
west	-187	2	-254	-187	89	false
west	-187	3	-253	-187	89	false
west	-186	-3	-259	-186	89	false
west	-186	-2	-258	-186	89	false
west	-186	-1	-257	-186	89	false
west	-186	0	-256	-186	89	false
west	-186	1	-255	-186	89	false
west	-186	2	-254	-186	89	false
west	-186	3	-253	-186	89	false
west	-185	-3	-259	-185	89	false
west	-185	-2	-258	-185	89	false
west	-185	-1	-257	-185	89	false
west	-185	0	-256	-185	89	false
west	-185	1	-255	-185	89	false
west	-185	2	-254	-185	89	false
west	-185	3	-253	-185	89	false
west	-184	-3	-259	-184	89	false
west	-184	-2	-258	-184	89	false
west	-184	-1	-257	-184	89	false
west	-184	0	-256	-184	89	false
west	-184	1	-255	-184	89	false
west	-184	2	-254	-184	89	false
west	-184	3	-253	-184	89	false
west	-183	-3	-259	-183	89	false
west	-183	-2	-258	-183	89	false
west	-183	-1	-257	-183	89	false
west	-183	0	-256	-183	89	false
west	-183	1	-255	-183	89	false
west	-183	2	-254	-183	89	false
west	-183	3	-253	-183	89	false
west	-182	-3	-259	-182	89	false
west	-182	-2	-258	-182	89	false
west	-182	-1	-257	-182	89	false
west	-182	0	-256	-182	89	false
west	-182	1	-255	-182	89	false
west	-182	2	-254	-182	89	false
west	-182	3	-253	-182	89	false
west	-181	-3	-259	-181	89	false
west	-181	-2	-258	-181	89	false
west	-181	-1	-257	-181	89	false
west	-181	0	-256	-181	89	false
west	-181	1	-255	-181	89	false
west	-181	2	-254	-181	89	false
west	-181	3	-253	-181	89	false
west	-180	-3	-259	-180	89	false
west	-180	-2	-258	-180	89	false
west	-180	-1	-257	-180	89	false
west	-180	0	-256	-180	89	false
west	-180	1	-255	-180	89	false
west	-180	2	-254	-180	89	false
west	-180	3	-253	-180	89	false
west	-179	-3	-259	-179	89	false
west	-179	-2	-258	-179	89	false
west	-179	-1	-257	-179	89	false
west	-179	0	-256	-179	89	false
west	-179	1	-255	-179	89	false
west	-179	2	-254	-179	89	false
west	-179	3	-253	-179	89	false
west	-178	-3	-259	-178	89	false
west	-178	-2	-258	-178	89	false
west	-178	-1	-257	-178	90	false
west	-178	0	-256	-178	90	false
west	-178	1	-255	-178	90	false
west	-178	2	-254	-178	90	false
west	-178	3	-253	-178	90	false
west	-177	-3	-259	-177	89	false
west	-177	-2	-258	-177	89	false
west	-177	-1	-257	-177	90	false
west	-177	0	-256	-177	90	false
west	-177	1	-255	-177	90	false
west	-177	2	-254	-177	90	false
west	-177	3	-253	-177	90	false
west	-176	-3	-259	-176	89	false
west	-176	-2	-258	-176	89	false
west	-176	-1	-257	-176	90	false
west	-176	0	-256	-176	90	false
west	-176	1	-255	-176	91	false
west	-176	2	-254	-176	91	false
west	-176	3	-253	-176	91	false
west	-175	-3	-259	-175	90	false
west	-175	-2	-258	-175	90	false
west	-175	-1	-257	-175	90	false
west	-175	0	-256	-175	90	false
west	-175	1	-255	-175	91	false
west	-175	2	-254	-175	92	false
west	-175	3	-253	-175	92	false
west	-174	-3	-259	-174	90	false
west	-174	-2	-258	-174	90	false
west	-174	-1	-257	-174	90	false
west	-174	0	-256	-174	90	false
west	-174	1	-255	-174	91	false
west	-174	2	-254	-174	92	false
west	-174	3	-253	-174	92	false
west	-173	-3	-259	-173	90	false
west	-173	-2	-258	-173	91	false
west	-173	-1	-257	-173	91	false
west	-173	0	-256	-173	91	false
west	-173	1	-255	-173	91	false
west	-173	2	-254	-173	92	false
west	-173	3	-253	-173	92	false
west	-172	-3	-259	-172	90	false
west	-172	-2	-258	-172	91	false
west	-172	-1	-257	-172	92	false
west	-172	0	-256	-172	92	false
west	-172	1	-255	-172	92	false
west	-172	2	-254	-172	92	false
west	-172	3	-253	-172	92	false
west	-171	-3	-259	-171	90	false
west	-171	-2	-258	-171	91	false
west	-171	-1	-257	-171	92	false
west	-171	0	-256	-171	92	false
west	-171	1	-255	-171	92	false
west	-171	2	-254	-171	92	false
west	-171	3	-253	-171	92	false
west	-170	-3	-259	-170	90	false
west	-170	-2	-258	-170	91	false
west	-170	-1	-257	-170	92	false
west	-170	0	-256	-170	92	false
west	-170	1	-255	-170	92	false
west	-170	2	-254	-170	92	false
west	-170	3	-253	-170	92	false
west	-169	-3	-259	-169	91	false
west	-169	-2	-258	-169	91	false
west	-169	-1	-257	-169	92	false
west	-169	0	-256	-169	93	false
west	-169	1	-255	-169	93	false
west	-169	2	-254	-169	93	false
west	-169	3	-253	-169	93	false
west	-168	-3	-259	-168	92	false
west	-168	-2	-258	-168	92	false
west	-168	-1	-257	-168	92	false
west	-168	0	-256	-168	93	false
west	-168	1	-255	-168	93	false
west	-168	2	-254	-168	93	false
west	-168	3	-253	-168	93	false
west	-167	-3	-259	-167	92	false
west	-167	-2	-258	-167	92	false
west	-167	-1	-257	-167	92	false
west	-167	0	-256	-167	93	false
west	-167	1	-255	-167	93	false
west	-167	2	-254	-167	94	false
west	-167	3	-253	-167	94	false
west	-166	-3	-259	-166	92	false
west	-166	-2	-258	-166	92	false
west	-166	-1	-257	-166	92	false
west	-166	0	-256	-166	93	false
west	-166	1	-255	-166	93	false
west	-166	2	-254	-166	94	false
west	-166	3	-253	-166	95	false
west	-165	-3	-259	-165	92	false
west	-165	-2	-258	-165	92	false
west	-165	-1	-257	-165	92	false
west	-165	0	-256	-165	93	false
west	-165	1	-255	-165	93	false
west	-165	2	-254	-165	94	false
west	-165	3	-253	-165	95	false
west	-164	-3	-259	-164	92	false
west	-164	-2	-258	-164	92	false
west	-164	-1	-257	-164	93	false
west	-164	0	-256	-164	93	false
west	-164	1	-255	-164	93	false
west	-164	2	-254	-164	94	false
west	-164	3	-253	-164	95	false
west	-163	-3	-259	-163	92	false
west	-163	-2	-258	-163	93	false
west	-163	-1	-257	-163	93	false
west	-163	0	-256	-163	93	false
west	-163	1	-255	-163	93	false
west	-163	2	-254	-163	94	false
west	-163	3	-253	-163	95	false
west	-162	-3	-259	-162	92	false
west	-162	-2	-258	-162	93	false
west	-162	-1	-257	-162	93	false
west	-162	0	-256	-162	93	false
west	-162	1	-255	-162	94	false
west	-162	2	-254	-162	94	false
west	-162	3	-253	-162	95	false
west	-161	-3	-259	-161	93	false
west	-161	-2	-258	-161	93	false
west	-161	-1	-257	-161	93	false
west	-161	0	-256	-161	94	false
west	-161	1	-255	-161	94	false
west	-161	2	-254	-161	95	false
west	-161	3	-253	-161	95	false
west	-160	-3	-259	-160	93	false
west	-160	-2	-258	-160	93	false
west	-160	-1	-257	-160	93	false
west	-160	0	-256	-160	94	false
west	-160	1	-255	-160	95	false
west	-160	2	-254	-160	95	false
west	-160	3	-253	-160	95	false
west	-159	-3	-259	-159	93	false
west	-159	-2	-258	-159	93	false
west	-159	-1	-257	-159	94	false
west	-159	0	-256	-159	94	false
west	-159	1	-255	-159	95	false
west	-159	2	-254	-159	95	false
west	-159	3	-253	-159	95	false
west	-158	-3	-259	-158	93	false
west	-158	-2	-258	-158	93	false
west	-158	-1	-257	-158	94	false
west	-158	0	-256	-158	95	false
west	-158	1	-255	-158	95	false
west	-158	2	-254	-158	95	false
west	-158	3	-253	-158	95	false
west	-157	-3	-259	-157	93	false
west	-157	-2	-258	-157	93	false
west	-157	-1	-257	-157	94	false
west	-157	0	-256	-157	95	false
west	-157	1	-255	-157	95	false
west	-157	2	-254	-157	95	false
west	-157	3	-253	-157	95	false
west	-156	-3	-259	-156	93	false
west	-156	-2	-258	-156	93	false
west	-156	-1	-257	-156	94	false
west	-156	0	-256	-156	95	false
west	-156	1	-255	-156	95	false
west	-156	2	-254	-156	95	false
west	-156	3	-253	-156	95	false
west	-155	-3	-259	-155	93	false
west	-155	-2	-258	-155	93	false
west	-155	-1	-257	-155	94	false
west	-155	0	-256	-155	95	false
west	-155	1	-255	-155	95	false
west	-155	2	-254	-155	95	false
west	-155	3	-253	-155	95	false
west	-154	-3	-259	-154	93	false
west	-154	-2	-258	-154	93	false
west	-154	-1	-257	-154	94	false
west	-154	0	-256	-154	95	false
west	-154	1	-255	-154	95	false
west	-154	2	-254	-154	95	false
west	-154	3	-253	-154	95	false
west	-153	-3	-259	-153	93	false
west	-153	-2	-258	-153	93	false
west	-153	-1	-257	-153	94	false
west	-153	0	-256	-153	95	false
west	-153	1	-255	-153	95	false
west	-153	2	-254	-153	95	false
west	-153	3	-253	-153	95	false
west	-152	-3	-259	-152	93	false
west	-152	-2	-258	-152	93	false
west	-152	-1	-257	-152	94	false
west	-152	0	-256	-152	95	false
west	-152	1	-255	-152	95	false
west	-152	2	-254	-152	95	false
west	-152	3	-253	-152	95	false
west	-151	-3	-259	-151	93	false
west	-151	-2	-258	-151	93	false
west	-151	-1	-257	-151	94	false
west	-151	0	-256	-151	95	false
west	-151	1	-255	-151	95	false
west	-151	2	-254	-151	95	false
west	-151	3	-253	-151	95	false
west	-150	-3	-259	-150	93	false
west	-150	-2	-258	-150	93	false
west	-150	-1	-257	-150	94	false
west	-150	0	-256	-150	95	false
west	-150	1	-255	-150	95	false
west	-150	2	-254	-150	95	false
west	-150	3	-253	-150	95	false
west	-149	-3	-259	-149	93	false
west	-149	-2	-258	-149	93	false
west	-149	-1	-257	-149	94	false
west	-149	0	-256	-149	94	false
west	-149	1	-255	-149	94	false
west	-149	2	-254	-149	95	false
west	-149	3	-253	-149	95	false
west	-148	-3	-259	-148	93	false
west	-148	-2	-258	-148	93	false
west	-148	-1	-257	-148	94	false
west	-148	0	-256	-148	93	false
west	-148	1	-255	-148	94	false
west	-148	2	-254	-148	95	false
west	-148	3	-253	-148	95	false
west	-147	-3	-259	-147	93	false
west	-147	-2	-258	-147	93	false
west	-147	-1	-257	-147	93	false
west	-147	0	-256	-147	93	false
west	-147	1	-255	-147	94	false
west	-147	2	-254	-147	95	false
west	-147	3	-253	-147	95	false
west	-146	-3	-259	-146	93	false
west	-146	-2	-258	-146	93	false
west	-146	-1	-257	-146	93	false
west	-146	0	-256	-146	93	false
west	-146	1	-255	-146	94	false
west	-146	2	-254	-146	95	false
west	-146	3	-253	-146	95	false
west	-145	-3	-259	-145	92	false
west	-145	-2	-258	-145	92	false
west	-145	-1	-257	-145	93	false
west	-145	0	-256	-145	93	false
west	-145	1	-255	-145	94	false
west	-145	2	-254	-145	95	false
west	-145	3	-253	-145	95	false
west	-144	-3	-259	-144	92	false
west	-144	-2	-258	-144	92	false
west	-144	-1	-257	-144	93	false
west	-144	0	-256	-144	93	false
west	-144	1	-255	-144	94	false
west	-144	2	-254	-144	95	false
west	-144	3	-253	-144	95	false
west	-143	-3	-259	-143	92	false
west	-143	-2	-258	-143	92	false
west	-143	-1	-257	-143	93	false
west	-143	0	-256	-143	93	false
west	-143	1	-255	-143	94	false
west	-143	2	-254	-143	95	false
west	-143	3	-253	-143	95	false
west	-142	-3	-259	-142	92	false
west	-142	-2	-258	-142	92	false
west	-142	-1	-257	-142	93	false
west	-142	0	-256	-142	93	false
west	-142	1	-255	-142	94	false
west	-142	2	-254	-142	95	false
west	-142	3	-253	-142	95	false
west	-141	-3	-259	-141	92	false
west	-141	-2	-258	-141	92	false
west	-141	-1	-257	-141	93	false
west	-141	0	-256	-141	93	false
west	-141	1	-255	-141	94	false
west	-141	2	-254	-141	94	false
west	-141	3	-253	-141	95	false
west	-140	-3	-259	-140	92	false
west	-140	-2	-258	-140	92	false
west	-140	-1	-257	-140	93	false
west	-140	0	-256	-140	93	false
west	-140	1	-255	-140	93	false
west	-140	2	-254	-140	94	false
west	-140	3	-253	-140	94	false
west	-139	-3	-259	-139	92	false
west	-139	-2	-258	-139	92	false
west	-139	-1	-257	-139	93	false
west	-139	0	-256	-139	93	false
west	-139	1	-255	-139	93	false
west	-139	2	-254	-139	93	false
west	-139	3	-253	-139	94	false
west	-138	-3	-259	-138	92	false
west	-138	-2	-258	-138	92	false
west	-138	-1	-257	-138	92	false
west	-138	0	-256	-138	93	false
west	-138	1	-255	-138	93	false
west	-138	2	-254	-138	93	false
west	-138	3	-253	-138	94	false
west	-137	-3	-259	-137	92	false
west	-137	-2	-258	-137	92	false
west	-137	-1	-257	-137	92	false
west	-137	0	-256	-137	92	false
west	-137	1	-255	-137	93	false
west	-137	2	-254	-137	93	false
west	-137	3	-253	-137	93	false
west	-136	-3	-259	-136	92	false
west	-136	-2	-258	-136	92	false
west	-136	-1	-257	-136	92	false
west	-136	0	-256	-136	92	false
west	-136	1	-255	-136	93	false
west	-136	2	-254	-136	93	false
west	-136	3	-253	-136	93	false
west	-135	-3	-259	-135	92	false
west	-135	-2	-258	-135	92	false
west	-135	-1	-257	-135	92	false
west	-135	0	-256	-135	92	false
west	-135	1	-255	-135	92	false
west	-135	2	-254	-135	93	false
west	-135	3	-253	-135	93	false
west	-134	-3	-259	-134	92	false
west	-134	-2	-258	-134	92	false
west	-134	-1	-257	-134	92	false
west	-134	0	-256	-134	92	false
west	-134	1	-255	-134	92	false
west	-134	2	-254	-134	92	false
west	-134	3	-253	-134	92	false
west	-133	-3	-259	-133	92	false
west	-133	-2	-258	-133	92	false
west	-133	-1	-257	-133	92	false
west	-133	0	-256	-133	92	false
west	-133	1	-255	-133	92	false
west	-133	2	-254	-133	92	false
west	-133	3	-253	-133	92	false
west	-132	-3	-259	-132	92	false
west	-132	-2	-258	-132	92	false
west	-132	-1	-257	-132	92	false
west	-132	0	-256	-132	92	false
west	-132	1	-255	-132	92	false
west	-132	2	-254	-132	92	false
west	-132	3	-253	-132	92	false
west	-131	-3	-259	-131	92	false
west	-131	-2	-258	-131	92	false
west	-131	-1	-257	-131	92	false
west	-131	0	-256	-131	92	false
west	-131	1	-255	-131	92	false
west	-131	2	-254	-131	92	false
west	-131	3	-253	-131	92	false
west	-130	-3	-259	-130	92	false
west	-130	-2	-258	-130	92	false
west	-130	-1	-257	-130	92	false
west	-130	0	-256	-130	92	false
west	-130	1	-255	-130	92	false
west	-130	2	-254	-130	92	false
west	-130	3	-253	-130	92	false
west	-129	-3	-259	-129	92	false
west	-129	-2	-258	-129	92	false
west	-129	-1	-257	-129	92	false
west	-129	0	-256	-129	92	false
west	-129	1	-255	-129	92	false
west	-129	2	-254	-129	92	false
west	-129	3	-253	-129	92	false
west	-128	-3	-259	-128	92	false
west	-128	-2	-258	-128	92	false
west	-128	-1	-257	-128	92	false
west	-128	0	-256	-128	92	false
west	-128	1	-255	-128	92	false
west	-128	2	-254	-128	92	false
west	-128	3	-253	-128	92	false
west	-127	-3	-259	-127	92	false
west	-127	-2	-258	-127	92	false
west	-127	-1	-257	-127	92	false
west	-127	0	-256	-127	92	false
west	-127	1	-255	-127	92	false
west	-127	2	-254	-127	92	false
west	-127	3	-253	-127	92	false
west	-126	-3	-259	-126	92	false
west	-126	-2	-258	-126	92	false
west	-126	-1	-257	-126	92	false
west	-126	0	-256	-126	92	false
west	-126	1	-255	-126	92	false
west	-126	2	-254	-126	92	false
west	-126	3	-253	-126	92	false
west	-125	-3	-259	-125	92	false
west	-125	-2	-258	-125	92	false
west	-125	-1	-257	-125	92	false
west	-125	0	-256	-125	92	false
west	-125	1	-255	-125	92	false
west	-125	2	-254	-125	92	false
west	-125	3	-253	-125	92	false
west	-124	-3	-259	-124	92	false
west	-124	-2	-258	-124	92	false
west	-124	-1	-257	-124	92	false
west	-124	0	-256	-124	92	false
west	-124	1	-255	-124	92	false
west	-124	2	-254	-124	92	false
west	-124	3	-253	-124	92	false
west	-123	-3	-259	-123	92	false
west	-123	-2	-258	-123	92	false
west	-123	-1	-257	-123	92	false
west	-123	0	-256	-123	92	false
west	-123	1	-255	-123	92	false
west	-123	2	-254	-123	92	false
west	-123	3	-253	-123	92	false
west	-122	-3	-259	-122	92	false
west	-122	-2	-258	-122	92	false
west	-122	-1	-257	-122	92	false
west	-122	0	-256	-122	92	false
west	-122	1	-255	-122	92	false
west	-122	2	-254	-122	92	false
west	-122	3	-253	-122	92	false
west	-121	-3	-259	-121	92	false
west	-121	-2	-258	-121	92	false
west	-121	-1	-257	-121	92	false
west	-121	0	-256	-121	92	false
west	-121	1	-255	-121	92	false
west	-121	2	-254	-121	92	false
west	-121	3	-253	-121	92	false
west	-120	-3	-259	-120	92	false
west	-120	-2	-258	-120	92	false
west	-120	-1	-257	-120	92	false
west	-120	0	-256	-120	92	false
west	-120	1	-255	-120	92	false
west	-120	2	-254	-120	92	false
west	-120	3	-253	-120	92	false
west	-119	-3	-259	-119	92	false
west	-119	-2	-258	-119	92	false
west	-119	-1	-257	-119	92	false
west	-119	0	-256	-119	92	false
west	-119	1	-255	-119	92	false
west	-119	2	-254	-119	92	false
west	-119	3	-253	-119	92	false
west	-118	-3	-259	-118	92	false
west	-118	-2	-258	-118	92	false
west	-118	-1	-257	-118	92	false
west	-118	0	-256	-118	92	false
west	-118	1	-255	-118	92	false
west	-118	2	-254	-118	92	false
west	-118	3	-253	-118	92	false
west	-117	-3	-259	-117	92	false
west	-117	-2	-258	-117	92	false
west	-117	-1	-257	-117	92	false
west	-117	0	-256	-117	92	false
west	-117	1	-255	-117	92	false
west	-117	2	-254	-117	92	false
west	-117	3	-253	-117	92	false
west	-116	-3	-259	-116	91	false
west	-116	-2	-258	-116	92	false
west	-116	-1	-257	-116	92	false
west	-116	0	-256	-116	92	false
west	-116	1	-255	-116	92	false
west	-116	2	-254	-116	92	false
west	-116	3	-253	-116	92	false
west	-115	-3	-259	-115	91	false
west	-115	-2	-258	-115	91	false
west	-115	-1	-257	-115	92	false
west	-115	0	-256	-115	92	false
west	-115	1	-255	-115	92	false
west	-115	2	-254	-115	92	false
west	-115	3	-253	-115	92	false
west	-114	-3	-259	-114	90	false
west	-114	-2	-258	-114	91	false
west	-114	-1	-257	-114	92	false
west	-114	0	-256	-114	92	false
west	-114	1	-255	-114	92	false
west	-114	2	-254	-114	92	false
west	-114	3	-253	-114	92	false
west	-113	-3	-259	-113	90	false
west	-113	-2	-258	-113	91	false
west	-113	-1	-257	-113	92	false
west	-113	0	-256	-113	92	false
west	-113	1	-255	-113	92	false
west	-113	2	-254	-113	92	false
west	-113	3	-253	-113	92	false
west	-112	-3	-259	-112	90	false
west	-112	-2	-258	-112	91	false
west	-112	-1	-257	-112	92	false
west	-112	0	-256	-112	92	false
west	-112	1	-255	-112	92	false
west	-112	2	-254	-112	92	false
west	-112	3	-253	-112	92	false
west	-111	-3	-259	-111	90	false
west	-111	-2	-258	-111	91	false
west	-111	-1	-257	-111	92	false
west	-111	0	-256	-111	92	false
west	-111	1	-255	-111	92	false
west	-111	2	-254	-111	92	false
west	-111	3	-253	-111	92	false
west	-110	-3	-259	-110	90	false
west	-110	-2	-258	-110	91	false
west	-110	-1	-257	-110	92	false
west	-110	0	-256	-110	92	false
west	-110	1	-255	-110	92	false
west	-110	2	-254	-110	92	false
west	-110	3	-253	-110	92	false
west	-109	-3	-259	-109	90	false
west	-109	-2	-258	-109	91	false
west	-109	-1	-257	-109	92	false
west	-109	0	-256	-109	92	false
west	-109	1	-255	-109	92	false
west	-109	2	-254	-109	92	false
west	-109	3	-253	-109	92	false
west	-108	-3	-259	-108	90	false
west	-108	-2	-258	-108	91	false
west	-108	-1	-257	-108	91	false
west	-108	0	-256	-108	91	false
west	-108	1	-255	-108	91	false
west	-108	2	-254	-108	91	false
west	-108	3	-253	-108	92	false
west	-107	-3	-259	-107	90	false
west	-107	-2	-258	-107	90	false
west	-107	-1	-257	-107	90	false
west	-107	0	-256	-107	90	false
west	-107	1	-255	-107	90	false
west	-107	2	-254	-107	91	false
west	-107	3	-253	-107	92	false
west	-106	-3	-259	-106	90	false
west	-106	-2	-258	-106	90	false
west	-106	-1	-257	-106	90	false
west	-106	0	-256	-106	90	false
west	-106	1	-255	-106	90	false
west	-106	2	-254	-106	91	false
west	-106	3	-253	-106	92	false
west	-105	-3	-259	-105	89	false
west	-105	-2	-258	-105	89	false
west	-105	-1	-257	-105	89	false
west	-105	0	-256	-105	90	false
west	-105	1	-255	-105	90	false
west	-105	2	-254	-105	91	false
west	-105	3	-253	-105	92	false
west	-104	-3	-259	-104	89	false
west	-104	-2	-258	-104	89	false
west	-104	-1	-257	-104	89	false
west	-104	0	-256	-104	90	false
west	-104	1	-255	-104	90	false
west	-104	2	-254	-104	91	false
west	-104	3	-253	-104	92	false
west	-103	-3	-259	-103	89	false
west	-103	-2	-258	-103	89	false
west	-103	-1	-257	-103	89	false
west	-103	0	-256	-103	90	false
west	-103	1	-255	-103	90	false
west	-103	2	-254	-103	91	false
west	-103	3	-253	-103	91	false
west	-102	-3	-259	-102	89	false
west	-102	-2	-258	-102	89	false
west	-102	-1	-257	-102	89	false
west	-102	0	-256	-102	90	false
west	-102	1	-255	-102	90	false
west	-102	2	-254	-102	90	false
west	-102	3	-253	-102	90	false
west	-101	-3	-259	-101	89	false
west	-101	-2	-258	-101	89	false
west	-101	-1	-257	-101	89	false
west	-101	0	-256	-101	90	false
west	-101	1	-255	-101	90	false
west	-101	2	-254	-101	90	false
west	-101	3	-253	-101	90	false
west	-100	-3	-259	-100	89	false
west	-100	-2	-258	-100	89	false
west	-100	-1	-257	-100	89	false
west	-100	0	-256	-100	89	false
west	-100	1	-255	-100	89	false
west	-100	2	-254	-100	89	false
west	-100	3	-253	-100	89	false
west	-99	-3	-259	-99	89	false
west	-99	-2	-258	-99	89	false
west	-99	-1	-257	-99	89	false
west	-99	0	-256	-99	89	false
west	-99	1	-255	-99	89	false
west	-99	2	-254	-99	89	false
west	-99	3	-253	-99	89	false
west	-98	-3	-259	-98	89	false
west	-98	-2	-258	-98	89	false
west	-98	-1	-257	-98	89	false
west	-98	0	-256	-98	89	false
west	-98	1	-255	-98	89	false
west	-98	2	-254	-98	89	false
west	-98	3	-253	-98	89	false
west	-97	-3	-259	-97	89	false
west	-97	-2	-258	-97	89	false
west	-97	-1	-257	-97	89	false
west	-97	0	-256	-97	89	false
west	-97	1	-255	-97	89	false
west	-97	2	-254	-97	89	false
west	-97	3	-253	-97	89	false
west	-96	-3	-259	-96	89	false
west	-96	-2	-258	-96	89	false
west	-96	-1	-257	-96	89	false
west	-96	0	-256	-96	89	false
west	-96	1	-255	-96	89	false
west	-96	2	-254	-96	89	false
west	-96	3	-253	-96	89	false
west	-95	-3	-259	-95	89	false
west	-95	-2	-258	-95	89	false
west	-95	-1	-257	-95	89	false
west	-95	0	-256	-95	89	false
west	-95	1	-255	-95	89	false
west	-95	2	-254	-95	89	false
west	-95	3	-253	-95	89	false
west	-94	-3	-259	-94	89	false
west	-94	-2	-258	-94	89	false
west	-94	-1	-257	-94	89	false
west	-94	0	-256	-94	89	false
west	-94	1	-255	-94	89	false
west	-94	2	-254	-94	89	false
west	-94	3	-253	-94	89	false
west	-93	-3	-259	-93	89	false
west	-93	-2	-258	-93	89	false
west	-93	-1	-257	-93	89	false
west	-93	0	-256	-93	89	false
west	-93	1	-255	-93	89	false
west	-93	2	-254	-93	89	false
west	-93	3	-253	-93	89	false
west	-92	-3	-259	-92	89	false
west	-92	-2	-258	-92	89	false
west	-92	-1	-257	-92	89	false
west	-92	0	-256	-92	89	false
west	-92	1	-255	-92	89	false
west	-92	2	-254	-92	89	false
west	-92	3	-253	-92	89	false
west	-91	-3	-259	-91	89	false
west	-91	-2	-258	-91	89	false
west	-91	-1	-257	-91	89	false
west	-91	0	-256	-91	89	false
west	-91	1	-255	-91	89	false
west	-91	2	-254	-91	89	false
west	-91	3	-253	-91	89	false
west	-90	-3	-259	-90	89	false
west	-90	-2	-258	-90	89	false
west	-90	-1	-257	-90	89	false
west	-90	0	-256	-90	89	false
west	-90	1	-255	-90	89	false
west	-90	2	-254	-90	89	false
west	-90	3	-253	-90	89	false
west	-89	-3	-259	-89	89	false
west	-89	-2	-258	-89	89	false
west	-89	-1	-257	-89	89	false
west	-89	0	-256	-89	89	false
west	-89	1	-255	-89	89	false
west	-89	2	-254	-89	89	false
west	-89	3	-253	-89	89	false
west	-88	-3	-259	-88	89	false
west	-88	-2	-258	-88	89	false
west	-88	-1	-257	-88	89	false
west	-88	0	-256	-88	89	false
west	-88	1	-255	-88	89	false
west	-88	2	-254	-88	89	false
west	-88	3	-253	-88	89	false
west	-87	-3	-259	-87	89	false
west	-87	-2	-258	-87	89	false
west	-87	-1	-257	-87	89	false
west	-87	0	-256	-87	89	false
west	-87	1	-255	-87	89	false
west	-87	2	-254	-87	89	false
west	-87	3	-253	-87	89	false
west	-86	-3	-259	-86	89	false
west	-86	-2	-258	-86	89	false
west	-86	-1	-257	-86	89	false
west	-86	0	-256	-86	89	false
west	-86	1	-255	-86	89	false
west	-86	2	-254	-86	89	false
west	-86	3	-253	-86	89	false
west	-85	-3	-259	-85	89	false
west	-85	-2	-258	-85	89	false
west	-85	-1	-257	-85	89	false
west	-85	0	-256	-85	89	false
west	-85	1	-255	-85	89	false
west	-85	2	-254	-85	89	false
west	-85	3	-253	-85	89	false
west	-84	-3	-259	-84	89	false
west	-84	-2	-258	-84	89	false
west	-84	-1	-257	-84	89	false
west	-84	0	-256	-84	89	false
west	-84	1	-255	-84	89	false
west	-84	2	-254	-84	89	false
west	-84	3	-253	-84	89	false
west	-83	-3	-259	-83	89	false
west	-83	-2	-258	-83	89	false
west	-83	-1	-257	-83	89	false
west	-83	0	-256	-83	90	false
west	-83	1	-255	-83	90	false
west	-83	2	-254	-83	90	false
west	-83	3	-253	-83	90	false
west	-82	-3	-259	-82	89	false
west	-82	-2	-258	-82	89	false
west	-82	-1	-257	-82	89	false
west	-82	0	-256	-82	90	false
west	-82	1	-255	-82	90	false
west	-82	2	-254	-82	90	false
west	-82	3	-253	-82	90	false
west	-81	-3	-259	-81	89	false
west	-81	-2	-258	-81	89	false
west	-81	-1	-257	-81	89	false
west	-81	0	-256	-81	90	false
west	-81	1	-255	-81	90	false
west	-81	2	-254	-81	91	false
west	-81	3	-253	-81	91	false
west	-80	-3	-259	-80	89	false
west	-80	-2	-258	-80	89	false
west	-80	-1	-257	-80	89	false
west	-80	0	-256	-80	90	false
west	-80	1	-255	-80	90	false
west	-80	2	-254	-80	91	false
west	-80	3	-253	-80	92	false
west	-79	-3	-259	-79	89	false
west	-79	-2	-258	-79	89	false
west	-79	-1	-257	-79	89	false
west	-79	0	-256	-79	90	false
west	-79	1	-255	-79	90	false
west	-79	2	-254	-79	91	false
west	-79	3	-253	-79	92	false
west	-78	-3	-259	-78	89	false
west	-78	-2	-258	-78	89	false
west	-78	-1	-257	-78	90	false
west	-78	0	-256	-78	90	false
west	-78	1	-255	-78	90	false
west	-78	2	-254	-78	91	false
west	-78	3	-253	-78	92	false
west	-77	-3	-259	-77	90	false
west	-77	-2	-258	-77	90	false
west	-77	-1	-257	-77	90	false
west	-77	0	-256	-77	90	false
west	-77	1	-255	-77	90	false
west	-77	2	-254	-77	91	false
west	-77	3	-253	-77	92	false
west	-76	-3	-259	-76	90	false
west	-76	-2	-258	-76	90	false
west	-76	-1	-257	-76	90	false
west	-76	0	-256	-76	90	false
west	-76	1	-255	-76	91	false
west	-76	2	-254	-76	91	false
west	-76	3	-253	-76	92	false
west	-75	-3	-259	-75	90	false
west	-75	-2	-258	-75	91	false
west	-75	-1	-257	-75	91	false
west	-75	0	-256	-75	91	false
west	-75	1	-255	-75	91	false
west	-75	2	-254	-75	92	false
west	-75	3	-253	-75	92	false
west	-74	-3	-259	-74	90	false
west	-74	-2	-258	-74	91	false
west	-74	-1	-257	-74	92	false
west	-74	0	-256	-74	92	false
west	-74	1	-255	-74	92	false
west	-74	2	-254	-74	92	false
west	-74	3	-253	-74	92	false
west	-73	-3	-259	-73	90	false
west	-73	-2	-258	-73	91	false
west	-73	-1	-257	-73	92	false
west	-73	0	-256	-73	92	false
west	-73	1	-255	-73	92	false
west	-73	2	-254	-73	92	false
west	-73	3	-253	-73	92	false
west	-72	-3	-259	-72	90	false
west	-72	-2	-258	-72	91	false
west	-72	-1	-257	-72	92	false
west	-72	0	-256	-72	92	false
west	-72	1	-255	-72	92	false
west	-72	2	-254	-72	92	false
west	-72	3	-253	-72	92	false
west	-71	-3	-259	-71	90	false
west	-71	-2	-258	-71	91	false
west	-71	-1	-257	-71	92	false
west	-71	0	-256	-71	92	false
west	-71	1	-255	-71	92	false
west	-71	2	-254	-71	92	false
west	-71	3	-253	-71	92	false
west	-70	-3	-259	-70	90	false
west	-70	-2	-258	-70	91	false
west	-70	-1	-257	-70	92	false
west	-70	0	-256	-70	92	false
west	-70	1	-255	-70	92	false
west	-70	2	-254	-70	92	false
west	-70	3	-253	-70	92	false
west	-69	-3	-259	-69	91	false
west	-69	-2	-258	-69	91	false
west	-69	-1	-257	-69	92	false
west	-69	0	-256	-69	92	false
west	-69	1	-255	-69	92	false
west	-69	2	-254	-69	92	false
west	-69	3	-253	-69	92	false
west	-68	-3	-259	-68	92	false
west	-68	-2	-258	-68	92	false
west	-68	-1	-257	-68	92	false
west	-68	0	-256	-68	92	false
west	-68	1	-255	-68	92	false
west	-68	2	-254	-68	92	false
west	-68	3	-253	-68	92	false
west	-67	-3	-259	-67	92	false
west	-67	-2	-258	-67	92	false
west	-67	-1	-257	-67	92	false
west	-67	0	-256	-67	92	false
west	-67	1	-255	-67	92	false
west	-67	2	-254	-67	92	false
west	-67	3	-253	-67	92	false
west	-66	-3	-259	-66	92	false
west	-66	-2	-258	-66	92	false
west	-66	-1	-257	-66	92	false
west	-66	0	-256	-66	92	false
west	-66	1	-255	-66	92	false
west	-66	2	-254	-66	92	false
west	-66	3	-253	-66	92	false
west	-65	-3	-259	-65	92	false
west	-65	-2	-258	-65	92	false
west	-65	-1	-257	-65	92	false
west	-65	0	-256	-65	92	false
west	-65	1	-255	-65	92	false
west	-65	2	-254	-65	92	false
west	-65	3	-253	-65	92	false
west	-64	-3	-259	-64	92	false
west	-64	-2	-258	-64	92	false
west	-64	-1	-257	-64	92	false
west	-64	0	-256	-64	92	false
west	-64	1	-255	-64	92	false
west	-64	2	-254	-64	92	false
west	-64	3	-253	-64	92	false
west	-63	-3	-259	-63	92	false
west	-63	-2	-258	-63	92	false
west	-63	-1	-257	-63	92	false
west	-63	0	-256	-63	92	false
west	-63	1	-255	-63	92	false
west	-63	2	-254	-63	92	false
west	-63	3	-253	-63	92	false
west	-62	-3	-259	-62	92	false
west	-62	-2	-258	-62	92	false
west	-62	-1	-257	-62	92	false
west	-62	0	-256	-62	92	false
west	-62	1	-255	-62	92	false
west	-62	2	-254	-62	92	false
west	-62	3	-253	-62	92	false
west	-61	-3	-259	-61	92	false
west	-61	-2	-258	-61	92	false
west	-61	-1	-257	-61	92	false
west	-61	0	-256	-61	92	false
west	-61	1	-255	-61	92	false
west	-61	2	-254	-61	92	false
west	-61	3	-253	-61	92	false
west	-60	-3	-259	-60	92	false
west	-60	-2	-258	-60	92	false
west	-60	-1	-257	-60	92	false
west	-60	0	-256	-60	92	false
west	-60	1	-255	-60	92	false
west	-60	2	-254	-60	92	false
west	-60	3	-253	-60	92	false
west	-59	-3	-259	-59	92	false
west	-59	-2	-258	-59	92	false
west	-59	-1	-257	-59	92	false
west	-59	0	-256	-59	92	false
west	-59	1	-255	-59	92	false
west	-59	2	-254	-59	92	false
west	-59	3	-253	-59	92	false
west	-58	-3	-259	-58	91	false
west	-58	-2	-258	-58	92	false
west	-58	-1	-257	-58	92	false
west	-58	0	-256	-58	92	false
west	-58	1	-255	-58	92	false
west	-58	2	-254	-58	92	false
west	-58	3	-253	-58	92	false
west	-57	-3	-259	-57	91	false
west	-57	-2	-258	-57	91	false
west	-57	-1	-257	-57	92	false
west	-57	0	-256	-57	92	false
west	-57	1	-255	-57	92	false
west	-57	2	-254	-57	92	false
west	-57	3	-253	-57	92	false
west	-56	-3	-259	-56	90	false
west	-56	-2	-258	-56	91	false
west	-56	-1	-257	-56	92	false
west	-56	0	-256	-56	92	false
west	-56	1	-255	-56	92	false
west	-56	2	-254	-56	92	false
west	-56	3	-253	-56	92	false
west	-55	-3	-259	-55	90	false
west	-55	-2	-258	-55	91	false
west	-55	-1	-257	-55	91	false
west	-55	0	-256	-55	92	false
west	-55	1	-255	-55	92	false
west	-55	2	-254	-55	92	false
west	-55	3	-253	-55	92	false
west	-54	-3	-259	-54	90	false
west	-54	-2	-258	-54	90	false
west	-54	-1	-257	-54	91	false
west	-54	0	-256	-54	92	false
west	-54	1	-255	-54	92	false
west	-54	2	-254	-54	92	false
west	-54	3	-253	-54	92	false
west	-53	-3	-259	-53	90	false
west	-53	-2	-258	-53	90	false
west	-53	-1	-257	-53	91	false
west	-53	0	-256	-53	92	false
west	-53	1	-255	-53	92	false
west	-53	2	-254	-53	92	false
west	-53	3	-253	-53	92	false
west	-52	-3	-259	-52	90	false
west	-52	-2	-258	-52	90	false
west	-52	-1	-257	-52	91	false
west	-52	0	-256	-52	93	false
west	-52	1	-255	-52	92	false
west	-52	2	-254	-52	92	false
west	-52	3	-253	-52	92	false
west	-51	-3	-259	-51	90	false
west	-51	-2	-258	-51	90	false
west	-51	-1	-257	-51	91	false
west	-51	0	-256	-51	92	false
west	-51	1	-255	-51	92	false
west	-51	2	-254	-51	92	false
west	-51	3	-253	-51	92	false
west	-50	-3	-259	-50	90	false
west	-50	-2	-258	-50	90	false
west	-50	-1	-257	-50	91	false
west	-50	0	-256	-50	92	false
west	-50	1	-255	-50	92	false
west	-50	2	-254	-50	92	false
west	-50	3	-253	-50	92	false
west	-49	-3	-259	-49	90	false
west	-49	-2	-258	-49	90	false
west	-49	-1	-257	-49	91	false
west	-49	0	-256	-49	92	false
west	-49	1	-255	-49	92	false
west	-49	2	-254	-49	92	false
west	-49	3	-253	-49	92	false
west	-48	-3	-259	-48	90	false
west	-48	-2	-258	-48	90	false
west	-48	-1	-257	-48	91	false
west	-48	0	-256	-48	92	false
west	-48	1	-255	-48	92	false
west	-48	2	-254	-48	92	false
west	-48	3	-253	-48	92	false
west	-47	-3	-259	-47	90	false
west	-47	-2	-258	-47	90	false
west	-47	-1	-257	-47	91	false
west	-47	0	-256	-47	92	false
west	-47	1	-255	-47	92	false
west	-47	2	-254	-47	92	false
west	-47	3	-253	-47	92	false
west	-46	-3	-259	-46	90	false
west	-46	-2	-258	-46	90	false
west	-46	-1	-257	-46	91	false
west	-46	0	-256	-46	92	false
west	-46	1	-255	-46	92	false
west	-46	2	-254	-46	92	false
west	-46	3	-253	-46	92	false
west	-45	-3	-259	-45	90	false
west	-45	-2	-258	-45	90	false
west	-45	-1	-257	-45	91	false
west	-45	0	-256	-45	92	false
west	-45	1	-255	-45	92	false
west	-45	2	-254	-45	92	false
west	-45	3	-253	-45	92	false
west	-44	-3	-259	-44	90	false
west	-44	-2	-258	-44	90	false
west	-44	-1	-257	-44	91	false
west	-44	0	-256	-44	92	false
west	-44	1	-255	-44	92	false
west	-44	2	-254	-44	92	false
west	-44	3	-253	-44	92	false
west	-43	-3	-259	-43	90	false
west	-43	-2	-258	-43	90	false
west	-43	-1	-257	-43	91	false
west	-43	0	-256	-43	92	false
west	-43	1	-255	-43	92	false
west	-43	2	-254	-43	92	false
west	-43	3	-253	-43	92	false
west	-42	-3	-259	-42	90	false
west	-42	-2	-258	-42	90	false
west	-42	-1	-257	-42	92	false
west	-42	0	-256	-42	92	false
west	-42	1	-255	-42	92	false
west	-42	2	-254	-42	92	false
west	-42	3	-253	-42	92	false
west	-41	-3	-259	-41	90	false
west	-41	-2	-258	-41	90	false
west	-41	-1	-257	-41	90	false
west	-41	0	-256	-41	91	false
west	-41	1	-255	-41	92	false
west	-41	2	-254	-41	92	false
west	-41	3	-253	-41	92	false
west	-40	-3	-259	-40	89	false
west	-40	-2	-258	-40	90	false
west	-40	-1	-257	-40	90	false
west	-40	0	-256	-40	91	false
west	-40	1	-255	-40	91	false
west	-40	2	-254	-40	92	false
west	-40	3	-253	-40	92	false
west	-39	-3	-259	-39	89	false
west	-39	-2	-258	-39	90	false
west	-39	-1	-257	-39	90	false
west	-39	0	-256	-39	90	false
west	-39	1	-255	-39	91	false
west	-39	2	-254	-39	92	false
west	-39	3	-253	-39	92	false
west	-38	-3	-259	-38	89	false
west	-38	-2	-258	-38	90	false
west	-38	-1	-257	-38	90	false
west	-38	0	-256	-38	90	false
west	-38	1	-255	-38	91	false
west	-38	2	-254	-38	92	false
west	-38	3	-253	-38	92	false
west	-37	-3	-259	-37	89	false
west	-37	-2	-258	-37	89	false
west	-37	-1	-257	-37	90	false
west	-37	0	-256	-37	90	false
west	-37	1	-255	-37	91	false
west	-37	2	-254	-37	92	false
west	-37	3	-253	-37	92	false
west	-36	-3	-259	-36	89	false
west	-36	-2	-258	-36	89	false
west	-36	-1	-257	-36	90	false
west	-36	0	-256	-36	90	false
west	-36	1	-255	-36	91	false
west	-36	2	-254	-36	92	false
west	-36	3	-253	-36	92	false
west	-35	-3	-259	-35	89	false
west	-35	-2	-258	-35	89	false
west	-35	-1	-257	-35	90	false
west	-35	0	-256	-35	90	false
west	-35	1	-255	-35	91	false
west	-35	2	-254	-35	92	false
west	-35	3	-253	-35	92	false
west	-34	-3	-259	-34	89	false
west	-34	-2	-258	-34	89	false
west	-34	-1	-257	-34	90	false
west	-34	0	-256	-34	90	false
west	-34	1	-255	-34	91	false
west	-34	2	-254	-34	92	false
west	-34	3	-253	-34	92	false
west	-33	-3	-259	-33	90	false
west	-33	-2	-258	-33	90	false
west	-33	-1	-257	-33	90	false
west	-33	0	-256	-33	90	false
west	-33	1	-255	-33	91	false
west	-33	2	-254	-33	92	false
west	-33	3	-253	-33	92	false
west	-32	-3	-259	-32	90	false
west	-32	-2	-258	-32	90	false
west	-32	-1	-257	-32	90	false
west	-32	0	-256	-32	90	false
west	-32	1	-255	-32	91	false
west	-32	2	-254	-32	92	false
west	-32	3	-253	-32	92	false
west	-31	-3	-259	-31	90	false
west	-31	-2	-258	-31	90	false
west	-31	-1	-257	-31	91	false
west	-31	0	-256	-31	90	false
west	-31	1	-255	-31	91	false
west	-31	2	-254	-31	92	false
west	-31	3	-253	-31	92	false
west	-30	-3	-259	-30	90	false
west	-30	-2	-258	-30	90	false
west	-30	-1	-257	-30	91	false
west	-30	0	-256	-30	90	false
west	-30	1	-255	-30	91	false
west	-30	2	-254	-30	92	false
west	-30	3	-253	-30	92	false
west	-29	-3	-259	-29	90	false
west	-29	-2	-258	-29	90	false
west	-29	-1	-257	-29	91	false
west	-29	0	-256	-29	91	false
west	-29	1	-255	-29	91	false
west	-29	2	-254	-29	92	false
west	-29	3	-253	-29	92	false
west	-28	-3	-259	-28	90	false
west	-28	-2	-258	-28	90	false
west	-28	-1	-257	-28	91	false
west	-28	0	-256	-28	92	false
west	-28	1	-255	-28	92	false
west	-28	2	-254	-28	92	false
west	-28	3	-253	-28	92	false
west	-27	-3	-259	-27	90	false
west	-27	-2	-258	-27	90	false
west	-27	-1	-257	-27	91	false
west	-27	0	-256	-27	92	false
west	-27	1	-255	-27	92	false
west	-27	2	-254	-27	92	false
west	-27	3	-253	-27	92	false
west	-26	-3	-259	-26	90	false
west	-26	-2	-258	-26	90	false
west	-26	-1	-257	-26	91	false
west	-26	0	-256	-26	92	false
west	-26	1	-255	-26	92	false
west	-26	2	-254	-26	92	false
west	-26	3	-253	-26	92	false
west	-25	-3	-259	-25	90	false
west	-25	-2	-258	-25	90	false
west	-25	-1	-257	-25	91	false
west	-25	0	-256	-25	92	false
west	-25	1	-255	-25	92	false
west	-25	2	-254	-25	92	false
west	-25	3	-253	-25	92	false
west	-24	-3	-259	-24	90	false
west	-24	-2	-258	-24	90	false
west	-24	-1	-257	-24	91	false
west	-24	0	-256	-24	92	false
west	-24	1	-255	-24	92	false
west	-24	2	-254	-24	92	false
west	-24	3	-253	-24	92	false
west	-23	-3	-259	-23	90	false
west	-23	-2	-258	-23	90	false
west	-23	-1	-257	-23	91	false
west	-23	0	-256	-23	92	false
west	-23	1	-255	-23	92	false
west	-23	2	-254	-23	92	false
west	-23	3	-253	-23	92	false
west	-22	-3	-259	-22	90	false
west	-22	-2	-258	-22	90	false
west	-22	-1	-257	-22	91	false
west	-22	0	-256	-22	92	false
west	-22	1	-255	-22	92	false
west	-22	2	-254	-22	92	false
west	-22	3	-253	-22	92	false
west	-21	-3	-259	-21	90	false
west	-21	-2	-258	-21	90	false
west	-21	-1	-257	-21	91	false
west	-21	0	-256	-21	92	false
west	-21	1	-255	-21	92	false
west	-21	2	-254	-21	92	false
west	-21	3	-253	-21	92	false
west	-20	-3	-259	-20	90	false
west	-20	-2	-258	-20	90	false
west	-20	-1	-257	-20	91	false
west	-20	0	-256	-20	92	false
west	-20	1	-255	-20	92	false
west	-20	2	-254	-20	92	false
west	-20	3	-253	-20	92	false
west	-19	-3	-259	-19	90	false
west	-19	-2	-258	-19	90	false
west	-19	-1	-257	-19	91	false
west	-19	0	-256	-19	92	false
west	-19	1	-255	-19	92	false
west	-19	2	-254	-19	92	false
west	-19	3	-253	-19	92	false
west	-18	-3	-259	-18	90	false
west	-18	-2	-258	-18	90	false
west	-18	-1	-257	-18	91	false
west	-18	0	-256	-18	92	false
west	-18	1	-255	-18	92	false
west	-18	2	-254	-18	92	false
west	-18	3	-253	-18	92	false
west	-17	-3	-259	-17	90	false
west	-17	-2	-258	-17	90	false
west	-17	-1	-257	-17	91	false
west	-17	0	-256	-17	92	false
west	-17	1	-255	-17	92	false
west	-17	2	-254	-17	92	false
west	-17	3	-253	-17	92	false
west	-16	-3	-259	-16	90	false
west	-16	-2	-258	-16	91	false
west	-16	-1	-257	-16	91	false
west	-16	0	-256	-16	92	false
west	-16	1	-255	-16	92	false
west	-16	2	-254	-16	92	false
west	-16	3	-253	-16	92	false
west	-15	-3	-259	-15	90	false
west	-15	-2	-258	-15	91	false
west	-15	-1	-257	-15	92	false
west	-15	0	-256	-15	92	false
west	-15	1	-255	-15	92	false
west	-15	2	-254	-15	92	false
west	-15	3	-253	-15	92	false
west	-14	-3	-259	-14	91	false
west	-14	-2	-258	-14	91	false
west	-14	-1	-257	-14	92	false
west	-14	0	-256	-14	92	false
west	-14	1	-255	-14	92	false
west	-14	2	-254	-14	92	false
west	-14	3	-253	-14	92	false
west	-13	-3	-259	-13	91	false
west	-13	-2	-258	-13	92	false
west	-13	-1	-257	-13	92	false
west	-13	0	-256	-13	92	false
west	-13	1	-255	-13	92	false
west	-13	2	-254	-13	92	false
west	-13	3	-253	-13	92	false
west	-12	-3	-259	-12	91	false
west	-12	-2	-258	-12	92	false
west	-12	-1	-257	-12	92	false
west	-12	0	-256	-12	92	false
west	-12	1	-255	-12	92	false
west	-12	2	-254	-12	92	false
west	-12	3	-253	-12	92	false
west	-11	-3	-259	-11	92	false
west	-11	-2	-258	-11	92	false
west	-11	-1	-257	-11	92	false
west	-11	0	-256	-11	92	false
west	-11	1	-255	-11	92	false
west	-11	2	-254	-11	92	false
west	-11	3	-253	-11	92	false
west	-10	-3	-259	-10	92	false
west	-10	-2	-258	-10	92	false
west	-10	-1	-257	-10	92	false
west	-10	0	-256	-10	92	false
west	-10	1	-255	-10	92	false
west	-10	2	-254	-10	92	false
west	-10	3	-253	-10	92	false
west	-9	-3	-259	-9	92	false
west	-9	-2	-258	-9	92	false
west	-9	-1	-257	-9	92	false
west	-9	0	-256	-9	92	false
west	-9	1	-255	-9	92	false
west	-9	2	-254	-9	92	false
west	-9	3	-253	-9	92	false
west	-8	-3	-259	-8	92	false
west	-8	-2	-258	-8	92	false
west	-8	-1	-257	-8	92	false
west	-8	0	-256	-8	92	false
west	-8	1	-255	-8	92	false
west	-8	2	-254	-8	92	false
west	-8	3	-253	-8	92	false
west	-7	-3	-259	-7	92	false
west	-7	-2	-258	-7	92	false
west	-7	-1	-257	-7	92	false
west	-7	0	-256	-7	92	false
west	-7	1	-255	-7	92	false
west	-7	2	-254	-7	92	false
west	-7	3	-253	-7	92	false
west	-6	-3	-259	-6	92	false
west	-6	-2	-258	-6	92	false
west	-6	-1	-257	-6	92	false
west	-6	0	-256	-6	92	false
west	-6	1	-255	-6	92	false
west	-6	2	-254	-6	92	false
west	-6	3	-253	-6	92	false
west	-5	-3	-259	-5	92	false
west	-5	-2	-258	-5	92	false
west	-5	-1	-257	-5	92	false
west	-5	0	-256	-5	92	false
west	-5	1	-255	-5	92	false
west	-5	2	-254	-5	92	false
west	-5	3	-253	-5	92	false
west	-4	-3	-259	-4	92	false
west	-4	-2	-258	-4	92	false
west	-4	-1	-257	-4	92	false
west	-4	0	-256	-4	92	false
west	-4	1	-255	-4	92	false
west	-4	2	-254	-4	92	false
west	-4	3	-253	-4	92	false
west	-3	-3	-259	-3	92	false
west	-3	-2	-258	-3	92	false
west	-3	-1	-257	-3	92	false
west	-3	0	-256	-3	92	false
west	-3	1	-255	-3	92	false
west	-3	2	-254	-3	92	false
west	-3	3	-253	-3	92	false
west	-2	-3	-259	-2	92	false
west	-2	-2	-258	-2	92	false
west	-2	-1	-257	-2	92	false
west	-2	0	-256	-2	92	false
west	-2	1	-255	-2	92	false
west	-2	2	-254	-2	92	false
west	-2	3	-253	-2	92	false
west	-1	-3	-259	-1	92	false
west	-1	-2	-258	-1	92	false
west	-1	-1	-257	-1	92	false
west	-1	0	-256	-1	92	false
west	-1	1	-255	-1	92	false
west	-1	2	-254	-1	92	false
west	-1	3	-253	-1	92	false
west	0	-3	-259	0	92	false
west	0	-2	-258	0	92	false
west	0	-1	-257	0	92	false
west	0	0	-256	0	92	false
west	0	1	-255	0	92	false
west	0	2	-254	0	92	false
west	0	3	-253	0	92	false
west	1	-3	-259	1	92	false
west	1	-2	-258	1	92	false
west	1	-1	-257	1	92	false
west	1	0	-256	1	92	false
west	1	1	-255	1	92	false
west	1	2	-254	1	92	false
west	1	3	-253	1	92	false
west	2	-3	-259	2	92	false
west	2	-2	-258	2	92	false
west	2	-1	-257	2	92	false
west	2	0	-256	2	92	false
west	2	1	-255	2	92	false
west	2	2	-254	2	92	false
west	2	3	-253	2	92	false
west	3	-3	-259	3	92	false
west	3	-2	-258	3	92	false
west	3	-1	-257	3	92	false
west	3	0	-256	3	92	false
west	3	1	-255	3	92	false
west	3	2	-254	3	92	false
west	3	3	-253	3	92	false
west	4	-3	-259	4	92	false
west	4	-2	-258	4	92	false
west	4	-1	-257	4	92	false
west	4	0	-256	4	92	false
west	4	1	-255	4	92	false
west	4	2	-254	4	92	false
west	4	3	-253	4	92	false
west	5	-3	-259	5	92	false
west	5	-2	-258	5	92	false
west	5	-1	-257	5	92	false
west	5	0	-256	5	92	false
west	5	1	-255	5	92	false
west	5	2	-254	5	92	false
west	5	3	-253	5	92	false
west	6	-3	-259	6	92	false
west	6	-2	-258	6	92	false
west	6	-1	-257	6	92	false
west	6	0	-256	6	92	false
west	6	1	-255	6	92	false
west	6	2	-254	6	92	false
west	6	3	-253	6	92	false
west	7	-3	-259	7	92	false
west	7	-2	-258	7	92	false
west	7	-1	-257	7	92	false
west	7	0	-256	7	92	false
west	7	1	-255	7	92	false
west	7	2	-254	7	92	false
west	7	3	-253	7	92	false
west	8	-3	-259	8	92	false
west	8	-2	-258	8	92	false
west	8	-1	-257	8	92	false
west	8	0	-256	8	92	false
west	8	1	-255	8	92	false
west	8	2	-254	8	92	false
west	8	3	-253	8	92	false
west	9	-3	-259	9	92	false
west	9	-2	-258	9	92	false
west	9	-1	-257	9	92	false
west	9	0	-256	9	92	false
west	9	1	-255	9	92	false
west	9	2	-254	9	92	false
west	9	3	-253	9	92	false
west	10	-3	-259	10	92	false
west	10	-2	-258	10	92	false
west	10	-1	-257	10	92	false
west	10	0	-256	10	92	false
west	10	1	-255	10	92	false
west	10	2	-254	10	92	false
west	10	3	-253	10	92	false
west	11	-3	-259	11	92	false
west	11	-2	-258	11	92	false
west	11	-1	-257	11	92	false
west	11	0	-256	11	92	false
west	11	1	-255	11	92	false
west	11	2	-254	11	92	false
west	11	3	-253	11	92	false
west	12	-3	-259	12	92	false
west	12	-2	-258	12	92	false
west	12	-1	-257	12	92	false
west	12	0	-256	12	92	false
west	12	1	-255	12	92	false
west	12	2	-254	12	92	false
west	12	3	-253	12	92	false
west	13	-3	-259	13	92	false
west	13	-2	-258	13	92	false
west	13	-1	-257	13	92	false
west	13	0	-256	13	92	false
west	13	1	-255	13	92	false
west	13	2	-254	13	92	false
west	13	3	-253	13	92	false
west	14	-3	-259	14	92	false
west	14	-2	-258	14	92	false
west	14	-1	-257	14	92	false
west	14	0	-256	14	92	false
west	14	1	-255	14	92	false
west	14	2	-254	14	92	false
west	14	3	-253	14	92	false
west	15	-3	-259	15	92	false
west	15	-2	-258	15	92	false
west	15	-1	-257	15	92	false
west	15	0	-256	15	92	false
west	15	1	-255	15	92	false
west	15	2	-254	15	92	false
west	15	3	-253	15	92	false
west	16	-3	-259	16	92	false
west	16	-2	-258	16	92	false
west	16	-1	-257	16	92	false
west	16	0	-256	16	92	false
west	16	1	-255	16	92	false
west	16	2	-254	16	92	false
west	16	3	-253	16	92	false
west	17	-3	-259	17	91	false
west	17	-2	-258	17	91	false
west	17	-1	-257	17	91	false
west	17	0	-256	17	92	false
west	17	1	-255	17	92	false
west	17	2	-254	17	92	false
west	17	3	-253	17	92	false
west	18	-3	-259	18	90	false
west	18	-2	-258	18	90	false
west	18	-1	-257	18	91	false
west	18	0	-256	18	92	false
west	18	1	-255	18	92	false
west	18	2	-254	18	92	false
west	18	3	-253	18	92	false
west	19	-3	-259	19	91	false
west	19	-2	-258	19	90	false
west	19	-1	-257	19	91	false
west	19	0	-256	19	91	false
west	19	1	-255	19	91	false
west	19	2	-254	19	91	false
west	19	3	-253	19	92	false
west	20	-3	-259	20	91	false
west	20	-2	-258	20	90	false
west	20	-1	-257	20	91	false
west	20	0	-256	20	90	false
west	20	1	-255	20	90	false
west	20	2	-254	20	91	false
west	20	3	-253	20	92	false
west	21	-3	-259	21	91	false
west	21	-2	-258	21	90	false
west	21	-1	-257	21	90	false
west	21	0	-256	21	90	false
west	21	1	-255	21	90	false
west	21	2	-254	21	91	false
west	21	3	-253	21	91	false
west	22	-3	-259	22	90	false
west	22	-2	-258	22	90	false
west	22	-1	-257	22	91	false
west	22	0	-256	22	90	false
west	22	1	-255	22	91	false
west	22	2	-254	22	91	false
west	22	3	-253	22	91	false
west	23	-3	-259	23	90	false
west	23	-2	-258	23	90	false
west	23	-1	-257	23	91	false
west	23	0	-256	23	90	false
west	23	1	-255	23	90	false
west	23	2	-254	23	90	false
west	23	3	-253	23	90	false
west	24	-3	-259	24	90	false
west	24	-2	-258	24	90	false
west	24	-1	-257	24	90	false
west	24	0	-256	24	90	false
west	24	1	-255	24	90	false
west	24	2	-254	24	90	false
west	24	3	-253	24	90	false
west	25	-3	-259	25	90	false
west	25	-2	-258	25	90	false
west	25	-1	-257	25	90	false
west	25	0	-256	25	90	false
west	25	1	-255	25	90	false
west	25	2	-254	25	89	false
west	25	3	-253	25	89	false
west	26	-3	-259	26	89	false
west	26	-2	-258	26	89	false
west	26	-1	-257	26	89	false
west	26	0	-256	26	89	false
west	26	1	-255	26	89	false
west	26	2	-254	26	89	false
west	26	3	-253	26	89	false
west	27	-3	-259	27	89	false
west	27	-2	-258	27	89	false
west	27	-1	-257	27	89	false
west	27	0	-256	27	89	false
west	27	1	-255	27	89	false
west	27	2	-254	27	89	false
west	27	3	-253	27	89	false
west	28	-3	-259	28	89	false
west	28	-2	-258	28	89	false
west	28	-1	-257	28	89	false
west	28	0	-256	28	89	false
west	28	1	-255	28	89	false
west	28	2	-254	28	89	false
west	28	3	-253	28	89	false
west	29	-3	-259	29	89	false
west	29	-2	-258	29	89	false
west	29	-1	-257	29	89	false
west	29	0	-256	29	89	false
west	29	1	-255	29	89	false
west	29	2	-254	29	89	false
west	29	3	-253	29	89	false
west	30	-3	-259	30	89	false
west	30	-2	-258	30	89	false
west	30	-1	-257	30	89	false
west	30	0	-256	30	89	false
west	30	1	-255	30	89	false
west	30	2	-254	30	89	false
west	30	3	-253	30	89	false
west	31	-3	-259	31	89	false
west	31	-2	-258	31	89	false
west	31	-1	-257	31	89	false
west	31	0	-256	31	89	false
west	31	1	-255	31	89	false
west	31	2	-254	31	89	false
west	31	3	-253	31	89	false
west	32	-3	-259	32	89	false
west	32	-2	-258	32	89	false
west	32	-1	-257	32	89	false
west	32	0	-256	32	89	false
west	32	1	-255	32	89	false
west	32	2	-254	32	89	false
west	32	3	-253	32	89	false
west	33	-3	-259	33	89	false
west	33	-2	-258	33	89	false
west	33	-1	-257	33	89	false
west	33	0	-256	33	89	false
west	33	1	-255	33	89	false
west	33	2	-254	33	89	false
west	33	3	-253	33	89	false
west	34	-3	-259	34	89	false
west	34	-2	-258	34	89	false
west	34	-1	-257	34	89	false
west	34	0	-256	34	89	false
west	34	1	-255	34	89	false
west	34	2	-254	34	89	false
west	34	3	-253	34	89	false
west	35	-3	-259	35	89	false
west	35	-2	-258	35	89	false
west	35	-1	-257	35	89	false
west	35	0	-256	35	89	false
west	35	1	-255	35	89	false
west	35	2	-254	35	89	false
west	35	3	-253	35	89	false
west	36	-3	-259	36	89	false
west	36	-2	-258	36	89	false
west	36	-1	-257	36	89	false
west	36	0	-256	36	89	false
west	36	1	-255	36	89	false
west	36	2	-254	36	89	false
west	36	3	-253	36	89	false
west	37	-3	-259	37	89	false
west	37	-2	-258	37	89	false
west	37	-1	-257	37	89	false
west	37	0	-256	37	89	false
west	37	1	-255	37	89	false
west	37	2	-254	37	89	false
west	37	3	-253	37	89	false
west	38	-3	-259	38	89	false
west	38	-2	-258	38	89	false
west	38	-1	-257	38	89	false
west	38	0	-256	38	89	false
west	38	1	-255	38	89	false
west	38	2	-254	38	89	false
west	38	3	-253	38	89	false
west	39	-3	-259	39	89	false
west	39	-2	-258	39	89	false
west	39	-1	-257	39	89	false
west	39	0	-256	39	89	false
west	39	1	-255	39	89	false
west	39	2	-254	39	89	false
west	39	3	-253	39	89	false
west	40	-3	-259	40	89	false
west	40	-2	-258	40	89	false
west	40	-1	-257	40	89	false
west	40	0	-256	40	89	false
west	40	1	-255	40	89	false
west	40	2	-254	40	89	false
west	40	3	-253	40	89	false
west	41	-3	-259	41	89	false
west	41	-2	-258	41	89	false
west	41	-1	-257	41	89	false
west	41	0	-256	41	89	false
west	41	1	-255	41	90	false
west	41	2	-254	41	90	false
west	41	3	-253	41	90	false
west	42	-3	-259	42	89	false
west	42	-2	-258	42	89	false
west	42	-1	-257	42	89	false
west	42	0	-256	42	89	false
west	42	1	-255	42	90	false
west	42	2	-254	42	90	false
west	42	3	-253	42	90	false
west	43	-3	-259	43	89	false
west	43	-2	-258	43	89	false
west	43	-1	-257	43	89	false
west	43	0	-256	43	89	false
west	43	1	-255	43	90	false
west	43	2	-254	43	90	false
west	43	3	-253	43	91	false
west	44	-3	-259	44	89	false
west	44	-2	-258	44	89	false
west	44	-1	-257	44	89	false
west	44	0	-256	44	90	false
west	44	1	-255	44	90	false
west	44	2	-254	44	90	false
west	44	3	-253	44	91	false
west	45	-3	-259	45	89	false
west	45	-2	-258	45	89	false
west	45	-1	-257	45	89	false
west	45	0	-256	45	90	false
west	45	1	-255	45	90	false
west	45	2	-254	45	90	false
west	45	3	-253	45	91	false
west	46	-3	-259	46	90	false
west	46	-2	-258	46	90	false
west	46	-1	-257	46	90	false
west	46	0	-256	46	90	false
west	46	1	-255	46	90	false
west	46	2	-254	46	91	false
west	46	3	-253	46	91	false
west	47	-3	-259	47	90	false
west	47	-2	-258	47	90	false
west	47	-1	-257	47	90	false
west	47	0	-256	47	90	false
west	47	1	-255	47	90	false
west	47	2	-254	47	91	false
west	47	3	-253	47	92	false
west	48	-3	-259	48	91	false
west	48	-2	-258	48	90	false
west	48	-1	-257	48	91	false
west	48	0	-256	48	90	false
west	48	1	-255	48	90	false
west	48	2	-254	48	91	false
west	48	3	-253	48	92	false
west	49	-3	-259	49	91	false
west	49	-2	-258	49	90	false
west	49	-1	-257	49	91	false
west	49	0	-256	49	91	false
west	49	1	-255	49	91	false
west	49	2	-254	49	91	false
west	49	3	-253	49	92	false
west	50	-3	-259	50	91	false
west	50	-2	-258	50	91	false
west	50	-1	-257	50	91	false
west	50	0	-256	50	92	false
west	50	1	-255	50	92	false
west	50	2	-254	50	92	false
west	50	3	-253	50	92	false
west	51	-3	-259	51	91	false
west	51	-2	-258	51	92	false
west	51	-1	-257	51	92	false
west	51	0	-256	51	92	false
west	51	1	-255	51	92	false
west	51	2	-254	51	92	false
west	51	3	-253	51	92	false
west	52	-3	-259	52	91	false
west	52	-2	-258	52	92	false
west	52	-1	-257	52	92	false
west	52	0	-256	52	92	false
west	52	1	-255	52	92	false
west	52	2	-254	52	92	false
west	52	3	-253	52	92	false
west	53	-3	-259	53	91	false
west	53	-2	-258	53	92	false
west	53	-1	-257	53	92	false
west	53	0	-256	53	92	false
west	53	1	-255	53	92	false
west	53	2	-254	53	92	false
west	53	3	-253	53	92	false
west	54	-3	-259	54	92	false
west	54	-2	-258	54	92	false
west	54	-1	-257	54	92	false
west	54	0	-256	54	92	false
west	54	1	-255	54	92	false
west	54	2	-254	54	92	false
west	54	3	-253	54	92	false
west	55	-3	-259	55	92	false
west	55	-2	-258	55	92	false
west	55	-1	-257	55	92	false
west	55	0	-256	55	92	false
west	55	1	-255	55	92	false
west	55	2	-254	55	92	false
west	55	3	-253	55	92	false
west	56	-3	-259	56	92	false
west	56	-2	-258	56	92	false
west	56	-1	-257	56	92	false
west	56	0	-256	56	92	false
west	56	1	-255	56	93	false
west	56	2	-254	56	93	false
west	56	3	-253	56	93	false
west	57	-3	-259	57	92	false
west	57	-2	-258	57	92	false
west	57	-1	-257	57	92	false
west	57	0	-256	57	92	false
west	57	1	-255	57	93	false
west	57	2	-254	57	93	false
west	57	3	-253	57	93	false
west	58	-3	-259	58	92	false
west	58	-2	-258	58	92	false
west	58	-1	-257	58	93	false
west	58	0	-256	58	93	false
west	58	1	-255	58	93	false
west	58	2	-254	58	93	false
west	58	3	-253	58	94	false
west	59	-3	-259	59	93	false
west	59	-2	-258	59	93	false
west	59	-1	-257	59	93	false
west	59	0	-256	59	93	false
west	59	1	-255	59	93	false
west	59	2	-254	59	93	false
west	59	3	-253	59	94	false
west	60	-3	-259	60	93	false
west	60	-2	-258	60	93	false
west	60	-1	-257	60	93	false
west	60	0	-256	60	93	false
west	60	1	-255	60	94	false
west	60	2	-254	60	94	false
west	60	3	-253	60	94	false
west	61	-3	-259	61	93	false
west	61	-2	-258	61	93	false
west	61	-1	-257	61	94	false
west	61	0	-256	61	94	false
west	61	1	-255	61	94	false
west	61	2	-254	61	95	false
west	61	3	-253	61	95	false
west	62	-3	-259	62	93	false
west	62	-2	-258	62	93	false
west	62	-1	-257	62	94	false
west	62	0	-256	62	95	false
west	62	1	-255	62	95	false
west	62	2	-254	62	95	false
west	62	3	-253	62	95	false
west	63	-3	-259	63	94	false
west	63	-2	-258	63	93	false
west	63	-1	-257	63	94	false
west	63	0	-256	63	95	false
west	63	1	-255	63	95	false
west	63	2	-254	63	95	false
west	63	3	-253	63	95	false
west	64	-3	-259	64	94	false
west	64	-2	-258	64	93	false
west	64	-1	-257	64	94	false
west	64	0	-256	64	95	false
west	64	1	-255	64	95	false
west	64	2	-254	64	95	false
west	64	3	-253	64	95	false
west	65	-3	-259	65	94	false
west	65	-2	-258	65	94	false
west	65	-1	-257	65	94	false
west	65	0	-256	65	95	false
west	65	1	-255	65	95	false
west	65	2	-254	65	95	false
west	65	3	-253	65	95	false
west	66	-3	-259	66	94	false
west	66	-2	-258	66	95	false
west	66	-1	-257	66	95	false
west	66	0	-256	66	95	false
west	66	1	-255	66	95	false
west	66	2	-254	66	95	false
west	66	3	-253	66	95	false
west	67	-3	-259	67	94	false
west	67	-2	-258	67	95	false
west	67	-1	-257	67	95	false
west	67	0	-256	67	95	false
west	67	1	-255	67	95	false
west	67	2	-254	67	95	false
west	67	3	-253	67	95	false
west	68	-3	-259	68	94	false
west	68	-2	-258	68	95	false
west	68	-1	-257	68	95	false
west	68	0	-256	68	95	false
west	68	1	-255	68	95	false
west	68	2	-254	68	95	false
west	68	3	-253	68	95	false
west	69	-3	-259	69	94	false
west	69	-2	-258	69	95	false
west	69	-1	-257	69	95	false
west	69	0	-256	69	95	false
west	69	1	-255	69	95	false
west	69	2	-254	69	95	false
west	69	3	-253	69	95	false
west	70	-3	-259	70	94	false
west	70	-2	-258	70	95	false
west	70	-1	-257	70	95	false
west	70	0	-256	70	95	false
west	70	1	-255	70	95	false
west	70	2	-254	70	95	false
west	70	3	-253	70	95	false
west	71	-3	-259	71	94	false
west	71	-2	-258	71	95	false
west	71	-1	-257	71	95	false
west	71	0	-256	71	95	false
west	71	1	-255	71	95	false
west	71	2	-254	71	95	false
west	71	3	-253	71	95	false
west	72	-3	-259	72	94	false
west	72	-2	-258	72	95	false
west	72	-1	-257	72	95	false
west	72	0	-256	72	95	false
west	72	1	-255	72	95	false
west	72	2	-254	72	95	false
west	72	3	-253	72	95	false
west	73	-3	-259	73	94	false
west	73	-2	-258	73	95	false
west	73	-1	-257	73	95	false
west	73	0	-256	73	95	false
west	73	1	-255	73	95	false
west	73	2	-254	73	95	false
west	73	3	-253	73	95	false
west	74	-3	-259	74	94	false
west	74	-2	-258	74	95	false
west	74	-1	-257	74	95	false
west	74	0	-256	74	95	false
west	74	1	-255	74	95	false
west	74	2	-254	74	95	false
west	74	3	-253	74	95	false
west	75	-3	-259	75	94	false
west	75	-2	-258	75	95	false
west	75	-1	-257	75	95	false
west	75	0	-256	75	95	false
west	75	1	-255	75	96	false
west	75	2	-254	75	96	false
west	75	3	-253	75	96	false
west	76	-3	-259	76	94	false
west	76	-2	-258	76	95	false
west	76	-1	-257	76	95	false
west	76	0	-256	76	95	false
west	76	1	-255	76	96	false
west	76	2	-254	76	96	false
west	76	3	-253	76	96	false
west	77	-3	-259	77	94	false
west	77	-2	-258	77	95	false
west	77	-1	-257	77	95	false
west	77	0	-256	77	95	false
west	77	1	-255	77	96	false
west	77	2	-254	77	96	false
west	77	3	-253	77	97	false
west	78	-3	-259	78	94	false
west	78	-2	-258	78	95	false
west	78	-1	-257	78	95	false
west	78	0	-256	78	95	false
west	78	1	-255	78	96	false
west	78	2	-254	78	96	false
west	78	3	-253	78	97	false
west	79	-3	-259	79	95	false
west	79	-2	-258	79	95	false
west	79	-1	-257	79	95	false
west	79	0	-256	79	95	false
west	79	1	-255	79	96	false
west	79	2	-254	79	96	false
west	79	3	-253	79	97	false
west	80	-3	-259	80	95	false
west	80	-2	-258	80	95	false
west	80	-1	-257	80	95	false
west	80	0	-256	80	96	false
west	80	1	-255	80	96	false
west	80	2	-254	80	96	false
west	80	3	-253	80	97	false
west	81	-3	-259	81	95	false
west	81	-2	-258	81	95	false
west	81	-1	-257	81	95	false
west	81	0	-256	81	96	false
west	81	1	-255	81	96	false
west	81	2	-254	81	96	false
west	81	3	-253	81	97	false
west	82	-3	-259	82	95	false
west	82	-2	-258	82	96	false
west	82	-1	-257	82	96	false
west	82	0	-256	82	96	false
west	82	1	-255	82	96	false
west	82	2	-254	82	97	false
west	82	3	-253	82	97	false
west	83	-3	-259	83	95	false
west	83	-2	-258	83	96	false
west	83	-1	-257	83	96	false
west	83	0	-256	83	96	false
west	83	1	-255	83	96	false
west	83	2	-254	83	97	false
west	83	3	-253	83	98	false
west	84	-3	-259	84	96	false
west	84	-2	-258	84	96	false
west	84	-1	-257	84	96	false
west	84	0	-256	84	97	false
west	84	1	-255	84	96	false
west	84	2	-254	84	97	false
west	84	3	-253	84	98	false
west	85	-3	-259	85	96	false
west	85	-2	-258	85	96	false
west	85	-1	-257	85	96	false
west	85	0	-256	85	97	false
west	85	1	-255	85	97	false
west	85	2	-254	85	97	false
west	85	3	-253	85	98	false
west	86	-3	-259	86	96	false
west	86	-2	-258	86	96	false
west	86	-1	-257	86	97	false
west	86	0	-256	86	97	false
west	86	1	-255	86	98	false
west	86	2	-254	86	98	false
west	86	3	-253	86	98	false
west	87	-3	-259	87	96	false
west	87	-2	-258	87	97	false
west	87	-1	-257	87	97	false
west	87	0	-256	87	98	false
west	87	1	-255	87	98	false
west	87	2	-254	87	98	false
west	87	3	-253	87	98	false
west	88	-3	-259	88	97	false
west	88	-2	-258	88	97	false
west	88	-1	-257	88	98	false
west	88	0	-256	88	98	false
west	88	1	-255	88	99	false
west	88	2	-254	88	99	false
west	88	3	-253	88	99	false
west	89	-3	-259	89	97	false
west	89	-2	-258	89	98	false
west	89	-1	-257	89	98	false
west	89	0	-256	89	98	false
west	89	1	-255	89	99	false
west	89	2	-254	89	99	false
west	89	3	-253	89	99	false
west	90	-3	-259	90	97	false
west	90	-2	-258	90	98	false
west	90	-1	-257	90	98	false
west	90	0	-256	90	98	false
west	90	1	-255	90	99	false
west	90	2	-254	90	99	false
west	90	3	-253	90	100	false
west	91	-3	-259	91	97	false
west	91	-2	-258	91	98	false
west	91	-1	-257	91	98	false
west	91	0	-256	91	98	false
west	91	1	-255	91	99	false
west	91	2	-254	91	99	false
west	91	3	-253	91	100	false
west	92	-3	-259	92	97	false
west	92	-2	-258	92	98	false
west	92	-1	-257	92	98	false
west	92	0	-256	92	98	false
west	92	1	-255	92	99	false
west	92	2	-254	92	99	false
west	92	3	-253	92	100	false
west	93	-3	-259	93	97	false
west	93	-2	-258	93	98	false
west	93	-1	-257	93	98	false
west	93	0	-256	93	98	false
west	93	1	-255	93	99	false
west	93	2	-254	93	99	false
west	93	3	-253	93	100	false
west	94	-3	-259	94	97	false
west	94	-2	-258	94	98	false
west	94	-1	-257	94	98	false
west	94	0	-256	94	98	false
west	94	1	-255	94	99	false
west	94	2	-254	94	99	false
west	94	3	-253	94	100	false
west	95	-3	-259	95	97	false
west	95	-2	-258	95	98	false
west	95	-1	-257	95	98	false
west	95	0	-256	95	98	false
west	95	1	-255	95	99	false
west	95	2	-254	95	99	false
west	95	3	-253	95	100	false
west	96	-3	-259	96	98	false
west	96	-2	-258	96	98	false
west	96	-1	-257	96	98	false
west	96	0	-256	96	98	false
west	96	1	-255	96	99	false
west	96	2	-254	96	99	false
west	96	3	-253	96	100	false
west	97	-3	-259	97	98	false
west	97	-2	-258	97	98	false
west	97	-1	-257	97	98	false
west	97	0	-256	97	98	false
west	97	1	-255	97	99	false
west	97	2	-254	97	99	false
west	97	3	-253	97	100	false
west	98	-3	-259	98	98	false
west	98	-2	-258	98	98	false
west	98	-1	-257	98	98	false
west	98	0	-256	98	99	false
west	98	1	-255	98	99	false
west	98	2	-254	98	99	false
west	98	3	-253	98	100	false
west	99	-3	-259	99	98	false
west	99	-2	-258	99	98	false
west	99	-1	-257	99	98	false
west	99	0	-256	99	99	false
west	99	1	-255	99	99	false
west	99	2	-254	99	99	false
west	99	3	-253	99	100	false
west	100	-3	-259	100	98	false
west	100	-2	-258	100	99	false
west	100	-1	-257	100	99	false
west	100	0	-256	100	99	false
west	100	1	-255	100	99	false
west	100	2	-254	100	100	false
west	100	3	-253	100	100	false
west	101	-3	-259	101	98	false
west	101	-2	-258	101	99	false
west	101	-1	-257	101	99	false
west	101	0	-256	101	99	false
west	101	1	-255	101	99	false
west	101	2	-254	101	100	false
west	101	3	-253	101	101	false
west	102	-3	-259	102	98	false
west	102	-2	-258	102	99	false
west	102	-1	-257	102	99	false
west	102	0	-256	102	100	false
west	102	1	-255	102	99	false
west	102	2	-254	102	100	false
west	102	3	-253	102	101	false
west	103	-3	-259	103	98	false
west	103	-2	-258	103	99	false
west	103	-1	-257	103	99	false
west	103	0	-256	103	100	false
west	103	1	-255	103	99	false
west	103	2	-254	103	100	false
west	103	3	-253	103	101	false
west	104	-3	-259	104	98	false
west	104	-2	-258	104	99	false
west	104	-1	-257	104	99	false
west	104	0	-256	104	100	false
west	104	1	-255	104	100	false
west	104	2	-254	104	100	false
west	104	3	-253	104	101	false
west	105	-3	-259	105	98	false
west	105	-2	-258	105	99	false
west	105	-1	-257	105	99	false
west	105	0	-256	105	100	false
west	105	1	-255	105	101	false
west	105	2	-254	105	101	false
west	105	3	-253	105	101	false
west	106	-3	-259	106	98	false
west	106	-2	-258	106	99	false
west	106	-1	-257	106	99	false
west	106	0	-256	106	100	false
west	106	1	-255	106	101	false
west	106	2	-254	106	101	false
west	106	3	-253	106	101	false
west	107	-3	-259	107	98	false
west	107	-2	-258	107	99	false
west	107	-1	-257	107	99	false
west	107	0	-256	107	100	false
west	107	1	-255	107	100	false
west	107	2	-254	107	101	false
west	107	3	-253	107	101	false
west	108	-3	-259	108	98	false
west	108	-2	-258	108	99	false
west	108	-1	-257	108	99	false
west	108	0	-256	108	99	false
west	108	1	-255	108	100	false
west	108	2	-254	108	101	false
west	108	3	-253	108	101	false
west	109	-3	-259	109	98	false
west	109	-2	-258	109	99	false
west	109	-1	-257	109	99	false
west	109	0	-256	109	99	false
west	109	1	-255	109	100	false
west	109	2	-254	109	100	false
west	109	3	-253	109	100	false
west	110	-3	-259	110	98	false
west	110	-2	-258	110	98	false
west	110	-1	-257	110	99	false
west	110	0	-256	110	99	false
west	110	1	-255	110	99	false
west	110	2	-254	110	99	false
west	110	3	-253	110	100	false
west	111	-3	-259	111	98	false
west	111	-2	-258	111	98	false
west	111	-1	-257	111	99	false
west	111	0	-256	111	99	false
west	111	1	-255	111	99	false
west	111	2	-254	111	99	false
west	111	3	-253	111	100	false
west	112	-3	-259	112	98	false
west	112	-2	-258	112	98	false
west	112	-1	-257	112	98	false
west	112	0	-256	112	98	false
west	112	1	-255	112	99	false
west	112	2	-254	112	99	false
west	112	3	-253	112	100	false
west	113	-3	-259	113	98	false
west	113	-2	-258	113	98	false
west	113	-1	-257	113	98	false
west	113	0	-256	113	98	false
west	113	1	-255	113	99	false
west	113	2	-254	113	99	false
west	113	3	-253	113	100	false
west	114	-3	-259	114	98	false
west	114	-2	-258	114	98	false
west	114	-1	-257	114	98	false
west	114	0	-256	114	98	false
west	114	1	-255	114	99	false
west	114	2	-254	114	99	false
west	114	3	-253	114	100	false
west	115	-3	-259	115	98	false
west	115	-2	-258	115	98	false
west	115	-1	-257	115	98	false
west	115	0	-256	115	98	false
west	115	1	-255	115	99	false
west	115	2	-254	115	99	false
west	115	3	-253	115	100	false
west	116	-3	-259	116	98	false
west	116	-2	-258	116	98	false
west	116	-1	-257	116	98	false
west	116	0	-256	116	98	false
west	116	1	-255	116	99	false
west	116	2	-254	116	99	false
west	116	3	-253	116	100	false
west	117	-3	-259	117	98	false
west	117	-2	-258	117	98	false
west	117	-1	-257	117	98	false
west	117	0	-256	117	98	false
west	117	1	-255	117	99	false
west	117	2	-254	117	99	false
west	117	3	-253	117	99	false
west	118	-3	-259	118	98	false
west	118	-2	-258	118	98	false
west	118	-1	-257	118	98	false
west	118	0	-256	118	98	false
west	118	1	-255	118	99	false
west	118	2	-254	118	99	false
west	118	3	-253	118	99	false
west	119	-3	-259	119	98	false
west	119	-2	-258	119	98	false
west	119	-1	-257	119	98	false
west	119	0	-256	119	98	false
west	119	1	-255	119	98	false
west	119	2	-254	119	98	false
west	119	3	-253	119	98	false
west	120	-3	-259	120	98	false
west	120	-2	-258	120	98	false
west	120	-1	-257	120	98	false
west	120	0	-256	120	98	false
west	120	1	-255	120	98	false
west	120	2	-254	120	98	false
west	120	3	-253	120	98	false
west	121	-3	-259	121	98	false
west	121	-2	-258	121	98	false
west	121	-1	-257	121	98	false
west	121	0	-256	121	98	false
west	121	1	-255	121	98	false
west	121	2	-254	121	98	false
west	121	3	-253	121	98	false
west	122	-3	-259	122	98	false
west	122	-2	-258	122	98	false
west	122	-1	-257	122	98	false
west	122	0	-256	122	98	false
west	122	1	-255	122	98	false
west	122	2	-254	122	98	false
west	122	3	-253	122	98	false
west	123	-3	-259	123	98	false
west	123	-2	-258	123	98	false
west	123	-1	-257	123	98	false
west	123	0	-256	123	98	false
west	123	1	-255	123	98	false
west	123	2	-254	123	98	false
west	123	3	-253	123	98	false
west	124	-3	-259	124	98	false
west	124	-2	-258	124	98	false
west	124	-1	-257	124	98	false
west	124	0	-256	124	98	false
west	124	1	-255	124	98	false
west	124	2	-254	124	98	false
west	124	3	-253	124	98	false
west	125	-3	-259	125	98	false
west	125	-2	-258	125	98	false
west	125	-1	-257	125	98	false
west	125	0	-256	125	98	false
west	125	1	-255	125	98	false
west	125	2	-254	125	98	false
west	125	3	-253	125	98	false
west	126	-3	-259	126	98	false
west	126	-2	-258	126	98	false
west	126	-1	-257	126	98	false
west	126	0	-256	126	98	false
west	126	1	-255	126	98	false
west	126	2	-254	126	98	false
west	126	3	-253	126	98	false
west	127	-3	-259	127	98	false
west	127	-2	-258	127	98	false
west	127	-1	-257	127	98	false
west	127	0	-256	127	98	false
west	127	1	-255	127	98	false
west	127	2	-254	127	98	false
west	127	3	-253	127	98	false
west	128	-3	-259	128	98	false
west	128	-2	-258	128	98	false
west	128	-1	-257	128	98	false
west	128	0	-256	128	98	false
west	128	1	-255	128	98	false
west	128	2	-254	128	98	false
west	128	3	-253	128	98	false
west	129	-3	-259	129	98	false
west	129	-2	-258	129	98	false
west	129	-1	-257	129	98	false
west	129	0	-256	129	98	false
west	129	1	-255	129	98	false
west	129	2	-254	129	98	false
west	129	3	-253	129	98	false
west	130	-3	-259	130	98	false
west	130	-2	-258	130	98	false
west	130	-1	-257	130	98	false
west	130	0	-256	130	98	false
west	130	1	-255	130	98	false
west	130	2	-254	130	98	false
west	130	3	-253	130	98	false
west	131	-3	-259	131	98	false
west	131	-2	-258	131	98	false
west	131	-1	-257	131	98	false
west	131	0	-256	131	98	false
west	131	1	-255	131	98	false
west	131	2	-254	131	98	false
west	131	3	-253	131	98	false
west	132	-3	-259	132	98	false
west	132	-2	-258	132	98	false
west	132	-1	-257	132	98	false
west	132	0	-256	132	98	false
west	132	1	-255	132	98	false
west	132	2	-254	132	98	false
west	132	3	-253	132	98	false
west	133	-3	-259	133	98	false
west	133	-2	-258	133	98	false
west	133	-1	-257	133	98	false
west	133	0	-256	133	98	false
west	133	1	-255	133	98	false
west	133	2	-254	133	98	false
west	133	3	-253	133	98	false
west	134	-3	-259	134	98	false
west	134	-2	-258	134	98	false
west	134	-1	-257	134	98	false
west	134	0	-256	134	98	false
west	134	1	-255	134	98	false
west	134	2	-254	134	98	false
west	134	3	-253	134	98	false
west	135	-3	-259	135	98	false
west	135	-2	-258	135	98	false
west	135	-1	-257	135	98	false
west	135	0	-256	135	98	false
west	135	1	-255	135	98	false
west	135	2	-254	135	98	false
west	135	3	-253	135	98	false
west	136	-3	-259	136	98	false
west	136	-2	-258	136	98	false
west	136	-1	-257	136	98	false
west	136	0	-256	136	98	false
west	136	1	-255	136	98	false
west	136	2	-254	136	98	false
west	136	3	-253	136	98	false
west	137	-3	-259	137	98	false
west	137	-2	-258	137	98	false
west	137	-1	-257	137	98	false
west	137	0	-256	137	98	false
west	137	1	-255	137	98	false
west	137	2	-254	137	98	false
west	137	3	-253	137	98	false
west	138	-3	-259	138	98	false
west	138	-2	-258	138	98	false
west	138	-1	-257	138	98	false
west	138	0	-256	138	98	false
west	138	1	-255	138	98	false
west	138	2	-254	138	98	false
west	138	3	-253	138	98	false
west	139	-3	-259	139	98	false
west	139	-2	-258	139	98	false
west	139	-1	-257	139	98	false
west	139	0	-256	139	98	false
west	139	1	-255	139	98	false
west	139	2	-254	139	98	false
west	139	3	-253	139	98	false
west	140	-3	-259	140	98	false
west	140	-2	-258	140	98	false
west	140	-1	-257	140	98	false
west	140	0	-256	140	98	false
west	140	1	-255	140	98	false
west	140	2	-254	140	98	false
west	140	3	-253	140	98	false
west	141	-3	-259	141	98	false
west	141	-2	-258	141	98	false
west	141	-1	-257	141	98	false
west	141	0	-256	141	98	false
west	141	1	-255	141	98	false
west	141	2	-254	141	98	false
west	141	3	-253	141	98	false
west	142	-3	-259	142	98	false
west	142	-2	-258	142	98	false
west	142	-1	-257	142	98	false
west	142	0	-256	142	98	false
west	142	1	-255	142	98	false
west	142	2	-254	142	98	false
west	142	3	-253	142	98	false
west	143	-3	-259	143	98	false
west	143	-2	-258	143	98	false
west	143	-1	-257	143	98	false
west	143	0	-256	143	98	false
west	143	1	-255	143	98	false
west	143	2	-254	143	98	false
west	143	3	-253	143	98	false
west	144	-3	-259	144	98	false
west	144	-2	-258	144	98	false
west	144	-1	-257	144	98	false
west	144	0	-256	144	98	false
west	144	1	-255	144	98	false
west	144	2	-254	144	98	false
west	144	3	-253	144	98	false
west	145	-3	-259	145	98	false
west	145	-2	-258	145	98	false
west	145	-1	-257	145	98	false
west	145	0	-256	145	98	false
west	145	1	-255	145	98	false
west	145	2	-254	145	98	false
west	145	3	-253	145	98	false
west	146	-3	-259	146	98	false
west	146	-2	-258	146	98	false
west	146	-1	-257	146	98	false
west	146	0	-256	146	98	false
west	146	1	-255	146	98	false
west	146	2	-254	146	98	false
west	146	3	-253	146	98	false
west	147	-3	-259	147	98	false
west	147	-2	-258	147	98	false
west	147	-1	-257	147	99	false
west	147	0	-256	147	99	false
west	147	1	-255	147	99	false
west	147	2	-254	147	99	false
west	147	3	-253	147	99	false
west	148	-3	-259	148	98	false
west	148	-2	-258	148	98	false
west	148	-1	-257	148	99	false
west	148	0	-256	148	99	false
west	148	1	-255	148	99	false
west	148	2	-254	148	99	false
west	148	3	-253	148	99	false
west	149	-3	-259	149	98	false
west	149	-2	-258	149	98	false
west	149	-1	-257	149	99	false
west	149	0	-256	149	99	false
west	149	1	-255	149	100	false
west	149	2	-254	149	99	false
west	149	3	-253	149	100	false
west	150	-3	-259	150	98	false
west	150	-2	-258	150	98	false
west	150	-1	-257	150	99	false
west	150	0	-256	150	99	false
west	150	1	-255	150	100	false
west	150	2	-254	150	99	false
west	150	3	-253	150	100	false
west	151	-3	-259	151	98	false
west	151	-2	-258	151	98	false
west	151	-1	-257	151	99	false
west	151	0	-256	151	99	false
west	151	1	-255	151	100	false
west	151	2	-254	151	99	false
west	151	3	-253	151	100	false
west	152	-3	-259	152	98	false
west	152	-2	-258	152	98	false
west	152	-1	-257	152	99	false
west	152	0	-256	152	99	false
west	152	1	-255	152	100	false
west	152	2	-254	152	100	false
west	152	3	-253	152	100	false
west	153	-3	-259	153	98	false
west	153	-2	-258	153	98	false
west	153	-1	-257	153	99	false
west	153	0	-256	153	99	false
west	153	1	-255	153	100	false
west	153	2	-254	153	101	false
west	153	3	-253	153	101	false
west	154	-3	-259	154	98	false
west	154	-2	-258	154	98	false
west	154	-1	-257	154	99	false
west	154	0	-256	154	99	false
west	154	1	-255	154	100	false
west	154	2	-254	154	101	false
west	154	3	-253	154	101	false
west	155	-3	-259	155	98	false
west	155	-2	-258	155	98	false
west	155	-1	-257	155	99	false
west	155	0	-256	155	99	false
west	155	1	-255	155	100	false
west	155	2	-254	155	101	false
west	155	3	-253	155	101	false
west	156	-3	-259	156	98	false
west	156	-2	-258	156	98	false
west	156	-1	-257	156	99	false
west	156	0	-256	156	99	false
west	156	1	-255	156	100	false
west	156	2	-254	156	101	false
west	156	3	-253	156	101	false
west	157	-3	-259	157	98	false
west	157	-2	-258	157	98	false
west	157	-1	-257	157	99	false
west	157	0	-256	157	99	false
west	157	1	-255	157	100	false
west	157	2	-254	157	101	false
west	157	3	-253	157	101	false
west	158	-3	-259	158	98	false
west	158	-2	-258	158	98	false
west	158	-1	-257	158	99	false
west	158	0	-256	158	99	false
west	158	1	-255	158	100	false
west	158	2	-254	158	101	false
west	158	3	-253	158	101	false
west	159	-3	-259	159	98	false
west	159	-2	-258	159	98	false
west	159	-1	-257	159	99	false
west	159	0	-256	159	99	false
west	159	1	-255	159	100	false
west	159	2	-254	159	101	false
west	159	3	-253	159	101	false
west	160	-3	-259	160	98	false
west	160	-2	-258	160	98	false
west	160	-1	-257	160	99	false
west	160	0	-256	160	99	false
west	160	1	-255	160	100	false
west	160	2	-254	160	101	false
west	160	3	-253	160	101	false
west	161	-3	-259	161	98	false
west	161	-2	-258	161	98	false
west	161	-1	-257	161	99	false
west	161	0	-256	161	99	false
west	161	1	-255	161	100	false
west	161	2	-254	161	101	false
west	161	3	-253	161	101	false
west	162	-3	-259	162	98	false
west	162	-2	-258	162	99	false
west	162	-1	-257	162	99	false
west	162	0	-256	162	99	false
west	162	1	-255	162	100	false
west	162	2	-254	162	101	false
west	162	3	-253	162	101	false
west	163	-3	-259	163	98	false
west	163	-2	-258	163	99	false
west	163	-1	-257	163	99	false
west	163	0	-256	163	99	false
west	163	1	-255	163	100	false
west	163	2	-254	163	101	false
west	163	3	-253	163	101	false
west	164	-3	-259	164	98	false
west	164	-2	-258	164	99	false
west	164	-1	-257	164	99	false
west	164	0	-256	164	100	false
west	164	1	-255	164	100	false
west	164	2	-254	164	101	false
west	164	3	-253	164	101	false
west	165	-3	-259	165	98	false
west	165	-2	-258	165	99	false
west	165	-1	-257	165	99	false
west	165	0	-256	165	100	false
west	165	1	-255	165	101	false
west	165	2	-254	165	101	false
west	165	3	-253	165	101	false
west	166	-3	-259	166	98	false
west	166	-2	-258	166	99	false
west	166	-1	-257	166	99	false
west	166	0	-256	166	100	false
west	166	1	-255	166	101	false
west	166	2	-254	166	101	false
west	166	3	-253	166	101	false
west	167	-3	-259	167	98	false
west	167	-2	-258	167	99	false
west	167	-1	-257	167	99	false
west	167	0	-256	167	100	false
west	167	1	-255	167	101	false
west	167	2	-254	167	101	false
west	167	3	-253	167	101	false
west	168	-3	-259	168	98	false
west	168	-2	-258	168	99	false
west	168	-1	-257	168	99	false
west	168	0	-256	168	100	false
west	168	1	-255	168	101	false
west	168	2	-254	168	101	false
west	168	3	-253	168	101	false
west	169	-3	-259	169	98	false
west	169	-2	-258	169	99	false
west	169	-1	-257	169	99	false
west	169	0	-256	169	100	false
west	169	1	-255	169	101	false
west	169	2	-254	169	101	false
west	169	3	-253	169	101	false
west	170	-3	-259	170	98	false
west	170	-2	-258	170	99	false
west	170	-1	-257	170	99	false
west	170	0	-256	170	100	false
west	170	1	-255	170	101	false
west	170	2	-254	170	101	false
west	170	3	-253	170	101	false
west	171	-3	-259	171	98	false
west	171	-2	-258	171	99	false
west	171	-1	-257	171	99	false
west	171	0	-256	171	100	false
west	171	1	-255	171	101	false
west	171	2	-254	171	101	false
west	171	3	-253	171	101	false
west	172	-3	-259	172	98	false
west	172	-2	-258	172	99	false
west	172	-1	-257	172	99	false
west	172	0	-256	172	100	false
west	172	1	-255	172	101	false
west	172	2	-254	172	101	false
west	172	3	-253	172	101	false
west	173	-3	-259	173	99	false
west	173	-2	-258	173	99	false
west	173	-1	-257	173	99	false
west	173	0	-256	173	100	false
west	173	1	-255	173	101	false
west	173	2	-254	173	101	false
west	173	3	-253	173	101	false
west	174	-3	-259	174	99	false
west	174	-2	-258	174	99	false
west	174	-1	-257	174	99	false
west	174	0	-256	174	100	false
west	174	1	-255	174	101	false
west	174	2	-254	174	101	false
west	174	3	-253	174	101	false
west	175	-3	-259	175	99	false
west	175	-2	-258	175	99	false
west	175	-1	-257	175	100	false
west	175	0	-256	175	100	false
west	175	1	-255	175	101	false
west	175	2	-254	175	101	false
west	175	3	-253	175	101	false
west	176	-3	-259	176	99	false
west	176	-2	-258	176	100	false
west	176	-1	-257	176	100	false
west	176	0	-256	176	101	false
west	176	1	-255	176	101	false
west	176	2	-254	176	102	false
west	176	3	-253	176	102	false
west	177	-3	-259	177	100	false
west	177	-2	-258	177	100	false
west	177	-1	-257	177	101	false
west	177	0	-256	177	101	false
west	177	1	-255	177	101	false
west	177	2	-254	177	102	false
west	177	3	-253	177	102	false
west	178	-3	-259	178	100	false
west	178	-2	-258	178	101	false
west	178	-1	-257	178	101	false
west	178	0	-256	178	101	false
west	178	1	-255	178	101	false
west	178	2	-254	178	102	false
west	178	3	-253	178	102	false
west	179	-3	-259	179	100	false
west	179	-2	-258	179	101	false
west	179	-1	-257	179	101	false
west	179	0	-256	179	101	false
west	179	1	-255	179	101	false
west	179	2	-254	179	102	false
west	179	3	-253	179	102	false
west	180	-3	-259	180	100	false
west	180	-2	-258	180	101	false
west	180	-1	-257	180	101	false
west	180	0	-256	180	101	false
west	180	1	-255	180	101	false
west	180	2	-254	180	102	false
west	180	3	-253	180	102	false
west	181	-3	-259	181	101	false
west	181	-2	-258	181	101	false
west	181	-1	-257	181	101	false
west	181	0	-256	181	101	false
west	181	1	-255	181	102	false
west	181	2	-254	181	102	false
west	181	3	-253	181	102	false
west	182	-3	-259	182	101	false
west	182	-2	-258	182	101	false
west	182	-1	-257	182	101	false
west	182	0	-256	182	102	false
west	182	1	-255	182	102	false
west	182	2	-254	182	102	false
west	182	3	-253	182	102	false
west	183	-3	-259	183	101	false
west	183	-2	-258	183	102	false
west	183	-1	-257	183	102	false
west	183	0	-256	183	102	false
west	183	1	-255	183	102	false
west	183	2	-254	183	102	false
west	183	3	-253	183	103	false
west	184	-3	-259	184	101	false
west	184	-2	-258	184	102	false
west	184	-1	-257	184	102	false
west	184	0	-256	184	102	false
west	184	1	-255	184	102	false
west	184	2	-254	184	103	false
west	184	3	-253	184	103	false
west	185	-3	-259	185	101	false
west	185	-2	-258	185	102	false
west	185	-1	-257	185	102	false
west	185	0	-256	185	103	false
west	185	1	-255	185	103	false
west	185	2	-254	185	103	false
west	185	3	-253	185	104	false
west	186	-3	-259	186	101	false
west	186	-2	-258	186	102	false
west	186	-1	-257	186	102	false
west	186	0	-256	186	103	false
west	186	1	-255	186	104	false
west	186	2	-254	186	104	false
west	186	3	-253	186	104	false
west	187	-3	-259	187	101	false
west	187	-2	-258	187	102	false
west	187	-1	-257	187	103	false
west	187	0	-256	187	103	false
west	187	1	-255	187	104	false
west	187	2	-254	187	104	false
west	187	3	-253	187	104	false
west	188	-3	-259	188	101	false
west	188	-2	-258	188	102	false
west	188	-1	-257	188	103	false
west	188	0	-256	188	104	false
west	188	1	-255	188	104	false
west	188	2	-254	188	104	false
west	188	3	-253	188	104	false
west	189	-3	-259	189	102	false
west	189	-2	-258	189	102	false
west	189	-1	-257	189	103	false
west	189	0	-256	189	104	false
west	189	1	-255	189	104	false
west	189	2	-254	189	104	false
west	189	3	-253	189	104	false
west	190	-3	-259	190	102	false
west	190	-2	-258	190	102	false
west	190	-1	-257	190	103	false
west	190	0	-256	190	104	false
west	190	1	-255	190	104	false
west	190	2	-254	190	104	false
west	190	3	-253	190	104	false
west	191	-3	-259	191	102	false
west	191	-2	-258	191	102	false
west	191	-1	-257	191	103	false
west	191	0	-256	191	104	false
west	191	1	-255	191	104	false
west	191	2	-254	191	104	false
west	191	3	-253	191	104	false
west	192	-3	-259	192	102	false
west	192	-2	-258	192	102	false
west	192	-1	-257	192	103	false
west	192	0	-256	192	104	false
west	192	1	-255	192	104	false
west	192	2	-254	192	104	false
west	192	3	-253	192	104	false
west	193	-3	-259	193	102	false
west	193	-2	-258	193	102	false
west	193	-1	-257	193	103	false
west	193	0	-256	193	104	false
west	193	1	-255	193	104	false
west	193	2	-254	193	105	false
west	193	3	-253	193	105	false
west	194	-3	-259	194	102	false
west	194	-2	-258	194	102	false
west	194	-1	-257	194	103	false
west	194	0	-256	194	104	false
west	194	1	-255	194	104	false
west	194	2	-254	194	105	false
west	194	3	-253	194	105	false
west	195	-3	-259	195	102	false
west	195	-2	-258	195	102	false
west	195	-1	-257	195	103	false
west	195	0	-256	195	104	false
west	195	1	-255	195	105	false
west	195	2	-254	195	105	false
west	195	3	-253	195	105	false
west	196	-3	-259	196	102	false
west	196	-2	-258	196	102	false
west	196	-1	-257	196	103	false
west	196	0	-256	196	104	false
west	196	1	-255	196	105	false
west	196	2	-254	196	105	false
west	196	3	-253	196	105	false
west	197	-3	-259	197	102	false
west	197	-2	-258	197	103	false
west	197	-1	-257	197	103	false
west	197	0	-256	197	104	false
west	197	1	-255	197	105	false
west	197	2	-254	197	105	false
west	197	3	-253	197	106	false
west	198	-3	-259	198	102	false
west	198	-2	-258	198	103	false
west	198	-1	-257	198	104	false
west	198	0	-256	198	104	false
west	198	1	-255	198	105	false
west	198	2	-254	198	106	false
west	198	3	-253	198	106	false
west	199	-3	-259	199	102	false
west	199	-2	-258	199	103	false
west	199	-1	-257	199	104	false
west	199	0	-256	199	105	false
west	199	1	-255	199	105	false
west	199	2	-254	199	106	false
west	199	3	-253	199	107	false
west	200	-3	-259	200	103	false
west	200	-2	-258	200	103	false
west	200	-1	-257	200	104	false
west	200	0	-256	200	105	false
west	200	1	-255	200	105	false
west	200	2	-254	200	106	false
west	200	3	-253	200	107	false
west	201	-3	-259	201	103	false
west	201	-2	-258	201	104	false
west	201	-1	-257	201	104	false
west	201	0	-256	201	105	false
west	201	1	-255	201	106	false
west	201	2	-254	201	106	false
west	201	3	-253	201	107	false
west	202	-3	-259	202	103	false
west	202	-2	-258	202	104	false
west	202	-1	-257	202	105	false
west	202	0	-256	202	105	false
west	202	1	-255	202	106	false
west	202	2	-254	202	107	false
west	202	3	-253	202	107	false
west	203	-3	-259	203	103	false
west	203	-2	-258	203	104	false
west	203	-1	-257	203	105	false
west	203	0	-256	203	105	false
west	203	1	-255	203	106	false
west	203	2	-254	203	107	false
west	203	3	-253	203	107	false
west	204	-3	-259	204	103	false
west	204	-2	-258	204	104	false
west	204	-1	-257	204	105	false
west	204	0	-256	204	105	false
west	204	1	-255	204	106	false
west	204	2	-254	204	106	false
west	204	3	-253	204	107	false
west	205	-3	-259	205	103	false
west	205	-2	-258	205	104	false
west	205	-1	-257	205	105	false
west	205	0	-256	205	105	false
west	205	1	-255	205	105	false
west	205	2	-254	205	106	false
west	205	3	-253	205	107	false
west	206	-3	-259	206	103	false
west	206	-2	-258	206	104	false
west	206	-1	-257	206	105	false
west	206	0	-256	206	105	false
west	206	1	-255	206	105	false
west	206	2	-254	206	106	false
west	206	3	-253	206	106	false
west	207	-3	-259	207	103	false
west	207	-2	-258	207	104	false
west	207	-1	-257	207	104	false
west	207	0	-256	207	105	false
west	207	1	-255	207	105	false
west	207	2	-254	207	105	false
west	207	3	-253	207	106	false
west	208	-3	-259	208	103	false
west	208	-2	-258	208	104	false
west	208	-1	-257	208	104	false
west	208	0	-256	208	105	false
west	208	1	-255	208	105	false
west	208	2	-254	208	105	false
west	208	3	-253	208	105	false
west	209	-3	-259	209	103	false
west	209	-2	-258	209	104	false
west	209	-1	-257	209	104	false
west	209	0	-256	209	104	false
west	209	1	-255	209	105	false
west	209	2	-254	209	105	false
west	209	3	-253	209	105	false
west	210	-3	-259	210	102	false
west	210	-2	-258	210	104	false
west	210	-1	-257	210	104	false
west	210	0	-256	210	104	false
west	210	1	-255	210	104	false
west	210	2	-254	210	105	false
west	210	3	-253	210	105	false
west	211	-3	-259	211	102	false
west	211	-2	-258	211	104	false
west	211	-1	-257	211	104	false
west	211	0	-256	211	104	false
west	211	1	-255	211	104	false
west	211	2	-254	211	105	false
west	211	3	-253	211	105	false
west	212	-3	-259	212	102	false
west	212	-2	-258	212	103	false
west	212	-1	-257	212	104	false
west	212	0	-256	212	104	false
west	212	1	-255	212	104	false
west	212	2	-254	212	105	false
west	212	3	-253	212	105	false
west	213	-3	-259	213	102	false
west	213	-2	-258	213	103	false
west	213	-1	-257	213	103	false
west	213	0	-256	213	104	false
west	213	1	-255	213	104	false
west	213	2	-254	213	105	false
west	213	3	-253	213	105	false
west	214	-3	-259	214	102	false
west	214	-2	-258	214	103	false
west	214	-1	-257	214	103	false
west	214	0	-256	214	104	false
west	214	1	-255	214	104	false
west	214	2	-254	214	105	false
west	214	3	-253	214	105	false
west	215	-3	-259	215	102	false
west	215	-2	-258	215	103	false
west	215	-1	-257	215	103	false
west	215	0	-256	215	104	false
west	215	1	-255	215	104	false
west	215	2	-254	215	105	false
west	215	3	-253	215	105	false
west	216	-3	-259	216	102	false
west	216	-2	-258	216	103	false
west	216	-1	-257	216	103	false
west	216	0	-256	216	104	false
west	216	1	-255	216	104	false
west	216	2	-254	216	104	false
west	216	3	-253	216	104	false
west	217	-3	-259	217	102	false
west	217	-2	-258	217	103	false
west	217	-1	-257	217	103	false
west	217	0	-256	217	104	false
west	217	1	-255	217	104	false
west	217	2	-254	217	104	false
west	217	3	-253	217	104	false
west	218	-3	-259	218	102	false
west	218	-2	-258	218	103	false
west	218	-1	-257	218	103	false
west	218	0	-256	218	104	false
west	218	1	-255	218	104	false
west	218	2	-254	218	104	false
west	218	3	-253	218	104	false
west	219	-3	-259	219	102	false
west	219	-2	-258	219	103	false
west	219	-1	-257	219	103	false
west	219	0	-256	219	104	false
west	219	1	-255	219	104	false
west	219	2	-254	219	104	false
west	219	3	-253	219	104	false
west	220	-3	-259	220	102	false
west	220	-2	-258	220	103	false
west	220	-1	-257	220	103	false
west	220	0	-256	220	104	false
west	220	1	-255	220	104	false
west	220	2	-254	220	104	false
west	220	3	-253	220	104	false
west	221	-3	-259	221	102	false
west	221	-2	-258	221	103	false
west	221	-1	-257	221	103	false
west	221	0	-256	221	104	false
west	221	1	-255	221	104	false
west	221	2	-254	221	104	false
west	221	3	-253	221	104	false
west	222	-3	-259	222	102	false
west	222	-2	-258	222	103	false
west	222	-1	-257	222	103	false
west	222	0	-256	222	103	false
west	222	1	-255	222	104	false
west	222	2	-254	222	104	false
west	222	3	-253	222	104	false
west	223	-3	-259	223	102	false
west	223	-2	-258	223	103	false
west	223	-1	-257	223	102	false
west	223	0	-256	223	103	false
west	223	1	-255	223	104	false
west	223	2	-254	223	104	false
west	223	3	-253	223	104	false
west	224	-3	-259	224	102	false
west	224	-2	-258	224	103	false
west	224	-1	-257	224	102	false
west	224	0	-256	224	103	false
west	224	1	-255	224	104	false
west	224	2	-254	224	104	false
west	224	3	-253	224	104	false
west	225	-3	-259	225	102	false
west	225	-2	-258	225	103	false
west	225	-1	-257	225	102	false
west	225	0	-256	225	103	false
west	225	1	-255	225	104	false
west	225	2	-254	225	104	false
west	225	3	-253	225	104	false
west	226	-3	-259	226	102	false
west	226	-2	-258	226	103	false
west	226	-1	-257	226	102	false
west	226	0	-256	226	103	false
west	226	1	-255	226	104	false
west	226	2	-254	226	104	false
west	226	3	-253	226	104	false
west	227	-3	-259	227	102	false
west	227	-2	-258	227	103	false
west	227	-1	-257	227	102	false
west	227	0	-256	227	103	false
west	227	1	-255	227	104	false
west	227	2	-254	227	104	false
west	227	3	-253	227	104	false
west	228	-3	-259	228	102	false
west	228	-2	-258	228	103	false
west	228	-1	-257	228	102	false
west	228	0	-256	228	103	false
west	228	1	-255	228	103	false
west	228	2	-254	228	103	false
west	228	3	-253	228	104	false
west	229	-3	-259	229	102	false
west	229	-2	-258	229	101	false
west	229	-1	-257	229	102	false
west	229	0	-256	229	102	false
west	229	1	-255	229	102	false
west	229	2	-254	229	103	false
west	229	3	-253	229	103	false
west	230	-3	-259	230	101	false
west	230	-2	-258	230	100	false
west	230	-1	-257	230	101	false
west	230	0	-256	230	101	false
west	230	1	-255	230	102	false
west	230	2	-254	230	102	false
west	230	3	-253	230	103	false
west	231	-3	-259	231	100	false
west	231	-2	-258	231	100	false
west	231	-1	-257	231	100	false
west	231	0	-256	231	101	false
west	231	1	-255	231	101	false
west	231	2	-254	231	102	false
west	231	3	-253	231	102	false
west	232	-3	-259	232	99	false
west	232	-2	-258	232	99	false
west	232	-1	-257	232	100	false
west	232	0	-256	232	100	false
west	232	1	-255	232	101	false
west	232	2	-254	232	101	false
west	232	3	-253	232	101	false
west	233	-3	-259	233	98	false
west	233	-2	-258	233	98	false
west	233	-1	-257	233	99	false
west	233	0	-256	233	99	false
west	233	1	-255	233	100	false
west	233	2	-254	233	100	false
west	233	3	-253	233	101	false
west	234	-3	-259	234	97	false
west	234	-2	-258	234	98	false
west	234	-1	-257	234	98	false
west	234	0	-256	234	99	false
west	234	1	-255	234	99	false
west	234	2	-254	234	100	false
west	234	3	-253	234	100	false
west	235	-3	-259	235	97	false
west	235	-2	-258	235	97	false
west	235	-1	-257	235	97	false
west	235	0	-256	235	98	false
west	235	1	-255	235	99	false
west	235	2	-254	235	99	false
west	235	3	-253	235	100	false
west	236	-3	-259	236	96	false
west	236	-2	-258	236	96	false
west	236	-1	-257	236	97	false
west	236	0	-256	236	98	false
west	236	1	-255	236	98	false
west	236	2	-254	236	99	false
west	236	3	-253	236	99	false
west	237	-3	-259	237	95	false
west	237	-2	-258	237	95	false
west	237	-1	-257	237	96	false
west	237	0	-256	237	97	false
west	237	1	-255	237	98	false
west	237	2	-254	237	98	false
west	237	3	-253	237	98	false
west	238	-3	-259	238	95	false
west	238	-2	-258	238	95	false
west	238	-1	-257	238	95	false
west	238	0	-256	238	95	false
west	238	1	-255	238	96	false
west	238	2	-254	238	96	false
west	238	3	-253	238	96	false
west	239	-3	-259	239	94	false
west	239	-2	-258	239	94	false
west	239	-1	-257	239	93	false
west	239	0	-256	239	95	false
west	239	1	-255	239	95	false
west	239	2	-254	239	95	false
west	239	3	-253	239	96	false
west	240	-3	-259	240	92	false
west	240	-2	-258	240	92	false
west	240	-1	-257	240	93	false
west	240	0	-256	240	93	false
west	240	1	-255	240	93	false
west	240	2	-254	240	95	false
west	240	3	-253	240	95	false
west	241	-3	-259	241	91	false
west	241	-2	-258	241	91	false
west	241	-1	-257	241	91	false
west	241	0	-256	241	92	false
west	241	1	-255	241	93	false
west	241	2	-254	241	93	false
west	241	3	-253	241	94	false
west	242	-3	-259	242	90	false
west	242	-2	-258	242	90	false
west	242	-1	-257	242	91	false
west	242	0	-256	242	92	false
west	242	1	-255	242	92	false
west	242	2	-254	242	92	false
west	242	3	-253	242	93	false
west	243	-3	-259	243	89	false
west	243	-2	-258	243	90	false
west	243	-1	-257	243	90	false
west	243	0	-256	243	90	false
west	243	1	-255	243	90	false
west	243	2	-254	243	92	false
west	243	3	-253	243	92	false
west	244	-3	-259	244	88	false
west	244	-2	-258	244	89	false
west	244	-1	-257	244	88	false
west	244	0	-256	244	89	false
west	244	1	-255	244	89	false
west	244	2	-254	244	90	false
west	244	3	-253	244	90	false
west	245	-3	-259	245	87	false
west	245	-2	-258	245	86	false
west	245	-1	-257	245	87	false
west	245	0	-256	245	87	false
west	245	1	-255	245	89	false
west	245	2	-254	245	89	false
west	245	3	-253	245	89	false
west	246	-3	-259	246	85	false
west	246	-2	-258	246	85	false
west	246	-1	-257	246	86	false
west	246	0	-256	246	86	false
west	246	1	-255	246	87	false
west	246	2	-254	246	87	false
west	246	3	-253	246	89	false
west	247	-3	-259	247	84	false
west	247	-2	-258	247	85	false
west	247	-1	-257	247	84	false
west	247	0	-256	247	86	false
west	247	1	-255	247	86	false
west	247	2	-254	247	86	false
west	247	3	-253	247	86	false
west	248	-3	-259	248	83	false
west	248	-2	-258	248	83	false
west	248	-1	-257	248	84	false
west	248	0	-256	248	84	false
west	248	1	-255	248	84	false
west	248	2	-254	248	84	false
west	248	3	-253	248	86	false
west	249	-3	-259	249	81	false
west	249	-2	-258	249	82	false
west	249	-1	-257	249	82	false
west	249	0	-256	249	83	false
west	249	1	-255	249	83	false
west	249	2	-254	249	83	false
west	249	3	-253	249	84	false
west	250	-3	-259	250	80	false
west	250	-2	-258	250	81	false
west	250	-1	-257	250	80	false
west	250	0	-256	250	81	false
west	250	1	-255	250	81	false
west	250	2	-254	250	83	false
west	250	3	-253	250	83	false
west	251	-3	-259	251	79	false
west	251	-2	-258	251	79	false
west	251	-1	-257	251	80	false
west	251	0	-256	251	80	false
west	251	1	-255	251	80	false
west	251	2	-254	251	81	false
west	251	3	-253	251	81	false
west	252	-3	-259	252	78	false
west	252	-2	-258	252	78	false
west	252	-1	-257	252	78	false
west	252	0	-256	252	78	false
west	252	1	-255	252	80	false
west	252	2	-254	252	80	false
west	252	3	-253	252	81	false
west	253	-3	-259	253	76	false
west	253	-2	-258	253	76	false
west	253	-1	-257	253	77	false
west	253	0	-256	253	78	false
west	253	1	-255	253	78	false
west	253	2	-254	253	80	false
west	253	3	-253	253	80	false
west	254	-3	-259	254	75	false
west	254	-2	-258	254	75	false
west	254	-1	-257	254	76	false
west	254	0	-256	254	77	false
west	254	1	-255	254	77	false
west	254	2	-254	254	77	false
west	254	3	-253	254	77	false
west	255	-3	-259	255	73	false
west	255	-2	-258	255	74	false
west	255	-1	-257	255	74	false
west	255	0	-256	255	75	false
west	255	1	-255	255	75	false
west	255	2	-254	255	77	false
west	255	3	-253	255	75	false
west	256	-3	-259	256	72	false
west	256	-2	-258	256	72	false
west	256	-1	-257	256	73	false
west	256	0	-256	256	73	false
west	256	1	-255	256	74	false
west	256	2	-254	256	73	false
west	256	3	-253	256	74	false
west	257	-3	-259	257	71	false
west	257	-2	-258	257	71	false
west	257	-1	-257	257	72	false
west	257	0	-256	257	72	false
west	257	1	-255	257	73	false
west	257	2	-254	257	72	false
west	257	3	-253	257	73	false
west	258	-3	-259	258	69	false
west	258	-2	-258	258	70	false
west	258	-1	-257	258	70	false
west	258	0	-256	258	71	false
west	258	1	-255	258	71	false
west	258	2	-254	258	71	false
west	258	3	-253	258	71	false
west	259	-3	-259	259	68	false
west	259	-2	-258	259	68	false
west	259	-1	-257	259	69	false
west	259	0	-256	259	69	false
west	259	1	-255	259	69	false
west	259	2	-254	259	69	false
west	259	3	-253	259	70	false
west	260	-3	-259	260	66	false
west	260	-2	-258	260	67	false
west	260	-1	-257	260	67	false
west	260	0	-256	260	68	false
west	260	1	-255	260	67	false
west	260	2	-254	260	68	false
west	260	3	-253	260	68	false
west	261	-3	-259	261	65	false
west	261	-2	-258	261	66	false
west	261	-1	-257	261	66	false
west	261	0	-256	261	67	false
west	261	1	-255	261	66	false
west	261	2	-254	261	66	false
west	261	3	-253	261	67	false
west	262	-3	-259	262	63	false
west	262	-2	-258	262	64	false
west	262	-1	-257	262	65	false
west	262	0	-256	262	65	false
west	262	1	-255	262	65	false
west	262	2	-254	262	65	false
west	262	3	-253	262	65	false
west	263	-3	-259	263	62	false
west	263	-2	-258	263	62	false
west	263	-1	-257	263	63	false
west	263	0	-256	263	64	false
west	263	1	-255	263	63	false
west	263	2	-254	263	64	false
west	263	3	-253	263	64	false
west	264	-3	-259	264	60	false
west	264	-2	-258	264	61	false
west	264	-1	-257	264	61	false
west	264	0	-256	264	62	false
west	264	1	-255	264	63	false
west	264	2	-254	264	62	false
west	264	3	-253	264	63	false
east	-264	-3	253	-264	86	false
east	-264	-2	254	-264	86	false
east	-264	-1	255	-264	86	false
east	-264	0	256	-264	86	false
east	-264	1	257	-264	86	false
east	-264	2	258	-264	86	false
east	-264	3	259	-264	86	false
east	-263	-3	253	-263	86	false
east	-263	-2	254	-263	87	false
east	-263	-1	255	-263	87	false
east	-263	0	256	-263	87	false
east	-263	1	257	-263	87	false
east	-263	2	258	-263	87	false
east	-263	3	259	-263	87	false
east	-262	-3	253	-262	87	false
east	-262	-2	254	-262	87	false
east	-262	-1	255	-262	87	false
east	-262	0	256	-262	87	false
east	-262	1	257	-262	87	false
east	-262	2	258	-262	87	false
east	-262	3	259	-262	87	false
east	-261	-3	253	-261	87	false
east	-261	-2	254	-261	87	false
east	-261	-1	255	-261	87	false
east	-261	0	256	-261	88	false
east	-261	1	257	-261	88	false
east	-261	2	258	-261	88	false
east	-261	3	259	-261	88	false
east	-260	-3	253	-260	87	false
east	-260	-2	254	-260	87	false
east	-260	-1	255	-260	88	false
east	-260	0	256	-260	88	false
east	-260	1	257	-260	89	false
east	-260	2	258	-260	89	false
east	-260	3	259	-260	89	false
east	-259	-3	253	-259	87	false
east	-259	-2	254	-259	88	false
east	-259	-1	255	-259	88	false
east	-259	0	256	-259	89	false
east	-259	1	257	-259	89	false
east	-259	2	258	-259	89	false
east	-259	3	259	-259	89	false
east	-258	-3	253	-258	88	false
east	-258	-2	254	-258	88	false
east	-258	-1	255	-258	89	false
east	-258	0	256	-258	89	false
east	-258	1	257	-258	89	false
east	-258	2	258	-258	89	false
east	-258	3	259	-258	89	false
east	-257	-3	253	-257	88	false
east	-257	-2	254	-257	89	false
east	-257	-1	255	-257	89	false
east	-257	0	256	-257	89	false
east	-257	1	257	-257	89	false
east	-257	2	258	-257	89	false
east	-257	3	259	-257	89	false
east	-256	-3	253	-256	89	false
east	-256	-2	254	-256	89	false
east	-256	-1	255	-256	89	false
east	-256	0	256	-256	89	false
east	-256	1	257	-256	89	false
east	-256	2	258	-256	89	false
east	-256	3	259	-256	89	false
east	-255	-3	253	-255	89	false
east	-255	-2	254	-255	89	false
east	-255	-1	255	-255	89	false
east	-255	0	256	-255	89	false
east	-255	1	257	-255	89	false
east	-255	2	258	-255	89	false
east	-255	3	259	-255	89	false
east	-254	-3	253	-254	89	false
east	-254	-2	254	-254	89	false
east	-254	-1	255	-254	89	false
east	-254	0	256	-254	89	false
east	-254	1	257	-254	89	false
east	-254	2	258	-254	89	false
east	-254	3	259	-254	89	false
east	-253	-3	253	-253	89	false
east	-253	-2	254	-253	89	false
east	-253	-1	255	-253	89	false
east	-253	0	256	-253	89	false
east	-253	1	257	-253	89	false
east	-253	2	258	-253	89	false
east	-253	3	259	-253	89	false
east	-252	-3	253	-252	89	false
east	-252	-2	254	-252	89	false
east	-252	-1	255	-252	89	false
east	-252	0	256	-252	89	false
east	-252	1	257	-252	89	false
east	-252	2	258	-252	89	false
east	-252	3	259	-252	89	false
east	-251	-3	253	-251	89	false
east	-251	-2	254	-251	89	false
east	-251	-1	255	-251	89	false
east	-251	0	256	-251	89	false
east	-251	1	257	-251	89	false
east	-251	2	258	-251	89	false
east	-251	3	259	-251	89	false
east	-250	-3	253	-250	90	false
east	-250	-2	254	-250	90	false
east	-250	-1	255	-250	90	false
east	-250	0	256	-250	90	false
east	-250	1	257	-250	89	false
east	-250	2	258	-250	89	false
east	-250	3	259	-250	89	false
east	-249	-3	253	-249	90	false
east	-249	-2	254	-249	90	false
east	-249	-1	255	-249	90	false
east	-249	0	256	-249	90	false
east	-249	1	257	-249	90	false
east	-249	2	258	-249	90	false
east	-249	3	259	-249	90	false
east	-248	-3	253	-248	91	false
east	-248	-2	254	-248	91	false
east	-248	-1	255	-248	90	false
east	-248	0	256	-248	90	false
east	-248	1	257	-248	90	false
east	-248	2	258	-248	90	false
east	-248	3	259	-248	90	false
east	-247	-3	253	-247	92	false
east	-247	-2	254	-247	91	false
east	-247	-1	255	-247	91	false
east	-247	0	256	-247	91	false
east	-247	1	257	-247	91	false
east	-247	2	258	-247	91	false
east	-247	3	259	-247	91	false
east	-246	-3	253	-246	92	false
east	-246	-2	254	-246	92	false
east	-246	-1	255	-246	92	false
east	-246	0	256	-246	92	false
east	-246	1	257	-246	92	false
east	-246	2	258	-246	92	false
east	-246	3	259	-246	92	false
east	-245	-3	253	-245	92	false
east	-245	-2	254	-245	92	false
east	-245	-1	255	-245	92	false
east	-245	0	256	-245	92	false
east	-245	1	257	-245	92	false
east	-245	2	258	-245	92	false
east	-245	3	259	-245	92	false
east	-244	-3	253	-244	92	false
east	-244	-2	254	-244	92	false
east	-244	-1	255	-244	92	false
east	-244	0	256	-244	92	false
east	-244	1	257	-244	92	false
east	-244	2	258	-244	92	false
east	-244	3	259	-244	92	false
east	-243	-3	253	-243	92	false
east	-243	-2	254	-243	92	false
east	-243	-1	255	-243	92	false
east	-243	0	256	-243	93	false
east	-243	1	257	-243	93	false
east	-243	2	258	-243	93	false
east	-243	3	259	-243	93	false
east	-242	-3	253	-242	93	false
east	-242	-2	254	-242	93	false
east	-242	-1	255	-242	93	false
east	-242	0	256	-242	93	false
east	-242	1	257	-242	93	false
east	-242	2	258	-242	93	false
east	-242	3	259	-242	93	false
east	-241	-3	253	-241	93	false
east	-241	-2	254	-241	93	false
east	-241	-1	255	-241	93	false
east	-241	0	256	-241	93	false
east	-241	1	257	-241	93	false
east	-241	2	258	-241	94	false
east	-241	3	259	-241	94	false
east	-240	-3	253	-240	94	false
east	-240	-2	254	-240	94	false
east	-240	-1	255	-240	94	false
east	-240	0	256	-240	94	false
east	-240	1	257	-240	94	false
east	-240	2	258	-240	94	false
east	-240	3	259	-240	95	false
east	-239	-3	253	-239	95	false
east	-239	-2	254	-239	95	false
east	-239	-1	255	-239	95	false
east	-239	0	256	-239	95	false
east	-239	1	257	-239	95	false
east	-239	2	258	-239	95	false
east	-239	3	259	-239	95	false
east	-238	-3	253	-238	95	false
east	-238	-2	254	-238	95	false
east	-238	-1	255	-238	95	false
east	-238	0	256	-238	96	false
east	-238	1	257	-238	96	false
east	-238	2	258	-238	96	false
east	-238	3	259	-238	96	false
east	-237	-3	253	-237	96	false
east	-237	-2	254	-237	96	false
east	-237	-1	255	-237	96	false
east	-237	0	256	-237	96	false
east	-237	1	257	-237	96	false
east	-237	2	258	-237	96	false
east	-237	3	259	-237	97	false
east	-236	-3	253	-236	96	false
east	-236	-2	254	-236	96	false
east	-236	-1	255	-236	96	false
east	-236	0	256	-236	96	false
east	-236	1	257	-236	96	false
east	-236	2	258	-236	97	false
east	-236	3	259	-236	97	false
east	-235	-3	253	-235	96	false
east	-235	-2	254	-235	96	false
east	-235	-1	255	-235	97	false
east	-235	0	256	-235	97	false
east	-235	1	257	-235	97	false
east	-235	2	258	-235	97	false
east	-235	3	259	-235	98	false
east	-234	-3	253	-234	97	false
east	-234	-2	254	-234	97	false
east	-234	-1	255	-234	97	false
east	-234	0	256	-234	98	false
east	-234	1	257	-234	98	false
east	-234	2	258	-234	98	false
east	-234	3	259	-234	98	false
east	-233	-3	253	-233	97	false
east	-233	-2	254	-233	98	false
east	-233	-1	255	-233	98	false
east	-233	0	256	-233	98	false
east	-233	1	257	-233	99	false
east	-233	2	258	-233	99	false
east	-233	3	259	-233	99	false
east	-232	-3	253	-232	98	false
east	-232	-2	254	-232	98	false
east	-232	-1	255	-232	99	false
east	-232	0	256	-232	99	false
east	-232	1	257	-232	99	false
east	-232	2	258	-232	100	false
east	-232	3	259	-232	100	false
east	-231	-3	253	-231	99	false
east	-231	-2	254	-231	99	false
east	-231	-1	255	-231	99	false
east	-231	0	256	-231	100	false
east	-231	1	257	-231	100	false
east	-231	2	258	-231	100	false
east	-231	3	259	-231	101	false
east	-230	-3	253	-230	99	false
east	-230	-2	254	-230	100	false
east	-230	-1	255	-230	100	false
east	-230	0	256	-230	100	false
east	-230	1	257	-230	101	false
east	-230	2	258	-230	101	false
east	-230	3	259	-230	101	false
east	-229	-3	253	-229	100	false
east	-229	-2	254	-229	100	false
east	-229	-1	255	-229	101	false
east	-229	0	256	-229	101	false
east	-229	1	257	-229	101	false
east	-229	2	258	-229	101	false
east	-229	3	259	-229	101	false
east	-228	-3	253	-228	100	false
east	-228	-2	254	-228	101	false
east	-228	-1	255	-228	101	false
east	-228	0	256	-228	101	false
east	-228	1	257	-228	101	false
east	-228	2	258	-228	101	false
east	-228	3	259	-228	101	false
east	-227	-3	253	-227	100	false
east	-227	-2	254	-227	101	false
east	-227	-1	255	-227	101	false
east	-227	0	256	-227	101	false
east	-227	1	257	-227	101	false
east	-227	2	258	-227	101	false
east	-227	3	259	-227	101	false
east	-226	-3	253	-226	101	false
east	-226	-2	254	-226	101	false
east	-226	-1	255	-226	101	false
east	-226	0	256	-226	101	false
east	-226	1	257	-226	101	false
east	-226	2	258	-226	101	false
east	-226	3	259	-226	101	false
east	-225	-3	253	-225	101	false
east	-225	-2	254	-225	101	false
east	-225	-1	255	-225	101	false
east	-225	0	256	-225	101	false
east	-225	1	257	-225	101	false
east	-225	2	258	-225	101	false
east	-225	3	259	-225	101	false
east	-224	-3	253	-224	101	false
east	-224	-2	254	-224	101	false
east	-224	-1	255	-224	101	false
east	-224	0	256	-224	101	false
east	-224	1	257	-224	101	false
east	-224	2	258	-224	101	false
east	-224	3	259	-224	101	false
east	-223	-3	253	-223	101	false
east	-223	-2	254	-223	101	false
east	-223	-1	255	-223	101	false
east	-223	0	256	-223	101	false
east	-223	1	257	-223	101	false
east	-223	2	258	-223	101	false
east	-223	3	259	-223	101	false
east	-222	-3	253	-222	101	false
east	-222	-2	254	-222	101	false
east	-222	-1	255	-222	101	false
east	-222	0	256	-222	101	false
east	-222	1	257	-222	101	false
east	-222	2	258	-222	101	false
east	-222	3	259	-222	101	false
east	-221	-3	253	-221	101	false
east	-221	-2	254	-221	101	false
east	-221	-1	255	-221	101	false
east	-221	0	256	-221	101	false
east	-221	1	257	-221	101	false
east	-221	2	258	-221	101	false
east	-221	3	259	-221	101	false
east	-220	-3	253	-220	101	false
east	-220	-2	254	-220	101	false
east	-220	-1	255	-220	101	false
east	-220	0	256	-220	101	false
east	-220	1	257	-220	101	false
east	-220	2	258	-220	101	false
east	-220	3	259	-220	101	false
east	-219	-3	253	-219	101	false
east	-219	-2	254	-219	101	false
east	-219	-1	255	-219	101	false
east	-219	0	256	-219	101	false
east	-219	1	257	-219	101	false
east	-219	2	258	-219	101	false
east	-219	3	259	-219	101	false
east	-218	-3	253	-218	101	false
east	-218	-2	254	-218	101	false
east	-218	-1	255	-218	101	false
east	-218	0	256	-218	101	false
east	-218	1	257	-218	101	false
east	-218	2	258	-218	102	false
east	-218	3	259	-218	102	false
east	-217	-3	253	-217	101	false
east	-217	-2	254	-217	101	false
east	-217	-1	255	-217	101	false
east	-217	0	256	-217	101	false
east	-217	1	257	-217	102	false
east	-217	2	258	-217	102	false
east	-217	3	259	-217	102	false
east	-216	-3	253	-216	101	false
east	-216	-2	254	-216	101	false
east	-216	-1	255	-216	102	false
east	-216	0	256	-216	102	false
east	-216	1	257	-216	102	false
east	-216	2	258	-216	102	false
east	-216	3	259	-216	102	false
east	-215	-3	253	-215	101	false
east	-215	-2	254	-215	101	false
east	-215	-1	255	-215	102	false
east	-215	0	256	-215	102	false
east	-215	1	257	-215	102	false
east	-215	2	258	-215	102	false
east	-215	3	259	-215	103	false
east	-214	-3	253	-214	101	false
east	-214	-2	254	-214	101	false
east	-214	-1	255	-214	102	false
east	-214	0	256	-214	102	false
east	-214	1	257	-214	103	false
east	-214	2	258	-214	103	false
east	-214	3	259	-214	103	false
east	-213	-3	253	-213	101	false
east	-213	-2	254	-213	101	false
east	-213	-1	255	-213	102	false
east	-213	0	256	-213	102	false
east	-213	1	257	-213	102	false
east	-213	2	258	-213	103	false
east	-213	3	259	-213	103	false
east	-212	-3	253	-212	101	false
east	-212	-2	254	-212	101	false
east	-212	-1	255	-212	102	false
east	-212	0	256	-212	102	false
east	-212	1	257	-212	102	false
east	-212	2	258	-212	102	false
east	-212	3	259	-212	102	false
east	-211	-3	253	-211	101	false
east	-211	-2	254	-211	101	false
east	-211	-1	255	-211	101	false
east	-211	0	256	-211	102	false
east	-211	1	257	-211	102	false
east	-211	2	258	-211	102	false
east	-211	3	259	-211	102	false
east	-210	-3	253	-210	101	false
east	-210	-2	254	-210	101	false
east	-210	-1	255	-210	101	false
east	-210	0	256	-210	101	false
east	-210	1	257	-210	101	false
east	-210	2	258	-210	102	false
east	-210	3	259	-210	102	false
east	-209	-3	253	-209	101	false
east	-209	-2	254	-209	101	false
east	-209	-1	255	-209	101	false
east	-209	0	256	-209	101	false
east	-209	1	257	-209	101	false
east	-209	2	258	-209	101	false
east	-209	3	259	-209	101	false
east	-208	-3	253	-208	101	false
east	-208	-2	254	-208	101	false
east	-208	-1	255	-208	101	false
east	-208	0	256	-208	101	false
east	-208	1	257	-208	101	false
east	-208	2	258	-208	101	false
east	-208	3	259	-208	101	false
east	-207	-3	253	-207	100	false
east	-207	-2	254	-207	101	false
east	-207	-1	255	-207	101	false
east	-207	0	256	-207	101	false
east	-207	1	257	-207	101	false
east	-207	2	258	-207	101	false
east	-207	3	259	-207	101	false
east	-206	-3	253	-206	100	false
east	-206	-2	254	-206	100	false
east	-206	-1	255	-206	101	false
east	-206	0	256	-206	101	false
east	-206	1	257	-206	101	false
east	-206	2	258	-206	101	false
east	-206	3	259	-206	101	false
east	-205	-3	253	-205	99	false
east	-205	-2	254	-205	100	false
east	-205	-1	255	-205	100	false
east	-205	0	256	-205	100	false
east	-205	1	257	-205	101	false
east	-205	2	258	-205	101	false
east	-205	3	259	-205	101	false
east	-204	-3	253	-204	99	false
east	-204	-2	254	-204	99	false
east	-204	-1	255	-204	99	false
east	-204	0	256	-204	100	false
east	-204	1	257	-204	100	false
east	-204	2	258	-204	100	false
east	-204	3	259	-204	100	false
east	-203	-3	253	-203	99	false
east	-203	-2	254	-203	99	false
east	-203	-1	255	-203	99	false
east	-203	0	256	-203	99	false
east	-203	1	257	-203	99	false
east	-203	2	258	-203	99	false
east	-203	3	259	-203	99	false
east	-202	-3	253	-202	98	false
east	-202	-2	254	-202	99	false
east	-202	-1	255	-202	99	false
east	-202	0	256	-202	99	false
east	-202	1	257	-202	99	false
east	-202	2	258	-202	99	false
east	-202	3	259	-202	99	false
east	-201	-3	253	-201	98	false
east	-201	-2	254	-201	98	false
east	-201	-1	255	-201	98	false
east	-201	0	256	-201	98	false
east	-201	1	257	-201	98	false
east	-201	2	258	-201	98	false
east	-201	3	259	-201	98	false
east	-200	-3	253	-200	98	false
east	-200	-2	254	-200	98	false
east	-200	-1	255	-200	98	false
east	-200	0	256	-200	98	false
east	-200	1	257	-200	98	false
east	-200	2	258	-200	98	false
east	-200	3	259	-200	98	false
east	-199	-3	253	-199	98	false
east	-199	-2	254	-199	98	false
east	-199	-1	255	-199	98	false
east	-199	0	256	-199	98	false
east	-199	1	257	-199	98	false
east	-199	2	258	-199	98	false
east	-199	3	259	-199	98	false
east	-198	-3	253	-198	98	false
east	-198	-2	254	-198	98	false
east	-198	-1	255	-198	98	false
east	-198	0	256	-198	98	false
east	-198	1	257	-198	98	false
east	-198	2	258	-198	98	false
east	-198	3	259	-198	98	false
east	-197	-3	253	-197	98	false
east	-197	-2	254	-197	98	false
east	-197	-1	255	-197	98	false
east	-197	0	256	-197	98	false
east	-197	1	257	-197	98	false
east	-197	2	258	-197	98	false
east	-197	3	259	-197	98	false
east	-196	-3	253	-196	98	false
east	-196	-2	254	-196	98	false
east	-196	-1	255	-196	98	false
east	-196	0	256	-196	98	false
east	-196	1	257	-196	98	false
east	-196	2	258	-196	98	false
east	-196	3	259	-196	98	false
east	-195	-3	253	-195	97	false
east	-195	-2	254	-195	97	false
east	-195	-1	255	-195	97	false
east	-195	0	256	-195	97	false
east	-195	1	257	-195	98	false
east	-195	2	258	-195	98	false
east	-195	3	259	-195	98	false
east	-194	-3	253	-194	96	false
east	-194	-2	254	-194	96	false
east	-194	-1	255	-194	96	false
east	-194	0	256	-194	97	false
east	-194	1	257	-194	98	false
east	-194	2	258	-194	98	false
east	-194	3	259	-194	98	false
east	-193	-3	253	-193	96	false
east	-193	-2	254	-193	97	false
east	-193	-1	255	-193	97	false
east	-193	0	256	-193	97	false
east	-193	1	257	-193	98	false
east	-193	2	258	-193	98	false
east	-193	3	259	-193	98	false
east	-192	-3	253	-192	97	false
east	-192	-2	254	-192	97	false
east	-192	-1	255	-192	98	false
east	-192	0	256	-192	98	false
east	-192	1	257	-192	98	false
east	-192	2	258	-192	98	false
east	-192	3	259	-192	98	false
east	-191	-3	253	-191	98	false
east	-191	-2	254	-191	98	false
east	-191	-1	255	-191	98	false
east	-191	0	256	-191	98	false
east	-191	1	257	-191	98	false
east	-191	2	258	-191	97	false
east	-191	3	259	-191	97	false
east	-190	-3	253	-190	98	false
east	-190	-2	254	-190	98	false
east	-190	-1	255	-190	97	false
east	-190	0	256	-190	97	false
east	-190	1	257	-190	97	false
east	-190	2	258	-190	97	false
east	-190	3	259	-190	96	false
east	-189	-3	253	-189	97	false
east	-189	-2	254	-189	97	false
east	-189	-1	255	-189	97	false
east	-189	0	256	-189	96	false
east	-189	1	257	-189	96	false
east	-189	2	258	-189	96	false
east	-189	3	259	-189	96	false
east	-188	-3	253	-188	97	false
east	-188	-2	254	-188	96	false
east	-188	-1	255	-188	96	false
east	-188	0	256	-188	96	false
east	-188	1	257	-188	96	false
east	-188	2	258	-188	96	false
east	-188	3	259	-188	96	false
east	-187	-3	253	-187	96	false
east	-187	-2	254	-187	96	false
east	-187	-1	255	-187	96	false
east	-187	0	256	-187	96	false
east	-187	1	257	-187	96	false
east	-187	2	258	-187	95	false
east	-187	3	259	-187	95	false
east	-186	-3	253	-186	96	false
east	-186	-2	254	-186	96	false
east	-186	-1	255	-186	96	false
east	-186	0	256	-186	95	false
east	-186	1	257	-186	95	false
east	-186	2	258	-186	95	false
east	-186	3	259	-186	95	false
east	-185	-3	253	-185	96	false
east	-185	-2	254	-185	96	false
east	-185	-1	255	-185	95	false
east	-185	0	256	-185	95	false
east	-185	1	257	-185	95	false
east	-185	2	258	-185	95	false
east	-185	3	259	-185	95	false
east	-184	-3	253	-184	96	false
east	-184	-2	254	-184	95	false
east	-184	-1	255	-184	95	false
east	-184	0	256	-184	95	false
east	-184	1	257	-184	95	false
east	-184	2	258	-184	95	false
east	-184	3	259	-184	95	false
east	-183	-3	253	-183	95	false
east	-183	-2	254	-183	95	false
east	-183	-1	255	-183	95	false
east	-183	0	256	-183	95	false
east	-183	1	257	-183	95	false
east	-183	2	258	-183	95	false
east	-183	3	259	-183	95	false
east	-182	-3	253	-182	95	false
east	-182	-2	254	-182	95	false
east	-182	-1	255	-182	95	false
east	-182	0	256	-182	95	false
east	-182	1	257	-182	95	false
east	-182	2	258	-182	95	false
east	-182	3	259	-182	95	false
east	-181	-3	253	-181	95	false
east	-181	-2	254	-181	95	false
east	-181	-1	255	-181	95	false
east	-181	0	256	-181	95	false
east	-181	1	257	-181	95	false
east	-181	2	258	-181	95	false
east	-181	3	259	-181	95	false
east	-180	-3	253	-180	95	false
east	-180	-2	254	-180	95	false
east	-180	-1	255	-180	95	false
east	-180	0	256	-180	95	false
east	-180	1	257	-180	95	false
east	-180	2	258	-180	95	false
east	-180	3	259	-180	95	false
east	-179	-3	253	-179	95	false
east	-179	-2	254	-179	95	false
east	-179	-1	255	-179	95	false
east	-179	0	256	-179	95	false
east	-179	1	257	-179	95	false
east	-179	2	258	-179	95	false
east	-179	3	259	-179	95	false
east	-178	-3	253	-178	95	false
east	-178	-2	254	-178	95	false
east	-178	-1	255	-178	95	false
east	-178	0	256	-178	95	false
east	-178	1	257	-178	95	false
east	-178	2	258	-178	95	false
east	-178	3	259	-178	95	false
east	-177	-3	253	-177	95	false
east	-177	-2	254	-177	95	false
east	-177	-1	255	-177	95	false
east	-177	0	256	-177	95	false
east	-177	1	257	-177	95	false
east	-177	2	258	-177	95	false
east	-177	3	259	-177	95	false
east	-176	-3	253	-176	95	false
east	-176	-2	254	-176	95	false
east	-176	-1	255	-176	95	false
east	-176	0	256	-176	95	false
east	-176	1	257	-176	95	false
east	-176	2	258	-176	95	false
east	-176	3	259	-176	95	false
east	-175	-3	253	-175	95	false
east	-175	-2	254	-175	95	false
east	-175	-1	255	-175	95	false
east	-175	0	256	-175	95	false
east	-175	1	257	-175	95	false
east	-175	2	258	-175	95	false
east	-175	3	259	-175	95	false
east	-174	-3	253	-174	95	false
east	-174	-2	254	-174	95	false
east	-174	-1	255	-174	95	false
east	-174	0	256	-174	95	false
east	-174	1	257	-174	95	false
east	-174	2	258	-174	95	false
east	-174	3	259	-174	95	false
east	-173	-3	253	-173	95	false
east	-173	-2	254	-173	95	false
east	-173	-1	255	-173	95	false
east	-173	0	256	-173	95	false
east	-173	1	257	-173	95	false
east	-173	2	258	-173	95	false
east	-173	3	259	-173	95	false
east	-172	-3	253	-172	95	false
east	-172	-2	254	-172	95	false
east	-172	-1	255	-172	95	false
east	-172	0	256	-172	95	false
east	-172	1	257	-172	95	false
east	-172	2	258	-172	95	false
east	-172	3	259	-172	95	false
east	-171	-3	253	-171	95	false
east	-171	-2	254	-171	95	false
east	-171	-1	255	-171	95	false
east	-171	0	256	-171	95	false
east	-171	1	257	-171	95	false
east	-171	2	258	-171	95	false
east	-171	3	259	-171	95	false
east	-170	-3	253	-170	95	false
east	-170	-2	254	-170	95	false
east	-170	-1	255	-170	95	false
east	-170	0	256	-170	95	false
east	-170	1	257	-170	95	false
east	-170	2	258	-170	95	false
east	-170	3	259	-170	95	false
east	-169	-3	253	-169	95	false
east	-169	-2	254	-169	95	false
east	-169	-1	255	-169	95	false
east	-169	0	256	-169	95	false
east	-169	1	257	-169	95	false
east	-169	2	258	-169	95	false
east	-169	3	259	-169	95	false
east	-168	-3	253	-168	95	false
east	-168	-2	254	-168	95	false
east	-168	-1	255	-168	95	false
east	-168	0	256	-168	95	false
east	-168	1	257	-168	95	false
east	-168	2	258	-168	95	false
east	-168	3	259	-168	95	false
east	-167	-3	253	-167	95	false
east	-167	-2	254	-167	95	false
east	-167	-1	255	-167	95	false
east	-167	0	256	-167	95	false
east	-167	1	257	-167	95	false
east	-167	2	258	-167	95	false
east	-167	3	259	-167	95	false
east	-166	-3	253	-166	95	false
east	-166	-2	254	-166	95	false
east	-166	-1	255	-166	95	false
east	-166	0	256	-166	95	false
east	-166	1	257	-166	95	false
east	-166	2	258	-166	95	false
east	-166	3	259	-166	95	false
east	-165	-3	253	-165	95	false
east	-165	-2	254	-165	95	false
east	-165	-1	255	-165	95	false
east	-165	0	256	-165	95	false
east	-165	1	257	-165	95	false
east	-165	2	258	-165	95	false
east	-165	3	259	-165	95	false
east	-164	-3	253	-164	95	false
east	-164	-2	254	-164	95	false
east	-164	-1	255	-164	95	false
east	-164	0	256	-164	95	false
east	-164	1	257	-164	95	false
east	-164	2	258	-164	96	false
east	-164	3	259	-164	96	false
east	-163	-3	253	-163	95	false
east	-163	-2	254	-163	95	false
east	-163	-1	255	-163	96	false
east	-163	0	256	-163	96	false
east	-163	1	257	-163	96	false
east	-163	2	258	-163	96	false
east	-163	3	259	-163	96	false
east	-162	-3	253	-162	96	false
east	-162	-2	254	-162	96	false
east	-162	-1	255	-162	96	false
east	-162	0	256	-162	96	false
east	-162	1	257	-162	96	false
east	-162	2	258	-162	96	false
east	-162	3	259	-162	96	false
east	-161	-3	253	-161	96	false
east	-161	-2	254	-161	96	false
east	-161	-1	255	-161	96	false
east	-161	0	256	-161	96	false
east	-161	1	257	-161	97	false
east	-161	2	258	-161	97	false
east	-161	3	259	-161	97	false
east	-160	-3	253	-160	96	false
east	-160	-2	254	-160	96	false
east	-160	-1	255	-160	97	false
east	-160	0	256	-160	97	false
east	-160	1	257	-160	97	false
east	-160	2	258	-160	98	false
east	-160	3	259	-160	98	false
east	-159	-3	253	-159	97	false
east	-159	-2	254	-159	97	false
east	-159	-1	255	-159	97	false
east	-159	0	256	-159	98	false
east	-159	1	257	-159	98	false
east	-159	2	258	-159	98	false
east	-159	3	259	-159	98	false
east	-158	-3	253	-158	97	false
east	-158	-2	254	-158	98	false
east	-158	-1	255	-158	98	false
east	-158	0	256	-158	98	false
east	-158	1	257	-158	98	false
east	-158	2	258	-158	98	false
east	-158	3	259	-158	98	false
east	-157	-3	253	-157	98	false
east	-157	-2	254	-157	98	false
east	-157	-1	255	-157	98	false
east	-157	0	256	-157	98	false
east	-157	1	257	-157	98	false
east	-157	2	258	-157	98	false
east	-157	3	259	-157	98	false
east	-156	-3	253	-156	98	false
east	-156	-2	254	-156	98	false
east	-156	-1	255	-156	98	false
east	-156	0	256	-156	98	false
east	-156	1	257	-156	98	false
east	-156	2	258	-156	98	false
east	-156	3	259	-156	98	false
east	-155	-3	253	-155	98	false
east	-155	-2	254	-155	98	false
east	-155	-1	255	-155	98	false
east	-155	0	256	-155	98	false
east	-155	1	257	-155	98	false
east	-155	2	258	-155	98	false
east	-155	3	259	-155	98	false
east	-154	-3	253	-154	98	false
east	-154	-2	254	-154	98	false
east	-154	-1	255	-154	98	false
east	-154	0	256	-154	98	false
east	-154	1	257	-154	98	false
east	-154	2	258	-154	98	false
east	-154	3	259	-154	98	false
east	-153	-3	253	-153	98	false
east	-153	-2	254	-153	98	false
east	-153	-1	255	-153	98	false
east	-153	0	256	-153	98	false
east	-153	1	257	-153	98	false
east	-153	2	258	-153	98	false
east	-153	3	259	-153	98	false
east	-152	-3	253	-152	98	false
east	-152	-2	254	-152	98	false
east	-152	-1	255	-152	98	false
east	-152	0	256	-152	98	false
east	-152	1	257	-152	98	false
east	-152	2	258	-152	98	false
east	-152	3	259	-152	98	false
east	-151	-3	253	-151	98	false
east	-151	-2	254	-151	98	false
east	-151	-1	255	-151	98	false
east	-151	0	256	-151	98	false
east	-151	1	257	-151	98	false
east	-151	2	258	-151	98	false
east	-151	3	259	-151	98	false
east	-150	-3	253	-150	98	false
east	-150	-2	254	-150	98	false
east	-150	-1	255	-150	98	false
east	-150	0	256	-150	98	false
east	-150	1	257	-150	98	false
east	-150	2	258	-150	98	false
east	-150	3	259	-150	98	false
east	-149	-3	253	-149	98	false
east	-149	-2	254	-149	98	false
east	-149	-1	255	-149	98	false
east	-149	0	256	-149	98	false
east	-149	1	257	-149	98	false
east	-149	2	258	-149	98	false
east	-149	3	259	-149	98	false
east	-148	-3	253	-148	98	false
east	-148	-2	254	-148	98	false
east	-148	-1	255	-148	98	false
east	-148	0	256	-148	98	false
east	-148	1	257	-148	98	false
east	-148	2	258	-148	98	false
east	-148	3	259	-148	98	false
east	-147	-3	253	-147	98	false
east	-147	-2	254	-147	98	false
east	-147	-1	255	-147	98	false
east	-147	0	256	-147	98	false
east	-147	1	257	-147	98	false
east	-147	2	258	-147	98	false
east	-147	3	259	-147	98	false
east	-146	-3	253	-146	98	false
east	-146	-2	254	-146	98	false
east	-146	-1	255	-146	98	false
east	-146	0	256	-146	98	false
east	-146	1	257	-146	98	false
east	-146	2	258	-146	98	false
east	-146	3	259	-146	98	false
east	-145	-3	253	-145	98	false
east	-145	-2	254	-145	98	false
east	-145	-1	255	-145	98	false
east	-145	0	256	-145	98	false
east	-145	1	257	-145	98	false
east	-145	2	258	-145	98	false
east	-145	3	259	-145	98	false
east	-144	-3	253	-144	98	false
east	-144	-2	254	-144	98	false
east	-144	-1	255	-144	98	false
east	-144	0	256	-144	99	false
east	-144	1	257	-144	99	false
east	-144	2	258	-144	99	false
east	-144	3	259	-144	99	false
east	-143	-3	253	-143	98	false
east	-143	-2	254	-143	99	false
east	-143	-1	255	-143	99	false
east	-143	0	256	-143	99	false
east	-143	1	257	-143	99	false
east	-143	2	258	-143	99	false
east	-143	3	259	-143	99	false
east	-142	-3	253	-142	99	false
east	-142	-2	254	-142	99	false
east	-142	-1	255	-142	99	false
east	-142	0	256	-142	99	false
east	-142	1	257	-142	99	false
east	-142	2	258	-142	100	false
east	-142	3	259	-142	100	false
east	-141	-3	253	-141	99	false
east	-141	-2	254	-141	99	false
east	-141	-1	255	-141	99	false
east	-141	0	256	-141	100	false
east	-141	1	257	-141	100	false
east	-141	2	258	-141	100	false
east	-141	3	259	-141	101	false
east	-140	-3	253	-140	99	false
east	-140	-2	254	-140	99	false
east	-140	-1	255	-140	100	false
east	-140	0	256	-140	100	false
east	-140	1	257	-140	101	false
east	-140	2	258	-140	101	false
east	-140	3	259	-140	101	false
east	-139	-3	253	-139	99	false
east	-139	-2	254	-139	100	false
east	-139	-1	255	-139	100	false
east	-139	0	256	-139	101	false
east	-139	1	257	-139	101	false
east	-139	2	258	-139	101	false
east	-139	3	259	-139	101	false
east	-138	-3	253	-138	100	false
east	-138	-2	254	-138	100	false
east	-138	-1	255	-138	101	false
east	-138	0	256	-138	101	false
east	-138	1	257	-138	101	false
east	-138	2	258	-138	101	false
east	-138	3	259	-138	101	false
east	-137	-3	253	-137	100	false
east	-137	-2	254	-137	101	false
east	-137	-1	255	-137	101	false
east	-137	0	256	-137	101	false
east	-137	1	257	-137	101	false
east	-137	2	258	-137	101	false
east	-137	3	259	-137	101	false
east	-136	-3	253	-136	100	false
east	-136	-2	254	-136	101	false
east	-136	-1	255	-136	101	false
east	-136	0	256	-136	101	false
east	-136	1	257	-136	101	false
east	-136	2	258	-136	101	false
east	-136	3	259	-136	101	false
east	-135	-3	253	-135	101	false
east	-135	-2	254	-135	101	false
east	-135	-1	255	-135	101	false
east	-135	0	256	-135	101	false
east	-135	1	257	-135	101	false
east	-135	2	258	-135	101	false
east	-135	3	259	-135	101	false
east	-134	-3	253	-134	101	false
east	-134	-2	254	-134	101	false
east	-134	-1	255	-134	101	false
east	-134	0	256	-134	101	false
east	-134	1	257	-134	101	false
east	-134	2	258	-134	101	false
east	-134	3	259	-134	101	false
east	-133	-3	253	-133	101	false
east	-133	-2	254	-133	101	false
east	-133	-1	255	-133	101	false
east	-133	0	256	-133	101	false
east	-133	1	257	-133	101	false
east	-133	2	258	-133	101	false
east	-133	3	259	-133	101	false
east	-132	-3	253	-132	101	false
east	-132	-2	254	-132	101	false
east	-132	-1	255	-132	101	false
east	-132	0	256	-132	101	false
east	-132	1	257	-132	101	false
east	-132	2	258	-132	101	false
east	-132	3	259	-132	101	false
east	-131	-3	253	-131	101	false
east	-131	-2	254	-131	101	false
east	-131	-1	255	-131	101	false
east	-131	0	256	-131	101	false
east	-131	1	257	-131	101	false
east	-131	2	258	-131	102	false
east	-131	3	259	-131	102	false
east	-130	-3	253	-130	101	false
east	-130	-2	254	-130	101	false
east	-130	-1	255	-130	101	false
east	-130	0	256	-130	102	false
east	-130	1	257	-130	102	false
east	-130	2	258	-130	102	false
east	-130	3	259	-130	102	false
east	-129	-3	253	-129	101	false
east	-129	-2	254	-129	101	false
east	-129	-1	255	-129	101	false
east	-129	0	256	-129	102	false
east	-129	1	257	-129	102	false
east	-129	2	258	-129	102	false
east	-129	3	259	-129	102	false
east	-128	-3	253	-128	101	false
east	-128	-2	254	-128	101	false
east	-128	-1	255	-128	101	false
east	-128	0	256	-128	102	false
east	-128	1	257	-128	102	false
east	-128	2	258	-128	103	false
east	-128	3	259	-128	103	false
east	-127	-3	253	-127	101	false
east	-127	-2	254	-127	101	false
east	-127	-1	255	-127	101	false
east	-127	0	256	-127	102	false
east	-127	1	257	-127	102	false
east	-127	2	258	-127	103	false
east	-127	3	259	-127	104	false
east	-126	-3	253	-126	101	false
east	-126	-2	254	-126	101	false
east	-126	-1	255	-126	101	false
east	-126	0	256	-126	102	false
east	-126	1	257	-126	102	false
east	-126	2	258	-126	103	false
east	-126	3	259	-126	104	false
east	-125	-3	253	-125	101	false
east	-125	-2	254	-125	101	false
east	-125	-1	255	-125	101	false
east	-125	0	256	-125	102	false
east	-125	1	257	-125	102	false
east	-125	2	258	-125	103	false
east	-125	3	259	-125	104	false
east	-124	-3	253	-124	101	false
east	-124	-2	254	-124	101	false
east	-124	-1	255	-124	101	false
east	-124	0	256	-124	102	false
east	-124	1	257	-124	102	false
east	-124	2	258	-124	103	false
east	-124	3	259	-124	103	false
east	-123	-3	253	-123	101	false
east	-123	-2	254	-123	101	false
east	-123	-1	255	-123	101	false
east	-123	0	256	-123	102	false
east	-123	1	257	-123	102	false
east	-123	2	258	-123	102	false
east	-123	3	259	-123	103	false
east	-122	-3	253	-122	101	false
east	-122	-2	254	-122	101	false
east	-122	-1	255	-122	101	false
east	-122	0	256	-122	102	false
east	-122	1	257	-122	102	false
east	-122	2	258	-122	102	false
east	-122	3	259	-122	103	false
east	-121	-3	253	-121	101	false
east	-121	-2	254	-121	101	false
east	-121	-1	255	-121	101	false
east	-121	0	256	-121	101	false
east	-121	1	257	-121	102	false
east	-121	2	258	-121	102	false
east	-121	3	259	-121	102	false
east	-120	-3	253	-120	101	false
east	-120	-2	254	-120	101	false
east	-120	-1	255	-120	101	false
east	-120	0	256	-120	101	false
east	-120	1	257	-120	102	false
east	-120	2	258	-120	102	false
east	-120	3	259	-120	102	false
east	-119	-3	253	-119	101	false
east	-119	-2	254	-119	101	false
east	-119	-1	255	-119	101	false
east	-119	0	256	-119	101	false
east	-119	1	257	-119	101	false
east	-119	2	258	-119	102	false
east	-119	3	259	-119	102	false
east	-118	-3	253	-118	101	false
east	-118	-2	254	-118	101	false
east	-118	-1	255	-118	101	false
east	-118	0	256	-118	101	false
east	-118	1	257	-118	101	false
east	-118	2	258	-118	101	false
east	-118	3	259	-118	101	false
east	-117	-3	253	-117	101	false
east	-117	-2	254	-117	101	false
east	-117	-1	255	-117	101	false
east	-117	0	256	-117	101	false
east	-117	1	257	-117	101	false
east	-117	2	258	-117	101	false
east	-117	3	259	-117	101	false
east	-116	-3	253	-116	100	false
east	-116	-2	254	-116	101	false
east	-116	-1	255	-116	101	false
east	-116	0	256	-116	101	false
east	-116	1	257	-116	101	false
east	-116	2	258	-116	101	false
east	-116	3	259	-116	101	false
east	-115	-3	253	-115	100	false
east	-115	-2	254	-115	100	false
east	-115	-1	255	-115	101	false
east	-115	0	256	-115	101	false
east	-115	1	257	-115	101	false
east	-115	2	258	-115	101	false
east	-115	3	259	-115	101	false
east	-114	-3	253	-114	99	false
east	-114	-2	254	-114	100	false
east	-114	-1	255	-114	100	false
east	-114	0	256	-114	100	false
east	-114	1	257	-114	101	false
east	-114	2	258	-114	101	false
east	-114	3	259	-114	101	false
east	-113	-3	253	-113	99	false
east	-113	-2	254	-113	99	false
east	-113	-1	255	-113	99	false
east	-113	0	256	-113	100	false
east	-113	1	257	-113	100	false
east	-113	2	258	-113	100	false
east	-113	3	259	-113	101	false
east	-112	-3	253	-112	99	false
east	-112	-2	254	-112	99	false
east	-112	-1	255	-112	99	false
east	-112	0	256	-112	99	false
east	-112	1	257	-112	99	false
east	-112	2	258	-112	100	false
east	-112	3	259	-112	101	false
east	-111	-3	253	-111	98	false
east	-111	-2	254	-111	99	false
east	-111	-1	255	-111	99	false
east	-111	0	256	-111	99	false
east	-111	1	257	-111	99	false
east	-111	2	258	-111	100	false
east	-111	3	259	-111	100	false
east	-110	-3	253	-110	98	false
east	-110	-2	254	-110	98	false
east	-110	-1	255	-110	98	false
east	-110	0	256	-110	99	false
east	-110	1	257	-110	99	false
east	-110	2	258	-110	99	false
east	-110	3	259	-110	100	false
east	-109	-3	253	-109	98	false
east	-109	-2	254	-109	98	false
east	-109	-1	255	-109	98	false
east	-109	0	256	-109	99	false
east	-109	1	257	-109	99	false
east	-109	2	258	-109	99	false
east	-109	3	259	-109	99	false
east	-108	-3	253	-108	98	false
east	-108	-2	254	-108	98	false
east	-108	-1	255	-108	98	false
east	-108	0	256	-108	98	false
east	-108	1	257	-108	99	false
east	-108	2	258	-108	99	false
east	-108	3	259	-108	99	false
east	-107	-3	253	-107	98	false
east	-107	-2	254	-107	98	false
east	-107	-1	255	-107	98	false
east	-107	0	256	-107	98	false
east	-107	1	257	-107	98	false
east	-107	2	258	-107	98	false
east	-107	3	259	-107	98	false
east	-106	-3	253	-106	98	false
east	-106	-2	254	-106	98	false
east	-106	-1	255	-106	98	false
east	-106	0	256	-106	98	false
east	-106	1	257	-106	98	false
east	-106	2	258	-106	98	false
east	-106	3	259	-106	98	false
east	-105	-3	253	-105	97	false
east	-105	-2	254	-105	97	false
east	-105	-1	255	-105	97	false
east	-105	0	256	-105	97	false
east	-105	1	257	-105	97	false
east	-105	2	258	-105	97	false
east	-105	3	259	-105	97	false
east	-104	-3	253	-104	96	false
east	-104	-2	254	-104	96	false
east	-104	-1	255	-104	96	false
east	-104	0	256	-104	96	false
east	-104	1	257	-104	96	false
east	-104	2	258	-104	96	false
east	-104	3	259	-104	96	false
east	-103	-3	253	-103	96	false
east	-103	-2	254	-103	96	false
east	-103	-1	255	-103	96	false
east	-103	0	256	-103	96	false
east	-103	1	257	-103	96	false
east	-103	2	258	-103	96	false
east	-103	3	259	-103	96	false
east	-102	-3	253	-102	95	false
east	-102	-2	254	-102	95	false
east	-102	-1	255	-102	95	false
east	-102	0	256	-102	95	false
east	-102	1	257	-102	95	false
east	-102	2	258	-102	95	false
east	-102	3	259	-102	95	false
east	-101	-3	253	-101	95	false
east	-101	-2	254	-101	95	false
east	-101	-1	255	-101	95	false
east	-101	0	256	-101	95	false
east	-101	1	257	-101	95	false
east	-101	2	258	-101	95	false
east	-101	3	259	-101	95	false
east	-100	-3	253	-100	95	false
east	-100	-2	254	-100	95	false
east	-100	-1	255	-100	95	false
east	-100	0	256	-100	95	false
east	-100	1	257	-100	95	false
east	-100	2	258	-100	95	false
east	-100	3	259	-100	95	false
east	-99	-3	253	-99	95	false
east	-99	-2	254	-99	95	false
east	-99	-1	255	-99	95	false
east	-99	0	256	-99	95	false
east	-99	1	257	-99	95	false
east	-99	2	258	-99	95	false
east	-99	3	259	-99	95	false
east	-98	-3	253	-98	95	false
east	-98	-2	254	-98	95	false
east	-98	-1	255	-98	95	false
east	-98	0	256	-98	95	false
east	-98	1	257	-98	95	false
east	-98	2	258	-98	95	false
east	-98	3	259	-98	95	false
east	-97	-3	253	-97	95	false
east	-97	-2	254	-97	95	false
east	-97	-1	255	-97	95	false
east	-97	0	256	-97	95	false
east	-97	1	257	-97	95	false
east	-97	2	258	-97	95	false
east	-97	3	259	-97	95	false
east	-96	-3	253	-96	95	false
east	-96	-2	254	-96	95	false
east	-96	-1	255	-96	95	false
east	-96	0	256	-96	95	false
east	-96	1	257	-96	95	false
east	-96	2	258	-96	95	false
east	-96	3	259	-96	95	false
east	-95	-3	253	-95	95	false
east	-95	-2	254	-95	95	false
east	-95	-1	255	-95	95	false
east	-95	0	256	-95	95	false
east	-95	1	257	-95	95	false
east	-95	2	258	-95	95	false
east	-95	3	259	-95	95	false
east	-94	-3	253	-94	95	false
east	-94	-2	254	-94	95	false
east	-94	-1	255	-94	95	false
east	-94	0	256	-94	95	false
east	-94	1	257	-94	95	false
east	-94	2	258	-94	95	false
east	-94	3	259	-94	95	false
east	-93	-3	253	-93	95	false
east	-93	-2	254	-93	95	false
east	-93	-1	255	-93	95	false
east	-93	0	256	-93	95	false
east	-93	1	257	-93	95	false
east	-93	2	258	-93	95	false
east	-93	3	259	-93	95	false
east	-92	-3	253	-92	95	false
east	-92	-2	254	-92	95	false
east	-92	-1	255	-92	95	false
east	-92	0	256	-92	95	false
east	-92	1	257	-92	95	false
east	-92	2	258	-92	95	false
east	-92	3	259	-92	95	false
east	-91	-3	253	-91	95	false
east	-91	-2	254	-91	95	false
east	-91	-1	255	-91	95	false
east	-91	0	256	-91	95	false
east	-91	1	257	-91	95	false
east	-91	2	258	-91	95	false
east	-91	3	259	-91	95	false
east	-90	-3	253	-90	95	false
east	-90	-2	254	-90	95	false
east	-90	-1	255	-90	95	false
east	-90	0	256	-90	95	false
east	-90	1	257	-90	95	false
east	-90	2	258	-90	95	false
east	-90	3	259	-90	95	false
east	-89	-3	253	-89	95	false
east	-89	-2	254	-89	95	false
east	-89	-1	255	-89	95	false
east	-89	0	256	-89	95	false
east	-89	1	257	-89	95	false
east	-89	2	258	-89	95	false
east	-89	3	259	-89	95	false
east	-88	-3	253	-88	95	false
east	-88	-2	254	-88	95	false
east	-88	-1	255	-88	95	false
east	-88	0	256	-88	95	false
east	-88	1	257	-88	95	false
east	-88	2	258	-88	95	false
east	-88	3	259	-88	95	false
east	-87	-3	253	-87	95	false
east	-87	-2	254	-87	95	false
east	-87	-1	255	-87	95	false
east	-87	0	256	-87	95	false
east	-87	1	257	-87	95	false
east	-87	2	258	-87	95	false
east	-87	3	259	-87	95	false
east	-86	-3	253	-86	95	false
east	-86	-2	254	-86	95	false
east	-86	-1	255	-86	95	false
east	-86	0	256	-86	95	false
east	-86	1	257	-86	95	false
east	-86	2	258	-86	95	false
east	-86	3	259	-86	95	false
east	-85	-3	253	-85	95	false
east	-85	-2	254	-85	95	false
east	-85	-1	255	-85	95	false
east	-85	0	256	-85	95	false
east	-85	1	257	-85	95	false
east	-85	2	258	-85	95	false
east	-85	3	259	-85	95	false
east	-84	-3	253	-84	96	false
east	-84	-2	254	-84	95	false
east	-84	-1	255	-84	95	false
east	-84	0	256	-84	95	false
east	-84	1	257	-84	95	false
east	-84	2	258	-84	95	false
east	-84	3	259	-84	95	false
east	-83	-3	253	-83	96	false
east	-83	-2	254	-83	96	false
east	-83	-1	255	-83	96	false
east	-83	0	256	-83	95	false
east	-83	1	257	-83	95	false
east	-83	2	258	-83	95	false
east	-83	3	259	-83	95	false
east	-82	-3	253	-82	96	false
east	-82	-2	254	-82	96	false
east	-82	-1	255	-82	96	false
east	-82	0	256	-82	96	false
east	-82	1	257	-82	96	false
east	-82	2	258	-82	95	false
east	-82	3	259	-82	95	false
east	-81	-3	253	-81	97	false
east	-81	-2	254	-81	96	false
east	-81	-1	255	-81	96	false
east	-81	0	256	-81	96	false
east	-81	1	257	-81	96	false
east	-81	2	258	-81	96	false
east	-81	3	259	-81	96	false
east	-80	-3	253	-80	97	false
east	-80	-2	254	-80	97	false
east	-80	-1	255	-80	97	false
east	-80	0	256	-80	96	false
east	-80	1	257	-80	96	false
east	-80	2	258	-80	96	false
east	-80	3	259	-80	96	false
east	-79	-3	253	-79	98	false
east	-79	-2	254	-79	98	false
east	-79	-1	255	-79	97	false
east	-79	0	256	-79	97	false
east	-79	1	257	-79	97	false
east	-79	2	258	-79	97	false
east	-79	3	259	-79	96	false
east	-78	-3	253	-78	98	false
east	-78	-2	254	-78	98	false
east	-78	-1	255	-78	98	false
east	-78	0	256	-78	98	false
east	-78	1	257	-78	98	false
east	-78	2	258	-78	97	false
east	-78	3	259	-78	97	false
east	-77	-3	253	-77	98	false
east	-77	-2	254	-77	98	false
east	-77	-1	255	-77	98	false
east	-77	0	256	-77	98	false
east	-77	1	257	-77	98	false
east	-77	2	258	-77	98	false
east	-77	3	259	-77	98	false
east	-76	-3	253	-76	98	false
east	-76	-2	254	-76	98	false
east	-76	-1	255	-76	98	false
east	-76	0	256	-76	98	false
east	-76	1	257	-76	98	false
east	-76	2	258	-76	98	false
east	-76	3	259	-76	98	false
east	-75	-3	253	-75	98	false
east	-75	-2	254	-75	98	false
east	-75	-1	255	-75	98	false
east	-75	0	256	-75	98	false
east	-75	1	257	-75	98	false
east	-75	2	258	-75	98	false
east	-75	3	259	-75	98	false
east	-74	-3	253	-74	98	false
east	-74	-2	254	-74	98	false
east	-74	-1	255	-74	98	false
east	-74	0	256	-74	98	false
east	-74	1	257	-74	99	false
east	-74	2	258	-74	99	false
east	-74	3	259	-74	99	false
east	-73	-3	253	-73	99	false
east	-73	-2	254	-73	99	false
east	-73	-1	255	-73	99	false
east	-73	0	256	-73	99	false
east	-73	1	257	-73	99	false
east	-73	2	258	-73	99	false
east	-73	3	259	-73	99	false
east	-72	-3	253	-72	99	false
east	-72	-2	254	-72	99	false
east	-72	-1	255	-72	99	false
east	-72	0	256	-72	99	false
east	-72	1	257	-72	99	false
east	-72	2	258	-72	99	false
east	-72	3	259	-72	100	false
east	-71	-3	253	-71	99	false
east	-71	-2	254	-71	99	false
east	-71	-1	255	-71	100	false
east	-71	0	256	-71	100	false
east	-71	1	257	-71	100	false
east	-71	2	258	-71	100	false
east	-71	3	259	-71	100	false
east	-70	-3	253	-70	100	false
east	-70	-2	254	-70	100	false
east	-70	-1	255	-70	100	false
east	-70	0	256	-70	101	false
east	-70	1	257	-70	101	false
east	-70	2	258	-70	101	false
east	-70	3	259	-70	101	false
east	-69	-3	253	-69	101	false
east	-69	-2	254	-69	101	false
east	-69	-1	255	-69	101	false
east	-69	0	256	-69	101	false
east	-69	1	257	-69	101	false
east	-69	2	258	-69	101	false
east	-69	3	259	-69	101	false
east	-68	-3	253	-68	101	false
east	-68	-2	254	-68	101	false
east	-68	-1	255	-68	101	false
east	-68	0	256	-68	101	false
east	-68	1	257	-68	101	false
east	-68	2	258	-68	101	false
east	-68	3	259	-68	101	false
east	-67	-3	253	-67	101	false
east	-67	-2	254	-67	101	false
east	-67	-1	255	-67	101	false
east	-67	0	256	-67	101	false
east	-67	1	257	-67	101	false
east	-67	2	258	-67	101	false
east	-67	3	259	-67	101	false
east	-66	-3	253	-66	101	false
east	-66	-2	254	-66	101	false
east	-66	-1	255	-66	101	false
east	-66	0	256	-66	101	false
east	-66	1	257	-66	101	false
east	-66	2	258	-66	101	false
east	-66	3	259	-66	101	false
east	-65	-3	253	-65	101	false
east	-65	-2	254	-65	101	false
east	-65	-1	255	-65	101	false
east	-65	0	256	-65	101	false
east	-65	1	257	-65	101	false
east	-65	2	258	-65	101	false
east	-65	3	259	-65	101	false
east	-64	-3	253	-64	101	false
east	-64	-2	254	-64	101	false
east	-64	-1	255	-64	101	false
east	-64	0	256	-64	101	false
east	-64	1	257	-64	101	false
east	-64	2	258	-64	101	false
east	-64	3	259	-64	101	false
east	-63	-3	253	-63	101	false
east	-63	-2	254	-63	101	false
east	-63	-1	255	-63	101	false
east	-63	0	256	-63	101	false
east	-63	1	257	-63	101	false
east	-63	2	258	-63	101	false
east	-63	3	259	-63	101	false
east	-62	-3	253	-62	101	false
east	-62	-2	254	-62	101	false
east	-62	-1	255	-62	101	false
east	-62	0	256	-62	101	false
east	-62	1	257	-62	101	false
east	-62	2	258	-62	101	false
east	-62	3	259	-62	101	false
east	-61	-3	253	-61	101	false
east	-61	-2	254	-61	101	false
east	-61	-1	255	-61	101	false
east	-61	0	256	-61	101	false
east	-61	1	257	-61	101	false
east	-61	2	258	-61	101	false
east	-61	3	259	-61	101	false
east	-60	-3	253	-60	101	false
east	-60	-2	254	-60	101	false
east	-60	-1	255	-60	101	false
east	-60	0	256	-60	101	false
east	-60	1	257	-60	101	false
east	-60	2	258	-60	101	false
east	-60	3	259	-60	101	false
east	-59	-3	253	-59	101	false
east	-59	-2	254	-59	101	false
east	-59	-1	255	-59	101	false
east	-59	0	256	-59	101	false
east	-59	1	257	-59	101	false
east	-59	2	258	-59	101	false
east	-59	3	259	-59	101	false
east	-58	-3	253	-58	101	false
east	-58	-2	254	-58	101	false
east	-58	-1	255	-58	101	false
east	-58	0	256	-58	101	false
east	-58	1	257	-58	101	false
east	-58	2	258	-58	101	false
east	-58	3	259	-58	101	false
east	-57	-3	253	-57	101	false
east	-57	-2	254	-57	101	false
east	-57	-1	255	-57	101	false
east	-57	0	256	-57	101	false
east	-57	1	257	-57	101	false
east	-57	2	258	-57	101	false
east	-57	3	259	-57	101	false
east	-56	-3	253	-56	102	false
east	-56	-2	254	-56	101	false
east	-56	-1	255	-56	101	false
east	-56	0	256	-56	101	false
east	-56	1	257	-56	101	false
east	-56	2	258	-56	101	false
east	-56	3	259	-56	101	false
east	-55	-3	253	-55	102	false
east	-55	-2	254	-55	101	false
east	-55	-1	255	-55	101	false
east	-55	0	256	-55	101	false
east	-55	1	257	-55	101	false
east	-55	2	258	-55	101	false
east	-55	3	259	-55	101	false
east	-54	-3	253	-54	104	false
east	-54	-2	254	-54	102	false
east	-54	-1	255	-54	101	false
east	-54	0	256	-54	101	false
east	-54	1	257	-54	101	false
east	-54	2	258	-54	101	false
east	-54	3	259	-54	101	false
east	-53	-3	253	-53	104	false
east	-53	-2	254	-53	102	false
east	-53	-1	255	-53	102	false
east	-53	0	256	-53	101	false
east	-53	1	257	-53	101	false
east	-53	2	258	-53	101	false
east	-53	3	259	-53	101	false
east	-52	-3	253	-52	104	false
east	-52	-2	254	-52	102	false
east	-52	-1	255	-52	102	false
east	-52	0	256	-52	102	false
east	-52	1	257	-52	101	false
east	-52	2	258	-52	101	false
east	-52	3	259	-52	101	false
east	-51	-3	253	-51	103	false
east	-51	-2	254	-51	102	false
east	-51	-1	255	-51	102	false
east	-51	0	256	-51	102	false
east	-51	1	257	-51	102	false
east	-51	2	258	-51	102	false
east	-51	3	259	-51	101	false
east	-50	-3	253	-50	103	false
east	-50	-2	254	-50	102	false
east	-50	-1	255	-50	102	false
east	-50	0	256	-50	102	false
east	-50	1	257	-50	102	false
east	-50	2	258	-50	102	false
east	-50	3	259	-50	101	false
east	-49	-3	253	-49	103	false
east	-49	-2	254	-49	102	false
east	-49	-1	255	-49	102	false
east	-49	0	256	-49	102	false
east	-49	1	257	-49	102	false
east	-49	2	258	-49	102	false
east	-49	3	259	-49	101	false
east	-48	-3	253	-48	103	false
east	-48	-2	254	-48	102	false
east	-48	-1	255	-48	102	false
east	-48	0	256	-48	102	false
east	-48	1	257	-48	102	false
east	-48	2	258	-48	102	false
east	-48	3	259	-48	101	false
east	-47	-3	253	-47	103	false
east	-47	-2	254	-47	102	false
east	-47	-1	255	-47	102	false
east	-47	0	256	-47	102	false
east	-47	1	257	-47	102	false
east	-47	2	258	-47	102	false
east	-47	3	259	-47	101	false
east	-46	-3	253	-46	103	false
east	-46	-2	254	-46	102	false
east	-46	-1	255	-46	102	false
east	-46	0	256	-46	102	false
east	-46	1	257	-46	102	false
east	-46	2	258	-46	102	false
east	-46	3	259	-46	101	false
east	-45	-3	253	-45	103	false
east	-45	-2	254	-45	102	false
east	-45	-1	255	-45	102	false
east	-45	0	256	-45	102	false
east	-45	1	257	-45	102	false
east	-45	2	258	-45	102	false
east	-45	3	259	-45	101	false
east	-44	-3	253	-44	104	false
east	-44	-2	254	-44	102	false
east	-44	-1	255	-44	102	false
east	-44	0	256	-44	102	false
east	-44	1	257	-44	101	false
east	-44	2	258	-44	101	false
east	-44	3	259	-44	101	false
east	-43	-3	253	-43	104	false
east	-43	-2	254	-43	102	false
east	-43	-1	255	-43	102	false
east	-43	0	256	-43	102	false
east	-43	1	257	-43	102	false
east	-43	2	258	-43	102	false
east	-43	3	259	-43	101	false
east	-42	-3	253	-42	104	false
east	-42	-2	254	-42	103	false
east	-42	-1	255	-42	104	false
east	-42	0	256	-42	104	false
east	-42	1	257	-42	104	false
east	-42	2	258	-42	104	false
east	-42	3	259	-42	102	false
east	-41	-3	253	-41	104	false
east	-41	-2	254	-41	104	false
east	-41	-1	255	-41	104	false
east	-41	0	256	-41	104	false
east	-41	1	257	-41	104	false
east	-41	2	258	-41	104	false
east	-41	3	259	-41	104	false
east	-40	-3	253	-40	104	false
east	-40	-2	254	-40	104	false
east	-40	-1	255	-40	104	false
east	-40	0	256	-40	104	false
east	-40	1	257	-40	104	false
east	-40	2	258	-40	104	false
east	-40	3	259	-40	104	false
east	-39	-3	253	-39	104	false
east	-39	-2	254	-39	104	false
east	-39	-1	255	-39	104	false
east	-39	0	256	-39	104	false
east	-39	1	257	-39	104	false
east	-39	2	258	-39	104	false
east	-39	3	259	-39	104	false
east	-38	-3	253	-38	104	false
east	-38	-2	254	-38	104	false
east	-38	-1	255	-38	104	false
east	-38	0	256	-38	104	false
east	-38	1	257	-38	104	false
east	-38	2	258	-38	104	false
east	-38	3	259	-38	104	false
east	-37	-3	253	-37	104	false
east	-37	-2	254	-37	104	false
east	-37	-1	255	-37	104	false
east	-37	0	256	-37	104	false
east	-37	1	257	-37	104	false
east	-37	2	258	-37	104	false
east	-37	3	259	-37	104	false
east	-36	-3	253	-36	104	false
east	-36	-2	254	-36	104	false
east	-36	-1	255	-36	104	false
east	-36	0	256	-36	104	false
east	-36	1	257	-36	104	false
east	-36	2	258	-36	104	false
east	-36	3	259	-36	104	false
east	-35	-3	253	-35	104	false
east	-35	-2	254	-35	104	false
east	-35	-1	255	-35	104	false
east	-35	0	256	-35	104	false
east	-35	1	257	-35	104	false
east	-35	2	258	-35	104	false
east	-35	3	259	-35	104	false
east	-34	-3	253	-34	104	false
east	-34	-2	254	-34	104	false
east	-34	-1	255	-34	104	false
east	-34	0	256	-34	104	false
east	-34	1	257	-34	104	false
east	-34	2	258	-34	104	false
east	-34	3	259	-34	104	false
east	-33	-3	253	-33	104	false
east	-33	-2	254	-33	104	false
east	-33	-1	255	-33	104	false
east	-33	0	256	-33	104	false
east	-33	1	257	-33	104	false
east	-33	2	258	-33	104	false
east	-33	3	259	-33	104	false
east	-32	-3	253	-32	104	false
east	-32	-2	254	-32	104	false
east	-32	-1	255	-32	104	false
east	-32	0	256	-32	104	false
east	-32	1	257	-32	104	false
east	-32	2	258	-32	104	false
east	-32	3	259	-32	104	false
east	-31	-3	253	-31	104	false
east	-31	-2	254	-31	104	false
east	-31	-1	255	-31	104	false
east	-31	0	256	-31	104	false
east	-31	1	257	-31	104	false
east	-31	2	258	-31	104	false
east	-31	3	259	-31	104	false
east	-30	-3	253	-30	104	false
east	-30	-2	254	-30	104	false
east	-30	-1	255	-30	104	false
east	-30	0	256	-30	104	false
east	-30	1	257	-30	104	false
east	-30	2	258	-30	104	false
east	-30	3	259	-30	104	false
east	-29	-3	253	-29	104	false
east	-29	-2	254	-29	104	false
east	-29	-1	255	-29	104	false
east	-29	0	256	-29	104	false
east	-29	1	257	-29	104	false
east	-29	2	258	-29	104	false
east	-29	3	259	-29	104	false
east	-28	-3	253	-28	104	false
east	-28	-2	254	-28	104	false
east	-28	-1	255	-28	104	false
east	-28	0	256	-28	104	false
east	-28	1	257	-28	104	false
east	-28	2	258	-28	104	false
east	-28	3	259	-28	104	false
east	-27	-3	253	-27	104	false
east	-27	-2	254	-27	104	false
east	-27	-1	255	-27	104	false
east	-27	0	256	-27	104	false
east	-27	1	257	-27	104	false
east	-27	2	258	-27	104	false
east	-27	3	259	-27	104	false
east	-26	-3	253	-26	104	false
east	-26	-2	254	-26	104	false
east	-26	-1	255	-26	104	false
east	-26	0	256	-26	104	false
east	-26	1	257	-26	104	false
east	-26	2	258	-26	104	false
east	-26	3	259	-26	104	false
east	-25	-3	253	-25	104	false
east	-25	-2	254	-25	104	false
east	-25	-1	255	-25	104	false
east	-25	0	256	-25	104	false
east	-25	1	257	-25	104	false
east	-25	2	258	-25	104	false
east	-25	3	259	-25	104	false
east	-24	-3	253	-24	104	false
east	-24	-2	254	-24	104	false
east	-24	-1	255	-24	104	false
east	-24	0	256	-24	104	false
east	-24	1	257	-24	104	false
east	-24	2	258	-24	104	false
east	-24	3	259	-24	104	false
east	-23	-3	253	-23	104	false
east	-23	-2	254	-23	104	false
east	-23	-1	255	-23	104	false
east	-23	0	256	-23	104	false
east	-23	1	257	-23	104	false
east	-23	2	258	-23	104	false
east	-23	3	259	-23	104	false
east	-22	-3	253	-22	104	false
east	-22	-2	254	-22	104	false
east	-22	-1	255	-22	104	false
east	-22	0	256	-22	104	false
east	-22	1	257	-22	104	false
east	-22	2	258	-22	104	false
east	-22	3	259	-22	104	false
east	-21	-3	253	-21	104	false
east	-21	-2	254	-21	104	false
east	-21	-1	255	-21	104	false
east	-21	0	256	-21	104	false
east	-21	1	257	-21	104	false
east	-21	2	258	-21	104	false
east	-21	3	259	-21	104	false
east	-20	-3	253	-20	104	false
east	-20	-2	254	-20	104	false
east	-20	-1	255	-20	104	false
east	-20	0	256	-20	104	false
east	-20	1	257	-20	104	false
east	-20	2	258	-20	104	false
east	-20	3	259	-20	104	false
east	-19	-3	253	-19	104	false
east	-19	-2	254	-19	104	false
east	-19	-1	255	-19	104	false
east	-19	0	256	-19	104	false
east	-19	1	257	-19	104	false
east	-19	2	258	-19	104	false
east	-19	3	259	-19	104	false
east	-18	-3	253	-18	104	false
east	-18	-2	254	-18	104	false
east	-18	-1	255	-18	104	false
east	-18	0	256	-18	104	false
east	-18	1	257	-18	104	false
east	-18	2	258	-18	104	false
east	-18	3	259	-18	104	false
east	-17	-3	253	-17	104	false
east	-17	-2	254	-17	104	false
east	-17	-1	255	-17	104	false
east	-17	0	256	-17	104	false
east	-17	1	257	-17	104	false
east	-17	2	258	-17	104	false
east	-17	3	259	-17	104	false
east	-16	-3	253	-16	104	false
east	-16	-2	254	-16	104	false
east	-16	-1	255	-16	104	false
east	-16	0	256	-16	104	false
east	-16	1	257	-16	104	false
east	-16	2	258	-16	104	false
east	-16	3	259	-16	104	false
east	-15	-3	253	-15	104	false
east	-15	-2	254	-15	104	false
east	-15	-1	255	-15	104	false
east	-15	0	256	-15	104	false
east	-15	1	257	-15	104	false
east	-15	2	258	-15	104	false
east	-15	3	259	-15	104	false
east	-14	-3	253	-14	104	false
east	-14	-2	254	-14	104	false
east	-14	-1	255	-14	104	false
east	-14	0	256	-14	104	false
east	-14	1	257	-14	104	false
east	-14	2	258	-14	104	false
east	-14	3	259	-14	104	false
east	-13	-3	253	-13	104	false
east	-13	-2	254	-13	104	false
east	-13	-1	255	-13	104	false
east	-13	0	256	-13	104	false
east	-13	1	257	-13	104	false
east	-13	2	258	-13	104	false
east	-13	3	259	-13	104	false
east	-12	-3	253	-12	104	false
east	-12	-2	254	-12	104	false
east	-12	-1	255	-12	104	false
east	-12	0	256	-12	104	false
east	-12	1	257	-12	104	false
east	-12	2	258	-12	104	false
east	-12	3	259	-12	104	false
east	-11	-3	253	-11	104	false
east	-11	-2	254	-11	104	false
east	-11	-1	255	-11	104	false
east	-11	0	256	-11	104	false
east	-11	1	257	-11	105	false
east	-11	2	258	-11	105	false
east	-11	3	259	-11	105	false
east	-10	-3	253	-10	104	false
east	-10	-2	254	-10	104	false
east	-10	-1	255	-10	104	false
east	-10	0	256	-10	104	false
east	-10	1	257	-10	105	false
east	-10	2	258	-10	105	false
east	-10	3	259	-10	105	false
east	-9	-3	253	-9	104	false
east	-9	-2	254	-9	104	false
east	-9	-1	255	-9	104	false
east	-9	0	256	-9	104	false
east	-9	1	257	-9	105	false
east	-9	2	258	-9	105	false
east	-9	3	259	-9	106	false
east	-8	-3	253	-8	104	false
east	-8	-2	254	-8	104	false
east	-8	-1	255	-8	104	false
east	-8	0	256	-8	104	false
east	-8	1	257	-8	105	false
east	-8	2	258	-8	105	false
east	-8	3	259	-8	105	false
east	-7	-3	253	-7	104	false
east	-7	-2	254	-7	104	false
east	-7	-1	255	-7	104	false
east	-7	0	256	-7	104	false
east	-7	1	257	-7	105	false
east	-7	2	258	-7	105	false
east	-7	3	259	-7	105	false
east	-6	-3	253	-6	104	false
east	-6	-2	254	-6	104	false
east	-6	-1	255	-6	104	false
east	-6	0	256	-6	104	false
east	-6	1	257	-6	104	false
east	-6	2	258	-6	105	false
east	-6	3	259	-6	105	false
east	-5	-3	253	-5	104	false
east	-5	-2	254	-5	104	false
east	-5	-1	255	-5	104	false
east	-5	0	256	-5	104	false
east	-5	1	257	-5	104	false
east	-5	2	258	-5	105	false
east	-5	3	259	-5	105	false
east	-4	-3	253	-4	104	false
east	-4	-2	254	-4	104	false
east	-4	-1	255	-4	104	false
east	-4	0	256	-4	104	false
east	-4	1	257	-4	104	false
east	-4	2	258	-4	105	false
east	-4	3	259	-4	105	false
east	-3	-3	253	-3	104	false
east	-3	-2	254	-3	104	false
east	-3	-1	255	-3	104	false
east	-3	0	256	-3	104	false
east	-3	1	257	-3	104	false
east	-3	2	258	-3	105	false
east	-3	3	259	-3	105	false
east	-2	-3	253	-2	104	false
east	-2	-2	254	-2	104	false
east	-2	-1	255	-2	104	false
east	-2	0	256	-2	104	false
east	-2	1	257	-2	105	false
east	-2	2	258	-2	105	false
east	-2	3	259	-2	105	false
east	-1	-3	253	-1	104	false
east	-1	-2	254	-1	104	false
east	-1	-1	255	-1	104	false
east	-1	0	256	-1	104	false
east	-1	1	257	-1	105	false
east	-1	2	258	-1	105	false
east	-1	3	259	-1	105	false
east	0	-3	253	0	104	false
east	0	-2	254	0	104	false
east	0	-1	255	0	104	false
east	0	0	256	0	105	false
east	0	1	257	0	105	false
east	0	2	258	0	105	false
east	0	3	259	0	106	false
east	1	-3	253	1	104	false
east	1	-2	254	1	104	false
east	1	-1	255	1	104	false
east	1	0	256	1	105	false
east	1	1	257	1	105	false
east	1	2	258	1	105	false
east	1	3	259	1	106	false
east	2	-3	253	2	104	false
east	2	-2	254	2	104	false
east	2	-1	255	2	105	false
east	2	0	256	2	105	false
east	2	1	257	2	105	false
east	2	2	258	2	106	false
east	2	3	259	2	106	false
east	3	-3	253	3	104	false
east	3	-2	254	3	104	false
east	3	-1	255	3	105	false
east	3	0	256	3	105	false
east	3	1	257	3	105	false
east	3	2	258	3	106	false
east	3	3	259	3	107	false
east	4	-3	253	4	104	false
east	4	-2	254	4	105	false
east	4	-1	255	4	105	false
east	4	0	256	4	105	false
east	4	1	257	4	106	false
east	4	2	258	4	106	false
east	4	3	259	4	107	false
east	5	-3	253	5	104	false
east	5	-2	254	5	105	false
east	5	-1	255	5	105	false
east	5	0	256	5	105	false
east	5	1	257	5	106	false
east	5	2	258	5	107	false
east	5	3	259	5	107	false
east	6	-3	253	6	104	false
east	6	-2	254	6	105	false
east	6	-1	255	6	105	false
east	6	0	256	6	106	false
east	6	1	257	6	106	false
east	6	2	258	6	107	false
east	6	3	259	6	107	false
east	7	-3	253	7	105	false
east	7	-2	254	7	105	false
east	7	-1	255	7	105	false
east	7	0	256	7	106	false
east	7	1	257	7	107	false
east	7	2	258	7	107	false
east	7	3	259	7	107	false
east	8	-3	253	8	105	false
east	8	-2	254	8	105	false
east	8	-1	255	8	105	false
east	8	0	256	8	106	false
east	8	1	257	8	107	false
east	8	2	258	8	107	false
east	8	3	259	8	107	false
east	9	-3	253	9	105	false
east	9	-2	254	9	105	false
east	9	-1	255	9	106	false
east	9	0	256	9	106	false
east	9	1	257	9	107	false
east	9	2	258	9	107	false
east	9	3	259	9	107	false
east	10	-3	253	10	105	false
east	10	-2	254	10	105	false
east	10	-1	255	10	106	false
east	10	0	256	10	107	false
east	10	1	257	10	107	false
east	10	2	258	10	107	false
east	10	3	259	10	107	false
east	11	-3	253	11	105	false
east	11	-2	254	11	105	false
east	11	-1	255	11	106	false
east	11	0	256	11	107	false
east	11	1	257	11	107	false
east	11	2	258	11	107	false
east	11	3	259	11	107	false
east	12	-3	253	12	105	false
east	12	-2	254	12	106	false
east	12	-1	255	12	106	false
east	12	0	256	12	107	false
east	12	1	257	12	107	false
east	12	2	258	12	107	false
east	12	3	259	12	107	false
east	13	-3	253	13	105	false
east	13	-2	254	13	106	false
east	13	-1	255	13	107	false
east	13	0	256	13	107	false
east	13	1	257	13	107	false
east	13	2	258	13	107	false
east	13	3	259	13	107	false
east	14	-3	253	14	105	false
east	14	-2	254	14	106	false
east	14	-1	255	14	107	false
east	14	0	256	14	107	false
east	14	1	257	14	107	false
east	14	2	258	14	107	false
east	14	3	259	14	107	false
east	15	-3	253	15	106	false
east	15	-2	254	15	106	false
east	15	-1	255	15	107	false
east	15	0	256	15	107	false
east	15	1	257	15	107	false
east	15	2	258	15	107	false
east	15	3	259	15	107	false
east	16	-3	253	16	106	false
east	16	-2	254	16	107	false
east	16	-1	255	16	107	false
east	16	0	256	16	107	false
east	16	1	257	16	107	false
east	16	2	258	16	107	false
east	16	3	259	16	107	false
east	17	-3	253	17	106	false
east	17	-2	254	17	107	false
east	17	-1	255	17	107	false
east	17	0	256	17	107	false
east	17	1	257	17	107	false
east	17	2	258	17	107	false
east	17	3	259	17	107	false
east	18	-3	253	18	107	false
east	18	-2	254	18	107	false
east	18	-1	255	18	107	false
east	18	0	256	18	107	false
east	18	1	257	18	107	false
east	18	2	258	18	107	false
east	18	3	259	18	107	false
east	19	-3	253	19	107	false
east	19	-2	254	19	107	false
east	19	-1	255	19	107	false
east	19	0	256	19	107	false
east	19	1	257	19	107	false
east	19	2	258	19	107	false
east	19	3	259	19	107	false
east	20	-3	253	20	107	false
east	20	-2	254	20	107	false
east	20	-1	255	20	107	false
east	20	0	256	20	107	false
east	20	1	257	20	107	false
east	20	2	258	20	107	false
east	20	3	259	20	107	false
east	21	-3	253	21	107	false
east	21	-2	254	21	107	false
east	21	-1	255	21	107	false
east	21	0	256	21	107	false
east	21	1	257	21	107	false
east	21	2	258	21	107	false
east	21	3	259	21	107	false
east	22	-3	253	22	107	false
east	22	-2	254	22	107	false
east	22	-1	255	22	107	false
east	22	0	256	22	107	false
east	22	1	257	22	107	false
east	22	2	258	22	107	false
east	22	3	259	22	107	false
east	23	-3	253	23	107	false
east	23	-2	254	23	107	false
east	23	-1	255	23	107	false
east	23	0	256	23	107	false
east	23	1	257	23	107	false
east	23	2	258	23	107	false
east	23	3	259	23	107	false
east	24	-3	253	24	107	false
east	24	-2	254	24	107	false
east	24	-1	255	24	107	false
east	24	0	256	24	107	false
east	24	1	257	24	107	false
east	24	2	258	24	107	false
east	24	3	259	24	107	false
east	25	-3	253	25	107	false
east	25	-2	254	25	107	false
east	25	-1	255	25	107	false
east	25	0	256	25	107	false
east	25	1	257	25	107	false
east	25	2	258	25	107	false
east	25	3	259	25	107	false
east	26	-3	253	26	107	false
east	26	-2	254	26	107	false
east	26	-1	255	26	107	false
east	26	0	256	26	107	false
east	26	1	257	26	107	false
east	26	2	258	26	107	false
east	26	3	259	26	107	false
east	27	-3	253	27	107	false
east	27	-2	254	27	107	false
east	27	-1	255	27	107	false
east	27	0	256	27	107	false
east	27	1	257	27	107	false
east	27	2	258	27	107	false
east	27	3	259	27	107	false
east	28	-3	253	28	107	false
east	28	-2	254	28	107	false
east	28	-1	255	28	107	false
east	28	0	256	28	107	false
east	28	1	257	28	107	false
east	28	2	258	28	107	false
east	28	3	259	28	107	false
east	29	-3	253	29	107	false
east	29	-2	254	29	107	false
east	29	-1	255	29	107	false
east	29	0	256	29	107	false
east	29	1	257	29	107	false
east	29	2	258	29	107	false
east	29	3	259	29	107	false
east	30	-3	253	30	107	false
east	30	-2	254	30	107	false
east	30	-1	255	30	107	false
east	30	0	256	30	107	false
east	30	1	257	30	107	false
east	30	2	258	30	107	false
east	30	3	259	30	107	false
east	31	-3	253	31	107	false
east	31	-2	254	31	107	false
east	31	-1	255	31	107	false
east	31	0	256	31	107	false
east	31	1	257	31	107	false
east	31	2	258	31	107	false
east	31	3	259	31	107	false
east	32	-3	253	32	107	false
east	32	-2	254	32	107	false
east	32	-1	255	32	107	false
east	32	0	256	32	107	false
east	32	1	257	32	107	false
east	32	2	258	32	107	false
east	32	3	259	32	107	false
east	33	-3	253	33	107	false
east	33	-2	254	33	107	false
east	33	-1	255	33	107	false
east	33	0	256	33	107	false
east	33	1	257	33	107	false
east	33	2	258	33	107	false
east	33	3	259	33	107	false
east	34	-3	253	34	107	false
east	34	-2	254	34	107	false
east	34	-1	255	34	107	false
east	34	0	256	34	107	false
east	34	1	257	34	107	false
east	34	2	258	34	107	false
east	34	3	259	34	107	false
east	35	-3	253	35	107	false
east	35	-2	254	35	107	false
east	35	-1	255	35	107	false
east	35	0	256	35	107	false
east	35	1	257	35	107	false
east	35	2	258	35	107	false
east	35	3	259	35	107	false
east	36	-3	253	36	107	false
east	36	-2	254	36	107	false
east	36	-1	255	36	107	false
east	36	0	256	36	107	false
east	36	1	257	36	107	false
east	36	2	258	36	107	false
east	36	3	259	36	107	false
east	37	-3	253	37	107	false
east	37	-2	254	37	107	false
east	37	-1	255	37	107	false
east	37	0	256	37	107	false
east	37	1	257	37	107	false
east	37	2	258	37	107	false
east	37	3	259	37	107	false
east	38	-3	253	38	107	false
east	38	-2	254	38	107	false
east	38	-1	255	38	107	false
east	38	0	256	38	107	false
east	38	1	257	38	107	false
east	38	2	258	38	107	false
east	38	3	259	38	107	false
east	39	-3	253	39	107	false
east	39	-2	254	39	107	false
east	39	-1	255	39	107	false
east	39	0	256	39	107	false
east	39	1	257	39	107	false
east	39	2	258	39	107	false
east	39	3	259	39	107	false
east	40	-3	253	40	107	false
east	40	-2	254	40	107	false
east	40	-1	255	40	107	false
east	40	0	256	40	107	false
east	40	1	257	40	107	false
east	40	2	258	40	107	false
east	40	3	259	40	107	false
east	41	-3	253	41	107	false
east	41	-2	254	41	107	false
east	41	-1	255	41	107	false
east	41	0	256	41	107	false
east	41	1	257	41	107	false
east	41	2	258	41	107	false
east	41	3	259	41	107	false
east	42	-3	253	42	107	false
east	42	-2	254	42	107	false
east	42	-1	255	42	107	false
east	42	0	256	42	107	false
east	42	1	257	42	107	false
east	42	2	258	42	107	false
east	42	3	259	42	107	false
east	43	-3	253	43	107	false
east	43	-2	254	43	107	false
east	43	-1	255	43	107	false
east	43	0	256	43	107	false
east	43	1	257	43	107	false
east	43	2	258	43	107	false
east	43	3	259	43	107	false
east	44	-3	253	44	107	false
east	44	-2	254	44	107	false
east	44	-1	255	44	107	false
east	44	0	256	44	107	false
east	44	1	257	44	107	false
east	44	2	258	44	107	false
east	44	3	259	44	107	false
east	45	-3	253	45	107	false
east	45	-2	254	45	107	false
east	45	-1	255	45	107	false
east	45	0	256	45	107	false
east	45	1	257	45	107	false
east	45	2	258	45	107	false
east	45	3	259	45	107	false
east	46	-3	253	46	107	false
east	46	-2	254	46	107	false
east	46	-1	255	46	107	false
east	46	0	256	46	107	false
east	46	1	257	46	107	false
east	46	2	258	46	107	false
east	46	3	259	46	107	false
east	47	-3	253	47	107	false
east	47	-2	254	47	107	false
east	47	-1	255	47	107	false
east	47	0	256	47	107	false
east	47	1	257	47	107	false
east	47	2	258	47	107	false
east	47	3	259	47	107	false
east	48	-3	253	48	107	false
east	48	-2	254	48	107	false
east	48	-1	255	48	107	false
east	48	0	256	48	107	false
east	48	1	257	48	107	false
east	48	2	258	48	107	false
east	48	3	259	48	107	false
east	49	-3	253	49	107	false
east	49	-2	254	49	107	false
east	49	-1	255	49	107	false
east	49	0	256	49	107	false
east	49	1	257	49	107	false
east	49	2	258	49	107	false
east	49	3	259	49	107	false
east	50	-3	253	50	107	false
east	50	-2	254	50	107	false
east	50	-1	255	50	107	false
east	50	0	256	50	107	false
east	50	1	257	50	107	false
east	50	2	258	50	107	false
east	50	3	259	50	107	false
east	51	-3	253	51	107	false
east	51	-2	254	51	107	false
east	51	-1	255	51	107	false
east	51	0	256	51	107	false
east	51	1	257	51	107	false
east	51	2	258	51	107	false
east	51	3	259	51	107	false
east	52	-3	253	52	107	false
east	52	-2	254	52	107	false
east	52	-1	255	52	107	false
east	52	0	256	52	107	false
east	52	1	257	52	107	false
east	52	2	258	52	107	false
east	52	3	259	52	107	false
east	53	-3	253	53	107	false
east	53	-2	254	53	107	false
east	53	-1	255	53	107	false
east	53	0	256	53	107	false
east	53	1	257	53	107	false
east	53	2	258	53	107	false
east	53	3	259	53	107	false
east	54	-3	253	54	107	false
east	54	-2	254	54	107	false
east	54	-1	255	54	107	false
east	54	0	256	54	107	false
east	54	1	257	54	107	false
east	54	2	258	54	107	false
east	54	3	259	54	107	false
east	55	-3	253	55	107	false
east	55	-2	254	55	107	false
east	55	-1	255	55	107	false
east	55	0	256	55	107	false
east	55	1	257	55	107	false
east	55	2	258	55	107	false
east	55	3	259	55	107	false
east	56	-3	253	56	107	false
east	56	-2	254	56	107	false
east	56	-1	255	56	107	false
east	56	0	256	56	107	false
east	56	1	257	56	107	false
east	56	2	258	56	107	false
east	56	3	259	56	107	false
east	57	-3	253	57	107	false
east	57	-2	254	57	107	false
east	57	-1	255	57	107	false
east	57	0	256	57	107	false
east	57	1	257	57	107	false
east	57	2	258	57	107	false
east	57	3	259	57	107	false
east	58	-3	253	58	107	false
east	58	-2	254	58	107	false
east	58	-1	255	58	107	false
east	58	0	256	58	107	false
east	58	1	257	58	107	false
east	58	2	258	58	107	false
east	58	3	259	58	107	false
east	59	-3	253	59	107	false
east	59	-2	254	59	107	false
east	59	-1	255	59	107	false
east	59	0	256	59	107	false
east	59	1	257	59	107	false
east	59	2	258	59	107	false
east	59	3	259	59	107	false
east	60	-3	253	60	107	false
east	60	-2	254	60	107	false
east	60	-1	255	60	107	false
east	60	0	256	60	107	false
east	60	1	257	60	107	false
east	60	2	258	60	107	false
east	60	3	259	60	107	false
east	61	-3	253	61	107	false
east	61	-2	254	61	107	false
east	61	-1	255	61	107	false
east	61	0	256	61	107	false
east	61	1	257	61	107	false
east	61	2	258	61	107	false
east	61	3	259	61	107	false
east	62	-3	253	62	107	false
east	62	-2	254	62	107	false
east	62	-1	255	62	107	false
east	62	0	256	62	107	false
east	62	1	257	62	107	false
east	62	2	258	62	107	false
east	62	3	259	62	107	false
east	63	-3	253	63	107	false
east	63	-2	254	63	107	false
east	63	-1	255	63	107	false
east	63	0	256	63	107	false
east	63	1	257	63	107	false
east	63	2	258	63	107	false
east	63	3	259	63	107	false
east	64	-3	253	64	107	false
east	64	-2	254	64	107	false
east	64	-1	255	64	107	false
east	64	0	256	64	107	false
east	64	1	257	64	107	false
east	64	2	258	64	107	false
east	64	3	259	64	107	false
east	65	-3	253	65	107	false
east	65	-2	254	65	107	false
east	65	-1	255	65	107	false
east	65	0	256	65	107	false
east	65	1	257	65	107	false
east	65	2	258	65	107	false
east	65	3	259	65	107	false
east	66	-3	253	66	107	false
east	66	-2	254	66	107	false
east	66	-1	255	66	107	false
east	66	0	256	66	107	false
east	66	1	257	66	107	false
east	66	2	258	66	107	false
east	66	3	259	66	107	false
east	67	-3	253	67	107	false
east	67	-2	254	67	107	false
east	67	-1	255	67	107	false
east	67	0	256	67	107	false
east	67	1	257	67	107	false
east	67	2	258	67	107	false
east	67	3	259	67	107	false
east	68	-3	253	68	107	false
east	68	-2	254	68	107	false
east	68	-1	255	68	107	false
east	68	0	256	68	106	false
east	68	1	257	68	106	false
east	68	2	258	68	106	false
east	68	3	259	68	106	false
east	69	-3	253	69	107	false
east	69	-2	254	69	106	false
east	69	-1	255	69	106	false
east	69	0	256	69	106	false
east	69	1	257	69	105	false
east	69	2	258	69	105	false
east	69	3	259	69	105	false
east	70	-3	253	70	107	false
east	70	-2	254	70	106	false
east	70	-1	255	70	105	false
east	70	0	256	70	105	false
east	70	1	257	70	105	false
east	70	2	258	70	105	false
east	70	3	259	70	105	false
east	71	-3	253	71	107	false
east	71	-2	254	71	106	false
east	71	-1	255	71	105	false
east	71	0	256	71	105	false
east	71	1	257	71	105	false
east	71	2	258	71	105	false
east	71	3	259	71	104	false
east	72	-3	253	72	107	false
east	72	-2	254	72	106	false
east	72	-1	255	72	105	false
east	72	0	256	72	105	false
east	72	1	257	72	104	false
east	72	2	258	72	104	false
east	72	3	259	72	104	false
east	73	-3	253	73	107	false
east	73	-2	254	73	106	false
east	73	-1	255	73	105	false
east	73	0	256	73	105	false
east	73	1	257	73	104	false
east	73	2	258	73	104	false
east	73	3	259	73	104	false
east	74	-3	253	74	107	false
east	74	-2	254	74	106	false
east	74	-1	255	74	105	false
east	74	0	256	74	105	false
east	74	1	257	74	105	false
east	74	2	258	74	104	false
east	74	3	259	74	104	false
east	75	-3	253	75	107	false
east	75	-2	254	75	106	false
east	75	-1	255	75	105	false
east	75	0	256	75	105	false
east	75	1	257	75	105	false
east	75	2	258	75	104	false
east	75	3	259	75	104	false
east	76	-3	253	76	106	false
east	76	-2	254	76	106	false
east	76	-1	255	76	106	false
east	76	0	256	76	105	false
east	76	1	257	76	105	false
east	76	2	258	76	104	false
east	76	3	259	76	104	false
east	77	-3	253	77	106	false
east	77	-2	254	77	105	false
east	77	-1	255	77	105	false
east	77	0	256	77	105	false
east	77	1	257	77	105	false
east	77	2	258	77	104	false
east	77	3	259	77	104	false
east	78	-3	253	78	105	false
east	78	-2	254	78	105	false
east	78	-1	255	78	105	false
east	78	0	256	78	105	false
east	78	1	257	78	105	false
east	78	2	258	78	104	false
east	78	3	259	78	104	false
east	79	-3	253	79	105	false
east	79	-2	254	79	105	false
east	79	-1	255	79	105	false
east	79	0	256	79	104	false
east	79	1	257	79	104	false
east	79	2	258	79	104	false
east	79	3	259	79	104	false
east	80	-3	253	80	105	false
east	80	-2	254	80	105	false
east	80	-1	255	80	104	false
east	80	0	256	80	104	false
east	80	1	257	80	104	false
east	80	2	258	80	104	false
east	80	3	259	80	104	false
east	81	-3	253	81	105	false
east	81	-2	254	81	104	false
east	81	-1	255	81	104	false
east	81	0	256	81	104	false
east	81	1	257	81	104	false
east	81	2	258	81	104	false
east	81	3	259	81	104	false
east	82	-3	253	82	104	false
east	82	-2	254	82	104	false
east	82	-1	255	82	104	false
east	82	0	256	82	104	false
east	82	1	257	82	104	false
east	82	2	258	82	104	false
east	82	3	259	82	104	false
east	83	-3	253	83	104	false
east	83	-2	254	83	104	false
east	83	-1	255	83	104	false
east	83	0	256	83	104	false
east	83	1	257	83	104	false
east	83	2	258	83	104	false
east	83	3	259	83	104	false
east	84	-3	253	84	104	false
east	84	-2	254	84	104	false
east	84	-1	255	84	104	false
east	84	0	256	84	104	false
east	84	1	257	84	104	false
east	84	2	258	84	104	false
east	84	3	259	84	104	false
east	85	-3	253	85	104	false
east	85	-2	254	85	104	false
east	85	-1	255	85	104	false
east	85	0	256	85	104	false
east	85	1	257	85	104	false
east	85	2	258	85	104	false
east	85	3	259	85	104	false
east	86	-3	253	86	104	false
east	86	-2	254	86	104	false
east	86	-1	255	86	104	false
east	86	0	256	86	104	false
east	86	1	257	86	104	false
east	86	2	258	86	104	false
east	86	3	259	86	104	false
east	87	-3	253	87	104	false
east	87	-2	254	87	104	false
east	87	-1	255	87	104	false
east	87	0	256	87	104	false
east	87	1	257	87	103	false
east	87	2	258	87	103	false
east	87	3	259	87	103	false
east	88	-3	253	88	104	false
east	88	-2	254	88	104	false
east	88	-1	255	88	104	false
east	88	0	256	88	103	false
east	88	1	257	88	103	false
east	88	2	258	88	102	false
east	88	3	259	88	102	false
east	89	-3	253	89	104	false
east	89	-2	254	89	104	false
east	89	-1	255	89	103	false
east	89	0	256	89	103	false
east	89	1	257	89	102	false
east	89	2	258	89	102	false
east	89	3	259	89	102	false
east	90	-3	253	90	104	false
east	90	-2	254	90	104	false
east	90	-1	255	90	103	false
east	90	0	256	90	102	false
east	90	1	257	90	102	false
east	90	2	258	90	102	false
east	90	3	259	90	102	false
east	91	-3	253	91	104	false
east	91	-2	254	91	103	false
east	91	-1	255	91	103	false
east	91	0	256	91	102	false
east	91	1	257	91	102	false
east	91	2	258	91	102	false
east	91	3	259	91	101	false
east	92	-3	253	92	104	false
east	92	-2	254	92	103	false
east	92	-1	255	92	102	false
east	92	0	256	92	102	false
east	92	1	257	92	102	false
east	92	2	258	92	101	false
east	92	3	259	92	101	false
east	93	-3	253	93	104	false
east	93	-2	254	93	103	false
east	93	-1	255	93	102	false
east	93	0	256	93	102	false
east	93	1	257	93	102	false
east	93	2	258	93	101	false
east	93	3	259	93	101	false
east	94	-3	253	94	103	false
east	94	-2	254	94	103	false
east	94	-1	255	94	102	false
east	94	0	256	94	102	false
east	94	1	257	94	101	false
east	94	2	258	94	101	false
east	94	3	259	94	101	false
east	95	-3	253	95	103	false
east	95	-2	254	95	102	false
east	95	-1	255	95	102	false
east	95	0	256	95	102	false
east	95	1	257	95	101	false
east	95	2	258	95	101	false
east	95	3	259	95	101	false
east	96	-3	253	96	103	false
east	96	-2	254	96	102	false
east	96	-1	255	96	102	false
east	96	0	256	96	102	false
east	96	1	257	96	101	false
east	96	2	258	96	101	false
east	96	3	259	96	101	false
east	97	-3	253	97	103	false
east	97	-2	254	97	102	false
east	97	-1	255	97	102	false
east	97	0	256	97	101	false
east	97	1	257	97	101	false
east	97	2	258	97	101	false
east	97	3	259	97	101	false
east	98	-3	253	98	103	false
east	98	-2	254	98	102	false
east	98	-1	255	98	102	false
east	98	0	256	98	101	false
east	98	1	257	98	101	false
east	98	2	258	98	101	false
east	98	3	259	98	101	false
east	99	-3	253	99	103	false
east	99	-2	254	99	102	false
east	99	-1	255	99	102	false
east	99	0	256	99	101	false
east	99	1	257	99	101	false
east	99	2	258	99	101	false
east	99	3	259	99	101	false
east	100	-3	253	100	103	false
east	100	-2	254	100	102	false
east	100	-1	255	100	102	false
east	100	0	256	100	101	false
east	100	1	257	100	101	false
east	100	2	258	100	101	false
east	100	3	259	100	101	false
east	101	-3	253	101	103	false
east	101	-2	254	101	102	false
east	101	-1	255	101	102	false
east	101	0	256	101	101	false
east	101	1	257	101	101	false
east	101	2	258	101	101	false
east	101	3	259	101	101	false
east	102	-3	253	102	103	false
east	102	-2	254	102	102	false
east	102	-1	255	102	102	false
east	102	0	256	102	101	false
east	102	1	257	102	101	false
east	102	2	258	102	101	false
east	102	3	259	102	101	false
east	103	-3	253	103	103	false
east	103	-2	254	103	102	false
east	103	-1	255	103	102	false
east	103	0	256	103	101	false
east	103	1	257	103	101	false
east	103	2	258	103	101	false
east	103	3	259	103	101	false
east	104	-3	253	104	103	false
east	104	-2	254	104	102	false
east	104	-1	255	104	102	false
east	104	0	256	104	101	false
east	104	1	257	104	101	false
east	104	2	258	104	101	false
east	104	3	259	104	101	false
east	105	-3	253	105	103	false
east	105	-2	254	105	102	false
east	105	-1	255	105	102	false
east	105	0	256	105	101	false
east	105	1	257	105	101	false
east	105	2	258	105	101	false
east	105	3	259	105	101	false
east	106	-3	253	106	103	false
east	106	-2	254	106	102	false
east	106	-1	255	106	102	false
east	106	0	256	106	101	false
east	106	1	257	106	101	false
east	106	2	258	106	101	false
east	106	3	259	106	101	false
east	107	-3	253	107	103	false
east	107	-2	254	107	102	false
east	107	-1	255	107	102	false
east	107	0	256	107	101	false
east	107	1	257	107	101	false
east	107	2	258	107	101	false
east	107	3	259	107	101	false
east	108	-3	253	108	103	false
east	108	-2	254	108	102	false
east	108	-1	255	108	102	false
east	108	0	256	108	101	false
east	108	1	257	108	101	false
east	108	2	258	108	101	false
east	108	3	259	108	101	false
east	109	-3	253	109	102	false
east	109	-2	254	109	102	false
east	109	-1	255	109	102	false
east	109	0	256	109	101	false
east	109	1	257	109	101	false
east	109	2	258	109	101	false
east	109	3	259	109	101	false
east	110	-3	253	110	102	false
east	110	-2	254	110	102	false
east	110	-1	255	110	102	false
east	110	0	256	110	101	false
east	110	1	257	110	101	false
east	110	2	258	110	101	false
east	110	3	259	110	101	false
east	111	-3	253	111	102	false
east	111	-2	254	111	102	false
east	111	-1	255	111	101	false
east	111	0	256	111	101	false
east	111	1	257	111	101	false
east	111	2	258	111	101	false
east	111	3	259	111	101	false
east	112	-3	253	112	102	false
east	112	-2	254	112	102	false
east	112	-1	255	112	101	false
east	112	0	256	112	101	false
east	112	1	257	112	101	false
east	112	2	258	112	101	false
east	112	3	259	112	101	false
east	113	-3	253	113	102	false
east	113	-2	254	113	102	false
east	113	-1	255	113	101	false
east	113	0	256	113	101	false
east	113	1	257	113	101	false
east	113	2	258	113	101	false
east	113	3	259	113	101	false
east	114	-3	253	114	102	false
east	114	-2	254	114	102	false
east	114	-1	255	114	101	false
east	114	0	256	114	101	false
east	114	1	257	114	101	false
east	114	2	258	114	101	false
east	114	3	259	114	101	false
east	115	-3	253	115	102	false
east	115	-2	254	115	102	false
east	115	-1	255	115	101	false
east	115	0	256	115	101	false
east	115	1	257	115	101	false
east	115	2	258	115	101	false
east	115	3	259	115	101	false
east	116	-3	253	116	102	false
east	116	-2	254	116	102	false
east	116	-1	255	116	101	false
east	116	0	256	116	101	false
east	116	1	257	116	101	false
east	116	2	258	116	101	false
east	116	3	259	116	101	false
east	117	-3	253	117	102	false
east	117	-2	254	117	101	false
east	117	-1	255	117	101	false
east	117	0	256	117	101	false
east	117	1	257	117	101	false
east	117	2	258	117	101	false
east	117	3	259	117	101	false
east	118	-3	253	118	102	false
east	118	-2	254	118	101	false
east	118	-1	255	118	101	false
east	118	0	256	118	101	false
east	118	1	257	118	101	false
east	118	2	258	118	101	false
east	118	3	259	118	101	false
east	119	-3	253	119	102	false
east	119	-2	254	119	101	false
east	119	-1	255	119	101	false
east	119	0	256	119	101	false
east	119	1	257	119	101	false
east	119	2	258	119	101	false
east	119	3	259	119	101	false
east	120	-3	253	120	102	false
east	120	-2	254	120	102	false
east	120	-1	255	120	101	false
east	120	0	256	120	101	false
east	120	1	257	120	101	false
east	120	2	258	120	101	false
east	120	3	259	120	101	false
east	121	-3	253	121	102	false
east	121	-2	254	121	102	false
east	121	-1	255	121	101	false
east	121	0	256	121	101	false
east	121	1	257	121	101	false
east	121	2	258	121	101	false
east	121	3	259	121	101	false
east	122	-3	253	122	102	false
east	122	-2	254	122	102	false
east	122	-1	255	122	101	false
east	122	0	256	122	101	false
east	122	1	257	122	101	false
east	122	2	258	122	101	false
east	122	3	259	122	101	false
east	123	-3	253	123	102	false
east	123	-2	254	123	102	false
east	123	-1	255	123	102	false
east	123	0	256	123	101	false
east	123	1	257	123	101	false
east	123	2	258	123	101	false
east	123	3	259	123	101	false
east	124	-3	253	124	102	false
east	124	-2	254	124	102	false
east	124	-1	255	124	102	false
east	124	0	256	124	101	false
east	124	1	257	124	101	false
east	124	2	258	124	101	false
east	124	3	259	124	101	false
east	125	-3	253	125	103	false
east	125	-2	254	125	102	false
east	125	-1	255	125	102	false
east	125	0	256	125	102	false
east	125	1	257	125	101	false
east	125	2	258	125	101	false
east	125	3	259	125	101	false
east	126	-3	253	126	103	false
east	126	-2	254	126	102	false
east	126	-1	255	126	102	false
east	126	0	256	126	102	false
east	126	1	257	126	101	false
east	126	2	258	126	101	false
east	126	3	259	126	101	false
east	127	-3	253	127	103	false
east	127	-2	254	127	103	false
east	127	-1	255	127	102	false
east	127	0	256	127	102	false
east	127	1	257	127	102	false
east	127	2	258	127	101	false
east	127	3	259	127	101	false
east	128	-3	253	128	104	false
east	128	-2	254	128	103	false
east	128	-1	255	128	102	false
east	128	0	256	128	102	false
east	128	1	257	128	102	false
east	128	2	258	128	102	false
east	128	3	259	128	101	false
east	129	-3	253	129	104	false
east	129	-2	254	129	103	false
east	129	-1	255	129	103	false
east	129	0	256	129	102	false
east	129	1	257	129	102	false
east	129	2	258	129	102	false
east	129	3	259	129	101	false
east	130	-3	253	130	104	false
east	130	-2	254	130	104	false
east	130	-1	255	130	103	false
east	130	0	256	130	103	false
east	130	1	257	130	102	false
east	130	2	258	130	102	false
east	130	3	259	130	101	false
east	131	-3	253	131	104	false
east	131	-2	254	131	104	false
east	131	-1	255	131	103	false
east	131	0	256	131	103	false
east	131	1	257	131	102	false
east	131	2	258	131	102	false
east	131	3	259	131	101	false
east	132	-3	253	132	104	false
east	132	-2	254	132	103	false
east	132	-1	255	132	103	false
east	132	0	256	132	102	false
east	132	1	257	132	102	false
east	132	2	258	132	102	false
east	132	3	259	132	101	false
east	133	-3	253	133	104	false
east	133	-2	254	133	103	false
east	133	-1	255	133	102	false
east	133	0	256	133	102	false
east	133	1	257	133	102	false
east	133	2	258	133	102	false
east	133	3	259	133	101	false
east	134	-3	253	134	104	false
east	134	-2	254	134	103	false
east	134	-1	255	134	102	false
east	134	0	256	134	102	false
east	134	1	257	134	102	false
east	134	2	258	134	102	false
east	134	3	259	134	102	false
east	135	-3	253	135	104	false
east	135	-2	254	135	103	false
east	135	-1	255	135	103	false
east	135	0	256	135	103	false
east	135	1	257	135	102	false
east	135	2	258	135	102	false
east	135	3	259	135	102	false
east	136	-3	253	136	104	false
east	136	-2	254	136	104	false
east	136	-1	255	136	104	false
east	136	0	256	136	103	false
east	136	1	257	136	103	false
east	136	2	258	136	102	false
east	136	3	259	136	102	false
east	137	-3	253	137	104	false
east	137	-2	254	137	104	false
east	137	-1	255	137	104	false
east	137	0	256	137	104	false
east	137	1	257	137	103	false
east	137	2	258	137	103	false
east	137	3	259	137	103	false
east	138	-3	253	138	104	false
east	138	-2	254	138	104	false
east	138	-1	255	138	104	false
east	138	0	256	138	104	false
east	138	1	257	138	104	false
east	138	2	258	138	104	false
east	138	3	259	138	104	false
east	139	-3	253	139	104	false
east	139	-2	254	139	104	false
east	139	-1	255	139	104	false
east	139	0	256	139	104	false
east	139	1	257	139	104	false
east	139	2	258	139	104	false
east	139	3	259	139	104	false
east	140	-3	253	140	104	false
east	140	-2	254	140	104	false
east	140	-1	255	140	104	false
east	140	0	256	140	104	false
east	140	1	257	140	104	false
east	140	2	258	140	104	false
east	140	3	259	140	104	false
east	141	-3	253	141	104	false
east	141	-2	254	141	104	false
east	141	-1	255	141	104	false
east	141	0	256	141	104	false
east	141	1	257	141	104	false
east	141	2	258	141	104	false
east	141	3	259	141	104	false
east	142	-3	253	142	104	false
east	142	-2	254	142	104	false
east	142	-1	255	142	104	false
east	142	0	256	142	104	false
east	142	1	257	142	104	false
east	142	2	258	142	104	false
east	142	3	259	142	104	false
east	143	-3	253	143	104	false
east	143	-2	254	143	104	false
east	143	-1	255	143	104	false
east	143	0	256	143	104	false
east	143	1	257	143	104	false
east	143	2	258	143	104	false
east	143	3	259	143	104	false
east	144	-3	253	144	104	false
east	144	-2	254	144	104	false
east	144	-1	255	144	104	false
east	144	0	256	144	104	false
east	144	1	257	144	104	false
east	144	2	258	144	104	false
east	144	3	259	144	104	false
east	145	-3	253	145	105	false
east	145	-2	254	145	105	false
east	145	-1	255	145	105	false
east	145	0	256	145	105	false
east	145	1	257	145	105	false
east	145	2	258	145	105	false
east	145	3	259	145	105	false
east	146	-3	253	146	105	false
east	146	-2	254	146	105	false
east	146	-1	255	146	105	false
east	146	0	256	146	105	false
east	146	1	257	146	105	false
east	146	2	258	146	105	false
east	146	3	259	146	105	false
east	147	-3	253	147	106	false
east	147	-2	254	147	106	false
east	147	-1	255	147	106	false
east	147	0	256	147	106	false
east	147	1	257	147	106	false
east	147	2	258	147	106	false
east	147	3	259	147	106	false
east	148	-3	253	148	107	false
east	148	-2	254	148	107	false
east	148	-1	255	148	107	false
east	148	0	256	148	107	false
east	148	1	257	148	107	false
east	148	2	258	148	107	false
east	148	3	259	148	107	false
east	149	-3	253	149	107	false
east	149	-2	254	149	107	false
east	149	-1	255	149	107	false
east	149	0	256	149	107	false
east	149	1	257	149	107	false
east	149	2	258	149	107	false
east	149	3	259	149	107	false
east	150	-3	253	150	107	false
east	150	-2	254	150	107	false
east	150	-1	255	150	107	false
east	150	0	256	150	107	false
east	150	1	257	150	107	false
east	150	2	258	150	107	false
east	150	3	259	150	107	false
east	151	-3	253	151	107	false
east	151	-2	254	151	107	false
east	151	-1	255	151	107	false
east	151	0	256	151	107	false
east	151	1	257	151	107	false
east	151	2	258	151	107	false
east	151	3	259	151	107	false
east	152	-3	253	152	107	false
east	152	-2	254	152	107	false
east	152	-1	255	152	107	false
east	152	0	256	152	107	false
east	152	1	257	152	107	false
east	152	2	258	152	107	false
east	152	3	259	152	107	false
east	153	-3	253	153	107	false
east	153	-2	254	153	107	false
east	153	-1	255	153	107	false
east	153	0	256	153	107	false
east	153	1	257	153	107	false
east	153	2	258	153	107	false
east	153	3	259	153	107	false
east	154	-3	253	154	107	false
east	154	-2	254	154	107	false
east	154	-1	255	154	107	false
east	154	0	256	154	107	false
east	154	1	257	154	107	false
east	154	2	258	154	107	false
east	154	3	259	154	107	false
east	155	-3	253	155	107	false
east	155	-2	254	155	107	false
east	155	-1	255	155	107	false
east	155	0	256	155	107	false
east	155	1	257	155	107	false
east	155	2	258	155	107	false
east	155	3	259	155	107	false
east	156	-3	253	156	107	false
east	156	-2	254	156	107	false
east	156	-1	255	156	107	false
east	156	0	256	156	107	false
east	156	1	257	156	107	false
east	156	2	258	156	107	false
east	156	3	259	156	107	false
east	157	-3	253	157	107	false
east	157	-2	254	157	107	false
east	157	-1	255	157	107	false
east	157	0	256	157	107	false
east	157	1	257	157	107	false
east	157	2	258	157	107	false
east	157	3	259	157	107	false
east	158	-3	253	158	107	false
east	158	-2	254	158	107	false
east	158	-1	255	158	107	false
east	158	0	256	158	107	false
east	158	1	257	158	107	false
east	158	2	258	158	107	false
east	158	3	259	158	107	false
east	159	-3	253	159	107	false
east	159	-2	254	159	107	false
east	159	-1	255	159	107	false
east	159	0	256	159	107	false
east	159	1	257	159	107	false
east	159	2	258	159	107	false
east	159	3	259	159	107	false
east	160	-3	253	160	107	false
east	160	-2	254	160	107	false
east	160	-1	255	160	107	false
east	160	0	256	160	107	false
east	160	1	257	160	107	false
east	160	2	258	160	107	false
east	160	3	259	160	107	false
east	161	-3	253	161	107	false
east	161	-2	254	161	107	false
east	161	-1	255	161	107	false
east	161	0	256	161	107	false
east	161	1	257	161	107	false
east	161	2	258	161	107	false
east	161	3	259	161	107	false
east	162	-3	253	162	107	false
east	162	-2	254	162	107	false
east	162	-1	255	162	107	false
east	162	0	256	162	107	false
east	162	1	257	162	107	false
east	162	2	258	162	107	false
east	162	3	259	162	107	false
east	163	-3	253	163	107	false
east	163	-2	254	163	107	false
east	163	-1	255	163	107	false
east	163	0	256	163	107	false
east	163	1	257	163	107	false
east	163	2	258	163	107	false
east	163	3	259	163	107	false
east	164	-3	253	164	107	false
east	164	-2	254	164	107	false
east	164	-1	255	164	107	false
east	164	0	256	164	107	false
east	164	1	257	164	107	false
east	164	2	258	164	107	false
east	164	3	259	164	107	false
east	165	-3	253	165	107	false
east	165	-2	254	165	107	false
east	165	-1	255	165	107	false
east	165	0	256	165	107	false
east	165	1	257	165	107	false
east	165	2	258	165	107	false
east	165	3	259	165	107	false
east	166	-3	253	166	107	false
east	166	-2	254	166	107	false
east	166	-1	255	166	107	false
east	166	0	256	166	107	false
east	166	1	257	166	107	false
east	166	2	258	166	107	false
east	166	3	259	166	107	false
east	167	-3	253	167	107	false
east	167	-2	254	167	107	false
east	167	-1	255	167	107	false
east	167	0	256	167	107	false
east	167	1	257	167	107	false
east	167	2	258	167	107	false
east	167	3	259	167	107	false
east	168	-3	253	168	107	false
east	168	-2	254	168	107	false
east	168	-1	255	168	107	false
east	168	0	256	168	107	false
east	168	1	257	168	107	false
east	168	2	258	168	107	false
east	168	3	259	168	107	false
east	169	-3	253	169	107	false
east	169	-2	254	169	107	false
east	169	-1	255	169	107	false
east	169	0	256	169	107	false
east	169	1	257	169	107	false
east	169	2	258	169	107	false
east	169	3	259	169	107	false
east	170	-3	253	170	107	false
east	170	-2	254	170	107	false
east	170	-1	255	170	107	false
east	170	0	256	170	107	false
east	170	1	257	170	107	false
east	170	2	258	170	107	false
east	170	3	259	170	107	false
east	171	-3	253	171	107	false
east	171	-2	254	171	107	false
east	171	-1	255	171	107	false
east	171	0	256	171	106	false
east	171	1	257	171	106	false
east	171	2	258	171	106	false
east	171	3	259	171	107	false
east	172	-3	253	172	107	false
east	172	-2	254	172	107	false
east	172	-1	255	172	106	false
east	172	0	256	172	106	false
east	172	1	257	172	105	false
east	172	2	258	172	106	false
east	172	3	259	172	106	false
east	173	-3	253	173	106	false
east	173	-2	254	173	106	false
east	173	-1	255	173	106	false
east	173	0	256	173	105	false
east	173	1	257	173	105	false
east	173	2	258	173	105	false
east	173	3	259	173	105	false
east	174	-3	253	174	106	false
east	174	-2	254	174	105	false
east	174	-1	255	174	105	false
east	174	0	256	174	105	false
east	174	1	257	174	105	false
east	174	2	258	174	105	false
east	174	3	259	174	105	false
east	175	-3	253	175	105	false
east	175	-2	254	175	105	false
east	175	-1	255	175	105	false
east	175	0	256	175	105	false
east	175	1	257	175	105	false
east	175	2	258	175	104	false
east	175	3	259	175	104	false
east	176	-3	253	176	105	false
east	176	-2	254	176	105	false
east	176	-1	255	176	105	false
east	176	0	256	176	104	false
east	176	1	257	176	104	false
east	176	2	258	176	104	false
east	176	3	259	176	104	false
east	177	-3	253	177	104	false
east	177	-2	254	177	104	false
east	177	-1	255	177	104	false
east	177	0	256	177	104	false
east	177	1	257	177	104	false
east	177	2	258	177	104	false
east	177	3	259	177	104	false
east	178	-3	253	178	104	false
east	178	-2	254	178	104	false
east	178	-1	255	178	104	false
east	178	0	256	178	104	false
east	178	1	257	178	104	false
east	178	2	258	178	104	false
east	178	3	259	178	104	false
east	179	-3	253	179	104	false
east	179	-2	254	179	104	false
east	179	-1	255	179	104	false
east	179	0	256	179	104	false
east	179	1	257	179	104	false
east	179	2	258	179	104	false
east	179	3	259	179	104	false
east	180	-3	253	180	104	false
east	180	-2	254	180	104	false
east	180	-1	255	180	104	false
east	180	0	256	180	104	false
east	180	1	257	180	104	false
east	180	2	258	180	104	false
east	180	3	259	180	104	false
east	181	-3	253	181	103	false
east	181	-2	254	181	103	false
east	181	-1	255	181	103	false
east	181	0	256	181	103	false
east	181	1	257	181	103	false
east	181	2	258	181	103	false
east	181	3	259	181	103	false
east	182	-3	253	182	103	false
east	182	-2	254	182	102	false
east	182	-1	255	182	102	false
east	182	0	256	182	102	false
east	182	1	257	182	102	false
east	182	2	258	182	102	false
east	182	3	259	182	102	false
east	183	-3	253	183	102	false
east	183	-2	254	183	102	false
east	183	-1	255	183	102	false
east	183	0	256	183	102	false
east	183	1	257	183	102	false
east	183	2	258	183	102	false
east	183	3	259	183	102	false
east	184	-3	253	184	102	false
east	184	-2	254	184	102	false
east	184	-1	255	184	102	false
east	184	0	256	184	101	false
east	184	1	257	184	101	false
east	184	2	258	184	101	false
east	184	3	259	184	101	false
east	185	-3	253	185	101	false
east	185	-2	254	185	101	false
east	185	-1	255	185	101	false
east	185	0	256	185	101	false
east	185	1	257	185	101	false
east	185	2	258	185	101	false
east	185	3	259	185	101	false
east	186	-3	253	186	101	false
east	186	-2	254	186	101	false
east	186	-1	255	186	101	false
east	186	0	256	186	101	false
east	186	1	257	186	101	false
east	186	2	258	186	101	false
east	186	3	259	186	101	false
east	187	-3	253	187	101	false
east	187	-2	254	187	101	false
east	187	-1	255	187	101	false
east	187	0	256	187	101	false
east	187	1	257	187	101	false
east	187	2	258	187	101	false
east	187	3	259	187	100	false
east	188	-3	253	188	101	false
east	188	-2	254	188	101	false
east	188	-1	255	188	101	false
east	188	0	256	188	100	false
east	188	1	257	188	100	false
east	188	2	258	188	100	false
east	188	3	259	188	100	false
east	189	-3	253	189	101	false
east	189	-2	254	189	101	false
east	189	-1	255	189	100	false
east	189	0	256	189	100	false
east	189	1	257	189	99	false
east	189	2	258	189	99	false
east	189	3	259	189	99	false
east	190	-3	253	190	101	false
east	190	-2	254	190	101	false
east	190	-1	255	190	100	false
east	190	0	256	190	99	false
east	190	1	257	190	99	false
east	190	2	258	190	99	false
east	190	3	259	190	99	false
east	191	-3	253	191	101	false
east	191	-2	254	191	100	false
east	191	-1	255	191	100	false
east	191	0	256	191	99	false
east	191	1	257	191	99	false
east	191	2	258	191	99	false
east	191	3	259	191	98	false
east	192	-3	253	192	101	false
east	192	-2	254	192	100	false
east	192	-1	255	192	99	false
east	192	0	256	192	99	false
east	192	1	257	192	99	false
east	192	2	258	192	98	false
east	192	3	259	192	98	false
east	193	-3	253	193	101	false
east	193	-2	254	193	100	false
east	193	-1	255	193	99	false
east	193	0	256	193	99	false
east	193	1	257	193	99	false
east	193	2	258	193	98	false
east	193	3	259	193	98	false
east	194	-3	253	194	101	false
east	194	-2	254	194	100	false
east	194	-1	255	194	99	false
east	194	0	256	194	99	false
east	194	1	257	194	98	false
east	194	2	258	194	98	false
east	194	3	259	194	98	false
east	195	-3	253	195	101	false
east	195	-2	254	195	100	false
east	195	-1	255	195	99	false
east	195	0	256	195	99	false
east	195	1	257	195	98	false
east	195	2	258	195	98	false
east	195	3	259	195	98	false
east	196	-3	253	196	101	false
east	196	-2	254	196	100	false
east	196	-1	255	196	99	false
east	196	0	256	196	99	false
east	196	1	257	196	98	false
east	196	2	258	196	98	false
east	196	3	259	196	98	false
east	197	-3	253	197	101	false
east	197	-2	254	197	100	false
east	197	-1	255	197	99	false
east	197	0	256	197	99	false
east	197	1	257	197	98	false
east	197	2	258	197	98	false
east	197	3	259	197	98	false
east	198	-3	253	198	101	false
east	198	-2	254	198	100	false
east	198	-1	255	198	99	false
east	198	0	256	198	99	false
east	198	1	257	198	98	false
east	198	2	258	198	98	false
east	198	3	259	198	98	false
east	199	-3	253	199	101	false
east	199	-2	254	199	100	false
east	199	-1	255	199	99	false
east	199	0	256	199	99	false
east	199	1	257	199	98	false
east	199	2	258	199	98	false
east	199	3	259	199	98	false
east	200	-3	253	200	101	false
east	200	-2	254	200	100	false
east	200	-1	255	200	99	false
east	200	0	256	200	99	false
east	200	1	257	200	99	false
east	200	2	258	200	98	false
east	200	3	259	200	98	false
east	201	-3	253	201	101	false
east	201	-2	254	201	100	false
east	201	-1	255	201	99	false
east	201	0	256	201	99	false
east	201	1	257	201	99	false
east	201	2	258	201	98	false
east	201	3	259	201	98	false
east	202	-3	253	202	101	false
east	202	-2	254	202	100	false
east	202	-1	255	202	100	false
east	202	0	256	202	99	false
east	202	1	257	202	99	false
east	202	2	258	202	98	false
east	202	3	259	202	98	false
east	203	-3	253	203	100	false
east	203	-2	254	203	100	false
east	203	-1	255	203	100	false
east	203	0	256	203	99	false
east	203	1	257	203	99	false
east	203	2	258	203	98	false
east	203	3	259	203	98	false
east	204	-3	253	204	100	false
east	204	-2	254	204	99	false
east	204	-1	255	204	99	false
east	204	0	256	204	99	false
east	204	1	257	204	99	false
east	204	2	258	204	98	false
east	204	3	259	204	98	false
east	205	-3	253	205	99	false
east	205	-2	254	205	99	false
east	205	-1	255	205	99	false
east	205	0	256	205	99	false
east	205	1	257	205	99	false
east	205	2	258	205	98	false
east	205	3	259	205	98	false
east	206	-3	253	206	99	false
east	206	-2	254	206	99	false
east	206	-1	255	206	99	false
east	206	0	256	206	98	false
east	206	1	257	206	98	false
east	206	2	258	206	98	false
east	206	3	259	206	98	false
east	207	-3	253	207	99	false
east	207	-2	254	207	98	false
east	207	-1	255	207	98	false
east	207	0	256	207	98	false
east	207	1	257	207	98	false
east	207	2	258	207	98	false
east	207	3	259	207	98	false
east	208	-3	253	208	98	false
east	208	-2	254	208	98	false
east	208	-1	255	208	98	false
east	208	0	256	208	98	false
east	208	1	257	208	98	false
east	208	2	258	208	98	false
east	208	3	259	208	98	false
east	209	-3	253	209	98	false
east	209	-2	254	209	98	false
east	209	-1	255	209	98	false
east	209	0	256	209	98	false
east	209	1	257	209	98	false
east	209	2	258	209	98	false
east	209	3	259	209	98	false
east	210	-3	253	210	99	false
east	210	-2	254	210	98	false
east	210	-1	255	210	98	false
east	210	0	256	210	98	false
east	210	1	257	210	98	false
east	210	2	258	210	98	false
east	210	3	259	210	98	false
east	211	-3	253	211	99	false
east	211	-2	254	211	98	false
east	211	-1	255	211	98	false
east	211	0	256	211	98	false
east	211	1	257	211	98	false
east	211	2	258	211	98	false
east	211	3	259	211	98	false
east	212	-3	253	212	99	false
east	212	-2	254	212	98	false
east	212	-1	255	212	98	false
east	212	0	256	212	98	false
east	212	1	257	212	98	false
east	212	2	258	212	98	false
east	212	3	259	212	98	false
east	213	-3	253	213	99	false
east	213	-2	254	213	98	false
east	213	-1	255	213	98	false
east	213	0	256	213	98	false
east	213	1	257	213	98	false
east	213	2	258	213	98	false
east	213	3	259	213	98	false
east	214	-3	253	214	99	false
east	214	-2	254	214	98	false
east	214	-1	255	214	98	false
east	214	0	256	214	98	false
east	214	1	257	214	98	false
east	214	2	258	214	98	false
east	214	3	259	214	98	false
east	215	-3	253	215	99	false
east	215	-2	254	215	98	false
east	215	-1	255	215	98	false
east	215	0	256	215	98	false
east	215	1	257	215	98	false
east	215	2	258	215	98	false
east	215	3	259	215	98	false
east	216	-3	253	216	99	false
east	216	-2	254	216	99	false
east	216	-1	255	216	98	false
east	216	0	256	216	98	false
east	216	1	257	216	98	false
east	216	2	258	216	98	false
east	216	3	259	216	98	false
east	217	-3	253	217	99	false
east	217	-2	254	217	99	false
east	217	-1	255	217	98	false
east	217	0	256	217	98	false
east	217	1	257	217	98	false
east	217	2	258	217	98	false
east	217	3	259	217	98	false
east	218	-3	253	218	99	false
east	218	-2	254	218	99	false
east	218	-1	255	218	98	false
east	218	0	256	218	98	false
east	218	1	257	218	98	false
east	218	2	258	218	98	false
east	218	3	259	218	98	false
east	219	-3	253	219	99	false
east	219	-2	254	219	99	false
east	219	-1	255	219	98	false
east	219	0	256	219	98	false
east	219	1	257	219	98	false
east	219	2	258	219	98	false
east	219	3	259	219	98	false
east	220	-3	253	220	99	false
east	220	-2	254	220	99	false
east	220	-1	255	220	98	false
east	220	0	256	220	98	false
east	220	1	257	220	98	false
east	220	2	258	220	98	false
east	220	3	259	220	98	false
east	221	-3	253	221	99	false
east	221	-2	254	221	98	false
east	221	-1	255	221	98	false
east	221	0	256	221	98	false
east	221	1	257	221	98	false
east	221	2	258	221	98	false
east	221	3	259	221	98	false
east	222	-3	253	222	98	false
east	222	-2	254	222	98	false
east	222	-1	255	222	98	false
east	222	0	256	222	98	false
east	222	1	257	222	98	false
east	222	2	258	222	98	false
east	222	3	259	222	98	false
east	223	-3	253	223	98	false
east	223	-2	254	223	98	false
east	223	-1	255	223	98	false
east	223	0	256	223	98	false
east	223	1	257	223	98	false
east	223	2	258	223	98	false
east	223	3	259	223	98	false
east	224	-3	253	224	98	false
east	224	-2	254	224	98	false
east	224	-1	255	224	98	false
east	224	0	256	224	98	false
east	224	1	257	224	98	false
east	224	2	258	224	98	false
east	224	3	259	224	98	false
east	225	-3	253	225	98	false
east	225	-2	254	225	98	false
east	225	-1	255	225	98	false
east	225	0	256	225	98	false
east	225	1	257	225	98	false
east	225	2	258	225	98	false
east	225	3	259	225	98	false
east	226	-3	253	226	98	false
east	226	-2	254	226	98	false
east	226	-1	255	226	98	false
east	226	0	256	226	98	false
east	226	1	257	226	98	false
east	226	2	258	226	98	false
east	226	3	259	226	98	false
east	227	-3	253	227	98	false
east	227	-2	254	227	98	false
east	227	-1	255	227	98	false
east	227	0	256	227	98	false
east	227	1	257	227	98	false
east	227	2	258	227	98	false
east	227	3	259	227	98	false
east	228	-3	253	228	98	false
east	228	-2	254	228	98	false
east	228	-1	255	228	98	false
east	228	0	256	228	98	false
east	228	1	257	228	98	false
east	228	2	258	228	98	false
east	228	3	259	228	98	false
east	229	-3	253	229	98	false
east	229	-2	254	229	97	false
east	229	-1	255	229	97	false
east	229	0	256	229	97	false
east	229	1	257	229	97	false
east	229	2	258	229	97	false
east	229	3	259	229	97	false
east	230	-3	253	230	97	false
east	230	-2	254	230	97	false
east	230	-1	255	230	96	false
east	230	0	256	230	96	false
east	230	1	257	230	96	false
east	230	2	258	230	96	false
east	230	3	259	230	96	false
east	231	-3	253	231	97	false
east	231	-2	254	231	96	false
east	231	-1	255	231	96	false
east	231	0	256	231	96	false
east	231	1	257	231	96	false
east	231	2	258	231	96	false
east	231	3	259	231	96	false
east	232	-3	253	232	96	false
east	232	-2	254	232	96	false
east	232	-1	255	232	96	false
east	232	0	256	232	96	false
east	232	1	257	232	95	false
east	232	2	258	232	95	false
east	232	3	259	232	95	false
east	233	-3	253	233	96	false
east	233	-2	254	233	96	false
east	233	-1	255	233	96	false
east	233	0	256	233	95	false
east	233	1	257	233	95	false
east	233	2	258	233	95	false
east	233	3	259	233	95	false
east	234	-3	253	234	96	false
east	234	-2	254	234	96	false
east	234	-1	255	234	95	false
east	234	0	256	234	95	false
east	234	1	257	234	95	false
east	234	2	258	234	95	false
east	234	3	259	234	95	false
east	235	-3	253	235	95	false
east	235	-2	254	235	95	false
east	235	-1	255	235	95	false
east	235	0	256	235	95	false
east	235	1	257	235	95	false
east	235	2	258	235	95	false
east	235	3	259	235	95	false
east	236	-3	253	236	94	false
east	236	-2	254	236	94	false
east	236	-1	255	236	94	false
east	236	0	256	236	94	false
east	236	1	257	236	94	false
east	236	2	258	236	94	false
east	236	3	259	236	94	false
east	237	-3	253	237	94	false
east	237	-2	254	237	93	false
east	237	-1	255	237	93	false
east	237	0	256	237	93	false
east	237	1	257	237	93	false
east	237	2	258	237	93	false
east	237	3	259	237	93	false
east	238	-3	253	238	93	false
east	238	-2	254	238	93	false
east	238	-1	255	238	93	false
east	238	0	256	238	93	false
east	238	1	257	238	93	false
east	238	2	258	238	92	false
east	238	3	259	238	92	false
east	239	-3	253	239	92	false
east	239	-2	254	239	92	false
east	239	-1	255	239	92	false
east	239	0	256	239	92	false
east	239	1	257	239	92	false
east	239	2	258	239	92	false
east	239	3	259	239	91	false
east	240	-3	253	240	92	false
east	240	-2	254	240	91	false
east	240	-1	255	240	91	false
east	240	0	256	240	91	false
east	240	1	257	240	91	false
east	240	2	258	240	91	false
east	240	3	259	240	91	false
east	241	-3	253	241	92	false
east	241	-2	254	241	91	false
east	241	-1	255	241	90	false
east	241	0	256	241	90	false
east	241	1	257	241	90	false
east	241	2	258	241	90	false
east	241	3	259	241	90	false
east	242	-3	253	242	91	false
east	242	-2	254	242	91	false
east	242	-1	255	242	90	false
east	242	0	256	242	89	false
east	242	1	257	242	89	false
east	242	2	258	242	89	false
east	242	3	259	242	89	false
east	243	-3	253	243	90	false
east	243	-2	254	243	90	false
east	243	-1	255	243	89	false
east	243	0	256	243	89	false
east	243	1	257	243	88	false
east	243	2	258	243	88	false
east	243	3	259	243	88	false
east	244	-3	253	244	89	false
east	244	-2	254	244	89	false
east	244	-1	255	244	89	false
east	244	0	256	244	87	false
east	244	1	257	244	87	false
east	244	2	258	244	87	false
east	244	3	259	244	87	false
east	245	-3	253	245	88	false
east	245	-2	254	245	88	false
east	245	-1	255	245	88	false
east	245	0	256	245	87	false
east	245	1	257	245	87	false
east	245	2	258	245	87	false
east	245	3	259	245	87	false
east	246	-3	253	246	87	false
east	246	-2	254	246	87	false
east	246	-1	255	246	87	false
east	246	0	256	246	87	false
east	246	1	257	246	86	false
east	246	2	258	246	86	false
east	246	3	259	246	86	false
east	247	-3	253	247	86	false
east	247	-2	254	247	86	false
east	247	-1	255	247	86	false
east	247	0	256	247	86	false
east	247	1	257	247	86	false
east	247	2	258	247	85	false
east	247	3	259	247	85	false
east	248	-3	253	248	85	false
east	248	-2	254	248	85	false
east	248	-1	255	248	85	false
east	248	0	256	248	84	false
east	248	1	257	248	84	false
east	248	2	258	248	84	false
east	248	3	259	248	84	false
east	249	-3	253	249	84	false
east	249	-2	254	249	84	false
east	249	-1	255	249	84	false
east	249	0	256	249	84	false
east	249	1	257	249	83	false
east	249	2	258	249	83	false
east	249	3	259	249	83	false
east	250	-3	253	250	83	false
east	250	-2	254	250	83	false
east	250	-1	255	250	83	false
east	250	0	256	250	83	false
east	250	1	257	250	83	false
east	250	2	258	250	82	false
east	250	3	259	250	82	false
east	251	-3	253	251	82	false
east	251	-2	254	251	82	false
east	251	-1	255	251	81	false
east	251	0	256	251	81	false
east	251	1	257	251	81	false
east	251	2	258	251	81	false
east	251	3	259	251	81	false
east	252	-3	253	252	81	false
east	252	-2	254	252	81	false
east	252	-1	255	252	81	false
east	252	0	256	252	80	false
east	252	1	257	252	80	false
east	252	2	258	252	80	false
east	252	3	259	252	80	false
east	253	-3	253	253	80	false
east	253	-2	254	253	80	false
east	253	-1	255	253	80	false
east	253	0	256	253	80	false
east	253	1	257	253	79	false
east	253	2	258	253	79	false
east	253	3	259	253	79	false
east	254	-3	253	254	78	false
east	254	-2	254	254	78	false
east	254	-1	255	254	78	false
east	254	0	256	254	78	false
east	254	1	257	254	78	false
east	254	2	258	254	78	false
east	254	3	259	254	78	false
east	255	-3	253	255	77	false
east	255	-2	254	255	77	false
east	255	-1	255	255	77	false
east	255	0	256	255	77	false
east	255	1	257	255	77	false
east	255	2	258	255	77	false
east	255	3	259	255	77	false
east	256	-3	253	256	75	false
east	256	-2	254	256	75	false
east	256	-1	255	256	75	false
east	256	0	256	256	75	false
east	256	1	257	256	75	false
east	256	2	258	256	75	false
east	256	3	259	256	75	false
east	257	-3	253	257	74	false
east	257	-2	254	257	74	false
east	257	-1	255	257	74	false
east	257	0	256	257	74	false
east	257	1	257	257	74	false
east	257	2	258	257	74	false
east	257	3	259	257	74	false
east	258	-3	253	258	73	false
east	258	-2	254	258	72	false
east	258	-1	255	258	72	false
east	258	0	256	258	72	false
east	258	1	257	258	72	false
east	258	2	258	258	72	false
east	258	3	259	258	72	false
east	259	-3	253	259	71	false
east	259	-2	254	259	71	false
east	259	-1	255	259	71	false
east	259	0	256	259	71	false
east	259	1	257	259	71	false
east	259	2	258	259	71	false
east	259	3	259	259	70	false
east	260	-3	253	260	70	false
east	260	-2	254	260	70	false
east	260	-1	255	260	70	false
east	260	0	256	260	70	false
east	260	1	257	260	69	false
east	260	2	258	260	69	false
east	260	3	259	260	69	false
east	261	-3	253	261	68	false
east	261	-2	254	261	68	false
east	261	-1	255	261	68	false
east	261	0	256	261	67	false
east	261	1	257	261	67	false
east	261	2	258	261	67	false
east	261	3	259	261	67	false
east	262	-3	253	262	67	false
east	262	-2	254	262	67	false
east	262	-1	255	262	66	false
east	262	0	256	262	66	false
east	262	1	257	262	66	false
east	262	2	258	262	66	false
east	262	3	259	262	66	false
east	263	-3	253	263	66	false
east	263	-2	254	263	65	false
east	263	-1	255	263	65	false
east	263	0	256	263	65	false
east	263	1	257	263	65	false
east	263	2	258	263	65	false
east	263	3	259	263	65	false
east	264	-3	253	264	64	false
east	264	-2	254	264	63	false
east	264	-1	255	264	63	false
east	264	0	256	264	63	false
east	264	1	257	264	63	false
east	264	2	258	264	63	false
east	264	3	259	264	63	false
south	-264	-3	-264	-259	95	false
south	-264	-2	-264	-258	95	false
south	-264	-1	-264	-257	95	false
south	-264	0	-264	-256	95	false
south	-264	1	-264	-255	95	false
south	-264	2	-264	-254	94	false
south	-264	3	-264	-253	94	false
south	-263	-3	-263	-259	95	false
south	-263	-2	-263	-258	95	false
south	-263	-1	-263	-257	95	false
south	-263	0	-263	-256	95	false
south	-263	1	-263	-255	95	false
south	-263	2	-263	-254	95	false
south	-263	3	-263	-253	95	false
south	-262	-3	-262	-259	95	false
south	-262	-2	-262	-258	95	false
south	-262	-1	-262	-257	95	false
south	-262	0	-262	-256	95	false
south	-262	1	-262	-255	95	false
south	-262	2	-262	-254	95	false
south	-262	3	-262	-253	95	false
south	-261	-3	-261	-259	95	false
south	-261	-2	-261	-258	95	false
south	-261	-1	-261	-257	95	false
south	-261	0	-261	-256	95	false
south	-261	1	-261	-255	95	false
south	-261	2	-261	-254	95	false
south	-261	3	-261	-253	95	false
south	-260	-3	-260	-259	95	false
south	-260	-2	-260	-258	95	false
south	-260	-1	-260	-257	95	false
south	-260	0	-260	-256	95	false
south	-260	1	-260	-255	95	false
south	-260	2	-260	-254	95	false
south	-260	3	-260	-253	95	false
south	-259	-3	-259	-259	96	false
south	-259	-2	-259	-258	95	false
south	-259	-1	-259	-257	95	false
south	-259	0	-259	-256	95	false
south	-259	1	-259	-255	95	false
south	-259	2	-259	-254	95	false
south	-259	3	-259	-253	95	false
south	-258	-3	-258	-259	96	false
south	-258	-2	-258	-258	96	false
south	-258	-1	-258	-257	96	false
south	-258	0	-258	-256	96	false
south	-258	1	-258	-255	95	false
south	-258	2	-258	-254	95	false
south	-258	3	-258	-253	95	false
south	-257	-3	-257	-259	96	false
south	-257	-2	-257	-258	96	false
south	-257	-1	-257	-257	96	false
south	-257	0	-257	-256	96	false
south	-257	1	-257	-255	96	false
south	-257	2	-257	-254	96	false
south	-257	3	-257	-253	96	false
south	-256	-3	-256	-259	97	false
south	-256	-2	-256	-258	97	false
south	-256	-1	-256	-257	96	false
south	-256	0	-256	-256	96	false
south	-256	1	-256	-255	96	false
south	-256	2	-256	-254	96	false
south	-256	3	-256	-253	96	false
south	-255	-3	-255	-259	98	false
south	-255	-2	-255	-258	97	false
south	-255	-1	-255	-257	97	false
south	-255	0	-255	-256	97	false
south	-255	1	-255	-255	97	false
south	-255	2	-255	-254	97	false
south	-255	3	-255	-253	96	false
south	-254	-3	-254	-259	98	false
south	-254	-2	-254	-258	98	false
south	-254	-1	-254	-257	98	false
south	-254	0	-254	-256	98	false
south	-254	1	-254	-255	98	false
south	-254	2	-254	-254	97	false
south	-254	3	-254	-253	97	false
south	-253	-3	-253	-259	98	false
south	-253	-2	-253	-258	98	false
south	-253	-1	-253	-257	98	false
south	-253	0	-253	-256	98	false
south	-253	1	-253	-255	98	false
south	-253	2	-253	-254	98	false
south	-253	3	-253	-253	98	false
south	-252	-3	-252	-259	98	false
south	-252	-2	-252	-258	98	false
south	-252	-1	-252	-257	98	false
south	-252	0	-252	-256	98	false
south	-252	1	-252	-255	98	false
south	-252	2	-252	-254	98	false
south	-252	3	-252	-253	98	false
south	-251	-3	-251	-259	98	false
south	-251	-2	-251	-258	98	false
south	-251	-1	-251	-257	98	false
south	-251	0	-251	-256	98	false
south	-251	1	-251	-255	98	false
south	-251	2	-251	-254	98	false
south	-251	3	-251	-253	98	false
south	-250	-3	-250	-259	98	false
south	-250	-2	-250	-258	98	false
south	-250	-1	-250	-257	98	false
south	-250	0	-250	-256	98	false
south	-250	1	-250	-255	98	false
south	-250	2	-250	-254	98	false
south	-250	3	-250	-253	98	false
south	-249	-3	-249	-259	98	false
south	-249	-2	-249	-258	98	false
south	-249	-1	-249	-257	98	false
south	-249	0	-249	-256	98	false
south	-249	1	-249	-255	98	false
south	-249	2	-249	-254	98	false
south	-249	3	-249	-253	98	false
south	-248	-3	-248	-259	98	false
south	-248	-2	-248	-258	98	false
south	-248	-1	-248	-257	98	false
south	-248	0	-248	-256	98	false
south	-248	1	-248	-255	98	false
south	-248	2	-248	-254	98	false
south	-248	3	-248	-253	98	false
south	-247	-3	-247	-259	98	false
south	-247	-2	-247	-258	98	false
south	-247	-1	-247	-257	98	false
south	-247	0	-247	-256	98	false
south	-247	1	-247	-255	98	false
south	-247	2	-247	-254	98	false
south	-247	3	-247	-253	98	false
south	-246	-3	-246	-259	98	false
south	-246	-2	-246	-258	98	false
south	-246	-1	-246	-257	98	false
south	-246	0	-246	-256	98	false
south	-246	1	-246	-255	98	false
south	-246	2	-246	-254	98	false
south	-246	3	-246	-253	98	false
south	-245	-3	-245	-259	98	false
south	-245	-2	-245	-258	98	false
south	-245	-1	-245	-257	98	false
south	-245	0	-245	-256	98	false
south	-245	1	-245	-255	98	false
south	-245	2	-245	-254	98	false
south	-245	3	-245	-253	98	false
south	-244	-3	-244	-259	98	false
south	-244	-2	-244	-258	98	false
south	-244	-1	-244	-257	98	false
south	-244	0	-244	-256	98	false
south	-244	1	-244	-255	98	false
south	-244	2	-244	-254	98	false
south	-244	3	-244	-253	98	false
south	-243	-3	-243	-259	98	false
south	-243	-2	-243	-258	98	false
south	-243	-1	-243	-257	98	false
south	-243	0	-243	-256	98	false
south	-243	1	-243	-255	98	false
south	-243	2	-243	-254	98	false
south	-243	3	-243	-253	98	false
south	-242	-3	-242	-259	98	false
south	-242	-2	-242	-258	98	false
south	-242	-1	-242	-257	98	false
south	-242	0	-242	-256	98	false
south	-242	1	-242	-255	98	false
south	-242	2	-242	-254	98	false
south	-242	3	-242	-253	98	false
south	-241	-3	-241	-259	98	false
south	-241	-2	-241	-258	98	false
south	-241	-1	-241	-257	98	false
south	-241	0	-241	-256	98	false
south	-241	1	-241	-255	98	false
south	-241	2	-241	-254	98	false
south	-241	3	-241	-253	98	false
south	-240	-3	-240	-259	98	false
south	-240	-2	-240	-258	98	false
south	-240	-1	-240	-257	98	false
south	-240	0	-240	-256	98	false
south	-240	1	-240	-255	98	false
south	-240	2	-240	-254	98	false
south	-240	3	-240	-253	98	false
south	-239	-3	-239	-259	98	false
south	-239	-2	-239	-258	98	false
south	-239	-1	-239	-257	98	false
south	-239	0	-239	-256	98	false
south	-239	1	-239	-255	98	false
south	-239	2	-239	-254	98	false
south	-239	3	-239	-253	98	false
south	-238	-3	-238	-259	98	false
south	-238	-2	-238	-258	98	false
south	-238	-1	-238	-257	98	false
south	-238	0	-238	-256	98	false
south	-238	1	-238	-255	98	false
south	-238	2	-238	-254	98	false
south	-238	3	-238	-253	98	false
south	-237	-3	-237	-259	98	false
south	-237	-2	-237	-258	98	false
south	-237	-1	-237	-257	98	false
south	-237	0	-237	-256	98	false
south	-237	1	-237	-255	98	false
south	-237	2	-237	-254	98	false
south	-237	3	-237	-253	98	false
south	-236	-3	-236	-259	98	false
south	-236	-2	-236	-258	98	false
south	-236	-1	-236	-257	98	false
south	-236	0	-236	-256	98	false
south	-236	1	-236	-255	98	false
south	-236	2	-236	-254	98	false
south	-236	3	-236	-253	98	false
south	-235	-3	-235	-259	98	false
south	-235	-2	-235	-258	98	false
south	-235	-1	-235	-257	98	false
south	-235	0	-235	-256	98	false
south	-235	1	-235	-255	98	false
south	-235	2	-235	-254	98	false
south	-235	3	-235	-253	98	false
south	-234	-3	-234	-259	98	false
south	-234	-2	-234	-258	98	false
south	-234	-1	-234	-257	98	false
south	-234	0	-234	-256	98	false
south	-234	1	-234	-255	98	false
south	-234	2	-234	-254	98	false
south	-234	3	-234	-253	98	false
south	-233	-3	-233	-259	98	false
south	-233	-2	-233	-258	98	false
south	-233	-1	-233	-257	98	false
south	-233	0	-233	-256	98	false
south	-233	1	-233	-255	98	false
south	-233	2	-233	-254	98	false
south	-233	3	-233	-253	98	false
south	-232	-3	-232	-259	98	false
south	-232	-2	-232	-258	98	false
south	-232	-1	-232	-257	98	false
south	-232	0	-232	-256	98	false
south	-232	1	-232	-255	98	false
south	-232	2	-232	-254	98	false
south	-232	3	-232	-253	98	false
south	-231	-3	-231	-259	98	false
south	-231	-2	-231	-258	98	false
south	-231	-1	-231	-257	98	false
south	-231	0	-231	-256	98	false
south	-231	1	-231	-255	98	false
south	-231	2	-231	-254	98	false
south	-231	3	-231	-253	98	false
south	-230	-3	-230	-259	98	false
south	-230	-2	-230	-258	98	false
south	-230	-1	-230	-257	98	false
south	-230	0	-230	-256	98	false
south	-230	1	-230	-255	98	false
south	-230	2	-230	-254	98	false
south	-230	3	-230	-253	98	false
south	-229	-3	-229	-259	98	false
south	-229	-2	-229	-258	98	false
south	-229	-1	-229	-257	98	false
south	-229	0	-229	-256	98	false
south	-229	1	-229	-255	98	false
south	-229	2	-229	-254	98	false
south	-229	3	-229	-253	98	false
south	-228	-3	-228	-259	97	false
south	-228	-2	-228	-258	97	false
south	-228	-1	-228	-257	97	false
south	-228	0	-228	-256	97	false
south	-228	1	-228	-255	97	false
south	-228	2	-228	-254	97	false
south	-228	3	-228	-253	97	false
south	-227	-3	-227	-259	96	false
south	-227	-2	-227	-258	96	false
south	-227	-1	-227	-257	96	false
south	-227	0	-227	-256	96	false
south	-227	1	-227	-255	96	false
south	-227	2	-227	-254	96	false
south	-227	3	-227	-253	97	false
south	-226	-3	-226	-259	96	false
south	-226	-2	-226	-258	96	false
south	-226	-1	-226	-257	96	false
south	-226	0	-226	-256	96	false
south	-226	1	-226	-255	96	false
south	-226	2	-226	-254	96	false
south	-226	3	-226	-253	96	false
south	-225	-3	-225	-259	96	false
south	-225	-2	-225	-258	95	false
south	-225	-1	-225	-257	95	false
south	-225	0	-225	-256	95	false
south	-225	1	-225	-255	96	false
south	-225	2	-225	-254	96	false
south	-225	3	-225	-253	96	false
south	-224	-3	-224	-259	96	false
south	-224	-2	-224	-258	96	false
south	-224	-1	-224	-257	96	false
south	-224	0	-224	-256	95	false
south	-224	1	-224	-255	95	false
south	-224	2	-224	-254	95	false
south	-224	3	-224	-253	95	false
south	-223	-3	-223	-259	96	false
south	-223	-2	-223	-258	96	false
south	-223	-1	-223	-257	96	false
south	-223	0	-223	-256	96	false
south	-223	1	-223	-255	96	false
south	-223	2	-223	-254	95	false
south	-223	3	-223	-253	95	false
south	-222	-3	-222	-259	97	false
south	-222	-2	-222	-258	96	false
south	-222	-1	-222	-257	96	false
south	-222	0	-222	-256	96	false
south	-222	1	-222	-255	96	false
south	-222	2	-222	-254	96	false
south	-222	3	-222	-253	95	false
south	-221	-3	-221	-259	97	false
south	-221	-2	-221	-258	97	false
south	-221	-1	-221	-257	97	false
south	-221	0	-221	-256	96	false
south	-221	1	-221	-255	96	false
south	-221	2	-221	-254	96	false
south	-221	3	-221	-253	95	false
south	-220	-3	-220	-259	97	false
south	-220	-2	-220	-258	97	false
south	-220	-1	-220	-257	97	false
south	-220	0	-220	-256	97	false
south	-220	1	-220	-255	96	false
south	-220	2	-220	-254	96	false
south	-220	3	-220	-253	95	false
south	-219	-3	-219	-259	96	false
south	-219	-2	-219	-258	96	false
south	-219	-1	-219	-257	96	false
south	-219	0	-219	-256	96	false
south	-219	1	-219	-255	96	false
south	-219	2	-219	-254	96	false
south	-219	3	-219	-253	95	false
south	-218	-3	-218	-259	96	false
south	-218	-2	-218	-258	96	false
south	-218	-1	-218	-257	96	false
south	-218	0	-218	-256	96	false
south	-218	1	-218	-255	96	false
south	-218	2	-218	-254	96	false
south	-218	3	-218	-253	95	false
south	-217	-3	-217	-259	96	false
south	-217	-2	-217	-258	96	false
south	-217	-1	-217	-257	95	false
south	-217	0	-217	-256	95	false
south	-217	1	-217	-255	95	false
south	-217	2	-217	-254	95	false
south	-217	3	-217	-253	95	false
south	-216	-3	-216	-259	95	false
south	-216	-2	-216	-258	95	false
south	-216	-1	-216	-257	95	false
south	-216	0	-216	-256	95	false
south	-216	1	-216	-255	95	false
south	-216	2	-216	-254	95	false
south	-216	3	-216	-253	95	false
south	-215	-3	-215	-259	95	false
south	-215	-2	-215	-258	95	false
south	-215	-1	-215	-257	95	false
south	-215	0	-215	-256	95	false
south	-215	1	-215	-255	95	false
south	-215	2	-215	-254	95	false
south	-215	3	-215	-253	95	false
south	-214	-3	-214	-259	95	false
south	-214	-2	-214	-258	95	false
south	-214	-1	-214	-257	95	false
south	-214	0	-214	-256	95	false
south	-214	1	-214	-255	95	false
south	-214	2	-214	-254	95	false
south	-214	3	-214	-253	95	false
south	-213	-3	-213	-259	95	false
south	-213	-2	-213	-258	95	false
south	-213	-1	-213	-257	95	false
south	-213	0	-213	-256	95	false
south	-213	1	-213	-255	95	false
south	-213	2	-213	-254	95	false
south	-213	3	-213	-253	95	false
south	-212	-3	-212	-259	95	false
south	-212	-2	-212	-258	95	false
south	-212	-1	-212	-257	95	false
south	-212	0	-212	-256	95	false
south	-212	1	-212	-255	95	false
south	-212	2	-212	-254	95	false
south	-212	3	-212	-253	95	false
south	-211	-3	-211	-259	95	false
south	-211	-2	-211	-258	95	false
south	-211	-1	-211	-257	95	false
south	-211	0	-211	-256	95	false
south	-211	1	-211	-255	95	false
south	-211	2	-211	-254	95	false
south	-211	3	-211	-253	95	false
south	-210	-3	-210	-259	95	false
south	-210	-2	-210	-258	95	false
south	-210	-1	-210	-257	95	false
south	-210	0	-210	-256	95	false
south	-210	1	-210	-255	95	false
south	-210	2	-210	-254	95	false
south	-210	3	-210	-253	95	false
south	-209	-3	-209	-259	95	false
south	-209	-2	-209	-258	95	false
south	-209	-1	-209	-257	95	false
south	-209	0	-209	-256	95	false
south	-209	1	-209	-255	95	false
south	-209	2	-209	-254	95	false
south	-209	3	-209	-253	95	false
south	-208	-3	-208	-259	95	false
south	-208	-2	-208	-258	95	false
south	-208	-1	-208	-257	95	false
south	-208	0	-208	-256	95	false
south	-208	1	-208	-255	95	false
south	-208	2	-208	-254	95	false
south	-208	3	-208	-253	95	false
south	-207	-3	-207	-259	95	false
south	-207	-2	-207	-258	95	false
south	-207	-1	-207	-257	95	false
south	-207	0	-207	-256	95	false
south	-207	1	-207	-255	95	false
south	-207	2	-207	-254	95	false
south	-207	3	-207	-253	95	false
south	-206	-3	-206	-259	95	false
south	-206	-2	-206	-258	95	false
south	-206	-1	-206	-257	95	false
south	-206	0	-206	-256	95	false
south	-206	1	-206	-255	95	false
south	-206	2	-206	-254	95	false
south	-206	3	-206	-253	95	false
south	-205	-3	-205	-259	95	false
south	-205	-2	-205	-258	95	false
south	-205	-1	-205	-257	95	false
south	-205	0	-205	-256	95	false
south	-205	1	-205	-255	95	false
south	-205	2	-205	-254	95	false
south	-205	3	-205	-253	95	false
south	-204	-3	-204	-259	95	false
south	-204	-2	-204	-258	95	false
south	-204	-1	-204	-257	95	false
south	-204	0	-204	-256	95	false
south	-204	1	-204	-255	95	false
south	-204	2	-204	-254	95	false
south	-204	3	-204	-253	95	false
south	-203	-3	-203	-259	95	false
south	-203	-2	-203	-258	95	false
south	-203	-1	-203	-257	95	false
south	-203	0	-203	-256	95	false
south	-203	1	-203	-255	95	false
south	-203	2	-203	-254	95	false
south	-203	3	-203	-253	95	false
south	-202	-3	-202	-259	95	false
south	-202	-2	-202	-258	95	false
south	-202	-1	-202	-257	95	false
south	-202	0	-202	-256	95	false
south	-202	1	-202	-255	95	false
south	-202	2	-202	-254	95	false
south	-202	3	-202	-253	95	false
south	-201	-3	-201	-259	95	false
south	-201	-2	-201	-258	95	false
south	-201	-1	-201	-257	95	false
south	-201	0	-201	-256	95	false
south	-201	1	-201	-255	95	false
south	-201	2	-201	-254	95	false
south	-201	3	-201	-253	95	false
south	-200	-3	-200	-259	95	false
south	-200	-2	-200	-258	95	false
south	-200	-1	-200	-257	95	false
south	-200	0	-200	-256	95	false
south	-200	1	-200	-255	95	false
south	-200	2	-200	-254	95	false
south	-200	3	-200	-253	95	false
south	-199	-3	-199	-259	95	false
south	-199	-2	-199	-258	95	false
south	-199	-1	-199	-257	95	false
south	-199	0	-199	-256	95	false
south	-199	1	-199	-255	95	false
south	-199	2	-199	-254	95	false
south	-199	3	-199	-253	95	false
south	-198	-3	-198	-259	95	false
south	-198	-2	-198	-258	95	false
south	-198	-1	-198	-257	95	false
south	-198	0	-198	-256	95	false
south	-198	1	-198	-255	95	false
south	-198	2	-198	-254	95	false
south	-198	3	-198	-253	95	false
south	-197	-3	-197	-259	95	false
south	-197	-2	-197	-258	95	false
south	-197	-1	-197	-257	95	false
south	-197	0	-197	-256	95	false
south	-197	1	-197	-255	95	false
south	-197	2	-197	-254	95	false
south	-197	3	-197	-253	95	false
south	-196	-3	-196	-259	95	false
south	-196	-2	-196	-258	95	false
south	-196	-1	-196	-257	95	false
south	-196	0	-196	-256	95	false
south	-196	1	-196	-255	95	false
south	-196	2	-196	-254	95	false
south	-196	3	-196	-253	95	false
south	-195	-3	-195	-259	95	false
south	-195	-2	-195	-258	95	false
south	-195	-1	-195	-257	95	false
south	-195	0	-195	-256	95	false
south	-195	1	-195	-255	95	false
south	-195	2	-195	-254	95	false
south	-195	3	-195	-253	95	false
south	-194	-3	-194	-259	95	false
south	-194	-2	-194	-258	95	false
south	-194	-1	-194	-257	95	false
south	-194	0	-194	-256	95	false
south	-194	1	-194	-255	95	false
south	-194	2	-194	-254	95	false
south	-194	3	-194	-253	95	false
south	-193	-3	-193	-259	95	false
south	-193	-2	-193	-258	95	false
south	-193	-1	-193	-257	95	false
south	-193	0	-193	-256	95	false
south	-193	1	-193	-255	95	false
south	-193	2	-193	-254	95	false
south	-193	3	-193	-253	95	false
south	-192	-3	-192	-259	95	false
south	-192	-2	-192	-258	95	false
south	-192	-1	-192	-257	95	false
south	-192	0	-192	-256	95	false
south	-192	1	-192	-255	95	false
south	-192	2	-192	-254	95	false
south	-192	3	-192	-253	95	false
south	-191	-3	-191	-259	95	false
south	-191	-2	-191	-258	95	false
south	-191	-1	-191	-257	95	false
south	-191	0	-191	-256	95	false
south	-191	1	-191	-255	95	false
south	-191	2	-191	-254	95	false
south	-191	3	-191	-253	95	false
south	-190	-3	-190	-259	95	false
south	-190	-2	-190	-258	95	false
south	-190	-1	-190	-257	95	false
south	-190	0	-190	-256	95	false
south	-190	1	-190	-255	95	false
south	-190	2	-190	-254	95	false
south	-190	3	-190	-253	95	false
south	-189	-3	-189	-259	95	false
south	-189	-2	-189	-258	95	false
south	-189	-1	-189	-257	95	false
south	-189	0	-189	-256	95	false
south	-189	1	-189	-255	95	false
south	-189	2	-189	-254	95	false
south	-189	3	-189	-253	95	false
south	-188	-3	-188	-259	95	false
south	-188	-2	-188	-258	95	false
south	-188	-1	-188	-257	95	false
south	-188	0	-188	-256	95	false
south	-188	1	-188	-255	95	false
south	-188	2	-188	-254	95	false
south	-188	3	-188	-253	95	false
south	-187	-3	-187	-259	95	false
south	-187	-2	-187	-258	95	false
south	-187	-1	-187	-257	95	false
south	-187	0	-187	-256	95	false
south	-187	1	-187	-255	95	false
south	-187	2	-187	-254	95	false
south	-187	3	-187	-253	95	false
south	-186	-3	-186	-259	95	false
south	-186	-2	-186	-258	95	false
south	-186	-1	-186	-257	95	false
south	-186	0	-186	-256	95	false
south	-186	1	-186	-255	95	false
south	-186	2	-186	-254	95	false
south	-186	3	-186	-253	95	false
south	-185	-3	-185	-259	95	false
south	-185	-2	-185	-258	95	false
south	-185	-1	-185	-257	95	false
south	-185	0	-185	-256	95	false
south	-185	1	-185	-255	95	false
south	-185	2	-185	-254	95	false
south	-185	3	-185	-253	95	false
south	-184	-3	-184	-259	95	false
south	-184	-2	-184	-258	95	false
south	-184	-1	-184	-257	95	false
south	-184	0	-184	-256	95	false
south	-184	1	-184	-255	95	false
south	-184	2	-184	-254	95	false
south	-184	3	-184	-253	95	false
south	-183	-3	-183	-259	95	false
south	-183	-2	-183	-258	95	false
south	-183	-1	-183	-257	95	false
south	-183	0	-183	-256	95	false
south	-183	1	-183	-255	95	false
south	-183	2	-183	-254	95	false
south	-183	3	-183	-253	95	false
south	-182	-3	-182	-259	95	false
south	-182	-2	-182	-258	95	false
south	-182	-1	-182	-257	95	false
south	-182	0	-182	-256	95	false
south	-182	1	-182	-255	95	false
south	-182	2	-182	-254	95	false
south	-182	3	-182	-253	95	false
south	-181	-3	-181	-259	95	false
south	-181	-2	-181	-258	95	false
south	-181	-1	-181	-257	95	false
south	-181	0	-181	-256	95	false
south	-181	1	-181	-255	95	false
south	-181	2	-181	-254	95	false
south	-181	3	-181	-253	95	false
south	-180	-3	-180	-259	95	false
south	-180	-2	-180	-258	95	false
south	-180	-1	-180	-257	95	false
south	-180	0	-180	-256	95	false
south	-180	1	-180	-255	95	false
south	-180	2	-180	-254	95	false
south	-180	3	-180	-253	95	false
south	-179	-3	-179	-259	95	false
south	-179	-2	-179	-258	95	false
south	-179	-1	-179	-257	95	false
south	-179	0	-179	-256	95	false
south	-179	1	-179	-255	95	false
south	-179	2	-179	-254	95	false
south	-179	3	-179	-253	95	false
south	-178	-3	-178	-259	95	false
south	-178	-2	-178	-258	95	false
south	-178	-1	-178	-257	95	false
south	-178	0	-178	-256	95	false
south	-178	1	-178	-255	95	false
south	-178	2	-178	-254	95	false
south	-178	3	-178	-253	95	false
south	-177	-3	-177	-259	95	false
south	-177	-2	-177	-258	95	false
south	-177	-1	-177	-257	95	false
south	-177	0	-177	-256	95	false
south	-177	1	-177	-255	95	false
south	-177	2	-177	-254	95	false
south	-177	3	-177	-253	95	false
south	-176	-3	-176	-259	95	false
south	-176	-2	-176	-258	95	false
south	-176	-1	-176	-257	95	false
south	-176	0	-176	-256	95	false
south	-176	1	-176	-255	95	false
south	-176	2	-176	-254	95	false
south	-176	3	-176	-253	95	false
south	-175	-3	-175	-259	95	false
south	-175	-2	-175	-258	95	false
south	-175	-1	-175	-257	95	false
south	-175	0	-175	-256	95	false
south	-175	1	-175	-255	95	false
south	-175	2	-175	-254	95	false
south	-175	3	-175	-253	95	false
south	-174	-3	-174	-259	95	false
south	-174	-2	-174	-258	95	false
south	-174	-1	-174	-257	95	false
south	-174	0	-174	-256	95	false
south	-174	1	-174	-255	95	false
south	-174	2	-174	-254	95	false
south	-174	3	-174	-253	95	false
south	-173	-3	-173	-259	95	false
south	-173	-2	-173	-258	95	false
south	-173	-1	-173	-257	95	false
south	-173	0	-173	-256	95	false
south	-173	1	-173	-255	95	false
south	-173	2	-173	-254	95	false
south	-173	3	-173	-253	95	false
south	-172	-3	-172	-259	95	false
south	-172	-2	-172	-258	95	false
south	-172	-1	-172	-257	95	false
south	-172	0	-172	-256	95	false
south	-172	1	-172	-255	95	false
south	-172	2	-172	-254	95	false
south	-172	3	-172	-253	95	false
south	-171	-3	-171	-259	94	false
south	-171	-2	-171	-258	94	false
south	-171	-1	-171	-257	94	false
south	-171	0	-171	-256	94	false
south	-171	1	-171	-255	94	false
south	-171	2	-171	-254	94	false
south	-171	3	-171	-253	94	false
south	-170	-3	-170	-259	94	false
south	-170	-2	-170	-258	93	false
south	-170	-1	-170	-257	93	false
south	-170	0	-170	-256	93	false
south	-170	1	-170	-255	93	false
south	-170	2	-170	-254	93	false
south	-170	3	-170	-253	93	false
south	-169	-3	-169	-259	94	false
south	-169	-2	-169	-258	93	false
south	-169	-1	-169	-257	93	false
south	-169	0	-169	-256	93	false
south	-169	1	-169	-255	93	false
south	-169	2	-169	-254	93	false
south	-169	3	-169	-253	93	false
south	-168	-3	-168	-259	94	false
south	-168	-2	-168	-258	94	false
south	-168	-1	-168	-257	93	false
south	-168	0	-168	-256	93	false
south	-168	1	-168	-255	92	false
south	-168	2	-168	-254	92	false
south	-168	3	-168	-253	92	false
south	-167	-3	-167	-259	93	false
south	-167	-2	-167	-258	93	false
south	-167	-1	-167	-257	93	false
south	-167	0	-167	-256	93	false
south	-167	1	-167	-255	92	false
south	-167	2	-167	-254	92	false
south	-167	3	-167	-253	92	false
south	-166	-3	-166	-259	93	false
south	-166	-2	-166	-258	93	false
south	-166	-1	-166	-257	93	false
south	-166	0	-166	-256	93	false
south	-166	1	-166	-255	92	false
south	-166	2	-166	-254	92	false
south	-166	3	-166	-253	92	false
south	-165	-3	-165	-259	93	false
south	-165	-2	-165	-258	93	false
south	-165	-1	-165	-257	92	false
south	-165	0	-165	-256	92	false
south	-165	1	-165	-255	92	false
south	-165	2	-165	-254	92	false
south	-165	3	-165	-253	92	false
south	-164	-3	-164	-259	92	false
south	-164	-2	-164	-258	92	false
south	-164	-1	-164	-257	92	false
south	-164	0	-164	-256	92	false
south	-164	1	-164	-255	92	false
south	-164	2	-164	-254	92	false
south	-164	3	-164	-253	92	false
south	-163	-3	-163	-259	92	false
south	-163	-2	-163	-258	92	false
south	-163	-1	-163	-257	92	false
south	-163	0	-163	-256	92	false
south	-163	1	-163	-255	92	false
south	-163	2	-163	-254	92	false
south	-163	3	-163	-253	92	false
south	-162	-3	-162	-259	92	false
south	-162	-2	-162	-258	92	false
south	-162	-1	-162	-257	92	false
south	-162	0	-162	-256	91	false
south	-162	1	-162	-255	91	false
south	-162	2	-162	-254	91	false
south	-162	3	-162	-253	91	false
south	-161	-3	-161	-259	92	false
south	-161	-2	-161	-258	92	false
south	-161	-1	-161	-257	92	false
south	-161	0	-161	-256	91	false
south	-161	1	-161	-255	90	false
south	-161	2	-161	-254	90	false
south	-161	3	-161	-253	91	false
south	-160	-3	-160	-259	92	false
south	-160	-2	-160	-258	92	false
south	-160	-1	-160	-257	92	false
south	-160	0	-160	-256	91	false
south	-160	1	-160	-255	91	false
south	-160	2	-160	-254	90	false
south	-160	3	-160	-253	90	false
south	-159	-3	-159	-259	92	false
south	-159	-2	-159	-258	92	false
south	-159	-1	-159	-257	92	false
south	-159	0	-159	-256	92	false
south	-159	1	-159	-255	91	false
south	-159	2	-159	-254	90	false
south	-159	3	-159	-253	90	false
south	-158	-3	-158	-259	92	false
south	-158	-2	-158	-258	92	false
south	-158	-1	-158	-257	92	false
south	-158	0	-158	-256	92	false
south	-158	1	-158	-255	91	false
south	-158	2	-158	-254	90	false
south	-158	3	-158	-253	90	false
south	-157	-3	-157	-259	92	false
south	-157	-2	-157	-258	92	false
south	-157	-1	-157	-257	92	false
south	-157	0	-157	-256	92	false
south	-157	1	-157	-255	91	false
south	-157	2	-157	-254	90	false
south	-157	3	-157	-253	90	false
south	-156	-3	-156	-259	92	false
south	-156	-2	-156	-258	92	false
south	-156	-1	-156	-257	92	false
south	-156	0	-156	-256	92	false
south	-156	1	-156	-255	91	false
south	-156	2	-156	-254	91	false
south	-156	3	-156	-253	90	false
south	-155	-3	-155	-259	92	false
south	-155	-2	-155	-258	92	false
south	-155	-1	-155	-257	92	false
south	-155	0	-155	-256	92	false
south	-155	1	-155	-255	92	false
south	-155	2	-155	-254	91	false
south	-155	3	-155	-253	90	false
south	-154	-3	-154	-259	92	false
south	-154	-2	-154	-258	92	false
south	-154	-1	-154	-257	92	false
south	-154	0	-154	-256	92	false
south	-154	1	-154	-255	92	false
south	-154	2	-154	-254	91	false
south	-154	3	-154	-253	90	false
south	-153	-3	-153	-259	92	false
south	-153	-2	-153	-258	92	false
south	-153	-1	-153	-257	92	false
south	-153	0	-153	-256	92	false
south	-153	1	-153	-255	92	false
south	-153	2	-153	-254	91	false
south	-153	3	-153	-253	91	false
south	-152	-3	-152	-259	92	false
south	-152	-2	-152	-258	92	false
south	-152	-1	-152	-257	92	false
south	-152	0	-152	-256	92	false
south	-152	1	-152	-255	92	false
south	-152	2	-152	-254	92	false
south	-152	3	-152	-253	91	false
south	-151	-3	-151	-259	92	false
south	-151	-2	-151	-258	92	false
south	-151	-1	-151	-257	92	false
south	-151	0	-151	-256	92	false
south	-151	1	-151	-255	92	false
south	-151	2	-151	-254	92	false
south	-151	3	-151	-253	91	false
south	-150	-3	-150	-259	92	false
south	-150	-2	-150	-258	92	false
south	-150	-1	-150	-257	92	false
south	-150	0	-150	-256	92	false
south	-150	1	-150	-255	92	false
south	-150	2	-150	-254	92	false
south	-150	3	-150	-253	91	false
south	-149	-3	-149	-259	92	false
south	-149	-2	-149	-258	92	false
south	-149	-1	-149	-257	92	false
south	-149	0	-149	-256	92	false
south	-149	1	-149	-255	92	false
south	-149	2	-149	-254	92	false
south	-149	3	-149	-253	91	false
south	-148	-3	-148	-259	92	false
south	-148	-2	-148	-258	92	false
south	-148	-1	-148	-257	92	false
south	-148	0	-148	-256	92	false
south	-148	1	-148	-255	92	false
south	-148	2	-148	-254	92	false
south	-148	3	-148	-253	92	false
south	-147	-3	-147	-259	92	false
south	-147	-2	-147	-258	92	false
south	-147	-1	-147	-257	92	false
south	-147	0	-147	-256	92	false
south	-147	1	-147	-255	92	false
south	-147	2	-147	-254	92	false
south	-147	3	-147	-253	92	false
south	-146	-3	-146	-259	92	false
south	-146	-2	-146	-258	92	false
south	-146	-1	-146	-257	92	false
south	-146	0	-146	-256	92	false
south	-146	1	-146	-255	92	false
south	-146	2	-146	-254	92	false
south	-146	3	-146	-253	92	false
south	-145	-3	-145	-259	92	false
south	-145	-2	-145	-258	92	false
south	-145	-1	-145	-257	92	false
south	-145	0	-145	-256	92	false
south	-145	1	-145	-255	92	false
south	-145	2	-145	-254	92	false
south	-145	3	-145	-253	92	false
south	-144	-3	-144	-259	92	false
south	-144	-2	-144	-258	92	false
south	-144	-1	-144	-257	92	false
south	-144	0	-144	-256	92	false
south	-144	1	-144	-255	92	false
south	-144	2	-144	-254	92	false
south	-144	3	-144	-253	92	false
south	-143	-3	-143	-259	92	false
south	-143	-2	-143	-258	92	false
south	-143	-1	-143	-257	92	false
south	-143	0	-143	-256	92	false
south	-143	1	-143	-255	92	false
south	-143	2	-143	-254	92	false
south	-143	3	-143	-253	92	false
south	-142	-3	-142	-259	92	false
south	-142	-2	-142	-258	92	false
south	-142	-1	-142	-257	92	false
south	-142	0	-142	-256	92	false
south	-142	1	-142	-255	92	false
south	-142	2	-142	-254	92	false
south	-142	3	-142	-253	92	false
south	-141	-3	-141	-259	92	false
south	-141	-2	-141	-258	92	false
south	-141	-1	-141	-257	92	false
south	-141	0	-141	-256	93	false
south	-141	1	-141	-255	93	false
south	-141	2	-141	-254	93	false
south	-141	3	-141	-253	93	false
south	-140	-3	-140	-259	93	false
south	-140	-2	-140	-258	93	false
south	-140	-1	-140	-257	93	false
south	-140	0	-140	-256	93	false
south	-140	1	-140	-255	93	false
south	-140	2	-140	-254	93	false
south	-140	3	-140	-253	93	false
south	-139	-3	-139	-259	93	false
south	-139	-2	-139	-258	93	false
south	-139	-1	-139	-257	93	false
south	-139	0	-139	-256	93	false
south	-139	1	-139	-255	93	false
south	-139	2	-139	-254	94	false
south	-139	3	-139	-253	94	false
south	-138	-3	-138	-259	93	false
south	-138	-2	-138	-258	94	false
south	-138	-1	-138	-257	94	false
south	-138	0	-138	-256	94	false
south	-138	1	-138	-255	94	false
south	-138	2	-138	-254	94	false
south	-138	3	-138	-253	95	false
south	-137	-3	-137	-259	94	false
south	-137	-2	-137	-258	94	false
south	-137	-1	-137	-257	95	false
south	-137	0	-137	-256	95	false
south	-137	1	-137	-255	95	false
south	-137	2	-137	-254	95	false
south	-137	3	-137	-253	95	false
south	-136	-3	-136	-259	95	false
south	-136	-2	-136	-258	95	false
south	-136	-1	-136	-257	95	false
south	-136	0	-136	-256	95	false
south	-136	1	-136	-255	95	false
south	-136	2	-136	-254	95	false
south	-136	3	-136	-253	96	false
south	-135	-3	-135	-259	95	false
south	-135	-2	-135	-258	95	false
south	-135	-1	-135	-257	95	false
south	-135	0	-135	-256	96	false
south	-135	1	-135	-255	96	false
south	-135	2	-135	-254	96	false
south	-135	3	-135	-253	96	false
south	-134	-3	-134	-259	96	false
south	-134	-2	-134	-258	96	false
south	-134	-1	-134	-257	96	false
south	-134	0	-134	-256	96	false
south	-134	1	-134	-255	96	false
south	-134	2	-134	-254	96	false
south	-134	3	-134	-253	96	false
south	-133	-3	-133	-259	96	false
south	-133	-2	-133	-258	96	false
south	-133	-1	-133	-257	96	false
south	-133	0	-133	-256	96	false
south	-133	1	-133	-255	96	false
south	-133	2	-133	-254	97	false
south	-133	3	-133	-253	97	false
south	-132	-3	-132	-259	96	false
south	-132	-2	-132	-258	96	false
south	-132	-1	-132	-257	97	false
south	-132	0	-132	-256	97	false
south	-132	1	-132	-255	97	false
south	-132	2	-132	-254	97	false
south	-132	3	-132	-253	98	false
south	-131	-3	-131	-259	97	false
south	-131	-2	-131	-258	97	false
south	-131	-1	-131	-257	97	false
south	-131	0	-131	-256	98	false
south	-131	1	-131	-255	98	false
south	-131	2	-131	-254	98	false
south	-131	3	-131	-253	98	false
south	-130	-3	-130	-259	97	false
south	-130	-2	-130	-258	98	false
south	-130	-1	-130	-257	98	false
south	-130	0	-130	-256	98	false
south	-130	1	-130	-255	98	false
south	-130	2	-130	-254	98	false
south	-130	3	-130	-253	98	false
south	-129	-3	-129	-259	98	false
south	-129	-2	-129	-258	98	false
south	-129	-1	-129	-257	98	false
south	-129	0	-129	-256	98	false
south	-129	1	-129	-255	98	false
south	-129	2	-129	-254	98	false
south	-129	3	-129	-253	99	false
south	-128	-3	-128	-259	98	false
south	-128	-2	-128	-258	98	false
south	-128	-1	-128	-257	98	false
south	-128	0	-128	-256	98	false
south	-128	1	-128	-255	98	false
south	-128	2	-128	-254	99	false
south	-128	3	-128	-253	99	false
south	-127	-3	-127	-259	98	false
south	-127	-2	-127	-258	98	false
south	-127	-1	-127	-257	98	false
south	-127	0	-127	-256	98	false
south	-127	1	-127	-255	99	false
south	-127	2	-127	-254	99	false
south	-127	3	-127	-253	99	false
south	-126	-3	-126	-259	98	false
south	-126	-2	-126	-258	98	false
south	-126	-1	-126	-257	98	false
south	-126	0	-126	-256	99	false
south	-126	1	-126	-255	99	false
south	-126	2	-126	-254	99	false
south	-126	3	-126	-253	99	false
south	-125	-3	-125	-259	98	false
south	-125	-2	-125	-258	98	false
south	-125	-1	-125	-257	98	false
south	-125	0	-125	-256	99	false
south	-125	1	-125	-255	99	false
south	-125	2	-125	-254	99	false
south	-125	3	-125	-253	100	false
south	-124	-3	-124	-259	98	false
south	-124	-2	-124	-258	98	false
south	-124	-1	-124	-257	98	false
south	-124	0	-124	-256	99	false
south	-124	1	-124	-255	99	false
south	-124	2	-124	-254	100	false
south	-124	3	-124	-253	100	false
south	-123	-3	-123	-259	98	false
south	-123	-2	-123	-258	98	false
south	-123	-1	-123	-257	98	false
south	-123	0	-123	-256	99	false
south	-123	1	-123	-255	99	false
south	-123	2	-123	-254	100	false
south	-123	3	-123	-253	101	false
south	-122	-3	-122	-259	98	false
south	-122	-2	-122	-258	98	false
south	-122	-1	-122	-257	98	false
south	-122	0	-122	-256	99	false
south	-122	1	-122	-255	99	false
south	-122	2	-122	-254	100	false
south	-122	3	-122	-253	101	false
south	-121	-3	-121	-259	98	false
south	-121	-2	-121	-258	98	false
south	-121	-1	-121	-257	98	false
south	-121	0	-121	-256	99	false
south	-121	1	-121	-255	99	false
south	-121	2	-121	-254	100	false
south	-121	3	-121	-253	101	false
south	-120	-3	-120	-259	98	false
south	-120	-2	-120	-258	98	false
south	-120	-1	-120	-257	98	false
south	-120	0	-120	-256	99	false
south	-120	1	-120	-255	99	false
south	-120	2	-120	-254	100	false
south	-120	3	-120	-253	101	false
south	-119	-3	-119	-259	98	false
south	-119	-2	-119	-258	98	false
south	-119	-1	-119	-257	98	false
south	-119	0	-119	-256	99	false
south	-119	1	-119	-255	99	false
south	-119	2	-119	-254	100	false
south	-119	3	-119	-253	101	false
south	-118	-3	-118	-259	98	false
south	-118	-2	-118	-258	98	false
south	-118	-1	-118	-257	98	false
south	-118	0	-118	-256	99	false
south	-118	1	-118	-255	99	false
south	-118	2	-118	-254	100	false
south	-118	3	-118	-253	101	false
south	-117	-3	-117	-259	98	false
south	-117	-2	-117	-258	98	false
south	-117	-1	-117	-257	98	false
south	-117	0	-117	-256	99	false
south	-117	1	-117	-255	99	false
south	-117	2	-117	-254	100	false
south	-117	3	-117	-253	101	false
south	-116	-3	-116	-259	98	false
south	-116	-2	-116	-258	98	false
south	-116	-1	-116	-257	98	false
south	-116	0	-116	-256	99	false
south	-116	1	-116	-255	99	false
south	-116	2	-116	-254	100	false
south	-116	3	-116	-253	101	false
south	-115	-3	-115	-259	98	false
south	-115	-2	-115	-258	98	false
south	-115	-1	-115	-257	98	false
south	-115	0	-115	-256	99	false
south	-115	1	-115	-255	99	false
south	-115	2	-115	-254	100	false
south	-115	3	-115	-253	101	false
south	-114	-3	-114	-259	98	false
south	-114	-2	-114	-258	98	false
south	-114	-1	-114	-257	98	false
south	-114	0	-114	-256	99	false
south	-114	1	-114	-255	99	false
south	-114	2	-114	-254	100	false
south	-114	3	-114	-253	100	false
south	-113	-3	-113	-259	98	false
south	-113	-2	-113	-258	98	false
south	-113	-1	-113	-257	98	false
south	-113	0	-113	-256	99	false
south	-113	1	-113	-255	99	false
south	-113	2	-113	-254	99	false
south	-113	3	-113	-253	100	false
south	-112	-3	-112	-259	98	false
south	-112	-2	-112	-258	98	false
south	-112	-1	-112	-257	98	false
south	-112	0	-112	-256	99	false
south	-112	1	-112	-255	99	false
south	-112	2	-112	-254	99	false
south	-112	3	-112	-253	100	false
south	-111	-3	-111	-259	98	false
south	-111	-2	-111	-258	98	false
south	-111	-1	-111	-257	98	false
south	-111	0	-111	-256	98	false
south	-111	1	-111	-255	99	false
south	-111	2	-111	-254	99	false
south	-111	3	-111	-253	99	false
south	-110	-3	-110	-259	98	false
south	-110	-2	-110	-258	98	false
south	-110	-1	-110	-257	98	false
south	-110	0	-110	-256	98	false
south	-110	1	-110	-255	99	false
south	-110	2	-110	-254	99	false
south	-110	3	-110	-253	99	false
south	-109	-3	-109	-259	98	false
south	-109	-2	-109	-258	98	false
south	-109	-1	-109	-257	98	false
south	-109	0	-109	-256	98	false
south	-109	1	-109	-255	98	false
south	-109	2	-109	-254	99	false
south	-109	3	-109	-253	99	false
south	-108	-3	-108	-259	98	false
south	-108	-2	-108	-258	98	false
south	-108	-1	-108	-257	98	false
south	-108	0	-108	-256	98	false
south	-108	1	-108	-255	98	false
south	-108	2	-108	-254	98	false
south	-108	3	-108	-253	99	false
south	-107	-3	-107	-259	98	false
south	-107	-2	-107	-258	98	false
south	-107	-1	-107	-257	98	false
south	-107	0	-107	-256	98	false
south	-107	1	-107	-255	98	false
south	-107	2	-107	-254	98	false
south	-107	3	-107	-253	98	false
south	-106	-3	-106	-259	98	false
south	-106	-2	-106	-258	98	false
south	-106	-1	-106	-257	98	false
south	-106	0	-106	-256	98	false
south	-106	1	-106	-255	98	false
south	-106	2	-106	-254	98	false
south	-106	3	-106	-253	98	false
south	-105	-3	-105	-259	98	false
south	-105	-2	-105	-258	98	false
south	-105	-1	-105	-257	98	false
south	-105	0	-105	-256	98	false
south	-105	1	-105	-255	98	false
south	-105	2	-105	-254	98	false
south	-105	3	-105	-253	98	false
south	-104	-3	-104	-259	98	false
south	-104	-2	-104	-258	98	false
south	-104	-1	-104	-257	98	false
south	-104	0	-104	-256	98	false
south	-104	1	-104	-255	98	false
south	-104	2	-104	-254	98	false
south	-104	3	-104	-253	98	false
south	-103	-3	-103	-259	98	false
south	-103	-2	-103	-258	98	false
south	-103	-1	-103	-257	98	false
south	-103	0	-103	-256	98	false
south	-103	1	-103	-255	98	false
south	-103	2	-103	-254	98	false
south	-103	3	-103	-253	98	false
south	-102	-3	-102	-259	98	false
south	-102	-2	-102	-258	98	false
south	-102	-1	-102	-257	98	false
south	-102	0	-102	-256	98	false
south	-102	1	-102	-255	98	false
south	-102	2	-102	-254	98	false
south	-102	3	-102	-253	98	false
south	-101	-3	-101	-259	97	false
south	-101	-2	-101	-258	98	false
south	-101	-1	-101	-257	98	false
south	-101	0	-101	-256	98	false
south	-101	1	-101	-255	98	false
south	-101	2	-101	-254	98	false
south	-101	3	-101	-253	98	false
south	-100	-3	-100	-259	97	false
south	-100	-2	-100	-258	97	false
south	-100	-1	-100	-257	98	false
south	-100	0	-100	-256	98	false
south	-100	1	-100	-255	98	false
south	-100	2	-100	-254	98	false
south	-100	3	-100	-253	98	false
south	-99	-3	-99	-259	96	false
south	-99	-2	-99	-258	97	false
south	-99	-1	-99	-257	97	false
south	-99	0	-99	-256	98	false
south	-99	1	-99	-255	98	false
south	-99	2	-99	-254	98	false
south	-99	3	-99	-253	98	false
south	-98	-3	-98	-259	96	false
south	-98	-2	-98	-258	96	false
south	-98	-1	-98	-257	97	false
south	-98	0	-98	-256	97	false
south	-98	1	-98	-255	98	false
south	-98	2	-98	-254	98	false
south	-98	3	-98	-253	98	false
south	-97	-3	-97	-259	96	false
south	-97	-2	-97	-258	96	false
south	-97	-1	-97	-257	96	false
south	-97	0	-97	-256	97	false
south	-97	1	-97	-255	97	false
south	-97	2	-97	-254	98	false
south	-97	3	-97	-253	98	false
south	-96	-3	-96	-259	96	false
south	-96	-2	-96	-258	96	false
south	-96	-1	-96	-257	96	false
south	-96	0	-96	-256	96	false
south	-96	1	-96	-255	97	false
south	-96	2	-96	-254	97	false
south	-96	3	-96	-253	98	false
south	-95	-3	-95	-259	95	false
south	-95	-2	-95	-258	96	false
south	-95	-1	-95	-257	96	false
south	-95	0	-95	-256	96	false
south	-95	1	-95	-255	96	false
south	-95	2	-95	-254	97	false
south	-95	3	-95	-253	97	false
south	-94	-3	-94	-259	95	false
south	-94	-2	-94	-258	95	false
south	-94	-1	-94	-257	96	false
south	-94	0	-94	-256	96	false
south	-94	1	-94	-255	96	false
south	-94	2	-94	-254	96	false
south	-94	3	-94	-253	96	false
south	-93	-3	-93	-259	95	false
south	-93	-2	-93	-258	95	false
south	-93	-1	-93	-257	95	false
south	-93	0	-93	-256	96	false
south	-93	1	-93	-255	96	false
south	-93	2	-93	-254	96	false
south	-93	3	-93	-253	96	false
south	-92	-3	-92	-259	95	false
south	-92	-2	-92	-258	95	false
south	-92	-1	-92	-257	95	false
south	-92	0	-92	-256	95	false
south	-92	1	-92	-255	95	false
south	-92	2	-92	-254	96	false
south	-92	3	-92	-253	96	false
south	-91	-3	-91	-259	95	false
south	-91	-2	-91	-258	95	false
south	-91	-1	-91	-257	95	false
south	-91	0	-91	-256	95	false
south	-91	1	-91	-255	95	false
south	-91	2	-91	-254	95	false
south	-91	3	-91	-253	96	false
south	-90	-3	-90	-259	95	false
south	-90	-2	-90	-258	95	false
south	-90	-1	-90	-257	95	false
south	-90	0	-90	-256	95	false
south	-90	1	-90	-255	95	false
south	-90	2	-90	-254	95	false
south	-90	3	-90	-253	95	false
south	-89	-3	-89	-259	95	false
south	-89	-2	-89	-258	95	false
south	-89	-1	-89	-257	95	false
south	-89	0	-89	-256	95	false
south	-89	1	-89	-255	95	false
south	-89	2	-89	-254	95	false
south	-89	3	-89	-253	95	false
south	-88	-3	-88	-259	95	false
south	-88	-2	-88	-258	95	false
south	-88	-1	-88	-257	95	false
south	-88	0	-88	-256	95	false
south	-88	1	-88	-255	95	false
south	-88	2	-88	-254	95	false
south	-88	3	-88	-253	95	false
south	-87	-3	-87	-259	95	false
south	-87	-2	-87	-258	95	false
south	-87	-1	-87	-257	95	false
south	-87	0	-87	-256	95	false
south	-87	1	-87	-255	95	false
south	-87	2	-87	-254	95	false
south	-87	3	-87	-253	95	false
south	-86	-3	-86	-259	95	false
south	-86	-2	-86	-258	95	false
south	-86	-1	-86	-257	95	false
south	-86	0	-86	-256	95	false
south	-86	1	-86	-255	95	false
south	-86	2	-86	-254	95	false
south	-86	3	-86	-253	95	false
south	-85	-3	-85	-259	95	false
south	-85	-2	-85	-258	95	false
south	-85	-1	-85	-257	95	false
south	-85	0	-85	-256	95	false
south	-85	1	-85	-255	95	false
south	-85	2	-85	-254	95	false
south	-85	3	-85	-253	95	false
south	-84	-3	-84	-259	95	false
south	-84	-2	-84	-258	95	false
south	-84	-1	-84	-257	95	false
south	-84	0	-84	-256	95	false
south	-84	1	-84	-255	95	false
south	-84	2	-84	-254	95	false
south	-84	3	-84	-253	95	false
south	-83	-3	-83	-259	95	false
south	-83	-2	-83	-258	95	false
south	-83	-1	-83	-257	95	false
south	-83	0	-83	-256	95	false
south	-83	1	-83	-255	95	false
south	-83	2	-83	-254	95	false
south	-83	3	-83	-253	95	false
south	-82	-3	-82	-259	95	false
south	-82	-2	-82	-258	95	false
south	-82	-1	-82	-257	95	false
south	-82	0	-82	-256	95	false
south	-82	1	-82	-255	95	false
south	-82	2	-82	-254	95	false
south	-82	3	-82	-253	95	false
south	-81	-3	-81	-259	95	false
south	-81	-2	-81	-258	95	false
south	-81	-1	-81	-257	95	false
south	-81	0	-81	-256	95	false
south	-81	1	-81	-255	95	false
south	-81	2	-81	-254	95	false
south	-81	3	-81	-253	95	false
south	-80	-3	-80	-259	95	false
south	-80	-2	-80	-258	95	false
south	-80	-1	-80	-257	95	false
south	-80	0	-80	-256	95	false
south	-80	1	-80	-255	95	false
south	-80	2	-80	-254	95	false
south	-80	3	-80	-253	95	false
south	-79	-3	-79	-259	95	false
south	-79	-2	-79	-258	95	false
south	-79	-1	-79	-257	95	false
south	-79	0	-79	-256	95	false
south	-79	1	-79	-255	95	false
south	-79	2	-79	-254	95	false
south	-79	3	-79	-253	95	false
south	-78	-3	-78	-259	95	false
south	-78	-2	-78	-258	95	false
south	-78	-1	-78	-257	95	false
south	-78	0	-78	-256	95	false
south	-78	1	-78	-255	95	false
south	-78	2	-78	-254	95	false
south	-78	3	-78	-253	95	false
south	-77	-3	-77	-259	95	false
south	-77	-2	-77	-258	95	false
south	-77	-1	-77	-257	95	false
south	-77	0	-77	-256	95	false
south	-77	1	-77	-255	95	false
south	-77	2	-77	-254	95	false
south	-77	3	-77	-253	95	false
south	-76	-3	-76	-259	95	false
south	-76	-2	-76	-258	95	false
south	-76	-1	-76	-257	95	false
south	-76	0	-76	-256	95	false
south	-76	1	-76	-255	95	false
south	-76	2	-76	-254	95	false
south	-76	3	-76	-253	95	false
south	-75	-3	-75	-259	95	false
south	-75	-2	-75	-258	95	false
south	-75	-1	-75	-257	95	false
south	-75	0	-75	-256	95	false
south	-75	1	-75	-255	95	false
south	-75	2	-75	-254	95	false
south	-75	3	-75	-253	95	false
south	-74	-3	-74	-259	95	false
south	-74	-2	-74	-258	95	false
south	-74	-1	-74	-257	95	false
south	-74	0	-74	-256	95	false
south	-74	1	-74	-255	95	false
south	-74	2	-74	-254	95	false
south	-74	3	-74	-253	95	false
south	-73	-3	-73	-259	95	false
south	-73	-2	-73	-258	95	false
south	-73	-1	-73	-257	95	false
south	-73	0	-73	-256	95	false
south	-73	1	-73	-255	95	false
south	-73	2	-73	-254	95	false
south	-73	3	-73	-253	95	false
south	-72	-3	-72	-259	95	false
south	-72	-2	-72	-258	95	false
south	-72	-1	-72	-257	95	false
south	-72	0	-72	-256	95	false
south	-72	1	-72	-255	95	false
south	-72	2	-72	-254	95	false
south	-72	3	-72	-253	95	false
south	-71	-3	-71	-259	95	false
south	-71	-2	-71	-258	95	false
south	-71	-1	-71	-257	95	false
south	-71	0	-71	-256	95	false
south	-71	1	-71	-255	95	false
south	-71	2	-71	-254	95	false
south	-71	3	-71	-253	95	false
south	-70	-3	-70	-259	95	false
south	-70	-2	-70	-258	95	false
south	-70	-1	-70	-257	95	false
south	-70	0	-70	-256	95	false
south	-70	1	-70	-255	95	false
south	-70	2	-70	-254	95	false
south	-70	3	-70	-253	95	false
south	-69	-3	-69	-259	95	false
south	-69	-2	-69	-258	95	false
south	-69	-1	-69	-257	95	false
south	-69	0	-69	-256	95	false
south	-69	1	-69	-255	95	false
south	-69	2	-69	-254	95	false
south	-69	3	-69	-253	95	false
south	-68	-3	-68	-259	95	false
south	-68	-2	-68	-258	95	false
south	-68	-1	-68	-257	95	false
south	-68	0	-68	-256	95	false
south	-68	1	-68	-255	95	false
south	-68	2	-68	-254	95	false
south	-68	3	-68	-253	95	false
south	-67	-3	-67	-259	95	false
south	-67	-2	-67	-258	95	false
south	-67	-1	-67	-257	95	false
south	-67	0	-67	-256	95	false
south	-67	1	-67	-255	95	false
south	-67	2	-67	-254	95	false
south	-67	3	-67	-253	95	false
south	-66	-3	-66	-259	95	false
south	-66	-2	-66	-258	95	false
south	-66	-1	-66	-257	95	false
south	-66	0	-66	-256	95	false
south	-66	1	-66	-255	95	false
south	-66	2	-66	-254	95	false
south	-66	3	-66	-253	95	false
south	-65	-3	-65	-259	95	false
south	-65	-2	-65	-258	95	false
south	-65	-1	-65	-257	95	false
south	-65	0	-65	-256	95	false
south	-65	1	-65	-255	95	false
south	-65	2	-65	-254	95	false
south	-65	3	-65	-253	95	false
south	-64	-3	-64	-259	95	false
south	-64	-2	-64	-258	95	false
south	-64	-1	-64	-257	95	false
south	-64	0	-64	-256	95	false
south	-64	1	-64	-255	95	false
south	-64	2	-64	-254	95	false
south	-64	3	-64	-253	95	false
south	-63	-3	-63	-259	95	false
south	-63	-2	-63	-258	95	false
south	-63	-1	-63	-257	95	false
south	-63	0	-63	-256	95	false
south	-63	1	-63	-255	95	false
south	-63	2	-63	-254	95	false
south	-63	3	-63	-253	95	false
south	-62	-3	-62	-259	95	false
south	-62	-2	-62	-258	95	false
south	-62	-1	-62	-257	95	false
south	-62	0	-62	-256	95	false
south	-62	1	-62	-255	95	false
south	-62	2	-62	-254	95	false
south	-62	3	-62	-253	95	false
south	-61	-3	-61	-259	95	false
south	-61	-2	-61	-258	95	false
south	-61	-1	-61	-257	95	false
south	-61	0	-61	-256	95	false
south	-61	1	-61	-255	95	false
south	-61	2	-61	-254	95	false
south	-61	3	-61	-253	95	false
south	-60	-3	-60	-259	95	false
south	-60	-2	-60	-258	95	false
south	-60	-1	-60	-257	95	false
south	-60	0	-60	-256	95	false
south	-60	1	-60	-255	95	false
south	-60	2	-60	-254	95	false
south	-60	3	-60	-253	95	false
south	-59	-3	-59	-259	95	false
south	-59	-2	-59	-258	95	false
south	-59	-1	-59	-257	95	false
south	-59	0	-59	-256	95	false
south	-59	1	-59	-255	95	false
south	-59	2	-59	-254	95	false
south	-59	3	-59	-253	95	false
south	-58	-3	-58	-259	95	false
south	-58	-2	-58	-258	95	false
south	-58	-1	-58	-257	95	false
south	-58	0	-58	-256	95	false
south	-58	1	-58	-255	95	false
south	-58	2	-58	-254	95	false
south	-58	3	-58	-253	95	false
south	-57	-3	-57	-259	95	false
south	-57	-2	-57	-258	95	false
south	-57	-1	-57	-257	95	false
south	-57	0	-57	-256	95	false
south	-57	1	-57	-255	95	false
south	-57	2	-57	-254	95	false
south	-57	3	-57	-253	95	false
south	-56	-3	-56	-259	95	false
south	-56	-2	-56	-258	95	false
south	-56	-1	-56	-257	95	false
south	-56	0	-56	-256	95	false
south	-56	1	-56	-255	95	false
south	-56	2	-56	-254	95	false
south	-56	3	-56	-253	95	false
south	-55	-3	-55	-259	95	false
south	-55	-2	-55	-258	95	false
south	-55	-1	-55	-257	95	false
south	-55	0	-55	-256	95	false
south	-55	1	-55	-255	95	false
south	-55	2	-55	-254	95	false
south	-55	3	-55	-253	95	false
south	-54	-3	-54	-259	95	false
south	-54	-2	-54	-258	95	false
south	-54	-1	-54	-257	95	false
south	-54	0	-54	-256	95	false
south	-54	1	-54	-255	95	false
south	-54	2	-54	-254	95	false
south	-54	3	-54	-253	95	false
south	-53	-3	-53	-259	95	false
south	-53	-2	-53	-258	95	false
south	-53	-1	-53	-257	95	false
south	-53	0	-53	-256	95	false
south	-53	1	-53	-255	95	false
south	-53	2	-53	-254	95	false
south	-53	3	-53	-253	95	false
south	-52	-3	-52	-259	95	false
south	-52	-2	-52	-258	95	false
south	-52	-1	-52	-257	95	false
south	-52	0	-52	-256	95	false
south	-52	1	-52	-255	95	false
south	-52	2	-52	-254	95	false
south	-52	3	-52	-253	95	false
south	-51	-3	-51	-259	95	false
south	-51	-2	-51	-258	95	false
south	-51	-1	-51	-257	95	false
south	-51	0	-51	-256	95	false
south	-51	1	-51	-255	95	false
south	-51	2	-51	-254	95	false
south	-51	3	-51	-253	95	false
south	-50	-3	-50	-259	95	false
south	-50	-2	-50	-258	95	false
south	-50	-1	-50	-257	95	false
south	-50	0	-50	-256	95	false
south	-50	1	-50	-255	95	false
south	-50	2	-50	-254	95	false
south	-50	3	-50	-253	95	false
south	-49	-3	-49	-259	95	false
south	-49	-2	-49	-258	95	false
south	-49	-1	-49	-257	95	false
south	-49	0	-49	-256	95	false
south	-49	1	-49	-255	95	false
south	-49	2	-49	-254	95	false
south	-49	3	-49	-253	95	false
south	-48	-3	-48	-259	95	false
south	-48	-2	-48	-258	95	false
south	-48	-1	-48	-257	95	false
south	-48	0	-48	-256	95	false
south	-48	1	-48	-255	95	false
south	-48	2	-48	-254	95	false
south	-48	3	-48	-253	95	false
south	-47	-3	-47	-259	95	false
south	-47	-2	-47	-258	95	false
south	-47	-1	-47	-257	95	false
south	-47	0	-47	-256	95	false
south	-47	1	-47	-255	95	false
south	-47	2	-47	-254	95	false
south	-47	3	-47	-253	95	false
south	-46	-3	-46	-259	95	false
south	-46	-2	-46	-258	95	false
south	-46	-1	-46	-257	95	false
south	-46	0	-46	-256	95	false
south	-46	1	-46	-255	95	false
south	-46	2	-46	-254	95	false
south	-46	3	-46	-253	95	false
south	-45	-3	-45	-259	95	false
south	-45	-2	-45	-258	95	false
south	-45	-1	-45	-257	95	false
south	-45	0	-45	-256	95	false
south	-45	1	-45	-255	95	false
south	-45	2	-45	-254	95	false
south	-45	3	-45	-253	95	false
south	-44	-3	-44	-259	95	false
south	-44	-2	-44	-258	95	false
south	-44	-1	-44	-257	95	false
south	-44	0	-44	-256	95	false
south	-44	1	-44	-255	95	false
south	-44	2	-44	-254	95	false
south	-44	3	-44	-253	95	false
south	-43	-3	-43	-259	95	false
south	-43	-2	-43	-258	95	false
south	-43	-1	-43	-257	95	false
south	-43	0	-43	-256	95	false
south	-43	1	-43	-255	95	false
south	-43	2	-43	-254	95	false
south	-43	3	-43	-253	95	false
south	-42	-3	-42	-259	95	false
south	-42	-2	-42	-258	95	false
south	-42	-1	-42	-257	95	false
south	-42	0	-42	-256	95	false
south	-42	1	-42	-255	95	false
south	-42	2	-42	-254	95	false
south	-42	3	-42	-253	95	false
south	-41	-3	-41	-259	95	false
south	-41	-2	-41	-258	95	false
south	-41	-1	-41	-257	95	false
south	-41	0	-41	-256	95	false
south	-41	1	-41	-255	95	false
south	-41	2	-41	-254	95	false
south	-41	3	-41	-253	95	false
south	-40	-3	-40	-259	95	false
south	-40	-2	-40	-258	95	false
south	-40	-1	-40	-257	95	false
south	-40	0	-40	-256	95	false
south	-40	1	-40	-255	95	false
south	-40	2	-40	-254	95	false
south	-40	3	-40	-253	95	false
south	-39	-3	-39	-259	95	false
south	-39	-2	-39	-258	95	false
south	-39	-1	-39	-257	95	false
south	-39	0	-39	-256	95	false
south	-39	1	-39	-255	95	false
south	-39	2	-39	-254	95	false
south	-39	3	-39	-253	94	false
south	-38	-3	-38	-259	95	false
south	-38	-2	-38	-258	95	false
south	-38	-1	-38	-257	95	false
south	-38	0	-38	-256	95	false
south	-38	1	-38	-255	95	false
south	-38	2	-38	-254	95	false
south	-38	3	-38	-253	94	false
south	-37	-3	-37	-259	95	false
south	-37	-2	-37	-258	95	false
south	-37	-1	-37	-257	95	false
south	-37	0	-37	-256	95	false
south	-37	1	-37	-255	95	false
south	-37	2	-37	-254	95	false
south	-37	3	-37	-253	94	false
south	-36	-3	-36	-259	95	false
south	-36	-2	-36	-258	95	false
south	-36	-1	-36	-257	95	false
south	-36	0	-36	-256	95	false
south	-36	1	-36	-255	95	false
south	-36	2	-36	-254	95	false
south	-36	3	-36	-253	94	false
south	-35	-3	-35	-259	95	false
south	-35	-2	-35	-258	95	false
south	-35	-1	-35	-257	95	false
south	-35	0	-35	-256	95	false
south	-35	1	-35	-255	95	false
south	-35	2	-35	-254	95	false
south	-35	3	-35	-253	94	false
south	-34	-3	-34	-259	95	false
south	-34	-2	-34	-258	95	false
south	-34	-1	-34	-257	95	false
south	-34	0	-34	-256	95	false
south	-34	1	-34	-255	95	false
south	-34	2	-34	-254	95	false
south	-34	3	-34	-253	94	false
south	-33	-3	-33	-259	95	false
south	-33	-2	-33	-258	95	false
south	-33	-1	-33	-257	95	false
south	-33	0	-33	-256	95	false
south	-33	1	-33	-255	95	false
south	-33	2	-33	-254	95	false
south	-33	3	-33	-253	94	false
south	-32	-3	-32	-259	95	false
south	-32	-2	-32	-258	95	false
south	-32	-1	-32	-257	95	false
south	-32	0	-32	-256	95	false
south	-32	1	-32	-255	95	false
south	-32	2	-32	-254	95	false
south	-32	3	-32	-253	94	false
south	-31	-3	-31	-259	95	false
south	-31	-2	-31	-258	95	false
south	-31	-1	-31	-257	95	false
south	-31	0	-31	-256	95	false
south	-31	1	-31	-255	95	false
south	-31	2	-31	-254	95	false
south	-31	3	-31	-253	95	false
south	-30	-3	-30	-259	95	false
south	-30	-2	-30	-258	95	false
south	-30	-1	-30	-257	95	false
south	-30	0	-30	-256	95	false
south	-30	1	-30	-255	95	false
south	-30	2	-30	-254	95	false
south	-30	3	-30	-253	95	false
south	-29	-3	-29	-259	95	false
south	-29	-2	-29	-258	95	false
south	-29	-1	-29	-257	95	false
south	-29	0	-29	-256	95	false
south	-29	1	-29	-255	95	false
south	-29	2	-29	-254	95	false
south	-29	3	-29	-253	95	false
south	-28	-3	-28	-259	95	false
south	-28	-2	-28	-258	95	false
south	-28	-1	-28	-257	95	false
south	-28	0	-28	-256	95	false
south	-28	1	-28	-255	95	false
south	-28	2	-28	-254	95	false
south	-28	3	-28	-253	95	false
south	-27	-3	-27	-259	95	false
south	-27	-2	-27	-258	95	false
south	-27	-1	-27	-257	95	false
south	-27	0	-27	-256	95	false
south	-27	1	-27	-255	95	false
south	-27	2	-27	-254	95	false
south	-27	3	-27	-253	95	false
south	-26	-3	-26	-259	95	false
south	-26	-2	-26	-258	95	false
south	-26	-1	-26	-257	95	false
south	-26	0	-26	-256	95	false
south	-26	1	-26	-255	95	false
south	-26	2	-26	-254	95	false
south	-26	3	-26	-253	95	false
south	-25	-3	-25	-259	95	false
south	-25	-2	-25	-258	95	false
south	-25	-1	-25	-257	95	false
south	-25	0	-25	-256	95	false
south	-25	1	-25	-255	95	false
south	-25	2	-25	-254	95	false
south	-25	3	-25	-253	95	false
south	-24	-3	-24	-259	95	false
south	-24	-2	-24	-258	95	false
south	-24	-1	-24	-257	95	false
south	-24	0	-24	-256	95	false
south	-24	1	-24	-255	95	false
south	-24	2	-24	-254	95	false
south	-24	3	-24	-253	95	false
south	-23	-3	-23	-259	95	false
south	-23	-2	-23	-258	95	false
south	-23	-1	-23	-257	95	false
south	-23	0	-23	-256	95	false
south	-23	1	-23	-255	95	false
south	-23	2	-23	-254	95	false
south	-23	3	-23	-253	95	false
south	-22	-3	-22	-259	95	false
south	-22	-2	-22	-258	95	false
south	-22	-1	-22	-257	95	false
south	-22	0	-22	-256	95	false
south	-22	1	-22	-255	95	false
south	-22	2	-22	-254	95	false
south	-22	3	-22	-253	95	false
south	-21	-3	-21	-259	95	false
south	-21	-2	-21	-258	95	false
south	-21	-1	-21	-257	95	false
south	-21	0	-21	-256	95	false
south	-21	1	-21	-255	95	false
south	-21	2	-21	-254	95	false
south	-21	3	-21	-253	95	false
south	-20	-3	-20	-259	95	false
south	-20	-2	-20	-258	95	false
south	-20	-1	-20	-257	95	false
south	-20	0	-20	-256	95	false
south	-20	1	-20	-255	95	false
south	-20	2	-20	-254	95	false
south	-20	3	-20	-253	95	false
south	-19	-3	-19	-259	95	false
south	-19	-2	-19	-258	95	false
south	-19	-1	-19	-257	95	false
south	-19	0	-19	-256	95	false
south	-19	1	-19	-255	95	false
south	-19	2	-19	-254	95	false
south	-19	3	-19	-253	95	false
south	-18	-3	-18	-259	95	false
south	-18	-2	-18	-258	95	false
south	-18	-1	-18	-257	95	false
south	-18	0	-18	-256	95	false
south	-18	1	-18	-255	95	false
south	-18	2	-18	-254	95	false
south	-18	3	-18	-253	95	false
south	-17	-3	-17	-259	96	false
south	-17	-2	-17	-258	96	false
south	-17	-1	-17	-257	95	false
south	-17	0	-17	-256	95	false
south	-17	1	-17	-255	95	false
south	-17	2	-17	-254	95	false
south	-17	3	-17	-253	95	false
south	-16	-3	-16	-259	96	false
south	-16	-2	-16	-258	96	false
south	-16	-1	-16	-257	96	false
south	-16	0	-16	-256	96	false
south	-16	1	-16	-255	95	false
south	-16	2	-16	-254	95	false
south	-16	3	-16	-253	95	false
south	-15	-3	-15	-259	96	false
south	-15	-2	-15	-258	96	false
south	-15	-1	-15	-257	96	false
south	-15	0	-15	-256	96	false
south	-15	1	-15	-255	96	false
south	-15	2	-15	-254	95	false
south	-15	3	-15	-253	95	false
south	-14	-3	-14	-259	97	false
south	-14	-2	-14	-258	97	false
south	-14	-1	-14	-257	96	false
south	-14	0	-14	-256	96	false
south	-14	1	-14	-255	96	false
south	-14	2	-14	-254	95	false
south	-14	3	-14	-253	95	false
south	-13	-3	-13	-259	97	false
south	-13	-2	-13	-258	97	false
south	-13	-1	-13	-257	97	false
south	-13	0	-13	-256	96	false
south	-13	1	-13	-255	96	false
south	-13	2	-13	-254	95	false
south	-13	3	-13	-253	95	false
south	-12	-3	-12	-259	97	false
south	-12	-2	-12	-258	96	false
south	-12	-1	-12	-257	96	false
south	-12	0	-12	-256	96	false
south	-12	1	-12	-255	96	false
south	-12	2	-12	-254	95	false
south	-12	3	-12	-253	95	false
south	-11	-3	-11	-259	97	false
south	-11	-2	-11	-258	96	false
south	-11	-1	-11	-257	96	false
south	-11	0	-11	-256	96	false
south	-11	1	-11	-255	96	false
south	-11	2	-11	-254	95	false
south	-11	3	-11	-253	95	false
south	-10	-3	-10	-259	96	false
south	-10	-2	-10	-258	96	false
south	-10	-1	-10	-257	96	false
south	-10	0	-10	-256	96	false
south	-10	1	-10	-255	96	false
south	-10	2	-10	-254	96	false
south	-10	3	-10	-253	96	false
south	-9	-3	-9	-259	97	false
south	-9	-2	-9	-258	97	false
south	-9	-1	-9	-257	97	false
south	-9	0	-9	-256	96	false
south	-9	1	-9	-255	96	false
south	-9	2	-9	-254	96	false
south	-9	3	-9	-253	96	false
south	-8	-3	-8	-259	98	false
south	-8	-2	-8	-258	98	false
south	-8	-1	-8	-257	97	false
south	-8	0	-8	-256	97	false
south	-8	1	-8	-255	97	false
south	-8	2	-8	-254	97	false
south	-8	3	-8	-253	97	false
south	-7	-3	-7	-259	98	false
south	-7	-2	-7	-258	98	false
south	-7	-1	-7	-257	98	false
south	-7	0	-7	-256	98	false
south	-7	1	-7	-255	98	false
south	-7	2	-7	-254	98	false
south	-7	3	-7	-253	98	false
south	-6	-3	-6	-259	98	false
south	-6	-2	-6	-258	98	false
south	-6	-1	-6	-257	98	false
south	-6	0	-6	-256	98	false
south	-6	1	-6	-255	98	false
south	-6	2	-6	-254	98	false
south	-6	3	-6	-253	98	false
south	-5	-3	-5	-259	98	false
south	-5	-2	-5	-258	98	false
south	-5	-1	-5	-257	98	false
south	-5	0	-5	-256	98	false
south	-5	1	-5	-255	98	false
south	-5	2	-5	-254	98	false
south	-5	3	-5	-253	98	false
south	-4	-3	-4	-259	98	false
south	-4	-2	-4	-258	98	false
south	-4	-1	-4	-257	98	false
south	-4	0	-4	-256	98	false
south	-4	1	-4	-255	98	false
south	-4	2	-4	-254	98	false
south	-4	3	-4	-253	98	false
south	-3	-3	-3	-259	98	false
south	-3	-2	-3	-258	98	false
south	-3	-1	-3	-257	98	false
south	-3	0	-3	-256	98	false
south	-3	1	-3	-255	98	false
south	-3	2	-3	-254	98	false
south	-3	3	-3	-253	98	false
south	-2	-3	-2	-259	98	false
south	-2	-2	-2	-258	98	false
south	-2	-1	-2	-257	98	false
south	-2	0	-2	-256	98	false
south	-2	1	-2	-255	98	false
south	-2	2	-2	-254	98	false
south	-2	3	-2	-253	98	false
south	-1	-3	-1	-259	98	false
south	-1	-2	-1	-258	98	false
south	-1	-1	-1	-257	98	false
south	-1	0	-1	-256	98	false
south	-1	1	-1	-255	98	false
south	-1	2	-1	-254	98	false
south	-1	3	-1	-253	98	false
south	0	-3	0	-259	98	false
south	0	-2	0	-258	98	false
south	0	-1	0	-257	98	false
south	0	0	0	-256	98	false
south	0	1	0	-255	98	false
south	0	2	0	-254	98	false
south	0	3	0	-253	98	false
south	1	-3	1	-259	98	false
south	1	-2	1	-258	98	false
south	1	-1	1	-257	98	false
south	1	0	1	-256	98	false
south	1	1	1	-255	98	false
south	1	2	1	-254	98	false
south	1	3	1	-253	98	false
south	2	-3	2	-259	98	false
south	2	-2	2	-258	98	false
south	2	-1	2	-257	98	false
south	2	0	2	-256	98	false
south	2	1	2	-255	98	false
south	2	2	2	-254	98	false
south	2	3	2	-253	98	false
south	3	-3	3	-259	98	false
south	3	-2	3	-258	98	false
south	3	-1	3	-257	98	false
south	3	0	3	-256	98	false
south	3	1	3	-255	98	false
south	3	2	3	-254	98	false
south	3	3	3	-253	98	false
south	4	-3	4	-259	98	false
south	4	-2	4	-258	98	false
south	4	-1	4	-257	98	false
south	4	0	4	-256	98	false
south	4	1	4	-255	98	false
south	4	2	4	-254	98	false
south	4	3	4	-253	98	false
south	5	-3	5	-259	98	false
south	5	-2	5	-258	98	false
south	5	-1	5	-257	98	false
south	5	0	5	-256	98	false
south	5	1	5	-255	98	false
south	5	2	5	-254	98	false
south	5	3	5	-253	98	false
south	6	-3	6	-259	98	false
south	6	-2	6	-258	98	false
south	6	-1	6	-257	98	false
south	6	0	6	-256	98	false
south	6	1	6	-255	98	false
south	6	2	6	-254	98	false
south	6	3	6	-253	98	false
south	7	-3	7	-259	98	false
south	7	-2	7	-258	98	false
south	7	-1	7	-257	98	false
south	7	0	7	-256	98	false
south	7	1	7	-255	98	false
south	7	2	7	-254	98	false
south	7	3	7	-253	98	false
south	8	-3	8	-259	98	false
south	8	-2	8	-258	98	false
south	8	-1	8	-257	98	false
south	8	0	8	-256	98	false
south	8	1	8	-255	98	false
south	8	2	8	-254	98	false
south	8	3	8	-253	98	false
south	9	-3	9	-259	98	false
south	9	-2	9	-258	98	false
south	9	-1	9	-257	98	false
south	9	0	9	-256	98	false
south	9	1	9	-255	98	false
south	9	2	9	-254	98	false
south	9	3	9	-253	98	false
south	10	-3	10	-259	98	false
south	10	-2	10	-258	98	false
south	10	-1	10	-257	98	false
south	10	0	10	-256	98	false
south	10	1	10	-255	98	false
south	10	2	10	-254	98	false
south	10	3	10	-253	98	false
south	11	-3	11	-259	98	false
south	11	-2	11	-258	98	false
south	11	-1	11	-257	98	false
south	11	0	11	-256	98	false
south	11	1	11	-255	98	false
south	11	2	11	-254	98	false
south	11	3	11	-253	98	false
south	12	-3	12	-259	98	false
south	12	-2	12	-258	98	false
south	12	-1	12	-257	98	false
south	12	0	12	-256	98	false
south	12	1	12	-255	98	false
south	12	2	12	-254	98	false
south	12	3	12	-253	98	false
south	13	-3	13	-259	98	false
south	13	-2	13	-258	98	false
south	13	-1	13	-257	98	false
south	13	0	13	-256	98	false
south	13	1	13	-255	98	false
south	13	2	13	-254	98	false
south	13	3	13	-253	98	false
south	14	-3	14	-259	98	false
south	14	-2	14	-258	98	false
south	14	-1	14	-257	98	false
south	14	0	14	-256	98	false
south	14	1	14	-255	98	false
south	14	2	14	-254	98	false
south	14	3	14	-253	98	false
south	15	-3	15	-259	98	false
south	15	-2	15	-258	98	false
south	15	-1	15	-257	98	false
south	15	0	15	-256	98	false
south	15	1	15	-255	98	false
south	15	2	15	-254	98	false
south	15	3	15	-253	98	false
south	16	-3	16	-259	98	false
south	16	-2	16	-258	98	false
south	16	-1	16	-257	98	false
south	16	0	16	-256	98	false
south	16	1	16	-255	98	false
south	16	2	16	-254	98	false
south	16	3	16	-253	98	false
south	17	-3	17	-259	98	false
south	17	-2	17	-258	98	false
south	17	-1	17	-257	98	false
south	17	0	17	-256	98	false
south	17	1	17	-255	98	false
south	17	2	17	-254	98	false
south	17	3	17	-253	98	false
south	18	-3	18	-259	98	false
south	18	-2	18	-258	98	false
south	18	-1	18	-257	98	false
south	18	0	18	-256	98	false
south	18	1	18	-255	98	false
south	18	2	18	-254	98	false
south	18	3	18	-253	98	false
south	19	-3	19	-259	98	false
south	19	-2	19	-258	98	false
south	19	-1	19	-257	98	false
south	19	0	19	-256	98	false
south	19	1	19	-255	98	false
south	19	2	19	-254	98	false
south	19	3	19	-253	98	false
south	20	-3	20	-259	97	false
south	20	-2	20	-258	97	false
south	20	-1	20	-257	97	false
south	20	0	20	-256	97	false
south	20	1	20	-255	97	false
south	20	2	20	-254	97	false
south	20	3	20	-253	97	false
south	21	-3	21	-259	96	false
south	21	-2	21	-258	96	false
south	21	-1	21	-257	96	false
south	21	0	21	-256	96	false
south	21	1	21	-255	96	false
south	21	2	21	-254	96	false
south	21	3	21	-253	96	false
south	22	-3	22	-259	96	false
south	22	-2	22	-258	96	false
south	22	-1	22	-257	96	false
south	22	0	22	-256	96	false
south	22	1	22	-255	96	false
south	22	2	22	-254	96	false
south	22	3	22	-253	96	false
south	23	-3	23	-259	95	false
south	23	-2	23	-258	95	false
south	23	-1	23	-257	95	false
south	23	0	23	-256	95	false
south	23	1	23	-255	95	false
south	23	2	23	-254	95	false
south	23	3	23	-253	95	false
south	24	-3	24	-259	95	false
south	24	-2	24	-258	95	false
south	24	-1	24	-257	95	false
south	24	0	24	-256	95	false
south	24	1	24	-255	95	false
south	24	2	24	-254	95	false
south	24	3	24	-253	95	false
south	25	-3	25	-259	95	false
south	25	-2	25	-258	95	false
south	25	-1	25	-257	95	false
south	25	0	25	-256	95	false
south	25	1	25	-255	95	false
south	25	2	25	-254	95	false
south	25	3	25	-253	95	false
south	26	-3	26	-259	94	false
south	26	-2	26	-258	94	false
south	26	-1	26	-257	94	false
south	26	0	26	-256	94	false
south	26	1	26	-255	94	false
south	26	2	26	-254	94	false
south	26	3	26	-253	94	false
south	27	-3	27	-259	93	false
south	27	-2	27	-258	93	false
south	27	-1	27	-257	93	false
south	27	0	27	-256	93	false
south	27	1	27	-255	93	false
south	27	2	27	-254	93	false
south	27	3	27	-253	93	false
south	28	-3	28	-259	93	false
south	28	-2	28	-258	93	false
south	28	-1	28	-257	93	false
south	28	0	28	-256	93	false
south	28	1	28	-255	93	false
south	28	2	28	-254	93	false
south	28	3	28	-253	93	false
south	29	-3	29	-259	92	false
south	29	-2	29	-258	92	false
south	29	-1	29	-257	92	false
south	29	0	29	-256	92	false
south	29	1	29	-255	92	false
south	29	2	29	-254	92	false
south	29	3	29	-253	92	false
south	30	-3	30	-259	92	false
south	30	-2	30	-258	92	false
south	30	-1	30	-257	92	false
south	30	0	30	-256	92	false
south	30	1	30	-255	92	false
south	30	2	30	-254	92	false
south	30	3	30	-253	92	false
south	31	-3	31	-259	92	false
south	31	-2	31	-258	92	false
south	31	-1	31	-257	92	false
south	31	0	31	-256	92	false
south	31	1	31	-255	92	false
south	31	2	31	-254	92	false
south	31	3	31	-253	92	false
south	32	-3	32	-259	92	false
south	32	-2	32	-258	92	false
south	32	-1	32	-257	92	false
south	32	0	32	-256	92	false
south	32	1	32	-255	92	false
south	32	2	32	-254	92	false
south	32	3	32	-253	92	false
south	33	-3	33	-259	92	false
south	33	-2	33	-258	92	false
south	33	-1	33	-257	92	false
south	33	0	33	-256	92	false
south	33	1	33	-255	92	false
south	33	2	33	-254	92	false
south	33	3	33	-253	92	false
south	34	-3	34	-259	92	false
south	34	-2	34	-258	92	false
south	34	-1	34	-257	92	false
south	34	0	34	-256	92	false
south	34	1	34	-255	92	false
south	34	2	34	-254	92	false
south	34	3	34	-253	92	false
south	35	-3	35	-259	91	false
south	35	-2	35	-258	91	false
south	35	-1	35	-257	91	false
south	35	0	35	-256	91	false
south	35	1	35	-255	91	false
south	35	2	35	-254	91	false
south	35	3	35	-253	91	false
south	36	-3	36	-259	90	false
south	36	-2	36	-258	90	false
south	36	-1	36	-257	90	false
south	36	0	36	-256	90	false
south	36	1	36	-255	90	false
south	36	2	36	-254	90	false
south	36	3	36	-253	90	false
south	37	-3	37	-259	90	false
south	37	-2	37	-258	90	false
south	37	-1	37	-257	90	false
south	37	0	37	-256	90	false
south	37	1	37	-255	90	false
south	37	2	37	-254	90	false
south	37	3	37	-253	90	false
south	38	-3	38	-259	89	false
south	38	-2	38	-258	89	false
south	38	-1	38	-257	89	false
south	38	0	38	-256	89	false
south	38	1	38	-255	89	false
south	38	2	38	-254	89	false
south	38	3	38	-253	89	false
south	39	-3	39	-259	89	false
south	39	-2	39	-258	89	false
south	39	-1	39	-257	89	false
south	39	0	39	-256	89	false
south	39	1	39	-255	89	false
south	39	2	39	-254	89	false
south	39	3	39	-253	89	false
south	40	-3	40	-259	89	false
south	40	-2	40	-258	89	false
south	40	-1	40	-257	89	false
south	40	0	40	-256	89	false
south	40	1	40	-255	89	false
south	40	2	40	-254	89	false
south	40	3	40	-253	89	false
south	41	-3	41	-259	89	false
south	41	-2	41	-258	89	false
south	41	-1	41	-257	89	false
south	41	0	41	-256	89	false
south	41	1	41	-255	89	false
south	41	2	41	-254	89	false
south	41	3	41	-253	89	false
south	42	-3	42	-259	89	false
south	42	-2	42	-258	89	false
south	42	-1	42	-257	89	false
south	42	0	42	-256	89	false
south	42	1	42	-255	89	false
south	42	2	42	-254	89	false
south	42	3	42	-253	89	false
south	43	-3	43	-259	89	false
south	43	-2	43	-258	89	false
south	43	-1	43	-257	89	false
south	43	0	43	-256	89	false
south	43	1	43	-255	89	false
south	43	2	43	-254	89	false
south	43	3	43	-253	89	false
south	44	-3	44	-259	89	false
south	44	-2	44	-258	89	false
south	44	-1	44	-257	89	false
south	44	0	44	-256	89	false
south	44	1	44	-255	89	false
south	44	2	44	-254	89	false
south	44	3	44	-253	89	false
south	45	-3	45	-259	89	false
south	45	-2	45	-258	89	false
south	45	-1	45	-257	89	false
south	45	0	45	-256	89	false
south	45	1	45	-255	89	false
south	45	2	45	-254	89	false
south	45	3	45	-253	89	false
south	46	-3	46	-259	89	false
south	46	-2	46	-258	89	false
south	46	-1	46	-257	89	false
south	46	0	46	-256	89	false
south	46	1	46	-255	89	false
south	46	2	46	-254	89	false
south	46	3	46	-253	89	false
south	47	-3	47	-259	89	false
south	47	-2	47	-258	89	false
south	47	-1	47	-257	89	false
south	47	0	47	-256	89	false
south	47	1	47	-255	89	false
south	47	2	47	-254	89	false
south	47	3	47	-253	89	false
south	48	-3	48	-259	89	false
south	48	-2	48	-258	89	false
south	48	-1	48	-257	89	false
south	48	0	48	-256	89	false
south	48	1	48	-255	89	false
south	48	2	48	-254	89	false
south	48	3	48	-253	89	false
south	49	-3	49	-259	89	false
south	49	-2	49	-258	89	false
south	49	-1	49	-257	89	false
south	49	0	49	-256	89	false
south	49	1	49	-255	89	false
south	49	2	49	-254	89	false
south	49	3	49	-253	89	false
south	50	-3	50	-259	89	false
south	50	-2	50	-258	89	false
south	50	-1	50	-257	89	false
south	50	0	50	-256	89	false
south	50	1	50	-255	89	false
south	50	2	50	-254	89	false
south	50	3	50	-253	89	false
south	51	-3	51	-259	89	false
south	51	-2	51	-258	89	false
south	51	-1	51	-257	89	false
south	51	0	51	-256	89	false
south	51	1	51	-255	89	false
south	51	2	51	-254	89	false
south	51	3	51	-253	89	false
south	52	-3	52	-259	89	false
south	52	-2	52	-258	89	false
south	52	-1	52	-257	89	false
south	52	0	52	-256	89	false
south	52	1	52	-255	89	false
south	52	2	52	-254	89	false
south	52	3	52	-253	89	false
south	53	-3	53	-259	89	false
south	53	-2	53	-258	89	false
south	53	-1	53	-257	89	false
south	53	0	53	-256	89	false
south	53	1	53	-255	89	false
south	53	2	53	-254	89	false
south	53	3	53	-253	89	false
south	54	-3	54	-259	89	false
south	54	-2	54	-258	89	false
south	54	-1	54	-257	89	false
south	54	0	54	-256	89	false
south	54	1	54	-255	89	false
south	54	2	54	-254	89	false
south	54	3	54	-253	89	false
south	55	-3	55	-259	90	false
south	55	-2	55	-258	90	false
south	55	-1	55	-257	90	false
south	55	0	55	-256	90	false
south	55	1	55	-255	90	false
south	55	2	55	-254	90	false
south	55	3	55	-253	90	false
south	56	-3	56	-259	90	false
south	56	-2	56	-258	90	false
south	56	-1	56	-257	90	false
south	56	0	56	-256	90	false
south	56	1	56	-255	90	false
south	56	2	56	-254	90	false
south	56	3	56	-253	90	false
south	57	-3	57	-259	91	false
south	57	-2	57	-258	91	false
south	57	-1	57	-257	91	false
south	57	0	57	-256	91	false
south	57	1	57	-255	91	false
south	57	2	57	-254	91	false
south	57	3	57	-253	91	false
south	58	-3	58	-259	92	false
south	58	-2	58	-258	92	false
south	58	-1	58	-257	92	false
south	58	0	58	-256	92	false
south	58	1	58	-255	92	false
south	58	2	58	-254	92	false
south	58	3	58	-253	92	false
south	59	-3	59	-259	92	false
south	59	-2	59	-258	92	false
south	59	-1	59	-257	92	false
south	59	0	59	-256	92	false
south	59	1	59	-255	92	false
south	59	2	59	-254	92	false
south	59	3	59	-253	92	false
south	60	-3	60	-259	92	false
south	60	-2	60	-258	92	false
south	60	-1	60	-257	92	false
south	60	0	60	-256	92	false
south	60	1	60	-255	92	false
south	60	2	60	-254	92	false
south	60	3	60	-253	92	false
south	61	-3	61	-259	92	false
south	61	-2	61	-258	92	false
south	61	-1	61	-257	92	false
south	61	0	61	-256	92	false
south	61	1	61	-255	92	false
south	61	2	61	-254	92	false
south	61	3	61	-253	92	false
south	62	-3	62	-259	92	false
south	62	-2	62	-258	92	false
south	62	-1	62	-257	92	false
south	62	0	62	-256	92	false
south	62	1	62	-255	92	false
south	62	2	62	-254	92	false
south	62	3	62	-253	92	false
south	63	-3	63	-259	92	false
south	63	-2	63	-258	92	false
south	63	-1	63	-257	92	false
south	63	0	63	-256	92	false
south	63	1	63	-255	92	false
south	63	2	63	-254	92	false
south	63	3	63	-253	92	false
south	64	-3	64	-259	92	false
south	64	-2	64	-258	92	false
south	64	-1	64	-257	92	false
south	64	0	64	-256	92	false
south	64	1	64	-255	92	false
south	64	2	64	-254	92	false
south	64	3	64	-253	92	false
south	65	-3	65	-259	92	false
south	65	-2	65	-258	92	false
south	65	-1	65	-257	92	false
south	65	0	65	-256	92	false
south	65	1	65	-255	92	false
south	65	2	65	-254	92	false
south	65	3	65	-253	92	false
south	66	-3	66	-259	92	false
south	66	-2	66	-258	92	false
south	66	-1	66	-257	92	false
south	66	0	66	-256	92	false
south	66	1	66	-255	92	false
south	66	2	66	-254	92	false
south	66	3	66	-253	92	false
south	67	-3	67	-259	92	false
south	67	-2	67	-258	92	false
south	67	-1	67	-257	92	false
south	67	0	67	-256	92	false
south	67	1	67	-255	92	false
south	67	2	67	-254	92	false
south	67	3	67	-253	92	false
south	68	-3	68	-259	92	false
south	68	-2	68	-258	92	false
south	68	-1	68	-257	92	false
south	68	0	68	-256	92	false
south	68	1	68	-255	92	false
south	68	2	68	-254	92	false
south	68	3	68	-253	92	false
south	69	-3	69	-259	92	false
south	69	-2	69	-258	92	false
south	69	-1	69	-257	92	false
south	69	0	69	-256	92	false
south	69	1	69	-255	92	false
south	69	2	69	-254	92	false
south	69	3	69	-253	92	false
south	70	-3	70	-259	92	false
south	70	-2	70	-258	92	false
south	70	-1	70	-257	92	false
south	70	0	70	-256	92	false
south	70	1	70	-255	92	false
south	70	2	70	-254	92	false
south	70	3	70	-253	92	false
south	71	-3	71	-259	92	false
south	71	-2	71	-258	92	false
south	71	-1	71	-257	92	false
south	71	0	71	-256	92	false
south	71	1	71	-255	92	false
south	71	2	71	-254	92	false
south	71	3	71	-253	92	false
south	72	-3	72	-259	92	false
south	72	-2	72	-258	92	false
south	72	-1	72	-257	92	false
south	72	0	72	-256	92	false
south	72	1	72	-255	92	false
south	72	2	72	-254	92	false
south	72	3	72	-253	92	false
south	73	-3	73	-259	92	false
south	73	-2	73	-258	92	false
south	73	-1	73	-257	92	false
south	73	0	73	-256	92	false
south	73	1	73	-255	92	false
south	73	2	73	-254	92	false
south	73	3	73	-253	92	false
south	74	-3	74	-259	92	false
south	74	-2	74	-258	92	false
south	74	-1	74	-257	92	false
south	74	0	74	-256	92	false
south	74	1	74	-255	92	false
south	74	2	74	-254	92	false
south	74	3	74	-253	92	false
south	75	-3	75	-259	92	false
south	75	-2	75	-258	92	false
south	75	-1	75	-257	92	false
south	75	0	75	-256	92	false
south	75	1	75	-255	92	false
south	75	2	75	-254	92	false
south	75	3	75	-253	92	false
south	76	-3	76	-259	92	false
south	76	-2	76	-258	92	false
south	76	-1	76	-257	92	false
south	76	0	76	-256	92	false
south	76	1	76	-255	92	false
south	76	2	76	-254	92	false
south	76	3	76	-253	92	false
south	77	-3	77	-259	92	false
south	77	-2	77	-258	92	false
south	77	-1	77	-257	92	false
south	77	0	77	-256	92	false
south	77	1	77	-255	92	false
south	77	2	77	-254	92	false
south	77	3	77	-253	92	false
south	78	-3	78	-259	92	false
south	78	-2	78	-258	92	false
south	78	-1	78	-257	92	false
south	78	0	78	-256	92	false
south	78	1	78	-255	92	false
south	78	2	78	-254	93	false
south	78	3	78	-253	93	false
south	79	-3	79	-259	92	false
south	79	-2	79	-258	92	false
south	79	-1	79	-257	92	false
south	79	0	79	-256	92	false
south	79	1	79	-255	92	false
south	79	2	79	-254	93	false
south	79	3	79	-253	93	false
south	80	-3	80	-259	92	false
south	80	-2	80	-258	92	false
south	80	-1	80	-257	92	false
south	80	0	80	-256	92	false
south	80	1	80	-255	92	false
south	80	2	80	-254	93	false
south	80	3	80	-253	93	false
south	81	-3	81	-259	92	false
south	81	-2	81	-258	92	false
south	81	-1	81	-257	92	false
south	81	0	81	-256	92	false
south	81	1	81	-255	92	false
south	81	2	81	-254	93	false
south	81	3	81	-253	93	false
south	82	-3	82	-259	92	false
south	82	-2	82	-258	92	false
south	82	-1	82	-257	92	false
south	82	0	82	-256	92	false
south	82	1	82	-255	92	false
south	82	2	82	-254	93	false
south	82	3	82	-253	93	false
south	83	-3	83	-259	92	false
south	83	-2	83	-258	92	false
south	83	-1	83	-257	92	false
south	83	0	83	-256	92	false
south	83	1	83	-255	92	false
south	83	2	83	-254	92	false
south	83	3	83	-253	92	false
south	84	-3	84	-259	92	false
south	84	-2	84	-258	92	false
south	84	-1	84	-257	92	false
south	84	0	84	-256	92	false
south	84	1	84	-255	92	false
south	84	2	84	-254	92	false
south	84	3	84	-253	92	false
south	85	-3	85	-259	92	false
south	85	-2	85	-258	92	false
south	85	-1	85	-257	92	false
south	85	0	85	-256	92	false
south	85	1	85	-255	92	false
south	85	2	85	-254	92	false
south	85	3	85	-253	92	false
south	86	-3	86	-259	92	false
south	86	-2	86	-258	92	false
south	86	-1	86	-257	92	false
south	86	0	86	-256	92	false
south	86	1	86	-255	92	false
south	86	2	86	-254	92	false
south	86	3	86	-253	92	false
south	87	-3	87	-259	92	false
south	87	-2	87	-258	92	false
south	87	-1	87	-257	92	false
south	87	0	87	-256	92	false
south	87	1	87	-255	92	false
south	87	2	87	-254	92	false
south	87	3	87	-253	92	false
south	88	-3	88	-259	92	false
south	88	-2	88	-258	92	false
south	88	-1	88	-257	92	false
south	88	0	88	-256	92	false
south	88	1	88	-255	92	false
south	88	2	88	-254	92	false
south	88	3	88	-253	92	false
south	89	-3	89	-259	92	false
south	89	-2	89	-258	92	false
south	89	-1	89	-257	92	false
south	89	0	89	-256	92	false
south	89	1	89	-255	92	false
south	89	2	89	-254	92	false
south	89	3	89	-253	92	false
south	90	-3	90	-259	92	false
south	90	-2	90	-258	92	false
south	90	-1	90	-257	92	false
south	90	0	90	-256	92	false
south	90	1	90	-255	92	false
south	90	2	90	-254	92	false
south	90	3	90	-253	92	false
south	91	-3	91	-259	92	false
south	91	-2	91	-258	92	false
south	91	-1	91	-257	92	false
south	91	0	91	-256	92	false
south	91	1	91	-255	92	false
south	91	2	91	-254	92	false
south	91	3	91	-253	92	false
south	92	-3	92	-259	92	false
south	92	-2	92	-258	92	false
south	92	-1	92	-257	92	false
south	92	0	92	-256	92	false
south	92	1	92	-255	92	false
south	92	2	92	-254	92	false
south	92	3	92	-253	92	false
south	93	-3	93	-259	92	false
south	93	-2	93	-258	92	false
south	93	-1	93	-257	92	false
south	93	0	93	-256	92	false
south	93	1	93	-255	92	false
south	93	2	93	-254	92	false
south	93	3	93	-253	92	false
south	94	-3	94	-259	92	false
south	94	-2	94	-258	92	false
south	94	-1	94	-257	92	false
south	94	0	94	-256	92	false
south	94	1	94	-255	92	false
south	94	2	94	-254	92	false
south	94	3	94	-253	92	false
south	95	-3	95	-259	92	false
south	95	-2	95	-258	92	false
south	95	-1	95	-257	92	false
south	95	0	95	-256	92	false
south	95	1	95	-255	92	false
south	95	2	95	-254	92	false
south	95	3	95	-253	92	false
south	96	-3	96	-259	92	false
south	96	-2	96	-258	92	false
south	96	-1	96	-257	92	false
south	96	0	96	-256	92	false
south	96	1	96	-255	92	false
south	96	2	96	-254	92	false
south	96	3	96	-253	92	false
south	97	-3	97	-259	92	false
south	97	-2	97	-258	92	false
south	97	-1	97	-257	93	false
south	97	0	97	-256	93	false
south	97	1	97	-255	93	false
south	97	2	97	-254	93	false
south	97	3	97	-253	93	false
south	98	-3	98	-259	92	false
south	98	-2	98	-258	93	false
south	98	-1	98	-257	93	false
south	98	0	98	-256	93	false
south	98	1	98	-255	93	false
south	98	2	98	-254	93	false
south	98	3	98	-253	93	false
south	99	-3	99	-259	93	false
south	99	-2	99	-258	93	false
south	99	-1	99	-257	93	false
south	99	0	99	-256	93	false
south	99	1	99	-255	94	false
south	99	2	99	-254	94	false
south	99	3	99	-253	94	false
south	100	-3	100	-259	93	false
south	100	-2	100	-258	93	false
south	100	-1	100	-257	93	false
south	100	0	100	-256	94	false
south	100	1	100	-255	94	false
south	100	2	100	-254	95	false
south	100	3	100	-253	95	false
south	101	-3	101	-259	93	false
south	101	-2	101	-258	93	false
south	101	-1	101	-257	94	false
south	101	0	101	-256	94	false
south	101	1	101	-255	95	false
south	101	2	101	-254	95	false
south	101	3	101	-253	95	false
south	102	-3	102	-259	93	false
south	102	-2	102	-258	94	false
south	102	-1	102	-257	94	false
south	102	0	102	-256	95	false
south	102	1	102	-255	95	false
south	102	2	102	-254	95	false
south	102	3	102	-253	95	false
south	103	-3	103	-259	93	false
south	103	-2	103	-258	94	false
south	103	-1	103	-257	95	false
south	103	0	103	-256	95	false
south	103	1	103	-255	95	false
south	103	2	103	-254	95	false
south	103	3	103	-253	95	false
south	104	-3	104	-259	94	false
south	104	-2	104	-258	94	false
south	104	-1	104	-257	95	false
south	104	0	104	-256	95	false
south	104	1	104	-255	95	false
south	104	2	104	-254	95	false
south	104	3	104	-253	95	false
south	105	-3	105	-259	94	false
south	105	-2	105	-258	95	false
south	105	-1	105	-257	95	false
south	105	0	105	-256	95	false
south	105	1	105	-255	95	false
south	105	2	105	-254	95	false
south	105	3	105	-253	95	false
south	106	-3	106	-259	94	false
south	106	-2	106	-258	95	false
south	106	-1	106	-257	95	false
south	106	0	106	-256	95	false
south	106	1	106	-255	95	false
south	106	2	106	-254	95	false
south	106	3	106	-253	95	false
south	107	-3	107	-259	95	false
south	107	-2	107	-258	95	false
south	107	-1	107	-257	95	false
south	107	0	107	-256	95	false
south	107	1	107	-255	95	false
south	107	2	107	-254	95	false
south	107	3	107	-253	95	false
south	108	-3	108	-259	95	false
south	108	-2	108	-258	95	false
south	108	-1	108	-257	95	false
south	108	0	108	-256	95	false
south	108	1	108	-255	95	false
south	108	2	108	-254	95	false
south	108	3	108	-253	95	false
south	109	-3	109	-259	94	false
south	109	-2	109	-258	94	false
south	109	-1	109	-257	95	false
south	109	0	109	-256	95	false
south	109	1	109	-255	95	false
south	109	2	109	-254	95	false
south	109	3	109	-253	95	false
south	110	-3	110	-259	93	false
south	110	-2	110	-258	94	false
south	110	-1	110	-257	94	false
south	110	0	110	-256	95	false
south	110	1	110	-255	95	false
south	110	2	110	-254	95	false
south	110	3	110	-253	95	false
south	111	-3	111	-259	93	false
south	111	-2	111	-258	93	false
south	111	-1	111	-257	94	false
south	111	0	111	-256	94	false
south	111	1	111	-255	94	false
south	111	2	111	-254	95	false
south	111	3	111	-253	95	false
south	112	-3	112	-259	93	false
south	112	-2	112	-258	93	false
south	112	-1	112	-257	93	false
south	112	0	112	-256	93	false
south	112	1	112	-255	94	false
south	112	2	112	-254	94	false
south	112	3	112	-253	95	false
south	113	-3	113	-259	93	false
south	113	-2	113	-258	93	false
south	113	-1	113	-257	93	false
south	113	0	113	-256	93	false
south	113	1	113	-255	93	false
south	113	2	113	-254	94	false
south	113	3	113	-253	94	false
south	114	-3	114	-259	92	false
south	114	-2	114	-258	92	false
south	114	-1	114	-257	93	false
south	114	0	114	-256	93	false
south	114	1	114	-255	93	false
south	114	2	114	-254	93	false
south	114	3	114	-253	94	false
south	115	-3	115	-259	92	false
south	115	-2	115	-258	92	false
south	115	-1	115	-257	92	false
south	115	0	115	-256	93	false
south	115	1	115	-255	93	false
south	115	2	115	-254	93	false
south	115	3	115	-253	93	false
south	116	-3	116	-259	92	false
south	116	-2	116	-258	92	false
south	116	-1	116	-257	92	false
south	116	0	116	-256	92	false
south	116	1	116	-255	93	false
south	116	2	116	-254	93	false
south	116	3	116	-253	93	false
south	117	-3	117	-259	92	false
south	117	-2	117	-258	92	false
south	117	-1	117	-257	92	false
south	117	0	117	-256	92	false
south	117	1	117	-255	92	false
south	117	2	117	-254	93	false
south	117	3	117	-253	93	false
south	118	-3	118	-259	92	false
south	118	-2	118	-258	92	false
south	118	-1	118	-257	92	false
south	118	0	118	-256	92	false
south	118	1	118	-255	92	false
south	118	2	118	-254	92	false
south	118	3	118	-253	92	false
south	119	-3	119	-259	92	false
south	119	-2	119	-258	92	false
south	119	-1	119	-257	92	false
south	119	0	119	-256	92	false
south	119	1	119	-255	92	false
south	119	2	119	-254	92	false
south	119	3	119	-253	92	false
south	120	-3	120	-259	92	false
south	120	-2	120	-258	92	false
south	120	-1	120	-257	92	false
south	120	0	120	-256	92	false
south	120	1	120	-255	92	false
south	120	2	120	-254	92	false
south	120	3	120	-253	92	false
south	121	-3	121	-259	92	false
south	121	-2	121	-258	92	false
south	121	-1	121	-257	92	false
south	121	0	121	-256	92	false
south	121	1	121	-255	92	false
south	121	2	121	-254	92	false
south	121	3	121	-253	92	false
south	122	-3	122	-259	92	false
south	122	-2	122	-258	92	false
south	122	-1	122	-257	92	false
south	122	0	122	-256	92	false
south	122	1	122	-255	92	false
south	122	2	122	-254	92	false
south	122	3	122	-253	92	false
south	123	-3	123	-259	92	false
south	123	-2	123	-258	92	false
south	123	-1	123	-257	92	false
south	123	0	123	-256	92	false
south	123	1	123	-255	92	false
south	123	2	123	-254	92	false
south	123	3	123	-253	91	false
south	124	-3	124	-259	92	false
south	124	-2	124	-258	91	false
south	124	-1	124	-257	91	false
south	124	0	124	-256	91	false
south	124	1	124	-255	91	false
south	124	2	124	-254	91	false
south	124	3	124	-253	91	false
south	125	-3	125	-259	91	false
south	125	-2	125	-258	91	false
south	125	-1	125	-257	90	false
south	125	0	125	-256	90	false
south	125	1	125	-255	90	false
south	125	2	125	-254	90	false
south	125	3	125	-253	90	false
south	126	-3	126	-259	90	false
south	126	-2	126	-258	90	false
south	126	-1	126	-257	90	false
south	126	0	126	-256	90	false
south	126	1	126	-255	90	false
south	126	2	126	-254	90	false
south	126	3	126	-253	90	false
south	127	-3	127	-259	90	false
south	127	-2	127	-258	90	false
south	127	-1	127	-257	90	false
south	127	0	127	-256	90	false
south	127	1	127	-255	89	false
south	127	2	127	-254	89	false
south	127	3	127	-253	89	false
south	128	-3	128	-259	89	false
south	128	-2	128	-258	89	false
south	128	-1	128	-257	89	false
south	128	0	128	-256	89	false
south	128	1	128	-255	89	false
south	128	2	128	-254	89	false
south	128	3	128	-253	89	false
south	129	-3	129	-259	89	false
south	129	-2	129	-258	89	false
south	129	-1	129	-257	89	false
south	129	0	129	-256	89	false
south	129	1	129	-255	89	false
south	129	2	129	-254	89	false
south	129	3	129	-253	89	false
south	130	-3	130	-259	89	false
south	130	-2	130	-258	89	false
south	130	-1	130	-257	89	false
south	130	0	130	-256	89	false
south	130	1	130	-255	89	false
south	130	2	130	-254	89	false
south	130	3	130	-253	89	false
south	131	-3	131	-259	89	false
south	131	-2	131	-258	89	false
south	131	-1	131	-257	89	false
south	131	0	131	-256	89	false
south	131	1	131	-255	89	false
south	131	2	131	-254	89	false
south	131	3	131	-253	89	false
south	132	-3	132	-259	89	false
south	132	-2	132	-258	89	false
south	132	-1	132	-257	89	false
south	132	0	132	-256	89	false
south	132	1	132	-255	89	false
south	132	2	132	-254	89	false
south	132	3	132	-253	89	false
south	133	-3	133	-259	89	false
south	133	-2	133	-258	89	false
south	133	-1	133	-257	89	false
south	133	0	133	-256	89	false
south	133	1	133	-255	89	false
south	133	2	133	-254	89	false
south	133	3	133	-253	89	false
south	134	-3	134	-259	89	false
south	134	-2	134	-258	89	false
south	134	-1	134	-257	89	false
south	134	0	134	-256	89	false
south	134	1	134	-255	89	false
south	134	2	134	-254	89	false
south	134	3	134	-253	89	false
south	135	-3	135	-259	89	false
south	135	-2	135	-258	89	false
south	135	-1	135	-257	89	false
south	135	0	135	-256	89	false
south	135	1	135	-255	89	false
south	135	2	135	-254	89	false
south	135	3	135	-253	89	false
south	136	-3	136	-259	89	false
south	136	-2	136	-258	89	false
south	136	-1	136	-257	89	false
south	136	0	136	-256	89	false
south	136	1	136	-255	89	false
south	136	2	136	-254	89	false
south	136	3	136	-253	89	false
south	137	-3	137	-259	89	false
south	137	-2	137	-258	89	false
south	137	-1	137	-257	89	false
south	137	0	137	-256	89	false
south	137	1	137	-255	89	false
south	137	2	137	-254	89	false
south	137	3	137	-253	89	false
south	138	-3	138	-259	89	false
south	138	-2	138	-258	89	false
south	138	-1	138	-257	89	false
south	138	0	138	-256	89	false
south	138	1	138	-255	89	false
south	138	2	138	-254	89	false
south	138	3	138	-253	89	false
south	139	-3	139	-259	89	false
south	139	-2	139	-258	89	false
south	139	-1	139	-257	89	false
south	139	0	139	-256	89	false
south	139	1	139	-255	89	false
south	139	2	139	-254	89	false
south	139	3	139	-253	89	false
south	140	-3	140	-259	89	false
south	140	-2	140	-258	89	false
south	140	-1	140	-257	89	false
south	140	0	140	-256	89	false
south	140	1	140	-255	89	false
south	140	2	140	-254	89	false
south	140	3	140	-253	89	false
south	141	-3	141	-259	89	false
south	141	-2	141	-258	89	false
south	141	-1	141	-257	89	false
south	141	0	141	-256	89	false
south	141	1	141	-255	89	false
south	141	2	141	-254	89	false
south	141	3	141	-253	89	false
south	142	-3	142	-259	89	false
south	142	-2	142	-258	89	false
south	142	-1	142	-257	89	false
south	142	0	142	-256	89	false
south	142	1	142	-255	89	false
south	142	2	142	-254	89	false
south	142	3	142	-253	89	false
south	143	-3	143	-259	89	false
south	143	-2	143	-258	89	false
south	143	-1	143	-257	89	false
south	143	0	143	-256	89	false
south	143	1	143	-255	89	false
south	143	2	143	-254	89	false
south	143	3	143	-253	89	false
south	144	-3	144	-259	89	false
south	144	-2	144	-258	89	false
south	144	-1	144	-257	89	false
south	144	0	144	-256	89	false
south	144	1	144	-255	89	false
south	144	2	144	-254	89	false
south	144	3	144	-253	89	false
south	145	-3	145	-259	89	false
south	145	-2	145	-258	89	false
south	145	-1	145	-257	89	false
south	145	0	145	-256	89	false
south	145	1	145	-255	89	false
south	145	2	145	-254	89	false
south	145	3	145	-253	89	false
south	146	-3	146	-259	89	false
south	146	-2	146	-258	89	false
south	146	-1	146	-257	89	false
south	146	0	146	-256	89	false
south	146	1	146	-255	89	false
south	146	2	146	-254	89	false
south	146	3	146	-253	89	false
south	147	-3	147	-259	89	false
south	147	-2	147	-258	89	false
south	147	-1	147	-257	89	false
south	147	0	147	-256	89	false
south	147	1	147	-255	89	false
south	147	2	147	-254	89	false
south	147	3	147	-253	89	false
south	148	-3	148	-259	89	false
south	148	-2	148	-258	89	false
south	148	-1	148	-257	89	false
south	148	0	148	-256	89	false
south	148	1	148	-255	89	false
south	148	2	148	-254	89	false
south	148	3	148	-253	89	false
south	149	-3	149	-259	89	false
south	149	-2	149	-258	89	false
south	149	-1	149	-257	89	false
south	149	0	149	-256	89	false
south	149	1	149	-255	89	false
south	149	2	149	-254	89	false
south	149	3	149	-253	89	false
south	150	-3	150	-259	89	false
south	150	-2	150	-258	89	false
south	150	-1	150	-257	89	false
south	150	0	150	-256	89	false
south	150	1	150	-255	89	false
south	150	2	150	-254	89	false
south	150	3	150	-253	89	false
south	151	-3	151	-259	89	false
south	151	-2	151	-258	89	false
south	151	-1	151	-257	89	false
south	151	0	151	-256	89	false
south	151	1	151	-255	89	false
south	151	2	151	-254	89	false
south	151	3	151	-253	89	false
south	152	-3	152	-259	89	false
south	152	-2	152	-258	89	false
south	152	-1	152	-257	89	false
south	152	0	152	-256	89	false
south	152	1	152	-255	89	false
south	152	2	152	-254	89	false
south	152	3	152	-253	89	false
south	153	-3	153	-259	89	false
south	153	-2	153	-258	89	false
south	153	-1	153	-257	89	false
south	153	0	153	-256	89	false
south	153	1	153	-255	89	false
south	153	2	153	-254	89	false
south	153	3	153	-253	89	false
south	154	-3	154	-259	89	false
south	154	-2	154	-258	89	false
south	154	-1	154	-257	89	false
south	154	0	154	-256	89	false
south	154	1	154	-255	89	false
south	154	2	154	-254	89	false
south	154	3	154	-253	89	false
south	155	-3	155	-259	89	false
south	155	-2	155	-258	89	false
south	155	-1	155	-257	89	false
south	155	0	155	-256	89	false
south	155	1	155	-255	89	false
south	155	2	155	-254	89	false
south	155	3	155	-253	89	false
south	156	-3	156	-259	89	false
south	156	-2	156	-258	89	false
south	156	-1	156	-257	89	false
south	156	0	156	-256	89	false
south	156	1	156	-255	89	false
south	156	2	156	-254	89	false
south	156	3	156	-253	89	false
south	157	-3	157	-259	89	false
south	157	-2	157	-258	89	false
south	157	-1	157	-257	89	false
south	157	0	157	-256	89	false
south	157	1	157	-255	89	false
south	157	2	157	-254	89	false
south	157	3	157	-253	89	false
south	158	-3	158	-259	89	false
south	158	-2	158	-258	89	false
south	158	-1	158	-257	89	false
south	158	0	158	-256	89	false
south	158	1	158	-255	89	false
south	158	2	158	-254	89	false
south	158	3	158	-253	89	false
south	159	-3	159	-259	89	false
south	159	-2	159	-258	89	false
south	159	-1	159	-257	89	false
south	159	0	159	-256	89	false
south	159	1	159	-255	89	false
south	159	2	159	-254	89	false
south	159	3	159	-253	89	false
south	160	-3	160	-259	89	false
south	160	-2	160	-258	89	false
south	160	-1	160	-257	89	false
south	160	0	160	-256	89	false
south	160	1	160	-255	89	false
south	160	2	160	-254	89	false
south	160	3	160	-253	89	false
south	161	-3	161	-259	89	false
south	161	-2	161	-258	89	false
south	161	-1	161	-257	89	false
south	161	0	161	-256	89	false
south	161	1	161	-255	89	false
south	161	2	161	-254	89	false
south	161	3	161	-253	89	false
south	162	-3	162	-259	89	false
south	162	-2	162	-258	89	false
south	162	-1	162	-257	89	false
south	162	0	162	-256	89	false
south	162	1	162	-255	89	false
south	162	2	162	-254	89	false
south	162	3	162	-253	89	false
south	163	-3	163	-259	89	false
south	163	-2	163	-258	89	false
south	163	-1	163	-257	89	false
south	163	0	163	-256	89	false
south	163	1	163	-255	89	false
south	163	2	163	-254	89	false
south	163	3	163	-253	89	false
south	164	-3	164	-259	89	false
south	164	-2	164	-258	89	false
south	164	-1	164	-257	89	false
south	164	0	164	-256	89	false
south	164	1	164	-255	89	false
south	164	2	164	-254	89	false
south	164	3	164	-253	89	false
south	165	-3	165	-259	89	false
south	165	-2	165	-258	89	false
south	165	-1	165	-257	89	false
south	165	0	165	-256	89	false
south	165	1	165	-255	89	false
south	165	2	165	-254	89	false
south	165	3	165	-253	89	false
south	166	-3	166	-259	89	false
south	166	-2	166	-258	89	false
south	166	-1	166	-257	89	false
south	166	0	166	-256	89	false
south	166	1	166	-255	89	false
south	166	2	166	-254	89	false
south	166	3	166	-253	89	false
south	167	-3	167	-259	89	false
south	167	-2	167	-258	89	false
south	167	-1	167	-257	89	false
south	167	0	167	-256	89	false
south	167	1	167	-255	89	false
south	167	2	167	-254	89	false
south	167	3	167	-253	89	false
south	168	-3	168	-259	89	false
south	168	-2	168	-258	89	false
south	168	-1	168	-257	89	false
south	168	0	168	-256	89	false
south	168	1	168	-255	89	false
south	168	2	168	-254	89	false
south	168	3	168	-253	89	false
south	169	-3	169	-259	89	false
south	169	-2	169	-258	89	false
south	169	-1	169	-257	89	false
south	169	0	169	-256	89	false
south	169	1	169	-255	89	false
south	169	2	169	-254	89	false
south	169	3	169	-253	89	false
south	170	-3	170	-259	89	false
south	170	-2	170	-258	89	false
south	170	-1	170	-257	89	false
south	170	0	170	-256	89	false
south	170	1	170	-255	89	false
south	170	2	170	-254	89	false
south	170	3	170	-253	89	false
south	171	-3	171	-259	89	false
south	171	-2	171	-258	89	false
south	171	-1	171	-257	89	false
south	171	0	171	-256	89	false
south	171	1	171	-255	89	false
south	171	2	171	-254	89	false
south	171	3	171	-253	89	false
south	172	-3	172	-259	89	false
south	172	-2	172	-258	89	false
south	172	-1	172	-257	89	false
south	172	0	172	-256	89	false
south	172	1	172	-255	89	false
south	172	2	172	-254	89	false
south	172	3	172	-253	89	false
south	173	-3	173	-259	89	false
south	173	-2	173	-258	89	false
south	173	-1	173	-257	89	false
south	173	0	173	-256	89	false
south	173	1	173	-255	89	false
south	173	2	173	-254	89	false
south	173	3	173	-253	89	false
south	174	-3	174	-259	89	false
south	174	-2	174	-258	89	false
south	174	-1	174	-257	89	false
south	174	0	174	-256	89	false
south	174	1	174	-255	89	false
south	174	2	174	-254	89	false
south	174	3	174	-253	89	false
south	175	-3	175	-259	89	false
south	175	-2	175	-258	89	false
south	175	-1	175	-257	89	false
south	175	0	175	-256	89	false
south	175	1	175	-255	89	false
south	175	2	175	-254	89	false
south	175	3	175	-253	89	false
south	176	-3	176	-259	89	false
south	176	-2	176	-258	89	false
south	176	-1	176	-257	89	false
south	176	0	176	-256	89	false
south	176	1	176	-255	89	false
south	176	2	176	-254	89	false
south	176	3	176	-253	89	false
south	177	-3	177	-259	88	false
south	177	-2	177	-258	88	false
south	177	-1	177	-257	89	false
south	177	0	177	-256	89	false
south	177	1	177	-255	89	false
south	177	2	177	-254	88	false
south	177	3	177	-253	88	false
south	178	-3	178	-259	87	false
south	178	-2	178	-258	88	false
south	178	-1	178	-257	88	false
south	178	0	178	-256	88	false
south	178	1	178	-255	88	false
south	178	2	178	-254	88	false
south	178	3	178	-253	87	false
south	179	-3	179	-259	87	false
south	179	-2	179	-258	87	false
south	179	-1	179	-257	87	false
south	179	0	179	-256	87	false
south	179	1	179	-255	87	false
south	179	2	179	-254	87	false
south	179	3	179	-253	87	false
south	180	-3	180	-259	87	false
south	180	-2	180	-258	87	false
south	180	-1	180	-257	87	false
south	180	0	180	-256	87	false
south	180	1	180	-255	87	false
south	180	2	180	-254	87	false
south	180	3	180	-253	87	false
south	181	-3	181	-259	86	false
south	181	-2	181	-258	86	false
south	181	-1	181	-257	86	false
south	181	0	181	-256	86	false
south	181	1	181	-255	86	false
south	181	2	181	-254	86	false
south	181	3	181	-253	86	false
south	182	-3	182	-259	86	false
south	182	-2	182	-258	86	false
south	182	-1	182	-257	86	false
south	182	0	182	-256	86	false
south	182	1	182	-255	86	false
south	182	2	182	-254	86	false
south	182	3	182	-253	86	false
south	183	-3	183	-259	86	false
south	183	-2	183	-258	86	false
south	183	-1	183	-257	86	false
south	183	0	183	-256	86	false
south	183	1	183	-255	86	false
south	183	2	183	-254	86	false
south	183	3	183	-253	86	false
south	184	-3	184	-259	86	false
south	184	-2	184	-258	86	false
south	184	-1	184	-257	86	false
south	184	0	184	-256	86	false
south	184	1	184	-255	86	false
south	184	2	184	-254	86	false
south	184	3	184	-253	86	false
south	185	-3	185	-259	86	false
south	185	-2	185	-258	86	false
south	185	-1	185	-257	86	false
south	185	0	185	-256	86	false
south	185	1	185	-255	86	false
south	185	2	185	-254	86	false
south	185	3	185	-253	86	false
south	186	-3	186	-259	85	false
south	186	-2	186	-258	85	false
south	186	-1	186	-257	85	false
south	186	0	186	-256	85	false
south	186	1	186	-255	85	false
south	186	2	186	-254	85	false
south	186	3	186	-253	85	false
south	187	-3	187	-259	84	false
south	187	-2	187	-258	84	false
south	187	-1	187	-257	84	false
south	187	0	187	-256	84	false
south	187	1	187	-255	84	false
south	187	2	187	-254	84	false
south	187	3	187	-253	84	false
south	188	-3	188	-259	84	false
south	188	-2	188	-258	84	false
south	188	-1	188	-257	84	false
south	188	0	188	-256	84	false
south	188	1	188	-255	84	false
south	188	2	188	-254	84	false
south	188	3	188	-253	84	false
south	189	-3	189	-259	83	false
south	189	-2	189	-258	83	false
south	189	-1	189	-257	83	false
south	189	0	189	-256	83	false
south	189	1	189	-255	83	false
south	189	2	189	-254	83	false
south	189	3	189	-253	83	false
south	190	-3	190	-259	83	false
south	190	-2	190	-258	83	false
south	190	-1	190	-257	83	false
south	190	0	190	-256	83	false
south	190	1	190	-255	83	false
south	190	2	190	-254	83	false
south	190	3	190	-253	83	false
south	191	-3	191	-259	83	false
south	191	-2	191	-258	83	false
south	191	-1	191	-257	83	false
south	191	0	191	-256	83	false
south	191	1	191	-255	83	false
south	191	2	191	-254	83	false
south	191	3	191	-253	83	false
south	192	-3	192	-259	83	false
south	192	-2	192	-258	83	false
south	192	-1	192	-257	83	false
south	192	0	192	-256	83	false
south	192	1	192	-255	83	false
south	192	2	192	-254	83	false
south	192	3	192	-253	83	false
south	193	-3	193	-259	83	false
south	193	-2	193	-258	83	false
south	193	-1	193	-257	83	false
south	193	0	193	-256	83	false
south	193	1	193	-255	83	false
south	193	2	193	-254	83	false
south	193	3	193	-253	83	false
south	194	-3	194	-259	83	false
south	194	-2	194	-258	83	false
south	194	-1	194	-257	83	false
south	194	0	194	-256	83	false
south	194	1	194	-255	83	false
south	194	2	194	-254	83	false
south	194	3	194	-253	83	false
south	195	-3	195	-259	83	false
south	195	-2	195	-258	83	false
south	195	-1	195	-257	83	false
south	195	0	195	-256	83	false
south	195	1	195	-255	83	false
south	195	2	195	-254	83	false
south	195	3	195	-253	83	false
south	196	-3	196	-259	83	false
south	196	-2	196	-258	83	false
south	196	-1	196	-257	83	false
south	196	0	196	-256	83	false
south	196	1	196	-255	83	false
south	196	2	196	-254	83	false
south	196	3	196	-253	83	false
south	197	-3	197	-259	83	false
south	197	-2	197	-258	83	false
south	197	-1	197	-257	83	false
south	197	0	197	-256	83	false
south	197	1	197	-255	83	false
south	197	2	197	-254	83	false
south	197	3	197	-253	83	false
south	198	-3	198	-259	83	false
south	198	-2	198	-258	83	false
south	198	-1	198	-257	83	false
south	198	0	198	-256	83	false
south	198	1	198	-255	83	false
south	198	2	198	-254	83	false
south	198	3	198	-253	83	false
south	199	-3	199	-259	83	false
south	199	-2	199	-258	83	false
south	199	-1	199	-257	83	false
south	199	0	199	-256	83	false
south	199	1	199	-255	83	false
south	199	2	199	-254	83	false
south	199	3	199	-253	83	false
south	200	-3	200	-259	83	false
south	200	-2	200	-258	83	false
south	200	-1	200	-257	83	false
south	200	0	200	-256	83	false
south	200	1	200	-255	83	false
south	200	2	200	-254	83	false
south	200	3	200	-253	83	false
south	201	-3	201	-259	83	false
south	201	-2	201	-258	83	false
south	201	-1	201	-257	83	false
south	201	0	201	-256	83	false
south	201	1	201	-255	83	false
south	201	2	201	-254	83	false
south	201	3	201	-253	83	false
south	202	-3	202	-259	83	false
south	202	-2	202	-258	83	false
south	202	-1	202	-257	83	false
south	202	0	202	-256	83	false
south	202	1	202	-255	83	false
south	202	2	202	-254	83	false
south	202	3	202	-253	83	false
south	203	-3	203	-259	83	false
south	203	-2	203	-258	83	false
south	203	-1	203	-257	83	false
south	203	0	203	-256	83	false
south	203	1	203	-255	83	false
south	203	2	203	-254	83	false
south	203	3	203	-253	83	false
south	204	-3	204	-259	83	false
south	204	-2	204	-258	83	false
south	204	-1	204	-257	83	false
south	204	0	204	-256	83	false
south	204	1	204	-255	83	false
south	204	2	204	-254	83	false
south	204	3	204	-253	83	false
south	205	-3	205	-259	83	false
south	205	-2	205	-258	83	false
south	205	-1	205	-257	83	false
south	205	0	205	-256	83	false
south	205	1	205	-255	83	false
south	205	2	205	-254	83	false
south	205	3	205	-253	83	false
south	206	-3	206	-259	83	false
south	206	-2	206	-258	83	false
south	206	-1	206	-257	83	false
south	206	0	206	-256	83	false
south	206	1	206	-255	83	false
south	206	2	206	-254	83	false
south	206	3	206	-253	83	false
south	207	-3	207	-259	83	false
south	207	-2	207	-258	83	false
south	207	-1	207	-257	83	false
south	207	0	207	-256	83	false
south	207	1	207	-255	83	false
south	207	2	207	-254	83	false
south	207	3	207	-253	83	false
south	208	-3	208	-259	83	false
south	208	-2	208	-258	83	false
south	208	-1	208	-257	83	false
south	208	0	208	-256	83	false
south	208	1	208	-255	83	false
south	208	2	208	-254	83	false
south	208	3	208	-253	83	false
south	209	-3	209	-259	83	false
south	209	-2	209	-258	83	false
south	209	-1	209	-257	83	false
south	209	0	209	-256	83	false
south	209	1	209	-255	83	false
south	209	2	209	-254	83	false
south	209	3	209	-253	83	false
south	210	-3	210	-259	83	false
south	210	-2	210	-258	83	false
south	210	-1	210	-257	83	false
south	210	0	210	-256	83	false
south	210	1	210	-255	83	false
south	210	2	210	-254	83	false
south	210	3	210	-253	83	false
south	211	-3	211	-259	83	false
south	211	-2	211	-258	83	false
south	211	-1	211	-257	83	false
south	211	0	211	-256	83	false
south	211	1	211	-255	83	false
south	211	2	211	-254	83	false
south	211	3	211	-253	83	false
south	212	-3	212	-259	83	false
south	212	-2	212	-258	83	false
south	212	-1	212	-257	83	false
south	212	0	212	-256	83	false
south	212	1	212	-255	83	false
south	212	2	212	-254	83	false
south	212	3	212	-253	83	false
south	213	-3	213	-259	83	false
south	213	-2	213	-258	83	false
south	213	-1	213	-257	83	false
south	213	0	213	-256	83	false
south	213	1	213	-255	83	false
south	213	2	213	-254	83	false
south	213	3	213	-253	84	false
south	214	-3	214	-259	83	false
south	214	-2	214	-258	83	false
south	214	-1	214	-257	83	false
south	214	0	214	-256	83	false
south	214	1	214	-255	83	false
south	214	2	214	-254	84	false
south	214	3	214	-253	84	false
south	215	-3	215	-259	83	false
south	215	-2	215	-258	83	false
south	215	-1	215	-257	83	false
south	215	0	215	-256	83	false
south	215	1	215	-255	83	false
south	215	2	215	-254	84	false
south	215	3	215	-253	84	false
south	216	-3	216	-259	84	false
south	216	-2	216	-258	84	false
south	216	-1	216	-257	84	false
south	216	0	216	-256	84	false
south	216	1	216	-255	84	false
south	216	2	216	-254	84	false
south	216	3	216	-253	84	false
south	217	-3	217	-259	84	false
south	217	-2	217	-258	84	false
south	217	-1	217	-257	84	false
south	217	0	217	-256	84	false
south	217	1	217	-255	84	false
south	217	2	217	-254	84	false
south	217	3	217	-253	84	false
south	218	-3	218	-259	85	false
south	218	-2	218	-258	85	false
south	218	-1	218	-257	85	false
south	218	0	218	-256	85	false
south	218	1	218	-255	85	false
south	218	2	218	-254	85	false
south	218	3	218	-253	85	false
south	219	-3	219	-259	86	false
south	219	-2	219	-258	86	false
south	219	-1	219	-257	86	false
south	219	0	219	-256	86	false
south	219	1	219	-255	86	false
south	219	2	219	-254	86	false
south	219	3	219	-253	86	false
south	220	-3	220	-259	86	false
south	220	-2	220	-258	86	false
south	220	-1	220	-257	86	false
south	220	0	220	-256	86	false
south	220	1	220	-255	86	false
south	220	2	220	-254	86	false
south	220	3	220	-253	86	false
south	221	-3	221	-259	86	false
south	221	-2	221	-258	86	false
south	221	-1	221	-257	86	false
south	221	0	221	-256	86	false
south	221	1	221	-255	86	false
south	221	2	221	-254	86	false
south	221	3	221	-253	86	false
south	222	-3	222	-259	86	false
south	222	-2	222	-258	86	false
south	222	-1	222	-257	86	false
south	222	0	222	-256	86	false
south	222	1	222	-255	86	false
south	222	2	222	-254	86	false
south	222	3	222	-253	86	false
south	223	-3	223	-259	86	false
south	223	-2	223	-258	86	false
south	223	-1	223	-257	86	false
south	223	0	223	-256	86	false
south	223	1	223	-255	86	false
south	223	2	223	-254	86	false
south	223	3	223	-253	86	false
south	224	-3	224	-259	86	false
south	224	-2	224	-258	86	false
south	224	-1	224	-257	86	false
south	224	0	224	-256	86	false
south	224	1	224	-255	86	false
south	224	2	224	-254	86	false
south	224	3	224	-253	86	false
south	225	-3	225	-259	86	false
south	225	-2	225	-258	86	false
south	225	-1	225	-257	86	false
south	225	0	225	-256	86	false
south	225	1	225	-255	86	false
south	225	2	225	-254	87	false
south	225	3	225	-253	87	false
south	226	-3	226	-259	86	false
south	226	-2	226	-258	86	false
south	226	-1	226	-257	86	false
south	226	0	226	-256	87	false
south	226	1	226	-255	87	false
south	226	2	226	-254	87	false
south	226	3	226	-253	87	false
south	227	-3	227	-259	86	false
south	227	-2	227	-258	87	false
south	227	-1	227	-257	87	false
south	227	0	227	-256	87	false
south	227	1	227	-255	87	false
south	227	2	227	-254	87	false
south	227	3	227	-253	87	false
south	228	-3	228	-259	87	false
south	228	-2	228	-258	87	false
south	228	-1	228	-257	87	false
south	228	0	228	-256	87	false
south	228	1	228	-255	87	false
south	228	2	228	-254	88	false
south	228	3	228	-253	88	false
south	229	-3	229	-259	87	false
south	229	-2	229	-258	87	false
south	229	-1	229	-257	87	false
south	229	0	229	-256	88	false
south	229	1	229	-255	88	false
south	229	2	229	-254	88	false
south	229	3	229	-253	89	false
south	230	-3	230	-259	87	false
south	230	-2	230	-258	87	false
south	230	-1	230	-257	88	false
south	230	0	230	-256	88	false
south	230	1	230	-255	89	false
south	230	2	230	-254	89	false
south	230	3	230	-253	89	false
south	231	-3	231	-259	87	false
south	231	-2	231	-258	87	false
south	231	-1	231	-257	88	false
south	231	0	231	-256	89	false
south	231	1	231	-255	89	false
south	231	2	231	-254	89	false
south	231	3	231	-253	89	false
south	232	-3	232	-259	87	false
south	232	-2	232	-258	88	false
south	232	-1	232	-257	88	false
south	232	0	232	-256	89	false
south	232	1	232	-255	89	false
south	232	2	232	-254	89	false
south	232	3	232	-253	89	false
south	233	-3	233	-259	87	false
south	233	-2	233	-258	88	false
south	233	-1	233	-257	89	false
south	233	0	233	-256	89	false
south	233	1	233	-255	89	false
south	233	2	233	-254	89	false
south	233	3	233	-253	89	false
south	234	-3	234	-259	88	false
south	234	-2	234	-258	88	false
south	234	-1	234	-257	89	false
south	234	0	234	-256	89	false
south	234	1	234	-255	89	false
south	234	2	234	-254	89	false
south	234	3	234	-253	89	false
south	235	-3	235	-259	88	false
south	235	-2	235	-258	89	false
south	235	-1	235	-257	89	false
south	235	0	235	-256	89	false
south	235	1	235	-255	89	false
south	235	2	235	-254	89	false
south	235	3	235	-253	89	false
south	236	-3	236	-259	88	false
south	236	-2	236	-258	89	false
south	236	-1	236	-257	89	false
south	236	0	236	-256	89	false
south	236	1	236	-255	89	false
south	236	2	236	-254	89	false
south	236	3	236	-253	89	false
south	237	-3	237	-259	88	false
south	237	-2	237	-258	89	false
south	237	-1	237	-257	89	false
south	237	0	237	-256	89	false
south	237	1	237	-255	89	false
south	237	2	237	-254	89	false
south	237	3	237	-253	89	false
south	238	-3	238	-259	88	false
south	238	-2	238	-258	89	false
south	238	-1	238	-257	89	false
south	238	0	238	-256	89	false
south	238	1	238	-255	89	false
south	238	2	238	-254	89	false
south	238	3	238	-253	89	false
south	239	-3	239	-259	88	false
south	239	-2	239	-258	89	false
south	239	-1	239	-257	89	false
south	239	0	239	-256	89	false
south	239	1	239	-255	89	false
south	239	2	239	-254	89	false
south	239	3	239	-253	89	false
south	240	-3	240	-259	88	false
south	240	-2	240	-258	89	false
south	240	-1	240	-257	89	false
south	240	0	240	-256	89	false
south	240	1	240	-255	89	false
south	240	2	240	-254	89	false
south	240	3	240	-253	89	false
south	241	-3	241	-259	88	false
south	241	-2	241	-258	89	false
south	241	-1	241	-257	89	false
south	241	0	241	-256	89	false
south	241	1	241	-255	89	false
south	241	2	241	-254	89	false
south	241	3	241	-253	89	false
south	242	-3	242	-259	88	false
south	242	-2	242	-258	89	false
south	242	-1	242	-257	89	false
south	242	0	242	-256	89	false
south	242	1	242	-255	89	false
south	242	2	242	-254	89	false
south	242	3	242	-253	89	false
south	243	-3	243	-259	88	false
south	243	-2	243	-258	89	false
south	243	-1	243	-257	89	false
south	243	0	243	-256	89	false
south	243	1	243	-255	89	false
south	243	2	243	-254	89	false
south	243	3	243	-253	89	false
south	244	-3	244	-259	88	false
south	244	-2	244	-258	89	false
south	244	-1	244	-257	89	false
south	244	0	244	-256	89	false
south	244	1	244	-255	89	false
south	244	2	244	-254	89	false
south	244	3	244	-253	89	false
south	245	-3	245	-259	88	false
south	245	-2	245	-258	88	false
south	245	-1	245	-257	89	false
south	245	0	245	-256	89	false
south	245	1	245	-255	89	false
south	245	2	245	-254	89	false
south	245	3	245	-253	89	false
south	246	-3	246	-259	87	false
south	246	-2	246	-258	88	false
south	246	-1	246	-257	89	false
south	246	0	246	-256	89	false
south	246	1	246	-255	89	false
south	246	2	246	-254	89	false
south	246	3	246	-253	89	false
south	247	-3	247	-259	87	false
south	247	-2	247	-258	88	false
south	247	-1	247	-257	89	false
south	247	0	247	-256	89	false
south	247	1	247	-255	89	false
south	247	2	247	-254	89	false
south	247	3	247	-253	89	false
south	248	-3	248	-259	87	false
south	248	-2	248	-258	88	false
south	248	-1	248	-257	88	false
south	248	0	248	-256	89	false
south	248	1	248	-255	89	false
south	248	2	248	-254	89	false
south	248	3	248	-253	89	false
south	249	-3	249	-259	87	false
south	249	-2	249	-258	87	false
south	249	-1	249	-257	88	false
south	249	0	249	-256	89	false
south	249	1	249	-255	89	false
south	249	2	249	-254	89	false
south	249	3	249	-253	89	false
south	250	-3	250	-259	87	false
south	250	-2	250	-258	87	false
south	250	-1	250	-257	88	false
south	250	0	250	-256	89	false
south	250	1	250	-255	89	false
south	250	2	250	-254	89	false
south	250	3	250	-253	89	false
south	251	-3	251	-259	87	false
south	251	-2	251	-258	87	false
south	251	-1	251	-257	88	false
south	251	0	251	-256	89	false
south	251	1	251	-255	89	false
south	251	2	251	-254	89	false
south	251	3	251	-253	89	false
south	252	-3	252	-259	87	false
south	252	-2	252	-258	87	false
south	252	-1	252	-257	88	false
south	252	0	252	-256	89	false
south	252	1	252	-255	89	false
south	252	2	252	-254	89	false
south	252	3	252	-253	89	false
south	253	-3	253	-259	87	false
south	253	-2	253	-258	88	false
south	253	-1	253	-257	88	false
south	253	0	253	-256	89	false
south	253	1	253	-255	89	false
south	253	2	253	-254	89	false
south	253	3	253	-253	89	false
south	254	-3	254	-259	88	false
south	254	-2	254	-258	88	false
south	254	-1	254	-257	89	false
south	254	0	254	-256	89	false
south	254	1	254	-255	89	false
south	254	2	254	-254	89	false
south	254	3	254	-253	89	false
south	255	-3	255	-259	88	false
south	255	-2	255	-258	89	false
south	255	-1	255	-257	89	false
south	255	0	255	-256	89	false
south	255	1	255	-255	89	false
south	255	2	255	-254	89	false
south	255	3	255	-253	89	false
south	256	-3	256	-259	89	false
south	256	-2	256	-258	89	false
south	256	-1	256	-257	89	false
south	256	0	256	-256	89	false
south	256	1	256	-255	89	false
south	256	2	256	-254	89	false
south	256	3	256	-253	89	false
south	257	-3	257	-259	89	false
south	257	-2	257	-258	89	false
south	257	-1	257	-257	89	false
south	257	0	257	-256	89	false
south	257	1	257	-255	89	false
south	257	2	257	-254	89	false
south	257	3	257	-253	89	false
south	258	-3	258	-259	89	false
south	258	-2	258	-258	89	false
south	258	-1	258	-257	89	false
south	258	0	258	-256	89	false
south	258	1	258	-255	89	false
south	258	2	258	-254	89	false
south	258	3	258	-253	89	false
south	259	-3	259	-259	89	false
south	259	-2	259	-258	89	false
south	259	-1	259	-257	89	false
south	259	0	259	-256	89	false
south	259	1	259	-255	89	false
south	259	2	259	-254	89	false
south	259	3	259	-253	89	false
south	260	-3	260	-259	89	false
south	260	-2	260	-258	89	false
south	260	-1	260	-257	89	false
south	260	0	260	-256	89	false
south	260	1	260	-255	89	false
south	260	2	260	-254	89	false
south	260	3	260	-253	89	false
south	261	-3	261	-259	89	false
south	261	-2	261	-258	89	false
south	261	-1	261	-257	89	false
south	261	0	261	-256	89	false
south	261	1	261	-255	89	false
south	261	2	261	-254	89	false
south	261	3	261	-253	89	false
south	262	-3	262	-259	89	false
south	262	-2	262	-258	89	false
south	262	-1	262	-257	89	false
south	262	0	262	-256	89	false
south	262	1	262	-255	89	false
south	262	2	262	-254	89	false
south	262	3	262	-253	89	false
south	263	-3	263	-259	89	false
south	263	-2	263	-258	89	false
south	263	-1	263	-257	89	false
south	263	0	263	-256	89	false
south	263	1	263	-255	89	false
south	263	2	263	-254	89	false
south	263	3	263	-253	89	false
south	264	-3	264	-259	89	false
south	264	-2	264	-258	89	false
south	264	-1	264	-257	89	false
south	264	0	264	-256	89	false
south	264	1	264	-255	89	false
south	264	2	264	-254	89	false
south	264	3	264	-253	89	false
north	-264	-3	-264	253	74	false
north	-264	-2	-264	254	73	false
north	-264	-1	-264	255	72	false
north	-264	0	-264	256	70	false
north	-264	1	-264	257	68	false
north	-264	2	-264	258	67	false
north	-264	3	-264	259	66	false
north	-263	-3	-263	253	74	false
north	-263	-2	-263	254	72	false
north	-263	-1	-263	255	71	false
north	-263	0	-263	256	70	false
north	-263	1	-263	257	69	false
north	-263	2	-263	258	67	false
north	-263	3	-263	259	66	false
north	-262	-3	-262	253	74	false
north	-262	-2	-262	254	73	false
north	-262	-1	-262	255	72	false
north	-262	0	-262	256	70	false
north	-262	1	-262	257	69	false
north	-262	2	-262	258	68	false
north	-262	3	-262	259	67	false
north	-261	-3	-261	253	75	false
north	-261	-2	-261	254	74	false
north	-261	-1	-261	255	73	false
north	-261	0	-261	256	71	false
north	-261	1	-261	257	70	false
north	-261	2	-261	258	69	false
north	-261	3	-261	259	67	false
north	-260	-3	-260	253	76	false
north	-260	-2	-260	254	75	false
north	-260	-1	-260	255	74	false
north	-260	0	-260	256	72	false
north	-260	1	-260	257	70	false
north	-260	2	-260	258	69	false
north	-260	3	-260	259	67	false
north	-259	-3	-259	253	76	false
north	-259	-2	-259	254	75	false
north	-259	-1	-259	255	73	false
north	-259	0	-259	256	72	false
north	-259	1	-259	257	71	false
north	-259	2	-259	258	69	false
north	-259	3	-259	259	68	false
north	-258	-3	-258	253	76	false
north	-258	-2	-258	254	75	false
north	-258	-1	-258	255	74	false
north	-258	0	-258	256	72	false
north	-258	1	-258	257	71	false
north	-258	2	-258	258	70	false
north	-258	3	-258	259	68	false
north	-257	-3	-257	253	77	false
north	-257	-2	-257	254	76	false
north	-257	-1	-257	255	74	false
north	-257	0	-257	256	73	false
north	-257	1	-257	257	72	false
north	-257	2	-257	258	70	false
north	-257	3	-257	259	69	false
north	-256	-3	-256	253	78	false
north	-256	-2	-256	254	77	false
north	-256	-1	-256	255	75	false
north	-256	0	-256	256	73	false
north	-256	1	-256	257	72	false
north	-256	2	-256	258	71	false
north	-256	3	-256	259	69	false
north	-255	-3	-255	253	78	false
north	-255	-2	-255	254	77	false
north	-255	-1	-255	255	75	false
north	-255	0	-255	256	74	false
north	-255	1	-255	257	73	false
north	-255	2	-255	258	71	false
north	-255	3	-255	259	69	false
north	-254	-3	-254	253	80	false
north	-254	-2	-254	254	77	false
north	-254	-1	-254	255	77	false
north	-254	0	-254	256	73	false
north	-254	1	-254	257	72	false
north	-254	2	-254	258	71	false
north	-254	3	-254	259	69	false
north	-253	-3	-253	253	80	false
north	-253	-2	-253	254	77	false
north	-253	-1	-253	255	75	false
north	-253	0	-253	256	74	false
north	-253	1	-253	257	73	false
north	-253	2	-253	258	71	false
north	-253	3	-253	259	70	false
north	-252	-3	-252	253	80	false
north	-252	-2	-252	254	77	false
north	-252	-1	-252	255	77	false
north	-252	0	-252	256	74	false
north	-252	1	-252	257	73	false
north	-252	2	-252	258	72	false
north	-252	3	-252	259	70	false
north	-251	-3	-251	253	80	false
north	-251	-2	-251	254	78	false
north	-251	-1	-251	255	77	false
north	-251	0	-251	256	75	false
north	-251	1	-251	257	74	false
north	-251	2	-251	258	72	false
north	-251	3	-251	259	71	false
north	-250	-3	-250	253	80	false
north	-250	-2	-250	254	78	false
north	-250	-1	-250	255	77	false
north	-250	0	-250	256	76	false
north	-250	1	-250	257	74	false
north	-250	2	-250	258	73	false
north	-250	3	-250	259	72	false
north	-249	-3	-249	253	80	false
north	-249	-2	-249	254	80	false
north	-249	-1	-249	255	78	false
north	-249	0	-249	256	76	false
north	-249	1	-249	257	75	false
north	-249	2	-249	258	74	false
north	-249	3	-249	259	73	false
north	-248	-3	-248	253	81	false
north	-248	-2	-248	254	80	false
north	-248	-1	-248	255	78	false
north	-248	0	-248	256	77	false
north	-248	1	-248	257	76	false
north	-248	2	-248	258	74	false
north	-248	3	-248	259	73	false
north	-247	-3	-247	253	81	false
north	-247	-2	-247	254	80	false
north	-247	-1	-247	255	78	false
north	-247	0	-247	256	77	false
north	-247	1	-247	257	76	false
north	-247	2	-247	258	74	false
north	-247	3	-247	259	73	false
north	-246	-3	-246	253	81	false
north	-246	-2	-246	254	80	false
north	-246	-1	-246	255	78	false
north	-246	0	-246	256	77	false
north	-246	1	-246	257	76	false
north	-246	2	-246	258	74	false
north	-246	3	-246	259	73	false
north	-245	-3	-245	253	81	false
north	-245	-2	-245	254	80	false
north	-245	-1	-245	255	78	false
north	-245	0	-245	256	77	false
north	-245	1	-245	257	76	false
north	-245	2	-245	258	74	false
north	-245	3	-245	259	73	false
north	-244	-3	-244	253	81	false
north	-244	-2	-244	254	80	false
north	-244	-1	-244	255	78	false
north	-244	0	-244	256	77	false
north	-244	1	-244	257	76	false
north	-244	2	-244	258	74	false
north	-244	3	-244	259	73	false
north	-243	-3	-243	253	82	false
north	-243	-2	-243	254	80	false
north	-243	-1	-243	255	78	false
north	-243	0	-243	256	77	false
north	-243	1	-243	257	76	false
north	-243	2	-243	258	74	false
north	-243	3	-243	259	73	false
north	-242	-3	-242	253	82	false
north	-242	-2	-242	254	80	false
north	-242	-1	-242	255	78	false
north	-242	0	-242	256	77	false
north	-242	1	-242	257	76	false
north	-242	2	-242	258	74	false
north	-242	3	-242	259	73	false
north	-241	-3	-241	253	82	false
north	-241	-2	-241	254	80	false
north	-241	-1	-241	255	80	false
north	-241	0	-241	256	77	false
north	-241	1	-241	257	76	false
north	-241	2	-241	258	74	false
north	-241	3	-241	259	73	false
north	-240	-3	-240	253	82	false
north	-240	-2	-240	254	81	false
north	-240	-1	-240	255	80	false
north	-240	0	-240	256	78	false
north	-240	1	-240	257	77	false
north	-240	2	-240	258	75	false
north	-240	3	-240	259	73	false
north	-239	-3	-239	253	82	false
north	-239	-2	-239	254	81	false
north	-239	-1	-239	255	80	false
north	-239	0	-239	256	78	false
north	-239	1	-239	257	77	false
north	-239	2	-239	258	75	false
north	-239	3	-239	259	74	false
north	-238	-3	-238	253	82	false
north	-238	-2	-238	254	81	false
north	-238	-1	-238	255	80	false
north	-238	0	-238	256	78	false
north	-238	1	-238	257	77	false
north	-238	2	-238	258	75	false
north	-238	3	-238	259	74	false
north	-237	-3	-237	253	83	false
north	-237	-2	-237	254	81	false
north	-237	-1	-237	255	80	false
north	-237	0	-237	256	78	false
north	-237	1	-237	257	77	false
north	-237	2	-237	258	75	false
north	-237	3	-237	259	74	false
north	-236	-3	-236	253	83	false
north	-236	-2	-236	254	81	false
north	-236	-1	-236	255	80	false
north	-236	0	-236	256	78	false
north	-236	1	-236	257	77	false
north	-236	2	-236	258	75	false
north	-236	3	-236	259	74	false
north	-235	-3	-235	253	83	false
north	-235	-2	-235	254	81	false
north	-235	-1	-235	255	80	false
north	-235	0	-235	256	78	false
north	-235	1	-235	257	77	false
north	-235	2	-235	258	75	false
north	-235	3	-235	259	74	false
north	-234	-3	-234	253	83	false
north	-234	-2	-234	254	81	false
north	-234	-1	-234	255	80	false
north	-234	0	-234	256	79	false
north	-234	1	-234	257	77	false
north	-234	2	-234	258	75	false
north	-234	3	-234	259	74	false
north	-233	-3	-233	253	83	false
north	-233	-2	-233	254	81	false
north	-233	-1	-233	255	80	false
north	-233	0	-233	256	79	false
north	-233	1	-233	257	78	false
north	-233	2	-233	258	76	false
north	-233	3	-233	259	75	false
north	-232	-3	-232	253	83	false
north	-232	-2	-232	254	81	false
north	-232	-1	-232	255	80	false
north	-232	0	-232	256	79	false
north	-232	1	-232	257	78	false
north	-232	2	-232	258	76	false
north	-232	3	-232	259	75	false
north	-231	-3	-231	253	83	false
north	-231	-2	-231	254	81	false
north	-231	-1	-231	255	80	false
north	-231	0	-231	256	78	false
north	-231	1	-231	257	77	false
north	-231	2	-231	258	76	false
north	-231	3	-231	259	75	false
north	-230	-3	-230	253	83	false
north	-230	-2	-230	254	81	false
north	-230	-1	-230	255	80	false
north	-230	0	-230	256	78	false
north	-230	1	-230	257	77	false
north	-230	2	-230	258	76	false
north	-230	3	-230	259	74	false
north	-229	-3	-229	253	83	false
north	-229	-2	-229	254	81	false
north	-229	-1	-229	255	80	false
north	-229	0	-229	256	78	false
north	-229	1	-229	257	77	false
north	-229	2	-229	258	76	false
north	-229	3	-229	259	74	false
north	-228	-3	-228	253	83	false
north	-228	-2	-228	254	82	false
north	-228	-1	-228	255	80	false
north	-228	0	-228	256	79	false
north	-228	1	-228	257	78	false
north	-228	2	-228	258	77	false
north	-228	3	-228	259	75	false
north	-227	-3	-227	253	83	false
north	-227	-2	-227	254	82	false
north	-227	-1	-227	255	81	false
north	-227	0	-227	256	79	false
north	-227	1	-227	257	78	false
north	-227	2	-227	258	77	false
north	-227	3	-227	259	75	false
north	-226	-3	-226	253	83	false
north	-226	-2	-226	254	82	false
north	-226	-1	-226	255	81	false
north	-226	0	-226	256	79	false
north	-226	1	-226	257	78	false
north	-226	2	-226	258	77	false
north	-226	3	-226	259	75	false
north	-225	-3	-225	253	83	false
north	-225	-2	-225	254	82	false
north	-225	-1	-225	255	81	false
north	-225	0	-225	256	79	false
north	-225	1	-225	257	78	false
north	-225	2	-225	258	77	false
north	-225	3	-225	259	75	false
north	-224	-3	-224	253	83	false
north	-224	-2	-224	254	82	false
north	-224	-1	-224	255	81	false
north	-224	0	-224	256	79	false
north	-224	1	-224	257	78	false
north	-224	2	-224	258	77	false
north	-224	3	-224	259	75	false
north	-223	-3	-223	253	83	false
north	-223	-2	-223	254	82	false
north	-223	-1	-223	255	81	false
north	-223	0	-223	256	79	false
north	-223	1	-223	257	78	false
north	-223	2	-223	258	77	false
north	-223	3	-223	259	75	false
north	-222	-3	-222	253	83	false
north	-222	-2	-222	254	82	false
north	-222	-1	-222	255	81	false
north	-222	0	-222	256	79	false
north	-222	1	-222	257	78	false
north	-222	2	-222	258	77	false
north	-222	3	-222	259	75	false
north	-221	-3	-221	253	83	false
north	-221	-2	-221	254	82	false
north	-221	-1	-221	255	81	false
north	-221	0	-221	256	79	false
north	-221	1	-221	257	78	false
north	-221	2	-221	258	77	false
north	-221	3	-221	259	75	false
north	-220	-3	-220	253	83	false
north	-220	-2	-220	254	82	false
north	-220	-1	-220	255	81	false
north	-220	0	-220	256	79	false
north	-220	1	-220	257	78	false
north	-220	2	-220	258	77	false
north	-220	3	-220	259	75	false
north	-219	-3	-219	253	83	false
north	-219	-2	-219	254	82	false
north	-219	-1	-219	255	81	false
north	-219	0	-219	256	79	false
north	-219	1	-219	257	78	false
north	-219	2	-219	258	77	false
north	-219	3	-219	259	75	false
north	-218	-3	-218	253	83	false
north	-218	-2	-218	254	82	false
north	-218	-1	-218	255	81	false
north	-218	0	-218	256	79	false
north	-218	1	-218	257	78	false
north	-218	2	-218	258	77	false
north	-218	3	-218	259	75	false
north	-217	-3	-217	253	83	false
north	-217	-2	-217	254	82	false
north	-217	-1	-217	255	81	false
north	-217	0	-217	256	79	false
north	-217	1	-217	257	78	false
north	-217	2	-217	258	77	false
north	-217	3	-217	259	75	false
north	-216	-3	-216	253	83	false
north	-216	-2	-216	254	82	false
north	-216	-1	-216	255	81	false
north	-216	0	-216	256	79	false
north	-216	1	-216	257	78	false
north	-216	2	-216	258	77	false
north	-216	3	-216	259	75	false
north	-215	-3	-215	253	83	false
north	-215	-2	-215	254	82	false
north	-215	-1	-215	255	81	false
north	-215	0	-215	256	79	false
north	-215	1	-215	257	78	false
north	-215	2	-215	258	77	false
north	-215	3	-215	259	75	false
north	-214	-3	-214	253	83	false
north	-214	-2	-214	254	82	false
north	-214	-1	-214	255	81	false
north	-214	0	-214	256	79	false
north	-214	1	-214	257	78	false
north	-214	2	-214	258	77	false
north	-214	3	-214	259	75	false
north	-213	-3	-213	253	83	false
north	-213	-2	-213	254	82	false
north	-213	-1	-213	255	81	false
north	-213	0	-213	256	79	false
north	-213	1	-213	257	78	false
north	-213	2	-213	258	77	false
north	-213	3	-213	259	75	false
north	-212	-3	-212	253	83	false
north	-212	-2	-212	254	82	false
north	-212	-1	-212	255	81	false
north	-212	0	-212	256	79	false
north	-212	1	-212	257	78	false
north	-212	2	-212	258	77	false
north	-212	3	-212	259	75	false
north	-211	-3	-211	253	83	false
north	-211	-2	-211	254	82	false
north	-211	-1	-211	255	81	false
north	-211	0	-211	256	79	false
north	-211	1	-211	257	78	false
north	-211	2	-211	258	77	false
north	-211	3	-211	259	75	false
north	-210	-3	-210	253	83	false
north	-210	-2	-210	254	82	false
north	-210	-1	-210	255	81	false
north	-210	0	-210	256	79	false
north	-210	1	-210	257	78	false
north	-210	2	-210	258	77	false
north	-210	3	-210	259	75	false
north	-209	-3	-209	253	83	false
north	-209	-2	-209	254	82	false
north	-209	-1	-209	255	81	false
north	-209	0	-209	256	79	false
north	-209	1	-209	257	78	false
north	-209	2	-209	258	77	false
north	-209	3	-209	259	75	false
north	-208	-3	-208	253	83	false
north	-208	-2	-208	254	82	false
north	-208	-1	-208	255	81	false
north	-208	0	-208	256	79	false
north	-208	1	-208	257	78	false
north	-208	2	-208	258	77	false
north	-208	3	-208	259	75	false
north	-207	-3	-207	253	83	false
north	-207	-2	-207	254	82	false
north	-207	-1	-207	255	81	false
north	-207	0	-207	256	79	false
north	-207	1	-207	257	78	false
north	-207	2	-207	258	77	false
north	-207	3	-207	259	76	false
north	-206	-3	-206	253	83	false
north	-206	-2	-206	254	82	false
north	-206	-1	-206	255	81	false
north	-206	0	-206	256	79	false
north	-206	1	-206	257	78	false
north	-206	2	-206	258	77	false
north	-206	3	-206	259	76	false
north	-205	-3	-205	253	83	false
north	-205	-2	-205	254	81	false
north	-205	-1	-205	255	81	false
north	-205	0	-205	256	79	false
north	-205	1	-205	257	78	false
north	-205	2	-205	258	77	false
north	-205	3	-205	259	76	false
north	-204	-3	-204	253	83	false
north	-204	-2	-204	254	81	false
north	-204	-1	-204	255	80	false
north	-204	0	-204	256	79	false
north	-204	1	-204	257	78	false
north	-204	2	-204	258	78	false
north	-204	3	-204	259	76	false
north	-203	-3	-203	253	83	false
north	-203	-2	-203	254	81	false
north	-203	-1	-203	255	80	false
north	-203	0	-203	256	79	false
north	-203	1	-203	257	78	false
north	-203	2	-203	258	78	false
north	-203	3	-203	259	76	false
north	-202	-3	-202	253	83	false
north	-202	-2	-202	254	81	false
north	-202	-1	-202	255	80	false
north	-202	0	-202	256	79	false
north	-202	1	-202	257	79	false
north	-202	2	-202	258	78	false
north	-202	3	-202	259	76	false
north	-201	-3	-201	253	83	false
north	-201	-2	-201	254	81	false
north	-201	-1	-201	255	80	false
north	-201	0	-201	256	79	false
north	-201	1	-201	257	79	false
north	-201	2	-201	258	78	false
north	-201	3	-201	259	76	false
north	-200	-3	-200	253	83	false
north	-200	-2	-200	254	81	false
north	-200	-1	-200	255	80	false
north	-200	0	-200	256	79	false
north	-200	1	-200	257	79	false
north	-200	2	-200	258	78	false
north	-200	3	-200	259	76	false
north	-199	-3	-199	253	83	false
north	-199	-2	-199	254	81	false
north	-199	-1	-199	255	80	false
north	-199	0	-199	256	79	false
north	-199	1	-199	257	79	false
north	-199	2	-199	258	78	false
north	-199	3	-199	259	76	false
north	-198	-3	-198	253	83	false
north	-198	-2	-198	254	81	false
north	-198	-1	-198	255	80	false
north	-198	0	-198	256	79	false
north	-198	1	-198	257	78	false
north	-198	2	-198	258	78	false
north	-198	3	-198	259	76	false
north	-197	-3	-197	253	83	false
north	-197	-2	-197	254	81	false
north	-197	-1	-197	255	80	false
north	-197	0	-197	256	79	false
north	-197	1	-197	257	78	false
north	-197	2	-197	258	77	false
north	-197	3	-197	259	76	false
north	-196	-3	-196	253	83	false
north	-196	-2	-196	254	81	false
north	-196	-1	-196	255	81	false
north	-196	0	-196	256	79	false
north	-196	1	-196	257	78	false
north	-196	2	-196	258	77	false
north	-196	3	-196	259	76	false
north	-195	-3	-195	253	83	false
north	-195	-2	-195	254	82	false
north	-195	-1	-195	255	81	false
north	-195	0	-195	256	79	false
north	-195	1	-195	257	78	false
north	-195	2	-195	258	77	false
north	-195	3	-195	259	75	false
north	-194	-3	-194	253	83	false
north	-194	-2	-194	254	82	false
north	-194	-1	-194	255	81	false
north	-194	0	-194	256	79	false
north	-194	1	-194	257	78	false
north	-194	2	-194	258	77	false
north	-194	3	-194	259	75	false
north	-193	-3	-193	253	83	false
north	-193	-2	-193	254	82	false
north	-193	-1	-193	255	81	false
north	-193	0	-193	256	79	false
north	-193	1	-193	257	78	false
north	-193	2	-193	258	77	false
north	-193	3	-193	259	75	false
north	-192	-3	-192	253	83	false
north	-192	-2	-192	254	82	false
north	-192	-1	-192	255	81	false
north	-192	0	-192	256	79	false
north	-192	1	-192	257	78	false
north	-192	2	-192	258	77	false
north	-192	3	-192	259	75	false
north	-191	-3	-191	253	83	false
north	-191	-2	-191	254	82	false
north	-191	-1	-191	255	81	false
north	-191	0	-191	256	79	false
north	-191	1	-191	257	78	false
north	-191	2	-191	258	77	false
north	-191	3	-191	259	75	false
north	-190	-3	-190	253	83	false
north	-190	-2	-190	254	82	false
north	-190	-1	-190	255	81	false
north	-190	0	-190	256	79	false
north	-190	1	-190	257	78	false
north	-190	2	-190	258	77	false
north	-190	3	-190	259	75	false
north	-189	-3	-189	253	83	false
north	-189	-2	-189	254	82	false
north	-189	-1	-189	255	81	false
north	-189	0	-189	256	79	false
north	-189	1	-189	257	78	false
north	-189	2	-189	258	77	false
north	-189	3	-189	259	75	false
north	-188	-3	-188	253	83	false
north	-188	-2	-188	254	82	false
north	-188	-1	-188	255	81	false
north	-188	0	-188	256	79	false
north	-188	1	-188	257	78	false
north	-188	2	-188	258	77	false
north	-188	3	-188	259	75	false
north	-187	-3	-187	253	83	false
north	-187	-2	-187	254	82	false
north	-187	-1	-187	255	81	false
north	-187	0	-187	256	79	false
north	-187	1	-187	257	78	false
north	-187	2	-187	258	77	false
north	-187	3	-187	259	75	false
north	-186	-3	-186	253	83	false
north	-186	-2	-186	254	82	false
north	-186	-1	-186	255	81	false
north	-186	0	-186	256	79	false
north	-186	1	-186	257	78	false
north	-186	2	-186	258	77	false
north	-186	3	-186	259	75	false
north	-185	-3	-185	253	83	false
north	-185	-2	-185	254	82	false
north	-185	-1	-185	255	81	false
north	-185	0	-185	256	79	false
north	-185	1	-185	257	78	false
north	-185	2	-185	258	77	false
north	-185	3	-185	259	75	false
north	-184	-3	-184	253	83	false
north	-184	-2	-184	254	82	false
north	-184	-1	-184	255	81	false
north	-184	0	-184	256	79	false
north	-184	1	-184	257	78	false
north	-184	2	-184	258	77	false
north	-184	3	-184	259	75	false
north	-183	-3	-183	253	83	false
north	-183	-2	-183	254	82	false
north	-183	-1	-183	255	81	false
north	-183	0	-183	256	79	false
north	-183	1	-183	257	78	false
north	-183	2	-183	258	77	false
north	-183	3	-183	259	75	false
north	-182	-3	-182	253	83	false
north	-182	-2	-182	254	82	false
north	-182	-1	-182	255	81	false
north	-182	0	-182	256	79	false
north	-182	1	-182	257	78	false
north	-182	2	-182	258	77	false
north	-182	3	-182	259	75	false
north	-181	-3	-181	253	83	false
north	-181	-2	-181	254	82	false
north	-181	-1	-181	255	81	false
north	-181	0	-181	256	79	false
north	-181	1	-181	257	78	false
north	-181	2	-181	258	77	false
north	-181	3	-181	259	75	false
north	-180	-3	-180	253	83	false
north	-180	-2	-180	254	82	false
north	-180	-1	-180	255	81	false
north	-180	0	-180	256	79	false
north	-180	1	-180	257	78	false
north	-180	2	-180	258	77	false
north	-180	3	-180	259	75	false
north	-179	-3	-179	253	83	false
north	-179	-2	-179	254	82	false
north	-179	-1	-179	255	81	false
north	-179	0	-179	256	79	false
north	-179	1	-179	257	78	false
north	-179	2	-179	258	77	false
north	-179	3	-179	259	75	false
north	-178	-3	-178	253	83	false
north	-178	-2	-178	254	82	false
north	-178	-1	-178	255	81	false
north	-178	0	-178	256	79	false
north	-178	1	-178	257	78	false
north	-178	2	-178	258	77	false
north	-178	3	-178	259	75	false
north	-177	-3	-177	253	83	false
north	-177	-2	-177	254	82	false
north	-177	-1	-177	255	81	false
north	-177	0	-177	256	79	false
north	-177	1	-177	257	78	false
north	-177	2	-177	258	77	false
north	-177	3	-177	259	75	false
north	-176	-3	-176	253	83	false
north	-176	-2	-176	254	82	false
north	-176	-1	-176	255	81	false
north	-176	0	-176	256	79	false
north	-176	1	-176	257	78	false
north	-176	2	-176	258	77	false
north	-176	3	-176	259	75	false
north	-175	-3	-175	253	83	false
north	-175	-2	-175	254	82	false
north	-175	-1	-175	255	81	false
north	-175	0	-175	256	79	false
north	-175	1	-175	257	78	false
north	-175	2	-175	258	77	false
north	-175	3	-175	259	75	false
north	-174	-3	-174	253	83	false
north	-174	-2	-174	254	82	false
north	-174	-1	-174	255	81	false
north	-174	0	-174	256	79	false
north	-174	1	-174	257	78	false
north	-174	2	-174	258	77	false
north	-174	3	-174	259	75	false
north	-173	-3	-173	253	83	false
north	-173	-2	-173	254	82	false
north	-173	-1	-173	255	81	false
north	-173	0	-173	256	79	false
north	-173	1	-173	257	78	false
north	-173	2	-173	258	77	false
north	-173	3	-173	259	75	false
north	-172	-3	-172	253	83	false
north	-172	-2	-172	254	82	false
north	-172	-1	-172	255	81	false
north	-172	0	-172	256	79	false
north	-172	1	-172	257	78	false
north	-172	2	-172	258	77	false
north	-172	3	-172	259	75	false
north	-171	-3	-171	253	83	false
north	-171	-2	-171	254	82	false
north	-171	-1	-171	255	81	false
north	-171	0	-171	256	79	false
north	-171	1	-171	257	78	false
north	-171	2	-171	258	77	false
north	-171	3	-171	259	75	false
north	-170	-3	-170	253	83	false
north	-170	-2	-170	254	82	false
north	-170	-1	-170	255	81	false
north	-170	0	-170	256	79	false
north	-170	1	-170	257	78	false
north	-170	2	-170	258	77	false
north	-170	3	-170	259	75	false
north	-169	-3	-169	253	83	false
north	-169	-2	-169	254	82	false
north	-169	-1	-169	255	81	false
north	-169	0	-169	256	79	false
north	-169	1	-169	257	78	false
north	-169	2	-169	258	77	false
north	-169	3	-169	259	75	false
north	-168	-3	-168	253	83	false
north	-168	-2	-168	254	82	false
north	-168	-1	-168	255	81	false
north	-168	0	-168	256	79	false
north	-168	1	-168	257	78	false
north	-168	2	-168	258	77	false
north	-168	3	-168	259	75	false
north	-167	-3	-167	253	83	false
north	-167	-2	-167	254	82	false
north	-167	-1	-167	255	81	false
north	-167	0	-167	256	79	false
north	-167	1	-167	257	78	false
north	-167	2	-167	258	77	false
north	-167	3	-167	259	75	false
north	-166	-3	-166	253	83	false
north	-166	-2	-166	254	82	false
north	-166	-1	-166	255	81	false
north	-166	0	-166	256	79	false
north	-166	1	-166	257	78	false
north	-166	2	-166	258	77	false
north	-166	3	-166	259	75	false
north	-165	-3	-165	253	83	false
north	-165	-2	-165	254	82	false
north	-165	-1	-165	255	81	false
north	-165	0	-165	256	79	false
north	-165	1	-165	257	78	false
north	-165	2	-165	258	77	false
north	-165	3	-165	259	75	false
north	-164	-3	-164	253	83	false
north	-164	-2	-164	254	82	false
north	-164	-1	-164	255	81	false
north	-164	0	-164	256	79	false
north	-164	1	-164	257	78	false
north	-164	2	-164	258	77	false
north	-164	3	-164	259	75	false
north	-163	-3	-163	253	83	false
north	-163	-2	-163	254	82	false
north	-163	-1	-163	255	81	false
north	-163	0	-163	256	79	false
north	-163	1	-163	257	78	false
north	-163	2	-163	258	77	false
north	-163	3	-163	259	75	false
north	-162	-3	-162	253	83	false
north	-162	-2	-162	254	82	false
north	-162	-1	-162	255	81	false
north	-162	0	-162	256	79	false
north	-162	1	-162	257	78	false
north	-162	2	-162	258	77	false
north	-162	3	-162	259	76	false
north	-161	-3	-161	253	83	false
north	-161	-2	-161	254	82	false
north	-161	-1	-161	255	81	false
north	-161	0	-161	256	79	false
north	-161	1	-161	257	78	false
north	-161	2	-161	258	77	false
north	-161	3	-161	259	76	false
north	-160	-3	-160	253	83	false
north	-160	-2	-160	254	82	false
north	-160	-1	-160	255	81	false
north	-160	0	-160	256	79	false
north	-160	1	-160	257	78	false
north	-160	2	-160	258	78	false
north	-160	3	-160	259	76	false
north	-159	-3	-159	253	83	false
north	-159	-2	-159	254	82	false
north	-159	-1	-159	255	81	false
north	-159	0	-159	256	79	false
north	-159	1	-159	257	78	false
north	-159	2	-159	258	78	false
north	-159	3	-159	259	76	false
north	-158	-3	-158	253	83	false
north	-158	-2	-158	254	82	false
north	-158	-1	-158	255	81	false
north	-158	0	-158	256	79	false
north	-158	1	-158	257	78	false
north	-158	2	-158	258	78	false
north	-158	3	-158	259	76	false
north	-157	-3	-157	253	83	false
north	-157	-2	-157	254	82	false
north	-157	-1	-157	255	81	false
north	-157	0	-157	256	80	false
north	-157	1	-157	257	78	false
north	-157	2	-157	258	78	false
north	-157	3	-157	259	76	false
north	-156	-3	-156	253	83	false
north	-156	-2	-156	254	82	false
north	-156	-1	-156	255	81	false
north	-156	0	-156	256	80	false
north	-156	1	-156	257	78	false
north	-156	2	-156	258	78	false
north	-156	3	-156	259	76	false
north	-155	-3	-155	253	83	false
north	-155	-2	-155	254	82	false
north	-155	-1	-155	255	81	false
north	-155	0	-155	256	80	false
north	-155	1	-155	257	78	false
north	-155	2	-155	258	78	false
north	-155	3	-155	259	76	false
north	-154	-3	-154	253	83	false
north	-154	-2	-154	254	82	false
north	-154	-1	-154	255	81	false
north	-154	0	-154	256	80	false
north	-154	1	-154	257	78	false
north	-154	2	-154	258	78	false
north	-154	3	-154	259	76	false
north	-153	-3	-153	253	83	false
north	-153	-2	-153	254	82	false
north	-153	-1	-153	255	81	false
north	-153	0	-153	256	80	false
north	-153	1	-153	257	78	false
north	-153	2	-153	258	78	false
north	-153	3	-153	259	76	false
north	-152	-3	-152	253	83	false
north	-152	-2	-152	254	82	false
north	-152	-1	-152	255	81	false
north	-152	0	-152	256	80	false
north	-152	1	-152	257	78	false
north	-152	2	-152	258	78	false
north	-152	3	-152	259	76	false
north	-151	-3	-151	253	83	false
north	-151	-2	-151	254	82	false
north	-151	-1	-151	255	81	false
north	-151	0	-151	256	80	false
north	-151	1	-151	257	78	false
north	-151	2	-151	258	78	false
north	-151	3	-151	259	76	false
north	-150	-3	-150	253	83	false
north	-150	-2	-150	254	82	false
north	-150	-1	-150	255	81	false
north	-150	0	-150	256	80	false
north	-150	1	-150	257	78	false
north	-150	2	-150	258	77	false
north	-150	3	-150	259	76	false
north	-149	-3	-149	253	83	false
north	-149	-2	-149	254	82	false
north	-149	-1	-149	255	81	false
north	-149	0	-149	256	80	false
north	-149	1	-149	257	78	false
north	-149	2	-149	258	77	false
north	-149	3	-149	259	76	false
north	-148	-3	-148	253	83	false
north	-148	-2	-148	254	82	false
north	-148	-1	-148	255	81	false
north	-148	0	-148	256	80	false
north	-148	1	-148	257	78	false
north	-148	2	-148	258	77	false
north	-148	3	-148	259	75	false
north	-147	-3	-147	253	83	false
north	-147	-2	-147	254	82	false
north	-147	-1	-147	255	81	false
north	-147	0	-147	256	80	false
north	-147	1	-147	257	78	false
north	-147	2	-147	258	77	false
north	-147	3	-147	259	75	false
north	-146	-3	-146	253	83	false
north	-146	-2	-146	254	82	false
north	-146	-1	-146	255	81	false
north	-146	0	-146	256	80	false
north	-146	1	-146	257	78	false
north	-146	2	-146	258	77	false
north	-146	3	-146	259	75	false
north	-145	-3	-145	253	83	false
north	-145	-2	-145	254	82	false
north	-145	-1	-145	255	81	false
north	-145	0	-145	256	80	false
north	-145	1	-145	257	78	false
north	-145	2	-145	258	77	false
north	-145	3	-145	259	75	false
north	-144	-3	-144	253	83	false
north	-144	-2	-144	254	82	false
north	-144	-1	-144	255	81	false
north	-144	0	-144	256	80	false
north	-144	1	-144	257	78	false
north	-144	2	-144	258	77	false
north	-144	3	-144	259	76	false
north	-143	-3	-143	253	83	false
north	-143	-2	-143	254	82	false
north	-143	-1	-143	255	81	false
north	-143	0	-143	256	80	false
north	-143	1	-143	257	78	false
north	-143	2	-143	258	77	false
north	-143	3	-143	259	76	false
north	-142	-3	-142	253	83	false
north	-142	-2	-142	254	82	false
north	-142	-1	-142	255	81	false
north	-142	0	-142	256	80	false
north	-142	1	-142	257	78	false
north	-142	2	-142	258	77	false
north	-142	3	-142	259	76	false
north	-141	-3	-141	253	83	false
north	-141	-2	-141	254	82	false
north	-141	-1	-141	255	81	false
north	-141	0	-141	256	80	false
north	-141	1	-141	257	78	false
north	-141	2	-141	258	77	false
north	-141	3	-141	259	76	false
north	-140	-3	-140	253	83	false
north	-140	-2	-140	254	82	false
north	-140	-1	-140	255	81	false
north	-140	0	-140	256	80	false
north	-140	1	-140	257	78	false
north	-140	2	-140	258	77	false
north	-140	3	-140	259	76	false
north	-139	-3	-139	253	82	false
north	-139	-2	-139	254	81	false
north	-139	-1	-139	255	81	false
north	-139	0	-139	256	80	false
north	-139	1	-139	257	78	false
north	-139	2	-139	258	77	false
north	-139	3	-139	259	76	false
north	-138	-3	-138	253	82	false
north	-138	-2	-138	254	81	false
north	-138	-1	-138	255	80	false
north	-138	0	-138	256	80	false
north	-138	1	-138	257	78	false
north	-138	2	-138	258	77	false
north	-138	3	-138	259	76	false
north	-137	-3	-137	253	82	false
north	-137	-2	-137	254	81	false
north	-137	-1	-137	255	80	false
north	-137	0	-137	256	80	false
north	-137	1	-137	257	78	false
north	-137	2	-137	258	77	false
north	-137	3	-137	259	76	false
north	-136	-3	-136	253	82	false
north	-136	-2	-136	254	81	false
north	-136	-1	-136	255	80	false
north	-136	0	-136	256	80	false
north	-136	1	-136	257	78	false
north	-136	2	-136	258	77	false
north	-136	3	-136	259	76	false
north	-135	-3	-135	253	82	false
north	-135	-2	-135	254	81	false
north	-135	-1	-135	255	80	false
north	-135	0	-135	256	79	false
north	-135	1	-135	257	77	false
north	-135	2	-135	258	76	false
north	-135	3	-135	259	76	false
north	-134	-3	-134	253	82	false
north	-134	-2	-134	254	81	false
north	-134	-1	-134	255	80	false
north	-134	0	-134	256	79	false
north	-134	1	-134	257	77	false
north	-134	2	-134	258	76	false
north	-134	3	-134	259	75	false
north	-133	-3	-133	253	82	false
north	-133	-2	-133	254	81	false
north	-133	-1	-133	255	80	false
north	-133	0	-133	256	78	false
north	-133	1	-133	257	77	false
north	-133	2	-133	258	76	false
north	-133	3	-133	259	75	false
north	-132	-3	-132	253	82	false
north	-132	-2	-132	254	81	false
north	-132	-1	-132	255	80	false
north	-132	0	-132	256	78	false
north	-132	1	-132	257	77	false
north	-132	2	-132	258	76	false
north	-132	3	-132	259	75	false
north	-131	-3	-131	253	82	false
north	-131	-2	-131	254	81	false
north	-131	-1	-131	255	80	false
north	-131	0	-131	256	78	false
north	-131	1	-131	257	77	false
north	-131	2	-131	258	76	false
north	-131	3	-131	259	75	false
north	-130	-3	-130	253	82	false
north	-130	-2	-130	254	81	false
north	-130	-1	-130	255	80	false
north	-130	0	-130	256	78	false
north	-130	1	-130	257	77	false
north	-130	2	-130	258	76	false
north	-130	3	-130	259	75	false
north	-129	-3	-129	253	82	false
north	-129	-2	-129	254	81	false
north	-129	-1	-129	255	80	false
north	-129	0	-129	256	78	false
north	-129	1	-129	257	77	false
north	-129	2	-129	258	76	false
north	-129	3	-129	259	75	false
north	-128	-3	-128	253	82	false
north	-128	-2	-128	254	81	false
north	-128	-1	-128	255	80	false
north	-128	0	-128	256	78	false
north	-128	1	-128	257	77	false
north	-128	2	-128	258	76	false
north	-128	3	-128	259	75	false
north	-127	-3	-127	253	82	false
north	-127	-2	-127	254	81	false
north	-127	-1	-127	255	80	false
north	-127	0	-127	256	78	false
north	-127	1	-127	257	77	false
north	-127	2	-127	258	76	false
north	-127	3	-127	259	75	false
north	-126	-3	-126	253	82	false
north	-126	-2	-126	254	81	false
north	-126	-1	-126	255	80	false
north	-126	0	-126	256	78	false
north	-126	1	-126	257	77	false
north	-126	2	-126	258	76	false
north	-126	3	-126	259	75	false
north	-125	-3	-125	253	82	false
north	-125	-2	-125	254	81	false
north	-125	-1	-125	255	80	false
north	-125	0	-125	256	78	false
north	-125	1	-125	257	77	false
north	-125	2	-125	258	76	false
north	-125	3	-125	259	75	false
north	-124	-3	-124	253	82	false
north	-124	-2	-124	254	81	false
north	-124	-1	-124	255	80	false
north	-124	0	-124	256	78	false
north	-124	1	-124	257	77	false
north	-124	2	-124	258	76	false
north	-124	3	-124	259	75	false
north	-123	-3	-123	253	82	false
north	-123	-2	-123	254	81	false
north	-123	-1	-123	255	80	false
north	-123	0	-123	256	78	false
north	-123	1	-123	257	77	false
north	-123	2	-123	258	76	false
north	-123	3	-123	259	75	false
north	-122	-3	-122	253	82	false
north	-122	-2	-122	254	81	false
north	-122	-1	-122	255	80	false
north	-122	0	-122	256	78	false
north	-122	1	-122	257	77	false
north	-122	2	-122	258	76	false
north	-122	3	-122	259	75	false
north	-121	-3	-121	253	82	false
north	-121	-2	-121	254	81	false
north	-121	-1	-121	255	80	false
north	-121	0	-121	256	78	false
north	-121	1	-121	257	77	false
north	-121	2	-121	258	76	false
north	-121	3	-121	259	75	false
north	-120	-3	-120	253	82	false
north	-120	-2	-120	254	81	false
north	-120	-1	-120	255	80	false
north	-120	0	-120	256	78	false
north	-120	1	-120	257	77	false
north	-120	2	-120	258	76	false
north	-120	3	-120	259	75	false
north	-119	-3	-119	253	82	false
north	-119	-2	-119	254	81	false
north	-119	-1	-119	255	80	false
north	-119	0	-119	256	78	false
north	-119	1	-119	257	77	false
north	-119	2	-119	258	76	false
north	-119	3	-119	259	75	false
north	-118	-3	-118	253	82	false
north	-118	-2	-118	254	81	false
north	-118	-1	-118	255	80	false
north	-118	0	-118	256	78	false
north	-118	1	-118	257	77	false
north	-118	2	-118	258	76	false
north	-118	3	-118	259	75	false
north	-117	-3	-117	253	82	false
north	-117	-2	-117	254	81	false
north	-117	-1	-117	255	80	false
north	-117	0	-117	256	78	false
north	-117	1	-117	257	77	false
north	-117	2	-117	258	76	false
north	-117	3	-117	259	75	false
north	-116	-3	-116	253	82	false
north	-116	-2	-116	254	81	false
north	-116	-1	-116	255	80	false
north	-116	0	-116	256	78	false
north	-116	1	-116	257	77	false
north	-116	2	-116	258	76	false
north	-116	3	-116	259	75	false
north	-115	-3	-115	253	82	false
north	-115	-2	-115	254	81	false
north	-115	-1	-115	255	80	false
north	-115	0	-115	256	78	false
north	-115	1	-115	257	77	false
north	-115	2	-115	258	76	false
north	-115	3	-115	259	75	false
north	-114	-3	-114	253	82	false
north	-114	-2	-114	254	81	false
north	-114	-1	-114	255	80	false
north	-114	0	-114	256	78	false
north	-114	1	-114	257	77	false
north	-114	2	-114	258	76	false
north	-114	3	-114	259	75	false
north	-113	-3	-113	253	82	false
north	-113	-2	-113	254	81	false
north	-113	-1	-113	255	80	false
north	-113	0	-113	256	78	false
north	-113	1	-113	257	77	false
north	-113	2	-113	258	76	false
north	-113	3	-113	259	75	false
north	-112	-3	-112	253	82	false
north	-112	-2	-112	254	81	false
north	-112	-1	-112	255	80	false
north	-112	0	-112	256	78	false
north	-112	1	-112	257	77	false
north	-112	2	-112	258	76	false
north	-112	3	-112	259	75	false
north	-111	-3	-111	253	82	false
north	-111	-2	-111	254	81	false
north	-111	-1	-111	255	80	false
north	-111	0	-111	256	78	false
north	-111	1	-111	257	77	false
north	-111	2	-111	258	76	false
north	-111	3	-111	259	75	false
north	-110	-3	-110	253	82	false
north	-110	-2	-110	254	81	false
north	-110	-1	-110	255	80	false
north	-110	0	-110	256	78	false
north	-110	1	-110	257	77	false
north	-110	2	-110	258	76	false
north	-110	3	-110	259	75	false
north	-109	-3	-109	253	82	false
north	-109	-2	-109	254	81	false
north	-109	-1	-109	255	80	false
north	-109	0	-109	256	78	false
north	-109	1	-109	257	77	false
north	-109	2	-109	258	76	false
north	-109	3	-109	259	75	false
north	-108	-3	-108	253	82	false
north	-108	-2	-108	254	81	false
north	-108	-1	-108	255	80	false
north	-108	0	-108	256	78	false
north	-108	1	-108	257	77	false
north	-108	2	-108	258	76	false
north	-108	3	-108	259	75	false
north	-107	-3	-107	253	82	false
north	-107	-2	-107	254	81	false
north	-107	-1	-107	255	80	false
north	-107	0	-107	256	78	false
north	-107	1	-107	257	77	false
north	-107	2	-107	258	76	false
north	-107	3	-107	259	75	false
north	-106	-3	-106	253	82	false
north	-106	-2	-106	254	81	false
north	-106	-1	-106	255	80	false
north	-106	0	-106	256	78	false
north	-106	1	-106	257	77	false
north	-106	2	-106	258	76	false
north	-106	3	-106	259	75	false
north	-105	-3	-105	253	82	false
north	-105	-2	-105	254	81	false
north	-105	-1	-105	255	80	false
north	-105	0	-105	256	78	false
north	-105	1	-105	257	77	false
north	-105	2	-105	258	76	false
north	-105	3	-105	259	75	false
north	-104	-3	-104	253	82	false
north	-104	-2	-104	254	81	false
north	-104	-1	-104	255	80	false
north	-104	0	-104	256	78	false
north	-104	1	-104	257	77	false
north	-104	2	-104	258	76	false
north	-104	3	-104	259	75	false
north	-103	-3	-103	253	82	false
north	-103	-2	-103	254	81	false
north	-103	-1	-103	255	80	false
north	-103	0	-103	256	78	false
north	-103	1	-103	257	77	false
north	-103	2	-103	258	76	false
north	-103	3	-103	259	75	false
north	-102	-3	-102	253	82	false
north	-102	-2	-102	254	81	false
north	-102	-1	-102	255	80	false
north	-102	0	-102	256	78	false
north	-102	1	-102	257	77	false
north	-102	2	-102	258	76	false
north	-102	3	-102	259	75	false
north	-101	-3	-101	253	83	false
north	-101	-2	-101	254	81	false
north	-101	-1	-101	255	80	false
north	-101	0	-101	256	78	false
north	-101	1	-101	257	77	false
north	-101	2	-101	258	76	false
north	-101	3	-101	259	75	false
north	-100	-3	-100	253	83	false
north	-100	-2	-100	254	81	false
north	-100	-1	-100	255	80	false
north	-100	0	-100	256	78	false
north	-100	1	-100	257	77	false
north	-100	2	-100	258	76	false
north	-100	3	-100	259	75	false
north	-99	-3	-99	253	83	false
north	-99	-2	-99	254	81	false
north	-99	-1	-99	255	80	false
north	-99	0	-99	256	78	false
north	-99	1	-99	257	77	false
north	-99	2	-99	258	76	false
north	-99	3	-99	259	75	false
north	-98	-3	-98	253	83	false
north	-98	-2	-98	254	81	false
north	-98	-1	-98	255	80	false
north	-98	0	-98	256	78	false
north	-98	1	-98	257	77	false
north	-98	2	-98	258	76	false
north	-98	3	-98	259	75	false
north	-97	-3	-97	253	83	false
north	-97	-2	-97	254	81	false
north	-97	-1	-97	255	80	false
north	-97	0	-97	256	78	false
north	-97	1	-97	257	77	false
north	-97	2	-97	258	76	false
north	-97	3	-97	259	76	false
north	-96	-3	-96	253	83	false
north	-96	-2	-96	254	82	false
north	-96	-1	-96	255	80	false
north	-96	0	-96	256	78	false
north	-96	1	-96	257	78	false
north	-96	2	-96	258	77	false
north	-96	3	-96	259	76	false
north	-95	-3	-95	253	83	false
north	-95	-2	-95	254	82	false
north	-95	-1	-95	255	80	false
north	-95	0	-95	256	79	false
north	-95	1	-95	257	78	false
north	-95	2	-95	258	77	false
north	-95	3	-95	259	76	false
north	-94	-3	-94	253	83	false
north	-94	-2	-94	254	82	false
north	-94	-1	-94	255	81	false
north	-94	0	-94	256	79	false
north	-94	1	-94	257	78	false
north	-94	2	-94	258	77	false
north	-94	3	-94	259	76	false
north	-93	-3	-93	253	83	false
north	-93	-2	-93	254	82	false
north	-93	-1	-93	255	81	false
north	-93	0	-93	256	79	false
north	-93	1	-93	257	78	false
north	-93	2	-93	258	77	false
north	-93	3	-93	259	76	false
north	-92	-3	-92	253	83	false
north	-92	-2	-92	254	82	false
north	-92	-1	-92	255	81	false
north	-92	0	-92	256	79	false
north	-92	1	-92	257	78	false
north	-92	2	-92	258	77	false
north	-92	3	-92	259	76	false
north	-91	-3	-91	253	83	false
north	-91	-2	-91	254	82	false
north	-91	-1	-91	255	81	false
north	-91	0	-91	256	79	false
north	-91	1	-91	257	78	false
north	-91	2	-91	258	77	false
north	-91	3	-91	259	76	false
north	-90	-3	-90	253	83	false
north	-90	-2	-90	254	82	false
north	-90	-1	-90	255	81	false
north	-90	0	-90	256	79	false
north	-90	1	-90	257	78	false
north	-90	2	-90	258	77	false
north	-90	3	-90	259	76	false
north	-89	-3	-89	253	83	false
north	-89	-2	-89	254	82	false
north	-89	-1	-89	255	81	false
north	-89	0	-89	256	79	false
north	-89	1	-89	257	78	false
north	-89	2	-89	258	77	false
north	-89	3	-89	259	76	false
north	-88	-3	-88	253	83	false
north	-88	-2	-88	254	82	false
north	-88	-1	-88	255	81	false
north	-88	0	-88	256	79	false
north	-88	1	-88	257	78	false
north	-88	2	-88	258	77	false
north	-88	3	-88	259	76	false
north	-87	-3	-87	253	83	false
north	-87	-2	-87	254	82	false
north	-87	-1	-87	255	81	false
north	-87	0	-87	256	79	false
north	-87	1	-87	257	78	false
north	-87	2	-87	258	77	false
north	-87	3	-87	259	76	false
north	-86	-3	-86	253	83	false
north	-86	-2	-86	254	82	false
north	-86	-1	-86	255	81	false
north	-86	0	-86	256	79	false
north	-86	1	-86	257	78	false
north	-86	2	-86	258	77	false
north	-86	3	-86	259	76	false
north	-85	-3	-85	253	83	false
north	-85	-2	-85	254	82	false
north	-85	-1	-85	255	81	false
north	-85	0	-85	256	79	false
north	-85	1	-85	257	78	false
north	-85	2	-85	258	77	false
north	-85	3	-85	259	76	false
north	-84	-3	-84	253	83	false
north	-84	-2	-84	254	82	false
north	-84	-1	-84	255	81	false
north	-84	0	-84	256	79	false
north	-84	1	-84	257	78	false
north	-84	2	-84	258	77	false
north	-84	3	-84	259	76	false
north	-83	-3	-83	253	83	false
north	-83	-2	-83	254	82	false
north	-83	-1	-83	255	81	false
north	-83	0	-83	256	79	false
north	-83	1	-83	257	78	false
north	-83	2	-83	258	77	false
north	-83	3	-83	259	76	false
north	-82	-3	-82	253	83	false
north	-82	-2	-82	254	82	false
north	-82	-1	-82	255	81	false
north	-82	0	-82	256	79	false
north	-82	1	-82	257	78	false
north	-82	2	-82	258	77	false
north	-82	3	-82	259	76	false
north	-81	-3	-81	253	83	false
north	-81	-2	-81	254	82	false
north	-81	-1	-81	255	81	false
north	-81	0	-81	256	79	false
north	-81	1	-81	257	78	false
north	-81	2	-81	258	77	false
north	-81	3	-81	259	76	false
north	-80	-3	-80	253	83	false
north	-80	-2	-80	254	82	false
north	-80	-1	-80	255	81	false
north	-80	0	-80	256	79	false
north	-80	1	-80	257	78	false
north	-80	2	-80	258	77	false
north	-80	3	-80	259	76	false
north	-79	-3	-79	253	83	false
north	-79	-2	-79	254	82	false
north	-79	-1	-79	255	81	false
north	-79	0	-79	256	79	false
north	-79	1	-79	257	78	false
north	-79	2	-79	258	77	false
north	-79	3	-79	259	76	false
north	-78	-3	-78	253	83	false
north	-78	-2	-78	254	82	false
north	-78	-1	-78	255	81	false
north	-78	0	-78	256	80	false
north	-78	1	-78	257	78	false
north	-78	2	-78	258	77	false
north	-78	3	-78	259	76	false
north	-77	-3	-77	253	83	false
north	-77	-2	-77	254	82	false
north	-77	-1	-77	255	81	false
north	-77	0	-77	256	80	false
north	-77	1	-77	257	78	false
north	-77	2	-77	258	77	false
north	-77	3	-77	259	76	false
north	-76	-3	-76	253	83	false
north	-76	-2	-76	254	82	false
north	-76	-1	-76	255	81	false
north	-76	0	-76	256	80	false
north	-76	1	-76	257	78	false
north	-76	2	-76	258	77	false
north	-76	3	-76	259	76	false
north	-75	-3	-75	253	83	false
north	-75	-2	-75	254	82	false
north	-75	-1	-75	255	81	false
north	-75	0	-75	256	80	false
north	-75	1	-75	257	78	false
north	-75	2	-75	258	77	false
north	-75	3	-75	259	76	false
north	-74	-3	-74	253	83	false
north	-74	-2	-74	254	83	false
north	-74	-1	-74	255	81	false
north	-74	0	-74	256	80	false
north	-74	1	-74	257	78	false
north	-74	2	-74	258	78	false
north	-74	3	-74	259	77	false
north	-73	-3	-73	253	84	false
north	-73	-2	-73	254	83	false
north	-73	-1	-73	255	83	false
north	-73	0	-73	256	81	false
north	-73	1	-73	257	79	false
north	-73	2	-73	258	78	false
north	-73	3	-73	259	77	false
north	-72	-3	-72	253	85	false
north	-72	-2	-72	254	84	false
north	-72	-1	-72	255	83	false
north	-72	0	-72	256	81	false
north	-72	1	-72	257	79	false
north	-72	2	-72	258	78	false
north	-72	3	-72	259	77	false
north	-71	-3	-71	253	85	false
north	-71	-2	-71	254	84	false
north	-71	-1	-71	255	83	false
north	-71	0	-71	256	81	false
north	-71	1	-71	257	79	false
north	-71	2	-71	258	78	false
north	-71	3	-71	259	77	false
north	-70	-3	-70	253	85	false
north	-70	-2	-70	254	84	false
north	-70	-1	-70	255	83	false
north	-70	0	-70	256	81	false
north	-70	1	-70	257	79	false
north	-70	2	-70	258	78	false
north	-70	3	-70	259	77	false
north	-69	-3	-69	253	85	false
north	-69	-2	-69	254	84	false
north	-69	-1	-69	255	83	false
north	-69	0	-69	256	81	false
north	-69	1	-69	257	79	false
north	-69	2	-69	258	78	false
north	-69	3	-69	259	77	false
north	-68	-3	-68	253	85	false
north	-68	-2	-68	254	84	false
north	-68	-1	-68	255	83	false
north	-68	0	-68	256	81	false
north	-68	1	-68	257	79	false
north	-68	2	-68	258	78	false
north	-68	3	-68	259	77	false
north	-67	-3	-67	253	85	false
north	-67	-2	-67	254	84	false
north	-67	-1	-67	255	83	false
north	-67	0	-67	256	81	false
north	-67	1	-67	257	79	false
north	-67	2	-67	258	78	false
north	-67	3	-67	259	77	false
north	-66	-3	-66	253	85	false
north	-66	-2	-66	254	84	false
north	-66	-1	-66	255	83	false
north	-66	0	-66	256	81	false
north	-66	1	-66	257	79	false
north	-66	2	-66	258	79	false
north	-66	3	-66	259	78	false
north	-65	-3	-65	253	85	false
north	-65	-2	-65	254	84	false
north	-65	-1	-65	255	83	false
north	-65	0	-65	256	82	false
north	-65	1	-65	257	80	false
north	-65	2	-65	258	79	false
north	-65	3	-65	259	78	false
north	-64	-3	-64	253	85	false
north	-64	-2	-64	254	84	false
north	-64	-1	-64	255	83	false
north	-64	0	-64	256	82	false
north	-64	1	-64	257	80	false
north	-64	2	-64	258	79	false
north	-64	3	-64	259	78	false
north	-63	-3	-63	253	85	false
north	-63	-2	-63	254	84	false
north	-63	-1	-63	255	83	false
north	-63	0	-63	256	82	false
north	-63	1	-63	257	80	false
north	-63	2	-63	258	79	false
north	-63	3	-63	259	78	false
north	-62	-3	-62	253	85	false
north	-62	-2	-62	254	84	false
north	-62	-1	-62	255	83	false
north	-62	0	-62	256	82	false
north	-62	1	-62	257	80	false
north	-62	2	-62	258	79	false
north	-62	3	-62	259	78	false
north	-61	-3	-61	253	85	false
north	-61	-2	-61	254	84	false
north	-61	-1	-61	255	83	false
north	-61	0	-61	256	82	false
north	-61	1	-61	257	80	false
north	-61	2	-61	258	79	false
north	-61	3	-61	259	78	false
north	-60	-3	-60	253	85	false
north	-60	-2	-60	254	84	false
north	-60	-1	-60	255	83	false
north	-60	0	-60	256	82	false
north	-60	1	-60	257	80	false
north	-60	2	-60	258	79	false
north	-60	3	-60	259	78	false
north	-59	-3	-59	253	85	false
north	-59	-2	-59	254	84	false
north	-59	-1	-59	255	83	false
north	-59	0	-59	256	82	false
north	-59	1	-59	257	80	false
north	-59	2	-59	258	79	false
north	-59	3	-59	259	78	false
north	-58	-3	-58	253	85	false
north	-58	-2	-58	254	84	false
north	-58	-1	-58	255	83	false
north	-58	0	-58	256	82	false
north	-58	1	-58	257	80	false
north	-58	2	-58	258	79	false
north	-58	3	-58	259	78	false
north	-57	-3	-57	253	85	false
north	-57	-2	-57	254	84	false
north	-57	-1	-57	255	83	false
north	-57	0	-57	256	82	false
north	-57	1	-57	257	80	false
north	-57	2	-57	258	79	false
north	-57	3	-57	259	78	false
north	-56	-3	-56	253	85	false
north	-56	-2	-56	254	84	false
north	-56	-1	-56	255	83	false
north	-56	0	-56	256	82	false
north	-56	1	-56	257	80	false
north	-56	2	-56	258	79	false
north	-56	3	-56	259	78	false
north	-55	-3	-55	253	85	false
north	-55	-2	-55	254	84	false
north	-55	-1	-55	255	83	false
north	-55	0	-55	256	82	false
north	-55	1	-55	257	80	false
north	-55	2	-55	258	79	false
north	-55	3	-55	259	78	false
north	-54	-3	-54	253	85	false
north	-54	-2	-54	254	84	false
north	-54	-1	-54	255	83	false
north	-54	0	-54	256	82	false
north	-54	1	-54	257	81	false
north	-54	2	-54	258	80	false
north	-54	3	-54	259	79	false
north	-53	-3	-53	253	85	false
north	-53	-2	-53	254	84	false
north	-53	-1	-53	255	83	false
north	-53	0	-53	256	82	false
north	-53	1	-53	257	81	false
north	-53	2	-53	258	80	false
north	-53	3	-53	259	79	false
north	-52	-3	-52	253	85	false
north	-52	-2	-52	254	84	false
north	-52	-1	-52	255	83	false
north	-52	0	-52	256	82	false
north	-52	1	-52	257	81	false
north	-52	2	-52	258	80	false
north	-52	3	-52	259	79	false
north	-51	-3	-51	253	85	false
north	-51	-2	-51	254	84	false
north	-51	-1	-51	255	83	false
north	-51	0	-51	256	82	false
north	-51	1	-51	257	81	false
north	-51	2	-51	258	80	false
north	-51	3	-51	259	79	false
north	-50	-3	-50	253	85	false
north	-50	-2	-50	254	84	false
north	-50	-1	-50	255	83	false
north	-50	0	-50	256	82	false
north	-50	1	-50	257	81	false
north	-50	2	-50	258	80	false
north	-50	3	-50	259	79	false
north	-49	-3	-49	253	85	false
north	-49	-2	-49	254	84	false
north	-49	-1	-49	255	83	false
north	-49	0	-49	256	82	false
north	-49	1	-49	257	81	false
north	-49	2	-49	258	80	false
north	-49	3	-49	259	79	false
north	-48	-3	-48	253	85	false
north	-48	-2	-48	254	84	false
north	-48	-1	-48	255	83	false
north	-48	0	-48	256	82	false
north	-48	1	-48	257	81	false
north	-48	2	-48	258	80	false
north	-48	3	-48	259	79	false
north	-47	-3	-47	253	85	false
north	-47	-2	-47	254	84	false
north	-47	-1	-47	255	83	false
north	-47	0	-47	256	82	false
north	-47	1	-47	257	81	false
north	-47	2	-47	258	80	false
north	-47	3	-47	259	79	false
north	-46	-3	-46	253	85	false
north	-46	-2	-46	254	84	false
north	-46	-1	-46	255	83	false
north	-46	0	-46	256	82	false
north	-46	1	-46	257	81	false
north	-46	2	-46	258	80	false
north	-46	3	-46	259	79	false
north	-45	-3	-45	253	85	false
north	-45	-2	-45	254	84	false
north	-45	-1	-45	255	83	false
north	-45	0	-45	256	82	false
north	-45	1	-45	257	81	false
north	-45	2	-45	258	80	false
north	-45	3	-45	259	79	false
north	-44	-3	-44	253	85	false
north	-44	-2	-44	254	84	false
north	-44	-1	-44	255	83	false
north	-44	0	-44	256	82	false
north	-44	1	-44	257	81	false
north	-44	2	-44	258	80	false
north	-44	3	-44	259	79	false
north	-43	-3	-43	253	85	false
north	-43	-2	-43	254	84	false
north	-43	-1	-43	255	83	false
north	-43	0	-43	256	82	false
north	-43	1	-43	257	81	false
north	-43	2	-43	258	80	false
north	-43	3	-43	259	79	false
north	-42	-3	-42	253	85	false
north	-42	-2	-42	254	84	false
north	-42	-1	-42	255	83	false
north	-42	0	-42	256	82	false
north	-42	1	-42	257	80	false
north	-42	2	-42	258	79	false
north	-42	3	-42	259	78	false
north	-41	-3	-41	253	83	false
north	-41	-2	-41	254	83	false
north	-41	-1	-41	255	81	false
north	-41	0	-41	256	80	false
north	-41	1	-41	257	78	false
north	-41	2	-41	258	78	false
north	-41	3	-41	259	77	false
north	-40	-3	-40	253	83	false
north	-40	-2	-40	254	82	false
north	-40	-1	-40	255	81	false
north	-40	0	-40	256	80	false
north	-40	1	-40	257	78	false
north	-40	2	-40	258	77	false
north	-40	3	-40	259	76	false
north	-39	-3	-39	253	83	false
north	-39	-2	-39	254	82	false
north	-39	-1	-39	255	81	false
north	-39	0	-39	256	80	false
north	-39	1	-39	257	78	false
north	-39	2	-39	258	77	false
north	-39	3	-39	259	76	false
north	-38	-3	-38	253	83	false
north	-38	-2	-38	254	82	false
north	-38	-1	-38	255	81	false
north	-38	0	-38	256	80	false
north	-38	1	-38	257	78	false
north	-38	2	-38	258	77	false
north	-38	3	-38	259	76	false
north	-37	-3	-37	253	82	false
north	-37	-2	-37	254	81	false
north	-37	-1	-37	255	81	false
north	-37	0	-37	256	80	false
north	-37	1	-37	257	78	false
north	-37	2	-37	258	77	false
north	-37	3	-37	259	76	false
north	-36	-3	-36	253	82	false
north	-36	-2	-36	254	81	false
north	-36	-1	-36	255	80	false
north	-36	0	-36	256	79	false
north	-36	1	-36	257	78	false
north	-36	2	-36	258	77	false
north	-36	3	-36	259	76	false
north	-35	-3	-35	253	82	false
north	-35	-2	-35	254	81	false
north	-35	-1	-35	255	80	false
north	-35	0	-35	256	79	false
north	-35	1	-35	257	77	false
north	-35	2	-35	258	76	false
north	-35	3	-35	259	75	false
north	-34	-3	-34	253	82	false
north	-34	-2	-34	254	81	false
north	-34	-1	-34	255	80	false
north	-34	0	-34	256	79	false
north	-34	1	-34	257	77	false
north	-34	2	-34	258	76	false
north	-34	3	-34	259	75	false
north	-33	-3	-33	253	82	false
north	-33	-2	-33	254	81	false
north	-33	-1	-33	255	80	false
north	-33	0	-33	256	79	false
north	-33	1	-33	257	77	false
north	-33	2	-33	258	76	false
north	-33	3	-33	259	75	false
north	-32	-3	-32	253	82	false
north	-32	-2	-32	254	81	false
north	-32	-1	-32	255	80	false
north	-32	0	-32	256	79	false
north	-32	1	-32	257	77	false
north	-32	2	-32	258	76	false
north	-32	3	-32	259	75	false
north	-31	-3	-31	253	82	false
north	-31	-2	-31	254	81	false
north	-31	-1	-31	255	80	false
north	-31	0	-31	256	79	false
north	-31	1	-31	257	77	false
north	-31	2	-31	258	76	false
north	-31	3	-31	259	75	false
north	-30	-3	-30	253	82	false
north	-30	-2	-30	254	81	false
north	-30	-1	-30	255	80	false
north	-30	0	-30	256	79	false
north	-30	1	-30	257	77	false
north	-30	2	-30	258	76	false
north	-30	3	-30	259	75	false
north	-29	-3	-29	253	82	false
north	-29	-2	-29	254	81	false
north	-29	-1	-29	255	80	false
north	-29	0	-29	256	79	false
north	-29	1	-29	257	77	false
north	-29	2	-29	258	76	false
north	-29	3	-29	259	75	false
north	-28	-3	-28	253	82	false
north	-28	-2	-28	254	81	false
north	-28	-1	-28	255	80	false
north	-28	0	-28	256	79	false
north	-28	1	-28	257	77	false
north	-28	2	-28	258	76	false
north	-28	3	-28	259	75	false
north	-27	-3	-27	253	82	false
north	-27	-2	-27	254	81	false
north	-27	-1	-27	255	80	false
north	-27	0	-27	256	79	false
north	-27	1	-27	257	77	false
north	-27	2	-27	258	76	false
north	-27	3	-27	259	75	false
north	-26	-3	-26	253	82	false
north	-26	-2	-26	254	81	false
north	-26	-1	-26	255	80	false
north	-26	0	-26	256	79	false
north	-26	1	-26	257	77	false
north	-26	2	-26	258	76	false
north	-26	3	-26	259	75	false
north	-25	-3	-25	253	82	false
north	-25	-2	-25	254	81	false
north	-25	-1	-25	255	80	false
north	-25	0	-25	256	78	false
north	-25	1	-25	257	77	false
north	-25	2	-25	258	76	false
north	-25	3	-25	259	75	false
north	-24	-3	-24	253	82	false
north	-24	-2	-24	254	81	false
north	-24	-1	-24	255	80	false
north	-24	0	-24	256	78	false
north	-24	1	-24	257	77	false
north	-24	2	-24	258	76	false
north	-24	3	-24	259	75	false
north	-23	-3	-23	253	82	false
north	-23	-2	-23	254	81	false
north	-23	-1	-23	255	80	false
north	-23	0	-23	256	78	false
north	-23	1	-23	257	77	false
north	-23	2	-23	258	76	false
north	-23	3	-23	259	75	false
north	-22	-3	-22	253	82	false
north	-22	-2	-22	254	81	false
north	-22	-1	-22	255	80	false
north	-22	0	-22	256	78	false
north	-22	1	-22	257	77	false
north	-22	2	-22	258	76	false
north	-22	3	-22	259	75	false
north	-21	-3	-21	253	82	false
north	-21	-2	-21	254	81	false
north	-21	-1	-21	255	80	false
north	-21	0	-21	256	78	false
north	-21	1	-21	257	76	false
north	-21	2	-21	258	76	false
north	-21	3	-21	259	75	false
north	-20	-3	-20	253	82	false
north	-20	-2	-20	254	81	false
north	-20	-1	-20	255	80	false
north	-20	0	-20	256	78	false
north	-20	1	-20	257	76	false
north	-20	2	-20	258	76	false
north	-20	3	-20	259	75	false
north	-19	-3	-19	253	82	false
north	-19	-2	-19	254	81	false
north	-19	-1	-19	255	80	false
north	-19	0	-19	256	78	false
north	-19	1	-19	257	76	false
north	-19	2	-19	258	75	false
north	-19	3	-19	259	75	false
north	-18	-3	-18	253	82	false
north	-18	-2	-18	254	81	false
north	-18	-1	-18	255	80	false
north	-18	0	-18	256	78	false
north	-18	1	-18	257	76	false
north	-18	2	-18	258	75	false
north	-18	3	-18	259	74	false
north	-17	-3	-17	253	82	false
north	-17	-2	-17	254	81	false
north	-17	-1	-17	255	80	false
north	-17	0	-17	256	78	false
north	-17	1	-17	257	76	false
north	-17	2	-17	258	75	false
north	-17	3	-17	259	74	false
north	-16	-3	-16	253	82	false
north	-16	-2	-16	254	81	false
north	-16	-1	-16	255	80	false
north	-16	0	-16	256	78	false
north	-16	1	-16	257	76	false
north	-16	2	-16	258	75	false
north	-16	3	-16	259	74	false
north	-15	-3	-15	253	82	false
north	-15	-2	-15	254	81	false
north	-15	-1	-15	255	80	false
north	-15	0	-15	256	78	false
north	-15	1	-15	257	76	false
north	-15	2	-15	258	75	false
north	-15	3	-15	259	74	false
north	-14	-3	-14	253	82	false
north	-14	-2	-14	254	81	false
north	-14	-1	-14	255	80	false
north	-14	0	-14	256	78	false
north	-14	1	-14	257	76	false
north	-14	2	-14	258	75	false
north	-14	3	-14	259	74	false
north	-13	-3	-13	253	82	false
north	-13	-2	-13	254	81	false
north	-13	-1	-13	255	80	false
north	-13	0	-13	256	78	false
north	-13	1	-13	257	76	false
north	-13	2	-13	258	75	false
north	-13	3	-13	259	74	false
north	-12	-3	-12	253	82	false
north	-12	-2	-12	254	81	false
north	-12	-1	-12	255	80	false
north	-12	0	-12	256	78	false
north	-12	1	-12	257	76	false
north	-12	2	-12	258	75	false
north	-12	3	-12	259	74	false
north	-11	-3	-11	253	82	false
north	-11	-2	-11	254	81	false
north	-11	-1	-11	255	80	false
north	-11	0	-11	256	78	false
north	-11	1	-11	257	76	false
north	-11	2	-11	258	75	false
north	-11	3	-11	259	74	false
north	-10	-3	-10	253	82	false
north	-10	-2	-10	254	81	false
north	-10	-1	-10	255	80	false
north	-10	0	-10	256	78	false
north	-10	1	-10	257	76	false
north	-10	2	-10	258	75	false
north	-10	3	-10	259	74	false
north	-9	-3	-9	253	82	false
north	-9	-2	-9	254	81	false
north	-9	-1	-9	255	80	false
north	-9	0	-9	256	78	false
north	-9	1	-9	257	76	false
north	-9	2	-9	258	75	false
north	-9	3	-9	259	74	false
north	-8	-3	-8	253	82	false
north	-8	-2	-8	254	81	false
north	-8	-1	-8	255	80	false
north	-8	0	-8	256	78	false
north	-8	1	-8	257	76	false
north	-8	2	-8	258	75	false
north	-8	3	-8	259	74	false
north	-7	-3	-7	253	82	false
north	-7	-2	-7	254	81	false
north	-7	-1	-7	255	80	false
north	-7	0	-7	256	78	false
north	-7	1	-7	257	76	false
north	-7	2	-7	258	75	false
north	-7	3	-7	259	74	false
north	-6	-3	-6	253	81	false
north	-6	-2	-6	254	81	false
north	-6	-1	-6	255	80	false
north	-6	0	-6	256	78	false
north	-6	1	-6	257	76	false
north	-6	2	-6	258	75	false
north	-6	3	-6	259	74	false
north	-5	-3	-5	253	80	false
north	-5	-2	-5	254	80	false
north	-5	-1	-5	255	80	false
north	-5	0	-5	256	78	false
north	-5	1	-5	257	76	false
north	-5	2	-5	258	75	false
north	-5	3	-5	259	74	false
north	-4	-3	-4	253	80	false
north	-4	-2	-4	254	79	false
north	-4	-1	-4	255	78	false
north	-4	0	-4	256	78	false
north	-4	1	-4	257	76	false
north	-4	2	-4	258	75	false
north	-4	3	-4	259	74	false
north	-3	-3	-3	253	80	false
north	-3	-2	-3	254	79	false
north	-3	-1	-3	255	78	false
north	-3	0	-3	256	77	false
north	-3	1	-3	257	76	false
north	-3	2	-3	258	75	false
north	-3	3	-3	259	74	false
north	-2	-3	-2	253	80	false
north	-2	-2	-2	254	79	false
north	-2	-1	-2	255	78	false
north	-2	0	-2	256	77	false
north	-2	1	-2	257	75	false
north	-2	2	-2	258	75	false
north	-2	3	-2	259	74	false
north	-1	-3	-1	253	80	false
north	-1	-2	-1	254	79	false
north	-1	-1	-1	255	78	false
north	-1	0	-1	256	77	false
north	-1	1	-1	257	75	false
north	-1	2	-1	258	74	false
north	-1	3	-1	259	73	false
north	0	-3	0	253	80	false
north	0	-2	0	254	79	false
north	0	-1	0	255	78	false
north	0	0	0	256	77	false
north	0	1	0	257	75	false
north	0	2	0	258	74	false
north	0	3	0	259	73	false
north	1	-3	1	253	80	false
north	1	-2	1	254	79	false
north	1	-1	1	255	78	false
north	1	0	1	256	77	false
north	1	1	1	257	75	false
north	1	2	1	258	74	false
north	1	3	1	259	73	false
north	2	-3	2	253	80	false
north	2	-2	2	254	79	false
north	2	-1	2	255	78	false
north	2	0	2	256	77	false
north	2	1	2	257	75	false
north	2	2	2	258	74	false
north	2	3	2	259	73	false
north	3	-3	3	253	80	false
north	3	-2	3	254	79	false
north	3	-1	3	255	78	false
north	3	0	3	256	77	false
north	3	1	3	257	75	false
north	3	2	3	258	74	false
north	3	3	3	259	73	false
north	4	-3	4	253	80	false
north	4	-2	4	254	79	false
north	4	-1	4	255	78	false
north	4	0	4	256	77	false
north	4	1	4	257	75	false
north	4	2	4	258	74	false
north	4	3	4	259	73	false
north	5	-3	5	253	80	false
north	5	-2	5	254	79	false
north	5	-1	5	255	78	false
north	5	0	5	256	77	false
north	5	1	5	257	75	false
north	5	2	5	258	74	false
north	5	3	5	259	73	false
north	6	-3	6	253	80	false
north	6	-2	6	254	79	false
north	6	-1	6	255	78	false
north	6	0	6	256	77	false
north	6	1	6	257	75	false
north	6	2	6	258	74	false
north	6	3	6	259	73	false
north	7	-3	7	253	80	false
north	7	-2	7	254	79	false
north	7	-1	7	255	78	false
north	7	0	7	256	77	false
north	7	1	7	257	75	false
north	7	2	7	258	74	false
north	7	3	7	259	73	false
north	8	-3	8	253	80	false
north	8	-2	8	254	79	false
north	8	-1	8	255	78	false
north	8	0	8	256	77	false
north	8	1	8	257	75	false
north	8	2	8	258	74	false
north	8	3	8	259	73	false
north	9	-3	9	253	80	false
north	9	-2	9	254	79	false
north	9	-1	9	255	78	false
north	9	0	9	256	77	false
north	9	1	9	257	75	false
north	9	2	9	258	74	false
north	9	3	9	259	73	false
north	10	-3	10	253	80	false
north	10	-2	10	254	79	false
north	10	-1	10	255	78	false
north	10	0	10	256	77	false
north	10	1	10	257	75	false
north	10	2	10	258	74	false
north	10	3	10	259	73	false
north	11	-3	11	253	80	false
north	11	-2	11	254	79	false
north	11	-1	11	255	78	false
north	11	0	11	256	77	false
north	11	1	11	257	75	false
north	11	2	11	258	74	false
north	11	3	11	259	73	false
north	12	-3	12	253	80	false
north	12	-2	12	254	79	false
north	12	-1	12	255	78	false
north	12	0	12	256	77	false
north	12	1	12	257	75	false
north	12	2	12	258	74	false
north	12	3	12	259	73	false
north	13	-3	13	253	80	false
north	13	-2	13	254	79	false
north	13	-1	13	255	78	false
north	13	0	13	256	77	false
north	13	1	13	257	75	false
north	13	2	13	258	74	false
north	13	3	13	259	73	false
north	14	-3	14	253	80	false
north	14	-2	14	254	79	false
north	14	-1	14	255	78	false
north	14	0	14	256	77	false
north	14	1	14	257	75	false
north	14	2	14	258	74	false
north	14	3	14	259	73	false
north	15	-3	15	253	80	false
north	15	-2	15	254	79	false
north	15	-1	15	255	78	false
north	15	0	15	256	77	false
north	15	1	15	257	75	false
north	15	2	15	258	74	false
north	15	3	15	259	73	false
north	16	-3	16	253	80	false
north	16	-2	16	254	80	false
north	16	-1	16	255	78	false
north	16	0	16	256	77	false
north	16	1	16	257	76	false
north	16	2	16	258	75	false
north	16	3	16	259	74	false
north	17	-3	17	253	81	false
north	17	-2	17	254	80	false
north	17	-1	17	255	80	false
north	17	0	17	256	78	false
north	17	1	17	257	76	false
north	17	2	17	258	75	false
north	17	3	17	259	74	false
north	18	-3	18	253	82	false
north	18	-2	18	254	81	false
north	18	-1	18	255	80	false
north	18	0	18	256	78	false
north	18	1	18	257	76	false
north	18	2	18	258	75	false
north	18	3	18	259	74	false
north	19	-3	19	253	82	false
north	19	-2	19	254	81	false
north	19	-1	19	255	80	false
north	19	0	19	256	78	false
north	19	1	19	257	77	false
north	19	2	19	258	75	false
north	19	3	19	259	74	false
north	20	-3	20	253	82	false
north	20	-2	20	254	81	false
north	20	-1	20	255	80	false
north	20	0	20	256	78	false
north	20	1	20	257	77	false
north	20	2	20	258	75	false
north	20	3	20	259	74	false
north	21	-3	21	253	82	false
north	21	-2	21	254	81	false
north	21	-1	21	255	80	false
north	21	0	21	256	78	false
north	21	1	21	257	77	false
north	21	2	21	258	75	false
north	21	3	21	259	74	false
north	22	-3	22	253	82	false
north	22	-2	22	254	81	false
north	22	-1	22	255	80	false
north	22	0	22	256	78	false
north	22	1	22	257	77	false
north	22	2	22	258	75	false
north	22	3	22	259	74	false
north	23	-3	23	253	82	false
north	23	-2	23	254	81	false
north	23	-1	23	255	80	false
north	23	0	23	256	78	false
north	23	1	23	257	77	false
north	23	2	23	258	75	false
north	23	3	23	259	74	false
north	24	-3	24	253	83	false
north	24	-2	24	254	81	false
north	24	-1	24	255	80	false
north	24	0	24	256	78	false
north	24	1	24	257	77	false
north	24	2	24	258	75	false
north	24	3	24	259	74	false
north	25	-3	25	253	83	false
north	25	-2	25	254	81	false
north	25	-1	25	255	80	false
north	25	0	25	256	79	false
north	25	1	25	257	78	false
north	25	2	25	258	76	false
north	25	3	25	259	75	false
north	26	-3	26	253	83	false
north	26	-2	26	254	82	false
north	26	-1	26	255	81	false
north	26	0	26	256	79	false
north	26	1	26	257	78	false
north	26	2	26	258	76	false
north	26	3	26	259	75	false
north	27	-3	27	253	83	false
north	27	-2	27	254	82	false
north	27	-1	27	255	81	false
north	27	0	27	256	79	false
north	27	1	27	257	78	false
north	27	2	27	258	76	false
north	27	3	27	259	75	false
north	28	-3	28	253	83	false
north	28	-2	28	254	82	false
north	28	-1	28	255	81	false
north	28	0	28	256	79	false
north	28	1	28	257	78	false
north	28	2	28	258	76	false
north	28	3	28	259	75	false
north	29	-3	29	253	83	false
north	29	-2	29	254	82	false
north	29	-1	29	255	81	false
north	29	0	29	256	79	false
north	29	1	29	257	78	false
north	29	2	29	258	76	false
north	29	3	29	259	75	false
north	30	-3	30	253	83	false
north	30	-2	30	254	82	false
north	30	-1	30	255	81	false
north	30	0	30	256	79	false
north	30	1	30	257	78	false
north	30	2	30	258	76	false
north	30	3	30	259	75	false
north	31	-3	31	253	83	false
north	31	-2	31	254	82	false
north	31	-1	31	255	81	false
north	31	0	31	256	79	false
north	31	1	31	257	78	false
north	31	2	31	258	76	false
north	31	3	31	259	75	false
north	32	-3	32	253	83	false
north	32	-2	32	254	82	false
north	32	-1	32	255	81	false
north	32	0	32	256	79	false
north	32	1	32	257	78	false
north	32	2	32	258	76	false
north	32	3	32	259	75	false
north	33	-3	33	253	83	false
north	33	-2	33	254	82	false
north	33	-1	33	255	81	false
north	33	0	33	256	79	false
north	33	1	33	257	78	false
north	33	2	33	258	76	false
north	33	3	33	259	75	false
north	34	-3	34	253	83	false
north	34	-2	34	254	82	false
north	34	-1	34	255	81	false
north	34	0	34	256	79	false
north	34	1	34	257	78	false
north	34	2	34	258	76	false
north	34	3	34	259	75	false
north	35	-3	35	253	83	false
north	35	-2	35	254	82	false
north	35	-1	35	255	81	false
north	35	0	35	256	79	false
north	35	1	35	257	78	false
north	35	2	35	258	76	false
north	35	3	35	259	75	false
north	36	-3	36	253	83	false
north	36	-2	36	254	82	false
north	36	-1	36	255	81	false
north	36	0	36	256	79	false
north	36	1	36	257	78	false
north	36	2	36	258	76	false
north	36	3	36	259	75	false
north	37	-3	37	253	83	false
north	37	-2	37	254	82	false
north	37	-1	37	255	81	false
north	37	0	37	256	79	false
north	37	1	37	257	78	false
north	37	2	37	258	76	false
north	37	3	37	259	75	false
north	38	-3	38	253	83	false
north	38	-2	38	254	82	false
north	38	-1	38	255	81	false
north	38	0	38	256	79	false
north	38	1	38	257	78	false
north	38	2	38	258	76	false
north	38	3	38	259	75	false
north	39	-3	39	253	83	false
north	39	-2	39	254	82	false
north	39	-1	39	255	81	false
north	39	0	39	256	79	false
north	39	1	39	257	78	false
north	39	2	39	258	76	false
north	39	3	39	259	75	false
north	40	-3	40	253	83	false
north	40	-2	40	254	82	false
north	40	-1	40	255	81	false
north	40	0	40	256	79	false
north	40	1	40	257	78	false
north	40	2	40	258	76	false
north	40	3	40	259	75	false
north	41	-3	41	253	83	false
north	41	-2	41	254	82	false
north	41	-1	41	255	81	false
north	41	0	41	256	79	false
north	41	1	41	257	78	false
north	41	2	41	258	76	false
north	41	3	41	259	75	false
north	42	-3	42	253	83	false
north	42	-2	42	254	82	false
north	42	-1	42	255	81	false
north	42	0	42	256	79	false
north	42	1	42	257	78	false
north	42	2	42	258	76	false
north	42	3	42	259	75	false
north	43	-3	43	253	83	false
north	43	-2	43	254	82	false
north	43	-1	43	255	81	false
north	43	0	43	256	79	false
north	43	1	43	257	78	false
north	43	2	43	258	76	false
north	43	3	43	259	75	false
north	44	-3	44	253	83	false
north	44	-2	44	254	82	false
north	44	-1	44	255	81	false
north	44	0	44	256	79	false
north	44	1	44	257	78	false
north	44	2	44	258	76	false
north	44	3	44	259	75	false
north	45	-3	45	253	83	false
north	45	-2	45	254	82	false
north	45	-1	45	255	80	false
north	45	0	45	256	79	false
north	45	1	45	257	78	false
north	45	2	45	258	76	false
north	45	3	45	259	74	false
north	46	-3	46	253	83	false
north	46	-2	46	254	82	false
north	46	-1	46	255	80	false
north	46	0	46	256	78	false
north	46	1	46	257	77	false
north	46	2	46	258	75	false
north	46	3	46	259	74	false
north	47	-3	47	253	83	false
north	47	-2	47	254	81	false
north	47	-1	47	255	80	false
north	47	0	47	256	78	false
north	47	1	47	257	77	false
north	47	2	47	258	75	false
north	47	3	47	259	74	false
north	48	-3	48	253	83	false
north	48	-2	48	254	81	false
north	48	-1	48	255	80	false
north	48	0	48	256	78	false
north	48	1	48	257	77	false
north	48	2	48	258	75	false
north	48	3	48	259	74	false
north	49	-3	49	253	83	false
north	49	-2	49	254	81	false
north	49	-1	49	255	80	false
north	49	0	49	256	78	false
north	49	1	49	257	77	false
north	49	2	49	258	75	false
north	49	3	49	259	74	false
north	50	-3	50	253	82	false
north	50	-2	50	254	80	false
north	50	-1	50	255	80	false
north	50	0	50	256	78	false
north	50	1	50	257	77	false
north	50	2	50	258	75	false
north	50	3	50	259	74	false
north	51	-3	51	253	82	false
north	51	-2	51	254	80	false
north	51	-1	51	255	78	false
north	51	0	51	256	77	false
north	51	1	51	257	76	false
north	51	2	51	258	74	false
north	51	3	51	259	73	false
north	52	-3	52	253	81	false
north	52	-2	52	254	80	false
north	52	-1	52	255	78	false
north	52	0	52	256	77	false
north	52	1	52	257	76	false
north	52	2	52	258	74	false
north	52	3	52	259	73	false
north	53	-3	53	253	80	false
north	53	-2	53	254	80	false
north	53	-1	53	255	78	false
north	53	0	53	256	77	false
north	53	1	53	257	76	false
north	53	2	53	258	74	false
north	53	3	53	259	73	false
north	54	-3	54	253	80	false
north	54	-2	54	254	79	false
north	54	-1	54	255	78	false
north	54	0	54	256	76	false
north	54	1	54	257	75	false
north	54	2	54	258	73	false
north	54	3	54	259	72	false
north	55	-3	55	253	80	false
north	55	-2	55	254	79	false
north	55	-1	55	255	78	false
north	55	0	55	256	76	false
north	55	1	55	257	75	false
north	55	2	55	258	73	false
north	55	3	55	259	72	false
north	56	-3	56	253	80	false
north	56	-2	56	254	79	false
north	56	-1	56	255	78	false
north	56	0	56	256	76	false
north	56	1	56	257	75	false
north	56	2	56	258	73	false
north	56	3	56	259	72	false
north	57	-3	57	253	80	false
north	57	-2	57	254	79	false
north	57	-1	57	255	77	false
north	57	0	57	256	76	false
north	57	1	57	257	75	false
north	57	2	57	258	73	false
north	57	3	57	259	72	false
north	58	-3	58	253	80	false
north	58	-2	58	254	78	false
north	58	-1	58	255	77	false
north	58	0	58	256	75	false
north	58	1	58	257	74	false
north	58	2	58	258	72	false
north	58	3	58	259	71	false
north	59	-3	59	253	80	false
north	59	-2	59	254	78	false
north	59	-1	59	255	77	false
north	59	0	59	256	75	false
north	59	1	59	257	74	false
north	59	2	59	258	72	false
north	59	3	59	259	71	false
north	60	-3	60	253	80	false
north	60	-2	60	254	77	false
north	60	-1	60	255	77	false
north	60	0	60	256	75	false
north	60	1	60	257	74	false
north	60	2	60	258	72	false
north	60	3	60	259	71	false
north	61	-3	61	253	79	false
north	61	-2	61	254	77	false
north	61	-1	61	255	75	false
north	61	0	61	256	74	false
north	61	1	61	257	73	false
north	61	2	61	258	71	false
north	61	3	61	259	70	false
north	62	-3	62	253	78	false
north	62	-2	62	254	77	false
north	62	-1	62	255	75	false
north	62	0	62	256	74	false
north	62	1	62	257	73	false
north	62	2	62	258	71	false
north	62	3	62	259	70	false
north	63	-3	63	253	78	false
north	63	-2	63	254	77	false
north	63	-1	63	255	75	false
north	63	0	63	256	74	false
north	63	1	63	257	73	false
north	63	2	63	258	71	false
north	63	3	63	259	70	false
north	64	-3	64	253	77	false
north	64	-2	64	254	77	false
north	64	-1	64	255	75	false
north	64	0	64	256	74	false
north	64	1	64	257	73	false
north	64	2	64	258	71	false
north	64	3	64	259	70	false
north	65	-3	65	253	77	false
north	65	-2	65	254	76	false
north	65	-1	65	255	75	false
north	65	0	65	256	74	false
north	65	1	65	257	73	false
north	65	2	65	258	71	false
north	65	3	65	259	70	false
north	66	-3	66	253	77	false
north	66	-2	66	254	76	false
north	66	-1	66	255	75	false
north	66	0	66	256	74	false
north	66	1	66	257	73	false
north	66	2	66	258	71	false
north	66	3	66	259	70	false
north	67	-3	67	253	77	false
north	67	-2	67	254	76	false
north	67	-1	67	255	75	false
north	67	0	67	256	73	false
north	67	1	67	257	72	false
north	67	2	67	258	70	false
north	67	3	67	259	69	false
north	68	-3	68	253	77	false
north	68	-2	68	254	76	false
north	68	-1	68	255	75	false
north	68	0	68	256	73	false
north	68	1	68	257	72	false
north	68	2	68	258	70	false
north	68	3	68	259	69	false
north	69	-3	69	253	77	false
north	69	-2	69	254	76	false
north	69	-1	69	255	75	false
north	69	0	69	256	73	false
north	69	1	69	257	72	false
north	69	2	69	258	70	false
north	69	3	69	259	69	false
north	70	-3	70	253	77	false
north	70	-2	70	254	76	false
north	70	-1	70	255	75	false
north	70	0	70	256	73	false
north	70	1	70	257	72	false
north	70	2	70	258	70	false
north	70	3	70	259	69	false
north	71	-3	71	253	77	false
north	71	-2	71	254	76	false
north	71	-1	71	255	75	false
north	71	0	71	256	73	false
north	71	1	71	257	72	false
north	71	2	71	258	70	false
north	71	3	71	259	69	false
north	72	-3	72	253	77	false
north	72	-2	72	254	76	false
north	72	-1	72	255	75	false
north	72	0	72	256	73	false
north	72	1	72	257	72	false
north	72	2	72	258	70	false
north	72	3	72	259	69	false
north	73	-3	73	253	77	false
north	73	-2	73	254	76	false
north	73	-1	73	255	75	false
north	73	0	73	256	73	false
north	73	1	73	257	72	false
north	73	2	73	258	70	false
north	73	3	73	259	69	false
north	74	-3	74	253	77	false
north	74	-2	74	254	76	false
north	74	-1	74	255	75	false
north	74	0	74	256	73	false
north	74	1	74	257	72	false
north	74	2	74	258	70	false
north	74	3	74	259	69	false
north	75	-3	75	253	77	false
north	75	-2	75	254	76	false
north	75	-1	75	255	75	false
north	75	0	75	256	73	false
north	75	1	75	257	72	false
north	75	2	75	258	70	false
north	75	3	75	259	69	false
north	76	-3	76	253	77	false
north	76	-2	76	254	76	false
north	76	-1	76	255	75	false
north	76	0	76	256	73	false
north	76	1	76	257	72	false
north	76	2	76	258	70	false
north	76	3	76	259	69	false
north	77	-3	77	253	77	false
north	77	-2	77	254	76	false
north	77	-1	77	255	75	false
north	77	0	77	256	73	false
north	77	1	77	257	72	false
north	77	2	77	258	70	false
north	77	3	77	259	69	false
north	78	-3	78	253	77	false
north	78	-2	78	254	76	false
north	78	-1	78	255	75	false
north	78	0	78	256	74	false
north	78	1	78	257	73	false
north	78	2	78	258	71	false
north	78	3	78	259	70	false
north	79	-3	79	253	77	false
north	79	-2	79	254	76	false
north	79	-1	79	255	75	false
north	79	0	79	256	74	false
north	79	1	79	257	73	false
north	79	2	79	258	71	false
north	79	3	79	259	70	false
north	80	-3	80	253	77	false
north	80	-2	80	254	77	false
north	80	-1	80	255	75	false
north	80	0	80	256	74	false
north	80	1	80	257	73	false
north	80	2	80	258	71	false
north	80	3	80	259	70	false
north	81	-3	81	253	78	false
north	81	-2	81	254	77	false
north	81	-1	81	255	75	false
north	81	0	81	256	74	false
north	81	1	81	257	73	false
north	81	2	81	258	71	false
north	81	3	81	259	70	false
north	82	-3	82	253	78	false
north	82	-2	82	254	77	false
north	82	-1	82	255	75	false
north	82	0	82	256	74	false
north	82	1	82	257	73	false
north	82	2	82	258	71	false
north	82	3	82	259	70	false
north	83	-3	83	253	79	false
north	83	-2	83	254	77	false
north	83	-1	83	255	75	false
north	83	0	83	256	74	false
north	83	1	83	257	73	false
north	83	2	83	258	71	false
north	83	3	83	259	70	false
north	84	-3	84	253	80	false
north	84	-2	84	254	77	false
north	84	-1	84	255	77	false
north	84	0	84	256	75	false
north	84	1	84	257	74	false
north	84	2	84	258	72	false
north	84	3	84	259	71	false
north	85	-3	85	253	80	false
north	85	-2	85	254	78	false
north	85	-1	85	255	77	false
north	85	0	85	256	75	false
north	85	1	85	257	74	false
north	85	2	85	258	72	false
north	85	3	85	259	71	false
north	86	-3	86	253	80	false
north	86	-2	86	254	78	false
north	86	-1	86	255	77	false
north	86	0	86	256	75	false
north	86	1	86	257	74	false
north	86	2	86	258	72	false
north	86	3	86	259	71	false
north	87	-3	87	253	80	false
north	87	-2	87	254	79	false
north	87	-1	87	255	77	false
north	87	0	87	256	76	false
north	87	1	87	257	75	false
north	87	2	87	258	73	false
north	87	3	87	259	72	false
north	88	-3	88	253	80	false
north	88	-2	88	254	79	false
north	88	-1	88	255	78	false
north	88	0	88	256	76	false
north	88	1	88	257	75	false
north	88	2	88	258	73	false
north	88	3	88	259	72	false
north	89	-3	89	253	80	false
north	89	-2	89	254	79	false
north	89	-1	89	255	78	false
north	89	0	89	256	76	false
north	89	1	89	257	75	false
north	89	2	89	258	73	false
north	89	3	89	259	72	false
north	90	-3	90	253	80	false
north	90	-2	90	254	79	false
north	90	-1	90	255	78	false
north	90	0	90	256	77	false
north	90	1	90	257	76	false
north	90	2	90	258	74	false
north	90	3	90	259	73	false
north	91	-3	91	253	80	false
north	91	-2	91	254	79	false
north	91	-1	91	255	78	false
north	91	0	91	256	77	false
north	91	1	91	257	76	false
north	91	2	91	258	74	false
north	91	3	91	259	73	false
north	92	-3	92	253	80	false
north	92	-2	92	254	80	false
north	92	-1	92	255	78	false
north	92	0	92	256	77	false
north	92	1	92	257	76	false
north	92	2	92	258	74	false
north	92	3	92	259	73	false
north	93	-3	93	253	81	false
north	93	-2	93	254	80	false
north	93	-1	93	255	80	false
north	93	0	93	256	78	false
north	93	1	93	257	77	false
north	93	2	93	258	75	false
north	93	3	93	259	74	false
north	94	-3	94	253	82	false
north	94	-2	94	254	81	false
north	94	-1	94	255	80	false
north	94	0	94	256	78	false
north	94	1	94	257	77	false
north	94	2	94	258	75	false
north	94	3	94	259	74	false
north	95	-3	95	253	82	false
north	95	-2	95	254	81	false
north	95	-1	95	255	80	false
north	95	0	95	256	78	false
north	95	1	95	257	77	false
north	95	2	95	258	75	false
north	95	3	95	259	74	false
north	96	-3	96	253	82	false
north	96	-2	96	254	81	false
north	96	-1	96	255	80	false
north	96	0	96	256	78	false
north	96	1	96	257	77	false
north	96	2	96	258	75	false
north	96	3	96	259	74	false
north	97	-3	97	253	83	false
north	97	-2	97	254	82	false
north	97	-1	97	255	80	false
north	97	0	97	256	79	false
north	97	1	97	257	78	false
north	97	2	97	258	76	false
north	97	3	97	259	75	false
north	98	-3	98	253	83	false
north	98	-2	98	254	82	false
north	98	-1	98	255	81	false
north	98	0	98	256	79	false
north	98	1	98	257	78	false
north	98	2	98	258	76	false
north	98	3	98	259	75	false
north	99	-3	99	253	83	false
north	99	-2	99	254	82	false
north	99	-1	99	255	81	false
north	99	0	99	256	79	false
north	99	1	99	257	78	false
north	99	2	99	258	76	false
north	99	3	99	259	75	false
north	100	-3	100	253	83	false
north	100	-2	100	254	82	false
north	100	-1	100	255	81	false
north	100	0	100	256	79	false
north	100	1	100	257	78	false
north	100	2	100	258	76	false
north	100	3	100	259	75	false
north	101	-3	101	253	83	false
north	101	-2	101	254	82	false
north	101	-1	101	255	81	false
north	101	0	101	256	79	false
north	101	1	101	257	78	false
north	101	2	101	258	76	false
north	101	3	101	259	75	false
north	102	-3	102	253	83	false
north	102	-2	102	254	82	false
north	102	-1	102	255	81	false
north	102	0	102	256	79	false
north	102	1	102	257	78	false
north	102	2	102	258	76	false
north	102	3	102	259	75	false
north	103	-3	103	253	83	false
north	103	-2	103	254	82	false
north	103	-1	103	255	81	false
north	103	0	103	256	79	false
north	103	1	103	257	78	false
north	103	2	103	258	76	false
north	103	3	103	259	75	false
north	104	-3	104	253	83	false
north	104	-2	104	254	82	false
north	104	-1	104	255	81	false
north	104	0	104	256	80	false
north	104	1	104	257	79	false
north	104	2	104	258	77	false
north	104	3	104	259	76	false
north	105	-3	105	253	83	false
north	105	-2	105	254	83	false
north	105	-1	105	255	81	false
north	105	0	105	256	80	false
north	105	1	105	257	79	false
north	105	2	105	258	77	false
north	105	3	105	259	76	false
north	106	-3	106	253	84	false
north	106	-2	106	254	83	false
north	106	-1	106	255	81	false
north	106	0	106	256	80	false
north	106	1	106	257	79	false
north	106	2	106	258	77	false
north	106	3	106	259	76	false
north	107	-3	107	253	84	false
north	107	-2	107	254	83	false
north	107	-1	107	255	81	false
north	107	0	107	256	80	false
north	107	1	107	257	79	false
north	107	2	107	258	77	false
north	107	3	107	259	76	false
north	108	-3	108	253	84	false
north	108	-2	108	254	83	false
north	108	-1	108	255	81	false
north	108	0	108	256	80	false
north	108	1	108	257	79	false
north	108	2	108	258	77	false
north	108	3	108	259	76	false
north	109	-3	109	253	84	false
north	109	-2	109	254	83	false
north	109	-1	109	255	81	false
north	109	0	109	256	80	false
north	109	1	109	257	79	false
north	109	2	109	258	77	false
north	109	3	109	259	76	false
north	110	-3	110	253	84	false
north	110	-2	110	254	83	false
north	110	-1	110	255	81	false
north	110	0	110	256	80	false
north	110	1	110	257	79	false
north	110	2	110	258	77	false
north	110	3	110	259	76	false
north	111	-3	111	253	84	false
north	111	-2	111	254	83	false
north	111	-1	111	255	81	false
north	111	0	111	256	80	false
north	111	1	111	257	79	false
north	111	2	111	258	77	false
north	111	3	111	259	76	false
north	112	-3	112	253	84	false
north	112	-2	112	254	83	false
north	112	-1	112	255	81	false
north	112	0	112	256	80	false
north	112	1	112	257	79	false
north	112	2	112	258	77	false
north	112	3	112	259	76	false
north	113	-3	113	253	84	false
north	113	-2	113	254	83	false
north	113	-1	113	255	81	false
north	113	0	113	256	80	false
north	113	1	113	257	79	false
north	113	2	113	258	77	false
north	113	3	113	259	76	false
north	114	-3	114	253	84	false
north	114	-2	114	254	83	false
north	114	-1	114	255	81	false
north	114	0	114	256	80	false
north	114	1	114	257	79	false
north	114	2	114	258	77	false
north	114	3	114	259	76	false
north	115	-3	115	253	84	false
north	115	-2	115	254	83	false
north	115	-1	115	255	81	false
north	115	0	115	256	80	false
north	115	1	115	257	79	false
north	115	2	115	258	77	false
north	115	3	115	259	76	false
north	116	-3	116	253	84	false
north	116	-2	116	254	83	false
north	116	-1	116	255	81	false
north	116	0	116	256	80	false
north	116	1	116	257	79	false
north	116	2	116	258	77	false
north	116	3	116	259	76	false
north	117	-3	117	253	84	false
north	117	-2	117	254	83	false
north	117	-1	117	255	81	false
north	117	0	117	256	80	false
north	117	1	117	257	79	false
north	117	2	117	258	77	false
north	117	3	117	259	76	false
north	118	-3	118	253	84	false
north	118	-2	118	254	83	false
north	118	-1	118	255	81	false
north	118	0	118	256	80	false
north	118	1	118	257	79	false
north	118	2	118	258	77	false
north	118	3	118	259	76	false
north	119	-3	119	253	84	false
north	119	-2	119	254	83	false
north	119	-1	119	255	81	false
north	119	0	119	256	80	false
north	119	1	119	257	79	false
north	119	2	119	258	77	false
north	119	3	119	259	76	false
north	120	-3	120	253	84	false
north	120	-2	120	254	83	false
north	120	-1	120	255	81	false
north	120	0	120	256	80	false
north	120	1	120	257	79	false
north	120	2	120	258	77	false
north	120	3	120	259	76	false
north	121	-3	121	253	84	false
north	121	-2	121	254	83	false
north	121	-1	121	255	81	false
north	121	0	121	256	80	false
north	121	1	121	257	79	false
north	121	2	121	258	77	false
north	121	3	121	259	76	false
north	122	-3	122	253	84	false
north	122	-2	122	254	83	false
north	122	-1	122	255	81	false
north	122	0	122	256	80	false
north	122	1	122	257	79	false
north	122	2	122	258	77	false
north	122	3	122	259	76	false
north	123	-3	123	253	84	false
north	123	-2	123	254	83	false
north	123	-1	123	255	81	false
north	123	0	123	256	80	false
north	123	1	123	257	79	false
north	123	2	123	258	77	false
north	123	3	123	259	76	false
north	124	-3	124	253	84	false
north	124	-2	124	254	83	false
north	124	-1	124	255	81	false
north	124	0	124	256	80	false
north	124	1	124	257	79	false
north	124	2	124	258	77	false
north	124	3	124	259	76	false
north	125	-3	125	253	84	false
north	125	-2	125	254	83	false
north	125	-1	125	255	81	false
north	125	0	125	256	80	false
north	125	1	125	257	79	false
north	125	2	125	258	77	false
north	125	3	125	259	76	false
north	126	-3	126	253	83	false
north	126	-2	126	254	83	false
north	126	-1	126	255	81	false
north	126	0	126	256	80	false
north	126	1	126	257	79	false
north	126	2	126	258	77	false
north	126	3	126	259	76	false
north	127	-3	127	253	83	false
north	127	-2	127	254	82	false
north	127	-1	127	255	81	false
north	127	0	127	256	79	false
north	127	1	127	257	78	false
north	127	2	127	258	77	false
north	127	3	127	259	76	false
north	128	-3	128	253	83	false
north	128	-2	128	254	82	false
north	128	-1	128	255	81	false
north	128	0	128	256	79	false
north	128	1	128	257	78	false
north	128	2	128	258	76	false
north	128	3	128	259	75	false
north	129	-3	129	253	83	false
north	129	-2	129	254	82	false
north	129	-1	129	255	81	false
north	129	0	129	256	79	false
north	129	1	129	257	78	false
north	129	2	129	258	76	false
north	129	3	129	259	75	false
north	130	-3	130	253	83	false
north	130	-2	130	254	82	false
north	130	-1	130	255	81	false
north	130	0	130	256	79	false
north	130	1	130	257	78	false
north	130	2	130	258	76	false
north	130	3	130	259	75	false
north	131	-3	131	253	83	false
north	131	-2	131	254	82	false
north	131	-1	131	255	81	false
north	131	0	131	256	79	false
north	131	1	131	257	78	false
north	131	2	131	258	76	false
north	131	3	131	259	75	false
north	132	-3	132	253	83	false
north	132	-2	132	254	82	false
north	132	-1	132	255	81	false
north	132	0	132	256	79	false
north	132	1	132	257	78	false
north	132	2	132	258	76	false
north	132	3	132	259	75	false
north	133	-3	133	253	83	false
north	133	-2	133	254	82	false
north	133	-1	133	255	81	false
north	133	0	133	256	79	false
north	133	1	133	257	78	false
north	133	2	133	258	76	false
north	133	3	133	259	75	false
north	134	-3	134	253	83	false
north	134	-2	134	254	82	false
north	134	-1	134	255	81	false
north	134	0	134	256	79	false
north	134	1	134	257	78	false
north	134	2	134	258	76	false
north	134	3	134	259	75	false
north	135	-3	135	253	83	false
north	135	-2	135	254	82	false
north	135	-1	135	255	81	false
north	135	0	135	256	79	false
north	135	1	135	257	78	false
north	135	2	135	258	76	false
north	135	3	135	259	75	false
north	136	-3	136	253	83	false
north	136	-2	136	254	82	false
north	136	-1	136	255	81	false
north	136	0	136	256	79	false
north	136	1	136	257	78	false
north	136	2	136	258	76	false
north	136	3	136	259	75	false
north	137	-3	137	253	83	false
north	137	-2	137	254	82	false
north	137	-1	137	255	81	false
north	137	0	137	256	79	false
north	137	1	137	257	78	false
north	137	2	137	258	76	false
north	137	3	137	259	75	false
north	138	-3	138	253	83	false
north	138	-2	138	254	82	false
north	138	-1	138	255	81	false
north	138	0	138	256	79	false
north	138	1	138	257	78	false
north	138	2	138	258	76	false
north	138	3	138	259	75	false
north	139	-3	139	253	83	false
north	139	-2	139	254	82	false
north	139	-1	139	255	81	false
north	139	0	139	256	79	false
north	139	1	139	257	78	false
north	139	2	139	258	76	false
north	139	3	139	259	75	false
north	140	-3	140	253	83	false
north	140	-2	140	254	82	false
north	140	-1	140	255	81	false
north	140	0	140	256	79	false
north	140	1	140	257	78	false
north	140	2	140	258	76	false
north	140	3	140	259	75	false
north	141	-3	141	253	83	false
north	141	-2	141	254	82	false
north	141	-1	141	255	81	false
north	141	0	141	256	79	false
north	141	1	141	257	78	false
north	141	2	141	258	76	false
north	141	3	141	259	75	false
north	142	-3	142	253	83	false
north	142	-2	142	254	82	false
north	142	-1	142	255	81	false
north	142	0	142	256	79	false
north	142	1	142	257	78	false
north	142	2	142	258	76	false
north	142	3	142	259	75	false
north	143	-3	143	253	83	false
north	143	-2	143	254	83	false
north	143	-1	143	255	81	false
north	143	0	143	256	79	false
north	143	1	143	257	78	false
north	143	2	143	258	77	false
north	143	3	143	259	76	false
north	144	-3	144	253	84	false
north	144	-2	144	254	83	false
north	144	-1	144	255	81	false
north	144	0	144	256	80	false
north	144	1	144	257	79	false
north	144	2	144	258	77	false
north	144	3	144	259	76	false
north	145	-3	145	253	84	false
north	145	-2	145	254	83	false
north	145	-1	145	255	81	false
north	145	0	145	256	80	false
north	145	1	145	257	79	false
north	145	2	145	258	77	false
north	145	3	145	259	76	false
north	146	-3	146	253	84	false
north	146	-2	146	254	83	false
north	146	-1	146	255	81	false
north	146	0	146	256	80	false
north	146	1	146	257	79	false
north	146	2	146	258	77	false
north	146	3	146	259	76	false
north	147	-3	147	253	84	false
north	147	-2	147	254	83	false
north	147	-1	147	255	81	false
north	147	0	147	256	80	false
north	147	1	147	257	79	false
north	147	2	147	258	77	false
north	147	3	147	259	76	false
north	148	-3	148	253	84	false
north	148	-2	148	254	83	false
north	148	-1	148	255	81	false
north	148	0	148	256	80	false
north	148	1	148	257	79	false
north	148	2	148	258	77	false
north	148	3	148	259	76	false
north	149	-3	149	253	84	false
north	149	-2	149	254	83	false
north	149	-1	149	255	81	false
north	149	0	149	256	80	false
north	149	1	149	257	79	false
north	149	2	149	258	77	false
north	149	3	149	259	76	false
north	150	-3	150	253	83	false
north	150	-2	150	254	83	false
north	150	-1	150	255	81	false
north	150	0	150	256	80	false
north	150	1	150	257	79	false
north	150	2	150	258	77	false
north	150	3	150	259	76	false
north	151	-3	151	253	83	false
north	151	-2	151	254	82	false
north	151	-1	151	255	81	false
north	151	0	151	256	80	false
north	151	1	151	257	79	false
north	151	2	151	258	77	false
north	151	3	151	259	76	false
north	152	-3	152	253	83	false
north	152	-2	152	254	83	false
north	152	-1	152	255	81	false
north	152	0	152	256	81	false
north	152	1	152	257	80	false
north	152	2	152	258	78	false
north	152	3	152	259	77	false
north	153	-3	153	253	84	false
north	153	-2	153	254	83	false
north	153	-1	153	255	83	false
north	153	0	153	256	81	false
north	153	1	153	257	80	false
north	153	2	153	258	78	false
north	153	3	153	259	77	false
north	154	-3	154	253	85	false
north	154	-2	154	254	84	false
north	154	-1	154	255	83	false
north	154	0	154	256	81	false
north	154	1	154	257	80	false
north	154	2	154	258	78	false
north	154	3	154	259	77	false
north	155	-3	155	253	85	false
north	155	-2	155	254	84	false
north	155	-1	155	255	83	false
north	155	0	155	256	81	false
north	155	1	155	257	80	false
north	155	2	155	258	78	false
north	155	3	155	259	77	false
north	156	-3	156	253	85	false
north	156	-2	156	254	84	false
north	156	-1	156	255	83	false
north	156	0	156	256	81	false
north	156	1	156	257	80	false
north	156	2	156	258	78	false
north	156	3	156	259	77	false
north	157	-3	157	253	85	false
north	157	-2	157	254	84	false
north	157	-1	157	255	83	false
north	157	0	157	256	81	false
north	157	1	157	257	79	false
north	157	2	157	258	78	false
north	157	3	157	259	77	false
north	158	-3	158	253	85	false
north	158	-2	158	254	84	false
north	158	-1	158	255	83	false
north	158	0	158	256	81	false
north	158	1	158	257	79	false
north	158	2	158	258	78	false
north	158	3	158	259	77	false
north	159	-3	159	253	85	false
north	159	-2	159	254	84	false
north	159	-1	159	255	83	false
north	159	0	159	256	81	false
north	159	1	159	257	79	false
north	159	2	159	258	78	false
north	159	3	159	259	77	false
north	160	-3	160	253	85	false
north	160	-2	160	254	84	false
north	160	-1	160	255	83	false
north	160	0	160	256	81	false
north	160	1	160	257	79	false
north	160	2	160	258	78	false
north	160	3	160	259	77	false
north	161	-3	161	253	84	false
north	161	-2	161	254	84	false
north	161	-1	161	255	83	false
north	161	0	161	256	81	false
north	161	1	161	257	79	false
north	161	2	161	258	78	false
north	161	3	161	259	77	false
north	162	-3	162	253	84	false
north	162	-2	162	254	83	false
north	162	-1	162	255	83	false
north	162	0	162	256	81	false
north	162	1	162	257	79	false
north	162	2	162	258	78	false
north	162	3	162	259	77	false
north	163	-3	163	253	84	false
north	163	-2	163	254	83	false
north	163	-1	163	255	82	false
north	163	0	163	256	81	false
north	163	1	163	257	79	false
north	163	2	163	258	78	false
north	163	3	163	259	77	false
north	164	-3	164	253	84	false
north	164	-2	164	254	83	false
north	164	-1	164	255	82	false
north	164	0	164	256	81	false
north	164	1	164	257	79	false
north	164	2	164	258	78	false
north	164	3	164	259	77	false
north	165	-3	165	253	84	false
north	165	-2	165	254	83	false
north	165	-1	165	255	82	false
north	165	0	165	256	81	false
north	165	1	165	257	79	false
north	165	2	165	258	78	false
north	165	3	165	259	77	false
north	166	-3	166	253	84	false
north	166	-2	166	254	83	false
north	166	-1	166	255	82	false
north	166	0	166	256	81	false
north	166	1	166	257	79	false
north	166	2	166	258	78	false
north	166	3	166	259	77	false
north	167	-3	167	253	84	false
north	167	-2	167	254	83	false
north	167	-1	167	255	82	false
north	167	0	167	256	81	false
north	167	1	167	257	79	false
north	167	2	167	258	78	false
north	167	3	167	259	77	false
north	168	-3	168	253	84	false
north	168	-2	168	254	83	false
north	168	-1	168	255	82	false
north	168	0	168	256	81	false
north	168	1	168	257	79	false
north	168	2	168	258	78	false
north	168	3	168	259	77	false
north	169	-3	169	253	83	false
north	169	-2	169	254	83	false
north	169	-1	169	255	82	false
north	169	0	169	256	81	false
north	169	1	169	257	79	false
north	169	2	169	258	78	false
north	169	3	169	259	77	false
north	170	-3	170	253	83	false
north	170	-2	170	254	82	false
north	170	-1	170	255	82	false
north	170	0	170	256	81	false
north	170	1	170	257	79	false
north	170	2	170	258	78	false
north	170	3	170	259	77	false
north	171	-3	171	253	83	false
north	171	-2	171	254	82	false
north	171	-1	171	255	81	false
north	171	0	171	256	80	false
north	171	1	171	257	79	false
north	171	2	171	258	78	false
north	171	3	171	259	77	false
north	172	-3	172	253	83	false
north	172	-2	172	254	82	false
north	172	-1	172	255	81	false
north	172	0	172	256	80	false
north	172	1	172	257	78	false
north	172	2	172	258	77	false
north	172	3	172	259	76	false
north	173	-3	173	253	83	false
north	173	-2	173	254	82	false
north	173	-1	173	255	81	false
north	173	0	173	256	80	false
north	173	1	173	257	78	false
north	173	2	173	258	77	false
north	173	3	173	259	76	false
north	174	-3	174	253	83	false
north	174	-2	174	254	82	false
north	174	-1	174	255	81	false
north	174	0	174	256	80	false
north	174	1	174	257	78	false
north	174	2	174	258	77	false
north	174	3	174	259	76	false
north	175	-3	175	253	82	false
north	175	-2	175	254	81	false
north	175	-1	175	255	81	false
north	175	0	175	256	80	false
north	175	1	175	257	78	false
north	175	2	175	258	77	false
north	175	3	175	259	76	false
north	176	-3	176	253	82	false
north	176	-2	176	254	81	false
north	176	-1	176	255	80	false
north	176	0	176	256	79	false
north	176	1	176	257	77	false
north	176	2	176	258	77	false
north	176	3	176	259	76	false
north	177	-3	177	253	82	false
north	177	-2	177	254	81	false
north	177	-1	177	255	80	false
north	177	0	177	256	79	false
north	177	1	177	257	77	false
north	177	2	177	258	76	false
north	177	3	177	259	75	false
north	178	-3	178	253	81	false
north	178	-2	178	254	81	false
north	178	-1	178	255	80	false
north	178	0	178	256	79	false
north	178	1	178	257	77	false
north	178	2	178	258	76	false
north	178	3	178	259	75	false
north	179	-3	179	253	81	false
north	179	-2	179	254	80	false
north	179	-1	179	255	80	false
north	179	0	179	256	78	false
north	179	1	179	257	77	false
north	179	2	179	258	76	false
north	179	3	179	259	75	false
north	180	-3	180	253	81	false
north	180	-2	180	254	80	false
north	180	-1	180	255	79	false
north	180	0	180	256	78	false
north	180	1	180	257	76	false
north	180	2	180	258	75	false
north	180	3	180	259	74	false
north	181	-3	181	253	81	false
north	181	-2	181	254	80	false
north	181	-1	181	255	79	false
north	181	0	181	256	78	false
north	181	1	181	257	76	false
north	181	2	181	258	75	false
north	181	3	181	259	74	false
north	182	-3	182	253	80	false
north	182	-2	182	254	80	false
north	182	-1	182	255	78	false
north	182	0	182	256	77	false
north	182	1	182	257	75	false
north	182	2	182	258	74	false
north	182	3	182	259	73	false
north	183	-3	183	253	80	false
north	183	-2	183	254	79	false
north	183	-1	183	255	78	false
north	183	0	183	256	77	false
north	183	1	183	257	75	false
north	183	2	183	258	74	false
north	183	3	183	259	73	false
north	184	-3	184	253	80	false
north	184	-2	184	254	78	false
north	184	-1	184	255	78	false
north	184	0	184	256	76	false
north	184	1	184	257	75	false
north	184	2	184	258	74	false
north	184	3	184	259	73	false
north	185	-3	185	253	79	false
north	185	-2	185	254	78	false
north	185	-1	185	255	77	false
north	185	0	185	256	76	false
north	185	1	185	257	74	false
north	185	2	185	258	73	false
north	185	3	185	259	71	false
north	186	-3	186	253	78	false
north	186	-2	186	254	78	false
north	186	-1	186	255	77	false
north	186	0	186	256	76	false
north	186	1	186	257	74	false
north	186	2	186	258	73	false
north	186	3	186	259	71	false
north	187	-3	187	253	78	false
north	187	-2	187	254	77	false
north	187	-1	187	255	77	false
north	187	0	187	256	75	false
north	187	1	187	257	73	false
north	187	2	187	258	72	false
north	187	3	187	259	71	false
north	188	-3	188	253	78	false
north	188	-2	188	254	77	false
north	188	-1	188	255	76	false
north	188	0	188	256	75	false
north	188	1	188	257	73	false
north	188	2	188	258	72	false
north	188	3	188	259	70	false
north	189	-3	189	253	77	false
north	189	-2	189	254	77	false
north	189	-1	189	255	75	false
north	189	0	189	256	75	false
north	189	1	189	257	73	false
north	189	2	189	258	72	false
north	189	3	189	259	70	false
north	190	-3	190	253	77	false
north	190	-2	190	254	76	false
north	190	-1	190	255	75	false
north	190	0	190	256	74	false
north	190	1	190	257	72	false
north	190	2	190	258	71	false
north	190	3	190	259	70	false
north	191	-3	191	253	77	false
north	191	-2	191	254	76	false
north	191	-1	191	255	75	false
north	191	0	191	256	73	false
north	191	1	191	257	72	false
north	191	2	191	258	71	false
north	191	3	191	259	69	false
north	192	-3	192	253	77	false
north	192	-2	192	254	76	false
north	192	-1	192	255	75	false
north	192	0	192	256	73	false
north	192	1	192	257	72	false
north	192	2	192	258	71	false
north	192	3	192	259	69	false
north	193	-3	193	253	76	false
north	193	-2	193	254	75	false
north	193	-1	193	255	74	false
north	193	0	193	256	73	false
north	193	1	193	257	72	false
north	193	2	193	258	71	false
north	193	3	193	259	69	false
north	194	-3	194	253	76	false
north	194	-2	194	254	75	false
north	194	-1	194	255	74	false
north	194	0	194	256	72	false
north	194	1	194	257	71	false
north	194	2	194	258	71	false
north	194	3	194	259	69	false
north	195	-3	195	253	76	false
north	195	-2	195	254	75	false
north	195	-1	195	255	74	false
north	195	0	195	256	72	false
north	195	1	195	257	71	false
north	195	2	195	258	70	false
north	195	3	195	259	69	false
north	196	-3	196	253	76	false
north	196	-2	196	254	75	false
north	196	-1	196	255	74	false
north	196	0	196	256	72	false
north	196	1	196	257	71	false
north	196	2	196	258	70	false
north	196	3	196	259	69	false
north	197	-3	197	253	76	false
north	197	-2	197	254	75	false
north	197	-1	197	255	74	false
north	197	0	197	256	72	false
north	197	1	197	257	71	false
north	197	2	197	258	70	false
north	197	3	197	259	68	false
north	198	-3	198	253	76	false
north	198	-2	198	254	75	false
north	198	-1	198	255	74	false
north	198	0	198	256	72	false
north	198	1	198	257	71	false
north	198	2	198	258	70	false
north	198	3	198	259	68	false
north	199	-3	199	253	76	false
north	199	-2	199	254	75	false
north	199	-1	199	255	74	false
north	199	0	199	256	72	false
north	199	1	199	257	71	false
north	199	2	199	258	70	false
north	199	3	199	259	68	false
north	200	-3	200	253	76	false
north	200	-2	200	254	75	false
north	200	-1	200	255	74	false
north	200	0	200	256	72	false
north	200	1	200	257	71	false
north	200	2	200	258	70	false
north	200	3	200	259	68	false
north	201	-3	201	253	76	false
north	201	-2	201	254	75	false
north	201	-1	201	255	74	false
north	201	0	201	256	72	false
north	201	1	201	257	71	false
north	201	2	201	258	70	false
north	201	3	201	259	68	false
north	202	-3	202	253	76	false
north	202	-2	202	254	75	false
north	202	-1	202	255	74	false
north	202	0	202	256	72	false
north	202	1	202	257	71	false
north	202	2	202	258	70	false
north	202	3	202	259	68	false
north	203	-3	203	253	76	false
north	203	-2	203	254	75	false
north	203	-1	203	255	74	false
north	203	0	203	256	72	false
north	203	1	203	257	71	false
north	203	2	203	258	70	false
north	203	3	203	259	68	false
north	204	-3	204	253	76	false
north	204	-2	204	254	75	false
north	204	-1	204	255	74	false
north	204	0	204	256	72	false
north	204	1	204	257	71	false
north	204	2	204	258	70	false
north	204	3	204	259	69	false
north	205	-3	205	253	75	false
north	205	-2	205	254	75	false
north	205	-1	205	255	74	false
north	205	0	205	256	72	false
north	205	1	205	257	71	false
north	205	2	205	258	70	false
north	205	3	205	259	69	false
north	206	-3	206	253	75	false
north	206	-2	206	254	74	false
north	206	-1	206	255	74	false
north	206	0	206	256	72	false
north	206	1	206	257	71	false
north	206	2	206	258	71	false
north	206	3	206	259	69	false
north	207	-3	207	253	75	false
north	207	-2	207	254	74	false
north	207	-1	207	255	74	false
north	207	0	207	256	72	false
north	207	1	207	257	72	false
north	207	2	207	258	71	false
north	207	3	207	259	69	false
north	208	-3	208	253	75	false
north	208	-2	208	254	75	false
north	208	-1	208	255	74	false
north	208	0	208	256	73	false
north	208	1	208	257	72	false
north	208	2	208	258	71	false
north	208	3	208	259	69	false
north	209	-3	209	253	76	false
north	209	-2	209	254	75	false
north	209	-1	209	255	74	false
north	209	0	209	256	73	false
north	209	1	209	257	72	false
north	209	2	209	258	71	false
north	209	3	209	259	69	false
north	210	-3	210	253	76	false
north	210	-2	210	254	75	false
north	210	-1	210	255	74	false
north	210	0	210	256	73	false
north	210	1	210	257	72	false
north	210	2	210	258	71	false
north	210	3	210	259	69	false
north	211	-3	211	253	77	false
north	211	-2	211	254	75	false
north	211	-1	211	255	74	false
north	211	0	211	256	73	false
north	211	1	211	257	72	false
north	211	2	211	258	71	false
north	211	3	211	259	70	false
north	212	-3	212	253	77	false
north	212	-2	212	254	75	false
north	212	-1	212	255	75	false
north	212	0	212	256	74	false
north	212	1	212	257	73	false
north	212	2	212	258	71	false
north	212	3	212	259	69	false
north	213	-3	213	253	77	false
north	213	-2	213	254	77	false
north	213	-1	213	255	75	false
north	213	0	213	256	74	false
north	213	1	213	257	73	false
north	213	2	213	258	71	false
north	213	3	213	259	69	false
north	214	-3	214	253	78	false
north	214	-2	214	254	77	false
north	214	-1	214	255	75	false
north	214	0	214	256	74	false
north	214	1	214	257	73	false
north	214	2	214	258	71	false
north	214	3	214	259	69	false
north	215	-3	215	253	78	false
north	215	-2	215	254	77	false
north	215	-1	215	255	76	false
north	215	0	215	256	75	false
north	215	1	215	257	73	false
north	215	2	215	258	72	false
north	215	3	215	259	70	false
north	216	-3	216	253	78	false
north	216	-2	216	254	77	false
north	216	-1	216	255	76	false
north	216	0	216	256	74	false
north	216	1	216	257	73	false
north	216	2	216	258	72	false
north	216	3	216	259	70	false
north	217	-3	217	253	78	false
north	217	-2	217	254	77	false
north	217	-1	217	255	75	false
north	217	0	217	256	74	false
north	217	1	217	257	73	false
north	217	2	217	258	72	false
north	217	3	217	259	70	false
north	218	-3	218	253	78	false
north	218	-2	218	254	77	false
north	218	-1	218	255	77	false
north	218	0	218	256	75	false
north	218	1	218	257	74	false
north	218	2	218	258	73	false
north	218	3	218	259	71	false
north	219	-3	219	253	79	false
north	219	-2	219	254	78	false
north	219	-1	219	255	77	false
north	219	0	219	256	75	false
north	219	1	219	257	74	false
north	219	2	219	258	73	false
north	219	3	219	259	71	false
north	220	-3	220	253	80	false
north	220	-2	220	254	78	false
north	220	-1	220	255	77	false
north	220	0	220	256	75	false
north	220	1	220	257	74	false
north	220	2	220	258	73	false
north	220	3	220	259	71	false
north	221	-3	221	253	80	false
north	221	-2	221	254	79	false
north	221	-1	221	255	77	false
north	221	0	221	256	76	false
north	221	1	221	257	75	false
north	221	2	221	258	74	false
north	221	3	221	259	72	false
north	222	-3	222	253	80	false
north	222	-2	222	254	79	false
north	222	-1	222	255	78	false
north	222	0	222	256	76	false
north	222	1	222	257	75	false
north	222	2	222	258	74	false
north	222	3	222	259	72	false
north	223	-3	223	253	80	false
north	223	-2	223	254	80	false
north	223	-1	223	255	78	false
north	223	0	223	256	76	false
north	223	1	223	257	75	false
north	223	2	223	258	74	false
north	223	3	223	259	72	false
north	224	-3	224	253	81	false
north	224	-2	224	254	80	false
north	224	-1	224	255	78	false
north	224	0	224	256	76	false
north	224	1	224	257	75	false
north	224	2	224	258	74	false
north	224	3	224	259	72	false
north	225	-3	225	253	81	false
north	225	-2	225	254	80	false
north	225	-1	225	255	78	false
north	225	0	225	256	77	false
north	225	1	225	257	76	false
north	225	2	225	258	75	false
north	225	3	225	259	73	false
north	226	-3	226	253	81	false
north	226	-2	226	254	80	false
north	226	-1	226	255	78	false
north	226	0	226	256	77	false
north	226	1	226	257	76	false
north	226	2	226	258	75	false
north	226	3	226	259	73	false
north	227	-3	227	253	81	false
north	227	-2	227	254	80	false
north	227	-1	227	255	78	false
north	227	0	227	256	77	false
north	227	1	227	257	76	false
north	227	2	227	258	75	false
north	227	3	227	259	73	false
north	228	-3	228	253	81	false
north	228	-2	228	254	80	false
north	228	-1	228	255	78	false
north	228	0	228	256	77	false
north	228	1	228	257	76	false
north	228	2	228	258	75	false
north	228	3	228	259	73	false
north	229	-3	229	253	81	false
north	229	-2	229	254	80	false
north	229	-1	229	255	78	false
north	229	0	229	256	77	false
north	229	1	229	257	76	false
north	229	2	229	258	75	false
north	229	3	229	259	73	false
north	230	-3	230	253	82	false
north	230	-2	230	254	80	false
north	230	-1	230	255	78	false
north	230	0	230	256	77	false
north	230	1	230	257	76	false
north	230	2	230	258	75	false
north	230	3	230	259	73	false
north	231	-3	231	253	82	false
north	231	-2	231	254	80	false
north	231	-1	231	255	80	false
north	231	0	231	256	78	false
north	231	1	231	257	76	false
north	231	2	231	258	75	false
north	231	3	231	259	73	false
north	232	-3	232	253	82	false
north	232	-2	232	254	81	false
north	232	-1	232	255	80	false
north	232	0	232	256	78	false
north	232	1	232	257	77	false
north	232	2	232	258	76	false
north	232	3	232	259	73	false
north	233	-3	233	253	82	false
north	233	-2	233	254	81	false
north	233	-1	233	255	80	false
north	233	0	233	256	78	false
north	233	1	233	257	77	false
north	233	2	233	258	76	false
north	233	3	233	259	74	false
north	234	-3	234	253	82	false
north	234	-2	234	254	81	false
north	234	-1	234	255	80	false
north	234	0	234	256	78	false
north	234	1	234	257	77	false
north	234	2	234	258	75	false
north	234	3	234	259	74	false
north	235	-3	235	253	82	false
north	235	-2	235	254	81	false
north	235	-1	235	255	80	false
north	235	0	235	256	78	false
north	235	1	235	257	77	false
north	235	2	235	258	75	false
north	235	3	235	259	74	false
north	236	-3	236	253	82	false
north	236	-2	236	254	81	false
north	236	-1	236	255	80	false
north	236	0	236	256	78	false
north	236	1	236	257	76	false
north	236	2	236	258	75	false
north	236	3	236	259	74	false
north	237	-3	237	253	82	false
north	237	-2	237	254	81	false
north	237	-1	237	255	80	false
north	237	0	237	256	78	false
north	237	1	237	257	76	false
north	237	2	237	258	75	false
north	237	3	237	259	73	false
north	238	-3	238	253	82	false
north	238	-2	238	254	81	false
north	238	-1	238	255	80	false
north	238	0	238	256	78	false
north	238	1	238	257	76	false
north	238	2	238	258	75	false
north	238	3	238	259	73	false
north	239	-3	239	253	82	false
north	239	-2	239	254	81	false
north	239	-1	239	255	80	false
north	239	0	239	256	78	false
north	239	1	239	257	76	false
north	239	2	239	258	75	false
north	239	3	239	259	73	false
north	240	-3	240	253	81	false
north	240	-2	240	254	81	false
north	240	-1	240	255	80	false
north	240	0	240	256	78	false
north	240	1	240	257	76	false
north	240	2	240	258	75	false
north	240	3	240	259	73	false
north	241	-3	241	253	81	false
north	241	-2	241	254	80	false
north	241	-1	241	255	80	false
north	241	0	241	256	78	false
north	241	1	241	257	76	false
north	241	2	241	258	75	false
north	241	3	241	259	73	false
north	242	-3	242	253	81	false
north	242	-2	242	254	80	false
north	242	-1	242	255	79	false
north	242	0	242	256	78	false
north	242	1	242	257	76	false
north	242	2	242	258	75	false
north	242	3	242	259	72	false
north	243	-3	243	253	81	false
north	243	-2	243	254	80	false
north	243	-1	243	255	79	false
north	243	0	243	256	77	false
north	243	1	243	257	76	false
north	243	2	243	258	75	false
north	243	3	243	259	72	false
north	244	-3	244	253	81	false
north	244	-2	244	254	80	false
north	244	-1	244	255	79	false
north	244	0	244	256	77	false
north	244	1	244	257	75	false
north	244	2	244	258	74	false
north	244	3	244	259	72	false
north	245	-3	245	253	81	false
north	245	-2	245	254	80	false
north	245	-1	245	255	79	false
north	245	0	245	256	77	false
north	245	1	245	257	75	false
north	245	2	245	258	74	false
north	245	3	245	259	72	false
north	246	-3	246	253	81	false
north	246	-2	246	254	80	false
north	246	-1	246	255	78	false
north	246	0	246	256	77	false
north	246	1	246	257	75	false
north	246	2	246	258	74	false
north	246	3	246	259	72	false
north	247	-3	247	253	81	false
north	247	-2	247	254	80	false
north	247	-1	247	255	78	false
north	247	0	247	256	77	false
north	247	1	247	257	75	false
north	247	2	247	258	74	false
north	247	3	247	259	72	false
north	248	-3	248	253	81	false
north	248	-2	248	254	80	false
north	248	-1	248	255	78	false
north	248	0	248	256	77	false
north	248	1	248	257	75	false
north	248	2	248	258	74	false
north	248	3	248	259	72	false
north	249	-3	249	253	80	false
north	249	-2	249	254	80	false
north	249	-1	249	255	78	false
north	249	0	249	256	77	false
north	249	1	249	257	75	false
north	249	2	249	258	74	false
north	249	3	249	259	72	false
north	250	-3	250	253	80	false
north	250	-2	250	254	79	false
north	250	-1	250	255	78	false
north	250	0	250	256	77	false
north	250	1	250	257	75	false
north	250	2	250	258	74	false
north	250	3	250	259	71	false
north	251	-3	251	253	80	false
north	251	-2	251	254	79	false
north	251	-1	251	255	77	false
north	251	0	251	256	77	false
north	251	1	251	257	75	false
north	251	2	251	258	73	false
north	251	3	251	259	71	false
north	252	-3	252	253	80	false
north	252	-2	252	254	79	false
north	252	-1	252	255	77	false
north	252	0	252	256	75	false
north	252	1	252	257	75	false
north	252	2	252	258	73	false
north	252	3	252	259	71	false
north	253	-3	253	253	80	false
north	253	-2	253	254	78	false
north	253	-1	253	255	77	false
north	253	0	253	256	75	false
north	253	1	253	257	74	false
north	253	2	253	258	73	false
north	253	3	253	259	71	false
north	254	-3	254	253	80	false
north	254	-2	254	254	78	false
north	254	-1	254	255	77	false
north	254	0	254	256	75	false
north	254	1	254	257	74	false
north	254	2	254	258	72	false
north	254	3	254	259	71	false
north	255	-3	255	253	80	false
north	255	-2	255	254	78	false
north	255	-1	255	255	77	false
north	255	0	255	256	75	false
north	255	1	255	257	74	false
north	255	2	255	258	72	false
north	255	3	255	259	71	false
north	256	-3	256	253	80	false
north	256	-2	256	254	78	false
north	256	-1	256	255	77	false
north	256	0	256	256	75	false
north	256	1	256	257	74	false
north	256	2	256	258	72	false
north	256	3	256	259	71	false
north	257	-3	257	253	79	false
north	257	-2	257	254	78	false
north	257	-1	257	255	77	false
north	257	0	257	256	75	false
north	257	1	257	257	74	false
north	257	2	257	258	72	false
north	257	3	257	259	71	false
north	258	-3	258	253	79	false
north	258	-2	258	254	78	false
north	258	-1	258	255	77	false
north	258	0	258	256	75	false
north	258	1	258	257	74	false
north	258	2	258	258	72	false
north	258	3	258	259	71	false
north	259	-3	259	253	79	false
north	259	-2	259	254	78	false
north	259	-1	259	255	77	false
north	259	0	259	256	75	false
north	259	1	259	257	74	false
north	259	2	259	258	72	false
north	259	3	259	259	70	false
north	260	-3	260	253	79	false
north	260	-2	260	254	78	false
north	260	-1	260	255	77	false
north	260	0	260	256	75	false
north	260	1	260	257	74	false
north	260	2	260	258	72	false
north	260	3	260	259	70	false
north	261	-3	261	253	78	false
north	261	-2	261	254	78	false
north	261	-1	261	255	77	false
north	261	0	261	256	75	false
north	261	1	261	257	74	false
north	261	2	261	258	72	false
north	261	3	261	259	70	false
north	262	-3	262	253	78	false
north	262	-2	262	254	77	false
north	262	-1	262	255	77	false
north	262	0	262	256	75	false
north	262	1	262	257	74	false
north	262	2	262	258	72	false
north	262	3	262	259	70	false
north	263	-3	263	253	78	false
north	263	-2	263	254	77	false
north	263	-1	263	255	76	false
north	263	0	263	256	75	false
north	263	1	263	257	74	false
north	263	2	263	258	72	false
north	263	3	263	259	70	false
north	264	-3	264	253	78	false
north	264	-2	264	254	77	false
north	264	-1	264	255	76	false
north	264	0	264	256	75	false
north	264	1	264	257	74	false
north	264	2	264	258	72	false
north	264	3	264	259	71	false
