WARNING[Main]: /!\ You are using the old mod storage files backend. This backend is deprecated and may be removed in a future release /!\
WARNING[Main]: Switching to SQLite3 is advised, please read https://docs.luanti.org/for-server-hosts/database-backends.
[MOD] Mobs Redo loaded
ACTION[Main]: [grug_materials] 12 tools completing the six-tier pick/axe/shovel ladder
WARNING[Main]: No craft recipe matches input (type: fuel, items: ['default:pick_mese'])
WARNING[Main]: No craft recipe matches input (type: fuel, items: ['default:shovel_mese'])
WARNING[Main]: No craft recipe matches input (type: fuel, items: ['default:axe_mese'])
WARNING[Main]: No craft recipe matches input (type: fuel, items: ['default:sword_mese'])
WARNING[Main]: No craft recipe matches input (type: fuel, items: ['default:pick_diamond'])
WARNING[Main]: No craft recipe matches input (type: fuel, items: ['default:shovel_diamond'])
WARNING[Main]: No craft recipe matches input (type: fuel, items: ['default:axe_diamond'])
WARNING[Main]: No craft recipe matches input (type: fuel, items: ['default:sword_diamond'])
WARNING[Main]: No craft recipe matches input (type: fuel, items: ['default:sword_bronze'])
WARNING[Main]: No craft recipe matches input (type: fuel, items: ['default:sword_steel'])
WARNING[Main]: No craft recipe matches input (type: fuel, items: ['default:copper_ingot'])
WARNING[Main]: No craft recipe matches input (type: fuel, items: ['default:copperblock'])
WARNING[Main]: No craft recipe matches input (type: fuel, items: ['default:tin_ingot'])
WARNING[Main]: No craft recipe matches input (type: fuel, items: ['default:tinblock'])
WARNING[Main]: No craft recipe matches input (type: fuel, items: ['default:bronze_ingot'])
WARNING[Main]: No craft recipe matches input (type: fuel, items: ['default:bronzeblock'])
WARNING[Main]: No craft recipe matches input (type: fuel, items: ['default:steel_ingot'])
WARNING[Main]: No craft recipe matches input (type: fuel, items: ['default:steelblock'])
WARNING[Main]: No craft recipe matches input (type: fuel, items: ['default:gold_ingot'])
WARNING[Main]: No craft recipe matches input (type: fuel, items: ['default:goldblock'])
WARNING[Main]: No craft recipe known for output 'default:stone_with_mese'
WARNING[Main]: No craft recipe matches input (type: fuel, items: ['default:stone_with_mese'])
WARNING[Main]: No craft recipe matches input (type: fuel, items: ['default:mese'])
WARNING[Main]: No craft recipe matches input (type: fuel, items: ['default:mese_crystal'])
WARNING[Main]: No craft recipe matches input (type: fuel, items: ['default:mese_crystal_fragment'])
WARNING[Main]: No craft recipe matches input (type: fuel, items: ['default:meselamp'])
WARNING[Main]: No craft recipe matches input (type: fuel, items: ['default:mese_post_light'])
WARNING[Main]: No craft recipe matches input (type: fuel, items: ['default:mese_post_light_acacia_wood'])
WARNING[Main]: No craft recipe matches input (type: fuel, items: ['default:mese_post_light_junglewood'])
WARNING[Main]: No craft recipe matches input (type: fuel, items: ['default:mese_post_light_pine_wood'])
WARNING[Main]: No craft recipe matches input (type: fuel, items: ['default:mese_post_light_aspen_wood'])
WARNING[Main]: No craft recipe known for output 'default:stone_with_diamond'
WARNING[Main]: No craft recipe matches input (type: fuel, items: ['default:stone_with_diamond'])
WARNING[Main]: No craft recipe matches input (type: fuel, items: ['default:diamond'])
WARNING[Main]: No craft recipe matches input (type: fuel, items: ['default:diamondblock'])
WARNING[Main]: No craft recipe matches input (type: fuel, items: ['default:sign_wall_steel'])
WARNING[Main]: No craft recipe matches input (type: fuel, items: ['default:ladder_steel'])
WARNING[Main]: No craft recipe matches input (type: fuel, items: ['stairs:stair_steelblock'])
WARNING[Main]: No craft recipe matches input (type: fuel, items: ['stairs:stair_inner_steelblock'])
WARNING[Main]: No craft recipe matches input (type: fuel, items: ['stairs:stair_outer_steelblock'])
WARNING[Main]: No craft recipe matches input (type: fuel, items: ['stairs:slab_steelblock'])
WARNING[Main]: No craft recipe matches input (type: fuel, items: ['stairs:stair_tinblock'])
WARNING[Main]: No craft recipe matches input (type: fuel, items: ['stairs:stair_inner_tinblock'])
WARNING[Main]: No craft recipe matches input (type: fuel, items: ['stairs:stair_outer_tinblock'])
WARNING[Main]: No craft recipe matches input (type: fuel, items: ['stairs:slab_tinblock'])
WARNING[Main]: No craft recipe matches input (type: fuel, items: ['stairs:stair_copperblock'])
WARNING[Main]: No craft recipe matches input (type: fuel, items: ['stairs:stair_inner_copperblock'])
WARNING[Main]: No craft recipe matches input (type: fuel, items: ['stairs:stair_outer_copperblock'])
WARNING[Main]: No craft recipe matches input (type: fuel, items: ['stairs:slab_copperblock'])
WARNING[Main]: No craft recipe matches input (type: fuel, items: ['stairs:stair_bronzeblock'])
WARNING[Main]: No craft recipe matches input (type: fuel, items: ['stairs:stair_inner_bronzeblock'])
WARNING[Main]: No craft recipe matches input (type: fuel, items: ['stairs:stair_outer_bronzeblock'])
WARNING[Main]: No craft recipe matches input (type: fuel, items: ['stairs:slab_bronzeblock'])
WARNING[Main]: No craft recipe matches input (type: fuel, items: ['stairs:stair_goldblock'])
WARNING[Main]: No craft recipe matches input (type: fuel, items: ['stairs:stair_inner_goldblock'])
WARNING[Main]: No craft recipe matches input (type: fuel, items: ['stairs:stair_outer_goldblock'])
WARNING[Main]: No craft recipe matches input (type: fuel, items: ['stairs:slab_goldblock'])
ACTION[Main]: [grug_gear] 6 bracket catalogs: 42 weapons + 72 armor pieces
ACTION[Main]: [grug_quality] deterministic PcgRandom quality rolls enabled
WARNING[Main]: No craft recipe known for output 'grug_gear:sword_bronze'
WARNING[Main]: No craft recipe known for output 'grug_gear:dagger_bronze'
WARNING[Main]: No craft recipe known for output 'grug_gear:greataxe_bronze'
WARNING[Main]: No craft recipe known for output 'grug_gear:wand_bronze'
WARNING[Main]: No craft recipe known for output 'grug_gear:scepter_bronze'
WARNING[Main]: No craft recipe known for output 'grug_gear:orb_bronze'
WARNING[Main]: No craft recipe known for output 'grug_gear:staff_bronze'
WARNING[Main]: No craft recipe known for output 'grug_gear:feet_cloth_patch'
WARNING[Main]: No craft recipe known for output 'grug_gear:legs_cloth_patch'
WARNING[Main]: No craft recipe known for output 'grug_gear:head_cloth_patch'
WARNING[Main]: No craft recipe known for output 'grug_gear:chest_cloth_patch'
WARNING[Main]: No craft recipe known for output 'grug_gear:feet_leather_light'
WARNING[Main]: No craft recipe known for output 'grug_gear:legs_leather_light'
WARNING[Main]: No craft recipe known for output 'grug_gear:head_leather_light'
WARNING[Main]: No craft recipe known for output 'grug_gear:chest_leather_light'
WARNING[Main]: No craft recipe known for output 'grug_gear:feet_metal_bronze'
WARNING[Main]: No craft recipe known for output 'grug_gear:legs_metal_bronze'
WARNING[Main]: No craft recipe known for output 'grug_gear:head_metal_bronze'
WARNING[Main]: No craft recipe known for output 'grug_gear:chest_metal_bronze'
WARNING[Main]: No craft recipe known for output 'grug_gear:sword_iron'
WARNING[Main]: No craft recipe known for output 'grug_materials:pick_iron'
WARNING[Main]: No craft recipe known for output 'grug_materials:shovel_iron'
WARNING[Main]: No craft recipe known for output 'grug_materials:axe_iron'
WARNING[Main]: No craft recipe known for output 'grug_gear:dagger_iron'
WARNING[Main]: No craft recipe known for output 'grug_gear:greataxe_iron'
WARNING[Main]: No craft recipe known for output 'grug_gear:wand_iron'
WARNING[Main]: No craft recipe known for output 'grug_gear:scepter_iron'
WARNING[Main]: No craft recipe known for output 'grug_gear:orb_iron'
WARNING[Main]: No craft recipe known for output 'grug_gear:staff_iron'
WARNING[Main]: No craft recipe known for output 'grug_gear:feet_cloth_woven'
WARNING[Main]: No craft recipe known for output 'grug_gear:legs_cloth_woven'
WARNING[Main]: No craft recipe known for output 'grug_gear:head_cloth_woven'
WARNING[Main]: No craft recipe known for output 'grug_gear:chest_cloth_woven'
WARNING[Main]: No craft recipe known for output 'grug_gear:feet_leather_cured'
WARNING[Main]: No craft recipe known for output 'grug_gear:legs_leather_cured'
WARNING[Main]: No craft recipe known for output 'grug_gear:head_leather_cured'
WARNING[Main]: No craft recipe known for output 'grug_gear:chest_leather_cured'
WARNING[Main]: No craft recipe known for output 'grug_gear:feet_metal_iron'
WARNING[Main]: No craft recipe known for output 'grug_gear:legs_metal_iron'
WARNING[Main]: No craft recipe known for output 'grug_gear:head_metal_iron'
WARNING[Main]: No craft recipe known for output 'grug_gear:chest_metal_iron'
WARNING[Main]: No craft recipe known for output 'grug_gear:sword_steel'
WARNING[Main]: No craft recipe known for output 'default:pick_steel'
WARNING[Main]: No craft recipe known for output 'grug_gear:dagger_steel'
WARNING[Main]: No craft recipe known for output 'grug_gear:greataxe_steel'
WARNING[Main]: No craft recipe known for output 'grug_gear:wand_steel'
WARNING[Main]: No craft recipe known for output 'grug_gear:scepter_steel'
WARNING[Main]: No craft recipe known for output 'grug_gear:orb_steel'
WARNING[Main]: No craft recipe known for output 'grug_gear:staff_steel'
WARNING[Main]: No craft recipe known for output 'grug_gear:feet_cloth_heavy'
WARNING[Main]: No craft recipe known for output 'grug_gear:legs_cloth_heavy'
WARNING[Main]: No craft recipe known for output 'grug_gear:head_cloth_heavy'
WARNING[Main]: No craft recipe known for output 'grug_gear:chest_cloth_heavy'
WARNING[Main]: No craft recipe known for output 'grug_gear:feet_leather_heavy'
WARNING[Main]: No craft recipe known for output 'grug_gear:legs_leather_heavy'
WARNING[Main]: No craft recipe known for output 'grug_gear:head_leather_heavy'
WARNING[Main]: No craft recipe known for output 'grug_gear:chest_leather_heavy'
WARNING[Main]: No craft recipe known for output 'grug_gear:feet_metal_steel'
WARNING[Main]: No craft recipe known for output 'grug_gear:legs_metal_steel'
WARNING[Main]: No craft recipe known for output 'grug_gear:head_metal_steel'
WARNING[Main]: No craft recipe known for output 'grug_gear:chest_metal_steel'
WARNING[Main]: No craft recipe known for output 'grug_gear:sword_silversteel'
WARNING[Main]: No craft recipe known for output 'grug_materials:pick_silversteel'
WARNING[Main]: No craft recipe known for output 'grug_materials:shovel_silversteel'
WARNING[Main]: No craft recipe known for output 'grug_materials:axe_silversteel'
WARNING[Main]: No craft recipe known for output 'grug_gear:dagger_silversteel'
WARNING[Main]: No craft recipe known for output 'grug_gear:greataxe_silversteel'
WARNING[Main]: No craft recipe known for output 'grug_gear:wand_silversteel'
WARNING[Main]: No craft recipe known for output 'grug_gear:scepter_silversteel'
WARNING[Main]: No craft recipe known for output 'grug_gear:orb_silversteel'
WARNING[Main]: No craft recipe known for output 'grug_gear:staff_silversteel'
WARNING[Main]: No craft recipe known for output 'grug_gear:feet_cloth_silkweave'
WARNING[Main]: No craft recipe known for output 'grug_gear:legs_cloth_silkweave'
WARNING[Main]: No craft recipe known for output 'grug_gear:head_cloth_silkweave'
WARNING[Main]: No craft recipe known for output 'grug_gear:chest_cloth_silkweave'
WARNING[Main]: No craft recipe known for output 'grug_gear:feet_leather_scaled'
WARNING[Main]: No craft recipe known for output 'grug_gear:legs_leather_scaled'
WARNING[Main]: No craft recipe known for output 'grug_gear:head_leather_scaled'
WARNING[Main]: No craft recipe known for output 'grug_gear:chest_leather_scaled'
WARNING[Main]: No craft recipe known for output 'grug_gear:feet_metal_silversteel'
WARNING[Main]: No craft recipe known for output 'grug_gear:legs_metal_silversteel'
WARNING[Main]: No craft recipe known for output 'grug_gear:head_metal_silversteel'
WARNING[Main]: No craft recipe known for output 'grug_gear:chest_metal_silversteel'
WARNING[Main]: No craft recipe known for output 'grug_gear:sword_embersteel'
WARNING[Main]: No craft recipe known for output 'grug_materials:pick_embersteel'
WARNING[Main]: No craft recipe known for output 'grug_materials:shovel_embersteel'
WARNING[Main]: No craft recipe known for output 'grug_materials:axe_embersteel'
WARNING[Main]: No craft recipe known for output 'grug_gear:dagger_embersteel'
WARNING[Main]: No craft recipe known for output 'grug_gear:greataxe_embersteel'
WARNING[Main]: No craft recipe known for output 'grug_gear:wand_embersteel'
WARNING[Main]: No craft recipe known for output 'grug_gear:scepter_embersteel'
WARNING[Main]: No craft recipe known for output 'grug_gear:orb_embersteel'
WARNING[Main]: No craft recipe known for output 'grug_gear:staff_embersteel'
WARNING[Main]: No craft recipe known for output 'grug_gear:feet_cloth_silk'
WARNING[Main]: No craft recipe known for output 'grug_gear:legs_cloth_silk'
WARNING[Main]: No craft recipe known for output 'grug_gear:head_cloth_silk'
WARNING[Main]: No craft recipe known for output 'grug_gear:chest_cloth_silk'
WARNING[Main]: No craft recipe known for output 'grug_gear:feet_leather_sleek'
WARNING[Main]: No craft recipe known for output 'grug_gear:legs_leather_sleek'
WARNING[Main]: No craft recipe known for output 'grug_gear:head_leather_sleek'
WARNING[Main]: No craft recipe known for output 'grug_gear:chest_leather_sleek'
WARNING[Main]: No craft recipe known for output 'grug_gear:feet_metal_embersteel'
WARNING[Main]: No craft recipe known for output 'grug_gear:legs_metal_embersteel'
WARNING[Main]: No craft recipe known for output 'grug_gear:head_metal_embersteel'
WARNING[Main]: No craft recipe known for output 'grug_gear:chest_metal_embersteel'
WARNING[Main]: No craft recipe known for output 'grug_gear:sword_abyssal_steel'
WARNING[Main]: No craft recipe known for output 'grug_materials:pick_abyssal_steel'
WARNING[Main]: No craft recipe known for output 'grug_materials:shovel_abyssal_steel'
WARNING[Main]: No craft recipe known for output 'grug_materials:axe_abyssal_steel'
WARNING[Main]: No craft recipe known for output 'grug_gear:dagger_abyssal_steel'
WARNING[Main]: No craft recipe known for output 'grug_gear:greataxe_abyssal_steel'
WARNING[Main]: No craft recipe known for output 'grug_gear:wand_abyssal_steel'
WARNING[Main]: No craft recipe known for output 'grug_gear:scepter_abyssal_steel'
WARNING[Main]: No craft recipe known for output 'grug_gear:orb_abyssal_steel'
WARNING[Main]: No craft recipe known for output 'grug_gear:staff_abyssal_steel'
WARNING[Main]: No craft recipe known for output 'grug_gear:feet_cloth_stormweave'
WARNING[Main]: No craft recipe known for output 'grug_gear:legs_cloth_stormweave'
WARNING[Main]: No craft recipe known for output 'grug_gear:head_cloth_stormweave'
WARNING[Main]: No craft recipe known for output 'grug_gear:chest_cloth_stormweave'
WARNING[Main]: No craft recipe known for output 'grug_gear:feet_leather_nightscale'
WARNING[Main]: No craft recipe known for output 'grug_gear:legs_leather_nightscale'
WARNING[Main]: No craft recipe known for output 'grug_gear:head_leather_nightscale'
WARNING[Main]: No craft recipe known for output 'grug_gear:chest_leather_nightscale'
WARNING[Main]: No craft recipe known for output 'grug_gear:feet_metal_abyssal_steel'
WARNING[Main]: No craft recipe known for output 'grug_gear:legs_metal_abyssal_steel'
WARNING[Main]: No craft recipe known for output 'grug_gear:head_metal_abyssal_steel'
WARNING[Main]: No craft recipe known for output 'grug_gear:chest_metal_abyssal_steel'
WARNING[Main]: No craft recipe known for output 'grug_mobs:light_leather'
WARNING[Main]: No craft recipe known for output 'grug_professions:cured_leather'
WARNING[Main]: No craft recipe known for output 'grug_mobs:heavy_leather'
WARNING[Main]: No craft recipe known for output 'grug_mobs:scaled_hide'
WARNING[Main]: No craft recipe known for output 'grug_professions:sleek_leather'
WARNING[Main]: No craft recipe known for output 'grug_professions:nightscale_leather'
WARNING[Main]: No craft recipe known for output 'grug_professions:bolt_patch'
WARNING[Main]: No craft recipe known for output 'grug_professions:bolt_woven'
WARNING[Main]: No craft recipe known for output 'grug_professions:bolt_heavy'
WARNING[Main]: No craft recipe known for output 'grug_professions:bolt_silkweave'
WARNING[Main]: No craft recipe known for output 'grug_professions:bolt_silk'
WARNING[Main]: No craft recipe known for output 'grug_professions:bolt_stormweave'
ACTION[Main]: [grug_professions] registered Weaponsmith, Armorsmith, Leatherworker and Tailor catalogs
WARNING[Main]: No craft recipe known for output 'grug_artisans:seasoned_wood'
WARNING[Main]: No craft recipe known for output 'grug_artisans:polished_wood'
WARNING[Main]: No craft recipe known for output 'grug_artisans:hardened_wood'
WARNING[Main]: No craft recipe known for output 'grug_artisans:inlaid_wood'
WARNING[Main]: No craft recipe known for output 'grug_artisans:lacquered_wood'
WARNING[Main]: No craft recipe known for output 'grug_artisans:heartwood_wood'
ACTION[Main]: [grug_artisans] registered Woodcarver and Goldsmith catalogs
ACTION[Main]: [grug_materials] registry audit passed: 6 tiers, 15 resources, 12 processed forms, 6 race regions
ACTION[Main]: [grug_smelting] recipe audit passed: 5 cooking, 5 dualfurn, 12 storage pairs, 1 station
ACTION[Main]: [grug_visuals] 72 armor pieces indexed for overlays, 3 art lines x 4 slots
ACTION[Main]: [grug_mobs] settlement work activities: tools 7, weapon families 1, all registered
ACTION[Main]: [grug_fishing] tables=6 entries=18 weight=100 bite=3..10s rod_uses=64
ACTION[Main]: [grug_inventory] starter weapons: mage=grug_gear:staff_wood (2H), priest=grug_gear:staff_wood (2H), warrior=default:sword_stone
ACTION[Main]: [grug_traders] 12 profession shelves, 122 offers, all registered
ACTION[Main]: [grug_traders] dwarf capital vendors come from the sockets of dur_brannoc
ACTION[Main]: [grug_traders] elf capital vendors come from the sockets of lethariel
ACTION[Main]: [grug_traders] human capital vendors come from the sockets of highcourt
ACTION[Main]: [grug_traders] orc capital vendors come from the sockets of gor_drazhak
ACTION[Main]: [grug_traders] troll capital vendors come from the sockets of kezamba
ACTION[Main]: [grug_traders] undead capital vendors come from the sockets of nhal_veyr
ACTION[Main]: [grug_traders] 12 settlements indexed for profession vendor appearance
ACTION[Main]: [grug_traders] drop audit: 3 mob(s) use a `drops` FUNCTION and cannot be walked statically (grug_mobs:bandit, grug_mobs:bandit_archer, grug_mobs:poacher); their items are audited from the hardcoded FUNCTION_DROPS list
WARNING[Main]: [grug_traders] no vendor price for dropped item 'default:apple' (dropped by grug_mobs:gravewood_treant, grug_mobs:ashen_treant) — add a _grug_sell_price to its def or a grug_traders.set_price override; traders must buy every mob drop (economy.md §3)
WARNING[Main]: [grug_traders] no vendor price for dropped item 'default:stick' (dropped by grug_mobs:gravewood_treant, grug_mobs:ashen_treant) — add a _grug_sell_price to its def or a grug_traders.set_price override; traders must buy every mob drop (economy.md §3)
ACTION[Main]: GRUG_WP13_CAPITAL event=districts lore_spiritual=southeast market_professions=southwest martial_garrison=northwest residential_cultural=northeast permutation=4,3,1,2
ACTION[Main]: GRUG_WP13_CAPITAL event=start engine=5.17.0 seed=531802985935182545 manifest=1ed903592bfb06c812f89e92dc7bd283fee2b81fe08aba9b146294fd85795051 sockets_registered=1881 anchor=-1800,149,-1500 mode=full build_us=module_load=36389,core=171419,plot_forge_charcoal=9679,plot_forge_pack_stable=12028,plot_forge_smithy=7310,plot_forge_guild_house=8879,plot_forge_quench_court=3852,plot_forge_watch=9687,plot_forge_copse=9096,plot_forge_ore_yard=6125,plot_forge_store=5604,plot_forge_ore_court=3734,plot_forge_charcoal_field=3403,plot_forge_slag_yard=1845,plot_forge_green=813,plot_garrison_barracks=13597,plot_garrison_muster_hall=8098,plot_garrison_armoury=8147,plot_garrison_drill_yard=6395,plot_garrison_stable=6612,plot_garrison_quartermaster=6560,plot_garrison_wain_shed=4756,plot_garrison_serjeant=2968,plot_garrison_watch_tower=3614,plot_garrison_muster_field=3545,plot_garrison_pack_pen=3429,plot_garrison_wood_yard=1821,plot_garrison_green=827,plot_deep_hall_of_record=12599,plot_deep_scriptorium=8392,plot_deep_memory_hall=10091,plot_deep_carvers=8829,plot_deep_lantern_court=3718,plot_deep_archive=6757,plot_deep_keeper=2937,plot_deep_lamp_store=4978,plot_deep_watch=4140,plot_deep_mushroom_garden=3680,plot_deep_barrow_terrace=3410,plot_deep_markers_yard=1808,plot_deep_green=782,plot_terrace_market=3098,plot_terrace_brewhouse=9857,plot_terrace_alehouse=7586,plot_terrace_bakehouse=7583,plot_terrace_well_court=3734,plot_terrace_long_house=8246,plot_terrace_cottage_west=4008,plot_terrace_cottage_east=3572,plot_terrace_watch=3756,plot_terrace_kitchen_garden=3826,plot_terrace_goat_pasture=3467,plot_terrace_brew_court=1760,plot_terrace_green=851
ACTION[Main]: GRUG_WP13_CAPITAL event=build
ACTION[Main]: GRUG_WP13_CAPITAL event=build_time module_load=36389
ACTION[Main]: GRUG_WP13_CAPITAL event=build_time core=171419
ACTION[Main]: GRUG_WP13_CAPITAL event=build_time plot_forge_charcoal=9679
ACTION[Main]: GRUG_WP13_CAPITAL event=build_time plot_forge_pack_stable=12028
ACTION[Main]: GRUG_WP13_CAPITAL event=build_time plot_forge_smithy=7310
ACTION[Main]: GRUG_WP13_CAPITAL event=build_time plot_forge_guild_house=8879
ACTION[Main]: GRUG_WP13_CAPITAL event=build_time plot_forge_quench_court=3852
ACTION[Main]: GRUG_WP13_CAPITAL event=build_time plot_forge_watch=9687
ACTION[Main]: GRUG_WP13_CAPITAL event=build_time plot_forge_copse=9096
ACTION[Main]: GRUG_WP13_CAPITAL event=build_time plot_forge_ore_yard=6125
ACTION[Main]: GRUG_WP13_CAPITAL event=build_time plot_forge_store=5604
ACTION[Main]: GRUG_WP13_CAPITAL event=build_time plot_forge_ore_court=3734
ACTION[Main]: GRUG_WP13_CAPITAL event=build_time plot_forge_charcoal_field=3403
ACTION[Main]: GRUG_WP13_CAPITAL event=build_time plot_forge_slag_yard=1845
ACTION[Main]: GRUG_WP13_CAPITAL event=build_time plot_forge_green=813
ACTION[Main]: GRUG_WP13_CAPITAL event=build_time plot_garrison_barracks=13597
ACTION[Main]: GRUG_WP13_CAPITAL event=build_time plot_garrison_muster_hall=8098
ACTION[Main]: GRUG_WP13_CAPITAL event=build_time plot_garrison_armoury=8147
ACTION[Main]: GRUG_WP13_CAPITAL event=build_time plot_garrison_drill_yard=6395
ACTION[Main]: GRUG_WP13_CAPITAL event=build_time plot_garrison_stable=6612
ACTION[Main]: GRUG_WP13_CAPITAL event=build_time plot_garrison_quartermaster=6560
ACTION[Main]: GRUG_WP13_CAPITAL event=build_time plot_garrison_wain_shed=4756
ACTION[Main]: GRUG_WP13_CAPITAL event=build_time plot_garrison_serjeant=2968
ACTION[Main]: GRUG_WP13_CAPITAL event=build_time plot_garrison_watch_tower=3614
ACTION[Main]: GRUG_WP13_CAPITAL event=build_time plot_garrison_muster_field=3545
ACTION[Main]: GRUG_WP13_CAPITAL event=build_time plot_garrison_pack_pen=3429
ACTION[Main]: GRUG_WP13_CAPITAL event=build_time plot_garrison_wood_yard=1821
ACTION[Main]: GRUG_WP13_CAPITAL event=build_time plot_garrison_green=827
ACTION[Main]: GRUG_WP13_CAPITAL event=build_time plot_deep_hall_of_record=12599
ACTION[Main]: GRUG_WP13_CAPITAL event=build_time plot_deep_scriptorium=8392
ACTION[Main]: GRUG_WP13_CAPITAL event=build_time plot_deep_memory_hall=10091
ACTION[Main]: GRUG_WP13_CAPITAL event=build_time plot_deep_carvers=8829
ACTION[Main]: GRUG_WP13_CAPITAL event=build_time plot_deep_lantern_court=3718
ACTION[Main]: GRUG_WP13_CAPITAL event=build_time plot_deep_archive=6757
ACTION[Main]: GRUG_WP13_CAPITAL event=build_time plot_deep_keeper=2937
ACTION[Main]: GRUG_WP13_CAPITAL event=build_time plot_deep_lamp_store=4978
ACTION[Main]: GRUG_WP13_CAPITAL event=build_time plot_deep_watch=4140
ACTION[Main]: GRUG_WP13_CAPITAL event=build_time plot_deep_mushroom_garden=3680
ACTION[Main]: GRUG_WP13_CAPITAL event=build_time plot_deep_barrow_terrace=3410
ACTION[Main]: GRUG_WP13_CAPITAL event=build_time plot_deep_markers_yard=1808
ACTION[Main]: GRUG_WP13_CAPITAL event=build_time plot_deep_green=782
ACTION[Main]: GRUG_WP13_CAPITAL event=build_time plot_terrace_market=3098
ACTION[Main]: GRUG_WP13_CAPITAL event=build_time plot_terrace_brewhouse=9857
ACTION[Main]: GRUG_WP13_CAPITAL event=build_time plot_terrace_alehouse=7586
ACTION[Main]: GRUG_WP13_CAPITAL event=build_time plot_terrace_bakehouse=7583
ACTION[Main]: GRUG_WP13_CAPITAL event=build_time plot_terrace_well_court=3734
ACTION[Main]: GRUG_WP13_CAPITAL event=build_time plot_terrace_long_house=8246
ACTION[Main]: GRUG_WP13_CAPITAL event=build_time plot_terrace_cottage_west=4008
ACTION[Main]: GRUG_WP13_CAPITAL event=build_time plot_terrace_cottage_east=3572
ACTION[Main]: GRUG_WP13_CAPITAL event=build_time plot_terrace_watch=3756
ACTION[Main]: GRUG_WP13_CAPITAL event=build_time plot_terrace_kitchen_garden=3826
ACTION[Main]: GRUG_WP13_CAPITAL event=build_time plot_terrace_goat_pasture=3467
ACTION[Main]: GRUG_WP13_CAPITAL event=build_time plot_terrace_brew_court=1760
ACTION[Main]: GRUG_WP13_CAPITAL event=build_time plot_terrace_green=851
ACTION[Main]: GRUG_WP13_CAPITAL event=socket sockets=292
ACTION[Main]: GRUG_WP13_CAPITAL event=socket role_gear_display=3
ACTION[Main]: GRUG_WP13_CAPITAL event=socket role_guard_patrol=50
ACTION[Main]: GRUG_WP13_CAPITAL event=socket role_guard_post=19
ACTION[Main]: GRUG_WP13_CAPITAL event=socket role_idle=129
ACTION[Main]: GRUG_WP13_CAPITAL event=socket role_king=1
ACTION[Main]: GRUG_WP13_CAPITAL event=socket role_mount_display=4
ACTION[Main]: GRUG_WP13_CAPITAL event=socket role_public_station=7
ACTION[Main]: GRUG_WP13_CAPITAL event=socket role_quest=2
ACTION[Main]: GRUG_WP13_CAPITAL event=socket role_riding_trainer=1
ACTION[Main]: GRUG_WP13_CAPITAL event=socket role_trainer=8
ACTION[Main]: GRUG_WP13_CAPITAL event=socket role_vendor=9
ACTION[Main]: GRUG_WP13_CAPITAL event=socket role_waypoint=1
ACTION[Main]: GRUG_WP13_CAPITAL event=socket role_work=58
ACTION[Main]: GRUG_WP13_CAPITAL event=socket loops=9
ACTION[Main]: GRUG_WP13_CAPITAL event=socket loop_dur_brannoc_deep_watch=9
ACTION[Main]: GRUG_WP13_CAPITAL event=socket loop_dur_brannoc_forge_watch=9
ACTION[Main]: GRUG_WP13_CAPITAL event=socket loop_dur_brannoc_garrison_watch=9
ACTION[Main]: GRUG_WP13_CAPITAL event=socket loop_dur_brannoc_gate_east_tower=2
ACTION[Main]: GRUG_WP13_CAPITAL event=socket loop_dur_brannoc_gate_north_tower=2
ACTION[Main]: GRUG_WP13_CAPITAL event=socket loop_dur_brannoc_gate_south_tower=2
ACTION[Main]: GRUG_WP13_CAPITAL event=socket loop_dur_brannoc_gate_west_tower=2
ACTION[Main]: GRUG_WP13_CAPITAL event=socket loop_dur_brannoc_terrace_watch=9
ACTION[Main]: GRUG_WP13_CAPITAL event=socket loop_dur_brannoc_watch=6
ACTION[Main]: GRUG_WP13_CAPITAL event=corpus mapchunks=120
 _                   _   _ 
| |_   _  __ _ _ __ | |_(_)
| | | | |/ _` | '_ \| __| |
| | |_| | (_| | | | | |_| |
|_|\__,_|\__,_|_| |_|\__|_|  ___ 5.17.0
ACTION[Main]: World at [/tmp/grudgelands-wp13-capital.rHFhJL/world]
ACTION[Main]: Server for gameid="grudgelands" listening on 127.0.0.1:31941.
ACTION[Server]: [grug_core] start preload: emerging 6 start areas (128 x 128 nodes each, 2 at a time)
ACTION[Emerge-0]: [grug_core] start area ready: dwarf (1/6, 23.4 s)
ACTION[Server]: [grug_mobs] start npcs hearthpine: grug_mobs:guard_accord placed at socket gate_west (-1804,26,-2491)
ACTION[Server]: [grug_mobs] start npcs hearthpine: grug_mobs:guard_accord placed at socket gate_east (-1796,26,-2491)
ACTION[Server]: [grug_mobs] start npcs hearthpine: grug_mobs:guard_accord placed at socket watch_gate (-1800,26,-2498)
ACTION[Server]: [grug_mobs] start npcs hearthpine: grug_traders:vendor_race_dwarf placed at socket plaza_vendor (-1793,26,-2555)
ACTION[Server]: [grug_mobs] start npcs hearthpine: grug_mobs:villager_dwarf placed at socket idle_west_door (-1816,26,-2546)
ACTION[Server]: [grug_mobs] start npcs hearthpine: grug_mobs:villager_dwarf placed at socket idle_plaza_bench (-1793,26,-2549)
ACTION[Server]: [grug_mobs] start npcs hearthpine: grug_mobs:villager_dwarf placed at socket idle_workyard (-1819,26,-2533)
ACTION[Server]: [grug_mobs] start npcs hearthpine: grug_mobs:villager_dwarf placed at socket idle_forge_door (-1798,26,-2560)
ACTION[Server]: [grug_mobs] start npcs hearthpine: grug_mobs:villager_dwarf placed at socket work_woodpile (-1812,26,-2563)
ACTION[Server]: [grug_mobs] start npcs hearthpine: grug_mobs:villager_dwarf placed at socket work_garden (-1819,26,-2529)
ACTION[Server]: [grug_mobs] start npcs hearthpine: grug_mobs:elder_dwarf placed at socket hall_quest (-1828,26,-2524)
ACTION[Server]: [grug_mobs] start npcs hearthpine: grug_mobs:villager_dwarf placed at socket trainer_cooking (-1798,26,-2540)
ACTION[Server]: [grug_mobs] start npcs dwarf hearthpine: guards 3/3 flair 7/7 vendor 1/1 quest 1/1 royal 0/0 new 12 pending 0 spare 3 residents 6 walkers 1
ACTION[Emerge-0]: [grug_core] start area ready: human (2/6, 32.5 s)
ACTION[Server]: [grug_mobs] start npcs dawnmere: grug_mobs:guard_accord placed at socket gate_west (-4,18,-2493)
ACTION[Server]: [grug_mobs] start npcs dawnmere: grug_mobs:guard_accord placed at socket gate_east (4,18,-2493)
ACTION[Server]: [grug_mobs] start npcs dawnmere: grug_mobs:guard_accord placed at socket watch_gate (0,18,-2498)
ACTION[Server]: [grug_mobs] start npcs dawnmere: grug_traders:vendor_race_human placed at socket green_vendor (6,18,-2554)
ACTION[Server]: [grug_mobs] start npcs dawnmere: grug_mobs:villager_human placed at socket idle_cottage_door (10,18,-2566)
ACTION[Server]: [grug_mobs] start npcs dawnmere: grug_mobs:villager_human placed at socket idle_green_bench (-6,18,-2543)
ACTION[Server]: [grug_mobs] start npcs dawnmere: grug_mobs:villager_human placed at socket idle_barn (-19,18,-2550)
ACTION[Server]: [grug_mobs] start npcs dawnmere: grug_mobs:villager_human placed at socket idle_smithy (22,18,-2551)
ACTION[Server]: [grug_mobs] start npcs dawnmere: grug_mobs:villager_human placed at socket work_field (18,18,-2519)
ACTION[Server]: [grug_mobs] start npcs dawnmere: grug_mobs:villager_human placed at socket work_green_seat (-5,18,-2535)
ACTION[Server]: [grug_mobs] start npcs dawnmere: grug_mobs:elder_human placed at socket hall_quest (-11,18,-2542)
ACTION[Server]: [grug_mobs] start npcs dawnmere: grug_mobs:villager_human placed at socket trainer_cooking (2,18,-2540)
ACTION[Server]: [grug_mobs] start npcs human dawnmere: guards 3/3 flair 7/7 vendor 1/1 quest 1/1 royal 0/0 new 12 pending 0 spare 3 residents 6 walkers 1
ACTION[Emerge-0]: GRUG_WP13_CAPITAL event=mapchunk case=warmup mapchunk=1488:48:688 kind=warmup elapsed_us=32362185
ACTION[Emerge-0]: [grug_core] start area ready: elf (3/6, 39.2 s)
ACTION[Server]: [grug_mobs] start npcs silverleaf: grug_mobs:guard_accord placed at socket gate_west (1796,22,-2493)
ACTION[Server]: [grug_mobs] start npcs silverleaf: grug_mobs:guard_accord placed at socket gate_east (1804,22,-2493)
ACTION[Server]: [grug_mobs] start npcs silverleaf: grug_mobs:guard_accord placed at socket watch_gate (1800,22,-2498)
ACTION[Server]: [grug_mobs] start npcs silverleaf: grug_traders:vendor_race_elf placed at socket court_vendor (1807,22,-2554)
ACTION[Server]: [grug_mobs] start npcs silverleaf: grug_mobs:villager_elf placed at socket idle_shrine_door (1779,22,-2534)
ACTION[Server]: [grug_mobs] start npcs silverleaf: grug_mobs:villager_elf placed at socket idle_court_bench (1793,22,-2545)
ACTION[Server]: [grug_mobs] start npcs silverleaf: grug_mobs:villager_elf placed at socket idle_bowyer (1828,22,-2551)
ACTION[Server]: [grug_mobs] start npcs silverleaf: grug_mobs:villager_elf placed at socket idle_market (1769,22,-2550)
ACTION[Server]: [grug_mobs] start npcs silverleaf: grug_mobs:villager_elf placed at socket work_planters (1804,22,-2539)
ACTION[Server]: [grug_mobs] start npcs silverleaf: grug_mobs:villager_elf placed at socket work_market (1767,22,-2545)
ACTION[Server]: [grug_mobs] start npcs silverleaf: grug_mobs:elder_elf placed at socket hall_quest (1820,22,-2536)
ACTION[Server]: [grug_mobs] start npcs silverleaf: grug_mobs:villager_elf placed at socket trainer_cooking (1802,22,-2540)
ACTION[Server]: [grug_mobs] start npcs elf silverleaf: guards 3/3 flair 7/7 vendor 1/1 quest 1/1 royal 0/0 new 12 pending 0 spare 3 residents 6 walkers 1
ACTION[Emerge-0]: [grug_core] start area ready: undead (4/6, 47.8 s)
ACTION[Server]: [grug_mobs] start npcs stillgrave: grug_mobs:guard_throng placed at socket gate_west (-1804,55,2494)
ACTION[Server]: [grug_mobs] start npcs stillgrave: grug_mobs:guard_throng placed at socket gate_east (-1796,55,2494)
ACTION[Server]: [grug_mobs] start npcs stillgrave: grug_mobs:guard_throng placed at socket watch_gate (-1800,55,2498)
ACTION[Server]: [grug_mobs] start npcs stillgrave: grug_traders:vendor_race_undead placed at socket court_vendor (-1793,55,2545)
ACTION[Server]: [grug_mobs] start npcs stillgrave: grug_mobs:villager_undead placed at socket idle_warden_door (-1813,55,2582)
ACTION[Server]: [grug_mobs] start npcs stillgrave: grug_mobs:villager_undead placed at socket idle_court_settle (-1810,55,2554)
ACTION[Server]: [grug_mobs] start npcs stillgrave: grug_mobs:villager_undead placed at socket idle_bone_works (-1778,55,2549)
ACTION[Server]: [grug_mobs] start npcs stillgrave: grug_mobs:villager_undead placed at socket idle_gate_brazier (-1805,55,2493)
ACTION[Server]: [grug_mobs] start npcs stillgrave: grug_mobs:villager_undead placed at socket work_gravewood (-1790,55,2544)
ACTION[Server]: [grug_mobs] start npcs stillgrave: grug_mobs:villager_undead placed at socket work_blightbed (-1822,55,2542)
ACTION[Server]: [grug_mobs] start npcs stillgrave: grug_mobs:elder_undead placed at socket hall_quest (-1798,55,2560)
ACTION[Server]: [grug_mobs] start npcs stillgrave: grug_mobs:villager_undead placed at socket trainer_cooking (-1798,55,2540)
ACTION[Server]: [grug_mobs] start npcs undead stillgrave: guards 3/3 flair 7/7 vendor 1/1 quest 1/1 royal 0/0 new 12 pending 0 spare 3 residents 6 walkers 1
ACTION[Emerge-0]: GRUG_WP13_CAPITAL event=mapchunk case=control_capital_lethariel mapchunk=1728:-32:-1552 kind=control_capital elapsed_us=15434941
ACTION[Server]: [grug_mobs] start npcs lethariel: grug_mobs:king_elf placed at socket king (1762,47,-1525)
ACTION[Server]: [grug_mobs] start npcs lethariel: grug_mobs:royal_guard_elf placed at socket throne_guard_west (1765,45,-1532)
ACTION[Server]: [grug_mobs] start npcs lethariel: grug_mobs:royal_guard_elf placed at socket throne_guard_east (1765,45,-1518)
ACTION[Server]: [grug_mobs] start npcs lethariel: grug_mobs:guard_accord placed at socket door_guard_west (1783,44,-1528)
ACTION[Server]: [grug_mobs] start npcs lethariel: grug_mobs:guard_accord placed at socket door_guard_east (1783,44,-1521)
ACTION[Server]: [grug_mobs] start npcs lethariel: grug_mobs:villager_elf placed at socket hall_idle_west (1775,44,-1538)
ACTION[Server]: [grug_mobs] start npcs lethariel: grug_mobs:villager_elf placed at socket hall_idle_east (1775,44,-1512)
ACTION[Server]: [grug_mobs] start npcs lethariel: grug_mobs:villager_elf placed at socket hall_idle_service (1766,44,-1538)
ACTION[Server]: [grug_mobs] start npcs lethariel: grug_mobs:guard_accord placed at socket gate_south_post_west (1798,42,-1548)
ACTION[Server]: [grug_mobs] start npcs lethariel: grug_mobs:guard_accord placed at socket gate_south_post_east (1802,42,-1548)
ACTION[Server]: [grug_mobs] start npcs lethariel: grug_mobs:villager_elf placed at socket gate_south_idle_west (1795,42,-1545)
ACTION[Server]: [grug_mobs] start npcs lethariel: grug_mobs:villager_elf placed at socket gate_south_idle_east (1805,42,-1545)
ACTION[Server]: [grug_mobs] start npcs lethariel: grug_mobs:guard_accord placed at socket gate_west_post_west (1752,42,-1498)
ACTION[Server]: [grug_mobs] start npcs lethariel: grug_mobs:guard_accord placed at socket gate_west_post_east (1752,42,-1502)
ACTION[Server]: [grug_mobs] start npcs lethariel: grug_mobs:villager_elf placed at socket gate_west_idle_west (1755,42,-1495)
ACTION[Server]: [grug_mobs] start npcs lethariel: grug_mobs:villager_elf placed at socket gate_west_idle_east (1755,42,-1505)
ACTION[Server]: [grug_mobs] start npcs lethariel: grug_mobs:villager_elf placed at socket colonnade_west_idle_a (1792,42,-1519)
ACTION[Server]: [grug_mobs] start npcs lethariel: grug_mobs:villager_elf placed at socket colonnade_west_idle_b (1794,42,-1529)
ACTION[Server]: [grug_mobs] start npcs lethariel: grug_mobs:guard_accord placed at socket colonnade_west_walk (1793,42,-1524)
ACTION[Server]: [grug_mobs] start npcs lethariel: grug_mobs:villager_elf placed at socket colonnade_east_idle_b (1807,42,-1519)
ACTION[Server]: [grug_mobs] start npcs lethariel: grug_mobs:villager_elf placed at socket fountain_court_idle_a (1761,42,-1490)
ACTION[Server]: [grug_mobs] start npcs lethariel: grug_mobs:villager_elf placed at socket fountain_court_idle_b (1761,42,-1484)
ACTION[Server]: [grug_mobs] start npcs lethariel: grug_mobs:villager_elf placed at socket star_hall_altar (1775,42,-1479)
ACTION[Server]: [grug_mobs] start npcs lethariel: grug_mobs:elder_elf placed at socket star_hall_quest (1775,42,-1495)
ACTION[Server]: [grug_mobs] start npcs lethariel: grug_mobs:villager_elf placed at socket bough_west_foot (1789,42,-1485)
ACTION[Server]: [grug_mobs] start npcs lethariel: grug_mobs:villager_elf placed at socket quay_idle_head (1796,42,-1481)
ACTION[Server]: [grug_mobs] start npcs lethariel: grug_mobs:villager_elf placed at socket forecourt_idle_west (1794,42,-1514)
ACTION[Server]: [grug_mobs] start npcs lethariel: grug_mobs:villager_elf placed at socket forecourt_idle_east (1807,42,-1514)
ACTION[Server]: [grug_mobs] start npcs lethariel: grug_mobs:villager_elf placed at socket shore_work_sweep (1796,42,-1481)
ACTION[Server]: [grug_mobs] start npcs lethariel: grug_mobs:villager_elf placed at socket crossing_work_west (1795,43,-1504)
ACTION[Server]: [grug_mobs] start npcs lethariel: grug_mobs:villager_elf placed at socket crossing_work_east (1805,43,-1504)
ACTION[Server]: [grug_mobs] start npcs elf lethariel: guards 9/22 flair 20/175 vendor 0/9 quest 1/2 royal 1/1 new 31 pending 178 spare 24 residents 159 walkers 22
ACTION[Emerge-0]: [grug_core] start area ready: orc (5/6, 58.8 s)
ACTION[Server]: [grug_mobs] start npcs sunscar: grug_mobs:guard_throng placed at socket gate_west (-4,28,2499)
ACTION[Server]: [grug_mobs] start npcs sunscar: grug_mobs:guard_throng placed at socket gate_east (4,28,2499)
ACTION[Server]: [grug_mobs] start npcs sunscar: grug_mobs:guard_throng placed at socket watch_gate (0,28,2510)
ACTION[Server]: [grug_mobs] start npcs sunscar: grug_traders:vendor_race_orc placed at socket yard_vendor (8,28,2545)
ACTION[Server]: [grug_mobs] start npcs sunscar: grug_mobs:villager_orc placed at socket idle_tusk_door (-11,28,2528)
ACTION[Server]: [grug_mobs] start npcs sunscar: grug_mobs:villager_orc placed at socket idle_council_seat (-3,28,2558)
ACTION[Server]: [grug_mobs] start npcs sunscar: grug_mobs:villager_orc placed at socket idle_beast_pen (-25,28,2548)
ACTION[Server]: [grug_mobs] start npcs sunscar: grug_mobs:villager_orc placed at socket idle_armoury_forge (20,28,2548)
ACTION[Server]: [grug_mobs] start npcs sunscar: grug_mobs:villager_orc placed at socket work_forge (-34,28,2552)
ACTION[Server]: [grug_mobs] start npcs sunscar: grug_mobs:villager_orc placed at socket work_acacia (-14,28,2549)
ACTION[Server]: [grug_mobs] start npcs sunscar: grug_mobs:elder_orc placed at socket hall_quest (3,28,2562)
ACTION[Server]: [grug_mobs] start npcs sunscar: grug_mobs:villager_orc placed at socket trainer_cooking (2,28,2540)
ACTION[Server]: [grug_mobs] start npcs orc sunscar: guards 3/3 flair 7/7 vendor 1/1 quest 1/1 royal 0/0 new 12 pending 0 spare 3 residents 6 walkers 1
ACTION[Emerge-0]: [grug_core] start area ready: troll (6/6, 64.6 s)
ACTION[Emerge-0]: [grug_core] all 6 start areas ready after 64.6 s
ACTION[Server]: [grug_mobs] start npcs kapok: grug_mobs:guard_throng placed at socket gate_west (1796,21,2505)
ACTION[Server]: [grug_mobs] start npcs kapok: grug_mobs:guard_throng placed at socket gate_east (1804,21,2505)
ACTION[Server]: [grug_mobs] start npcs kapok: grug_mobs:guard_throng placed at socket watch_gate (1800,21,2514)
ACTION[Server]: [grug_mobs] start npcs kapok: grug_traders:vendor_race_troll placed at socket clearing_vendor (1807,21,2546)
ACTION[Server]: [grug_mobs] start npcs kapok: grug_mobs:villager_troll placed at socket idle_lodge_door (1798,21,2567)
ACTION[Server]: [grug_mobs] start npcs kapok: grug_mobs:villager_troll placed at socket idle_terrace_settle (1788,21,2577)
ACTION[Server]: [grug_mobs] start npcs kapok: grug_mobs:villager_troll placed at socket idle_drying_shed (1783,21,2574)
ACTION[Server]: [grug_mobs] start npcs kapok: grug_mobs:villager_troll placed at socket idle_smoker (1813,21,2570)
ACTION[Server]: [grug_mobs] start npcs kapok: grug_mobs:villager_troll placed at socket work_jungle (1771,21,2563)
ACTION[Server]: [grug_mobs] start npcs kapok: grug_mobs:villager_troll placed at socket work_terrace (1784,21,2574)
ACTION[Server]: [grug_mobs] start npcs kapok: grug_mobs:elder_troll placed at socket hall_quest (1803,21,2567)
ACTION[Server]: [grug_mobs] start npcs kapok: grug_mobs:villager_troll placed at socket trainer_cooking (1802,21,2540)
ACTION[Server]: [grug_mobs] start npcs troll kapok: guards 3/3 flair 7/7 vendor 1/1 quest 1/1 royal 0/0 new 12 pending 0 spare 3 residents 6 walkers 1
ACTION[Emerge-0]: GRUG_WP13_CAPITAL event=mapchunk case=control_capital_lethariel mapchunk=1808:-32:-1552 kind=control_capital elapsed_us=16357360
ACTION[Server]: [grug_mobs] start npcs lethariel: grug_mobs:guard_accord placed at socket gate_east_post_west (1848,42,-1502)
ACTION[Server]: [grug_mobs] start npcs lethariel: grug_mobs:guard_accord placed at socket gate_east_post_east (1848,42,-1498)
ACTION[Server]: [grug_mobs] start npcs lethariel: grug_mobs:villager_elf placed at socket gate_east_idle_west (1845,42,-1505)
ACTION[Server]: [grug_mobs] start npcs lethariel: grug_mobs:villager_elf placed at socket gate_east_idle_east (1845,42,-1495)
ACTION[Server]: [grug_mobs] start npcs lethariel: grug_mobs:villager_elf placed at socket market_booth_1 (1819,42,-1543)
ACTION[Server]: [grug_mobs] start npcs lethariel: grug_mobs:villager_elf placed at socket market_booth_2 (1829,42,-1543)
ACTION[Server]: [grug_mobs] start npcs lethariel: grug_mobs:villager_elf placed at socket market_booth_3 (1819,42,-1529)
ACTION[Server]: [grug_mobs] start npcs lethariel: grug_mobs:villager_elf placed at socket market_booth_4 (1829,42,-1529)
ACTION[Server]: [grug_mobs] start npcs lethariel: grug_mobs:villager_elf placed at socket market_idle_west (1817,42,-1541)
ACTION[Server]: [grug_mobs] start npcs lethariel: grug_mobs:villager_elf placed at socket market_idle_east (1831,42,-1531)
ACTION[Server]: [grug_mobs] start npcs lethariel: grug_mobs:villager_elf placed at socket colonnade_east_idle_a (1809,42,-1529)
ACTION[Server]: [grug_mobs] start npcs lethariel: grug_mobs:villager_elf placed at socket statue_idle (1810,42,-1496)
ACTION[Server]: [grug_mobs] start npcs lethariel: grug_mobs:villager_elf placed at socket sacred_grove_idle (1833,42,-1484)
ACTION[Server]: [grug_mobs] start npcs lethariel: grug_mobs:villager_elf placed at socket mere_shrine_keeper (1818,43,-1484)
ACTION[Server]: [grug_mobs] start npcs lethariel: grug_mobs:villager_elf placed at socket mere_shrine_south (1820,43,-1486)
ACTION[Server]: [grug_mobs] start npcs lethariel: grug_mobs:villager_elf placed at socket mere_shrine_north (1820,43,-1482)
ACTION[Server]: [grug_mobs] start npcs lethariel: grug_mobs:villager_elf placed at socket bough_east_deck (1840,48,-1517)
ACTION[Server]: [grug_mobs] start npcs lethariel: grug_mobs:villager_elf placed at socket bough_east_foot (1839,42,-1515)
ACTION[Server]: [grug_mobs] start npcs lethariel: grug_traders:vendor_race_elf placed at socket vendor_race (1817,42,-1525)
ACTION[Server]: [grug_mobs] start npcs lethariel: grug_traders:vendor_general_accord placed at socket vendor_general (1824,42,-1525)
ACTION[Server]: [grug_mobs] start npcs lethariel: grug_mobs:villager_elf placed at socket grove_idle_walk (1822,42,-1491)
ACTION[Server]: [grug_mobs] start npcs lethariel: grug_mobs:villager_elf placed at socket grove_idle_shrine (1818,42,-1489)
ACTION[Server]: [grug_mobs] start npcs lethariel: grug_mobs:villager_elf placed at socket market_idle_walk (1812,42,-1524)
ACTION[Server]: [grug_mobs] start npcs lethariel: grug_mobs:villager_elf placed at socket shore_work_counter (1808,42,-1487)
ACTION[Server]: [grug_mobs] start npcs lethariel: grug_mobs:villager_elf placed at socket shore_work_pile (1813,42,-1487)
ACTION[Server]: [grug_mobs] start npcs lethariel: grug_mobs:villager_elf placed at socket shore_work_beds (1809,42,-1484)
ACTION[Server]: [grug_mobs] start npcs lethariel: grug_mobs:villager_elf placed at socket shore_work_stone (1813,42,-1484)
ACTION[Server]: [grug_mobs] start npcs elf lethariel: guards 11/22 flair 43/175 vendor 2/9 quest 1/2 royal 1/1 new 27 pending 151 spare 24 residents 159 walkers 22
ACTION[Emerge-0]: GRUG_WP13_CAPITAL event=mapchunk case=control_capital_lethariel mapchunk=1728:48:-1552 kind=control_capital elapsed_us=536978
ACTION[Emerge-0]: GRUG_WP13_CAPITAL event=mapchunk case=control_capital_lethariel mapchunk=1808:48:-1552 kind=control_capital elapsed_us=281466
ACTION[Emerge-0]: GRUG_WP13_CAPITAL event=mapchunk case=control_capital_lethariel mapchunk=1728:-32:-1472 kind=control_capital elapsed_us=633774
ACTION[Emerge-0]: GRUG_WP13_CAPITAL event=mapchunk case=control_capital_lethariel mapchunk=1808:-32:-1472 kind=control_capital elapsed_us=439444
ACTION[Emerge-0]: GRUG_WP13_CAPITAL event=mapchunk case=control_capital_lethariel mapchunk=1728:48:-1472 kind=control_capital elapsed_us=238820
ACTION[Emerge-0]: GRUG_WP13_CAPITAL event=mapchunk case=control_capital_lethariel mapchunk=1808:48:-1472 kind=control_capital elapsed_us=241291
ACTION[Emerge-0]: GRUG_WP13_CAPITAL event=mapchunk case=core mapchunk=-1872:128:-1552 kind=capital elapsed_us=1324750
ACTION[Emerge-0]: GRUG_WP13_CAPITAL event=mapchunk case=core mapchunk=-1792:128:-1552 kind=capital elapsed_us=836604
ACTION[Server]: [grug_mobs] start npcs dur_brannoc: grug_mobs:guard_accord placed at socket door_guard_west (-1803,152,-1489)
ACTION[Server]: [grug_mobs] start npcs dur_brannoc: grug_mobs:guard_accord placed at socket door_guard_east (-1796,152,-1489)
ACTION[Server]: [grug_mobs] start npcs dur_brannoc: grug_mobs:villager_dwarf placed at socket hall_idle_west (-1813,152,-1481)
ACTION[Server]: [grug_mobs] start npcs dur_brannoc: grug_mobs:villager_dwarf placed at socket hall_idle_east (-1787,152,-1481)
ACTION[Server]: [grug_mobs] start npcs dur_brannoc: grug_mobs:guard_accord placed at socket gate_south_post_west (-1802,150,-1548)
ACTION[Server]: [grug_mobs] start npcs dur_brannoc: grug_mobs:guard_accord placed at socket gate_south_post_east (-1798,150,-1548)
ACTION[Server]: [grug_mobs] start npcs dur_brannoc: grug_mobs:guard_accord placed at socket gate_south_deck (-1800,161,-1546)
ACTION[Server]: [grug_mobs] start npcs dur_brannoc: grug_mobs:villager_dwarf placed at socket gate_south_idle_west (-1805,150,-1545)
ACTION[Server]: [grug_mobs] start npcs dur_brannoc: grug_mobs:villager_dwarf placed at socket gate_south_idle_east (-1795,150,-1545)
ACTION[Server]: [grug_mobs] start npcs dur_brannoc: grug_mobs:guard_accord placed at socket gate_west_post_west (-1848,150,-1498)
ACTION[Server]: [grug_mobs] start npcs dur_brannoc: grug_mobs:guard_accord placed at socket gate_west_post_east (-1848,150,-1502)
ACTION[Server]: [grug_mobs] start npcs dur_brannoc: grug_mobs:guard_accord placed at socket gate_west_deck (-1846,161,-1500)
ACTION[Server]: [grug_mobs] start npcs dur_brannoc: grug_mobs:villager_dwarf placed at socket gate_west_idle_west (-1845,150,-1495)
ACTION[Server]: [grug_mobs] start npcs dur_brannoc: grug_mobs:villager_dwarf placed at socket gate_west_idle_east (-1845,150,-1505)
ACTION[Server]: [grug_mobs] start npcs dur_brannoc: grug_mobs:guard_accord placed at socket gate_east_post_west (-1752,150,-1502)
ACTION[Server]: [grug_mobs] start npcs dur_brannoc: grug_mobs:guard_accord placed at socket gate_east_post_east (-1752,150,-1498)
ACTION[Server]: [grug_mobs] start npcs dur_brannoc: grug_mobs:guard_accord placed at socket gate_east_deck (-1754,161,-1500)
ACTION[Server]: [grug_mobs] start npcs dur_brannoc: grug_mobs:villager_dwarf placed at socket gate_east_idle_west (-1755,150,-1505)
ACTION[Server]: [grug_mobs] start npcs dur_brannoc: grug_mobs:villager_dwarf placed at socket gate_east_idle_east (-1755,150,-1495)
ACTION[Server]: [grug_mobs] start npcs dur_brannoc: grug_mobs:villager_dwarf placed at socket market_booth_1 (-1830,150,-1525)
ACTION[Server]: [grug_mobs] start npcs dur_brannoc: grug_mobs:villager_dwarf placed at socket market_booth_2 (-1816,150,-1525)
ACTION[Server]: [grug_mobs] start npcs dur_brannoc: grug_mobs:villager_dwarf placed at socket market_booth_3 (-1830,150,-1507)
ACTION[Server]: [grug_mobs] start npcs dur_brannoc: grug_mobs:villager_dwarf placed at socket market_booth_4 (-1816,150,-1507)
ACTION[Server]: [grug_mobs] start npcs dur_brannoc: grug_mobs:villager_dwarf placed at socket market_idle_west (-1832,150,-1523)
ACTION[Server]: [grug_mobs] start npcs dur_brannoc: grug_mobs:villager_dwarf placed at socket market_idle_east (-1814,150,-1509)
ACTION[Server]: [grug_mobs] start npcs dur_brannoc: grug_mobs:villager_dwarf placed at socket colonnade_west_idle_a (-1808,150,-1509)
ACTION[Server]: [grug_mobs] start npcs dur_brannoc: grug_mobs:villager_dwarf placed at socket colonnade_west_idle_b (-1806,150,-1519)
ACTION[Server]: [grug_mobs] start npcs dur_brannoc: grug_mobs:guard_accord placed at socket colonnade_west_walk (-1807,150,-1514)
ACTION[Server]: [grug_mobs] start npcs dur_brannoc: grug_mobs:villager_dwarf placed at socket colonnade_east_idle_a (-1793,150,-1519)
ACTION[Server]: [grug_mobs] start npcs dur_brannoc: grug_mobs:villager_dwarf placed at socket colonnade_east_idle_b (-1795,150,-1509)
ACTION[Server]: [grug_mobs] start npcs dur_brannoc: grug_mobs:villager_dwarf placed at socket statue_idle (-1784,150,-1511)
ACTION[Server]: [grug_mobs] start npcs dur_brannoc: grug_mobs:villager_dwarf placed at socket cistern_court_idle_a (-1840,150,-1489)
ACTION[Server]: [grug_mobs] start npcs dur_brannoc: grug_mobs:villager_dwarf placed at socket cistern_court_idle_b (-1840,150,-1483)
ACTION[Server]: [grug_mobs] start npcs dur_brannoc: grug_mobs:elder_dwarf placed at socket ancestor_hall_quest (-1838,150,-1479)
ACTION[Server]: [grug_mobs] start npcs dur_brannoc: grug_mobs:villager_dwarf placed at socket masons_guild_desk_a (-1765,150,-1534)
ACTION[Server]: [grug_mobs] start npcs dur_brannoc: grug_mobs:villager_dwarf placed at socket masons_guild_desk_b (-1765,150,-1542)
ACTION[Server]: [grug_mobs] start npcs dur_brannoc: grug_traders:vendor_race_dwarf placed at socket vendor_race (-1757,150,-1491)
ACTION[Server]: [grug_mobs] start npcs dur_brannoc: grug_traders:vendor_general_accord placed at socket vendor_general (-1757,150,-1484)
ACTION[Server]: [grug_mobs] start npcs dur_brannoc: grug_mobs:villager_dwarf placed at socket court_idle_forge (-1759,150,-1477)
ACTION[Server]: [grug_mobs] start npcs dur_brannoc: grug_mobs:villager_dwarf placed at socket court_idle_yard (-1772,150,-1476)
ACTION[Server]: [grug_mobs] start npcs dur_brannoc: grug_mobs:villager_dwarf placed at socket forecourt_idle_west (-1806,150,-1497)
ACTION[Server]: [grug_mobs] start npcs dur_brannoc: grug_mobs:villager_dwarf placed at socket forecourt_idle_east (-1793,150,-1497)
ACTION[Server]: [grug_mobs] start npcs dwarf dur_brannoc: guards 12/28 flair 27/180 vendor 2/9 quest 1/2 royal 0/1 new 42 pending 178 spare 23 residents 164 walkers 22
ACTION[Server]: [grug_mobs] start npcs lethariel: grug_mobs:guard_accord placed at socket gate_south_deck (1800,53,-1546)
ACTION[Server]: [grug_mobs] start npcs lethariel: grug_mobs:guard_accord placed at socket gate_west_deck (1754,53,-1500)
ACTION[Server]: [grug_mobs] start npcs lethariel: grug_mobs:guard_accord placed at socket gate_east_deck (1846,53,-1500)
ACTION[Server]: [grug_mobs] start npcs lethariel: grug_mobs:villager_elf placed at socket bough_west_deck (1790,49,-1487)
ACTION[Server]: [grug_mobs] start npcs lethariel: grug_mobs:villager_elf placed at socket quay_idle_west (1777,42,-1472)
ACTION[Server]: [grug_mobs] start npcs lethariel: grug_mobs:villager_elf placed at socket quay_idle_east (1823,42,-1472)
ACTION[Server]: [grug_mobs] start npcs lethariel: grug_mobs:villager_elf placed at socket market_granary/market_granary_work (1728,39,-1420)
ACTION[Server]: [grug_mobs] start npcs lethariel: grug_mobs:guard_accord placed at socket market_granary/market_granary_watch (1728,39,-1432)
ACTION[Server]: [grug_mobs] start npcs lethariel: grug_mobs:villager_elf placed at socket market_granary/market_granary_gate_idle (1728,39,-1432)
ACTION[Server]: [grug_mobs] start npcs elf lethariel: guards 15/22 flair 48/175 vendor 2/9 quest 1/2 royal 1/1 new 9 pending 142 spare 24 residents 159 walkers 22
ACTION[Emerge-0]: GRUG_WP13_CAPITAL event=mapchunk case=core mapchunk=-1872:128:-1472 kind=capital elapsed_us=885143
ACTION[Emerge-0]: GRUG_WP13_CAPITAL event=mapchunk case=core mapchunk=-1792:128:-1472 kind=capital elapsed_us=677224
ACTION[Emerge-0]: GRUG_WP13_CAPITAL event=mapchunk case=plot_forge_charcoal mapchunk=-1952:48:-1632 kind=capital elapsed_us=989346
ACTION[Emerge-0]: GRUG_WP13_CAPITAL event=mapchunk case=plot_forge_pack_stable mapchunk=-1952:48:-1712 kind=capital elapsed_us=879277
ACTION[Emerge-0]: GRUG_WP13_CAPITAL event=mapchunk case=plot_forge_smithy mapchunk=-1952:48:-1792 kind=capital elapsed_us=949366
ACTION[Server]: [grug_mobs] start npcs dur_brannoc: grug_mobs:king_dwarf placed at socket king (-1800,155,-1468)
ACTION[Server]: [grug_mobs] start npcs dur_brannoc: grug_mobs:royal_guard_dwarf placed at socket throne_guard_west (-1807,153,-1471)
ACTION[Server]: [grug_mobs] start npcs dur_brannoc: grug_mobs:royal_guard_dwarf placed at socket throne_guard_east (-1793,153,-1471)
ACTION[Server]: [grug_mobs] start npcs dur_brannoc: grug_mobs:villager_dwarf placed at socket hall_idle_service (-1813,152,-1472)
ACTION[Server]: [grug_mobs] start npcs dur_brannoc: grug_mobs:guard_accord placed at socket gate_north_post_west (-1798,150,-1452)
ACTION[Server]: [grug_mobs] start npcs dur_brannoc: grug_mobs:guard_accord placed at socket gate_north_post_east (-1802,150,-1452)
ACTION[Server]: [grug_mobs] start npcs dur_brannoc: grug_mobs:guard_accord placed at socket gate_north_deck (-1800,161,-1454)
ACTION[Server]: [grug_mobs] start npcs dur_brannoc: grug_mobs:villager_dwarf placed at socket gate_north_idle_west (-1795,150,-1455)
ACTION[Server]: [grug_mobs] start npcs dur_brannoc: grug_mobs:villager_dwarf placed at socket gate_north_idle_east (-1805,150,-1455)
ACTION[Server]: [grug_mobs] start npcs dur_brannoc: grug_mobs:villager_dwarf placed at socket ancestor_hall_altar (-1838,150,-1463)
ACTION[Server]: [grug_mobs] start npcs dur_brannoc: grug_mobs:villager_dwarf placed at socket court_idle_fire (-1765,150,-1461)
ACTION[Server]: [grug_mobs] start npcs dur_brannoc: grug_mobs:villager_dwarf placed at socket forge_charcoal/forge_charcoal_work (-1916,101,-1616)
ACTION[Server]: [grug_mobs] start npcs dur_brannoc: grug_mobs:guard_accord placed at socket forge_charcoal/forge_charcoal_watch (-1916,101,-1628)
ACTION[Server]: [grug_mobs] start npcs dur_brannoc: grug_mobs:villager_dwarf placed at socket forge_charcoal/forge_charcoal_gate_idle (-1916,101,-1628)
ACTION[Server]: [grug_mobs] start npcs dur_brannoc: grug_mobs:villager_dwarf placed at socket forge_charcoal/forge_charcoal_work_charcoal_west (-1921,101,-1630)
ACTION[Server]: [grug_mobs] start npcs dur_brannoc: grug_mobs:villager_dwarf placed at socket forge_charcoal/forge_charcoal_work_charcoal_east (-1911,101,-1630)
ACTION[Server]: [grug_mobs] start npcs dur_brannoc: grug_mobs:villager_dwarf placed at socket forge_pack_stable/forge_pack_stable_groom (-1924,97,-1670)
ACTION[Server]: [grug_mobs] start npcs dur_brannoc: grug_mobs:villager_dwarf placed at socket forge_pack_stable/forge_pack_stable_gate (-1908,97,-1670)
ACTION[Server]: [grug_mobs] start npcs dur_brannoc: grug_mobs:villager_dwarf placed at socket forge_pack_stable/forge_pack_stable_gate_idle (-1908,97,-1670)
ACTION[Server]: [grug_mobs] start npcs dur_brannoc: grug_mobs:villager_dwarf placed at socket forge_pack_stable/forge_pack_stable_work_stable_tend (-1926,97,-1675)
ACTION[Server]: [grug_mobs] start npcs dur_brannoc: grug_mobs:capital_display placed at socket forge_pack_stable/forge_pack_stable_mount_1 (-1921,97,-1667)
ACTION[Server]: [grug_mobs] start npcs dur_brannoc: grug_mobs:capital_display placed at socket forge_pack_stable/forge_pack_stable_mount_2 (-1911,97,-1667)
ACTION[Server]: [grug_mobs] start npcs dur_brannoc: grug_mobs:capital_display placed at socket forge_pack_stable/forge_pack_stable_mount_3 (-1921,97,-1661)
ACTION[Server]: [grug_mobs] start npcs dur_brannoc: grug_mobs:capital_display placed at socket forge_pack_stable/forge_pack_stable_mount_4 (-1911,97,-1661)
ACTION[Server]: [grug_mobs] start npcs dur_brannoc: grug_mobs:villager_dwarf placed at socket forge_pack_stable/forge_pack_stable_riding (-1916,97,-1670)
ACTION[Server]: [grug_mobs] start npcs dur_brannoc: grug_mobs:villager_dwarf placed at socket forge_smithy/forge_smithy_gate_idle (-1916,99,-1716)
ACTION[Server]: [grug_mobs] start npcs dur_brannoc: grug_mobs:villager_dwarf placed at socket forge_smithy/forge_smithy_work_anvil (-1922,99,-1718)
ACTION[Server]: [grug_mobs] start npcs dur_brannoc: grug_traders:vendor_smith placed at socket forge_smithy/forge_smithy_vendor_smith (-1911,99,-1718)
ACTION[Server]: [grug_mobs] start npcs dur_brannoc: grug_mobs:villager_dwarf placed at socket forge_smithy/forge_smithy_weaponsmith (-1918,99,-1709)
ACTION[Server]: [grug_mobs] start npcs dur_brannoc: grug_mobs:villager_dwarf placed at socket forge_smithy/forge_smithy_armorsmith (-1914,99,-1709)
ACTION[Server]: [grug_mobs] start npcs dur_brannoc: grug_mobs:capital_display placed at socket forge_smithy/forge_smithy_weapon (-1919,100,-1705)
ACTION[Server]: [grug_mobs] start npcs dur_brannoc: grug_mobs:capital_display placed at socket forge_smithy/forge_smithy_armor (-1913,100,-1705)
ACTION[Server]: [grug_mobs] start npcs dur_brannoc: grug_mobs:villager_dwarf placed at socket forge_ore_court/forge_ore_court_gate_idle (-1884,101,-1717)
ACTION[Server]: [grug_mobs] start npcs dur_brannoc: grug_mobs:villager_dwarf placed at socket forge_ore_court/forge_ore_court_work_court_face (-1891,101,-1700)
ACTION[Server]: [grug_mobs] start npcs dur_brannoc: grug_mobs:villager_dwarf placed at socket forge_ore_court/forge_ore_court_work_court_adit (-1879,101,-1700)
ACTION[Server]: [grug_mobs] start npcs dur_brannoc: grug_mobs:villager_dwarf placed at socket forge_ore_court/forge_ore_court_work_court_spoil (-1893,101,-1700)
ACTION[Server]: [grug_mobs] start npcs dwarf dur_brannoc: guards 18/28 flair 55/180 vendor 3/9 quest 1/2 royal 1/1 new 36 pending 142 spare 23 residents 164 walkers 22
ACTION[Emerge-0]: GRUG_WP13_CAPITAL event=mapchunk case=plot_forge_guild_house mapchunk=-2032:48:-1632 kind=capital elapsed_us=842960
ACTION[Emerge-0]: GRUG_WP13_CAPITAL event=mapchunk case=plot_forge_quench_court mapchunk=-2032:48:-1712 kind=capital elapsed_us=684409
ACTION[Emerge-0]: GRUG_WP13_CAPITAL event=mapchunk case=plot_forge_watch mapchunk=-2032:48:-1792 kind=capital elapsed_us=831766
ACTION[Emerge-0]: GRUG_WP13_CAPITAL event=mapchunk case=plot_forge_slag_yard mapchunk=-2112:48:-1712 kind=capital elapsed_us=793693
ACTION[Emerge-0]: GRUG_WP13_CAPITAL event=mapchunk case=plot_garrison_barracks mapchunk=-1952:48:-1472 kind=capital elapsed_us=1251541
ACTION[Server]: [grug_mobs] start npcs dur_brannoc: grug_mobs:villager_dwarf placed at socket forge_guild_house/forge_guild_house_desk_a (-1964,101,-1624)
ACTION[Server]: [grug_mobs] start npcs dur_brannoc: grug_mobs:villager_dwarf placed at socket forge_guild_house/forge_guild_house_desk_b (-1964,101,-1616)
ACTION[Server]: [grug_mobs] start npcs dur_brannoc: grug_mobs:villager_dwarf placed at socket forge_guild_house/forge_guild_house_gate_idle (-1964,101,-1629)
ACTION[Server]: [grug_mobs] start npcs dur_brannoc: grug_mobs:villager_dwarf placed at socket forge_guild_house/forge_guild_house_work_guild_bench (-1970,102,-1630)
ACTION[Server]: [grug_mobs] start npcs dur_brannoc: grug_mobs:villager_dwarf placed at socket forge_guild_house/forge_guild_house_tailor (-1966,101,-1621)
ACTION[Server]: [grug_mobs] start npcs dur_brannoc: grug_mobs:villager_dwarf placed at socket forge_quench_court/forge_quench_court_idle_a (-1960,98,-1667)
ACTION[Server]: [grug_mobs] start npcs dur_brannoc: grug_mobs:villager_dwarf placed at socket forge_quench_court/forge_quench_court_idle_b (-1960,98,-1661)
ACTION[Server]: [grug_mobs] start npcs dur_brannoc: grug_mobs:villager_dwarf placed at socket forge_quench_court/forge_quench_court_gate_idle (-1960,98,-1672)
ACTION[Server]: [grug_mobs] start npcs dur_brannoc: grug_mobs:villager_dwarf placed at socket forge_quench_court/forge_quench_court_work_quench_bench (-1961,99,-1656)
ACTION[Server]: [grug_mobs] start npcs dur_brannoc: grug_mobs:guard_accord placed at socket forge_watch/forge_watch_post (-1960,103,-1716)
ACTION[Server]: [grug_mobs] start npcs dur_brannoc: grug_mobs:villager_dwarf placed at socket forge_watch/forge_watch_muster (-1960,103,-1701)
ACTION[Server]: [grug_mobs] start npcs dur_brannoc: grug_mobs:villager_dwarf placed at socket forge_watch/forge_watch_gate_idle (-1960,103,-1719)
ACTION[Server]: [grug_mobs] start npcs dur_brannoc: grug_mobs:villager_dwarf placed at socket forge_copse/forge_copse_idle (-2004,102,-1620)
ACTION[Server]: [grug_mobs] start npcs dur_brannoc: grug_mobs:villager_dwarf placed at socket forge_copse/forge_copse_gate_idle (-2004,102,-1627)
ACTION[Server]: [grug_mobs] start npcs dur_brannoc: grug_mobs:villager_dwarf placed at socket forge_copse/forge_copse_work_copse_forage (-2010,102,-1629)
ACTION[Server]: [grug_mobs] start npcs dur_brannoc: grug_mobs:villager_dwarf placed at socket forge_ore_yard/forge_ore_yard_work (-2004,94,-1660)
ACTION[Server]: [grug_mobs] start npcs dur_brannoc: grug_mobs:villager_dwarf placed at socket forge_ore_yard/forge_ore_yard_gate_idle (-2004,94,-1672)
ACTION[Server]: [grug_mobs] start npcs dur_brannoc: grug_mobs:villager_dwarf placed at socket forge_ore_yard/forge_ore_yard_work_ore_sort (-2009,94,-1674)
ACTION[Server]: [grug_mobs] start npcs dur_brannoc: grug_mobs:villager_dwarf placed at socket forge_ore_yard/forge_ore_yard_goldsmith (-2006,94,-1665)
ACTION[Server]: [grug_mobs] start npcs dur_brannoc: grug_mobs:capital_display placed at socket forge_ore_yard/forge_ore_yard_jewel (-2001,95,-1662)
ACTION[Server]: [grug_mobs] start npcs dur_brannoc: grug_mobs:villager_dwarf placed at socket forge_store/forge_store_gate_idle (-2004,101,-1720)
ACTION[Server]: [grug_mobs] start npcs dur_brannoc: grug_mobs:villager_dwarf placed at socket forge_store/forge_store_work_store_counter (-1998,101,-1722)
ACTION[Server]: [grug_mobs] start npcs dur_brannoc: grug_mobs:villager_dwarf placed at socket forge_store/forge_store_leatherworker (-2006,101,-1713)
ACTION[Server]: [grug_mobs] start npcs dur_brannoc: grug_mobs:villager_dwarf placed at socket forge_charcoal_field/forge_charcoal_field_gate_idle (-2018,105,-1597)
ACTION[Server]: [grug_mobs] start npcs dur_brannoc: grug_mobs:villager_dwarf placed at socket forge_charcoal_field/forge_charcoal_field_work_field_west (-2024,105,-1588)
ACTION[Server]: [grug_mobs] start npcs dur_brannoc: grug_mobs:villager_dwarf placed at socket forge_charcoal_field/forge_charcoal_field_work_field_east (-2014,105,-1588)
ACTION[Server]: [grug_mobs] start npcs dur_brannoc: grug_mobs:villager_dwarf placed at socket forge_slag_yard/forge_slag_yard_gate_idle (-2032,99,-1710)
ACTION[Server]: [grug_mobs] start npcs dur_brannoc: grug_mobs:villager_dwarf placed at socket forge_slag_yard/forge_slag_yard_work_slag_banker (-2029,99,-1708)
ACTION[Server]: [grug_mobs] start npcs dur_brannoc: grug_mobs:villager_dwarf placed at socket forge_slag_yard/forge_slag_yard_work_slag_blocks (-2034,99,-1707)
ACTION[Server]: [grug_mobs] start npcs dur_brannoc: grug_mobs:villager_dwarf placed at socket forge_green/forge_green_gate_idle (-2028,94,-1659)
ACTION[Server]: [grug_mobs] start npcs dur_brannoc: grug_mobs:villager_dwarf placed at socket forge_green/forge_green_work_green_bench (-2032,95,-1659)
ACTION[Server]: [grug_mobs] start npcs dur_brannoc: grug_mobs:guard_accord placed at socket garrison_barracks/garrison_barracks_post (-1920,105,-1436)
ACTION[Server]: [grug_mobs] start npcs dur_brannoc: grug_mobs:villager_dwarf placed at socket garrison_barracks/garrison_barracks_muster (-1920,105,-1421)
ACTION[Server]: [grug_mobs] start npcs dur_brannoc: grug_mobs:guard_accord placed at socket garrison_barracks/garrison_barracks_yard (-1920,105,-1424)
ACTION[Server]: [grug_mobs] start npcs dur_brannoc: grug_mobs:villager_dwarf placed at socket garrison_barracks/garrison_barracks_gate_idle (-1920,105,-1439)
ACTION[Server]: [grug_mobs] start npcs dur_brannoc: grug_mobs:guard_accord placed at socket garrison_barracks/garrison_barracks_post_gate_west (-1929,105,-1438)
ACTION[Server]: [grug_mobs] start npcs dur_brannoc: grug_mobs:guard_accord placed at socket garrison_barracks/garrison_barracks_post_gate_east (-1911,105,-1438)
ACTION[Server]: [grug_mobs] start npcs dur_brannoc: grug_mobs:villager_dwarf placed at socket garrison_drill_yard/garrison_drill_yard_gate_idle (-1920,102,-1396)
ACTION[Server]: [grug_mobs] start npcs dwarf dur_brannoc: guards 23/28 flair 88/180 vendor 3/9 quest 1/2 royal 1/1 new 38 pending 104 spare 23 residents 164 walkers 22
ACTION[Emerge-0]: GRUG_WP13_CAPITAL event=mapchunk case=plot_garrison_muster_hall mapchunk=-2032:48:-1472 kind=capital elapsed_us=1430682
ACTION[Emerge-0]: GRUG_WP13_CAPITAL event=mapchunk case=plot_garrison_drill_yard mapchunk=-1952:48:-1392 kind=capital elapsed_us=872413
ACTION[Emerge-0]: GRUG_WP13_CAPITAL event=mapchunk case=plot_garrison_stable mapchunk=-2032:48:-1392 kind=capital elapsed_us=717334
ACTION[Emerge-0]: GRUG_WP13_CAPITAL event=mapchunk case=plot_garrison_muster_field mapchunk=-2112:48:-1392 kind=capital elapsed_us=843558
ACTION[Emerge-0]: GRUG_WP13_CAPITAL event=mapchunk case=plot_garrison_pack_pen mapchunk=-1952:48:-1312 kind=capital elapsed_us=981785
ACTION[Emerge-0]: GRUG_WP13_CAPITAL event=mapchunk case=plot_garrison_wood_yard mapchunk=-2112:48:-1312 kind=capital elapsed_us=928251
ACTION[Server]: [grug_mobs] start npcs dur_brannoc: grug_mobs:villager_dwarf placed at socket garrison_muster_hall/garrison_muster_hall_gate_idle (-1964,106,-1437)
ACTION[Server]: [grug_mobs] start npcs dur_brannoc: grug_mobs:villager_dwarf placed at socket garrison_armoury/garrison_armoury_gate_idle (-2008,102,-1436)
ACTION[Server]: [grug_mobs] start npcs dur_brannoc: grug_mobs:villager_dwarf placed at socket garrison_armoury/garrison_armoury_work_armoury_anvil (-2015,102,-1438)
ACTION[Server]: [grug_mobs] start npcs dur_brannoc: grug_traders:vendor_armourer placed at socket garrison_armoury/garrison_armoury_vendor_armourer (-2002,102,-1438)
ACTION[Server]: [grug_mobs] start npcs dur_brannoc: grug_mobs:guard_accord placed at socket garrison_drill_yard/garrison_drill_yard_post_yard_west (-1927,102,-1392)
ACTION[Server]: [grug_mobs] start npcs dur_brannoc: grug_mobs:guard_accord placed at socket garrison_drill_yard/garrison_drill_yard_post_yard_east (-1913,102,-1392)
ACTION[Server]: [grug_mobs] start npcs dur_brannoc: grug_mobs:villager_dwarf placed at socket garrison_drill_yard/garrison_drill_yard_work_yard_spar_west (-1928,102,-1381)
ACTION[Server]: [grug_mobs] start npcs dur_brannoc: grug_mobs:villager_dwarf placed at socket garrison_drill_yard/garrison_drill_yard_work_yard_spar_east (-1912,102,-1381)
ACTION[Server]: [grug_mobs] start npcs dur_brannoc: grug_mobs:villager_dwarf placed at socket garrison_stable/garrison_stable_groom (-1964,106,-1380)
ACTION[Server]: [grug_mobs] start npcs dur_brannoc: grug_mobs:villager_dwarf placed at socket garrison_stable/garrison_stable_gate (-1964,106,-1388)
ACTION[Server]: [grug_mobs] start npcs dur_brannoc: grug_mobs:villager_dwarf placed at socket garrison_stable/garrison_stable_gate_idle (-1964,106,-1391)
ACTION[Server]: [grug_mobs] start npcs dur_brannoc: grug_mobs:villager_dwarf placed at socket garrison_stable/garrison_stable_work_stable_tend (-1971,106,-1393)
ACTION[Server]: [grug_mobs] start npcs dur_brannoc: grug_mobs:villager_dwarf placed at socket garrison_quartermaster/garrison_quartermaster_gate_idle (-2008,106,-1392)
ACTION[Server]: [grug_mobs] start npcs dur_brannoc: grug_mobs:villager_dwarf placed at socket garrison_wain_shed/garrison_wain_shed_gate_idle (-1920,102,-1351)
ACTION[Server]: [grug_mobs] start npcs dur_brannoc: grug_mobs:villager_dwarf placed at socket garrison_wain_shed/garrison_wain_shed_work_shed_saw (-1929,102,-1353)
ACTION[Server]: [grug_mobs] start npcs dur_brannoc: grug_mobs:villager_dwarf placed at socket garrison_serjeant/garrison_serjeant_gate_idle (-1964,104,-1344)
ACTION[Server]: [grug_mobs] start npcs dur_brannoc: grug_mobs:villager_dwarf placed at socket garrison_watch_tower/garrison_watch_tower_gate_idle (-2004,102,-1345)
ACTION[Server]: [grug_mobs] start npcs dur_brannoc: grug_mobs:guard_accord placed at socket garrison_watch_tower/garrison_watch_tower_post_tower_foot (-2009,102,-1344)
ACTION[Server]: [grug_mobs] start npcs dur_brannoc: grug_mobs:villager_dwarf placed at socket garrison_muster_field/garrison_muster_field_gate_idle (-2034,99,-1361)
ACTION[Server]: [grug_mobs] start npcs dur_brannoc: grug_mobs:villager_dwarf placed at socket garrison_muster_field/garrison_muster_field_work_muster_spar_south (-2034,99,-1354)
ACTION[Server]: [grug_mobs] start npcs dur_brannoc: grug_mobs:villager_dwarf placed at socket garrison_muster_field/garrison_muster_field_work_muster_spar_north (-2034,99,-1350)
ACTION[Server]: [grug_mobs] start npcs dur_brannoc: grug_mobs:villager_dwarf placed at socket garrison_muster_field/garrison_muster_field_work_muster_rake (-2042,99,-1361)
ACTION[Server]: [grug_mobs] start npcs dur_brannoc: grug_mobs:villager_dwarf placed at socket garrison_pack_pen/garrison_pack_pen_gate_idle (-1920,102,-1277)
ACTION[Server]: [grug_mobs] start npcs dur_brannoc: grug_mobs:villager_dwarf placed at socket garrison_pack_pen/garrison_pack_pen_work_pen_trough (-1928,102,-1265)
ACTION[Server]: [grug_mobs] start npcs dur_brannoc: grug_mobs:villager_dwarf placed at socket garrison_pack_pen/garrison_pack_pen_work_pen_saw (-1928,102,-1277)
ACTION[Server]: [grug_mobs] start npcs dur_brannoc: grug_mobs:villager_dwarf placed at socket garrison_wood_yard/garrison_wood_yard_work_saw_west (-2036,99,-1274)
ACTION[Server]: [grug_mobs] start npcs dwarf dur_brannoc: guards 26/28 flair 110/180 vendor 4/9 quest 1/2 royal 1/1 new 26 pending 78 spare 23 residents 164 walkers 22
ACTION[Emerge-0]: GRUG_WP13_CAPITAL event=mapchunk case=plot_garrison_wood_yard mapchunk=-2032:48:-1312 kind=capital elapsed_us=587896
ACTION[Emerge-0]: GRUG_WP13_CAPITAL event=mapchunk case=plot_deep_hall_of_record mapchunk=-1712:48:-1632 kind=capital elapsed_us=1092056
ACTION[Emerge-0]: GRUG_WP13_CAPITAL event=mapchunk case=plot_deep_memory_hall mapchunk=-1632:48:-1632 kind=capital elapsed_us=835484
ACTION[Emerge-0]: GRUG_WP13_CAPITAL event=mapchunk case=plot_deep_carvers mapchunk=-1712:48:-1712 kind=capital elapsed_us=847925
ACTION[Emerge-0]: GRUG_WP13_CAPITAL event=mapchunk case=plot_deep_archive mapchunk=-1632:48:-1712 kind=capital elapsed_us=737015
ACTION[Emerge-0]: GRUG_WP13_CAPITAL event=mapchunk case=plot_deep_keeper mapchunk=-1712:48:-1792 kind=capital elapsed_us=904270
ACTION[Server]: [grug_mobs] start npcs dur_brannoc: grug_mobs:villager_dwarf placed at socket garrison_wood_yard/garrison_wood_yard_gate_idle (-2032,99,-1274)
ACTION[Server]: [grug_mobs] start npcs dur_brannoc: grug_mobs:villager_dwarf placed at socket garrison_wood_yard/garrison_wood_yard_work_saw_east (-2028,99,-1274)
ACTION[Server]: [grug_mobs] start npcs dur_brannoc: grug_mobs:villager_dwarf placed at socket garrison_green/garrison_green_gate_idle (-1984,94,-1271)
ACTION[Server]: [grug_mobs] start npcs dur_brannoc: grug_mobs:villager_dwarf placed at socket garrison_green/garrison_green_work_green_bench (-1988,95,-1271)
ACTION[Server]: [grug_mobs] start npcs dur_brannoc: grug_mobs:villager_dwarf placed at socket deep_hall_of_record/deep_hall_of_record_altar (-1680,90,-1615)
ACTION[Server]: [grug_mobs] start npcs dur_brannoc: grug_mobs:elder_dwarf placed at socket deep_hall_of_record/deep_hall_of_record_quest (-1680,90,-1625)
ACTION[Server]: [grug_mobs] start npcs dur_brannoc: grug_mobs:guard_accord placed at socket deep_hall_of_record/deep_hall_of_record_watch (-1680,90,-1629)
ACTION[Server]: [grug_mobs] start npcs dur_brannoc: grug_mobs:villager_dwarf placed at socket deep_hall_of_record/deep_hall_of_record_gate_idle (-1680,90,-1629)
ACTION[Server]: [grug_mobs] start npcs dur_brannoc: grug_mobs:villager_dwarf placed at socket deep_hall_of_record/deep_hall_of_record_work_record_vigil (-1686,90,-1631)
ACTION[Server]: [grug_mobs] start npcs dur_brannoc: grug_mobs:villager_dwarf placed at socket deep_scriptorium/deep_scriptorium_desk_a (-1644,89,-1616)
ACTION[Server]: [grug_mobs] start npcs dur_brannoc: grug_mobs:villager_dwarf placed at socket deep_scriptorium/deep_scriptorium_desk_b (-1644,89,-1608)
ACTION[Server]: [grug_mobs] start npcs dur_brannoc: grug_mobs:villager_dwarf placed at socket deep_scriptorium/deep_scriptorium_gate_idle (-1644,89,-1621)
ACTION[Server]: [grug_mobs] start npcs dur_brannoc: grug_mobs:villager_dwarf placed at socket deep_scriptorium/deep_scriptorium_work_scriptorium_bench (-1650,90,-1622)
ACTION[Server]: [grug_mobs] start npcs dur_brannoc: grug_mobs:villager_dwarf placed at socket deep_memory_hall/deep_memory_hall_gate_idle (-1600,90,-1621)
ACTION[Server]: [grug_mobs] start npcs dur_brannoc: grug_mobs:villager_dwarf placed at socket deep_memory_hall/deep_memory_hall_work_memory_vigil (-1608,90,-1623)
ACTION[Server]: [grug_mobs] start npcs dur_brannoc: grug_traders:vendor_embalmer placed at socket deep_memory_hall/deep_memory_hall_vendor_deep_embalmer (-1594,90,-1623)
ACTION[Server]: [grug_mobs] start npcs dur_brannoc: grug_mobs:villager_dwarf placed at socket deep_carvers/deep_carvers_gate_idle (-1688,102,-1672)
ACTION[Server]: [grug_mobs] start npcs dur_brannoc: grug_mobs:villager_dwarf placed at socket deep_carvers/deep_carvers_work_carver_blocks (-1696,102,-1674)
ACTION[Server]: [grug_mobs] start npcs dur_brannoc: grug_traders:vendor_mason placed at socket deep_carvers/deep_carvers_vendor_deep_mason_stall (-1682,102,-1674)
ACTION[Server]: [grug_mobs] start npcs dur_brannoc: grug_mobs:villager_dwarf placed at socket deep_carvers/deep_carvers_woodcarver (-1690,102,-1665)
ACTION[Server]: [grug_mobs] start npcs dur_brannoc: grug_mobs:villager_dwarf placed at socket deep_lantern_court/deep_lantern_court_idle_a (-1644,98,-1667)
ACTION[Server]: [grug_mobs] start npcs dur_brannoc: grug_mobs:villager_dwarf placed at socket deep_lantern_court/deep_lantern_court_idle_b (-1644,98,-1661)
ACTION[Server]: [grug_mobs] start npcs dur_brannoc: grug_mobs:villager_dwarf placed at socket deep_lantern_court/deep_lantern_court_gate_idle (-1644,98,-1672)
ACTION[Server]: [grug_mobs] start npcs dur_brannoc: grug_mobs:villager_dwarf placed at socket deep_lantern_court/deep_lantern_court_work_lantern_bench (-1645,99,-1656)
ACTION[Server]: [grug_mobs] start npcs dur_brannoc: grug_mobs:villager_dwarf placed at socket deep_archive/deep_archive_gate_idle (-1600,90,-1672)
ACTION[Server]: [grug_mobs] start npcs dur_brannoc: grug_mobs:villager_dwarf placed at socket deep_keeper/deep_keeper_gate_idle (-1688,102,-1716)
ACTION[Server]: [grug_mobs] start npcs dur_brannoc: grug_mobs:villager_dwarf placed at socket deep_lamp_store/deep_lamp_store_gate_idle (-1644,98,-1715)
ACTION[Server]: [grug_mobs] start npcs dur_brannoc: grug_mobs:villager_dwarf placed at socket deep_lamp_store/deep_lamp_store_work_lamp_saw (-1653,98,-1717)
ACTION[Server]: [grug_mobs] start npcs dur_brannoc: grug_mobs:villager_dwarf placed at socket deep_mushroom_garden/deep_mushroom_garden_gate_idle (-1568,90,-1625)
ACTION[Server]: [grug_mobs] start npcs dur_brannoc: grug_mobs:villager_dwarf placed at socket deep_mushroom_garden/deep_mushroom_garden_work_garden_west (-1574,90,-1613)
ACTION[Server]: [grug_mobs] start npcs dur_brannoc: grug_mobs:villager_dwarf placed at socket deep_mushroom_garden/deep_mushroom_garden_work_garden_east (-1562,90,-1613)
ACTION[Server]: [grug_mobs] start npcs dur_brannoc: grug_mobs:villager_dwarf placed at socket deep_mushroom_garden/deep_mushroom_garden_work_garden_lower (-1574,90,-1619)
ACTION[Server]: [grug_mobs] start npcs dur_brannoc: grug_mobs:villager_dwarf placed at socket deep_green/deep_green_gate_idle (-1638,102,-1735)
ACTION[Server]: [grug_mobs] start npcs dur_brannoc: grug_mobs:villager_dwarf placed at socket deep_green/deep_green_work_green_bench (-1642,103,-1735)
ACTION[Server]: [grug_mobs] start npcs dwarf dur_brannoc: guards 27/28 flair 140/180 vendor 6/9 quest 2/2 royal 1/1 new 34 pending 44 spare 23 residents 164 walkers 22
ACTION[Emerge-0]: GRUG_WP13_CAPITAL event=mapchunk case=plot_deep_watch mapchunk=-1632:48:-1792 kind=capital elapsed_us=769664
ACTION[Emerge-0]: GRUG_WP13_CAPITAL event=mapchunk case=plot_deep_barrow_terrace mapchunk=-1792:48:-1792 kind=capital elapsed_us=884786
ACTION[Emerge-0]: GRUG_WP13_CAPITAL event=mapchunk case=plot_terrace_market mapchunk=-1712:48:-1472 kind=capital elapsed_us=1055221
ACTION[Emerge-0]: GRUG_WP13_CAPITAL event=mapchunk case=plot_terrace_market mapchunk=-1712:48:-1392 kind=capital elapsed_us=796489
ACTION[Emerge-0]: GRUG_WP13_CAPITAL event=mapchunk case=plot_terrace_alehouse mapchunk=-1712:48:-1312 kind=capital elapsed_us=846755
ACTION[Server]: [grug_mobs] start npcs dur_brannoc: grug_mobs:villager_dwarf placed at socket deep_watch/deep_watch_gate_idle (-1600,98,-1713)
ACTION[Server]: [grug_mobs] start npcs dur_brannoc: grug_mobs:villager_dwarf placed at socket deep_barrow_terrace/deep_barrow_terrace_gate_idle (-1720,106,-1741)
ACTION[Server]: [grug_mobs] start npcs dur_brannoc: grug_mobs:villager_dwarf placed at socket deep_barrow_terrace/deep_barrow_terrace_work_terrace_vigil (-1728,106,-1731)
ACTION[Server]: [grug_mobs] start npcs dur_brannoc: grug_mobs:villager_dwarf placed at socket deep_barrow_terrace/deep_barrow_terrace_work_terrace_rake (-1721,106,-1734)
ACTION[Server]: [grug_mobs] start npcs dur_brannoc: grug_mobs:villager_dwarf placed at socket deep_markers_yard/deep_markers_yard_gate_idle (-1572,97,-1738)
ACTION[Server]: [grug_mobs] start npcs dur_brannoc: grug_mobs:villager_dwarf placed at socket deep_markers_yard/deep_markers_yard_work_yard_banker_west (-1576,97,-1735)
ACTION[Server]: [grug_mobs] start npcs dur_brannoc: grug_mobs:villager_dwarf placed at socket deep_markers_yard/deep_markers_yard_work_yard_banker_east (-1569,97,-1735)
ACTION[Server]: [grug_mobs] start npcs dur_brannoc: grug_mobs:villager_dwarf placed at socket terrace_market/terrace_market_idle_a (-1689,91,-1393)
ACTION[Server]: [grug_mobs] start npcs dur_brannoc: grug_mobs:villager_dwarf placed at socket terrace_market/terrace_market_idle_b (-1679,91,-1391)
ACTION[Server]: [grug_mobs] start npcs dur_brannoc: grug_mobs:guard_accord placed at socket terrace_market/terrace_market_walk (-1684,91,-1392)
ACTION[Server]: [grug_mobs] start npcs dur_brannoc: grug_mobs:villager_dwarf placed at socket terrace_market/terrace_market_gate_idle (-1684,91,-1395)
ACTION[Server]: [grug_mobs] start npcs dur_brannoc: grug_mobs:villager_dwarf placed at socket terrace_market/terrace_market_work_market_stall (-1676,91,-1397)
ACTION[Server]: [grug_mobs] start npcs dur_brannoc: grug_traders:vendor_butcher placed at socket terrace_market/terrace_market_vendor_butcher (-1678,91,-1397)
ACTION[Server]: [grug_mobs] start npcs dur_brannoc: grug_mobs:villager_dwarf placed at socket terrace_brewhouse/terrace_brewhouse_gate_idle (-1680,90,-1352)
ACTION[Server]: [grug_mobs] start npcs dur_brannoc: grug_mobs:villager_dwarf placed at socket terrace_brewhouse/terrace_brewhouse_work_brewhouse_vats (-1688,90,-1354)
ACTION[Server]: [grug_mobs] start npcs dur_brannoc: grug_traders:vendor_brewer placed at socket terrace_brewhouse/terrace_brewhouse_vendor_brewer (-1674,90,-1354)
ACTION[Server]: [grug_mobs] start npcs dur_brannoc: grug_mobs:villager_dwarf placed at socket terrace_brewhouse/terrace_brewhouse_alchemist (-1682,90,-1345)
ACTION[Server]: [grug_mobs] start npcs dur_brannoc: grug_mobs:villager_dwarf placed at socket terrace_alehouse/terrace_alehouse_gate_idle (-1684,102,-1304)
ACTION[Server]: [grug_mobs] start npcs dur_brannoc: grug_mobs:villager_dwarf placed at socket terrace_alehouse/terrace_alehouse_work_alehouse_bench (-1691,103,-1305)
ACTION[Server]: [grug_mobs] start npcs dur_brannoc: grug_mobs:villager_dwarf placed at socket terrace_alehouse/terrace_alehouse_work_alehouse_bench_east (-1679,103,-1305)
ACTION[Server]: [grug_mobs] start npcs dur_brannoc: grug_mobs:villager_dwarf placed at socket terrace_bakehouse/terrace_bakehouse_gate_idle (-1644,90,-1396)
ACTION[Server]: [grug_mobs] start npcs dur_brannoc: grug_mobs:villager_dwarf placed at socket terrace_bakehouse/terrace_bakehouse_work_bakehouse_counter (-1637,90,-1398)
ACTION[Server]: [grug_mobs] start npcs dur_brannoc: grug_traders:vendor_baker placed at socket terrace_bakehouse/terrace_bakehouse_vendor_baker (-1639,90,-1398)
ACTION[Server]: [grug_mobs] start npcs dur_brannoc: grug_mobs:villager_dwarf placed at socket terrace_bakehouse/terrace_bakehouse_cooking (-1646,90,-1389)
ACTION[Server]: [grug_mobs] start npcs dur_brannoc: grug_mobs:villager_dwarf placed at socket terrace_well_court/terrace_well_court_idle_a (-1644,94,-1347)
ACTION[Server]: [grug_mobs] start npcs dur_brannoc: grug_mobs:villager_dwarf placed at socket terrace_well_court/terrace_well_court_idle_b (-1644,94,-1341)
ACTION[Server]: [grug_mobs] start npcs dur_brannoc: grug_mobs:villager_dwarf placed at socket terrace_well_court/terrace_well_court_gate_idle (-1644,94,-1352)
ACTION[Server]: [grug_mobs] start npcs dur_brannoc: grug_mobs:villager_dwarf placed at socket terrace_well_court/terrace_well_court_work_well_bench (-1645,95,-1336)
ACTION[Server]: [grug_mobs] start npcs dur_brannoc: grug_mobs:villager_dwarf placed at socket terrace_long_house/terrace_long_house_gate_idle (-1644,102,-1309)
ACTION[Server]: [grug_mobs] start npcs dur_brannoc: grug_mobs:villager_dwarf placed at socket terrace_kitchen_garden/terrace_kitchen_garden_gate_idle (-1684,102,-1275)
ACTION[Server]: [grug_mobs] start npcs dur_brannoc: grug_mobs:villager_dwarf placed at socket terrace_kitchen_garden/terrace_kitchen_garden_work_garden_beds_west (-1690,102,-1264)
ACTION[Server]: [grug_mobs] start npcs dur_brannoc: grug_mobs:villager_dwarf placed at socket terrace_kitchen_garden/terrace_kitchen_garden_work_garden_beds_east (-1678,102,-1264)
ACTION[Server]: [grug_mobs] start npcs dur_brannoc: grug_mobs:villager_dwarf placed at socket terrace_kitchen_garden/terrace_kitchen_garden_work_garden_planter (-1690,102,-1270)
ACTION[Server]: [grug_mobs] start npcs dwarf dur_brannoc: guards 28/28 flair 169/180 vendor 9/9 quest 2/2 royal 1/1 new 33 pending 11 spare 23 residents 164 walkers 22
ACTION[Emerge-0]: GRUG_WP13_CAPITAL event=mapchunk case=plot_terrace_cottage_west mapchunk=-1632:48:-1472 kind=capital elapsed_us=793092
ACTION[Emerge-0]: GRUG_WP13_CAPITAL event=mapchunk case=plot_terrace_cottage_west mapchunk=-1632:48:-1392 kind=capital elapsed_us=661576
ACTION[Emerge-0]: GRUG_WP13_CAPITAL event=mapchunk case=plot_terrace_watch mapchunk=-1632:48:-1312 kind=capital elapsed_us=712864
ACTION[Emerge-0]: GRUG_WP13_CAPITAL event=mapchunk case=run_avenue_south mapchunk=-1872:48:-1792 kind=capital elapsed_us=1048495
ACTION[Emerge-0]: GRUG_WP13_CAPITAL event=mapchunk case=run_avenue_south mapchunk=-1872:128:-1792 kind=capital elapsed_us=324391
ACTION[Emerge-0]: GRUG_WP13_CAPITAL event=mapchunk case=run_avenue_south mapchunk=-1872:48:-1712 kind=capital elapsed_us=842971
ACTION[Emerge-0]: GRUG_WP13_CAPITAL event=mapchunk case=run_avenue_south mapchunk=-1872:128:-1712 kind=capital elapsed_us=347535
ACTION[Emerge-0]: GRUG_WP13_CAPITAL event=mapchunk case=run_avenue_south mapchunk=-1872:48:-1632 kind=capital elapsed_us=784403
ACTION[Emerge-0]: GRUG_WP13_CAPITAL event=mapchunk case=run_avenue_south mapchunk=-1872:128:-1632 kind=capital elapsed_us=382072
ACTION[Emerge-0]: GRUG_WP13_CAPITAL event=mapchunk case=run_avenue_south mapchunk=-1872:48:-1552 kind=capital elapsed_us=781753
ACTION[Emerge-0]: GRUG_WP13_CAPITAL event=mapchunk case=run_avenue_north mapchunk=-1872:48:-1472 kind=capital elapsed_us=793711
ACTION[Emerge-0]: GRUG_WP13_CAPITAL event=mapchunk case=run_avenue_north mapchunk=-1872:48:-1392 kind=capital elapsed_us=799380
ACTION[Emerge-0]: GRUG_WP13_CAPITAL event=mapchunk case=run_avenue_north mapchunk=-1872:128:-1392 kind=capital elapsed_us=377448
ACTION[Emerge-0]: GRUG_WP13_CAPITAL event=mapchunk case=run_avenue_north mapchunk=-1872:48:-1312 kind=capital elapsed_us=855623
ACTION[Emerge-0]: GRUG_WP13_CAPITAL event=mapchunk case=run_avenue_north mapchunk=-1872:128:-1312 kind=capital elapsed_us=283889
ACTION[Emerge-0]: GRUG_WP13_CAPITAL event=mapchunk case=run_avenue_west mapchunk=-2112:48:-1552 kind=capital elapsed_us=1013805
ACTION[Emerge-0]: GRUG_WP13_CAPITAL event=mapchunk case=run_avenue_west mapchunk=-2032:48:-1552 kind=capital elapsed_us=904792
ACTION[Emerge-0]: GRUG_WP13_CAPITAL event=mapchunk case=run_avenue_west mapchunk=-1952:48:-1552 kind=capital elapsed_us=783974
ACTION[Emerge-0]: GRUG_WP13_CAPITAL event=mapchunk case=run_avenue_west mapchunk=-2112:128:-1552 kind=capital elapsed_us=281988
ACTION[Emerge-0]: GRUG_WP13_CAPITAL event=mapchunk case=run_avenue_west mapchunk=-2032:128:-1552 kind=capital elapsed_us=359324
ACTION[Emerge-0]: GRUG_WP13_CAPITAL event=mapchunk case=run_avenue_west mapchunk=-1952:128:-1552 kind=capital elapsed_us=397080
ACTION[Emerge-0]: GRUG_WP13_CAPITAL event=mapchunk case=run_avenue_east mapchunk=-1792:48:-1552 kind=capital elapsed_us=1006017
ACTION[Emerge-0]: GRUG_WP13_CAPITAL event=mapchunk case=run_avenue_east mapchunk=-1712:48:-1552 kind=capital elapsed_us=759078
ACTION[Emerge-0]: GRUG_WP13_CAPITAL event=mapchunk case=run_avenue_east mapchunk=-1632:48:-1552 kind=capital elapsed_us=778739
ACTION[Emerge-0]: GRUG_WP13_CAPITAL event=mapchunk case=run_avenue_east mapchunk=-1552:48:-1552 kind=capital elapsed_us=896271
ACTION[Emerge-0]: GRUG_WP13_CAPITAL event=mapchunk case=run_avenue_east mapchunk=-1712:128:-1552 kind=capital elapsed_us=323485
ACTION[Emerge-0]: GRUG_WP13_CAPITAL event=mapchunk case=run_avenue_east mapchunk=-1632:128:-1552 kind=capital elapsed_us=265693
ACTION[Emerge-0]: GRUG_WP13_CAPITAL event=mapchunk case=run_avenue_east mapchunk=-1552:128:-1552 kind=capital elapsed_us=363648
ACTION[Emerge-0]: GRUG_WP13_CAPITAL event=mapchunk case=run_ring_west mapchunk=-1952:128:-1632 kind=capital elapsed_us=774396
ACTION[Emerge-0]: GRUG_WP13_CAPITAL event=mapchunk case=run_ring_west mapchunk=-1952:128:-1472 kind=capital elapsed_us=838386
ACTION[Emerge-0]: GRUG_WP13_CAPITAL event=mapchunk case=run_ring_east mapchunk=-1712:128:-1632 kind=capital elapsed_us=683046
ACTION[Emerge-0]: GRUG_WP13_CAPITAL event=mapchunk case=run_ring_east mapchunk=-1712:128:-1472 kind=capital elapsed_us=724838
ACTION[Emerge-0]: GRUG_WP13_CAPITAL event=mapchunk case=run_ring_south mapchunk=-1792:48:-1632 kind=capital elapsed_us=856460
ACTION[Emerge-0]: GRUG_WP13_CAPITAL event=mapchunk case=run_ring_south mapchunk=-1792:128:-1632 kind=capital elapsed_us=372453
ACTION[Emerge-0]: GRUG_WP13_CAPITAL event=mapchunk case=run_ring_north mapchunk=-1792:48:-1472 kind=capital elapsed_us=808144
ACTION[Emerge-0]: GRUG_WP13_CAPITAL event=mapchunk case=run_lane_southeast_spine mapchunk=-1712:128:-1792 kind=capital elapsed_us=881179
ACTION[Emerge-0]: GRUG_WP13_CAPITAL event=mapchunk case=run_lane_southeast_spine mapchunk=-1712:128:-1712 kind=capital elapsed_us=436672
ACTION[Emerge-0]: GRUG_WP13_CAPITAL event=mapchunk case=run_lane_southeast_cross mapchunk=-1792:48:-1712 kind=capital elapsed_us=649894
ACTION[Emerge-0]: GRUG_WP13_CAPITAL event=mapchunk case=run_lane_southeast_cross mapchunk=-1792:128:-1712 kind=capital elapsed_us=356458
ACTION[Emerge-0]: GRUG_WP13_CAPITAL event=mapchunk case=run_lane_southeast_cross mapchunk=-1632:128:-1712 kind=capital elapsed_us=714212
ACTION[Emerge-0]: GRUG_WP13_CAPITAL event=mapchunk case=run_lane_northeast_spine mapchunk=-1712:128:-1392 kind=capital elapsed_us=728353
ACTION[Emerge-0]: GRUG_WP13_CAPITAL event=mapchunk case=run_lane_northeast_spine mapchunk=-1712:128:-1312 kind=capital elapsed_us=637297
ACTION[Emerge-0]: GRUG_WP13_CAPITAL event=mapchunk case=run_lane_northeast_cross mapchunk=-1792:48:-1392 kind=capital elapsed_us=794329
ACTION[Emerge-0]: GRUG_WP13_CAPITAL event=mapchunk case=run_lane_northeast_cross mapchunk=-1792:128:-1392 kind=capital elapsed_us=384084
ACTION[Emerge-0]: GRUG_WP13_CAPITAL event=mapchunk case=run_lane_northeast_cross mapchunk=-1632:128:-1392 kind=capital elapsed_us=611010
ACTION[Emerge-0]: GRUG_WP13_CAPITAL event=mapchunk case=run_lane_northwest_spine mapchunk=-1952:128:-1392 kind=capital elapsed_us=853989
ACTION[Emerge-0]: GRUG_WP13_CAPITAL event=mapchunk case=run_lane_northwest_spine mapchunk=-1952:128:-1312 kind=capital elapsed_us=623542
ACTION[Emerge-0]: GRUG_WP13_CAPITAL event=mapchunk case=run_lane_northwest_cross mapchunk=-2032:128:-1392 kind=capital elapsed_us=575679
ACTION[Emerge-0]: GRUG_WP13_CAPITAL event=mapchunk case=run_lane_southwest_spine mapchunk=-1952:128:-1792 kind=capital elapsed_us=896642
ACTION[Emerge-0]: GRUG_WP13_CAPITAL event=mapchunk case=run_lane_southwest_spine mapchunk=-1952:128:-1712 kind=capital elapsed_us=619577
ACTION[Emerge-0]: GRUG_WP13_CAPITAL event=mapchunk case=run_lane_southwest_cross mapchunk=-2032:128:-1712 kind=capital elapsed_us=574504
ACTION[Emerge-0]: GRUG_WP13_CAPITAL event=mapchunk case=run_wall_west mapchunk=-2112:48:-1792 kind=capital elapsed_us=1040678
ACTION[Emerge-0]: GRUG_WP13_CAPITAL event=mapchunk case=run_wall_west mapchunk=-2112:128:-1792 kind=capital elapsed_us=368442
ACTION[Emerge-0]: GRUG_WP13_CAPITAL event=mapchunk case=run_wall_west mapchunk=-2112:128:-1712 kind=capital elapsed_us=466210
ACTION[Emerge-0]: GRUG_WP13_CAPITAL event=mapchunk case=run_wall_west mapchunk=-2112:48:-1632 kind=capital elapsed_us=787683
ACTION[Emerge-0]: GRUG_WP13_CAPITAL event=mapchunk case=run_wall_west mapchunk=-2112:128:-1632 kind=capital elapsed_us=282111
ACTION[Emerge-0]: GRUG_WP13_CAPITAL event=mapchunk case=run_wall_west mapchunk=-2112:48:-1472 kind=capital elapsed_us=951862
ACTION[Emerge-0]: GRUG_WP13_CAPITAL event=mapchunk case=run_wall_west mapchunk=-2112:128:-1472 kind=capital elapsed_us=282408
ACTION[Emerge-0]: GRUG_WP13_CAPITAL event=mapchunk case=run_wall_west mapchunk=-2112:128:-1392 kind=capital elapsed_us=595203
ACTION[Emerge-0]: GRUG_WP13_CAPITAL event=mapchunk case=run_wall_west mapchunk=-2112:128:-1312 kind=capital elapsed_us=658530
ACTION[Emerge-0]: GRUG_WP13_CAPITAL event=mapchunk case=run_wall_east mapchunk=-1552:48:-1792 kind=capital elapsed_us=1183595
ACTION[Emerge-0]: GRUG_WP13_CAPITAL event=mapchunk case=run_wall_east mapchunk=-1552:128:-1792 kind=capital elapsed_us=475768
ACTION[Emerge-0]: GRUG_WP13_CAPITAL event=mapchunk case=run_wall_east mapchunk=-1552:48:-1712 kind=capital elapsed_us=953374
ACTION[Emerge-0]: GRUG_WP13_CAPITAL event=mapchunk case=run_wall_east mapchunk=-1552:128:-1712 kind=capital elapsed_us=433585
ACTION[Emerge-0]: GRUG_WP13_CAPITAL event=mapchunk case=run_wall_east mapchunk=-1552:48:-1632 kind=capital elapsed_us=944611
ACTION[Emerge-0]: GRUG_WP13_CAPITAL event=mapchunk case=run_wall_east mapchunk=-1552:128:-1632 kind=capital elapsed_us=399896
ACTION[Emerge-0]: GRUG_WP13_CAPITAL event=mapchunk case=run_wall_east mapchunk=-1552:48:-1472 kind=capital elapsed_us=1076547
ACTION[Emerge-0]: GRUG_WP13_CAPITAL event=mapchunk case=run_wall_east mapchunk=-1552:128:-1472 kind=capital elapsed_us=382072
ACTION[Emerge-0]: GRUG_WP13_CAPITAL event=mapchunk case=run_wall_east mapchunk=-1552:48:-1392 kind=capital elapsed_us=785099
ACTION[Emerge-0]: GRUG_WP13_CAPITAL event=mapchunk case=run_wall_east mapchunk=-1552:128:-1392 kind=capital elapsed_us=310146
ACTION[Emerge-0]: GRUG_WP13_CAPITAL event=mapchunk case=run_wall_east mapchunk=-1552:48:-1312 kind=capital elapsed_us=767234
ACTION[Emerge-0]: GRUG_WP13_CAPITAL event=mapchunk case=run_wall_east mapchunk=-1552:128:-1312 kind=capital elapsed_us=283100
ACTION[Emerge-0]: GRUG_WP13_CAPITAL event=mapchunk case=run_wall_south mapchunk=-2032:128:-1792 kind=capital elapsed_us=907223
ACTION[Emerge-0]: GRUG_WP13_CAPITAL event=mapchunk case=run_wall_south mapchunk=-1792:128:-1792 kind=capital elapsed_us=898685
ACTION[Emerge-0]: GRUG_WP13_CAPITAL event=mapchunk case=run_wall_south mapchunk=-1632:128:-1792 kind=capital elapsed_us=931258
ACTION[Emerge-0]: GRUG_WP13_CAPITAL event=mapchunk case=run_wall_north mapchunk=-1792:48:-1312 kind=capital elapsed_us=943197
ACTION[Emerge-0]: GRUG_WP13_CAPITAL event=mapchunk case=run_wall_north mapchunk=-2032:128:-1312 kind=capital elapsed_us=794230
ACTION[Emerge-0]: GRUG_WP13_CAPITAL event=mapchunk case=run_wall_north mapchunk=-1792:128:-1312 kind=capital elapsed_us=282101
ACTION[Emerge-0]: GRUG_WP13_CAPITAL event=mapchunk case=run_wall_north mapchunk=-1632:128:-1312 kind=capital elapsed_us=794400
ACTION[Emerge-0]: GRUG_WP13_CAPITAL event=mapchunk case=control_open_land mapchunk=848:-32:848 kind=control elapsed_us=1590740
ACTION[Emerge-0]: GRUG_WP13_CAPITAL event=mapchunk case=control_open_land_far mapchunk=1168:48:768 kind=control elapsed_us=1494740
ACTION[Emerge-0]: GRUG_WP13_CAPITAL event=mapchunk case=control_dawnmere_start mapchunk=-32:-32:-2592 kind=control elapsed_us=2740
ACTION[Server]: GRUG_WP13_CAPITAL event=dump file=dur_brannoc-core.tsv cells=44780 ignored=0 road_cells=16951 held=147 unheld=0 emerge_trouble=0 retries=0 road_digest=bd3d674399648ada9570e7b66634d8bfeceff9a1d47338c01526da2376155564
ACTION[Server]: GRUG_WP13_CAPITAL event=dump file=dur_brannoc-plot.tsv cells=7174 ignored=0 road_cells=1011 held=27 unheld=0 emerge_trouble=0 retries=0 road_digest=75741531a6b9d8f88a563ce9de0a15f78db20f2b5da35c1a8397730db609ee2e
ACTION[Server]: GRUG_WP13_CAPITAL event=dump file=dur_brannoc-avenue.tsv cells=127866 ignored=0 road_cells=4354 held=210 unheld=0 emerge_trouble=0 retries=0 road_digest=1b23ee6f5fbfa34b72fc509d6b524ccbcb8b717225e99f3c30f4d761d807b4b1
ACTION[Server]: GRUG_WP13_CAPITAL event=dump file=dur_brannoc-district.tsv cells=183300 ignored=0 road_cells=10699 held=384 unheld=0 emerge_trouble=0 retries=0 road_digest=c50efc300751d844313baca3ca1364fcfaad6f0a69c413015284c34dbdc9c075
ACTION[Server]: GRUG_WP13_CAPITAL event=dump file=dur_brannoc-fill.tsv cells=5153 ignored=0 road_cells=609 held=27 unheld=0 emerge_trouble=0 retries=0 road_digest=d3b47a61c4842c0ca8a70b40485bf077ae4271bda735d718019b74ba8217c987
ACTION[Server]: [grug_mobs] start npcs dur_brannoc: grug_mobs:villager_dwarf placed at socket terrace_goat_pasture/terrace_goat_pasture_gate_idle (-1566,90,-1393)
ACTION[Server]: [grug_mobs] start npcs dur_brannoc: grug_mobs:villager_dwarf placed at socket terrace_brew_court/terrace_brew_court_gate_idle (-1568,98,-1274)
ACTION[Server]: [grug_mobs] start npcs dur_brannoc: grug_mobs:villager_dwarf placed at socket terrace_green/terrace_green_gate_idle (-1568,98,-1321)
ACTION[Server]: [grug_mobs] start npcs dwarf dur_brannoc: guards 28/28 flair 172/180 vendor 9/9 quest 2/2 royal 1/1 new 3 pending 8 spare 23 residents 164 walkers 22
ACTION[Server]: GRUG_WP13_CAPITAL event=dump file=dur_brannoc-approach.tsv cells=25403 ignored=0 road_cells=1981 held=75 unheld=0 emerge_trouble=0 retries=0 road_digest=ba46f1aeccf136b2ba6600d9402eb7c822920a5cc24a37689a87e130aaec6529
ACTION[Server]: GRUG_WP13_CAPITAL event=dump file=dur_brannoc-rampart.tsv cells=29999 ignored=0 road_cells=9019 held=66 unheld=0 emerge_trouble=0 retries=0 road_digest=12224311223a176ae1eff1835dd40dffb21650f8862adc99261ef04b4a82bcad
ACTION[Server]: GRUG_WP13_CAPITAL event=dump file=dur_brannoc-gate.tsv cells=15221 ignored=0 road_cells=2496 held=54 unheld=0 emerge_trouble=0 retries=0 road_digest=10eb9cbf61febbdbb0b1efa683cd629cd0465f790b25a5df44f0c8eabfe9fddc
ACTION[Server]: GRUG_WP13_CAPITAL event=dump file=dur_brannoc-corner.tsv cells=29930 ignored=0 road_cells=7055 held=216 unheld=0 emerge_trouble=0 retries=0 road_digest=4677e70bc5fa75180a3e3f1df975e2042ab152a89a7b2fc53c700ed9a8246133
ACTION[Server]: GRUG_WP13_CAPITAL event=precinct capital=dur_brannoc authored_ring_columns=384 authored_ring_cells=1412 authored_gates=4 digest=46a9787c2b7ce884de4ea6201cf433aaa4be2054c089e9fc26b5e7847e170eed status=PASS
ACTION[Server]: GRUG_WP13_CAPITAL event=services capital=dur_brannoc plots=8 stations=7 profession_trainers=8 riding_trainers=1 mount_displays=4 gear_displays=3 entity_attempts=2 status=PASS
ACTION[Server]: r8_alch_capital_probe takes grug_alchemy:potion_healing 10 from brewing stand at (-1680,90,-1343)
ACTION[Server]: GRUG_WP13_CAPITAL event=alchemy capital=dur_brannoc trainer=-1682,90,-1345 stand=-1680,90,-1343 learned=true brewed=10 output=grug_alchemy:potion_healing book_tiers=1,2,3,4,5,6 profession_level=2
ACTION[Server]: GRUG_WP13_CAPITAL event=complete mode=full requested=120 completed=120 warmup_chunks=1 warmup_total_us=32362185 warmup_first_us=32362185 warmup_worst_us=32362185 warmup_best_us=32362185 capital_chunks=108 capital_total_us=78375152 capital_first_us=1324750 capital_worst_us=1430682 capital_best_us=265693 capital_steady_mean_us=720097 control_capital_chunks=8 control_capital_total_us=34164074 control_capital_first_us=15434941 control_capital_worst_us=16357360 control_capital_best_us=238820 control_capital_steady_mean_us=2675590 control_chunks=3 control_total_us=3088220 control_first_us=1590740 control_worst_us=1590740 control_best_us=2740 control_steady_mean_us=748740 core_cells=44780 core_ignored=0 core_held=147 core_unheld=0 core_emerge_trouble=0 core_retries=0 core_road_cells=16951 core_road_digest=bd3d674399648ada9570e7b66634d8bfeceff9a1d47338c01526da2376155564 plot_cells=7174 plot_ignored=0 plot_held=27 plot_unheld=0 plot_emerge_trouble=0 plot_retries=0 plot_road_cells=1011 plot_road_digest=75741531a6b9d8f88a563ce9de0a15f78db20f2b5da35c1a8397730db609ee2e avenue_cells=127866 avenue_ignored=0 avenue_held=210 avenue_unheld=0 avenue_emerge_trouble=0 avenue_retries=0 avenue_road_cells=4354 avenue_road_digest=1b23ee6f5fbfa34b72fc509d6b524ccbcb8b717225e99f3c30f4d761d807b4b1 district_cells=183300 district_ignored=0 district_held=384 district_unheld=0 district_emerge_trouble=0 district_retries=0 district_road_cells=10699 district_road_digest=c50efc300751d844313baca3ca1364fcfaad6f0a69c413015284c34dbdc9c075 fill_cells=5153 fill_ignored=0 fill_held=27 fill_unheld=0 fill_emerge_trouble=0 fill_retries=0 fill_road_cells=609 fill_road_digest=d3b47a61c4842c0ca8a70b40485bf077ae4271bda735d718019b74ba8217c987 approach_cells=25403 approach_ignored=0 approach_held=75 approach_unheld=0 approach_emerge_trouble=0 approach_retries=0 approach_road_cells=1981 approach_road_digest=ba46f1aeccf136b2ba6600d9402eb7c822920a5cc24a37689a87e130aaec6529 rampart_cells=29999 rampart_ignored=0 rampart_held=66 rampart_unheld=0 rampart_emerge_trouble=0 rampart_retries=0 rampart_road_cells=9019 rampart_road_digest=12224311223a176ae1eff1835dd40dffb21650f8862adc99261ef04b4a82bcad gate_cells=15221 gate_ignored=0 gate_held=54 gate_unheld=0 gate_emerge_trouble=0 gate_retries=0 gate_road_cells=2496 gate_road_digest=10eb9cbf61febbdbb0b1efa683cd629cd0465f790b25a5df44f0c8eabfe9fddc corner_cells=29930 corner_ignored=0 corner_held=216 corner_unheld=0 corner_emerge_trouble=0 corner_retries=0 corner_road_cells=7055 corner_road_digest=4677e70bc5fa75180a3e3f1df975e2042ab152a89a7b2fc53c700ed9a8246133 worst_plot_fall=5 worst_plot=forge_watch worst_plot_submerged=0 worst_submerged_plot=- sockets=292 role_gear_display=3 role_guard_patrol=50 role_guard_post=19 role_idle=129 role_king=1 role_mount_display=4 role_public_station=7 role_quest=2 role_riding_trainer=1 role_trainer=8 role_vendor=9 role_waypoint=1 role_work=58 loops=9 loop_dur_brannoc_deep_watch=9 loop_dur_brannoc_forge_watch=9 loop_dur_brannoc_garrison_watch=9 loop_dur_brannoc_gate_east_tower=2 loop_dur_brannoc_gate_north_tower=2 loop_dur_brannoc_gate_south_tower=2 loop_dur_brannoc_gate_west_tower=2 loop_dur_brannoc_terrace_watch=9 loop_dur_brannoc_watch=6 trees_avenue_regions=4 trees_avenue_trunks=0 trees_avenue_wild=0 trees_avenue_canopy=0 trees_avenue_leaves=0 trees_avenue_worst=0 trees_avenue_worst_id=- trees_lane_regions=8 trees_lane_trunks=0 trees_lane_wild=0 trees_lane_canopy=0 trees_lane_leaves=0 trees_lane_worst=0 trees_lane_worst_id=- trees_plot_regions=52 trees_plot_trunks=4163 trees_plot_wild=0 trees_plot_canopy=0 trees_plot_leaves=650 trees_plot_worst=0 trees_plot_worst_id=- trees_ring_regions=4 trees_ring_trunks=0 trees_ring_wild=0 trees_ring_canopy=0 trees_ring_leaves=0 trees_ring_worst=0 trees_ring_worst_id=- trees_found_total=0
ACTION[Main]: Server: Shutting down
