# Highcourt district plot lore_shrine (highcourt_lore, northeast) as built, anchor-relative
# anchor 0,40,-1500
117	-6	93	default:dirt	0
118	-6	93	default:dirt	0
119	-6	93	default:dirt	0
120	-6	93	default:dirt	0
121	-6	93	default:dirt	0
122	-6	93	default:dirt	0
123	-6	93	default:dirt	0
124	-6	93	default:stone	0
125	-6	93	default:stone	0
126	-6	93	default:stone	0
127	-6	93	default:stone	0
128	-6	93	default:stone	0
129	-6	93	default:stone	0
130	-6	93	default:stone	0
131	-6	93	default:stone	0
132	-6	93	default:stone	0
133	-6	93	default:stone	0
134	-6	93	default:stone	0
135	-6	93	default:stone	0
136	-6	93	default:stone	0
137	-6	93	default:stone	0
138	-6	93	default:stone	0
139	-6	93	default:stone	0
140	-6	93	default:dirt	0
141	-6	93	default:dirt	0
142	-6	93	default:dirt	0
143	-6	93	default:dirt	0
144	-6	93	default:dirt	0
145	-6	93	default:dirt	0
146	-6	93	default:dirt	0
147	-6	93	default:dirt	0
117	-5	93	default:dirt	0
118	-5	93	default:dirt	0
119	-5	93	default:dirt	0
120	-5	93	default:dirt	0
121	-5	93	default:dirt	0
122	-5	93	default:dirt	0
123	-5	93	default:dirt	0
124	-5	93	default:dirt	0
125	-5	93	default:stone	0
126	-5	93	default:stone	0
127	-5	93	default:stone	0
128	-5	93	default:stone	0
129	-5	93	default:stone	0
130	-5	93	default:stone	0
131	-5	93	default:stone	0
132	-5	93	default:stone	0
133	-5	93	default:stone	0
134	-5	93	default:stone	0
135	-5	93	default:stone	0
136	-5	93	default:stone	0
137	-5	93	default:stone	0
138	-5	93	default:stone	0
139	-5	93	default:dirt	0
140	-5	93	default:dirt	0
141	-5	93	default:dirt	0
142	-5	93	default:dirt	0
143	-5	93	default:dirt	0
144	-5	93	default:dirt	0
145	-5	93	default:dirt	0
146	-5	93	default:dirt	0
147	-5	93	default:dirt	0
117	-4	93	default:dirt	0
118	-4	93	default:dirt	0
119	-4	93	default:dirt	0
120	-4	93	default:dirt	0
121	-4	93	default:dirt	0
122	-4	93	default:dirt	0
123	-4	93	default:dirt	0
124	-4	93	default:dirt	0
125	-4	93	default:dirt	0
126	-4	93	default:dirt	0
127	-4	93	default:dirt	0
128	-4	93	default:dirt	0
129	-4	93	default:dirt	0
130	-4	93	default:dirt	0
131	-4	93	default:dirt	0
132	-4	93	default:dirt	0
133	-4	93	default:dirt	0
134	-4	93	default:dirt	0
135	-4	93	default:dirt	0
136	-4	93	default:dirt	0
137	-4	93	default:dirt	0
138	-4	93	default:dirt	0
139	-4	93	default:dirt	0
140	-4	93	default:dirt	0
141	-4	93	default:dirt	0
142	-4	93	default:dirt	0
143	-4	93	grug_nodes:dirt_with_forest_litter	0
144	-4	93	default:dirt	0
145	-4	93	default:dirt	0
146	-4	93	default:dirt	0
118	-3	93	grug_nodes:dirt_with_forest_litter	0
119	-3	93	grug_nodes:dirt_with_forest_litter	0
120	-3	93	default:dirt	0
121	-3	93	default:dirt	0
122	-3	93	default:dirt	0
123	-3	93	default:dirt	0
124	-3	93	default:dirt	0
125	-3	93	default:dirt	0
126	-3	93	default:dirt	0
127	-3	93	default:dirt	0
128	-3	93	default:dirt	0
129	-3	93	default:dirt	0
130	-3	93	default:dirt	0
131	-3	93	default:dirt	0
132	-3	93	default:dirt	0
133	-3	93	default:dirt	0
134	-3	93	default:dirt	0
135	-3	93	default:dirt	0
136	-3	93	default:dirt	0
137	-3	93	default:dirt	0
138	-3	93	default:dirt	0
139	-3	93	default:dirt	0
140	-3	93	default:dirt	0
141	-3	93	default:dirt	0
142	-3	93	default:dirt	0
120	-2	93	grug_nodes:dirt_with_forest_litter	0
121	-2	93	grug_nodes:dirt_with_forest_litter	0
122	-2	93	grug_nodes:dirt_with_forest_litter	0
123	-2	93	grug_nodes:dirt_with_forest_litter	0
124	-2	93	default:dirt	0
125	-2	93	default:dirt	0
126	-2	93	default:dirt	0
127	-2	93	default:dirt	0
128	-2	93	default:dirt	0
129	-2	93	default:dirt	0
130	-2	93	default:dirt	0
131	-2	93	default:dirt	0
132	-2	93	default:dirt	0
133	-2	93	default:dirt	0
134	-2	93	default:dirt	0
135	-2	93	default:dirt	0
136	-2	93	default:dirt	0
137	-2	93	default:dirt	0
138	-2	93	default:dirt	0
139	-2	93	default:dirt	0
140	-2	93	default:dirt	0
141	-2	93	default:dirt	0
124	-1	93	grug_nodes:dirt_with_forest_litter	0
125	-1	93	default:dirt	0
126	-1	93	default:dirt	0
127	-1	93	default:dirt	0
128	-1	93	default:dirt	0
129	-1	93	default:dirt	0
130	-1	93	default:dirt	0
131	-1	93	default:dirt	0
132	-1	93	default:dirt	0
133	-1	93	default:dirt	0
134	-1	93	default:dirt	0
135	-1	93	default:dirt	0
136	-1	93	default:dirt	0
137	-1	93	default:dirt	0
138	-1	93	default:dirt	0
139	-1	93	default:dirt	0
125	0	93	grug_nodes:dirt_with_forest_litter	0
126	0	93	grug_nodes:dirt_with_forest_litter	0
127	0	93	grug_nodes:dirt_with_forest_litter	0
128	0	93	grug_nodes:dirt_with_forest_litter	0
129	0	93	grug_nodes:dirt_with_forest_litter	0
130	0	93	grug_nodes:dirt_with_forest_litter	0
131	0	93	grug_nodes:dirt_with_forest_litter	0
132	0	93	grug_nodes:dirt_with_forest_litter	0
133	0	93	default:dirt	0
134	0	93	default:dirt	0
135	0	93	default:dirt	0
136	0	93	default:dirt	0
137	0	93	default:dirt	0
138	0	93	default:dirt	0
117	-6	94	default:dirt	0
118	-6	94	default:dirt	0
119	-6	94	default:dirt	0
120	-6	94	default:dirt	0
121	-6	94	default:dirt	0
122	-6	94	default:dirt	0
123	-6	94	default:dirt	0
124	-6	94	default:stone	0
125	-6	94	default:stone	0
126	-6	94	default:stone	0
127	-6	94	default:stone	0
128	-6	94	default:stone	0
129	-6	94	default:stone	0
130	-6	94	default:stone	0
131	-6	94	default:stone	0
132	-6	94	default:stone	0
133	-6	94	default:stone	0
134	-6	94	default:stone	0
135	-6	94	default:stone	0
136	-6	94	default:stone	0
137	-6	94	default:stone	0
138	-6	94	default:stone	0
139	-6	94	default:stone	0
140	-6	94	default:dirt	0
141	-6	94	default:dirt	0
142	-6	94	default:dirt	0
143	-6	94	default:dirt	0
144	-6	94	default:dirt	0
145	-6	94	default:dirt	0
146	-6	94	default:dirt	0
147	-6	94	default:dirt	0
117	-5	94	default:dirt	0
118	-5	94	default:dirt	0
119	-5	94	default:dirt	0
120	-5	94	default:dirt	0
121	-5	94	default:dirt	0
122	-5	94	default:dirt	0
123	-5	94	default:dirt	0
124	-5	94	default:dirt	0
125	-5	94	default:stone	0
126	-5	94	default:stone	0
127	-5	94	default:stone	0
128	-5	94	default:stone	0
129	-5	94	default:stone	0
130	-5	94	default:stone	0
131	-5	94	default:stone	0
132	-5	94	default:stone	0
133	-5	94	default:stone	0
134	-5	94	default:stone	0
135	-5	94	default:stone	0
136	-5	94	default:stone	0
137	-5	94	default:stone	0
138	-5	94	default:stone	0
139	-5	94	default:dirt	0
140	-5	94	default:dirt	0
141	-5	94	default:dirt	0
142	-5	94	default:dirt	0
143	-5	94	default:dirt	0
144	-5	94	default:dirt	0
145	-5	94	default:dirt	0
146	-5	94	default:dirt	0
147	-5	94	default:dirt	0
117	-4	94	default:dirt	0
118	-4	94	default:dirt	0
119	-4	94	default:dirt	0
120	-4	94	default:dirt	0
121	-4	94	default:dirt	0
122	-4	94	default:dirt	0
123	-4	94	default:dirt	0
124	-4	94	default:dirt	0
125	-4	94	default:dirt	0
126	-4	94	default:dirt	0
127	-4	94	default:dirt	0
128	-4	94	default:dirt	0
129	-4	94	default:dirt	0
130	-4	94	default:dirt	0
131	-4	94	default:dirt	0
132	-4	94	default:dirt	0
133	-4	94	default:dirt	0
134	-4	94	default:dirt	0
135	-4	94	default:dirt	0
136	-4	94	default:dirt	0
137	-4	94	default:dirt	0
138	-4	94	default:dirt	0
139	-4	94	default:dirt	0
140	-4	94	default:dirt	0
141	-4	94	default:dirt	0
142	-4	94	default:dirt	0
143	-4	94	default:dirt	0
144	-4	94	default:dirt	0
145	-4	94	default:dirt	0
146	-4	94	default:dirt	0
117	-3	94	default:dirt	0
118	-3	94	grug_nodes:dirt_with_forest_litter	0
119	-3	94	default:dirt	0
120	-3	94	default:dirt	0
121	-3	94	default:dirt	0
122	-3	94	default:dirt	0
123	-3	94	default:dirt	0
124	-3	94	default:dirt	0
125	-3	94	default:dirt	0
126	-3	94	default:dirt	0
127	-3	94	default:dirt	0
128	-3	94	default:dirt	0
129	-3	94	default:dirt	0
130	-3	94	default:dirt	0
131	-3	94	default:dirt	0
132	-3	94	default:dirt	0
133	-3	94	default:dirt	0
134	-3	94	default:dirt	0
135	-3	94	default:dirt	0
136	-3	94	default:dirt	0
137	-3	94	default:dirt	0
138	-3	94	default:dirt	0
139	-3	94	default:dirt	0
140	-3	94	default:dirt	0
141	-3	94	default:dirt	0
142	-3	94	default:dirt	0
119	-2	94	grug_nodes:dirt_with_forest_litter	0
120	-2	94	grug_nodes:dirt_with_forest_litter	0
121	-2	94	grug_nodes:dirt_with_forest_litter	0
122	-2	94	grug_nodes:dirt_with_forest_litter	0
123	-2	94	grug_nodes:dirt_with_forest_litter	0
124	-2	94	default:dirt	0
125	-2	94	default:dirt	0
126	-2	94	default:dirt	0
127	-2	94	default:dirt	0
128	-2	94	default:dirt	0
129	-2	94	default:dirt	0
130	-2	94	default:dirt	0
131	-2	94	default:dirt	0
132	-2	94	default:dirt	0
133	-2	94	default:dirt	0
134	-2	94	default:dirt	0
135	-2	94	default:dirt	0
136	-2	94	default:dirt	0
137	-2	94	default:dirt	0
138	-2	94	default:dirt	0
139	-2	94	default:dirt	0
140	-2	94	default:dirt	0
141	-2	94	default:dirt	0
124	-1	94	grug_nodes:dirt_with_forest_litter	0
125	-1	94	default:dirt	0
126	-1	94	default:dirt	0
127	-1	94	default:dirt	0
128	-1	94	default:dirt	0
129	-1	94	default:dirt	0
130	-1	94	default:dirt	0
131	-1	94	default:dirt	0
132	-1	94	default:dirt	0
133	-1	94	default:dirt	0
134	-1	94	default:dirt	0
135	-1	94	default:dirt	0
136	-1	94	default:dirt	0
137	-1	94	default:dirt	0
138	-1	94	default:dirt	0
139	-1	94	default:dirt	0
125	0	94	grug_nodes:dirt_with_forest_litter	0
126	0	94	grug_nodes:dirt_with_forest_litter	0
127	0	94	grug_nodes:dirt_with_forest_litter	0
128	0	94	grug_nodes:dirt_with_forest_litter	0
129	0	94	grug_nodes:dirt_with_forest_litter	0
130	0	94	grug_nodes:dirt_with_forest_litter	0
131	0	94	grug_nodes:dirt_with_forest_litter	0
132	0	94	grug_nodes:dirt_with_forest_litter	0
133	0	94	grug_nodes:dirt_with_forest_litter	0
134	0	94	default:dirt	0
135	0	94	default:dirt	0
136	0	94	default:dirt	0
137	0	94	default:dirt	0
138	0	94	default:dirt	0
117	-6	95	default:dirt	0
118	-6	95	default:dirt	0
119	-6	95	default:dirt	0
120	-6	95	default:dirt	0
121	-6	95	default:dirt	0
122	-6	95	default:dirt	0
123	-6	95	default:stone	0
124	-6	95	default:stone	0
125	-6	95	default:stone	0
126	-6	95	default:stone	0
127	-6	95	default:stone	0
128	-6	95	default:stone	0
129	-6	95	default:stone	0
130	-6	95	default:stone	0
131	-6	95	default:stone	0
132	-6	95	default:stone	0
133	-6	95	default:stone	0
134	-6	95	default:stone	0
135	-6	95	default:stone	0
136	-6	95	default:stone	0
137	-6	95	default:stone	0
138	-6	95	default:stone	0
139	-6	95	default:stone	0
140	-6	95	default:dirt	0
141	-6	95	default:dirt	0
142	-6	95	default:dirt	0
143	-6	95	default:dirt	0
144	-6	95	default:dirt	0
145	-6	95	default:dirt	0
146	-6	95	default:dirt	0
147	-6	95	default:dirt	0
117	-5	95	default:dirt	0
118	-5	95	default:dirt	0
119	-5	95	default:dirt	0
120	-5	95	default:dirt	0
121	-5	95	default:dirt	0
122	-5	95	default:dirt	0
123	-5	95	default:dirt	0
124	-5	95	default:dirt	0
125	-5	95	default:stone	0
126	-5	95	default:stone	0
127	-5	95	default:stone	0
128	-5	95	default:stone	0
129	-5	95	default:stone	0
130	-5	95	default:stone	0
131	-5	95	default:stone	0
132	-5	95	default:stone	0
133	-5	95	default:stone	0
134	-5	95	default:stone	0
135	-5	95	default:stone	0
136	-5	95	default:stone	0
137	-5	95	default:stone	0
138	-5	95	default:stone	0
139	-5	95	default:dirt	0
140	-5	95	default:dirt	0
141	-5	95	default:dirt	0
142	-5	95	default:dirt	0
143	-5	95	default:dirt	0
144	-5	95	default:dirt	0
145	-5	95	default:dirt	0
146	-5	95	default:dirt	0
147	-5	95	default:dirt	0
117	-4	95	default:dirt	0
118	-4	95	default:dirt	0
119	-4	95	default:dirt	0
120	-4	95	default:dirt	0
121	-4	95	default:dirt	0
122	-4	95	default:dirt	0
123	-4	95	default:dirt	0
124	-4	95	default:dirt	0
125	-4	95	default:dirt	0
126	-4	95	default:dirt	0
127	-4	95	default:dirt	0
128	-4	95	default:dirt	0
129	-4	95	default:dirt	0
130	-4	95	default:dirt	0
131	-4	95	default:dirt	0
132	-4	95	default:dirt	0
133	-4	95	default:dirt	0
134	-4	95	default:dirt	0
135	-4	95	default:dirt	0
136	-4	95	default:dirt	0
137	-4	95	default:dirt	0
138	-4	95	default:dirt	0
139	-4	95	default:dirt	0
140	-4	95	default:dirt	0
141	-4	95	default:dirt	0
142	-4	95	default:dirt	0
143	-4	95	default:dirt	0
144	-4	95	default:dirt	0
145	-4	95	default:dirt	0
146	-4	95	default:dirt	0
117	-3	95	grug_nodes:dirt_with_forest_litter	0
118	-3	95	default:dirt	0
119	-3	95	default:dirt	0
120	-3	95	default:dirt	0
121	-3	95	default:dirt	0
122	-3	95	default:dirt	0
123	-3	95	default:dirt	0
124	-3	95	default:dirt	0
125	-3	95	default:dirt	0
126	-3	95	default:dirt	0
127	-3	95	default:dirt	0
128	-3	95	default:dirt	0
129	-3	95	default:dirt	0
130	-3	95	default:dirt	0
131	-3	95	default:dirt	0
132	-3	95	default:dirt	0
133	-3	95	default:dirt	0
134	-3	95	default:dirt	0
135	-3	95	default:dirt	0
136	-3	95	default:dirt	0
137	-3	95	default:dirt	0
138	-3	95	default:dirt	0
139	-3	95	default:dirt	0
140	-3	95	default:dirt	0
141	-3	95	default:dirt	0
142	-3	95	default:dirt	0
118	-2	95	grug_nodes:dirt_with_forest_litter	0
119	-2	95	grug_nodes:dirt_with_forest_litter	0
120	-2	95	grug_nodes:dirt_with_forest_litter	0
121	-2	95	grug_nodes:dirt_with_forest_litter	0
122	-2	95	grug_nodes:dirt_with_forest_litter	0
123	-2	95	default:dirt	0
124	-2	95	default:dirt	0
125	-2	95	default:dirt	0
126	-2	95	default:dirt	0
127	-2	95	default:dirt	0
128	-2	95	default:dirt	0
129	-2	95	default:dirt	0
130	-2	95	default:dirt	0
131	-2	95	default:dirt	0
132	-2	95	default:dirt	0
133	-2	95	default:dirt	0
134	-2	95	default:dirt	0
135	-2	95	default:dirt	0
136	-2	95	default:dirt	0
137	-2	95	default:dirt	0
138	-2	95	default:dirt	0
139	-2	95	default:dirt	0
140	-2	95	default:dirt	0
141	-2	95	default:dirt	0
123	-1	95	grug_nodes:dirt_with_forest_litter	0
124	-1	95	grug_nodes:dirt_with_forest_litter	0
125	-1	95	default:dirt	0
126	-1	95	default:dirt	0
127	-1	95	default:dirt	0
128	-1	95	default:dirt	0
129	-1	95	default:dirt	0
130	-1	95	default:dirt	0
131	-1	95	default:dirt	0
132	-1	95	default:dirt	0
133	-1	95	default:dirt	0
134	-1	95	default:dirt	0
135	-1	95	default:dirt	0
136	-1	95	default:dirt	0
137	-1	95	default:dirt	0
138	-1	95	default:dirt	0
139	-1	95	default:dirt	0
125	0	95	grug_nodes:dirt_with_forest_litter	0
126	0	95	grug_nodes:dirt_with_forest_litter	0
127	0	95	grug_nodes:dirt_with_forest_litter	0
128	0	95	grug_nodes:dirt_with_forest_litter	0
129	0	95	grug_nodes:dirt_with_forest_litter	0
130	0	95	grug_nodes:dirt_with_forest_litter	0
131	0	95	grug_nodes:dirt_with_forest_litter	0
132	0	95	grug_nodes:dirt_with_forest_litter	0
133	0	95	grug_nodes:dirt_with_forest_litter	0
134	0	95	grug_nodes:dirt_with_forest_litter	0
135	0	95	default:dirt	0
136	0	95	default:dirt	0
137	0	95	default:dirt	0
138	0	95	default:dirt	0
117	-6	96	default:dirt	0
118	-6	96	default:dirt	0
119	-6	96	default:dirt	0
120	-6	96	default:dirt	0
121	-6	96	default:dirt	0
122	-6	96	default:stone	0
123	-6	96	default:stone	0
124	-6	96	default:stone	0
125	-6	96	default:stone	0
126	-6	96	default:stone	0
127	-6	96	default:stone	0
128	-6	96	default:stone	0
129	-6	96	default:stone	0
130	-6	96	default:stone	0
131	-6	96	default:stone	0
132	-6	96	default:stone	0
133	-6	96	default:stone	0
134	-6	96	default:stone	0
135	-6	96	default:stone	0
136	-6	96	default:stone	0
137	-6	96	default:stone	0
138	-6	96	default:stone	0
139	-6	96	default:stone	0
140	-6	96	default:dirt	0
141	-6	96	default:dirt	0
142	-6	96	default:dirt	0
143	-6	96	default:dirt	0
144	-6	96	default:dirt	0
145	-6	96	default:dirt	0
146	-6	96	default:dirt	0
147	-6	96	default:dirt	0
117	-5	96	default:dirt	0
118	-5	96	default:dirt	0
119	-5	96	default:dirt	0
120	-5	96	default:dirt	0
121	-5	96	default:dirt	0
122	-5	96	default:dirt	0
123	-5	96	default:dirt	0
124	-5	96	default:stone	0
125	-5	96	default:stone	0
126	-5	96	default:stone	0
127	-5	96	default:stone	0
128	-5	96	default:stone	0
129	-5	96	default:stone	0
130	-5	96	default:stone	0
131	-5	96	default:stone	0
132	-5	96	default:stone	0
133	-5	96	default:stone	0
134	-5	96	default:stone	0
135	-5	96	default:stone	0
136	-5	96	default:stone	0
137	-5	96	default:stone	0
138	-5	96	default:dirt	0
139	-5	96	default:dirt	0
140	-5	96	default:dirt	0
141	-5	96	default:dirt	0
142	-5	96	default:dirt	0
143	-5	96	default:dirt	0
144	-5	96	default:dirt	0
145	-5	96	default:dirt	0
146	-5	96	default:dirt	0
147	-5	96	default:dirt	0
117	-4	96	default:dirt	0
118	-4	96	default:dirt	0
119	-4	96	default:dirt	0
120	-4	96	default:dirt	0
121	-4	96	default:dirt	0
122	-4	96	default:dirt	0
123	-4	96	default:dirt	0
124	-4	96	default:dirt	0
125	-4	96	default:dirt	0
126	-4	96	default:dirt	0
127	-4	96	default:dirt	0
128	-4	96	default:dirt	0
129	-4	96	default:dirt	0
130	-4	96	default:dirt	0
131	-4	96	default:dirt	0
132	-4	96	default:dirt	0
133	-4	96	default:dirt	0
134	-4	96	default:dirt	0
135	-4	96	default:dirt	0
136	-4	96	default:dirt	0
137	-4	96	default:dirt	0
138	-4	96	default:dirt	0
139	-4	96	default:dirt	0
140	-4	96	default:dirt	0
141	-4	96	default:dirt	0
142	-4	96	default:dirt	0
143	-4	96	default:dirt	0
144	-4	96	default:dirt	0
145	-4	96	default:dirt	0
146	-4	96	default:dirt	0
117	-3	96	default:dirt	0
118	-3	96	grug_nodes:dirt_with_forest_litter	0
119	-3	96	default:dirt	0
120	-3	96	default:dirt	0
121	-3	96	default:dirt	0
122	-3	96	default:dirt	0
123	-3	96	default:dirt	0
124	-3	96	default:dirt	0
125	-3	96	default:dirt	0
126	-3	96	default:dirt	0
127	-3	96	default:dirt	0
128	-3	96	default:dirt	0
129	-3	96	default:dirt	0
130	-3	96	default:dirt	0
131	-3	96	default:dirt	0
132	-3	96	default:dirt	0
133	-3	96	default:dirt	0
134	-3	96	default:dirt	0
135	-3	96	default:dirt	0
136	-3	96	default:dirt	0
137	-3	96	default:dirt	0
138	-3	96	default:dirt	0
139	-3	96	default:dirt	0
140	-3	96	default:dirt	0
141	-3	96	default:dirt	0
142	-3	96	default:dirt	0
117	-2	96	grug_nodes:dirt_with_forest_litter	0
119	-2	96	grug_nodes:dirt_with_forest_litter	0
120	-2	96	grug_nodes:dirt_with_forest_litter	0
121	-2	96	grug_nodes:dirt_with_forest_litter	0
122	-2	96	default:dirt	0
123	-2	96	default:dirt	0
124	-2	96	default:dirt	0
125	-2	96	default:dirt	0
126	-2	96	default:dirt	0
127	-2	96	default:dirt	0
128	-2	96	default:dirt	0
129	-2	96	default:dirt	0
130	-2	96	default:dirt	0
131	-2	96	default:dirt	0
132	-2	96	default:dirt	0
133	-2	96	default:dirt	0
134	-2	96	default:dirt	0
135	-2	96	default:dirt	0
136	-2	96	default:dirt	0
137	-2	96	default:dirt	0
138	-2	96	default:dirt	0
139	-2	96	default:dirt	0
140	-2	96	default:dirt	0
141	-2	96	default:dirt	0
122	-1	96	grug_nodes:dirt_with_forest_litter	0
123	-1	96	grug_nodes:dirt_with_forest_litter	0
124	-1	96	default:dirt	0
125	-1	96	default:dirt	0
126	-1	96	default:dirt	0
127	-1	96	default:dirt	0
128	-1	96	default:dirt	0
129	-1	96	default:dirt	0
130	-1	96	default:dirt	0
131	-1	96	default:dirt	0
132	-1	96	default:dirt	0
133	-1	96	default:dirt	0
134	-1	96	default:dirt	0
135	-1	96	default:dirt	0
136	-1	96	default:dirt	0
137	-1	96	default:dirt	0
138	-1	96	default:dirt	0
139	-1	96	default:dirt	0
124	0	96	grug_nodes:dirt_with_forest_litter	0
125	0	96	grug_nodes:dirt_with_forest_litter	0
126	0	96	grug_nodes:dirt_with_forest_litter	0
127	0	96	grug_nodes:dirt_with_forest_litter	0
128	0	96	grug_nodes:dirt_with_forest_litter	0
129	0	96	grug_nodes:dirt_with_forest_litter	0
130	0	96	grug_nodes:dirt_with_forest_litter	0
131	0	96	grug_nodes:dirt_with_forest_litter	0
132	0	96	grug_nodes:dirt_with_forest_litter	0
133	0	96	grug_nodes:dirt_with_forest_litter	0
134	0	96	grug_nodes:dirt_with_forest_litter	0
135	0	96	grug_nodes:dirt_with_forest_litter	0
136	0	96	default:dirt	0
137	0	96	default:dirt	0
117	-6	97	default:dirt	0
118	-6	97	default:dirt	0
119	-6	97	default:dirt	0
120	-6	97	default:dirt	0
121	-6	97	default:stone	0
122	-6	97	default:stone	0
123	-6	97	default:cobble	0
124	-6	97	default:cobble	0
125	-6	97	default:cobble	0
126	-6	97	default:cobble	0
127	-6	97	default:cobble	0
128	-6	97	default:cobble	0
129	-6	97	default:cobble	0
130	-6	97	default:cobble	0
131	-6	97	default:cobble	0
132	-6	97	default:cobble	0
133	-6	97	default:cobble	0
134	-6	97	default:cobble	0
135	-6	97	default:cobble	0
136	-6	97	default:cobble	0
137	-6	97	default:cobble	0
138	-6	97	default:cobble	0
139	-6	97	default:cobble	0
140	-6	97	default:cobble	0
141	-6	97	default:cobble	0
142	-6	97	default:dirt	0
143	-6	97	default:dirt	0
144	-6	97	default:dirt	0
145	-6	97	default:dirt	0
146	-6	97	default:dirt	0
147	-6	97	default:dirt	0
117	-5	97	default:dirt	0
118	-5	97	default:dirt	0
119	-5	97	default:dirt	0
120	-5	97	default:dirt	0
121	-5	97	default:dirt	0
122	-5	97	default:dirt	0
123	-5	97	default:cobble	0
124	-5	97	default:cobble	0
125	-5	97	default:cobble	0
126	-5	97	default:cobble	0
127	-5	97	default:cobble	0
128	-5	97	default:cobble	0
129	-5	97	default:cobble	0
130	-5	97	default:cobble	0
131	-5	97	default:cobble	0
132	-5	97	default:cobble	0
133	-5	97	default:cobble	0
134	-5	97	default:cobble	0
135	-5	97	default:cobble	0
136	-5	97	default:cobble	0
137	-5	97	default:cobble	0
138	-5	97	default:cobble	0
139	-5	97	default:cobble	0
140	-5	97	default:cobble	0
141	-5	97	default:cobble	0
142	-5	97	default:dirt	0
143	-5	97	default:dirt	0
144	-5	97	default:dirt	0
145	-5	97	default:dirt	0
146	-5	97	default:dirt	0
147	-5	97	default:dirt	0
117	-4	97	default:dirt	0
118	-4	97	default:dirt	0
119	-4	97	default:dirt	0
120	-4	97	default:dirt	0
121	-4	97	default:dirt	0
122	-4	97	default:dirt	0
123	-4	97	default:cobble	0
124	-4	97	default:cobble	0
125	-4	97	default:cobble	0
126	-4	97	default:cobble	0
127	-4	97	default:cobble	0
128	-4	97	default:cobble	0
129	-4	97	default:cobble	0
130	-4	97	default:cobble	0
131	-4	97	default:cobble	0
132	-4	97	default:cobble	0
133	-4	97	default:cobble	0
134	-4	97	default:cobble	0
135	-4	97	default:cobble	0
136	-4	97	default:cobble	0
137	-4	97	default:cobble	0
138	-4	97	default:cobble	0
139	-4	97	default:cobble	0
140	-4	97	default:cobble	0
141	-4	97	default:cobble	0
142	-4	97	default:dirt	0
143	-4	97	default:dirt	0
144	-4	97	default:dirt	0
145	-4	97	default:dirt	0
146	-4	97	default:dirt	0
147	-4	97	default:dirt	0
117	-3	97	grug_nodes:dirt_with_forest_litter	0
118	-3	97	default:dirt	0
119	-3	97	default:dirt	0
120	-3	97	default:dirt	0
121	-3	97	default:dirt	0
122	-3	97	default:dirt	0
123	-3	97	default:cobble	0
124	-3	97	default:cobble	0
125	-3	97	default:cobble	0
126	-3	97	default:cobble	0
127	-3	97	default:cobble	0
128	-3	97	default:cobble	0
129	-3	97	default:cobble	0
130	-3	97	default:cobble	0
131	-3	97	default:cobble	0
132	-3	97	default:cobble	0
133	-3	97	default:cobble	0
134	-3	97	default:cobble	0
135	-3	97	default:cobble	0
136	-3	97	default:cobble	0
137	-3	97	default:cobble	0
138	-3	97	default:cobble	0
139	-3	97	default:cobble	0
140	-3	97	default:cobble	0
141	-3	97	default:cobble	0
142	-3	97	default:dirt	0
118	-2	97	grug_nodes:dirt_with_forest_litter	0
119	-2	97	grug_nodes:dirt_with_forest_litter	0
120	-2	97	grug_nodes:dirt_with_forest_litter	0
121	-2	97	default:dirt	0
122	-2	97	default:dirt	0
123	-2	97	default:cobble	0
124	-2	97	default:cobble	0
125	-2	97	default:cobble	0
126	-2	97	default:cobble	0
127	-2	97	default:cobble	0
128	-2	97	default:cobble	0
129	-2	97	default:cobble	0
130	-2	97	default:cobble	0
131	-2	97	default:cobble	0
132	-2	97	default:cobble	0
133	-2	97	default:cobble	0
134	-2	97	default:cobble	0
135	-2	97	default:cobble	0
136	-2	97	default:cobble	0
137	-2	97	default:cobble	0
138	-2	97	default:cobble	0
139	-2	97	default:cobble	0
140	-2	97	default:cobble	0
141	-2	97	default:cobble	0
121	-1	97	grug_nodes:dirt_with_forest_litter	0
122	-1	97	grug_nodes:dirt_with_forest_litter	0
123	-1	97	default:cobble	0
124	-1	97	default:cobble	0
125	-1	97	default:cobble	0
126	-1	97	default:cobble	0
127	-1	97	default:cobble	0
128	-1	97	default:cobble	0
129	-1	97	default:cobble	0
130	-1	97	default:cobble	0
131	-1	97	default:cobble	0
132	-1	97	default:cobble	0
133	-1	97	default:cobble	0
134	-1	97	default:cobble	0
135	-1	97	default:cobble	0
136	-1	97	default:cobble	0
137	-1	97	default:cobble	0
138	-1	97	default:cobble	0
139	-1	97	default:cobble	0
140	-1	97	default:cobble	0
141	-1	97	default:cobble	0
123	0	97	default:brick	0
124	0	97	default:brick	0
125	0	97	default:brick	0
126	0	97	default:brick	0
127	0	97	default:brick	0
128	0	97	default:brick	0
129	0	97	default:brick	0
130	0	97	default:brick	0
131	0	97	default:brick	0
132	0	97	default:brick	0
133	0	97	default:brick	0
134	0	97	default:brick	0
135	0	97	default:brick	0
136	0	97	default:brick	0
137	0	97	default:brick	0
138	0	97	default:brick	0
139	0	97	default:brick	0
140	0	97	default:brick	0
141	0	97	default:brick	0
117	-6	98	default:dirt	0
118	-6	98	default:dirt	0
119	-6	98	default:dirt	0
120	-6	98	default:stone	0
121	-6	98	default:stone	0
122	-6	98	default:stone	0
123	-6	98	default:cobble	0
124	-6	98	default:stone	0
125	-6	98	default:stone	0
126	-6	98	default:stone	0
127	-6	98	default:stone	0
128	-6	98	default:stone	0
129	-6	98	default:stone	0
130	-6	98	default:stone	0
131	-6	98	default:stone	0
132	-6	98	default:stone	0
133	-6	98	default:stone	0
134	-6	98	default:stone	0
135	-6	98	default:stone	0
136	-6	98	default:stone	0
137	-6	98	default:stone	0
138	-6	98	default:stone	0
139	-6	98	default:dirt	0
140	-6	98	default:dirt	0
141	-6	98	default:cobble	0
142	-6	98	default:dirt	0
143	-6	98	default:dirt	0
144	-6	98	default:dirt	0
145	-6	98	default:dirt	0
146	-6	98	default:dirt	0
147	-6	98	default:dirt	0
117	-5	98	default:dirt	0
118	-5	98	default:dirt	0
119	-5	98	default:dirt	0
120	-5	98	default:dirt	0
121	-5	98	default:dirt	0
122	-5	98	default:stone	0
123	-5	98	default:cobble	0
124	-5	98	default:stone	0
125	-5	98	default:stone	0
126	-5	98	default:stone	0
127	-5	98	default:stone	0
128	-5	98	default:stone	0
129	-5	98	default:stone	0
130	-5	98	default:stone	0
131	-5	98	default:stone	0
132	-5	98	default:stone	0
133	-5	98	default:stone	0
134	-5	98	default:stone	0
135	-5	98	default:stone	0
136	-5	98	default:stone	0
137	-5	98	default:dirt	0
138	-5	98	default:dirt	0
139	-5	98	default:dirt	0
140	-5	98	default:dirt	0
141	-5	98	default:cobble	0
142	-5	98	default:dirt	0
143	-5	98	default:dirt	0
144	-5	98	default:dirt	0
145	-5	98	default:dirt	0
146	-5	98	default:dirt	0
147	-5	98	default:dirt	0
117	-4	98	default:dirt	0
118	-4	98	default:dirt	0
119	-4	98	default:dirt	0
120	-4	98	default:dirt	0
121	-4	98	default:dirt	0
122	-4	98	default:dirt	0
123	-4	98	default:cobble	0
124	-4	98	default:dirt	0
125	-4	98	default:dirt	0
126	-4	98	default:dirt	0
127	-4	98	default:dirt	0
128	-4	98	default:dirt	0
129	-4	98	default:dirt	0
130	-4	98	default:dirt	0
131	-4	98	default:dirt	0
132	-4	98	default:dirt	0
133	-4	98	default:dirt	0
134	-4	98	default:dirt	0
135	-4	98	default:dirt	0
136	-4	98	default:dirt	0
137	-4	98	default:dirt	0
138	-4	98	default:dirt	0
139	-4	98	default:dirt	0
140	-4	98	default:dirt	0
141	-4	98	default:cobble	0
142	-4	98	default:dirt	0
143	-4	98	default:dirt	0
144	-4	98	default:dirt	0
145	-4	98	default:dirt	0
146	-4	98	default:dirt	0
147	-4	98	default:dirt	0
117	-3	98	default:dirt	0
118	-3	98	default:dirt	0
119	-3	98	default:dirt	0
120	-3	98	default:dirt	0
121	-3	98	default:dirt	0
122	-3	98	default:dirt	0
123	-3	98	default:cobble	0
124	-3	98	default:dirt	0
125	-3	98	default:dirt	0
126	-3	98	default:dirt	0
127	-3	98	default:dirt	0
128	-3	98	default:dirt	0
129	-3	98	default:dirt	0
130	-3	98	default:dirt	0
131	-3	98	default:dirt	0
132	-3	98	default:dirt	0
133	-3	98	default:dirt	0
134	-3	98	default:dirt	0
135	-3	98	default:dirt	0
136	-3	98	default:dirt	0
137	-3	98	default:dirt	0
138	-3	98	default:dirt	0
139	-3	98	default:dirt	0
140	-3	98	default:dirt	0
141	-3	98	default:cobble	0
142	-3	98	default:dirt	0
117	-2	98	grug_nodes:dirt_with_forest_litter	0
118	-2	98	grug_nodes:dirt_with_forest_litter	0
119	-2	98	grug_nodes:dirt_with_forest_litter	0
120	-2	98	default:dirt	0
121	-2	98	default:dirt	0
122	-2	98	default:dirt	0
123	-2	98	default:cobble	0
124	-2	98	default:dirt	0
125	-2	98	default:dirt	0
126	-2	98	default:dirt	0
127	-2	98	default:dirt	0
128	-2	98	default:dirt	0
129	-2	98	default:dirt	0
130	-2	98	default:dirt	0
131	-2	98	default:dirt	0
132	-2	98	default:dirt	0
133	-2	98	default:dirt	0
134	-2	98	default:dirt	0
135	-2	98	default:dirt	0
136	-2	98	default:dirt	0
137	-2	98	default:dirt	0
138	-2	98	default:dirt	0
139	-2	98	default:dirt	0
140	-2	98	default:dirt	0
141	-2	98	default:cobble	0
120	-1	98	grug_nodes:dirt_with_forest_litter	0
121	-1	98	grug_nodes:dirt_with_forest_litter	0
122	-1	98	default:dirt	0
123	-1	98	default:cobble	0
124	-1	98	default:dirt	0
125	-1	98	default:dirt	0
126	-1	98	default:dirt	0
127	-1	98	default:dirt	0
128	-1	98	default:dirt	0
129	-1	98	default:dirt	0
130	-1	98	default:dirt	0
131	-1	98	default:dirt	0
132	-1	98	default:dirt	0
133	-1	98	default:dirt	0
134	-1	98	default:dirt	0
135	-1	98	default:dirt	0
136	-1	98	default:dirt	0
137	-1	98	default:dirt	0
138	-1	98	default:dirt	0
139	-1	98	default:dirt	0
140	-1	98	default:dirt	0
141	-1	98	default:cobble	0
122	0	98	grug_nodes:dirt_with_forest_litter	0
123	0	98	default:brick	0
124	0	98	default:dirt_with_grass	0
125	0	98	default:dirt_with_grass	0
126	0	98	default:dirt_with_grass	0
127	0	98	default:dirt_with_grass	0
128	0	98	default:dirt_with_grass	0
129	0	98	default:dirt_with_grass	0
130	0	98	default:dirt_with_grass	0
131	0	98	default:cobble	0
132	0	98	default:cobble	0
133	0	98	default:cobble	0
134	0	98	default:dirt_with_grass	0
135	0	98	default:dirt_with_grass	0
136	0	98	default:dirt_with_grass	0
137	0	98	default:dirt_with_grass	0
138	0	98	default:dirt_with_grass	0
139	0	98	default:dirt_with_grass	0
140	0	98	default:dirt_with_grass	0
141	0	98	default:brick	0
124	1	98	default:tree	0
140	1	98	default:tree	0
124	2	98	default:tree	0
140	2	98	default:tree	0
124	3	98	default:torch	1
140	3	98	default:torch	1
117	-6	99	default:dirt	0
118	-6	99	default:dirt	0
119	-6	99	default:stone	0
120	-6	99	default:stone	0
121	-6	99	default:stone	0
122	-6	99	default:stone	0
123	-6	99	default:cobble	0
124	-6	99	default:stone	0
125	-6	99	default:stone	0
126	-6	99	default:stone	0
127	-6	99	default:stone	0
128	-6	99	default:stone	0
129	-6	99	default:stone	0
130	-6	99	default:stone	0
131	-6	99	default:stone	0
132	-6	99	default:stone	0
133	-6	99	default:stone	0
134	-6	99	default:stone	0
135	-6	99	default:stone	0
136	-6	99	default:stone	0
137	-6	99	default:stone	0
138	-6	99	default:dirt	0
139	-6	99	default:dirt	0
140	-6	99	default:dirt	0
141	-6	99	default:cobble	0
142	-6	99	default:dirt	0
143	-6	99	default:dirt	0
144	-6	99	default:dirt	0
145	-6	99	default:dirt	0
146	-6	99	default:dirt	0
147	-6	99	default:dirt	0
117	-5	99	default:dirt	0
118	-5	99	default:dirt	0
119	-5	99	default:dirt	0
120	-5	99	default:dirt	0
121	-5	99	default:stone	0
122	-5	99	default:stone	0
123	-5	99	default:cobble	0
124	-5	99	default:stone	0
125	-5	99	default:stone	0
126	-5	99	default:stone	0
127	-5	99	default:stone	0
128	-5	99	default:stone	0
129	-5	99	default:stone	0
130	-5	99	default:stone	0
131	-5	99	default:stone	0
132	-5	99	default:stone	0
133	-5	99	default:stone	0
134	-5	99	default:stone	0
135	-5	99	default:stone	0
136	-5	99	default:dirt	0
137	-5	99	default:dirt	0
138	-5	99	default:dirt	0
139	-5	99	default:dirt	0
140	-5	99	default:dirt	0
141	-5	99	default:cobble	0
142	-5	99	default:dirt	0
143	-5	99	default:dirt	0
144	-5	99	default:dirt	0
145	-5	99	default:dirt	0
146	-5	99	default:dirt	0
147	-5	99	default:dirt	0
117	-4	99	default:dirt	0
118	-4	99	default:dirt	0
119	-4	99	default:dirt	0
120	-4	99	default:dirt	0
121	-4	99	default:dirt	0
122	-4	99	default:dirt	0
123	-4	99	default:cobble	0
124	-4	99	default:dirt	0
125	-4	99	default:dirt	0
126	-4	99	default:dirt	0
127	-4	99	default:dirt	0
128	-4	99	default:dirt	0
129	-4	99	default:dirt	0
130	-4	99	default:dirt	0
131	-4	99	default:dirt	0
132	-4	99	default:dirt	0
133	-4	99	default:dirt	0
134	-4	99	default:dirt	0
135	-4	99	default:dirt	0
136	-4	99	default:dirt	0
137	-4	99	default:dirt	0
138	-4	99	default:dirt	0
139	-4	99	default:dirt	0
140	-4	99	default:dirt	0
141	-4	99	default:cobble	0
142	-4	99	default:dirt	0
143	-4	99	default:dirt	0
144	-4	99	default:dirt	0
145	-4	99	default:dirt	0
146	-4	99	default:dirt	0
147	-4	99	default:dirt	0
117	-3	99	default:dirt	0
118	-3	99	default:dirt	0
119	-3	99	default:dirt	0
120	-3	99	default:dirt	0
121	-3	99	default:dirt	0
122	-3	99	default:dirt	0
123	-3	99	default:cobble	0
124	-3	99	default:dirt	0
125	-3	99	default:dirt	0
126	-3	99	default:dirt	0
127	-3	99	default:dirt	0
128	-3	99	default:dirt	0
129	-3	99	default:dirt	0
130	-3	99	default:dirt	0
131	-3	99	default:dirt	0
132	-3	99	default:dirt	0
133	-3	99	default:dirt	0
134	-3	99	default:dirt	0
135	-3	99	default:dirt	0
136	-3	99	default:dirt	0
137	-3	99	default:dirt	0
138	-3	99	default:dirt	0
139	-3	99	default:dirt	0
140	-3	99	default:dirt	0
141	-3	99	default:cobble	0
142	-3	99	default:dirt	0
143	-3	99	default:dirt	0
117	-2	99	grug_nodes:dirt_with_forest_litter	0
118	-2	99	grug_nodes:dirt_with_forest_litter	0
119	-2	99	default:dirt	0
120	-2	99	default:dirt	0
121	-2	99	default:dirt	0
122	-2	99	default:dirt	0
123	-2	99	default:cobble	0
124	-2	99	default:dirt	0
125	-2	99	default:dirt	0
126	-2	99	default:dirt	0
127	-2	99	default:dirt	0
128	-2	99	default:dirt	0
129	-2	99	default:dirt	0
130	-2	99	default:dirt	0
131	-2	99	default:dirt	0
132	-2	99	default:dirt	0
133	-2	99	default:dirt	0
134	-2	99	default:dirt	0
135	-2	99	default:dirt	0
136	-2	99	default:dirt	0
137	-2	99	default:dirt	0
138	-2	99	default:dirt	0
139	-2	99	default:dirt	0
140	-2	99	default:dirt	0
141	-2	99	default:cobble	0
119	-1	99	grug_nodes:dirt_with_forest_litter	0
120	-1	99	grug_nodes:dirt_with_forest_litter	0
121	-1	99	default:dirt	0
122	-1	99	default:dirt	0
123	-1	99	default:cobble	0
124	-1	99	default:dirt	0
125	-1	99	default:dirt	0
126	-1	99	default:dirt	0
127	-1	99	default:dirt	0
128	-1	99	default:dirt	0
129	-1	99	default:dirt	0
130	-1	99	default:dirt	0
131	-1	99	default:dirt	0
132	-1	99	default:dirt	0
133	-1	99	default:dirt	0
134	-1	99	default:dirt	0
135	-1	99	default:dirt	0
136	-1	99	default:dirt	0
137	-1	99	default:dirt	0
138	-1	99	default:dirt	0
139	-1	99	default:dirt	0
140	-1	99	default:dirt	0
141	-1	99	default:cobble	0
121	0	99	grug_nodes:dirt_with_forest_litter	0
122	0	99	grug_nodes:dirt_with_forest_litter	0
123	0	99	default:brick	0
124	0	99	default:dirt_with_grass	0
125	0	99	default:cobble	0
126	0	99	default:cobble	0
127	0	99	default:cobble	0
128	0	99	default:cobble	0
129	0	99	default:cobble	0
130	0	99	default:cobble	0
131	0	99	default:cobble	0
132	0	99	default:cobble	0
133	0	99	default:cobble	0
134	0	99	default:cobble	0
135	0	99	default:cobble	0
136	0	99	default:cobble	0
137	0	99	default:cobble	0
138	0	99	default:cobble	0
139	0	99	default:cobble	0
140	0	99	default:dirt_with_grass	0
141	0	99	default:brick	0
135	1	99	stairs:stair_wood	2
136	1	99	stairs:stair_wood	2
137	1	99	stairs:stair_wood	2
130	3	99	default:torch_wall	4
134	3	99	default:torch_wall	4
125	6	99	grug_decor:darkage_slate_tile_stair_outer	1
126	6	99	grug_decor:darkage_slate_tile_stair	0
127	6	99	grug_decor:darkage_slate_tile_stair	0
128	6	99	grug_decor:darkage_slate_tile_stair	0
129	6	99	grug_decor:darkage_slate_tile_stair	0
130	6	99	grug_decor:darkage_slate_tile_stair	0
131	6	99	grug_decor:darkage_slate_tile_stair	0
132	6	99	grug_decor:darkage_slate_tile_stair	0
133	6	99	grug_decor:darkage_slate_tile_stair	0
134	6	99	grug_decor:darkage_slate_tile_stair	0
135	6	99	grug_decor:darkage_slate_tile_stair	0
136	6	99	grug_decor:darkage_slate_tile_stair	0
137	6	99	grug_decor:darkage_slate_tile_stair	0
138	6	99	grug_decor:darkage_slate_tile_stair	0
139	6	99	grug_decor:darkage_slate_tile_stair_outer	0
117	-6	100	default:dirt	0
118	-6	100	default:stone	0
119	-6	100	default:stone	0
120	-6	100	default:stone	0
121	-6	100	default:stone	0
122	-6	100	default:stone	0
123	-6	100	default:cobble	0
124	-6	100	default:stone	0
125	-6	100	default:stone	0
126	-6	100	default:stone	0
127	-6	100	default:stone	0
128	-6	100	default:stone	0
129	-6	100	default:stone	0
130	-6	100	default:stone	0
131	-6	100	default:stone	0
132	-6	100	default:stone	0
133	-6	100	default:stone	0
134	-6	100	default:stone	0
135	-6	100	default:stone	0
136	-6	100	default:stone	0
137	-6	100	default:dirt	0
138	-6	100	default:dirt	0
139	-6	100	default:dirt	0
140	-6	100	default:dirt	0
141	-6	100	default:cobble	0
142	-6	100	default:dirt	0
143	-6	100	default:dirt	0
144	-6	100	default:dirt	0
145	-6	100	default:dirt	0
146	-6	100	default:dirt	0
147	-6	100	default:dirt	0
117	-5	100	default:dirt	0
118	-5	100	default:dirt	0
119	-5	100	default:dirt	0
120	-5	100	default:stone	0
121	-5	100	default:stone	0
122	-5	100	default:stone	0
123	-5	100	default:cobble	0
124	-5	100	default:stone	0
125	-5	100	default:stone	0
126	-5	100	default:stone	0
127	-5	100	default:stone	0
128	-5	100	default:stone	0
129	-5	100	default:stone	0
130	-5	100	default:stone	0
131	-5	100	default:stone	0
132	-5	100	default:stone	0
133	-5	100	default:stone	0
134	-5	100	default:stone	0
135	-5	100	default:dirt	0
136	-5	100	default:dirt	0
137	-5	100	default:dirt	0
138	-5	100	default:dirt	0
139	-5	100	default:dirt	0
140	-5	100	default:dirt	0
141	-5	100	default:cobble	0
142	-5	100	default:dirt	0
143	-5	100	default:dirt	0
144	-5	100	default:dirt	0
145	-5	100	default:dirt	0
146	-5	100	default:dirt	0
147	-5	100	default:dirt	0
117	-4	100	default:dirt	0
118	-4	100	default:dirt	0
119	-4	100	default:dirt	0
120	-4	100	default:dirt	0
121	-4	100	default:dirt	0
122	-4	100	default:dirt	0
123	-4	100	default:cobble	0
124	-4	100	default:dirt	0
125	-4	100	default:dirt	0
126	-4	100	default:dirt	0
127	-4	100	default:dirt	0
128	-4	100	default:dirt	0
129	-4	100	default:dirt	0
130	-4	100	default:dirt	0
131	-4	100	default:dirt	0
132	-4	100	default:dirt	0
133	-4	100	default:dirt	0
134	-4	100	default:dirt	0
135	-4	100	default:dirt	0
136	-4	100	default:dirt	0
137	-4	100	default:dirt	0
138	-4	100	default:dirt	0
139	-4	100	default:dirt	0
140	-4	100	default:dirt	0
141	-4	100	default:cobble	0
142	-4	100	default:dirt	0
143	-4	100	default:dirt	0
144	-4	100	default:dirt	0
145	-4	100	default:dirt	0
146	-4	100	default:dirt	0
147	-4	100	default:dirt	0
117	-3	100	default:dirt	0
118	-3	100	default:dirt	0
119	-3	100	default:dirt	0
120	-3	100	default:dirt	0
121	-3	100	default:dirt	0
122	-3	100	default:dirt	0
123	-3	100	default:cobble	0
124	-3	100	default:dirt	0
125	-3	100	default:dirt	0
126	-3	100	default:dirt	0
127	-3	100	default:dirt	0
128	-3	100	default:dirt	0
129	-3	100	default:dirt	0
130	-3	100	default:dirt	0
131	-3	100	default:dirt	0
132	-3	100	default:dirt	0
133	-3	100	default:dirt	0
134	-3	100	default:dirt	0
135	-3	100	default:dirt	0
136	-3	100	default:dirt	0
137	-3	100	default:dirt	0
138	-3	100	default:dirt	0
139	-3	100	default:dirt	0
140	-3	100	default:dirt	0
141	-3	100	default:cobble	0
142	-3	100	default:dirt	0
143	-3	100	default:dirt	0
117	-2	100	grug_nodes:dirt_with_forest_litter	0
118	-2	100	default:dirt	0
119	-2	100	default:dirt	0
120	-2	100	default:dirt	0
121	-2	100	default:dirt	0
122	-2	100	default:dirt	0
123	-2	100	default:cobble	0
124	-2	100	default:dirt	0
125	-2	100	default:dirt	0
126	-2	100	default:dirt	0
127	-2	100	default:dirt	0
128	-2	100	default:dirt	0
129	-2	100	default:dirt	0
130	-2	100	default:dirt	0
131	-2	100	default:dirt	0
132	-2	100	default:dirt	0
133	-2	100	default:dirt	0
134	-2	100	default:dirt	0
135	-2	100	default:dirt	0
136	-2	100	default:dirt	0
137	-2	100	grug_nodes:dirt_with_forest_litter	0
138	-2	100	default:dirt	0
139	-2	100	default:dirt	0
140	-2	100	default:dirt	0
141	-2	100	default:cobble	0
142	-2	100	default:dirt	0
118	-1	100	grug_nodes:dirt_with_forest_litter	0
119	-1	100	grug_nodes:dirt_with_forest_litter	0
120	-1	100	default:dirt	0
121	-1	100	default:dirt	0
122	-1	100	default:dirt	0
123	-1	100	default:cobble	0
124	-1	100	default:dirt	0
125	-1	100	default:dirt	0
126	-1	100	default:dirt	0
127	-1	100	default:dirt	0
128	-1	100	default:dirt	0
129	-1	100	default:dirt	0
130	-1	100	default:dirt	0
131	-1	100	default:dirt	0
132	-1	100	default:dirt	0
133	-1	100	default:dirt	0
134	-1	100	default:dirt	0
135	-1	100	default:dirt	0
136	-1	100	default:dirt	0
137	-1	100	default:dirt	0
138	-1	100	default:dirt	0
139	-1	100	default:dirt	0
140	-1	100	default:dirt	0
141	-1	100	default:cobble	0
120	0	100	grug_nodes:dirt_with_forest_litter	0
121	0	100	grug_nodes:dirt_with_forest_litter	0
122	0	100	grug_nodes:dirt_with_forest_litter	0
123	0	100	default:brick	0
124	0	100	default:dirt_with_grass	0
125	0	100	default:cobble	0
126	0	100	default:cobble	0
127	0	100	default:cobble	0
128	0	100	default:cobble	0
129	0	100	default:cobble	0
130	0	100	default:cobble	0
131	0	100	default:cobble	0
132	0	100	default:cobble	0
133	0	100	default:cobble	0
134	0	100	default:cobble	0
135	0	100	default:cobble	0
136	0	100	default:cobble	0
137	0	100	default:cobble	0
138	0	100	default:cobble	0
139	0	100	default:cobble	0
140	0	100	default:dirt_with_grass	0
141	0	100	default:brick	0
126	1	100	default:tree	0
127	1	100	default:tree	0
128	1	100	default:brick	0
129	1	100	default:brick	0
130	1	100	default:tree	0
131	1	100	default:brick	0
132	1	100	doors:door_wood_a	0
133	1	100	doors:door_wood_b	0
134	1	100	default:brick	0
135	1	100	default:tree	0
136	1	100	default:brick	0
137	1	100	default:brick	0
138	1	100	default:tree	0
126	2	100	default:tree	0
127	2	100	default:tree	0
128	2	100	xpanes:pane_flat	0
129	2	100	xpanes:pane_flat	0
130	2	100	default:tree	0
131	2	100	grug_decor:cottages_loam	0
132	2	100	doors:hidden	0
133	2	100	doors:hidden	3
134	2	100	grug_decor:cottages_loam	0
135	2	100	default:tree	0
136	2	100	xpanes:pane_flat	0
137	2	100	xpanes:pane_flat	0
138	2	100	default:tree	0
126	3	100	default:tree	0
127	3	100	default:tree	0
128	3	100	xpanes:pane_flat	0
129	3	100	xpanes:pane_flat	0
130	3	100	default:tree	0
131	3	100	grug_decor:cottages_loam	0
132	3	100	default:tree	0
133	3	100	grug_decor:cottages_loam	0
134	3	100	grug_decor:cottages_loam	0
135	3	100	default:tree	0
136	3	100	xpanes:pane_flat	0
137	3	100	xpanes:pane_flat	0
138	3	100	default:tree	0
126	4	100	default:tree	0
127	4	100	default:tree	0
128	4	100	grug_decor:cottages_loam	0
129	4	100	default:tree	0
130	4	100	default:tree	0
131	4	100	grug_decor:cottages_loam	0
132	4	100	default:tree	0
133	4	100	grug_decor:cottages_loam	0
134	4	100	grug_decor:cottages_loam	0
135	4	100	default:tree	0
136	4	100	grug_decor:cottages_loam	0
137	4	100	grug_decor:cottages_loam	0
138	4	100	default:tree	0
126	5	100	default:tree	0
127	5	100	default:tree	0
128	5	100	grug_decor:cottages_loam	0
129	5	100	default:tree	0
130	5	100	default:tree	0
131	5	100	grug_decor:cottages_loam	0
132	5	100	default:tree	0
133	5	100	grug_decor:cottages_loam	0
134	5	100	grug_decor:cottages_loam	0
135	5	100	default:tree	0
136	5	100	grug_decor:cottages_loam	0
137	5	100	grug_decor:cottages_loam	0
138	5	100	default:tree	0
125	6	100	grug_decor:darkage_slate_tile_stair	1
126	6	100	default:tree	0
127	6	100	default:tree	0
128	6	100	grug_decor:cottages_loam	0
129	6	100	default:tree	0
130	6	100	default:tree	0
131	6	100	grug_decor:cottages_loam	0
132	6	100	default:tree	0
133	6	100	grug_decor:cottages_loam	0
134	6	100	grug_decor:cottages_loam	0
135	6	100	default:tree	0
136	6	100	grug_decor:cottages_loam	0
137	6	100	grug_decor:cottages_loam	0
138	6	100	default:tree	0
139	6	100	grug_decor:darkage_slate_tile_stair	3
126	7	100	grug_decor:darkage_slate_tile_stair_outer	1
127	7	100	grug_decor:darkage_slate_tile_stair	0
128	7	100	grug_decor:darkage_slate_tile_stair	0
129	7	100	grug_decor:darkage_slate_tile_stair	0
130	7	100	grug_decor:darkage_slate_tile_stair	0
131	7	100	grug_decor:darkage_slate_tile_stair	0
132	7	100	grug_decor:darkage_slate_tile_stair	0
133	7	100	grug_decor:darkage_slate_tile_stair	0
134	7	100	grug_decor:darkage_slate_tile_stair	0
135	7	100	grug_decor:darkage_slate_tile_stair	0
136	7	100	grug_decor:darkage_slate_tile_stair	0
137	7	100	grug_decor:darkage_slate_tile_stair	0
138	7	100	grug_decor:darkage_slate_tile_stair_outer	0
117	-6	101	default:stone	0
118	-6	101	default:stone	0
119	-6	101	default:stone	0
120	-6	101	default:stone	0
121	-6	101	default:stone	0
122	-6	101	default:stone	0
123	-6	101	default:cobble	0
124	-6	101	default:stone	0
125	-6	101	default:stone	0
126	-6	101	default:stone	0
127	-6	101	default:stone	0
128	-6	101	default:stone	0
129	-6	101	default:stone	0
130	-6	101	default:stone	0
131	-6	101	default:stone	0
132	-6	101	default:stone	0
133	-6	101	default:stone	0
134	-6	101	default:stone	0
135	-6	101	default:stone	0
136	-6	101	default:stone	0
137	-6	101	default:dirt	0
138	-6	101	default:dirt	0
139	-6	101	default:dirt	0
140	-6	101	default:dirt	0
141	-6	101	default:cobble	0
142	-6	101	default:dirt	0
143	-6	101	default:dirt	0
144	-6	101	default:dirt	0
145	-6	101	default:dirt	0
146	-6	101	default:dirt	0
147	-6	101	default:dirt	0
117	-5	101	default:dirt	0
118	-5	101	default:dirt	0
119	-5	101	default:stone	0
120	-5	101	default:stone	0
121	-5	101	default:stone	0
122	-5	101	default:stone	0
123	-5	101	default:cobble	0
124	-5	101	default:stone	0
125	-5	101	default:stone	0
126	-5	101	default:stone	0
127	-5	101	default:stone	0
128	-5	101	default:stone	0
129	-5	101	default:stone	0
130	-5	101	default:stone	0
131	-5	101	default:stone	0
132	-5	101	default:stone	0
133	-5	101	default:stone	0
134	-5	101	default:stone	0
135	-5	101	default:stone	0
136	-5	101	default:dirt	0
137	-5	101	default:dirt	0
138	-5	101	default:dirt	0
139	-5	101	default:dirt	0
140	-5	101	default:dirt	0
141	-5	101	default:cobble	0
142	-5	101	default:dirt	0
143	-5	101	default:dirt	0
144	-5	101	default:dirt	0
145	-5	101	default:dirt	0
146	-5	101	default:dirt	0
147	-5	101	default:dirt	0
117	-4	101	default:dirt	0
118	-4	101	default:dirt	0
119	-4	101	default:dirt	0
120	-4	101	default:dirt	0
121	-4	101	default:dirt	0
122	-4	101	default:dirt	0
123	-4	101	default:cobble	0
124	-4	101	default:dirt	0
125	-4	101	default:dirt	0
126	-4	101	default:dirt	0
127	-4	101	default:dirt	0
128	-4	101	default:dirt	0
129	-4	101	default:dirt	0
130	-4	101	default:dirt	0
131	-4	101	default:dirt	0
132	-4	101	default:dirt	0
133	-4	101	default:dirt	0
134	-4	101	default:dirt	0
135	-4	101	default:dirt	0
136	-4	101	default:dirt	0
137	-4	101	default:dirt	0
138	-4	101	default:dirt	0
139	-4	101	default:dirt	0
140	-4	101	default:dirt	0
141	-4	101	default:cobble	0
142	-4	101	default:dirt	0
143	-4	101	default:dirt	0
144	-4	101	default:dirt	0
145	-4	101	default:dirt	0
146	-4	101	default:dirt	0
147	-4	101	default:dirt	0
117	-3	101	default:dirt	0
118	-3	101	default:dirt	0
119	-3	101	default:dirt	0
120	-3	101	default:dirt	0
121	-3	101	default:dirt	0
122	-3	101	default:dirt	0
123	-3	101	default:cobble	0
124	-3	101	default:dirt	0
125	-3	101	default:dirt	0
126	-3	101	default:dirt	0
127	-3	101	default:dirt	0
128	-3	101	default:dirt	0
129	-3	101	default:dirt	0
130	-3	101	default:dirt	0
131	-3	101	default:dirt	0
132	-3	101	default:dirt	0
133	-3	101	default:dirt	0
134	-3	101	default:dirt	0
135	-3	101	default:dirt	0
136	-3	101	default:dirt	0
137	-3	101	default:dirt	0
138	-3	101	default:dirt	0
139	-3	101	default:dirt	0
140	-3	101	default:dirt	0
141	-3	101	default:cobble	0
142	-3	101	default:dirt	0
143	-3	101	default:dirt	0
117	-2	101	default:dirt	0
118	-2	101	default:dirt	0
119	-2	101	default:dirt	0
120	-2	101	default:dirt	0
121	-2	101	default:dirt	0
122	-2	101	default:dirt	0
123	-2	101	default:cobble	0
124	-2	101	default:dirt	0
125	-2	101	default:dirt	0
126	-2	101	default:dirt	0
127	-2	101	default:dirt	0
128	-2	101	default:dirt	0
129	-2	101	default:dirt	0
130	-2	101	default:dirt	0
131	-2	101	default:dirt	0
132	-2	101	default:dirt	0
133	-2	101	default:dirt	0
134	-2	101	default:dirt	0
135	-2	101	default:dirt	0
136	-2	101	default:dirt	0
137	-2	101	grug_nodes:dirt_with_forest_litter	0
138	-2	101	default:dirt	0
139	-2	101	default:dirt	0
140	-2	101	default:dirt	0
141	-2	101	default:cobble	0
142	-2	101	default:dirt	0
117	-1	101	grug_nodes:dirt_with_forest_litter	0
118	-1	101	grug_nodes:dirt_with_forest_litter	0
119	-1	101	default:dirt	0
120	-1	101	default:dirt	0
121	-1	101	default:dirt	0
122	-1	101	default:dirt	0
123	-1	101	default:cobble	0
124	-1	101	default:dirt	0
125	-1	101	default:dirt	0
126	-1	101	default:dirt	0
127	-1	101	default:dirt	0
128	-1	101	default:dirt	0
129	-1	101	default:dirt	0
130	-1	101	default:dirt	0
131	-1	101	default:dirt	0
132	-1	101	default:dirt	0
133	-1	101	default:dirt	0
134	-1	101	default:dirt	0
135	-1	101	default:dirt	0
136	-1	101	default:dirt	0
137	-1	101	default:dirt	0
138	-1	101	default:dirt	0
139	-1	101	default:dirt	0
140	-1	101	default:dirt	0
141	-1	101	default:cobble	0
119	0	101	grug_nodes:dirt_with_forest_litter	0
120	0	101	grug_nodes:dirt_with_forest_litter	0
121	0	101	grug_nodes:dirt_with_forest_litter	0
122	0	101	grug_nodes:dirt_with_forest_litter	0
123	0	101	default:brick	0
124	0	101	default:dirt_with_grass	0
125	0	101	default:cobble	0
126	0	101	default:cobble	0
127	0	101	default:wood	0
128	0	101	default:wood	0
129	0	101	default:wood	0
130	0	101	default:wood	0
131	0	101	default:wood	0
132	0	101	default:wood	0
133	0	101	default:wood	0
134	0	101	default:wood	0
135	0	101	default:wood	0
136	0	101	default:wood	0
137	0	101	default:wood	0
138	0	101	default:cobble	0
139	0	101	default:cobble	0
140	0	101	default:dirt_with_grass	0
141	0	101	default:brick	0
126	1	101	default:tree	0
138	1	101	default:tree	0
126	2	101	default:tree	0
138	2	101	default:tree	0
126	3	101	default:tree	0
138	3	101	default:tree	0
126	4	101	default:tree	0
138	4	101	default:tree	0
126	5	101	default:tree	0
138	5	101	default:tree	0
125	6	101	grug_decor:darkage_slate_tile_stair	1
126	6	101	default:tree	0
138	6	101	default:tree	0
139	6	101	grug_decor:darkage_slate_tile_stair	3
126	7	101	grug_decor:darkage_slate_tile_stair	1
138	7	101	grug_decor:darkage_slate_tile_stair	3
127	8	101	grug_decor:darkage_slate_tile_stair_outer	1
128	8	101	grug_decor:darkage_slate_tile_stair	0
129	8	101	grug_decor:darkage_slate_tile_stair	0
130	8	101	grug_decor:darkage_slate_tile_stair	0
131	8	101	grug_decor:darkage_slate_tile_stair	0
132	8	101	grug_decor:darkage_slate_tile_stair	0
133	8	101	grug_decor:darkage_slate_tile_stair	0
134	8	101	grug_decor:darkage_slate_tile_stair	0
135	8	101	grug_decor:darkage_slate_tile_stair	0
136	8	101	grug_decor:darkage_slate_tile_stair	0
137	8	101	grug_decor:darkage_slate_tile_stair_outer	0
117	-6	102	default:stone	0
118	-6	102	default:stone	0
119	-6	102	default:stone	0
120	-6	102	default:stone	0
121	-6	102	default:stone	0
122	-6	102	default:stone	0
123	-6	102	default:cobble	0
124	-6	102	default:stone	0
125	-6	102	default:stone	0
126	-6	102	default:stone	0
127	-6	102	default:stone	0
128	-6	102	default:stone	0
129	-6	102	default:stone	0
130	-6	102	default:stone	0
131	-6	102	default:stone	0
132	-6	102	default:stone	0
133	-6	102	default:stone	0
134	-6	102	default:stone	0
135	-6	102	default:stone	0
136	-6	102	default:stone	0
137	-6	102	default:stone	0
138	-6	102	default:dirt	0
139	-6	102	default:dirt	0
140	-6	102	default:dirt	0
141	-6	102	default:cobble	0
142	-6	102	default:dirt	0
143	-6	102	default:dirt	0
144	-6	102	default:dirt	0
145	-6	102	default:dirt	0
146	-6	102	default:dirt	0
147	-6	102	default:dirt	0
117	-5	102	default:dirt	0
118	-5	102	default:stone	0
119	-5	102	default:stone	0
120	-5	102	default:stone	0
121	-5	102	default:stone	0
122	-5	102	default:stone	0
123	-5	102	default:cobble	0
124	-5	102	default:stone	0
125	-5	102	default:stone	0
126	-5	102	default:stone	0
127	-5	102	default:stone	0
128	-5	102	default:stone	0
129	-5	102	default:stone	0
130	-5	102	default:stone	0
131	-5	102	default:stone	0
132	-5	102	default:stone	0
133	-5	102	default:stone	0
134	-5	102	default:stone	0
135	-5	102	default:stone	0
136	-5	102	default:dirt	0
137	-5	102	default:dirt	0
138	-5	102	default:dirt	0
139	-5	102	default:dirt	0
140	-5	102	default:dirt	0
141	-5	102	default:cobble	0
142	-5	102	default:dirt	0
143	-5	102	default:dirt	0
144	-5	102	default:dirt	0
145	-5	102	default:dirt	0
146	-5	102	default:dirt	0
147	-5	102	default:dirt	0
117	-4	102	default:dirt	0
118	-4	102	default:dirt	0
119	-4	102	default:dirt	0
120	-4	102	default:dirt	0
121	-4	102	default:dirt	0
122	-4	102	default:dirt	0
123	-4	102	default:cobble	0
124	-4	102	default:dirt	0
125	-4	102	default:dirt	0
126	-4	102	default:dirt	0
127	-4	102	default:dirt	0
128	-4	102	default:dirt	0
129	-4	102	default:dirt	0
130	-4	102	default:dirt	0
131	-4	102	default:dirt	0
132	-4	102	default:dirt	0
133	-4	102	default:dirt	0
134	-4	102	default:dirt	0
135	-4	102	default:dirt	0
136	-4	102	default:dirt	0
137	-4	102	default:dirt	0
138	-4	102	default:dirt	0
139	-4	102	default:dirt	0
140	-4	102	default:dirt	0
141	-4	102	default:cobble	0
142	-4	102	default:dirt	0
143	-4	102	default:dirt	0
144	-4	102	default:dirt	0
145	-4	102	default:dirt	0
146	-4	102	default:dirt	0
117	-3	102	default:dirt	0
118	-3	102	default:dirt	0
119	-3	102	default:dirt	0
120	-3	102	default:dirt	0
121	-3	102	default:dirt	0
122	-3	102	default:dirt	0
123	-3	102	default:cobble	0
124	-3	102	default:dirt	0
125	-3	102	default:dirt	0
126	-3	102	default:dirt	0
127	-3	102	default:dirt	0
128	-3	102	default:dirt	0
129	-3	102	default:dirt	0
130	-3	102	default:dirt	0
131	-3	102	default:dirt	0
132	-3	102	default:dirt	0
133	-3	102	default:dirt	0
134	-3	102	default:dirt	0
135	-3	102	default:dirt	0
136	-3	102	default:dirt	0
137	-3	102	default:dirt	0
138	-3	102	default:dirt	0
139	-3	102	default:dirt	0
140	-3	102	default:dirt	0
141	-3	102	default:cobble	0
142	-3	102	default:dirt	0
143	-3	102	default:dirt	0
144	-3	102	default:dirt	0
117	-2	102	default:dirt	0
118	-2	102	default:dirt	0
119	-2	102	default:dirt	0
120	-2	102	default:dirt	0
121	-2	102	default:dirt	0
122	-2	102	default:dirt	0
123	-2	102	default:cobble	0
124	-2	102	default:dirt	0
125	-2	102	default:dirt	0
126	-2	102	default:dirt	0
127	-2	102	default:dirt	0
128	-2	102	default:dirt	0
129	-2	102	default:dirt	0
130	-2	102	default:dirt	0
131	-2	102	default:dirt	0
132	-2	102	default:dirt	0
133	-2	102	default:dirt	0
134	-2	102	default:dirt	0
135	-2	102	default:dirt	0
136	-2	102	default:dirt	0
137	-2	102	default:dirt	0
138	-2	102	grug_nodes:dirt_with_forest_litter	0
139	-2	102	default:dirt	0
140	-2	102	default:dirt	0
141	-2	102	default:cobble	0
142	-2	102	default:dirt	0
117	-1	102	grug_nodes:dirt_with_forest_litter	0
118	-1	102	default:dirt	0
119	-1	102	default:dirt	0
120	-1	102	default:dirt	0
121	-1	102	default:dirt	0
122	-1	102	default:dirt	0
123	-1	102	default:cobble	0
124	-1	102	default:dirt	0
125	-1	102	default:dirt	0
126	-1	102	default:dirt	0
127	-1	102	default:dirt	0
128	-1	102	default:dirt	0
129	-1	102	default:dirt	0
130	-1	102	default:dirt	0
131	-1	102	default:dirt	0
132	-1	102	default:dirt	0
133	-1	102	default:dirt	0
134	-1	102	default:dirt	0
135	-1	102	default:dirt	0
136	-1	102	default:dirt	0
137	-1	102	default:dirt	0
138	-1	102	default:dirt	0
139	-1	102	default:dirt	0
140	-1	102	default:dirt	0
141	-1	102	default:cobble	0
118	0	102	grug_nodes:dirt_with_forest_litter	0
119	0	102	grug_nodes:dirt_with_forest_litter	0
120	0	102	grug_nodes:dirt_with_forest_litter	0
121	0	102	grug_nodes:dirt_with_forest_litter	0
122	0	102	grug_nodes:dirt_with_forest_litter	0
123	0	102	default:brick	0
124	0	102	default:dirt_with_grass	0
125	0	102	default:cobble	0
126	0	102	default:cobble	0
127	0	102	default:wood	0
128	0	102	default:wood	0
129	0	102	default:wood	0
130	0	102	default:wood	0
131	0	102	default:wood	0
132	0	102	wool:red	0
133	0	102	default:wood	0
134	0	102	default:wood	0
135	0	102	default:wood	0
136	0	102	default:wood	0
137	0	102	default:wood	0
138	0	102	default:cobble	0
139	0	102	default:cobble	0
140	0	102	default:dirt_with_grass	0
141	0	102	default:brick	0
126	1	102	default:brick	0
127	1	102	grug_decor:xdecor_empty_shelf	3
137	1	102	grug_decor:xdecor_empty_shelf	1
138	1	102	default:brick	0
126	2	102	xpanes:pane_flat	3
138	2	102	xpanes:pane_flat	3
126	3	102	xpanes:pane_flat	3
138	3	102	xpanes:pane_flat	3
126	4	102	grug_decor:cottages_loam	0
138	4	102	grug_decor:cottages_loam	0
126	5	102	grug_decor:cottages_loam	0
138	5	102	grug_decor:cottages_loam	0
125	6	102	grug_decor:darkage_slate_tile_stair	1
126	6	102	grug_decor:cottages_loam	0
138	6	102	grug_decor:cottages_loam	0
139	6	102	grug_decor:darkage_slate_tile_stair	3
126	7	102	grug_decor:darkage_slate_tile_stair	1
138	7	102	grug_decor:darkage_slate_tile_stair	3
127	8	102	grug_decor:darkage_slate_tile_stair	1
137	8	102	grug_decor:darkage_slate_tile_stair	3
128	9	102	grug_decor:darkage_slate_tile_stair_outer	1
129	9	102	grug_decor:darkage_slate_tile_stair	0
130	9	102	grug_decor:darkage_slate_tile_stair	0
131	9	102	grug_decor:darkage_slate_tile_stair	0
132	9	102	grug_decor:darkage_slate_tile_stair	0
133	9	102	grug_decor:darkage_slate_tile_stair	0
134	9	102	grug_decor:darkage_slate_tile_stair	0
135	9	102	grug_decor:darkage_slate_tile_stair	0
136	9	102	grug_decor:darkage_slate_tile_stair_outer	0
117	-6	103	default:stone	0
118	-6	103	default:stone	0
119	-6	103	default:stone	0
120	-6	103	default:stone	0
121	-6	103	default:stone	0
122	-6	103	default:stone	0
123	-6	103	default:cobble	0
124	-6	103	default:stone	0
125	-6	103	default:stone	0
126	-6	103	default:stone	0
127	-6	103	default:stone	0
128	-6	103	default:stone	0
129	-6	103	default:stone	0
130	-6	103	default:stone	0
131	-6	103	default:stone	0
132	-6	103	default:stone	0
133	-6	103	default:stone	0
134	-6	103	default:stone	0
135	-6	103	default:stone	0
136	-6	103	default:stone	0
137	-6	103	default:stone	0
138	-6	103	default:stone	0
139	-6	103	default:dirt	0
140	-6	103	default:dirt	0
141	-6	103	default:cobble	0
142	-6	103	default:dirt	0
143	-6	103	default:dirt	0
144	-6	103	default:dirt	0
145	-6	103	default:dirt	0
146	-6	103	default:dirt	0
147	-6	103	default:dirt	0
117	-5	103	default:dirt	0
118	-5	103	default:stone	0
119	-5	103	default:stone	0
120	-5	103	default:stone	0
121	-5	103	default:stone	0
122	-5	103	default:stone	0
123	-5	103	default:cobble	0
124	-5	103	default:stone	0
125	-5	103	default:stone	0
126	-5	103	default:stone	0
127	-5	103	default:stone	0
128	-5	103	default:stone	0
129	-5	103	default:stone	0
130	-5	103	default:stone	0
131	-5	103	default:stone	0
132	-5	103	default:stone	0
133	-5	103	default:stone	0
134	-5	103	default:stone	0
135	-5	103	default:stone	0
136	-5	103	default:stone	0
137	-5	103	default:dirt	0
138	-5	103	default:dirt	0
139	-5	103	default:dirt	0
140	-5	103	default:dirt	0
141	-5	103	default:cobble	0
142	-5	103	default:dirt	0
143	-5	103	default:dirt	0
144	-5	103	default:dirt	0
145	-5	103	default:dirt	0
146	-5	103	default:dirt	0
147	-5	103	default:dirt	0
117	-4	103	default:dirt	0
118	-4	103	default:dirt	0
119	-4	103	default:dirt	0
120	-4	103	default:dirt	0
121	-4	103	default:dirt	0
122	-4	103	default:dirt	0
123	-4	103	default:cobble	0
124	-4	103	default:dirt	0
125	-4	103	default:dirt	0
126	-4	103	default:dirt	0
127	-4	103	default:dirt	0
128	-4	103	default:dirt	0
129	-4	103	default:dirt	0
130	-4	103	default:dirt	0
131	-4	103	default:dirt	0
132	-4	103	default:dirt	0
133	-4	103	default:dirt	0
134	-4	103	default:dirt	0
135	-4	103	default:dirt	0
136	-4	103	default:dirt	0
137	-4	103	default:dirt	0
138	-4	103	default:dirt	0
139	-4	103	default:dirt	0
140	-4	103	default:dirt	0
141	-4	103	default:cobble	0
142	-4	103	default:dirt	0
143	-4	103	default:dirt	0
144	-4	103	default:dirt	0
145	-4	103	default:dirt	0
117	-3	103	default:dirt	0
118	-3	103	default:dirt	0
119	-3	103	default:dirt	0
120	-3	103	default:dirt	0
121	-3	103	default:dirt	0
122	-3	103	default:dirt	0
123	-3	103	default:cobble	0
124	-3	103	default:dirt	0
125	-3	103	default:dirt	0
126	-3	103	default:dirt	0
127	-3	103	default:dirt	0
128	-3	103	default:dirt	0
129	-3	103	default:dirt	0
130	-3	103	default:dirt	0
131	-3	103	default:dirt	0
132	-3	103	default:dirt	0
133	-3	103	default:dirt	0
134	-3	103	default:dirt	0
135	-3	103	default:dirt	0
136	-3	103	default:dirt	0
137	-3	103	default:dirt	0
138	-3	103	default:dirt	0
139	-3	103	default:dirt	0
140	-3	103	default:dirt	0
141	-3	103	default:cobble	0
142	-3	103	default:dirt	0
143	-3	103	default:dirt	0
144	-3	103	default:dirt	0
117	-2	103	default:dirt	0
118	-2	103	default:dirt	0
119	-2	103	default:dirt	0
120	-2	103	default:dirt	0
121	-2	103	default:dirt	0
122	-2	103	default:dirt	0
123	-2	103	default:cobble	0
124	-2	103	default:dirt	0
125	-2	103	default:dirt	0
126	-2	103	default:dirt	0
127	-2	103	default:dirt	0
128	-2	103	default:dirt	0
129	-2	103	default:dirt	0
130	-2	103	default:dirt	0
131	-2	103	default:dirt	0
132	-2	103	default:dirt	0
133	-2	103	default:dirt	0
134	-2	103	default:dirt	0
135	-2	103	default:dirt	0
136	-2	103	default:dirt	0
137	-2	103	default:dirt	0
138	-2	103	default:dirt	0
139	-2	103	default:dirt	0
140	-2	103	default:dirt	0
141	-2	103	default:cobble	0
142	-2	103	default:dirt	0
143	-2	103	default:dirt	0
117	-1	103	grug_nodes:dirt_with_forest_litter	0
118	-1	103	default:dirt	0
119	-1	103	default:dirt	0
120	-1	103	default:dirt	0
121	-1	103	default:dirt	0
122	-1	103	default:dirt	0
123	-1	103	default:cobble	0
124	-1	103	default:dirt	0
125	-1	103	default:dirt	0
126	-1	103	default:dirt	0
127	-1	103	default:dirt	0
128	-1	103	default:dirt	0
129	-1	103	default:dirt	0
130	-1	103	default:dirt	0
131	-1	103	default:dirt	0
132	-1	103	default:dirt	0
133	-1	103	default:dirt	0
134	-1	103	default:dirt	0
135	-1	103	default:dirt	0
136	-1	103	default:dirt	0
137	-1	103	default:dirt	0
138	-1	103	default:dirt	0
139	-1	103	default:dirt	0
140	-1	103	default:dirt	0
141	-1	103	default:cobble	0
118	0	103	grug_nodes:dirt_with_forest_litter	0
119	0	103	grug_nodes:dirt_with_forest_litter	0
120	0	103	grug_nodes:dirt_with_forest_litter	0
121	0	103	grug_nodes:dirt_with_forest_litter	0
122	0	103	grug_nodes:dirt_with_forest_litter	0
123	0	103	default:brick	0
124	0	103	default:dirt_with_grass	0
125	0	103	default:cobble	0
126	0	103	default:cobble	0
127	0	103	default:wood	0
128	0	103	default:wood	0
129	0	103	default:wood	0
130	0	103	default:wood	0
131	0	103	default:wood	0
132	0	103	wool:red	0
133	0	103	default:wood	0
134	0	103	default:wood	0
135	0	103	default:wood	0
136	0	103	default:wood	0
137	0	103	default:wood	0
138	0	103	default:cobble	0
139	0	103	default:cobble	0
140	0	103	default:dirt_with_grass	0
141	0	103	default:brick	0
126	1	103	default:brick	0
127	1	103	grug_decor:cottages_shelf	3
130	1	103	grug_decor:cottages_bench	3
131	1	103	grug_decor:cottages_bench	3
133	1	103	grug_decor:cottages_bench	1
134	1	103	grug_decor:cottages_bench	1
137	1	103	grug_decor:cottages_shelf	1
138	1	103	default:brick	0
126	2	103	xpanes:pane_flat	3
138	2	103	xpanes:pane_flat	3
126	3	103	xpanes:pane_flat	3
138	3	103	xpanes:pane_flat	3
126	4	103	default:tree	0
138	4	103	default:tree	0
126	5	103	default:tree	0
138	5	103	default:tree	0
125	6	103	grug_decor:darkage_slate_tile_stair	1
126	6	103	default:tree	0
138	6	103	default:tree	0
139	6	103	grug_decor:darkage_slate_tile_stair	3
126	7	103	grug_decor:darkage_slate_tile_stair	1
138	7	103	grug_decor:darkage_slate_tile_stair	3
127	8	103	grug_decor:darkage_slate_tile_stair	1
137	8	103	grug_decor:darkage_slate_tile_stair	3
128	9	103	grug_decor:darkage_slate_tile_stair	1
136	9	103	grug_decor:darkage_slate_tile_stair	3
129	10	103	grug_decor:darkage_slate_tile_stair_outer	1
130	10	103	grug_decor:darkage_slate_tile_stair	0
131	10	103	grug_decor:darkage_slate_tile_stair	0
132	10	103	grug_decor:darkage_slate_tile_stair	0
133	10	103	grug_decor:darkage_slate_tile_stair	0
134	10	103	grug_decor:darkage_slate_tile_stair	0
135	10	103	grug_decor:darkage_slate_tile_stair_outer	0
117	-6	104	default:stone	0
118	-6	104	default:stone	0
119	-6	104	default:stone	0
120	-6	104	default:stone	0
121	-6	104	default:stone	0
122	-6	104	default:stone	0
123	-6	104	default:cobble	0
124	-6	104	default:stone	0
125	-6	104	default:stone	0
126	-6	104	default:stone	0
127	-6	104	default:stone	0
128	-6	104	default:stone	0
129	-6	104	default:stone	0
130	-6	104	default:stone	0
131	-6	104	default:stone	0
132	-6	104	default:stone	0
133	-6	104	default:stone	0
134	-6	104	default:stone	0
135	-6	104	default:stone	0
136	-6	104	default:stone	0
137	-6	104	default:stone	0
138	-6	104	default:stone	0
139	-6	104	default:dirt	0
140	-6	104	default:dirt	0
141	-6	104	default:cobble	0
142	-6	104	default:dirt	0
143	-6	104	default:dirt	0
144	-6	104	default:dirt	0
145	-6	104	default:dirt	0
146	-6	104	default:dirt	0
147	-6	104	default:dirt	0
117	-5	104	default:stone	0
118	-5	104	default:stone	0
119	-5	104	default:stone	0
120	-5	104	default:stone	0
121	-5	104	default:stone	0
122	-5	104	default:stone	0
123	-5	104	default:cobble	0
124	-5	104	default:stone	0
125	-5	104	default:stone	0
126	-5	104	default:stone	0
127	-5	104	default:stone	0
128	-5	104	default:stone	0
129	-5	104	default:stone	0
130	-5	104	default:stone	0
131	-5	104	default:stone	0
132	-5	104	default:stone	0
133	-5	104	default:stone	0
134	-5	104	default:stone	0
135	-5	104	default:stone	0
136	-5	104	default:stone	0
137	-5	104	default:stone	0
138	-5	104	default:dirt	0
139	-5	104	default:dirt	0
140	-5	104	default:dirt	0
141	-5	104	default:cobble	0
142	-5	104	default:dirt	0
143	-5	104	default:dirt	0
144	-5	104	default:dirt	0
145	-5	104	default:dirt	0
146	-5	104	default:dirt	0
147	-5	104	default:dirt	0
117	-4	104	default:dirt	0
118	-4	104	default:dirt	0
119	-4	104	default:dirt	0
120	-4	104	default:dirt	0
121	-4	104	default:dirt	0
122	-4	104	default:dirt	0
123	-4	104	default:cobble	0
124	-4	104	default:dirt	0
125	-4	104	default:dirt	0
126	-4	104	default:dirt	0
127	-4	104	default:dirt	0
128	-4	104	default:dirt	0
129	-4	104	default:dirt	0
130	-4	104	default:dirt	0
131	-4	104	default:dirt	0
132	-4	104	default:dirt	0
133	-4	104	default:dirt	0
134	-4	104	default:dirt	0
135	-4	104	default:dirt	0
136	-4	104	default:dirt	0
137	-4	104	default:dirt	0
138	-4	104	default:dirt	0
139	-4	104	default:dirt	0
140	-4	104	default:dirt	0
141	-4	104	default:cobble	0
142	-4	104	default:dirt	0
143	-4	104	default:dirt	0
144	-4	104	default:dirt	0
145	-4	104	default:dirt	0
146	-4	104	default:dirt	0
117	-3	104	default:dirt	0
118	-3	104	default:dirt	0
119	-3	104	default:dirt	0
120	-3	104	default:dirt	0
121	-3	104	default:dirt	0
122	-3	104	default:dirt	0
123	-3	104	default:cobble	0
124	-3	104	default:dirt	0
125	-3	104	default:dirt	0
126	-3	104	default:dirt	0
127	-3	104	default:dirt	0
128	-3	104	default:dirt	0
129	-3	104	default:dirt	0
130	-3	104	default:dirt	0
131	-3	104	default:dirt	0
132	-3	104	default:dirt	0
133	-3	104	default:dirt	0
134	-3	104	default:dirt	0
135	-3	104	default:dirt	0
136	-3	104	default:dirt	0
137	-3	104	default:dirt	0
138	-3	104	default:dirt	0
139	-3	104	default:dirt	0
140	-3	104	default:dirt	0
141	-3	104	default:cobble	0
142	-3	104	default:dirt	0
143	-3	104	default:dirt	0
144	-3	104	default:dirt	0
117	-2	104	default:dirt	0
118	-2	104	default:dirt	0
119	-2	104	default:dirt	0
120	-2	104	default:dirt	0
121	-2	104	default:dirt	0
122	-2	104	default:dirt	0
123	-2	104	default:cobble	0
124	-2	104	default:dirt	0
125	-2	104	default:dirt	0
126	-2	104	default:dirt	0
127	-2	104	default:dirt	0
128	-2	104	default:dirt	0
129	-2	104	default:dirt	0
130	-2	104	default:dirt	0
131	-2	104	default:dirt	0
132	-2	104	default:dirt	0
133	-2	104	default:dirt	0
134	-2	104	default:dirt	0
135	-2	104	default:dirt	0
136	-2	104	default:dirt	0
137	-2	104	default:dirt	0
138	-2	104	default:dirt	0
139	-2	104	grug_nodes:dirt_with_forest_litter	0
140	-2	104	default:dirt	0
141	-2	104	default:cobble	0
142	-2	104	default:dirt	0
117	-1	104	default:dirt	0
118	-1	104	default:dirt	0
119	-1	104	default:dirt	0
120	-1	104	default:dirt	0
121	-1	104	default:dirt	0
122	-1	104	default:dirt	0
123	-1	104	default:cobble	0
124	-1	104	default:dirt	0
125	-1	104	default:dirt	0
126	-1	104	default:dirt	0
127	-1	104	default:dirt	0
128	-1	104	default:dirt	0
129	-1	104	default:dirt	0
130	-1	104	default:dirt	0
131	-1	104	default:dirt	0
132	-1	104	default:dirt	0
133	-1	104	default:dirt	0
134	-1	104	default:dirt	0
135	-1	104	default:dirt	0
136	-1	104	default:dirt	0
137	-1	104	default:dirt	0
138	-1	104	default:dirt	0
139	-1	104	default:dirt	0
140	-1	104	default:dirt	0
141	-1	104	default:cobble	0
117	0	104	grug_nodes:dirt_with_forest_litter	0
118	0	104	grug_nodes:dirt_with_forest_litter	0
119	0	104	grug_nodes:dirt_with_forest_litter	0
120	0	104	grug_nodes:dirt_with_forest_litter	0
121	0	104	grug_nodes:dirt_with_forest_litter	0
122	0	104	grug_nodes:dirt_with_forest_litter	0
123	0	104	default:brick	0
124	0	104	default:dirt_with_grass	0
125	0	104	default:cobble	0
126	0	104	default:cobble	0
127	0	104	default:wood	0
128	0	104	default:wood	0
129	0	104	default:wood	0
130	0	104	default:wood	0
131	0	104	default:wood	0
132	0	104	wool:red	0
133	0	104	default:wood	0
134	0	104	default:wood	0
135	0	104	default:wood	0
136	0	104	default:wood	0
137	0	104	default:wood	0
138	0	104	default:cobble	0
139	0	104	default:cobble	0
140	0	104	default:dirt_with_grass	0
141	0	104	default:brick	0
126	1	104	default:tree	0
138	1	104	default:tree	0
126	2	104	default:tree	0
138	2	104	default:tree	0
126	3	104	default:tree	0
127	3	104	default:torch_wall	3
137	3	104	default:torch_wall	2
138	3	104	default:tree	0
126	4	104	default:tree	0
138	4	104	default:tree	0
126	5	104	default:tree	0
138	5	104	default:tree	0
125	6	104	grug_decor:darkage_slate_tile_stair	1
126	6	104	default:tree	0
138	6	104	default:tree	0
139	6	104	grug_decor:darkage_slate_tile_stair	3
126	7	104	grug_decor:darkage_slate_tile_stair	1
138	7	104	grug_decor:darkage_slate_tile_stair	3
127	8	104	grug_decor:darkage_slate_tile_stair	1
137	8	104	grug_decor:darkage_slate_tile_stair	3
128	9	104	grug_decor:darkage_slate_tile_stair	1
136	9	104	grug_decor:darkage_slate_tile_stair	3
129	10	104	grug_decor:darkage_slate_tile_stair	1
135	10	104	grug_decor:darkage_slate_tile_stair	3
130	11	104	grug_decor:darkage_slate_tile_slab	0
131	11	104	grug_decor:darkage_slate_tile_slab	0
132	11	104	grug_decor:darkage_slate_tile_slab	0
133	11	104	grug_decor:darkage_slate_tile_slab	0
134	11	104	grug_decor:darkage_slate_tile_slab	0
117	-6	105	default:stone	0
118	-6	105	default:stone	0
119	-6	105	default:stone	0
120	-6	105	default:stone	0
121	-6	105	default:stone	0
122	-6	105	default:stone	0
123	-6	105	default:cobble	0
124	-6	105	default:stone	0
125	-6	105	default:stone	0
126	-6	105	default:stone	0
127	-6	105	default:stone	0
128	-6	105	default:stone	0
129	-6	105	default:stone	0
130	-6	105	default:stone	0
131	-6	105	default:stone	0
132	-6	105	default:stone	0
133	-6	105	default:stone	0
134	-6	105	default:stone	0
135	-6	105	default:stone	0
136	-6	105	default:stone	0
137	-6	105	default:stone	0
138	-6	105	default:stone	0
139	-6	105	default:dirt	0
140	-6	105	default:dirt	0
141	-6	105	default:cobble	0
142	-6	105	default:dirt	0
143	-6	105	default:dirt	0
144	-6	105	default:dirt	0
145	-6	105	default:dirt	0
146	-6	105	default:dirt	0
147	-6	105	default:dirt	0
117	-5	105	default:dirt	0
118	-5	105	default:dirt	0
119	-5	105	default:stone	0
120	-5	105	default:stone	0
121	-5	105	default:stone	0
122	-5	105	default:stone	0
123	-5	105	default:cobble	0
124	-5	105	default:stone	0
125	-5	105	default:stone	0
126	-5	105	default:stone	0
127	-5	105	default:stone	0
128	-5	105	default:stone	0
129	-5	105	default:stone	0
130	-5	105	default:stone	0
131	-5	105	default:stone	0
132	-5	105	default:stone	0
133	-5	105	default:stone	0
134	-5	105	default:stone	0
135	-5	105	default:stone	0
136	-5	105	default:stone	0
137	-5	105	default:stone	0
138	-5	105	default:dirt	0
139	-5	105	default:dirt	0
140	-5	105	default:dirt	0
141	-5	105	default:cobble	0
142	-5	105	default:dirt	0
143	-5	105	default:dirt	0
144	-5	105	default:dirt	0
145	-5	105	default:dirt	0
146	-5	105	default:dirt	0
147	-5	105	default:dirt	0
117	-4	105	default:dirt	0
118	-4	105	default:dirt	0
119	-4	105	default:dirt	0
120	-4	105	default:dirt	0
121	-4	105	default:dirt	0
122	-4	105	default:dirt	0
123	-4	105	default:cobble	0
124	-4	105	default:dirt	0
125	-4	105	default:dirt	0
126	-4	105	default:dirt	0
127	-4	105	default:dirt	0
128	-4	105	default:dirt	0
129	-4	105	default:dirt	0
130	-4	105	default:dirt	0
131	-4	105	default:dirt	0
132	-4	105	default:dirt	0
133	-4	105	default:dirt	0
134	-4	105	default:dirt	0
135	-4	105	default:dirt	0
136	-4	105	default:dirt	0
137	-4	105	default:dirt	0
138	-4	105	default:dirt	0
139	-4	105	default:dirt	0
140	-4	105	default:dirt	0
141	-4	105	default:cobble	0
142	-4	105	default:dirt	0
143	-4	105	default:dirt	0
144	-4	105	default:dirt	0
145	-4	105	default:dirt	0
146	-4	105	default:dirt	0
117	-3	105	default:dirt	0
118	-3	105	default:dirt	0
119	-3	105	default:dirt	0
120	-3	105	default:dirt	0
121	-3	105	default:dirt	0
122	-3	105	default:dirt	0
123	-3	105	default:cobble	0
124	-3	105	default:dirt	0
125	-3	105	default:dirt	0
126	-3	105	default:dirt	0
127	-3	105	default:dirt	0
128	-3	105	default:dirt	0
129	-3	105	default:dirt	0
130	-3	105	default:dirt	0
131	-3	105	default:dirt	0
132	-3	105	default:dirt	0
133	-3	105	default:dirt	0
134	-3	105	default:dirt	0
135	-3	105	default:dirt	0
136	-3	105	default:dirt	0
137	-3	105	default:dirt	0
138	-3	105	default:dirt	0
139	-3	105	default:dirt	0
140	-3	105	default:dirt	0
141	-3	105	default:cobble	0
142	-3	105	default:dirt	0
143	-3	105	default:dirt	0
117	-2	105	default:dirt	0
118	-2	105	default:dirt	0
119	-2	105	default:dirt	0
120	-2	105	default:dirt	0
121	-2	105	default:dirt	0
122	-2	105	default:dirt	0
123	-2	105	default:cobble	0
124	-2	105	default:dirt	0
125	-2	105	default:dirt	0
126	-2	105	default:dirt	0
127	-2	105	default:dirt	0
128	-2	105	default:dirt	0
129	-2	105	default:dirt	0
130	-2	105	default:dirt	0
131	-2	105	default:dirt	0
132	-2	105	default:dirt	0
133	-2	105	default:dirt	0
134	-2	105	default:dirt	0
135	-2	105	default:dirt	0
136	-2	105	default:dirt	0
137	-2	105	default:dirt	0
138	-2	105	default:dirt	0
139	-2	105	grug_nodes:dirt_with_forest_litter	0
140	-2	105	grug_nodes:dirt_with_forest_litter	0
141	-2	105	default:cobble	0
117	-1	105	grug_nodes:dirt_with_forest_litter	0
118	-1	105	grug_nodes:dirt_with_forest_litter	0
119	-1	105	default:dirt	0
120	-1	105	default:dirt	0
121	-1	105	default:dirt	0
122	-1	105	default:dirt	0
123	-1	105	default:cobble	0
124	-1	105	default:dirt	0
125	-1	105	default:dirt	0
126	-1	105	default:dirt	0
127	-1	105	default:dirt	0
128	-1	105	default:dirt	0
129	-1	105	default:dirt	0
130	-1	105	default:dirt	0
131	-1	105	default:dirt	0
132	-1	105	default:dirt	0
133	-1	105	default:dirt	0
134	-1	105	default:dirt	0
135	-1	105	default:dirt	0
136	-1	105	default:dirt	0
137	-1	105	default:dirt	0
138	-1	105	default:dirt	0
139	-1	105	default:dirt	0
140	-1	105	default:dirt	0
141	-1	105	default:cobble	0
119	0	105	grug_nodes:dirt_with_forest_litter	0
120	0	105	grug_nodes:dirt_with_forest_litter	0
121	0	105	grug_nodes:dirt_with_forest_litter	0
122	0	105	grug_nodes:dirt_with_forest_litter	0
123	0	105	default:brick	0
124	0	105	default:dirt_with_grass	0
125	0	105	default:cobble	0
126	0	105	default:cobble	0
127	0	105	default:wood	0
128	0	105	default:wood	0
129	0	105	default:wood	0
130	0	105	default:wood	0
131	0	105	default:wood	0
132	0	105	wool:red	0
133	0	105	default:wood	0
134	0	105	default:wood	0
135	0	105	default:wood	0
136	0	105	default:wood	0
137	0	105	default:wood	0
138	0	105	default:cobble	0
139	0	105	default:cobble	0
140	0	105	default:dirt_with_grass	0
141	0	105	default:brick	0
126	1	105	default:tree	0
130	1	105	grug_decor:cottages_bench	3
131	1	105	grug_decor:cottages_bench	3
133	1	105	grug_decor:cottages_bench	1
134	1	105	grug_decor:cottages_bench	1
138	1	105	default:tree	0
126	2	105	default:tree	0
138	2	105	default:tree	0
126	3	105	default:tree	0
138	3	105	default:tree	0
126	4	105	default:tree	0
138	4	105	default:tree	0
126	5	105	default:tree	0
138	5	105	default:tree	0
125	6	105	grug_decor:darkage_slate_tile_stair	1
126	6	105	default:tree	0
138	6	105	default:tree	0
139	6	105	grug_decor:darkage_slate_tile_stair	3
126	7	105	grug_decor:darkage_slate_tile_stair	1
138	7	105	grug_decor:darkage_slate_tile_stair	3
127	8	105	grug_decor:darkage_slate_tile_stair	1
137	8	105	grug_decor:darkage_slate_tile_stair	3
128	9	105	grug_decor:darkage_slate_tile_stair	1
136	9	105	grug_decor:darkage_slate_tile_stair	3
129	10	105	grug_decor:darkage_slate_tile_stair	1
135	10	105	grug_decor:darkage_slate_tile_stair	3
130	11	105	grug_decor:darkage_slate_tile_slab	0
131	11	105	grug_decor:darkage_slate_tile_slab	0
132	11	105	grug_decor:darkage_slate_tile_slab	0
133	11	105	grug_decor:darkage_slate_tile_slab	0
134	11	105	grug_decor:darkage_slate_tile_slab	0
129	16	105	grug_decor:darkage_slate_tile_stair_outer	1
130	16	105	grug_decor:darkage_slate_tile_stair	0
131	16	105	grug_decor:darkage_slate_tile_stair	0
132	16	105	grug_decor:darkage_slate_tile_stair	0
133	16	105	grug_decor:darkage_slate_tile_stair	0
134	16	105	grug_decor:darkage_slate_tile_stair	0
135	16	105	grug_decor:darkage_slate_tile_stair_outer	0
117	-6	106	default:stone	0
118	-6	106	default:stone	0
119	-6	106	default:stone	0
120	-6	106	default:stone	0
121	-6	106	default:stone	0
122	-6	106	default:stone	0
123	-6	106	default:cobble	0
124	-6	106	default:stone	0
125	-6	106	default:stone	0
126	-6	106	default:stone	0
127	-6	106	default:stone	0
128	-6	106	default:stone	0
129	-6	106	default:stone	0
130	-6	106	default:stone	0
131	-6	106	default:stone	0
132	-6	106	default:stone	0
133	-6	106	default:stone	0
134	-6	106	default:stone	0
135	-6	106	default:stone	0
136	-6	106	default:stone	0
137	-6	106	default:stone	0
138	-6	106	default:stone	0
139	-6	106	default:dirt	0
140	-6	106	default:dirt	0
141	-6	106	default:cobble	0
142	-6	106	default:dirt	0
143	-6	106	default:dirt	0
144	-6	106	default:dirt	0
145	-6	106	default:dirt	0
146	-6	106	default:dirt	0
147	-6	106	default:dirt	0
117	-5	106	default:dirt	0
118	-5	106	default:dirt	0
119	-5	106	default:stone	0
120	-5	106	default:stone	0
121	-5	106	default:stone	0
122	-5	106	default:stone	0
123	-5	106	default:cobble	0
124	-5	106	default:stone	0
125	-5	106	default:stone	0
126	-5	106	default:stone	0
127	-5	106	default:stone	0
128	-5	106	default:stone	0
129	-5	106	default:stone	0
130	-5	106	default:stone	0
131	-5	106	default:stone	0
132	-5	106	default:stone	0
133	-5	106	default:stone	0
134	-5	106	default:stone	0
135	-5	106	default:stone	0
136	-5	106	default:stone	0
137	-5	106	default:stone	0
138	-5	106	default:dirt	0
139	-5	106	default:dirt	0
140	-5	106	default:dirt	0
141	-5	106	default:cobble	0
142	-5	106	default:dirt	0
143	-5	106	default:dirt	0
144	-5	106	default:dirt	0
145	-5	106	default:dirt	0
146	-5	106	default:dirt	0
147	-5	106	grug_nodes:dirt_with_forest_litter	0
117	-4	106	default:dirt	0
118	-4	106	default:dirt	0
119	-4	106	default:dirt	0
120	-4	106	default:dirt	0
121	-4	106	default:dirt	0
122	-4	106	default:dirt	0
123	-4	106	default:cobble	0
124	-4	106	default:dirt	0
125	-4	106	default:dirt	0
126	-4	106	default:dirt	0
127	-4	106	default:dirt	0
128	-4	106	default:dirt	0
129	-4	106	default:dirt	0
130	-4	106	default:dirt	0
131	-4	106	default:dirt	0
132	-4	106	default:dirt	0
133	-4	106	default:dirt	0
134	-4	106	default:dirt	0
135	-4	106	default:dirt	0
136	-4	106	default:dirt	0
137	-4	106	default:dirt	0
138	-4	106	default:dirt	0
139	-4	106	default:dirt	0
140	-4	106	default:dirt	0
141	-4	106	default:cobble	0
142	-4	106	default:dirt	0
143	-4	106	grug_nodes:dirt_with_forest_litter	0
144	-4	106	grug_nodes:dirt_with_forest_litter	0
145	-4	106	grug_nodes:dirt_with_forest_litter	0
146	-4	106	grug_nodes:dirt_with_forest_litter	0
117	-3	106	default:dirt	0
118	-3	106	default:dirt	0
119	-3	106	default:dirt	0
120	-3	106	default:dirt	0
121	-3	106	default:dirt	0
122	-3	106	default:dirt	0
123	-3	106	default:cobble	0
124	-3	106	default:dirt	0
125	-3	106	default:dirt	0
126	-3	106	default:dirt	0
127	-3	106	default:dirt	0
128	-3	106	default:dirt	0
129	-3	106	default:dirt	0
130	-3	106	default:dirt	0
131	-3	106	default:dirt	0
132	-3	106	default:dirt	0
133	-3	106	default:dirt	0
134	-3	106	default:dirt	0
135	-3	106	default:dirt	0
136	-3	106	default:dirt	0
137	-3	106	default:dirt	0
138	-3	106	default:dirt	0
139	-3	106	default:dirt	0
140	-3	106	default:dirt	0
141	-3	106	default:cobble	0
142	-3	106	grug_nodes:dirt_with_forest_litter	0
117	-2	106	default:dirt	0
118	-2	106	default:dirt	0
119	-2	106	default:dirt	0
120	-2	106	default:dirt	0
121	-2	106	default:dirt	0
122	-2	106	default:dirt	0
123	-2	106	default:cobble	0
124	-2	106	default:dirt	0
125	-2	106	default:dirt	0
126	-2	106	default:dirt	0
127	-2	106	default:dirt	0
128	-2	106	default:dirt	0
129	-2	106	default:dirt	0
130	-2	106	default:dirt	0
131	-2	106	default:dirt	0
132	-2	106	default:dirt	0
133	-2	106	default:dirt	0
134	-2	106	default:dirt	0
135	-2	106	default:dirt	0
136	-2	106	default:dirt	0
137	-2	106	default:dirt	0
138	-2	106	default:dirt	0
139	-2	106	grug_nodes:dirt_with_forest_litter	0
140	-2	106	grug_nodes:dirt_with_forest_litter	0
141	-2	106	default:cobble	0
117	-1	106	grug_nodes:dirt_with_forest_litter	0
118	-1	106	grug_nodes:dirt_with_forest_litter	0
119	-1	106	default:dirt	0
120	-1	106	default:dirt	0
121	-1	106	default:dirt	0
122	-1	106	default:dirt	0
123	-1	106	default:cobble	0
124	-1	106	default:dirt	0
125	-1	106	default:dirt	0
126	-1	106	default:dirt	0
127	-1	106	default:dirt	0
128	-1	106	default:dirt	0
129	-1	106	default:dirt	0
130	-1	106	default:dirt	0
131	-1	106	default:dirt	0
132	-1	106	default:dirt	0
133	-1	106	default:dirt	0
134	-1	106	default:dirt	0
135	-1	106	default:dirt	0
136	-1	106	default:dirt	0
137	-1	106	default:dirt	0
138	-1	106	default:dirt	0
139	-1	106	default:dirt	0
140	-1	106	default:dirt	0
141	-1	106	default:cobble	0
119	0	106	grug_nodes:dirt_with_forest_litter	0
120	0	106	grug_nodes:dirt_with_forest_litter	0
121	0	106	grug_nodes:dirt_with_forest_litter	0
122	0	106	grug_nodes:dirt_with_forest_litter	0
123	0	106	default:brick	0
124	0	106	default:dirt_with_grass	0
125	0	106	default:cobble	0
126	0	106	default:cobble	0
127	0	106	default:wood	0
128	0	106	default:wood	0
129	0	106	default:wood	0
130	0	106	default:wood	0
131	0	106	default:wood	0
132	0	106	wool:red	0
133	0	106	default:wood	0
134	0	106	default:wood	0
135	0	106	default:wood	0
136	0	106	default:wood	0
137	0	106	default:wood	0
138	0	106	default:cobble	0
139	0	106	default:cobble	0
140	0	106	default:dirt_with_grass	0
141	0	106	default:brick	0
126	1	106	default:brick	0
138	1	106	default:brick	0
126	2	106	xpanes:pane_flat	3
138	2	106	xpanes:pane_flat	3
126	3	106	xpanes:pane_flat	3
138	3	106	xpanes:pane_flat	3
126	4	106	default:tree	0
138	4	106	default:tree	0
126	5	106	default:tree	0
138	5	106	default:tree	0
125	6	106	grug_decor:darkage_slate_tile_stair	1
126	6	106	default:tree	0
138	6	106	default:tree	0
139	6	106	grug_decor:darkage_slate_tile_stair	3
126	7	106	grug_decor:darkage_slate_tile_stair	1
138	7	106	grug_decor:darkage_slate_tile_stair	3
127	8	106	grug_decor:darkage_slate_tile_stair	1
137	8	106	grug_decor:darkage_slate_tile_stair	3
128	9	106	grug_decor:darkage_slate_tile_stair	1
136	9	106	grug_decor:darkage_slate_tile_stair	3
129	10	106	grug_decor:darkage_slate_tile_stair	1
135	10	106	grug_decor:darkage_slate_tile_stair	3
130	11	106	default:wood	0
131	11	106	default:wood	0
132	11	106	default:wood	0
133	11	106	default:wood	0
134	11	106	default:wood	0
130	12	106	default:tree	0
131	12	106	default:fence_wood	0
132	12	106	default:fence_wood	0
133	12	106	default:fence_wood	0
134	12	106	default:tree	0
130	13	106	default:tree	0
134	13	106	default:tree	0
130	14	106	default:tree	0
134	14	106	default:tree	0
130	15	106	default:tree	0
131	15	106	default:tree	0
132	15	106	default:tree	0
133	15	106	default:tree	0
134	15	106	default:tree	0
129	16	106	grug_decor:darkage_slate_tile_stair	1
135	16	106	grug_decor:darkage_slate_tile_stair	3
130	17	106	grug_decor:darkage_slate_tile_stair_outer	1
131	17	106	grug_decor:darkage_slate_tile_stair	0
132	17	106	grug_decor:darkage_slate_tile_stair	0
133	17	106	grug_decor:darkage_slate_tile_stair	0
134	17	106	grug_decor:darkage_slate_tile_stair_outer	0
117	-6	107	default:stone	0
118	-6	107	default:stone	0
119	-6	107	default:stone	0
120	-6	107	default:stone	0
121	-6	107	default:stone	0
122	-6	107	default:stone	0
123	-6	107	default:cobble	0
124	-6	107	default:stone	0
125	-6	107	default:stone	0
126	-6	107	default:stone	0
127	-6	107	default:stone	0
128	-6	107	default:stone	0
129	-6	107	default:stone	0
130	-6	107	default:stone	0
131	-6	107	default:stone	0
132	-6	107	default:stone	0
133	-6	107	default:stone	0
134	-6	107	default:stone	0
135	-6	107	default:stone	0
136	-6	107	default:stone	0
137	-6	107	default:stone	0
138	-6	107	default:stone	0
139	-6	107	default:dirt	0
140	-6	107	default:dirt	0
141	-6	107	default:cobble	0
142	-6	107	default:dirt	0
143	-6	107	default:dirt	0
144	-6	107	default:dirt	0
145	-6	107	default:dirt	0
146	-6	107	default:dirt	0
147	-6	107	default:dirt	0
117	-5	107	default:dirt	0
118	-5	107	default:stone	0
119	-5	107	default:stone	0
120	-5	107	default:stone	0
121	-5	107	default:stone	0
122	-5	107	default:stone	0
123	-5	107	default:cobble	0
124	-5	107	default:stone	0
125	-5	107	default:stone	0
126	-5	107	default:stone	0
127	-5	107	default:stone	0
128	-5	107	default:stone	0
129	-5	107	default:stone	0
130	-5	107	default:stone	0
131	-5	107	default:stone	0
132	-5	107	default:stone	0
133	-5	107	default:stone	0
134	-5	107	default:stone	0
135	-5	107	default:stone	0
136	-5	107	default:dirt	0
137	-5	107	default:dirt	0
138	-5	107	default:dirt	0
139	-5	107	default:dirt	0
140	-5	107	default:dirt	0
141	-5	107	default:cobble	0
142	-5	107	default:dirt	0
143	-5	107	default:dirt	0
144	-5	107	default:dirt	0
145	-5	107	default:dirt	0
146	-5	107	default:dirt	0
147	-5	107	default:dirt	0
117	-4	107	default:dirt	0
118	-4	107	default:dirt	0
119	-4	107	default:dirt	0
120	-4	107	default:dirt	0
121	-4	107	default:dirt	0
122	-4	107	default:dirt	0
123	-4	107	default:cobble	0
124	-4	107	default:dirt	0
125	-4	107	default:dirt	0
126	-4	107	default:dirt	0
127	-4	107	default:dirt	0
128	-4	107	default:dirt	0
129	-4	107	default:dirt	0
130	-4	107	default:dirt	0
131	-4	107	default:dirt	0
132	-4	107	default:dirt	0
133	-4	107	default:dirt	0
134	-4	107	default:dirt	0
135	-4	107	default:dirt	0
136	-4	107	default:dirt	0
137	-4	107	default:dirt	0
138	-4	107	default:dirt	0
139	-4	107	default:dirt	0
140	-4	107	default:dirt	0
141	-4	107	default:cobble	0
142	-4	107	default:dirt	0
143	-4	107	default:dirt	0
144	-4	107	grug_nodes:dirt_with_forest_litter	0
145	-4	107	grug_nodes:dirt_with_forest_litter	0
146	-4	107	grug_nodes:dirt_with_forest_litter	0
147	-4	107	grug_nodes:dirt_with_forest_litter	0
117	-3	107	default:dirt	0
118	-3	107	default:dirt	0
119	-3	107	default:dirt	0
120	-3	107	default:dirt	0
121	-3	107	default:dirt	0
122	-3	107	default:dirt	0
123	-3	107	default:cobble	0
124	-3	107	default:dirt	0
125	-3	107	default:dirt	0
126	-3	107	default:dirt	0
127	-3	107	default:dirt	0
128	-3	107	default:dirt	0
129	-3	107	default:dirt	0
130	-3	107	default:dirt	0
131	-3	107	default:dirt	0
132	-3	107	default:dirt	0
133	-3	107	default:dirt	0
134	-3	107	default:dirt	0
135	-3	107	default:dirt	0
136	-3	107	default:dirt	0
137	-3	107	default:dirt	0
138	-3	107	default:dirt	0
139	-3	107	default:dirt	0
140	-3	107	default:dirt	0
141	-3	107	default:cobble	0
142	-3	107	grug_nodes:dirt_with_forest_litter	0
143	-3	107	grug_nodes:dirt_with_forest_litter	0
117	-2	107	default:dirt	0
118	-2	107	default:dirt	0
119	-2	107	default:dirt	0
120	-2	107	default:dirt	0
121	-2	107	default:dirt	0
122	-2	107	default:dirt	0
123	-2	107	default:cobble	0
124	-2	107	default:dirt	0
125	-2	107	default:dirt	0
126	-2	107	default:dirt	0
127	-2	107	default:dirt	0
128	-2	107	default:dirt	0
129	-2	107	default:dirt	0
130	-2	107	default:dirt	0
131	-2	107	default:dirt	0
132	-2	107	default:dirt	0
133	-2	107	default:dirt	0
134	-2	107	default:dirt	0
135	-2	107	default:dirt	0
136	-2	107	default:dirt	0
137	-2	107	default:dirt	0
138	-2	107	default:dirt	0
139	-2	107	grug_nodes:dirt_with_forest_litter	0
140	-2	107	grug_nodes:dirt_with_forest_litter	0
141	-2	107	default:cobble	0
117	-1	107	grug_nodes:dirt_with_forest_litter	0
118	-1	107	default:dirt	0
119	-1	107	default:dirt	0
120	-1	107	default:dirt	0
121	-1	107	default:dirt	0
122	-1	107	default:dirt	0
123	-1	107	default:cobble	0
124	-1	107	default:dirt	0
125	-1	107	default:dirt	0
126	-1	107	default:dirt	0
127	-1	107	default:dirt	0
128	-1	107	default:dirt	0
129	-1	107	default:dirt	0
130	-1	107	default:dirt	0
131	-1	107	default:dirt	0
132	-1	107	default:dirt	0
133	-1	107	default:dirt	0
134	-1	107	default:dirt	0
135	-1	107	default:dirt	0
136	-1	107	default:dirt	0
137	-1	107	default:dirt	0
138	-1	107	default:dirt	0
139	-1	107	default:dirt	0
140	-1	107	default:dirt	0
141	-1	107	default:cobble	0
118	0	107	grug_nodes:dirt_with_forest_litter	0
119	0	107	grug_nodes:dirt_with_forest_litter	0
120	0	107	grug_nodes:dirt_with_forest_litter	0
121	0	107	grug_nodes:dirt_with_forest_litter	0
122	0	107	grug_nodes:dirt_with_forest_litter	0
123	0	107	default:brick	0
124	0	107	default:dirt_with_grass	0
125	0	107	default:cobble	0
126	0	107	default:cobble	0
127	0	107	default:wood	0
128	0	107	default:wood	0
129	0	107	default:wood	0
130	0	107	default:wood	0
131	0	107	default:wood	0
132	0	107	wool:red	0
133	0	107	default:wood	0
134	0	107	default:wood	0
135	0	107	default:wood	0
136	0	107	default:wood	0
137	0	107	default:wood	0
138	0	107	default:cobble	0
139	0	107	default:cobble	0
140	0	107	default:dirt_with_grass	0
141	0	107	default:brick	0
126	1	107	default:brick	0
130	1	107	grug_decor:cottages_bench	3
131	1	107	grug_decor:cottages_bench	3
133	1	107	grug_decor:cottages_bench	1
134	1	107	grug_decor:cottages_bench	1
138	1	107	default:brick	0
126	2	107	xpanes:pane_flat	3
138	2	107	xpanes:pane_flat	3
126	3	107	xpanes:pane_flat	3
138	3	107	xpanes:pane_flat	3
126	4	107	grug_decor:cottages_loam	0
138	4	107	grug_decor:cottages_loam	0
126	5	107	grug_decor:cottages_loam	0
138	5	107	grug_decor:cottages_loam	0
125	6	107	grug_decor:darkage_slate_tile_stair	1
126	6	107	grug_decor:cottages_loam	0
138	6	107	grug_decor:cottages_loam	0
139	6	107	grug_decor:darkage_slate_tile_stair	3
126	7	107	grug_decor:darkage_slate_tile_stair	1
138	7	107	grug_decor:darkage_slate_tile_stair	3
127	8	107	grug_decor:darkage_slate_tile_stair	1
137	8	107	grug_decor:darkage_slate_tile_stair	3
128	9	107	grug_decor:darkage_slate_tile_stair	1
136	9	107	grug_decor:darkage_slate_tile_stair	3
129	10	107	grug_decor:darkage_slate_tile_stair	1
135	10	107	grug_decor:darkage_slate_tile_stair	3
130	11	107	default:wood	0
131	11	107	default:wood	0
132	11	107	default:wood	0
133	11	107	default:wood	0
134	11	107	default:wood	0
130	12	107	default:fence_wood	0
134	12	107	default:fence_wood	0
130	15	107	default:tree	0
134	15	107	default:tree	0
129	16	107	grug_decor:darkage_slate_tile_stair	1
135	16	107	grug_decor:darkage_slate_tile_stair	3
130	17	107	grug_decor:darkage_slate_tile_stair	1
134	17	107	grug_decor:darkage_slate_tile_stair	3
131	18	107	grug_decor:darkage_slate_tile_stair_outer	1
132	18	107	grug_decor:darkage_slate_tile_stair	0
133	18	107	grug_decor:darkage_slate_tile_stair_outer	0
117	-6	108	default:stone	0
118	-6	108	default:stone	0
119	-6	108	default:stone	0
120	-6	108	default:stone	0
121	-6	108	default:stone	0
122	-6	108	default:stone	0
123	-6	108	default:cobble	0
124	-6	108	default:stone	0
125	-6	108	default:stone	0
126	-6	108	default:stone	0
127	-6	108	default:stone	0
128	-6	108	default:stone	0
129	-6	108	default:stone	0
130	-6	108	default:stone	0
131	-6	108	default:stone	0
132	-6	108	default:stone	0
133	-6	108	default:stone	0
134	-6	108	default:stone	0
135	-6	108	default:stone	0
136	-6	108	default:stone	0
137	-6	108	default:stone	0
138	-6	108	default:dirt	0
139	-6	108	default:dirt	0
140	-6	108	default:dirt	0
141	-6	108	default:cobble	0
142	-6	108	default:dirt	0
143	-6	108	default:dirt	0
144	-6	108	default:dirt	0
145	-6	108	default:dirt	0
146	-6	108	default:dirt	0
147	-6	108	default:dirt	0
117	-5	108	default:dirt	0
118	-5	108	default:stone	0
119	-5	108	default:stone	0
120	-5	108	default:stone	0
121	-5	108	default:stone	0
122	-5	108	default:stone	0
123	-5	108	default:cobble	0
124	-5	108	default:stone	0
125	-5	108	default:stone	0
126	-5	108	default:stone	0
127	-5	108	default:stone	0
128	-5	108	default:stone	0
129	-5	108	default:stone	0
130	-5	108	default:stone	0
131	-5	108	default:stone	0
132	-5	108	default:stone	0
133	-5	108	default:stone	0
134	-5	108	default:stone	0
135	-5	108	default:stone	0
136	-5	108	default:dirt	0
137	-5	108	default:dirt	0
138	-5	108	default:dirt	0
139	-5	108	default:dirt	0
140	-5	108	default:dirt	0
141	-5	108	default:cobble	0
142	-5	108	default:dirt	0
143	-5	108	default:dirt	0
144	-5	108	default:dirt	0
145	-5	108	default:dirt	0
146	-5	108	default:dirt	0
147	-5	108	default:dirt	0
117	-4	108	default:dirt	0
118	-4	108	default:dirt	0
119	-4	108	default:dirt	0
120	-4	108	default:dirt	0
121	-4	108	default:dirt	0
122	-4	108	default:dirt	0
123	-4	108	default:cobble	0
124	-4	108	default:dirt	0
125	-4	108	default:dirt	0
126	-4	108	default:dirt	0
127	-4	108	default:dirt	0
128	-4	108	default:dirt	0
129	-4	108	default:dirt	0
130	-4	108	default:dirt	0
131	-4	108	default:dirt	0
132	-4	108	default:dirt	0
133	-4	108	default:dirt	0
134	-4	108	default:dirt	0
135	-4	108	default:dirt	0
136	-4	108	default:dirt	0
137	-4	108	default:dirt	0
138	-4	108	default:dirt	0
139	-4	108	default:dirt	0
140	-4	108	default:dirt	0
141	-4	108	default:cobble	0
142	-4	108	default:dirt	0
143	-4	108	default:dirt	0
144	-4	108	grug_nodes:dirt_with_forest_litter	0
145	-4	108	grug_nodes:dirt_with_forest_litter	0
146	-4	108	grug_nodes:dirt_with_forest_litter	0
147	-4	108	grug_nodes:dirt_with_forest_litter	0
117	-3	108	default:dirt	0
118	-3	108	default:dirt	0
119	-3	108	default:dirt	0
120	-3	108	default:dirt	0
121	-3	108	default:dirt	0
122	-3	108	default:dirt	0
123	-3	108	default:cobble	0
124	-3	108	default:dirt	0
125	-3	108	default:dirt	0
126	-3	108	default:dirt	0
127	-3	108	default:dirt	0
128	-3	108	default:dirt	0
129	-3	108	default:dirt	0
130	-3	108	default:dirt	0
131	-3	108	default:dirt	0
132	-3	108	default:dirt	0
133	-3	108	default:dirt	0
134	-3	108	default:dirt	0
135	-3	108	default:dirt	0
136	-3	108	default:dirt	0
137	-3	108	default:dirt	0
138	-3	108	default:dirt	0
139	-3	108	default:dirt	0
140	-3	108	default:dirt	0
141	-3	108	default:cobble	0
142	-3	108	default:dirt	0
143	-3	108	grug_nodes:dirt_with_forest_litter	0
117	-2	108	default:dirt	0
118	-2	108	default:dirt	0
119	-2	108	default:dirt	0
120	-2	108	default:dirt	0
121	-2	108	default:dirt	0
122	-2	108	default:dirt	0
123	-2	108	default:cobble	0
124	-2	108	default:dirt	0
125	-2	108	default:dirt	0
126	-2	108	default:dirt	0
127	-2	108	default:dirt	0
128	-2	108	default:dirt	0
129	-2	108	default:dirt	0
130	-2	108	default:dirt	0
131	-2	108	default:dirt	0
132	-2	108	default:dirt	0
133	-2	108	default:dirt	0
134	-2	108	default:dirt	0
135	-2	108	default:dirt	0
136	-2	108	default:dirt	0
137	-2	108	default:dirt	0
138	-2	108	grug_nodes:dirt_with_forest_litter	0
139	-2	108	grug_nodes:dirt_with_forest_litter	0
140	-2	108	grug_nodes:dirt_with_forest_litter	0
141	-2	108	default:cobble	0
142	-2	108	grug_nodes:dirt_with_forest_litter	0
117	-1	108	grug_nodes:dirt_with_forest_litter	0
118	-1	108	default:dirt	0
119	-1	108	default:dirt	0
120	-1	108	default:dirt	0
121	-1	108	default:dirt	0
122	-1	108	default:dirt	0
123	-1	108	default:cobble	0
124	-1	108	default:dirt	0
125	-1	108	default:dirt	0
126	-1	108	default:dirt	0
127	-1	108	default:dirt	0
128	-1	108	default:dirt	0
129	-1	108	default:dirt	0
130	-1	108	default:dirt	0
131	-1	108	default:dirt	0
132	-1	108	default:dirt	0
133	-1	108	default:dirt	0
134	-1	108	default:dirt	0
135	-1	108	default:dirt	0
136	-1	108	default:dirt	0
137	-1	108	default:dirt	0
138	-1	108	default:dirt	0
139	-1	108	default:dirt	0
140	-1	108	default:dirt	0
141	-1	108	default:cobble	0
118	0	108	grug_nodes:dirt_with_forest_litter	0
119	0	108	grug_nodes:dirt_with_forest_litter	0
120	0	108	grug_nodes:dirt_with_forest_litter	0
121	0	108	grug_nodes:dirt_with_forest_litter	0
122	0	108	grug_nodes:dirt_with_forest_litter	0
123	0	108	default:brick	0
124	0	108	default:dirt_with_grass	0
125	0	108	default:cobble	0
126	0	108	default:cobble	0
127	0	108	default:wood	0
128	0	108	default:wood	0
129	0	108	default:wood	0
130	0	108	default:wood	0
131	0	108	default:wood	0
132	0	108	wool:red	0
133	0	108	default:wood	0
134	0	108	default:wood	0
135	0	108	default:wood	0
136	0	108	default:wood	0
137	0	108	default:wood	0
138	0	108	default:cobble	0
139	0	108	default:cobble	0
140	0	108	default:dirt_with_grass	0
141	0	108	default:brick	0
126	1	108	default:tree	0
138	1	108	default:tree	0
126	2	108	default:tree	0
138	2	108	default:tree	0
126	3	108	default:tree	0
138	3	108	default:tree	0
126	4	108	default:tree	0
138	4	108	default:tree	0
126	5	108	default:tree	0
138	5	108	default:tree	0
125	6	108	grug_decor:darkage_slate_tile_stair	1
126	6	108	default:tree	0
138	6	108	default:tree	0
139	6	108	grug_decor:darkage_slate_tile_stair	3
126	7	108	grug_decor:darkage_slate_tile_stair	1
138	7	108	grug_decor:darkage_slate_tile_stair	3
127	8	108	grug_decor:darkage_slate_tile_stair	1
137	8	108	grug_decor:darkage_slate_tile_stair	3
128	9	108	grug_decor:darkage_slate_tile_stair	1
136	9	108	grug_decor:darkage_slate_tile_stair	3
129	10	108	grug_decor:darkage_slate_tile_stair	1
135	10	108	grug_decor:darkage_slate_tile_stair	3
130	11	108	default:wood	0
131	11	108	default:wood	0
132	11	108	default:wood	0
133	11	108	default:wood	0
134	11	108	default:wood	0
130	12	108	default:fence_wood	0
132	12	108	default:torch	1
134	12	108	default:fence_wood	0
132	14	108	stairs:slab_brick	20
130	15	108	default:tree	0
131	15	108	default:tree	0
132	15	108	default:tree	0
133	15	108	default:tree	0
134	15	108	default:tree	0
129	16	108	grug_decor:darkage_slate_tile_stair	1
135	16	108	grug_decor:darkage_slate_tile_stair	3
130	17	108	grug_decor:darkage_slate_tile_stair	1
134	17	108	grug_decor:darkage_slate_tile_stair	3
131	18	108	grug_decor:darkage_slate_tile_stair	1
133	18	108	grug_decor:darkage_slate_tile_stair	3
132	19	108	grug_decor:darkage_slate_tile_slab	0
117	-6	109	default:stone	0
118	-6	109	default:stone	0
119	-6	109	default:stone	0
120	-6	109	default:stone	0
121	-6	109	default:stone	0
122	-6	109	default:stone	0
123	-6	109	default:cobble	0
124	-6	109	default:stone	0
125	-6	109	default:stone	0
126	-6	109	default:stone	0
127	-6	109	default:stone	0
128	-6	109	default:stone	0
129	-6	109	default:stone	0
130	-6	109	default:stone	0
131	-6	109	default:stone	0
132	-6	109	default:stone	0
133	-6	109	default:stone	0
134	-6	109	default:stone	0
135	-6	109	default:stone	0
136	-6	109	default:stone	0
137	-6	109	default:stone	0
138	-6	109	default:dirt	0
139	-6	109	default:dirt	0
140	-6	109	default:dirt	0
141	-6	109	default:cobble	0
142	-6	109	default:dirt	0
143	-6	109	default:dirt	0
144	-6	109	default:dirt	0
145	-6	109	default:dirt	0
146	-6	109	default:dirt	0
147	-6	109	default:dirt	0
117	-5	109	default:stone	0
118	-5	109	default:stone	0
119	-5	109	default:stone	0
120	-5	109	default:stone	0
121	-5	109	default:stone	0
122	-5	109	default:stone	0
123	-5	109	default:cobble	0
124	-5	109	default:stone	0
125	-5	109	default:stone	0
126	-5	109	default:stone	0
127	-5	109	default:stone	0
128	-5	109	default:stone	0
129	-5	109	default:stone	0
130	-5	109	default:stone	0
131	-5	109	default:stone	0
132	-5	109	default:stone	0
133	-5	109	default:stone	0
134	-5	109	default:stone	0
135	-5	109	default:stone	0
136	-5	109	default:stone	0
137	-5	109	default:dirt	0
138	-5	109	default:dirt	0
139	-5	109	default:dirt	0
140	-5	109	default:dirt	0
141	-5	109	default:cobble	0
142	-5	109	default:dirt	0
143	-5	109	default:dirt	0
144	-5	109	default:dirt	0
145	-5	109	default:dirt	0
146	-5	109	default:dirt	0
147	-5	109	default:dirt	0
117	-4	109	default:dirt	0
118	-4	109	default:dirt	0
119	-4	109	default:dirt	0
120	-4	109	default:dirt	0
121	-4	109	default:dirt	0
122	-4	109	default:dirt	0
123	-4	109	default:cobble	0
124	-4	109	default:dirt	0
125	-4	109	default:dirt	0
126	-4	109	default:dirt	0
127	-4	109	default:dirt	0
128	-4	109	default:dirt	0
129	-4	109	default:dirt	0
130	-4	109	default:dirt	0
131	-4	109	default:dirt	0
132	-4	109	default:dirt	0
133	-4	109	default:dirt	0
134	-4	109	default:dirt	0
135	-4	109	default:dirt	0
136	-4	109	default:dirt	0
137	-4	109	default:dirt	0
138	-4	109	default:dirt	0
139	-4	109	default:dirt	0
140	-4	109	default:dirt	0
141	-4	109	default:cobble	0
142	-4	109	default:dirt	0
143	-4	109	default:dirt	0
144	-4	109	default:dirt	0
145	-4	109	grug_nodes:dirt_with_forest_litter	0
146	-4	109	grug_nodes:dirt_with_forest_litter	0
147	-4	109	grug_nodes:dirt_with_forest_litter	0
117	-3	109	default:dirt	0
118	-3	109	default:dirt	0
119	-3	109	default:dirt	0
120	-3	109	default:dirt	0
121	-3	109	default:dirt	0
122	-3	109	default:dirt	0
123	-3	109	default:cobble	0
124	-3	109	default:dirt	0
125	-3	109	default:dirt	0
126	-3	109	default:dirt	0
127	-3	109	default:dirt	0
128	-3	109	default:dirt	0
129	-3	109	default:dirt	0
130	-3	109	default:dirt	0
131	-3	109	default:dirt	0
132	-3	109	default:dirt	0
133	-3	109	default:dirt	0
134	-3	109	default:dirt	0
135	-3	109	default:dirt	0
136	-3	109	default:dirt	0
137	-3	109	default:dirt	0
138	-3	109	default:dirt	0
139	-3	109	default:dirt	0
140	-3	109	default:dirt	0
141	-3	109	default:cobble	0
142	-3	109	default:dirt	0
143	-3	109	grug_nodes:dirt_with_forest_litter	0
144	-3	109	grug_nodes:dirt_with_forest_litter	0
117	-2	109	default:dirt	0
118	-2	109	default:dirt	0
119	-2	109	default:dirt	0
120	-2	109	default:dirt	0
121	-2	109	default:dirt	0
122	-2	109	default:dirt	0
123	-2	109	default:cobble	0
124	-2	109	default:dirt	0
125	-2	109	default:dirt	0
126	-2	109	default:dirt	0
127	-2	109	default:dirt	0
128	-2	109	default:dirt	0
129	-2	109	default:dirt	0
130	-2	109	default:dirt	0
131	-2	109	default:dirt	0
132	-2	109	default:dirt	0
133	-2	109	default:dirt	0
134	-2	109	default:dirt	0
135	-2	109	default:dirt	0
136	-2	109	default:dirt	0
137	-2	109	default:dirt	0
138	-2	109	grug_nodes:dirt_with_forest_litter	0
139	-2	109	grug_nodes:dirt_with_forest_litter	0
140	-2	109	grug_nodes:dirt_with_forest_litter	0
141	-2	109	default:cobble	0
142	-2	109	grug_nodes:dirt_with_forest_litter	0
117	-1	109	default:dirt	0
118	-1	109	default:dirt	0
119	-1	109	default:dirt	0
120	-1	109	default:dirt	0
121	-1	109	default:dirt	0
122	-1	109	default:dirt	0
123	-1	109	default:cobble	0
124	-1	109	default:dirt	0
125	-1	109	default:dirt	0
126	-1	109	default:dirt	0
127	-1	109	default:dirt	0
128	-1	109	default:dirt	0
129	-1	109	default:dirt	0
130	-1	109	default:dirt	0
131	-1	109	default:dirt	0
132	-1	109	default:dirt	0
133	-1	109	default:dirt	0
134	-1	109	default:dirt	0
135	-1	109	default:dirt	0
136	-1	109	default:dirt	0
137	-1	109	default:dirt	0
138	-1	109	default:dirt	0
139	-1	109	default:dirt	0
140	-1	109	default:dirt	0
141	-1	109	default:cobble	0
117	0	109	grug_nodes:dirt_with_forest_litter	0
118	0	109	grug_nodes:dirt_with_forest_litter	0
119	0	109	grug_nodes:dirt_with_forest_litter	0
120	0	109	grug_nodes:dirt_with_forest_litter	0
121	0	109	grug_nodes:dirt_with_forest_litter	0
122	0	109	grug_nodes:dirt_with_forest_litter	0
123	0	109	default:brick	0
124	0	109	default:dirt_with_grass	0
125	0	109	default:cobble	0
126	0	109	default:cobble	0
127	0	109	default:wood	0
128	0	109	default:wood	0
129	0	109	default:wood	0
130	0	109	default:wood	0
131	0	109	default:wood	0
132	0	109	wool:red	0
133	0	109	default:wood	0
134	0	109	default:wood	0
135	0	109	default:wood	0
136	0	109	default:wood	0
137	0	109	default:wood	0
138	0	109	default:cobble	0
139	0	109	default:cobble	0
140	0	109	default:dirt_with_grass	0
141	0	109	default:brick	0
126	1	109	default:tree	0
130	1	109	grug_decor:cottages_bench	3
131	1	109	grug_decor:cottages_bench	3
133	1	109	grug_decor:cottages_bench	1
134	1	109	grug_decor:cottages_bench	1
138	1	109	default:tree	0
126	2	109	default:tree	0
138	2	109	default:tree	0
126	3	109	default:tree	0
138	3	109	default:tree	0
126	4	109	default:tree	0
138	4	109	default:tree	0
126	5	109	default:tree	0
138	5	109	default:tree	0
125	6	109	grug_decor:darkage_slate_tile_stair	1
126	6	109	default:tree	0
138	6	109	default:tree	0
139	6	109	grug_decor:darkage_slate_tile_stair	3
126	7	109	grug_decor:darkage_slate_tile_stair	1
138	7	109	grug_decor:darkage_slate_tile_stair	3
127	8	109	grug_decor:darkage_slate_tile_stair	1
137	8	109	grug_decor:darkage_slate_tile_stair	3
128	9	109	grug_decor:darkage_slate_tile_stair	1
136	9	109	grug_decor:darkage_slate_tile_stair	3
129	10	109	grug_decor:darkage_slate_tile_stair	1
135	10	109	grug_decor:darkage_slate_tile_stair	3
130	11	109	default:wood	0
131	11	109	default:wood	0
132	11	109	default:wood	0
133	11	109	default:wood	0
134	11	109	default:wood	0
130	12	109	default:fence_wood	0
134	12	109	default:fence_wood	0
130	15	109	default:tree	0
134	15	109	default:tree	0
129	16	109	grug_decor:darkage_slate_tile_stair	1
135	16	109	grug_decor:darkage_slate_tile_stair	3
130	17	109	grug_decor:darkage_slate_tile_stair	1
134	17	109	grug_decor:darkage_slate_tile_stair	3
131	18	109	grug_decor:darkage_slate_tile_stair_outer	2
132	18	109	grug_decor:darkage_slate_tile_stair	2
133	18	109	grug_decor:darkage_slate_tile_stair_outer	3
117	-6	110	default:stone	0
118	-6	110	default:stone	0
119	-6	110	default:stone	0
120	-6	110	default:stone	0
121	-6	110	default:stone	0
122	-6	110	default:stone	0
123	-6	110	default:cobble	0
124	-6	110	default:stone	0
125	-6	110	default:stone	0
126	-6	110	default:stone	0
127	-6	110	default:stone	0
128	-6	110	default:stone	0
129	-6	110	default:stone	0
130	-6	110	default:stone	0
131	-6	110	default:stone	0
132	-6	110	default:stone	0
133	-6	110	default:stone	0
134	-6	110	default:stone	0
135	-6	110	default:stone	0
136	-6	110	default:stone	0
137	-6	110	default:stone	0
138	-6	110	default:stone	0
139	-6	110	default:dirt	0
140	-6	110	default:dirt	0
141	-6	110	default:cobble	0
142	-6	110	default:dirt	0
143	-6	110	default:dirt	0
144	-6	110	default:dirt	0
145	-6	110	default:dirt	0
146	-6	110	default:dirt	0
147	-6	110	default:dirt	0
117	-5	110	default:stone	0
118	-5	110	default:stone	0
119	-5	110	default:stone	0
120	-5	110	default:stone	0
121	-5	110	default:stone	0
122	-5	110	default:stone	0
123	-5	110	default:cobble	0
124	-5	110	default:stone	0
125	-5	110	default:stone	0
126	-5	110	default:stone	0
127	-5	110	default:stone	0
128	-5	110	default:stone	0
129	-5	110	default:stone	0
130	-5	110	default:stone	0
131	-5	110	default:stone	0
132	-5	110	default:stone	0
133	-5	110	default:stone	0
134	-5	110	default:stone	0
135	-5	110	default:stone	0
136	-5	110	default:stone	0
137	-5	110	default:dirt	0
138	-5	110	default:dirt	0
139	-5	110	default:dirt	0
140	-5	110	default:dirt	0
141	-5	110	default:cobble	0
142	-5	110	default:dirt	0
143	-5	110	default:dirt	0
144	-5	110	default:dirt	0
145	-5	110	default:dirt	0
146	-5	110	default:dirt	0
147	-5	110	default:dirt	0
117	-4	110	default:dirt	0
118	-4	110	default:dirt	0
119	-4	110	default:dirt	0
120	-4	110	default:dirt	0
121	-4	110	default:dirt	0
122	-4	110	default:dirt	0
123	-4	110	default:cobble	0
124	-4	110	default:dirt	0
125	-4	110	default:stone	0
126	-4	110	default:stone	0
127	-4	110	default:stone	0
128	-4	110	default:dirt	0
129	-4	110	default:dirt	0
130	-4	110	default:dirt	0
131	-4	110	default:dirt	0
132	-4	110	default:dirt	0
133	-4	110	default:dirt	0
134	-4	110	default:dirt	0
135	-4	110	default:dirt	0
136	-4	110	default:dirt	0
137	-4	110	default:dirt	0
138	-4	110	default:dirt	0
139	-4	110	default:dirt	0
140	-4	110	default:dirt	0
141	-4	110	default:cobble	0
142	-4	110	default:dirt	0
143	-4	110	default:dirt	0
144	-4	110	default:dirt	0
145	-4	110	grug_nodes:dirt_with_forest_litter	0
146	-4	110	grug_nodes:dirt_with_forest_litter	0
147	-4	110	grug_nodes:dirt_with_forest_litter	0
117	-3	110	default:dirt	0
118	-3	110	default:dirt	0
119	-3	110	default:dirt	0
120	-3	110	default:dirt	0
121	-3	110	default:dirt	0
122	-3	110	default:dirt	0
123	-3	110	default:cobble	0
124	-3	110	default:dirt	0
125	-3	110	default:dirt	0
126	-3	110	default:dirt	0
127	-3	110	default:dirt	0
128	-3	110	default:dirt	0
129	-3	110	default:dirt	0
130	-3	110	default:dirt	0
131	-3	110	default:dirt	0
132	-3	110	default:dirt	0
133	-3	110	default:dirt	0
134	-3	110	default:dirt	0
135	-3	110	default:dirt	0
136	-3	110	default:dirt	0
137	-3	110	default:dirt	0
138	-3	110	default:dirt	0
139	-3	110	default:dirt	0
140	-3	110	default:dirt	0
141	-3	110	default:cobble	0
142	-3	110	default:dirt	0
143	-3	110	default:dirt	0
144	-3	110	grug_nodes:dirt_with_forest_litter	0
117	-2	110	default:dirt	0
118	-2	110	default:dirt	0
119	-2	110	default:dirt	0
120	-2	110	default:dirt	0
121	-2	110	default:dirt	0
122	-2	110	default:dirt	0
123	-2	110	default:cobble	0
124	-2	110	default:dirt	0
125	-2	110	default:dirt	0
126	-2	110	default:dirt	0
127	-2	110	default:dirt	0
128	-2	110	default:dirt	0
129	-2	110	default:dirt	0
130	-2	110	default:dirt	0
131	-2	110	default:dirt	0
132	-2	110	default:dirt	0
133	-2	110	default:dirt	0
134	-2	110	default:dirt	0
135	-2	110	default:dirt	0
136	-2	110	default:dirt	0
137	-2	110	default:dirt	0
138	-2	110	default:dirt	0
139	-2	110	grug_nodes:dirt_with_forest_litter	0
140	-2	110	grug_nodes:dirt_with_forest_litter	0
141	-2	110	default:cobble	0
142	-2	110	grug_nodes:dirt_with_forest_litter	0
143	-2	110	grug_nodes:dirt_with_forest_litter	0
117	-1	110	default:dirt	0
118	-1	110	default:dirt	0
119	-1	110	default:dirt	0
120	-1	110	default:dirt	0
121	-1	110	default:dirt	0
122	-1	110	default:dirt	0
123	-1	110	default:cobble	0
124	-1	110	default:dirt	0
125	-1	110	default:dirt	0
126	-1	110	default:dirt	0
127	-1	110	default:dirt	0
128	-1	110	default:dirt	0
129	-1	110	default:dirt	0
130	-1	110	default:dirt	0
131	-1	110	default:dirt	0
132	-1	110	default:dirt	0
133	-1	110	default:dirt	0
134	-1	110	default:dirt	0
135	-1	110	default:dirt	0
136	-1	110	default:dirt	0
137	-1	110	default:dirt	0
138	-1	110	default:dirt	0
139	-1	110	default:dirt	0
140	-1	110	default:dirt	0
141	-1	110	default:cobble	0
117	0	110	grug_nodes:dirt_with_forest_litter	0
118	0	110	grug_nodes:dirt_with_forest_litter	0
119	0	110	grug_nodes:dirt_with_forest_litter	0
120	0	110	grug_nodes:dirt_with_forest_litter	0
121	0	110	grug_nodes:dirt_with_forest_litter	0
122	0	110	grug_nodes:dirt_with_forest_litter	0
123	0	110	default:brick	0
124	0	110	default:dirt_with_grass	0
125	0	110	default:cobble	0
126	0	110	default:cobble	0
127	0	110	default:wood	0
128	0	110	default:wood	0
129	0	110	default:wood	0
130	0	110	default:wood	0
131	0	110	default:wood	0
132	0	110	wool:red	0
133	0	110	default:wood	0
134	0	110	default:wood	0
135	0	110	default:wood	0
136	0	110	default:wood	0
137	0	110	default:wood	0
138	0	110	default:cobble	0
139	0	110	default:cobble	0
140	0	110	default:dirt_with_grass	0
141	0	110	default:brick	0
126	1	110	default:brick	0
138	1	110	default:brick	0
126	2	110	xpanes:pane_flat	3
138	2	110	xpanes:pane_flat	3
126	3	110	xpanes:pane_flat	3
138	3	110	xpanes:pane_flat	3
126	4	110	grug_decor:cottages_loam	0
138	4	110	grug_decor:cottages_loam	0
126	5	110	grug_decor:cottages_loam	0
138	5	110	grug_decor:cottages_loam	0
125	6	110	grug_decor:darkage_slate_tile_stair	1
126	6	110	grug_decor:cottages_loam	0
138	6	110	grug_decor:cottages_loam	0
139	6	110	grug_decor:darkage_slate_tile_stair	3
126	7	110	grug_decor:darkage_slate_tile_stair	1
138	7	110	grug_decor:darkage_slate_tile_stair	3
127	8	110	grug_decor:darkage_slate_tile_stair	1
137	8	110	grug_decor:darkage_slate_tile_stair	3
128	9	110	grug_decor:darkage_slate_tile_stair	1
136	9	110	grug_decor:darkage_slate_tile_stair	3
129	10	110	grug_decor:darkage_slate_tile_stair	1
135	10	110	grug_decor:darkage_slate_tile_stair	3
130	11	110	default:wood	0
131	11	110	default:wood	0
132	11	110	default:wood	0
133	11	110	default:wood	0
134	11	110	default:wood	0
130	12	110	default:tree	0
131	12	110	default:fence_wood	0
132	12	110	default:fence_wood	0
133	12	110	default:fence_wood	0
134	12	110	default:tree	0
130	13	110	default:tree	0
134	13	110	default:tree	0
130	14	110	default:tree	0
134	14	110	default:tree	0
130	15	110	default:tree	0
131	15	110	default:tree	0
132	15	110	default:tree	0
133	15	110	default:tree	0
134	15	110	default:tree	0
129	16	110	grug_decor:darkage_slate_tile_stair	1
135	16	110	grug_decor:darkage_slate_tile_stair	3
130	17	110	grug_decor:darkage_slate_tile_stair_outer	2
131	17	110	grug_decor:darkage_slate_tile_stair	2
132	17	110	grug_decor:darkage_slate_tile_stair	2
133	17	110	grug_decor:darkage_slate_tile_stair	2
134	17	110	grug_decor:darkage_slate_tile_stair_outer	3
117	-6	111	default:stone	0
118	-6	111	default:stone	0
119	-6	111	default:stone	0
120	-6	111	default:stone	0
121	-6	111	default:stone	0
122	-6	111	default:stone	0
123	-6	111	default:cobble	0
124	-6	111	default:stone	0
125	-6	111	default:stone	0
126	-6	111	default:stone	0
127	-6	111	default:stone	0
128	-6	111	default:stone	0
129	-6	111	default:stone	0
130	-6	111	default:stone	0
131	-6	111	default:stone	0
132	-6	111	default:stone	0
133	-6	111	default:stone	0
134	-6	111	default:stone	0
135	-6	111	default:stone	0
136	-6	111	default:stone	0
137	-6	111	default:stone	0
138	-6	111	default:stone	0
139	-6	111	default:stone	0
140	-6	111	default:dirt	0
141	-6	111	default:cobble	0
142	-6	111	default:dirt	0
143	-6	111	default:dirt	0
144	-6	111	default:dirt	0
145	-6	111	default:dirt	0
146	-6	111	default:dirt	0
147	-6	111	default:dirt	0
117	-5	111	default:stone	0
118	-5	111	default:stone	0
119	-5	111	default:stone	0
120	-5	111	default:stone	0
121	-5	111	default:stone	0
122	-5	111	default:stone	0
123	-5	111	default:cobble	0
124	-5	111	default:stone	0
125	-5	111	default:stone	0
126	-5	111	default:stone	0
127	-5	111	default:stone	0
128	-5	111	default:stone	0
129	-5	111	default:stone	0
130	-5	111	default:stone	0
131	-5	111	default:stone	0
132	-5	111	default:stone	0
133	-5	111	default:stone	0
134	-5	111	default:stone	0
135	-5	111	default:stone	0
136	-5	111	default:stone	0
137	-5	111	default:stone	0
138	-5	111	default:dirt	0
139	-5	111	default:dirt	0
140	-5	111	default:dirt	0
141	-5	111	default:cobble	0
142	-5	111	default:dirt	0
143	-5	111	default:dirt	0
144	-5	111	default:dirt	0
145	-5	111	default:dirt	0
146	-5	111	default:dirt	0
147	-5	111	default:dirt	0
117	-4	111	default:dirt	0
118	-4	111	default:dirt	0
119	-4	111	default:dirt	0
120	-4	111	default:dirt	0
121	-4	111	default:dirt	0
122	-4	111	default:dirt	0
123	-4	111	default:cobble	0
124	-4	111	default:stone	0
125	-4	111	default:stone	0
126	-4	111	default:stone	0
127	-4	111	default:stone	0
128	-4	111	default:dirt	0
129	-4	111	default:dirt	0
130	-4	111	default:dirt	0
131	-4	111	default:dirt	0
132	-4	111	default:dirt	0
133	-4	111	default:dirt	0
134	-4	111	default:dirt	0
135	-4	111	default:dirt	0
136	-4	111	default:dirt	0
137	-4	111	default:dirt	0
138	-4	111	default:dirt	0
139	-4	111	default:dirt	0
140	-4	111	default:dirt	0
141	-4	111	default:cobble	0
142	-4	111	default:dirt	0
143	-4	111	default:dirt	0
144	-4	111	default:dirt	0
145	-4	111	grug_nodes:dirt_with_forest_litter	0
146	-4	111	grug_nodes:dirt_with_forest_litter	0
147	-4	111	grug_nodes:dirt_with_forest_litter	0
117	-3	111	default:dirt	0
118	-3	111	default:dirt	0
119	-3	111	default:dirt	0
120	-3	111	default:dirt	0
121	-3	111	default:dirt	0
122	-3	111	default:dirt	0
123	-3	111	default:cobble	0
124	-3	111	default:dirt	0
125	-3	111	default:dirt	0
126	-3	111	default:stone	0
127	-3	111	default:dirt	0
128	-3	111	default:dirt	0
129	-3	111	default:dirt	0
130	-3	111	default:dirt	0
131	-3	111	default:dirt	0
132	-3	111	default:dirt	0
133	-3	111	default:dirt	0
134	-3	111	default:dirt	0
135	-3	111	default:dirt	0
136	-3	111	default:dirt	0
137	-3	111	default:dirt	0
138	-3	111	default:dirt	0
139	-3	111	default:dirt	0
140	-3	111	default:dirt	0
141	-3	111	default:cobble	0
142	-3	111	default:dirt	0
143	-3	111	default:dirt	0
144	-3	111	grug_nodes:dirt_with_forest_litter	0
117	-2	111	default:dirt	0
118	-2	111	default:dirt	0
119	-2	111	default:dirt	0
120	-2	111	default:dirt	0
121	-2	111	default:dirt	0
122	-2	111	default:dirt	0
123	-2	111	default:cobble	0
124	-2	111	default:dirt	0
125	-2	111	default:dirt	0
126	-2	111	default:dirt	0
127	-2	111	default:dirt	0
128	-2	111	default:dirt	0
129	-2	111	default:dirt	0
130	-2	111	default:dirt	0
131	-2	111	default:dirt	0
132	-2	111	default:dirt	0
133	-2	111	default:dirt	0
134	-2	111	default:dirt	0
135	-2	111	default:dirt	0
136	-2	111	default:dirt	0
137	-2	111	default:dirt	0
138	-2	111	default:dirt	0
139	-2	111	default:dirt	0
140	-2	111	grug_nodes:dirt_with_forest_litter	0
141	-2	111	default:cobble	0
142	-2	111	grug_nodes:dirt_with_forest_litter	0
143	-2	111	grug_nodes:dirt_with_forest_litter	0
117	-1	111	default:dirt	0
118	-1	111	default:dirt	0
119	-1	111	default:dirt	0
120	-1	111	default:dirt	0
121	-1	111	default:dirt	0
122	-1	111	default:dirt	0
123	-1	111	default:cobble	0
124	-1	111	default:dirt	0
125	-1	111	default:dirt	0
126	-1	111	default:dirt	0
127	-1	111	default:dirt	0
128	-1	111	default:dirt	0
129	-1	111	default:dirt	0
130	-1	111	default:dirt	0
131	-1	111	default:dirt	0
132	-1	111	default:dirt	0
133	-1	111	default:dirt	0
134	-1	111	default:dirt	0
135	-1	111	default:dirt	0
136	-1	111	default:dirt	0
137	-1	111	default:dirt	0
138	-1	111	default:dirt	0
139	-1	111	default:dirt	0
140	-1	111	default:dirt	0
141	-1	111	default:cobble	0
117	0	111	grug_nodes:dirt_with_forest_litter	0
118	0	111	grug_nodes:dirt_with_forest_litter	0
119	0	111	grug_nodes:dirt_with_forest_litter	0
120	0	111	grug_nodes:dirt_with_forest_litter	0
121	0	111	grug_nodes:dirt_with_forest_litter	0
122	0	111	grug_nodes:dirt_with_forest_litter	0
123	0	111	default:brick	0
124	0	111	default:dirt_with_grass	0
125	0	111	default:cobble	0
126	0	111	default:cobble	0
127	0	111	default:wood	0
128	0	111	default:wood	0
129	0	111	default:wood	0
130	0	111	default:wood	0
131	0	111	default:wood	0
132	0	111	wool:red	0
133	0	111	default:wood	0
134	0	111	default:wood	0
135	0	111	default:wood	0
136	0	111	default:wood	0
137	0	111	default:wood	0
138	0	111	default:cobble	0
139	0	111	default:cobble	0
140	0	111	default:dirt_with_grass	0
141	0	111	default:brick	0
126	1	111	default:brick	0
130	1	111	grug_decor:cottages_bench	3
131	1	111	grug_decor:cottages_bench	3
133	1	111	grug_decor:cottages_bench	1
134	1	111	grug_decor:cottages_bench	1
138	1	111	default:brick	0
126	2	111	xpanes:pane_flat	3
138	2	111	xpanes:pane_flat	3
126	3	111	xpanes:pane_flat	3
138	3	111	xpanes:pane_flat	3
126	4	111	grug_decor:cottages_loam	0
138	4	111	grug_decor:cottages_loam	0
126	5	111	grug_decor:cottages_loam	0
138	5	111	grug_decor:cottages_loam	0
125	6	111	grug_decor:darkage_slate_tile_stair	1
126	6	111	grug_decor:cottages_loam	0
138	6	111	grug_decor:cottages_loam	0
139	6	111	grug_decor:darkage_slate_tile_stair	3
126	7	111	grug_decor:darkage_slate_tile_stair	1
138	7	111	grug_decor:darkage_slate_tile_stair	3
127	8	111	grug_decor:darkage_slate_tile_stair	1
137	8	111	grug_decor:darkage_slate_tile_stair	3
128	9	111	grug_decor:darkage_slate_tile_stair	1
136	9	111	grug_decor:darkage_slate_tile_stair	3
129	10	111	grug_decor:darkage_slate_tile_stair	1
135	10	111	grug_decor:darkage_slate_tile_stair	3
130	11	111	grug_decor:darkage_slate_tile_slab	0
131	11	111	grug_decor:darkage_slate_tile_slab	0
132	11	111	grug_decor:darkage_slate_tile_slab	0
133	11	111	grug_decor:darkage_slate_tile_slab	0
134	11	111	grug_decor:darkage_slate_tile_slab	0
129	16	111	grug_decor:darkage_slate_tile_stair_outer	2
130	16	111	grug_decor:darkage_slate_tile_stair	2
131	16	111	grug_decor:darkage_slate_tile_stair	2
132	16	111	grug_decor:darkage_slate_tile_stair	2
133	16	111	grug_decor:darkage_slate_tile_stair	2
134	16	111	grug_decor:darkage_slate_tile_stair	2
135	16	111	grug_decor:darkage_slate_tile_stair_outer	3
117	-6	112	default:stone	0
118	-6	112	default:stone	0
119	-6	112	default:stone	0
120	-6	112	default:stone	0
121	-6	112	default:stone	0
122	-6	112	default:stone	0
123	-6	112	default:cobble	0
124	-6	112	default:stone	0
125	-6	112	default:stone	0
126	-6	112	default:stone	0
127	-6	112	default:stone	0
128	-6	112	default:stone	0
129	-6	112	default:stone	0
130	-6	112	default:stone	0
131	-6	112	default:stone	0
132	-6	112	default:stone	0
133	-6	112	default:stone	0
134	-6	112	default:stone	0
135	-6	112	default:stone	0
136	-6	112	default:stone	0
137	-6	112	default:stone	0
138	-6	112	default:stone	0
139	-6	112	default:stone	0
140	-6	112	default:dirt	0
141	-6	112	default:cobble	0
142	-6	112	default:dirt	0
143	-6	112	default:dirt	0
144	-6	112	default:dirt	0
145	-6	112	default:dirt	0
146	-6	112	default:dirt	0
147	-6	112	default:dirt	0
117	-5	112	default:stone	0
118	-5	112	default:stone	0
119	-5	112	default:stone	0
120	-5	112	default:stone	0
121	-5	112	default:stone	0
122	-5	112	default:stone	0
123	-5	112	default:cobble	0
124	-5	112	default:stone	0
125	-5	112	default:stone	0
126	-5	112	default:stone	0
127	-5	112	default:stone	0
128	-5	112	default:stone	0
129	-5	112	default:stone	0
130	-5	112	default:stone	0
131	-5	112	default:stone	0
132	-5	112	default:stone	0
133	-5	112	default:stone	0
134	-5	112	default:stone	0
135	-5	112	default:stone	0
136	-5	112	default:stone	0
137	-5	112	default:stone	0
138	-5	112	default:stone	0
139	-5	112	default:dirt	0
140	-5	112	default:dirt	0
141	-5	112	default:cobble	0
142	-5	112	default:dirt	0
143	-5	112	default:dirt	0
144	-5	112	default:dirt	0
145	-5	112	default:dirt	0
146	-5	112	default:dirt	0
147	-5	112	default:dirt	0
117	-4	112	default:dirt	0
118	-4	112	default:dirt	0
119	-4	112	default:dirt	0
120	-4	112	default:dirt	0
121	-4	112	default:dirt	0
122	-4	112	default:stone	0
123	-4	112	default:cobble	0
124	-4	112	default:stone	0
125	-4	112	default:stone	0
126	-4	112	default:stone	0
127	-4	112	default:stone	0
128	-4	112	default:dirt	0
129	-4	112	default:dirt	0
130	-4	112	default:dirt	0
131	-4	112	default:dirt	0
132	-4	112	default:dirt	0
133	-4	112	default:dirt	0
134	-4	112	default:dirt	0
135	-4	112	default:dirt	0
136	-4	112	default:dirt	0
137	-4	112	default:dirt	0
138	-4	112	default:dirt	0
139	-4	112	default:dirt	0
140	-4	112	default:dirt	0
141	-4	112	default:cobble	0
142	-4	112	default:dirt	0
143	-4	112	default:dirt	0
144	-4	112	default:dirt	0
145	-4	112	default:dirt	0
146	-4	112	grug_nodes:dirt_with_forest_litter	0
147	-4	112	grug_nodes:dirt_with_forest_litter	0
117	-3	112	default:dirt	0
118	-3	112	default:dirt	0
119	-3	112	default:dirt	0
120	-3	112	default:dirt	0
121	-3	112	default:dirt	0
122	-3	112	default:dirt	0
123	-3	112	default:cobble	0
124	-3	112	default:stone	0
125	-3	112	default:stone	0
126	-3	112	default:dirt	0
127	-3	112	default:dirt	0
128	-3	112	default:dirt	0
129	-3	112	default:dirt	0
130	-3	112	default:dirt	0
131	-3	112	default:dirt	0
132	-3	112	default:dirt	0
133	-3	112	default:dirt	0
134	-3	112	default:dirt	0
135	-3	112	default:dirt	0
136	-3	112	default:dirt	0
137	-3	112	default:dirt	0
138	-3	112	default:dirt	0
139	-3	112	default:dirt	0
140	-3	112	default:dirt	0
141	-3	112	default:cobble	0
142	-3	112	default:dirt	0
143	-3	112	default:dirt	0
144	-3	112	grug_nodes:dirt_with_forest_litter	0
145	-3	112	grug_nodes:dirt_with_forest_litter	0
117	-2	112	default:dirt	0
118	-2	112	default:dirt	0
119	-2	112	default:dirt	0
120	-2	112	default:dirt	0
121	-2	112	default:dirt	0
122	-2	112	default:dirt	0
123	-2	112	default:cobble	0
124	-2	112	default:dirt	0
125	-2	112	default:dirt	0
126	-2	112	default:dirt	0
127	-2	112	default:dirt	0
128	-2	112	default:dirt	0
129	-2	112	default:dirt	0
130	-2	112	default:dirt	0
131	-2	112	default:dirt	0
132	-2	112	default:dirt	0
133	-2	112	default:dirt	0
134	-2	112	default:dirt	0
135	-2	112	default:dirt	0
136	-2	112	default:dirt	0
137	-2	112	default:dirt	0
138	-2	112	default:dirt	0
139	-2	112	default:dirt	0
140	-2	112	grug_nodes:dirt_with_forest_litter	0
141	-2	112	default:cobble	0
142	-2	112	grug_nodes:dirt_with_forest_litter	0
143	-2	112	grug_nodes:dirt_with_forest_litter	0
117	-1	112	default:dirt	0
118	-1	112	default:dirt	0
119	-1	112	default:dirt	0
120	-1	112	default:dirt	0
121	-1	112	default:dirt	0
122	-1	112	default:dirt	0
123	-1	112	default:cobble	0
124	-1	112	default:dirt	0
125	-1	112	default:dirt	0
126	-1	112	default:dirt	0
127	-1	112	default:dirt	0
128	-1	112	default:dirt	0
129	-1	112	default:dirt	0
130	-1	112	default:dirt	0
131	-1	112	default:dirt	0
132	-1	112	default:dirt	0
133	-1	112	default:dirt	0
134	-1	112	default:dirt	0
135	-1	112	default:dirt	0
136	-1	112	default:dirt	0
137	-1	112	default:dirt	0
138	-1	112	default:dirt	0
139	-1	112	default:dirt	0
140	-1	112	default:dirt	0
141	-1	112	default:cobble	0
117	0	112	grug_nodes:dirt_with_forest_litter	0
118	0	112	grug_nodes:dirt_with_forest_litter	0
119	0	112	grug_nodes:dirt_with_forest_litter	0
120	0	112	grug_nodes:dirt_with_forest_litter	0
121	0	112	grug_nodes:dirt_with_forest_litter	0
122	0	112	default:dirt	0
123	0	112	default:brick	0
124	0	112	default:dirt_with_grass	0
125	0	112	default:cobble	0
126	0	112	default:cobble	0
127	0	112	default:wood	0
128	0	112	default:wood	0
129	0	112	default:wood	0
130	0	112	default:wood	0
131	0	112	default:wood	0
132	0	112	wool:red	0
133	0	112	default:wood	0
134	0	112	default:wood	0
135	0	112	default:wood	0
136	0	112	default:wood	0
137	0	112	default:wood	0
138	0	112	default:cobble	0
139	0	112	default:cobble	0
140	0	112	default:dirt_with_grass	0
141	0	112	default:brick	0
122	1	112	grug_nodes:dirt_with_forest_litter	0
126	1	112	default:tree	0
138	1	112	default:tree	0
126	2	112	default:tree	0
138	2	112	default:tree	0
126	3	112	default:tree	0
127	3	112	default:torch_wall	3
137	3	112	default:torch_wall	2
138	3	112	default:tree	0
126	4	112	default:tree	0
138	4	112	default:tree	0
126	5	112	default:tree	0
138	5	112	default:tree	0
125	6	112	grug_decor:darkage_slate_tile_stair	1
126	6	112	default:tree	0
138	6	112	default:tree	0
139	6	112	grug_decor:darkage_slate_tile_stair	3
126	7	112	grug_decor:darkage_slate_tile_stair	1
138	7	112	grug_decor:darkage_slate_tile_stair	3
127	8	112	grug_decor:darkage_slate_tile_stair	1
137	8	112	grug_decor:darkage_slate_tile_stair	3
128	9	112	grug_decor:darkage_slate_tile_stair	1
136	9	112	grug_decor:darkage_slate_tile_stair	3
129	10	112	grug_decor:darkage_slate_tile_stair	1
135	10	112	grug_decor:darkage_slate_tile_stair	3
130	11	112	grug_decor:darkage_slate_tile_slab	0
131	11	112	grug_decor:darkage_slate_tile_slab	0
132	11	112	grug_decor:darkage_slate_tile_slab	0
133	11	112	grug_decor:darkage_slate_tile_slab	0
134	11	112	grug_decor:darkage_slate_tile_slab	0
117	-6	113	default:stone	0
118	-6	113	default:stone	0
119	-6	113	default:stone	0
120	-6	113	default:stone	0
121	-6	113	default:stone	0
122	-6	113	default:stone	0
123	-6	113	default:cobble	0
124	-6	113	default:stone	0
125	-6	113	default:stone	0
126	-6	113	default:stone	0
127	-6	113	default:stone	0
128	-6	113	default:stone	0
129	-6	113	default:stone	0
130	-6	113	default:stone	0
131	-6	113	default:stone	0
132	-6	113	default:stone	0
133	-6	113	default:stone	0
134	-6	113	default:stone	0
135	-6	113	default:stone	0
136	-6	113	default:stone	0
137	-6	113	default:stone	0
138	-6	113	default:stone	0
139	-6	113	default:stone	0
140	-6	113	default:dirt	0
141	-6	113	default:cobble	0
142	-6	113	default:dirt	0
143	-6	113	default:dirt	0
144	-6	113	default:dirt	0
145	-6	113	default:dirt	0
146	-6	113	default:dirt	0
147	-6	113	default:dirt	0
117	-5	113	default:stone	0
118	-5	113	default:stone	0
119	-5	113	default:stone	0
120	-5	113	default:stone	0
121	-5	113	default:stone	0
122	-5	113	default:stone	0
123	-5	113	default:cobble	0
124	-5	113	default:stone	0
125	-5	113	default:stone	0
126	-5	113	default:stone	0
127	-5	113	default:stone	0
128	-5	113	default:stone	0
129	-5	113	default:stone	0
130	-5	113	default:stone	0
131	-5	113	default:stone	0
132	-5	113	default:stone	0
133	-5	113	default:stone	0
134	-5	113	default:stone	0
135	-5	113	default:stone	0
136	-5	113	default:stone	0
137	-5	113	default:stone	0
138	-5	113	default:stone	0
139	-5	113	default:dirt	0
140	-5	113	default:dirt	0
141	-5	113	default:cobble	0
142	-5	113	default:dirt	0
143	-5	113	default:dirt	0
144	-5	113	default:dirt	0
145	-5	113	default:dirt	0
146	-5	113	default:dirt	0
147	-5	113	default:dirt	0
117	-4	113	default:dirt	0
118	-4	113	default:dirt	0
119	-4	113	default:dirt	0
120	-4	113	default:dirt	0
121	-4	113	default:stone	0
122	-4	113	default:stone	0
123	-4	113	default:cobble	0
124	-4	113	default:stone	0
125	-4	113	default:stone	0
126	-4	113	default:stone	0
127	-4	113	default:dirt	0
128	-4	113	default:dirt	0
129	-4	113	default:dirt	0
130	-4	113	default:dirt	0
131	-4	113	default:dirt	0
132	-4	113	default:dirt	0
133	-4	113	default:dirt	0
134	-4	113	default:dirt	0
135	-4	113	default:dirt	0
136	-4	113	default:dirt	0
137	-4	113	default:dirt	0
138	-4	113	default:dirt	0
139	-4	113	default:dirt	0
140	-4	113	default:dirt	0
141	-4	113	default:cobble	0
142	-4	113	default:dirt	0
143	-4	113	default:dirt	0
144	-4	113	default:dirt	0
145	-4	113	default:dirt	0
146	-4	113	default:dirt	0
147	-4	113	default:dirt	0
117	-3	113	default:dirt	0
118	-3	113	default:dirt	0
119	-3	113	default:dirt	0
120	-3	113	default:dirt	0
121	-3	113	default:dirt	0
122	-3	113	default:dirt	0
123	-3	113	default:cobble	0
124	-3	113	default:stone	0
125	-3	113	default:dirt	0
126	-3	113	default:dirt	0
127	-3	113	default:dirt	0
128	-3	113	default:dirt	0
129	-3	113	default:dirt	0
130	-3	113	default:dirt	0
131	-3	113	default:dirt	0
132	-3	113	default:dirt	0
133	-3	113	default:dirt	0
134	-3	113	default:dirt	0
135	-3	113	default:dirt	0
136	-3	113	default:dirt	0
137	-3	113	default:dirt	0
138	-3	113	default:dirt	0
139	-3	113	default:dirt	0
140	-3	113	default:dirt	0
141	-3	113	default:cobble	0
142	-3	113	default:dirt	0
143	-3	113	default:dirt	0
144	-3	113	default:dirt	0
145	-3	113	grug_nodes:dirt_with_forest_litter	0
117	-2	113	default:dirt	0
118	-2	113	default:dirt	0
119	-2	113	default:dirt	0
120	-2	113	default:dirt	0
121	-2	113	default:dirt	0
122	-2	113	default:dirt	0
123	-2	113	default:cobble	0
124	-2	113	default:dirt	0
125	-2	113	default:dirt	0
126	-2	113	default:dirt	0
127	-2	113	default:dirt	0
128	-2	113	default:dirt	0
129	-2	113	default:dirt	0
130	-2	113	default:dirt	0
131	-2	113	default:dirt	0
132	-2	113	default:dirt	0
133	-2	113	default:dirt	0
134	-2	113	default:dirt	0
135	-2	113	default:dirt	0
136	-2	113	default:dirt	0
137	-2	113	default:dirt	0
138	-2	113	default:dirt	0
139	-2	113	default:dirt	0
140	-2	113	grug_nodes:dirt_with_forest_litter	0
141	-2	113	default:cobble	0
142	-2	113	grug_nodes:dirt_with_forest_litter	0
143	-2	113	grug_nodes:dirt_with_forest_litter	0
144	-2	113	grug_nodes:dirt_with_forest_litter	0
117	-1	113	default:dirt	0
118	-1	113	default:dirt	0
119	-1	113	default:dirt	0
120	-1	113	default:dirt	0
121	-1	113	default:dirt	0
122	-1	113	default:dirt	0
123	-1	113	default:cobble	0
124	-1	113	default:dirt	0
125	-1	113	default:dirt	0
126	-1	113	default:dirt	0
127	-1	113	default:dirt	0
128	-1	113	default:dirt	0
129	-1	113	default:dirt	0
130	-1	113	default:dirt	0
131	-1	113	default:dirt	0
132	-1	113	default:dirt	0
133	-1	113	default:dirt	0
134	-1	113	default:dirt	0
135	-1	113	default:dirt	0
136	-1	113	default:dirt	0
137	-1	113	default:dirt	0
138	-1	113	default:dirt	0
139	-1	113	default:dirt	0
140	-1	113	default:dirt	0
141	-1	113	default:cobble	0
117	0	113	grug_nodes:dirt_with_forest_litter	0
118	0	113	grug_nodes:dirt_with_forest_litter	0
119	0	113	grug_nodes:dirt_with_forest_litter	0
120	0	113	grug_nodes:dirt_with_forest_litter	0
121	0	113	default:dirt	0
122	0	113	default:dirt	0
123	0	113	default:brick	0
124	0	113	default:dirt_with_grass	0
125	0	113	default:cobble	0
126	0	113	default:cobble	0
127	0	113	default:wood	0
128	0	113	default:wood	0
129	0	113	default:wood	0
130	0	113	default:wood	0
131	0	113	default:wood	0
132	0	113	wool:red	0
133	0	113	default:wood	0
134	0	113	default:wood	0
135	0	113	default:wood	0
136	0	113	default:wood	0
137	0	113	default:wood	0
138	0	113	default:cobble	0
139	0	113	default:cobble	0
140	0	113	default:dirt_with_grass	0
141	0	113	default:brick	0
121	1	113	grug_nodes:dirt_with_forest_litter	0
122	1	113	grug_nodes:dirt_with_forest_litter	0
126	1	113	default:tree	0
138	1	113	default:tree	0
126	2	113	default:tree	0
138	2	113	default:tree	0
126	3	113	default:tree	0
138	3	113	default:tree	0
126	4	113	default:tree	0
138	4	113	default:tree	0
126	5	113	default:tree	0
138	5	113	default:tree	0
125	6	113	grug_decor:darkage_slate_tile_stair	1
126	6	113	default:tree	0
138	6	113	default:tree	0
139	6	113	grug_decor:darkage_slate_tile_stair	3
126	7	113	grug_decor:darkage_slate_tile_stair	1
138	7	113	grug_decor:darkage_slate_tile_stair	3
127	8	113	grug_decor:darkage_slate_tile_stair	1
137	8	113	grug_decor:darkage_slate_tile_stair	3
128	9	113	grug_decor:darkage_slate_tile_stair	1
136	9	113	grug_decor:darkage_slate_tile_stair	3
129	10	113	grug_decor:darkage_slate_tile_stair_outer	2
130	10	113	grug_decor:darkage_slate_tile_stair	2
131	10	113	grug_decor:darkage_slate_tile_stair	2
132	10	113	grug_decor:darkage_slate_tile_stair	2
133	10	113	grug_decor:darkage_slate_tile_stair	2
134	10	113	grug_decor:darkage_slate_tile_stair	2
135	10	113	grug_decor:darkage_slate_tile_stair_outer	3
117	-6	114	default:stone	0
118	-6	114	default:stone	0
119	-6	114	default:stone	0
120	-6	114	default:stone	0
121	-6	114	default:stone	0
122	-6	114	default:stone	0
123	-6	114	default:cobble	0
124	-6	114	default:stone	0
125	-6	114	default:stone	0
126	-6	114	default:stone	0
127	-6	114	default:stone	0
128	-6	114	default:stone	0
129	-6	114	default:stone	0
130	-6	114	default:stone	0
131	-6	114	default:stone	0
132	-6	114	default:stone	0
133	-6	114	default:stone	0
134	-6	114	default:stone	0
135	-6	114	default:stone	0
136	-6	114	default:stone	0
137	-6	114	default:stone	0
138	-6	114	default:stone	0
139	-6	114	default:stone	0
140	-6	114	default:stone	0
141	-6	114	default:cobble	0
142	-6	114	default:dirt	0
143	-6	114	default:dirt	0
144	-6	114	default:dirt	0
145	-6	114	default:dirt	0
146	-6	114	default:dirt	0
147	-6	114	default:dirt	0
117	-5	114	default:stone	0
118	-5	114	default:stone	0
119	-5	114	default:stone	0
120	-5	114	default:stone	0
121	-5	114	default:stone	0
122	-5	114	default:stone	0
123	-5	114	default:cobble	0
124	-5	114	default:stone	0
125	-5	114	default:stone	0
126	-5	114	default:stone	0
127	-5	114	default:stone	0
128	-5	114	default:stone	0
129	-5	114	default:stone	0
130	-5	114	default:stone	0
131	-5	114	default:stone	0
132	-5	114	default:stone	0
133	-5	114	default:stone	0
134	-5	114	default:stone	0
135	-5	114	default:stone	0
136	-5	114	default:stone	0
137	-5	114	default:stone	0
138	-5	114	default:stone	0
139	-5	114	default:dirt	0
140	-5	114	default:dirt	0
141	-5	114	default:cobble	0
142	-5	114	default:dirt	0
143	-5	114	default:dirt	0
144	-5	114	default:dirt	0
145	-5	114	default:dirt	0
146	-5	114	default:dirt	0
147	-5	114	default:dirt	0
117	-4	114	default:dirt	0
118	-4	114	default:dirt	0
119	-4	114	default:dirt	0
120	-4	114	default:stone	0
121	-4	114	default:stone	0
122	-4	114	default:stone	0
123	-4	114	default:cobble	0
124	-4	114	default:stone	0
125	-4	114	default:stone	0
126	-4	114	default:dirt	0
127	-4	114	default:dirt	0
128	-4	114	default:dirt	0
129	-4	114	default:dirt	0
130	-4	114	default:dirt	0
131	-4	114	default:dirt	0
132	-4	114	default:dirt	0
133	-4	114	default:dirt	0
134	-4	114	default:dirt	0
135	-4	114	default:dirt	0
136	-4	114	default:dirt	0
137	-4	114	default:dirt	0
138	-4	114	default:dirt	0
139	-4	114	default:dirt	0
140	-4	114	default:dirt	0
141	-4	114	default:cobble	0
142	-4	114	default:dirt	0
143	-4	114	default:dirt	0
144	-4	114	default:dirt	0
145	-4	114	default:dirt	0
146	-4	114	default:dirt	0
147	-4	114	default:dirt	0
117	-3	114	default:dirt	0
118	-3	114	default:dirt	0
119	-3	114	default:dirt	0
120	-3	114	default:dirt	0
121	-3	114	default:dirt	0
122	-3	114	default:stone	0
123	-3	114	default:cobble	0
124	-3	114	default:stone	0
125	-3	114	default:dirt	0
126	-3	114	default:dirt	0
127	-3	114	default:dirt	0
128	-3	114	default:dirt	0
129	-3	114	default:dirt	0
130	-3	114	default:dirt	0
131	-3	114	default:dirt	0
132	-3	114	default:dirt	0
133	-3	114	default:dirt	0
134	-3	114	default:dirt	0
135	-3	114	default:dirt	0
136	-3	114	default:dirt	0
137	-3	114	default:dirt	0
138	-3	114	default:dirt	0
139	-3	114	default:dirt	0
140	-3	114	default:dirt	0
141	-3	114	default:cobble	0
142	-3	114	default:dirt	0
143	-3	114	default:dirt	0
144	-3	114	default:dirt	0
145	-3	114	default:dirt	0
117	-2	114	default:dirt	0
118	-2	114	default:dirt	0
119	-2	114	default:dirt	0
120	-2	114	default:dirt	0
121	-2	114	default:dirt	0
122	-2	114	default:dirt	0
123	-2	114	default:cobble	0
124	-2	114	default:dirt	0
125	-2	114	default:dirt	0
126	-2	114	default:dirt	0
127	-2	114	default:dirt	0
128	-2	114	default:dirt	0
129	-2	114	default:dirt	0
130	-2	114	default:dirt	0
131	-2	114	default:dirt	0
132	-2	114	default:dirt	0
133	-2	114	default:dirt	0
134	-2	114	default:dirt	0
135	-2	114	default:dirt	0
136	-2	114	default:dirt	0
137	-2	114	default:dirt	0
138	-2	114	default:dirt	0
139	-2	114	default:dirt	0
140	-2	114	default:dirt	0
141	-2	114	default:cobble	0
142	-2	114	grug_nodes:dirt_with_forest_litter	0
143	-2	114	grug_nodes:dirt_with_forest_litter	0
144	-2	114	grug_nodes:dirt_with_forest_litter	0
117	-1	114	default:dirt	0
118	-1	114	default:dirt	0
119	-1	114	default:dirt	0
120	-1	114	default:dirt	0
121	-1	114	default:dirt	0
122	-1	114	default:dirt	0
123	-1	114	default:cobble	0
124	-1	114	default:dirt	0
125	-1	114	default:dirt	0
126	-1	114	default:dirt	0
127	-1	114	default:dirt	0
128	-1	114	default:dirt	0
129	-1	114	default:dirt	0
130	-1	114	default:dirt	0
131	-1	114	default:dirt	0
132	-1	114	default:dirt	0
133	-1	114	default:dirt	0
134	-1	114	default:dirt	0
135	-1	114	default:dirt	0
136	-1	114	default:dirt	0
137	-1	114	default:dirt	0
138	-1	114	default:dirt	0
139	-1	114	default:dirt	0
140	-1	114	default:dirt	0
141	-1	114	default:cobble	0
117	0	114	grug_nodes:dirt_with_forest_litter	0
118	0	114	grug_nodes:dirt_with_forest_litter	0
119	0	114	grug_nodes:dirt_with_forest_litter	0
120	0	114	default:dirt	0
121	0	114	default:dirt	0
122	0	114	default:dirt	0
123	0	114	default:brick	0
124	0	114	default:dirt_with_grass	0
125	0	114	default:cobble	0
126	0	114	default:cobble	0
127	0	114	default:wood	0
128	0	114	default:wood	0
129	0	114	default:wood	0
130	0	114	default:wood	0
131	0	114	default:wood	0
132	0	114	wool:red	0
133	0	114	default:wood	0
134	0	114	default:wood	0
135	0	114	default:wood	0
136	0	114	default:wood	0
137	0	114	default:wood	0
138	0	114	default:cobble	0
139	0	114	default:cobble	0
140	0	114	default:dirt_with_grass	0
141	0	114	default:brick	0
120	1	114	grug_nodes:dirt_with_forest_litter	0
121	1	114	grug_nodes:dirt_with_forest_litter	0
122	1	114	default:dirt	0
126	1	114	default:brick	0
130	1	114	default:torch	1
131	1	114	grug_decor:cottages_table	0
132	1	114	grug_decor:cottages_table	0
133	1	114	grug_decor:cottages_table	0
134	1	114	default:torch	1
138	1	114	default:brick	0
122	2	114	grug_nodes:dirt_with_forest_litter	0
126	2	114	xpanes:pane_flat	3
138	2	114	xpanes:pane_flat	3
126	3	114	xpanes:pane_flat	3
138	3	114	xpanes:pane_flat	3
126	4	114	grug_decor:cottages_loam	0
138	4	114	grug_decor:cottages_loam	0
126	5	114	grug_decor:cottages_loam	0
138	5	114	grug_decor:cottages_loam	0
125	6	114	grug_decor:darkage_slate_tile_stair	1
126	6	114	grug_decor:cottages_loam	0
138	6	114	grug_decor:cottages_loam	0
139	6	114	grug_decor:darkage_slate_tile_stair	3
126	7	114	grug_decor:darkage_slate_tile_stair	1
138	7	114	grug_decor:darkage_slate_tile_stair	3
127	8	114	grug_decor:darkage_slate_tile_stair	1
137	8	114	grug_decor:darkage_slate_tile_stair	3
128	9	114	grug_decor:darkage_slate_tile_stair_outer	2
129	9	114	grug_decor:darkage_slate_tile_stair	2
130	9	114	grug_decor:darkage_slate_tile_stair	2
131	9	114	grug_decor:darkage_slate_tile_stair	2
132	9	114	grug_decor:darkage_slate_tile_stair	2
133	9	114	grug_decor:darkage_slate_tile_stair	2
134	9	114	grug_decor:darkage_slate_tile_stair	2
135	9	114	grug_decor:darkage_slate_tile_stair	2
136	9	114	grug_decor:darkage_slate_tile_stair_outer	3
117	-6	115	default:stone	0
118	-6	115	default:stone	0
119	-6	115	default:stone	0
120	-6	115	default:stone	0
121	-6	115	default:stone	0
122	-6	115	default:stone	0
123	-6	115	default:cobble	0
124	-6	115	default:stone	0
125	-6	115	default:stone	0
126	-6	115	default:stone	0
127	-6	115	default:stone	0
128	-6	115	default:stone	0
129	-6	115	default:stone	0
130	-6	115	default:stone	0
131	-6	115	default:stone	0
132	-6	115	default:stone	0
133	-6	115	default:stone	0
134	-6	115	default:stone	0
135	-6	115	default:stone	0
136	-6	115	default:stone	0
137	-6	115	default:stone	0
138	-6	115	default:stone	0
139	-6	115	default:stone	0
140	-6	115	default:stone	0
141	-6	115	default:cobble	0
142	-6	115	default:dirt	0
143	-6	115	default:dirt	0
144	-6	115	default:dirt	0
145	-6	115	default:dirt	0
146	-6	115	default:dirt	0
147	-6	115	default:dirt	0
117	-5	115	default:stone	0
118	-5	115	default:stone	0
119	-5	115	default:stone	0
120	-5	115	default:stone	0
121	-5	115	default:stone	0
122	-5	115	default:stone	0
123	-5	115	default:cobble	0
124	-5	115	default:stone	0
125	-5	115	default:stone	0
126	-5	115	default:stone	0
127	-5	115	default:stone	0
128	-5	115	default:stone	0
129	-5	115	default:stone	0
130	-5	115	default:stone	0
131	-5	115	default:stone	0
132	-5	115	default:stone	0
133	-5	115	default:stone	0
134	-5	115	default:stone	0
135	-5	115	default:stone	0
136	-5	115	default:stone	0
137	-5	115	default:stone	0
138	-5	115	default:stone	0
139	-5	115	default:stone	0
140	-5	115	default:dirt	0
141	-5	115	default:cobble	0
142	-5	115	default:dirt	0
143	-5	115	default:dirt	0
144	-5	115	default:dirt	0
145	-5	115	default:dirt	0
146	-5	115	default:dirt	0
147	-5	115	default:dirt	0
117	-4	115	default:stone	0
118	-4	115	default:dirt	0
119	-4	115	default:dirt	0
120	-4	115	default:stone	0
121	-4	115	default:stone	0
122	-4	115	default:stone	0
123	-4	115	default:cobble	0
124	-4	115	default:stone	0
125	-4	115	default:stone	0
126	-4	115	default:dirt	0
127	-4	115	default:dirt	0
128	-4	115	default:dirt	0
129	-4	115	default:dirt	0
130	-4	115	default:dirt	0
131	-4	115	default:dirt	0
132	-4	115	default:dirt	0
133	-4	115	default:dirt	0
134	-4	115	default:dirt	0
135	-4	115	default:dirt	0
136	-4	115	default:dirt	0
137	-4	115	default:dirt	0
138	-4	115	default:dirt	0
139	-4	115	default:dirt	0
140	-4	115	default:dirt	0
141	-4	115	default:cobble	0
142	-4	115	default:dirt	0
143	-4	115	default:dirt	0
144	-4	115	default:dirt	0
145	-4	115	default:dirt	0
146	-4	115	default:dirt	0
147	-4	115	default:dirt	0
117	-3	115	default:dirt	0
118	-3	115	default:dirt	0
119	-3	115	default:dirt	0
120	-3	115	default:dirt	0
121	-3	115	default:stone	0
122	-3	115	default:stone	0
123	-3	115	default:cobble	0
124	-3	115	default:dirt	0
125	-3	115	default:dirt	0
126	-3	115	default:dirt	0
127	-3	115	default:dirt	0
128	-3	115	default:dirt	0
129	-3	115	default:dirt	0
130	-3	115	default:dirt	0
131	-3	115	default:dirt	0
132	-3	115	default:dirt	0
133	-3	115	default:dirt	0
134	-3	115	default:dirt	0
135	-3	115	default:dirt	0
136	-3	115	default:dirt	0
137	-3	115	default:dirt	0
138	-3	115	default:dirt	0
139	-3	115	default:dirt	0
140	-3	115	default:dirt	0
141	-3	115	default:cobble	0
142	-3	115	default:dirt	0
143	-3	115	default:dirt	0
144	-3	115	default:dirt	0
145	-3	115	default:dirt	0
117	-2	115	default:dirt	0
118	-2	115	default:dirt	0
119	-2	115	default:dirt	0
120	-2	115	default:dirt	0
121	-2	115	default:dirt	0
122	-2	115	default:dirt	0
123	-2	115	default:cobble	0
124	-2	115	default:dirt	0
125	-2	115	default:dirt	0
126	-2	115	default:dirt	0
127	-2	115	default:dirt	0
128	-2	115	default:dirt	0
129	-2	115	default:dirt	0
130	-2	115	default:dirt	0
131	-2	115	default:dirt	0
132	-2	115	default:dirt	0
133	-2	115	default:dirt	0
134	-2	115	default:dirt	0
135	-2	115	default:dirt	0
136	-2	115	default:dirt	0
137	-2	115	default:dirt	0
138	-2	115	default:dirt	0
139	-2	115	default:dirt	0
140	-2	115	default:dirt	0
141	-2	115	default:cobble	0
142	-2	115	default:dirt	0
143	-2	115	default:dirt	0
144	-2	115	default:dirt	0
117	-1	115	default:dirt	0
118	-1	115	default:dirt	0
119	-1	115	default:dirt	0
120	-1	115	default:dirt	0
121	-1	115	default:dirt	0
122	-1	115	default:dirt	0
123	-1	115	default:cobble	0
124	-1	115	default:dirt	0
125	-1	115	default:dirt	0
126	-1	115	default:dirt	0
127	-1	115	default:dirt	0
128	-1	115	default:dirt	0
129	-1	115	default:dirt	0
130	-1	115	default:dirt	0
131	-1	115	default:dirt	0
132	-1	115	default:dirt	0
133	-1	115	default:dirt	0
134	-1	115	default:dirt	0
135	-1	115	default:dirt	0
136	-1	115	default:dirt	0
137	-1	115	default:dirt	0
138	-1	115	default:dirt	0
139	-1	115	default:dirt	0
140	-1	115	default:dirt	0
141	-1	115	default:cobble	0
117	0	115	grug_nodes:dirt_with_forest_litter	0
118	0	115	grug_nodes:dirt_with_forest_litter	0
119	0	115	grug_nodes:dirt_with_forest_litter	0
120	0	115	default:dirt	0
121	0	115	default:dirt	0
122	0	115	default:dirt	0
123	0	115	default:brick	0
124	0	115	default:dirt_with_grass	0
125	0	115	default:cobble	0
126	0	115	default:cobble	0
127	0	115	default:wood	0
128	0	115	default:wood	0
129	0	115	default:wood	0
130	0	115	default:wood	0
131	0	115	default:wood	0
132	0	115	default:wood	0
133	0	115	default:wood	0
134	0	115	default:wood	0
135	0	115	default:wood	0
136	0	115	default:wood	0
137	0	115	default:wood	0
138	0	115	default:cobble	0
139	0	115	default:cobble	0
140	0	115	default:dirt_with_grass	0
141	0	115	default:brick	0
120	1	115	grug_nodes:dirt_with_forest_litter	0
121	1	115	default:dirt	0
122	1	115	default:dirt	0
126	1	115	default:brick	0
138	1	115	default:brick	0
121	2	115	grug_nodes:dirt_with_forest_litter	0
122	2	115	grug_nodes:dirt_with_forest_litter	0
126	2	115	xpanes:pane_flat	3
138	2	115	xpanes:pane_flat	3
126	3	115	xpanes:pane_flat	3
138	3	115	xpanes:pane_flat	3
126	4	115	default:tree	0
138	4	115	default:tree	0
126	5	115	default:tree	0
138	5	115	default:tree	0
125	6	115	grug_decor:darkage_slate_tile_stair	1
126	6	115	default:tree	0
138	6	115	default:tree	0
139	6	115	grug_decor:darkage_slate_tile_stair	3
126	7	115	grug_decor:darkage_slate_tile_stair	1
138	7	115	grug_decor:darkage_slate_tile_stair	3
127	8	115	grug_decor:darkage_slate_tile_stair_outer	2
128	8	115	grug_decor:darkage_slate_tile_stair	2
129	8	115	grug_decor:darkage_slate_tile_stair	2
130	8	115	grug_decor:darkage_slate_tile_stair	2
131	8	115	grug_decor:darkage_slate_tile_stair	2
132	8	115	grug_decor:darkage_slate_tile_stair	2
133	8	115	grug_decor:darkage_slate_tile_stair	2
134	8	115	grug_decor:darkage_slate_tile_stair	2
135	8	115	grug_decor:darkage_slate_tile_stair	2
136	8	115	grug_decor:darkage_slate_tile_stair	2
137	8	115	grug_decor:darkage_slate_tile_stair_outer	3
117	-6	116	default:stone	0
118	-6	116	default:stone	0
119	-6	116	default:stone	0
120	-6	116	default:stone	0
121	-6	116	default:stone	0
122	-6	116	default:stone	0
123	-6	116	default:cobble	0
124	-6	116	default:stone	0
125	-6	116	default:stone	0
126	-6	116	default:stone	0
127	-6	116	default:stone	0
128	-6	116	default:stone	0
129	-6	116	default:stone	0
130	-6	116	default:stone	0
131	-6	116	default:stone	0
132	-6	116	default:stone	0
133	-6	116	default:stone	0
134	-6	116	default:stone	0
135	-6	116	default:stone	0
136	-6	116	default:stone	0
137	-6	116	default:stone	0
138	-6	116	default:stone	0
139	-6	116	default:stone	0
140	-6	116	default:stone	0
141	-6	116	default:cobble	0
142	-6	116	default:dirt	0
143	-6	116	default:stone	0
144	-6	116	default:stone	0
145	-6	116	default:dirt	0
146	-6	116	default:dirt	0
147	-6	116	default:dirt	0
117	-5	116	default:stone	0
118	-5	116	default:stone	0
119	-5	116	default:stone	0
120	-5	116	default:stone	0
121	-5	116	default:stone	0
122	-5	116	default:stone	0
123	-5	116	default:cobble	0
124	-5	116	default:stone	0
125	-5	116	default:stone	0
126	-5	116	default:stone	0
127	-5	116	default:stone	0
128	-5	116	default:stone	0
129	-5	116	default:stone	0
130	-5	116	default:stone	0
131	-5	116	default:stone	0
132	-5	116	default:stone	0
133	-5	116	default:stone	0
134	-5	116	default:stone	0
135	-5	116	default:stone	0
136	-5	116	default:stone	0
137	-5	116	default:stone	0
138	-5	116	default:stone	0
139	-5	116	default:stone	0
140	-5	116	default:dirt	0
141	-5	116	default:cobble	0
142	-5	116	default:dirt	0
143	-5	116	default:dirt	0
144	-5	116	default:dirt	0
145	-5	116	default:dirt	0
146	-5	116	default:dirt	0
147	-5	116	default:dirt	0
117	-4	116	default:stone	0
118	-4	116	default:stone	0
119	-4	116	default:dirt	0
120	-4	116	default:stone	0
121	-4	116	default:stone	0
122	-4	116	default:stone	0
123	-4	116	default:cobble	0
124	-4	116	default:stone	0
125	-4	116	default:dirt	0
126	-4	116	default:dirt	0
127	-4	116	default:dirt	0
128	-4	116	default:dirt	0
129	-4	116	default:dirt	0
130	-4	116	default:dirt	0
131	-4	116	default:dirt	0
132	-4	116	default:dirt	0
133	-4	116	default:dirt	0
134	-4	116	default:dirt	0
135	-4	116	default:dirt	0
136	-4	116	default:dirt	0
137	-4	116	default:dirt	0
138	-4	116	default:dirt	0
139	-4	116	default:dirt	0
140	-4	116	default:dirt	0
141	-4	116	default:cobble	0
142	-4	116	default:dirt	0
143	-4	116	default:dirt	0
144	-4	116	default:dirt	0
145	-4	116	default:dirt	0
146	-4	116	default:dirt	0
147	-4	116	default:dirt	0
117	-3	116	default:dirt	0
118	-3	116	default:dirt	0
119	-3	116	default:dirt	0
120	-3	116	default:dirt	0
121	-3	116	default:stone	0
122	-3	116	default:stone	0
123	-3	116	default:cobble	0
124	-3	116	default:dirt	0
125	-3	116	default:dirt	0
126	-3	116	default:dirt	0
127	-3	116	default:dirt	0
128	-3	116	default:dirt	0
129	-3	116	default:dirt	0
130	-3	116	default:dirt	0
131	-3	116	default:dirt	0
132	-3	116	default:dirt	0
133	-3	116	default:dirt	0
134	-3	116	default:dirt	0
135	-3	116	default:dirt	0
136	-3	116	default:dirt	0
137	-3	116	default:dirt	0
138	-3	116	default:dirt	0
139	-3	116	default:dirt	0
140	-3	116	default:dirt	0
141	-3	116	default:cobble	0
142	-3	116	default:dirt	0
143	-3	116	default:dirt	0
144	-3	116	default:dirt	0
145	-3	116	default:dirt	0
117	-2	116	default:dirt	0
118	-2	116	default:dirt	0
119	-2	116	default:dirt	0
120	-2	116	default:dirt	0
121	-2	116	default:dirt	0
122	-2	116	default:dirt	0
123	-2	116	default:cobble	0
124	-2	116	default:dirt	0
125	-2	116	default:dirt	0
126	-2	116	default:dirt	0
127	-2	116	default:dirt	0
128	-2	116	default:dirt	0
129	-2	116	default:dirt	0
130	-2	116	default:dirt	0
131	-2	116	default:dirt	0
132	-2	116	default:dirt	0
133	-2	116	default:dirt	0
134	-2	116	default:dirt	0
135	-2	116	default:dirt	0
136	-2	116	default:dirt	0
137	-2	116	default:dirt	0
138	-2	116	default:dirt	0
139	-2	116	default:dirt	0
140	-2	116	default:dirt	0
141	-2	116	default:cobble	0
142	-2	116	default:dirt	0
143	-2	116	default:dirt	0
144	-2	116	default:dirt	0
117	-1	116	default:dirt	0
118	-1	116	default:dirt	0
119	-1	116	default:dirt	0
120	-1	116	default:dirt	0
121	-1	116	default:dirt	0
122	-1	116	default:dirt	0
123	-1	116	default:cobble	0
124	-1	116	default:dirt	0
125	-1	116	default:dirt	0
126	-1	116	default:dirt	0
127	-1	116	default:dirt	0
128	-1	116	default:dirt	0
129	-1	116	default:dirt	0
130	-1	116	default:dirt	0
131	-1	116	default:dirt	0
132	-1	116	default:dirt	0
133	-1	116	default:dirt	0
134	-1	116	default:dirt	0
135	-1	116	default:dirt	0
136	-1	116	default:dirt	0
137	-1	116	default:dirt	0
138	-1	116	default:dirt	0
139	-1	116	default:dirt	0
140	-1	116	default:dirt	0
141	-1	116	default:cobble	0
117	0	116	grug_nodes:dirt_with_forest_litter	0
118	0	116	grug_nodes:dirt_with_forest_litter	0
119	0	116	grug_nodes:dirt_with_forest_litter	0
120	0	116	default:dirt	0
121	0	116	default:dirt	0
122	0	116	default:dirt	0
123	0	116	default:brick	0
124	0	116	default:dirt_with_grass	0
125	0	116	default:cobble	0
126	0	116	default:cobble	0
127	0	116	default:cobble	0
128	0	116	default:cobble	0
129	0	116	default:cobble	0
130	0	116	default:cobble	0
131	0	116	default:cobble	0
132	0	116	default:cobble	0
133	0	116	default:cobble	0
134	0	116	default:cobble	0
135	0	116	default:cobble	0
136	0	116	default:cobble	0
137	0	116	default:cobble	0
138	0	116	default:cobble	0
139	0	116	default:cobble	0
140	0	116	default:dirt_with_grass	0
141	0	116	default:brick	0
120	1	116	grug_nodes:dirt_with_forest_litter	0
121	1	116	default:dirt	0
122	1	116	default:dirt	0
126	1	116	default:tree	0
127	1	116	default:tree	0
128	1	116	default:brick	0
129	1	116	default:brick	0
130	1	116	default:tree	0
131	1	116	default:tree	0
132	1	116	default:brick	0
133	1	116	default:brick	0
134	1	116	default:tree	0
135	1	116	default:tree	0
136	1	116	default:brick	0
137	1	116	default:brick	0
138	1	116	default:tree	0
121	2	116	grug_nodes:dirt_with_forest_litter	0
122	2	116	grug_nodes:dirt_with_forest_litter	0
126	2	116	default:tree	0
127	2	116	default:tree	0
128	2	116	xpanes:pane_flat	0
129	2	116	xpanes:pane_flat	0
130	2	116	default:tree	0
131	2	116	default:tree	0
132	2	116	xpanes:pane_flat	0
133	2	116	xpanes:pane_flat	0
134	2	116	default:tree	0
135	2	116	default:tree	0
136	2	116	xpanes:pane_flat	0
137	2	116	xpanes:pane_flat	0
138	2	116	default:tree	0
126	3	116	default:tree	0
127	3	116	default:tree	0
128	3	116	xpanes:pane_flat	0
129	3	116	xpanes:pane_flat	0
130	3	116	default:tree	0
131	3	116	default:tree	0
132	3	116	xpanes:pane_flat	0
133	3	116	xpanes:pane_flat	0
134	3	116	default:tree	0
135	3	116	default:tree	0
136	3	116	xpanes:pane_flat	0
137	3	116	xpanes:pane_flat	0
138	3	116	default:tree	0
126	4	116	default:tree	0
127	4	116	default:tree	0
128	4	116	grug_decor:cottages_loam	0
129	4	116	default:tree	0
130	4	116	default:tree	0
131	4	116	default:tree	0
132	4	116	default:tree	0
133	4	116	grug_decor:cottages_loam	0
134	4	116	default:tree	0
135	4	116	default:tree	0
136	4	116	grug_decor:cottages_loam	0
137	4	116	grug_decor:cottages_loam	0
138	4	116	default:tree	0
126	5	116	default:tree	0
127	5	116	default:tree	0
128	5	116	grug_decor:cottages_loam	0
129	5	116	default:tree	0
130	5	116	default:tree	0
131	5	116	default:tree	0
132	5	116	default:tree	0
133	5	116	grug_decor:cottages_loam	0
134	5	116	default:tree	0
135	5	116	default:tree	0
136	5	116	grug_decor:cottages_loam	0
137	5	116	grug_decor:cottages_loam	0
138	5	116	default:tree	0
125	6	116	grug_decor:darkage_slate_tile_stair	1
126	6	116	default:tree	0
127	6	116	default:tree	0
128	6	116	grug_decor:cottages_loam	0
129	6	116	default:tree	0
130	6	116	default:tree	0
131	6	116	default:tree	0
132	6	116	default:tree	0
133	6	116	grug_decor:cottages_loam	0
134	6	116	default:tree	0
135	6	116	default:tree	0
136	6	116	grug_decor:cottages_loam	0
137	6	116	grug_decor:cottages_loam	0
138	6	116	default:tree	0
139	6	116	grug_decor:darkage_slate_tile_stair	3
126	7	116	grug_decor:darkage_slate_tile_stair_outer	2
127	7	116	grug_decor:darkage_slate_tile_stair	2
128	7	116	grug_decor:darkage_slate_tile_stair	2
129	7	116	grug_decor:darkage_slate_tile_stair	2
130	7	116	grug_decor:darkage_slate_tile_stair	2
131	7	116	grug_decor:darkage_slate_tile_stair	2
132	7	116	grug_decor:darkage_slate_tile_stair	2
133	7	116	grug_decor:darkage_slate_tile_stair	2
134	7	116	grug_decor:darkage_slate_tile_stair	2
135	7	116	grug_decor:darkage_slate_tile_stair	2
136	7	116	grug_decor:darkage_slate_tile_stair	2
137	7	116	grug_decor:darkage_slate_tile_stair	2
138	7	116	grug_decor:darkage_slate_tile_stair_outer	3
117	-6	117	default:stone	0
118	-6	117	default:stone	0
119	-6	117	default:stone	0
120	-6	117	default:stone	0
121	-6	117	default:stone	0
122	-6	117	default:stone	0
123	-6	117	default:cobble	0
124	-6	117	default:stone	0
125	-6	117	default:stone	0
126	-6	117	default:stone	0
127	-6	117	default:stone	0
128	-6	117	default:stone	0
129	-6	117	default:stone	0
130	-6	117	default:stone	0
131	-6	117	default:stone	0
132	-6	117	default:stone	0
133	-6	117	default:stone	0
134	-6	117	default:stone	0
135	-6	117	default:stone	0
136	-6	117	default:stone	0
137	-6	117	default:stone	0
138	-6	117	default:stone	0
139	-6	117	default:stone	0
140	-6	117	default:stone	0
141	-6	117	default:cobble	0
142	-6	117	default:stone	0
143	-6	117	default:stone	0
144	-6	117	default:stone	0
145	-6	117	default:dirt	0
146	-6	117	default:dirt	0
147	-6	117	default:dirt	0
117	-5	117	default:stone	0
118	-5	117	default:stone	0
119	-5	117	default:stone	0
120	-5	117	default:stone	0
121	-5	117	default:stone	0
122	-5	117	default:stone	0
123	-5	117	default:cobble	0
124	-5	117	default:stone	0
125	-5	117	default:stone	0
126	-5	117	default:stone	0
127	-5	117	default:stone	0
128	-5	117	default:stone	0
129	-5	117	default:stone	0
130	-5	117	default:stone	0
131	-5	117	default:stone	0
132	-5	117	default:stone	0
133	-5	117	default:stone	0
134	-5	117	default:stone	0
135	-5	117	default:stone	0
136	-5	117	default:stone	0
137	-5	117	default:stone	0
138	-5	117	default:stone	0
139	-5	117	default:stone	0
140	-5	117	default:dirt	0
141	-5	117	default:cobble	0
142	-5	117	default:dirt	0
143	-5	117	default:dirt	0
144	-5	117	default:dirt	0
145	-5	117	default:dirt	0
146	-5	117	default:dirt	0
147	-5	117	default:dirt	0
117	-4	117	default:stone	0
118	-4	117	default:stone	0
119	-4	117	default:stone	0
120	-4	117	default:stone	0
121	-4	117	default:stone	0
122	-4	117	default:stone	0
123	-4	117	default:cobble	0
124	-4	117	default:dirt	0
125	-4	117	default:dirt	0
126	-4	117	default:dirt	0
127	-4	117	default:dirt	0
128	-4	117	default:dirt	0
129	-4	117	default:dirt	0
130	-4	117	default:dirt	0
131	-4	117	default:dirt	0
132	-4	117	default:dirt	0
133	-4	117	default:dirt	0
134	-4	117	default:dirt	0
135	-4	117	default:dirt	0
136	-4	117	default:dirt	0
137	-4	117	default:dirt	0
138	-4	117	default:dirt	0
139	-4	117	default:dirt	0
140	-4	117	default:dirt	0
141	-4	117	default:cobble	0
142	-4	117	default:dirt	0
143	-4	117	default:dirt	0
144	-4	117	default:dirt	0
145	-4	117	default:dirt	0
146	-4	117	default:dirt	0
147	-4	117	default:dirt	0
117	-3	117	default:dirt	0
118	-3	117	default:dirt	0
119	-3	117	default:dirt	0
120	-3	117	default:stone	0
121	-3	117	default:stone	0
122	-3	117	default:dirt	0
123	-3	117	default:cobble	0
124	-3	117	default:dirt	0
125	-3	117	default:dirt	0
126	-3	117	default:dirt	0
127	-3	117	default:dirt	0
128	-3	117	default:dirt	0
129	-3	117	default:dirt	0
130	-3	117	default:dirt	0
131	-3	117	default:dirt	0
132	-3	117	default:dirt	0
133	-3	117	default:dirt	0
134	-3	117	default:dirt	0
135	-3	117	default:dirt	0
136	-3	117	default:dirt	0
137	-3	117	default:dirt	0
138	-3	117	default:dirt	0
139	-3	117	default:dirt	0
140	-3	117	default:dirt	0
141	-3	117	default:cobble	0
142	-3	117	default:dirt	0
143	-3	117	default:dirt	0
144	-3	117	default:dirt	0
145	-3	117	default:dirt	0
146	-3	117	default:dirt	0
117	-2	117	default:dirt	0
118	-2	117	default:dirt	0
119	-2	117	default:dirt	0
120	-2	117	default:dirt	0
121	-2	117	default:dirt	0
122	-2	117	default:dirt	0
123	-2	117	default:cobble	0
124	-2	117	default:dirt	0
125	-2	117	default:dirt	0
126	-2	117	default:dirt	0
127	-2	117	default:dirt	0
128	-2	117	default:dirt	0
129	-2	117	default:dirt	0
130	-2	117	default:dirt	0
131	-2	117	default:dirt	0
132	-2	117	default:dirt	0
133	-2	117	default:dirt	0
134	-2	117	default:dirt	0
135	-2	117	default:dirt	0
136	-2	117	default:dirt	0
137	-2	117	default:dirt	0
138	-2	117	default:dirt	0
139	-2	117	default:dirt	0
140	-2	117	default:dirt	0
141	-2	117	default:cobble	0
142	-2	117	grug_nodes:dirt_with_forest_litter	0
143	-2	117	grug_nodes:dirt_with_forest_litter	0
144	-2	117	default:dirt	0
117	-1	117	default:dirt	0
118	-1	117	default:dirt	0
119	-1	117	default:dirt	0
120	-1	117	default:dirt	0
121	-1	117	default:dirt	0
122	-1	117	default:dirt	0
123	-1	117	default:cobble	0
124	-1	117	default:dirt	0
125	-1	117	default:dirt	0
126	-1	117	default:dirt	0
127	-1	117	default:dirt	0
128	-1	117	default:dirt	0
129	-1	117	default:dirt	0
130	-1	117	default:dirt	0
131	-1	117	default:dirt	0
132	-1	117	default:dirt	0
133	-1	117	default:dirt	0
134	-1	117	default:dirt	0
135	-1	117	default:dirt	0
136	-1	117	default:dirt	0
137	-1	117	default:dirt	0
138	-1	117	default:dirt	0
139	-1	117	default:dirt	0
140	-1	117	default:dirt	0
141	-1	117	default:cobble	0
117	0	117	grug_nodes:dirt_with_forest_litter	0
118	0	117	grug_nodes:dirt_with_forest_litter	0
119	0	117	grug_nodes:dirt_with_forest_litter	0
120	0	117	default:dirt	0
121	0	117	default:dirt	0
122	0	117	default:dirt	0
123	0	117	default:brick	0
124	0	117	default:dirt_with_grass	0
125	0	117	default:cobble	0
126	0	117	default:cobble	0
127	0	117	default:cobble	0
128	0	117	default:cobble	0
129	0	117	default:cobble	0
130	0	117	default:cobble	0
131	0	117	default:cobble	0
132	0	117	default:cobble	0
133	0	117	default:cobble	0
134	0	117	default:cobble	0
135	0	117	default:cobble	0
136	0	117	default:cobble	0
137	0	117	default:cobble	0
138	0	117	default:cobble	0
139	0	117	default:cobble	0
140	0	117	default:dirt_with_grass	0
141	0	117	default:brick	0
120	1	117	grug_nodes:dirt_with_forest_litter	0
121	1	117	default:dirt	0
122	1	117	grug_nodes:dirt_with_forest_litter	0
121	2	117	grug_nodes:dirt_with_forest_litter	0
125	6	117	grug_decor:darkage_slate_tile_stair_outer	2
126	6	117	grug_decor:darkage_slate_tile_stair	2
127	6	117	grug_decor:darkage_slate_tile_stair	2
128	6	117	grug_decor:darkage_slate_tile_stair	2
129	6	117	grug_decor:darkage_slate_tile_stair	2
130	6	117	grug_decor:darkage_slate_tile_stair	2
131	6	117	grug_decor:darkage_slate_tile_stair	2
132	6	117	grug_decor:darkage_slate_tile_stair	2
133	6	117	grug_decor:darkage_slate_tile_stair	2
134	6	117	grug_decor:darkage_slate_tile_stair	2
135	6	117	grug_decor:darkage_slate_tile_stair	2
136	6	117	grug_decor:darkage_slate_tile_stair	2
137	6	117	grug_decor:darkage_slate_tile_stair	2
138	6	117	grug_decor:darkage_slate_tile_stair	2
139	6	117	grug_decor:darkage_slate_tile_stair_outer	3
117	-6	118	default:stone	0
118	-6	118	default:stone	0
119	-6	118	default:stone	0
120	-6	118	default:stone	0
121	-6	118	default:stone	0
122	-6	118	default:stone	0
123	-6	118	default:cobble	0
124	-6	118	default:stone	0
125	-6	118	default:stone	0
126	-6	118	default:stone	0
127	-6	118	default:stone	0
128	-6	118	default:stone	0
129	-6	118	default:stone	0
130	-6	118	default:stone	0
131	-6	118	default:stone	0
132	-6	118	default:stone	0
133	-6	118	default:stone	0
134	-6	118	default:stone	0
135	-6	118	default:stone	0
136	-6	118	default:stone	0
137	-6	118	default:stone	0
138	-6	118	default:stone	0
139	-6	118	default:stone	0
140	-6	118	default:stone	0
141	-6	118	default:cobble	0
142	-6	118	default:stone	0
143	-6	118	default:stone	0
144	-6	118	default:stone	0
145	-6	118	default:stone	0
146	-6	118	default:dirt	0
147	-6	118	default:dirt	0
117	-5	118	default:stone	0
118	-5	118	default:stone	0
119	-5	118	default:stone	0
120	-5	118	default:stone	0
121	-5	118	default:stone	0
122	-5	118	default:stone	0
123	-5	118	default:cobble	0
124	-5	118	default:stone	0
125	-5	118	default:stone	0
126	-5	118	default:stone	0
127	-5	118	default:stone	0
128	-5	118	default:stone	0
129	-5	118	default:stone	0
130	-5	118	default:stone	0
131	-5	118	default:stone	0
132	-5	118	default:stone	0
133	-5	118	default:stone	0
134	-5	118	default:stone	0
135	-5	118	default:stone	0
136	-5	118	default:stone	0
137	-5	118	default:stone	0
138	-5	118	default:stone	0
139	-5	118	default:stone	0
140	-5	118	default:stone	0
141	-5	118	default:cobble	0
142	-5	118	default:dirt	0
143	-5	118	default:dirt	0
144	-5	118	default:dirt	0
145	-5	118	default:dirt	0
146	-5	118	default:dirt	0
147	-5	118	default:dirt	0
117	-4	118	default:stone	0
118	-4	118	default:stone	0
119	-4	118	default:stone	0
120	-4	118	default:stone	0
121	-4	118	default:stone	0
122	-4	118	default:stone	0
123	-4	118	default:cobble	0
124	-4	118	default:dirt	0
125	-4	118	default:dirt	0
126	-4	118	default:dirt	0
127	-4	118	default:dirt	0
128	-4	118	default:dirt	0
129	-4	118	default:dirt	0
130	-4	118	default:dirt	0
131	-4	118	default:dirt	0
132	-4	118	default:dirt	0
133	-4	118	default:dirt	0
134	-4	118	default:dirt	0
135	-4	118	default:stone	0
136	-4	118	default:stone	0
137	-4	118	default:stone	0
138	-4	118	default:stone	0
139	-4	118	default:stone	0
140	-4	118	default:dirt	0
141	-4	118	default:cobble	0
142	-4	118	default:dirt	0
143	-4	118	default:dirt	0
144	-4	118	default:dirt	0
145	-4	118	default:dirt	0
146	-4	118	default:dirt	0
147	-4	118	default:dirt	0
117	-3	118	default:dirt	0
118	-3	118	default:dirt	0
119	-3	118	default:dirt	0
120	-3	118	default:stone	0
121	-3	118	default:stone	0
122	-3	118	default:stone	0
123	-3	118	default:cobble	0
124	-3	118	default:dirt	0
125	-3	118	default:dirt	0
126	-3	118	default:dirt	0
127	-3	118	default:dirt	0
128	-3	118	default:dirt	0
129	-3	118	default:dirt	0
130	-3	118	default:dirt	0
131	-3	118	default:dirt	0
132	-3	118	default:dirt	0
133	-3	118	default:dirt	0
134	-3	118	default:dirt	0
135	-3	118	default:dirt	0
136	-3	118	default:dirt	0
137	-3	118	default:dirt	0
138	-3	118	default:dirt	0
139	-3	118	default:dirt	0
140	-3	118	default:dirt	0
141	-3	118	default:cobble	0
142	-3	118	default:dirt	0
143	-3	118	default:dirt	0
144	-3	118	default:dirt	0
145	-3	118	default:dirt	0
146	-3	118	default:dirt	0
117	-2	118	default:dirt	0
118	-2	118	default:dirt	0
119	-2	118	default:dirt	0
120	-2	118	default:dirt	0
121	-2	118	default:dirt	0
122	-2	118	default:dirt	0
123	-2	118	default:cobble	0
124	-2	118	default:dirt	0
125	-2	118	default:dirt	0
126	-2	118	default:dirt	0
127	-2	118	default:dirt	0
128	-2	118	default:dirt	0
129	-2	118	default:dirt	0
130	-2	118	default:dirt	0
131	-2	118	default:dirt	0
132	-2	118	default:dirt	0
133	-2	118	default:dirt	0
134	-2	118	default:dirt	0
135	-2	118	default:dirt	0
136	-2	118	default:dirt	0
137	-2	118	default:dirt	0
138	-2	118	default:dirt	0
139	-2	118	default:dirt	0
140	-2	118	default:dirt	0
141	-2	118	default:cobble	0
142	-2	118	grug_nodes:dirt_with_forest_litter	0
143	-2	118	grug_nodes:dirt_with_forest_litter	0
144	-2	118	grug_nodes:dirt_with_forest_litter	0
145	-2	118	grug_nodes:dirt_with_forest_litter	0
117	-1	118	default:dirt	0
118	-1	118	default:dirt	0
119	-1	118	default:dirt	0
120	-1	118	default:dirt	0
121	-1	118	default:dirt	0
122	-1	118	default:dirt	0
123	-1	118	default:cobble	0
124	-1	118	default:dirt	0
125	-1	118	default:dirt	0
126	-1	118	default:dirt	0
127	-1	118	default:dirt	0
128	-1	118	default:dirt	0
129	-1	118	default:dirt	0
130	-1	118	default:dirt	0
131	-1	118	default:dirt	0
132	-1	118	default:dirt	0
133	-1	118	default:dirt	0
134	-1	118	default:dirt	0
135	-1	118	default:dirt	0
136	-1	118	default:dirt	0
137	-1	118	default:dirt	0
138	-1	118	default:dirt	0
139	-1	118	default:dirt	0
140	-1	118	default:dirt	0
141	-1	118	default:cobble	0
117	0	118	grug_nodes:dirt_with_forest_litter	0
118	0	118	grug_nodes:dirt_with_forest_litter	0
119	0	118	grug_nodes:dirt_with_forest_litter	0
120	0	118	default:dirt	0
121	0	118	default:dirt	0
122	0	118	default:dirt	0
123	0	118	default:brick	0
124	0	118	default:dirt_with_grass	0
125	0	118	default:dirt_with_grass	0
126	0	118	default:dirt_with_grass	0
127	0	118	default:dirt_with_grass	0
128	0	118	default:dirt_with_grass	0
129	0	118	default:dirt_with_grass	0
130	0	118	default:dirt_with_grass	0
131	0	118	default:dirt_with_grass	0
132	0	118	default:dirt_with_grass	0
133	0	118	default:dirt_with_grass	0
134	0	118	default:dirt_with_grass	0
135	0	118	default:dirt_with_grass	0
136	0	118	default:dirt_with_grass	0
137	0	118	default:dirt_with_grass	0
138	0	118	default:dirt_with_grass	0
139	0	118	default:dirt_with_grass	0
140	0	118	default:dirt_with_grass	0
141	0	118	default:brick	0
120	1	118	grug_nodes:dirt_with_forest_litter	0
121	1	118	grug_nodes:dirt_with_forest_litter	0
122	1	118	grug_nodes:dirt_with_forest_litter	0
117	-6	119	default:stone	0
118	-6	119	default:stone	0
119	-6	119	default:stone	0
120	-6	119	default:stone	0
121	-6	119	default:stone	0
122	-6	119	default:stone	0
123	-6	119	default:cobble	0
124	-6	119	default:cobble	0
125	-6	119	default:cobble	0
126	-6	119	default:cobble	0
127	-6	119	default:cobble	0
128	-6	119	default:cobble	0
129	-6	119	default:cobble	0
130	-6	119	default:cobble	0
131	-6	119	default:cobble	0
132	-6	119	default:cobble	0
133	-6	119	default:cobble	0
134	-6	119	default:cobble	0
135	-6	119	default:cobble	0
136	-6	119	default:cobble	0
137	-6	119	default:cobble	0
138	-6	119	default:cobble	0
139	-6	119	default:cobble	0
140	-6	119	default:cobble	0
141	-6	119	default:cobble	0
142	-6	119	default:stone	0
143	-6	119	default:stone	0
144	-6	119	default:stone	0
145	-6	119	default:stone	0
146	-6	119	default:dirt	0
147	-6	119	default:dirt	0
117	-5	119	default:stone	0
118	-5	119	default:stone	0
119	-5	119	default:stone	0
120	-5	119	default:stone	0
121	-5	119	default:stone	0
122	-5	119	default:stone	0
123	-5	119	default:cobble	0
124	-5	119	default:cobble	0
125	-5	119	default:cobble	0
126	-5	119	default:cobble	0
127	-5	119	default:cobble	0
128	-5	119	default:cobble	0
129	-5	119	default:cobble	0
130	-5	119	default:cobble	0
131	-5	119	default:cobble	0
132	-5	119	default:cobble	0
133	-5	119	default:cobble	0
134	-5	119	default:cobble	0
135	-5	119	default:cobble	0
136	-5	119	default:cobble	0
137	-5	119	default:cobble	0
138	-5	119	default:cobble	0
139	-5	119	default:cobble	0
140	-5	119	default:cobble	0
141	-5	119	default:cobble	0
142	-5	119	default:dirt	0
143	-5	119	default:dirt	0
144	-5	119	default:dirt	0
145	-5	119	default:dirt	0
146	-5	119	default:dirt	0
147	-5	119	default:dirt	0
117	-4	119	default:stone	0
118	-4	119	default:stone	0
119	-4	119	default:stone	0
120	-4	119	default:stone	0
121	-4	119	default:stone	0
122	-4	119	default:stone	0
123	-4	119	default:cobble	0
124	-4	119	default:cobble	0
125	-4	119	default:cobble	0
126	-4	119	default:cobble	0
127	-4	119	default:cobble	0
128	-4	119	default:cobble	0
129	-4	119	default:cobble	0
130	-4	119	default:cobble	0
131	-4	119	default:cobble	0
132	-4	119	default:cobble	0
133	-4	119	default:cobble	0
134	-4	119	default:cobble	0
135	-4	119	default:cobble	0
136	-4	119	default:cobble	0
137	-4	119	default:cobble	0
138	-4	119	default:cobble	0
139	-4	119	default:cobble	0
140	-4	119	default:cobble	0
141	-4	119	default:cobble	0
142	-4	119	default:dirt	0
143	-4	119	default:dirt	0
144	-4	119	default:dirt	0
145	-4	119	default:dirt	0
146	-4	119	default:dirt	0
147	-4	119	default:dirt	0
117	-3	119	default:dirt	0
118	-3	119	default:dirt	0
119	-3	119	default:dirt	0
120	-3	119	default:dirt	0
121	-3	119	default:dirt	0
122	-3	119	default:dirt	0
123	-3	119	default:cobble	0
124	-3	119	default:cobble	0
125	-3	119	default:cobble	0
126	-3	119	default:cobble	0
127	-3	119	default:cobble	0
128	-3	119	default:cobble	0
129	-3	119	default:cobble	0
130	-3	119	default:cobble	0
131	-3	119	default:cobble	0
132	-3	119	default:cobble	0
133	-3	119	default:cobble	0
134	-3	119	default:cobble	0
135	-3	119	default:cobble	0
136	-3	119	default:cobble	0
137	-3	119	default:cobble	0
138	-3	119	default:cobble	0
139	-3	119	default:cobble	0
140	-3	119	default:cobble	0
141	-3	119	default:cobble	0
142	-3	119	default:dirt	0
143	-3	119	default:dirt	0
144	-3	119	default:dirt	0
145	-3	119	default:dirt	0
146	-3	119	grug_nodes:dirt_with_forest_litter	0
117	-2	119	default:dirt	0
118	-2	119	default:dirt	0
119	-2	119	default:dirt	0
120	-2	119	default:dirt	0
121	-2	119	default:dirt	0
122	-2	119	default:dirt	0
123	-2	119	default:cobble	0
124	-2	119	default:cobble	0
125	-2	119	default:cobble	0
126	-2	119	default:cobble	0
127	-2	119	default:cobble	0
128	-2	119	default:cobble	0
129	-2	119	default:cobble	0
130	-2	119	default:cobble	0
131	-2	119	default:cobble	0
132	-2	119	default:cobble	0
133	-2	119	default:cobble	0
134	-2	119	default:cobble	0
135	-2	119	default:cobble	0
136	-2	119	default:cobble	0
137	-2	119	default:cobble	0
138	-2	119	default:cobble	0
139	-2	119	default:cobble	0
140	-2	119	default:cobble	0
141	-2	119	default:cobble	0
142	-2	119	grug_nodes:dirt_with_forest_litter	0
143	-2	119	grug_nodes:dirt_with_forest_litter	0
144	-2	119	grug_nodes:dirt_with_forest_litter	0
145	-2	119	grug_nodes:dirt_with_forest_litter	0
117	-1	119	default:dirt	0
118	-1	119	default:dirt	0
119	-1	119	default:dirt	0
120	-1	119	default:dirt	0
121	-1	119	default:dirt	0
122	-1	119	default:dirt	0
123	-1	119	default:cobble	0
124	-1	119	default:cobble	0
125	-1	119	default:cobble	0
126	-1	119	default:cobble	0
127	-1	119	default:cobble	0
128	-1	119	default:cobble	0
129	-1	119	default:cobble	0
130	-1	119	default:cobble	0
131	-1	119	default:cobble	0
132	-1	119	default:cobble	0
133	-1	119	default:cobble	0
134	-1	119	default:cobble	0
135	-1	119	default:cobble	0
136	-1	119	default:cobble	0
137	-1	119	default:cobble	0
138	-1	119	default:cobble	0
139	-1	119	default:cobble	0
140	-1	119	default:cobble	0
141	-1	119	default:cobble	0
117	0	119	grug_nodes:dirt_with_forest_litter	0
118	0	119	grug_nodes:dirt_with_forest_litter	0
119	0	119	grug_nodes:dirt_with_forest_litter	0
120	0	119	grug_nodes:dirt_with_forest_litter	0
121	0	119	grug_nodes:dirt_with_forest_litter	0
122	0	119	grug_nodes:dirt_with_forest_litter	0
123	0	119	default:brick	0
124	0	119	default:brick	0
125	0	119	default:brick	0
126	0	119	default:brick	0
127	0	119	default:brick	0
128	0	119	default:brick	0
129	0	119	default:brick	0
130	0	119	default:brick	0
131	0	119	default:brick	0
132	0	119	default:brick	0
133	0	119	default:brick	0
134	0	119	default:brick	0
135	0	119	default:brick	0
136	0	119	default:brick	0
137	0	119	default:brick	0
138	0	119	default:brick	0
139	0	119	default:brick	0
140	0	119	default:brick	0
141	0	119	default:brick	0
117	-6	120	default:stone	0
118	-6	120	default:stone	0
119	-6	120	default:stone	0
120	-6	120	default:stone	0
121	-6	120	default:stone	0
122	-6	120	default:stone	0
123	-6	120	default:stone	0
124	-6	120	default:stone	0
125	-6	120	default:stone	0
126	-6	120	default:stone	0
127	-6	120	default:stone	0
128	-6	120	default:stone	0
129	-6	120	default:stone	0
130	-6	120	default:stone	0
131	-6	120	default:stone	0
132	-6	120	default:stone	0
133	-6	120	default:stone	0
134	-6	120	default:stone	0
135	-6	120	default:stone	0
136	-6	120	default:stone	0
137	-6	120	default:stone	0
138	-6	120	default:stone	0
139	-6	120	default:stone	0
140	-6	120	default:stone	0
141	-6	120	default:stone	0
142	-6	120	default:stone	0
143	-6	120	default:stone	0
144	-6	120	default:stone	0
145	-6	120	default:stone	0
146	-6	120	default:dirt	0
147	-6	120	default:dirt	0
117	-5	120	default:stone	0
118	-5	120	default:stone	0
119	-5	120	default:stone	0
120	-5	120	default:stone	0
121	-5	120	default:stone	0
122	-5	120	default:stone	0
123	-5	120	default:stone	0
124	-5	120	default:stone	0
125	-5	120	default:stone	0
126	-5	120	default:stone	0
127	-5	120	default:stone	0
128	-5	120	default:stone	0
129	-5	120	default:stone	0
130	-5	120	default:stone	0
131	-5	120	default:stone	0
132	-5	120	default:stone	0
133	-5	120	default:stone	0
134	-5	120	default:stone	0
135	-5	120	default:stone	0
136	-5	120	default:stone	0
137	-5	120	default:stone	0
138	-5	120	default:stone	0
139	-5	120	default:stone	0
140	-5	120	default:stone	0
141	-5	120	default:stone	0
142	-5	120	default:dirt	0
143	-5	120	default:dirt	0
144	-5	120	default:dirt	0
145	-5	120	default:dirt	0
146	-5	120	default:dirt	0
147	-5	120	default:dirt	0
117	-4	120	default:stone	0
118	-4	120	default:stone	0
119	-4	120	default:stone	0
120	-4	120	default:stone	0
121	-4	120	default:stone	0
122	-4	120	default:stone	0
123	-4	120	default:stone	0
124	-4	120	default:stone	0
125	-4	120	default:stone	0
126	-4	120	default:stone	0
127	-4	120	default:stone	0
128	-4	120	default:stone	0
129	-4	120	default:stone	0
130	-4	120	default:stone	0
131	-4	120	default:stone	0
132	-4	120	default:stone	0
133	-4	120	default:stone	0
134	-4	120	default:stone	0
135	-4	120	default:stone	0
136	-4	120	default:stone	0
137	-4	120	default:stone	0
138	-4	120	default:stone	0
139	-4	120	default:stone	0
140	-4	120	default:stone	0
141	-4	120	default:dirt	0
142	-4	120	default:dirt	0
143	-4	120	default:dirt	0
144	-4	120	default:dirt	0
145	-4	120	default:dirt	0
146	-4	120	default:dirt	0
147	-4	120	grug_nodes:dirt_with_forest_litter	0
117	-3	120	default:dirt	0
118	-3	120	default:dirt	0
119	-3	120	default:dirt	0
120	-3	120	default:dirt	0
121	-3	120	default:dirt	0
122	-3	120	default:dirt	0
123	-3	120	default:dirt	0
124	-3	120	default:dirt	0
125	-3	120	default:dirt	0
126	-3	120	default:dirt	0
127	-3	120	default:dirt	0
128	-3	120	default:dirt	0
129	-3	120	default:dirt	0
130	-3	120	default:dirt	0
131	-3	120	default:dirt	0
132	-3	120	default:dirt	0
133	-3	120	default:dirt	0
134	-3	120	default:dirt	0
135	-3	120	default:dirt	0
136	-3	120	default:dirt	0
137	-3	120	default:dirt	0
138	-3	120	default:dirt	0
139	-3	120	default:dirt	0
140	-3	120	default:dirt	0
141	-3	120	default:dirt	0
142	-3	120	default:dirt	0
143	-3	120	default:dirt	0
144	-3	120	default:dirt	0
145	-3	120	default:dirt	0
146	-3	120	grug_nodes:dirt_with_forest_litter	0
117	-2	120	default:dirt	0
118	-2	120	default:dirt	0
119	-2	120	default:dirt	0
120	-2	120	default:dirt	0
121	-2	120	default:dirt	0
122	-2	120	default:dirt	0
123	-2	120	default:dirt	0
124	-2	120	default:dirt	0
125	-2	120	default:dirt	0
126	-2	120	default:dirt	0
127	-2	120	default:dirt	0
128	-2	120	default:dirt	0
129	-2	120	default:dirt	0
130	-2	120	default:dirt	0
131	-2	120	default:dirt	0
132	-2	120	default:dirt	0
133	-2	120	default:dirt	0
134	-2	120	default:dirt	0
135	-2	120	default:dirt	0
136	-2	120	default:dirt	0
137	-2	120	default:dirt	0
138	-2	120	default:dirt	0
139	-2	120	default:dirt	0
140	-2	120	default:dirt	0
141	-2	120	default:dirt	0
142	-2	120	grug_nodes:dirt_with_forest_litter	0
143	-2	120	grug_nodes:dirt_with_forest_litter	0
144	-2	120	grug_nodes:dirt_with_forest_litter	0
145	-2	120	grug_nodes:dirt_with_forest_litter	0
117	-1	120	default:dirt	0
118	-1	120	default:dirt	0
119	-1	120	default:dirt	0
120	-1	120	default:dirt	0
121	-1	120	default:dirt	0
122	-1	120	default:dirt	0
123	-1	120	default:dirt	0
124	-1	120	default:dirt	0
125	-1	120	default:dirt	0
126	-1	120	default:dirt	0
127	-1	120	default:dirt	0
128	-1	120	default:dirt	0
129	-1	120	default:dirt	0
130	-1	120	default:dirt	0
131	-1	120	default:dirt	0
132	-1	120	default:dirt	0
133	-1	120	default:dirt	0
134	-1	120	default:dirt	0
135	-1	120	default:dirt	0
136	-1	120	default:dirt	0
137	-1	120	default:dirt	0
138	-1	120	default:dirt	0
139	-1	120	default:dirt	0
140	-1	120	default:dirt	0
141	-1	120	grug_nodes:dirt_with_forest_litter	0
117	0	120	grug_nodes:dirt_with_forest_litter	0
118	0	120	grug_nodes:dirt_with_forest_litter	0
119	0	120	grug_nodes:dirt_with_forest_litter	0
120	0	120	grug_nodes:dirt_with_forest_litter	0
121	0	120	grug_nodes:dirt_with_forest_litter	0
122	0	120	grug_nodes:dirt_with_forest_litter	0
123	0	120	grug_nodes:dirt_with_forest_litter	0
124	0	120	grug_nodes:dirt_with_forest_litter	0
125	0	120	grug_nodes:dirt_with_forest_litter	0
126	0	120	grug_nodes:dirt_with_forest_litter	0
127	0	120	grug_nodes:dirt_with_forest_litter	0
128	0	120	grug_nodes:dirt_with_forest_litter	0
129	0	120	grug_nodes:dirt_with_forest_litter	0
130	0	120	grug_nodes:dirt_with_forest_litter	0
131	0	120	grug_nodes:dirt_with_forest_litter	0
132	0	120	grug_nodes:dirt_with_forest_litter	0
133	0	120	grug_nodes:dirt_with_forest_litter	0
134	0	120	grug_nodes:dirt_with_forest_litter	0
135	0	120	grug_nodes:dirt_with_forest_litter	0
136	0	120	grug_nodes:dirt_with_forest_litter	0
137	0	120	grug_nodes:dirt_with_forest_litter	0
138	0	120	grug_nodes:dirt_with_forest_litter	0
139	0	120	grug_nodes:dirt_with_forest_litter	0
140	0	120	grug_nodes:dirt_with_forest_litter	0
117	-6	121	default:stone	0
118	-6	121	default:stone	0
119	-6	121	default:stone	0
120	-6	121	default:stone	0
121	-6	121	default:stone	0
122	-6	121	default:stone	0
123	-6	121	default:stone	0
124	-6	121	default:stone	0
125	-6	121	default:stone	0
126	-6	121	default:stone	0
127	-6	121	default:stone	0
128	-6	121	default:stone	0
129	-6	121	default:stone	0
130	-6	121	default:stone	0
131	-6	121	default:stone	0
132	-6	121	default:stone	0
133	-6	121	default:stone	0
134	-6	121	default:stone	0
135	-6	121	default:stone	0
136	-6	121	default:stone	0
137	-6	121	default:stone	0
138	-6	121	default:stone	0
139	-6	121	default:stone	0
140	-6	121	default:stone	0
141	-6	121	default:stone	0
142	-6	121	default:stone	0
143	-6	121	default:stone	0
144	-6	121	default:stone	0
145	-6	121	default:dirt	0
146	-6	121	default:dirt	0
147	-6	121	default:dirt	0
117	-5	121	default:stone	0
118	-5	121	default:stone	0
119	-5	121	default:stone	0
120	-5	121	default:stone	0
121	-5	121	default:stone	0
122	-5	121	default:stone	0
123	-5	121	default:stone	0
124	-5	121	default:stone	0
125	-5	121	default:stone	0
126	-5	121	default:stone	0
127	-5	121	default:stone	0
128	-5	121	default:stone	0
129	-5	121	default:stone	0
130	-5	121	default:stone	0
131	-5	121	default:stone	0
132	-5	121	default:stone	0
133	-5	121	default:stone	0
134	-5	121	default:stone	0
135	-5	121	default:stone	0
136	-5	121	default:stone	0
137	-5	121	default:stone	0
138	-5	121	default:stone	0
139	-5	121	default:stone	0
140	-5	121	default:stone	0
141	-5	121	default:stone	0
142	-5	121	default:dirt	0
143	-5	121	default:dirt	0
144	-5	121	default:dirt	0
145	-5	121	default:dirt	0
146	-5	121	default:dirt	0
147	-5	121	default:dirt	0
117	-4	121	default:stone	0
118	-4	121	default:stone	0
119	-4	121	default:stone	0
120	-4	121	default:stone	0
121	-4	121	default:stone	0
122	-4	121	default:stone	0
123	-4	121	default:stone	0
124	-4	121	default:stone	0
125	-4	121	default:stone	0
126	-4	121	default:stone	0
127	-4	121	default:stone	0
128	-4	121	default:stone	0
129	-4	121	default:stone	0
130	-4	121	default:stone	0
131	-4	121	default:stone	0
132	-4	121	default:stone	0
133	-4	121	default:stone	0
134	-4	121	default:stone	0
135	-4	121	default:stone	0
136	-4	121	default:stone	0
137	-4	121	default:stone	0
138	-4	121	default:stone	0
139	-4	121	default:stone	0
140	-4	121	default:stone	0
141	-4	121	default:dirt	0
142	-4	121	default:dirt	0
143	-4	121	default:dirt	0
144	-4	121	default:dirt	0
145	-4	121	default:dirt	0
146	-4	121	default:dirt	0
147	-4	121	grug_nodes:dirt_with_forest_litter	0
117	-3	121	default:dirt	0
118	-3	121	default:dirt	0
119	-3	121	default:dirt	0
120	-3	121	default:dirt	0
121	-3	121	default:dirt	0
122	-3	121	default:dirt	0
123	-3	121	default:dirt	0
124	-3	121	default:dirt	0
125	-3	121	default:dirt	0
126	-3	121	default:dirt	0
127	-3	121	default:dirt	0
128	-3	121	default:dirt	0
129	-3	121	default:dirt	0
130	-3	121	default:dirt	0
131	-3	121	default:dirt	0
132	-3	121	default:dirt	0
133	-3	121	default:dirt	0
134	-3	121	default:dirt	0
135	-3	121	default:dirt	0
136	-3	121	default:dirt	0
137	-3	121	default:dirt	0
138	-3	121	default:dirt	0
139	-3	121	default:dirt	0
140	-3	121	default:dirt	0
141	-3	121	default:dirt	0
142	-3	121	default:dirt	0
143	-3	121	default:dirt	0
144	-3	121	default:dirt	0
145	-3	121	grug_nodes:dirt_with_forest_litter	0
146	-3	121	grug_nodes:dirt_with_forest_litter	0
117	-2	121	default:dirt	0
118	-2	121	default:dirt	0
119	-2	121	default:dirt	0
120	-2	121	default:dirt	0
121	-2	121	default:dirt	0
122	-2	121	default:dirt	0
123	-2	121	default:dirt	0
124	-2	121	default:dirt	0
125	-2	121	default:dirt	0
126	-2	121	default:dirt	0
127	-2	121	default:dirt	0
128	-2	121	default:dirt	0
129	-2	121	default:dirt	0
130	-2	121	default:dirt	0
131	-2	121	default:dirt	0
132	-2	121	default:dirt	0
133	-2	121	default:dirt	0
134	-2	121	default:dirt	0
135	-2	121	default:dirt	0
136	-2	121	default:dirt	0
137	-2	121	default:dirt	0
138	-2	121	default:dirt	0
139	-2	121	default:dirt	0
140	-2	121	default:dirt	0
141	-2	121	default:dirt	0
142	-2	121	grug_nodes:dirt_with_forest_litter	0
143	-2	121	grug_nodes:dirt_with_forest_litter	0
144	-2	121	grug_nodes:dirt_with_forest_litter	0
117	-1	121	default:dirt	0
118	-1	121	default:dirt	0
119	-1	121	default:dirt	0
120	-1	121	default:dirt	0
121	-1	121	default:dirt	0
122	-1	121	default:dirt	0
123	-1	121	default:dirt	0
124	-1	121	default:dirt	0
125	-1	121	default:dirt	0
126	-1	121	default:dirt	0
127	-1	121	default:dirt	0
128	-1	121	default:dirt	0
129	-1	121	default:dirt	0
130	-1	121	default:dirt	0
131	-1	121	default:dirt	0
132	-1	121	default:dirt	0
133	-1	121	default:dirt	0
134	-1	121	default:dirt	0
135	-1	121	default:dirt	0
136	-1	121	default:dirt	0
137	-1	121	default:dirt	0
138	-1	121	default:dirt	0
139	-1	121	default:dirt	0
140	-1	121	default:dirt	0
141	-1	121	grug_nodes:dirt_with_forest_litter	0
117	0	121	grug_nodes:dirt_with_forest_litter	0
118	0	121	grug_nodes:dirt_with_forest_litter	0
119	0	121	default:dirt	0
120	0	121	default:dirt	0
121	0	121	default:dirt	0
122	0	121	default:dirt	0
123	0	121	default:dirt	0
124	0	121	default:dirt	0
125	0	121	default:dirt	0
126	0	121	default:dirt	0
127	0	121	default:dirt	0
128	0	121	default:dirt	0
129	0	121	default:dirt	0
130	0	121	grug_nodes:dirt_with_forest_litter	0
131	0	121	grug_nodes:dirt_with_forest_litter	0
132	0	121	grug_nodes:dirt_with_forest_litter	0
133	0	121	grug_nodes:dirt_with_forest_litter	0
134	0	121	grug_nodes:dirt_with_forest_litter	0
135	0	121	grug_nodes:dirt_with_forest_litter	0
136	0	121	grug_nodes:dirt_with_forest_litter	0
137	0	121	grug_nodes:dirt_with_forest_litter	0
138	0	121	grug_nodes:dirt_with_forest_litter	0
139	0	121	grug_nodes:dirt_with_forest_litter	0
140	0	121	grug_nodes:dirt_with_forest_litter	0
117	-6	122	default:stone	0
118	-6	122	default:stone	0
119	-6	122	default:stone	0
120	-6	122	default:stone	0
121	-6	122	default:stone	0
122	-6	122	default:stone	0
123	-6	122	default:stone	0
124	-6	122	default:stone	0
125	-6	122	default:stone	0
126	-6	122	default:stone	0
127	-6	122	default:stone	0
128	-6	122	default:stone	0
129	-6	122	default:stone	0
130	-6	122	default:stone	0
131	-6	122	default:stone	0
132	-6	122	default:stone	0
133	-6	122	default:stone	0
134	-6	122	default:stone	0
135	-6	122	default:stone	0
136	-6	122	default:stone	0
137	-6	122	default:stone	0
138	-6	122	default:stone	0
139	-6	122	default:stone	0
140	-6	122	default:stone	0
141	-6	122	default:stone	0
142	-6	122	default:stone	0
143	-6	122	default:stone	0
144	-6	122	default:dirt	0
145	-6	122	default:dirt	0
146	-6	122	default:dirt	0
147	-6	122	default:dirt	0
117	-5	122	default:stone	0
118	-5	122	default:stone	0
119	-5	122	default:stone	0
120	-5	122	default:stone	0
121	-5	122	default:stone	0
122	-5	122	default:stone	0
123	-5	122	default:stone	0
124	-5	122	default:stone	0
125	-5	122	default:stone	0
126	-5	122	default:stone	0
127	-5	122	default:stone	0
128	-5	122	default:stone	0
129	-5	122	default:stone	0
130	-5	122	default:stone	0
131	-5	122	default:stone	0
132	-5	122	default:stone	0
133	-5	122	default:stone	0
134	-5	122	default:stone	0
135	-5	122	default:stone	0
136	-5	122	default:stone	0
137	-5	122	default:stone	0
138	-5	122	default:stone	0
139	-5	122	default:stone	0
140	-5	122	default:stone	0
141	-5	122	default:stone	0
142	-5	122	default:dirt	0
143	-5	122	default:dirt	0
144	-5	122	default:dirt	0
145	-5	122	default:dirt	0
146	-5	122	default:dirt	0
147	-5	122	default:dirt	0
117	-4	122	default:stone	0
118	-4	122	default:stone	0
119	-4	122	default:stone	0
120	-4	122	default:stone	0
121	-4	122	default:stone	0
122	-4	122	default:stone	0
123	-4	122	default:stone	0
124	-4	122	default:stone	0
125	-4	122	default:stone	0
126	-4	122	default:stone	0
127	-4	122	default:stone	0
128	-4	122	default:stone	0
129	-4	122	default:stone	0
130	-4	122	default:stone	0
131	-4	122	default:stone	0
132	-4	122	default:stone	0
133	-4	122	default:stone	0
134	-4	122	default:stone	0
135	-4	122	default:stone	0
136	-4	122	default:stone	0
137	-4	122	default:stone	0
138	-4	122	default:stone	0
139	-4	122	default:stone	0
140	-4	122	default:stone	0
141	-4	122	default:dirt	0
142	-4	122	default:dirt	0
143	-4	122	default:dirt	0
144	-4	122	default:dirt	0
145	-4	122	default:dirt	0
146	-4	122	grug_nodes:dirt_with_forest_litter	0
147	-4	122	grug_nodes:dirt_with_forest_litter	0
117	-3	122	default:dirt	0
118	-3	122	default:dirt	0
119	-3	122	default:dirt	0
120	-3	122	default:dirt	0
121	-3	122	default:dirt	0
122	-3	122	default:dirt	0
123	-3	122	default:dirt	0
124	-3	122	default:dirt	0
125	-3	122	default:dirt	0
126	-3	122	default:dirt	0
127	-3	122	default:dirt	0
128	-3	122	default:dirt	0
129	-3	122	default:dirt	0
130	-3	122	default:dirt	0
131	-3	122	default:dirt	0
132	-3	122	default:dirt	0
133	-3	122	default:dirt	0
134	-3	122	default:dirt	0
135	-3	122	default:dirt	0
136	-3	122	default:dirt	0
137	-3	122	default:dirt	0
138	-3	122	default:dirt	0
139	-3	122	default:dirt	0
140	-3	122	default:dirt	0
141	-3	122	default:dirt	0
142	-3	122	default:dirt	0
143	-3	122	default:dirt	0
144	-3	122	grug_nodes:dirt_with_forest_litter	0
145	-3	122	grug_nodes:dirt_with_forest_litter	0
117	-2	122	default:dirt	0
118	-2	122	default:dirt	0
119	-2	122	default:dirt	0
120	-2	122	default:dirt	0
121	-2	122	default:dirt	0
122	-2	122	default:dirt	0
123	-2	122	default:dirt	0
124	-2	122	default:dirt	0
125	-2	122	default:dirt	0
126	-2	122	default:dirt	0
127	-2	122	default:dirt	0
128	-2	122	default:dirt	0
129	-2	122	default:dirt	0
130	-2	122	default:dirt	0
131	-2	122	default:dirt	0
132	-2	122	default:dirt	0
133	-2	122	default:dirt	0
134	-2	122	default:dirt	0
135	-2	122	default:dirt	0
136	-2	122	default:dirt	0
137	-2	122	default:dirt	0
138	-2	122	default:dirt	0
139	-2	122	default:dirt	0
140	-2	122	default:dirt	0
141	-2	122	default:dirt	0
142	-2	122	grug_nodes:dirt_with_forest_litter	0
143	-2	122	grug_nodes:dirt_with_forest_litter	0
117	-1	122	default:dirt	0
118	-1	122	default:dirt	0
119	-1	122	default:dirt	0
120	-1	122	default:dirt	0
121	-1	122	default:dirt	0
122	-1	122	default:dirt	0
123	-1	122	default:dirt	0
124	-1	122	default:dirt	0
125	-1	122	default:dirt	0
126	-1	122	default:dirt	0
127	-1	122	default:dirt	0
128	-1	122	default:dirt	0
129	-1	122	default:dirt	0
130	-1	122	default:dirt	0
131	-1	122	default:dirt	0
132	-1	122	default:dirt	0
133	-1	122	default:dirt	0
134	-1	122	default:dirt	0
135	-1	122	default:dirt	0
136	-1	122	default:dirt	0
137	-1	122	default:dirt	0
138	-1	122	default:dirt	0
139	-1	122	default:dirt	0
140	-1	122	default:dirt	0
141	-1	122	grug_nodes:dirt_with_forest_litter	0
117	0	122	grug_nodes:dirt_with_forest_litter	0
118	0	122	default:dirt	0
119	0	122	default:dirt	0
120	0	122	default:dirt	0
121	0	122	default:dirt	0
122	0	122	default:dirt	0
123	0	122	default:dirt	0
124	0	122	default:dirt	0
125	0	122	default:dirt	0
126	0	122	default:dirt	0
127	0	122	default:dirt	0
128	0	122	default:dirt	0
129	0	122	default:dirt	0
130	0	122	default:dirt	0
131	0	122	grug_nodes:dirt_with_forest_litter	0
132	0	122	grug_nodes:dirt_with_forest_litter	0
133	0	122	grug_nodes:dirt_with_forest_litter	0
134	0	122	grug_nodes:dirt_with_forest_litter	0
135	0	122	grug_nodes:dirt_with_forest_litter	0
136	0	122	grug_nodes:dirt_with_forest_litter	0
137	0	122	grug_nodes:dirt_with_forest_litter	0
138	0	122	grug_nodes:dirt_with_forest_litter	0
139	0	122	grug_nodes:dirt_with_forest_litter	0
140	0	122	grug_nodes:dirt_with_forest_litter	0
117	-6	123	default:stone	0
118	-6	123	default:stone	0
119	-6	123	default:stone	0
120	-6	123	default:stone	0
121	-6	123	default:stone	0
122	-6	123	default:stone	0
123	-6	123	default:stone	0
124	-6	123	default:stone	0
125	-6	123	default:stone	0
126	-6	123	default:stone	0
127	-6	123	default:stone	0
128	-6	123	default:stone	0
129	-6	123	default:stone	0
130	-6	123	default:stone	0
131	-6	123	default:stone	0
132	-6	123	default:stone	0
133	-6	123	default:stone	0
134	-6	123	default:stone	0
135	-6	123	default:stone	0
136	-6	123	default:stone	0
137	-6	123	default:stone	0
138	-6	123	default:stone	0
139	-6	123	default:stone	0
140	-6	123	default:stone	0
141	-6	123	default:stone	0
142	-6	123	default:stone	0
143	-6	123	default:stone	0
144	-6	123	default:dirt	0
145	-6	123	default:dirt	0
146	-6	123	default:dirt	0
147	-6	123	default:dirt	0
117	-5	123	default:stone	0
118	-5	123	default:stone	0
119	-5	123	default:stone	0
120	-5	123	default:stone	0
121	-5	123	default:stone	0
122	-5	123	default:stone	0
123	-5	123	default:stone	0
124	-5	123	default:stone	0
125	-5	123	default:stone	0
126	-5	123	default:stone	0
127	-5	123	default:stone	0
128	-5	123	default:stone	0
129	-5	123	default:stone	0
130	-5	123	default:stone	0
131	-5	123	default:stone	0
132	-5	123	default:stone	0
133	-5	123	default:stone	0
134	-5	123	default:stone	0
135	-5	123	default:stone	0
136	-5	123	default:stone	0
137	-5	123	default:stone	0
138	-5	123	default:stone	0
139	-5	123	default:stone	0
140	-5	123	default:stone	0
141	-5	123	default:stone	0
142	-5	123	default:dirt	0
143	-5	123	default:dirt	0
144	-5	123	default:dirt	0
145	-5	123	default:dirt	0
146	-5	123	default:dirt	0
147	-5	123	default:dirt	0
117	-4	123	default:stone	0
118	-4	123	default:stone	0
119	-4	123	default:stone	0
120	-4	123	default:stone	0
121	-4	123	default:stone	0
122	-4	123	default:stone	0
123	-4	123	default:stone	0
124	-4	123	default:stone	0
125	-4	123	default:stone	0
126	-4	123	default:stone	0
127	-4	123	default:stone	0
128	-4	123	default:stone	0
129	-4	123	default:stone	0
130	-4	123	default:stone	0
131	-4	123	default:stone	0
132	-4	123	default:stone	0
133	-4	123	default:stone	0
134	-4	123	default:stone	0
135	-4	123	default:stone	0
136	-4	123	default:stone	0
137	-4	123	default:stone	0
138	-4	123	default:stone	0
139	-4	123	default:stone	0
140	-4	123	default:stone	0
141	-4	123	default:dirt	0
142	-4	123	default:dirt	0
143	-4	123	default:dirt	0
144	-4	123	default:dirt	0
145	-4	123	grug_nodes:dirt_with_forest_litter	0
146	-4	123	grug_nodes:dirt_with_forest_litter	0
147	-4	123	grug_nodes:dirt_with_forest_litter	0
117	-3	123	default:dirt	0
118	-3	123	default:dirt	0
119	-3	123	default:dirt	0
120	-3	123	default:dirt	0
121	-3	123	default:dirt	0
122	-3	123	default:dirt	0
123	-3	123	default:dirt	0
124	-3	123	default:dirt	0
125	-3	123	default:dirt	0
126	-3	123	default:dirt	0
127	-3	123	default:dirt	0
128	-3	123	default:dirt	0
129	-3	123	default:dirt	0
130	-3	123	default:dirt	0
131	-3	123	default:dirt	0
132	-3	123	default:dirt	0
133	-3	123	default:dirt	0
134	-3	123	default:dirt	0
135	-3	123	default:dirt	0
136	-3	123	default:dirt	0
137	-3	123	default:dirt	0
138	-3	123	default:dirt	0
139	-3	123	default:dirt	0
140	-3	123	default:dirt	0
141	-3	123	default:dirt	0
142	-3	123	default:dirt	0
143	-3	123	default:dirt	0
144	-3	123	grug_nodes:dirt_with_forest_litter	0
117	-2	123	default:dirt	0
118	-2	123	default:dirt	0
119	-2	123	default:dirt	0
120	-2	123	default:dirt	0
121	-2	123	default:dirt	0
122	-2	123	default:dirt	0
123	-2	123	default:dirt	0
124	-2	123	default:dirt	0
125	-2	123	default:dirt	0
126	-2	123	default:dirt	0
127	-2	123	default:dirt	0
128	-2	123	default:dirt	0
129	-2	123	default:dirt	0
130	-2	123	default:dirt	0
131	-2	123	default:dirt	0
132	-2	123	default:dirt	0
133	-2	123	default:dirt	0
134	-2	123	default:dirt	0
135	-2	123	default:dirt	0
136	-2	123	default:dirt	0
137	-2	123	default:dirt	0
138	-2	123	default:dirt	0
139	-2	123	default:dirt	0
140	-2	123	default:dirt	0
141	-2	123	default:dirt	0
142	-2	123	grug_nodes:dirt_with_forest_litter	0
143	-2	123	grug_nodes:dirt_with_forest_litter	0
117	-1	123	default:dirt	0
118	-1	123	default:dirt	0
119	-1	123	default:dirt	0
120	-1	123	default:dirt	0
121	-1	123	default:dirt	0
122	-1	123	default:dirt	0
123	-1	123	default:dirt	0
124	-1	123	default:dirt	0
125	-1	123	default:dirt	0
126	-1	123	default:dirt	0
127	-1	123	default:dirt	0
128	-1	123	default:dirt	0
129	-1	123	default:dirt	0
130	-1	123	default:dirt	0
131	-1	123	default:dirt	0
132	-1	123	default:dirt	0
133	-1	123	default:dirt	0
134	-1	123	default:dirt	0
135	-1	123	default:dirt	0
136	-1	123	default:dirt	0
137	-1	123	default:dirt	0
138	-1	123	default:dirt	0
139	-1	123	default:dirt	0
140	-1	123	default:dirt	0
141	-1	123	grug_nodes:dirt_with_forest_litter	0
117	0	123	grug_nodes:dirt_with_forest_litter	0
118	0	123	default:dirt	0
119	0	123	default:dirt	0
120	0	123	default:dirt	0
121	0	123	default:dirt	0
122	0	123	default:dirt	0
123	0	123	default:dirt	0
124	0	123	default:dirt	0
125	0	123	default:dirt	0
126	0	123	default:dirt	0
127	0	123	default:dirt	0
128	0	123	default:dirt	0
129	0	123	default:dirt	0
130	0	123	default:dirt	0
131	0	123	default:dirt	0
132	0	123	grug_nodes:dirt_with_forest_litter	0
133	0	123	grug_nodes:dirt_with_forest_litter	0
134	0	123	grug_nodes:dirt_with_forest_litter	0
135	0	123	grug_nodes:dirt_with_forest_litter	0
136	0	123	grug_nodes:dirt_with_forest_litter	0
137	0	123	grug_nodes:dirt_with_forest_litter	0
138	0	123	grug_nodes:dirt_with_forest_litter	0
139	0	123	grug_nodes:dirt_with_forest_litter	0
140	0	123	grug_nodes:dirt_with_forest_litter	0
