

-------------
  Separator
-------------

INFO[Main]: Gettext: domainname="luanti" path="/app/share/locale"
INFO[Main]: Message locale is now set to: C
INFO[Main]: Using commanded gameid [grudgelands]
INFO[Main]: Server created for gameid "grudgelands"
INFO[Main]: - world:  /tmp/grudgelands-wp40-profile-run.kLGMjnpS/world
INFO[Main]: - game:   /tmp/grudgelands-wp40-profile-run.kLGMjnpS/user/games/grudgelands
INFO[Main]: Initializing world at /tmp/grudgelands-wp40-profile-run.kLGMjnpS/world
INFO[Main]: ObjDefManager: added biome: name="default" index=0 uid=44
INFO[Main]: BanManager: loading from /tmp/grudgelands-wp40-profile-run.kLGMjnpS/world/ipban.txt
INFO[Main]: BanManager: creating /tmp/grudgelands-wp40-profile-run.kLGMjnpS/world/ipban.txt
WARNING[Main]: /!\ You are using the old mod storage files backend. This backend is deprecated and may be removed in a future release /!\
WARNING[Main]: Switching to SQLite3 is advised, please read https://docs.luanti.org/for-server-hosts/database-backends.
INFO[Main]: Creating map database with backend "sqlite3"
INFO[Main]: MapDatabaseSQLite3: split column format = yes
INFO[Main]: ServerMap: Metadata loaded from /tmp/grudgelands-wp40-profile-run.kLGMjnpS/world
INFO[Main]: Server: Initializing Lua
INFO[Main]: SCRIPTAPI: Initialized game modules
INFO[Main]: Server: Loading mods: sfinv creative player_api default walls vessels stairs mobs grug_trees grug_materials grug_nodes grug_gear grug_decor doors xpanes grug_core grug_xp grug_money grug_gathering dye wool beds grug_mapgen grug_wp40_profile_probe grug_fact
INFO[Main]: ions grug_projectiles grug_classes grug_visuals grug_mobs grug_abilities grug_inventory grug_traders 
INFO[Main]: Mod "sfinv" loaded after 0 ms
INFO[Main]: Server creating detached inventory "trash"
INFO[Main]: Mod "creative" loaded after 1 ms
INFO[Main]: Mod "player_api" loaded after 0 ms
INFO[Main]: Mod "default" loaded after 4 ms
INFO[Main]: Mod "walls" loaded after 1 ms
INFO[Main]: Mod "vessels" loaded after 0 ms
INFO[Main]: Mod "stairs" loaded after 4 ms
INFO[Main]: Mod "mobs" loaded after 2 ms
INFO[Main]: ObjDefManager: added schematic: name="" index=0 uid=84
INFO[Main]: ObjDefManager: added schematic: name="" index=1 uid=15
INFO[Main]: ObjDefManager: added schematic: name="" index=2 uid=38
INFO[Main]: Mod "grug_trees" loaded after 0 ms
WARNING[Main]: No craft recipe matches input (type: fuel, items: ['default:pick_mese'])
WARNING[Main]: No craft recipe matches input (type: fuel, items: ['default:shovel_mese'])
WARNING[Main]: No craft recipe matches input (type: fuel, items: ['default:axe_mese'])
WARNING[Main]: No craft recipe matches input (type: fuel, items: ['default:sword_mese'])
WARNING[Main]: No craft recipe matches input (type: fuel, items: ['default:pick_diamond'])
WARNING[Main]: No craft recipe matches input (type: fuel, items: ['default:shovel_diamond'])
WARNING[Main]: No craft recipe matches input (type: fuel, items: ['default:axe_diamond'])
WARNING[Main]: No craft recipe matches input (type: fuel, items: ['default:sword_diamond'])
WARNING[Main]: No craft recipe matches input (type: fuel, items: ['default:copper_ingot'])
WARNING[Main]: No craft recipe matches input (type: fuel, items: ['default:copperblock'])
WARNING[Main]: No craft recipe matches input (type: fuel, items: ['default:tin_ingot'])
WARNING[Main]: No craft recipe matches input (type: fuel, items: ['default:tinblock'])
WARNING[Main]: No craft recipe matches input (type: fuel, items: ['default:bronze_ingot'])
WARNING[Main]: No craft recipe matches input (type: fuel, items: ['default:bronzeblock'])
WARNING[Main]: No craft recipe matches input (type: fuel, items: ['default:steel_ingot'])
WARNING[Main]: No craft recipe matches input (type: fuel, items: ['default:steelblock'])
WARNING[Main]: No craft recipe matches input (type: fuel, items: ['default:gold_ingot'])
WARNING[Main]: No craft recipe matches input (type: fuel, items: ['default:goldblock'])
WARNING[Main]: No craft recipe known for output 'default:stone_with_mese'
WARNING[Main]: No craft recipe matches input (type: fuel, items: ['default:stone_with_mese'])
WARNING[Main]: No craft recipe matches input (type: fuel, items: ['default:mese'])
WARNING[Main]: No craft recipe matches input (type: fuel, items: ['default:mese_crystal'])
WARNING[Main]: No craft recipe matches input (type: fuel, items: ['default:mese_crystal_fragment'])
WARNING[Main]: No craft recipe matches input (type: fuel, items: ['default:meselamp'])
WARNING[Main]: No craft recipe matches input (type: fuel, items: ['default:mese_post_light'])
WARNING[Main]: No craft recipe matches input (type: fuel, items: ['default:mese_post_light_acacia_wood'])
WARNING[Main]: No craft recipe matches input (type: fuel, items: ['default:mese_post_light_junglewood'])
WARNING[Main]: No craft recipe matches input (type: fuel, items: ['default:mese_post_light_pine_wood'])
WARNING[Main]: No craft recipe matches input (type: fuel, items: ['default:mese_post_light_aspen_wood'])
WARNING[Main]: No craft recipe known for output 'default:stone_with_diamond'
WARNING[Main]: No craft recipe matches input (type: fuel, items: ['default:stone_with_diamond'])
WARNING[Main]: No craft recipe matches input (type: fuel, items: ['default:diamond'])
WARNING[Main]: No craft recipe matches input (type: fuel, items: ['default:diamondblock'])
WARNING[Main]: No craft recipe matches input (type: fuel, items: ['default:sign_wall_steel'])
WARNING[Main]: No craft recipe matches input (type: fuel, items: ['default:ladder_steel'])
WARNING[Main]: No craft recipe matches input (type: fuel, items: ['stairs:stair_steelblock'])
WARNING[Main]: No craft recipe matches input (type: fuel, items: ['stairs:stair_inner_steelblock'])
WARNING[Main]: No craft recipe matches input (type: fuel, items: ['stairs:stair_outer_steelblock'])
WARNING[Main]: No craft recipe matches input (type: fuel, items: ['stairs:slab_steelblock'])
WARNING[Main]: No craft recipe matches input (type: fuel, items: ['stairs:stair_tinblock'])
WARNING[Main]: No craft recipe matches input (type: fuel, items: ['stairs:stair_inner_tinblock'])
WARNING[Main]: No craft recipe matches input (type: fuel, items: ['stairs:stair_outer_tinblock'])
WARNING[Main]: No craft recipe matches input (type: fuel, items: ['stairs:slab_tinblock'])
WARNING[Main]: No craft recipe matches input (type: fuel, items: ['stairs:stair_copperblock'])
WARNING[Main]: No craft recipe matches input (type: fuel, items: ['stairs:stair_inner_copperblock'])
WARNING[Main]: No craft recipe matches input (type: fuel, items: ['stairs:stair_outer_copperblock'])
WARNING[Main]: No craft recipe matches input (type: fuel, items: ['stairs:slab_copperblock'])
WARNING[Main]: No craft recipe matches input (type: fuel, items: ['stairs:stair_bronzeblock'])
WARNING[Main]: No craft recipe matches input (type: fuel, items: ['stairs:stair_inner_bronzeblock'])
WARNING[Main]: No craft recipe matches input (type: fuel, items: ['stairs:stair_outer_bronzeblock'])
WARNING[Main]: No craft recipe matches input (type: fuel, items: ['stairs:slab_bronzeblock'])
WARNING[Main]: No craft recipe matches input (type: fuel, items: ['stairs:stair_goldblock'])
WARNING[Main]: No craft recipe matches input (type: fuel, items: ['stairs:stair_inner_goldblock'])
WARNING[Main]: No craft recipe matches input (type: fuel, items: ['stairs:stair_outer_goldblock'])
WARNING[Main]: No craft recipe matches input (type: fuel, items: ['stairs:slab_goldblock'])
INFO[Main]: Mod "grug_materials" loaded after 4 ms
INFO[Main]: Mod "grug_nodes" loaded after 0 ms
ACTION[Main]: [grug_gear] 6 bracket catalogs: 24 weapons + 48 armor pieces
INFO[Main]: Mod "grug_gear" loaded after 1 ms
INFO[Main]: Mod "grug_decor" loaded after 3 ms
INFO[Main]: Mod "doors" loaded after 1 ms
INFO[Main]: Mod "xpanes" loaded after 0 ms
INFO[Main]: Mod "grug_core" loaded after 1 ms
INFO[Main]: Mod "grug_xp" loaded after 0 ms
INFO[Main]: Mod "grug_money" loaded after 0 ms
INFO[Main]: Mod "grug_gathering" loaded after 2 ms
INFO[Main]: Mod "dye" loaded after 0 ms
INFO[Main]: Mod "wool" loaded after 1 ms
INFO[Main]: Mod "beds" loaded after 0 ms
INFO[Main]: ObjDefManager: added ore: name="grug_mapgen:native_gravel_blob_v1" index=0 uid=3
INFO[Main]: ObjDefManager: added ore: name="grug_mapgen:native_stratum_iron_v1" index=1 uid=3
INFO[Main]: ObjDefManager: added ore: name="grug_mapgen:native_stratum_steel_v1" index=2 uid=18
INFO[Main]: ObjDefManager: added ore: name="grug_mapgen:native_stratum_silversteel_v1" index=3 uid=47
INFO[Main]: ObjDefManager: added ore: name="grug_mapgen:native_stratum_embersteel_v1" index=4 uid=116
INFO[Main]: ObjDefManager: added ore: name="grug_mapgen:native_stratum_abyssal_steel_v1" index=5 uid=67
INFO[Main]: Mod "grug_mapgen" loaded after 8710 ms
INFO[Main]: Mod "grug_wp40_profile_probe" loaded after 505 ms
INFO[Main]: Mod "grug_factions" loaded after 1 ms
INFO[Main]: Mod "grug_projectiles" loaded after 0 ms
INFO[Main]: Mod "grug_classes" loaded after 0 ms
INFO[Main]: Mod "grug_visuals" loaded after 0 ms
INFO[Main]: Mod "grug_mobs" loaded after 3 ms
INFO[Main]: Mod "grug_abilities" loaded after 1 ms
INFO[Main]: Mod "grug_inventory" loaded after 1 ms
INFO[Main]: Mod "grug_traders" loaded after 0 ms
ACTION[Main]: [grug_materials] registry audit passed: 6 tiers, 15 resources, 12 processed forms, 6 race regions
ACTION[Main]: GRUG_WP40_PROFILE_PROBE phase=cold event=start engine=5.17.0 lua=LuaJIT_2.1.1784272936 seed=8675309 cases=62 manifest=9150be8e389fff15305ac75cdc019b14f670415da638fe0406e14037a4c21544 full_digest=false
ACTION[Main]: [grug_visuals] 48 armor pieces indexed for overlays, 2 art lines x 4 slots
ACTION[Main]: [grug_traders] human capital vendors come from the sockets of highcourt
ACTION[Main]: [grug_traders] drop audit: 1 mob(s) use a `drops` FUNCTION and cannot be walked statically (grug_mobs:bandit); their items are audited from the hardcoded FUNCTION_DROPS list
INFO[Main]: All mods loaded after 9249 ms
INFO[Main]: Server: Calculating media file checksums
INFO[Main]: Server: ignoring unsupported file extension: "template.txt"
INFO[Main]: Server: ignoring unsupported file extension: "template.txt"
INFO[Main]: Server: ignoring unsupported file extension: "template.txt"
INFO[Main]: Server: ignoring unsupported file extension: "template.txt"
INFO[Main]: Server: ignoring unsupported file extension: "template.txt"
INFO[Main]: Server: ignoring unsupported file extension: "template.txt"
INFO[Main]: Server: ignoring unsupported file extension: "template.txt"
INFO[Main]: Server: ignoring unsupported file extension: "template.txt"
INFO[Main]: Server: ignoring unsupported file extension: "template.txt"
INFO[Main]: Server: ignoring unsupported file extension: "template.txt"
INFO[Main]: Server: ignoring unsupported file extension: "template.txt"
INFO[Main]: Server: ignoring unsupported file extension: "character.blend"
INFO[Main]: Server: ignoring unsupported file extension: "template.txt"
INFO[Main]: Server: ignoring unsupported file extension: "template.txt"
INFO[Main]: Server: 1035 media files collected
INFO[Main]: EmergeManager: initializing for mapgen=v7 and chunksize=(5,5,5)
INFO[Main]: EmergeManager: using 1 thread(s)
INFO[Main]: SCRIPTAPI: Initializing async engine
INFO[Main]: AsyncEngine: using at most 14 threads with automatic scaling
INFO[Main]: Initializing asynchronous environment (game)
INFO[Main]: ServerEnvironment: 52 ABMs are registered
INFO[Main]: ServerEnvironment: Using default environment metadata
INFO[Main]: LBMManager: 1 unique times in lookup table
INFO[Main]: Starting server thread...
ACTION[Main]: World at [/tmp/grudgelands-wp40-profile-run.kLGMjnpS/world]
ACTION[Main]: Server for gameid="grudgelands" listening on 127.0.0.1:32940.
ACTION[Server]: [grug_core] start preload: emerging 6 start areas (128 x 128 nodes each, 2 at a time)
INFO[Emerge-0]: Initialized emerge Lua environment
INFO[Main]: Profiler:
INFO[Main]:   ActiveObjectMgr: SAO count [#] 
INFO[Main]:   Server: send SAO messages [ms] 
INFO[Main]:   Server: update objects within range [ms] 
INFO[Main]:   Server::AsyncRunStep() [ms] _____________________   20x      0.1
INFO[Main]:   Server::RunStep() (max) [ms] ____________________    1x       51
INFO[Main]:   Server::SendBlocks(): Collect list [ms] 
INFO[Main]:   Server::SendBlocks(): Send to clients [ms] 
INFO[Main]:   ServerEnv: Run SAO::step() [ms] 
INFO[Main]:   ServerEnv: Run node timers [ms] 
INFO[Main]:   ServerEnv::step() [ms] __________________________   20x     0.05
INFO[Main]:   ServerEnvironment::removeRemovedObjects() [ms] 
INFO[Main]: Profiler:
INFO[Main]:   ActiveObjectMgr: SAO count [#] 
INFO[Main]:   SEnv: modify in blocks avg per interval [ms] 
INFO[Main]:   Server: map saving (sum) [ms] 
INFO[Main]:   Server: send SAO messages [ms] 
INFO[Main]:   Server: update objects within range [ms] 
INFO[Main]:   Server::AsyncRunStep() [ms] 
INFO[Main]:   Server::RunStep() (max) [ms] ____________________    1x       51
INFO[Main]:   Server::SendBlocks(): Collect list [ms] 
INFO[Main]:   Server::SendBlocks(): Send to clients [ms] 
INFO[Main]:   ServerEnv: ABMs run 
INFO[Main]:   ServerEnv: Run SAO::step() [ms] 
INFO[Main]:   ServerEnv: Run node timers [ms] 
INFO[Main]:   ServerEnv: active blocks 
INFO[Main]:   ServerEnv: active blocks cached 
INFO[Main]:   ServerEnv: active blocks scanned for ABMs 
INFO[Main]:   ServerEnv::step() [ms] 
INFO[Main]:   ServerEnvironment::removeRemovedObjects() [ms] 
INFO[Main]: Profiler:
INFO[Main]:   ActiveObjectMgr: SAO count [#] 
INFO[Main]:   SEnv: modify in blocks avg per interval [ms] 
INFO[Main]:   Server: map saving (sum) [ms] 
INFO[Main]:   Server: map timer and unload [ms] 
INFO[Main]:   Server: send SAO messages [ms] 
INFO[Main]:   Server: update objects within range [ms] 
INFO[Main]:   Server::AsyncRunStep() [ms] 
INFO[Main]:   Server::RunStep() (max) [ms] ____________________    1x       51
INFO[Main]:   Server::SendBlocks(): Collect list [ms] 
INFO[Main]:   Server::SendBlocks(): Send to clients [ms] 
INFO[Main]:   ServerEnv: ABMs run 
INFO[Main]:   ServerEnv: Run SAO::step() [ms] 
INFO[Main]:   ServerEnv: Run node timers [ms] 
INFO[Main]:   ServerEnv: active blocks 
INFO[Main]:   ServerEnv: active blocks cached 
INFO[Main]:   ServerEnv: active blocks scanned for ABMs 
INFO[Main]:   ServerEnv: update active blocks [ms] 
INFO[Main]:   ServerEnv::step() [ms] 
INFO[Main]:   ServerEnvironment::removeRemovedObjects() [ms] 
INFO[Main]: Profiler:
INFO[Main]:   ActiveObjectMgr: SAO count [#] 
INFO[Main]:   SEnv: modify in blocks avg per interval [ms] 
INFO[Main]:   Server: map saving (sum) [ms] 
INFO[Main]:   Server: map timer and unload [ms] 
INFO[Main]:   Server: send SAO messages [ms] 
INFO[Main]:   Server: update objects within range [ms] 
INFO[Main]:   Server::AsyncRunStep() [ms] 
INFO[Main]:   Server::RunStep() (max) [ms] ____________________    1x       51
INFO[Main]:   Server::SendBlocks(): Collect list [ms] 
INFO[Main]:   Server::SendBlocks(): Send to clients [ms] 
INFO[Main]:   ServerEnv: ABMs run 
INFO[Main]:   ServerEnv: Run SAO::step() [ms] 
INFO[Main]:   ServerEnv: Run node timers [ms] 
INFO[Main]:   ServerEnv: active blocks 
INFO[Main]:   ServerEnv: active blocks cached 
INFO[Main]:   ServerEnv: active blocks scanned for ABMs 
INFO[Main]:   ServerEnv: update active blocks [ms] 
INFO[Main]:   ServerEnv::step() [ms] 
INFO[Main]:   ServerEnvironment::removeRemovedObjects() [ms] 
INFO[Main]: Profiler:
INFO[Main]:   ActiveObjectMgr: SAO count [#] 
INFO[Main]:   SEnv: modify in blocks avg per interval [ms] 
INFO[Main]:   Server: map saving (sum) [ms] 
INFO[Main]:   Server: map timer and unload [ms] 
INFO[Main]:   Server: send SAO messages [ms] 
INFO[Main]:   Server: update objects within range [ms] 
INFO[Main]:   Server::AsyncRunStep() [ms] 
INFO[Main]:   Server::RunStep() (max) [ms] ____________________    1x       51
INFO[Main]:   Server::SendBlocks(): Collect list [ms] 
INFO[Main]:   Server::SendBlocks(): Send to clients [ms] 
INFO[Main]:   ServerEnv: ABMs run 
INFO[Main]:   ServerEnv: Run SAO::step() [ms] 
INFO[Main]:   ServerEnv: Run node timers [ms] 
INFO[Main]:   ServerEnv: active blocks 
INFO[Main]:   ServerEnv: active blocks cached 
INFO[Main]:   ServerEnv: active blocks scanned for ABMs 
INFO[Main]:   ServerEnv: update active blocks [ms] 
INFO[Main]:   ServerEnv::step() [ms] 
INFO[Main]:   ServerEnvironment::removeRemovedObjects() [ms] 
INFO[Main]: Profiler:
INFO[Main]:   ActiveObjectMgr: SAO count [#] 
INFO[Main]:   SEnv: modify in blocks avg per interval [ms] 
INFO[Main]:   Server: map saving (sum) [ms] 
INFO[Main]:   Server: map timer and unload [ms] 
INFO[Main]:   Server: send SAO messages [ms] 
INFO[Main]:   Server: update objects within range [ms] 
INFO[Main]:   Server::AsyncRunStep() [ms] 
INFO[Main]:   Server::RunStep() (max) [ms] ____________________    1x       51
INFO[Main]:   Server::SendBlocks(): Collect list [ms] 
INFO[Main]:   Server::SendBlocks(): Send to clients [ms] 
INFO[Main]:   ServerEnv: ABMs run 
INFO[Main]:   ServerEnv: Run SAO::step() [ms] 
INFO[Main]:   ServerEnv: Run node timers [ms] 
INFO[Main]:   ServerEnv: active blocks 
INFO[Main]:   ServerEnv: active blocks cached 
INFO[Main]:   ServerEnv: active blocks scanned for ABMs 
INFO[Main]:   ServerEnv: update active blocks [ms] 
INFO[Main]:   ServerEnv::step() [ms] 
INFO[Main]:   ServerEnvironment::removeRemovedObjects() [ms] 
INFO[Main]: Profiler:
INFO[Main]:   ActiveObjectMgr: SAO count [#] 
INFO[Main]:   SEnv: modify in blocks avg per interval [ms] 
INFO[Main]:   Server: map saving (sum) [ms] 
INFO[Main]:   Server: map timer and unload [ms] 
INFO[Main]:   Server: send SAO messages [ms] 
INFO[Main]:   Server: update objects within range [ms] 
INFO[Main]:   Server::AsyncRunStep() [ms] 
INFO[Main]:   Server::RunStep() (max) [ms] ____________________    1x       51
INFO[Main]:   Server::SendBlocks(): Collect list [ms] 
INFO[Main]:   Server::SendBlocks(): Send to clients [ms] 
INFO[Main]:   ServerEnv: ABMs run 
INFO[Main]:   ServerEnv: Run SAO::step() [ms] 
INFO[Main]:   ServerEnv: Run node timers [ms] 
INFO[Main]:   ServerEnv: active blocks 
INFO[Main]:   ServerEnv: active blocks cached 
INFO[Main]:   ServerEnv: active blocks scanned for ABMs 
INFO[Main]:   ServerEnv: update active blocks [ms] 
INFO[Main]:   ServerEnv::step() [ms] 
INFO[Main]:   ServerEnvironment::removeRemovedObjects() [ms] 
INFO[Main]: Profiler:
INFO[Main]:   ActiveObjectMgr: SAO count [#] 
INFO[Main]:   SEnv: modify in blocks avg per interval [ms] 
INFO[Main]:   Server: map saving (sum) [ms] 
INFO[Main]:   Server: map timer and unload [ms] 
INFO[Main]:   Server: send SAO messages [ms] 
INFO[Main]:   Server: update objects within range [ms] 
INFO[Main]:   Server::AsyncRunStep() [ms] 
INFO[Main]:   Server::RunStep() (max) [ms] ____________________    1x       51
INFO[Main]:   Server::SendBlocks(): Collect list [ms] 
INFO[Main]:   Server::SendBlocks(): Send to clients [ms] 
INFO[Main]:   ServerEnv: ABMs run 
INFO[Main]:   ServerEnv: Run SAO::step() [ms] 
INFO[Main]:   ServerEnv: Run node timers [ms] 
INFO[Main]:   ServerEnv: active blocks 
INFO[Main]:   ServerEnv: active blocks cached 
INFO[Main]:   ServerEnv: active blocks scanned for ABMs 
INFO[Main]:   ServerEnv: update active blocks [ms] 
INFO[Main]:   ServerEnv::step() [ms] 
INFO[Main]:   ServerEnvironment::removeRemovedObjects() [ms] 
INFO[Main]: Profiler:
INFO[Main]:   ActiveObjectMgr: SAO count [#] 
INFO[Main]:   SEnv: modify in blocks avg per interval [ms] 
INFO[Main]:   Server: map saving (sum) [ms] 
INFO[Main]:   Server: map timer and unload [ms] 
INFO[Main]:   Server: send SAO messages [ms] 
INFO[Main]:   Server: update objects within range [ms] 
INFO[Main]:   Server::AsyncRunStep() [ms] 
INFO[Main]:   Server::RunStep() (max) [ms] ____________________    1x       51
INFO[Main]:   Server::SendBlocks(): Collect list [ms] 
INFO[Main]:   Server::SendBlocks(): Send to clients [ms] 
INFO[Main]:   ServerEnv: ABMs run 
INFO[Main]:   ServerEnv: Run SAO::step() [ms] 
INFO[Main]:   ServerEnv: Run node timers [ms] 
INFO[Main]:   ServerEnv: active blocks 
INFO[Main]:   ServerEnv: active blocks cached 
INFO[Main]:   ServerEnv: active blocks scanned for ABMs 
INFO[Main]:   ServerEnv: update active blocks [ms] 
INFO[Main]:   ServerEnv::step() [ms] 
INFO[Main]:   ServerEnvironment::removeRemovedObjects() [ms] 
INFO[Emerge-0]: initialEmerge: area: (-1888,-48,-2688)(-1777,63,-2577)=112x112x112=1404928 (5MB)
ACTION[Emerge-0]: GRUG_WP40_PROFILE_CALLBACK callback=1 minp=-1872,-32,-2672 maxp=-1793,47,-2593 blockseed=566933471 plan_us=455757 writer_us=215966 total_us=671723 columns=6400 candidate_cells=49 candidates=646 r5_runs=25600 result=applied_cplq vm_get_emerged_area_calls=1 vm_get_emerged_area_us=2 vm_get_data_calls=1 vm_get_data_us=4084 vm_get_param2_data_calls=1 vm_get_param2_data_us=4064 vm_get_light_data_calls=2 vm_get_light_data_us=8139 vm_set_data_calls=1 vm_set_data_us=7238 vm_set_param2_data_calls=1 vm_set_param2_data_us=7097 vm_set_lighting_calls=1 vm_set_lighting_us=135 vm_calc_lighting_calls=1 vm_calc_lighting_us=3858 vm_set_light_data_calls=1 vm_set_light_data_us=7023 vm_update_liquids_calls=1 vm_update_liquids_us=929
INFO[Emerge-0]: initialEmerge: area: (-1808,-48,-2688)(-1697,63,-2577)=112x112x112=1404928 (5MB)
INFO[Main]: Profiler:
INFO[Main]:   ActiveObjectMgr: SAO count [#] 
INFO[Main]:   Emerge-0: processed [#] _________________________    1x        6
INFO[Main]:   EmergeThread: Lua on_generated [ms] _____________    1x      672
INFO[Main]:   EmergeThread: Mapgen::makeChunk [ms] ____________    2x     30.5
INFO[Main]:   EmergeThread: after Mapgen::makeChunk [ms] ______    1x        1
INFO[Main]:   EmergeThread: load block - async (sum) [ms] 
INFO[Main]:   EmergeThread: update lighting [ms] ______________    4x      3.5
INFO[Main]:   SEnv: modify in blocks avg per interval [ms] 
INFO[Main]:   Server: map saving (sum) [ms] 
INFO[Main]:   Server: map timer and unload [ms] 
INFO[Main]:   Server: send SAO messages [ms] 
INFO[Main]:   Server: update objects within range [ms] 
INFO[Main]:   Server::AsyncRunStep() [ms] _____________________   20x     0.05
INFO[Main]:   Server::RunStep() (max) [ms] ____________________    1x       51
INFO[Main]:   Server::SendBlocks(): Collect list [ms] 
INFO[Main]:   Server::SendBlocks(): Send to clients [ms] 
INFO[Main]:   ServerEnv: ABMs run 
INFO[Main]:   ServerEnv: Run SAO::step() [ms] 
INFO[Main]:   ServerEnv: Run node timers [ms] 
INFO[Main]:   ServerEnv: active blocks 
INFO[Main]:   ServerEnv: active blocks cached 
INFO[Main]:   ServerEnv: active blocks scanned for ABMs 
INFO[Main]:   ServerEnv: update active blocks [ms] 
INFO[Main]:   ServerEnv::step() [ms] __________________________   20x     0.05
INFO[Main]:   ServerEnvironment::removeRemovedObjects() [ms] 
INFO[Main]:   ServerMap: load block - sync (sum) [ms] _________    1x        1
INFO[Server]: ServerMap: Written: 588 blocks, 588 blocks in memory.
INFO[Server]: ServerMap: Blocks modified by: 
INFO[Server]:   setIsUnderground ________________________________    1x      245
INFO[Server]:   setIsUnderground, finishBlockMake: expireIsAir, MMVManip::blitBackAll     1x      218
INFO[Server]:   setIsUnderground, setGenerated, finishBlockMake: expireIsAir, MMVManip::blitBackAll     1x      125
ACTION[Emerge-0]: GRUG_WP40_PROFILE_CALLBACK callback=2 minp=-1792,-32,-2672 maxp=-1713,47,-2593 blockseed=1283694911 plan_us=383312 writer_us=221232 total_us=604544 columns=6400 candidate_cells=49 candidates=671 r5_runs=25600 result=applied_cplq vm_get_emerged_area_calls=1 vm_get_emerged_area_us=2 vm_get_data_calls=1 vm_get_data_us=4073 vm_get_param2_data_calls=1 vm_get_param2_data_us=4091 vm_get_light_data_calls=2 vm_get_light_data_us=8141 vm_set_data_calls=1 vm_set_data_us=7213 vm_set_param2_data_calls=1 vm_set_param2_data_us=7098 vm_set_lighting_calls=1 vm_set_lighting_us=131 vm_calc_lighting_calls=1 vm_calc_lighting_us=4523 vm_set_light_data_calls=1 vm_set_light_data_us=7025 vm_update_liquids_calls=1 vm_update_liquids_us=951
INFO[Emerge-0]: initialEmerge: area: (-1888,32,-2688)(-1777,143,-2577)=112x112x112=1404928 (5MB)
ACTION[Emerge-0]: GRUG_WP40_PROFILE_CALLBACK callback=3 minp=-1872,48,-2672 maxp=-1793,127,-2593 blockseed=1853554117 plan_us=111947 writer_us=38247 total_us=150194 columns=6400 candidate_cells=49 candidates=646 r5_runs=6400 result=noop_equal_content vm_get_emerged_area_calls=1 vm_get_emerged_area_us=3 vm_get_data_calls=1 vm_get_data_us=4077 vm_get_param2_data_calls=1 vm_get_param2_data_us=4066 vm_get_light_data_calls=0 vm_get_light_data_us=0 vm_set_data_calls=0 vm_set_data_us=0 vm_set_param2_data_calls=0 vm_set_param2_data_us=0 vm_set_lighting_calls=0 vm_set_lighting_us=0 vm_calc_lighting_calls=0 vm_calc_lighting_us=0 vm_set_light_data_calls=0 vm_set_light_data_us=0 vm_update_liquids_calls=0 vm_update_liquids_us=0
INFO[Emerge-0]: initialEmerge: area: (-1808,32,-2688)(-1697,143,-2577)=112x112x112=1404928 (5MB)
ACTION[Emerge-0]: GRUG_WP40_PROFILE_CALLBACK callback=4 minp=-1792,48,-2672 maxp=-1713,127,-2593 blockseed=1547318181 plan_us=126650 writer_us=36477 total_us=163127 columns=6400 candidate_cells=49 candidates=671 r5_runs=6400 result=noop_equal_content vm_get_emerged_area_calls=1 vm_get_emerged_area_us=2 vm_get_data_calls=1 vm_get_data_us=4070 vm_get_param2_data_calls=1 vm_get_param2_data_us=4072 vm_get_light_data_calls=0 vm_get_light_data_us=0 vm_set_data_calls=0 vm_set_data_us=0 vm_set_param2_data_calls=0 vm_set_param2_data_us=0 vm_set_lighting_calls=0 vm_set_lighting_us=0 vm_calc_lighting_calls=0 vm_calc_lighting_us=0 vm_set_light_data_calls=0 vm_set_light_data_us=0 vm_update_liquids_calls=0 vm_update_liquids_us=0
INFO[Emerge-0]: initialEmerge: area: (-1888,-48,-2608)(-1777,63,-2497)=112x112x112=1404928 (5MB)
INFO[Main]: Profiler:
INFO[Main]:   ActiveObjectMgr: SAO count [#] 
INFO[Main]:   Emerge-0: processed [#] _________________________    1x      139
INFO[Main]:   EmergeThread: Lua on_generated [ms] _____________    3x  305.666
INFO[Main]:   EmergeThread: Mapgen::makeChunk [ms] ____________    3x   28.333
INFO[Main]:   EmergeThread: after Mapgen::makeChunk [ms] ______    3x    1.333
INFO[Main]:   EmergeThread: load block - async (sum) [ms] 
INFO[Main]:   EmergeThread: update lighting [ms] ______________    5x      6.8
INFO[Main]:   SEnv: modify in blocks avg per interval [ms] 
INFO[Main]:   Server: map saving (sum) [ms] ___________________    1x        7
INFO[Main]:   Server: map timer and unload [ms] 
INFO[Main]:   Server: send SAO messages [ms] 
INFO[Main]:   Server: update objects within range [ms] 
INFO[Main]:   Server::AsyncRunStep() [ms] _____________________   20x      0.4
INFO[Main]:   Server::RunStep() (max) [ms] ____________________    1x       51
INFO[Main]:   Server::SendBlocks(): Collect list [ms] 
INFO[Main]:   Server::SendBlocks(): Send to clients [ms] 
INFO[Main]:   ServerEnv: ABMs run 
INFO[Main]:   ServerEnv: Run SAO::step() [ms] 
INFO[Main]:   ServerEnv: Run node timers [ms] 
INFO[Main]:   ServerEnv: active blocks 
INFO[Main]:   ServerEnv: active blocks cached 
INFO[Main]:   ServerEnv: active blocks scanned for ABMs 
INFO[Main]:   ServerEnv: update active blocks [ms] 
INFO[Main]:   ServerEnv::step() [ms] __________________________   20x     0.05
INFO[Main]:   ServerEnvironment::removeRemovedObjects() [ms] 
INFO[Main]:   ServerMap: load block - sync (sum) [ms] _________    1x        1
INFO[Server]: ServerMap: Written: 1078 blocks, 1253 blocks in memory.
INFO[Server]: ServerMap: Blocks modified by: 
INFO[Server]:   finishBlockMake: expireIsAir, MMVManip::blitBackAll     1x      238
INFO[Server]:   setGenerated, finishBlockMake: expireIsAir, MMVManip::blitBackAll     1x      175
INFO[Server]:   setIsUnderground ________________________________    1x      245
INFO[Server]:   setIsUnderground, finishBlockMake: expireIsAir, MMVManip::blitBackAll     1x      220
INFO[Server]:   setIsUnderground, setGenerated, finishBlockMake: expireIsAir, MMVManip::blitBackAll     1x      200
ACTION[Emerge-0]: GRUG_WP40_PROFILE_CALLBACK callback=5 minp=-1872,-32,-2592 maxp=-1793,47,-2513 blockseed=1225995573 plan_us=290228 writer_us=242658 total_us=532886 columns=6400 candidate_cells=49 candidates=164 r5_runs=25600 result=applied_cplq vm_get_emerged_area_calls=1 vm_get_emerged_area_us=2 vm_get_data_calls=1 vm_get_data_us=4072 vm_get_param2_data_calls=1 vm_get_param2_data_us=4067 vm_get_light_data_calls=2 vm_get_light_data_us=8148 vm_set_data_calls=1 vm_set_data_us=7221 vm_set_param2_data_calls=1 vm_set_param2_data_us=7099 vm_set_lighting_calls=16 vm_set_lighting_us=135 vm_calc_lighting_calls=1 vm_calc_lighting_us=6302 vm_set_light_data_calls=1 vm_set_light_data_us=7039 vm_update_liquids_calls=1 vm_update_liquids_us=958
INFO[Emerge-0]: initialEmerge: area: (-1808,-48,-2608)(-1697,63,-2497)=112x112x112=1404928 (5MB)
INFO[Main]: Profiler:
INFO[Main]:   ActiveObjectMgr: SAO count [#] 
INFO[Main]:   Emerge-0: processed [#] _________________________    1x        5
INFO[Main]:   EmergeThread: Lua on_generated [ms] _____________    1x      533
INFO[Main]:   EmergeThread: Mapgen::makeChunk [ms] ____________    1x       30
INFO[Main]:   EmergeThread: after Mapgen::makeChunk [ms] 
INFO[Main]:   EmergeThread: load block - async (sum) [ms] 
INFO[Main]:   EmergeThread: update lighting [ms] ______________   35x    0.514
INFO[Main]:   SEnv: modify in blocks avg per interval [ms] 
INFO[Main]:   Server: map saving (sum) [ms] ___________________    1x       12
INFO[Main]:   Server: map timer and unload [ms] 
INFO[Main]:   Server: send SAO messages [ms] 
INFO[Main]:   Server: update objects within range [ms] 
INFO[Main]:   Server::AsyncRunStep() [ms] _____________________   20x      0.6
INFO[Main]:   Server::RunStep() (max) [ms] ____________________    1x       51
INFO[Main]:   Server::SendBlocks(): Collect list [ms] 
INFO[Main]:   Server::SendBlocks(): Send to clients [ms] 
INFO[Main]:   ServerEnv: ABMs run 
INFO[Main]:   ServerEnv: Run SAO::step() [ms] 
INFO[Main]:   ServerEnv: Run node timers [ms] 
INFO[Main]:   ServerEnv: active blocks 
INFO[Main]:   ServerEnv: active blocks cached 
INFO[Main]:   ServerEnv: active blocks scanned for ABMs 
INFO[Main]:   ServerEnv: update active blocks [ms] 
INFO[Main]:   ServerEnv::step() [ms] 
INFO[Main]:   ServerEnvironment::removeRemovedObjects() [ms] 
INFO[Main]:   ServerMap: load block - sync (sum) [ms] 
ACTION[Emerge-0]: GRUG_WP40_PROFILE_CALLBACK callback=6 minp=-1792,-32,-2592 maxp=-1713,47,-2513 blockseed=1129085769 plan_us=240132 writer_us=280738 total_us=520870 columns=6400 candidate_cells=49 candidates=301 r5_runs=25600 result=applied_cplq vm_get_emerged_area_calls=1 vm_get_emerged_area_us=2 vm_get_data_calls=1 vm_get_data_us=4070 vm_get_param2_data_calls=1 vm_get_param2_data_us=4061 vm_get_light_data_calls=2 vm_get_light_data_us=8140 vm_set_data_calls=1 vm_set_data_us=7215 vm_set_param2_data_calls=1 vm_set_param2_data_us=7092 vm_set_lighting_calls=16 vm_set_lighting_us=148 vm_calc_lighting_calls=1 vm_calc_lighting_us=7253 vm_set_light_data_calls=1 vm_set_light_data_us=7025 vm_update_liquids_calls=1 vm_update_liquids_us=991
INFO[Emerge-0]: initialEmerge: area: (-1888,32,-2608)(-1777,143,-2497)=112x112x112=1404928 (5MB)
INFO[Server]: ServerMap: Written: 763 blocks, 1603 blocks in memory.
INFO[Server]: ServerMap: Blocks modified by: 
INFO[Server]:   finishBlockMake: expireIsAir, MMVManip::blitBackAll     1x      243
INFO[Server]:   setGenerated, finishBlockMake: expireIsAir, MMVManip::blitBackAll     1x      170
INFO[Server]:   setIsUnderground ________________________________    1x      175
INFO[Server]:   setIsUnderground, finishBlockMake: expireIsAir, MMVManip::blitBackAll     1x       95
INFO[Server]:   setIsUnderground, setGenerated, finishBlockMake: expireIsAir, MMVManip::blitBackAll     1x       80
ACTION[Emerge-0]: GRUG_WP40_PROFILE_CALLBACK callback=7 minp=-1872,48,-2592 maxp=-1793,127,-2513 blockseed=3997073851 plan_us=50667 writer_us=37022 total_us=87689 columns=6400 candidate_cells=49 candidates=164 r5_runs=6400 result=noop_equal_content vm_get_emerged_area_calls=1 vm_get_emerged_area_us=2 vm_get_data_calls=1 vm_get_data_us=4070 vm_get_param2_data_calls=1 vm_get_param2_data_us=4083 vm_get_light_data_calls=0 vm_get_light_data_us=0 vm_set_data_calls=0 vm_set_data_us=0 vm_set_param2_data_calls=0 vm_set_param2_data_us=0 vm_set_lighting_calls=0 vm_set_lighting_us=0 vm_calc_lighting_calls=0 vm_calc_lighting_us=0 vm_set_light_data_calls=0 vm_set_light_data_us=0 vm_update_liquids_calls=0 vm_update_liquids_us=0
INFO[Emerge-0]: initialEmerge: area: (-1808,32,-2608)(-1697,143,-2497)=112x112x112=1404928 (5MB)
ACTION[Emerge-0]: GRUG_WP40_PROFILE_CALLBACK callback=8 minp=-1792,48,-2592 maxp=-1713,127,-2513 blockseed=1076659225 plan_us=77575 writer_us=125028 total_us=202603 columns=6400 candidate_cells=49 candidates=301 r5_runs=6400 result=applied_clq vm_get_emerged_area_calls=1 vm_get_emerged_area_us=1 vm_get_data_calls=1 vm_get_data_us=3839 vm_get_param2_data_calls=1 vm_get_param2_data_us=3804 vm_get_light_data_calls=2 vm_get_light_data_us=8149 vm_set_data_calls=1 vm_set_data_us=7211 vm_set_param2_data_calls=0 vm_set_param2_data_us=0 vm_set_lighting_calls=74 vm_set_lighting_us=73 vm_calc_lighting_calls=1 vm_calc_lighting_us=12752 vm_set_light_data_calls=1 vm_set_light_data_us=7025 vm_update_liquids_calls=1 vm_update_liquids_us=891
INFO[Emerge-0]: initialEmerge: area: (-1888,-48,-2528)(-1777,63,-2417)=112x112x112=1404928 (5MB)
INFO[Main]: Profiler:
INFO[Main]:   ActiveObjectMgr: SAO count [#] 
INFO[Main]:   Emerge-0: processed [#] _________________________    1x      355
INFO[Main]:   EmergeThread: Lua on_generated [ms] _____________    3x  270.666
INFO[Main]:   EmergeThread: Mapgen::makeChunk [ms] ____________    3x       32
INFO[Main]:   EmergeThread: after Mapgen::makeChunk [ms] ______    3x        1
INFO[Main]:   EmergeThread: load block - async (sum) [ms] 
INFO[Main]:   EmergeThread: update lighting [ms] ______________   95x    0.505
INFO[Main]:   SEnv: modify in blocks avg per interval [ms] 
INFO[Main]:   Server: map saving (sum) [ms] ___________________    1x       11
INFO[Main]:   Server: map timer and unload [ms] 
INFO[Main]:   Server: send SAO messages [ms] 
INFO[Main]:   Server: update objects within range [ms] 
INFO[Main]:   Server::AsyncRunStep() [ms] _____________________   20x     0.55
INFO[Main]:   Server::RunStep() (max) [ms] ____________________    1x       51
INFO[Main]:   Server::SendBlocks(): Collect list [ms] 
INFO[Main]:   Server::SendBlocks(): Send to clients [ms] 
INFO[Main]:   Server::yieldTo...() progress [#] 
INFO[Main]:   Server::yieldTo...() sleep [ms] _________________    1x        1
INFO[Main]:   ServerEnv: ABMs run 
INFO[Main]:   ServerEnv: Run SAO::step() [ms] 
INFO[Main]:   ServerEnv: Run node timers [ms] 
INFO[Main]:   ServerEnv: active blocks 
INFO[Main]:   ServerEnv: active blocks cached 
INFO[Main]:   ServerEnv: active blocks scanned for ABMs 
INFO[Main]:   ServerEnv: update active blocks [ms] 
INFO[Main]:   ServerEnv::step() [ms] 
INFO[Main]:   ServerEnvironment::removeRemovedObjects() [ms] 
INFO[Main]:   ServerMap: load block - sync (sum) [ms] _________    1x        3
ACTION[Emerge-0]: GRUG_WP40_PROFILE_CALLBACK callback=9 minp=-1872,-32,-2512 maxp=-1793,47,-2433 blockseed=1272754105 plan_us=339279 writer_us=277920 total_us=617199 columns=6400 candidate_cells=49 candidates=542 r5_runs=25600 result=applied_cplq vm_get_emerged_area_calls=1 vm_get_emerged_area_us=2 vm_get_data_calls=1 vm_get_data_us=4071 vm_get_param2_data_calls=1 vm_get_param2_data_us=3855 vm_get_light_data_calls=2 vm_get_light_data_us=8146 vm_set_data_calls=1 vm_set_data_us=7212 vm_set_param2_data_calls=1 vm_set_param2_data_us=7089 vm_set_lighting_calls=16 vm_set_lighting_us=149 vm_calc_lighting_calls=1 vm_calc_lighting_us=6278 vm_set_light_data_calls=1 vm_set_light_data_us=7053 vm_update_liquids_calls=1 vm_update_liquids_us=960
INFO[Server]: ServerMap: Written: 833 blocks, 1973 blocks in memory.
INFO[Server]: ServerMap: Blocks modified by: 
INFO[Server]:   finishBlockMake: expireIsAir, MMVManip::blitBackAll     1x      277
INFO[Server]:   setGenerated, finishBlockMake: expireIsAir, MMVManip::blitBackAll     1x      186
INFO[Server]:   setIsUnderground ________________________________    1x      245
INFO[Server]:   setIsUnderground, finishBlockMake: expireIsAir, MMVManip::blitBackAll     1x       61
INFO[Server]:   setIsUnderground, setGenerated, finishBlockMake: expireIsAir, MMVManip::blitBackAll     1x       64
INFO[Emerge-0]: initialEmerge: area: (-1808,-48,-2528)(-1697,63,-2417)=112x112x112=1404928 (5MB)
ACTION[Emerge-0]: GRUG_WP40_PROFILE_CALLBACK callback=10 minp=-1792,-32,-2512 maxp=-1713,47,-2433 blockseed=3167975801 plan_us=282305 writer_us=344721 total_us=627026 columns=6400 candidate_cells=49 candidates=579 r5_runs=25600 result=applied_cplq vm_get_emerged_area_calls=1 vm_get_emerged_area_us=1 vm_get_data_calls=1 vm_get_data_us=4070 vm_get_param2_data_calls=1 vm_get_param2_data_us=4065 vm_get_light_data_calls=2 vm_get_light_data_us=8131 vm_set_data_calls=1 vm_set_data_us=7218 vm_set_param2_data_calls=1 vm_set_param2_data_us=7095 vm_set_lighting_calls=16 vm_set_lighting_us=150 vm_calc_lighting_calls=1 vm_calc_lighting_us=6513 vm_set_light_data_calls=1 vm_set_light_data_us=7022 vm_update_liquids_calls=1 vm_update_liquids_us=993
INFO[Emerge-0]: initialEmerge: area: (-1888,32,-2528)(-1777,143,-2417)=112x112x112=1404928 (5MB)
ACTION[Emerge-0]: GRUG_WP40_PROFILE_CALLBACK callback=11 minp=-1872,48,-2512 maxp=-1793,127,-2433 blockseed=1968767793 plan_us=100760 writer_us=134518 total_us=235278 columns=6400 candidate_cells=49 candidates=542 r5_runs=6400 result=applied_clq vm_get_emerged_area_calls=1 vm_get_emerged_area_us=2 vm_get_data_calls=1 vm_get_data_us=4070 vm_get_param2_data_calls=1 vm_get_param2_data_us=4062 vm_get_light_data_calls=2 vm_get_light_data_us=8132 vm_set_data_calls=1 vm_set_data_us=7210 vm_set_param2_data_calls=0 vm_set_param2_data_us=0 vm_set_lighting_calls=95 vm_set_lighting_us=93 vm_calc_lighting_calls=1 vm_calc_lighting_us=11406 vm_set_light_data_calls=1 vm_set_light_data_us=7020 vm_update_liquids_calls=1 vm_update_liquids_us=891
INFO[Emerge-0]: initialEmerge: area: (-1808,32,-2528)(-1697,143,-2417)=112x112x112=1404928 (5MB)
INFO[Main]: Profiler:
INFO[Main]:   ActiveObjectMgr: SAO count [#] 
INFO[Main]:   Emerge-0: processed [#] _________________________    1x       41
INFO[Main]:   EmergeThread: Lua on_generated [ms] _____________    3x  493.666
INFO[Main]:   EmergeThread: Mapgen::makeChunk [ms] ____________    3x   34.333
INFO[Main]:   EmergeThread: after Mapgen::makeChunk [ms] ______    3x    0.333
INFO[Main]:   EmergeThread: load block - async (sum) [ms] 
INFO[Main]:   EmergeThread: update lighting [ms] ______________  116x    0.396
INFO[Main]:   SEnv: modify in blocks avg per interval [ms] 
INFO[Main]:   Server: map saving (sum) [ms] ___________________    1x       10
INFO[Main]:   Server: map timer and unload [ms] 
INFO[Main]:   Server: send SAO messages [ms] 
INFO[Main]:   Server: update objects within range [ms] 
INFO[Main]:   Server::AsyncRunStep() [ms] _____________________   20x      0.5
INFO[Main]:   Server::RunStep() (max) [ms] ____________________    1x       51
INFO[Main]:   Server::SendBlocks(): Collect list [ms] 
INFO[Main]:   Server::SendBlocks(): Send to clients [ms] 
INFO[Main]:   Server::yieldTo...() progress [#] 
INFO[Main]:   Server::yieldTo...() sleep [ms] 
INFO[Main]:   ServerEnv: ABMs run 
INFO[Main]:   ServerEnv: Run SAO::step() [ms] 
INFO[Main]:   ServerEnv: Run node timers [ms] 
INFO[Main]:   ServerEnv: active blocks 
INFO[Main]:   ServerEnv: active blocks cached 
INFO[Main]:   ServerEnv: active blocks scanned for ABMs 
INFO[Main]:   ServerEnv: update active blocks [ms] 
INFO[Main]:   ServerEnv::step() [ms] 
INFO[Main]:   ServerEnvironment::removeRemovedObjects() [ms] 
INFO[Main]:   ServerMap: load block - sync (sum) [ms] _________    1x        2
INFO[Server]: ServerMap: Written: 958 blocks, 2448 blocks in memory.
INFO[Server]: ServerMap: Blocks modified by: 
INFO[Server]:   finishBlockMake: expireIsAir, MMVManip::blitBackAll     1x      268
INFO[Server]:   setGenerated, finishBlockMake: expireIsAir, MMVManip::blitBackAll     1x      215
INFO[Server]:   setIsUnderground ________________________________    1x      125
INFO[Server]:   setIsUnderground, finishBlockMake: expireIsAir, MMVManip::blitBackAll     1x      190
INFO[Server]:   setIsUnderground, setGenerated, finishBlockMake: expireIsAir, MMVManip::blitBackAll     1x      160
ACTION[Emerge-0]: GRUG_WP40_PROFILE_CALLBACK callback=12 minp=-1792,48,-2512 maxp=-1713,127,-2433 blockseed=3496687473 plan_us=117072 writer_us=137667 total_us=254739 columns=6400 candidate_cells=49 candidates=579 r5_runs=6400 result=applied_clq vm_get_emerged_area_calls=1 vm_get_emerged_area_us=2 vm_get_data_calls=1 vm_get_data_us=4084 vm_get_param2_data_calls=1 vm_get_param2_data_us=4067 vm_get_light_data_calls=2 vm_get_light_data_us=8119 vm_set_data_calls=1 vm_set_data_us=7213 vm_set_param2_data_calls=0 vm_set_param2_data_us=0 vm_set_lighting_calls=96 vm_set_lighting_us=108 vm_calc_lighting_calls=1 vm_calc_lighting_us=12827 vm_set_light_data_calls=1 vm_set_light_data_us=7050 vm_update_liquids_calls=1 vm_update_liquids_us=899
ACTION[Emerge-0]: [grug_core] start area ready: dwarf (1/6, 14.3 s)
INFO[Emerge-0]: initialEmerge: area: (-128,-48,-2688)(-17,63,-2577)=112x112x112=1404928 (5MB)
ACTION[Server]: [grug_mobs] start npcs hearthpine: grug_mobs:guard_accord placed at socket gate_west (-1804,17,-2491)
ACTION[Server]: [grug_mobs] start npcs hearthpine: grug_mobs:guard_accord placed at socket gate_east (-1796,17,-2491)
ACTION[Server]: [grug_mobs] start npcs hearthpine: grug_mobs:guard_accord placed at socket watch_gate (-1800,17,-2498)
ACTION[Server]: [grug_mobs] start npcs hearthpine: grug_traders:vendor_race_dwarf placed at socket plaza_vendor (-1793,17,-2555)
ACTION[Server]: [grug_mobs] start npcs hearthpine: grug_mobs:villager_dwarf placed at socket idle_west_door (-1816,17,-2546)
ACTION[Server]: [grug_mobs] start npcs hearthpine: grug_mobs:villager_dwarf placed at socket idle_plaza_bench (-1793,17,-2549)
ACTION[Server]: [grug_mobs] start npcs hearthpine: grug_mobs:villager_dwarf placed at socket idle_workyard (-1819,17,-2533)
ACTION[Server]: [grug_mobs] start npcs hearthpine: grug_mobs:villager_dwarf placed at socket idle_forge_door (-1798,17,-2560)
ACTION[Server]: [grug_mobs] start npcs hearthpine: grug_mobs:elder_dwarf placed at socket hall_quest (-1828,17,-2524)
ACTION[Server]: [grug_mobs] start npcs dwarf hearthpine: guards 3/3 flair 4/4 vendor 1/1 quest 1/1 new 9 pending 0
INFO[Main]: Profiler:
INFO[Main]:   ActiveObjectMgr: SAO count [#] __________________   20x        9
INFO[Main]:   Emerge-0: processed [#] _________________________    1x      103
INFO[Main]:   EmergeThread: Lua on_generated [ms] _____________    1x      254
INFO[Main]:   EmergeThread: Mapgen::makeChunk [ms] ____________    1x       31
INFO[Main]:   EmergeThread: after Mapgen::makeChunk [ms] ______    1x        1
INFO[Main]:   EmergeThread: load block - async (sum) [ms] 
INFO[Main]:   EmergeThread: update lighting [ms] ______________   98x    0.193
INFO[Main]:   SEnv: modify in blocks avg per interval [ms] 
INFO[Main]:   Server: collisionMoveSimple() [us] ______________  135x    4.281
INFO[Main]:   Server: map saving (sum) [ms] ___________________    1x       12
INFO[Main]:   Server: map timer and unload [ms] 
INFO[Main]:   Server: send SAO messages [ms] 
INFO[Main]:   Server: update objects within range [ms] 
INFO[Main]:   Server::AsyncRunStep() [ms] _____________________   20x      0.9
INFO[Main]:   Server::RunStep() (max) [ms] ____________________    1x       51
INFO[Main]:   Server::SendBlocks(): Collect list [ms] 
INFO[Main]:   Server::SendBlocks(): Send to clients [ms] 
INFO[Main]:   Server::yieldTo...() progress [#] 
INFO[Main]:   Server::yieldTo...() sleep [ms] 
INFO[Main]:   ServerEnv: ABMs run 
INFO[Main]:   ServerEnv: Run SAO::step() [ms] _________________   20x      0.1
INFO[Main]:   ServerEnv: Run node timers [ms] 
INFO[Main]:   ServerEnv: active blocks 
INFO[Main]:   ServerEnv: active blocks cached 
INFO[Main]:   ServerEnv: active blocks scanned for ABMs 
INFO[Main]:   ServerEnv: update active blocks [ms] 
INFO[Main]:   ServerEnv::step() [ms] __________________________   20x      0.3
INFO[Main]:   ServerEnvironment::removeRemovedObjects() [ms] 
INFO[Main]:   ServerMap: load block - sync (sum) [ms] 
INFO[Server]: ServerMap: Written: 692 blocks, 2791 blocks in memory.
INFO[Server]: ServerMap: Blocks modified by: 
INFO[Server]:   addActiveObjectRaw ______________________________    1x        6
INFO[Server]:   finishBlockMake: expireIsAir, MMVManip::blitBackAll     1x      218
INFO[Server]:   setGenerated, finishBlockMake: expireIsAir, MMVManip::blitBackAll     1x      125
INFO[Server]:   setIsUnderground ________________________________    1x      343
ACTION[Emerge-0]: GRUG_WP40_PROFILE_CALLBACK callback=13 minp=-112,-32,-2672 maxp=-33,47,-2593 blockseed=1502518227 plan_us=479139 writer_us=347374 total_us=826513 columns=6400 candidate_cells=49 candidates=3143 r5_runs=25600 result=applied_cplq vm_get_emerged_area_calls=1 vm_get_emerged_area_us=2 vm_get_data_calls=1 vm_get_data_us=4081 vm_get_param2_data_calls=1 vm_get_param2_data_us=4069 vm_get_light_data_calls=2 vm_get_light_data_us=7859 vm_set_data_calls=1 vm_set_data_us=7221 vm_set_param2_data_calls=1 vm_set_param2_data_us=7110 vm_set_lighting_calls=81 vm_set_lighting_us=150 vm_calc_lighting_calls=1 vm_calc_lighting_us=3223 vm_set_light_data_calls=1 vm_set_light_data_us=7034 vm_update_liquids_calls=1 vm_update_liquids_us=927
INFO[Emerge-0]: initialEmerge: area: (-48,-48,-2688)(63,63,-2577)=112x112x112=1404928 (5MB)
ACTION[Emerge-0]: GRUG_WP40_PROFILE_CALLBACK callback=14 minp=-32,-32,-2672 maxp=47,47,-2593 blockseed=2995381875 plan_us=317824 writer_us=412738 total_us=730562 columns=6400 candidate_cells=49 candidates=1718 r5_runs=25600 result=applied_cplq vm_get_emerged_area_calls=1 vm_get_emerged_area_us=2 vm_get_data_calls=1 vm_get_data_us=3793 vm_get_param2_data_calls=1 vm_get_param2_data_us=3791 vm_get_light_data_calls=2 vm_get_light_data_us=7980 vm_set_data_calls=1 vm_set_data_us=7476 vm_set_param2_data_calls=1 vm_set_param2_data_us=7153 vm_set_lighting_calls=81 vm_set_lighting_us=160 vm_calc_lighting_calls=1 vm_calc_lighting_us=3691 vm_set_light_data_calls=1 vm_set_light_data_us=7026 vm_update_liquids_calls=1 vm_update_liquids_us=989
INFO[Emerge-0]: initialEmerge: area: (32,-48,-2688)(143,63,-2577)=112x112x112=1404928 (5MB)
INFO[Main]: Profiler:
INFO[Main]:   ActiveObjectMgr: SAO count [#] __________________   20x       12
INFO[Main]:   Emerge-0: processed [#] _________________________    1x        7
INFO[Main]:   EmergeThread: Lua on_generated [ms] _____________    2x      779
INFO[Main]:   EmergeThread: Mapgen::makeChunk [ms] ____________    2x       32
INFO[Main]:   EmergeThread: after Mapgen::makeChunk [ms] ______    2x      0.5
INFO[Main]:   EmergeThread: load block - async (sum) [ms] 
INFO[Main]:   EmergeThread: update lighting [ms] ______________  166x    0.132
INFO[Main]:   SEnv: modify in blocks avg per interval [ms] 
INFO[Main]:   Server: collisionMoveSimple() [us] ______________  180x    4.938
INFO[Main]:   Server: map saving (sum) [ms] ___________________    1x        8
INFO[Main]:   Server: map timer and unload [ms] 
INFO[Main]:   Server: send SAO messages [ms] 
INFO[Main]:   Server: update objects within range [ms] 
INFO[Main]:   Server::AsyncRunStep() [ms] _____________________   20x      0.6
INFO[Main]:   Server::RunStep() (max) [ms] ____________________    1x       51
INFO[Main]:   Server::SendBlocks(): Collect list [ms] 
INFO[Main]:   Server::SendBlocks(): Send to clients [ms] 
INFO[Main]:   Server::yieldTo...() progress [#] 
INFO[Main]:   Server::yieldTo...() sleep [ms] 
INFO[Main]:   ServerEnv: ABMs run 
INFO[Main]:   ServerEnv: Run SAO::step() [ms] _________________   20x     0.15
INFO[Main]:   ServerEnv: Run node timers [ms] 
INFO[Main]:   ServerEnv: active blocks 
INFO[Main]:   ServerEnv: active blocks cached 
INFO[Main]:   ServerEnv: active blocks scanned for ABMs 
INFO[Main]:   ServerEnv: update active blocks [ms] 
INFO[Main]:   ServerEnv::step() [ms] __________________________   20x      0.2
INFO[Main]:   ServerEnvironment::removeRemovedObjects() [ms] 
INFO[Main]:   ServerMap: load block - sync (sum) [ms] _________    1x        1
INFO[Server]: ServerMap: Written: 839 blocks, 3281 blocks in memory.
INFO[Server]: ServerMap: Blocks modified by: 
INFO[Server]:   deactivateFarObjects: static data changed _______    1x        6
INFO[Server]:   finishBlockMake: expireIsAir, MMVManip::blitBackAll     1x      193
INFO[Server]:   setGenerated, finishBlockMake: expireIsAir, MMVManip::blitBackAll     1x      150
INFO[Server]:   setIsUnderground ________________________________    1x      245
INFO[Server]:   setIsUnderground, finishBlockMake: expireIsAir, MMVManip::blitBackAll     1x      145
INFO[Server]:   setIsUnderground, setGenerated, finishBlockMake: expireIsAir, MMVManip::blitBackAll     1x      100
ACTION[Emerge-0]: GRUG_WP40_PROFILE_CALLBACK callback=15 minp=48,-32,-2672 maxp=127,47,-2593 blockseed=1659142601 plan_us=274646 writer_us=257135 total_us=531781 columns=6400 candidate_cells=49 candidates=58 r5_runs=25493 result=applied_cplq vm_get_emerged_area_calls=1 vm_get_emerged_area_us=4 vm_get_data_calls=1 vm_get_data_us=4123 vm_get_param2_data_calls=1 vm_get_param2_data_us=4066 vm_get_light_data_calls=2 vm_get_light_data_us=8131 vm_set_data_calls=1 vm_set_data_us=7211 vm_set_param2_data_calls=1 vm_set_param2_data_us=7093 vm_set_lighting_calls=81 vm_set_lighting_us=144 vm_calc_lighting_calls=1 vm_calc_lighting_us=3661 vm_set_light_data_calls=1 vm_set_light_data_us=7083 vm_update_liquids_calls=1 vm_update_liquids_us=925
INFO[Emerge-0]: initialEmerge: area: (-128,32,-2688)(-17,143,-2577)=112x112x112=1404928 (5MB)
ACTION[Emerge-0]: GRUG_WP40_PROFILE_CALLBACK callback=16 minp=-112,48,-2672 maxp=-33,127,-2593 blockseed=134984521 plan_us=141373 writer_us=36317 total_us=177690 columns=6400 candidate_cells=49 candidates=3143 r5_runs=6400 result=noop_equal_content vm_get_emerged_area_calls=1 vm_get_emerged_area_us=11 vm_get_data_calls=1 vm_get_data_us=4088 vm_get_param2_data_calls=1 vm_get_param2_data_us=4079 vm_get_light_data_calls=0 vm_get_light_data_us=0 vm_set_data_calls=0 vm_set_data_us=0 vm_set_param2_data_calls=0 vm_set_param2_data_us=0 vm_set_lighting_calls=0 vm_set_lighting_us=0 vm_calc_lighting_calls=0 vm_calc_lighting_us=0 vm_set_light_data_calls=0 vm_set_light_data_us=0 vm_update_liquids_calls=0 vm_update_liquids_us=0
INFO[Emerge-0]: initialEmerge: area: (-48,32,-2688)(63,143,-2577)=112x112x112=1404928 (5MB)
ACTION[Emerge-0]: GRUG_WP40_PROFILE_CALLBACK callback=17 minp=-32,48,-2672 maxp=47,127,-2593 blockseed=906642281 plan_us=90111 writer_us=36192 total_us=126303 columns=6400 candidate_cells=49 candidates=1718 r5_runs=6400 result=noop_equal_content vm_get_emerged_area_calls=1 vm_get_emerged_area_us=3 vm_get_data_calls=1 vm_get_data_us=4090 vm_get_param2_data_calls=1 vm_get_param2_data_us=4075 vm_get_light_data_calls=0 vm_get_light_data_us=0 vm_set_data_calls=0 vm_set_data_us=0 vm_set_param2_data_calls=0 vm_set_param2_data_us=0 vm_set_lighting_calls=0 vm_set_lighting_us=0 vm_calc_lighting_calls=0 vm_calc_lighting_us=0 vm_set_light_data_calls=0 vm_set_light_data_us=0 vm_update_liquids_calls=0 vm_update_liquids_us=0
INFO[Emerge-0]: initialEmerge: area: (32,32,-2688)(143,143,-2577)=112x112x112=1404928 (5MB)
ACTION[Emerge-0]: GRUG_WP40_PROFILE_CALLBACK callback=18 minp=48,48,-2672 maxp=127,127,-2593 blockseed=1411113921 plan_us=51871 writer_us=36213 total_us=88084 columns=6400 candidate_cells=49 candidates=58 r5_runs=6400 result=noop_equal_content vm_get_emerged_area_calls=1 vm_get_emerged_area_us=1 vm_get_data_calls=1 vm_get_data_us=4083 vm_get_param2_data_calls=1 vm_get_param2_data_us=4076 vm_get_light_data_calls=0 vm_get_light_data_us=0 vm_set_data_calls=0 vm_set_data_us=0 vm_set_param2_data_calls=0 vm_set_param2_data_us=0 vm_set_lighting_calls=0 vm_set_lighting_us=0 vm_calc_lighting_calls=0 vm_calc_lighting_us=0 vm_set_light_data_calls=0 vm_set_light_data_us=0 vm_update_liquids_calls=0 vm_update_liquids_us=0
INFO[Emerge-0]: initialEmerge: area: (-128,-48,-2608)(-17,63,-2497)=112x112x112=1404928 (5MB)
INFO[Main]: Profiler:
INFO[Main]:   ActiveObjectMgr: SAO count [#] __________________   20x     1.65
INFO[Main]:   Emerge-0: processed [#] _________________________    1x      121
INFO[Main]:   EmergeThread: Lua on_generated [ms] _____________    4x      231
INFO[Main]:   EmergeThread: Mapgen::makeChunk [ms] ____________    4x    28.25
INFO[Main]:   EmergeThread: after Mapgen::makeChunk [ms] ______    4x      1.5
INFO[Main]:   EmergeThread: load block - async (sum) [ms] 
INFO[Main]:   EmergeThread: update lighting [ms] ______________   86x    0.523
INFO[Main]:   SEnv: modify in blocks avg per interval [ms] 
INFO[Main]:   Server: collisionMoveSimple() [us] 
INFO[Main]:   Server: map saving (sum) [ms] ___________________    1x       11
INFO[Main]:   Server: map timer and unload [ms] 
INFO[Main]:   Server: send SAO messages [ms] 
INFO[Main]:   Server: update objects within range [ms] 
INFO[Main]:   Server::AsyncRunStep() [ms] _____________________   20x      0.6
INFO[Main]:   Server::RunStep() (max) [ms] ____________________    1x       51
INFO[Main]:   Server::SendBlocks(): Collect list [ms] 
INFO[Main]:   Server::SendBlocks(): Send to clients [ms] 
INFO[Main]:   Server::yieldTo...() progress [#] 
INFO[Main]:   Server::yieldTo...() sleep [ms] 
INFO[Main]:   ServerEnv: ABMs run 
INFO[Main]:   ServerEnv: Run SAO::step() [ms] 
INFO[Main]:   ServerEnv: Run node timers [ms] 
INFO[Main]:   ServerEnv: active blocks 
INFO[Main]:   ServerEnv: active blocks cached 
INFO[Main]:   ServerEnv: active blocks scanned for ABMs 
INFO[Main]:   ServerEnv: update active blocks [ms] ____________    1x        1
INFO[Main]:   ServerEnv::step() [ms] __________________________   20x     0.05
INFO[Main]:   ServerEnvironment::removeRemovedObjects() [ms] 
INFO[Main]:   ServerMap: load block - sync (sum) [ms] _________    1x        1
INFO[Server]: ServerMap: Written: 1323 blocks, 4121 blocks in memory.
INFO[Server]: ServerMap: Blocks modified by: 
INFO[Server]:   finishBlockMake: expireIsAir, MMVManip::blitBackAll     1x      283
INFO[Server]:   setGenerated, finishBlockMake: expireIsAir, MMVManip::blitBackAll     1x      200
INFO[Server]:   setIsUnderground ________________________________    1x      245
INFO[Server]:   setIsUnderground, finishBlockMake: expireIsAir, MMVManip::blitBackAll     1x      295
INFO[Server]:   setIsUnderground, setGenerated, finishBlockMake: expireIsAir, MMVManip::blitBackAll     1x      300
ACTION[Emerge-0]: GRUG_WP40_PROFILE_CALLBACK callback=19 minp=-112,-32,-2592 maxp=-33,47,-2513 blockseed=1650661153 plan_us=338281 writer_us=322438 total_us=660719 columns=6400 candidate_cells=49 candidates=2044 r5_runs=25600 result=applied_cplq vm_get_emerged_area_calls=1 vm_get_emerged_area_us=3 vm_get_data_calls=1 vm_get_data_us=4087 vm_get_param2_data_calls=1 vm_get_param2_data_us=4077 vm_get_light_data_calls=2 vm_get_light_data_us=8147 vm_set_data_calls=1 vm_set_data_us=7231 vm_set_param2_data_calls=1 vm_set_param2_data_us=7112 vm_set_lighting_calls=96 vm_set_lighting_us=221 vm_calc_lighting_calls=1 vm_calc_lighting_us=4164 vm_set_light_data_calls=1 vm_set_light_data_us=7039 vm_update_liquids_calls=1 vm_update_liquids_us=973
INFO[Emerge-0]: initialEmerge: area: (-48,-48,-2608)(63,63,-2497)=112x112x112=1404928 (5MB)
INFO[Main]: Profiler:
INFO[Main]:   ActiveObjectMgr: SAO count [#] 
INFO[Main]:   Emerge-0: processed [#] _________________________    1x        2
INFO[Main]:   EmergeThread: Lua on_generated [ms] _____________    1x      661
INFO[Main]:   EmergeThread: Mapgen::makeChunk [ms] ____________    1x       32
INFO[Main]:   EmergeThread: after Mapgen::makeChunk [ms] ______    1x        1
INFO[Main]:   EmergeThread: load block - async (sum) [ms] 
INFO[Main]:   EmergeThread: update lighting [ms] ______________   98x    0.112
INFO[Main]:   SEnv: modify in blocks avg per interval [ms] 
INFO[Main]:   Server: collisionMoveSimple() [us] 
INFO[Main]:   Server: map saving (sum) [ms] ___________________    1x       14
INFO[Main]:   Server: map timer and unload [ms] 
INFO[Main]:   Server: send SAO messages [ms] 
INFO[Main]:   Server: update objects within range [ms] 
INFO[Main]:   Server::AsyncRunStep() [ms] _____________________   20x      0.7
INFO[Main]:   Server::RunStep() (max) [ms] ____________________    1x       51
INFO[Main]:   Server::SendBlocks(): Collect list [ms] 
INFO[Main]:   Server::SendBlocks(): Send to clients [ms] 
INFO[Main]:   Server::yieldTo...() progress [#] 
INFO[Main]:   Server::yieldTo...() sleep [ms] 
INFO[Main]:   ServerEnv: ABMs run 
INFO[Main]:   ServerEnv: Run SAO::step() [ms] 
INFO[Main]:   ServerEnv: Run node timers [ms] 
INFO[Main]:   ServerEnv: active blocks 
INFO[Main]:   ServerEnv: active blocks cached 
INFO[Main]:   ServerEnv: active blocks scanned for ABMs 
INFO[Main]:   ServerEnv: update active blocks [ms] 
INFO[Main]:   ServerEnv::step() [ms] 
INFO[Main]:   ServerEnvironment::removeRemovedObjects() [ms] 
INFO[Main]:   ServerMap: load block - sync (sum) [ms] 
INFO[Server]: ServerMap: Written: 518 blocks, 4296 blocks in memory.
INFO[Server]: ServerMap: Blocks modified by: 
INFO[Server]:   finishBlockMake: expireIsAir, MMVManip::blitBackAll     1x      218
INFO[Server]:   setGenerated, finishBlockMake: expireIsAir, MMVManip::blitBackAll     1x      125
INFO[Server]:   setIsUnderground ________________________________    1x      175
ACTION[Emerge-0]: GRUG_WP40_PROFILE_CALLBACK callback=20 minp=-32,-32,-2592 maxp=47,47,-2513 blockseed=312714017 plan_us=185567 writer_us=319907 total_us=505474 columns=6400 candidate_cells=49 candidates=0 r5_runs=25600 result=applied_cplq vm_get_emerged_area_calls=1 vm_get_emerged_area_us=2 vm_get_data_calls=1 vm_get_data_us=3811 vm_get_param2_data_calls=1 vm_get_param2_data_us=3812 vm_get_light_data_calls=2 vm_get_light_data_us=7592 vm_set_data_calls=1 vm_set_data_us=7220 vm_set_param2_data_calls=1 vm_set_param2_data_us=7096 vm_set_lighting_calls=16 vm_set_lighting_us=138 vm_calc_lighting_calls=1 vm_calc_lighting_us=7122 vm_set_light_data_calls=1 vm_set_light_data_us=7029 vm_update_liquids_calls=1 vm_update_liquids_us=958
INFO[Emerge-0]: initialEmerge: area: (32,-48,-2608)(143,63,-2497)=112x112x112=1404928 (5MB)
ACTION[Emerge-0]: GRUG_WP40_PROFILE_CALLBACK callback=21 minp=48,-32,-2592 maxp=127,47,-2513 blockseed=698610337 plan_us=231261 writer_us=271229 total_us=502490 columns=6400 candidate_cells=49 candidates=696 r5_runs=25503 result=applied_cplq vm_get_emerged_area_calls=1 vm_get_emerged_area_us=2 vm_get_data_calls=1 vm_get_data_us=4075 vm_get_param2_data_calls=1 vm_get_param2_data_us=4066 vm_get_light_data_calls=2 vm_get_light_data_us=8136 vm_set_data_calls=1 vm_set_data_us=6949 vm_set_param2_data_calls=1 vm_set_param2_data_us=6828 vm_set_lighting_calls=96 vm_set_lighting_us=156 vm_calc_lighting_calls=1 vm_calc_lighting_us=4820 vm_set_light_data_calls=1 vm_set_light_data_us=6758 vm_update_liquids_calls=1 vm_update_liquids_us=951
INFO[Emerge-0]: initialEmerge: area: (-128,32,-2608)(-17,143,-2497)=112x112x112=1404928 (5MB)
ACTION[Emerge-0]: GRUG_WP40_PROFILE_CALLBACK callback=22 minp=-112,48,-2592 maxp=-33,127,-2513 blockseed=1599252721 plan_us=99795 writer_us=35709 total_us=135504 columns=6400 candidate_cells=49 candidates=2044 r5_runs=6400 result=noop_equal_content vm_get_emerged_area_calls=1 vm_get_emerged_area_us=1 vm_get_data_calls=1 vm_get_data_us=3802 vm_get_param2_data_calls=1 vm_get_param2_data_us=3798 vm_get_light_data_calls=0 vm_get_light_data_us=0 vm_set_data_calls=0 vm_set_data_us=0 vm_set_param2_data_calls=0 vm_set_param2_data_us=0 vm_set_lighting_calls=0 vm_set_lighting_us=0 vm_calc_lighting_calls=0 vm_calc_lighting_us=0 vm_set_light_data_calls=0 vm_set_light_data_us=0 vm_update_liquids_calls=0 vm_update_liquids_us=0
INFO[Emerge-0]: initialEmerge: area: (-48,32,-2608)(63,143,-2497)=112x112x112=1404928 (5MB)
ACTION[Emerge-0]: GRUG_WP40_PROFILE_CALLBACK callback=23 minp=-32,48,-2592 maxp=47,127,-2513 blockseed=3493878897 plan_us=29666 writer_us=35468 total_us=65134 columns=6400 candidate_cells=49 candidates=0 r5_runs=6400 result=noop_equal_content vm_get_emerged_area_calls=1 vm_get_emerged_area_us=2 vm_get_data_calls=1 vm_get_data_us=3794 vm_get_param2_data_calls=1 vm_get_param2_data_us=3790 vm_get_light_data_calls=0 vm_get_light_data_us=0 vm_set_data_calls=0 vm_set_data_us=0 vm_set_param2_data_calls=0 vm_set_param2_data_us=0 vm_set_lighting_calls=0 vm_set_lighting_us=0 vm_calc_lighting_calls=0 vm_calc_lighting_us=0 vm_set_light_data_calls=0 vm_set_light_data_us=0 vm_update_liquids_calls=0 vm_update_liquids_us=0
INFO[Emerge-0]: initialEmerge: area: (32,32,-2608)(143,143,-2497)=112x112x112=1404928 (5MB)
INFO[Main]: Profiler:
INFO[Main]:   ActiveObjectMgr: SAO count [#] 
INFO[Main]:   Emerge-0: processed [#] _________________________    1x       37
INFO[Main]:   EmergeThread: Lua on_generated [ms] _____________    4x    302.5
INFO[Main]:   EmergeThread: Mapgen::makeChunk [ms] ____________    4x       30
INFO[Main]:   EmergeThread: after Mapgen::makeChunk [ms] ______    4x     0.75
INFO[Main]:   EmergeThread: load block - async (sum) [ms] 
INFO[Main]:   EmergeThread: update lighting [ms] ______________  118x      0.5
INFO[Main]:   SEnv: modify in blocks avg per interval [ms] 
INFO[Main]:   Server: collisionMoveSimple() [us] 
INFO[Main]:   Server: map saving (sum) [ms] ___________________    1x        7
INFO[Main]:   Server: map timer and unload [ms] 
INFO[Main]:   Server: send SAO messages [ms] 
INFO[Main]:   Server: update objects within range [ms] 
INFO[Main]:   Server::AsyncRunStep() [ms] _____________________   20x      0.4
INFO[Main]:   Server::RunStep() (max) [ms] ____________________    1x       51
INFO[Main]:   Server::SendBlocks(): Collect list [ms] 
INFO[Main]:   Server::SendBlocks(): Send to clients [ms] 
INFO[Main]:   Server::yieldTo...() progress [#] 
INFO[Main]:   Server::yieldTo...() sleep [ms] 
INFO[Main]:   ServerEnv: ABMs run 
INFO[Main]:   ServerEnv: Run SAO::step() [ms] 
INFO[Main]:   ServerEnv: Run node timers [ms] 
INFO[Main]:   ServerEnv: active blocks 
INFO[Main]:   ServerEnv: active blocks cached 
INFO[Main]:   ServerEnv: active blocks scanned for ABMs 
INFO[Main]:   ServerEnv: update active blocks [ms] 
INFO[Main]:   ServerEnv::step() [ms] __________________________   20x     0.05
INFO[Main]:   ServerEnvironment::removeRemovedObjects() [ms] 
INFO[Main]:   ServerMap: load block - sync (sum) [ms] _________    1x        1
INFO[Server]: ServerMap: Written: 1203 blocks, 4896 blocks in memory.
INFO[Server]: ServerMap: Blocks modified by: 
INFO[Server]:   finishBlockMake: expireIsAir, MMVManip::blitBackAll     1x      343
INFO[Server]:   setGenerated, finishBlockMake: expireIsAir, MMVManip::blitBackAll     1x      260
INFO[Server]:   setIsUnderground ________________________________    1x      125
INFO[Server]:   setIsUnderground, finishBlockMake: expireIsAir, MMVManip::blitBackAll     1x      235
INFO[Server]:   setIsUnderground, setGenerated, finishBlockMake: expireIsAir, MMVManip::blitBackAll     1x      240
ACTION[Emerge-0]: GRUG_WP40_PROFILE_CALLBACK callback=24 minp=48,48,-2592 maxp=127,127,-2513 blockseed=19482737 plan_us=67879 writer_us=35836 total_us=103715 columns=6400 candidate_cells=49 candidates=696 r5_runs=6400 result=noop_equal_content vm_get_emerged_area_calls=1 vm_get_emerged_area_us=2 vm_get_data_calls=1 vm_get_data_us=3795 vm_get_param2_data_calls=1 vm_get_param2_data_us=3793 vm_get_light_data_calls=0 vm_get_light_data_us=0 vm_set_data_calls=0 vm_set_data_us=0 vm_set_param2_data_calls=0 vm_set_param2_data_us=0 vm_set_lighting_calls=0 vm_set_lighting_us=0 vm_calc_lighting_calls=0 vm_calc_lighting_us=0 vm_set_light_data_calls=0 vm_set_light_data_us=0 vm_update_liquids_calls=0 vm_update_liquids_us=0
INFO[Emerge-0]: initialEmerge: area: (-128,-48,-2528)(-17,63,-2417)=112x112x112=1404928 (5MB)
INFO[Main]: Profiler:
INFO[Main]:   ActiveObjectMgr: SAO count [#] 
INFO[Main]:   Emerge-0: processed [#] _________________________    1x      281
INFO[Main]:   EmergeThread: Lua on_generated [ms] _____________    1x      104
INFO[Main]:   EmergeThread: Mapgen::makeChunk [ms] ____________    1x       33
INFO[Main]:   EmergeThread: after Mapgen::makeChunk [ms] ______    1x        1
INFO[Main]:   EmergeThread: load block - async (sum) [ms] 
INFO[Main]:   EmergeThread: update lighting [ms] ______________    1x        8
INFO[Main]:   SEnv: modify in blocks avg per interval [ms] 
INFO[Main]:   Server: collisionMoveSimple() [us] 
INFO[Main]:   Server: map saving (sum) [ms] ___________________    1x       14
INFO[Main]:   Server: map timer and unload [ms] 
INFO[Main]:   Server: send SAO messages [ms] 
INFO[Main]:   Server: update objects within range [ms] 
INFO[Main]:   Server::AsyncRunStep() [ms] _____________________   20x     0.75
INFO[Main]:   Server::RunStep() (max) [ms] ____________________    1x       51
INFO[Main]:   Server::SendBlocks(): Collect list [ms] 
INFO[Main]:   Server::SendBlocks(): Send to clients [ms] 
INFO[Main]:   Server::yieldTo...() progress [#] 
INFO[Main]:   Server::yieldTo...() sleep [ms] 
INFO[Main]:   ServerEnv: ABMs run 
INFO[Main]:   ServerEnv: Run SAO::step() [ms] 
INFO[Main]:   ServerEnv: Run node timers [ms] 
INFO[Main]:   ServerEnv: active blocks 
INFO[Main]:   ServerEnv: active blocks cached 
INFO[Main]:   ServerEnv: active blocks scanned for ABMs 
INFO[Main]:   ServerEnv: update active blocks [ms] 
INFO[Main]:   ServerEnv::step() [ms] __________________________   20x     0.05
INFO[Main]:   ServerEnvironment::removeRemovedObjects() [ms] 
INFO[Main]:   ServerMap: load block - sync (sum) [ms] 
INFO[Server]: ServerMap: Written: 588 blocks, 5141 blocks in memory.
INFO[Server]: ServerMap: Blocks modified by: 
INFO[Server]:   finishBlockMake: expireIsAir, MMVManip::blitBackAll     1x      218
INFO[Server]:   setGenerated, finishBlockMake: expireIsAir, MMVManip::blitBackAll     1x      125
INFO[Server]:   setIsUnderground ________________________________    1x      245
ACTION[Emerge-0]: GRUG_WP40_PROFILE_CALLBACK callback=25 minp=-112,-32,-2512 maxp=-33,47,-2433 blockseed=287273105 plan_us=513853 writer_us=429306 total_us=943159 columns=6400 candidate_cells=49 candidates=3126 r5_runs=25600 result=applied_cplq vm_get_emerged_area_calls=1 vm_get_emerged_area_us=2 vm_get_data_calls=1 vm_get_data_us=4061 vm_get_param2_data_calls=1 vm_get_param2_data_us=4062 vm_get_light_data_calls=2 vm_get_light_data_us=8135 vm_set_data_calls=1 vm_set_data_us=7370 vm_set_param2_data_calls=1 vm_set_param2_data_us=7140 vm_set_lighting_calls=96 vm_set_lighting_us=327 vm_calc_lighting_calls=1 vm_calc_lighting_us=4140 vm_set_light_data_calls=1 vm_set_light_data_us=7032 vm_update_liquids_calls=1 vm_update_liquids_us=957
INFO[Emerge-0]: initialEmerge: area: (-48,-48,-2528)(63,63,-2417)=112x112x112=1404928 (5MB)
ACTION[Emerge-0]: GRUG_WP40_PROFILE_CALLBACK callback=26 minp=-32,-32,-2512 maxp=47,47,-2433 blockseed=3103740625 plan_us=352983 writer_us=330372 total_us=683355 columns=6400 candidate_cells=49 candidates=1646 r5_runs=25706 result=applied_cplq vm_get_emerged_area_calls=1 vm_get_emerged_area_us=2 vm_get_data_calls=1 vm_get_data_us=4075 vm_get_param2_data_calls=1 vm_get_param2_data_us=4071 vm_get_light_data_calls=2 vm_get_light_data_us=8136 vm_set_data_calls=1 vm_set_data_us=6960 vm_set_param2_data_calls=1 vm_set_param2_data_us=6833 vm_set_lighting_calls=16 vm_set_lighting_us=199 vm_calc_lighting_calls=1 vm_calc_lighting_us=5632 vm_set_light_data_calls=1 vm_set_light_data_us=6773 vm_update_liquids_calls=1 vm_update_liquids_us=960
INFO[Emerge-0]: initialEmerge: area: (32,-48,-2528)(143,63,-2417)=112x112x112=1404928 (5MB)
INFO[Main]: Profiler:
INFO[Main]:   ActiveObjectMgr: SAO count [#] 
INFO[Main]:   Emerge-0: processed [#] _________________________    1x        7
INFO[Main]:   EmergeThread: Lua on_generated [ms] _____________    2x      813
INFO[Main]:   EmergeThread: Mapgen::makeChunk [ms] ____________    2x       34
INFO[Main]:   EmergeThread: after Mapgen::makeChunk [ms] ______    2x        1
INFO[Main]:   EmergeThread: load block - async (sum) [ms] 
INFO[Main]:   EmergeThread: update lighting [ms] ______________  116x    0.224
INFO[Main]:   SEnv: modify in blocks avg per interval [ms] 
INFO[Main]:   Server: collisionMoveSimple() [us] 
INFO[Main]:   Server: map saving (sum) [ms] ___________________    1x        7
INFO[Main]:   Server: map timer and unload [ms] 
INFO[Main]:   Server: send SAO messages [ms] 
INFO[Main]:   Server: update objects within range [ms] 
INFO[Main]:   Server::AsyncRunStep() [ms] _____________________   20x     0.35
INFO[Main]:   Server::RunStep() (max) [ms] ____________________    1x       51
INFO[Main]:   Server::SendBlocks(): Collect list [ms] 
INFO[Main]:   Server::SendBlocks(): Send to clients [ms] 
INFO[Main]:   Server::yieldTo...() progress [#] 
INFO[Main]:   Server::yieldTo...() sleep [ms] 
INFO[Main]:   ServerEnv: ABMs run 
INFO[Main]:   ServerEnv: Run SAO::step() [ms] 
INFO[Main]:   ServerEnv: Run node timers [ms] 
INFO[Main]:   ServerEnv: active blocks 
INFO[Main]:   ServerEnv: active blocks cached 
INFO[Main]:   ServerEnv: active blocks scanned for ABMs 
INFO[Main]:   ServerEnv: update active blocks [ms] 
INFO[Main]:   ServerEnv::step() [ms] 
INFO[Main]:   ServerEnvironment::removeRemovedObjects() [ms] 
INFO[Main]:   ServerMap: load block - sync (sum) [ms] _________    1x        2
INFO[Server]: ServerMap: Written: 763 blocks, 5491 blocks in memory.
INFO[Server]: ServerMap: Blocks modified by: 
INFO[Server]:   finishBlockMake: expireIsAir, MMVManip::blitBackAll     1x      243
INFO[Server]:   setGenerated, finishBlockMake: expireIsAir, MMVManip::blitBackAll     1x      170
INFO[Server]:   setIsUnderground ________________________________    1x      175
INFO[Server]:   setIsUnderground, finishBlockMake: expireIsAir, MMVManip::blitBackAll     1x       95
INFO[Server]:   setIsUnderground, setGenerated, finishBlockMake: expireIsAir, MMVManip::blitBackAll     1x       80
ACTION[Emerge-0]: GRUG_WP40_PROFILE_CALLBACK callback=27 minp=48,-32,-2512 maxp=127,47,-2433 blockseed=4110608401 plan_us=261095 writer_us=320405 total_us=581500 columns=6400 candidate_cells=49 candidates=1858 r5_runs=25797 result=applied_cplq vm_get_emerged_area_calls=1 vm_get_emerged_area_us=2 vm_get_data_calls=1 vm_get_data_us=4064 vm_get_param2_data_calls=1 vm_get_param2_data_us=4064 vm_get_light_data_calls=2 vm_get_light_data_us=8125 vm_set_data_calls=1 vm_set_data_us=6941 vm_set_param2_data_calls=1 vm_set_param2_data_us=6828 vm_set_lighting_calls=96 vm_set_lighting_us=155 vm_calc_lighting_calls=1 vm_calc_lighting_us=5607 vm_set_light_data_calls=1 vm_set_light_data_us=6751 vm_update_liquids_calls=1 vm_update_liquids_us=959
INFO[Emerge-0]: initialEmerge: area: (-128,32,-2528)(-17,143,-2417)=112x112x112=1404928 (5MB)
ACTION[Emerge-0]: GRUG_WP40_PROFILE_CALLBACK callback=28 minp=-112,48,-2512 maxp=-33,127,-2433 blockseed=78967081 plan_us=142027 writer_us=36349 total_us=178376 columns=6400 candidate_cells=49 candidates=3126 r5_runs=6400 result=noop_equal_content vm_get_emerged_area_calls=1 vm_get_emerged_area_us=1 vm_get_data_calls=1 vm_get_data_us=4082 vm_get_param2_data_calls=1 vm_get_param2_data_us=4065 vm_get_light_data_calls=0 vm_get_light_data_us=0 vm_set_data_calls=0 vm_set_data_us=0 vm_set_param2_data_calls=0 vm_set_param2_data_us=0 vm_set_lighting_calls=0 vm_set_lighting_us=0 vm_calc_lighting_calls=0 vm_calc_lighting_us=0 vm_set_light_data_calls=0 vm_set_light_data_us=0 vm_update_liquids_calls=0 vm_update_liquids_us=0
INFO[Emerge-0]: initialEmerge: area: (-48,32,-2528)(63,143,-2417)=112x112x112=1404928 (5MB)
ACTION[Emerge-0]: GRUG_WP40_PROFILE_CALLBACK callback=29 minp=-32,48,-2512 maxp=47,127,-2433 blockseed=387287785 plan_us=87551 writer_us=35369 total_us=122920 columns=6400 candidate_cells=49 candidates=1646 r5_runs=6400 result=noop_equal_content vm_get_emerged_area_calls=1 vm_get_emerged_area_us=1 vm_get_data_calls=1 vm_get_data_us=3797 vm_get_param2_data_calls=1 vm_get_param2_data_us=3791 vm_get_light_data_calls=0 vm_get_light_data_us=0 vm_set_data_calls=0 vm_set_data_us=0 vm_set_param2_data_calls=0 vm_set_param2_data_us=0 vm_set_lighting_calls=0 vm_set_lighting_us=0 vm_calc_lighting_calls=0 vm_calc_lighting_us=0 vm_set_light_data_calls=0 vm_set_light_data_us=0 vm_update_liquids_calls=0 vm_update_liquids_us=0
INFO[Emerge-0]: initialEmerge: area: (32,32,-2528)(143,143,-2417)=112x112x112=1404928 (5MB)
ACTION[Emerge-0]: GRUG_WP40_PROFILE_CALLBACK callback=30 minp=48,48,-2512 maxp=127,127,-2433 blockseed=1488270377 plan_us=97642 writer_us=36131 total_us=133773 columns=6400 candidate_cells=49 candidates=1858 r5_runs=6400 result=noop_equal_content vm_get_emerged_area_calls=1 vm_get_emerged_area_us=2 vm_get_data_calls=1 vm_get_data_us=4062 vm_get_param2_data_calls=1 vm_get_param2_data_us=4061 vm_get_light_data_calls=0 vm_get_light_data_us=0 vm_set_data_calls=0 vm_set_data_us=0 vm_set_param2_data_calls=0 vm_set_param2_data_us=0 vm_set_lighting_calls=0 vm_set_lighting_us=0 vm_calc_lighting_calls=0 vm_calc_lighting_us=0 vm_set_light_data_calls=0 vm_set_light_data_us=0 vm_update_liquids_calls=0 vm_update_liquids_us=0
ACTION[Emerge-0]: [grug_core] start area ready: human (2/6, 21.9 s)
ACTION[Emerge-0]: GRUG_WP40_PROFILE_PROBE phase=cold event=emerge case=owner_-112:-32:-2512 mapchunk=-112,-32,-2512 elapsed_us=21948256 generated=1 disk=0 memory=124 cancelled=0 errored=0
INFO[Emerge-0]: initialEmerge: area: (1712,-48,-2688)(1823,63,-2577)=112x112x112=1404928 (5MB)
ACTION[Server]: [grug_mobs] start npcs dawnmere: grug_mobs:guard_accord placed at socket gate_west (-4,22,-2493)
ACTION[Server]: [grug_mobs] start npcs dawnmere: grug_mobs:guard_accord placed at socket gate_east (4,22,-2493)
ACTION[Server]: [grug_mobs] start npcs dawnmere: grug_mobs:guard_accord placed at socket watch_gate (0,22,-2498)
ACTION[Server]: [grug_mobs] start npcs dawnmere: grug_traders:vendor_race_human placed at socket green_vendor (6,22,-2554)
ACTION[Server]: [grug_mobs] start npcs dawnmere: grug_mobs:villager_human placed at socket idle_cottage_door (10,22,-2566)
ACTION[Server]: [grug_mobs] start npcs dawnmere: grug_mobs:villager_human placed at socket idle_green_bench (-6,22,-2543)
ACTION[Server]: [grug_mobs] start npcs dawnmere: grug_mobs:villager_human placed at socket idle_barn (-19,22,-2550)
ACTION[Server]: [grug_mobs] start npcs dawnmere: grug_mobs:villager_human placed at socket idle_smithy (22,22,-2551)
ACTION[Server]: [grug_mobs] start npcs dawnmere: grug_mobs:elder_human placed at socket hall_quest (-11,22,-2542)
ACTION[Server]: [grug_mobs] start npcs human dawnmere: guards 3/3 flair 4/4 vendor 1/1 quest 1/1 new 9 pending 0
INFO[Main]: Profiler:
INFO[Main]:   ActiveObjectMgr: SAO count [#] __________________   20x      0.6
INFO[Main]:   Emerge-0: processed [#] _________________________    1x      230
INFO[Main]:   EmergeThread: Lua on_generated [ms] _____________    4x   253.75
INFO[Main]:   EmergeThread: Mapgen::makeChunk [ms] ____________    4x     29.5
INFO[Main]:   EmergeThread: after Mapgen::makeChunk [ms] ______    4x      1.5
INFO[Main]:   EmergeThread: load block - async (sum) [ms] 
INFO[Main]:   EmergeThread: update lighting [ms] ______________  101x    0.514
INFO[Main]:   SEnv: modify in blocks avg per interval [ms] 
INFO[Main]:   Server: collisionMoveSimple() [us] 
INFO[Main]:   Server: map saving (sum) [ms] ___________________    1x       10
INFO[Main]:   Server: map timer and unload [ms] 
INFO[Main]:   Server: send SAO messages [ms] 
INFO[Main]:   Server: update objects within range [ms] 
INFO[Main]:   Server::AsyncRunStep() [ms] _____________________   20x      0.6
INFO[Main]:   Server::RunStep() (max) [ms] ____________________    1x       51
INFO[Main]:   Server::SendBlocks(): Collect list [ms] 
INFO[Main]:   Server::SendBlocks(): Send to clients [ms] 
INFO[Main]:   Server::yieldTo...() progress [#] 
INFO[Main]:   Server::yieldTo...() sleep [ms] _________________    1x        1
INFO[Main]:   ServerEnv: ABMs run 
INFO[Main]:   ServerEnv: Run SAO::step() [ms] 
INFO[Main]:   ServerEnv: Run node timers [ms] 
INFO[Main]:   ServerEnv: active blocks 
INFO[Main]:   ServerEnv: active blocks cached 
INFO[Main]:   ServerEnv: active blocks scanned for ABMs 
INFO[Main]:   ServerEnv: update active blocks [ms] 
INFO[Main]:   ServerEnv::step() [ms] __________________________   20x     0.05
INFO[Main]:   ServerEnvironment::removeRemovedObjects() [ms] 
INFO[Main]:   ServerMap: load block - sync (sum) [ms] _________    1x        2
INFO[Server]: ServerMap: Written: 1429 blocks, 6259 blocks in memory.
INFO[Server]: ServerMap: Blocks modified by: 
INFO[Server]:   addActiveObjectRaw, deactivateFarObjects: static data changed     1x        8
INFO[Server]:   finishBlockMake: expireIsAir, MMVManip::blitBackAll     1x      393
INFO[Server]:   setGenerated, finishBlockMake: expireIsAir, MMVManip::blitBackAll     1x      260
INFO[Server]:   setIsUnderground ________________________________    1x      343
INFO[Server]:   setIsUnderground, finishBlockMake: expireIsAir, MMVManip::blitBackAll     1x      185
INFO[Server]:   setIsUnderground, setGenerated, finishBlockMake: expireIsAir, MMVManip::blitBackAll     1x      240
ACTION[Emerge-0]: GRUG_WP40_PROFILE_CALLBACK callback=31 minp=1728,-32,-2672 maxp=1807,47,-2593 blockseed=3117296737 plan_us=424175 writer_us=309485 total_us=733660 columns=6400 candidate_cells=49 candidates=573 r5_runs=25600 result=applied_cplq vm_get_emerged_area_calls=1 vm_get_emerged_area_us=2 vm_get_data_calls=1 vm_get_data_us=4062 vm_get_param2_data_calls=1 vm_get_param2_data_us=4063 vm_get_light_data_calls=2 vm_get_light_data_us=8160 vm_set_data_calls=1 vm_set_data_us=7237 vm_set_param2_data_calls=1 vm_set_param2_data_us=7115 vm_set_lighting_calls=1 vm_set_lighting_us=145 vm_calc_lighting_calls=1 vm_calc_lighting_us=1738 vm_set_light_data_calls=1 vm_set_light_data_us=7035 vm_update_liquids_calls=1 vm_update_liquids_us=950
INFO[Emerge-0]: initialEmerge: area: (1792,-48,-2688)(1903,63,-2577)=112x112x112=1404928 (5MB)
INFO[Main]: Profiler:
INFO[Main]:   ActiveObjectMgr: SAO count [#] __________________   20x        3
INFO[Main]:   Emerge-0: processed [#] _________________________    1x        5
INFO[Main]:   EmergeThread: Lua on_generated [ms] _____________    1x      734
INFO[Main]:   EmergeThread: Mapgen::makeChunk [ms] ____________    1x       30
INFO[Main]:   EmergeThread: after Mapgen::makeChunk [ms] 
INFO[Main]:   EmergeThread: load block - async (sum) [ms] 
INFO[Main]:   EmergeThread: update lighting [ms] ______________    3x    2.333
INFO[Main]:   SEnv: modify in blocks avg per interval [ms] 
INFO[Main]:   Server: collisionMoveSimple() [us] 
INFO[Main]:   Server: map saving (sum) [ms] ___________________    1x       17
INFO[Main]:   Server: map timer and unload [ms] 
INFO[Main]:   Server: send SAO messages [ms] 
INFO[Main]:   Server: update objects within range [ms] 
INFO[Main]:   Server::AsyncRunStep() [ms] _____________________   20x      0.9
INFO[Main]:   Server::RunStep() (max) [ms] ____________________    1x       51
INFO[Main]:   Server::SendBlocks(): Collect list [ms] 
INFO[Main]:   Server::SendBlocks(): Send to clients [ms] 
INFO[Main]:   Server::yieldTo...() progress [#] 
INFO[Main]:   Server::yieldTo...() sleep [ms] 
INFO[Main]:   ServerEnv: ABMs run 
INFO[Main]:   ServerEnv: Run SAO::step() [ms] 
INFO[Main]:   ServerEnv: Run node timers [ms] 
INFO[Main]:   ServerEnv: active blocks 
INFO[Main]:   ServerEnv: active blocks cached 
INFO[Main]:   ServerEnv: active blocks scanned for ABMs 
INFO[Main]:   ServerEnv: update active blocks [ms] ____________    1x        1
INFO[Main]:   ServerEnv::step() [ms] __________________________   20x     0.05
INFO[Main]:   ServerEnvironment::removeRemovedObjects() [ms] 
INFO[Main]:   ServerMap: load block - sync (sum) [ms] _________    1x        1
INFO[Server]: ServerMap: Written: 588 blocks, 6504 blocks in memory.
INFO[Server]: ServerMap: Blocks modified by: 
INFO[Server]:   finishBlockMake: expireIsAir, MMVManip::blitBackAll     1x      218
INFO[Server]:   setGenerated, finishBlockMake: expireIsAir, MMVManip::blitBackAll     1x      125
INFO[Server]:   setIsUnderground ________________________________    1x      245
ACTION[Emerge-0]: GRUG_WP40_PROFILE_CALLBACK callback=32 minp=1808,-32,-2672 maxp=1887,47,-2593 blockseed=2104336481 plan_us=310638 writer_us=313699 total_us=624337 columns=6400 candidate_cells=49 candidates=598 r5_runs=25600 result=applied_cplq vm_get_emerged_area_calls=1 vm_get_emerged_area_us=2 vm_get_data_calls=1 vm_get_data_us=4062 vm_get_param2_data_calls=1 vm_get_param2_data_us=4062 vm_get_light_data_calls=2 vm_get_light_data_us=7927 vm_set_data_calls=1 vm_set_data_us=7216 vm_set_param2_data_calls=1 vm_set_param2_data_us=7169 vm_set_lighting_calls=1 vm_set_lighting_us=130 vm_calc_lighting_calls=1 vm_calc_lighting_us=1938 vm_set_light_data_calls=1 vm_set_light_data_us=7034 vm_update_liquids_calls=1 vm_update_liquids_us=948
INFO[Emerge-0]: initialEmerge: area: (1712,32,-2688)(1823,143,-2577)=112x112x112=1404928 (5MB)
ACTION[Emerge-0]: GRUG_WP40_PROFILE_CALLBACK callback=33 minp=1728,48,-2672 maxp=1807,127,-2593 blockseed=4289601721 plan_us=105140 writer_us=88718 total_us=193858 columns=6400 candidate_cells=49 candidates=573 r5_runs=6400 result=applied_clq vm_get_emerged_area_calls=1 vm_get_emerged_area_us=2 vm_get_data_calls=1 vm_get_data_us=4062 vm_get_param2_data_calls=1 vm_get_param2_data_us=4059 vm_get_light_data_calls=2 vm_get_light_data_us=8713 vm_set_data_calls=1 vm_set_data_us=7211 vm_set_param2_data_calls=0 vm_set_param2_data_us=0 vm_set_lighting_calls=36 vm_set_lighting_us=36 vm_calc_lighting_calls=1 vm_calc_lighting_us=8608 vm_set_light_data_calls=1 vm_set_light_data_us=7026 vm_update_liquids_calls=1 vm_update_liquids_us=1012
INFO[Emerge-0]: initialEmerge: area: (1792,32,-2688)(1903,143,-2577)=112x112x112=1404928 (5MB)
ACTION[Emerge-0]: GRUG_WP40_PROFILE_CALLBACK callback=34 minp=1808,48,-2672 maxp=1887,127,-2593 blockseed=50114937 plan_us=93303 writer_us=88421 total_us=181724 columns=6400 candidate_cells=49 candidates=598 r5_runs=6400 result=applied_clq vm_get_emerged_area_calls=1 vm_get_emerged_area_us=2 vm_get_data_calls=1 vm_get_data_us=4064 vm_get_param2_data_calls=1 vm_get_param2_data_us=4262 vm_get_light_data_calls=2 vm_get_light_data_us=8667 vm_set_data_calls=1 vm_set_data_us=7208 vm_set_param2_data_calls=0 vm_set_param2_data_us=0 vm_set_lighting_calls=36 vm_set_lighting_us=39 vm_calc_lighting_calls=1 vm_calc_lighting_us=9929 vm_set_light_data_calls=1 vm_set_light_data_us=7027 vm_update_liquids_calls=1 vm_update_liquids_us=941
INFO[Emerge-0]: initialEmerge: area: (1712,-48,-2608)(1823,63,-2497)=112x112x112=1404928 (5MB)
INFO[Main]: Profiler:
INFO[Main]:   ActiveObjectMgr: SAO count [#] __________________   20x     0.15
INFO[Main]:   Emerge-0: processed [#] _________________________    1x      121
INFO[Main]:   EmergeThread: Lua on_generated [ms] _____________    3x  333.666
INFO[Main]:   EmergeThread: Mapgen::makeChunk [ms] ____________    3x       27
INFO[Main]:   EmergeThread: after Mapgen::makeChunk [ms] ______    3x    0.666
INFO[Main]:   EmergeThread: load block - async (sum) [ms] 
INFO[Main]:   EmergeThread: update lighting [ms] ______________   79x    0.582
INFO[Main]:   SEnv: modify in blocks avg per interval [ms] 
INFO[Main]:   Server: collisionMoveSimple() [us] 
INFO[Main]:   Server: map saving (sum) [ms] ___________________    1x        8
INFO[Main]:   Server: map timer and unload [ms] _______________    1x        1
INFO[Main]:   Server: send SAO messages [ms] 
INFO[Main]:   Server: update objects within range [ms] 
INFO[Main]:   Server::AsyncRunStep() [ms] _____________________   20x     0.45
INFO[Main]:   Server::RunStep() (max) [ms] ____________________    1x       51
INFO[Main]:   Server::SendBlocks(): Collect list [ms] 
INFO[Main]:   Server::SendBlocks(): Send to clients [ms] 
INFO[Main]:   Server::yieldTo...() progress [#] 
INFO[Main]:   Server::yieldTo...() sleep [ms] 
INFO[Main]:   ServerEnv: ABMs run 
INFO[Main]:   ServerEnv: Run SAO::step() [ms] 
INFO[Main]:   ServerEnv: Run node timers [ms] 
INFO[Main]:   ServerEnv: active blocks 
INFO[Main]:   ServerEnv: active blocks cached 
INFO[Main]:   ServerEnv: active blocks scanned for ABMs 
INFO[Main]:   ServerEnv: update active blocks [ms] 
INFO[Main]:   ServerEnv::step() [ms] 
INFO[Main]:   ServerEnvironment::removeRemovedObjects() [ms] 
INFO[Main]:   ServerMap: load block - sync (sum) [ms] _________    1x        1
INFO[Server]: ServerMap: Written: 1078 blocks, 7169 blocks in memory.
INFO[Server]: ServerMap: Blocks modified by: 
INFO[Server]:   finishBlockMake: expireIsAir, MMVManip::blitBackAll     1x      238
INFO[Server]:   setGenerated, finishBlockMake: expireIsAir, MMVManip::blitBackAll     1x      175
INFO[Server]:   setIsUnderground ________________________________    1x      245
INFO[Server]:   setIsUnderground, finishBlockMake: expireIsAir, MMVManip::blitBackAll     1x      220
INFO[Server]:   setIsUnderground, setGenerated, finishBlockMake: expireIsAir, MMVManip::blitBackAll     1x      200
ACTION[Emerge-0]: GRUG_WP40_PROFILE_CALLBACK callback=35 minp=1728,-32,-2592 maxp=1807,47,-2513 blockseed=250276953 plan_us=284914 writer_us=312807 total_us=597721 columns=6400 candidate_cells=49 candidates=142 r5_runs=25600 result=applied_cplq vm_get_emerged_area_calls=1 vm_get_emerged_area_us=2 vm_get_data_calls=1 vm_get_data_us=4076 vm_get_param2_data_calls=1 vm_get_param2_data_us=4067 vm_get_light_data_calls=2 vm_get_light_data_us=8125 vm_set_data_calls=1 vm_set_data_us=7214 vm_set_param2_data_calls=1 vm_set_param2_data_us=7090 vm_set_lighting_calls=16 vm_set_lighting_us=150 vm_calc_lighting_calls=1 vm_calc_lighting_us=3268 vm_set_light_data_calls=1 vm_set_light_data_us=7027 vm_update_liquids_calls=1 vm_update_liquids_us=977
INFO[Emerge-0]: initialEmerge: area: (1792,-48,-2608)(1903,63,-2497)=112x112x112=1404928 (5MB)
ACTION[Emerge-0]: GRUG_WP40_PROFILE_CALLBACK callback=36 minp=1808,-32,-2592 maxp=1887,47,-2513 blockseed=969064153 plan_us=214402 writer_us=317298 total_us=531700 columns=6400 candidate_cells=49 candidates=285 r5_runs=25600 result=applied_cplq vm_get_emerged_area_calls=1 vm_get_emerged_area_us=2 vm_get_data_calls=1 vm_get_data_us=4072 vm_get_param2_data_calls=1 vm_get_param2_data_us=4067 vm_get_light_data_calls=2 vm_get_light_data_us=8144 vm_set_data_calls=1 vm_set_data_us=6945 vm_set_param2_data_calls=1 vm_set_param2_data_us=6823 vm_set_lighting_calls=16 vm_set_lighting_us=147 vm_calc_lighting_calls=1 vm_calc_lighting_us=3457 vm_set_light_data_calls=1 vm_set_light_data_us=6762 vm_update_liquids_calls=1 vm_update_liquids_us=978
INFO[Emerge-0]: initialEmerge: area: (1712,32,-2608)(1823,143,-2497)=112x112x112=1404928 (5MB)
INFO[Main]: Profiler:
INFO[Main]:   ActiveObjectMgr: SAO count [#] 
INFO[Main]:   Emerge-0: processed [#] _________________________    1x       18
INFO[Main]:   EmergeThread: Lua on_generated [ms] _____________    2x      565
INFO[Main]:   EmergeThread: Mapgen::makeChunk [ms] ____________    2x       29
INFO[Main]:   EmergeThread: after Mapgen::makeChunk [ms] ______    2x        1
INFO[Main]:   EmergeThread: load block - async (sum) [ms] 
INFO[Main]:   EmergeThread: update lighting [ms] ______________   36x    0.638
INFO[Main]:   SEnv: modify in blocks avg per interval [ms] 
INFO[Main]:   Server: collisionMoveSimple() [us] 
INFO[Main]:   Server: map saving (sum) [ms] ___________________    1x       13
INFO[Main]:   Server: map timer and unload [ms] 
INFO[Main]:   Server: send SAO messages [ms] 
INFO[Main]:   Server: update objects within range [ms] 
INFO[Main]:   Server::AsyncRunStep() [ms] _____________________   20x     0.65
INFO[Main]:   Server::RunStep() (max) [ms] ____________________    1x       51
INFO[Main]:   Server::SendBlocks(): Collect list [ms] 
INFO[Main]:   Server::SendBlocks(): Send to clients [ms] 
INFO[Main]:   Server::yieldTo...() progress [#] 
INFO[Main]:   Server::yieldTo...() sleep [ms] 
INFO[Main]:   ServerEnv: ABMs run 
INFO[Main]:   ServerEnv: Run SAO::step() [ms] 
INFO[Main]:   ServerEnv: Run node timers [ms] 
INFO[Main]:   ServerEnv: active blocks 
INFO[Main]:   ServerEnv: active blocks cached 
INFO[Main]:   ServerEnv: active blocks scanned for ABMs 
INFO[Main]:   ServerEnv: update active blocks [ms] 
INFO[Main]:   ServerEnv::step() [ms] 
INFO[Main]:   ServerEnvironment::removeRemovedObjects() [ms] 
INFO[Main]:   ServerMap: load block - sync (sum) [ms] 
INFO[Server]: ServerMap: Written: 763 blocks, 7519 blocks in memory.
INFO[Server]: ServerMap: Blocks modified by: 
INFO[Server]:   finishBlockMake: expireIsAir, MMVManip::blitBackAll     1x      243
INFO[Server]:   setGenerated, finishBlockMake: expireIsAir, MMVManip::blitBackAll     1x      170
INFO[Server]:   setIsUnderground ________________________________    1x      175
INFO[Server]:   setIsUnderground, finishBlockMake: expireIsAir, MMVManip::blitBackAll     1x       95
INFO[Server]:   setIsUnderground, setGenerated, finishBlockMake: expireIsAir, MMVManip::blitBackAll     1x       80
ACTION[Emerge-0]: GRUG_WP40_PROFILE_CALLBACK callback=37 minp=1728,48,-2592 maxp=1807,127,-2513 blockseed=4037080553 plan_us=60864 writer_us=101034 total_us=161898 columns=6400 candidate_cells=49 candidates=142 r5_runs=6400 result=applied_cplq vm_get_emerged_area_calls=1 vm_get_emerged_area_us=2 vm_get_data_calls=1 vm_get_data_us=4079 vm_get_param2_data_calls=1 vm_get_param2_data_us=4073 vm_get_light_data_calls=2 vm_get_light_data_us=8429 vm_set_data_calls=1 vm_set_data_us=7250 vm_set_param2_data_calls=1 vm_set_param2_data_us=7096 vm_set_lighting_calls=96 vm_set_lighting_us=112 vm_calc_lighting_calls=1 vm_calc_lighting_us=12370 vm_set_light_data_calls=1 vm_set_light_data_us=7026 vm_update_liquids_calls=1 vm_update_liquids_us=1002
INFO[Emerge-0]: initialEmerge: area: (1792,32,-2608)(1903,143,-2497)=112x112x112=1404928 (5MB)
ACTION[Emerge-0]: GRUG_WP40_PROFILE_CALLBACK callback=38 minp=1808,48,-2592 maxp=1887,127,-2513 blockseed=628304361 plan_us=58350 writer_us=99891 total_us=158241 columns=6400 candidate_cells=49 candidates=285 r5_runs=6400 result=applied_cplq vm_get_emerged_area_calls=1 vm_get_emerged_area_us=2 vm_get_data_calls=1 vm_get_data_us=4081 vm_get_param2_data_calls=1 vm_get_param2_data_us=4068 vm_get_light_data_calls=2 vm_get_light_data_us=8165 vm_set_data_calls=1 vm_set_data_us=6947 vm_set_param2_data_calls=1 vm_set_param2_data_us=6838 vm_set_lighting_calls=96 vm_set_lighting_us=87 vm_calc_lighting_calls=1 vm_calc_lighting_us=13124 vm_set_light_data_calls=1 vm_set_light_data_us=6780 vm_update_liquids_calls=1 vm_update_liquids_us=976
INFO[Emerge-0]: initialEmerge: area: (1712,-48,-2528)(1823,63,-2417)=112x112x112=1404928 (5MB)
INFO[Main]: Profiler:
INFO[Main]:   ActiveObjectMgr: SAO count [#] 
INFO[Main]:   Emerge-0: processed [#] _________________________    1x      297
INFO[Main]:   EmergeThread: Lua on_generated [ms] _____________    2x      160
INFO[Main]:   EmergeThread: Mapgen::makeChunk [ms] ____________    2x       30
INFO[Main]:   EmergeThread: after Mapgen::makeChunk [ms] ______    2x        1
INFO[Main]:   EmergeThread: load block - async (sum) [ms] 
INFO[Main]:   EmergeThread: update lighting [ms] ______________  219x     0.21
INFO[Main]:   SEnv: modify in blocks avg per interval [ms] 
INFO[Main]:   Server: collisionMoveSimple() [us] 
INFO[Main]:   Server: map saving (sum) [ms] ___________________    1x       10
INFO[Main]:   Server: map timer and unload [ms] 
INFO[Main]:   Server: send SAO messages [ms] 
INFO[Main]:   Server: update objects within range [ms] 
INFO[Main]:   Server::AsyncRunStep() [ms] _____________________   20x     0.55
INFO[Main]:   Server::RunStep() (max) [ms] ____________________    1x       51
INFO[Main]:   Server::SendBlocks(): Collect list [ms] 
INFO[Main]:   Server::SendBlocks(): Send to clients [ms] 
INFO[Main]:   Server::yieldTo...() progress [#] 
INFO[Main]:   Server::yieldTo...() sleep [ms] 
INFO[Main]:   ServerEnv: ABMs run 
INFO[Main]:   ServerEnv: Run SAO::step() [ms] 
INFO[Main]:   ServerEnv: Run node timers [ms] 
INFO[Main]:   ServerEnv: active blocks 
INFO[Main]:   ServerEnv: active blocks cached 
INFO[Main]:   ServerEnv: active blocks scanned for ABMs 
INFO[Main]:   ServerEnv: update active blocks [ms] 
INFO[Main]:   ServerEnv::step() [ms] __________________________   20x     0.05
INFO[Main]:   ServerEnvironment::removeRemovedObjects() [ms] 
INFO[Main]:   ServerMap: load block - sync (sum) [ms] 
ACTION[Emerge-0]: GRUG_WP40_PROFILE_CALLBACK callback=39 minp=1728,-32,-2512 maxp=1807,47,-2433 blockseed=1267786569 plan_us=316744 writer_us=324147 total_us=640891 columns=6400 candidate_cells=49 candidates=479 r5_runs=24648 result=applied_cplq vm_get_emerged_area_calls=1 vm_get_emerged_area_us=2 vm_get_data_calls=1 vm_get_data_us=4075 vm_get_param2_data_calls=1 vm_get_param2_data_us=4071 vm_get_light_data_calls=2 vm_get_light_data_us=7619 vm_set_data_calls=1 vm_set_data_us=7230 vm_set_param2_data_calls=1 vm_set_param2_data_us=7104 vm_set_lighting_calls=22 vm_set_lighting_us=153 vm_calc_lighting_calls=1 vm_calc_lighting_us=3041 vm_set_light_data_calls=1 vm_set_light_data_us=7169 vm_update_liquids_calls=1 vm_update_liquids_us=1087
INFO[Server]: ServerMap: Written: 833 blocks, 7889 blocks in memory.
INFO[Server]: ServerMap: Blocks modified by: 
INFO[Server]:   finishBlockMake: expireIsAir, MMVManip::blitBackAll     1x      277
INFO[Server]:   setGenerated, finishBlockMake: expireIsAir, MMVManip::blitBackAll     1x      186
INFO[Server]:   setIsUnderground ________________________________    1x      245
INFO[Server]:   setIsUnderground, finishBlockMake: expireIsAir, MMVManip::blitBackAll     1x       61
INFO[Server]:   setIsUnderground, setGenerated, finishBlockMake: expireIsAir, MMVManip::blitBackAll     1x       64
INFO[Emerge-0]: initialEmerge: area: (1792,-48,-2528)(1903,63,-2417)=112x112x112=1404928 (5MB)
ACTION[Emerge-0]: GRUG_WP40_PROFILE_CALLBACK callback=40 minp=1808,-32,-2512 maxp=1887,47,-2433 blockseed=644690765 plan_us=240908 writer_us=336780 total_us=577688 columns=6400 candidate_cells=49 candidates=544 r5_runs=25332 result=applied_cplq vm_get_emerged_area_calls=1 vm_get_emerged_area_us=3 vm_get_data_calls=1 vm_get_data_us=4077 vm_get_param2_data_calls=1 vm_get_param2_data_us=4073 vm_get_light_data_calls=2 vm_get_light_data_us=8063 vm_set_data_calls=1 vm_set_data_us=7431 vm_set_param2_data_calls=1 vm_set_param2_data_us=7101 vm_set_lighting_calls=16 vm_set_lighting_us=159 vm_calc_lighting_calls=1 vm_calc_lighting_us=3132 vm_set_light_data_calls=1 vm_set_light_data_us=6984 vm_update_liquids_calls=1 vm_update_liquids_us=990
INFO[Emerge-0]: initialEmerge: area: (1712,32,-2528)(1823,143,-2417)=112x112x112=1404928 (5MB)
ACTION[Emerge-0]: GRUG_WP40_PROFILE_CALLBACK callback=41 minp=1728,48,-2512 maxp=1807,127,-2433 blockseed=616356417 plan_us=93847 writer_us=96571 total_us=190418 columns=6400 candidate_cells=49 candidates=479 r5_runs=6824 result=applied_cplq vm_get_emerged_area_calls=1 vm_get_emerged_area_us=9 vm_get_data_calls=1 vm_get_data_us=4007 vm_get_param2_data_calls=1 vm_get_param2_data_us=3889 vm_get_light_data_calls=2 vm_get_light_data_us=7882 vm_set_data_calls=1 vm_set_data_us=6952 vm_set_param2_data_calls=1 vm_set_param2_data_us=7129 vm_set_lighting_calls=52 vm_set_lighting_us=52 vm_calc_lighting_calls=1 vm_calc_lighting_us=11090 vm_set_light_data_calls=1 vm_set_light_data_us=7210 vm_update_liquids_calls=1 vm_update_liquids_us=1136
INFO[Emerge-0]: initialEmerge: area: (1792,32,-2528)(1903,143,-2417)=112x112x112=1404928 (5MB)
INFO[Main]: Profiler:
INFO[Main]:   ActiveObjectMgr: SAO count [#] 
INFO[Main]:   Emerge-0: processed [#] _________________________    1x       23
INFO[Main]:   EmergeThread: Lua on_generated [ms] _____________    3x      470
INFO[Main]:   EmergeThread: Mapgen::makeChunk [ms] ____________    3x       29
INFO[Main]:   EmergeThread: after Mapgen::makeChunk [ms] ______    3x    0.666
INFO[Main]:   EmergeThread: load block - async (sum) [ms] 
INFO[Main]:   EmergeThread: update lighting [ms] ______________   73x    0.589
INFO[Main]:   SEnv: modify in blocks avg per interval [ms] 
INFO[Main]:   Server: collisionMoveSimple() [us] 
INFO[Main]:   Server: map saving (sum) [ms] ___________________    1x       11
INFO[Main]:   Server: map timer and unload [ms] 
INFO[Main]:   Server: send SAO messages [ms] 
INFO[Main]:   Server: update objects within range [ms] 
INFO[Main]:   Server::AsyncRunStep() [ms] _____________________   20x      0.6
INFO[Main]:   Server::RunStep() (max) [ms] ____________________    1x       51
INFO[Main]:   Server::SendBlocks(): Collect list [ms] 
INFO[Main]:   Server::SendBlocks(): Send to clients [ms] 
INFO[Main]:   Server::yieldTo...() progress [#] 
INFO[Main]:   Server::yieldTo...() sleep [ms] 
INFO[Main]:   ServerEnv: ABMs run 
INFO[Main]:   ServerEnv: Run SAO::step() [ms] 
INFO[Main]:   ServerEnv: Run node timers [ms] 
INFO[Main]:   ServerEnv: active blocks 
INFO[Main]:   ServerEnv: active blocks cached 
INFO[Main]:   ServerEnv: active blocks scanned for ABMs 
INFO[Main]:   ServerEnv: update active blocks [ms] 
INFO[Main]:   ServerEnv::step() [ms] 
INFO[Main]:   ServerEnvironment::removeRemovedObjects() [ms] 
INFO[Main]:   ServerMap: load block - sync (sum) [ms] _________    1x        2
INFO[Server]: ServerMap: Written: 958 blocks, 8364 blocks in memory.
INFO[Server]: ServerMap: Blocks modified by: 
INFO[Server]:   finishBlockMake: expireIsAir, MMVManip::blitBackAll     1x      268
INFO[Server]:   setGenerated, finishBlockMake: expireIsAir, MMVManip::blitBackAll     1x      215
INFO[Server]:   setIsUnderground ________________________________    1x      125
INFO[Server]:   setIsUnderground, finishBlockMake: expireIsAir, MMVManip::blitBackAll     1x      190
INFO[Server]:   setIsUnderground, setGenerated, finishBlockMake: expireIsAir, MMVManip::blitBackAll     1x      160
ACTION[Emerge-0]: GRUG_WP40_PROFILE_CALLBACK callback=42 minp=1808,48,-2512 maxp=1887,127,-2433 blockseed=3899066131 plan_us=82818 writer_us=96625 total_us=179443 columns=6400 candidate_cells=49 candidates=544 r5_runs=6530 result=applied_cplq vm_get_emerged_area_calls=1 vm_get_emerged_area_us=1 vm_get_data_calls=1 vm_get_data_us=4072 vm_get_param2_data_calls=1 vm_get_param2_data_us=4074 vm_get_light_data_calls=2 vm_get_light_data_us=7680 vm_set_data_calls=1 vm_set_data_us=7225 vm_set_param2_data_calls=1 vm_set_param2_data_us=7139 vm_set_lighting_calls=55 vm_set_lighting_us=44 vm_calc_lighting_calls=1 vm_calc_lighting_us=12160 vm_set_light_data_calls=1 vm_set_light_data_us=7024 vm_update_liquids_calls=1 vm_update_liquids_us=957
ACTION[Emerge-0]: [grug_core] start area ready: elf (3/6, 27.1 s)
INFO[Emerge-0]: initialEmerge: area: (-1888,-48,2432)(-1777,63,2543)=112x112x112=1404928 (5MB)
ACTION[Server]: [grug_mobs] start npcs silverleaf: grug_mobs:guard_accord placed at socket gate_west (1796,43,-2493)
ACTION[Server]: [grug_mobs] start npcs silverleaf: grug_mobs:guard_accord placed at socket gate_east (1804,43,-2493)
ACTION[Server]: [grug_mobs] start npcs silverleaf: grug_mobs:guard_accord placed at socket watch_gate (1800,43,-2498)
ACTION[Server]: [grug_mobs] start npcs silverleaf: grug_traders:vendor_race_elf placed at socket court_vendor (1807,43,-2554)
ACTION[Server]: [grug_mobs] start npcs silverleaf: grug_mobs:villager_elf placed at socket idle_shrine_door (1779,43,-2534)
ACTION[Server]: [grug_mobs] start npcs silverleaf: grug_mobs:villager_elf placed at socket idle_court_bench (1793,43,-2545)
ACTION[Server]: [grug_mobs] start npcs silverleaf: grug_mobs:villager_elf placed at socket idle_bowyer (1828,43,-2551)
ACTION[Server]: [grug_mobs] start npcs silverleaf: grug_mobs:villager_elf placed at socket idle_market (1769,43,-2550)
ACTION[Server]: [grug_mobs] start npcs silverleaf: grug_mobs:elder_elf placed at socket hall_quest (1820,43,-2536)
ACTION[Server]: [grug_mobs] start npcs elf silverleaf: guards 3/3 flair 4/4 vendor 1/1 quest 1/1 new 9 pending 0
ACTION[Emerge-0]: GRUG_WP40_PROFILE_CALLBACK callback=43 minp=-1872,-32,2448 maxp=-1793,47,2527 blockseed=3176942833 plan_us=453180 writer_us=351885 total_us=805065 columns=6400 candidate_cells=49 candidates=111 r5_runs=8945 result=applied_cplq vm_get_emerged_area_calls=1 vm_get_emerged_area_us=2 vm_get_data_calls=1 vm_get_data_us=4070 vm_get_param2_data_calls=1 vm_get_param2_data_us=4062 vm_get_light_data_calls=2 vm_get_light_data_us=8660 vm_set_data_calls=1 vm_set_data_us=7204 vm_set_param2_data_calls=1 vm_set_param2_data_us=7096 vm_set_lighting_calls=1 vm_set_lighting_us=142 vm_calc_lighting_calls=1 vm_calc_lighting_us=904 vm_set_light_data_calls=1 vm_set_light_data_us=7095 vm_update_liquids_calls=1 vm_update_liquids_us=1015
INFO[Emerge-0]: initialEmerge: area: (-1808,-48,2432)(-1697,63,2543)=112x112x112=1404928 (5MB)
INFO[Main]: Profiler:
INFO[Main]:   ActiveObjectMgr: SAO count [#] __________________   20x    10.95
INFO[Main]:   Emerge-0: processed [#] _________________________    1x      108
INFO[Main]:   EmergeThread: Lua on_generated [ms] _____________    2x      492
INFO[Main]:   EmergeThread: Mapgen::makeChunk [ms] ____________    2x     32.5
INFO[Main]:   EmergeThread: after Mapgen::makeChunk [ms] ______    2x        1
INFO[Main]:   EmergeThread: load block - async (sum) [ms] 
INFO[Main]:   EmergeThread: update lighting [ms] ______________   60x     0.45
INFO[Main]:   SEnv: modify in blocks avg per interval [ms] 
INFO[Main]:   Server: collisionMoveSimple() [us] ______________  162x    2.753
INFO[Main]:   Server: map saving (sum) [ms] ___________________    1x       12
INFO[Main]:   Server: map timer and unload [ms] 
INFO[Main]:   Server: send SAO messages [ms] 
INFO[Main]:   Server: update objects within range [ms] 
INFO[Main]:   Server::AsyncRunStep() [ms] _____________________   20x     0.85
INFO[Main]:   Server::RunStep() (max) [ms] ____________________    1x       51
INFO[Main]:   Server::SendBlocks(): Collect list [ms] 
INFO[Main]:   Server::SendBlocks(): Send to clients [ms] 
INFO[Main]:   Server::yieldTo...() progress [#] 
INFO[Main]:   Server::yieldTo...() sleep [ms] 
INFO[Main]:   ServerEnv: ABMs run 
INFO[Main]:   ServerEnv: Run SAO::step() [ms] _________________   20x     0.15
INFO[Main]:   ServerEnv: Run node timers [ms] 
INFO[Main]:   ServerEnv: active blocks 
INFO[Main]:   ServerEnv: active blocks cached 
INFO[Main]:   ServerEnv: active blocks scanned for ABMs 
INFO[Main]:   ServerEnv: update active blocks [ms] 
INFO[Main]:   ServerEnv::step() [ms] __________________________   20x     0.25
INFO[Main]:   ServerEnvironment::removeRemovedObjects() [ms] 
INFO[Main]:   ServerMap: load block - sync (sum) [ms] _________    1x        2
INFO[Server]: ServerMap: Written: 936 blocks, 8952 blocks in memory.
INFO[Server]: ServerMap: Blocks modified by: 
INFO[Server]:   addActiveObjectRaw, deactivateFarObjects: static data changed     1x        5
INFO[Server]:   addActiveObjectRaw, deactivateFarObjects: static data changed, finishBlockMake: expireIsAir, MMVManip::blitBackAll     1x        2
INFO[Server]:   finishBlockMake: expireIsAir, MMVManip::blitBackAll     1x      216
INFO[Server]:   setGenerated, finishBlockMake: expireIsAir, MMVManip::blitBackAll     1x      125
INFO[Server]:   setIsUnderground ________________________________    1x      245
INFO[Server]:   setIsUnderground, finishBlockMake: expireIsAir, MMVManip::blitBackAll     1x      218
INFO[Server]:   setIsUnderground, setGenerated, finishBlockMake: expireIsAir, MMVManip::blitBackAll     1x      125
ACTION[Emerge-0]: GRUG_WP40_PROFILE_CALLBACK callback=44 minp=-1792,-32,2448 maxp=-1713,47,2527 blockseed=2313056817 plan_us=349408 writer_us=344578 total_us=693986 columns=6400 candidate_cells=49 candidates=131 r5_runs=9741 result=applied_cplq vm_get_emerged_area_calls=1 vm_get_emerged_area_us=2 vm_get_data_calls=1 vm_get_data_us=4071 vm_get_param2_data_calls=1 vm_get_param2_data_us=4064 vm_get_light_data_calls=2 vm_get_light_data_us=7866 vm_set_data_calls=1 vm_set_data_us=7317 vm_set_param2_data_calls=1 vm_set_param2_data_us=7097 vm_set_lighting_calls=1 vm_set_lighting_us=139 vm_calc_lighting_calls=1 vm_calc_lighting_us=1004 vm_set_light_data_calls=1 vm_set_light_data_us=7037 vm_update_liquids_calls=1 vm_update_liquids_us=1365
INFO[Emerge-0]: initialEmerge: area: (-1888,32,2432)(-1777,143,2543)=112x112x112=1404928 (5MB)
ACTION[Emerge-0]: GRUG_WP40_PROFILE_CALLBACK callback=45 minp=-1872,48,2448 maxp=-1793,127,2527 blockseed=1697963969 plan_us=56002 writer_us=145059 total_us=201061 columns=6400 candidate_cells=49 candidates=111 r5_runs=17486 result=applied_cplq vm_get_emerged_area_calls=1 vm_get_emerged_area_us=3 vm_get_data_calls=1 vm_get_data_us=4078 vm_get_param2_data_calls=1 vm_get_param2_data_us=4144 vm_get_light_data_calls=2 vm_get_light_data_us=7863 vm_set_data_calls=1 vm_set_data_us=7234 vm_set_param2_data_calls=1 vm_set_param2_data_us=7097 vm_set_lighting_calls=81 vm_set_lighting_us=76 vm_calc_lighting_calls=1 vm_calc_lighting_us=8067 vm_set_light_data_calls=1 vm_set_light_data_us=7046 vm_update_liquids_calls=1 vm_update_liquids_us=1000
INFO[Emerge-0]: initialEmerge: area: (-1808,32,2432)(-1697,143,2543)=112x112x112=1404928 (5MB)
INFO[Main]: Profiler:
INFO[Main]:   ActiveObjectMgr: SAO count [#] __________________   20x      1.5
INFO[Main]:   Emerge-0: processed [#] _________________________    1x       18
INFO[Main]:   EmergeThread: Lua on_generated [ms] _____________    2x    447.5
INFO[Main]:   EmergeThread: Mapgen::makeChunk [ms] ____________    2x       25
INFO[Main]:   EmergeThread: after Mapgen::makeChunk [ms] ______    2x        1
INFO[Main]:   EmergeThread: load block - async (sum) [ms] 
INFO[Main]:   EmergeThread: update lighting [ms] ______________   86x    0.313
INFO[Main]:   SEnv: modify in blocks avg per interval [ms] 
INFO[Main]:   Server: collisionMoveSimple() [us] 
INFO[Main]:   Server: map saving (sum) [ms] ___________________    1x       12
INFO[Main]:   Server: map timer and unload [ms] 
INFO[Main]:   Server: send SAO messages [ms] 
INFO[Main]:   Server: update objects within range [ms] 
INFO[Main]:   Server::AsyncRunStep() [ms] _____________________   20x      0.6
INFO[Main]:   Server::RunStep() (max) [ms] ____________________    1x       51
INFO[Main]:   Server::SendBlocks(): Collect list [ms] 
INFO[Main]:   Server::SendBlocks(): Send to clients [ms] 
INFO[Main]:   Server::yieldTo...() progress [#] 
INFO[Main]:   Server::yieldTo...() sleep [ms] 
INFO[Main]:   ServerEnv: ABMs run 
INFO[Main]:   ServerEnv: Run SAO::step() [ms] 
INFO[Main]:   ServerEnv: Run node timers [ms] 
INFO[Main]:   ServerEnv: active blocks 
INFO[Main]:   ServerEnv: active blocks cached 
INFO[Main]:   ServerEnv: active blocks scanned for ABMs 
INFO[Main]:   ServerEnv: update active blocks [ms] 
INFO[Main]:   ServerEnv::step() [ms] 
INFO[Main]:   ServerEnvironment::removeRemovedObjects() [ms] 
INFO[Main]:   ServerMap: load block - sync (sum) [ms] _________    1x        1
INFO[Server]: ServerMap: Written: 833 blocks, 9372 blocks in memory.
INFO[Server]: ServerMap: Blocks modified by: 
INFO[Server]:   finishBlockMake: expireIsAir, MMVManip::blitBackAll     1x      263
INFO[Server]:   setGenerated, finishBlockMake: expireIsAir, MMVManip::blitBackAll     1x      150
INFO[Server]:   setIsUnderground ________________________________    1x      175
INFO[Server]:   setIsUnderground, finishBlockMake: expireIsAir, MMVManip::blitBackAll     1x      145
INFO[Server]:   setIsUnderground, setGenerated, finishBlockMake: expireIsAir, MMVManip::blitBackAll     1x      100
ACTION[Emerge-0]: GRUG_WP40_PROFILE_CALLBACK callback=46 minp=-1792,48,2448 maxp=-1713,127,2527 blockseed=124290945 plan_us=71365 writer_us=147550 total_us=218915 columns=6400 candidate_cells=49 candidates=131 r5_runs=16944 result=applied_cplq vm_get_emerged_area_calls=1 vm_get_emerged_area_us=2 vm_get_data_calls=1 vm_get_data_us=4065 vm_get_param2_data_calls=1 vm_get_param2_data_us=4065 vm_get_light_data_calls=2 vm_get_light_data_us=8126 vm_set_data_calls=1 vm_set_data_us=6938 vm_set_param2_data_calls=1 vm_set_param2_data_us=6820 vm_set_lighting_calls=76 vm_set_lighting_us=82 vm_calc_lighting_calls=1 vm_calc_lighting_us=9486 vm_set_light_data_calls=1 vm_set_light_data_us=7025 vm_update_liquids_calls=1 vm_update_liquids_us=934
INFO[Emerge-0]: initialEmerge: area: (-1888,112,2432)(-1777,223,2543)=112x112x112=1404928 (5MB)
ACTION[Emerge-0]: GRUG_WP40_PROFILE_CALLBACK callback=47 minp=-1872,128,2448 maxp=-1793,207,2527 blockseed=1228627673 plan_us=55701 writer_us=35585 total_us=91286 columns=6400 candidate_cells=49 candidates=111 r5_runs=6400 result=noop_equal_content vm_get_emerged_area_calls=1 vm_get_emerged_area_us=2 vm_get_data_calls=1 vm_get_data_us=3955 vm_get_param2_data_calls=1 vm_get_param2_data_us=3794 vm_get_light_data_calls=0 vm_get_light_data_us=0 vm_set_data_calls=0 vm_set_data_us=0 vm_set_param2_data_calls=0 vm_set_param2_data_us=0 vm_set_lighting_calls=0 vm_set_lighting_us=0 vm_calc_lighting_calls=0 vm_calc_lighting_us=0 vm_set_light_data_calls=0 vm_set_light_data_us=0 vm_update_liquids_calls=0 vm_update_liquids_us=0
INFO[Emerge-0]: initialEmerge: area: (-1808,112,2432)(-1697,223,2543)=112x112x112=1404928 (5MB)
ACTION[Emerge-0]: GRUG_WP40_PROFILE_CALLBACK callback=48 minp=-1792,128,2448 maxp=-1713,207,2527 blockseed=2674519129 plan_us=70561 writer_us=35886 total_us=106447 columns=6400 candidate_cells=49 candidates=131 r5_runs=6400 result=noop_equal_content vm_get_emerged_area_calls=1 vm_get_emerged_area_us=2 vm_get_data_calls=1 vm_get_data_us=3801 vm_get_param2_data_calls=1 vm_get_param2_data_us=3792 vm_get_light_data_calls=0 vm_get_light_data_us=0 vm_set_data_calls=0 vm_set_data_us=0 vm_set_param2_data_calls=0 vm_set_param2_data_us=0 vm_set_lighting_calls=0 vm_set_lighting_us=0 vm_calc_lighting_calls=0 vm_calc_lighting_us=0 vm_set_light_data_calls=0 vm_set_light_data_us=0 vm_update_liquids_calls=0 vm_update_liquids_us=0
INFO[Emerge-0]: initialEmerge: area: (-1888,-48,2512)(-1777,63,2623)=112x112x112=1404928 (5MB)
INFO[Main]: Profiler:
INFO[Main]:   ActiveObjectMgr: SAO count [#] 
INFO[Main]:   Emerge-0: processed [#] _________________________    1x      193
INFO[Main]:   EmergeThread: Lua on_generated [ms] _____________    3x  138.666
INFO[Main]:   EmergeThread: Mapgen::makeChunk [ms] ____________    3x       28
INFO[Main]:   EmergeThread: after Mapgen::makeChunk [ms] ______    3x    1.333
INFO[Main]:   EmergeThread: load block - async (sum) [ms] 
INFO[Main]:   EmergeThread: update lighting [ms] ______________   80x    0.462
INFO[Main]:   SEnv: modify in blocks avg per interval [ms] 
INFO[Main]:   Server: collisionMoveSimple() [us] 
INFO[Main]:   Server: map saving (sum) [ms] ___________________    1x       10
INFO[Main]:   Server: map timer and unload [ms] _______________    1x        1
INFO[Main]:   Server: send SAO messages [ms] 
INFO[Main]:   Server: update objects within range [ms] 
INFO[Main]:   Server::AsyncRunStep() [ms] _____________________   20x     0.55
INFO[Main]:   Server::RunStep() (max) [ms] ____________________    1x       51
INFO[Main]:   Server::SendBlocks(): Collect list [ms] 
INFO[Main]:   Server::SendBlocks(): Send to clients [ms] 
INFO[Main]:   Server::yieldTo...() progress [#] 
INFO[Main]:   Server::yieldTo...() sleep [ms] _________________    1x        1
INFO[Main]:   ServerEnv: ABMs run 
INFO[Main]:   ServerEnv: Run SAO::step() [ms] 
INFO[Main]:   ServerEnv: Run node timers [ms] 
INFO[Main]:   ServerEnv: active blocks 
INFO[Main]:   ServerEnv: active blocks cached 
INFO[Main]:   ServerEnv: active blocks scanned for ABMs 
INFO[Main]:   ServerEnv: update active blocks [ms] 
INFO[Main]:   ServerEnv::step() [ms] 
INFO[Main]:   ServerEnvironment::removeRemovedObjects() [ms] 
INFO[Main]:   ServerMap: load block - sync (sum) [ms] _________    1x        2
ACTION[Emerge-0]: GRUG_WP40_PROFILE_CALLBACK callback=49 minp=-1872,-32,2528 maxp=-1793,47,2607 blockseed=4067764897 plan_us=317301 writer_us=323900 total_us=641201 columns=6400 candidate_cells=49 candidates=57 r5_runs=6400 result=applied_clq vm_get_emerged_area_calls=1 vm_get_emerged_area_us=2 vm_get_data_calls=1 vm_get_data_us=4065 vm_get_param2_data_calls=1 vm_get_param2_data_us=3995 vm_get_light_data_calls=2 vm_get_light_data_us=7903 vm_set_data_calls=1 vm_set_data_us=7210 vm_set_param2_data_calls=0 vm_set_param2_data_us=0 vm_set_lighting_calls=16 vm_set_lighting_us=163 vm_calc_lighting_calls=1 vm_calc_lighting_us=1680 vm_set_light_data_calls=1 vm_set_light_data_us=7179 vm_update_liquids_calls=1 vm_update_liquids_us=943
INFO[Server]: ServerMap: Written: 1078 blocks, 10037 blocks in memory.
INFO[Server]: ServerMap: Blocks modified by: 
INFO[Server]:   finishBlockMake: expireIsAir, MMVManip::blitBackAll     1x      238
INFO[Server]:   setGenerated, finishBlockMake: expireIsAir, MMVManip::blitBackAll     1x      175
INFO[Server]:   setIsUnderground ________________________________    1x      245
INFO[Server]:   setIsUnderground, finishBlockMake: expireIsAir, MMVManip::blitBackAll     1x      220
INFO[Server]:   setIsUnderground, setGenerated, finishBlockMake: expireIsAir, MMVManip::blitBackAll     1x      200
INFO[Emerge-0]: initialEmerge: area: (-1808,-48,2512)(-1697,63,2623)=112x112x112=1404928 (5MB)
ACTION[Emerge-0]: GRUG_WP40_PROFILE_CALLBACK callback=50 minp=-1792,-32,2528 maxp=-1713,47,2607 blockseed=2959548065 plan_us=251052 writer_us=321608 total_us=572660 columns=6400 candidate_cells=49 candidates=85 r5_runs=6446 result=applied_clq vm_get_emerged_area_calls=1 vm_get_emerged_area_us=2 vm_get_data_calls=1 vm_get_data_us=3805 vm_get_param2_data_calls=1 vm_get_param2_data_us=3802 vm_get_light_data_calls=2 vm_get_light_data_us=7595 vm_set_data_calls=1 vm_set_data_us=6939 vm_set_param2_data_calls=0 vm_set_param2_data_us=0 vm_set_lighting_calls=16 vm_set_lighting_us=150 vm_calc_lighting_calls=1 vm_calc_lighting_us=1826 vm_set_light_data_calls=1 vm_set_light_data_us=6793 vm_update_liquids_calls=1 vm_update_liquids_us=1011
INFO[Emerge-0]: initialEmerge: area: (-1888,32,2512)(-1777,143,2623)=112x112x112=1404928 (5MB)
ACTION[Emerge-0]: GRUG_WP40_PROFILE_CALLBACK callback=51 minp=-1872,48,2528 maxp=-1793,127,2607 blockseed=1655047545 plan_us=46181 writer_us=150190 total_us=196371 columns=6400 candidate_cells=49 candidates=57 r5_runs=19200 result=applied_cplq vm_get_emerged_area_calls=1 vm_get_emerged_area_us=1 vm_get_data_calls=1 vm_get_data_us=3803 vm_get_param2_data_calls=1 vm_get_param2_data_us=3801 vm_get_light_data_calls=2 vm_get_light_data_us=7588 vm_set_data_calls=1 vm_set_data_us=7757 vm_set_param2_data_calls=1 vm_set_param2_data_us=7630 vm_set_lighting_calls=96 vm_set_lighting_us=88 vm_calc_lighting_calls=1 vm_calc_lighting_us=10580 vm_set_light_data_calls=1 vm_set_light_data_us=7702 vm_update_liquids_calls=1 vm_update_liquids_us=948
INFO[Emerge-0]: initialEmerge: area: (-1808,32,2512)(-1697,143,2623)=112x112x112=1404928 (5MB)
INFO[Main]: Profiler:
INFO[Main]:   ActiveObjectMgr: SAO count [#] 
INFO[Main]:   Emerge-0: processed [#] _________________________    1x       23
INFO[Main]:   EmergeThread: Lua on_generated [ms] _____________    3x  470.666
INFO[Main]:   EmergeThread: Mapgen::makeChunk [ms] ____________    3x   28.333
INFO[Main]:   EmergeThread: after Mapgen::makeChunk [ms] ______    3x        1
INFO[Main]:   EmergeThread: load block - async (sum) [ms] 
INFO[Main]:   EmergeThread: update lighting [ms] ______________  134x    0.328
INFO[Main]:   SEnv: modify in blocks avg per interval [ms] 
INFO[Main]:   Server: collisionMoveSimple() [us] 
INFO[Main]:   Server: map saving (sum) [ms] ___________________    1x       12
INFO[Main]:   Server: map timer and unload [ms] 
INFO[Main]:   Server: send SAO messages [ms] 
INFO[Main]:   Server: update objects within range [ms] 
INFO[Main]:   Server::AsyncRunStep() [ms] _____________________   20x     0.65
INFO[Main]:   Server::RunStep() (max) [ms] ____________________    1x       51
INFO[Main]:   Server::SendBlocks(): Collect list [ms] 
INFO[Main]:   Server::SendBlocks(): Send to clients [ms] 
INFO[Main]:   Server::yieldTo...() progress [#] 
INFO[Main]:   Server::yieldTo...() sleep [ms] 
INFO[Main]:   ServerEnv: ABMs run 
INFO[Main]:   ServerEnv: Run SAO::step() [ms] 
INFO[Main]:   ServerEnv: Run node timers [ms] 
INFO[Main]:   ServerEnv: active blocks 
INFO[Main]:   ServerEnv: active blocks cached 
INFO[Main]:   ServerEnv: active blocks scanned for ABMs 
INFO[Main]:   ServerEnv: update active blocks [ms] 
INFO[Main]:   ServerEnv::step() [ms] 
INFO[Main]:   ServerEnvironment::removeRemovedObjects() [ms] 
INFO[Main]:   ServerMap: load block - sync (sum) [ms] 
INFO[Server]: ServerMap: Written: 958 blocks, 10512 blocks in memory.
INFO[Server]: ServerMap: Blocks modified by: 
INFO[Server]:   finishBlockMake: expireIsAir, MMVManip::blitBackAll     1x      268
INFO[Server]:   setGenerated, finishBlockMake: expireIsAir, MMVManip::blitBackAll     1x      215
INFO[Server]:   setIsUnderground ________________________________    1x      125
INFO[Server]:   setIsUnderground, finishBlockMake: expireIsAir, MMVManip::blitBackAll     1x      190
INFO[Server]:   setIsUnderground, setGenerated, finishBlockMake: expireIsAir, MMVManip::blitBackAll     1x      160
ACTION[Emerge-0]: GRUG_WP40_PROFILE_CALLBACK callback=52 minp=-1792,48,2528 maxp=-1713,127,2607 blockseed=1292879545 plan_us=67396 writer_us=151764 total_us=219160 columns=6400 candidate_cells=49 candidates=85 r5_runs=19156 result=applied_cplq vm_get_emerged_area_calls=1 vm_get_emerged_area_us=2 vm_get_data_calls=1 vm_get_data_us=3800 vm_get_param2_data_calls=1 vm_get_param2_data_us=3792 vm_get_light_data_calls=2 vm_get_light_data_us=7589 vm_set_data_calls=1 vm_set_data_us=7218 vm_set_param2_data_calls=1 vm_set_param2_data_us=7091 vm_set_lighting_calls=96 vm_set_lighting_us=96 vm_calc_lighting_calls=1 vm_calc_lighting_us=11987 vm_set_light_data_calls=1 vm_set_light_data_us=7023 vm_update_liquids_calls=1 vm_update_liquids_us=953
INFO[Emerge-0]: initialEmerge: area: (-1888,112,2512)(-1777,223,2623)=112x112x112=1404928 (5MB)
ACTION[Emerge-0]: GRUG_WP40_PROFILE_CALLBACK callback=53 minp=-1872,128,2528 maxp=-1793,207,2607 blockseed=1733649865 plan_us=45345 writer_us=35418 total_us=80763 columns=6400 candidate_cells=49 candidates=57 r5_runs=6400 result=noop_equal_content vm_get_emerged_area_calls=1 vm_get_emerged_area_us=2 vm_get_data_calls=1 vm_get_data_us=3798 vm_get_param2_data_calls=1 vm_get_param2_data_us=3793 vm_get_light_data_calls=0 vm_get_light_data_us=0 vm_set_data_calls=0 vm_set_data_us=0 vm_set_param2_data_calls=0 vm_set_param2_data_us=0 vm_set_lighting_calls=0 vm_set_lighting_us=0 vm_calc_lighting_calls=0 vm_calc_lighting_us=0 vm_set_light_data_calls=0 vm_set_light_data_us=0 vm_update_liquids_calls=0 vm_update_liquids_us=0
INFO[Emerge-0]: initialEmerge: area: (-1808,112,2512)(-1697,223,2623)=112x112x112=1404928 (5MB)
ACTION[Emerge-0]: GRUG_WP40_PROFILE_CALLBACK callback=54 minp=-1792,128,2528 maxp=-1713,207,2607 blockseed=42219145 plan_us=66556 writer_us=36038 total_us=102594 columns=6400 candidate_cells=49 candidates=85 r5_runs=6400 result=noop_equal_content vm_get_emerged_area_calls=1 vm_get_emerged_area_us=3 vm_get_data_calls=1 vm_get_data_us=4069 vm_get_param2_data_calls=1 vm_get_param2_data_us=4068 vm_get_light_data_calls=0 vm_get_light_data_us=0 vm_set_data_calls=0 vm_set_data_us=0 vm_set_param2_data_calls=0 vm_set_param2_data_us=0 vm_set_lighting_calls=0 vm_set_lighting_us=0 vm_calc_lighting_calls=0 vm_calc_lighting_us=0 vm_set_light_data_calls=0 vm_set_light_data_us=0 vm_update_liquids_calls=0 vm_update_liquids_us=0
INFO[Emerge-0]: initialEmerge: area: (-1888,-48,2592)(-1777,63,2703)=112x112x112=1404928 (5MB)
INFO[Main]: Profiler:
INFO[Main]:   ActiveObjectMgr: SAO count [#] 
INFO[Main]:   Emerge-0: processed [#] _________________________    1x      337
INFO[Main]:   EmergeThread: Lua on_generated [ms] _____________    3x  134.333
INFO[Main]:   EmergeThread: Mapgen::makeChunk [ms] ____________    3x       29
INFO[Main]:   EmergeThread: after Mapgen::makeChunk [ms] ______    3x    1.333
INFO[Main]:   EmergeThread: load block - async (sum) [ms] 
INFO[Main]:   EmergeThread: update lighting [ms] ______________  100x     0.42
INFO[Main]:   SEnv: modify in blocks avg per interval [ms] 
INFO[Main]:   Server: collisionMoveSimple() [us] 
INFO[Main]:   Server: map saving (sum) [ms] ___________________    1x       12
INFO[Main]:   Server: map timer and unload [ms] 
INFO[Main]:   Server: send SAO messages [ms] 
INFO[Main]:   Server: update objects within range [ms] 
INFO[Main]:   Server::AsyncRunStep() [ms] _____________________   20x      0.6
INFO[Main]:   Server::RunStep() (max) [ms] ____________________    1x       51
INFO[Main]:   Server::SendBlocks(): Collect list [ms] 
INFO[Main]:   Server::SendBlocks(): Send to clients [ms] 
INFO[Main]:   Server::yieldTo...() progress [#] 
INFO[Main]:   Server::yieldTo...() sleep [ms] 
INFO[Main]:   ServerEnv: ABMs run 
INFO[Main]:   ServerEnv: Run SAO::step() [ms] 
INFO[Main]:   ServerEnv: Run node timers [ms] 
INFO[Main]:   ServerEnv: active blocks 
INFO[Main]:   ServerEnv: active blocks cached 
INFO[Main]:   ServerEnv: active blocks scanned for ABMs 
INFO[Main]:   ServerEnv: update active blocks [ms] 
INFO[Main]:   ServerEnv::step() [ms] 
INFO[Main]:   ServerEnvironment::removeRemovedObjects() [ms] 
INFO[Main]:   ServerMap: load block - sync (sum) [ms] _________    1x        2
INFO[Server]: ServerMap: Written: 1078 blocks, 11057 blocks in memory.
INFO[Server]: ServerMap: Blocks modified by: 
INFO[Server]:   finishBlockMake: expireIsAir, MMVManip::blitBackAll     1x      318
INFO[Server]:   setGenerated, finishBlockMake: expireIsAir, MMVManip::blitBackAll     1x      215
INFO[Server]:   setIsUnderground ________________________________    1x      245
INFO[Server]:   setIsUnderground, finishBlockMake: expireIsAir, MMVManip::blitBackAll     1x      140
INFO[Server]:   setIsUnderground, setGenerated, finishBlockMake: expireIsAir, MMVManip::blitBackAll     1x      160
ACTION[Emerge-0]: GRUG_WP40_PROFILE_CALLBACK callback=55 minp=-1872,-32,2608 maxp=-1793,47,2687 blockseed=3017179545 plan_us=334004 writer_us=345894 total_us=679898 columns=6400 candidate_cells=49 candidates=191 r5_runs=6400 result=applied_clq vm_get_emerged_area_calls=1 vm_get_emerged_area_us=3 vm_get_data_calls=1 vm_get_data_us=4060 vm_get_param2_data_calls=1 vm_get_param2_data_us=4064 vm_get_light_data_calls=2 vm_get_light_data_us=8131 vm_set_data_calls=1 vm_set_data_us=6943 vm_set_param2_data_calls=0 vm_set_param2_data_us=0 vm_set_lighting_calls=16 vm_set_lighting_us=148 vm_calc_lighting_calls=1 vm_calc_lighting_us=1653 vm_set_light_data_calls=1 vm_set_light_data_us=6755 vm_update_liquids_calls=1 vm_update_liquids_us=931
INFO[Emerge-0]: initialEmerge: area: (-1808,-48,2592)(-1697,63,2703)=112x112x112=1404928 (5MB)
ACTION[Emerge-0]: GRUG_WP40_PROFILE_CALLBACK callback=56 minp=-1792,-32,2608 maxp=-1713,47,2687 blockseed=3856110743 plan_us=337646 writer_us=349079 total_us=686725 columns=6400 candidate_cells=49 candidates=200 r5_runs=6400 result=applied_clq vm_get_emerged_area_calls=1 vm_get_emerged_area_us=2 vm_get_data_calls=1 vm_get_data_us=4058 vm_get_param2_data_calls=1 vm_get_param2_data_us=4064 vm_get_light_data_calls=2 vm_get_light_data_us=8670 vm_set_data_calls=1 vm_set_data_us=7212 vm_set_param2_data_calls=0 vm_set_param2_data_us=0 vm_set_lighting_calls=16 vm_set_lighting_us=151 vm_calc_lighting_calls=1 vm_calc_lighting_us=1717 vm_set_light_data_calls=1 vm_set_light_data_us=7021 vm_update_liquids_calls=1 vm_update_liquids_us=1004
INFO[Emerge-0]: initialEmerge: area: (-1888,32,2592)(-1777,143,2703)=112x112x112=1404928 (5MB)
INFO[Main]: Profiler:
INFO[Main]:   ActiveObjectMgr: SAO count [#] 
INFO[Main]:   Emerge-0: processed [#] _________________________    1x       18
INFO[Main]:   EmergeThread: Lua on_generated [ms] _____________    2x    683.5
INFO[Main]:   EmergeThread: Mapgen::makeChunk [ms] ____________    2x       29
INFO[Main]:   EmergeThread: after Mapgen::makeChunk [ms] ______    2x        1
INFO[Main]:   EmergeThread: load block - async (sum) [ms] 
INFO[Main]:   EmergeThread: update lighting [ms] ______________   36x    0.555
INFO[Main]:   SEnv: modify in blocks avg per interval [ms] 
INFO[Main]:   Server: collisionMoveSimple() [us] 
INFO[Main]:   Server: map saving (sum) [ms] ___________________    1x       13
INFO[Main]:   Server: map timer and unload [ms] _______________    1x        1
INFO[Main]:   Server: send SAO messages [ms] 
INFO[Main]:   Server: update objects within range [ms] 
INFO[Main]:   Server::AsyncRunStep() [ms] _____________________   20x     0.75
INFO[Main]:   Server::RunStep() (max) [ms] ____________________    1x       51
INFO[Main]:   Server::SendBlocks(): Collect list [ms] 
INFO[Main]:   Server::SendBlocks(): Send to clients [ms] 
INFO[Main]:   Server::yieldTo...() progress [#] 
INFO[Main]:   Server::yieldTo...() sleep [ms] 
INFO[Main]:   ServerEnv: ABMs run 
INFO[Main]:   ServerEnv: Run SAO::step() [ms] 
INFO[Main]:   ServerEnv: Run node timers [ms] 
INFO[Main]:   ServerEnv: active blocks 
INFO[Main]:   ServerEnv: active blocks cached 
INFO[Main]:   ServerEnv: active blocks scanned for ABMs 
INFO[Main]:   ServerEnv: update active blocks [ms] 
INFO[Main]:   ServerEnv::step() [ms] 
INFO[Main]:   ServerEnvironment::removeRemovedObjects() [ms] 
INFO[Main]:   ServerMap: load block - sync (sum) [ms] _________    1x        1
INFO[Server]: ServerMap: Written: 763 blocks, 11407 blocks in memory.
INFO[Server]: ServerMap: Blocks modified by: 
INFO[Server]:   finishBlockMake: expireIsAir, MMVManip::blitBackAll     1x      243
INFO[Server]:   setGenerated, finishBlockMake: expireIsAir, MMVManip::blitBackAll     1x      170
INFO[Server]:   setIsUnderground ________________________________    1x      175
INFO[Server]:   setIsUnderground, finishBlockMake: expireIsAir, MMVManip::blitBackAll     1x       95
INFO[Server]:   setIsUnderground, setGenerated, finishBlockMake: expireIsAir, MMVManip::blitBackAll     1x       80
ACTION[Emerge-0]: GRUG_WP40_PROFILE_CALLBACK callback=57 minp=-1872,48,2608 maxp=-1793,127,2687 blockseed=2810308905 plan_us=79493 writer_us=173572 total_us=253065 columns=6400 candidate_cells=49 candidates=191 r5_runs=22938 result=applied_cplq vm_get_emerged_area_calls=1 vm_get_emerged_area_us=2 vm_get_data_calls=1 vm_get_data_us=3804 vm_get_param2_data_calls=1 vm_get_param2_data_us=3794 vm_get_light_data_calls=2 vm_get_light_data_us=8139 vm_set_data_calls=1 vm_set_data_us=7217 vm_set_param2_data_calls=1 vm_set_param2_data_us=7092 vm_set_lighting_calls=96 vm_set_lighting_us=70 vm_calc_lighting_calls=1 vm_calc_lighting_us=9411 vm_set_light_data_calls=1 vm_set_light_data_us=7029 vm_update_liquids_calls=1 vm_update_liquids_us=944
INFO[Emerge-0]: initialEmerge: area: (-1808,32,2592)(-1697,143,2703)=112x112x112=1404928 (5MB)
ACTION[Emerge-0]: GRUG_WP40_PROFILE_CALLBACK callback=58 minp=-1792,48,2608 maxp=-1713,127,2687 blockseed=2647399901 plan_us=93233 writer_us=174845 total_us=268078 columns=6400 candidate_cells=49 candidates=200 r5_runs=22733 result=applied_cplq vm_get_emerged_area_calls=1 vm_get_emerged_area_us=2 vm_get_data_calls=1 vm_get_data_us=3798 vm_get_param2_data_calls=1 vm_get_param2_data_us=3788 vm_get_light_data_calls=2 vm_get_light_data_us=7591 vm_set_data_calls=1 vm_set_data_us=6938 vm_set_param2_data_calls=1 vm_set_param2_data_us=6818 vm_set_lighting_calls=96 vm_set_lighting_us=80 vm_calc_lighting_calls=1 vm_calc_lighting_us=10705 vm_set_light_data_calls=1 vm_set_light_data_us=6782 vm_update_liquids_calls=1 vm_update_liquids_us=939
INFO[Emerge-0]: initialEmerge: area: (-1888,112,2592)(-1777,223,2703)=112x112x112=1404928 (5MB)
ACTION[Emerge-0]: GRUG_WP40_PROFILE_CALLBACK callback=59 minp=-1872,128,2608 maxp=-1793,207,2687 blockseed=3433010145 plan_us=77266 writer_us=38028 total_us=115294 columns=6400 candidate_cells=49 candidates=191 r5_runs=6400 result=noop_equal_content vm_get_emerged_area_calls=1 vm_get_emerged_area_us=1 vm_get_data_calls=1 vm_get_data_us=3797 vm_get_param2_data_calls=1 vm_get_param2_data_us=3918 vm_get_light_data_calls=0 vm_get_light_data_us=0 vm_set_data_calls=0 vm_set_data_us=0 vm_set_param2_data_calls=0 vm_set_param2_data_us=0 vm_set_lighting_calls=0 vm_set_lighting_us=0 vm_calc_lighting_calls=0 vm_calc_lighting_us=0 vm_set_light_data_calls=0 vm_set_light_data_us=0 vm_update_liquids_calls=0 vm_update_liquids_us=0
INFO[Emerge-0]: initialEmerge: area: (-1808,112,2592)(-1697,223,2703)=112x112x112=1404928 (5MB)
ACTION[Emerge-0]: GRUG_WP40_PROFILE_CALLBACK callback=60 minp=-1792,128,2608 maxp=-1713,207,2687 blockseed=940379459 plan_us=91111 writer_us=38707 total_us=129818 columns=6400 candidate_cells=49 candidates=200 r5_runs=6400 result=noop_equal_content vm_get_emerged_area_calls=1 vm_get_emerged_area_us=2 vm_get_data_calls=1 vm_get_data_us=3799 vm_get_param2_data_calls=1 vm_get_param2_data_us=3792 vm_get_light_data_calls=0 vm_get_light_data_us=0 vm_set_data_calls=0 vm_set_data_us=0 vm_set_param2_data_calls=0 vm_set_param2_data_us=0 vm_set_lighting_calls=0 vm_set_lighting_us=0 vm_calc_lighting_calls=0 vm_calc_lighting_us=0 vm_set_light_data_calls=0 vm_set_light_data_us=0 vm_update_liquids_calls=0 vm_update_liquids_us=0
ACTION[Emerge-0]: [grug_core] start area ready: undead (4/6, 33.7 s)
ACTION[Emerge-0]: GRUG_WP40_PROFILE_PROBE phase=cold event=emerge case=owner_-112:-32:-2592 mapchunk=-112,-32,-2592 elapsed_us=11727287 generated=0 disk=0 memory=125 cancelled=0 errored=0
INFO[Emerge-0]: initialEmerge: area: (-128,-48,2432)(-17,63,2543)=112x112x112=1404928 (5MB)
ACTION[Server]: [grug_mobs] start npcs stillgrave: grug_mobs:guard_throng placed at socket gate_west (-1804,49,2494)
ACTION[Server]: [grug_mobs] start npcs stillgrave: grug_mobs:guard_throng placed at socket gate_east (-1796,49,2494)
ACTION[Server]: [grug_mobs] start npcs stillgrave: grug_mobs:guard_throng placed at socket watch_gate (-1800,49,2498)
ACTION[Server]: [grug_mobs] start npcs stillgrave: grug_traders:vendor_race_undead placed at socket court_vendor (-1793,49,2545)
ACTION[Server]: [grug_mobs] start npcs stillgrave: grug_mobs:villager_undead placed at socket idle_warden_door (-1813,49,2582)
ACTION[Server]: [grug_mobs] start npcs stillgrave: grug_mobs:villager_undead placed at socket idle_court_settle (-1810,49,2554)
ACTION[Server]: [grug_mobs] start npcs stillgrave: grug_mobs:villager_undead placed at socket idle_bone_works (-1778,49,2549)
ACTION[Server]: [grug_mobs] start npcs stillgrave: grug_mobs:villager_undead placed at socket idle_gate_brazier (-1805,49,2493)
ACTION[Server]: [grug_mobs] start npcs stillgrave: grug_mobs:elder_undead placed at socket hall_quest (-1798,49,2560)
ACTION[Server]: [grug_mobs] start npcs undead stillgrave: guards 3/3 flair 4/4 vendor 1/1 quest 1/1 new 9 pending 0
INFO[Main]: Profiler:
INFO[Main]:   ActiveObjectMgr: SAO count [#] __________________   20x     3.75
INFO[Main]:   Emerge-0: processed [#] _________________________    1x      179
INFO[Main]:   EmergeThread: Lua on_generated [ms] _____________    4x      192
INFO[Main]:   EmergeThread: Mapgen::makeChunk [ms] ____________    4x    27.75
INFO[Main]:   EmergeThread: after Mapgen::makeChunk [ms] ______    4x     0.75
INFO[Main]:   EmergeThread: load block - async (sum) [ms] 
INFO[Main]:   EmergeThread: update lighting [ms] ______________  198x    0.292
INFO[Main]:   SEnv: modify in blocks avg per interval [ms] 
INFO[Main]:   Server: collisionMoveSimple() [us] ______________   54x    1.888
INFO[Main]:   Server: map saving (sum) [ms] ___________________    1x        9
INFO[Main]:   Server: map timer and unload [ms] 
INFO[Main]:   Server: send SAO messages [ms] 
INFO[Main]:   Server: update objects within range [ms] 
INFO[Main]:   Server::AsyncRunStep() [ms] _____________________   20x      0.6
INFO[Main]:   Server::RunStep() (max) [ms] ____________________    1x       51
INFO[Main]:   Server::SendBlocks(): Collect list [ms] 
INFO[Main]:   Server::SendBlocks(): Send to clients [ms] 
INFO[Main]:   Server::yieldTo...() progress [#] 
INFO[Main]:   Server::yieldTo...() sleep [ms] 
INFO[Main]:   ServerEnv: ABMs run 
INFO[Main]:   ServerEnv: Run SAO::step() [ms] _________________   20x     0.05
INFO[Main]:   ServerEnv: Run node timers [ms] 
INFO[Main]:   ServerEnv: active blocks 
INFO[Main]:   ServerEnv: active blocks cached 
INFO[Main]:   ServerEnv: active blocks scanned for ABMs 
INFO[Main]:   ServerEnv: update active blocks [ms] 
INFO[Main]:   ServerEnv::step() [ms] __________________________   20x     0.15
INFO[Main]:   ServerEnvironment::removeRemovedObjects() [ms] 
INFO[Main]:   ServerMap: load block - sync (sum) [ms] _________    1x        3
INFO[Server]: ServerMap: Written: 1358 blocks, 12175 blocks in memory.
INFO[Server]: ServerMap: Blocks modified by: 
INFO[Server]:   addActiveObjectRaw, deactivateFarObjects: static data changed     1x        7
INFO[Server]:   finishBlockMake: expireIsAir, MMVManip::blitBackAll     1x      323
INFO[Server]:   setGenerated, finishBlockMake: expireIsAir, MMVManip::blitBackAll     1x      260
INFO[Server]:   setIsUnderground ________________________________    1x      343
INFO[Server]:   setIsUnderground, finishBlockMake: expireIsAir, MMVManip::blitBackAll     1x      185
INFO[Server]:   setIsUnderground, setGenerated, finishBlockMake: expireIsAir, MMVManip::blitBackAll     1x      240
ACTION[Emerge-0]: GRUG_WP40_PROFILE_CALLBACK callback=61 minp=-112,-32,2448 maxp=-33,47,2527 blockseed=622094185 plan_us=475188 writer_us=338567 total_us=813755 columns=6400 candidate_cells=49 candidates=2860 r5_runs=20294 result=applied_cplq vm_get_emerged_area_calls=1 vm_get_emerged_area_us=1 vm_get_data_calls=1 vm_get_data_us=3809 vm_get_param2_data_calls=1 vm_get_param2_data_us=3790 vm_get_light_data_calls=2 vm_get_light_data_us=8129 vm_set_data_calls=1 vm_set_data_us=7215 vm_set_param2_data_calls=1 vm_set_param2_data_us=7098 vm_set_lighting_calls=1 vm_set_lighting_us=144 vm_calc_lighting_calls=1 vm_calc_lighting_us=1326 vm_set_light_data_calls=1 vm_set_light_data_us=7037 vm_update_liquids_calls=1 vm_update_liquids_us=973
INFO[Emerge-0]: initialEmerge: area: (-48,-48,2432)(63,63,2543)=112x112x112=1404928 (5MB)
INFO[Main]: Profiler:
INFO[Main]:   ActiveObjectMgr: SAO count [#] __________________   20x        3
INFO[Main]:   Emerge-0: processed [#] _________________________    1x        2
INFO[Main]:   EmergeThread: Lua on_generated [ms] _____________    1x      814
INFO[Main]:   EmergeThread: Mapgen::makeChunk [ms] ____________    1x       30
INFO[Main]:   EmergeThread: after Mapgen::makeChunk [ms] ______    1x        1
INFO[Main]:   EmergeThread: load block - async (sum) [ms] 
INFO[Main]:   EmergeThread: update lighting [ms] ______________    3x        2
INFO[Main]:   SEnv: modify in blocks avg per interval [ms] 
INFO[Main]:   Server: collisionMoveSimple() [us] 
INFO[Main]:   Server: map saving (sum) [ms] ___________________    1x       16
INFO[Main]:   Server: map timer and unload [ms] 
INFO[Main]:   Server: send SAO messages [ms] 
INFO[Main]:   Server: update objects within range [ms] 
INFO[Main]:   Server::AsyncRunStep() [ms] _____________________   20x     0.85
INFO[Main]:   Server::RunStep() (max) [ms] ____________________    1x       51
INFO[Main]:   Server::SendBlocks(): Collect list [ms] 
INFO[Main]:   Server::SendBlocks(): Send to clients [ms] 
INFO[Main]:   Server::yieldTo...() progress [#] 
INFO[Main]:   Server::yieldTo...() sleep [ms] 
INFO[Main]:   ServerEnv: ABMs run 
INFO[Main]:   ServerEnv: Run SAO::step() [ms] _________________   20x     0.05
INFO[Main]:   ServerEnv: Run node timers [ms] 
INFO[Main]:   ServerEnv: active blocks 
INFO[Main]:   ServerEnv: active blocks cached 
INFO[Main]:   ServerEnv: active blocks scanned for ABMs 
INFO[Main]:   ServerEnv: update active blocks [ms] 
INFO[Main]:   ServerEnv::step() [ms] __________________________   20x     0.05
INFO[Main]:   ServerEnvironment::removeRemovedObjects() [ms] 
INFO[Main]:   ServerMap: load block - sync (sum) [ms] _________    1x        1
INFO[Server]: ServerMap: Written: 588 blocks, 12420 blocks in memory.
INFO[Server]: ServerMap: Blocks modified by: 
INFO[Server]:   finishBlockMake: expireIsAir, MMVManip::blitBackAll     1x      218
INFO[Server]:   setGenerated, finishBlockMake: expireIsAir, MMVManip::blitBackAll     1x      125
INFO[Server]:   setIsUnderground ________________________________    1x      245
ACTION[Emerge-0]: GRUG_WP40_PROFILE_CALLBACK callback=62 minp=-32,-32,2448 maxp=47,47,2527 blockseed=2434194985 plan_us=312979 writer_us=332916 total_us=645895 columns=6400 candidate_cells=49 candidates=1449 r5_runs=19397 result=applied_cplq vm_get_emerged_area_calls=1 vm_get_emerged_area_us=2 vm_get_data_calls=1 vm_get_data_us=4087 vm_get_param2_data_calls=1 vm_get_param2_data_us=4082 vm_get_light_data_calls=2 vm_get_light_data_us=8148 vm_set_data_calls=1 vm_set_data_us=7220 vm_set_param2_data_calls=1 vm_set_param2_data_us=7099 vm_set_lighting_calls=1 vm_set_lighting_us=156 vm_calc_lighting_calls=1 vm_calc_lighting_us=1367 vm_set_light_data_calls=1 vm_set_light_data_us=7041 vm_update_liquids_calls=1 vm_update_liquids_us=975
INFO[Emerge-0]: initialEmerge: area: (32,-48,2432)(143,63,2543)=112x112x112=1404928 (5MB)
INFO[Main]: Profiler:
INFO[Main]:   ActiveObjectMgr: SAO count [#] 
INFO[Main]:   Emerge-0: processed [#] _________________________    1x        5
INFO[Main]:   EmergeThread: Lua on_generated [ms] _____________    1x      646
INFO[Main]:   EmergeThread: Mapgen::makeChunk [ms] ____________    1x       29
INFO[Main]:   EmergeThread: after Mapgen::makeChunk [ms] ______    1x        1
INFO[Main]:   EmergeThread: load block - async (sum) [ms] 
INFO[Main]:   EmergeThread: update lighting [ms] ______________    5x      1.6
INFO[Main]:   SEnv: modify in blocks avg per interval [ms] 
INFO[Main]:   Server: collisionMoveSimple() [us] 
INFO[Main]:   Server: map saving (sum) [ms] ___________________    1x        7
INFO[Main]:   Server: map timer and unload [ms] _______________    1x        1
INFO[Main]:   Server: send SAO messages [ms] 
INFO[Main]:   Server: update objects within range [ms] 
INFO[Main]:   Server::AsyncRunStep() [ms] _____________________   20x     0.45
INFO[Main]:   Server::RunStep() (max) [ms] ____________________    1x       51
INFO[Main]:   Server::SendBlocks(): Collect list [ms] 
INFO[Main]:   Server::SendBlocks(): Send to clients [ms] 
INFO[Main]:   Server::yieldTo...() progress [#] 
INFO[Main]:   Server::yieldTo...() sleep [ms] _________________    1x        1
INFO[Main]:   ServerEnv: ABMs run 
INFO[Main]:   ServerEnv: Run SAO::step() [ms] 
INFO[Main]:   ServerEnv: Run node timers [ms] 
INFO[Main]:   ServerEnv: active blocks 
INFO[Main]:   ServerEnv: active blocks cached 
INFO[Main]:   ServerEnv: active blocks scanned for ABMs 
INFO[Main]:   ServerEnv: update active blocks [ms] 
INFO[Main]:   ServerEnv::step() [ms] 
INFO[Main]:   ServerEnvironment::removeRemovedObjects() [ms] 
INFO[Main]:   ServerMap: load block - sync (sum) [ms] 
ACTION[Emerge-0]: GRUG_WP40_PROFILE_CALLBACK callback=63 minp=48,-32,2448 maxp=127,47,2527 blockseed=75234537 plan_us=453553 writer_us=316247 total_us=769800 columns=6400 candidate_cells=49 candidates=3075 r5_runs=22383 result=applied_cplq vm_get_emerged_area_calls=1 vm_get_emerged_area_us=2 vm_get_data_calls=1 vm_get_data_us=4070 vm_get_param2_data_calls=1 vm_get_param2_data_us=4067 vm_get_light_data_calls=2 vm_get_light_data_us=8148 vm_set_data_calls=1 vm_set_data_us=7221 vm_set_param2_data_calls=1 vm_set_param2_data_us=7101 vm_set_lighting_calls=1 vm_set_lighting_us=151 vm_calc_lighting_calls=1 vm_calc_lighting_us=2246 vm_set_light_data_calls=1 vm_set_light_data_us=7040 vm_update_liquids_calls=1 vm_update_liquids_us=1033
INFO[Emerge-0]: initialEmerge: area: (-128,32,2432)(-17,143,2543)=112x112x112=1404928 (5MB)
INFO[Server]: ServerMap: Written: 833 blocks, 12910 blocks in memory.
INFO[Server]: ServerMap: Blocks modified by: 
INFO[Server]:   finishBlockMake: expireIsAir, MMVManip::blitBackAll     1x      193
INFO[Server]:   setGenerated, finishBlockMake: expireIsAir, MMVManip::blitBackAll     1x      150
INFO[Server]:   setIsUnderground ________________________________    1x      245
INFO[Server]:   setIsUnderground, finishBlockMake: expireIsAir, MMVManip::blitBackAll     1x      145
INFO[Server]:   setIsUnderground, setGenerated, finishBlockMake: expireIsAir, MMVManip::blitBackAll     1x      100
ACTION[Emerge-0]: GRUG_WP40_PROFILE_CALLBACK callback=64 minp=-112,48,2448 maxp=-33,127,2527 blockseed=940946297 plan_us=138879 writer_us=89445 total_us=228324 columns=6400 candidate_cells=49 candidates=2860 r5_runs=11165 result=applied_cplq vm_get_emerged_area_calls=1 vm_get_emerged_area_us=2 vm_get_data_calls=1 vm_get_data_us=3838 vm_get_param2_data_calls=1 vm_get_param2_data_us=3799 vm_get_light_data_calls=2 vm_get_light_data_us=7609 vm_set_data_calls=1 vm_set_data_us=6952 vm_set_param2_data_calls=1 vm_set_param2_data_us=6834 vm_set_lighting_calls=50 vm_set_lighting_us=30 vm_calc_lighting_calls=1 vm_calc_lighting_us=8113 vm_set_light_data_calls=1 vm_set_light_data_us=7041 vm_update_liquids_calls=1 vm_update_liquids_us=974
INFO[Emerge-0]: initialEmerge: area: (-48,32,2432)(63,143,2543)=112x112x112=1404928 (5MB)
ACTION[Emerge-0]: GRUG_WP40_PROFILE_CALLBACK callback=65 minp=-32,48,2448 maxp=47,127,2527 blockseed=1876007353 plan_us=81527 writer_us=94646 total_us=176173 columns=6400 candidate_cells=49 candidates=1449 r5_runs=12115 result=applied_cplq vm_get_emerged_area_calls=1 vm_get_emerged_area_us=2 vm_get_data_calls=1 vm_get_data_us=3810 vm_get_param2_data_calls=1 vm_get_param2_data_us=3801 vm_get_light_data_calls=2 vm_get_light_data_us=8171 vm_set_data_calls=1 vm_set_data_us=7486 vm_set_param2_data_calls=1 vm_set_param2_data_us=7374 vm_set_lighting_calls=55 vm_set_lighting_us=60 vm_calc_lighting_calls=1 vm_calc_lighting_us=10242 vm_set_light_data_calls=1 vm_set_light_data_us=7295 vm_update_liquids_calls=1 vm_update_liquids_us=976
INFO[Emerge-0]: initialEmerge: area: (32,32,2432)(143,143,2543)=112x112x112=1404928 (5MB)
ACTION[Emerge-0]: GRUG_WP40_PROFILE_CALLBACK callback=66 minp=48,48,2448 maxp=127,127,2527 blockseed=623111033 plan_us=141644 writer_us=90060 total_us=231704 columns=6400 candidate_cells=49 candidates=3075 r5_runs=9234 result=applied_cplq vm_get_emerged_area_calls=1 vm_get_emerged_area_us=2 vm_get_data_calls=1 vm_get_data_us=4081 vm_get_param2_data_calls=1 vm_get_param2_data_us=4069 vm_get_light_data_calls=2 vm_get_light_data_us=8149 vm_set_data_calls=1 vm_set_data_us=6949 vm_set_param2_data_calls=1 vm_set_param2_data_us=6828 vm_set_lighting_calls=50 vm_set_lighting_us=30 vm_calc_lighting_calls=1 vm_calc_lighting_us=9837 vm_set_light_data_calls=1 vm_set_light_data_us=6763 vm_update_liquids_calls=1 vm_update_liquids_us=959
INFO[Emerge-0]: initialEmerge: area: (-128,-48,2512)(-17,63,2623)=112x112x112=1404928 (5MB)
INFO[Main]: Profiler:
INFO[Main]:   ActiveObjectMgr: SAO count [#] 
INFO[Main]:   Emerge-0: processed [#] _________________________    1x      161
INFO[Main]:   EmergeThread: Lua on_generated [ms] _____________    4x    351.5
INFO[Main]:   EmergeThread: Mapgen::makeChunk [ms] ____________    4x     26.5
INFO[Main]:   EmergeThread: after Mapgen::makeChunk [ms] ______    4x      0.5
INFO[Main]:   EmergeThread: load block - async (sum) [ms] 
INFO[Main]:   EmergeThread: update lighting [ms] ______________  162x    0.376
INFO[Main]:   SEnv: modify in blocks avg per interval [ms] 
INFO[Main]:   Server: collisionMoveSimple() [us] 
INFO[Main]:   Server: map saving (sum) [ms] ___________________    1x       11
INFO[Main]:   Server: map timer and unload [ms] 
INFO[Main]:   Server: send SAO messages [ms] 
INFO[Main]:   Server: update objects within range [ms] 
INFO[Main]:   Server::AsyncRunStep() [ms] _____________________   20x     0.55
INFO[Main]:   Server::RunStep() (max) [ms] ____________________    1x       51
INFO[Main]:   Server::SendBlocks(): Collect list [ms] 
INFO[Main]:   Server::SendBlocks(): Send to clients [ms] 
INFO[Main]:   Server::yieldTo...() progress [#] 
INFO[Main]:   Server::yieldTo...() sleep [ms] 
INFO[Main]:   ServerEnv: ABMs run 
INFO[Main]:   ServerEnv: Run SAO::step() [ms] 
INFO[Main]:   ServerEnv: Run node timers [ms] 
INFO[Main]:   ServerEnv: active blocks 
INFO[Main]:   ServerEnv: active blocks cached 
INFO[Main]:   ServerEnv: active blocks scanned for ABMs 
INFO[Main]:   ServerEnv: update active blocks [ms] 
INFO[Main]:   ServerEnv::step() [ms] 
INFO[Main]:   ServerEnvironment::removeRemovedObjects() [ms] 
INFO[Main]:   ServerMap: load block - sync (sum) [ms] _________    1x        1
INFO[Server]: ServerMap: Written: 1078 blocks, 13505 blocks in memory.
INFO[Server]: ServerMap: Blocks modified by: 
INFO[Server]:   finishBlockMake: expireIsAir, MMVManip::blitBackAll     1x      288
INFO[Server]:   setGenerated, finishBlockMake: expireIsAir, MMVManip::blitBackAll     1x      195
INFO[Server]:   setIsUnderground ________________________________    1x      245
INFO[Server]:   setIsUnderground, finishBlockMake: expireIsAir, MMVManip::blitBackAll     1x      170
INFO[Server]:   setIsUnderground, setGenerated, finishBlockMake: expireIsAir, MMVManip::blitBackAll     1x      180
ACTION[Emerge-0]: GRUG_WP40_PROFILE_CALLBACK callback=67 minp=-112,-32,2528 maxp=-33,47,2607 blockseed=1035896537 plan_us=337911 writer_us=338380 total_us=676291 columns=6400 candidate_cells=49 candidates=2249 r5_runs=19190 result=applied_cplq vm_get_emerged_area_calls=1 vm_get_emerged_area_us=2 vm_get_data_calls=1 vm_get_data_us=3831 vm_get_param2_data_calls=1 vm_get_param2_data_us=3818 vm_get_light_data_calls=2 vm_get_light_data_us=8165 vm_set_data_calls=1 vm_set_data_us=7243 vm_set_param2_data_calls=1 vm_set_param2_data_us=7119 vm_set_lighting_calls=16 vm_set_lighting_us=157 vm_calc_lighting_calls=1 vm_calc_lighting_us=2365 vm_set_light_data_calls=1 vm_set_light_data_us=7040 vm_update_liquids_calls=1 vm_update_liquids_us=989
INFO[Emerge-0]: initialEmerge: area: (-48,-48,2512)(63,63,2623)=112x112x112=1404928 (5MB)
ACTION[Emerge-0]: GRUG_WP40_PROFILE_CALLBACK callback=68 minp=-32,-32,2528 maxp=47,47,2607 blockseed=3006354137 plan_us=189591 writer_us=335191 total_us=524782 columns=6400 candidate_cells=49 candidates=240 r5_runs=19200 result=applied_cplq vm_get_emerged_area_calls=1 vm_get_emerged_area_us=2 vm_get_data_calls=1 vm_get_data_us=4077 vm_get_param2_data_calls=1 vm_get_param2_data_us=4078 vm_get_light_data_calls=2 vm_get_light_data_us=8150 vm_set_data_calls=1 vm_set_data_us=6939 vm_set_param2_data_calls=1 vm_set_param2_data_us=6823 vm_set_lighting_calls=16 vm_set_lighting_us=144 vm_calc_lighting_calls=1 vm_calc_lighting_us=2722 vm_set_light_data_calls=1 vm_set_light_data_us=6760 vm_update_liquids_calls=1 vm_update_liquids_us=1062
INFO[Emerge-0]: initialEmerge: area: (32,-48,2512)(143,63,2623)=112x112x112=1404928 (5MB)
INFO[Main]: Profiler:
INFO[Main]:   ActiveObjectMgr: SAO count [#] 
INFO[Main]:   Emerge-0: processed [#] _________________________    1x        7
INFO[Main]:   EmergeThread: Lua on_generated [ms] _____________    2x    600.5
INFO[Main]:   EmergeThread: Mapgen::makeChunk [ms] ____________    1x       30
INFO[Main]:   EmergeThread: after Mapgen::makeChunk [ms] ______    2x        1
INFO[Main]:   EmergeThread: load block - async (sum) [ms] 
INFO[Main]:   EmergeThread: update lighting [ms] ______________   35x    0.228
INFO[Main]:   SEnv: modify in blocks avg per interval [ms] 
INFO[Main]:   Server: collisionMoveSimple() [us] 
INFO[Main]:   Server: map saving (sum) [ms] ___________________    1x       14
INFO[Main]:   Server: map timer and unload [ms] 
INFO[Main]:   Server: send SAO messages [ms] 
INFO[Main]:   Server: update objects within range [ms] 
INFO[Main]:   Server::AsyncRunStep() [ms] _____________________   20x     0.75
INFO[Main]:   Server::RunStep() (max) [ms] ____________________    1x       51
INFO[Main]:   Server::SendBlocks(): Collect list [ms] 
INFO[Main]:   Server::SendBlocks(): Send to clients [ms] 
INFO[Main]:   Server::yieldTo...() progress [#] 
INFO[Main]:   Server::yieldTo...() sleep [ms] 
INFO[Main]:   ServerEnv: ABMs run 
INFO[Main]:   ServerEnv: Run SAO::step() [ms] 
INFO[Main]:   ServerEnv: Run node timers [ms] 
INFO[Main]:   ServerEnv: active blocks 
INFO[Main]:   ServerEnv: active blocks cached 
INFO[Main]:   ServerEnv: active blocks scanned for ABMs 
INFO[Main]:   ServerEnv: update active blocks [ms] 
INFO[Main]:   ServerEnv::step() [ms] __________________________   20x     0.05
INFO[Main]:   ServerEnvironment::removeRemovedObjects() [ms] 
INFO[Main]:   ServerMap: load block - sync (sum) [ms] _________    1x        2
INFO[Server]: ServerMap: Written: 763 blocks, 13855 blocks in memory.
INFO[Server]: ServerMap: Blocks modified by: 
INFO[Server]:   finishBlockMake: expireIsAir, MMVManip::blitBackAll     1x      243
INFO[Server]:   setGenerated, finishBlockMake: expireIsAir, MMVManip::blitBackAll     1x      170
INFO[Server]:   setIsUnderground ________________________________    1x      175
INFO[Server]:   setIsUnderground, finishBlockMake: expireIsAir, MMVManip::blitBackAll     1x       95
INFO[Server]:   setIsUnderground, setGenerated, finishBlockMake: expireIsAir, MMVManip::blitBackAll     1x       80
ACTION[Emerge-0]: GRUG_WP40_PROFILE_CALLBACK callback=69 minp=48,-32,2528 maxp=127,47,2607 blockseed=4016888213 plan_us=294701 writer_us=340976 total_us=635677 columns=6400 candidate_cells=49 candidates=2761 r5_runs=20823 result=applied_cplq vm_get_emerged_area_calls=1 vm_get_emerged_area_us=2 vm_get_data_calls=1 vm_get_data_us=4081 vm_get_param2_data_calls=1 vm_get_param2_data_us=4081 vm_get_light_data_calls=2 vm_get_light_data_us=8694 vm_set_data_calls=1 vm_set_data_us=6958 vm_set_param2_data_calls=1 vm_set_param2_data_us=6838 vm_set_lighting_calls=16 vm_set_lighting_us=166 vm_calc_lighting_calls=1 vm_calc_lighting_us=2642 vm_set_light_data_calls=1 vm_set_light_data_us=6762 vm_update_liquids_calls=1 vm_update_liquids_us=1027
INFO[Emerge-0]: initialEmerge: area: (-128,32,2512)(-17,143,2623)=112x112x112=1404928 (5MB)
ACTION[Emerge-0]: GRUG_WP40_PROFILE_CALLBACK callback=70 minp=-112,48,2528 maxp=-33,127,2607 blockseed=60822161 plan_us=115370 writer_us=153132 total_us=268502 columns=6400 candidate_cells=49 candidates=2249 r5_runs=12710 result=applied_cplq vm_get_emerged_area_calls=1 vm_get_emerged_area_us=2 vm_get_data_calls=1 vm_get_data_us=4070 vm_get_param2_data_calls=1 vm_get_param2_data_us=4065 vm_get_light_data_calls=2 vm_get_light_data_us=8144 vm_set_data_calls=1 vm_set_data_us=7492 vm_set_param2_data_calls=1 vm_set_param2_data_us=7388 vm_set_lighting_calls=96 vm_set_lighting_us=86 vm_calc_lighting_calls=1 vm_calc_lighting_us=10105 vm_set_light_data_calls=1 vm_set_light_data_us=7308 vm_update_liquids_calls=1 vm_update_liquids_us=1118
INFO[Emerge-0]: initialEmerge: area: (-48,32,2512)(63,143,2623)=112x112x112=1404928 (5MB)
INFO[Main]: Profiler:
INFO[Main]:   ActiveObjectMgr: SAO count [#] 
INFO[Main]:   Emerge-0: processed [#] _________________________    1x       11
INFO[Main]:   EmergeThread: Lua on_generated [ms] _____________    2x    452.5
INFO[Main]:   EmergeThread: Mapgen::makeChunk [ms] ____________    3x   27.333
INFO[Main]:   EmergeThread: after Mapgen::makeChunk [ms] ______    2x        1
INFO[Main]:   EmergeThread: load block - async (sum) [ms] 
INFO[Main]:   EmergeThread: update lighting [ms] ______________  117x    0.324
INFO[Main]:   SEnv: modify in blocks avg per interval [ms] 
INFO[Main]:   Server: collisionMoveSimple() [us] 
INFO[Main]:   Server: map saving (sum) [ms] ___________________    1x       11
INFO[Main]:   Server: map timer and unload [ms] 
INFO[Main]:   Server: send SAO messages [ms] 
INFO[Main]:   Server: update objects within range [ms] 
INFO[Main]:   Server::AsyncRunStep() [ms] _____________________   20x     0.65
INFO[Main]:   Server::RunStep() (max) [ms] ____________________    1x       51
INFO[Main]:   Server::SendBlocks(): Collect list [ms] 
INFO[Main]:   Server::SendBlocks(): Send to clients [ms] 
INFO[Main]:   Server::yieldTo...() progress [#] 
INFO[Main]:   Server::yieldTo...() sleep [ms] 
INFO[Main]:   ServerEnv: ABMs run 
INFO[Main]:   ServerEnv: Run SAO::step() [ms] 
INFO[Main]:   ServerEnv: Run node timers [ms] 
INFO[Main]:   ServerEnv: active blocks 
INFO[Main]:   ServerEnv: active blocks cached 
INFO[Main]:   ServerEnv: active blocks scanned for ABMs 
INFO[Main]:   ServerEnv: update active blocks [ms] 
INFO[Main]:   ServerEnv::step() [ms] __________________________   20x      0.1
INFO[Main]:   ServerEnvironment::removeRemovedObjects() [ms] 
INFO[Main]:   ServerMap: load block - sync (sum) [ms] 
INFO[Server]: ServerMap: Written: 811 blocks, 14155 blocks in memory.
INFO[Server]: ServerMap: Blocks modified by: 
INFO[Server]:   finishBlockMake: expireIsAir, MMVManip::blitBackAll     1x      341
INFO[Server]:   setGenerated, finishBlockMake: expireIsAir, MMVManip::blitBackAll     1x      170
INFO[Server]:   setIsUnderground ________________________________    1x      125
INFO[Server]:   setIsUnderground, finishBlockMake: expireIsAir, MMVManip::blitBackAll     1x       95
INFO[Server]:   setIsUnderground, setGenerated, finishBlockMake: expireIsAir, MMVManip::blitBackAll     1x       80
ACTION[Emerge-0]: GRUG_WP40_PROFILE_CALLBACK callback=71 minp=-32,48,2528 maxp=47,127,2607 blockseed=2726723217 plan_us=42833 writer_us=98856 total_us=141689 columns=6400 candidate_cells=49 candidates=240 r5_runs=12800 result=applied_cplq vm_get_emerged_area_calls=1 vm_get_emerged_area_us=2 vm_get_data_calls=1 vm_get_data_us=3798 vm_get_param2_data_calls=1 vm_get_param2_data_us=3792 vm_get_light_data_calls=2 vm_get_light_data_us=8150 vm_set_data_calls=1 vm_set_data_us=7487 vm_set_param2_data_calls=1 vm_set_param2_data_us=7388 vm_set_lighting_calls=96 vm_set_lighting_us=99 vm_calc_lighting_calls=1 vm_calc_lighting_us=13040 vm_set_light_data_calls=1 vm_set_light_data_us=7306 vm_update_liquids_calls=1 vm_update_liquids_us=1024
INFO[Emerge-0]: initialEmerge: area: (32,32,2512)(143,143,2623)=112x112x112=1404928 (5MB)
ACTION[Emerge-0]: GRUG_WP40_PROFILE_CALLBACK callback=72 minp=48,48,2528 maxp=127,127,2607 blockseed=1648967387 plan_us=131402 writer_us=86890 total_us=218292 columns=6400 candidate_cells=49 candidates=2761 r5_runs=10653 result=applied_clq vm_get_emerged_area_calls=1 vm_get_emerged_area_us=1 vm_get_data_calls=1 vm_get_data_us=4070 vm_get_param2_data_calls=1 vm_get_param2_data_us=4069 vm_get_light_data_calls=2 vm_get_light_data_us=8147 vm_set_data_calls=1 vm_set_data_us=7488 vm_set_param2_data_calls=0 vm_set_param2_data_us=0 vm_set_lighting_calls=96 vm_set_lighting_us=44 vm_calc_lighting_calls=1 vm_calc_lighting_us=11464 vm_set_light_data_calls=1 vm_set_light_data_us=7300 vm_update_liquids_calls=1 vm_update_liquids_us=1135
INFO[Emerge-0]: initialEmerge: area: (-128,-48,2592)(-17,63,2703)=112x112x112=1404928 (5MB)
INFO[Main]: Profiler:
INFO[Main]:   ActiveObjectMgr: SAO count [#] 
INFO[Main]:   Emerge-0: processed [#] _________________________    1x      262
INFO[Main]:   EmergeThread: Lua on_generated [ms] _____________    2x    179.5
INFO[Main]:   EmergeThread: Mapgen::makeChunk [ms] ____________    2x     28.5
INFO[Main]:   EmergeThread: after Mapgen::makeChunk [ms] ______    2x        1
INFO[Main]:   EmergeThread: load block - async (sum) [ms] 
INFO[Main]:   EmergeThread: update lighting [ms] ______________  196x    0.209
INFO[Main]:   SEnv: modify in blocks avg per interval [ms] 
INFO[Main]:   Server: collisionMoveSimple() [us] 
INFO[Main]:   Server: map saving (sum) [ms] ___________________    1x       11
INFO[Main]:   Server: map timer and unload [ms] 
INFO[Main]:   Server: send SAO messages [ms] 
INFO[Main]:   Server: update objects within range [ms] 
INFO[Main]:   Server::AsyncRunStep() [ms] _____________________   20x     0.55
INFO[Main]:   Server::RunStep() (max) [ms] ____________________    1x       51
INFO[Main]:   Server::SendBlocks(): Collect list [ms] 
INFO[Main]:   Server::SendBlocks(): Send to clients [ms] 
INFO[Main]:   Server::yieldTo...() progress [#] 
INFO[Main]:   Server::yieldTo...() sleep [ms] 
INFO[Main]:   ServerEnv: ABMs run 
INFO[Main]:   ServerEnv: Run SAO::step() [ms] 
INFO[Main]:   ServerEnv: Run node timers [ms] 
INFO[Main]:   ServerEnv: active blocks 
INFO[Main]:   ServerEnv: active blocks cached 
INFO[Main]:   ServerEnv: active blocks scanned for ABMs 
INFO[Main]:   ServerEnv: update active blocks [ms] 
INFO[Main]:   ServerEnv::step() [ms] 
INFO[Main]:   ServerEnvironment::removeRemovedObjects() [ms] 
INFO[Main]:   ServerMap: load block - sync (sum) [ms] 
INFO[Server]: ServerMap: Written: 833 blocks, 14525 blocks in memory.
INFO[Server]: ServerMap: Blocks modified by: 
INFO[Server]:   finishBlockMake: expireIsAir, MMVManip::blitBackAll     1x      277
INFO[Server]:   setGenerated, finishBlockMake: expireIsAir, MMVManip::blitBackAll     1x      186
INFO[Server]:   setIsUnderground ________________________________    1x      245
INFO[Server]:   setIsUnderground, finishBlockMake: expireIsAir, MMVManip::blitBackAll     1x       61
INFO[Server]:   setIsUnderground, setGenerated, finishBlockMake: expireIsAir, MMVManip::blitBackAll     1x       64
ACTION[Emerge-0]: GRUG_WP40_PROFILE_CALLBACK callback=73 minp=-112,-32,2608 maxp=-33,47,2687 blockseed=2473450347 plan_us=370244 writer_us=378940 total_us=749184 columns=6400 candidate_cells=49 candidates=3381 r5_runs=21806 result=applied_cplq vm_get_emerged_area_calls=1 vm_get_emerged_area_us=1 vm_get_data_calls=1 vm_get_data_us=3803 vm_get_param2_data_calls=1 vm_get_param2_data_us=3800 vm_get_light_data_calls=2 vm_get_light_data_us=7620 vm_set_data_calls=1 vm_set_data_us=7235 vm_set_param2_data_calls=1 vm_set_param2_data_us=7122 vm_set_lighting_calls=16 vm_set_lighting_us=153 vm_calc_lighting_calls=1 vm_calc_lighting_us=2657 vm_set_light_data_calls=1 vm_set_light_data_us=7052 vm_update_liquids_calls=1 vm_update_liquids_us=1021
INFO[Emerge-0]: initialEmerge: area: (-48,-48,2592)(63,63,2703)=112x112x112=1404928 (5MB)
ACTION[Emerge-0]: GRUG_WP40_PROFILE_CALLBACK callback=74 minp=-32,-32,2608 maxp=47,47,2687 blockseed=666312267 plan_us=282007 writer_us=378808 total_us=660815 columns=6400 candidate_cells=49 candidates=3004 r5_runs=20252 result=applied_cplq vm_get_emerged_area_calls=1 vm_get_emerged_area_us=3 vm_get_data_calls=1 vm_get_data_us=4080 vm_get_param2_data_calls=1 vm_get_param2_data_us=4078 vm_get_light_data_calls=2 vm_get_light_data_us=8134 vm_set_data_calls=1 vm_set_data_us=7221 vm_set_param2_data_calls=1 vm_set_param2_data_us=7101 vm_set_lighting_calls=16 vm_set_lighting_us=116 vm_calc_lighting_calls=1 vm_calc_lighting_us=2720 vm_set_light_data_calls=1 vm_set_light_data_us=7046 vm_update_liquids_calls=1 vm_update_liquids_us=1262
INFO[Emerge-0]: initialEmerge: area: (32,-48,2592)(143,63,2703)=112x112x112=1404928 (5MB)
INFO[Main]: Profiler:
INFO[Main]:   ActiveObjectMgr: SAO count [#] 
INFO[Main]:   Emerge-0: processed [#] _________________________    1x        7
INFO[Main]:   EmergeThread: Lua on_generated [ms] _____________    2x      705
INFO[Main]:   EmergeThread: Mapgen::makeChunk [ms] ____________    2x     30.5
INFO[Main]:   EmergeThread: after Mapgen::makeChunk [ms] ______    2x        1
INFO[Main]:   EmergeThread: load block - async (sum) [ms] 
INFO[Main]:   EmergeThread: update lighting [ms] ______________   36x    0.472
INFO[Main]:   SEnv: modify in blocks avg per interval [ms] 
INFO[Main]:   Server: collisionMoveSimple() [us] 
INFO[Main]:   Server: map saving (sum) [ms] ___________________    1x       11
INFO[Main]:   Server: map timer and unload [ms] 
INFO[Main]:   Server: send SAO messages [ms] 
INFO[Main]:   Server: update objects within range [ms] 
INFO[Main]:   Server::AsyncRunStep() [ms] _____________________   20x     0.55
INFO[Main]:   Server::RunStep() (max) [ms] ____________________    1x       51
INFO[Main]:   Server::SendBlocks(): Collect list [ms] 
INFO[Main]:   Server::SendBlocks(): Send to clients [ms] 
INFO[Main]:   Server::yieldTo...() progress [#] 
INFO[Main]:   Server::yieldTo...() sleep [ms] 
INFO[Main]:   ServerEnv: ABMs run 
INFO[Main]:   ServerEnv: Run SAO::step() [ms] 
INFO[Main]:   ServerEnv: Run node timers [ms] 
INFO[Main]:   ServerEnv: active blocks 
INFO[Main]:   ServerEnv: active blocks cached 
INFO[Main]:   ServerEnv: active blocks scanned for ABMs 
INFO[Main]:   ServerEnv: update active blocks [ms] 
INFO[Main]:   ServerEnv::step() [ms] 
INFO[Main]:   ServerEnvironment::removeRemovedObjects() [ms] 
INFO[Main]:   ServerMap: load block - sync (sum) [ms] _________    1x        1
INFO[Server]: ServerMap: Written: 763 blocks, 14875 blocks in memory.
INFO[Server]: ServerMap: Blocks modified by: 
INFO[Server]:   finishBlockMake: expireIsAir, MMVManip::blitBackAll     1x      243
INFO[Server]:   setGenerated, finishBlockMake: expireIsAir, MMVManip::blitBackAll     1x      170
INFO[Server]:   setIsUnderground ________________________________    1x      175
INFO[Server]:   setIsUnderground, finishBlockMake: expireIsAir, MMVManip::blitBackAll     1x       95
INFO[Server]:   setIsUnderground, setGenerated, finishBlockMake: expireIsAir, MMVManip::blitBackAll     1x       80
ACTION[Emerge-0]: GRUG_WP40_PROFILE_CALLBACK callback=75 minp=48,-32,2608 maxp=127,47,2687 blockseed=411241707 plan_us=309015 writer_us=402159 total_us=711174 columns=6400 candidate_cells=49 candidates=3627 r5_runs=21736 result=applied_cplq vm_get_emerged_area_calls=1 vm_get_emerged_area_us=2 vm_get_data_calls=1 vm_get_data_us=3804 vm_get_param2_data_calls=1 vm_get_param2_data_us=3796 vm_get_light_data_calls=2 vm_get_light_data_us=8690 vm_set_data_calls=1 vm_set_data_us=7215 vm_set_param2_data_calls=1 vm_set_param2_data_us=7097 vm_set_lighting_calls=16 vm_set_lighting_us=147 vm_calc_lighting_calls=1 vm_calc_lighting_us=2654 vm_set_light_data_calls=1 vm_set_light_data_us=7029 vm_update_liquids_calls=1 vm_update_liquids_us=1015
INFO[Emerge-0]: initialEmerge: area: (-128,32,2592)(-17,143,2703)=112x112x112=1404928 (5MB)
ACTION[Emerge-0]: GRUG_WP40_PROFILE_CALLBACK callback=76 minp=-112,48,2608 maxp=-33,127,2687 blockseed=2032914113 plan_us=157818 writer_us=39942 total_us=197760 columns=6400 candidate_cells=49 candidates=3381 r5_runs=8704 result=noop_equal_content vm_get_emerged_area_calls=1 vm_get_emerged_area_us=2 vm_get_data_calls=1 vm_get_data_us=4070 vm_get_param2_data_calls=1 vm_get_param2_data_us=4068 vm_get_light_data_calls=0 vm_get_light_data_us=0 vm_set_data_calls=0 vm_set_data_us=0 vm_set_param2_data_calls=0 vm_set_param2_data_us=0 vm_set_lighting_calls=0 vm_set_lighting_us=0 vm_calc_lighting_calls=0 vm_calc_lighting_us=0 vm_set_light_data_calls=0 vm_set_light_data_us=0 vm_update_liquids_calls=0 vm_update_liquids_us=0
INFO[Emerge-0]: initialEmerge: area: (-48,32,2592)(63,143,2703)=112x112x112=1404928 (5MB)
INFO[Main]: Profiler:
INFO[Main]:   ActiveObjectMgr: SAO count [#] 
INFO[Main]:   Emerge-0: processed [#] _________________________    1x       11
INFO[Main]:   EmergeThread: Lua on_generated [ms] _____________    2x      454
INFO[Main]:   EmergeThread: Mapgen::makeChunk [ms] ____________    2x       27
INFO[Main]:   EmergeThread: after Mapgen::makeChunk [ms] ______    2x      1.5
INFO[Main]:   EmergeThread: load block - async (sum) [ms] 
INFO[Main]:   EmergeThread: update lighting [ms] ______________   19x    1.368
INFO[Main]:   SEnv: modify in blocks avg per interval [ms] 
INFO[Main]:   Server: collisionMoveSimple() [us] 
INFO[Main]:   Server: map saving (sum) [ms] ___________________    1x       11
INFO[Main]:   Server: map timer and unload [ms] 
INFO[Main]:   Server: send SAO messages [ms] 
INFO[Main]:   Server: update objects within range [ms] 
INFO[Main]:   Server::AsyncRunStep() [ms] _____________________   20x     0.55
INFO[Main]:   Server::RunStep() (max) [ms] ____________________    1x       51
INFO[Main]:   Server::SendBlocks(): Collect list [ms] 
INFO[Main]:   Server::SendBlocks(): Send to clients [ms] 
INFO[Main]:   Server::yieldTo...() progress [#] 
INFO[Main]:   Server::yieldTo...() sleep [ms] 
INFO[Main]:   ServerEnv: ABMs run 
INFO[Main]:   ServerEnv: Run SAO::step() [ms] 
INFO[Main]:   ServerEnv: Run node timers [ms] 
INFO[Main]:   ServerEnv: active blocks 
INFO[Main]:   ServerEnv: active blocks cached 
INFO[Main]:   ServerEnv: active blocks scanned for ABMs 
INFO[Main]:   ServerEnv: update active blocks [ms] 
INFO[Main]:   ServerEnv::step() [ms] 
INFO[Main]:   ServerEnvironment::removeRemovedObjects() [ms] 
INFO[Main]:   ServerMap: load block - sync (sum) [ms] _________    1x        1
ACTION[Emerge-0]: GRUG_WP40_PROFILE_CALLBACK callback=77 minp=-32,48,2608 maxp=47,127,2687 blockseed=2336004769 plan_us=135109 writer_us=39756 total_us=174865 columns=6400 candidate_cells=49 candidates=3004 r5_runs=10310 result=noop_equal_content vm_get_emerged_area_calls=1 vm_get_emerged_area_us=3 vm_get_data_calls=1 vm_get_data_us=3807 vm_get_param2_data_calls=1 vm_get_param2_data_us=3803 vm_get_light_data_calls=0 vm_get_light_data_us=0 vm_set_data_calls=0 vm_set_data_us=0 vm_set_param2_data_calls=0 vm_set_param2_data_us=0 vm_set_lighting_calls=0 vm_set_lighting_us=0 vm_calc_lighting_calls=0 vm_calc_lighting_us=0 vm_set_light_data_calls=0 vm_set_light_data_us=0 vm_update_liquids_calls=0 vm_update_liquids_us=0
INFO[Emerge-0]: initialEmerge: area: (32,32,2592)(143,143,2703)=112x112x112=1404928 (5MB)
INFO[Server]: ServerMap: Written: 1028 blocks, 15300 blocks in memory.
INFO[Server]: ServerMap: Blocks modified by: 
INFO[Server]:   finishBlockMake: expireIsAir, MMVManip::blitBackAll     1x      388
INFO[Server]:   setGenerated, finishBlockMake: expireIsAir, MMVManip::blitBackAll     1x      215
INFO[Server]:   setIsUnderground ________________________________    1x      125
INFO[Server]:   setIsUnderground, finishBlockMake: expireIsAir, MMVManip::blitBackAll     1x      140
INFO[Server]:   setIsUnderground, setGenerated, finishBlockMake: expireIsAir, MMVManip::blitBackAll     1x      160
ACTION[Emerge-0]: GRUG_WP40_PROFILE_CALLBACK callback=78 minp=48,48,2608 maxp=127,127,2687 blockseed=3504014977 plan_us=177598 writer_us=55971 total_us=233569 columns=6400 candidate_cells=49 candidates=3627 r5_runs=8921 result=noop_equal_content vm_get_emerged_area_calls=1 vm_get_emerged_area_us=4 vm_get_data_calls=1 vm_get_data_us=6788 vm_get_param2_data_calls=1 vm_get_param2_data_us=6695 vm_get_light_data_calls=0 vm_get_light_data_us=0 vm_set_data_calls=0 vm_set_data_us=0 vm_set_param2_data_calls=0 vm_set_param2_data_us=0 vm_set_lighting_calls=0 vm_set_lighting_us=0 vm_calc_lighting_calls=0 vm_calc_lighting_us=0 vm_set_light_data_calls=0 vm_set_light_data_us=0 vm_update_liquids_calls=0 vm_update_liquids_us=0
ACTION[Emerge-0]: [grug_core] start area ready: orc (5/6, 42.3 s)
INFO[Emerge-0]: initialEmerge: area: (1712,-48,2432)(1823,63,2543)=112x112x112=1404928 (5MB)
ACTION[Server]: [grug_mobs] start npcs sunscar: grug_mobs:guard_throng placed at socket gate_west (-4,47,2499)
ACTION[Server]: [grug_mobs] start npcs sunscar: grug_mobs:guard_throng placed at socket gate_east (4,47,2499)
ACTION[Server]: [grug_mobs] start npcs sunscar: grug_mobs:guard_throng placed at socket watch_gate (0,47,2510)
ACTION[Server]: [grug_mobs] start npcs sunscar: grug_traders:vendor_race_orc placed at socket yard_vendor (8,47,2545)
ACTION[Server]: [grug_mobs] start npcs sunscar: grug_mobs:villager_orc placed at socket idle_tusk_door (-11,47,2528)
ACTION[Server]: [grug_mobs] start npcs sunscar: grug_mobs:villager_orc placed at socket idle_council_seat (-3,47,2558)
ACTION[Server]: [grug_mobs] start npcs sunscar: grug_mobs:villager_orc placed at socket idle_beast_pen (-25,47,2548)
ACTION[Server]: [grug_mobs] start npcs sunscar: grug_mobs:villager_orc placed at socket idle_armoury_forge (20,47,2548)
ACTION[Server]: [grug_mobs] start npcs sunscar: grug_mobs:elder_orc placed at socket hall_quest (3,47,2562)
ACTION[Server]: [grug_mobs] start npcs orc sunscar: guards 3/3 flair 4/4 vendor 1/1 quest 1/1 new 9 pending 0
INFO[Main]: Profiler:
INFO[Main]:   ActiveObjectMgr: SAO count [#] __________________   19x    8.842
INFO[Main]:   Emerge-0: processed [#] _________________________    1x       38
INFO[Main]:   EmergeThread: Lua on_generated [ms] _____________    2x    204.5
INFO[Main]:   EmergeThread: Mapgen::makeChunk [ms] ____________    2x       27
INFO[Main]:   EmergeThread: after Mapgen::makeChunk [ms] ______    2x      1.5
INFO[Main]:   EmergeThread: load block - async (sum) [ms] 
INFO[Main]:   EmergeThread: update lighting [ms] ______________    2x        6
INFO[Main]:   SEnv: modify in blocks avg per interval [ms] 
INFO[Main]:   Server: collisionMoveSimple() [us] ______________  126x    4.126
INFO[Main]:   Server: map saving (sum) [ms] ___________________    1x       13
INFO[Main]:   Server: map timer and unload [ms] 
INFO[Main]:   Server: send SAO messages [ms] 
INFO[Main]:   Server: update objects within range [ms] 
INFO[Main]:   Server::AsyncRunStep() [ms] _____________________   19x    0.894
INFO[Main]:   Server::RunStep() (max) [ms] ____________________    1x       52
INFO[Main]:   Server::SendBlocks(): Collect list [ms] 
INFO[Main]:   Server::SendBlocks(): Send to clients [ms] 
INFO[Main]:   Server::yieldTo...() progress [#] 
INFO[Main]:   Server::yieldTo...() sleep [ms] _________________    1x        1
INFO[Main]:   ServerEnv: ABMs run 
INFO[Main]:   ServerEnv: Run SAO::step() [ms] _________________   19x    0.105
INFO[Main]:   ServerEnv: Run node timers [ms] 
INFO[Main]:   ServerEnv: active blocks 
INFO[Main]:   ServerEnv: active blocks cached 
INFO[Main]:   ServerEnv: active blocks scanned for ABMs 
INFO[Main]:   ServerEnv: update active blocks [ms] 
INFO[Main]:   ServerEnv::step() [ms] __________________________   19x     0.21
INFO[Main]:   ServerEnvironment::removeRemovedObjects() [ms] 
INFO[Main]:   ServerMap: load block - sync (sum) [ms] _________    1x        1
INFO[Server]: ServerMap: Written: 694 blocks, 15643 blocks in memory.
INFO[Server]: ServerMap: Blocks modified by: 
INFO[Server]:   addActiveObjectRaw ______________________________    1x        8
INFO[Server]:   finishBlockMake: expireIsAir, MMVManip::blitBackAll     1x      218
INFO[Server]:   setGenerated, finishBlockMake: expireIsAir, MMVManip::blitBackAll     1x      125
INFO[Server]:   setIsUnderground ________________________________    1x      343
ACTION[Emerge-0]: GRUG_WP40_PROFILE_CALLBACK callback=79 minp=1728,-32,2448 maxp=1807,47,2527 blockseed=2577501953 plan_us=529867 writer_us=372518 total_us=902385 columns=6400 candidate_cells=49 candidates=298 r5_runs=25600 result=applied_cplq vm_get_emerged_area_calls=1 vm_get_emerged_area_us=2 vm_get_data_calls=1 vm_get_data_us=4066 vm_get_param2_data_calls=1 vm_get_param2_data_us=4063 vm_get_light_data_calls=2 vm_get_light_data_us=8690 vm_set_data_calls=1 vm_set_data_us=7221 vm_set_param2_data_calls=1 vm_set_param2_data_us=7103 vm_set_lighting_calls=1 vm_set_lighting_us=146 vm_calc_lighting_calls=1 vm_calc_lighting_us=4248 vm_set_light_data_calls=1 vm_set_light_data_us=7048 vm_update_liquids_calls=1 vm_update_liquids_us=1079
INFO[Emerge-0]: initialEmerge: area: (1792,-48,2432)(1903,63,2543)=112x112x112=1404928 (5MB)
ACTION[Emerge-0]: GRUG_WP40_PROFILE_CALLBACK callback=80 minp=1808,-32,2448 maxp=1887,47,2527 blockseed=2050705729 plan_us=277063 writer_us=313135 total_us=590198 columns=6400 candidate_cells=49 candidates=339 r5_runs=25600 result=applied_cplq vm_get_emerged_area_calls=1 vm_get_emerged_area_us=2 vm_get_data_calls=1 vm_get_data_us=4089 vm_get_param2_data_calls=1 vm_get_param2_data_us=4080 vm_get_light_data_calls=2 vm_get_light_data_us=8168 vm_set_data_calls=1 vm_set_data_us=7247 vm_set_param2_data_calls=1 vm_set_param2_data_us=7118 vm_set_lighting_calls=1 vm_set_lighting_us=151 vm_calc_lighting_calls=1 vm_calc_lighting_us=5282 vm_set_light_data_calls=1 vm_set_light_data_us=7042 vm_update_liquids_calls=1 vm_update_liquids_us=1033
INFO[Emerge-0]: initialEmerge: area: (1712,32,2432)(1823,143,2543)=112x112x112=1404928 (5MB)
INFO[Main]: Profiler:
INFO[Main]:   ActiveObjectMgr: SAO count [#] __________________   20x    11.55
INFO[Main]:   Emerge-0: processed [#] _________________________    1x       36
INFO[Main]:   EmergeThread: Lua on_generated [ms] _____________    2x      746
INFO[Main]:   EmergeThread: Mapgen::makeChunk [ms] ____________    2x       32
INFO[Main]:   EmergeThread: after Mapgen::makeChunk [ms] ______    2x        1
INFO[Main]:   EmergeThread: load block - async (sum) [ms] 
INFO[Main]:   EmergeThread: update lighting [ms] ______________    6x      3.5
INFO[Main]:   SEnv: modify in blocks avg per interval [ms] 
INFO[Main]:   Server: collisionMoveSimple() [us] ______________  171x     5.28
INFO[Main]:   Server: map saving (sum) [ms] ___________________    1x        9
INFO[Main]:   Server: map timer and unload [ms] _______________    1x        1
INFO[Main]:   Server: send SAO messages [ms] 
INFO[Main]:   Server: update objects within range [ms] ________    1x        1
INFO[Main]:   Server::AsyncRunStep() [ms] _____________________   20x     0.75
INFO[Main]:   Server::RunStep() (max) [ms] ____________________    1x       51
INFO[Main]:   Server::SendBlocks(): Collect list [ms] 
INFO[Main]:   Server::SendBlocks(): Send to clients [ms] 
INFO[Main]:   Server::yieldTo...() progress [#] 
INFO[Main]:   Server::yieldTo...() sleep [ms] _________________    1x        1
INFO[Main]:   ServerEnv: ABMs run 
INFO[Main]:   ServerEnv: Run SAO::step() [ms] _________________   20x     0.05
INFO[Main]:   ServerEnv: Run node timers [ms] 
INFO[Main]:   ServerEnv: active blocks 
INFO[Main]:   ServerEnv: active blocks cached 
INFO[Main]:   ServerEnv: active blocks scanned for ABMs 
INFO[Main]:   ServerEnv: update active blocks [ms] 
INFO[Main]:   ServerEnv::step() [ms] __________________________   20x      0.1
INFO[Main]:   ServerEnvironment::removeRemovedObjects() [ms] 
INFO[Main]:   ServerMap: load block - sync (sum) [ms] 
INFO[Server]: ServerMap: Written: 841 blocks, 16133 blocks in memory.
INFO[Server]: ServerMap: Blocks modified by: 
INFO[Server]:   deactivateFarObjects: static data changed _______    1x        8
INFO[Server]:   finishBlockMake: expireIsAir, MMVManip::blitBackAll     1x      193
INFO[Server]:   setGenerated, finishBlockMake: expireIsAir, MMVManip::blitBackAll     1x      150
INFO[Server]:   setIsUnderground ________________________________    1x      245
INFO[Server]:   setIsUnderground, finishBlockMake: expireIsAir, MMVManip::blitBackAll     1x      145
INFO[Server]:   setIsUnderground, setGenerated, finishBlockMake: expireIsAir, MMVManip::blitBackAll     1x      100
ACTION[Emerge-0]: GRUG_WP40_PROFILE_CALLBACK callback=81 minp=1728,48,2448 maxp=1807,127,2527 blockseed=3163266705 plan_us=59531 writer_us=199113 total_us=258644 columns=6400 candidate_cells=49 candidates=298 r5_runs=6400 result=applied_clq vm_get_emerged_area_calls=1 vm_get_emerged_area_us=2 vm_get_data_calls=1 vm_get_data_us=3824 vm_get_param2_data_calls=1 vm_get_param2_data_us=3800 vm_get_light_data_calls=2 vm_get_light_data_us=7867 vm_set_data_calls=1 vm_set_data_us=7235 vm_set_param2_data_calls=0 vm_set_param2_data_us=0 vm_set_lighting_calls=81 vm_set_lighting_us=136 vm_calc_lighting_calls=1 vm_calc_lighting_us=10295 vm_set_light_data_calls=1 vm_set_light_data_us=7030 vm_update_liquids_calls=1 vm_update_liquids_us=895
INFO[Emerge-0]: initialEmerge: area: (1792,32,2432)(1903,143,2543)=112x112x112=1404928 (5MB)
ACTION[Emerge-0]: GRUG_WP40_PROFILE_CALLBACK callback=82 minp=1808,48,2448 maxp=1887,127,2527 blockseed=1541073105 plan_us=50207 writer_us=113004 total_us=163211 columns=6400 candidate_cells=49 candidates=339 r5_runs=6400 result=applied_clq vm_get_emerged_area_calls=1 vm_get_emerged_area_us=2 vm_get_data_calls=1 vm_get_data_us=3811 vm_get_param2_data_calls=1 vm_get_param2_data_us=3802 vm_get_light_data_calls=2 vm_get_light_data_us=8156 vm_set_data_calls=1 vm_set_data_us=7222 vm_set_param2_data_calls=0 vm_set_param2_data_us=0 vm_set_lighting_calls=81 vm_set_lighting_us=86 vm_calc_lighting_calls=1 vm_calc_lighting_us=10816 vm_set_light_data_calls=1 vm_set_light_data_us=7041 vm_update_liquids_calls=1 vm_update_liquids_us=895
INFO[Emerge-0]: initialEmerge: area: (1712,-48,2512)(1823,63,2623)=112x112x112=1404928 (5MB)
ACTION[Emerge-0]: GRUG_WP40_PROFILE_CALLBACK callback=83 minp=1728,-32,2528 maxp=1807,47,2607 blockseed=2071729241 plan_us=264004 writer_us=341397 total_us=605401 columns=6400 candidate_cells=49 candidates=141 r5_runs=25600 result=applied_cplq vm_get_emerged_area_calls=1 vm_get_emerged_area_us=2 vm_get_data_calls=1 vm_get_data_us=4073 vm_get_param2_data_calls=1 vm_get_param2_data_us=4075 vm_get_light_data_calls=2 vm_get_light_data_us=10862 vm_set_data_calls=1 vm_set_data_us=7234 vm_set_param2_data_calls=1 vm_set_param2_data_us=7672 vm_set_lighting_calls=16 vm_set_lighting_us=151 vm_calc_lighting_calls=1 vm_calc_lighting_us=6971 vm_set_light_data_calls=1 vm_set_light_data_us=7032 vm_update_liquids_calls=1 vm_update_liquids_us=969
INFO[Emerge-0]: initialEmerge: area: (1792,-48,2512)(1903,63,2623)=112x112x112=1404928 (5MB)
INFO[Main]: Profiler:
INFO[Main]:   ActiveObjectMgr: SAO count [#] __________________   20x      1.5
INFO[Main]:   Emerge-0: processed [#] _________________________    1x      185
INFO[Main]:   EmergeThread: Lua on_generated [ms] _____________    3x  342.333
INFO[Main]:   EmergeThread: Mapgen::makeChunk [ms] ____________    2x     32.5
INFO[Main]:   EmergeThread: after Mapgen::makeChunk [ms] ______    3x    0.666
INFO[Main]:   EmergeThread: load block - async (sum) [ms] 
INFO[Main]:   EmergeThread: update lighting [ms] ______________  183x    0.234
INFO[Main]:   SEnv: modify in blocks avg per interval [ms] 
INFO[Main]:   Server: collisionMoveSimple() [us] 
INFO[Main]:   Server: map saving (sum) [ms] ___________________    1x       12
INFO[Main]:   Server: map timer and unload [ms] 
INFO[Main]:   Server: send SAO messages [ms] 
INFO[Main]:   Server: update objects within range [ms] 
INFO[Main]:   Server::AsyncRunStep() [ms] _____________________   20x      0.6
INFO[Main]:   Server::RunStep() (max) [ms] ____________________    1x       51
INFO[Main]:   Server::SendBlocks(): Collect list [ms] 
INFO[Main]:   Server::SendBlocks(): Send to clients [ms] 
INFO[Main]:   Server::yieldTo...() progress [#] 
INFO[Main]:   Server::yieldTo...() sleep [ms] 
INFO[Main]:   ServerEnv: ABMs run 
INFO[Main]:   ServerEnv: Run SAO::step() [ms] 
INFO[Main]:   ServerEnv: Run node timers [ms] 
INFO[Main]:   ServerEnv: active blocks 
INFO[Main]:   ServerEnv: active blocks cached 
INFO[Main]:   ServerEnv: active blocks scanned for ABMs 
INFO[Main]:   ServerEnv: update active blocks [ms] 
INFO[Main]:   ServerEnv::step() [ms] 
INFO[Main]:   ServerEnvironment::removeRemovedObjects() [ms] 
INFO[Main]:   ServerMap: load block - sync (sum) [ms] _________    1x        3
INFO[Server]: ServerMap: Written: 1078 blocks, 16728 blocks in memory.
INFO[Server]: ServerMap: Blocks modified by: 
INFO[Server]:   finishBlockMake: expireIsAir, MMVManip::blitBackAll     1x      288
INFO[Server]:   setGenerated, finishBlockMake: expireIsAir, MMVManip::blitBackAll     1x      195
INFO[Server]:   setIsUnderground ________________________________    1x      175
INFO[Server]:   setIsUnderground, finishBlockMake: expireIsAir, MMVManip::blitBackAll     1x      240
INFO[Server]:   setIsUnderground, setGenerated, finishBlockMake: expireIsAir, MMVManip::blitBackAll     1x      180
ACTION[Emerge-0]: GRUG_WP40_PROFILE_CALLBACK callback=84 minp=1808,-32,2528 maxp=1887,47,2607 blockseed=3325587033 plan_us=192124 writer_us=298912 total_us=491036 columns=6400 candidate_cells=49 candidates=227 r5_runs=25600 result=applied_cplq vm_get_emerged_area_calls=1 vm_get_emerged_area_us=2 vm_get_data_calls=1 vm_get_data_us=4424 vm_get_param2_data_calls=1 vm_get_param2_data_us=4541 vm_get_light_data_calls=2 vm_get_light_data_us=8162 vm_set_data_calls=1 vm_set_data_us=6966 vm_set_param2_data_calls=1 vm_set_param2_data_us=6857 vm_set_lighting_calls=16 vm_set_lighting_us=166 vm_calc_lighting_calls=1 vm_calc_lighting_us=8065 vm_set_light_data_calls=1 vm_set_light_data_us=6765 vm_update_liquids_calls=1 vm_update_liquids_us=993
INFO[Emerge-0]: initialEmerge: area: (1712,32,2512)(1823,143,2623)=112x112x112=1404928 (5MB)
ACTION[Emerge-0]: GRUG_WP40_PROFILE_CALLBACK callback=85 minp=1728,48,2528 maxp=1807,127,2607 blockseed=809120143 plan_us=51495 writer_us=156787 total_us=208282 columns=6400 candidate_cells=49 candidates=141 r5_runs=6400 result=applied_clq vm_get_emerged_area_calls=1 vm_get_emerged_area_us=2 vm_get_data_calls=1 vm_get_data_us=4078 vm_get_param2_data_calls=1 vm_get_param2_data_us=4064 vm_get_light_data_calls=2 vm_get_light_data_us=8215 vm_set_data_calls=1 vm_set_data_us=7218 vm_set_param2_data_calls=0 vm_set_param2_data_us=0 vm_set_lighting_calls=96 vm_set_lighting_us=100 vm_calc_lighting_calls=1 vm_calc_lighting_us=11535 vm_set_light_data_calls=1 vm_set_light_data_us=7066 vm_update_liquids_calls=1 vm_update_liquids_us=952
INFO[Emerge-0]: initialEmerge: area: (1792,32,2512)(1903,143,2623)=112x112x112=1404928 (5MB)
ACTION[Emerge-0]: GRUG_WP40_PROFILE_CALLBACK callback=86 minp=1808,48,2528 maxp=1887,127,2607 blockseed=4040446863 plan_us=42506 writer_us=107360 total_us=149866 columns=6400 candidate_cells=49 candidates=227 r5_runs=6400 result=applied_clq vm_get_emerged_area_calls=1 vm_get_emerged_area_us=2 vm_get_data_calls=1 vm_get_data_us=4215 vm_get_param2_data_calls=1 vm_get_param2_data_us=4064 vm_get_light_data_calls=2 vm_get_light_data_us=8166 vm_set_data_calls=1 vm_set_data_us=7239 vm_set_param2_data_calls=0 vm_set_param2_data_us=0 vm_set_lighting_calls=67 vm_set_lighting_us=48 vm_calc_lighting_calls=1 vm_calc_lighting_us=12790 vm_set_light_data_calls=1 vm_set_light_data_us=7045 vm_update_liquids_calls=1 vm_update_liquids_us=942
INFO[Emerge-0]: initialEmerge: area: (1712,-48,2592)(1823,63,2703)=112x112x112=1404928 (5MB)
INFO[Main]: Profiler:
INFO[Main]:   ActiveObjectMgr: SAO count [#] 
INFO[Main]:   Emerge-0: processed [#] _________________________    1x      355
INFO[Main]:   EmergeThread: Lua on_generated [ms] _____________    3x      283
INFO[Main]:   EmergeThread: Mapgen::makeChunk [ms] ____________    4x    34.25
INFO[Main]:   EmergeThread: after Mapgen::makeChunk [ms] ______    3x        1
INFO[Main]:   EmergeThread: load block - async (sum) [ms] 
INFO[Main]:   EmergeThread: update lighting [ms] ______________  186x     0.36
INFO[Main]:   SEnv: modify in blocks avg per interval [ms] 
INFO[Main]:   Server: collisionMoveSimple() [us] 
INFO[Main]:   Server: map saving (sum) [ms] ___________________    1x       15
INFO[Main]:   Server: map timer and unload [ms] 
INFO[Main]:   Server: send SAO messages [ms] 
INFO[Main]:   Server: update objects within range [ms] 
INFO[Main]:   Server::AsyncRunStep() [ms] _____________________   20x      0.8
INFO[Main]:   Server::RunStep() (max) [ms] ____________________    1x       51
INFO[Main]:   Server::SendBlocks(): Collect list [ms] 
INFO[Main]:   Server::SendBlocks(): Send to clients [ms] 
INFO[Main]:   Server::yieldTo...() progress [#] 
INFO[Main]:   Server::yieldTo...() sleep [ms] _________________    1x        1
INFO[Main]:   ServerEnv: ABMs run 
INFO[Main]:   ServerEnv: Run SAO::step() [ms] 
INFO[Main]:   ServerEnv: Run node timers [ms] 
INFO[Main]:   ServerEnv: active blocks 
INFO[Main]:   ServerEnv: active blocks cached 
INFO[Main]:   ServerEnv: active blocks scanned for ABMs 
INFO[Main]:   ServerEnv: update active blocks [ms] 
INFO[Main]:   ServerEnv::step() [ms] __________________________   20x     0.05
INFO[Main]:   ServerEnvironment::removeRemovedObjects() [ms] 
INFO[Main]:   ServerMap: load block - sync (sum) [ms] 
INFO[Server]: ServerMap: Written: 1078 blocks, 17273 blocks in memory.
INFO[Server]: ServerMap: Blocks modified by: 
INFO[Server]:   finishBlockMake: expireIsAir, MMVManip::blitBackAll     1x      318
INFO[Server]:   setGenerated, finishBlockMake: expireIsAir, MMVManip::blitBackAll     1x      215
INFO[Server]:   setIsUnderground ________________________________    1x      245
INFO[Server]:   setIsUnderground, finishBlockMake: expireIsAir, MMVManip::blitBackAll     1x      140
INFO[Server]:   setIsUnderground, setGenerated, finishBlockMake: expireIsAir, MMVManip::blitBackAll     1x      160
ACTION[Emerge-0]: GRUG_WP40_PROFILE_CALLBACK callback=87 minp=1728,-32,2608 maxp=1807,47,2687 blockseed=948754623 plan_us=280438 writer_us=342589 total_us=623027 columns=6400 candidate_cells=49 candidates=450 r5_runs=24714 result=applied_cplq vm_get_emerged_area_calls=1 vm_get_emerged_area_us=2 vm_get_data_calls=1 vm_get_data_us=4085 vm_get_param2_data_calls=1 vm_get_param2_data_us=4081 vm_get_light_data_calls=2 vm_get_light_data_us=8197 vm_set_data_calls=1 vm_set_data_us=6963 vm_set_param2_data_calls=1 vm_set_param2_data_us=7263 vm_set_lighting_calls=16 vm_set_lighting_us=201 vm_calc_lighting_calls=1 vm_calc_lighting_us=5992 vm_set_light_data_calls=1 vm_set_light_data_us=7097 vm_update_liquids_calls=1 vm_update_liquids_us=981
INFO[Emerge-0]: initialEmerge: area: (1792,-48,2592)(1903,63,2703)=112x112x112=1404928 (5MB)
INFO[Main]: Profiler:
INFO[Main]:   ActiveObjectMgr: SAO count [#] 
INFO[Main]:   Emerge-0: processed [#] _________________________    1x        5
INFO[Main]:   EmergeThread: Lua on_generated [ms] _____________    1x      623
INFO[Main]:   EmergeThread: Mapgen::makeChunk [ms] ____________    1x       32
INFO[Main]:   EmergeThread: after Mapgen::makeChunk [ms] 
INFO[Main]:   EmergeThread: load block - async (sum) [ms] 
INFO[Main]:   EmergeThread: update lighting [ms] ______________   18x    0.722
INFO[Main]:   SEnv: modify in blocks avg per interval [ms] 
INFO[Main]:   Server: collisionMoveSimple() [us] 
INFO[Main]:   Server: map saving (sum) [ms] ___________________    1x       15
INFO[Main]:   Server: map timer and unload [ms] _______________    1x        1
INFO[Main]:   Server: send SAO messages [ms] 
INFO[Main]:   Server: update objects within range [ms] 
INFO[Main]:   Server::AsyncRunStep() [ms] _____________________   20x      0.8
INFO[Main]:   Server::RunStep() (max) [ms] ____________________    1x       51
INFO[Main]:   Server::SendBlocks(): Collect list [ms] 
INFO[Main]:   Server::SendBlocks(): Send to clients [ms] 
INFO[Main]:   Server::yieldTo...() progress [#] 
INFO[Main]:   Server::yieldTo...() sleep [ms] 
INFO[Main]:   ServerEnv: ABMs run 
INFO[Main]:   ServerEnv: Run SAO::step() [ms] 
INFO[Main]:   ServerEnv: Run node timers [ms] 
INFO[Main]:   ServerEnv: active blocks 
INFO[Main]:   ServerEnv: active blocks cached 
INFO[Main]:   ServerEnv: active blocks scanned for ABMs 
INFO[Main]:   ServerEnv: update active blocks [ms] 
INFO[Main]:   ServerEnv::step() [ms] 
INFO[Main]:   ServerEnvironment::removeRemovedObjects() [ms] 
INFO[Main]:   ServerMap: load block - sync (sum) [ms] 
INFO[Server]: ServerMap: Written: 518 blocks, 17448 blocks in memory.
INFO[Server]: ServerMap: Blocks modified by: 
INFO[Server]:   finishBlockMake: expireIsAir, MMVManip::blitBackAll     1x      218
INFO[Server]:   setGenerated, finishBlockMake: expireIsAir, MMVManip::blitBackAll     1x      125
INFO[Server]:   setIsUnderground ________________________________    1x      175
ACTION[Emerge-0]: GRUG_WP40_PROFILE_CALLBACK callback=88 minp=1808,-32,2608 maxp=1887,47,2687 blockseed=3771814431 plan_us=217894 writer_us=326943 total_us=544837 columns=6400 candidate_cells=49 candidates=510 r5_runs=24703 result=applied_cplq vm_get_emerged_area_calls=1 vm_get_emerged_area_us=3 vm_get_data_calls=1 vm_get_data_us=4088 vm_get_param2_data_calls=1 vm_get_param2_data_us=4085 vm_get_light_data_calls=2 vm_get_light_data_us=8700 vm_set_data_calls=1 vm_set_data_us=7245 vm_set_param2_data_calls=1 vm_set_param2_data_us=7114 vm_set_lighting_calls=16 vm_set_lighting_us=138 vm_calc_lighting_calls=1 vm_calc_lighting_us=6276 vm_set_light_data_calls=1 vm_set_light_data_us=7040 vm_update_liquids_calls=1 vm_update_liquids_us=974
INFO[Emerge-0]: initialEmerge: area: (1712,32,2592)(1823,143,2703)=112x112x112=1404928 (5MB)
ACTION[Emerge-0]: GRUG_WP40_PROFILE_CALLBACK callback=89 minp=1728,48,2608 maxp=1807,127,2687 blockseed=593488485 plan_us=79517 writer_us=108603 total_us=188120 columns=6400 candidate_cells=49 candidates=450 r5_runs=6400 result=applied_clq vm_get_emerged_area_calls=1 vm_get_emerged_area_us=2 vm_get_data_calls=1 vm_get_data_us=3803 vm_get_param2_data_calls=1 vm_get_param2_data_us=3813 vm_get_light_data_calls=2 vm_get_light_data_us=7608 vm_set_data_calls=1 vm_set_data_us=7043 vm_set_param2_data_calls=0 vm_set_param2_data_us=0 vm_set_lighting_calls=49 vm_set_lighting_us=70 vm_calc_lighting_calls=1 vm_calc_lighting_us=11399 vm_set_light_data_calls=1 vm_set_light_data_us=7050 vm_update_liquids_calls=1 vm_update_liquids_us=896
INFO[Emerge-0]: initialEmerge: area: (1792,32,2592)(1903,143,2703)=112x112x112=1404928 (5MB)
ACTION[Emerge-0]: GRUG_WP40_PROFILE_CALLBACK callback=90 minp=1808,48,2608 maxp=1887,127,2687 blockseed=2873504901 plan_us=65988 writer_us=38575 total_us=104563 columns=6400 candidate_cells=49 candidates=510 r5_runs=6400 result=noop_equal_content vm_get_emerged_area_calls=1 vm_get_emerged_area_us=2 vm_get_data_calls=1 vm_get_data_us=4083 vm_get_param2_data_calls=1 vm_get_param2_data_us=4062 vm_get_light_data_calls=0 vm_get_light_data_us=0 vm_set_data_calls=0 vm_set_data_us=0 vm_set_param2_data_calls=0 vm_set_param2_data_us=0 vm_set_lighting_calls=0 vm_set_lighting_us=0 vm_calc_lighting_calls=0 vm_calc_lighting_us=0 vm_set_light_data_calls=0 vm_set_light_data_us=0 vm_update_liquids_calls=0 vm_update_liquids_us=0
ACTION[Emerge-0]: [grug_core] start area ready: troll (6/6, 47.6 s)
ACTION[Emerge-0]: [grug_core] all 6 start areas ready after 47.6 s
ACTION[Emerge-0]: GRUG_WP40_PROFILE_PROBE phase=cold event=emerge case=owner_-112:-32:-2672 mapchunk=-112,-32,-2672 elapsed_us=13857571 generated=0 disk=0 memory=125 cancelled=0 errored=0
ACTION[Server]: [grug_mobs] start npcs kapok: grug_mobs:guard_throng placed at socket gate_west (1796,18,2505)
ACTION[Server]: [grug_mobs] start npcs kapok: grug_mobs:guard_throng placed at socket gate_east (1804,18,2505)
ACTION[Server]: [grug_mobs] start npcs kapok: grug_mobs:guard_throng placed at socket watch_gate (1800,18,2514)
ACTION[Server]: [grug_mobs] start npcs kapok: grug_traders:vendor_race_troll placed at socket clearing_vendor (1807,18,2546)
ACTION[Server]: [grug_mobs] start npcs kapok: grug_mobs:villager_troll placed at socket idle_lodge_door (1798,18,2567)
ACTION[Server]: [grug_mobs] start npcs kapok: grug_mobs:villager_troll placed at socket idle_terrace_settle (1788,18,2577)
ACTION[Server]: [grug_mobs] start npcs kapok: grug_mobs:villager_troll placed at socket idle_drying_shed (1783,18,2574)
ACTION[Server]: [grug_mobs] start npcs kapok: grug_mobs:villager_troll placed at socket idle_smoker (1813,18,2570)
ACTION[Server]: [grug_mobs] start npcs kapok: grug_mobs:elder_troll placed at socket hall_quest (1803,18,2567)
ACTION[Server]: [grug_mobs] start npcs troll kapok: guards 3/3 flair 4/4 vendor 1/1 quest 1/1 new 9 pending 0
ACTION[Emerge-0]: GRUG_WP40_PROFILE_PROBE phase=cold event=emerge case=owner_-112:-32:2448 mapchunk=-112,-32,2448 elapsed_us=217 generated=0 disk=0 memory=125 cancelled=0 errored=0
ACTION[Emerge-0]: GRUG_WP40_PROFILE_PROBE phase=cold event=emerge case=owner_-112:-32:2528 mapchunk=-112,-32,2528 elapsed_us=352 generated=0 disk=0 memory=125 cancelled=0 errored=0
ACTION[Emerge-0]: GRUG_WP40_PROFILE_PROBE phase=cold event=emerge case=owner_-112:-32:2608 mapchunk=-112,-32,2608 elapsed_us=257 generated=0 disk=0 memory=125 cancelled=0 errored=0
ACTION[Emerge-0]: GRUG_WP40_PROFILE_PROBE phase=cold event=emerge case=owner_-112:48:2448 mapchunk=-112,48,2448 elapsed_us=235 generated=0 disk=0 memory=125 cancelled=0 errored=0
ACTION[Emerge-0]: GRUG_WP40_PROFILE_PROBE phase=cold event=emerge case=owner_-112:48:2528 mapchunk=-112,48,2528 elapsed_us=464 generated=0 disk=0 memory=125 cancelled=0 errored=0
INFO[Emerge-0]: initialEmerge: area: (-1728,-128,-2608)(-1617,-17,-2497)=112x112x112=1404928 (5MB)
INFO[Main]: Profiler:
INFO[Main]:   ActiveObjectMgr: SAO count [#] __________________   20x     4.95
INFO[Main]:   Emerge-0: processed [#] _________________________    1x      817
INFO[Main]:   EmergeThread: Lua on_generated [ms] _____________    3x  279.333
INFO[Main]:   EmergeThread: Mapgen::makeChunk [ms] ____________    3x   28.666
INFO[Main]:   EmergeThread: after Mapgen::makeChunk [ms] ______    3x        1
INFO[Main]:   EmergeThread: load block - async (sum) [ms] 
INFO[Main]:   EmergeThread: update lighting [ms] ______________   70x    0.614
INFO[Main]:   SEnv: modify in blocks avg per interval [ms] 
INFO[Main]:   Server: collisionMoveSimple() [us] ______________   72x    2.875
INFO[Main]:   Server: map saving (sum) [ms] ___________________    1x        8
INFO[Main]:   Server: map timer and unload [ms] 
INFO[Main]:   Server: send SAO messages [ms] 
INFO[Main]:   Server: update objects within range [ms] 
INFO[Main]:   Server::AsyncRunStep() [ms] _____________________   20x      0.7
INFO[Main]:   Server::RunStep() (max) [ms] ____________________    1x       51
INFO[Main]:   Server::SendBlocks(): Collect list [ms] 
INFO[Main]:   Server::SendBlocks(): Send to clients [ms] 
INFO[Main]:   Server::yieldTo...() progress [#] 
INFO[Main]:   Server::yieldTo...() sleep [ms] 
INFO[Main]:   ServerEnv: ABMs run 
INFO[Main]:   ServerEnv: Run SAO::step() [ms] _________________   20x     0.05
INFO[Main]:   ServerEnv: Run node timers [ms] 
INFO[Main]:   ServerEnv: active blocks 
INFO[Main]:   ServerEnv: active blocks cached 
INFO[Main]:   ServerEnv: active blocks scanned for ABMs 
INFO[Main]:   ServerEnv: update active blocks [ms] ____________    1x        1
INFO[Main]:   ServerEnv::step() [ms] __________________________   20x      0.2
INFO[Main]:   ServerEnvironment::removeRemovedObjects() [ms] 
INFO[Main]:   ServerMap: load block - sync (sum) [ms] _________    1x        1
INFO[Server]: ServerMap: Written: 1155 blocks, 18063 blocks in memory.
INFO[Server]: ServerMap: Blocks modified by: 
INFO[Server]:   addActiveObjectRaw, deactivateFarObjects: static data changed     1x        7
INFO[Server]:   finishBlockMake: expireIsAir, MMVManip::blitBackAll     1x      318
INFO[Server]:   setGenerated, finishBlockMake: expireIsAir, MMVManip::blitBackAll     1x      215
INFO[Server]:   setIsUnderground ________________________________    1x      315
INFO[Server]:   setIsUnderground, finishBlockMake: expireIsAir, MMVManip::blitBackAll     1x      140
INFO[Server]:   setIsUnderground, setGenerated, finishBlockMake: expireIsAir, MMVManip::blitBackAll     1x      160
ACTION[Emerge-0]: GRUG_WP40_PROFILE_CALLBACK callback=91 minp=-1712,-112,-2592 maxp=-1633,-33,-2513 blockseed=3312042865 plan_us=503972 writer_us=222747 total_us=726719 columns=6400 candidate_cells=49 candidates=920 r5_runs=6400 result=applied_clq vm_get_emerged_area_calls=1 vm_get_emerged_area_us=2 vm_get_data_calls=1 vm_get_data_us=4071 vm_get_param2_data_calls=1 vm_get_param2_data_us=4070 vm_get_light_data_calls=2 vm_get_light_data_us=8170 vm_set_data_calls=1 vm_set_data_us=7221 vm_set_param2_data_calls=0 vm_set_param2_data_us=0 vm_set_lighting_calls=1 vm_set_lighting_us=47 vm_calc_lighting_calls=1 vm_calc_lighting_us=836 vm_set_light_data_calls=1 vm_set_light_data_us=7032 vm_update_liquids_calls=1 vm_update_liquids_us=1064
ACTION[Emerge-0]: GRUG_WP40_PROFILE_PROBE phase=cold event=emerge case=owner_-1712:-112:-2592 mapchunk=-1712,-112,-2592 elapsed_us=750340 generated=1 disk=0 memory=124 cancelled=0 errored=0
INFO[Emerge-0]: initialEmerge: area: (-1808,-128,-2608)(-1697,-17,-2497)=112x112x112=1404928 (5MB)
ACTION[Emerge-0]: GRUG_WP40_PROFILE_CALLBACK callback=92 minp=-1792,-112,-2592 maxp=-1713,-33,-2513 blockseed=466823025 plan_us=309165 writer_us=80619 total_us=389784 columns=6400 candidate_cells=49 candidates=301 r5_runs=6400 result=applied_clq vm_get_emerged_area_calls=1 vm_get_emerged_area_us=1 vm_get_data_calls=1 vm_get_data_us=4087 vm_get_param2_data_calls=1 vm_get_param2_data_us=4068 vm_get_light_data_calls=2 vm_get_light_data_us=8135 vm_set_data_calls=1 vm_set_data_us=6956 vm_set_param2_data_calls=0 vm_set_param2_data_us=0 vm_set_lighting_calls=1 vm_set_lighting_us=43 vm_calc_lighting_calls=1 vm_calc_lighting_us=949 vm_set_light_data_calls=1 vm_set_light_data_us=6755 vm_update_liquids_calls=1 vm_update_liquids_us=1133
ACTION[Emerge-0]: GRUG_WP40_PROFILE_PROBE phase=cold event=emerge case=owner_-1792:-112:-2592 mapchunk=-1792,-112,-2592 elapsed_us=421037 generated=1 disk=0 memory=124 cancelled=0 errored=0
INFO[Main]: Profiler:
INFO[Main]:   ActiveObjectMgr: SAO count [#] __________________   20x        3
INFO[Main]:   Emerge-0: processed [#] _________________________    1x      249
INFO[Main]:   EmergeThread: Lua on_generated [ms] _____________    2x      558
INFO[Main]:   EmergeThread: Mapgen::makeChunk [ms] ____________    1x       22
INFO[Main]:   EmergeThread: after Mapgen::makeChunk [ms] ______    2x      3.5
INFO[Main]:   EmergeThread: load block - async (sum) [ms] _____    1x        1
INFO[Main]:   EmergeThread: update lighting [ms] ______________    5x      0.6
INFO[Main]:   SEnv: modify in blocks avg per interval [ms] 
INFO[Main]:   Server: collisionMoveSimple() [us] 
INFO[Main]:   Server: map saving (sum) [ms] ___________________    1x       15
INFO[Main]:   Server: map timer and unload [ms] 
INFO[Main]:   Server: send SAO messages [ms] 
INFO[Main]:   Server: update objects within range [ms] 
INFO[Main]:   Server::AsyncRunStep() [ms] _____________________   20x     0.75
INFO[Main]:   Server::RunStep() (max) [ms] ____________________    1x       51
INFO[Main]:   Server::SendBlocks(): Collect list [ms] 
INFO[Main]:   Server::SendBlocks(): Send to clients [ms] 
INFO[Main]:   Server::yieldTo...() progress [#] 
INFO[Main]:   Server::yieldTo...() sleep [ms] 
INFO[Main]:   ServerEnv: ABMs run 
INFO[Main]:   ServerEnv: Run SAO::step() [ms] 
INFO[Main]:   ServerEnv: Run node timers [ms] 
INFO[Main]:   ServerEnv: active blocks 
INFO[Main]:   ServerEnv: active blocks cached 
INFO[Main]:   ServerEnv: active blocks scanned for ABMs 
INFO[Main]:   ServerEnv: update active blocks [ms] 
INFO[Main]:   ServerEnv::step() [ms] 
INFO[Main]:   ServerEnvironment::removeRemovedObjects() [ms] 
INFO[Main]:   ServerMap: load block - sync (sum) [ms] 
ACTION[Emerge-0]: GRUG_WP40_PROFILE_PROBE phase=cold event=emerge case=owner_-1792:-32:-2512 mapchunk=-1792,-32,-2512 elapsed_us=140 generated=0 disk=0 memory=125 cancelled=0 errored=0
INFO[Server]: ServerMap: Written: 588 blocks, 18238 blocks in memory.
INFO[Server]: ServerMap: Blocks modified by: 
INFO[Server]:   finishBlockMake: expireIsAir, MMVManip::blitBackAll     1x      234
INFO[Server]:   setGenerated, finishBlockMake: expireIsAir, MMVManip::blitBackAll     1x      158
INFO[Server]:   setGenerated, setNode, finishBlockMake: expireIsAir, MMVManip::blitBackAll     1x       12
INFO[Server]:   setIsUnderground, finishBlockMake: expireIsAir, MMVManip::blitBackAll     1x       83
INFO[Server]:   setIsUnderground, setGenerated, finishBlockMake: expireIsAir, MMVManip::blitBackAll     1x       61
INFO[Server]:   setIsUnderground, setGenerated, setNode, finishBlockMake: expireIsAir, MMVManip::blitBackAll     1x       19
INFO[Server]:   setIsUnderground, setNode, finishBlockMake: expireIsAir, MMVManip::blitBackAll     1x       12
INFO[Server]:   setNode, finishBlockMake: expireIsAir, MMVManip::blitBackAll     1x        9
ACTION[Emerge-0]: GRUG_WP40_PROFILE_PROBE phase=cold event=emerge case=owner_-1792:-32:-2592 mapchunk=-1792,-32,-2592 elapsed_us=10251 generated=0 disk=0 memory=125 cancelled=0 errored=0
ACTION[Emerge-0]: GRUG_WP40_PROFILE_PROBE phase=cold event=emerge case=owner_-1792:-32:-2672 mapchunk=-1792,-32,-2672 elapsed_us=129 generated=0 disk=0 memory=125 cancelled=0 errored=0
ACTION[Emerge-0]: GRUG_WP40_PROFILE_PROBE phase=cold event=emerge case=owner_-1792:-32:2448 mapchunk=-1792,-32,2448 elapsed_us=179 generated=0 disk=0 memory=125 cancelled=0 errored=0
ACTION[Emerge-0]: GRUG_WP40_PROFILE_PROBE phase=cold event=emerge case=owner_-1792:-32:2528 mapchunk=-1792,-32,2528 elapsed_us=173 generated=0 disk=0 memory=125 cancelled=0 errored=0
ACTION[Emerge-0]: GRUG_WP40_PROFILE_PROBE phase=cold event=emerge case=owner_-1792:-32:2608 mapchunk=-1792,-32,2608 elapsed_us=161 generated=0 disk=0 memory=125 cancelled=0 errored=0
ACTION[Emerge-0]: GRUG_WP40_PROFILE_PROBE phase=cold event=emerge case=owner_-1792:48:2448 mapchunk=-1792,48,2448 elapsed_us=135 generated=0 disk=0 memory=125 cancelled=0 errored=0
ACTION[Emerge-0]: GRUG_WP40_PROFILE_PROBE phase=cold event=emerge case=owner_-1792:48:2528 mapchunk=-1792,48,2528 elapsed_us=142 generated=0 disk=0 memory=125 cancelled=0 errored=0
ACTION[Emerge-0]: GRUG_WP40_PROFILE_PROBE phase=cold event=emerge case=owner_-1792:48:2608 mapchunk=-1792,48,2608 elapsed_us=151 generated=0 disk=0 memory=125 cancelled=0 errored=0
ACTION[Emerge-0]: GRUG_WP40_PROFILE_PROBE phase=cold event=emerge case=owner_-1872:-32:-2512 mapchunk=-1872,-32,-2512 elapsed_us=138 generated=0 disk=0 memory=125 cancelled=0 errored=0
ACTION[Emerge-0]: GRUG_WP40_PROFILE_PROBE phase=cold event=emerge case=owner_-1872:-32:-2592 mapchunk=-1872,-32,-2592 elapsed_us=175 generated=0 disk=0 memory=125 cancelled=0 errored=0
ACTION[Emerge-0]: GRUG_WP40_PROFILE_PROBE phase=cold event=emerge case=owner_-1872:-32:-2672 mapchunk=-1872,-32,-2672 elapsed_us=127 generated=0 disk=0 memory=125 cancelled=0 errored=0
ACTION[Emerge-0]: GRUG_WP40_PROFILE_PROBE phase=cold event=emerge case=owner_-1872:-32:2448 mapchunk=-1872,-32,2448 elapsed_us=824 generated=0 disk=0 memory=125 cancelled=0 errored=0
ACTION[Emerge-0]: GRUG_WP40_PROFILE_PROBE phase=cold event=emerge case=owner_-1872:-32:2528 mapchunk=-1872,-32,2528 elapsed_us=113 generated=0 disk=0 memory=125 cancelled=0 errored=0
ACTION[Emerge-0]: GRUG_WP40_PROFILE_PROBE phase=cold event=emerge case=owner_-1872:-32:2608 mapchunk=-1872,-32,2608 elapsed_us=155 generated=0 disk=0 memory=125 cancelled=0 errored=0
ACTION[Emerge-0]: GRUG_WP40_PROFILE_PROBE phase=cold event=emerge case=owner_-1872:48:2448 mapchunk=-1872,48,2448 elapsed_us=203 generated=0 disk=0 memory=125 cancelled=0 errored=0
ACTION[Emerge-0]: GRUG_WP40_PROFILE_PROBE phase=cold event=emerge case=owner_-1872:48:2528 mapchunk=-1872,48,2528 elapsed_us=161 generated=0 disk=0 memory=125 cancelled=0 errored=0
ACTION[Emerge-0]: GRUG_WP40_PROFILE_PROBE phase=cold event=emerge case=owner_-1872:48:2608 mapchunk=-1872,48,2608 elapsed_us=188 generated=0 disk=0 memory=125 cancelled=0 errored=0
ACTION[Emerge-0]: GRUG_WP40_PROFILE_PROBE phase=cold event=emerge case=owner_-32:-32:-2512 mapchunk=-32,-32,-2512 elapsed_us=151 generated=0 disk=0 memory=125 cancelled=0 errored=0
ACTION[Emerge-0]: GRUG_WP40_PROFILE_PROBE phase=cold event=emerge case=owner_-32:-32:-2592 mapchunk=-32,-32,-2592 elapsed_us=208 generated=0 disk=0 memory=125 cancelled=0 errored=0
INFO[Main]: Profiler:
INFO[Main]:   ActiveObjectMgr: SAO count [#] 
INFO[Main]:   Emerge-0: processed [#] _________________________    1x     2500
INFO[Main]:   EmergeThread: Lua on_generated [ms] 
INFO[Main]:   EmergeThread: Mapgen::makeChunk [ms] 
INFO[Main]:   EmergeThread: after Mapgen::makeChunk [ms] 
INFO[Main]:   EmergeThread: load block - async (sum) [ms] 
INFO[Main]:   EmergeThread: update lighting [ms] 
INFO[Main]:   SEnv: modify in blocks avg per interval [ms] 
INFO[Main]:   Server: collisionMoveSimple() [us] 
INFO[Main]:   Server: map saving (sum) [ms] ___________________    1x       10
INFO[Main]:   Server: map timer and unload [ms] _______________    1x        1
INFO[Main]:   Server: send SAO messages [ms] 
INFO[Main]:   Server: update objects within range [ms] 
INFO[Main]:   Server::AsyncRunStep() [ms] _____________________   20x      0.6
INFO[Main]:   Server::RunStep() (max) [ms] ____________________    1x       51
INFO[Main]:   Server::SendBlocks(): Collect list [ms] 
INFO[Main]:   Server::SendBlocks(): Send to clients [ms] 
INFO[Main]:   Server::yieldTo...() progress [#] 
INFO[Main]:   Server::yieldTo...() sleep [ms] 
INFO[Main]:   ServerEnv: ABMs run 
INFO[Main]:   ServerEnv: Run SAO::step() [ms] 
INFO[Main]:   ServerEnv: Run node timers [ms] 
INFO[Main]:   ServerEnv: active blocks 
INFO[Main]:   ServerEnv: active blocks cached 
INFO[Main]:   ServerEnv: active blocks scanned for ABMs 
INFO[Main]:   ServerEnv: update active blocks [ms] 
INFO[Main]:   ServerEnv::step() [ms] __________________________   20x     0.05
INFO[Main]:   ServerEnvironment::removeRemovedObjects() [ms] 
INFO[Main]:   ServerMap: load block - sync (sum) [ms] 
ACTION[Emerge-0]: GRUG_WP40_PROFILE_PROBE phase=cold event=emerge case=owner_-32:-32:-2672 mapchunk=-32,-32,-2672 elapsed_us=223 generated=0 disk=0 memory=125 cancelled=0 errored=0
ACTION[Emerge-0]: GRUG_WP40_PROFILE_PROBE phase=cold event=emerge case=owner_-32:-32:2448 mapchunk=-32,-32,2448 elapsed_us=933 generated=0 disk=0 memory=125 cancelled=0 errored=0
ACTION[Emerge-0]: GRUG_WP40_PROFILE_PROBE phase=cold event=emerge case=owner_-32:-32:2528 mapchunk=-32,-32,2528 elapsed_us=119 generated=0 disk=0 memory=125 cancelled=0 errored=0
ACTION[Emerge-0]: GRUG_WP40_PROFILE_PROBE phase=cold event=emerge case=owner_-32:-32:2608 mapchunk=-32,-32,2608 elapsed_us=119 generated=0 disk=0 memory=125 cancelled=0 errored=0
ACTION[Emerge-0]: GRUG_WP40_PROFILE_PROBE phase=cold event=emerge case=owner_-32:48:2448 mapchunk=-32,48,2448 elapsed_us=112 generated=0 disk=0 memory=125 cancelled=0 errored=0
ACTION[Emerge-0]: GRUG_WP40_PROFILE_PROBE phase=cold event=emerge case=owner_-32:48:2528 mapchunk=-32,48,2528 elapsed_us=131 generated=0 disk=0 memory=125 cancelled=0 errored=0
ACTION[Emerge-0]: GRUG_WP40_PROFILE_PROBE phase=cold event=emerge case=owner_1728:-32:-2512 mapchunk=1728,-32,-2512 elapsed_us=150 generated=0 disk=0 memory=125 cancelled=0 errored=0
ACTION[Emerge-0]: GRUG_WP40_PROFILE_PROBE phase=cold event=emerge case=owner_1728:-32:-2592 mapchunk=1728,-32,-2592 elapsed_us=139 generated=0 disk=0 memory=125 cancelled=0 errored=0
ACTION[Emerge-0]: GRUG_WP40_PROFILE_PROBE phase=cold event=emerge case=owner_1728:-32:-2672 mapchunk=1728,-32,-2672 elapsed_us=139 generated=0 disk=0 memory=125 cancelled=0 errored=0
ACTION[Emerge-0]: GRUG_WP40_PROFILE_PROBE phase=cold event=emerge case=owner_1728:-32:2448 mapchunk=1728,-32,2448 elapsed_us=132 generated=0 disk=0 memory=125 cancelled=0 errored=0
ACTION[Emerge-0]: GRUG_WP40_PROFILE_PROBE phase=cold event=emerge case=owner_1728:-32:2528 mapchunk=1728,-32,2528 elapsed_us=200 generated=0 disk=0 memory=125 cancelled=0 errored=0
ACTION[Emerge-0]: GRUG_WP40_PROFILE_PROBE phase=cold event=emerge case=owner_1728:-32:2608 mapchunk=1728,-32,2608 elapsed_us=141 generated=0 disk=0 memory=125 cancelled=0 errored=0
ACTION[Emerge-0]: GRUG_WP40_PROFILE_PROBE phase=cold event=emerge case=owner_1728:48:-2512 mapchunk=1728,48,-2512 elapsed_us=197 generated=0 disk=0 memory=125 cancelled=0 errored=0
ACTION[Emerge-0]: GRUG_WP40_PROFILE_PROBE phase=cold event=emerge case=owner_1728:48:-2592 mapchunk=1728,48,-2592 elapsed_us=141 generated=0 disk=0 memory=125 cancelled=0 errored=0
ACTION[Emerge-0]: GRUG_WP40_PROFILE_PROBE phase=cold event=emerge case=owner_1728:48:-2672 mapchunk=1728,48,-2672 elapsed_us=176 generated=0 disk=0 memory=125 cancelled=0 errored=0
ACTION[Emerge-0]: GRUG_WP40_PROFILE_PROBE phase=cold event=emerge case=owner_1808:-32:-2512 mapchunk=1808,-32,-2512 elapsed_us=146 generated=0 disk=0 memory=125 cancelled=0 errored=0
ACTION[Emerge-0]: GRUG_WP40_PROFILE_PROBE phase=cold event=emerge case=owner_1808:-32:-2592 mapchunk=1808,-32,-2592 elapsed_us=125 generated=0 disk=0 memory=125 cancelled=0 errored=0
ACTION[Emerge-0]: GRUG_WP40_PROFILE_PROBE phase=cold event=emerge case=owner_1808:-32:-2672 mapchunk=1808,-32,-2672 elapsed_us=117 generated=0 disk=0 memory=125 cancelled=0 errored=0
ACTION[Emerge-0]: GRUG_WP40_PROFILE_PROBE phase=cold event=emerge case=owner_1808:-32:2448 mapchunk=1808,-32,2448 elapsed_us=175 generated=0 disk=0 memory=125 cancelled=0 errored=0
ACTION[Emerge-0]: GRUG_WP40_PROFILE_PROBE phase=cold event=emerge case=owner_1808:-32:2528 mapchunk=1808,-32,2528 elapsed_us=145 generated=0 disk=0 memory=125 cancelled=0 errored=0
INFO[Main]: Profiler:
INFO[Main]:   ActiveObjectMgr: SAO count [#] 
INFO[Main]:   Emerge-0: processed [#] _________________________    1x     2500
INFO[Main]:   EmergeThread: Lua on_generated [ms] 
INFO[Main]:   EmergeThread: Mapgen::makeChunk [ms] 
INFO[Main]:   EmergeThread: after Mapgen::makeChunk [ms] 
INFO[Main]:   EmergeThread: load block - async (sum) [ms] 
INFO[Main]:   EmergeThread: update lighting [ms] 
INFO[Main]:   SEnv: modify in blocks avg per interval [ms] 
INFO[Main]:   Server: collisionMoveSimple() [us] 
INFO[Main]:   Server: map saving (sum) [ms] ___________________    1x        1
INFO[Main]:   Server: map timer and unload [ms] 
INFO[Main]:   Server: send SAO messages [ms] 
INFO[Main]:   Server: update objects within range [ms] 
INFO[Main]:   Server::AsyncRunStep() [ms] _____________________   20x     0.05
INFO[Main]:   Server::RunStep() (max) [ms] ____________________    1x       51
INFO[Main]:   Server::SendBlocks(): Collect list [ms] 
INFO[Main]:   Server::SendBlocks(): Send to clients [ms] 
INFO[Main]:   Server::yieldTo...() progress [#] 
INFO[Main]:   Server::yieldTo...() sleep [ms] 
INFO[Main]:   ServerEnv: ABMs run 
INFO[Main]:   ServerEnv: Run SAO::step() [ms] 
INFO[Main]:   ServerEnv: Run node timers [ms] 
INFO[Main]:   ServerEnv: active blocks 
INFO[Main]:   ServerEnv: active blocks cached 
INFO[Main]:   ServerEnv: active blocks scanned for ABMs 
INFO[Main]:   ServerEnv: update active blocks [ms] 
INFO[Main]:   ServerEnv::step() [ms] 
INFO[Main]:   ServerEnvironment::removeRemovedObjects() [ms] 
INFO[Main]:   ServerMap: load block - sync (sum) [ms] 
ACTION[Emerge-0]: GRUG_WP40_PROFILE_PROBE phase=cold event=emerge case=owner_1808:-32:2608 mapchunk=1808,-32,2608 elapsed_us=142 generated=0 disk=0 memory=125 cancelled=0 errored=0
ACTION[Emerge-0]: GRUG_WP40_PROFILE_PROBE phase=cold event=emerge case=owner_1808:48:-2512 mapchunk=1808,48,-2512 elapsed_us=912 generated=0 disk=0 memory=125 cancelled=0 errored=0
ACTION[Emerge-0]: GRUG_WP40_PROFILE_PROBE phase=cold event=emerge case=owner_1808:48:-2592 mapchunk=1808,48,-2592 elapsed_us=115 generated=0 disk=0 memory=125 cancelled=0 errored=0
ACTION[Emerge-0]: GRUG_WP40_PROFILE_PROBE phase=cold event=emerge case=owner_1808:48:-2672 mapchunk=1808,48,-2672 elapsed_us=118 generated=0 disk=0 memory=125 cancelled=0 errored=0
ACTION[Emerge-0]: GRUG_WP40_PROFILE_PROBE phase=cold event=emerge case=owner_48:-32:-2512 mapchunk=48,-32,-2512 elapsed_us=128 generated=0 disk=0 memory=125 cancelled=0 errored=0
ACTION[Emerge-0]: GRUG_WP40_PROFILE_PROBE phase=cold event=emerge case=owner_48:-32:-2592 mapchunk=48,-32,-2592 elapsed_us=128 generated=0 disk=0 memory=125 cancelled=0 errored=0
ACTION[Emerge-0]: GRUG_WP40_PROFILE_PROBE phase=cold event=emerge case=owner_48:-32:-2672 mapchunk=48,-32,-2672 elapsed_us=121 generated=0 disk=0 memory=125 cancelled=0 errored=0
ACTION[Emerge-0]: GRUG_WP40_PROFILE_PROBE phase=cold event=emerge case=owner_48:-32:2448 mapchunk=48,-32,2448 elapsed_us=118 generated=0 disk=0 memory=125 cancelled=0 errored=0
ACTION[Emerge-0]: GRUG_WP40_PROFILE_PROBE phase=cold event=emerge case=owner_48:-32:2528 mapchunk=48,-32,2528 elapsed_us=140 generated=0 disk=0 memory=125 cancelled=0 errored=0
ACTION[Emerge-0]: GRUG_WP40_PROFILE_PROBE phase=cold event=emerge case=owner_48:-32:2608 mapchunk=48,-32,2608 elapsed_us=150 generated=0 disk=0 memory=125 cancelled=0 errored=0
ACTION[Emerge-0]: GRUG_WP40_PROFILE_PROBE phase=cold event=emerge case=owner_48:48:2448 mapchunk=48,48,2448 elapsed_us=179 generated=0 disk=0 memory=125 cancelled=0 errored=0
ACTION[Emerge-0]: GRUG_WP40_PROFILE_PROBE phase=cold event=emerge case=owner_48:48:2528 mapchunk=48,48,2528 elapsed_us=165 generated=0 disk=0 memory=125 cancelled=0 errored=0
ACTION[Server]: GRUG_WP40_PROFILE_PROBE phase=cold event=complete requested=62 completed=62 callbacks=92 generated=3 disk=0 memory=7747 cancelled=0 errored=0 samples=2294 expected_nodes=0 digest=ada163cfd6d6e747a73472b48fd977d7f00277c8e792387625f3538ed32f2813 full_digest=disabled full_vocabulary_digest=- full_voxels=0 measured_elapsed_us=51707966 diagnostic_us=1089
INFO[Server]: *** Server shutting down in 0s.
INFO[Main]: Dedicated server quitting
INFO[Main]: Profiler:
INFO[Main]:   ActiveObjectMgr: SAO count [#] 
INFO[Main]:   Emerge-0: processed [#] _________________________    1x     1500
INFO[Main]:   EmergeThread: Lua on_generated [ms] 
INFO[Main]:   EmergeThread: Mapgen::makeChunk [ms] 
INFO[Main]:   EmergeThread: after Mapgen::makeChunk [ms] 
INFO[Main]:   EmergeThread: load block - async (sum) [ms] 
INFO[Main]:   EmergeThread: update lighting [ms] 
INFO[Main]:   SEnv: modify in blocks avg per interval [ms] 
INFO[Main]:   Server: collisionMoveSimple() [us] 
INFO[Main]:   Server: map saving (sum) [ms] ___________________    1x        1
INFO[Main]:   Server: map timer and unload [ms] 
INFO[Main]:   Server: send SAO messages [ms] 
INFO[Main]:   Server: update objects within range [ms] 
INFO[Main]:   Server::AsyncRunStep() [ms] _____________________   14x    0.214
INFO[Main]:   Server::RunStep() (max) [ms] ____________________    1x       51
INFO[Main]:   Server::SendBlocks(): Collect list [ms] 
INFO[Main]:   Server::SendBlocks(): Send to clients [ms] 
INFO[Main]:   Server::yieldTo...() progress [#] 
INFO[Main]:   Server::yieldTo...() sleep [ms] 
INFO[Main]:   ServerEnv: ABMs run 
INFO[Main]:   ServerEnv: Run SAO::step() [ms] 
INFO[Main]:   ServerEnv: Run node timers [ms] 
INFO[Main]:   ServerEnv: active blocks 
INFO[Main]:   ServerEnv: active blocks cached 
INFO[Main]:   ServerEnv: active blocks scanned for ABMs 
INFO[Main]:   ServerEnv: update active blocks [ms] 
INFO[Main]:   ServerEnv::step() [ms] __________________________   14x    0.142
INFO[Main]:   ServerEnvironment::removeRemovedObjects() [ms] 
INFO[Main]:   ServerMap: load block - sync (sum) [ms] 
ACTION[Main]: Server: Shutting down
INFO[Main]: Server: Stopping and waiting for threads
INFO[Main]: Server: Threads stopped
INFO[Main]: Server: Executing shutdown hooks
ACTION[Main]: GRUG_WP13_ENGINE phase=cold starts=6 owners=62 edit_canary=placed digest_excluded_cells=1 filler_boundary=true hearthpine_cells=61932 hearthpine_torches=74 hearthpine_soil=3 hearthpine_apron=19/588 hearthpine_ring=102/1888 hearthpine_wild=0/0 hearthpine_anchor=-1800,16,-2550 hearthpine_digest=03311c95b8463c422371e78afabcba743ed70d4f56a013c16a362938ac00693c dawnmere_cells=66361 dawnmere_torches=98 dawnmere_soil=3 dawnmere_apron=83/637 dawnmere_ring=599/3999 dawnmere_wild=0/0 dawnmere_anchor=0,21,-2550 dawnmere_digest=19f8c63f3de9dfe052f0143c52486e60938f2543b96b53e20af3fa3d35787c95 silverleaf_cells=71495 silverleaf_torches=113 silverleaf_soil=3 silverleaf_apron=27/588 silverleaf_ring=99/1888 silverleaf_wild=0/0 silverleaf_anchor=1800,42,-2550 silverleaf_digest=a81a370a26a293f676a78f35b9e1f18dd9487320d8de9849b1151b86eb763a4c stillgrave_cells=51641 stillgrave_torches=78 stillgrave_soil=3 stillgrave_apron=7/588 stillgrave_ring=30/1676 stillgrave_wild=2/212 stillgrave_anchor=-1800,48,2550 stillgrave_digest=13f3cff1f580eb6d79146ee0233e0f46ff0227ba37b0f2a001fd0a16625d2ca1 sunscar_cells=57227 sunscar_torches=112 sunscar_soil=2 sunscar_apron=106/637 sunscar_ring=960/3679 sunscar_wild=83/320 sunscar_anchor=0,46,2550 sunscar_digest=de46c91105d3612598cc415e79a8fd44e45dc8f299971a331fd090d42e1da3c0 kapok_cells=72535 kapok_torches=87 kapok_soil=3 kapok_apron=22/588 kapok_ring=111/1676 kapok_wild=10/212 kapok_anchor=1800,17,2550 kapok_digest=e11c30ec9e88b7ce16f8942cd12f4bb5449fc489bf96c48004f5405790f8fd01 digest=206a86a057b0b6ed4cb5ee71df67413e0f40b70f0b486ea3947bbbbb99eac9a6
INFO[Main]: Server: Saving players
INFO[Main]: Server: Kicking players
INFO[Main]: Server: Saving environment metadata
INFO[Main]: AsyncEngine: Waiting for 1 threads
INFO[Main]: ServerMap: Written: 1 blocks, 18238 blocks in memory.
INFO[Main]: ServerMap: Blocks modified by: 
INFO[Main]:   setNode _________________________________________    1x        1
INFO[Main]: ServerMap: Saved map to /tmp/grudgelands-wp40-profile-run.kLGMjnpS/world
INFO[Main]: BanManager: saving to /tmp/grudgelands-wp40-profile-run.kLGMjnpS/world/ipban.txt
