# Gor Drazhak district plot bazaar_butcher as built, anchor-relative
# anchor 0,94,1500
57	-2	-87	default:stone	0
58	-2	-87	default:stone	0
59	-2	-87	default:stone	0
60	-2	-87	default:stone	0
61	-2	-87	default:stone	0
62	-2	-87	default:stone	0
63	-2	-87	default:stone	0
64	-2	-87	default:stone	0
65	-2	-87	default:stone	0
66	-2	-87	default:stone	0
67	-2	-87	default:stone	0
68	-2	-87	default:stone	0
69	-2	-87	default:stone	0
70	-2	-87	default:stone	0
71	-2	-87	default:stone	0
72	-2	-87	default:stone	0
73	-2	-87	default:stone	0
74	-2	-87	default:stone	0
75	-2	-87	default:stone	0
76	-2	-87	default:stone	0
77	-2	-87	default:stone	0
78	-2	-87	default:stone	0
79	-2	-87	default:stone	0
80	-2	-87	default:stone	0
81	-2	-87	default:stone	0
82	-2	-87	default:stone	0
83	-2	-87	default:stone	0
84	-2	-87	default:stone	0
85	-2	-87	default:dry_dirt	0
86	-2	-87	default:dry_dirt	0
87	-2	-87	default:dry_dirt	0
57	-1	-87	default:stone	0
58	-1	-87	default:stone	0
59	-1	-87	default:stone	0
60	-1	-87	default:stone	0
61	-1	-87	default:stone	0
62	-1	-87	default:stone	0
63	-1	-87	default:stone	0
64	-1	-87	default:stone	0
65	-1	-87	default:stone	0
66	-1	-87	default:stone	0
67	-1	-87	default:stone	0
68	-1	-87	default:stone	0
69	-1	-87	default:stone	0
70	-1	-87	default:stone	0
71	-1	-87	default:stone	0
72	-1	-87	default:stone	0
73	-1	-87	default:stone	0
74	-1	-87	default:stone	0
75	-1	-87	default:stone	0
76	-1	-87	default:stone	0
77	-1	-87	default:stone	0
78	-1	-87	default:stone	0
79	-1	-87	default:stone	0
80	-1	-87	default:stone	0
81	-1	-87	default:stone	0
82	-1	-87	default:stone	0
83	-1	-87	default:stone	0
84	-1	-87	default:dry_dirt	0
85	-1	-87	default:dry_dirt	0
86	-1	-87	default:dry_dirt	0
87	-1	-87	default:dry_dirt	0
57	0	-87	default:dry_dirt	0
58	0	-87	default:dry_dirt	0
59	0	-87	default:dry_dirt	0
60	0	-87	default:dry_dirt	0
61	0	-87	default:dry_dirt	0
62	0	-87	default:dry_dirt	0
63	0	-87	default:dry_dirt	0
64	0	-87	default:dry_dirt	0
65	0	-87	default:dry_dirt	0
66	0	-87	default:dry_dirt	0
67	0	-87	default:dry_dirt	0
68	0	-87	default:dry_dirt	0
69	0	-87	default:dry_dirt	0
70	0	-87	default:dry_dirt	0
71	0	-87	default:dry_dirt	0
72	0	-87	default:dry_dirt	0
73	0	-87	default:dry_dirt	0
74	0	-87	default:dry_dirt	0
75	0	-87	default:dry_dirt	0
76	0	-87	default:dry_dirt	0
77	0	-87	default:dry_dirt	0
78	0	-87	default:dry_dirt	0
79	0	-87	default:dry_dirt	0
80	0	-87	default:dry_dirt	0
81	0	-87	default:dry_dirt	0
82	0	-87	default:dry_dirt	0
83	0	-87	default:dry_dirt	0
84	0	-87	default:dry_dirt	0
85	0	-87	default:dry_dirt	0
86	0	-87	default:dry_dirt	0
87	0	-87	default:dry_dirt	0
57	1	-87	default:dry_dirt	0
58	1	-87	default:dry_dirt	0
59	1	-87	default:dry_dirt	0
60	1	-87	default:dry_dirt	0
61	1	-87	default:dry_dirt	0
62	1	-87	default:dry_dirt	0
63	1	-87	default:dry_dirt	0
64	1	-87	default:dry_dirt	0
65	1	-87	default:dry_dirt	0
66	1	-87	default:dry_dirt	0
67	1	-87	default:dry_dirt	0
68	1	-87	default:dry_dirt	0
69	1	-87	default:dry_dirt	0
70	1	-87	default:dry_dirt	0
71	1	-87	default:dry_dirt	0
72	1	-87	default:dry_dirt	0
73	1	-87	default:dry_dirt	0
74	1	-87	default:dry_dirt	0
75	1	-87	default:dry_dirt	0
76	1	-87	default:dry_dirt	0
77	1	-87	default:dry_dirt	0
78	1	-87	default:dry_dirt	0
79	1	-87	default:dry_dirt	0
80	1	-87	default:dry_dirt	0
81	1	-87	default:dry_dirt	0
82	1	-87	default:dry_dirt	0
83	1	-87	default:dry_dirt	0
84	1	-87	default:dry_dirt	0
85	1	-87	default:dry_dirt	0
86	1	-87	default:dry_dirt	0
57	2	-87	default:dry_dirt	0
58	2	-87	default:dry_dirt	0
59	2	-87	default:dry_dirt	0
60	2	-87	default:dry_dirt	0
61	2	-87	default:dry_dirt	0
62	2	-87	default:dry_dirt	0
63	2	-87	default:dry_dirt	0
64	2	-87	default:dry_dirt	0
65	2	-87	default:dry_dirt	0
66	2	-87	default:dry_dirt	0
67	2	-87	default:dry_dirt	0
68	2	-87	default:dry_dirt	0
69	2	-87	default:dry_dirt	0
70	2	-87	default:dry_dirt	0
71	2	-87	default:dry_dirt	0
72	2	-87	default:dry_dirt	0
73	2	-87	default:dry_dirt	0
74	2	-87	default:dry_dirt	0
75	2	-87	default:dry_dirt	0
76	2	-87	default:dry_dirt	0
77	2	-87	default:dry_dirt	0
78	2	-87	default:dry_dirt	0
79	2	-87	default:dry_dirt	0
80	2	-87	default:dry_dirt	0
81	2	-87	default:dry_dirt	0
82	2	-87	default:dry_dirt	0
83	2	-87	default:dry_dirt	0
84	2	-87	default:dry_dirt	0
57	3	-87	default:dry_dirt	0
58	3	-87	default:dry_dirt	0
59	3	-87	default:dry_dirt	0
60	3	-87	default:dry_dirt	0
61	3	-87	default:dry_dirt	0
62	3	-87	default:dry_dirt	0
63	3	-87	default:dry_dirt	0
64	3	-87	default:dry_dirt	0
65	3	-87	default:dry_dirt	0
66	3	-87	default:dry_dirt	0
67	3	-87	default:dry_dirt	0
68	3	-87	default:dry_dirt	0
69	3	-87	default:dry_dirt	0
70	3	-87	default:dry_dirt	0
71	3	-87	default:dry_dirt	0
72	3	-87	default:dry_dirt	0
73	3	-87	default:dry_dirt	0
74	3	-87	default:dry_dirt	0
75	3	-87	default:dry_dirt	0
76	3	-87	default:dry_dirt	0
77	3	-87	default:dry_dirt	0
78	3	-87	default:dry_dirt	0
79	3	-87	default:dry_dirt	0
80	3	-87	default:dry_dirt	0
81	3	-87	default:dry_dirt	0
82	3	-87	default:dry_dirt	0
83	3	-87	default:dry_dirt	0
57	4	-87	grug_nodes:mesa_clay	0
58	4	-87	grug_nodes:mesa_clay	0
59	4	-87	grug_nodes:mesa_clay	0
60	4	-87	default:dry_dirt	0
61	4	-87	default:dry_dirt	0
62	4	-87	default:dry_dirt	0
63	4	-87	default:dry_dirt	0
64	4	-87	default:dry_dirt	0
65	4	-87	default:dry_dirt	0
66	4	-87	default:dry_dirt	0
67	4	-87	default:dry_dirt	0
68	4	-87	default:dry_dirt	0
69	4	-87	default:dry_dirt	0
70	4	-87	default:dry_dirt	0
71	4	-87	default:dry_dirt	0
72	4	-87	default:dry_dirt	0
73	4	-87	default:dry_dirt	0
74	4	-87	default:dry_dirt	0
75	4	-87	default:dry_dirt	0
76	4	-87	default:dry_dirt	0
77	4	-87	default:dry_dirt	0
78	4	-87	default:dry_dirt	0
79	4	-87	default:dry_dirt	0
80	4	-87	default:dry_dirt	0
81	4	-87	default:dry_dirt	0
57	-2	-86	default:stone	0
58	-2	-86	default:stone	0
59	-2	-86	default:stone	0
60	-2	-86	default:stone	0
61	-2	-86	default:stone	0
62	-2	-86	default:stone	0
63	-2	-86	default:stone	0
64	-2	-86	default:stone	0
65	-2	-86	default:stone	0
66	-2	-86	default:stone	0
67	-2	-86	default:stone	0
68	-2	-86	default:stone	0
69	-2	-86	default:stone	0
70	-2	-86	default:stone	0
71	-2	-86	default:stone	0
72	-2	-86	default:stone	0
73	-2	-86	default:stone	0
74	-2	-86	default:stone	0
75	-2	-86	default:stone	0
76	-2	-86	default:stone	0
77	-2	-86	default:stone	0
78	-2	-86	default:stone	0
79	-2	-86	default:stone	0
80	-2	-86	default:stone	0
81	-2	-86	default:stone	0
82	-2	-86	default:stone	0
83	-2	-86	default:stone	0
84	-2	-86	default:stone	0
85	-2	-86	default:dry_dirt	0
86	-2	-86	default:dry_dirt	0
87	-2	-86	default:dry_dirt	0
57	-1	-86	default:stone	0
58	-1	-86	default:stone	0
59	-1	-86	default:stone	0
60	-1	-86	default:stone	0
61	-1	-86	default:stone	0
62	-1	-86	default:stone	0
63	-1	-86	default:stone	0
64	-1	-86	default:stone	0
65	-1	-86	default:stone	0
66	-1	-86	default:stone	0
67	-1	-86	default:stone	0
68	-1	-86	default:stone	0
69	-1	-86	default:stone	0
70	-1	-86	default:stone	0
71	-1	-86	default:stone	0
72	-1	-86	default:stone	0
73	-1	-86	default:stone	0
74	-1	-86	default:stone	0
75	-1	-86	default:stone	0
76	-1	-86	default:stone	0
77	-1	-86	default:stone	0
78	-1	-86	default:stone	0
79	-1	-86	default:stone	0
80	-1	-86	default:stone	0
81	-1	-86	default:stone	0
82	-1	-86	default:stone	0
83	-1	-86	default:stone	0
84	-1	-86	default:dry_dirt	0
85	-1	-86	default:dry_dirt	0
86	-1	-86	default:dry_dirt	0
87	-1	-86	default:dry_dirt	0
57	0	-86	default:dry_dirt	0
58	0	-86	default:dry_dirt	0
59	0	-86	default:dry_dirt	0
60	0	-86	default:dry_dirt	0
61	0	-86	default:dry_dirt	0
62	0	-86	default:dry_dirt	0
63	0	-86	default:dry_dirt	0
64	0	-86	default:dry_dirt	0
65	0	-86	default:dry_dirt	0
66	0	-86	default:dry_dirt	0
67	0	-86	default:dry_dirt	0
68	0	-86	default:dry_dirt	0
69	0	-86	default:dry_dirt	0
70	0	-86	default:dry_dirt	0
71	0	-86	default:dry_dirt	0
72	0	-86	default:dry_dirt	0
73	0	-86	default:dry_dirt	0
74	0	-86	default:dry_dirt	0
75	0	-86	default:dry_dirt	0
76	0	-86	default:dry_dirt	0
77	0	-86	default:dry_dirt	0
78	0	-86	default:dry_dirt	0
79	0	-86	default:dry_dirt	0
80	0	-86	default:dry_dirt	0
81	0	-86	default:dry_dirt	0
82	0	-86	default:dry_dirt	0
83	0	-86	default:dry_dirt	0
84	0	-86	default:dry_dirt	0
85	0	-86	default:dry_dirt	0
86	0	-86	default:dry_dirt	0
87	0	-86	default:dry_dirt	0
57	1	-86	default:dry_dirt	0
58	1	-86	default:dry_dirt	0
59	1	-86	default:dry_dirt	0
60	1	-86	default:dry_dirt	0
61	1	-86	default:dry_dirt	0
62	1	-86	default:dry_dirt	0
63	1	-86	default:dry_dirt	0
64	1	-86	default:dry_dirt	0
65	1	-86	default:dry_dirt	0
66	1	-86	default:dry_dirt	0
67	1	-86	default:dry_dirt	0
68	1	-86	default:dry_dirt	0
69	1	-86	default:dry_dirt	0
70	1	-86	default:dry_dirt	0
71	1	-86	default:dry_dirt	0
72	1	-86	default:dry_dirt	0
73	1	-86	default:dry_dirt	0
74	1	-86	default:dry_dirt	0
75	1	-86	default:dry_dirt	0
76	1	-86	default:dry_dirt	0
77	1	-86	default:dry_dirt	0
78	1	-86	default:dry_dirt	0
79	1	-86	default:dry_dirt	0
80	1	-86	default:dry_dirt	0
81	1	-86	default:dry_dirt	0
82	1	-86	default:dry_dirt	0
83	1	-86	default:dry_dirt	0
84	1	-86	default:dry_dirt	0
85	1	-86	default:dry_dirt	0
86	1	-86	default:dry_dirt	0
57	2	-86	default:dry_dirt	0
58	2	-86	default:dry_dirt	0
59	2	-86	default:dry_dirt	0
60	2	-86	default:dry_dirt	0
61	2	-86	default:dry_dirt	0
62	2	-86	default:dry_dirt	0
63	2	-86	default:dry_dirt	0
64	2	-86	default:dry_dirt	0
65	2	-86	default:dry_dirt	0
66	2	-86	default:dry_dirt	0
67	2	-86	default:dry_dirt	0
68	2	-86	default:dry_dirt	0
69	2	-86	default:dry_dirt	0
70	2	-86	default:dry_dirt	0
71	2	-86	default:dry_dirt	0
72	2	-86	default:dry_dirt	0
73	2	-86	default:dry_dirt	0
74	2	-86	default:dry_dirt	0
75	2	-86	default:dry_dirt	0
76	2	-86	default:dry_dirt	0
77	2	-86	default:dry_dirt	0
78	2	-86	default:dry_dirt	0
79	2	-86	default:dry_dirt	0
80	2	-86	default:dry_dirt	0
81	2	-86	default:dry_dirt	0
82	2	-86	default:dry_dirt	0
83	2	-86	default:dry_dirt	0
84	2	-86	default:dry_dirt	0
57	3	-86	default:dry_dirt	0
58	3	-86	default:dry_dirt	0
59	3	-86	default:dry_dirt	0
60	3	-86	default:dry_dirt	0
61	3	-86	default:dry_dirt	0
62	3	-86	default:dry_dirt	0
63	3	-86	default:dry_dirt	0
64	3	-86	default:dry_dirt	0
65	3	-86	default:dry_dirt	0
66	3	-86	default:dry_dirt	0
67	3	-86	default:dry_dirt	0
68	3	-86	default:dry_dirt	0
69	3	-86	default:dry_dirt	0
70	3	-86	default:dry_dirt	0
71	3	-86	default:dry_dirt	0
72	3	-86	default:dry_dirt	0
73	3	-86	default:dry_dirt	0
74	3	-86	default:dry_dirt	0
75	3	-86	default:dry_dirt	0
76	3	-86	default:dry_dirt	0
77	3	-86	default:dry_dirt	0
78	3	-86	default:dry_dirt	0
79	3	-86	default:dry_dirt	0
80	3	-86	default:dry_dirt	0
81	3	-86	default:dry_dirt	0
82	3	-86	default:dry_dirt	0
83	3	-86	default:dry_dirt	0
57	4	-86	grug_nodes:mesa_clay	0
58	4	-86	grug_nodes:mesa_clay	0
59	4	-86	grug_nodes:mesa_clay	0
60	4	-86	grug_nodes:mesa_clay	0
61	4	-86	grug_nodes:mesa_clay	0
62	4	-86	default:dry_dirt	0
63	4	-86	default:dry_dirt	0
64	4	-86	default:dry_dirt	0
65	4	-86	default:dry_dirt	0
66	4	-86	default:dry_dirt	0
67	4	-86	default:dry_dirt	0
68	4	-86	default:dry_dirt	0
69	4	-86	default:dry_dirt	0
70	4	-86	default:dry_dirt	0
71	4	-86	default:dry_dirt	0
72	4	-86	default:dry_dirt	0
73	4	-86	default:dry_dirt	0
74	4	-86	default:dry_dirt	0
75	4	-86	default:dry_dirt	0
76	4	-86	default:dry_dirt	0
77	4	-86	default:dry_dirt	0
78	4	-86	default:dry_dirt	0
79	4	-86	default:dry_dirt	0
80	4	-86	default:dry_dirt	0
81	4	-86	default:dry_dirt	0
57	-2	-85	default:stone	0
58	-2	-85	default:stone	0
59	-2	-85	default:stone	0
60	-2	-85	default:stone	0
61	-2	-85	default:stone	0
62	-2	-85	default:stone	0
63	-2	-85	default:stone	0
64	-2	-85	default:stone	0
65	-2	-85	default:stone	0
66	-2	-85	default:stone	0
67	-2	-85	default:stone	0
68	-2	-85	default:stone	0
69	-2	-85	default:stone	0
70	-2	-85	default:stone	0
71	-2	-85	default:stone	0
72	-2	-85	default:stone	0
73	-2	-85	default:stone	0
74	-2	-85	default:stone	0
75	-2	-85	default:stone	0
76	-2	-85	default:stone	0
77	-2	-85	default:stone	0
78	-2	-85	default:stone	0
79	-2	-85	default:stone	0
80	-2	-85	default:stone	0
81	-2	-85	default:stone	0
82	-2	-85	default:stone	0
83	-2	-85	default:stone	0
84	-2	-85	default:stone	0
85	-2	-85	default:dry_dirt	0
86	-2	-85	default:dry_dirt	0
87	-2	-85	default:dry_dirt	0
57	-1	-85	default:stone	0
58	-1	-85	default:stone	0
59	-1	-85	default:stone	0
60	-1	-85	default:stone	0
61	-1	-85	default:stone	0
62	-1	-85	default:stone	0
63	-1	-85	default:stone	0
64	-1	-85	default:stone	0
65	-1	-85	default:stone	0
66	-1	-85	default:stone	0
67	-1	-85	default:stone	0
68	-1	-85	default:stone	0
69	-1	-85	default:stone	0
70	-1	-85	default:stone	0
71	-1	-85	default:stone	0
72	-1	-85	default:stone	0
73	-1	-85	default:stone	0
74	-1	-85	default:stone	0
75	-1	-85	default:stone	0
76	-1	-85	default:stone	0
77	-1	-85	default:stone	0
78	-1	-85	default:stone	0
79	-1	-85	default:stone	0
80	-1	-85	default:stone	0
81	-1	-85	default:stone	0
82	-1	-85	default:stone	0
83	-1	-85	default:stone	0
84	-1	-85	default:dry_dirt	0
85	-1	-85	default:dry_dirt	0
86	-1	-85	default:dry_dirt	0
87	-1	-85	default:dry_dirt	0
57	0	-85	default:dry_dirt	0
58	0	-85	default:dry_dirt	0
59	0	-85	default:dry_dirt	0
60	0	-85	default:dry_dirt	0
61	0	-85	default:dry_dirt	0
62	0	-85	default:dry_dirt	0
63	0	-85	default:dry_dirt	0
64	0	-85	default:dry_dirt	0
65	0	-85	default:dry_dirt	0
66	0	-85	default:dry_dirt	0
67	0	-85	default:dry_dirt	0
68	0	-85	default:dry_dirt	0
69	0	-85	default:dry_dirt	0
70	0	-85	default:dry_dirt	0
71	0	-85	default:dry_dirt	0
72	0	-85	default:dry_dirt	0
73	0	-85	default:dry_dirt	0
74	0	-85	default:dry_dirt	0
75	0	-85	default:dry_dirt	0
76	0	-85	default:dry_dirt	0
77	0	-85	default:dry_dirt	0
78	0	-85	default:dry_dirt	0
79	0	-85	default:dry_dirt	0
80	0	-85	default:dry_dirt	0
81	0	-85	default:dry_dirt	0
82	0	-85	default:dry_dirt	0
83	0	-85	default:dry_dirt	0
84	0	-85	default:dry_dirt	0
85	0	-85	default:dry_dirt	0
86	0	-85	default:dry_dirt	0
87	0	-85	default:dry_dirt	0
57	1	-85	default:dry_dirt	0
58	1	-85	default:dry_dirt	0
59	1	-85	default:dry_dirt	0
60	1	-85	default:dry_dirt	0
61	1	-85	default:dry_dirt	0
62	1	-85	default:dry_dirt	0
63	1	-85	default:dry_dirt	0
64	1	-85	default:dry_dirt	0
65	1	-85	default:dry_dirt	0
66	1	-85	default:dry_dirt	0
67	1	-85	default:dry_dirt	0
68	1	-85	default:dry_dirt	0
69	1	-85	default:dry_dirt	0
70	1	-85	default:dry_dirt	0
71	1	-85	default:dry_dirt	0
72	1	-85	default:dry_dirt	0
73	1	-85	default:dry_dirt	0
74	1	-85	default:dry_dirt	0
75	1	-85	default:dry_dirt	0
76	1	-85	default:dry_dirt	0
77	1	-85	default:dry_dirt	0
78	1	-85	default:dry_dirt	0
79	1	-85	default:dry_dirt	0
80	1	-85	default:dry_dirt	0
81	1	-85	default:dry_dirt	0
82	1	-85	default:dry_dirt	0
83	1	-85	default:dry_dirt	0
84	1	-85	default:dry_dirt	0
85	1	-85	default:dry_dirt	0
86	1	-85	default:dry_dirt	0
57	2	-85	default:dry_dirt	0
58	2	-85	default:dry_dirt	0
59	2	-85	default:dry_dirt	0
60	2	-85	default:dry_dirt	0
61	2	-85	default:dry_dirt	0
62	2	-85	default:dry_dirt	0
63	2	-85	default:dry_dirt	0
64	2	-85	default:dry_dirt	0
65	2	-85	default:dry_dirt	0
66	2	-85	default:dry_dirt	0
67	2	-85	default:dry_dirt	0
68	2	-85	default:dry_dirt	0
69	2	-85	default:dry_dirt	0
70	2	-85	default:dry_dirt	0
71	2	-85	default:dry_dirt	0
72	2	-85	default:dry_dirt	0
73	2	-85	default:dry_dirt	0
74	2	-85	default:dry_dirt	0
75	2	-85	default:dry_dirt	0
76	2	-85	default:dry_dirt	0
77	2	-85	default:dry_dirt	0
78	2	-85	default:dry_dirt	0
79	2	-85	default:dry_dirt	0
80	2	-85	default:dry_dirt	0
81	2	-85	default:dry_dirt	0
82	2	-85	default:dry_dirt	0
83	2	-85	default:dry_dirt	0
84	2	-85	default:dry_dirt	0
57	3	-85	default:dry_dirt	0
58	3	-85	default:dry_dirt	0
59	3	-85	default:dry_dirt	0
60	3	-85	default:dry_dirt	0
61	3	-85	default:dry_dirt	0
62	3	-85	default:dry_dirt	0
63	3	-85	default:dry_dirt	0
64	3	-85	default:dry_dirt	0
65	3	-85	default:dry_dirt	0
66	3	-85	default:dry_dirt	0
67	3	-85	default:dry_dirt	0
68	3	-85	default:dry_dirt	0
69	3	-85	default:dry_dirt	0
70	3	-85	default:dry_dirt	0
71	3	-85	default:dry_dirt	0
72	3	-85	default:dry_dirt	0
73	3	-85	default:dry_dirt	0
74	3	-85	default:dry_dirt	0
75	3	-85	default:dry_dirt	0
76	3	-85	default:dry_dirt	0
77	3	-85	default:dry_dirt	0
78	3	-85	default:dry_dirt	0
79	3	-85	default:dry_dirt	0
80	3	-85	default:dry_dirt	0
81	3	-85	default:dry_dirt	0
82	3	-85	default:dry_dirt	0
83	3	-85	default:dry_dirt	0
57	4	-85	grug_nodes:mesa_clay	0
58	4	-85	grug_nodes:mesa_clay	0
59	4	-85	grug_nodes:mesa_clay	0
60	4	-85	grug_nodes:mesa_clay	0
61	4	-85	grug_nodes:mesa_clay	0
62	4	-85	grug_nodes:mesa_clay	0
63	4	-85	grug_nodes:mesa_clay	0
64	4	-85	grug_nodes:mesa_clay	0
65	4	-85	default:dry_dirt	0
66	4	-85	default:dry_dirt	0
67	4	-85	default:dry_dirt	0
68	4	-85	default:dry_dirt	0
69	4	-85	default:dry_dirt	0
70	4	-85	default:dry_dirt	0
71	4	-85	default:dry_dirt	0
72	4	-85	default:dry_dirt	0
73	4	-85	default:dry_dirt	0
74	4	-85	default:dry_dirt	0
75	4	-85	default:dry_dirt	0
76	4	-85	default:dry_dirt	0
77	4	-85	default:dry_dirt	0
78	4	-85	default:dry_dirt	0
79	4	-85	default:dry_dirt	0
80	4	-85	default:dry_dirt	0
81	4	-85	default:dry_dirt	0
57	-2	-84	default:stone	0
58	-2	-84	default:stone	0
59	-2	-84	default:stone	0
60	-2	-84	default:stone	0
61	-2	-84	default:stone	0
62	-2	-84	default:stone	0
63	-2	-84	default:desert_stone_block	0
64	-2	-84	default:desert_stone_block	0
65	-2	-84	default:desert_stone_block	0
66	-2	-84	default:desert_stone_block	0
67	-2	-84	default:desert_stone_block	0
68	-2	-84	default:desert_stone_block	0
69	-2	-84	default:desert_stone_block	0
70	-2	-84	default:desert_stone_block	0
71	-2	-84	default:desert_stone_block	0
72	-2	-84	default:desert_stone_block	0
73	-2	-84	default:desert_stone_block	0
74	-2	-84	default:desert_stone_block	0
75	-2	-84	default:desert_stone_block	0
76	-2	-84	default:desert_stone_block	0
77	-2	-84	default:desert_stone_block	0
78	-2	-84	default:desert_stone_block	0
79	-2	-84	default:desert_stone_block	0
80	-2	-84	default:desert_stone_block	0
81	-2	-84	default:desert_stone_block	0
82	-2	-84	default:stone	0
83	-2	-84	default:stone	0
84	-2	-84	default:stone	0
85	-2	-84	default:dry_dirt	0
86	-2	-84	default:dry_dirt	0
87	-2	-84	default:dry_dirt	0
57	-1	-84	default:stone	0
58	-1	-84	default:stone	0
59	-1	-84	default:stone	0
60	-1	-84	default:stone	0
61	-1	-84	default:stone	0
62	-1	-84	default:stone	0
63	-1	-84	default:desert_stone_block	0
64	-1	-84	default:desert_stone_block	0
65	-1	-84	default:desert_stone_block	0
66	-1	-84	default:desert_stone_block	0
67	-1	-84	default:desert_stone_block	0
68	-1	-84	default:desert_stone_block	0
69	-1	-84	default:desert_stone_block	0
70	-1	-84	default:desert_stone_block	0
71	-1	-84	default:desert_stone_block	0
72	-1	-84	default:desert_stone_block	0
73	-1	-84	default:desert_stone_block	0
74	-1	-84	default:desert_stone_block	0
75	-1	-84	default:desert_stone_block	0
76	-1	-84	default:desert_stone_block	0
77	-1	-84	default:desert_stone_block	0
78	-1	-84	default:desert_stone_block	0
79	-1	-84	default:desert_stone_block	0
80	-1	-84	default:desert_stone_block	0
81	-1	-84	default:desert_stone_block	0
82	-1	-84	default:stone	0
83	-1	-84	default:stone	0
84	-1	-84	default:dry_dirt	0
85	-1	-84	default:dry_dirt	0
86	-1	-84	default:dry_dirt	0
87	-1	-84	default:dry_dirt	0
57	0	-84	default:dry_dirt	0
58	0	-84	default:dry_dirt	0
59	0	-84	default:dry_dirt	0
60	0	-84	default:dry_dirt	0
61	0	-84	default:dry_dirt	0
62	0	-84	default:dry_dirt	0
63	0	-84	default:desert_stone_block	0
64	0	-84	default:desert_stone_block	0
65	0	-84	default:desert_stone_block	0
66	0	-84	default:desert_stone_block	0
67	0	-84	default:desert_stone_block	0
68	0	-84	default:desert_stone_block	0
69	0	-84	default:desert_stone_block	0
70	0	-84	default:desert_stone_block	0
71	0	-84	default:desert_stone_block	0
72	0	-84	default:desert_stone_block	0
73	0	-84	default:desert_stone_block	0
74	0	-84	default:desert_stone_block	0
75	0	-84	default:desert_stone_block	0
76	0	-84	default:desert_stone_block	0
77	0	-84	default:desert_stone_block	0
78	0	-84	default:desert_stone_block	0
79	0	-84	default:desert_stone_block	0
80	0	-84	default:desert_stone_block	0
81	0	-84	default:desert_stone_block	0
82	0	-84	default:dry_dirt	0
83	0	-84	default:dry_dirt	0
84	0	-84	default:dry_dirt	0
85	0	-84	default:dry_dirt	0
86	0	-84	default:dry_dirt	0
87	0	-84	default:dry_dirt	0
57	1	-84	default:dry_dirt	0
58	1	-84	default:dry_dirt	0
59	1	-84	default:dry_dirt	0
60	1	-84	default:dry_dirt	0
61	1	-84	default:dry_dirt	0
62	1	-84	default:dry_dirt	0
63	1	-84	default:desert_stone_block	0
64	1	-84	default:desert_stone_block	0
65	1	-84	default:desert_stone_block	0
66	1	-84	default:desert_stone_block	0
67	1	-84	default:desert_stone_block	0
68	1	-84	default:desert_stone_block	0
69	1	-84	default:desert_stone_block	0
70	1	-84	default:desert_stone_block	0
71	1	-84	default:desert_stone_block	0
72	1	-84	default:desert_stone_block	0
73	1	-84	default:desert_stone_block	0
74	1	-84	default:desert_stone_block	0
75	1	-84	default:desert_stone_block	0
76	1	-84	default:desert_stone_block	0
77	1	-84	default:desert_stone_block	0
78	1	-84	default:desert_stone_block	0
79	1	-84	default:desert_stone_block	0
80	1	-84	default:desert_stone_block	0
81	1	-84	default:desert_stone_block	0
82	1	-84	default:dry_dirt	0
83	1	-84	default:dry_dirt	0
84	1	-84	default:dry_dirt	0
85	1	-84	default:dry_dirt	0
86	1	-84	default:dry_dirt	0
57	2	-84	default:dry_dirt	0
58	2	-84	default:dry_dirt	0
59	2	-84	default:dry_dirt	0
60	2	-84	default:dry_dirt	0
61	2	-84	default:dry_dirt	0
62	2	-84	default:dry_dirt	0
63	2	-84	default:desert_stone_block	0
64	2	-84	default:desert_stone_block	0
65	2	-84	default:desert_stone_block	0
66	2	-84	default:desert_stone_block	0
67	2	-84	default:desert_stone_block	0
68	2	-84	default:desert_stone_block	0
69	2	-84	default:desert_stone_block	0
70	2	-84	default:desert_stone_block	0
71	2	-84	default:desert_stone_block	0
72	2	-84	default:desert_stone_block	0
73	2	-84	default:desert_stone_block	0
74	2	-84	default:desert_stone_block	0
75	2	-84	default:desert_stone_block	0
76	2	-84	default:desert_stone_block	0
77	2	-84	default:desert_stone_block	0
78	2	-84	default:desert_stone_block	0
79	2	-84	default:desert_stone_block	0
80	2	-84	default:desert_stone_block	0
81	2	-84	default:desert_stone_block	0
82	2	-84	default:dry_dirt	0
83	2	-84	default:dry_dirt	0
84	2	-84	default:dry_dirt	0
57	3	-84	default:dry_dirt	0
58	3	-84	default:dry_dirt	0
59	3	-84	default:dry_dirt	0
60	3	-84	default:dry_dirt	0
61	3	-84	default:dry_dirt	0
62	3	-84	default:dry_dirt	0
63	3	-84	default:desert_stone_block	0
64	3	-84	default:desert_stone_block	0
65	3	-84	default:desert_stone_block	0
66	3	-84	default:desert_stone_block	0
67	3	-84	default:desert_stone_block	0
68	3	-84	default:desert_stone_block	0
69	3	-84	default:desert_stone_block	0
70	3	-84	default:desert_stone_block	0
71	3	-84	default:desert_stone_block	0
72	3	-84	default:desert_stone_block	0
73	3	-84	default:desert_stone_block	0
74	3	-84	default:desert_stone_block	0
75	3	-84	default:desert_stone_block	0
76	3	-84	default:desert_stone_block	0
77	3	-84	default:desert_stone_block	0
78	3	-84	default:desert_stone_block	0
79	3	-84	default:desert_stone_block	0
80	3	-84	default:desert_stone_block	0
81	3	-84	default:desert_stone_block	0
82	3	-84	default:dry_dirt	0
83	3	-84	default:dry_dirt	0
57	4	-84	grug_nodes:mesa_clay	0
58	4	-84	grug_nodes:mesa_clay	0
59	4	-84	grug_nodes:mesa_clay	0
60	4	-84	grug_nodes:mesa_clay	0
61	4	-84	grug_nodes:mesa_clay	0
62	4	-84	grug_nodes:mesa_clay	0
63	4	-84	default:desert_stone_block	0
64	4	-84	default:desert_stone_block	0
65	4	-84	default:desert_stone_block	0
66	4	-84	default:desert_stone_block	0
67	4	-84	default:desert_stone_block	0
68	4	-84	default:desert_stone_block	0
69	4	-84	default:desert_stone_block	0
70	4	-84	default:desert_stone_block	0
71	4	-84	default:desert_stone_block	0
72	4	-84	default:desert_stone_block	0
73	4	-84	default:desert_stone_block	0
74	4	-84	default:desert_stone_block	0
75	4	-84	default:desert_stone_block	0
76	4	-84	default:desert_stone_block	0
77	4	-84	default:desert_stone_block	0
78	4	-84	default:desert_stone_block	0
79	4	-84	default:desert_stone_block	0
80	4	-84	default:desert_stone_block	0
81	4	-84	default:desert_stone_block	0
57	-2	-83	default:stone	0
58	-2	-83	default:stone	0
59	-2	-83	default:stone	0
60	-2	-83	default:stone	0
61	-2	-83	default:stone	0
62	-2	-83	default:stone	0
63	-2	-83	default:desert_stone_block	0
64	-2	-83	default:stone	0
65	-2	-83	default:stone	0
66	-2	-83	default:stone	0
67	-2	-83	default:stone	0
68	-2	-83	default:stone	0
69	-2	-83	default:stone	0
70	-2	-83	default:stone	0
71	-2	-83	default:stone	0
72	-2	-83	default:stone	0
73	-2	-83	default:stone	0
74	-2	-83	default:stone	0
75	-2	-83	default:stone	0
76	-2	-83	default:stone	0
77	-2	-83	default:stone	0
78	-2	-83	default:stone	0
79	-2	-83	default:stone	0
80	-2	-83	default:stone	0
81	-2	-83	default:desert_stone_block	0
82	-2	-83	default:stone	0
83	-2	-83	default:stone	0
84	-2	-83	default:stone	0
85	-2	-83	default:dry_dirt	0
86	-2	-83	default:dry_dirt	0
87	-2	-83	default:dry_dirt	0
57	-1	-83	default:stone	0
58	-1	-83	default:stone	0
59	-1	-83	default:stone	0
60	-1	-83	default:stone	0
61	-1	-83	default:stone	0
62	-1	-83	default:stone	0
63	-1	-83	default:desert_stone_block	0
64	-1	-83	default:stone	0
65	-1	-83	default:stone	0
66	-1	-83	default:stone	0
67	-1	-83	default:stone	0
68	-1	-83	default:stone	0
69	-1	-83	default:stone	0
70	-1	-83	default:stone	0
71	-1	-83	default:stone	0
72	-1	-83	default:stone	0
73	-1	-83	default:stone	0
74	-1	-83	default:stone	0
75	-1	-83	default:stone	0
76	-1	-83	default:stone	0
77	-1	-83	default:stone	0
78	-1	-83	default:stone	0
79	-1	-83	default:stone	0
80	-1	-83	default:stone	0
81	-1	-83	default:desert_stone_block	0
82	-1	-83	default:stone	0
83	-1	-83	default:stone	0
84	-1	-83	default:dry_dirt	0
85	-1	-83	default:dry_dirt	0
86	-1	-83	default:dry_dirt	0
87	-1	-83	default:dry_dirt	0
57	0	-83	default:dry_dirt	0
58	0	-83	default:dry_dirt	0
59	0	-83	default:dry_dirt	0
60	0	-83	default:dry_dirt	0
61	0	-83	default:dry_dirt	0
62	0	-83	default:dry_dirt	0
63	0	-83	default:desert_stone_block	0
64	0	-83	default:dry_dirt	0
65	0	-83	default:dry_dirt	0
66	0	-83	default:dry_dirt	0
67	0	-83	default:dry_dirt	0
68	0	-83	default:dry_dirt	0
69	0	-83	default:dry_dirt	0
70	0	-83	default:dry_dirt	0
71	0	-83	default:dry_dirt	0
72	0	-83	default:dry_dirt	0
73	0	-83	default:dry_dirt	0
74	0	-83	default:dry_dirt	0
75	0	-83	default:dry_dirt	0
76	0	-83	default:dry_dirt	0
77	0	-83	default:dry_dirt	0
78	0	-83	default:dry_dirt	0
79	0	-83	default:dry_dirt	0
80	0	-83	default:dry_dirt	0
81	0	-83	default:desert_stone_block	0
82	0	-83	default:dry_dirt	0
83	0	-83	default:dry_dirt	0
84	0	-83	default:dry_dirt	0
85	0	-83	default:dry_dirt	0
86	0	-83	default:dry_dirt	0
87	0	-83	default:dry_dirt	0
57	1	-83	default:dry_dirt	0
58	1	-83	default:dry_dirt	0
59	1	-83	default:dry_dirt	0
60	1	-83	default:dry_dirt	0
61	1	-83	default:dry_dirt	0
62	1	-83	default:dry_dirt	0
63	1	-83	default:desert_stone_block	0
64	1	-83	default:dry_dirt	0
65	1	-83	default:dry_dirt	0
66	1	-83	default:dry_dirt	0
67	1	-83	default:dry_dirt	0
68	1	-83	default:dry_dirt	0
69	1	-83	default:dry_dirt	0
70	1	-83	default:dry_dirt	0
71	1	-83	default:dry_dirt	0
72	1	-83	default:dry_dirt	0
73	1	-83	default:dry_dirt	0
74	1	-83	default:dry_dirt	0
75	1	-83	default:dry_dirt	0
76	1	-83	default:dry_dirt	0
77	1	-83	default:dry_dirt	0
78	1	-83	default:dry_dirt	0
79	1	-83	default:dry_dirt	0
80	1	-83	default:dry_dirt	0
81	1	-83	default:desert_stone_block	0
82	1	-83	default:dry_dirt	0
83	1	-83	default:dry_dirt	0
84	1	-83	default:dry_dirt	0
85	1	-83	default:dry_dirt	0
86	1	-83	default:dry_dirt	0
57	2	-83	default:dry_dirt	0
58	2	-83	default:dry_dirt	0
59	2	-83	default:dry_dirt	0
60	2	-83	default:dry_dirt	0
61	2	-83	default:dry_dirt	0
62	2	-83	default:dry_dirt	0
63	2	-83	default:desert_stone_block	0
64	2	-83	default:dry_dirt	0
65	2	-83	default:dry_dirt	0
66	2	-83	default:dry_dirt	0
67	2	-83	default:dry_dirt	0
68	2	-83	default:dry_dirt	0
69	2	-83	default:dry_dirt	0
70	2	-83	default:dry_dirt	0
71	2	-83	default:dry_dirt	0
72	2	-83	default:dry_dirt	0
73	2	-83	default:dry_dirt	0
74	2	-83	default:dry_dirt	0
75	2	-83	default:dry_dirt	0
76	2	-83	default:dry_dirt	0
77	2	-83	default:dry_dirt	0
78	2	-83	default:dry_dirt	0
79	2	-83	default:dry_dirt	0
80	2	-83	default:dry_dirt	0
81	2	-83	default:desert_stone_block	0
82	2	-83	default:dry_dirt	0
83	2	-83	default:dry_dirt	0
84	2	-83	default:dry_dirt	0
57	3	-83	default:dry_dirt	0
58	3	-83	default:dry_dirt	0
59	3	-83	default:dry_dirt	0
60	3	-83	default:dry_dirt	0
61	3	-83	default:dry_dirt	0
62	3	-83	default:dry_dirt	0
63	3	-83	default:desert_stone_block	0
64	3	-83	default:dry_dirt	0
65	3	-83	default:dry_dirt	0
66	3	-83	default:dry_dirt	0
67	3	-83	default:dry_dirt	0
68	3	-83	default:dry_dirt	0
69	3	-83	default:dry_dirt	0
70	3	-83	default:dry_dirt	0
71	3	-83	default:dry_dirt	0
72	3	-83	default:dry_dirt	0
73	3	-83	default:dry_dirt	0
74	3	-83	default:dry_dirt	0
75	3	-83	default:dry_dirt	0
76	3	-83	default:dry_dirt	0
77	3	-83	default:dry_dirt	0
78	3	-83	default:dry_dirt	0
79	3	-83	default:dry_dirt	0
80	3	-83	default:dry_dirt	0
81	3	-83	default:desert_stone_block	0
82	3	-83	default:dry_dirt	0
83	3	-83	default:dry_dirt	0
57	4	-83	grug_nodes:mesa_clay	0
58	4	-83	grug_nodes:mesa_clay	0
59	4	-83	grug_nodes:mesa_clay	0
60	4	-83	grug_nodes:mesa_clay	0
61	4	-83	grug_nodes:mesa_clay	0
62	4	-83	grug_nodes:mesa_clay	0
63	4	-83	default:desert_stone_block	0
64	4	-83	default:dirt_with_dry_grass	0
65	4	-83	default:dirt_with_dry_grass	0
66	4	-83	default:dirt_with_dry_grass	0
67	4	-83	default:dirt_with_dry_grass	0
68	4	-83	default:dirt_with_dry_grass	0
69	4	-83	default:dirt_with_dry_grass	0
70	4	-83	default:dirt_with_dry_grass	0
71	4	-83	default:desert_cobble	0
72	4	-83	default:desert_cobble	0
73	4	-83	default:desert_cobble	0
74	4	-83	default:dirt_with_dry_grass	0
75	4	-83	default:dirt_with_dry_grass	0
76	4	-83	default:dirt_with_dry_grass	0
77	4	-83	default:dirt_with_dry_grass	0
78	4	-83	default:dirt_with_dry_grass	0
79	4	-83	default:dirt_with_dry_grass	0
80	4	-83	default:dirt_with_dry_grass	0
81	4	-83	default:desert_stone_block	0
64	5	-83	default:acacia_tree	0
80	5	-83	default:acacia_tree	0
64	6	-83	default:acacia_tree	0
80	6	-83	default:acacia_tree	0
64	7	-83	default:torch	1
80	7	-83	default:torch	1
57	-2	-82	default:stone	0
58	-2	-82	default:stone	0
59	-2	-82	default:stone	0
60	-2	-82	default:stone	0
61	-2	-82	default:stone	0
62	-2	-82	default:stone	0
63	-2	-82	default:desert_stone_block	0
64	-2	-82	default:stone	0
65	-2	-82	default:stone	0
66	-2	-82	default:stone	0
67	-2	-82	default:stone	0
68	-2	-82	default:stone	0
69	-2	-82	default:stone	0
70	-2	-82	default:stone	0
71	-2	-82	default:stone	0
72	-2	-82	default:stone	0
73	-2	-82	default:stone	0
74	-2	-82	default:stone	0
75	-2	-82	default:stone	0
76	-2	-82	default:stone	0
77	-2	-82	default:stone	0
78	-2	-82	default:stone	0
79	-2	-82	default:stone	0
80	-2	-82	default:stone	0
81	-2	-82	default:desert_stone_block	0
82	-2	-82	default:stone	0
83	-2	-82	default:stone	0
84	-2	-82	default:stone	0
85	-2	-82	default:dry_dirt	0
86	-2	-82	default:dry_dirt	0
87	-2	-82	default:dry_dirt	0
57	-1	-82	default:stone	0
58	-1	-82	default:stone	0
59	-1	-82	default:stone	0
60	-1	-82	default:stone	0
61	-1	-82	default:stone	0
62	-1	-82	default:stone	0
63	-1	-82	default:desert_stone_block	0
64	-1	-82	default:stone	0
65	-1	-82	default:stone	0
66	-1	-82	default:stone	0
67	-1	-82	default:stone	0
68	-1	-82	default:stone	0
69	-1	-82	default:stone	0
70	-1	-82	default:stone	0
71	-1	-82	default:stone	0
72	-1	-82	default:stone	0
73	-1	-82	default:stone	0
74	-1	-82	default:stone	0
75	-1	-82	default:stone	0
76	-1	-82	default:stone	0
77	-1	-82	default:stone	0
78	-1	-82	default:stone	0
79	-1	-82	default:stone	0
80	-1	-82	default:stone	0
81	-1	-82	default:desert_stone_block	0
82	-1	-82	default:stone	0
83	-1	-82	default:stone	0
84	-1	-82	default:dry_dirt	0
85	-1	-82	default:dry_dirt	0
86	-1	-82	default:dry_dirt	0
87	-1	-82	default:dry_dirt	0
57	0	-82	default:dry_dirt	0
58	0	-82	default:dry_dirt	0
59	0	-82	default:dry_dirt	0
60	0	-82	default:dry_dirt	0
61	0	-82	default:dry_dirt	0
62	0	-82	default:dry_dirt	0
63	0	-82	default:desert_stone_block	0
64	0	-82	default:dry_dirt	0
65	0	-82	default:dry_dirt	0
66	0	-82	default:dry_dirt	0
67	0	-82	default:dry_dirt	0
68	0	-82	default:dry_dirt	0
69	0	-82	default:dry_dirt	0
70	0	-82	default:dry_dirt	0
71	0	-82	default:dry_dirt	0
72	0	-82	default:dry_dirt	0
73	0	-82	default:dry_dirt	0
74	0	-82	default:dry_dirt	0
75	0	-82	default:dry_dirt	0
76	0	-82	default:dry_dirt	0
77	0	-82	default:dry_dirt	0
78	0	-82	default:dry_dirt	0
79	0	-82	default:dry_dirt	0
80	0	-82	default:dry_dirt	0
81	0	-82	default:desert_stone_block	0
82	0	-82	default:dry_dirt	0
83	0	-82	default:dry_dirt	0
84	0	-82	default:dry_dirt	0
85	0	-82	default:dry_dirt	0
86	0	-82	default:dry_dirt	0
87	0	-82	default:dry_dirt	0
57	1	-82	default:dry_dirt	0
58	1	-82	default:dry_dirt	0
59	1	-82	default:dry_dirt	0
60	1	-82	default:dry_dirt	0
61	1	-82	default:dry_dirt	0
62	1	-82	default:dry_dirt	0
63	1	-82	default:desert_stone_block	0
64	1	-82	default:dry_dirt	0
65	1	-82	default:dry_dirt	0
66	1	-82	default:dry_dirt	0
67	1	-82	default:dry_dirt	0
68	1	-82	default:dry_dirt	0
69	1	-82	default:dry_dirt	0
70	1	-82	default:dry_dirt	0
71	1	-82	default:dry_dirt	0
72	1	-82	default:dry_dirt	0
73	1	-82	default:dry_dirt	0
74	1	-82	default:dry_dirt	0
75	1	-82	default:dry_dirt	0
76	1	-82	default:dry_dirt	0
77	1	-82	default:dry_dirt	0
78	1	-82	default:dry_dirt	0
79	1	-82	default:dry_dirt	0
80	1	-82	default:dry_dirt	0
81	1	-82	default:desert_stone_block	0
82	1	-82	default:dry_dirt	0
83	1	-82	default:dry_dirt	0
84	1	-82	default:dry_dirt	0
85	1	-82	default:dry_dirt	0
86	1	-82	default:dry_dirt	0
87	1	-82	default:dry_dirt	0
57	2	-82	default:dry_dirt	0
58	2	-82	default:dry_dirt	0
59	2	-82	default:dry_dirt	0
60	2	-82	default:dry_dirt	0
61	2	-82	default:dry_dirt	0
62	2	-82	default:dry_dirt	0
63	2	-82	default:desert_stone_block	0
64	2	-82	default:dry_dirt	0
65	2	-82	default:dry_dirt	0
66	2	-82	default:dry_dirt	0
67	2	-82	default:dry_dirt	0
68	2	-82	default:dry_dirt	0
69	2	-82	default:dry_dirt	0
70	2	-82	default:dry_dirt	0
71	2	-82	default:dry_dirt	0
72	2	-82	default:dry_dirt	0
73	2	-82	default:dry_dirt	0
74	2	-82	default:dry_dirt	0
75	2	-82	default:dry_dirt	0
76	2	-82	default:dry_dirt	0
77	2	-82	default:dry_dirt	0
78	2	-82	default:dry_dirt	0
79	2	-82	default:dry_dirt	0
80	2	-82	default:dry_dirt	0
81	2	-82	default:desert_stone_block	0
82	2	-82	default:dry_dirt	0
83	2	-82	default:dry_dirt	0
84	2	-82	default:dry_dirt	0
57	3	-82	default:dry_dirt	0
58	3	-82	default:dry_dirt	0
59	3	-82	default:dry_dirt	0
60	3	-82	default:dry_dirt	0
61	3	-82	default:dry_dirt	0
62	3	-82	default:dry_dirt	0
63	3	-82	default:desert_stone_block	0
64	3	-82	default:dry_dirt	0
65	3	-82	default:dry_dirt	0
66	3	-82	default:dry_dirt	0
67	3	-82	default:dry_dirt	0
68	3	-82	default:dry_dirt	0
69	3	-82	default:dry_dirt	0
70	3	-82	default:dry_dirt	0
71	3	-82	default:dry_dirt	0
72	3	-82	default:dry_dirt	0
73	3	-82	default:dry_dirt	0
74	3	-82	default:dry_dirt	0
75	3	-82	default:dry_dirt	0
76	3	-82	default:dry_dirt	0
77	3	-82	default:dry_dirt	0
78	3	-82	default:dry_dirt	0
79	3	-82	default:dry_dirt	0
80	3	-82	default:dry_dirt	0
81	3	-82	default:desert_stone_block	0
82	3	-82	grug_nodes:mesa_clay	0
83	3	-82	default:dry_dirt	0
57	4	-82	grug_nodes:mesa_clay	0
58	4	-82	grug_nodes:mesa_clay	0
59	4	-82	grug_nodes:mesa_clay	0
60	4	-82	grug_nodes:mesa_clay	0
61	4	-82	grug_nodes:mesa_clay	0
62	4	-82	grug_nodes:mesa_clay	0
63	4	-82	default:desert_stone_block	0
64	4	-82	default:dirt_with_dry_grass	0
65	4	-82	default:desert_cobble	0
66	4	-82	default:desert_cobble	0
67	4	-82	default:desert_cobble	0
68	4	-82	default:desert_cobble	0
69	4	-82	default:desert_cobble	0
70	4	-82	default:desert_cobble	0
71	4	-82	default:desert_cobble	0
72	4	-82	default:desert_cobble	0
73	4	-82	default:desert_cobble	0
74	4	-82	default:desert_cobble	0
75	4	-82	default:desert_cobble	0
76	4	-82	default:desert_cobble	0
77	4	-82	default:desert_cobble	0
78	4	-82	default:desert_cobble	0
79	4	-82	default:desert_cobble	0
80	4	-82	default:dirt_with_dry_grass	0
81	4	-82	default:desert_stone_block	0
75	5	-82	stairs:stair_acacia_wood	2
76	5	-82	stairs:stair_acacia_wood	2
77	5	-82	stairs:stair_acacia_wood	2
70	7	-82	default:torch_wall	4
74	7	-82	default:torch_wall	4
65	11	-82	stairs:stair_outer_desert_stonebrick	1
66	11	-82	stairs:stair_desert_stonebrick	0
67	11	-82	stairs:stair_desert_stonebrick	0
68	11	-82	stairs:stair_desert_stonebrick	0
69	11	-82	stairs:stair_desert_stonebrick	0
70	11	-82	stairs:stair_desert_stonebrick	0
71	11	-82	stairs:stair_desert_stonebrick	0
72	11	-82	stairs:stair_desert_stonebrick	0
73	11	-82	stairs:stair_desert_stonebrick	0
74	11	-82	stairs:stair_desert_stonebrick	0
75	11	-82	stairs:stair_desert_stonebrick	0
76	11	-82	stairs:stair_desert_stonebrick	0
77	11	-82	stairs:stair_desert_stonebrick	0
78	11	-82	stairs:stair_desert_stonebrick	0
79	11	-82	stairs:stair_outer_desert_stonebrick	0
57	-2	-81	default:stone	0
58	-2	-81	default:stone	0
59	-2	-81	default:stone	0
60	-2	-81	default:stone	0
61	-2	-81	default:stone	0
62	-2	-81	default:stone	0
63	-2	-81	default:desert_stone_block	0
64	-2	-81	default:stone	0
65	-2	-81	default:stone	0
66	-2	-81	default:stone	0
67	-2	-81	default:stone	0
68	-2	-81	default:stone	0
69	-2	-81	default:stone	0
70	-2	-81	default:stone	0
71	-2	-81	default:stone	0
72	-2	-81	default:stone	0
73	-2	-81	default:stone	0
74	-2	-81	default:stone	0
75	-2	-81	default:stone	0
76	-2	-81	default:stone	0
77	-2	-81	default:stone	0
78	-2	-81	default:stone	0
79	-2	-81	default:stone	0
80	-2	-81	default:stone	0
81	-2	-81	default:desert_stone_block	0
82	-2	-81	default:stone	0
83	-2	-81	default:stone	0
84	-2	-81	default:stone	0
85	-2	-81	default:dry_dirt	0
86	-2	-81	default:dry_dirt	0
87	-2	-81	default:dry_dirt	0
57	-1	-81	default:stone	0
58	-1	-81	default:stone	0
59	-1	-81	default:stone	0
60	-1	-81	default:stone	0
61	-1	-81	default:stone	0
62	-1	-81	default:stone	0
63	-1	-81	default:desert_stone_block	0
64	-1	-81	default:stone	0
65	-1	-81	default:stone	0
66	-1	-81	default:stone	0
67	-1	-81	default:stone	0
68	-1	-81	default:stone	0
69	-1	-81	default:stone	0
70	-1	-81	default:stone	0
71	-1	-81	default:stone	0
72	-1	-81	default:stone	0
73	-1	-81	default:stone	0
74	-1	-81	default:stone	0
75	-1	-81	default:stone	0
76	-1	-81	default:stone	0
77	-1	-81	default:stone	0
78	-1	-81	default:stone	0
79	-1	-81	default:stone	0
80	-1	-81	default:stone	0
81	-1	-81	default:desert_stone_block	0
82	-1	-81	default:stone	0
83	-1	-81	default:stone	0
84	-1	-81	default:dry_dirt	0
85	-1	-81	default:dry_dirt	0
86	-1	-81	default:dry_dirt	0
87	-1	-81	default:dry_dirt	0
57	0	-81	default:dry_dirt	0
58	0	-81	default:dry_dirt	0
59	0	-81	default:dry_dirt	0
60	0	-81	default:dry_dirt	0
61	0	-81	default:dry_dirt	0
62	0	-81	default:dry_dirt	0
63	0	-81	default:desert_stone_block	0
64	0	-81	default:dry_dirt	0
65	0	-81	default:dry_dirt	0
66	0	-81	default:dry_dirt	0
67	0	-81	default:dry_dirt	0
68	0	-81	default:dry_dirt	0
69	0	-81	default:dry_dirt	0
70	0	-81	default:dry_dirt	0
71	0	-81	default:dry_dirt	0
72	0	-81	default:dry_dirt	0
73	0	-81	default:dry_dirt	0
74	0	-81	default:dry_dirt	0
75	0	-81	default:dry_dirt	0
76	0	-81	default:dry_dirt	0
77	0	-81	default:dry_dirt	0
78	0	-81	default:dry_dirt	0
79	0	-81	default:dry_dirt	0
80	0	-81	default:dry_dirt	0
81	0	-81	default:desert_stone_block	0
82	0	-81	default:dry_dirt	0
83	0	-81	default:dry_dirt	0
84	0	-81	default:dry_dirt	0
85	0	-81	default:dry_dirt	0
86	0	-81	default:dry_dirt	0
87	0	-81	default:dry_dirt	0
57	1	-81	default:dry_dirt	0
58	1	-81	default:dry_dirt	0
59	1	-81	default:dry_dirt	0
60	1	-81	default:dry_dirt	0
61	1	-81	default:dry_dirt	0
62	1	-81	default:dry_dirt	0
63	1	-81	default:desert_stone_block	0
64	1	-81	default:dry_dirt	0
65	1	-81	default:dry_dirt	0
66	1	-81	default:dry_dirt	0
67	1	-81	default:dry_dirt	0
68	1	-81	default:dry_dirt	0
69	1	-81	default:dry_dirt	0
70	1	-81	default:dry_dirt	0
71	1	-81	default:dry_dirt	0
72	1	-81	default:dry_dirt	0
73	1	-81	default:dry_dirt	0
74	1	-81	default:dry_dirt	0
75	1	-81	default:dry_dirt	0
76	1	-81	default:dry_dirt	0
77	1	-81	default:dry_dirt	0
78	1	-81	default:dry_dirt	0
79	1	-81	default:dry_dirt	0
80	1	-81	default:dry_dirt	0
81	1	-81	default:desert_stone_block	0
82	1	-81	default:dry_dirt	0
83	1	-81	default:dry_dirt	0
84	1	-81	default:dry_dirt	0
85	1	-81	grug_nodes:mesa_clay	0
86	1	-81	default:dry_dirt	0
87	1	-81	default:dry_dirt	0
57	2	-81	default:dry_dirt	0
58	2	-81	default:dry_dirt	0
59	2	-81	default:dry_dirt	0
60	2	-81	default:dry_dirt	0
61	2	-81	default:dry_dirt	0
62	2	-81	default:dry_dirt	0
63	2	-81	default:desert_stone_block	0
64	2	-81	default:dry_dirt	0
65	2	-81	default:dry_dirt	0
66	2	-81	default:dry_dirt	0
67	2	-81	default:dry_dirt	0
68	2	-81	default:dry_dirt	0
69	2	-81	default:dry_dirt	0
70	2	-81	default:dry_dirt	0
71	2	-81	default:dry_dirt	0
72	2	-81	default:dry_dirt	0
73	2	-81	default:dry_dirt	0
74	2	-81	default:dry_dirt	0
75	2	-81	default:dry_dirt	0
76	2	-81	default:dry_dirt	0
77	2	-81	default:dry_dirt	0
78	2	-81	default:dry_dirt	0
79	2	-81	default:dry_dirt	0
80	2	-81	default:dry_dirt	0
81	2	-81	default:desert_stone_block	0
82	2	-81	default:dry_dirt	0
83	2	-81	default:dry_dirt	0
84	2	-81	grug_nodes:mesa_clay	0
57	3	-81	default:dry_dirt	0
58	3	-81	default:dry_dirt	0
59	3	-81	default:dry_dirt	0
60	3	-81	default:dry_dirt	0
61	3	-81	default:dry_dirt	0
62	3	-81	default:dry_dirt	0
63	3	-81	default:desert_stone_block	0
64	3	-81	default:dry_dirt	0
65	3	-81	default:dry_dirt	0
66	3	-81	default:dry_dirt	0
67	3	-81	default:dry_dirt	0
68	3	-81	default:dry_dirt	0
69	3	-81	default:dry_dirt	0
70	3	-81	default:dry_dirt	0
71	3	-81	default:dry_dirt	0
72	3	-81	default:dry_dirt	0
73	3	-81	default:dry_dirt	0
74	3	-81	default:dry_dirt	0
75	3	-81	default:dry_dirt	0
76	3	-81	default:dry_dirt	0
77	3	-81	default:dry_dirt	0
78	3	-81	default:dry_dirt	0
79	3	-81	default:dry_dirt	0
80	3	-81	default:dry_dirt	0
81	3	-81	default:desert_stone_block	0
82	3	-81	grug_nodes:mesa_clay	0
83	3	-81	grug_nodes:mesa_clay	0
57	4	-81	grug_nodes:mesa_clay	0
58	4	-81	grug_nodes:mesa_clay	0
59	4	-81	grug_nodes:mesa_clay	0
60	4	-81	grug_nodes:mesa_clay	0
61	4	-81	grug_nodes:mesa_clay	0
62	4	-81	grug_nodes:mesa_clay	0
63	4	-81	default:desert_stone_block	0
64	4	-81	default:dirt_with_dry_grass	0
65	4	-81	default:desert_cobble	0
66	4	-81	default:desert_stone_block	0
67	4	-81	default:desert_stone_block	0
68	4	-81	default:desert_stone_block	0
69	4	-81	default:desert_stone_block	0
70	4	-81	default:desert_stone_block	0
71	4	-81	default:desert_stone_block	0
72	4	-81	default:desert_stone_block	0
73	4	-81	default:desert_stone_block	0
74	4	-81	default:desert_stone_block	0
75	4	-81	default:desert_stone_block	0
76	4	-81	default:desert_stone_block	0
77	4	-81	default:desert_stone_block	0
78	4	-81	default:desert_stone_block	0
79	4	-81	default:desert_cobble	0
80	4	-81	default:dirt_with_dry_grass	0
81	4	-81	default:desert_stone_block	0
64	5	-81	default:acacia_tree	0
66	5	-81	default:acacia_tree	0
67	5	-81	default:acacia_tree	0
68	5	-81	default:desert_stonebrick	0
69	5	-81	default:desert_stonebrick	0
70	5	-81	default:acacia_tree	0
71	5	-81	default:desert_stonebrick	0
72	5	-81	doors:door_wood_a	0
73	5	-81	doors:door_wood_b	0
74	5	-81	default:desert_stonebrick	0
75	5	-81	default:acacia_tree	0
76	5	-81	default:desert_stonebrick	0
77	5	-81	default:desert_stonebrick	0
78	5	-81	default:acacia_tree	0
80	5	-81	default:acacia_tree	0
64	6	-81	default:acacia_tree	0
66	6	-81	default:acacia_tree	0
67	6	-81	default:acacia_tree	0
68	6	-81	xpanes:bar_flat	0
69	6	-81	xpanes:bar_flat	0
70	6	-81	default:acacia_tree	0
71	6	-81	grug_decor:darkage_adobe	0
72	6	-81	doors:hidden	0
73	6	-81	doors:hidden	3
74	6	-81	grug_decor:darkage_adobe	0
75	6	-81	default:acacia_tree	0
76	6	-81	xpanes:bar_flat	0
77	6	-81	xpanes:bar_flat	0
78	6	-81	default:acacia_tree	0
80	6	-81	default:acacia_tree	0
64	7	-81	default:desert_stone_block	0
66	7	-81	default:acacia_tree	0
67	7	-81	default:acacia_tree	0
68	7	-81	xpanes:bar_flat	0
69	7	-81	xpanes:bar_flat	0
70	7	-81	default:acacia_tree	0
71	7	-81	grug_decor:darkage_adobe	0
72	7	-81	default:acacia_tree	0
73	7	-81	grug_decor:darkage_adobe	0
74	7	-81	grug_decor:darkage_adobe	0
75	7	-81	default:acacia_tree	0
76	7	-81	xpanes:bar_flat	0
77	7	-81	xpanes:bar_flat	0
78	7	-81	default:acacia_tree	0
80	7	-81	default:desert_stone_block	0
64	8	-81	default:acacia_tree	0
66	8	-81	default:acacia_tree	0
67	8	-81	default:acacia_tree	0
68	8	-81	grug_decor:darkage_adobe	0
69	8	-81	default:acacia_tree	0
70	8	-81	default:acacia_tree	0
71	8	-81	grug_decor:darkage_adobe	0
72	8	-81	default:acacia_tree	0
73	8	-81	grug_decor:darkage_adobe	0
74	8	-81	grug_decor:darkage_adobe	0
75	8	-81	default:acacia_tree	0
76	8	-81	grug_decor:darkage_adobe	0
77	8	-81	grug_decor:darkage_adobe	0
78	8	-81	default:acacia_tree	0
80	8	-81	default:acacia_tree	0
64	9	-81	default:acacia_tree	0
66	9	-81	default:acacia_tree	0
67	9	-81	default:acacia_tree	0
68	9	-81	grug_decor:darkage_adobe	0
69	9	-81	default:acacia_tree	0
70	9	-81	default:acacia_tree	0
71	9	-81	grug_decor:darkage_adobe	0
72	9	-81	default:acacia_tree	0
73	9	-81	grug_decor:darkage_adobe	0
74	9	-81	grug_decor:darkage_adobe	0
75	9	-81	default:acacia_tree	0
76	9	-81	grug_decor:darkage_adobe	0
77	9	-81	grug_decor:darkage_adobe	0
78	9	-81	default:acacia_tree	0
80	9	-81	default:acacia_tree	0
64	10	-81	stairs:slab_desert_stonebrick	0
66	10	-81	default:acacia_tree	0
67	10	-81	default:acacia_tree	0
68	10	-81	grug_decor:darkage_adobe	0
69	10	-81	default:acacia_tree	0
70	10	-81	default:acacia_tree	0
71	10	-81	grug_decor:darkage_adobe	0
72	10	-81	default:acacia_tree	0
73	10	-81	grug_decor:darkage_adobe	0
74	10	-81	grug_decor:darkage_adobe	0
75	10	-81	default:acacia_tree	0
76	10	-81	grug_decor:darkage_adobe	0
77	10	-81	grug_decor:darkage_adobe	0
78	10	-81	default:acacia_tree	0
80	10	-81	stairs:slab_desert_stonebrick	0
65	11	-81	stairs:stair_desert_stonebrick	1
66	11	-81	default:acacia_tree	0
67	11	-81	default:acacia_tree	0
68	11	-81	grug_decor:darkage_adobe	0
69	11	-81	default:acacia_tree	0
70	11	-81	default:acacia_tree	0
71	11	-81	grug_decor:darkage_adobe	0
72	11	-81	default:acacia_tree	0
73	11	-81	grug_decor:darkage_adobe	0
74	11	-81	grug_decor:darkage_adobe	0
75	11	-81	default:acacia_tree	0
76	11	-81	grug_decor:darkage_adobe	0
77	11	-81	grug_decor:darkage_adobe	0
78	11	-81	default:acacia_tree	0
79	11	-81	stairs:stair_desert_stonebrick	3
66	12	-81	stairs:stair_outer_desert_stonebrick	1
67	12	-81	stairs:stair_desert_stonebrick	0
68	12	-81	stairs:stair_desert_stonebrick	0
69	12	-81	stairs:stair_desert_stonebrick	0
70	12	-81	stairs:stair_desert_stonebrick	0
71	12	-81	stairs:stair_desert_stonebrick	0
72	12	-81	stairs:stair_desert_stonebrick	0
73	12	-81	stairs:stair_desert_stonebrick	0
74	12	-81	stairs:stair_desert_stonebrick	0
75	12	-81	stairs:stair_desert_stonebrick	0
76	12	-81	stairs:stair_desert_stonebrick	0
77	12	-81	stairs:stair_desert_stonebrick	0
78	12	-81	stairs:stair_outer_desert_stonebrick	0
57	-2	-80	default:stone	0
58	-2	-80	default:stone	0
59	-2	-80	default:stone	0
60	-2	-80	default:stone	0
61	-2	-80	default:stone	0
62	-2	-80	default:stone	0
63	-2	-80	default:desert_stone_block	0
64	-2	-80	default:stone	0
65	-2	-80	default:stone	0
66	-2	-80	default:stone	0
67	-2	-80	default:stone	0
68	-2	-80	default:stone	0
69	-2	-80	default:stone	0
70	-2	-80	default:stone	0
71	-2	-80	default:stone	0
72	-2	-80	default:stone	0
73	-2	-80	default:stone	0
74	-2	-80	default:stone	0
75	-2	-80	default:stone	0
76	-2	-80	default:stone	0
77	-2	-80	default:stone	0
78	-2	-80	default:stone	0
79	-2	-80	default:stone	0
80	-2	-80	default:stone	0
81	-2	-80	default:desert_stone_block	0
82	-2	-80	default:stone	0
83	-2	-80	default:stone	0
84	-2	-80	default:stone	0
85	-2	-80	default:stone	0
86	-2	-80	default:dry_dirt	0
87	-2	-80	default:dry_dirt	0
57	-1	-80	default:stone	0
58	-1	-80	default:stone	0
59	-1	-80	default:stone	0
60	-1	-80	default:stone	0
61	-1	-80	default:stone	0
62	-1	-80	default:stone	0
63	-1	-80	default:desert_stone_block	0
64	-1	-80	default:stone	0
65	-1	-80	default:stone	0
66	-1	-80	default:stone	0
67	-1	-80	default:stone	0
68	-1	-80	default:stone	0
69	-1	-80	default:stone	0
70	-1	-80	default:stone	0
71	-1	-80	default:stone	0
72	-1	-80	default:stone	0
73	-1	-80	default:stone	0
74	-1	-80	default:stone	0
75	-1	-80	default:stone	0
76	-1	-80	default:stone	0
77	-1	-80	default:stone	0
78	-1	-80	default:stone	0
79	-1	-80	default:stone	0
80	-1	-80	default:stone	0
81	-1	-80	default:desert_stone_block	0
82	-1	-80	default:stone	0
83	-1	-80	default:stone	0
84	-1	-80	default:dry_dirt	0
85	-1	-80	default:dry_dirt	0
86	-1	-80	default:dry_dirt	0
87	-1	-80	default:dry_dirt	0
57	0	-80	default:dry_dirt	0
58	0	-80	default:dry_dirt	0
59	0	-80	default:dry_dirt	0
60	0	-80	default:dry_dirt	0
61	0	-80	default:dry_dirt	0
62	0	-80	default:dry_dirt	0
63	0	-80	default:desert_stone_block	0
64	0	-80	default:dry_dirt	0
65	0	-80	default:dry_dirt	0
66	0	-80	default:dry_dirt	0
67	0	-80	default:dry_dirt	0
68	0	-80	default:dry_dirt	0
69	0	-80	default:dry_dirt	0
70	0	-80	default:dry_dirt	0
71	0	-80	default:dry_dirt	0
72	0	-80	default:dry_dirt	0
73	0	-80	default:dry_dirt	0
74	0	-80	default:dry_dirt	0
75	0	-80	default:dry_dirt	0
76	0	-80	default:dry_dirt	0
77	0	-80	default:dry_dirt	0
78	0	-80	default:dry_dirt	0
79	0	-80	default:dry_dirt	0
80	0	-80	default:stone	0
81	0	-80	default:desert_stone_block	0
82	0	-80	default:dry_dirt	0
83	0	-80	default:dry_dirt	0
84	0	-80	default:dry_dirt	0
85	0	-80	default:dry_dirt	0
86	0	-80	default:dry_dirt	0
87	0	-80	default:dry_dirt	0
57	1	-80	default:dry_dirt	0
58	1	-80	default:dry_dirt	0
59	1	-80	default:dry_dirt	0
60	1	-80	default:dry_dirt	0
61	1	-80	default:dry_dirt	0
62	1	-80	default:dry_dirt	0
63	1	-80	default:desert_stone_block	0
64	1	-80	default:dry_dirt	0
65	1	-80	default:dry_dirt	0
66	1	-80	default:dry_dirt	0
67	1	-80	default:dry_dirt	0
68	1	-80	default:dry_dirt	0
69	1	-80	default:dry_dirt	0
70	1	-80	default:dry_dirt	0
71	1	-80	default:dry_dirt	0
72	1	-80	default:dry_dirt	0
73	1	-80	default:dry_dirt	0
74	1	-80	default:dry_dirt	0
75	1	-80	default:dry_dirt	0
76	1	-80	default:dry_dirt	0
77	1	-80	default:dry_dirt	0
78	1	-80	default:dry_dirt	0
79	1	-80	default:dry_dirt	0
80	1	-80	default:dry_dirt	0
81	1	-80	default:desert_stone_block	0
82	1	-80	default:dry_dirt	0
83	1	-80	default:dry_dirt	0
84	1	-80	default:dry_dirt	0
85	1	-80	default:dry_dirt	0
86	1	-80	grug_nodes:mesa_clay	0
87	1	-80	grug_nodes:mesa_clay	0
57	2	-80	default:dry_dirt	0
58	2	-80	default:dry_dirt	0
59	2	-80	default:dry_dirt	0
60	2	-80	default:dry_dirt	0
61	2	-80	default:dry_dirt	0
62	2	-80	default:dry_dirt	0
63	2	-80	default:desert_stone_block	0
64	2	-80	default:dry_dirt	0
65	2	-80	default:dry_dirt	0
66	2	-80	default:dry_dirt	0
67	2	-80	default:dry_dirt	0
68	2	-80	default:dry_dirt	0
69	2	-80	default:dry_dirt	0
70	2	-80	default:dry_dirt	0
71	2	-80	default:dry_dirt	0
72	2	-80	default:dry_dirt	0
73	2	-80	default:dry_dirt	0
74	2	-80	default:dry_dirt	0
75	2	-80	default:dry_dirt	0
76	2	-80	default:dry_dirt	0
77	2	-80	default:dry_dirt	0
78	2	-80	default:dry_dirt	0
79	2	-80	default:dry_dirt	0
80	2	-80	default:dry_dirt	0
81	2	-80	default:desert_stone_block	0
82	2	-80	default:dry_dirt	0
83	2	-80	default:dry_dirt	0
84	2	-80	grug_nodes:mesa_clay	0
85	2	-80	grug_nodes:mesa_clay	0
57	3	-80	default:dry_dirt	0
58	3	-80	default:dry_dirt	0
59	3	-80	default:dry_dirt	0
60	3	-80	default:dry_dirt	0
61	3	-80	default:dry_dirt	0
62	3	-80	default:dry_dirt	0
63	3	-80	default:desert_stone_block	0
64	3	-80	default:dry_dirt	0
65	3	-80	default:dry_dirt	0
66	3	-80	default:dry_dirt	0
67	3	-80	default:dry_dirt	0
68	3	-80	default:dry_dirt	0
69	3	-80	default:dry_dirt	0
70	3	-80	default:dry_dirt	0
71	3	-80	default:dry_dirt	0
72	3	-80	default:dry_dirt	0
73	3	-80	default:dry_dirt	0
74	3	-80	default:dry_dirt	0
75	3	-80	default:dry_dirt	0
76	3	-80	default:dry_dirt	0
77	3	-80	default:dry_dirt	0
78	3	-80	default:dry_dirt	0
79	3	-80	default:dry_dirt	0
80	3	-80	default:dry_dirt	0
81	3	-80	default:desert_stone_block	0
82	3	-80	grug_nodes:mesa_clay	0
83	3	-80	grug_nodes:mesa_clay	0
57	4	-80	grug_nodes:mesa_clay	0
58	4	-80	grug_nodes:mesa_clay	0
59	4	-80	grug_nodes:mesa_clay	0
60	4	-80	grug_nodes:mesa_clay	0
61	4	-80	grug_nodes:mesa_clay	0
62	4	-80	grug_nodes:mesa_clay	0
63	4	-80	default:desert_stone_block	0
64	4	-80	default:dirt_with_dry_grass	0
65	4	-80	default:desert_cobble	0
66	4	-80	default:desert_stone_block	0
67	4	-80	default:acacia_wood	0
68	4	-80	default:acacia_wood	0
69	4	-80	default:acacia_wood	0
70	4	-80	default:acacia_wood	0
71	4	-80	default:acacia_wood	0
72	4	-80	default:acacia_wood	0
73	4	-80	default:acacia_wood	0
74	4	-80	default:acacia_wood	0
75	4	-80	default:acacia_wood	0
76	4	-80	default:acacia_wood	0
77	4	-80	default:acacia_wood	0
78	4	-80	default:desert_stone_block	0
79	4	-80	default:desert_cobble	0
80	4	-80	default:dirt_with_dry_grass	0
81	4	-80	default:desert_stone_block	0
66	5	-80	default:acacia_tree	0
78	5	-80	default:acacia_tree	0
66	6	-80	default:acacia_tree	0
78	6	-80	default:acacia_tree	0
66	7	-80	default:acacia_tree	0
78	7	-80	default:acacia_tree	0
66	8	-80	default:acacia_tree	0
78	8	-80	default:acacia_tree	0
66	9	-80	default:acacia_tree	0
78	9	-80	default:acacia_tree	0
66	10	-80	default:acacia_tree	0
78	10	-80	default:acacia_tree	0
65	11	-80	stairs:stair_desert_stonebrick	1
66	11	-80	default:acacia_tree	0
78	11	-80	default:acacia_tree	0
79	11	-80	stairs:stair_desert_stonebrick	3
66	12	-80	stairs:stair_desert_stonebrick	1
78	12	-80	stairs:stair_desert_stonebrick	3
67	13	-80	stairs:stair_outer_desert_stonebrick	1
68	13	-80	stairs:stair_desert_stonebrick	0
69	13	-80	stairs:stair_desert_stonebrick	0
70	13	-80	stairs:stair_desert_stonebrick	0
71	13	-80	stairs:stair_desert_stonebrick	0
72	13	-80	stairs:stair_desert_stonebrick	0
73	13	-80	stairs:stair_desert_stonebrick	0
74	13	-80	stairs:stair_desert_stonebrick	0
75	13	-80	stairs:stair_desert_stonebrick	0
76	13	-80	stairs:stair_desert_stonebrick	0
77	13	-80	stairs:stair_outer_desert_stonebrick	0
57	-2	-79	default:stone	0
58	-2	-79	default:stone	0
59	-2	-79	default:stone	0
60	-2	-79	default:stone	0
61	-2	-79	default:stone	0
62	-2	-79	default:stone	0
63	-2	-79	default:desert_stone_block	0
64	-2	-79	default:stone	0
65	-2	-79	default:stone	0
66	-2	-79	default:stone	0
67	-2	-79	default:stone	0
68	-2	-79	default:stone	0
69	-2	-79	default:stone	0
70	-2	-79	default:stone	0
71	-2	-79	default:stone	0
72	-2	-79	default:stone	0
73	-2	-79	default:stone	0
74	-2	-79	default:stone	0
75	-2	-79	default:stone	0
76	-2	-79	default:stone	0
77	-2	-79	default:stone	0
78	-2	-79	default:stone	0
79	-2	-79	default:stone	0
80	-2	-79	default:stone	0
81	-2	-79	default:desert_stone_block	0
82	-2	-79	default:stone	0
83	-2	-79	default:stone	0
84	-2	-79	default:stone	0
85	-2	-79	default:stone	0
86	-2	-79	default:dry_dirt	0
87	-2	-79	default:dry_dirt	0
57	-1	-79	default:stone	0
58	-1	-79	default:stone	0
59	-1	-79	default:stone	0
60	-1	-79	default:stone	0
61	-1	-79	default:stone	0
62	-1	-79	default:stone	0
63	-1	-79	default:desert_stone_block	0
64	-1	-79	default:stone	0
65	-1	-79	default:stone	0
66	-1	-79	default:stone	0
67	-1	-79	default:stone	0
68	-1	-79	default:stone	0
69	-1	-79	default:stone	0
70	-1	-79	default:stone	0
71	-1	-79	default:stone	0
72	-1	-79	default:stone	0
73	-1	-79	default:stone	0
74	-1	-79	default:stone	0
75	-1	-79	default:stone	0
76	-1	-79	default:stone	0
77	-1	-79	default:stone	0
78	-1	-79	default:stone	0
79	-1	-79	default:stone	0
80	-1	-79	default:stone	0
81	-1	-79	default:desert_stone_block	0
82	-1	-79	default:stone	0
83	-1	-79	default:stone	0
84	-1	-79	default:stone	0
85	-1	-79	default:dry_dirt	0
86	-1	-79	default:dry_dirt	0
87	-1	-79	default:dry_dirt	0
57	0	-79	default:dry_dirt	0
58	0	-79	default:dry_dirt	0
59	0	-79	default:dry_dirt	0
60	0	-79	default:dry_dirt	0
61	0	-79	default:dry_dirt	0
62	0	-79	default:dry_dirt	0
63	0	-79	default:desert_stone_block	0
64	0	-79	default:dry_dirt	0
65	0	-79	default:dry_dirt	0
66	0	-79	default:dry_dirt	0
67	0	-79	default:dry_dirt	0
68	0	-79	default:dry_dirt	0
69	0	-79	default:dry_dirt	0
70	0	-79	default:dry_dirt	0
71	0	-79	default:dry_dirt	0
72	0	-79	default:dry_dirt	0
73	0	-79	default:dry_dirt	0
74	0	-79	default:dry_dirt	0
75	0	-79	default:dry_dirt	0
76	0	-79	default:dry_dirt	0
77	0	-79	default:dry_dirt	0
78	0	-79	default:dry_dirt	0
79	0	-79	default:dry_dirt	0
80	0	-79	default:stone	0
81	0	-79	default:desert_stone_block	0
82	0	-79	default:dry_dirt	0
83	0	-79	default:dry_dirt	0
84	0	-79	default:dry_dirt	0
85	0	-79	default:dry_dirt	0
86	0	-79	default:dry_dirt	0
87	0	-79	default:dry_dirt	0
57	1	-79	default:dry_dirt	0
58	1	-79	default:dry_dirt	0
59	1	-79	default:dry_dirt	0
60	1	-79	default:dry_dirt	0
61	1	-79	default:dry_dirt	0
62	1	-79	default:dry_dirt	0
63	1	-79	default:desert_stone_block	0
64	1	-79	default:dry_dirt	0
65	1	-79	default:dry_dirt	0
66	1	-79	default:dry_dirt	0
67	1	-79	default:dry_dirt	0
68	1	-79	default:dry_dirt	0
69	1	-79	default:dry_dirt	0
70	1	-79	default:dry_dirt	0
71	1	-79	default:dry_dirt	0
72	1	-79	default:dry_dirt	0
73	1	-79	default:dry_dirt	0
74	1	-79	default:dry_dirt	0
75	1	-79	default:dry_dirt	0
76	1	-79	default:dry_dirt	0
77	1	-79	default:dry_dirt	0
78	1	-79	default:dry_dirt	0
79	1	-79	default:dry_dirt	0
80	1	-79	default:dry_dirt	0
81	1	-79	default:desert_stone_block	0
82	1	-79	default:dry_dirt	0
83	1	-79	default:dry_dirt	0
84	1	-79	default:dry_dirt	0
85	1	-79	default:dry_dirt	0
86	1	-79	grug_nodes:mesa_clay	0
87	1	-79	grug_nodes:mesa_clay	0
57	2	-79	default:dry_dirt	0
58	2	-79	default:dry_dirt	0
59	2	-79	default:dry_dirt	0
60	2	-79	default:dry_dirt	0
61	2	-79	default:dry_dirt	0
62	2	-79	default:dry_dirt	0
63	2	-79	default:desert_stone_block	0
64	2	-79	default:dry_dirt	0
65	2	-79	default:dry_dirt	0
66	2	-79	default:dry_dirt	0
67	2	-79	default:dry_dirt	0
68	2	-79	default:dry_dirt	0
69	2	-79	default:dry_dirt	0
70	2	-79	default:dry_dirt	0
71	2	-79	default:dry_dirt	0
72	2	-79	default:dry_dirt	0
73	2	-79	default:dry_dirt	0
74	2	-79	default:dry_dirt	0
75	2	-79	default:dry_dirt	0
76	2	-79	default:dry_dirt	0
77	2	-79	default:dry_dirt	0
78	2	-79	default:dry_dirt	0
79	2	-79	default:dry_dirt	0
80	2	-79	default:dry_dirt	0
81	2	-79	default:desert_stone_block	0
82	2	-79	default:dry_dirt	0
83	2	-79	default:dry_dirt	0
84	2	-79	default:dry_dirt	0
85	2	-79	grug_nodes:mesa_clay	0
57	3	-79	default:dry_dirt	0
58	3	-79	default:dry_dirt	0
59	3	-79	default:dry_dirt	0
60	3	-79	default:dry_dirt	0
61	3	-79	default:dry_dirt	0
62	3	-79	default:dry_dirt	0
63	3	-79	default:desert_stone_block	0
64	3	-79	default:dry_dirt	0
65	3	-79	default:dry_dirt	0
66	3	-79	default:dry_dirt	0
67	3	-79	default:dry_dirt	0
68	3	-79	default:dry_dirt	0
69	3	-79	default:dry_dirt	0
70	3	-79	default:dry_dirt	0
71	3	-79	default:dry_dirt	0
72	3	-79	default:dry_dirt	0
73	3	-79	default:dry_dirt	0
74	3	-79	default:dry_dirt	0
75	3	-79	default:dry_dirt	0
76	3	-79	default:dry_dirt	0
77	3	-79	default:dry_dirt	0
78	3	-79	default:dry_dirt	0
79	3	-79	default:dry_dirt	0
80	3	-79	default:dry_dirt	0
81	3	-79	default:desert_stone_block	0
82	3	-79	grug_nodes:mesa_clay	0
83	3	-79	grug_nodes:mesa_clay	0
84	3	-79	grug_nodes:mesa_clay	0
57	4	-79	default:dry_dirt_with_dry_grass	0
58	4	-79	grug_nodes:mesa_clay	0
59	4	-79	grug_nodes:mesa_clay	0
60	4	-79	grug_nodes:mesa_clay	0
61	4	-79	grug_nodes:mesa_clay	0
62	4	-79	grug_nodes:mesa_clay	0
63	4	-79	default:desert_stone_block	0
64	4	-79	default:dirt_with_dry_grass	0
65	4	-79	default:desert_cobble	0
66	4	-79	default:desert_stone_block	0
67	4	-79	default:acacia_wood	0
68	4	-79	default:acacia_wood	0
69	4	-79	default:acacia_wood	0
70	4	-79	default:acacia_wood	0
71	4	-79	default:acacia_wood	0
72	4	-79	wool:red	0
73	4	-79	default:acacia_wood	0
74	4	-79	default:acacia_wood	0
75	4	-79	default:acacia_wood	0
76	4	-79	default:acacia_wood	0
77	4	-79	default:acacia_wood	0
78	4	-79	default:desert_stone_block	0
79	4	-79	default:desert_cobble	0
80	4	-79	default:dirt_with_dry_grass	0
81	4	-79	default:desert_stone_block	0
66	5	-79	default:desert_stonebrick	0
67	5	-79	grug_decor:xdecor_empty_shelf	3
77	5	-79	grug_decor:xdecor_empty_shelf	1
78	5	-79	default:desert_stonebrick	0
66	6	-79	xpanes:bar_flat	3
78	6	-79	xpanes:bar_flat	3
66	7	-79	xpanes:bar_flat	3
78	7	-79	xpanes:bar_flat	3
66	8	-79	grug_decor:darkage_adobe	0
78	8	-79	grug_decor:darkage_adobe	0
66	9	-79	grug_decor:darkage_adobe	0
78	9	-79	grug_decor:darkage_adobe	0
66	10	-79	grug_decor:darkage_adobe	0
78	10	-79	grug_decor:darkage_adobe	0
65	11	-79	stairs:stair_desert_stonebrick	1
66	11	-79	grug_decor:darkage_adobe	0
78	11	-79	grug_decor:darkage_adobe	0
79	11	-79	stairs:stair_desert_stonebrick	3
66	12	-79	stairs:stair_desert_stonebrick	1
78	12	-79	stairs:stair_desert_stonebrick	3
67	13	-79	stairs:stair_desert_stonebrick	1
77	13	-79	stairs:stair_desert_stonebrick	3
68	14	-79	stairs:stair_outer_desert_stonebrick	1
69	14	-79	stairs:stair_desert_stonebrick	0
70	14	-79	stairs:stair_desert_stonebrick	0
71	14	-79	stairs:stair_desert_stonebrick	0
72	14	-79	stairs:stair_desert_stonebrick	0
73	14	-79	stairs:stair_desert_stonebrick	0
74	14	-79	stairs:stair_desert_stonebrick	0
75	14	-79	stairs:stair_desert_stonebrick	0
76	14	-79	stairs:stair_outer_desert_stonebrick	0
57	-2	-78	default:stone	0
58	-2	-78	default:stone	0
59	-2	-78	default:stone	0
60	-2	-78	default:stone	0
61	-2	-78	default:stone	0
62	-2	-78	default:stone	0
63	-2	-78	default:desert_stone_block	0
64	-2	-78	default:stone	0
65	-2	-78	default:stone	0
66	-2	-78	default:stone	0
67	-2	-78	default:stone	0
68	-2	-78	default:stone	0
69	-2	-78	default:stone	0
70	-2	-78	default:stone	0
71	-2	-78	default:stone	0
72	-2	-78	default:stone	0
73	-2	-78	default:stone	0
74	-2	-78	default:stone	0
75	-2	-78	default:stone	0
76	-2	-78	default:stone	0
77	-2	-78	default:stone	0
78	-2	-78	default:stone	0
79	-2	-78	default:stone	0
80	-2	-78	default:stone	0
81	-2	-78	default:desert_stone_block	0
82	-2	-78	default:stone	0
83	-2	-78	default:stone	0
84	-2	-78	default:stone	0
85	-2	-78	default:stone	0
86	-2	-78	default:dry_dirt	0
87	-2	-78	default:dry_dirt	0
57	-1	-78	default:stone	0
58	-1	-78	default:stone	0
59	-1	-78	default:stone	0
60	-1	-78	default:stone	0
61	-1	-78	default:stone	0
62	-1	-78	default:stone	0
63	-1	-78	default:desert_stone_block	0
64	-1	-78	default:stone	0
65	-1	-78	default:stone	0
66	-1	-78	default:stone	0
67	-1	-78	default:stone	0
68	-1	-78	default:stone	0
69	-1	-78	default:stone	0
70	-1	-78	default:stone	0
71	-1	-78	default:stone	0
72	-1	-78	default:stone	0
73	-1	-78	default:stone	0
74	-1	-78	default:stone	0
75	-1	-78	default:stone	0
76	-1	-78	default:stone	0
77	-1	-78	default:stone	0
78	-1	-78	default:stone	0
79	-1	-78	default:stone	0
80	-1	-78	default:stone	0
81	-1	-78	default:desert_stone_block	0
82	-1	-78	default:stone	0
83	-1	-78	default:stone	0
84	-1	-78	default:stone	0
85	-1	-78	default:dry_dirt	0
86	-1	-78	default:dry_dirt	0
87	-1	-78	default:dry_dirt	0
57	0	-78	default:dry_dirt	0
58	0	-78	default:dry_dirt	0
59	0	-78	default:dry_dirt	0
60	0	-78	default:dry_dirt	0
61	0	-78	default:dry_dirt	0
62	0	-78	default:dry_dirt	0
63	0	-78	default:desert_stone_block	0
64	0	-78	default:dry_dirt	0
65	0	-78	default:dry_dirt	0
66	0	-78	default:dry_dirt	0
67	0	-78	default:dry_dirt	0
68	0	-78	default:dry_dirt	0
69	0	-78	default:dry_dirt	0
70	0	-78	default:dry_dirt	0
71	0	-78	default:dry_dirt	0
72	0	-78	default:dry_dirt	0
73	0	-78	default:dry_dirt	0
74	0	-78	default:dry_dirt	0
75	0	-78	default:dry_dirt	0
76	0	-78	default:dry_dirt	0
77	0	-78	default:dry_dirt	0
78	0	-78	default:dry_dirt	0
79	0	-78	default:stone	0
80	0	-78	default:stone	0
81	0	-78	default:desert_stone_block	0
82	0	-78	default:dry_dirt	0
83	0	-78	default:dry_dirt	0
84	0	-78	default:dry_dirt	0
85	0	-78	default:dry_dirt	0
86	0	-78	default:dry_dirt	0
87	0	-78	default:dry_dirt	0
57	1	-78	default:dry_dirt	0
58	1	-78	default:dry_dirt	0
59	1	-78	default:dry_dirt	0
60	1	-78	default:dry_dirt	0
61	1	-78	default:dry_dirt	0
62	1	-78	default:dry_dirt	0
63	1	-78	default:desert_stone_block	0
64	1	-78	default:dry_dirt	0
65	1	-78	default:dry_dirt	0
66	1	-78	default:dry_dirt	0
67	1	-78	default:dry_dirt	0
68	1	-78	default:dry_dirt	0
69	1	-78	default:dry_dirt	0
70	1	-78	default:dry_dirt	0
71	1	-78	default:dry_dirt	0
72	1	-78	default:dry_dirt	0
73	1	-78	default:dry_dirt	0
74	1	-78	default:dry_dirt	0
75	1	-78	default:dry_dirt	0
76	1	-78	default:dry_dirt	0
77	1	-78	default:dry_dirt	0
78	1	-78	default:dry_dirt	0
79	1	-78	default:dry_dirt	0
80	1	-78	default:dry_dirt	0
81	1	-78	default:desert_stone_block	0
82	1	-78	default:dry_dirt	0
83	1	-78	default:dry_dirt	0
84	1	-78	default:dry_dirt	0
85	1	-78	default:dry_dirt	0
86	1	-78	grug_nodes:mesa_clay	0
87	1	-78	grug_nodes:mesa_clay	0
57	2	-78	default:dry_dirt	0
58	2	-78	default:dry_dirt	0
59	2	-78	default:dry_dirt	0
60	2	-78	default:dry_dirt	0
61	2	-78	default:dry_dirt	0
62	2	-78	default:dry_dirt	0
63	2	-78	default:desert_stone_block	0
64	2	-78	default:dry_dirt	0
65	2	-78	default:dry_dirt	0
66	2	-78	default:dry_dirt	0
67	2	-78	default:dry_dirt	0
68	2	-78	default:dry_dirt	0
69	2	-78	default:dry_dirt	0
70	2	-78	default:dry_dirt	0
71	2	-78	default:dry_dirt	0
72	2	-78	default:dry_dirt	0
73	2	-78	default:dry_dirt	0
74	2	-78	default:dry_dirt	0
75	2	-78	default:dry_dirt	0
76	2	-78	default:dry_dirt	0
77	2	-78	default:dry_dirt	0
78	2	-78	default:dry_dirt	0
79	2	-78	default:dry_dirt	0
80	2	-78	default:dry_dirt	0
81	2	-78	default:desert_stone_block	0
82	2	-78	default:dry_dirt	0
83	2	-78	default:dry_dirt	0
84	2	-78	default:dry_dirt	0
85	2	-78	grug_nodes:mesa_clay	0
57	3	-78	default:dry_dirt	0
58	3	-78	default:dry_dirt	0
59	3	-78	default:dry_dirt	0
60	3	-78	default:dry_dirt	0
61	3	-78	default:dry_dirt	0
62	3	-78	default:dry_dirt	0
63	3	-78	default:desert_stone_block	0
64	3	-78	default:dry_dirt	0
65	3	-78	default:dry_dirt	0
66	3	-78	default:dry_dirt	0
67	3	-78	default:dry_dirt	0
68	3	-78	default:dry_dirt	0
69	3	-78	default:dry_dirt	0
70	3	-78	default:dry_dirt	0
71	3	-78	default:dry_dirt	0
72	3	-78	default:dry_dirt	0
73	3	-78	default:dry_dirt	0
74	3	-78	default:dry_dirt	0
75	3	-78	default:dry_dirt	0
76	3	-78	default:dry_dirt	0
77	3	-78	default:dry_dirt	0
78	3	-78	default:dry_dirt	0
79	3	-78	default:dry_dirt	0
80	3	-78	default:dry_dirt	0
81	3	-78	default:desert_stone_block	0
82	3	-78	grug_nodes:mesa_clay	0
83	3	-78	grug_nodes:mesa_clay	0
84	3	-78	grug_nodes:mesa_clay	0
57	4	-78	default:dry_dirt_with_dry_grass	0
58	4	-78	default:dry_dirt_with_dry_grass	0
59	4	-78	default:dry_dirt_with_dry_grass	0
60	4	-78	grug_nodes:mesa_clay	0
61	4	-78	grug_nodes:mesa_clay	0
62	4	-78	grug_nodes:mesa_clay	0
63	4	-78	default:desert_stone_block	0
64	4	-78	default:dirt_with_dry_grass	0
65	4	-78	default:desert_cobble	0
66	4	-78	default:desert_stone_block	0
67	4	-78	default:acacia_wood	0
68	4	-78	default:acacia_wood	0
69	4	-78	default:acacia_wood	0
70	4	-78	default:acacia_wood	0
71	4	-78	default:acacia_wood	0
72	4	-78	wool:red	0
73	4	-78	default:acacia_wood	0
74	4	-78	default:acacia_wood	0
75	4	-78	default:acacia_wood	0
76	4	-78	default:acacia_wood	0
77	4	-78	default:acacia_wood	0
78	4	-78	default:desert_stone_block	0
79	4	-78	default:desert_cobble	0
80	4	-78	default:dirt_with_dry_grass	0
81	4	-78	default:desert_stone_block	0
66	5	-78	default:desert_stonebrick	0
67	5	-78	grug_decor:cottages_shelf	3
70	5	-78	grug_decor:cottages_bench	3
71	5	-78	grug_decor:cottages_bench	3
73	5	-78	grug_decor:cottages_bench	1
74	5	-78	grug_decor:cottages_bench	1
77	5	-78	grug_decor:cottages_shelf	1
78	5	-78	default:desert_stonebrick	0
66	6	-78	xpanes:bar_flat	3
78	6	-78	xpanes:bar_flat	3
66	7	-78	xpanes:bar_flat	3
78	7	-78	xpanes:bar_flat	3
66	8	-78	default:acacia_tree	0
78	8	-78	default:acacia_tree	0
66	9	-78	default:acacia_tree	0
78	9	-78	default:acacia_tree	0
66	10	-78	default:acacia_tree	0
78	10	-78	default:acacia_tree	0
65	11	-78	stairs:stair_desert_stonebrick	1
66	11	-78	default:acacia_tree	0
78	11	-78	default:acacia_tree	0
79	11	-78	stairs:stair_desert_stonebrick	3
66	12	-78	stairs:stair_desert_stonebrick	1
78	12	-78	stairs:stair_desert_stonebrick	3
67	13	-78	stairs:stair_desert_stonebrick	1
77	13	-78	stairs:stair_desert_stonebrick	3
68	14	-78	stairs:stair_desert_stonebrick	1
76	14	-78	stairs:stair_desert_stonebrick	3
69	15	-78	stairs:stair_outer_desert_stonebrick	1
70	15	-78	stairs:stair_desert_stonebrick	0
71	15	-78	stairs:stair_desert_stonebrick	0
72	15	-78	stairs:stair_desert_stonebrick	0
73	15	-78	stairs:stair_desert_stonebrick	0
74	15	-78	stairs:stair_desert_stonebrick	0
75	15	-78	stairs:stair_outer_desert_stonebrick	0
57	-2	-77	default:stone	0
58	-2	-77	default:stone	0
59	-2	-77	default:stone	0
60	-2	-77	default:stone	0
61	-2	-77	default:stone	0
62	-2	-77	default:stone	0
63	-2	-77	default:desert_stone_block	0
64	-2	-77	default:stone	0
65	-2	-77	default:stone	0
66	-2	-77	default:stone	0
67	-2	-77	default:stone	0
68	-2	-77	default:stone	0
69	-2	-77	default:stone	0
70	-2	-77	default:stone	0
71	-2	-77	default:stone	0
72	-2	-77	default:stone	0
73	-2	-77	default:stone	0
74	-2	-77	default:stone	0
75	-2	-77	default:stone	0
76	-2	-77	default:stone	0
77	-2	-77	default:stone	0
78	-2	-77	default:stone	0
79	-2	-77	default:stone	0
80	-2	-77	default:stone	0
81	-2	-77	default:desert_stone_block	0
82	-2	-77	default:stone	0
83	-2	-77	default:stone	0
84	-2	-77	default:stone	0
85	-2	-77	default:stone	0
86	-2	-77	default:dry_dirt	0
87	-2	-77	default:dry_dirt	0
57	-1	-77	default:stone	0
58	-1	-77	default:stone	0
59	-1	-77	default:stone	0
60	-1	-77	default:stone	0
61	-1	-77	default:stone	0
62	-1	-77	default:stone	0
63	-1	-77	default:desert_stone_block	0
64	-1	-77	default:stone	0
65	-1	-77	default:stone	0
66	-1	-77	default:stone	0
67	-1	-77	default:stone	0
68	-1	-77	default:stone	0
69	-1	-77	default:stone	0
70	-1	-77	default:stone	0
71	-1	-77	default:stone	0
72	-1	-77	default:stone	0
73	-1	-77	default:stone	0
74	-1	-77	default:stone	0
75	-1	-77	default:stone	0
76	-1	-77	default:stone	0
77	-1	-77	default:stone	0
78	-1	-77	default:stone	0
79	-1	-77	default:stone	0
80	-1	-77	default:stone	0
81	-1	-77	default:desert_stone_block	0
82	-1	-77	default:stone	0
83	-1	-77	default:stone	0
84	-1	-77	default:stone	0
85	-1	-77	default:dry_dirt	0
86	-1	-77	default:dry_dirt	0
87	-1	-77	default:dry_dirt	0
57	0	-77	default:dry_dirt	0
58	0	-77	default:dry_dirt	0
59	0	-77	default:dry_dirt	0
60	0	-77	default:dry_dirt	0
61	0	-77	default:dry_dirt	0
62	0	-77	default:dry_dirt	0
63	0	-77	default:desert_stone_block	0
64	0	-77	default:dry_dirt	0
65	0	-77	default:dry_dirt	0
66	0	-77	default:dry_dirt	0
67	0	-77	default:dry_dirt	0
68	0	-77	default:dry_dirt	0
69	0	-77	default:dry_dirt	0
70	0	-77	default:dry_dirt	0
71	0	-77	default:dry_dirt	0
72	0	-77	default:dry_dirt	0
73	0	-77	default:dry_dirt	0
74	0	-77	default:dry_dirt	0
75	0	-77	default:dry_dirt	0
76	0	-77	default:dry_dirt	0
77	0	-77	default:dry_dirt	0
78	0	-77	default:dry_dirt	0
79	0	-77	default:stone	0
80	0	-77	default:stone	0
81	0	-77	default:desert_stone_block	0
82	0	-77	default:stone	0
83	0	-77	default:dry_dirt	0
84	0	-77	default:dry_dirt	0
85	0	-77	default:dry_dirt	0
86	0	-77	default:dry_dirt	0
87	0	-77	default:dry_dirt	0
57	1	-77	default:dry_dirt	0
58	1	-77	default:dry_dirt	0
59	1	-77	default:dry_dirt	0
60	1	-77	default:dry_dirt	0
61	1	-77	default:dry_dirt	0
62	1	-77	default:dry_dirt	0
63	1	-77	default:desert_stone_block	0
64	1	-77	default:dry_dirt	0
65	1	-77	default:dry_dirt	0
66	1	-77	default:dry_dirt	0
67	1	-77	default:dry_dirt	0
68	1	-77	default:dry_dirt	0
69	1	-77	default:dry_dirt	0
70	1	-77	default:dry_dirt	0
71	1	-77	default:dry_dirt	0
72	1	-77	default:dry_dirt	0
73	1	-77	default:dry_dirt	0
74	1	-77	default:dry_dirt	0
75	1	-77	default:dry_dirt	0
76	1	-77	default:dry_dirt	0
77	1	-77	default:dry_dirt	0
78	1	-77	default:dry_dirt	0
79	1	-77	default:dry_dirt	0
80	1	-77	default:dry_dirt	0
81	1	-77	default:desert_stone_block	0
82	1	-77	default:dry_dirt	0
83	1	-77	default:dry_dirt	0
84	1	-77	default:dry_dirt	0
85	1	-77	default:dry_dirt	0
86	1	-77	grug_nodes:mesa_clay	0
87	1	-77	grug_nodes:mesa_clay	0
57	2	-77	default:dry_dirt	0
58	2	-77	default:dry_dirt	0
59	2	-77	default:dry_dirt	0
60	2	-77	default:dry_dirt	0
61	2	-77	default:dry_dirt	0
62	2	-77	default:dry_dirt	0
63	2	-77	default:desert_stone_block	0
64	2	-77	default:dry_dirt	0
65	2	-77	default:dry_dirt	0
66	2	-77	default:dry_dirt	0
67	2	-77	default:dry_dirt	0
68	2	-77	default:dry_dirt	0
69	2	-77	default:dry_dirt	0
70	2	-77	default:dry_dirt	0
71	2	-77	default:dry_dirt	0
72	2	-77	default:dry_dirt	0
73	2	-77	default:dry_dirt	0
74	2	-77	default:dry_dirt	0
75	2	-77	default:dry_dirt	0
76	2	-77	default:dry_dirt	0
77	2	-77	default:dry_dirt	0
78	2	-77	default:dry_dirt	0
79	2	-77	default:dry_dirt	0
80	2	-77	default:dry_dirt	0
81	2	-77	default:desert_stone_block	0
82	2	-77	default:dry_dirt	0
83	2	-77	default:dry_dirt	0
84	2	-77	default:dry_dirt	0
85	2	-77	grug_nodes:mesa_clay	0
57	3	-77	default:dry_dirt	0
58	3	-77	default:dry_dirt	0
59	3	-77	default:dry_dirt	0
60	3	-77	default:dry_dirt	0
61	3	-77	default:dry_dirt	0
62	3	-77	default:dry_dirt	0
63	3	-77	default:desert_stone_block	0
64	3	-77	default:dry_dirt	0
65	3	-77	default:dry_dirt	0
66	3	-77	default:dry_dirt	0
67	3	-77	default:dry_dirt	0
68	3	-77	default:dry_dirt	0
69	3	-77	default:dry_dirt	0
70	3	-77	default:dry_dirt	0
71	3	-77	default:dry_dirt	0
72	3	-77	default:dry_dirt	0
73	3	-77	default:dry_dirt	0
74	3	-77	default:dry_dirt	0
75	3	-77	default:dry_dirt	0
76	3	-77	default:dry_dirt	0
77	3	-77	default:dry_dirt	0
78	3	-77	default:dry_dirt	0
79	3	-77	default:dry_dirt	0
80	3	-77	default:dry_dirt	0
81	3	-77	default:desert_stone_block	0
82	3	-77	default:dry_dirt	0
83	3	-77	grug_nodes:mesa_clay	0
84	3	-77	grug_nodes:mesa_clay	0
57	4	-77	default:dry_dirt_with_dry_grass	0
58	4	-77	default:dry_dirt_with_dry_grass	0
59	4	-77	default:dry_dirt_with_dry_grass	0
60	4	-77	default:dry_dirt_with_dry_grass	0
61	4	-77	default:dry_dirt_with_dry_grass	0
62	4	-77	grug_nodes:mesa_clay	0
63	4	-77	default:desert_stone_block	0
64	4	-77	default:dirt_with_dry_grass	0
65	4	-77	default:desert_cobble	0
66	4	-77	default:desert_stone_block	0
67	4	-77	default:acacia_wood	0
68	4	-77	default:acacia_wood	0
69	4	-77	default:acacia_wood	0
70	4	-77	default:acacia_wood	0
71	4	-77	default:acacia_wood	0
72	4	-77	wool:red	0
73	4	-77	default:acacia_wood	0
74	4	-77	default:acacia_wood	0
75	4	-77	default:acacia_wood	0
76	4	-77	default:acacia_wood	0
77	4	-77	default:acacia_wood	0
78	4	-77	default:desert_stone_block	0
79	4	-77	default:desert_cobble	0
80	4	-77	default:dirt_with_dry_grass	0
81	4	-77	default:desert_stone_block	0
82	4	-77	grug_nodes:mesa_clay	0
66	5	-77	default:acacia_tree	0
78	5	-77	default:acacia_tree	0
66	6	-77	default:acacia_tree	0
78	6	-77	default:acacia_tree	0
66	7	-77	default:acacia_tree	0
67	7	-77	default:torch_wall	3
77	7	-77	default:torch_wall	2
78	7	-77	default:acacia_tree	0
66	8	-77	default:acacia_tree	0
78	8	-77	default:acacia_tree	0
66	9	-77	default:acacia_tree	0
78	9	-77	default:acacia_tree	0
66	10	-77	default:acacia_tree	0
78	10	-77	default:acacia_tree	0
65	11	-77	stairs:stair_desert_stonebrick	1
66	11	-77	default:acacia_tree	0
78	11	-77	default:acacia_tree	0
79	11	-77	stairs:stair_desert_stonebrick	3
66	12	-77	stairs:stair_desert_stonebrick	1
78	12	-77	stairs:stair_desert_stonebrick	3
67	13	-77	stairs:stair_desert_stonebrick	1
77	13	-77	stairs:stair_desert_stonebrick	3
68	14	-77	stairs:stair_desert_stonebrick	1
76	14	-77	stairs:stair_desert_stonebrick	3
69	15	-77	stairs:stair_desert_stonebrick	1
75	15	-77	stairs:stair_desert_stonebrick	3
70	16	-77	stairs:slab_desert_stonebrick	0
71	16	-77	stairs:slab_desert_stonebrick	0
72	16	-77	stairs:slab_desert_stonebrick	0
73	16	-77	stairs:slab_desert_stonebrick	0
74	16	-77	stairs:slab_desert_stonebrick	0
57	-2	-76	default:stone	0
58	-2	-76	default:stone	0
59	-2	-76	default:stone	0
60	-2	-76	default:stone	0
61	-2	-76	default:stone	0
62	-2	-76	default:stone	0
63	-2	-76	default:desert_stone_block	0
64	-2	-76	default:stone	0
65	-2	-76	default:stone	0
66	-2	-76	default:stone	0
67	-2	-76	default:stone	0
68	-2	-76	default:stone	0
69	-2	-76	default:stone	0
70	-2	-76	default:stone	0
71	-2	-76	default:stone	0
72	-2	-76	default:stone	0
73	-2	-76	default:stone	0
74	-2	-76	default:stone	0
75	-2	-76	default:stone	0
76	-2	-76	default:stone	0
77	-2	-76	default:stone	0
78	-2	-76	default:stone	0
79	-2	-76	default:stone	0
80	-2	-76	default:stone	0
81	-2	-76	default:desert_stone_block	0
82	-2	-76	default:stone	0
83	-2	-76	default:stone	0
84	-2	-76	default:stone	0
85	-2	-76	default:stone	0
86	-2	-76	default:stone	0
87	-2	-76	default:dry_dirt	0
57	-1	-76	default:stone	0
58	-1	-76	default:stone	0
59	-1	-76	default:stone	0
60	-1	-76	default:stone	0
61	-1	-76	default:stone	0
62	-1	-76	default:stone	0
63	-1	-76	default:desert_stone_block	0
64	-1	-76	default:stone	0
65	-1	-76	default:stone	0
66	-1	-76	default:stone	0
67	-1	-76	default:stone	0
68	-1	-76	default:stone	0
69	-1	-76	default:stone	0
70	-1	-76	default:stone	0
71	-1	-76	default:stone	0
72	-1	-76	default:stone	0
73	-1	-76	default:stone	0
74	-1	-76	default:stone	0
75	-1	-76	default:stone	0
76	-1	-76	default:stone	0
77	-1	-76	default:stone	0
78	-1	-76	default:stone	0
79	-1	-76	default:stone	0
80	-1	-76	default:stone	0
81	-1	-76	default:desert_stone_block	0
82	-1	-76	default:stone	0
83	-1	-76	default:stone	0
84	-1	-76	default:stone	0
85	-1	-76	default:dry_dirt	0
86	-1	-76	default:dry_dirt	0
87	-1	-76	default:dry_dirt	0
57	0	-76	default:dry_dirt	0
58	0	-76	default:dry_dirt	0
59	0	-76	default:dry_dirt	0
60	0	-76	default:dry_dirt	0
61	0	-76	default:dry_dirt	0
62	0	-76	default:dry_dirt	0
63	0	-76	default:desert_stone_block	0
64	0	-76	default:dry_dirt	0
65	0	-76	default:dry_dirt	0
66	0	-76	default:dry_dirt	0
67	0	-76	default:dry_dirt	0
68	0	-76	default:dry_dirt	0
69	0	-76	default:dry_dirt	0
70	0	-76	default:dry_dirt	0
71	0	-76	default:dry_dirt	0
72	0	-76	default:dry_dirt	0
73	0	-76	default:dry_dirt	0
74	0	-76	default:dry_dirt	0
75	0	-76	default:dry_dirt	0
76	0	-76	default:dry_dirt	0
77	0	-76	default:dry_dirt	0
78	0	-76	default:dry_dirt	0
79	0	-76	default:stone	0
80	0	-76	default:stone	0
81	0	-76	default:desert_stone_block	0
82	0	-76	default:stone	0
83	0	-76	default:dry_dirt	0
84	0	-76	default:dry_dirt	0
85	0	-76	default:dry_dirt	0
86	0	-76	default:dry_dirt	0
87	0	-76	default:dry_dirt	0
57	1	-76	default:dry_dirt	0
58	1	-76	default:dry_dirt	0
59	1	-76	default:dry_dirt	0
60	1	-76	default:dry_dirt	0
61	1	-76	default:dry_dirt	0
62	1	-76	default:dry_dirt	0
63	1	-76	default:desert_stone_block	0
64	1	-76	default:dry_dirt	0
65	1	-76	default:dry_dirt	0
66	1	-76	default:dry_dirt	0
67	1	-76	default:dry_dirt	0
68	1	-76	default:dry_dirt	0
69	1	-76	default:dry_dirt	0
70	1	-76	default:dry_dirt	0
71	1	-76	default:dry_dirt	0
72	1	-76	default:dry_dirt	0
73	1	-76	default:dry_dirt	0
74	1	-76	default:dry_dirt	0
75	1	-76	default:dry_dirt	0
76	1	-76	default:dry_dirt	0
77	1	-76	default:dry_dirt	0
78	1	-76	default:dry_dirt	0
79	1	-76	default:dry_dirt	0
80	1	-76	default:dry_dirt	0
81	1	-76	default:desert_stone_block	0
82	1	-76	default:dry_dirt	0
83	1	-76	default:dry_dirt	0
84	1	-76	default:dry_dirt	0
85	1	-76	default:dry_dirt	0
86	1	-76	default:dry_dirt	0
87	1	-76	grug_nodes:mesa_clay	0
57	2	-76	default:dry_dirt	0
58	2	-76	default:dry_dirt	0
59	2	-76	default:dry_dirt	0
60	2	-76	default:dry_dirt	0
61	2	-76	default:dry_dirt	0
62	2	-76	default:dry_dirt	0
63	2	-76	default:desert_stone_block	0
64	2	-76	default:dry_dirt	0
65	2	-76	default:dry_dirt	0
66	2	-76	default:dry_dirt	0
67	2	-76	default:dry_dirt	0
68	2	-76	default:dry_dirt	0
69	2	-76	default:dry_dirt	0
70	2	-76	default:dry_dirt	0
71	2	-76	default:dry_dirt	0
72	2	-76	default:dry_dirt	0
73	2	-76	default:dry_dirt	0
74	2	-76	default:dry_dirt	0
75	2	-76	default:dry_dirt	0
76	2	-76	default:dry_dirt	0
77	2	-76	default:dry_dirt	0
78	2	-76	default:dry_dirt	0
79	2	-76	default:dry_dirt	0
80	2	-76	default:dry_dirt	0
81	2	-76	default:desert_stone_block	0
82	2	-76	default:dry_dirt	0
83	2	-76	default:dry_dirt	0
84	2	-76	default:dry_dirt	0
85	2	-76	grug_nodes:mesa_clay	0
86	2	-76	grug_nodes:mesa_clay	0
57	3	-76	default:dry_dirt	0
58	3	-76	default:dry_dirt	0
59	3	-76	default:dry_dirt	0
60	3	-76	default:dry_dirt	0
61	3	-76	default:dry_dirt	0
62	3	-76	default:dry_dirt	0
63	3	-76	default:desert_stone_block	0
64	3	-76	default:dry_dirt	0
65	3	-76	default:dry_dirt	0
66	3	-76	default:dry_dirt	0
67	3	-76	default:dry_dirt	0
68	3	-76	default:dry_dirt	0
69	3	-76	default:dry_dirt	0
70	3	-76	default:dry_dirt	0
71	3	-76	default:dry_dirt	0
72	3	-76	default:dry_dirt	0
73	3	-76	default:dry_dirt	0
74	3	-76	default:dry_dirt	0
75	3	-76	default:dry_dirt	0
76	3	-76	default:dry_dirt	0
77	3	-76	default:dry_dirt	0
78	3	-76	default:dry_dirt	0
79	3	-76	default:dry_dirt	0
80	3	-76	default:dry_dirt	0
81	3	-76	default:desert_stone_block	0
82	3	-76	default:dry_dirt	0
83	3	-76	grug_nodes:mesa_clay	0
84	3	-76	grug_nodes:mesa_clay	0
57	4	-76	default:dry_dirt_with_dry_grass	0
58	4	-76	default:dry_dirt_with_dry_grass	0
59	4	-76	default:dry_dirt_with_dry_grass	0
60	4	-76	default:dry_dirt_with_dry_grass	0
61	4	-76	default:dry_dirt_with_dry_grass	0
62	4	-76	default:dry_dirt_with_dry_grass	0
63	4	-76	default:desert_stone_block	0
64	4	-76	default:dirt_with_dry_grass	0
65	4	-76	default:desert_cobble	0
66	4	-76	default:desert_stone_block	0
67	4	-76	default:acacia_wood	0
68	4	-76	default:acacia_wood	0
69	4	-76	default:acacia_wood	0
70	4	-76	default:acacia_wood	0
71	4	-76	default:acacia_wood	0
72	4	-76	wool:red	0
73	4	-76	default:acacia_wood	0
74	4	-76	default:acacia_wood	0
75	4	-76	default:acacia_wood	0
76	4	-76	default:acacia_wood	0
77	4	-76	default:acacia_wood	0
78	4	-76	default:desert_stone_block	0
79	4	-76	default:desert_cobble	0
80	4	-76	default:dirt_with_dry_grass	0
81	4	-76	default:desert_stone_block	0
82	4	-76	grug_nodes:mesa_clay	0
66	5	-76	default:acacia_tree	0
70	5	-76	grug_decor:cottages_bench	3
71	5	-76	grug_decor:cottages_bench	3
73	5	-76	grug_decor:cottages_bench	1
74	5	-76	grug_decor:cottages_bench	1
78	5	-76	default:acacia_tree	0
66	6	-76	default:acacia_tree	0
78	6	-76	default:acacia_tree	0
66	7	-76	default:acacia_tree	0
78	7	-76	default:acacia_tree	0
66	8	-76	default:acacia_tree	0
78	8	-76	default:acacia_tree	0
66	9	-76	default:acacia_tree	0
78	9	-76	default:acacia_tree	0
66	10	-76	default:acacia_tree	0
78	10	-76	default:acacia_tree	0
65	11	-76	stairs:stair_desert_stonebrick	1
66	11	-76	default:acacia_tree	0
78	11	-76	default:acacia_tree	0
79	11	-76	stairs:stair_desert_stonebrick	3
66	12	-76	stairs:stair_desert_stonebrick	1
78	12	-76	stairs:stair_desert_stonebrick	3
67	13	-76	stairs:stair_desert_stonebrick	1
77	13	-76	stairs:stair_desert_stonebrick	3
68	14	-76	stairs:stair_desert_stonebrick	1
76	14	-76	stairs:stair_desert_stonebrick	3
69	15	-76	stairs:stair_desert_stonebrick	1
75	15	-76	stairs:stair_desert_stonebrick	3
70	16	-76	stairs:slab_desert_stonebrick	0
71	16	-76	stairs:slab_desert_stonebrick	0
72	16	-76	stairs:slab_desert_stonebrick	0
73	16	-76	stairs:slab_desert_stonebrick	0
74	16	-76	stairs:slab_desert_stonebrick	0
57	-2	-75	default:stone	0
58	-2	-75	default:stone	0
59	-2	-75	default:stone	0
60	-2	-75	default:stone	0
61	-2	-75	default:stone	0
62	-2	-75	default:stone	0
63	-2	-75	default:desert_stone_block	0
64	-2	-75	default:stone	0
65	-2	-75	default:stone	0
66	-2	-75	default:stone	0
67	-2	-75	default:stone	0
68	-2	-75	default:stone	0
69	-2	-75	default:stone	0
70	-2	-75	default:stone	0
71	-2	-75	default:stone	0
72	-2	-75	default:stone	0
73	-2	-75	default:stone	0
74	-2	-75	default:stone	0
75	-2	-75	default:stone	0
76	-2	-75	default:stone	0
77	-2	-75	default:stone	0
78	-2	-75	default:stone	0
79	-2	-75	default:stone	0
80	-2	-75	default:stone	0
81	-2	-75	default:desert_stone_block	0
82	-2	-75	default:stone	0
83	-2	-75	default:stone	0
84	-2	-75	default:stone	0
85	-2	-75	default:stone	0
86	-2	-75	default:stone	0
87	-2	-75	default:dry_dirt	0
57	-1	-75	default:stone	0
58	-1	-75	default:stone	0
59	-1	-75	default:stone	0
60	-1	-75	default:stone	0
61	-1	-75	default:stone	0
62	-1	-75	default:stone	0
63	-1	-75	default:desert_stone_block	0
64	-1	-75	default:stone	0
65	-1	-75	default:stone	0
66	-1	-75	default:stone	0
67	-1	-75	default:stone	0
68	-1	-75	default:stone	0
69	-1	-75	default:stone	0
70	-1	-75	default:stone	0
71	-1	-75	default:stone	0
72	-1	-75	default:stone	0
73	-1	-75	default:stone	0
74	-1	-75	default:stone	0
75	-1	-75	default:stone	0
76	-1	-75	default:stone	0
77	-1	-75	default:stone	0
78	-1	-75	default:stone	0
79	-1	-75	default:stone	0
80	-1	-75	default:stone	0
81	-1	-75	default:desert_stone_block	0
82	-1	-75	default:stone	0
83	-1	-75	default:stone	0
84	-1	-75	default:stone	0
85	-1	-75	default:stone	0
86	-1	-75	default:dry_dirt	0
87	-1	-75	default:dry_dirt	0
57	0	-75	default:dry_dirt	0
58	0	-75	default:dry_dirt	0
59	0	-75	default:dry_dirt	0
60	0	-75	default:dry_dirt	0
61	0	-75	default:dry_dirt	0
62	0	-75	default:dry_dirt	0
63	0	-75	default:desert_stone_block	0
64	0	-75	default:dry_dirt	0
65	0	-75	default:dry_dirt	0
66	0	-75	default:dry_dirt	0
67	0	-75	default:dry_dirt	0
68	0	-75	default:dry_dirt	0
69	0	-75	default:dry_dirt	0
70	0	-75	default:dry_dirt	0
71	0	-75	default:dry_dirt	0
72	0	-75	default:dry_dirt	0
73	0	-75	default:dry_dirt	0
74	0	-75	default:dry_dirt	0
75	0	-75	default:dry_dirt	0
76	0	-75	default:dry_dirt	0
77	0	-75	default:dry_dirt	0
78	0	-75	default:stone	0
79	0	-75	default:stone	0
80	0	-75	default:stone	0
81	0	-75	default:desert_stone_block	0
82	0	-75	default:stone	0
83	0	-75	default:dry_dirt	0
84	0	-75	default:dry_dirt	0
85	0	-75	default:dry_dirt	0
86	0	-75	default:dry_dirt	0
87	0	-75	default:dry_dirt	0
57	1	-75	default:dry_dirt	0
58	1	-75	default:dry_dirt	0
59	1	-75	default:dry_dirt	0
60	1	-75	default:dry_dirt	0
61	1	-75	default:dry_dirt	0
62	1	-75	default:dry_dirt	0
63	1	-75	default:desert_stone_block	0
64	1	-75	default:dry_dirt	0
65	1	-75	default:dry_dirt	0
66	1	-75	default:dry_dirt	0
67	1	-75	default:dry_dirt	0
68	1	-75	default:dry_dirt	0
69	1	-75	default:dry_dirt	0
70	1	-75	default:dry_dirt	0
71	1	-75	default:dry_dirt	0
72	1	-75	default:dry_dirt	0
73	1	-75	default:dry_dirt	0
74	1	-75	default:dry_dirt	0
75	1	-75	default:dry_dirt	0
76	1	-75	default:dry_dirt	0
77	1	-75	default:dry_dirt	0
78	1	-75	default:dry_dirt	0
79	1	-75	default:dry_dirt	0
80	1	-75	default:dry_dirt	0
81	1	-75	default:desert_stone_block	0
82	1	-75	default:dry_dirt	0
83	1	-75	default:dry_dirt	0
84	1	-75	default:dry_dirt	0
85	1	-75	default:dry_dirt	0
86	1	-75	default:dry_dirt	0
87	1	-75	grug_nodes:mesa_clay	0
57	2	-75	default:dry_dirt	0
58	2	-75	default:dry_dirt	0
59	2	-75	default:dry_dirt	0
60	2	-75	default:dry_dirt	0
61	2	-75	default:dry_dirt	0
62	2	-75	default:dry_dirt	0
63	2	-75	default:desert_stone_block	0
64	2	-75	default:dry_dirt	0
65	2	-75	default:dry_dirt	0
66	2	-75	default:dry_dirt	0
67	2	-75	default:dry_dirt	0
68	2	-75	default:dry_dirt	0
69	2	-75	default:dry_dirt	0
70	2	-75	default:dry_dirt	0
71	2	-75	default:dry_dirt	0
72	2	-75	default:dry_dirt	0
73	2	-75	default:dry_dirt	0
74	2	-75	default:dry_dirt	0
75	2	-75	default:dry_dirt	0
76	2	-75	default:dry_dirt	0
77	2	-75	default:dry_dirt	0
78	2	-75	default:dry_dirt	0
79	2	-75	default:dry_dirt	0
80	2	-75	default:dry_dirt	0
81	2	-75	default:desert_stone_block	0
82	2	-75	default:dry_dirt	0
83	2	-75	default:dry_dirt	0
84	2	-75	default:dry_dirt	0
85	2	-75	default:dry_dirt	0
86	2	-75	grug_nodes:mesa_clay	0
57	3	-75	default:dry_dirt	0
58	3	-75	default:dry_dirt	0
59	3	-75	default:dry_dirt	0
60	3	-75	default:dry_dirt	0
61	3	-75	default:dry_dirt	0
62	3	-75	default:dry_dirt	0
63	3	-75	default:desert_stone_block	0
64	3	-75	default:dry_dirt	0
65	3	-75	default:dry_dirt	0
66	3	-75	default:dry_dirt	0
67	3	-75	default:dry_dirt	0
68	3	-75	default:dry_dirt	0
69	3	-75	default:dry_dirt	0
70	3	-75	default:dry_dirt	0
71	3	-75	default:dry_dirt	0
72	3	-75	default:dry_dirt	0
73	3	-75	default:dry_dirt	0
74	3	-75	default:dry_dirt	0
75	3	-75	default:dry_dirt	0
76	3	-75	default:dry_dirt	0
77	3	-75	default:dry_dirt	0
78	3	-75	default:dry_dirt	0
79	3	-75	default:dry_dirt	0
80	3	-75	default:dry_dirt	0
81	3	-75	default:desert_stone_block	0
82	3	-75	default:dry_dirt	0
83	3	-75	grug_nodes:mesa_clay	0
84	3	-75	grug_nodes:mesa_clay	0
85	3	-75	grug_nodes:mesa_clay	0
57	4	-75	default:dry_dirt_with_dry_grass	0
58	4	-75	default:dry_dirt_with_dry_grass	0
59	4	-75	default:dry_dirt_with_dry_grass	0
60	4	-75	default:dry_dirt_with_dry_grass	0
61	4	-75	default:dry_dirt_with_dry_grass	0
62	4	-75	default:dry_dirt_with_dry_grass	0
63	4	-75	default:desert_stone_block	0
64	4	-75	default:dirt_with_dry_grass	0
65	4	-75	default:desert_cobble	0
66	4	-75	default:desert_stone_block	0
67	4	-75	default:acacia_wood	0
68	4	-75	default:acacia_wood	0
69	4	-75	default:acacia_wood	0
70	4	-75	default:acacia_wood	0
71	4	-75	default:acacia_wood	0
72	4	-75	wool:red	0
73	4	-75	default:acacia_wood	0
74	4	-75	default:acacia_wood	0
75	4	-75	default:acacia_wood	0
76	4	-75	default:acacia_wood	0
77	4	-75	default:acacia_wood	0
78	4	-75	default:desert_stone_block	0
79	4	-75	default:desert_cobble	0
80	4	-75	default:dirt_with_dry_grass	0
81	4	-75	default:desert_stone_block	0
82	4	-75	grug_nodes:mesa_clay	0
66	5	-75	default:desert_stonebrick	0
78	5	-75	default:desert_stonebrick	0
66	6	-75	xpanes:bar_flat	3
78	6	-75	xpanes:bar_flat	3
66	7	-75	xpanes:bar_flat	3
78	7	-75	xpanes:bar_flat	3
66	8	-75	default:acacia_tree	0
78	8	-75	default:acacia_tree	0
66	9	-75	default:acacia_tree	0
78	9	-75	default:acacia_tree	0
66	10	-75	default:acacia_tree	0
78	10	-75	default:acacia_tree	0
65	11	-75	stairs:stair_desert_stonebrick	1
66	11	-75	default:acacia_tree	0
78	11	-75	default:acacia_tree	0
79	11	-75	stairs:stair_desert_stonebrick	3
66	12	-75	stairs:stair_desert_stonebrick	1
78	12	-75	stairs:stair_desert_stonebrick	3
67	13	-75	stairs:stair_desert_stonebrick	1
77	13	-75	stairs:stair_desert_stonebrick	3
68	14	-75	stairs:stair_desert_stonebrick	1
76	14	-75	stairs:stair_desert_stonebrick	3
69	15	-75	stairs:stair_desert_stonebrick	1
75	15	-75	stairs:stair_desert_stonebrick	3
70	16	-75	stairs:slab_desert_stonebrick	0
71	16	-75	stairs:slab_desert_stonebrick	0
72	16	-75	stairs:slab_desert_stonebrick	0
73	16	-75	stairs:slab_desert_stonebrick	0
74	16	-75	stairs:slab_desert_stonebrick	0
69	21	-75	stairs:stair_outer_desert_stonebrick	1
70	21	-75	stairs:stair_desert_stonebrick	0
71	21	-75	stairs:stair_desert_stonebrick	0
72	21	-75	stairs:stair_desert_stonebrick	0
73	21	-75	stairs:stair_desert_stonebrick	0
74	21	-75	stairs:stair_desert_stonebrick	0
75	21	-75	stairs:stair_outer_desert_stonebrick	0
57	-2	-74	default:stone	0
58	-2	-74	default:stone	0
59	-2	-74	default:stone	0
60	-2	-74	default:stone	0
61	-2	-74	default:stone	0
62	-2	-74	default:stone	0
63	-2	-74	default:desert_stone_block	0
64	-2	-74	default:stone	0
65	-2	-74	default:stone	0
66	-2	-74	default:stone	0
67	-2	-74	default:stone	0
68	-2	-74	default:stone	0
69	-2	-74	default:stone	0
70	-2	-74	default:stone	0
71	-2	-74	default:stone	0
72	-2	-74	default:stone	0
73	-2	-74	default:stone	0
74	-2	-74	default:stone	0
75	-2	-74	default:stone	0
76	-2	-74	default:stone	0
77	-2	-74	default:stone	0
78	-2	-74	default:stone	0
79	-2	-74	default:stone	0
80	-2	-74	default:stone	0
81	-2	-74	default:desert_stone_block	0
82	-2	-74	default:stone	0
83	-2	-74	default:stone	0
84	-2	-74	default:stone	0
85	-2	-74	default:stone	0
86	-2	-74	default:stone	0
87	-2	-74	default:stone	0
57	-1	-74	default:stone	0
58	-1	-74	default:stone	0
59	-1	-74	default:stone	0
60	-1	-74	default:stone	0
61	-1	-74	default:stone	0
62	-1	-74	default:stone	0
63	-1	-74	default:desert_stone_block	0
64	-1	-74	default:stone	0
65	-1	-74	default:stone	0
66	-1	-74	default:stone	0
67	-1	-74	default:stone	0
68	-1	-74	default:stone	0
69	-1	-74	default:stone	0
70	-1	-74	default:stone	0
71	-1	-74	default:stone	0
72	-1	-74	default:stone	0
73	-1	-74	default:stone	0
74	-1	-74	default:stone	0
75	-1	-74	default:stone	0
76	-1	-74	default:stone	0
77	-1	-74	default:stone	0
78	-1	-74	default:stone	0
79	-1	-74	default:stone	0
80	-1	-74	default:stone	0
81	-1	-74	default:desert_stone_block	0
82	-1	-74	default:stone	0
83	-1	-74	default:stone	0
84	-1	-74	default:stone	0
85	-1	-74	default:stone	0
86	-1	-74	default:dry_dirt	0
87	-1	-74	default:dry_dirt	0
57	0	-74	default:dry_dirt	0
58	0	-74	default:dry_dirt	0
59	0	-74	default:dry_dirt	0
60	0	-74	default:dry_dirt	0
61	0	-74	default:dry_dirt	0
62	0	-74	default:dry_dirt	0
63	0	-74	default:desert_stone_block	0
64	0	-74	default:dry_dirt	0
65	0	-74	default:dry_dirt	0
66	0	-74	default:dry_dirt	0
67	0	-74	default:dry_dirt	0
68	0	-74	default:dry_dirt	0
69	0	-74	default:dry_dirt	0
70	0	-74	default:dry_dirt	0
71	0	-74	default:dry_dirt	0
72	0	-74	default:dry_dirt	0
73	0	-74	default:dry_dirt	0
74	0	-74	default:dry_dirt	0
75	0	-74	default:dry_dirt	0
76	0	-74	default:dry_dirt	0
77	0	-74	default:dry_dirt	0
78	0	-74	default:stone	0
79	0	-74	default:stone	0
80	0	-74	default:stone	0
81	0	-74	default:desert_stone_block	0
82	0	-74	default:stone	0
83	0	-74	default:dry_dirt	0
84	0	-74	default:dry_dirt	0
85	0	-74	default:dry_dirt	0
86	0	-74	default:dry_dirt	0
87	0	-74	default:dry_dirt	0
57	1	-74	default:dry_dirt	0
58	1	-74	default:dry_dirt	0
59	1	-74	default:dry_dirt	0
60	1	-74	default:dry_dirt	0
61	1	-74	default:dry_dirt	0
62	1	-74	default:dry_dirt	0
63	1	-74	default:desert_stone_block	0
64	1	-74	default:dry_dirt	0
65	1	-74	default:dry_dirt	0
66	1	-74	default:dry_dirt	0
67	1	-74	default:dry_dirt	0
68	1	-74	default:dry_dirt	0
69	1	-74	default:dry_dirt	0
70	1	-74	default:dry_dirt	0
71	1	-74	default:dry_dirt	0
72	1	-74	default:dry_dirt	0
73	1	-74	default:dry_dirt	0
74	1	-74	default:dry_dirt	0
75	1	-74	default:dry_dirt	0
76	1	-74	default:dry_dirt	0
77	1	-74	default:dry_dirt	0
78	1	-74	default:dry_dirt	0
79	1	-74	default:dry_dirt	0
80	1	-74	default:dry_dirt	0
81	1	-74	default:desert_stone_block	0
82	1	-74	default:dry_dirt	0
83	1	-74	default:dry_dirt	0
84	1	-74	default:dry_dirt	0
85	1	-74	default:dry_dirt	0
86	1	-74	default:dry_dirt	0
87	1	-74	default:dry_dirt	0
57	2	-74	default:dry_dirt	0
58	2	-74	default:dry_dirt	0
59	2	-74	default:dry_dirt	0
60	2	-74	default:dry_dirt	0
61	2	-74	default:dry_dirt	0
62	2	-74	default:dry_dirt	0
63	2	-74	default:desert_stone_block	0
64	2	-74	default:dry_dirt	0
65	2	-74	default:dry_dirt	0
66	2	-74	default:dry_dirt	0
67	2	-74	default:dry_dirt	0
68	2	-74	default:dry_dirt	0
69	2	-74	default:dry_dirt	0
70	2	-74	default:dry_dirt	0
71	2	-74	default:dry_dirt	0
72	2	-74	default:dry_dirt	0
73	2	-74	default:dry_dirt	0
74	2	-74	default:dry_dirt	0
75	2	-74	default:dry_dirt	0
76	2	-74	default:dry_dirt	0
77	2	-74	default:dry_dirt	0
78	2	-74	default:dry_dirt	0
79	2	-74	default:dry_dirt	0
80	2	-74	default:dry_dirt	0
81	2	-74	default:desert_stone_block	0
82	2	-74	default:dry_dirt	0
83	2	-74	default:dry_dirt	0
84	2	-74	default:dry_dirt	0
85	2	-74	default:dry_dirt	0
86	2	-74	grug_nodes:mesa_clay	0
87	2	-74	grug_nodes:mesa_clay	0
57	3	-74	default:dry_dirt	0
58	3	-74	default:dry_dirt	0
59	3	-74	default:dry_dirt	0
60	3	-74	default:dry_dirt	0
61	3	-74	default:dry_dirt	0
62	3	-74	default:dry_dirt	0
63	3	-74	default:desert_stone_block	0
64	3	-74	default:dry_dirt	0
65	3	-74	default:dry_dirt	0
66	3	-74	default:dry_dirt	0
67	3	-74	default:dry_dirt	0
68	3	-74	default:dry_dirt	0
69	3	-74	default:dry_dirt	0
70	3	-74	default:dry_dirt	0
71	3	-74	default:dry_dirt	0
72	3	-74	default:dry_dirt	0
73	3	-74	default:dry_dirt	0
74	3	-74	default:dry_dirt	0
75	3	-74	default:dry_dirt	0
76	3	-74	default:dry_dirt	0
77	3	-74	default:dry_dirt	0
78	3	-74	default:dry_dirt	0
79	3	-74	default:dry_dirt	0
80	3	-74	default:dry_dirt	0
81	3	-74	default:desert_stone_block	0
82	3	-74	default:dry_dirt	0
83	3	-74	default:dry_dirt_with_dry_grass	0
84	3	-74	default:dry_dirt_with_dry_grass	0
85	3	-74	grug_nodes:mesa_clay	0
57	4	-74	default:dry_dirt_with_dry_grass	0
58	4	-74	default:dry_dirt_with_dry_grass	0
59	4	-74	default:dry_dirt_with_dry_grass	0
60	4	-74	default:dry_dirt_with_dry_grass	0
61	4	-74	default:dry_dirt_with_dry_grass	0
62	4	-74	default:dry_dirt_with_dry_grass	0
63	4	-74	default:desert_stone_block	0
64	4	-74	default:dirt_with_dry_grass	0
65	4	-74	default:desert_cobble	0
66	4	-74	default:desert_stone_block	0
67	4	-74	default:acacia_wood	0
68	4	-74	default:acacia_wood	0
69	4	-74	default:acacia_wood	0
70	4	-74	default:acacia_wood	0
71	4	-74	default:acacia_wood	0
72	4	-74	wool:red	0
73	4	-74	default:acacia_wood	0
74	4	-74	default:acacia_wood	0
75	4	-74	default:acacia_wood	0
76	4	-74	default:acacia_wood	0
77	4	-74	default:acacia_wood	0
78	4	-74	default:desert_stone_block	0
79	4	-74	default:desert_cobble	0
80	4	-74	default:dirt_with_dry_grass	0
81	4	-74	default:desert_stone_block	0
82	4	-74	default:dry_dirt_with_dry_grass	0
66	5	-74	default:desert_stonebrick	0
70	5	-74	grug_decor:cottages_bench	3
71	5	-74	grug_decor:cottages_bench	3
73	5	-74	grug_decor:cottages_bench	1
74	5	-74	grug_decor:cottages_bench	1
78	5	-74	default:desert_stonebrick	0
66	6	-74	xpanes:bar_flat	3
78	6	-74	xpanes:bar_flat	3
66	7	-74	xpanes:bar_flat	3
78	7	-74	xpanes:bar_flat	3
66	8	-74	grug_decor:darkage_adobe	0
78	8	-74	grug_decor:darkage_adobe	0
66	9	-74	grug_decor:darkage_adobe	0
78	9	-74	grug_decor:darkage_adobe	0
66	10	-74	grug_decor:darkage_adobe	0
78	10	-74	grug_decor:darkage_adobe	0
65	11	-74	stairs:stair_desert_stonebrick	1
66	11	-74	grug_decor:darkage_adobe	0
78	11	-74	grug_decor:darkage_adobe	0
79	11	-74	stairs:stair_desert_stonebrick	3
66	12	-74	stairs:stair_desert_stonebrick	1
78	12	-74	stairs:stair_desert_stonebrick	3
67	13	-74	stairs:stair_desert_stonebrick	1
77	13	-74	stairs:stair_desert_stonebrick	3
68	14	-74	stairs:stair_desert_stonebrick	1
76	14	-74	stairs:stair_desert_stonebrick	3
69	15	-74	stairs:stair_desert_stonebrick	1
75	15	-74	stairs:stair_desert_stonebrick	3
70	16	-74	default:acacia_wood	0
71	16	-74	default:acacia_wood	0
72	16	-74	default:acacia_wood	0
73	16	-74	default:acacia_wood	0
74	16	-74	default:acacia_wood	0
70	17	-74	default:acacia_tree	0
71	17	-74	default:fence_acacia_wood	0
72	17	-74	default:fence_acacia_wood	0
73	17	-74	default:fence_acacia_wood	0
74	17	-74	default:acacia_tree	0
70	18	-74	default:acacia_tree	0
74	18	-74	default:acacia_tree	0
70	19	-74	default:acacia_tree	0
74	19	-74	default:acacia_tree	0
70	20	-74	default:acacia_tree	0
71	20	-74	default:acacia_tree	0
72	20	-74	default:acacia_tree	0
73	20	-74	default:acacia_tree	0
74	20	-74	default:acacia_tree	0
69	21	-74	stairs:stair_desert_stonebrick	1
75	21	-74	stairs:stair_desert_stonebrick	3
70	22	-74	stairs:stair_outer_desert_stonebrick	1
71	22	-74	stairs:stair_desert_stonebrick	0
72	22	-74	stairs:stair_desert_stonebrick	0
73	22	-74	stairs:stair_desert_stonebrick	0
74	22	-74	stairs:stair_outer_desert_stonebrick	0
57	-2	-73	default:stone	0
58	-2	-73	default:stone	0
59	-2	-73	default:stone	0
60	-2	-73	default:stone	0
61	-2	-73	default:stone	0
62	-2	-73	default:stone	0
63	-2	-73	default:desert_stone_block	0
64	-2	-73	default:stone	0
65	-2	-73	default:stone	0
66	-2	-73	default:stone	0
67	-2	-73	default:stone	0
68	-2	-73	default:stone	0
69	-2	-73	default:stone	0
70	-2	-73	default:stone	0
71	-2	-73	default:stone	0
72	-2	-73	default:stone	0
73	-2	-73	default:stone	0
74	-2	-73	default:stone	0
75	-2	-73	default:stone	0
76	-2	-73	default:stone	0
77	-2	-73	default:stone	0
78	-2	-73	default:stone	0
79	-2	-73	default:stone	0
80	-2	-73	default:stone	0
81	-2	-73	default:desert_stone_block	0
82	-2	-73	default:stone	0
83	-2	-73	default:stone	0
84	-2	-73	default:stone	0
85	-2	-73	default:stone	0
86	-2	-73	default:stone	0
87	-2	-73	default:stone	0
57	-1	-73	default:stone	0
58	-1	-73	default:stone	0
59	-1	-73	default:stone	0
60	-1	-73	default:stone	0
61	-1	-73	default:stone	0
62	-1	-73	default:stone	0
63	-1	-73	default:desert_stone_block	0
64	-1	-73	default:stone	0
65	-1	-73	default:stone	0
66	-1	-73	default:stone	0
67	-1	-73	default:stone	0
68	-1	-73	default:stone	0
69	-1	-73	default:stone	0
70	-1	-73	default:stone	0
71	-1	-73	default:stone	0
72	-1	-73	default:stone	0
73	-1	-73	default:stone	0
74	-1	-73	default:stone	0
75	-1	-73	default:stone	0
76	-1	-73	default:stone	0
77	-1	-73	default:stone	0
78	-1	-73	default:stone	0
79	-1	-73	default:stone	0
80	-1	-73	default:stone	0
81	-1	-73	default:desert_stone_block	0
82	-1	-73	default:stone	0
83	-1	-73	default:stone	0
84	-1	-73	default:stone	0
85	-1	-73	default:stone	0
86	-1	-73	default:stone	0
87	-1	-73	default:dry_dirt	0
57	0	-73	default:dry_dirt	0
58	0	-73	default:dry_dirt	0
59	0	-73	default:dry_dirt	0
60	0	-73	default:dry_dirt	0
61	0	-73	default:dry_dirt	0
62	0	-73	default:dry_dirt	0
63	0	-73	default:desert_stone_block	0
64	0	-73	default:dry_dirt	0
65	0	-73	default:dry_dirt	0
66	0	-73	default:dry_dirt	0
67	0	-73	default:dry_dirt	0
68	0	-73	default:dry_dirt	0
69	0	-73	default:dry_dirt	0
70	0	-73	default:dry_dirt	0
71	0	-73	default:dry_dirt	0
72	0	-73	default:dry_dirt	0
73	0	-73	default:dry_dirt	0
74	0	-73	default:dry_dirt	0
75	0	-73	default:dry_dirt	0
76	0	-73	default:dry_dirt	0
77	0	-73	default:stone	0
78	0	-73	default:stone	0
79	0	-73	default:stone	0
80	0	-73	default:stone	0
81	0	-73	default:desert_stone_block	0
82	0	-73	default:stone	0
83	0	-73	default:stone	0
84	0	-73	default:dry_dirt	0
85	0	-73	default:dry_dirt	0
86	0	-73	default:dry_dirt	0
87	0	-73	default:dry_dirt	0
57	1	-73	default:dry_dirt	0
58	1	-73	default:dry_dirt	0
59	1	-73	default:dry_dirt	0
60	1	-73	default:dry_dirt	0
61	1	-73	default:dry_dirt	0
62	1	-73	default:dry_dirt	0
63	1	-73	default:desert_stone_block	0
64	1	-73	default:dry_dirt	0
65	1	-73	default:dry_dirt	0
66	1	-73	default:dry_dirt	0
67	1	-73	default:dry_dirt	0
68	1	-73	default:dry_dirt	0
69	1	-73	default:dry_dirt	0
70	1	-73	default:dry_dirt	0
71	1	-73	default:dry_dirt	0
72	1	-73	default:dry_dirt	0
73	1	-73	default:dry_dirt	0
74	1	-73	default:dry_dirt	0
75	1	-73	default:dry_dirt	0
76	1	-73	default:dry_dirt	0
77	1	-73	default:dry_dirt	0
78	1	-73	default:dry_dirt	0
79	1	-73	default:dry_dirt	0
80	1	-73	default:dry_dirt	0
81	1	-73	default:desert_stone_block	0
82	1	-73	default:dry_dirt	0
83	1	-73	default:dry_dirt	0
84	1	-73	default:dry_dirt	0
85	1	-73	default:dry_dirt	0
86	1	-73	default:dry_dirt	0
87	1	-73	default:dry_dirt	0
57	2	-73	default:dry_dirt	0
58	2	-73	default:dry_dirt	0
59	2	-73	default:dry_dirt	0
60	2	-73	default:dry_dirt	0
61	2	-73	default:dry_dirt	0
62	2	-73	default:dry_dirt	0
63	2	-73	default:desert_stone_block	0
64	2	-73	default:dry_dirt	0
65	2	-73	default:dry_dirt	0
66	2	-73	default:dry_dirt	0
67	2	-73	default:dry_dirt	0
68	2	-73	default:dry_dirt	0
69	2	-73	default:dry_dirt	0
70	2	-73	default:dry_dirt	0
71	2	-73	default:dry_dirt	0
72	2	-73	default:dry_dirt	0
73	2	-73	default:dry_dirt	0
74	2	-73	default:dry_dirt	0
75	2	-73	default:dry_dirt	0
76	2	-73	default:dry_dirt	0
77	2	-73	default:dry_dirt	0
78	2	-73	default:dry_dirt	0
79	2	-73	default:dry_dirt	0
80	2	-73	default:dry_dirt	0
81	2	-73	default:desert_stone_block	0
82	2	-73	default:dry_dirt	0
83	2	-73	default:dry_dirt	0
84	2	-73	default:dry_dirt	0
85	2	-73	default:dry_dirt	0
86	2	-73	default:dry_dirt	0
87	2	-73	default:dry_dirt_with_dry_grass	0
57	3	-73	default:dry_dirt	0
58	3	-73	default:dry_dirt	0
59	3	-73	default:dry_dirt	0
60	3	-73	default:dry_dirt	0
61	3	-73	default:dry_dirt	0
62	3	-73	default:dry_dirt	0
63	3	-73	default:desert_stone_block	0
64	3	-73	default:dry_dirt	0
65	3	-73	default:dry_dirt	0
66	3	-73	default:dry_dirt	0
67	3	-73	default:dry_dirt	0
68	3	-73	default:dry_dirt	0
69	3	-73	default:dry_dirt	0
70	3	-73	default:dry_dirt	0
71	3	-73	default:dry_dirt	0
72	3	-73	default:dry_dirt	0
73	3	-73	default:dry_dirt	0
74	3	-73	default:dry_dirt	0
75	3	-73	default:dry_dirt	0
76	3	-73	default:dry_dirt	0
77	3	-73	default:dry_dirt	0
78	3	-73	default:dry_dirt	0
79	3	-73	default:dry_dirt	0
80	3	-73	default:dry_dirt	0
81	3	-73	default:desert_stone_block	0
82	3	-73	default:dry_dirt	0
83	3	-73	default:dry_dirt	0
84	3	-73	default:dry_dirt_with_dry_grass	0
85	3	-73	default:dry_dirt_with_dry_grass	0
86	3	-73	default:dry_dirt_with_dry_grass	0
57	4	-73	default:dry_dirt_with_dry_grass	0
58	4	-73	default:dry_dirt_with_dry_grass	0
59	4	-73	default:dry_dirt_with_dry_grass	0
60	4	-73	default:dry_dirt_with_dry_grass	0
61	4	-73	default:dry_dirt_with_dry_grass	0
62	4	-73	default:dry_dirt_with_dry_grass	0
63	4	-73	default:desert_stone_block	0
64	4	-73	default:dirt_with_dry_grass	0
65	4	-73	default:desert_cobble	0
66	4	-73	default:desert_stone_block	0
67	4	-73	default:acacia_wood	0
68	4	-73	default:acacia_wood	0
69	4	-73	default:acacia_wood	0
70	4	-73	default:acacia_wood	0
71	4	-73	default:acacia_wood	0
72	4	-73	wool:red	0
73	4	-73	default:acacia_wood	0
74	4	-73	default:acacia_wood	0
75	4	-73	default:acacia_wood	0
76	4	-73	default:acacia_wood	0
77	4	-73	default:acacia_wood	0
78	4	-73	default:desert_stone_block	0
79	4	-73	default:desert_cobble	0
80	4	-73	default:dirt_with_dry_grass	0
81	4	-73	default:desert_stone_block	0
82	4	-73	default:dry_dirt_with_dry_grass	0
83	4	-73	default:dry_dirt_with_dry_grass	0
66	5	-73	default:acacia_tree	0
78	5	-73	default:acacia_tree	0
66	6	-73	default:acacia_tree	0
78	6	-73	default:acacia_tree	0
66	7	-73	default:acacia_tree	0
78	7	-73	default:acacia_tree	0
66	8	-73	default:acacia_tree	0
78	8	-73	default:acacia_tree	0
66	9	-73	default:acacia_tree	0
78	9	-73	default:acacia_tree	0
66	10	-73	default:acacia_tree	0
78	10	-73	default:acacia_tree	0
65	11	-73	stairs:stair_desert_stonebrick	1
66	11	-73	default:acacia_tree	0
78	11	-73	default:acacia_tree	0
79	11	-73	stairs:stair_desert_stonebrick	3
66	12	-73	stairs:stair_desert_stonebrick	1
78	12	-73	stairs:stair_desert_stonebrick	3
67	13	-73	stairs:stair_desert_stonebrick	1
77	13	-73	stairs:stair_desert_stonebrick	3
68	14	-73	stairs:stair_desert_stonebrick	1
76	14	-73	stairs:stair_desert_stonebrick	3
69	15	-73	stairs:stair_desert_stonebrick	1
75	15	-73	stairs:stair_desert_stonebrick	3
70	16	-73	default:acacia_wood	0
71	16	-73	default:acacia_wood	0
72	16	-73	default:acacia_wood	0
73	16	-73	default:acacia_wood	0
74	16	-73	default:acacia_wood	0
70	17	-73	default:fence_acacia_wood	0
74	17	-73	default:fence_acacia_wood	0
70	20	-73	default:acacia_tree	0
74	20	-73	default:acacia_tree	0
69	21	-73	stairs:stair_desert_stonebrick	1
75	21	-73	stairs:stair_desert_stonebrick	3
70	22	-73	stairs:stair_desert_stonebrick	1
74	22	-73	stairs:stair_desert_stonebrick	3
71	23	-73	stairs:stair_outer_desert_stonebrick	1
72	23	-73	stairs:stair_desert_stonebrick	0
73	23	-73	stairs:stair_outer_desert_stonebrick	0
57	-2	-72	default:stone	0
58	-2	-72	default:stone	0
59	-2	-72	default:stone	0
60	-2	-72	default:stone	0
61	-2	-72	default:stone	0
62	-2	-72	default:stone	0
63	-2	-72	default:desert_stone_block	0
64	-2	-72	default:stone	0
65	-2	-72	default:stone	0
66	-2	-72	default:stone	0
67	-2	-72	default:stone	0
68	-2	-72	default:stone	0
69	-2	-72	default:stone	0
70	-2	-72	default:stone	0
71	-2	-72	default:stone	0
72	-2	-72	default:stone	0
73	-2	-72	default:stone	0
74	-2	-72	default:stone	0
75	-2	-72	default:stone	0
76	-2	-72	default:stone	0
77	-2	-72	default:stone	0
78	-2	-72	default:stone	0
79	-2	-72	default:stone	0
80	-2	-72	default:stone	0
81	-2	-72	default:desert_stone_block	0
82	-2	-72	default:stone	0
83	-2	-72	default:stone	0
84	-2	-72	default:stone	0
85	-2	-72	default:stone	0
86	-2	-72	default:stone	0
87	-2	-72	default:stone	0
57	-1	-72	default:stone	0
58	-1	-72	default:stone	0
59	-1	-72	default:stone	0
60	-1	-72	default:stone	0
61	-1	-72	default:stone	0
62	-1	-72	default:stone	0
63	-1	-72	default:desert_stone_block	0
64	-1	-72	default:stone	0
65	-1	-72	default:stone	0
66	-1	-72	default:stone	0
67	-1	-72	default:stone	0
68	-1	-72	default:stone	0
69	-1	-72	default:stone	0
70	-1	-72	default:stone	0
71	-1	-72	default:stone	0
72	-1	-72	default:stone	0
73	-1	-72	default:stone	0
74	-1	-72	default:stone	0
75	-1	-72	default:stone	0
76	-1	-72	default:stone	0
77	-1	-72	default:stone	0
78	-1	-72	default:stone	0
79	-1	-72	default:stone	0
80	-1	-72	default:stone	0
81	-1	-72	default:desert_stone_block	0
82	-1	-72	default:stone	0
83	-1	-72	default:stone	0
84	-1	-72	default:stone	0
85	-1	-72	default:stone	0
86	-1	-72	default:stone	0
87	-1	-72	default:dry_dirt	0
57	0	-72	default:dry_dirt	0
58	0	-72	default:dry_dirt	0
59	0	-72	default:dry_dirt	0
60	0	-72	default:dry_dirt	0
61	0	-72	default:dry_dirt	0
62	0	-72	default:dry_dirt	0
63	0	-72	default:desert_stone_block	0
64	0	-72	default:dry_dirt	0
65	0	-72	default:dry_dirt	0
66	0	-72	default:dry_dirt	0
67	0	-72	default:dry_dirt	0
68	0	-72	default:dry_dirt	0
69	0	-72	default:dry_dirt	0
70	0	-72	default:dry_dirt	0
71	0	-72	default:dry_dirt	0
72	0	-72	default:dry_dirt	0
73	0	-72	default:dry_dirt	0
74	0	-72	default:dry_dirt	0
75	0	-72	default:dry_dirt	0
76	0	-72	default:stone	0
77	0	-72	default:stone	0
78	0	-72	default:stone	0
79	0	-72	default:stone	0
80	0	-72	default:stone	0
81	0	-72	default:desert_stone_block	0
82	0	-72	default:stone	0
83	0	-72	default:stone	0
84	0	-72	default:dry_dirt	0
85	0	-72	default:dry_dirt	0
86	0	-72	default:dry_dirt	0
87	0	-72	default:dry_dirt	0
57	1	-72	default:dry_dirt	0
58	1	-72	default:dry_dirt	0
59	1	-72	default:dry_dirt	0
60	1	-72	default:dry_dirt	0
61	1	-72	default:dry_dirt	0
62	1	-72	default:dry_dirt	0
63	1	-72	default:desert_stone_block	0
64	1	-72	default:dry_dirt	0
65	1	-72	default:dry_dirt	0
66	1	-72	default:dry_dirt	0
67	1	-72	default:dry_dirt	0
68	1	-72	default:dry_dirt	0
69	1	-72	default:dry_dirt	0
70	1	-72	default:dry_dirt	0
71	1	-72	default:dry_dirt	0
72	1	-72	default:dry_dirt	0
73	1	-72	default:dry_dirt	0
74	1	-72	default:dry_dirt	0
75	1	-72	default:dry_dirt	0
76	1	-72	default:dry_dirt	0
77	1	-72	default:dry_dirt	0
78	1	-72	default:dry_dirt	0
79	1	-72	default:dry_dirt	0
80	1	-72	default:dry_dirt	0
81	1	-72	default:desert_stone_block	0
82	1	-72	default:dry_dirt	0
83	1	-72	default:dry_dirt	0
84	1	-72	default:dry_dirt	0
85	1	-72	default:dry_dirt	0
86	1	-72	default:dry_dirt	0
87	1	-72	default:dry_dirt	0
57	2	-72	default:dry_dirt	0
58	2	-72	default:dry_dirt	0
59	2	-72	default:dry_dirt	0
60	2	-72	default:dry_dirt	0
61	2	-72	default:dry_dirt	0
62	2	-72	default:dry_dirt	0
63	2	-72	default:desert_stone_block	0
64	2	-72	default:dry_dirt	0
65	2	-72	default:dry_dirt	0
66	2	-72	default:dry_dirt	0
67	2	-72	default:dry_dirt	0
68	2	-72	default:dry_dirt	0
69	2	-72	default:dry_dirt	0
70	2	-72	default:dry_dirt	0
71	2	-72	default:dry_dirt	0
72	2	-72	default:dry_dirt	0
73	2	-72	default:dry_dirt	0
74	2	-72	default:dry_dirt	0
75	2	-72	default:dry_dirt	0
76	2	-72	default:dry_dirt	0
77	2	-72	default:dry_dirt	0
78	2	-72	default:dry_dirt	0
79	2	-72	default:dry_dirt	0
80	2	-72	default:dry_dirt	0
81	2	-72	default:desert_stone_block	0
82	2	-72	default:dry_dirt	0
83	2	-72	default:dry_dirt	0
84	2	-72	default:dry_dirt	0
85	2	-72	default:dry_dirt	0
86	2	-72	default:dry_dirt	0
87	2	-72	default:dry_dirt_with_dry_grass	0
57	3	-72	default:dry_dirt	0
58	3	-72	default:dry_dirt	0
59	3	-72	default:dry_dirt	0
60	3	-72	default:dry_dirt	0
61	3	-72	default:dry_dirt	0
62	3	-72	default:dry_dirt	0
63	3	-72	default:desert_stone_block	0
64	3	-72	default:dry_dirt	0
65	3	-72	default:dry_dirt	0
66	3	-72	default:dry_dirt	0
67	3	-72	default:dry_dirt	0
68	3	-72	default:dry_dirt	0
69	3	-72	default:dry_dirt	0
70	3	-72	default:dry_dirt	0
71	3	-72	default:dry_dirt	0
72	3	-72	default:dry_dirt	0
73	3	-72	default:dry_dirt	0
74	3	-72	default:dry_dirt	0
75	3	-72	default:dry_dirt	0
76	3	-72	default:dry_dirt	0
77	3	-72	default:dry_dirt	0
78	3	-72	default:dry_dirt	0
79	3	-72	default:dry_dirt	0
80	3	-72	default:dry_dirt	0
81	3	-72	default:desert_stone_block	0
82	3	-72	default:dry_dirt	0
83	3	-72	default:dry_dirt	0
84	3	-72	default:dry_dirt_with_dry_grass	0
85	3	-72	default:dry_dirt_with_dry_grass	0
86	3	-72	default:dry_dirt_with_dry_grass	0
57	4	-72	default:dry_dirt_with_dry_grass	0
58	4	-72	default:dry_dirt_with_dry_grass	0
59	4	-72	default:dry_dirt_with_dry_grass	0
60	4	-72	default:dry_dirt_with_dry_grass	0
61	4	-72	default:dry_dirt_with_dry_grass	0
62	4	-72	default:dry_dirt_with_dry_grass	0
63	4	-72	default:desert_stone_block	0
64	4	-72	default:dirt_with_dry_grass	0
65	4	-72	default:desert_cobble	0
66	4	-72	default:desert_stone_block	0
67	4	-72	default:acacia_wood	0
68	4	-72	default:acacia_wood	0
69	4	-72	default:acacia_wood	0
70	4	-72	default:acacia_wood	0
71	4	-72	default:acacia_wood	0
72	4	-72	wool:red	0
73	4	-72	default:acacia_wood	0
74	4	-72	default:acacia_wood	0
75	4	-72	default:acacia_wood	0
76	4	-72	default:acacia_wood	0
77	4	-72	default:acacia_wood	0
78	4	-72	default:desert_stone_block	0
79	4	-72	default:desert_cobble	0
80	4	-72	default:dirt_with_dry_grass	0
81	4	-72	default:desert_stone_block	0
82	4	-72	default:dry_dirt_with_dry_grass	0
83	4	-72	default:dry_dirt_with_dry_grass	0
66	5	-72	default:acacia_tree	0
70	5	-72	grug_decor:cottages_bench	3
71	5	-72	grug_decor:cottages_bench	3
73	5	-72	grug_decor:cottages_bench	1
74	5	-72	grug_decor:cottages_bench	1
78	5	-72	default:acacia_tree	0
66	6	-72	default:acacia_tree	0
78	6	-72	default:acacia_tree	0
66	7	-72	default:acacia_tree	0
78	7	-72	default:acacia_tree	0
66	8	-72	default:acacia_tree	0
78	8	-72	default:acacia_tree	0
66	9	-72	default:acacia_tree	0
78	9	-72	default:acacia_tree	0
66	10	-72	default:acacia_tree	0
78	10	-72	default:acacia_tree	0
65	11	-72	stairs:stair_desert_stonebrick	1
66	11	-72	default:acacia_tree	0
78	11	-72	default:acacia_tree	0
79	11	-72	stairs:stair_desert_stonebrick	3
66	12	-72	stairs:stair_desert_stonebrick	1
78	12	-72	stairs:stair_desert_stonebrick	3
67	13	-72	stairs:stair_desert_stonebrick	1
77	13	-72	stairs:stair_desert_stonebrick	3
68	14	-72	stairs:stair_desert_stonebrick	1
76	14	-72	stairs:stair_desert_stonebrick	3
69	15	-72	stairs:stair_desert_stonebrick	1
75	15	-72	stairs:stair_desert_stonebrick	3
70	16	-72	default:acacia_wood	0
71	16	-72	default:acacia_wood	0
72	16	-72	default:acacia_wood	0
73	16	-72	default:acacia_wood	0
74	16	-72	default:acacia_wood	0
70	17	-72	default:fence_acacia_wood	0
72	17	-72	default:torch	1
74	17	-72	default:fence_acacia_wood	0
72	19	-72	stairs:slab_desert_stonebrick	20
70	20	-72	default:acacia_tree	0
71	20	-72	default:acacia_tree	0
72	20	-72	default:acacia_tree	0
73	20	-72	default:acacia_tree	0
74	20	-72	default:acacia_tree	0
69	21	-72	stairs:stair_desert_stonebrick	1
75	21	-72	stairs:stair_desert_stonebrick	3
70	22	-72	stairs:stair_desert_stonebrick	1
74	22	-72	stairs:stair_desert_stonebrick	3
71	23	-72	stairs:stair_desert_stonebrick	1
73	23	-72	stairs:stair_desert_stonebrick	3
72	24	-72	stairs:slab_desert_stonebrick	0
57	-2	-71	default:stone	0
58	-2	-71	default:stone	0
59	-2	-71	default:stone	0
60	-2	-71	default:stone	0
61	-2	-71	default:stone	0
62	-2	-71	default:stone	0
63	-2	-71	default:desert_stone_block	0
64	-2	-71	default:stone	0
65	-2	-71	default:stone	0
66	-2	-71	default:stone	0
67	-2	-71	default:stone	0
68	-2	-71	default:stone	0
69	-2	-71	default:stone	0
70	-2	-71	default:stone	0
71	-2	-71	default:stone	0
72	-2	-71	default:stone	0
73	-2	-71	default:stone	0
74	-2	-71	default:stone	0
75	-2	-71	default:stone	0
76	-2	-71	default:stone	0
77	-2	-71	default:stone	0
78	-2	-71	default:stone	0
79	-2	-71	default:stone	0
80	-2	-71	default:stone	0
81	-2	-71	default:desert_stone_block	0
82	-2	-71	default:stone	0
83	-2	-71	default:stone	0
84	-2	-71	default:stone	0
85	-2	-71	default:stone	0
86	-2	-71	default:stone	0
87	-2	-71	default:stone	0
57	-1	-71	default:dry_dirt	0
58	-1	-71	default:dry_dirt	0
59	-1	-71	default:dry_dirt	0
60	-1	-71	default:dry_dirt	0
61	-1	-71	default:dry_dirt	0
62	-1	-71	default:dry_dirt	0
63	-1	-71	default:desert_stone_block	0
64	-1	-71	default:dry_dirt	0
65	-1	-71	default:dry_dirt	0
66	-1	-71	default:dry_dirt	0
67	-1	-71	default:dry_dirt	0
68	-1	-71	default:dry_dirt	0
69	-1	-71	default:dry_dirt	0
70	-1	-71	default:dry_dirt	0
71	-1	-71	default:stone	0
72	-1	-71	default:stone	0
73	-1	-71	default:stone	0
74	-1	-71	default:stone	0
75	-1	-71	default:stone	0
76	-1	-71	default:stone	0
77	-1	-71	default:stone	0
78	-1	-71	default:stone	0
79	-1	-71	default:stone	0
80	-1	-71	default:stone	0
81	-1	-71	default:desert_stone_block	0
82	-1	-71	default:stone	0
83	-1	-71	default:stone	0
84	-1	-71	default:stone	0
85	-1	-71	default:stone	0
86	-1	-71	default:stone	0
87	-1	-71	default:stone	0
57	0	-71	default:dry_dirt	0
58	0	-71	default:dry_dirt	0
59	0	-71	default:dry_dirt	0
60	0	-71	default:dry_dirt	0
61	0	-71	default:dry_dirt	0
62	0	-71	default:dry_dirt	0
63	0	-71	default:desert_stone_block	0
64	0	-71	default:dry_dirt	0
65	0	-71	default:dry_dirt	0
66	0	-71	default:dry_dirt	0
67	0	-71	default:dry_dirt	0
68	0	-71	default:dry_dirt	0
69	0	-71	default:dry_dirt	0
70	0	-71	default:dry_dirt	0
71	0	-71	default:dry_dirt	0
72	0	-71	default:dry_dirt	0
73	0	-71	default:dry_dirt	0
74	0	-71	default:dry_dirt	0
75	0	-71	default:dry_dirt	0
76	0	-71	default:stone	0
77	0	-71	default:stone	0
78	0	-71	default:stone	0
79	0	-71	default:stone	0
80	0	-71	default:stone	0
81	0	-71	default:desert_stone_block	0
82	0	-71	default:stone	0
83	0	-71	default:stone	0
84	0	-71	default:stone	0
85	0	-71	default:dry_dirt	0
86	0	-71	default:dry_dirt	0
87	0	-71	default:dry_dirt	0
57	1	-71	default:dry_dirt	0
58	1	-71	default:dry_dirt	0
59	1	-71	default:dry_dirt	0
60	1	-71	default:dry_dirt	0
61	1	-71	default:dry_dirt	0
62	1	-71	default:dry_dirt	0
63	1	-71	default:desert_stone_block	0
64	1	-71	default:dry_dirt	0
65	1	-71	default:dry_dirt	0
66	1	-71	default:dry_dirt	0
67	1	-71	default:dry_dirt	0
68	1	-71	default:dry_dirt	0
69	1	-71	default:dry_dirt	0
70	1	-71	default:dry_dirt	0
71	1	-71	default:dry_dirt	0
72	1	-71	default:dry_dirt	0
73	1	-71	default:dry_dirt	0
74	1	-71	default:dry_dirt	0
75	1	-71	default:dry_dirt	0
76	1	-71	default:dry_dirt	0
77	1	-71	default:dry_dirt	0
78	1	-71	default:dry_dirt	0
79	1	-71	default:dry_dirt	0
80	1	-71	default:dry_dirt	0
81	1	-71	default:desert_stone_block	0
82	1	-71	default:dry_dirt	0
83	1	-71	default:dry_dirt	0
84	1	-71	default:dry_dirt	0
85	1	-71	default:dry_dirt	0
86	1	-71	default:dry_dirt	0
87	1	-71	default:dry_dirt	0
57	2	-71	default:dry_dirt	0
58	2	-71	default:dry_dirt	0
59	2	-71	default:dry_dirt	0
60	2	-71	default:dry_dirt	0
61	2	-71	default:dry_dirt	0
62	2	-71	default:dry_dirt	0
63	2	-71	default:desert_stone_block	0
64	2	-71	default:dry_dirt	0
65	2	-71	default:dry_dirt	0
66	2	-71	default:dry_dirt	0
67	2	-71	default:dry_dirt	0
68	2	-71	default:dry_dirt	0
69	2	-71	default:dry_dirt	0
70	2	-71	default:dry_dirt	0
71	2	-71	default:dry_dirt	0
72	2	-71	default:dry_dirt	0
73	2	-71	default:dry_dirt	0
74	2	-71	default:dry_dirt	0
75	2	-71	default:dry_dirt	0
76	2	-71	default:dry_dirt	0
77	2	-71	default:dry_dirt	0
78	2	-71	default:dry_dirt	0
79	2	-71	default:dry_dirt	0
80	2	-71	default:dry_dirt	0
81	2	-71	default:desert_stone_block	0
82	2	-71	default:dry_dirt	0
83	2	-71	default:dry_dirt	0
84	2	-71	default:dry_dirt	0
85	2	-71	default:dry_dirt	0
86	2	-71	default:dry_dirt	0
87	2	-71	default:dry_dirt	0
57	3	-71	default:dry_dirt_with_dry_grass	0
58	3	-71	default:dry_dirt_with_dry_grass	0
59	3	-71	default:dry_dirt_with_dry_grass	0
60	3	-71	default:dry_dirt_with_dry_grass	0
61	3	-71	default:dry_dirt_with_dry_grass	0
62	3	-71	default:dry_dirt_with_dry_grass	0
63	3	-71	default:desert_stone_block	0
64	3	-71	default:dry_dirt	0
65	3	-71	default:dry_dirt	0
66	3	-71	default:dry_dirt	0
67	3	-71	default:dry_dirt	0
68	3	-71	default:dry_dirt	0
69	3	-71	default:dry_dirt	0
70	3	-71	default:dry_dirt	0
71	3	-71	default:dry_dirt	0
72	3	-71	default:dry_dirt	0
73	3	-71	default:dry_dirt	0
74	3	-71	default:dry_dirt	0
75	3	-71	default:dry_dirt	0
76	3	-71	default:dry_dirt	0
77	3	-71	default:dry_dirt	0
78	3	-71	default:dry_dirt	0
79	3	-71	default:dry_dirt	0
80	3	-71	default:dry_dirt	0
81	3	-71	default:desert_stone_block	0
82	3	-71	default:dry_dirt	0
83	3	-71	default:dry_dirt	0
84	3	-71	default:dry_dirt	0
85	3	-71	default:dry_dirt_with_dry_grass	0
86	3	-71	default:dry_dirt_with_dry_grass	0
87	3	-71	default:dry_dirt_with_dry_grass	0
63	4	-71	default:desert_stone_block	0
64	4	-71	default:dirt_with_dry_grass	0
65	4	-71	default:desert_cobble	0
66	4	-71	default:desert_stone_block	0
67	4	-71	default:acacia_wood	0
68	4	-71	default:acacia_wood	0
69	4	-71	default:acacia_wood	0
70	4	-71	default:acacia_wood	0
71	4	-71	default:acacia_wood	0
72	4	-71	wool:red	0
73	4	-71	default:acacia_wood	0
74	4	-71	default:acacia_wood	0
75	4	-71	default:acacia_wood	0
76	4	-71	default:acacia_wood	0
77	4	-71	default:acacia_wood	0
78	4	-71	default:desert_stone_block	0
79	4	-71	default:desert_cobble	0
80	4	-71	default:dirt_with_dry_grass	0
81	4	-71	default:desert_stone_block	0
82	4	-71	default:dry_dirt_with_dry_grass	0
83	4	-71	default:dry_dirt_with_dry_grass	0
84	4	-71	default:dry_dirt_with_dry_grass	0
66	5	-71	default:desert_stonebrick	0
78	5	-71	default:desert_stonebrick	0
66	6	-71	xpanes:bar_flat	3
78	6	-71	xpanes:bar_flat	3
66	7	-71	xpanes:bar_flat	3
78	7	-71	xpanes:bar_flat	3
66	8	-71	grug_decor:darkage_adobe	0
78	8	-71	grug_decor:darkage_adobe	0
66	9	-71	grug_decor:darkage_adobe	0
78	9	-71	grug_decor:darkage_adobe	0
66	10	-71	grug_decor:darkage_adobe	0
78	10	-71	grug_decor:darkage_adobe	0
65	11	-71	stairs:stair_desert_stonebrick	1
66	11	-71	grug_decor:darkage_adobe	0
78	11	-71	grug_decor:darkage_adobe	0
79	11	-71	stairs:stair_desert_stonebrick	3
66	12	-71	stairs:stair_desert_stonebrick	1
78	12	-71	stairs:stair_desert_stonebrick	3
67	13	-71	stairs:stair_desert_stonebrick	1
77	13	-71	stairs:stair_desert_stonebrick	3
68	14	-71	stairs:stair_desert_stonebrick	1
76	14	-71	stairs:stair_desert_stonebrick	3
69	15	-71	stairs:stair_desert_stonebrick	1
75	15	-71	stairs:stair_desert_stonebrick	3
70	16	-71	default:acacia_wood	0
71	16	-71	default:acacia_wood	0
72	16	-71	default:acacia_wood	0
73	16	-71	default:acacia_wood	0
74	16	-71	default:acacia_wood	0
70	17	-71	default:fence_acacia_wood	0
74	17	-71	default:fence_acacia_wood	0
70	20	-71	default:acacia_tree	0
74	20	-71	default:acacia_tree	0
69	21	-71	stairs:stair_desert_stonebrick	1
75	21	-71	stairs:stair_desert_stonebrick	3
70	22	-71	stairs:stair_desert_stonebrick	1
74	22	-71	stairs:stair_desert_stonebrick	3
71	23	-71	stairs:stair_outer_desert_stonebrick	2
72	23	-71	stairs:stair_desert_stonebrick	2
73	23	-71	stairs:stair_outer_desert_stonebrick	3
57	-2	-70	default:stone	0
58	-2	-70	default:stone	0
59	-2	-70	default:stone	0
60	-2	-70	default:stone	0
61	-2	-70	default:stone	0
62	-2	-70	default:stone	0
63	-2	-70	default:desert_stone_block	0
64	-2	-70	default:stone	0
65	-2	-70	default:stone	0
66	-2	-70	default:stone	0
67	-2	-70	default:stone	0
68	-2	-70	default:stone	0
69	-2	-70	default:stone	0
70	-2	-70	default:stone	0
71	-2	-70	default:stone	0
72	-2	-70	default:stone	0
73	-2	-70	default:stone	0
74	-2	-70	default:stone	0
75	-2	-70	default:stone	0
76	-2	-70	default:stone	0
77	-2	-70	default:stone	0
78	-2	-70	default:stone	0
79	-2	-70	default:stone	0
80	-2	-70	default:stone	0
81	-2	-70	default:desert_stone_block	0
82	-2	-70	default:stone	0
83	-2	-70	default:stone	0
84	-2	-70	default:stone	0
85	-2	-70	default:stone	0
86	-2	-70	default:stone	0
87	-2	-70	default:stone	0
57	-1	-70	default:dry_dirt	0
58	-1	-70	default:dry_dirt	0
59	-1	-70	default:dry_dirt	0
60	-1	-70	default:dry_dirt	0
61	-1	-70	default:dry_dirt	0
62	-1	-70	default:dry_dirt	0
63	-1	-70	default:desert_stone_block	0
64	-1	-70	default:dry_dirt	0
65	-1	-70	default:dry_dirt	0
66	-1	-70	default:dry_dirt	0
67	-1	-70	default:dry_dirt	0
68	-1	-70	default:dry_dirt	0
69	-1	-70	default:dry_dirt	0
70	-1	-70	default:dry_dirt	0
71	-1	-70	default:stone	0
72	-1	-70	default:stone	0
73	-1	-70	default:stone	0
74	-1	-70	default:stone	0
75	-1	-70	default:stone	0
76	-1	-70	default:stone	0
77	-1	-70	default:stone	0
78	-1	-70	default:stone	0
79	-1	-70	default:stone	0
80	-1	-70	default:stone	0
81	-1	-70	default:desert_stone_block	0
82	-1	-70	default:stone	0
83	-1	-70	default:stone	0
84	-1	-70	default:stone	0
85	-1	-70	default:stone	0
86	-1	-70	default:stone	0
87	-1	-70	default:stone	0
57	0	-70	default:dry_dirt	0
58	0	-70	default:dry_dirt	0
59	0	-70	default:dry_dirt	0
60	0	-70	default:dry_dirt	0
61	0	-70	default:dry_dirt	0
62	0	-70	default:dry_dirt	0
63	0	-70	default:desert_stone_block	0
64	0	-70	default:dry_dirt	0
65	0	-70	default:dry_dirt	0
66	0	-70	default:dry_dirt	0
67	0	-70	default:dry_dirt	0
68	0	-70	default:dry_dirt	0
69	0	-70	default:dry_dirt	0
70	0	-70	default:dry_dirt	0
71	0	-70	default:dry_dirt	0
72	0	-70	default:dry_dirt	0
73	0	-70	default:dry_dirt	0
74	0	-70	default:dry_dirt	0
75	0	-70	default:stone	0
76	0	-70	default:stone	0
77	0	-70	default:stone	0
78	0	-70	default:stone	0
79	0	-70	default:stone	0
80	0	-70	default:stone	0
81	0	-70	default:desert_stone_block	0
82	0	-70	default:stone	0
83	0	-70	default:stone	0
84	0	-70	default:stone	0
85	0	-70	default:dry_dirt	0
86	0	-70	default:dry_dirt	0
87	0	-70	default:dry_dirt	0
57	1	-70	default:dry_dirt	0
58	1	-70	default:dry_dirt	0
59	1	-70	default:dry_dirt	0
60	1	-70	default:dry_dirt	0
61	1	-70	default:dry_dirt	0
62	1	-70	default:dry_dirt	0
63	1	-70	default:desert_stone_block	0
64	1	-70	default:dry_dirt	0
65	1	-70	default:dry_dirt	0
66	1	-70	default:dry_dirt	0
67	1	-70	default:dry_dirt	0
68	1	-70	default:dry_dirt	0
69	1	-70	default:dry_dirt	0
70	1	-70	default:dry_dirt	0
71	1	-70	default:dry_dirt	0
72	1	-70	default:dry_dirt	0
73	1	-70	default:dry_dirt	0
74	1	-70	default:dry_dirt	0
75	1	-70	default:dry_dirt	0
76	1	-70	default:dry_dirt	0
77	1	-70	default:dry_dirt	0
78	1	-70	default:dry_dirt	0
79	1	-70	default:dry_dirt	0
80	1	-70	default:dry_dirt	0
81	1	-70	default:desert_stone_block	0
82	1	-70	default:dry_dirt	0
83	1	-70	default:dry_dirt	0
84	1	-70	default:dry_dirt	0
85	1	-70	default:dry_dirt	0
86	1	-70	default:dry_dirt	0
87	1	-70	default:dry_dirt	0
57	2	-70	default:dry_dirt	0
58	2	-70	default:dry_dirt	0
59	2	-70	default:dry_dirt	0
60	2	-70	default:dry_dirt	0
61	2	-70	default:dry_dirt	0
62	2	-70	default:dry_dirt	0
63	2	-70	default:desert_stone_block	0
64	2	-70	default:dry_dirt	0
65	2	-70	default:dry_dirt	0
66	2	-70	default:dry_dirt	0
67	2	-70	default:dry_dirt	0
68	2	-70	default:dry_dirt	0
69	2	-70	default:dry_dirt	0
70	2	-70	default:dry_dirt	0
71	2	-70	default:dry_dirt	0
72	2	-70	default:dry_dirt	0
73	2	-70	default:dry_dirt	0
74	2	-70	default:dry_dirt	0
75	2	-70	default:dry_dirt	0
76	2	-70	default:dry_dirt	0
77	2	-70	default:dry_dirt	0
78	2	-70	default:dry_dirt	0
79	2	-70	default:dry_dirt	0
80	2	-70	default:dry_dirt	0
81	2	-70	default:desert_stone_block	0
82	2	-70	default:dry_dirt	0
83	2	-70	default:dry_dirt	0
84	2	-70	default:dry_dirt	0
85	2	-70	default:dry_dirt	0
86	2	-70	default:dry_dirt	0
87	2	-70	default:dry_dirt	0
57	3	-70	default:dry_dirt_with_dry_grass	0
58	3	-70	default:dry_dirt_with_dry_grass	0
59	3	-70	default:dry_dirt_with_dry_grass	0
60	3	-70	default:dry_dirt_with_dry_grass	0
61	3	-70	default:dry_dirt_with_dry_grass	0
62	3	-70	default:dry_dirt_with_dry_grass	0
63	3	-70	default:desert_stone_block	0
64	3	-70	default:dry_dirt	0
65	3	-70	default:dry_dirt	0
66	3	-70	default:dry_dirt	0
67	3	-70	default:dry_dirt	0
68	3	-70	default:dry_dirt	0
69	3	-70	default:dry_dirt	0
70	3	-70	default:dry_dirt	0
71	3	-70	default:dry_dirt	0
72	3	-70	default:dry_dirt	0
73	3	-70	default:dry_dirt	0
74	3	-70	default:dry_dirt	0
75	3	-70	default:dry_dirt	0
76	3	-70	default:dry_dirt	0
77	3	-70	default:dry_dirt	0
78	3	-70	default:dry_dirt	0
79	3	-70	default:dry_dirt	0
80	3	-70	default:dry_dirt	0
81	3	-70	default:desert_stone_block	0
82	3	-70	default:dry_dirt	0
83	3	-70	default:dry_dirt	0
84	3	-70	default:dry_dirt	0
85	3	-70	default:dry_dirt_with_dry_grass	0
86	3	-70	default:dry_dirt_with_dry_grass	0
87	3	-70	default:dry_dirt_with_dry_grass	0
63	4	-70	default:desert_stone_block	0
64	4	-70	default:dirt_with_dry_grass	0
65	4	-70	default:desert_cobble	0
66	4	-70	default:desert_stone_block	0
67	4	-70	default:acacia_wood	0
68	4	-70	default:acacia_wood	0
69	4	-70	default:acacia_wood	0
70	4	-70	default:acacia_wood	0
71	4	-70	default:acacia_wood	0
72	4	-70	wool:red	0
73	4	-70	default:acacia_wood	0
74	4	-70	default:acacia_wood	0
75	4	-70	default:acacia_wood	0
76	4	-70	default:acacia_wood	0
77	4	-70	default:acacia_wood	0
78	4	-70	default:desert_stone_block	0
79	4	-70	default:desert_cobble	0
80	4	-70	default:dirt_with_dry_grass	0
81	4	-70	default:desert_stone_block	0
82	4	-70	default:dry_dirt_with_dry_grass	0
83	4	-70	default:dry_dirt_with_dry_grass	0
84	4	-70	default:dry_dirt_with_dry_grass	0
66	5	-70	default:desert_stonebrick	0
70	5	-70	grug_decor:cottages_bench	3
71	5	-70	grug_decor:cottages_bench	3
73	5	-70	grug_decor:cottages_bench	1
74	5	-70	grug_decor:cottages_bench	1
78	5	-70	default:desert_stonebrick	0
66	6	-70	xpanes:bar_flat	3
78	6	-70	xpanes:bar_flat	3
66	7	-70	xpanes:bar_flat	3
78	7	-70	xpanes:bar_flat	3
66	8	-70	grug_decor:darkage_adobe	0
78	8	-70	grug_decor:darkage_adobe	0
66	9	-70	grug_decor:darkage_adobe	0
78	9	-70	grug_decor:darkage_adobe	0
66	10	-70	grug_decor:darkage_adobe	0
78	10	-70	grug_decor:darkage_adobe	0
65	11	-70	stairs:stair_desert_stonebrick	1
66	11	-70	grug_decor:darkage_adobe	0
78	11	-70	grug_decor:darkage_adobe	0
79	11	-70	stairs:stair_desert_stonebrick	3
66	12	-70	stairs:stair_desert_stonebrick	1
78	12	-70	stairs:stair_desert_stonebrick	3
67	13	-70	stairs:stair_desert_stonebrick	1
77	13	-70	stairs:stair_desert_stonebrick	3
68	14	-70	stairs:stair_desert_stonebrick	1
76	14	-70	stairs:stair_desert_stonebrick	3
69	15	-70	stairs:stair_desert_stonebrick	1
75	15	-70	stairs:stair_desert_stonebrick	3
70	16	-70	default:acacia_wood	0
71	16	-70	default:acacia_wood	0
72	16	-70	default:acacia_wood	0
73	16	-70	default:acacia_wood	0
74	16	-70	default:acacia_wood	0
70	17	-70	default:acacia_tree	0
71	17	-70	default:fence_acacia_wood	0
72	17	-70	default:fence_acacia_wood	0
73	17	-70	default:fence_acacia_wood	0
74	17	-70	default:acacia_tree	0
70	18	-70	default:acacia_tree	0
74	18	-70	default:acacia_tree	0
70	19	-70	default:acacia_tree	0
74	19	-70	default:acacia_tree	0
70	20	-70	default:acacia_tree	0
71	20	-70	default:acacia_tree	0
72	20	-70	default:acacia_tree	0
73	20	-70	default:acacia_tree	0
74	20	-70	default:acacia_tree	0
69	21	-70	stairs:stair_desert_stonebrick	1
75	21	-70	stairs:stair_desert_stonebrick	3
70	22	-70	stairs:stair_outer_desert_stonebrick	2
71	22	-70	stairs:stair_desert_stonebrick	2
72	22	-70	stairs:stair_desert_stonebrick	2
73	22	-70	stairs:stair_desert_stonebrick	2
74	22	-70	stairs:stair_outer_desert_stonebrick	3
57	-2	-69	default:stone	0
58	-2	-69	default:stone	0
59	-2	-69	default:stone	0
60	-2	-69	default:stone	0
61	-2	-69	default:stone	0
62	-2	-69	default:stone	0
63	-2	-69	default:desert_stone_block	0
64	-2	-69	default:stone	0
65	-2	-69	default:stone	0
66	-2	-69	default:stone	0
67	-2	-69	default:stone	0
68	-2	-69	default:stone	0
69	-2	-69	default:stone	0
70	-2	-69	default:stone	0
71	-2	-69	default:stone	0
72	-2	-69	default:stone	0
73	-2	-69	default:stone	0
74	-2	-69	default:stone	0
75	-2	-69	default:stone	0
76	-2	-69	default:stone	0
77	-2	-69	default:stone	0
78	-2	-69	default:stone	0
79	-2	-69	default:stone	0
80	-2	-69	default:stone	0
81	-2	-69	default:desert_stone_block	0
82	-2	-69	default:stone	0
83	-2	-69	default:stone	0
84	-2	-69	default:stone	0
85	-2	-69	default:stone	0
86	-2	-69	default:stone	0
87	-2	-69	default:stone	0
57	-1	-69	default:dry_dirt	0
58	-1	-69	default:dry_dirt	0
59	-1	-69	default:dry_dirt	0
60	-1	-69	default:dry_dirt	0
61	-1	-69	default:dry_dirt	0
62	-1	-69	default:dry_dirt	0
63	-1	-69	default:desert_stone_block	0
64	-1	-69	default:dry_dirt	0
65	-1	-69	default:dry_dirt	0
66	-1	-69	default:dry_dirt	0
67	-1	-69	default:dry_dirt	0
68	-1	-69	default:dry_dirt	0
69	-1	-69	default:dry_dirt	0
70	-1	-69	default:dry_dirt	0
71	-1	-69	default:stone	0
72	-1	-69	default:stone	0
73	-1	-69	default:stone	0
74	-1	-69	default:stone	0
75	-1	-69	default:stone	0
76	-1	-69	default:stone	0
77	-1	-69	default:stone	0
78	-1	-69	default:stone	0
79	-1	-69	default:stone	0
80	-1	-69	default:stone	0
81	-1	-69	default:desert_stone_block	0
82	-1	-69	default:stone	0
83	-1	-69	default:stone	0
84	-1	-69	default:stone	0
85	-1	-69	default:stone	0
86	-1	-69	default:stone	0
87	-1	-69	default:stone	0
57	0	-69	default:dry_dirt	0
58	0	-69	default:dry_dirt	0
59	0	-69	default:dry_dirt	0
60	0	-69	default:dry_dirt	0
61	0	-69	default:dry_dirt	0
62	0	-69	default:dry_dirt	0
63	0	-69	default:desert_stone_block	0
64	0	-69	default:dry_dirt	0
65	0	-69	default:dry_dirt	0
66	0	-69	default:dry_dirt	0
67	0	-69	default:dry_dirt	0
68	0	-69	default:dry_dirt	0
69	0	-69	default:dry_dirt	0
70	0	-69	default:dry_dirt	0
71	0	-69	default:dry_dirt	0
72	0	-69	default:dry_dirt	0
73	0	-69	default:dry_dirt	0
74	0	-69	default:stone	0
75	0	-69	default:stone	0
76	0	-69	default:stone	0
77	0	-69	default:stone	0
78	0	-69	default:stone	0
79	0	-69	default:stone	0
80	0	-69	default:stone	0
81	0	-69	default:desert_stone_block	0
82	0	-69	default:stone	0
83	0	-69	default:stone	0
84	0	-69	default:stone	0
85	0	-69	default:stone	0
86	0	-69	default:dry_dirt	0
87	0	-69	default:dry_dirt	0
57	1	-69	default:dry_dirt	0
58	1	-69	default:dry_dirt	0
59	1	-69	default:dry_dirt	0
60	1	-69	default:dry_dirt	0
61	1	-69	default:dry_dirt	0
62	1	-69	default:dry_dirt	0
63	1	-69	default:desert_stone_block	0
64	1	-69	default:dry_dirt	0
65	1	-69	default:dry_dirt	0
66	1	-69	default:dry_dirt	0
67	1	-69	default:dry_dirt	0
68	1	-69	default:dry_dirt	0
69	1	-69	default:dry_dirt	0
70	1	-69	default:dry_dirt	0
71	1	-69	default:dry_dirt	0
72	1	-69	default:dry_dirt	0
73	1	-69	default:dry_dirt	0
74	1	-69	default:dry_dirt	0
75	1	-69	default:dry_dirt	0
76	1	-69	default:dry_dirt	0
77	1	-69	default:dry_dirt	0
78	1	-69	default:dry_dirt	0
79	1	-69	default:dry_dirt	0
80	1	-69	default:dry_dirt	0
81	1	-69	default:desert_stone_block	0
82	1	-69	default:dry_dirt	0
83	1	-69	default:dry_dirt	0
84	1	-69	default:dry_dirt	0
85	1	-69	default:dry_dirt	0
86	1	-69	default:dry_dirt	0
87	1	-69	default:dry_dirt	0
57	2	-69	default:dry_dirt	0
58	2	-69	default:dry_dirt	0
59	2	-69	default:dry_dirt	0
60	2	-69	default:dry_dirt	0
61	2	-69	default:dry_dirt	0
62	2	-69	default:dry_dirt	0
63	2	-69	default:desert_stone_block	0
64	2	-69	default:dry_dirt	0
65	2	-69	default:dry_dirt	0
66	2	-69	default:dry_dirt	0
67	2	-69	default:dry_dirt	0
68	2	-69	default:dry_dirt	0
69	2	-69	default:dry_dirt	0
70	2	-69	default:dry_dirt	0
71	2	-69	default:dry_dirt	0
72	2	-69	default:dry_dirt	0
73	2	-69	default:dry_dirt	0
74	2	-69	default:dry_dirt	0
75	2	-69	default:dry_dirt	0
76	2	-69	default:dry_dirt	0
77	2	-69	default:dry_dirt	0
78	2	-69	default:dry_dirt	0
79	2	-69	default:dry_dirt	0
80	2	-69	default:dry_dirt	0
81	2	-69	default:desert_stone_block	0
82	2	-69	default:dry_dirt	0
83	2	-69	default:dry_dirt	0
84	2	-69	default:dry_dirt	0
85	2	-69	default:dry_dirt	0
86	2	-69	default:dry_dirt	0
87	2	-69	default:dry_dirt	0
57	3	-69	default:dry_dirt_with_dry_grass	0
58	3	-69	default:dry_dirt_with_dry_grass	0
59	3	-69	default:dry_dirt_with_dry_grass	0
60	3	-69	default:dry_dirt_with_dry_grass	0
61	3	-69	default:dry_dirt_with_dry_grass	0
62	3	-69	default:dry_dirt_with_dry_grass	0
63	3	-69	default:desert_stone_block	0
64	3	-69	default:dry_dirt	0
65	3	-69	default:dry_dirt	0
66	3	-69	default:dry_dirt	0
67	3	-69	default:dry_dirt	0
68	3	-69	default:dry_dirt	0
69	3	-69	default:dry_dirt	0
70	3	-69	default:dry_dirt	0
71	3	-69	default:dry_dirt	0
72	3	-69	default:dry_dirt	0
73	3	-69	default:dry_dirt	0
74	3	-69	default:dry_dirt	0
75	3	-69	default:dry_dirt	0
76	3	-69	default:dry_dirt	0
77	3	-69	default:dry_dirt	0
78	3	-69	default:dry_dirt	0
79	3	-69	default:dry_dirt	0
80	3	-69	default:dry_dirt	0
81	3	-69	default:desert_stone_block	0
82	3	-69	default:dry_dirt	0
83	3	-69	default:dry_dirt	0
84	3	-69	default:dry_dirt	0
85	3	-69	default:dry_dirt	0
86	3	-69	default:dry_dirt_with_dry_grass	0
87	3	-69	default:dry_dirt_with_dry_grass	0
63	4	-69	default:desert_stone_block	0
64	4	-69	default:dirt_with_dry_grass	0
65	4	-69	default:desert_cobble	0
66	4	-69	default:desert_stone_block	0
67	4	-69	default:acacia_wood	0
68	4	-69	default:acacia_wood	0
69	4	-69	default:acacia_wood	0
70	4	-69	default:acacia_wood	0
71	4	-69	default:acacia_wood	0
72	4	-69	wool:red	0
73	4	-69	default:acacia_wood	0
74	4	-69	default:acacia_wood	0
75	4	-69	default:acacia_wood	0
76	4	-69	default:acacia_wood	0
77	4	-69	default:acacia_wood	0
78	4	-69	default:desert_stone_block	0
79	4	-69	default:desert_cobble	0
80	4	-69	default:dirt_with_dry_grass	0
81	4	-69	default:desert_stone_block	0
82	4	-69	default:dry_dirt_with_dry_grass	0
83	4	-69	default:dry_dirt_with_dry_grass	0
84	4	-69	default:dry_dirt_with_dry_grass	0
85	4	-69	default:dry_dirt_with_dry_grass	0
66	5	-69	default:acacia_tree	0
78	5	-69	default:acacia_tree	0
66	6	-69	default:acacia_tree	0
78	6	-69	default:acacia_tree	0
66	7	-69	default:acacia_tree	0
78	7	-69	default:acacia_tree	0
66	8	-69	default:acacia_tree	0
78	8	-69	default:acacia_tree	0
66	9	-69	default:acacia_tree	0
78	9	-69	default:acacia_tree	0
66	10	-69	default:acacia_tree	0
78	10	-69	default:acacia_tree	0
65	11	-69	stairs:stair_desert_stonebrick	1
66	11	-69	default:acacia_tree	0
78	11	-69	default:acacia_tree	0
79	11	-69	stairs:stair_desert_stonebrick	3
66	12	-69	stairs:stair_desert_stonebrick	1
78	12	-69	stairs:stair_desert_stonebrick	3
67	13	-69	stairs:stair_desert_stonebrick	1
77	13	-69	stairs:stair_desert_stonebrick	3
68	14	-69	stairs:stair_desert_stonebrick	1
76	14	-69	stairs:stair_desert_stonebrick	3
69	15	-69	stairs:stair_desert_stonebrick	1
75	15	-69	stairs:stair_desert_stonebrick	3
70	16	-69	stairs:slab_desert_stonebrick	0
71	16	-69	stairs:slab_desert_stonebrick	0
72	16	-69	stairs:slab_desert_stonebrick	0
73	16	-69	stairs:slab_desert_stonebrick	0
74	16	-69	stairs:slab_desert_stonebrick	0
69	21	-69	stairs:stair_outer_desert_stonebrick	2
70	21	-69	stairs:stair_desert_stonebrick	2
71	21	-69	stairs:stair_desert_stonebrick	2
72	21	-69	stairs:stair_desert_stonebrick	2
73	21	-69	stairs:stair_desert_stonebrick	2
74	21	-69	stairs:stair_desert_stonebrick	2
75	21	-69	stairs:stair_outer_desert_stonebrick	3
57	-2	-68	default:stone	0
58	-2	-68	default:stone	0
59	-2	-68	default:stone	0
60	-2	-68	default:stone	0
61	-2	-68	default:stone	0
62	-2	-68	default:stone	0
63	-2	-68	default:desert_stone_block	0
64	-2	-68	default:stone	0
65	-2	-68	default:stone	0
66	-2	-68	default:stone	0
67	-2	-68	default:stone	0
68	-2	-68	default:stone	0
69	-2	-68	default:stone	0
70	-2	-68	default:stone	0
71	-2	-68	default:stone	0
72	-2	-68	default:stone	0
73	-2	-68	default:stone	0
74	-2	-68	default:stone	0
75	-2	-68	default:stone	0
76	-2	-68	default:stone	0
77	-2	-68	default:stone	0
78	-2	-68	default:stone	0
79	-2	-68	default:stone	0
80	-2	-68	default:stone	0
81	-2	-68	default:desert_stone_block	0
82	-2	-68	default:stone	0
83	-2	-68	default:stone	0
84	-2	-68	default:stone	0
85	-2	-68	default:stone	0
86	-2	-68	default:stone	0
87	-2	-68	default:stone	0
57	-1	-68	default:dry_dirt	0
58	-1	-68	default:dry_dirt	0
59	-1	-68	default:dry_dirt	0
60	-1	-68	default:dry_dirt	0
61	-1	-68	default:dry_dirt	0
62	-1	-68	default:dry_dirt	0
63	-1	-68	default:desert_stone_block	0
64	-1	-68	default:dry_dirt	0
65	-1	-68	default:dry_dirt	0
66	-1	-68	default:dry_dirt	0
67	-1	-68	default:dry_dirt	0
68	-1	-68	default:dry_dirt	0
69	-1	-68	default:dry_dirt	0
70	-1	-68	default:dry_dirt	0
71	-1	-68	default:stone	0
72	-1	-68	default:stone	0
73	-1	-68	default:stone	0
74	-1	-68	default:stone	0
75	-1	-68	default:stone	0
76	-1	-68	default:stone	0
77	-1	-68	default:stone	0
78	-1	-68	default:stone	0
79	-1	-68	default:stone	0
80	-1	-68	default:stone	0
81	-1	-68	default:desert_stone_block	0
82	-1	-68	default:stone	0
83	-1	-68	default:stone	0
84	-1	-68	default:stone	0
85	-1	-68	default:stone	0
86	-1	-68	default:stone	0
87	-1	-68	default:stone	0
57	0	-68	default:dry_dirt	0
58	0	-68	default:dry_dirt	0
59	0	-68	default:dry_dirt	0
60	0	-68	default:dry_dirt	0
61	0	-68	default:dry_dirt	0
62	0	-68	default:dry_dirt	0
63	0	-68	default:desert_stone_block	0
64	0	-68	default:dry_dirt	0
65	0	-68	default:dry_dirt	0
66	0	-68	default:dry_dirt	0
67	0	-68	default:dry_dirt	0
68	0	-68	default:dry_dirt	0
69	0	-68	default:dry_dirt	0
70	0	-68	default:dry_dirt	0
71	0	-68	default:dry_dirt	0
72	0	-68	default:dry_dirt	0
73	0	-68	default:stone	0
74	0	-68	default:stone	0
75	0	-68	default:stone	0
76	0	-68	default:stone	0
77	0	-68	default:stone	0
78	0	-68	default:stone	0
79	0	-68	default:stone	0
80	0	-68	default:stone	0
81	0	-68	default:desert_stone_block	0
82	0	-68	default:stone	0
83	0	-68	default:stone	0
84	0	-68	default:stone	0
85	0	-68	default:stone	0
86	0	-68	default:stone	0
87	0	-68	default:stone	0
57	1	-68	default:dry_dirt	0
58	1	-68	default:dry_dirt	0
59	1	-68	default:dry_dirt	0
60	1	-68	default:dry_dirt	0
61	1	-68	default:dry_dirt	0
62	1	-68	default:dry_dirt	0
63	1	-68	default:desert_stone_block	0
64	1	-68	default:dry_dirt	0
65	1	-68	default:dry_dirt	0
66	1	-68	default:dry_dirt	0
67	1	-68	default:dry_dirt	0
68	1	-68	default:dry_dirt	0
69	1	-68	default:dry_dirt	0
70	1	-68	default:dry_dirt	0
71	1	-68	default:dry_dirt	0
72	1	-68	default:dry_dirt	0
73	1	-68	default:dry_dirt	0
74	1	-68	default:dry_dirt	0
75	1	-68	default:dry_dirt	0
76	1	-68	default:dry_dirt	0
77	1	-68	default:dry_dirt	0
78	1	-68	default:dry_dirt	0
79	1	-68	default:dry_dirt	0
80	1	-68	default:dry_dirt	0
81	1	-68	default:desert_stone_block	0
82	1	-68	default:dry_dirt	0
83	1	-68	default:dry_dirt	0
84	1	-68	default:dry_dirt	0
85	1	-68	default:dry_dirt	0
86	1	-68	default:dry_dirt	0
87	1	-68	default:dry_dirt	0
57	2	-68	default:dry_dirt	0
58	2	-68	default:dry_dirt	0
59	2	-68	default:dry_dirt	0
60	2	-68	default:dry_dirt	0
61	2	-68	default:dry_dirt	0
62	2	-68	default:dry_dirt	0
63	2	-68	default:desert_stone_block	0
64	2	-68	default:dry_dirt	0
65	2	-68	default:dry_dirt	0
66	2	-68	default:dry_dirt	0
67	2	-68	default:dry_dirt	0
68	2	-68	default:dry_dirt	0
69	2	-68	default:dry_dirt	0
70	2	-68	default:dry_dirt	0
71	2	-68	default:dry_dirt	0
72	2	-68	default:dry_dirt	0
73	2	-68	default:dry_dirt	0
74	2	-68	default:dry_dirt	0
75	2	-68	default:dry_dirt	0
76	2	-68	default:dry_dirt	0
77	2	-68	default:dry_dirt	0
78	2	-68	default:dry_dirt	0
79	2	-68	default:dry_dirt	0
80	2	-68	default:dry_dirt	0
81	2	-68	default:desert_stone_block	0
82	2	-68	default:dry_dirt	0
83	2	-68	default:dry_dirt	0
84	2	-68	default:dry_dirt	0
85	2	-68	default:dry_dirt	0
86	2	-68	default:dry_dirt	0
87	2	-68	default:dry_dirt	0
57	3	-68	default:dry_dirt_with_dry_grass	0
58	3	-68	default:dry_dirt_with_dry_grass	0
59	3	-68	default:dry_dirt_with_dry_grass	0
60	3	-68	default:dry_dirt_with_dry_grass	0
61	3	-68	default:dry_dirt_with_dry_grass	0
62	3	-68	default:dry_dirt_with_dry_grass	0
63	3	-68	default:desert_stone_block	0
64	3	-68	default:dry_dirt	0
65	3	-68	default:dry_dirt	0
66	3	-68	default:dry_dirt	0
67	3	-68	default:dry_dirt	0
68	3	-68	default:dry_dirt	0
69	3	-68	default:dry_dirt	0
70	3	-68	default:dry_dirt	0
71	3	-68	default:dry_dirt	0
72	3	-68	default:dry_dirt	0
73	3	-68	default:dry_dirt	0
74	3	-68	default:dry_dirt	0
75	3	-68	default:dry_dirt	0
76	3	-68	default:dry_dirt	0
77	3	-68	default:dry_dirt	0
78	3	-68	default:dry_dirt	0
79	3	-68	default:dry_dirt	0
80	3	-68	default:dry_dirt	0
81	3	-68	default:desert_stone_block	0
82	3	-68	default:dry_dirt	0
83	3	-68	default:dry_dirt	0
84	3	-68	default:dry_dirt	0
85	3	-68	default:dry_dirt	0
86	3	-68	default:dry_dirt	0
87	3	-68	default:dry_dirt	0
63	4	-68	default:desert_stone_block	0
64	4	-68	default:dirt_with_dry_grass	0
65	4	-68	default:desert_cobble	0
66	4	-68	default:desert_stone_block	0
67	4	-68	default:acacia_wood	0
68	4	-68	default:acacia_wood	0
69	4	-68	default:acacia_wood	0
70	4	-68	default:acacia_wood	0
71	4	-68	default:acacia_wood	0
72	4	-68	wool:red	0
73	4	-68	default:acacia_wood	0
74	4	-68	default:acacia_wood	0
75	4	-68	default:acacia_wood	0
76	4	-68	default:acacia_wood	0
77	4	-68	default:acacia_wood	0
78	4	-68	default:desert_stone_block	0
79	4	-68	default:desert_cobble	0
80	4	-68	default:dirt_with_dry_grass	0
81	4	-68	default:desert_stone_block	0
82	4	-68	default:dry_dirt_with_dry_grass	0
83	4	-68	default:dry_dirt_with_dry_grass	0
84	4	-68	default:dry_dirt_with_dry_grass	0
85	4	-68	default:dry_dirt_with_dry_grass	0
86	4	-68	default:dry_dirt_with_dry_grass	0
87	4	-68	default:dry_dirt_with_dry_grass	0
66	5	-68	default:acacia_tree	0
70	5	-68	grug_decor:cottages_bench	3
71	5	-68	grug_decor:cottages_bench	3
73	5	-68	grug_decor:cottages_bench	1
74	5	-68	grug_decor:cottages_bench	1
78	5	-68	default:acacia_tree	0
66	6	-68	default:acacia_tree	0
78	6	-68	default:acacia_tree	0
66	7	-68	default:acacia_tree	0
67	7	-68	default:torch_wall	3
77	7	-68	default:torch_wall	2
78	7	-68	default:acacia_tree	0
66	8	-68	default:acacia_tree	0
78	8	-68	default:acacia_tree	0
66	9	-68	default:acacia_tree	0
78	9	-68	default:acacia_tree	0
66	10	-68	default:acacia_tree	0
78	10	-68	default:acacia_tree	0
65	11	-68	stairs:stair_desert_stonebrick	1
66	11	-68	default:acacia_tree	0
78	11	-68	default:acacia_tree	0
79	11	-68	stairs:stair_desert_stonebrick	3
66	12	-68	stairs:stair_desert_stonebrick	1
78	12	-68	stairs:stair_desert_stonebrick	3
67	13	-68	stairs:stair_desert_stonebrick	1
77	13	-68	stairs:stair_desert_stonebrick	3
68	14	-68	stairs:stair_desert_stonebrick	1
76	14	-68	stairs:stair_desert_stonebrick	3
69	15	-68	stairs:stair_desert_stonebrick	1
75	15	-68	stairs:stair_desert_stonebrick	3
70	16	-68	stairs:slab_desert_stonebrick	0
71	16	-68	stairs:slab_desert_stonebrick	0
72	16	-68	stairs:slab_desert_stonebrick	0
73	16	-68	stairs:slab_desert_stonebrick	0
74	16	-68	stairs:slab_desert_stonebrick	0
57	-2	-67	default:stone	0
58	-2	-67	default:stone	0
59	-2	-67	default:stone	0
60	-2	-67	default:stone	0
61	-2	-67	default:stone	0
62	-2	-67	default:stone	0
63	-2	-67	default:desert_stone_block	0
64	-2	-67	default:stone	0
65	-2	-67	default:stone	0
66	-2	-67	default:stone	0
67	-2	-67	default:stone	0
68	-2	-67	default:stone	0
69	-2	-67	default:stone	0
70	-2	-67	default:stone	0
71	-2	-67	default:stone	0
72	-2	-67	default:stone	0
73	-2	-67	default:stone	0
74	-2	-67	default:stone	0
75	-2	-67	default:stone	0
76	-2	-67	default:stone	0
77	-2	-67	default:stone	0
78	-2	-67	default:stone	0
79	-2	-67	default:stone	0
80	-2	-67	default:stone	0
81	-2	-67	default:desert_stone_block	0
82	-2	-67	default:stone	0
83	-2	-67	default:stone	0
84	-2	-67	default:stone	0
85	-2	-67	default:stone	0
86	-2	-67	default:stone	0
87	-2	-67	default:stone	0
57	-1	-67	default:dry_dirt	0
58	-1	-67	default:dry_dirt	0
59	-1	-67	default:dry_dirt	0
60	-1	-67	default:dry_dirt	0
61	-1	-67	default:dry_dirt	0
62	-1	-67	default:dry_dirt	0
63	-1	-67	default:desert_stone_block	0
64	-1	-67	default:dry_dirt	0
65	-1	-67	default:dry_dirt	0
66	-1	-67	default:dry_dirt	0
67	-1	-67	default:dry_dirt	0
68	-1	-67	default:dry_dirt	0
69	-1	-67	default:dry_dirt	0
70	-1	-67	default:dry_dirt	0
71	-1	-67	default:stone	0
72	-1	-67	default:stone	0
73	-1	-67	default:stone	0
74	-1	-67	default:stone	0
75	-1	-67	default:stone	0
76	-1	-67	default:stone	0
77	-1	-67	default:stone	0
78	-1	-67	default:stone	0
79	-1	-67	default:stone	0
80	-1	-67	default:stone	0
81	-1	-67	default:desert_stone_block	0
82	-1	-67	default:stone	0
83	-1	-67	default:stone	0
84	-1	-67	default:stone	0
85	-1	-67	default:stone	0
86	-1	-67	default:stone	0
87	-1	-67	default:stone	0
57	0	-67	default:dry_dirt	0
58	0	-67	default:dry_dirt	0
59	0	-67	default:dry_dirt	0
60	0	-67	default:dry_dirt	0
61	0	-67	default:dry_dirt	0
62	0	-67	default:dry_dirt	0
63	0	-67	default:desert_stone_block	0
64	0	-67	default:dry_dirt	0
65	0	-67	default:dry_dirt	0
66	0	-67	default:dry_dirt	0
67	0	-67	default:dry_dirt	0
68	0	-67	default:dry_dirt	0
69	0	-67	default:dry_dirt	0
70	0	-67	default:dry_dirt	0
71	0	-67	default:dry_dirt	0
72	0	-67	default:dry_dirt	0
73	0	-67	default:stone	0
74	0	-67	default:stone	0
75	0	-67	default:stone	0
76	0	-67	default:stone	0
77	0	-67	default:stone	0
78	0	-67	default:stone	0
79	0	-67	default:stone	0
80	0	-67	default:stone	0
81	0	-67	default:desert_stone_block	0
82	0	-67	default:stone	0
83	0	-67	default:stone	0
84	0	-67	default:stone	0
85	0	-67	default:stone	0
86	0	-67	default:stone	0
87	0	-67	default:stone	0
57	1	-67	default:dry_dirt	0
58	1	-67	default:dry_dirt	0
59	1	-67	default:dry_dirt	0
60	1	-67	default:dry_dirt	0
61	1	-67	default:dry_dirt	0
62	1	-67	default:dry_dirt	0
63	1	-67	default:desert_stone_block	0
64	1	-67	default:dry_dirt	0
65	1	-67	default:dry_dirt	0
66	1	-67	default:dry_dirt	0
67	1	-67	default:dry_dirt	0
68	1	-67	default:dry_dirt	0
69	1	-67	default:dry_dirt	0
70	1	-67	default:dry_dirt	0
71	1	-67	default:dry_dirt	0
72	1	-67	default:dry_dirt	0
73	1	-67	default:dry_dirt	0
74	1	-67	default:dry_dirt	0
75	1	-67	default:dry_dirt	0
76	1	-67	default:dry_dirt	0
77	1	-67	default:dry_dirt	0
78	1	-67	default:dry_dirt	0
79	1	-67	default:dry_dirt	0
80	1	-67	default:dry_dirt	0
81	1	-67	default:desert_stone_block	0
82	1	-67	default:dry_dirt	0
83	1	-67	default:dry_dirt	0
84	1	-67	default:dry_dirt	0
85	1	-67	default:dry_dirt	0
86	1	-67	default:dry_dirt	0
87	1	-67	default:dry_dirt	0
57	2	-67	default:dry_dirt	0
58	2	-67	default:dry_dirt	0
59	2	-67	default:dry_dirt	0
60	2	-67	default:dry_dirt	0
61	2	-67	default:dry_dirt	0
62	2	-67	default:dry_dirt	0
63	2	-67	default:desert_stone_block	0
64	2	-67	default:dry_dirt	0
65	2	-67	default:dry_dirt	0
66	2	-67	default:dry_dirt	0
67	2	-67	default:dry_dirt	0
68	2	-67	default:dry_dirt	0
69	2	-67	default:dry_dirt	0
70	2	-67	default:dry_dirt	0
71	2	-67	default:dry_dirt	0
72	2	-67	default:dry_dirt	0
73	2	-67	default:dry_dirt	0
74	2	-67	default:dry_dirt	0
75	2	-67	default:dry_dirt	0
76	2	-67	default:dry_dirt	0
77	2	-67	default:dry_dirt	0
78	2	-67	default:dry_dirt	0
79	2	-67	default:dry_dirt	0
80	2	-67	default:dry_dirt	0
81	2	-67	default:desert_stone_block	0
82	2	-67	default:dry_dirt	0
83	2	-67	default:dry_dirt	0
84	2	-67	default:dry_dirt	0
85	2	-67	default:dry_dirt	0
86	2	-67	default:dry_dirt	0
87	2	-67	default:dry_dirt	0
57	3	-67	default:dry_dirt_with_dry_grass	0
58	3	-67	default:dry_dirt_with_dry_grass	0
59	3	-67	default:dry_dirt_with_dry_grass	0
60	3	-67	default:dry_dirt_with_dry_grass	0
61	3	-67	default:dry_dirt_with_dry_grass	0
62	3	-67	default:dry_dirt_with_dry_grass	0
63	3	-67	default:desert_stone_block	0
64	3	-67	default:dry_dirt	0
65	3	-67	default:dry_dirt	0
66	3	-67	default:dry_dirt	0
67	3	-67	default:dry_dirt	0
68	3	-67	default:dry_dirt	0
69	3	-67	default:dry_dirt	0
70	3	-67	default:dry_dirt	0
71	3	-67	default:dry_dirt	0
72	3	-67	default:dry_dirt	0
73	3	-67	default:dry_dirt	0
74	3	-67	default:dry_dirt	0
75	3	-67	default:dry_dirt	0
76	3	-67	default:dry_dirt	0
77	3	-67	default:dry_dirt	0
78	3	-67	default:dry_dirt	0
79	3	-67	default:dry_dirt	0
80	3	-67	default:dry_dirt	0
81	3	-67	default:desert_stone_block	0
82	3	-67	default:dry_dirt	0
83	3	-67	default:dry_dirt	0
84	3	-67	default:dry_dirt	0
85	3	-67	default:dry_dirt	0
86	3	-67	default:dry_dirt	0
87	3	-67	default:dry_dirt	0
63	4	-67	default:desert_stone_block	0
64	4	-67	default:dirt_with_dry_grass	0
65	4	-67	default:desert_cobble	0
66	4	-67	default:desert_stone_block	0
67	4	-67	default:acacia_wood	0
68	4	-67	default:acacia_wood	0
69	4	-67	default:acacia_wood	0
70	4	-67	default:acacia_wood	0
71	4	-67	default:acacia_wood	0
72	4	-67	wool:red	0
73	4	-67	default:acacia_wood	0
74	4	-67	default:acacia_wood	0
75	4	-67	default:acacia_wood	0
76	4	-67	default:acacia_wood	0
77	4	-67	default:acacia_wood	0
78	4	-67	default:desert_stone_block	0
79	4	-67	default:desert_cobble	0
80	4	-67	default:dirt_with_dry_grass	0
81	4	-67	default:desert_stone_block	0
82	4	-67	default:dry_dirt_with_dry_grass	0
83	4	-67	default:dry_dirt_with_dry_grass	0
84	4	-67	default:dry_dirt_with_dry_grass	0
85	4	-67	default:dry_dirt_with_dry_grass	0
86	4	-67	default:dry_dirt_with_dry_grass	0
87	4	-67	default:dry_dirt_with_dry_grass	0
66	5	-67	default:desert_stonebrick	0
78	5	-67	default:desert_stonebrick	0
66	6	-67	xpanes:bar_flat	3
78	6	-67	xpanes:bar_flat	3
66	7	-67	xpanes:bar_flat	3
78	7	-67	xpanes:bar_flat	3
66	8	-67	grug_decor:darkage_adobe	0
78	8	-67	grug_decor:darkage_adobe	0
66	9	-67	grug_decor:darkage_adobe	0
78	9	-67	grug_decor:darkage_adobe	0
66	10	-67	grug_decor:darkage_adobe	0
78	10	-67	grug_decor:darkage_adobe	0
65	11	-67	stairs:stair_desert_stonebrick	1
66	11	-67	grug_decor:darkage_adobe	0
78	11	-67	grug_decor:darkage_adobe	0
79	11	-67	stairs:stair_desert_stonebrick	3
66	12	-67	stairs:stair_desert_stonebrick	1
78	12	-67	stairs:stair_desert_stonebrick	3
67	13	-67	stairs:stair_desert_stonebrick	1
77	13	-67	stairs:stair_desert_stonebrick	3
68	14	-67	stairs:stair_desert_stonebrick	1
76	14	-67	stairs:stair_desert_stonebrick	3
69	15	-67	stairs:stair_desert_stonebrick	1
75	15	-67	stairs:stair_desert_stonebrick	3
70	16	-67	stairs:slab_desert_stonebrick	0
71	16	-67	stairs:slab_desert_stonebrick	0
72	16	-67	stairs:slab_desert_stonebrick	0
73	16	-67	stairs:slab_desert_stonebrick	0
74	16	-67	stairs:slab_desert_stonebrick	0
57	-2	-66	default:dry_dirt	0
58	-2	-66	default:dry_dirt	0
59	-2	-66	default:dry_dirt	0
60	-2	-66	default:dry_dirt	0
61	-2	-66	default:dry_dirt	0
62	-2	-66	default:dry_dirt	0
63	-2	-66	default:desert_stone_block	0
64	-2	-66	default:dry_dirt	0
65	-2	-66	default:dry_dirt	0
66	-2	-66	default:stone	0
67	-2	-66	default:stone	0
68	-2	-66	default:stone	0
69	-2	-66	default:stone	0
70	-2	-66	default:stone	0
71	-2	-66	default:stone	0
72	-2	-66	default:stone	0
73	-2	-66	default:stone	0
74	-2	-66	default:stone	0
75	-2	-66	default:stone	0
76	-2	-66	default:stone	0
77	-2	-66	default:stone	0
78	-2	-66	default:stone	0
79	-2	-66	default:stone	0
80	-2	-66	default:stone	0
81	-2	-66	default:desert_stone_block	0
82	-2	-66	default:stone	0
83	-2	-66	default:stone	0
84	-2	-66	default:stone	0
85	-2	-66	default:stone	0
86	-2	-66	default:stone	0
87	-2	-66	default:stone	0
57	-1	-66	default:dry_dirt	0
58	-1	-66	default:dry_dirt	0
59	-1	-66	default:dry_dirt	0
60	-1	-66	default:dry_dirt	0
61	-1	-66	default:dry_dirt	0
62	-1	-66	default:dry_dirt	0
63	-1	-66	default:desert_stone_block	0
64	-1	-66	default:dry_dirt	0
65	-1	-66	default:dry_dirt	0
66	-1	-66	default:dry_dirt	0
67	-1	-66	default:dry_dirt	0
68	-1	-66	default:dry_dirt	0
69	-1	-66	default:dry_dirt	0
70	-1	-66	default:dry_dirt	0
71	-1	-66	default:stone	0
72	-1	-66	default:stone	0
73	-1	-66	default:stone	0
74	-1	-66	default:stone	0
75	-1	-66	default:stone	0
76	-1	-66	default:stone	0
77	-1	-66	default:stone	0
78	-1	-66	default:stone	0
79	-1	-66	default:stone	0
80	-1	-66	default:stone	0
81	-1	-66	default:desert_stone_block	0
82	-1	-66	default:stone	0
83	-1	-66	default:stone	0
84	-1	-66	default:stone	0
85	-1	-66	default:stone	0
86	-1	-66	default:stone	0
87	-1	-66	default:stone	0
57	0	-66	default:dry_dirt	0
58	0	-66	default:dry_dirt	0
59	0	-66	default:dry_dirt	0
60	0	-66	default:dry_dirt	0
61	0	-66	default:dry_dirt	0
62	0	-66	default:dry_dirt	0
63	0	-66	default:desert_stone_block	0
64	0	-66	default:dry_dirt	0
65	0	-66	default:dry_dirt	0
66	0	-66	default:dry_dirt	0
67	0	-66	default:dry_dirt	0
68	0	-66	default:dry_dirt	0
69	0	-66	default:dry_dirt	0
70	0	-66	default:dry_dirt	0
71	0	-66	default:dry_dirt	0
72	0	-66	default:stone	0
73	0	-66	default:stone	0
74	0	-66	default:stone	0
75	0	-66	default:stone	0
76	0	-66	default:stone	0
77	0	-66	default:stone	0
78	0	-66	default:stone	0
79	0	-66	default:stone	0
80	0	-66	default:stone	0
81	0	-66	default:desert_stone_block	0
82	0	-66	default:stone	0
83	0	-66	default:stone	0
84	0	-66	default:stone	0
85	0	-66	default:stone	0
86	0	-66	default:stone	0
87	0	-66	default:stone	0
57	1	-66	default:dry_dirt	0
58	1	-66	default:dry_dirt	0
59	1	-66	default:dry_dirt	0
60	1	-66	default:dry_dirt	0
61	1	-66	default:dry_dirt	0
62	1	-66	default:dry_dirt	0
63	1	-66	default:desert_stone_block	0
64	1	-66	default:dry_dirt	0
65	1	-66	default:dry_dirt	0
66	1	-66	default:dry_dirt	0
67	1	-66	default:dry_dirt	0
68	1	-66	default:dry_dirt	0
69	1	-66	default:dry_dirt	0
70	1	-66	default:dry_dirt	0
71	1	-66	default:dry_dirt	0
72	1	-66	default:dry_dirt	0
73	1	-66	default:dry_dirt	0
74	1	-66	default:dry_dirt	0
75	1	-66	default:dry_dirt	0
76	1	-66	default:dry_dirt	0
77	1	-66	default:dry_dirt	0
78	1	-66	default:dry_dirt	0
79	1	-66	default:dry_dirt	0
80	1	-66	default:dry_dirt	0
81	1	-66	default:desert_stone_block	0
82	1	-66	default:dry_dirt	0
83	1	-66	default:dry_dirt	0
84	1	-66	default:dry_dirt	0
85	1	-66	default:dry_dirt	0
86	1	-66	default:dry_dirt	0
87	1	-66	default:dry_dirt	0
57	2	-66	default:dry_dirt_with_dry_grass	0
58	2	-66	default:dry_dirt_with_dry_grass	0
59	2	-66	default:dry_dirt_with_dry_grass	0
60	2	-66	default:dry_dirt_with_dry_grass	0
61	2	-66	default:dry_dirt_with_dry_grass	0
62	2	-66	default:dry_dirt_with_dry_grass	0
63	2	-66	default:desert_stone_block	0
64	2	-66	default:dry_dirt_with_dry_grass	0
65	2	-66	default:dry_dirt_with_dry_grass	0
66	2	-66	default:dry_dirt	0
67	2	-66	default:dry_dirt	0
68	2	-66	default:dry_dirt	0
69	2	-66	default:dry_dirt	0
70	2	-66	default:dry_dirt	0
71	2	-66	default:dry_dirt	0
72	2	-66	default:dry_dirt	0
73	2	-66	default:dry_dirt	0
74	2	-66	default:dry_dirt	0
75	2	-66	default:dry_dirt	0
76	2	-66	default:dry_dirt	0
77	2	-66	default:dry_dirt	0
78	2	-66	default:dry_dirt	0
79	2	-66	default:dry_dirt	0
80	2	-66	default:dry_dirt	0
81	2	-66	default:desert_stone_block	0
82	2	-66	default:dry_dirt	0
83	2	-66	default:dry_dirt	0
84	2	-66	default:dry_dirt	0
85	2	-66	default:dry_dirt	0
86	2	-66	default:dry_dirt	0
87	2	-66	default:dry_dirt	0
63	3	-66	default:desert_stone_block	0
64	3	-66	default:dry_dirt	0
65	3	-66	default:dry_dirt	0
66	3	-66	default:dry_dirt	0
67	3	-66	default:dry_dirt	0
68	3	-66	default:dry_dirt	0
69	3	-66	default:dry_dirt	0
70	3	-66	default:dry_dirt	0
71	3	-66	default:dry_dirt	0
72	3	-66	default:dry_dirt	0
73	3	-66	default:dry_dirt	0
74	3	-66	default:dry_dirt	0
75	3	-66	default:dry_dirt	0
76	3	-66	default:dry_dirt	0
77	3	-66	default:dry_dirt	0
78	3	-66	default:dry_dirt	0
79	3	-66	default:dry_dirt	0
80	3	-66	default:dry_dirt	0
81	3	-66	default:desert_stone_block	0
82	3	-66	default:dry_dirt	0
83	3	-66	default:dry_dirt	0
84	3	-66	default:dry_dirt	0
85	3	-66	default:dry_dirt	0
86	3	-66	default:dry_dirt	0
87	3	-66	default:dry_dirt	0
63	4	-66	default:desert_stone_block	0
64	4	-66	default:dirt_with_dry_grass	0
65	4	-66	default:desert_cobble	0
66	4	-66	default:desert_stone_block	0
67	4	-66	default:acacia_wood	0
68	4	-66	default:acacia_wood	0
69	4	-66	default:acacia_wood	0
70	4	-66	default:acacia_wood	0
71	4	-66	default:acacia_wood	0
72	4	-66	wool:red	0
73	4	-66	default:acacia_wood	0
74	4	-66	default:acacia_wood	0
75	4	-66	default:acacia_wood	0
76	4	-66	default:acacia_wood	0
77	4	-66	default:acacia_wood	0
78	4	-66	default:desert_stone_block	0
79	4	-66	default:desert_cobble	0
80	4	-66	default:dirt_with_dry_grass	0
81	4	-66	default:desert_stone_block	0
82	4	-66	default:dry_dirt_with_dry_grass	0
83	4	-66	default:dry_dirt_with_dry_grass	0
84	4	-66	default:dry_dirt_with_dry_grass	0
85	4	-66	default:dry_dirt_with_dry_grass	0
86	4	-66	default:dry_dirt_with_dry_grass	0
87	4	-66	default:dry_dirt_with_dry_grass	0
66	5	-66	default:desert_stonebrick	0
78	5	-66	default:desert_stonebrick	0
66	6	-66	xpanes:bar_flat	3
78	6	-66	xpanes:bar_flat	3
66	7	-66	xpanes:bar_flat	3
78	7	-66	xpanes:bar_flat	3
66	8	-66	default:acacia_tree	0
78	8	-66	default:acacia_tree	0
66	9	-66	default:acacia_tree	0
78	9	-66	default:acacia_tree	0
66	10	-66	default:acacia_tree	0
78	10	-66	default:acacia_tree	0
65	11	-66	stairs:stair_desert_stonebrick	1
66	11	-66	default:acacia_tree	0
78	11	-66	default:acacia_tree	0
79	11	-66	stairs:stair_desert_stonebrick	3
66	12	-66	stairs:stair_desert_stonebrick	1
78	12	-66	stairs:stair_desert_stonebrick	3
67	13	-66	stairs:stair_desert_stonebrick	1
77	13	-66	stairs:stair_desert_stonebrick	3
68	14	-66	stairs:stair_desert_stonebrick	1
76	14	-66	stairs:stair_desert_stonebrick	3
69	15	-66	stairs:stair_outer_desert_stonebrick	2
70	15	-66	stairs:stair_desert_stonebrick	2
71	15	-66	stairs:stair_desert_stonebrick	2
72	15	-66	stairs:stair_desert_stonebrick	2
73	15	-66	stairs:stair_desert_stonebrick	2
74	15	-66	stairs:stair_desert_stonebrick	2
75	15	-66	stairs:stair_outer_desert_stonebrick	3
57	-2	-65	default:dry_dirt	0
58	-2	-65	default:dry_dirt	0
59	-2	-65	default:dry_dirt	0
60	-2	-65	default:dry_dirt	0
61	-2	-65	default:dry_dirt	0
62	-2	-65	default:dry_dirt	0
63	-2	-65	default:desert_stone_block	0
64	-2	-65	default:dry_dirt	0
65	-2	-65	default:dry_dirt	0
66	-2	-65	default:stone	0
67	-2	-65	default:stone	0
68	-2	-65	default:stone	0
69	-2	-65	default:stone	0
70	-2	-65	default:stone	0
71	-2	-65	default:stone	0
72	-2	-65	default:stone	0
73	-2	-65	default:stone	0
74	-2	-65	default:stone	0
75	-2	-65	default:stone	0
76	-2	-65	default:stone	0
77	-2	-65	default:stone	0
78	-2	-65	default:stone	0
79	-2	-65	default:stone	0
80	-2	-65	default:stone	0
81	-2	-65	default:desert_stone_block	0
82	-2	-65	default:stone	0
83	-2	-65	default:stone	0
84	-2	-65	default:stone	0
85	-2	-65	default:stone	0
86	-2	-65	default:stone	0
87	-2	-65	default:stone	0
57	-1	-65	default:dry_dirt	0
58	-1	-65	default:dry_dirt	0
59	-1	-65	default:dry_dirt	0
60	-1	-65	default:dry_dirt	0
61	-1	-65	default:dry_dirt	0
62	-1	-65	default:dry_dirt	0
63	-1	-65	default:desert_stone_block	0
64	-1	-65	default:dry_dirt	0
65	-1	-65	default:dry_dirt	0
66	-1	-65	default:dry_dirt	0
67	-1	-65	default:dry_dirt	0
68	-1	-65	default:dry_dirt	0
69	-1	-65	default:dry_dirt	0
70	-1	-65	default:dry_dirt	0
71	-1	-65	default:stone	0
72	-1	-65	default:stone	0
73	-1	-65	default:stone	0
74	-1	-65	default:stone	0
75	-1	-65	default:stone	0
76	-1	-65	default:stone	0
77	-1	-65	default:stone	0
78	-1	-65	default:stone	0
79	-1	-65	default:stone	0
80	-1	-65	default:stone	0
81	-1	-65	default:desert_stone_block	0
82	-1	-65	default:stone	0
83	-1	-65	default:stone	0
84	-1	-65	default:stone	0
85	-1	-65	default:stone	0
86	-1	-65	default:stone	0
87	-1	-65	default:stone	0
57	0	-65	default:dry_dirt	0
58	0	-65	default:dry_dirt	0
59	0	-65	default:dry_dirt	0
60	0	-65	default:dry_dirt	0
61	0	-65	default:dry_dirt	0
62	0	-65	default:dry_dirt	0
63	0	-65	default:desert_stone_block	0
64	0	-65	default:dry_dirt	0
65	0	-65	default:dry_dirt	0
66	0	-65	default:dry_dirt	0
67	0	-65	default:dry_dirt	0
68	0	-65	default:dry_dirt	0
69	0	-65	default:dry_dirt	0
70	0	-65	default:dry_dirt	0
71	0	-65	default:stone	0
72	0	-65	default:stone	0
73	0	-65	default:stone	0
74	0	-65	default:stone	0
75	0	-65	default:stone	0
76	0	-65	default:stone	0
77	0	-65	default:stone	0
78	0	-65	default:stone	0
79	0	-65	default:stone	0
80	0	-65	default:stone	0
81	0	-65	default:desert_stone_block	0
82	0	-65	default:stone	0
83	0	-65	default:stone	0
84	0	-65	default:stone	0
85	0	-65	default:stone	0
86	0	-65	default:stone	0
87	0	-65	default:stone	0
57	1	-65	default:dry_dirt	0
58	1	-65	default:dry_dirt	0
59	1	-65	default:dry_dirt	0
60	1	-65	default:dry_dirt	0
61	1	-65	default:dry_dirt	0
62	1	-65	default:dry_dirt	0
63	1	-65	default:desert_stone_block	0
64	1	-65	default:dry_dirt	0
65	1	-65	default:dry_dirt	0
66	1	-65	default:dry_dirt	0
67	1	-65	default:dry_dirt	0
68	1	-65	default:dry_dirt	0
69	1	-65	default:dry_dirt	0
70	1	-65	default:dry_dirt	0
71	1	-65	default:dry_dirt	0
72	1	-65	default:dry_dirt	0
73	1	-65	default:dry_dirt	0
74	1	-65	default:dry_dirt	0
75	1	-65	default:dry_dirt	0
76	1	-65	default:dry_dirt	0
77	1	-65	default:dry_dirt	0
78	1	-65	default:dry_dirt	0
79	1	-65	default:dry_dirt	0
80	1	-65	default:dry_dirt	0
81	1	-65	default:desert_stone_block	0
82	1	-65	default:dry_dirt	0
83	1	-65	default:dry_dirt	0
84	1	-65	default:dry_dirt	0
85	1	-65	default:dry_dirt	0
86	1	-65	default:dry_dirt	0
87	1	-65	default:dry_dirt	0
57	2	-65	default:dry_dirt_with_dry_grass	0
58	2	-65	default:dry_dirt_with_dry_grass	0
59	2	-65	default:dry_dirt_with_dry_grass	0
60	2	-65	default:dry_dirt_with_dry_grass	0
61	2	-65	default:dry_dirt_with_dry_grass	0
62	2	-65	default:dry_dirt_with_dry_grass	0
63	2	-65	default:desert_stone_block	0
64	2	-65	default:dry_dirt_with_dry_grass	0
65	2	-65	default:dry_dirt_with_dry_grass	0
66	2	-65	default:dry_dirt	0
67	2	-65	default:dry_dirt	0
68	2	-65	default:dry_dirt	0
69	2	-65	default:dry_dirt	0
70	2	-65	default:dry_dirt	0
71	2	-65	default:dry_dirt	0
72	2	-65	default:dry_dirt	0
73	2	-65	default:dry_dirt	0
74	2	-65	default:dry_dirt	0
75	2	-65	default:dry_dirt	0
76	2	-65	default:dry_dirt	0
77	2	-65	default:dry_dirt	0
78	2	-65	default:dry_dirt	0
79	2	-65	default:dry_dirt	0
80	2	-65	default:dry_dirt	0
81	2	-65	default:desert_stone_block	0
82	2	-65	default:dry_dirt	0
83	2	-65	default:dry_dirt	0
84	2	-65	default:dry_dirt	0
85	2	-65	default:dry_dirt	0
86	2	-65	default:dry_dirt	0
87	2	-65	default:dry_dirt	0
63	3	-65	default:desert_stone_block	0
64	3	-65	default:dry_dirt	0
65	3	-65	default:dry_dirt	0
66	3	-65	default:dry_dirt	0
67	3	-65	default:dry_dirt	0
68	3	-65	default:dry_dirt	0
69	3	-65	default:dry_dirt	0
70	3	-65	default:dry_dirt	0
71	3	-65	default:dry_dirt	0
72	3	-65	default:dry_dirt	0
73	3	-65	default:dry_dirt	0
74	3	-65	default:dry_dirt	0
75	3	-65	default:dry_dirt	0
76	3	-65	default:dry_dirt	0
77	3	-65	default:dry_dirt	0
78	3	-65	default:dry_dirt	0
79	3	-65	default:dry_dirt	0
80	3	-65	default:dry_dirt	0
81	3	-65	default:desert_stone_block	0
82	3	-65	default:dry_dirt	0
83	3	-65	default:dry_dirt	0
84	3	-65	default:dry_dirt	0
85	3	-65	default:dry_dirt	0
86	3	-65	default:dry_dirt	0
87	3	-65	default:dry_dirt	0
63	4	-65	default:desert_stone_block	0
64	4	-65	default:dirt_with_dry_grass	0
65	4	-65	default:desert_cobble	0
66	4	-65	default:desert_stone_block	0
67	4	-65	default:acacia_wood	0
68	4	-65	default:acacia_wood	0
69	4	-65	default:acacia_wood	0
70	4	-65	default:acacia_wood	0
71	4	-65	default:acacia_wood	0
72	4	-65	wool:red	0
73	4	-65	default:acacia_wood	0
74	4	-65	default:acacia_wood	0
75	4	-65	default:acacia_wood	0
76	4	-65	default:acacia_wood	0
77	4	-65	default:acacia_wood	0
78	4	-65	default:desert_stone_block	0
79	4	-65	default:desert_cobble	0
80	4	-65	default:dirt_with_dry_grass	0
81	4	-65	default:desert_stone_block	0
82	4	-65	default:dry_dirt_with_dry_grass	0
83	4	-65	default:dry_dirt_with_dry_grass	0
84	4	-65	default:dry_dirt_with_dry_grass	0
85	4	-65	default:dry_dirt_with_dry_grass	0
86	4	-65	default:dry_dirt_with_dry_grass	0
87	4	-65	default:dry_dirt_with_dry_grass	0
66	5	-65	default:acacia_tree	0
70	5	-65	default:torch	1
71	5	-65	grug_decor:cottages_table	0
72	5	-65	grug_decor:cottages_table	0
73	5	-65	grug_decor:cottages_table	0
74	5	-65	default:torch	1
78	5	-65	default:acacia_tree	0
66	6	-65	default:acacia_tree	0
78	6	-65	default:acacia_tree	0
66	7	-65	default:acacia_tree	0
78	7	-65	default:acacia_tree	0
66	8	-65	default:acacia_tree	0
78	8	-65	default:acacia_tree	0
66	9	-65	default:acacia_tree	0
78	9	-65	default:acacia_tree	0
66	10	-65	default:acacia_tree	0
78	10	-65	default:acacia_tree	0
65	11	-65	stairs:stair_desert_stonebrick	1
66	11	-65	default:acacia_tree	0
78	11	-65	default:acacia_tree	0
79	11	-65	stairs:stair_desert_stonebrick	3
66	12	-65	stairs:stair_desert_stonebrick	1
78	12	-65	stairs:stair_desert_stonebrick	3
67	13	-65	stairs:stair_desert_stonebrick	1
77	13	-65	stairs:stair_desert_stonebrick	3
68	14	-65	stairs:stair_outer_desert_stonebrick	2
69	14	-65	stairs:stair_desert_stonebrick	2
70	14	-65	stairs:stair_desert_stonebrick	2
71	14	-65	stairs:stair_desert_stonebrick	2
72	14	-65	stairs:stair_desert_stonebrick	2
73	14	-65	stairs:stair_desert_stonebrick	2
74	14	-65	stairs:stair_desert_stonebrick	2
75	14	-65	stairs:stair_desert_stonebrick	2
76	14	-65	stairs:stair_outer_desert_stonebrick	3
57	-2	-64	default:dry_dirt	0
58	-2	-64	default:dry_dirt	0
59	-2	-64	default:dry_dirt	0
60	-2	-64	default:dry_dirt	0
61	-2	-64	default:dry_dirt	0
62	-2	-64	default:dry_dirt	0
63	-2	-64	default:desert_stone_block	0
64	-2	-64	default:dry_dirt	0
65	-2	-64	default:dry_dirt	0
66	-2	-64	default:stone	0
67	-2	-64	default:stone	0
68	-2	-64	default:stone	0
69	-2	-64	default:stone	0
70	-2	-64	default:stone	0
71	-2	-64	default:stone	0
72	-2	-64	default:stone	0
73	-2	-64	default:stone	0
74	-2	-64	default:stone	0
75	-2	-64	default:stone	0
76	-2	-64	default:stone	0
77	-2	-64	default:stone	0
78	-2	-64	default:stone	0
79	-2	-64	default:stone	0
80	-2	-64	default:stone	0
81	-2	-64	default:desert_stone_block	0
82	-2	-64	default:stone	0
83	-2	-64	default:stone	0
84	-2	-64	default:stone	0
85	-2	-64	default:stone	0
86	-2	-64	default:stone	0
87	-2	-64	default:stone	0
57	-1	-64	default:dry_dirt	0
58	-1	-64	default:dry_dirt	0
59	-1	-64	default:dry_dirt	0
60	-1	-64	default:dry_dirt	0
61	-1	-64	default:dry_dirt	0
62	-1	-64	default:dry_dirt	0
63	-1	-64	default:desert_stone_block	0
64	-1	-64	default:dry_dirt	0
65	-1	-64	default:dry_dirt	0
66	-1	-64	default:dry_dirt	0
67	-1	-64	default:dry_dirt	0
68	-1	-64	default:dry_dirt	0
69	-1	-64	default:stone	0
70	-1	-64	default:stone	0
71	-1	-64	default:stone	0
72	-1	-64	default:stone	0
73	-1	-64	default:stone	0
74	-1	-64	default:stone	0
75	-1	-64	default:stone	0
76	-1	-64	default:stone	0
77	-1	-64	default:stone	0
78	-1	-64	default:stone	0
79	-1	-64	default:stone	0
80	-1	-64	default:stone	0
81	-1	-64	default:desert_stone_block	0
82	-1	-64	default:stone	0
83	-1	-64	default:stone	0
84	-1	-64	default:stone	0
85	-1	-64	default:stone	0
86	-1	-64	default:stone	0
87	-1	-64	default:stone	0
57	0	-64	default:dry_dirt	0
58	0	-64	default:dry_dirt	0
59	0	-64	default:dry_dirt	0
60	0	-64	default:dry_dirt	0
61	0	-64	default:dry_dirt	0
62	0	-64	default:dry_dirt	0
63	0	-64	default:desert_stone_block	0
64	0	-64	default:dry_dirt	0
65	0	-64	default:dry_dirt	0
66	0	-64	default:dry_dirt	0
67	0	-64	default:dry_dirt	0
68	0	-64	default:dry_dirt	0
69	0	-64	default:dry_dirt	0
70	0	-64	default:dry_dirt	0
71	0	-64	default:stone	0
72	0	-64	default:stone	0
73	0	-64	default:stone	0
74	0	-64	default:stone	0
75	0	-64	default:stone	0
76	0	-64	default:stone	0
77	0	-64	default:stone	0
78	0	-64	default:stone	0
79	0	-64	default:stone	0
80	0	-64	default:stone	0
81	0	-64	default:desert_stone_block	0
82	0	-64	default:stone	0
83	0	-64	default:stone	0
84	0	-64	default:stone	0
85	0	-64	default:stone	0
86	0	-64	default:stone	0
87	0	-64	default:stone	0
57	1	-64	default:dry_dirt	0
58	1	-64	default:dry_dirt	0
59	1	-64	default:dry_dirt	0
60	1	-64	default:dry_dirt	0
61	1	-64	default:dry_dirt	0
62	1	-64	default:dry_dirt	0
63	1	-64	default:desert_stone_block	0
64	1	-64	default:dry_dirt	0
65	1	-64	default:dry_dirt	0
66	1	-64	default:dry_dirt	0
67	1	-64	default:dry_dirt	0
68	1	-64	default:dry_dirt	0
69	1	-64	default:dry_dirt	0
70	1	-64	default:dry_dirt	0
71	1	-64	default:dry_dirt	0
72	1	-64	default:dry_dirt	0
73	1	-64	default:dry_dirt	0
74	1	-64	default:dry_dirt	0
75	1	-64	default:dry_dirt	0
76	1	-64	default:dry_dirt	0
77	1	-64	default:dry_dirt	0
78	1	-64	default:dry_dirt	0
79	1	-64	default:dry_dirt	0
80	1	-64	default:dry_dirt	0
81	1	-64	default:desert_stone_block	0
82	1	-64	default:dry_dirt	0
83	1	-64	default:dry_dirt	0
84	1	-64	default:dry_dirt	0
85	1	-64	default:dry_dirt	0
86	1	-64	default:dry_dirt	0
87	1	-64	default:dry_dirt	0
57	2	-64	default:dry_dirt_with_dry_grass	0
58	2	-64	default:dry_dirt_with_dry_grass	0
59	2	-64	default:dry_dirt_with_dry_grass	0
60	2	-64	default:dry_dirt_with_dry_grass	0
61	2	-64	default:dry_dirt_with_dry_grass	0
62	2	-64	default:dry_dirt_with_dry_grass	0
63	2	-64	default:desert_stone_block	0
64	2	-64	default:dry_dirt_with_dry_grass	0
65	2	-64	default:dry_dirt_with_dry_grass	0
66	2	-64	default:dry_dirt	0
67	2	-64	default:dry_dirt	0
68	2	-64	default:dry_dirt	0
69	2	-64	default:dry_dirt	0
70	2	-64	default:dry_dirt	0
71	2	-64	default:dry_dirt	0
72	2	-64	default:dry_dirt	0
73	2	-64	default:dry_dirt	0
74	2	-64	default:dry_dirt	0
75	2	-64	default:dry_dirt	0
76	2	-64	default:dry_dirt	0
77	2	-64	default:dry_dirt	0
78	2	-64	default:dry_dirt	0
79	2	-64	default:dry_dirt	0
80	2	-64	default:dry_dirt	0
81	2	-64	default:desert_stone_block	0
82	2	-64	default:dry_dirt	0
83	2	-64	default:dry_dirt	0
84	2	-64	default:dry_dirt	0
85	2	-64	default:dry_dirt	0
86	2	-64	default:dry_dirt	0
87	2	-64	default:dry_dirt	0
63	3	-64	default:desert_stone_block	0
64	3	-64	default:dry_dirt	0
65	3	-64	default:dry_dirt	0
66	3	-64	default:dry_dirt	0
67	3	-64	default:dry_dirt	0
68	3	-64	default:dry_dirt	0
69	3	-64	default:dry_dirt	0
70	3	-64	default:dry_dirt	0
71	3	-64	default:dry_dirt	0
72	3	-64	default:dry_dirt	0
73	3	-64	default:dry_dirt	0
74	3	-64	default:dry_dirt	0
75	3	-64	default:dry_dirt	0
76	3	-64	default:dry_dirt	0
77	3	-64	default:dry_dirt	0
78	3	-64	default:dry_dirt	0
79	3	-64	default:dry_dirt	0
80	3	-64	default:dry_dirt	0
81	3	-64	default:desert_stone_block	0
82	3	-64	default:dry_dirt	0
83	3	-64	default:dry_dirt	0
84	3	-64	default:dry_dirt	0
85	3	-64	default:dry_dirt	0
86	3	-64	default:dry_dirt	0
87	3	-64	default:dry_dirt	0
63	4	-64	default:desert_stone_block	0
64	4	-64	default:dirt_with_dry_grass	0
65	4	-64	default:desert_cobble	0
66	4	-64	default:desert_stone_block	0
67	4	-64	default:acacia_wood	0
68	4	-64	default:acacia_wood	0
69	4	-64	default:acacia_wood	0
70	4	-64	default:acacia_wood	0
71	4	-64	default:acacia_wood	0
72	4	-64	default:acacia_wood	0
73	4	-64	default:acacia_wood	0
74	4	-64	default:acacia_wood	0
75	4	-64	default:acacia_wood	0
76	4	-64	default:acacia_wood	0
77	4	-64	default:acacia_wood	0
78	4	-64	default:desert_stone_block	0
79	4	-64	default:desert_cobble	0
80	4	-64	default:dirt_with_dry_grass	0
81	4	-64	default:desert_stone_block	0
82	4	-64	default:dry_dirt_with_dry_grass	0
83	4	-64	default:dry_dirt_with_dry_grass	0
84	4	-64	default:dry_dirt_with_dry_grass	0
85	4	-64	default:dry_dirt_with_dry_grass	0
86	4	-64	default:dry_dirt_with_dry_grass	0
87	4	-64	default:dry_dirt_with_dry_grass	0
66	5	-64	default:desert_stonebrick	0
78	5	-64	default:desert_stonebrick	0
66	6	-64	grug_decor:darkage_adobe	0
78	6	-64	grug_decor:darkage_adobe	0
66	7	-64	grug_decor:darkage_adobe	0
78	7	-64	grug_decor:darkage_adobe	0
66	8	-64	grug_decor:darkage_adobe	0
78	8	-64	grug_decor:darkage_adobe	0
66	9	-64	grug_decor:darkage_adobe	0
78	9	-64	grug_decor:darkage_adobe	0
66	10	-64	grug_decor:darkage_adobe	0
78	10	-64	grug_decor:darkage_adobe	0
65	11	-64	stairs:stair_desert_stonebrick	1
66	11	-64	grug_decor:darkage_adobe	0
78	11	-64	grug_decor:darkage_adobe	0
79	11	-64	stairs:stair_desert_stonebrick	3
66	12	-64	stairs:stair_desert_stonebrick	1
78	12	-64	stairs:stair_desert_stonebrick	3
67	13	-64	stairs:stair_outer_desert_stonebrick	2
68	13	-64	stairs:stair_desert_stonebrick	2
69	13	-64	stairs:stair_desert_stonebrick	2
70	13	-64	stairs:stair_desert_stonebrick	2
71	13	-64	stairs:stair_desert_stonebrick	2
72	13	-64	stairs:stair_desert_stonebrick	2
73	13	-64	stairs:stair_desert_stonebrick	2
74	13	-64	stairs:stair_desert_stonebrick	2
75	13	-64	stairs:stair_desert_stonebrick	2
76	13	-64	stairs:stair_desert_stonebrick	2
77	13	-64	stairs:stair_outer_desert_stonebrick	3
57	-2	-63	default:dry_dirt	0
58	-2	-63	default:dry_dirt	0
59	-2	-63	default:dry_dirt	0
60	-2	-63	default:dry_dirt	0
61	-2	-63	default:dry_dirt	0
62	-2	-63	default:dry_dirt	0
63	-2	-63	default:desert_stone_block	0
64	-2	-63	default:dry_dirt	0
65	-2	-63	default:dry_dirt	0
66	-2	-63	default:stone	0
67	-2	-63	default:stone	0
68	-2	-63	default:stone	0
69	-2	-63	default:stone	0
70	-2	-63	default:stone	0
71	-2	-63	default:stone	0
72	-2	-63	default:stone	0
73	-2	-63	default:stone	0
74	-2	-63	default:stone	0
75	-2	-63	default:stone	0
76	-2	-63	default:stone	0
77	-2	-63	default:stone	0
78	-2	-63	default:stone	0
79	-2	-63	default:stone	0
80	-2	-63	default:stone	0
81	-2	-63	default:desert_stone_block	0
82	-2	-63	default:stone	0
83	-2	-63	default:stone	0
84	-2	-63	default:stone	0
85	-2	-63	default:stone	0
86	-2	-63	default:stone	0
87	-2	-63	default:stone	0
57	-1	-63	default:dry_dirt	0
58	-1	-63	default:dry_dirt	0
59	-1	-63	default:dry_dirt	0
60	-1	-63	default:dry_dirt	0
61	-1	-63	default:dry_dirt	0
62	-1	-63	default:dry_dirt	0
63	-1	-63	default:desert_stone_block	0
64	-1	-63	default:dry_dirt	0
65	-1	-63	default:dry_dirt	0
66	-1	-63	default:dry_dirt	0
67	-1	-63	default:stone	0
68	-1	-63	default:stone	0
69	-1	-63	default:stone	0
70	-1	-63	default:stone	0
71	-1	-63	default:stone	0
72	-1	-63	default:stone	0
73	-1	-63	default:stone	0
74	-1	-63	default:stone	0
75	-1	-63	default:stone	0
76	-1	-63	default:stone	0
77	-1	-63	default:stone	0
78	-1	-63	default:stone	0
79	-1	-63	default:stone	0
80	-1	-63	default:stone	0
81	-1	-63	default:desert_stone_block	0
82	-1	-63	default:stone	0
83	-1	-63	default:stone	0
84	-1	-63	default:stone	0
85	-1	-63	default:stone	0
86	-1	-63	default:stone	0
87	-1	-63	default:stone	0
57	0	-63	default:dry_dirt	0
58	0	-63	default:dry_dirt	0
59	0	-63	default:dry_dirt	0
60	0	-63	default:dry_dirt	0
61	0	-63	default:dry_dirt	0
62	0	-63	default:dry_dirt	0
63	0	-63	default:desert_stone_block	0
64	0	-63	default:dry_dirt	0
65	0	-63	default:dry_dirt	0
66	0	-63	default:dry_dirt	0
67	0	-63	default:dry_dirt	0
68	0	-63	default:dry_dirt	0
69	0	-63	default:dry_dirt	0
70	0	-63	default:dry_dirt	0
71	0	-63	default:stone	0
72	0	-63	default:stone	0
73	0	-63	default:stone	0
74	0	-63	default:stone	0
75	0	-63	default:stone	0
76	0	-63	default:stone	0
77	0	-63	default:stone	0
78	0	-63	default:stone	0
79	0	-63	default:stone	0
80	0	-63	default:stone	0
81	0	-63	default:desert_stone_block	0
82	0	-63	default:stone	0
83	0	-63	default:stone	0
84	0	-63	default:stone	0
85	0	-63	default:stone	0
86	0	-63	default:stone	0
87	0	-63	default:stone	0
57	1	-63	default:dry_dirt	0
58	1	-63	default:dry_dirt	0
59	1	-63	default:dry_dirt	0
60	1	-63	default:dry_dirt	0
61	1	-63	default:dry_dirt	0
62	1	-63	default:dry_dirt	0
63	1	-63	default:desert_stone_block	0
64	1	-63	default:dry_dirt	0
65	1	-63	default:dry_dirt	0
66	1	-63	default:dry_dirt	0
67	1	-63	default:dry_dirt	0
68	1	-63	default:dry_dirt	0
69	1	-63	default:dry_dirt	0
70	1	-63	default:dry_dirt	0
71	1	-63	default:dry_dirt	0
72	1	-63	default:dry_dirt	0
73	1	-63	default:dry_dirt	0
74	1	-63	default:dry_dirt	0
75	1	-63	default:dry_dirt	0
76	1	-63	default:dry_dirt	0
77	1	-63	default:dry_dirt	0
78	1	-63	default:dry_dirt	0
79	1	-63	default:dry_dirt	0
80	1	-63	default:dry_dirt	0
81	1	-63	default:desert_stone_block	0
82	1	-63	default:dry_dirt	0
83	1	-63	default:dry_dirt	0
84	1	-63	default:dry_dirt	0
85	1	-63	default:dry_dirt	0
86	1	-63	default:dry_dirt	0
87	1	-63	default:dry_dirt	0
57	2	-63	default:dry_dirt_with_dry_grass	0
58	2	-63	default:dry_dirt_with_dry_grass	0
59	2	-63	default:dry_dirt_with_dry_grass	0
60	2	-63	default:dry_dirt_with_dry_grass	0
61	2	-63	default:dry_dirt_with_dry_grass	0
62	2	-63	default:dry_dirt_with_dry_grass	0
63	2	-63	default:desert_stone_block	0
64	2	-63	default:dry_dirt_with_dry_grass	0
65	2	-63	default:dry_dirt_with_dry_grass	0
66	2	-63	default:dry_dirt	0
67	2	-63	default:dry_dirt	0
68	2	-63	default:dry_dirt	0
69	2	-63	default:dry_dirt	0
70	2	-63	default:dry_dirt	0
71	2	-63	default:dry_dirt	0
72	2	-63	default:dry_dirt	0
73	2	-63	default:dry_dirt	0
74	2	-63	default:dry_dirt	0
75	2	-63	default:dry_dirt	0
76	2	-63	default:dry_dirt	0
77	2	-63	default:dry_dirt	0
78	2	-63	default:dry_dirt	0
79	2	-63	default:dry_dirt	0
80	2	-63	default:dry_dirt	0
81	2	-63	default:desert_stone_block	0
82	2	-63	default:dry_dirt	0
83	2	-63	default:dry_dirt	0
84	2	-63	default:dry_dirt	0
85	2	-63	default:dry_dirt	0
86	2	-63	default:dry_dirt	0
87	2	-63	default:dry_dirt	0
63	3	-63	default:desert_stone_block	0
64	3	-63	default:dry_dirt	0
65	3	-63	default:dry_dirt	0
66	3	-63	default:dry_dirt	0
67	3	-63	default:dry_dirt	0
68	3	-63	default:dry_dirt	0
69	3	-63	default:dry_dirt	0
70	3	-63	default:dry_dirt	0
71	3	-63	default:dry_dirt	0
72	3	-63	default:dry_dirt	0
73	3	-63	default:dry_dirt	0
74	3	-63	default:dry_dirt	0
75	3	-63	default:dry_dirt	0
76	3	-63	default:dry_dirt	0
77	3	-63	default:dry_dirt	0
78	3	-63	default:dry_dirt	0
79	3	-63	default:dry_dirt	0
80	3	-63	default:dry_dirt	0
81	3	-63	default:desert_stone_block	0
82	3	-63	default:dry_dirt	0
83	3	-63	default:dry_dirt	0
84	3	-63	default:dry_dirt	0
85	3	-63	default:dry_dirt	0
86	3	-63	default:dry_dirt	0
87	3	-63	default:dry_dirt	0
63	4	-63	default:desert_stone_block	0
64	4	-63	default:dirt_with_dry_grass	0
65	4	-63	default:desert_cobble	0
66	4	-63	default:desert_stone_block	0
67	4	-63	default:desert_stone_block	0
68	4	-63	default:desert_stone_block	0
69	4	-63	default:desert_stone_block	0
70	4	-63	default:desert_stone_block	0
71	4	-63	default:desert_stone_block	0
72	4	-63	default:desert_stone_block	0
73	4	-63	default:desert_stone_block	0
74	4	-63	default:desert_stone_block	0
75	4	-63	default:desert_stone_block	0
76	4	-63	default:desert_stone_block	0
77	4	-63	default:desert_stone_block	0
78	4	-63	default:desert_stone_block	0
79	4	-63	default:desert_cobble	0
80	4	-63	default:dirt_with_dry_grass	0
81	4	-63	default:desert_stone_block	0
82	4	-63	default:dry_dirt_with_dry_grass	0
83	4	-63	default:dry_dirt_with_dry_grass	0
84	4	-63	default:dry_dirt_with_dry_grass	0
85	4	-63	default:dry_dirt_with_dry_grass	0
86	4	-63	default:dry_dirt_with_dry_grass	0
87	4	-63	default:dry_dirt_with_dry_grass	0
66	5	-63	default:acacia_tree	0
67	5	-63	default:acacia_tree	0
68	5	-63	default:desert_stonebrick	0
69	5	-63	default:desert_stonebrick	0
70	5	-63	default:acacia_tree	0
71	5	-63	default:acacia_tree	0
72	5	-63	default:desert_stonebrick	0
73	5	-63	default:desert_stonebrick	0
74	5	-63	default:acacia_tree	0
75	5	-63	default:acacia_tree	0
76	5	-63	default:desert_stonebrick	0
77	5	-63	default:desert_stonebrick	0
78	5	-63	default:acacia_tree	0
66	6	-63	default:acacia_tree	0
67	6	-63	default:acacia_tree	0
68	6	-63	xpanes:bar_flat	0
69	6	-63	xpanes:bar_flat	0
70	6	-63	default:acacia_tree	0
71	6	-63	default:acacia_tree	0
72	6	-63	xpanes:bar_flat	0
73	6	-63	xpanes:bar_flat	0
74	6	-63	default:acacia_tree	0
75	6	-63	default:acacia_tree	0
76	6	-63	xpanes:bar_flat	0
77	6	-63	xpanes:bar_flat	0
78	6	-63	default:acacia_tree	0
66	7	-63	default:acacia_tree	0
67	7	-63	default:acacia_tree	0
68	7	-63	xpanes:bar_flat	0
69	7	-63	xpanes:bar_flat	0
70	7	-63	default:acacia_tree	0
71	7	-63	default:acacia_tree	0
72	7	-63	xpanes:bar_flat	0
73	7	-63	xpanes:bar_flat	0
74	7	-63	default:acacia_tree	0
75	7	-63	default:acacia_tree	0
76	7	-63	xpanes:bar_flat	0
77	7	-63	xpanes:bar_flat	0
78	7	-63	default:acacia_tree	0
66	8	-63	default:acacia_tree	0
67	8	-63	default:acacia_tree	0
68	8	-63	grug_decor:darkage_adobe	0
69	8	-63	default:acacia_tree	0
70	8	-63	default:acacia_tree	0
71	8	-63	default:acacia_tree	0
72	8	-63	default:acacia_tree	0
73	8	-63	grug_decor:darkage_adobe	0
74	8	-63	default:acacia_tree	0
75	8	-63	default:acacia_tree	0
76	8	-63	grug_decor:darkage_adobe	0
77	8	-63	grug_decor:darkage_adobe	0
78	8	-63	default:acacia_tree	0
66	9	-63	default:acacia_tree	0
67	9	-63	default:acacia_tree	0
68	9	-63	grug_decor:darkage_adobe	0
69	9	-63	default:acacia_tree	0
70	9	-63	default:acacia_tree	0
71	9	-63	default:acacia_tree	0
72	9	-63	default:acacia_tree	0
73	9	-63	grug_decor:darkage_adobe	0
74	9	-63	default:acacia_tree	0
75	9	-63	default:acacia_tree	0
76	9	-63	grug_decor:darkage_adobe	0
77	9	-63	grug_decor:darkage_adobe	0
78	9	-63	default:acacia_tree	0
66	10	-63	default:acacia_tree	0
67	10	-63	default:acacia_tree	0
68	10	-63	grug_decor:darkage_adobe	0
69	10	-63	default:acacia_tree	0
70	10	-63	default:acacia_tree	0
71	10	-63	default:acacia_tree	0
72	10	-63	default:acacia_tree	0
73	10	-63	grug_decor:darkage_adobe	0
74	10	-63	default:acacia_tree	0
75	10	-63	default:acacia_tree	0
76	10	-63	grug_decor:darkage_adobe	0
77	10	-63	grug_decor:darkage_adobe	0
78	10	-63	default:acacia_tree	0
65	11	-63	stairs:stair_desert_stonebrick	1
66	11	-63	default:acacia_tree	0
67	11	-63	default:acacia_tree	0
68	11	-63	grug_decor:darkage_adobe	0
69	11	-63	default:acacia_tree	0
70	11	-63	default:acacia_tree	0
71	11	-63	default:acacia_tree	0
72	11	-63	default:acacia_tree	0
73	11	-63	grug_decor:darkage_adobe	0
74	11	-63	default:acacia_tree	0
75	11	-63	default:acacia_tree	0
76	11	-63	grug_decor:darkage_adobe	0
77	11	-63	grug_decor:darkage_adobe	0
78	11	-63	default:acacia_tree	0
79	11	-63	stairs:stair_desert_stonebrick	3
66	12	-63	stairs:stair_outer_desert_stonebrick	2
67	12	-63	stairs:stair_desert_stonebrick	2
68	12	-63	stairs:stair_desert_stonebrick	2
69	12	-63	stairs:stair_desert_stonebrick	2
70	12	-63	stairs:stair_desert_stonebrick	2
71	12	-63	stairs:stair_desert_stonebrick	2
72	12	-63	stairs:stair_desert_stonebrick	2
73	12	-63	stairs:stair_desert_stonebrick	2
74	12	-63	stairs:stair_desert_stonebrick	2
75	12	-63	stairs:stair_desert_stonebrick	2
76	12	-63	stairs:stair_desert_stonebrick	2
77	12	-63	stairs:stair_desert_stonebrick	2
78	12	-63	stairs:stair_outer_desert_stonebrick	3
57	-2	-62	default:dry_dirt	0
58	-2	-62	default:stone	0
59	-2	-62	default:stone	0
60	-2	-62	default:stone	0
61	-2	-62	default:stone	0
62	-2	-62	default:stone	0
63	-2	-62	default:desert_stone_block	0
64	-2	-62	default:stone	0
65	-2	-62	default:stone	0
66	-2	-62	default:stone	0
67	-2	-62	default:stone	0
68	-2	-62	default:stone	0
69	-2	-62	default:stone	0
70	-2	-62	default:stone	0
71	-2	-62	default:stone	0
72	-2	-62	default:stone	0
73	-2	-62	default:stone	0
74	-2	-62	default:stone	0
75	-2	-62	default:stone	0
76	-2	-62	default:stone	0
77	-2	-62	default:stone	0
78	-2	-62	default:stone	0
79	-2	-62	default:stone	0
80	-2	-62	default:stone	0
81	-2	-62	default:desert_stone_block	0
82	-2	-62	default:stone	0
83	-2	-62	default:stone	0
84	-2	-62	default:stone	0
85	-2	-62	default:stone	0
86	-2	-62	default:stone	0
87	-2	-62	default:stone	0
57	-1	-62	default:dry_dirt	0
58	-1	-62	default:dry_dirt	0
59	-1	-62	default:dry_dirt	0
60	-1	-62	default:dry_dirt	0
61	-1	-62	default:dry_dirt	0
62	-1	-62	default:dry_dirt	0
63	-1	-62	default:desert_stone_block	0
64	-1	-62	default:dry_dirt	0
65	-1	-62	default:dry_dirt	0
66	-1	-62	default:stone	0
67	-1	-62	default:stone	0
68	-1	-62	default:stone	0
69	-1	-62	default:stone	0
70	-1	-62	default:stone	0
71	-1	-62	default:stone	0
72	-1	-62	default:stone	0
73	-1	-62	default:stone	0
74	-1	-62	default:stone	0
75	-1	-62	default:stone	0
76	-1	-62	default:stone	0
77	-1	-62	default:stone	0
78	-1	-62	default:stone	0
79	-1	-62	default:stone	0
80	-1	-62	default:stone	0
81	-1	-62	default:desert_stone_block	0
82	-1	-62	default:stone	0
83	-1	-62	default:stone	0
84	-1	-62	default:stone	0
85	-1	-62	default:stone	0
86	-1	-62	default:stone	0
87	-1	-62	default:stone	0
57	0	-62	default:dry_dirt	0
58	0	-62	default:dry_dirt	0
59	0	-62	default:dry_dirt	0
60	0	-62	default:dry_dirt	0
61	0	-62	default:dry_dirt	0
62	0	-62	default:dry_dirt	0
63	0	-62	default:desert_stone_block	0
64	0	-62	default:dry_dirt	0
65	0	-62	default:dry_dirt	0
66	0	-62	default:dry_dirt	0
67	0	-62	default:dry_dirt	0
68	0	-62	default:dry_dirt	0
69	0	-62	default:dry_dirt	0
70	0	-62	default:dry_dirt	0
71	0	-62	default:stone	0
72	0	-62	default:stone	0
73	0	-62	default:stone	0
74	0	-62	default:stone	0
75	0	-62	default:stone	0
76	0	-62	default:stone	0
77	0	-62	default:stone	0
78	0	-62	default:stone	0
79	0	-62	default:stone	0
80	0	-62	default:stone	0
81	0	-62	default:desert_stone_block	0
82	0	-62	default:stone	0
83	0	-62	default:stone	0
84	0	-62	default:stone	0
85	0	-62	default:stone	0
86	0	-62	default:stone	0
87	0	-62	default:stone	0
57	1	-62	default:dry_dirt	0
58	1	-62	default:dry_dirt	0
59	1	-62	default:dry_dirt	0
60	1	-62	default:dry_dirt	0
61	1	-62	default:dry_dirt	0
62	1	-62	default:dry_dirt	0
63	1	-62	default:desert_stone_block	0
64	1	-62	default:dry_dirt	0
65	1	-62	default:dry_dirt	0
66	1	-62	default:dry_dirt	0
67	1	-62	default:dry_dirt	0
68	1	-62	default:dry_dirt	0
69	1	-62	default:dry_dirt	0
70	1	-62	default:dry_dirt	0
71	1	-62	default:dry_dirt	0
72	1	-62	default:dry_dirt	0
73	1	-62	default:dry_dirt	0
74	1	-62	default:dry_dirt	0
75	1	-62	default:dry_dirt	0
76	1	-62	default:dry_dirt	0
77	1	-62	default:dry_dirt	0
78	1	-62	default:dry_dirt	0
79	1	-62	default:dry_dirt	0
80	1	-62	default:dry_dirt	0
81	1	-62	default:desert_stone_block	0
82	1	-62	default:dry_dirt	0
83	1	-62	default:dry_dirt	0
84	1	-62	default:dry_dirt	0
85	1	-62	default:dry_dirt	0
86	1	-62	default:dry_dirt	0
87	1	-62	default:dry_dirt	0
57	2	-62	default:dry_dirt_with_dry_grass	0
58	2	-62	default:dry_dirt_with_dry_grass	0
59	2	-62	default:dry_dirt_with_dry_grass	0
60	2	-62	default:dry_dirt_with_dry_grass	0
61	2	-62	default:dry_dirt_with_dry_grass	0
62	2	-62	default:dry_dirt_with_dry_grass	0
63	2	-62	default:desert_stone_block	0
64	2	-62	default:dry_dirt_with_dry_grass	0
65	2	-62	default:dry_dirt_with_dry_grass	0
66	2	-62	default:dry_dirt	0
67	2	-62	default:dry_dirt	0
68	2	-62	default:dry_dirt	0
69	2	-62	default:dry_dirt	0
70	2	-62	default:dry_dirt	0
71	2	-62	default:dry_dirt	0
72	2	-62	default:dry_dirt	0
73	2	-62	default:dry_dirt	0
74	2	-62	default:dry_dirt	0
75	2	-62	default:dry_dirt	0
76	2	-62	default:dry_dirt	0
77	2	-62	default:dry_dirt	0
78	2	-62	default:dry_dirt	0
79	2	-62	default:dry_dirt	0
80	2	-62	default:dry_dirt	0
81	2	-62	default:desert_stone_block	0
82	2	-62	default:dry_dirt	0
83	2	-62	default:dry_dirt	0
84	2	-62	default:dry_dirt	0
85	2	-62	default:dry_dirt	0
86	2	-62	default:dry_dirt	0
87	2	-62	default:dry_dirt	0
63	3	-62	default:desert_stone_block	0
64	3	-62	default:dry_dirt	0
65	3	-62	default:dry_dirt	0
66	3	-62	default:dry_dirt	0
67	3	-62	default:dry_dirt	0
68	3	-62	default:dry_dirt	0
69	3	-62	default:dry_dirt	0
70	3	-62	default:dry_dirt	0
71	3	-62	default:dry_dirt	0
72	3	-62	default:dry_dirt	0
73	3	-62	default:dry_dirt	0
74	3	-62	default:dry_dirt	0
75	3	-62	default:dry_dirt	0
76	3	-62	default:dry_dirt	0
77	3	-62	default:dry_dirt	0
78	3	-62	default:dry_dirt	0
79	3	-62	default:dry_dirt	0
80	3	-62	default:dry_dirt	0
81	3	-62	default:desert_stone_block	0
82	3	-62	default:dry_dirt	0
83	3	-62	default:dry_dirt	0
84	3	-62	default:dry_dirt	0
85	3	-62	default:dry_dirt	0
86	3	-62	default:dry_dirt	0
87	3	-62	default:dry_dirt	0
63	4	-62	default:desert_stone_block	0
64	4	-62	default:dirt_with_dry_grass	0
65	4	-62	default:desert_cobble	0
66	4	-62	default:desert_cobble	0
67	4	-62	default:desert_cobble	0
68	4	-62	default:desert_cobble	0
69	4	-62	default:desert_cobble	0
70	4	-62	default:desert_cobble	0
71	4	-62	default:desert_cobble	0
72	4	-62	default:desert_cobble	0
73	4	-62	default:desert_cobble	0
74	4	-62	default:desert_cobble	0
75	4	-62	default:desert_cobble	0
76	4	-62	default:desert_cobble	0
77	4	-62	default:desert_cobble	0
78	4	-62	default:desert_cobble	0
79	4	-62	default:desert_cobble	0
80	4	-62	default:dirt_with_dry_grass	0
81	4	-62	default:desert_stone_block	0
82	4	-62	default:dry_dirt_with_dry_grass	0
83	4	-62	default:dry_dirt_with_dry_grass	0
84	4	-62	default:dry_dirt_with_dry_grass	0
85	4	-62	default:dry_dirt_with_dry_grass	0
86	4	-62	default:dry_dirt_with_dry_grass	0
87	4	-62	default:dry_dirt_with_dry_grass	0
65	11	-62	stairs:stair_outer_desert_stonebrick	2
66	11	-62	stairs:stair_desert_stonebrick	2
67	11	-62	stairs:stair_desert_stonebrick	2
68	11	-62	stairs:stair_desert_stonebrick	2
69	11	-62	stairs:stair_desert_stonebrick	2
70	11	-62	stairs:stair_desert_stonebrick	2
71	11	-62	stairs:stair_desert_stonebrick	2
72	11	-62	stairs:stair_desert_stonebrick	2
73	11	-62	stairs:stair_desert_stonebrick	2
74	11	-62	stairs:stair_desert_stonebrick	2
75	11	-62	stairs:stair_desert_stonebrick	2
76	11	-62	stairs:stair_desert_stonebrick	2
77	11	-62	stairs:stair_desert_stonebrick	2
78	11	-62	stairs:stair_desert_stonebrick	2
79	11	-62	stairs:stair_outer_desert_stonebrick	3
57	-2	-61	default:dry_dirt	0
58	-2	-61	default:dry_dirt	0
59	-2	-61	default:dry_dirt	0
60	-2	-61	default:dry_dirt	0
61	-2	-61	default:stone	0
62	-2	-61	default:stone	0
63	-2	-61	default:desert_stone_block	0
64	-2	-61	default:stone	0
65	-2	-61	default:stone	0
66	-2	-61	default:stone	0
67	-2	-61	default:stone	0
68	-2	-61	default:stone	0
69	-2	-61	default:stone	0
70	-2	-61	default:stone	0
71	-2	-61	default:stone	0
72	-2	-61	default:stone	0
73	-2	-61	default:stone	0
74	-2	-61	default:stone	0
75	-2	-61	default:stone	0
76	-2	-61	default:stone	0
77	-2	-61	default:stone	0
78	-2	-61	default:stone	0
79	-2	-61	default:stone	0
80	-2	-61	default:stone	0
81	-2	-61	default:desert_stone_block	0
82	-2	-61	default:stone	0
83	-2	-61	default:stone	0
84	-2	-61	default:stone	0
85	-2	-61	default:stone	0
86	-2	-61	default:stone	0
87	-2	-61	default:stone	0
57	-1	-61	default:dry_dirt	0
58	-1	-61	default:dry_dirt	0
59	-1	-61	default:dry_dirt	0
60	-1	-61	default:dry_dirt	0
61	-1	-61	default:dry_dirt	0
62	-1	-61	default:dry_dirt	0
63	-1	-61	default:desert_stone_block	0
64	-1	-61	default:dry_dirt	0
65	-1	-61	default:dry_dirt	0
66	-1	-61	default:stone	0
67	-1	-61	default:stone	0
68	-1	-61	default:stone	0
69	-1	-61	default:stone	0
70	-1	-61	default:stone	0
71	-1	-61	default:stone	0
72	-1	-61	default:stone	0
73	-1	-61	default:stone	0
74	-1	-61	default:stone	0
75	-1	-61	default:stone	0
76	-1	-61	default:stone	0
77	-1	-61	default:stone	0
78	-1	-61	default:stone	0
79	-1	-61	default:stone	0
80	-1	-61	default:stone	0
81	-1	-61	default:desert_stone_block	0
82	-1	-61	default:stone	0
83	-1	-61	default:stone	0
84	-1	-61	default:stone	0
85	-1	-61	default:stone	0
86	-1	-61	default:stone	0
87	-1	-61	default:stone	0
57	0	-61	default:dry_dirt	0
58	0	-61	default:dry_dirt	0
59	0	-61	default:dry_dirt	0
60	0	-61	default:dry_dirt	0
61	0	-61	default:dry_dirt	0
62	0	-61	default:dry_dirt	0
63	0	-61	default:desert_stone_block	0
64	0	-61	default:dry_dirt	0
65	0	-61	default:dry_dirt	0
66	0	-61	default:dry_dirt	0
67	0	-61	default:dry_dirt	0
68	0	-61	default:dry_dirt	0
69	0	-61	default:dry_dirt	0
70	0	-61	default:dry_dirt	0
71	0	-61	default:stone	0
72	0	-61	default:stone	0
73	0	-61	default:stone	0
74	0	-61	default:stone	0
75	0	-61	default:stone	0
76	0	-61	default:stone	0
77	0	-61	default:stone	0
78	0	-61	default:stone	0
79	0	-61	default:stone	0
80	0	-61	default:stone	0
81	0	-61	default:desert_stone_block	0
82	0	-61	default:stone	0
83	0	-61	default:stone	0
84	0	-61	default:stone	0
85	0	-61	default:stone	0
86	0	-61	default:stone	0
87	0	-61	default:stone	0
57	1	-61	default:dry_dirt_with_dry_grass	0
58	1	-61	default:dry_dirt_with_dry_grass	0
59	1	-61	default:dry_dirt_with_dry_grass	0
60	1	-61	default:dry_dirt_with_dry_grass	0
61	1	-61	default:dry_dirt	0
62	1	-61	default:dry_dirt	0
63	1	-61	default:desert_stone_block	0
64	1	-61	default:dry_dirt	0
65	1	-61	default:dry_dirt	0
66	1	-61	default:dry_dirt	0
67	1	-61	default:dry_dirt	0
68	1	-61	default:dry_dirt	0
69	1	-61	default:dry_dirt	0
70	1	-61	default:dry_dirt	0
71	1	-61	default:dry_dirt	0
72	1	-61	default:dry_dirt	0
73	1	-61	default:dry_dirt	0
74	1	-61	default:dry_dirt	0
75	1	-61	default:dry_dirt	0
76	1	-61	default:dry_dirt	0
77	1	-61	default:dry_dirt	0
78	1	-61	default:dry_dirt	0
79	1	-61	default:dry_dirt	0
80	1	-61	default:dry_dirt	0
81	1	-61	default:desert_stone_block	0
82	1	-61	default:dry_dirt	0
83	1	-61	default:dry_dirt	0
84	1	-61	default:dry_dirt	0
85	1	-61	default:dry_dirt	0
86	1	-61	default:dry_dirt	0
87	1	-61	default:dry_dirt	0
61	2	-61	default:dry_dirt_with_dry_grass	0
62	2	-61	default:dry_dirt_with_dry_grass	0
63	2	-61	default:desert_stone_block	0
64	2	-61	default:dry_dirt_with_dry_grass	0
65	2	-61	default:dry_dirt_with_dry_grass	0
66	2	-61	default:dry_dirt	0
67	2	-61	default:dry_dirt	0
68	2	-61	default:dry_dirt	0
69	2	-61	default:dry_dirt	0
70	2	-61	default:dry_dirt	0
71	2	-61	default:dry_dirt	0
72	2	-61	default:dry_dirt	0
73	2	-61	default:dry_dirt	0
74	2	-61	default:dry_dirt	0
75	2	-61	default:dry_dirt	0
76	2	-61	default:dry_dirt	0
77	2	-61	default:dry_dirt	0
78	2	-61	default:dry_dirt	0
79	2	-61	default:dry_dirt	0
80	2	-61	default:dry_dirt	0
81	2	-61	default:desert_stone_block	0
82	2	-61	default:dry_dirt	0
83	2	-61	default:dry_dirt	0
84	2	-61	default:dry_dirt	0
85	2	-61	default:dry_dirt	0
86	2	-61	default:dry_dirt	0
87	2	-61	default:dry_dirt	0
63	3	-61	default:desert_stone_block	0
64	3	-61	default:dry_dirt	0
65	3	-61	default:dry_dirt	0
66	3	-61	default:dry_dirt	0
67	3	-61	default:dry_dirt	0
68	3	-61	default:dry_dirt	0
69	3	-61	default:dry_dirt	0
70	3	-61	default:dry_dirt	0
71	3	-61	default:dry_dirt	0
72	3	-61	default:dry_dirt	0
73	3	-61	default:dry_dirt	0
74	3	-61	default:dry_dirt	0
75	3	-61	default:dry_dirt	0
76	3	-61	default:dry_dirt	0
77	3	-61	default:dry_dirt	0
78	3	-61	default:dry_dirt	0
79	3	-61	default:dry_dirt	0
80	3	-61	default:dry_dirt	0
81	3	-61	default:desert_stone_block	0
82	3	-61	default:dry_dirt	0
83	3	-61	default:dry_dirt	0
84	3	-61	default:dry_dirt	0
85	3	-61	default:dry_dirt	0
86	3	-61	default:dry_dirt	0
87	3	-61	default:dry_dirt	0
63	4	-61	default:desert_stone_block	0
64	4	-61	default:dirt_with_dry_grass	0
65	4	-61	default:dirt_with_dry_grass	0
66	4	-61	default:dirt_with_dry_grass	0
67	4	-61	default:dirt_with_dry_grass	0
68	4	-61	default:dirt_with_dry_grass	0
69	4	-61	default:dirt_with_dry_grass	0
70	4	-61	default:dirt_with_dry_grass	0
71	4	-61	default:dirt_with_dry_grass	0
72	4	-61	default:dirt_with_dry_grass	0
73	4	-61	default:dirt_with_dry_grass	0
74	4	-61	default:dirt_with_dry_grass	0
75	4	-61	default:dirt_with_dry_grass	0
76	4	-61	default:dirt_with_dry_grass	0
77	4	-61	default:dirt_with_dry_grass	0
78	4	-61	default:dirt_with_dry_grass	0
79	4	-61	default:dirt_with_dry_grass	0
80	4	-61	default:dirt_with_dry_grass	0
81	4	-61	default:desert_stone_block	0
82	4	-61	default:dry_dirt_with_dry_grass	0
83	4	-61	default:dry_dirt_with_dry_grass	0
84	4	-61	default:dry_dirt_with_dry_grass	0
85	4	-61	default:dry_dirt_with_dry_grass	0
86	4	-61	default:dry_dirt_with_dry_grass	0
87	4	-61	default:dry_dirt_with_dry_grass	0
57	-2	-60	default:dry_dirt	0
58	-2	-60	default:dry_dirt	0
59	-2	-60	default:dry_dirt	0
60	-2	-60	default:dry_dirt	0
61	-2	-60	default:stone	0
62	-2	-60	default:stone	0
63	-2	-60	default:desert_stone_block	0
64	-2	-60	default:desert_stone_block	0
65	-2	-60	default:desert_stone_block	0
66	-2	-60	default:desert_stone_block	0
67	-2	-60	default:desert_stone_block	0
68	-2	-60	default:desert_stone_block	0
69	-2	-60	default:desert_stone_block	0
70	-2	-60	default:desert_stone_block	0
71	-2	-60	default:desert_stone_block	0
72	-2	-60	default:desert_stone_block	0
73	-2	-60	default:desert_stone_block	0
74	-2	-60	default:desert_stone_block	0
75	-2	-60	default:desert_stone_block	0
76	-2	-60	default:desert_stone_block	0
77	-2	-60	default:desert_stone_block	0
78	-2	-60	default:desert_stone_block	0
79	-2	-60	default:desert_stone_block	0
80	-2	-60	default:desert_stone_block	0
81	-2	-60	default:desert_stone_block	0
82	-2	-60	default:stone	0
83	-2	-60	default:stone	0
84	-2	-60	default:stone	0
85	-2	-60	default:stone	0
86	-2	-60	default:stone	0
87	-2	-60	default:stone	0
57	-1	-60	default:dry_dirt	0
58	-1	-60	default:dry_dirt	0
59	-1	-60	default:dry_dirt	0
60	-1	-60	default:dry_dirt	0
61	-1	-60	default:dry_dirt	0
62	-1	-60	default:dry_dirt	0
63	-1	-60	default:desert_stone_block	0
64	-1	-60	default:desert_stone_block	0
65	-1	-60	default:desert_stone_block	0
66	-1	-60	default:desert_stone_block	0
67	-1	-60	default:desert_stone_block	0
68	-1	-60	default:desert_stone_block	0
69	-1	-60	default:desert_stone_block	0
70	-1	-60	default:desert_stone_block	0
71	-1	-60	default:desert_stone_block	0
72	-1	-60	default:desert_stone_block	0
73	-1	-60	default:desert_stone_block	0
74	-1	-60	default:desert_stone_block	0
75	-1	-60	default:desert_stone_block	0
76	-1	-60	default:desert_stone_block	0
77	-1	-60	default:desert_stone_block	0
78	-1	-60	default:desert_stone_block	0
79	-1	-60	default:desert_stone_block	0
80	-1	-60	default:desert_stone_block	0
81	-1	-60	default:desert_stone_block	0
82	-1	-60	default:stone	0
83	-1	-60	default:stone	0
84	-1	-60	default:stone	0
85	-1	-60	default:stone	0
86	-1	-60	default:stone	0
87	-1	-60	default:stone	0
57	0	-60	default:dry_dirt	0
58	0	-60	default:dry_dirt	0
59	0	-60	default:dry_dirt	0
60	0	-60	default:dry_dirt	0
61	0	-60	default:dry_dirt	0
62	0	-60	default:dry_dirt	0
63	0	-60	default:desert_stone_block	0
64	0	-60	default:desert_stone_block	0
65	0	-60	default:desert_stone_block	0
66	0	-60	default:desert_stone_block	0
67	0	-60	default:desert_stone_block	0
68	0	-60	default:desert_stone_block	0
69	0	-60	default:desert_stone_block	0
70	0	-60	default:desert_stone_block	0
71	0	-60	default:desert_stone_block	0
72	0	-60	default:desert_stone_block	0
73	0	-60	default:desert_stone_block	0
74	0	-60	default:desert_stone_block	0
75	0	-60	default:desert_stone_block	0
76	0	-60	default:desert_stone_block	0
77	0	-60	default:desert_stone_block	0
78	0	-60	default:desert_stone_block	0
79	0	-60	default:desert_stone_block	0
80	0	-60	default:desert_stone_block	0
81	0	-60	default:desert_stone_block	0
82	0	-60	default:stone	0
83	0	-60	default:stone	0
84	0	-60	default:stone	0
85	0	-60	default:stone	0
86	0	-60	default:stone	0
87	0	-60	default:stone	0
57	1	-60	default:dry_dirt_with_dry_grass	0
58	1	-60	default:dry_dirt_with_dry_grass	0
59	1	-60	default:dry_dirt_with_dry_grass	0
60	1	-60	default:dry_dirt_with_dry_grass	0
61	1	-60	default:dry_dirt	0
62	1	-60	default:dry_dirt	0
63	1	-60	default:desert_stone_block	0
64	1	-60	default:desert_stone_block	0
65	1	-60	default:desert_stone_block	0
66	1	-60	default:desert_stone_block	0
67	1	-60	default:desert_stone_block	0
68	1	-60	default:desert_stone_block	0
69	1	-60	default:desert_stone_block	0
70	1	-60	default:desert_stone_block	0
71	1	-60	default:desert_stone_block	0
72	1	-60	default:desert_stone_block	0
73	1	-60	default:desert_stone_block	0
74	1	-60	default:desert_stone_block	0
75	1	-60	default:desert_stone_block	0
76	1	-60	default:desert_stone_block	0
77	1	-60	default:desert_stone_block	0
78	1	-60	default:desert_stone_block	0
79	1	-60	default:desert_stone_block	0
80	1	-60	default:desert_stone_block	0
81	1	-60	default:desert_stone_block	0
82	1	-60	default:dry_dirt	0
83	1	-60	default:dry_dirt	0
84	1	-60	default:dry_dirt	0
85	1	-60	default:dry_dirt	0
86	1	-60	default:dry_dirt	0
87	1	-60	default:dry_dirt	0
61	2	-60	default:dry_dirt_with_dry_grass	0
62	2	-60	default:dry_dirt_with_dry_grass	0
63	2	-60	default:desert_stone_block	0
64	2	-60	default:desert_stone_block	0
65	2	-60	default:desert_stone_block	0
66	2	-60	default:desert_stone_block	0
67	2	-60	default:desert_stone_block	0
68	2	-60	default:desert_stone_block	0
69	2	-60	default:desert_stone_block	0
70	2	-60	default:desert_stone_block	0
71	2	-60	default:desert_stone_block	0
72	2	-60	default:desert_stone_block	0
73	2	-60	default:desert_stone_block	0
74	2	-60	default:desert_stone_block	0
75	2	-60	default:desert_stone_block	0
76	2	-60	default:desert_stone_block	0
77	2	-60	default:desert_stone_block	0
78	2	-60	default:desert_stone_block	0
79	2	-60	default:desert_stone_block	0
80	2	-60	default:desert_stone_block	0
81	2	-60	default:desert_stone_block	0
82	2	-60	default:dry_dirt	0
83	2	-60	default:dry_dirt	0
84	2	-60	default:dry_dirt	0
85	2	-60	default:dry_dirt	0
86	2	-60	default:dry_dirt	0
87	2	-60	default:dry_dirt	0
63	3	-60	default:desert_stone_block	0
64	3	-60	default:desert_stone_block	0
65	3	-60	default:desert_stone_block	0
66	3	-60	default:desert_stone_block	0
67	3	-60	default:desert_stone_block	0
68	3	-60	default:desert_stone_block	0
69	3	-60	default:desert_stone_block	0
70	3	-60	default:desert_stone_block	0
71	3	-60	default:desert_stone_block	0
72	3	-60	default:desert_stone_block	0
73	3	-60	default:desert_stone_block	0
74	3	-60	default:desert_stone_block	0
75	3	-60	default:desert_stone_block	0
76	3	-60	default:desert_stone_block	0
77	3	-60	default:desert_stone_block	0
78	3	-60	default:desert_stone_block	0
79	3	-60	default:desert_stone_block	0
80	3	-60	default:desert_stone_block	0
81	3	-60	default:desert_stone_block	0
82	3	-60	default:dry_dirt	0
83	3	-60	default:dry_dirt	0
84	3	-60	default:dry_dirt	0
85	3	-60	default:dry_dirt	0
86	3	-60	default:dry_dirt	0
87	3	-60	default:dry_dirt	0
63	4	-60	default:desert_stone_block	0
64	4	-60	default:desert_stone_block	0
65	4	-60	default:desert_stone_block	0
66	4	-60	default:desert_stone_block	0
67	4	-60	default:desert_stone_block	0
68	4	-60	default:desert_stone_block	0
69	4	-60	default:desert_stone_block	0
70	4	-60	default:desert_stone_block	0
71	4	-60	default:desert_stone_block	0
72	4	-60	default:desert_stone_block	0
73	4	-60	default:desert_stone_block	0
74	4	-60	default:desert_stone_block	0
75	4	-60	default:desert_stone_block	0
76	4	-60	default:desert_stone_block	0
77	4	-60	default:desert_stone_block	0
78	4	-60	default:desert_stone_block	0
79	4	-60	default:desert_stone_block	0
80	4	-60	default:desert_stone_block	0
81	4	-60	default:desert_stone_block	0
82	4	-60	default:dry_dirt_with_dry_grass	0
83	4	-60	default:dry_dirt_with_dry_grass	0
84	4	-60	default:dry_dirt_with_dry_grass	0
85	4	-60	default:dry_dirt_with_dry_grass	0
86	4	-60	default:dry_dirt_with_dry_grass	0
87	4	-60	default:dry_dirt_with_dry_grass	0
57	-2	-59	default:dry_dirt	0
58	-2	-59	default:dry_dirt	0
59	-2	-59	default:dry_dirt	0
60	-2	-59	default:dry_dirt	0
61	-2	-59	default:stone	0
62	-2	-59	default:stone	0
63	-2	-59	default:stone	0
64	-2	-59	default:stone	0
65	-2	-59	default:stone	0
66	-2	-59	default:stone	0
67	-2	-59	default:stone	0
68	-2	-59	default:stone	0
69	-2	-59	default:stone	0
70	-2	-59	default:stone	0
71	-2	-59	default:stone	0
72	-2	-59	default:stone	0
73	-2	-59	default:stone	0
74	-2	-59	default:stone	0
75	-2	-59	default:stone	0
76	-2	-59	default:stone	0
77	-2	-59	default:stone	0
78	-2	-59	default:stone	0
79	-2	-59	default:stone	0
80	-2	-59	default:stone	0
81	-2	-59	default:stone	0
82	-2	-59	default:stone	0
83	-2	-59	default:stone	0
84	-2	-59	default:stone	0
85	-2	-59	default:stone	0
86	-2	-59	default:stone	0
87	-2	-59	default:stone	0
57	-1	-59	default:dry_dirt	0
58	-1	-59	default:dry_dirt	0
59	-1	-59	default:dry_dirt	0
60	-1	-59	default:dry_dirt	0
61	-1	-59	default:dry_dirt	0
62	-1	-59	default:dry_dirt	0
63	-1	-59	default:dry_dirt	0
64	-1	-59	default:dry_dirt	0
65	-1	-59	default:dry_dirt	0
66	-1	-59	default:stone	0
67	-1	-59	default:stone	0
68	-1	-59	default:stone	0
69	-1	-59	default:stone	0
70	-1	-59	default:stone	0
71	-1	-59	default:stone	0
72	-1	-59	default:stone	0
73	-1	-59	default:stone	0
74	-1	-59	default:stone	0
75	-1	-59	default:stone	0
76	-1	-59	default:stone	0
77	-1	-59	default:stone	0
78	-1	-59	default:stone	0
79	-1	-59	default:stone	0
80	-1	-59	default:stone	0
81	-1	-59	default:stone	0
82	-1	-59	default:stone	0
83	-1	-59	default:stone	0
84	-1	-59	default:stone	0
85	-1	-59	default:stone	0
86	-1	-59	default:stone	0
87	-1	-59	default:stone	0
57	0	-59	default:dry_dirt	0
58	0	-59	default:dry_dirt	0
59	0	-59	default:dry_dirt	0
60	0	-59	default:dry_dirt	0
61	0	-59	default:dry_dirt	0
62	0	-59	default:dry_dirt	0
63	0	-59	default:dry_dirt	0
64	0	-59	default:dry_dirt	0
65	0	-59	default:dry_dirt	0
66	0	-59	default:dry_dirt	0
67	0	-59	default:dry_dirt	0
68	0	-59	default:dry_dirt	0
69	0	-59	default:dry_dirt	0
70	0	-59	default:dry_dirt	0
71	0	-59	default:stone	0
72	0	-59	default:stone	0
73	0	-59	default:stone	0
74	0	-59	default:stone	0
75	0	-59	default:stone	0
76	0	-59	default:stone	0
77	0	-59	default:stone	0
78	0	-59	default:stone	0
79	0	-59	default:stone	0
80	0	-59	default:stone	0
81	0	-59	default:stone	0
82	0	-59	default:stone	0
83	0	-59	default:stone	0
84	0	-59	default:stone	0
85	0	-59	default:stone	0
86	0	-59	default:stone	0
87	0	-59	default:stone	0
57	1	-59	default:dry_dirt_with_dry_grass	0
58	1	-59	default:dry_dirt_with_dry_grass	0
59	1	-59	default:dry_dirt_with_dry_grass	0
60	1	-59	default:dry_dirt_with_dry_grass	0
61	1	-59	default:dry_dirt	0
62	1	-59	default:dry_dirt	0
63	1	-59	default:dry_dirt	0
64	1	-59	default:dry_dirt	0
65	1	-59	default:dry_dirt	0
66	1	-59	default:dry_dirt	0
67	1	-59	default:dry_dirt	0
68	1	-59	default:dry_dirt	0
69	1	-59	default:dry_dirt	0
70	1	-59	default:dry_dirt	0
71	1	-59	default:dry_dirt	0
72	1	-59	default:dry_dirt	0
73	1	-59	default:dry_dirt	0
74	1	-59	default:dry_dirt	0
75	1	-59	default:dry_dirt	0
76	1	-59	default:dry_dirt	0
77	1	-59	default:dry_dirt	0
78	1	-59	default:dry_dirt	0
79	1	-59	default:dry_dirt	0
80	1	-59	default:dry_dirt	0
81	1	-59	default:dry_dirt	0
82	1	-59	default:dry_dirt	0
83	1	-59	default:dry_dirt	0
84	1	-59	default:dry_dirt	0
85	1	-59	default:dry_dirt	0
86	1	-59	default:dry_dirt	0
87	1	-59	default:dry_dirt	0
61	2	-59	default:dry_dirt_with_dry_grass	0
62	2	-59	default:dry_dirt_with_dry_grass	0
63	2	-59	default:dry_dirt_with_dry_grass	0
64	2	-59	default:dry_dirt_with_dry_grass	0
65	2	-59	default:dry_dirt_with_dry_grass	0
66	2	-59	default:dry_dirt	0
67	2	-59	default:dry_dirt	0
68	2	-59	default:dry_dirt	0
69	2	-59	default:dry_dirt	0
70	2	-59	default:dry_dirt	0
71	2	-59	default:dry_dirt	0
72	2	-59	default:dry_dirt	0
73	2	-59	default:dry_dirt	0
74	2	-59	default:dry_dirt	0
75	2	-59	default:dry_dirt	0
76	2	-59	default:dry_dirt	0
77	2	-59	default:dry_dirt	0
78	2	-59	default:dry_dirt	0
79	2	-59	default:dry_dirt	0
80	2	-59	default:dry_dirt	0
81	2	-59	default:dry_dirt	0
82	2	-59	default:dry_dirt	0
83	2	-59	default:dry_dirt	0
84	2	-59	default:dry_dirt	0
85	2	-59	default:dry_dirt	0
86	2	-59	default:dry_dirt	0
87	2	-59	default:dry_dirt	0
66	3	-59	default:dry_dirt_with_dry_grass	0
67	3	-59	default:dry_dirt_with_dry_grass	0
68	3	-59	default:dry_dirt_with_dry_grass	0
69	3	-59	default:dry_dirt_with_dry_grass	0
70	3	-59	default:dry_dirt_with_dry_grass	0
71	3	-59	default:dry_dirt	0
72	3	-59	default:dry_dirt	0
73	3	-59	default:dry_dirt	0
74	3	-59	default:dry_dirt	0
75	3	-59	default:dry_dirt	0
76	3	-59	default:dry_dirt	0
77	3	-59	default:dry_dirt	0
78	3	-59	default:dry_dirt	0
79	3	-59	default:dry_dirt	0
80	3	-59	default:dry_dirt	0
81	3	-59	default:dry_dirt	0
82	3	-59	default:dry_dirt	0
83	3	-59	default:dry_dirt	0
84	3	-59	default:dry_dirt	0
85	3	-59	default:dry_dirt	0
86	3	-59	default:dry_dirt	0
87	3	-59	default:dry_dirt	0
71	4	-59	default:dry_dirt_with_dry_grass	0
72	4	-59	default:dry_dirt_with_dry_grass	0
73	4	-59	default:dry_dirt_with_dry_grass	0
74	4	-59	default:dry_dirt_with_dry_grass	0
75	4	-59	default:dry_dirt_with_dry_grass	0
76	4	-59	default:dry_dirt_with_dry_grass	0
77	4	-59	default:dry_dirt_with_dry_grass	0
78	4	-59	default:dry_dirt_with_dry_grass	0
79	4	-59	default:dry_dirt_with_dry_grass	0
80	4	-59	default:dry_dirt_with_dry_grass	0
81	4	-59	default:dry_dirt_with_dry_grass	0
82	4	-59	default:dry_dirt_with_dry_grass	0
83	4	-59	default:dry_dirt_with_dry_grass	0
84	4	-59	default:dry_dirt_with_dry_grass	0
85	4	-59	default:dry_dirt_with_dry_grass	0
86	4	-59	default:dry_dirt_with_dry_grass	0
87	4	-59	default:dry_dirt_with_dry_grass	0
57	-2	-58	default:dry_dirt	0
58	-2	-58	default:dry_dirt	0
59	-2	-58	default:dry_dirt	0
60	-2	-58	default:dry_dirt	0
61	-2	-58	default:stone	0
62	-2	-58	default:stone	0
63	-2	-58	default:stone	0
64	-2	-58	default:stone	0
65	-2	-58	default:stone	0
66	-2	-58	default:stone	0
67	-2	-58	default:stone	0
68	-2	-58	default:stone	0
69	-2	-58	default:stone	0
70	-2	-58	default:stone	0
71	-2	-58	default:stone	0
72	-2	-58	default:stone	0
73	-2	-58	default:stone	0
74	-2	-58	default:stone	0
75	-2	-58	default:stone	0
76	-2	-58	default:stone	0
77	-2	-58	default:stone	0
78	-2	-58	default:stone	0
79	-2	-58	default:stone	0
80	-2	-58	default:stone	0
81	-2	-58	default:stone	0
82	-2	-58	default:stone	0
83	-2	-58	default:stone	0
84	-2	-58	default:stone	0
85	-2	-58	default:stone	0
86	-2	-58	default:stone	0
87	-2	-58	default:stone	0
57	-1	-58	default:dry_dirt	0
58	-1	-58	default:dry_dirt	0
59	-1	-58	default:dry_dirt	0
60	-1	-58	default:dry_dirt	0
61	-1	-58	default:dry_dirt	0
62	-1	-58	default:dry_dirt	0
63	-1	-58	default:dry_dirt	0
64	-1	-58	default:dry_dirt	0
65	-1	-58	default:dry_dirt	0
66	-1	-58	default:stone	0
67	-1	-58	default:stone	0
68	-1	-58	default:stone	0
69	-1	-58	default:stone	0
70	-1	-58	default:stone	0
71	-1	-58	default:stone	0
72	-1	-58	default:stone	0
73	-1	-58	default:stone	0
74	-1	-58	default:stone	0
75	-1	-58	default:stone	0
76	-1	-58	default:stone	0
77	-1	-58	default:stone	0
78	-1	-58	default:stone	0
79	-1	-58	default:stone	0
80	-1	-58	default:stone	0
81	-1	-58	default:stone	0
82	-1	-58	default:stone	0
83	-1	-58	default:stone	0
84	-1	-58	default:stone	0
85	-1	-58	default:stone	0
86	-1	-58	default:stone	0
87	-1	-58	default:stone	0
57	0	-58	default:dry_dirt	0
58	0	-58	default:dry_dirt	0
59	0	-58	default:dry_dirt	0
60	0	-58	default:dry_dirt	0
61	0	-58	default:dry_dirt	0
62	0	-58	default:dry_dirt	0
63	0	-58	default:dry_dirt	0
64	0	-58	default:dry_dirt	0
65	0	-58	default:dry_dirt	0
66	0	-58	default:dry_dirt	0
67	0	-58	default:dry_dirt	0
68	0	-58	default:dry_dirt	0
69	0	-58	default:dry_dirt	0
70	0	-58	default:dry_dirt	0
71	0	-58	default:stone	0
72	0	-58	default:stone	0
73	0	-58	default:stone	0
74	0	-58	default:stone	0
75	0	-58	default:stone	0
76	0	-58	default:stone	0
77	0	-58	default:stone	0
78	0	-58	default:stone	0
79	0	-58	default:stone	0
80	0	-58	default:stone	0
81	0	-58	default:stone	0
82	0	-58	default:stone	0
83	0	-58	default:stone	0
84	0	-58	default:stone	0
85	0	-58	default:stone	0
86	0	-58	default:stone	0
87	0	-58	default:stone	0
57	1	-58	default:dry_dirt_with_dry_grass	0
58	1	-58	default:dry_dirt_with_dry_grass	0
59	1	-58	default:dry_dirt_with_dry_grass	0
60	1	-58	default:dry_dirt_with_dry_grass	0
61	1	-58	default:dry_dirt	0
62	1	-58	default:dry_dirt	0
63	1	-58	default:dry_dirt	0
64	1	-58	default:dry_dirt	0
65	1	-58	default:dry_dirt	0
66	1	-58	default:dry_dirt	0
67	1	-58	default:dry_dirt	0
68	1	-58	default:dry_dirt	0
69	1	-58	default:dry_dirt	0
70	1	-58	default:dry_dirt	0
71	1	-58	default:dry_dirt	0
72	1	-58	default:dry_dirt	0
73	1	-58	default:dry_dirt	0
74	1	-58	default:dry_dirt	0
75	1	-58	default:dry_dirt	0
76	1	-58	default:dry_dirt	0
77	1	-58	default:dry_dirt	0
78	1	-58	default:dry_dirt	0
79	1	-58	default:dry_dirt	0
80	1	-58	default:dry_dirt	0
81	1	-58	default:dry_dirt	0
82	1	-58	default:dry_dirt	0
83	1	-58	default:dry_dirt	0
84	1	-58	default:dry_dirt	0
85	1	-58	default:dry_dirt	0
86	1	-58	default:dry_dirt	0
87	1	-58	default:dry_dirt	0
61	2	-58	default:dry_dirt_with_dry_grass	0
62	2	-58	default:dry_dirt_with_dry_grass	0
63	2	-58	default:dry_dirt_with_dry_grass	0
64	2	-58	default:dry_dirt_with_dry_grass	0
65	2	-58	default:dry_dirt_with_dry_grass	0
66	2	-58	default:dry_dirt	0
67	2	-58	default:dry_dirt	0
68	2	-58	default:dry_dirt	0
69	2	-58	default:dry_dirt	0
70	2	-58	default:dry_dirt	0
71	2	-58	default:dry_dirt	0
72	2	-58	default:dry_dirt	0
73	2	-58	default:dry_dirt	0
74	2	-58	default:dry_dirt	0
75	2	-58	default:dry_dirt	0
76	2	-58	default:dry_dirt	0
77	2	-58	default:dry_dirt	0
78	2	-58	default:dry_dirt	0
79	2	-58	default:dry_dirt	0
80	2	-58	default:dry_dirt	0
81	2	-58	default:dry_dirt	0
82	2	-58	default:dry_dirt	0
83	2	-58	default:dry_dirt	0
84	2	-58	default:dry_dirt	0
85	2	-58	default:dry_dirt	0
86	2	-58	default:dry_dirt	0
87	2	-58	default:dry_dirt	0
66	3	-58	default:dry_dirt_with_dry_grass	0
67	3	-58	default:dry_dirt_with_dry_grass	0
68	3	-58	default:dry_dirt_with_dry_grass	0
69	3	-58	default:dry_dirt_with_dry_grass	0
70	3	-58	default:dry_dirt_with_dry_grass	0
71	3	-58	default:dry_dirt	0
72	3	-58	default:dry_dirt	0
73	3	-58	default:dry_dirt	0
74	3	-58	default:dry_dirt	0
75	3	-58	default:dry_dirt	0
76	3	-58	default:dry_dirt	0
77	3	-58	default:dry_dirt	0
78	3	-58	default:dry_dirt	0
79	3	-58	default:dry_dirt	0
80	3	-58	default:dry_dirt	0
81	3	-58	default:dry_dirt	0
82	3	-58	default:dry_dirt	0
83	3	-58	default:dry_dirt	0
84	3	-58	default:dry_dirt	0
85	3	-58	default:dry_dirt	0
86	3	-58	default:dry_dirt	0
87	3	-58	default:dry_dirt	0
71	4	-58	default:dry_dirt_with_dry_grass	0
72	4	-58	default:dry_dirt_with_dry_grass	0
73	4	-58	default:dry_dirt_with_dry_grass	0
74	4	-58	default:dry_dirt_with_dry_grass	0
75	4	-58	default:dry_dirt_with_dry_grass	0
76	4	-58	default:dry_dirt_with_dry_grass	0
77	4	-58	default:dry_dirt_with_dry_grass	0
78	4	-58	default:dry_dirt_with_dry_grass	0
79	4	-58	default:dry_dirt_with_dry_grass	0
80	4	-58	default:dry_dirt_with_dry_grass	0
81	4	-58	default:dry_dirt_with_dry_grass	0
82	4	-58	default:dry_dirt_with_dry_grass	0
83	4	-58	default:dry_dirt_with_dry_grass	0
84	4	-58	default:dry_dirt_with_dry_grass	0
85	4	-58	default:dry_dirt_with_dry_grass	0
86	4	-58	default:dry_dirt_with_dry_grass	0
87	4	-58	default:dry_dirt_with_dry_grass	0
57	-2	-57	default:dry_dirt	0
58	-2	-57	default:dry_dirt	0
59	-2	-57	default:dry_dirt	0
60	-2	-57	default:dry_dirt	0
61	-2	-57	default:stone	0
62	-2	-57	default:stone	0
63	-2	-57	default:stone	0
64	-2	-57	default:stone	0
65	-2	-57	default:stone	0
66	-2	-57	default:stone	0
67	-2	-57	default:stone	0
68	-2	-57	default:stone	0
69	-2	-57	default:stone	0
70	-2	-57	default:stone	0
71	-2	-57	default:stone	0
72	-2	-57	default:stone	0
73	-2	-57	default:stone	0
74	-2	-57	default:stone	0
75	-2	-57	default:stone	0
76	-2	-57	default:stone	0
77	-2	-57	default:stone	0
78	-2	-57	default:stone	0
79	-2	-57	default:stone	0
80	-2	-57	default:stone	0
81	-2	-57	default:stone	0
82	-2	-57	default:stone	0
83	-2	-57	default:stone	0
84	-2	-57	default:stone	0
85	-2	-57	default:stone	0
86	-2	-57	default:stone	0
87	-2	-57	default:stone	0
57	-1	-57	default:dry_dirt	0
58	-1	-57	default:dry_dirt	0
59	-1	-57	default:dry_dirt	0
60	-1	-57	default:dry_dirt	0
61	-1	-57	default:dry_dirt	0
62	-1	-57	default:dry_dirt	0
63	-1	-57	default:dry_dirt	0
64	-1	-57	default:dry_dirt	0
65	-1	-57	default:dry_dirt	0
66	-1	-57	default:stone	0
67	-1	-57	default:stone	0
68	-1	-57	default:stone	0
69	-1	-57	default:stone	0
70	-1	-57	default:stone	0
71	-1	-57	default:stone	0
72	-1	-57	default:stone	0
73	-1	-57	default:stone	0
74	-1	-57	default:stone	0
75	-1	-57	default:stone	0
76	-1	-57	default:stone	0
77	-1	-57	default:stone	0
78	-1	-57	default:stone	0
79	-1	-57	default:stone	0
80	-1	-57	default:stone	0
81	-1	-57	default:stone	0
82	-1	-57	default:stone	0
83	-1	-57	default:stone	0
84	-1	-57	default:stone	0
85	-1	-57	default:stone	0
86	-1	-57	default:stone	0
87	-1	-57	default:stone	0
57	0	-57	default:dry_dirt	0
58	0	-57	default:dry_dirt	0
59	0	-57	default:dry_dirt	0
60	0	-57	default:dry_dirt	0
61	0	-57	default:dry_dirt	0
62	0	-57	default:dry_dirt	0
63	0	-57	default:dry_dirt	0
64	0	-57	default:dry_dirt	0
65	0	-57	default:dry_dirt	0
66	0	-57	default:dry_dirt	0
67	0	-57	default:dry_dirt	0
68	0	-57	default:dry_dirt	0
69	0	-57	default:dry_dirt	0
70	0	-57	default:dry_dirt	0
71	0	-57	default:stone	0
72	0	-57	default:stone	0
73	0	-57	default:stone	0
74	0	-57	default:stone	0
75	0	-57	default:stone	0
76	0	-57	default:stone	0
77	0	-57	default:stone	0
78	0	-57	default:stone	0
79	0	-57	default:stone	0
80	0	-57	default:stone	0
81	0	-57	default:stone	0
82	0	-57	default:stone	0
83	0	-57	default:stone	0
84	0	-57	default:stone	0
85	0	-57	default:stone	0
86	0	-57	default:stone	0
87	0	-57	default:stone	0
57	1	-57	default:dry_dirt_with_dry_grass	0
58	1	-57	default:dry_dirt_with_dry_grass	0
59	1	-57	default:dry_dirt_with_dry_grass	0
60	1	-57	default:dry_dirt_with_dry_grass	0
61	1	-57	default:dry_dirt	0
62	1	-57	default:dry_dirt	0
63	1	-57	default:dry_dirt	0
64	1	-57	default:dry_dirt	0
65	1	-57	default:dry_dirt	0
66	1	-57	default:dry_dirt	0
67	1	-57	default:dry_dirt	0
68	1	-57	default:dry_dirt	0
69	1	-57	default:dry_dirt	0
70	1	-57	default:dry_dirt	0
71	1	-57	default:dry_dirt	0
72	1	-57	default:dry_dirt	0
73	1	-57	default:dry_dirt	0
74	1	-57	default:dry_dirt	0
75	1	-57	default:dry_dirt	0
76	1	-57	default:dry_dirt	0
77	1	-57	default:dry_dirt	0
78	1	-57	default:dry_dirt	0
79	1	-57	default:dry_dirt	0
80	1	-57	default:dry_dirt	0
81	1	-57	default:dry_dirt	0
82	1	-57	default:dry_dirt	0
83	1	-57	default:dry_dirt	0
84	1	-57	default:dry_dirt	0
85	1	-57	default:dry_dirt	0
86	1	-57	default:dry_dirt	0
87	1	-57	default:dry_dirt	0
61	2	-57	default:dry_dirt_with_dry_grass	0
62	2	-57	default:dry_dirt_with_dry_grass	0
63	2	-57	default:dry_dirt_with_dry_grass	0
64	2	-57	default:dry_dirt_with_dry_grass	0
65	2	-57	default:dry_dirt_with_dry_grass	0
66	2	-57	default:dry_dirt	0
67	2	-57	default:dry_dirt	0
68	2	-57	default:dry_dirt	0
69	2	-57	default:dry_dirt	0
70	2	-57	default:dry_dirt	0
71	2	-57	default:dry_dirt	0
72	2	-57	default:dry_dirt	0
73	2	-57	default:dry_dirt	0
74	2	-57	default:dry_dirt	0
75	2	-57	default:dry_dirt	0
76	2	-57	default:dry_dirt	0
77	2	-57	default:dry_dirt	0
78	2	-57	default:dry_dirt	0
79	2	-57	default:dry_dirt	0
80	2	-57	default:dry_dirt	0
81	2	-57	default:dry_dirt	0
82	2	-57	default:dry_dirt	0
83	2	-57	default:dry_dirt	0
84	2	-57	default:dry_dirt	0
85	2	-57	default:dry_dirt	0
86	2	-57	default:dry_dirt	0
87	2	-57	default:dry_dirt	0
66	3	-57	default:dry_dirt_with_dry_grass	0
67	3	-57	default:dry_dirt_with_dry_grass	0
68	3	-57	default:dry_dirt_with_dry_grass	0
69	3	-57	default:dry_dirt_with_dry_grass	0
70	3	-57	default:dry_dirt_with_dry_grass	0
71	3	-57	default:dry_dirt	0
72	3	-57	default:dry_dirt	0
73	3	-57	default:dry_dirt	0
74	3	-57	default:dry_dirt	0
75	3	-57	default:dry_dirt	0
76	3	-57	default:dry_dirt	0
77	3	-57	default:dry_dirt	0
78	3	-57	default:dry_dirt	0
79	3	-57	default:dry_dirt	0
80	3	-57	default:dry_dirt	0
81	3	-57	default:dry_dirt	0
82	3	-57	default:dry_dirt	0
83	3	-57	default:dry_dirt	0
84	3	-57	default:dry_dirt	0
85	3	-57	default:dry_dirt	0
86	3	-57	default:dry_dirt	0
87	3	-57	default:dry_dirt	0
71	4	-57	default:dry_dirt_with_dry_grass	0
72	4	-57	default:dry_dirt_with_dry_grass	0
73	4	-57	default:dry_dirt_with_dry_grass	0
74	4	-57	default:dry_dirt_with_dry_grass	0
75	4	-57	default:dry_dirt_with_dry_grass	0
76	4	-57	default:dry_dirt_with_dry_grass	0
77	4	-57	default:dry_dirt_with_dry_grass	0
78	4	-57	default:dry_dirt_with_dry_grass	0
79	4	-57	default:dry_dirt_with_dry_grass	0
80	4	-57	default:dry_dirt_with_dry_grass	0
81	4	-57	default:dry_dirt_with_dry_grass	0
82	4	-57	default:dry_dirt_with_dry_grass	0
83	4	-57	default:dry_dirt_with_dry_grass	0
84	4	-57	default:dry_dirt_with_dry_grass	0
85	4	-57	default:dry_dirt_with_dry_grass	0
86	4	-57	default:dry_dirt_with_dry_grass	0
87	4	-57	default:dry_dirt_with_dry_grass	0
