

-------------
  Separator
-------------

INFO[Main]: Gettext: domainname="luanti" path="/app/share/locale"
INFO[Main]: Message locale is now set to: C
INFO[Main]: Using commanded gameid [grudgelands]
INFO[Main]: Server created for gameid "grudgelands"
INFO[Main]: - world:  /tmp/grudgelands-wp40-profile-run.Cg8xc8sb/world
INFO[Main]: - game:   /tmp/grudgelands-wp40-profile-run.Cg8xc8sb/user/games/grudgelands
INFO[Main]: Initializing world at /tmp/grudgelands-wp40-profile-run.Cg8xc8sb/world
INFO[Main]: ObjDefManager: added biome: name="default" index=0 uid=32
INFO[Main]: BanManager: loading from /tmp/grudgelands-wp40-profile-run.Cg8xc8sb/world/ipban.txt
INFO[Main]: BanManager: creating /tmp/grudgelands-wp40-profile-run.Cg8xc8sb/world/ipban.txt
WARNING[Main]: /!\ You are using the old mod storage files backend. This backend is deprecated and may be removed in a future release /!\
WARNING[Main]: Switching to SQLite3 is advised, please read https://docs.luanti.org/for-server-hosts/database-backends.
INFO[Main]: Creating map database with backend "sqlite3"
INFO[Main]: MapDatabaseSQLite3: split column format = yes
INFO[Main]: ServerMap: Metadata loaded from /tmp/grudgelands-wp40-profile-run.Cg8xc8sb/world
INFO[Main]: Server: Initializing Lua
INFO[Main]: SCRIPTAPI: Initialized game modules
INFO[Main]: Server: Loading mods: sfinv creative player_api default walls vessels stairs mobs grug_trees grug_materials grug_nodes grug_gear grug_decor doors xpanes grug_core grug_xp grug_money grug_gathering dye wool beds grug_mapgen grug_wp40_profile_probe grug_fact
INFO[Main]: ions grug_projectiles grug_mobs grug_classes grug_inventory grug_traders grug_abilities 
INFO[Main]: Mod "sfinv" loaded after 0 ms
INFO[Main]: Server creating detached inventory "trash"
INFO[Main]: Mod "creative" loaded after 1 ms
INFO[Main]: Mod "player_api" loaded after 0 ms
INFO[Main]: Mod "default" loaded after 5 ms
INFO[Main]: Mod "walls" loaded after 0 ms
INFO[Main]: Mod "vessels" loaded after 0 ms
INFO[Main]: Mod "stairs" loaded after 4 ms
INFO[Main]: Mod "mobs" loaded after 2 ms
INFO[Main]: ObjDefManager: added schematic: name="" index=0 uid=100
INFO[Main]: ObjDefManager: added schematic: name="" index=1 uid=44
INFO[Main]: ObjDefManager: added schematic: name="" index=2 uid=34
INFO[Main]: Mod "grug_trees" loaded after 1 ms
WARNING[Main]: No craft recipe matches input (type: fuel, items: ['default:pick_mese'])
WARNING[Main]: No craft recipe matches input (type: fuel, items: ['default:shovel_mese'])
WARNING[Main]: No craft recipe matches input (type: fuel, items: ['default:axe_mese'])
WARNING[Main]: No craft recipe matches input (type: fuel, items: ['default:sword_mese'])
WARNING[Main]: No craft recipe matches input (type: fuel, items: ['default:pick_diamond'])
WARNING[Main]: No craft recipe matches input (type: fuel, items: ['default:shovel_diamond'])
WARNING[Main]: No craft recipe matches input (type: fuel, items: ['default:axe_diamond'])
WARNING[Main]: No craft recipe matches input (type: fuel, items: ['default:sword_diamond'])
WARNING[Main]: No craft recipe matches input (type: fuel, items: ['default:copper_ingot'])
WARNING[Main]: No craft recipe matches input (type: fuel, items: ['default:copperblock'])
WARNING[Main]: No craft recipe matches input (type: fuel, items: ['default:tin_ingot'])
WARNING[Main]: No craft recipe matches input (type: fuel, items: ['default:tinblock'])
WARNING[Main]: No craft recipe matches input (type: fuel, items: ['default:bronze_ingot'])
WARNING[Main]: No craft recipe matches input (type: fuel, items: ['default:bronzeblock'])
WARNING[Main]: No craft recipe matches input (type: fuel, items: ['default:steel_ingot'])
WARNING[Main]: No craft recipe matches input (type: fuel, items: ['default:steelblock'])
WARNING[Main]: No craft recipe matches input (type: fuel, items: ['default:gold_ingot'])
WARNING[Main]: No craft recipe matches input (type: fuel, items: ['default:goldblock'])
WARNING[Main]: No craft recipe known for output 'default:stone_with_mese'
WARNING[Main]: No craft recipe matches input (type: fuel, items: ['default:stone_with_mese'])
WARNING[Main]: No craft recipe matches input (type: fuel, items: ['default:mese'])
WARNING[Main]: No craft recipe matches input (type: fuel, items: ['default:mese_crystal'])
WARNING[Main]: No craft recipe matches input (type: fuel, items: ['default:mese_crystal_fragment'])
WARNING[Main]: No craft recipe matches input (type: fuel, items: ['default:meselamp'])
WARNING[Main]: No craft recipe matches input (type: fuel, items: ['default:mese_post_light'])
WARNING[Main]: No craft recipe matches input (type: fuel, items: ['default:mese_post_light_acacia_wood'])
WARNING[Main]: No craft recipe matches input (type: fuel, items: ['default:mese_post_light_junglewood'])
WARNING[Main]: No craft recipe matches input (type: fuel, items: ['default:mese_post_light_pine_wood'])
WARNING[Main]: No craft recipe matches input (type: fuel, items: ['default:mese_post_light_aspen_wood'])
WARNING[Main]: No craft recipe known for output 'default:stone_with_diamond'
WARNING[Main]: No craft recipe matches input (type: fuel, items: ['default:stone_with_diamond'])
WARNING[Main]: No craft recipe matches input (type: fuel, items: ['default:diamond'])
WARNING[Main]: No craft recipe matches input (type: fuel, items: ['default:diamondblock'])
WARNING[Main]: No craft recipe matches input (type: fuel, items: ['default:sign_wall_steel'])
WARNING[Main]: No craft recipe matches input (type: fuel, items: ['default:ladder_steel'])
WARNING[Main]: No craft recipe matches input (type: fuel, items: ['stairs:stair_steelblock'])
WARNING[Main]: No craft recipe matches input (type: fuel, items: ['stairs:stair_inner_steelblock'])
WARNING[Main]: No craft recipe matches input (type: fuel, items: ['stairs:stair_outer_steelblock'])
WARNING[Main]: No craft recipe matches input (type: fuel, items: ['stairs:slab_steelblock'])
WARNING[Main]: No craft recipe matches input (type: fuel, items: ['stairs:stair_tinblock'])
WARNING[Main]: No craft recipe matches input (type: fuel, items: ['stairs:stair_inner_tinblock'])
WARNING[Main]: No craft recipe matches input (type: fuel, items: ['stairs:stair_outer_tinblock'])
WARNING[Main]: No craft recipe matches input (type: fuel, items: ['stairs:slab_tinblock'])
WARNING[Main]: No craft recipe matches input (type: fuel, items: ['stairs:stair_copperblock'])
WARNING[Main]: No craft recipe matches input (type: fuel, items: ['stairs:stair_inner_copperblock'])
WARNING[Main]: No craft recipe matches input (type: fuel, items: ['stairs:stair_outer_copperblock'])
WARNING[Main]: No craft recipe matches input (type: fuel, items: ['stairs:slab_copperblock'])
WARNING[Main]: No craft recipe matches input (type: fuel, items: ['stairs:stair_bronzeblock'])
WARNING[Main]: No craft recipe matches input (type: fuel, items: ['stairs:stair_inner_bronzeblock'])
WARNING[Main]: No craft recipe matches input (type: fuel, items: ['stairs:stair_outer_bronzeblock'])
WARNING[Main]: No craft recipe matches input (type: fuel, items: ['stairs:slab_bronzeblock'])
WARNING[Main]: No craft recipe matches input (type: fuel, items: ['stairs:stair_goldblock'])
WARNING[Main]: No craft recipe matches input (type: fuel, items: ['stairs:stair_inner_goldblock'])
WARNING[Main]: No craft recipe matches input (type: fuel, items: ['stairs:stair_outer_goldblock'])
WARNING[Main]: No craft recipe matches input (type: fuel, items: ['stairs:slab_goldblock'])
INFO[Main]: Mod "grug_materials" loaded after 3 ms
INFO[Main]: Mod "grug_nodes" loaded after 0 ms
ACTION[Main]: [grug_gear] 6 bracket catalogs: 24 weapons + 48 armor pieces
INFO[Main]: Mod "grug_gear" loaded after 1 ms
INFO[Main]: Mod "grug_decor" loaded after 4 ms
INFO[Main]: Mod "doors" loaded after 1 ms
INFO[Main]: Mod "xpanes" loaded after 0 ms
INFO[Main]: Mod "grug_core" loaded after 1 ms
INFO[Main]: Mod "grug_xp" loaded after 0 ms
INFO[Main]: Mod "grug_money" loaded after 0 ms
INFO[Main]: Mod "grug_gathering" loaded after 1 ms
INFO[Main]: Mod "dye" loaded after 1 ms
INFO[Main]: Mod "wool" loaded after 0 ms
INFO[Main]: Mod "beds" loaded after 0 ms
INFO[Main]: ObjDefManager: added ore: name="grug_mapgen:native_gravel_blob_v1" index=0 uid=23
INFO[Main]: ObjDefManager: added ore: name="grug_mapgen:native_stratum_iron_v1" index=1 uid=117
INFO[Main]: ObjDefManager: added ore: name="grug_mapgen:native_stratum_steel_v1" index=2 uid=86
INFO[Main]: ObjDefManager: added ore: name="grug_mapgen:native_stratum_silversteel_v1" index=3 uid=20
INFO[Main]: ObjDefManager: added ore: name="grug_mapgen:native_stratum_embersteel_v1" index=4 uid=43
INFO[Main]: ObjDefManager: added ore: name="grug_mapgen:native_stratum_abyssal_steel_v1" index=5 uid=96
INFO[Main]: Mod "grug_mapgen" loaded after 8419 ms
INFO[Main]: Mod "grug_wp40_profile_probe" loaded after 779 ms
INFO[Main]: Mod "grug_factions" loaded after 0 ms
INFO[Main]: Mod "grug_projectiles" loaded after 0 ms
INFO[Main]: Mod "grug_mobs" loaded after 3 ms
INFO[Main]: Mod "grug_classes" loaded after 0 ms
INFO[Main]: Mod "grug_inventory" loaded after 0 ms
INFO[Main]: Mod "grug_traders" loaded after 1 ms
INFO[Main]: Mod "grug_abilities" loaded after 1 ms
ACTION[Main]: [grug_materials] registry audit passed: 6 tiers, 15 resources, 12 processed forms, 6 race regions
ACTION[Main]: GRUG_WP40_PROFILE_PROBE phase=cold event=start engine=5.17.0 lua=LuaJIT_2.1.1784272936 seed=8675309 cases=62 manifest=9db66234dc000739c70be6577ce15b6a480c8d4f0be7a1f60338cd1da3583ad5 full_digest=false
ACTION[Main]: [grug_traders] drop audit: 1 mob(s) use a `drops` FUNCTION and cannot be walked statically (grug_mobs:bandit); their items are audited from the hardcoded FUNCTION_DROPS list
INFO[Main]: All mods loaded after 9230 ms
INFO[Main]: Server: Calculating media file checksums
INFO[Main]: Server: ignoring unsupported file extension: "template.txt"
INFO[Main]: Server: ignoring unsupported file extension: "template.txt"
INFO[Main]: Server: ignoring unsupported file extension: "template.txt"
INFO[Main]: Server: ignoring unsupported file extension: "template.txt"
INFO[Main]: Server: ignoring unsupported file extension: "template.txt"
INFO[Main]: Server: ignoring unsupported file extension: "template.txt"
INFO[Main]: Server: ignoring unsupported file extension: "template.txt"
INFO[Main]: Server: ignoring unsupported file extension: "template.txt"
INFO[Main]: Server: ignoring unsupported file extension: "template.txt"
INFO[Main]: Server: ignoring unsupported file extension: "template.txt"
INFO[Main]: Server: ignoring unsupported file extension: "template.txt"
INFO[Main]: Server: ignoring unsupported file extension: "character.blend"
INFO[Main]: Server: ignoring unsupported file extension: "template.txt"
INFO[Main]: Server: ignoring unsupported file extension: "template.txt"
INFO[Main]: Server: 1021 media files collected
INFO[Main]: EmergeManager: initializing for mapgen=v7 and chunksize=(5,5,5)
INFO[Main]: EmergeManager: using 1 thread(s)
INFO[Main]: SCRIPTAPI: Initializing async engine
INFO[Main]: AsyncEngine: using at most 14 threads with automatic scaling
INFO[Main]: Initializing asynchronous environment (game)
INFO[Main]: ServerEnvironment: 52 ABMs are registered
INFO[Main]: ServerEnvironment: Using default environment metadata
INFO[Main]: LBMManager: 1 unique times in lookup table
INFO[Main]: Starting server thread...
ACTION[Main]: World at [/tmp/grudgelands-wp40-profile-run.Cg8xc8sb/world]
ACTION[Main]: Server for gameid="grudgelands" listening on 127.0.0.1:32840.
INFO[Emerge-0]: Initialized emerge Lua environment
INFO[Main]: Profiler:
INFO[Main]:   ActiveObjectMgr: SAO count [#] 
INFO[Main]:   Server: send SAO messages [ms] 
INFO[Main]:   Server: update objects within range [ms] 
INFO[Main]:   Server::AsyncRunStep() [ms] _____________________   20x     0.15
INFO[Main]:   Server::RunStep() (max) [ms] ____________________    1x       51
INFO[Main]:   Server::SendBlocks(): Collect list [ms] 
INFO[Main]:   Server::SendBlocks(): Send to clients [ms] 
INFO[Main]:   ServerEnv: Run SAO::step() [ms] 
INFO[Main]:   ServerEnv: Run node timers [ms] 
INFO[Main]:   ServerEnv::step() [ms] __________________________   20x      0.1
INFO[Main]:   ServerEnvironment::removeRemovedObjects() [ms] 
INFO[Main]: Profiler:
INFO[Main]:   ActiveObjectMgr: SAO count [#] 
INFO[Main]:   SEnv: modify in blocks avg per interval [ms] 
INFO[Main]:   Server: map saving (sum) [ms] ___________________    1x        1
INFO[Main]:   Server: send SAO messages [ms] 
INFO[Main]:   Server: update objects within range [ms] 
INFO[Main]:   Server::AsyncRunStep() [ms] _____________________   20x      0.1
INFO[Main]:   Server::RunStep() (max) [ms] ____________________    1x       51
INFO[Main]:   Server::SendBlocks(): Collect list [ms] 
INFO[Main]:   Server::SendBlocks(): Send to clients [ms] 
INFO[Main]:   ServerEnv: ABMs run 
INFO[Main]:   ServerEnv: Run SAO::step() [ms] 
INFO[Main]:   ServerEnv: Run node timers [ms] 
INFO[Main]:   ServerEnv: active blocks 
INFO[Main]:   ServerEnv: active blocks cached 
INFO[Main]:   ServerEnv: active blocks scanned for ABMs 
INFO[Main]:   ServerEnv::step() [ms] __________________________   20x     0.05
INFO[Main]:   ServerEnvironment::removeRemovedObjects() [ms] 
INFO[Main]: Profiler:
INFO[Main]:   ActiveObjectMgr: SAO count [#] 
INFO[Main]:   SEnv: modify in blocks avg per interval [ms] 
INFO[Main]:   Server: map saving (sum) [ms] 
INFO[Main]:   Server: map timer and unload [ms] 
INFO[Main]:   Server: send SAO messages [ms] 
INFO[Main]:   Server: update objects within range [ms] 
INFO[Main]:   Server::AsyncRunStep() [ms] 
INFO[Main]:   Server::RunStep() (max) [ms] ____________________    1x       51
INFO[Main]:   Server::SendBlocks(): Collect list [ms] 
INFO[Main]:   Server::SendBlocks(): Send to clients [ms] 
INFO[Main]:   ServerEnv: ABMs run 
INFO[Main]:   ServerEnv: Run SAO::step() [ms] 
INFO[Main]:   ServerEnv: Run node timers [ms] 
INFO[Main]:   ServerEnv: active blocks 
INFO[Main]:   ServerEnv: active blocks cached 
INFO[Main]:   ServerEnv: active blocks scanned for ABMs 
INFO[Main]:   ServerEnv: update active blocks [ms] 
INFO[Main]:   ServerEnv::step() [ms] 
INFO[Main]:   ServerEnvironment::removeRemovedObjects() [ms] 
INFO[Main]: Profiler:
INFO[Main]:   ActiveObjectMgr: SAO count [#] 
INFO[Main]:   SEnv: modify in blocks avg per interval [ms] 
INFO[Main]:   Server: map saving (sum) [ms] 
INFO[Main]:   Server: map timer and unload [ms] 
INFO[Main]:   Server: send SAO messages [ms] 
INFO[Main]:   Server: update objects within range [ms] 
INFO[Main]:   Server::AsyncRunStep() [ms] _____________________   20x     0.05
INFO[Main]:   Server::RunStep() (max) [ms] ____________________    1x       51
INFO[Main]:   Server::SendBlocks(): Collect list [ms] 
INFO[Main]:   Server::SendBlocks(): Send to clients [ms] 
INFO[Main]:   ServerEnv: ABMs run 
INFO[Main]:   ServerEnv: Run SAO::step() [ms] 
INFO[Main]:   ServerEnv: Run node timers [ms] 
INFO[Main]:   ServerEnv: active blocks 
INFO[Main]:   ServerEnv: active blocks cached 
INFO[Main]:   ServerEnv: active blocks scanned for ABMs 
INFO[Main]:   ServerEnv: update active blocks [ms] 
INFO[Main]:   ServerEnv::step() [ms] __________________________   20x     0.05
INFO[Main]:   ServerEnvironment::removeRemovedObjects() [ms] 
INFO[Main]: Profiler:
INFO[Main]:   ActiveObjectMgr: SAO count [#] 
INFO[Main]:   SEnv: modify in blocks avg per interval [ms] 
INFO[Main]:   Server: map saving (sum) [ms] 
INFO[Main]:   Server: map timer and unload [ms] 
INFO[Main]:   Server: send SAO messages [ms] 
INFO[Main]:   Server: update objects within range [ms] 
INFO[Main]:   Server::AsyncRunStep() [ms] 
INFO[Main]:   Server::RunStep() (max) [ms] ____________________    1x       51
INFO[Main]:   Server::SendBlocks(): Collect list [ms] 
INFO[Main]:   Server::SendBlocks(): Send to clients [ms] 
INFO[Main]:   ServerEnv: ABMs run 
INFO[Main]:   ServerEnv: Run SAO::step() [ms] 
INFO[Main]:   ServerEnv: Run node timers [ms] 
INFO[Main]:   ServerEnv: active blocks 
INFO[Main]:   ServerEnv: active blocks cached 
INFO[Main]:   ServerEnv: active blocks scanned for ABMs 
INFO[Main]:   ServerEnv: update active blocks [ms] 
INFO[Main]:   ServerEnv::step() [ms] 
INFO[Main]:   ServerEnvironment::removeRemovedObjects() [ms] 
INFO[Main]: Profiler:
INFO[Main]:   ActiveObjectMgr: SAO count [#] 
INFO[Main]:   SEnv: modify in blocks avg per interval [ms] 
INFO[Main]:   Server: map saving (sum) [ms] 
INFO[Main]:   Server: map timer and unload [ms] 
INFO[Main]:   Server: send SAO messages [ms] 
INFO[Main]:   Server: update objects within range [ms] 
INFO[Main]:   Server::AsyncRunStep() [ms] 
INFO[Main]:   Server::RunStep() (max) [ms] ____________________    1x       51
INFO[Main]:   Server::SendBlocks(): Collect list [ms] 
INFO[Main]:   Server::SendBlocks(): Send to clients [ms] 
INFO[Main]:   ServerEnv: ABMs run 
INFO[Main]:   ServerEnv: Run SAO::step() [ms] 
INFO[Main]:   ServerEnv: Run node timers [ms] 
INFO[Main]:   ServerEnv: active blocks 
INFO[Main]:   ServerEnv: active blocks cached 
INFO[Main]:   ServerEnv: active blocks scanned for ABMs 
INFO[Main]:   ServerEnv: update active blocks [ms] 
INFO[Main]:   ServerEnv::step() [ms] 
INFO[Main]:   ServerEnvironment::removeRemovedObjects() [ms] 
INFO[Main]: Profiler:
INFO[Main]:   ActiveObjectMgr: SAO count [#] 
INFO[Main]:   SEnv: modify in blocks avg per interval [ms] 
INFO[Main]:   Server: map saving (sum) [ms] 
INFO[Main]:   Server: map timer and unload [ms] 
INFO[Main]:   Server: send SAO messages [ms] 
INFO[Main]:   Server: update objects within range [ms] 
INFO[Main]:   Server::AsyncRunStep() [ms] 
INFO[Main]:   Server::RunStep() (max) [ms] ____________________    1x       51
INFO[Main]:   Server::SendBlocks(): Collect list [ms] 
INFO[Main]:   Server::SendBlocks(): Send to clients [ms] 
INFO[Main]:   ServerEnv: ABMs run 
INFO[Main]:   ServerEnv: Run SAO::step() [ms] 
INFO[Main]:   ServerEnv: Run node timers [ms] 
INFO[Main]:   ServerEnv: active blocks 
INFO[Main]:   ServerEnv: active blocks cached 
INFO[Main]:   ServerEnv: active blocks scanned for ABMs 
INFO[Main]:   ServerEnv: update active blocks [ms] 
INFO[Main]:   ServerEnv::step() [ms] 
INFO[Main]:   ServerEnvironment::removeRemovedObjects() [ms] 
INFO[Main]: Profiler:
INFO[Main]:   ActiveObjectMgr: SAO count [#] 
INFO[Main]:   SEnv: modify in blocks avg per interval [ms] 
INFO[Main]:   Server: map saving (sum) [ms] 
INFO[Main]:   Server: map timer and unload [ms] 
INFO[Main]:   Server: send SAO messages [ms] 
INFO[Main]:   Server: update objects within range [ms] 
INFO[Main]:   Server::AsyncRunStep() [ms] _____________________   20x     0.05
INFO[Main]:   Server::RunStep() (max) [ms] ____________________    1x       51
INFO[Main]:   Server::SendBlocks(): Collect list [ms] 
INFO[Main]:   Server::SendBlocks(): Send to clients [ms] 
INFO[Main]:   ServerEnv: ABMs run 
INFO[Main]:   ServerEnv: Run SAO::step() [ms] 
INFO[Main]:   ServerEnv: Run node timers [ms] 
INFO[Main]:   ServerEnv: active blocks 
INFO[Main]:   ServerEnv: active blocks cached 
INFO[Main]:   ServerEnv: active blocks scanned for ABMs 
INFO[Main]:   ServerEnv: update active blocks [ms] 
INFO[Main]:   ServerEnv::step() [ms] __________________________   20x     0.05
INFO[Main]:   ServerEnvironment::removeRemovedObjects() [ms] 
INFO[Emerge-0]: initialEmerge: area: (-128,-48,-2528)(-17,63,-2417)=112x112x112=1404928 (5MB)
INFO[Main]: Profiler:
INFO[Main]:   ActiveObjectMgr: SAO count [#] 
INFO[Main]:   Emerge-0: processed [#] _________________________    1x        1
INFO[Main]:   EmergeThread: Mapgen::makeChunk [ms] ____________    1x       33
INFO[Main]:   EmergeThread: load block - async (sum) [ms] 
INFO[Main]:   EmergeThread: update lighting [ms] ______________    1x        6
INFO[Main]:   SEnv: modify in blocks avg per interval [ms] 
INFO[Main]:   Server: map saving (sum) [ms] 
INFO[Main]:   Server: map timer and unload [ms] 
INFO[Main]:   Server: send SAO messages [ms] 
INFO[Main]:   Server: update objects within range [ms] 
INFO[Main]:   Server::AsyncRunStep() [ms] _____________________   20x     0.05
INFO[Main]:   Server::RunStep() (max) [ms] ____________________    1x       51
INFO[Main]:   Server::SendBlocks(): Collect list [ms] 
INFO[Main]:   Server::SendBlocks(): Send to clients [ms] 
INFO[Main]:   ServerEnv: ABMs run 
INFO[Main]:   ServerEnv: Run SAO::step() [ms] 
INFO[Main]:   ServerEnv: Run node timers [ms] 
INFO[Main]:   ServerEnv: active blocks 
INFO[Main]:   ServerEnv: active blocks cached 
INFO[Main]:   ServerEnv: active blocks scanned for ABMs 
INFO[Main]:   ServerEnv: update active blocks [ms] 
INFO[Main]:   ServerEnv::step() [ms] 
INFO[Main]:   ServerEnvironment::removeRemovedObjects() [ms] 
INFO[Main]:   ServerMap: load block - sync (sum) [ms] _________    1x        1
INFO[Server]: ServerMap: Written: 343 blocks, 343 blocks in memory.
INFO[Server]: ServerMap: Blocks modified by: 
INFO[Server]:   setIsUnderground ________________________________    1x      343
ACTION[Emerge-0]: GRUG_WP40_PROFILE_CALLBACK callback=1 minp=-112,-32,-2512 maxp=-33,47,-2433 blockseed=287273105 plan_us=344513 writer_us=284758 total_us=629271 columns=6400 candidate_cells=49 candidates=338 r5_runs=25600 result=applied_clq vm_get_emerged_area_calls=1 vm_get_emerged_area_us=2 vm_get_data_calls=1 vm_get_data_us=4076 vm_get_param2_data_calls=1 vm_get_param2_data_us=3990 vm_get_light_data_calls=2 vm_get_light_data_us=8095 vm_set_data_calls=1 vm_set_data_us=7191 vm_set_param2_data_calls=0 vm_set_param2_data_us=0 vm_set_lighting_calls=81 vm_set_lighting_us=159 vm_calc_lighting_calls=1 vm_calc_lighting_us=3124 vm_set_light_data_calls=1 vm_set_light_data_us=7043 vm_update_liquids_calls=1 vm_update_liquids_us=911
ACTION[Emerge-0]: GRUG_WP40_PROFILE_PROBE phase=cold event=emerge case=owner_-112:-32:-2512 mapchunk=-112,-32,-2512 elapsed_us=9608541 generated=1 disk=0 memory=124 cancelled=0 errored=0
INFO[Emerge-0]: initialEmerge: area: (-128,-48,-2608)(-17,63,-2497)=112x112x112=1404928 (5MB)
INFO[Main]: Profiler:
INFO[Main]:   ActiveObjectMgr: SAO count [#] 
INFO[Main]:   Emerge-0: processed [#] _________________________    1x      125
INFO[Main]:   EmergeThread: Lua on_generated [ms] _____________    1x      629
INFO[Main]:   EmergeThread: Mapgen::makeChunk [ms] ____________    1x       32
INFO[Main]:   EmergeThread: after Mapgen::makeChunk [ms] ______    1x        1
INFO[Main]:   EmergeThread: load block - async (sum) [ms] 
INFO[Main]:   EmergeThread: update lighting [ms] ______________   83x     0.12
INFO[Main]:   SEnv: modify in blocks avg per interval [ms] 
INFO[Main]:   Server: map saving (sum) [ms] ___________________    1x        4
INFO[Main]:   Server: map timer and unload [ms] 
INFO[Main]:   Server: send SAO messages [ms] 
INFO[Main]:   Server: update objects within range [ms] 
INFO[Main]:   Server::AsyncRunStep() [ms] _____________________   20x      0.2
INFO[Main]:   Server::RunStep() (max) [ms] ____________________    1x       51
INFO[Main]:   Server::SendBlocks(): Collect list [ms] 
INFO[Main]:   Server::SendBlocks(): Send to clients [ms] 
INFO[Main]:   ServerEnv: ABMs run 
INFO[Main]:   ServerEnv: Run SAO::step() [ms] 
INFO[Main]:   ServerEnv: Run node timers [ms] 
INFO[Main]:   ServerEnv: active blocks 
INFO[Main]:   ServerEnv: active blocks cached 
INFO[Main]:   ServerEnv: active blocks scanned for ABMs 
INFO[Main]:   ServerEnv: update active blocks [ms] 
INFO[Main]:   ServerEnv::step() [ms] 
INFO[Main]:   ServerEnvironment::removeRemovedObjects() [ms] 
INFO[Main]:   ServerMap: load block - sync (sum) [ms] _________    1x        1
INFO[Server]: ServerMap: Written: 588 blocks, 588 blocks in memory.
INFO[Server]: ServerMap: Blocks modified by: 
INFO[Server]:   finishBlockMake: expireIsAir, MMVManip::blitBackAll     1x      218
INFO[Server]:   setGenerated, finishBlockMake: expireIsAir, MMVManip::blitBackAll     1x      125
INFO[Server]:   setIsUnderground ________________________________    1x      245
ACTION[Emerge-0]: GRUG_WP40_PROFILE_CALLBACK callback=2 minp=-112,-32,-2592 maxp=-33,47,-2513 blockseed=1650661153 plan_us=219666 writer_us=385591 total_us=605257 columns=6400 candidate_cells=49 candidates=69 r5_runs=25600 result=applied_cplq vm_get_emerged_area_calls=1 vm_get_emerged_area_us=2 vm_get_data_calls=1 vm_get_data_us=4071 vm_get_param2_data_calls=1 vm_get_param2_data_us=4075 vm_get_light_data_calls=2 vm_get_light_data_us=8890 vm_set_data_calls=1 vm_set_data_us=7210 vm_set_param2_data_calls=1 vm_set_param2_data_us=7092 vm_set_lighting_calls=96 vm_set_lighting_us=157 vm_calc_lighting_calls=1 vm_calc_lighting_us=3677 vm_set_light_data_calls=1 vm_set_light_data_us=7069 vm_update_liquids_calls=1 vm_update_liquids_us=997
ACTION[Emerge-0]: GRUG_WP40_PROFILE_PROBE phase=cold event=emerge case=owner_-112:-32:-2592 mapchunk=-112,-32,-2592 elapsed_us=640210 generated=1 disk=0 memory=124 cancelled=0 errored=0
INFO[Emerge-0]: initialEmerge: area: (-128,-48,-2688)(-17,63,-2577)=112x112x112=1404928 (5MB)
ACTION[Emerge-0]: GRUG_WP40_PROFILE_CALLBACK callback=3 minp=-112,-32,-2672 maxp=-33,47,-2593 blockseed=1502518227 plan_us=239752 writer_us=367142 total_us=606894 columns=6400 candidate_cells=49 candidates=472 r5_runs=25600 result=applied_clq vm_get_emerged_area_calls=1 vm_get_emerged_area_us=1 vm_get_data_calls=1 vm_get_data_us=4063 vm_get_param2_data_calls=1 vm_get_param2_data_us=4115 vm_get_light_data_calls=2 vm_get_light_data_us=8123 vm_set_data_calls=1 vm_set_data_us=7204 vm_set_param2_data_calls=0 vm_set_param2_data_us=0 vm_set_lighting_calls=96 vm_set_lighting_us=144 vm_calc_lighting_calls=1 vm_calc_lighting_us=3602 vm_set_light_data_calls=1 vm_set_light_data_us=7022 vm_update_liquids_calls=1 vm_update_liquids_us=903
ACTION[Emerge-0]: GRUG_WP40_PROFILE_PROBE phase=cold event=emerge case=owner_-112:-32:-2672 mapchunk=-112,-32,-2672 elapsed_us=642520 generated=1 disk=0 memory=124 cancelled=0 errored=0
INFO[Emerge-0]: initialEmerge: area: (-128,-48,2432)(-17,63,2543)=112x112x112=1404928 (5MB)
INFO[Main]: Profiler:
INFO[Main]:   ActiveObjectMgr: SAO count [#] 
INFO[Main]:   Emerge-0: processed [#] _________________________    1x      250
INFO[Main]:   EmergeThread: Lua on_generated [ms] _____________    2x      606
INFO[Main]:   EmergeThread: Mapgen::makeChunk [ms] ____________    2x     30.5
INFO[Main]:   EmergeThread: after Mapgen::makeChunk [ms] ______    2x        1
INFO[Main]:   EmergeThread: load block - async (sum) [ms] 
INFO[Main]:   EmergeThread: update lighting [ms] ______________  196x    0.091
INFO[Main]:   SEnv: modify in blocks avg per interval [ms] 
INFO[Main]:   Server: map saving (sum) [ms] ___________________    1x        7
INFO[Main]:   Server: map timer and unload [ms] 
INFO[Main]:   Server: send SAO messages [ms] 
INFO[Main]:   Server: update objects within range [ms] 
INFO[Main]:   Server::AsyncRunStep() [ms] _____________________   20x      0.4
INFO[Main]:   Server::RunStep() (max) [ms] ____________________    1x       51
INFO[Main]:   Server::SendBlocks(): Collect list [ms] 
INFO[Main]:   Server::SendBlocks(): Send to clients [ms] 
INFO[Main]:   ServerEnv: ABMs run 
INFO[Main]:   ServerEnv: Run SAO::step() [ms] 
INFO[Main]:   ServerEnv: Run node timers [ms] 
INFO[Main]:   ServerEnv: active blocks 
INFO[Main]:   ServerEnv: active blocks cached 
INFO[Main]:   ServerEnv: active blocks scanned for ABMs 
INFO[Main]:   ServerEnv: update active blocks [ms] 
INFO[Main]:   ServerEnv::step() [ms] __________________________   20x     0.05
INFO[Main]:   ServerEnvironment::removeRemovedObjects() [ms] 
INFO[Main]:   ServerMap: load block - sync (sum) [ms] 
INFO[Server]: ServerMap: Written: 931 blocks, 1176 blocks in memory.
INFO[Server]: ServerMap: Blocks modified by: 
INFO[Server]:   finishBlockMake: expireIsAir, MMVManip::blitBackAll     1x      193
INFO[Server]:   setGenerated, finishBlockMake: expireIsAir, MMVManip::blitBackAll     1x      150
INFO[Server]:   setIsUnderground ________________________________    1x      343
INFO[Server]:   setIsUnderground, finishBlockMake: expireIsAir, MMVManip::blitBackAll     1x      145
INFO[Server]:   setIsUnderground, setGenerated, finishBlockMake: expireIsAir, MMVManip::blitBackAll     1x      100
ACTION[Emerge-0]: GRUG_WP40_PROFILE_CALLBACK callback=4 minp=-112,-32,2448 maxp=-33,47,2527 blockseed=622094185 plan_us=317261 writer_us=397689 total_us=714950 columns=6400 candidate_cells=49 candidates=66 r5_runs=20427 result=applied_cplq vm_get_emerged_area_calls=1 vm_get_emerged_area_us=2 vm_get_data_calls=1 vm_get_data_us=4070 vm_get_param2_data_calls=1 vm_get_param2_data_us=4064 vm_get_light_data_calls=2 vm_get_light_data_us=8190 vm_set_data_calls=1 vm_set_data_us=7261 vm_set_param2_data_calls=1 vm_set_param2_data_us=7217 vm_set_lighting_calls=1 vm_set_lighting_us=144 vm_calc_lighting_calls=1 vm_calc_lighting_us=1713 vm_set_light_data_calls=1 vm_set_light_data_us=7046 vm_update_liquids_calls=1 vm_update_liquids_us=955
ACTION[Emerge-0]: GRUG_WP40_PROFILE_PROBE phase=cold event=emerge case=owner_-112:-32:2448 mapchunk=-112,-32,2448 elapsed_us=747666 generated=1 disk=0 memory=124 cancelled=0 errored=0
INFO[Emerge-0]: initialEmerge: area: (-128,-48,2512)(-17,63,2623)=112x112x112=1404928 (5MB)
INFO[Main]: Profiler:
INFO[Main]:   ActiveObjectMgr: SAO count [#] 
INFO[Main]:   Emerge-0: processed [#] _________________________    1x      125
INFO[Main]:   EmergeThread: Lua on_generated [ms] _____________    1x      715
INFO[Main]:   EmergeThread: Mapgen::makeChunk [ms] ____________    1x       29
INFO[Main]:   EmergeThread: after Mapgen::makeChunk [ms] ______    1x        1
INFO[Main]:   EmergeThread: load block - async (sum) [ms] 
INFO[Main]:   EmergeThread: update lighting [ms] ______________    3x        2
INFO[Main]:   SEnv: modify in blocks avg per interval [ms] 
INFO[Main]:   Server: map saving (sum) [ms] ___________________    1x       11
INFO[Main]:   Server: map timer and unload [ms] 
INFO[Main]:   Server: send SAO messages [ms] 
INFO[Main]:   Server: update objects within range [ms] 
INFO[Main]:   Server::AsyncRunStep() [ms] _____________________   20x     0.55
INFO[Main]:   Server::RunStep() (max) [ms] ____________________    1x       51
INFO[Main]:   Server::SendBlocks(): Collect list [ms] 
INFO[Main]:   Server::SendBlocks(): Send to clients [ms] 
INFO[Main]:   ServerEnv: ABMs run 
INFO[Main]:   ServerEnv: Run SAO::step() [ms] 
INFO[Main]:   ServerEnv: Run node timers [ms] 
INFO[Main]:   ServerEnv: active blocks 
INFO[Main]:   ServerEnv: active blocks cached 
INFO[Main]:   ServerEnv: active blocks scanned for ABMs 
INFO[Main]:   ServerEnv: update active blocks [ms] 
INFO[Main]:   ServerEnv::step() [ms] 
INFO[Main]:   ServerEnvironment::removeRemovedObjects() [ms] 
INFO[Main]:   ServerMap: load block - sync (sum) [ms] 
INFO[Server]: ServerMap: Written: 588 blocks, 1421 blocks in memory.
INFO[Server]: ServerMap: Blocks modified by: 
INFO[Server]:   finishBlockMake: expireIsAir, MMVManip::blitBackAll     1x      218
INFO[Server]:   setGenerated, finishBlockMake: expireIsAir, MMVManip::blitBackAll     1x      125
INFO[Server]:   setIsUnderground ________________________________    1x      245
ACTION[Emerge-0]: GRUG_WP40_PROFILE_CALLBACK callback=5 minp=-112,-32,2528 maxp=-33,47,2607 blockseed=1035896537 plan_us=217507 writer_us=407969 total_us=625476 columns=6400 candidate_cells=49 candidates=69 r5_runs=19194 result=applied_cplq vm_get_emerged_area_calls=1 vm_get_emerged_area_us=2 vm_get_data_calls=1 vm_get_data_us=4070 vm_get_param2_data_calls=1 vm_get_param2_data_us=4061 vm_get_light_data_calls=2 vm_get_light_data_us=8683 vm_set_data_calls=1 vm_set_data_us=7211 vm_set_param2_data_calls=1 vm_set_param2_data_us=7090 vm_set_lighting_calls=1 vm_set_lighting_us=146 vm_calc_lighting_calls=1 vm_calc_lighting_us=1383 vm_set_light_data_calls=1 vm_set_light_data_us=7016 vm_update_liquids_calls=1 vm_update_liquids_us=972
ACTION[Emerge-0]: GRUG_WP40_PROFILE_PROBE phase=cold event=emerge case=owner_-112:-32:2528 mapchunk=-112,-32,2528 elapsed_us=656115 generated=1 disk=0 memory=124 cancelled=0 errored=0
INFO[Emerge-0]: initialEmerge: area: (-128,-48,2592)(-17,63,2703)=112x112x112=1404928 (5MB)
INFO[Main]: Profiler:
INFO[Main]:   ActiveObjectMgr: SAO count [#] 
INFO[Main]:   Emerge-0: processed [#] _________________________    1x      125
INFO[Main]:   EmergeThread: Lua on_generated [ms] _____________    1x      625
INFO[Main]:   EmergeThread: Mapgen::makeChunk [ms] ____________    1x       30
INFO[Main]:   EmergeThread: after Mapgen::makeChunk [ms] ______    1x        1
INFO[Main]:   EmergeThread: load block - async (sum) [ms] 
INFO[Main]:   EmergeThread: update lighting [ms] ______________    3x    2.333
INFO[Main]:   SEnv: modify in blocks avg per interval [ms] 
INFO[Main]:   Server: map saving (sum) [ms] ___________________    1x        8
INFO[Main]:   Server: map timer and unload [ms] 
INFO[Main]:   Server: send SAO messages [ms] 
INFO[Main]:   Server: update objects within range [ms] 
INFO[Main]:   Server::AsyncRunStep() [ms] _____________________   20x      0.4
INFO[Main]:   Server::RunStep() (max) [ms] ____________________    1x       51
INFO[Main]:   Server::SendBlocks(): Collect list [ms] 
INFO[Main]:   Server::SendBlocks(): Send to clients [ms] 
INFO[Main]:   ServerEnv: ABMs run 
INFO[Main]:   ServerEnv: Run SAO::step() [ms] 
INFO[Main]:   ServerEnv: Run node timers [ms] 
INFO[Main]:   ServerEnv: active blocks 
INFO[Main]:   ServerEnv: active blocks cached 
INFO[Main]:   ServerEnv: active blocks scanned for ABMs 
INFO[Main]:   ServerEnv: update active blocks [ms] 
INFO[Main]:   ServerEnv::step() [ms] 
INFO[Main]:   ServerEnvironment::removeRemovedObjects() [ms] 
INFO[Main]:   ServerMap: load block - sync (sum) [ms] 
INFO[Server]: ServerMap: Written: 588 blocks, 1666 blocks in memory.
INFO[Server]: ServerMap: Blocks modified by: 
INFO[Server]:   finishBlockMake: expireIsAir, MMVManip::blitBackAll     1x      218
INFO[Server]:   setGenerated, finishBlockMake: expireIsAir, MMVManip::blitBackAll     1x      125
INFO[Server]:   setIsUnderground ________________________________    1x      245
ACTION[Emerge-0]: GRUG_WP40_PROFILE_CALLBACK callback=6 minp=-112,-32,2608 maxp=-33,47,2687 blockseed=2473450347 plan_us=256679 writer_us=469794 total_us=726473 columns=6400 candidate_cells=49 candidates=1028 r5_runs=21937 result=applied_cplq vm_get_emerged_area_calls=1 vm_get_emerged_area_us=5 vm_get_data_calls=1 vm_get_data_us=4072 vm_get_param2_data_calls=1 vm_get_param2_data_us=4083 vm_get_light_data_calls=2 vm_get_light_data_us=8144 vm_set_data_calls=1 vm_set_data_us=7209 vm_set_param2_data_calls=1 vm_set_param2_data_us=7103 vm_set_lighting_calls=1 vm_set_lighting_us=146 vm_calc_lighting_calls=1 vm_calc_lighting_us=1733 vm_set_light_data_calls=1 vm_set_light_data_us=6913 vm_update_liquids_calls=1 vm_update_liquids_us=975
ACTION[Emerge-0]: GRUG_WP40_PROFILE_PROBE phase=cold event=emerge case=owner_-112:-32:2608 mapchunk=-112,-32,2608 elapsed_us=759596 generated=1 disk=0 memory=124 cancelled=0 errored=0
INFO[Emerge-0]: initialEmerge: area: (-128,32,2432)(-17,143,2543)=112x112x112=1404928 (5MB)
ACTION[Emerge-0]: GRUG_WP40_PROFILE_CALLBACK callback=7 minp=-112,48,2448 maxp=-33,127,2527 blockseed=940946297 plan_us=34609 writer_us=112484 total_us=147093 columns=6400 candidate_cells=49 candidates=66 r5_runs=11082 result=applied_cplq vm_get_emerged_area_calls=1 vm_get_emerged_area_us=2 vm_get_data_calls=1 vm_get_data_us=4074 vm_get_param2_data_calls=1 vm_get_param2_data_us=4061 vm_get_light_data_calls=2 vm_get_light_data_us=8162 vm_set_data_calls=1 vm_set_data_us=6981 vm_set_param2_data_calls=1 vm_set_param2_data_us=6861 vm_set_lighting_calls=50 vm_set_lighting_us=54 vm_calc_lighting_calls=1 vm_calc_lighting_us=9305 vm_set_light_data_calls=1 vm_set_light_data_us=6748 vm_update_liquids_calls=1 vm_update_liquids_us=944
ACTION[Emerge-0]: GRUG_WP40_PROFILE_PROBE phase=cold event=emerge case=owner_-112:48:2448 mapchunk=-112,48,2448 elapsed_us=173744 generated=1 disk=0 memory=124 cancelled=0 errored=0
INFO[Emerge-0]: initialEmerge: area: (-128,32,2512)(-17,143,2623)=112x112x112=1404928 (5MB)
ACTION[Emerge-0]: GRUG_WP40_PROFILE_CALLBACK callback=8 minp=-112,48,2528 maxp=-33,127,2607 blockseed=60822161 plan_us=32356 writer_us=176401 total_us=208757 columns=6400 candidate_cells=49 candidates=69 r5_runs=12696 result=applied_cplq vm_get_emerged_area_calls=1 vm_get_emerged_area_us=2 vm_get_data_calls=1 vm_get_data_us=4073 vm_get_param2_data_calls=1 vm_get_param2_data_us=4069 vm_get_light_data_calls=2 vm_get_light_data_us=8171 vm_set_data_calls=1 vm_set_data_us=7204 vm_set_param2_data_calls=1 vm_set_param2_data_us=7102 vm_set_lighting_calls=96 vm_set_lighting_us=63 vm_calc_lighting_calls=1 vm_calc_lighting_us=9640 vm_set_light_data_calls=1 vm_set_light_data_us=7025 vm_update_liquids_calls=1 vm_update_liquids_us=961
ACTION[Emerge-0]: GRUG_WP40_PROFILE_PROBE phase=cold event=emerge case=owner_-112:48:2528 mapchunk=-112,48,2528 elapsed_us=236412 generated=1 disk=0 memory=124 cancelled=0 errored=0
INFO[Emerge-0]: initialEmerge: area: (-1728,-128,-2608)(-1617,-17,-2497)=112x112x112=1404928 (5MB)
INFO[Main]: Profiler:
INFO[Main]:   ActiveObjectMgr: SAO count [#] 
INFO[Main]:   Emerge-0: processed [#] _________________________    1x      375
INFO[Main]:   EmergeThread: Lua on_generated [ms] _____________    3x  360.666
INFO[Main]:   EmergeThread: Mapgen::makeChunk [ms] ____________    3x   23.666
INFO[Main]:   EmergeThread: after Mapgen::makeChunk [ms] ______    3x        1
INFO[Main]:   EmergeThread: load block - async (sum) [ms] _____    1x        1
INFO[Main]:   EmergeThread: update lighting [ms] ______________  153x    0.261
INFO[Main]:   SEnv: modify in blocks avg per interval [ms] 
INFO[Main]:   Server: map saving (sum) [ms] ___________________    1x        7
INFO[Main]:   Server: map timer and unload [ms] 
INFO[Main]:   Server: send SAO messages [ms] 
INFO[Main]:   Server: update objects within range [ms] 
INFO[Main]:   Server::AsyncRunStep() [ms] _____________________   20x      0.4
INFO[Main]:   Server::RunStep() (max) [ms] ____________________    1x       51
INFO[Main]:   Server::SendBlocks(): Collect list [ms] 
INFO[Main]:   Server::SendBlocks(): Send to clients [ms] 
INFO[Main]:   ServerEnv: ABMs run 
INFO[Main]:   ServerEnv: Run SAO::step() [ms] 
INFO[Main]:   ServerEnv: Run node timers [ms] 
INFO[Main]:   ServerEnv: active blocks 
INFO[Main]:   ServerEnv: active blocks cached 
INFO[Main]:   ServerEnv: active blocks scanned for ABMs 
INFO[Main]:   ServerEnv: update active blocks [ms] 
INFO[Main]:   ServerEnv::step() [ms] __________________________   20x     0.05
INFO[Main]:   ServerEnvironment::removeRemovedObjects() [ms] 
INFO[Main]:   ServerMap: load block - sync (sum) [ms] _________    1x        3
INFO[Server]: ServerMap: Written: 1246 blocks, 2429 blocks in memory.
INFO[Server]: ServerMap: Blocks modified by: 
INFO[Server]:   finishBlockMake: expireIsAir, MMVManip::blitBackAll     1x      308
INFO[Server]:   setGenerated, finishBlockMake: expireIsAir, MMVManip::blitBackAll     1x      175
INFO[Server]:   setIsUnderground ________________________________    1x      343
INFO[Server]:   setIsUnderground, finishBlockMake: expireIsAir, MMVManip::blitBackAll     1x      220
INFO[Server]:   setIsUnderground, setGenerated, finishBlockMake: expireIsAir, MMVManip::blitBackAll     1x      200
ACTION[Emerge-0]: GRUG_WP40_PROFILE_CALLBACK callback=9 minp=-1712,-112,-2592 maxp=-1633,-33,-2513 blockseed=3312042865 plan_us=464699 writer_us=251229 total_us=715928 columns=6400 candidate_cells=49 candidates=470 r5_runs=6400 result=applied_clq vm_get_emerged_area_calls=1 vm_get_emerged_area_us=2 vm_get_data_calls=1 vm_get_data_us=4087 vm_get_param2_data_calls=1 vm_get_param2_data_us=4068 vm_get_light_data_calls=2 vm_get_light_data_us=8160 vm_set_data_calls=1 vm_set_data_us=7213 vm_set_param2_data_calls=0 vm_set_param2_data_us=0 vm_set_lighting_calls=1 vm_set_lighting_us=34 vm_calc_lighting_calls=1 vm_calc_lighting_us=797 vm_set_light_data_calls=1 vm_set_light_data_us=7029 vm_update_liquids_calls=1 vm_update_liquids_us=1059
ACTION[Emerge-0]: GRUG_WP40_PROFILE_PROBE phase=cold event=emerge case=owner_-1712:-112:-2592 mapchunk=-1712,-112,-2592 elapsed_us=739409 generated=1 disk=0 memory=124 cancelled=0 errored=0
INFO[Emerge-0]: initialEmerge: area: (-1808,-128,-2608)(-1697,-17,-2497)=112x112x112=1404928 (5MB)
ACTION[Emerge-0]: GRUG_WP40_PROFILE_CALLBACK callback=10 minp=-1792,-112,-2592 maxp=-1713,-33,-2513 blockseed=466823025 plan_us=220457 writer_us=84626 total_us=305083 columns=6400 candidate_cells=49 candidates=0 r5_runs=6400 result=applied_clq vm_get_emerged_area_calls=1 vm_get_emerged_area_us=2 vm_get_data_calls=1 vm_get_data_us=4070 vm_get_param2_data_calls=1 vm_get_param2_data_us=4061 vm_get_light_data_calls=2 vm_get_light_data_us=7992 vm_set_data_calls=1 vm_set_data_us=7211 vm_set_param2_data_calls=0 vm_set_param2_data_us=0 vm_set_lighting_calls=1 vm_set_lighting_us=44 vm_calc_lighting_calls=1 vm_calc_lighting_us=895 vm_set_light_data_calls=1 vm_set_light_data_us=7025 vm_update_liquids_calls=1 vm_update_liquids_us=1185
ACTION[Emerge-0]: GRUG_WP40_PROFILE_PROBE phase=cold event=emerge case=owner_-1792:-112:-2592 mapchunk=-1792,-112,-2592 elapsed_us=334201 generated=1 disk=0 memory=124 cancelled=0 errored=0
INFO[Emerge-0]: initialEmerge: area: (-1808,-48,-2528)(-1697,63,-2417)=112x112x112=1404928 (5MB)
INFO[Main]: Profiler:
INFO[Main]:   ActiveObjectMgr: SAO count [#] 
INFO[Main]:   Emerge-0: processed [#] _________________________    1x      250
INFO[Main]:   EmergeThread: Lua on_generated [ms] _____________    2x    510.5
INFO[Main]:   EmergeThread: Mapgen::makeChunk [ms] ____________    2x       24
INFO[Main]:   EmergeThread: after Mapgen::makeChunk [ms] ______    2x      3.5
INFO[Main]:   EmergeThread: load block - async (sum) [ms] 
INFO[Main]:   EmergeThread: update lighting [ms] ______________    6x    0.666
INFO[Main]:   SEnv: modify in blocks avg per interval [ms] 
INFO[Main]:   Server: map saving (sum) [ms] ___________________    1x       15
INFO[Main]:   Server: map timer and unload [ms] 
INFO[Main]:   Server: send SAO messages [ms] 
INFO[Main]:   Server: update objects within range [ms] 
INFO[Main]:   Server::AsyncRunStep() [ms] _____________________   20x     0.75
INFO[Main]:   Server::RunStep() (max) [ms] ____________________    1x       51
INFO[Main]:   Server::SendBlocks(): Collect list [ms] 
INFO[Main]:   Server::SendBlocks(): Send to clients [ms] 
INFO[Main]:   ServerEnv: ABMs run 
INFO[Main]:   ServerEnv: Run SAO::step() [ms] 
INFO[Main]:   ServerEnv: Run node timers [ms] 
INFO[Main]:   ServerEnv: active blocks 
INFO[Main]:   ServerEnv: active blocks cached 
INFO[Main]:   ServerEnv: active blocks scanned for ABMs 
INFO[Main]:   ServerEnv: update active blocks [ms] 
INFO[Main]:   ServerEnv::step() [ms] 
INFO[Main]:   ServerEnvironment::removeRemovedObjects() [ms] 
INFO[Main]:   ServerMap: load block - sync (sum) [ms] 
INFO[Server]: ServerMap: Written: 903 blocks, 2989 blocks in memory.
INFO[Server]: ServerMap: Blocks modified by: 
INFO[Server]:   finishBlockMake: expireIsAir, MMVManip::blitBackAll     1x      187
INFO[Server]:   setGenerated, finishBlockMake: expireIsAir, MMVManip::blitBackAll     1x      143
INFO[Server]:   setGenerated, setNode, finishBlockMake: expireIsAir, MMVManip::blitBackAll     1x        7
INFO[Server]:   setIsUnderground ________________________________    1x      315
INFO[Server]:   setIsUnderground, finishBlockMake: expireIsAir, MMVManip::blitBackAll     1x      130
INFO[Server]:   setIsUnderground, setGenerated, finishBlockMake: expireIsAir, MMVManip::blitBackAll     1x       76
INFO[Server]:   setIsUnderground, setGenerated, setNode, finishBlockMake: expireIsAir, MMVManip::blitBackAll     1x       24
INFO[Server]:   setIsUnderground, setNode, finishBlockMake: expireIsAir, MMVManip::blitBackAll     1x       15
INFO[Server]:   setNode, finishBlockMake: expireIsAir, MMVManip::blitBackAll     1x        6
ACTION[Emerge-0]: GRUG_WP40_PROFILE_CALLBACK callback=11 minp=-1792,-32,-2512 maxp=-1713,47,-2433 blockseed=3167975801 plan_us=236658 writer_us=340068 total_us=576726 columns=6400 candidate_cells=49 candidates=65 r5_runs=25600 result=applied_clq vm_get_emerged_area_calls=1 vm_get_emerged_area_us=2 vm_get_data_calls=1 vm_get_data_us=4071 vm_get_param2_data_calls=1 vm_get_param2_data_us=4062 vm_get_light_data_calls=2 vm_get_light_data_us=8145 vm_set_data_calls=1 vm_set_data_us=7218 vm_set_param2_data_calls=0 vm_set_param2_data_us=0 vm_set_lighting_calls=1 vm_set_lighting_us=145 vm_calc_lighting_calls=1 vm_calc_lighting_us=3610 vm_set_light_data_calls=1 vm_set_light_data_us=7028 vm_update_liquids_calls=1 vm_update_liquids_us=1035
ACTION[Emerge-0]: GRUG_WP40_PROFILE_PROBE phase=cold event=emerge case=owner_-1792:-32:-2512 mapchunk=-1792,-32,-2512 elapsed_us=605675 generated=1 disk=0 memory=124 cancelled=0 errored=0
INFO[Emerge-0]: initialEmerge: area: (-1808,-48,-2608)(-1697,63,-2497)=112x112x112=1404928 (5MB)
ACTION[Emerge-0]: GRUG_WP40_PROFILE_CALLBACK callback=12 minp=-1792,-32,-2592 maxp=-1713,47,-2513 blockseed=1129085769 plan_us=22758 writer_us=305766 total_us=328524 columns=6400 candidate_cells=49 candidates=0 r5_runs=25600 result=applied_cplq vm_get_emerged_area_calls=1 vm_get_emerged_area_us=2 vm_get_data_calls=1 vm_get_data_us=4075 vm_get_param2_data_calls=1 vm_get_param2_data_us=4065 vm_get_light_data_calls=2 vm_get_light_data_us=8121 vm_set_data_calls=1 vm_set_data_us=7221 vm_set_param2_data_calls=1 vm_set_param2_data_us=7099 vm_set_lighting_calls=1 vm_set_lighting_us=144 vm_calc_lighting_calls=1 vm_calc_lighting_us=5082 vm_set_light_data_calls=1 vm_set_light_data_us=7021 vm_update_liquids_calls=1 vm_update_liquids_us=990
ACTION[Emerge-0]: GRUG_WP40_PROFILE_PROBE phase=cold event=emerge case=owner_-1792:-32:-2592 mapchunk=-1792,-32,-2592 elapsed_us=361630 generated=1 disk=0 memory=124 cancelled=0 errored=0
INFO[Emerge-0]: initialEmerge: area: (-1808,-48,-2688)(-1697,63,-2577)=112x112x112=1404928 (5MB)
INFO[Main]: Profiler:
INFO[Main]:   ActiveObjectMgr: SAO count [#] 
INFO[Main]:   Emerge-0: processed [#] _________________________    1x      250
INFO[Main]:   EmergeThread: Lua on_generated [ms] _____________    2x    452.5
INFO[Main]:   EmergeThread: Mapgen::makeChunk [ms] ____________    2x       30
INFO[Main]:   EmergeThread: after Mapgen::makeChunk [ms] ______    2x      0.5
INFO[Main]:   EmergeThread: load block - async (sum) [ms] 
INFO[Main]:   EmergeThread: update lighting [ms] ______________    6x    2.833
INFO[Main]:   SEnv: modify in blocks avg per interval [ms] 
INFO[Main]:   Server: map saving (sum) [ms] ___________________    1x       13
INFO[Main]:   Server: map timer and unload [ms] 
INFO[Main]:   Server: send SAO messages [ms] 
INFO[Main]:   Server: update objects within range [ms] 
INFO[Main]:   Server::AsyncRunStep() [ms] _____________________   20x      0.7
INFO[Main]:   Server::RunStep() (max) [ms] ____________________    1x       51
INFO[Main]:   Server::SendBlocks(): Collect list [ms] 
INFO[Main]:   Server::SendBlocks(): Send to clients [ms] 
INFO[Main]:   ServerEnv: ABMs run 
INFO[Main]:   ServerEnv: Run SAO::step() [ms] 
INFO[Main]:   ServerEnv: Run node timers [ms] 
INFO[Main]:   ServerEnv: active blocks 
INFO[Main]:   ServerEnv: active blocks cached 
INFO[Main]:   ServerEnv: active blocks scanned for ABMs 
INFO[Main]:   ServerEnv: update active blocks [ms] 
INFO[Main]:   ServerEnv::step() [ms] __________________________   20x     0.05
INFO[Main]:   ServerEnvironment::removeRemovedObjects() [ms] 
INFO[Main]:   ServerMap: load block - sync (sum) [ms] _________    1x        1
INFO[Server]: ServerMap: Written: 833 blocks, 3409 blocks in memory.
INFO[Server]: ServerMap: Blocks modified by: 
INFO[Server]:   finishBlockMake: expireIsAir, MMVManip::blitBackAll     1x      243
INFO[Server]:   setGenerated, finishBlockMake: expireIsAir, MMVManip::blitBackAll     1x      170
INFO[Server]:   setIsUnderground ________________________________    1x      245
INFO[Server]:   setIsUnderground, finishBlockMake: expireIsAir, MMVManip::blitBackAll     1x       95
INFO[Server]:   setIsUnderground, setGenerated, finishBlockMake: expireIsAir, MMVManip::blitBackAll     1x       80
ACTION[Emerge-0]: GRUG_WP40_PROFILE_CALLBACK callback=13 minp=-1792,-32,-2672 maxp=-1713,47,-2593 blockseed=1283694911 plan_us=253901 writer_us=242343 total_us=496244 columns=6400 candidate_cells=49 candidates=100 r5_runs=25600 result=applied_clq vm_get_emerged_area_calls=1 vm_get_emerged_area_us=3 vm_get_data_calls=1 vm_get_data_us=4076 vm_get_param2_data_calls=1 vm_get_param2_data_us=4084 vm_get_light_data_calls=2 vm_get_light_data_us=8131 vm_set_data_calls=1 vm_set_data_us=7227 vm_set_param2_data_calls=0 vm_set_param2_data_us=0 vm_set_lighting_calls=96 vm_set_lighting_us=155 vm_calc_lighting_calls=1 vm_calc_lighting_us=4074 vm_set_light_data_calls=1 vm_set_light_data_us=7035 vm_update_liquids_calls=1 vm_update_liquids_us=966
ACTION[Emerge-0]: GRUG_WP40_PROFILE_PROBE phase=cold event=emerge case=owner_-1792:-32:-2672 mapchunk=-1792,-32,-2672 elapsed_us=529689 generated=1 disk=0 memory=124 cancelled=0 errored=0
INFO[Emerge-0]: initialEmerge: area: (-1808,-48,2432)(-1697,63,2543)=112x112x112=1404928 (5MB)
INFO[Main]: Profiler:
INFO[Main]:   ActiveObjectMgr: SAO count [#] 
INFO[Main]:   Emerge-0: processed [#] _________________________    1x      125
INFO[Main]:   EmergeThread: Lua on_generated [ms] _____________    1x      496
INFO[Main]:   EmergeThread: Mapgen::makeChunk [ms] ____________    1x       31
INFO[Main]:   EmergeThread: after Mapgen::makeChunk [ms] ______    1x        1
INFO[Main]:   EmergeThread: load block - async (sum) [ms] 
INFO[Main]:   EmergeThread: update lighting [ms] ______________   98x    0.102
INFO[Main]:   SEnv: modify in blocks avg per interval [ms] 
INFO[Main]:   Server: map saving (sum) [ms] ___________________    1x       11
INFO[Main]:   Server: map timer and unload [ms] 
INFO[Main]:   Server: send SAO messages [ms] 
INFO[Main]:   Server: update objects within range [ms] 
INFO[Main]:   Server::AsyncRunStep() [ms] _____________________   20x      0.6
INFO[Main]:   Server::RunStep() (max) [ms] ____________________    1x       51
INFO[Main]:   Server::SendBlocks(): Collect list [ms] 
INFO[Main]:   Server::SendBlocks(): Send to clients [ms] 
INFO[Main]:   ServerEnv: ABMs run 
INFO[Main]:   ServerEnv: Run SAO::step() [ms] 
INFO[Main]:   ServerEnv: Run node timers [ms] 
INFO[Main]:   ServerEnv: active blocks 
INFO[Main]:   ServerEnv: active blocks cached 
INFO[Main]:   ServerEnv: active blocks scanned for ABMs 
INFO[Main]:   ServerEnv: update active blocks [ms] 
INFO[Main]:   ServerEnv::step() [ms] 
INFO[Main]:   ServerEnvironment::removeRemovedObjects() [ms] 
INFO[Main]:   ServerMap: load block - sync (sum) [ms] 
INFO[Server]: ServerMap: Written: 686 blocks, 3752 blocks in memory.
INFO[Server]: ServerMap: Blocks modified by: 
INFO[Server]:   finishBlockMake: expireIsAir, MMVManip::blitBackAll     1x      218
INFO[Server]:   setGenerated, finishBlockMake: expireIsAir, MMVManip::blitBackAll     1x      125
INFO[Server]:   setIsUnderground ________________________________    1x      343
ACTION[Emerge-0]: GRUG_WP40_PROFILE_CALLBACK callback=14 minp=-1792,-32,2448 maxp=-1713,47,2527 blockseed=2313056817 plan_us=379017 writer_us=431238 total_us=810255 columns=6400 candidate_cells=49 candidates=0 r5_runs=10052 result=applied_clq vm_get_emerged_area_calls=1 vm_get_emerged_area_us=2 vm_get_data_calls=1 vm_get_data_us=4073 vm_get_param2_data_calls=1 vm_get_param2_data_us=4062 vm_get_light_data_calls=2 vm_get_light_data_us=8129 vm_set_data_calls=1 vm_set_data_us=7773 vm_set_param2_data_calls=0 vm_set_param2_data_us=0 vm_set_lighting_calls=1 vm_set_lighting_us=165 vm_calc_lighting_calls=1 vm_calc_lighting_us=867 vm_set_light_data_calls=1 vm_set_light_data_us=7194 vm_update_liquids_calls=1 vm_update_liquids_us=936
ACTION[Emerge-0]: GRUG_WP40_PROFILE_PROBE phase=cold event=emerge case=owner_-1792:-32:2448 mapchunk=-1792,-32,2448 elapsed_us=844551 generated=1 disk=0 memory=124 cancelled=0 errored=0
INFO[Emerge-0]: initialEmerge: area: (-1808,-48,2512)(-1697,63,2623)=112x112x112=1404928 (5MB)
ACTION[Emerge-0]: GRUG_WP40_PROFILE_CALLBACK callback=15 minp=-1792,-32,2528 maxp=-1713,47,2607 blockseed=2959548065 plan_us=272503 writer_us=397104 total_us=669607 columns=6400 candidate_cells=49 candidates=0 r5_runs=6476 result=applied_clq vm_get_emerged_area_calls=1 vm_get_emerged_area_us=2 vm_get_data_calls=1 vm_get_data_us=4070 vm_get_param2_data_calls=1 vm_get_param2_data_us=3806 vm_get_light_data_calls=2 vm_get_light_data_us=8139 vm_set_data_calls=1 vm_set_data_us=7218 vm_set_param2_data_calls=0 vm_set_param2_data_us=0 vm_set_lighting_calls=1 vm_set_lighting_us=144 vm_calc_lighting_calls=1 vm_calc_lighting_us=875 vm_set_light_data_calls=1 vm_set_light_data_us=7026 vm_update_liquids_calls=1 vm_update_liquids_us=927
ACTION[Emerge-0]: GRUG_WP40_PROFILE_PROBE phase=cold event=emerge case=owner_-1792:-32:2528 mapchunk=-1792,-32,2528 elapsed_us=705133 generated=1 disk=0 memory=124 cancelled=0 errored=0
INFO[Emerge-0]: initialEmerge: area: (-1808,-48,2592)(-1697,63,2703)=112x112x112=1404928 (5MB)
INFO[Main]: Profiler:
INFO[Main]:   ActiveObjectMgr: SAO count [#] 
INFO[Main]:   Emerge-0: processed [#] _________________________    1x      250
INFO[Main]:   EmergeThread: Lua on_generated [ms] _____________    2x      740
INFO[Main]:   EmergeThread: Mapgen::makeChunk [ms] ____________    2x     32.5
INFO[Main]:   EmergeThread: after Mapgen::makeChunk [ms] ______    2x        1
INFO[Main]:   EmergeThread: load block - async (sum) [ms] 
INFO[Main]:   EmergeThread: update lighting [ms] ______________    6x      2.5
INFO[Main]:   SEnv: modify in blocks avg per interval [ms] 
INFO[Main]:   Server: map saving (sum) [ms] ___________________    1x        9
INFO[Main]:   Server: map timer and unload [ms] 
INFO[Main]:   Server: send SAO messages [ms] 
INFO[Main]:   Server: update objects within range [ms] 
INFO[Main]:   Server::AsyncRunStep() [ms] _____________________   20x     0.45
INFO[Main]:   Server::RunStep() (max) [ms] ____________________    1x       51
INFO[Main]:   Server::SendBlocks(): Collect list [ms] 
INFO[Main]:   Server::SendBlocks(): Send to clients [ms] 
INFO[Main]:   ServerEnv: ABMs run 
INFO[Main]:   ServerEnv: Run SAO::step() [ms] 
INFO[Main]:   ServerEnv: Run node timers [ms] 
INFO[Main]:   ServerEnv: active blocks 
INFO[Main]:   ServerEnv: active blocks cached 
INFO[Main]:   ServerEnv: active blocks scanned for ABMs 
INFO[Main]:   ServerEnv: update active blocks [ms] 
INFO[Main]:   ServerEnv::step() [ms] 
INFO[Main]:   ServerEnvironment::removeRemovedObjects() [ms] 
INFO[Main]:   ServerMap: load block - sync (sum) [ms] _________    1x        2
INFO[Server]: ServerMap: Written: 833 blocks, 4242 blocks in memory.
INFO[Server]: ServerMap: Blocks modified by: 
INFO[Server]:   finishBlockMake: expireIsAir, MMVManip::blitBackAll     1x      193
INFO[Server]:   setGenerated, finishBlockMake: expireIsAir, MMVManip::blitBackAll     1x      150
INFO[Server]:   setIsUnderground ________________________________    1x      245
INFO[Server]:   setIsUnderground, finishBlockMake: expireIsAir, MMVManip::blitBackAll     1x      145
INFO[Server]:   setIsUnderground, setGenerated, finishBlockMake: expireIsAir, MMVManip::blitBackAll     1x      100
ACTION[Emerge-0]: GRUG_WP40_PROFILE_CALLBACK callback=16 minp=-1792,-32,2608 maxp=-1713,47,2687 blockseed=3856110743 plan_us=305113 writer_us=409719 total_us=714832 columns=6400 candidate_cells=49 candidates=63 r5_runs=6400 result=applied_clq vm_get_emerged_area_calls=1 vm_get_emerged_area_us=3 vm_get_data_calls=1 vm_get_data_us=4080 vm_get_param2_data_calls=1 vm_get_param2_data_us=4063 vm_get_light_data_calls=2 vm_get_light_data_us=8157 vm_set_data_calls=1 vm_set_data_us=7220 vm_set_param2_data_calls=0 vm_set_param2_data_us=0 vm_set_lighting_calls=1 vm_set_lighting_us=157 vm_calc_lighting_calls=1 vm_calc_lighting_us=858 vm_set_light_data_calls=1 vm_set_light_data_us=7080 vm_update_liquids_calls=1 vm_update_liquids_us=920
ACTION[Emerge-0]: GRUG_WP40_PROFILE_PROBE phase=cold event=emerge case=owner_-1792:-32:2608 mapchunk=-1792,-32,2608 elapsed_us=751175 generated=1 disk=0 memory=124 cancelled=0 errored=0
INFO[Emerge-0]: initialEmerge: area: (-1808,32,2432)(-1697,143,2543)=112x112x112=1404928 (5MB)
ACTION[Emerge-0]: GRUG_WP40_PROFILE_CALLBACK callback=17 minp=-1792,48,2448 maxp=-1713,127,2527 blockseed=124290945 plan_us=26744 writer_us=163886 total_us=190630 columns=6400 candidate_cells=49 candidates=0 r5_runs=16662 result=applied_cplq vm_get_emerged_area_calls=1 vm_get_emerged_area_us=1 vm_get_data_calls=1 vm_get_data_us=4078 vm_get_param2_data_calls=1 vm_get_param2_data_us=4076 vm_get_light_data_calls=2 vm_get_light_data_us=8126 vm_set_data_calls=1 vm_set_data_us=7217 vm_set_param2_data_calls=1 vm_set_param2_data_us=7091 vm_set_lighting_calls=75 vm_set_lighting_us=73 vm_calc_lighting_calls=1 vm_calc_lighting_us=7855 vm_set_light_data_calls=1 vm_set_light_data_us=7054 vm_update_liquids_calls=1 vm_update_liquids_us=936
ACTION[Emerge-0]: GRUG_WP40_PROFILE_PROBE phase=cold event=emerge case=owner_-1792:48:2448 mapchunk=-1792,48,2448 elapsed_us=217318 generated=1 disk=0 memory=124 cancelled=0 errored=0
INFO[Emerge-0]: initialEmerge: area: (-1808,32,2512)(-1697,143,2623)=112x112x112=1404928 (5MB)
INFO[Main]: Profiler:
INFO[Main]:   ActiveObjectMgr: SAO count [#] 
INFO[Main]:   Emerge-0: processed [#] _________________________    1x      250
INFO[Main]:   EmergeThread: Lua on_generated [ms] _____________    2x      453
INFO[Main]:   EmergeThread: Mapgen::makeChunk [ms] ____________    2x       24
INFO[Main]:   EmergeThread: after Mapgen::makeChunk [ms] ______    2x        1
INFO[Main]:   EmergeThread: load block - async (sum) [ms] 
INFO[Main]:   EmergeThread: update lighting [ms] ______________   80x    0.312
INFO[Main]:   SEnv: modify in blocks avg per interval [ms] 
INFO[Main]:   Server: map saving (sum) [ms] ___________________    1x       10
INFO[Main]:   Server: map timer and unload [ms] 
INFO[Main]:   Server: send SAO messages [ms] 
INFO[Main]:   Server: update objects within range [ms] 
INFO[Main]:   Server::AsyncRunStep() [ms] _____________________   20x      0.5
INFO[Main]:   Server::RunStep() (max) [ms] ____________________    1x       51
INFO[Main]:   Server::SendBlocks(): Collect list [ms] 
INFO[Main]:   Server::SendBlocks(): Send to clients [ms] 
INFO[Main]:   ServerEnv: ABMs run 
INFO[Main]:   ServerEnv: Run SAO::step() [ms] 
INFO[Main]:   ServerEnv: Run node timers [ms] 
INFO[Main]:   ServerEnv: active blocks 
INFO[Main]:   ServerEnv: active blocks cached 
INFO[Main]:   ServerEnv: active blocks scanned for ABMs 
INFO[Main]:   ServerEnv: update active blocks [ms] 
INFO[Main]:   ServerEnv::step() [ms] 
INFO[Main]:   ServerEnvironment::removeRemovedObjects() [ms] 
INFO[Main]:   ServerMap: load block - sync (sum) [ms] _________    1x        2
INFO[Server]: ServerMap: Written: 861 blocks, 4662 blocks in memory.
INFO[Server]: ServerMap: Blocks modified by: 
INFO[Server]:   finishBlockMake: expireIsAir, MMVManip::blitBackAll     1x      291
INFO[Server]:   setGenerated, finishBlockMake: expireIsAir, MMVManip::blitBackAll     1x      150
INFO[Server]:   setIsUnderground ________________________________    1x      175
INFO[Server]:   setIsUnderground, finishBlockMake: expireIsAir, MMVManip::blitBackAll     1x      145
INFO[Server]:   setIsUnderground, setGenerated, finishBlockMake: expireIsAir, MMVManip::blitBackAll     1x      100
ACTION[Emerge-0]: GRUG_WP40_PROFILE_CALLBACK callback=18 minp=-1792,48,2528 maxp=-1713,127,2607 blockseed=1292879545 plan_us=29674 writer_us=173635 total_us=203309 columns=6400 candidate_cells=49 candidates=0 r5_runs=19126 result=applied_cplq vm_get_emerged_area_calls=1 vm_get_emerged_area_us=2 vm_get_data_calls=1 vm_get_data_us=3936 vm_get_param2_data_calls=1 vm_get_param2_data_us=3941 vm_get_light_data_calls=2 vm_get_light_data_us=8119 vm_set_data_calls=1 vm_set_data_us=7222 vm_set_param2_data_calls=1 vm_set_param2_data_us=7102 vm_set_lighting_calls=96 vm_set_lighting_us=88 vm_calc_lighting_calls=1 vm_calc_lighting_us=9697 vm_set_light_data_calls=1 vm_set_light_data_us=7020 vm_update_liquids_calls=1 vm_update_liquids_us=949
ACTION[Emerge-0]: GRUG_WP40_PROFILE_PROBE phase=cold event=emerge case=owner_-1792:48:2528 mapchunk=-1792,48,2528 elapsed_us=230209 generated=1 disk=0 memory=124 cancelled=0 errored=0
INFO[Emerge-0]: initialEmerge: area: (-1808,32,2592)(-1697,143,2703)=112x112x112=1404928 (5MB)
ACTION[Emerge-0]: GRUG_WP40_PROFILE_CALLBACK callback=19 minp=-1792,48,2608 maxp=-1713,127,2687 blockseed=2647399901 plan_us=52470 writer_us=199009 total_us=251479 columns=6400 candidate_cells=49 candidates=63 r5_runs=22901 result=applied_cplq vm_get_emerged_area_calls=1 vm_get_emerged_area_us=3 vm_get_data_calls=1 vm_get_data_us=3822 vm_get_param2_data_calls=1 vm_get_param2_data_us=3789 vm_get_light_data_calls=2 vm_get_light_data_us=8403 vm_set_data_calls=1 vm_set_data_us=7249 vm_set_param2_data_calls=1 vm_set_param2_data_us=7088 vm_set_lighting_calls=96 vm_set_lighting_us=100 vm_calc_lighting_calls=1 vm_calc_lighting_us=8880 vm_set_light_data_calls=1 vm_set_light_data_us=6793 vm_update_liquids_calls=1 vm_update_liquids_us=929
ACTION[Emerge-0]: GRUG_WP40_PROFILE_PROBE phase=cold event=emerge case=owner_-1792:48:2608 mapchunk=-1792,48,2608 elapsed_us=278321 generated=1 disk=0 memory=124 cancelled=0 errored=0
INFO[Emerge-0]: initialEmerge: area: (-1888,-48,-2528)(-1777,63,-2417)=112x112x112=1404928 (5MB)
INFO[Main]: Profiler:
INFO[Main]:   ActiveObjectMgr: SAO count [#] 
INFO[Main]:   Emerge-0: processed [#] _________________________    1x      250
INFO[Main]:   EmergeThread: Lua on_generated [ms] _____________    2x    227.5
INFO[Main]:   EmergeThread: Mapgen::makeChunk [ms] ____________    2x     26.5
INFO[Main]:   EmergeThread: after Mapgen::makeChunk [ms] ______    2x        1
INFO[Main]:   EmergeThread: load block - async (sum) [ms] 
INFO[Main]:   EmergeThread: update lighting [ms] ______________  196x    0.158
INFO[Main]:   SEnv: modify in blocks avg per interval [ms] 
INFO[Main]:   Server: map saving (sum) [ms] ___________________    1x       10
INFO[Main]:   Server: map timer and unload [ms] 
INFO[Main]:   Server: send SAO messages [ms] 
INFO[Main]:   Server: update objects within range [ms] 
INFO[Main]:   Server::AsyncRunStep() [ms] _____________________   20x      0.5
INFO[Main]:   Server::RunStep() (max) [ms] ____________________    1x       51
INFO[Main]:   Server::SendBlocks(): Collect list [ms] 
INFO[Main]:   Server::SendBlocks(): Send to clients [ms] 
INFO[Main]:   Server::yieldTo...() progress [#] 
INFO[Main]:   Server::yieldTo...() sleep [ms] _________________    1x        1
INFO[Main]:   ServerEnv: ABMs run 
INFO[Main]:   ServerEnv: Run SAO::step() [ms] 
INFO[Main]:   ServerEnv: Run node timers [ms] 
INFO[Main]:   ServerEnv: active blocks 
INFO[Main]:   ServerEnv: active blocks cached 
INFO[Main]:   ServerEnv: active blocks scanned for ABMs 
INFO[Main]:   ServerEnv: update active blocks [ms] 
INFO[Main]:   ServerEnv::step() [ms] 
INFO[Main]:   ServerEnvironment::removeRemovedObjects() [ms] 
INFO[Main]:   ServerMap: load block - sync (sum) [ms] _________    1x        1
INFO[Server]: ServerMap: Written: 833 blocks, 5082 blocks in memory.
INFO[Server]: ServerMap: Blocks modified by: 
INFO[Server]:   finishBlockMake: expireIsAir, MMVManip::blitBackAll     1x      243
INFO[Server]:   setGenerated, finishBlockMake: expireIsAir, MMVManip::blitBackAll     1x      170
INFO[Server]:   setIsUnderground ________________________________    1x      245
INFO[Server]:   setIsUnderground, finishBlockMake: expireIsAir, MMVManip::blitBackAll     1x       95
INFO[Server]:   setIsUnderground, setGenerated, finishBlockMake: expireIsAir, MMVManip::blitBackAll     1x       80
ACTION[Emerge-0]: GRUG_WP40_PROFILE_CALLBACK callback=20 minp=-1872,-32,-2512 maxp=-1793,47,-2433 blockseed=1272754105 plan_us=241307 writer_us=301579 total_us=542886 columns=6400 candidate_cells=49 candidates=64 r5_runs=25600 result=applied_cplq vm_get_emerged_area_calls=1 vm_get_emerged_area_us=2 vm_get_data_calls=1 vm_get_data_us=4080 vm_get_param2_data_calls=1 vm_get_param2_data_us=4073 vm_get_light_data_calls=2 vm_get_light_data_us=8698 vm_set_data_calls=1 vm_set_data_us=7229 vm_set_param2_data_calls=1 vm_set_param2_data_us=7123 vm_set_lighting_calls=1 vm_set_lighting_us=148 vm_calc_lighting_calls=1 vm_calc_lighting_us=4905 vm_set_light_data_calls=1 vm_set_light_data_us=7025 vm_update_liquids_calls=1 vm_update_liquids_us=941
ACTION[Emerge-0]: GRUG_WP40_PROFILE_PROBE phase=cold event=emerge case=owner_-1872:-32:-2512 mapchunk=-1872,-32,-2512 elapsed_us=575217 generated=1 disk=0 memory=124 cancelled=0 errored=0
INFO[Emerge-0]: initialEmerge: area: (-1888,-48,-2608)(-1777,63,-2497)=112x112x112=1404928 (5MB)
ACTION[Emerge-0]: GRUG_WP40_PROFILE_CALLBACK callback=21 minp=-1872,-32,-2592 maxp=-1793,47,-2513 blockseed=1225995573 plan_us=247237 writer_us=280407 total_us=527644 columns=6400 candidate_cells=49 candidates=0 r5_runs=25600 result=applied_cplq vm_get_emerged_area_calls=1 vm_get_emerged_area_us=2 vm_get_data_calls=1 vm_get_data_us=4088 vm_get_param2_data_calls=1 vm_get_param2_data_us=4068 vm_get_light_data_calls=2 vm_get_light_data_us=8125 vm_set_data_calls=1 vm_set_data_us=7217 vm_set_param2_data_calls=1 vm_set_param2_data_us=7107 vm_set_lighting_calls=1 vm_set_lighting_us=136 vm_calc_lighting_calls=1 vm_calc_lighting_us=7014 vm_set_light_data_calls=1 vm_set_light_data_us=7013 vm_update_liquids_calls=1 vm_update_liquids_us=971
ACTION[Emerge-0]: GRUG_WP40_PROFILE_PROBE phase=cold event=emerge case=owner_-1872:-32:-2592 mapchunk=-1872,-32,-2592 elapsed_us=561486 generated=1 disk=0 memory=124 cancelled=0 errored=0
INFO[Emerge-0]: initialEmerge: area: (-1888,-48,-2688)(-1777,63,-2577)=112x112x112=1404928 (5MB)
INFO[Main]: Profiler:
INFO[Main]:   ActiveObjectMgr: SAO count [#] 
INFO[Main]:   Emerge-0: processed [#] _________________________    1x      250
INFO[Main]:   EmergeThread: Lua on_generated [ms] _____________    2x      535
INFO[Main]:   EmergeThread: Mapgen::makeChunk [ms] ____________    2x     31.5
INFO[Main]:   EmergeThread: after Mapgen::makeChunk [ms] ______    2x        1
INFO[Main]:   EmergeThread: load block - async (sum) [ms] _____    1x        1
INFO[Main]:   EmergeThread: update lighting [ms] ______________    6x        4
INFO[Main]:   SEnv: modify in blocks avg per interval [ms] 
INFO[Main]:   Server: map saving (sum) [ms] ___________________    1x       11
INFO[Main]:   Server: map timer and unload [ms] 
INFO[Main]:   Server: send SAO messages [ms] 
INFO[Main]:   Server: update objects within range [ms] 
INFO[Main]:   Server::AsyncRunStep() [ms] _____________________   20x     0.55
INFO[Main]:   Server::RunStep() (max) [ms] ____________________    1x       51
INFO[Main]:   Server::SendBlocks(): Collect list [ms] 
INFO[Main]:   Server::SendBlocks(): Send to clients [ms] 
INFO[Main]:   Server::yieldTo...() progress [#] 
INFO[Main]:   Server::yieldTo...() sleep [ms] 
INFO[Main]:   ServerEnv: ABMs run 
INFO[Main]:   ServerEnv: Run SAO::step() [ms] 
INFO[Main]:   ServerEnv: Run node timers [ms] 
INFO[Main]:   ServerEnv: active blocks 
INFO[Main]:   ServerEnv: active blocks cached 
INFO[Main]:   ServerEnv: active blocks scanned for ABMs 
INFO[Main]:   ServerEnv: update active blocks [ms] 
INFO[Main]:   ServerEnv::step() [ms] 
INFO[Main]:   ServerEnvironment::removeRemovedObjects() [ms] 
INFO[Main]:   ServerMap: load block - sync (sum) [ms] 
INFO[Server]: ServerMap: Written: 763 blocks, 5432 blocks in memory.
INFO[Server]: ServerMap: Blocks modified by: 
INFO[Server]:   finishBlockMake: expireIsAir, MMVManip::blitBackAll     1x      243
INFO[Server]:   setGenerated, finishBlockMake: expireIsAir, MMVManip::blitBackAll     1x      170
INFO[Server]:   setIsUnderground ________________________________    1x      175
INFO[Server]:   setIsUnderground, finishBlockMake: expireIsAir, MMVManip::blitBackAll     1x       95
INFO[Server]:   setIsUnderground, setGenerated, finishBlockMake: expireIsAir, MMVManip::blitBackAll     1x       80
ACTION[Emerge-0]: GRUG_WP40_PROFILE_CALLBACK callback=22 minp=-1872,-32,-2672 maxp=-1793,47,-2593 blockseed=566933471 plan_us=205423 writer_us=238860 total_us=444283 columns=6400 candidate_cells=49 candidates=99 r5_runs=25600 result=applied_clq vm_get_emerged_area_calls=1 vm_get_emerged_area_us=2 vm_get_data_calls=1 vm_get_data_us=4087 vm_get_param2_data_calls=1 vm_get_param2_data_us=4046 vm_get_light_data_calls=2 vm_get_light_data_us=7709 vm_set_data_calls=1 vm_set_data_us=7097 vm_set_param2_data_calls=0 vm_set_param2_data_us=0 vm_set_lighting_calls=96 vm_set_lighting_us=232 vm_calc_lighting_calls=1 vm_calc_lighting_us=4821 vm_set_light_data_calls=1 vm_set_light_data_us=6784 vm_update_liquids_calls=1 vm_update_liquids_us=945
ACTION[Emerge-0]: GRUG_WP40_PROFILE_PROBE phase=cold event=emerge case=owner_-1872:-32:-2672 mapchunk=-1872,-32,-2672 elapsed_us=478222 generated=1 disk=0 memory=124 cancelled=0 errored=0
INFO[Emerge-0]: initialEmerge: area: (-1888,-48,2432)(-1777,63,2543)=112x112x112=1404928 (5MB)
ACTION[Emerge-0]: GRUG_WP40_PROFILE_CALLBACK callback=23 minp=-1872,-32,2448 maxp=-1793,47,2527 blockseed=3176942833 plan_us=288397 writer_us=420269 total_us=708666 columns=6400 candidate_cells=49 candidates=0 r5_runs=9213 result=applied_clq vm_get_emerged_area_calls=1 vm_get_emerged_area_us=2 vm_get_data_calls=1 vm_get_data_us=4074 vm_get_param2_data_calls=1 vm_get_param2_data_us=4104 vm_get_light_data_calls=2 vm_get_light_data_us=8130 vm_set_data_calls=1 vm_set_data_us=7208 vm_set_param2_data_calls=0 vm_set_param2_data_us=0 vm_set_lighting_calls=106 vm_set_lighting_us=199 vm_calc_lighting_calls=1 vm_calc_lighting_us=1671 vm_set_light_data_calls=1 vm_set_light_data_us=7018 vm_update_liquids_calls=1 vm_update_liquids_us=939
ACTION[Emerge-0]: GRUG_WP40_PROFILE_PROBE phase=cold event=emerge case=owner_-1872:-32:2448 mapchunk=-1872,-32,2448 elapsed_us=745944 generated=1 disk=0 memory=124 cancelled=0 errored=0
INFO[Emerge-0]: initialEmerge: area: (-1888,-48,2512)(-1777,63,2623)=112x112x112=1404928 (5MB)
INFO[Main]: Profiler:
INFO[Main]:   ActiveObjectMgr: SAO count [#] 
INFO[Main]:   Emerge-0: processed [#] _________________________    1x      250
INFO[Main]:   EmergeThread: Lua on_generated [ms] _____________    2x      576
INFO[Main]:   EmergeThread: Mapgen::makeChunk [ms] ____________    2x     32.5
INFO[Main]:   EmergeThread: after Mapgen::makeChunk [ms] ______    2x        1
INFO[Main]:   EmergeThread: load block - async (sum) [ms] 
INFO[Main]:   EmergeThread: update lighting [ms] ______________  206x    0.101
INFO[Main]:   SEnv: modify in blocks avg per interval [ms] 
INFO[Main]:   Server: map saving (sum) [ms] ___________________    1x       11
INFO[Main]:   Server: map timer and unload [ms] 
INFO[Main]:   Server: send SAO messages [ms] 
INFO[Main]:   Server: update objects within range [ms] 
INFO[Main]:   Server::AsyncRunStep() [ms] _____________________   20x     0.55
INFO[Main]:   Server::RunStep() (max) [ms] ____________________    1x       51
INFO[Main]:   Server::SendBlocks(): Collect list [ms] 
INFO[Main]:   Server::SendBlocks(): Send to clients [ms] 
INFO[Main]:   Server::yieldTo...() progress [#] 
INFO[Main]:   Server::yieldTo...() sleep [ms] _________________    1x        1
INFO[Main]:   ServerEnv: ABMs run 
INFO[Main]:   ServerEnv: Run SAO::step() [ms] 
INFO[Main]:   ServerEnv: Run node timers [ms] 
INFO[Main]:   ServerEnv: active blocks 
INFO[Main]:   ServerEnv: active blocks cached 
INFO[Main]:   ServerEnv: active blocks scanned for ABMs 
INFO[Main]:   ServerEnv: update active blocks [ms] 
INFO[Main]:   ServerEnv::step() [ms] 
INFO[Main]:   ServerEnvironment::removeRemovedObjects() [ms] 
INFO[Main]:   ServerMap: load block - sync (sum) [ms] _________    1x        1
INFO[Server]: ServerMap: Written: 861 blocks, 5852 blocks in memory.
INFO[Server]: ServerMap: Blocks modified by: 
INFO[Server]:   finishBlockMake: expireIsAir, MMVManip::blitBackAll     1x      291
INFO[Server]:   setGenerated, finishBlockMake: expireIsAir, MMVManip::blitBackAll     1x      150
INFO[Server]:   setIsUnderground ________________________________    1x      175
INFO[Server]:   setIsUnderground, finishBlockMake: expireIsAir, MMVManip::blitBackAll     1x      145
INFO[Server]:   setIsUnderground, setGenerated, finishBlockMake: expireIsAir, MMVManip::blitBackAll     1x      100
ACTION[Emerge-0]: GRUG_WP40_PROFILE_CALLBACK callback=24 minp=-1872,-32,2528 maxp=-1793,47,2607 blockseed=4067764897 plan_us=199066 writer_us=408883 total_us=607949 columns=6400 candidate_cells=49 candidates=0 r5_runs=6400 result=applied_clq vm_get_emerged_area_calls=1 vm_get_emerged_area_us=3 vm_get_data_calls=1 vm_get_data_us=4501 vm_get_param2_data_calls=1 vm_get_param2_data_us=4075 vm_get_light_data_calls=2 vm_get_light_data_us=8129 vm_set_data_calls=1 vm_set_data_us=7225 vm_set_param2_data_calls=0 vm_set_param2_data_us=0 vm_set_lighting_calls=111 vm_set_lighting_us=181 vm_calc_lighting_calls=1 vm_calc_lighting_us=1674 vm_set_light_data_calls=1 vm_set_light_data_us=7018 vm_update_liquids_calls=1 vm_update_liquids_us=945
ACTION[Emerge-0]: GRUG_WP40_PROFILE_PROBE phase=cold event=emerge case=owner_-1872:-32:2528 mapchunk=-1872,-32,2528 elapsed_us=641761 generated=1 disk=0 memory=124 cancelled=0 errored=0
INFO[Emerge-0]: initialEmerge: area: (-1888,-48,2592)(-1777,63,2703)=112x112x112=1404928 (5MB)
INFO[Main]: Profiler:
INFO[Main]:   ActiveObjectMgr: SAO count [#] 
INFO[Main]:   Emerge-0: processed [#] _________________________    1x      125
INFO[Main]:   EmergeThread: Lua on_generated [ms] _____________    1x      608
INFO[Main]:   EmergeThread: Mapgen::makeChunk [ms] ____________    1x       32
INFO[Main]:   EmergeThread: after Mapgen::makeChunk [ms] ______    1x        1
INFO[Main]:   EmergeThread: load block - async (sum) [ms] 
INFO[Main]:   EmergeThread: update lighting [ms] ______________  113x     0.07
INFO[Main]:   SEnv: modify in blocks avg per interval [ms] 
INFO[Main]:   Server: map saving (sum) [ms] ___________________    1x       12
INFO[Main]:   Server: map timer and unload [ms] 
INFO[Main]:   Server: send SAO messages [ms] 
INFO[Main]:   Server: update objects within range [ms] 
INFO[Main]:   Server::AsyncRunStep() [ms] _____________________   20x     0.65
INFO[Main]:   Server::RunStep() (max) [ms] ____________________    1x       51
INFO[Main]:   Server::SendBlocks(): Collect list [ms] 
INFO[Main]:   Server::SendBlocks(): Send to clients [ms] 
INFO[Main]:   Server::yieldTo...() progress [#] 
INFO[Main]:   Server::yieldTo...() sleep [ms] 
INFO[Main]:   ServerEnv: ABMs run 
INFO[Main]:   ServerEnv: Run SAO::step() [ms] 
INFO[Main]:   ServerEnv: Run node timers [ms] 
INFO[Main]:   ServerEnv: active blocks 
INFO[Main]:   ServerEnv: active blocks cached 
INFO[Main]:   ServerEnv: active blocks scanned for ABMs 
INFO[Main]:   ServerEnv: update active blocks [ms] 
INFO[Main]:   ServerEnv::step() [ms] __________________________   20x     0.05
INFO[Main]:   ServerEnvironment::removeRemovedObjects() [ms] 
INFO[Main]:   ServerMap: load block - sync (sum) [ms] _________    1x        1
INFO[Server]: ServerMap: Written: 518 blocks, 6027 blocks in memory.
INFO[Server]: ServerMap: Blocks modified by: 
INFO[Server]:   finishBlockMake: expireIsAir, MMVManip::blitBackAll     1x      218
INFO[Server]:   setGenerated, finishBlockMake: expireIsAir, MMVManip::blitBackAll     1x      125
INFO[Server]:   setIsUnderground ________________________________    1x      175
ACTION[Emerge-0]: GRUG_WP40_PROFILE_CALLBACK callback=25 minp=-1872,-32,2608 maxp=-1793,47,2687 blockseed=3017179545 plan_us=205303 writer_us=412401 total_us=617704 columns=6400 candidate_cells=49 candidates=62 r5_runs=6400 result=applied_clq vm_get_emerged_area_calls=1 vm_get_emerged_area_us=2 vm_get_data_calls=1 vm_get_data_us=4064 vm_get_param2_data_calls=1 vm_get_param2_data_us=4063 vm_get_light_data_calls=2 vm_get_light_data_us=8130 vm_set_data_calls=1 vm_set_data_us=7213 vm_set_param2_data_calls=0 vm_set_param2_data_us=0 vm_set_lighting_calls=96 vm_set_lighting_us=185 vm_calc_lighting_calls=1 vm_calc_lighting_us=1297 vm_set_light_data_calls=1 vm_set_light_data_us=7021 vm_update_liquids_calls=1 vm_update_liquids_us=925
ACTION[Emerge-0]: GRUG_WP40_PROFILE_PROBE phase=cold event=emerge case=owner_-1872:-32:2608 mapchunk=-1872,-32,2608 elapsed_us=652497 generated=1 disk=0 memory=124 cancelled=0 errored=0
INFO[Emerge-0]: initialEmerge: area: (-1888,32,2432)(-1777,143,2543)=112x112x112=1404928 (5MB)
ACTION[Emerge-0]: GRUG_WP40_PROFILE_CALLBACK callback=26 minp=-1872,48,2448 maxp=-1793,127,2527 blockseed=1697963969 plan_us=94309 writer_us=168866 total_us=263175 columns=6400 candidate_cells=49 candidates=0 r5_runs=17258 result=applied_cplq vm_get_emerged_area_calls=1 vm_get_emerged_area_us=2 vm_get_data_calls=1 vm_get_data_us=4062 vm_get_param2_data_calls=1 vm_get_param2_data_us=4057 vm_get_light_data_calls=2 vm_get_light_data_us=8130 vm_set_data_calls=1 vm_set_data_us=7221 vm_set_param2_data_calls=1 vm_set_param2_data_us=7089 vm_set_lighting_calls=92 vm_set_lighting_us=87 vm_calc_lighting_calls=1 vm_calc_lighting_us=9842 vm_set_light_data_calls=1 vm_set_light_data_us=7031 vm_update_liquids_calls=1 vm_update_liquids_us=938
ACTION[Emerge-0]: GRUG_WP40_PROFILE_PROBE phase=cold event=emerge case=owner_-1872:48:2448 mapchunk=-1872,48,2448 elapsed_us=292676 generated=1 disk=0 memory=124 cancelled=0 errored=0
INFO[Emerge-0]: initialEmerge: area: (-1888,32,2512)(-1777,143,2623)=112x112x112=1404928 (5MB)
ACTION[Emerge-0]: GRUG_WP40_PROFILE_CALLBACK callback=27 minp=-1872,48,2528 maxp=-1793,127,2607 blockseed=1655047545 plan_us=103896 writer_us=175511 total_us=279407 columns=6400 candidate_cells=49 candidates=0 r5_runs=19200 result=applied_cplq vm_get_emerged_area_calls=1 vm_get_emerged_area_us=1 vm_get_data_calls=1 vm_get_data_us=4072 vm_get_param2_data_calls=1 vm_get_param2_data_us=4063 vm_get_light_data_calls=2 vm_get_light_data_us=8671 vm_set_data_calls=1 vm_set_data_us=7486 vm_set_param2_data_calls=1 vm_set_param2_data_us=7353 vm_set_lighting_calls=111 vm_set_lighting_us=94 vm_calc_lighting_calls=1 vm_calc_lighting_us=12130 vm_set_light_data_calls=1 vm_set_light_data_us=7284 vm_update_liquids_calls=1 vm_update_liquids_us=963
ACTION[Emerge-0]: GRUG_WP40_PROFILE_PROBE phase=cold event=emerge case=owner_-1872:48:2528 mapchunk=-1872,48,2528 elapsed_us=308444 generated=1 disk=0 memory=124 cancelled=0 errored=0
INFO[Emerge-0]: initialEmerge: area: (-1888,32,2592)(-1777,143,2703)=112x112x112=1404928 (5MB)
INFO[Main]: Profiler:
INFO[Main]:   ActiveObjectMgr: SAO count [#] 
INFO[Main]:   Emerge-0: processed [#] _________________________    1x      375
INFO[Main]:   EmergeThread: Lua on_generated [ms] _____________    3x      387
INFO[Main]:   EmergeThread: Mapgen::makeChunk [ms] ____________    3x   26.333
INFO[Main]:   EmergeThread: after Mapgen::makeChunk [ms] ______    3x    0.666
INFO[Main]:   EmergeThread: load block - async (sum) [ms] 
INFO[Main]:   EmergeThread: update lighting [ms] ______________  305x    0.177
INFO[Main]:   SEnv: modify in blocks avg per interval [ms] 
INFO[Main]:   Server: map saving (sum) [ms] ___________________    1x        6
INFO[Main]:   Server: map timer and unload [ms] _______________    1x        1
INFO[Main]:   Server: send SAO messages [ms] 
INFO[Main]:   Server: update objects within range [ms] 
INFO[Main]:   Server::AsyncRunStep() [ms] _____________________   20x     0.35
INFO[Main]:   Server::RunStep() (max) [ms] ____________________    1x       51
INFO[Main]:   Server::SendBlocks(): Collect list [ms] 
INFO[Main]:   Server::SendBlocks(): Send to clients [ms] 
INFO[Main]:   Server::yieldTo...() progress [#] 
INFO[Main]:   Server::yieldTo...() sleep [ms] 
INFO[Main]:   ServerEnv: ABMs run 
INFO[Main]:   ServerEnv: Run SAO::step() [ms] 
INFO[Main]:   ServerEnv: Run node timers [ms] 
INFO[Main]:   ServerEnv: active blocks 
INFO[Main]:   ServerEnv: active blocks cached 
INFO[Main]:   ServerEnv: active blocks scanned for ABMs 
INFO[Main]:   ServerEnv: update active blocks [ms] 
INFO[Main]:   ServerEnv::step() [ms] 
INFO[Main]:   ServerEnvironment::removeRemovedObjects() [ms] 
INFO[Main]:   ServerMap: load block - sync (sum) [ms] _________    1x        1
INFO[Server]: ServerMap: Written: 1028 blocks, 6452 blocks in memory.
INFO[Server]: ServerMap: Blocks modified by: 
INFO[Server]:   finishBlockMake: expireIsAir, MMVManip::blitBackAll     1x      388
INFO[Server]:   setGenerated, finishBlockMake: expireIsAir, MMVManip::blitBackAll     1x      215
INFO[Server]:   setIsUnderground ________________________________    1x      125
INFO[Server]:   setIsUnderground, finishBlockMake: expireIsAir, MMVManip::blitBackAll     1x      140
INFO[Server]:   setIsUnderground, setGenerated, finishBlockMake: expireIsAir, MMVManip::blitBackAll     1x      160
ACTION[Emerge-0]: GRUG_WP40_PROFILE_CALLBACK callback=28 minp=-1872,48,2608 maxp=-1793,127,2687 blockseed=2810308905 plan_us=58874 writer_us=201488 total_us=260362 columns=6400 candidate_cells=49 candidates=62 r5_runs=23090 result=applied_cplq vm_get_emerged_area_calls=1 vm_get_emerged_area_us=3 vm_get_data_calls=1 vm_get_data_us=3790 vm_get_param2_data_calls=1 vm_get_param2_data_us=3791 vm_get_light_data_calls=2 vm_get_light_data_us=8125 vm_set_data_calls=1 vm_set_data_us=7206 vm_set_param2_data_calls=1 vm_set_param2_data_us=7088 vm_set_lighting_calls=96 vm_set_lighting_us=101 vm_calc_lighting_calls=1 vm_calc_lighting_us=10287 vm_set_light_data_calls=1 vm_set_light_data_us=7016 vm_update_liquids_calls=1 vm_update_liquids_us=947
ACTION[Emerge-0]: GRUG_WP40_PROFILE_PROBE phase=cold event=emerge case=owner_-1872:48:2608 mapchunk=-1872,48,2608 elapsed_us=288584 generated=1 disk=0 memory=124 cancelled=0 errored=0
INFO[Emerge-0]: initialEmerge: area: (-48,-48,-2528)(63,63,-2417)=112x112x112=1404928 (5MB)
ACTION[Emerge-0]: GRUG_WP40_PROFILE_CALLBACK callback=29 minp=-32,-32,-2512 maxp=47,47,-2433 blockseed=3103740625 plan_us=334489 writer_us=347795 total_us=682284 columns=6400 candidate_cells=49 candidates=196 r5_runs=25706 result=applied_cplq vm_get_emerged_area_calls=1 vm_get_emerged_area_us=1 vm_get_data_calls=1 vm_get_data_us=4069 vm_get_param2_data_calls=1 vm_get_param2_data_us=4059 vm_get_light_data_calls=2 vm_get_light_data_us=8681 vm_set_data_calls=1 vm_set_data_us=7208 vm_set_param2_data_calls=1 vm_set_param2_data_us=7091 vm_set_lighting_calls=1 vm_set_lighting_us=134 vm_calc_lighting_calls=1 vm_calc_lighting_us=4364 vm_set_light_data_calls=1 vm_set_light_data_us=7014 vm_update_liquids_calls=1 vm_update_liquids_us=928
ACTION[Emerge-0]: GRUG_WP40_PROFILE_PROBE phase=cold event=emerge case=owner_-32:-32:-2512 mapchunk=-32,-32,-2512 elapsed_us=717562 generated=1 disk=0 memory=124 cancelled=0 errored=0
INFO[Emerge-0]: initialEmerge: area: (-48,-48,-2608)(63,63,-2497)=112x112x112=1404928 (5MB)
INFO[Main]: Profiler:
INFO[Main]:   ActiveObjectMgr: SAO count [#] 
INFO[Main]:   Emerge-0: processed [#] _________________________    1x      250
INFO[Main]:   EmergeThread: Lua on_generated [ms] _____________    2x    471.5
INFO[Main]:   EmergeThread: Mapgen::makeChunk [ms] ____________    1x       33
INFO[Main]:   EmergeThread: after Mapgen::makeChunk [ms] ______    2x        1
INFO[Main]:   EmergeThread: load block - async (sum) [ms] 
INFO[Main]:   EmergeThread: update lighting [ms] ______________  100x     0.22
INFO[Main]:   SEnv: modify in blocks avg per interval [ms] 
INFO[Main]:   Server: map saving (sum) [ms] ___________________    1x       13
INFO[Main]:   Server: map timer and unload [ms] 
INFO[Main]:   Server: send SAO messages [ms] 
INFO[Main]:   Server: update objects within range [ms] 
INFO[Main]:   Server::AsyncRunStep() [ms] _____________________   20x      0.7
INFO[Main]:   Server::RunStep() (max) [ms] ____________________    1x       51
INFO[Main]:   Server::SendBlocks(): Collect list [ms] 
INFO[Main]:   Server::SendBlocks(): Send to clients [ms] 
INFO[Main]:   Server::yieldTo...() progress [#] 
INFO[Main]:   Server::yieldTo...() sleep [ms] _________________    1x        1
INFO[Main]:   ServerEnv: ABMs run 
INFO[Main]:   ServerEnv: Run SAO::step() [ms] 
INFO[Main]:   ServerEnv: Run node timers [ms] 
INFO[Main]:   ServerEnv: active blocks 
INFO[Main]:   ServerEnv: active blocks cached 
INFO[Main]:   ServerEnv: active blocks scanned for ABMs 
INFO[Main]:   ServerEnv: update active blocks [ms] 
INFO[Main]:   ServerEnv::step() [ms] __________________________   20x     0.05
INFO[Main]:   ServerEnvironment::removeRemovedObjects() [ms] 
INFO[Main]:   ServerMap: load block - sync (sum) [ms] _________    1x        2
INFO[Server]: ServerMap: Written: 861 blocks, 6872 blocks in memory.
INFO[Server]: ServerMap: Blocks modified by: 
INFO[Server]:   finishBlockMake: expireIsAir, MMVManip::blitBackAll     1x      291
INFO[Server]:   setGenerated, finishBlockMake: expireIsAir, MMVManip::blitBackAll     1x      150
INFO[Server]:   setIsUnderground ________________________________    1x      175
INFO[Server]:   setIsUnderground, finishBlockMake: expireIsAir, MMVManip::blitBackAll     1x      145
INFO[Server]:   setIsUnderground, setGenerated, finishBlockMake: expireIsAir, MMVManip::blitBackAll     1x      100
ACTION[Emerge-0]: GRUG_WP40_PROFILE_CALLBACK callback=30 minp=-32,-32,-2592 maxp=47,47,-2513 blockseed=312714017 plan_us=208898 writer_us=364560 total_us=573458 columns=6400 candidate_cells=49 candidates=0 r5_runs=25600 result=applied_cplq vm_get_emerged_area_calls=1 vm_get_emerged_area_us=2 vm_get_data_calls=1 vm_get_data_us=4093 vm_get_param2_data_calls=1 vm_get_param2_data_us=3789 vm_get_light_data_calls=2 vm_get_light_data_us=8147 vm_set_data_calls=1 vm_set_data_us=7231 vm_set_param2_data_calls=1 vm_set_param2_data_us=7159 vm_set_lighting_calls=1 vm_set_lighting_us=137 vm_calc_lighting_calls=1 vm_calc_lighting_us=6570 vm_set_light_data_calls=1 vm_set_light_data_us=7664 vm_update_liquids_calls=1 vm_update_liquids_us=958
ACTION[Emerge-0]: GRUG_WP40_PROFILE_PROBE phase=cold event=emerge case=owner_-32:-32:-2592 mapchunk=-32,-32,-2592 elapsed_us=608912 generated=1 disk=0 memory=124 cancelled=0 errored=0
INFO[Emerge-0]: initialEmerge: area: (-48,-48,-2688)(63,63,-2577)=112x112x112=1404928 (5MB)
INFO[Main]: Profiler:
INFO[Main]:   ActiveObjectMgr: SAO count [#] 
INFO[Main]:   Emerge-0: processed [#] _________________________    1x      125
INFO[Main]:   EmergeThread: Lua on_generated [ms] _____________    1x      574
INFO[Main]:   EmergeThread: Mapgen::makeChunk [ms] ____________    2x       32
INFO[Main]:   EmergeThread: after Mapgen::makeChunk [ms] ______    1x        1
INFO[Main]:   EmergeThread: load block - async (sum) [ms] 
INFO[Main]:   EmergeThread: update lighting [ms] ______________    4x        5
INFO[Main]:   SEnv: modify in blocks avg per interval [ms] 
INFO[Main]:   Server: map saving (sum) [ms] ___________________    1x       11
INFO[Main]:   Server: map timer and unload [ms] 
INFO[Main]:   Server: send SAO messages [ms] 
INFO[Main]:   Server: update objects within range [ms] 
INFO[Main]:   Server::AsyncRunStep() [ms] _____________________   20x     0.55
INFO[Main]:   Server::RunStep() (max) [ms] ____________________    1x       51
INFO[Main]:   Server::SendBlocks(): Collect list [ms] 
INFO[Main]:   Server::SendBlocks(): Send to clients [ms] 
INFO[Main]:   Server::yieldTo...() progress [#] 
INFO[Main]:   Server::yieldTo...() sleep [ms] 
INFO[Main]:   ServerEnv: ABMs run 
INFO[Main]:   ServerEnv: Run SAO::step() [ms] 
INFO[Main]:   ServerEnv: Run node timers [ms] 
INFO[Main]:   ServerEnv: active blocks 
INFO[Main]:   ServerEnv: active blocks cached 
INFO[Main]:   ServerEnv: active blocks scanned for ABMs 
INFO[Main]:   ServerEnv: update active blocks [ms] 
INFO[Main]:   ServerEnv::step() [ms] 
INFO[Main]:   ServerEnvironment::removeRemovedObjects() [ms] 
INFO[Main]:   ServerMap: load block - sync (sum) [ms] 
INFO[Server]: ServerMap: Written: 518 blocks, 7047 blocks in memory.
INFO[Server]: ServerMap: Blocks modified by: 
INFO[Server]:   finishBlockMake: expireIsAir, MMVManip::blitBackAll     1x      218
INFO[Server]:   setGenerated, finishBlockMake: expireIsAir, MMVManip::blitBackAll     1x      125
INFO[Server]:   setIsUnderground ________________________________    1x      175
ACTION[Emerge-0]: GRUG_WP40_PROFILE_CALLBACK callback=31 minp=-32,-32,-2672 maxp=47,47,-2593 blockseed=2995381875 plan_us=222965 writer_us=426303 total_us=649268 columns=6400 candidate_cells=49 candidates=268 r5_runs=25600 result=applied_clq vm_get_emerged_area_calls=1 vm_get_emerged_area_us=2 vm_get_data_calls=1 vm_get_data_us=3802 vm_get_param2_data_calls=1 vm_get_param2_data_us=3830 vm_get_light_data_calls=2 vm_get_light_data_us=8147 vm_set_data_calls=1 vm_set_data_us=7213 vm_set_param2_data_calls=0 vm_set_param2_data_us=0 vm_set_lighting_calls=96 vm_set_lighting_us=342 vm_calc_lighting_calls=1 vm_calc_lighting_us=4228 vm_set_light_data_calls=1 vm_set_light_data_us=7025 vm_update_liquids_calls=1 vm_update_liquids_us=915
ACTION[Emerge-0]: GRUG_WP40_PROFILE_PROBE phase=cold event=emerge case=owner_-32:-32:-2672 mapchunk=-32,-32,-2672 elapsed_us=683447 generated=1 disk=0 memory=124 cancelled=0 errored=0
INFO[Emerge-0]: initialEmerge: area: (-48,-48,2432)(63,63,2543)=112x112x112=1404928 (5MB)
INFO[Main]: Profiler:
INFO[Main]:   ActiveObjectMgr: SAO count [#] 
INFO[Main]:   Emerge-0: processed [#] _________________________    1x      125
INFO[Main]:   EmergeThread: Lua on_generated [ms] _____________    1x      649
INFO[Main]:   EmergeThread: Mapgen::makeChunk [ms] ____________    1x       29
INFO[Main]:   EmergeThread: after Mapgen::makeChunk [ms] ______    1x        1
INFO[Main]:   EmergeThread: load block - async (sum) [ms] 
INFO[Main]:   EmergeThread: update lighting [ms] ______________   98x    0.081
INFO[Main]:   SEnv: modify in blocks avg per interval [ms] 
INFO[Main]:   Server: map saving (sum) [ms] ___________________    1x        7
INFO[Main]:   Server: map timer and unload [ms] 
INFO[Main]:   Server: send SAO messages [ms] 
INFO[Main]:   Server: update objects within range [ms] 
INFO[Main]:   Server::AsyncRunStep() [ms] _____________________   20x     0.45
INFO[Main]:   Server::RunStep() (max) [ms] ____________________    1x       51
INFO[Main]:   Server::SendBlocks(): Collect list [ms] 
INFO[Main]:   Server::SendBlocks(): Send to clients [ms] 
INFO[Main]:   Server::yieldTo...() progress [#] 
INFO[Main]:   Server::yieldTo...() sleep [ms] 
INFO[Main]:   ServerEnv: ABMs run 
INFO[Main]:   ServerEnv: Run SAO::step() [ms] 
INFO[Main]:   ServerEnv: Run node timers [ms] 
INFO[Main]:   ServerEnv: active blocks 
INFO[Main]:   ServerEnv: active blocks cached 
INFO[Main]:   ServerEnv: active blocks scanned for ABMs 
INFO[Main]:   ServerEnv: update active blocks [ms] 
INFO[Main]:   ServerEnv::step() [ms] __________________________   20x      0.1
INFO[Main]:   ServerEnvironment::removeRemovedObjects() [ms] 
INFO[Main]:   ServerMap: load block - sync (sum) [ms] _________    1x        1
INFO[Server]: ServerMap: Written: 588 blocks, 7292 blocks in memory.
INFO[Server]: ServerMap: Blocks modified by: 
INFO[Server]:   finishBlockMake: expireIsAir, MMVManip::blitBackAll     1x      218
INFO[Server]:   setGenerated, finishBlockMake: expireIsAir, MMVManip::blitBackAll     1x      125
INFO[Server]:   setIsUnderground ________________________________    1x      245
ACTION[Emerge-0]: GRUG_WP40_PROFILE_CALLBACK callback=32 minp=-32,-32,2448 maxp=47,47,2527 blockseed=2434194985 plan_us=286805 writer_us=428552 total_us=715357 columns=6400 candidate_cells=49 candidates=0 r5_runs=19482 result=applied_cplq vm_get_emerged_area_calls=1 vm_get_emerged_area_us=2 vm_get_data_calls=1 vm_get_data_us=4061 vm_get_param2_data_calls=1 vm_get_param2_data_us=4060 vm_get_light_data_calls=2 vm_get_light_data_us=8120 vm_set_data_calls=1 vm_set_data_us=7256 vm_set_param2_data_calls=1 vm_set_param2_data_us=7111 vm_set_lighting_calls=96 vm_set_lighting_us=311 vm_calc_lighting_calls=1 vm_calc_lighting_us=2536 vm_set_light_data_calls=1 vm_set_light_data_us=7026 vm_update_liquids_calls=1 vm_update_liquids_us=967
ACTION[Emerge-0]: GRUG_WP40_PROFILE_PROBE phase=cold event=emerge case=owner_-32:-32:2448 mapchunk=-32,-32,2448 elapsed_us=746721 generated=1 disk=0 memory=124 cancelled=0 errored=0
INFO[Emerge-0]: initialEmerge: area: (-48,-48,2512)(63,63,2623)=112x112x112=1404928 (5MB)
ACTION[Emerge-0]: GRUG_WP40_PROFILE_CALLBACK callback=33 minp=-32,-32,2528 maxp=47,47,2607 blockseed=3006354137 plan_us=197570 writer_us=455518 total_us=653088 columns=6400 candidate_cells=49 candidates=0 r5_runs=19200 result=applied_cplq vm_get_emerged_area_calls=1 vm_get_emerged_area_us=2 vm_get_data_calls=1 vm_get_data_us=4087 vm_get_param2_data_calls=1 vm_get_param2_data_us=4072 vm_get_light_data_calls=2 vm_get_light_data_us=8170 vm_set_data_calls=1 vm_set_data_us=7232 vm_set_param2_data_calls=1 vm_set_param2_data_us=7121 vm_set_lighting_calls=96 vm_set_lighting_us=346 vm_calc_lighting_calls=1 vm_calc_lighting_us=3390 vm_set_light_data_calls=1 vm_set_light_data_us=7029 vm_update_liquids_calls=1 vm_update_liquids_us=1203
ACTION[Emerge-0]: GRUG_WP40_PROFILE_PROBE phase=cold event=emerge case=owner_-32:-32:2528 mapchunk=-32,-32,2528 elapsed_us=684477 generated=1 disk=0 memory=124 cancelled=0 errored=0
INFO[Emerge-0]: initialEmerge: area: (-48,-48,2592)(63,63,2703)=112x112x112=1404928 (5MB)
INFO[Main]: Profiler:
INFO[Main]:   ActiveObjectMgr: SAO count [#] 
INFO[Main]:   Emerge-0: processed [#] _________________________    1x      250
INFO[Main]:   EmergeThread: Lua on_generated [ms] _____________    2x      684
INFO[Main]:   EmergeThread: Mapgen::makeChunk [ms] ____________    2x     29.5
INFO[Main]:   EmergeThread: after Mapgen::makeChunk [ms] ______    2x        1
INFO[Main]:   EmergeThread: load block - async (sum) [ms] 
INFO[Main]:   EmergeThread: update lighting [ms] ______________  196x    0.076
INFO[Main]:   SEnv: modify in blocks avg per interval [ms] 
INFO[Main]:   Server: map saving (sum) [ms] ___________________    1x        8
INFO[Main]:   Server: map timer and unload [ms] 
INFO[Main]:   Server: send SAO messages [ms] 
INFO[Main]:   Server: update objects within range [ms] 
INFO[Main]:   Server::AsyncRunStep() [ms] _____________________   20x     0.45
INFO[Main]:   Server::RunStep() (max) [ms] ____________________    1x       51
INFO[Main]:   Server::SendBlocks(): Collect list [ms] 
INFO[Main]:   Server::SendBlocks(): Send to clients [ms] 
INFO[Main]:   Server::yieldTo...() progress [#] 
INFO[Main]:   Server::yieldTo...() sleep [ms] 
INFO[Main]:   ServerEnv: ABMs run 
INFO[Main]:   ServerEnv: Run SAO::step() [ms] 
INFO[Main]:   ServerEnv: Run node timers [ms] 
INFO[Main]:   ServerEnv: active blocks 
INFO[Main]:   ServerEnv: active blocks cached 
INFO[Main]:   ServerEnv: active blocks scanned for ABMs 
INFO[Main]:   ServerEnv: update active blocks [ms] 
INFO[Main]:   ServerEnv::step() [ms] __________________________   20x     0.05
INFO[Main]:   ServerEnvironment::removeRemovedObjects() [ms] 
INFO[Main]:   ServerMap: load block - sync (sum) [ms] 
INFO[Server]: ServerMap: Written: 763 blocks, 7642 blocks in memory.
INFO[Server]: ServerMap: Blocks modified by: 
INFO[Server]:   finishBlockMake: expireIsAir, MMVManip::blitBackAll     1x      243
INFO[Server]:   setGenerated, finishBlockMake: expireIsAir, MMVManip::blitBackAll     1x      170
INFO[Server]:   setIsUnderground ________________________________    1x      175
INFO[Server]:   setIsUnderground, finishBlockMake: expireIsAir, MMVManip::blitBackAll     1x       95
INFO[Server]:   setIsUnderground, setGenerated, finishBlockMake: expireIsAir, MMVManip::blitBackAll     1x       80
ACTION[Emerge-0]: GRUG_WP40_PROFILE_CALLBACK callback=34 minp=-32,-32,2608 maxp=47,47,2687 blockseed=666312267 plan_us=350469 writer_us=469850 total_us=820319 columns=6400 candidate_cells=49 candidates=971 r5_runs=20228 result=applied_cplq vm_get_emerged_area_calls=1 vm_get_emerged_area_us=1 vm_get_data_calls=1 vm_get_data_us=4075 vm_get_param2_data_calls=1 vm_get_param2_data_us=4065 vm_get_light_data_calls=2 vm_get_light_data_us=7715 vm_set_data_calls=1 vm_set_data_us=7231 vm_set_param2_data_calls=1 vm_set_param2_data_us=7250 vm_set_lighting_calls=16 vm_set_lighting_us=118 vm_calc_lighting_calls=1 vm_calc_lighting_us=1866 vm_set_light_data_calls=1 vm_set_light_data_us=7028 vm_update_liquids_calls=1 vm_update_liquids_us=991
ACTION[Emerge-0]: GRUG_WP40_PROFILE_PROBE phase=cold event=emerge case=owner_-32:-32:2608 mapchunk=-32,-32,2608 elapsed_us=853275 generated=1 disk=0 memory=124 cancelled=0 errored=0
INFO[Emerge-0]: initialEmerge: area: (-48,32,2432)(63,143,2543)=112x112x112=1404928 (5MB)
ACTION[Emerge-0]: GRUG_WP40_PROFILE_CALLBACK callback=35 minp=-32,48,2448 maxp=47,127,2527 blockseed=1876007353 plan_us=28893 writer_us=115427 total_us=144320 columns=6400 candidate_cells=49 candidates=0 r5_runs=11980 result=applied_cplq vm_get_emerged_area_calls=1 vm_get_emerged_area_us=2 vm_get_data_calls=1 vm_get_data_us=4067 vm_get_param2_data_calls=1 vm_get_param2_data_us=4066 vm_get_light_data_calls=2 vm_get_light_data_us=8137 vm_set_data_calls=1 vm_set_data_us=7212 vm_set_param2_data_calls=1 vm_set_param2_data_us=7096 vm_set_lighting_calls=70 vm_set_lighting_us=61 vm_calc_lighting_calls=1 vm_calc_lighting_us=10502 vm_set_light_data_calls=1 vm_set_light_data_us=7036 vm_update_liquids_calls=1 vm_update_liquids_us=1021
ACTION[Emerge-0]: GRUG_WP40_PROFILE_PROBE phase=cold event=emerge case=owner_-32:48:2448 mapchunk=-32,48,2448 elapsed_us=173270 generated=1 disk=0 memory=124 cancelled=0 errored=0
INFO[Emerge-0]: initialEmerge: area: (-48,32,2512)(63,143,2623)=112x112x112=1404928 (5MB)
INFO[Main]: Profiler:
INFO[Main]:   ActiveObjectMgr: SAO count [#] 
INFO[Main]:   Emerge-0: processed [#] _________________________    1x      250
INFO[Main]:   EmergeThread: Lua on_generated [ms] _____________    2x      483
INFO[Main]:   EmergeThread: Mapgen::makeChunk [ms] ____________    2x     26.5
INFO[Main]:   EmergeThread: after Mapgen::makeChunk [ms] ______    2x      0.5
INFO[Main]:   EmergeThread: load block - async (sum) [ms] 
INFO[Main]:   EmergeThread: update lighting [ms] ______________   90x    0.377
INFO[Main]:   SEnv: modify in blocks avg per interval [ms] 
INFO[Main]:   Server: map saving (sum) [ms] ___________________    1x       10
INFO[Main]:   Server: map timer and unload [ms] 
INFO[Main]:   Server: send SAO messages [ms] 
INFO[Main]:   Server: update objects within range [ms] 
INFO[Main]:   Server::AsyncRunStep() [ms] _____________________   20x      0.6
INFO[Main]:   Server::RunStep() (max) [ms] ____________________    1x       51
INFO[Main]:   Server::SendBlocks(): Collect list [ms] 
INFO[Main]:   Server::SendBlocks(): Send to clients [ms] 
INFO[Main]:   Server::yieldTo...() progress [#] 
INFO[Main]:   Server::yieldTo...() sleep [ms] 
INFO[Main]:   ServerEnv: ABMs run 
INFO[Main]:   ServerEnv: Run SAO::step() [ms] 
INFO[Main]:   ServerEnv: Run node timers [ms] 
INFO[Main]:   ServerEnv: active blocks 
INFO[Main]:   ServerEnv: active blocks cached 
INFO[Main]:   ServerEnv: active blocks scanned for ABMs 
INFO[Main]:   ServerEnv: update active blocks [ms] 
INFO[Main]:   ServerEnv::step() [ms] __________________________   20x      0.1
INFO[Main]:   ServerEnvironment::removeRemovedObjects() [ms] 
INFO[Main]:   ServerMap: load block - sync (sum) [ms] 
INFO[Server]: ServerMap: Written: 811 blocks, 7942 blocks in memory.
INFO[Server]: ServerMap: Blocks modified by: 
INFO[Server]:   finishBlockMake: expireIsAir, MMVManip::blitBackAll     1x      341
INFO[Server]:   setGenerated, finishBlockMake: expireIsAir, MMVManip::blitBackAll     1x      170
INFO[Server]:   setIsUnderground ________________________________    1x      125
INFO[Server]:   setIsUnderground, finishBlockMake: expireIsAir, MMVManip::blitBackAll     1x       95
INFO[Server]:   setIsUnderground, setGenerated, finishBlockMake: expireIsAir, MMVManip::blitBackAll     1x       80
ACTION[Emerge-0]: GRUG_WP40_PROFILE_CALLBACK callback=36 minp=-32,48,2528 maxp=47,127,2607 blockseed=2726723217 plan_us=30292 writer_us=117586 total_us=147878 columns=6400 candidate_cells=49 candidates=0 r5_runs=12800 result=applied_cplq vm_get_emerged_area_calls=1 vm_get_emerged_area_us=1 vm_get_data_calls=1 vm_get_data_us=3792 vm_get_param2_data_calls=1 vm_get_param2_data_us=3786 vm_get_light_data_calls=2 vm_get_light_data_us=7591 vm_set_data_calls=1 vm_set_data_us=7208 vm_set_param2_data_calls=1 vm_set_param2_data_us=7091 vm_set_lighting_calls=96 vm_set_lighting_us=90 vm_calc_lighting_calls=1 vm_calc_lighting_us=12785 vm_set_light_data_calls=1 vm_set_light_data_us=7025 vm_update_liquids_calls=1 vm_update_liquids_us=1003
ACTION[Emerge-0]: GRUG_WP40_PROFILE_PROBE phase=cold event=emerge case=owner_-32:48:2528 mapchunk=-32,48,2528 elapsed_us=176507 generated=1 disk=0 memory=124 cancelled=0 errored=0
INFO[Emerge-0]: initialEmerge: area: (1712,-48,-2528)(1823,63,-2417)=112x112x112=1404928 (5MB)
ACTION[Emerge-0]: GRUG_WP40_PROFILE_CALLBACK callback=37 minp=1728,-32,-2512 maxp=1807,47,-2433 blockseed=1267786569 plan_us=299823 writer_us=388557 total_us=688380 columns=6400 candidate_cells=49 candidates=60 r5_runs=24577 result=applied_cplq vm_get_emerged_area_calls=1 vm_get_emerged_area_us=2 vm_get_data_calls=1 vm_get_data_us=4073 vm_get_param2_data_calls=1 vm_get_param2_data_us=4059 vm_get_light_data_calls=2 vm_get_light_data_us=8132 vm_set_data_calls=1 vm_set_data_us=7076 vm_set_param2_data_calls=1 vm_set_param2_data_us=6824 vm_set_lighting_calls=1 vm_set_lighting_us=143 vm_calc_lighting_calls=1 vm_calc_lighting_us=1673 vm_set_light_data_calls=1 vm_set_light_data_us=6759 vm_update_liquids_calls=1 vm_update_liquids_us=1108
ACTION[Emerge-0]: GRUG_WP40_PROFILE_PROBE phase=cold event=emerge case=owner_1728:-32:-2512 mapchunk=1728,-32,-2512 elapsed_us=721928 generated=1 disk=0 memory=124 cancelled=0 errored=0
INFO[Emerge-0]: initialEmerge: area: (1712,-48,-2608)(1823,63,-2497)=112x112x112=1404928 (5MB)
INFO[Main]: Profiler:
INFO[Main]:   ActiveObjectMgr: SAO count [#] 
INFO[Main]:   Emerge-0: processed [#] _________________________    1x      250
INFO[Main]:   EmergeThread: Lua on_generated [ms] _____________    2x      418
INFO[Main]:   EmergeThread: Mapgen::makeChunk [ms] ____________    2x       30
INFO[Main]:   EmergeThread: after Mapgen::makeChunk [ms] ______    2x        1
INFO[Main]:   EmergeThread: load block - async (sum) [ms] 
INFO[Main]:   EmergeThread: update lighting [ms] ______________  101x    0.227
INFO[Main]:   SEnv: modify in blocks avg per interval [ms] 
INFO[Main]:   Server: map saving (sum) [ms] ___________________    1x       11
INFO[Main]:   Server: map timer and unload [ms] 
INFO[Main]:   Server: send SAO messages [ms] 
INFO[Main]:   Server: update objects within range [ms] 
INFO[Main]:   Server::AsyncRunStep() [ms] _____________________   20x     0.55
INFO[Main]:   Server::RunStep() (max) [ms] ____________________    1x       51
INFO[Main]:   Server::SendBlocks(): Collect list [ms] 
INFO[Main]:   Server::SendBlocks(): Send to clients [ms] 
INFO[Main]:   Server::yieldTo...() progress [#] 
INFO[Main]:   Server::yieldTo...() sleep [ms] 
INFO[Main]:   ServerEnv: ABMs run 
INFO[Main]:   ServerEnv: Run SAO::step() [ms] 
INFO[Main]:   ServerEnv: Run node timers [ms] 
INFO[Main]:   ServerEnv: active blocks 
INFO[Main]:   ServerEnv: active blocks cached 
INFO[Main]:   ServerEnv: active blocks scanned for ABMs 
INFO[Main]:   ServerEnv: update active blocks [ms] 
INFO[Main]:   ServerEnv::step() [ms] 
INFO[Main]:   ServerEnvironment::removeRemovedObjects() [ms] 
INFO[Main]:   ServerMap: load block - sync (sum) [ms] _________    1x        2
INFO[Server]: ServerMap: Written: 931 blocks, 8530 blocks in memory.
INFO[Server]: ServerMap: Blocks modified by: 
INFO[Server]:   finishBlockMake: expireIsAir, MMVManip::blitBackAll     1x      218
INFO[Server]:   setGenerated, finishBlockMake: expireIsAir, MMVManip::blitBackAll     1x      125
INFO[Server]:   setIsUnderground ________________________________    1x      245
INFO[Server]:   setIsUnderground, finishBlockMake: expireIsAir, MMVManip::blitBackAll     1x      218
INFO[Server]:   setIsUnderground, setGenerated, finishBlockMake: expireIsAir, MMVManip::blitBackAll     1x      125
ACTION[Emerge-0]: GRUG_WP40_PROFILE_CALLBACK callback=38 minp=1728,-32,-2592 maxp=1807,47,-2513 blockseed=250276953 plan_us=204331 writer_us=374189 total_us=578520 columns=6400 candidate_cells=49 candidates=0 r5_runs=25600 result=applied_cplq vm_get_emerged_area_calls=1 vm_get_emerged_area_us=2 vm_get_data_calls=1 vm_get_data_us=3852 vm_get_param2_data_calls=1 vm_get_param2_data_us=3826 vm_get_light_data_calls=2 vm_get_light_data_us=7671 vm_set_data_calls=1 vm_set_data_us=7206 vm_set_param2_data_calls=1 vm_set_param2_data_us=7084 vm_set_lighting_calls=1 vm_set_lighting_us=143 vm_calc_lighting_calls=1 vm_calc_lighting_us=2366 vm_set_light_data_calls=1 vm_set_light_data_us=7014 vm_update_liquids_calls=1 vm_update_liquids_us=961
ACTION[Emerge-0]: GRUG_WP40_PROFILE_PROBE phase=cold event=emerge case=owner_1728:-32:-2592 mapchunk=1728,-32,-2592 elapsed_us=612148 generated=1 disk=0 memory=124 cancelled=0 errored=0
INFO[Emerge-0]: initialEmerge: area: (1712,-48,-2688)(1823,63,-2577)=112x112x112=1404928 (5MB)
INFO[Main]: Profiler:
INFO[Main]:   ActiveObjectMgr: SAO count [#] 
INFO[Main]:   Emerge-0: processed [#] _________________________    1x      125
INFO[Main]:   EmergeThread: Lua on_generated [ms] _____________    1x      579
INFO[Main]:   EmergeThread: Mapgen::makeChunk [ms] ____________    1x       30
INFO[Main]:   EmergeThread: after Mapgen::makeChunk [ms] ______    1x        1
INFO[Main]:   EmergeThread: load block - async (sum) [ms] 
INFO[Main]:   EmergeThread: update lighting [ms] ______________    3x    2.333
INFO[Main]:   SEnv: modify in blocks avg per interval [ms] 
INFO[Main]:   Server: map saving (sum) [ms] ___________________    1x       13
INFO[Main]:   Server: map timer and unload [ms] 
INFO[Main]:   Server: send SAO messages [ms] 
INFO[Main]:   Server: update objects within range [ms] 
INFO[Main]:   Server::AsyncRunStep() [ms] _____________________   20x     0.65
INFO[Main]:   Server::RunStep() (max) [ms] ____________________    1x       51
INFO[Main]:   Server::SendBlocks(): Collect list [ms] 
INFO[Main]:   Server::SendBlocks(): Send to clients [ms] 
INFO[Main]:   Server::yieldTo...() progress [#] 
INFO[Main]:   Server::yieldTo...() sleep [ms] 
INFO[Main]:   ServerEnv: ABMs run 
INFO[Main]:   ServerEnv: Run SAO::step() [ms] 
INFO[Main]:   ServerEnv: Run node timers [ms] 
INFO[Main]:   ServerEnv: active blocks 
INFO[Main]:   ServerEnv: active blocks cached 
INFO[Main]:   ServerEnv: active blocks scanned for ABMs 
INFO[Main]:   ServerEnv: update active blocks [ms] 
INFO[Main]:   ServerEnv::step() [ms] 
INFO[Main]:   ServerEnvironment::removeRemovedObjects() [ms] 
INFO[Main]:   ServerMap: load block - sync (sum) [ms] _________    1x        2
INFO[Server]: ServerMap: Written: 588 blocks, 8775 blocks in memory.
INFO[Server]: ServerMap: Blocks modified by: 
INFO[Server]:   finishBlockMake: expireIsAir, MMVManip::blitBackAll     1x      218
INFO[Server]:   setGenerated, finishBlockMake: expireIsAir, MMVManip::blitBackAll     1x      125
INFO[Server]:   setIsUnderground ________________________________    1x      245
ACTION[Emerge-0]: GRUG_WP40_PROFILE_CALLBACK callback=39 minp=1728,-32,-2672 maxp=1807,47,-2593 blockseed=3117296737 plan_us=227141 writer_us=350709 total_us=577850 columns=6400 candidate_cells=49 candidates=89 r5_runs=25600 result=applied_clq vm_get_emerged_area_calls=1 vm_get_emerged_area_us=2 vm_get_data_calls=1 vm_get_data_us=4076 vm_get_param2_data_calls=1 vm_get_param2_data_us=4064 vm_get_light_data_calls=2 vm_get_light_data_us=7860 vm_set_data_calls=1 vm_set_data_us=7337 vm_set_param2_data_calls=0 vm_set_param2_data_us=0 vm_set_lighting_calls=1 vm_set_lighting_us=144 vm_calc_lighting_calls=1 vm_calc_lighting_us=1857 vm_set_light_data_calls=1 vm_set_light_data_us=7029 vm_update_liquids_calls=1 vm_update_liquids_us=946
ACTION[Emerge-0]: GRUG_WP40_PROFILE_PROBE phase=cold event=emerge case=owner_1728:-32:-2672 mapchunk=1728,-32,-2672 elapsed_us=611132 generated=1 disk=0 memory=124 cancelled=0 errored=0
INFO[Emerge-0]: initialEmerge: area: (1712,-48,2432)(1823,63,2543)=112x112x112=1404928 (5MB)
ACTION[Emerge-0]: GRUG_WP40_PROFILE_CALLBACK callback=40 minp=1728,-32,2448 maxp=1807,47,2527 blockseed=2577501953 plan_us=269933 writer_us=384108 total_us=654041 columns=6400 candidate_cells=49 candidates=0 r5_runs=25600 result=applied_cplq vm_get_emerged_area_calls=1 vm_get_emerged_area_us=2 vm_get_data_calls=1 vm_get_data_us=4065 vm_get_param2_data_calls=1 vm_get_param2_data_us=4061 vm_get_light_data_calls=2 vm_get_light_data_us=7691 vm_set_data_calls=1 vm_set_data_us=7251 vm_set_param2_data_calls=1 vm_set_param2_data_us=7103 vm_set_lighting_calls=1 vm_set_lighting_us=146 vm_calc_lighting_calls=1 vm_calc_lighting_us=4009 vm_set_light_data_calls=1 vm_set_light_data_us=7310 vm_update_liquids_calls=1 vm_update_liquids_us=988
ACTION[Emerge-0]: GRUG_WP40_PROFILE_PROBE phase=cold event=emerge case=owner_1728:-32:2448 mapchunk=1728,-32,2448 elapsed_us=683486 generated=1 disk=0 memory=124 cancelled=0 errored=0
INFO[Emerge-0]: initialEmerge: area: (1712,-48,2512)(1823,63,2623)=112x112x112=1404928 (5MB)
INFO[Main]: Profiler:
INFO[Main]:   ActiveObjectMgr: SAO count [#] 
INFO[Main]:   Emerge-0: processed [#] _________________________    1x      250
INFO[Main]:   EmergeThread: Lua on_generated [ms] _____________    2x      616
INFO[Main]:   EmergeThread: Mapgen::makeChunk [ms] ____________    2x       28
INFO[Main]:   EmergeThread: after Mapgen::makeChunk [ms] 
INFO[Main]:   EmergeThread: load block - async (sum) [ms] 
INFO[Main]:   EmergeThread: update lighting [ms] ______________    6x    1.833
INFO[Main]:   SEnv: modify in blocks avg per interval [ms] 
INFO[Main]:   Server: map saving (sum) [ms] ___________________    1x        8
INFO[Main]:   Server: map timer and unload [ms] 
INFO[Main]:   Server: send SAO messages [ms] 
INFO[Main]:   Server: update objects within range [ms] 
INFO[Main]:   Server::AsyncRunStep() [ms] _____________________   20x      0.4
INFO[Main]:   Server::RunStep() (max) [ms] ____________________    1x       51
INFO[Main]:   Server::SendBlocks(): Collect list [ms] 
INFO[Main]:   Server::SendBlocks(): Send to clients [ms] 
INFO[Main]:   Server::yieldTo...() progress [#] 
INFO[Main]:   Server::yieldTo...() sleep [ms] 
INFO[Main]:   ServerEnv: ABMs run 
INFO[Main]:   ServerEnv: Run SAO::step() [ms] 
INFO[Main]:   ServerEnv: Run node timers [ms] 
INFO[Main]:   ServerEnv: active blocks 
INFO[Main]:   ServerEnv: active blocks cached 
INFO[Main]:   ServerEnv: active blocks scanned for ABMs 
INFO[Main]:   ServerEnv: update active blocks [ms] 
INFO[Main]:   ServerEnv::step() [ms] 
INFO[Main]:   ServerEnvironment::removeRemovedObjects() [ms] 
INFO[Main]:   ServerMap: load block - sync (sum) [ms] _________    1x        3
INFO[Server]: ServerMap: Written: 931 blocks, 9363 blocks in memory.
INFO[Server]: ServerMap: Blocks modified by: 
INFO[Server]:   finishBlockMake: expireIsAir, MMVManip::blitBackAll     1x      218
INFO[Server]:   setGenerated, finishBlockMake: expireIsAir, MMVManip::blitBackAll     1x      125
INFO[Server]:   setIsUnderground ________________________________    1x      245
INFO[Server]:   setIsUnderground, finishBlockMake: expireIsAir, MMVManip::blitBackAll     1x      218
INFO[Server]:   setIsUnderground, setGenerated, finishBlockMake: expireIsAir, MMVManip::blitBackAll     1x      125
ACTION[Emerge-0]: GRUG_WP40_PROFILE_CALLBACK callback=41 minp=1728,-32,2528 maxp=1807,47,2607 blockseed=2071729241 plan_us=188101 writer_us=358902 total_us=547003 columns=6400 candidate_cells=49 candidates=0 r5_runs=25600 result=applied_cplq vm_get_emerged_area_calls=1 vm_get_emerged_area_us=2 vm_get_data_calls=1 vm_get_data_us=4068 vm_get_param2_data_calls=1 vm_get_param2_data_us=4070 vm_get_light_data_calls=2 vm_get_light_data_us=8127 vm_set_data_calls=1 vm_set_data_us=7233 vm_set_param2_data_calls=1 vm_set_param2_data_us=7108 vm_set_lighting_calls=1 vm_set_lighting_us=144 vm_calc_lighting_calls=1 vm_calc_lighting_us=5921 vm_set_light_data_calls=1 vm_set_light_data_us=7042 vm_update_liquids_calls=1 vm_update_liquids_us=972
ACTION[Emerge-0]: GRUG_WP40_PROFILE_PROBE phase=cold event=emerge case=owner_1728:-32:2528 mapchunk=1728,-32,2528 elapsed_us=578268 generated=1 disk=0 memory=124 cancelled=0 errored=0
INFO[Emerge-0]: initialEmerge: area: (1712,-48,2592)(1823,63,2703)=112x112x112=1404928 (5MB)
INFO[Main]: Profiler:
INFO[Main]:   ActiveObjectMgr: SAO count [#] 
INFO[Main]:   Emerge-0: processed [#] _________________________    1x      125
INFO[Main]:   EmergeThread: Lua on_generated [ms] _____________    1x      547
INFO[Main]:   EmergeThread: Mapgen::makeChunk [ms] ____________    1x       31
INFO[Main]:   EmergeThread: after Mapgen::makeChunk [ms] 
INFO[Main]:   EmergeThread: load block - async (sum) [ms] 
INFO[Main]:   EmergeThread: update lighting [ms] ______________    5x      3.2
INFO[Main]:   SEnv: modify in blocks avg per interval [ms] 
INFO[Main]:   Server: map saving (sum) [ms] ___________________    1x       12
INFO[Main]:   Server: map timer and unload [ms] _______________    1x        1
INFO[Main]:   Server: send SAO messages [ms] 
INFO[Main]:   Server: update objects within range [ms] 
INFO[Main]:   Server::AsyncRunStep() [ms] _____________________   20x     0.65
INFO[Main]:   Server::RunStep() (max) [ms] ____________________    1x       51
INFO[Main]:   Server::SendBlocks(): Collect list [ms] 
INFO[Main]:   Server::SendBlocks(): Send to clients [ms] 
INFO[Main]:   Server::yieldTo...() progress [#] 
INFO[Main]:   Server::yieldTo...() sleep [ms] 
INFO[Main]:   ServerEnv: ABMs run 
INFO[Main]:   ServerEnv: Run SAO::step() [ms] 
INFO[Main]:   ServerEnv: Run node timers [ms] 
INFO[Main]:   ServerEnv: active blocks 
INFO[Main]:   ServerEnv: active blocks cached 
INFO[Main]:   ServerEnv: active blocks scanned for ABMs 
INFO[Main]:   ServerEnv: update active blocks [ms] 
INFO[Main]:   ServerEnv::step() [ms] 
INFO[Main]:   ServerEnvironment::removeRemovedObjects() [ms] 
INFO[Main]:   ServerMap: load block - sync (sum) [ms] _________    1x        1
ACTION[Emerge-0]: GRUG_WP40_PROFILE_CALLBACK callback=42 minp=1728,-32,2608 maxp=1807,47,2687 blockseed=948754623 plan_us=208168 writer_us=352255 total_us=560423 columns=6400 candidate_cells=49 candidates=141 r5_runs=24640 result=applied_cplq vm_get_emerged_area_calls=1 vm_get_emerged_area_us=1 vm_get_data_calls=1 vm_get_data_us=4067 vm_get_param2_data_calls=1 vm_get_param2_data_us=4057 vm_get_light_data_calls=2 vm_get_light_data_us=8126 vm_set_data_calls=1 vm_set_data_us=7138 vm_set_param2_data_calls=1 vm_set_param2_data_us=7173 vm_set_lighting_calls=1 vm_set_lighting_us=138 vm_calc_lighting_calls=1 vm_calc_lighting_us=4651 vm_set_light_data_calls=1 vm_set_light_data_us=7067 vm_update_liquids_calls=1 vm_update_liquids_us=945
ACTION[Emerge-0]: GRUG_WP40_PROFILE_PROBE phase=cold event=emerge case=owner_1728:-32:2608 mapchunk=1728,-32,2608 elapsed_us=594778 generated=1 disk=0 memory=124 cancelled=0 errored=0
INFO[Server]: ServerMap: Written: 588 blocks, 9608 blocks in memory.
INFO[Server]: ServerMap: Blocks modified by: 
INFO[Server]:   finishBlockMake: expireIsAir, MMVManip::blitBackAll     1x      193
INFO[Server]:   setGenerated, finishBlockMake: expireIsAir, MMVManip::blitBackAll     1x      150
INFO[Server]:   setIsUnderground, finishBlockMake: expireIsAir, MMVManip::blitBackAll     1x      145
INFO[Server]:   setIsUnderground, setGenerated, finishBlockMake: expireIsAir, MMVManip::blitBackAll     1x      100
INFO[Emerge-0]: initialEmerge: area: (1712,32,-2528)(1823,143,-2417)=112x112x112=1404928 (5MB)
ACTION[Emerge-0]: GRUG_WP40_PROFILE_CALLBACK callback=43 minp=1728,48,-2512 maxp=1807,127,-2433 blockseed=616356417 plan_us=31739 writer_us=111277 total_us=143016 columns=6400 candidate_cells=49 candidates=60 r5_runs=6865 result=applied_cplq vm_get_emerged_area_calls=1 vm_get_emerged_area_us=2 vm_get_data_calls=1 vm_get_data_us=4061 vm_get_param2_data_calls=1 vm_get_param2_data_us=4058 vm_get_light_data_calls=2 vm_get_light_data_us=8138 vm_set_data_calls=1 vm_set_data_us=6938 vm_set_param2_data_calls=1 vm_set_param2_data_us=6818 vm_set_lighting_calls=37 vm_set_lighting_us=38 vm_calc_lighting_calls=1 vm_calc_lighting_us=8972 vm_set_light_data_calls=1 vm_set_light_data_us=6748 vm_update_liquids_calls=1 vm_update_liquids_us=936
ACTION[Emerge-0]: GRUG_WP40_PROFILE_PROBE phase=cold event=emerge case=owner_1728:48:-2512 mapchunk=1728,48,-2512 elapsed_us=178320 generated=1 disk=0 memory=124 cancelled=0 errored=0
INFO[Emerge-0]: initialEmerge: area: (1712,32,-2608)(1823,143,-2497)=112x112x112=1404928 (5MB)
ACTION[Emerge-0]: GRUG_WP40_PROFILE_CALLBACK callback=44 minp=1728,48,-2592 maxp=1807,127,-2513 blockseed=4037080553 plan_us=22446 writer_us=120022 total_us=142468 columns=6400 candidate_cells=49 candidates=0 r5_runs=6400 result=applied_cplq vm_get_emerged_area_calls=1 vm_get_emerged_area_us=2 vm_get_data_calls=1 vm_get_data_us=4331 vm_get_param2_data_calls=1 vm_get_param2_data_us=4331 vm_get_light_data_calls=2 vm_get_light_data_us=8671 vm_set_data_calls=1 vm_set_data_us=6939 vm_set_param2_data_calls=1 vm_set_param2_data_us=6843 vm_set_lighting_calls=95 vm_set_lighting_us=92 vm_calc_lighting_calls=1 vm_calc_lighting_us=11999 vm_set_light_data_calls=1 vm_set_light_data_us=6746 vm_update_liquids_calls=1 vm_update_liquids_us=982
ACTION[Emerge-0]: GRUG_WP40_PROFILE_PROBE phase=cold event=emerge case=owner_1728:48:-2592 mapchunk=1728,48,-2592 elapsed_us=170819 generated=1 disk=0 memory=124 cancelled=0 errored=0
INFO[Emerge-0]: initialEmerge: area: (1712,32,-2688)(1823,143,-2577)=112x112x112=1404928 (5MB)
ACTION[Emerge-0]: GRUG_WP40_PROFILE_CALLBACK callback=45 minp=1728,48,-2672 maxp=1807,127,-2593 blockseed=4289601721 plan_us=38202 writer_us=107754 total_us=145956 columns=6400 candidate_cells=49 candidates=89 r5_runs=6400 result=applied_clq vm_get_emerged_area_calls=1 vm_get_emerged_area_us=2 vm_get_data_calls=1 vm_get_data_us=4056 vm_get_param2_data_calls=1 vm_get_param2_data_us=4058 vm_get_light_data_calls=2 vm_get_light_data_us=8753 vm_set_data_calls=1 vm_set_data_us=7247 vm_set_param2_data_calls=0 vm_set_param2_data_us=0 vm_set_lighting_calls=51 vm_set_lighting_us=40 vm_calc_lighting_calls=1 vm_calc_lighting_us=10229 vm_set_light_data_calls=1 vm_set_light_data_us=7092 vm_update_liquids_calls=1 vm_update_liquids_us=973
ACTION[Emerge-0]: GRUG_WP40_PROFILE_PROBE phase=cold event=emerge case=owner_1728:48:-2672 mapchunk=1728,48,-2672 elapsed_us=173798 generated=1 disk=0 memory=124 cancelled=0 errored=0
INFO[Emerge-0]: initialEmerge: area: (1792,-48,-2528)(1903,63,-2417)=112x112x112=1404928 (5MB)
INFO[Main]: Profiler:
INFO[Main]:   ActiveObjectMgr: SAO count [#] 
INFO[Main]:   Emerge-0: processed [#] _________________________    1x      500
INFO[Main]:   EmergeThread: Lua on_generated [ms] _____________    4x      248
INFO[Main]:   EmergeThread: Mapgen::makeChunk [ms] ____________    4x    26.75
INFO[Main]:   EmergeThread: after Mapgen::makeChunk [ms] ______    4x     0.75
INFO[Main]:   EmergeThread: load block - async (sum) [ms] 
INFO[Main]:   EmergeThread: update lighting [ms] ______________  190x    0.342
INFO[Main]:   SEnv: modify in blocks avg per interval [ms] 
INFO[Main]:   Server: map saving (sum) [ms] ___________________    1x        9
INFO[Main]:   Server: map timer and unload [ms] 
INFO[Main]:   Server: send SAO messages [ms] 
INFO[Main]:   Server: update objects within range [ms] 
INFO[Main]:   Server::AsyncRunStep() [ms] _____________________   20x     0.45
INFO[Main]:   Server::RunStep() (max) [ms] ____________________    1x       51
INFO[Main]:   Server::SendBlocks(): Collect list [ms] 
INFO[Main]:   Server::SendBlocks(): Send to clients [ms] 
INFO[Main]:   Server::yieldTo...() progress [#] 
INFO[Main]:   Server::yieldTo...() sleep [ms] 
INFO[Main]:   ServerEnv: ABMs run 
INFO[Main]:   ServerEnv: Run SAO::step() [ms] 
INFO[Main]:   ServerEnv: Run node timers [ms] 
INFO[Main]:   ServerEnv: active blocks 
INFO[Main]:   ServerEnv: active blocks cached 
INFO[Main]:   ServerEnv: active blocks scanned for ABMs 
INFO[Main]:   ServerEnv: update active blocks [ms] 
INFO[Main]:   ServerEnv::step() [ms] 
INFO[Main]:   ServerEnvironment::removeRemovedObjects() [ms] 
INFO[Main]:   ServerMap: load block - sync (sum) [ms] _________    1x        3
INFO[Server]: ServerMap: Written: 1078 blocks, 10448 blocks in memory.
INFO[Server]: ServerMap: Blocks modified by: 
INFO[Server]:   finishBlockMake: expireIsAir, MMVManip::blitBackAll     1x      163
INFO[Server]:   setGenerated, finishBlockMake: expireIsAir, MMVManip::blitBackAll     1x       75
INFO[Server]:   setIsUnderground ________________________________    1x      245
INFO[Server]:   setIsUnderground, finishBlockMake: expireIsAir, MMVManip::blitBackAll     1x      295
INFO[Server]:   setIsUnderground, setGenerated, finishBlockMake: expireIsAir, MMVManip::blitBackAll     1x      300
ACTION[Emerge-0]: GRUG_WP40_PROFILE_CALLBACK callback=46 minp=1808,-32,-2512 maxp=1887,47,-2433 blockseed=644690765 plan_us=263247 writer_us=419382 total_us=682629 columns=6400 candidate_cells=49 candidates=66 r5_runs=25331 result=applied_cplq vm_get_emerged_area_calls=1 vm_get_emerged_area_us=2 vm_get_data_calls=1 vm_get_data_us=4097 vm_get_param2_data_calls=1 vm_get_param2_data_us=4034 vm_get_light_data_calls=2 vm_get_light_data_us=8126 vm_set_data_calls=1 vm_set_data_us=7211 vm_set_param2_data_calls=1 vm_set_param2_data_us=7087 vm_set_lighting_calls=96 vm_set_lighting_us=162 vm_calc_lighting_calls=1 vm_calc_lighting_us=3198 vm_set_light_data_calls=1 vm_set_light_data_us=7022 vm_update_liquids_calls=1 vm_update_liquids_us=957
ACTION[Emerge-0]: GRUG_WP40_PROFILE_PROBE phase=cold event=emerge case=owner_1808:-32:-2512 mapchunk=1808,-32,-2512 elapsed_us=716173 generated=1 disk=0 memory=124 cancelled=0 errored=0
INFO[Emerge-0]: initialEmerge: area: (1792,-48,-2608)(1903,63,-2497)=112x112x112=1404928 (5MB)
ACTION[Emerge-0]: GRUG_WP40_PROFILE_CALLBACK callback=47 minp=1808,-32,-2592 maxp=1887,47,-2513 blockseed=969064153 plan_us=185588 writer_us=384397 total_us=569985 columns=6400 candidate_cells=49 candidates=0 r5_runs=25600 result=applied_cplq vm_get_emerged_area_calls=1 vm_get_emerged_area_us=19 vm_get_data_calls=1 vm_get_data_us=4076 vm_get_param2_data_calls=1 vm_get_param2_data_us=4064 vm_get_light_data_calls=2 vm_get_light_data_us=8143 vm_set_data_calls=1 vm_set_data_us=7210 vm_set_param2_data_calls=1 vm_set_param2_data_us=7093 vm_set_lighting_calls=111 vm_set_lighting_us=183 vm_calc_lighting_calls=1 vm_calc_lighting_us=4064 vm_set_light_data_calls=1 vm_set_light_data_us=7022 vm_update_liquids_calls=1 vm_update_liquids_us=992
ACTION[Emerge-0]: GRUG_WP40_PROFILE_PROBE phase=cold event=emerge case=owner_1808:-32:-2592 mapchunk=1808,-32,-2592 elapsed_us=603738 generated=1 disk=0 memory=124 cancelled=0 errored=0
INFO[Main]: Profiler:
INFO[Main]:   ActiveObjectMgr: SAO count [#] 
INFO[Main]:   Emerge-0: processed [#] _________________________    1x      249
INFO[Main]:   EmergeThread: Lua on_generated [ms] _____________    2x    626.5
INFO[Main]:   EmergeThread: Mapgen::makeChunk [ms] ____________    1x       31
INFO[Main]:   EmergeThread: after Mapgen::makeChunk [ms] ______    2x      0.5
INFO[Main]:   EmergeThread: load block - async (sum) [ms] 
INFO[Main]:   EmergeThread: update lighting [ms] ______________  210x    0.061
INFO[Main]:   SEnv: modify in blocks avg per interval [ms] 
INFO[Main]:   Server: map saving (sum) [ms] ___________________    1x       14
INFO[Main]:   Server: map timer and unload [ms] 
INFO[Main]:   Server: send SAO messages [ms] 
INFO[Main]:   Server: update objects within range [ms] 
INFO[Main]:   Server::AsyncRunStep() [ms] _____________________   20x     0.75
INFO[Main]:   Server::RunStep() (max) [ms] ____________________    1x       51
INFO[Main]:   Server::SendBlocks(): Collect list [ms] 
INFO[Main]:   Server::SendBlocks(): Send to clients [ms] 
INFO[Main]:   Server::yieldTo...() progress [#] 
INFO[Main]:   Server::yieldTo...() sleep [ms] 
INFO[Main]:   ServerEnv: ABMs run 
INFO[Main]:   ServerEnv: Run SAO::step() [ms] 
INFO[Main]:   ServerEnv: Run node timers [ms] 
INFO[Main]:   ServerEnv: active blocks 
INFO[Main]:   ServerEnv: active blocks cached 
INFO[Main]:   ServerEnv: active blocks scanned for ABMs 
INFO[Main]:   ServerEnv: update active blocks [ms] 
INFO[Main]:   ServerEnv::step() [ms] 
INFO[Main]:   ServerEnvironment::removeRemovedObjects() [ms] 
INFO[Main]:   ServerMap: load block - sync (sum) [ms] _________    1x        1
INFO[Server]: ServerMap: Written: 588 blocks, 10623 blocks in memory.
INFO[Server]: ServerMap: Blocks modified by: 
INFO[Server]:   finishBlockMake: expireIsAir, MMVManip::blitBackAll     1x      243
INFO[Server]:   setGenerated, finishBlockMake: expireIsAir, MMVManip::blitBackAll     1x      170
INFO[Server]:   setIsUnderground, finishBlockMake: expireIsAir, MMVManip::blitBackAll     1x       95
INFO[Server]:   setIsUnderground, setGenerated, finishBlockMake: expireIsAir, MMVManip::blitBackAll     1x       80
INFO[Emerge-0]: initialEmerge: area: (1792,-48,-2688)(1903,63,-2577)=112x112x112=1404928 (5MB)
ACTION[Emerge-0]: GRUG_WP40_PROFILE_CALLBACK callback=48 minp=1808,-32,-2672 maxp=1887,47,-2593 blockseed=2104336481 plan_us=198870 writer_us=371919 total_us=570789 columns=6400 candidate_cells=49 candidates=81 r5_runs=25600 result=applied_clq vm_get_emerged_area_calls=1 vm_get_emerged_area_us=2 vm_get_data_calls=1 vm_get_data_us=4065 vm_get_param2_data_calls=1 vm_get_param2_data_us=4151 vm_get_light_data_calls=2 vm_get_light_data_us=9213 vm_set_data_calls=1 vm_set_data_us=7207 vm_set_param2_data_calls=0 vm_set_param2_data_us=0 vm_set_lighting_calls=96 vm_set_lighting_us=187 vm_calc_lighting_calls=1 vm_calc_lighting_us=3258 vm_set_light_data_calls=1 vm_set_light_data_us=7017 vm_update_liquids_calls=1 vm_update_liquids_us=974
ACTION[Emerge-0]: GRUG_WP40_PROFILE_PROBE phase=cold event=emerge case=owner_1808:-32:-2672 mapchunk=1808,-32,-2672 elapsed_us=615282 generated=1 disk=0 memory=124 cancelled=0 errored=0
INFO[Emerge-0]: initialEmerge: area: (1792,-48,2432)(1903,63,2543)=112x112x112=1404928 (5MB)
INFO[Main]: Profiler:
INFO[Main]:   ActiveObjectMgr: SAO count [#] 
INFO[Main]:   Emerge-0: processed [#] _________________________    1x      126
INFO[Main]:   EmergeThread: Lua on_generated [ms] _____________    1x      571
INFO[Main]:   EmergeThread: Mapgen::makeChunk [ms] ____________    2x     30.5
INFO[Main]:   EmergeThread: after Mapgen::makeChunk [ms] ______    1x        1
INFO[Main]:   EmergeThread: load block - async (sum) [ms] 
INFO[Main]:   EmergeThread: update lighting [ms] ______________   99x    0.121
INFO[Main]:   SEnv: modify in blocks avg per interval [ms] 
INFO[Main]:   Server: map saving (sum) [ms] ___________________    1x        9
INFO[Main]:   Server: map timer and unload [ms] 
INFO[Main]:   Server: send SAO messages [ms] 
INFO[Main]:   Server: update objects within range [ms] 
INFO[Main]:   Server::AsyncRunStep() [ms] _____________________   20x     0.55
INFO[Main]:   Server::RunStep() (max) [ms] ____________________    1x       51
INFO[Main]:   Server::SendBlocks(): Collect list [ms] 
INFO[Main]:   Server::SendBlocks(): Send to clients [ms] 
INFO[Main]:   Server::yieldTo...() progress [#] 
INFO[Main]:   Server::yieldTo...() sleep [ms] 
INFO[Main]:   ServerEnv: ABMs run 
INFO[Main]:   ServerEnv: Run SAO::step() [ms] 
INFO[Main]:   ServerEnv: Run node timers [ms] 
INFO[Main]:   ServerEnv: active blocks 
INFO[Main]:   ServerEnv: active blocks cached 
INFO[Main]:   ServerEnv: active blocks scanned for ABMs 
INFO[Main]:   ServerEnv: update active blocks [ms] 
INFO[Main]:   ServerEnv::step() [ms] __________________________   20x      0.1
INFO[Main]:   ServerEnvironment::removeRemovedObjects() [ms] 
INFO[Main]:   ServerMap: load block - sync (sum) [ms] 
INFO[Server]: ServerMap: Written: 588 blocks, 11043 blocks in memory.
INFO[Server]: ServerMap: Blocks modified by: 
INFO[Server]:   finishBlockMake: expireIsAir, MMVManip::blitBackAll     1x      123
INFO[Server]:   setGenerated, finishBlockMake: expireIsAir, MMVManip::blitBackAll     1x       45
INFO[Server]:   setIsUnderground ________________________________    1x      245
INFO[Server]:   setIsUnderground, finishBlockMake: expireIsAir, MMVManip::blitBackAll     1x       95
INFO[Server]:   setIsUnderground, setGenerated, finishBlockMake: expireIsAir, MMVManip::blitBackAll     1x       80
ACTION[Emerge-0]: GRUG_WP40_PROFILE_CALLBACK callback=49 minp=1808,-32,2448 maxp=1887,47,2527 blockseed=2050705729 plan_us=212057 writer_us=335104 total_us=547161 columns=6400 candidate_cells=49 candidates=0 r5_runs=25600 result=applied_cplq vm_get_emerged_area_calls=1 vm_get_emerged_area_us=2 vm_get_data_calls=1 vm_get_data_us=4067 vm_get_param2_data_calls=1 vm_get_param2_data_us=4057 vm_get_light_data_calls=2 vm_get_light_data_us=8401 vm_set_data_calls=1 vm_set_data_us=7202 vm_set_param2_data_calls=1 vm_set_param2_data_us=7084 vm_set_lighting_calls=1 vm_set_lighting_us=142 vm_calc_lighting_calls=1 vm_calc_lighting_us=5189 vm_set_light_data_calls=1 vm_set_light_data_us=7191 vm_update_liquids_calls=1 vm_update_liquids_us=1024
ACTION[Emerge-0]: GRUG_WP40_PROFILE_PROBE phase=cold event=emerge case=owner_1808:-32:2448 mapchunk=1808,-32,2448 elapsed_us=580520 generated=1 disk=0 memory=124 cancelled=0 errored=0
INFO[Emerge-0]: initialEmerge: area: (1792,-48,2512)(1903,63,2623)=112x112x112=1404928 (5MB)
ACTION[Emerge-0]: GRUG_WP40_PROFILE_CALLBACK callback=50 minp=1808,-32,2528 maxp=1887,47,2607 blockseed=3325587033 plan_us=145739 writer_us=325648 total_us=471387 columns=6400 candidate_cells=49 candidates=0 r5_runs=25600 result=applied_cplq vm_get_emerged_area_calls=1 vm_get_emerged_area_us=2 vm_get_data_calls=1 vm_get_data_us=4080 vm_get_param2_data_calls=1 vm_get_param2_data_us=4072 vm_get_light_data_calls=2 vm_get_light_data_us=7857 vm_set_data_calls=1 vm_set_data_us=7210 vm_set_param2_data_calls=1 vm_set_param2_data_us=7088 vm_set_lighting_calls=1 vm_set_lighting_us=143 vm_calc_lighting_calls=1 vm_calc_lighting_us=6988 vm_set_light_data_calls=1 vm_set_light_data_us=7020 vm_update_liquids_calls=1 vm_update_liquids_us=985
ACTION[Emerge-0]: GRUG_WP40_PROFILE_PROBE phase=cold event=emerge case=owner_1808:-32:2528 mapchunk=1808,-32,2528 elapsed_us=503252 generated=1 disk=0 memory=124 cancelled=0 errored=0
INFO[Emerge-0]: initialEmerge: area: (1792,-48,2592)(1903,63,2703)=112x112x112=1404928 (5MB)
INFO[Main]: Profiler:
INFO[Main]:   ActiveObjectMgr: SAO count [#] 
INFO[Main]:   Emerge-0: processed [#] _________________________    1x      250
INFO[Main]:   EmergeThread: Lua on_generated [ms] _____________    2x      509
INFO[Main]:   EmergeThread: Mapgen::makeChunk [ms] ____________    2x     30.5
INFO[Main]:   EmergeThread: after Mapgen::makeChunk [ms] ______    2x        1
INFO[Main]:   EmergeThread: load block - async (sum) [ms] 
INFO[Main]:   EmergeThread: update lighting [ms] ______________    6x        4
INFO[Main]:   SEnv: modify in blocks avg per interval [ms] 
INFO[Main]:   Server: map saving (sum) [ms] ___________________    1x        9
INFO[Main]:   Server: map timer and unload [ms] 
INFO[Main]:   Server: send SAO messages [ms] 
INFO[Main]:   Server: update objects within range [ms] 
INFO[Main]:   Server::AsyncRunStep() [ms] _____________________   20x      0.5
INFO[Main]:   Server::RunStep() (max) [ms] ____________________    1x       51
INFO[Main]:   Server::SendBlocks(): Collect list [ms] 
INFO[Main]:   Server::SendBlocks(): Send to clients [ms] 
INFO[Main]:   Server::yieldTo...() progress [#] 
INFO[Main]:   Server::yieldTo...() sleep [ms] 
INFO[Main]:   ServerEnv: ABMs run 
INFO[Main]:   ServerEnv: Run SAO::step() [ms] 
INFO[Main]:   ServerEnv: Run node timers [ms] 
INFO[Main]:   ServerEnv: active blocks 
INFO[Main]:   ServerEnv: active blocks cached 
INFO[Main]:   ServerEnv: active blocks scanned for ABMs 
INFO[Main]:   ServerEnv: update active blocks [ms] 
INFO[Main]:   ServerEnv::step() [ms] __________________________   20x     0.05
INFO[Main]:   ServerEnvironment::removeRemovedObjects() [ms] 
INFO[Main]:   ServerMap: load block - sync (sum) [ms] _________    1x        1
INFO[Server]: ServerMap: Written: 763 blocks, 11393 blocks in memory.
INFO[Server]: ServerMap: Blocks modified by: 
INFO[Server]:   finishBlockMake: expireIsAir, MMVManip::blitBackAll     1x      243
INFO[Server]:   setGenerated, finishBlockMake: expireIsAir, MMVManip::blitBackAll     1x      170
INFO[Server]:   setIsUnderground ________________________________    1x      175
INFO[Server]:   setIsUnderground, finishBlockMake: expireIsAir, MMVManip::blitBackAll     1x       95
INFO[Server]:   setIsUnderground, setGenerated, finishBlockMake: expireIsAir, MMVManip::blitBackAll     1x       80
ACTION[Emerge-0]: GRUG_WP40_PROFILE_CALLBACK callback=51 minp=1808,-32,2608 maxp=1887,47,2687 blockseed=3771814431 plan_us=155653 writer_us=355876 total_us=511529 columns=6400 candidate_cells=49 candidates=151 r5_runs=24640 result=applied_cplq vm_get_emerged_area_calls=1 vm_get_emerged_area_us=2 vm_get_data_calls=1 vm_get_data_us=4066 vm_get_param2_data_calls=1 vm_get_param2_data_us=4064 vm_get_light_data_calls=2 vm_get_light_data_us=8242 vm_set_data_calls=1 vm_set_data_us=7175 vm_set_param2_data_calls=1 vm_set_param2_data_us=6820 vm_set_lighting_calls=1 vm_set_lighting_us=137 vm_calc_lighting_calls=1 vm_calc_lighting_us=5067 vm_set_light_data_calls=1 vm_set_light_data_us=7036 vm_update_liquids_calls=1 vm_update_liquids_us=950
ACTION[Emerge-0]: GRUG_WP40_PROFILE_PROBE phase=cold event=emerge case=owner_1808:-32:2608 mapchunk=1808,-32,2608 elapsed_us=545304 generated=1 disk=0 memory=124 cancelled=0 errored=0
INFO[Emerge-0]: initialEmerge: area: (1792,32,-2528)(1903,143,-2417)=112x112x112=1404928 (5MB)
ACTION[Emerge-0]: GRUG_WP40_PROFILE_CALLBACK callback=52 minp=1808,48,-2512 maxp=1887,127,-2433 blockseed=3899066131 plan_us=55249 writer_us=114986 total_us=170235 columns=6400 candidate_cells=49 candidates=66 r5_runs=6534 result=applied_cplq vm_get_emerged_area_calls=1 vm_get_emerged_area_us=3 vm_get_data_calls=1 vm_get_data_us=3880 vm_get_param2_data_calls=1 vm_get_param2_data_us=3801 vm_get_light_data_calls=2 vm_get_light_data_us=8538 vm_set_data_calls=1 vm_set_data_us=7053 vm_set_param2_data_calls=1 vm_set_param2_data_us=6850 vm_set_lighting_calls=55 vm_set_lighting_us=45 vm_calc_lighting_calls=1 vm_calc_lighting_us=10936 vm_set_light_data_calls=1 vm_set_light_data_us=6780 vm_update_liquids_calls=1 vm_update_liquids_us=985
ACTION[Emerge-0]: GRUG_WP40_PROFILE_PROBE phase=cold event=emerge case=owner_1808:48:-2512 mapchunk=1808,48,-2512 elapsed_us=200316 generated=1 disk=0 memory=124 cancelled=0 errored=0
INFO[Emerge-0]: initialEmerge: area: (1792,32,-2608)(1903,143,-2497)=112x112x112=1404928 (5MB)
ACTION[Emerge-0]: GRUG_WP40_PROFILE_CALLBACK callback=53 minp=1808,48,-2592 maxp=1887,127,-2513 blockseed=628304361 plan_us=38766 writer_us=120542 total_us=159308 columns=6400 candidate_cells=49 candidates=0 r5_runs=6400 result=applied_cplq vm_get_emerged_area_calls=1 vm_get_emerged_area_us=3 vm_get_data_calls=1 vm_get_data_us=3862 vm_get_param2_data_calls=1 vm_get_param2_data_us=3804 vm_get_light_data_calls=2 vm_get_light_data_us=8140 vm_set_data_calls=1 vm_set_data_us=7310 vm_set_param2_data_calls=1 vm_set_param2_data_us=7141 vm_set_lighting_calls=110 vm_set_lighting_us=72 vm_calc_lighting_calls=1 vm_calc_lighting_us=14060 vm_set_light_data_calls=1 vm_set_light_data_us=7046 vm_update_liquids_calls=1 vm_update_liquids_us=1052
ACTION[Emerge-0]: GRUG_WP40_PROFILE_PROBE phase=cold event=emerge case=owner_1808:48:-2592 mapchunk=1808,48,-2592 elapsed_us=190613 generated=1 disk=0 memory=124 cancelled=0 errored=0
INFO[Emerge-0]: initialEmerge: area: (1792,32,-2688)(1903,143,-2577)=112x112x112=1404928 (5MB)
INFO[Main]: Profiler:
INFO[Main]:   ActiveObjectMgr: SAO count [#] 
INFO[Main]:   Emerge-0: processed [#] _________________________    1x      375
INFO[Main]:   EmergeThread: Lua on_generated [ms] _____________    3x  280.666
INFO[Main]:   EmergeThread: Mapgen::makeChunk [ms] ____________    3x       28
INFO[Main]:   EmergeThread: after Mapgen::makeChunk [ms] ______    3x    0.666
INFO[Main]:   EmergeThread: load block - async (sum) [ms] 
INFO[Main]:   EmergeThread: update lighting [ms] ______________  172x    0.383
INFO[Main]:   SEnv: modify in blocks avg per interval [ms] 
INFO[Main]:   Server: map saving (sum) [ms] ___________________    1x       13
INFO[Main]:   Server: map timer and unload [ms] _______________    1x        1
INFO[Main]:   Server: send SAO messages [ms] 
INFO[Main]:   Server: update objects within range [ms] 
INFO[Main]:   Server::AsyncRunStep() [ms] _____________________   20x     0.75
INFO[Main]:   Server::RunStep() (max) [ms] ____________________    1x       51
INFO[Main]:   Server::SendBlocks(): Collect list [ms] 
INFO[Main]:   Server::SendBlocks(): Send to clients [ms] 
INFO[Main]:   Server::yieldTo...() progress [#] 
INFO[Main]:   Server::yieldTo...() sleep [ms] 
INFO[Main]:   ServerEnv: ABMs run 
INFO[Main]:   ServerEnv: Run SAO::step() [ms] 
INFO[Main]:   ServerEnv: Run node timers [ms] 
INFO[Main]:   ServerEnv: active blocks 
INFO[Main]:   ServerEnv: active blocks cached 
INFO[Main]:   ServerEnv: active blocks scanned for ABMs 
INFO[Main]:   ServerEnv: update active blocks [ms] 
INFO[Main]:   ServerEnv::step() [ms] 
INFO[Main]:   ServerEnvironment::removeRemovedObjects() [ms] 
INFO[Main]:   ServerMap: load block - sync (sum) [ms] _________    1x        1
INFO[Server]: ServerMap: Written: 1056 blocks, 11818 blocks in memory.
INFO[Server]: ServerMap: Blocks modified by: 
INFO[Server]:   finishBlockMake: expireIsAir, MMVManip::blitBackAll     1x      416
INFO[Server]:   setGenerated, finishBlockMake: expireIsAir, MMVManip::blitBackAll     1x      215
INFO[Server]:   setIsUnderground ________________________________    1x      125
INFO[Server]:   setIsUnderground, finishBlockMake: expireIsAir, MMVManip::blitBackAll     1x      140
INFO[Server]:   setIsUnderground, setGenerated, finishBlockMake: expireIsAir, MMVManip::blitBackAll     1x      160
ACTION[Emerge-0]: GRUG_WP40_PROFILE_CALLBACK callback=54 minp=1808,48,-2672 maxp=1887,127,-2593 blockseed=50114937 plan_us=83838 writer_us=107722 total_us=191560 columns=6400 candidate_cells=49 candidates=81 r5_runs=6400 result=applied_clq vm_get_emerged_area_calls=1 vm_get_emerged_area_us=1 vm_get_data_calls=1 vm_get_data_us=4140 vm_get_param2_data_calls=1 vm_get_param2_data_us=4064 vm_get_light_data_calls=2 vm_get_light_data_us=8143 vm_set_data_calls=1 vm_set_data_us=6947 vm_set_param2_data_calls=0 vm_set_param2_data_us=0 vm_set_lighting_calls=51 vm_set_lighting_us=38 vm_calc_lighting_calls=1 vm_calc_lighting_us=11877 vm_set_light_data_calls=1 vm_set_light_data_us=6755 vm_update_liquids_calls=1 vm_update_liquids_us=958
ACTION[Emerge-0]: GRUG_WP40_PROFILE_PROBE phase=cold event=emerge case=owner_1808:48:-2672 mapchunk=1808,48,-2672 elapsed_us=221130 generated=1 disk=0 memory=124 cancelled=0 errored=0
INFO[Emerge-0]: initialEmerge: area: (32,-48,-2528)(143,63,-2417)=112x112x112=1404928 (5MB)
ACTION[Emerge-0]: GRUG_WP40_PROFILE_CALLBACK callback=55 minp=48,-32,-2512 maxp=127,47,-2433 blockseed=4110608401 plan_us=354265 writer_us=310213 total_us=664478 columns=6400 candidate_cells=49 candidates=361 r5_runs=25790 result=applied_clq vm_get_emerged_area_calls=1 vm_get_emerged_area_us=2 vm_get_data_calls=1 vm_get_data_us=4075 vm_get_param2_data_calls=1 vm_get_param2_data_us=4241 vm_get_light_data_calls=2 vm_get_light_data_us=8681 vm_set_data_calls=1 vm_set_data_us=7238 vm_set_param2_data_calls=0 vm_set_param2_data_us=0 vm_set_lighting_calls=96 vm_set_lighting_us=152 vm_calc_lighting_calls=1 vm_calc_lighting_us=4325 vm_set_light_data_calls=1 vm_set_light_data_us=7087 vm_update_liquids_calls=1 vm_update_liquids_us=936
ACTION[Emerge-0]: GRUG_WP40_PROFILE_PROBE phase=cold event=emerge case=owner_48:-32:-2512 mapchunk=48,-32,-2512 elapsed_us=699892 generated=1 disk=0 memory=124 cancelled=0 errored=0
INFO[Emerge-0]: initialEmerge: area: (32,-48,-2608)(143,63,-2497)=112x112x112=1404928 (5MB)
INFO[Main]: Profiler:
INFO[Main]:   ActiveObjectMgr: SAO count [#] 
INFO[Main]:   Emerge-0: processed [#] _________________________    1x      250
INFO[Main]:   EmergeThread: Lua on_generated [ms] _____________    2x      428
INFO[Main]:   EmergeThread: Mapgen::makeChunk [ms] ____________    2x       32
INFO[Main]:   EmergeThread: after Mapgen::makeChunk [ms] ______    2x        1
INFO[Main]:   EmergeThread: load block - async (sum) [ms] 
INFO[Main]:   EmergeThread: update lighting [ms] ______________  151x    0.198
INFO[Main]:   SEnv: modify in blocks avg per interval [ms] 
INFO[Main]:   Server: map saving (sum) [ms] ___________________    1x       14
INFO[Main]:   Server: map timer and unload [ms] 
INFO[Main]:   Server: send SAO messages [ms] 
INFO[Main]:   Server: update objects within range [ms] 
INFO[Main]:   Server::AsyncRunStep() [ms] _____________________   20x      0.7
INFO[Main]:   Server::RunStep() (max) [ms] ____________________    1x       51
INFO[Main]:   Server::SendBlocks(): Collect list [ms] 
INFO[Main]:   Server::SendBlocks(): Send to clients [ms] 
INFO[Main]:   Server::yieldTo...() progress [#] 
INFO[Main]:   Server::yieldTo...() sleep [ms] 
INFO[Main]:   ServerEnv: ABMs run 
INFO[Main]:   ServerEnv: Run SAO::step() [ms] 
INFO[Main]:   ServerEnv: Run node timers [ms] 
INFO[Main]:   ServerEnv: active blocks 
INFO[Main]:   ServerEnv: active blocks cached 
INFO[Main]:   ServerEnv: active blocks scanned for ABMs 
INFO[Main]:   ServerEnv: update active blocks [ms] 
INFO[Main]:   ServerEnv::step() [ms] 
INFO[Main]:   ServerEnvironment::removeRemovedObjects() [ms] 
INFO[Main]:   ServerMap: load block - sync (sum) [ms] _________    1x        1
INFO[Server]: ServerMap: Written: 861 blocks, 12238 blocks in memory.
INFO[Server]: ServerMap: Blocks modified by: 
INFO[Server]:   finishBlockMake: expireIsAir, MMVManip::blitBackAll     1x      291
INFO[Server]:   setGenerated, finishBlockMake: expireIsAir, MMVManip::blitBackAll     1x      150
INFO[Server]:   setIsUnderground ________________________________    1x      175
INFO[Server]:   setIsUnderground, finishBlockMake: expireIsAir, MMVManip::blitBackAll     1x      145
INFO[Server]:   setIsUnderground, setGenerated, finishBlockMake: expireIsAir, MMVManip::blitBackAll     1x      100
ACTION[Emerge-0]: GRUG_WP40_PROFILE_CALLBACK callback=56 minp=48,-32,-2592 maxp=127,47,-2513 blockseed=698610337 plan_us=210433 writer_us=293540 total_us=503973 columns=6400 candidate_cells=49 candidates=145 r5_runs=25440 result=applied_clq vm_get_emerged_area_calls=1 vm_get_emerged_area_us=1 vm_get_data_calls=1 vm_get_data_us=4078 vm_get_param2_data_calls=1 vm_get_param2_data_us=4066 vm_get_light_data_calls=2 vm_get_light_data_us=9220 vm_set_data_calls=1 vm_set_data_us=7208 vm_set_param2_data_calls=0 vm_set_param2_data_us=0 vm_set_lighting_calls=111 vm_set_lighting_us=151 vm_calc_lighting_calls=1 vm_calc_lighting_us=4645 vm_set_light_data_calls=1 vm_set_light_data_us=7034 vm_update_liquids_calls=1 vm_update_liquids_us=950
ACTION[Emerge-0]: GRUG_WP40_PROFILE_PROBE phase=cold event=emerge case=owner_48:-32:-2592 mapchunk=48,-32,-2592 elapsed_us=537670 generated=1 disk=0 memory=124 cancelled=0 errored=0
INFO[Emerge-0]: initialEmerge: area: (32,-48,-2688)(143,63,-2577)=112x112x112=1404928 (5MB)
ACTION[Emerge-0]: GRUG_WP40_PROFILE_CALLBACK callback=57 minp=48,-32,-2672 maxp=127,47,-2593 blockseed=1659142601 plan_us=208744 writer_us=282842 total_us=491586 columns=6400 candidate_cells=49 candidates=12 r5_runs=25440 result=applied_clq vm_get_emerged_area_calls=1 vm_get_emerged_area_us=2 vm_get_data_calls=1 vm_get_data_us=4068 vm_get_param2_data_calls=1 vm_get_param2_data_us=4059 vm_get_light_data_calls=2 vm_get_light_data_us=8409 vm_set_data_calls=1 vm_set_data_us=7216 vm_set_param2_data_calls=0 vm_set_param2_data_us=0 vm_set_lighting_calls=96 vm_set_lighting_us=144 vm_calc_lighting_calls=1 vm_calc_lighting_us=4274 vm_set_light_data_calls=1 vm_set_light_data_us=7024 vm_update_liquids_calls=1 vm_update_liquids_us=950
ACTION[Emerge-0]: GRUG_WP40_PROFILE_PROBE phase=cold event=emerge case=owner_48:-32:-2672 mapchunk=48,-32,-2672 elapsed_us=525891 generated=1 disk=0 memory=124 cancelled=0 errored=0
INFO[Emerge-0]: initialEmerge: area: (32,-48,2432)(143,63,2543)=112x112x112=1404928 (5MB)
INFO[Main]: Profiler:
INFO[Main]:   ActiveObjectMgr: SAO count [#] 
INFO[Main]:   Emerge-0: processed [#] _________________________    1x      250
INFO[Main]:   EmergeThread: Lua on_generated [ms] _____________    2x    497.5
INFO[Main]:   EmergeThread: Mapgen::makeChunk [ms] ____________    2x       31
INFO[Main]:   EmergeThread: after Mapgen::makeChunk [ms] ______    2x      0.5
INFO[Main]:   EmergeThread: load block - async (sum) [ms] 
INFO[Main]:   EmergeThread: update lighting [ms] ______________  211x    0.094
INFO[Main]:   SEnv: modify in blocks avg per interval [ms] 
INFO[Main]:   Server: map saving (sum) [ms] ___________________    1x       12
INFO[Main]:   Server: map timer and unload [ms] 
INFO[Main]:   Server: send SAO messages [ms] 
INFO[Main]:   Server: update objects within range [ms] 
INFO[Main]:   Server::AsyncRunStep() [ms] _____________________   20x      0.6
INFO[Main]:   Server::RunStep() (max) [ms] ____________________    1x       51
INFO[Main]:   Server::SendBlocks(): Collect list [ms] 
INFO[Main]:   Server::SendBlocks(): Send to clients [ms] 
INFO[Main]:   Server::yieldTo...() progress [#] 
INFO[Main]:   Server::yieldTo...() sleep [ms] 
INFO[Main]:   ServerEnv: ABMs run 
INFO[Main]:   ServerEnv: Run SAO::step() [ms] 
INFO[Main]:   ServerEnv: Run node timers [ms] 
INFO[Main]:   ServerEnv: active blocks 
INFO[Main]:   ServerEnv: active blocks cached 
INFO[Main]:   ServerEnv: active blocks scanned for ABMs 
INFO[Main]:   ServerEnv: update active blocks [ms] 
INFO[Main]:   ServerEnv::step() [ms] 
INFO[Main]:   ServerEnvironment::removeRemovedObjects() [ms] 
INFO[Main]:   ServerMap: load block - sync (sum) [ms] 
INFO[Server]: ServerMap: Written: 833 blocks, 12658 blocks in memory.
INFO[Server]: ServerMap: Blocks modified by: 
INFO[Server]:   finishBlockMake: expireIsAir, MMVManip::blitBackAll     1x      243
INFO[Server]:   setGenerated, finishBlockMake: expireIsAir, MMVManip::blitBackAll     1x      170
INFO[Server]:   setIsUnderground ________________________________    1x      245
INFO[Server]:   setIsUnderground, finishBlockMake: expireIsAir, MMVManip::blitBackAll     1x       95
INFO[Server]:   setIsUnderground, setGenerated, finishBlockMake: expireIsAir, MMVManip::blitBackAll     1x       80
ACTION[Emerge-0]: GRUG_WP40_PROFILE_CALLBACK callback=58 minp=48,-32,2448 maxp=127,47,2527 blockseed=75234537 plan_us=387784 writer_us=355471 total_us=743255 columns=6400 candidate_cells=49 candidates=537 r5_runs=22419 result=applied_cplq vm_get_emerged_area_calls=1 vm_get_emerged_area_us=2 vm_get_data_calls=1 vm_get_data_us=4073 vm_get_param2_data_calls=1 vm_get_param2_data_us=4059 vm_get_light_data_calls=2 vm_get_light_data_us=8122 vm_set_data_calls=1 vm_set_data_us=7204 vm_set_param2_data_calls=1 vm_set_param2_data_us=7089 vm_set_lighting_calls=96 vm_set_lighting_us=177 vm_calc_lighting_calls=1 vm_calc_lighting_us=3274 vm_set_light_data_calls=1 vm_set_light_data_us=7814 vm_update_liquids_calls=1 vm_update_liquids_us=1003
ACTION[Emerge-0]: GRUG_WP40_PROFILE_PROBE phase=cold event=emerge case=owner_48:-32:2448 mapchunk=48,-32,2448 elapsed_us=776409 generated=1 disk=0 memory=124 cancelled=0 errored=0
INFO[Emerge-0]: initialEmerge: area: (32,-48,2512)(143,63,2623)=112x112x112=1404928 (5MB)
INFO[Main]: Profiler:
INFO[Main]:   ActiveObjectMgr: SAO count [#] 
INFO[Main]:   Emerge-0: processed [#] _________________________    1x      125
INFO[Main]:   EmergeThread: Lua on_generated [ms] _____________    1x      743
INFO[Main]:   EmergeThread: Mapgen::makeChunk [ms] ____________    1x       30
INFO[Main]:   EmergeThread: after Mapgen::makeChunk [ms] ______    1x        1
INFO[Main]:   EmergeThread: load block - async (sum) [ms] 
INFO[Main]:   EmergeThread: update lighting [ms] ______________   98x    0.081
INFO[Main]:   SEnv: modify in blocks avg per interval [ms] 
INFO[Main]:   Server: map saving (sum) [ms] ___________________    1x       12
INFO[Main]:   Server: map timer and unload [ms] _______________    1x        1
INFO[Main]:   Server: send SAO messages [ms] 
INFO[Main]:   Server: update objects within range [ms] 
INFO[Main]:   Server::AsyncRunStep() [ms] _____________________   20x     0.65
INFO[Main]:   Server::RunStep() (max) [ms] ____________________    1x       51
INFO[Main]:   Server::SendBlocks(): Collect list [ms] 
INFO[Main]:   Server::SendBlocks(): Send to clients [ms] 
INFO[Main]:   Server::yieldTo...() progress [#] 
INFO[Main]:   Server::yieldTo...() sleep [ms] 
INFO[Main]:   ServerEnv: ABMs run 
INFO[Main]:   ServerEnv: Run SAO::step() [ms] 
INFO[Main]:   ServerEnv: Run node timers [ms] 
INFO[Main]:   ServerEnv: active blocks 
INFO[Main]:   ServerEnv: active blocks cached 
INFO[Main]:   ServerEnv: active blocks scanned for ABMs 
INFO[Main]:   ServerEnv: update active blocks [ms] 
INFO[Main]:   ServerEnv::step() [ms] 
INFO[Main]:   ServerEnvironment::removeRemovedObjects() [ms] 
INFO[Main]:   ServerMap: load block - sync (sum) [ms] 
INFO[Server]: ServerMap: Written: 518 blocks, 12833 blocks in memory.
INFO[Server]: ServerMap: Blocks modified by: 
INFO[Server]:   finishBlockMake: expireIsAir, MMVManip::blitBackAll     1x      218
INFO[Server]:   setGenerated, finishBlockMake: expireIsAir, MMVManip::blitBackAll     1x      125
INFO[Server]:   setIsUnderground ________________________________    1x      175
ACTION[Emerge-0]: GRUG_WP40_PROFILE_CALLBACK callback=59 minp=48,-32,2528 maxp=127,47,2607 blockseed=4016888213 plan_us=227606 writer_us=404892 total_us=632498 columns=6400 candidate_cells=49 candidates=603 r5_runs=20839 result=applied_cplq vm_get_emerged_area_calls=1 vm_get_emerged_area_us=2 vm_get_data_calls=1 vm_get_data_us=4078 vm_get_param2_data_calls=1 vm_get_param2_data_us=4097 vm_get_light_data_calls=2 vm_get_light_data_us=7630 vm_set_data_calls=1 vm_set_data_us=7232 vm_set_param2_data_calls=1 vm_set_param2_data_us=7113 vm_set_lighting_calls=96 vm_set_lighting_us=170 vm_calc_lighting_calls=1 vm_calc_lighting_us=2891 vm_set_light_data_calls=1 vm_set_light_data_us=7040 vm_update_liquids_calls=1 vm_update_liquids_us=1009
ACTION[Emerge-0]: GRUG_WP40_PROFILE_PROBE phase=cold event=emerge case=owner_48:-32:2528 mapchunk=48,-32,2528 elapsed_us=665168 generated=1 disk=0 memory=124 cancelled=0 errored=0
INFO[Emerge-0]: initialEmerge: area: (32,-48,2592)(143,63,2703)=112x112x112=1404928 (5MB)
INFO[Main]: Profiler:
INFO[Main]:   ActiveObjectMgr: SAO count [#] 
INFO[Main]:   Emerge-0: processed [#] _________________________    1x      125
INFO[Main]:   EmergeThread: Lua on_generated [ms] _____________    1x      632
INFO[Main]:   EmergeThread: Mapgen::makeChunk [ms] ____________    1x       30
INFO[Main]:   EmergeThread: after Mapgen::makeChunk [ms] ______    1x        1
INFO[Main]:   EmergeThread: load block - async (sum) [ms] 
INFO[Main]:   EmergeThread: update lighting [ms] ______________   98x    0.081
INFO[Main]:   SEnv: modify in blocks avg per interval [ms] 
INFO[Main]:   Server: map saving (sum) [ms] ___________________    1x        8
INFO[Main]:   Server: map timer and unload [ms] 
INFO[Main]:   Server: send SAO messages [ms] 
INFO[Main]:   Server: update objects within range [ms] 
INFO[Main]:   Server::AsyncRunStep() [ms] _____________________   20x      0.4
INFO[Main]:   Server::RunStep() (max) [ms] ____________________    1x       51
INFO[Main]:   Server::SendBlocks(): Collect list [ms] 
INFO[Main]:   Server::SendBlocks(): Send to clients [ms] 
INFO[Main]:   Server::yieldTo...() progress [#] 
INFO[Main]:   Server::yieldTo...() sleep [ms] 
INFO[Main]:   ServerEnv: ABMs run 
INFO[Main]:   ServerEnv: Run SAO::step() [ms] 
INFO[Main]:   ServerEnv: Run node timers [ms] 
INFO[Main]:   ServerEnv: active blocks 
INFO[Main]:   ServerEnv: active blocks cached 
INFO[Main]:   ServerEnv: active blocks scanned for ABMs 
INFO[Main]:   ServerEnv: update active blocks [ms] 
INFO[Main]:   ServerEnv::step() [ms] 
INFO[Main]:   ServerEnvironment::removeRemovedObjects() [ms] 
INFO[Main]:   ServerMap: load block - sync (sum) [ms] 
INFO[Server]: ServerMap: Written: 518 blocks, 13008 blocks in memory.
INFO[Server]: ServerMap: Blocks modified by: 
INFO[Server]:   finishBlockMake: expireIsAir, MMVManip::blitBackAll     1x      218
INFO[Server]:   setGenerated, finishBlockMake: expireIsAir, MMVManip::blitBackAll     1x      125
INFO[Server]:   setIsUnderground ________________________________    1x      175
ACTION[Emerge-0]: GRUG_WP40_PROFILE_CALLBACK callback=60 minp=48,-32,2608 maxp=127,47,2687 blockseed=411241707 plan_us=253962 writer_us=470854 total_us=724816 columns=6400 candidate_cells=49 candidates=1438 r5_runs=21671 result=applied_cplq vm_get_emerged_area_calls=1 vm_get_emerged_area_us=2 vm_get_data_calls=1 vm_get_data_us=4068 vm_get_param2_data_calls=1 vm_get_param2_data_us=4065 vm_get_light_data_calls=2 vm_get_light_data_us=8128 vm_set_data_calls=1 vm_set_data_us=7214 vm_set_param2_data_calls=1 vm_set_param2_data_us=7090 vm_set_lighting_calls=16 vm_set_lighting_us=148 vm_calc_lighting_calls=1 vm_calc_lighting_us=1916 vm_set_light_data_calls=1 vm_set_light_data_us=7023 vm_update_liquids_calls=1 vm_update_liquids_us=1004
ACTION[Emerge-0]: GRUG_WP40_PROFILE_PROBE phase=cold event=emerge case=owner_48:-32:2608 mapchunk=48,-32,2608 elapsed_us=757853 generated=1 disk=0 memory=124 cancelled=0 errored=0
INFO[Emerge-0]: initialEmerge: area: (32,32,2432)(143,143,2543)=112x112x112=1404928 (5MB)
ACTION[Emerge-0]: GRUG_WP40_PROFILE_CALLBACK callback=61 minp=48,48,2448 maxp=127,127,2527 blockseed=623111033 plan_us=57973 writer_us=112754 total_us=170727 columns=6400 candidate_cells=49 candidates=537 r5_runs=9131 result=applied_cplq vm_get_emerged_area_calls=1 vm_get_emerged_area_us=2 vm_get_data_calls=1 vm_get_data_us=3788 vm_get_param2_data_calls=1 vm_get_param2_data_us=3794 vm_get_light_data_calls=2 vm_get_light_data_us=7594 vm_set_data_calls=1 vm_set_data_us=7746 vm_set_param2_data_calls=1 vm_set_param2_data_us=7634 vm_set_lighting_calls=65 vm_set_lighting_us=41 vm_calc_lighting_calls=1 vm_calc_lighting_us=10341 vm_set_light_data_calls=1 vm_set_light_data_us=7080 vm_update_liquids_calls=1 vm_update_liquids_us=960
ACTION[Emerge-0]: GRUG_WP40_PROFILE_PROBE phase=cold event=emerge case=owner_48:48:2448 mapchunk=48,48,2448 elapsed_us=199670 generated=1 disk=0 memory=124 cancelled=0 errored=0
INFO[Emerge-0]: initialEmerge: area: (32,32,2512)(143,143,2623)=112x112x112=1404928 (5MB)
ACTION[Emerge-0]: GRUG_WP40_PROFILE_CALLBACK callback=62 minp=48,48,2528 maxp=127,127,2607 blockseed=1648967387 plan_us=61226 writer_us=106661 total_us=167887 columns=6400 candidate_cells=49 candidates=603 r5_runs=10636 result=applied_clq vm_get_emerged_area_calls=1 vm_get_emerged_area_us=2 vm_get_data_calls=1 vm_get_data_us=4090 vm_get_param2_data_calls=1 vm_get_param2_data_us=3896 vm_get_light_data_calls=2 vm_get_light_data_us=7890 vm_set_data_calls=1 vm_set_data_us=7225 vm_set_param2_data_calls=0 vm_set_param2_data_us=0 vm_set_lighting_calls=96 vm_set_lighting_us=53 vm_calc_lighting_calls=1 vm_calc_lighting_us=11595 vm_set_light_data_calls=1 vm_set_light_data_us=7033 vm_update_liquids_calls=1 vm_update_liquids_us=987
ACTION[Emerge-0]: GRUG_WP40_PROFILE_PROBE phase=cold event=emerge case=owner_48:48:2528 mapchunk=48,48,2528 elapsed_us=197018 generated=1 disk=0 memory=124 cancelled=0 errored=0
ACTION[Server]: GRUG_WP40_PROFILE_PROBE phase=cold event=complete requested=62 completed=62 callbacks=62 generated=62 disk=0 memory=7688 cancelled=0 errored=0 samples=2294 expected_nodes=0 digest=3d4e6cf7ba2c415704f8b79f992e8690c4f2cf0e0413f6fbb7ce4a3ebb5c3fa5 full_digest=disabled full_vocabulary_digest=- full_voxels=0 measured_elapsed_us=42661396 diagnostic_us=3314
INFO[Server]: *** Server shutting down in 0s.
INFO[Main]: Dedicated server quitting
INFO[Main]: Profiler:
INFO[Main]:   ActiveObjectMgr: SAO count [#] 
INFO[Main]:   Emerge-0: processed [#] _________________________    1x      374
INFO[Main]:   EmergeThread: Lua on_generated [ms] _____________    3x  354.666
INFO[Main]:   EmergeThread: Mapgen::makeChunk [ms] ____________    2x       27
INFO[Main]:   EmergeThread: after Mapgen::makeChunk [ms] ______    3x    0.666
INFO[Main]:   EmergeThread: load block - async (sum) [ms] 
INFO[Main]:   EmergeThread: update lighting [ms] ______________  182x    0.258
INFO[Main]:   SEnv: modify in blocks avg per interval [ms] 
INFO[Main]:   Server: map saving (sum) [ms] ___________________    1x        8
INFO[Main]:   Server: map timer and unload [ms] 
INFO[Main]:   Server: send SAO messages [ms] 
INFO[Main]:   Server: update objects within range [ms] 
INFO[Main]:   Server::AsyncRunStep() [ms] _____________________   13x    0.923
INFO[Main]:   Server::RunStep() (max) [ms] ____________________    1x       51
INFO[Main]:   Server::SendBlocks(): Collect list [ms] 
INFO[Main]:   Server::SendBlocks(): Send to clients [ms] 
INFO[Main]:   Server::yieldTo...() progress [#] 
INFO[Main]:   Server::yieldTo...() sleep [ms] 
INFO[Main]:   ServerEnv: ABMs run 
INFO[Main]:   ServerEnv: Run SAO::step() [ms] 
INFO[Main]:   ServerEnv: Run node timers [ms] 
INFO[Main]:   ServerEnv: active blocks 
INFO[Main]:   ServerEnv: active blocks cached 
INFO[Main]:   ServerEnv: active blocks scanned for ABMs 
INFO[Main]:   ServerEnv: update active blocks [ms] 
INFO[Main]:   ServerEnv::step() [ms] __________________________   13x    0.307
INFO[Main]:   ServerEnvironment::removeRemovedObjects() [ms] 
INFO[Main]:   ServerMap: load block - sync (sum) [ms] _________    1x        1
ACTION[Main]: Server: Shutting down
INFO[Main]: Server: Stopping and waiting for threads
INFO[Main]: Server: Threads stopped
INFO[Main]: Server: Executing shutdown hooks
ACTION[Main]: GRUG_WP13_ENGINE phase=cold starts=6 owners=62 edit_canary=placed digest_excluded_cells=1 filler_boundary=true hearthpine_cells=61932 hearthpine_torches=74 hearthpine_soil=3 hearthpine_anchor=-1800,16,-2550 hearthpine_digest=03311c95b8463c422371e78afabcba743ed70d4f56a013c16a362938ac00693c dawnmere_cells=66361 dawnmere_torches=98 dawnmere_soil=3 dawnmere_anchor=0,21,-2550 dawnmere_digest=19f8c63f3de9dfe052f0143c52486e60938f2543b96b53e20af3fa3d35787c95 silverleaf_cells=71495 silverleaf_torches=113 silverleaf_soil=3 silverleaf_anchor=1800,42,-2550 silverleaf_digest=a81a370a26a293f676a78f35b9e1f18dd9487320d8de9849b1151b86eb763a4c stillgrave_cells=51641 stillgrave_torches=78 stillgrave_soil=3 stillgrave_anchor=-1800,48,2550 stillgrave_digest=13f3cff1f580eb6d79146ee0233e0f46ff0227ba37b0f2a001fd0a16625d2ca1 sunscar_cells=57227 sunscar_torches=112 sunscar_soil=2 sunscar_anchor=0,46,2550 sunscar_digest=de46c91105d3612598cc415e79a8fd44e45dc8f299971a331fd090d42e1da3c0 kapok_cells=72535 kapok_torches=87 kapok_soil=3 kapok_anchor=1800,17,2550 kapok_digest=e11c30ec9e88b7ce16f8942cd12f4bb5449fc489bf96c48004f5405790f8fd01 digest=206a86a057b0b6ed4cb5ee71df67413e0f40b70f0b486ea3947bbbbb99eac9a6
INFO[Main]: Server: Saving players
INFO[Main]: Server: Kicking players
INFO[Main]: Server: Saving environment metadata
INFO[Main]: AsyncEngine: Waiting for 1 threads
INFO[Main]: ServerMap: Written: 904 blocks, 13308 blocks in memory.
INFO[Main]: ServerMap: Blocks modified by: 
INFO[Main]:   finishBlockMake: expireIsAir, MMVManip::blitBackAll     1x      388
INFO[Main]:   setGenerated, finishBlockMake: expireIsAir, MMVManip::blitBackAll     1x      215
INFO[Main]:   setIsUnderground, finishBlockMake: expireIsAir, MMVManip::blitBackAll     1x      140
INFO[Main]:   setIsUnderground, setGenerated, finishBlockMake: expireIsAir, MMVManip::blitBackAll     1x      160
INFO[Main]:   setNode _________________________________________    1x        1
INFO[Main]: ServerMap: Saved map to /tmp/grudgelands-wp40-profile-run.Cg8xc8sb/world
INFO[Main]: BanManager: saving to /tmp/grudgelands-wp40-profile-run.Cg8xc8sb/world/ipban.txt
