# Highcourt district plot market_granary (highcourt_market, southeast) as built, anchor-relative
# anchor 0,40,-1500
57	-4	-87	default:stone	0
58	-4	-87	default:stone	0
59	-4	-87	default:stone	0
60	-4	-87	default:stone	0
61	-4	-87	default:stone	0
62	-4	-87	default:stone	0
63	-4	-87	default:stone	0
64	-4	-87	default:stone	0
65	-4	-87	default:stone	0
66	-4	-87	default:stone	0
67	-4	-87	default:stone	0
68	-4	-87	default:stone	0
69	-4	-87	default:stone	0
70	-4	-87	default:stone	0
71	-4	-87	default:stone	0
72	-4	-87	default:stone	0
73	-4	-87	default:stone	0
74	-4	-87	default:stone	0
75	-4	-87	default:stone	0
76	-4	-87	default:stone	0
77	-4	-87	default:stone	0
78	-4	-87	default:stone	0
79	-4	-87	default:stone	0
80	-4	-87	default:stone	0
81	-4	-87	default:stone	0
82	-4	-87	default:stone	0
83	-4	-87	default:stone	0
84	-4	-87	default:stone	0
85	-4	-87	default:stone	0
86	-4	-87	default:stone	0
87	-4	-87	default:stone	0
57	-3	-87	default:stone	0
58	-3	-87	default:stone	0
59	-3	-87	default:stone	0
60	-3	-87	default:stone	0
61	-3	-87	default:stone	0
62	-3	-87	default:stone	0
63	-3	-87	default:stone	0
64	-3	-87	default:stone	0
65	-3	-87	default:stone	0
66	-3	-87	default:stone	0
67	-3	-87	default:stone	0
68	-3	-87	default:stone	0
69	-3	-87	default:stone	0
70	-3	-87	default:stone	0
71	-3	-87	default:stone	0
72	-3	-87	default:stone	0
73	-3	-87	default:stone	0
74	-3	-87	default:stone	0
75	-3	-87	default:stone	0
76	-3	-87	default:stone	0
77	-3	-87	default:stone	0
78	-3	-87	default:stone	0
79	-3	-87	default:stone	0
80	-3	-87	default:stone	0
81	-3	-87	default:stone	0
82	-3	-87	default:stone	0
83	-3	-87	default:stone	0
84	-3	-87	default:stone	0
85	-3	-87	default:stone	0
86	-3	-87	default:stone	0
87	-3	-87	default:stone	0
57	-2	-87	default:stone	0
58	-2	-87	default:stone	0
59	-2	-87	default:stone	0
60	-2	-87	default:stone	0
61	-2	-87	default:stone	0
62	-2	-87	default:stone	0
63	-2	-87	default:stone	0
64	-2	-87	default:stone	0
65	-2	-87	default:stone	0
66	-2	-87	default:stone	0
67	-2	-87	default:stone	0
68	-2	-87	default:stone	0
69	-2	-87	default:stone	0
70	-2	-87	default:stone	0
71	-2	-87	default:stone	0
72	-2	-87	default:stone	0
73	-2	-87	default:stone	0
74	-2	-87	default:stone	0
75	-2	-87	default:stone	0
76	-2	-87	default:stone	0
77	-2	-87	default:stone	0
78	-2	-87	default:stone	0
79	-2	-87	default:stone	0
80	-2	-87	default:stone	0
81	-2	-87	default:stone	0
82	-2	-87	default:stone	0
83	-2	-87	default:stone	0
84	-2	-87	default:stone	0
85	-2	-87	default:stone	0
86	-2	-87	default:stone	0
87	-2	-87	default:stone	0
57	-1	-87	default:stone	0
58	-1	-87	default:stone	0
59	-1	-87	default:stone	0
60	-1	-87	default:stone	0
61	-1	-87	default:stone	0
62	-1	-87	default:stone	0
63	-1	-87	default:stone	0
64	-1	-87	default:stone	0
65	-1	-87	default:stone	0
66	-1	-87	default:stone	0
67	-1	-87	default:stone	0
68	-1	-87	default:stone	0
69	-1	-87	default:stone	0
70	-1	-87	default:stone	0
71	-1	-87	default:stone	0
72	-1	-87	default:stone	0
73	-1	-87	default:stone	0
74	-1	-87	default:stone	0
75	-1	-87	default:stone	0
76	-1	-87	default:stone	0
77	-1	-87	default:stone	0
78	-1	-87	default:stone	0
79	-1	-87	default:stone	0
80	-1	-87	default:stone	0
81	-1	-87	default:stone	0
82	-1	-87	default:stone	0
83	-1	-87	default:stone	0
84	-1	-87	default:stone	0
85	-1	-87	default:stone	0
86	-1	-87	default:stone	0
87	-1	-87	default:stone	0
57	0	-87	default:stone	0
58	0	-87	default:stone	0
59	0	-87	default:stone	0
60	0	-87	default:stone	0
61	0	-87	default:stone	0
62	0	-87	default:stone	0
63	0	-87	default:stone	0
64	0	-87	default:stone	0
65	0	-87	default:stone	0
66	0	-87	default:stone	0
67	0	-87	default:stone	0
68	0	-87	default:stone	0
69	0	-87	default:stone	0
70	0	-87	default:stone	0
71	0	-87	default:stone	0
72	0	-87	default:stone	0
73	0	-87	default:stone	0
74	0	-87	default:stone	0
75	0	-87	default:stone	0
76	0	-87	default:stone	0
77	0	-87	default:stone	0
78	0	-87	default:stone	0
79	0	-87	default:stone	0
80	0	-87	default:stone	0
81	0	-87	default:stone	0
82	0	-87	default:stone	0
83	0	-87	default:stone	0
84	0	-87	default:stone	0
85	0	-87	default:stone	0
86	0	-87	default:stone	0
87	0	-87	default:stone	0
57	1	-87	default:stone	0
58	1	-87	default:stone	0
59	1	-87	default:stone	0
60	1	-87	default:stone	0
61	1	-87	default:stone	0
62	1	-87	default:stone	0
63	1	-87	default:stone	0
64	1	-87	default:stone	0
65	1	-87	default:stone	0
66	1	-87	default:stone	0
67	1	-87	default:stone	0
68	1	-87	default:stone	0
69	1	-87	default:stone	0
70	1	-87	default:stone	0
71	1	-87	default:stone	0
72	1	-87	default:stone	0
73	1	-87	default:stone	0
74	1	-87	default:stone	0
75	1	-87	default:stone	0
76	1	-87	default:stone	0
77	1	-87	default:stone	0
78	1	-87	default:stone	0
79	1	-87	default:stone	0
80	1	-87	default:stone	0
81	1	-87	default:stone	0
82	1	-87	default:stone	0
83	1	-87	default:stone	0
84	1	-87	default:stone	0
85	1	-87	default:stone	0
86	1	-87	default:stone	0
87	1	-87	default:stone	0
57	2	-87	default:stone	0
58	2	-87	default:stone	0
59	2	-87	default:stone	0
60	2	-87	default:stone	0
61	2	-87	default:stone	0
62	2	-87	default:stone	0
63	2	-87	default:stone	0
64	2	-87	default:stone	0
65	2	-87	default:stone	0
66	2	-87	default:stone	0
67	2	-87	default:stone	0
68	2	-87	default:stone	0
69	2	-87	default:stone	0
70	2	-87	default:stone	0
71	2	-87	default:stone	0
72	2	-87	default:stone	0
73	2	-87	default:stone	0
74	2	-87	default:stone	0
75	2	-87	default:stone	0
76	2	-87	default:stone	0
77	2	-87	default:stone	0
78	2	-87	default:stone	0
79	2	-87	default:stone	0
80	2	-87	default:stone	0
81	2	-87	default:stone	0
82	2	-87	default:stone	0
83	2	-87	default:stone	0
84	2	-87	default:stone	0
85	2	-87	default:stone	0
86	2	-87	default:stone	0
87	2	-87	default:stone	0
57	3	-87	default:stone	0
58	3	-87	default:stone	0
59	3	-87	default:stone	0
60	3	-87	default:stone	0
61	3	-87	default:stone	0
62	3	-87	default:stone	0
63	3	-87	default:stone	0
64	3	-87	default:stone	0
65	3	-87	default:stone	0
66	3	-87	default:stone	0
67	3	-87	default:stone	0
68	3	-87	default:stone	0
69	3	-87	default:stone	0
70	3	-87	default:stone	0
71	3	-87	default:stone	0
72	3	-87	default:stone	0
73	3	-87	default:stone	0
74	3	-87	default:stone	0
75	3	-87	default:stone	0
76	3	-87	default:stone	0
77	3	-87	default:stone	0
78	3	-87	default:stone	0
79	3	-87	default:stone	0
80	3	-87	default:stone	0
81	3	-87	default:stone	0
82	3	-87	default:stone	0
83	3	-87	default:stone	0
84	3	-87	default:stone	0
85	3	-87	default:stone	0
86	3	-87	default:stone	0
87	3	-87	default:stone	0
57	4	-87	default:stone	0
58	4	-87	default:stone	0
59	4	-87	default:stone	0
60	4	-87	default:stone	0
61	4	-87	default:stone	0
62	4	-87	default:stone	0
63	4	-87	default:stone	0
64	4	-87	default:stone	0
65	4	-87	default:stone	0
66	4	-87	default:stone	0
67	4	-87	default:stone	0
68	4	-87	default:stone	0
69	4	-87	default:stone	0
70	4	-87	default:stone	0
71	4	-87	default:stone	0
72	4	-87	default:stone	0
73	4	-87	default:stone	0
74	4	-87	default:stone	0
75	4	-87	default:stone	0
76	4	-87	default:stone	0
77	4	-87	default:stone	0
78	4	-87	default:stone	0
79	4	-87	default:stone	0
80	4	-87	default:stone	0
81	4	-87	default:stone	0
82	4	-87	default:stone	0
83	4	-87	default:stone	0
84	4	-87	default:stone	0
85	4	-87	default:stone	0
86	4	-87	default:stone	0
87	4	-87	default:stone	0
57	5	-87	default:stone	0
58	5	-87	default:stone	0
59	5	-87	default:stone	0
60	5	-87	default:stone	0
61	5	-87	default:stone	0
62	5	-87	default:stone	0
63	5	-87	default:stone	0
64	5	-87	default:stone	0
65	5	-87	default:stone	0
66	5	-87	default:stone	0
67	5	-87	default:stone	0
68	5	-87	default:stone	0
69	5	-87	default:stone	0
70	5	-87	default:stone	0
71	5	-87	default:stone	0
72	5	-87	default:stone	0
73	5	-87	default:stone	0
74	5	-87	default:stone	0
75	5	-87	default:stone	0
76	5	-87	default:stone	0
77	5	-87	default:stone	0
57	6	-87	default:stone	0
58	6	-87	default:stone	0
59	6	-87	default:stone	0
60	6	-87	default:stone	0
61	6	-87	default:stone	0
62	6	-87	default:stone	0
63	6	-87	default:stone	0
64	6	-87	default:stone	0
65	6	-87	default:stone	0
66	6	-87	default:stone	0
67	6	-87	default:stone	0
68	6	-87	default:stone	0
69	6	-87	default:stone	0
70	6	-87	default:stone	0
71	6	-87	default:stone	0
72	6	-87	default:stone	0
73	6	-87	default:stone	0
74	6	-87	default:stone	0
75	6	-87	default:stone	0
76	6	-87	default:stone	0
77	6	-87	default:stone	0
57	-4	-86	default:stone	0
58	-4	-86	default:stone	0
59	-4	-86	default:stone	0
60	-4	-86	default:stone	0
61	-4	-86	default:stone	0
62	-4	-86	default:stone	0
63	-4	-86	default:stone	0
64	-4	-86	default:stone	0
65	-4	-86	default:stone	0
66	-4	-86	default:stone	0
67	-4	-86	default:stone	0
68	-4	-86	default:stone	0
69	-4	-86	default:stone	0
70	-4	-86	default:stone	0
71	-4	-86	default:stone	0
72	-4	-86	default:stone	0
73	-4	-86	default:stone	0
74	-4	-86	default:stone	0
75	-4	-86	default:stone	0
76	-4	-86	default:stone	0
77	-4	-86	default:stone	0
78	-4	-86	default:stone	0
79	-4	-86	default:stone	0
80	-4	-86	default:stone	0
81	-4	-86	default:stone	0
82	-4	-86	default:stone	0
83	-4	-86	default:stone	0
84	-4	-86	default:stone	0
85	-4	-86	default:stone	0
86	-4	-86	default:stone	0
87	-4	-86	default:stone	0
57	-3	-86	default:stone	0
58	-3	-86	default:stone	0
59	-3	-86	default:stone	0
60	-3	-86	default:stone	0
61	-3	-86	default:stone	0
62	-3	-86	default:stone	0
63	-3	-86	default:stone	0
64	-3	-86	default:stone	0
65	-3	-86	default:stone	0
66	-3	-86	default:stone	0
67	-3	-86	default:stone	0
68	-3	-86	default:stone	0
69	-3	-86	default:stone	0
70	-3	-86	default:stone	0
71	-3	-86	default:stone	0
72	-3	-86	default:stone	0
73	-3	-86	default:stone	0
74	-3	-86	default:stone	0
75	-3	-86	default:stone	0
76	-3	-86	default:stone	0
77	-3	-86	default:stone	0
78	-3	-86	default:stone	0
79	-3	-86	default:stone	0
80	-3	-86	default:stone	0
81	-3	-86	default:stone	0
82	-3	-86	default:stone	0
83	-3	-86	default:stone	0
84	-3	-86	default:stone	0
85	-3	-86	default:stone	0
86	-3	-86	default:stone	0
87	-3	-86	default:stone	0
57	-2	-86	default:stone	0
58	-2	-86	default:stone	0
59	-2	-86	default:stone	0
60	-2	-86	default:stone	0
61	-2	-86	default:stone	0
62	-2	-86	default:stone	0
63	-2	-86	default:stone	0
64	-2	-86	default:stone	0
65	-2	-86	default:stone	0
66	-2	-86	default:stone	0
67	-2	-86	default:stone	0
68	-2	-86	default:stone	0
69	-2	-86	default:stone	0
70	-2	-86	default:stone	0
71	-2	-86	default:stone	0
72	-2	-86	default:stone	0
73	-2	-86	default:stone	0
74	-2	-86	default:stone	0
75	-2	-86	default:stone	0
76	-2	-86	default:stone	0
77	-2	-86	default:stone	0
78	-2	-86	default:stone	0
79	-2	-86	default:stone	0
80	-2	-86	default:stone	0
81	-2	-86	default:stone	0
82	-2	-86	default:stone	0
83	-2	-86	default:stone	0
84	-2	-86	default:stone	0
85	-2	-86	default:stone	0
86	-2	-86	default:stone	0
87	-2	-86	default:stone	0
57	-1	-86	default:stone	0
58	-1	-86	default:stone	0
59	-1	-86	default:stone	0
60	-1	-86	default:stone	0
61	-1	-86	default:stone	0
62	-1	-86	default:stone	0
63	-1	-86	default:stone	0
64	-1	-86	default:stone	0
65	-1	-86	default:stone	0
66	-1	-86	default:stone	0
67	-1	-86	default:stone	0
68	-1	-86	default:stone	0
69	-1	-86	default:stone	0
70	-1	-86	default:stone	0
71	-1	-86	default:stone	0
72	-1	-86	default:stone	0
73	-1	-86	default:stone	0
74	-1	-86	default:stone	0
75	-1	-86	default:stone	0
76	-1	-86	default:stone	0
77	-1	-86	default:stone	0
78	-1	-86	default:stone	0
79	-1	-86	default:stone	0
80	-1	-86	default:stone	0
81	-1	-86	default:stone	0
82	-1	-86	default:stone	0
83	-1	-86	default:stone	0
84	-1	-86	default:stone	0
85	-1	-86	default:stone	0
86	-1	-86	default:stone	0
87	-1	-86	default:stone	0
57	0	-86	default:stone	0
58	0	-86	default:stone	0
59	0	-86	default:stone	0
60	0	-86	default:stone	0
61	0	-86	default:stone	0
62	0	-86	default:stone	0
63	0	-86	default:stone	0
64	0	-86	default:stone	0
65	0	-86	default:stone	0
66	0	-86	default:stone	0
67	0	-86	default:stone	0
68	0	-86	default:stone	0
69	0	-86	default:stone	0
70	0	-86	default:stone	0
71	0	-86	default:stone	0
72	0	-86	default:stone	0
73	0	-86	default:stone	0
74	0	-86	default:stone	0
75	0	-86	default:stone	0
76	0	-86	default:stone	0
77	0	-86	default:stone	0
78	0	-86	default:stone	0
79	0	-86	default:stone	0
80	0	-86	default:stone	0
81	0	-86	default:stone	0
82	0	-86	default:stone	0
83	0	-86	default:stone	0
84	0	-86	default:stone	0
85	0	-86	default:stone	0
86	0	-86	default:stone	0
87	0	-86	default:stone	0
57	1	-86	default:stone	0
58	1	-86	default:stone	0
59	1	-86	default:stone	0
60	1	-86	default:stone	0
61	1	-86	default:stone	0
62	1	-86	default:stone	0
63	1	-86	default:stone	0
64	1	-86	default:stone	0
65	1	-86	default:stone	0
66	1	-86	default:stone	0
67	1	-86	default:stone	0
68	1	-86	default:stone	0
69	1	-86	default:stone	0
70	1	-86	default:stone	0
71	1	-86	default:stone	0
72	1	-86	default:stone	0
73	1	-86	default:stone	0
74	1	-86	default:stone	0
75	1	-86	default:stone	0
76	1	-86	default:stone	0
77	1	-86	default:stone	0
78	1	-86	default:stone	0
79	1	-86	default:stone	0
80	1	-86	default:stone	0
81	1	-86	default:stone	0
82	1	-86	default:stone	0
83	1	-86	default:stone	0
84	1	-86	default:stone	0
85	1	-86	default:stone	0
86	1	-86	default:stone	0
87	1	-86	default:stone	0
57	2	-86	default:stone	0
58	2	-86	default:stone	0
59	2	-86	default:stone	0
60	2	-86	default:stone	0
61	2	-86	default:stone	0
62	2	-86	default:stone	0
63	2	-86	default:stone	0
64	2	-86	default:stone	0
65	2	-86	default:stone	0
66	2	-86	default:stone	0
67	2	-86	default:stone	0
68	2	-86	default:stone	0
69	2	-86	default:stone	0
70	2	-86	default:stone	0
71	2	-86	default:stone	0
72	2	-86	default:stone	0
73	2	-86	default:stone	0
74	2	-86	default:stone	0
75	2	-86	default:stone	0
76	2	-86	default:stone	0
77	2	-86	default:stone	0
78	2	-86	default:stone	0
79	2	-86	default:stone	0
80	2	-86	default:stone	0
81	2	-86	default:stone	0
82	2	-86	default:stone	0
83	2	-86	default:stone	0
84	2	-86	default:stone	0
85	2	-86	default:stone	0
86	2	-86	default:stone	0
87	2	-86	default:stone	0
57	3	-86	default:stone	0
58	3	-86	default:stone	0
59	3	-86	default:stone	0
60	3	-86	default:stone	0
61	3	-86	default:stone	0
62	3	-86	default:stone	0
63	3	-86	default:stone	0
64	3	-86	default:stone	0
65	3	-86	default:stone	0
66	3	-86	default:stone	0
67	3	-86	default:stone	0
68	3	-86	default:stone	0
69	3	-86	default:stone	0
70	3	-86	default:stone	0
71	3	-86	default:stone	0
72	3	-86	default:stone	0
73	3	-86	default:stone	0
74	3	-86	default:stone	0
75	3	-86	default:stone	0
76	3	-86	default:stone	0
77	3	-86	default:stone	0
78	3	-86	default:stone	0
79	3	-86	default:stone	0
80	3	-86	default:stone	0
81	3	-86	default:stone	0
82	3	-86	default:stone	0
83	3	-86	default:stone	0
84	3	-86	default:stone	0
85	3	-86	default:stone	0
86	3	-86	default:stone	0
87	3	-86	default:stone	0
57	4	-86	default:stone	0
58	4	-86	default:stone	0
59	4	-86	default:stone	0
60	4	-86	default:stone	0
61	4	-86	default:stone	0
62	4	-86	default:stone	0
63	4	-86	default:stone	0
64	4	-86	default:stone	0
65	4	-86	default:stone	0
66	4	-86	default:stone	0
67	4	-86	default:stone	0
68	4	-86	default:stone	0
69	4	-86	default:stone	0
70	4	-86	default:stone	0
71	4	-86	default:stone	0
72	4	-86	default:stone	0
73	4	-86	default:stone	0
74	4	-86	default:stone	0
75	4	-86	default:stone	0
76	4	-86	default:stone	0
77	4	-86	default:stone	0
78	4	-86	default:stone	0
79	4	-86	default:stone	0
80	4	-86	default:stone	0
81	4	-86	default:stone	0
82	4	-86	default:stone	0
83	4	-86	default:stone	0
84	4	-86	default:stone	0
85	4	-86	default:stone	0
86	4	-86	default:stone	0
87	4	-86	default:stone	0
57	5	-86	default:stone	0
58	5	-86	default:stone	0
59	5	-86	default:stone	0
60	5	-86	default:stone	0
61	5	-86	default:stone	0
62	5	-86	default:stone	0
63	5	-86	default:stone	0
64	5	-86	default:stone	0
65	5	-86	default:stone	0
66	5	-86	default:stone	0
67	5	-86	default:stone	0
68	5	-86	default:stone	0
69	5	-86	default:stone	0
70	5	-86	default:stone	0
71	5	-86	default:stone	0
72	5	-86	default:stone	0
73	5	-86	default:stone	0
74	5	-86	default:stone	0
57	6	-86	default:stone	0
58	6	-86	default:stone	0
59	6	-86	default:stone	0
60	6	-86	default:stone	0
61	6	-86	default:stone	0
62	6	-86	default:stone	0
63	6	-86	default:stone	0
64	6	-86	default:stone	0
65	6	-86	default:stone	0
66	6	-86	default:stone	0
67	6	-86	default:stone	0
68	6	-86	default:stone	0
69	6	-86	default:stone	0
70	6	-86	default:stone	0
71	6	-86	default:stone	0
72	6	-86	default:stone	0
73	6	-86	default:stone	0
74	6	-86	default:stone	0
57	-4	-85	default:stone	0
58	-4	-85	default:stone	0
59	-4	-85	default:stone	0
60	-4	-85	default:stone	0
61	-4	-85	default:stone	0
62	-4	-85	default:stone	0
63	-4	-85	default:stone	0
64	-4	-85	default:stone	0
65	-4	-85	default:stone	0
66	-4	-85	default:stone	0
67	-4	-85	default:stone	0
68	-4	-85	default:stone	0
69	-4	-85	default:stone	0
70	-4	-85	default:stone	0
71	-4	-85	default:stone	0
72	-4	-85	default:stone	0
73	-4	-85	default:stone	0
74	-4	-85	default:stone	0
75	-4	-85	default:stone	0
76	-4	-85	default:stone	0
77	-4	-85	default:stone	0
78	-4	-85	default:stone	0
79	-4	-85	default:stone	0
80	-4	-85	default:stone	0
81	-4	-85	default:stone	0
82	-4	-85	default:stone	0
83	-4	-85	default:stone	0
84	-4	-85	default:stone	0
85	-4	-85	default:stone	0
86	-4	-85	default:stone	0
87	-4	-85	default:stone	0
57	-3	-85	default:stone	0
58	-3	-85	default:stone	0
59	-3	-85	default:stone	0
60	-3	-85	default:stone	0
61	-3	-85	default:stone	0
62	-3	-85	default:stone	0
63	-3	-85	default:stone	0
64	-3	-85	default:stone	0
65	-3	-85	default:stone	0
66	-3	-85	default:stone	0
67	-3	-85	default:stone	0
68	-3	-85	default:stone	0
69	-3	-85	default:stone	0
70	-3	-85	default:stone	0
71	-3	-85	default:stone	0
72	-3	-85	default:stone	0
73	-3	-85	default:stone	0
74	-3	-85	default:stone	0
75	-3	-85	default:stone	0
76	-3	-85	default:stone	0
77	-3	-85	default:stone	0
78	-3	-85	default:stone	0
79	-3	-85	default:stone	0
80	-3	-85	default:stone	0
81	-3	-85	default:stone	0
82	-3	-85	default:stone	0
83	-3	-85	default:stone	0
84	-3	-85	default:stone	0
85	-3	-85	default:stone	0
86	-3	-85	default:stone	0
87	-3	-85	default:stone	0
57	-2	-85	default:stone	0
58	-2	-85	default:stone	0
59	-2	-85	default:stone	0
60	-2	-85	default:stone	0
61	-2	-85	default:stone	0
62	-2	-85	default:stone	0
63	-2	-85	default:stone	0
64	-2	-85	default:stone	0
65	-2	-85	default:stone	0
66	-2	-85	default:stone	0
67	-2	-85	default:stone	0
68	-2	-85	default:stone	0
69	-2	-85	default:stone	0
70	-2	-85	default:stone	0
71	-2	-85	default:stone	0
72	-2	-85	default:stone	0
73	-2	-85	default:stone	0
74	-2	-85	default:stone	0
75	-2	-85	default:stone	0
76	-2	-85	default:stone	0
77	-2	-85	default:stone	0
78	-2	-85	default:stone	0
79	-2	-85	default:stone	0
80	-2	-85	default:stone	0
81	-2	-85	default:stone	0
82	-2	-85	default:stone	0
83	-2	-85	default:stone	0
84	-2	-85	default:stone	0
85	-2	-85	default:stone	0
86	-2	-85	default:stone	0
87	-2	-85	default:stone	0
57	-1	-85	default:stone	0
58	-1	-85	default:stone	0
59	-1	-85	default:stone	0
60	-1	-85	default:stone	0
61	-1	-85	default:stone	0
62	-1	-85	default:stone	0
63	-1	-85	default:stone	0
64	-1	-85	default:stone	0
65	-1	-85	default:stone	0
66	-1	-85	default:stone	0
67	-1	-85	default:stone	0
68	-1	-85	default:stone	0
69	-1	-85	default:stone	0
70	-1	-85	default:stone	0
71	-1	-85	default:stone	0
72	-1	-85	default:stone	0
73	-1	-85	default:stone	0
74	-1	-85	default:stone	0
75	-1	-85	default:stone	0
76	-1	-85	default:stone	0
77	-1	-85	default:stone	0
78	-1	-85	default:stone	0
79	-1	-85	default:stone	0
80	-1	-85	default:stone	0
81	-1	-85	default:stone	0
82	-1	-85	default:stone	0
83	-1	-85	default:stone	0
84	-1	-85	default:stone	0
85	-1	-85	default:stone	0
86	-1	-85	default:stone	0
87	-1	-85	default:stone	0
57	0	-85	default:stone	0
58	0	-85	default:stone	0
59	0	-85	default:stone	0
60	0	-85	default:stone	0
61	0	-85	default:stone	0
62	0	-85	default:stone	0
63	0	-85	default:stone	0
64	0	-85	default:stone	0
65	0	-85	default:stone	0
66	0	-85	default:stone	0
67	0	-85	default:stone	0
68	0	-85	default:stone	0
69	0	-85	default:stone	0
70	0	-85	default:stone	0
71	0	-85	default:stone	0
72	0	-85	default:stone	0
73	0	-85	default:stone	0
74	0	-85	default:stone	0
75	0	-85	default:stone	0
76	0	-85	default:stone	0
77	0	-85	default:stone	0
78	0	-85	default:stone	0
79	0	-85	default:stone	0
80	0	-85	default:stone	0
81	0	-85	default:stone	0
82	0	-85	default:stone	0
83	0	-85	default:stone	0
84	0	-85	default:stone	0
85	0	-85	default:stone	0
86	0	-85	default:stone	0
87	0	-85	default:stone	0
57	1	-85	default:stone	0
58	1	-85	default:stone	0
59	1	-85	default:stone	0
60	1	-85	default:stone	0
61	1	-85	default:stone	0
62	1	-85	default:stone	0
63	1	-85	default:stone	0
64	1	-85	default:stone	0
65	1	-85	default:stone	0
66	1	-85	default:stone	0
67	1	-85	default:stone	0
68	1	-85	default:stone	0
69	1	-85	default:stone	0
70	1	-85	default:stone	0
71	1	-85	default:stone	0
72	1	-85	default:stone	0
73	1	-85	default:stone	0
74	1	-85	default:stone	0
75	1	-85	default:stone	0
76	1	-85	default:stone	0
77	1	-85	default:stone	0
78	1	-85	default:stone	0
79	1	-85	default:stone	0
80	1	-85	default:stone	0
81	1	-85	default:stone	0
82	1	-85	default:stone	0
83	1	-85	default:stone	0
84	1	-85	default:stone	0
85	1	-85	default:stone	0
86	1	-85	default:stone	0
87	1	-85	default:stone	0
57	2	-85	default:stone	0
58	2	-85	default:stone	0
59	2	-85	default:stone	0
60	2	-85	default:stone	0
61	2	-85	default:stone	0
62	2	-85	default:stone	0
63	2	-85	default:stone	0
64	2	-85	default:stone	0
65	2	-85	default:stone	0
66	2	-85	default:stone	0
67	2	-85	default:stone	0
68	2	-85	default:stone	0
69	2	-85	default:stone	0
70	2	-85	default:stone	0
71	2	-85	default:stone	0
72	2	-85	default:stone	0
73	2	-85	default:stone	0
74	2	-85	default:stone	0
75	2	-85	default:stone	0
76	2	-85	default:stone	0
77	2	-85	default:stone	0
78	2	-85	default:stone	0
79	2	-85	default:stone	0
80	2	-85	default:stone	0
81	2	-85	default:stone	0
82	2	-85	default:stone	0
83	2	-85	default:stone	0
84	2	-85	default:stone	0
85	2	-85	default:stone	0
86	2	-85	default:stone	0
87	2	-85	default:stone	0
57	3	-85	default:stone	0
58	3	-85	default:stone	0
59	3	-85	default:stone	0
60	3	-85	default:stone	0
61	3	-85	default:stone	0
62	3	-85	default:stone	0
63	3	-85	default:stone	0
64	3	-85	default:stone	0
65	3	-85	default:stone	0
66	3	-85	default:stone	0
67	3	-85	default:stone	0
68	3	-85	default:stone	0
69	3	-85	default:stone	0
70	3	-85	default:stone	0
71	3	-85	default:stone	0
72	3	-85	default:stone	0
73	3	-85	default:stone	0
74	3	-85	default:stone	0
75	3	-85	default:stone	0
76	3	-85	default:stone	0
77	3	-85	default:stone	0
78	3	-85	default:stone	0
79	3	-85	default:stone	0
80	3	-85	default:stone	0
81	3	-85	default:stone	0
82	3	-85	default:stone	0
83	3	-85	default:stone	0
84	3	-85	default:stone	0
85	3	-85	default:stone	0
86	3	-85	default:stone	0
87	3	-85	default:stone	0
57	4	-85	default:stone	0
58	4	-85	default:stone	0
59	4	-85	default:stone	0
60	4	-85	default:stone	0
61	4	-85	default:stone	0
62	4	-85	default:stone	0
63	4	-85	default:stone	0
64	4	-85	default:stone	0
65	4	-85	default:stone	0
66	4	-85	default:stone	0
67	4	-85	default:stone	0
68	4	-85	default:stone	0
69	4	-85	default:stone	0
70	4	-85	default:stone	0
71	4	-85	default:stone	0
72	4	-85	default:stone	0
73	4	-85	default:stone	0
74	4	-85	default:stone	0
75	4	-85	default:stone	0
76	4	-85	default:stone	0
77	4	-85	default:stone	0
78	4	-85	default:stone	0
79	4	-85	default:stone	0
80	4	-85	default:stone	0
81	4	-85	default:stone	0
82	4	-85	default:stone	0
83	4	-85	default:stone	0
84	4	-85	default:stone	0
85	4	-85	default:stone	0
86	4	-85	default:stone	0
87	4	-85	default:stone	0
57	5	-85	default:stone	0
58	5	-85	default:stone	0
59	5	-85	default:stone	0
60	5	-85	default:stone	0
61	5	-85	default:stone	0
62	5	-85	default:stone	0
63	5	-85	default:stone	0
64	5	-85	default:stone	0
65	5	-85	default:stone	0
66	5	-85	default:stone	0
67	5	-85	default:stone	0
68	5	-85	default:stone	0
69	5	-85	default:stone	0
70	5	-85	default:stone	0
71	5	-85	default:stone	0
72	5	-85	default:stone	0
57	6	-85	default:stone	0
58	6	-85	default:stone	0
59	6	-85	default:stone	0
60	6	-85	default:stone	0
61	6	-85	default:stone	0
62	6	-85	default:stone	0
63	6	-85	default:stone	0
64	6	-85	default:stone	0
65	6	-85	default:stone	0
66	6	-85	default:stone	0
67	6	-85	default:stone	0
68	6	-85	default:stone	0
69	6	-85	default:stone	0
70	6	-85	default:stone	0
71	6	-85	default:stone	0
72	6	-85	default:stone	0
57	-4	-84	default:stone	0
58	-4	-84	default:stone	0
59	-4	-84	default:stone	0
60	-4	-84	default:stone	0
61	-4	-84	default:stone	0
62	-4	-84	default:stone	0
63	-4	-84	default:stone	0
64	-4	-84	default:stone	0
65	-4	-84	default:stone	0
66	-4	-84	default:stone	0
67	-4	-84	default:stone	0
68	-4	-84	default:stone	0
69	-4	-84	default:stone	0
70	-4	-84	default:stone	0
71	-4	-84	default:stone	0
72	-4	-84	default:stone	0
73	-4	-84	default:stone	0
74	-4	-84	default:stone	0
75	-4	-84	default:stone	0
76	-4	-84	default:stone	0
77	-4	-84	default:stone	0
78	-4	-84	default:stone	0
79	-4	-84	default:stone	0
80	-4	-84	default:stone	0
81	-4	-84	default:stone	0
82	-4	-84	default:stone	0
83	-4	-84	default:stone	0
84	-4	-84	default:stone	0
85	-4	-84	default:stone	0
86	-4	-84	default:stone	0
87	-4	-84	default:stone	0
57	-3	-84	default:stone	0
58	-3	-84	default:stone	0
59	-3	-84	default:stone	0
60	-3	-84	default:stone	0
61	-3	-84	default:stone	0
62	-3	-84	default:stone	0
63	-3	-84	default:stone	0
64	-3	-84	default:stone	0
65	-3	-84	default:stone	0
66	-3	-84	default:stone	0
67	-3	-84	default:stone	0
68	-3	-84	default:stone	0
69	-3	-84	default:stone	0
70	-3	-84	default:stone	0
71	-3	-84	default:stone	0
72	-3	-84	default:stone	0
73	-3	-84	default:stone	0
74	-3	-84	default:stone	0
75	-3	-84	default:stone	0
76	-3	-84	default:stone	0
77	-3	-84	default:stone	0
78	-3	-84	default:stone	0
79	-3	-84	default:stone	0
80	-3	-84	default:stone	0
81	-3	-84	default:stone	0
82	-3	-84	default:stone	0
83	-3	-84	default:stone	0
84	-3	-84	default:stone	0
85	-3	-84	default:stone	0
86	-3	-84	default:stone	0
87	-3	-84	default:stone	0
57	-2	-84	default:stone	0
58	-2	-84	default:stone	0
59	-2	-84	default:stone	0
60	-2	-84	default:stone	0
61	-2	-84	default:stone	0
62	-2	-84	default:stone	0
63	-2	-84	default:stone	0
64	-2	-84	default:stone	0
65	-2	-84	default:stone	0
66	-2	-84	default:stone	0
67	-2	-84	default:stone	0
68	-2	-84	default:stone	0
69	-2	-84	default:stone	0
70	-2	-84	default:stone	0
71	-2	-84	default:stone	0
72	-2	-84	default:stone	0
73	-2	-84	default:stone	0
74	-2	-84	default:stone	0
75	-2	-84	default:stone	0
76	-2	-84	default:stone	0
77	-2	-84	default:stone	0
78	-2	-84	default:stone	0
79	-2	-84	default:stone	0
80	-2	-84	default:stone	0
81	-2	-84	default:stone	0
82	-2	-84	default:stone	0
83	-2	-84	default:stone	0
84	-2	-84	default:stone	0
85	-2	-84	default:stone	0
86	-2	-84	default:stone	0
87	-2	-84	default:stone	0
57	-1	-84	default:stone	0
58	-1	-84	default:stone	0
59	-1	-84	default:stone	0
60	-1	-84	default:stone	0
61	-1	-84	default:stone	0
62	-1	-84	default:stone	0
63	-1	-84	default:stone	0
64	-1	-84	default:stone	0
65	-1	-84	default:stone	0
66	-1	-84	default:stone	0
67	-1	-84	default:stone	0
68	-1	-84	default:stone	0
69	-1	-84	default:stone	0
70	-1	-84	default:stone	0
71	-1	-84	default:stone	0
72	-1	-84	default:stone	0
73	-1	-84	default:stone	0
74	-1	-84	default:stone	0
75	-1	-84	default:stone	0
76	-1	-84	default:stone	0
77	-1	-84	default:stone	0
78	-1	-84	default:stone	0
79	-1	-84	default:stone	0
80	-1	-84	default:stone	0
81	-1	-84	default:stone	0
82	-1	-84	default:stone	0
83	-1	-84	default:stone	0
84	-1	-84	default:stone	0
85	-1	-84	default:stone	0
86	-1	-84	default:stone	0
87	-1	-84	default:stone	0
57	0	-84	default:stone	0
58	0	-84	default:stone	0
59	0	-84	default:stone	0
60	0	-84	default:stone	0
61	0	-84	default:stone	0
62	0	-84	default:stone	0
63	0	-84	default:stone	0
64	0	-84	default:stone	0
65	0	-84	default:stone	0
66	0	-84	default:stone	0
67	0	-84	default:stone	0
68	0	-84	default:stone	0
69	0	-84	default:stone	0
70	0	-84	default:stone	0
71	0	-84	default:stone	0
72	0	-84	default:stone	0
73	0	-84	default:stone	0
74	0	-84	default:stone	0
75	0	-84	default:stone	0
76	0	-84	default:stone	0
77	0	-84	default:stone	0
78	0	-84	default:stone	0
79	0	-84	default:stone	0
80	0	-84	default:stone	0
81	0	-84	default:stone	0
82	0	-84	default:stone	0
83	0	-84	default:stone	0
84	0	-84	default:stone	0
85	0	-84	default:stone	0
86	0	-84	default:stone	0
87	0	-84	default:stone	0
57	1	-84	default:stone	0
58	1	-84	default:stone	0
59	1	-84	default:stone	0
60	1	-84	default:stone	0
61	1	-84	default:stone	0
62	1	-84	default:stone	0
63	1	-84	default:stone	0
64	1	-84	default:stone	0
65	1	-84	default:stone	0
66	1	-84	default:stone	0
67	1	-84	default:stone	0
68	1	-84	default:stone	0
69	1	-84	default:stone	0
70	1	-84	default:stone	0
71	1	-84	default:stone	0
72	1	-84	default:stone	0
73	1	-84	default:stone	0
74	1	-84	default:stone	0
75	1	-84	default:stone	0
76	1	-84	default:stone	0
77	1	-84	default:stone	0
78	1	-84	default:stone	0
79	1	-84	default:stone	0
80	1	-84	default:stone	0
81	1	-84	default:stone	0
82	1	-84	default:stone	0
83	1	-84	default:stone	0
84	1	-84	default:stone	0
85	1	-84	default:stone	0
86	1	-84	default:stone	0
87	1	-84	default:stone	0
57	2	-84	default:stone	0
58	2	-84	default:stone	0
59	2	-84	default:stone	0
60	2	-84	default:stone	0
61	2	-84	default:stone	0
62	2	-84	default:stone	0
63	2	-84	default:stone	0
64	2	-84	default:stone	0
65	2	-84	default:stone	0
66	2	-84	default:stone	0
67	2	-84	default:stone	0
68	2	-84	default:stone	0
69	2	-84	default:stone	0
70	2	-84	default:stone	0
71	2	-84	default:stone	0
72	2	-84	default:stone	0
73	2	-84	default:stone	0
74	2	-84	default:stone	0
75	2	-84	default:stone	0
76	2	-84	default:stone	0
77	2	-84	default:stone	0
78	2	-84	default:stone	0
79	2	-84	default:stone	0
80	2	-84	default:stone	0
81	2	-84	default:stone	0
82	2	-84	default:stone	0
83	2	-84	default:stone	0
84	2	-84	default:stone	0
85	2	-84	default:stone	0
86	2	-84	default:stone	0
87	2	-84	default:stone	0
57	3	-84	default:stone	0
58	3	-84	default:stone	0
59	3	-84	default:stone	0
60	3	-84	default:stone	0
61	3	-84	default:stone	0
62	3	-84	default:stone	0
63	3	-84	default:stone	0
64	3	-84	default:stone	0
65	3	-84	default:stone	0
66	3	-84	default:stone	0
67	3	-84	default:stone	0
68	3	-84	default:stone	0
69	3	-84	default:stone	0
70	3	-84	default:stone	0
71	3	-84	default:stone	0
72	3	-84	default:stone	0
73	3	-84	default:stone	0
74	3	-84	default:stone	0
75	3	-84	default:stone	0
76	3	-84	default:stone	0
77	3	-84	default:stone	0
78	3	-84	default:stone	0
79	3	-84	default:stone	0
80	3	-84	default:stone	0
81	3	-84	default:stone	0
82	3	-84	default:stone	0
83	3	-84	default:stone	0
84	3	-84	default:stone	0
85	3	-84	default:stone	0
57	4	-84	default:stone	0
58	4	-84	default:stone	0
59	4	-84	default:stone	0
60	4	-84	default:stone	0
61	4	-84	default:stone	0
62	4	-84	default:stone	0
63	4	-84	default:stone	0
64	4	-84	default:stone	0
65	4	-84	default:stone	0
66	4	-84	default:stone	0
67	4	-84	default:stone	0
68	4	-84	default:stone	0
69	4	-84	default:stone	0
70	4	-84	default:stone	0
71	4	-84	default:stone	0
72	4	-84	default:stone	0
73	4	-84	default:stone	0
74	4	-84	default:stone	0
75	4	-84	default:stone	0
76	4	-84	default:stone	0
77	4	-84	default:stone	0
78	4	-84	default:stone	0
79	4	-84	default:stone	0
80	4	-84	default:stone	0
81	4	-84	default:stone	0
82	4	-84	default:stone	0
83	4	-84	default:stone	0
84	4	-84	default:stone	0
85	4	-84	default:stone	0
57	5	-84	default:stone	0
58	5	-84	default:stone	0
59	5	-84	default:stone	0
60	5	-84	default:stone	0
61	5	-84	default:stone	0
62	5	-84	default:stone	0
63	5	-84	default:stone	0
64	5	-84	default:stone	0
65	5	-84	default:stone	0
66	5	-84	default:stone	0
67	5	-84	default:stone	0
68	5	-84	default:stone	0
69	5	-84	default:stone	0
70	5	-84	default:stone	0
71	5	-84	default:stone	0
72	5	-84	default:stone	0
57	6	-84	default:stone	0
58	6	-84	default:stone	0
59	6	-84	default:stone	0
60	6	-84	default:stone	0
61	6	-84	default:stone	0
62	6	-84	default:stone	0
63	6	-84	default:stone	0
64	6	-84	default:stone	0
65	6	-84	default:stone	0
66	6	-84	default:stone	0
67	6	-84	default:stone	0
68	6	-84	default:stone	0
69	6	-84	default:stone	0
70	6	-84	default:stone	0
71	6	-84	default:stone	0
72	6	-84	default:stone	0
57	-4	-83	default:stone	0
58	-4	-83	default:stone	0
59	-4	-83	default:stone	0
60	-4	-83	default:stone	0
61	-4	-83	default:stone	0
62	-4	-83	default:stone	0
63	-4	-83	default:stone	0
64	-4	-83	default:stone	0
65	-4	-83	default:stone	0
66	-4	-83	default:stone	0
67	-4	-83	default:stone	0
68	-4	-83	default:stone	0
69	-4	-83	default:stone	0
70	-4	-83	default:stone	0
71	-4	-83	default:stone	0
72	-4	-83	default:stone	0
73	-4	-83	default:stone	0
74	-4	-83	default:stone	0
75	-4	-83	default:stone	0
76	-4	-83	default:stone	0
77	-4	-83	default:stone	0
78	-4	-83	default:stone	0
79	-4	-83	default:stone	0
80	-4	-83	default:stone	0
81	-4	-83	default:stone	0
82	-4	-83	default:stone	0
83	-4	-83	default:stone	0
84	-4	-83	default:stone	0
85	-4	-83	default:stone	0
86	-4	-83	default:stone	0
87	-4	-83	default:stone	0
57	-3	-83	default:stone	0
58	-3	-83	default:stone	0
59	-3	-83	default:stone	0
60	-3	-83	default:stone	0
61	-3	-83	default:stone	0
62	-3	-83	default:stone	0
63	-3	-83	default:stone	0
64	-3	-83	default:stone	0
65	-3	-83	default:stone	0
66	-3	-83	default:stone	0
67	-3	-83	default:stone	0
68	-3	-83	default:stone	0
69	-3	-83	default:stone	0
70	-3	-83	default:stone	0
71	-3	-83	default:stone	0
72	-3	-83	default:stone	0
73	-3	-83	default:stone	0
74	-3	-83	default:stone	0
75	-3	-83	default:stone	0
76	-3	-83	default:stone	0
77	-3	-83	default:stone	0
78	-3	-83	default:stone	0
79	-3	-83	default:stone	0
80	-3	-83	default:stone	0
81	-3	-83	default:stone	0
82	-3	-83	default:stone	0
83	-3	-83	default:stone	0
84	-3	-83	default:stone	0
85	-3	-83	default:stone	0
86	-3	-83	default:stone	0
87	-3	-83	default:stone	0
57	-2	-83	default:stone	0
58	-2	-83	default:stone	0
59	-2	-83	default:stone	0
60	-2	-83	default:stone	0
61	-2	-83	default:stone	0
62	-2	-83	default:stone	0
63	-2	-83	default:stone	0
64	-2	-83	default:stone	0
65	-2	-83	default:stone	0
66	-2	-83	default:stone	0
67	-2	-83	default:stone	0
68	-2	-83	default:stone	0
69	-2	-83	default:stone	0
70	-2	-83	default:stone	0
71	-2	-83	default:stone	0
72	-2	-83	default:stone	0
73	-2	-83	default:stone	0
74	-2	-83	default:stone	0
75	-2	-83	default:stone	0
76	-2	-83	default:stone	0
77	-2	-83	default:stone	0
78	-2	-83	default:stone	0
79	-2	-83	default:stone	0
80	-2	-83	default:stone	0
81	-2	-83	default:stone	0
82	-2	-83	default:stone	0
83	-2	-83	default:stone	0
84	-2	-83	default:stone	0
85	-2	-83	default:stone	0
86	-2	-83	default:stone	0
87	-2	-83	default:stone	0
57	-1	-83	default:stone	0
58	-1	-83	default:stone	0
59	-1	-83	default:stone	0
60	-1	-83	default:stone	0
61	-1	-83	default:stone	0
62	-1	-83	default:stone	0
63	-1	-83	default:stone	0
64	-1	-83	default:stone	0
65	-1	-83	default:stone	0
66	-1	-83	default:stone	0
67	-1	-83	default:stone	0
68	-1	-83	default:stone	0
69	-1	-83	default:stone	0
70	-1	-83	default:stone	0
71	-1	-83	default:stone	0
72	-1	-83	default:stone	0
73	-1	-83	default:stone	0
74	-1	-83	default:stone	0
75	-1	-83	default:stone	0
76	-1	-83	default:stone	0
77	-1	-83	default:stone	0
78	-1	-83	default:stone	0
79	-1	-83	default:stone	0
80	-1	-83	default:stone	0
81	-1	-83	default:stone	0
82	-1	-83	default:stone	0
83	-1	-83	default:stone	0
84	-1	-83	default:stone	0
85	-1	-83	default:stone	0
86	-1	-83	default:stone	0
87	-1	-83	default:stone	0
57	0	-83	default:stone	0
58	0	-83	default:stone	0
59	0	-83	default:stone	0
60	0	-83	default:stone	0
61	0	-83	default:stone	0
62	0	-83	default:stone	0
63	0	-83	default:stone	0
64	0	-83	default:stone	0
65	0	-83	default:stone	0
66	0	-83	default:stone	0
67	0	-83	default:stone	0
68	0	-83	default:stone	0
69	0	-83	default:stone	0
70	0	-83	default:stone	0
71	0	-83	default:stone	0
72	0	-83	default:stone	0
73	0	-83	default:stone	0
74	0	-83	default:stone	0
75	0	-83	default:stone	0
76	0	-83	default:stone	0
77	0	-83	default:stone	0
78	0	-83	default:stone	0
79	0	-83	default:stone	0
80	0	-83	default:stone	0
81	0	-83	default:stone	0
82	0	-83	default:stone	0
83	0	-83	default:stone	0
84	0	-83	default:stone	0
85	0	-83	default:stone	0
86	0	-83	default:stone	0
87	0	-83	default:stone	0
57	1	-83	default:stone	0
58	1	-83	default:stone	0
59	1	-83	default:stone	0
60	1	-83	default:stone	0
61	1	-83	default:stone	0
62	1	-83	default:stone	0
63	1	-83	default:stone	0
64	1	-83	default:stone	0
65	1	-83	default:stone	0
66	1	-83	default:stone	0
67	1	-83	default:stone	0
68	1	-83	default:stone	0
69	1	-83	default:stone	0
70	1	-83	default:stone	0
71	1	-83	default:stone	0
72	1	-83	default:stone	0
73	1	-83	default:stone	0
74	1	-83	default:stone	0
75	1	-83	default:stone	0
76	1	-83	default:stone	0
77	1	-83	default:stone	0
78	1	-83	default:stone	0
79	1	-83	default:stone	0
80	1	-83	default:stone	0
81	1	-83	default:stone	0
82	1	-83	default:stone	0
83	1	-83	default:stone	0
84	1	-83	default:stone	0
85	1	-83	default:stone	0
86	1	-83	default:stone	0
87	1	-83	default:stone	0
57	2	-83	default:stone	0
58	2	-83	default:stone	0
59	2	-83	default:stone	0
60	2	-83	default:stone	0
61	2	-83	default:stone	0
62	2	-83	default:stone	0
63	2	-83	default:stone	0
64	2	-83	default:stone	0
65	2	-83	default:stone	0
66	2	-83	default:stone	0
67	2	-83	default:stone	0
68	2	-83	default:stone	0
69	2	-83	default:stone	0
70	2	-83	default:stone	0
71	2	-83	default:stone	0
72	2	-83	default:stone	0
73	2	-83	default:stone	0
74	2	-83	default:stone	0
75	2	-83	default:stone	0
76	2	-83	default:stone	0
77	2	-83	default:stone	0
78	2	-83	default:stone	0
79	2	-83	default:stone	0
80	2	-83	default:stone	0
81	2	-83	default:stone	0
82	2	-83	default:stone	0
83	2	-83	default:stone	0
84	2	-83	default:stone	0
85	2	-83	default:stone	0
86	2	-83	default:stone	0
87	2	-83	default:stone	0
57	3	-83	default:stone	0
58	3	-83	default:stone	0
59	3	-83	default:stone	0
60	3	-83	default:stone	0
61	3	-83	default:stone	0
62	3	-83	default:stone	0
63	3	-83	default:stone	0
64	3	-83	default:stone	0
65	3	-83	default:stone	0
66	3	-83	default:stone	0
67	3	-83	default:stone	0
68	3	-83	default:stone	0
69	3	-83	default:stone	0
70	3	-83	default:stone	0
71	3	-83	default:stone	0
72	3	-83	default:stone	0
73	3	-83	default:stone	0
74	3	-83	default:stone	0
75	3	-83	default:stone	0
76	3	-83	default:stone	0
77	3	-83	default:stone	0
78	3	-83	default:stone	0
79	3	-83	default:stone	0
80	3	-83	default:stone	0
81	3	-83	default:stone	0
82	3	-83	default:stone	0
57	4	-83	default:stone	0
58	4	-83	default:stone	0
59	4	-83	default:stone	0
60	4	-83	default:stone	0
61	4	-83	default:stone	0
62	4	-83	default:stone	0
63	4	-83	default:stone	0
64	4	-83	default:stone	0
65	4	-83	default:stone	0
66	4	-83	default:stone	0
67	4	-83	default:stone	0
68	4	-83	default:stone	0
69	4	-83	default:stone	0
70	4	-83	default:stone	0
71	4	-83	default:stone	0
72	4	-83	default:stone	0
73	4	-83	default:stone	0
74	4	-83	default:stone	0
75	4	-83	default:stone	0
76	4	-83	default:stone	0
77	4	-83	default:stone	0
78	4	-83	default:stone	0
79	4	-83	default:stone	0
80	4	-83	default:stone	0
81	4	-83	default:stone	0
82	4	-83	default:stone	0
59	5	-83	default:stone	0
60	5	-83	default:stone	0
61	5	-83	default:stone	0
62	5	-83	default:stone	0
63	5	-83	default:stone	0
64	5	-83	default:stone	0
65	5	-83	default:stone	0
66	5	-83	default:stone	0
67	5	-83	default:stone	0
68	5	-83	default:stone	0
69	5	-83	default:stone	0
70	5	-83	default:stone	0
59	6	-83	default:stone	0
60	6	-83	default:stone	0
61	6	-83	default:stone	0
62	6	-83	default:stone	0
63	6	-83	default:stone	0
64	6	-83	default:stone	0
65	6	-83	default:stone	0
66	6	-83	default:stone	0
67	6	-83	default:stone	0
68	6	-83	default:stone	0
69	6	-83	default:stone	0
70	6	-83	default:stone	0
57	-4	-82	default:stone	0
58	-4	-82	default:stone	0
59	-4	-82	default:stone	0
60	-4	-82	default:stone	0
61	-4	-82	default:stone	0
62	-4	-82	default:stone	0
63	-4	-82	default:stone	0
64	-4	-82	default:cobble	0
65	-4	-82	default:cobble	0
66	-4	-82	default:cobble	0
67	-4	-82	default:cobble	0
68	-4	-82	default:cobble	0
69	-4	-82	default:cobble	0
70	-4	-82	default:cobble	0
71	-4	-82	default:cobble	0
72	-4	-82	default:cobble	0
73	-4	-82	default:cobble	0
74	-4	-82	default:cobble	0
75	-4	-82	default:cobble	0
76	-4	-82	default:cobble	0
77	-4	-82	default:cobble	0
78	-4	-82	default:cobble	0
79	-4	-82	default:cobble	0
80	-4	-82	default:cobble	0
81	-4	-82	default:stone	0
82	-4	-82	default:stone	0
83	-4	-82	default:stone	0
84	-4	-82	default:stone	0
85	-4	-82	default:stone	0
86	-4	-82	default:stone	0
87	-4	-82	default:stone	0
57	-3	-82	default:stone	0
58	-3	-82	default:stone	0
59	-3	-82	default:stone	0
60	-3	-82	default:stone	0
61	-3	-82	default:stone	0
62	-3	-82	default:stone	0
63	-3	-82	default:stone	0
64	-3	-82	default:cobble	0
65	-3	-82	default:cobble	0
66	-3	-82	default:cobble	0
67	-3	-82	default:cobble	0
68	-3	-82	default:cobble	0
69	-3	-82	default:cobble	0
70	-3	-82	default:cobble	0
71	-3	-82	default:cobble	0
72	-3	-82	default:cobble	0
73	-3	-82	default:cobble	0
74	-3	-82	default:cobble	0
75	-3	-82	default:cobble	0
76	-3	-82	default:cobble	0
77	-3	-82	default:cobble	0
78	-3	-82	default:cobble	0
79	-3	-82	default:cobble	0
80	-3	-82	default:cobble	0
81	-3	-82	default:stone	0
82	-3	-82	default:stone	0
83	-3	-82	default:stone	0
84	-3	-82	default:stone	0
85	-3	-82	default:stone	0
86	-3	-82	default:stone	0
87	-3	-82	default:stone	0
57	-2	-82	default:stone	0
58	-2	-82	default:stone	0
59	-2	-82	default:stone	0
60	-2	-82	default:stone	0
61	-2	-82	default:stone	0
62	-2	-82	default:stone	0
63	-2	-82	default:stone	0
64	-2	-82	default:cobble	0
65	-2	-82	default:cobble	0
66	-2	-82	default:cobble	0
67	-2	-82	default:cobble	0
68	-2	-82	default:cobble	0
69	-2	-82	default:cobble	0
70	-2	-82	default:cobble	0
71	-2	-82	default:cobble	0
72	-2	-82	default:cobble	0
73	-2	-82	default:cobble	0
74	-2	-82	default:cobble	0
75	-2	-82	default:cobble	0
76	-2	-82	default:cobble	0
77	-2	-82	default:cobble	0
78	-2	-82	default:cobble	0
79	-2	-82	default:cobble	0
80	-2	-82	default:cobble	0
81	-2	-82	default:stone	0
82	-2	-82	default:stone	0
83	-2	-82	default:stone	0
84	-2	-82	default:stone	0
85	-2	-82	default:stone	0
86	-2	-82	default:stone	0
87	-2	-82	default:stone	0
57	-1	-82	default:stone	0
58	-1	-82	default:stone	0
59	-1	-82	default:stone	0
60	-1	-82	default:stone	0
61	-1	-82	default:stone	0
62	-1	-82	default:stone	0
63	-1	-82	default:stone	0
64	-1	-82	default:cobble	0
65	-1	-82	default:cobble	0
66	-1	-82	default:cobble	0
67	-1	-82	default:cobble	0
68	-1	-82	default:cobble	0
69	-1	-82	default:cobble	0
70	-1	-82	default:cobble	0
71	-1	-82	default:cobble	0
72	-1	-82	default:cobble	0
73	-1	-82	default:cobble	0
74	-1	-82	default:cobble	0
75	-1	-82	default:cobble	0
76	-1	-82	default:cobble	0
77	-1	-82	default:cobble	0
78	-1	-82	default:cobble	0
79	-1	-82	default:cobble	0
80	-1	-82	default:cobble	0
81	-1	-82	default:stone	0
82	-1	-82	default:stone	0
83	-1	-82	default:stone	0
84	-1	-82	default:stone	0
85	-1	-82	default:stone	0
86	-1	-82	default:stone	0
87	-1	-82	default:stone	0
57	0	-82	default:stone	0
58	0	-82	default:stone	0
59	0	-82	default:stone	0
60	0	-82	default:stone	0
61	0	-82	default:stone	0
62	0	-82	default:stone	0
63	0	-82	default:stone	0
64	0	-82	default:cobble	0
65	0	-82	default:cobble	0
66	0	-82	default:cobble	0
67	0	-82	default:cobble	0
68	0	-82	default:cobble	0
69	0	-82	default:cobble	0
70	0	-82	default:cobble	0
71	0	-82	default:cobble	0
72	0	-82	default:cobble	0
73	0	-82	default:cobble	0
74	0	-82	default:cobble	0
75	0	-82	default:cobble	0
76	0	-82	default:cobble	0
77	0	-82	default:cobble	0
78	0	-82	default:cobble	0
79	0	-82	default:cobble	0
80	0	-82	default:cobble	0
81	0	-82	default:stone	0
82	0	-82	default:stone	0
83	0	-82	default:stone	0
84	0	-82	default:stone	0
85	0	-82	default:stone	0
86	0	-82	default:stone	0
87	0	-82	default:stone	0
57	1	-82	default:stone	0
58	1	-82	default:stone	0
59	1	-82	default:stone	0
60	1	-82	default:stone	0
61	1	-82	default:stone	0
62	1	-82	default:stone	0
63	1	-82	default:stone	0
64	1	-82	default:cobble	0
65	1	-82	default:cobble	0
66	1	-82	default:cobble	0
67	1	-82	default:cobble	0
68	1	-82	default:cobble	0
69	1	-82	default:cobble	0
70	1	-82	default:cobble	0
71	1	-82	default:cobble	0
72	1	-82	default:cobble	0
73	1	-82	default:cobble	0
74	1	-82	default:cobble	0
75	1	-82	default:cobble	0
76	1	-82	default:cobble	0
77	1	-82	default:cobble	0
78	1	-82	default:cobble	0
79	1	-82	default:cobble	0
80	1	-82	default:cobble	0
81	1	-82	default:stone	0
82	1	-82	default:stone	0
83	1	-82	default:stone	0
84	1	-82	default:stone	0
85	1	-82	default:stone	0
86	1	-82	default:stone	0
87	1	-82	default:stone	0
57	2	-82	default:stone	0
58	2	-82	default:stone	0
59	2	-82	default:stone	0
60	2	-82	default:stone	0
61	2	-82	default:stone	0
62	2	-82	default:stone	0
63	2	-82	default:stone	0
64	2	-82	default:brick	0
65	2	-82	default:brick	0
66	2	-82	default:brick	0
67	2	-82	default:brick	0
68	2	-82	default:brick	0
69	2	-82	default:brick	0
70	2	-82	default:brick	0
71	2	-82	default:brick	0
72	2	-82	default:brick	0
73	2	-82	default:brick	0
74	2	-82	default:brick	0
75	2	-82	default:brick	0
76	2	-82	default:brick	0
77	2	-82	default:brick	0
78	2	-82	default:brick	0
79	2	-82	default:brick	0
80	2	-82	default:brick	0
81	2	-82	default:stone	0
82	2	-82	default:stone	0
83	2	-82	default:stone	0
84	2	-82	default:stone	0
85	2	-82	default:stone	0
86	2	-82	default:stone	0
87	2	-82	default:stone	0
57	3	-82	default:stone	0
58	3	-82	default:stone	0
59	3	-82	default:stone	0
60	3	-82	default:stone	0
61	3	-82	default:stone	0
62	3	-82	default:stone	0
63	3	-82	default:stone	0
57	4	-82	default:stone	0
58	4	-82	default:stone	0
59	4	-82	default:stone	0
60	4	-82	default:stone	0
61	4	-82	default:stone	0
62	4	-82	default:stone	0
63	4	-82	default:stone	0
57	-4	-81	default:stone	0
58	-4	-81	default:stone	0
59	-4	-81	default:stone	0
60	-4	-81	default:stone	0
61	-4	-81	default:stone	0
62	-4	-81	default:stone	0
63	-4	-81	default:stone	0
64	-4	-81	default:cobble	0
65	-4	-81	default:stone	0
66	-4	-81	default:stone	0
67	-4	-81	default:stone	0
68	-4	-81	default:stone	0
69	-4	-81	default:stone	0
70	-4	-81	default:stone	0
71	-4	-81	default:stone	0
72	-4	-81	default:stone	0
73	-4	-81	default:stone	0
74	-4	-81	default:stone	0
75	-4	-81	default:stone	0
76	-4	-81	default:stone	0
77	-4	-81	default:stone	0
78	-4	-81	default:stone	0
79	-4	-81	default:stone	0
80	-4	-81	default:cobble	0
81	-4	-81	default:stone	0
82	-4	-81	default:stone	0
83	-4	-81	default:stone	0
84	-4	-81	default:stone	0
85	-4	-81	default:stone	0
86	-4	-81	default:stone	0
87	-4	-81	default:stone	0
57	-3	-81	default:stone	0
58	-3	-81	default:stone	0
59	-3	-81	default:stone	0
60	-3	-81	default:stone	0
61	-3	-81	default:stone	0
62	-3	-81	default:stone	0
63	-3	-81	default:stone	0
64	-3	-81	default:cobble	0
65	-3	-81	default:stone	0
66	-3	-81	default:stone	0
67	-3	-81	default:stone	0
68	-3	-81	default:stone	0
69	-3	-81	default:stone	0
70	-3	-81	default:stone	0
71	-3	-81	default:stone	0
72	-3	-81	default:stone	0
73	-3	-81	default:stone	0
74	-3	-81	default:stone	0
75	-3	-81	default:stone	0
76	-3	-81	default:stone	0
77	-3	-81	default:stone	0
78	-3	-81	default:stone	0
79	-3	-81	default:stone	0
80	-3	-81	default:cobble	0
81	-3	-81	default:stone	0
82	-3	-81	default:stone	0
83	-3	-81	default:stone	0
84	-3	-81	default:stone	0
85	-3	-81	default:stone	0
86	-3	-81	default:stone	0
87	-3	-81	default:stone	0
57	-2	-81	default:stone	0
58	-2	-81	default:stone	0
59	-2	-81	default:stone	0
60	-2	-81	default:stone	0
61	-2	-81	default:stone	0
62	-2	-81	default:stone	0
63	-2	-81	default:stone	0
64	-2	-81	default:cobble	0
65	-2	-81	default:stone	0
66	-2	-81	default:stone	0
67	-2	-81	default:stone	0
68	-2	-81	default:stone	0
69	-2	-81	default:stone	0
70	-2	-81	default:stone	0
71	-2	-81	default:stone	0
72	-2	-81	default:stone	0
73	-2	-81	default:stone	0
74	-2	-81	default:stone	0
75	-2	-81	default:stone	0
76	-2	-81	default:stone	0
77	-2	-81	default:stone	0
78	-2	-81	default:stone	0
79	-2	-81	default:stone	0
80	-2	-81	default:cobble	0
81	-2	-81	default:stone	0
82	-2	-81	default:stone	0
83	-2	-81	default:stone	0
84	-2	-81	default:stone	0
85	-2	-81	default:stone	0
86	-2	-81	default:stone	0
87	-2	-81	default:stone	0
57	-1	-81	default:stone	0
58	-1	-81	default:stone	0
59	-1	-81	default:stone	0
60	-1	-81	default:stone	0
61	-1	-81	default:stone	0
62	-1	-81	default:stone	0
63	-1	-81	default:stone	0
64	-1	-81	default:cobble	0
65	-1	-81	default:stone	0
66	-1	-81	default:stone	0
67	-1	-81	default:stone	0
68	-1	-81	default:stone	0
69	-1	-81	default:stone	0
70	-1	-81	default:stone	0
71	-1	-81	default:stone	0
72	-1	-81	default:stone	0
73	-1	-81	default:stone	0
74	-1	-81	default:stone	0
75	-1	-81	default:stone	0
76	-1	-81	default:stone	0
77	-1	-81	default:stone	0
78	-1	-81	default:stone	0
79	-1	-81	default:stone	0
80	-1	-81	default:cobble	0
81	-1	-81	default:stone	0
82	-1	-81	default:stone	0
83	-1	-81	default:stone	0
84	-1	-81	default:stone	0
85	-1	-81	default:stone	0
86	-1	-81	default:stone	0
87	-1	-81	default:stone	0
57	0	-81	default:stone	0
58	0	-81	default:stone	0
59	0	-81	default:stone	0
60	0	-81	default:stone	0
61	0	-81	default:stone	0
62	0	-81	default:stone	0
63	0	-81	default:stone	0
64	0	-81	default:cobble	0
65	0	-81	default:stone	0
66	0	-81	default:stone	0
67	0	-81	default:stone	0
68	0	-81	default:stone	0
69	0	-81	default:stone	0
70	0	-81	default:stone	0
71	0	-81	default:stone	0
72	0	-81	default:stone	0
73	0	-81	default:stone	0
74	0	-81	default:stone	0
75	0	-81	default:stone	0
76	0	-81	default:stone	0
77	0	-81	default:stone	0
78	0	-81	default:stone	0
79	0	-81	default:stone	0
80	0	-81	default:cobble	0
81	0	-81	default:stone	0
82	0	-81	default:stone	0
83	0	-81	default:stone	0
84	0	-81	default:stone	0
85	0	-81	default:stone	0
86	0	-81	default:stone	0
87	0	-81	default:stone	0
57	1	-81	default:stone	0
58	1	-81	default:stone	0
59	1	-81	default:stone	0
60	1	-81	default:stone	0
61	1	-81	default:stone	0
62	1	-81	default:stone	0
63	1	-81	default:stone	0
64	1	-81	default:cobble	0
65	1	-81	default:dirt	0
66	1	-81	default:dirt	0
67	1	-81	default:dirt	0
68	1	-81	default:dirt	0
69	1	-81	default:dirt	0
70	1	-81	default:dirt	0
71	1	-81	default:dirt	0
72	1	-81	default:dirt	0
73	1	-81	default:dirt	0
74	1	-81	default:dirt	0
75	1	-81	default:dirt	0
76	1	-81	default:dirt	0
77	1	-81	default:dirt	0
78	1	-81	default:dirt	0
79	1	-81	default:dirt	0
80	1	-81	default:cobble	0
81	1	-81	default:stone	0
82	1	-81	default:stone	0
83	1	-81	default:stone	0
84	1	-81	default:stone	0
85	1	-81	default:stone	0
86	1	-81	default:stone	0
87	1	-81	default:stone	0
57	2	-81	default:stone	0
58	2	-81	default:stone	0
59	2	-81	default:stone	0
60	2	-81	default:stone	0
61	2	-81	default:stone	0
62	2	-81	default:stone	0
63	2	-81	default:stone	0
64	2	-81	default:brick	0
65	2	-81	default:dirt_with_grass	0
66	2	-81	default:dirt_with_grass	0
67	2	-81	default:dirt_with_grass	0
68	2	-81	default:dirt_with_grass	0
69	2	-81	default:dirt_with_grass	0
70	2	-81	default:dirt_with_grass	0
71	2	-81	default:cobble	0
72	2	-81	default:cobble	0
73	2	-81	default:cobble	0
74	2	-81	default:dirt_with_grass	0
75	2	-81	default:dirt_with_grass	0
76	2	-81	default:dirt_with_grass	0
77	2	-81	default:dirt_with_grass	0
78	2	-81	default:dirt_with_grass	0
79	2	-81	default:dirt_with_grass	0
80	2	-81	default:brick	0
81	2	-81	default:stone	0
82	2	-81	default:stone	0
83	2	-81	default:stone	0
84	2	-81	default:stone	0
85	2	-81	default:stone	0
86	2	-81	default:stone	0
87	2	-81	default:stone	0
57	3	-81	default:stone	0
58	3	-81	default:stone	0
59	3	-81	default:stone	0
60	3	-81	default:stone	0
61	3	-81	default:stone	0
62	3	-81	default:stone	0
63	3	-81	default:stone	0
65	3	-81	default:tree	0
79	3	-81	default:tree	0
57	4	-81	default:stone	0
58	4	-81	default:stone	0
59	4	-81	default:stone	0
60	4	-81	default:stone	0
61	4	-81	default:stone	0
62	4	-81	default:stone	0
63	4	-81	default:stone	0
65	4	-81	default:tree	0
79	4	-81	default:tree	0
65	5	-81	default:torch	1
79	5	-81	default:torch	1
57	-4	-80	default:stone	0
58	-4	-80	default:stone	0
59	-4	-80	default:stone	0
60	-4	-80	default:stone	0
61	-4	-80	default:stone	0
62	-4	-80	default:stone	0
63	-4	-80	default:stone	0
64	-4	-80	default:cobble	0
65	-4	-80	default:stone	0
66	-4	-80	default:stone	0
67	-4	-80	default:stone	0
68	-4	-80	default:stone	0
69	-4	-80	default:stone	0
70	-4	-80	default:stone	0
71	-4	-80	default:stone	0
72	-4	-80	default:stone	0
73	-4	-80	default:stone	0
74	-4	-80	default:stone	0
75	-4	-80	default:stone	0
76	-4	-80	default:stone	0
77	-4	-80	default:stone	0
78	-4	-80	default:stone	0
79	-4	-80	default:stone	0
80	-4	-80	default:cobble	0
81	-4	-80	default:stone	0
82	-4	-80	default:stone	0
83	-4	-80	default:stone	0
84	-4	-80	default:stone	0
85	-4	-80	default:stone	0
86	-4	-80	default:stone	0
87	-4	-80	default:stone	0
57	-3	-80	default:stone	0
58	-3	-80	default:stone	0
59	-3	-80	default:stone	0
60	-3	-80	default:stone	0
61	-3	-80	default:stone	0
62	-3	-80	default:stone	0
63	-3	-80	default:stone	0
64	-3	-80	default:cobble	0
65	-3	-80	default:stone	0
66	-3	-80	default:stone	0
67	-3	-80	default:stone	0
68	-3	-80	default:stone	0
69	-3	-80	default:stone	0
70	-3	-80	default:stone	0
71	-3	-80	default:stone	0
72	-3	-80	default:stone	0
73	-3	-80	default:stone	0
74	-3	-80	default:stone	0
75	-3	-80	default:stone	0
76	-3	-80	default:stone	0
77	-3	-80	default:stone	0
78	-3	-80	default:stone	0
79	-3	-80	default:stone	0
80	-3	-80	default:cobble	0
81	-3	-80	default:stone	0
82	-3	-80	default:stone	0
83	-3	-80	default:stone	0
84	-3	-80	default:stone	0
85	-3	-80	default:stone	0
86	-3	-80	default:stone	0
87	-3	-80	default:stone	0
57	-2	-80	default:stone	0
58	-2	-80	default:stone	0
59	-2	-80	default:stone	0
60	-2	-80	default:stone	0
61	-2	-80	default:stone	0
62	-2	-80	default:stone	0
63	-2	-80	default:stone	0
64	-2	-80	default:cobble	0
65	-2	-80	default:stone	0
66	-2	-80	default:stone	0
67	-2	-80	default:stone	0
68	-2	-80	default:stone	0
69	-2	-80	default:stone	0
70	-2	-80	default:stone	0
71	-2	-80	default:stone	0
72	-2	-80	default:stone	0
73	-2	-80	default:stone	0
74	-2	-80	default:stone	0
75	-2	-80	default:stone	0
76	-2	-80	default:stone	0
77	-2	-80	default:stone	0
78	-2	-80	default:stone	0
79	-2	-80	default:stone	0
80	-2	-80	default:cobble	0
81	-2	-80	default:stone	0
82	-2	-80	default:stone	0
83	-2	-80	default:stone	0
84	-2	-80	default:stone	0
85	-2	-80	default:stone	0
86	-2	-80	default:stone	0
87	-2	-80	default:stone	0
57	-1	-80	default:stone	0
58	-1	-80	default:stone	0
59	-1	-80	default:stone	0
60	-1	-80	default:stone	0
61	-1	-80	default:stone	0
62	-1	-80	default:stone	0
63	-1	-80	default:stone	0
64	-1	-80	default:cobble	0
65	-1	-80	default:stone	0
66	-1	-80	default:stone	0
67	-1	-80	default:stone	0
68	-1	-80	default:stone	0
69	-1	-80	default:stone	0
70	-1	-80	default:stone	0
71	-1	-80	default:stone	0
72	-1	-80	default:stone	0
73	-1	-80	default:stone	0
74	-1	-80	default:stone	0
75	-1	-80	default:stone	0
76	-1	-80	default:stone	0
77	-1	-80	default:stone	0
78	-1	-80	default:stone	0
79	-1	-80	default:stone	0
80	-1	-80	default:cobble	0
81	-1	-80	default:stone	0
82	-1	-80	default:stone	0
83	-1	-80	default:stone	0
84	-1	-80	default:stone	0
85	-1	-80	default:stone	0
86	-1	-80	default:stone	0
87	-1	-80	default:stone	0
57	0	-80	default:stone	0
58	0	-80	default:stone	0
59	0	-80	default:stone	0
60	0	-80	default:stone	0
61	0	-80	default:stone	0
62	0	-80	default:stone	0
63	0	-80	default:stone	0
64	0	-80	default:cobble	0
65	0	-80	default:stone	0
66	0	-80	default:stone	0
67	0	-80	default:stone	0
68	0	-80	default:stone	0
69	0	-80	default:stone	0
70	0	-80	default:stone	0
71	0	-80	default:stone	0
72	0	-80	default:stone	0
73	0	-80	default:stone	0
74	0	-80	default:stone	0
75	0	-80	default:stone	0
76	0	-80	default:stone	0
77	0	-80	default:stone	0
78	0	-80	default:stone	0
79	0	-80	default:stone	0
80	0	-80	default:cobble	0
81	0	-80	default:stone	0
82	0	-80	default:stone	0
83	0	-80	default:stone	0
84	0	-80	default:stone	0
85	0	-80	default:stone	0
86	0	-80	default:stone	0
87	0	-80	default:stone	0
57	1	-80	default:stone	0
58	1	-80	default:stone	0
59	1	-80	default:stone	0
60	1	-80	default:stone	0
61	1	-80	default:stone	0
62	1	-80	default:stone	0
63	1	-80	default:stone	0
64	1	-80	default:cobble	0
65	1	-80	default:dirt	0
66	1	-80	default:dirt	0
67	1	-80	default:dirt	0
68	1	-80	default:dirt	0
69	1	-80	default:dirt	0
70	1	-80	default:dirt	0
71	1	-80	default:dirt	0
72	1	-80	default:dirt	0
73	1	-80	default:dirt	0
74	1	-80	default:dirt	0
75	1	-80	default:dirt	0
76	1	-80	default:dirt	0
77	1	-80	default:dirt	0
78	1	-80	default:dirt	0
79	1	-80	default:dirt	0
80	1	-80	default:cobble	0
81	1	-80	default:stone	0
82	1	-80	default:stone	0
83	1	-80	default:stone	0
84	1	-80	default:stone	0
85	1	-80	default:stone	0
86	1	-80	default:stone	0
87	1	-80	default:stone	0
57	2	-80	default:stone	0
58	2	-80	default:stone	0
59	2	-80	default:stone	0
60	2	-80	default:stone	0
61	2	-80	default:stone	0
62	2	-80	default:stone	0
63	2	-80	default:stone	0
64	2	-80	default:brick	0
65	2	-80	default:dirt_with_grass	0
66	2	-80	default:cobble	0
67	2	-80	default:cobble	0
68	2	-80	default:cobble	0
69	2	-80	default:cobble	0
70	2	-80	default:cobble	0
71	2	-80	default:cobble	0
72	2	-80	default:cobble	0
73	2	-80	default:cobble	0
74	2	-80	default:cobble	0
75	2	-80	default:cobble	0
76	2	-80	default:cobble	0
77	2	-80	default:cobble	0
78	2	-80	default:cobble	0
79	2	-80	default:dirt_with_grass	0
80	2	-80	default:brick	0
81	2	-80	default:stone	0
82	2	-80	default:stone	0
83	2	-80	default:stone	0
84	2	-80	default:stone	0
85	2	-80	default:stone	0
86	2	-80	default:stone	0
87	2	-80	default:stone	0
57	3	-80	default:stone	0
58	3	-80	default:stone	0
59	3	-80	default:stone	0
60	3	-80	default:stone	0
61	3	-80	default:stone	0
62	3	-80	default:stone	0
63	3	-80	default:stone	0
75	3	-80	stairs:stair_wood	2
76	3	-80	stairs:stair_wood	2
77	3	-80	stairs:stair_wood	2
57	4	-80	default:stone	0
58	4	-80	default:stone	0
59	4	-80	default:stone	0
60	4	-80	default:stone	0
61	4	-80	default:stone	0
62	4	-80	default:stone	0
63	4	-80	default:stone	0
70	5	-80	default:torch_wall	4
74	5	-80	default:torch_wall	4
78	7	-80	stairs:stair_wood	3
77	8	-80	stairs:stair_wood	3
66	9	-80	stairs:stair_wood	1
76	9	-80	stairs:stair_wood	3
67	10	-80	stairs:stair_wood	1
75	10	-80	stairs:stair_wood	3
68	11	-80	stairs:stair_wood	1
74	11	-80	stairs:stair_wood	3
69	12	-80	stairs:stair_wood	1
73	12	-80	stairs:stair_wood	3
70	13	-80	stairs:slab_wood	0
71	13	-80	stairs:slab_wood	0
72	13	-80	stairs:slab_wood	0
57	-4	-79	default:stone	0
58	-4	-79	default:stone	0
59	-4	-79	default:stone	0
60	-4	-79	default:stone	0
61	-4	-79	default:stone	0
62	-4	-79	default:stone	0
63	-4	-79	default:stone	0
64	-4	-79	default:cobble	0
65	-4	-79	default:stone	0
66	-4	-79	default:stone	0
67	-4	-79	default:stone	0
68	-4	-79	default:stone	0
69	-4	-79	default:stone	0
70	-4	-79	default:stone	0
71	-4	-79	default:stone	0
72	-4	-79	default:stone	0
73	-4	-79	default:stone	0
74	-4	-79	default:stone	0
75	-4	-79	default:stone	0
76	-4	-79	default:stone	0
77	-4	-79	default:stone	0
78	-4	-79	default:stone	0
79	-4	-79	default:stone	0
80	-4	-79	default:cobble	0
81	-4	-79	default:stone	0
82	-4	-79	default:stone	0
83	-4	-79	default:stone	0
84	-4	-79	default:stone	0
85	-4	-79	default:stone	0
86	-4	-79	default:stone	0
87	-4	-79	default:stone	0
57	-3	-79	default:stone	0
58	-3	-79	default:stone	0
59	-3	-79	default:stone	0
60	-3	-79	default:stone	0
61	-3	-79	default:stone	0
62	-3	-79	default:stone	0
63	-3	-79	default:stone	0
64	-3	-79	default:cobble	0
65	-3	-79	default:stone	0
66	-3	-79	default:stone	0
67	-3	-79	default:stone	0
68	-3	-79	default:stone	0
69	-3	-79	default:stone	0
70	-3	-79	default:stone	0
71	-3	-79	default:stone	0
72	-3	-79	default:stone	0
73	-3	-79	default:stone	0
74	-3	-79	default:stone	0
75	-3	-79	default:stone	0
76	-3	-79	default:stone	0
77	-3	-79	default:stone	0
78	-3	-79	default:stone	0
79	-3	-79	default:stone	0
80	-3	-79	default:cobble	0
81	-3	-79	default:stone	0
82	-3	-79	default:stone	0
83	-3	-79	default:stone	0
84	-3	-79	default:stone	0
85	-3	-79	default:stone	0
86	-3	-79	default:stone	0
87	-3	-79	default:stone	0
57	-2	-79	default:stone	0
58	-2	-79	default:stone	0
59	-2	-79	default:stone	0
60	-2	-79	default:stone	0
61	-2	-79	default:stone	0
62	-2	-79	default:stone	0
63	-2	-79	default:stone	0
64	-2	-79	default:cobble	0
65	-2	-79	default:stone	0
66	-2	-79	default:stone	0
67	-2	-79	default:stone	0
68	-2	-79	default:stone	0
69	-2	-79	default:stone	0
70	-2	-79	default:stone	0
71	-2	-79	default:stone	0
72	-2	-79	default:stone	0
73	-2	-79	default:stone	0
74	-2	-79	default:stone	0
75	-2	-79	default:stone	0
76	-2	-79	default:stone	0
77	-2	-79	default:stone	0
78	-2	-79	default:stone	0
79	-2	-79	default:stone	0
80	-2	-79	default:cobble	0
81	-2	-79	default:stone	0
82	-2	-79	default:stone	0
83	-2	-79	default:stone	0
84	-2	-79	default:stone	0
85	-2	-79	default:stone	0
86	-2	-79	default:stone	0
87	-2	-79	default:stone	0
57	-1	-79	default:stone	0
58	-1	-79	default:stone	0
59	-1	-79	default:stone	0
60	-1	-79	default:stone	0
61	-1	-79	default:stone	0
62	-1	-79	default:stone	0
63	-1	-79	default:stone	0
64	-1	-79	default:cobble	0
65	-1	-79	default:stone	0
66	-1	-79	default:stone	0
67	-1	-79	default:stone	0
68	-1	-79	default:stone	0
69	-1	-79	default:stone	0
70	-1	-79	default:stone	0
71	-1	-79	default:stone	0
72	-1	-79	default:stone	0
73	-1	-79	default:stone	0
74	-1	-79	default:stone	0
75	-1	-79	default:stone	0
76	-1	-79	default:stone	0
77	-1	-79	default:stone	0
78	-1	-79	default:stone	0
79	-1	-79	default:stone	0
80	-1	-79	default:cobble	0
81	-1	-79	default:stone	0
82	-1	-79	default:stone	0
83	-1	-79	default:stone	0
84	-1	-79	default:stone	0
85	-1	-79	default:stone	0
86	-1	-79	default:stone	0
87	-1	-79	default:stone	0
57	0	-79	default:stone	0
58	0	-79	default:stone	0
59	0	-79	default:stone	0
60	0	-79	default:stone	0
61	0	-79	default:stone	0
62	0	-79	default:stone	0
63	0	-79	default:stone	0
64	0	-79	default:cobble	0
65	0	-79	default:stone	0
66	0	-79	default:stone	0
67	0	-79	default:stone	0
68	0	-79	default:stone	0
69	0	-79	default:stone	0
70	0	-79	default:stone	0
71	0	-79	default:stone	0
72	0	-79	default:stone	0
73	0	-79	default:stone	0
74	0	-79	default:stone	0
75	0	-79	default:stone	0
76	0	-79	default:stone	0
77	0	-79	default:stone	0
78	0	-79	default:stone	0
79	0	-79	default:stone	0
80	0	-79	default:cobble	0
81	0	-79	default:stone	0
82	0	-79	default:stone	0
83	0	-79	default:stone	0
84	0	-79	default:stone	0
85	0	-79	default:stone	0
86	0	-79	default:stone	0
87	0	-79	default:stone	0
57	1	-79	default:stone	0
58	1	-79	default:stone	0
59	1	-79	default:stone	0
60	1	-79	default:stone	0
61	1	-79	default:stone	0
62	1	-79	default:stone	0
63	1	-79	default:stone	0
64	1	-79	default:cobble	0
65	1	-79	default:dirt	0
66	1	-79	default:dirt	0
67	1	-79	default:dirt	0
68	1	-79	default:dirt	0
69	1	-79	default:dirt	0
70	1	-79	default:dirt	0
71	1	-79	default:dirt	0
72	1	-79	default:dirt	0
73	1	-79	default:dirt	0
74	1	-79	default:dirt	0
75	1	-79	default:dirt	0
76	1	-79	default:dirt	0
77	1	-79	default:dirt	0
78	1	-79	default:dirt	0
79	1	-79	default:dirt	0
80	1	-79	default:cobble	0
81	1	-79	default:stone	0
82	1	-79	default:stone	0
83	1	-79	default:stone	0
84	1	-79	default:stone	0
85	1	-79	default:stone	0
86	1	-79	default:stone	0
87	1	-79	default:stone	0
57	2	-79	default:stone	0
58	2	-79	default:stone	0
59	2	-79	default:stone	0
60	2	-79	default:stone	0
61	2	-79	default:stone	0
62	2	-79	default:stone	0
63	2	-79	default:stone	0
64	2	-79	default:brick	0
65	2	-79	default:dirt_with_grass	0
66	2	-79	default:cobble	0
67	2	-79	default:cobble	0
68	2	-79	default:cobble	0
69	2	-79	default:cobble	0
70	2	-79	default:cobble	0
71	2	-79	default:cobble	0
72	2	-79	default:cobble	0
73	2	-79	default:cobble	0
74	2	-79	default:cobble	0
75	2	-79	default:cobble	0
76	2	-79	default:cobble	0
77	2	-79	default:cobble	0
78	2	-79	default:cobble	0
79	2	-79	default:dirt_with_grass	0
80	2	-79	default:brick	0
81	2	-79	default:stone	0
82	2	-79	default:stone	0
83	2	-79	default:stone	0
84	2	-79	default:stone	0
85	2	-79	default:stone	0
86	2	-79	default:stone	0
87	2	-79	default:stone	0
57	3	-79	default:stone	0
58	3	-79	default:stone	0
59	3	-79	default:stone	0
60	3	-79	default:stone	0
61	3	-79	default:stone	0
62	3	-79	default:stone	0
63	3	-79	default:stone	0
67	3	-79	default:tree	0
68	3	-79	default:brick	0
69	3	-79	default:brick	0
70	3	-79	default:brick	0
71	3	-79	default:brick	0
72	3	-79	doors:door_wood_a	0
73	3	-79	doors:door_wood_b	0
74	3	-79	default:tree	0
75	3	-79	default:brick	0
76	3	-79	default:brick	0
77	3	-79	default:tree	0
57	4	-79	default:stone	0
58	4	-79	default:stone	0
59	4	-79	default:stone	0
60	4	-79	default:stone	0
61	4	-79	default:stone	0
62	4	-79	default:stone	0
63	4	-79	default:stone	0
67	4	-79	default:tree	0
68	4	-79	grug_decor:cottages_loam	0
69	4	-79	grug_decor:cottages_loam	0
70	4	-79	default:tree	0
71	4	-79	grug_decor:cottages_loam	0
72	4	-79	doors:hidden	0
73	4	-79	doors:hidden	3
74	4	-79	default:tree	0
75	4	-79	xpanes:pane_flat	0
76	4	-79	xpanes:pane_flat	0
77	4	-79	default:tree	0
67	5	-79	default:tree	0
68	5	-79	grug_decor:cottages_loam	0
69	5	-79	grug_decor:cottages_loam	0
70	5	-79	default:tree	0
71	5	-79	grug_decor:cottages_loam	0
72	5	-79	grug_decor:cottages_loam	0
73	5	-79	default:tree	0
74	5	-79	default:tree	0
75	5	-79	xpanes:pane_flat	0
76	5	-79	xpanes:pane_flat	0
77	5	-79	default:tree	0
67	6	-79	default:tree	0
68	6	-79	grug_decor:cottages_loam	0
69	6	-79	grug_decor:cottages_loam	0
70	6	-79	default:tree	0
71	6	-79	grug_decor:cottages_loam	0
72	6	-79	grug_decor:cottages_loam	0
73	6	-79	default:tree	0
74	6	-79	default:tree	0
75	6	-79	grug_decor:cottages_loam	0
76	6	-79	default:tree	0
77	6	-79	default:tree	0
67	7	-79	default:tree	0
68	7	-79	grug_decor:cottages_loam	0
69	7	-79	grug_decor:cottages_loam	0
70	7	-79	default:tree	0
71	7	-79	grug_decor:cottages_loam	0
72	7	-79	grug_decor:cottages_loam	0
73	7	-79	default:tree	0
74	7	-79	default:tree	0
75	7	-79	grug_decor:cottages_loam	0
76	7	-79	default:tree	0
77	7	-79	default:tree	0
78	7	-79	stairs:stair_wood	3
67	8	-79	default:tree	0
68	8	-79	grug_decor:cottages_loam	0
69	8	-79	grug_decor:cottages_loam	0
70	8	-79	default:tree	0
71	8	-79	grug_decor:cottages_loam	0
72	8	-79	grug_decor:cottages_loam	0
73	8	-79	default:tree	0
74	8	-79	grug_decor:cottages_loam	0
75	8	-79	grug_decor:cottages_loam	0
76	8	-79	default:tree	0
77	8	-79	stairs:stair_wood	3
66	9	-79	stairs:stair_wood	1
67	9	-79	default:tree	0
68	9	-79	grug_decor:cottages_loam	0
69	9	-79	grug_decor:cottages_loam	0
70	9	-79	default:tree	0
71	9	-79	grug_decor:cottages_loam	0
72	9	-79	grug_decor:cottages_loam	0
73	9	-79	default:tree	0
74	9	-79	grug_decor:cottages_loam	0
75	9	-79	grug_decor:cottages_loam	0
76	9	-79	stairs:stair_wood	3
67	10	-79	stairs:stair_wood	1
68	10	-79	grug_decor:cottages_loam	0
69	10	-79	grug_decor:cottages_loam	0
70	10	-79	default:tree	0
71	10	-79	grug_decor:cottages_loam	0
72	10	-79	grug_decor:cottages_loam	0
73	10	-79	default:tree	0
74	10	-79	grug_decor:cottages_loam	0
75	10	-79	stairs:stair_wood	3
68	11	-79	stairs:stair_wood	1
69	11	-79	grug_decor:cottages_loam	0
70	11	-79	default:tree	0
71	11	-79	grug_decor:cottages_loam	0
72	11	-79	grug_decor:cottages_loam	0
73	11	-79	default:tree	0
74	11	-79	stairs:stair_wood	3
69	12	-79	stairs:stair_wood	1
70	12	-79	default:tree	0
71	12	-79	grug_decor:cottages_loam	0
72	12	-79	grug_decor:cottages_loam	0
73	12	-79	stairs:stair_wood	3
70	13	-79	stairs:slab_wood	0
71	13	-79	stairs:slab_wood	0
72	13	-79	stairs:slab_wood	0
57	-4	-78	default:stone	0
58	-4	-78	default:stone	0
59	-4	-78	default:stone	0
60	-4	-78	default:stone	0
61	-4	-78	default:stone	0
62	-4	-78	default:stone	0
63	-4	-78	default:stone	0
64	-4	-78	default:cobble	0
65	-4	-78	default:stone	0
66	-4	-78	default:stone	0
67	-4	-78	default:stone	0
68	-4	-78	default:stone	0
69	-4	-78	default:stone	0
70	-4	-78	default:stone	0
71	-4	-78	default:stone	0
72	-4	-78	default:stone	0
73	-4	-78	default:stone	0
74	-4	-78	default:stone	0
75	-4	-78	default:stone	0
76	-4	-78	default:stone	0
77	-4	-78	default:stone	0
78	-4	-78	default:stone	0
79	-4	-78	default:stone	0
80	-4	-78	default:cobble	0
81	-4	-78	default:stone	0
82	-4	-78	default:stone	0
83	-4	-78	default:stone	0
84	-4	-78	default:stone	0
85	-4	-78	default:stone	0
86	-4	-78	default:stone	0
87	-4	-78	default:stone	0
57	-3	-78	default:stone	0
58	-3	-78	default:stone	0
59	-3	-78	default:stone	0
60	-3	-78	default:stone	0
61	-3	-78	default:stone	0
62	-3	-78	default:stone	0
63	-3	-78	default:stone	0
64	-3	-78	default:cobble	0
65	-3	-78	default:stone	0
66	-3	-78	default:stone	0
67	-3	-78	default:stone	0
68	-3	-78	default:stone	0
69	-3	-78	default:stone	0
70	-3	-78	default:stone	0
71	-3	-78	default:stone	0
72	-3	-78	default:stone	0
73	-3	-78	default:stone	0
74	-3	-78	default:stone	0
75	-3	-78	default:stone	0
76	-3	-78	default:stone	0
77	-3	-78	default:stone	0
78	-3	-78	default:stone	0
79	-3	-78	default:stone	0
80	-3	-78	default:cobble	0
81	-3	-78	default:stone	0
82	-3	-78	default:stone	0
83	-3	-78	default:stone	0
84	-3	-78	default:stone	0
85	-3	-78	default:stone	0
86	-3	-78	default:stone	0
87	-3	-78	default:stone	0
57	-2	-78	default:stone	0
58	-2	-78	default:stone	0
59	-2	-78	default:stone	0
60	-2	-78	default:stone	0
61	-2	-78	default:stone	0
62	-2	-78	default:stone	0
63	-2	-78	default:stone	0
64	-2	-78	default:cobble	0
65	-2	-78	default:stone	0
66	-2	-78	default:stone	0
67	-2	-78	default:stone	0
68	-2	-78	default:stone	0
69	-2	-78	default:stone	0
70	-2	-78	default:stone	0
71	-2	-78	default:stone	0
72	-2	-78	default:stone	0
73	-2	-78	default:stone	0
74	-2	-78	default:stone	0
75	-2	-78	default:stone	0
76	-2	-78	default:stone	0
77	-2	-78	default:stone	0
78	-2	-78	default:stone	0
79	-2	-78	default:stone	0
80	-2	-78	default:cobble	0
81	-2	-78	default:stone	0
82	-2	-78	default:stone	0
83	-2	-78	default:stone	0
84	-2	-78	default:stone	0
85	-2	-78	default:stone	0
86	-2	-78	default:stone	0
87	-2	-78	default:stone	0
57	-1	-78	default:stone	0
58	-1	-78	default:stone	0
59	-1	-78	default:stone	0
60	-1	-78	default:stone	0
61	-1	-78	default:stone	0
62	-1	-78	default:stone	0
63	-1	-78	default:stone	0
64	-1	-78	default:cobble	0
65	-1	-78	default:stone	0
66	-1	-78	default:stone	0
67	-1	-78	default:stone	0
68	-1	-78	default:stone	0
69	-1	-78	default:stone	0
70	-1	-78	default:stone	0
71	-1	-78	default:stone	0
72	-1	-78	default:stone	0
73	-1	-78	default:stone	0
74	-1	-78	default:stone	0
75	-1	-78	default:stone	0
76	-1	-78	default:stone	0
77	-1	-78	default:stone	0
78	-1	-78	default:stone	0
79	-1	-78	default:stone	0
80	-1	-78	default:cobble	0
81	-1	-78	default:stone	0
82	-1	-78	default:stone	0
83	-1	-78	default:stone	0
84	-1	-78	default:stone	0
85	-1	-78	default:stone	0
86	-1	-78	default:stone	0
87	-1	-78	default:stone	0
57	0	-78	default:stone	0
58	0	-78	default:stone	0
59	0	-78	default:stone	0
60	0	-78	default:stone	0
61	0	-78	default:stone	0
62	0	-78	default:stone	0
63	0	-78	default:stone	0
64	0	-78	default:cobble	0
65	0	-78	default:stone	0
66	0	-78	default:stone	0
67	0	-78	default:stone	0
68	0	-78	default:stone	0
69	0	-78	default:stone	0
70	0	-78	default:stone	0
71	0	-78	default:stone	0
72	0	-78	default:stone	0
73	0	-78	default:stone	0
74	0	-78	default:stone	0
75	0	-78	default:stone	0
76	0	-78	default:stone	0
77	0	-78	default:stone	0
78	0	-78	default:stone	0
79	0	-78	default:stone	0
80	0	-78	default:cobble	0
81	0	-78	default:stone	0
82	0	-78	default:stone	0
83	0	-78	default:stone	0
84	0	-78	default:stone	0
85	0	-78	default:stone	0
86	0	-78	default:stone	0
87	0	-78	default:stone	0
57	1	-78	default:stone	0
58	1	-78	default:stone	0
59	1	-78	default:stone	0
60	1	-78	default:stone	0
61	1	-78	default:stone	0
62	1	-78	default:stone	0
63	1	-78	default:stone	0
64	1	-78	default:cobble	0
65	1	-78	default:dirt	0
66	1	-78	default:dirt	0
67	1	-78	default:dirt	0
68	1	-78	default:dirt	0
69	1	-78	default:dirt	0
70	1	-78	default:dirt	0
71	1	-78	default:dirt	0
72	1	-78	default:dirt	0
73	1	-78	default:dirt	0
74	1	-78	default:dirt	0
75	1	-78	default:dirt	0
76	1	-78	default:dirt	0
77	1	-78	default:dirt	0
78	1	-78	default:dirt	0
79	1	-78	default:dirt	0
80	1	-78	default:cobble	0
81	1	-78	default:stone	0
82	1	-78	default:stone	0
83	1	-78	default:stone	0
84	1	-78	default:stone	0
85	1	-78	default:stone	0
86	1	-78	default:stone	0
87	1	-78	default:stone	0
57	2	-78	default:stone	0
58	2	-78	default:stone	0
59	2	-78	default:stone	0
60	2	-78	default:stone	0
61	2	-78	default:stone	0
62	2	-78	default:stone	0
63	2	-78	default:stone	0
64	2	-78	default:brick	0
65	2	-78	default:dirt_with_grass	0
66	2	-78	default:cobble	0
67	2	-78	default:cobble	0
68	2	-78	grug_decor:cottages_straw_ground	0
69	2	-78	grug_decor:cottages_straw_ground	0
70	2	-78	grug_decor:cottages_straw_ground	0
71	2	-78	grug_decor:cottages_straw_ground	0
72	2	-78	default:wood	0
73	2	-78	grug_decor:cottages_straw_ground	0
74	2	-78	grug_decor:cottages_straw_ground	0
75	2	-78	grug_decor:cottages_straw_ground	0
76	2	-78	grug_decor:cottages_straw_ground	0
77	2	-78	default:cobble	0
78	2	-78	default:cobble	0
79	2	-78	default:dirt_with_grass	0
80	2	-78	default:brick	0
81	2	-78	default:stone	0
82	2	-78	default:stone	0
83	2	-78	default:stone	0
84	2	-78	default:stone	0
85	2	-78	default:stone	0
86	2	-78	default:stone	0
87	2	-78	default:stone	0
67	3	-78	default:tree	0
69	3	-78	grug_decor:xdecor_barrel	2
70	3	-78	grug_decor:xdecor_barrel	2
74	3	-78	grug_decor:xdecor_barrel	2
75	3	-78	grug_decor:xdecor_barrel	2
77	3	-78	default:tree	0
67	4	-78	default:tree	0
77	4	-78	default:tree	0
67	5	-78	default:tree	0
77	5	-78	default:tree	0
67	6	-78	default:tree	0
77	6	-78	default:tree	0
67	7	-78	default:tree	0
77	7	-78	default:tree	0
78	7	-78	stairs:stair_wood	3
67	8	-78	grug_decor:cottages_loam	0
77	8	-78	stairs:stair_wood	3
66	9	-78	stairs:stair_wood	1
67	9	-78	grug_decor:cottages_loam	0
76	9	-78	stairs:stair_wood	3
67	10	-78	stairs:stair_wood	1
75	10	-78	stairs:stair_wood	3
68	11	-78	stairs:stair_wood	1
74	11	-78	stairs:stair_wood	3
69	12	-78	stairs:stair_wood	1
73	12	-78	stairs:stair_wood	3
70	13	-78	stairs:slab_wood	0
71	13	-78	stairs:slab_wood	0
72	13	-78	stairs:slab_wood	0
57	-4	-77	default:stone	0
58	-4	-77	default:stone	0
59	-4	-77	default:stone	0
60	-4	-77	default:stone	0
61	-4	-77	default:stone	0
62	-4	-77	default:stone	0
63	-4	-77	default:stone	0
64	-4	-77	default:cobble	0
65	-4	-77	default:stone	0
66	-4	-77	default:stone	0
67	-4	-77	default:stone	0
68	-4	-77	default:stone	0
69	-4	-77	default:stone	0
70	-4	-77	default:stone	0
71	-4	-77	default:stone	0
72	-4	-77	default:stone	0
73	-4	-77	default:stone	0
74	-4	-77	default:stone	0
75	-4	-77	default:stone	0
76	-4	-77	default:stone	0
77	-4	-77	default:stone	0
78	-4	-77	default:stone	0
79	-4	-77	default:stone	0
80	-4	-77	default:cobble	0
81	-4	-77	default:stone	0
82	-4	-77	default:stone	0
83	-4	-77	default:stone	0
84	-4	-77	default:stone	0
85	-4	-77	default:stone	0
86	-4	-77	default:stone	0
87	-4	-77	default:stone	0
57	-3	-77	default:stone	0
58	-3	-77	default:stone	0
59	-3	-77	default:stone	0
60	-3	-77	default:stone	0
61	-3	-77	default:stone	0
62	-3	-77	default:stone	0
63	-3	-77	default:stone	0
64	-3	-77	default:cobble	0
65	-3	-77	default:stone	0
66	-3	-77	default:stone	0
67	-3	-77	default:stone	0
68	-3	-77	default:stone	0
69	-3	-77	default:stone	0
70	-3	-77	default:stone	0
71	-3	-77	default:stone	0
72	-3	-77	default:stone	0
73	-3	-77	default:stone	0
74	-3	-77	default:stone	0
75	-3	-77	default:stone	0
76	-3	-77	default:stone	0
77	-3	-77	default:stone	0
78	-3	-77	default:stone	0
79	-3	-77	default:stone	0
80	-3	-77	default:cobble	0
81	-3	-77	default:stone	0
82	-3	-77	default:stone	0
83	-3	-77	default:stone	0
84	-3	-77	default:stone	0
85	-3	-77	default:stone	0
86	-3	-77	default:stone	0
87	-3	-77	default:stone	0
57	-2	-77	default:stone	0
58	-2	-77	default:stone	0
59	-2	-77	default:stone	0
60	-2	-77	default:stone	0
61	-2	-77	default:stone	0
62	-2	-77	default:stone	0
63	-2	-77	default:stone	0
64	-2	-77	default:cobble	0
65	-2	-77	default:stone	0
66	-2	-77	default:stone	0
67	-2	-77	default:stone	0
68	-2	-77	default:stone	0
69	-2	-77	default:stone	0
70	-2	-77	default:stone	0
71	-2	-77	default:stone	0
72	-2	-77	default:stone	0
73	-2	-77	default:stone	0
74	-2	-77	default:stone	0
75	-2	-77	default:stone	0
76	-2	-77	default:stone	0
77	-2	-77	default:stone	0
78	-2	-77	default:stone	0
79	-2	-77	default:stone	0
80	-2	-77	default:cobble	0
81	-2	-77	default:stone	0
82	-2	-77	default:stone	0
83	-2	-77	default:stone	0
84	-2	-77	default:stone	0
85	-2	-77	default:stone	0
86	-2	-77	default:stone	0
87	-2	-77	default:stone	0
57	-1	-77	default:stone	0
58	-1	-77	default:stone	0
59	-1	-77	default:stone	0
60	-1	-77	default:stone	0
61	-1	-77	default:stone	0
62	-1	-77	default:stone	0
63	-1	-77	default:stone	0
64	-1	-77	default:cobble	0
65	-1	-77	default:stone	0
66	-1	-77	default:stone	0
67	-1	-77	default:stone	0
68	-1	-77	default:stone	0
69	-1	-77	default:stone	0
70	-1	-77	default:stone	0
71	-1	-77	default:stone	0
72	-1	-77	default:stone	0
73	-1	-77	default:stone	0
74	-1	-77	default:stone	0
75	-1	-77	default:stone	0
76	-1	-77	default:stone	0
77	-1	-77	default:stone	0
78	-1	-77	default:stone	0
79	-1	-77	default:stone	0
80	-1	-77	default:cobble	0
81	-1	-77	default:stone	0
82	-1	-77	default:stone	0
83	-1	-77	default:stone	0
84	-1	-77	default:stone	0
85	-1	-77	default:stone	0
86	-1	-77	default:stone	0
87	-1	-77	default:stone	0
57	0	-77	default:stone	0
58	0	-77	default:stone	0
59	0	-77	default:stone	0
60	0	-77	default:stone	0
61	0	-77	default:stone	0
62	0	-77	default:stone	0
63	0	-77	default:stone	0
64	0	-77	default:cobble	0
65	0	-77	default:stone	0
66	0	-77	default:stone	0
67	0	-77	default:stone	0
68	0	-77	default:stone	0
69	0	-77	default:stone	0
70	0	-77	default:stone	0
71	0	-77	default:stone	0
72	0	-77	default:stone	0
73	0	-77	default:stone	0
74	0	-77	default:stone	0
75	0	-77	default:stone	0
76	0	-77	default:stone	0
77	0	-77	default:stone	0
78	0	-77	default:stone	0
79	0	-77	default:stone	0
80	0	-77	default:cobble	0
81	0	-77	default:stone	0
82	0	-77	default:stone	0
83	0	-77	default:stone	0
84	0	-77	default:stone	0
85	0	-77	default:stone	0
86	0	-77	default:stone	0
87	0	-77	default:stone	0
57	1	-77	default:stone	0
58	1	-77	default:stone	0
59	1	-77	default:stone	0
60	1	-77	default:stone	0
61	1	-77	default:stone	0
62	1	-77	default:stone	0
63	1	-77	default:stone	0
64	1	-77	default:cobble	0
65	1	-77	default:dirt	0
66	1	-77	default:dirt	0
67	1	-77	default:dirt	0
68	1	-77	default:dirt	0
69	1	-77	default:dirt	0
70	1	-77	default:dirt	0
71	1	-77	default:dirt	0
72	1	-77	default:dirt	0
73	1	-77	default:dirt	0
74	1	-77	default:dirt	0
75	1	-77	default:dirt	0
76	1	-77	default:dirt	0
77	1	-77	default:dirt	0
78	1	-77	default:dirt	0
79	1	-77	default:dirt	0
80	1	-77	default:cobble	0
81	1	-77	default:stone	0
82	1	-77	default:stone	0
83	1	-77	default:stone	0
84	1	-77	default:stone	0
85	1	-77	default:stone	0
86	1	-77	default:stone	0
87	1	-77	default:stone	0
57	2	-77	default:stone	0
58	2	-77	default:stone	0
59	2	-77	default:stone	0
60	2	-77	default:stone	0
61	2	-77	default:stone	0
62	2	-77	default:stone	0
63	2	-77	default:stone	0
64	2	-77	default:brick	0
65	2	-77	default:dirt_with_grass	0
66	2	-77	default:cobble	0
67	2	-77	default:cobble	0
68	2	-77	grug_decor:cottages_straw_ground	0
69	2	-77	grug_decor:cottages_straw_ground	0
70	2	-77	grug_decor:cottages_straw_ground	0
71	2	-77	grug_decor:cottages_straw_ground	0
72	2	-77	default:wood	0
73	2	-77	grug_decor:cottages_straw_ground	0
74	2	-77	grug_decor:cottages_straw_ground	0
75	2	-77	grug_decor:cottages_straw_ground	0
76	2	-77	grug_decor:cottages_straw_ground	0
77	2	-77	default:cobble	0
78	2	-77	default:cobble	0
79	2	-77	default:dirt_with_grass	0
80	2	-77	default:brick	0
81	2	-77	default:stone	0
82	2	-77	default:stone	0
83	2	-77	default:stone	0
84	2	-77	default:stone	0
85	2	-77	default:stone	0
86	2	-77	default:stone	0
87	2	-77	default:stone	0
67	3	-77	default:brick	0
68	3	-77	default:brick	0
76	3	-77	default:brick	0
77	3	-77	default:brick	0
67	4	-77	xpanes:pane_flat	3
77	4	-77	xpanes:pane_flat	3
67	5	-77	xpanes:pane_flat	3
77	5	-77	xpanes:pane_flat	3
67	6	-77	grug_decor:cottages_loam	0
77	6	-77	grug_decor:cottages_loam	0
67	7	-77	grug_decor:cottages_loam	0
77	7	-77	grug_decor:cottages_loam	0
78	7	-77	stairs:stair_wood	3
67	8	-77	grug_decor:cottages_loam	0
77	8	-77	stairs:stair_wood	3
66	9	-77	stairs:stair_wood	1
67	9	-77	grug_decor:cottages_loam	0
76	9	-77	stairs:stair_wood	3
67	10	-77	stairs:stair_wood	1
75	10	-77	stairs:stair_wood	3
68	11	-77	stairs:stair_wood	1
74	11	-77	stairs:stair_wood	3
69	12	-77	stairs:stair_wood	1
73	12	-77	stairs:stair_wood	3
70	13	-77	stairs:slab_wood	0
71	13	-77	stairs:slab_wood	0
72	13	-77	stairs:slab_wood	0
57	-4	-76	default:stone	0
58	-4	-76	default:stone	0
59	-4	-76	default:stone	0
60	-4	-76	default:stone	0
61	-4	-76	default:stone	0
62	-4	-76	default:stone	0
63	-4	-76	default:stone	0
64	-4	-76	default:cobble	0
65	-4	-76	default:stone	0
66	-4	-76	default:stone	0
67	-4	-76	default:stone	0
68	-4	-76	default:stone	0
69	-4	-76	default:stone	0
70	-4	-76	default:stone	0
71	-4	-76	default:stone	0
72	-4	-76	default:stone	0
73	-4	-76	default:stone	0
74	-4	-76	default:stone	0
75	-4	-76	default:stone	0
76	-4	-76	default:stone	0
77	-4	-76	default:stone	0
78	-4	-76	default:stone	0
79	-4	-76	default:stone	0
80	-4	-76	default:cobble	0
81	-4	-76	default:stone	0
82	-4	-76	default:stone	0
83	-4	-76	default:stone	0
84	-4	-76	default:stone	0
85	-4	-76	default:stone	0
86	-4	-76	default:stone	0
87	-4	-76	default:stone	0
57	-3	-76	default:stone	0
58	-3	-76	default:stone	0
59	-3	-76	default:stone	0
60	-3	-76	default:stone	0
61	-3	-76	default:stone	0
62	-3	-76	default:stone	0
63	-3	-76	default:stone	0
64	-3	-76	default:cobble	0
65	-3	-76	default:stone	0
66	-3	-76	default:stone	0
67	-3	-76	default:stone	0
68	-3	-76	default:stone	0
69	-3	-76	default:stone	0
70	-3	-76	default:stone	0
71	-3	-76	default:stone	0
72	-3	-76	default:stone	0
73	-3	-76	default:stone	0
74	-3	-76	default:stone	0
75	-3	-76	default:stone	0
76	-3	-76	default:stone	0
77	-3	-76	default:stone	0
78	-3	-76	default:stone	0
79	-3	-76	default:stone	0
80	-3	-76	default:cobble	0
81	-3	-76	default:stone	0
82	-3	-76	default:stone	0
83	-3	-76	default:stone	0
84	-3	-76	default:stone	0
85	-3	-76	default:stone	0
86	-3	-76	default:stone	0
87	-3	-76	default:stone	0
57	-2	-76	default:stone	0
58	-2	-76	default:stone	0
59	-2	-76	default:stone	0
60	-2	-76	default:stone	0
61	-2	-76	default:stone	0
62	-2	-76	default:stone	0
63	-2	-76	default:stone	0
64	-2	-76	default:cobble	0
65	-2	-76	default:stone	0
66	-2	-76	default:stone	0
67	-2	-76	default:stone	0
68	-2	-76	default:stone	0
69	-2	-76	default:stone	0
70	-2	-76	default:stone	0
71	-2	-76	default:stone	0
72	-2	-76	default:stone	0
73	-2	-76	default:stone	0
74	-2	-76	default:stone	0
75	-2	-76	default:stone	0
76	-2	-76	default:stone	0
77	-2	-76	default:stone	0
78	-2	-76	default:stone	0
79	-2	-76	default:stone	0
80	-2	-76	default:cobble	0
81	-2	-76	default:stone	0
82	-2	-76	default:stone	0
83	-2	-76	default:stone	0
84	-2	-76	default:stone	0
85	-2	-76	default:stone	0
86	-2	-76	default:stone	0
87	-2	-76	default:stone	0
57	-1	-76	default:stone	0
58	-1	-76	default:stone	0
59	-1	-76	default:stone	0
60	-1	-76	default:stone	0
61	-1	-76	default:stone	0
62	-1	-76	default:stone	0
63	-1	-76	default:stone	0
64	-1	-76	default:cobble	0
65	-1	-76	default:stone	0
66	-1	-76	default:stone	0
67	-1	-76	default:stone	0
68	-1	-76	default:stone	0
69	-1	-76	default:stone	0
70	-1	-76	default:stone	0
71	-1	-76	default:stone	0
72	-1	-76	default:stone	0
73	-1	-76	default:stone	0
74	-1	-76	default:stone	0
75	-1	-76	default:stone	0
76	-1	-76	default:stone	0
77	-1	-76	default:stone	0
78	-1	-76	default:stone	0
79	-1	-76	default:stone	0
80	-1	-76	default:cobble	0
81	-1	-76	default:stone	0
82	-1	-76	default:stone	0
83	-1	-76	default:stone	0
84	-1	-76	default:stone	0
85	-1	-76	default:stone	0
86	-1	-76	default:stone	0
87	-1	-76	default:stone	0
57	0	-76	default:stone	0
58	0	-76	default:stone	0
59	0	-76	default:stone	0
60	0	-76	default:stone	0
61	0	-76	default:stone	0
62	0	-76	default:stone	0
63	0	-76	default:stone	0
64	0	-76	default:cobble	0
65	0	-76	default:stone	0
66	0	-76	default:stone	0
67	0	-76	default:stone	0
68	0	-76	default:stone	0
69	0	-76	default:stone	0
70	0	-76	default:stone	0
71	0	-76	default:stone	0
72	0	-76	default:stone	0
73	0	-76	default:stone	0
74	0	-76	default:stone	0
75	0	-76	default:stone	0
76	0	-76	default:stone	0
77	0	-76	default:stone	0
78	0	-76	default:stone	0
79	0	-76	default:stone	0
80	0	-76	default:cobble	0
81	0	-76	default:stone	0
82	0	-76	default:stone	0
83	0	-76	default:stone	0
84	0	-76	default:stone	0
85	0	-76	default:stone	0
86	0	-76	default:stone	0
87	0	-76	default:stone	0
57	1	-76	default:stone	0
58	1	-76	default:stone	0
59	1	-76	default:stone	0
60	1	-76	default:stone	0
61	1	-76	default:stone	0
62	1	-76	default:stone	0
63	1	-76	default:stone	0
64	1	-76	default:cobble	0
65	1	-76	default:dirt	0
66	1	-76	default:dirt	0
67	1	-76	default:dirt	0
68	1	-76	default:dirt	0
69	1	-76	default:dirt	0
70	1	-76	default:dirt	0
71	1	-76	default:dirt	0
72	1	-76	default:dirt	0
73	1	-76	default:dirt	0
74	1	-76	default:dirt	0
75	1	-76	default:dirt	0
76	1	-76	default:dirt	0
77	1	-76	default:dirt	0
78	1	-76	default:dirt	0
79	1	-76	default:dirt	0
80	1	-76	default:cobble	0
81	1	-76	default:stone	0
57	2	-76	default:stone	0
58	2	-76	default:stone	0
59	2	-76	default:stone	0
60	2	-76	default:stone	0
61	2	-76	default:stone	0
62	2	-76	default:stone	0
63	2	-76	default:stone	0
64	2	-76	default:brick	0
65	2	-76	default:dirt_with_grass	0
66	2	-76	default:cobble	0
67	2	-76	default:cobble	0
68	2	-76	grug_decor:cottages_straw_ground	0
69	2	-76	grug_decor:cottages_straw_ground	0
70	2	-76	grug_decor:cottages_straw_ground	0
71	2	-76	grug_decor:cottages_straw_ground	0
72	2	-76	default:wood	0
73	2	-76	grug_decor:cottages_straw_ground	0
74	2	-76	grug_decor:cottages_straw_ground	0
75	2	-76	grug_decor:cottages_straw_ground	0
76	2	-76	grug_decor:cottages_straw_ground	0
77	2	-76	default:cobble	0
78	2	-76	default:cobble	0
79	2	-76	default:dirt_with_grass	0
80	2	-76	default:brick	0
81	2	-76	default:stone	0
67	3	-76	default:brick	0
68	3	-76	default:brick	0
76	3	-76	default:brick	0
77	3	-76	default:brick	0
67	4	-76	xpanes:pane_flat	3
77	4	-76	xpanes:pane_flat	3
67	5	-76	xpanes:pane_flat	3
77	5	-76	xpanes:pane_flat	3
67	6	-76	default:tree	0
77	6	-76	default:tree	0
67	7	-76	default:tree	0
77	7	-76	default:tree	0
78	7	-76	stairs:stair_wood	3
67	8	-76	default:tree	0
77	8	-76	stairs:stair_wood	3
66	9	-76	stairs:stair_wood	1
67	9	-76	default:tree	0
76	9	-76	stairs:stair_wood	3
67	10	-76	stairs:stair_wood	1
75	10	-76	stairs:stair_wood	3
68	11	-76	stairs:stair_wood	1
74	11	-76	stairs:stair_wood	3
69	12	-76	stairs:stair_wood	1
73	12	-76	stairs:stair_wood	3
70	13	-76	stairs:slab_wood	0
71	13	-76	stairs:slab_wood	0
72	13	-76	stairs:slab_wood	0
57	-4	-75	default:stone	0
58	-4	-75	default:stone	0
59	-4	-75	default:stone	0
60	-4	-75	default:stone	0
61	-4	-75	default:stone	0
62	-4	-75	default:stone	0
63	-4	-75	default:stone	0
64	-4	-75	default:cobble	0
65	-4	-75	default:stone	0
66	-4	-75	default:stone	0
67	-4	-75	default:stone	0
68	-4	-75	default:stone	0
69	-4	-75	default:stone	0
70	-4	-75	default:stone	0
71	-4	-75	default:stone	0
72	-4	-75	default:stone	0
73	-4	-75	default:stone	0
74	-4	-75	default:stone	0
75	-4	-75	default:stone	0
76	-4	-75	default:stone	0
77	-4	-75	default:stone	0
78	-4	-75	default:stone	0
79	-4	-75	default:stone	0
80	-4	-75	default:cobble	0
81	-4	-75	default:stone	0
82	-4	-75	default:stone	0
83	-4	-75	default:stone	0
84	-4	-75	default:stone	0
85	-4	-75	default:stone	0
86	-4	-75	default:stone	0
87	-4	-75	default:stone	0
57	-3	-75	default:stone	0
58	-3	-75	default:stone	0
59	-3	-75	default:stone	0
60	-3	-75	default:stone	0
61	-3	-75	default:stone	0
62	-3	-75	default:stone	0
63	-3	-75	default:stone	0
64	-3	-75	default:cobble	0
65	-3	-75	default:stone	0
66	-3	-75	default:stone	0
67	-3	-75	default:stone	0
68	-3	-75	default:stone	0
69	-3	-75	default:stone	0
70	-3	-75	default:stone	0
71	-3	-75	default:stone	0
72	-3	-75	default:stone	0
73	-3	-75	default:stone	0
74	-3	-75	default:stone	0
75	-3	-75	default:stone	0
76	-3	-75	default:stone	0
77	-3	-75	default:stone	0
78	-3	-75	default:stone	0
79	-3	-75	default:stone	0
80	-3	-75	default:cobble	0
81	-3	-75	default:stone	0
82	-3	-75	default:stone	0
83	-3	-75	default:stone	0
84	-3	-75	default:stone	0
85	-3	-75	default:stone	0
86	-3	-75	default:stone	0
87	-3	-75	default:stone	0
57	-2	-75	default:stone	0
58	-2	-75	default:stone	0
59	-2	-75	default:stone	0
60	-2	-75	default:stone	0
61	-2	-75	default:stone	0
62	-2	-75	default:stone	0
63	-2	-75	default:stone	0
64	-2	-75	default:cobble	0
65	-2	-75	default:stone	0
66	-2	-75	default:stone	0
67	-2	-75	default:stone	0
68	-2	-75	default:stone	0
69	-2	-75	default:stone	0
70	-2	-75	default:stone	0
71	-2	-75	default:stone	0
72	-2	-75	default:stone	0
73	-2	-75	default:stone	0
74	-2	-75	default:stone	0
75	-2	-75	default:stone	0
76	-2	-75	default:stone	0
77	-2	-75	default:stone	0
78	-2	-75	default:stone	0
79	-2	-75	default:stone	0
80	-2	-75	default:cobble	0
81	-2	-75	default:stone	0
82	-2	-75	default:stone	0
83	-2	-75	default:stone	0
84	-2	-75	default:stone	0
85	-2	-75	default:stone	0
86	-2	-75	default:stone	0
87	-2	-75	default:stone	0
57	-1	-75	default:stone	0
58	-1	-75	default:stone	0
59	-1	-75	default:stone	0
60	-1	-75	default:stone	0
61	-1	-75	default:stone	0
62	-1	-75	default:stone	0
63	-1	-75	default:stone	0
64	-1	-75	default:cobble	0
65	-1	-75	default:stone	0
66	-1	-75	default:stone	0
67	-1	-75	default:stone	0
68	-1	-75	default:stone	0
69	-1	-75	default:stone	0
70	-1	-75	default:stone	0
71	-1	-75	default:stone	0
72	-1	-75	default:stone	0
73	-1	-75	default:stone	0
74	-1	-75	default:stone	0
75	-1	-75	default:stone	0
76	-1	-75	default:stone	0
77	-1	-75	default:stone	0
78	-1	-75	default:stone	0
79	-1	-75	default:stone	0
80	-1	-75	default:cobble	0
81	-1	-75	default:stone	0
82	-1	-75	default:stone	0
83	-1	-75	default:stone	0
84	-1	-75	default:stone	0
85	-1	-75	default:stone	0
86	-1	-75	default:stone	0
87	-1	-75	default:stone	0
57	0	-75	default:stone	0
58	0	-75	default:stone	0
59	0	-75	default:stone	0
60	0	-75	default:stone	0
61	0	-75	default:stone	0
62	0	-75	default:stone	0
63	0	-75	default:stone	0
64	0	-75	default:cobble	0
65	0	-75	default:stone	0
66	0	-75	default:stone	0
67	0	-75	default:stone	0
68	0	-75	default:stone	0
69	0	-75	default:stone	0
70	0	-75	default:stone	0
71	0	-75	default:stone	0
72	0	-75	default:stone	0
73	0	-75	default:stone	0
74	0	-75	default:stone	0
75	0	-75	default:stone	0
76	0	-75	default:stone	0
77	0	-75	default:stone	0
78	0	-75	default:stone	0
79	0	-75	default:stone	0
80	0	-75	default:cobble	0
81	0	-75	default:stone	0
82	0	-75	default:stone	0
83	0	-75	default:stone	0
84	0	-75	default:stone	0
85	0	-75	default:stone	0
86	0	-75	default:stone	0
87	0	-75	default:stone	0
57	1	-75	default:stone	0
58	1	-75	default:stone	0
59	1	-75	default:stone	0
60	1	-75	default:stone	0
61	1	-75	default:stone	0
62	1	-75	default:stone	0
63	1	-75	default:stone	0
64	1	-75	default:cobble	0
65	1	-75	default:dirt	0
66	1	-75	default:dirt	0
67	1	-75	default:dirt	0
68	1	-75	default:dirt	0
69	1	-75	default:dirt	0
70	1	-75	default:dirt	0
71	1	-75	default:dirt	0
72	1	-75	default:dirt	0
73	1	-75	default:dirt	0
74	1	-75	default:dirt	0
75	1	-75	default:dirt	0
76	1	-75	default:dirt	0
77	1	-75	default:dirt	0
78	1	-75	default:dirt	0
79	1	-75	default:dirt	0
80	1	-75	default:cobble	0
57	2	-75	default:stone	0
58	2	-75	default:stone	0
59	2	-75	default:stone	0
60	2	-75	default:stone	0
61	2	-75	default:stone	0
62	2	-75	default:stone	0
63	2	-75	default:stone	0
64	2	-75	default:brick	0
65	2	-75	default:dirt_with_grass	0
66	2	-75	default:cobble	0
67	2	-75	default:cobble	0
68	2	-75	grug_decor:cottages_straw_ground	0
69	2	-75	grug_decor:cottages_straw_ground	0
70	2	-75	grug_decor:cottages_straw_ground	0
71	2	-75	grug_decor:cottages_straw_ground	0
72	2	-75	default:wood	0
73	2	-75	grug_decor:cottages_straw_ground	0
74	2	-75	grug_decor:cottages_straw_ground	0
75	2	-75	grug_decor:cottages_straw_ground	0
76	2	-75	grug_decor:cottages_straw_ground	0
77	2	-75	default:cobble	0
78	2	-75	default:cobble	0
79	2	-75	default:dirt_with_grass	0
80	2	-75	default:brick	0
67	3	-75	default:tree	0
68	3	-75	default:brick	0
76	3	-75	default:brick	0
77	3	-75	default:tree	0
67	4	-75	default:tree	0
77	4	-75	default:tree	0
67	5	-75	default:tree	0
68	5	-75	default:torch_wall	3
76	5	-75	default:torch_wall	2
77	5	-75	default:tree	0
67	6	-75	default:tree	0
77	6	-75	default:tree	0
67	7	-75	default:tree	0
77	7	-75	default:tree	0
78	7	-75	stairs:stair_wood	3
67	8	-75	grug_decor:cottages_loam	0
77	8	-75	stairs:stair_wood	3
66	9	-75	stairs:stair_wood	1
67	9	-75	grug_decor:cottages_loam	0
76	9	-75	stairs:stair_wood	3
67	10	-75	stairs:stair_wood	1
75	10	-75	stairs:stair_wood	3
68	11	-75	stairs:stair_wood	1
74	11	-75	stairs:stair_wood	3
69	12	-75	stairs:stair_wood	1
73	12	-75	stairs:stair_wood	3
70	13	-75	stairs:slab_wood	0
71	13	-75	stairs:slab_wood	0
72	13	-75	stairs:slab_wood	0
57	-4	-74	default:stone	0
58	-4	-74	default:stone	0
59	-4	-74	default:stone	0
60	-4	-74	default:stone	0
61	-4	-74	default:stone	0
62	-4	-74	default:stone	0
63	-4	-74	default:stone	0
64	-4	-74	default:cobble	0
65	-4	-74	default:stone	0
66	-4	-74	default:stone	0
67	-4	-74	default:stone	0
68	-4	-74	default:stone	0
69	-4	-74	default:stone	0
70	-4	-74	default:stone	0
71	-4	-74	default:stone	0
72	-4	-74	default:stone	0
73	-4	-74	default:stone	0
74	-4	-74	default:stone	0
75	-4	-74	default:stone	0
76	-4	-74	default:stone	0
77	-4	-74	default:stone	0
78	-4	-74	default:stone	0
79	-4	-74	default:stone	0
80	-4	-74	default:cobble	0
81	-4	-74	default:stone	0
82	-4	-74	default:stone	0
83	-4	-74	default:stone	0
84	-4	-74	default:stone	0
85	-4	-74	default:stone	0
86	-4	-74	default:stone	0
87	-4	-74	default:stone	0
57	-3	-74	default:stone	0
58	-3	-74	default:stone	0
59	-3	-74	default:stone	0
60	-3	-74	default:stone	0
61	-3	-74	default:stone	0
62	-3	-74	default:stone	0
63	-3	-74	default:stone	0
64	-3	-74	default:cobble	0
65	-3	-74	default:stone	0
66	-3	-74	default:stone	0
67	-3	-74	default:stone	0
68	-3	-74	default:stone	0
69	-3	-74	default:stone	0
70	-3	-74	default:stone	0
71	-3	-74	default:stone	0
72	-3	-74	default:stone	0
73	-3	-74	default:stone	0
74	-3	-74	default:stone	0
75	-3	-74	default:stone	0
76	-3	-74	default:stone	0
77	-3	-74	default:stone	0
78	-3	-74	default:stone	0
79	-3	-74	default:stone	0
80	-3	-74	default:cobble	0
81	-3	-74	default:stone	0
82	-3	-74	default:stone	0
83	-3	-74	default:stone	0
84	-3	-74	default:stone	0
85	-3	-74	default:stone	0
86	-3	-74	default:stone	0
87	-3	-74	default:stone	0
57	-2	-74	default:stone	0
58	-2	-74	default:stone	0
59	-2	-74	default:stone	0
60	-2	-74	default:stone	0
61	-2	-74	default:stone	0
62	-2	-74	default:stone	0
63	-2	-74	default:stone	0
64	-2	-74	default:cobble	0
65	-2	-74	default:stone	0
66	-2	-74	default:stone	0
67	-2	-74	default:stone	0
68	-2	-74	default:stone	0
69	-2	-74	default:stone	0
70	-2	-74	default:stone	0
71	-2	-74	default:stone	0
72	-2	-74	default:stone	0
73	-2	-74	default:stone	0
74	-2	-74	default:stone	0
75	-2	-74	default:stone	0
76	-2	-74	default:stone	0
77	-2	-74	default:stone	0
78	-2	-74	default:stone	0
79	-2	-74	default:stone	0
80	-2	-74	default:cobble	0
81	-2	-74	default:stone	0
82	-2	-74	default:stone	0
83	-2	-74	default:stone	0
84	-2	-74	default:stone	0
85	-2	-74	default:stone	0
86	-2	-74	default:stone	0
87	-2	-74	default:stone	0
57	-1	-74	default:stone	0
58	-1	-74	default:stone	0
59	-1	-74	default:stone	0
60	-1	-74	default:stone	0
61	-1	-74	default:stone	0
62	-1	-74	default:stone	0
63	-1	-74	default:stone	0
64	-1	-74	default:cobble	0
65	-1	-74	default:stone	0
66	-1	-74	default:stone	0
67	-1	-74	default:stone	0
68	-1	-74	default:stone	0
69	-1	-74	default:stone	0
70	-1	-74	default:stone	0
71	-1	-74	default:stone	0
72	-1	-74	default:stone	0
73	-1	-74	default:stone	0
74	-1	-74	default:stone	0
75	-1	-74	default:stone	0
76	-1	-74	default:stone	0
77	-1	-74	default:stone	0
78	-1	-74	default:stone	0
79	-1	-74	default:stone	0
80	-1	-74	default:cobble	0
81	-1	-74	default:stone	0
82	-1	-74	default:stone	0
83	-1	-74	default:stone	0
84	-1	-74	default:stone	0
85	-1	-74	default:stone	0
86	-1	-74	default:stone	0
87	-1	-74	default:stone	0
57	0	-74	default:stone	0
58	0	-74	default:stone	0
59	0	-74	default:stone	0
60	0	-74	default:stone	0
61	0	-74	default:stone	0
62	0	-74	default:stone	0
63	0	-74	default:stone	0
64	0	-74	default:cobble	0
65	0	-74	default:stone	0
66	0	-74	default:stone	0
67	0	-74	default:stone	0
68	0	-74	default:stone	0
69	0	-74	default:stone	0
70	0	-74	default:stone	0
71	0	-74	default:stone	0
72	0	-74	default:stone	0
73	0	-74	default:stone	0
74	0	-74	default:stone	0
75	0	-74	default:stone	0
76	0	-74	default:stone	0
77	0	-74	default:stone	0
78	0	-74	default:stone	0
79	0	-74	default:stone	0
80	0	-74	default:cobble	0
81	0	-74	default:stone	0
82	0	-74	default:stone	0
83	0	-74	default:stone	0
84	0	-74	default:stone	0
85	0	-74	default:stone	0
86	0	-74	default:stone	0
87	0	-74	default:stone	0
57	1	-74	default:stone	0
58	1	-74	default:stone	0
59	1	-74	default:stone	0
60	1	-74	default:stone	0
61	1	-74	default:stone	0
62	1	-74	default:stone	0
63	1	-74	default:stone	0
64	1	-74	default:cobble	0
65	1	-74	default:dirt	0
66	1	-74	default:dirt	0
67	1	-74	default:dirt	0
68	1	-74	default:dirt	0
69	1	-74	default:dirt	0
70	1	-74	default:dirt	0
71	1	-74	default:dirt	0
72	1	-74	default:dirt	0
73	1	-74	default:dirt	0
74	1	-74	default:dirt	0
75	1	-74	default:dirt	0
76	1	-74	default:dirt	0
77	1	-74	default:dirt	0
78	1	-74	default:dirt	0
79	1	-74	default:dirt	0
80	1	-74	default:cobble	0
57	2	-74	default:stone	0
58	2	-74	default:stone	0
59	2	-74	default:stone	0
60	2	-74	default:stone	0
61	2	-74	default:stone	0
62	2	-74	default:stone	0
63	2	-74	default:stone	0
64	2	-74	default:brick	0
65	2	-74	default:dirt_with_grass	0
66	2	-74	default:cobble	0
67	2	-74	default:cobble	0
68	2	-74	grug_decor:cottages_straw_ground	0
69	2	-74	grug_decor:cottages_straw_ground	0
70	2	-74	grug_decor:cottages_straw_ground	0
71	2	-74	grug_decor:cottages_straw_ground	0
72	2	-74	default:wood	0
73	2	-74	grug_decor:cottages_straw_ground	0
74	2	-74	grug_decor:cottages_straw_ground	0
75	2	-74	grug_decor:cottages_straw_ground	0
76	2	-74	grug_decor:cottages_straw_ground	0
77	2	-74	default:cobble	0
78	2	-74	default:cobble	0
79	2	-74	default:dirt_with_grass	0
80	2	-74	default:brick	0
67	3	-74	default:tree	0
68	3	-74	default:brick	0
76	3	-74	default:brick	0
77	3	-74	default:tree	0
67	4	-74	default:tree	0
77	4	-74	default:tree	0
67	5	-74	default:tree	0
77	5	-74	default:tree	0
67	6	-74	default:tree	0
77	6	-74	default:tree	0
67	7	-74	default:tree	0
77	7	-74	default:tree	0
78	7	-74	stairs:stair_wood	3
67	8	-74	grug_decor:cottages_loam	0
77	8	-74	stairs:stair_wood	3
66	9	-74	stairs:stair_wood	1
67	9	-74	grug_decor:cottages_loam	0
76	9	-74	stairs:stair_wood	3
67	10	-74	stairs:stair_wood	1
75	10	-74	stairs:stair_wood	3
68	11	-74	stairs:stair_wood	1
74	11	-74	stairs:stair_wood	3
69	12	-74	stairs:stair_wood	1
73	12	-74	stairs:stair_wood	3
70	13	-74	stairs:slab_wood	0
71	13	-74	stairs:slab_wood	0
72	13	-74	stairs:slab_wood	0
57	-4	-73	default:stone	0
58	-4	-73	default:stone	0
59	-4	-73	default:stone	0
60	-4	-73	default:stone	0
61	-4	-73	default:stone	0
62	-4	-73	default:stone	0
63	-4	-73	default:stone	0
64	-4	-73	default:cobble	0
65	-4	-73	default:stone	0
66	-4	-73	default:stone	0
67	-4	-73	default:stone	0
68	-4	-73	default:stone	0
69	-4	-73	default:stone	0
70	-4	-73	default:stone	0
71	-4	-73	default:stone	0
72	-4	-73	default:stone	0
73	-4	-73	default:stone	0
74	-4	-73	default:stone	0
75	-4	-73	default:stone	0
76	-4	-73	default:stone	0
77	-4	-73	default:stone	0
78	-4	-73	default:stone	0
79	-4	-73	default:stone	0
80	-4	-73	default:cobble	0
81	-4	-73	default:stone	0
82	-4	-73	default:stone	0
83	-4	-73	default:stone	0
84	-4	-73	default:stone	0
85	-4	-73	default:stone	0
86	-4	-73	default:stone	0
87	-4	-73	default:stone	0
57	-3	-73	default:stone	0
58	-3	-73	default:stone	0
59	-3	-73	default:stone	0
60	-3	-73	default:stone	0
61	-3	-73	default:stone	0
62	-3	-73	default:stone	0
63	-3	-73	default:stone	0
64	-3	-73	default:cobble	0
65	-3	-73	default:stone	0
66	-3	-73	default:stone	0
67	-3	-73	default:stone	0
68	-3	-73	default:stone	0
69	-3	-73	default:stone	0
70	-3	-73	default:stone	0
71	-3	-73	default:stone	0
72	-3	-73	default:stone	0
73	-3	-73	default:stone	0
74	-3	-73	default:stone	0
75	-3	-73	default:stone	0
76	-3	-73	default:stone	0
77	-3	-73	default:stone	0
78	-3	-73	default:stone	0
79	-3	-73	default:stone	0
80	-3	-73	default:cobble	0
81	-3	-73	default:stone	0
82	-3	-73	default:stone	0
83	-3	-73	default:stone	0
84	-3	-73	default:stone	0
85	-3	-73	default:stone	0
86	-3	-73	default:stone	0
87	-3	-73	default:stone	0
57	-2	-73	default:stone	0
58	-2	-73	default:stone	0
59	-2	-73	default:stone	0
60	-2	-73	default:stone	0
61	-2	-73	default:stone	0
62	-2	-73	default:stone	0
63	-2	-73	default:stone	0
64	-2	-73	default:cobble	0
65	-2	-73	default:stone	0
66	-2	-73	default:stone	0
67	-2	-73	default:stone	0
68	-2	-73	default:stone	0
69	-2	-73	default:stone	0
70	-2	-73	default:stone	0
71	-2	-73	default:stone	0
72	-2	-73	default:stone	0
73	-2	-73	default:stone	0
74	-2	-73	default:stone	0
75	-2	-73	default:stone	0
76	-2	-73	default:stone	0
77	-2	-73	default:stone	0
78	-2	-73	default:stone	0
79	-2	-73	default:stone	0
80	-2	-73	default:cobble	0
81	-2	-73	default:stone	0
82	-2	-73	default:stone	0
83	-2	-73	default:stone	0
84	-2	-73	default:stone	0
85	-2	-73	default:stone	0
86	-2	-73	default:stone	0
87	-2	-73	default:stone	0
57	-1	-73	default:stone	0
58	-1	-73	default:stone	0
59	-1	-73	default:stone	0
60	-1	-73	default:stone	0
61	-1	-73	default:stone	0
62	-1	-73	default:stone	0
63	-1	-73	default:stone	0
64	-1	-73	default:cobble	0
65	-1	-73	default:stone	0
66	-1	-73	default:stone	0
67	-1	-73	default:stone	0
68	-1	-73	default:stone	0
69	-1	-73	default:stone	0
70	-1	-73	default:stone	0
71	-1	-73	default:stone	0
72	-1	-73	default:stone	0
73	-1	-73	default:stone	0
74	-1	-73	default:stone	0
75	-1	-73	default:stone	0
76	-1	-73	default:stone	0
77	-1	-73	default:stone	0
78	-1	-73	default:stone	0
79	-1	-73	default:stone	0
80	-1	-73	default:cobble	0
81	-1	-73	default:stone	0
82	-1	-73	default:stone	0
83	-1	-73	default:stone	0
84	-1	-73	default:stone	0
85	-1	-73	default:stone	0
86	-1	-73	default:stone	0
87	-1	-73	default:stone	0
57	0	-73	default:stone	0
58	0	-73	default:stone	0
59	0	-73	default:stone	0
60	0	-73	default:stone	0
61	0	-73	default:stone	0
62	0	-73	default:stone	0
63	0	-73	default:stone	0
64	0	-73	default:cobble	0
65	0	-73	default:stone	0
66	0	-73	default:stone	0
67	0	-73	default:stone	0
68	0	-73	default:stone	0
69	0	-73	default:stone	0
70	0	-73	default:stone	0
71	0	-73	default:stone	0
72	0	-73	default:stone	0
73	0	-73	default:stone	0
74	0	-73	default:stone	0
75	0	-73	default:stone	0
76	0	-73	default:stone	0
77	0	-73	default:stone	0
78	0	-73	default:stone	0
79	0	-73	default:stone	0
80	0	-73	default:cobble	0
81	0	-73	default:stone	0
82	0	-73	default:stone	0
83	0	-73	default:stone	0
84	0	-73	default:stone	0
85	0	-73	default:stone	0
86	0	-73	default:stone	0
87	0	-73	default:stone	0
57	1	-73	default:stone	0
58	1	-73	default:stone	0
59	1	-73	default:stone	0
60	1	-73	default:stone	0
61	1	-73	default:stone	0
62	1	-73	default:stone	0
63	1	-73	default:stone	0
64	1	-73	default:cobble	0
65	1	-73	default:dirt	0
66	1	-73	default:dirt	0
67	1	-73	default:dirt	0
68	1	-73	default:dirt	0
69	1	-73	default:dirt	0
70	1	-73	default:dirt	0
71	1	-73	default:dirt	0
72	1	-73	default:dirt	0
73	1	-73	default:dirt	0
74	1	-73	default:dirt	0
75	1	-73	default:dirt	0
76	1	-73	default:dirt	0
77	1	-73	default:dirt	0
78	1	-73	default:dirt	0
79	1	-73	default:dirt	0
80	1	-73	default:cobble	0
57	2	-73	default:stone	0
58	2	-73	default:stone	0
59	2	-73	default:stone	0
60	2	-73	default:stone	0
61	2	-73	default:stone	0
62	2	-73	default:stone	0
63	2	-73	default:stone	0
64	2	-73	default:brick	0
65	2	-73	default:dirt_with_grass	0
66	2	-73	default:cobble	0
67	2	-73	default:cobble	0
68	2	-73	grug_decor:cottages_straw_ground	0
69	2	-73	grug_decor:cottages_straw_ground	0
70	2	-73	grug_decor:cottages_straw_ground	0
71	2	-73	grug_decor:cottages_straw_ground	0
72	2	-73	default:wood	0
73	2	-73	grug_decor:cottages_straw_ground	0
74	2	-73	grug_decor:cottages_straw_ground	0
75	2	-73	grug_decor:cottages_straw_ground	0
76	2	-73	grug_decor:cottages_straw_ground	0
77	2	-73	default:cobble	0
78	2	-73	default:cobble	0
79	2	-73	default:dirt_with_grass	0
80	2	-73	default:brick	0
67	3	-73	default:brick	0
68	3	-73	default:brick	0
76	3	-73	default:brick	0
77	3	-73	default:brick	0
67	4	-73	xpanes:pane_flat	3
77	4	-73	xpanes:pane_flat	3
67	5	-73	xpanes:pane_flat	3
77	5	-73	xpanes:pane_flat	3
67	6	-73	default:tree	0
77	6	-73	default:tree	0
67	7	-73	default:tree	0
77	7	-73	default:tree	0
78	7	-73	stairs:stair_wood	3
67	8	-73	default:tree	0
77	8	-73	stairs:stair_wood	3
66	9	-73	stairs:stair_wood	1
67	9	-73	default:tree	0
76	9	-73	stairs:stair_wood	3
67	10	-73	stairs:stair_wood	1
75	10	-73	stairs:stair_wood	3
68	11	-73	stairs:stair_wood	1
74	11	-73	stairs:stair_wood	3
69	12	-73	stairs:stair_wood	1
73	12	-73	stairs:stair_wood	3
70	13	-73	stairs:slab_wood	0
71	13	-73	stairs:slab_wood	0
72	13	-73	stairs:slab_wood	0
57	-4	-72	default:stone	0
58	-4	-72	default:stone	0
59	-4	-72	default:stone	0
60	-4	-72	default:stone	0
61	-4	-72	default:stone	0
62	-4	-72	default:stone	0
63	-4	-72	default:stone	0
64	-4	-72	default:cobble	0
65	-4	-72	default:stone	0
66	-4	-72	default:stone	0
67	-4	-72	default:stone	0
68	-4	-72	default:stone	0
69	-4	-72	default:stone	0
70	-4	-72	default:stone	0
71	-4	-72	default:stone	0
72	-4	-72	default:stone	0
73	-4	-72	default:stone	0
74	-4	-72	default:stone	0
75	-4	-72	default:stone	0
76	-4	-72	default:stone	0
77	-4	-72	default:stone	0
78	-4	-72	default:stone	0
79	-4	-72	default:stone	0
80	-4	-72	default:cobble	0
81	-4	-72	default:stone	0
82	-4	-72	default:stone	0
83	-4	-72	default:stone	0
84	-4	-72	default:stone	0
85	-4	-72	default:stone	0
86	-4	-72	default:stone	0
87	-4	-72	default:stone	0
57	-3	-72	default:stone	0
58	-3	-72	default:stone	0
59	-3	-72	default:stone	0
60	-3	-72	default:stone	0
61	-3	-72	default:stone	0
62	-3	-72	default:gravel	0
63	-3	-72	default:stone	0
64	-3	-72	default:cobble	0
65	-3	-72	default:stone	0
66	-3	-72	default:stone	0
67	-3	-72	default:stone	0
68	-3	-72	default:stone	0
69	-3	-72	default:stone	0
70	-3	-72	default:stone	0
71	-3	-72	default:stone	0
72	-3	-72	default:stone	0
73	-3	-72	default:stone	0
74	-3	-72	default:stone	0
75	-3	-72	default:stone	0
76	-3	-72	default:stone	0
77	-3	-72	default:stone	0
78	-3	-72	default:stone	0
79	-3	-72	default:stone	0
80	-3	-72	default:cobble	0
81	-3	-72	default:stone	0
82	-3	-72	default:stone	0
83	-3	-72	default:stone	0
84	-3	-72	default:stone	0
85	-3	-72	default:stone	0
86	-3	-72	default:stone	0
87	-3	-72	default:stone	0
57	-2	-72	default:stone	0
58	-2	-72	default:stone	0
59	-2	-72	default:stone	0
60	-2	-72	default:stone	0
61	-2	-72	default:stone	0
62	-2	-72	default:stone	0
63	-2	-72	default:stone	0
64	-2	-72	default:cobble	0
65	-2	-72	default:stone	0
66	-2	-72	default:stone	0
67	-2	-72	default:stone	0
68	-2	-72	default:stone	0
69	-2	-72	default:stone	0
70	-2	-72	default:stone	0
71	-2	-72	default:stone	0
72	-2	-72	default:stone	0
73	-2	-72	default:stone	0
74	-2	-72	default:stone	0
75	-2	-72	default:stone	0
76	-2	-72	default:stone	0
77	-2	-72	default:stone	0
78	-2	-72	default:stone	0
79	-2	-72	default:stone	0
80	-2	-72	default:cobble	0
81	-2	-72	default:stone	0
82	-2	-72	default:stone	0
83	-2	-72	default:stone	0
84	-2	-72	default:stone	0
85	-2	-72	default:stone	0
86	-2	-72	default:stone	0
87	-2	-72	default:stone	0
57	-1	-72	default:stone	0
58	-1	-72	default:stone	0
59	-1	-72	default:stone	0
60	-1	-72	default:stone	0
61	-1	-72	default:stone	0
62	-1	-72	default:stone	0
63	-1	-72	default:stone	0
64	-1	-72	default:cobble	0
65	-1	-72	default:stone	0
66	-1	-72	default:stone	0
67	-1	-72	default:stone	0
68	-1	-72	default:stone	0
69	-1	-72	default:stone	0
70	-1	-72	default:stone	0
71	-1	-72	default:stone	0
72	-1	-72	default:stone	0
73	-1	-72	default:stone	0
74	-1	-72	default:stone	0
75	-1	-72	default:stone	0
76	-1	-72	default:stone	0
77	-1	-72	default:stone	0
78	-1	-72	default:stone	0
79	-1	-72	default:stone	0
80	-1	-72	default:cobble	0
81	-1	-72	default:stone	0
82	-1	-72	default:stone	0
83	-1	-72	default:stone	0
84	-1	-72	default:stone	0
85	-1	-72	default:stone	0
86	-1	-72	default:stone	0
87	-1	-72	default:stone	0
57	0	-72	default:stone	0
58	0	-72	default:stone	0
59	0	-72	default:stone	0
60	0	-72	default:stone	0
61	0	-72	default:stone	0
62	0	-72	default:stone	0
63	0	-72	default:stone	0
64	0	-72	default:cobble	0
65	0	-72	default:stone	0
66	0	-72	default:stone	0
67	0	-72	default:stone	0
68	0	-72	default:stone	0
69	0	-72	default:stone	0
70	0	-72	default:stone	0
71	0	-72	default:stone	0
72	0	-72	default:stone	0
73	0	-72	default:stone	0
74	0	-72	default:stone	0
75	0	-72	default:stone	0
76	0	-72	default:stone	0
77	0	-72	default:stone	0
78	0	-72	default:stone	0
79	0	-72	default:stone	0
80	0	-72	default:cobble	0
81	0	-72	default:stone	0
82	0	-72	default:stone	0
83	0	-72	default:stone	0
84	0	-72	default:stone	0
85	0	-72	default:stone	0
86	0	-72	default:stone	0
87	0	-72	default:stone	0
57	1	-72	default:stone	0
58	1	-72	default:stone	0
59	1	-72	default:stone	0
60	1	-72	default:stone	0
61	1	-72	default:stone	0
62	1	-72	default:stone	0
63	1	-72	default:stone	0
64	1	-72	default:cobble	0
65	1	-72	default:dirt	0
66	1	-72	default:dirt	0
67	1	-72	default:dirt	0
68	1	-72	default:dirt	0
69	1	-72	default:dirt	0
70	1	-72	default:dirt	0
71	1	-72	default:dirt	0
72	1	-72	default:dirt	0
73	1	-72	default:dirt	0
74	1	-72	default:dirt	0
75	1	-72	default:dirt	0
76	1	-72	default:dirt	0
77	1	-72	default:dirt	0
78	1	-72	default:dirt	0
79	1	-72	default:dirt	0
80	1	-72	default:cobble	0
57	2	-72	default:stone	0
58	2	-72	default:stone	0
59	2	-72	default:stone	0
60	2	-72	default:stone	0
61	2	-72	default:stone	0
62	2	-72	default:stone	0
63	2	-72	default:stone	0
64	2	-72	default:brick	0
65	2	-72	default:dirt_with_grass	0
66	2	-72	default:cobble	0
67	2	-72	default:cobble	0
68	2	-72	grug_decor:cottages_straw_ground	0
69	2	-72	grug_decor:cottages_straw_ground	0
70	2	-72	grug_decor:cottages_straw_ground	0
71	2	-72	grug_decor:cottages_straw_ground	0
72	2	-72	default:wood	0
73	2	-72	grug_decor:cottages_straw_ground	0
74	2	-72	grug_decor:cottages_straw_ground	0
75	2	-72	grug_decor:cottages_straw_ground	0
76	2	-72	grug_decor:cottages_straw_ground	0
77	2	-72	default:cobble	0
78	2	-72	default:cobble	0
79	2	-72	default:dirt_with_grass	0
80	2	-72	default:brick	0
67	3	-72	default:brick	0
68	3	-72	default:brick	0
76	3	-72	default:brick	0
77	3	-72	default:brick	0
67	4	-72	xpanes:pane_flat	3
77	4	-72	xpanes:pane_flat	3
67	5	-72	xpanes:pane_flat	3
77	5	-72	xpanes:pane_flat	3
67	6	-72	grug_decor:cottages_loam	0
77	6	-72	grug_decor:cottages_loam	0
67	7	-72	grug_decor:cottages_loam	0
77	7	-72	grug_decor:cottages_loam	0
78	7	-72	stairs:stair_wood	3
67	8	-72	grug_decor:cottages_loam	0
77	8	-72	stairs:stair_wood	3
66	9	-72	stairs:stair_wood	1
67	9	-72	grug_decor:cottages_loam	0
76	9	-72	stairs:stair_wood	3
67	10	-72	stairs:stair_wood	1
75	10	-72	stairs:stair_wood	3
68	11	-72	stairs:stair_wood	1
74	11	-72	stairs:stair_wood	3
69	12	-72	stairs:stair_wood	1
73	12	-72	stairs:stair_wood	3
70	13	-72	stairs:slab_wood	0
71	13	-72	stairs:slab_wood	0
72	13	-72	stairs:slab_wood	0
57	-4	-71	default:stone	0
58	-4	-71	default:stone	0
59	-4	-71	default:stone	0
60	-4	-71	default:stone	0
61	-4	-71	default:stone	0
62	-4	-71	default:stone	0
63	-4	-71	default:stone	0
64	-4	-71	default:cobble	0
65	-4	-71	default:stone	0
66	-4	-71	default:stone	0
67	-4	-71	default:stone	0
68	-4	-71	default:stone	0
69	-4	-71	default:stone	0
70	-4	-71	default:stone	0
71	-4	-71	default:stone	0
72	-4	-71	default:stone	0
73	-4	-71	default:stone	0
74	-4	-71	default:stone	0
75	-4	-71	default:stone	0
76	-4	-71	default:stone	0
77	-4	-71	default:stone	0
78	-4	-71	default:stone	0
79	-4	-71	default:stone	0
80	-4	-71	default:cobble	0
81	-4	-71	default:stone	0
82	-4	-71	default:stone	0
83	-4	-71	default:stone	0
84	-4	-71	default:stone	0
85	-4	-71	default:stone	0
86	-4	-71	default:stone	0
87	-4	-71	default:stone	0
57	-3	-71	default:stone	0
58	-3	-71	default:stone	0
59	-3	-71	default:stone	0
60	-3	-71	default:stone	0
61	-3	-71	default:stone	0
62	-3	-71	default:stone	0
63	-3	-71	default:stone	0
64	-3	-71	default:cobble	0
65	-3	-71	default:stone	0
66	-3	-71	default:stone	0
67	-3	-71	default:stone	0
68	-3	-71	default:stone	0
69	-3	-71	default:stone	0
70	-3	-71	default:stone	0
71	-3	-71	default:stone	0
72	-3	-71	default:stone	0
73	-3	-71	default:stone	0
74	-3	-71	default:stone	0
75	-3	-71	default:stone	0
76	-3	-71	default:stone	0
77	-3	-71	default:stone	0
78	-3	-71	default:stone	0
79	-3	-71	default:stone	0
80	-3	-71	default:cobble	0
81	-3	-71	default:stone	0
82	-3	-71	default:stone	0
83	-3	-71	default:stone	0
84	-3	-71	default:stone	0
85	-3	-71	default:stone	0
86	-3	-71	default:stone	0
87	-3	-71	default:stone	0
57	-2	-71	default:stone	0
58	-2	-71	default:stone	0
59	-2	-71	default:stone	0
60	-2	-71	default:stone	0
61	-2	-71	default:stone	0
62	-2	-71	default:stone	0
63	-2	-71	default:stone	0
64	-2	-71	default:cobble	0
65	-2	-71	default:stone	0
66	-2	-71	default:stone	0
67	-2	-71	default:stone	0
68	-2	-71	default:stone	0
69	-2	-71	default:stone	0
70	-2	-71	default:stone	0
71	-2	-71	default:stone	0
72	-2	-71	default:stone	0
73	-2	-71	default:stone	0
74	-2	-71	default:stone	0
75	-2	-71	default:stone	0
76	-2	-71	default:stone	0
77	-2	-71	default:stone	0
78	-2	-71	default:stone	0
79	-2	-71	default:stone	0
80	-2	-71	default:cobble	0
81	-2	-71	default:stone	0
82	-2	-71	default:stone	0
83	-2	-71	default:stone	0
84	-2	-71	default:stone	0
85	-2	-71	default:stone	0
86	-2	-71	default:stone	0
87	-2	-71	default:stone	0
57	-1	-71	default:stone	0
58	-1	-71	default:stone	0
59	-1	-71	default:stone	0
60	-1	-71	default:stone	0
61	-1	-71	default:stone	0
62	-1	-71	default:stone	0
63	-1	-71	default:stone	0
64	-1	-71	default:cobble	0
65	-1	-71	default:stone	0
66	-1	-71	default:stone	0
67	-1	-71	default:stone	0
68	-1	-71	default:stone	0
69	-1	-71	default:stone	0
70	-1	-71	default:stone	0
71	-1	-71	default:stone	0
72	-1	-71	default:stone	0
73	-1	-71	default:stone	0
74	-1	-71	default:stone	0
75	-1	-71	default:stone	0
76	-1	-71	default:stone	0
77	-1	-71	default:stone	0
78	-1	-71	default:stone	0
79	-1	-71	default:stone	0
80	-1	-71	default:cobble	0
81	-1	-71	default:stone	0
82	-1	-71	default:stone	0
83	-1	-71	default:stone	0
84	-1	-71	default:stone	0
85	-1	-71	default:stone	0
86	-1	-71	default:stone	0
87	-1	-71	default:stone	0
57	0	-71	default:stone	0
58	0	-71	default:stone	0
59	0	-71	default:stone	0
60	0	-71	default:stone	0
61	0	-71	default:stone	0
62	0	-71	default:stone	0
63	0	-71	default:stone	0
64	0	-71	default:cobble	0
65	0	-71	default:stone	0
66	0	-71	default:stone	0
67	0	-71	default:stone	0
68	0	-71	default:stone	0
69	0	-71	default:stone	0
70	0	-71	default:stone	0
71	0	-71	default:stone	0
72	0	-71	default:stone	0
73	0	-71	default:stone	0
74	0	-71	default:stone	0
75	0	-71	default:stone	0
76	0	-71	default:stone	0
77	0	-71	default:stone	0
78	0	-71	default:stone	0
79	0	-71	default:stone	0
80	0	-71	default:cobble	0
81	0	-71	default:stone	0
82	0	-71	default:stone	0
83	0	-71	default:stone	0
84	0	-71	default:stone	0
85	0	-71	default:stone	0
86	0	-71	default:stone	0
87	0	-71	default:stone	0
57	1	-71	default:stone	0
58	1	-71	default:stone	0
59	1	-71	default:stone	0
60	1	-71	default:stone	0
61	1	-71	default:stone	0
62	1	-71	default:stone	0
63	1	-71	default:stone	0
64	1	-71	default:cobble	0
65	1	-71	default:dirt	0
66	1	-71	default:dirt	0
67	1	-71	default:dirt	0
68	1	-71	default:dirt	0
69	1	-71	default:dirt	0
70	1	-71	default:dirt	0
71	1	-71	default:dirt	0
72	1	-71	default:dirt	0
73	1	-71	default:dirt	0
74	1	-71	default:dirt	0
75	1	-71	default:dirt	0
76	1	-71	default:dirt	0
77	1	-71	default:dirt	0
78	1	-71	default:dirt	0
79	1	-71	default:dirt	0
80	1	-71	default:cobble	0
57	2	-71	default:stone	0
58	2	-71	default:stone	0
59	2	-71	default:stone	0
60	2	-71	default:stone	0
61	2	-71	default:stone	0
62	2	-71	default:stone	0
63	2	-71	default:stone	0
64	2	-71	default:brick	0
65	2	-71	default:dirt_with_grass	0
66	2	-71	default:cobble	0
67	2	-71	default:cobble	0
68	2	-71	grug_decor:cottages_straw_ground	0
69	2	-71	grug_decor:cottages_straw_ground	0
70	2	-71	grug_decor:cottages_straw_ground	0
71	2	-71	grug_decor:cottages_straw_ground	0
72	2	-71	default:wood	0
73	2	-71	grug_decor:cottages_straw_ground	0
74	2	-71	grug_decor:cottages_straw_ground	0
75	2	-71	grug_decor:cottages_straw_ground	0
76	2	-71	grug_decor:cottages_straw_ground	0
77	2	-71	default:cobble	0
78	2	-71	default:cobble	0
79	2	-71	default:dirt_with_grass	0
80	2	-71	default:brick	0
67	3	-71	default:tree	0
68	3	-71	default:brick	0
76	3	-71	default:brick	0
77	3	-71	default:tree	0
67	4	-71	default:tree	0
77	4	-71	default:tree	0
67	5	-71	default:tree	0
77	5	-71	default:tree	0
67	6	-71	default:tree	0
77	6	-71	default:tree	0
67	7	-71	default:tree	0
77	7	-71	default:tree	0
78	7	-71	stairs:stair_wood	3
67	8	-71	grug_decor:cottages_loam	0
77	8	-71	stairs:stair_wood	3
66	9	-71	stairs:stair_wood	1
67	9	-71	grug_decor:cottages_loam	0
76	9	-71	stairs:stair_wood	3
67	10	-71	stairs:stair_wood	1
75	10	-71	stairs:stair_wood	3
68	11	-71	stairs:stair_wood	1
74	11	-71	stairs:stair_wood	3
69	12	-71	stairs:stair_wood	1
73	12	-71	stairs:stair_wood	3
70	13	-71	stairs:slab_wood	0
71	13	-71	stairs:slab_wood	0
72	13	-71	stairs:slab_wood	0
57	-4	-70	default:stone	0
58	-4	-70	default:stone	0
59	-4	-70	default:stone	0
60	-4	-70	default:stone	0
61	-4	-70	default:stone	0
62	-4	-70	default:stone	0
63	-4	-70	default:stone	0
64	-4	-70	default:cobble	0
65	-4	-70	default:stone	0
66	-4	-70	default:stone	0
67	-4	-70	default:stone	0
68	-4	-70	default:stone	0
69	-4	-70	default:stone	0
70	-4	-70	default:stone	0
71	-4	-70	default:stone	0
72	-4	-70	default:stone	0
73	-4	-70	default:stone	0
74	-4	-70	default:stone	0
75	-4	-70	default:stone	0
76	-4	-70	default:stone	0
77	-4	-70	default:stone	0
78	-4	-70	default:stone	0
79	-4	-70	default:stone	0
80	-4	-70	default:cobble	0
81	-4	-70	default:stone	0
82	-4	-70	default:stone	0
83	-4	-70	default:stone	0
84	-4	-70	default:stone	0
85	-4	-70	default:stone	0
86	-4	-70	default:stone	0
87	-4	-70	default:stone	0
57	-3	-70	default:stone	0
58	-3	-70	default:stone	0
59	-3	-70	default:stone	0
60	-3	-70	default:stone	0
61	-3	-70	default:stone	0
62	-3	-70	default:stone	0
63	-3	-70	default:stone	0
64	-3	-70	default:cobble	0
65	-3	-70	default:stone	0
66	-3	-70	default:stone	0
67	-3	-70	default:stone	0
68	-3	-70	default:stone	0
69	-3	-70	default:stone	0
70	-3	-70	default:stone	0
71	-3	-70	default:stone	0
72	-3	-70	default:stone	0
73	-3	-70	default:stone	0
74	-3	-70	default:stone	0
75	-3	-70	default:stone	0
76	-3	-70	default:stone	0
77	-3	-70	default:stone	0
78	-3	-70	default:stone	0
79	-3	-70	default:stone	0
80	-3	-70	default:cobble	0
81	-3	-70	default:stone	0
82	-3	-70	default:stone	0
83	-3	-70	default:stone	0
84	-3	-70	default:stone	0
85	-3	-70	default:stone	0
86	-3	-70	default:stone	0
87	-3	-70	default:stone	0
57	-2	-70	default:stone	0
58	-2	-70	default:stone	0
59	-2	-70	default:stone	0
60	-2	-70	default:stone	0
61	-2	-70	default:stone	0
62	-2	-70	default:stone	0
63	-2	-70	default:stone	0
64	-2	-70	default:cobble	0
65	-2	-70	default:stone	0
66	-2	-70	default:stone	0
67	-2	-70	default:stone	0
68	-2	-70	default:stone	0
69	-2	-70	default:stone	0
70	-2	-70	default:stone	0
71	-2	-70	default:stone	0
72	-2	-70	default:stone	0
73	-2	-70	default:stone	0
74	-2	-70	default:stone	0
75	-2	-70	default:stone	0
76	-2	-70	default:stone	0
77	-2	-70	default:stone	0
78	-2	-70	default:stone	0
79	-2	-70	default:stone	0
80	-2	-70	default:cobble	0
81	-2	-70	default:stone	0
82	-2	-70	default:stone	0
83	-2	-70	default:stone	0
84	-2	-70	default:stone	0
85	-2	-70	default:stone	0
86	-2	-70	default:stone	0
87	-2	-70	default:stone	0
57	-1	-70	default:stone	0
58	-1	-70	default:stone	0
59	-1	-70	default:stone	0
60	-1	-70	default:stone	0
61	-1	-70	default:stone	0
62	-1	-70	default:stone	0
63	-1	-70	default:stone	0
64	-1	-70	default:cobble	0
65	-1	-70	default:stone	0
66	-1	-70	default:stone	0
67	-1	-70	default:stone	0
68	-1	-70	default:stone	0
69	-1	-70	default:stone	0
70	-1	-70	default:stone	0
71	-1	-70	default:stone	0
72	-1	-70	default:stone	0
73	-1	-70	default:stone	0
74	-1	-70	default:stone	0
75	-1	-70	default:stone	0
76	-1	-70	default:stone	0
77	-1	-70	default:stone	0
78	-1	-70	default:stone	0
79	-1	-70	default:stone	0
80	-1	-70	default:cobble	0
81	-1	-70	default:stone	0
82	-1	-70	default:stone	0
83	-1	-70	default:stone	0
84	-1	-70	default:stone	0
85	-1	-70	default:stone	0
86	-1	-70	default:stone	0
87	-1	-70	default:stone	0
57	0	-70	default:stone	0
58	0	-70	default:stone	0
59	0	-70	default:stone	0
60	0	-70	default:stone	0
61	0	-70	default:stone	0
62	0	-70	default:stone	0
63	0	-70	default:stone	0
64	0	-70	default:cobble	0
65	0	-70	default:stone	0
66	0	-70	default:stone	0
67	0	-70	default:stone	0
68	0	-70	default:stone	0
69	0	-70	default:stone	0
70	0	-70	default:stone	0
71	0	-70	default:stone	0
72	0	-70	default:stone	0
73	0	-70	default:stone	0
74	0	-70	default:stone	0
75	0	-70	default:stone	0
76	0	-70	default:stone	0
77	0	-70	default:stone	0
78	0	-70	default:stone	0
79	0	-70	default:stone	0
80	0	-70	default:cobble	0
81	0	-70	default:stone	0
82	0	-70	default:stone	0
83	0	-70	default:stone	0
84	0	-70	default:stone	0
85	0	-70	default:stone	0
86	0	-70	default:stone	0
87	0	-70	default:stone	0
57	1	-70	default:stone	0
58	1	-70	default:stone	0
59	1	-70	default:stone	0
60	1	-70	default:stone	0
61	1	-70	default:stone	0
62	1	-70	default:stone	0
63	1	-70	default:stone	0
64	1	-70	default:cobble	0
65	1	-70	default:dirt	0
66	1	-70	default:dirt	0
67	1	-70	default:dirt	0
68	1	-70	default:dirt	0
69	1	-70	default:dirt	0
70	1	-70	default:dirt	0
71	1	-70	default:dirt	0
72	1	-70	default:dirt	0
73	1	-70	default:dirt	0
74	1	-70	default:dirt	0
75	1	-70	default:dirt	0
76	1	-70	default:dirt	0
77	1	-70	default:dirt	0
78	1	-70	default:dirt	0
79	1	-70	default:dirt	0
80	1	-70	default:cobble	0
57	2	-70	default:stone	0
58	2	-70	default:stone	0
59	2	-70	default:stone	0
60	2	-70	default:stone	0
61	2	-70	default:stone	0
62	2	-70	default:stone	0
63	2	-70	default:stone	0
64	2	-70	default:brick	0
65	2	-70	default:dirt_with_grass	0
66	2	-70	default:cobble	0
67	2	-70	default:cobble	0
68	2	-70	grug_decor:cottages_straw_ground	0
69	2	-70	grug_decor:cottages_straw_ground	0
70	2	-70	grug_decor:cottages_straw_ground	0
71	2	-70	grug_decor:cottages_straw_ground	0
72	2	-70	default:wood	0
73	2	-70	grug_decor:cottages_straw_ground	0
74	2	-70	grug_decor:cottages_straw_ground	0
75	2	-70	grug_decor:cottages_straw_ground	0
76	2	-70	grug_decor:cottages_straw_ground	0
77	2	-70	default:cobble	0
78	2	-70	default:cobble	0
79	2	-70	default:dirt_with_grass	0
80	2	-70	default:brick	0
67	3	-70	default:tree	0
68	3	-70	default:brick	0
76	3	-70	default:brick	0
77	3	-70	default:tree	0
67	4	-70	default:tree	0
77	4	-70	default:tree	0
67	5	-70	default:tree	0
77	5	-70	default:tree	0
67	6	-70	default:tree	0
77	6	-70	default:tree	0
67	7	-70	default:tree	0
77	7	-70	default:tree	0
78	7	-70	stairs:stair_wood	3
67	8	-70	default:tree	0
77	8	-70	stairs:stair_wood	3
66	9	-70	stairs:stair_wood	1
67	9	-70	default:tree	0
76	9	-70	stairs:stair_wood	3
67	10	-70	stairs:stair_wood	1
75	10	-70	stairs:stair_wood	3
68	11	-70	stairs:stair_wood	1
74	11	-70	stairs:stair_wood	3
69	12	-70	stairs:stair_wood	1
73	12	-70	stairs:stair_wood	3
70	13	-70	stairs:slab_wood	0
71	13	-70	stairs:slab_wood	0
72	13	-70	stairs:slab_wood	0
57	-4	-69	default:stone	0
58	-4	-69	default:stone	0
59	-4	-69	default:stone	0
60	-4	-69	default:stone	0
61	-4	-69	default:stone	0
62	-4	-69	default:stone	0
63	-4	-69	default:stone	0
64	-4	-69	default:cobble	0
65	-4	-69	default:stone	0
66	-4	-69	default:stone	0
67	-4	-69	default:stone	0
68	-4	-69	default:stone	0
69	-4	-69	default:stone	0
70	-4	-69	default:stone	0
71	-4	-69	default:stone	0
72	-4	-69	default:stone	0
73	-4	-69	default:stone	0
74	-4	-69	default:stone	0
75	-4	-69	default:stone	0
76	-4	-69	default:stone	0
77	-4	-69	default:stone	0
78	-4	-69	default:stone	0
79	-4	-69	default:stone	0
80	-4	-69	default:cobble	0
81	-4	-69	default:stone	0
82	-4	-69	default:stone	0
83	-4	-69	default:stone	0
84	-4	-69	default:stone	0
85	-4	-69	default:stone	0
86	-4	-69	default:stone	0
87	-4	-69	default:stone	0
57	-3	-69	default:stone	0
58	-3	-69	default:stone	0
59	-3	-69	default:stone	0
60	-3	-69	default:stone	0
61	-3	-69	default:stone	0
62	-3	-69	default:stone	0
63	-3	-69	default:stone	0
64	-3	-69	default:cobble	0
65	-3	-69	default:stone	0
66	-3	-69	default:stone	0
67	-3	-69	default:stone	0
68	-3	-69	default:stone	0
69	-3	-69	default:stone	0
70	-3	-69	default:stone	0
71	-3	-69	default:stone	0
72	-3	-69	default:stone	0
73	-3	-69	default:stone	0
74	-3	-69	default:stone	0
75	-3	-69	default:stone	0
76	-3	-69	default:stone	0
77	-3	-69	default:stone	0
78	-3	-69	default:stone	0
79	-3	-69	default:stone	0
80	-3	-69	default:cobble	0
81	-3	-69	default:stone	0
82	-3	-69	default:stone	0
83	-3	-69	default:stone	0
84	-3	-69	default:stone	0
85	-3	-69	default:stone	0
86	-3	-69	default:stone	0
87	-3	-69	default:stone	0
57	-2	-69	default:stone	0
58	-2	-69	default:stone	0
59	-2	-69	default:stone	0
60	-2	-69	default:stone	0
61	-2	-69	default:stone	0
62	-2	-69	default:stone	0
63	-2	-69	default:stone	0
64	-2	-69	default:cobble	0
65	-2	-69	default:stone	0
66	-2	-69	default:stone	0
67	-2	-69	default:stone	0
68	-2	-69	default:stone	0
69	-2	-69	default:stone	0
70	-2	-69	default:stone	0
71	-2	-69	default:stone	0
72	-2	-69	default:stone	0
73	-2	-69	default:stone	0
74	-2	-69	default:stone	0
75	-2	-69	default:stone	0
76	-2	-69	default:stone	0
77	-2	-69	default:stone	0
78	-2	-69	default:stone	0
79	-2	-69	default:stone	0
80	-2	-69	default:cobble	0
81	-2	-69	default:stone	0
82	-2	-69	default:stone	0
83	-2	-69	default:stone	0
84	-2	-69	default:stone	0
85	-2	-69	default:stone	0
86	-2	-69	default:stone	0
87	-2	-69	default:stone	0
57	-1	-69	default:stone	0
58	-1	-69	default:stone	0
59	-1	-69	default:stone	0
60	-1	-69	default:stone	0
61	-1	-69	default:stone	0
62	-1	-69	default:stone	0
63	-1	-69	default:stone	0
64	-1	-69	default:cobble	0
65	-1	-69	default:stone	0
66	-1	-69	default:stone	0
67	-1	-69	default:stone	0
68	-1	-69	default:stone	0
69	-1	-69	default:stone	0
70	-1	-69	default:stone	0
71	-1	-69	default:stone	0
72	-1	-69	default:stone	0
73	-1	-69	default:stone	0
74	-1	-69	default:stone	0
75	-1	-69	default:stone	0
76	-1	-69	default:stone	0
77	-1	-69	default:stone	0
78	-1	-69	default:stone	0
79	-1	-69	default:stone	0
80	-1	-69	default:cobble	0
81	-1	-69	default:stone	0
82	-1	-69	default:stone	0
83	-1	-69	default:stone	0
84	-1	-69	default:stone	0
85	-1	-69	default:stone	0
86	-1	-69	default:stone	0
87	-1	-69	default:stone	0
57	0	-69	default:stone	0
58	0	-69	default:stone	0
59	0	-69	default:stone	0
60	0	-69	default:stone	0
61	0	-69	default:stone	0
62	0	-69	default:stone	0
63	0	-69	default:stone	0
64	0	-69	default:cobble	0
65	0	-69	default:stone	0
66	0	-69	default:stone	0
67	0	-69	default:stone	0
68	0	-69	default:stone	0
69	0	-69	default:stone	0
70	0	-69	default:stone	0
71	0	-69	default:stone	0
72	0	-69	default:stone	0
73	0	-69	default:stone	0
74	0	-69	default:stone	0
75	0	-69	default:stone	0
76	0	-69	default:stone	0
77	0	-69	default:stone	0
78	0	-69	default:stone	0
79	0	-69	default:stone	0
80	0	-69	default:cobble	0
81	0	-69	default:stone	0
82	0	-69	default:stone	0
83	0	-69	default:stone	0
84	0	-69	default:stone	0
85	0	-69	default:stone	0
86	0	-69	default:stone	0
87	0	-69	default:stone	0
57	1	-69	default:stone	0
58	1	-69	default:stone	0
59	1	-69	default:stone	0
60	1	-69	default:stone	0
61	1	-69	default:stone	0
62	1	-69	default:stone	0
63	1	-69	default:stone	0
64	1	-69	default:cobble	0
65	1	-69	default:dirt	0
66	1	-69	default:dirt	0
67	1	-69	default:dirt	0
68	1	-69	default:dirt	0
69	1	-69	default:dirt	0
70	1	-69	default:dirt	0
71	1	-69	default:dirt	0
72	1	-69	default:dirt	0
73	1	-69	default:dirt	0
74	1	-69	default:dirt	0
75	1	-69	default:dirt	0
76	1	-69	default:dirt	0
77	1	-69	default:dirt	0
78	1	-69	default:dirt	0
79	1	-69	default:dirt	0
80	1	-69	default:cobble	0
57	2	-69	default:stone	0
58	2	-69	default:stone	0
59	2	-69	default:stone	0
60	2	-69	default:stone	0
61	2	-69	default:stone	0
62	2	-69	default:stone	0
63	2	-69	default:stone	0
64	2	-69	default:brick	0
65	2	-69	default:dirt_with_grass	0
66	2	-69	default:cobble	0
67	2	-69	default:cobble	0
68	2	-69	grug_decor:cottages_straw_ground	0
69	2	-69	grug_decor:cottages_straw_ground	0
70	2	-69	grug_decor:cottages_straw_ground	0
71	2	-69	grug_decor:cottages_straw_ground	0
72	2	-69	default:wood	0
73	2	-69	grug_decor:cottages_straw_ground	0
74	2	-69	grug_decor:cottages_straw_ground	0
75	2	-69	grug_decor:cottages_straw_ground	0
76	2	-69	grug_decor:cottages_straw_ground	0
77	2	-69	default:cobble	0
78	2	-69	default:cobble	0
79	2	-69	default:dirt_with_grass	0
80	2	-69	default:brick	0
67	3	-69	default:brick	0
68	3	-69	default:brick	0
76	3	-69	default:brick	0
77	3	-69	default:brick	0
67	4	-69	xpanes:pane_flat	3
77	4	-69	xpanes:pane_flat	3
67	5	-69	xpanes:pane_flat	3
77	5	-69	xpanes:pane_flat	3
67	6	-69	grug_decor:cottages_loam	0
77	6	-69	grug_decor:cottages_loam	0
67	7	-69	grug_decor:cottages_loam	0
77	7	-69	grug_decor:cottages_loam	0
78	7	-69	stairs:stair_wood	3
67	8	-69	grug_decor:cottages_loam	0
77	8	-69	stairs:stair_wood	3
66	9	-69	stairs:stair_wood	1
67	9	-69	grug_decor:cottages_loam	0
76	9	-69	stairs:stair_wood	3
67	10	-69	stairs:stair_wood	1
75	10	-69	stairs:stair_wood	3
68	11	-69	stairs:stair_wood	1
74	11	-69	stairs:stair_wood	3
69	12	-69	stairs:stair_wood	1
73	12	-69	stairs:stair_wood	3
70	13	-69	stairs:slab_wood	0
71	13	-69	stairs:slab_wood	0
72	13	-69	stairs:slab_wood	0
57	-4	-68	default:stone	0
58	-4	-68	default:stone	0
59	-4	-68	default:stone	0
60	-4	-68	default:stone	0
61	-4	-68	default:stone	0
62	-4	-68	default:stone	0
63	-4	-68	default:stone	0
64	-4	-68	default:cobble	0
65	-4	-68	default:stone	0
66	-4	-68	default:stone	0
67	-4	-68	default:stone	0
68	-4	-68	default:stone	0
69	-4	-68	default:stone	0
70	-4	-68	default:stone	0
71	-4	-68	default:stone	0
72	-4	-68	default:stone	0
73	-4	-68	default:stone	0
74	-4	-68	default:stone	0
75	-4	-68	default:stone	0
76	-4	-68	default:stone	0
77	-4	-68	default:stone	0
78	-4	-68	default:stone	0
79	-4	-68	default:stone	0
80	-4	-68	default:cobble	0
81	-4	-68	default:stone	0
82	-4	-68	default:stone	0
83	-4	-68	default:stone	0
84	-4	-68	default:stone	0
85	-4	-68	default:stone	0
86	-4	-68	default:stone	0
87	-4	-68	default:stone	0
57	-3	-68	default:stone	0
58	-3	-68	default:stone	0
59	-3	-68	default:stone	0
60	-3	-68	default:stone	0
61	-3	-68	default:stone	0
62	-3	-68	default:stone	0
63	-3	-68	default:stone	0
64	-3	-68	default:cobble	0
65	-3	-68	default:stone	0
66	-3	-68	default:stone	0
67	-3	-68	default:stone	0
68	-3	-68	default:stone	0
69	-3	-68	default:stone	0
70	-3	-68	default:stone	0
71	-3	-68	default:stone	0
72	-3	-68	default:stone	0
73	-3	-68	default:stone	0
74	-3	-68	default:stone	0
75	-3	-68	default:stone	0
76	-3	-68	default:stone	0
77	-3	-68	default:stone	0
78	-3	-68	default:stone	0
79	-3	-68	default:stone	0
80	-3	-68	default:cobble	0
81	-3	-68	default:stone	0
82	-3	-68	default:stone	0
83	-3	-68	default:stone	0
84	-3	-68	default:stone	0
85	-3	-68	default:stone	0
86	-3	-68	default:stone	0
87	-3	-68	default:stone	0
57	-2	-68	default:stone	0
58	-2	-68	default:stone	0
59	-2	-68	default:stone	0
60	-2	-68	default:stone	0
61	-2	-68	default:stone	0
62	-2	-68	default:stone	0
63	-2	-68	default:stone	0
64	-2	-68	default:cobble	0
65	-2	-68	default:stone	0
66	-2	-68	default:stone	0
67	-2	-68	default:stone	0
68	-2	-68	default:stone	0
69	-2	-68	default:stone	0
70	-2	-68	default:stone	0
71	-2	-68	default:stone	0
72	-2	-68	default:stone	0
73	-2	-68	default:stone	0
74	-2	-68	default:stone	0
75	-2	-68	default:stone	0
76	-2	-68	default:stone	0
77	-2	-68	default:stone	0
78	-2	-68	default:stone	0
79	-2	-68	default:stone	0
80	-2	-68	default:cobble	0
81	-2	-68	default:stone	0
82	-2	-68	default:stone	0
83	-2	-68	default:stone	0
84	-2	-68	default:gravel	0
85	-2	-68	default:stone	0
86	-2	-68	default:stone	0
87	-2	-68	default:stone	0
57	-1	-68	default:stone	0
58	-1	-68	default:stone	0
59	-1	-68	default:stone	0
60	-1	-68	default:stone	0
61	-1	-68	default:stone	0
62	-1	-68	default:stone	0
63	-1	-68	default:stone	0
64	-1	-68	default:cobble	0
65	-1	-68	default:stone	0
66	-1	-68	default:stone	0
67	-1	-68	default:stone	0
68	-1	-68	default:stone	0
69	-1	-68	default:stone	0
70	-1	-68	default:stone	0
71	-1	-68	default:stone	0
72	-1	-68	default:stone	0
73	-1	-68	default:stone	0
74	-1	-68	default:stone	0
75	-1	-68	default:stone	0
76	-1	-68	default:stone	0
77	-1	-68	default:stone	0
78	-1	-68	default:stone	0
79	-1	-68	default:stone	0
80	-1	-68	default:cobble	0
81	-1	-68	default:stone	0
82	-1	-68	default:stone	0
83	-1	-68	default:stone	0
84	-1	-68	default:stone	0
85	-1	-68	default:stone	0
86	-1	-68	default:stone	0
87	-1	-68	default:stone	0
57	0	-68	default:stone	0
58	0	-68	default:stone	0
59	0	-68	default:stone	0
60	0	-68	default:stone	0
61	0	-68	default:stone	0
62	0	-68	default:stone	0
63	0	-68	default:stone	0
64	0	-68	default:cobble	0
65	0	-68	default:stone	0
66	0	-68	default:stone	0
67	0	-68	default:stone	0
68	0	-68	default:stone	0
69	0	-68	default:stone	0
70	0	-68	default:stone	0
71	0	-68	default:stone	0
72	0	-68	default:stone	0
73	0	-68	default:stone	0
74	0	-68	default:stone	0
75	0	-68	default:stone	0
76	0	-68	default:stone	0
77	0	-68	default:stone	0
78	0	-68	default:stone	0
79	0	-68	default:stone	0
80	0	-68	default:cobble	0
81	0	-68	default:stone	0
82	0	-68	default:stone	0
83	0	-68	default:stone	0
84	0	-68	default:stone	0
85	0	-68	default:stone	0
86	0	-68	default:stone	0
87	0	-68	default:stone	0
57	1	-68	default:stone	0
58	1	-68	default:stone	0
59	1	-68	default:stone	0
60	1	-68	default:stone	0
61	1	-68	default:stone	0
62	1	-68	default:stone	0
63	1	-68	default:stone	0
64	1	-68	default:cobble	0
65	1	-68	default:dirt	0
66	1	-68	default:dirt	0
67	1	-68	default:dirt	0
68	1	-68	default:dirt	0
69	1	-68	default:dirt	0
70	1	-68	default:dirt	0
71	1	-68	default:dirt	0
72	1	-68	default:dirt	0
73	1	-68	default:dirt	0
74	1	-68	default:dirt	0
75	1	-68	default:dirt	0
76	1	-68	default:dirt	0
77	1	-68	default:dirt	0
78	1	-68	default:dirt	0
79	1	-68	default:dirt	0
80	1	-68	default:cobble	0
64	2	-68	default:brick	0
65	2	-68	default:dirt_with_grass	0
66	2	-68	default:cobble	0
67	2	-68	default:cobble	0
68	2	-68	grug_decor:cottages_straw_ground	0
69	2	-68	grug_decor:cottages_straw_ground	0
70	2	-68	grug_decor:cottages_straw_ground	0
71	2	-68	grug_decor:cottages_straw_ground	0
72	2	-68	default:wood	0
73	2	-68	grug_decor:cottages_straw_ground	0
74	2	-68	grug_decor:cottages_straw_ground	0
75	2	-68	grug_decor:cottages_straw_ground	0
76	2	-68	grug_decor:cottages_straw_ground	0
77	2	-68	default:cobble	0
78	2	-68	default:cobble	0
79	2	-68	default:dirt_with_grass	0
80	2	-68	default:brick	0
67	3	-68	default:brick	0
68	3	-68	default:brick	0
76	3	-68	default:brick	0
77	3	-68	default:brick	0
67	4	-68	xpanes:pane_flat	3
77	4	-68	xpanes:pane_flat	3
67	5	-68	xpanes:pane_flat	3
77	5	-68	xpanes:pane_flat	3
67	6	-68	grug_decor:cottages_loam	0
77	6	-68	grug_decor:cottages_loam	0
67	7	-68	grug_decor:cottages_loam	0
77	7	-68	grug_decor:cottages_loam	0
78	7	-68	stairs:stair_wood	3
67	8	-68	grug_decor:cottages_loam	0
77	8	-68	stairs:stair_wood	3
66	9	-68	stairs:stair_wood	1
67	9	-68	grug_decor:cottages_loam	0
76	9	-68	stairs:stair_wood	3
67	10	-68	stairs:stair_wood	1
75	10	-68	stairs:stair_wood	3
68	11	-68	stairs:stair_wood	1
74	11	-68	stairs:stair_wood	3
69	12	-68	stairs:stair_wood	1
73	12	-68	stairs:stair_wood	3
70	13	-68	stairs:slab_wood	0
71	13	-68	stairs:slab_wood	0
72	13	-68	stairs:slab_wood	0
57	-4	-67	default:stone	0
58	-4	-67	default:stone	0
59	-4	-67	default:stone	0
60	-4	-67	default:stone	0
61	-4	-67	default:stone	0
62	-4	-67	default:stone	0
63	-4	-67	default:stone	0
64	-4	-67	default:cobble	0
65	-4	-67	default:stone	0
66	-4	-67	default:stone	0
67	-4	-67	default:stone	0
68	-4	-67	default:stone	0
69	-4	-67	default:stone	0
70	-4	-67	default:stone	0
71	-4	-67	default:stone	0
72	-4	-67	default:stone	0
73	-4	-67	default:stone	0
74	-4	-67	default:stone	0
75	-4	-67	default:stone	0
76	-4	-67	default:stone	0
77	-4	-67	default:stone	0
78	-4	-67	default:stone	0
79	-4	-67	default:stone	0
80	-4	-67	default:cobble	0
81	-4	-67	default:stone	0
82	-4	-67	default:stone	0
83	-4	-67	default:stone	0
84	-4	-67	default:stone	0
85	-4	-67	default:stone	0
86	-4	-67	default:gravel	0
87	-4	-67	default:stone	0
57	-3	-67	default:stone	0
58	-3	-67	default:stone	0
59	-3	-67	default:stone	0
60	-3	-67	default:stone	0
61	-3	-67	default:stone	0
62	-3	-67	default:stone	0
63	-3	-67	default:stone	0
64	-3	-67	default:cobble	0
65	-3	-67	default:stone	0
66	-3	-67	default:stone	0
67	-3	-67	default:stone	0
68	-3	-67	default:stone	0
69	-3	-67	default:stone	0
70	-3	-67	default:stone	0
71	-3	-67	default:stone	0
72	-3	-67	default:stone	0
73	-3	-67	default:stone	0
74	-3	-67	default:stone	0
75	-3	-67	default:stone	0
76	-3	-67	default:stone	0
77	-3	-67	default:stone	0
78	-3	-67	default:stone	0
79	-3	-67	default:stone	0
80	-3	-67	default:cobble	0
81	-3	-67	default:stone	0
82	-3	-67	default:stone	0
83	-3	-67	default:stone	0
84	-3	-67	default:stone	0
85	-3	-67	default:stone	0
86	-3	-67	default:stone	0
87	-3	-67	default:stone	0
57	-2	-67	default:stone	0
58	-2	-67	default:stone	0
59	-2	-67	default:stone	0
60	-2	-67	default:stone	0
61	-2	-67	default:stone	0
62	-2	-67	default:stone	0
63	-2	-67	default:stone	0
64	-2	-67	default:cobble	0
65	-2	-67	default:stone	0
66	-2	-67	default:stone	0
67	-2	-67	default:stone	0
68	-2	-67	default:stone	0
69	-2	-67	default:stone	0
70	-2	-67	default:stone	0
71	-2	-67	default:stone	0
72	-2	-67	default:stone	0
73	-2	-67	default:stone	0
74	-2	-67	default:stone	0
75	-2	-67	default:stone	0
76	-2	-67	default:stone	0
77	-2	-67	default:stone	0
78	-2	-67	default:stone	0
79	-2	-67	default:stone	0
80	-2	-67	default:cobble	0
81	-2	-67	default:stone	0
82	-2	-67	default:stone	0
83	-2	-67	default:gravel	0
84	-2	-67	default:stone	0
85	-2	-67	default:stone	0
86	-2	-67	default:stone	0
87	-2	-67	default:stone	0
57	-1	-67	default:stone	0
58	-1	-67	default:stone	0
59	-1	-67	default:stone	0
60	-1	-67	default:stone	0
61	-1	-67	default:stone	0
62	-1	-67	default:stone	0
63	-1	-67	default:stone	0
64	-1	-67	default:cobble	0
65	-1	-67	default:stone	0
66	-1	-67	default:stone	0
67	-1	-67	default:stone	0
68	-1	-67	default:stone	0
69	-1	-67	default:stone	0
70	-1	-67	default:stone	0
71	-1	-67	default:stone	0
72	-1	-67	default:stone	0
73	-1	-67	default:stone	0
74	-1	-67	default:stone	0
75	-1	-67	default:stone	0
76	-1	-67	default:stone	0
77	-1	-67	default:stone	0
78	-1	-67	default:stone	0
79	-1	-67	default:stone	0
80	-1	-67	default:cobble	0
81	-1	-67	default:stone	0
82	-1	-67	default:stone	0
83	-1	-67	default:stone	0
84	-1	-67	default:stone	0
85	-1	-67	default:stone	0
86	-1	-67	default:stone	0
87	-1	-67	default:stone	0
57	0	-67	default:stone	0
58	0	-67	default:stone	0
59	0	-67	default:stone	0
60	0	-67	default:stone	0
61	0	-67	default:stone	0
62	0	-67	default:stone	0
63	0	-67	default:stone	0
64	0	-67	default:cobble	0
65	0	-67	default:stone	0
66	0	-67	default:stone	0
67	0	-67	default:stone	0
68	0	-67	default:stone	0
69	0	-67	default:stone	0
70	0	-67	default:stone	0
71	0	-67	default:stone	0
72	0	-67	default:stone	0
73	0	-67	default:stone	0
74	0	-67	default:stone	0
75	0	-67	default:stone	0
76	0	-67	default:stone	0
77	0	-67	default:stone	0
78	0	-67	default:stone	0
79	0	-67	default:stone	0
80	0	-67	default:cobble	0
81	0	-67	default:stone	0
82	0	-67	default:stone	0
83	0	-67	default:stone	0
84	0	-67	default:stone	0
85	0	-67	default:stone	0
86	0	-67	default:stone	0
87	0	-67	default:stone	0
57	1	-67	default:stone	0
58	1	-67	default:stone	0
59	1	-67	default:stone	0
60	1	-67	default:stone	0
61	1	-67	default:stone	0
62	1	-67	default:stone	0
63	1	-67	default:stone	0
64	1	-67	default:cobble	0
65	1	-67	default:dirt	0
66	1	-67	default:dirt	0
67	1	-67	default:dirt	0
68	1	-67	default:dirt	0
69	1	-67	default:dirt	0
70	1	-67	default:dirt	0
71	1	-67	default:dirt	0
72	1	-67	default:dirt	0
73	1	-67	default:dirt	0
74	1	-67	default:dirt	0
75	1	-67	default:dirt	0
76	1	-67	default:dirt	0
77	1	-67	default:dirt	0
78	1	-67	default:dirt	0
79	1	-67	default:dirt	0
80	1	-67	default:cobble	0
64	2	-67	default:brick	0
65	2	-67	default:dirt_with_grass	0
66	2	-67	default:cobble	0
67	2	-67	default:cobble	0
68	2	-67	grug_decor:cottages_straw_ground	0
69	2	-67	grug_decor:cottages_straw_ground	0
70	2	-67	grug_decor:cottages_straw_ground	0
71	2	-67	grug_decor:cottages_straw_ground	0
72	2	-67	default:wood	0
73	2	-67	grug_decor:cottages_straw_ground	0
74	2	-67	grug_decor:cottages_straw_ground	0
75	2	-67	grug_decor:cottages_straw_ground	0
76	2	-67	grug_decor:cottages_straw_ground	0
77	2	-67	default:cobble	0
78	2	-67	default:cobble	0
79	2	-67	default:dirt_with_grass	0
80	2	-67	default:brick	0
67	3	-67	default:tree	0
68	3	-67	default:brick	0
76	3	-67	default:brick	0
77	3	-67	default:tree	0
67	4	-67	default:tree	0
77	4	-67	default:tree	0
67	5	-67	default:tree	0
68	5	-67	default:torch_wall	3
76	5	-67	default:torch_wall	2
77	5	-67	default:tree	0
67	6	-67	default:tree	0
77	6	-67	default:tree	0
67	7	-67	default:tree	0
77	7	-67	default:tree	0
78	7	-67	stairs:stair_wood	3
67	8	-67	default:tree	0
77	8	-67	stairs:stair_wood	3
66	9	-67	stairs:stair_wood	1
67	9	-67	default:tree	0
76	9	-67	stairs:stair_wood	3
67	10	-67	stairs:stair_wood	1
75	10	-67	stairs:stair_wood	3
68	11	-67	stairs:stair_wood	1
74	11	-67	stairs:stair_wood	3
69	12	-67	stairs:stair_wood	1
73	12	-67	stairs:stair_wood	3
70	13	-67	stairs:slab_wood	0
71	13	-67	stairs:slab_wood	0
72	13	-67	stairs:slab_wood	0
57	-4	-66	default:stone	0
58	-4	-66	default:stone	0
59	-4	-66	default:stone	0
60	-4	-66	default:stone	0
61	-4	-66	default:stone	0
62	-4	-66	default:stone	0
63	-4	-66	default:stone	0
64	-4	-66	default:cobble	0
65	-4	-66	default:stone	0
66	-4	-66	default:stone	0
67	-4	-66	default:stone	0
68	-4	-66	default:stone	0
69	-4	-66	default:stone	0
70	-4	-66	default:stone	0
71	-4	-66	default:stone	0
72	-4	-66	default:stone	0
73	-4	-66	default:stone	0
74	-4	-66	default:stone	0
75	-4	-66	default:stone	0
76	-4	-66	default:stone	0
77	-4	-66	default:stone	0
78	-4	-66	default:stone	0
79	-4	-66	default:stone	0
80	-4	-66	default:cobble	0
81	-4	-66	default:stone	0
82	-4	-66	default:stone	0
83	-4	-66	default:stone	0
84	-4	-66	default:stone	0
85	-4	-66	default:stone	0
86	-4	-66	default:gravel	0
87	-4	-66	default:stone	0
57	-3	-66	default:stone	0
58	-3	-66	default:stone	0
59	-3	-66	default:stone	0
60	-3	-66	default:stone	0
61	-3	-66	default:stone	0
62	-3	-66	default:stone	0
63	-3	-66	default:stone	0
64	-3	-66	default:cobble	0
65	-3	-66	default:stone	0
66	-3	-66	default:stone	0
67	-3	-66	default:stone	0
68	-3	-66	default:stone	0
69	-3	-66	default:stone	0
70	-3	-66	default:stone	0
71	-3	-66	default:stone	0
72	-3	-66	default:stone	0
73	-3	-66	default:stone	0
74	-3	-66	default:stone	0
75	-3	-66	default:stone	0
76	-3	-66	default:stone	0
77	-3	-66	default:stone	0
78	-3	-66	default:stone	0
79	-3	-66	default:stone	0
80	-3	-66	default:cobble	0
81	-3	-66	default:stone	0
82	-3	-66	default:stone	0
83	-3	-66	default:stone	0
84	-3	-66	default:stone	0
85	-3	-66	default:stone	0
86	-3	-66	default:stone	0
87	-3	-66	default:stone	0
57	-2	-66	default:stone	0
58	-2	-66	default:stone	0
59	-2	-66	default:stone	0
60	-2	-66	default:stone	0
61	-2	-66	default:stone	0
62	-2	-66	default:stone	0
63	-2	-66	default:stone	0
64	-2	-66	default:cobble	0
65	-2	-66	default:stone	0
66	-2	-66	default:stone	0
67	-2	-66	default:stone	0
68	-2	-66	default:stone	0
69	-2	-66	default:stone	0
70	-2	-66	default:stone	0
71	-2	-66	default:stone	0
72	-2	-66	default:stone	0
73	-2	-66	default:stone	0
74	-2	-66	default:stone	0
75	-2	-66	default:stone	0
76	-2	-66	default:stone	0
77	-2	-66	default:stone	0
78	-2	-66	default:stone	0
79	-2	-66	default:stone	0
80	-2	-66	default:cobble	0
81	-2	-66	default:stone	0
82	-2	-66	default:stone	0
83	-2	-66	default:stone	0
84	-2	-66	default:stone	0
85	-2	-66	default:stone	0
86	-2	-66	default:stone	0
87	-2	-66	default:stone	0
57	-1	-66	default:stone	0
58	-1	-66	default:stone	0
59	-1	-66	default:stone	0
60	-1	-66	default:stone	0
61	-1	-66	default:stone	0
62	-1	-66	default:stone	0
63	-1	-66	default:stone	0
64	-1	-66	default:cobble	0
65	-1	-66	default:stone	0
66	-1	-66	default:stone	0
67	-1	-66	default:stone	0
68	-1	-66	default:stone	0
69	-1	-66	default:stone	0
70	-1	-66	default:stone	0
71	-1	-66	default:stone	0
72	-1	-66	default:stone	0
73	-1	-66	default:stone	0
74	-1	-66	default:stone	0
75	-1	-66	default:stone	0
76	-1	-66	default:stone	0
77	-1	-66	default:stone	0
78	-1	-66	default:stone	0
79	-1	-66	default:stone	0
80	-1	-66	default:cobble	0
81	-1	-66	default:stone	0
82	-1	-66	default:stone	0
83	-1	-66	default:stone	0
84	-1	-66	default:stone	0
85	-1	-66	default:stone	0
86	-1	-66	default:stone	0
87	-1	-66	default:stone	0
57	0	-66	default:stone	0
58	0	-66	default:stone	0
59	0	-66	default:stone	0
60	0	-66	default:stone	0
61	0	-66	default:stone	0
62	0	-66	default:stone	0
63	0	-66	default:stone	0
64	0	-66	default:cobble	0
65	0	-66	default:stone	0
66	0	-66	default:stone	0
67	0	-66	default:stone	0
68	0	-66	default:stone	0
69	0	-66	default:stone	0
70	0	-66	default:stone	0
71	0	-66	default:stone	0
72	0	-66	default:stone	0
73	0	-66	default:stone	0
74	0	-66	default:stone	0
75	0	-66	default:stone	0
76	0	-66	default:stone	0
77	0	-66	default:stone	0
78	0	-66	default:stone	0
79	0	-66	default:stone	0
80	0	-66	default:cobble	0
81	0	-66	default:stone	0
82	0	-66	default:stone	0
83	0	-66	default:stone	0
84	0	-66	default:stone	0
85	0	-66	default:stone	0
86	0	-66	default:stone	0
87	0	-66	default:stone	0
57	1	-66	default:stone	0
58	1	-66	default:stone	0
59	1	-66	default:stone	0
60	1	-66	default:stone	0
61	1	-66	default:stone	0
62	1	-66	default:stone	0
63	1	-66	default:stone	0
64	1	-66	default:cobble	0
65	1	-66	default:dirt	0
66	1	-66	default:dirt	0
67	1	-66	default:dirt	0
68	1	-66	default:dirt	0
69	1	-66	default:dirt	0
70	1	-66	default:dirt	0
71	1	-66	default:dirt	0
72	1	-66	default:dirt	0
73	1	-66	default:dirt	0
74	1	-66	default:dirt	0
75	1	-66	default:dirt	0
76	1	-66	default:dirt	0
77	1	-66	default:dirt	0
78	1	-66	default:dirt	0
79	1	-66	default:dirt	0
80	1	-66	default:cobble	0
64	2	-66	default:brick	0
65	2	-66	default:dirt_with_grass	0
66	2	-66	default:cobble	0
67	2	-66	default:cobble	0
68	2	-66	grug_decor:cottages_straw_ground	0
69	2	-66	grug_decor:cottages_straw_ground	0
70	2	-66	grug_decor:cottages_straw_ground	0
71	2	-66	grug_decor:cottages_straw_ground	0
72	2	-66	default:wood	0
73	2	-66	grug_decor:cottages_straw_ground	0
74	2	-66	grug_decor:cottages_straw_ground	0
75	2	-66	grug_decor:cottages_straw_ground	0
76	2	-66	grug_decor:cottages_straw_ground	0
77	2	-66	default:cobble	0
78	2	-66	default:cobble	0
79	2	-66	default:dirt_with_grass	0
80	2	-66	default:brick	0
67	3	-66	default:brick	0
71	3	-66	grug_decor:cottages_straw_bale	0
73	3	-66	grug_decor:cottages_straw_bale	0
77	3	-66	default:brick	0
67	4	-66	grug_decor:cottages_loam	0
77	4	-66	grug_decor:cottages_loam	0
67	5	-66	grug_decor:cottages_loam	0
77	5	-66	grug_decor:cottages_loam	0
67	6	-66	grug_decor:cottages_loam	0
77	6	-66	grug_decor:cottages_loam	0
67	7	-66	grug_decor:cottages_loam	0
77	7	-66	grug_decor:cottages_loam	0
78	7	-66	stairs:stair_wood	3
67	8	-66	grug_decor:cottages_loam	0
77	8	-66	stairs:stair_wood	3
66	9	-66	stairs:stair_wood	1
67	9	-66	grug_decor:cottages_loam	0
76	9	-66	stairs:stair_wood	3
67	10	-66	stairs:stair_wood	1
75	10	-66	stairs:stair_wood	3
68	11	-66	stairs:stair_wood	1
74	11	-66	stairs:stair_wood	3
69	12	-66	stairs:stair_wood	1
73	12	-66	stairs:stair_wood	3
70	13	-66	stairs:slab_wood	0
71	13	-66	stairs:slab_wood	0
72	13	-66	stairs:slab_wood	0
57	-4	-65	default:stone	0
58	-4	-65	default:stone	0
59	-4	-65	default:stone	0
60	-4	-65	default:stone	0
61	-4	-65	default:stone	0
62	-4	-65	default:stone	0
63	-4	-65	default:stone	0
64	-4	-65	default:cobble	0
65	-4	-65	default:stone	0
66	-4	-65	default:stone	0
67	-4	-65	default:stone	0
68	-4	-65	default:stone	0
69	-4	-65	default:stone	0
70	-4	-65	default:stone	0
71	-4	-65	default:stone	0
72	-4	-65	default:stone	0
73	-4	-65	default:stone	0
74	-4	-65	default:stone	0
75	-4	-65	default:stone	0
76	-4	-65	default:stone	0
77	-4	-65	default:stone	0
78	-4	-65	default:stone	0
79	-4	-65	default:stone	0
80	-4	-65	default:cobble	0
81	-4	-65	default:stone	0
82	-4	-65	default:stone	0
83	-4	-65	default:stone	0
84	-4	-65	default:stone	0
85	-4	-65	default:stone	0
86	-4	-65	default:stone	0
87	-4	-65	default:stone	0
57	-3	-65	default:stone	0
58	-3	-65	default:stone	0
59	-3	-65	default:stone	0
60	-3	-65	default:stone	0
61	-3	-65	default:stone	0
62	-3	-65	default:stone	0
63	-3	-65	default:stone	0
64	-3	-65	default:cobble	0
65	-3	-65	default:stone	0
66	-3	-65	default:stone	0
67	-3	-65	default:stone	0
68	-3	-65	default:stone	0
69	-3	-65	default:stone	0
70	-3	-65	default:stone	0
71	-3	-65	default:stone	0
72	-3	-65	default:stone	0
73	-3	-65	default:stone	0
74	-3	-65	default:stone	0
75	-3	-65	default:stone	0
76	-3	-65	default:stone	0
77	-3	-65	default:stone	0
78	-3	-65	default:stone	0
79	-3	-65	default:stone	0
80	-3	-65	default:cobble	0
81	-3	-65	default:stone	0
82	-3	-65	default:stone	0
83	-3	-65	default:stone	0
84	-3	-65	default:stone	0
85	-3	-65	default:stone	0
86	-3	-65	default:stone	0
87	-3	-65	default:stone	0
57	-2	-65	default:stone	0
58	-2	-65	default:stone	0
59	-2	-65	default:stone	0
60	-2	-65	default:stone	0
61	-2	-65	default:stone	0
62	-2	-65	default:stone	0
63	-2	-65	default:stone	0
64	-2	-65	default:cobble	0
65	-2	-65	default:stone	0
66	-2	-65	default:stone	0
67	-2	-65	default:stone	0
68	-2	-65	default:stone	0
69	-2	-65	default:stone	0
70	-2	-65	default:stone	0
71	-2	-65	default:stone	0
72	-2	-65	default:stone	0
73	-2	-65	default:stone	0
74	-2	-65	default:stone	0
75	-2	-65	default:stone	0
76	-2	-65	default:stone	0
77	-2	-65	default:stone	0
78	-2	-65	default:stone	0
79	-2	-65	default:stone	0
80	-2	-65	default:cobble	0
81	-2	-65	default:stone	0
82	-2	-65	default:stone	0
83	-2	-65	default:stone	0
84	-2	-65	default:stone	0
85	-2	-65	default:stone	0
86	-2	-65	default:stone	0
87	-2	-65	default:stone	0
57	-1	-65	default:stone	0
58	-1	-65	default:stone	0
59	-1	-65	default:stone	0
60	-1	-65	default:stone	0
61	-1	-65	default:stone	0
62	-1	-65	default:stone	0
63	-1	-65	default:stone	0
64	-1	-65	default:cobble	0
65	-1	-65	default:stone	0
66	-1	-65	default:stone	0
67	-1	-65	default:stone	0
68	-1	-65	default:stone	0
69	-1	-65	default:stone	0
70	-1	-65	default:stone	0
71	-1	-65	default:stone	0
72	-1	-65	default:stone	0
73	-1	-65	default:stone	0
80	-1	-65	default:cobble	0
81	-1	-65	default:stone	0
82	-1	-65	default:stone	0
83	-1	-65	default:stone	0
84	-1	-65	default:stone	0
85	-1	-65	default:stone	0
86	-1	-65	default:stone	0
87	-1	-65	default:stone	0
57	0	-65	default:stone	0
58	0	-65	default:stone	0
59	0	-65	default:stone	0
60	0	-65	default:stone	0
61	0	-65	default:stone	0
62	0	-65	default:stone	0
63	0	-65	default:stone	0
64	0	-65	default:cobble	0
65	0	-65	default:stone	0
66	0	-65	default:stone	0
67	0	-65	default:stone	0
68	0	-65	default:stone	0
69	0	-65	default:stone	0
70	0	-65	default:stone	0
71	0	-65	default:stone	0
72	0	-65	default:stone	0
73	0	-65	default:stone	0
80	0	-65	default:cobble	0
81	0	-65	default:stone	0
82	0	-65	default:stone	0
83	0	-65	default:stone	0
84	0	-65	default:stone	0
85	0	-65	default:stone	0
86	0	-65	default:stone	0
87	0	-65	default:stone	0
64	1	-65	default:cobble	0
65	1	-65	default:dirt	0
66	1	-65	default:dirt	0
67	1	-65	default:dirt	0
68	1	-65	default:dirt	0
69	1	-65	default:dirt	0
70	1	-65	default:dirt	0
71	1	-65	default:dirt	0
72	1	-65	default:dirt	0
73	1	-65	default:dirt	0
74	1	-65	default:dirt	0
75	1	-65	default:dirt	0
76	1	-65	default:dirt	0
77	1	-65	default:dirt	0
78	1	-65	default:dirt	0
79	1	-65	default:dirt	0
80	1	-65	default:cobble	0
64	2	-65	default:brick	0
65	2	-65	default:dirt_with_grass	0
66	2	-65	default:cobble	0
67	2	-65	default:cobble	0
68	2	-65	default:cobble	0
69	2	-65	default:cobble	0
70	2	-65	default:cobble	0
71	2	-65	default:cobble	0
72	2	-65	default:cobble	0
73	2	-65	default:cobble	0
74	2	-65	default:cobble	0
75	2	-65	default:cobble	0
76	2	-65	default:cobble	0
77	2	-65	default:cobble	0
78	2	-65	default:cobble	0
79	2	-65	default:dirt_with_grass	0
80	2	-65	default:brick	0
67	3	-65	default:tree	0
68	3	-65	default:tree	0
69	3	-65	default:brick	0
70	3	-65	default:brick	0
71	3	-65	default:tree	0
72	3	-65	default:tree	0
73	3	-65	default:brick	0
74	3	-65	default:brick	0
75	3	-65	default:tree	0
76	3	-65	default:brick	0
77	3	-65	default:tree	0
67	4	-65	default:tree	0
68	4	-65	default:tree	0
69	4	-65	xpanes:pane_flat	0
70	4	-65	xpanes:pane_flat	0
71	4	-65	default:tree	0
72	4	-65	default:tree	0
73	4	-65	xpanes:pane_flat	0
74	4	-65	xpanes:pane_flat	0
75	4	-65	default:tree	0
76	4	-65	default:tree	0
77	4	-65	default:tree	0
67	5	-65	default:tree	0
68	5	-65	default:tree	0
69	5	-65	xpanes:pane_flat	0
70	5	-65	xpanes:pane_flat	0
71	5	-65	default:tree	0
72	5	-65	default:tree	0
73	5	-65	xpanes:pane_flat	0
74	5	-65	xpanes:pane_flat	0
75	5	-65	default:tree	0
76	5	-65	default:tree	0
77	5	-65	default:tree	0
67	6	-65	default:tree	0
68	6	-65	default:tree	0
69	6	-65	grug_decor:cottages_loam	0
70	6	-65	default:tree	0
71	6	-65	default:tree	0
72	6	-65	default:tree	0
73	6	-65	default:tree	0
74	6	-65	grug_decor:cottages_loam	0
75	6	-65	default:tree	0
76	6	-65	default:tree	0
77	6	-65	default:tree	0
67	7	-65	default:tree	0
68	7	-65	default:tree	0
69	7	-65	grug_decor:cottages_loam	0
70	7	-65	default:tree	0
71	7	-65	default:tree	0
72	7	-65	default:tree	0
73	7	-65	default:tree	0
74	7	-65	grug_decor:cottages_loam	0
75	7	-65	default:tree	0
76	7	-65	default:tree	0
77	7	-65	default:tree	0
78	7	-65	stairs:stair_wood	3
67	8	-65	default:tree	0
68	8	-65	grug_decor:cottages_loam	0
69	8	-65	grug_decor:cottages_loam	0
70	8	-65	default:tree	0
71	8	-65	grug_decor:cottages_loam	0
72	8	-65	grug_decor:cottages_loam	0
73	8	-65	default:tree	0
74	8	-65	grug_decor:cottages_loam	0
75	8	-65	grug_decor:cottages_loam	0
76	8	-65	default:tree	0
77	8	-65	stairs:stair_wood	3
66	9	-65	stairs:stair_wood	1
67	9	-65	default:tree	0
68	9	-65	grug_decor:cottages_loam	0
69	9	-65	grug_decor:cottages_loam	0
70	9	-65	default:tree	0
71	9	-65	grug_decor:cottages_loam	0
72	9	-65	grug_decor:cottages_loam	0
73	9	-65	default:tree	0
74	9	-65	grug_decor:cottages_loam	0
75	9	-65	grug_decor:cottages_loam	0
76	9	-65	stairs:stair_wood	3
67	10	-65	stairs:stair_wood	1
68	10	-65	grug_decor:cottages_loam	0
69	10	-65	grug_decor:cottages_loam	0
70	10	-65	default:tree	0
71	10	-65	grug_decor:cottages_loam	0
72	10	-65	grug_decor:cottages_loam	0
73	10	-65	default:tree	0
74	10	-65	grug_decor:cottages_loam	0
75	10	-65	stairs:stair_wood	3
68	11	-65	stairs:stair_wood	1
69	11	-65	grug_decor:cottages_loam	0
70	11	-65	default:tree	0
71	11	-65	grug_decor:cottages_loam	0
72	11	-65	grug_decor:cottages_loam	0
73	11	-65	default:tree	0
74	11	-65	stairs:stair_wood	3
69	12	-65	stairs:stair_wood	1
70	12	-65	default:tree	0
71	12	-65	grug_decor:cottages_loam	0
72	12	-65	grug_decor:cottages_loam	0
73	12	-65	stairs:stair_wood	3
70	13	-65	stairs:slab_wood	0
71	13	-65	stairs:slab_wood	0
72	13	-65	stairs:slab_wood	0
57	-4	-64	default:stone	0
58	-4	-64	default:stone	0
59	-4	-64	default:stone	0
60	-4	-64	default:stone	0
61	-4	-64	default:stone	0
62	-4	-64	default:stone	0
63	-4	-64	default:stone	0
64	-4	-64	default:cobble	0
65	-4	-64	default:stone	0
66	-4	-64	default:stone	0
67	-4	-64	default:stone	0
68	-4	-64	default:stone	0
69	-4	-64	default:stone	0
70	-4	-64	default:stone	0
71	-4	-64	default:stone	0
72	-4	-64	default:stone	0
73	-4	-64	default:stone	0
74	-4	-64	default:stone	0
75	-4	-64	default:stone	0
76	-4	-64	default:stone	0
77	-4	-64	default:stone	0
78	-4	-64	default:stone	0
79	-4	-64	default:stone	0
80	-4	-64	default:cobble	0
81	-4	-64	default:stone	0
82	-4	-64	default:stone	0
83	-4	-64	default:stone	0
84	-4	-64	default:stone	0
85	-4	-64	default:stone	0
86	-4	-64	default:stone	0
87	-4	-64	default:stone	0
57	-3	-64	default:stone	0
58	-3	-64	default:stone	0
59	-3	-64	default:stone	0
60	-3	-64	default:stone	0
61	-3	-64	default:stone	0
62	-3	-64	default:stone	0
63	-3	-64	default:stone	0
64	-3	-64	default:cobble	0
65	-3	-64	default:stone	0
66	-3	-64	default:stone	0
67	-3	-64	default:stone	0
68	-3	-64	default:stone	0
69	-3	-64	default:stone	0
70	-3	-64	default:stone	0
71	-3	-64	default:stone	0
72	-3	-64	default:stone	0
73	-3	-64	default:stone	0
74	-3	-64	default:stone	0
75	-3	-64	default:stone	0
76	-3	-64	default:stone	0
77	-3	-64	default:stone	0
78	-3	-64	default:stone	0
79	-3	-64	default:stone	0
80	-3	-64	default:cobble	0
81	-3	-64	default:stone	0
82	-3	-64	default:stone	0
83	-3	-64	default:stone	0
84	-3	-64	default:stone	0
85	-3	-64	default:stone	0
86	-3	-64	default:stone	0
87	-3	-64	default:stone	0
57	-2	-64	default:stone	0
58	-2	-64	default:stone	0
59	-2	-64	default:stone	0
60	-2	-64	default:stone	0
61	-2	-64	default:stone	0
62	-2	-64	default:stone	0
63	-2	-64	default:stone	0
64	-2	-64	default:cobble	0
65	-2	-64	default:stone	0
66	-2	-64	default:stone	0
67	-2	-64	default:stone	0
68	-2	-64	default:stone	0
69	-2	-64	default:stone	0
70	-2	-64	default:stone	0
71	-2	-64	default:stone	0
72	-2	-64	default:stone	0
73	-2	-64	default:stone	0
74	-2	-64	default:stone	0
75	-2	-64	default:stone	0
76	-2	-64	default:stone	0
77	-2	-64	default:stone	0
78	-2	-64	default:stone	0
79	-2	-64	default:stone	0
80	-2	-64	default:cobble	0
81	-2	-64	default:stone	0
82	-2	-64	default:stone	0
83	-2	-64	default:stone	0
84	-2	-64	default:stone	0
85	-2	-64	default:stone	0
86	-2	-64	default:stone	0
87	-2	-64	default:stone	0
57	-1	-64	default:stone	0
58	-1	-64	default:stone	0
59	-1	-64	default:stone	0
60	-1	-64	default:stone	0
61	-1	-64	default:stone	0
62	-1	-64	default:stone	0
63	-1	-64	default:stone	0
64	-1	-64	default:cobble	0
65	-1	-64	default:stone	0
66	-1	-64	default:stone	0
67	-1	-64	default:stone	0
68	-1	-64	default:stone	0
69	-1	-64	default:stone	0
70	-1	-64	default:stone	0
71	-1	-64	default:stone	0
72	-1	-64	default:stone	0
73	-1	-64	default:stone	0
79	-1	-64	default:stone	0
80	-1	-64	default:cobble	0
81	-1	-64	default:stone	0
82	-1	-64	default:stone	0
83	-1	-64	default:stone	0
84	-1	-64	default:stone	0
85	-1	-64	default:stone	0
86	-1	-64	default:stone	0
87	-1	-64	default:stone	0
57	0	-64	default:stone	0
58	0	-64	default:stone	0
59	0	-64	default:stone	0
60	0	-64	default:stone	0
61	0	-64	default:stone	0
62	0	-64	default:stone	0
63	0	-64	default:stone	0
64	0	-64	default:cobble	0
65	0	-64	default:stone	0
66	0	-64	default:stone	0
67	0	-64	default:stone	0
68	0	-64	default:stone	0
69	0	-64	default:stone	0
70	0	-64	default:stone	0
71	0	-64	default:stone	0
72	0	-64	default:stone	0
73	0	-64	default:stone	0
79	0	-64	default:stone	0
80	0	-64	default:cobble	0
81	0	-64	default:stone	0
82	0	-64	default:stone	0
83	0	-64	default:stone	0
84	0	-64	default:stone	0
85	0	-64	default:stone	0
86	0	-64	default:stone	0
87	0	-64	default:stone	0
64	1	-64	default:cobble	0
65	1	-64	default:dirt	0
66	1	-64	default:dirt	0
67	1	-64	default:dirt	0
68	1	-64	default:dirt	0
69	1	-64	default:dirt	0
70	1	-64	default:dirt	0
71	1	-64	default:dirt	0
72	1	-64	default:dirt	0
73	1	-64	default:dirt	0
74	1	-64	default:dirt	0
75	1	-64	default:dirt	0
76	1	-64	default:dirt	0
77	1	-64	default:dirt	0
78	1	-64	default:dirt	0
79	1	-64	default:dirt	0
80	1	-64	default:cobble	0
64	2	-64	default:brick	0
65	2	-64	default:dirt_with_grass	0
66	2	-64	default:cobble	0
67	2	-64	default:cobble	0
68	2	-64	default:cobble	0
69	2	-64	default:cobble	0
70	2	-64	default:cobble	0
71	2	-64	default:cobble	0
72	2	-64	default:cobble	0
73	2	-64	default:cobble	0
74	2	-64	default:cobble	0
75	2	-64	default:cobble	0
76	2	-64	default:cobble	0
77	2	-64	default:cobble	0
78	2	-64	default:cobble	0
79	2	-64	default:dirt_with_grass	0
80	2	-64	default:brick	0
78	7	-64	stairs:stair_wood	3
77	8	-64	stairs:stair_wood	3
66	9	-64	stairs:stair_wood	1
76	9	-64	stairs:stair_wood	3
67	10	-64	stairs:stair_wood	1
75	10	-64	stairs:stair_wood	3
68	11	-64	stairs:stair_wood	1
74	11	-64	stairs:stair_wood	3
69	12	-64	stairs:stair_wood	1
73	12	-64	stairs:stair_wood	3
70	13	-64	stairs:slab_wood	0
71	13	-64	stairs:slab_wood	0
72	13	-64	stairs:slab_wood	0
57	-4	-63	default:stone	0
58	-4	-63	default:stone	0
59	-4	-63	default:stone	0
60	-4	-63	default:stone	0
61	-4	-63	default:stone	0
62	-4	-63	default:stone	0
63	-4	-63	default:stone	0
64	-4	-63	default:cobble	0
65	-4	-63	default:stone	0
66	-4	-63	default:stone	0
67	-4	-63	default:stone	0
68	-4	-63	default:stone	0
69	-4	-63	default:stone	0
70	-4	-63	default:stone	0
71	-4	-63	default:stone	0
72	-4	-63	default:stone	0
73	-4	-63	default:stone	0
74	-4	-63	default:stone	0
75	-4	-63	default:stone	0
76	-4	-63	default:stone	0
77	-4	-63	default:stone	0
78	-4	-63	default:stone	0
79	-4	-63	default:stone	0
80	-4	-63	default:cobble	0
81	-4	-63	default:stone	0
82	-4	-63	default:stone	0
83	-4	-63	default:stone	0
84	-4	-63	default:stone	0
85	-4	-63	default:stone	0
86	-4	-63	default:stone	0
87	-4	-63	default:stone	0
57	-3	-63	default:stone	0
58	-3	-63	default:stone	0
59	-3	-63	default:stone	0
60	-3	-63	default:stone	0
61	-3	-63	default:stone	0
62	-3	-63	default:stone	0
63	-3	-63	default:stone	0
64	-3	-63	default:cobble	0
65	-3	-63	default:stone	0
66	-3	-63	default:stone	0
67	-3	-63	default:stone	0
68	-3	-63	default:stone	0
69	-3	-63	default:stone	0
70	-3	-63	default:stone	0
71	-3	-63	default:stone	0
72	-3	-63	default:stone	0
73	-3	-63	default:stone	0
74	-3	-63	default:stone	0
75	-3	-63	default:stone	0
76	-3	-63	default:stone	0
77	-3	-63	default:stone	0
78	-3	-63	default:stone	0
79	-3	-63	default:stone	0
80	-3	-63	default:cobble	0
81	-3	-63	default:stone	0
82	-3	-63	default:stone	0
83	-3	-63	default:stone	0
84	-3	-63	default:stone	0
85	-3	-63	default:stone	0
86	-3	-63	default:stone	0
87	-3	-63	default:stone	0
57	-2	-63	default:stone	0
58	-2	-63	default:stone	0
59	-2	-63	default:stone	0
60	-2	-63	default:stone	0
61	-2	-63	default:stone	0
62	-2	-63	default:stone	0
63	-2	-63	default:stone	0
64	-2	-63	default:cobble	0
65	-2	-63	default:stone	0
66	-2	-63	default:stone	0
67	-2	-63	default:stone	0
68	-2	-63	default:stone	0
69	-2	-63	default:stone	0
70	-2	-63	default:stone	0
71	-2	-63	default:stone	0
72	-2	-63	default:stone	0
73	-2	-63	default:stone	0
74	-2	-63	default:stone	0
75	-2	-63	default:stone	0
76	-2	-63	default:stone	0
77	-2	-63	default:stone	0
78	-2	-63	default:stone	0
79	-2	-63	default:stone	0
80	-2	-63	default:cobble	0
81	-2	-63	default:stone	0
82	-2	-63	default:stone	0
83	-2	-63	default:stone	0
84	-2	-63	default:stone	0
85	-2	-63	default:stone	0
86	-2	-63	default:stone	0
87	-2	-63	default:stone	0
57	-1	-63	default:stone	0
58	-1	-63	default:stone	0
59	-1	-63	default:stone	0
60	-1	-63	default:stone	0
61	-1	-63	default:stone	0
62	-1	-63	default:stone	0
63	-1	-63	default:stone	0
64	-1	-63	default:cobble	0
65	-1	-63	default:stone	0
66	-1	-63	default:stone	0
67	-1	-63	default:stone	0
68	-1	-63	default:stone	0
69	-1	-63	default:stone	0
70	-1	-63	default:stone	0
71	-1	-63	default:stone	0
72	-1	-63	default:stone	0
73	-1	-63	default:stone	0
74	-1	-63	default:stone	0
75	-1	-63	default:stone	0
76	-1	-63	default:stone	0
77	-1	-63	default:stone	0
78	-1	-63	default:stone	0
79	-1	-63	default:stone	0
80	-1	-63	default:cobble	0
81	-1	-63	default:stone	0
82	-1	-63	default:stone	0
83	-1	-63	default:stone	0
84	-1	-63	default:stone	0
85	-1	-63	default:stone	0
86	-1	-63	default:stone	0
87	-1	-63	default:stone	0
57	0	-63	default:stone	0
58	0	-63	default:stone	0
59	0	-63	default:stone	0
60	0	-63	default:stone	0
61	0	-63	default:stone	0
62	0	-63	default:stone	0
63	0	-63	default:stone	0
64	0	-63	default:cobble	0
65	0	-63	default:stone	0
66	0	-63	default:stone	0
67	0	-63	default:stone	0
68	0	-63	default:stone	0
69	0	-63	default:stone	0
70	0	-63	default:stone	0
71	0	-63	default:stone	0
72	0	-63	default:stone	0
73	0	-63	default:stone	0
74	0	-63	default:stone	0
75	0	-63	default:stone	0
76	0	-63	default:stone	0
77	0	-63	default:stone	0
78	0	-63	default:stone	0
79	0	-63	default:stone	0
80	0	-63	default:cobble	0
81	0	-63	default:stone	0
82	0	-63	default:stone	0
83	0	-63	default:stone	0
84	0	-63	default:stone	0
85	0	-63	default:stone	0
86	0	-63	default:stone	0
87	0	-63	default:stone	0
64	1	-63	default:cobble	0
65	1	-63	default:dirt	0
66	1	-63	default:dirt	0
67	1	-63	default:dirt	0
68	1	-63	default:dirt	0
69	1	-63	default:dirt	0
70	1	-63	default:dirt	0
71	1	-63	default:dirt	0
72	1	-63	default:dirt	0
73	1	-63	default:dirt	0
74	1	-63	default:dirt	0
75	1	-63	default:dirt	0
76	1	-63	default:dirt	0
77	1	-63	default:dirt	0
78	1	-63	default:dirt	0
79	1	-63	default:dirt	0
80	1	-63	default:cobble	0
64	2	-63	default:brick	0
65	2	-63	default:dirt_with_grass	0
66	2	-63	default:dirt_with_grass	0
67	2	-63	default:dirt_with_grass	0
68	2	-63	default:dirt_with_grass	0
69	2	-63	default:dirt_with_grass	0
70	2	-63	default:dirt_with_grass	0
71	2	-63	default:dirt_with_grass	0
72	2	-63	default:dirt_with_grass	0
73	2	-63	default:dirt_with_grass	0
74	2	-63	default:dirt_with_grass	0
75	2	-63	default:dirt_with_grass	0
76	2	-63	default:dirt_with_grass	0
77	2	-63	default:dirt_with_grass	0
78	2	-63	default:dirt_with_grass	0
79	2	-63	default:dirt_with_grass	0
80	2	-63	default:brick	0
57	-4	-62	default:stone	0
58	-4	-62	default:stone	0
59	-4	-62	default:stone	0
60	-4	-62	default:stone	0
61	-4	-62	default:stone	0
62	-4	-62	default:stone	0
63	-4	-62	default:stone	0
64	-4	-62	default:cobble	0
65	-4	-62	default:cobble	0
66	-4	-62	default:cobble	0
67	-4	-62	default:cobble	0
68	-4	-62	default:cobble	0
69	-4	-62	default:cobble	0
70	-4	-62	default:cobble	0
71	-4	-62	default:cobble	0
72	-4	-62	default:cobble	0
73	-4	-62	default:cobble	0
74	-4	-62	default:cobble	0
75	-4	-62	default:cobble	0
76	-4	-62	default:cobble	0
77	-4	-62	default:cobble	0
78	-4	-62	default:cobble	0
79	-4	-62	default:cobble	0
80	-4	-62	default:cobble	0
81	-4	-62	default:stone	0
82	-4	-62	default:stone	0
83	-4	-62	default:stone	0
84	-4	-62	default:stone	0
85	-4	-62	default:stone	0
86	-4	-62	default:stone	0
87	-4	-62	default:stone	0
57	-3	-62	default:stone	0
58	-3	-62	default:stone	0
59	-3	-62	default:stone	0
60	-3	-62	default:stone	0
61	-3	-62	default:stone	0
62	-3	-62	default:stone	0
63	-3	-62	default:stone	0
64	-3	-62	default:cobble	0
65	-3	-62	default:cobble	0
66	-3	-62	default:cobble	0
67	-3	-62	default:cobble	0
68	-3	-62	default:cobble	0
69	-3	-62	default:cobble	0
70	-3	-62	default:cobble	0
71	-3	-62	default:cobble	0
72	-3	-62	default:cobble	0
73	-3	-62	default:cobble	0
74	-3	-62	default:cobble	0
75	-3	-62	default:cobble	0
76	-3	-62	default:cobble	0
77	-3	-62	default:cobble	0
78	-3	-62	default:cobble	0
79	-3	-62	default:cobble	0
80	-3	-62	default:cobble	0
81	-3	-62	default:stone	0
82	-3	-62	default:stone	0
83	-3	-62	default:stone	0
84	-3	-62	default:stone	0
85	-3	-62	default:stone	0
86	-3	-62	default:stone	0
87	-3	-62	default:stone	0
57	-2	-62	default:stone	0
58	-2	-62	default:stone	0
59	-2	-62	default:stone	0
60	-2	-62	default:stone	0
61	-2	-62	default:stone	0
62	-2	-62	default:stone	0
63	-2	-62	default:stone	0
64	-2	-62	default:cobble	0
65	-2	-62	default:cobble	0
66	-2	-62	default:cobble	0
67	-2	-62	default:cobble	0
68	-2	-62	default:cobble	0
69	-2	-62	default:cobble	0
70	-2	-62	default:cobble	0
71	-2	-62	default:cobble	0
72	-2	-62	default:cobble	0
73	-2	-62	default:cobble	0
74	-2	-62	default:cobble	0
75	-2	-62	default:cobble	0
76	-2	-62	default:cobble	0
77	-2	-62	default:cobble	0
78	-2	-62	default:cobble	0
79	-2	-62	default:cobble	0
80	-2	-62	default:cobble	0
81	-2	-62	default:stone	0
82	-2	-62	default:stone	0
83	-2	-62	default:stone	0
84	-2	-62	default:stone	0
85	-2	-62	default:stone	0
86	-2	-62	default:stone	0
87	-2	-62	default:stone	0
57	-1	-62	default:stone	0
58	-1	-62	default:stone	0
59	-1	-62	default:stone	0
60	-1	-62	default:stone	0
61	-1	-62	default:stone	0
62	-1	-62	default:stone	0
63	-1	-62	default:stone	0
64	-1	-62	default:cobble	0
65	-1	-62	default:cobble	0
66	-1	-62	default:cobble	0
67	-1	-62	default:cobble	0
68	-1	-62	default:cobble	0
69	-1	-62	default:cobble	0
70	-1	-62	default:cobble	0
71	-1	-62	default:cobble	0
72	-1	-62	default:cobble	0
73	-1	-62	default:cobble	0
74	-1	-62	default:cobble	0
75	-1	-62	default:cobble	0
76	-1	-62	default:cobble	0
77	-1	-62	default:cobble	0
78	-1	-62	default:cobble	0
79	-1	-62	default:cobble	0
80	-1	-62	default:cobble	0
81	-1	-62	default:stone	0
82	-1	-62	default:stone	0
83	-1	-62	default:stone	0
84	-1	-62	default:stone	0
85	-1	-62	default:stone	0
86	-1	-62	default:stone	0
87	-1	-62	default:stone	0
57	0	-62	default:stone	0
58	0	-62	default:stone	0
59	0	-62	default:stone	0
60	0	-62	default:stone	0
61	0	-62	default:stone	0
62	0	-62	default:stone	0
63	0	-62	default:stone	0
64	0	-62	default:cobble	0
65	0	-62	default:cobble	0
66	0	-62	default:cobble	0
67	0	-62	default:cobble	0
68	0	-62	default:cobble	0
69	0	-62	default:cobble	0
70	0	-62	default:cobble	0
71	0	-62	default:cobble	0
72	0	-62	default:cobble	0
73	0	-62	default:cobble	0
74	0	-62	default:cobble	0
75	0	-62	default:cobble	0
76	0	-62	default:cobble	0
77	0	-62	default:cobble	0
78	0	-62	default:cobble	0
79	0	-62	default:cobble	0
80	0	-62	default:cobble	0
81	0	-62	default:stone	0
82	0	-62	default:stone	0
83	0	-62	default:stone	0
84	0	-62	default:stone	0
85	0	-62	default:stone	0
86	0	-62	default:stone	0
87	0	-62	default:stone	0
57	1	-62	default:stone	0
58	1	-62	default:stone	0
59	1	-62	default:stone	0
60	1	-62	default:stone	0
61	1	-62	default:stone	0
62	1	-62	default:stone	0
63	1	-62	default:stone	0
64	1	-62	default:cobble	0
65	1	-62	default:cobble	0
66	1	-62	default:cobble	0
67	1	-62	default:cobble	0
68	1	-62	default:cobble	0
69	1	-62	default:cobble	0
70	1	-62	default:cobble	0
71	1	-62	default:cobble	0
72	1	-62	default:cobble	0
73	1	-62	default:cobble	0
74	1	-62	default:cobble	0
75	1	-62	default:cobble	0
76	1	-62	default:cobble	0
77	1	-62	default:cobble	0
78	1	-62	default:cobble	0
79	1	-62	default:cobble	0
80	1	-62	default:cobble	0
64	2	-62	default:brick	0
65	2	-62	default:brick	0
66	2	-62	default:brick	0
67	2	-62	default:brick	0
68	2	-62	default:brick	0
69	2	-62	default:brick	0
70	2	-62	default:brick	0
71	2	-62	default:brick	0
72	2	-62	default:brick	0
73	2	-62	default:brick	0
74	2	-62	default:brick	0
75	2	-62	default:brick	0
76	2	-62	default:brick	0
77	2	-62	default:brick	0
78	2	-62	default:brick	0
79	2	-62	default:brick	0
80	2	-62	default:brick	0
57	-4	-61	default:stone	0
58	-4	-61	default:stone	0
59	-4	-61	default:stone	0
60	-4	-61	default:stone	0
61	-4	-61	default:stone	0
62	-4	-61	default:stone	0
63	-4	-61	default:stone	0
64	-4	-61	default:stone	0
65	-4	-61	default:stone	0
66	-4	-61	default:stone	0
67	-4	-61	default:stone	0
68	-4	-61	default:stone	0
69	-4	-61	default:stone	0
70	-4	-61	default:stone	0
71	-4	-61	default:stone	0
72	-4	-61	default:stone	0
73	-4	-61	default:stone	0
74	-4	-61	default:stone	0
75	-4	-61	default:stone	0
76	-4	-61	default:stone	0
77	-4	-61	default:stone	0
78	-4	-61	default:stone	0
79	-4	-61	default:stone	0
80	-4	-61	default:stone	0
81	-4	-61	default:stone	0
82	-4	-61	default:stone	0
83	-4	-61	default:stone	0
84	-4	-61	default:stone	0
85	-4	-61	default:stone	0
86	-4	-61	default:stone	0
87	-4	-61	default:stone	0
57	-3	-61	default:stone	0
58	-3	-61	default:stone	0
59	-3	-61	default:stone	0
60	-3	-61	default:stone	0
61	-3	-61	default:stone	0
62	-3	-61	default:stone	0
63	-3	-61	default:stone	0
64	-3	-61	default:stone	0
65	-3	-61	default:stone	0
66	-3	-61	default:stone	0
67	-3	-61	default:stone	0
68	-3	-61	default:stone	0
69	-3	-61	default:stone	0
70	-3	-61	default:stone	0
71	-3	-61	default:stone	0
72	-3	-61	default:stone	0
73	-3	-61	default:stone	0
74	-3	-61	default:stone	0
75	-3	-61	default:stone	0
76	-3	-61	default:stone	0
77	-3	-61	default:stone	0
78	-3	-61	default:stone	0
79	-3	-61	default:stone	0
80	-3	-61	default:stone	0
81	-3	-61	default:stone	0
82	-3	-61	default:stone	0
83	-3	-61	default:stone	0
84	-3	-61	default:stone	0
85	-3	-61	default:stone	0
86	-3	-61	default:stone	0
87	-3	-61	default:stone	0
57	-2	-61	default:stone	0
58	-2	-61	default:stone	0
59	-2	-61	default:stone	0
60	-2	-61	default:stone	0
61	-2	-61	default:stone	0
62	-2	-61	default:stone	0
63	-2	-61	default:stone	0
64	-2	-61	default:stone	0
65	-2	-61	default:stone	0
66	-2	-61	default:stone	0
67	-2	-61	default:stone	0
68	-2	-61	default:stone	0
69	-2	-61	default:stone	0
70	-2	-61	default:stone	0
71	-2	-61	default:stone	0
72	-2	-61	default:stone	0
73	-2	-61	default:stone	0
74	-2	-61	default:stone	0
75	-2	-61	default:stone	0
76	-2	-61	default:stone	0
77	-2	-61	default:stone	0
78	-2	-61	default:stone	0
79	-2	-61	default:stone	0
80	-2	-61	default:stone	0
81	-2	-61	default:stone	0
82	-2	-61	default:stone	0
83	-2	-61	default:stone	0
84	-2	-61	default:stone	0
85	-2	-61	default:stone	0
86	-2	-61	default:stone	0
87	-2	-61	default:stone	0
57	-1	-61	default:stone	0
58	-1	-61	default:stone	0
59	-1	-61	default:stone	0
60	-1	-61	default:stone	0
61	-1	-61	default:stone	0
62	-1	-61	default:stone	0
63	-1	-61	default:stone	0
64	-1	-61	default:stone	0
65	-1	-61	default:stone	0
66	-1	-61	default:stone	0
67	-1	-61	default:stone	0
68	-1	-61	default:stone	0
69	-1	-61	default:stone	0
70	-1	-61	default:stone	0
71	-1	-61	default:stone	0
72	-1	-61	default:stone	0
73	-1	-61	default:stone	0
74	-1	-61	default:stone	0
75	-1	-61	default:stone	0
76	-1	-61	default:stone	0
77	-1	-61	default:stone	0
78	-1	-61	default:stone	0
79	-1	-61	default:stone	0
80	-1	-61	default:stone	0
81	-1	-61	default:stone	0
82	-1	-61	default:stone	0
83	-1	-61	default:stone	0
84	-1	-61	default:stone	0
85	-1	-61	default:stone	0
86	-1	-61	default:stone	0
87	-1	-61	default:stone	0
57	0	-61	default:stone	0
58	0	-61	default:stone	0
59	0	-61	default:stone	0
60	0	-61	default:stone	0
61	0	-61	default:stone	0
62	0	-61	default:stone	0
63	0	-61	default:stone	0
64	0	-61	default:stone	0
65	0	-61	default:stone	0
66	0	-61	default:stone	0
67	0	-61	default:stone	0
68	0	-61	default:stone	0
69	0	-61	default:stone	0
70	0	-61	default:stone	0
71	0	-61	default:stone	0
72	0	-61	default:stone	0
73	0	-61	default:stone	0
74	0	-61	default:stone	0
75	0	-61	default:stone	0
76	0	-61	default:stone	0
77	0	-61	default:stone	0
78	0	-61	default:stone	0
79	0	-61	default:stone	0
80	0	-61	default:stone	0
81	0	-61	default:stone	0
82	0	-61	default:stone	0
83	0	-61	default:stone	0
84	0	-61	default:stone	0
85	0	-61	default:stone	0
86	0	-61	default:stone	0
87	0	-61	default:stone	0
57	1	-61	default:stone	0
58	1	-61	default:stone	0
59	1	-61	default:stone	0
60	1	-61	default:stone	0
61	1	-61	default:stone	0
62	1	-61	default:stone	0
63	1	-61	default:stone	0
64	1	-61	default:stone	0
65	1	-61	default:stone	0
66	1	-61	default:stone	0
67	1	-61	default:stone	0
68	1	-61	default:stone	0
69	1	-61	default:stone	0
70	1	-61	default:stone	0
71	1	-61	default:stone	0
72	1	-61	default:stone	0
73	1	-61	default:stone	0
68	2	-61	default:stone	0
69	2	-61	default:stone	0
70	2	-61	default:stone	0
71	2	-61	default:stone	0
72	2	-61	default:stone	0
73	2	-61	default:stone	0
57	-4	-60	default:stone	0
58	-4	-60	default:stone	0
59	-4	-60	default:stone	0
60	-4	-60	default:stone	0
61	-4	-60	default:stone	0
62	-4	-60	default:stone	0
63	-4	-60	default:stone	0
64	-4	-60	default:stone	0
65	-4	-60	default:stone	0
66	-4	-60	default:stone	0
67	-4	-60	default:stone	0
68	-4	-60	default:stone	0
69	-4	-60	default:stone	0
70	-4	-60	default:stone	0
71	-4	-60	default:stone	0
72	-4	-60	default:stone	0
73	-4	-60	default:stone	0
74	-4	-60	default:stone	0
75	-4	-60	default:stone	0
76	-4	-60	default:stone	0
77	-4	-60	default:stone	0
78	-4	-60	default:stone	0
79	-4	-60	default:stone	0
80	-4	-60	default:stone	0
81	-4	-60	default:stone	0
82	-4	-60	default:stone	0
83	-4	-60	default:stone	0
84	-4	-60	default:stone	0
85	-4	-60	default:stone	0
86	-4	-60	default:stone	0
87	-4	-60	default:stone	0
57	-3	-60	default:stone	0
58	-3	-60	default:stone	0
59	-3	-60	default:stone	0
60	-3	-60	default:stone	0
61	-3	-60	default:stone	0
62	-3	-60	default:stone	0
63	-3	-60	default:stone	0
64	-3	-60	default:stone	0
65	-3	-60	default:stone	0
66	-3	-60	default:stone	0
67	-3	-60	default:stone	0
68	-3	-60	default:stone	0
69	-3	-60	default:stone	0
70	-3	-60	default:stone	0
71	-3	-60	default:stone	0
72	-3	-60	default:stone	0
73	-3	-60	default:stone	0
74	-3	-60	default:stone	0
75	-3	-60	default:stone	0
76	-3	-60	default:stone	0
77	-3	-60	default:stone	0
78	-3	-60	default:stone	0
79	-3	-60	default:stone	0
80	-3	-60	default:stone	0
81	-3	-60	default:stone	0
82	-3	-60	default:stone	0
83	-3	-60	default:stone	0
84	-3	-60	default:stone	0
85	-3	-60	default:stone	0
86	-3	-60	default:stone	0
87	-3	-60	default:stone	0
57	-2	-60	default:stone	0
58	-2	-60	default:stone	0
59	-2	-60	default:stone	0
60	-2	-60	default:stone	0
61	-2	-60	default:stone	0
62	-2	-60	default:stone	0
63	-2	-60	default:stone	0
64	-2	-60	default:stone	0
65	-2	-60	default:stone	0
66	-2	-60	default:stone	0
67	-2	-60	default:stone	0
68	-2	-60	default:stone	0
69	-2	-60	default:stone	0
70	-2	-60	default:stone	0
71	-2	-60	default:stone	0
72	-2	-60	default:stone	0
73	-2	-60	default:stone	0
74	-2	-60	default:stone	0
75	-2	-60	default:stone	0
76	-2	-60	default:stone	0
77	-2	-60	default:stone	0
78	-2	-60	default:stone	0
79	-2	-60	default:stone	0
80	-2	-60	default:stone	0
81	-2	-60	default:stone	0
82	-2	-60	default:stone	0
83	-2	-60	default:stone	0
84	-2	-60	default:stone	0
85	-2	-60	default:stone	0
86	-2	-60	default:stone	0
87	-2	-60	default:stone	0
57	-1	-60	default:stone	0
58	-1	-60	default:stone	0
59	-1	-60	default:stone	0
60	-1	-60	default:stone	0
61	-1	-60	default:stone	0
62	-1	-60	default:stone	0
63	-1	-60	default:stone	0
64	-1	-60	default:stone	0
65	-1	-60	default:stone	0
66	-1	-60	default:stone	0
67	-1	-60	default:stone	0
68	-1	-60	default:stone	0
69	-1	-60	default:stone	0
70	-1	-60	default:stone	0
71	-1	-60	default:stone	0
72	-1	-60	default:stone	0
73	-1	-60	default:stone	0
74	-1	-60	default:stone	0
75	-1	-60	default:stone	0
76	-1	-60	default:stone	0
77	-1	-60	default:stone	0
78	-1	-60	default:stone	0
79	-1	-60	default:stone	0
80	-1	-60	default:stone	0
81	-1	-60	default:stone	0
82	-1	-60	default:stone	0
83	-1	-60	default:stone	0
84	-1	-60	default:stone	0
85	-1	-60	default:stone	0
86	-1	-60	default:stone	0
87	-1	-60	default:stone	0
57	0	-60	default:stone	0
58	0	-60	default:stone	0
59	0	-60	default:stone	0
60	0	-60	default:stone	0
61	0	-60	default:stone	0
62	0	-60	default:stone	0
63	0	-60	default:stone	0
64	0	-60	default:stone	0
65	0	-60	default:stone	0
66	0	-60	default:stone	0
67	0	-60	default:stone	0
68	0	-60	default:stone	0
69	0	-60	default:stone	0
70	0	-60	default:stone	0
71	0	-60	default:stone	0
72	0	-60	default:stone	0
73	0	-60	default:stone	0
74	0	-60	default:stone	0
75	0	-60	default:stone	0
76	0	-60	default:stone	0
77	0	-60	default:stone	0
78	0	-60	default:stone	0
79	0	-60	default:stone	0
80	0	-60	default:stone	0
81	0	-60	default:stone	0
82	0	-60	default:stone	0
83	0	-60	default:stone	0
84	0	-60	default:stone	0
85	0	-60	default:stone	0
86	0	-60	default:stone	0
87	0	-60	default:stone	0
57	1	-60	default:stone	0
58	1	-60	default:stone	0
59	1	-60	default:stone	0
60	1	-60	default:stone	0
61	1	-60	default:stone	0
62	1	-60	default:stone	0
63	1	-60	default:stone	0
64	1	-60	default:stone	0
65	1	-60	default:stone	0
66	1	-60	default:stone	0
67	1	-60	default:stone	0
68	1	-60	default:stone	0
69	1	-60	default:stone	0
70	1	-60	default:stone	0
71	1	-60	default:stone	0
72	1	-60	default:stone	0
73	1	-60	default:stone	0
68	2	-60	default:stone	0
69	2	-60	default:stone	0
70	2	-60	default:stone	0
71	2	-60	default:stone	0
72	2	-60	default:stone	0
73	2	-60	default:stone	0
57	-4	-59	default:stone	0
58	-4	-59	default:stone	0
59	-4	-59	default:stone	0
60	-4	-59	default:stone	0
61	-4	-59	default:stone	0
62	-4	-59	default:stone	0
63	-4	-59	default:stone	0
64	-4	-59	default:stone	0
65	-4	-59	default:stone	0
66	-4	-59	default:stone	0
67	-4	-59	default:stone	0
68	-4	-59	default:stone	0
69	-4	-59	default:stone	0
70	-4	-59	default:stone	0
71	-4	-59	default:stone	0
72	-4	-59	default:stone	0
73	-4	-59	default:stone	0
74	-4	-59	default:stone	0
75	-4	-59	default:stone	0
76	-4	-59	default:stone	0
77	-4	-59	default:stone	0
78	-4	-59	default:stone	0
79	-4	-59	default:stone	0
80	-4	-59	default:stone	0
81	-4	-59	default:stone	0
82	-4	-59	default:stone	0
83	-4	-59	default:stone	0
84	-4	-59	default:stone	0
85	-4	-59	default:stone	0
86	-4	-59	default:stone	0
87	-4	-59	default:stone	0
57	-3	-59	default:stone	0
58	-3	-59	default:stone	0
59	-3	-59	default:stone	0
60	-3	-59	default:stone	0
61	-3	-59	default:stone	0
62	-3	-59	default:stone	0
63	-3	-59	default:stone	0
64	-3	-59	default:stone	0
65	-3	-59	default:stone	0
66	-3	-59	default:stone	0
67	-3	-59	default:stone	0
68	-3	-59	default:stone	0
69	-3	-59	default:stone	0
70	-3	-59	default:stone	0
71	-3	-59	default:stone	0
72	-3	-59	default:stone	0
73	-3	-59	default:stone	0
74	-3	-59	default:stone	0
75	-3	-59	default:stone	0
76	-3	-59	default:stone	0
77	-3	-59	default:stone	0
78	-3	-59	default:stone	0
79	-3	-59	default:stone	0
80	-3	-59	default:stone	0
81	-3	-59	default:stone	0
82	-3	-59	default:stone	0
83	-3	-59	default:stone	0
84	-3	-59	default:stone	0
85	-3	-59	default:stone	0
86	-3	-59	default:stone	0
87	-3	-59	default:stone	0
57	-2	-59	default:stone	0
58	-2	-59	default:stone	0
59	-2	-59	default:stone	0
60	-2	-59	default:stone	0
61	-2	-59	default:stone	0
62	-2	-59	default:stone	0
63	-2	-59	default:stone	0
64	-2	-59	default:stone	0
65	-2	-59	default:stone	0
66	-2	-59	default:stone	0
67	-2	-59	default:stone	0
68	-2	-59	default:stone	0
69	-2	-59	default:stone	0
70	-2	-59	default:stone	0
71	-2	-59	default:stone	0
72	-2	-59	default:stone	0
73	-2	-59	default:stone	0
74	-2	-59	default:stone	0
75	-2	-59	default:stone	0
76	-2	-59	default:stone	0
77	-2	-59	default:stone	0
78	-2	-59	default:stone	0
79	-2	-59	default:stone	0
80	-2	-59	default:stone	0
81	-2	-59	default:stone	0
82	-2	-59	default:stone	0
83	-2	-59	default:stone	0
84	-2	-59	default:stone	0
85	-2	-59	default:stone	0
86	-2	-59	default:stone	0
87	-2	-59	default:stone	0
57	-1	-59	default:stone	0
58	-1	-59	default:stone	0
59	-1	-59	default:stone	0
60	-1	-59	default:stone	0
61	-1	-59	default:stone	0
62	-1	-59	default:stone	0
63	-1	-59	default:stone	0
64	-1	-59	default:stone	0
65	-1	-59	default:stone	0
66	-1	-59	default:stone	0
67	-1	-59	default:stone	0
68	-1	-59	default:stone	0
69	-1	-59	default:stone	0
70	-1	-59	default:stone	0
71	-1	-59	default:stone	0
72	-1	-59	default:stone	0
73	-1	-59	default:stone	0
74	-1	-59	default:stone	0
75	-1	-59	default:stone	0
76	-1	-59	default:stone	0
77	-1	-59	default:stone	0
78	-1	-59	default:stone	0
79	-1	-59	default:stone	0
80	-1	-59	default:stone	0
81	-1	-59	default:stone	0
82	-1	-59	default:stone	0
83	-1	-59	default:stone	0
84	-1	-59	default:stone	0
85	-1	-59	default:stone	0
86	-1	-59	default:stone	0
87	-1	-59	default:stone	0
57	0	-59	default:stone	0
58	0	-59	default:stone	0
59	0	-59	default:stone	0
60	0	-59	default:stone	0
61	0	-59	default:stone	0
62	0	-59	default:stone	0
63	0	-59	default:stone	0
64	0	-59	default:stone	0
65	0	-59	default:stone	0
66	0	-59	default:stone	0
67	0	-59	default:stone	0
68	0	-59	default:stone	0
69	0	-59	default:stone	0
70	0	-59	default:stone	0
71	0	-59	default:stone	0
72	0	-59	default:stone	0
73	0	-59	default:stone	0
74	0	-59	default:stone	0
75	0	-59	default:stone	0
76	0	-59	default:stone	0
77	0	-59	default:stone	0
78	0	-59	default:stone	0
79	0	-59	default:stone	0
80	0	-59	default:stone	0
81	0	-59	default:stone	0
82	0	-59	default:stone	0
83	0	-59	default:stone	0
84	0	-59	default:stone	0
85	0	-59	default:stone	0
86	0	-59	default:stone	0
87	0	-59	default:stone	0
59	1	-59	default:stone	0
60	1	-59	default:stone	0
61	1	-59	default:stone	0
62	1	-59	default:stone	0
63	1	-59	default:stone	0
64	1	-59	default:stone	0
65	1	-59	default:stone	0
66	1	-59	default:stone	0
67	1	-59	default:stone	0
68	1	-59	default:stone	0
69	1	-59	default:stone	0
70	1	-59	default:stone	0
71	1	-59	default:stone	0
72	1	-59	default:stone	0
73	1	-59	default:stone	0
68	2	-59	default:stone	0
69	2	-59	default:stone	0
70	2	-59	default:stone	0
71	2	-59	default:stone	0
72	2	-59	default:stone	0
73	2	-59	default:stone	0
57	-4	-58	default:stone	0
58	-4	-58	default:stone	0
59	-4	-58	default:stone	0
60	-4	-58	default:stone	0
61	-4	-58	default:stone	0
62	-4	-58	default:stone	0
63	-4	-58	default:stone	0
64	-4	-58	default:stone	0
65	-4	-58	default:stone	0
66	-4	-58	default:stone	0
67	-4	-58	default:stone	0
68	-4	-58	default:stone	0
69	-4	-58	default:stone	0
70	-4	-58	default:stone	0
71	-4	-58	default:stone	0
72	-4	-58	default:stone	0
73	-4	-58	default:stone	0
74	-4	-58	default:stone	0
75	-4	-58	default:stone	0
76	-4	-58	default:stone	0
77	-4	-58	default:stone	0
78	-4	-58	default:stone	0
79	-4	-58	default:stone	0
80	-4	-58	default:stone	0
81	-4	-58	default:stone	0
82	-4	-58	default:stone	0
83	-4	-58	default:stone	0
84	-4	-58	default:stone	0
85	-4	-58	default:stone	0
86	-4	-58	default:stone	0
87	-4	-58	default:stone	0
57	-3	-58	default:stone	0
58	-3	-58	default:stone	0
59	-3	-58	default:stone	0
60	-3	-58	default:stone	0
61	-3	-58	default:stone	0
62	-3	-58	default:stone	0
63	-3	-58	default:stone	0
64	-3	-58	default:stone	0
65	-3	-58	default:stone	0
66	-3	-58	default:stone	0
67	-3	-58	default:stone	0
68	-3	-58	default:stone	0
69	-3	-58	default:stone	0
70	-3	-58	default:stone	0
71	-3	-58	default:stone	0
72	-3	-58	default:stone	0
73	-3	-58	default:stone	0
74	-3	-58	default:stone	0
75	-3	-58	default:stone	0
76	-3	-58	default:stone	0
77	-3	-58	default:stone	0
78	-3	-58	default:stone	0
79	-3	-58	default:stone	0
80	-3	-58	default:stone	0
81	-3	-58	default:stone	0
82	-3	-58	default:stone	0
83	-3	-58	default:stone	0
84	-3	-58	default:stone	0
85	-3	-58	default:stone	0
86	-3	-58	default:stone	0
87	-3	-58	default:stone	0
57	-2	-58	default:stone	0
58	-2	-58	default:stone	0
59	-2	-58	default:stone	0
60	-2	-58	default:stone	0
61	-2	-58	default:stone	0
62	-2	-58	default:stone	0
63	-2	-58	default:stone	0
64	-2	-58	default:stone	0
65	-2	-58	default:stone	0
66	-2	-58	default:stone	0
67	-2	-58	default:stone	0
68	-2	-58	default:stone	0
69	-2	-58	default:stone	0
70	-2	-58	default:stone	0
71	-2	-58	default:stone	0
72	-2	-58	default:stone	0
73	-2	-58	default:stone	0
74	-2	-58	default:stone	0
75	-2	-58	default:stone	0
76	-2	-58	default:stone	0
77	-2	-58	default:stone	0
78	-2	-58	default:stone	0
79	-2	-58	default:stone	0
80	-2	-58	default:stone	0
81	-2	-58	default:stone	0
82	-2	-58	default:stone	0
83	-2	-58	default:stone	0
84	-2	-58	default:stone	0
85	-2	-58	default:stone	0
86	-2	-58	default:stone	0
87	-2	-58	default:stone	0
57	-1	-58	default:stone	0
58	-1	-58	default:stone	0
59	-1	-58	default:stone	0
60	-1	-58	default:stone	0
61	-1	-58	default:stone	0
62	-1	-58	default:stone	0
63	-1	-58	default:stone	0
64	-1	-58	default:stone	0
65	-1	-58	default:stone	0
66	-1	-58	default:stone	0
67	-1	-58	default:stone	0
68	-1	-58	default:stone	0
69	-1	-58	default:stone	0
70	-1	-58	default:stone	0
71	-1	-58	default:stone	0
72	-1	-58	default:stone	0
73	-1	-58	default:stone	0
74	-1	-58	default:stone	0
75	-1	-58	default:stone	0
76	-1	-58	default:stone	0
77	-1	-58	default:stone	0
78	-1	-58	default:stone	0
79	-1	-58	default:stone	0
80	-1	-58	default:stone	0
81	-1	-58	default:stone	0
82	-1	-58	default:stone	0
83	-1	-58	default:stone	0
84	-1	-58	default:stone	0
85	-1	-58	default:stone	0
86	-1	-58	default:stone	0
87	-1	-58	default:stone	0
57	0	-58	default:stone	0
58	0	-58	default:stone	0
59	0	-58	default:stone	0
60	0	-58	default:stone	0
61	0	-58	default:stone	0
62	0	-58	default:stone	0
63	0	-58	default:stone	0
64	0	-58	default:stone	0
65	0	-58	default:stone	0
66	0	-58	default:stone	0
67	0	-58	default:stone	0
68	0	-58	default:stone	0
69	0	-58	default:stone	0
70	0	-58	default:stone	0
71	0	-58	default:stone	0
72	0	-58	default:stone	0
73	0	-58	default:stone	0
74	0	-58	default:stone	0
75	0	-58	default:stone	0
76	0	-58	default:stone	0
77	0	-58	default:stone	0
78	0	-58	default:stone	0
79	0	-58	default:stone	0
80	0	-58	default:stone	0
81	0	-58	default:stone	0
82	0	-58	default:stone	0
83	0	-58	default:stone	0
84	0	-58	default:stone	0
85	0	-58	default:stone	0
86	0	-58	default:stone	0
87	0	-58	default:stone	0
59	1	-58	default:stone	0
60	1	-58	default:stone	0
61	1	-58	default:stone	0
62	1	-58	default:stone	0
63	1	-58	default:stone	0
64	1	-58	default:stone	0
65	1	-58	default:stone	0
66	1	-58	default:stone	0
67	1	-58	default:stone	0
68	1	-58	default:stone	0
69	1	-58	default:stone	0
70	1	-58	default:stone	0
71	1	-58	default:stone	0
72	1	-58	default:stone	0
73	1	-58	default:stone	0
84	1	-58	default:stone	0
85	1	-58	default:stone	0
86	1	-58	default:stone	0
87	1	-58	default:stone	0
68	2	-58	default:stone	0
69	2	-58	default:stone	0
70	2	-58	default:stone	0
71	2	-58	default:stone	0
72	2	-58	default:stone	0
73	2	-58	default:stone	0
84	2	-58	default:stone	0
85	2	-58	default:stone	0
86	2	-58	default:stone	0
87	2	-58	default:stone	0
57	-4	-57	default:stone	0
58	-4	-57	default:stone	0
59	-4	-57	default:stone	0
60	-4	-57	default:stone	0
61	-4	-57	default:stone	0
62	-4	-57	default:stone	0
63	-4	-57	default:stone	0
64	-4	-57	default:stone	0
65	-4	-57	default:stone	0
66	-4	-57	default:stone	0
67	-4	-57	default:stone	0
68	-4	-57	default:stone	0
69	-4	-57	default:stone	0
70	-4	-57	default:stone	0
71	-4	-57	default:stone	0
72	-4	-57	default:stone	0
73	-4	-57	default:stone	0
74	-4	-57	default:stone	0
75	-4	-57	default:stone	0
76	-4	-57	default:stone	0
77	-4	-57	default:stone	0
78	-4	-57	default:stone	0
79	-4	-57	default:stone	0
80	-4	-57	default:stone	0
81	-4	-57	default:stone	0
82	-4	-57	default:stone	0
83	-4	-57	default:stone	0
84	-4	-57	default:stone	0
85	-4	-57	default:stone	0
86	-4	-57	default:stone	0
87	-4	-57	default:stone	0
57	-3	-57	default:stone	0
58	-3	-57	default:stone	0
59	-3	-57	default:stone	0
60	-3	-57	default:stone	0
61	-3	-57	default:stone	0
62	-3	-57	default:stone	0
63	-3	-57	default:stone	0
64	-3	-57	default:stone	0
65	-3	-57	default:stone	0
66	-3	-57	default:stone	0
67	-3	-57	default:stone	0
68	-3	-57	default:stone	0
69	-3	-57	default:stone	0
70	-3	-57	default:stone	0
71	-3	-57	default:stone	0
72	-3	-57	default:stone	0
73	-3	-57	default:stone	0
74	-3	-57	default:stone	0
75	-3	-57	default:stone	0
76	-3	-57	default:stone	0
77	-3	-57	default:stone	0
78	-3	-57	default:stone	0
79	-3	-57	default:stone	0
80	-3	-57	default:stone	0
81	-3	-57	default:stone	0
82	-3	-57	default:stone	0
83	-3	-57	default:stone	0
84	-3	-57	default:stone	0
85	-3	-57	default:stone	0
86	-3	-57	default:stone	0
87	-3	-57	default:stone	0
57	-2	-57	default:stone	0
58	-2	-57	default:stone	0
59	-2	-57	default:stone	0
60	-2	-57	default:stone	0
61	-2	-57	default:stone	0
62	-2	-57	default:stone	0
63	-2	-57	default:stone	0
64	-2	-57	default:stone	0
65	-2	-57	default:stone	0
66	-2	-57	default:stone	0
67	-2	-57	default:stone	0
68	-2	-57	default:stone	0
69	-2	-57	default:stone	0
70	-2	-57	default:stone	0
71	-2	-57	default:stone	0
72	-2	-57	default:stone	0
73	-2	-57	default:stone	0
74	-2	-57	default:stone	0
75	-2	-57	default:stone	0
76	-2	-57	default:stone	0
77	-2	-57	default:stone	0
78	-2	-57	default:stone	0
79	-2	-57	default:stone	0
80	-2	-57	default:stone	0
81	-2	-57	default:stone	0
82	-2	-57	default:stone	0
83	-2	-57	default:stone	0
84	-2	-57	default:stone	0
85	-2	-57	default:stone	0
86	-2	-57	default:stone	0
87	-2	-57	default:stone	0
57	-1	-57	default:stone	0
58	-1	-57	default:stone	0
59	-1	-57	default:stone	0
60	-1	-57	default:stone	0
61	-1	-57	default:stone	0
62	-1	-57	default:stone	0
63	-1	-57	default:stone	0
64	-1	-57	default:stone	0
65	-1	-57	default:stone	0
66	-1	-57	default:stone	0
67	-1	-57	default:stone	0
68	-1	-57	default:stone	0
69	-1	-57	default:stone	0
70	-1	-57	default:stone	0
71	-1	-57	default:stone	0
72	-1	-57	default:stone	0
73	-1	-57	default:stone	0
74	-1	-57	default:stone	0
75	-1	-57	default:stone	0
76	-1	-57	default:stone	0
77	-1	-57	default:stone	0
78	-1	-57	default:stone	0
79	-1	-57	default:stone	0
80	-1	-57	default:stone	0
81	-1	-57	default:stone	0
82	-1	-57	default:stone	0
83	-1	-57	default:stone	0
84	-1	-57	default:stone	0
85	-1	-57	default:stone	0
86	-1	-57	default:stone	0
87	-1	-57	default:stone	0
57	0	-57	default:stone	0
58	0	-57	default:stone	0
59	0	-57	default:stone	0
60	0	-57	default:stone	0
61	0	-57	default:stone	0
62	0	-57	default:stone	0
63	0	-57	default:stone	0
64	0	-57	default:stone	0
65	0	-57	default:stone	0
66	0	-57	default:stone	0
67	0	-57	default:stone	0
68	0	-57	default:stone	0
69	0	-57	default:stone	0
70	0	-57	default:stone	0
71	0	-57	default:stone	0
72	0	-57	default:stone	0
73	0	-57	default:stone	0
74	0	-57	default:stone	0
75	0	-57	default:stone	0
76	0	-57	default:stone	0
77	0	-57	default:stone	0
78	0	-57	default:stone	0
79	0	-57	default:stone	0
80	0	-57	default:stone	0
81	0	-57	default:stone	0
82	0	-57	default:stone	0
83	0	-57	default:stone	0
84	0	-57	default:stone	0
85	0	-57	default:stone	0
86	0	-57	default:stone	0
87	0	-57	default:stone	0
59	1	-57	default:stone	0
60	1	-57	default:stone	0
61	1	-57	default:stone	0
62	1	-57	default:stone	0
63	1	-57	default:stone	0
64	1	-57	default:stone	0
65	1	-57	default:stone	0
66	1	-57	default:stone	0
67	1	-57	default:stone	0
68	1	-57	default:stone	0
69	1	-57	default:stone	0
70	1	-57	default:stone	0
71	1	-57	default:stone	0
72	1	-57	default:stone	0
73	1	-57	default:stone	0
78	1	-57	default:stone	0
79	1	-57	default:stone	0
80	1	-57	default:stone	0
81	1	-57	default:stone	0
82	1	-57	default:stone	0
83	1	-57	default:stone	0
84	1	-57	default:stone	0
85	1	-57	default:stone	0
86	1	-57	default:stone	0
87	1	-57	default:stone	0
68	2	-57	default:stone	0
69	2	-57	default:stone	0
70	2	-57	default:stone	0
71	2	-57	default:stone	0
72	2	-57	default:stone	0
73	2	-57	default:stone	0
78	2	-57	default:stone	0
79	2	-57	default:stone	0
80	2	-57	default:stone	0
81	2	-57	default:stone	0
82	2	-57	default:stone	0
83	2	-57	default:stone	0
84	2	-57	default:stone	0
85	2	-57	default:stone	0
86	2	-57	default:stone	0
87	2	-57	default:stone	0
